.syntax unified
	.align 2, 0
	.global func_08066DC0
	.thumb
	.thumb_func
	.type func_08066DC0, %function
func_08066DC0: @ 08066DC0
	push {r4, r5, r6, r7, lr}
	mov r7, r10
	mov r6, r9
	mov r5, r8
	push {r5, r6, r7}
	add sp, #-0x010
	adds r4, r0, #0x0
	adds r5, r2, #0x0
	mov r10, r3
	ldr r2, [sp, #0x034]
	ldr r3, [sp, #0x038]
	lsls r4, r4, #0x10
	lsrs r7, r4, #0x10
	lsls r1, r1, #0x10
	lsrs r1, r1, #0x10
	lsls r2, r2, #0x10
	lsrs r2, r2, #0x10
	mov r9, r2
	lsls r3, r3, #0x18
	lsrs r6, r3, #0x18
	movs r4, #0x00
	cmp r4, r6
	bcs _08066E2A
	lsls r0, r7, #0x10
	asrs r0, r0, #0x10
	mov r8, r0
	lsls r7, r1, #0x10
_08066DF6:
	lsls r0, r4, #0x03
	add r0, r8
	lsls r0, r0, #0x10
	asrs r0, r0, #0x10
	ldrh r1, [r5, #0x00]
	lsls r1, r1, #0x02
	ldr r2, _08066E3C @ =0x09EEC538
	adds r1, r1, r2
	ldr r2, [r1, #0x00]
	ldr r1, [sp, #0x030]
	str r1, [sp, #0x000]
	movs r1, #0x00
	str r1, [sp, #0x004]
	str r1, [sp, #0x008]
	mov r1, r9
	str r1, [sp, #0x00C]
	asrs r1, r7, #0x10
	mov r3, r10
	bl DrawSprite
	adds r5, #0x02
	adds r1, r4, #0x1
	lsls r1, r1, #0x18
	lsrs r4, r1, #0x18
	cmp r4, r6
	bcc _08066DF6
_08066E2A:
	add sp, #0x010
	pop {r3, r4, r5}
	mov r8, r3
	mov r9, r4
	mov r10, r5
	pop {r4, r5, r6, r7}
	pop {r1}
	bx r1
	.byte 0x00, 0x00
_08066E3C: .4byte 0x09EEC538
	.byte 0x30, 0xB5, 0x0B, 0x1C, 0x00, 0x04, 0x04, 0x0C, 0xFF, 0x21, 0x09, 0x02, 0x21, 0x40, 0x8F, 0x20
	.byte 0x00, 0x02, 0x81, 0x42, 0x01, 0xD1, 0x02, 0xF0, 0xBF, 0xF8, 0x81, 0x42, 0x43, 0xDC, 0x89, 0x20
	.byte 0x00, 0x02, 0x81, 0x42, 0x00, 0xD1, 0x20, 0xE2, 0x81, 0x42, 0x18, 0xDC, 0x83, 0x20, 0x00, 0x02
	.byte 0x81, 0x42, 0x00, 0xD1, 0xB2, 0xE0, 0x81, 0x42, 0x05, 0xDC, 0x82, 0x20, 0x00, 0x02, 0x81, 0x42
	.byte 0x7B, 0xD0, 0x04, 0xF0, 0xBD, 0xFD, 0x87, 0x20, 0x00, 0x02, 0x81, 0x42, 0x00, 0xD1, 0xC1, 0xE0
	.byte 0x88, 0x20, 0x00, 0x02, 0x81, 0x42, 0x00, 0xD1, 0xCE, 0xE0, 0x04, 0xF0, 0xB1, 0xFD, 0x8C, 0x20
	.byte 0x00, 0x02, 0x81, 0x42, 0x01, 0xD1, 0x01, 0xF0, 0x44, 0xF9, 0x81, 0x42, 0x0D, 0xDC, 0x8A, 0x20
	.byte 0x00, 0x02, 0x81, 0x42, 0x01, 0xD1, 0x00, 0xF0, 0x60, 0xFC, 0x8B, 0x20, 0x00, 0x02, 0x81, 0x42
	.byte 0x01, 0xD1, 0x00, 0xF0, 0x86, 0xFE, 0x04, 0xF0, 0x9B, 0xFD, 0x8D, 0x20, 0x00, 0x02, 0x81, 0x42
	.byte 0x01, 0xD1, 0x01, 0xF0, 0xB4, 0xFB, 0x8E, 0x20, 0x00, 0x02, 0x81, 0x42, 0x01, 0xD1, 0x01, 0xF0
	.byte 0xE6, 0xFD, 0x04, 0xF0, 0x8D, 0xFD, 0x94, 0x20, 0x00, 0x02, 0x81, 0x42, 0x01, 0xD1, 0x03, 0xF0
	.byte 0x09, 0xFC, 0x81, 0x42, 0x1D, 0xDC, 0x91, 0x20, 0x00, 0x02, 0x81, 0x42, 0x01, 0xD1, 0x02, 0xF0
	.byte 0x08, 0xFD, 0x81, 0x42, 0x07, 0xDC, 0x90, 0x20, 0x00, 0x02, 0x81, 0x42, 0x01, 0xD1, 0x02, 0xF0
	.byte 0x9E, 0xFA, 0x04, 0xF0, 0x75, 0xFD, 0x92, 0x20, 0x00, 0x02, 0x81, 0x42, 0x01, 0xD1, 0x02, 0xF0
	.byte 0x5B, 0xFF, 0x93, 0x20, 0x00, 0x02, 0x81, 0x42, 0x01, 0xD1, 0x03, 0xF0, 0x94, 0xF9, 0x04, 0xF0
	.byte 0x67, 0xFD, 0x97, 0x20, 0x00, 0x02, 0x81, 0x42, 0x01, 0xD1, 0x04, 0xF0, 0xB9, 0xFA, 0x81, 0x42
	.byte 0x0D, 0xDC, 0x95, 0x20, 0x00, 0x02, 0x81, 0x42, 0x01, 0xD1, 0x03, 0xF0, 0x2A, 0xFE, 0x96, 0x20
	.byte 0x00, 0x02, 0x81, 0x42, 0x01, 0xD1, 0x04, 0xF0, 0x71, 0xF8, 0x04, 0xF0, 0x51, 0xFD, 0x98, 0x20
	.byte 0x00, 0x02, 0x81, 0x42, 0x01, 0xD1, 0x04, 0xF0, 0xA9, 0xFC, 0x9C, 0x20, 0x00, 0x02, 0x81, 0x42
	.byte 0x01, 0xD1, 0x04, 0xF0, 0x3D, 0xFD, 0x04, 0xF0, 0x43, 0xFD, 0xFF, 0x21, 0x21, 0x40, 0x08, 0x1C
	.byte 0x60, 0x38, 0x00, 0x04, 0x00, 0x0C, 0x19, 0x28, 0x02, 0xD8, 0x10, 0x4D, 0x60, 0x19, 0x18, 0x80
	.byte 0x08, 0x1C, 0x81, 0x38, 0x00, 0x04, 0x00, 0x0C, 0x19, 0x28, 0x02, 0xD8, 0x0C, 0x4D, 0x60, 0x19
	.byte 0x18, 0x80, 0x08, 0x1C, 0x4F, 0x38, 0x00, 0x04, 0x00, 0x0C, 0x09, 0x28, 0x02, 0xD8, 0x09, 0x4D
	.byte 0x60, 0x19, 0x18, 0x80, 0x08, 0x1C, 0x9F, 0x38, 0x00, 0x04, 0x00, 0x0C, 0x52, 0x28, 0x02, 0xD8
	.byte 0x05, 0x49, 0x60, 0x18, 0x18, 0x80, 0x00, 0x20, 0x04, 0xF0, 0x1C, 0xFD, 0xAB, 0x7D, 0x00, 0x00
	.byte 0xA4, 0x7D, 0x00, 0x00, 0xB2, 0x7D, 0x00, 0x00, 0xA0, 0x7D, 0x00, 0x00, 0xFF, 0x21, 0x21, 0x40
	.byte 0x08, 0x1C, 0x40, 0x38, 0x00, 0x04, 0x00, 0x0C, 0x3E, 0x28, 0x02, 0xD8, 0x07, 0x4D, 0x60, 0x19
	.byte 0x18, 0x80, 0x08, 0x1C, 0x80, 0x38, 0x00, 0x04, 0x00, 0x0C, 0x14, 0x28, 0x02, 0xD8, 0x04, 0x49
	.byte 0x60, 0x18, 0x18, 0x80, 0x00, 0x20, 0x04, 0xF0, 0xFD, 0xFC, 0x00, 0x00, 0x52, 0x7D, 0x00, 0x00
	.byte 0x51, 0x7D, 0x00, 0x00, 0xFF, 0x20, 0x20, 0x40, 0x56, 0x28, 0x03, 0xD0, 0x5D, 0x28, 0x06, 0xD0
	.byte 0x04, 0xF0, 0xEE, 0xFC, 0x8F, 0x20, 0x18, 0x80, 0x00, 0x20, 0x04, 0xF0, 0xEB, 0xFC, 0x8E, 0x20
	.byte 0x18, 0x80, 0x00, 0x20, 0x04, 0xF0, 0xE6, 0xFC, 0xFF, 0x20, 0x20, 0x40, 0xA3, 0x38, 0x56, 0x28
	.byte 0x01, 0xD9, 0x04, 0xF0, 0xDD, 0xFC, 0x80, 0x00, 0x01, 0x49, 0x40, 0x18, 0x00, 0x68, 0x87, 0x46
	.byte 0x54, 0x70, 0x06, 0x08, 0x5A, 0x72, 0x06, 0x08, 0x50, 0x72, 0x06, 0x08, 0x00, 0xBA, 0x06, 0x08
	.byte 0x00, 0xBA, 0x06, 0x08, 0x00, 0xBA, 0x06, 0x08, 0x00, 0xBA, 0x06, 0x08, 0x00, 0xBA, 0x06, 0x08
	.byte 0x00, 0xBA, 0x06, 0x08, 0xF6, 0x71, 0x06, 0x08, 0x6E, 0x72, 0x06, 0x08, 0x00, 0xBA, 0x06, 0x08
	.byte 0x00, 0xBA, 0x06, 0x08, 0x00, 0xBA, 0x06, 0x08, 0x00, 0xBA, 0x06, 0x08, 0x00, 0xBA, 0x06, 0x08
	.byte 0x00, 0xBA, 0x06, 0x08, 0x00, 0xBA, 0x06, 0x08, 0x00, 0xBA, 0x06, 0x08, 0x0A, 0x72, 0x06, 0x08
	.byte 0x00, 0xBA, 0x06, 0x08, 0x00, 0xBA, 0x06, 0x08, 0x00, 0xBA, 0x06, 0x08, 0x00, 0xBA, 0x06, 0x08
	.byte 0x00, 0xBA, 0x06, 0x08, 0x00, 0xBA, 0x06, 0x08, 0x00, 0xBA, 0x06, 0x08, 0x00, 0xBA, 0x06, 0x08
	.byte 0x00, 0xBA, 0x06, 0x08, 0x00, 0xBA, 0x06, 0x08, 0x1E, 0x72, 0x06, 0x08, 0x00, 0xBA, 0x06, 0x08
	.byte 0x00, 0xBA, 0x06, 0x08, 0xBA, 0x71, 0x06, 0x08, 0x64, 0x72, 0x06, 0x08, 0xB0, 0x71, 0x06, 0x08
	.byte 0x00, 0xBA, 0x06, 0x08, 0x00, 0xBA, 0x06, 0x08, 0xEC, 0x71, 0x06, 0x08, 0x00, 0xBA, 0x06, 0x08
	.byte 0x96, 0x72, 0x06, 0x08, 0x00, 0xBA, 0x06, 0x08, 0x00, 0xBA, 0x06, 0x08, 0x28, 0x72, 0x06, 0x08
	.byte 0x00, 0xBA, 0x06, 0x08, 0x00, 0xBA, 0x06, 0x08, 0xA0, 0x72, 0x06, 0x08, 0x00, 0xBA, 0x06, 0x08
	.byte 0x00, 0xBA, 0x06, 0x08, 0x14, 0x72, 0x06, 0x08, 0x00, 0xBA, 0x06, 0x08, 0x00, 0xBA, 0x06, 0x08
	.byte 0x00, 0xBA, 0x06, 0x08, 0x00, 0xBA, 0x06, 0x08, 0x00, 0xBA, 0x06, 0x08, 0x8C, 0x72, 0x06, 0x08
	.byte 0x82, 0x72, 0x06, 0x08, 0x00, 0xBA, 0x06, 0x08, 0x00, 0xBA, 0x06, 0x08, 0x00, 0xBA, 0x06, 0x08
	.byte 0x00, 0xBA, 0x06, 0x08, 0x78, 0x72, 0x06, 0x08, 0x00, 0xBA, 0x06, 0x08, 0xE2, 0x71, 0x06, 0x08
	.byte 0x00, 0xBA, 0x06, 0x08, 0x00, 0xBA, 0x06, 0x08, 0x00, 0xBA, 0x06, 0x08, 0x00, 0xBA, 0x06, 0x08
	.byte 0x00, 0xBA, 0x06, 0x08, 0x32, 0x72, 0x06, 0x08, 0x00, 0xBA, 0x06, 0x08, 0x00, 0xBA, 0x06, 0x08
	.byte 0xCE, 0x71, 0x06, 0x08, 0x00, 0xBA, 0x06, 0x08, 0x00, 0xBA, 0x06, 0x08, 0x00, 0xBA, 0x06, 0x08
	.byte 0x00, 0xBA, 0x06, 0x08, 0x00, 0xBA, 0x06, 0x08, 0x00, 0xBA, 0x06, 0x08, 0x00, 0xBA, 0x06, 0x08
	.byte 0x00, 0xBA, 0x06, 0x08, 0xC4, 0x71, 0x06, 0x08, 0x00, 0xBA, 0x06, 0x08, 0x46, 0x72, 0x06, 0x08
	.byte 0x00, 0x72, 0x06, 0x08, 0x00, 0xBA, 0x06, 0x08, 0x3C, 0x72, 0x06, 0x08, 0xD8, 0x71, 0x06, 0x08
	.byte 0x09, 0x20, 0x18, 0x80, 0x01, 0x20, 0x04, 0xF0, 0x25, 0xFC, 0x54, 0x20, 0x18, 0x80, 0x01, 0x20
	.byte 0x04, 0xF0, 0x20, 0xFC, 0x56, 0x20, 0x18, 0x80, 0x01, 0x20, 0x04, 0xF0, 0x1B, 0xFC, 0x68, 0x20
	.byte 0x18, 0x80, 0x01, 0x20, 0x04, 0xF0, 0x16, 0xFC, 0x99, 0x20, 0x18, 0x80, 0x01, 0x20, 0x04, 0xF0
	.byte 0x11, 0xFC, 0xB3, 0x20, 0x18, 0x80, 0x01, 0x20, 0x04, 0xF0, 0x0C, 0xFC, 0xB6, 0x20, 0x18, 0x80
	.byte 0x01, 0x20, 0x04, 0xF0, 0x07, 0xFC, 0xD0, 0x20, 0x18, 0x80, 0x01, 0x20, 0x04, 0xF0, 0x02, 0xFC
	.byte 0xF7, 0x20, 0x18, 0x80, 0x01, 0x20, 0x04, 0xF0, 0xFD, 0xFB, 0xFA, 0x20, 0x18, 0x80, 0x01, 0x20
	.byte 0x04, 0xF0, 0xF8, 0xFB, 0x03, 0x20, 0x18, 0x80, 0x02, 0x20, 0x04, 0xF0, 0xF3, 0xFB, 0x11, 0x20
	.byte 0x18, 0x80, 0x02, 0x20, 0x04, 0xF0, 0xEE, 0xFB, 0x39, 0x20, 0x18, 0x80, 0x02, 0x20, 0x04, 0xF0
	.byte 0xE9, 0xFB, 0x69, 0x20, 0x18, 0x80, 0x02, 0x20, 0x04, 0xF0, 0xE4, 0xFB, 0xA4, 0x20, 0x18, 0x80
	.byte 0x02, 0x20, 0x04, 0xF0, 0xDF, 0xFB, 0xB8, 0x20, 0x18, 0x80, 0x02, 0x20, 0x04, 0xF0, 0xDA, 0xFB
	.byte 0xC0, 0x20, 0x18, 0x80, 0x02, 0x20, 0x04, 0xF0, 0xD5, 0xFB, 0xCF, 0x20, 0x18, 0x80, 0x02, 0x20
	.byte 0x04, 0xF0, 0xD0, 0xFB, 0x3F, 0x20, 0x18, 0x80, 0x03, 0x20, 0x04, 0xF0, 0xCB, 0xFB, 0x4E, 0x20
	.byte 0x18, 0x80, 0x03, 0x20, 0x04, 0xF0, 0xC6, 0xFB, 0x66, 0x20, 0x18, 0x80, 0x03, 0x20, 0x04, 0xF0
	.byte 0xC1, 0xFB, 0x76, 0x20, 0x18, 0x80, 0x03, 0x20, 0x04, 0xF0, 0xBC, 0xFB, 0x87, 0x20, 0x18, 0x80
	.byte 0x03, 0x20, 0x04, 0xF0, 0xB7, 0xFB, 0x88, 0x20, 0x18, 0x80, 0x03, 0x20, 0x04, 0xF0, 0xB2, 0xFB
	.byte 0xBB, 0x20, 0x18, 0x80, 0x03, 0x20, 0x04, 0xF0, 0xAD, 0xFB, 0xFF, 0x20, 0x20, 0x40, 0x41, 0x38
	.byte 0xBB, 0x28, 0x01, 0xD9, 0x04, 0xF0, 0xA4, 0xFB, 0x80, 0x00, 0x02, 0x49, 0x40, 0x18, 0x00, 0x68
	.byte 0x87, 0x46, 0x00, 0x00, 0xC8, 0x72, 0x06, 0x08, 0x0C, 0x77, 0x06, 0x08, 0x30, 0x76, 0x06, 0x08
	.byte 0x00, 0xBA, 0x06, 0x08, 0x00, 0xBA, 0x06, 0x08, 0x2A, 0x77, 0x06, 0x08, 0x00, 0xBA, 0x06, 0x08
	.byte 0x00, 0xBA, 0x06, 0x08, 0x00, 0xBA, 0x06, 0x08, 0x00, 0xBA, 0x06, 0x08, 0x00, 0xBA, 0x06, 0x08
	.byte 0x00, 0xBA, 0x06, 0x08, 0x00, 0xBA, 0x06, 0x08, 0x00, 0xBA, 0x06, 0x08, 0x00, 0xBA, 0x06, 0x08
	.byte 0x00, 0xBA, 0x06, 0x08, 0x00, 0xBA, 0x06, 0x08, 0x00, 0xBA, 0x06, 0x08, 0x08, 0x76, 0x06, 0x08
	.byte 0x00, 0xBA, 0x06, 0x08, 0x00, 0xBA, 0x06, 0x08, 0x00, 0xBA, 0x06, 0x08, 0x00, 0xBA, 0x06, 0x08
	.byte 0x00, 0xBA, 0x06, 0x08, 0x00, 0xBA, 0x06, 0x08, 0x00, 0xBA, 0x06, 0x08, 0x00, 0xBA, 0x06, 0x08
	.byte 0x00, 0xBA, 0x06, 0x08, 0x00, 0xBA, 0x06, 0x08, 0x00, 0xBA, 0x06, 0x08, 0x26, 0x76, 0x06, 0x08
	.byte 0x00, 0xBA, 0x06, 0x08, 0x00, 0xBA, 0x06, 0x08, 0x00, 0xBA, 0x06, 0x08, 0x00, 0xBA, 0x06, 0x08
	.byte 0x00, 0xBA, 0x06, 0x08, 0x00, 0xBA, 0x06, 0x08, 0xEE, 0x76, 0x06, 0x08, 0x00, 0xBA, 0x06, 0x08
	.byte 0x00, 0xBA, 0x06, 0x08, 0x00, 0xBA, 0x06, 0x08, 0xE0, 0x75, 0x06, 0x08, 0x8A, 0x76, 0x06, 0x08
	.byte 0x00, 0xBA, 0x06, 0x08, 0x00, 0xBA, 0x06, 0x08, 0x00, 0xBA, 0x06, 0x08, 0x00, 0xBA, 0x06, 0x08
	.byte 0x00, 0xBA, 0x06, 0x08, 0xBC, 0x76, 0x06, 0x08, 0x00, 0xBA, 0x06, 0x08, 0x00, 0xBA, 0x06, 0x08
	.byte 0x00, 0xBA, 0x06, 0x08, 0x00, 0xBA, 0x06, 0x08, 0x00, 0xBA, 0x06, 0x08, 0x00, 0xBA, 0x06, 0x08
	.byte 0x00, 0xBA, 0x06, 0x08, 0x00, 0xBA, 0x06, 0x08, 0x00, 0xBA, 0x06, 0x08, 0xF8, 0x76, 0x06, 0x08
	.byte 0x00, 0xBA, 0x06, 0x08, 0x00, 0xBA, 0x06, 0x08, 0x00, 0xBA, 0x06, 0x08, 0x00, 0xBA, 0x06, 0x08
	.byte 0x00, 0xBA, 0x06, 0x08, 0x00, 0xBA, 0x06, 0x08, 0x00, 0xBA, 0x06, 0x08, 0x00, 0xBA, 0x06, 0x08
	.byte 0x00, 0xBA, 0x06, 0x08, 0x00, 0xBA, 0x06, 0x08, 0x00, 0xBA, 0x06, 0x08, 0x00, 0xBA, 0x06, 0x08
	.byte 0x00, 0xBA, 0x06, 0x08, 0x00, 0xBA, 0x06, 0x08, 0x00, 0xBA, 0x06, 0x08, 0x5C, 0x77, 0x06, 0x08
	.byte 0x00, 0xBA, 0x06, 0x08, 0x00, 0xBA, 0x06, 0x08, 0x00, 0xBA, 0x06, 0x08, 0x00, 0xBA, 0x06, 0x08
	.byte 0x16, 0x77, 0x06, 0x08, 0x00, 0xBA, 0x06, 0x08, 0x00, 0xBA, 0x06, 0x08, 0x00, 0xBA, 0x06, 0x08
	.byte 0xEA, 0x75, 0x06, 0x08, 0x00, 0xBA, 0x06, 0x08, 0x00, 0xBA, 0x06, 0x08, 0x00, 0xBA, 0x06, 0x08
	.byte 0x00, 0xBA, 0x06, 0x08, 0x58, 0x76, 0x06, 0x08, 0x00, 0xBA, 0x06, 0x08, 0x00, 0xBA, 0x06, 0x08
	.byte 0x00, 0xBA, 0x06, 0x08, 0xB8, 0x75, 0x06, 0x08, 0x00, 0xBA, 0x06, 0x08, 0x20, 0x77, 0x06, 0x08
	.byte 0x3E, 0x77, 0x06, 0x08, 0x00, 0xBA, 0x06, 0x08, 0x00, 0xBA, 0x06, 0x08, 0x00, 0xBA, 0x06, 0x08
	.byte 0x00, 0xBA, 0x06, 0x08, 0xD6, 0x75, 0x06, 0x08, 0x00, 0xBA, 0x06, 0x08, 0x00, 0xBA, 0x06, 0x08
	.byte 0x00, 0xBA, 0x06, 0x08, 0x00, 0xBA, 0x06, 0x08, 0x00, 0xBA, 0x06, 0x08, 0x00, 0xBA, 0x06, 0x08
	.byte 0x00, 0xBA, 0x06, 0x08, 0x00, 0xBA, 0x06, 0x08, 0x00, 0xBA, 0x06, 0x08, 0xA8, 0x76, 0x06, 0x08
	.byte 0xC2, 0x75, 0x06, 0x08, 0x00, 0xBA, 0x06, 0x08, 0x00, 0xBA, 0x06, 0x08, 0x00, 0xBA, 0x06, 0x08
	.byte 0x00, 0xBA, 0x06, 0x08, 0x12, 0x76, 0x06, 0x08, 0x00, 0xBA, 0x06, 0x08, 0x00, 0xBA, 0x06, 0x08
	.byte 0x00, 0xBA, 0x06, 0x08, 0x00, 0xBA, 0x06, 0x08, 0x9E, 0x76, 0x06, 0x08, 0x4E, 0x76, 0x06, 0x08
	.byte 0x3A, 0x76, 0x06, 0x08, 0x62, 0x76, 0x06, 0x08, 0xCC, 0x75, 0x06, 0x08, 0x00, 0xBA, 0x06, 0x08
	.byte 0xE4, 0x76, 0x06, 0x08, 0x00, 0xBA, 0x06, 0x08, 0xB2, 0x76, 0x06, 0x08, 0x52, 0x77, 0x06, 0x08
	.byte 0x00, 0xBA, 0x06, 0x08, 0x00, 0xBA, 0x06, 0x08, 0x00, 0xBA, 0x06, 0x08, 0x1C, 0x76, 0x06, 0x08
	.byte 0x00, 0xBA, 0x06, 0x08, 0x02, 0x77, 0x06, 0x08, 0x00, 0xBA, 0x06, 0x08, 0x80, 0x76, 0x06, 0x08
	.byte 0x00, 0xBA, 0x06, 0x08, 0x00, 0xBA, 0x06, 0x08, 0x00, 0xBA, 0x06, 0x08, 0x34, 0x77, 0x06, 0x08
	.byte 0x00, 0xBA, 0x06, 0x08, 0x00, 0xBA, 0x06, 0x08, 0x00, 0xBA, 0x06, 0x08, 0x00, 0xBA, 0x06, 0x08
	.byte 0x00, 0xBA, 0x06, 0x08, 0x66, 0x77, 0x06, 0x08, 0x00, 0xBA, 0x06, 0x08, 0x00, 0xBA, 0x06, 0x08
	.byte 0x48, 0x77, 0x06, 0x08, 0x00, 0xBA, 0x06, 0x08, 0x00, 0xBA, 0x06, 0x08, 0x00, 0xBA, 0x06, 0x08
	.byte 0x00, 0xBA, 0x06, 0x08, 0x00, 0xBA, 0x06, 0x08, 0x00, 0xBA, 0x06, 0x08, 0x00, 0xBA, 0x06, 0x08
	.byte 0xD0, 0x76, 0x06, 0x08, 0x00, 0xBA, 0x06, 0x08, 0x00, 0xBA, 0x06, 0x08, 0x00, 0xBA, 0x06, 0x08
	.byte 0x00, 0xBA, 0x06, 0x08, 0x94, 0x76, 0x06, 0x08, 0x00, 0xBA, 0x06, 0x08, 0xDA, 0x76, 0x06, 0x08
	.byte 0x00, 0xBA, 0x06, 0x08, 0x00, 0xBA, 0x06, 0x08, 0x00, 0xBA, 0x06, 0x08, 0x00, 0xBA, 0x06, 0x08
	.byte 0x00, 0xBA, 0x06, 0x08, 0x00, 0xBA, 0x06, 0x08, 0x00, 0xBA, 0x06, 0x08, 0x44, 0x76, 0x06, 0x08
	.byte 0xFE, 0x75, 0x06, 0x08, 0x6C, 0x76, 0x06, 0x08, 0x76, 0x76, 0x06, 0x08, 0x00, 0xBA, 0x06, 0x08
	.byte 0x00, 0xBA, 0x06, 0x08, 0x00, 0xBA, 0x06, 0x08, 0x00, 0xBA, 0x06, 0x08, 0xF4, 0x75, 0x06, 0x08
	.byte 0xC6, 0x76, 0x06, 0x08, 0x00, 0xBA, 0x06, 0x08, 0x00, 0xBA, 0x06, 0x08, 0x00, 0xBA, 0x06, 0x08
	.byte 0x00, 0xBA, 0x06, 0x08, 0x70, 0x77, 0x06, 0x08, 0x04, 0x20, 0x18, 0x80, 0x01, 0x20, 0x04, 0xF0
	.byte 0x21, 0xFA, 0x1A, 0x20, 0x18, 0x80, 0x01, 0x20, 0x04, 0xF0, 0x1C, 0xFA, 0x2F, 0x20, 0x18, 0x80
	.byte 0x01, 0x20, 0x04, 0xF0, 0x17, 0xFA, 0x31, 0x20, 0x18, 0x80, 0x01, 0x20, 0x04, 0xF0, 0x12, 0xFA
	.byte 0x4A, 0x20, 0x18, 0x80, 0x01, 0x20, 0x04, 0xF0, 0x0D, 0xFA, 0x4B, 0x20, 0x18, 0x80, 0x01, 0x20
	.byte 0x04, 0xF0, 0x08, 0xFA, 0x5F, 0x20, 0x18, 0x80, 0x01, 0x20, 0x04, 0xF0, 0x03, 0xFA, 0x62, 0x20
	.byte 0x18, 0x80, 0x01, 0x20, 0x04, 0xF0, 0xFE, 0xF9, 0x67, 0x20, 0x18, 0x80, 0x01, 0x20, 0x04, 0xF0
	.byte 0xF9, 0xF9, 0x6B, 0x20, 0x18, 0x80, 0x01, 0x20, 0x04, 0xF0, 0xF4, 0xF9, 0x79, 0x20, 0x18, 0x80
	.byte 0x01, 0x20, 0x04, 0xF0, 0xEF, 0xF9, 0x7C, 0x20, 0x18, 0x80, 0x01, 0x20, 0x04, 0xF0, 0xEA, 0xF9
	.byte 0xA0, 0x20, 0x18, 0x80, 0x01, 0x20, 0x04, 0xF0, 0xE5, 0xF9, 0xC6, 0x20, 0x18, 0x80, 0x01, 0x20
	.byte 0x04, 0xF0, 0xE0, 0xF9, 0xCD, 0x20, 0x18, 0x80, 0x01, 0x20, 0x04, 0xF0, 0xDB, 0xF9, 0x01, 0x20
	.byte 0x18, 0x80, 0x02, 0x20, 0x04, 0xF0, 0xD6, 0xF9, 0x08, 0x20, 0x18, 0x80, 0x02, 0x20, 0x04, 0xF0
	.byte 0xD1, 0xF9, 0x0F, 0x20, 0x18, 0x80, 0x02, 0x20, 0x04, 0xF0, 0xCC, 0xF9, 0x3D, 0x20, 0x18, 0x80
	.byte 0x02, 0x20, 0x04, 0xF0, 0xC7, 0xF9, 0x41, 0x20, 0x18, 0x80, 0x02, 0x20, 0x04, 0xF0, 0xC2, 0xF9
	.byte 0x59, 0x20, 0x18, 0x80, 0x02, 0x20, 0x04, 0xF0, 0xBD, 0xF9, 0x65, 0x20, 0x18, 0x80, 0x02, 0x20
	.byte 0x04, 0xF0, 0xB8, 0xF9, 0x68, 0x20, 0x18, 0x80, 0x02, 0x20, 0x04, 0xF0, 0xB3, 0xF9, 0x78, 0x20
	.byte 0x18, 0x80, 0x02, 0x20, 0x04, 0xF0, 0xAE, 0xF9, 0x7C, 0x20, 0x18, 0x80, 0x02, 0x20, 0x04, 0xF0
	.byte 0xA9, 0xF9, 0x98, 0x20, 0x18, 0x80, 0x02, 0x20, 0x04, 0xF0, 0xA4, 0xF9, 0x9B, 0x20, 0x18, 0x80
	.byte 0x02, 0x20, 0x04, 0xF0, 0x9F, 0xF9, 0xB1, 0x20, 0x18, 0x80, 0x02, 0x20, 0x04, 0xF0, 0x9A, 0xF9
	.byte 0xC8, 0x20, 0x18, 0x80, 0x02, 0x20, 0x04, 0xF0, 0x95, 0xF9, 0xC9, 0x20, 0x18, 0x80, 0x02, 0x20
	.byte 0x04, 0xF0, 0x90, 0xF9, 0xDA, 0x20, 0x18, 0x80, 0x02, 0x20, 0x04, 0xF0, 0x8B, 0xF9, 0xF0, 0x20
	.byte 0x18, 0x80, 0x02, 0x20, 0x04, 0xF0, 0x86, 0xF9, 0xF4, 0x20, 0x18, 0x80, 0x02, 0x20, 0x04, 0xF0
	.byte 0x81, 0xF9, 0x0D, 0x20, 0x18, 0x80, 0x03, 0x20, 0x04, 0xF0, 0x7C, 0xF9, 0x33, 0x20, 0x18, 0x80
	.byte 0x03, 0x20, 0x04, 0xF0, 0x77, 0xF9, 0x37, 0x20, 0x18, 0x80, 0x03, 0x20, 0x04, 0xF0, 0x72, 0xF9
	.byte 0x50, 0x20, 0x18, 0x80, 0x03, 0x20, 0x04, 0xF0, 0x6D, 0xF9, 0x71, 0x20, 0x18, 0x80, 0x03, 0x20
	.byte 0x04, 0xF0, 0x68, 0xF9, 0x81, 0x20, 0x18, 0x80, 0x03, 0x20, 0x04, 0xF0, 0x63, 0xF9, 0x8E, 0x20
	.byte 0x18, 0x80, 0x03, 0x20, 0x04, 0xF0, 0x5E, 0xF9, 0x94, 0x20, 0x18, 0x80, 0x03, 0x20, 0x04, 0xF0
	.byte 0x59, 0xF9, 0x96, 0x20, 0x18, 0x80, 0x03, 0x20, 0x04, 0xF0, 0x54, 0xF9, 0x9A, 0x20, 0x18, 0x80
	.byte 0x03, 0x20, 0x04, 0xF0, 0x4F, 0xF9, 0xB5, 0x20, 0x18, 0x80, 0x03, 0x20, 0x04, 0xF0, 0x4A, 0xF9
	.byte 0xBC, 0x20, 0x18, 0x80, 0x03, 0x20, 0x04, 0xF0, 0x45, 0xF9, 0xFF, 0x20, 0x20, 0x40, 0x43, 0x38
	.byte 0xB7, 0x28, 0x01, 0xD9, 0x04, 0xF0, 0x3C, 0xF9, 0x80, 0x00, 0x02, 0x49, 0x40, 0x18, 0x00, 0x68
	.byte 0x87, 0x46, 0x00, 0x00, 0x98, 0x77, 0x06, 0x08, 0xBE, 0x7A, 0x06, 0x08, 0x00, 0xBA, 0x06, 0x08
	.byte 0xAA, 0x7A, 0x06, 0x08, 0x00, 0xBA, 0x06, 0x08, 0x72, 0x7B, 0x06, 0x08, 0x00, 0xBA, 0x06, 0x08
	.byte 0x00, 0xBA, 0x06, 0x08, 0x4A, 0x7B, 0x06, 0x08, 0x96, 0x7A, 0x06, 0x08, 0x00, 0xBA, 0x06, 0x08
	.byte 0x00, 0xBA, 0x06, 0x08, 0x00, 0xBA, 0x06, 0x08, 0x78, 0x7A, 0x06, 0x08, 0x00, 0xBA, 0x06, 0x08
	.byte 0x54, 0x7B, 0x06, 0x08, 0x00, 0xBA, 0x06, 0x08, 0x00, 0xBA, 0x06, 0x08, 0x00, 0xBA, 0x06, 0x08
	.byte 0x00, 0xBA, 0x06, 0x08, 0x00, 0xBA, 0x06, 0x08, 0x00, 0xBA, 0x06, 0x08, 0xE6, 0x7A, 0x06, 0x08
	.byte 0x00, 0xBA, 0x06, 0x08, 0x00, 0xBA, 0x06, 0x08, 0x00, 0xBA, 0x06, 0x08, 0x00, 0xBA, 0x06, 0x08
	.byte 0x00, 0xBA, 0x06, 0x08, 0x00, 0xBA, 0x06, 0x08, 0x00, 0xBA, 0x06, 0x08, 0x00, 0xBA, 0x06, 0x08
	.byte 0x00, 0xBA, 0x06, 0x08, 0x00, 0xBA, 0x06, 0x08, 0x00, 0xBA, 0x06, 0x08, 0x00, 0xBA, 0x06, 0x08
	.byte 0x00, 0xBA, 0x06, 0x08, 0x00, 0xBA, 0x06, 0x08, 0x00, 0xBA, 0x06, 0x08, 0x00, 0xBA, 0x06, 0x08
	.byte 0x68, 0x7B, 0x06, 0x08, 0x00, 0xBA, 0x06, 0x08, 0x00, 0xBA, 0x06, 0x08, 0x00, 0xBA, 0x06, 0x08
	.byte 0x82, 0x7A, 0x06, 0x08, 0x00, 0xBA, 0x06, 0x08, 0x40, 0x7B, 0x06, 0x08, 0x00, 0xBA, 0x06, 0x08
	.byte 0x00, 0xBA, 0x06, 0x08, 0x00, 0xBA, 0x06, 0x08, 0x00, 0xBA, 0x06, 0x08, 0x00, 0xBA, 0x06, 0x08
	.byte 0x00, 0xBA, 0x06, 0x08, 0x00, 0xBA, 0x06, 0x08, 0x78, 0x7B, 0x06, 0x08, 0x00, 0xBA, 0x06, 0x08
	.byte 0xDC, 0x7A, 0x06, 0x08, 0x00, 0xBA, 0x06, 0x08, 0x00, 0xBA, 0x06, 0x08, 0x00, 0xBA, 0x06, 0x08
	.byte 0x00, 0xBA, 0x06, 0x08, 0x00, 0xBA, 0x06, 0x08, 0x00, 0xBA, 0x06, 0x08, 0x00, 0xBA, 0x06, 0x08
	.byte 0x00, 0xBA, 0x06, 0x08, 0x00, 0xBA, 0x06, 0x08, 0x00, 0xBA, 0x06, 0x08, 0x00, 0xBA, 0x06, 0x08
	.byte 0x00, 0xBA, 0x06, 0x08, 0x00, 0xBA, 0x06, 0x08, 0x00, 0xBA, 0x06, 0x08, 0xAA, 0x7B, 0x06, 0x08
	.byte 0x00, 0xBA, 0x06, 0x08, 0x00, 0xBA, 0x06, 0x08, 0x00, 0xBA, 0x06, 0x08, 0x00, 0xBA, 0x06, 0x08
	.byte 0x00, 0xBA, 0x06, 0x08, 0x00, 0xBA, 0x06, 0x08, 0x00, 0xBA, 0x06, 0x08, 0x00, 0xBA, 0x06, 0x08
	.byte 0x00, 0xBA, 0x06, 0x08, 0x00, 0xBA, 0x06, 0x08, 0x00, 0xBA, 0x06, 0x08, 0x00, 0xBA, 0x06, 0x08
	.byte 0x00, 0xBA, 0x06, 0x08, 0x00, 0xBA, 0x06, 0x08, 0x00, 0xBA, 0x06, 0x08, 0x00, 0xBA, 0x06, 0x08
	.byte 0x00, 0xBA, 0x06, 0x08, 0x00, 0xBA, 0x06, 0x08, 0x00, 0xBA, 0x06, 0x08, 0x00, 0xBA, 0x06, 0x08
	.byte 0x00, 0xBA, 0x06, 0x08, 0x00, 0xBA, 0x06, 0x08, 0x00, 0xBA, 0x06, 0x08, 0x00, 0xBA, 0x06, 0x08
	.byte 0x00, 0xBA, 0x06, 0x08, 0x00, 0xBA, 0x06, 0x08, 0xA0, 0x7A, 0x06, 0x08, 0x00, 0xBA, 0x06, 0x08
	.byte 0xB4, 0x7B, 0x06, 0x08, 0x00, 0xBA, 0x06, 0x08, 0x00, 0xBA, 0x06, 0x08, 0x00, 0xBA, 0x06, 0x08
	.byte 0x00, 0xBA, 0x06, 0x08, 0xF0, 0x7A, 0x06, 0x08, 0xC8, 0x7B, 0x06, 0x08, 0x00, 0xBA, 0x06, 0x08
	.byte 0x00, 0xBA, 0x06, 0x08, 0x8C, 0x7B, 0x06, 0x08, 0x00, 0xBA, 0x06, 0x08, 0x00, 0xBA, 0x06, 0x08
	.byte 0xFA, 0x7A, 0x06, 0x08, 0x00, 0xBA, 0x06, 0x08, 0x00, 0xBA, 0x06, 0x08, 0xD2, 0x7A, 0x06, 0x08
	.byte 0x8C, 0x7A, 0x06, 0x08, 0x00, 0xBA, 0x06, 0x08, 0xA0, 0x7B, 0x06, 0x08, 0x00, 0xBA, 0x06, 0x08
	.byte 0x00, 0xBA, 0x06, 0x08, 0x00, 0xBA, 0x06, 0x08, 0x00, 0xBA, 0x06, 0x08, 0x00, 0xBA, 0x06, 0x08
	.byte 0x00, 0xBA, 0x06, 0x08, 0x00, 0xBA, 0x06, 0x08, 0x00, 0xBA, 0x06, 0x08, 0x00, 0xBA, 0x06, 0x08
	.byte 0x00, 0xBA, 0x06, 0x08, 0x00, 0xBA, 0x06, 0x08, 0x22, 0x7B, 0x06, 0x08, 0x00, 0xBA, 0x06, 0x08
	.byte 0x00, 0xBA, 0x06, 0x08, 0x00, 0xBA, 0x06, 0x08, 0x00, 0xBA, 0x06, 0x08, 0x2C, 0x7B, 0x06, 0x08
	.byte 0x00, 0xBA, 0x06, 0x08, 0x00, 0xBA, 0x06, 0x08, 0x00, 0xBA, 0x06, 0x08, 0x00, 0xBA, 0x06, 0x08
	.byte 0x00, 0xBA, 0x06, 0x08, 0x00, 0xBA, 0x06, 0x08, 0x00, 0xBA, 0x06, 0x08, 0x00, 0xBA, 0x06, 0x08
	.byte 0x00, 0xBA, 0x06, 0x08, 0x00, 0xBA, 0x06, 0x08, 0x00, 0xBA, 0x06, 0x08, 0xB4, 0x7A, 0x06, 0x08
	.byte 0x00, 0xBA, 0x06, 0x08, 0x5E, 0x7B, 0x06, 0x08, 0x00, 0xBA, 0x06, 0x08, 0x00, 0xBA, 0x06, 0x08
	.byte 0x00, 0xBA, 0x06, 0x08, 0x00, 0xBA, 0x06, 0x08, 0x00, 0xBA, 0x06, 0x08, 0x00, 0xBA, 0x06, 0x08
	.byte 0x00, 0xBA, 0x06, 0x08, 0x00, 0xBA, 0x06, 0x08, 0x00, 0xBA, 0x06, 0x08, 0x00, 0xBA, 0x06, 0x08
	.byte 0x00, 0xBA, 0x06, 0x08, 0x00, 0xBA, 0x06, 0x08, 0x00, 0xBA, 0x06, 0x08, 0x00, 0xBA, 0x06, 0x08
	.byte 0x00, 0xBA, 0x06, 0x08, 0x00, 0xBA, 0x06, 0x08, 0x0E, 0x7B, 0x06, 0x08, 0x18, 0x7B, 0x06, 0x08
	.byte 0x00, 0xBA, 0x06, 0x08, 0x00, 0xBA, 0x06, 0x08, 0xC8, 0x7A, 0x06, 0x08, 0x82, 0x7B, 0x06, 0x08
	.byte 0x96, 0x7B, 0x06, 0x08, 0x00, 0xBA, 0x06, 0x08, 0x04, 0x7B, 0x06, 0x08, 0x00, 0xBA, 0x06, 0x08
	.byte 0x36, 0x7B, 0x06, 0x08, 0x00, 0xBA, 0x06, 0x08, 0x00, 0xBA, 0x06, 0x08, 0x00, 0xBA, 0x06, 0x08
	.byte 0x00, 0xBA, 0x06, 0x08, 0x00, 0xBA, 0x06, 0x08, 0x00, 0xBA, 0x06, 0x08, 0x00, 0xBA, 0x06, 0x08
	.byte 0x00, 0xBA, 0x06, 0x08, 0xBE, 0x7B, 0x06, 0x08, 0x08, 0x20, 0x18, 0x80, 0x01, 0x20, 0x03, 0xF0
	.byte 0xC1, 0xFF, 0x11, 0x20, 0x18, 0x80, 0x01, 0x20, 0x03, 0xF0, 0xBC, 0xFF, 0x3D, 0x20, 0x18, 0x80
	.byte 0x01, 0x20, 0x03, 0xF0, 0xB7, 0xFF, 0x4C, 0x20, 0x18, 0x80, 0x01, 0x20, 0x03, 0xF0, 0xB2, 0xFF
	.byte 0x51, 0x20, 0x18, 0x80, 0x01, 0x20, 0x03, 0xF0, 0xAD, 0xFF, 0x53, 0x20, 0x18, 0x80, 0x01, 0x20
	.byte 0x03, 0xF0, 0xA8, 0xFF, 0x65, 0x20, 0x18, 0x80, 0x01, 0x20, 0x03, 0xF0, 0xA3, 0xFF, 0x7B, 0x20
	.byte 0x18, 0x80, 0x01, 0x20, 0x03, 0xF0, 0x9E, 0xFF, 0x8B, 0x20, 0x18, 0x80, 0x01, 0x20, 0x03, 0xF0
	.byte 0x99, 0xFF, 0xA7, 0x20, 0x18, 0x80, 0x01, 0x20, 0x03, 0xF0, 0x94, 0xFF, 0xBC, 0x20, 0x18, 0x80
	.byte 0x01, 0x20, 0x03, 0xF0, 0x8F, 0xFF, 0xC7, 0x20, 0x18, 0x80, 0x01, 0x20, 0x03, 0xF0, 0x8A, 0xFF
	.byte 0xFC, 0x20, 0x18, 0x80, 0x01, 0x20, 0x03, 0xF0, 0x85, 0xFF, 0x09, 0x20, 0x18, 0x80, 0x02, 0x20
	.byte 0x03, 0xF0, 0x80, 0xFF, 0x0D, 0x20, 0x18, 0x80, 0x02, 0x20, 0x03, 0xF0, 0x7B, 0xFF, 0x36, 0x20
	.byte 0x18, 0x80, 0x02, 0x20, 0x03, 0xF0, 0x76, 0xFF, 0x3B, 0x20, 0x18, 0x80, 0x02, 0x20, 0x03, 0xF0
	.byte 0x71, 0xFF, 0x40, 0x20, 0x18, 0x80, 0x02, 0x20, 0x03, 0xF0, 0x6C, 0xFF, 0x54, 0x20, 0x18, 0x80
	.byte 0x02, 0x20, 0x03, 0xF0, 0x67, 0xFF, 0x8C, 0x20, 0x18, 0x80, 0x02, 0x20, 0x03, 0xF0, 0x62, 0xFF
	.byte 0x8F, 0x20, 0x18, 0x80, 0x02, 0x20, 0x03, 0xF0, 0x5D, 0xFF, 0x92, 0x20, 0x18, 0x80, 0x02, 0x20
	.byte 0x03, 0xF0, 0x58, 0xFF, 0x95, 0x20, 0x18, 0x80, 0x02, 0x20, 0x03, 0xF0, 0x53, 0xFF, 0xB2, 0x20
	.byte 0x18, 0x80, 0x02, 0x20, 0x03, 0xF0, 0x4E, 0xFF, 0xF8, 0x20, 0x18, 0x80, 0x02, 0x20, 0x03, 0xF0
	.byte 0x49, 0xFF, 0x03, 0x20, 0x03, 0xF0, 0x45, 0xFF, 0x0E, 0x20, 0x18, 0x80, 0x03, 0x20, 0x03, 0xF0
	.byte 0x41, 0xFF, 0x2E, 0x20, 0x18, 0x80, 0x03, 0x20, 0x03, 0xF0, 0x3C, 0xFF, 0x38, 0x20, 0x18, 0x80
	.byte 0x03, 0x20, 0x03, 0xF0, 0x37, 0xFF, 0x4C, 0x20, 0x18, 0x80, 0x03, 0x20, 0x03, 0xF0, 0x32, 0xFF
	.byte 0x55, 0x20, 0x18, 0x80, 0x03, 0x20, 0x03, 0xF0, 0x2D, 0xFF, 0x58, 0x20, 0x18, 0x80, 0x03, 0x20
	.byte 0x03, 0xF0, 0x28, 0xFF, 0x91, 0x20, 0x18, 0x80, 0x03, 0x20, 0x03, 0xF0, 0x23, 0xFF, 0xA2, 0x20
	.byte 0x18, 0x80, 0x03, 0x20, 0x03, 0xF0, 0x1E, 0xFF, 0xA6, 0x20, 0x18, 0x80, 0x03, 0x20, 0x03, 0xF0
	.byte 0x19, 0xFF, 0xFF, 0x20, 0x20, 0x40, 0x40, 0x38, 0xBC, 0x28, 0x01, 0xD9, 0x03, 0xF0, 0x10, 0xFF
	.byte 0x80, 0x00, 0x02, 0x49, 0x40, 0x18, 0x00, 0x68, 0x87, 0x46, 0x00, 0x00, 0xF0, 0x7B, 0x06, 0x08
	.byte 0x92, 0x80, 0x06, 0x08, 0xEE, 0x7E, 0x06, 0x08, 0x00, 0xBA, 0x06, 0x08, 0xF8, 0x7E, 0x06, 0x08
	.byte 0x00, 0xBA, 0x06, 0x08, 0x00, 0xBA, 0x06, 0x08, 0xB6, 0x7F, 0x06, 0x08, 0x00, 0xBA, 0x06, 0x08
	.byte 0x00, 0xBA, 0x06, 0x08, 0x00, 0xBA, 0x06, 0x08, 0x00, 0xBA, 0x06, 0x08, 0x00, 0xBA, 0x06, 0x08
	.byte 0xE4, 0x7E, 0x06, 0x08, 0xC4, 0x80, 0x06, 0x08, 0x84, 0x7F, 0x06, 0x08, 0x00, 0xBA, 0x06, 0x08
	.byte 0x42, 0x80, 0x06, 0x08, 0x00, 0xBA, 0x06, 0x08, 0x00, 0xBA, 0x06, 0x08, 0x00, 0xBA, 0x06, 0x08
	.byte 0x00, 0xBA, 0x06, 0x08, 0x00, 0xBA, 0x06, 0x08, 0x00, 0xBA, 0x06, 0x08, 0x00, 0xBA, 0x06, 0x08
	.byte 0x00, 0xBA, 0x06, 0x08, 0x00, 0xBA, 0x06, 0x08, 0xC0, 0x7F, 0x06, 0x08, 0x00, 0xBA, 0x06, 0x08
	.byte 0x00, 0xBA, 0x06, 0x08, 0x06, 0x80, 0x06, 0x08, 0x02, 0x7F, 0x06, 0x08, 0x00, 0xBA, 0x06, 0x08
	.byte 0x9C, 0x80, 0x06, 0x08, 0x00, 0xBA, 0x06, 0x08, 0x00, 0xBA, 0x06, 0x08, 0x2A, 0x7F, 0x06, 0x08
	.byte 0x00, 0xBA, 0x06, 0x08, 0x00, 0xBA, 0x06, 0x08, 0x00, 0xBA, 0x06, 0x08, 0x00, 0xBA, 0x06, 0x08
	.byte 0x00, 0xBA, 0x06, 0x08, 0x00, 0xBA, 0x06, 0x08, 0x00, 0xBA, 0x06, 0x08, 0x00, 0xBA, 0x06, 0x08
	.byte 0x00, 0xBA, 0x06, 0x08, 0x00, 0xBA, 0x06, 0x08, 0x00, 0xBA, 0x06, 0x08, 0x00, 0xBA, 0x06, 0x08
	.byte 0x60, 0x80, 0x06, 0x08, 0x00, 0xBA, 0x06, 0x08, 0x00, 0xBA, 0x06, 0x08, 0x00, 0xBA, 0x06, 0x08
	.byte 0x98, 0x7F, 0x06, 0x08, 0x00, 0xBA, 0x06, 0x08, 0x7E, 0x80, 0x06, 0x08, 0x00, 0xBA, 0x06, 0x08
	.byte 0x00, 0x81, 0x06, 0x08, 0x00, 0xBA, 0x06, 0x08, 0xE2, 0x80, 0x06, 0x08, 0xE8, 0x7F, 0x06, 0x08
	.byte 0x00, 0xBA, 0x06, 0x08, 0xCA, 0x7F, 0x06, 0x08, 0xA2, 0x7F, 0x06, 0x08, 0x00, 0xBA, 0x06, 0x08
	.byte 0x00, 0xBA, 0x06, 0x08, 0x24, 0x80, 0x06, 0x08, 0x00, 0xBA, 0x06, 0x08, 0xA6, 0x80, 0x06, 0x08
	.byte 0x00, 0xBA, 0x06, 0x08, 0x00, 0xBA, 0x06, 0x08, 0x8E, 0x7F, 0x06, 0x08, 0x00, 0xBA, 0x06, 0x08
	.byte 0x00, 0xBA, 0x06, 0x08, 0x00, 0xBA, 0x06, 0x08, 0x00, 0xBA, 0x06, 0x08, 0x00, 0xBA, 0x06, 0x08
	.byte 0x00, 0xBA, 0x06, 0x08, 0x00, 0xBA, 0x06, 0x08, 0x56, 0x80, 0x06, 0x08, 0x00, 0xBA, 0x06, 0x08
	.byte 0xD8, 0x80, 0x06, 0x08, 0x38, 0x80, 0x06, 0x08, 0xD4, 0x7F, 0x06, 0x08, 0x00, 0xBA, 0x06, 0x08
	.byte 0x00, 0xBA, 0x06, 0x08, 0xB0, 0x80, 0x06, 0x08, 0xDE, 0x7F, 0x06, 0x08, 0x00, 0xBA, 0x06, 0x08
	.byte 0x00, 0xBA, 0x06, 0x08, 0x00, 0xBA, 0x06, 0x08, 0x00, 0xBA, 0x06, 0x08, 0xEC, 0x80, 0x06, 0x08
	.byte 0x00, 0xBA, 0x06, 0x08, 0x00, 0xBA, 0x06, 0x08, 0x00, 0xBA, 0x06, 0x08, 0x34, 0x7F, 0x06, 0x08
	.byte 0x00, 0xBA, 0x06, 0x08, 0x00, 0xBA, 0x06, 0x08, 0x00, 0xBA, 0x06, 0x08, 0x1A, 0x80, 0x06, 0x08
	.byte 0x00, 0xBA, 0x06, 0x08, 0xF6, 0x80, 0x06, 0x08, 0x48, 0x7F, 0x06, 0x08, 0x00, 0xBA, 0x06, 0x08
	.byte 0x00, 0xBA, 0x06, 0x08, 0x00, 0xBA, 0x06, 0x08, 0x00, 0xBA, 0x06, 0x08, 0x00, 0xBA, 0x06, 0x08
	.byte 0x00, 0xBA, 0x06, 0x08, 0x20, 0x7F, 0x06, 0x08, 0x00, 0xBA, 0x06, 0x08, 0x00, 0xBA, 0x06, 0x08
	.byte 0x7A, 0x7F, 0x06, 0x08, 0x00, 0xBA, 0x06, 0x08, 0x00, 0xBA, 0x06, 0x08, 0x0C, 0x7F, 0x06, 0x08
	.byte 0x00, 0xBA, 0x06, 0x08, 0x74, 0x80, 0x06, 0x08, 0xF2, 0x7F, 0x06, 0x08, 0x00, 0xBA, 0x06, 0x08
	.byte 0x00, 0xBA, 0x06, 0x08, 0xAC, 0x7F, 0x06, 0x08, 0x00, 0xBA, 0x06, 0x08, 0x66, 0x7F, 0x06, 0x08
	.byte 0x00, 0xBA, 0x06, 0x08, 0xCE, 0x80, 0x06, 0x08, 0x00, 0xBA, 0x06, 0x08, 0x6A, 0x80, 0x06, 0x08
	.byte 0x00, 0xBA, 0x06, 0x08, 0x70, 0x7F, 0x06, 0x08, 0x00, 0xBA, 0x06, 0x08, 0x00, 0xBA, 0x06, 0x08
	.byte 0x00, 0xBA, 0x06, 0x08, 0x00, 0xBA, 0x06, 0x08, 0x00, 0xBA, 0x06, 0x08, 0x00, 0xBA, 0x06, 0x08
	.byte 0x10, 0x80, 0x06, 0x08, 0x14, 0x81, 0x06, 0x08, 0x1E, 0x81, 0x06, 0x08, 0x00, 0xBA, 0x06, 0x08
	.byte 0x00, 0xBA, 0x06, 0x08, 0x00, 0xBA, 0x06, 0x08, 0x00, 0xBA, 0x06, 0x08, 0x28, 0x81, 0x06, 0x08
	.byte 0x00, 0xBA, 0x06, 0x08, 0x00, 0xBA, 0x06, 0x08, 0x00, 0xBA, 0x06, 0x08, 0x00, 0xBA, 0x06, 0x08
	.byte 0x00, 0xBA, 0x06, 0x08, 0x00, 0xBA, 0x06, 0x08, 0x00, 0xBA, 0x06, 0x08, 0x00, 0xBA, 0x06, 0x08
	.byte 0x00, 0xBA, 0x06, 0x08, 0x00, 0xBA, 0x06, 0x08, 0x00, 0xBA, 0x06, 0x08, 0x00, 0xBA, 0x06, 0x08
	.byte 0x00, 0xBA, 0x06, 0x08, 0x00, 0xBA, 0x06, 0x08, 0x00, 0xBA, 0x06, 0x08, 0x3E, 0x7F, 0x06, 0x08
	.byte 0x0A, 0x81, 0x06, 0x08, 0x00, 0xBA, 0x06, 0x08, 0x00, 0xBA, 0x06, 0x08, 0x00, 0xBA, 0x06, 0x08
	.byte 0x00, 0xBA, 0x06, 0x08, 0x00, 0xBA, 0x06, 0x08, 0x5C, 0x7F, 0x06, 0x08, 0x00, 0xBA, 0x06, 0x08
	.byte 0x00, 0xBA, 0x06, 0x08, 0x00, 0xBA, 0x06, 0x08, 0x52, 0x7F, 0x06, 0x08, 0x00, 0xBA, 0x06, 0x08
	.byte 0x2E, 0x80, 0x06, 0x08, 0x00, 0xBA, 0x06, 0x08, 0x00, 0xBA, 0x06, 0x08, 0xBA, 0x80, 0x06, 0x08
	.byte 0x4C, 0x80, 0x06, 0x08, 0x00, 0xBA, 0x06, 0x08, 0x00, 0xBA, 0x06, 0x08, 0xFC, 0x7F, 0x06, 0x08
	.byte 0x88, 0x80, 0x06, 0x08, 0x00, 0xBA, 0x06, 0x08, 0x00, 0xBA, 0x06, 0x08, 0x00, 0xBA, 0x06, 0x08
	.byte 0x00, 0xBA, 0x06, 0x08, 0x00, 0xBA, 0x06, 0x08, 0x00, 0xBA, 0x06, 0x08, 0x00, 0xBA, 0x06, 0x08
	.byte 0x16, 0x7F, 0x06, 0x08, 0x19, 0x20, 0x18, 0x80, 0x01, 0x20, 0x03, 0xF0, 0x8B, 0xFD, 0x1E, 0x20
	.byte 0x18, 0x80, 0x01, 0x20, 0x03, 0xF0, 0x86, 0xFD, 0x26, 0x20, 0x18, 0x80, 0x01, 0x20, 0x03, 0xF0
	.byte 0x81, 0xFD, 0x3E, 0x20, 0x18, 0x80, 0x01, 0x20, 0x03, 0xF0, 0x7C, 0xFD, 0x46, 0x20, 0x18, 0x80
	.byte 0x01, 0x20, 0x03, 0xF0, 0x77, 0xFD, 0x48, 0x20, 0x18, 0x80, 0x01, 0x20, 0x03, 0xF0, 0x72, 0xFD
	.byte 0x49, 0x20, 0x18, 0x80, 0x01, 0x20, 0x03, 0xF0, 0x6D, 0xFD, 0x59, 0x20, 0x18, 0x80, 0x01, 0x20
	.byte 0x03, 0xF0, 0x68, 0xFD, 0x81, 0x20, 0x18, 0x80, 0x01, 0x20, 0x03, 0xF0, 0x63, 0xFD, 0x86, 0x20
	.byte 0x18, 0x80, 0x01, 0x20, 0x03, 0xF0, 0x5E, 0xFD, 0x9E, 0x20, 0x18, 0x80, 0x01, 0x20, 0x03, 0xF0
	.byte 0x59, 0xFD, 0xAD, 0x20, 0x18, 0x80, 0x01, 0x20, 0x03, 0xF0, 0x54, 0xFD, 0xB4, 0x20, 0x18, 0x80
	.byte 0x01, 0x20, 0x03, 0xF0, 0x4F, 0xFD, 0xBD, 0x20, 0x18, 0x80, 0x01, 0x20, 0x03, 0xF0, 0x4A, 0xFD
	.byte 0xC8, 0x20, 0x18, 0x80, 0x01, 0x20, 0x03, 0xF0, 0x45, 0xFD, 0xCF, 0x20, 0x18, 0x80, 0x01, 0x20
	.byte 0x03, 0xF0, 0x40, 0xFD, 0xD6, 0x20, 0x18, 0x80, 0x01, 0x20, 0x03, 0xF0, 0x3B, 0xFD, 0xDD, 0x20
	.byte 0x18, 0x80, 0x01, 0x20, 0x03, 0xF0, 0x36, 0xFD, 0xEF, 0x20, 0x18, 0x80, 0x01, 0x20, 0x03, 0xF0
	.byte 0x31, 0xFD, 0xFD, 0x20, 0x18, 0x80, 0x01, 0x20, 0x03, 0xF0, 0x2C, 0xFD, 0x07, 0x20, 0x18, 0x80
	.byte 0x02, 0x20, 0x03, 0xF0, 0x27, 0xFD, 0x13, 0x20, 0x18, 0x80, 0x02, 0x20, 0x03, 0xF0, 0x22, 0xFD
	.byte 0x18, 0x20, 0x18, 0x80, 0x02, 0x20, 0x03, 0xF0, 0x1D, 0xFD, 0x1B, 0x20, 0x18, 0x80, 0x02, 0x20
	.byte 0x03, 0xF0, 0x18, 0xFD, 0x28, 0x20, 0x18, 0x80, 0x02, 0x20, 0x03, 0xF0, 0x13, 0xFD, 0x2B, 0x20
	.byte 0x18, 0x80, 0x02, 0x20, 0x03, 0xF0, 0x0E, 0xFD, 0x42, 0x20, 0x18, 0x80, 0x02, 0x20, 0x03, 0xF0
	.byte 0x09, 0xFD, 0x58, 0x20, 0x18, 0x80, 0x02, 0x20, 0x03, 0xF0, 0x04, 0xFD, 0x63, 0x20, 0x18, 0x80
	.byte 0x02, 0x20, 0x03, 0xF0, 0xFF, 0xFC, 0x6C, 0x20, 0x18, 0x80, 0x02, 0x20, 0x03, 0xF0, 0xFA, 0xFC
	.byte 0x7E, 0x20, 0x18, 0x80, 0x02, 0x20, 0x03, 0xF0, 0xF5, 0xFC, 0x99, 0x20, 0x18, 0x80, 0x02, 0x20
	.byte 0x03, 0xF0, 0xF0, 0xFC, 0xC3, 0x20, 0x18, 0x80, 0x02, 0x20, 0x03, 0xF0, 0xEB, 0xFC, 0xC6, 0x20
	.byte 0x18, 0x80, 0x02, 0x20, 0x03, 0xF0, 0xE6, 0xFC, 0xCB, 0x20, 0x18, 0x80, 0x02, 0x20, 0x03, 0xF0
	.byte 0xE1, 0xFC, 0xCC, 0x20, 0x18, 0x80, 0x02, 0x20, 0x03, 0xF0, 0xDC, 0xFC, 0xD0, 0x20, 0x18, 0x80
	.byte 0x02, 0x20, 0x03, 0xF0, 0xD7, 0xFC, 0xD5, 0x20, 0x18, 0x80, 0x02, 0x20, 0x03, 0xF0, 0xD2, 0xFC
	.byte 0xD6, 0x20, 0x18, 0x80, 0x02, 0x20, 0x03, 0xF0, 0xCD, 0xFC, 0xDC, 0x20, 0x18, 0x80, 0x02, 0x20
	.byte 0x03, 0xF0, 0xC8, 0xFC, 0xEB, 0x20, 0x18, 0x80, 0x02, 0x20, 0x03, 0xF0, 0xC3, 0xFC, 0xED, 0x20
	.byte 0x18, 0x80, 0x02, 0x20, 0x03, 0xF0, 0xBE, 0xFC, 0xEF, 0x20, 0x18, 0x80, 0x02, 0x20, 0x03, 0xF0
	.byte 0xB9, 0xFC, 0xFE, 0x20, 0x18, 0x80, 0x02, 0x20, 0x03, 0xF0, 0xB4, 0xFC, 0xFF, 0x20, 0x18, 0x80
	.byte 0x02, 0x20, 0x03, 0xF0, 0xAF, 0xFC, 0x05, 0x20, 0x18, 0x80, 0x03, 0x20, 0x03, 0xF0, 0xAA, 0xFC
	.byte 0x2B, 0x20, 0x18, 0x80, 0x03, 0x20, 0x03, 0xF0, 0xA5, 0xFC, 0x2D, 0x20, 0x18, 0x80, 0x03, 0x20
	.byte 0x03, 0xF0, 0xA0, 0xFC, 0x42, 0x20, 0x18, 0x80, 0x03, 0x20, 0x03, 0xF0, 0x9B, 0xFC, 0x47, 0x20
	.byte 0x18, 0x80, 0x03, 0x20, 0x03, 0xF0, 0x96, 0xFC, 0x63, 0x20, 0x18, 0x80, 0x03, 0x20, 0x03, 0xF0
	.byte 0x91, 0xFC, 0x7B, 0x20, 0x18, 0x80, 0x03, 0x20, 0x03, 0xF0, 0x8C, 0xFC, 0x83, 0x20, 0x18, 0x80
	.byte 0x03, 0x20, 0x03, 0xF0, 0x87, 0xFC, 0x9E, 0x20, 0x18, 0x80, 0x03, 0x20, 0x03, 0xF0, 0x82, 0xFC
	.byte 0xA7, 0x20, 0x18, 0x80, 0x03, 0x20, 0x03, 0xF0, 0x7D, 0xFC, 0xA9, 0x20, 0x18, 0x80, 0x03, 0x20
	.byte 0x03, 0xF0, 0x78, 0xFC, 0xB3, 0x20, 0x18, 0x80, 0x03, 0x20, 0x03, 0xF0, 0x73, 0xFC, 0xB8, 0x20
	.byte 0x18, 0x80, 0x03, 0x20, 0x03, 0xF0, 0x6E, 0xFC, 0xBA, 0x20, 0x18, 0x80, 0x03, 0x20, 0x03, 0xF0
	.byte 0x69, 0xFC, 0xFF, 0x20, 0x20, 0x40, 0x41, 0x38, 0xBB, 0x28, 0x01, 0xD9, 0x03, 0xF0, 0x60, 0xFC
	.byte 0x80, 0x00, 0x02, 0x49, 0x40, 0x18, 0x00, 0x68, 0x87, 0x46, 0x00, 0x00, 0x50, 0x81, 0x06, 0x08
	.byte 0x26, 0x85, 0x06, 0x08, 0x00, 0xBA, 0x06, 0x08, 0x00, 0xBA, 0x06, 0x08, 0x00, 0xBA, 0x06, 0x08
	.byte 0x00, 0xBA, 0x06, 0x08, 0x00, 0xBA, 0x06, 0x08, 0x00, 0xBA, 0x06, 0x08, 0x00, 0xBA, 0x06, 0x08
	.byte 0x00, 0xBA, 0x06, 0x08, 0x00, 0xBA, 0x06, 0x08, 0x00, 0xBA, 0x06, 0x08, 0x00, 0xBA, 0x06, 0x08
	.byte 0x00, 0xBA, 0x06, 0x08, 0x40, 0x84, 0x06, 0x08, 0x00, 0xBA, 0x06, 0x08, 0x00, 0xBA, 0x06, 0x08
	.byte 0x00, 0xBA, 0x06, 0x08, 0x00, 0xBA, 0x06, 0x08, 0x00, 0xBA, 0x06, 0x08, 0x00, 0xBA, 0x06, 0x08
	.byte 0x00, 0xBA, 0x06, 0x08, 0x00, 0xBA, 0x06, 0x08, 0x58, 0x85, 0x06, 0x08, 0x00, 0xBA, 0x06, 0x08
	.byte 0x12, 0x85, 0x06, 0x08, 0x00, 0xBA, 0x06, 0x08, 0x00, 0xBA, 0x06, 0x08, 0x00, 0xBA, 0x06, 0x08
	.byte 0x00, 0xBA, 0x06, 0x08, 0x34, 0x86, 0x06, 0x08, 0x00, 0xBA, 0x06, 0x08, 0x9A, 0x84, 0x06, 0x08
	.byte 0x00, 0xBA, 0x06, 0x08, 0x00, 0xBA, 0x06, 0x08, 0x00, 0xBA, 0x06, 0x08, 0x00, 0xBA, 0x06, 0x08
	.byte 0x00, 0xBA, 0x06, 0x08, 0x00, 0xBA, 0x06, 0x08, 0x00, 0xBA, 0x06, 0x08, 0x00, 0xBA, 0x06, 0x08
	.byte 0xFE, 0x84, 0x06, 0x08, 0x00, 0xBA, 0x06, 0x08, 0x00, 0xBA, 0x06, 0x08, 0x00, 0xBA, 0x06, 0x08
	.byte 0x00, 0xBA, 0x06, 0x08, 0x20, 0x86, 0x06, 0x08, 0x00, 0xBA, 0x06, 0x08, 0x00, 0xBA, 0x06, 0x08
	.byte 0x00, 0xBA, 0x06, 0x08, 0x00, 0xBA, 0x06, 0x08, 0x00, 0xBA, 0x06, 0x08, 0x00, 0xBA, 0x06, 0x08
	.byte 0x00, 0xBA, 0x06, 0x08, 0x90, 0x84, 0x06, 0x08, 0x00, 0xBA, 0x06, 0x08, 0x5E, 0x84, 0x06, 0x08
	.byte 0xBC, 0x85, 0x06, 0x08, 0x00, 0xBA, 0x06, 0x08, 0x00, 0xBA, 0x06, 0x08, 0x00, 0xBA, 0x06, 0x08
	.byte 0x00, 0xBA, 0x06, 0x08, 0x00, 0xBA, 0x06, 0x08, 0x00, 0xBA, 0x06, 0x08, 0x00, 0xBA, 0x06, 0x08
	.byte 0x00, 0xBA, 0x06, 0x08, 0x0C, 0x86, 0x06, 0x08, 0x00, 0xBA, 0x06, 0x08, 0x00, 0xBA, 0x06, 0x08
	.byte 0x00, 0xBA, 0x06, 0x08, 0x00, 0xBA, 0x06, 0x08, 0x2A, 0x86, 0x06, 0x08, 0x08, 0x85, 0x06, 0x08
	.byte 0x00, 0xBA, 0x06, 0x08, 0xA8, 0x85, 0x06, 0x08, 0x3A, 0x85, 0x06, 0x08, 0xD0, 0x85, 0x06, 0x08
	.byte 0x00, 0xBA, 0x06, 0x08, 0x00, 0xBA, 0x06, 0x08, 0x94, 0x85, 0x06, 0x08, 0x00, 0xBA, 0x06, 0x08
	.byte 0x00, 0xBA, 0x06, 0x08, 0x00, 0xBA, 0x06, 0x08, 0x00, 0xBA, 0x06, 0x08, 0x00, 0xBA, 0x06, 0x08
	.byte 0xDA, 0x85, 0x06, 0x08, 0x00, 0xBA, 0x06, 0x08, 0x00, 0xBA, 0x06, 0x08, 0x00, 0xBA, 0x06, 0x08
	.byte 0x6C, 0x85, 0x06, 0x08, 0x00, 0xBA, 0x06, 0x08, 0x00, 0xBA, 0x06, 0x08, 0x00, 0xBA, 0x06, 0x08
	.byte 0x00, 0xBA, 0x06, 0x08, 0x00, 0xBA, 0x06, 0x08, 0xA4, 0x84, 0x06, 0x08, 0x00, 0xBA, 0x06, 0x08
	.byte 0x00, 0xBA, 0x06, 0x08, 0x00, 0xBA, 0x06, 0x08, 0x00, 0xBA, 0x06, 0x08, 0xD6, 0x84, 0x06, 0x08
	.byte 0x00, 0xBA, 0x06, 0x08, 0x00, 0xBA, 0x06, 0x08, 0x00, 0xBA, 0x06, 0x08, 0x00, 0xBA, 0x06, 0x08
	.byte 0x54, 0x84, 0x06, 0x08, 0x00, 0xBA, 0x06, 0x08, 0x68, 0x84, 0x06, 0x08, 0x00, 0xBA, 0x06, 0x08
	.byte 0x00, 0xBA, 0x06, 0x08, 0x7C, 0x84, 0x06, 0x08, 0x62, 0x85, 0x06, 0x08, 0x00, 0xBA, 0x06, 0x08
	.byte 0xF4, 0x84, 0x06, 0x08, 0x00, 0xBA, 0x06, 0x08, 0x86, 0x84, 0x06, 0x08, 0xEA, 0x84, 0x06, 0x08
	.byte 0x76, 0x85, 0x06, 0x08, 0x9E, 0x85, 0x06, 0x08, 0x00, 0xBA, 0x06, 0x08, 0x80, 0x85, 0x06, 0x08
	.byte 0x16, 0x86, 0x06, 0x08, 0x00, 0xBA, 0x06, 0x08, 0xCC, 0x84, 0x06, 0x08, 0x00, 0xBA, 0x06, 0x08
	.byte 0x00, 0xBA, 0x06, 0x08, 0x72, 0x84, 0x06, 0x08, 0x00, 0xBA, 0x06, 0x08, 0xE0, 0x84, 0x06, 0x08
	.byte 0x00, 0xBA, 0x06, 0x08, 0x00, 0xBA, 0x06, 0x08, 0xB2, 0x85, 0x06, 0x08, 0xC2, 0x84, 0x06, 0x08
	.byte 0x00, 0xBA, 0x06, 0x08, 0x00, 0xBA, 0x06, 0x08, 0x00, 0xBA, 0x06, 0x08, 0xB8, 0x84, 0x06, 0x08
	.byte 0x00, 0xBA, 0x06, 0x08, 0x00, 0xBA, 0x06, 0x08, 0x00, 0xBA, 0x06, 0x08, 0xEE, 0x85, 0x06, 0x08
	.byte 0x00, 0xBA, 0x06, 0x08, 0x00, 0xBA, 0x06, 0x08, 0x00, 0xBA, 0x06, 0x08, 0x00, 0xBA, 0x06, 0x08
	.byte 0x00, 0xBA, 0x06, 0x08, 0x00, 0xBA, 0x06, 0x08, 0x00, 0xBA, 0x06, 0x08, 0x00, 0xBA, 0x06, 0x08
	.byte 0x00, 0xBA, 0x06, 0x08, 0x00, 0xBA, 0x06, 0x08, 0x00, 0xBA, 0x06, 0x08, 0x00, 0xBA, 0x06, 0x08
	.byte 0x00, 0xBA, 0x06, 0x08, 0x00, 0xBA, 0x06, 0x08, 0x00, 0xBA, 0x06, 0x08, 0x00, 0xBA, 0x06, 0x08
	.byte 0x4E, 0x85, 0x06, 0x08, 0x00, 0xBA, 0x06, 0x08, 0x00, 0xBA, 0x06, 0x08, 0x00, 0xBA, 0x06, 0x08
	.byte 0x00, 0xBA, 0x06, 0x08, 0x00, 0xBA, 0x06, 0x08, 0x30, 0x85, 0x06, 0x08, 0x1C, 0x85, 0x06, 0x08
	.byte 0x8A, 0x85, 0x06, 0x08, 0x00, 0xBA, 0x06, 0x08, 0x00, 0xBA, 0x06, 0x08, 0x00, 0xBA, 0x06, 0x08
	.byte 0x00, 0xBA, 0x06, 0x08, 0x02, 0x86, 0x06, 0x08, 0xC6, 0x85, 0x06, 0x08, 0x00, 0xBA, 0x06, 0x08
	.byte 0x00, 0xBA, 0x06, 0x08, 0x00, 0xBA, 0x06, 0x08, 0x00, 0xBA, 0x06, 0x08, 0xE4, 0x85, 0x06, 0x08
	.byte 0x00, 0xBA, 0x06, 0x08, 0x00, 0xBA, 0x06, 0x08, 0x00, 0xBA, 0x06, 0x08, 0x00, 0xBA, 0x06, 0x08
	.byte 0x4A, 0x84, 0x06, 0x08, 0x00, 0xBA, 0x06, 0x08, 0x00, 0xBA, 0x06, 0x08, 0xF8, 0x85, 0x06, 0x08
	.byte 0x00, 0xBA, 0x06, 0x08, 0x00, 0xBA, 0x06, 0x08, 0xAE, 0x84, 0x06, 0x08, 0x44, 0x85, 0x06, 0x08
	.byte 0x06, 0x20, 0x18, 0x80, 0x01, 0x20, 0x03, 0xF0, 0xDD, 0xFA, 0x0B, 0x20, 0x18, 0x80, 0x01, 0x20
	.byte 0x03, 0xF0, 0xD8, 0xFA, 0x0C, 0x20, 0x18, 0x80, 0x01, 0x20, 0x03, 0xF0, 0xD3, 0xFA, 0x16, 0x20
	.byte 0x18, 0x80, 0x01, 0x20, 0x03, 0xF0, 0xCE, 0xFA, 0x37, 0x20, 0x18, 0x80, 0x01, 0x20, 0x03, 0xF0
	.byte 0xC9, 0xFA, 0x43, 0x20, 0x18, 0x80, 0x01, 0x20, 0x03, 0xF0, 0xC4, 0xFA, 0x50, 0x20, 0x18, 0x80
	.byte 0x01, 0x20, 0x03, 0xF0, 0xBF, 0xFA, 0x5B, 0x20, 0x18, 0x80, 0x01, 0x20, 0x03, 0xF0, 0xBA, 0xFA
	.byte 0x74, 0x20, 0x18, 0x80, 0x01, 0x20, 0x03, 0xF0, 0xB5, 0xFA, 0x80, 0x20, 0x18, 0x80, 0x01, 0x20
	.byte 0x03, 0xF0, 0xB0, 0xFA, 0x8A, 0x20, 0x18, 0x80, 0x01, 0x20, 0x03, 0xF0, 0xAB, 0xFA, 0x98, 0x20
	.byte 0x18, 0x80, 0x01, 0x20, 0x03, 0xF0, 0xA6, 0xFA, 0xCB, 0x20, 0x18, 0x80, 0x01, 0x20, 0x03, 0xF0
	.byte 0xA1, 0xFA, 0xD7, 0x20, 0x18, 0x80, 0x01, 0x20, 0x03, 0xF0, 0x9C, 0xFA, 0xD8, 0x20, 0x18, 0x80
	.byte 0x01, 0x20, 0x03, 0xF0, 0x97, 0xFA, 0xDC, 0x20, 0x18, 0x80, 0x01, 0x20, 0x03, 0xF0, 0x92, 0xFA
	.byte 0xE9, 0x20, 0x18, 0x80, 0x01, 0x20, 0x03, 0xF0, 0x8D, 0xFA, 0xF6, 0x20, 0x18, 0x80, 0x01, 0x20
	.byte 0x03, 0xF0, 0x88, 0xFA, 0x0C, 0x20, 0x18, 0x80, 0x02, 0x20, 0x03, 0xF0, 0x83, 0xFA, 0x21, 0x20
	.byte 0x18, 0x80, 0x02, 0x20, 0x03, 0xF0, 0x7E, 0xFA, 0x2E, 0x20, 0x18, 0x80, 0x02, 0x20, 0x03, 0xF0
	.byte 0x79, 0xFA, 0x31, 0x20, 0x18, 0x80, 0x02, 0x20, 0x03, 0xF0, 0x74, 0xFA, 0x3C, 0x20, 0x18, 0x80
	.byte 0x02, 0x20, 0x03, 0xF0, 0x6F, 0xFA, 0x49, 0x20, 0x18, 0x80, 0x02, 0x20, 0x03, 0xF0, 0x6A, 0xFA
	.byte 0x4C, 0x20, 0x18, 0x80, 0x02, 0x20, 0x03, 0xF0, 0x65, 0xFA, 0x5A, 0x20, 0x18, 0x80, 0x02, 0x20
	.byte 0x03, 0xF0, 0x60, 0xFA, 0x60, 0x20, 0x18, 0x80, 0x02, 0x20, 0x03, 0xF0, 0x5B, 0xFA, 0x61, 0x20
	.byte 0x18, 0x80, 0x02, 0x20, 0x03, 0xF0, 0x56, 0xFA, 0x6A, 0x20, 0x18, 0x80, 0x02, 0x20, 0x03, 0xF0
	.byte 0x51, 0xFA, 0x6F, 0x20, 0x18, 0x80, 0x02, 0x20, 0x03, 0xF0, 0x4C, 0xFA, 0x75, 0x20, 0x18, 0x80
	.byte 0x02, 0x20, 0x03, 0xF0, 0x47, 0xFA, 0x81, 0x20, 0x18, 0x80, 0x02, 0x20, 0x03, 0xF0, 0x42, 0xFA
	.byte 0xAF, 0x20, 0x18, 0x80, 0x02, 0x20, 0x03, 0xF0, 0x3D, 0xFA, 0xB7, 0x20, 0x18, 0x80, 0x02, 0x20
	.byte 0x03, 0xF0, 0x38, 0xFA, 0xD3, 0x20, 0x18, 0x80, 0x02, 0x20, 0x03, 0xF0, 0x33, 0xFA, 0xE2, 0x20
	.byte 0x18, 0x80, 0x02, 0x20, 0x03, 0xF0, 0x2E, 0xFA, 0xEE, 0x20, 0x18, 0x80, 0x02, 0x20, 0x03, 0xF0
	.byte 0x29, 0xFA, 0xFB, 0x20, 0x18, 0x80, 0x02, 0x20, 0x03, 0xF0, 0x24, 0xFA, 0x09, 0x20, 0x18, 0x80
	.byte 0x03, 0x20, 0x03, 0xF0, 0x1F, 0xFA, 0x13, 0x20, 0x18, 0x80, 0x03, 0x20, 0x03, 0xF0, 0x1A, 0xFA
	.byte 0x1F, 0x20, 0x18, 0x80, 0x03, 0x20, 0x03, 0xF0, 0x15, 0xFA, 0x25, 0x20, 0x18, 0x80, 0x03, 0x20
	.byte 0x03, 0xF0, 0x10, 0xFA, 0x39, 0x20, 0x18, 0x80, 0x03, 0x20, 0x03, 0xF0, 0x0B, 0xFA, 0x46, 0x20
	.byte 0x18, 0x80, 0x03, 0x20, 0x03, 0xF0, 0x06, 0xFA, 0x62, 0x20, 0x18, 0x80, 0x03, 0x20, 0x03, 0xF0
	.byte 0x01, 0xFA, 0x64, 0x20, 0x18, 0x80, 0x03, 0x20, 0x03, 0xF0, 0xFC, 0xF9, 0x7A, 0x20, 0x18, 0x80
	.byte 0x03, 0x20, 0x03, 0xF0, 0xF7, 0xF9, 0xAB, 0x20, 0x18, 0x80, 0x03, 0x20, 0x03, 0xF0, 0xF2, 0xF9
	.byte 0xAC, 0x20, 0x18, 0x80, 0x03, 0x20, 0x03, 0xF0, 0xED, 0xF9, 0xBD, 0x20, 0x18, 0x80, 0x03, 0x20
	.byte 0x03, 0xF0, 0xE8, 0xF9, 0xBF, 0x20, 0x18, 0x80, 0x03, 0x20, 0x03, 0xF0, 0xE3, 0xF9, 0xFF, 0x20
	.byte 0x20, 0x40, 0x44, 0x38, 0xB7, 0x28, 0x01, 0xD9, 0x03, 0xF0, 0xDA, 0xF9, 0x80, 0x00, 0x02, 0x49
	.byte 0x40, 0x18, 0x00, 0x68, 0x87, 0x46, 0x00, 0x00, 0x5C, 0x86, 0x06, 0x08, 0xD2, 0x89, 0x06, 0x08
	.byte 0x00, 0xBA, 0x06, 0x08, 0x00, 0xBA, 0x06, 0x08, 0x00, 0xBA, 0x06, 0x08, 0x40, 0x8A, 0x06, 0x08
	.byte 0x00, 0xBA, 0x06, 0x08, 0x00, 0xBA, 0x06, 0x08, 0x00, 0xBA, 0x06, 0x08, 0x4A, 0x8A, 0x06, 0x08
	.byte 0x00, 0xBA, 0x06, 0x08, 0x00, 0xBA, 0x06, 0x08, 0x00, 0xBA, 0x06, 0x08, 0x00, 0xBA, 0x06, 0x08
	.byte 0x00, 0xBA, 0x06, 0x08, 0xF0, 0x89, 0x06, 0x08, 0x00, 0xBA, 0x06, 0x08, 0x00, 0xBA, 0x06, 0x08
	.byte 0x90, 0x8A, 0x06, 0x08, 0x00, 0xBA, 0x06, 0x08, 0x00, 0xBA, 0x06, 0x08, 0x18, 0x8A, 0x06, 0x08
	.byte 0x00, 0xBA, 0x06, 0x08, 0x00, 0xBA, 0x06, 0x08, 0x00, 0xBA, 0x06, 0x08, 0x5E, 0x8A, 0x06, 0x08
	.byte 0x00, 0xBA, 0x06, 0x08, 0x00, 0xBA, 0x06, 0x08, 0x00, 0xBA, 0x06, 0x08, 0x00, 0xBA, 0x06, 0x08
	.byte 0x00, 0xBA, 0x06, 0x08, 0x00, 0xBA, 0x06, 0x08, 0x00, 0xBA, 0x06, 0x08, 0x00, 0xBA, 0x06, 0x08
	.byte 0x00, 0xBA, 0x06, 0x08, 0x00, 0xBA, 0x06, 0x08, 0x00, 0xBA, 0x06, 0x08, 0x00, 0xBA, 0x06, 0x08
	.byte 0x00, 0xBA, 0x06, 0x08, 0x00, 0xBA, 0x06, 0x08, 0x00, 0xBA, 0x06, 0x08, 0x78, 0x89, 0x06, 0x08
	.byte 0x00, 0xBA, 0x06, 0x08, 0x00, 0xBA, 0x06, 0x08, 0x00, 0xBA, 0x06, 0x08, 0x00, 0xBA, 0x06, 0x08
	.byte 0x00, 0xBA, 0x06, 0x08, 0xE6, 0x89, 0x06, 0x08, 0x46, 0x89, 0x06, 0x08, 0x00, 0xBA, 0x06, 0x08
	.byte 0x00, 0xBA, 0x06, 0x08, 0x00, 0xBA, 0x06, 0x08, 0x00, 0xBA, 0x06, 0x08, 0x00, 0xBA, 0x06, 0x08
	.byte 0x00, 0xBA, 0x06, 0x08, 0x00, 0xBA, 0x06, 0x08, 0x00, 0xBA, 0x06, 0x08, 0x00, 0xBA, 0x06, 0x08
	.byte 0x00, 0xBA, 0x06, 0x08, 0x00, 0xBA, 0x06, 0x08, 0x00, 0xBA, 0x06, 0x08, 0x00, 0xBA, 0x06, 0x08
	.byte 0x00, 0xBA, 0x06, 0x08, 0x22, 0x8A, 0x06, 0x08, 0x00, 0xBA, 0x06, 0x08, 0x00, 0xBA, 0x06, 0x08
	.byte 0x00, 0xBA, 0x06, 0x08, 0x00, 0xBA, 0x06, 0x08, 0xAA, 0x89, 0x06, 0x08, 0x00, 0xBA, 0x06, 0x08
	.byte 0x00, 0xBA, 0x06, 0x08, 0x00, 0xBA, 0x06, 0x08, 0x00, 0xBA, 0x06, 0x08, 0x00, 0xBA, 0x06, 0x08
	.byte 0x00, 0xBA, 0x06, 0x08, 0x00, 0xBA, 0x06, 0x08, 0xB4, 0x89, 0x06, 0x08, 0x3C, 0x89, 0x06, 0x08
	.byte 0xC8, 0x89, 0x06, 0x08, 0x00, 0xBA, 0x06, 0x08, 0x68, 0x8A, 0x06, 0x08, 0x00, 0xBA, 0x06, 0x08
	.byte 0x00, 0xBA, 0x06, 0x08, 0x00, 0xBA, 0x06, 0x08, 0x00, 0xBA, 0x06, 0x08, 0x00, 0xBA, 0x06, 0x08
	.byte 0x00, 0xBA, 0x06, 0x08, 0x00, 0xBA, 0x06, 0x08, 0x00, 0xBA, 0x06, 0x08, 0x00, 0xBA, 0x06, 0x08
	.byte 0x00, 0xBA, 0x06, 0x08, 0x5A, 0x89, 0x06, 0x08, 0x00, 0xBA, 0x06, 0x08, 0x00, 0xBA, 0x06, 0x08
	.byte 0x82, 0x89, 0x06, 0x08, 0x6E, 0x89, 0x06, 0x08, 0x00, 0xBA, 0x06, 0x08, 0x00, 0xBA, 0x06, 0x08
	.byte 0xDC, 0x89, 0x06, 0x08, 0x00, 0xBA, 0x06, 0x08, 0x00, 0xBA, 0x06, 0x08, 0x00, 0xBA, 0x06, 0x08
	.byte 0x00, 0xBA, 0x06, 0x08, 0xA4, 0x8A, 0x06, 0x08, 0x00, 0xBA, 0x06, 0x08, 0x7C, 0x8A, 0x06, 0x08
	.byte 0x00, 0xBA, 0x06, 0x08, 0x00, 0xBA, 0x06, 0x08, 0x00, 0xBA, 0x06, 0x08, 0x00, 0xBA, 0x06, 0x08
	.byte 0x00, 0xBA, 0x06, 0x08, 0x00, 0xBA, 0x06, 0x08, 0x00, 0xBA, 0x06, 0x08, 0x00, 0xBA, 0x06, 0x08
	.byte 0x00, 0xBA, 0x06, 0x08, 0xFA, 0x89, 0x06, 0x08, 0x00, 0xBA, 0x06, 0x08, 0x00, 0xBA, 0x06, 0x08
	.byte 0x00, 0xBA, 0x06, 0x08, 0x00, 0xBA, 0x06, 0x08, 0x9A, 0x8A, 0x06, 0x08, 0x00, 0xBA, 0x06, 0x08
	.byte 0x72, 0x8A, 0x06, 0x08, 0x00, 0xBA, 0x06, 0x08, 0x00, 0xBA, 0x06, 0x08, 0x00, 0xBA, 0x06, 0x08
	.byte 0x00, 0xBA, 0x06, 0x08, 0x00, 0xBA, 0x06, 0x08, 0x04, 0x8A, 0x06, 0x08, 0x8C, 0x89, 0x06, 0x08
	.byte 0x64, 0x89, 0x06, 0x08, 0x00, 0xBA, 0x06, 0x08, 0x00, 0xBA, 0x06, 0x08, 0x00, 0xBA, 0x06, 0x08
	.byte 0x00, 0xBA, 0x06, 0x08, 0x00, 0xBA, 0x06, 0x08, 0x96, 0x89, 0x06, 0x08, 0x00, 0xBA, 0x06, 0x08
	.byte 0x00, 0xBA, 0x06, 0x08, 0x00, 0xBA, 0x06, 0x08, 0x0E, 0x8A, 0x06, 0x08, 0x00, 0xBA, 0x06, 0x08
	.byte 0x00, 0xBA, 0x06, 0x08, 0x00, 0xBA, 0x06, 0x08, 0x00, 0xBA, 0x06, 0x08, 0x00, 0xBA, 0x06, 0x08
	.byte 0x00, 0xBA, 0x06, 0x08, 0x00, 0xBA, 0x06, 0x08, 0x36, 0x8A, 0x06, 0x08, 0x00, 0xBA, 0x06, 0x08
	.byte 0xBE, 0x89, 0x06, 0x08, 0x00, 0xBA, 0x06, 0x08, 0x86, 0x8A, 0x06, 0x08, 0x00, 0xBA, 0x06, 0x08
	.byte 0x2C, 0x8A, 0x06, 0x08, 0x00, 0xBA, 0x06, 0x08, 0x50, 0x89, 0x06, 0x08, 0x00, 0xBA, 0x06, 0x08
	.byte 0x00, 0xBA, 0x06, 0x08, 0x00, 0xBA, 0x06, 0x08, 0x00, 0xBA, 0x06, 0x08, 0x00, 0xBA, 0x06, 0x08
	.byte 0x00, 0xBA, 0x06, 0x08, 0x00, 0xBA, 0x06, 0x08, 0x00, 0xBA, 0x06, 0x08, 0x00, 0xBA, 0x06, 0x08
	.byte 0x00, 0xBA, 0x06, 0x08, 0x00, 0xBA, 0x06, 0x08, 0x00, 0xBA, 0x06, 0x08, 0xA0, 0x89, 0x06, 0x08
	.byte 0x00, 0xBA, 0x06, 0x08, 0x00, 0xBA, 0x06, 0x08, 0x00, 0xBA, 0x06, 0x08, 0x00, 0xBA, 0x06, 0x08
	.byte 0x00, 0xBA, 0x06, 0x08, 0x00, 0xBA, 0x06, 0x08, 0x00, 0xBA, 0x06, 0x08, 0x00, 0xBA, 0x06, 0x08
	.byte 0x00, 0xBA, 0x06, 0x08, 0x00, 0xBA, 0x06, 0x08, 0x00, 0xBA, 0x06, 0x08, 0x00, 0xBA, 0x06, 0x08
	.byte 0x00, 0xBA, 0x06, 0x08, 0x00, 0xBA, 0x06, 0x08, 0x54, 0x8A, 0x06, 0x08, 0x17, 0x20, 0x18, 0x80
	.byte 0x01, 0x20, 0x03, 0xF0, 0x5F, 0xF8, 0x1F, 0x20, 0x18, 0x80, 0x01, 0x20, 0x03, 0xF0, 0x5A, 0xF8
	.byte 0x2E, 0x20, 0x18, 0x80, 0x01, 0x20, 0x03, 0xF0, 0x55, 0xF8, 0x7F, 0x20, 0x18, 0x80, 0x01, 0x20
	.byte 0x03, 0xF0, 0x50, 0xF8, 0x85, 0x20, 0x18, 0x80, 0x01, 0x20, 0x03, 0xF0, 0x4B, 0xF8, 0x8F, 0x20
	.byte 0x18, 0x80, 0x01, 0x20, 0x03, 0xF0, 0x46, 0xF8, 0x9D, 0x20, 0x18, 0x80, 0x01, 0x20, 0x03, 0xF0
	.byte 0x41, 0xF8, 0xA4, 0x20, 0x18, 0x80, 0x01, 0x20, 0x03, 0xF0, 0x3C, 0xF8, 0xBB, 0x20, 0x18, 0x80
	.byte 0x01, 0x20, 0x03, 0xF0, 0x37, 0xF8, 0xE4, 0x20, 0x18, 0x80, 0x01, 0x20, 0x03, 0xF0, 0x32, 0xF8
	.byte 0xE6, 0x20, 0x18, 0x80, 0x01, 0x20, 0x03, 0xF0, 0x2D, 0xF8, 0x17, 0x20, 0x18, 0x80, 0x02, 0x20
	.byte 0x03, 0xF0, 0x28, 0xF8, 0x1A, 0x20, 0x18, 0x80, 0x02, 0x20, 0x03, 0xF0, 0x23, 0xF8, 0x1D, 0x20
	.byte 0x18, 0x80, 0x02, 0x20, 0x03, 0xF0, 0x1E, 0xF8, 0x26, 0x20, 0x18, 0x80, 0x02, 0x20, 0x03, 0xF0
	.byte 0x19, 0xF8, 0x51, 0x20, 0x18, 0x80, 0x02, 0x20, 0x03, 0xF0, 0x14, 0xF8, 0x5B, 0x20, 0x18, 0x80
	.byte 0x02, 0x20, 0x03, 0xF0, 0x0F, 0xF8, 0x86, 0x20, 0x18, 0x80, 0x02, 0x20, 0x03, 0xF0, 0x0A, 0xF8
	.byte 0x8B, 0x20, 0x18, 0x80, 0x02, 0x20, 0x03, 0xF0, 0x05, 0xF8, 0x8D, 0x20, 0x18, 0x80, 0x02, 0x20
	.byte 0x03, 0xF0, 0x00, 0xF8, 0x93, 0x20, 0x18, 0x80, 0x02, 0x20, 0x02, 0xF0, 0xFB, 0xFF, 0xB3, 0x20
	.byte 0x18, 0x80, 0x02, 0x20, 0x02, 0xF0, 0xF6, 0xFF, 0xCA, 0x20, 0x18, 0x80, 0x02, 0x20, 0x02, 0xF0
	.byte 0xF1, 0xFF, 0xD7, 0x20, 0x18, 0x80, 0x02, 0x20, 0x02, 0xF0, 0xEC, 0xFF, 0xE0, 0x20, 0x18, 0x80
	.byte 0x02, 0x20, 0x02, 0xF0, 0xE7, 0xFF, 0xE6, 0x20, 0x18, 0x80, 0x02, 0x20, 0x02, 0xF0, 0xE2, 0xFF
	.byte 0xE7, 0x20, 0x18, 0x80, 0x02, 0x20, 0x02, 0xF0, 0xDD, 0xFF, 0xF3, 0x20, 0x18, 0x80, 0x02, 0x20
	.byte 0x02, 0xF0, 0xD8, 0xFF, 0xFA, 0x20, 0x18, 0x80, 0x02, 0x20, 0x02, 0xF0, 0xD3, 0xFF, 0x0F, 0x20
	.byte 0x18, 0x80, 0x03, 0x20, 0x02, 0xF0, 0xCE, 0xFF, 0x27, 0x20, 0x18, 0x80, 0x03, 0x20, 0x02, 0xF0
	.byte 0xC9, 0xFF, 0x28, 0x20, 0x18, 0x80, 0x03, 0x20, 0x02, 0xF0, 0xC4, 0xFF, 0x5C, 0x20, 0x18, 0x80
	.byte 0x03, 0x20, 0x02, 0xF0, 0xBF, 0xFF, 0x6C, 0x20, 0x18, 0x80, 0x03, 0x20, 0x02, 0xF0, 0xBA, 0xFF
	.byte 0x79, 0x20, 0x18, 0x80, 0x03, 0x20, 0x02, 0xF0, 0xB5, 0xFF, 0x80, 0x20, 0x18, 0x80, 0x03, 0x20
	.byte 0x02, 0xF0, 0xB0, 0xFF, 0xB9, 0x20, 0x18, 0x80, 0x03, 0x20, 0x02, 0xF0, 0xAB, 0xFF, 0xFF, 0x20
	.byte 0x20, 0x40, 0x40, 0x38, 0xBB, 0x28, 0x01, 0xD9, 0x02, 0xF0, 0xA2, 0xFF, 0x80, 0x00, 0x02, 0x49
	.byte 0x40, 0x18, 0x00, 0x68, 0x87, 0x46, 0x00, 0x00, 0xCC, 0x8A, 0x06, 0x08, 0x60, 0x8F, 0x06, 0x08
	.byte 0x00, 0xBA, 0x06, 0x08, 0x00, 0xBA, 0x06, 0x08, 0x00, 0xBA, 0x06, 0x08, 0x00, 0xBA, 0x06, 0x08
	.byte 0x00, 0xBA, 0x06, 0x08, 0x00, 0xBA, 0x06, 0x08, 0x00, 0xBA, 0x06, 0x08, 0x00, 0xBA, 0x06, 0x08
	.byte 0x00, 0xBA, 0x06, 0x08, 0x00, 0xBA, 0x06, 0x08, 0x00, 0xBA, 0x06, 0x08, 0x00, 0xBA, 0x06, 0x08
	.byte 0x00, 0xBA, 0x06, 0x08, 0x00, 0xBA, 0x06, 0x08, 0xC0, 0x8E, 0x06, 0x08, 0x00, 0xBA, 0x06, 0x08
	.byte 0x10, 0x8F, 0x06, 0x08, 0x00, 0xBA, 0x06, 0x08, 0x00, 0xBA, 0x06, 0x08, 0x00, 0xBA, 0x06, 0x08
	.byte 0x4C, 0x8F, 0x06, 0x08, 0x00, 0xBA, 0x06, 0x08, 0x00, 0xBA, 0x06, 0x08, 0x00, 0xBA, 0x06, 0x08
	.byte 0x00, 0xBA, 0x06, 0x08, 0xDE, 0x8E, 0x06, 0x08, 0x00, 0xBA, 0x06, 0x08, 0x00, 0xBA, 0x06, 0x08
	.byte 0x00, 0xBA, 0x06, 0x08, 0x00, 0xBA, 0x06, 0x08, 0x00, 0xBA, 0x06, 0x08, 0x00, 0xBA, 0x06, 0x08
	.byte 0xBA, 0x8F, 0x06, 0x08, 0x00, 0xBA, 0x06, 0x08, 0x84, 0x8E, 0x06, 0x08, 0x8E, 0x8E, 0x06, 0x08
	.byte 0x00, 0xBA, 0x06, 0x08, 0x00, 0xBA, 0x06, 0x08, 0xD4, 0x8E, 0x06, 0x08, 0x00, 0xBA, 0x06, 0x08
	.byte 0x00, 0xBA, 0x06, 0x08, 0x00, 0xBA, 0x06, 0x08, 0x00, 0xBA, 0x06, 0x08, 0x00, 0xBA, 0x06, 0x08
	.byte 0x5C, 0x8E, 0x06, 0x08, 0x1A, 0x8F, 0x06, 0x08, 0x00, 0xBA, 0x06, 0x08, 0x66, 0x8E, 0x06, 0x08
	.byte 0x16, 0x8E, 0x06, 0x08, 0x00, 0xBA, 0x06, 0x08, 0x00, 0xBA, 0x06, 0x08, 0x00, 0xBA, 0x06, 0x08
	.byte 0x00, 0xBA, 0x06, 0x08, 0xEE, 0x8D, 0x06, 0x08, 0x6A, 0x8F, 0x06, 0x08, 0x42, 0x8F, 0x06, 0x08
	.byte 0x00, 0xBA, 0x06, 0x08, 0x00, 0xBA, 0x06, 0x08, 0x00, 0xBA, 0x06, 0x08, 0x00, 0xBA, 0x06, 0x08
	.byte 0x00, 0xBA, 0x06, 0x08, 0x24, 0x8F, 0x06, 0x08, 0x00, 0xBA, 0x06, 0x08, 0xAC, 0x8E, 0x06, 0x08
	.byte 0x00, 0xBA, 0x06, 0x08, 0x00, 0xBA, 0x06, 0x08, 0x00, 0xBA, 0x06, 0x08, 0xF8, 0x8D, 0x06, 0x08
	.byte 0x00, 0xBA, 0x06, 0x08, 0x00, 0xBA, 0x06, 0x08, 0x00, 0xBA, 0x06, 0x08, 0x00, 0xBA, 0x06, 0x08
	.byte 0x00, 0xBA, 0x06, 0x08, 0x00, 0xBA, 0x06, 0x08, 0x06, 0x8F, 0x06, 0x08, 0x00, 0xBA, 0x06, 0x08
	.byte 0x00, 0xBA, 0x06, 0x08, 0x48, 0x8E, 0x06, 0x08, 0x00, 0xBA, 0x06, 0x08, 0x00, 0xBA, 0x06, 0x08
	.byte 0x7E, 0x8F, 0x06, 0x08, 0x00, 0xBA, 0x06, 0x08, 0x00, 0xBA, 0x06, 0x08, 0x00, 0xBA, 0x06, 0x08
	.byte 0x00, 0xBA, 0x06, 0x08, 0x3E, 0x8E, 0x06, 0x08, 0xFC, 0x8E, 0x06, 0x08, 0x00, 0xBA, 0x06, 0x08
	.byte 0x00, 0xBA, 0x06, 0x08, 0xA6, 0x8F, 0x06, 0x08, 0x00, 0xBA, 0x06, 0x08, 0x00, 0xBA, 0x06, 0x08
	.byte 0x34, 0x8E, 0x06, 0x08, 0xE4, 0x8D, 0x06, 0x08, 0x2A, 0x8E, 0x06, 0x08, 0x00, 0xBA, 0x06, 0x08
	.byte 0x02, 0x8E, 0x06, 0x08, 0x00, 0xBA, 0x06, 0x08, 0x00, 0xBA, 0x06, 0x08, 0x00, 0xBA, 0x06, 0x08
	.byte 0x00, 0xBA, 0x06, 0x08, 0x0C, 0x8E, 0x06, 0x08, 0x00, 0xBA, 0x06, 0x08, 0x88, 0x8F, 0x06, 0x08
	.byte 0xC6, 0x8D, 0x06, 0x08, 0x00, 0xBA, 0x06, 0x08, 0x00, 0xBA, 0x06, 0x08, 0x00, 0xBA, 0x06, 0x08
	.byte 0x00, 0xBA, 0x06, 0x08, 0x00, 0xBA, 0x06, 0x08, 0x00, 0xBA, 0x06, 0x08, 0x00, 0xBA, 0x06, 0x08
	.byte 0x00, 0xBA, 0x06, 0x08, 0x00, 0xBA, 0x06, 0x08, 0x00, 0xBA, 0x06, 0x08, 0x00, 0xBA, 0x06, 0x08
	.byte 0x00, 0xBA, 0x06, 0x08, 0x98, 0x8E, 0x06, 0x08, 0x00, 0xBA, 0x06, 0x08, 0xBC, 0x8D, 0x06, 0x08
	.byte 0x00, 0xBA, 0x06, 0x08, 0x00, 0xBA, 0x06, 0x08, 0x00, 0xBA, 0x06, 0x08, 0x00, 0xBA, 0x06, 0x08
	.byte 0x00, 0xBA, 0x06, 0x08, 0x00, 0xBA, 0x06, 0x08, 0xCE, 0x8F, 0x06, 0x08, 0x20, 0x8E, 0x06, 0x08
	.byte 0x00, 0xBA, 0x06, 0x08, 0x00, 0xBA, 0x06, 0x08, 0x00, 0xBA, 0x06, 0x08, 0x00, 0xBA, 0x06, 0x08
	.byte 0x00, 0xBA, 0x06, 0x08, 0x00, 0xBA, 0x06, 0x08, 0x00, 0xBA, 0x06, 0x08, 0x00, 0xBA, 0x06, 0x08
	.byte 0x00, 0xBA, 0x06, 0x08, 0x00, 0xBA, 0x06, 0x08, 0xC4, 0x8F, 0x06, 0x08, 0x74, 0x8F, 0x06, 0x08
	.byte 0x00, 0xBA, 0x06, 0x08, 0x00, 0xBA, 0x06, 0x08, 0x00, 0xBA, 0x06, 0x08, 0x00, 0xBA, 0x06, 0x08
	.byte 0x00, 0xBA, 0x06, 0x08, 0xDA, 0x8D, 0x06, 0x08, 0xCA, 0x8E, 0x06, 0x08, 0x9C, 0x8F, 0x06, 0x08
	.byte 0x00, 0xBA, 0x06, 0x08, 0x00, 0xBA, 0x06, 0x08, 0xD0, 0x8D, 0x06, 0x08, 0xF2, 0x8E, 0x06, 0x08
	.byte 0x00, 0xBA, 0x06, 0x08, 0x00, 0xBA, 0x06, 0x08, 0x00, 0xBA, 0x06, 0x08, 0x00, 0xBA, 0x06, 0x08
	.byte 0x00, 0xBA, 0x06, 0x08, 0x00, 0xBA, 0x06, 0x08, 0x00, 0xBA, 0x06, 0x08, 0x00, 0xBA, 0x06, 0x08
	.byte 0x00, 0xBA, 0x06, 0x08, 0x00, 0xBA, 0x06, 0x08, 0x7A, 0x8E, 0x06, 0x08, 0x00, 0xBA, 0x06, 0x08
	.byte 0xB6, 0x8E, 0x06, 0x08, 0x70, 0x8E, 0x06, 0x08, 0xE8, 0x8E, 0x06, 0x08, 0x52, 0x8E, 0x06, 0x08
	.byte 0x00, 0xBA, 0x06, 0x08, 0xB0, 0x8F, 0x06, 0x08, 0x00, 0xBA, 0x06, 0x08, 0x00, 0xBA, 0x06, 0x08
	.byte 0x56, 0x8F, 0x06, 0x08, 0x00, 0xBA, 0x06, 0x08, 0x00, 0xBA, 0x06, 0x08, 0x00, 0xBA, 0x06, 0x08
	.byte 0xA2, 0x8E, 0x06, 0x08, 0x00, 0xBA, 0x06, 0x08, 0x2E, 0x8F, 0x06, 0x08, 0x38, 0x8F, 0x06, 0x08
	.byte 0x00, 0xBA, 0x06, 0x08, 0x00, 0xBA, 0x06, 0x08, 0x00, 0xBA, 0x06, 0x08, 0x00, 0xBA, 0x06, 0x08
	.byte 0x00, 0xBA, 0x06, 0x08, 0x00, 0xBA, 0x06, 0x08, 0x92, 0x8F, 0x06, 0x08, 0x0D, 0x20, 0x18, 0x80
	.byte 0x01, 0x20, 0x02, 0xF0, 0x1F, 0xFE, 0x0F, 0x20, 0x18, 0x80, 0x01, 0x20, 0x02, 0xF0, 0x1A, 0xFE
	.byte 0x12, 0x20, 0x18, 0x80, 0x01, 0x20, 0x02, 0xF0, 0x15, 0xFE, 0x15, 0x20, 0x18, 0x80, 0x01, 0x20
	.byte 0x02, 0xF0, 0x10, 0xFE, 0x1B, 0x20, 0x18, 0x80, 0x01, 0x20, 0x02, 0xF0, 0x0B, 0xFE, 0x1C, 0x20
	.byte 0x18, 0x80, 0x01, 0x20, 0x02, 0xF0, 0x06, 0xFE, 0x2C, 0x20, 0x18, 0x80, 0x01, 0x20, 0x02, 0xF0
	.byte 0x01, 0xFE, 0x36, 0x20, 0x18, 0x80, 0x01, 0x20, 0x02, 0xF0, 0xFC, 0xFD, 0x57, 0x20, 0x18, 0x80
	.byte 0x01, 0x20, 0x02, 0xF0, 0xF7, 0xFD, 0x66, 0x20, 0x18, 0x80, 0x01, 0x20, 0x02, 0xF0, 0xF2, 0xFD
	.byte 0x6F, 0x20, 0x18, 0x80, 0x01, 0x20, 0x02, 0xF0, 0xED, 0xFD, 0x9B, 0x20, 0x18, 0x80, 0x01, 0x20
	.byte 0x02, 0xF0, 0xE8, 0xFD, 0x9C, 0x20, 0x18, 0x80, 0x01, 0x20, 0x02, 0xF0, 0xE3, 0xFD, 0xA1, 0x20
	.byte 0x18, 0x80, 0x01, 0x20, 0x02, 0xF0, 0xDE, 0xFD, 0xBF, 0x20, 0x18, 0x80, 0x01, 0x20, 0x02, 0xF0
	.byte 0xD9, 0xFD, 0xC5, 0x20, 0x18, 0x80, 0x01, 0x20, 0x02, 0xF0, 0xD4, 0xFD, 0xDB, 0x20, 0x18, 0x80
	.byte 0x01, 0x20, 0x02, 0xF0, 0xCF, 0xFD, 0xE8, 0x20, 0x18, 0x80, 0x01, 0x20, 0x02, 0xF0, 0xCA, 0xFD
	.byte 0xF1, 0x20, 0x18, 0x80, 0x01, 0x20, 0x02, 0xF0, 0xC5, 0xFD, 0xF9, 0x20, 0x18, 0x80, 0x01, 0x20
	.byte 0x02, 0xF0, 0xC0, 0xFD, 0x0A, 0x20, 0x18, 0x80, 0x02, 0x20, 0x02, 0xF0, 0xBB, 0xFD, 0x16, 0x20
	.byte 0x18, 0x80, 0x02, 0x20, 0x02, 0xF0, 0xB6, 0xFD, 0x1C, 0x20, 0x18, 0x80, 0x02, 0x20, 0x02, 0xF0
	.byte 0xB1, 0xFD, 0x1F, 0x20, 0x18, 0x80, 0x02, 0x20, 0x02, 0xF0, 0xAC, 0xFD, 0x30, 0x20, 0x18, 0x80
	.byte 0x02, 0x20, 0x02, 0xF0, 0xA7, 0xFD, 0x4B, 0x20, 0x18, 0x80, 0x02, 0x20, 0x02, 0xF0, 0xA2, 0xFD
	.byte 0x4E, 0x20, 0x18, 0x80, 0x02, 0x20, 0x02, 0xF0, 0x9D, 0xFD, 0x50, 0x20, 0x18, 0x80, 0x02, 0x20
	.byte 0x02, 0xF0, 0x98, 0xFD, 0x56, 0x20, 0x18, 0x80, 0x02, 0x20, 0x02, 0xF0, 0x93, 0xFD, 0x57, 0x20
	.byte 0x18, 0x80, 0x02, 0x20, 0x02, 0xF0, 0x8E, 0xFD, 0x66, 0x20, 0x18, 0x80, 0x02, 0x20, 0x02, 0xF0
	.byte 0x89, 0xFD, 0x70, 0x20, 0x18, 0x80, 0x02, 0x20, 0x02, 0xF0, 0x84, 0xFD, 0x7A, 0x20, 0x18, 0x80
	.byte 0x02, 0x20, 0x02, 0xF0, 0x7F, 0xFD, 0x88, 0x20, 0x18, 0x80, 0x02, 0x20, 0x02, 0xF0, 0x7A, 0xFD
	.byte 0x97, 0x20, 0x18, 0x80, 0x02, 0x20, 0x02, 0xF0, 0x75, 0xFD, 0xA6, 0x20, 0x18, 0x80, 0x02, 0x20
	.byte 0x02, 0xF0, 0x70, 0xFD, 0xA9, 0x20, 0x18, 0x80, 0x02, 0x20, 0x02, 0xF0, 0x6B, 0xFD, 0xC2, 0x20
	.byte 0x18, 0x80, 0x02, 0x20, 0x02, 0xF0, 0x66, 0xFD, 0xC7, 0x20, 0x18, 0x80, 0x02, 0x20, 0x02, 0xF0
	.byte 0x61, 0xFD, 0xE3, 0x20, 0x18, 0x80, 0x02, 0x20, 0x02, 0xF0, 0x5C, 0xFD, 0xF2, 0x20, 0x18, 0x80
	.byte 0x02, 0x20, 0x02, 0xF0, 0x57, 0xFD, 0xF6, 0x20, 0x18, 0x80, 0x02, 0x20, 0x02, 0xF0, 0x52, 0xFD
	.byte 0x10, 0x20, 0x18, 0x80, 0x03, 0x20, 0x02, 0xF0, 0x4D, 0xFD, 0x19, 0x20, 0x18, 0x80, 0x03, 0x20
	.byte 0x02, 0xF0, 0x48, 0xFD, 0x2A, 0x20, 0x18, 0x80, 0x03, 0x20, 0x02, 0xF0, 0x43, 0xFD, 0x32, 0x20
	.byte 0x18, 0x80, 0x03, 0x20, 0x02, 0xF0, 0x3E, 0xFD, 0x51, 0x20, 0x18, 0x80, 0x03, 0x20, 0x02, 0xF0
	.byte 0x39, 0xFD, 0x7C, 0x20, 0x18, 0x80, 0x03, 0x20, 0x02, 0xF0, 0x34, 0xFD, 0x7D, 0x20, 0x18, 0x80
	.byte 0x03, 0x20, 0x02, 0xF0, 0x2F, 0xFD, 0x8C, 0x20, 0x18, 0x80, 0x03, 0x20, 0x02, 0xF0, 0x2A, 0xFD
	.byte 0x92, 0x20, 0x18, 0x80, 0x03, 0x20, 0x02, 0xF0, 0x25, 0xFD, 0x9F, 0x20, 0x18, 0x80, 0x03, 0x20
	.byte 0x02, 0xF0, 0x20, 0xFD, 0xA4, 0x20, 0x18, 0x80, 0x03, 0x20, 0x02, 0xF0, 0x1B, 0xFD, 0xC4, 0x20
	.byte 0x18, 0x80, 0x03, 0x20, 0x02, 0xF0, 0x16, 0xFD, 0xFF, 0x20, 0x20, 0x40, 0x49, 0x38, 0xAA, 0x28
	.byte 0x01, 0xD9, 0x02, 0xF0, 0x0D, 0xFD, 0x80, 0x00, 0x01, 0x49, 0x40, 0x18, 0x00, 0x68, 0x87, 0x46
	.byte 0xF4, 0x8F, 0x06, 0x08, 0xA4, 0x93, 0x06, 0x08, 0x00, 0xBA, 0x06, 0x08, 0x00, 0xBA, 0x06, 0x08
	.byte 0x00, 0xBA, 0x06, 0x08, 0x00, 0xBA, 0x06, 0x08, 0x00, 0xBA, 0x06, 0x08, 0x00, 0xBA, 0x06, 0x08
	.byte 0xFA, 0x92, 0x06, 0x08, 0x00, 0xBA, 0x06, 0x08, 0x00, 0xBA, 0x06, 0x08, 0x00, 0xBA, 0x06, 0x08
	.byte 0x00, 0xBA, 0x06, 0x08, 0x00, 0xBA, 0x06, 0x08, 0x00, 0xBA, 0x06, 0x08, 0x2C, 0x93, 0x06, 0x08
	.byte 0x00, 0xBA, 0x06, 0x08, 0x00, 0xBA, 0x06, 0x08, 0xF4, 0x93, 0x06, 0x08, 0xC2, 0x93, 0x06, 0x08
	.byte 0x30, 0x94, 0x06, 0x08, 0x5E, 0x93, 0x06, 0x08, 0x00, 0xBA, 0x06, 0x08, 0x00, 0xBA, 0x06, 0x08
	.byte 0x00, 0xBA, 0x06, 0x08, 0x00, 0xBA, 0x06, 0x08, 0x00, 0xBA, 0x06, 0x08, 0x00, 0xBA, 0x06, 0x08
	.byte 0x18, 0x93, 0x06, 0x08, 0x00, 0xBA, 0x06, 0x08, 0x00, 0xBA, 0x06, 0x08, 0x00, 0xBA, 0x06, 0x08
	.byte 0xD6, 0x93, 0x06, 0x08, 0x00, 0xBA, 0x06, 0x08, 0x00, 0xBA, 0x06, 0x08, 0x00, 0xBA, 0x06, 0x08
	.byte 0x00, 0xBA, 0x06, 0x08, 0x00, 0xBA, 0x06, 0x08, 0x00, 0xBA, 0x06, 0x08, 0xA0, 0x92, 0x06, 0x08
	.byte 0x1C, 0x94, 0x06, 0x08, 0x00, 0xBA, 0x06, 0x08, 0x00, 0xBA, 0x06, 0x08, 0x00, 0xBA, 0x06, 0x08
	.byte 0x00, 0xBA, 0x06, 0x08, 0xCC, 0x93, 0x06, 0x08, 0x00, 0xBA, 0x06, 0x08, 0x00, 0xBA, 0x06, 0x08
	.byte 0x00, 0xBA, 0x06, 0x08, 0x00, 0xBA, 0x06, 0x08, 0x00, 0xBA, 0x06, 0x08, 0x00, 0xBA, 0x06, 0x08
	.byte 0x00, 0xBA, 0x06, 0x08, 0x00, 0xBA, 0x06, 0x08, 0x00, 0xBA, 0x06, 0x08, 0x00, 0xBA, 0x06, 0x08
	.byte 0xE6, 0x92, 0x06, 0x08, 0x00, 0xBA, 0x06, 0x08, 0x00, 0xBA, 0x06, 0x08, 0x08, 0x94, 0x06, 0x08
	.byte 0x00, 0xBA, 0x06, 0x08, 0x00, 0xBA, 0x06, 0x08, 0x00, 0xBA, 0x06, 0x08, 0x00, 0xBA, 0x06, 0x08
	.byte 0x00, 0xBA, 0x06, 0x08, 0x4A, 0x93, 0x06, 0x08, 0xB4, 0x92, 0x06, 0x08, 0x00, 0xBA, 0x06, 0x08
	.byte 0x00, 0xBA, 0x06, 0x08, 0x00, 0xBA, 0x06, 0x08, 0x00, 0xBA, 0x06, 0x08, 0x54, 0x93, 0x06, 0x08
	.byte 0x00, 0xBA, 0x06, 0x08, 0x7C, 0x93, 0x06, 0x08, 0x00, 0xBA, 0x06, 0x08, 0x00, 0xBA, 0x06, 0x08
	.byte 0x0E, 0x93, 0x06, 0x08, 0xC8, 0x92, 0x06, 0x08, 0x00, 0xBA, 0x06, 0x08, 0xBE, 0x92, 0x06, 0x08
	.byte 0x00, 0xBA, 0x06, 0x08, 0x00, 0xBA, 0x06, 0x08, 0x00, 0xBA, 0x06, 0x08, 0x00, 0xBA, 0x06, 0x08
	.byte 0x00, 0xBA, 0x06, 0x08, 0xEA, 0x93, 0x06, 0x08, 0x00, 0xBA, 0x06, 0x08, 0x40, 0x93, 0x06, 0x08
	.byte 0x00, 0xBA, 0x06, 0x08, 0x00, 0xBA, 0x06, 0x08, 0x3A, 0x94, 0x06, 0x08, 0x00, 0xBA, 0x06, 0x08
	.byte 0x00, 0xBA, 0x06, 0x08, 0x00, 0xBA, 0x06, 0x08, 0x00, 0xBA, 0x06, 0x08, 0x00, 0xBA, 0x06, 0x08
	.byte 0x00, 0xBA, 0x06, 0x08, 0x00, 0xBA, 0x06, 0x08, 0x00, 0xBA, 0x06, 0x08, 0x00, 0xBA, 0x06, 0x08
	.byte 0xE0, 0x93, 0x06, 0x08, 0x22, 0x93, 0x06, 0x08, 0x00, 0xBA, 0x06, 0x08, 0x00, 0xBA, 0x06, 0x08
	.byte 0x00, 0xBA, 0x06, 0x08, 0x00, 0xBA, 0x06, 0x08, 0x00, 0xBA, 0x06, 0x08, 0x00, 0xBA, 0x06, 0x08
	.byte 0x00, 0xBA, 0x06, 0x08, 0x00, 0xBA, 0x06, 0x08, 0x00, 0xBA, 0x06, 0x08, 0x00, 0xBA, 0x06, 0x08
	.byte 0x00, 0xBA, 0x06, 0x08, 0x00, 0xBA, 0x06, 0x08, 0x00, 0xBA, 0x06, 0x08, 0x00, 0xBA, 0x06, 0x08
	.byte 0x00, 0xBA, 0x06, 0x08, 0x00, 0xBA, 0x06, 0x08, 0x00, 0xBA, 0x06, 0x08, 0x00, 0xBA, 0x06, 0x08
	.byte 0x00, 0xBA, 0x06, 0x08, 0x68, 0x93, 0x06, 0x08, 0x00, 0xBA, 0x06, 0x08, 0x00, 0xBA, 0x06, 0x08
	.byte 0x72, 0x93, 0x06, 0x08, 0x00, 0xBA, 0x06, 0x08, 0x26, 0x94, 0x06, 0x08, 0x00, 0xBA, 0x06, 0x08
	.byte 0x00, 0xBA, 0x06, 0x08, 0x00, 0xBA, 0x06, 0x08, 0x00, 0xBA, 0x06, 0x08, 0x00, 0xBA, 0x06, 0x08
	.byte 0x00, 0xBA, 0x06, 0x08, 0x00, 0xBA, 0x06, 0x08, 0xFE, 0x93, 0x06, 0x08, 0x00, 0xBA, 0x06, 0x08
	.byte 0xF0, 0x92, 0x06, 0x08, 0x00, 0xBA, 0x06, 0x08, 0x00, 0xBA, 0x06, 0x08, 0x00, 0xBA, 0x06, 0x08
	.byte 0x00, 0xBA, 0x06, 0x08, 0x00, 0xBA, 0x06, 0x08, 0x00, 0xBA, 0x06, 0x08, 0x00, 0xBA, 0x06, 0x08
	.byte 0x36, 0x93, 0x06, 0x08, 0x00, 0xBA, 0x06, 0x08, 0x00, 0xBA, 0x06, 0x08, 0x00, 0xBA, 0x06, 0x08
	.byte 0x00, 0xBA, 0x06, 0x08, 0x00, 0xBA, 0x06, 0x08, 0x00, 0xBA, 0x06, 0x08, 0x00, 0xBA, 0x06, 0x08
	.byte 0x00, 0xBA, 0x06, 0x08, 0x86, 0x93, 0x06, 0x08, 0x00, 0xBA, 0x06, 0x08, 0xD2, 0x92, 0x06, 0x08
	.byte 0xDC, 0x92, 0x06, 0x08, 0x00, 0xBA, 0x06, 0x08, 0xB8, 0x93, 0x06, 0x08, 0x04, 0x93, 0x06, 0x08
	.byte 0x00, 0xBA, 0x06, 0x08, 0x9A, 0x93, 0x06, 0x08, 0xAA, 0x92, 0x06, 0x08, 0x00, 0xBA, 0x06, 0x08
	.byte 0x00, 0xBA, 0x06, 0x08, 0x44, 0x94, 0x06, 0x08, 0xAE, 0x93, 0x06, 0x08, 0x00, 0xBA, 0x06, 0x08
	.byte 0x12, 0x94, 0x06, 0x08, 0x00, 0xBA, 0x06, 0x08, 0x00, 0xBA, 0x06, 0x08, 0x90, 0x93, 0x06, 0x08
	.byte 0x1D, 0x20, 0x18, 0x80, 0x01, 0x20, 0x02, 0xF0, 0xAD, 0xFB, 0x20, 0x20, 0x18, 0x80, 0x01, 0x20
	.byte 0x02, 0xF0, 0xA8, 0xFB, 0x21, 0x20, 0x18, 0x80, 0x01, 0x20, 0x02, 0xF0, 0xA3, 0xFB, 0x30, 0x20
	.byte 0x18, 0x80, 0x01, 0x20, 0x02, 0xF0, 0x9E, 0xFB, 0x44, 0x20, 0x18, 0x80, 0x01, 0x20, 0x02, 0xF0
	.byte 0x99, 0xFB, 0xB7, 0x20, 0x18, 0x80, 0x01, 0x20, 0x02, 0xF0, 0x94, 0xFB, 0xB9, 0x20, 0x18, 0x80
	.byte 0x01, 0x20, 0x02, 0xF0, 0x8F, 0xFB, 0xC2, 0x20, 0x18, 0x80, 0x01, 0x20, 0x02, 0xF0, 0x8A, 0xFB
	.byte 0xCC, 0x20, 0x18, 0x80, 0x01, 0x20, 0x02, 0xF0, 0x85, 0xFB, 0xD9, 0x20, 0x18, 0x80, 0x01, 0x20
	.byte 0x02, 0xF0, 0x80, 0xFB, 0xE0, 0x20, 0x18, 0x80, 0x01, 0x20, 0x02, 0xF0, 0x7B, 0xFB, 0xE2, 0x20
	.byte 0x18, 0x80, 0x01, 0x20, 0x02, 0xF0, 0x76, 0xFB, 0xEC, 0x20, 0x18, 0x80, 0x01, 0x20, 0x02, 0xF0
	.byte 0x71, 0xFB, 0x15, 0x20, 0x18, 0x80, 0x02, 0x20, 0x02, 0xF0, 0x6C, 0xFB, 0x23, 0x20, 0x18, 0x80
	.byte 0x02, 0x20, 0x02, 0xF0, 0x67, 0xFB, 0x27, 0x20, 0x18, 0x80, 0x02, 0x20, 0x02, 0xF0, 0x62, 0xFB
	.byte 0x2D, 0x20, 0x18, 0x80, 0x02, 0x20, 0x02, 0xF0, 0x5D, 0xFB, 0x3F, 0x20, 0x18, 0x80, 0x02, 0x20
	.byte 0x02, 0xF0, 0x58, 0xFB, 0x46, 0x20, 0x18, 0x80, 0x02, 0x20, 0x02, 0xF0, 0x53, 0xFB, 0x53, 0x20
	.byte 0x18, 0x80, 0x02, 0x20, 0x02, 0xF0, 0x4E, 0xFB, 0x8E, 0x20, 0x18, 0x80, 0x02, 0x20, 0x02, 0xF0
	.byte 0x49, 0xFB, 0x90, 0x20, 0x18, 0x80, 0x02, 0x20, 0x02, 0xF0, 0x44, 0xFB, 0x91, 0x20, 0x18, 0x80
	.byte 0x02, 0x20, 0x02, 0xF0, 0x3F, 0xFB, 0x94, 0x20, 0x18, 0x80, 0x02, 0x20, 0x02, 0xF0, 0x3A, 0xFB
	.byte 0xBA, 0x20, 0x18, 0x80, 0x02, 0x20, 0x02, 0xF0, 0x35, 0xFB, 0xBD, 0x20, 0x18, 0x80, 0x02, 0x20
	.byte 0x02, 0xF0, 0x30, 0xFB, 0xBE, 0x20, 0x18, 0x80, 0x02, 0x20, 0x02, 0xF0, 0x2B, 0xFB, 0xBF, 0x20
	.byte 0x18, 0x80, 0x02, 0x20, 0x02, 0xF0, 0x26, 0xFB, 0xC4, 0x20, 0x18, 0x80, 0x02, 0x20, 0x02, 0xF0
	.byte 0x21, 0xFB, 0xCE, 0x20, 0x18, 0x80, 0x02, 0x20, 0x02, 0xF0, 0x1C, 0xFB, 0xD1, 0x20, 0x18, 0x80
	.byte 0x02, 0x20, 0x02, 0xF0, 0x17, 0xFB, 0xE1, 0x20, 0x18, 0x80, 0x02, 0x20, 0x02, 0xF0, 0x12, 0xFB
	.byte 0xE5, 0x20, 0x18, 0x80, 0x02, 0x20, 0x02, 0xF0, 0x0D, 0xFB, 0xE9, 0x20, 0x18, 0x80, 0x02, 0x20
	.byte 0x02, 0xF0, 0x08, 0xFB, 0x00, 0x20, 0x18, 0x80, 0x03, 0x20, 0x02, 0xF0, 0x03, 0xFB, 0x02, 0x20
	.byte 0x18, 0x80, 0x03, 0x20, 0x02, 0xF0, 0xFE, 0xFA, 0x16, 0x20, 0x18, 0x80, 0x03, 0x20, 0x02, 0xF0
	.byte 0xF9, 0xFA, 0x1C, 0x20, 0x18, 0x80, 0x03, 0x20, 0x02, 0xF0, 0xF4, 0xFA, 0x54, 0x20, 0x18, 0x80
	.byte 0x03, 0x20, 0x02, 0xF0, 0xEF, 0xFA, 0x82, 0x20, 0x18, 0x80, 0x03, 0x20, 0x02, 0xF0, 0xEA, 0xFA
	.byte 0x8B, 0x20, 0x18, 0x80, 0x03, 0x20, 0x02, 0xF0, 0xE5, 0xFA, 0xA5, 0x20, 0x18, 0x80, 0x03, 0x20
	.byte 0x02, 0xF0, 0xE0, 0xFA, 0xAF, 0x20, 0x18, 0x80, 0x03, 0x20, 0x02, 0xF0, 0xDB, 0xFA, 0xFF, 0x20
	.byte 0x20, 0x40, 0x41, 0x38, 0xB4, 0x28, 0x01, 0xD9, 0x02, 0xF0, 0xD2, 0xFA, 0x80, 0x00, 0x02, 0x49
	.byte 0x40, 0x18, 0x00, 0x68, 0x87, 0x46, 0x00, 0x00, 0x6C, 0x94, 0x06, 0x08, 0xAE, 0x98, 0x06, 0x08
	.byte 0x00, 0xBA, 0x06, 0x08, 0x00, 0xBA, 0x06, 0x08, 0xEA, 0x98, 0x06, 0x08, 0xA0, 0x97, 0x06, 0x08
	.byte 0x0E, 0x98, 0x06, 0x08, 0x00, 0xBA, 0x06, 0x08, 0xC8, 0x97, 0x06, 0x08, 0x00, 0xBA, 0x06, 0x08
	.byte 0x00, 0xBA, 0x06, 0x08, 0x00, 0xBA, 0x06, 0x08, 0x00, 0xBA, 0x06, 0x08, 0xBE, 0x97, 0x06, 0x08
	.byte 0x00, 0xBA, 0x06, 0x08, 0x00, 0xBA, 0x06, 0x08, 0x00, 0xBA, 0x06, 0x08, 0x82, 0x97, 0x06, 0x08
	.byte 0x00, 0xBA, 0x06, 0x08, 0x46, 0x97, 0x06, 0x08, 0x00, 0xBA, 0x06, 0x08, 0xFE, 0x98, 0x06, 0x08
	.byte 0x04, 0x98, 0x06, 0x08, 0x00, 0xBA, 0x06, 0x08, 0x68, 0x98, 0x06, 0x08, 0x00, 0xBA, 0x06, 0x08
	.byte 0x00, 0xBA, 0x06, 0x08, 0x6E, 0x97, 0x06, 0x08, 0x00, 0xBA, 0x06, 0x08, 0x00, 0xBA, 0x06, 0x08
	.byte 0xE6, 0x97, 0x06, 0x08, 0xCC, 0x98, 0x06, 0x08, 0x00, 0xBA, 0x06, 0x08, 0x00, 0xBA, 0x06, 0x08
	.byte 0x40, 0x98, 0x06, 0x08, 0x00, 0xBA, 0x06, 0x08, 0x00, 0xBA, 0x06, 0x08, 0xF0, 0x97, 0x06, 0x08
	.byte 0x00, 0xBA, 0x06, 0x08, 0x22, 0x98, 0x06, 0x08, 0x00, 0xBA, 0x06, 0x08, 0x36, 0x98, 0x06, 0x08
	.byte 0x00, 0xBA, 0x06, 0x08, 0x00, 0xBA, 0x06, 0x08, 0x50, 0x97, 0x06, 0x08, 0x00, 0xBA, 0x06, 0x08
	.byte 0x00, 0xBA, 0x06, 0x08, 0x00, 0xBA, 0x06, 0x08, 0x00, 0xBA, 0x06, 0x08, 0x00, 0xBA, 0x06, 0x08
	.byte 0x00, 0xBA, 0x06, 0x08, 0x00, 0xBA, 0x06, 0x08, 0x00, 0xBA, 0x06, 0x08, 0x00, 0xBA, 0x06, 0x08
	.byte 0x00, 0xBA, 0x06, 0x08, 0x00, 0xBA, 0x06, 0x08, 0x00, 0xBA, 0x06, 0x08, 0x00, 0xBA, 0x06, 0x08
	.byte 0x00, 0xBA, 0x06, 0x08, 0x00, 0xBA, 0x06, 0x08, 0x00, 0xBA, 0x06, 0x08, 0x86, 0x98, 0x06, 0x08
	.byte 0x00, 0xBA, 0x06, 0x08, 0x00, 0xBA, 0x06, 0x08, 0x00, 0xBA, 0x06, 0x08, 0x00, 0xBA, 0x06, 0x08
	.byte 0x00, 0xBA, 0x06, 0x08, 0x00, 0xBA, 0x06, 0x08, 0x72, 0x98, 0x06, 0x08, 0x4A, 0x98, 0x06, 0x08
	.byte 0x00, 0xBA, 0x06, 0x08, 0x00, 0xBA, 0x06, 0x08, 0x00, 0xBA, 0x06, 0x08, 0x00, 0xBA, 0x06, 0x08
	.byte 0x00, 0xBA, 0x06, 0x08, 0x00, 0xBA, 0x06, 0x08, 0x00, 0xBA, 0x06, 0x08, 0x00, 0xBA, 0x06, 0x08
	.byte 0x00, 0xBA, 0x06, 0x08, 0x00, 0xBA, 0x06, 0x08, 0x00, 0xBA, 0x06, 0x08, 0x00, 0xBA, 0x06, 0x08
	.byte 0x00, 0xBA, 0x06, 0x08, 0x00, 0xBA, 0x06, 0x08, 0x5E, 0x98, 0x06, 0x08, 0x00, 0xBA, 0x06, 0x08
	.byte 0x00, 0xBA, 0x06, 0x08, 0x00, 0xBA, 0x06, 0x08, 0x00, 0xBA, 0x06, 0x08, 0x00, 0xBA, 0x06, 0x08
	.byte 0x00, 0xBA, 0x06, 0x08, 0x00, 0xBA, 0x06, 0x08, 0x00, 0xBA, 0x06, 0x08, 0x00, 0xBA, 0x06, 0x08
	.byte 0x00, 0xBA, 0x06, 0x08, 0x00, 0xBA, 0x06, 0x08, 0x00, 0xBA, 0x06, 0x08, 0x00, 0xBA, 0x06, 0x08
	.byte 0x78, 0x97, 0x06, 0x08, 0x00, 0xBA, 0x06, 0x08, 0x00, 0xBA, 0x06, 0x08, 0x00, 0xBA, 0x06, 0x08
	.byte 0x00, 0xBA, 0x06, 0x08, 0x08, 0x99, 0x06, 0x08, 0xD2, 0x97, 0x06, 0x08, 0x00, 0xBA, 0x06, 0x08
	.byte 0x00, 0xBA, 0x06, 0x08, 0xE0, 0x98, 0x06, 0x08, 0xDC, 0x97, 0x06, 0x08, 0x00, 0xBA, 0x06, 0x08
	.byte 0x00, 0xBA, 0x06, 0x08, 0x90, 0x98, 0x06, 0x08, 0x5A, 0x97, 0x06, 0x08, 0x00, 0xBA, 0x06, 0x08
	.byte 0x00, 0xBA, 0x06, 0x08, 0xB4, 0x97, 0x06, 0x08, 0x00, 0xBA, 0x06, 0x08, 0x54, 0x98, 0x06, 0x08
	.byte 0xAA, 0x97, 0x06, 0x08, 0x00, 0xBA, 0x06, 0x08, 0xC2, 0x98, 0x06, 0x08, 0x00, 0xBA, 0x06, 0x08
	.byte 0x8C, 0x97, 0x06, 0x08, 0x00, 0xBA, 0x06, 0x08, 0x00, 0xBA, 0x06, 0x08, 0x00, 0xBA, 0x06, 0x08
	.byte 0x00, 0xBA, 0x06, 0x08, 0x00, 0xBA, 0x06, 0x08, 0x00, 0xBA, 0x06, 0x08, 0x00, 0xBA, 0x06, 0x08
	.byte 0xB8, 0x98, 0x06, 0x08, 0xD6, 0x98, 0x06, 0x08, 0x00, 0xBA, 0x06, 0x08, 0x00, 0xBA, 0x06, 0x08
	.byte 0x00, 0xBA, 0x06, 0x08, 0x00, 0xBA, 0x06, 0x08, 0x00, 0xBA, 0x06, 0x08, 0x00, 0xBA, 0x06, 0x08
	.byte 0x00, 0xBA, 0x06, 0x08, 0x00, 0xBA, 0x06, 0x08, 0x7C, 0x98, 0x06, 0x08, 0x00, 0xBA, 0x06, 0x08
	.byte 0x00, 0xBA, 0x06, 0x08, 0x00, 0xBA, 0x06, 0x08, 0x00, 0xBA, 0x06, 0x08, 0x00, 0xBA, 0x06, 0x08
	.byte 0x00, 0xBA, 0x06, 0x08, 0x18, 0x98, 0x06, 0x08, 0x9A, 0x98, 0x06, 0x08, 0x00, 0xBA, 0x06, 0x08
	.byte 0x00, 0xBA, 0x06, 0x08, 0x00, 0xBA, 0x06, 0x08, 0x40, 0x97, 0x06, 0x08, 0x00, 0xBA, 0x06, 0x08
	.byte 0xF4, 0x98, 0x06, 0x08, 0x00, 0xBA, 0x06, 0x08, 0x00, 0xBA, 0x06, 0x08, 0x00, 0xBA, 0x06, 0x08
	.byte 0x00, 0xBA, 0x06, 0x08, 0x00, 0xBA, 0x06, 0x08, 0x96, 0x97, 0x06, 0x08, 0x00, 0xBA, 0x06, 0x08
	.byte 0xFA, 0x97, 0x06, 0x08, 0x00, 0xBA, 0x06, 0x08, 0x00, 0xBA, 0x06, 0x08, 0x00, 0xBA, 0x06, 0x08
	.byte 0x2C, 0x98, 0x06, 0x08, 0x00, 0xBA, 0x06, 0x08, 0x00, 0xBA, 0x06, 0x08, 0x00, 0xBA, 0x06, 0x08
	.byte 0x00, 0xBA, 0x06, 0x08, 0x00, 0xBA, 0x06, 0x08, 0x00, 0xBA, 0x06, 0x08, 0x64, 0x97, 0x06, 0x08
	.byte 0x00, 0xBA, 0x06, 0x08, 0x00, 0xBA, 0x06, 0x08, 0x00, 0xBA, 0x06, 0x08, 0x00, 0xBA, 0x06, 0x08
	.byte 0x00, 0xBA, 0x06, 0x08, 0x00, 0xBA, 0x06, 0x08, 0x00, 0xBA, 0x06, 0x08, 0xA4, 0x98, 0x06, 0x08
	.byte 0x01, 0x20, 0x02, 0xF0, 0x5E, 0xF9, 0x03, 0x20, 0x18, 0x80, 0x01, 0x20, 0x02, 0xF0, 0x5A, 0xF9
	.byte 0x2B, 0x20, 0x18, 0x80, 0x01, 0x20, 0x02, 0xF0, 0x55, 0xF9, 0x41, 0x20, 0x18, 0x80, 0x01, 0x20
	.byte 0x02, 0xF0, 0x50, 0xF9, 0x42, 0x20, 0x18, 0x80, 0x01, 0x20, 0x02, 0xF0, 0x4B, 0xF9, 0x45, 0x20
	.byte 0x18, 0x80, 0x01, 0x20, 0x02, 0xF0, 0x46, 0xF9, 0x52, 0x20, 0x18, 0x80, 0x01, 0x20, 0x02, 0xF0
	.byte 0x41, 0xF9, 0x5E, 0x20, 0x18, 0x80, 0x01, 0x20, 0x02, 0xF0, 0x3C, 0xF9, 0x61, 0x20, 0x18, 0x80
	.byte 0x01, 0x20, 0x02, 0xF0, 0x37, 0xF9, 0x70, 0x20, 0x18, 0x80, 0x01, 0x20, 0x02, 0xF0, 0x32, 0xF9
	.byte 0x75, 0x20, 0x18, 0x80, 0x01, 0x20, 0x02, 0xF0, 0x2D, 0xF9, 0x82, 0x20, 0x18, 0x80, 0x01, 0x20
	.byte 0x02, 0xF0, 0x28, 0xF9, 0x95, 0x20, 0x18, 0x80, 0x01, 0x20, 0x02, 0xF0, 0x23, 0xF9, 0x97, 0x20
	.byte 0x18, 0x80, 0x01, 0x20, 0x02, 0xF0, 0x1E, 0xF9, 0xA9, 0x20, 0x18, 0x80, 0x01, 0x20, 0x02, 0xF0
	.byte 0x19, 0xF9, 0xAF, 0x20, 0x18, 0x80, 0x01, 0x20, 0x02, 0xF0, 0x14, 0xF9, 0xB8, 0x20, 0x18, 0x80
	.byte 0x01, 0x20, 0x02, 0xF0, 0x0F, 0xF9, 0xE7, 0x20, 0x18, 0x80, 0x01, 0x20, 0x02, 0xF0, 0x0A, 0xF9
	.byte 0xFB, 0x20, 0x18, 0x80, 0x01, 0x20, 0x02, 0xF0, 0x05, 0xF9, 0xFF, 0x20, 0x18, 0x80, 0x01, 0x20
	.byte 0x02, 0xF0, 0x00, 0xF9, 0x04, 0x20, 0x18, 0x80, 0x02, 0x20, 0x02, 0xF0, 0xFB, 0xF8, 0x22, 0x20
	.byte 0x18, 0x80, 0x02, 0x20, 0x02, 0xF0, 0xF6, 0xF8, 0x29, 0x20, 0x18, 0x80, 0x02, 0x20, 0x02, 0xF0
	.byte 0xF1, 0xF8, 0x2C, 0x20, 0x18, 0x80, 0x02, 0x20, 0x02, 0xF0, 0xEC, 0xF8, 0x44, 0x20, 0x18, 0x80
	.byte 0x02, 0x20, 0x02, 0xF0, 0xE7, 0xF8, 0x45, 0x20, 0x18, 0x80, 0x02, 0x20, 0x02, 0xF0, 0xE2, 0xF8
	.byte 0x47, 0x20, 0x18, 0x80, 0x02, 0x20, 0x02, 0xF0, 0xDD, 0xF8, 0x64, 0x20, 0x18, 0x80, 0x02, 0x20
	.byte 0x02, 0xF0, 0xD8, 0xF8, 0x6D, 0x20, 0x18, 0x80, 0x02, 0x20, 0x02, 0xF0, 0xD3, 0xF8, 0xAD, 0x20
	.byte 0x18, 0x80, 0x02, 0x20, 0x02, 0xF0, 0xCE, 0xF8, 0xD2, 0x20, 0x18, 0x80, 0x02, 0x20, 0x02, 0xF0
	.byte 0xC9, 0xF8, 0x14, 0x20, 0x18, 0x80, 0x03, 0x20, 0x02, 0xF0, 0xC4, 0xF8, 0x15, 0x20, 0x18, 0x80
	.byte 0x03, 0x20, 0x02, 0xF0, 0xBF, 0xF8, 0x17, 0x20, 0x18, 0x80, 0x03, 0x20, 0x02, 0xF0, 0xBA, 0xF8
	.byte 0x23, 0x20, 0x18, 0x80, 0x03, 0x20, 0x02, 0xF0, 0xB5, 0xF8, 0x31, 0x20, 0x18, 0x80, 0x03, 0x20
	.byte 0x02, 0xF0, 0xB0, 0xF8, 0x49, 0x20, 0x18, 0x80, 0x03, 0x20, 0x02, 0xF0, 0xAB, 0xF8, 0x53, 0x20
	.byte 0x18, 0x80, 0x03, 0x20, 0x02, 0xF0, 0xA6, 0xF8, 0x5F, 0x20, 0x18, 0x80, 0x03, 0x20, 0x02, 0xF0
	.byte 0xA1, 0xF8, 0x61, 0x20, 0x18, 0x80, 0x03, 0x20, 0x02, 0xF0, 0x9C, 0xF8, 0x68, 0x20, 0x18, 0x80
	.byte 0x03, 0x20, 0x02, 0xF0, 0x97, 0xF8, 0x69, 0x20, 0x18, 0x80, 0x03, 0x20, 0x02, 0xF0, 0x92, 0xF8
	.byte 0x6A, 0x20, 0x18, 0x80, 0x03, 0x20, 0x02, 0xF0, 0x8D, 0xF8, 0x6D, 0x20, 0x18, 0x80, 0x03, 0x20
	.byte 0x02, 0xF0, 0x88, 0xF8, 0x7F, 0x20, 0x18, 0x80, 0x03, 0x20, 0x02, 0xF0, 0x83, 0xF8, 0x84, 0x20
	.byte 0x18, 0x80, 0x03, 0x20, 0x02, 0xF0, 0x7E, 0xF8, 0xA3, 0x20, 0x18, 0x80, 0x03, 0x20, 0x02, 0xF0
	.byte 0x79, 0xF8, 0xFF, 0x20, 0x20, 0x40, 0x44, 0x38, 0xAC, 0x28, 0x01, 0xD9, 0x02, 0xF0, 0x70, 0xF8
	.byte 0x80, 0x00, 0x02, 0x49, 0x40, 0x18, 0x00, 0x68, 0x87, 0x46, 0x00, 0x00, 0x30, 0x99, 0x06, 0x08
	.byte 0xCA, 0x9C, 0x06, 0x08, 0x00, 0xBA, 0x06, 0x08, 0x00, 0xBA, 0x06, 0x08, 0x00, 0xBA, 0x06, 0x08
	.byte 0x00, 0xBA, 0x06, 0x08, 0xFC, 0x9C, 0x06, 0x08, 0x00, 0xBA, 0x06, 0x08, 0x00, 0xBA, 0x06, 0x08
	.byte 0x00, 0xBA, 0x06, 0x08, 0x00, 0xBA, 0x06, 0x08, 0x7A, 0x9C, 0x06, 0x08, 0x84, 0x9C, 0x06, 0x08
	.byte 0x88, 0x9D, 0x06, 0x08, 0x00, 0xBA, 0x06, 0x08, 0x0C, 0x9C, 0x06, 0x08, 0x1A, 0x9D, 0x06, 0x08
	.byte 0x00, 0xBA, 0x06, 0x08, 0x00, 0xBA, 0x06, 0x08, 0x00, 0xBA, 0x06, 0x08, 0x00, 0xBA, 0x06, 0x08
	.byte 0x00, 0xBA, 0x06, 0x08, 0x00, 0xBA, 0x06, 0x08, 0x00, 0xBA, 0x06, 0x08, 0x00, 0xBA, 0x06, 0x08
	.byte 0x00, 0xBA, 0x06, 0x08, 0x00, 0xBA, 0x06, 0x08, 0x00, 0xBA, 0x06, 0x08, 0x24, 0x9D, 0x06, 0x08
	.byte 0x00, 0xBA, 0x06, 0x08, 0x00, 0xBA, 0x06, 0x08, 0x00, 0xBA, 0x06, 0x08, 0x00, 0xBA, 0x06, 0x08
	.byte 0x00, 0xBA, 0x06, 0x08, 0x00, 0xBA, 0x06, 0x08, 0x5C, 0x9C, 0x06, 0x08, 0x10, 0x9D, 0x06, 0x08
	.byte 0x00, 0xBA, 0x06, 0x08, 0x00, 0xBA, 0x06, 0x08, 0x00, 0xBA, 0x06, 0x08, 0x00, 0xBA, 0x06, 0x08
	.byte 0x00, 0xBA, 0x06, 0x08, 0x00, 0xBA, 0x06, 0x08, 0x00, 0xBA, 0x06, 0x08, 0x00, 0xBA, 0x06, 0x08
	.byte 0x00, 0xBA, 0x06, 0x08, 0x00, 0xBA, 0x06, 0x08, 0x00, 0xBA, 0x06, 0x08, 0x00, 0xBA, 0x06, 0x08
	.byte 0x00, 0xBA, 0x06, 0x08, 0x00, 0xBA, 0x06, 0x08, 0x00, 0xBA, 0x06, 0x08, 0xA6, 0x9D, 0x06, 0x08
	.byte 0x00, 0xBA, 0x06, 0x08, 0x00, 0xBA, 0x06, 0x08, 0xEE, 0x9B, 0x06, 0x08, 0x34, 0x9C, 0x06, 0x08
	.byte 0x00, 0xBA, 0x06, 0x08, 0x00, 0xBA, 0x06, 0x08, 0x00, 0xBA, 0x06, 0x08, 0x00, 0xBA, 0x06, 0x08
	.byte 0x00, 0xBA, 0x06, 0x08, 0x2A, 0x9C, 0x06, 0x08, 0x00, 0xBA, 0x06, 0x08, 0x00, 0xBA, 0x06, 0x08
	.byte 0xA2, 0x9C, 0x06, 0x08, 0x00, 0xBA, 0x06, 0x08, 0x00, 0xBA, 0x06, 0x08, 0x00, 0xBA, 0x06, 0x08
	.byte 0xF2, 0x9C, 0x06, 0x08, 0x00, 0xBA, 0x06, 0x08, 0x52, 0x9C, 0x06, 0x08, 0x00, 0xBA, 0x06, 0x08
	.byte 0x00, 0xBA, 0x06, 0x08, 0x00, 0xBA, 0x06, 0x08, 0x00, 0xBA, 0x06, 0x08, 0x00, 0xBA, 0x06, 0x08
	.byte 0x00, 0xBA, 0x06, 0x08, 0x00, 0xBA, 0x06, 0x08, 0x00, 0xBA, 0x06, 0x08, 0x00, 0xBA, 0x06, 0x08
	.byte 0x00, 0xBA, 0x06, 0x08, 0x70, 0x9C, 0x06, 0x08, 0xB0, 0x9D, 0x06, 0x08, 0x7E, 0x9D, 0x06, 0x08
	.byte 0x00, 0xBA, 0x06, 0x08, 0x00, 0xBA, 0x06, 0x08, 0x00, 0xBA, 0x06, 0x08, 0x8E, 0x9C, 0x06, 0x08
	.byte 0x48, 0x9C, 0x06, 0x08, 0xCE, 0x9D, 0x06, 0x08, 0x00, 0xBA, 0x06, 0x08, 0x00, 0xBA, 0x06, 0x08
	.byte 0x00, 0xBA, 0x06, 0x08, 0x00, 0xBA, 0x06, 0x08, 0x00, 0xBA, 0x06, 0x08, 0x00, 0xBA, 0x06, 0x08
	.byte 0x56, 0x9D, 0x06, 0x08, 0x00, 0xBA, 0x06, 0x08, 0x00, 0xBA, 0x06, 0x08, 0x98, 0x9C, 0x06, 0x08
	.byte 0x00, 0xBA, 0x06, 0x08, 0x3E, 0x9C, 0x06, 0x08, 0x00, 0xBA, 0x06, 0x08, 0x16, 0x9C, 0x06, 0x08
	.byte 0xBA, 0x9D, 0x06, 0x08, 0x00, 0xBA, 0x06, 0x08, 0xC0, 0x9C, 0x06, 0x08, 0xD4, 0x9C, 0x06, 0x08
	.byte 0x74, 0x9D, 0x06, 0x08, 0x4C, 0x9D, 0x06, 0x08, 0x00, 0xBA, 0x06, 0x08, 0x00, 0xBA, 0x06, 0x08
	.byte 0x00, 0xBA, 0x06, 0x08, 0x00, 0xBA, 0x06, 0x08, 0x42, 0x9D, 0x06, 0x08, 0x00, 0xBA, 0x06, 0x08
	.byte 0x00, 0xBA, 0x06, 0x08, 0x00, 0xBA, 0x06, 0x08, 0x00, 0xBA, 0x06, 0x08, 0x00, 0xBA, 0x06, 0x08
	.byte 0xE8, 0x9C, 0x06, 0x08, 0xAC, 0x9C, 0x06, 0x08, 0x92, 0x9D, 0x06, 0x08, 0x00, 0xBA, 0x06, 0x08
	.byte 0x00, 0xBA, 0x06, 0x08, 0x00, 0xBA, 0x06, 0x08, 0x00, 0xBA, 0x06, 0x08, 0x00, 0xBA, 0x06, 0x08
	.byte 0x00, 0xBA, 0x06, 0x08, 0x06, 0x9D, 0x06, 0x08, 0x00, 0xBA, 0x06, 0x08, 0x00, 0xBA, 0x06, 0x08
	.byte 0x00, 0xBA, 0x06, 0x08, 0x00, 0xBA, 0x06, 0x08, 0xDE, 0x9C, 0x06, 0x08, 0x00, 0xBA, 0x06, 0x08
	.byte 0x20, 0x9C, 0x06, 0x08, 0x00, 0xBA, 0x06, 0x08, 0x38, 0x9D, 0x06, 0x08, 0x00, 0xBA, 0x06, 0x08
	.byte 0x00, 0xBA, 0x06, 0x08, 0x00, 0xBA, 0x06, 0x08, 0x02, 0x9C, 0x06, 0x08, 0x00, 0xBA, 0x06, 0x08
	.byte 0x2E, 0x9D, 0x06, 0x08, 0x00, 0xBA, 0x06, 0x08, 0x00, 0xBA, 0x06, 0x08, 0x00, 0xBA, 0x06, 0x08
	.byte 0x00, 0xBA, 0x06, 0x08, 0x00, 0xBA, 0x06, 0x08, 0x00, 0xBA, 0x06, 0x08, 0x00, 0xBA, 0x06, 0x08
	.byte 0x00, 0xBA, 0x06, 0x08, 0xB6, 0x9C, 0x06, 0x08, 0xF8, 0x9B, 0x06, 0x08, 0x00, 0xBA, 0x06, 0x08
	.byte 0x00, 0xBA, 0x06, 0x08, 0x00, 0xBA, 0x06, 0x08, 0x00, 0xBA, 0x06, 0x08, 0x6A, 0x9D, 0x06, 0x08
	.byte 0x60, 0x9D, 0x06, 0x08, 0xE4, 0x9B, 0x06, 0x08, 0xC4, 0x9D, 0x06, 0x08, 0x00, 0xBA, 0x06, 0x08
	.byte 0x66, 0x9C, 0x06, 0x08, 0x00, 0xBA, 0x06, 0x08, 0x00, 0xBA, 0x06, 0x08, 0x00, 0xBA, 0x06, 0x08
	.byte 0x00, 0xBA, 0x06, 0x08, 0x00, 0xBA, 0x06, 0x08, 0x00, 0xBA, 0x06, 0x08, 0x00, 0xBA, 0x06, 0x08
	.byte 0x9C, 0x9D, 0x06, 0x08, 0x00, 0x20, 0x18, 0x80, 0x01, 0x20, 0x01, 0xF0, 0x0B, 0xFF, 0x02, 0x20
	.byte 0x18, 0x80, 0x01, 0x20, 0x01, 0xF0, 0x06, 0xFF, 0x35, 0x20, 0x18, 0x80, 0x01, 0x20, 0x01, 0xF0
	.byte 0x01, 0xFF, 0x3B, 0x20, 0x18, 0x80, 0x01, 0x20, 0x01, 0xF0, 0xFC, 0xFE, 0x40, 0x20, 0x18, 0x80
	.byte 0x01, 0x20, 0x01, 0xF0, 0xF7, 0xFE, 0x5A, 0x20, 0x18, 0x80, 0x01, 0x20, 0x01, 0xF0, 0xF2, 0xFE
	.byte 0x87, 0x20, 0x18, 0x80, 0x01, 0x20, 0x01, 0xF0, 0xED, 0xFE, 0x89, 0x20, 0x18, 0x80, 0x01, 0x20
	.byte 0x01, 0xF0, 0xE8, 0xFE, 0x91, 0x20, 0x18, 0x80, 0x01, 0x20, 0x01, 0xF0, 0xE3, 0xFE, 0xA3, 0x20
	.byte 0x18, 0x80, 0x01, 0x20, 0x01, 0xF0, 0xDE, 0xFE, 0xB5, 0x20, 0x18, 0x80, 0x01, 0x20, 0x01, 0xF0
	.byte 0xD9, 0xFE, 0xC4, 0x20, 0x18, 0x80, 0x01, 0x20, 0x01, 0xF0, 0xD4, 0xFE, 0xC9, 0x20, 0x18, 0x80
	.byte 0x01, 0x20, 0x01, 0xF0, 0xCF, 0xFE, 0xD4, 0x20, 0x18, 0x80, 0x01, 0x20, 0x01, 0xF0, 0xCA, 0xFE
	.byte 0xEB, 0x20, 0x18, 0x80, 0x01, 0x20, 0x01, 0xF0, 0xC5, 0xFE, 0x05, 0x20, 0x18, 0x80, 0x02, 0x20
	.byte 0x01, 0xF0, 0xC0, 0xFE, 0x32, 0x20, 0x18, 0x80, 0x02, 0x20, 0x01, 0xF0, 0xBB, 0xFE, 0x33, 0x20
	.byte 0x18, 0x80, 0x02, 0x20, 0x01, 0xF0, 0xB6, 0xFE, 0x62, 0x20, 0x18, 0x80, 0x02, 0x20, 0x01, 0xF0
	.byte 0xB1, 0xFE, 0x67, 0x20, 0x18, 0x80, 0x02, 0x20, 0x01, 0xF0, 0xAC, 0xFE, 0x6B, 0x20, 0x18, 0x80
	.byte 0x02, 0x20, 0x01, 0xF0, 0xA7, 0xFE, 0x71, 0x20, 0x18, 0x80, 0x02, 0x20, 0x01, 0xF0, 0xA2, 0xFE
	.byte 0x73, 0x20, 0x18, 0x80, 0x02, 0x20, 0x01, 0xF0, 0x9D, 0xFE, 0x79, 0x20, 0x18, 0x80, 0x02, 0x20
	.byte 0x01, 0xF0, 0x98, 0xFE, 0x7F, 0x20, 0x18, 0x80, 0x02, 0x20, 0x01, 0xF0, 0x93, 0xFE, 0x89, 0x20
	.byte 0x18, 0x80, 0x02, 0x20, 0x01, 0xF0, 0x8E, 0xFE, 0x96, 0x20, 0x18, 0x80, 0x02, 0x20, 0x01, 0xF0
	.byte 0x89, 0xFE, 0x9A, 0x20, 0x18, 0x80, 0x02, 0x20, 0x01, 0xF0, 0x84, 0xFE, 0x9E, 0x20, 0x18, 0x80
	.byte 0x02, 0x20, 0x01, 0xF0, 0x7F, 0xFE, 0xA5, 0x20, 0x18, 0x80, 0x02, 0x20, 0x01, 0xF0, 0x7A, 0xFE
	.byte 0xAA, 0x20, 0x18, 0x80, 0x02, 0x20, 0x01, 0xF0, 0x75, 0xFE, 0xAB, 0x20, 0x18, 0x80, 0x02, 0x20
	.byte 0x01, 0xF0, 0x70, 0xFE, 0xB0, 0x20, 0x18, 0x80, 0x02, 0x20, 0x01, 0xF0, 0x6B, 0xFE, 0xBB, 0x20
	.byte 0x18, 0x80, 0x02, 0x20, 0x01, 0xF0, 0x66, 0xFE, 0xD4, 0x20, 0x18, 0x80, 0x02, 0x20, 0x01, 0xF0
	.byte 0x61, 0xFE, 0xDF, 0x20, 0x18, 0x80, 0x02, 0x20, 0x01, 0xF0, 0x5C, 0xFE, 0x06, 0x20, 0x18, 0x80
	.byte 0x03, 0x20, 0x01, 0xF0, 0x57, 0xFE, 0x20, 0x20, 0x18, 0x80, 0x03, 0x20, 0x01, 0xF0, 0x52, 0xFE
	.byte 0x30, 0x20, 0x18, 0x80, 0x03, 0x20, 0x01, 0xF0, 0x4D, 0xFE, 0x48, 0x20, 0x18, 0x80, 0x03, 0x20
	.byte 0x01, 0xF0, 0x48, 0xFE, 0x4A, 0x20, 0x18, 0x80, 0x03, 0x20, 0x01, 0xF0, 0x43, 0xFE, 0x56, 0x20
	.byte 0x18, 0x80, 0x03, 0x20, 0x01, 0xF0, 0x3E, 0xFE, 0x67, 0x20, 0x18, 0x80, 0x03, 0x20, 0x01, 0xF0
	.byte 0x39, 0xFE, 0x77, 0x20, 0x18, 0x80, 0x03, 0x20, 0x01, 0xF0, 0x34, 0xFE, 0x89, 0x20, 0x18, 0x80
	.byte 0x03, 0x20, 0x01, 0xF0, 0x2F, 0xFE, 0x95, 0x20, 0x18, 0x80, 0x03, 0x20, 0x01, 0xF0, 0x2A, 0xFE
	.byte 0xA1, 0x20, 0x18, 0x80, 0x03, 0x20, 0x01, 0xF0, 0x25, 0xFE, 0xAD, 0x20, 0x18, 0x80, 0x03, 0x20
	.byte 0x01, 0xF0, 0x20, 0xFE, 0xC0, 0x20, 0x18, 0x80, 0x03, 0x20, 0x01, 0xF0, 0x1B, 0xFE, 0xC3, 0x20
	.byte 0x18, 0x80, 0x03, 0x20, 0x01, 0xF0, 0x16, 0xFE, 0xFF, 0x20, 0x20, 0x40, 0x40, 0x38, 0xB6, 0x28
	.byte 0x01, 0xD9, 0x01, 0xF0, 0x0D, 0xFE, 0x80, 0x00, 0x01, 0x49, 0x40, 0x18, 0x00, 0x68, 0x87, 0x46
	.byte 0xF4, 0x9D, 0x06, 0x08, 0xEE, 0xA0, 0x06, 0x08, 0x00, 0xBA, 0x06, 0x08, 0xE4, 0xA0, 0x06, 0x08
	.byte 0x00, 0xBA, 0x06, 0x08, 0xA2, 0xA1, 0x06, 0x08, 0x3E, 0xA1, 0x06, 0x08, 0x00, 0xBA, 0x06, 0x08
	.byte 0x00, 0xBA, 0x06, 0x08, 0x00, 0xBA, 0x06, 0x08, 0x00, 0xBA, 0x06, 0x08, 0x00, 0xBA, 0x06, 0x08
	.byte 0x00, 0xBA, 0x06, 0x08, 0x00, 0xBA, 0x06, 0x08, 0x00, 0xBA, 0x06, 0x08, 0xF8, 0xA0, 0x06, 0x08
	.byte 0x00, 0xBA, 0x06, 0x08, 0x98, 0xA1, 0x06, 0x08, 0x00, 0xBA, 0x06, 0x08, 0x00, 0xBA, 0x06, 0x08
	.byte 0x00, 0xBA, 0x06, 0x08, 0x2A, 0xA1, 0x06, 0x08, 0x00, 0xBA, 0x06, 0x08, 0x00, 0xBA, 0x06, 0x08
	.byte 0x00, 0xBA, 0x06, 0x08, 0x00, 0xBA, 0x06, 0x08, 0x00, 0xBA, 0x06, 0x08, 0x1A, 0xA2, 0x06, 0x08
	.byte 0x00, 0xBA, 0x06, 0x08, 0x00, 0xBA, 0x06, 0x08, 0x00, 0xBA, 0x06, 0x08, 0x00, 0xBA, 0x06, 0x08
	.byte 0x00, 0xBA, 0x06, 0x08, 0x00, 0xBA, 0x06, 0x08, 0x00, 0xBA, 0x06, 0x08, 0x00, 0xBA, 0x06, 0x08
	.byte 0x06, 0xA2, 0x06, 0x08, 0x00, 0xBA, 0x06, 0x08, 0x38, 0xA2, 0x06, 0x08, 0xFC, 0xA1, 0x06, 0x08
	.byte 0x00, 0xBA, 0x06, 0x08, 0x00, 0xBA, 0x06, 0x08, 0x02, 0xA1, 0x06, 0x08, 0xDE, 0xA1, 0x06, 0x08
	.byte 0x66, 0xA1, 0x06, 0x08, 0xCA, 0xA1, 0x06, 0x08, 0xDA, 0xA0, 0x06, 0x08, 0x0C, 0xA1, 0x06, 0x08
	.byte 0x00, 0xBA, 0x06, 0x08, 0x00, 0xBA, 0x06, 0x08, 0x00, 0xBA, 0x06, 0x08, 0x00, 0xBA, 0x06, 0x08
	.byte 0x00, 0xBA, 0x06, 0x08, 0x00, 0xBA, 0x06, 0x08, 0x48, 0xA1, 0x06, 0x08, 0x00, 0xBA, 0x06, 0x08
	.byte 0x00, 0xBA, 0x06, 0x08, 0x8E, 0xA1, 0x06, 0x08, 0x00, 0xBA, 0x06, 0x08, 0x00, 0xBA, 0x06, 0x08
	.byte 0x00, 0xBA, 0x06, 0x08, 0x00, 0xBA, 0x06, 0x08, 0x00, 0xBA, 0x06, 0x08, 0x00, 0xBA, 0x06, 0x08
	.byte 0x00, 0xBA, 0x06, 0x08, 0x00, 0xBA, 0x06, 0x08, 0x00, 0xBA, 0x06, 0x08, 0x00, 0xBA, 0x06, 0x08
	.byte 0x00, 0xBA, 0x06, 0x08, 0x00, 0xBA, 0x06, 0x08, 0xD4, 0xA1, 0x06, 0x08, 0xD0, 0xA0, 0x06, 0x08
	.byte 0xB6, 0xA1, 0x06, 0x08, 0x00, 0xBA, 0x06, 0x08, 0x00, 0xBA, 0x06, 0x08, 0x00, 0xBA, 0x06, 0x08
	.byte 0x16, 0xA1, 0x06, 0x08, 0x00, 0xBA, 0x06, 0x08, 0xAC, 0xA1, 0x06, 0x08, 0x24, 0xA2, 0x06, 0x08
	.byte 0x00, 0xBA, 0x06, 0x08, 0x00, 0xBA, 0x06, 0x08, 0x00, 0xBA, 0x06, 0x08, 0x00, 0xBA, 0x06, 0x08
	.byte 0x00, 0xBA, 0x06, 0x08, 0x00, 0xBA, 0x06, 0x08, 0x00, 0xBA, 0x06, 0x08, 0x00, 0xBA, 0x06, 0x08
	.byte 0x00, 0xBA, 0x06, 0x08, 0x00, 0xBA, 0x06, 0x08, 0x00, 0xBA, 0x06, 0x08, 0x00, 0xBA, 0x06, 0x08
	.byte 0x00, 0xBA, 0x06, 0x08, 0x00, 0xBA, 0x06, 0x08, 0x00, 0xBA, 0x06, 0x08, 0x00, 0xBA, 0x06, 0x08
	.byte 0x00, 0xBA, 0x06, 0x08, 0x00, 0xBA, 0x06, 0x08, 0x00, 0xBA, 0x06, 0x08, 0x00, 0xBA, 0x06, 0x08
	.byte 0x00, 0xBA, 0x06, 0x08, 0x00, 0xBA, 0x06, 0x08, 0x00, 0xBA, 0x06, 0x08, 0x00, 0xBA, 0x06, 0x08
	.byte 0x10, 0xA2, 0x06, 0x08, 0x00, 0xBA, 0x06, 0x08, 0x00, 0xBA, 0x06, 0x08, 0x00, 0xBA, 0x06, 0x08
	.byte 0x00, 0xBA, 0x06, 0x08, 0x00, 0xBA, 0x06, 0x08, 0x00, 0xBA, 0x06, 0x08, 0x00, 0xBA, 0x06, 0x08
	.byte 0x00, 0xBA, 0x06, 0x08, 0x00, 0xBA, 0x06, 0x08, 0x00, 0xBA, 0x06, 0x08, 0x70, 0xA1, 0x06, 0x08
	.byte 0x00, 0xBA, 0x06, 0x08, 0x42, 0xA2, 0x06, 0x08, 0x00, 0xBA, 0x06, 0x08, 0x00, 0xBA, 0x06, 0x08
	.byte 0x20, 0xA1, 0x06, 0x08, 0x00, 0xBA, 0x06, 0x08, 0x00, 0xBA, 0x06, 0x08, 0x00, 0xBA, 0x06, 0x08
	.byte 0x00, 0xBA, 0x06, 0x08, 0x34, 0xA1, 0x06, 0x08, 0x00, 0xBA, 0x06, 0x08, 0xF2, 0xA1, 0x06, 0x08
	.byte 0x00, 0xBA, 0x06, 0x08, 0x00, 0xBA, 0x06, 0x08, 0x00, 0xBA, 0x06, 0x08, 0x00, 0xBA, 0x06, 0x08
	.byte 0x00, 0xBA, 0x06, 0x08, 0x00, 0xBA, 0x06, 0x08, 0x00, 0xBA, 0x06, 0x08, 0x00, 0xBA, 0x06, 0x08
	.byte 0x84, 0xA1, 0x06, 0x08, 0x00, 0xBA, 0x06, 0x08, 0x7A, 0xA1, 0x06, 0x08, 0x5C, 0xA1, 0x06, 0x08
	.byte 0x00, 0xBA, 0x06, 0x08, 0x00, 0xBA, 0x06, 0x08, 0x00, 0xBA, 0x06, 0x08, 0x00, 0xBA, 0x06, 0x08
	.byte 0x00, 0xBA, 0x06, 0x08, 0x00, 0xBA, 0x06, 0x08, 0x00, 0xBA, 0x06, 0x08, 0x00, 0xBA, 0x06, 0x08
	.byte 0x00, 0xBA, 0x06, 0x08, 0x00, 0xBA, 0x06, 0x08, 0x00, 0xBA, 0x06, 0x08, 0x00, 0xBA, 0x06, 0x08
	.byte 0x00, 0xBA, 0x06, 0x08, 0x00, 0xBA, 0x06, 0x08, 0x00, 0xBA, 0x06, 0x08, 0x00, 0xBA, 0x06, 0x08
	.byte 0x00, 0xBA, 0x06, 0x08, 0x00, 0xBA, 0x06, 0x08, 0x00, 0xBA, 0x06, 0x08, 0x00, 0xBA, 0x06, 0x08
	.byte 0x00, 0xBA, 0x06, 0x08, 0x00, 0xBA, 0x06, 0x08, 0x4C, 0xA2, 0x06, 0x08, 0x00, 0xBA, 0x06, 0x08
	.byte 0x00, 0xBA, 0x06, 0x08, 0x00, 0xBA, 0x06, 0x08, 0x00, 0xBA, 0x06, 0x08, 0x00, 0xBA, 0x06, 0x08
	.byte 0x00, 0xBA, 0x06, 0x08, 0x2E, 0xA2, 0x06, 0x08, 0x00, 0xBA, 0x06, 0x08, 0x52, 0xA1, 0x06, 0x08
	.byte 0x00, 0xBA, 0x06, 0x08, 0x00, 0xBA, 0x06, 0x08, 0x00, 0xBA, 0x06, 0x08, 0x00, 0xBA, 0x06, 0x08
	.byte 0xC0, 0xA1, 0x06, 0x08, 0x00, 0xBA, 0x06, 0x08, 0x00, 0xBA, 0x06, 0x08, 0x00, 0xBA, 0x06, 0x08
	.byte 0x00, 0xBA, 0x06, 0x08, 0x00, 0xBA, 0x06, 0x08, 0x00, 0xBA, 0x06, 0x08, 0xE8, 0xA1, 0x06, 0x08
	.byte 0x0A, 0x20, 0x18, 0x80, 0x01, 0x20, 0x01, 0xF0, 0x95, 0xFC, 0x0E, 0x20, 0x18, 0x80, 0x01, 0x20
	.byte 0x01, 0xF0, 0x90, 0xFC, 0x23, 0x20, 0x18, 0x80, 0x01, 0x20, 0x01, 0xF0, 0x8B, 0xFC, 0x27, 0x20
	.byte 0x18, 0x80, 0x01, 0x20, 0x01, 0xF0, 0x86, 0xFC, 0x28, 0x20, 0x18, 0x80, 0x01, 0x20, 0x01, 0xF0
	.byte 0x81, 0xFC, 0x4D, 0x20, 0x18, 0x80, 0x01, 0x20, 0x01, 0xF0, 0x7C, 0xFC, 0x4F, 0x20, 0x18, 0x80
	.byte 0x01, 0x20, 0x01, 0xF0, 0x77, 0xFC, 0x5D, 0x20, 0x18, 0x80, 0x01, 0x20, 0x01, 0xF0, 0x72, 0xFC
	.byte 0x78, 0x20, 0x18, 0x80, 0x01, 0x20, 0x01, 0xF0, 0x6D, 0xFC, 0x7A, 0x20, 0x18, 0x80, 0x01, 0x20
	.byte 0x01, 0xF0, 0x68, 0xFC, 0x84, 0x20, 0x18, 0x80, 0x01, 0x20, 0x01, 0xF0, 0x63, 0xFC, 0xB1, 0x20
	.byte 0x18, 0x80, 0x01, 0x20, 0x01, 0xF0, 0x5E, 0xFC, 0xB2, 0x20, 0x18, 0x80, 0x01, 0x20, 0x01, 0xF0
	.byte 0x59, 0xFC, 0xCE, 0x20, 0x18, 0x80, 0x01, 0x20, 0x01, 0xF0, 0x54, 0xFC, 0xDE, 0x20, 0x18, 0x80
	.byte 0x01, 0x20, 0x01, 0xF0, 0x4F, 0xFC, 0xE1, 0x20, 0x18, 0x80, 0x01, 0x20, 0x01, 0xF0, 0x4A, 0xFC
	.byte 0xF5, 0x20, 0x18, 0x80, 0x01, 0x20, 0x01, 0xF0, 0x45, 0xFC, 0xFE, 0x20, 0x18, 0x80, 0x01, 0x20
	.byte 0x01, 0xF0, 0x40, 0xFC, 0x06, 0x20, 0x18, 0x80, 0x02, 0x20, 0x01, 0xF0, 0x3B, 0xFC, 0x19, 0x20
	.byte 0x18, 0x80, 0x02, 0x20, 0x01, 0xF0, 0x36, 0xFC, 0x55, 0x20, 0x18, 0x80, 0x02, 0x20, 0x01, 0xF0
	.byte 0x31, 0xFC, 0x5C, 0x20, 0x18, 0x80, 0x02, 0x20, 0x01, 0xF0, 0x2C, 0xFC, 0x85, 0x20, 0x18, 0x80
	.byte 0x02, 0x20, 0x01, 0xF0, 0x27, 0xFC, 0x87, 0x20, 0x18, 0x80, 0x02, 0x20, 0x01, 0xF0, 0x22, 0xFC
	.byte 0x8A, 0x20, 0x18, 0x80, 0x02, 0x20, 0x01, 0xF0, 0x1D, 0xFC, 0xDB, 0x20, 0x18, 0x80, 0x02, 0x20
	.byte 0x01, 0xF0, 0x18, 0xFC, 0xDD, 0x20, 0x18, 0x80, 0x02, 0x20, 0x01, 0xF0, 0x13, 0xFC, 0xDE, 0x20
	.byte 0x18, 0x80, 0x02, 0x20, 0x01, 0xF0, 0x0E, 0xFC, 0x0C, 0x20, 0x18, 0x80, 0x03, 0x20, 0x01, 0xF0
	.byte 0x09, 0xFC, 0x3A, 0x20, 0x18, 0x80, 0x03, 0x20, 0x01, 0xF0, 0x04, 0xFC, 0x45, 0x20, 0x18, 0x80
	.byte 0x03, 0x20, 0x01, 0xF0, 0xFF, 0xFB, 0x4D, 0x20, 0x18, 0x80, 0x03, 0x20, 0x01, 0xF0, 0xFA, 0xFB
	.byte 0x5E, 0x20, 0x18, 0x80, 0x03, 0x20, 0x01, 0xF0, 0xF5, 0xFB, 0x65, 0x20, 0x18, 0x80, 0x03, 0x20
	.byte 0x01, 0xF0, 0xF0, 0xFB, 0x6B, 0x20, 0x18, 0x80, 0x03, 0x20, 0x01, 0xF0, 0xEB, 0xFB, 0x8A, 0x20
	.byte 0x18, 0x80, 0x03, 0x20, 0x01, 0xF0, 0xE6, 0xFB, 0x99, 0x20, 0x18, 0x80, 0x03, 0x20, 0x01, 0xF0
	.byte 0xE1, 0xFB, 0x9D, 0x20, 0x18, 0x80, 0x03, 0x20, 0x01, 0xF0, 0xDC, 0xFB, 0xB2, 0x20, 0x18, 0x80
	.byte 0x03, 0x20, 0x01, 0xF0, 0xD7, 0xFB, 0xFF, 0x20, 0x20, 0x40, 0x47, 0x38, 0xB5, 0x28, 0x01, 0xD9
	.byte 0x01, 0xF0, 0xCE, 0xFB, 0x80, 0x00, 0x02, 0x49, 0x40, 0x18, 0x00, 0x68, 0x87, 0x46, 0x00, 0x00
	.byte 0x74, 0xA2, 0x06, 0x08, 0xC4, 0xA5, 0x06, 0x08, 0x00, 0xBA, 0x06, 0x08, 0x5A, 0xA6, 0x06, 0x08
	.byte 0x00, 0xBA, 0x06, 0x08, 0x00, 0xBA, 0x06, 0x08, 0x00, 0xBA, 0x06, 0x08, 0x00, 0xBA, 0x06, 0x08
	.byte 0x00, 0xBA, 0x06, 0x08, 0x00, 0xBA, 0x06, 0x08, 0x00, 0xBA, 0x06, 0x08, 0x00, 0xBA, 0x06, 0x08
	.byte 0x00, 0xBA, 0x06, 0x08, 0x00, 0xBA, 0x06, 0x08, 0x8C, 0xA6, 0x06, 0x08, 0x00, 0xBA, 0x06, 0x08
	.byte 0xCE, 0xA5, 0x06, 0x08, 0x00, 0xBA, 0x06, 0x08, 0xD2, 0xA6, 0x06, 0x08, 0x00, 0xBA, 0x06, 0x08
	.byte 0x00, 0xBA, 0x06, 0x08, 0x00, 0xBA, 0x06, 0x08, 0x00, 0xBA, 0x06, 0x08, 0x82, 0xA6, 0x06, 0x08
	.byte 0x00, 0xBA, 0x06, 0x08, 0xF0, 0xA6, 0x06, 0x08, 0xA6, 0xA5, 0x06, 0x08, 0xF6, 0xA5, 0x06, 0x08
	.byte 0x00, 0xBA, 0x06, 0x08, 0x00, 0xBA, 0x06, 0x08, 0xE6, 0xA6, 0x06, 0x08, 0x00, 0xBA, 0x06, 0x08
	.byte 0xBA, 0xA5, 0x06, 0x08, 0x00, 0xBA, 0x06, 0x08, 0x00, 0xBA, 0x06, 0x08, 0x00, 0xBA, 0x06, 0x08
	.byte 0x00, 0xBA, 0x06, 0x08, 0x00, 0xBA, 0x06, 0x08, 0x00, 0xBA, 0x06, 0x08, 0x00, 0xBA, 0x06, 0x08
	.byte 0xD8, 0xA5, 0x06, 0x08, 0x00, 0xBA, 0x06, 0x08, 0x00, 0xBA, 0x06, 0x08, 0x00, 0xBA, 0x06, 0x08
	.byte 0x96, 0xA6, 0x06, 0x08, 0x32, 0xA6, 0x06, 0x08, 0x00, 0xBA, 0x06, 0x08, 0x00, 0xBA, 0x06, 0x08
	.byte 0x00, 0xBA, 0x06, 0x08, 0x00, 0xBA, 0x06, 0x08, 0x74, 0xA5, 0x06, 0x08, 0xAA, 0xA6, 0x06, 0x08
	.byte 0x00, 0xBA, 0x06, 0x08, 0x9C, 0xA5, 0x06, 0x08, 0x3C, 0xA6, 0x06, 0x08, 0x00, 0xBA, 0x06, 0x08
	.byte 0x00, 0xBA, 0x06, 0x08, 0x00, 0xBA, 0x06, 0x08, 0x00, 0xBA, 0x06, 0x08, 0x00, 0xBA, 0x06, 0x08
	.byte 0x00, 0xBA, 0x06, 0x08, 0x00, 0xBA, 0x06, 0x08, 0x00, 0xBA, 0x06, 0x08, 0x00, 0xBA, 0x06, 0x08
	.byte 0x00, 0xBA, 0x06, 0x08, 0x64, 0xA6, 0x06, 0x08, 0x00, 0xBA, 0x06, 0x08, 0x00, 0xBA, 0x06, 0x08
	.byte 0xDC, 0xA6, 0x06, 0x08, 0x00, 0xBA, 0x06, 0x08, 0x00, 0xBA, 0x06, 0x08, 0x00, 0xBA, 0x06, 0x08
	.byte 0x00, 0xBA, 0x06, 0x08, 0x00, 0xBA, 0x06, 0x08, 0x4C, 0xA5, 0x06, 0x08, 0x00, 0xBA, 0x06, 0x08
	.byte 0x00, 0xBA, 0x06, 0x08, 0x00, 0xBA, 0x06, 0x08, 0x00, 0xBA, 0x06, 0x08, 0x00, 0xBA, 0x06, 0x08
	.byte 0x60, 0xA5, 0x06, 0x08, 0x00, 0xBA, 0x06, 0x08, 0x00, 0xBA, 0x06, 0x08, 0x00, 0xBA, 0x06, 0x08
	.byte 0x56, 0xA5, 0x06, 0x08, 0x00, 0xBA, 0x06, 0x08, 0x00, 0xBA, 0x06, 0x08, 0x00, 0xBA, 0x06, 0x08
	.byte 0x00, 0xBA, 0x06, 0x08, 0x00, 0xBA, 0x06, 0x08, 0x00, 0xBA, 0x06, 0x08, 0x00, 0xBA, 0x06, 0x08
	.byte 0x00, 0xBA, 0x06, 0x08, 0x00, 0xBA, 0x06, 0x08, 0x00, 0xBA, 0x06, 0x08, 0x00, 0xBA, 0x06, 0x08
	.byte 0xB0, 0xA5, 0x06, 0x08, 0x00, 0xBA, 0x06, 0x08, 0x00, 0xBA, 0x06, 0x08, 0x00, 0xBA, 0x06, 0x08
	.byte 0xEC, 0xA5, 0x06, 0x08, 0x00, 0xBA, 0x06, 0x08, 0xBE, 0xA6, 0x06, 0x08, 0x00, 0xBA, 0x06, 0x08
	.byte 0x6A, 0xA5, 0x06, 0x08, 0xE2, 0xA5, 0x06, 0x08, 0x00, 0xBA, 0x06, 0x08, 0x6E, 0xA6, 0x06, 0x08
	.byte 0x00, 0xBA, 0x06, 0x08, 0x00, 0xBA, 0x06, 0x08, 0x00, 0xA6, 0x06, 0x08, 0x00, 0xBA, 0x06, 0x08
	.byte 0x00, 0xBA, 0x06, 0x08, 0x00, 0xBA, 0x06, 0x08, 0x00, 0xBA, 0x06, 0x08, 0x78, 0xA6, 0x06, 0x08
	.byte 0x00, 0xBA, 0x06, 0x08, 0x00, 0xBA, 0x06, 0x08, 0x00, 0xBA, 0x06, 0x08, 0x00, 0xBA, 0x06, 0x08
	.byte 0xB4, 0xA6, 0x06, 0x08, 0x00, 0xBA, 0x06, 0x08, 0x00, 0xBA, 0x06, 0x08, 0x88, 0xA5, 0x06, 0x08
	.byte 0x00, 0xBA, 0x06, 0x08, 0x00, 0xBA, 0x06, 0x08, 0x00, 0xBA, 0x06, 0x08, 0x46, 0xA6, 0x06, 0x08
	.byte 0x00, 0xBA, 0x06, 0x08, 0xC8, 0xA6, 0x06, 0x08, 0x00, 0xBA, 0x06, 0x08, 0x00, 0xBA, 0x06, 0x08
	.byte 0x00, 0xBA, 0x06, 0x08, 0x1E, 0xA6, 0x06, 0x08, 0x00, 0xBA, 0x06, 0x08, 0x50, 0xA6, 0x06, 0x08
	.byte 0x00, 0xBA, 0x06, 0x08, 0x00, 0xBA, 0x06, 0x08, 0x00, 0xBA, 0x06, 0x08, 0x00, 0xBA, 0x06, 0x08
	.byte 0x00, 0xBA, 0x06, 0x08, 0x00, 0xBA, 0x06, 0x08, 0x00, 0xBA, 0x06, 0x08, 0x00, 0xBA, 0x06, 0x08
	.byte 0x00, 0xBA, 0x06, 0x08, 0x00, 0xBA, 0x06, 0x08, 0x00, 0xBA, 0x06, 0x08, 0x00, 0xBA, 0x06, 0x08
	.byte 0x00, 0xBA, 0x06, 0x08, 0x00, 0xBA, 0x06, 0x08, 0x00, 0xBA, 0x06, 0x08, 0x00, 0xBA, 0x06, 0x08
	.byte 0x00, 0xBA, 0x06, 0x08, 0x00, 0xBA, 0x06, 0x08, 0x92, 0xA5, 0x06, 0x08, 0x00, 0xBA, 0x06, 0x08
	.byte 0x00, 0xBA, 0x06, 0x08, 0x00, 0xBA, 0x06, 0x08, 0xA0, 0xA6, 0x06, 0x08, 0x00, 0xBA, 0x06, 0x08
	.byte 0x00, 0xBA, 0x06, 0x08, 0x00, 0xBA, 0x06, 0x08, 0x00, 0xBA, 0x06, 0x08, 0x00, 0xBA, 0x06, 0x08
	.byte 0x00, 0xBA, 0x06, 0x08, 0x00, 0xBA, 0x06, 0x08, 0x00, 0xBA, 0x06, 0x08, 0x00, 0xBA, 0x06, 0x08
	.byte 0x00, 0xBA, 0x06, 0x08, 0x0A, 0xA6, 0x06, 0x08, 0x00, 0xBA, 0x06, 0x08, 0x28, 0xA6, 0x06, 0x08
	.byte 0x00, 0xBA, 0x06, 0x08, 0x00, 0xBA, 0x06, 0x08, 0x00, 0xBA, 0x06, 0x08, 0x00, 0xBA, 0x06, 0x08
	.byte 0x00, 0xBA, 0x06, 0x08, 0xFA, 0xA6, 0x06, 0x08, 0x00, 0xBA, 0x06, 0x08, 0x00, 0xBA, 0x06, 0x08
	.byte 0x14, 0xA6, 0x06, 0x08, 0x00, 0xBA, 0x06, 0x08, 0x7E, 0xA5, 0x06, 0x08, 0x2D, 0x20, 0x18, 0x80
	.byte 0x01, 0x20, 0x01, 0xF0, 0x57, 0xFA, 0x39, 0x20, 0x18, 0x80, 0x01, 0x20, 0x01, 0xF0, 0x52, 0xFA
	.byte 0x3F, 0x20, 0x18, 0x80, 0x01, 0x20, 0x01, 0xF0, 0x4D, 0xFA, 0x64, 0x20, 0x18, 0x80, 0x01, 0x20
	.byte 0x01, 0xF0, 0x48, 0xFA, 0x69, 0x20, 0x18, 0x80, 0x01, 0x20, 0x01, 0xF0, 0x43, 0xFA, 0x6A, 0x20
	.byte 0x18, 0x80, 0x01, 0x20, 0x01, 0xF0, 0x3E, 0xFA, 0x6C, 0x20, 0x18, 0x80, 0x01, 0x20, 0x01, 0xF0
	.byte 0x39, 0xFA, 0x88, 0x20, 0x18, 0x80, 0x01, 0x20, 0x01, 0xF0, 0x34, 0xFA, 0x94, 0x20, 0x18, 0x80
	.byte 0x01, 0x20, 0x01, 0xF0, 0x2F, 0xFA, 0x96, 0x20, 0x18, 0x80, 0x01, 0x20, 0x01, 0xF0, 0x2A, 0xFA
	.byte 0xA8, 0x20, 0x18, 0x80, 0x01, 0x20, 0x01, 0xF0, 0x25, 0xFA, 0xAC, 0x20, 0x18, 0x80, 0x01, 0x20
	.byte 0x01, 0xF0, 0x20, 0xFA, 0xCA, 0x20, 0x18, 0x80, 0x01, 0x20, 0x01, 0xF0, 0x1B, 0xFA, 0xE3, 0x20
	.byte 0x18, 0x80, 0x01, 0x20, 0x01, 0xF0, 0x16, 0xFA, 0x2F, 0x20, 0x18, 0x80, 0x02, 0x20, 0x01, 0xF0
	.byte 0x11, 0xFA, 0x37, 0x20, 0x18, 0x80, 0x02, 0x20, 0x01, 0xF0, 0x0C, 0xFA, 0x3A, 0x20, 0x18, 0x80
	.byte 0x02, 0x20, 0x01, 0xF0, 0x07, 0xFA, 0x43, 0x20, 0x18, 0x80, 0x02, 0x20, 0x01, 0xF0, 0x02, 0xFA
	.byte 0x48, 0x20, 0x18, 0x80, 0x02, 0x20, 0x01, 0xF0, 0xFD, 0xF9, 0x52, 0x20, 0x18, 0x80, 0x02, 0x20
	.byte 0x01, 0xF0, 0xF8, 0xF9, 0x83, 0x20, 0x18, 0x80, 0x02, 0x20, 0x01, 0xF0, 0xF3, 0xF9, 0x9F, 0x20
	.byte 0x18, 0x80, 0x02, 0x20, 0x01, 0xF0, 0xEE, 0xF9, 0xA8, 0x20, 0x18, 0x80, 0x02, 0x20, 0x01, 0xF0
	.byte 0xE9, 0xF9, 0xB4, 0x20, 0x18, 0x80, 0x02, 0x20, 0x01, 0xF0, 0xE4, 0xF9, 0xB6, 0x20, 0x18, 0x80
	.byte 0x02, 0x20, 0x01, 0xF0, 0xDF, 0xF9, 0xE8, 0x20, 0x18, 0x80, 0x02, 0x20, 0x01, 0xF0, 0xDA, 0xF9
	.byte 0xF5, 0x20, 0x18, 0x80, 0x02, 0x20, 0x01, 0xF0, 0xD5, 0xF9, 0xFC, 0x20, 0x18, 0x80, 0x02, 0x20
	.byte 0x01, 0xF0, 0xD0, 0xF9, 0x01, 0x20, 0x18, 0x80, 0x03, 0x20, 0x01, 0xF0, 0xCB, 0xF9, 0x1A, 0x20
	.byte 0x18, 0x80, 0x03, 0x20, 0x01, 0xF0, 0xC6, 0xF9, 0x2C, 0x20, 0x18, 0x80, 0x03, 0x20, 0x01, 0xF0
	.byte 0xC1, 0xF9, 0x2F, 0x20, 0x18, 0x80, 0x03, 0x20, 0x01, 0xF0, 0xBC, 0xF9, 0x3D, 0x20, 0x18, 0x80
	.byte 0x03, 0x20, 0x01, 0xF0, 0xB7, 0xF9, 0x41, 0x20, 0x18, 0x80, 0x03, 0x20, 0x01, 0xF0, 0xB2, 0xF9
	.byte 0x59, 0x20, 0x18, 0x80, 0x03, 0x20, 0x01, 0xF0, 0xAD, 0xF9, 0x5A, 0x20, 0x18, 0x80, 0x03, 0x20
	.byte 0x01, 0xF0, 0xA8, 0xF9, 0x5D, 0x20, 0x18, 0x80, 0x03, 0x20, 0x01, 0xF0, 0xA3, 0xF9, 0x7E, 0x20
	.byte 0x18, 0x80, 0x03, 0x20, 0x01, 0xF0, 0x9E, 0xF9, 0x86, 0x20, 0x18, 0x80, 0x03, 0x20, 0x01, 0xF0
	.byte 0x99, 0xF9, 0x93, 0x20, 0x18, 0x80, 0x03, 0x20, 0x01, 0xF0, 0x94, 0xF9, 0x98, 0x20, 0x18, 0x80
	.byte 0x03, 0x20, 0x01, 0xF0, 0x8F, 0xF9, 0xAA, 0x20, 0x18, 0x80, 0x03, 0x20, 0x01, 0xF0, 0x8A, 0xF9
	.byte 0xBE, 0x20, 0x18, 0x80, 0x03, 0x20, 0x01, 0xF0, 0x85, 0xF9, 0xC5, 0x20, 0x18, 0x80, 0x03, 0x20
	.byte 0x01, 0xF0, 0x80, 0xF9, 0xFF, 0x20, 0x20, 0x40, 0x43, 0x38, 0xB9, 0x28, 0x01, 0xD9, 0x01, 0xF0
	.byte 0x77, 0xF9, 0x80, 0x00, 0x01, 0x49, 0x40, 0x18, 0x00, 0x68, 0x87, 0x46, 0x20, 0xA7, 0x06, 0x08
	.byte 0x94, 0xAA, 0x06, 0x08, 0x00, 0xBA, 0x06, 0x08, 0x00, 0xBA, 0x06, 0x08, 0xDA, 0xAA, 0x06, 0x08
	.byte 0x00, 0xBA, 0x06, 0x08, 0x00, 0xBA, 0x06, 0x08, 0x00, 0xBA, 0x06, 0x08, 0x00, 0xBA, 0x06, 0x08
	.byte 0x00, 0xBA, 0x06, 0x08, 0xA8, 0xAA, 0x06, 0x08, 0x5C, 0xAB, 0x06, 0x08, 0x66, 0xAB, 0x06, 0x08
	.byte 0x9E, 0xAA, 0x06, 0x08, 0x00, 0xBA, 0x06, 0x08, 0x00, 0xBA, 0x06, 0x08, 0x00, 0xBA, 0x06, 0x08
	.byte 0x00, 0xBA, 0x06, 0x08, 0x00, 0xBA, 0x06, 0x08, 0x00, 0xBA, 0x06, 0x08, 0x00, 0xBA, 0x06, 0x08
	.byte 0x00, 0xBA, 0x06, 0x08, 0x00, 0xBA, 0x06, 0x08, 0xB2, 0xAA, 0x06, 0x08, 0x00, 0xBA, 0x06, 0x08
	.byte 0x00, 0xBA, 0x06, 0x08, 0x02, 0xAB, 0x06, 0x08, 0x00, 0xBA, 0x06, 0x08, 0x00, 0xBA, 0x06, 0x08
	.byte 0x00, 0xBA, 0x06, 0x08, 0x00, 0xBA, 0x06, 0x08, 0x00, 0xBA, 0x06, 0x08, 0x00, 0xBA, 0x06, 0x08
	.byte 0x00, 0xBA, 0x06, 0x08, 0x00, 0xBA, 0x06, 0x08, 0x98, 0xAB, 0x06, 0x08, 0x00, 0xBA, 0x06, 0x08
	.byte 0xD0, 0xAA, 0x06, 0x08, 0x00, 0xBA, 0x06, 0x08, 0x00, 0xBA, 0x06, 0x08, 0x3A, 0xAA, 0x06, 0x08
	.byte 0x00, 0xBA, 0x06, 0x08, 0x00, 0xBA, 0x06, 0x08, 0x00, 0xBA, 0x06, 0x08, 0x00, 0xBA, 0x06, 0x08
	.byte 0x00, 0xBA, 0x06, 0x08, 0x00, 0xBA, 0x06, 0x08, 0x00, 0xBA, 0x06, 0x08, 0x00, 0xBA, 0x06, 0x08
	.byte 0x58, 0xAA, 0x06, 0x08, 0x00, 0xBA, 0x06, 0x08, 0x00, 0xBA, 0x06, 0x08, 0x00, 0xBA, 0x06, 0x08
	.byte 0x48, 0xAB, 0x06, 0x08, 0x00, 0xBA, 0x06, 0x08, 0x00, 0xBA, 0x06, 0x08, 0x1C, 0xAA, 0x06, 0x08
	.byte 0x7A, 0xAB, 0x06, 0x08, 0x00, 0xBA, 0x06, 0x08, 0x00, 0xBA, 0x06, 0x08, 0x00, 0xBA, 0x06, 0x08
	.byte 0x00, 0xBA, 0x06, 0x08, 0x00, 0xBA, 0x06, 0x08, 0x00, 0xBA, 0x06, 0x08, 0x00, 0xBA, 0x06, 0x08
	.byte 0xEE, 0xAA, 0x06, 0x08, 0x00, 0xBA, 0x06, 0x08, 0x00, 0xBA, 0x06, 0x08, 0x00, 0xBA, 0x06, 0x08
	.byte 0x00, 0xBA, 0x06, 0x08, 0x00, 0xBA, 0x06, 0x08, 0x00, 0xBA, 0x06, 0x08, 0x00, 0xBA, 0x06, 0x08
	.byte 0x00, 0xBA, 0x06, 0x08, 0x00, 0xBA, 0x06, 0x08, 0x00, 0xBA, 0x06, 0x08, 0x30, 0xAA, 0x06, 0x08
	.byte 0x00, 0xBA, 0x06, 0x08, 0x00, 0xBA, 0x06, 0x08, 0x00, 0xBA, 0x06, 0x08, 0x80, 0xAA, 0x06, 0x08
	.byte 0x00, 0xBA, 0x06, 0x08, 0x00, 0xBA, 0x06, 0x08, 0x00, 0xBA, 0x06, 0x08, 0x20, 0xAB, 0x06, 0x08
	.byte 0xC6, 0xAA, 0x06, 0x08, 0x00, 0xBA, 0x06, 0x08, 0x00, 0xBA, 0x06, 0x08, 0x52, 0xAB, 0x06, 0x08
	.byte 0x3E, 0xAB, 0x06, 0x08, 0x00, 0xBA, 0x06, 0x08, 0x00, 0xBA, 0x06, 0x08, 0x00, 0xBA, 0x06, 0x08
	.byte 0x00, 0xBA, 0x06, 0x08, 0x84, 0xAB, 0x06, 0x08, 0x00, 0xBA, 0x06, 0x08, 0x00, 0xBA, 0x06, 0x08
	.byte 0x00, 0xBA, 0x06, 0x08, 0x00, 0xBA, 0x06, 0x08, 0x00, 0xBA, 0x06, 0x08, 0x00, 0xBA, 0x06, 0x08
	.byte 0x00, 0xBA, 0x06, 0x08, 0x00, 0xBA, 0x06, 0x08, 0x00, 0xBA, 0x06, 0x08, 0x00, 0xBA, 0x06, 0x08
	.byte 0x00, 0xBA, 0x06, 0x08, 0x00, 0xBA, 0x06, 0x08, 0x44, 0xAA, 0x06, 0x08, 0x00, 0xBA, 0x06, 0x08
	.byte 0x00, 0xBA, 0x06, 0x08, 0x00, 0xBA, 0x06, 0x08, 0x2A, 0xAB, 0x06, 0x08, 0xBC, 0xAA, 0x06, 0x08
	.byte 0x00, 0xBA, 0x06, 0x08, 0x00, 0xBA, 0x06, 0x08, 0x00, 0xBA, 0x06, 0x08, 0x00, 0xBA, 0x06, 0x08
	.byte 0x00, 0xBA, 0x06, 0x08, 0x00, 0xBA, 0x06, 0x08, 0x00, 0xBA, 0x06, 0x08, 0x00, 0xBA, 0x06, 0x08
	.byte 0x6C, 0xAA, 0x06, 0x08, 0x16, 0xAB, 0x06, 0x08, 0x34, 0xAB, 0x06, 0x08, 0x00, 0xBA, 0x06, 0x08
	.byte 0x00, 0xBA, 0x06, 0x08, 0x00, 0xBA, 0x06, 0x08, 0x00, 0xBA, 0x06, 0x08, 0x00, 0xBA, 0x06, 0x08
	.byte 0x00, 0xBA, 0x06, 0x08, 0x00, 0xBA, 0x06, 0x08, 0x00, 0xBA, 0x06, 0x08, 0x12, 0xAA, 0x06, 0x08
	.byte 0x00, 0xBA, 0x06, 0x08, 0x00, 0xBA, 0x06, 0x08, 0x00, 0xBA, 0x06, 0x08, 0x00, 0xBA, 0x06, 0x08
	.byte 0x00, 0xBA, 0x06, 0x08, 0x00, 0xBA, 0x06, 0x08, 0x00, 0xBA, 0x06, 0x08, 0x00, 0xBA, 0x06, 0x08
	.byte 0x00, 0xBA, 0x06, 0x08, 0x00, 0xBA, 0x06, 0x08, 0x00, 0xBA, 0x06, 0x08, 0x00, 0xBA, 0x06, 0x08
	.byte 0x00, 0xBA, 0x06, 0x08, 0x0C, 0xAB, 0x06, 0x08, 0x00, 0xBA, 0x06, 0x08, 0x00, 0xBA, 0x06, 0x08
	.byte 0x00, 0xBA, 0x06, 0x08, 0x00, 0xBA, 0x06, 0x08, 0x00, 0xBA, 0x06, 0x08, 0x00, 0xBA, 0x06, 0x08
	.byte 0x00, 0xBA, 0x06, 0x08, 0x00, 0xBA, 0x06, 0x08, 0x00, 0xBA, 0x06, 0x08, 0x08, 0xAA, 0x06, 0x08
	.byte 0x62, 0xAA, 0x06, 0x08, 0xF8, 0xAA, 0x06, 0x08, 0x00, 0xBA, 0x06, 0x08, 0x00, 0xBA, 0x06, 0x08
	.byte 0x00, 0xBA, 0x06, 0x08, 0x00, 0xBA, 0x06, 0x08, 0x00, 0xBA, 0x06, 0x08, 0x00, 0xBA, 0x06, 0x08
	.byte 0x8E, 0xAB, 0x06, 0x08, 0x00, 0xBA, 0x06, 0x08, 0xE4, 0xAA, 0x06, 0x08, 0x00, 0xBA, 0x06, 0x08
	.byte 0x00, 0xBA, 0x06, 0x08, 0x00, 0xBA, 0x06, 0x08, 0x8A, 0xAA, 0x06, 0x08, 0x00, 0xBA, 0x06, 0x08
	.byte 0x00, 0xBA, 0x06, 0x08, 0x00, 0xBA, 0x06, 0x08, 0x70, 0xAB, 0x06, 0x08, 0x76, 0xAA, 0x06, 0x08
	.byte 0x00, 0xBA, 0x06, 0x08, 0x00, 0xBA, 0x06, 0x08, 0x26, 0xAA, 0x06, 0x08, 0x00, 0xBA, 0x06, 0x08
	.byte 0x00, 0xBA, 0x06, 0x08, 0x00, 0xBA, 0x06, 0x08, 0x00, 0xBA, 0x06, 0x08, 0x00, 0xBA, 0x06, 0x08
	.byte 0x00, 0xBA, 0x06, 0x08, 0x4E, 0xAA, 0x06, 0x08, 0x29, 0x20, 0x18, 0x80, 0x01, 0x20, 0x00, 0xF0
	.byte 0xF9, 0xFF, 0x2A, 0x20, 0x18, 0x80, 0x01, 0x20, 0x00, 0xF0, 0xF4, 0xFF, 0x90, 0x20, 0x18, 0x80
	.byte 0x01, 0x20, 0x00, 0xF0, 0xEF, 0xFF, 0xC3, 0x20, 0x18, 0x80, 0x01, 0x20, 0x00, 0xF0, 0xEA, 0xFF
	.byte 0xDA, 0x20, 0x18, 0x80, 0x01, 0x20, 0x00, 0xF0, 0xE5, 0xFF, 0xDF, 0x20, 0x18, 0x80, 0x01, 0x20
	.byte 0x00, 0xF0, 0xE0, 0xFF, 0xE5, 0x20, 0x18, 0x80, 0x01, 0x20, 0x00, 0xF0, 0xDB, 0xFF, 0xF0, 0x20
	.byte 0x18, 0x80, 0x01, 0x20, 0x00, 0xF0, 0xD6, 0xFF, 0xF4, 0x20, 0x18, 0x80, 0x01, 0x20, 0x00, 0xF0
	.byte 0xD1, 0xFF, 0x12, 0x20, 0x18, 0x80, 0x02, 0x20, 0x00, 0xF0, 0xCC, 0xFF, 0x1E, 0x20, 0x18, 0x80
	.byte 0x02, 0x20, 0x00, 0xF0, 0xC7, 0xFF, 0x20, 0x20, 0x18, 0x80, 0x02, 0x20, 0x00, 0xF0, 0xC2, 0xFF
	.byte 0x24, 0x20, 0x18, 0x80, 0x02, 0x20, 0x00, 0xF0, 0xBD, 0xFF, 0x25, 0x20, 0x18, 0x80, 0x02, 0x20
	.byte 0x00, 0xF0, 0xB8, 0xFF, 0x2A, 0x20, 0x18, 0x80, 0x02, 0x20, 0x00, 0xF0, 0xB3, 0xFF, 0x34, 0x20
	.byte 0x18, 0x80, 0x02, 0x20, 0x00, 0xF0, 0xAE, 0xFF, 0x35, 0x20, 0x18, 0x80, 0x02, 0x20, 0x00, 0xF0
	.byte 0xA9, 0xFF, 0x3E, 0x20, 0x18, 0x80, 0x02, 0x20, 0x00, 0xF0, 0xA4, 0xFF, 0x4A, 0x20, 0x18, 0x80
	.byte 0x02, 0x20, 0x00, 0xF0, 0x9F, 0xFF, 0x72, 0x20, 0x18, 0x80, 0x02, 0x20, 0x00, 0xF0, 0x9A, 0xFF
	.byte 0x77, 0x20, 0x18, 0x80, 0x02, 0x20, 0x00, 0xF0, 0x95, 0xFF, 0xA0, 0x20, 0x18, 0x80, 0x02, 0x20
	.byte 0x00, 0xF0, 0x90, 0xFF, 0xCD, 0x20, 0x18, 0x80, 0x02, 0x20, 0x00, 0xF0, 0x8B, 0xFF, 0xD8, 0x20
	.byte 0x18, 0x80, 0x02, 0x20, 0x00, 0xF0, 0x86, 0xFF, 0xE4, 0x20, 0x18, 0x80, 0x02, 0x20, 0x00, 0xF0
	.byte 0x81, 0xFF, 0xEC, 0x20, 0x18, 0x80, 0x02, 0x20, 0x00, 0xF0, 0x7C, 0xFF, 0x07, 0x20, 0x18, 0x80
	.byte 0x03, 0x20, 0x00, 0xF0, 0x77, 0xFF, 0x08, 0x20, 0x18, 0x80, 0x03, 0x20, 0x00, 0xF0, 0x72, 0xFF
	.byte 0x0A, 0x20, 0x18, 0x80, 0x03, 0x20, 0x00, 0xF0, 0x6D, 0xFF, 0x0B, 0x20, 0x18, 0x80, 0x03, 0x20
	.byte 0x00, 0xF0, 0x68, 0xFF, 0x18, 0x20, 0x18, 0x80, 0x03, 0x20, 0x00, 0xF0, 0x63, 0xFF, 0x29, 0x20
	.byte 0x18, 0x80, 0x03, 0x20, 0x00, 0xF0, 0x5E, 0xFF, 0x43, 0x20, 0x18, 0x80, 0x03, 0x20, 0x00, 0xF0
	.byte 0x59, 0xFF, 0x44, 0x20, 0x18, 0x80, 0x03, 0x20, 0x00, 0xF0, 0x54, 0xFF, 0x52, 0x20, 0x18, 0x80
	.byte 0x03, 0x20, 0x00, 0xF0, 0x4F, 0xFF, 0x60, 0x20, 0x18, 0x80, 0x03, 0x20, 0x00, 0xF0, 0x4A, 0xFF
	.byte 0x6E, 0x20, 0x18, 0x80, 0x03, 0x20, 0x00, 0xF0, 0x45, 0xFF, 0x97, 0x20, 0x18, 0x80, 0x03, 0x20
	.byte 0x00, 0xF0, 0x40, 0xFF, 0xB0, 0x20, 0x18, 0x80, 0x03, 0x20, 0x00, 0xF0, 0x3B, 0xFF, 0xB7, 0x20
	.byte 0x18, 0x80, 0x03, 0x20, 0x00, 0xF0, 0x36, 0xFF, 0xC1, 0x20, 0x18, 0x80, 0x03, 0x20, 0x00, 0xF0
	.byte 0x31, 0xFF, 0xFF, 0x20, 0x20, 0x40, 0x40, 0x38, 0xBB, 0x28, 0x01, 0xD9, 0x00, 0xF0, 0x28, 0xFF
	.byte 0x80, 0x00, 0x02, 0x49, 0x40, 0x18, 0x00, 0x68, 0x87, 0x46, 0x00, 0x00, 0xC0, 0xAB, 0x06, 0x08
	.byte 0x3C, 0xAF, 0x06, 0x08, 0x00, 0xBA, 0x06, 0x08, 0x00, 0xBA, 0x06, 0x08, 0x00, 0xBA, 0x06, 0x08
	.byte 0x00, 0xBA, 0x06, 0x08, 0x00, 0xBA, 0x06, 0x08, 0x00, 0xBA, 0x06, 0x08, 0x00, 0xBA, 0x06, 0x08
	.byte 0x00, 0xBA, 0x06, 0x08, 0x00, 0xBA, 0x06, 0x08, 0x00, 0xBA, 0x06, 0x08, 0x74, 0xAF, 0x06, 0x08
	.byte 0x00, 0xBA, 0x06, 0x08, 0x00, 0xBA, 0x06, 0x08, 0x00, 0xBA, 0x06, 0x08, 0x00, 0xBA, 0x06, 0x08
	.byte 0x00, 0xBA, 0x06, 0x08, 0x00, 0xBA, 0x06, 0x08, 0x00, 0xBA, 0x06, 0x08, 0x00, 0xBA, 0x06, 0x08
	.byte 0x00, 0xBA, 0x06, 0x08, 0x00, 0xBA, 0x06, 0x08, 0x00, 0xBA, 0x06, 0x08, 0x00, 0xBA, 0x06, 0x08
	.byte 0x1E, 0xB0, 0x06, 0x08, 0x00, 0xBA, 0x06, 0x08, 0x00, 0xBA, 0x06, 0x08, 0x00, 0xBA, 0x06, 0x08
	.byte 0x14, 0xB0, 0x06, 0x08, 0x00, 0xBA, 0x06, 0x08, 0x00, 0xBA, 0x06, 0x08, 0x00, 0xBA, 0x06, 0x08
	.byte 0xC4, 0xAF, 0x06, 0x08, 0x00, 0xBA, 0x06, 0x08, 0x00, 0xBA, 0x06, 0x08, 0x00, 0xBA, 0x06, 0x08
	.byte 0x00, 0xBA, 0x06, 0x08, 0x00, 0xBA, 0x06, 0x08, 0x00, 0xBA, 0x06, 0x08, 0x00, 0xBA, 0x06, 0x08
	.byte 0x00, 0xBA, 0x06, 0x08, 0x6E, 0xAF, 0x06, 0x08, 0x00, 0xBA, 0x06, 0x08, 0x00, 0xBA, 0x06, 0x08
	.byte 0x00, 0xBA, 0x06, 0x08, 0x00, 0xBA, 0x06, 0x08, 0x00, 0xBA, 0x06, 0x08, 0x00, 0xBA, 0x06, 0x08
	.byte 0x00, 0xBA, 0x06, 0x08, 0x00, 0xBA, 0x06, 0x08, 0x00, 0xBA, 0x06, 0x08, 0xCE, 0xAE, 0x06, 0x08
	.byte 0x00, 0xBA, 0x06, 0x08, 0x00, 0xBA, 0x06, 0x08, 0x50, 0xAF, 0x06, 0x08, 0x00, 0xBA, 0x06, 0x08
	.byte 0x00, 0xBA, 0x06, 0x08, 0x00, 0xBA, 0x06, 0x08, 0x00, 0xBA, 0x06, 0x08, 0x00, 0xBA, 0x06, 0x08
	.byte 0xBA, 0xAE, 0x06, 0x08, 0x00, 0xBA, 0x06, 0x08, 0x00, 0xBA, 0x06, 0x08, 0x00, 0xBA, 0x06, 0x08
	.byte 0x00, 0xBA, 0x06, 0x08, 0x00, 0xBA, 0x06, 0x08, 0xD8, 0xAF, 0x06, 0x08, 0x00, 0xAF, 0x06, 0x08
	.byte 0x00, 0xBA, 0x06, 0x08, 0x00, 0xBA, 0x06, 0x08, 0x00, 0xBA, 0x06, 0x08, 0x00, 0xBA, 0x06, 0x08
	.byte 0x00, 0xBA, 0x06, 0x08, 0xA6, 0xAF, 0x06, 0x08, 0x00, 0xBA, 0x06, 0x08, 0x00, 0xBA, 0x06, 0x08
	.byte 0x00, 0xBA, 0x06, 0x08, 0x00, 0xBA, 0x06, 0x08, 0x00, 0xBA, 0x06, 0x08, 0x00, 0xBA, 0x06, 0x08
	.byte 0xF6, 0xAF, 0x06, 0x08, 0x00, 0xBA, 0x06, 0x08, 0x00, 0xBA, 0x06, 0x08, 0x00, 0xBA, 0x06, 0x08
	.byte 0x9C, 0xAF, 0x06, 0x08, 0xC4, 0xAE, 0x06, 0x08, 0x00, 0xBA, 0x06, 0x08, 0xEC, 0xAF, 0x06, 0x08
	.byte 0x00, 0xBA, 0x06, 0x08, 0x00, 0xBA, 0x06, 0x08, 0x92, 0xAF, 0x06, 0x08, 0x00, 0xBA, 0x06, 0x08
	.byte 0x00, 0xB0, 0x06, 0x08, 0x00, 0xBA, 0x06, 0x08, 0x00, 0xBA, 0x06, 0x08, 0x00, 0xBA, 0x06, 0x08
	.byte 0x14, 0xAF, 0x06, 0x08, 0xB0, 0xAF, 0x06, 0x08, 0x00, 0xBA, 0x06, 0x08, 0x00, 0xBA, 0x06, 0x08
	.byte 0x00, 0xBA, 0x06, 0x08, 0x00, 0xBA, 0x06, 0x08, 0x00, 0xBA, 0x06, 0x08, 0x00, 0xBA, 0x06, 0x08
	.byte 0xE2, 0xAE, 0x06, 0x08, 0x00, 0xBA, 0x06, 0x08, 0xB0, 0xAE, 0x06, 0x08, 0x00, 0xBA, 0x06, 0x08
	.byte 0x00, 0xBA, 0x06, 0x08, 0x00, 0xBA, 0x06, 0x08, 0x00, 0xBA, 0x06, 0x08, 0x00, 0xBA, 0x06, 0x08
	.byte 0x00, 0xBA, 0x06, 0x08, 0x00, 0xBA, 0x06, 0x08, 0x00, 0xBA, 0x06, 0x08, 0x00, 0xBA, 0x06, 0x08
	.byte 0x00, 0xBA, 0x06, 0x08, 0x7E, 0xAF, 0x06, 0x08, 0x28, 0xB0, 0x06, 0x08, 0x0A, 0xAF, 0x06, 0x08
	.byte 0x00, 0xBA, 0x06, 0x08, 0x00, 0xBA, 0x06, 0x08, 0x0A, 0xB0, 0x06, 0x08, 0x00, 0xBA, 0x06, 0x08
	.byte 0x00, 0xBA, 0x06, 0x08, 0x46, 0xAF, 0x06, 0x08, 0x00, 0xBA, 0x06, 0x08, 0x00, 0xBA, 0x06, 0x08
	.byte 0x00, 0xBA, 0x06, 0x08, 0x00, 0xBA, 0x06, 0x08, 0x1E, 0xAF, 0x06, 0x08, 0x00, 0xBA, 0x06, 0x08
	.byte 0x00, 0xBA, 0x06, 0x08, 0x00, 0xBA, 0x06, 0x08, 0x00, 0xBA, 0x06, 0x08, 0x00, 0xBA, 0x06, 0x08
	.byte 0x00, 0xBA, 0x06, 0x08, 0x00, 0xBA, 0x06, 0x08, 0xEC, 0xAE, 0x06, 0x08, 0x00, 0xBA, 0x06, 0x08
	.byte 0x00, 0xBA, 0x06, 0x08, 0x00, 0xBA, 0x06, 0x08, 0x00, 0xBA, 0x06, 0x08, 0xD8, 0xAE, 0x06, 0x08
	.byte 0xE2, 0xAF, 0x06, 0x08, 0x00, 0xBA, 0x06, 0x08, 0x32, 0xB0, 0x06, 0x08, 0x00, 0xBA, 0x06, 0x08
	.byte 0x64, 0xAF, 0x06, 0x08, 0x00, 0xBA, 0x06, 0x08, 0xBA, 0xAF, 0x06, 0x08, 0x00, 0xBA, 0x06, 0x08
	.byte 0x00, 0xBA, 0x06, 0x08, 0x00, 0xBA, 0x06, 0x08, 0x00, 0xBA, 0x06, 0x08, 0x00, 0xBA, 0x06, 0x08
	.byte 0x00, 0xBA, 0x06, 0x08, 0x00, 0xBA, 0x06, 0x08, 0x00, 0xBA, 0x06, 0x08, 0x00, 0xBA, 0x06, 0x08
	.byte 0x28, 0xAF, 0x06, 0x08, 0x00, 0xBA, 0x06, 0x08, 0x00, 0xBA, 0x06, 0x08, 0x00, 0xBA, 0x06, 0x08
	.byte 0x00, 0xBA, 0x06, 0x08, 0x00, 0xBA, 0x06, 0x08, 0x00, 0xBA, 0x06, 0x08, 0x00, 0xBA, 0x06, 0x08
	.byte 0x00, 0xBA, 0x06, 0x08, 0x00, 0xBA, 0x06, 0x08, 0x00, 0xBA, 0x06, 0x08, 0x00, 0xBA, 0x06, 0x08
	.byte 0x00, 0xBA, 0x06, 0x08, 0x00, 0xBA, 0x06, 0x08, 0x00, 0xBA, 0x06, 0x08, 0x00, 0xBA, 0x06, 0x08
	.byte 0x00, 0xBA, 0x06, 0x08, 0xCE, 0xAF, 0x06, 0x08, 0x00, 0xBA, 0x06, 0x08, 0x32, 0xAF, 0x06, 0x08
	.byte 0x00, 0xBA, 0x06, 0x08, 0x00, 0xBA, 0x06, 0x08, 0x00, 0xBA, 0x06, 0x08, 0x00, 0xBA, 0x06, 0x08
	.byte 0x5A, 0xAF, 0x06, 0x08, 0x00, 0xBA, 0x06, 0x08, 0x88, 0xAF, 0x06, 0x08, 0xF6, 0xAE, 0x06, 0x08
	.byte 0x10, 0x20, 0x18, 0x80, 0x01, 0x20, 0x00, 0xF0, 0xA5, 0xFD, 0x25, 0x20, 0x18, 0x80, 0x01, 0x20
	.byte 0x00, 0xF0, 0xA0, 0xFD, 0x55, 0x20, 0x18, 0x80, 0x01, 0x20, 0x00, 0xF0, 0x9B, 0xFD, 0x58, 0x20
	.byte 0x18, 0x80, 0x01, 0x20, 0x00, 0xF0, 0x96, 0xFD, 0x5C, 0x20, 0x18, 0x80, 0x01, 0x20, 0x00, 0xF0
	.byte 0x91, 0xFD, 0x60, 0x20, 0x18, 0x80, 0x01, 0x20, 0x00, 0xF0, 0x8C, 0xFD, 0x6D, 0x20, 0x18, 0x80
	.byte 0x01, 0x20, 0x00, 0xF0, 0x87, 0xFD, 0x6E, 0x20, 0x18, 0x80, 0x01, 0x20, 0x00, 0xF0, 0x82, 0xFD
	.byte 0x72, 0x20, 0x18, 0x80, 0x01, 0x20, 0x00, 0xF0, 0x7D, 0xFD, 0x73, 0x20, 0x18, 0x80, 0x01, 0x20
	.byte 0x00, 0xF0, 0x78, 0xFD, 0x76, 0x20, 0x18, 0x80, 0x01, 0x20, 0x00, 0xF0, 0x73, 0xFD, 0x7E, 0x20
	.byte 0x18, 0x80, 0x01, 0x20, 0x00, 0xF0, 0x6E, 0xFD, 0x92, 0x20, 0x18, 0x80, 0x01, 0x20, 0x00, 0xF0
	.byte 0x69, 0xFD, 0x93, 0x20, 0x18, 0x80, 0x01, 0x20, 0x00, 0xF0, 0x64, 0xFD, 0xA5, 0x20, 0x18, 0x80
	.byte 0x01, 0x20, 0x00, 0xF0, 0x5F, 0xFD, 0xAB, 0x20, 0x18, 0x80, 0x01, 0x20, 0x00, 0xF0, 0x5A, 0xFD
	.byte 0xBA, 0x20, 0x18, 0x80, 0x01, 0x20, 0x00, 0xF0, 0x55, 0xFD, 0xD5, 0x20, 0x18, 0x80, 0x01, 0x20
	.byte 0x00, 0xF0, 0x50, 0xFD, 0xF8, 0x20, 0x18, 0x80, 0x01, 0x20, 0x00, 0xF0, 0x4B, 0xFD, 0x02, 0x20
	.byte 0x00, 0xF0, 0x47, 0xFD, 0x10, 0x20, 0x18, 0x80, 0x02, 0x20, 0x00, 0xF0, 0x43, 0xFD, 0x38, 0x20
	.byte 0x18, 0x80, 0x02, 0x20, 0x00, 0xF0, 0x3E, 0xFD, 0x6E, 0x20, 0x18, 0x80, 0x02, 0x20, 0x00, 0xF0
	.byte 0x39, 0xFD, 0x74, 0x20, 0x18, 0x80, 0x02, 0x20, 0x00, 0xF0, 0x34, 0xFD, 0x7B, 0x20, 0x18, 0x80
	.byte 0x02, 0x20, 0x00, 0xF0, 0x2F, 0xFD, 0x9D, 0x20, 0x18, 0x80, 0x02, 0x20, 0x00, 0xF0, 0x2A, 0xFD
	.byte 0xAC, 0x20, 0x18, 0x80, 0x02, 0x20, 0x00, 0xF0, 0x25, 0xFD, 0xEA, 0x20, 0x18, 0x80, 0x02, 0x20
	.byte 0x00, 0xF0, 0x20, 0xFD, 0x04, 0x20, 0x18, 0x80, 0x03, 0x20, 0x00, 0xF0, 0x1B, 0xFD, 0x1B, 0x20
	.byte 0x18, 0x80, 0x03, 0x20, 0x00, 0xF0, 0x16, 0xFD, 0x26, 0x20, 0x18, 0x80, 0x03, 0x20, 0x00, 0xF0
	.byte 0x11, 0xFD, 0x3B, 0x20, 0x18, 0x80, 0x03, 0x20, 0x00, 0xF0, 0x0C, 0xFD, 0x3E, 0x20, 0x18, 0x80
	.byte 0x03, 0x20, 0x00, 0xF0, 0x07, 0xFD, 0x4B, 0x20, 0x18, 0x80, 0x03, 0x20, 0x00, 0xF0, 0x02, 0xFD
	.byte 0x57, 0x20, 0x18, 0x80, 0x03, 0x20, 0x00, 0xF0, 0xFD, 0xFC, 0x6F, 0x20, 0x18, 0x80, 0x03, 0x20
	.byte 0x00, 0xF0, 0xF8, 0xFC, 0x74, 0x20, 0x18, 0x80, 0x03, 0x20, 0x00, 0xF0, 0xF3, 0xFC, 0x9B, 0x20
	.byte 0x18, 0x80, 0x03, 0x20, 0x00, 0xF0, 0xEE, 0xFC, 0xA0, 0x20, 0x18, 0x80, 0x03, 0x20, 0x00, 0xF0
	.byte 0xE9, 0xFC, 0xC2, 0x20, 0x18, 0x80, 0x03, 0x20, 0x00, 0xF0, 0xE4, 0xFC, 0xFF, 0x20, 0x20, 0x40
	.byte 0x40, 0x38, 0xBB, 0x28, 0x01, 0xD9, 0x00, 0xF0, 0xDB, 0xFC, 0x80, 0x00, 0x01, 0x49, 0x40, 0x18
	.byte 0x00, 0x68, 0x87, 0x46, 0x58, 0xB0, 0x06, 0x08, 0x80, 0xB3, 0x06, 0x08, 0x00, 0xBA, 0x06, 0x08
	.byte 0x00, 0xBA, 0x06, 0x08, 0x00, 0xBA, 0x06, 0x08, 0x00, 0xBA, 0x06, 0x08, 0x00, 0xBA, 0x06, 0x08
	.byte 0x00, 0xBA, 0x06, 0x08, 0x00, 0xBA, 0x06, 0x08, 0x00, 0xBA, 0x06, 0x08, 0x00, 0xBA, 0x06, 0x08
	.byte 0x00, 0xBA, 0x06, 0x08, 0x60, 0xB4, 0x06, 0x08, 0x00, 0xBA, 0x06, 0x08, 0x00, 0xBA, 0x06, 0x08
	.byte 0x00, 0xBA, 0x06, 0x08, 0x00, 0xBA, 0x06, 0x08, 0x00, 0xBA, 0x06, 0x08, 0x00, 0xBA, 0x06, 0x08
	.byte 0x00, 0xBA, 0x06, 0x08, 0x00, 0xBA, 0x06, 0x08, 0x00, 0xBA, 0x06, 0x08, 0x00, 0xBA, 0x06, 0x08
	.byte 0x00, 0xBA, 0x06, 0x08, 0x28, 0xB4, 0x06, 0x08, 0x00, 0xBA, 0x06, 0x08, 0x48, 0xB3, 0x06, 0x08
	.byte 0x00, 0xBA, 0x06, 0x08, 0x00, 0xBA, 0x06, 0x08, 0xA0, 0xB3, 0x06, 0x08, 0xE0, 0xB3, 0x06, 0x08
	.byte 0x00, 0xBA, 0x06, 0x08, 0x00, 0xBA, 0x06, 0x08, 0x88, 0xB4, 0x06, 0x08, 0x00, 0xBA, 0x06, 0x08
	.byte 0x00, 0xBA, 0x06, 0x08, 0x00, 0xBA, 0x06, 0x08, 0x70, 0xB4, 0x06, 0x08, 0x00, 0xBA, 0x06, 0x08
	.byte 0x00, 0xBA, 0x06, 0x08, 0x00, 0xBA, 0x06, 0x08, 0xA8, 0xB4, 0x06, 0x08, 0x00, 0xBA, 0x06, 0x08
	.byte 0x00, 0xBA, 0x06, 0x08, 0x00, 0xBA, 0x06, 0x08, 0x60, 0xB3, 0x06, 0x08, 0x00, 0xBA, 0x06, 0x08
	.byte 0x00, 0xBA, 0x06, 0x08, 0x00, 0xBA, 0x06, 0x08, 0x00, 0xBA, 0x06, 0x08, 0x00, 0xBA, 0x06, 0x08
	.byte 0x00, 0xBA, 0x06, 0x08, 0x00, 0xBA, 0x06, 0x08, 0x00, 0xBA, 0x06, 0x08, 0x00, 0xBA, 0x06, 0x08
	.byte 0x00, 0xBA, 0x06, 0x08, 0x00, 0xBA, 0x06, 0x08, 0x00, 0xBA, 0x06, 0x08, 0x00, 0xBA, 0x06, 0x08
	.byte 0x00, 0xBA, 0x06, 0x08, 0x70, 0xB3, 0x06, 0x08, 0x00, 0xBA, 0x06, 0x08, 0x00, 0xBA, 0x06, 0x08
	.byte 0x00, 0xBA, 0x06, 0x08, 0x00, 0xBA, 0x06, 0x08, 0x00, 0xBA, 0x06, 0x08, 0x00, 0xBA, 0x06, 0x08
	.byte 0x50, 0xB3, 0x06, 0x08, 0x00, 0xBA, 0x06, 0x08, 0x00, 0xBA, 0x06, 0x08, 0x00, 0xBA, 0x06, 0x08
	.byte 0x00, 0xBA, 0x06, 0x08, 0xA0, 0xB4, 0x06, 0x08, 0x08, 0xB4, 0x06, 0x08, 0x00, 0xBA, 0x06, 0x08
	.byte 0x00, 0xBA, 0x06, 0x08, 0x00, 0xBA, 0x06, 0x08, 0x00, 0xBA, 0x06, 0x08, 0x00, 0xBA, 0x06, 0x08
	.byte 0x00, 0xBA, 0x06, 0x08, 0x00, 0xBA, 0x06, 0x08, 0x00, 0xBA, 0x06, 0x08, 0x00, 0xBA, 0x06, 0x08
	.byte 0x00, 0xBA, 0x06, 0x08, 0x00, 0xBA, 0x06, 0x08, 0x00, 0xBA, 0x06, 0x08, 0x00, 0xBA, 0x06, 0x08
	.byte 0x20, 0xB4, 0x06, 0x08, 0x00, 0xBA, 0x06, 0x08, 0x00, 0xBA, 0x06, 0x08, 0x00, 0xBA, 0x06, 0x08
	.byte 0x00, 0xBA, 0x06, 0x08, 0x00, 0xBA, 0x06, 0x08, 0x30, 0xB4, 0x06, 0x08, 0x00, 0xBA, 0x06, 0x08
	.byte 0x88, 0xB3, 0x06, 0x08, 0x00, 0xBA, 0x06, 0x08, 0x00, 0xBA, 0x06, 0x08, 0xB0, 0xB3, 0x06, 0x08
	.byte 0x58, 0xB4, 0x06, 0x08, 0x00, 0xBA, 0x06, 0x08, 0x00, 0xBA, 0x06, 0x08, 0x00, 0xBA, 0x06, 0x08
	.byte 0x00, 0xBA, 0x06, 0x08, 0x48, 0xB4, 0x06, 0x08, 0x00, 0xBA, 0x06, 0x08, 0x00, 0xBA, 0x06, 0x08
	.byte 0x00, 0xBA, 0x06, 0x08, 0x00, 0xBA, 0x06, 0x08, 0x00, 0xBA, 0x06, 0x08, 0xE8, 0xB3, 0x06, 0x08
	.byte 0x00, 0xBA, 0x06, 0x08, 0x00, 0xBA, 0x06, 0x08, 0x58, 0xB3, 0x06, 0x08, 0x00, 0xBA, 0x06, 0x08
	.byte 0xC0, 0xB3, 0x06, 0x08, 0xA8, 0xB3, 0x06, 0x08, 0x00, 0xBA, 0x06, 0x08, 0x00, 0xBA, 0x06, 0x08
	.byte 0x00, 0xBA, 0x06, 0x08, 0x00, 0xBA, 0x06, 0x08, 0x00, 0xBA, 0x06, 0x08, 0x00, 0xBA, 0x06, 0x08
	.byte 0x80, 0xB4, 0x06, 0x08, 0x18, 0xB4, 0x06, 0x08, 0xB8, 0xB3, 0x06, 0x08, 0x68, 0xB3, 0x06, 0x08
	.byte 0x78, 0xB3, 0x06, 0x08, 0x00, 0xBA, 0x06, 0x08, 0x00, 0xB4, 0x06, 0x08, 0x00, 0xBA, 0x06, 0x08
	.byte 0x38, 0xB4, 0x06, 0x08, 0x00, 0xBA, 0x06, 0x08, 0x00, 0xBA, 0x06, 0x08, 0x78, 0xB4, 0x06, 0x08
	.byte 0x00, 0xBA, 0x06, 0x08, 0x00, 0xBA, 0x06, 0x08, 0x00, 0xBA, 0x06, 0x08, 0x00, 0xBA, 0x06, 0x08
	.byte 0xF8, 0xB3, 0x06, 0x08, 0x00, 0xBA, 0x06, 0x08, 0x00, 0xBA, 0x06, 0x08, 0x00, 0xBA, 0x06, 0x08
	.byte 0x00, 0xBA, 0x06, 0x08, 0x00, 0xBA, 0x06, 0x08, 0x00, 0xBA, 0x06, 0x08, 0x00, 0xBA, 0x06, 0x08
	.byte 0x00, 0xBA, 0x06, 0x08, 0x00, 0xBA, 0x06, 0x08, 0x00, 0xBA, 0x06, 0x08, 0x00, 0xBA, 0x06, 0x08
	.byte 0x00, 0xBA, 0x06, 0x08, 0x00, 0xBA, 0x06, 0x08, 0x90, 0xB4, 0x06, 0x08, 0x90, 0xB3, 0x06, 0x08
	.byte 0xF0, 0xB3, 0x06, 0x08, 0x00, 0xBA, 0x06, 0x08, 0x00, 0xBA, 0x06, 0x08, 0x00, 0xBA, 0x06, 0x08
	.byte 0x00, 0xBA, 0x06, 0x08, 0xD0, 0xB3, 0x06, 0x08, 0x00, 0xBA, 0x06, 0x08, 0x00, 0xBA, 0x06, 0x08
	.byte 0xC8, 0xB3, 0x06, 0x08, 0x00, 0xBA, 0x06, 0x08, 0x00, 0xBA, 0x06, 0x08, 0x00, 0xBA, 0x06, 0x08
	.byte 0x00, 0xBA, 0x06, 0x08, 0x00, 0xBA, 0x06, 0x08, 0x00, 0xBA, 0x06, 0x08, 0x68, 0xB4, 0x06, 0x08
	.byte 0x00, 0xBA, 0x06, 0x08, 0x00, 0xBA, 0x06, 0x08, 0x10, 0xB4, 0x06, 0x08, 0x00, 0xBA, 0x06, 0x08
	.byte 0x00, 0xBA, 0x06, 0x08, 0x00, 0xBA, 0x06, 0x08, 0x40, 0xB4, 0x06, 0x08, 0x98, 0xB3, 0x06, 0x08
	.byte 0xD8, 0xB3, 0x06, 0x08, 0x50, 0xB4, 0x06, 0x08, 0x00, 0xBA, 0x06, 0x08, 0x00, 0xBA, 0x06, 0x08
	.byte 0x00, 0xBA, 0x06, 0x08, 0x00, 0xBA, 0x06, 0x08, 0x00, 0xBA, 0x06, 0x08, 0x00, 0xBA, 0x06, 0x08
	.byte 0x00, 0xBA, 0x06, 0x08, 0x98, 0xB4, 0x06, 0x08, 0x05, 0x20, 0x18, 0x80, 0x01, 0x20, 0x59, 0xE3
	.byte 0x13, 0x20, 0x18, 0x80, 0x01, 0x20, 0x55, 0xE3, 0x18, 0x20, 0x18, 0x80, 0x01, 0x20, 0x51, 0xE3
	.byte 0x24, 0x20, 0x18, 0x80, 0x01, 0x20, 0x4D, 0xE3, 0x33, 0x20, 0x18, 0x80, 0x01, 0x20, 0x49, 0xE3
	.byte 0x47, 0x20, 0x18, 0x80, 0x01, 0x20, 0x45, 0xE3, 0x71, 0x20, 0x18, 0x80, 0x01, 0x20, 0x41, 0xE3
	.byte 0x7D, 0x20, 0x18, 0x80, 0x01, 0x20, 0x3D, 0xE3, 0x83, 0x20, 0x18, 0x80, 0x01, 0x20, 0x39, 0xE3
	.byte 0x8E, 0x20, 0x18, 0x80, 0x01, 0x20, 0x35, 0xE3, 0xA2, 0x20, 0x18, 0x80, 0x01, 0x20, 0x31, 0xE3
	.byte 0xAA, 0x20, 0x18, 0x80, 0x01, 0x20, 0x2D, 0xE3, 0xB0, 0x20, 0x18, 0x80, 0x01, 0x20, 0x29, 0xE3
	.byte 0xBE, 0x20, 0x18, 0x80, 0x01, 0x20, 0x25, 0xE3, 0xC1, 0x20, 0x18, 0x80, 0x01, 0x20, 0x21, 0xE3
	.byte 0xD1, 0x20, 0x18, 0x80, 0x01, 0x20, 0x1D, 0xE3, 0xD3, 0x20, 0x18, 0x80, 0x01, 0x20, 0x19, 0xE3
	.byte 0xF2, 0x20, 0x18, 0x80, 0x01, 0x20, 0x15, 0xE3, 0xF3, 0x20, 0x18, 0x80, 0x01, 0x20, 0x11, 0xE3
	.byte 0x00, 0x20, 0x18, 0x80, 0x02, 0x20, 0x0D, 0xE3, 0x0E, 0x20, 0x18, 0x80, 0x02, 0x20, 0x09, 0xE3
	.byte 0x4F, 0x20, 0x18, 0x80, 0x02, 0x20, 0x05, 0xE3, 0x5E, 0x20, 0x18, 0x80, 0x02, 0x20, 0x01, 0xE3
	.byte 0x7D, 0x20, 0x18, 0x80, 0x02, 0x20, 0xFD, 0xE2, 0x82, 0x20, 0x18, 0x80, 0x02, 0x20, 0xF9, 0xE2
	.byte 0xA1, 0x20, 0x18, 0x80, 0x02, 0x20, 0xF5, 0xE2, 0xA3, 0x20, 0x18, 0x80, 0x02, 0x20, 0xF1, 0xE2
	.byte 0xA7, 0x20, 0x18, 0x80, 0x02, 0x20, 0xED, 0xE2, 0xAE, 0x20, 0x18, 0x80, 0x02, 0x20, 0xE9, 0xE2
	.byte 0xB9, 0x20, 0x18, 0x80, 0x02, 0x20, 0xE5, 0xE2, 0xC5, 0x20, 0x18, 0x80, 0x02, 0x20, 0xE1, 0xE2
	.byte 0xD9, 0x20, 0x18, 0x80, 0x02, 0x20, 0xDD, 0xE2, 0xFD, 0x20, 0x18, 0x80, 0x02, 0x20, 0xD9, 0xE2
	.byte 0x12, 0x20, 0x18, 0x80, 0x03, 0x20, 0xD5, 0xE2, 0x1D, 0x20, 0x18, 0x80, 0x03, 0x20, 0xD1, 0xE2
	.byte 0x21, 0x20, 0x18, 0x80, 0x03, 0x20, 0xCD, 0xE2, 0x24, 0x20, 0x18, 0x80, 0x03, 0x20, 0xC9, 0xE2
	.byte 0x34, 0x20, 0x18, 0x80, 0x03, 0x20, 0xC5, 0xE2, 0x35, 0x20, 0x18, 0x80, 0x03, 0x20, 0xC1, 0xE2
	.byte 0x36, 0x20, 0x18, 0x80, 0x03, 0x20, 0xBD, 0xE2, 0x5B, 0x20, 0x18, 0x80, 0x03, 0x20, 0xB9, 0xE2
	.byte 0x75, 0x20, 0x18, 0x80, 0x03, 0x20, 0xB5, 0xE2, 0x78, 0x20, 0x18, 0x80, 0x03, 0x20, 0xB1, 0xE2
	.byte 0x8F, 0x20, 0x18, 0x80, 0x03, 0x20, 0xAD, 0xE2, 0xC7, 0x20, 0x18, 0x80, 0x03, 0x20, 0xA9, 0xE2
	.byte 0xFF, 0x20, 0x20, 0x40, 0x44, 0x38, 0xA3, 0x28, 0x00, 0xD9, 0xA1, 0xE2, 0x80, 0x00, 0x02, 0x49
	.byte 0x40, 0x18, 0x00, 0x68, 0x87, 0x46, 0x00, 0x00, 0xCC, 0xB4, 0x06, 0x08, 0xB4, 0xB7, 0x06, 0x08
	.byte 0x64, 0xB7, 0x06, 0x08, 0x6C, 0xB7, 0x06, 0x08, 0x00, 0xBA, 0x06, 0x08, 0x00, 0xBA, 0x06, 0x08
	.byte 0x00, 0xBA, 0x06, 0x08, 0x00, 0xBA, 0x06, 0x08, 0x00, 0xBA, 0x06, 0x08, 0x34, 0xB8, 0x06, 0x08
	.byte 0x00, 0xBA, 0x06, 0x08, 0x00, 0xBA, 0x06, 0x08, 0x00, 0xBA, 0x06, 0x08, 0x00, 0xBA, 0x06, 0x08
	.byte 0x00, 0xBA, 0x06, 0x08, 0xAC, 0xB7, 0x06, 0x08, 0x00, 0xBA, 0x06, 0x08, 0x00, 0xBA, 0x06, 0x08
	.byte 0x00, 0xBA, 0x06, 0x08, 0x14, 0xB8, 0x06, 0x08, 0x00, 0xBA, 0x06, 0x08, 0x00, 0xBA, 0x06, 0x08
	.byte 0x1C, 0xB8, 0x06, 0x08, 0x00, 0xBA, 0x06, 0x08, 0x00, 0xBA, 0x06, 0x08, 0xC4, 0xB7, 0x06, 0x08
	.byte 0x00, 0xBA, 0x06, 0x08, 0x6C, 0xB8, 0x06, 0x08, 0x00, 0xBA, 0x06, 0x08, 0x00, 0xBA, 0x06, 0x08
	.byte 0x00, 0xBA, 0x06, 0x08, 0x00, 0xBA, 0x06, 0x08, 0x4C, 0xB8, 0x06, 0x08, 0x84, 0xB8, 0x06, 0x08
	.byte 0x00, 0xBA, 0x06, 0x08, 0x00, 0xBA, 0x06, 0x08, 0x00, 0xBA, 0x06, 0x08, 0x04, 0xB8, 0x06, 0x08
	.byte 0x00, 0xBA, 0x06, 0x08, 0x00, 0xBA, 0x06, 0x08, 0x00, 0xBA, 0x06, 0x08, 0x74, 0xB7, 0x06, 0x08
	.byte 0x00, 0xBA, 0x06, 0x08, 0xB4, 0xB8, 0x06, 0x08, 0x00, 0xBA, 0x06, 0x08, 0x8C, 0xB7, 0x06, 0x08
	.byte 0x00, 0xBA, 0x06, 0x08, 0x00, 0xBA, 0x06, 0x08, 0x00, 0xBA, 0x06, 0x08, 0xEC, 0xB7, 0x06, 0x08
	.byte 0x00, 0xBA, 0x06, 0x08, 0xDC, 0xB7, 0x06, 0x08, 0x00, 0xBA, 0x06, 0x08, 0x00, 0xBA, 0x06, 0x08
	.byte 0x94, 0xB7, 0x06, 0x08, 0x7C, 0xB8, 0x06, 0x08, 0x00, 0xBA, 0x06, 0x08, 0x00, 0xBA, 0x06, 0x08
	.byte 0x00, 0xBA, 0x06, 0x08, 0x00, 0xBA, 0x06, 0x08, 0x00, 0xBA, 0x06, 0x08, 0x00, 0xBA, 0x06, 0x08
	.byte 0x00, 0xBA, 0x06, 0x08, 0x00, 0xBA, 0x06, 0x08, 0x64, 0xB8, 0x06, 0x08, 0x00, 0xBA, 0x06, 0x08
	.byte 0x00, 0xBA, 0x06, 0x08, 0x00, 0xBA, 0x06, 0x08, 0x00, 0xBA, 0x06, 0x08, 0x84, 0xB7, 0x06, 0x08
	.byte 0x00, 0xBA, 0x06, 0x08, 0xE4, 0xB7, 0x06, 0x08, 0x94, 0xB8, 0x06, 0x08, 0x00, 0xBA, 0x06, 0x08
	.byte 0x00, 0xBA, 0x06, 0x08, 0xF4, 0xB7, 0x06, 0x08, 0x00, 0xBA, 0x06, 0x08, 0x24, 0xB8, 0x06, 0x08
	.byte 0x00, 0xBA, 0x06, 0x08, 0x00, 0xBA, 0x06, 0x08, 0x00, 0xBA, 0x06, 0x08, 0x00, 0xBA, 0x06, 0x08
	.byte 0x00, 0xBA, 0x06, 0x08, 0x00, 0xBA, 0x06, 0x08, 0x00, 0xBA, 0x06, 0x08, 0xD4, 0xB7, 0x06, 0x08
	.byte 0x00, 0xBA, 0x06, 0x08, 0x00, 0xBA, 0x06, 0x08, 0x00, 0xBA, 0x06, 0x08, 0x00, 0xBA, 0x06, 0x08
	.byte 0xA4, 0xB7, 0x06, 0x08, 0x00, 0xBA, 0x06, 0x08, 0x00, 0xBA, 0x06, 0x08, 0x54, 0xB8, 0x06, 0x08
	.byte 0x00, 0xBA, 0x06, 0x08, 0x00, 0xBA, 0x06, 0x08, 0xCC, 0xB7, 0x06, 0x08, 0x00, 0xBA, 0x06, 0x08
	.byte 0x00, 0xBA, 0x06, 0x08, 0xAC, 0xB8, 0x06, 0x08, 0xFC, 0xB7, 0x06, 0x08, 0x00, 0xBA, 0x06, 0x08
	.byte 0x00, 0xBA, 0x06, 0x08, 0x9C, 0xB8, 0x06, 0x08, 0x00, 0xBA, 0x06, 0x08, 0x5C, 0xB8, 0x06, 0x08
	.byte 0x00, 0xBA, 0x06, 0x08, 0x00, 0xBA, 0x06, 0x08, 0x00, 0xBA, 0x06, 0x08, 0x00, 0xBA, 0x06, 0x08
	.byte 0x00, 0xBA, 0x06, 0x08, 0x00, 0xBA, 0x06, 0x08, 0x00, 0xBA, 0x06, 0x08, 0x00, 0xBA, 0x06, 0x08
	.byte 0x00, 0xBA, 0x06, 0x08, 0x00, 0xBA, 0x06, 0x08, 0x44, 0xB8, 0x06, 0x08, 0x00, 0xBA, 0x06, 0x08
	.byte 0x8C, 0xB8, 0x06, 0x08, 0x00, 0xBA, 0x06, 0x08, 0x00, 0xBA, 0x06, 0x08, 0x74, 0xB8, 0x06, 0x08
	.byte 0x00, 0xBA, 0x06, 0x08, 0x00, 0xBA, 0x06, 0x08, 0x00, 0xBA, 0x06, 0x08, 0x00, 0xBA, 0x06, 0x08
	.byte 0x00, 0xBA, 0x06, 0x08, 0x00, 0xBA, 0x06, 0x08, 0x00, 0xBA, 0x06, 0x08, 0x00, 0xBA, 0x06, 0x08
	.byte 0x00, 0xBA, 0x06, 0x08, 0x00, 0xBA, 0x06, 0x08, 0x9C, 0xB7, 0x06, 0x08, 0x00, 0xBA, 0x06, 0x08
	.byte 0x00, 0xBA, 0x06, 0x08, 0xA4, 0xB8, 0x06, 0x08, 0x00, 0xBA, 0x06, 0x08, 0x00, 0xBA, 0x06, 0x08
	.byte 0xBC, 0xB7, 0x06, 0x08, 0x00, 0xBA, 0x06, 0x08, 0x00, 0xBA, 0x06, 0x08, 0x00, 0xBA, 0x06, 0x08
	.byte 0x00, 0xBA, 0x06, 0x08, 0x00, 0xBA, 0x06, 0x08, 0x00, 0xBA, 0x06, 0x08, 0x00, 0xBA, 0x06, 0x08
	.byte 0x00, 0xBA, 0x06, 0x08, 0x00, 0xBA, 0x06, 0x08, 0x00, 0xBA, 0x06, 0x08, 0x00, 0xBA, 0x06, 0x08
	.byte 0x00, 0xBA, 0x06, 0x08, 0x00, 0xBA, 0x06, 0x08, 0x00, 0xBA, 0x06, 0x08, 0x00, 0xBA, 0x06, 0x08
	.byte 0x00, 0xBA, 0x06, 0x08, 0x3C, 0xB8, 0x06, 0x08, 0x7C, 0xB7, 0x06, 0x08, 0x00, 0xBA, 0x06, 0x08
	.byte 0x5C, 0xB7, 0x06, 0x08, 0x2C, 0xB8, 0x06, 0x08, 0x00, 0xBA, 0x06, 0x08, 0x00, 0xBA, 0x06, 0x08
	.byte 0x00, 0xBA, 0x06, 0x08, 0x00, 0xBA, 0x06, 0x08, 0x0C, 0xB8, 0x06, 0x08, 0x07, 0x20, 0x18, 0x80
	.byte 0x01, 0x20, 0x4F, 0xE1, 0x14, 0x20, 0x18, 0x80, 0x01, 0x20, 0x4B, 0xE1, 0x22, 0x20, 0x18, 0x80
	.byte 0x01, 0x20, 0x47, 0xE1, 0x32, 0x20, 0x18, 0x80, 0x01, 0x20, 0x43, 0xE1, 0x34, 0x20, 0x18, 0x80
	.byte 0x01, 0x20, 0x3F, 0xE1, 0x38, 0x20, 0x18, 0x80, 0x01, 0x20, 0x3B, 0xE1, 0x3C, 0x20, 0x18, 0x80
	.byte 0x01, 0x20, 0x37, 0xE1, 0x4E, 0x20, 0x18, 0x80, 0x01, 0x20, 0x33, 0xE1, 0x63, 0x20, 0x18, 0x80
	.byte 0x01, 0x20, 0x2F, 0xE1, 0x8C, 0x20, 0x18, 0x80, 0x01, 0x20, 0x2B, 0xE1, 0x8D, 0x20, 0x18, 0x80
	.byte 0x01, 0x20, 0x27, 0xE1, 0x9A, 0x20, 0x18, 0x80, 0x01, 0x20, 0x23, 0xE1, 0x9F, 0x20, 0x18, 0x80
	.byte 0x01, 0x20, 0x1F, 0xE1, 0xA6, 0x20, 0x18, 0x80, 0x01, 0x20, 0x1B, 0xE1, 0xAE, 0x20, 0x18, 0x80
	.byte 0x01, 0x20, 0x17, 0xE1, 0xC0, 0x20, 0x18, 0x80, 0x01, 0x20, 0x13, 0xE1, 0xED, 0x20, 0x18, 0x80
	.byte 0x01, 0x20, 0x0F, 0xE1, 0x0B, 0x20, 0x18, 0x80, 0x02, 0x20, 0x0B, 0xE1, 0x4D, 0x20, 0x18, 0x80
	.byte 0x02, 0x20, 0x07, 0xE1, 0x5D, 0x20, 0x18, 0x80, 0x02, 0x20, 0x03, 0xE1, 0x5F, 0x20, 0x18, 0x80
	.byte 0x02, 0x20, 0xFF, 0xE0, 0x76, 0x20, 0x18, 0x80, 0x02, 0x20, 0xFB, 0xE0, 0x80, 0x20, 0x18, 0x80
	.byte 0x02, 0x20, 0xF7, 0xE0, 0x84, 0x20, 0x18, 0x80, 0x02, 0x20, 0xF3, 0xE0, 0x9C, 0x20, 0x18, 0x80
	.byte 0x02, 0x20, 0xEF, 0xE0, 0xB5, 0x20, 0x18, 0x80, 0x02, 0x20, 0xEB, 0xE0, 0xC1, 0x20, 0x18, 0x80
	.byte 0x02, 0x20, 0xE7, 0xE0, 0xF1, 0x20, 0x18, 0x80, 0x02, 0x20, 0xE3, 0xE0, 0xF7, 0x20, 0x18, 0x80
	.byte 0x02, 0x20, 0xDF, 0xE0, 0xF9, 0x20, 0x18, 0x80, 0x02, 0x20, 0xDB, 0xE0, 0x11, 0x20, 0x18, 0x80
	.byte 0x03, 0x20, 0xD7, 0xE0, 0x1E, 0x20, 0x18, 0x80, 0x03, 0x20, 0xD3, 0xE0, 0x22, 0x20, 0x18, 0x80
	.byte 0x03, 0x20, 0xCF, 0xE0, 0x3C, 0x20, 0x18, 0x80, 0x03, 0x20, 0xCB, 0xE0, 0x40, 0x20, 0x18, 0x80
	.byte 0x03, 0x20, 0xC7, 0xE0, 0x4F, 0x20, 0x18, 0x80, 0x03, 0x20, 0xC3, 0xE0, 0x70, 0x20, 0x18, 0x80
	.byte 0x03, 0x20, 0xBF, 0xE0, 0x73, 0x20, 0x18, 0x80, 0x03, 0x20, 0xBB, 0xE0, 0x90, 0x20, 0x18, 0x80
	.byte 0x03, 0x20, 0xB7, 0xE0, 0x9C, 0x20, 0x18, 0x80, 0x03, 0x20, 0xB3, 0xE0, 0xAE, 0x20, 0x18, 0x80
	.byte 0x03, 0x20, 0xAF, 0xE0, 0xB4, 0x20, 0x18, 0x80, 0x03, 0x20, 0xAB, 0xE0, 0xB6, 0x20, 0x18, 0x80
	.byte 0x03, 0x20, 0xA7, 0xE0, 0xC6, 0x20, 0x18, 0x80, 0x03, 0x20, 0xA3, 0xE0, 0xFF, 0x20, 0x20, 0x40
	.byte 0x41, 0x38, 0x31, 0x28, 0x00, 0xD9, 0x9B, 0xE0, 0x80, 0x00, 0x02, 0x49, 0x40, 0x18, 0x00, 0x68
	.byte 0x87, 0x46, 0x00, 0x00, 0xD8, 0xB8, 0x06, 0x08, 0xA0, 0xB9, 0x06, 0x08, 0xE0, 0xB9, 0x06, 0x08
	.byte 0x00, 0xBA, 0x06, 0x08, 0x00, 0xBA, 0x06, 0x08, 0x00, 0xBA, 0x06, 0x08, 0x00, 0xBA, 0x06, 0x08
	.byte 0x00, 0xBA, 0x06, 0x08, 0xD8, 0xB9, 0x06, 0x08, 0x00, 0xBA, 0x06, 0x08, 0x00, 0xBA, 0x06, 0x08
	.byte 0x00, 0xBA, 0x06, 0x08, 0x00, 0xBA, 0x06, 0x08, 0x00, 0xBA, 0x06, 0x08, 0x00, 0xBA, 0x06, 0x08
	.byte 0x00, 0xBA, 0x06, 0x08, 0x00, 0xBA, 0x06, 0x08, 0x00, 0xBA, 0x06, 0x08, 0x00, 0xBA, 0x06, 0x08
	.byte 0x00, 0xBA, 0x06, 0x08, 0x00, 0xBA, 0x06, 0x08, 0x00, 0xBA, 0x06, 0x08, 0x00, 0xBA, 0x06, 0x08
	.byte 0x00, 0xBA, 0x06, 0x08, 0x00, 0xBA, 0x06, 0x08, 0xC0, 0xB9, 0x06, 0x08, 0x00, 0xBA, 0x06, 0x08
	.byte 0x00, 0xBA, 0x06, 0x08, 0x00, 0xBA, 0x06, 0x08, 0x00, 0xBA, 0x06, 0x08, 0xB0, 0xB9, 0x06, 0x08
	.byte 0x00, 0xBA, 0x06, 0x08, 0x00, 0xBA, 0x06, 0x08, 0xE8, 0xB9, 0x06, 0x08, 0xA8, 0xB9, 0x06, 0x08
	.byte 0xB8, 0xB9, 0x06, 0x08, 0x00, 0xBA, 0x06, 0x08, 0x00, 0xBA, 0x06, 0x08, 0xC8, 0xB9, 0x06, 0x08
	.byte 0x00, 0xBA, 0x06, 0x08, 0x00, 0xBA, 0x06, 0x08, 0x00, 0xBA, 0x06, 0x08, 0x00, 0xBA, 0x06, 0x08
	.byte 0x00, 0xBA, 0x06, 0x08, 0x00, 0xBA, 0x06, 0x08, 0x00, 0xBA, 0x06, 0x08, 0x00, 0xBA, 0x06, 0x08
	.byte 0x00, 0xBA, 0x06, 0x08, 0x00, 0xBA, 0x06, 0x08, 0x00, 0xBA, 0x06, 0x08, 0xD0, 0xB9, 0x06, 0x08
	.byte 0x3A, 0x20, 0x18, 0x80, 0x01, 0x20, 0x2D, 0xE0, 0x77, 0x20, 0x18, 0x80, 0x01, 0x20, 0x29, 0xE0
	.byte 0xEA, 0x20, 0x18, 0x80, 0x01, 0x20, 0x25, 0xE0, 0xEE, 0x20, 0x18, 0x80, 0x01, 0x20, 0x21, 0xE0
	.byte 0xA2, 0x20, 0x18, 0x80, 0x02, 0x20, 0x1D, 0xE0, 0xBC, 0x20, 0x18, 0x80, 0x02, 0x20, 0x19, 0xE0
	.byte 0x85, 0x20, 0x18, 0x80, 0x03, 0x20, 0x15, 0xE0, 0x8D, 0x20, 0x18, 0x80, 0x03, 0x20, 0x11, 0xE0
	.byte 0xA8, 0x20, 0x18, 0x80, 0x03, 0x20, 0x0D, 0xE0, 0xB1, 0x20, 0x18, 0x80, 0x03, 0x20, 0x09, 0xE0
	.byte 0xFF, 0x20, 0x20, 0x40, 0xC9, 0x28, 0x03, 0xD1, 0xD2, 0x20, 0x18, 0x80, 0x01, 0x20, 0x01, 0xE0
	.byte 0x00, 0x20, 0x18, 0x80, 0x10, 0x70, 0x30, 0xBC, 0x01, 0xBC, 0x00, 0x47
.syntax divided
