#include "save_api.h"
#include "agb_sram.h"
#include "gba/syscall.h"
#include "save.h"
#include "gba/io_reg.h"
#include "gba/keys.h"

static u16 gRawKeys;
static u16 gRawKeysPrev;
static u8 gSramErrorTilemapBuf[0x800];
extern u16 gSystemFlags;

const u8 gSramErrorPalette[512] = {
    0xDF, 0xFF, 0x0C, 0x64, 0x0C, 0xE4, 0x2D, 0xE4, 0x4E, 0x64, 0x4E, 0xE4,
    0x6E, 0xE4, 0xAF, 0x68, 0xB0, 0xE8, 0xD0, 0x68, 0xF0, 0x68, 0x11, 0x69,
    0x11, 0xE9, 0x32, 0x6D, 0x32, 0xED, 0x73, 0xED, 0x93, 0x6D, 0x94, 0xED,
    0xB4, 0x6D, 0xD5, 0xF1, 0xF5, 0x71, 0xF6, 0xF1, 0x16, 0x72, 0x57, 0x72,
    0x57, 0xF6, 0x78, 0x76, 0x78, 0xF6, 0x99, 0xF6, 0xB9, 0xF6, 0xD9, 0x76,
    0xDA, 0xF6, 0x1B, 0x7B, 0x1B, 0xFB, 0x3C, 0xFB, 0x5C, 0x7B, 0x7D, 0x7B,
    0x7D, 0xFF, 0x9D, 0x7F, 0xBE, 0x7F, 0xFF, 0x7F, 0x2D, 0x64, 0x8E, 0x64,
    0x8F, 0xE8, 0xF1, 0xE8, 0x52, 0x6D, 0x73, 0x6D, 0xB4, 0xF1, 0x16, 0xF2,
    0x37, 0x72, 0x98, 0x76, 0xFA, 0x7A, 0xFA, 0xFA, 0x5C, 0xFB, 0xBE, 0xFF,
    0xDE, 0x7F, 0xFF, 0xFF, 0xFF, 0xFF, 0x00, 0x00, 0x00, 0x00, 0x00, 0x00,
    0x00, 0x00, 0x00, 0x00, 0x00, 0x00, 0x00, 0x00, 0x00, 0x00, 0x00, 0x00,
    0x00, 0x00, 0x00, 0x00, 0x00, 0x00, 0x00, 0x00, 0x00, 0x00, 0x00, 0x00,
    0x00, 0x00, 0x00, 0x00, 0x00, 0x00, 0x00, 0x00, 0x00, 0x00, 0x00, 0x00,
    0x00, 0x00, 0x00, 0x00, 0x00, 0x00, 0x00, 0x00, 0x00, 0x00, 0x00, 0x00,
    0x00, 0x00, 0x00, 0x00, 0x00, 0x00, 0x00, 0x00, 0x00, 0x00, 0x00, 0x00,
    0x00, 0x00, 0x00, 0x00, 0x00, 0x00, 0x00, 0x00, 0x00, 0x00, 0x00, 0x00,
    0x00, 0x00, 0x00, 0x00, 0x00, 0x00, 0x00, 0x00, 0x00, 0x00, 0x00, 0x00,
    0x00, 0x00, 0x00, 0x00, 0x00, 0x00, 0x00, 0x00, 0x00, 0x00, 0x00, 0x00,
    0x00, 0x00, 0x00, 0x00, 0x00, 0x00, 0x00, 0x00, 0x00, 0x00, 0x00, 0x00,
    0x00, 0x00, 0x00, 0x00, 0x00, 0x00, 0x00, 0x00, 0x00, 0x00, 0x00, 0x00,
    0x00, 0x00, 0x00, 0x00, 0x00, 0x00, 0x00, 0x00, 0x00, 0x00, 0x00, 0x00,
    0x00, 0x00, 0x00, 0x00, 0x00, 0x00, 0x00, 0x00, 0x00, 0x00, 0x00, 0x00,
    0x00, 0x00, 0x00, 0x00, 0x00, 0x00, 0x00, 0x00, 0x00, 0x00, 0x00, 0x00,
    0x00, 0x00, 0x00, 0x00, 0x00, 0x00, 0x00, 0x00, 0x00, 0x00, 0x00, 0x00,
    0x00, 0x00, 0x00, 0x00, 0x00, 0x00, 0x00, 0x00, 0x00, 0x00, 0x00, 0x00,
    0x00, 0x00, 0x00, 0x00, 0x00, 0x00, 0x00, 0x00, 0x00, 0x00, 0x00, 0x00,
    0x00, 0x00, 0x00, 0x00, 0x00, 0x00, 0x00, 0x00, 0x00, 0x00, 0x00, 0x00,
    0x00, 0x00, 0x00, 0x00, 0x00, 0x00, 0x00, 0x00, 0x00, 0x00, 0x00, 0x00,
    0x00, 0x00, 0x00, 0x00, 0x00, 0x00, 0x00, 0x00, 0x00, 0x00, 0x00, 0x00,
    0x00, 0x00, 0x00, 0x00, 0x00, 0x00, 0x00, 0x00, 0x00, 0x00, 0x00, 0x00,
    0x00, 0x00, 0x00, 0x00, 0x00, 0x00, 0x00, 0x00, 0x00, 0x00, 0x00, 0x00,
    0x00, 0x00, 0x00, 0x00, 0x00, 0x00, 0x00, 0x00, 0x00, 0x00, 0x00, 0x00,
    0x00, 0x00, 0x00, 0x00, 0x00, 0x00, 0x00, 0x00, 0x00, 0x00, 0x00, 0x00,
    0x00, 0x00, 0x00, 0x00, 0x00, 0x00, 0x00, 0x00, 0x00, 0x00, 0x00, 0x00,
    0x00, 0x00, 0x00, 0x00, 0x00, 0x00, 0x00, 0x00, 0x00, 0x00, 0x00, 0x00,
    0x00, 0x00, 0x00, 0x00, 0x00, 0x00, 0x00, 0x00, 0x00, 0x00, 0x00, 0x00,
    0x00, 0x00, 0x00, 0x00, 0x00, 0x00, 0x00, 0x00, 0x00, 0x00, 0x00, 0x00,
    0x00, 0x00, 0x00, 0x00, 0x00, 0x00, 0x00, 0x00, 0x00, 0x00, 0x00, 0x00,
    0x00, 0x00, 0x00, 0x00, 0x00, 0x00, 0x00, 0x00, 0x00, 0x00, 0x00, 0x00,
    0x00, 0x00, 0x00, 0x00, 0x00, 0x00, 0x00, 0x00, 0x00, 0x00, 0x00, 0x00,
    0x00, 0x00, 0x00, 0x00, 0x00, 0x00, 0x00, 0x00, 0x00, 0x00, 0x00, 0x00,
    0x00, 0x00, 0x00, 0x00, 0x00, 0x00, 0x00, 0x00, 0x00, 0x00, 0x00, 0x00,
    0x00, 0x00, 0x00, 0x00, 0x00, 0x00, 0x00, 0x00,
};

const u8 gSramErrorTiles[16384] = {
    0x37, 0x37, 0x37, 0x37, 0x37, 0x37, 0x37, 0x37, 0x37, 0x37, 0x37, 0x37,
    0x37, 0x37, 0x37, 0x37, 0x37, 0x37, 0x37, 0x37, 0x37, 0x37, 0x37, 0x37,
    0x37, 0x37, 0x37, 0x37, 0x37, 0x37, 0x37, 0x37, 0x37, 0x37, 0x37, 0x37,
    0x37, 0x37, 0x37, 0x37, 0x37, 0x37, 0x37, 0x37, 0x37, 0x37, 0x37, 0x37,
    0x37, 0x37, 0x37, 0x37, 0x37, 0x37, 0x37, 0x37, 0x37, 0x37, 0x37, 0x37,
    0x37, 0x37, 0x37, 0x37, 0x37, 0x37, 0x37, 0x37, 0x37, 0x37, 0x37, 0x37,
    0x37, 0x37, 0x37, 0x37, 0x37, 0x37, 0x37, 0x37, 0x37, 0x37, 0x37, 0x37,
    0x37, 0x37, 0x37, 0x37, 0x37, 0x37, 0x37, 0x37, 0x37, 0x37, 0x22, 0x0C,
    0x37, 0x37, 0x37, 0x37, 0x27, 0x2F, 0x02, 0x01, 0x37, 0x37, 0x37, 0x00,
    0x0D, 0x01, 0x01, 0x01, 0x37, 0x37, 0x00, 0x0A, 0x01, 0x01, 0x01, 0x01,
    0x37, 0x37, 0x0D, 0x01, 0x01, 0x01, 0x01, 0x01, 0x37, 0x37, 0x37, 0x37,
    0x37, 0x36, 0x21, 0x31, 0x37, 0x37, 0x34, 0x14, 0x09, 0x01, 0x01, 0x01,
    0x1E, 0x2B, 0x01, 0x01, 0x01, 0x01, 0x01, 0x01, 0x01, 0x01, 0x01, 0x01,
    0x01, 0x01, 0x01, 0x01, 0x01, 0x01, 0x01, 0x01, 0x01, 0x01, 0x01, 0x01,
    0x01, 0x01, 0x01, 0x01, 0x01, 0x01, 0x01, 0x01, 0x01, 0x01, 0x01, 0x01,
    0x01, 0x02, 0x0B, 0x13, 0x01, 0x01, 0x01, 0x2B, 0x1C, 0x27, 0x37, 0x37,
    0x19, 0x19, 0x19, 0x1E, 0x21, 0x37, 0x37, 0x37, 0x01, 0x01, 0x01, 0x01,
    0x01, 0x03, 0x0E, 0x30, 0x01, 0x01, 0x01, 0x01, 0x01, 0x01, 0x01, 0x28,
    0x01, 0x01, 0x01, 0x01, 0x01, 0x01, 0x01, 0x08, 0x01, 0x01, 0x01, 0x01,
    0x01, 0x01, 0x01, 0x2C, 0x01, 0x01, 0x01, 0x01, 0x01, 0x01, 0x01, 0x15,
    0x19, 0x19, 0x19, 0x19, 0x12, 0x2B, 0x01, 0x1C, 0x37, 0x37, 0x37, 0x37,
    0x37, 0x37, 0x26, 0x36, 0x37, 0x37, 0x37, 0x37, 0x37, 0x37, 0x37, 0x37,
    0x27, 0x37, 0x37, 0x37, 0x37, 0x37, 0x33, 0x09, 0x37, 0x37, 0x37, 0x37,
    0x37, 0x37, 0x0C, 0x01, 0x37, 0x37, 0x37, 0x37, 0x37, 0x25, 0x01, 0x01,
    0x37, 0x37, 0x37, 0x37, 0x37, 0x13, 0x01, 0x01, 0x37, 0x37, 0x37, 0x37,
    0x36, 0x03, 0x01, 0x01, 0x37, 0x37, 0x37, 0x37, 0x30, 0x01, 0x01, 0x01,
    0x37, 0x37, 0x37, 0x27, 0x06, 0x01, 0x01, 0x01, 0x37, 0x37, 0x37, 0x37,
    0x37, 0x37, 0x37, 0x37, 0x01, 0x01, 0x01, 0x01, 0x01, 0x0D, 0x37, 0x37,
    0x01, 0x01, 0x01, 0x01, 0x01, 0x01, 0x00, 0x37, 0x01, 0x01, 0x01, 0x01,
    0x01, 0x01, 0x20, 0x37, 0x01, 0x01, 0x01, 0x01, 0x01, 0x01, 0x1A, 0x37,
    0x01, 0x01, 0x01, 0x01, 0x01, 0x01, 0x13, 0x37, 0x01, 0x01, 0x01, 0x01,
    0x01, 0x01, 0x0D, 0x37, 0x01, 0x01, 0x01, 0x01, 0x01, 0x01, 0x29, 0x37,
    0x37, 0x37, 0x37, 0x37, 0x37, 0x37, 0x37, 0x37, 0x37, 0x37, 0x37, 0x37,
    0x37, 0x37, 0x37, 0x37, 0x37, 0x37, 0x37, 0x37, 0x37, 0x37, 0x37, 0x37,
    0x37, 0x37, 0x37, 0x37, 0x37, 0x37, 0x37, 0x27, 0x37, 0x37, 0x37, 0x37,
    0x37, 0x37, 0x37, 0x33, 0x37, 0x37, 0x37, 0x37, 0x37, 0x37, 0x37, 0x12,
    0x37, 0x37, 0x37, 0x37, 0x37, 0x37, 0x37, 0x05, 0x37, 0x37, 0x37, 0x37,
    0x37, 0x37, 0x1F, 0x01, 0x37, 0x37, 0x37, 0x37, 0x37, 0x37, 0x37, 0x37,
    0x33, 0x09, 0x01, 0x01, 0x01, 0x01, 0x31, 0x37, 0x11, 0x01, 0x01, 0x01,
    0x01, 0x01, 0x10, 0x37, 0x04, 0x01, 0x01, 0x01, 0x01, 0x01, 0x09, 0x37,
    0x01, 0x01, 0x01, 0x01, 0x01, 0x01, 0x28, 0x27, 0x01, 0x01, 0x01, 0x01,
    0x01, 0x01, 0x01, 0x34, 0x01, 0x01, 0x01, 0x01, 0x01, 0x01, 0x01, 0x1B,
    0x01, 0x01, 0x01, 0x01, 0x01, 0x01, 0x01, 0x14, 0x37, 0x37, 0x37, 0x37,
    0x37, 0x37, 0x37, 0x37, 0x37, 0x37, 0x37, 0x37, 0x37, 0x37, 0x37, 0x18,
    0x37, 0x37, 0x37, 0x37, 0x37, 0x37, 0x27, 0x06, 0x37, 0x37, 0x37, 0x37,
    0x37, 0x37, 0x31, 0x01, 0x37, 0x37, 0x37, 0x37, 0x37, 0x37, 0x0A, 0x01,
    0x37, 0x37, 0x37, 0x37, 0x37, 0x22, 0x01, 0x01, 0x37, 0x37, 0x37, 0x37,
    0x37, 0x0F, 0x01, 0x01, 0x37, 0x37, 0x37, 0x37, 0x26, 0x02, 0x01, 0x01,
    0x37, 0x37, 0x37, 0x37, 0x37, 0x37, 0x37, 0x37, 0x01, 0x01, 0x01, 0x01,
    0x01, 0x01, 0x01, 0x37, 0x01, 0x01, 0x01, 0x01, 0x01, 0x01, 0x01, 0x37,
    0x01, 0x01, 0x01, 0x01, 0x01, 0x01, 0x01, 0x26, 0x01, 0x01, 0x01, 0x01,
    0x01, 0x01, 0x01, 0x26, 0x01, 0x01, 0x01, 0x01, 0x01, 0x01, 0x01, 0x22,
    0x01, 0x01, 0x01, 0x01, 0x01, 0x01, 0x01, 0x22, 0x01, 0x01, 0x01, 0x01,
    0x01, 0x01, 0x01, 0x32, 0x37, 0x37, 0x37, 0x37, 0x37, 0x37, 0x37, 0x37,
    0x37, 0x37, 0x37, 0x37, 0x01, 0x01, 0x01, 0x01, 0x37, 0x37, 0x37, 0x36,
    0x01, 0x01, 0x01, 0x01, 0x37, 0x37, 0x37, 0x20, 0x01, 0x01, 0x01, 0x01,
    0x37, 0x37, 0x37, 0x19, 0x01, 0x01, 0x01, 0x01, 0x37, 0x37, 0x37, 0x13,
    0x01, 0x01, 0x01, 0x01, 0x37, 0x37, 0x37, 0x0E, 0x01, 0x01, 0x01, 0x01,
    0x37, 0x37, 0x37, 0x29, 0x01, 0x01, 0x01, 0x01, 0x37, 0x37, 0x37, 0x37,
    0x37, 0x37, 0x37, 0x37, 0x01, 0x01, 0x01, 0x01, 0x01, 0x01, 0x01, 0x01,
    0x01, 0x01, 0x01, 0x01, 0x01, 0x01, 0x01, 0x01, 0x01, 0x01, 0x01, 0x01,
    0x01, 0x01, 0x01, 0x01, 0x01, 0x01, 0x01, 0x01, 0x01, 0x01, 0x01, 0x01,
    0x01, 0x01, 0x01, 0x01, 0x01, 0x01, 0x01, 0x01, 0x01, 0x01, 0x01, 0x01,
    0x01, 0x01, 0x01, 0x01, 0x05, 0x21, 0x21, 0x21, 0x21, 0x21, 0x21, 0x21,
    0x37, 0x37, 0x37, 0x37, 0x37, 0x37, 0x37, 0x37, 0x01, 0x01, 0x01, 0x10,
    0x37, 0x37, 0x37, 0x37, 0x01, 0x01, 0x01, 0x11, 0x37, 0x37, 0x37, 0x37,
    0x01, 0x01, 0x01, 0x30, 0x37, 0x37, 0x37, 0x37, 0x01, 0x01, 0x01, 0x32,
    0x37, 0x37, 0x37, 0x37, 0x01, 0x01, 0x01, 0x24, 0x37, 0x37, 0x37, 0x37,
    0x01, 0x01, 0x28, 0x37, 0x37, 0x37, 0x37, 0x37, 0x21, 0x21, 0x34, 0x37,
    0x37, 0x37, 0x37, 0x37, 0x37, 0x37, 0x37, 0x37, 0x37, 0x37, 0x37, 0x37,
    0x37, 0x37, 0x37, 0x22, 0x01, 0x01, 0x01, 0x01, 0x37, 0x37, 0x37, 0x18,
    0x01, 0x01, 0x01, 0x01, 0x37, 0x37, 0x37, 0x12, 0x01, 0x01, 0x01, 0x01,
    0x37, 0x37, 0x37, 0x0C, 0x01, 0x01, 0x01, 0x01, 0x37, 0x37, 0x37, 0x05,
    0x01, 0x01, 0x01, 0x01, 0x37, 0x37, 0x36, 0x01, 0x01, 0x01, 0x01, 0x01,
    0x37, 0x37, 0x20, 0x01, 0x01, 0x01, 0x01, 0x01, 0x37, 0x37, 0x37, 0x37,
    0x37, 0x37, 0x37, 0x37, 0x01, 0x01, 0x01, 0x01, 0x01, 0x01, 0x15, 0x32,
    0x01, 0x01, 0x01, 0x01, 0x01, 0x01, 0x01, 0x01, 0x01, 0x01, 0x01, 0x01,
    0x01, 0x01, 0x01, 0x01, 0x01, 0x01, 0x01, 0x01, 0x01, 0x01, 0x01, 0x01,
    0x01, 0x01, 0x01, 0x01, 0x01, 0x01, 0x01, 0x01, 0x01, 0x01, 0x01, 0x01,
    0x01, 0x01, 0x01, 0x01, 0x2D, 0x21, 0x21, 0x21, 0x1E, 0x15, 0x03, 0x01,
    0x37, 0x37, 0x37, 0x37, 0x37, 0x37, 0x37, 0x37, 0x00, 0x37, 0x37, 0x37,
    0x37, 0x37, 0x37, 0x37, 0x03, 0x19, 0x37, 0x37, 0x37, 0x37, 0x37, 0x37,
    0x01, 0x01, 0x0C, 0x00, 0x37, 0x37, 0x37, 0x37, 0x01, 0x01, 0x01, 0x0D,
    0x37, 0x37, 0x37, 0x37, 0x01, 0x01, 0x01, 0x01, 0x1B, 0x37, 0x37, 0x37,
    0x01, 0x01, 0x01, 0x01, 0x09, 0x37, 0x37, 0x37, 0x01, 0x01, 0x01, 0x01,
    0x01, 0x00, 0x37, 0x37, 0x37, 0x37, 0x37, 0x37, 0x37, 0x37, 0x37, 0x37,
    0x37, 0x37, 0x37, 0x37, 0x37, 0x37, 0x37, 0x36, 0x37, 0x37, 0x37, 0x37,
    0x37, 0x25, 0x11, 0x02, 0x37, 0x37, 0x37, 0x37, 0x1A, 0x28, 0x01, 0x01,
    0x37, 0x37, 0x37, 0x12, 0x01, 0x01, 0x01, 0x01, 0x37, 0x37, 0x13, 0x01,
    0x01, 0x01, 0x01, 0x01, 0x37, 0x1A, 0x01, 0x01, 0x01, 0x01, 0x01, 0x01,
    0x24, 0x03, 0x01, 0x01, 0x01, 0x01, 0x01, 0x01, 0x37, 0x37, 0x37, 0x37,
    0x37, 0x37, 0x37, 0x37, 0x1C, 0x11, 0x10, 0x2D, 0x11, 0x31, 0x35, 0x37,
    0x01, 0x01, 0x01, 0x01, 0x01, 0x01, 0x02, 0x10, 0x01, 0x01, 0x01, 0x01,
    0x01, 0x01, 0x01, 0x01, 0x01, 0x01, 0x01, 0x01, 0x01, 0x01, 0x01, 0x01,
    0x01, 0x01, 0x01, 0x01, 0x01, 0x01, 0x01, 0x01, 0x01, 0x01, 0x08, 0x2C,
    0x06, 0x01, 0x01, 0x01, 0x10, 0x36, 0x37, 0x37, 0x37, 0x18, 0x02, 0x01,
    0x37, 0x37, 0x37, 0x37, 0x37, 0x37, 0x37, 0x37, 0x37, 0x37, 0x37, 0x1C,
    0x01, 0x01, 0x01, 0x01, 0x37, 0x37, 0x37, 0x36, 0x03, 0x01, 0x01, 0x01,
    0x03, 0x20, 0x37, 0x37, 0x13, 0x01, 0x01, 0x01, 0x01, 0x04, 0x21, 0x37,
    0x37, 0x02, 0x01, 0x01, 0x01, 0x01, 0x04, 0x34, 0x37, 0x0F, 0x01, 0x01,
    0x01, 0x01, 0x01, 0x07, 0x27, 0x22, 0x01, 0x01, 0x01, 0x01, 0x01, 0x01,
    0x19, 0x37, 0x0C, 0x01, 0x37, 0x37, 0x37, 0x37, 0x37, 0x37, 0x37, 0x37,
    0x01, 0x01, 0x36, 0x37, 0x37, 0x37, 0x37, 0x37, 0x01, 0x01, 0x31, 0x37,
    0x37, 0x37, 0x37, 0x37, 0x01, 0x01, 0x0A, 0x37, 0x37, 0x37, 0x37, 0x37,
    0x01, 0x01, 0x01, 0x22, 0x37, 0x37, 0x37, 0x37, 0x01, 0x01, 0x01, 0x13,
    0x37, 0x37, 0x37, 0x37, 0x01, 0x01, 0x01, 0x04, 0x27, 0x37, 0x37, 0x20,
    0x01, 0x01, 0x01, 0x01, 0x31, 0x37, 0x27, 0x09, 0x37, 0x37, 0x37, 0x37,
    0x37, 0x37, 0x37, 0x37, 0x37, 0x37, 0x24, 0x0A, 0x01, 0x01, 0x01, 0x01,
    0x37, 0x37, 0x0E, 0x01, 0x01, 0x01, 0x01, 0x01, 0x37, 0x1C, 0x01, 0x01,
    0x01, 0x01, 0x01, 0x01, 0x36, 0x06, 0x01, 0x01, 0x01, 0x01, 0x01, 0x10,
    0x12, 0x01, 0x01, 0x01, 0x01, 0x01, 0x05, 0x35, 0x02, 0x01, 0x01, 0x01,
    0x01, 0x01, 0x1B, 0x37, 0x01, 0x01, 0x01, 0x01, 0x01, 0x0D, 0x37, 0x37,
    0x37, 0x37, 0x37, 0x37, 0x37, 0x37, 0x37, 0x37, 0x01, 0x31, 0x37, 0x37,
    0x37, 0x37, 0x37, 0x37, 0x2A, 0x00, 0x37, 0x37, 0x37, 0x37, 0x37, 0x37,
    0x33, 0x37, 0x37, 0x37, 0x37, 0x37, 0x37, 0x37, 0x37, 0x37, 0x37, 0x37,
    0x37, 0x37, 0x37, 0x37, 0x37, 0x37, 0x37, 0x37, 0x37, 0x37, 0x37, 0x37,
    0x37, 0x37, 0x37, 0x37, 0x37, 0x37, 0x37, 0x37, 0x37, 0x37, 0x37, 0x37,
    0x37, 0x37, 0x37, 0x37, 0x37, 0x37, 0x37, 0x37, 0x37, 0x37, 0x37, 0x37,
    0x37, 0x37, 0x37, 0x37, 0x37, 0x37, 0x37, 0x37, 0x37, 0x37, 0x37, 0x37,
    0x37, 0x37, 0x37, 0x37, 0x37, 0x37, 0x37, 0x37, 0x37, 0x37, 0x37, 0x37,
    0x37, 0x37, 0x37, 0x37, 0x37, 0x37, 0x37, 0x1F, 0x37, 0x37, 0x37, 0x37,
    0x37, 0x37, 0x37, 0x30, 0x37, 0x37, 0x37, 0x37, 0x37, 0x37, 0x37, 0x0F,
    0x37, 0x37, 0x37, 0x37, 0x37, 0x37, 0x37, 0x0C, 0x37, 0x1A, 0x01, 0x01,
    0x01, 0x01, 0x01, 0x01, 0x36, 0x03, 0x01, 0x01, 0x01, 0x01, 0x01, 0x01,
    0x14, 0x01, 0x01, 0x01, 0x01, 0x01, 0x01, 0x2E, 0x05, 0x01, 0x01, 0x01,
    0x01, 0x01, 0x2C, 0x37, 0x01, 0x01, 0x01, 0x01, 0x01, 0x03, 0x26, 0x37,
    0x01, 0x01, 0x01, 0x01, 0x01, 0x16, 0x37, 0x37, 0x01, 0x01, 0x01, 0x01,
    0x01, 0x23, 0x37, 0x37, 0x01, 0x01, 0x01, 0x01, 0x04, 0x37, 0x37, 0x37,
    0x01, 0x07, 0x21, 0x37, 0x37, 0x37, 0x37, 0x37, 0x11, 0x00, 0x37, 0x37,
    0x37, 0x37, 0x37, 0x37, 0x37, 0x37, 0x37, 0x37, 0x37, 0x37, 0x37, 0x37,
    0x37, 0x37, 0x37, 0x37, 0x37, 0x37, 0x37, 0x37, 0x37, 0x37, 0x37, 0x37,
    0x37, 0x37, 0x37, 0x37, 0x37, 0x37, 0x37, 0x37, 0x37, 0x37, 0x37, 0x37,
    0x37, 0x37, 0x37, 0x37, 0x37, 0x37, 0x37, 0x37, 0x37, 0x37, 0x37, 0x11,
    0x09, 0x09, 0x09, 0x09, 0x37, 0x37, 0x37, 0x37, 0x37, 0x37, 0x37, 0x37,
    0x37, 0x37, 0x37, 0x37, 0x37, 0x37, 0x37, 0x37, 0x37, 0x37, 0x37, 0x37,
    0x37, 0x37, 0x37, 0x37, 0x37, 0x37, 0x37, 0x37, 0x37, 0x37, 0x37, 0x37,
    0x37, 0x37, 0x37, 0x37, 0x37, 0x37, 0x37, 0x37, 0x37, 0x37, 0x37, 0x37,
    0x37, 0x37, 0x37, 0x37, 0x37, 0x37, 0x37, 0x37, 0x37, 0x37, 0x37, 0x37,
    0x09, 0x09, 0x09, 0x09, 0x09, 0x0F, 0x37, 0x37, 0x37, 0x37, 0x37, 0x31,
    0x01, 0x01, 0x01, 0x01, 0x37, 0x37, 0x37, 0x09, 0x01, 0x01, 0x01, 0x01,
    0x37, 0x37, 0x22, 0x01, 0x01, 0x01, 0x01, 0x01, 0x37, 0x37, 0x0F, 0x01,
    0x01, 0x01, 0x01, 0x01, 0x37, 0x25, 0x02, 0x01, 0x01, 0x01, 0x01, 0x08,
    0x37, 0x13, 0x01, 0x01, 0x01, 0x01, 0x01, 0x31, 0x36, 0x03, 0x01, 0x01,
    0x01, 0x01, 0x06, 0x27, 0x30, 0x01, 0x01, 0x01, 0x01, 0x01, 0x04, 0x09,
    0x01, 0x01, 0x01, 0x01, 0x01, 0x01, 0x01, 0x36, 0x01, 0x01, 0x01, 0x01,
    0x01, 0x01, 0x01, 0x20, 0x0C, 0x06, 0x01, 0x01, 0x01, 0x01, 0x01, 0x1A,
    0x32, 0x0E, 0x01, 0x01, 0x01, 0x01, 0x01, 0x13, 0x37, 0x15, 0x01, 0x01,
    0x01, 0x01, 0x01, 0x0C, 0x37, 0x1D, 0x01, 0x01, 0x01, 0x01, 0x01, 0x29,
    0x37, 0x25, 0x01, 0x01, 0x01, 0x01, 0x01, 0x01, 0x09, 0x09, 0x01, 0x01,
    0x01, 0x01, 0x01, 0x01, 0x37, 0x37, 0x37, 0x37, 0x37, 0x37, 0x2E, 0x01,
    0x37, 0x37, 0x37, 0x37, 0x37, 0x37, 0x29, 0x01, 0x37, 0x37, 0x37, 0x37,
    0x37, 0x20, 0x01, 0x01, 0x37, 0x37, 0x37, 0x37, 0x37, 0x14, 0x01, 0x01,
    0x37, 0x37, 0x37, 0x37, 0x37, 0x2A, 0x01, 0x01, 0x37, 0x37, 0x37, 0x37,
    0x22, 0x01, 0x01, 0x01, 0x36, 0x37, 0x37, 0x37, 0x15, 0x01, 0x01, 0x01,
    0x20, 0x37, 0x37, 0x37, 0x08, 0x01, 0x01, 0x01, 0x01, 0x01, 0x01, 0x01,
    0x01, 0x01, 0x01, 0x0D, 0x01, 0x01, 0x01, 0x01, 0x01, 0x01, 0x01, 0x06,
    0x01, 0x01, 0x01, 0x01, 0x01, 0x01, 0x01, 0x01, 0x01, 0x01, 0x01, 0x01,
    0x01, 0x01, 0x01, 0x01, 0x01, 0x01, 0x01, 0x01, 0x01, 0x01, 0x01, 0x01,
    0x01, 0x01, 0x05, 0x01, 0x01, 0x01, 0x01, 0x01, 0x01, 0x01, 0x13, 0x05,
    0x01, 0x01, 0x01, 0x01, 0x01, 0x01, 0x20, 0x0D, 0x01, 0x01, 0x01, 0x01,
    0x37, 0x37, 0x37, 0x37, 0x30, 0x01, 0x01, 0x01, 0x37, 0x37, 0x37, 0x27,
    0x06, 0x01, 0x01, 0x01, 0x35, 0x37, 0x37, 0x31, 0x01, 0x01, 0x01, 0x01,
    0x33, 0x37, 0x37, 0x0C, 0x01, 0x01, 0x01, 0x01, 0x17, 0x37, 0x22, 0x01,
    0x01, 0x01, 0x01, 0x01, 0x10, 0x37, 0x0F, 0x01, 0x01, 0x01, 0x01, 0x01,
    0x08, 0x36, 0x28, 0x01, 0x01, 0x01, 0x01, 0x03, 0x02, 0x2F, 0x01, 0x01,
    0x01, 0x01, 0x01, 0x13, 0x01, 0x01, 0x01, 0x01, 0x01, 0x01, 0x01, 0x32,
    0x01, 0x01, 0x01, 0x01, 0x01, 0x01, 0x01, 0x31, 0x01, 0x01, 0x01, 0x01,
    0x01, 0x01, 0x01, 0x31, 0x01, 0x02, 0x01, 0x01, 0x01, 0x01, 0x01, 0x30,
    0x2A, 0x08, 0x01, 0x01, 0x01, 0x01, 0x01, 0x30, 0x30, 0x2B, 0x01, 0x01,
    0x01, 0x01, 0x01, 0x13, 0x36, 0x0C, 0x01, 0x01, 0x01, 0x01, 0x01, 0x13,
    0x37, 0x2C, 0x01, 0x01, 0x01, 0x01, 0x01, 0x0F, 0x37, 0x37, 0x00, 0x01,
    0x01, 0x01, 0x01, 0x01, 0x37, 0x37, 0x22, 0x01, 0x01, 0x01, 0x01, 0x01,
    0x37, 0x37, 0x1B, 0x01, 0x01, 0x01, 0x01, 0x01, 0x37, 0x37, 0x15, 0x01,
    0x01, 0x01, 0x01, 0x01, 0x37, 0x37, 0x2C, 0x01, 0x01, 0x01, 0x01, 0x01,
    0x37, 0x37, 0x08, 0x01, 0x01, 0x01, 0x01, 0x01, 0x37, 0x27, 0x28, 0x01,
    0x01, 0x01, 0x01, 0x01, 0x37, 0x23, 0x01, 0x01, 0x01, 0x01, 0x01, 0x01,
    0x2B, 0x37, 0x37, 0x37, 0x37, 0x37, 0x37, 0x37, 0x11, 0x37, 0x37, 0x37,
    0x37, 0x37, 0x37, 0x37, 0x30, 0x37, 0x37, 0x37, 0x37, 0x37, 0x37, 0x37,
    0x1D, 0x37, 0x37, 0x37, 0x37, 0x37, 0x37, 0x37, 0x07, 0x09, 0x09, 0x09,
    0x09, 0x09, 0x09, 0x09, 0x01, 0x01, 0x01, 0x01, 0x01, 0x01, 0x01, 0x01,
    0x01, 0x01, 0x01, 0x01, 0x01, 0x01, 0x01, 0x01, 0x01, 0x01, 0x01, 0x01,
    0x01, 0x01, 0x01, 0x01, 0x37, 0x37, 0x37, 0x37, 0x37, 0x37, 0x37, 0x37,
    0x37, 0x37, 0x37, 0x37, 0x37, 0x37, 0x37, 0x37, 0x37, 0x37, 0x37, 0x37,
    0x37, 0x37, 0x37, 0x37, 0x37, 0x37, 0x37, 0x37, 0x37, 0x37, 0x37, 0x37,
    0x2C, 0x37, 0x37, 0x37, 0x37, 0x37, 0x37, 0x37, 0x0E, 0x37, 0x37, 0x37,
    0x37, 0x37, 0x37, 0x37, 0x14, 0x37, 0x37, 0x37, 0x37, 0x37, 0x37, 0x37,
    0x31, 0x37, 0x37, 0x37, 0x37, 0x37, 0x37, 0x37, 0x37, 0x37, 0x31, 0x01,
    0x01, 0x01, 0x01, 0x01, 0x37, 0x37, 0x13, 0x01, 0x01, 0x01, 0x01, 0x01,
    0x37, 0x37, 0x0E, 0x01, 0x01, 0x01, 0x01, 0x01, 0x37, 0x37, 0x2A, 0x01,
    0x01, 0x01, 0x01, 0x05, 0x37, 0x00, 0x02, 0x01, 0x01, 0x01, 0x01, 0x05,
    0x37, 0x22, 0x01, 0x01, 0x01, 0x01, 0x01, 0x01, 0x37, 0x1C, 0x01, 0x01,
    0x01, 0x01, 0x01, 0x01, 0x37, 0x16, 0x01, 0x01, 0x01, 0x01, 0x01, 0x01,
    0x18, 0x37, 0x37, 0x37, 0x37, 0x37, 0x1C, 0x01, 0x1F, 0x37, 0x37, 0x37,
    0x37, 0x37, 0x26, 0x01, 0x35, 0x37, 0x37, 0x37, 0x37, 0x37, 0x1D, 0x01,
    0x37, 0x37, 0x37, 0x37, 0x37, 0x22, 0x06, 0x01, 0x11, 0x11, 0x11, 0x11,
    0x0A, 0x02, 0x01, 0x01, 0x01, 0x01, 0x01, 0x01, 0x01, 0x01, 0x01, 0x01,
    0x01, 0x01, 0x01, 0x01, 0x01, 0x01, 0x01, 0x01, 0x01, 0x01, 0x01, 0x01,
    0x01, 0x01, 0x01, 0x01, 0x01, 0x01, 0x01, 0x01, 0x01, 0x26, 0x37, 0x37,
    0x01, 0x01, 0x01, 0x01, 0x01, 0x27, 0x37, 0x22, 0x01, 0x01, 0x01, 0x01,
    0x2B, 0x37, 0x37, 0x12, 0x01, 0x01, 0x01, 0x01, 0x31, 0x37, 0x37, 0x29,
    0x01, 0x01, 0x01, 0x09, 0x37, 0x37, 0x22, 0x01, 0x01, 0x01, 0x03, 0x34,
    0x37, 0x37, 0x19, 0x01, 0x01, 0x01, 0x1C, 0x37, 0x37, 0x37, 0x2E, 0x01,
    0x01, 0x01, 0x0D, 0x27, 0x37, 0x37, 0x0F, 0x01, 0x2C, 0x01, 0x01, 0x01,
    0x01, 0x01, 0x01, 0x1B, 0x01, 0x01, 0x01, 0x01, 0x01, 0x01, 0x15, 0x37,
    0x01, 0x01, 0x01, 0x01, 0x01, 0x0B, 0x37, 0x37, 0x01, 0x01, 0x01, 0x01,
    0x01, 0x1F, 0x37, 0x37, 0x01, 0x01, 0x01, 0x01, 0x08, 0x37, 0x37, 0x37,
    0x01, 0x01, 0x01, 0x01, 0x15, 0x37, 0x37, 0x37, 0x01, 0x01, 0x01, 0x01,
    0x33, 0x37, 0x37, 0x37, 0x01, 0x01, 0x01, 0x01, 0x26, 0x37, 0x37, 0x37,
    0x37, 0x37, 0x37, 0x37, 0x37, 0x37, 0x17, 0x01, 0x37, 0x37, 0x37, 0x37,
    0x37, 0x37, 0x37, 0x2B, 0x37, 0x37, 0x37, 0x37, 0x37, 0x37, 0x37, 0x1A,
    0x37, 0x37, 0x37, 0x37, 0x37, 0x37, 0x37, 0x35, 0x37, 0x37, 0x37, 0x37,
    0x37, 0x37, 0x37, 0x37, 0x37, 0x37, 0x37, 0x37, 0x37, 0x37, 0x37, 0x37,
    0x37, 0x37, 0x37, 0x37, 0x37, 0x37, 0x37, 0x37, 0x37, 0x37, 0x37, 0x37,
    0x37, 0x37, 0x37, 0x37, 0x01, 0x01, 0x01, 0x01, 0x07, 0x37, 0x32, 0x01,
    0x01, 0x01, 0x01, 0x01, 0x01, 0x21, 0x37, 0x08, 0x01, 0x01, 0x01, 0x01,
    0x01, 0x2F, 0x37, 0x31, 0x01, 0x01, 0x01, 0x01, 0x01, 0x2C, 0x37, 0x27,
    0x04, 0x01, 0x01, 0x01, 0x01, 0x08, 0x37, 0x37, 0x08, 0x01, 0x01, 0x01,
    0x01, 0x29, 0x37, 0x37, 0x06, 0x01, 0x01, 0x01, 0x01, 0x05, 0x37, 0x37,
    0x02, 0x01, 0x01, 0x01, 0x01, 0x08, 0x37, 0x37, 0x01, 0x01, 0x01, 0x01,
    0x0C, 0x37, 0x30, 0x01, 0x01, 0x01, 0x01, 0x01, 0x01, 0x33, 0x03, 0x01,
    0x01, 0x01, 0x01, 0x01, 0x01, 0x28, 0x01, 0x01, 0x06, 0x01, 0x01, 0x01,
    0x01, 0x01, 0x01, 0x01, 0x30, 0x01, 0x01, 0x01, 0x01, 0x01, 0x01, 0x01,
    0x36, 0x03, 0x01, 0x01, 0x01, 0x01, 0x01, 0x01, 0x37, 0x13, 0x01, 0x01,
    0x01, 0x01, 0x01, 0x01, 0x37, 0x37, 0x02, 0x01, 0x01, 0x01, 0x01, 0x01,
    0x01, 0x01, 0x01, 0x01, 0x03, 0x24, 0x37, 0x37, 0x01, 0x01, 0x01, 0x01,
    0x17, 0x37, 0x37, 0x37, 0x01, 0x01, 0x01, 0x0A, 0x27, 0x37, 0x37, 0x37,
    0x01, 0x01, 0x02, 0x21, 0x37, 0x37, 0x37, 0x37, 0x01, 0x01, 0x13, 0x37,
    0x37, 0x37, 0x37, 0x37, 0x01, 0x29, 0x00, 0x37, 0x37, 0x37, 0x37, 0x37,
    0x01, 0x32, 0x37, 0x37, 0x37, 0x37, 0x37, 0x37, 0x0F, 0x37, 0x37, 0x37,
    0x37, 0x37, 0x37, 0x37, 0x37, 0x37, 0x37, 0x37, 0x37, 0x37, 0x37, 0x08,
    0x37, 0x37, 0x37, 0x37, 0x37, 0x37, 0x37, 0x08, 0x37, 0x37, 0x37, 0x37,
    0x37, 0x37, 0x37, 0x0C, 0x37, 0x37, 0x37, 0x37, 0x37, 0x37, 0x37, 0x2C,
    0x37, 0x37, 0x37, 0x37, 0x37, 0x37, 0x37, 0x30, 0x37, 0x37, 0x37, 0x37,
    0x37, 0x37, 0x37, 0x34, 0x37, 0x37, 0x37, 0x37, 0x37, 0x37, 0x37, 0x37,
    0x37, 0x37, 0x37, 0x37, 0x37, 0x37, 0x37, 0x37, 0x01, 0x01, 0x01, 0x01,
    0x07, 0x37, 0x37, 0x37, 0x01, 0x01, 0x01, 0x01, 0x2A, 0x37, 0x37, 0x37,
    0x01, 0x01, 0x01, 0x01, 0x02, 0x00, 0x37, 0x37, 0x01, 0x01, 0x01, 0x01,
    0x01, 0x31, 0x37, 0x37, 0x01, 0x01, 0x01, 0x01, 0x01, 0x0A, 0x37, 0x37,
    0x01, 0x01, 0x01, 0x01, 0x01, 0x01, 0x15, 0x37, 0x0C, 0x01, 0x01, 0x01,
    0x01, 0x01, 0x01, 0x11, 0x34, 0x28, 0x01, 0x01, 0x01, 0x01, 0x01, 0x01,
    0x37, 0x37, 0x37, 0x29, 0x01, 0x01, 0x01, 0x01, 0x37, 0x37, 0x00, 0x01,
    0x01, 0x01, 0x01, 0x01, 0x37, 0x37, 0x22, 0x01, 0x01, 0x01, 0x01, 0x01,
    0x37, 0x37, 0x1C, 0x01, 0x01, 0x01, 0x01, 0x01, 0x37, 0x37, 0x22, 0x19,
    0x19, 0x19, 0x16, 0x01, 0x37, 0x37, 0x37, 0x37, 0x37, 0x37, 0x1E, 0x01,
    0x36, 0x37, 0x37, 0x37, 0x37, 0x37, 0x2F, 0x01, 0x03, 0x0F, 0x19, 0x31,
    0x19, 0x14, 0x05, 0x01, 0x01, 0x01, 0x01, 0x01, 0x01, 0x0F, 0x37, 0x37,
    0x01, 0x01, 0x01, 0x01, 0x01, 0x16, 0x37, 0x32, 0x01, 0x01, 0x01, 0x01,
    0x01, 0x1C, 0x37, 0x0C, 0x01, 0x01, 0x01, 0x01, 0x01, 0x22, 0x22, 0x01,
    0x01, 0x01, 0x01, 0x01, 0x02, 0x27, 0x0F, 0x01, 0x01, 0x01, 0x01, 0x01,
    0x2A, 0x25, 0x02, 0x01, 0x01, 0x01, 0x01, 0x01, 0x0E, 0x15, 0x01, 0x01,
    0x01, 0x01, 0x01, 0x01, 0x2E, 0x06, 0x01, 0x01, 0x07, 0x01, 0x01, 0x01,
    0x01, 0x01, 0x01, 0x01, 0x01, 0x01, 0x01, 0x01, 0x01, 0x01, 0x01, 0x01,
    0x01, 0x01, 0x01, 0x01, 0x01, 0x01, 0x01, 0x01, 0x01, 0x01, 0x01, 0x01,
    0x01, 0x01, 0x01, 0x01, 0x01, 0x01, 0x01, 0x01, 0x0E, 0x11, 0x11, 0x11,
    0x01, 0x01, 0x01, 0x06, 0x27, 0x37, 0x37, 0x37, 0x01, 0x01, 0x01, 0x30,
    0x37, 0x37, 0x37, 0x37, 0x01, 0x01, 0x03, 0x36, 0x37, 0x37, 0x37, 0x37,
    0x01, 0x01, 0x01, 0x01, 0x01, 0x01, 0x01, 0x01, 0x01, 0x01, 0x01, 0x01,
    0x01, 0x01, 0x01, 0x01, 0x01, 0x01, 0x01, 0x01, 0x01, 0x01, 0x01, 0x01,
    0x01, 0x01, 0x01, 0x01, 0x01, 0x01, 0x01, 0x01, 0x11, 0x11, 0x0F, 0x01,
    0x01, 0x01, 0x01, 0x01, 0x37, 0x37, 0x37, 0x28, 0x01, 0x01, 0x01, 0x01,
    0x37, 0x37, 0x37, 0x09, 0x01, 0x01, 0x01, 0x01, 0x37, 0x37, 0x37, 0x10,
    0x01, 0x01, 0x01, 0x01, 0x1A, 0x37, 0x37, 0x23, 0x01, 0x01, 0x01, 0x01,
    0x13, 0x37, 0x37, 0x2F, 0x01, 0x01, 0x01, 0x01, 0x0C, 0x37, 0x37, 0x0A,
    0x01, 0x01, 0x01, 0x01, 0x29, 0x37, 0x24, 0x01, 0x01, 0x01, 0x01, 0x01,
    0x01, 0x36, 0x17, 0x01, 0x01, 0x01, 0x01, 0x01, 0x01, 0x20, 0x2B, 0x01,
    0x01, 0x01, 0x01, 0x01, 0x01, 0x16, 0x01, 0x01, 0x01, 0x01, 0x01, 0x28,
    0x01, 0x04, 0x01, 0x01, 0x01, 0x01, 0x01, 0x2C, 0x01, 0x05, 0x37, 0x15,
    0x01, 0x01, 0x01, 0x01, 0x01, 0x12, 0x37, 0x1E, 0x01, 0x01, 0x01, 0x01,
    0x01, 0x32, 0x37, 0x26, 0x01, 0x01, 0x01, 0x01, 0x04, 0x27, 0x37, 0x37,
    0x06, 0x01, 0x01, 0x01, 0x0F, 0x37, 0x37, 0x37, 0x0E, 0x01, 0x01, 0x01,
    0x1D, 0x37, 0x37, 0x37, 0x2F, 0x01, 0x01, 0x01, 0x00, 0x37, 0x37, 0x37,
    0x32, 0x01, 0x01, 0x01, 0x37, 0x37, 0x37, 0x37, 0x35, 0x01, 0x01, 0x01,
    0x01, 0x28, 0x01, 0x01, 0x01, 0x01, 0x01, 0x34, 0x01, 0x01, 0x01, 0x01,
    0x01, 0x01, 0x0C, 0x37, 0x01, 0x01, 0x01, 0x01, 0x01, 0x01, 0x32, 0x37,
    0x01, 0x01, 0x01, 0x01, 0x01, 0x08, 0x37, 0x37, 0x01, 0x01, 0x01, 0x01,
    0x01, 0x30, 0x37, 0x37, 0x01, 0x01, 0x01, 0x01, 0x03, 0x36, 0x37, 0x37,
    0x01, 0x01, 0x01, 0x01, 0x13, 0x37, 0x37, 0x37, 0x01, 0x01, 0x01, 0x01,
    0x25, 0x37, 0x37, 0x37, 0x37, 0x0F, 0x01, 0x01, 0x01, 0x01, 0x01, 0x0F,
    0x37, 0x12, 0x01, 0x01, 0x01, 0x01, 0x01, 0x0C, 0x37, 0x13, 0x01, 0x01,
    0x01, 0x01, 0x01, 0x0C, 0x37, 0x16, 0x01, 0x01, 0x01, 0x01, 0x01, 0x08,
    0x37, 0x30, 0x01, 0x01, 0x01, 0x01, 0x01, 0x08, 0x37, 0x19, 0x01, 0x01,
    0x01, 0x01, 0x01, 0x05, 0x37, 0x31, 0x01, 0x01, 0x01, 0x01, 0x01, 0x05,
    0x37, 0x1E, 0x01, 0x01, 0x01, 0x01, 0x01, 0x01, 0x37, 0x1D, 0x01, 0x01,
    0x01, 0x01, 0x01, 0x01, 0x37, 0x30, 0x01, 0x01, 0x01, 0x01, 0x01, 0x01,
    0x37, 0x0F, 0x01, 0x01, 0x01, 0x01, 0x01, 0x1D, 0x37, 0x0A, 0x01, 0x01,
    0x01, 0x01, 0x01, 0x24, 0x37, 0x03, 0x01, 0x01, 0x01, 0x01, 0x28, 0x37,
    0x26, 0x01, 0x01, 0x01, 0x01, 0x01, 0x09, 0x37, 0x32, 0x01, 0x01, 0x01,
    0x01, 0x01, 0x0F, 0x37, 0x18, 0x01, 0x01, 0x01, 0x01, 0x01, 0x01, 0x01,
    0x01, 0x01, 0x01, 0x01, 0x01, 0x01, 0x01, 0x01, 0x01, 0x01, 0x01, 0x01,
    0x01, 0x01, 0x01, 0x01, 0x37, 0x37, 0x37, 0x37, 0x37, 0x37, 0x37, 0x37,
    0x37, 0x37, 0x37, 0x37, 0x37, 0x37, 0x37, 0x37, 0x37, 0x37, 0x37, 0x37,
    0x37, 0x37, 0x37, 0x37, 0x37, 0x37, 0x37, 0x37, 0x37, 0x37, 0x37, 0x37,
    0x37, 0x37, 0x37, 0x37, 0x37, 0x37, 0x37, 0x37, 0x01, 0x01, 0x01, 0x01,
    0x01, 0x01, 0x01, 0x01, 0x20, 0x37, 0x37, 0x37, 0x37, 0x37, 0x37, 0x37,
    0x36, 0x37, 0x37, 0x37, 0x37, 0x37, 0x37, 0x37, 0x37, 0x37, 0x37, 0x37,
    0x37, 0x37, 0x37, 0x37, 0x37, 0x37, 0x37, 0x37, 0x37, 0x37, 0x37, 0x37,
    0x37, 0x37, 0x37, 0x37, 0x37, 0x37, 0x37, 0x37, 0x37, 0x37, 0x37, 0x37,
    0x37, 0x37, 0x37, 0x37, 0x37, 0x37, 0x37, 0x37, 0x37, 0x37, 0x37, 0x37,
    0x1A, 0x37, 0x37, 0x37, 0x37, 0x37, 0x37, 0x37, 0x37, 0x2C, 0x01, 0x01,
    0x01, 0x01, 0x01, 0x01, 0x37, 0x08, 0x01, 0x01, 0x01, 0x01, 0x01, 0x01,
    0x37, 0x28, 0x01, 0x01, 0x01, 0x01, 0x0A, 0x37, 0x24, 0x01, 0x01, 0x01,
    0x01, 0x01, 0x0F, 0x37, 0x1D, 0x01, 0x01, 0x01, 0x01, 0x01, 0x16, 0x37,
    0x30, 0x01, 0x01, 0x01, 0x01, 0x01, 0x1C, 0x37, 0x11, 0x01, 0x01, 0x01,
    0x01, 0x01, 0x23, 0x37, 0x0A, 0x01, 0x01, 0x01, 0x01, 0x01, 0x18, 0x19,
    0x01, 0x01, 0x01, 0x01, 0x01, 0x01, 0x01, 0x01, 0x01, 0x01, 0x01, 0x01,
    0x01, 0x01, 0x01, 0x01, 0x37, 0x37, 0x37, 0x37, 0x23, 0x30, 0x02, 0x01,
    0x37, 0x37, 0x37, 0x37, 0x37, 0x37, 0x30, 0x01, 0x37, 0x37, 0x37, 0x37,
    0x37, 0x37, 0x22, 0x01, 0x37, 0x37, 0x37, 0x37, 0x37, 0x37, 0x31, 0x01,
    0x37, 0x37, 0x37, 0x37, 0x37, 0x22, 0x04, 0x01, 0x19, 0x19, 0x19, 0x11,
    0x0C, 0x01, 0x01, 0x01, 0x01, 0x01, 0x01, 0x12, 0x37, 0x37, 0x0D, 0x01,
    0x01, 0x01, 0x01, 0x01, 0x22, 0x37, 0x0F, 0x01, 0x01, 0x01, 0x01, 0x01,
    0x2E, 0x37, 0x12, 0x01, 0x01, 0x01, 0x01, 0x01, 0x09, 0x37, 0x18, 0x01,
    0x01, 0x01, 0x01, 0x01, 0x07, 0x37, 0x21, 0x01, 0x01, 0x01, 0x01, 0x01,
    0x0E, 0x37, 0x37, 0x29, 0x01, 0x01, 0x01, 0x01, 0x30, 0x37, 0x37, 0x16,
    0x01, 0x01, 0x01, 0x03, 0x35, 0x37, 0x37, 0x35, 0x01, 0x01, 0x01, 0x01,
    0x27, 0x37, 0x37, 0x37, 0x01, 0x01, 0x01, 0x01, 0x37, 0x37, 0x37, 0x37,
    0x01, 0x01, 0x01, 0x01, 0x25, 0x37, 0x37, 0x37, 0x01, 0x01, 0x01, 0x01,
    0x1D, 0x37, 0x37, 0x37, 0x01, 0x01, 0x01, 0x01, 0x0F, 0x37, 0x37, 0x37,
    0x01, 0x01, 0x01, 0x01, 0x02, 0x22, 0x37, 0x37, 0x01, 0x01, 0x01, 0x01,
    0x01, 0x08, 0x36, 0x37, 0x03, 0x01, 0x01, 0x01, 0x01, 0x01, 0x29, 0x1B,
    0x37, 0x37, 0x37, 0x37, 0x37, 0x37, 0x37, 0x21, 0x37, 0x37, 0x37, 0x37,
    0x37, 0x37, 0x37, 0x17, 0x37, 0x37, 0x37, 0x37, 0x37, 0x37, 0x37, 0x08,
    0x37, 0x37, 0x37, 0x37, 0x37, 0x37, 0x33, 0x01, 0x37, 0x37, 0x37, 0x37,
    0x37, 0x00, 0x08, 0x01, 0x37, 0x37, 0x37, 0x37, 0x37, 0x2D, 0x01, 0x01,
    0x37, 0x37, 0x37, 0x27, 0x2E, 0x01, 0x01, 0x01, 0x25, 0x35, 0x1B, 0x08,
    0x01, 0x01, 0x01, 0x01, 0x01, 0x01, 0x01, 0x01, 0x01, 0x0C, 0x37, 0x37,
    0x01, 0x01, 0x01, 0x01, 0x01, 0x13, 0x37, 0x37, 0x01, 0x01, 0x01, 0x01,
    0x01, 0x1C, 0x37, 0x37, 0x01, 0x01, 0x01, 0x01, 0x02, 0x36, 0x37, 0x37,
    0x01, 0x01, 0x01, 0x01, 0x0F, 0x37, 0x37, 0x37, 0x01, 0x01, 0x01, 0x01,
    0x22, 0x37, 0x37, 0x37, 0x01, 0x01, 0x01, 0x0D, 0x37, 0x37, 0x37, 0x37,
    0x01, 0x01, 0x03, 0x24, 0x37, 0x37, 0x37, 0x37, 0x37, 0x27, 0x02, 0x01,
    0x01, 0x01, 0x01, 0x04, 0x37, 0x23, 0x01, 0x01, 0x01, 0x01, 0x01, 0x2F,
    0x37, 0x1C, 0x01, 0x01, 0x01, 0x01, 0x01, 0x1D, 0x37, 0x16, 0x01, 0x01,
    0x01, 0x01, 0x01, 0x23, 0x37, 0x0F, 0x01, 0x01, 0x01, 0x01, 0x02, 0x27,
    0x37, 0x0A, 0x01, 0x01, 0x01, 0x01, 0x2A, 0x37, 0x37, 0x03, 0x01, 0x01,
    0x01, 0x01, 0x0E, 0x37, 0x26, 0x01, 0x01, 0x01, 0x01, 0x01, 0x13, 0x37,
    0x35, 0x37, 0x37, 0x37, 0x37, 0x37, 0x37, 0x37, 0x37, 0x37, 0x37, 0x37,
    0x37, 0x37, 0x37, 0x37, 0x37, 0x37, 0x37, 0x37, 0x37, 0x37, 0x37, 0x37,
    0x37, 0x37, 0x37, 0x37, 0x37, 0x37, 0x37, 0x37, 0x37, 0x37, 0x37, 0x37,
    0x37, 0x37, 0x37, 0x37, 0x37, 0x37, 0x37, 0x37, 0x37, 0x37, 0x37, 0x37,
    0x37, 0x37, 0x37, 0x37, 0x37, 0x37, 0x37, 0x37, 0x37, 0x37, 0x37, 0x37,
    0x37, 0x37, 0x37, 0x37, 0x37, 0x18, 0x01, 0x01, 0x01, 0x01, 0x01, 0x01,
    0x37, 0x37, 0x2F, 0x01, 0x01, 0x01, 0x01, 0x01, 0x37, 0x37, 0x37, 0x31,
    0x03, 0x01, 0x01, 0x01, 0x37, 0x37, 0x37, 0x37, 0x26, 0x0F, 0x02, 0x01,
    0x37, 0x37, 0x37, 0x37, 0x37, 0x37, 0x26, 0x2F, 0x37, 0x37, 0x37, 0x37,
    0x37, 0x37, 0x37, 0x37, 0x37, 0x37, 0x37, 0x37, 0x37, 0x37, 0x37, 0x37,
    0x37, 0x37, 0x37, 0x37, 0x37, 0x37, 0x37, 0x37, 0x01, 0x01, 0x01, 0x01,
    0x01, 0x01, 0x01, 0x01, 0x01, 0x01, 0x01, 0x01, 0x01, 0x01, 0x01, 0x01,
    0x01, 0x01, 0x01, 0x01, 0x01, 0x01, 0x01, 0x01, 0x01, 0x01, 0x01, 0x01,
    0x01, 0x01, 0x01, 0x01, 0x0D, 0x28, 0x01, 0x01, 0x01, 0x01, 0x06, 0x0E,
    0x37, 0x37, 0x37, 0x22, 0x23, 0x37, 0x37, 0x37, 0x37, 0x37, 0x37, 0x37,
    0x37, 0x37, 0x37, 0x37, 0x37, 0x37, 0x37, 0x37, 0x37, 0x37, 0x37, 0x37,
    0x01, 0x01, 0x01, 0x01, 0x0C, 0x01, 0x01, 0x01, 0x01, 0x01, 0x01, 0x01,
    0x02, 0x01, 0x01, 0x01, 0x01, 0x01, 0x01, 0x01, 0x01, 0x01, 0x01, 0x01,
    0x01, 0x03, 0x16, 0x0A, 0x01, 0x01, 0x01, 0x01, 0x1B, 0x00, 0x25, 0x09,
    0x09, 0x09, 0x09, 0x09, 0x37, 0x37, 0x37, 0x37, 0x37, 0x37, 0x37, 0x37,
    0x37, 0x37, 0x37, 0x37, 0x37, 0x37, 0x37, 0x37, 0x37, 0x37, 0x37, 0x37,
    0x37, 0x37, 0x37, 0x37, 0x01, 0x01, 0x13, 0x37, 0x37, 0x37, 0x37, 0x37,
    0x01, 0x01, 0x23, 0x37, 0x37, 0x37, 0x37, 0x37, 0x01, 0x0C, 0x37, 0x37,
    0x37, 0x37, 0x37, 0x37, 0x01, 0x32, 0x37, 0x37, 0x37, 0x37, 0x37, 0x37,
    0x0E, 0x37, 0x37, 0x37, 0x37, 0x37, 0x37, 0x37, 0x37, 0x37, 0x37, 0x37,
    0x37, 0x37, 0x37, 0x37, 0x37, 0x37, 0x37, 0x37, 0x37, 0x37, 0x37, 0x37,
    0x37, 0x37, 0x37, 0x37, 0x37, 0x37, 0x37, 0x37, 0x37, 0x37, 0x37, 0x30,
    0x01, 0x01, 0x01, 0x01, 0x37, 0x37, 0x37, 0x32, 0x01, 0x01, 0x01, 0x01,
    0x37, 0x37, 0x37, 0x26, 0x01, 0x01, 0x01, 0x01, 0x37, 0x37, 0x37, 0x37,
    0x04, 0x01, 0x01, 0x01, 0x37, 0x37, 0x37, 0x37, 0x10, 0x09, 0x09, 0x09,
    0x37, 0x37, 0x37, 0x37, 0x37, 0x37, 0x37, 0x37, 0x37, 0x37, 0x37, 0x37,
    0x37, 0x37, 0x37, 0x37, 0x37, 0x37, 0x37, 0x37, 0x37, 0x37, 0x37, 0x37,
    0x01, 0x01, 0x01, 0x01, 0x01, 0x01, 0x01, 0x31, 0x01, 0x01, 0x01, 0x01,
    0x01, 0x01, 0x02, 0x36, 0x01, 0x01, 0x01, 0x01, 0x01, 0x01, 0x0C, 0x37,
    0x01, 0x01, 0x01, 0x01, 0x01, 0x01, 0x19, 0x37, 0x09, 0x09, 0x09, 0x09,
    0x09, 0x09, 0x26, 0x37, 0x37, 0x37, 0x37, 0x37, 0x37, 0x37, 0x37, 0x37,
    0x37, 0x37, 0x37, 0x37, 0x37, 0x37, 0x37, 0x37, 0x37, 0x37, 0x37, 0x37,
    0x37, 0x37, 0x37, 0x37, 0x37, 0x37, 0x37, 0x37, 0x37, 0x29, 0x01, 0x01,
    0x37, 0x37, 0x37, 0x37, 0x37, 0x2D, 0x01, 0x01, 0x37, 0x37, 0x37, 0x37,
    0x37, 0x30, 0x01, 0x01, 0x37, 0x37, 0x37, 0x37, 0x37, 0x33, 0x01, 0x01,
    0x37, 0x37, 0x37, 0x37, 0x37, 0x36, 0x09, 0x09, 0x37, 0x37, 0x37, 0x37,
    0x37, 0x37, 0x37, 0x37, 0x37, 0x37, 0x37, 0x37, 0x37, 0x37, 0x37, 0x37,
    0x37, 0x37, 0x37, 0x37, 0x37, 0x37, 0x37, 0x37, 0x01, 0x01, 0x01, 0x0C,
    0x37, 0x37, 0x37, 0x37, 0x01, 0x01, 0x01, 0x32, 0x37, 0x37, 0x37, 0x37,
    0x01, 0x01, 0x08, 0x37, 0x37, 0x37, 0x37, 0x37, 0x01, 0x01, 0x19, 0x37,
    0x37, 0x37, 0x37, 0x37, 0x09, 0x0A, 0x36, 0x37, 0x37, 0x37, 0x37, 0x37,
    0x37, 0x37, 0x37, 0x37, 0x37, 0x37, 0x37, 0x37, 0x37, 0x37, 0x37, 0x37,
    0x37, 0x37, 0x37, 0x37, 0x37, 0x37, 0x37, 0x37, 0x37, 0x37, 0x37, 0x37,
    0x37, 0x32, 0x01, 0x01, 0x01, 0x01, 0x01, 0x01, 0x37, 0x21, 0x01, 0x01,
    0x01, 0x01, 0x01, 0x01, 0x37, 0x22, 0x01, 0x01, 0x01, 0x01, 0x01, 0x01,
    0x37, 0x25, 0x01, 0x01, 0x01, 0x01, 0x01, 0x01, 0x37, 0x35, 0x09, 0x09,
    0x09, 0x09, 0x09, 0x09, 0x37, 0x37, 0x37, 0x37, 0x37, 0x37, 0x37, 0x37,
    0x37, 0x37, 0x37, 0x37, 0x37, 0x37, 0x37, 0x37, 0x37, 0x37, 0x37, 0x37,
    0x37, 0x37, 0x37, 0x37, 0x01, 0x01, 0x01, 0x01, 0x01, 0x01, 0x01, 0x01,
    0x01, 0x01, 0x01, 0x01, 0x01, 0x01, 0x01, 0x01, 0x02, 0x01, 0x01, 0x01,
    0x01, 0x01, 0x01, 0x01, 0x01, 0x01, 0x01, 0x01, 0x01, 0x01, 0x01, 0x01,
    0x09, 0x09, 0x09, 0x09, 0x09, 0x09, 0x09, 0x09, 0x37, 0x37, 0x37, 0x37,
    0x37, 0x37, 0x37, 0x37, 0x37, 0x37, 0x37, 0x37, 0x37, 0x37, 0x37, 0x37,
    0x37, 0x37, 0x37, 0x37, 0x37, 0x37, 0x37, 0x37, 0x01, 0x01, 0x01, 0x01,
    0x01, 0x01, 0x01, 0x01, 0x01, 0x01, 0x01, 0x01, 0x01, 0x01, 0x01, 0x01,
    0x01, 0x01, 0x01, 0x01, 0x01, 0x01, 0x01, 0x05, 0x01, 0x01, 0x01, 0x01,
    0x01, 0x01, 0x01, 0x2B, 0x09, 0x09, 0x09, 0x09, 0x09, 0x09, 0x09, 0x2F,
    0x37, 0x37, 0x37, 0x37, 0x37, 0x37, 0x37, 0x37, 0x37, 0x37, 0x37, 0x37,
    0x37, 0x37, 0x37, 0x37, 0x37, 0x37, 0x37, 0x37, 0x37, 0x37, 0x37, 0x37,
    0x20, 0x37, 0x37, 0x37, 0x37, 0x37, 0x37, 0x37, 0x36, 0x37, 0x37, 0x37,
    0x37, 0x37, 0x37, 0x26, 0x37, 0x37, 0x37, 0x37, 0x37, 0x37, 0x37, 0x1F,
    0x37, 0x37, 0x37, 0x37, 0x37, 0x37, 0x37, 0x18, 0x37, 0x37, 0x37, 0x37,
    0x37, 0x37, 0x37, 0x30, 0x37, 0x37, 0x37, 0x37, 0x37, 0x37, 0x37, 0x37,
    0x37, 0x37, 0x37, 0x37, 0x37, 0x37, 0x37, 0x37, 0x37, 0x37, 0x37, 0x37,
    0x37, 0x37, 0x37, 0x37, 0x03, 0x01, 0x01, 0x01, 0x01, 0x01, 0x01, 0x01,
    0x01, 0x01, 0x01, 0x01, 0x01, 0x01, 0x01, 0x01, 0x01, 0x01, 0x01, 0x01,
    0x01, 0x01, 0x01, 0x01, 0x01, 0x01, 0x01, 0x01, 0x01, 0x01, 0x01, 0x01,
    0x09, 0x09, 0x09, 0x09, 0x09, 0x09, 0x09, 0x09, 0x37, 0x37, 0x37, 0x37,
    0x37, 0x37, 0x37, 0x37, 0x37, 0x37, 0x37, 0x37, 0x37, 0x37, 0x37, 0x37,
    0x37, 0x37, 0x37, 0x37, 0x37, 0x37, 0x37, 0x37, 0x01, 0x01, 0x01, 0x01,
    0x01, 0x01, 0x01, 0x01, 0x01, 0x01, 0x01, 0x01, 0x01, 0x01, 0x01, 0x01,
    0x01, 0x01, 0x01, 0x01, 0x01, 0x01, 0x01, 0x01, 0x01, 0x01, 0x01, 0x01,
    0x01, 0x01, 0x01, 0x29, 0x09, 0x09, 0x09, 0x09, 0x09, 0x10, 0x1D, 0x27,
    0x37, 0x37, 0x37, 0x37, 0x37, 0x37, 0x37, 0x37, 0x37, 0x37, 0x37, 0x37,
    0x37, 0x37, 0x37, 0x37, 0x37, 0x37, 0x37, 0x37, 0x37, 0x37, 0x37, 0x37,
    0x01, 0x01, 0x01, 0x17, 0x37, 0x37, 0x37, 0x37, 0x01, 0x01, 0x0F, 0x37,
    0x37, 0x37, 0x37, 0x37, 0x01, 0x11, 0x27, 0x37, 0x37, 0x37, 0x37, 0x37,
    0x1C, 0x37, 0x37, 0x37, 0x37, 0x37, 0x37, 0x37, 0x37, 0x37, 0x37, 0x37,
    0x37, 0x37, 0x37, 0x37, 0x37, 0x37, 0x37, 0x37, 0x37, 0x37, 0x37, 0x37,
    0x37, 0x37, 0x37, 0x37, 0x37, 0x37, 0x37, 0x37, 0x37, 0x37, 0x37, 0x37,
    0x37, 0x37, 0x37, 0x37, 0x17, 0x01, 0x01, 0x01, 0x01, 0x01, 0x01, 0x01,
    0x37, 0x0E, 0x01, 0x01, 0x01, 0x01, 0x01, 0x01, 0x37, 0x00, 0x0B, 0x01,
    0x01, 0x01, 0x01, 0x01, 0x37, 0x37, 0x27, 0x12, 0x01, 0x01, 0x01, 0x01,
    0x37, 0x37, 0x37, 0x37, 0x22, 0x2D, 0x03, 0x01, 0x37, 0x37, 0x37, 0x37,
    0x37, 0x37, 0x00, 0x21, 0x37, 0x37, 0x37, 0x37, 0x37, 0x37, 0x37, 0x37,
    0x37, 0x37, 0x37, 0x37, 0x37, 0x37, 0x37, 0x37, 0x01, 0x01, 0x01, 0x01,
    0x01, 0x01, 0x01, 0x01, 0x01, 0x01, 0x01, 0x01, 0x01, 0x01, 0x01, 0x01,
    0x01, 0x01, 0x01, 0x01, 0x01, 0x01, 0x01, 0x02, 0x01, 0x01, 0x01, 0x01,
    0x01, 0x01, 0x08, 0x20, 0x01, 0x01, 0x01, 0x01, 0x0A, 0x1A, 0x37, 0x37,
    0x1C, 0x1A, 0x21, 0x37, 0x37, 0x37, 0x37, 0x37, 0x37, 0x37, 0x37, 0x37,
    0x37, 0x37, 0x37, 0x37, 0x37, 0x37, 0x37, 0x37, 0x37, 0x37, 0x37, 0x37,
    0x01, 0x01, 0x1B, 0x37, 0x37, 0x37, 0x37, 0x37, 0x01, 0x30, 0x37, 0x37,
    0x37, 0x37, 0x37, 0x37, 0x17, 0x37, 0x37, 0x37, 0x37, 0x37, 0x37, 0x37,
    0x37, 0x37, 0x37, 0x37, 0x37, 0x37, 0x37, 0x37, 0x37, 0x37, 0x37, 0x37,
    0x37, 0x37, 0x37, 0x37, 0x37, 0x37, 0x37, 0x37, 0x37, 0x37, 0x37, 0x37,
    0x37, 0x37, 0x37, 0x37, 0x37, 0x37, 0x37, 0x37, 0x37, 0x37, 0x37, 0x37,
    0x37, 0x37, 0x37, 0x37, 0x1F, 0x01, 0x01, 0x01, 0x01, 0x01, 0x19, 0x37,
    0x18, 0x01, 0x01, 0x01, 0x01, 0x01, 0x1F, 0x37, 0x12, 0x01, 0x01, 0x01,
    0x01, 0x01, 0x26, 0x37, 0x0C, 0x01, 0x01, 0x01, 0x01, 0x03, 0x37, 0x37,
    0x0E, 0x09, 0x09, 0x09, 0x09, 0x0F, 0x37, 0x37, 0x37, 0x37, 0x37, 0x37,
    0x37, 0x37, 0x37, 0x37, 0x37, 0x37, 0x37, 0x37, 0x37, 0x37, 0x37, 0x37,
    0x37, 0x37, 0x37, 0x37, 0x37, 0x37, 0x37, 0x37, 0x37, 0x37, 0x37, 0x01,
    0x01, 0x01, 0x01, 0x01, 0x37, 0x37, 0x37, 0x01, 0x01, 0x01, 0x01, 0x01,
    0x37, 0x37, 0x37, 0x01, 0x01, 0x01, 0x1B, 0x21, 0x37, 0x37, 0x37, 0x01,
    0x01, 0x01, 0x22, 0x37, 0x37, 0x37, 0x37, 0x01, 0x01, 0x01, 0x22, 0x37,
    0x37, 0x37, 0x37, 0x01, 0x01, 0x01, 0x1B, 0x21, 0x37, 0x37, 0x37, 0x01,
    0x01, 0x01, 0x01, 0x01, 0x37, 0x37, 0x37, 0x01, 0x01, 0x01, 0x01, 0x01,
    0x01, 0x01, 0x01, 0x01, 0x01, 0x01, 0x01, 0x2A, 0x01, 0x01, 0x01, 0x01,
    0x01, 0x01, 0x01, 0x01, 0x21, 0x21, 0x21, 0x21, 0x21, 0x12, 0x01, 0x01,
    0x37, 0x37, 0x37, 0x37, 0x37, 0x26, 0x01, 0x01, 0x37, 0x37, 0x37, 0x37,
    0x37, 0x26, 0x01, 0x01, 0x21, 0x21, 0x21, 0x21, 0x21, 0x13, 0x01, 0x01,
    0x01, 0x01, 0x01, 0x01, 0x01, 0x01, 0x01, 0x01, 0x01, 0x01, 0x01, 0x01,
    0x01, 0x01, 0x01, 0x2A, 0x22, 0x37, 0x37, 0x37, 0x37, 0x37, 0x37, 0x37,
    0x06, 0x27, 0x37, 0x37, 0x37, 0x37, 0x37, 0x37, 0x01, 0x1F, 0x37, 0x37,
    0x37, 0x37, 0x37, 0x37, 0x01, 0x32, 0x37, 0x37, 0x37, 0x37, 0x37, 0x37,
    0x01, 0x32, 0x37, 0x37, 0x37, 0x37, 0x37, 0x37, 0x01, 0x1F, 0x37, 0x37,
    0x37, 0x37, 0x37, 0x37, 0x06, 0x27, 0x37, 0x37, 0x37, 0x37, 0x37, 0x37,
    0x22, 0x37, 0x37, 0x37, 0x37, 0x37, 0x37, 0x37, 0x37, 0x37, 0x37, 0x37,
    0x37, 0x37, 0x37, 0x0C, 0x37, 0x37, 0x37, 0x37, 0x37, 0x37, 0x37, 0x0C,
    0x37, 0x37, 0x37, 0x37, 0x37, 0x37, 0x37, 0x0C, 0x37, 0x37, 0x37, 0x37,
    0x37, 0x37, 0x37, 0x0C, 0x37, 0x37, 0x37, 0x37, 0x37, 0x37, 0x37, 0x0C,
    0x37, 0x37, 0x37, 0x37, 0x37, 0x37, 0x37, 0x0C, 0x37, 0x37, 0x37, 0x37,
    0x37, 0x37, 0x37, 0x0C, 0x37, 0x37, 0x37, 0x37, 0x37, 0x37, 0x37, 0x0C,
    0x01, 0x01, 0x08, 0x37, 0x37, 0x37, 0x37, 0x37, 0x01, 0x01, 0x08, 0x37,
    0x37, 0x37, 0x37, 0x37, 0x01, 0x01, 0x08, 0x37, 0x37, 0x37, 0x37, 0x37,
    0x01, 0x01, 0x08, 0x37, 0x37, 0x37, 0x37, 0x37, 0x01, 0x01, 0x08, 0x37,
    0x37, 0x37, 0x37, 0x37, 0x01, 0x01, 0x08, 0x37, 0x37, 0x37, 0x37, 0x37,
    0x01, 0x01, 0x08, 0x37, 0x37, 0x37, 0x37, 0x37, 0x01, 0x01, 0x08, 0x37,
    0x37, 0x37, 0x37, 0x37, 0x37, 0x37, 0x37, 0x37, 0x37, 0x27, 0x2A, 0x01,
    0x37, 0x37, 0x37, 0x37, 0x37, 0x2F, 0x01, 0x01, 0x37, 0x37, 0x37, 0x37,
    0x26, 0x03, 0x01, 0x01, 0x37, 0x37, 0x37, 0x37, 0x10, 0x01, 0x01, 0x04,
    0x37, 0x37, 0x37, 0x21, 0x01, 0x01, 0x01, 0x19, 0x37, 0x37, 0x37, 0x0A,
    0x01, 0x01, 0x0A, 0x37, 0x37, 0x37, 0x1B, 0x01, 0x01, 0x02, 0x21, 0x37,
    0x37, 0x36, 0x06, 0x01, 0x01, 0x12, 0x37, 0x37, 0x01, 0x03, 0x26, 0x37,
    0x37, 0x37, 0x37, 0x37, 0x01, 0x01, 0x10, 0x37, 0x37, 0x37, 0x37, 0x37,
    0x01, 0x01, 0x01, 0x20, 0x37, 0x37, 0x37, 0x37, 0x08, 0x01, 0x01, 0x0A,
    0x37, 0x37, 0x37, 0x37, 0x33, 0x01, 0x01, 0x01, 0x1A, 0x37, 0x37, 0x37,
    0x37, 0x0E, 0x01, 0x01, 0x05, 0x36, 0x37, 0x37, 0x37, 0x34, 0x02, 0x01,
    0x01, 0x13, 0x37, 0x37, 0x37, 0x37, 0x12, 0x01, 0x01, 0x02, 0x23, 0x37,
    0x37, 0x37, 0x1E, 0x02, 0x01, 0x01, 0x07, 0x35, 0x37, 0x37, 0x37, 0x1B,
    0x02, 0x01, 0x01, 0x0A, 0x37, 0x37, 0x37, 0x37, 0x31, 0x01, 0x01, 0x01,
    0x37, 0x37, 0x37, 0x37, 0x37, 0x18, 0x01, 0x01, 0x37, 0x37, 0x37, 0x37,
    0x37, 0x37, 0x30, 0x01, 0x37, 0x37, 0x37, 0x37, 0x37, 0x37, 0x37, 0x15,
    0x37, 0x37, 0x37, 0x37, 0x37, 0x37, 0x37, 0x37, 0x37, 0x37, 0x37, 0x37,
    0x37, 0x37, 0x37, 0x37, 0x37, 0x37, 0x37, 0x37, 0x37, 0x37, 0x30, 0x01,
    0x00, 0x37, 0x37, 0x37, 0x37, 0x31, 0x01, 0x01, 0x0B, 0x00, 0x37, 0x37,
    0x1B, 0x02, 0x01, 0x01, 0x01, 0x0D, 0x27, 0x1E, 0x02, 0x01, 0x01, 0x2C,
    0x01, 0x01, 0x0D, 0x28, 0x01, 0x01, 0x0D, 0x27, 0x01, 0x01, 0x01, 0x01,
    0x01, 0x0C, 0x00, 0x37, 0x13, 0x01, 0x01, 0x01, 0x0A, 0x00, 0x37, 0x37,
    0x37, 0x01, 0x01, 0x01, 0x30, 0x37, 0x37, 0x37, 0x01, 0x01, 0x13, 0x37,
    0x37, 0x37, 0x37, 0x37, 0x01, 0x10, 0x37, 0x37, 0x37, 0x37, 0x37, 0x37,
    0x0F, 0x37, 0x37, 0x37, 0x37, 0x37, 0x37, 0x37, 0x27, 0x37, 0x37, 0x37,
    0x37, 0x37, 0x37, 0x37, 0x37, 0x37, 0x37, 0x37, 0x37, 0x37, 0x37, 0x37,
    0x37, 0x37, 0x37, 0x37, 0x37, 0x37, 0x37, 0x37, 0x37, 0x37, 0x37, 0x37,
    0x37, 0x37, 0x37, 0x37, 0x37, 0x37, 0x37, 0x37, 0x37, 0x37, 0x37, 0x37,
    0x32, 0x01, 0x01, 0x01, 0x01, 0x01, 0x01, 0x01, 0x32, 0x01, 0x01, 0x01,
    0x01, 0x01, 0x01, 0x01, 0x32, 0x01, 0x01, 0x01, 0x2E, 0x19, 0x19, 0x19,
    0x32, 0x01, 0x01, 0x01, 0x32, 0x37, 0x37, 0x37, 0x32, 0x01, 0x01, 0x01,
    0x18, 0x21, 0x21, 0x21, 0x32, 0x01, 0x01, 0x01, 0x01, 0x01, 0x01, 0x01,
    0x32, 0x01, 0x01, 0x01, 0x01, 0x01, 0x01, 0x01, 0x32, 0x01, 0x01, 0x01,
    0x2E, 0x19, 0x19, 0x19, 0x01, 0x01, 0x01, 0x01, 0x01, 0x01, 0x32, 0x37,
    0x01, 0x01, 0x01, 0x01, 0x01, 0x01, 0x32, 0x37, 0x19, 0x19, 0x19, 0x19,
    0x19, 0x19, 0x25, 0x37, 0x37, 0x37, 0x37, 0x37, 0x37, 0x37, 0x37, 0x37,
    0x21, 0x21, 0x35, 0x37, 0x37, 0x37, 0x37, 0x37, 0x01, 0x01, 0x31, 0x37,
    0x37, 0x37, 0x37, 0x37, 0x01, 0x01, 0x31, 0x37, 0x37, 0x37, 0x37, 0x37,
    0x19, 0x19, 0x23, 0x37, 0x37, 0x37, 0x37, 0x37, 0x37, 0x37, 0x37, 0x37,
    0x37, 0x37, 0x01, 0x01, 0x37, 0x37, 0x37, 0x37, 0x37, 0x37, 0x01, 0x01,
    0x37, 0x37, 0x37, 0x37, 0x37, 0x37, 0x01, 0x01, 0x37, 0x37, 0x37, 0x37,
    0x37, 0x37, 0x01, 0x01, 0x37, 0x37, 0x37, 0x37, 0x37, 0x37, 0x01, 0x01,
    0x37, 0x37, 0x37, 0x37, 0x37, 0x37, 0x01, 0x01, 0x37, 0x37, 0x37, 0x37,
    0x37, 0x37, 0x01, 0x01, 0x37, 0x37, 0x37, 0x37, 0x37, 0x37, 0x01, 0x01,
    0x01, 0x01, 0x01, 0x01, 0x01, 0x01, 0x01, 0x01, 0x01, 0x01, 0x01, 0x01,
    0x01, 0x01, 0x01, 0x01, 0x01, 0x1B, 0x21, 0x21, 0x21, 0x21, 0x21, 0x21,
    0x01, 0x22, 0x37, 0x37, 0x37, 0x37, 0x37, 0x37, 0x01, 0x22, 0x37, 0x37,
    0x37, 0x37, 0x37, 0x37, 0x01, 0x2C, 0x11, 0x11, 0x11, 0x11, 0x11, 0x11,
    0x01, 0x01, 0x01, 0x01, 0x01, 0x01, 0x01, 0x01, 0x01, 0x07, 0x09, 0x06,
    0x01, 0x01, 0x01, 0x02, 0x01, 0x01, 0x08, 0x22, 0x37, 0x37, 0x37, 0x37,
    0x01, 0x01, 0x01, 0x06, 0x27, 0x37, 0x37, 0x37, 0x2E, 0x01, 0x01, 0x01,
    0x1F, 0x37, 0x37, 0x37, 0x26, 0x01, 0x01, 0x01, 0x32, 0x37, 0x37, 0x37,
    0x26, 0x01, 0x01, 0x01, 0x32, 0x37, 0x37, 0x37, 0x0A, 0x01, 0x01, 0x01,
    0x21, 0x37, 0x37, 0x37, 0x01, 0x01, 0x01, 0x0D, 0x37, 0x37, 0x37, 0x37,
    0x09, 0x09, 0x15, 0x00, 0x37, 0x37, 0x37, 0x37, 0x37, 0x37, 0x37, 0x01,
    0x01, 0x01, 0x1B, 0x37, 0x37, 0x37, 0x37, 0x01, 0x01, 0x01, 0x22, 0x37,
    0x37, 0x37, 0x37, 0x01, 0x01, 0x01, 0x22, 0x37, 0x37, 0x37, 0x37, 0x01,
    0x01, 0x01, 0x22, 0x37, 0x37, 0x37, 0x37, 0x01, 0x01, 0x01, 0x25, 0x37,
    0x37, 0x37, 0x37, 0x37, 0x37, 0x37, 0x37, 0x37, 0x37, 0x37, 0x37, 0x37,
    0x37, 0x37, 0x37, 0x37, 0x37, 0x37, 0x37, 0x37, 0x37, 0x37, 0x37, 0x37,
    0x37, 0x37, 0x37, 0x37, 0x37, 0x37, 0x37, 0x0C, 0x37, 0x37, 0x37, 0x37,
    0x37, 0x37, 0x37, 0x0C, 0x37, 0x37, 0x37, 0x37, 0x37, 0x37, 0x37, 0x0C,
    0x37, 0x37, 0x37, 0x37, 0x37, 0x37, 0x37, 0x0C, 0x37, 0x37, 0x37, 0x37,
    0x37, 0x37, 0x37, 0x17, 0x37, 0x37, 0x37, 0x37, 0x37, 0x37, 0x37, 0x37,
    0x37, 0x37, 0x37, 0x37, 0x37, 0x37, 0x37, 0x37, 0x37, 0x37, 0x37, 0x37,
    0x37, 0x37, 0x37, 0x37, 0x01, 0x01, 0x08, 0x37, 0x37, 0x37, 0x37, 0x37,
    0x01, 0x01, 0x08, 0x37, 0x37, 0x37, 0x37, 0x37, 0x01, 0x01, 0x01, 0x01,
    0x01, 0x01, 0x01, 0x01, 0x01, 0x01, 0x01, 0x01, 0x01, 0x01, 0x01, 0x01,
    0x01, 0x01, 0x01, 0x01, 0x01, 0x01, 0x01, 0x01, 0x37, 0x37, 0x37, 0x37,
    0x37, 0x37, 0x37, 0x37, 0x37, 0x37, 0x37, 0x37, 0x37, 0x37, 0x37, 0x37,
    0x37, 0x37, 0x37, 0x37, 0x37, 0x37, 0x37, 0x37, 0x37, 0x37, 0x37, 0x37,
    0x37, 0x37, 0x37, 0x37, 0x37, 0x37, 0x37, 0x37, 0x37, 0x37, 0x37, 0x37,
    0x01, 0x01, 0x01, 0x01, 0x32, 0x37, 0x37, 0x37, 0x01, 0x01, 0x01, 0x01,
    0x32, 0x37, 0x37, 0x37, 0x01, 0x01, 0x01, 0x01, 0x34, 0x37, 0x37, 0x37,
    0x37, 0x37, 0x37, 0x37, 0x37, 0x37, 0x37, 0x37, 0x37, 0x37, 0x37, 0x37,
    0x37, 0x37, 0x37, 0x37, 0x37, 0x37, 0x37, 0x37, 0x37, 0x37, 0x37, 0x37,
    0x37, 0x37, 0x37, 0x37, 0x37, 0x37, 0x37, 0x37, 0x37, 0x37, 0x37, 0x37,
    0x37, 0x37, 0x37, 0x37, 0x37, 0x37, 0x37, 0x37, 0x37, 0x37, 0x37, 0x37,
    0x37, 0x37, 0x37, 0x37, 0x37, 0x37, 0x37, 0x1F, 0x37, 0x37, 0x37, 0x37,
    0x37, 0x37, 0x37, 0x01, 0x37, 0x37, 0x37, 0x37, 0x37, 0x37, 0x37, 0x37,
    0x37, 0x37, 0x37, 0x37, 0x37, 0x37, 0x37, 0x37, 0x37, 0x37, 0x37, 0x37,
    0x37, 0x37, 0x37, 0x37, 0x37, 0x15, 0x01, 0x01, 0x05, 0x36, 0x37, 0x37,
    0x25, 0x28, 0x01, 0x01, 0x0E, 0x19, 0x19, 0x19, 0x2C, 0x01, 0x01, 0x01,
    0x01, 0x01, 0x01, 0x01, 0x01, 0x01, 0x01, 0x01, 0x01, 0x01, 0x01, 0x01,
    0x01, 0x01, 0x01, 0x01, 0x01, 0x01, 0x01, 0x01, 0x37, 0x37, 0x37, 0x37,
    0x37, 0x37, 0x37, 0x37, 0x37, 0x37, 0x37, 0x37, 0x37, 0x37, 0x37, 0x37,
    0x37, 0x37, 0x37, 0x37, 0x37, 0x37, 0x37, 0x37, 0x37, 0x37, 0x26, 0x03,
    0x01, 0x01, 0x0E, 0x37, 0x23, 0x37, 0x37, 0x2F, 0x01, 0x01, 0x01, 0x1E,
    0x31, 0x37, 0x37, 0x27, 0x06, 0x01, 0x01, 0x2A, 0x31, 0x37, 0x37, 0x37,
    0x1B, 0x01, 0x01, 0x01, 0x20, 0x37, 0x37, 0x37, 0x37, 0x01, 0x01, 0x01,
    0x37, 0x37, 0x37, 0x37, 0x37, 0x37, 0x37, 0x37, 0x37, 0x37, 0x37, 0x37,
    0x37, 0x37, 0x37, 0x37, 0x37, 0x37, 0x37, 0x37, 0x37, 0x37, 0x37, 0x37,
    0x37, 0x37, 0x37, 0x37, 0x37, 0x37, 0x37, 0x37, 0x37, 0x37, 0x37, 0x37,
    0x37, 0x37, 0x37, 0x37, 0x27, 0x37, 0x37, 0x37, 0x37, 0x37, 0x37, 0x37,
    0x30, 0x37, 0x37, 0x37, 0x37, 0x37, 0x37, 0x37, 0x01, 0x37, 0x37, 0x37,
    0x37, 0x37, 0x37, 0x37, 0x37, 0x37, 0x37, 0x37, 0x37, 0x37, 0x37, 0x37,
    0x37, 0x37, 0x37, 0x37, 0x37, 0x37, 0x37, 0x37, 0x37, 0x37, 0x37, 0x37,
    0x37, 0x37, 0x37, 0x37, 0x37, 0x01, 0x01, 0x01, 0x30, 0x37, 0x37, 0x37,
    0x37, 0x01, 0x01, 0x01, 0x30, 0x37, 0x37, 0x37, 0x37, 0x01, 0x01, 0x01,
    0x30, 0x37, 0x37, 0x37, 0x37, 0x01, 0x01, 0x01, 0x30, 0x37, 0x37, 0x37,
    0x37, 0x01, 0x01, 0x01, 0x32, 0x37, 0x37, 0x37, 0x37, 0x37, 0x37, 0x37,
    0x37, 0x37, 0x37, 0x37, 0x37, 0x37, 0x37, 0x37, 0x37, 0x37, 0x37, 0x37,
    0x37, 0x37, 0x37, 0x37, 0x37, 0x37, 0x37, 0x37, 0x32, 0x01, 0x01, 0x01,
    0x32, 0x37, 0x37, 0x37, 0x32, 0x01, 0x01, 0x01, 0x32, 0x37, 0x37, 0x37,
    0x32, 0x01, 0x01, 0x01, 0x01, 0x01, 0x01, 0x01, 0x32, 0x01, 0x01, 0x01,
    0x01, 0x01, 0x01, 0x01, 0x34, 0x01, 0x01, 0x01, 0x01, 0x01, 0x01, 0x01,
    0x37, 0x37, 0x37, 0x37, 0x37, 0x37, 0x37, 0x37, 0x37, 0x37, 0x37, 0x37,
    0x37, 0x37, 0x37, 0x37, 0x37, 0x37, 0x37, 0x37, 0x37, 0x37, 0x37, 0x37,
    0x37, 0x37, 0x37, 0x37, 0x37, 0x37, 0x37, 0x37, 0x37, 0x37, 0x37, 0x37,
    0x37, 0x37, 0x37, 0x37, 0x01, 0x01, 0x01, 0x01, 0x01, 0x01, 0x31, 0x37,
    0x01, 0x01, 0x01, 0x01, 0x01, 0x01, 0x31, 0x37, 0x01, 0x01, 0x01, 0x01,
    0x01, 0x01, 0x20, 0x37, 0x37, 0x37, 0x37, 0x37, 0x37, 0x37, 0x37, 0x37,
    0x37, 0x37, 0x37, 0x37, 0x37, 0x37, 0x37, 0x37, 0x37, 0x37, 0x37, 0x37,
    0x37, 0x37, 0x37, 0x37, 0x37, 0x37, 0x37, 0x37, 0x37, 0x37, 0x01, 0x01,
    0x37, 0x37, 0x37, 0x37, 0x37, 0x37, 0x01, 0x01, 0x37, 0x37, 0x37, 0x37,
    0x37, 0x37, 0x01, 0x01, 0x37, 0x37, 0x37, 0x37, 0x37, 0x37, 0x01, 0x01,
    0x37, 0x37, 0x37, 0x37, 0x37, 0x37, 0x01, 0x01, 0x37, 0x37, 0x37, 0x37,
    0x37, 0x37, 0x37, 0x37, 0x37, 0x37, 0x37, 0x37, 0x37, 0x37, 0x37, 0x37,
    0x37, 0x37, 0x37, 0x37, 0x37, 0x37, 0x37, 0x37, 0x01, 0x22, 0x37, 0x00,
    0x0F, 0x01, 0x01, 0x01, 0x01, 0x22, 0x37, 0x37, 0x37, 0x17, 0x02, 0x01,
    0x01, 0x22, 0x37, 0x37, 0x37, 0x37, 0x33, 0x05, 0x01, 0x22, 0x37, 0x37,
    0x37, 0x37, 0x37, 0x24, 0x01, 0x25, 0x37, 0x37, 0x37, 0x37, 0x37, 0x37,
    0x37, 0x37, 0x37, 0x37, 0x37, 0x37, 0x37, 0x37, 0x37, 0x37, 0x37, 0x37,
    0x37, 0x37, 0x37, 0x37, 0x37, 0x37, 0x37, 0x37, 0x37, 0x37, 0x37, 0x37,
    0x2C, 0x00, 0x37, 0x37, 0x37, 0x37, 0x37, 0x37, 0x01, 0x07, 0x34, 0x37,
    0x37, 0x37, 0x37, 0x37, 0x01, 0x01, 0x28, 0x1C, 0x37, 0x37, 0x37, 0x37,
    0x09, 0x01, 0x01, 0x01, 0x2E, 0x27, 0x37, 0x37, 0x00, 0x01, 0x01, 0x01,
    0x01, 0x1A, 0x37, 0x37, 0x37, 0x37, 0x37, 0x37, 0x37, 0x37, 0x37, 0x37,
    0x37, 0x37, 0x37, 0x37, 0x37, 0x37, 0x37, 0x37, 0x37, 0x37, 0x37, 0x37,
    0x37, 0x37, 0x37, 0x37, 0x00, 0x00, 0x00, 0x00, 0x00, 0x00, 0x00, 0x00,
    0x00, 0x00, 0x00, 0x00, 0x00, 0x00, 0x00, 0x00, 0x00, 0x00, 0x00, 0x00,
    0x00, 0x00, 0x00, 0x00, 0x00, 0x00, 0x00, 0x00, 0x00, 0x00, 0x00, 0x00,
    0x00, 0x00, 0x00, 0x00, 0x00, 0x00, 0x00, 0x00, 0x00, 0x00, 0x00, 0x00,
    0x00, 0x00, 0x00, 0x00, 0x00, 0x00, 0x00, 0x00, 0x00, 0x00, 0x00, 0x00,
    0x00, 0x00, 0x00, 0x00, 0x00, 0x00, 0x00, 0x00, 0x00, 0x00, 0x00, 0x00,
    0x00, 0x00, 0x00, 0x00, 0x00, 0x00, 0x00, 0x00, 0x00, 0x00, 0x00, 0x00,
    0x00, 0x00, 0x00, 0x00, 0x00, 0x00, 0x00, 0x00, 0x00, 0x00, 0x00, 0x00,
    0x00, 0x00, 0x00, 0x00, 0x00, 0x00, 0x00, 0x00, 0x00, 0x00, 0x00, 0x00,
    0x00, 0x00, 0x00, 0x00, 0x00, 0x00, 0x00, 0x00, 0x00, 0x00, 0x00, 0x00,
    0x00, 0x00, 0x00, 0x00, 0x00, 0x00, 0x00, 0x00, 0x00, 0x00, 0x00, 0x00,
    0x00, 0x00, 0x00, 0x00, 0x00, 0x00, 0x00, 0x00, 0x00, 0x00, 0x00, 0x00,
    0x00, 0x00, 0x00, 0x00, 0x00, 0x00, 0x00, 0x00, 0x00, 0x00, 0x00, 0x00,
    0x00, 0x00, 0x00, 0x00, 0x00, 0x00, 0x00, 0x00, 0x00, 0x00, 0x00, 0x00,
    0x00, 0x00, 0x00, 0x00, 0x00, 0x00, 0x00, 0x00, 0x00, 0x00, 0x00, 0x00,
    0x00, 0x00, 0x00, 0x00, 0x00, 0x00, 0x00, 0x00, 0x00, 0x00, 0x00, 0x00,
    0x00, 0x00, 0x00, 0x00, 0x00, 0x00, 0x00, 0x00, 0x00, 0x00, 0x00, 0x00,
    0x00, 0x00, 0x00, 0x00, 0x00, 0x00, 0x00, 0x00, 0x00, 0x00, 0x00, 0x00,
    0x00, 0x00, 0x00, 0x00, 0x00, 0x00, 0x00, 0x00, 0x00, 0x00, 0x00, 0x00,
    0x00, 0x00, 0x00, 0x00, 0x00, 0x00, 0x00, 0x00, 0x00, 0x00, 0x00, 0x00,
    0x00, 0x00, 0x00, 0x00, 0x00, 0x00, 0x00, 0x00, 0x00, 0x00, 0x00, 0x00,
    0x00, 0x00, 0x00, 0x00, 0x00, 0x00, 0x00, 0x00, 0x00, 0x00, 0x00, 0x00,
    0x00, 0x00, 0x00, 0x00, 0x00, 0x00, 0x00, 0x00, 0x00, 0x00, 0x00, 0x00,
    0x00, 0x00, 0x00, 0x00, 0x00, 0x00, 0x00, 0x00, 0x00, 0x00, 0x00, 0x00,
    0x00, 0x00, 0x00, 0x00, 0x00, 0x00, 0x00, 0x00, 0x00, 0x00, 0x00, 0x00,
    0x00, 0x00, 0x00, 0x00, 0x00, 0x00, 0x00, 0x00, 0x00, 0x00, 0x00, 0x00,
    0x00, 0x00, 0x00, 0x00, 0x00, 0x00, 0x00, 0x00, 0x00, 0x00, 0x00, 0x00,
    0x00, 0x00, 0x00, 0x00, 0x00, 0x00, 0x00, 0x00, 0x00, 0x00, 0x00, 0x00,
    0x00, 0x00, 0x00, 0x00, 0x00, 0x00, 0x00, 0x00, 0x00, 0x00, 0x00, 0x00,
    0x00, 0x00, 0x00, 0x00, 0x00, 0x00, 0x00, 0x00, 0x00, 0x00, 0x00, 0x00,
    0x00, 0x00, 0x00, 0x00, 0x00, 0x00, 0x00, 0x00, 0x00, 0x00, 0x00, 0x00,
    0x00, 0x00, 0x00, 0x00, 0x00, 0x00, 0x00, 0x00, 0x00, 0x00, 0x00, 0x00,
    0x00, 0x00, 0x00, 0x00, 0x00, 0x00, 0x00, 0x00, 0x00, 0x00, 0x00, 0x00,
    0x00, 0x00, 0x00, 0x00, 0x00, 0x00, 0x00, 0x00, 0x00, 0x00, 0x00, 0x00,
    0x00, 0x00, 0x00, 0x00, 0x00, 0x00, 0x00, 0x00, 0x00, 0x00, 0x00, 0x00,
    0x00, 0x00, 0x00, 0x00, 0x00, 0x00, 0x00, 0x00, 0x00, 0x00, 0x00, 0x00,
    0x00, 0x00, 0x00, 0x00, 0x00, 0x00, 0x00, 0x00, 0x00, 0x00, 0x00, 0x00,
    0x00, 0x00, 0x00, 0x00, 0x00, 0x00, 0x00, 0x00, 0x00, 0x00, 0x00, 0x00,
    0x00, 0x00, 0x00, 0x00, 0x00, 0x00, 0x00, 0x00, 0x00, 0x00, 0x00, 0x00,
    0x00, 0x00, 0x00, 0x00, 0x00, 0x00, 0x00, 0x00, 0x00, 0x00, 0x00, 0x00,
    0x00, 0x00, 0x00, 0x00, 0x00, 0x00, 0x00, 0x00, 0x00, 0x00, 0x00, 0x00,
    0x00, 0x00, 0x00, 0x00, 0x00, 0x00, 0x00, 0x00, 0x00, 0x00, 0x00, 0x00,
    0x00, 0x00, 0x00, 0x00, 0x00, 0x00, 0x00, 0x00, 0x00, 0x00, 0x00, 0x00,
    0x00, 0x00, 0x00, 0x00, 0x00, 0x00, 0x00, 0x00, 0x00, 0x00, 0x00, 0x00,
    0x00, 0x00, 0x00, 0x00, 0x00, 0x00, 0x00, 0x00, 0x00, 0x00, 0x00, 0x00,
    0x00, 0x00, 0x00, 0x00, 0x00, 0x00, 0x00, 0x00, 0x00, 0x00, 0x00, 0x00,
    0x00, 0x00, 0x00, 0x00, 0x00, 0x00, 0x00, 0x00, 0x00, 0x00, 0x00, 0x00,
    0x00, 0x00, 0x00, 0x00, 0x00, 0x00, 0x00, 0x00, 0x00, 0x00, 0x00, 0x00,
    0x00, 0x00, 0x00, 0x00, 0x00, 0x00, 0x00, 0x00, 0x00, 0x00, 0x00, 0x00,
    0x00, 0x00, 0x00, 0x00, 0x00, 0x00, 0x00, 0x00, 0x00, 0x00, 0x00, 0x00,
    0x00, 0x00, 0x00, 0x00, 0x00, 0x00, 0x00, 0x00, 0x00, 0x00, 0x00, 0x00,
    0x00, 0x00, 0x00, 0x00, 0x00, 0x00, 0x00, 0x00, 0x00, 0x00, 0x00, 0x00,
    0x00, 0x00, 0x00, 0x00, 0x00, 0x00, 0x00, 0x00, 0x00, 0x00, 0x00, 0x00,
    0x00, 0x00, 0x00, 0x00, 0x00, 0x00, 0x00, 0x00, 0x00, 0x00, 0x00, 0x00,
    0x00, 0x00, 0x00, 0x00, 0x00, 0x00, 0x00, 0x00, 0x00, 0x00, 0x00, 0x00,
    0x00, 0x00, 0x00, 0x00, 0x00, 0x00, 0x00, 0x00, 0x00, 0x00, 0x00, 0x00,
    0x00, 0x00, 0x00, 0x00, 0x00, 0x00, 0x00, 0x00, 0x00, 0x00, 0x00, 0x00,
    0x00, 0x00, 0x00, 0x00, 0x00, 0x00, 0x00, 0x00, 0x00, 0x00, 0x00, 0x00,
    0x00, 0x00, 0x00, 0x00, 0x00, 0x00, 0x00, 0x00, 0x00, 0x00, 0x00, 0x00,
    0x00, 0x00, 0x00, 0x00, 0x00, 0x00, 0x00, 0x00, 0x00, 0x00, 0x00, 0x00,
    0x00, 0x00, 0x00, 0x00, 0x00, 0x00, 0x00, 0x00, 0x00, 0x00, 0x00, 0x00,
    0x00, 0x00, 0x00, 0x00, 0x00, 0x00, 0x00, 0x00, 0x00, 0x00, 0x00, 0x00,
    0x00, 0x00, 0x00, 0x00, 0x00, 0x00, 0x00, 0x00, 0x00, 0x00, 0x00, 0x00,
    0x00, 0x00, 0x00, 0x00, 0x00, 0x00, 0x00, 0x00, 0x00, 0x00, 0x00, 0x00,
    0x00, 0x00, 0x00, 0x00, 0x00, 0x00, 0x00, 0x00, 0x00, 0x00, 0x00, 0x00,
    0x00, 0x00, 0x00, 0x00, 0x00, 0x00, 0x00, 0x00, 0x00, 0x00, 0x00, 0x00,
    0x00, 0x00, 0x00, 0x00, 0x00, 0x00, 0x00, 0x00, 0x00, 0x00, 0x00, 0x00,
    0x00, 0x00, 0x00, 0x00, 0x00, 0x00, 0x00, 0x00, 0x00, 0x00, 0x00, 0x00,
    0x00, 0x00, 0x00, 0x00, 0x00, 0x00, 0x00, 0x00, 0x00, 0x00, 0x00, 0x00,
    0x00, 0x00, 0x00, 0x00, 0x00, 0x00, 0x00, 0x00, 0x00, 0x00, 0x00, 0x00,
    0x00, 0x00, 0x00, 0x00, 0x00, 0x00, 0x00, 0x00, 0x00, 0x00, 0x00, 0x00,
    0x00, 0x00, 0x00, 0x00, 0x00, 0x00, 0x00, 0x00, 0x00, 0x00, 0x00, 0x00,
    0x00, 0x00, 0x00, 0x00, 0x00, 0x00, 0x00, 0x00, 0x00, 0x00, 0x00, 0x00,
    0x00, 0x00, 0x00, 0x00, 0x00, 0x00, 0x00, 0x00, 0x00, 0x00, 0x00, 0x00,
    0x00, 0x00, 0x00, 0x00, 0x00, 0x00, 0x00, 0x00, 0x00, 0x00, 0x00, 0x00,
    0x00, 0x00, 0x00, 0x00, 0x00, 0x00, 0x00, 0x00, 0x00, 0x00, 0x00, 0x00,
    0x00, 0x00, 0x00, 0x00, 0x00, 0x00, 0x00, 0x00, 0x00, 0x00, 0x00, 0x00,
    0x00, 0x00, 0x00, 0x00, 0x00, 0x00, 0x00, 0x00, 0x00, 0x00, 0x00, 0x00,
    0x00, 0x00, 0x00, 0x00, 0x00, 0x00, 0x00, 0x00, 0x00, 0x00, 0x00, 0x00,
    0x00, 0x00, 0x00, 0x00, 0x00, 0x00, 0x00, 0x00, 0x00, 0x00, 0x00, 0x00,
    0x00, 0x00, 0x00, 0x00, 0x00, 0x00, 0x00, 0x00, 0x00, 0x00, 0x00, 0x00,
    0x00, 0x00, 0x00, 0x00, 0x00, 0x00, 0x00, 0x00, 0x00, 0x00, 0x00, 0x00,
    0x00, 0x00, 0x00, 0x00, 0x00, 0x00, 0x00, 0x00, 0x00, 0x00, 0x00, 0x00,
    0x00, 0x00, 0x00, 0x00, 0x00, 0x00, 0x00, 0x00, 0x00, 0x00, 0x00, 0x00,
    0x00, 0x00, 0x00, 0x00, 0x00, 0x00, 0x00, 0x00, 0x00, 0x00, 0x00, 0x00,
    0x00, 0x00, 0x00, 0x00, 0x00, 0x00, 0x00, 0x00, 0x00, 0x00, 0x00, 0x00,
    0x00, 0x00, 0x00, 0x00, 0x00, 0x00, 0x00, 0x00, 0x00, 0x00, 0x00, 0x00,
    0x00, 0x00, 0x00, 0x00, 0x00, 0x00, 0x00, 0x00, 0x00, 0x00, 0x00, 0x00,
    0x00, 0x00, 0x00, 0x00, 0x00, 0x00, 0x00, 0x00, 0x00, 0x00, 0x00, 0x00,
    0x00, 0x00, 0x00, 0x00, 0x00, 0x00, 0x00, 0x00, 0x00, 0x00, 0x00, 0x00,
    0x00, 0x00, 0x00, 0x00, 0x00, 0x00, 0x00, 0x00, 0x00, 0x00, 0x00, 0x00,
    0x00, 0x00, 0x00, 0x00, 0x00, 0x00, 0x00, 0x00, 0x00, 0x00, 0x00, 0x00,
    0x00, 0x00, 0x00, 0x00, 0x00, 0x00, 0x00, 0x00, 0x00, 0x00, 0x00, 0x00,
    0x00, 0x00, 0x00, 0x00, 0x00, 0x00, 0x00, 0x00, 0x00, 0x00, 0x00, 0x00,
    0x00, 0x00, 0x00, 0x00, 0x00, 0x00, 0x00, 0x00, 0x00, 0x00, 0x00, 0x00,
    0x00, 0x00, 0x00, 0x00, 0x00, 0x00, 0x00, 0x00, 0x00, 0x00, 0x00, 0x00,
    0x00, 0x00, 0x00, 0x00, 0x00, 0x00, 0x00, 0x00, 0x00, 0x00, 0x00, 0x00,
    0x00, 0x00, 0x00, 0x00, 0x00, 0x00, 0x00, 0x00, 0x00, 0x00, 0x00, 0x00,
    0x00, 0x00, 0x00, 0x00, 0x00, 0x00, 0x00, 0x00, 0x00, 0x00, 0x00, 0x00,
    0x00, 0x00, 0x00, 0x00, 0x00, 0x00, 0x00, 0x00, 0x00, 0x00, 0x00, 0x00,
    0x00, 0x00, 0x00, 0x00, 0x00, 0x00, 0x00, 0x00, 0x00, 0x00, 0x00, 0x00,
    0x00, 0x00, 0x00, 0x00, 0x00, 0x00, 0x00, 0x00, 0x00, 0x00, 0x00, 0x00,
    0x00, 0x00, 0x00, 0x00, 0x00, 0x00, 0x00, 0x00, 0x00, 0x00, 0x00, 0x00,
    0x00, 0x00, 0x00, 0x00, 0x00, 0x00, 0x00, 0x00, 0x00, 0x00, 0x00, 0x00,
    0x00, 0x00, 0x00, 0x00, 0x00, 0x00, 0x00, 0x00, 0x00, 0x00, 0x00, 0x00,
    0x00, 0x00, 0x00, 0x00, 0x00, 0x00, 0x00, 0x00, 0x00, 0x00, 0x00, 0x00,
    0x00, 0x00, 0x00, 0x00, 0x00, 0x00, 0x00, 0x00, 0x00, 0x00, 0x00, 0x00,
    0x00, 0x00, 0x00, 0x00, 0x00, 0x00, 0x00, 0x00, 0x00, 0x00, 0x00, 0x00,
    0x00, 0x00, 0x00, 0x00, 0x00, 0x00, 0x00, 0x00, 0x00, 0x00, 0x00, 0x00,
    0x00, 0x00, 0x00, 0x00, 0x00, 0x00, 0x00, 0x00, 0x00, 0x00, 0x00, 0x00,
    0x00, 0x00, 0x00, 0x00, 0x00, 0x00, 0x00, 0x00, 0x00, 0x00, 0x00, 0x00,
    0x00, 0x00, 0x00, 0x00, 0x00, 0x00, 0x00, 0x00, 0x00, 0x00, 0x00, 0x00,
    0x00, 0x00, 0x00, 0x00, 0x00, 0x00, 0x00, 0x00, 0x00, 0x00, 0x00, 0x00,
    0x00, 0x00, 0x00, 0x00, 0x00, 0x00, 0x00, 0x00, 0x00, 0x00, 0x00, 0x00,
    0x00, 0x00, 0x00, 0x00, 0x00, 0x00, 0x00, 0x00, 0x00, 0x00, 0x00, 0x00,
    0x00, 0x00, 0x00, 0x00, 0x00, 0x00, 0x00, 0x00, 0x00, 0x00, 0x00, 0x00,
    0x00, 0x00, 0x00, 0x00, 0x00, 0x00, 0x00, 0x00, 0x00, 0x00, 0x00, 0x00,
    0x00, 0x00, 0x00, 0x00, 0x00, 0x00, 0x00, 0x00, 0x00, 0x00, 0x00, 0x00,
    0x00, 0x00, 0x00, 0x00, 0x00, 0x00, 0x00, 0x00, 0x00, 0x00, 0x00, 0x00,
    0x00, 0x00, 0x00, 0x00, 0x00, 0x00, 0x00, 0x00, 0x00, 0x00, 0x00, 0x00,
    0x00, 0x00, 0x00, 0x00, 0x00, 0x00, 0x00, 0x00, 0x00, 0x00, 0x00, 0x00,
    0x00, 0x00, 0x00, 0x00, 0x00, 0x00, 0x00, 0x00, 0x00, 0x00, 0x00, 0x00,
    0x00, 0x00, 0x00, 0x00, 0x00, 0x00, 0x00, 0x00, 0x00, 0x00, 0x00, 0x00,
    0x00, 0x00, 0x00, 0x00, 0x00, 0x00, 0x00, 0x00, 0x00, 0x00, 0x00, 0x00,
    0x00, 0x00, 0x00, 0x00, 0x00, 0x00, 0x00, 0x00, 0x00, 0x00, 0x00, 0x00,
    0x00, 0x00, 0x00, 0x00, 0x00, 0x00, 0x00, 0x00, 0x00, 0x00, 0x00, 0x00,
    0x00, 0x00, 0x00, 0x00, 0x00, 0x00, 0x00, 0x00, 0x00, 0x00, 0x00, 0x00,
    0x00, 0x00, 0x00, 0x00, 0x00, 0x00, 0x00, 0x00, 0x00, 0x00, 0x00, 0x00,
    0x00, 0x00, 0x00, 0x00, 0x00, 0x00, 0x00, 0x00, 0x00, 0x00, 0x00, 0x00,
    0x00, 0x00, 0x00, 0x00, 0x00, 0x00, 0x00, 0x00, 0x00, 0x00, 0x00, 0x00,
    0x00, 0x00, 0x00, 0x00, 0x00, 0x00, 0x00, 0x00, 0x00, 0x00, 0x00, 0x00,
    0x00, 0x00, 0x00, 0x00, 0x00, 0x00, 0x00, 0x00, 0x00, 0x00, 0x00, 0x00,
    0x00, 0x00, 0x00, 0x00, 0x00, 0x00, 0x00, 0x00, 0x00, 0x00, 0x00, 0x00,
    0x00, 0x00, 0x00, 0x00, 0x00, 0x00, 0x00, 0x00, 0x00, 0x00, 0x00, 0x00,
    0x00, 0x00, 0x00, 0x00, 0x00, 0x00, 0x00, 0x00, 0x00, 0x00, 0x00, 0x00,
    0x00, 0x00, 0x00, 0x00, 0x00, 0x00, 0x00, 0x00, 0x00, 0x00, 0x00, 0x00,
    0x00, 0x00, 0x00, 0x00, 0x00, 0x00, 0x00, 0x00, 0x00, 0x00, 0x00, 0x00,
    0x00, 0x00, 0x00, 0x00, 0x00, 0x00, 0x00, 0x00, 0x00, 0x00, 0x00, 0x00,
    0x00, 0x00, 0x00, 0x00, 0x00, 0x00, 0x00, 0x00, 0x00, 0x00, 0x00, 0x00,
    0x00, 0x00, 0x00, 0x00, 0x00, 0x00, 0x00, 0x00, 0x00, 0x00, 0x00, 0x00,
    0x00, 0x00, 0x00, 0x00, 0x00, 0x00, 0x00, 0x00, 0x00, 0x00, 0x00, 0x00,
    0x00, 0x00, 0x00, 0x00, 0x00, 0x00, 0x00, 0x00, 0x00, 0x00, 0x00, 0x00,
    0x00, 0x00, 0x00, 0x00, 0x00, 0x00, 0x00, 0x00, 0x00, 0x00, 0x00, 0x00,
    0x00, 0x00, 0x00, 0x00, 0x00, 0x00, 0x00, 0x00, 0x00, 0x00, 0x00, 0x00,
    0x00, 0x00, 0x00, 0x00, 0x00, 0x00, 0x00, 0x00, 0x00, 0x00, 0x00, 0x00,
    0x00, 0x00, 0x00, 0x00, 0x00, 0x00, 0x00, 0x00, 0x00, 0x00, 0x00, 0x00,
    0x00, 0x00, 0x00, 0x00, 0x00, 0x00, 0x00, 0x00, 0x00, 0x00, 0x00, 0x00,
    0x00, 0x00, 0x00, 0x00, 0x00, 0x00, 0x00, 0x00, 0x00, 0x00, 0x00, 0x00,
    0x00, 0x00, 0x00, 0x00, 0x00, 0x00, 0x00, 0x00, 0x00, 0x00, 0x00, 0x00,
    0x00, 0x00, 0x00, 0x00, 0x00, 0x00, 0x00, 0x00, 0x00, 0x00, 0x00, 0x00,
    0x00, 0x00, 0x00, 0x00, 0x00, 0x00, 0x00, 0x00, 0x00, 0x00, 0x00, 0x00,
    0x00, 0x00, 0x00, 0x00, 0x00, 0x00, 0x00, 0x00, 0x00, 0x00, 0x00, 0x00,
    0x00, 0x00, 0x00, 0x00, 0x00, 0x00, 0x00, 0x00, 0x00, 0x00, 0x00, 0x00,
    0x00, 0x00, 0x00, 0x00, 0x00, 0x00, 0x00, 0x00, 0x00, 0x00, 0x00, 0x00,
    0x00, 0x00, 0x00, 0x00, 0x00, 0x00, 0x00, 0x00, 0x00, 0x00, 0x00, 0x00,
    0x00, 0x00, 0x00, 0x00, 0x00, 0x00, 0x00, 0x00, 0x00, 0x00, 0x00, 0x00,
    0x00, 0x00, 0x00, 0x00, 0x00, 0x00, 0x00, 0x00, 0x00, 0x00, 0x00, 0x00,
    0x00, 0x00, 0x00, 0x00, 0x00, 0x00, 0x00, 0x00, 0x00, 0x00, 0x00, 0x00,
    0x00, 0x00, 0x00, 0x00, 0x00, 0x00, 0x00, 0x00, 0x00, 0x00, 0x00, 0x00,
    0x00, 0x00, 0x00, 0x00, 0x00, 0x00, 0x00, 0x00, 0x00, 0x00, 0x00, 0x00,
    0x00, 0x00, 0x00, 0x00, 0x00, 0x00, 0x00, 0x00, 0x00, 0x00, 0x00, 0x00,
    0x00, 0x00, 0x00, 0x00, 0x00, 0x00, 0x00, 0x00, 0x00, 0x00, 0x00, 0x00,
    0x00, 0x00, 0x00, 0x00, 0x00, 0x00, 0x00, 0x00, 0x00, 0x00, 0x00, 0x00,
    0x00, 0x00, 0x00, 0x00, 0x00, 0x00, 0x00, 0x00, 0x00, 0x00, 0x00, 0x00,
    0x00, 0x00, 0x00, 0x00, 0x00, 0x00, 0x00, 0x00, 0x00, 0x00, 0x00, 0x00,
    0x00, 0x00, 0x00, 0x00, 0x00, 0x00, 0x00, 0x00, 0x00, 0x00, 0x00, 0x00,
    0x00, 0x00, 0x00, 0x00, 0x00, 0x00, 0x00, 0x00, 0x00, 0x00, 0x00, 0x00,
    0x00, 0x00, 0x00, 0x00, 0x00, 0x00, 0x00, 0x00, 0x00, 0x00, 0x00, 0x00,
    0x00, 0x00, 0x00, 0x00, 0x00, 0x00, 0x00, 0x00, 0x00, 0x00, 0x00, 0x00,
    0x00, 0x00, 0x00, 0x00, 0x00, 0x00, 0x00, 0x00, 0x00, 0x00, 0x00, 0x00,
    0x00, 0x00, 0x00, 0x00, 0x00, 0x00, 0x00, 0x00, 0x00, 0x00, 0x00, 0x00,
    0x00, 0x00, 0x00, 0x00, 0x00, 0x00, 0x00, 0x00, 0x00, 0x00, 0x00, 0x00,
    0x00, 0x00, 0x00, 0x00, 0x00, 0x00, 0x00, 0x00, 0x00, 0x00, 0x00, 0x00,
    0x00, 0x00, 0x00, 0x00, 0x00, 0x00, 0x00, 0x00, 0x00, 0x00, 0x00, 0x00,
    0x00, 0x00, 0x00, 0x00, 0x00, 0x00, 0x00, 0x00, 0x00, 0x00, 0x00, 0x00,
    0x00, 0x00, 0x00, 0x00, 0x00, 0x00, 0x00, 0x00, 0x00, 0x00, 0x00, 0x00,
    0x00, 0x00, 0x00, 0x00, 0x00, 0x00, 0x00, 0x00, 0x00, 0x00, 0x00, 0x00,
    0x00, 0x00, 0x00, 0x00, 0x00, 0x00, 0x00, 0x00, 0x00, 0x00, 0x00, 0x00,
    0x00, 0x00, 0x00, 0x00, 0x00, 0x00, 0x00, 0x00, 0x00, 0x00, 0x00, 0x00,
    0x00, 0x00, 0x00, 0x00, 0x00, 0x00, 0x00, 0x00, 0x00, 0x00, 0x00, 0x00,
    0x00, 0x00, 0x00, 0x00, 0x00, 0x00, 0x00, 0x00, 0x00, 0x00, 0x00, 0x00,
    0x00, 0x00, 0x00, 0x00, 0x00, 0x00, 0x00, 0x00, 0x00, 0x00, 0x00, 0x00,
    0x00, 0x00, 0x00, 0x00, 0x00, 0x00, 0x00, 0x00, 0x00, 0x00, 0x00, 0x00,
    0x00, 0x00, 0x00, 0x00, 0x00, 0x00, 0x00, 0x00, 0x00, 0x00, 0x00, 0x00,
    0x00, 0x00, 0x00, 0x00, 0x00, 0x00, 0x00, 0x00, 0x00, 0x00, 0x00, 0x00,
    0x00, 0x00, 0x00, 0x00, 0x00, 0x00, 0x00, 0x00, 0x00, 0x00, 0x00, 0x00,
    0x00, 0x00, 0x00, 0x00, 0x00, 0x00, 0x00, 0x00, 0x00, 0x00, 0x00, 0x00,
    0x00, 0x00, 0x00, 0x00, 0x00, 0x00, 0x00, 0x00, 0x00, 0x00, 0x00, 0x00,
    0x00, 0x00, 0x00, 0x00, 0x00, 0x00, 0x00, 0x00, 0x00, 0x00, 0x00, 0x00,
    0x00, 0x00, 0x00, 0x00, 0x00, 0x00, 0x00, 0x00, 0x00, 0x00, 0x00, 0x00,
    0x00, 0x00, 0x00, 0x00, 0x00, 0x00, 0x00, 0x00, 0x00, 0x00, 0x00, 0x00,
    0x00, 0x00, 0x00, 0x00, 0x00, 0x00, 0x00, 0x00, 0x00, 0x00, 0x00, 0x00,
    0x00, 0x00, 0x00, 0x00, 0x00, 0x00, 0x00, 0x00, 0x00, 0x00, 0x00, 0x00,
    0x00, 0x00, 0x00, 0x00, 0x00, 0x00, 0x00, 0x00, 0x00, 0x00, 0x00, 0x00,
    0x00, 0x00, 0x00, 0x00, 0x00, 0x00, 0x00, 0x00, 0x00, 0x00, 0x00, 0x00,
    0x00, 0x00, 0x00, 0x00, 0x00, 0x00, 0x00, 0x00, 0x00, 0x00, 0x00, 0x00,
    0x00, 0x00, 0x00, 0x00, 0x00, 0x00, 0x00, 0x00, 0x00, 0x00, 0x00, 0x00,
    0x00, 0x00, 0x00, 0x00, 0x00, 0x00, 0x00, 0x00, 0x00, 0x00, 0x00, 0x00,
    0x00, 0x00, 0x00, 0x00, 0x00, 0x00, 0x00, 0x00, 0x00, 0x00, 0x00, 0x00,
    0x00, 0x00, 0x00, 0x00, 0x00, 0x00, 0x00, 0x00, 0x00, 0x00, 0x00, 0x00,
    0x00, 0x00, 0x00, 0x00, 0x00, 0x00, 0x00, 0x00, 0x00, 0x00, 0x00, 0x00,
    0x00, 0x00, 0x00, 0x00, 0x00, 0x00, 0x00, 0x00, 0x00, 0x00, 0x00, 0x00,
    0x00, 0x00, 0x00, 0x00, 0x00, 0x00, 0x00, 0x00, 0x00, 0x00, 0x00, 0x00,
    0x00, 0x00, 0x00, 0x00, 0x00, 0x00, 0x00, 0x00, 0x00, 0x00, 0x00, 0x00,
    0x00, 0x00, 0x00, 0x00, 0x00, 0x00, 0x00, 0x00, 0x00, 0x00, 0x00, 0x00,
    0x00, 0x00, 0x00, 0x00, 0x00, 0x00, 0x00, 0x00, 0x00, 0x00, 0x00, 0x00,
    0x00, 0x00, 0x00, 0x00, 0x00, 0x00, 0x00, 0x00, 0x00, 0x00, 0x00, 0x00,
    0x00, 0x00, 0x00, 0x00, 0x00, 0x00, 0x00, 0x00, 0x00, 0x00, 0x00, 0x00,
    0x00, 0x00, 0x00, 0x00, 0x00, 0x00, 0x00, 0x00, 0x00, 0x00, 0x00, 0x00,
    0x00, 0x00, 0x00, 0x00, 0x00, 0x00, 0x00, 0x00, 0x00, 0x00, 0x00, 0x00,
    0x00, 0x00, 0x00, 0x00, 0x00, 0x00, 0x00, 0x00, 0x00, 0x00, 0x00, 0x00,
    0x00, 0x00, 0x00, 0x00, 0x00, 0x00, 0x00, 0x00, 0x00, 0x00, 0x00, 0x00,
    0x00, 0x00, 0x00, 0x00, 0x00, 0x00, 0x00, 0x00, 0x00, 0x00, 0x00, 0x00,
    0x00, 0x00, 0x00, 0x00, 0x00, 0x00, 0x00, 0x00, 0x00, 0x00, 0x00, 0x00,
    0x00, 0x00, 0x00, 0x00, 0x00, 0x00, 0x00, 0x00, 0x00, 0x00, 0x00, 0x00,
    0x00, 0x00, 0x00, 0x00, 0x00, 0x00, 0x00, 0x00, 0x00, 0x00, 0x00, 0x00,
    0x00, 0x00, 0x00, 0x00, 0x00, 0x00, 0x00, 0x00, 0x00, 0x00, 0x00, 0x00,
    0x00, 0x00, 0x00, 0x00, 0x00, 0x00, 0x00, 0x00, 0x00, 0x00, 0x00, 0x00,
    0x00, 0x00, 0x00, 0x00, 0x00, 0x00, 0x00, 0x00, 0x00, 0x00, 0x00, 0x00,
    0x00, 0x00, 0x00, 0x00, 0x00, 0x00, 0x00, 0x00, 0x00, 0x00, 0x00, 0x00,
    0x00, 0x00, 0x00, 0x00, 0x00, 0x00, 0x00, 0x00, 0x00, 0x00, 0x00, 0x00,
    0x00, 0x00, 0x00, 0x00, 0x00, 0x00, 0x00, 0x00, 0x00, 0x00, 0x00, 0x00,
    0x00, 0x00, 0x00, 0x00, 0x00, 0x00, 0x00, 0x00, 0x00, 0x00, 0x00, 0x00,
    0x00, 0x00, 0x00, 0x00, 0x00, 0x00, 0x00, 0x00, 0x00, 0x00, 0x00, 0x00,
    0x00, 0x00, 0x00, 0x00, 0x00, 0x00, 0x00, 0x00, 0x00, 0x00, 0x00, 0x00,
    0x00, 0x00, 0x00, 0x00, 0x00, 0x00, 0x00, 0x00, 0x00, 0x00, 0x00, 0x00,
    0x00, 0x00, 0x00, 0x00, 0x00, 0x00, 0x00, 0x00, 0x00, 0x00, 0x00, 0x00,
    0x00, 0x00, 0x00, 0x00, 0x00, 0x00, 0x00, 0x00, 0x00, 0x00, 0x00, 0x00,
    0x00, 0x00, 0x00, 0x00, 0x00, 0x00, 0x00, 0x00, 0x00, 0x00, 0x00, 0x00,
    0x00, 0x00, 0x00, 0x00, 0x00, 0x00, 0x00, 0x00, 0x00, 0x00, 0x00, 0x00,
    0x00, 0x00, 0x00, 0x00, 0x00, 0x00, 0x00, 0x00, 0x00, 0x00, 0x00, 0x00,
    0x00, 0x00, 0x00, 0x00, 0x00, 0x00, 0x00, 0x00, 0x00, 0x00, 0x00, 0x00,
    0x00, 0x00, 0x00, 0x00, 0x00, 0x00, 0x00, 0x00, 0x00, 0x00, 0x00, 0x00,
    0x00, 0x00, 0x00, 0x00, 0x00, 0x00, 0x00, 0x00, 0x00, 0x00, 0x00, 0x00,
    0x00, 0x00, 0x00, 0x00, 0x00, 0x00, 0x00, 0x00, 0x00, 0x00, 0x00, 0x00,
    0x00, 0x00, 0x00, 0x00, 0x00, 0x00, 0x00, 0x00, 0x00, 0x00, 0x00, 0x00,
    0x00, 0x00, 0x00, 0x00, 0x00, 0x00, 0x00, 0x00, 0x00, 0x00, 0x00, 0x00,
    0x00, 0x00, 0x00, 0x00, 0x00, 0x00, 0x00, 0x00, 0x00, 0x00, 0x00, 0x00,
    0x00, 0x00, 0x00, 0x00, 0x00, 0x00, 0x00, 0x00, 0x00, 0x00, 0x00, 0x00,
    0x00, 0x00, 0x00, 0x00, 0x00, 0x00, 0x00, 0x00, 0x00, 0x00, 0x00, 0x00,
    0x00, 0x00, 0x00, 0x00, 0x00, 0x00, 0x00, 0x00, 0x00, 0x00, 0x00, 0x00,
    0x00, 0x00, 0x00, 0x00, 0x00, 0x00, 0x00, 0x00, 0x00, 0x00, 0x00, 0x00,
    0x00, 0x00, 0x00, 0x00, 0x00, 0x00, 0x00, 0x00, 0x00, 0x00, 0x00, 0x00,
    0x00, 0x00, 0x00, 0x00, 0x00, 0x00, 0x00, 0x00, 0x00, 0x00, 0x00, 0x00,
    0x00, 0x00, 0x00, 0x00, 0x00, 0x00, 0x00, 0x00, 0x00, 0x00, 0x00, 0x00,
    0x00, 0x00, 0x00, 0x00, 0x00, 0x00, 0x00, 0x00, 0x00, 0x00, 0x00, 0x00,
    0x00, 0x00, 0x00, 0x00, 0x00, 0x00, 0x00, 0x00, 0x00, 0x00, 0x00, 0x00,
    0x00, 0x00, 0x00, 0x00, 0x00, 0x00, 0x00, 0x00, 0x00, 0x00, 0x00, 0x00,
    0x00, 0x00, 0x00, 0x00, 0x00, 0x00, 0x00, 0x00, 0x00, 0x00, 0x00, 0x00,
    0x00, 0x00, 0x00, 0x00, 0x00, 0x00, 0x00, 0x00, 0x00, 0x00, 0x00, 0x00,
    0x00, 0x00, 0x00, 0x00, 0x00, 0x00, 0x00, 0x00, 0x00, 0x00, 0x00, 0x00,
    0x00, 0x00, 0x00, 0x00, 0x00, 0x00, 0x00, 0x00, 0x00, 0x00, 0x00, 0x00,
    0x00, 0x00, 0x00, 0x00, 0x00, 0x00, 0x00, 0x00, 0x00, 0x00, 0x00, 0x00,
    0x00, 0x00, 0x00, 0x00, 0x00, 0x00, 0x00, 0x00, 0x00, 0x00, 0x00, 0x00,
    0x00, 0x00, 0x00, 0x00, 0x00, 0x00, 0x00, 0x00, 0x00, 0x00, 0x00, 0x00,
    0x00, 0x00, 0x00, 0x00, 0x00, 0x00, 0x00, 0x00, 0x00, 0x00, 0x00, 0x00,
    0x00, 0x00, 0x00, 0x00, 0x00, 0x00, 0x00, 0x00, 0x00, 0x00, 0x00, 0x00,
    0x00, 0x00, 0x00, 0x00, 0x00, 0x00, 0x00, 0x00, 0x00, 0x00, 0x00, 0x00,
    0x00, 0x00, 0x00, 0x00, 0x00, 0x00, 0x00, 0x00, 0x00, 0x00, 0x00, 0x00,
    0x00, 0x00, 0x00, 0x00, 0x00, 0x00, 0x00, 0x00, 0x00, 0x00, 0x00, 0x00,
    0x00, 0x00, 0x00, 0x00, 0x00, 0x00, 0x00, 0x00, 0x00, 0x00, 0x00, 0x00,
    0x00, 0x00, 0x00, 0x00, 0x00, 0x00, 0x00, 0x00, 0x00, 0x00, 0x00, 0x00,
    0x00, 0x00, 0x00, 0x00, 0x00, 0x00, 0x00, 0x00, 0x00, 0x00, 0x00, 0x00,
    0x00, 0x00, 0x00, 0x00, 0x00, 0x00, 0x00, 0x00, 0x00, 0x00, 0x00, 0x00,
    0x00, 0x00, 0x00, 0x00, 0x00, 0x00, 0x00, 0x00, 0x00, 0x00, 0x00, 0x00,
    0x00, 0x00, 0x00, 0x00, 0x00, 0x00, 0x00, 0x00, 0x00, 0x00, 0x00, 0x00,
    0x00, 0x00, 0x00, 0x00, 0x00, 0x00, 0x00, 0x00, 0x00, 0x00, 0x00, 0x00,
    0x00, 0x00, 0x00, 0x00, 0x00, 0x00, 0x00, 0x00, 0x00, 0x00, 0x00, 0x00,
    0x00, 0x00, 0x00, 0x00, 0x00, 0x00, 0x00, 0x00, 0x00, 0x00, 0x00, 0x00,
    0x00, 0x00, 0x00, 0x00, 0x00, 0x00, 0x00, 0x00, 0x00, 0x00, 0x00, 0x00,
    0x00, 0x00, 0x00, 0x00, 0x00, 0x00, 0x00, 0x00, 0x00, 0x00, 0x00, 0x00,
    0x00, 0x00, 0x00, 0x00, 0x00, 0x00, 0x00, 0x00, 0x00, 0x00, 0x00, 0x00,
    0x00, 0x00, 0x00, 0x00, 0x00, 0x00, 0x00, 0x00, 0x00, 0x00, 0x00, 0x00,
    0x00, 0x00, 0x00, 0x00, 0x00, 0x00, 0x00, 0x00, 0x00, 0x00, 0x00, 0x00,
    0x00, 0x00, 0x00, 0x00, 0x00, 0x00, 0x00, 0x00, 0x00, 0x00, 0x00, 0x00,
    0x00, 0x00, 0x00, 0x00, 0x00, 0x00, 0x00, 0x00, 0x00, 0x00, 0x00, 0x00,
    0x00, 0x00, 0x00, 0x00, 0x00, 0x00, 0x00, 0x00, 0x00, 0x00, 0x00, 0x00,
    0x00, 0x00, 0x00, 0x00, 0x00, 0x00, 0x00, 0x00, 0x00, 0x00, 0x00, 0x00,
    0x00, 0x00, 0x00, 0x00, 0x00, 0x00, 0x00, 0x00, 0x00, 0x00, 0x00, 0x00,
    0x00, 0x00, 0x00, 0x00, 0x00, 0x00, 0x00, 0x00, 0x00, 0x00, 0x00, 0x00,
    0x00, 0x00, 0x00, 0x00, 0x00, 0x00, 0x00, 0x00, 0x00, 0x00, 0x00, 0x00,
    0x00, 0x00, 0x00, 0x00, 0x00, 0x00, 0x00, 0x00, 0x00, 0x00, 0x00, 0x00,
    0x00, 0x00, 0x00, 0x00, 0x00, 0x00, 0x00, 0x00, 0x00, 0x00, 0x00, 0x00,
    0x00, 0x00, 0x00, 0x00, 0x00, 0x00, 0x00, 0x00, 0x00, 0x00, 0x00, 0x00,
    0x00, 0x00, 0x00, 0x00, 0x00, 0x00, 0x00, 0x00, 0x00, 0x00, 0x00, 0x00,
    0x00, 0x00, 0x00, 0x00, 0x00, 0x00, 0x00, 0x00, 0x00, 0x00, 0x00, 0x00,
    0x00, 0x00, 0x00, 0x00, 0x00, 0x00, 0x00, 0x00, 0x00, 0x00, 0x00, 0x00,
    0x00, 0x00, 0x00, 0x00, 0x00, 0x00, 0x00, 0x00, 0x00, 0x00, 0x00, 0x00,
    0x00, 0x00, 0x00, 0x00, 0x00, 0x00, 0x00, 0x00, 0x00, 0x00, 0x00, 0x00,
    0x00, 0x00, 0x00, 0x00, 0x00, 0x00, 0x00, 0x00, 0x00, 0x00, 0x00, 0x00,
    0x00, 0x00, 0x00, 0x00, 0x00, 0x00, 0x00, 0x00, 0x00, 0x00, 0x00, 0x00,
    0x00, 0x00, 0x00, 0x00, 0x00, 0x00, 0x00, 0x00, 0x00, 0x00, 0x00, 0x00,
    0x00, 0x00, 0x00, 0x00, 0x00, 0x00, 0x00, 0x00, 0x00, 0x00, 0x00, 0x00,
    0x00, 0x00, 0x00, 0x00, 0x00, 0x00, 0x00, 0x00, 0x00, 0x00, 0x00, 0x00,
    0x00, 0x00, 0x00, 0x00, 0x00, 0x00, 0x00, 0x00, 0x00, 0x00, 0x00, 0x00,
    0x00, 0x00, 0x00, 0x00, 0x00, 0x00, 0x00, 0x00, 0x00, 0x00, 0x00, 0x00,
    0x00, 0x00, 0x00, 0x00, 0x00, 0x00, 0x00, 0x00, 0x00, 0x00, 0x00, 0x00,
    0x00, 0x00, 0x00, 0x00, 0x00, 0x00, 0x00, 0x00, 0x00, 0x00, 0x00, 0x00,
    0x00, 0x00, 0x00, 0x00, 0x00, 0x00, 0x00, 0x00, 0x00, 0x00, 0x00, 0x00,
    0x00, 0x00, 0x00, 0x00, 0x00, 0x00, 0x00, 0x00, 0x00, 0x00, 0x00, 0x00,
    0x00, 0x00, 0x00, 0x00, 0x00, 0x00, 0x00, 0x00, 0x00, 0x00, 0x00, 0x00,
    0x00, 0x00, 0x00, 0x00, 0x00, 0x00, 0x00, 0x00, 0x00, 0x00, 0x00, 0x00,
    0x00, 0x00, 0x00, 0x00, 0x00, 0x00, 0x00, 0x00, 0x00, 0x00, 0x00, 0x00,
    0x00, 0x00, 0x00, 0x00, 0x00, 0x00, 0x00, 0x00, 0x00, 0x00, 0x00, 0x00,
    0x00, 0x00, 0x00, 0x00, 0x00, 0x00, 0x00, 0x00, 0x00, 0x00, 0x00, 0x00,
    0x00, 0x00, 0x00, 0x00, 0x00, 0x00, 0x00, 0x00, 0x00, 0x00, 0x00, 0x00,
    0x00, 0x00, 0x00, 0x00, 0x00, 0x00, 0x00, 0x00, 0x00, 0x00, 0x00, 0x00,
    0x00, 0x00, 0x00, 0x00, 0x00, 0x00, 0x00, 0x00, 0x00, 0x00, 0x00, 0x00,
    0x00, 0x00, 0x00, 0x00, 0x00, 0x00, 0x00, 0x00, 0x00, 0x00, 0x00, 0x00,
    0x00, 0x00, 0x00, 0x00, 0x00, 0x00, 0x00, 0x00, 0x00, 0x00, 0x00, 0x00,
    0x00, 0x00, 0x00, 0x00, 0x00, 0x00, 0x00, 0x00, 0x00, 0x00, 0x00, 0x00,
    0x00, 0x00, 0x00, 0x00, 0x00, 0x00, 0x00, 0x00, 0x00, 0x00, 0x00, 0x00,
    0x00, 0x00, 0x00, 0x00, 0x00, 0x00, 0x00, 0x00, 0x00, 0x00, 0x00, 0x00,
    0x00, 0x00, 0x00, 0x00, 0x00, 0x00, 0x00, 0x00, 0x00, 0x00, 0x00, 0x00,
    0x00, 0x00, 0x00, 0x00, 0x00, 0x00, 0x00, 0x00, 0x00, 0x00, 0x00, 0x00,
    0x00, 0x00, 0x00, 0x00, 0x00, 0x00, 0x00, 0x00, 0x00, 0x00, 0x00, 0x00,
    0x00, 0x00, 0x00, 0x00, 0x00, 0x00, 0x00, 0x00, 0x00, 0x00, 0x00, 0x00,
    0x00, 0x00, 0x00, 0x00, 0x00, 0x00, 0x00, 0x00, 0x00, 0x00, 0x00, 0x00,
    0x00, 0x00, 0x00, 0x00, 0x00, 0x00, 0x00, 0x00, 0x00, 0x00, 0x00, 0x00,
    0x00, 0x00, 0x00, 0x00, 0x00, 0x00, 0x00, 0x00, 0x00, 0x00, 0x00, 0x00,
    0x00, 0x00, 0x00, 0x00, 0x00, 0x00, 0x00, 0x00, 0x00, 0x00, 0x00, 0x00,
    0x00, 0x00, 0x00, 0x00, 0x00, 0x00, 0x00, 0x00, 0x00, 0x00, 0x00, 0x00,
    0x00, 0x00, 0x00, 0x00, 0x00, 0x00, 0x00, 0x00, 0x00, 0x00, 0x00, 0x00,
    0x00, 0x00, 0x00, 0x00, 0x00, 0x00, 0x00, 0x00, 0x00, 0x00, 0x00, 0x00,
    0x00, 0x00, 0x00, 0x00, 0x00, 0x00, 0x00, 0x00, 0x00, 0x00, 0x00, 0x00,
    0x00, 0x00, 0x00, 0x00, 0x00, 0x00, 0x00, 0x00, 0x00, 0x00, 0x00, 0x00,
    0x00, 0x00, 0x00, 0x00, 0x00, 0x00, 0x00, 0x00, 0x00, 0x00, 0x00, 0x00,
    0x00, 0x00, 0x00, 0x00, 0x00, 0x00, 0x00, 0x00, 0x00, 0x00, 0x00, 0x00,
    0x00, 0x00, 0x00, 0x00, 0x00, 0x00, 0x00, 0x00, 0x00, 0x00, 0x00, 0x00,
    0x00, 0x00, 0x00, 0x00, 0x00, 0x00, 0x00, 0x00, 0x00, 0x00, 0x00, 0x00,
    0x00, 0x00, 0x00, 0x00, 0x00, 0x00, 0x00, 0x00, 0x00, 0x00, 0x00, 0x00,
    0x00, 0x00, 0x00, 0x00, 0x00, 0x00, 0x00, 0x00, 0x00, 0x00, 0x00, 0x00,
    0x00, 0x00, 0x00, 0x00, 0x00, 0x00, 0x00, 0x00, 0x00, 0x00, 0x00, 0x00,
    0x00, 0x00, 0x00, 0x00, 0x00, 0x00, 0x00, 0x00, 0x00, 0x00, 0x00, 0x00,
    0x00, 0x00, 0x00, 0x00, 0x00, 0x00, 0x00, 0x00, 0x00, 0x00, 0x00, 0x00,
    0x00, 0x00, 0x00, 0x00, 0x00, 0x00, 0x00, 0x00, 0x00, 0x00, 0x00, 0x00,
    0x00, 0x00, 0x00, 0x00, 0x00, 0x00, 0x00, 0x00, 0x00, 0x00, 0x00, 0x00,
    0x00, 0x00, 0x00, 0x00, 0x00, 0x00, 0x00, 0x00, 0x00, 0x00, 0x00, 0x00,
    0x00, 0x00, 0x00, 0x00, 0x00, 0x00, 0x00, 0x00, 0x00, 0x00, 0x00, 0x00,
    0x00, 0x00, 0x00, 0x00, 0x00, 0x00, 0x00, 0x00, 0x00, 0x00, 0x00, 0x00,
    0x00, 0x00, 0x00, 0x00, 0x00, 0x00, 0x00, 0x00, 0x00, 0x00, 0x00, 0x00,
    0x00, 0x00, 0x00, 0x00, 0x00, 0x00, 0x00, 0x00, 0x00, 0x00, 0x00, 0x00,
    0x00, 0x00, 0x00, 0x00, 0x00, 0x00, 0x00, 0x00, 0x00, 0x00, 0x00, 0x00,
    0x00, 0x00, 0x00, 0x00, 0x00, 0x00, 0x00, 0x00, 0x00, 0x00, 0x00, 0x00,
    0x00, 0x00, 0x00, 0x00, 0x00, 0x00, 0x00, 0x00, 0x00, 0x00, 0x00, 0x00,
    0x00, 0x00, 0x00, 0x00, 0x00, 0x00, 0x00, 0x00, 0x00, 0x00, 0x00, 0x00,
    0x00, 0x00, 0x00, 0x00, 0x00, 0x00, 0x00, 0x00, 0x00, 0x00, 0x00, 0x00,
    0x00, 0x00, 0x00, 0x00, 0x00, 0x00, 0x00, 0x00, 0x00, 0x00, 0x00, 0x00,
    0x00, 0x00, 0x00, 0x00, 0x00, 0x00, 0x00, 0x00, 0x00, 0x00, 0x00, 0x00,
    0x00, 0x00, 0x00, 0x00, 0x00, 0x00, 0x00, 0x00, 0x00, 0x00, 0x00, 0x00,
    0x00, 0x00, 0x00, 0x00, 0x00, 0x00, 0x00, 0x00, 0x00, 0x00, 0x00, 0x00,
    0x00, 0x00, 0x00, 0x00, 0x00, 0x00, 0x00, 0x00, 0x00, 0x00, 0x00, 0x00,
    0x00, 0x00, 0x00, 0x00, 0x00, 0x00, 0x00, 0x00, 0x00, 0x00, 0x00, 0x00,
    0x00, 0x00, 0x00, 0x00, 0x00, 0x00, 0x00, 0x00, 0x00, 0x00, 0x00, 0x00,
    0x00, 0x00, 0x00, 0x00, 0x00, 0x00, 0x00, 0x00, 0x00, 0x00, 0x00, 0x00,
    0x00, 0x00, 0x00, 0x00, 0x00, 0x00, 0x00, 0x00, 0x00, 0x00, 0x00, 0x00,
    0x00, 0x00, 0x00, 0x00, 0x00, 0x00, 0x00, 0x00, 0x00, 0x00, 0x00, 0x00,
    0x00, 0x00, 0x00, 0x00, 0x00, 0x00, 0x00, 0x00, 0x00, 0x00, 0x00, 0x00,
    0x00, 0x00, 0x00, 0x00, 0x00, 0x00, 0x00, 0x00, 0x00, 0x00, 0x00, 0x00,
    0x00, 0x00, 0x00, 0x00, 0x00, 0x00, 0x00, 0x00, 0x00, 0x00, 0x00, 0x00,
    0x00, 0x00, 0x00, 0x00, 0x00, 0x00, 0x00, 0x00, 0x00, 0x00, 0x00, 0x00,
    0x00, 0x00, 0x00, 0x00, 0x00, 0x00, 0x00, 0x00, 0x00, 0x00, 0x00, 0x00,
    0x00, 0x00, 0x00, 0x00, 0x00, 0x00, 0x00, 0x00, 0x00, 0x00, 0x00, 0x00,
    0x00, 0x00, 0x00, 0x00, 0x00, 0x00, 0x00, 0x00, 0x00, 0x00, 0x00, 0x00,
    0x00, 0x00, 0x00, 0x00, 0x00, 0x00, 0x00, 0x00, 0x00, 0x00, 0x00, 0x00,
    0x00, 0x00, 0x00, 0x00, 0x00, 0x00, 0x00, 0x00, 0x00, 0x00, 0x00, 0x00,
    0x00, 0x00, 0x00, 0x00, 0x00, 0x00, 0x00, 0x00, 0x00, 0x00, 0x00, 0x00,
    0x00, 0x00, 0x00, 0x00, 0x00, 0x00, 0x00, 0x00, 0x00, 0x00, 0x00, 0x00,
    0x00, 0x00, 0x00, 0x00, 0x00, 0x00, 0x00, 0x00, 0x00, 0x00, 0x00, 0x00,
    0x00, 0x00, 0x00, 0x00, 0x00, 0x00, 0x00, 0x00, 0x00, 0x00, 0x00, 0x00,
    0x00, 0x00, 0x00, 0x00, 0x00, 0x00, 0x00, 0x00, 0x00, 0x00, 0x00, 0x00,
    0x00, 0x00, 0x00, 0x00, 0x00, 0x00, 0x00, 0x00, 0x00, 0x00, 0x00, 0x00,
    0x00, 0x00, 0x00, 0x00, 0x00, 0x00, 0x00, 0x00, 0x00, 0x00, 0x00, 0x00,
    0x00, 0x00, 0x00, 0x00, 0x00, 0x00, 0x00, 0x00, 0x00, 0x00, 0x00, 0x00,
    0x00, 0x00, 0x00, 0x00, 0x00, 0x00, 0x00, 0x00, 0x00, 0x00, 0x00, 0x00,
    0x00, 0x00, 0x00, 0x00, 0x00, 0x00, 0x00, 0x00, 0x00, 0x00, 0x00, 0x00,
    0x00, 0x00, 0x00, 0x00, 0x00, 0x00, 0x00, 0x00, 0x00, 0x00, 0x00, 0x00,
    0x00, 0x00, 0x00, 0x00, 0x00, 0x00, 0x00, 0x00, 0x00, 0x00, 0x00, 0x00,
    0x00, 0x00, 0x00, 0x00, 0x00, 0x00, 0x00, 0x00, 0x00, 0x00, 0x00, 0x00,
    0x00, 0x00, 0x00, 0x00, 0x00, 0x00, 0x00, 0x00, 0x00, 0x00, 0x00, 0x00,
    0x00, 0x00, 0x00, 0x00, 0x00, 0x00, 0x00, 0x00, 0x00, 0x00, 0x00, 0x00,
    0x00, 0x00, 0x00, 0x00, 0x00, 0x00, 0x00, 0x00, 0x00, 0x00, 0x00, 0x00,
    0x00, 0x00, 0x00, 0x00, 0x00, 0x00, 0x00, 0x00, 0x00, 0x00, 0x00, 0x00,
    0x00, 0x00, 0x00, 0x00, 0x00, 0x00, 0x00, 0x00, 0x00, 0x00, 0x00, 0x00,
    0x00, 0x00, 0x00, 0x00, 0x00, 0x00, 0x00, 0x00, 0x00, 0x00, 0x00, 0x00,
    0x00, 0x00, 0x00, 0x00, 0x00, 0x00, 0x00, 0x00, 0x00, 0x00, 0x00, 0x00,
    0x00, 0x00, 0x00, 0x00, 0x00, 0x00, 0x00, 0x00, 0x00, 0x00, 0x00, 0x00,
    0x00, 0x00, 0x00, 0x00, 0x00, 0x00, 0x00, 0x00, 0x00, 0x00, 0x00, 0x00,
    0x00, 0x00, 0x00, 0x00, 0x00, 0x00, 0x00, 0x00, 0x00, 0x00, 0x00, 0x00,
    0x00, 0x00, 0x00, 0x00, 0x00, 0x00, 0x00, 0x00, 0x00, 0x00, 0x00, 0x00,
    0x00, 0x00, 0x00, 0x00, 0x00, 0x00, 0x00, 0x00, 0x00, 0x00, 0x00, 0x00,
    0x00, 0x00, 0x00, 0x00, 0x00, 0x00, 0x00, 0x00, 0x00, 0x00, 0x00, 0x00,
    0x00, 0x00, 0x00, 0x00, 0x00, 0x00, 0x00, 0x00, 0x00, 0x00, 0x00, 0x00,
    0x00, 0x00, 0x00, 0x00, 0x00, 0x00, 0x00, 0x00, 0x00, 0x00, 0x00, 0x00,
    0x00, 0x00, 0x00, 0x00, 0x00, 0x00, 0x00, 0x00, 0x00, 0x00, 0x00, 0x00,
    0x00, 0x00, 0x00, 0x00, 0x00, 0x00, 0x00, 0x00, 0x00, 0x00, 0x00, 0x00,
    0x00, 0x00, 0x00, 0x00, 0x00, 0x00, 0x00, 0x00, 0x00, 0x00, 0x00, 0x00,
    0x00, 0x00, 0x00, 0x00, 0x00, 0x00, 0x00, 0x00, 0x00, 0x00, 0x00, 0x00,
    0x00, 0x00, 0x00, 0x00, 0x00, 0x00, 0x00, 0x00, 0x00, 0x00, 0x00, 0x00,
    0x00, 0x00, 0x00, 0x00, 0x00, 0x00, 0x00, 0x00, 0x00, 0x00, 0x00, 0x00,
    0x00, 0x00, 0x00, 0x00, 0x00, 0x00, 0x00, 0x00, 0x00, 0x00, 0x00, 0x00,
    0x00, 0x00, 0x00, 0x00, 0x00, 0x00, 0x00, 0x00, 0x00, 0x00, 0x00, 0x00,
    0x00, 0x00, 0x00, 0x00, 0x00, 0x00, 0x00, 0x00, 0x00, 0x00, 0x00, 0x00,
    0x00, 0x00, 0x00, 0x00, 0x00, 0x00, 0x00, 0x00, 0x00, 0x00, 0x00, 0x00,
    0x00, 0x00, 0x00, 0x00, 0x00, 0x00, 0x00, 0x00, 0x00, 0x00, 0x00, 0x00,
    0x00, 0x00, 0x00, 0x00, 0x00, 0x00, 0x00, 0x00, 0x00, 0x00, 0x00, 0x00,
    0x00, 0x00, 0x00, 0x00, 0x00, 0x00, 0x00, 0x00, 0x00, 0x00, 0x00, 0x00,
    0x00, 0x00, 0x00, 0x00, 0x00, 0x00, 0x00, 0x00, 0x00, 0x00, 0x00, 0x00,
    0x00, 0x00, 0x00, 0x00, 0x00, 0x00, 0x00, 0x00, 0x00, 0x00, 0x00, 0x00,
    0x00, 0x00, 0x00, 0x00, 0x00, 0x00, 0x00, 0x00, 0x00, 0x00, 0x00, 0x00,
    0x00, 0x00, 0x00, 0x00, 0x00, 0x00, 0x00, 0x00, 0x00, 0x00, 0x00, 0x00,
    0x00, 0x00, 0x00, 0x00, 0x00, 0x00, 0x00, 0x00, 0x00, 0x00, 0x00, 0x00,
    0x00, 0x00, 0x00, 0x00, 0x00, 0x00, 0x00, 0x00, 0x00, 0x00, 0x00, 0x00,
    0x00, 0x00, 0x00, 0x00, 0x00, 0x00, 0x00, 0x00, 0x00, 0x00, 0x00, 0x00,
    0x00, 0x00, 0x00, 0x00, 0x00, 0x00, 0x00, 0x00, 0x00, 0x00, 0x00, 0x00,
    0x00, 0x00, 0x00, 0x00, 0x00, 0x00, 0x00, 0x00, 0x00, 0x00, 0x00, 0x00,
    0x00, 0x00, 0x00, 0x00, 0x00, 0x00, 0x00, 0x00, 0x00, 0x00, 0x00, 0x00,
    0x00, 0x00, 0x00, 0x00, 0x00, 0x00, 0x00, 0x00, 0x00, 0x00, 0x00, 0x00,
    0x00, 0x00, 0x00, 0x00, 0x00, 0x00, 0x00, 0x00, 0x00, 0x00, 0x00, 0x00,
    0x00, 0x00, 0x00, 0x00, 0x00, 0x00, 0x00, 0x00, 0x00, 0x00, 0x00, 0x00,
    0x00, 0x00, 0x00, 0x00, 0x00, 0x00, 0x00, 0x00, 0x00, 0x00, 0x00, 0x00,
    0x00, 0x00, 0x00, 0x00, 0x00, 0x00, 0x00, 0x00, 0x00, 0x00, 0x00, 0x00,
    0x00, 0x00, 0x00, 0x00, 0x00, 0x00, 0x00, 0x00, 0x00, 0x00, 0x00, 0x00,
    0x00, 0x00, 0x00, 0x00, 0x00, 0x00, 0x00, 0x00, 0x00, 0x00, 0x00, 0x00,
    0x00, 0x00, 0x00, 0x00, 0x00, 0x00, 0x00, 0x00, 0x00, 0x00, 0x00, 0x00,
    0x00, 0x00, 0x00, 0x00, 0x00, 0x00, 0x00, 0x00, 0x00, 0x00, 0x00, 0x00,
    0x00, 0x00, 0x00, 0x00, 0x00, 0x00, 0x00, 0x00, 0x00, 0x00, 0x00, 0x00,
    0x00, 0x00, 0x00, 0x00, 0x00, 0x00, 0x00, 0x00, 0x00, 0x00, 0x00, 0x00,
    0x00, 0x00, 0x00, 0x00, 0x00, 0x00, 0x00, 0x00, 0x00, 0x00, 0x00, 0x00,
    0x00, 0x00, 0x00, 0x00, 0x00, 0x00, 0x00, 0x00, 0x00, 0x00, 0x00, 0x00,
    0x00, 0x00, 0x00, 0x00, 0x00, 0x00, 0x00, 0x00, 0x00, 0x00, 0x00, 0x00,
    0x00, 0x00, 0x00, 0x00, 0x00, 0x00, 0x00, 0x00, 0x00, 0x00, 0x00, 0x00,
    0x00, 0x00, 0x00, 0x00, 0x00, 0x00, 0x00, 0x00, 0x00, 0x00, 0x00, 0x00,
    0x00, 0x00, 0x00, 0x00, 0x00, 0x00, 0x00, 0x00, 0x00, 0x00, 0x00, 0x00,
    0x00, 0x00, 0x00, 0x00, 0x00, 0x00, 0x00, 0x00, 0x00, 0x00, 0x00, 0x00,
    0x00, 0x00, 0x00, 0x00, 0x00, 0x00, 0x00, 0x00, 0x00, 0x00, 0x00, 0x00,
    0x00, 0x00, 0x00, 0x00, 0x00, 0x00, 0x00, 0x00, 0x00, 0x00, 0x00, 0x00,
    0x00, 0x00, 0x00, 0x00, 0x00, 0x00, 0x00, 0x00, 0x00, 0x00, 0x00, 0x00,
    0x00, 0x00, 0x00, 0x00, 0x00, 0x00, 0x00, 0x00, 0x00, 0x00, 0x00, 0x00,
    0x00, 0x00, 0x00, 0x00, 0x00, 0x00, 0x00, 0x00, 0x00, 0x00, 0x00, 0x00,
    0x00, 0x00, 0x00, 0x00, 0x00, 0x00, 0x00, 0x00, 0x00, 0x00, 0x00, 0x00,
    0x00, 0x00, 0x00, 0x00, 0x00, 0x00, 0x00, 0x00, 0x00, 0x00, 0x00, 0x00,
    0x00, 0x00, 0x00, 0x00, 0x00, 0x00, 0x00, 0x00, 0x00, 0x00, 0x00, 0x00,
    0x00, 0x00, 0x00, 0x00, 0x00, 0x00, 0x00, 0x00, 0x00, 0x00, 0x00, 0x00,
    0x00, 0x00, 0x00, 0x00, 0x00, 0x00, 0x00, 0x00, 0x00, 0x00, 0x00, 0x00,
    0x00, 0x00, 0x00, 0x00, 0x00, 0x00, 0x00, 0x00, 0x00, 0x00, 0x00, 0x00,
    0x00, 0x00, 0x00, 0x00, 0x00, 0x00, 0x00, 0x00, 0x00, 0x00, 0x00, 0x00,
    0x00, 0x00, 0x00, 0x00, 0x00, 0x00, 0x00, 0x00, 0x00, 0x00, 0x00, 0x00,
    0x00, 0x00, 0x00, 0x00, 0x00, 0x00, 0x00, 0x00, 0x00, 0x00, 0x00, 0x00,
    0x00, 0x00, 0x00, 0x00, 0x00, 0x00, 0x00, 0x00, 0x00, 0x00, 0x00, 0x00,
    0x00, 0x00, 0x00, 0x00, 0x00, 0x00, 0x00, 0x00, 0x00, 0x00, 0x00, 0x00,
    0x00, 0x00, 0x00, 0x00, 0x00, 0x00, 0x00, 0x00, 0x00, 0x00, 0x00, 0x00,
    0x00, 0x00, 0x00, 0x00, 0x00, 0x00, 0x00, 0x00, 0x00, 0x00, 0x00, 0x00,
    0x00, 0x00, 0x00, 0x00, 0x00, 0x00, 0x00, 0x00, 0x00, 0x00, 0x00, 0x00,
    0x00, 0x00, 0x00, 0x00, 0x00, 0x00, 0x00, 0x00, 0x00, 0x00, 0x00, 0x00,
    0x00, 0x00, 0x00, 0x00, 0x00, 0x00, 0x00, 0x00, 0x00, 0x00, 0x00, 0x00,
    0x00, 0x00, 0x00, 0x00, 0x00, 0x00, 0x00, 0x00, 0x00, 0x00, 0x00, 0x00,
    0x00, 0x00, 0x00, 0x00, 0x00, 0x00, 0x00, 0x00, 0x00, 0x00, 0x00, 0x00,
    0x00, 0x00, 0x00, 0x00, 0x00, 0x00, 0x00, 0x00, 0x00, 0x00, 0x00, 0x00,
    0x00, 0x00, 0x00, 0x00, 0x00, 0x00, 0x00, 0x00, 0x00, 0x00, 0x00, 0x00,
    0x00, 0x00, 0x00, 0x00, 0x00, 0x00, 0x00, 0x00, 0x00, 0x00, 0x00, 0x00,
    0x00, 0x00, 0x00, 0x00, 0x00, 0x00, 0x00, 0x00, 0x00, 0x00, 0x00, 0x00,
    0x00, 0x00, 0x00, 0x00, 0x00, 0x00, 0x00, 0x00, 0x00, 0x00, 0x00, 0x00,
    0x00, 0x00, 0x00, 0x00, 0x00, 0x00, 0x00, 0x00, 0x00, 0x00, 0x00, 0x00,
    0x00, 0x00, 0x00, 0x00, 0x00, 0x00, 0x00, 0x00, 0x00, 0x00, 0x00, 0x00,
    0x00, 0x00, 0x00, 0x00, 0x00, 0x00, 0x00, 0x00, 0x00, 0x00, 0x00, 0x00,
    0x00, 0x00, 0x00, 0x00, 0x00, 0x00, 0x00, 0x00, 0x00, 0x00, 0x00, 0x00,
    0x00, 0x00, 0x00, 0x00, 0x00, 0x00, 0x00, 0x00, 0x00, 0x00, 0x00, 0x00,
    0x00, 0x00, 0x00, 0x00, 0x00, 0x00, 0x00, 0x00, 0x00, 0x00, 0x00, 0x00,
    0x00, 0x00, 0x00, 0x00, 0x00, 0x00, 0x00, 0x00, 0x00, 0x00, 0x00, 0x00,
    0x00, 0x00, 0x00, 0x00, 0x00, 0x00, 0x00, 0x00, 0x00, 0x00, 0x00, 0x00,
    0x00, 0x00, 0x00, 0x00, 0x00, 0x00, 0x00, 0x00, 0x00, 0x00, 0x00, 0x00,
    0x00, 0x00, 0x00, 0x00, 0x00, 0x00, 0x00, 0x00, 0x00, 0x00, 0x00, 0x00,
    0x00, 0x00, 0x00, 0x00, 0x00, 0x00, 0x00, 0x00, 0x00, 0x00, 0x00, 0x00,
    0x00, 0x00, 0x00, 0x00, 0x00, 0x00, 0x00, 0x00, 0x00, 0x00, 0x00, 0x00,
    0x00, 0x00, 0x00, 0x00, 0x00, 0x00, 0x00, 0x00, 0x00, 0x00, 0x00, 0x00,
    0x00, 0x00, 0x00, 0x00, 0x00, 0x00, 0x00, 0x00, 0x00, 0x00, 0x00, 0x00,
    0x00, 0x00, 0x00, 0x00, 0x00, 0x00, 0x00, 0x00, 0x00, 0x00, 0x00, 0x00,
    0x00, 0x00, 0x00, 0x00, 0x00, 0x00, 0x00, 0x00, 0x00, 0x00, 0x00, 0x00,
    0x00, 0x00, 0x00, 0x00, 0x00, 0x00, 0x00, 0x00, 0x00, 0x00, 0x00, 0x00,
    0x00, 0x00, 0x00, 0x00, 0x00, 0x00, 0x00, 0x00, 0x00, 0x00, 0x00, 0x00,
    0x00, 0x00, 0x00, 0x00, 0x00, 0x00, 0x00, 0x00, 0x00, 0x00, 0x00, 0x00,
    0x00, 0x00, 0x00, 0x00, 0x00, 0x00, 0x00, 0x00, 0x00, 0x00, 0x00, 0x00,
    0x00, 0x00, 0x00, 0x00, 0x00, 0x00, 0x00, 0x00, 0x00, 0x00, 0x00, 0x00,
    0x00, 0x00, 0x00, 0x00, 0x00, 0x00, 0x00, 0x00, 0x00, 0x00, 0x00, 0x00,
    0x00, 0x00, 0x00, 0x00, 0x00, 0x00, 0x00, 0x00, 0x00, 0x00, 0x00, 0x00,
    0x00, 0x00, 0x00, 0x00, 0x00, 0x00, 0x00, 0x00, 0x00, 0x00, 0x00, 0x00,
    0x00, 0x00, 0x00, 0x00, 0x00, 0x00, 0x00, 0x00, 0x00, 0x00, 0x00, 0x00,
    0x00, 0x00, 0x00, 0x00, 0x00, 0x00, 0x00, 0x00, 0x00, 0x00, 0x00, 0x00,
    0x00, 0x00, 0x00, 0x00, 0x00, 0x00, 0x00, 0x00, 0x00, 0x00, 0x00, 0x00,
    0x00, 0x00, 0x00, 0x00, 0x00, 0x00, 0x00, 0x00, 0x00, 0x00, 0x00, 0x00,
    0x00, 0x00, 0x00, 0x00, 0x00, 0x00, 0x00, 0x00, 0x00, 0x00, 0x00, 0x00,
    0x00, 0x00, 0x00, 0x00, 0x00, 0x00, 0x00, 0x00, 0x00, 0x00, 0x00, 0x00,
    0x00, 0x00, 0x00, 0x00, 0x00, 0x00, 0x00, 0x00, 0x00, 0x00, 0x00, 0x00,
    0x00, 0x00, 0x00, 0x00, 0x00, 0x00, 0x00, 0x00, 0x00, 0x00, 0x00, 0x00,
    0x00, 0x00, 0x00, 0x00, 0x00, 0x00, 0x00, 0x00, 0x00, 0x00, 0x00, 0x00,
    0x00, 0x00, 0x00, 0x00, 0x00, 0x00, 0x00, 0x00, 0x00, 0x00, 0x00, 0x00,
    0x00, 0x00, 0x00, 0x00, 0x00, 0x00, 0x00, 0x00, 0x00, 0x00, 0x00, 0x00,
    0x00, 0x00, 0x00, 0x00, 0x00, 0x00, 0x00, 0x00, 0x00, 0x00, 0x00, 0x00,
    0x00, 0x00, 0x00, 0x00, 0x00, 0x00, 0x00, 0x00, 0x00, 0x00, 0x00, 0x00,
    0x00, 0x00, 0x00, 0x00, 0x00, 0x00, 0x00, 0x00, 0x00, 0x00, 0x00, 0x00,
    0x00, 0x00, 0x00, 0x00, 0x00, 0x00, 0x00, 0x00, 0x00, 0x00, 0x00, 0x00,
    0x00, 0x00, 0x00, 0x00, 0x00, 0x00, 0x00, 0x00, 0x00, 0x00, 0x00, 0x00,
    0x00, 0x00, 0x00, 0x00, 0x00, 0x00, 0x00, 0x00, 0x00, 0x00, 0x00, 0x00,
    0x00, 0x00, 0x00, 0x00, 0x00, 0x00, 0x00, 0x00, 0x00, 0x00, 0x00, 0x00,
    0x00, 0x00, 0x00, 0x00, 0x00, 0x00, 0x00, 0x00, 0x00, 0x00, 0x00, 0x00,
    0x00, 0x00, 0x00, 0x00, 0x00, 0x00, 0x00, 0x00, 0x00, 0x00, 0x00, 0x00,
    0x00, 0x00, 0x00, 0x00, 0x00, 0x00, 0x00, 0x00, 0x00, 0x00, 0x00, 0x00,
    0x00, 0x00, 0x00, 0x00, 0x00, 0x00, 0x00, 0x00, 0x00, 0x00, 0x00, 0x00,
    0x00, 0x00, 0x00, 0x00, 0x00, 0x00, 0x00, 0x00, 0x00, 0x00, 0x00, 0x00,
    0x00, 0x00, 0x00, 0x00, 0x00, 0x00, 0x00, 0x00, 0x00, 0x00, 0x00, 0x00,
    0x00, 0x00, 0x00, 0x00, 0x00, 0x00, 0x00, 0x00, 0x00, 0x00, 0x00, 0x00,
    0x00, 0x00, 0x00, 0x00, 0x00, 0x00, 0x00, 0x00, 0x00, 0x00, 0x00, 0x00,
    0x00, 0x00, 0x00, 0x00, 0x00, 0x00, 0x00, 0x00, 0x00, 0x00, 0x00, 0x00,
    0x00, 0x00, 0x00, 0x00, 0x00, 0x00, 0x00, 0x00, 0x00, 0x00, 0x00, 0x00,
    0x00, 0x00, 0x00, 0x00, 0x00, 0x00, 0x00, 0x00, 0x00, 0x00, 0x00, 0x00,
    0x00, 0x00, 0x00, 0x00, 0x00, 0x00, 0x00, 0x00, 0x00, 0x00, 0x00, 0x00,
    0x00, 0x00, 0x00, 0x00, 0x00, 0x00, 0x00, 0x00, 0x00, 0x00, 0x00, 0x00,
    0x00, 0x00, 0x00, 0x00, 0x00, 0x00, 0x00, 0x00, 0x00, 0x00, 0x00, 0x00,
    0x00, 0x00, 0x00, 0x00, 0x00, 0x00, 0x00, 0x00, 0x00, 0x00, 0x00, 0x00,
    0x00, 0x00, 0x00, 0x00, 0x00, 0x00, 0x00, 0x00, 0x00, 0x00, 0x00, 0x00,
    0x00, 0x00, 0x00, 0x00, 0x00, 0x00, 0x00, 0x00, 0x00, 0x00, 0x00, 0x00,
    0x00, 0x00, 0x00, 0x00, 0x00, 0x00, 0x00, 0x00, 0x00, 0x00, 0x00, 0x00,
    0x00, 0x00, 0x00, 0x00, 0x00, 0x00, 0x00, 0x00, 0x00, 0x00, 0x00, 0x00,
    0x00, 0x00, 0x00, 0x00, 0x00, 0x00, 0x00, 0x00, 0x00, 0x00, 0x00, 0x00,
    0x00, 0x00, 0x00, 0x00, 0x00, 0x00, 0x00, 0x00, 0x00, 0x00, 0x00, 0x00,
    0x00, 0x00, 0x00, 0x00, 0x00, 0x00, 0x00, 0x00, 0x00, 0x00, 0x00, 0x00,
    0x00, 0x00, 0x00, 0x00, 0x00, 0x00, 0x00, 0x00, 0x00, 0x00, 0x00, 0x00,
    0x00, 0x00, 0x00, 0x00, 0x00, 0x00, 0x00, 0x00, 0x00, 0x00, 0x00, 0x00,
    0x00, 0x00, 0x00, 0x00, 0x00, 0x00, 0x00, 0x00, 0x00, 0x00, 0x00, 0x00,
    0x00, 0x00, 0x00, 0x00, 0x00, 0x00, 0x00, 0x00, 0x00, 0x00, 0x00, 0x00,
    0x00, 0x00, 0x00, 0x00, 0x00, 0x00, 0x00, 0x00, 0x00, 0x00, 0x00, 0x00,
    0x00, 0x00, 0x00, 0x00, 0x00, 0x00, 0x00, 0x00, 0x00, 0x00, 0x00, 0x00,
    0x00, 0x00, 0x00, 0x00, 0x00, 0x00, 0x00, 0x00, 0x00, 0x00, 0x00, 0x00,
    0x00, 0x00, 0x00, 0x00, 0x00, 0x00, 0x00, 0x00, 0x00, 0x00, 0x00, 0x00,
    0x00, 0x00, 0x00, 0x00, 0x00, 0x00, 0x00, 0x00, 0x00, 0x00, 0x00, 0x00,
    0x00, 0x00, 0x00, 0x00, 0x00, 0x00, 0x00, 0x00, 0x00, 0x00, 0x00, 0x00,
    0x00, 0x00, 0x00, 0x00, 0x00, 0x00, 0x00, 0x00, 0x00, 0x00, 0x00, 0x00,
    0x00, 0x00, 0x00, 0x00, 0x00, 0x00, 0x00, 0x00, 0x00, 0x00, 0x00, 0x00,
    0x00, 0x00, 0x00, 0x00, 0x00, 0x00, 0x00, 0x00, 0x00, 0x00, 0x00, 0x00,
    0x00, 0x00, 0x00, 0x00, 0x00, 0x00, 0x00, 0x00, 0x00, 0x00, 0x00, 0x00,
    0x00, 0x00, 0x00, 0x00, 0x00, 0x00, 0x00, 0x00, 0x00, 0x00, 0x00, 0x00,
    0x00, 0x00, 0x00, 0x00, 0x00, 0x00, 0x00, 0x00, 0x00, 0x00, 0x00, 0x00,
    0x00, 0x00, 0x00, 0x00, 0x00, 0x00, 0x00, 0x00, 0x00, 0x00, 0x00, 0x00,
    0x00, 0x00, 0x00, 0x00, 0x00, 0x00, 0x00, 0x00, 0x00, 0x00, 0x00, 0x00,
    0x00, 0x00, 0x00, 0x00, 0x00, 0x00, 0x00, 0x00, 0x00, 0x00, 0x00, 0x00,
    0x00, 0x00, 0x00, 0x00, 0x00, 0x00, 0x00, 0x00, 0x00, 0x00, 0x00, 0x00,
    0x00, 0x00, 0x00, 0x00, 0x00, 0x00, 0x00, 0x00, 0x00, 0x00, 0x00, 0x00,
    0x00, 0x00, 0x00, 0x00, 0x00, 0x00, 0x00, 0x00, 0x00, 0x00, 0x00, 0x00,
    0x00, 0x00, 0x00, 0x00, 0x00, 0x00, 0x00, 0x00, 0x00, 0x00, 0x00, 0x00,
    0x00, 0x00, 0x00, 0x00, 0x00, 0x00, 0x00, 0x00, 0x00, 0x00, 0x00, 0x00,
    0x00, 0x00, 0x00, 0x00, 0x00, 0x00, 0x00, 0x00, 0x00, 0x00, 0x00, 0x00,
    0x00, 0x00, 0x00, 0x00, 0x00, 0x00, 0x00, 0x00, 0x00, 0x00, 0x00, 0x00,
    0x00, 0x00, 0x00, 0x00, 0x00, 0x00, 0x00, 0x00, 0x00, 0x00, 0x00, 0x00,
    0x00, 0x00, 0x00, 0x00, 0x00, 0x00, 0x00, 0x00, 0x00, 0x00, 0x00, 0x00,
    0x00, 0x00, 0x00, 0x00, 0x00, 0x00, 0x00, 0x00, 0x00, 0x00, 0x00, 0x00,
    0x00, 0x00, 0x00, 0x00, 0x00, 0x00, 0x00, 0x00, 0x00, 0x00, 0x00, 0x00,
    0x00, 0x00, 0x00, 0x00, 0x00, 0x00, 0x00, 0x00, 0x00, 0x00, 0x00, 0x00,
    0x00, 0x00, 0x00, 0x00, 0x00, 0x00, 0x00, 0x00, 0x00, 0x00, 0x00, 0x00,
    0x00, 0x00, 0x00, 0x00, 0x00, 0x00, 0x00, 0x00, 0x00, 0x00, 0x00, 0x00,
    0x00, 0x00, 0x00, 0x00, 0x00, 0x00, 0x00, 0x00, 0x00, 0x00, 0x00, 0x00,
    0x00, 0x00, 0x00, 0x00, 0x00, 0x00, 0x00, 0x00, 0x00, 0x00, 0x00, 0x00,
    0x00, 0x00, 0x00, 0x00, 0x00, 0x00, 0x00, 0x00, 0x00, 0x00, 0x00, 0x00,
    0x00, 0x00, 0x00, 0x00, 0x00, 0x00, 0x00, 0x00, 0x00, 0x00, 0x00, 0x00,
    0x00, 0x00, 0x00, 0x00, 0x00, 0x00, 0x00, 0x00, 0x00, 0x00, 0x00, 0x00,
    0x00, 0x00, 0x00, 0x00, 0x00, 0x00, 0x00, 0x00, 0x00, 0x00, 0x00, 0x00,
    0x00, 0x00, 0x00, 0x00, 0x00, 0x00, 0x00, 0x00, 0x00, 0x00, 0x00, 0x00,
    0x00, 0x00, 0x00, 0x00, 0x00, 0x00, 0x00, 0x00, 0x00, 0x00, 0x00, 0x00,
    0x00, 0x00, 0x00, 0x00, 0x00, 0x00, 0x00, 0x00, 0x00, 0x00, 0x00, 0x00,
    0x00, 0x00, 0x00, 0x00, 0x00, 0x00, 0x00, 0x00, 0x00, 0x00, 0x00, 0x00,
    0x00, 0x00, 0x00, 0x00, 0x00, 0x00, 0x00, 0x00, 0x00, 0x00, 0x00, 0x00,
    0x00, 0x00, 0x00, 0x00, 0x00, 0x00, 0x00, 0x00, 0x00, 0x00, 0x00, 0x00,
    0x00, 0x00, 0x00, 0x00, 0x00, 0x00, 0x00, 0x00, 0x00, 0x00, 0x00, 0x00,
    0x00, 0x00, 0x00, 0x00, 0x00, 0x00, 0x00, 0x00, 0x00, 0x00, 0x00, 0x00,
    0x00, 0x00, 0x00, 0x00, 0x00, 0x00, 0x00, 0x00, 0x00, 0x00, 0x00, 0x00,
    0x00, 0x00, 0x00, 0x00, 0x00, 0x00, 0x00, 0x00, 0x00, 0x00, 0x00, 0x00,
    0x00, 0x00, 0x00, 0x00, 0x00, 0x00, 0x00, 0x00, 0x00, 0x00, 0x00, 0x00,
    0x00, 0x00, 0x00, 0x00, 0x00, 0x00, 0x00, 0x00, 0x00, 0x00, 0x00, 0x00,
    0x00, 0x00, 0x00, 0x00, 0x00, 0x00, 0x00, 0x00, 0x00, 0x00, 0x00, 0x00,
    0x00, 0x00, 0x00, 0x00, 0x00, 0x00, 0x00, 0x00, 0x00, 0x00, 0x00, 0x00,
    0x00, 0x00, 0x00, 0x00, 0x00, 0x00, 0x00, 0x00, 0x00, 0x00, 0x00, 0x00,
    0x00, 0x00, 0x00, 0x00, 0x00, 0x00, 0x00, 0x00, 0x00, 0x00, 0x00, 0x00,
    0x00, 0x00, 0x00, 0x00, 0x00, 0x00, 0x00, 0x00, 0x00, 0x00, 0x00, 0x00,
    0x00, 0x00, 0x00, 0x00, 0x00, 0x00, 0x00, 0x00, 0x00, 0x00, 0x00, 0x00,
    0x00, 0x00, 0x00, 0x00, 0x00, 0x00, 0x00, 0x00, 0x00, 0x00, 0x00, 0x00,
    0x00, 0x00, 0x00, 0x00, 0x00, 0x00, 0x00, 0x00, 0x00, 0x00, 0x00, 0x00,
    0x00, 0x00, 0x00, 0x00, 0x00, 0x00, 0x00, 0x00, 0x00, 0x00, 0x00, 0x00,
    0x00, 0x00, 0x00, 0x00, 0x00, 0x00, 0x00, 0x00, 0x00, 0x00, 0x00, 0x00,
    0x00, 0x00, 0x00, 0x00, 0x00, 0x00, 0x00, 0x00, 0x00, 0x00, 0x00, 0x00,
    0x00, 0x00, 0x00, 0x00, 0x00, 0x00, 0x00, 0x00, 0x00, 0x00, 0x00, 0x00,
    0x00, 0x00, 0x00, 0x00, 0x00, 0x00, 0x00, 0x00, 0x00, 0x00, 0x00, 0x00,
    0x00, 0x00, 0x00, 0x00, 0x00, 0x00, 0x00, 0x00, 0x00, 0x00, 0x00, 0x00,
    0x00, 0x00, 0x00, 0x00, 0x00, 0x00, 0x00, 0x00, 0x00, 0x00, 0x00, 0x00,
    0x00, 0x00, 0x00, 0x00, 0x00, 0x00, 0x00, 0x00, 0x00, 0x00, 0x00, 0x00,
    0x00, 0x00, 0x00, 0x00, 0x00, 0x00, 0x00, 0x00, 0x00, 0x00, 0x00, 0x00,
    0x00, 0x00, 0x00, 0x00, 0x00, 0x00, 0x00, 0x00, 0x00, 0x00, 0x00, 0x00,
    0x00, 0x00, 0x00, 0x00, 0x00, 0x00, 0x00, 0x00, 0x00, 0x00, 0x00, 0x00,
    0x00, 0x00, 0x00, 0x00, 0x00, 0x00, 0x00, 0x00, 0x00, 0x00, 0x00, 0x00,
    0x00, 0x00, 0x00, 0x00, 0x00, 0x00, 0x00, 0x00, 0x00, 0x00, 0x00, 0x00,
    0x00, 0x00, 0x00, 0x00, 0x00, 0x00, 0x00, 0x00, 0x00, 0x00, 0x00, 0x00,
    0x00, 0x00, 0x00, 0x00, 0x00, 0x00, 0x00, 0x00, 0x00, 0x00, 0x00, 0x00,
    0x00, 0x00, 0x00, 0x00, 0x00, 0x00, 0x00, 0x00, 0x00, 0x00, 0x00, 0x00,
    0x00, 0x00, 0x00, 0x00, 0x00, 0x00, 0x00, 0x00, 0x00, 0x00, 0x00, 0x00,
    0x00, 0x00, 0x00, 0x00, 0x00, 0x00, 0x00, 0x00, 0x00, 0x00, 0x00, 0x00,
    0x00, 0x00, 0x00, 0x00, 0x00, 0x00, 0x00, 0x00, 0x00, 0x00, 0x00, 0x00,
    0x00, 0x00, 0x00, 0x00, 0x00, 0x00, 0x00, 0x00, 0x00, 0x00, 0x00, 0x00,
    0x00, 0x00, 0x00, 0x00, 0x00, 0x00, 0x00, 0x00, 0x00, 0x00, 0x00, 0x00,
    0x00, 0x00, 0x00, 0x00, 0x00, 0x00, 0x00, 0x00, 0x00, 0x00, 0x00, 0x00,
    0x00, 0x00, 0x00, 0x00, 0x00, 0x00, 0x00, 0x00, 0x00, 0x00, 0x00, 0x00,
    0x00, 0x00, 0x00, 0x00, 0x00, 0x00, 0x00, 0x00, 0x00, 0x00, 0x00, 0x00,
    0x00, 0x00, 0x00, 0x00, 0x00, 0x00, 0x00, 0x00, 0x00, 0x00, 0x00, 0x00,
    0x00, 0x00, 0x00, 0x00, 0x00, 0x00, 0x00, 0x00, 0x00, 0x00, 0x00, 0x00,
    0x00, 0x00, 0x00, 0x00, 0x00, 0x00, 0x00, 0x00, 0x00, 0x00, 0x00, 0x00,
    0x00, 0x00, 0x00, 0x00, 0x00, 0x00, 0x00, 0x00, 0x00, 0x00, 0x00, 0x00,
    0x00, 0x00, 0x00, 0x00, 0x00, 0x00, 0x00, 0x00, 0x00, 0x00, 0x00, 0x00,
    0x00, 0x00, 0x00, 0x00, 0x00, 0x00, 0x00, 0x00, 0x00, 0x00, 0x00, 0x00,
    0x00, 0x00, 0x00, 0x00, 0x00, 0x00, 0x00, 0x00, 0x00, 0x00, 0x00, 0x00,
    0x00, 0x00, 0x00, 0x00, 0x00, 0x00, 0x00, 0x00, 0x00, 0x00, 0x00, 0x00,
    0x00, 0x00, 0x00, 0x00, 0x00, 0x00, 0x00, 0x00, 0x00, 0x00, 0x00, 0x00,
    0x00, 0x00, 0x00, 0x00, 0x00, 0x00, 0x00, 0x00, 0x00, 0x00, 0x00, 0x00,
    0x00, 0x00, 0x00, 0x00, 0x00, 0x00, 0x00, 0x00, 0x00, 0x00, 0x00, 0x00,
    0x00, 0x00, 0x00, 0x00, 0x00, 0x00, 0x00, 0x00, 0x00, 0x00, 0x00, 0x00,
    0x00, 0x00, 0x00, 0x00, 0x00, 0x00, 0x00, 0x00, 0x00, 0x00, 0x00, 0x00,
    0x00, 0x00, 0x00, 0x00, 0x00, 0x00, 0x00, 0x00, 0x00, 0x00, 0x00, 0x00,
    0x00, 0x00, 0x00, 0x00, 0x00, 0x00, 0x00, 0x00, 0x00, 0x00, 0x00, 0x00,
    0x00, 0x00, 0x00, 0x00, 0x00, 0x00, 0x00, 0x00, 0x00, 0x00, 0x00, 0x00,
    0x00, 0x00, 0x00, 0x00, 0x00, 0x00, 0x00, 0x00, 0x00, 0x00, 0x00, 0x00,
    0x00, 0x00, 0x00, 0x00, 0x00, 0x00, 0x00, 0x00, 0x00, 0x00, 0x00, 0x00,
    0x00, 0x00, 0x00, 0x00, 0x00, 0x00, 0x00, 0x00, 0x00, 0x00, 0x00, 0x00,
    0x00, 0x00, 0x00, 0x00, 0x00, 0x00, 0x00, 0x00, 0x00, 0x00, 0x00, 0x00,
    0x00, 0x00, 0x00, 0x00, 0x00, 0x00, 0x00, 0x00, 0x00, 0x00, 0x00, 0x00,
    0x00, 0x00, 0x00, 0x00, 0x00, 0x00, 0x00, 0x00, 0x00, 0x00, 0x00, 0x00,
    0x00, 0x00, 0x00, 0x00, 0x00, 0x00, 0x00, 0x00, 0x00, 0x00, 0x00, 0x00,
    0x00, 0x00, 0x00, 0x00, 0x00, 0x00, 0x00, 0x00, 0x00, 0x00, 0x00, 0x00,
    0x00, 0x00, 0x00, 0x00, 0x00, 0x00, 0x00, 0x00, 0x00, 0x00, 0x00, 0x00,
    0x00, 0x00, 0x00, 0x00, 0x00, 0x00, 0x00, 0x00, 0x00, 0x00, 0x00, 0x00,
    0x00, 0x00, 0x00, 0x00, 0x00, 0x00, 0x00, 0x00, 0x00, 0x00, 0x00, 0x00,
    0x00, 0x00, 0x00, 0x00, 0x00, 0x00, 0x00, 0x00, 0x00, 0x00, 0x00, 0x00,
    0x00, 0x00, 0x00, 0x00, 0x00, 0x00, 0x00, 0x00, 0x00, 0x00, 0x00, 0x00,
    0x00, 0x00, 0x00, 0x00, 0x00, 0x00, 0x00, 0x00, 0x00, 0x00, 0x00, 0x00,
    0x00, 0x00, 0x00, 0x00, 0x00, 0x00, 0x00, 0x00, 0x00, 0x00, 0x00, 0x00,
    0x00, 0x00, 0x00, 0x00, 0x00, 0x00, 0x00, 0x00, 0x00, 0x00, 0x00, 0x00,
    0x00, 0x00, 0x00, 0x00, 0x00, 0x00, 0x00, 0x00, 0x00, 0x00, 0x00, 0x00,
    0x00, 0x00, 0x00, 0x00, 0x00, 0x00, 0x00, 0x00, 0x00, 0x00, 0x00, 0x00,
    0x00, 0x00, 0x00, 0x00, 0x00, 0x00, 0x00, 0x00, 0x00, 0x00, 0x00, 0x00,
    0x00, 0x00, 0x00, 0x00, 0x00, 0x00, 0x00, 0x00, 0x00, 0x00, 0x00, 0x00,
    0x00, 0x00, 0x00, 0x00, 0x00, 0x00, 0x00, 0x00, 0x00, 0x00, 0x00, 0x00,
    0x00, 0x00, 0x00, 0x00, 0x00, 0x00, 0x00, 0x00, 0x00, 0x00, 0x00, 0x00,
    0x00, 0x00, 0x00, 0x00, 0x00, 0x00, 0x00, 0x00, 0x00, 0x00, 0x00, 0x00,
    0x00, 0x00, 0x00, 0x00, 0x00, 0x00, 0x00, 0x00, 0x00, 0x00, 0x00, 0x00,
    0x00, 0x00, 0x00, 0x00, 0x00, 0x00, 0x00, 0x00, 0x00, 0x00, 0x00, 0x00,
    0x00, 0x00, 0x00, 0x00, 0x00, 0x00, 0x00, 0x00, 0x00, 0x00, 0x00, 0x00,
    0x00, 0x00, 0x00, 0x00, 0x00, 0x00, 0x00, 0x00, 0x00, 0x00, 0x00, 0x00,
    0x00, 0x00, 0x00, 0x00, 0x00, 0x00, 0x00, 0x00, 0x00, 0x00, 0x00, 0x00,
    0x00, 0x00, 0x00, 0x00, 0x00, 0x00, 0x00, 0x00, 0x00, 0x00, 0x00, 0x00,
    0x00, 0x00, 0x00, 0x00, 0x00, 0x00, 0x00, 0x00, 0x00, 0x00, 0x00, 0x00,
    0x00, 0x00, 0x00, 0x00, 0x00, 0x00, 0x00, 0x00, 0x00, 0x00, 0x00, 0x00,
    0x00, 0x00, 0x00, 0x00, 0x00, 0x00, 0x00, 0x00, 0x00, 0x00, 0x00, 0x00,
    0x00, 0x00, 0x00, 0x00, 0x00, 0x00, 0x00, 0x00, 0x00, 0x00, 0x00, 0x00,
    0x00, 0x00, 0x00, 0x00, 0x00, 0x00, 0x00, 0x00, 0x00, 0x00, 0x00, 0x00,
    0x00, 0x00, 0x00, 0x00, 0x00, 0x00, 0x00, 0x00, 0x00, 0x00, 0x00, 0x00,
    0x00, 0x00, 0x00, 0x00, 0x00, 0x00, 0x00, 0x00, 0x00, 0x00, 0x00, 0x00,
    0x00, 0x00, 0x00, 0x00, 0x00, 0x00, 0x00, 0x00, 0x00, 0x00, 0x00, 0x00,
    0x00, 0x00, 0x00, 0x00, 0x00, 0x00, 0x00, 0x00, 0x00, 0x00, 0x00, 0x00,
    0x00, 0x00, 0x00, 0x00, 0x00, 0x00, 0x00, 0x00, 0x00, 0x00, 0x00, 0x00,
    0x00, 0x00, 0x00, 0x00, 0x00, 0x00, 0x00, 0x00, 0x00, 0x00, 0x00, 0x00,
    0x00, 0x00, 0x00, 0x00, 0x00, 0x00, 0x00, 0x00, 0x00, 0x00, 0x00, 0x00,
    0x00, 0x00, 0x00, 0x00, 0x00, 0x00, 0x00, 0x00, 0x00, 0x00, 0x00, 0x00,
    0x00, 0x00, 0x00, 0x00, 0x00, 0x00, 0x00, 0x00, 0x00, 0x00, 0x00, 0x00,
    0x00, 0x00, 0x00, 0x00, 0x00, 0x00, 0x00, 0x00, 0x00, 0x00, 0x00, 0x00,
    0x00, 0x00, 0x00, 0x00, 0x00, 0x00, 0x00, 0x00, 0x00, 0x00, 0x00, 0x00,
    0x00, 0x00, 0x00, 0x00, 0x00, 0x00, 0x00, 0x00, 0x00, 0x00, 0x00, 0x00,
    0x00, 0x00, 0x00, 0x00, 0x00, 0x00, 0x00, 0x00, 0x00, 0x00, 0x00, 0x00,
    0x00, 0x00, 0x00, 0x00, 0x00, 0x00, 0x00, 0x00, 0x00, 0x00, 0x00, 0x00,
    0x00, 0x00, 0x00, 0x00, 0x00, 0x00, 0x00, 0x00, 0x00, 0x00, 0x00, 0x00,
    0x00, 0x00, 0x00, 0x00, 0x00, 0x00, 0x00, 0x00, 0x00, 0x00, 0x00, 0x00,
    0x00, 0x00, 0x00, 0x00, 0x00, 0x00, 0x00, 0x00, 0x00, 0x00, 0x00, 0x00,
    0x00, 0x00, 0x00, 0x00, 0x00, 0x00, 0x00, 0x00, 0x00, 0x00, 0x00, 0x00,
    0x00, 0x00, 0x00, 0x00, 0x00, 0x00, 0x00, 0x00, 0x00, 0x00, 0x00, 0x00,
    0x00, 0x00, 0x00, 0x00, 0x00, 0x00, 0x00, 0x00, 0x00, 0x00, 0x00, 0x00,
    0x00, 0x00, 0x00, 0x00, 0x00, 0x00, 0x00, 0x00, 0x00, 0x00, 0x00, 0x00,
    0x00, 0x00, 0x00, 0x00, 0x00, 0x00, 0x00, 0x00, 0x00, 0x00, 0x00, 0x00,
    0x00, 0x00, 0x00, 0x00, 0x00, 0x00, 0x00, 0x00, 0x00, 0x00, 0x00, 0x00,
    0x00, 0x00, 0x00, 0x00, 0x00, 0x00, 0x00, 0x00, 0x00, 0x00, 0x00, 0x00,
    0x00, 0x00, 0x00, 0x00, 0x00, 0x00, 0x00, 0x00, 0x00, 0x00, 0x00, 0x00,
    0x00, 0x00, 0x00, 0x00, 0x00, 0x00, 0x00, 0x00, 0x00, 0x00, 0x00, 0x00,
    0x00, 0x00, 0x00, 0x00, 0x00, 0x00, 0x00, 0x00, 0x00, 0x00, 0x00, 0x00,
    0x00, 0x00, 0x00, 0x00, 0x00, 0x00, 0x00, 0x00, 0x00, 0x00, 0x00, 0x00,
    0x00, 0x00, 0x00, 0x00, 0x00, 0x00, 0x00, 0x00, 0x00, 0x00, 0x00, 0x00,
    0x00, 0x00, 0x00, 0x00, 0x00, 0x00, 0x00, 0x00, 0x00, 0x00, 0x00, 0x00,
    0x00, 0x00, 0x00, 0x00, 0x00, 0x00, 0x00, 0x00, 0x00, 0x00, 0x00, 0x00,
    0x00, 0x00, 0x00, 0x00, 0x00, 0x00, 0x00, 0x00, 0x00, 0x00, 0x00, 0x00,
    0x00, 0x00, 0x00, 0x00, 0x00, 0x00, 0x00, 0x00, 0x00, 0x00, 0x00, 0x00,
    0x00, 0x00, 0x00, 0x00, 0x00, 0x00, 0x00, 0x00, 0x00, 0x00, 0x00, 0x00,
    0x00, 0x00, 0x00, 0x00, 0x00, 0x00, 0x00, 0x00, 0x00, 0x00, 0x00, 0x00,
    0x00, 0x00, 0x00, 0x00, 0x00, 0x00, 0x00, 0x00, 0x00, 0x00, 0x00, 0x00,
    0x00, 0x00, 0x00, 0x00, 0x00, 0x00, 0x00, 0x00, 0x00, 0x00, 0x00, 0x00,
    0x00, 0x00, 0x00, 0x00, 0x00, 0x00, 0x00, 0x00, 0x00, 0x00, 0x00, 0x00,
    0x00, 0x00, 0x00, 0x00, 0x00, 0x00, 0x00, 0x00, 0x00, 0x00, 0x00, 0x00,
    0x00, 0x00, 0x00, 0x00, 0x00, 0x00, 0x00, 0x00, 0x00, 0x00, 0x00, 0x00,
    0x00, 0x00, 0x00, 0x00, 0x00, 0x00, 0x00, 0x00, 0x00, 0x00, 0x00, 0x00,
    0x00, 0x00, 0x00, 0x00, 0x00, 0x00, 0x00, 0x00, 0x00, 0x00, 0x00, 0x00,
    0x00, 0x00, 0x00, 0x00, 0x00, 0x00, 0x00, 0x00, 0x00, 0x00, 0x00, 0x00,
    0x00, 0x00, 0x00, 0x00, 0x00, 0x00, 0x00, 0x00, 0x00, 0x00, 0x00, 0x00,
    0x00, 0x00, 0x00, 0x00, 0x00, 0x00, 0x00, 0x00, 0x00, 0x00, 0x00, 0x00,
    0x00, 0x00, 0x00, 0x00, 0x00, 0x00, 0x00, 0x00, 0x00, 0x00, 0x00, 0x00,
    0x00, 0x00, 0x00, 0x00, 0x00, 0x00, 0x00, 0x00, 0x00, 0x00, 0x00, 0x00,
    0x00, 0x00, 0x00, 0x00, 0x00, 0x00, 0x00, 0x00, 0x00, 0x00, 0x00, 0x00,
    0x00, 0x00, 0x00, 0x00, 0x00, 0x00, 0x00, 0x00, 0x00, 0x00, 0x00, 0x00,
    0x00, 0x00, 0x00, 0x00, 0x00, 0x00, 0x00, 0x00, 0x00, 0x00, 0x00, 0x00,
    0x00, 0x00, 0x00, 0x00, 0x00, 0x00, 0x00, 0x00, 0x00, 0x00, 0x00, 0x00,
    0x00, 0x00, 0x00, 0x00, 0x00, 0x00, 0x00, 0x00, 0x00, 0x00, 0x00, 0x00,
    0x00, 0x00, 0x00, 0x00, 0x00, 0x00, 0x00, 0x00, 0x00, 0x00, 0x00, 0x00,
    0x00, 0x00, 0x00, 0x00, 0x00, 0x00, 0x00, 0x00, 0x00, 0x00, 0x00, 0x00,
    0x00, 0x00, 0x00, 0x00, 0x00, 0x00, 0x00, 0x00, 0x00, 0x00, 0x00, 0x00,
    0x00, 0x00, 0x00, 0x00, 0x00, 0x00, 0x00, 0x00, 0x00, 0x00, 0x00, 0x00,
    0x00, 0x00, 0x00, 0x00, 0x00, 0x00, 0x00, 0x00, 0x00, 0x00, 0x00, 0x00,
    0x00, 0x00, 0x00, 0x00, 0x00, 0x00, 0x00, 0x00, 0x00, 0x00, 0x00, 0x00,
    0x00, 0x00, 0x00, 0x00, 0x00, 0x00, 0x00, 0x00, 0x00, 0x00, 0x00, 0x00,
    0x00, 0x00, 0x00, 0x00, 0x00, 0x00, 0x00, 0x00, 0x00, 0x00, 0x00, 0x00,
    0x00, 0x00, 0x00, 0x00, 0x00, 0x00, 0x00, 0x00, 0x00, 0x00, 0x00, 0x00,
    0x00, 0x00, 0x00, 0x00, 0x00, 0x00, 0x00, 0x00, 0x00, 0x00, 0x00, 0x00,
    0x00, 0x00, 0x00, 0x00, 0x00, 0x00, 0x00, 0x00, 0x00, 0x00, 0x00, 0x00,
    0x00, 0x00, 0x00, 0x00, 0x00, 0x00, 0x00, 0x00, 0x00, 0x00, 0x00, 0x00,
    0x00, 0x00, 0x00, 0x00, 0x00, 0x00, 0x00, 0x00, 0x00, 0x00, 0x00, 0x00,
    0x00, 0x00, 0x00, 0x00, 0x00, 0x00, 0x00, 0x00, 0x00, 0x00, 0x00, 0x00,
    0x00, 0x00, 0x00, 0x00, 0x00, 0x00, 0x00, 0x00, 0x00, 0x00, 0x00, 0x00,
    0x00, 0x00, 0x00, 0x00, 0x00, 0x00, 0x00, 0x00, 0x00, 0x00, 0x00, 0x00,
    0x00, 0x00, 0x00, 0x00, 0x00, 0x00, 0x00, 0x00, 0x00, 0x00, 0x00, 0x00,
    0x00, 0x00, 0x00, 0x00, 0x00, 0x00, 0x00, 0x00, 0x00, 0x00, 0x00, 0x00,
    0x00, 0x00, 0x00, 0x00, 0x00, 0x00, 0x00, 0x00, 0x00, 0x00, 0x00, 0x00,
    0x00, 0x00, 0x00, 0x00, 0x00, 0x00, 0x00, 0x00, 0x00, 0x00, 0x00, 0x00,
    0x00, 0x00, 0x00, 0x00, 0x00, 0x00, 0x00, 0x00, 0x00, 0x00, 0x00, 0x00,
    0x00, 0x00, 0x00, 0x00, 0x00, 0x00, 0x00, 0x00, 0x00, 0x00, 0x00, 0x00,
    0x00, 0x00, 0x00, 0x00, 0x00, 0x00, 0x00, 0x00, 0x00, 0x00, 0x00, 0x00,
    0x00, 0x00, 0x00, 0x00, 0x00, 0x00, 0x00, 0x00, 0x00, 0x00, 0x00, 0x00,
    0x00, 0x00, 0x00, 0x00, 0x00, 0x00, 0x00, 0x00, 0x00, 0x00, 0x00, 0x00,
    0x00, 0x00, 0x00, 0x00, 0x00, 0x00, 0x00, 0x00, 0x00, 0x00, 0x00, 0x00,
    0x00, 0x00, 0x00, 0x00, 0x00, 0x00, 0x00, 0x00, 0x00, 0x00, 0x00, 0x00,
    0x00, 0x00, 0x00, 0x00, 0x00, 0x00, 0x00, 0x00, 0x00, 0x00, 0x00, 0x00,
    0x00, 0x00, 0x00, 0x00, 0x00, 0x00, 0x00, 0x00, 0x00, 0x00, 0x00, 0x00,
    0x00, 0x00, 0x00, 0x00, 0x00, 0x00, 0x00, 0x00, 0x00, 0x00, 0x00, 0x00,
    0x00, 0x00, 0x00, 0x00, 0x00, 0x00, 0x00, 0x00, 0x00, 0x00, 0x00, 0x00,
    0x00, 0x00, 0x00, 0x00, 0x00, 0x00, 0x00, 0x00, 0x00, 0x00, 0x00, 0x00,
    0x00, 0x00, 0x00, 0x00, 0x00, 0x00, 0x00, 0x00, 0x00, 0x00, 0x00, 0x00,
    0x00, 0x00, 0x00, 0x00, 0x00, 0x00, 0x00, 0x00, 0x00, 0x00, 0x00, 0x00,
    0x00, 0x00, 0x00, 0x00, 0x00, 0x00, 0x00, 0x00, 0x00, 0x00, 0x00, 0x00,
    0x00, 0x00, 0x00, 0x00, 0x00, 0x00, 0x00, 0x00, 0x00, 0x00, 0x00, 0x00,
    0x00, 0x00, 0x00, 0x00, 0x00, 0x00, 0x00, 0x00, 0x00, 0x00, 0x00, 0x00,
    0x00, 0x00, 0x00, 0x00, 0x00, 0x00, 0x00, 0x00, 0x00, 0x00, 0x00, 0x00,
    0x00, 0x00, 0x00, 0x00, 0x00, 0x00, 0x00, 0x00, 0x00, 0x00, 0x00, 0x00,
    0x00, 0x00, 0x00, 0x00, 0x00, 0x00, 0x00, 0x00, 0x00, 0x00, 0x00, 0x00,
    0x00, 0x00, 0x00, 0x00, 0x00, 0x00, 0x00, 0x00, 0x00, 0x00, 0x00, 0x00,
    0x00, 0x00, 0x00, 0x00, 0x00, 0x00, 0x00, 0x00, 0x00, 0x00, 0x00, 0x00,
    0x00, 0x00, 0x00, 0x00, 0x00, 0x00, 0x00, 0x00, 0x00, 0x00, 0x00, 0x00,
    0x00, 0x00, 0x00, 0x00, 0x00, 0x00, 0x00, 0x00, 0x00, 0x00, 0x00, 0x00,
    0x00, 0x00, 0x00, 0x00, 0x00, 0x00, 0x00, 0x00, 0x00, 0x00, 0x00, 0x00,
    0x00, 0x00, 0x00, 0x00, 0x00, 0x00, 0x00, 0x00, 0x00, 0x00, 0x00, 0x00,
    0x00, 0x00, 0x00, 0x00, 0x00, 0x00, 0x00, 0x00, 0x00, 0x00, 0x00, 0x00,
    0x00, 0x00, 0x00, 0x00, 0x00, 0x00, 0x00, 0x00, 0x00, 0x00, 0x00, 0x00,
    0x00, 0x00, 0x00, 0x00, 0x00, 0x00, 0x00, 0x00, 0x00, 0x00, 0x00, 0x00,
    0x00, 0x00, 0x00, 0x00, 0x00, 0x00, 0x00, 0x00, 0x00, 0x00, 0x00, 0x00,
    0x00, 0x00, 0x00, 0x00, 0x00, 0x00, 0x00, 0x00, 0x00, 0x00, 0x00, 0x00,
    0x00, 0x00, 0x00, 0x00, 0x00, 0x00, 0x00, 0x00, 0x00, 0x00, 0x00, 0x00,
    0x00, 0x00, 0x00, 0x00, 0x00, 0x00, 0x00, 0x00, 0x00, 0x00, 0x00, 0x00,
    0x00, 0x00, 0x00, 0x00, 0x00, 0x00, 0x00, 0x00, 0x00, 0x00, 0x00, 0x00,
    0x00, 0x00, 0x00, 0x00, 0x00, 0x00, 0x00, 0x00, 0x00, 0x00, 0x00, 0x00,
    0x00, 0x00, 0x00, 0x00, 0x00, 0x00, 0x00, 0x00, 0x00, 0x00, 0x00, 0x00,
    0x00, 0x00, 0x00, 0x00,
};

const u8 gSramErrorTilemap[1280] = {
    0x00, 0x00, 0x00, 0x00, 0x00, 0x00, 0x00, 0x00, 0x00, 0x00, 0x00, 0x00,
    0x00, 0x00, 0x00, 0x00, 0x00, 0x00, 0x00, 0x00, 0x00, 0x00, 0x00, 0x00,
    0x00, 0x00, 0x00, 0x00, 0x00, 0x00, 0x00, 0x00, 0x00, 0x00, 0x00, 0x00,
    0x00, 0x00, 0x00, 0x00, 0x00, 0x00, 0x00, 0x00, 0x00, 0x00, 0x00, 0x00,
    0x00, 0x00, 0x00, 0x00, 0x00, 0x00, 0x00, 0x00, 0x00, 0x00, 0x00, 0x00,
    0x00, 0x00, 0x00, 0x00, 0x00, 0x00, 0x00, 0x00, 0x00, 0x00, 0x00, 0x00,
    0x00, 0x00, 0x00, 0x00, 0x00, 0x00, 0x00, 0x00, 0x00, 0x00, 0x00, 0x00,
    0x00, 0x00, 0x00, 0x00, 0x00, 0x00, 0x00, 0x00, 0x00, 0x00, 0x00, 0x00,
    0x00, 0x00, 0x00, 0x00, 0x00, 0x00, 0x00, 0x00, 0x00, 0x00, 0x00, 0x00,
    0x00, 0x00, 0x00, 0x00, 0x00, 0x00, 0x00, 0x00, 0x00, 0x00, 0x00, 0x00,
    0x00, 0x00, 0x00, 0x00, 0x00, 0x00, 0x00, 0x00, 0x00, 0x00, 0x00, 0x00,
    0x00, 0x00, 0x00, 0x00, 0x00, 0x00, 0x00, 0x00, 0x00, 0x00, 0x00, 0x00,
    0x00, 0x00, 0x00, 0x00, 0x00, 0x00, 0x00, 0x00, 0x00, 0x00, 0x00, 0x00,
    0x00, 0x00, 0x00, 0x00, 0x00, 0x00, 0x00, 0x00, 0x00, 0x00, 0x00, 0x00,
    0x00, 0x00, 0x00, 0x00, 0x00, 0x00, 0x00, 0x00, 0x00, 0x00, 0x00, 0x00,
    0x00, 0x00, 0x00, 0x00, 0x00, 0x00, 0x00, 0x00, 0x00, 0x00, 0x00, 0x00,
    0x00, 0x00, 0x00, 0x00, 0x00, 0x00, 0x00, 0x00, 0x00, 0x00, 0x00, 0x00,
    0x00, 0x00, 0x00, 0x00, 0x00, 0x00, 0x00, 0x00, 0x00, 0x00, 0x00, 0x00,
    0x00, 0x00, 0x00, 0x00, 0x00, 0x00, 0x00, 0x00, 0x00, 0x00, 0x00, 0x00,
    0x00, 0x00, 0x00, 0x00, 0x00, 0x00, 0x00, 0x00, 0x00, 0x00, 0x00, 0x00,
    0x00, 0x00, 0x00, 0x00, 0x00, 0x00, 0x00, 0x00, 0x00, 0x00, 0x00, 0x00,
    0x00, 0x00, 0x00, 0x00, 0x00, 0x00, 0x00, 0x00, 0x00, 0x00, 0x00, 0x00,
    0x00, 0x00, 0x00, 0x00, 0x00, 0x00, 0x00, 0x00, 0x00, 0x00, 0x00, 0x00,
    0x00, 0x00, 0x00, 0x00, 0x00, 0x00, 0x00, 0x00, 0x00, 0x00, 0x00, 0x00,
    0x00, 0x00, 0x00, 0x00, 0x00, 0x00, 0x00, 0x00, 0x00, 0x00, 0x00, 0x00,
    0x00, 0x00, 0x00, 0x00, 0x00, 0x00, 0x00, 0x00, 0x00, 0x00, 0x00, 0x00,
    0x00, 0x00, 0x00, 0x00, 0x00, 0x00, 0x00, 0x00, 0x00, 0x00, 0x00, 0x00,
    0x00, 0x00, 0x00, 0x00, 0x00, 0x00, 0x00, 0x00, 0x00, 0x00, 0x00, 0x00,
    0x00, 0x00, 0x00, 0x00, 0x00, 0x00, 0x00, 0x00, 0x00, 0x00, 0x00, 0x00,
    0x00, 0x00, 0x00, 0x00, 0x00, 0x00, 0x00, 0x00, 0x00, 0x00, 0x00, 0x00,
    0x00, 0x00, 0x00, 0x00, 0x00, 0x00, 0x00, 0x00, 0x00, 0x00, 0x00, 0x00,
    0x00, 0x00, 0x00, 0x00, 0x00, 0x00, 0x00, 0x00, 0x00, 0x00, 0x00, 0x00,
    0x00, 0x00, 0x00, 0x00, 0x00, 0x00, 0x00, 0x00, 0x00, 0x00, 0x00, 0x00,
    0x00, 0x00, 0x00, 0x00, 0x00, 0x00, 0x00, 0x00, 0x00, 0x00, 0x00, 0x00,
    0x00, 0x00, 0x00, 0x00, 0x00, 0x00, 0x00, 0x00, 0x00, 0x00, 0x00, 0x00,
    0x00, 0x00, 0x00, 0x00, 0x00, 0x00, 0x00, 0x00, 0x00, 0x00, 0x00, 0x00,
    0x00, 0x00, 0x00, 0x00, 0x00, 0x00, 0x00, 0x00, 0x00, 0x00, 0x00, 0x00,
    0x00, 0x00, 0x00, 0x00, 0x00, 0x00, 0x00, 0x00, 0x00, 0x00, 0x00, 0x00,
    0x00, 0x00, 0x01, 0x00, 0x02, 0x00, 0x03, 0x00, 0x04, 0x00, 0x05, 0x00,
    0x06, 0x00, 0x07, 0x00, 0x08, 0x00, 0x09, 0x00, 0x0A, 0x00, 0x0B, 0x00,
    0x0C, 0x00, 0x0D, 0x00, 0x0E, 0x00, 0x0F, 0x00, 0x10, 0x00, 0x11, 0x00,
    0x12, 0x00, 0x13, 0x00, 0x14, 0x00, 0x15, 0x00, 0x00, 0x00, 0x00, 0x00,
    0x00, 0x00, 0x00, 0x00, 0x00, 0x00, 0x00, 0x00, 0x00, 0x00, 0x00, 0x00,
    0x00, 0x00, 0x00, 0x00, 0x16, 0x00, 0x17, 0x00, 0x18, 0x00, 0x19, 0x00,
    0x1A, 0x00, 0x1B, 0x00, 0x1C, 0x00, 0x1D, 0x00, 0x1E, 0x00, 0x1F, 0x00,
    0x20, 0x00, 0x21, 0x00, 0x22, 0x00, 0x23, 0x00, 0x24, 0x00, 0x25, 0x00,
    0x26, 0x00, 0x27, 0x00, 0x28, 0x00, 0x29, 0x00, 0x2A, 0x00, 0x00, 0x00,
    0x00, 0x00, 0x00, 0x00, 0x00, 0x00, 0x00, 0x00, 0x00, 0x00, 0x00, 0x00,
    0x00, 0x00, 0x00, 0x00, 0x00, 0x00, 0x00, 0x00, 0x2B, 0x00, 0x2C, 0x00,
    0x2D, 0x00, 0x2E, 0x00, 0x2F, 0x00, 0x30, 0x00, 0x31, 0x00, 0x32, 0x00,
    0x33, 0x00, 0x34, 0x00, 0x35, 0x00, 0x36, 0x00, 0x37, 0x00, 0x38, 0x00,
    0x39, 0x00, 0x3A, 0x00, 0x3B, 0x00, 0x3C, 0x00, 0x3D, 0x00, 0x3E, 0x00,
    0x3F, 0x00, 0x00, 0x00, 0x00, 0x00, 0x00, 0x00, 0x00, 0x00, 0x00, 0x00,
    0x00, 0x00, 0x00, 0x00, 0x00, 0x00, 0x00, 0x00, 0x00, 0x00, 0x00, 0x00,
    0x00, 0x00, 0x40, 0x00, 0x41, 0x00, 0x42, 0x00, 0x43, 0x00, 0x44, 0x00,
    0x45, 0x00, 0x46, 0x00, 0x47, 0x00, 0x48, 0x00, 0x49, 0x00, 0x4A, 0x00,
    0x4B, 0x00, 0x4C, 0x00, 0x4D, 0x00, 0x4E, 0x00, 0x4F, 0x00, 0x50, 0x00,
    0x51, 0x00, 0x52, 0x00, 0x00, 0x00, 0x00, 0x00, 0x00, 0x00, 0x00, 0x00,
    0x00, 0x00, 0x00, 0x00, 0x00, 0x00, 0x00, 0x00, 0x00, 0x00, 0x00, 0x00,
    0x00, 0x00, 0x00, 0x00, 0x00, 0x00, 0x53, 0x00, 0x54, 0x00, 0x55, 0x00,
    0x56, 0x00, 0x57, 0x00, 0x00, 0x00, 0x00, 0x00, 0x58, 0x00, 0x59, 0x00,
    0x00, 0x00, 0x5A, 0x00, 0x5B, 0x00, 0x5C, 0x00, 0x00, 0x00, 0x5D, 0x00,
    0x5E, 0x00, 0x00, 0x00, 0x5F, 0x00, 0x60, 0x00, 0x61, 0x00, 0x00, 0x00,
    0x00, 0x00, 0x00, 0x00, 0x00, 0x00, 0x00, 0x00, 0x00, 0x00, 0x00, 0x00,
    0x00, 0x00, 0x00, 0x00, 0x00, 0x00, 0x00, 0x00, 0x00, 0x00, 0x62, 0x00,
    0x00, 0x00, 0x00, 0x00, 0x63, 0x00, 0x64, 0x00, 0x65, 0x00, 0x66, 0x00,
    0x67, 0x00, 0x68, 0x00, 0x69, 0x00, 0x00, 0x00, 0x6A, 0x00, 0x00, 0x00,
    0x00, 0x00, 0x6B, 0x00, 0x6C, 0x00, 0x00, 0x00, 0x6D, 0x00, 0x6E, 0x00,
    0x6F, 0x00, 0x00, 0x00, 0x00, 0x00, 0x00, 0x00, 0x00, 0x00, 0x00, 0x00,
    0x00, 0x00, 0x00, 0x00, 0x00, 0x00, 0x00, 0x00, 0x00, 0x00, 0x00, 0x00,
    0x00, 0x00, 0x00, 0x00, 0x00, 0x00, 0x00, 0x00, 0x00, 0x00, 0x00, 0x00,
    0x00, 0x00, 0x00, 0x00, 0x00, 0x00, 0x00, 0x00, 0x00, 0x00, 0x00, 0x00,
    0x00, 0x00, 0x00, 0x00, 0x00, 0x00, 0x00, 0x00, 0x00, 0x00, 0x00, 0x00,
    0x00, 0x00, 0x00, 0x00, 0x00, 0x00, 0x00, 0x00, 0x00, 0x00, 0x00, 0x00,
    0x00, 0x00, 0x00, 0x00, 0x00, 0x00, 0x00, 0x00, 0x00, 0x00, 0x00, 0x00,
    0x00, 0x00, 0x00, 0x00, 0x00, 0x00, 0x00, 0x00, 0x00, 0x00, 0x00, 0x00,
    0x00, 0x00, 0x00, 0x00, 0x00, 0x00, 0x00, 0x00, 0x00, 0x00, 0x00, 0x00,
    0x00, 0x00, 0x00, 0x00, 0x00, 0x00, 0x00, 0x00, 0x00, 0x00, 0x00, 0x00,
    0x00, 0x00, 0x00, 0x00, 0x00, 0x00, 0x00, 0x00, 0x00, 0x00, 0x00, 0x00,
    0x00, 0x00, 0x00, 0x00, 0x00, 0x00, 0x00, 0x00, 0x00, 0x00, 0x00, 0x00,
    0x00, 0x00, 0x00, 0x00, 0x00, 0x00, 0x00, 0x00, 0x00, 0x00, 0x00, 0x00,
    0x00, 0x00, 0x00, 0x00, 0x00, 0x00, 0x00, 0x00, 0x00, 0x00, 0x00, 0x00,
    0x00, 0x00, 0x00, 0x00, 0x00, 0x00, 0x00, 0x00, 0x00, 0x00, 0x00, 0x00,
    0x00, 0x00, 0x00, 0x00, 0x00, 0x00, 0x00, 0x00, 0x00, 0x00, 0x00, 0x00,
    0x00, 0x00, 0x00, 0x00, 0x00, 0x00, 0x00, 0x00, 0x00, 0x00, 0x00, 0x00,
    0x00, 0x00, 0x00, 0x00, 0x00, 0x00, 0x00, 0x00, 0x00, 0x00, 0x00, 0x00,
    0x00, 0x00, 0x00, 0x00, 0x00, 0x00, 0x00, 0x00, 0x00, 0x00, 0x00, 0x00,
    0x00, 0x00, 0x00, 0x00, 0x00, 0x00, 0x00, 0x00, 0x00, 0x00, 0x00, 0x00,
    0x00, 0x00, 0x00, 0x00, 0x00, 0x00, 0x00, 0x00, 0x00, 0x00, 0x00, 0x00,
    0x00, 0x00, 0x00, 0x00, 0x00, 0x00, 0x00, 0x00, 0x00, 0x00, 0x00, 0x00,
    0x00, 0x00, 0x00, 0x00, 0x00, 0x00, 0x00, 0x00, 0x00, 0x00, 0x00, 0x00,
    0x00, 0x00, 0x00, 0x00, 0x00, 0x00, 0x00, 0x00, 0x00, 0x00, 0x00, 0x00,
    0x00, 0x00, 0x00, 0x00, 0x00, 0x00, 0x00, 0x00, 0x00, 0x00, 0x00, 0x00,
    0x00, 0x00, 0x00, 0x00, 0x00, 0x00, 0x00, 0x00, 0x00, 0x00, 0x00, 0x00,
    0x00, 0x00, 0x00, 0x00, 0x00, 0x00, 0x00, 0x00, 0x00, 0x00, 0x00, 0x00,
    0x00, 0x00, 0x00, 0x00, 0x00, 0x00, 0x00, 0x00, 0x00, 0x00, 0x00, 0x00,
    0x00, 0x00, 0x00, 0x00, 0x00, 0x00, 0x00, 0x00, 0x00, 0x00, 0x00, 0x00,
    0x00, 0x00, 0x00, 0x00, 0x00, 0x00, 0x00, 0x00, 0x00, 0x00, 0x00, 0x00,
    0x00, 0x00, 0x00, 0x00, 0x00, 0x00, 0x00, 0x00, 0x00, 0x00, 0x00, 0x00,
    0x00, 0x00, 0x00, 0x00, 0x00, 0x00, 0x00, 0x00, 0x00, 0x00, 0x00, 0x00,
    0x00, 0x00, 0x00, 0x00, 0x00, 0x00, 0x00, 0x00, 0x00, 0x00, 0x00, 0x00,
    0x00, 0x00, 0x00, 0x00, 0x00, 0x00, 0x00, 0x00, 0x00, 0x00, 0x00, 0x00,
    0x00, 0x00, 0x00, 0x00, 0x00, 0x00, 0x00, 0x00, 0x00, 0x00, 0x00, 0x00,
    0x00, 0x00, 0x00, 0x00, 0x00, 0x00, 0x00, 0x00, 0x00, 0x00, 0x00, 0x00,
    0x00, 0x00, 0x00, 0x00, 0x00, 0x00, 0x00, 0x00, 0x00, 0x00, 0x00, 0x00,
    0x00, 0x00, 0x00, 0x00, 0x00, 0x00, 0x00, 0x00, 0x00, 0x00, 0x00, 0x00,
    0x00, 0x00, 0x00, 0x00, 0x00, 0x00, 0x00, 0x00,
};

void WaitSramErrorInput(void);
void ReadKeysRaw(void);

void ZeroFill(void* dst, s16 size) {
    u16 zero;
    u16* p;
    vu32* dma;

    if (size & 1) {
        ((u8*)dst)[size - 1] = 0;
    }

    p = &zero;
    *p = 0;
    dma = (vu32*)REG_ADDR_DMA3;
    dma[0] = (u32)p;
    dma[1] = (u32)dst;
    dma[2] = 0x81000000 | (size / 2);
    dma[2];
}

void CopyBytes(const u8* src, u8* dst, s16 len) {
    s16 i;

    for (i = 0; i < len; i++) {
        dst[i] = src[i];
    }
}

u8 BytesEqual(const u8* a, const u8* b, s16 len) {
    s16 i;

    for (i = 0; i < len; i++) {
        if (a[i] != b[i]) {
            return 0;
        }
    }

    return 1;
}

u16 SaveChecksum(u16* data, int size) {
    u32 sum;
    s16 len;

    len = size;
    sum = 0;
    
    while (len > 1) {
        sum += *data++;
        len -= 2;
    }

    if (len > 0) {
        sum += *(u8*)data;
    }
    
    sum = (sum & 0xFFFF) + (sum >> 16);
    return ~(sum + (sum >> 16));
}

int SaveVerifyBlock(u8* sram, u8* hdr, u8* buf, s16 size) {
    int ret;

    ZeroFill(buf, size);
    ReadSramFast(sram, buf, size);
    
    if (BytesEqual(hdr, gSaveSignature, SAVE_SIGNATURE_SIZE)) {
        ret = (SaveChecksum((u16*)buf, size) == 0) ? SAVE_OK : SAVE_BAD_CHECKSUM;
    } else {
        ret = SAVE_BAD_SIGNATURE;
    }

    return ret;
}

void SaveInitSram(void) {
    SetSramFastFunc();
}

void SaveClearHeader(void) {
    u8* buf;
    s16 i;

    buf = EwramAlloc(SAVE_HEADER_SIZE);

    for (i = 0; i < SAVE_SLOTS; i++) {
        ZeroFill(buf, SAVE_HEADER_SIZE);
        WriteAndVerifySramFast(buf, SRAM_HEADER + i * SAVE_HEADER_SIZE, SAVE_HEADER_SIZE);
    }

    EwramFree(buf);
}

int SaveCheckHeaderSlot(s16 slot) {
    u8* buf;
    int ret;

    buf = EwramAlloc(SAVE_HEADER_SIZE);
    ret = SaveVerifyBlock(SRAM_HEADER + (s16)(u16)slot * SAVE_HEADER_SIZE, buf, buf,
                        SAVE_HEADER_SIZE);
    EwramFree(buf);
    return ret;
}

int SaveRepairHeader(void) {
    int results[2];
    int good;
    int bad;
    s16 i;
    int ret;
    u8* buf;
    s64 off;

    good = -1;
    bad = -1;

    for (i = 0; i < SAVE_SLOTS; i++) {
        ret = results[i] = SaveCheckHeaderSlot(i);

        if (ret == SAVE_OK) {
            if (good < 0) {
                good = i;
            }
        } else {
            bad = i;
        }
    }

    if (good >= 0 && bad >= 0) {
        buf = EwramAlloc(SAVE_HEADER_SIZE);
        SaveVerifyBlock(SRAM_HEADER + good * SAVE_HEADER_SIZE, buf, buf, SAVE_HEADER_SIZE);

        for (i = 0; i < SAVE_SLOTS; i++) {
            if (results[i] != SAVE_OK) {
                off = i * SAVE_HEADER_SIZE;
                WriteAndVerifySramFast(buf, SRAM_HEADER + off, SAVE_HEADER_SIZE);
            }
        }

        EwramFree(buf);
        ret = SAVE_OK;
    }

    return ret;
}

int SaveLoadHeader(void) {
    u8* buf;
    int ret;
    s16 i;

    ret = 0;
    buf = EwramAlloc(SAVE_HEADER_SIZE);

    for (i = 0; i < SAVE_SLOTS; i++) {
        ret = SaveVerifyBlock(SRAM_HEADER + i * SAVE_HEADER_SIZE, buf, buf, SAVE_HEADER_SIZE);

        if (ret == SAVE_OK) {
            ApplySaveHeaderData(&((SaveHeader*)buf)->data);
            break;
        }
    }

    EwramFree(buf);
    return ret;
}

void SaveWriteHeader(s16 slot) {
    SaveHeader* hdr;
    s16 i;

    hdr = EwramAlloc(SAVE_HEADER_SIZE);
    ZeroFill(hdr, SAVE_HEADER_SIZE);
    MakeSaveHeaderData(&hdr->data, (s16)(u16)slot);
    CopyBytes(gSaveSignature, (u8*)hdr, SAVE_SIGNATURE_SIZE);
    hdr->checksum = 0;
    hdr->checksum = SaveChecksum((u16*)hdr, SAVE_HEADER_SIZE);

    for (i = 0; i < SAVE_SLOTS; i++) {
        WriteAndVerifySramFast((u8*)hdr, SRAM_HEADER + i * SAVE_HEADER_SIZE, SAVE_HEADER_SIZE);
    }

    EwramFree(hdr);
}

void SaveSetHeaderState(s16 slot, s16 state) {
    SaveHeader* hdr;

    hdr = EwramAlloc(SAVE_HEADER_SIZE);
    ZeroFill(hdr, SAVE_HEADER_SIZE);
    SaveVerifyBlock(SRAM_HEADER + (s16)slot * SAVE_HEADER_SIZE, (u8*)hdr, (u8*)hdr,
                    SAVE_HEADER_SIZE);

    switch ((s16)state) {
    case SAVE_BAD_SIGNATURE:
        hdr->signature[0] = 0;
        break;
    case SAVE_BAD_CHECKSUM:
        CopyBytes(gSaveSignature, (u8*)hdr, SAVE_SIGNATURE_SIZE);
        hdr->checksum = 0;
        hdr->checksum = SaveChecksum((u16*)hdr, SAVE_HEADER_SIZE) + 1;
        break;
    case SAVE_OK:
        CopyBytes(gSaveSignature, (u8*)hdr, SAVE_SIGNATURE_SIZE);
        hdr->checksum = 0;
        hdr->checksum = SaveChecksum((u16*)hdr, SAVE_HEADER_SIZE);
        break;
    }

    WriteAndVerifySramFast((u8*)hdr, SRAM_HEADER + (s16)slot * SAVE_HEADER_SIZE,
                           SAVE_HEADER_SIZE);
    EwramFree(hdr);
}

void SaveClearSystem(void) {
    u8* buf;
    s16 i;

    buf = EwramAlloc(SAVE_SYSTEM_SIZE);

    for (i = 0; i < SAVE_SLOTS; i++) {
        ZeroFill(buf, SAVE_SYSTEM_SIZE);
        WriteAndVerifySramFast(buf, SRAM_SYSTEM + i * SAVE_SYSTEM_SIZE, SAVE_SYSTEM_SIZE);
    }

    EwramFree(buf);
}

int SaveCheckSystemSlot(s16 slot) {
    u8* buf;
    int ret;

    buf = EwramAlloc(SAVE_SYSTEM_SIZE);
    ret = SaveVerifyBlock(SRAM_SYSTEM + (s16)(u16)slot * SAVE_SYSTEM_SIZE, buf, buf,
                        SAVE_SYSTEM_SIZE);
    EwramFree(buf);
    return ret;
}

int SaveRepairSystem(void) {
    int results[2];
    int good;
    int bad;
    s16 i;
    int ret;
    u8* buf;

    good = -1;
    bad = -1;

    for (i = 0; i < SAVE_SLOTS; i++) {
        ret = results[i] = SaveCheckSystemSlot(i);

        if (ret == SAVE_OK) {
            if (good < 0) {
                good = i;
            }
        } else {
            bad = i;
        }
    }

    if (good >= 0 && bad >= 0) {
        buf = EwramAlloc(SAVE_SYSTEM_SIZE);
        SaveVerifyBlock(SRAM_SYSTEM + good * SAVE_SYSTEM_SIZE, buf, buf, SAVE_SYSTEM_SIZE);

        for (i = 0; i < SAVE_SLOTS; i++) {
            if (results[i] != SAVE_OK) {
                WriteAndVerifySramFast(buf, SRAM_SYSTEM + i * SAVE_SYSTEM_SIZE,
                                       SAVE_SYSTEM_SIZE);
            }
        }

        EwramFree(buf);
        ret = SAVE_OK;
    }
    
    return ret;
}

int SaveLoadSystem(void) {
    u8* buf;
    int ret;
    s16 i;
    s16 slot;

    ret = 0;
    buf = EwramAlloc(SAVE_SYSTEM_SIZE);

    for (i = 0; i < SAVE_SLOTS; i++) {
        slot = i;
        ret = SaveVerifyBlock(SRAM_SYSTEM + slot * SAVE_SYSTEM_SIZE, buf, buf, SAVE_SYSTEM_SIZE);

        if (ret == SAVE_OK) {
            ApplySaveSystem(&((SaveBlockLarge*)buf)->data);
            break;
        }
    }

    EwramFree(buf);
    return ret;
}

void SaveWriteSystem(void) {
    SaveBlockLarge* blk;
    s16 i;

    blk = EwramAlloc(SAVE_SYSTEM_SIZE);
    ZeroFill(blk, SAVE_SYSTEM_SIZE);
    MakeSaveSystem(&blk->data);
    CopyBytes(gSaveSignature, (u8*)blk, SAVE_SIGNATURE_SIZE);
    blk->checksum = 0;
    blk->checksum = SaveChecksum((u16*)blk, SAVE_SYSTEM_SIZE);

    for (i = 0; i < SAVE_SLOTS; i++) {
        WriteAndVerifySramFast((u8*)blk, SRAM_SYSTEM + i * SAVE_SYSTEM_SIZE, SAVE_SYSTEM_SIZE);
    }

    EwramFree(blk);
}

void SaveSetSystemState(s16 slot, s16 state) {
    SaveBlockLarge* blk;

    blk = EwramAlloc(SAVE_SYSTEM_SIZE);
    ZeroFill(blk, SAVE_SYSTEM_SIZE);
    SaveVerifyBlock(SRAM_SYSTEM + (s16)slot * SAVE_SYSTEM_SIZE, (u8*)blk, (u8*)blk,
                    SAVE_SYSTEM_SIZE);

    switch ((s16)state) {
    case SAVE_BAD_SIGNATURE:
        blk->signature[0] = 0;
        break;
    case SAVE_BAD_CHECKSUM:
        CopyBytes(gSaveSignature, (u8*)blk, SAVE_SIGNATURE_SIZE);
        blk->checksum = 0;
        blk->checksum = SaveChecksum((u16*)blk, SAVE_SYSTEM_SIZE) + 1;
        break;
    case SAVE_OK:
        CopyBytes(gSaveSignature, (u8*)blk, SAVE_SIGNATURE_SIZE);
        blk->checksum = 0;
        blk->checksum = SaveChecksum((u16*)blk, SAVE_SYSTEM_SIZE);
        break;
    }

    WriteAndVerifySramFast((u8*)blk, SRAM_SYSTEM + (s16)slot * SAVE_SYSTEM_SIZE,
                           SAVE_SYSTEM_SIZE);
    EwramFree(blk);
}

void SaveClearFileLarge(u16 file) {
    u8* buf;
    u8* dst;
    s16 i;
    s32 off;

    buf = EwramAlloc(SAVE_FILE_LARGE_SIZE);
    i = 0;
    off = (s16)file * (SAVE_FILE_LARGE_SIZE * 2);

    for (; i < SAVE_SLOTS; i++) {
        ZeroFill(buf, SAVE_FILE_LARGE_SIZE);
        dst = gSramFileLarge + i * SAVE_FILE_LARGE_SIZE;
        WriteAndVerifySramFast(buf, dst + off, SAVE_FILE_LARGE_SIZE);
    }

    EwramFree(buf);
}

int SaveCheckFileLargeSlot(s16 file, s16 slot) {
    u8* buf;
    int ret;

    buf = EwramAlloc(SAVE_FILE_LARGE_SIZE);
    ret = SaveVerifyBlock(gSramFileLarge + (s16)(u16)file * (SAVE_FILE_LARGE_SIZE * 2)
                            + (s16)(u16)slot * SAVE_FILE_LARGE_SIZE,
                        buf, buf, SAVE_FILE_LARGE_SIZE);
    EwramFree(buf);
    return ret;
}

int SaveRepairFileLarge(u16 file) {
    int results[2];
    int good;
    int bad;
    s16 i;
    int ret;
    u8* buf;
    u8* src;
    u8* dst;
    s32 off;

    good = -1;
    bad = -1;

    for (i = 0; i < SAVE_SLOTS; i++) {
        ret = results[i] = SaveCheckFileLargeSlot((s16)file, i);

        if (ret == SAVE_OK) {
            if (good < 0) {
                good = i;
            }
        } else {
            bad = i;
        }
    }

    if (good >= 0 && bad >= 0) {
        buf = EwramAlloc(SAVE_FILE_LARGE_SIZE);
        off = (s16)file * (SAVE_FILE_LARGE_SIZE * 2);
        src = gSramFileLarge + good * SAVE_FILE_LARGE_SIZE;
        SaveVerifyBlock((u8*)(off + (u32)src), buf, buf, SAVE_FILE_LARGE_SIZE);

        for (i = 0; i < SAVE_SLOTS; i++) {
            if (results[i] != SAVE_OK) {
                dst = gSramFileLarge + i * SAVE_FILE_LARGE_SIZE;
                WriteAndVerifySramFast(buf, (u8*)((s16)file * (SAVE_FILE_LARGE_SIZE * 2) + (u32)dst), SAVE_FILE_LARGE_SIZE);
            }
        }

        EwramFree(buf);
        ret = SAVE_OK;
    }

    return ret;
}

int SaveLoadFileLarge(u16 file) {
    u8* buf;
    u8* dst;
    int ret;
    s16 i;
    s32 off;

    ret = 0;
    buf = EwramAlloc(SAVE_FILE_LARGE_SIZE);

    for (i = 0; i < SAVE_SLOTS; i++) {
        dst = gSramFileLarge + i * SAVE_FILE_LARGE_SIZE;
        off = (s16)file * (SAVE_FILE_LARGE_SIZE * 2);
        ret = SaveVerifyBlock(off + dst, buf, buf, SAVE_FILE_LARGE_SIZE);

        if (ret == SAVE_OK) {
            ApplySaveFileLarge(&((SaveBlockLarge*)buf)->data);
            break;
        }
    }

    EwramFree(buf);
    return ret;
}

void SaveWriteFileLarge(u16 file) {
    SaveBlockLarge* blk;
    u8* dst;
    s16 i;
    s32 off;

    blk = EwramAlloc(SAVE_FILE_LARGE_SIZE);
    ZeroFill(blk, SAVE_FILE_LARGE_SIZE);
    MakeSaveFileLarge(&blk->data);
    CopyBytes(gSaveSignature, (u8*)blk, SAVE_SIGNATURE_SIZE);
    blk->checksum = 0;
    blk->checksum = SaveChecksum((u16*)blk, SAVE_FILE_LARGE_SIZE);

    for (i = 0; i < SAVE_SLOTS; i++) {
        off = (s16)file * (SAVE_FILE_LARGE_SIZE * 2);
        dst = gSramFileLarge + i * SAVE_FILE_LARGE_SIZE;
        WriteAndVerifySramFast((u8*)blk, (u8*)(off + (u32)dst), SAVE_FILE_LARGE_SIZE);
    }

    EwramFree(blk);
    SaveWriteHeader((s16)file);
}

void SaveSetFileLargeState(s16 file, s16 slot, s16 state) {
    SaveBlockLarge* blk;

    blk = EwramAlloc(SAVE_FILE_LARGE_SIZE);
    ZeroFill(blk, SAVE_FILE_LARGE_SIZE);
    SaveVerifyBlock(gSramFileLarge + (s16)file * (SAVE_FILE_LARGE_SIZE * 2)
                        + (s16)slot * SAVE_FILE_LARGE_SIZE,
                    (u8*)blk, (u8*)blk, SAVE_FILE_LARGE_SIZE);

    switch ((s16)state) {
    case SAVE_BAD_SIGNATURE:
        blk->signature[0] = 0;
        break;
    case SAVE_BAD_CHECKSUM:
        CopyBytes(gSaveSignature, (u8*)blk, SAVE_SIGNATURE_SIZE);
        blk->checksum = 0;
        blk->checksum = SaveChecksum((u16*)blk, SAVE_FILE_LARGE_SIZE) + 1;
        break;
    case SAVE_OK:
        CopyBytes(gSaveSignature, (u8*)blk, SAVE_SIGNATURE_SIZE);
        blk->checksum = 0;
        blk->checksum = SaveChecksum((u16*)blk, SAVE_FILE_LARGE_SIZE);
        break;
    }

    WriteAndVerifySramFast((u8*)blk, gSramFileLarge + (s16)file * (SAVE_FILE_LARGE_SIZE * 2)
                               + (s16)slot * SAVE_FILE_LARGE_SIZE,
                           SAVE_FILE_LARGE_SIZE);
    EwramFree(blk);
}

void SaveClearFileSmall(u16 file) {
    u8* buf;
    u8* dst;
    s16 i;
    s32 off;

    buf = EwramAlloc(SAVE_FILE_SMALL_SIZE);
    i = 0;
    off = (s16)file * (SAVE_FILE_SMALL_SIZE * 2);

    for (; i < SAVE_SLOTS; i++) {
        ZeroFill(buf, SAVE_FILE_SMALL_SIZE);
        dst = SRAM_FILE_SMALL + i * SAVE_FILE_SMALL_SIZE;
        WriteAndVerifySramFast(buf, dst + off, SAVE_FILE_SMALL_SIZE);
    }
    
    EwramFree(buf);
}

int SaveCheckFileSmallSlot(s16 file, s16 slot) {
    u8* buf;
    int ret;

    buf = EwramAlloc(SAVE_FILE_SMALL_SIZE);
    ret = SaveVerifyBlock(SRAM_FILE_SMALL + (s16)(u16)file * (SAVE_FILE_SMALL_SIZE * 2)
                            + (s16)(u16)slot * SAVE_FILE_SMALL_SIZE,
                        buf, buf, SAVE_FILE_SMALL_SIZE);
    EwramFree(buf);
    return ret;
}

int SaveRepairFileSmall(u16 file) {
    int results[2];
    int good;
    int bad;
    s16 i;
    int ret;
    u8* buf;
    u8* src;
    u8* dst;
    s32 off;

    good = -1;
    bad = -1;

    for (i = 0; i < SAVE_SLOTS; i++) {
        ret = results[i] = SaveCheckFileSmallSlot((s16)file, i);

        if (ret == SAVE_OK) {
            if (good < 0) {
                good = i;
            }
        } else {
            bad = i;
        }
    }

    if (good >= 0 && bad >= 0) {
        buf = EwramAlloc(SAVE_FILE_SMALL_SIZE);
        off = (s16)file * (SAVE_FILE_SMALL_SIZE * 2);
        src = SRAM_FILE_SMALL + good * SAVE_FILE_SMALL_SIZE;
        SaveVerifyBlock((u8*)(off + (u32)src), buf, buf, SAVE_FILE_SMALL_SIZE);

        for (i = 0; i < SAVE_SLOTS; i++) {
            if (results[i] != SAVE_OK) {
                dst = SRAM_FILE_SMALL + i * SAVE_FILE_SMALL_SIZE;
                WriteAndVerifySramFast(buf, (u8*)((s16)file * (SAVE_FILE_SMALL_SIZE * 2) + (u32)dst), SAVE_FILE_SMALL_SIZE);
            }
        }

        EwramFree(buf);
        ret = SAVE_OK;
    }

    return ret;
}

int SaveLoadFileSmall(u16 file) {
    u8* buf;
    u8* dst;
    int ret;
    s16 i;

    buf = EwramAlloc(SAVE_FILE_SMALL_SIZE);

    for (i = 0; i < SAVE_SLOTS; i++) {
        dst = SRAM_FILE_SMALL + i * SAVE_FILE_SMALL_SIZE;
        ret = SaveVerifyBlock((u8*)((s16)file * (SAVE_FILE_SMALL_SIZE * 2) + (u32)dst), buf,
                              buf, SAVE_FILE_SMALL_SIZE);

        if (ret == SAVE_OK) {
            ApplySaveFileSmall(&((SaveBlockSmall*)buf)->data);
            break;
        }
    }

    EwramFree(buf);
    return ret;
}

void SaveWriteFileSmall(u16 file) {
    SaveBlockSmall* blk;
    u8* dst;
    s16 i;
    s32 off;
    s16 f;

    f = file;
    blk = EwramAlloc(SAVE_FILE_SMALL_SIZE);
    ZeroFill(blk, SAVE_FILE_SMALL_SIZE);
    MakeSaveFileSmall(&blk->data);
    CopyBytes(gSaveSignature, (u8*)blk, SAVE_SIGNATURE_SIZE);
    blk->checksum = 0;
    blk->checksum = SaveChecksum((u16*)blk, SAVE_FILE_SMALL_SIZE);

    for (i = 0; i < SAVE_SLOTS; i++) {
        off = f * (SAVE_FILE_SMALL_SIZE * 2);
        dst = SRAM_FILE_SMALL + i * SAVE_FILE_SMALL_SIZE;
        WriteAndVerifySramFast((u8*)blk, (u8*)(off + (u32)dst), SAVE_FILE_SMALL_SIZE);
    }

    EwramFree(blk);
    SaveWriteHeader(f + 2);
}

void SaveSetFileSmallState(s16 file, s16 slot, s16 state) {
    SaveBlockSmall* blk;

    blk = EwramAlloc(SAVE_FILE_SMALL_SIZE);
    ZeroFill(blk, SAVE_FILE_SMALL_SIZE);
    SaveVerifyBlock(SRAM_FILE_SMALL + (s16)file * (SAVE_FILE_SMALL_SIZE * 2)
                        + (s16)slot * SAVE_FILE_SMALL_SIZE,
                    (u8*)blk, (u8*)blk, SAVE_FILE_SMALL_SIZE);

    switch ((s16)state) {
    case SAVE_BAD_SIGNATURE:
        blk->signature[0] = 0;
        break;
    case SAVE_BAD_CHECKSUM:
        CopyBytes(gSaveSignature, (u8*)blk, SAVE_SIGNATURE_SIZE);
        blk->checksum = 0;
        blk->checksum = SaveChecksum((u16*)blk, SAVE_FILE_SMALL_SIZE) + 1;
        break;
    case SAVE_OK:
        CopyBytes(gSaveSignature, (u8*)blk, SAVE_SIGNATURE_SIZE);
        blk->checksum = 0;
        blk->checksum = SaveChecksum((u16*)blk, SAVE_FILE_SMALL_SIZE);
        break;
    }

    WriteAndVerifySramFast((u8*)blk, SRAM_FILE_SMALL + (s16)file * (SAVE_FILE_SMALL_SIZE * 2)
                               + (s16)slot * SAVE_FILE_SMALL_SIZE,
                           SAVE_FILE_SMALL_SIZE);
    EwramFree(blk);
}

void ShowSramErrorScreen(void) {
    vu16* ime;
    vu16* ie;
    vu16* dispstat;
    vu16* dispcnt;
    vu16* p;
    vu32* dma;

    ime = (vu16*)REG_ADDR_IME;
    *ime = 0;
    ie = (vu16*)REG_ADDR_IE;
    *ie |= INTR_FLAG_VBLANK;
    dispstat = (vu16*)REG_ADDR_DISPSTAT;
    *dispstat |= DISPSTAT_VBLANK_INTR;
    *ime = 1;
    p = (vu16*)REG_ADDR_BG0CNT;
    do {
        *p = 0x88;
    } while (0);
    p += 0x24;
    *p = 0x3FBF;
    p += 2;
    *p = 0x10;
    dispcnt = (vu16*)REG_ADDR_DISPCNT;
    *dispcnt = (DISPCNT_BG0_ON | DISPCNT_OBJ_ON);
    VBlankIntrWait();
    dma = (vu32*)REG_ADDR_DMA3;
    dma[0] = (u32)gSramErrorTiles;
    dma[1] = 0x06008000;
    dma[2] = (DMA_ENABLE << 16) | 0x2000;
    dma[2];
    dma[0] = (u32)gSramErrorPalette;
    dma[1] = 0x05000000;
    dma[2] = (DMA_ENABLE << 16) | 0x100;
    dma[2];
    dma[0] = (u32)gSramErrorTilemap;
    dma[1] = (u32)gSramErrorTilemapBuf;
    dma[2] = (DMA_ENABLE << 16) | 0x280;
    dma[2];
    dma[0] = (u32)gSramErrorTilemapBuf;
    dma[1] = 0x06000000;
    dma[2] = (DMA_ENABLE << 16) | 0x400;
    dma[2];
    WaitSramErrorInput();
    *ime = 0;
    *ie &= ~INTR_FLAG_VBLANK;
    *dispstat &= ~DISPSTAT_VBLANK_INTR;
    *ime = 1;
    *dispcnt = 0;
}

void WaitSramErrorInput(void) {
    vu16* bldy;
    vu16* bldy2;
    vu32* dma;
    s32 i;
    u32 j;
    s32 prev;
    s32 cur;
    s32 ok;

    i = 0;
    ok = 0;
    cur = 0;
    prev = 0;
    j = 0;
    bldy = (vu16*)REG_ADDR_BLDY;
    do {
        VBlankIntrWait();
        *bldy = 16 - j;
        j++;
    } while (j <= 16);

    if (i <= 19) {
        dma = (vu32*)REG_ADDR_DMA3;
        do {
            ReadKeysRaw();

            if ((((gRawKeysPrev ^ gRawKeys) & gRawKeys) & DPAD_ANY) == DPAD_ANY) {
                prev = cur;
                cur = i;
            }

            if (prev != 0 && cur - prev <= 3) {
                ok = 1;
            }
            i++;
            VBlankIntrWait();
            dma[0] = (u32)gSramErrorTilemapBuf;
            dma[1] = 0x06000000;
            dma[2] = ((DMA_ENABLE | DMA_32BIT) << 16) | 0x200;
            dma[2];
        } while (i <= 19);
    }

    j = 0;
    bldy2 = (vu16*)REG_ADDR_BLDY;
    do {
        VBlankIntrWait();
        *bldy2 = j;
        j++;
    } while (j <= 16);

    if (ok) {
        gSystemFlags |= 4;
    } else {
        gSystemFlags &= 0xFFFB;
    }
}

void ReadKeysRaw(void) {
    u16 keys = KEYS_MASK ^ REG_KEYINPUT;

    gRawKeysPrev = gRawKeys;
    gRawKeys = keys;
}
