.syntax unified
	.align 2, 0
	.global task_btl_riku_1
	.thumb
	.thumb_func
	.type task_btl_riku_1, %function
task_btl_riku_1: @ 08028514
	.byte 0xF0, 0xB5, 0x57, 0x46, 0x4E, 0x46, 0x45, 0x46, 0xE0, 0xB4, 0x94, 0xB0, 0x07, 0x1C, 0x44, 0x20
	.byte 0xC0, 0x19, 0x80, 0x46, 0x22, 0x4E, 0x30, 0x68, 0xA0, 0x30, 0x05, 0x68, 0x04, 0x2D, 0x00, 0xD0
	.byte 0x94, 0xE0, 0x41, 0x46, 0x4B, 0x6B, 0x8C, 0x6B, 0x10, 0x20, 0x19, 0x1C, 0x01, 0x40, 0x00, 0x22
	.byte 0x10, 0x1C, 0x08, 0x43, 0x00, 0x28, 0x00, 0xD1, 0x88, 0xE0, 0xF8, 0x6B, 0x1B, 0x28, 0x3A, 0xD8
	.byte 0x18, 0x28, 0x38, 0xD3, 0x42, 0x46, 0x50, 0x69, 0x50, 0x60, 0x90, 0x69, 0x90, 0x60, 0xD0, 0x69
	.byte 0xD0, 0x60, 0x14, 0x4A, 0x18, 0x1C, 0x21, 0x1C, 0x11, 0x40, 0x43, 0x46, 0x58, 0x63, 0x99, 0x63
	.byte 0x40, 0x46, 0x09, 0x21, 0xF0, 0xF7, 0x0A, 0xFE, 0xAF, 0x24, 0x64, 0x00, 0x3A, 0x19, 0x11, 0x88
	.byte 0x0D, 0x40, 0x00, 0x2D, 0x05, 0xD0, 0x0C, 0x48, 0x08, 0x40, 0x10, 0x80, 0x38, 0x1C, 0xFF, 0xF7
	.byte 0x09, 0xF9, 0x30, 0x68, 0xC1, 0x6E, 0x80, 0x6E, 0x80, 0x22, 0x12, 0x02, 0x00, 0x20, 0x11, 0x40
	.byte 0x08, 0x43, 0x00, 0x28, 0x0A, 0xD0, 0x38, 0x1C, 0x26, 0x21, 0xFF, 0xF7, 0x85, 0xFD, 0x21, 0xE0
	.byte 0x84, 0x9B, 0x03, 0x02, 0xFF, 0xDF, 0xFF, 0xFF, 0xFB, 0xFF, 0x00, 0x00, 0x38, 0x1C, 0x03, 0x21
	.byte 0xFF, 0xF7, 0x7A, 0xFD, 0x16, 0xE0, 0x08, 0x48, 0x00, 0x68, 0xC1, 0x6E, 0x80, 0x6E, 0x80, 0x22
	.byte 0x12, 0x02, 0x00, 0x20, 0x11, 0x40, 0x08, 0x43, 0x00, 0x28, 0x07, 0xD0, 0x38, 0x1C, 0x13, 0x21
	.byte 0xFF, 0xF7, 0x6A, 0xFD, 0x06, 0xE0, 0x00, 0x00, 0x84, 0x9B, 0x03, 0x02, 0x38, 0x1C, 0x12, 0x21
	.byte 0xFF, 0xF7, 0x62, 0xFD, 0xCE, 0x25, 0x6D, 0x00, 0x7A, 0x19, 0xD0, 0x26, 0x76, 0x00, 0xB9, 0x19
	.byte 0x80, 0x20, 0x40, 0x00, 0x08, 0x60, 0x10, 0x60, 0x40, 0x46, 0x40, 0x30, 0x00, 0x21, 0xE9, 0xF7
	.byte 0xFF, 0xFF, 0x38, 0x1C, 0xFE, 0xF7, 0x14, 0xFF, 0x42, 0x46, 0x50, 0x6B, 0x91, 0x6B, 0x2B, 0x4B
	.byte 0x29, 0x4A, 0x10, 0x40, 0x19, 0x40, 0x43, 0x46, 0x58, 0x63, 0x99, 0x63, 0xB0, 0x24, 0x64, 0x00
	.byte 0x39, 0x19, 0x00, 0x20, 0x08, 0x60, 0x26, 0x48, 0x04, 0x68, 0xA0, 0x6E, 0xE1, 0x6E, 0x25, 0x4A
	.byte 0x25, 0x4B, 0x10, 0x43, 0xA0, 0x66, 0xE1, 0x66, 0x40, 0x46, 0xE4, 0x30, 0x04, 0x68, 0xA0, 0x6E
	.byte 0xE1, 0x6E, 0x22, 0x4A, 0x22, 0x4B, 0x10, 0x43, 0xA0, 0x66, 0xE1, 0x66, 0xE7, 0xF7, 0x4C, 0xFA
	.byte 0x00, 0x06, 0x3D, 0x1C, 0x28, 0x35, 0x0E, 0x95, 0x00, 0x28, 0x08, 0xD0, 0xE7, 0xF7, 0xD4, 0xF9
	.byte 0x00, 0x06, 0x00, 0x28, 0x03, 0xD0, 0x40, 0x46, 0x0E, 0x99, 0x79, 0xF0, 0x65, 0xFA, 0xAF, 0x26
	.byte 0x76, 0x00, 0xBA, 0x19, 0x11, 0x88, 0x80, 0x20, 0x40, 0x01, 0x08, 0x40, 0x00, 0x28, 0x0C, 0xD0
	.byte 0x14, 0x48, 0x08, 0x40, 0x10, 0x80, 0x42, 0x46, 0x50, 0x6B, 0x91, 0x6B, 0x12, 0x4A, 0x13, 0x4B
	.byte 0x10, 0x40, 0x19, 0x40, 0x43, 0x46, 0x58, 0x63, 0x99, 0x63, 0x40, 0x46, 0xE4, 0x30, 0x01, 0x68
	.byte 0xF4, 0x31, 0x09, 0x68, 0x08, 0x39, 0x12, 0x90, 0x2A, 0x29, 0x00, 0xD9, 0x1A, 0xE1, 0x88, 0x00
	.byte 0x0B, 0x49, 0x40, 0x18, 0x00, 0x68, 0x87, 0x46, 0xFF, 0xFF, 0x7F, 0xFF, 0xFB, 0xDF, 0xFF, 0xFF
	.byte 0x84, 0x9B, 0x03, 0x02, 0x00, 0x00, 0x40, 0x00, 0x00, 0x00, 0x00, 0x00, 0x00, 0x00, 0x00, 0x40
	.byte 0x00, 0x00, 0x00, 0x00, 0xFF, 0xEF, 0x00, 0x00, 0xFF, 0x7F, 0x8F, 0xE3, 0xFF, 0x3F, 0x40, 0xFC
	.byte 0xF8, 0x86, 0x02, 0x08, 0xD4, 0x87, 0x02, 0x08, 0xF8, 0x88, 0x02, 0x08, 0xF8, 0x88, 0x02, 0x08
	.byte 0xF8, 0x88, 0x02, 0x08, 0xF8, 0x88, 0x02, 0x08, 0xF8, 0x88, 0x02, 0x08, 0xF8, 0x88, 0x02, 0x08
	.byte 0x04, 0x88, 0x02, 0x08, 0xF8, 0x88, 0x02, 0x08, 0xF8, 0x88, 0x02, 0x08, 0x0C, 0x88, 0x02, 0x08
	.byte 0xF8, 0x88, 0x02, 0x08, 0xF8, 0x88, 0x02, 0x08, 0xF8, 0x88, 0x02, 0x08, 0xF8, 0x88, 0x02, 0x08
	.byte 0xF8, 0x88, 0x02, 0x08, 0xF8, 0x88, 0x02, 0x08, 0xF8, 0x88, 0x02, 0x08, 0xA4, 0x87, 0x02, 0x08
	.byte 0x5C, 0x88, 0x02, 0x08, 0xD4, 0x88, 0x02, 0x08, 0xF8, 0x88, 0x02, 0x08, 0xF8, 0x88, 0x02, 0x08
	.byte 0xF8, 0x88, 0x02, 0x08, 0xF8, 0x88, 0x02, 0x08, 0xF8, 0x88, 0x02, 0x08, 0xF8, 0x88, 0x02, 0x08
	.byte 0xF8, 0x88, 0x02, 0x08, 0xF8, 0x88, 0x02, 0x08, 0xF8, 0x88, 0x02, 0x08, 0xF8, 0x88, 0x02, 0x08
	.byte 0xF8, 0x88, 0x02, 0x08, 0xF8, 0x88, 0x02, 0x08, 0xF8, 0x88, 0x02, 0x08, 0xF8, 0x88, 0x02, 0x08
	.byte 0xF8, 0x88, 0x02, 0x08, 0xF8, 0x88, 0x02, 0x08, 0xF8, 0x88, 0x02, 0x08, 0xF8, 0x88, 0x02, 0x08
	.byte 0x84, 0x88, 0x02, 0x08, 0xF8, 0x88, 0x02, 0x08, 0xAC, 0x88, 0x02, 0x08, 0x34, 0x88, 0x02, 0x08
	.byte 0xAF, 0x24, 0x64, 0x00, 0x3A, 0x19, 0x11, 0x88, 0x80, 0x25, 0x6D, 0x01, 0x28, 0x1C, 0x08, 0x43
	.byte 0x10, 0x80, 0x46, 0x46, 0x70, 0x6B, 0xB1, 0x6B, 0x04, 0x4B, 0x03, 0x4A, 0x19, 0x43, 0x42, 0x46
	.byte 0x50, 0x63, 0x91, 0x63, 0x96, 0xE0, 0x00, 0x00, 0x00, 0x00, 0x00, 0x00, 0x00, 0x40, 0x10, 0x00
	.byte 0xAF, 0x23, 0x5B, 0x00, 0xFA, 0x18, 0x11, 0x88, 0x80, 0x24, 0x64, 0x01, 0x20, 0x1C, 0x08, 0x43
	.byte 0x10, 0x80, 0x45, 0x46, 0x68, 0x6B, 0xA9, 0x6B, 0x04, 0x4B, 0x03, 0x4A, 0x19, 0x43, 0x46, 0x46
	.byte 0x70, 0x63, 0xB1, 0x63, 0x7E, 0xE0, 0x00, 0x00, 0x00, 0x00, 0x00, 0x00, 0x00, 0x80, 0x04, 0x00
	.byte 0xAF, 0x20, 0x40, 0x00, 0x3A, 0x18, 0x66, 0xE0, 0xAF, 0x26, 0x76, 0x00, 0xBA, 0x19, 0x11, 0x88
	.byte 0x80, 0x23, 0x5B, 0x01, 0x18, 0x1C, 0x08, 0x43, 0x10, 0x80, 0x44, 0x46, 0x60, 0x6B, 0xA1, 0x6B
	.byte 0x02, 0x4B, 0x01, 0x4A, 0x10, 0x43, 0x61, 0xE0, 0x00, 0x00, 0x00, 0x04, 0x00, 0x80, 0x00, 0x00
	.byte 0xAF, 0x26, 0x76, 0x00, 0xBA, 0x19, 0x11, 0x88, 0x80, 0x23, 0x5B, 0x01, 0x18, 0x1C, 0x08, 0x43
	.byte 0x10, 0x80, 0x44, 0x46, 0x60, 0x6B, 0xA1, 0x6B, 0x02, 0x4B, 0x01, 0x4A, 0x10, 0x43, 0x4D, 0xE0
	.byte 0x00, 0x00, 0x00, 0x10, 0x00, 0x00, 0x80, 0x00, 0xAF, 0x26, 0x76, 0x00, 0xBA, 0x19, 0x11, 0x88
	.byte 0x80, 0x23, 0x5B, 0x01, 0x18, 0x1C, 0x08, 0x43, 0x10, 0x80, 0x44, 0x46, 0x60, 0x6B, 0xA1, 0x6B
	.byte 0x02, 0x4B, 0x01, 0x4A, 0x10, 0x43, 0x39, 0xE0, 0x00, 0x00, 0x00, 0x08, 0x00, 0x40, 0x00, 0x00
	.byte 0xAF, 0x26, 0x76, 0x00, 0xBA, 0x19, 0x11, 0x88, 0x80, 0x23, 0x5B, 0x01, 0x18, 0x1C, 0x08, 0x43
	.byte 0x10, 0x80, 0x44, 0x46, 0x60, 0x6B, 0xA1, 0x6B, 0x02, 0x4B, 0x01, 0x4A, 0x26, 0xE0, 0x00, 0x00
	.byte 0x00, 0x00, 0x00, 0x00, 0x00, 0x00, 0x1E, 0x01, 0xAF, 0x26, 0x76, 0x00, 0xBA, 0x19, 0x11, 0x88
	.byte 0x80, 0x23, 0x5B, 0x01, 0x18, 0x1C, 0x08, 0x43, 0x10, 0x80, 0x44, 0x46, 0x60, 0x6B, 0xA1, 0x6B
	.byte 0x02, 0x4B, 0x01, 0x4A, 0x10, 0x43, 0x11, 0xE0, 0x00, 0x00, 0x00, 0x08, 0x00, 0x00, 0xA0, 0x00
	.byte 0xAF, 0x26, 0x76, 0x00, 0xBA, 0x19, 0x11, 0x88, 0x80, 0x23, 0x5B, 0x01, 0x18, 0x1C, 0x08, 0x43
	.byte 0x10, 0x80, 0x44, 0x46, 0x60, 0x6B, 0xA1, 0x6B, 0x11, 0x4B, 0x10, 0x4A, 0x19, 0x43, 0x45, 0x46
	.byte 0x68, 0x63, 0xA9, 0x63, 0x46, 0x46, 0x70, 0x6B, 0xB1, 0x6B, 0x0E, 0x4A, 0x10, 0x40, 0x42, 0x46
	.byte 0x50, 0x63, 0x91, 0x63, 0x12, 0x9B, 0x18, 0x68, 0xF4, 0x30, 0x00, 0x68, 0x18, 0x28, 0x00, 0xD1
	.byte 0x9D, 0xE0, 0x18, 0x28, 0x10, 0xD8, 0x17, 0x28, 0x58, 0xD0, 0x40, 0x32, 0x0F, 0x92, 0x44, 0x46
	.byte 0xE8, 0x34, 0x13, 0x94, 0x45, 0x46, 0x6C, 0x35, 0x10, 0x95, 0x47, 0xE0, 0x00, 0x00, 0x00, 0x00
	.byte 0x00, 0x00, 0x1C, 0x00, 0xFF, 0x7F, 0xFF, 0xFF, 0x41, 0x46, 0x40, 0x31, 0x0F, 0x91, 0x42, 0x46
	.byte 0xE8, 0x32, 0x13, 0x92, 0x43, 0x46, 0x6C, 0x33, 0x10, 0x93, 0x44, 0x46, 0x6E, 0x34, 0x11, 0x94
	.byte 0x33, 0x28, 0x00, 0xD0, 0xD2, 0xE0, 0x38, 0x1C, 0xFF, 0xF7, 0x96, 0xFC, 0x04, 0x1C, 0x00, 0x2C
	.byte 0x00, 0xD1, 0xCB, 0xE0, 0x64, 0x68, 0x45, 0x46, 0x6B, 0x68, 0x9C, 0x42, 0x07, 0xDA, 0x68, 0x6B
	.byte 0xA9, 0x6B, 0x04, 0x22, 0x10, 0x40, 0x00, 0x21, 0x08, 0x43, 0x00, 0x28, 0x0C, 0xD1, 0x9C, 0x42
	.byte 0x00, 0xDC, 0xBB, 0xE0, 0x46, 0x46, 0x70, 0x6B, 0xB1, 0x6B, 0x04, 0x22, 0x10, 0x40, 0x00, 0x21
	.byte 0x08, 0x43, 0x00, 0x28, 0x00, 0xD0, 0xB1, 0xE0, 0x42, 0x46, 0x50, 0x6B, 0x91, 0x6B, 0x0A, 0x4B
	.byte 0x08, 0x4A, 0x10, 0x43, 0x43, 0x46, 0x58, 0x63, 0x99, 0x63, 0x40, 0x33, 0x0F, 0x93, 0x44, 0x46
	.byte 0xE8, 0x34, 0x13, 0x94, 0x45, 0x46, 0x6C, 0x35, 0x10, 0x95, 0x46, 0x46, 0x6E, 0x36, 0x11, 0x96
	.byte 0x9C, 0xE0, 0x00, 0x00, 0x00, 0x80, 0x00, 0x00, 0x00, 0x00, 0x00, 0x00, 0x40, 0x46, 0x86, 0x8D
	.byte 0x2C, 0x21, 0x40, 0x5E, 0x42, 0x46, 0x40, 0x32, 0x0F, 0x92, 0x43, 0x46, 0xE8, 0x33, 0x13, 0x93
	.byte 0x44, 0x46, 0x6C, 0x34, 0x10, 0x94, 0x45, 0x46, 0x6E, 0x35, 0x11, 0x95, 0x00, 0x28, 0x00, 0xDC
	.byte 0x84, 0xE0, 0x41, 0x46, 0xCD, 0x8D, 0x2E, 0x22, 0x8C, 0x5E, 0xA0, 0x42, 0x00, 0xDB, 0x7D, 0xE0
	.byte 0xD4, 0x23, 0x5B, 0x00, 0xF8, 0x18, 0x00, 0x88, 0x78, 0x21, 0xF4, 0xF0, 0xDD, 0xFE, 0x00, 0x04
	.byte 0x00, 0x28, 0x73, 0xD1, 0x41, 0x46, 0x2E, 0x22, 0x88, 0x5E, 0x2C, 0x23, 0xC9, 0x5E, 0x40, 0x1A
	.byte 0x40, 0x03, 0x01, 0x0C, 0x00, 0x14, 0x00, 0x28, 0x00, 0xDC, 0x01, 0x21, 0x08, 0x04, 0x00, 0x14
	.byte 0x80, 0x19, 0x46, 0x46, 0xB0, 0x85, 0x00, 0x04, 0x00, 0x14, 0xA0, 0x42, 0x00, 0xDD, 0xB5, 0x85
	.byte 0x12, 0x98, 0x01, 0x68, 0xF8, 0x31, 0x08, 0x88, 0x01, 0x38, 0x08, 0x80, 0x56, 0xE0, 0xD4, 0x21
	.byte 0x49, 0x00, 0x78, 0x18, 0x00, 0x88, 0xB4, 0x21, 0xF4, 0xF0, 0xB6, 0xFE, 0x00, 0x04, 0x42, 0x46
	.byte 0x40, 0x32, 0x0F, 0x92, 0x43, 0x46, 0xE8, 0x33, 0x13, 0x93, 0x44, 0x46, 0x6C, 0x34, 0x10, 0x94
	.byte 0x45, 0x46, 0x6E, 0x35, 0x11, 0x95, 0x00, 0x28, 0x40, 0xD1, 0x0A, 0x48, 0x03, 0x68, 0x98, 0x6E
	.byte 0xD9, 0x6E, 0x80, 0x22, 0xD2, 0x01, 0x10, 0x40, 0x00, 0x21, 0x08, 0x43, 0x00, 0x28, 0x22, 0xD0
	.byte 0xBC, 0x26, 0x76, 0x00, 0xB8, 0x19, 0x00, 0x78, 0x00, 0x28, 0x07, 0xD0, 0x02, 0x48, 0x00, 0x68
	.byte 0xC1, 0x6F, 0x04, 0xE0, 0x84, 0x9B, 0x03, 0x02, 0x9C, 0x9B, 0x03, 0x02, 0xD9, 0x6F, 0x8A, 0x8D
	.byte 0x2C, 0x23, 0xC8, 0x5E, 0x44, 0x46, 0x40, 0x34, 0x0F, 0x94, 0x45, 0x46, 0xE8, 0x35, 0x13, 0x95
	.byte 0x46, 0x46, 0x6C, 0x36, 0x10, 0x96, 0x43, 0x46, 0x6E, 0x33, 0x11, 0x93, 0x01, 0x28, 0x15, 0xDD
	.byte 0x50, 0x1E, 0x88, 0x85, 0x12, 0xE0, 0x18, 0x1C, 0x80, 0x30, 0xD8, 0xF7, 0xD5, 0xF8, 0x0A, 0xE0
	.byte 0x8A, 0x8D, 0x2C, 0x24, 0x08, 0x5F, 0x01, 0x28, 0x01, 0xDD, 0x50, 0x1E, 0x88, 0x85, 0x08, 0x1C
	.byte 0xB8, 0x30, 0xD8, 0xF7, 0xED, 0xF8, 0x01, 0x1C, 0x00, 0x29, 0xF1, 0xD1, 0x0B, 0x48, 0x00, 0x68
	.byte 0xC1, 0x6E, 0x80, 0x6E, 0x80, 0x22, 0xD2, 0x01, 0x10, 0x40, 0x00, 0x21, 0x08, 0x43, 0x00, 0x28
	.byte 0x18, 0xD0, 0x07, 0x4D, 0x78, 0x19, 0x00, 0x78, 0x00, 0x28, 0x0B, 0xD0, 0xDF, 0xF7, 0xA4, 0xFE
	.byte 0x00, 0x04, 0x00, 0x0C, 0x0C, 0x90, 0xDF, 0xF7, 0xB7, 0xFE, 0x12, 0xE0, 0x84, 0x9B, 0x03, 0x02
	.byte 0x79, 0x01, 0x00, 0x00, 0xDF, 0xF7, 0xA4, 0xFE, 0x00, 0x04, 0x00, 0x0C, 0x0C, 0x90, 0xDF, 0xF7
	.byte 0xB7, 0xFE, 0x06, 0xE0, 0xD8, 0xF7, 0x1C, 0xFC, 0x00, 0x04, 0x00, 0x0C, 0x0C, 0x90, 0xD8, 0xF7
	.byte 0x1D, 0xFC, 0x00, 0x04, 0x00, 0x0C, 0x0D, 0x90, 0x13, 0x9E, 0x30, 0x68, 0x03, 0x28, 0x1D, 0xD1
	.byte 0x0C, 0x98, 0x20, 0x21, 0x10, 0x22, 0xFF, 0xF7, 0x5D, 0xFC, 0x00, 0x04, 0x00, 0x0C, 0x0C, 0x90
	.byte 0x40, 0x21, 0x80, 0x22, 0xFF, 0xF7, 0x56, 0xFC, 0x00, 0x04, 0x00, 0x0C, 0x0C, 0x90, 0x0D, 0x98
	.byte 0x20, 0x21, 0x10, 0x22, 0xFF, 0xF7, 0x4E, 0xFC, 0x00, 0x04, 0x00, 0x0C, 0x0D, 0x90, 0x40, 0x21
	.byte 0x80, 0x22, 0xFF, 0xF7, 0x47, 0xFC, 0x00, 0x04, 0x00, 0x0C, 0x0D, 0x90, 0xF8, 0x6B, 0x08, 0x28
	.byte 0x30, 0xD0, 0x12, 0x99, 0x08, 0x68, 0xC1, 0x6E, 0x80, 0x6E, 0x10, 0x22, 0x00, 0x24, 0x10, 0x40
	.byte 0x00, 0x21, 0x08, 0x43, 0x00, 0x28, 0x25, 0xD0, 0x42, 0x46, 0x50, 0x6B, 0x91, 0x6B, 0x0E, 0x4B
	.byte 0x0C, 0x4A, 0x10, 0x43, 0x43, 0x46, 0x58, 0x63, 0x99, 0x63, 0x08, 0x20, 0xF8, 0x63, 0xAD, 0x25
	.byte 0x6D, 0x00, 0x78, 0x19, 0x04, 0x80, 0xAC, 0x26, 0x76, 0x00, 0xB8, 0x19, 0x04, 0x80, 0x58, 0x6B
	.byte 0x99, 0x6B, 0x06, 0x4A, 0x06, 0x4B, 0x10, 0x43, 0x42, 0x46, 0x50, 0x63, 0x91, 0x63, 0x00, 0xF0
	.byte 0xFA, 0xFB, 0x00, 0x00, 0x00, 0x00, 0x80, 0x00, 0x00, 0x00, 0x00, 0x00, 0x00, 0x01, 0x00, 0x00
	.byte 0x00, 0x00, 0x00, 0x00, 0x40, 0x46, 0xF2, 0xF7, 0xCF, 0xF8, 0x01, 0x38, 0x0A, 0x28, 0x01, 0xD9
	.byte 0x00, 0xF0, 0xE9, 0xFB, 0x80, 0x00, 0x02, 0x49, 0x40, 0x18, 0x00, 0x68, 0x87, 0x46, 0x00, 0x00
	.byte 0x28, 0x8C, 0x02, 0x08, 0x54, 0x8C, 0x02, 0x08, 0xF8, 0x8C, 0x02, 0x08, 0xB4, 0x8C, 0x02, 0x08
	.byte 0x64, 0x92, 0x02, 0x08, 0x34, 0x8D, 0x02, 0x08, 0x4A, 0x93, 0x02, 0x08, 0x54, 0x8C, 0x02, 0x08
	.byte 0xB4, 0x8C, 0x02, 0x08, 0x80, 0x91, 0x02, 0x08, 0xA8, 0x93, 0x02, 0x08, 0x4A, 0x93, 0x02, 0x08
	.byte 0xB0, 0x23, 0x5B, 0x00, 0xF8, 0x18, 0x00, 0x25, 0x05, 0x60, 0x0D, 0x48, 0x00, 0x68, 0xC1, 0x6E
	.byte 0x80, 0x6E, 0x80, 0x22, 0x12, 0x02, 0x00, 0x20, 0x11, 0x40, 0x0C, 0x1C, 0x04, 0x43, 0x00, 0x2C
	.byte 0x10, 0xD0, 0x05, 0x38, 0xFF, 0xF7, 0x26, 0xFC, 0x24, 0x20, 0xF8, 0x63, 0xAD, 0x24, 0x64, 0x00
	.byte 0x38, 0x19, 0x05, 0x80, 0xAC, 0x26, 0x76, 0x00, 0xB8, 0x19, 0x05, 0x80, 0xAB, 0xE3, 0x00, 0x00
	.byte 0x84, 0x9B, 0x03, 0x02, 0x01, 0x20, 0xFF, 0xF7, 0x15, 0xFC, 0x06, 0x20, 0xF8, 0x63, 0xAD, 0x21
	.byte 0x49, 0x00, 0x78, 0x18, 0x04, 0x80, 0xAC, 0x22, 0x52, 0x00, 0xB8, 0x18, 0x04, 0x80, 0x9A, 0xE3
	.byte 0x38, 0x1C, 0xFF, 0xF7, 0xD7, 0xFB, 0xB0, 0x23, 0x5B, 0x00, 0xF8, 0x18, 0x00, 0x21, 0x01, 0x60
	.byte 0x12, 0x9C, 0x20, 0x68, 0xF4, 0x30, 0x00, 0x68, 0x1B, 0x28, 0x09, 0xD1, 0x14, 0x20, 0xF8, 0x63
	.byte 0xAD, 0x25, 0x6D, 0x00, 0x78, 0x19, 0x01, 0x80, 0xAC, 0x26, 0x76, 0x00, 0xB8, 0x19, 0x81, 0xE3
	.byte 0x07, 0x20, 0xF8, 0x63, 0xAD, 0x22, 0x52, 0x00, 0xB8, 0x18, 0x01, 0x80, 0xAC, 0x23, 0x5B, 0x00
	.byte 0xF8, 0x18, 0x77, 0xE3, 0x44, 0x46, 0x60, 0x6B, 0xA1, 0x6B, 0x0C, 0x4A, 0x10, 0x40, 0x45, 0x46
	.byte 0x68, 0x63, 0xA9, 0x63, 0x01, 0x20, 0xF8, 0x63, 0xAD, 0x26, 0x76, 0x00, 0xB8, 0x19, 0x00, 0x21
	.byte 0x01, 0x80, 0xAC, 0x22, 0x52, 0x00, 0xB8, 0x18, 0x01, 0x80, 0x68, 0x6B, 0xA9, 0x6B, 0x02, 0x22
	.byte 0x52, 0x42, 0x10, 0x40, 0x43, 0x46, 0x58, 0x63, 0x99, 0x63, 0x5C, 0xE3, 0xFF, 0xDF, 0xFF, 0xFF
	.byte 0x38, 0x1C, 0xFE, 0xF7, 0x85, 0xFB, 0xAC, 0x24, 0x64, 0x00, 0x39, 0x19, 0x00, 0x20, 0x08, 0x80
	.byte 0x12, 0x9D, 0x2B, 0x68, 0x98, 0x6E, 0xD9, 0x6E, 0x26, 0x4A, 0x10, 0x40, 0x98, 0x66, 0xD9, 0x66
	.byte 0x2B, 0x68, 0x98, 0x6E, 0xD9, 0x6E, 0x09, 0x22, 0x52, 0x42, 0x10, 0x40, 0x98, 0x66, 0xD9, 0x66
	.byte 0xAF, 0x26, 0x76, 0x00, 0xBA, 0x19, 0x10, 0x88, 0x80, 0x21, 0x08, 0x43, 0x10, 0x80, 0x05, 0xA8
	.byte 0x82, 0xF0, 0x84, 0xFE, 0x02, 0x1C, 0x91, 0x2A, 0x22, 0xD1, 0x2E, 0x68, 0xB4, 0x6E, 0xF5, 0x6E
	.byte 0x02, 0x20, 0x21, 0x1C, 0x01, 0x40, 0x00, 0x22, 0x10, 0x1C, 0x08, 0x43, 0x00, 0x28, 0x0B, 0xD1
	.byte 0x02, 0x22, 0x00, 0x23, 0x20, 0x1C, 0x10, 0x43, 0x29, 0x1C, 0xB0, 0x66, 0xF1, 0x66, 0x12, 0x99
	.byte 0x08, 0x68, 0xB2, 0x30, 0x00, 0x21, 0x01, 0x70, 0x12, 0x9A, 0x11, 0x68, 0xB2, 0x31, 0x00, 0x20
	.byte 0x08, 0x56, 0x80, 0x00, 0x68, 0x44, 0x14, 0x30, 0x02, 0x68, 0x08, 0x78, 0x01, 0x30, 0x08, 0x70
	.byte 0x33, 0x2A, 0x6C, 0xD0, 0x33, 0x2A, 0x22, 0xD8, 0x2F, 0x2A, 0x41, 0xD0, 0x2F, 0x2A, 0x0B, 0xD8
	.byte 0x2D, 0x2A, 0x00, 0xD1, 0x95, 0xE0, 0x2D, 0x2A, 0x00, 0xD9, 0xE4, 0xE0, 0x12, 0x2A, 0x00, 0xD1
	.byte 0xE4, 0xE0, 0x7D, 0xE1, 0xFF, 0xFF, 0xFF, 0xBF, 0x31, 0x2A, 0x38, 0xD0, 0x31, 0x2A, 0x45, 0xD8
	.byte 0x05, 0x20, 0xF8, 0x63, 0xAD, 0x23, 0x5B, 0x00, 0xF8, 0x18, 0x00, 0x21, 0x01, 0x80, 0xAC, 0x24
	.byte 0x64, 0x00, 0x38, 0x19, 0x01, 0x80, 0xB3, 0x25, 0x6D, 0x00, 0x79, 0x19, 0xA5, 0xE0, 0x8A, 0x2A
	.byte 0x00, 0xD1, 0xC2, 0xE0, 0x8A, 0x2A, 0x07, 0xD8, 0x35, 0x2A, 0x61, 0xD0, 0x35, 0x2A, 0x4F, 0xD3
	.byte 0x89, 0x2A, 0x00, 0xD1, 0xB6, 0xE0, 0x5B, 0xE1, 0x04, 0x48, 0x82, 0x42, 0x00, 0xD1, 0x81, 0xE0
	.byte 0x82, 0x42, 0x05, 0xD8, 0x8B, 0x2A, 0x00, 0xD1, 0xB2, 0xE0, 0x51, 0xE1, 0x9F, 0x7E, 0x0A, 0x80
	.byte 0x02, 0x48, 0x82, 0x42, 0x00, 0xD1, 0x8D, 0xE0, 0x4A, 0xE1, 0x00, 0x00, 0x9F, 0x7E, 0xFA, 0xE9
	.byte 0x05, 0x20, 0xF8, 0x63, 0xAD, 0x26, 0x76, 0x00, 0xB8, 0x19, 0x00, 0x22, 0x35, 0xE0, 0x05, 0x20
	.byte 0xF8, 0x63, 0xAD, 0x25, 0x6D, 0x00, 0x78, 0x19, 0x00, 0x21, 0x01, 0x80, 0xAC, 0x26, 0x76, 0x00
	.byte 0xB8, 0x19, 0x01, 0x80, 0xB3, 0x20, 0x40, 0x00, 0x39, 0x18, 0x86, 0xE0, 0x05, 0x20, 0xF8, 0x63
	.byte 0xAD, 0x21, 0x49, 0x00, 0x78, 0x18, 0x00, 0x21, 0x01, 0x80, 0xAC, 0x22, 0x52, 0x00, 0xB8, 0x18
	.byte 0x01, 0x80, 0xB3, 0x23, 0x5B, 0x00, 0xF9, 0x18, 0x03, 0x20, 0x08, 0x70, 0x36, 0xE1, 0x05, 0x20
	.byte 0xF8, 0x63, 0xAD, 0x24, 0x64, 0x00, 0x38, 0x19, 0x00, 0x21, 0x01, 0x80, 0xAC, 0x25, 0x6D, 0x00
	.byte 0x78, 0x19, 0x01, 0x80, 0xB3, 0x26, 0x76, 0x00, 0xB9, 0x19, 0x04, 0x20, 0x08, 0x70, 0x25, 0xE1
	.byte 0x05, 0x22, 0xFA, 0x63, 0xAD, 0x21, 0x49, 0x00, 0x78, 0x18, 0x00, 0x21, 0x01, 0x80, 0xAC, 0x23
	.byte 0x5B, 0x00, 0xF8, 0x18, 0x01, 0x80, 0xB3, 0x24, 0x64, 0x00, 0x38, 0x19, 0x02, 0x70, 0x15, 0xE1
	.byte 0x05, 0x20, 0xF8, 0x63, 0xAD, 0x25, 0x6D, 0x00, 0x78, 0x19, 0x00, 0x21, 0x01, 0x80, 0xAC, 0x26
	.byte 0x76, 0x00, 0xB8, 0x19, 0x01, 0x80, 0xB3, 0x20, 0x40, 0x00, 0x39, 0x18, 0x06, 0x20, 0x08, 0x70
	.byte 0x04, 0xE1, 0x18, 0x20, 0xF8, 0x63, 0xAD, 0x21, 0x49, 0x00, 0x78, 0x18, 0x00, 0x22, 0x00, 0x21
	.byte 0x01, 0x80, 0xAC, 0x23, 0x5B, 0x00, 0xF8, 0x18, 0x01, 0x80, 0xC8, 0x24, 0x64, 0x00, 0x39, 0x19
	.byte 0x03, 0x48, 0x08, 0x60, 0xB3, 0x25, 0x6D, 0x00, 0x78, 0x19, 0x02, 0x70, 0xEE, 0xE0, 0x00, 0x00
	.byte 0xD0, 0xB4, 0xED, 0x09, 0x18, 0x20, 0xF8, 0x63, 0xAD, 0x26, 0x76, 0x00, 0xB8, 0x19, 0x00, 0x21
	.byte 0x01, 0x80, 0xAC, 0x22, 0x52, 0x00, 0xB8, 0x18, 0x01, 0x80, 0xC8, 0x23, 0x5B, 0x00, 0xF9, 0x18
	.byte 0x03, 0x48, 0x08, 0x60, 0xB3, 0x24, 0x64, 0x00, 0x39, 0x19, 0x01, 0x20, 0x08, 0x70, 0xD5, 0xE0
	.byte 0xD0, 0xB4, 0xED, 0x09, 0x18, 0x20, 0xF8, 0x63, 0xAD, 0x25, 0x6D, 0x00, 0x78, 0x19, 0x00, 0x21
	.byte 0x01, 0x80, 0xAC, 0x26, 0x76, 0x00, 0xB8, 0x19, 0x01, 0x80, 0xC8, 0x20, 0x40, 0x00, 0x39, 0x18
	.byte 0x03, 0x48, 0x08, 0x60, 0xB3, 0x22, 0x52, 0x00, 0xB9, 0x18, 0x02, 0x20, 0x08, 0x70, 0xBD, 0xE0
	.byte 0xD0, 0xB4, 0xED, 0x09, 0x2B, 0x20, 0xF8, 0x63, 0xB8, 0xE0, 0x30, 0x20, 0xF8, 0x63, 0xB5, 0xE0
	.byte 0x31, 0x20, 0xF8, 0x63, 0xB2, 0xE0, 0x1F, 0x20, 0xF8, 0x63, 0xAF, 0xE0, 0x0A, 0x48, 0x00, 0x68
	.byte 0xC1, 0x6E, 0x80, 0x6E, 0x80, 0x22, 0x12, 0x02, 0x00, 0x20, 0x11, 0x40, 0x08, 0x43, 0x00, 0x28
	.byte 0x00, 0xD1, 0x89, 0xE0, 0xF8, 0x6B, 0x25, 0x38, 0x18, 0x28, 0x79, 0xD8, 0x80, 0x00, 0x03, 0x49
	.byte 0x40, 0x18, 0x00, 0x68, 0x87, 0x46, 0x00, 0x00, 0x84, 0x9B, 0x03, 0x02, 0xE4, 0x8F, 0x02, 0x08
	.byte 0x48, 0x90, 0x02, 0x08, 0x48, 0x90, 0x02, 0x08, 0xC4, 0x90, 0x02, 0x08, 0xC4, 0x90, 0x02, 0x08
	.byte 0x6C, 0x90, 0x02, 0x08, 0xC4, 0x90, 0x02, 0x08, 0xC4, 0x90, 0x02, 0x08, 0xC4, 0x90, 0x02, 0x08
	.byte 0xC4, 0x90, 0x02, 0x08, 0xC4, 0x90, 0x02, 0x08, 0xC4, 0x90, 0x02, 0x08, 0xC4, 0x90, 0x02, 0x08
	.byte 0xC4, 0x90, 0x02, 0x08, 0xC4, 0x90, 0x02, 0x08, 0xC4, 0x90, 0x02, 0x08, 0xC4, 0x90, 0x02, 0x08
	.byte 0xC4, 0x90, 0x02, 0x08, 0xC4, 0x90, 0x02, 0x08, 0xC4, 0x90, 0x02, 0x08, 0xAC, 0x90, 0x02, 0x08
	.byte 0xC4, 0x90, 0x02, 0x08, 0xC4, 0x90, 0x02, 0x08, 0xC4, 0x90, 0x02, 0x08, 0x94, 0x90, 0x02, 0x08
	.byte 0xAC, 0x90, 0x02, 0x08, 0x07, 0x4D, 0x79, 0x19, 0x00, 0x20, 0x08, 0x70, 0x29, 0x21, 0xF9, 0x63
	.byte 0xAD, 0x26, 0x76, 0x00, 0xB9, 0x19, 0x08, 0x80, 0xAC, 0x22, 0x52, 0x00, 0xB9, 0x18, 0x08, 0x80
	.byte 0x54, 0xE0, 0x00, 0x00, 0x65, 0x01, 0x00, 0x00, 0x08, 0x4B, 0xFA, 0x18, 0x10, 0x78, 0x01, 0x30
	.byte 0x00, 0x21, 0x10, 0x70, 0x29, 0x20, 0xF8, 0x63, 0xAD, 0x24, 0x64, 0x00, 0x38, 0x19, 0x01, 0x80
	.byte 0xAC, 0x25, 0x6D, 0x00, 0x78, 0x19, 0x01, 0x80, 0x40, 0xE0, 0x00, 0x00, 0x65, 0x01, 0x00, 0x00
	.byte 0x3D, 0x20, 0xF8, 0x63, 0xAD, 0x26, 0x76, 0x00, 0xB8, 0x19, 0x00, 0x21, 0x01, 0x80, 0xAC, 0x22
	.byte 0x52, 0x00, 0xB8, 0x18, 0x01, 0x80, 0x31, 0xE0, 0x2A, 0x20, 0xF8, 0x63, 0xAD, 0x23, 0x5B, 0x00
	.byte 0xF8, 0x18, 0x00, 0x21, 0x01, 0x80, 0xAC, 0x24, 0x64, 0x00, 0x38, 0x19, 0x01, 0x80, 0x25, 0xE0
	.byte 0x3C, 0x20, 0xF8, 0x63, 0xAD, 0x25, 0x6D, 0x00, 0x78, 0x19, 0x00, 0x21, 0x01, 0x80, 0xAC, 0x26
	.byte 0x76, 0x00, 0xB8, 0x19, 0x01, 0x80, 0x19, 0xE0, 0x38, 0x1C, 0xFE, 0xF7, 0xFF, 0xFF, 0x15, 0xE0
	.byte 0x07, 0x48, 0x00, 0x68, 0xC1, 0x6E, 0x80, 0x6E, 0x80, 0x22, 0x12, 0x02, 0x00, 0x20, 0x11, 0x40
	.byte 0x08, 0x43, 0x00, 0x28, 0x06, 0xD0, 0x38, 0x1C, 0x23, 0x21, 0xFE, 0xF7, 0xDD, 0xFF, 0x05, 0xE0
	.byte 0x84, 0x9B, 0x03, 0x02, 0x38, 0x1C, 0x01, 0x21, 0xFE, 0xF7, 0xD6, 0xFF, 0x12, 0x99, 0x08, 0x68
	.byte 0x83, 0x6F, 0x00, 0x2B, 0x20, 0xD0, 0x42, 0x46, 0x54, 0x6B, 0x95, 0x6B, 0x04, 0x20, 0x21, 0x1C
	.byte 0x01, 0x40, 0x00, 0x22, 0x10, 0x1C, 0x08, 0x43, 0x00, 0x28, 0x08, 0xD0, 0x46, 0x46, 0x71, 0x68
	.byte 0x58, 0x68, 0x81, 0x42, 0x10, 0xDA, 0x05, 0x3A, 0x20, 0x1C, 0x10, 0x40, 0x08, 0xE0, 0x46, 0x46
	.byte 0x71, 0x68, 0x58, 0x68, 0x81, 0x42, 0x07, 0xDD, 0x04, 0x22, 0x00, 0x23, 0x20, 0x1C, 0x10, 0x43
	.byte 0x29, 0x1C, 0x42, 0x46, 0x50, 0x63, 0x91, 0x63, 0x38, 0x1C, 0x10, 0x30, 0xDC, 0xF7, 0x00, 0xFD
	.byte 0xB0, 0x23, 0x5B, 0x00, 0xF8, 0x18, 0x00, 0x21, 0x01, 0x60, 0x84, 0x22, 0x52, 0x00, 0x42, 0x44
	.byte 0x86, 0x20, 0x40, 0x00, 0x40, 0x44, 0x01, 0x60, 0x11, 0x60, 0x34, 0xE1, 0x2C, 0x4C, 0xA1, 0x46
	.byte 0x26, 0x68, 0xB4, 0x6E, 0xF5, 0x6E, 0x40, 0x20, 0x00, 0x21, 0x8A, 0x46, 0x21, 0x1C, 0x01, 0x40
	.byte 0x00, 0x22, 0x10, 0x1C, 0x08, 0x43, 0x00, 0x28, 0x06, 0xD1, 0x26, 0x4A, 0x26, 0x4B, 0x20, 0x1C
	.byte 0x10, 0x43, 0x29, 0x1C, 0xB0, 0x66, 0xF1, 0x66, 0x80, 0x25, 0x6D, 0x00, 0x4A, 0x46, 0x10, 0x68
	.byte 0x02, 0x69, 0x43, 0x69, 0x0C, 0x20, 0x29, 0x1C, 0xEF, 0xF7, 0x48, 0xFF, 0x0F, 0x98, 0x00, 0x21
	.byte 0xE9, 0xF7, 0x26, 0xFA, 0x43, 0x46, 0x58, 0x6B, 0x99, 0x6B, 0x1C, 0x4A, 0x1C, 0x4B, 0x10, 0x40
	.byte 0x19, 0x40, 0x44, 0x46, 0x60, 0x63, 0xA1, 0x63, 0x38, 0x1C, 0xFE, 0xF7, 0x31, 0xF9, 0x12, 0x9E
	.byte 0x34, 0x68, 0xA0, 0x6E, 0xE1, 0x6E, 0x17, 0x4A, 0x17, 0x4B, 0x10, 0x43, 0xA0, 0x66, 0xE1, 0x66
	.byte 0xB0, 0x21, 0x49, 0x00, 0x78, 0x18, 0x52, 0x46, 0x02, 0x60, 0xCE, 0x23, 0x5B, 0x00, 0xF9, 0x18
	.byte 0xD0, 0x24, 0x64, 0x00, 0x38, 0x19, 0x05, 0x60, 0x0D, 0x60, 0x4D, 0x46, 0x28, 0x68, 0xC1, 0x6E
	.byte 0x80, 0x6E, 0x80, 0x22, 0x12, 0x02, 0x00, 0x20, 0x11, 0x40, 0x01, 0x43, 0x00, 0x29, 0x15, 0xD0
	.byte 0x10, 0x20, 0xF8, 0x63, 0xAD, 0x26, 0x76, 0x00, 0xB8, 0x19, 0x51, 0x46, 0xD6, 0xE0, 0x00, 0x00
	.byte 0x84, 0x9B, 0x03, 0x02, 0x00, 0x00, 0x40, 0x00, 0x00, 0x00, 0x00, 0x00, 0xFF, 0xFF, 0x7F, 0xFF
	.byte 0xFB, 0xDF, 0xFF, 0xFF, 0x00, 0x00, 0x00, 0x40, 0x00, 0x00, 0x00, 0x00, 0x0F, 0x20, 0xF8, 0x63
	.byte 0xAD, 0x23, 0x5B, 0x00, 0xF8, 0x18, 0x01, 0x80, 0xAC, 0x24, 0x64, 0x00, 0x38, 0x19, 0xC1, 0xE0
	.byte 0xF8, 0x6B, 0x1B, 0x28, 0x08, 0xD8, 0x18, 0x28, 0x06, 0xD3, 0x45, 0x46, 0x68, 0x69, 0x68, 0x60
	.byte 0xA8, 0x69, 0xA8, 0x60, 0xE8, 0x69, 0xE8, 0x60, 0xCE, 0x26, 0x76, 0x00, 0xBA, 0x19, 0xD0, 0x20
	.byte 0x40, 0x00, 0x39, 0x18, 0xA0, 0x38, 0x08, 0x60, 0x10, 0x60, 0x0F, 0x98, 0x00, 0x21, 0xE9, 0xF7
	.byte 0xBF, 0xF9, 0x38, 0x1C, 0xFE, 0xF7, 0xD4, 0xF8, 0x42, 0x46, 0x50, 0x6B, 0x91, 0x6B, 0x1B, 0x4B
	.byte 0x19, 0x4A, 0x10, 0x40, 0x19, 0x40, 0x43, 0x46, 0x58, 0x63, 0x99, 0x63, 0x12, 0x9D, 0x2C, 0x68
	.byte 0xA0, 0x6E, 0xE1, 0x6E, 0x16, 0x4A, 0x17, 0x4B, 0x10, 0x43, 0xA0, 0x66, 0xE1, 0x66, 0x3C, 0x3E
	.byte 0xB8, 0x19, 0x00, 0x24, 0x04, 0x60, 0x14, 0x48, 0x03, 0x68, 0x98, 0x6E, 0xD9, 0x6E, 0x80, 0x22
	.byte 0x12, 0x02, 0x00, 0x20, 0x11, 0x40, 0x01, 0x43, 0x00, 0x29, 0x2A, 0xD0, 0xE4, 0x21, 0x49, 0x00
	.byte 0x58, 0x18, 0x00, 0x22, 0x80, 0x5E, 0x00, 0x28, 0x18, 0xDC, 0x38, 0x1C, 0xFF, 0xF7, 0xBA, 0xF8
	.byte 0x0B, 0x20, 0xF8, 0x63, 0xAD, 0x23, 0x5B, 0x00, 0xF8, 0x18, 0x04, 0x80, 0xAC, 0x25, 0x6D, 0x00
	.byte 0x78, 0x19, 0x04, 0x80, 0x6F, 0xE0, 0x00, 0x00, 0xFF, 0xFF, 0x7F, 0xFF, 0xFB, 0xDF, 0xFF, 0xFF
	.byte 0x00, 0x00, 0x00, 0x40, 0x00, 0x00, 0x00, 0x00, 0x84, 0x9B, 0x03, 0x02, 0x37, 0x20, 0xF8, 0x63
	.byte 0xAD, 0x26, 0x76, 0x00, 0xB8, 0x19, 0x04, 0x80, 0xAC, 0x21, 0x49, 0x00, 0x78, 0x18, 0x04, 0x80
	.byte 0x59, 0xE0, 0x0B, 0x20, 0xF8, 0x63, 0xAD, 0x22, 0x52, 0x00, 0xB8, 0x18, 0x01, 0x80, 0xAC, 0x23
	.byte 0x5B, 0x00, 0xF8, 0x18, 0x4E, 0xE0, 0xB0, 0x24, 0x64, 0x00, 0x38, 0x19, 0x00, 0x25, 0x05, 0x60
	.byte 0x0C, 0x48, 0x00, 0x68, 0xC1, 0x6E, 0x80, 0x6E, 0x80, 0x22, 0x12, 0x02, 0x00, 0x20, 0x11, 0x40
	.byte 0x0C, 0x1C, 0x04, 0x43, 0x00, 0x2C, 0x0F, 0xD0, 0x05, 0x38, 0xFF, 0xF7, 0xAB, 0xF8, 0x3E, 0x20
	.byte 0xF8, 0x63, 0xAD, 0x26, 0x76, 0x00, 0xB8, 0x19, 0x05, 0x80, 0xAC, 0x21, 0x49, 0x00, 0x78, 0x18
	.byte 0x05, 0x80, 0x30, 0xE0, 0x84, 0x9B, 0x03, 0x02, 0x01, 0x20, 0xFF, 0xF7, 0x9B, 0xF8, 0x0D, 0x20
	.byte 0xF8, 0x63, 0xAD, 0x22, 0x52, 0x00, 0xB8, 0x18, 0x04, 0x80, 0xAC, 0x23, 0x5B, 0x00, 0xF8, 0x18
	.byte 0x04, 0x80, 0x20, 0xE0, 0xF8, 0x6B, 0x11, 0x28, 0x1D, 0xD0, 0xAF, 0x24, 0x64, 0x00, 0x3B, 0x19
	.byte 0x1A, 0x88, 0x80, 0x20, 0x00, 0x21, 0x10, 0x43, 0x18, 0x80, 0xB0, 0x25, 0x6D, 0x00, 0x78, 0x19
	.byte 0x01, 0x60, 0x84, 0x22, 0x52, 0x00, 0x42, 0x44, 0x86, 0x20, 0x40, 0x00, 0x40, 0x44, 0x01, 0x60
	.byte 0x11, 0x60, 0x11, 0x20, 0xF8, 0x63, 0xAD, 0x26, 0x76, 0x00, 0xB8, 0x19, 0x01, 0x80, 0xAC, 0x22
	.byte 0x52, 0x00, 0xB8, 0x18, 0x01, 0x80, 0x12, 0x9B, 0x18, 0x68, 0xC1, 0x6E, 0x80, 0x6E, 0x80, 0x22
	.byte 0x92, 0x01, 0x00, 0x24, 0x10, 0x40, 0x00, 0x21, 0x0D, 0x1C, 0x05, 0x43, 0x00, 0x2D, 0x10, 0xD0
	.byte 0xF8, 0x6B, 0x0E, 0x28, 0x2A, 0xD0, 0x38, 0x1C, 0xFF, 0xF7, 0x2C, 0xF8, 0x0E, 0x20, 0xF8, 0x63
	.byte 0xAD, 0x25, 0x6D, 0x00, 0x78, 0x19, 0x04, 0x80, 0xAC, 0x26, 0x76, 0x00, 0xB8, 0x19, 0x04, 0x80
	.byte 0x1C, 0xE0, 0x40, 0x46, 0x43, 0x6B, 0x84, 0x6B, 0x80, 0x20, 0x40, 0x01, 0x00, 0x21, 0x22, 0x1C
	.byte 0x02, 0x40, 0x10, 0x1C, 0x08, 0x43, 0x00, 0x28, 0x10, 0xD0, 0x11, 0x4A, 0x18, 0x1C, 0x21, 0x1C
	.byte 0x11, 0x40, 0x42, 0x46, 0x50, 0x63, 0x91, 0x63, 0x1E, 0x20, 0xF8, 0x63, 0xAD, 0x23, 0x5B, 0x00
	.byte 0xF8, 0x18, 0x05, 0x80, 0xAC, 0x24, 0x64, 0x00, 0x38, 0x19, 0x05, 0x80, 0xAF, 0x25, 0x6D, 0x00
	.byte 0x7A, 0x19, 0x11, 0x88, 0x07, 0x48, 0x08, 0x40, 0x10, 0x80, 0xF8, 0x6B, 0x3E, 0x28, 0x01, 0xD9
	.byte 0x04, 0xF0, 0x9A, 0xFD, 0x80, 0x00, 0x04, 0x49, 0x40, 0x18, 0x00, 0x68, 0x87, 0x46, 0x00, 0x00
	.byte 0xFF, 0xEF, 0xFF, 0xFF, 0xFF, 0xF7, 0x00, 0x00, 0x90, 0x94, 0x02, 0x08, 0xAC, 0xBB, 0x02, 0x08
	.byte 0x54, 0xBC, 0x02, 0x08, 0x34, 0xBD, 0x02, 0x08, 0x96, 0xBF, 0x02, 0x08, 0xBC, 0xC1, 0x02, 0x08
	.byte 0x58, 0xCB, 0x02, 0x08, 0xE2, 0xD9, 0x02, 0x08, 0x0A, 0xDD, 0x02, 0x08, 0xE0, 0xC2, 0x02, 0x08
	.byte 0xC4, 0xCC, 0x02, 0x08, 0x3A, 0xC3, 0x02, 0x08, 0x68, 0xC3, 0x02, 0x08, 0x0E, 0xCB, 0x02, 0x08
	.byte 0x4A, 0xDE, 0x02, 0x08, 0x9C, 0xDF, 0x02, 0x08, 0x48, 0xD8, 0x02, 0x08, 0x10, 0xD9, 0x02, 0x08
	.byte 0xF0, 0xDD, 0x02, 0x08, 0x28, 0xDB, 0x02, 0x08, 0x00, 0xDB, 0x02, 0x08, 0x46, 0xDB, 0x02, 0x08
	.byte 0xB8, 0xDC, 0x02, 0x08, 0x92, 0xC5, 0x02, 0x08, 0x64, 0xC7, 0x02, 0x08, 0x7E, 0xD3, 0x02, 0x08
	.byte 0x48, 0xD4, 0x02, 0x08, 0x66, 0xD5, 0x02, 0x08, 0xA4, 0xD6, 0x02, 0x08, 0x9C, 0xD7, 0x02, 0x08
	.byte 0xAC, 0xDF, 0x02, 0x08, 0xEC, 0xBD, 0x02, 0x08, 0xD6, 0xB7, 0x02, 0x08, 0xAC, 0xB8, 0x02, 0x08
	.byte 0x2E, 0xBA, 0x02, 0x08, 0x02, 0xBB, 0x02, 0x08, 0x6A, 0xB6, 0x02, 0x08, 0xFC, 0xB4, 0x02, 0x08
	.byte 0x7A, 0xB0, 0x02, 0x08, 0x4A, 0xB1, 0x02, 0x08, 0x76, 0xB3, 0x02, 0x08, 0xEE, 0xA2, 0x02, 0x08
	.byte 0xFE, 0x9F, 0x02, 0x08, 0xCE, 0x9B, 0x02, 0x08, 0xC2, 0xAC, 0x02, 0x08, 0x3C, 0xAD, 0x02, 0x08
	.byte 0xE4, 0xAD, 0x02, 0x08, 0x1E, 0xAF, 0x02, 0x08, 0xAC, 0xAF, 0x02, 0x08, 0xB4, 0x9D, 0x02, 0x08
	.byte 0x8C, 0x95, 0x02, 0x08, 0x04, 0x96, 0x02, 0x08, 0xB8, 0x96, 0x02, 0x08, 0x8E, 0x97, 0x02, 0x08
	.byte 0x0A, 0x9A, 0x02, 0x08, 0xEE, 0x9A, 0x02, 0x08, 0xBE, 0xC3, 0x02, 0x08, 0x22, 0xC4, 0x02, 0x08
	.byte 0xC4, 0xC7, 0x02, 0x08, 0x84, 0xC9, 0x02, 0x08, 0x40, 0xC9, 0x02, 0x08, 0x6E, 0xA5, 0x02, 0x08
	.byte 0x14, 0xA9, 0x02, 0x08, 0xEC, 0xDE, 0x02, 0x08, 0x46, 0x46, 0x70, 0x68, 0xB1, 0x68, 0xF2, 0x68
	.byte 0x05, 0xF0, 0x76, 0xFE, 0xAC, 0x20, 0x40, 0x00, 0x3C, 0x18, 0x00, 0x21, 0x60, 0x5E, 0x00, 0x28
	.byte 0x0F, 0xD1, 0x38, 0x1C, 0x1A, 0x21, 0x00, 0x22, 0xFE, 0xF7, 0x92, 0xF8, 0x83, 0x20, 0x40, 0x00
	.byte 0xF6, 0xF0, 0x5C, 0xFC, 0x10, 0x48, 0xF6, 0xF0, 0x59, 0xFC, 0x09, 0x20, 0x50, 0x21, 0xDC, 0xF7
	.byte 0xDF, 0xFD, 0xAA, 0x22, 0x52, 0x00, 0xB8, 0x18, 0x00, 0x25, 0x05, 0x60, 0x43, 0x46, 0xD9, 0x68
	.byte 0x0A, 0x48, 0x40, 0x1A, 0x40, 0x11, 0x09, 0x18, 0xD9, 0x60, 0x38, 0x1C, 0x10, 0x30, 0xDC, 0xF7
	.byte 0x9B, 0xFA, 0x00, 0x06, 0x00, 0x28, 0x01, 0xD1, 0x03, 0xF0, 0xAF, 0xFA, 0x32, 0x20, 0xF8, 0x63
	.byte 0x25, 0x80, 0x04, 0xF0, 0xD9, 0xFC, 0x00, 0x00, 0x71, 0x02, 0x00, 0x00, 0x00, 0xD8, 0xFF, 0xFF
	.byte 0x44, 0x46, 0x60, 0x68, 0xA1, 0x68, 0xE2, 0x68, 0x05, 0xF0, 0x3A, 0xFE, 0xAC, 0x25, 0x6D, 0x00
	.byte 0x78, 0x19, 0x00, 0x26, 0x80, 0x5F, 0x00, 0x28, 0x04, 0xD1, 0x38, 0x1C, 0x1B, 0x21, 0x00, 0x22
	.byte 0xFE, 0xF7, 0x56, 0xF8, 0x3C, 0x1C, 0x10, 0x34, 0x20, 0x1C, 0xDC, 0xF7, 0x81, 0xFA, 0x00, 0x04
	.byte 0x00, 0x0C, 0x25, 0x1C, 0x02, 0x28, 0x07, 0xDC, 0x01, 0x28, 0x05, 0xDB, 0xAA, 0x20, 0x40, 0x00
	.byte 0x39, 0x18, 0x08, 0x68, 0xB3, 0x38, 0x08, 0x60, 0xAF, 0x21, 0x49, 0x00, 0x7A, 0x18, 0x11, 0x88
	.byte 0x80, 0x23, 0x1B, 0x01, 0x18, 0x1C, 0x08, 0x43, 0x10, 0x80, 0x44, 0x46, 0x60, 0x6B, 0xA1, 0x6B
	.byte 0x04, 0x22, 0x10, 0x40, 0x00, 0x21, 0x08, 0x43, 0x00, 0x28, 0x09, 0xD0, 0x60, 0x68, 0x03, 0x4E
	.byte 0x82, 0x19, 0x61, 0x69, 0x89, 0x1A, 0xC9, 0x10, 0x40, 0x18, 0x0B, 0xE0, 0x00, 0xD0, 0xFF, 0xFF
	.byte 0x41, 0x46, 0x48, 0x68, 0xC0, 0x23, 0x9B, 0x01, 0xC2, 0x18, 0x49, 0x69, 0x89, 0x1A, 0xC9, 0x10
	.byte 0x40, 0x18, 0x44, 0x46, 0x60, 0x60, 0x28, 0x1C, 0xDC, 0xF7, 0x3E, 0xFA, 0x00, 0x06, 0x00, 0x28
	.byte 0x01, 0xD1, 0x04, 0xF0, 0xC9, 0xFB, 0x33, 0x20, 0xF8, 0x63, 0xAC, 0x25, 0x6D, 0x00, 0x79, 0x19
	.byte 0x01, 0xF0, 0xD6, 0xFC, 0x41, 0x46, 0x48, 0x68, 0x89, 0x68, 0x43, 0x46, 0xDA, 0x68, 0x05, 0xF0
	.byte 0xDF, 0xFD, 0xAC, 0x24, 0x64, 0x00, 0x38, 0x19, 0x00, 0x25, 0x40, 0x5F, 0x00, 0x28, 0x0D, 0xD1
	.byte 0x38, 0x1C, 0x1C, 0x21, 0x00, 0x22, 0xFD, 0xF7, 0xFB, 0xFF, 0x46, 0x46, 0x70, 0x6B, 0xB1, 0x6B
	.byte 0x11, 0x4B, 0x10, 0x4A, 0x10, 0x43, 0x42, 0x46, 0x50, 0x63, 0x91, 0x63, 0xAA, 0x23, 0x5B, 0x00
	.byte 0xF9, 0x18, 0x00, 0x20, 0x08, 0x60, 0xAF, 0x24, 0x64, 0x00, 0x3A, 0x19, 0x11, 0x88, 0x80, 0x25
	.byte 0x2D, 0x01, 0x28, 0x1C, 0x08, 0x43, 0x10, 0x80, 0x46, 0x46, 0x70, 0x6B, 0xB1, 0x6B, 0x04, 0x22
	.byte 0x10, 0x40, 0x00, 0x21, 0x08, 0x43, 0x00, 0x28, 0x0A, 0xD0, 0x70, 0x68, 0x03, 0x49, 0x40, 0x18
	.byte 0x70, 0x60, 0x0B, 0xE0, 0x00, 0x00, 0x80, 0x00, 0x00, 0x00, 0x00, 0x00, 0x00, 0xF4, 0xFF, 0xFF
	.byte 0x42, 0x46, 0x50, 0x68, 0xC0, 0x23, 0x1B, 0x01, 0xC0, 0x18, 0x50, 0x60, 0x0F, 0x48, 0x02, 0x68
	.byte 0x10, 0x1C, 0xDA, 0x30, 0x00, 0x24, 0x00, 0x5F, 0x30, 0x38, 0x00, 0x02, 0x45, 0x46, 0x69, 0x68
	.byte 0x81, 0x42, 0x07, 0xDB, 0x10, 0x1C, 0xDC, 0x30, 0x00, 0x26, 0x80, 0x5F, 0x30, 0x30, 0x00, 0x02
	.byte 0x81, 0x42, 0x0D, 0xDD, 0x34, 0x20, 0xF8, 0x63, 0xAC, 0x21, 0x49, 0x00, 0x78, 0x18, 0x00, 0x21
	.byte 0x01, 0x80, 0xD8, 0x22, 0x52, 0x00, 0x04, 0xF0, 0xD2, 0xF9, 0x00, 0x00, 0x84, 0x9B, 0x03, 0x02
	.byte 0xAC, 0x23, 0x5B, 0x00, 0xF9, 0x18, 0x04, 0xF0, 0x5A, 0xFB, 0x44, 0x46, 0x60, 0x68, 0xA1, 0x68
	.byte 0xE2, 0x68, 0x05, 0xF0, 0x75, 0xFD, 0xAC, 0x25, 0x6D, 0x00, 0x78, 0x19, 0x00, 0x26, 0x80, 0x5F
	.byte 0x00, 0x28, 0x00, 0xD0, 0x08, 0xE1, 0x38, 0x1C, 0xFE, 0xF7, 0xE0, 0xFD, 0x04, 0x1C, 0x00, 0x2C
	.byte 0x08, 0xD0, 0x60, 0x68, 0x81, 0x46, 0xA5, 0x68, 0xE0, 0x68, 0x01, 0x49, 0x46, 0x18, 0x07, 0xE0
	.byte 0x00, 0xF0, 0xFF, 0xFF, 0x42, 0x46, 0x52, 0x69, 0x91, 0x46, 0x43, 0x46, 0x9D, 0x69, 0x0D, 0x4E
	.byte 0x44, 0x46, 0x60, 0x6B, 0xA1, 0x6B, 0x04, 0x22, 0x00, 0x23, 0x50, 0x40, 0x42, 0x46, 0x50, 0x63
	.byte 0x91, 0x63, 0xDC, 0xF7, 0xDD, 0xFE, 0x00, 0x04, 0x00, 0x0C, 0x03, 0x21, 0xF3, 0xF0, 0xEC, 0xFF
	.byte 0x00, 0x04, 0x00, 0x0C, 0x01, 0x28, 0x43, 0xD0, 0x01, 0x28, 0x05, 0xDC, 0x00, 0x28, 0x06, 0xD0
	.byte 0xB1, 0xE0, 0x00, 0x00, 0x00, 0xF0, 0xFF, 0xFF, 0x02, 0x28, 0x73, 0xD0, 0xAB, 0xE0, 0x38, 0x1C
	.byte 0x1D, 0x21, 0x01, 0x22, 0xFD, 0xF7, 0x5C, 0xFF, 0x43, 0x46, 0x58, 0x6B, 0x99, 0x6B, 0x04, 0x22
	.byte 0x10, 0x40, 0x00, 0x21, 0x08, 0x43, 0x00, 0x28, 0x0D, 0xD0, 0xDC, 0xF7, 0xB9, 0xFE, 0xCA, 0x21
	.byte 0x49, 0x00, 0x7C, 0x18, 0x00, 0x04, 0x00, 0x0C, 0x11, 0x21, 0xF3, 0xF0, 0xC5, 0xFF, 0x00, 0x04
	.byte 0x00, 0x0C, 0xB8, 0x30, 0x0C, 0xE0, 0xDC, 0xF7, 0xAB, 0xFE, 0xCA, 0x22, 0x52, 0x00, 0xBC, 0x18
	.byte 0x00, 0x04, 0x00, 0x0C, 0x11, 0x21, 0xF3, 0xF0, 0xB7, 0xFF, 0x00, 0x04, 0x00, 0x0C, 0x38, 0x30
	.byte 0x20, 0x60, 0xDC, 0xF7, 0x9D, 0xFE, 0x00, 0x04, 0x00, 0x0C, 0x21, 0x21, 0xF3, 0xF0, 0xAC, 0xFF
	.byte 0x00, 0x04, 0x00, 0x0A, 0x01, 0x4B, 0xC0, 0x18, 0x28, 0x18, 0x72, 0xE0, 0x00, 0xF0, 0xFF, 0xFF
	.byte 0x38, 0x1C, 0x1E, 0x21, 0x01, 0x22, 0xFD, 0xF7, 0x23, 0xFF, 0x42, 0x46, 0x50, 0x6B, 0x91, 0x6B
	.byte 0x04, 0x22, 0x10, 0x40, 0x00, 0x21, 0x08, 0x43, 0x00, 0x28, 0x0D, 0xD0, 0xDC, 0xF7, 0x80, 0xFE
	.byte 0xCA, 0x23, 0x5B, 0x00, 0xFC, 0x18, 0x00, 0x04, 0x00, 0x0C, 0x11, 0x21, 0xF3, 0xF0, 0x8C, 0xFF
	.byte 0x00, 0x04, 0x00, 0x0C, 0xCB, 0x30, 0x0C, 0xE0, 0xDC, 0xF7, 0x72, 0xFE, 0xCA, 0x21, 0x49, 0x00
	.byte 0x7C, 0x18, 0x00, 0x04, 0x00, 0x0C, 0x11, 0x21, 0xF3, 0xF0, 0x7E, 0xFF, 0x00, 0x04, 0x00, 0x0C
	.byte 0x25, 0x30, 0x20, 0x60, 0xDC, 0xF7, 0x64, 0xFE, 0x00, 0x04, 0x00, 0x0C, 0x11, 0x21, 0xF3, 0xF0
	.byte 0x73, 0xFF, 0x00, 0x04, 0x00, 0x0A, 0x80, 0x22, 0x52, 0x01, 0x80, 0x18, 0x28, 0x18, 0x43, 0x46
	.byte 0x98, 0x60, 0x38, 0xE0, 0x38, 0x1C, 0x1F, 0x21, 0x01, 0x22, 0xFD, 0xF7, 0xE9, 0xFE, 0x44, 0x46
	.byte 0x60, 0x6B, 0xA1, 0x6B, 0x04, 0x22, 0x10, 0x40, 0x00, 0x21, 0x08, 0x43, 0x00, 0x28, 0x0D, 0xD0
	.byte 0xDC, 0xF7, 0x46, 0xFE, 0xCA, 0x21, 0x49, 0x00, 0x7C, 0x18, 0x00, 0x04, 0x00, 0x0C, 0x11, 0x21
	.byte 0xF3, 0xF0, 0x52, 0xFF, 0x00, 0x04, 0x00, 0x0C, 0xA5, 0x30, 0x0C, 0xE0, 0xDC, 0xF7, 0x38, 0xFE
	.byte 0xCA, 0x22, 0x52, 0x00, 0xBC, 0x18, 0x00, 0x04, 0x00, 0x0C, 0x11, 0x21, 0xF3, 0xF0, 0x44, 0xFF
	.byte 0x00, 0x04, 0x00, 0x0C, 0x4B, 0x30, 0x20, 0x60, 0xDC, 0xF7, 0x2A, 0xFE, 0x00, 0x04, 0x00, 0x0C
	.byte 0x11, 0x21, 0xF3, 0xF0, 0x39, 0xFF, 0x00, 0x04, 0x00, 0x0A, 0x80, 0x23, 0x5B, 0x01, 0xC0, 0x18
	.byte 0x28, 0x1A, 0x44, 0x46, 0xA0, 0x60, 0x45, 0x46, 0xEE, 0x60, 0x68, 0x6B, 0xA9, 0x6B, 0x04, 0x22
	.byte 0x10, 0x40, 0x00, 0x21, 0x08, 0x43, 0x00, 0x28, 0x09, 0xD0, 0xC6, 0x20, 0xC0, 0x01, 0x48, 0x44
	.byte 0x68, 0x60, 0xA9, 0x68, 0x32, 0x1C, 0xC0, 0x23, 0xEE, 0xF7, 0x9A, 0xFD, 0x08, 0xE0, 0x19, 0x48
	.byte 0x48, 0x44, 0x41, 0x46, 0x48, 0x60, 0x89, 0x68, 0x32, 0x1C, 0x40, 0x23, 0xEE, 0xF7, 0x90, 0xFD
	.byte 0x15, 0x48, 0xF6, 0xF0, 0x63, 0xFA, 0xAD, 0x22, 0x52, 0x00, 0xB8, 0x18, 0x0A, 0x21, 0x01, 0x80
	.byte 0xCE, 0x23, 0x5B, 0x00, 0xF8, 0x18, 0x01, 0x60, 0xAA, 0x24, 0x64, 0x00, 0x38, 0x19, 0x00, 0x25
	.byte 0x05, 0x60, 0xCE, 0x26, 0x76, 0x00, 0xB8, 0x19, 0x80, 0x21, 0x49, 0x00, 0xAD, 0x22, 0x52, 0x00
	.byte 0xBC, 0x18, 0x22, 0x88, 0xDB, 0xF7, 0x90, 0xFF, 0x20, 0x88, 0x01, 0x38, 0x20, 0x80, 0x00, 0x04
	.byte 0x00, 0x28, 0x0B, 0xDC, 0x35, 0x20, 0xF8, 0x63, 0xAC, 0x23, 0x5B, 0x00, 0xF8, 0x18, 0x05, 0x80
	.byte 0x04, 0xF0, 0xDA, 0xFA, 0x00, 0x9D, 0xFF, 0xFF, 0x9E, 0x02, 0x00, 0x00, 0xAC, 0x24, 0x64, 0x00
	.byte 0x39, 0x19, 0x04, 0xF0, 0x1C, 0xFA, 0x45, 0x46, 0x68, 0x68, 0xA9, 0x68, 0xEA, 0x68, 0x05, 0xF0
	.byte 0x37, 0xFC, 0xAC, 0x26, 0x76, 0x00, 0xBD, 0x19, 0x00, 0x21, 0x68, 0x5E, 0x00, 0x28, 0x02, 0xD1
	.byte 0x25, 0x48, 0xF6, 0xF0, 0x23, 0xFA, 0xAF, 0x23, 0x5B, 0x00, 0xFA, 0x18, 0x11, 0x88, 0x80, 0x24
	.byte 0x24, 0x01, 0x20, 0x1C, 0x00, 0x26, 0x08, 0x43, 0x10, 0x80, 0x20, 0x4B, 0xCA, 0x20, 0x40, 0x00
	.byte 0x3A, 0x18, 0x10, 0x78, 0x40, 0x00, 0xC0, 0x18, 0x00, 0x24, 0x01, 0x5F, 0x48, 0x00, 0x40, 0x18
	.byte 0x80, 0x00, 0x44, 0x46, 0x61, 0x68, 0x09, 0x18, 0x61, 0x60, 0x10, 0x78, 0x40, 0x30, 0x40, 0x00
	.byte 0xC0, 0x18, 0x00, 0x22, 0x80, 0x5E, 0x40, 0x42, 0x43, 0x00, 0x1B, 0x18, 0x9B, 0x00, 0xA2, 0x68
	.byte 0xD2, 0x18, 0xA2, 0x60, 0xE3, 0x68, 0x18, 0x24, 0x00, 0x94, 0x10, 0x20, 0x01, 0x90, 0x02, 0x94
	.byte 0x09, 0x20, 0xE8, 0xF7, 0x77, 0xFA, 0x00, 0x28, 0x02, 0xD0, 0x0D, 0x48, 0xF6, 0xF0, 0xEE, 0xF9
	.byte 0xAA, 0x23, 0x5B, 0x00, 0xF8, 0x18, 0x06, 0x60, 0x00, 0x24, 0x28, 0x5F, 0x0F, 0x28, 0x11, 0xD1
	.byte 0xD8, 0x21, 0x49, 0x00, 0x78, 0x18, 0x00, 0x22, 0x80, 0x5E, 0x04, 0x28, 0x0A, 0xDD, 0x36, 0x20
	.byte 0xF8, 0x63, 0x2E, 0x80, 0x04, 0xF0, 0x78, 0xFA, 0x9F, 0x02, 0x00, 0x00, 0x00, 0x14, 0x12, 0x08
	.byte 0x92, 0x02, 0x00, 0x00, 0xAC, 0x23, 0x5B, 0x00, 0xF9, 0x18, 0x0A, 0x88, 0x00, 0x24, 0x08, 0x5F
	.byte 0x1E, 0x28, 0x01, 0xDC, 0x03, 0xF0, 0xB3, 0xFE, 0x34, 0x20, 0xF8, 0x63, 0x00, 0x20, 0x08, 0x80
	.byte 0xD8, 0x25, 0x6D, 0x00, 0x79, 0x19, 0x04, 0xF0, 0xAA, 0xF9, 0x46, 0x46, 0x70, 0x68, 0xB1, 0x68
	.byte 0xF2, 0x68, 0x05, 0xF0, 0xC5, 0xFB, 0xAC, 0x21, 0x49, 0x00, 0x78, 0x18, 0x00, 0x22, 0x80, 0x5E
	.byte 0x00, 0x28, 0x09, 0xD1, 0x38, 0x1C, 0x20, 0x21, 0x00, 0x22, 0xFD, 0xF7, 0xE1, 0xFD, 0xAD, 0x23
	.byte 0x5B, 0x00, 0xF9, 0x18, 0x28, 0x20, 0x08, 0x80, 0xAD, 0x25, 0x6D, 0x00, 0x7C, 0x19, 0x00, 0x26
	.byte 0xA0, 0x5F, 0x00, 0x28, 0x21, 0xDD, 0x40, 0x46, 0x04, 0x30, 0x42, 0x46, 0x51, 0x69, 0x22, 0x88
	.byte 0xDB, 0xF7, 0xE2, 0xFE, 0x40, 0x46, 0x08, 0x30, 0x43, 0x46, 0x99, 0x69, 0x22, 0x88, 0xDB, 0xF7
	.byte 0xDB, 0xFE, 0x40, 0x46, 0x0C, 0x30, 0x45, 0x46, 0xE9, 0x69, 0x22, 0x88, 0xDB, 0xF7, 0xD4, 0xFE
	.byte 0x20, 0x88, 0x01, 0x38, 0x20, 0x80, 0x00, 0x04, 0x00, 0x28, 0x06, 0xDC, 0x68, 0x68, 0xA9, 0x68
	.byte 0x15, 0x4E, 0x89, 0x19, 0x00, 0x22, 0xEF, 0xF7, 0xDD, 0xF9, 0xE8, 0xF7, 0xBD, 0xFE, 0x00, 0x06
	.byte 0x04, 0x0E, 0x00, 0x2C, 0x24, 0xD1, 0xAD, 0x21, 0x49, 0x00, 0x78, 0x18, 0x00, 0x22, 0x80, 0x5E
	.byte 0x00, 0x28, 0x1D, 0xDC, 0x38, 0x1C, 0x10, 0x30, 0xDB, 0xF7, 0xC6, 0xFF, 0x00, 0x06, 0x00, 0x28
	.byte 0x16, 0xD0, 0x43, 0x46, 0x58, 0x6B, 0x99, 0x6B, 0x08, 0x4A, 0x10, 0x40, 0x45, 0x46, 0x68, 0x63
	.byte 0xA9, 0x63, 0x40, 0x46, 0xF1, 0xF7, 0xAE, 0xF9, 0x23, 0x20, 0xF8, 0x63, 0x09, 0x20, 0x1E, 0x21
	.byte 0xDC, 0xF7, 0xB4, 0xFA, 0x02, 0xF0, 0x95, 0xF8, 0x00, 0xE0, 0xFF, 0xFF, 0xFF, 0xFF, 0x7F, 0xFF
	.byte 0xAC, 0x20, 0x40, 0x00, 0x39, 0x18, 0x04, 0xF0, 0x3A, 0xF9, 0x38, 0x1C, 0xFD, 0xF7, 0x8E, 0xFC
	.byte 0xAC, 0x21, 0x49, 0x00, 0x78, 0x18, 0x00, 0x22, 0x80, 0x5E, 0x00, 0x28, 0x07, 0xD1, 0x38, 0x1C
	.byte 0x16, 0x21, 0x00, 0x22, 0xFD, 0xF7, 0x74, 0xFD, 0x09, 0x48, 0xF6, 0xF0, 0x3F, 0xF9, 0x3C, 0x1C
	.byte 0x10, 0x34, 0x20, 0x1C, 0xDB, 0xF7, 0x9C, 0xFF, 0x00, 0x04, 0x00, 0x0C, 0x01, 0x38, 0x25, 0x1C
	.byte 0x04, 0x28, 0x00, 0xD9, 0x76, 0xE0, 0x80, 0x00, 0x02, 0x49, 0x40, 0x18, 0x00, 0x68, 0x87, 0x46
	.byte 0x05, 0x01, 0x00, 0x00, 0x1C, 0x9C, 0x02, 0x08, 0x30, 0x9C, 0x02, 0x08, 0x48, 0x9C, 0x02, 0x08
	.byte 0x48, 0x9C, 0x02, 0x08, 0x64, 0x9C, 0x02, 0x08, 0xE4, 0x9C, 0x02, 0x08, 0x78, 0x8B, 0x00, 0x28
	.byte 0x60, 0xD1, 0xAA, 0x23, 0x5B, 0x00, 0xF9, 0x18, 0x01, 0x48, 0x08, 0x60, 0x5A, 0xE0, 0x00, 0x00
	.byte 0x34, 0xFC, 0xFF, 0xFF, 0x44, 0x46, 0x61, 0x68, 0xA2, 0x68, 0xE3, 0x68, 0x03, 0x4E, 0x9B, 0x19
	.byte 0x18, 0x20, 0x00, 0x90, 0x14, 0x20, 0x01, 0x90, 0x10, 0x20, 0x33, 0xE0, 0x00, 0xD0, 0xFF, 0xFF
	.byte 0x78, 0x8B, 0x00, 0x28, 0x05, 0xD1, 0xAA, 0x20, 0x40, 0x00, 0x39, 0x18, 0x80, 0x20, 0x40, 0x01
	.byte 0x08, 0x60, 0x78, 0x8B, 0x06, 0x21, 0xF3, 0xF0, 0xA7, 0xFD, 0x00, 0x04, 0x00, 0x28, 0x01, 0xD1
	.byte 0xEF, 0xF7, 0xD4, 0xFE, 0x42, 0x46, 0x50, 0x6B, 0x91, 0x6B, 0x04, 0x22, 0x10, 0x40, 0x00, 0x21
	.byte 0x08, 0x43, 0x00, 0x28, 0x08, 0xD0, 0x43, 0x46, 0x59, 0x68, 0x02, 0x48, 0x09, 0x18, 0x9A, 0x68
	.byte 0xDB, 0x68, 0x09, 0xE0, 0x00, 0xE0, 0xFF, 0xFF, 0x44, 0x46, 0x61, 0x68, 0x80, 0x26, 0xB6, 0x01
	.byte 0x89, 0x19, 0xA2, 0x68, 0xE3, 0x68, 0x08, 0x48, 0x1B, 0x18, 0x14, 0x20, 0x00, 0x90, 0x19, 0x20
	.byte 0x01, 0x90, 0x20, 0x20, 0x02, 0x90, 0x07, 0x20, 0xE8, 0xF7, 0x54, 0xF9, 0x00, 0x28, 0x11, 0xD0
	.byte 0x02, 0x48, 0xF6, 0xF0, 0xCB, 0xF8, 0x0D, 0xE0, 0x00, 0xE0, 0xFF, 0xFF, 0x8F, 0x02, 0x00, 0x00
	.byte 0x42, 0x46, 0xD1, 0x68, 0x10, 0x69, 0x81, 0x42, 0x04, 0xDA, 0x00, 0x20, 0x78, 0x83, 0xF8, 0x8B
	.byte 0x01, 0x38, 0xF8, 0x83, 0xAF, 0x23, 0x5B, 0x00, 0xFA, 0x18, 0x10, 0x88, 0x80, 0x24, 0x24, 0x01
	.byte 0x21, 0x1C, 0x01, 0x43, 0x11, 0x80, 0x28, 0x1C, 0xDB, 0xF7, 0x12, 0xFF, 0x00, 0x04, 0x00, 0x0C
	.byte 0x03, 0x28, 0x38, 0xDC, 0x01, 0x28, 0x36, 0xDB, 0x12, 0x9E, 0x30, 0x68, 0x84, 0x6F, 0x42, 0x46
	.byte 0x50, 0x6B, 0x91, 0x6B, 0x04, 0x22, 0x10, 0x40, 0x00, 0x21, 0x08, 0x43, 0x00, 0x28, 0x0F, 0xD0
	.byte 0x00, 0x2C, 0x05, 0xD0, 0x60, 0x68, 0x80, 0x23, 0x5B, 0x01, 0xC0, 0x18, 0xA4, 0x68, 0x17, 0xE0
	.byte 0x44, 0x46, 0x60, 0x69, 0x01, 0x4E, 0x80, 0x19, 0xA4, 0x68, 0x11, 0xE0, 0x00, 0xD8, 0xFF, 0xFF
	.byte 0x00, 0x2C, 0x07, 0xD0, 0x60, 0x68, 0x02, 0x49, 0x40, 0x18, 0xA4, 0x68, 0x08, 0xE0, 0x00, 0x00
	.byte 0x00, 0xF0, 0xFF, 0xFF, 0x42, 0x46, 0x50, 0x69, 0xA0, 0x23, 0x9B, 0x01, 0xC0, 0x18, 0x94, 0x68
	.byte 0x46, 0x46, 0x71, 0x68, 0x40, 0x1A, 0xC0, 0x10, 0x09, 0x18, 0x71, 0x60, 0xB1, 0x68, 0x60, 0x1A
	.byte 0xC0, 0x10, 0x09, 0x18, 0xB1, 0x60, 0x28, 0x1C, 0xDB, 0xF7, 0xC6, 0xFE, 0x00, 0x06, 0x00, 0x28
	.byte 0x09, 0xD0, 0x40, 0x46, 0xF1, 0xF7, 0xB6, 0xF8, 0x23, 0x20, 0xF8, 0x63, 0xAC, 0x20, 0x40, 0x00
	.byte 0x39, 0x18, 0x01, 0xF0, 0x5D, 0xF9, 0xAC, 0x22, 0x52, 0x00, 0xB9, 0x18, 0x04, 0xF0, 0x47, 0xF8
	.byte 0xAC, 0x23, 0x5B, 0x00, 0xF8, 0x18, 0x00, 0x24, 0x00, 0x5F, 0x00, 0x28, 0x19, 0xD1, 0x38, 0x1C
	.byte 0xFD, 0xF7, 0x94, 0xFB, 0x38, 0x1C, 0x19, 0x21, 0x00, 0x22, 0xFD, 0xF7, 0x81, 0xFC, 0x83, 0x20
	.byte 0x40, 0x00, 0xF6, 0xF0, 0x4B, 0xF8, 0xAF, 0x25, 0x6D, 0x00, 0x7A, 0x19, 0x11, 0x88, 0x16, 0x48
	.byte 0x08, 0x40, 0x10, 0x80, 0x38, 0x1C, 0xFE, 0xF7, 0xC1, 0xFA, 0xD2, 0x26, 0x76, 0x00, 0xB9, 0x19
	.byte 0x08, 0x60, 0xAF, 0x21, 0x49, 0x00, 0x78, 0x18, 0x01, 0x88, 0x80, 0x20, 0xC0, 0x00, 0x08, 0x40
	.byte 0x00, 0x28, 0x3F, 0xD0, 0x38, 0x1C, 0xFD, 0xF7, 0x97, 0xFB, 0xD2, 0x22, 0x52, 0x00, 0xB8, 0x18
	.byte 0x04, 0x68, 0x00, 0x2C, 0x2A, 0xD0, 0x00, 0x23, 0x45, 0x46, 0x68, 0x6B, 0xA9, 0x6B, 0x04, 0x22
	.byte 0x10, 0x40, 0x00, 0x21, 0x08, 0x43, 0x00, 0x28, 0x0A, 0xD0, 0x68, 0x68, 0x03, 0x4E, 0x80, 0x19
	.byte 0x65, 0x68, 0x85, 0x42, 0x0D, 0xDA, 0x0E, 0xE0, 0xFF, 0xFB, 0x00, 0x00, 0x00, 0xE0, 0xFF, 0xFF
	.byte 0x41, 0x46, 0x48, 0x68, 0x80, 0x22, 0x92, 0x01, 0x80, 0x18, 0x65, 0x68, 0x85, 0x42, 0x00, 0xDD
	.byte 0x01, 0x23, 0x00, 0x2B, 0x0A, 0xD0, 0xA1, 0x68, 0x20, 0x1C, 0xA2, 0x30, 0x00, 0x23, 0xC0, 0x5E
	.byte 0x00, 0x02, 0xE2, 0x68, 0x12, 0x1A, 0x28, 0x1C, 0xEA, 0xF7, 0x9C, 0xFC, 0xAF, 0x24, 0x64, 0x00
	.byte 0x38, 0x19, 0x01, 0x88, 0x80, 0x20, 0xC0, 0x00, 0x08, 0x40, 0x3D, 0x1C, 0x10, 0x35, 0x00, 0x28
	.byte 0x00, 0xD0, 0x94, 0xE0, 0x78, 0x8B, 0x3D, 0x1C, 0x10, 0x35, 0x00, 0x28, 0x00, 0xD0, 0x8E, 0xE0
	.byte 0x00, 0x26, 0x00, 0x24, 0x28, 0x1C, 0xDB, 0xF7, 0x4B, 0xFE, 0x00, 0x04, 0x00, 0x0C, 0x06, 0x28
	.byte 0x22, 0xD8, 0x80, 0x00, 0x01, 0x49, 0x40, 0x18, 0x00, 0x68, 0x87, 0x46, 0xB4, 0x9E, 0x02, 0x08
	.byte 0xD0, 0x9E, 0x02, 0x08, 0xD8, 0x9E, 0x02, 0x08, 0xEC, 0x9E, 0x02, 0x08, 0xEC, 0x9E, 0x02, 0x08
	.byte 0xE0, 0x9E, 0x02, 0x08, 0xE4, 0x9E, 0x02, 0x08, 0xE8, 0x9E, 0x02, 0x08, 0x00, 0x4E, 0x0B, 0xE0
	.byte 0xF6, 0xFF, 0x00, 0x00, 0x00, 0x4E, 0x07, 0xE0, 0xE8, 0xFF, 0x00, 0x00, 0x0C, 0x26, 0x03, 0xE0
	.byte 0x0F, 0x26, 0x01, 0xE0, 0x07, 0x26, 0x01, 0x24, 0x42, 0x46, 0x50, 0x6B, 0x91, 0x6B, 0x04, 0x22
	.byte 0x10, 0x40, 0x00, 0x21, 0x08, 0x43, 0x00, 0x28, 0x06, 0xD0, 0x31, 0x04, 0x09, 0x12, 0x43, 0x46
	.byte 0x58, 0x68, 0x40, 0x1A, 0x58, 0x60, 0x05, 0xE0, 0x31, 0x04, 0x09, 0x12, 0x46, 0x46, 0x70, 0x68
	.byte 0x40, 0x18, 0x70, 0x60, 0x00, 0x2C, 0x4A, 0xD0, 0xAF, 0x20, 0x40, 0x00, 0x3A, 0x18, 0x11, 0x88
	.byte 0x80, 0x23, 0xDB, 0x00, 0x18, 0x1C, 0x08, 0x43, 0x10, 0x80, 0x44, 0x46, 0x60, 0x6B, 0xA1, 0x6B
	.byte 0x04, 0x22, 0x10, 0x40, 0x00, 0x21, 0x0C, 0x1C, 0x04, 0x43, 0x00, 0x2C, 0x1E, 0xD0, 0x46, 0x46
	.byte 0x71, 0x68, 0x0B, 0x48, 0x09, 0x18, 0xB2, 0x68, 0xF3, 0x68, 0x0A, 0x4C, 0x1B, 0x19, 0x70, 0x69
	.byte 0x09, 0x4E, 0x80, 0x19, 0x00, 0x90, 0x44, 0x46, 0xA0, 0x69, 0x01, 0x90, 0x02, 0x93, 0x01, 0x20
	.byte 0x03, 0x90, 0x0A, 0x20, 0x04, 0x90, 0x03, 0x20, 0xE8, 0xF7, 0x6A, 0xFF, 0x1F, 0xE0, 0x00, 0x00
	.byte 0x00, 0xB6, 0xFF, 0xFF, 0x00, 0xE8, 0xFF, 0xFF, 0x00, 0x38, 0xFF, 0xFF, 0x46, 0x46, 0x71, 0x68
	.byte 0x94, 0x20, 0xC0, 0x01, 0x09, 0x18, 0xB2, 0x68, 0xF3, 0x68, 0x18, 0x4E, 0x9B, 0x19, 0x46, 0x46
	.byte 0x70, 0x69, 0xC8, 0x26, 0x36, 0x02, 0x80, 0x19, 0x00, 0x90, 0x46, 0x46, 0xB0, 0x69, 0x01, 0x90
	.byte 0x02, 0x93, 0x03, 0x94, 0x0A, 0x20, 0x04, 0x90, 0x03, 0x20, 0xE8, 0xF7, 0x49, 0xFF, 0x28, 0x1C
	.byte 0xDB, 0xF7, 0xB2, 0xFD, 0x00, 0x06, 0x00, 0x28, 0x04, 0xD0, 0x38, 0x1C, 0x0C, 0x21, 0x01, 0x22
	.byte 0xFD, 0xF7, 0x86, 0xFB, 0x28, 0x1C, 0xDB, 0xF7, 0xA7, 0xFD, 0x00, 0x06, 0x00, 0x28, 0x0F, 0xD0
	.byte 0xE8, 0xF7, 0x8A, 0xFC, 0x00, 0x06, 0x04, 0x0E, 0x00, 0x2C, 0x09, 0xD1, 0x40, 0x46, 0xF0, 0xF7
	.byte 0x91, 0xFF, 0x23, 0x20, 0xF8, 0x63, 0x01, 0xF0, 0x93, 0xFB, 0x00, 0x00, 0x00, 0xE8, 0xFF, 0xFF
	.byte 0xAC, 0x22, 0x52, 0x00, 0xB9, 0x18, 0x03, 0xF0, 0x22, 0xFF, 0x38, 0x1C, 0xFD, 0xF7, 0x76, 0xFA
	.byte 0xAC, 0x23, 0x5B, 0x00, 0xF8, 0x18, 0x00, 0x24, 0x00, 0x5F, 0x00, 0x28, 0x00, 0xD0, 0x89, 0xE0
	.byte 0x38, 0x1C, 0x15, 0x21, 0x00, 0x22, 0xFD, 0xF7, 0x5B, 0xFB, 0xDC, 0xF7, 0xC1, 0xFA, 0x00, 0x04
	.byte 0x00, 0x0C, 0x01, 0x21, 0x08, 0x40, 0x0E, 0x4D, 0x40, 0x19, 0xF5, 0xF0, 0x1F, 0xFF, 0xAA, 0x26
	.byte 0x76, 0x00, 0xB9, 0x19, 0x0B, 0x48, 0x08, 0x60, 0xAF, 0x20, 0x40, 0x00, 0x3A, 0x18, 0x11, 0x88
	.byte 0x09, 0x48, 0x08, 0x40, 0x10, 0x80, 0x12, 0x99, 0x08, 0x68, 0xF4, 0x30, 0x00, 0x68, 0x08, 0x38
	.byte 0x29, 0x28, 0x67, 0xD8, 0x80, 0x00, 0x05, 0x49, 0x40, 0x18, 0x00, 0x68, 0x87, 0x46, 0x00, 0x00
	.byte 0x03, 0x01, 0x00, 0x00, 0x80, 0xFE, 0xFF, 0xFF, 0xFD, 0xFF, 0x00, 0x00, 0x74, 0xA0, 0x02, 0x08
	.byte 0x1C, 0xA1, 0x02, 0x08, 0x28, 0xA1, 0x02, 0x08, 0x28, 0xA1, 0x02, 0x08, 0x28, 0xA1, 0x02, 0x08
	.byte 0x28, 0xA1, 0x02, 0x08, 0x28, 0xA1, 0x02, 0x08, 0x28, 0xA1, 0x02, 0x08, 0x28, 0xA1, 0x02, 0x08
	.byte 0x28, 0xA1, 0x02, 0x08, 0x28, 0xA1, 0x02, 0x08, 0x28, 0xA1, 0x02, 0x08, 0x28, 0xA1, 0x02, 0x08
	.byte 0x28, 0xA1, 0x02, 0x08, 0x28, 0xA1, 0x02, 0x08, 0x28, 0xA1, 0x02, 0x08, 0x28, 0xA1, 0x02, 0x08
	.byte 0x28, 0xA1, 0x02, 0x08, 0x28, 0xA1, 0x02, 0x08, 0x28, 0xA1, 0x02, 0x08, 0x28, 0xA1, 0x02, 0x08
	.byte 0x28, 0xA1, 0x02, 0x08, 0x28, 0xA1, 0x02, 0x08, 0x28, 0xA1, 0x02, 0x08, 0x28, 0xA1, 0x02, 0x08
	.byte 0x28, 0xA1, 0x02, 0x08, 0x28, 0xA1, 0x02, 0x08, 0x1C, 0xA1, 0x02, 0x08, 0x28, 0xA1, 0x02, 0x08
	.byte 0x28, 0xA1, 0x02, 0x08, 0x28, 0xA1, 0x02, 0x08, 0x28, 0xA1, 0x02, 0x08, 0x28, 0xA1, 0x02, 0x08
	.byte 0x28, 0xA1, 0x02, 0x08, 0x28, 0xA1, 0x02, 0x08, 0x28, 0xA1, 0x02, 0x08, 0x1C, 0xA1, 0x02, 0x08
	.byte 0x1C, 0xA1, 0x02, 0x08, 0x28, 0xA1, 0x02, 0x08, 0x28, 0xA1, 0x02, 0x08, 0x28, 0xA1, 0x02, 0x08
	.byte 0x28, 0xA1, 0x02, 0x08, 0x1C, 0xA1, 0x02, 0x08, 0x12, 0x9A, 0x11, 0x68, 0xF8, 0x31, 0x08, 0x88
	.byte 0x01, 0x38, 0x08, 0x80, 0xAF, 0x23, 0x5B, 0x00, 0xFA, 0x18, 0x10, 0x88, 0x80, 0x24, 0x24, 0x01
	.byte 0x21, 0x1C, 0x01, 0x43, 0x11, 0x80, 0x78, 0x8B, 0x3D, 0x1C, 0x10, 0x35, 0x00, 0x28, 0x5F, 0xD1
	.byte 0x00, 0x26, 0x28, 0x1C, 0xDB, 0xF7, 0xF6, 0xFC, 0x00, 0x04, 0x00, 0x0C, 0x02, 0x38, 0x08, 0x28
	.byte 0x23, 0xD8, 0x80, 0x00, 0x01, 0x49, 0x40, 0x18, 0x00, 0x68, 0x87, 0x46, 0x64, 0xA1, 0x02, 0x08
	.byte 0x94, 0xA1, 0x02, 0x08, 0x88, 0xA1, 0x02, 0x08, 0x8C, 0xA1, 0x02, 0x08, 0x9E, 0xA1, 0x02, 0x08
	.byte 0x90, 0xA1, 0x02, 0x08, 0x94, 0xA1, 0x02, 0x08, 0x98, 0xA1, 0x02, 0x08, 0x9C, 0xA1, 0x02, 0x08
	.byte 0x9C, 0xA1, 0x02, 0x08, 0x10, 0x26, 0x08, 0xE0, 0x05, 0x26, 0x06, 0xE0, 0x01, 0x26, 0x04, 0xE0
	.byte 0x04, 0x26, 0x02, 0xE0, 0x06, 0x26, 0x00, 0xE0, 0x02, 0x26, 0x42, 0x46, 0x50, 0x6B, 0x91, 0x6B
	.byte 0x04, 0x22, 0x10, 0x40, 0x00, 0x21, 0x08, 0x43, 0x00, 0x28, 0x05, 0xD0, 0x31, 0x02, 0x43, 0x46
	.byte 0x58, 0x68, 0x40, 0x1A, 0x58, 0x60, 0x04, 0xE0, 0x31, 0x02, 0x44, 0x46, 0x60, 0x68, 0x40, 0x18
	.byte 0x60, 0x60, 0x28, 0x1C, 0xDB, 0xF7, 0xB4, 0xFC, 0x00, 0x04, 0x00, 0x0C, 0x08, 0x28, 0x17, 0xDC
	.byte 0x02, 0x28, 0x15, 0xDB, 0x46, 0x46, 0x70, 0x6B, 0xB1, 0x6B, 0x04, 0x22, 0x10, 0x40, 0x00, 0x21
	.byte 0x08, 0x43, 0x00, 0x28, 0x06, 0xD0, 0x70, 0x68, 0x01, 0x49, 0x40, 0x18, 0x70, 0x60, 0x07, 0xE0
	.byte 0x00, 0xFF, 0xFF, 0xFF, 0x42, 0x46, 0x50, 0x68, 0x80, 0x23, 0x5B, 0x00, 0xC0, 0x18, 0x50, 0x60
	.byte 0x28, 0x1C, 0xDB, 0xF7, 0x95, 0xFC, 0x00, 0x04, 0x01, 0x0C, 0x0A, 0x4C, 0x00, 0x19, 0x00, 0x0C
	.byte 0x08, 0x28, 0x3B, 0xD8, 0x12, 0x9E, 0x30, 0x68, 0xF4, 0x30, 0x00, 0x68, 0x22, 0x28, 0x0D, 0xD1
	.byte 0x40, 0x46, 0x41, 0x68, 0x82, 0x68, 0xC3, 0x68, 0x03, 0x4C, 0x1B, 0x19, 0x41, 0x20, 0x00, 0x90
	.byte 0x1E, 0x20, 0x0C, 0xE0, 0x00, 0x00, 0xFF, 0xFF, 0x00, 0xEC, 0xFF, 0xFF, 0x40, 0x46, 0x41, 0x68
	.byte 0x82, 0x68, 0xC3, 0x68, 0x0F, 0x4C, 0x1B, 0x19, 0x2D, 0x20, 0x00, 0x90, 0x14, 0x20, 0x01, 0x90
	.byte 0x0C, 0x20, 0x02, 0x90, 0x06, 0x20, 0xE7, 0xF7, 0x8D, 0xFE, 0x00, 0x28, 0x0A, 0xD0, 0xA4, 0x20
	.byte 0x80, 0x00, 0xF5, 0xF0, 0x03, 0xFE, 0xAF, 0x26, 0x76, 0x00, 0xBA, 0x19, 0x11, 0x88, 0x02, 0x20
	.byte 0x08, 0x43, 0x10, 0x80, 0x04, 0x48, 0x00, 0x68, 0x92, 0x21, 0x49, 0x00, 0x40, 0x18, 0x00, 0x21
	.byte 0x01, 0x60, 0x1B, 0xE0, 0x00, 0xEC, 0xFF, 0xFF, 0x84, 0x9B, 0x03, 0x02, 0x0A, 0x29, 0x15, 0xD1
	.byte 0x12, 0x4A, 0xB8, 0x18, 0x00, 0x78, 0x01, 0x28, 0x10, 0xD8, 0xAF, 0x23, 0x5B, 0x00, 0xF8, 0x18
	.byte 0x01, 0x88, 0x02, 0x20, 0x08, 0x40, 0x00, 0x28, 0x08, 0xD0, 0x44, 0x46, 0x60, 0x6B, 0xA1, 0x6B
	.byte 0x11, 0x22, 0x52, 0x42, 0x10, 0x40, 0x46, 0x46, 0x70, 0x63, 0xB1, 0x63, 0x28, 0x1C, 0xDB, 0xF7
	.byte 0x2B, 0xFC, 0x00, 0x06, 0x00, 0x28, 0x0B, 0xD0, 0x40, 0x46, 0xF0, 0xF7, 0x1B, 0xFE, 0x23, 0x20
	.byte 0xF8, 0x63, 0xAC, 0x20, 0x40, 0x00, 0x39, 0x18, 0x00, 0xF0, 0xC2, 0xFE, 0x65, 0x01, 0x00, 0x00
	.byte 0xAC, 0x22, 0x52, 0x00, 0xB9, 0x18, 0x03, 0xF0, 0xAA, 0xFD, 0x38, 0x1C, 0xFD, 0xF7, 0xFE, 0xF8
	.byte 0xAC, 0x23, 0x5B, 0x00, 0xF8, 0x18, 0x00, 0x24, 0x00, 0x5F, 0x00, 0x28, 0x0E, 0xD1, 0x38, 0x1C
	.byte 0x14, 0x21, 0x00, 0x22, 0xFD, 0xF7, 0xE4, 0xF9, 0xDC, 0xF7, 0x4A, 0xF9, 0x00, 0x04, 0x00, 0x0C
	.byte 0x01, 0x21, 0x08, 0x40, 0x14, 0x4D, 0x40, 0x19, 0xF5, 0xF0, 0xA8, 0xFD, 0x3C, 0x1C, 0x10, 0x34
	.byte 0x20, 0x1C, 0xDB, 0xF7, 0x07, 0xFC, 0x00, 0x04, 0x00, 0x0C, 0x25, 0x1C, 0x06, 0x28, 0x27, 0xD1
	.byte 0xAF, 0x26, 0x76, 0x00, 0xBA, 0x19, 0x11, 0x88, 0x80, 0x23, 0x1B, 0x01, 0x18, 0x1C, 0x08, 0x43
	.byte 0x10, 0x80, 0x44, 0x46, 0x60, 0x6B, 0xA1, 0x6B, 0x04, 0x22, 0x10, 0x40, 0x00, 0x21, 0x08, 0x43
	.byte 0x00, 0x28, 0x0B, 0xD0, 0x60, 0x68, 0xB0, 0x26, 0xF6, 0x01, 0x82, 0x19, 0x61, 0x69, 0x89, 0x1A
	.byte 0x89, 0x10, 0x40, 0x18, 0x0B, 0xE0, 0x00, 0x00, 0x03, 0x01, 0x00, 0x00, 0x41, 0x46, 0x48, 0x68
	.byte 0x0E, 0x4B, 0xC2, 0x18, 0x49, 0x69, 0x89, 0x1A, 0x89, 0x10, 0x40, 0x18, 0x44, 0x46, 0x60, 0x60
	.byte 0x78, 0x8B, 0x00, 0x28, 0x00, 0xD0, 0xC3, 0xE0, 0x00, 0x26, 0x00, 0x24, 0x04, 0x20, 0x81, 0x46
	.byte 0x28, 0x1C, 0xDB, 0xF7, 0xCF, 0xFB, 0x00, 0x04, 0x00, 0x0C, 0x01, 0x38, 0x08, 0x28, 0x36, 0xD8
	.byte 0x80, 0x00, 0x03, 0x49, 0x40, 0x18, 0x00, 0x68, 0x87, 0x46, 0x00, 0x00, 0x00, 0xA8, 0xFF, 0xFF
	.byte 0xB8, 0xA3, 0x02, 0x08, 0xDC, 0xA3, 0x02, 0x08, 0xE0, 0xA3, 0x02, 0x08, 0x12, 0xA4, 0x02, 0x08
	.byte 0xEA, 0xA3, 0x02, 0x08, 0xF4, 0xA3, 0x02, 0x08, 0xF8, 0xA3, 0x02, 0x08, 0x02, 0xA4, 0x02, 0x08
	.byte 0x0C, 0xA4, 0x02, 0x08, 0x10, 0xA4, 0x02, 0x08, 0x0F, 0x26, 0x18, 0xE0, 0x05, 0x26, 0x01, 0x24
	.byte 0x04, 0x21, 0x89, 0x46, 0x13, 0xE0, 0x01, 0x4E, 0x11, 0xE0, 0x00, 0x00, 0xFB, 0xFF, 0x00, 0x00
	.byte 0x0A, 0x26, 0x0C, 0xE0, 0x14, 0x26, 0x01, 0x24, 0x05, 0x22, 0x91, 0x46, 0x07, 0xE0, 0x01, 0x4E
	.byte 0x05, 0xE0, 0x00, 0x00, 0xF7, 0xFF, 0x00, 0x00, 0x06, 0x26, 0x00, 0xE0, 0x01, 0x26, 0x43, 0x46
	.byte 0x58, 0x6B, 0x99, 0x6B, 0x04, 0x22, 0x10, 0x40, 0x00, 0x21, 0x08, 0x43, 0x00, 0x28, 0x05, 0xD0
	.byte 0x31, 0x04, 0x09, 0x12, 0x58, 0x68, 0x40, 0x1A, 0x58, 0x60, 0x05, 0xE0, 0x31, 0x04, 0x09, 0x12
	.byte 0x46, 0x46, 0x70, 0x68, 0x40, 0x18, 0x70, 0x60, 0x00, 0x2C, 0x69, 0xD0, 0xEF, 0xF7, 0xF6, 0xFA
	.byte 0x42, 0x46, 0x50, 0x6B, 0x91, 0x6B, 0x04, 0x22, 0x10, 0x40, 0x00, 0x21, 0x08, 0x43, 0x00, 0x28
	.byte 0x14, 0xD0, 0x43, 0x46, 0x59, 0x68, 0x08, 0x4C, 0x09, 0x19, 0x9A, 0x68, 0xDB, 0x68, 0x14, 0x20
	.byte 0x00, 0x90, 0x08, 0x20, 0x01, 0x90, 0x10, 0x20, 0x02, 0x90, 0x48, 0x46, 0xE7, 0xF7, 0x82, 0xFD
	.byte 0x00, 0x28, 0x15, 0xD1, 0x4C, 0xE0, 0x00, 0x00, 0x00, 0xEC, 0xFF, 0xFF, 0x46, 0x46, 0x71, 0x68
	.byte 0xA0, 0x20, 0x40, 0x01, 0x09, 0x18, 0xB2, 0x68, 0xF3, 0x68, 0x14, 0x20, 0x00, 0x90, 0x08, 0x20
	.byte 0x01, 0x90, 0x10, 0x20, 0x02, 0x90, 0x48, 0x46, 0xE7, 0xF7, 0x6C, 0xFD, 0x00, 0x28, 0x37, 0xD0
	.byte 0xA4, 0x20, 0x80, 0x00, 0xF5, 0xF0, 0xE2, 0xFC, 0x49, 0x46, 0x05, 0x29, 0x30, 0xD1, 0x02, 0x20
	.byte 0x2D, 0x21, 0xDB, 0xF7, 0x33, 0xFE, 0x42, 0x46, 0x50, 0x6B, 0x91, 0x6B, 0x04, 0x22, 0x10, 0x40
	.byte 0x00, 0x21, 0x08, 0x43, 0x00, 0x28, 0x13, 0xD0, 0xA6, 0x21, 0x49, 0x00, 0x43, 0x46, 0x5A, 0x68
	.byte 0x05, 0x4C, 0x12, 0x19, 0xD8, 0x68, 0x05, 0x4E, 0x80, 0x19, 0x9B, 0x68, 0x1B, 0x18, 0x06, 0x20
	.byte 0xEE, 0xF7, 0xB4, 0xFD, 0x14, 0xE0, 0x00, 0x00, 0x00, 0xE0, 0xFF, 0xFF, 0x00, 0xE8, 0xFF, 0xFF
	.byte 0xA6, 0x21, 0x49, 0x00, 0x40, 0x46, 0x42, 0x68, 0x80, 0x23, 0x9B, 0x01, 0xD2, 0x18, 0xC0, 0x68
	.byte 0x15, 0x4C, 0x00, 0x19, 0x46, 0x46, 0xB3, 0x68, 0x1B, 0x18, 0x06, 0x20, 0xEE, 0xF7, 0x9E, 0xFD
	.byte 0x78, 0x8B, 0x02, 0x28, 0x0F, 0xD1, 0x28, 0x1C, 0xDB, 0xF7, 0x0C, 0xFB, 0x00, 0x04, 0x00, 0x0C
	.byte 0x06, 0x28, 0x08, 0xD1, 0x80, 0x21, 0x49, 0x00, 0x0C, 0x48, 0x00, 0x68, 0x02, 0x69, 0x43, 0x69
	.byte 0x08, 0x20, 0xEE, 0xF7, 0x8B, 0xFD, 0x28, 0x1C, 0xDB, 0xF7, 0xEE, 0xFA, 0x00, 0x06, 0x00, 0x28
	.byte 0x0E, 0xD0, 0x40, 0x46, 0xF0, 0xF7, 0xDE, 0xFC, 0x23, 0x20, 0xF8, 0x63, 0xAC, 0x20, 0x40, 0x00
	.byte 0x39, 0x18, 0x00, 0xF0, 0x85, 0xFD, 0x00, 0x00, 0x00, 0xE8, 0xFF, 0xFF, 0x84, 0x9B, 0x03, 0x02
	.byte 0xAC, 0x22, 0x52, 0x00, 0xB9, 0x18, 0x03, 0xF0, 0x6A, 0xFC, 0x38, 0x1C, 0xFC, 0xF7, 0xBE, 0xFF
	.byte 0xAC, 0x23, 0x5B, 0x00, 0xF8, 0x18, 0x00, 0x24, 0x00, 0x5F, 0x00, 0x28, 0x00, 0xD0, 0x83, 0xE0
	.byte 0x38, 0x1C, 0x21, 0x21, 0x00, 0x22, 0xFD, 0xF7, 0xA3, 0xF8, 0xDC, 0xF7, 0x09, 0xF8, 0x00, 0x04
	.byte 0x00, 0x0C, 0x01, 0x21, 0x08, 0x40, 0x0C, 0x4D, 0x40, 0x19, 0xF5, 0xF0, 0x67, 0xFC, 0xEF, 0xF7
	.byte 0x45, 0xFA, 0xAF, 0x26, 0x76, 0x00, 0xBA, 0x19, 0x11, 0x88, 0x08, 0x48, 0x08, 0x40, 0x10, 0x80
	.byte 0x12, 0x99, 0x08, 0x68, 0xF4, 0x30, 0x00, 0x68, 0x08, 0x38, 0x29, 0x28, 0x64, 0xD8, 0x80, 0x00
	.byte 0x03, 0x49, 0x40, 0x18, 0x00, 0x68, 0x87, 0x46, 0x03, 0x01, 0x00, 0x00, 0xFD, 0xFF, 0x00, 0x00
	.byte 0xD8, 0xA5, 0x02, 0x08, 0x80, 0xA6, 0x02, 0x08, 0x8C, 0xA6, 0x02, 0x08, 0x8C, 0xA6, 0x02, 0x08
	.byte 0x8C, 0xA6, 0x02, 0x08, 0x8C, 0xA6, 0x02, 0x08, 0x8C, 0xA6, 0x02, 0x08, 0x8C, 0xA6, 0x02, 0x08
	.byte 0x8C, 0xA6, 0x02, 0x08, 0x8C, 0xA6, 0x02, 0x08, 0x8C, 0xA6, 0x02, 0x08, 0x8C, 0xA6, 0x02, 0x08
	.byte 0x8C, 0xA6, 0x02, 0x08, 0x8C, 0xA6, 0x02, 0x08, 0x8C, 0xA6, 0x02, 0x08, 0x8C, 0xA6, 0x02, 0x08
	.byte 0x8C, 0xA6, 0x02, 0x08, 0x8C, 0xA6, 0x02, 0x08, 0x8C, 0xA6, 0x02, 0x08, 0x8C, 0xA6, 0x02, 0x08
	.byte 0x8C, 0xA6, 0x02, 0x08, 0x8C, 0xA6, 0x02, 0x08, 0x8C, 0xA6, 0x02, 0x08, 0x8C, 0xA6, 0x02, 0x08
	.byte 0x8C, 0xA6, 0x02, 0x08, 0x8C, 0xA6, 0x02, 0x08, 0x8C, 0xA6, 0x02, 0x08, 0x80, 0xA6, 0x02, 0x08
	.byte 0x8C, 0xA6, 0x02, 0x08, 0x8C, 0xA6, 0x02, 0x08, 0x8C, 0xA6, 0x02, 0x08, 0x8C, 0xA6, 0x02, 0x08
	.byte 0x8C, 0xA6, 0x02, 0x08, 0x8C, 0xA6, 0x02, 0x08, 0x8C, 0xA6, 0x02, 0x08, 0x8C, 0xA6, 0x02, 0x08
	.byte 0x80, 0xA6, 0x02, 0x08, 0x80, 0xA6, 0x02, 0x08, 0x8C, 0xA6, 0x02, 0x08, 0x8C, 0xA6, 0x02, 0x08
	.byte 0x8C, 0xA6, 0x02, 0x08, 0x8C, 0xA6, 0x02, 0x08, 0x80, 0xA6, 0x02, 0x08, 0x12, 0x9A, 0x11, 0x68
	.byte 0xF8, 0x31, 0x08, 0x88, 0x01, 0x38, 0x08, 0x80, 0xAF, 0x23, 0x5B, 0x00, 0xF8, 0x18, 0x01, 0x88
	.byte 0x02, 0x20, 0x08, 0x40, 0x00, 0x28, 0x08, 0xD0, 0x44, 0x46, 0x60, 0x6B, 0xA1, 0x6B, 0x11, 0x22
	.byte 0x52, 0x42, 0x10, 0x40, 0x45, 0x46, 0x68, 0x63, 0xA9, 0x63, 0x78, 0x8B, 0x3D, 0x1C, 0x10, 0x35
	.byte 0x00, 0x28, 0x00, 0xD0, 0xD8, 0xE0, 0x00, 0x26, 0x00, 0x24, 0x04, 0x20, 0x81, 0x46, 0x28, 0x1C
	.byte 0xDB, 0xF7, 0x38, 0xFA, 0x00, 0x04, 0x00, 0x0C, 0x01, 0x38, 0x08, 0x28, 0x2F, 0xD8, 0x80, 0x00
	.byte 0x01, 0x49, 0x40, 0x18, 0x00, 0x68, 0x87, 0x46, 0xE0, 0xA6, 0x02, 0x08, 0x04, 0xA7, 0x02, 0x08
	.byte 0x08, 0xA7, 0x02, 0x08, 0x32, 0xA7, 0x02, 0x08, 0x12, 0xA7, 0x02, 0x08, 0x1C, 0xA7, 0x02, 0x08
	.byte 0x20, 0xA7, 0x02, 0x08, 0x24, 0xA7, 0x02, 0x08, 0x2C, 0xA7, 0x02, 0x08, 0x30, 0xA7, 0x02, 0x08
	.byte 0x0F, 0x26, 0x14, 0xE0, 0x05, 0x26, 0x01, 0x24, 0x04, 0x21, 0x89, 0x46, 0x0F, 0xE0, 0x01, 0x4E
	.byte 0x0D, 0xE0, 0x00, 0x00, 0xFB, 0xFF, 0x00, 0x00, 0x0A, 0x26, 0x08, 0xE0, 0x14, 0x26, 0x06, 0xE0
	.byte 0x00, 0x4E, 0x04, 0xE0, 0xF7, 0xFF, 0x00, 0x00, 0x06, 0x26, 0x00, 0xE0, 0x01, 0x26, 0x42, 0x46
	.byte 0x50, 0x6B, 0x91, 0x6B, 0x04, 0x22, 0x10, 0x40, 0x00, 0x21, 0x08, 0x43, 0x00, 0x28, 0x06, 0xD0
	.byte 0x31, 0x04, 0x09, 0x12, 0x43, 0x46, 0x58, 0x68, 0x40, 0x1A, 0x58, 0x60, 0x05, 0xE0, 0x31, 0x04
	.byte 0x09, 0x12, 0x46, 0x46, 0x70, 0x68, 0x40, 0x18, 0x70, 0x60, 0x00, 0x2C, 0x00, 0xD1, 0x7C, 0xE0
	.byte 0x12, 0x99, 0x08, 0x68, 0xF4, 0x30, 0x00, 0x68, 0x22, 0x28, 0x3B, 0xD1, 0x42, 0x46, 0x50, 0x6B
	.byte 0x91, 0x6B, 0x04, 0x22, 0x10, 0x40, 0x00, 0x21, 0x08, 0x43, 0x00, 0x28, 0x14, 0xD0, 0x43, 0x46
	.byte 0x59, 0x68, 0x08, 0x4C, 0x09, 0x19, 0x9A, 0x68, 0xDB, 0x68, 0x23, 0x20, 0x00, 0x90, 0x19, 0x20
	.byte 0x01, 0x90, 0x28, 0x20, 0x02, 0x90, 0x48, 0x46, 0xE7, 0xF7, 0xEC, 0xFB, 0x00, 0x28, 0x15, 0xD1
	.byte 0x5B, 0xE0, 0x00, 0x00, 0x00, 0xDD, 0xFF, 0xFF, 0x46, 0x46, 0x71, 0x68, 0x8C, 0x20, 0x80, 0x01
	.byte 0x09, 0x18, 0xB2, 0x68, 0xF3, 0x68, 0x23, 0x20, 0x00, 0x90, 0x19, 0x20, 0x01, 0x90, 0x28, 0x20
	.byte 0x02, 0x90, 0x48, 0x46, 0xE7, 0xF7, 0xD6, 0xFB, 0x00, 0x28, 0x46, 0xD0, 0xAF, 0x21, 0x49, 0x00
	.byte 0x7A, 0x18, 0x10, 0x88, 0x02, 0x21, 0x01, 0x43, 0x11, 0x80, 0xA4, 0x20, 0x80, 0x00, 0xF5, 0xF0
	.byte 0x45, 0xFB, 0x3A, 0xE0, 0x42, 0x46, 0x50, 0x6B, 0x91, 0x6B, 0x04, 0x22, 0x10, 0x40, 0x00, 0x21
	.byte 0x08, 0x43, 0x00, 0x28, 0x14, 0xD0, 0x43, 0x46, 0x59, 0x68, 0x08, 0x4C, 0x09, 0x19, 0x9A, 0x68
	.byte 0xDB, 0x68, 0x14, 0x20, 0x00, 0x90, 0x12, 0x20, 0x01, 0x90, 0x28, 0x20, 0x02, 0x90, 0x48, 0x46
	.byte 0xE7, 0xF7, 0xB0, 0xFB, 0x00, 0x28, 0x15, 0xD1, 0x1F, 0xE0, 0x00, 0x00, 0x00, 0xEC, 0xFF, 0xFF
	.byte 0x46, 0x46, 0x71, 0x68, 0xA0, 0x20, 0x40, 0x01, 0x09, 0x18, 0xB2, 0x68, 0xF3, 0x68, 0x14, 0x20
	.byte 0x00, 0x90, 0x12, 0x20, 0x01, 0x90, 0x28, 0x20, 0x02, 0x90, 0x48, 0x46, 0xE7, 0xF7, 0x9A, 0xFB
	.byte 0x00, 0x28, 0x0A, 0xD0, 0xAF, 0x21, 0x49, 0x00, 0x7A, 0x18, 0x10, 0x88, 0x02, 0x21, 0x01, 0x43
	.byte 0x11, 0x80, 0xA4, 0x20, 0x80, 0x00, 0xF5, 0xF0, 0x09, 0xFB, 0x16, 0x48, 0x00, 0x68, 0x92, 0x22
	.byte 0x52, 0x00, 0x80, 0x18, 0x00, 0x21, 0x01, 0x60, 0x28, 0x1C, 0xDB, 0xF7, 0x61, 0xF9, 0x00, 0x04
	.byte 0x00, 0x0C, 0x02, 0x28, 0x38, 0xDC, 0x01, 0x28, 0x36, 0xDB, 0x12, 0x9B, 0x18, 0x68, 0x84, 0x6F
	.byte 0x00, 0x2C, 0x31, 0xD0, 0x60, 0x68, 0x41, 0x46, 0x4E, 0x68, 0x83, 0x1B, 0xA1, 0x68, 0x42, 0x46
	.byte 0x90, 0x68, 0x0C, 0x1A, 0x50, 0x6B, 0x91, 0x6B, 0x04, 0x22, 0x10, 0x40, 0x00, 0x21, 0x08, 0x43
	.byte 0x00, 0x28, 0x0B, 0xD0, 0x00, 0x2B, 0x00, 0xDD, 0x00, 0x23, 0x41, 0x46, 0x48, 0x69, 0xC0, 0x18
	.byte 0x01, 0x4A, 0x0B, 0xE0, 0x84, 0x9B, 0x03, 0x02, 0x00, 0xF0, 0xFF, 0xFF, 0x00, 0x2B, 0x00, 0xDA
	.byte 0x00, 0x23, 0x41, 0x46, 0x48, 0x69, 0xC0, 0x18, 0x80, 0x22, 0x52, 0x01, 0xB1, 0x18, 0x40, 0x1A
	.byte 0xC0, 0x10, 0x30, 0x18, 0x43, 0x46, 0x58, 0x60, 0x46, 0x46, 0xB0, 0x69, 0x00, 0x19, 0xB1, 0x68
	.byte 0x40, 0x1A, 0x00, 0x11, 0x09, 0x18, 0xB1, 0x60, 0x28, 0x1C, 0xDB, 0xF7, 0x15, 0xF9, 0x00, 0x06
	.byte 0x00, 0x28, 0x08, 0xD0, 0x40, 0x46, 0xF0, 0xF7, 0x05, 0xFB, 0x23, 0x20, 0xF8, 0x63, 0xAC, 0x20
	.byte 0x40, 0x00, 0x39, 0x18, 0xAC, 0xE3, 0xAC, 0x22, 0x52, 0x00, 0xB9, 0x18, 0x03, 0xF0, 0x97, 0xFA
	.byte 0x38, 0x1C, 0xFC, 0xF7, 0xEB, 0xFD, 0xAC, 0x23, 0x5B, 0x00, 0xF8, 0x18, 0x00, 0x24, 0x00, 0x5F
	.byte 0x00, 0x28, 0x00, 0xD0, 0x82, 0xE0, 0x38, 0x1C, 0x22, 0x21, 0x00, 0x22, 0xFC, 0xF7, 0xD0, 0xFE
	.byte 0xDB, 0xF7, 0x36, 0xFE, 0x00, 0x04, 0x00, 0x0C, 0x01, 0x21, 0x08, 0x40, 0x0B, 0x4D, 0x40, 0x19
	.byte 0xF5, 0xF0, 0x94, 0xFA, 0xAF, 0x26, 0x76, 0x00, 0xBA, 0x19, 0x11, 0x88, 0x08, 0x48, 0x08, 0x40
	.byte 0x10, 0x80, 0x12, 0x99, 0x08, 0x68, 0xF4, 0x30, 0x00, 0x68, 0x08, 0x38, 0x29, 0x28, 0x65, 0xD8
	.byte 0x80, 0x00, 0x04, 0x49, 0x40, 0x18, 0x00, 0x68, 0x87, 0x46, 0x00, 0x00, 0x03, 0x01, 0x00, 0x00
	.byte 0xFD, 0xFF, 0x00, 0x00, 0x7C, 0xA9, 0x02, 0x08, 0x24, 0xAA, 0x02, 0x08, 0x30, 0xAA, 0x02, 0x08
	.byte 0x30, 0xAA, 0x02, 0x08, 0x30, 0xAA, 0x02, 0x08, 0x30, 0xAA, 0x02, 0x08, 0x30, 0xAA, 0x02, 0x08
	.byte 0x30, 0xAA, 0x02, 0x08, 0x30, 0xAA, 0x02, 0x08, 0x30, 0xAA, 0x02, 0x08, 0x30, 0xAA, 0x02, 0x08
	.byte 0x30, 0xAA, 0x02, 0x08, 0x30, 0xAA, 0x02, 0x08, 0x30, 0xAA, 0x02, 0x08, 0x30, 0xAA, 0x02, 0x08
	.byte 0x30, 0xAA, 0x02, 0x08, 0x30, 0xAA, 0x02, 0x08, 0x30, 0xAA, 0x02, 0x08, 0x30, 0xAA, 0x02, 0x08
	.byte 0x30, 0xAA, 0x02, 0x08, 0x30, 0xAA, 0x02, 0x08, 0x30, 0xAA, 0x02, 0x08, 0x30, 0xAA, 0x02, 0x08
	.byte 0x30, 0xAA, 0x02, 0x08, 0x30, 0xAA, 0x02, 0x08, 0x30, 0xAA, 0x02, 0x08, 0x30, 0xAA, 0x02, 0x08
	.byte 0x24, 0xAA, 0x02, 0x08, 0x30, 0xAA, 0x02, 0x08, 0x30, 0xAA, 0x02, 0x08, 0x30, 0xAA, 0x02, 0x08
	.byte 0x30, 0xAA, 0x02, 0x08, 0x30, 0xAA, 0x02, 0x08, 0x30, 0xAA, 0x02, 0x08, 0x30, 0xAA, 0x02, 0x08
	.byte 0x30, 0xAA, 0x02, 0x08, 0x24, 0xAA, 0x02, 0x08, 0x24, 0xAA, 0x02, 0x08, 0x30, 0xAA, 0x02, 0x08
	.byte 0x30, 0xAA, 0x02, 0x08, 0x30, 0xAA, 0x02, 0x08, 0x30, 0xAA, 0x02, 0x08, 0x24, 0xAA, 0x02, 0x08
	.byte 0x12, 0x9A, 0x11, 0x68, 0xF8, 0x31, 0x08, 0x88, 0x01, 0x38, 0x08, 0x80, 0xAF, 0x23, 0x5B, 0x00
	.byte 0xF8, 0x18, 0x01, 0x88, 0x02, 0x20, 0x08, 0x40, 0x3D, 0x1C, 0x10, 0x35, 0x00, 0x28, 0x1B, 0xD0
	.byte 0x78, 0x8B, 0x02, 0x28, 0x18, 0xD1, 0x28, 0x1C, 0xDB, 0xF7, 0x74, 0xF8, 0x00, 0x04, 0x00, 0x0C
	.byte 0x06, 0x28, 0x11, 0xD1, 0x44, 0x46, 0x60, 0x6B, 0xA1, 0x6B, 0x11, 0x22, 0x52, 0x42, 0x10, 0x40
	.byte 0x46, 0x46, 0x70, 0x63, 0xB1, 0x63, 0x80, 0x21, 0x49, 0x00, 0x14, 0x48, 0x00, 0x68, 0x02, 0x69
	.byte 0x43, 0x69, 0x08, 0x20, 0xEE, 0xF7, 0xEA, 0xFA, 0x28, 0x1C, 0xDB, 0xF7, 0x5B, 0xF8, 0x00, 0x04
	.byte 0x00, 0x0C, 0x06, 0x28, 0x26, 0xD1, 0xAF, 0x20, 0x40, 0x00, 0x3A, 0x18, 0x11, 0x88, 0x80, 0x23
	.byte 0x1B, 0x01, 0x18, 0x1C, 0x08, 0x43, 0x10, 0x80, 0x44, 0x46, 0x60, 0x6B, 0xA1, 0x6B, 0x04, 0x22
	.byte 0x10, 0x40, 0x00, 0x21, 0x08, 0x43, 0x00, 0x28, 0x0A, 0xD0, 0x60, 0x68, 0xB0, 0x26, 0xF6, 0x01
	.byte 0x82, 0x19, 0x61, 0x69, 0x89, 0x1A, 0x89, 0x10, 0x40, 0x18, 0x0A, 0xE0, 0x84, 0x9B, 0x03, 0x02
	.byte 0x41, 0x46, 0x48, 0x68, 0x0E, 0x4B, 0xC2, 0x18, 0x49, 0x69, 0x89, 0x1A, 0x89, 0x10, 0x40, 0x18
	.byte 0x44, 0x46, 0x60, 0x60, 0x78, 0x8B, 0x00, 0x28, 0x00, 0xD0, 0xD5, 0xE0, 0x00, 0x26, 0x00, 0x24
	.byte 0x04, 0x20, 0x82, 0x46, 0x28, 0x1C, 0xDB, 0xF7, 0x25, 0xF8, 0x00, 0x04, 0x00, 0x0C, 0x01, 0x38
	.byte 0x08, 0x28, 0x32, 0xD8, 0x80, 0x00, 0x03, 0x49, 0x40, 0x18, 0x00, 0x68, 0x87, 0x46, 0x00, 0x00
	.byte 0x00, 0xA8, 0xFF, 0xFF, 0x0C, 0xAB, 0x02, 0x08, 0x30, 0xAB, 0x02, 0x08, 0x34, 0xAB, 0x02, 0x08
	.byte 0x5E, 0xAB, 0x02, 0x08, 0x38, 0xAB, 0x02, 0x08, 0x40, 0xAB, 0x02, 0x08, 0x44, 0xAB, 0x02, 0x08
	.byte 0x4E, 0xAB, 0x02, 0x08, 0x58, 0xAB, 0x02, 0x08, 0x5C, 0xAB, 0x02, 0x08, 0x0F, 0x26, 0x14, 0xE0
	.byte 0x05, 0x26, 0x12, 0xE0, 0x00, 0x4E, 0x10, 0xE0, 0xFB, 0xFF, 0x00, 0x00, 0x0A, 0x26, 0x0C, 0xE0
	.byte 0x14, 0x26, 0x01, 0x24, 0x05, 0x21, 0x8A, 0x46, 0x07, 0xE0, 0x01, 0x4E, 0x05, 0xE0, 0x00, 0x00
	.byte 0xF7, 0xFF, 0x00, 0x00, 0x06, 0x26, 0x00, 0xE0, 0x01, 0x26, 0x42, 0x46, 0x50, 0x6B, 0x91, 0x6B
	.byte 0x04, 0x22, 0x10, 0x40, 0x00, 0x21, 0x08, 0x43, 0x00, 0x28, 0x06, 0xD0, 0x31, 0x04, 0x09, 0x12
	.byte 0x43, 0x46, 0x58, 0x68, 0x40, 0x1A, 0x58, 0x60, 0x05, 0xE0, 0x31, 0x04, 0x09, 0x12, 0x46, 0x46
	.byte 0x70, 0x68, 0x40, 0x18, 0x70, 0x60, 0x00, 0x2C, 0x00, 0xD1, 0x7D, 0xE0, 0xEE, 0xF7, 0x4E, 0xFF
	.byte 0x12, 0x99, 0x08, 0x68, 0xF4, 0x30, 0x00, 0x68, 0x22, 0x28, 0x05, 0xD1, 0x23, 0x23, 0x23, 0x24
	.byte 0x19, 0x26, 0x20, 0x22, 0x91, 0x46, 0x04, 0xE0, 0x14, 0x23, 0x14, 0x24, 0x10, 0x26, 0x20, 0x20
	.byte 0x81, 0x46, 0x42, 0x46, 0x50, 0x6B, 0x91, 0x6B, 0x04, 0x22, 0x10, 0x40, 0x00, 0x21, 0x08, 0x43
	.byte 0x00, 0x28, 0x11, 0xD0, 0x18, 0x02, 0x43, 0x46, 0x59, 0x68, 0x09, 0x1A, 0x9A, 0x68, 0xDB, 0x68
	.byte 0x00, 0x94, 0x01, 0x96, 0x4C, 0x46, 0x20, 0x04, 0x00, 0x14, 0x02, 0x90, 0x50, 0x46, 0xE7, 0xF7
	.byte 0xC9, 0xF9, 0x00, 0x28, 0x12, 0xD1, 0x48, 0xE0, 0x18, 0x02, 0x42, 0x46, 0x51, 0x68, 0x09, 0x18
	.byte 0x92, 0x68, 0x40, 0x46, 0xC3, 0x68, 0x00, 0x94, 0x01, 0x96, 0x4C, 0x46, 0x20, 0x04, 0x00, 0x14
	.byte 0x02, 0x90, 0x50, 0x46, 0xE7, 0xF7, 0xB6, 0xF9, 0x00, 0x28, 0x36, 0xD0, 0xAF, 0x26, 0x76, 0x00
	.byte 0xBA, 0x19, 0x11, 0x88, 0x02, 0x20, 0x08, 0x43, 0x10, 0x80, 0xA4, 0x20, 0x80, 0x00, 0xF5, 0xF0
	.byte 0x25, 0xF9, 0x42, 0x46, 0x50, 0x6B, 0x91, 0x6B, 0x04, 0x22, 0x10, 0x40, 0x00, 0x21, 0x08, 0x43
	.byte 0x00, 0x28, 0x13, 0xD0, 0x06, 0x49, 0x43, 0x46, 0x5A, 0x68, 0x06, 0x4C, 0x12, 0x19, 0xD8, 0x68
	.byte 0x05, 0x4E, 0x80, 0x19, 0x9B, 0x68, 0x1B, 0x18, 0x06, 0x20, 0xEE, 0xF7, 0xFF, 0xF9, 0x14, 0xE0
	.byte 0x33, 0x01, 0x00, 0x00, 0x00, 0xE0, 0xFF, 0xFF, 0x00, 0xE8, 0xFF, 0xFF, 0x12, 0x49, 0x40, 0x46
	.byte 0x42, 0x68, 0x80, 0x23, 0x9B, 0x01, 0xD2, 0x18, 0xC0, 0x68, 0x10, 0x4C, 0x00, 0x19, 0x46, 0x46
	.byte 0xB3, 0x68, 0x1B, 0x18, 0x06, 0x20, 0xEE, 0xF7, 0xE9, 0xF9, 0x0D, 0x48, 0x00, 0x68, 0x92, 0x21
	.byte 0x49, 0x00, 0x40, 0x18, 0x00, 0x21, 0x01, 0x60, 0x28, 0x1C, 0xDA, 0xF7, 0x45, 0xFF, 0x00, 0x06
	.byte 0x00, 0x28, 0x0F, 0xD0, 0x40, 0x46, 0xF0, 0xF7, 0x35, 0xF9, 0x23, 0x20, 0xF8, 0x63, 0xAC, 0x22
	.byte 0x52, 0x00, 0xB9, 0x18, 0xDC, 0xE1, 0x00, 0x00, 0x33, 0x01, 0x00, 0x00, 0x00, 0xE8, 0xFF, 0xFF
	.byte 0x84, 0x9B, 0x03, 0x02, 0xAC, 0x23, 0x5B, 0x00, 0xF9, 0x18, 0x03, 0xF0, 0xC0, 0xF8, 0x44, 0x46
	.byte 0x60, 0x68, 0xA1, 0x68, 0xE2, 0x68, 0x04, 0xF0, 0xDB, 0xFA, 0xE1, 0x68, 0x20, 0x69, 0x81, 0x42
	.byte 0x01, 0xDA, 0x03, 0xF0, 0x69, 0xF9, 0xAC, 0x25, 0x6D, 0x00, 0x7C, 0x19, 0x00, 0x26, 0xA0, 0x5F
	.byte 0x00, 0x28, 0x0F, 0xD1, 0x11, 0x48, 0x00, 0x68, 0xB3, 0x30, 0x01, 0x78, 0x00, 0x20, 0x08, 0x22
	.byte 0xDB, 0xF7, 0xA0, 0xFA, 0x38, 0x1C, 0x0F, 0x21, 0x00, 0x22, 0xFC, 0xF7, 0xE9, 0xFC, 0x0C, 0x48
	.byte 0xF5, 0xF0, 0xB4, 0xF8, 0x38, 0x1C, 0x10, 0x30, 0xDA, 0xF7, 0x06, 0xFF, 0x00, 0x06, 0x00, 0x28
	.byte 0x01, 0xD1, 0x01, 0xF0, 0x1A, 0xFF, 0x00, 0x20, 0x20, 0x80, 0x2C, 0x20, 0xF8, 0x63, 0xAA, 0x20
	.byte 0x40, 0x00, 0x39, 0x18, 0x03, 0x48, 0x08, 0x60, 0x03, 0xF0, 0x3E, 0xF9, 0x84, 0x9B, 0x03, 0x02
	.byte 0x05, 0x01, 0x00, 0x00, 0x00, 0xF4, 0xFF, 0xFF, 0x41, 0x46, 0x48, 0x68, 0x89, 0x68, 0x43, 0x46
	.byte 0xDA, 0x68, 0x04, 0xF0, 0x9D, 0xFA, 0xAC, 0x25, 0x6D, 0x00, 0x7C, 0x19, 0x00, 0x26, 0xA0, 0x5F
	.byte 0x00, 0x28, 0x06, 0xD1, 0x38, 0x1C, 0xFD, 0xF7, 0xD7, 0xFA, 0xD2, 0x22, 0x52, 0x00, 0xB9, 0x18
	.byte 0x08, 0x60, 0xD2, 0x23, 0x5B, 0x00, 0xF8, 0x18, 0x02, 0x68, 0x00, 0x2A, 0x0C, 0xD0, 0x50, 0x68
	.byte 0x45, 0x46, 0x69, 0x68, 0x40, 0x1A, 0xC0, 0x10, 0x09, 0x18, 0x69, 0x60, 0x90, 0x68, 0xA9, 0x68
	.byte 0x40, 0x1A, 0xC0, 0x10, 0x09, 0x18, 0xA9, 0x60, 0xAF, 0x26, 0x76, 0x00, 0xBA, 0x19, 0x10, 0x88
	.byte 0x80, 0x23, 0x1B, 0x01, 0x19, 0x1C, 0x00, 0x23, 0x01, 0x43, 0x11, 0x80, 0xAA, 0x25, 0x6D, 0x00
	.byte 0x78, 0x19, 0x01, 0x68, 0x00, 0x29, 0x0D, 0xDA, 0x02, 0x48, 0x81, 0x42, 0x04, 0xDD, 0x38, 0x1C
	.byte 0x11, 0x21, 0x03, 0xE0, 0x00, 0xFE, 0xFF, 0xFF, 0x38, 0x1C, 0x10, 0x21, 0x00, 0x22, 0xFC, 0xF7
	.byte 0x87, 0xFC, 0x08, 0xE0, 0x23, 0x80, 0xAD, 0x26, 0x76, 0x00, 0xB8, 0x19, 0x03, 0x80, 0x2D, 0x20
	.byte 0xF8, 0x63, 0x03, 0xF0, 0xE9, 0xF8, 0xAC, 0x20, 0x40, 0x00, 0x39, 0x18, 0x03, 0xF0, 0x2F, 0xF8
	.byte 0xAC, 0x21, 0x49, 0x00, 0x78, 0x18, 0x00, 0x22, 0x80, 0x5E, 0x00, 0x28, 0x13, 0xD1, 0x38, 0x1C
	.byte 0x17, 0x21, 0x00, 0x22, 0xFC, 0xF7, 0x6C, 0xFC, 0xAA, 0x23, 0x5B, 0x00, 0xF9, 0x18, 0xE0, 0x20
	.byte 0xC0, 0x00, 0x08, 0x60, 0xAF, 0x24, 0x64, 0x00, 0x3A, 0x19, 0x11, 0x88, 0x17, 0x48, 0x08, 0x40
	.byte 0x10, 0x80, 0xEE, 0xF7, 0x0B, 0xFE, 0xAF, 0x25, 0x6D, 0x00, 0x7A, 0x19, 0x11, 0x88, 0x80, 0x26
	.byte 0x36, 0x01, 0x30, 0x1C, 0x08, 0x43, 0x10, 0x80, 0xD2, 0x20, 0x40, 0x00, 0x3D, 0x18, 0x2C, 0x68
	.byte 0x00, 0x2C, 0x1D, 0xD0, 0x41, 0x46, 0x48, 0x68, 0x89, 0x68, 0x22, 0x1C, 0xA2, 0x32, 0x00, 0x26
	.byte 0x93, 0x5F, 0x1B, 0x02, 0xE2, 0x68, 0xD2, 0x1A, 0x04, 0xF0, 0x1A, 0xFA, 0x28, 0x68, 0x40, 0x68
	.byte 0x42, 0x46, 0x51, 0x68, 0x40, 0x1A, 0xC0, 0x10, 0x09, 0x18, 0x51, 0x60, 0x28, 0x68, 0x80, 0x68
	.byte 0x91, 0x68, 0x40, 0x1A, 0xC0, 0x10, 0x09, 0x18, 0x91, 0x60, 0x07, 0xE0, 0xFD, 0xFF, 0x00, 0x00
	.byte 0x43, 0x46, 0x58, 0x68, 0x99, 0x68, 0x1A, 0x69, 0x04, 0xF0, 0x02, 0xFA, 0x38, 0x1C, 0x10, 0x30
	.byte 0xDA, 0xF7, 0x56, 0xFE, 0x00, 0x04, 0x00, 0x0C, 0x01, 0x28, 0x1D, 0xD9, 0x44, 0x46, 0x61, 0x68
	.byte 0xA2, 0x68, 0xE3, 0x68, 0x20, 0x20, 0x00, 0x90, 0x10, 0x20, 0x01, 0x90, 0x18, 0x20, 0x02, 0x90
	.byte 0x08, 0x20, 0xE7, 0xF7, 0x67, 0xF8, 0x00, 0x28, 0x0E, 0xD0, 0x16, 0x48, 0xF4, 0xF0, 0xDE, 0xFF
	.byte 0xAF, 0x25, 0x6D, 0x00, 0x7A, 0x19, 0x11, 0x88, 0x02, 0x20, 0x08, 0x43, 0x10, 0x80, 0x60, 0x68
	.byte 0xA1, 0x68, 0xE2, 0x68, 0xEE, 0xF7, 0x8C, 0xF8, 0xAF, 0x26, 0x76, 0x00, 0xB8, 0x19, 0x01, 0x88
	.byte 0x02, 0x20, 0x08, 0x40, 0x00, 0x28, 0x04, 0xD1, 0x40, 0x46, 0xC1, 0x68, 0x00, 0x69, 0x81, 0x42
	.byte 0x16, 0xDB, 0xAC, 0x21, 0x49, 0x00, 0x78, 0x18, 0x00, 0x21, 0x01, 0x80, 0xAD, 0x22, 0x52, 0x00
	.byte 0xB9, 0x18, 0x00, 0x23, 0xC8, 0x5E, 0x04, 0x28, 0x06, 0xDD, 0x2F, 0x20, 0xF8, 0x63, 0x03, 0xF0
	.byte 0x53, 0xF8, 0x00, 0x00, 0x91, 0x02, 0x00, 0x00, 0x2E, 0x20, 0xF8, 0x63, 0x02, 0xF0, 0x97, 0xFF
	.byte 0xAC, 0x24, 0x64, 0x00, 0x39, 0x19, 0x02, 0xF0, 0x92, 0xFF, 0xAC, 0x25, 0x6D, 0x00, 0x7C, 0x19
	.byte 0x00, 0x26, 0xA0, 0x5F, 0x00, 0x28, 0x10, 0xD1, 0x38, 0x1C, 0xFD, 0xF7, 0xED, 0xF9, 0xD2, 0x22
	.byte 0x52, 0x00, 0xB9, 0x18, 0x08, 0x60, 0x38, 0x1C, 0x18, 0x21, 0x00, 0x22, 0xFC, 0xF7, 0xC8, 0xFB
	.byte 0xAA, 0x23, 0x5B, 0x00, 0xF9, 0x18, 0x17, 0x48, 0x08, 0x60, 0xAF, 0x25, 0x6D, 0x00, 0x7A, 0x19
	.byte 0x10, 0x88, 0x80, 0x26, 0x36, 0x01, 0x31, 0x1C, 0x01, 0x43, 0x11, 0x80, 0xD2, 0x21, 0x49, 0x00
	.byte 0x78, 0x18, 0x02, 0x68, 0x00, 0x2A, 0x0C, 0xD0, 0x50, 0x68, 0x43, 0x46, 0x59, 0x68, 0x40, 0x1A
	.byte 0xC0, 0x10, 0x09, 0x18, 0x59, 0x60, 0x90, 0x68, 0x99, 0x68, 0x40, 0x1A, 0xC0, 0x10, 0x09, 0x18
	.byte 0x99, 0x60, 0x38, 0x1C, 0x10, 0x30, 0xDA, 0xF7, 0xD3, 0xFD, 0x00, 0x04, 0x00, 0x0C, 0x04, 0x28
	.byte 0x01, 0xD0, 0x01, 0xF0, 0xDA, 0xFD, 0x2D, 0x20, 0xF8, 0x63, 0x00, 0x20, 0x20, 0x80, 0x03, 0xF0
	.byte 0x03, 0xF8, 0x00, 0x00, 0x80, 0xF7, 0xFF, 0xFF, 0x44, 0x46, 0x60, 0x68, 0xA1, 0x68, 0xE2, 0x68
	.byte 0x04, 0xF0, 0x66, 0xF9, 0xAC, 0x25, 0x6D, 0x00, 0x78, 0x19, 0x00, 0x26, 0x80, 0x5F, 0x00, 0x28
	.byte 0x24, 0xD1, 0x38, 0x1C, 0x18, 0x21, 0x00, 0x22, 0xFC, 0xF7, 0x82, 0xFB, 0xAA, 0x20, 0x40, 0x00
	.byte 0x39, 0x18, 0x09, 0x48, 0x08, 0x60, 0x60, 0x6B, 0xA1, 0x6B, 0x04, 0x22, 0x10, 0x40, 0x00, 0x21
	.byte 0x08, 0x43, 0x00, 0x28, 0x0A, 0xD0, 0xDA, 0x22, 0x52, 0x00, 0xB9, 0x18, 0x60, 0x68, 0xC0, 0x23
	.byte 0x9B, 0x01, 0xC0, 0x18, 0x09, 0xE0, 0x00, 0x00, 0x00, 0xFA, 0xFF, 0xFF, 0xDA, 0x24, 0x64, 0x00
	.byte 0x39, 0x19, 0x45, 0x46, 0x68, 0x68, 0x18, 0x4E, 0x80, 0x19, 0x08, 0x60, 0xAF, 0x20, 0x40, 0x00
	.byte 0x3A, 0x18, 0x11, 0x88, 0x80, 0x23, 0x1B, 0x01, 0x18, 0x1C, 0x08, 0x43, 0x10, 0x80, 0xDA, 0x24
	.byte 0x64, 0x00, 0x38, 0x19, 0x00, 0x68, 0x45, 0x46, 0x69, 0x68, 0x40, 0x1A, 0xC0, 0x10, 0x09, 0x18
	.byte 0x69, 0x60, 0x38, 0x1C, 0x10, 0x30, 0xDA, 0xF7, 0x6F, 0xFD, 0x00, 0x06, 0x00, 0x28, 0x15, 0xD0
	.byte 0xE9, 0x68, 0x28, 0x69, 0x81, 0x42, 0x11, 0xDB, 0x00, 0x20, 0x08, 0x21, 0xDB, 0xF7, 0xCA, 0xF8
	.byte 0x40, 0x46, 0xEF, 0xF7, 0x57, 0xFF, 0x23, 0x20, 0xF8, 0x63, 0xAC, 0x26, 0x76, 0x00, 0xB9, 0x19
	.byte 0x00, 0x20, 0x08, 0x80, 0x02, 0xF0, 0xA0, 0xFF, 0x00, 0xD0, 0xFF, 0xFF, 0xAC, 0x20, 0x40, 0x00
	.byte 0x39, 0x18, 0x02, 0xF0, 0xE4, 0xFE, 0x38, 0x1C, 0xFC, 0xF7, 0x38, 0xFA, 0xAC, 0x21, 0x49, 0x00
	.byte 0x78, 0x18, 0x00, 0x22, 0x80, 0x5E, 0x00, 0x28, 0x22, 0xD1, 0x38, 0x1C, 0x0F, 0x21, 0x00, 0x22
	.byte 0xFC, 0xF7, 0x1E, 0xFB, 0xF0, 0x20, 0x0C, 0x9B, 0x18, 0x40, 0x00, 0x28, 0x12, 0xD1, 0x44, 0x46
	.byte 0x60, 0x6B, 0xA1, 0x6B, 0x04, 0x22, 0x10, 0x40, 0x00, 0x21, 0x08, 0x43, 0x00, 0x28, 0x04, 0xD0
	.byte 0xB2, 0x25, 0x6D, 0x00, 0x79, 0x19, 0xC0, 0x20, 0x03, 0xE0, 0xB2, 0x26, 0x76, 0x00, 0xB9, 0x19
	.byte 0x40, 0x20, 0x08, 0x70, 0xB0, 0x20, 0x40, 0x00, 0x39, 0x18, 0x08, 0x68, 0x40, 0x10, 0x08, 0x60
	.byte 0x02, 0x20, 0x0D, 0x99, 0x08, 0x40, 0x00, 0x04, 0x04, 0x0C, 0x00, 0x2C, 0x03, 0xD0, 0x38, 0x20
	.byte 0xF8, 0x63, 0x00, 0xF0, 0x1A, 0xFE, 0x38, 0x1C, 0x10, 0x30, 0xDA, 0xF7, 0x15, 0xFD, 0x00, 0x06
	.byte 0x00, 0x28, 0x23, 0xD0, 0x26, 0x20, 0xF8, 0x63, 0xAD, 0x25, 0x6D, 0x00, 0x78, 0x19, 0x04, 0x80
	.byte 0xAC, 0x26, 0x76, 0x00, 0xB8, 0x19, 0x04, 0x80, 0xAA, 0x20, 0x40, 0x00, 0x39, 0x18, 0x08, 0x48
	.byte 0x08, 0x60, 0x12, 0x99, 0x0C, 0x68, 0xA0, 0x6E, 0xE1, 0x6E, 0x06, 0x4A, 0x06, 0x4B, 0x10, 0x43
	.byte 0xA0, 0x66, 0xE1, 0x66, 0xB0, 0x22, 0x52, 0x00, 0xB9, 0x18, 0x00, 0xF0, 0x51, 0xFE, 0x00, 0x00
	.byte 0xC0, 0xF9, 0xFF, 0xFF, 0x00, 0x80, 0x00, 0x00, 0x00, 0x00, 0x00, 0x00, 0xAC, 0x23, 0x5B, 0x00
	.byte 0xF9, 0x18, 0x02, 0xF0, 0x7C, 0xFE, 0x38, 0x1C, 0xFC, 0xF7, 0xD0, 0xF9, 0x12, 0x9D, 0x2C, 0x68
	.byte 0xA0, 0x6E, 0xE1, 0x6E, 0x09, 0x4B, 0x08, 0x4A, 0x10, 0x43, 0xA0, 0x66, 0xE1, 0x66, 0xAA, 0x26
	.byte 0x76, 0x00, 0xB8, 0x19, 0x01, 0x68, 0x00, 0x29, 0x0C, 0xDA, 0x05, 0x48, 0x81, 0x42, 0x0C, 0xDC
	.byte 0x38, 0x1C, 0x10, 0x21, 0x0B, 0xE0, 0x00, 0x00, 0x00, 0x80, 0x00, 0x00, 0x00, 0x00, 0x00, 0x00
	.byte 0x00, 0xFE, 0xFF, 0xFF, 0x04, 0x48, 0x81, 0x42, 0x08, 0xDC, 0x38, 0x1C, 0x11, 0x21, 0x00, 0x22
	.byte 0xFC, 0xF7, 0x9E, 0xFA, 0x07, 0xE0, 0x00, 0x00, 0xFF, 0x01, 0x00, 0x00, 0x38, 0x1C, 0x12, 0x21
	.byte 0x00, 0x22, 0xFC, 0xF7, 0x95, 0xFA, 0xAA, 0x20, 0x40, 0x00, 0x3A, 0x18, 0x11, 0x68, 0x00, 0x29
	.byte 0x07, 0xDA, 0x02, 0x20, 0x0C, 0x9B, 0x18, 0x40, 0x00, 0x28, 0x02, 0xD1, 0x08, 0x1C, 0x40, 0x30
	.byte 0x10, 0x60, 0x02, 0x20, 0x0D, 0x9C, 0x20, 0x40, 0x00, 0x04, 0x03, 0x0C, 0x00, 0x2B, 0x02, 0xD0
	.byte 0x38, 0x20, 0x02, 0xF0, 0x60, 0xFD, 0x50, 0x21, 0x0C, 0x98, 0x08, 0x40, 0x50, 0x28, 0x15, 0xD1
	.byte 0xB2, 0x20, 0x40, 0x00, 0x39, 0x18, 0x08, 0x78, 0x20, 0x28, 0x05, 0xD0, 0x20, 0x20, 0x08, 0x70
	.byte 0xB0, 0x21, 0x49, 0x00, 0x78, 0x18, 0x03, 0x60, 0x42, 0x46, 0x50, 0x6B, 0x91, 0x6B, 0x05, 0x22
	.byte 0x52, 0x42, 0x10, 0x40, 0x43, 0x46, 0x58, 0x63, 0x99, 0x63, 0x93, 0xE0, 0x90, 0x21, 0x0C, 0x98
	.byte 0x08, 0x40, 0x90, 0x28, 0x12, 0xD1, 0xB2, 0x24, 0x64, 0x00, 0x39, 0x19, 0x08, 0x78, 0x60, 0x28
	.byte 0x05, 0xD0, 0x60, 0x20, 0x08, 0x70, 0xB0, 0x25, 0x6D, 0x00, 0x78, 0x19, 0x03, 0x60, 0x46, 0x46
	.byte 0x70, 0x6B, 0xB1, 0x6B, 0x05, 0x22, 0x52, 0x42, 0x10, 0x40, 0x78, 0xE0, 0xA0, 0x20, 0x0C, 0x99
	.byte 0x01, 0x40, 0xA0, 0x29, 0x07, 0xD1, 0xB2, 0x24, 0x64, 0x00, 0x3A, 0x19, 0x10, 0x78, 0xA0, 0x28
	.byte 0x67, 0xD0, 0x11, 0x70, 0x0C, 0xE0, 0x60, 0x21, 0x0C, 0x98, 0x08, 0x40, 0x60, 0x28, 0x0C, 0xD1
	.byte 0xB2, 0x24, 0x64, 0x00, 0x39, 0x19, 0x08, 0x78, 0xE0, 0x28, 0x5A, 0xD0, 0xE0, 0x20, 0x08, 0x70
	.byte 0xB0, 0x25, 0x6D, 0x00, 0x78, 0x19, 0x03, 0x60, 0x53, 0xE0, 0x40, 0x20, 0x0C, 0x9C, 0x20, 0x40
	.byte 0x00, 0x04, 0x02, 0x0C, 0x00, 0x2A, 0x0B, 0xD0, 0xB2, 0x25, 0x6D, 0x00, 0x79, 0x19, 0x08, 0x78
	.byte 0x00, 0x28, 0x4F, 0xD0, 0x0B, 0x70, 0xB0, 0x26, 0x76, 0x00, 0xB8, 0x19, 0x03, 0x60, 0x49, 0xE0
	.byte 0x10, 0x20, 0x0C, 0x99, 0x08, 0x40, 0x00, 0x04, 0x03, 0x0C, 0x00, 0x2B, 0x15, 0xD0, 0xB2, 0x23
	.byte 0x5B, 0x00, 0xF9, 0x18, 0x08, 0x78, 0x40, 0x28, 0x05, 0xD0, 0x40, 0x20, 0x08, 0x70, 0xB0, 0x24
	.byte 0x64, 0x00, 0x38, 0x19, 0x02, 0x60, 0x45, 0x46, 0x68, 0x6B, 0xA9, 0x6B, 0x05, 0x22, 0x52, 0x42
	.byte 0x10, 0x40, 0x46, 0x46, 0x70, 0x63, 0xB1, 0x63, 0x2C, 0xE0, 0x80, 0x24, 0x0C, 0x98, 0x20, 0x40
	.byte 0x00, 0x04, 0x02, 0x0C, 0x00, 0x2A, 0x0B, 0xD0, 0xB2, 0x20, 0x40, 0x00, 0x39, 0x18, 0x08, 0x78
	.byte 0x80, 0x28, 0x1F, 0xD0, 0x0C, 0x70, 0xB0, 0x21, 0x49, 0x00, 0x78, 0x18, 0x03, 0x60, 0x19, 0xE0
	.byte 0x20, 0x20, 0x0C, 0x9B, 0x18, 0x40, 0x00, 0x28, 0x14, 0xD0, 0xB2, 0x24, 0x64, 0x00, 0x39, 0x19
	.byte 0x08, 0x78, 0xC0, 0x28, 0x05, 0xD0, 0xC0, 0x20, 0x08, 0x70, 0xB0, 0x25, 0x6D, 0x00, 0x78, 0x19
	.byte 0x02, 0x60, 0x46, 0x46, 0x70, 0x6B, 0xB1, 0x6B, 0x04, 0x22, 0x00, 0x23, 0x10, 0x43, 0x42, 0x46
	.byte 0x50, 0x63, 0x91, 0x63, 0xF0, 0x22, 0x0C, 0x9B, 0x1A, 0x40, 0x00, 0x2A, 0x0C, 0xD0, 0xB0, 0x24
	.byte 0x64, 0x00, 0x39, 0x19, 0x08, 0x68, 0x11, 0x30, 0x08, 0x60, 0x80, 0x22, 0x92, 0x00, 0x90, 0x42
	.byte 0x01, 0xDC, 0x02, 0xF0, 0x71, 0xFD, 0x09, 0xE0, 0xB0, 0x25, 0x6D, 0x00, 0x79, 0x19, 0x08, 0x68
	.byte 0x26, 0x38, 0x08, 0x60, 0x00, 0x28, 0x01, 0xDB, 0x02, 0xF0, 0x66, 0xFD, 0x0A, 0x60, 0x02, 0xF0
	.byte 0x63, 0xFD, 0x38, 0x1C, 0xFC, 0xF7, 0xBA, 0xF8, 0xAC, 0x20, 0x40, 0x00, 0x3E, 0x18, 0x00, 0x21
	.byte 0x74, 0x5E, 0x00, 0x2C, 0x10, 0xD1, 0xC4, 0x22, 0x52, 0x00, 0xB8, 0x18, 0x00, 0x68, 0xC0, 0x88
	.byte 0xF4, 0xF0, 0x6C, 0xFD, 0xB0, 0x23, 0x5B, 0x00, 0xF8, 0x18, 0x04, 0x60, 0x38, 0x1C, 0x13, 0x21
	.byte 0x00, 0x22, 0xFC, 0xF7, 0x95, 0xF9, 0x99, 0xE0, 0x02, 0x20, 0x0D, 0x9C, 0x20, 0x40, 0x00, 0x04
	.byte 0x03, 0x0C, 0x00, 0x2B, 0x1C, 0xD0, 0xC4, 0x25, 0x6D, 0x00, 0x78, 0x19, 0x00, 0x68, 0x80, 0x88
	.byte 0xF4, 0xF0, 0x54, 0xFD, 0x12, 0x98, 0x04, 0x68, 0xA0, 0x6E, 0xE1, 0x6E, 0x07, 0x4B, 0x06, 0x4A
	.byte 0x10, 0x43, 0xA0, 0x66, 0xE1, 0x66, 0x25, 0x20, 0xF8, 0x63, 0xAD, 0x22, 0x52, 0x00, 0xB9, 0x18
	.byte 0x00, 0x20, 0x08, 0x80, 0x30, 0x80, 0x79, 0xE0, 0x00, 0x80, 0x00, 0x00, 0x00, 0x00, 0x00, 0x00
	.byte 0x20, 0x20, 0x0D, 0x9C, 0x20, 0x40, 0x00, 0x04, 0x04, 0x0C, 0x00, 0x2C, 0x12, 0xD0, 0xBA, 0x25
	.byte 0x6D, 0x00, 0x78, 0x19, 0x00, 0x78, 0x00, 0x28, 0x68, 0xD0, 0x42, 0x46, 0x50, 0x6B, 0x91, 0x6B
	.byte 0x05, 0x22, 0x52, 0x42, 0x10, 0x40, 0x44, 0x46, 0x60, 0x63, 0xA1, 0x63, 0x39, 0x20, 0xF8, 0x63
	.byte 0x1A, 0x3D, 0x52, 0xE0, 0x10, 0x20, 0x0D, 0x99, 0x08, 0x40, 0x00, 0x04, 0x05, 0x0C, 0x00, 0x2D
	.byte 0x18, 0xD0, 0x0B, 0x4A, 0xB8, 0x18, 0x00, 0x78, 0x00, 0x28, 0x4F, 0xD0, 0x43, 0x46, 0x58, 0x6B
	.byte 0x99, 0x6B, 0x04, 0x22, 0x00, 0x23, 0x10, 0x43, 0x45, 0x46, 0x68, 0x63, 0xA9, 0x63, 0x39, 0x20
	.byte 0xF8, 0x63, 0xAD, 0x21, 0x49, 0x00, 0x78, 0x18, 0x04, 0x80, 0x34, 0x80, 0x02, 0xF0, 0xA4, 0xFD
	.byte 0x75, 0x01, 0x00, 0x00, 0x40, 0x20, 0x0D, 0x9A, 0x10, 0x40, 0x00, 0x04, 0x03, 0x0C, 0x00, 0x2B
	.byte 0x16, 0xD0, 0xBB, 0x23, 0x5B, 0x00, 0xF8, 0x18, 0x00, 0x78, 0x00, 0x28, 0x2E, 0xD0, 0xAF, 0x24
	.byte 0x64, 0x00, 0x3A, 0x19, 0x10, 0x88, 0x80, 0x23, 0x9B, 0x01, 0x19, 0x1C, 0x01, 0x43, 0x11, 0x80
	.byte 0x3A, 0x20, 0xF8, 0x63, 0x04, 0x3C, 0x38, 0x19, 0x05, 0x80, 0x35, 0x80, 0x02, 0xF0, 0x84, 0xFD
	.byte 0x80, 0x20, 0x0D, 0x9D, 0x28, 0x40, 0x00, 0x28, 0x18, 0xD0, 0x0A, 0x49, 0x78, 0x18, 0x00, 0x78
	.byte 0x00, 0x28, 0x13, 0xD0, 0xAF, 0x24, 0x64, 0x00, 0x3A, 0x19, 0x10, 0x88, 0x06, 0x49, 0x01, 0x40
	.byte 0x11, 0x80, 0x3A, 0x20, 0xF8, 0x63, 0xAD, 0x25, 0x6D, 0x00, 0x78, 0x19, 0x03, 0x80, 0x33, 0x80
	.byte 0x02, 0xF0, 0x6A, 0xFD, 0x77, 0x01, 0x00, 0x00, 0xFF, 0xDF, 0x00, 0x00, 0x38, 0x1C, 0x10, 0x30
	.byte 0xDA, 0xF7, 0x1A, 0xFB, 0x00, 0x06, 0x00, 0x28, 0x01, 0xD0, 0x02, 0xF0, 0x0F, 0xFB, 0xAC, 0x23
	.byte 0x5B, 0x00, 0xF9, 0x18, 0x02, 0xF0, 0xA3, 0xFC, 0x38, 0x1C, 0xFB, 0xF7, 0xF7, 0xFF, 0x44, 0x46
	.byte 0x60, 0x68, 0x60, 0x61, 0xA0, 0x68, 0xA0, 0x61, 0xAC, 0x25, 0x6D, 0x00, 0x78, 0x19, 0x00, 0x21
	.byte 0x46, 0x5E, 0x00, 0x2E, 0x2E, 0xD1, 0x3D, 0x1C, 0x10, 0x35, 0x28, 0x1C, 0xDA, 0xF7, 0x20, 0xFB
	.byte 0x38, 0x1C, 0x0E, 0x21, 0x00, 0x22, 0xFC, 0xF7, 0xD3, 0xF8, 0x0E, 0x4C, 0x20, 0x68, 0x01, 0x1C
	.byte 0x76, 0x31, 0x09, 0x88, 0x72, 0x30, 0x01, 0x80, 0x38, 0x1C, 0xFC, 0xF7, 0x73, 0xFE, 0x1E, 0x20
	.byte 0x4F, 0xF0, 0x3E, 0xFF, 0x20, 0x68, 0xF4, 0x30, 0x00, 0x68, 0x12, 0x28, 0x0C, 0xD1, 0x12, 0x9A
	.byte 0x11, 0x68, 0xF8, 0x31, 0x08, 0x88, 0x01, 0x38, 0x08, 0x80, 0xAD, 0x23, 0x5B, 0x00, 0xF8, 0x18
	.byte 0x06, 0x80, 0x2B, 0xE0, 0x84, 0x9B, 0x03, 0x02, 0xAD, 0x24, 0x64, 0x00, 0x39, 0x19, 0x0F, 0x20
	.byte 0x08, 0x80, 0x23, 0xE0, 0x3D, 0x1C, 0x10, 0x35, 0x06, 0x2E, 0x1F, 0xD1, 0xDB, 0xF7, 0x10, 0xF8
	.byte 0x00, 0x04, 0x00, 0x0C, 0x03, 0x21, 0xF2, 0xF0, 0x1F, 0xF9, 0x00, 0x04, 0x00, 0x0C, 0x01, 0x28
	.byte 0x0A, 0xD0, 0x01, 0x28, 0x0D, 0xDC, 0x00, 0x28, 0x0B, 0xD1, 0x02, 0x48, 0xF4, 0xF0, 0x66, 0xFC
	.byte 0x0C, 0xE0, 0x00, 0x00, 0x07, 0x01, 0x00, 0x00, 0x84, 0x20, 0x40, 0x00, 0xF4, 0xF0, 0x5E, 0xFC
	.byte 0x04, 0xE0, 0x1F, 0x48, 0xF4, 0xF0, 0x5A, 0xFC, 0x3D, 0x1C, 0x10, 0x35, 0xAC, 0x26, 0x76, 0x00
	.byte 0xB8, 0x19, 0xAD, 0x21, 0x49, 0x00, 0x7A, 0x18, 0x00, 0x23, 0xC1, 0x5E, 0x00, 0x24, 0x10, 0x5F
	.byte 0x81, 0x42, 0x0F, 0xDB, 0x17, 0x48, 0x00, 0x68, 0x70, 0x36, 0x80, 0x19, 0x00, 0x21, 0x40, 0x5E
	.byte 0x00, 0x28, 0x07, 0xDD, 0x42, 0x46, 0x50, 0x6B, 0x91, 0x6B, 0x13, 0x4A, 0x10, 0x40, 0x43, 0x46
	.byte 0x58, 0x63, 0x99, 0x63, 0x28, 0x1C, 0xDA, 0xF7, 0x8F, 0xFA, 0x00, 0x06, 0x00, 0x28, 0x2D, 0xD0
	.byte 0x40, 0x46, 0xEF, 0xF7, 0x7F, 0xFC, 0x44, 0x46, 0x60, 0x68, 0x60, 0x61, 0xA0, 0x68, 0xA0, 0x61
	.byte 0x08, 0x48, 0x00, 0x68, 0xE4, 0x25, 0x6D, 0x00, 0x40, 0x19, 0x00, 0x26, 0x80, 0x5F, 0x00, 0x28
	.byte 0x0C, 0xDD, 0x23, 0x20, 0xF8, 0x63, 0xAD, 0x21, 0x49, 0x00, 0x78, 0x18, 0x02, 0xF0, 0x73, 0xFA
	.byte 0x09, 0x01, 0x00, 0x00, 0x84, 0x9B, 0x03, 0x02, 0xFF, 0xFD, 0xFF, 0xFF, 0x43, 0x46, 0x58, 0x6B
	.byte 0x99, 0x6B, 0x05, 0x4B, 0x03, 0x4A, 0x10, 0x43, 0x44, 0x46, 0x60, 0x63, 0xA1, 0x63, 0x21, 0x20
	.byte 0x02, 0xF0, 0x21, 0xFB, 0x00, 0x03, 0x00, 0x00, 0x00, 0x00, 0x00, 0x00, 0xAC, 0x20, 0x40, 0x00
	.byte 0x39, 0x18, 0x02, 0xF0, 0xEC, 0xFB, 0x38, 0x1C, 0xFB, 0xF7, 0x40, 0xFF, 0x38, 0x1C, 0xFB, 0xF7
	.byte 0xE7, 0xFE, 0x0A, 0x48, 0x00, 0x68, 0xE4, 0x21, 0x49, 0x00, 0x40, 0x18, 0x00, 0x22, 0x80, 0x5E
	.byte 0x00, 0x28, 0x11, 0xDC, 0x43, 0x46, 0x58, 0x6B, 0x99, 0x6B, 0x05, 0x4A, 0x05, 0x4B, 0x10, 0x43
	.byte 0x44, 0x46, 0x60, 0x63, 0xA1, 0x63, 0x21, 0x20, 0x02, 0xF0, 0xFD, 0xFA, 0x84, 0x9B, 0x03, 0x02
	.byte 0x00, 0x03, 0x00, 0x00, 0x00, 0x00, 0x00, 0x00, 0x20, 0x20, 0x0D, 0x99, 0x08, 0x40, 0x00, 0x04
	.byte 0x04, 0x0C, 0x00, 0x2C, 0x11, 0xD0, 0xBA, 0x22, 0x52, 0x00, 0xB8, 0x18, 0x00, 0x78, 0x00, 0x28
	.byte 0x72, 0xD0, 0x43, 0x46, 0x58, 0x6B, 0x99, 0x6B, 0x05, 0x22, 0x52, 0x42, 0x10, 0x40, 0x44, 0x46
	.byte 0x60, 0x63, 0xA1, 0x63, 0x39, 0x20, 0x02, 0xF0, 0xDE, 0xFA, 0x10, 0x20, 0x0D, 0x99, 0x08, 0x40
	.byte 0x00, 0x04, 0x05, 0x0C, 0x00, 0x2D, 0x1B, 0xD0, 0x0C, 0x4A, 0xB8, 0x18, 0x00, 0x78, 0x00, 0x28
	.byte 0x5A, 0xD0, 0x43, 0x46, 0x58, 0x6B, 0x99, 0x6B, 0x04, 0x22, 0x00, 0x23, 0x10, 0x43, 0x45, 0x46
	.byte 0x68, 0x63, 0xA9, 0x63, 0x39, 0x20, 0xF8, 0x63, 0xAD, 0x26, 0x76, 0x00, 0xB8, 0x19, 0x04, 0x80
	.byte 0xAC, 0x21, 0x49, 0x00, 0x78, 0x18, 0x04, 0x80, 0x02, 0xF0, 0x46, 0xFC, 0x75, 0x01, 0x00, 0x00
	.byte 0x40, 0x20, 0x0D, 0x9A, 0x10, 0x40, 0x00, 0x04, 0x03, 0x0C, 0x00, 0x2B, 0x1A, 0xD0, 0xBB, 0x23
	.byte 0x5B, 0x00, 0xF8, 0x18, 0x00, 0x78, 0x00, 0x28, 0x36, 0xD0, 0xAF, 0x24, 0x64, 0x00, 0x3A, 0x19
	.byte 0x11, 0x88, 0x80, 0x26, 0xB6, 0x01, 0x30, 0x1C, 0x08, 0x43, 0x10, 0x80, 0x3A, 0x20, 0xF8, 0x63
	.byte 0xAD, 0x21, 0x49, 0x00, 0x78, 0x18, 0x05, 0x80, 0xAC, 0x22, 0x52, 0x00, 0xB8, 0x18, 0x05, 0x80
	.byte 0x02, 0xF0, 0x22, 0xFC, 0x80, 0x20, 0x0D, 0x9C, 0x20, 0x40, 0x00, 0x28, 0x1C, 0xD0, 0x0C, 0x4D
	.byte 0x78, 0x19, 0x00, 0x78, 0x00, 0x28, 0x17, 0xD0, 0xAF, 0x26, 0x76, 0x00, 0xBA, 0x19, 0x11, 0x88
	.byte 0x08, 0x48, 0x08, 0x40, 0x10, 0x80, 0x3A, 0x20, 0xF8, 0x63, 0xAD, 0x21, 0x49, 0x00, 0x78, 0x18
	.byte 0x03, 0x80, 0xAC, 0x22, 0x52, 0x00, 0xB8, 0x18, 0x03, 0x80, 0x02, 0xF0, 0x05, 0xFC, 0x00, 0x00
	.byte 0x77, 0x01, 0x00, 0x00, 0xFF, 0xDF, 0x00, 0x00, 0x38, 0x1C, 0x0C, 0x99, 0xFC, 0xF7, 0x58, 0xF9
	.byte 0x02, 0x20, 0x0D, 0x9B, 0x18, 0x40, 0x00, 0x28, 0x01, 0xD1, 0x02, 0xF0, 0xF5, 0xFB, 0xC4, 0x24
	.byte 0x64, 0x00, 0x38, 0x19, 0x00, 0x68, 0x80, 0x88, 0xF4, 0xF0, 0x50, 0xFB, 0x25, 0x20, 0x02, 0xF0
	.byte 0x62, 0xFA, 0x12, 0x99, 0x08, 0x68, 0xC1, 0x6E, 0x80, 0x6E, 0x80, 0x22, 0x12, 0x02, 0x10, 0x40
	.byte 0x00, 0x21, 0x0C, 0x1C, 0x04, 0x43, 0x00, 0x2C, 0x01, 0xD0, 0x01, 0xF0, 0xD6, 0xFD, 0x43, 0x46
	.byte 0xDA, 0x68, 0x18, 0x69, 0x82, 0x42, 0x01, 0xDA, 0x01, 0xF0, 0xCF, 0xFD, 0x45, 0x46, 0x68, 0x68
	.byte 0xA9, 0x68, 0x03, 0xF0, 0x3D, 0xFD, 0xAC, 0x26, 0x76, 0x00, 0xBD, 0x19, 0x00, 0x21, 0x68, 0x5E
	.byte 0x00, 0x28, 0x22, 0xD1, 0x38, 0x1C, 0x00, 0x21, 0x01, 0x22, 0xFB, 0xF7, 0x59, 0xFF, 0x09, 0x20
	.byte 0x11, 0x21, 0x10, 0x22, 0xDA, 0xF7, 0x06, 0xFD, 0x1E, 0x48, 0xF4, 0xF0, 0x1F, 0xFB, 0x42, 0x46
	.byte 0x50, 0x68, 0x91, 0x68, 0xD2, 0x68, 0xED, 0xF7, 0x99, 0xF8, 0xAD, 0x23, 0x5B, 0x00, 0xF9, 0x18
	.byte 0x06, 0x20, 0x08, 0x80, 0x84, 0x22, 0x52, 0x00, 0x42, 0x44, 0x86, 0x21, 0x49, 0x00, 0x41, 0x44
	.byte 0x08, 0x36, 0xB8, 0x19, 0x04, 0x60, 0x0C, 0x60, 0x14, 0x60, 0xAA, 0x21, 0x49, 0x00, 0x78, 0x18
	.byte 0x04, 0x60, 0x00, 0x22, 0xA8, 0x5E, 0x23, 0x28, 0x0F, 0xDD, 0xAD, 0x23, 0x5B, 0x00, 0xFC, 0x18
	.byte 0x00, 0x26, 0xA0, 0x5F, 0x00, 0x28, 0x11, 0xD0, 0x4C, 0x31, 0x78, 0x18, 0x22, 0x88, 0x05, 0x21
	.byte 0xDA, 0xF7, 0x3A, 0xF8, 0x20, 0x88, 0x01, 0x38, 0x20, 0x80, 0xAD, 0x22, 0x52, 0x00, 0xB8, 0x18
	.byte 0x00, 0x23, 0xC0, 0x5E, 0x00, 0x28, 0x01, 0xDD, 0x01, 0xF0, 0xFD, 0xFE, 0x20, 0x20, 0x01, 0xF0
	.byte 0x28, 0xF9, 0x00, 0x00, 0xBE, 0x02, 0x00, 0x00, 0x46, 0x46, 0x70, 0x68, 0xB1, 0x68, 0xF2, 0x68
	.byte 0x03, 0xF0, 0xE6, 0xFC, 0xAC, 0x21, 0x49, 0x00, 0x78, 0x18, 0x00, 0x22, 0x80, 0x5E, 0x00, 0x28
	.byte 0x43, 0xD1, 0x38, 0x1C, 0x18, 0x21, 0x00, 0x22, 0xFB, 0xF7, 0x02, 0xFF, 0xD6, 0x23, 0x5B, 0x00
	.byte 0xF8, 0x18, 0x25, 0x49, 0x01, 0x60, 0xB8, 0x68, 0xC0, 0x88, 0xD7, 0xF7, 0x65, 0xF9, 0x23, 0x48
	.byte 0x06, 0x68, 0xB2, 0x6E, 0xF3, 0x6E, 0x22, 0x48, 0x22, 0x49, 0x0B, 0x43, 0x22, 0x4C, 0x23, 0x4D
	.byte 0x10, 0x1C, 0x19, 0x1C, 0x29, 0x43, 0xB0, 0x66, 0xF1, 0x66, 0x21, 0x48, 0xFC, 0x30, 0x00, 0x88
	.byte 0xE4, 0x24, 0x64, 0x00, 0x36, 0x19, 0x30, 0x80, 0x4A, 0xF0, 0xFE, 0xFC, 0xD0, 0x25, 0x6D, 0x00
	.byte 0x79, 0x19, 0x05, 0x20, 0x08, 0x60, 0xAD, 0x26, 0x76, 0x00, 0xB9, 0x19, 0x06, 0x20, 0x08, 0x80
	.byte 0xAA, 0x20, 0x40, 0x00, 0x39, 0x18, 0x17, 0x48, 0x08, 0x60, 0x17, 0x48, 0xF4, 0xF0, 0x9E, 0xFA
	.byte 0x92, 0x20, 0x40, 0x00, 0xF4, 0xF0, 0x9A, 0xFA, 0x41, 0x46, 0x48, 0x68, 0x89, 0x68, 0x43, 0x46
	.byte 0xDA, 0x68, 0x12, 0x4C, 0x12, 0x19, 0xED, 0xF7, 0x75, 0xF9, 0xAA, 0x25, 0x6D, 0x00, 0x78, 0x19
	.byte 0x01, 0x68, 0x00, 0x29, 0x23, 0xDA, 0x0E, 0x48, 0x81, 0x42, 0x1B, 0xDD, 0x03, 0x48, 0x00, 0x68
	.byte 0x72, 0x30, 0x04, 0x21, 0x1A, 0xE0, 0x00, 0x00, 0x04, 0xDD, 0xF6, 0x08, 0x84, 0x9B, 0x03, 0x02
	.byte 0x00, 0x00, 0x00, 0x00, 0x00, 0x80, 0x00, 0x00, 0x00, 0x00, 0x00, 0x00, 0x00, 0x00, 0x80, 0x00
	.byte 0xB0, 0x9B, 0x03, 0x02, 0x00, 0xFA, 0xFF, 0xFF, 0xCB, 0x02, 0x00, 0x00, 0x00, 0xD8, 0xFF, 0xFF
	.byte 0x00, 0xFF, 0xFF, 0xFF, 0x20, 0x48, 0x00, 0x68, 0x72, 0x30, 0x01, 0x21, 0x01, 0x80, 0x46, 0x46
	.byte 0x70, 0x68, 0xB1, 0x68, 0xF2, 0x68, 0x1D, 0x4B, 0xD2, 0x18, 0xE8, 0xF7, 0xE7, 0xFE, 0xD0, 0x24
	.byte 0x64, 0x00, 0x3B, 0x19, 0x18, 0x68, 0x80, 0x25, 0x6D, 0x00, 0xA8, 0x42, 0x08, 0xD1, 0xAF, 0x26
	.byte 0x76, 0x00, 0xBA, 0x19, 0x11, 0x88, 0x80, 0x24, 0x24, 0x01, 0x20, 0x1C, 0x08, 0x43, 0x10, 0x80
	.byte 0xAD, 0x26, 0x76, 0x00, 0xBC, 0x19, 0x00, 0x21, 0x60, 0x5E, 0x00, 0x28, 0x0A, 0xD0, 0x22, 0x88
	.byte 0x18, 0x1C, 0x29, 0x1C, 0xD9, 0xF7, 0x88, 0xFF, 0x20, 0x88, 0x01, 0x38, 0x20, 0x80, 0x00, 0x04
	.byte 0x00, 0x28, 0x15, 0xDC, 0x42, 0x46, 0xD1, 0x68, 0x10, 0x69, 0x81, 0x42, 0x10, 0xDB, 0x09, 0x20
	.byte 0x0A, 0x21, 0xDA, 0xF7, 0xEF, 0xFB, 0x40, 0x46, 0xEF, 0xF7, 0x7C, 0xFA, 0x23, 0x20, 0xF8, 0x63
	.byte 0x00, 0x21, 0x21, 0x80, 0x86, 0xE1, 0x00, 0x00, 0x84, 0x9B, 0x03, 0x02, 0x00, 0xD8, 0xFF, 0xFF
	.byte 0xAC, 0x24, 0x64, 0x00, 0x39, 0x19, 0x02, 0xF0, 0x0A, 0xFA, 0x12, 0x9D, 0x28, 0x68, 0xC1, 0x6E
	.byte 0x80, 0x6E, 0x80, 0x22, 0x12, 0x02, 0x10, 0x40, 0x00, 0x21, 0x0C, 0x1C, 0x04, 0x43, 0x00, 0x2C
	.byte 0x01, 0xD0, 0x01, 0xF0, 0xAA, 0xFC, 0x46, 0x46, 0xF2, 0x68, 0x30, 0x69, 0x82, 0x42, 0x01, 0xDA
	.byte 0x01, 0xF0, 0xA3, 0xFC, 0x41, 0x46, 0x48, 0x68, 0x89, 0x68, 0x03, 0xF0, 0x11, 0xFC, 0xAC, 0x22
	.byte 0x52, 0x00, 0xBD, 0x18, 0x00, 0x23, 0xE8, 0x5E, 0x00, 0x28, 0x1F, 0xD1, 0x38, 0x1C, 0x0E, 0x21
	.byte 0x00, 0x22, 0xFB, 0xF7, 0x2D, 0xFE, 0xB3, 0x20, 0x80, 0x00, 0xF4, 0xF0, 0xF7, 0xF9, 0x46, 0x46
	.byte 0x70, 0x68, 0xB1, 0x68, 0xF2, 0x68, 0xEC, 0xF7, 0x71, 0xFF, 0xAD, 0x20, 0x40, 0x00, 0x39, 0x18
	.byte 0x06, 0x20, 0x08, 0x80, 0x84, 0x22, 0x52, 0x00, 0x42, 0x44, 0x86, 0x21, 0x49, 0x00, 0x41, 0x44
	.byte 0xB0, 0x23, 0x5B, 0x00, 0xF8, 0x18, 0x04, 0x60, 0x0C, 0x60, 0x14, 0x60, 0xAA, 0x26, 0x76, 0x00
	.byte 0xB8, 0x19, 0x04, 0x60, 0x00, 0x21, 0x68, 0x5E, 0x14, 0x28, 0x0F, 0xDD, 0xAD, 0x22, 0x52, 0x00
	.byte 0xBC, 0x18, 0x00, 0x23, 0xE0, 0x5E, 0x00, 0x28, 0x11, 0xD0, 0x4C, 0x36, 0xB8, 0x19, 0x22, 0x88
	.byte 0x05, 0x21, 0xD9, 0xF7, 0x11, 0xFF, 0x20, 0x88, 0x01, 0x38, 0x20, 0x80, 0xAD, 0x21, 0x49, 0x00
	.byte 0x78, 0x18, 0x00, 0x22, 0x80, 0x5E, 0x00, 0x28, 0x01, 0xDD, 0x01, 0xF0, 0xD4, 0xFD, 0x22, 0x20
	.byte 0xF8, 0x63, 0xAD, 0x23, 0x5B, 0x00, 0xF8, 0x18, 0x00, 0x21, 0x02, 0xF0, 0xC0, 0xF8, 0x45, 0x46
	.byte 0x68, 0x68, 0xA9, 0x68, 0xEA, 0x68, 0x03, 0xF0, 0xBB, 0xFB, 0xAC, 0x26, 0x76, 0x00, 0xBD, 0x19
	.byte 0x00, 0x21, 0x68, 0x5E, 0x00, 0x28, 0x11, 0xD1, 0x38, 0x1C, 0xFC, 0xF7, 0xA3, 0xFC, 0x38, 0x1C
	.byte 0x00, 0x21, 0x01, 0x22, 0xFB, 0xF7, 0xD4, 0xFD, 0xD0, 0x22, 0x52, 0x00, 0xB8, 0x18, 0x05, 0x21
	.byte 0x01, 0x60, 0xAD, 0x23, 0x5B, 0x00, 0xF9, 0x18, 0x06, 0x20, 0x08, 0x80, 0xD0, 0x24, 0x64, 0x00
	.byte 0x3B, 0x19, 0x18, 0x68, 0x80, 0x26, 0x76, 0x00, 0xB0, 0x42, 0x08, 0xD1, 0xAF, 0x20, 0x40, 0x00
	.byte 0x3A, 0x18, 0x11, 0x88, 0x80, 0x24, 0x24, 0x01, 0x20, 0x1C, 0x08, 0x43, 0x10, 0x80, 0xAD, 0x20
	.byte 0x40, 0x00, 0x3C, 0x18, 0x00, 0x21, 0x60, 0x5E, 0x00, 0x28, 0x0C, 0xD0, 0x22, 0x88, 0x18, 0x1C
	.byte 0x31, 0x1C, 0xD9, 0xF7, 0xC1, 0xFE, 0x20, 0x88, 0x01, 0x38, 0x20, 0x80, 0x00, 0x04, 0x00, 0x28
	.byte 0x01, 0xDD, 0x01, 0xF0, 0x88, 0xFD, 0x42, 0x46, 0x50, 0x6B, 0x91, 0x6B, 0x05, 0x4A, 0x10, 0x40
	.byte 0x43, 0x46, 0x58, 0x63, 0x99, 0x63, 0x01, 0x20, 0xF8, 0x63, 0x00, 0x20, 0x20, 0x80, 0x28, 0x80
	.byte 0x02, 0xF0, 0x02, 0xFA, 0xFF, 0xFC, 0xFF, 0xFF, 0xAC, 0x24, 0x64, 0x00, 0xE4, 0x19, 0xA1, 0x46
	.byte 0x00, 0x25, 0x60, 0x5F, 0x00, 0x28, 0x21, 0xD1, 0xAD, 0x20, 0x40, 0x00, 0x3E, 0x18, 0x00, 0x21
	.byte 0x70, 0x5E, 0x00, 0x28, 0x04, 0xD1, 0x38, 0x1C, 0x0B, 0x21, 0x00, 0x22, 0xFB, 0xF7, 0x80, 0xFD
	.byte 0x00, 0x22, 0xB0, 0x5E, 0x3D, 0x1C, 0x10, 0x35, 0x45, 0x28, 0x02, 0xDC, 0x28, 0x1C, 0xD9, 0xF7
	.byte 0xBF, 0xFF, 0x28, 0x1C, 0xD9, 0xF7, 0x98, 0xFF, 0x00, 0x06, 0x00, 0x28, 0x01, 0xD1, 0x01, 0xF0
	.byte 0x81, 0xFF, 0x01, 0x20, 0x4B, 0x46, 0x18, 0x80, 0x02, 0xF0, 0xD6, 0xF9, 0x38, 0x1C, 0x00, 0x21
	.byte 0x01, 0x22, 0xFB, 0xF7, 0x65, 0xFD, 0x0F, 0x48, 0x00, 0x68, 0xA0, 0x30, 0x00, 0x68, 0x00, 0x28
	.byte 0x01, 0xD1, 0x02, 0xF0, 0xC9, 0xF9, 0x44, 0x46, 0x62, 0x6B, 0xA3, 0x6B, 0x0A, 0x48, 0x02, 0x40
	.byte 0x0A, 0x4C, 0x10, 0x1C, 0x20, 0x40, 0x19, 0x1C, 0x45, 0x46, 0x68, 0x63, 0xA9, 0x63, 0x01, 0x20
	.byte 0xF8, 0x63, 0xAD, 0x26, 0x76, 0x00, 0xB9, 0x19, 0x00, 0x20, 0x08, 0x80, 0x49, 0x46, 0x08, 0x80
	.byte 0x02, 0xF0, 0xB2, 0xF9, 0x84, 0x9B, 0x03, 0x02, 0xFF, 0xFD, 0xFF, 0xFF, 0xFF, 0xFE, 0xFF, 0xFF
	.byte 0x38, 0x1C, 0xFB, 0xF7, 0x4B, 0xFC, 0x38, 0x1C, 0xFB, 0xF7, 0xF2, 0xFB, 0x42, 0x46, 0xD1, 0x68
	.byte 0x10, 0x69, 0x81, 0x42, 0x07, 0xDA, 0x03, 0x20, 0xF8, 0x63, 0xAD, 0x23, 0x5B, 0x00, 0xF8, 0x18
	.byte 0x00, 0x21, 0x02, 0xF0, 0x04, 0xF8, 0x20, 0x20, 0x0D, 0x9D, 0x28, 0x40, 0x00, 0x04, 0x04, 0x0C
	.byte 0x00, 0x2C, 0x13, 0xD0, 0xBA, 0x26, 0x76, 0x00, 0xB8, 0x19, 0x00, 0x78, 0x00, 0x28, 0x31, 0xD0
	.byte 0x42, 0x46, 0x50, 0x6B, 0x91, 0x6B, 0x05, 0x22, 0x52, 0x42, 0x10, 0x40, 0x43, 0x46, 0x58, 0x63
	.byte 0x99, 0x63, 0x58, 0x68, 0x58, 0x61, 0x16, 0x20, 0x00, 0xF0, 0x23, 0xFF, 0x10, 0x20, 0x0D, 0x9E
	.byte 0x30, 0x40, 0x00, 0x28, 0x1E, 0xD0, 0x0E, 0x49, 0x78, 0x18, 0x00, 0x78, 0x00, 0x28, 0x19, 0xD0
	.byte 0x42, 0x46, 0x50, 0x6B, 0x91, 0x6B, 0x04, 0x22, 0x00, 0x23, 0x10, 0x43, 0x43, 0x46, 0x58, 0x63
	.byte 0x99, 0x63, 0x58, 0x68, 0x58, 0x61, 0x16, 0x20, 0xF8, 0x63, 0xAD, 0x25, 0x6D, 0x00, 0x78, 0x19
	.byte 0x04, 0x80, 0xAC, 0x26, 0x76, 0x00, 0xB8, 0x19, 0x04, 0x80, 0x02, 0xF0, 0x5D, 0xF9, 0x00, 0x00
	.byte 0x75, 0x01, 0x00, 0x00, 0x38, 0x1C, 0x0C, 0x99, 0xFB, 0xF7, 0x7E, 0xFD, 0x02, 0x24, 0x0D, 0x98
	.byte 0x20, 0x40, 0x00, 0x28, 0x01, 0xD1, 0x02, 0xF0, 0x4F, 0xF9, 0xC4, 0x21, 0x49, 0x00, 0x78, 0x18
	.byte 0x00, 0x68, 0x80, 0x88, 0xF4, 0xF0, 0xAA, 0xF8, 0xFC, 0x63, 0xAD, 0x22, 0x52, 0x00, 0xB8, 0x18
	.byte 0x00, 0x21, 0x01, 0x80, 0xAC, 0x23, 0x5B, 0x00, 0xF8, 0x18, 0x01, 0x80, 0x02, 0xF0, 0x3C, 0xF9
	.byte 0x38, 0x1C, 0xFB, 0xF7, 0xDB, 0xFB, 0xAC, 0x24, 0x64, 0x00, 0x38, 0x19, 0x00, 0x25, 0x40, 0x5F
	.byte 0x00, 0x28, 0x22, 0xD1, 0x38, 0x1C, 0x01, 0x21, 0x01, 0x22, 0xFB, 0xF7, 0xDD, 0xFC, 0xF0, 0x20
	.byte 0x0C, 0x9E, 0x30, 0x40, 0x00, 0x28, 0x12, 0xD1, 0x42, 0x46, 0x50, 0x6B, 0x91, 0x6B, 0x04, 0x22
	.byte 0x10, 0x40, 0x00, 0x21, 0x08, 0x43, 0x00, 0x28, 0x04, 0xD0, 0xB2, 0x23, 0x5B, 0x00, 0xF9, 0x18
	.byte 0xC0, 0x20, 0x03, 0xE0, 0xB2, 0x24, 0x64, 0x00, 0x39, 0x19, 0x40, 0x20, 0x08, 0x70, 0xB0, 0x25
	.byte 0x6D, 0x00, 0x79, 0x19, 0x08, 0x68, 0x40, 0x10, 0x08, 0x60, 0xAC, 0x26, 0x76, 0x00, 0xB9, 0x19
	.byte 0x0A, 0x88, 0x00, 0x23, 0xC8, 0x5E, 0x03, 0x28, 0x01, 0xDC, 0x01, 0xF0, 0x50, 0xFD, 0x03, 0x20
	.byte 0xF8, 0x63, 0xAD, 0x24, 0x64, 0x00, 0x3A, 0x19, 0x00, 0x20, 0x10, 0x80, 0x08, 0x80, 0xAA, 0x25
	.byte 0x6D, 0x00, 0x79, 0x19, 0x09, 0x48, 0x08, 0x60, 0x12, 0x9E, 0x34, 0x68, 0xA0, 0x6E, 0xE1, 0x6E
	.byte 0x07, 0x4A, 0x08, 0x4B, 0x10, 0x43, 0xA0, 0x66, 0xE1, 0x66, 0xB0, 0x20, 0x40, 0x00, 0x39, 0x18
	.byte 0x08, 0x68, 0x40, 0x00, 0x08, 0x60, 0x02, 0xF0, 0xE7, 0xF8, 0x00, 0x00, 0x80, 0xF9, 0xFF, 0xFF
	.byte 0x00, 0x80, 0x00, 0x00, 0x00, 0x00, 0x00, 0x00, 0xAC, 0x21, 0x49, 0x00, 0xC9, 0x19, 0x89, 0x46
	.byte 0x00, 0x22, 0x8E, 0x5E, 0x00, 0x2E, 0x18, 0xD1, 0x44, 0x46, 0x62, 0x6B, 0xA3, 0x6B, 0x14, 0x49
	.byte 0x12, 0x48, 0x02, 0x43, 0x13, 0x4C, 0x14, 0x4D, 0x10, 0x1C, 0x20, 0x43, 0x19, 0x1C, 0x45, 0x46
	.byte 0x68, 0x63, 0xA9, 0x63, 0xB0, 0x21, 0x49, 0x00, 0x78, 0x18, 0x06, 0x60, 0xAF, 0x23, 0x5B, 0x00
	.byte 0xFA, 0x18, 0x11, 0x88, 0x04, 0x20, 0x08, 0x43, 0x10, 0x80, 0x4C, 0x46, 0x00, 0x25, 0x61, 0x5F
	.byte 0x0A, 0x48, 0x81, 0x42, 0x1A, 0xDD, 0x0A, 0x48, 0x04, 0x68, 0xA0, 0x6E, 0xE1, 0x6E, 0x09, 0x4A
	.byte 0x09, 0x4B, 0x10, 0x43, 0xA0, 0x66, 0xE1, 0x66, 0x5A, 0xE0, 0x00, 0x00, 0x00, 0x01, 0x00, 0x00
	.byte 0x00, 0x00, 0x00, 0x00, 0x00, 0x02, 0x00, 0x00, 0x00, 0x00, 0x00, 0x00, 0x1D, 0x01, 0x00, 0x00
	.byte 0x84, 0x9B, 0x03, 0x02, 0x00, 0x00, 0x10, 0x00, 0x00, 0x00, 0x00, 0x00, 0xF0, 0x20, 0x0D, 0x9E
	.byte 0x30, 0x40, 0x00, 0x28, 0x20, 0xD0, 0xDA, 0xF7, 0x93, 0xFB, 0x84, 0x25, 0x6D, 0x00, 0x45, 0x44
	.byte 0x00, 0x04, 0x00, 0x0C, 0x36, 0x4C, 0x21, 0x1C, 0xF1, 0xF0, 0x9E, 0xFC, 0x00, 0x04, 0x00, 0x0C
	.byte 0x80, 0x38, 0x28, 0x60, 0xDA, 0xF7, 0x84, 0xFB, 0x86, 0x25, 0x6D, 0x00, 0x45, 0x44, 0x00, 0x04
	.byte 0x00, 0x0C, 0x21, 0x1C, 0xF1, 0xF0, 0x90, 0xFC, 0x00, 0x04, 0x00, 0x0C, 0x80, 0x38, 0x28, 0x60
	.byte 0x49, 0x46, 0x08, 0x88, 0x02, 0x30, 0x08, 0x80, 0x42, 0x46, 0xD1, 0x68, 0x10, 0x69, 0x81, 0x42
	.byte 0x0D, 0xDB, 0x02, 0x20, 0x0D, 0x9B, 0x18, 0x40, 0x00, 0x28, 0x08, 0xD0, 0xAA, 0x24, 0x64, 0x00
	.byte 0x39, 0x19, 0x24, 0x48, 0x08, 0x60, 0x4D, 0x46, 0x28, 0x88, 0x02, 0x30, 0x28, 0x80, 0xAC, 0x26
	.byte 0x76, 0x00, 0xB8, 0x19, 0x00, 0x88, 0x07, 0x21, 0x08, 0x40, 0x00, 0x28, 0x08, 0xD1, 0x40, 0x46
	.byte 0x81, 0x8D, 0x2C, 0x22, 0x80, 0x5E, 0x01, 0x28, 0x02, 0xDD, 0x48, 0x1E, 0x43, 0x46, 0x98, 0x85
	.byte 0xAC, 0x24, 0x64, 0x00, 0x3D, 0x19, 0x2A, 0x88, 0x00, 0x26, 0xA9, 0x5F, 0x96, 0x20, 0x40, 0x00
	.byte 0x81, 0x42, 0x3A, 0xDD, 0x40, 0x46, 0x42, 0x6B, 0x83, 0x6B, 0x13, 0x48, 0x02, 0x40, 0x13, 0x4C
	.byte 0x10, 0x1C, 0x20, 0x40, 0x19, 0x1C, 0x42, 0x46, 0x50, 0x63, 0x91, 0x63, 0xAF, 0x23, 0x5B, 0x00
	.byte 0xFA, 0x18, 0x11, 0x88, 0x0E, 0x48, 0x08, 0x40, 0x00, 0x23, 0x10, 0x80, 0x0D, 0x48, 0x00, 0x68
	.byte 0xC1, 0x6E, 0x80, 0x6E, 0x80, 0x22, 0x12, 0x02, 0x00, 0x20, 0x11, 0x40, 0x01, 0x43, 0x00, 0x29
	.byte 0x12, 0xD0, 0x23, 0x20, 0xF8, 0x63, 0xAD, 0x24, 0x64, 0x00, 0x38, 0x19, 0x86, 0xE1, 0x00, 0x00
	.byte 0x01, 0x01, 0x00, 0x00, 0x00, 0xFF, 0xFF, 0xFF, 0xFF, 0xFE, 0xFF, 0xFF, 0xFF, 0xFD, 0xFF, 0xFF
	.byte 0xFB, 0xFF, 0x00, 0x00, 0x84, 0x9B, 0x03, 0x02, 0x01, 0x20, 0xF8, 0x63, 0xAD, 0x26, 0x76, 0x00
	.byte 0xB8, 0x19, 0x01, 0x80, 0x29, 0x80, 0x02, 0xF0, 0x0F, 0xF8, 0x50, 0x1C, 0x28, 0x80, 0x02, 0xF0
	.byte 0x0B, 0xF8, 0x38, 0x1C, 0xFB, 0xF7, 0xAA, 0xFA, 0x12, 0x98, 0x04, 0x68, 0xA0, 0x6E, 0xE1, 0x6E
	.byte 0x09, 0x4B, 0x08, 0x4A, 0x10, 0x43, 0xA0, 0x66, 0xE1, 0x66, 0xAA, 0x21, 0x49, 0x00, 0x78, 0x18
	.byte 0x01, 0x68, 0x00, 0x29, 0x0C, 0xDA, 0x05, 0x48, 0x81, 0x42, 0x0C, 0xDC, 0x38, 0x1C, 0x02, 0x21
	.byte 0x0B, 0xE0, 0x00, 0x00, 0x00, 0x80, 0x00, 0x00, 0x00, 0x00, 0x00, 0x00, 0x00, 0xFE, 0xFF, 0xFF
	.byte 0x04, 0x48, 0x81, 0x42, 0x08, 0xDC, 0x38, 0x1C, 0x03, 0x21, 0x01, 0x22, 0xFB, 0xF7, 0x94, 0xFB
	.byte 0x07, 0xE0, 0x00, 0x00, 0xFF, 0x01, 0x00, 0x00, 0x38, 0x1C, 0x04, 0x21, 0x01, 0x22, 0xFB, 0xF7
	.byte 0x8B, 0xFB, 0xAA, 0x23, 0x5B, 0x00, 0xFA, 0x18, 0x11, 0x68, 0x00, 0x29, 0x07, 0xDA, 0x02, 0x20
	.byte 0x0C, 0x9C, 0x20, 0x40, 0x00, 0x28, 0x02, 0xD1, 0x08, 0x1C, 0x40, 0x30, 0x10, 0x60, 0x50, 0x21
	.byte 0x0C, 0x98, 0x08, 0x40, 0x50, 0x28, 0x0D, 0xD1, 0xB2, 0x25, 0x6D, 0x00, 0x7A, 0x19, 0x10, 0x78
	.byte 0x20, 0x28, 0x75, 0xD0, 0x00, 0x20, 0x20, 0x21, 0x11, 0x70, 0xB0, 0x26, 0x76, 0x00, 0xB9, 0x19
	.byte 0x08, 0x60, 0x6D, 0xE0, 0x90, 0x21, 0x0C, 0x98, 0x08, 0x40, 0x90, 0x28, 0x13, 0xD1, 0xB2, 0x24
	.byte 0x64, 0x00, 0x3A, 0x19, 0x10, 0x78, 0x60, 0x28, 0x06, 0xD0, 0x00, 0x20, 0x60, 0x21, 0x11, 0x70
	.byte 0xB0, 0x25, 0x6D, 0x00, 0x79, 0x19, 0x08, 0x60, 0x46, 0x46, 0x70, 0x6B, 0xB1, 0x6B, 0x05, 0x22
	.byte 0x52, 0x42, 0x10, 0x40, 0x16, 0xE0, 0xA0, 0x20, 0x0C, 0x9A, 0x02, 0x40, 0xA0, 0x2A, 0x15, 0xD1
	.byte 0xB2, 0x24, 0x64, 0x00, 0x3B, 0x19, 0x18, 0x78, 0xA0, 0x28, 0x05, 0xD0, 0x00, 0x21, 0x1A, 0x70
	.byte 0xB0, 0x25, 0x6D, 0x00, 0x78, 0x19, 0x01, 0x60, 0x46, 0x46, 0x70, 0x6B, 0xB1, 0x6B, 0x04, 0x22
	.byte 0x00, 0x23, 0x10, 0x43, 0x42, 0x46, 0x50, 0x63, 0x91, 0x63, 0x70, 0xE0, 0x60, 0x21, 0x0C, 0x98
	.byte 0x08, 0x40, 0x60, 0x28, 0x0D, 0xD1, 0xB2, 0x23, 0x5B, 0x00, 0xFA, 0x18, 0x10, 0x78, 0xE0, 0x28
	.byte 0x5C, 0xD0, 0x00, 0x20, 0xE0, 0x21, 0x11, 0x70, 0xB0, 0x24, 0x64, 0x00, 0x39, 0x19, 0x08, 0x60
	.byte 0x54, 0xE0, 0x40, 0x20, 0x0C, 0x99, 0x08, 0x40, 0x00, 0x04, 0x02, 0x0C, 0x00, 0x2A, 0x0C, 0xD0
	.byte 0xB2, 0x23, 0x5B, 0x00, 0xFA, 0x18, 0x10, 0x78, 0x00, 0x28, 0x50, 0xD0, 0x00, 0x21, 0x11, 0x70
	.byte 0xB0, 0x24, 0x64, 0x00, 0x38, 0x19, 0x01, 0x60, 0x49, 0xE0, 0x10, 0x20, 0x0C, 0x9D, 0x28, 0x40
	.byte 0x00, 0x04, 0x03, 0x0C, 0x00, 0x2B, 0x15, 0xD0, 0xB2, 0x26, 0x76, 0x00, 0xB9, 0x19, 0x08, 0x78
	.byte 0x40, 0x28, 0x05, 0xD0, 0x40, 0x20, 0x08, 0x70, 0xB0, 0x21, 0x49, 0x00, 0x78, 0x18, 0x02, 0x60
	.byte 0x42, 0x46, 0x50, 0x6B, 0x91, 0x6B, 0x05, 0x22, 0x52, 0x42, 0x10, 0x40, 0x43, 0x46, 0x58, 0x63
	.byte 0x99, 0x63, 0x2C, 0xE0, 0x80, 0x24, 0x0C, 0x98, 0x20, 0x40, 0x00, 0x04, 0x02, 0x0C, 0x00, 0x2A
	.byte 0x0B, 0xD0, 0xB2, 0x25, 0x6D, 0x00, 0x79, 0x19, 0x08, 0x78, 0x80, 0x28, 0x1F, 0xD0, 0x0C, 0x70
	.byte 0xB0, 0x26, 0x76, 0x00, 0xB8, 0x19, 0x03, 0x60, 0x19, 0xE0, 0x20, 0x20, 0x0C, 0x99, 0x08, 0x40
	.byte 0x00, 0x28, 0x14, 0xD0, 0xB2, 0x23, 0x5B, 0x00, 0xF9, 0x18, 0x08, 0x78, 0xC0, 0x28, 0x05, 0xD0
	.byte 0xC0, 0x20, 0x08, 0x70, 0xB0, 0x24, 0x64, 0x00, 0x38, 0x19, 0x02, 0x60, 0x45, 0x46, 0x68, 0x6B
	.byte 0xA9, 0x6B, 0x04, 0x22, 0x00, 0x23, 0x10, 0x43, 0x46, 0x46, 0x70, 0x63, 0xB1, 0x63, 0xF0, 0x22
	.byte 0x0C, 0x98, 0x02, 0x40, 0x00, 0x2A, 0x09, 0xD0, 0xB0, 0x22, 0x52, 0x00, 0xB9, 0x18, 0x08, 0x68
	.byte 0x11, 0x30, 0x08, 0x60, 0xA0, 0x32, 0x90, 0x42, 0x09, 0xDD, 0x07, 0xE0, 0xB0, 0x23, 0x5B, 0x00
	.byte 0xF9, 0x18, 0x08, 0x68, 0x26, 0x38, 0x08, 0x60, 0x00, 0x28, 0x00, 0xDA, 0x0A, 0x60, 0xAC, 0x24
	.byte 0x64, 0x00, 0x39, 0x19, 0x01, 0xF0, 0x43, 0xFE, 0x38, 0x1C, 0xFB, 0xF7, 0x97, 0xF9, 0xAC, 0x26
	.byte 0x76, 0x00, 0xBD, 0x19, 0x00, 0x20, 0x2C, 0x5E, 0x00, 0x2C, 0x10, 0xD1, 0xC4, 0x21, 0x49, 0x00
	.byte 0x78, 0x18, 0x00, 0x68, 0xC0, 0x88, 0xF3, 0xF0, 0x49, 0xFE, 0xB0, 0x22, 0x52, 0x00, 0xB8, 0x18
	.byte 0x04, 0x60, 0x38, 0x1C, 0x05, 0x21, 0x00, 0x22, 0xFB, 0xF7, 0x8E, 0xFA, 0x62, 0xE0, 0x02, 0x26
	.byte 0x0D, 0x98, 0x30, 0x40, 0x00, 0x04, 0x03, 0x0C, 0x00, 0x2B, 0x1B, 0xD0, 0xC4, 0x23, 0x5B, 0x00
	.byte 0xF8, 0x18, 0x00, 0x68, 0x80, 0x88, 0xF3, 0xF0, 0x31, 0xFE, 0x12, 0x98, 0x04, 0x68, 0xA0, 0x6E
	.byte 0xE1, 0x6E, 0x07, 0x4B, 0x05, 0x4A, 0x10, 0x43, 0xA0, 0x66, 0xE1, 0x66, 0xFE, 0x63, 0xAD, 0x22
	.byte 0x52, 0x00, 0xB9, 0x18, 0x00, 0x20, 0x08, 0x80, 0x28, 0x80, 0x43, 0xE0, 0x00, 0x80, 0x00, 0x00
	.byte 0x00, 0x00, 0x00, 0x00, 0x20, 0x20, 0x0D, 0x9C, 0x20, 0x40, 0x00, 0x04, 0x04, 0x0C, 0x00, 0x2C
	.byte 0x18, 0xD0, 0xBA, 0x26, 0x76, 0x00, 0xB8, 0x19, 0x00, 0x78, 0x00, 0x28, 0x32, 0xD0, 0x42, 0x46
	.byte 0x50, 0x6B, 0x91, 0x6B, 0x05, 0x22, 0x52, 0x42, 0x10, 0x40, 0x44, 0x46, 0x60, 0x63, 0xA1, 0x63
	.byte 0x60, 0x68, 0x60, 0x61, 0x16, 0x20, 0xF8, 0x63, 0x1A, 0x3E, 0xB8, 0x19, 0x03, 0x80, 0x2B, 0x80
	.byte 0x01, 0xF0, 0x9A, 0xFE, 0x10, 0x20, 0x0D, 0x99, 0x08, 0x40, 0x00, 0x28, 0x1A, 0xD0, 0x0C, 0x4A
	.byte 0xB8, 0x18, 0x00, 0x78, 0x00, 0x28, 0x15, 0xD0, 0x43, 0x46, 0x58, 0x6B, 0x99, 0x6B, 0x04, 0x22
	.byte 0x00, 0x23, 0x10, 0x43, 0x46, 0x46, 0x70, 0x63, 0xB1, 0x63, 0x70, 0x68, 0x70, 0x61, 0x16, 0x20
	.byte 0xF8, 0x63, 0xAD, 0x21, 0x49, 0x00, 0x78, 0x18, 0x04, 0x80, 0x2C, 0x80, 0x01, 0xF0, 0x7C, 0xFE
	.byte 0x75, 0x01, 0x00, 0x00, 0xAC, 0x22, 0x52, 0x00, 0xB9, 0x18, 0x0A, 0x88, 0x00, 0x23, 0xC8, 0x5E
	.byte 0x06, 0x28, 0x01, 0xDC, 0x01, 0xF0, 0xBB, 0xFA, 0x01, 0x20, 0xF8, 0x63, 0xAD, 0x24, 0x64, 0x00
	.byte 0x3A, 0x19, 0x00, 0x20, 0x10, 0x80, 0x08, 0x80, 0x01, 0xF0, 0x66, 0xFE, 0x38, 0x1C, 0x00, 0x21
	.byte 0x01, 0x22, 0xFB, 0xF7, 0x11, 0xFA, 0xB0, 0x25, 0x6D, 0x00, 0x79, 0x19, 0x00, 0x20, 0x08, 0x60
	.byte 0x46, 0x46, 0x70, 0x6B, 0xB1, 0x6B, 0x04, 0x22, 0x10, 0x40, 0x00, 0x21, 0x08, 0x43, 0x00, 0x28
	.byte 0x0C, 0xD0, 0xB2, 0x20, 0x40, 0x00, 0x39, 0x18, 0xC0, 0x20, 0x08, 0x70, 0x70, 0x68, 0x02, 0x49
	.byte 0x40, 0x18, 0x70, 0x60, 0x01, 0xF0, 0x48, 0xFE, 0x00, 0xFE, 0xFF, 0xFF, 0xB2, 0x22, 0x52, 0x00
	.byte 0xB9, 0x18, 0x40, 0x20, 0x08, 0x70, 0x43, 0x46, 0x58, 0x68, 0x80, 0x24, 0xA4, 0x00, 0x00, 0x19
	.byte 0x58, 0x60, 0x01, 0xF0, 0x39, 0xFE, 0xAC, 0x25, 0x6D, 0x00, 0x7C, 0x19, 0x00, 0x26, 0xA0, 0x5F
	.byte 0x00, 0x28, 0x04, 0xD1, 0x38, 0x1C, 0x0A, 0x21, 0x00, 0x22, 0xFB, 0xF7, 0xC1, 0xF9, 0x38, 0x1C
	.byte 0x10, 0x30, 0xD9, 0xF7, 0xE1, 0xFB, 0x00, 0x06, 0x00, 0x28, 0x01, 0xD0, 0x01, 0xF0, 0x6A, 0xFA
	.byte 0x00, 0xF0, 0xF3, 0xFB, 0xAF, 0x21, 0x49, 0x00, 0x78, 0x18, 0x01, 0x88, 0x04, 0x20, 0x08, 0x40
	.byte 0x00, 0x04, 0x05, 0x0C, 0x00, 0x2D, 0x01, 0xD0, 0x01, 0xF0, 0x16, 0xFE, 0x38, 0x1C, 0xFB, 0xF7
	.byte 0xB5, 0xF8, 0xAC, 0x22, 0x52, 0x00, 0xBC, 0x18, 0x00, 0x23, 0xE0, 0x5E, 0x00, 0x28, 0x04, 0xD1
	.byte 0x38, 0x1C, 0x09, 0x21, 0x00, 0x22, 0xFB, 0xF7, 0x9B, 0xF9, 0x38, 0x1C, 0xFB, 0xF7, 0xA6, 0xF8
	.byte 0x38, 0x1C, 0x10, 0x30, 0xD9, 0xF7, 0xB8, 0xFB, 0x00, 0x06, 0x00, 0x28, 0x00, 0xD1, 0xCC, 0xE3
	.byte 0x40, 0x46, 0xEE, 0xF7, 0xA7, 0xFD, 0x01, 0x20, 0x29, 0xE0, 0xAF, 0x21, 0x49, 0x00, 0x78, 0x18
	.byte 0x01, 0x88, 0x04, 0x20, 0x08, 0x40, 0x00, 0x04, 0x05, 0x0C, 0x00, 0x2D, 0x01, 0xD0, 0x01, 0xF0
	.byte 0xEB, 0xFD, 0x38, 0x1C, 0xFB, 0xF7, 0x8A, 0xF8, 0xAC, 0x22, 0x52, 0x00, 0xBC, 0x18, 0x00, 0x23
	.byte 0xE0, 0x5E, 0x00, 0x28, 0x04, 0xD1, 0x38, 0x1C, 0x0E, 0x21, 0x00, 0x22, 0xFB, 0xF7, 0x70, 0xF9
	.byte 0x38, 0x1C, 0xFB, 0xF7, 0x7B, 0xF8, 0x38, 0x1C, 0x10, 0x30, 0xD9, 0xF7, 0x8D, 0xFB, 0x00, 0x06
	.byte 0x00, 0x28, 0x00, 0xD1, 0xA1, 0xE3, 0x40, 0x46, 0xEE, 0xF7, 0x7C, 0xFD, 0x23, 0x20, 0xF8, 0x63
	.byte 0xAD, 0x26, 0x76, 0x00, 0xB8, 0x19, 0x05, 0x80, 0x25, 0x80, 0x01, 0xF0, 0xC5, 0xFD, 0x38, 0x1C
	.byte 0xFB, 0xF7, 0x64, 0xF8, 0xAC, 0x21, 0x49, 0x00, 0x78, 0x18, 0x00, 0x22, 0x80, 0x5E, 0x00, 0x28
	.byte 0x6D, 0xD1, 0x38, 0x1C, 0xFB, 0xF7, 0x9A, 0xFF, 0xDC, 0x23, 0x9B, 0x00, 0xFC, 0x18, 0x20, 0x60
	.byte 0x38, 0x1C, 0x18, 0x21, 0x00, 0x22, 0xFB, 0xF7, 0x43, 0xF9, 0x38, 0x1C, 0xFA, 0xF7, 0xEA, 0xFF
	.byte 0x24, 0x68, 0x00, 0x2C, 0x34, 0xD0, 0x45, 0x46, 0x68, 0x68, 0x65, 0x68, 0xA8, 0x42, 0x09, 0xDA
	.byte 0x46, 0x46, 0x70, 0x6B, 0xB1, 0x6B, 0x04, 0x22, 0x00, 0x23, 0x10, 0x43, 0x42, 0x46, 0x50, 0x63
	.byte 0x91, 0x63, 0x08, 0xE0, 0x43, 0x46, 0x58, 0x6B, 0x99, 0x6B, 0x05, 0x22, 0x52, 0x42, 0x10, 0x40
	.byte 0x46, 0x46, 0x70, 0x63, 0xB1, 0x63, 0x42, 0x46, 0x50, 0x6B, 0x91, 0x6B, 0x04, 0x22, 0x10, 0x40
	.byte 0x00, 0x21, 0x08, 0x43, 0x00, 0x28, 0x06, 0xD0, 0xDA, 0x23, 0x5B, 0x00, 0xF9, 0x18, 0xB4, 0x26
	.byte 0xB6, 0x01, 0xA8, 0x19, 0x04, 0xE0, 0xDA, 0x20, 0x40, 0x00, 0x39, 0x18, 0x03, 0x4A, 0xA8, 0x18
	.byte 0x08, 0x60, 0xDC, 0x23, 0x5B, 0x00, 0xF9, 0x18, 0x22, 0xE0, 0x00, 0x00, 0x00, 0xD3, 0xFF, 0xFF
	.byte 0x44, 0x46, 0x60, 0x6B, 0xA1, 0x6B, 0x04, 0x22, 0x10, 0x40, 0x00, 0x21, 0x08, 0x43, 0x00, 0x28
	.byte 0x04, 0xD0, 0xDA, 0x25, 0x6D, 0x00, 0x79, 0x19, 0x60, 0x68, 0x04, 0xE0, 0xDA, 0x26, 0x76, 0x00
	.byte 0xB9, 0x19, 0x42, 0x46, 0x50, 0x68, 0x08, 0x60, 0x43, 0x46, 0x58, 0x6B, 0x99, 0x6B, 0x04, 0x22
	.byte 0x00, 0x23, 0x50, 0x40, 0x44, 0x46, 0x60, 0x63, 0xA1, 0x63, 0xDC, 0x25, 0x6D, 0x00, 0x79, 0x19
	.byte 0xA0, 0x68, 0x08, 0x60, 0xAA, 0x26, 0x76, 0x00, 0xB9, 0x19, 0x1D, 0x48, 0x08, 0x60, 0x3C, 0x1C
	.byte 0x10, 0x34, 0x20, 0x1C, 0xD9, 0xF7, 0x0C, 0xFB, 0x00, 0x04, 0x00, 0x28, 0x1B, 0xD0, 0xDA, 0x21
	.byte 0x49, 0x00, 0x78, 0x18, 0x00, 0x68, 0x42, 0x46, 0x51, 0x68, 0x40, 0x1A, 0xC0, 0x10, 0x09, 0x18
	.byte 0x51, 0x60, 0xDC, 0x23, 0x5B, 0x00, 0xF8, 0x18, 0x00, 0x68, 0x91, 0x68, 0x40, 0x1A, 0xC0, 0x10
	.byte 0x09, 0x18, 0x91, 0x60, 0xAF, 0x25, 0x6D, 0x00, 0x7A, 0x19, 0x11, 0x88, 0x80, 0x26, 0x36, 0x01
	.byte 0x30, 0x1C, 0x08, 0x43, 0x10, 0x80, 0x20, 0x1C, 0xD9, 0xF7, 0xDE, 0xFA, 0x00, 0x06, 0x00, 0x28
	.byte 0x10, 0xD0, 0x40, 0x46, 0xC1, 0x68, 0x00, 0x69, 0x81, 0x42, 0x0B, 0xDB, 0x38, 0x1C, 0xFA, 0xF7
	.byte 0x67, 0xFF, 0x23, 0x20, 0xF8, 0x63, 0xAD, 0x21, 0x49, 0x00, 0x78, 0x18, 0x01, 0xF0, 0xCB, 0xFA
	.byte 0x80, 0xFB, 0xFF, 0xFF, 0xAC, 0x23, 0x5B, 0x00, 0xF9, 0x18, 0x01, 0xF0, 0x58, 0xFC, 0x38, 0x1C
	.byte 0xFA, 0xF7, 0xAC, 0xFF, 0xAC, 0x24, 0x64, 0x00, 0x38, 0x19, 0x00, 0x25, 0x41, 0x5F, 0x00, 0x29
	.byte 0x45, 0xD1, 0xB0, 0x26, 0x76, 0x00, 0xB8, 0x19, 0x01, 0x60, 0xCA, 0x20, 0x40, 0x00, 0x39, 0x18
	.byte 0x88, 0x20, 0x00, 0x01, 0x08, 0x60, 0xAD, 0x22, 0x52, 0x00, 0xB9, 0x18, 0x14, 0x20, 0x08, 0x80
	.byte 0x43, 0x46, 0x58, 0x6B, 0x99, 0x6B, 0x0C, 0x4B, 0x0A, 0x4A, 0x10, 0x43, 0x44, 0x46, 0x60, 0x63
	.byte 0xA1, 0x63, 0xAA, 0x25, 0x6D, 0x00, 0x79, 0x19, 0x08, 0x48, 0x08, 0x60, 0xD9, 0xF7, 0xE0, 0xFF
	.byte 0x00, 0x04, 0x00, 0x0C, 0x01, 0x21, 0x08, 0x40, 0x00, 0x28, 0x09, 0xD0, 0xFF, 0x20, 0xF3, 0xF0
	.byte 0x3D, 0xFC, 0x09, 0xE0, 0x00, 0x02, 0x00, 0x00, 0x00, 0x00, 0x00, 0x00, 0xCD, 0xFC, 0xFF, 0xFF
	.byte 0x80, 0x20, 0x40, 0x00, 0xF3, 0xF0, 0x32, 0xFC, 0x46, 0x46, 0x70, 0x6B, 0xB1, 0x6B, 0x04, 0x22
	.byte 0x10, 0x40, 0x00, 0x21, 0x08, 0x43, 0x00, 0x28, 0x04, 0xD0, 0xB2, 0x20, 0x40, 0x00, 0x39, 0x18
	.byte 0xC0, 0x20, 0x03, 0xE0, 0xB2, 0x22, 0x52, 0x00, 0xB9, 0x18, 0x40, 0x20, 0x08, 0x70, 0xAA, 0x23
	.byte 0x5B, 0x00, 0xF8, 0x18, 0x01, 0x68, 0x00, 0x29, 0x08, 0xDA, 0x03, 0x48, 0x81, 0x42, 0x08, 0xDC
	.byte 0x38, 0x1C, 0x02, 0x21, 0x07, 0xE0, 0x00, 0x00, 0x00, 0xFE, 0xFF, 0xFF, 0x04, 0x48, 0x81, 0x42
	.byte 0x08, 0xDC, 0x38, 0x1C, 0x03, 0x21, 0x01, 0x22, 0xFB, 0xF7, 0x56, 0xF8, 0x07, 0xE0, 0x00, 0x00
	.byte 0xFF, 0x01, 0x00, 0x00, 0x38, 0x1C, 0x04, 0x21, 0x01, 0x22, 0xFB, 0xF7, 0x4D, 0xF8, 0xAC, 0x24
	.byte 0x64, 0x00, 0x38, 0x19, 0x00, 0x25, 0x40, 0x5F, 0x04, 0x28, 0x0B, 0xD1, 0x38, 0x1C, 0xFA, 0xF7
	.byte 0xD1, 0xFE, 0x46, 0x46, 0x70, 0x6B, 0xB1, 0x6B, 0x80, 0x22, 0x00, 0x23, 0x10, 0x43, 0x42, 0x46
	.byte 0x50, 0x63, 0x91, 0x63, 0xAD, 0x23, 0x5B, 0x00, 0xF8, 0x18, 0x00, 0x24, 0x00, 0x5F, 0x00, 0x28
	.byte 0x4A, 0xD0, 0x45, 0x46, 0x68, 0x6B, 0xA9, 0x6B, 0x04, 0x22, 0x10, 0x40, 0x00, 0x21, 0x08, 0x43
	.byte 0x00, 0x28, 0x07, 0xD0, 0xCA, 0x26, 0x76, 0x00, 0xB8, 0x19, 0x69, 0x68, 0x00, 0x68, 0x09, 0x18
	.byte 0x69, 0x60, 0x07, 0xE0, 0xCA, 0x21, 0x49, 0x00, 0x78, 0x18, 0x42, 0x46, 0x51, 0x68, 0x00, 0x68
	.byte 0x09, 0x1A, 0x51, 0x60, 0xCA, 0x23, 0x5B, 0x00, 0xF8, 0x18, 0xAD, 0x25, 0x6D, 0x00, 0x7C, 0x19
	.byte 0x22, 0x88, 0x00, 0x21, 0xD9, 0xF7, 0x08, 0xF9, 0x20, 0x88, 0x01, 0x38, 0x20, 0x80, 0x46, 0x46
	.byte 0xF1, 0x68, 0x30, 0x69, 0x81, 0x42, 0x16, 0xDA, 0x40, 0x20, 0x0C, 0x99, 0x08, 0x40, 0x00, 0x28
	.byte 0x06, 0xD0, 0xB0, 0x68, 0x01, 0x4A, 0x80, 0x18, 0xB0, 0x60, 0x0C, 0xE0, 0x80, 0xFE, 0xFF, 0xFF
	.byte 0x80, 0x20, 0x0C, 0x9B, 0x18, 0x40, 0x00, 0x28, 0x05, 0xD0, 0x44, 0x46, 0xA0, 0x68, 0xC0, 0x25
	.byte 0x6D, 0x00, 0x40, 0x19, 0xA0, 0x60, 0xAD, 0x26, 0x76, 0x00, 0xB8, 0x19, 0x00, 0x21, 0x40, 0x5E
	.byte 0x00, 0x28, 0x01, 0xD0, 0x01, 0xF0, 0x80, 0xFB, 0x42, 0x46, 0xD1, 0x68, 0x10, 0x69, 0x81, 0x42
	.byte 0x01, 0xDA, 0x01, 0xF0, 0x79, 0xFB, 0x50, 0x6B, 0x91, 0x6B, 0x81, 0x22, 0x52, 0x42, 0x10, 0x40
	.byte 0x43, 0x46, 0x58, 0x63, 0x99, 0x63, 0x38, 0x1C, 0xFA, 0xF7, 0x72, 0xFE, 0x17, 0x20, 0xC8, 0xE1
	.byte 0xAC, 0x20, 0x40, 0x00, 0x3C, 0x18, 0x00, 0x21, 0x60, 0x5E, 0x00, 0x28, 0x0B, 0xD1, 0xC4, 0x22
	.byte 0x52, 0x00, 0xB8, 0x18, 0x00, 0x68, 0xC0, 0x88, 0xF3, 0xF0, 0x78, 0xFB, 0x38, 0x1C, 0x05, 0x21
	.byte 0x00, 0x22, 0xFA, 0xF7, 0xC1, 0xFF, 0x38, 0x1C, 0x10, 0x30, 0xD9, 0xF7, 0xC5, 0xF9, 0x00, 0x06
	.byte 0x00, 0x28, 0x00, 0xD1, 0xD9, 0xE1, 0x01, 0x20, 0xF8, 0x63, 0xAD, 0x23, 0x5B, 0x00, 0xF9, 0x18
	.byte 0x00, 0x20, 0x08, 0x80, 0x20, 0x80, 0x44, 0x46, 0x60, 0x6B, 0xA1, 0x6B, 0x03, 0x4A, 0x10, 0x40
	.byte 0x45, 0x46, 0x68, 0x63, 0xA9, 0x63, 0x01, 0xF0, 0xF7, 0xFB, 0x00, 0x00, 0xFF, 0xFD, 0xFF, 0xFF
	.byte 0x38, 0x1C, 0xFA, 0xF7, 0x93, 0xFE, 0xAC, 0x26, 0x76, 0x00, 0xB8, 0x19, 0x00, 0x22, 0x81, 0x5E
	.byte 0x00, 0x29, 0x1C, 0xD1, 0xB0, 0x23, 0x5B, 0x00, 0xF8, 0x18, 0x01, 0x60, 0xCA, 0x24, 0x64, 0x00
	.byte 0x39, 0x19, 0x84, 0x20, 0x40, 0x01, 0x08, 0x60, 0xAD, 0x25, 0x6D, 0x00, 0x79, 0x19, 0x14, 0x20
	.byte 0x08, 0x80, 0x04, 0x3E, 0xB9, 0x19, 0x0C, 0x48, 0x08, 0x60, 0xD9, 0xF7, 0xD1, 0xFE, 0x00, 0x04
	.byte 0x00, 0x0C, 0x01, 0x21, 0x08, 0x40, 0x09, 0x49, 0x40, 0x18, 0xF3, 0xF0, 0x2F, 0xFB, 0xAA, 0x22
	.byte 0x52, 0x00, 0xB8, 0x18, 0x01, 0x68, 0x00, 0x29, 0x0C, 0xDA, 0x05, 0x48, 0x81, 0x42, 0x0C, 0xDC
	.byte 0x38, 0x1C, 0x10, 0x21, 0x0B, 0xE0, 0x00, 0x00, 0xCD, 0xFC, 0xFF, 0xFF, 0x03, 0x01, 0x00, 0x00
	.byte 0x00, 0xFE, 0xFF, 0xFF, 0x04, 0x48, 0x81, 0x42, 0x08, 0xDC, 0x38, 0x1C, 0x11, 0x21, 0x00, 0x22
	.byte 0xFA, 0xF7, 0x46, 0xFF, 0x07, 0xE0, 0x00, 0x00, 0xFF, 0x01, 0x00, 0x00, 0x38, 0x1C, 0x12, 0x21
	.byte 0x00, 0x22, 0xFA, 0xF7, 0x3D, 0xFF, 0xAC, 0x23, 0x5B, 0x00, 0xF8, 0x18, 0x00, 0x24, 0x00, 0x5F
	.byte 0x04, 0x28, 0x02, 0xD1, 0x38, 0x1C, 0xFA, 0xF7, 0xDD, 0xFD, 0xAF, 0x25, 0x6D, 0x00, 0x7A, 0x19
	.byte 0x10, 0x88, 0x80, 0x26, 0x36, 0x01, 0x31, 0x1C, 0x01, 0x43, 0x11, 0x80, 0xAD, 0x21, 0x49, 0x00
	.byte 0x78, 0x18, 0x00, 0x22, 0x80, 0x5E, 0x00, 0x28, 0x48, 0xD0, 0x43, 0x46, 0x58, 0x6B, 0x99, 0x6B
	.byte 0x04, 0x22, 0x10, 0x40, 0x00, 0x21, 0x08, 0x43, 0x00, 0x28, 0x07, 0xD0, 0xCA, 0x24, 0x64, 0x00
	.byte 0x38, 0x19, 0x59, 0x68, 0x00, 0x68, 0x09, 0x18, 0x59, 0x60, 0x07, 0xE0, 0xCA, 0x25, 0x6D, 0x00
	.byte 0x78, 0x19, 0x46, 0x46, 0x71, 0x68, 0x00, 0x68, 0x09, 0x1A, 0x71, 0x60, 0xCA, 0x21, 0x49, 0x00
	.byte 0x78, 0x18, 0xAD, 0x22, 0x52, 0x00, 0xBC, 0x18, 0x22, 0x88, 0x00, 0x21, 0xD9, 0xF7, 0x14, 0xF8
	.byte 0x20, 0x88, 0x01, 0x38, 0x20, 0x80, 0x43, 0x46, 0xD9, 0x68, 0x18, 0x69, 0x81, 0x42, 0x16, 0xDA
	.byte 0x40, 0x20, 0x0C, 0x9C, 0x20, 0x40, 0x00, 0x28, 0x06, 0xD0, 0x98, 0x68, 0x01, 0x4D, 0x40, 0x19
	.byte 0x98, 0x60, 0x0C, 0xE0, 0x80, 0xFE, 0xFF, 0xFF, 0x80, 0x20, 0x0C, 0x9E, 0x30, 0x40, 0x00, 0x28
	.byte 0x05, 0xD0, 0x41, 0x46, 0x88, 0x68, 0xC0, 0x22, 0x52, 0x00, 0x80, 0x18, 0x88, 0x60, 0xAD, 0x23
	.byte 0x5B, 0x00, 0xF8, 0x18, 0x00, 0x24, 0x00, 0x5F, 0x00, 0x28, 0x0A, 0xD1, 0x45, 0x46, 0xE9, 0x68
	.byte 0x28, 0x69, 0x81, 0x42, 0x05, 0xDB, 0x38, 0x1C, 0xFA, 0xF7, 0x8A, 0xFD, 0x3B, 0x20, 0x01, 0xF0
	.byte 0xEE, 0xF8, 0xAC, 0x23, 0x5B, 0x00, 0xF9, 0x18, 0x01, 0xF0, 0x81, 0xFA, 0xAC, 0x25, 0x6D, 0x00
	.byte 0x7C, 0x19, 0x00, 0x26, 0xA0, 0x5F, 0x00, 0x28, 0x0B, 0xD1, 0xC4, 0x21, 0x49, 0x00, 0x78, 0x18
	.byte 0x00, 0x68, 0xC0, 0x88, 0xF3, 0xF0, 0x8A, 0xFA, 0x38, 0x1C, 0x13, 0x21, 0x00, 0x22, 0xFA, 0xF7
	.byte 0xB7, 0xFE, 0x38, 0x1C, 0x10, 0x30, 0xD9, 0xF7, 0xD7, 0xF8, 0x00, 0x06, 0x00, 0x28, 0x00, 0xD1
	.byte 0xEB, 0xE0, 0x23, 0x20, 0xF8, 0x63, 0xAD, 0x22, 0x52, 0x00, 0xB9, 0x18, 0x01, 0xF0, 0x04, 0xFB
	.byte 0x38, 0x1C, 0xFA, 0xF7, 0xB3, 0xFD, 0xAC, 0x23, 0x5B, 0x00, 0xF8, 0x18, 0x00, 0x24, 0x01, 0x5F
	.byte 0x00, 0x29, 0x1D, 0xD1, 0xB0, 0x25, 0x6D, 0x00, 0x78, 0x19, 0x01, 0x60, 0xCA, 0x26, 0x76, 0x00
	.byte 0xB9, 0x19, 0xB0, 0x20, 0xC0, 0x00, 0x08, 0x60, 0xAD, 0x20, 0x40, 0x00, 0x39, 0x18, 0x14, 0x20
	.byte 0x08, 0x80, 0xAA, 0x22, 0x52, 0x00, 0xB9, 0x18, 0x0B, 0x48, 0x08, 0x60, 0xD9, 0xF7, 0xF0, 0xFD
	.byte 0x00, 0x04, 0x00, 0x0C, 0x01, 0x21, 0x08, 0x40, 0x08, 0x4B, 0xC0, 0x18, 0xF3, 0xF0, 0x4E, 0xFA
	.byte 0xAA, 0x24, 0x64, 0x00, 0x38, 0x19, 0x01, 0x68, 0x00, 0x29, 0x0B, 0xDA, 0x04, 0x48, 0x81, 0x42
	.byte 0x0B, 0xDC, 0x38, 0x1C, 0x10, 0x21, 0x0A, 0xE0, 0xCD, 0xFC, 0xFF, 0xFF, 0x03, 0x01, 0x00, 0x00
	.byte 0x00, 0xFE, 0xFF, 0xFF, 0x04, 0x48, 0x81, 0x42, 0x08, 0xDC, 0x38, 0x1C, 0x11, 0x21, 0x00, 0x22
	.byte 0xFA, 0xF7, 0x66, 0xFE, 0x07, 0xE0, 0x00, 0x00, 0xFF, 0x01, 0x00, 0x00, 0x38, 0x1C, 0x12, 0x21
	.byte 0x00, 0x22, 0xFA, 0xF7, 0x5D, 0xFE, 0xAC, 0x25, 0x6D, 0x00, 0x78, 0x19, 0x00, 0x26, 0x80, 0x5F
	.byte 0x04, 0x28, 0x02, 0xD1, 0x38, 0x1C, 0xFA, 0xF7, 0xFD, 0xFC, 0xAF, 0x20, 0x40, 0x00, 0x3A, 0x18
	.byte 0x10, 0x88, 0x80, 0x23, 0x1B, 0x01, 0x19, 0x1C, 0x01, 0x43, 0x11, 0x80, 0xAD, 0x24, 0x64, 0x00
	.byte 0x38, 0x19, 0x00, 0x25, 0x40, 0x5F, 0x00, 0x28, 0x48, 0xD0, 0x80, 0x20, 0x80, 0x01, 0x01, 0x40
	.byte 0x00, 0x29, 0x08, 0xD0, 0xCA, 0x26, 0x76, 0x00, 0xB8, 0x19, 0x42, 0x46, 0x91, 0x68, 0x00, 0x68
	.byte 0x09, 0x1A, 0x91, 0x60, 0x07, 0xE0, 0xCA, 0x23, 0x5B, 0x00, 0xF8, 0x18, 0x44, 0x46, 0xA1, 0x68
	.byte 0x00, 0x68, 0x09, 0x18, 0xA1, 0x60, 0xCA, 0x25, 0x6D, 0x00, 0x78, 0x19, 0xAD, 0x26, 0x76, 0x00
	.byte 0xBC, 0x19, 0x22, 0x88, 0x00, 0x21, 0xD8, 0xF7, 0x37, 0xFF, 0x20, 0x88, 0x01, 0x38, 0x20, 0x80
	.byte 0x40, 0x46, 0xC1, 0x68, 0x00, 0x69, 0x81, 0x42, 0x17, 0xDA, 0x40, 0x20, 0x0C, 0x99, 0x08, 0x40
	.byte 0x00, 0x28, 0x07, 0xD0, 0x42, 0x46, 0x50, 0x68, 0x01, 0x4B, 0xC0, 0x18, 0x50, 0x60, 0x0C, 0xE0
	.byte 0x80, 0xFD, 0xFF, 0xFF, 0x80, 0x20, 0x0C, 0x9C, 0x20, 0x40, 0x00, 0x28, 0x05, 0xD0, 0x45, 0x46
	.byte 0x68, 0x68, 0xA0, 0x26, 0xB6, 0x00, 0x80, 0x19, 0x68, 0x60, 0xAD, 0x21, 0x49, 0x00, 0x78, 0x18
	.byte 0x00, 0x22, 0x80, 0x5E, 0x00, 0x28, 0x01, 0xD0, 0x01, 0xF0, 0xAE, 0xF9, 0x43, 0x46, 0xD9, 0x68
	.byte 0x18, 0x69, 0x81, 0x42, 0x01, 0xDA, 0x01, 0xF0, 0xA7, 0xF9, 0x38, 0x1C, 0xFA, 0xF7, 0xA8, 0xFC
	.byte 0x3B, 0x20, 0xF8, 0x63, 0xAD, 0x24, 0x64, 0x00, 0x38, 0x19, 0x00, 0x21, 0x01, 0x80, 0xAC, 0x25
	.byte 0x6D, 0x00, 0x78, 0x19, 0x01, 0x80, 0x01, 0xF0, 0x4F, 0xFA, 0x38, 0x1C, 0xFA, 0xF7, 0xEE, 0xFC
	.byte 0xAC, 0x20, 0x40, 0x00, 0x3C, 0x18, 0x00, 0x21, 0x60, 0x5E, 0x00, 0x28, 0x04, 0xD1, 0x38, 0x1C
	.byte 0x09, 0x21, 0x00, 0x22, 0xFA, 0xF7, 0xD4, 0xFD, 0x38, 0x1C, 0x10, 0x30, 0xD8, 0xF7, 0xF4, 0xFF
	.byte 0x00, 0x06, 0x00, 0x28, 0x09, 0xD0, 0x40, 0x46, 0xEE, 0xF7, 0xE4, 0xF9, 0x01, 0x20, 0xF8, 0x63
	.byte 0xAD, 0x22, 0x52, 0x00, 0xB9, 0x18, 0x01, 0xF0, 0x1F, 0xFA, 0x20, 0x88, 0x01, 0x30, 0x20, 0x80
	.byte 0x01, 0xF0, 0x2A, 0xFA, 0x12, 0x9B, 0x18, 0x68, 0xC1, 0x6E, 0x80, 0x6E, 0x80, 0x22, 0x12, 0x02
	.byte 0x10, 0x40, 0x00, 0x21, 0x08, 0x43, 0x00, 0x28, 0x01, 0xD0, 0x00, 0xF0, 0x16, 0xFC, 0x44, 0x46
	.byte 0xE1, 0x68, 0x20, 0x69, 0x81, 0x42, 0x01, 0xDA, 0x00, 0xF0, 0x0F, 0xFC, 0x38, 0x1C, 0xFA, 0xF7
	.byte 0xB5, 0xFC, 0xAC, 0x25, 0x6D, 0x00, 0x7C, 0x19, 0x00, 0x26, 0xA0, 0x5F, 0x00, 0x28, 0x04, 0xD1
	.byte 0x38, 0x1C, 0x0A, 0x21, 0x00, 0x22, 0xFA, 0xF7, 0x9B, 0xFD, 0x00, 0x21, 0x60, 0x5E, 0x17, 0x28
	.byte 0x05, 0xD1, 0x42, 0x46, 0x50, 0x68, 0x91, 0x68, 0xD2, 0x68, 0xE6, 0xF7, 0x5B, 0xFF, 0x00, 0x23
	.byte 0xE0, 0x5E, 0x17, 0x28, 0x01, 0xDC, 0x01, 0xF0, 0x3F, 0xF9, 0xE5, 0xF7, 0x95, 0xFE, 0x00, 0x06
	.byte 0x00, 0x28, 0x01, 0xD0, 0x01, 0xF0, 0x38, 0xF9, 0xB3, 0x24, 0x64, 0x00, 0x38, 0x19, 0x00, 0x78
	.byte 0x05, 0x28, 0x67, 0xD8, 0x80, 0x00, 0x02, 0x49, 0x40, 0x18, 0x00, 0x68, 0x87, 0x46, 0x00, 0x00
	.byte 0xE8, 0xCB, 0x02, 0x08, 0x00, 0xCC, 0x02, 0x08, 0x1C, 0xCC, 0x02, 0x08, 0x38, 0xCC, 0x02, 0x08
	.byte 0x54, 0xCC, 0x02, 0x08, 0x70, 0xCC, 0x02, 0x08, 0x8C, 0xCC, 0x02, 0x08, 0xBC, 0x25, 0x6D, 0x00
	.byte 0x78, 0x19, 0x00, 0x78, 0x00, 0x28, 0x03, 0xD0, 0x49, 0xF0, 0x54, 0xFB, 0x00, 0xF0, 0x12, 0xFE
	.byte 0x51, 0xF0, 0xC4, 0xFA, 0x00, 0xF0, 0x0E, 0xFE, 0xBC, 0x26, 0x76, 0x00, 0xB8, 0x19, 0x00, 0x78
	.byte 0x00, 0x28, 0x03, 0xD0, 0x49, 0xF0, 0x4C, 0xFB, 0x00, 0xF0, 0x04, 0xFE, 0x51, 0xF0, 0xBC, 0xFA
	.byte 0x00, 0xF0, 0x00, 0xFE, 0xBC, 0x21, 0x49, 0x00, 0x78, 0x18, 0x00, 0x78, 0x00, 0x28, 0x03, 0xD0
	.byte 0x49, 0xF0, 0x44, 0xFB, 0x00, 0xF0, 0xF6, 0xFD, 0x51, 0xF0, 0xB4, 0xFA, 0x00, 0xF0, 0xF2, 0xFD
	.byte 0xBC, 0x22, 0x52, 0x00, 0xB8, 0x18, 0x00, 0x78, 0x00, 0x28, 0x03, 0xD0, 0x49, 0xF0, 0x3C, 0xFB
	.byte 0x00, 0xF0, 0xE8, 0xFD, 0x51, 0xF0, 0xAC, 0xFA, 0x00, 0xF0, 0xE4, 0xFD, 0xBC, 0x23, 0x5B, 0x00
	.byte 0xF8, 0x18, 0x00, 0x78, 0x00, 0x28, 0x03, 0xD0, 0x49, 0xF0, 0x34, 0xFB, 0x00, 0xF0, 0xDA, 0xFD
	.byte 0x51, 0xF0, 0xA4, 0xFA, 0x00, 0xF0, 0xD6, 0xFD, 0xBC, 0x24, 0x64, 0x00, 0x38, 0x19, 0x00, 0x78
	.byte 0x00, 0x28, 0x03, 0xD0, 0x49, 0xF0, 0x2C, 0xFB, 0x00, 0xF0, 0xCC, 0xFD, 0x51, 0xF0, 0x9C, 0xFA
	.byte 0x00, 0xF0, 0xC8, 0xFD, 0xBC, 0x25, 0x6D, 0x00, 0x78, 0x19, 0x00, 0x78, 0x00, 0x28, 0x03, 0xD0
	.byte 0x49, 0xF0, 0x24, 0xFB, 0x00, 0xF0, 0xBE, 0xFD, 0x51, 0xF0, 0x94, 0xFA, 0x00, 0xF0, 0xBA, 0xFD
	.byte 0x00, 0x24, 0x38, 0x1C, 0xFA, 0xF7, 0x12, 0xFC, 0x12, 0x99, 0x08, 0x68, 0xF4, 0x30, 0x00, 0x68
	.byte 0x03, 0x28, 0x29, 0xD1, 0xAF, 0x23, 0x5B, 0x00, 0xFA, 0x18, 0x11, 0x88, 0x40, 0x20, 0x08, 0x40
	.byte 0x00, 0x28, 0x17, 0xD1, 0x07, 0x4D, 0x79, 0x19, 0x08, 0x78, 0x02, 0x28, 0x0C, 0xD1, 0x01, 0x20
	.byte 0x08, 0x70, 0x11, 0x88, 0x40, 0x20, 0x08, 0x43, 0x10, 0x80, 0xB4, 0x26, 0x76, 0x00, 0xB8, 0x19
	.byte 0x26, 0xE0, 0x00, 0x00, 0x65, 0x01, 0x00, 0x00, 0x09, 0x78, 0x89, 0x00, 0xB4, 0x22, 0x52, 0x00
	.byte 0xB8, 0x18, 0x1C, 0xE0, 0x03, 0x4B, 0xF8, 0x18, 0x01, 0x78, 0x89, 0x00, 0xB4, 0x25, 0x6D, 0x00
	.byte 0x78, 0x19, 0x14, 0xE0, 0x65, 0x01, 0x00, 0x00, 0x05, 0x28, 0x09, 0xD1, 0x03, 0x4E, 0xB9, 0x19
	.byte 0x02, 0x20, 0x08, 0x70, 0xB8, 0x21, 0x49, 0x00, 0x78, 0x18, 0x09, 0xE0, 0x65, 0x01, 0x00, 0x00
	.byte 0x1E, 0x4A, 0xB8, 0x18, 0x01, 0x78, 0x89, 0x00, 0xB4, 0x23, 0x5B, 0x00, 0xF8, 0x18, 0x40, 0x18
	.byte 0x06, 0x68, 0x1A, 0x4D, 0x78, 0x19, 0x00, 0x78, 0x00, 0x28, 0x10, 0xD0, 0xB1, 0x8A, 0x01, 0x20
	.byte 0x08, 0x40, 0x00, 0x28, 0x0B, 0xD0, 0x12, 0x99, 0x08, 0x68, 0xC1, 0x6E, 0x80, 0x6E, 0x80, 0x22
	.byte 0x12, 0x02, 0x10, 0x40, 0x00, 0x21, 0x08, 0x43, 0x00, 0x28, 0x00, 0xD1, 0xB6, 0x69, 0xAC, 0x23
	.byte 0x5B, 0x00, 0xFA, 0x18, 0x00, 0x25, 0x51, 0x5F, 0x00, 0x29, 0x00, 0xD0, 0x95, 0xE0, 0xEC, 0xF7
	.byte 0x4D, 0xFE, 0x31, 0x88, 0x38, 0x1C, 0x00, 0x22, 0xFA, 0xF7, 0x9A, 0xFC, 0x07, 0x49, 0x78, 0x18
	.byte 0x00, 0x78, 0x02, 0x28, 0x0E, 0xD1, 0xD9, 0xF7, 0xFB, 0xFB, 0x00, 0x04, 0x00, 0x0C, 0x01, 0x21
	.byte 0x08, 0x40, 0x03, 0x4A, 0x80, 0x18, 0xF3, 0xF0, 0x59, 0xF8, 0x0F, 0xE0, 0x65, 0x01, 0x00, 0x00
	.byte 0x01, 0x01, 0x00, 0x00, 0xD9, 0xF7, 0xEC, 0xFB, 0x00, 0x04, 0x00, 0x0C, 0x03, 0x21, 0xF0, 0xF0
	.byte 0xFB, 0xFC, 0xFE, 0x30, 0x00, 0x04, 0x00, 0x0C, 0xF3, 0xF0, 0x48, 0xF8, 0xAA, 0x23, 0x5B, 0x00
	.byte 0xF9, 0x18, 0x30, 0x69, 0x08, 0x60, 0x12, 0x9D, 0x28, 0x68, 0xF4, 0x30, 0x00, 0x68, 0x08, 0x38
	.byte 0x29, 0x28, 0x00, 0xD9, 0xF8, 0xE1, 0x80, 0x00, 0x01, 0x49, 0x40, 0x18, 0x00, 0x68, 0x87, 0x46
	.byte 0x08, 0xCE, 0x02, 0x08, 0xB0, 0xCE, 0x02, 0x08, 0xEC, 0xD1, 0x02, 0x08, 0xEC, 0xD1, 0x02, 0x08
	.byte 0xEC, 0xD1, 0x02, 0x08, 0xEC, 0xD1, 0x02, 0x08, 0xEC, 0xD1, 0x02, 0x08, 0xEC, 0xD1, 0x02, 0x08
	.byte 0xEC, 0xD1, 0x02, 0x08, 0xEC, 0xD1, 0x02, 0x08, 0xEC, 0xD1, 0x02, 0x08, 0xEC, 0xD1, 0x02, 0x08
	.byte 0xEC, 0xD1, 0x02, 0x08, 0xEC, 0xD1, 0x02, 0x08, 0xEC, 0xD1, 0x02, 0x08, 0xEC, 0xD1, 0x02, 0x08
	.byte 0xEC, 0xD1, 0x02, 0x08, 0xEC, 0xD1, 0x02, 0x08, 0xEC, 0xD1, 0x02, 0x08, 0xEC, 0xD1, 0x02, 0x08
	.byte 0xEC, 0xD1, 0x02, 0x08, 0xEC, 0xD1, 0x02, 0x08, 0xEC, 0xD1, 0x02, 0x08, 0xEC, 0xD1, 0x02, 0x08
	.byte 0xEC, 0xD1, 0x02, 0x08, 0xEC, 0xD1, 0x02, 0x08, 0xEC, 0xD1, 0x02, 0x08, 0xB0, 0xCE, 0x02, 0x08
	.byte 0xEC, 0xD1, 0x02, 0x08, 0xEC, 0xD1, 0x02, 0x08, 0xEC, 0xD1, 0x02, 0x08, 0xEC, 0xD1, 0x02, 0x08
	.byte 0xEC, 0xD1, 0x02, 0x08, 0xEC, 0xD1, 0x02, 0x08, 0xEC, 0xD1, 0x02, 0x08, 0xEC, 0xD1, 0x02, 0x08
	.byte 0xB0, 0xCE, 0x02, 0x08, 0xB0, 0xCE, 0x02, 0x08, 0xEC, 0xD1, 0x02, 0x08, 0xEC, 0xD1, 0x02, 0x08
	.byte 0xEC, 0xD1, 0x02, 0x08, 0xEC, 0xD1, 0x02, 0x08, 0xB0, 0xCE, 0x02, 0x08, 0x12, 0x98, 0x01, 0x68
	.byte 0xF8, 0x31, 0x08, 0x88, 0x01, 0x38, 0x08, 0x80, 0x96, 0xE1, 0x04, 0x23, 0xF0, 0x5E, 0x81, 0x42
	.byte 0x00, 0xD0, 0x63, 0xE1, 0x12, 0x9C, 0x20, 0x68, 0xF4, 0x30, 0x00, 0x68, 0x22, 0x28, 0x00, 0xD0
	.byte 0x7E, 0xE0, 0x30, 0x68, 0x03, 0x28, 0x33, 0xD0, 0x05, 0x28, 0x54, 0xD1, 0x45, 0x46, 0x68, 0x6B
	.byte 0xA9, 0x6B, 0x04, 0x22, 0x10, 0x40, 0x00, 0x21, 0x08, 0x43, 0x00, 0x28, 0x14, 0xD0, 0xB0, 0x68
	.byte 0x00, 0x68, 0x69, 0x68, 0x06, 0x4A, 0x89, 0x18, 0xAA, 0x68, 0xEB, 0x68, 0x05, 0x4C, 0x1B, 0x19
	.byte 0x28, 0x24, 0x00, 0x94, 0x18, 0x24, 0x01, 0x94, 0x2C, 0x24, 0x02, 0x94, 0x5C, 0xE0, 0x00, 0x00
	.byte 0x00, 0xEC, 0xFF, 0xFF, 0x00, 0xE4, 0xFF, 0xFF, 0xB0, 0x68, 0x00, 0x68, 0x45, 0x46, 0x69, 0x68
	.byte 0xA0, 0x22, 0x52, 0x01, 0x89, 0x18, 0xAA, 0x68, 0xEB, 0x68, 0x04, 0x4C, 0x1B, 0x19, 0x28, 0x24
	.byte 0x00, 0x94, 0x18, 0x24, 0x01, 0x94, 0x2C, 0x24, 0x02, 0x94, 0x45, 0xE0, 0x00, 0xE4, 0xFF, 0xFF
	.byte 0x45, 0x46, 0x68, 0x6B, 0xA9, 0x6B, 0x04, 0x22, 0x10, 0x40, 0x00, 0x21, 0x08, 0x43, 0x00, 0x28
	.byte 0x0C, 0xD0, 0xB0, 0x68, 0x00, 0x68, 0x69, 0x68, 0x03, 0x4A, 0x89, 0x18, 0xAA, 0x68, 0xEB, 0x68
	.byte 0x20, 0x25, 0x00, 0x95, 0x23, 0x24, 0x2D, 0xE0, 0x00, 0xE0, 0xFF, 0xFF, 0xB0, 0x68, 0x00, 0x68
	.byte 0x43, 0x46, 0x59, 0x68, 0x80, 0x24, 0xA4, 0x01, 0x09, 0x19, 0x9A, 0x68, 0xDB, 0x68, 0x20, 0x25
	.byte 0x00, 0x95, 0x23, 0x24, 0x1E, 0xE0, 0x45, 0x46, 0x68, 0x6B, 0xA9, 0x6B, 0x04, 0x22, 0x10, 0x40
	.byte 0x00, 0x21, 0x08, 0x43, 0x00, 0x28, 0x09, 0xD0, 0xB0, 0x68, 0x00, 0x68, 0x69, 0x68, 0x02, 0x4A
	.byte 0x89, 0x18, 0xAA, 0x68, 0xEB, 0x68, 0x0A, 0xE0, 0x00, 0xDC, 0xFF, 0xFF, 0xB0, 0x68, 0x00, 0x68
	.byte 0x43, 0x46, 0x59, 0x68, 0x90, 0x24, 0xA4, 0x01, 0x09, 0x19, 0x9A, 0x68, 0xDB, 0x68, 0x20, 0x25
	.byte 0x00, 0x95, 0x14, 0x24, 0x01, 0x94, 0x02, 0x95, 0xE4, 0xF7, 0xD4, 0xFF, 0x04, 0x1C, 0x95, 0xE0
	.byte 0x31, 0x28, 0x15, 0xD1, 0x07, 0x4D, 0x78, 0x19, 0x00, 0x78, 0x02, 0x28, 0x10, 0xD1, 0xD9, 0xF7
	.byte 0xDF, 0xFA, 0x00, 0x04, 0x00, 0x0C, 0x01, 0x21, 0x08, 0x40, 0x00, 0x28, 0x04, 0xD0, 0xA4, 0x24
	.byte 0x08, 0xE0, 0x00, 0x00, 0x65, 0x01, 0x00, 0x00, 0x40, 0x46, 0x02, 0x21, 0xEC, 0xF7, 0xC6, 0xF8
	.byte 0xB0, 0x68, 0x04, 0x68, 0x30, 0x68, 0x03, 0x28, 0x2E, 0xD0, 0x05, 0x28, 0x4D, 0xD1, 0x42, 0x46
	.byte 0x50, 0x6B, 0x91, 0x6B, 0x04, 0x22, 0x10, 0x40, 0x00, 0x21, 0x08, 0x43, 0x00, 0x28, 0x11, 0xD0
	.byte 0x43, 0x46, 0x59, 0x68, 0x05, 0x4D, 0x49, 0x19, 0x9A, 0x68, 0xDB, 0x68, 0x04, 0x48, 0x1B, 0x18
	.byte 0x1C, 0x20, 0x00, 0x90, 0x14, 0x20, 0x01, 0x90, 0x2C, 0x20, 0x53, 0xE0, 0x00, 0xEC, 0xFF, 0xFF
	.byte 0x00, 0xE4, 0xFF, 0xFF, 0x42, 0x46, 0x51, 0x68, 0xA0, 0x23, 0x5B, 0x01, 0xC9, 0x18, 0x92, 0x68
	.byte 0x45, 0x46, 0xEB, 0x68, 0x03, 0x48, 0x1B, 0x18, 0x1C, 0x20, 0x00, 0x90, 0x14, 0x20, 0x01, 0x90
	.byte 0x2C, 0x20, 0x3F, 0xE0, 0x00, 0xE4, 0xFF, 0xFF, 0x42, 0x46, 0x50, 0x6B, 0x91, 0x6B, 0x04, 0x22
	.byte 0x10, 0x40, 0x00, 0x21, 0x08, 0x43, 0x00, 0x28, 0x0C, 0xD0, 0x43, 0x46, 0x59, 0x68, 0x04, 0x4D
	.byte 0x49, 0x19, 0x9A, 0x68, 0xDB, 0x68, 0x14, 0x20, 0x00, 0x90, 0x1A, 0x20, 0x28, 0xE0, 0x00, 0x00
	.byte 0x00, 0xE0, 0xFF, 0xFF, 0x40, 0x46, 0x41, 0x68, 0x80, 0x22, 0x92, 0x01, 0x89, 0x18, 0x82, 0x68
	.byte 0xC3, 0x68, 0x14, 0x20, 0x00, 0x90, 0x1A, 0x20, 0x1A, 0xE0, 0x43, 0x46, 0x58, 0x6B, 0x99, 0x6B
	.byte 0x04, 0x22, 0x10, 0x40, 0x00, 0x21, 0x08, 0x43, 0x00, 0x28, 0x07, 0xD0, 0x59, 0x68, 0x02, 0x4D
	.byte 0x49, 0x19, 0x9A, 0x68, 0xDB, 0x68, 0x08, 0xE0, 0x00, 0xDC, 0xFF, 0xFF, 0x40, 0x46, 0x41, 0x68
	.byte 0x90, 0x22, 0x92, 0x01, 0x89, 0x18, 0x82, 0x68, 0xC3, 0x68, 0x14, 0x20, 0x00, 0x90, 0x10, 0x20
	.byte 0x01, 0x90, 0x20, 0x20, 0x02, 0x90, 0x20, 0x1C, 0xE4, 0xF7, 0x44, 0xFF, 0x04, 0x1C, 0x13, 0x48
	.byte 0x00, 0x68, 0x92, 0x23, 0x5B, 0x00, 0xC0, 0x18, 0x00, 0x21, 0x01, 0x60, 0x01, 0x2C, 0x3B, 0xD1
	.byte 0xF0, 0x89, 0xF2, 0xF0, 0xB3, 0xFE, 0xB1, 0x8A, 0x02, 0x20, 0x08, 0x40, 0x00, 0x28, 0x29, 0xD0
	.byte 0x45, 0x46, 0x68, 0x6B, 0xA9, 0x6B, 0x04, 0x22, 0x10, 0x40, 0x00, 0x21, 0x08, 0x43, 0x00, 0x28
	.byte 0x10, 0xD0, 0xC0, 0x21, 0x49, 0x00, 0x6A, 0x68, 0x05, 0x4B, 0xD2, 0x18, 0xE8, 0x68, 0xC0, 0x18
	.byte 0xAB, 0x68, 0x1B, 0x18, 0x08, 0x20, 0xEB, 0xF7, 0x89, 0xFF, 0x13, 0xE0, 0x84, 0x9B, 0x03, 0x02
	.byte 0x00, 0xEC, 0xFF, 0xFF, 0xC0, 0x21, 0x49, 0x00, 0x40, 0x46, 0x42, 0x68, 0xA0, 0x23, 0x5B, 0x01
	.byte 0xD2, 0x18, 0xC0, 0x68, 0x07, 0x4D, 0x40, 0x19, 0x45, 0x46, 0xAB, 0x68, 0x1B, 0x18, 0x08, 0x20
	.byte 0xEB, 0xF7, 0x74, 0xFF, 0xAF, 0x20, 0x40, 0x00, 0x3A, 0x18, 0x11, 0x88, 0x02, 0x20, 0x08, 0x43
	.byte 0x10, 0x80, 0x39, 0xE0, 0x00, 0xEC, 0xFF, 0xFF, 0xAF, 0x21, 0x49, 0x00, 0x7A, 0x18, 0x11, 0x88
	.byte 0x01, 0x48, 0x08, 0x40, 0x10, 0x80, 0x2F, 0xE0, 0xFD, 0xFF, 0x00, 0x00, 0x00, 0x23, 0xD1, 0x5E
	.byte 0x04, 0x25, 0x70, 0x5F, 0x02, 0x30, 0x81, 0x42, 0x26, 0xD1, 0xB1, 0x8A, 0x02, 0x25, 0x28, 0x1C
	.byte 0x08, 0x40, 0x00, 0x28, 0x08, 0xD0, 0x80, 0x21, 0x49, 0x00, 0x1B, 0x48, 0x00, 0x68, 0x02, 0x69
	.byte 0x43, 0x69, 0x0F, 0x20, 0xEB, 0xF7, 0x4A, 0xFF, 0x18, 0x49, 0x78, 0x18, 0x00, 0x78, 0x01, 0x28
	.byte 0x12, 0xD8, 0xAF, 0x22, 0x52, 0x00, 0xB8, 0x18, 0x01, 0x88, 0x28, 0x1C, 0x08, 0x40, 0x00, 0x28
	.byte 0x0A, 0xD0, 0x43, 0x46, 0x58, 0x6B, 0x99, 0x6B, 0x11, 0x22, 0x52, 0x42, 0x10, 0x40, 0x45, 0x46
	.byte 0x68, 0x63, 0xA9, 0x63, 0xEC, 0xF7, 0x22, 0xFC, 0x02, 0x2C, 0x1D, 0xD1, 0x80, 0x21, 0x49, 0x00
	.byte 0x09, 0x48, 0x00, 0x68, 0x02, 0x69, 0x43, 0x69, 0x08, 0x20, 0xEB, 0xF7, 0x27, 0xFF, 0x38, 0x1C
	.byte 0x0C, 0x21, 0xFA, 0xF7, 0x59, 0xFF, 0x46, 0x46, 0x70, 0x6B, 0xB1, 0x6B, 0x04, 0x4A, 0x05, 0x4B
	.byte 0x10, 0x43, 0x00, 0xF0, 0xC4, 0xFD, 0x00, 0x00, 0x84, 0x9B, 0x03, 0x02, 0x65, 0x01, 0x00, 0x00
	.byte 0x00, 0x02, 0x00, 0x00, 0x00, 0x00, 0x00, 0x00, 0x3C, 0x1C, 0x10, 0x34, 0x20, 0x1C, 0xD8, 0xF7
	.byte 0x73, 0xFC, 0x00, 0x06, 0x25, 0x1C, 0x00, 0x28, 0x0B, 0xD0, 0x12, 0x9B, 0x18, 0x68, 0xC1, 0x6E
	.byte 0x80, 0x6E, 0x80, 0x22, 0x12, 0x02, 0x10, 0x40, 0x00, 0x21, 0x08, 0x43, 0x00, 0x28, 0x00, 0xD1
	.byte 0xF0, 0xE2, 0x28, 0x1C, 0xD8, 0xF7, 0x6C, 0xFC, 0x00, 0x04, 0x00, 0x0C, 0x02, 0x28, 0x00, 0xD9
	.byte 0x86, 0xE0, 0x12, 0x9C, 0x20, 0x68, 0x84, 0x6F, 0x00, 0x2C, 0x63, 0xD0, 0x28, 0x1C, 0xD8, 0xF7
	.byte 0x5F, 0xFC, 0x00, 0x04, 0x00, 0x0C, 0x01, 0x28, 0x30, 0xD9, 0x60, 0x68, 0x41, 0x46, 0x4D, 0x68
	.byte 0x43, 0x1B, 0xA1, 0x68, 0x42, 0x46, 0x90, 0x68, 0x09, 0x1A, 0x89, 0x46, 0x50, 0x6B, 0x91, 0x6B
	.byte 0x04, 0x22, 0x10, 0x40, 0x00, 0x21, 0x08, 0x43, 0x00, 0x28, 0x09, 0xD0, 0x00, 0x2B, 0x00, 0xDD
	.byte 0x00, 0x23, 0x41, 0x46, 0x48, 0x69, 0xC0, 0x18, 0x00, 0x4A, 0x09, 0xE0, 0x00, 0xF0, 0xFF, 0xFF
	.byte 0x00, 0x2B, 0x00, 0xDA, 0x00, 0x23, 0x41, 0x46, 0x48, 0x69, 0xC0, 0x18, 0x80, 0x22, 0x52, 0x01
	.byte 0xA9, 0x18, 0x40, 0x1A, 0xC0, 0x10, 0x28, 0x18, 0x43, 0x46, 0x58, 0x60, 0x45, 0x46, 0xA8, 0x69
	.byte 0x48, 0x44, 0xA9, 0x68, 0x40, 0x1A, 0x00, 0x11, 0x09, 0x18, 0xA9, 0x60, 0xB1, 0x8A, 0x01, 0x20
	.byte 0x08, 0x40, 0x00, 0x28, 0x44, 0xD0, 0x20, 0x1C, 0xA2, 0x30, 0x00, 0x26, 0x80, 0x5F, 0x00, 0x02
	.byte 0xE1, 0x68, 0x09, 0x1A, 0x40, 0x46, 0xC5, 0x68, 0x4E, 0x1B, 0x00, 0x2E, 0x38, 0xDA, 0x12, 0x99
	.byte 0x0C, 0x68, 0xA0, 0x6E, 0xE1, 0x6E, 0x0A, 0x4B, 0x08, 0x4A, 0x10, 0x43, 0xA0, 0x66, 0xE1, 0x66
	.byte 0x42, 0x46, 0xD0, 0x69, 0x80, 0x19, 0x40, 0x1B, 0xC0, 0x10, 0x28, 0x18, 0xD0, 0x60, 0xAA, 0x23
	.byte 0x5B, 0x00, 0xF9, 0x18, 0x00, 0x20, 0x08, 0x60, 0x22, 0xE0, 0x00, 0x00, 0x00, 0x80, 0x00, 0x00
	.byte 0x00, 0x00, 0x00, 0x00, 0x44, 0x46, 0x60, 0x6B, 0xA1, 0x6B, 0x04, 0x22, 0x10, 0x40, 0x00, 0x21
	.byte 0x08, 0x43, 0x00, 0x28, 0x0A, 0xD0, 0x60, 0x69, 0x03, 0x4D, 0x40, 0x19, 0x61, 0x68, 0x40, 0x1A
	.byte 0xC0, 0x10, 0x09, 0x18, 0x61, 0x60, 0x0B, 0xE0, 0x00, 0xF0, 0xFF, 0xFF, 0x46, 0x46, 0x70, 0x69
	.byte 0x80, 0x21, 0x49, 0x01, 0x40, 0x18, 0x71, 0x68, 0x40, 0x1A, 0xC0, 0x10, 0x09, 0x18, 0x71, 0x60
	.byte 0xAC, 0x22, 0x52, 0x00, 0xB9, 0x18, 0x00, 0xF0, 0x62, 0xFD, 0x12, 0x9B, 0x18, 0x68, 0xC1, 0x6E
	.byte 0x80, 0x6E, 0x80, 0x24, 0x24, 0x02, 0x20, 0x40, 0x00, 0x21, 0x08, 0x43, 0x00, 0x28, 0x04, 0xD1
	.byte 0x45, 0x46, 0xE9, 0x68, 0x28, 0x69, 0x81, 0x42, 0x04, 0xDA, 0x38, 0x1C, 0xFA, 0xF7, 0xA6, 0xF8
	.byte 0x00, 0xF0, 0x02, 0xFE, 0x38, 0x1C, 0xFA, 0xF7, 0xA1, 0xF8, 0xAC, 0x26, 0x76, 0x00, 0xB8, 0x19
	.byte 0x00, 0x22, 0x81, 0x5E, 0x00, 0x29, 0x2B, 0xD1, 0x12, 0x9B, 0x18, 0x68, 0x81, 0x67, 0x07, 0x48
	.byte 0x00, 0x68, 0xC1, 0x6E, 0x80, 0x6E, 0x00, 0x20, 0x21, 0x40, 0x08, 0x43, 0x00, 0x28, 0x07, 0xD0
	.byte 0x38, 0x1C, 0x0F, 0x21, 0x00, 0x22, 0xFA, 0xF7, 0x7B, 0xF9, 0x06, 0xE0, 0x84, 0x9B, 0x03, 0x02
	.byte 0x38, 0x1C, 0x01, 0x21, 0x00, 0x22, 0xFA, 0xF7, 0x8F, 0xF9, 0x44, 0x46, 0x60, 0x6B, 0xA1, 0x6B
	.byte 0x04, 0x22, 0x10, 0x40, 0x00, 0x21, 0x08, 0x43, 0x00, 0x28, 0x04, 0xD0, 0xB2, 0x25, 0x6D, 0x00
	.byte 0x79, 0x19, 0xC0, 0x20, 0x03, 0xE0, 0xB2, 0x26, 0x76, 0x00, 0xB9, 0x19, 0x40, 0x20, 0x08, 0x70
	.byte 0xAC, 0x20, 0x40, 0x00, 0x39, 0x18, 0x0A, 0x88, 0x00, 0x23, 0xC8, 0x5E, 0x03, 0x28, 0x00, 0xDC
	.byte 0x0D, 0xE2, 0x19, 0x20, 0xF8, 0x63, 0xAD, 0x24, 0x64, 0x00, 0x3A, 0x19, 0x00, 0x20, 0x10, 0x80
	.byte 0x08, 0x80, 0xAA, 0x25, 0x6D, 0x00, 0x79, 0x19, 0x01, 0x48, 0x08, 0x60, 0x00, 0xF0, 0xB4, 0xFD
	.byte 0x00, 0xFC, 0xFF, 0xFF, 0xAC, 0x20, 0x40, 0x00, 0x3E, 0x18, 0x00, 0x21, 0x70, 0x5E, 0x00, 0x28
	.byte 0x18, 0xD1, 0xAD, 0x22, 0x52, 0x00, 0xB9, 0x18, 0x14, 0x20, 0x08, 0x80, 0x0F, 0x98, 0x01, 0x21
	.byte 0xE5, 0xF7, 0xD6, 0xF8, 0x44, 0x46, 0x62, 0x6B, 0xA3, 0x6B, 0x0B, 0x49, 0x09, 0x48, 0x02, 0x43
	.byte 0x0A, 0x4C, 0x0B, 0x4D, 0x10, 0x1C, 0x19, 0x1C, 0x29, 0x43, 0x45, 0x46, 0x68, 0x63, 0xA9, 0x63
	.byte 0xE8, 0x68, 0xE8, 0x61, 0x00, 0x21, 0x70, 0x5E, 0x00, 0x28, 0x0B, 0xD0, 0x0A, 0x28, 0x1F, 0xD0
	.byte 0x37, 0xE0, 0x00, 0x00, 0x00, 0x00, 0x80, 0x00, 0x00, 0x00, 0x00, 0x00, 0x00, 0x00, 0x00, 0x00
	.byte 0x00, 0x20, 0x00, 0x00, 0x06, 0x48, 0x00, 0x68, 0xC1, 0x6E, 0x80, 0x6E, 0x80, 0x22, 0x12, 0x02
	.byte 0x00, 0x20, 0x11, 0x40, 0x08, 0x43, 0x00, 0x28, 0x04, 0xD0, 0x38, 0x1C, 0x10, 0x21, 0x14, 0xE0
	.byte 0x84, 0x9B, 0x03, 0x02, 0x38, 0x1C, 0x02, 0x21, 0x00, 0x22, 0xFA, 0xF7, 0x1D, 0xF9, 0x18, 0xE0
	.byte 0x08, 0x48, 0x00, 0x68, 0xC1, 0x6E, 0x80, 0x6E, 0x80, 0x22, 0x12, 0x02, 0x00, 0x20, 0x11, 0x40
	.byte 0x08, 0x43, 0x00, 0x28, 0x08, 0xD0, 0x38, 0x1C, 0x11, 0x21, 0x00, 0x22, 0xFA, 0xF7, 0xF0, 0xF8
	.byte 0x07, 0xE0, 0x00, 0x00, 0x84, 0x9B, 0x03, 0x02, 0x38, 0x1C, 0x03, 0x21, 0x00, 0x22, 0xFA, 0xF7
	.byte 0x03, 0xF9, 0x42, 0x46, 0x51, 0x69, 0x06, 0x48, 0x81, 0x42, 0x0D, 0xDC, 0x40, 0x46, 0x04, 0x30
	.byte 0x04, 0x49, 0xAD, 0x23, 0x5B, 0x00, 0xFA, 0x18, 0x12, 0x88, 0xD8, 0xF7, 0xED, 0xF9, 0x0D, 0xE0
	.byte 0xFF, 0xFF, 0x00, 0x00, 0x00, 0xE0, 0xFF, 0xFF, 0x40, 0x46, 0x04, 0x30, 0x88, 0x21, 0x89, 0x02
	.byte 0xAD, 0x24, 0x64, 0x00, 0x3A, 0x19, 0x12, 0x88, 0xD8, 0xF7, 0xDE, 0xF9, 0xAD, 0x25, 0x6D, 0x00
	.byte 0x7A, 0x19, 0x10, 0x88, 0x01, 0x38, 0x10, 0x80, 0x00, 0x04, 0x01, 0x14, 0x00, 0x29, 0x03, 0xD1
	.byte 0x1A, 0x20, 0xF8, 0x63, 0x11, 0x80, 0xA4, 0xE3, 0xAC, 0x20, 0x40, 0x00, 0x39, 0x18, 0x00, 0xF0
	.byte 0x6E, 0xFC, 0xAC, 0x21, 0x49, 0x00, 0x7D, 0x18, 0x00, 0x22, 0xA8, 0x5E, 0x00, 0x28, 0x2A, 0xD1
	.byte 0xAF, 0x23, 0x5B, 0x00, 0xFA, 0x18, 0x11, 0x88, 0x04, 0x20, 0x08, 0x43, 0x10, 0x80, 0x38, 0x1C
	.byte 0xFA, 0xF7, 0x2E, 0xF9, 0xBC, 0x24, 0x64, 0x00, 0x38, 0x19, 0x01, 0x78, 0x09, 0x04, 0x1F, 0x4A
	.byte 0x0B, 0x98, 0x10, 0x40, 0x08, 0x43, 0xB3, 0x26, 0x76, 0x00, 0xB9, 0x19, 0x09, 0x78, 0x1C, 0x4C
	.byte 0x20, 0x40, 0x08, 0x43, 0x0B, 0x90, 0x1B, 0x48, 0x00, 0x68, 0x2C, 0x30, 0xC8, 0x22, 0x52, 0x00
	.byte 0xB9, 0x18, 0x09, 0x68, 0x0B, 0xAA, 0xD3, 0xF7, 0x2B, 0xFC, 0x43, 0x46, 0x58, 0x69, 0x58, 0x60
	.byte 0x98, 0x69, 0x98, 0x60, 0xDC, 0x60, 0xAA, 0x24, 0x64, 0x00, 0x39, 0x19, 0x00, 0x20, 0x08, 0x60
	.byte 0x12, 0x9E, 0x30, 0x68, 0xC1, 0x6E, 0x80, 0x6E, 0x80, 0x22, 0x92, 0x03, 0x10, 0x40, 0x00, 0x21
	.byte 0x08, 0x43, 0x00, 0x28, 0x57, 0xD1, 0xAF, 0x20, 0x40, 0x00, 0x3A, 0x18, 0x11, 0x88, 0x0A, 0x48
	.byte 0x08, 0x40, 0x10, 0x80, 0x38, 0x1C, 0xFA, 0xF7, 0xD5, 0xF8, 0x42, 0x46, 0x51, 0x69, 0x07, 0x48
	.byte 0x81, 0x42, 0x0F, 0xDC, 0x06, 0x48, 0x50, 0x60, 0x10, 0xE0, 0x00, 0x00, 0xFF, 0xFF, 0x00, 0xFF
	.byte 0x00, 0x00, 0xFF, 0xFF, 0x84, 0x9B, 0x03, 0x02, 0xFB, 0xFF, 0x00, 0x00, 0xFF, 0xFF, 0x00, 0x00
	.byte 0x00, 0xE0, 0xFF, 0xFF, 0x88, 0x20, 0x80, 0x02, 0x43, 0x46, 0x58, 0x60, 0x44, 0x46, 0xE0, 0x69
	.byte 0x0F, 0x4D, 0x40, 0x19, 0xE0, 0x60, 0x12, 0x9E, 0x34, 0x68, 0xA0, 0x6E, 0xE1, 0x6E, 0x0D, 0x4A
	.byte 0x0D, 0x4B, 0x10, 0x43, 0xA0, 0x66, 0xE1, 0x66, 0xAA, 0x20, 0x40, 0x00, 0x39, 0x18, 0x00, 0x20
	.byte 0x08, 0x60, 0x0A, 0x48, 0x00, 0x68, 0xC1, 0x6E, 0x80, 0x6E, 0x00, 0x20, 0x11, 0x40, 0x08, 0x43
	.byte 0x00, 0x28, 0x0D, 0xD0, 0x38, 0x1C, 0x0C, 0x21, 0x01, 0x22, 0xFA, 0xF7, 0x31, 0xF8, 0x0C, 0xE0
	.byte 0x00, 0xCE, 0xFF, 0xFF, 0x00, 0x80, 0x00, 0x00, 0x00, 0x00, 0x00, 0x00, 0x84, 0x9B, 0x03, 0x02
	.byte 0x38, 0x1C, 0x00, 0x21, 0x01, 0x22, 0xFA, 0xF7, 0x23, 0xF8, 0x1B, 0x20, 0xF8, 0x63, 0xAD, 0x21
	.byte 0x49, 0x00, 0x78, 0x18, 0x3F, 0xE2, 0x28, 0x88, 0x01, 0x30, 0x28, 0x80, 0x00, 0xF0, 0x84, 0xFC
	.byte 0xAC, 0x23, 0x5B, 0x00, 0xFA, 0x18, 0x00, 0x24, 0x10, 0x5F, 0x00, 0x28, 0x04, 0xD1, 0xAD, 0x25
	.byte 0x6D, 0x00, 0x79, 0x19, 0x14, 0x20, 0x08, 0x80, 0x00, 0x26, 0x90, 0x5F, 0x0A, 0x28, 0x1A, 0xD0
	.byte 0x0A, 0x28, 0x02, 0xDC, 0x00, 0x28, 0x03, 0xD0, 0x3E, 0xE0, 0x12, 0x28, 0x2C, 0xD0, 0x3B, 0xE0
	.byte 0x06, 0x48, 0x00, 0x68, 0xC1, 0x6E, 0x80, 0x6E, 0x80, 0x22, 0x12, 0x02, 0x00, 0x20, 0x11, 0x40
	.byte 0x08, 0x43, 0x00, 0x28, 0x04, 0xD0, 0x38, 0x1C, 0x11, 0x21, 0x11, 0xE0, 0x84, 0x9B, 0x03, 0x02
	.byte 0x38, 0x1C, 0x03, 0x21, 0x14, 0xE0, 0x08, 0x48, 0x00, 0x68, 0xC1, 0x6E, 0x80, 0x6E, 0x80, 0x22
	.byte 0x12, 0x02, 0x00, 0x20, 0x11, 0x40, 0x08, 0x43, 0x00, 0x28, 0x07, 0xD0, 0x38, 0x1C, 0x12, 0x21
	.byte 0x00, 0x22, 0xF9, 0xF7, 0xDD, 0xFF, 0x17, 0xE0, 0x84, 0x9B, 0x03, 0x02, 0x38, 0x1C, 0x04, 0x21
	.byte 0x00, 0x22, 0xF9, 0xF7, 0xF1, 0xFF, 0x0F, 0xE0, 0x0F, 0x98, 0x00, 0x21, 0xE4, 0xF7, 0x70, 0xFF
	.byte 0x40, 0x46, 0x42, 0x6B, 0x83, 0x6B, 0x14, 0x48, 0x02, 0x40, 0x14, 0x4C, 0x10, 0x1C, 0x19, 0x1C
	.byte 0x21, 0x40, 0x42, 0x46, 0x50, 0x63, 0x91, 0x63, 0xAD, 0x23, 0x5B, 0x00, 0xFC, 0x18, 0x00, 0x25
	.byte 0x60, 0x5F, 0x00, 0x28, 0x09, 0xDD, 0x40, 0x46, 0x04, 0x30, 0x46, 0x46, 0x71, 0x69, 0x22, 0x88
	.byte 0xD8, 0xF7, 0xE2, 0xF8, 0x20, 0x88, 0x01, 0x38, 0x20, 0x80, 0x12, 0x99, 0x08, 0x68, 0xC1, 0x6E
	.byte 0x80, 0x6E, 0x80, 0x22, 0x12, 0x02, 0x10, 0x40, 0x00, 0x21, 0x01, 0x43, 0x00, 0x29, 0x07, 0xD1
	.byte 0x1C, 0x20, 0xF8, 0x63, 0x21, 0x80, 0xC8, 0xE1, 0xFF, 0xFF, 0x7F, 0xFF, 0xFF, 0xDF, 0xFF, 0xFF
	.byte 0xAC, 0x23, 0x5B, 0x00, 0xF9, 0x18, 0x52, 0xE3, 0xAC, 0x24, 0x64, 0x00, 0x38, 0x19, 0x00, 0x25
	.byte 0x40, 0x5F, 0x00, 0x28, 0x2B, 0xD1, 0x0F, 0x98, 0x00, 0x21, 0xE4, 0xF7, 0x31, 0xFF, 0x46, 0x46
	.byte 0x72, 0x6B, 0xB3, 0x6B, 0x0C, 0x48, 0x02, 0x40, 0x0C, 0x4C, 0x10, 0x1C, 0x19, 0x1C, 0x21, 0x40
	.byte 0x42, 0x46, 0x50, 0x63, 0x91, 0x63, 0x0A, 0x48, 0x00, 0x68, 0xC1, 0x6E, 0x80, 0x6E, 0x80, 0x22
	.byte 0x12, 0x02, 0x00, 0x20, 0x11, 0x40, 0x08, 0x43, 0x00, 0x28, 0x0B, 0xD0, 0x38, 0x1C, 0x13, 0x21
	.byte 0x00, 0x22, 0xF9, 0xF7, 0x75, 0xFF, 0x0A, 0xE0, 0xFF, 0xFF, 0x7F, 0xFF, 0xFF, 0xDF, 0xFF, 0xFF
	.byte 0x84, 0x9B, 0x03, 0x02, 0x38, 0x1C, 0x05, 0x21, 0x00, 0x22, 0xF9, 0xF7, 0x85, 0xFF, 0xAC, 0x23
	.byte 0x5B, 0x00, 0xF9, 0x18, 0x0A, 0x88, 0x00, 0x24, 0x08, 0x5F, 0x06, 0x28, 0x17, 0xDD, 0x08, 0x48
	.byte 0x00, 0x68, 0xC1, 0x6E, 0x80, 0x6E, 0x80, 0x22, 0x12, 0x02, 0x00, 0x20, 0x11, 0x40, 0x08, 0x43
	.byte 0x00, 0x28, 0x07, 0xD0, 0x38, 0x1C, 0x23, 0x21, 0xFA, 0xF7, 0x46, 0xFC, 0xBC, 0xE3, 0x00, 0x00
	.byte 0x84, 0x9B, 0x03, 0x02, 0x38, 0x1C, 0x01, 0x21, 0xFA, 0xF7, 0x3E, 0xFC, 0xB4, 0xE3, 0x50, 0x1C
	.byte 0x08, 0x80, 0xB1, 0xE3, 0x38, 0x1C, 0xF9, 0xF7, 0x51, 0xFE, 0xAC, 0x25, 0x6D, 0x00, 0x78, 0x19
	.byte 0x00, 0x26, 0x84, 0x5F, 0x00, 0x2C, 0x3D, 0xD1, 0x03, 0x20, 0x04, 0x21, 0x0A, 0x22, 0xD8, 0xF7
	.byte 0x15, 0xFD, 0x38, 0x1C, 0x07, 0x21, 0x00, 0x22, 0xF9, 0xF7, 0x32, 0xFF, 0x42, 0x46, 0x50, 0x6B
	.byte 0x91, 0x6B, 0x12, 0x4B, 0x10, 0x4A, 0x10, 0x43, 0x43, 0x46, 0x58, 0x63, 0x99, 0x63, 0x08, 0x35
	.byte 0x78, 0x19, 0x04, 0x60, 0x99, 0x8D, 0x2C, 0x26, 0x98, 0x5F, 0x01, 0x28, 0x01, 0xDD, 0x48, 0x1E
	.byte 0x98, 0x85, 0xD8, 0xF7, 0x85, 0xFE, 0x00, 0x04, 0x00, 0x0C, 0x03, 0x21, 0xEF, 0xF0, 0x94, 0xFF
	.byte 0x00, 0x04, 0x00, 0x0C, 0x01, 0x28, 0x0D, 0xD0, 0x01, 0x28, 0x10, 0xDC, 0x00, 0x28, 0x0E, 0xD1
	.byte 0x03, 0x48, 0xF2, 0xF0, 0xDB, 0xFA, 0x0D, 0xE0, 0x00, 0x20, 0x00, 0x00, 0x00, 0x00, 0x00, 0x00
	.byte 0x07, 0x01, 0x00, 0x00, 0x84, 0x20, 0x40, 0x00, 0xF2, 0xF0, 0xD0, 0xFA, 0x02, 0xE0, 0x0D, 0x48
	.byte 0xF2, 0xF0, 0xCC, 0xFA, 0xAC, 0x20, 0x40, 0x00, 0x3B, 0x18, 0x19, 0x88, 0x00, 0x22, 0x98, 0x5E
	.byte 0x18, 0x28, 0x00, 0xDC, 0x78, 0xE0, 0x44, 0x46, 0x60, 0x6B, 0xA1, 0x6B, 0x06, 0x4A, 0x10, 0x40
	.byte 0x45, 0x46, 0x68, 0x63, 0xA9, 0x63, 0x01, 0x20, 0xF8, 0x63, 0xAD, 0x26, 0x76, 0x00, 0xB9, 0x19
	.byte 0x62, 0xE0, 0x00, 0x00, 0x09, 0x01, 0x00, 0x00, 0xFF, 0xDF, 0xFF, 0xFF, 0x38, 0x1C, 0xF9, 0xF7
	.byte 0xED, 0xFD, 0xAC, 0x21, 0x49, 0x00, 0x78, 0x18, 0x00, 0x22, 0x84, 0x5E, 0x00, 0x2C, 0x3F, 0xD1
	.byte 0x03, 0x20, 0x04, 0x21, 0x0A, 0x22, 0xD8, 0xF7, 0xB1, 0xFC, 0x38, 0x1C, 0x0E, 0x21, 0x00, 0x22
	.byte 0xF9, 0xF7, 0xCE, 0xFE, 0x43, 0x46, 0x58, 0x6B, 0x99, 0x6B, 0x13, 0x4B, 0x11, 0x4A, 0x10, 0x43
	.byte 0x45, 0x46, 0x68, 0x63, 0xA9, 0x63, 0xB0, 0x26, 0x76, 0x00, 0xB8, 0x19, 0x04, 0x60, 0xA9, 0x8D
	.byte 0x2C, 0x22, 0xA8, 0x5E, 0x01, 0x28, 0x01, 0xDD, 0x48, 0x1E, 0xA8, 0x85, 0xD8, 0xF7, 0x20, 0xFE
	.byte 0x00, 0x04, 0x00, 0x0C, 0x03, 0x21, 0xEF, 0xF0, 0x2F, 0xFF, 0x00, 0x04, 0x00, 0x0C, 0x01, 0x28
	.byte 0x0E, 0xD0, 0x01, 0x28, 0x11, 0xDC, 0x00, 0x28, 0x0F, 0xD1, 0x04, 0x48, 0xF2, 0xF0, 0x76, 0xFA
	.byte 0x0E, 0xE0, 0x00, 0x00, 0x00, 0x20, 0x00, 0x00, 0x00, 0x00, 0x00, 0x00, 0x07, 0x01, 0x00, 0x00
	.byte 0x84, 0x20, 0x40, 0x00, 0xF2, 0xF0, 0x6A, 0xFA, 0x02, 0xE0, 0x0D, 0x48, 0xF2, 0xF0, 0x66, 0xFA
	.byte 0xAC, 0x24, 0x64, 0x00, 0x3B, 0x19, 0x19, 0x88, 0x00, 0x25, 0x58, 0x5F, 0x18, 0x28, 0x13, 0xDD
	.byte 0x46, 0x46, 0x70, 0x6B, 0xB1, 0x6B, 0x07, 0x4A, 0x10, 0x40, 0x42, 0x46, 0x50, 0x63, 0x91, 0x63
	.byte 0x23, 0x20, 0xF8, 0x63, 0x02, 0x34, 0x39, 0x19, 0x00, 0x20, 0x08, 0x80, 0x18, 0x80, 0xEB, 0xE2
	.byte 0x09, 0x01, 0x00, 0x00, 0xFF, 0xDF, 0xFF, 0xFF, 0x48, 0x1C, 0x18, 0x80, 0xE4, 0xE2, 0x38, 0x1C
	.byte 0xF9, 0xF7, 0x84, 0xFD, 0x45, 0x46, 0x68, 0x68, 0x68, 0x61, 0xA8, 0x68, 0xA8, 0x61, 0xAC, 0x26
	.byte 0x76, 0x00, 0xB8, 0x19, 0x00, 0x21, 0x46, 0x5E, 0x00, 0x2E, 0x2B, 0xD1, 0x3D, 0x1C, 0x10, 0x35
	.byte 0x28, 0x1C, 0xD8, 0xF7, 0xAD, 0xF8, 0x38, 0x1C, 0x07, 0x21, 0x00, 0x22, 0xF9, 0xF7, 0x60, 0xFE
	.byte 0x0C, 0x4C, 0x20, 0x68, 0x01, 0x1C, 0x76, 0x31, 0x09, 0x88, 0x72, 0x30, 0x01, 0x80, 0x38, 0x1C
	.byte 0xFA, 0xF7, 0x00, 0xFC, 0x20, 0x68, 0xF4, 0x30, 0x00, 0x68, 0x12, 0x28, 0x0C, 0xD1, 0x12, 0x9A
	.byte 0x11, 0x68, 0xF8, 0x31, 0x08, 0x88, 0x01, 0x38, 0x08, 0x80, 0xAD, 0x23, 0x5B, 0x00, 0xF8, 0x18
	.byte 0x06, 0x80, 0x2B, 0xE0, 0x84, 0x9B, 0x03, 0x02, 0xAD, 0x24, 0x64, 0x00, 0x39, 0x19, 0x0F, 0x20
	.byte 0x08, 0x80, 0x23, 0xE0, 0x3D, 0x1C, 0x10, 0x35, 0x06, 0x2E, 0x1F, 0xD1, 0xD8, 0xF7, 0xA0, 0xFD
	.byte 0x00, 0x04, 0x00, 0x0C, 0x03, 0x21, 0xEF, 0xF0, 0xAF, 0xFE, 0x00, 0x04, 0x00, 0x0C, 0x01, 0x28
	.byte 0x0A, 0xD0, 0x01, 0x28, 0x0D, 0xDC, 0x00, 0x28, 0x0B, 0xD1, 0x02, 0x48, 0xF2, 0xF0, 0xF6, 0xF9
	.byte 0x0C, 0xE0, 0x00, 0x00, 0x07, 0x01, 0x00, 0x00, 0x84, 0x20, 0x40, 0x00, 0xF2, 0xF0, 0xEE, 0xF9
	.byte 0x04, 0xE0, 0x16, 0x48, 0xF2, 0xF0, 0xEA, 0xF9, 0x3D, 0x1C, 0x10, 0x35, 0xAC, 0x20, 0x40, 0x00
	.byte 0x3E, 0x18, 0xAD, 0x21, 0x49, 0x00, 0x7C, 0x18, 0x00, 0x22, 0xB1, 0x5E, 0x00, 0x23, 0xE0, 0x5E
	.byte 0x81, 0x42, 0x07, 0xDB, 0x42, 0x46, 0x50, 0x6B, 0x91, 0x6B, 0x0D, 0x4A, 0x10, 0x40, 0x43, 0x46
	.byte 0x58, 0x63, 0x99, 0x63, 0x28, 0x1C, 0xD8, 0xF7, 0x27, 0xF8, 0x00, 0x06, 0x00, 0x28, 0x11, 0xD0
	.byte 0x40, 0x46, 0xED, 0xF7, 0x17, 0xFA, 0x45, 0x46, 0x68, 0x68, 0x68, 0x61, 0xA8, 0x68, 0xA8, 0x61
	.byte 0x01, 0x20, 0xF8, 0x63, 0x00, 0x20, 0x20, 0x80, 0x30, 0x80, 0x5D, 0xE2, 0x09, 0x01, 0x00, 0x00
	.byte 0xFF, 0xFD, 0xFF, 0xFF, 0x30, 0x88, 0x01, 0x30, 0x30, 0x80, 0x55, 0xE2, 0x38, 0x1C, 0x10, 0x30
	.byte 0xD8, 0xF7, 0x0A, 0xF8, 0x00, 0x06, 0x00, 0x28, 0x00, 0xD1, 0x4D, 0xE2, 0x23, 0x20, 0xF8, 0x63
	.byte 0xAD, 0x26, 0x76, 0x00, 0xB8, 0x19, 0x00, 0x21, 0x01, 0x80, 0xAC, 0x22, 0x52, 0x00, 0xB8, 0x18
	.byte 0x01, 0x80, 0x41, 0xE2, 0x38, 0x1C, 0x10, 0x30, 0xD7, 0xF7, 0xF6, 0xFF, 0x00, 0x06, 0x00, 0x28
	.byte 0x00, 0xD1, 0x39, 0xE2, 0x01, 0x20, 0xF8, 0x63, 0xAD, 0x23, 0x5B, 0x00, 0xF8, 0x18, 0x00, 0x21
	.byte 0x9D, 0xE0, 0xAC, 0x25, 0x6D, 0x00, 0x7C, 0x19, 0x00, 0x26, 0xA5, 0x5F, 0x00, 0x2D, 0x4A, 0xD1
	.byte 0x38, 0x1C, 0xFA, 0xF7, 0x67, 0xFB, 0xAF, 0x20, 0x40, 0x00, 0x3A, 0x18, 0x11, 0x88, 0x80, 0x20
	.byte 0x08, 0x43, 0x10, 0x80, 0x38, 0x1C, 0x08, 0x21, 0x00, 0x22, 0xF9, 0xF7, 0xB1, 0xFD, 0x85, 0x20
	.byte 0x40, 0x00, 0xF2, 0xF0, 0x7B, 0xF9, 0xB0, 0x21, 0x49, 0x00, 0x78, 0x18, 0x05, 0x60, 0x03, 0x20
	.byte 0x10, 0x21, 0x3C, 0x22, 0xD8, 0xF7, 0x82, 0xFB, 0x20, 0x88, 0x01, 0x30, 0x20, 0x80, 0x0E, 0x48
	.byte 0x00, 0x68, 0x72, 0x30, 0x1E, 0x21, 0x01, 0x80, 0x42, 0x46, 0x50, 0x6B, 0x91, 0x6B, 0x0B, 0x4A
	.byte 0x04, 0x1C, 0x14, 0x40, 0x0D, 0x1C, 0x43, 0x46, 0x5C, 0x63, 0x9D, 0x63, 0x84, 0x20, 0x40, 0x00
	.byte 0x40, 0x44, 0x00, 0x68, 0x00, 0x28, 0x0B, 0xDD, 0x04, 0x22, 0x00, 0x23, 0x20, 0x1C, 0x10, 0x43
	.byte 0x44, 0x46, 0x60, 0x63, 0xA1, 0x63, 0x1B, 0xE0, 0x84, 0x9B, 0x03, 0x02, 0xFF, 0xDF, 0xFF, 0xFF
	.byte 0x00, 0x28, 0x15, 0xDA, 0x05, 0x22, 0x52, 0x42, 0x20, 0x1C, 0x10, 0x40, 0x29, 0x1C, 0x45, 0x46
	.byte 0x68, 0x63, 0xA9, 0x63, 0x0C, 0xE0, 0x29, 0x48, 0x00, 0x68, 0x72, 0x30, 0x03, 0x21, 0x01, 0x80
	.byte 0xAA, 0x26, 0x76, 0x00, 0xB9, 0x19, 0x08, 0x68, 0x00, 0x28, 0x01, 0xDD, 0x00, 0x20, 0x08, 0x60
	.byte 0x38, 0x1C, 0x10, 0x30, 0xD7, 0xF7, 0x88, 0xFF, 0x00, 0x06, 0x00, 0x28, 0x4E, 0xD0, 0x02, 0x20
	.byte 0x1E, 0x21, 0xD8, 0xF7, 0x83, 0xFA, 0x12, 0x99, 0x08, 0x68, 0xF8, 0x30, 0x01, 0x88, 0x01, 0x39
	.byte 0x01, 0x80, 0x41, 0x46, 0xE2, 0x31, 0x3C, 0x20, 0x08, 0x80, 0x42, 0x46, 0x2E, 0x23, 0xD0, 0x5E
	.byte 0x00, 0x28, 0x00, 0xDA, 0x03, 0x30, 0x80, 0x10, 0x44, 0x46, 0xA0, 0x85, 0x60, 0x6B, 0xA1, 0x6B
	.byte 0x13, 0x4A, 0x10, 0x40, 0x45, 0x46, 0x68, 0x63, 0xA9, 0x63, 0x40, 0x46, 0xED, 0xF7, 0x5A, 0xF9
	.byte 0x40, 0x46, 0x0A, 0x21, 0xEB, 0xF7, 0x9A, 0xFA, 0x0C, 0x48, 0x02, 0x68, 0x10, 0x1C, 0xEE, 0x30
	.byte 0x01, 0x78, 0x00, 0x29, 0x16, 0xD1, 0x90, 0x26, 0x76, 0x00, 0x90, 0x19, 0x00, 0x22, 0x80, 0x5E
	.byte 0x00, 0x28, 0x0F, 0xDC, 0x15, 0x20, 0xF8, 0x63, 0xAD, 0x23, 0x5B, 0x00, 0xF8, 0x18, 0x01, 0x80
	.byte 0xAC, 0x24, 0x64, 0x00, 0x38, 0x19, 0x01, 0x80, 0x8E, 0xE1, 0x00, 0x00, 0x84, 0x9B, 0x03, 0x02
	.byte 0xFF, 0xFE, 0xFF, 0xFF, 0x01, 0x20, 0xF8, 0x63, 0xAD, 0x25, 0x6D, 0x00, 0x78, 0x19, 0x00, 0x21
	.byte 0x01, 0x80, 0xAC, 0x26, 0x76, 0x00, 0xB8, 0x19, 0x01, 0x80, 0x7D, 0xE1, 0xAC, 0x20, 0x40, 0x00
	.byte 0x39, 0x18, 0xC4, 0xE0, 0x38, 0x1C, 0x00, 0x21, 0x00, 0x22, 0xF9, 0xF7, 0x09, 0xFD, 0xAC, 0x21
	.byte 0x49, 0x00, 0x7D, 0x18, 0x29, 0x88, 0x00, 0x22, 0xA8, 0x5E, 0x3C, 0x28, 0x18, 0xDD, 0x09, 0x48
	.byte 0x04, 0x68, 0xA0, 0x6E, 0xE1, 0x6E, 0x08, 0x4A, 0x08, 0x4B, 0x19, 0x43, 0xA0, 0x66, 0xE1, 0x66
	.byte 0x01, 0x20, 0xF8, 0x63, 0xAD, 0x23, 0x5B, 0x00, 0xF9, 0x18, 0x00, 0x20, 0x08, 0x80, 0x28, 0x80
	.byte 0x5A, 0xE1, 0x00, 0x00, 0x84, 0x9B, 0x03, 0x02, 0x00, 0x00, 0x00, 0x00, 0x02, 0x00, 0x00, 0x00
	.byte 0x48, 0x1C, 0x28, 0x80, 0x50, 0xE1, 0x38, 0x1C, 0xF9, 0xF7, 0xF0, 0xFB, 0xAC, 0x24, 0x64, 0x00
	.byte 0x3E, 0x19, 0x00, 0x20, 0x35, 0x5E, 0xA9, 0x46, 0x00, 0x2D, 0x56, 0xD1, 0x22, 0x4D, 0x2C, 0x68
	.byte 0xA0, 0x6E, 0xE1, 0x6E, 0x21, 0x4A, 0x22, 0x4B, 0x19, 0x43, 0xA0, 0x66, 0xE1, 0x66, 0x38, 0x1C
	.byte 0xFA, 0xF7, 0x78, 0xFA, 0xAF, 0x21, 0x49, 0x00, 0x7A, 0x18, 0x11, 0x88, 0x80, 0x20, 0x08, 0x43
	.byte 0x10, 0x80, 0x38, 0x1C, 0x08, 0x21, 0x00, 0x22, 0xF9, 0xF7, 0xC2, 0xFC, 0x85, 0x20, 0x40, 0x00
	.byte 0xF2, 0xF0, 0x8C, 0xF8, 0xB0, 0x22, 0x52, 0x00, 0xB8, 0x18, 0x4B, 0x46, 0x03, 0x60, 0x03, 0x20
	.byte 0x10, 0x21, 0x3C, 0x22, 0xD8, 0xF7, 0x92, 0xFA, 0x30, 0x88, 0x01, 0x30, 0x30, 0x80, 0x28, 0x68
	.byte 0x72, 0x30, 0x1E, 0x21, 0x01, 0x80, 0x44, 0x46, 0x60, 0x6B, 0xA1, 0x6B, 0x0D, 0x4A, 0x04, 0x1C
	.byte 0x14, 0x40, 0x0D, 0x1C, 0x46, 0x46, 0x74, 0x63, 0xB5, 0x63, 0x84, 0x20, 0x40, 0x00, 0x40, 0x44
	.byte 0x00, 0x68, 0x00, 0x28, 0x10, 0xDD, 0x04, 0x22, 0x00, 0x23, 0x20, 0x1C, 0x10, 0x43, 0x42, 0x46
	.byte 0x50, 0x63, 0x91, 0x63, 0x00, 0xE1, 0x00, 0x00, 0x84, 0x9B, 0x03, 0x02, 0x00, 0x00, 0x00, 0x00
	.byte 0x00, 0x40, 0x00, 0x00, 0xFF, 0xDF, 0xFF, 0xFF, 0x00, 0x28, 0x00, 0xDB, 0xF4, 0xE0, 0x05, 0x22
	.byte 0x52, 0x42, 0x20, 0x1C, 0x10, 0x40, 0x29, 0x1C, 0xEB, 0xE0, 0x07, 0x48, 0x00, 0x68, 0x72, 0x30
	.byte 0x03, 0x21, 0x01, 0x80, 0xAA, 0x24, 0x64, 0x00, 0x39, 0x19, 0x08, 0x68, 0x00, 0x28, 0x00, 0xDC
	.byte 0xE2, 0xE0, 0x00, 0x20, 0x08, 0x60, 0xDF, 0xE0, 0x84, 0x9B, 0x03, 0x02, 0x45, 0x46, 0x68, 0x68
	.byte 0xA9, 0x68, 0xEA, 0x68, 0x01, 0xF0, 0x44, 0xFA, 0xAA, 0x26, 0x76, 0x00, 0xB8, 0x19, 0x00, 0x21
	.byte 0x01, 0x60, 0x13, 0x9A, 0x10, 0x68, 0x02, 0x28, 0x16, 0xD0, 0x01, 0x20, 0xF8, 0x63, 0xAD, 0x23
	.byte 0x5B, 0x00, 0xF8, 0x18, 0x01, 0x80, 0xAC, 0x24, 0x64, 0x00, 0x38, 0x19, 0x01, 0x80, 0x40, 0x46
	.byte 0xED, 0xF7, 0x70, 0xF8, 0xAF, 0x25, 0x6D, 0x00, 0x7A, 0x19, 0x11, 0x88, 0x01, 0x48, 0x08, 0x40
	.byte 0x10, 0x80, 0xB9, 0xE0, 0x7F, 0xFF, 0x00, 0x00, 0xAC, 0x26, 0x76, 0x00, 0xB9, 0x19, 0x08, 0x88
	.byte 0x01, 0x30, 0x08, 0x80, 0xB0, 0xE0, 0x41, 0x46, 0x48, 0x68, 0x89, 0x68, 0x43, 0x46, 0xDA, 0x68
	.byte 0x01, 0xF0, 0x16, 0xFA, 0xAC, 0x25, 0x6D, 0x00, 0x7C, 0x19, 0x00, 0x20, 0x26, 0x5E, 0x3D, 0x1C
	.byte 0x10, 0x35, 0x00, 0x2E, 0x1A, 0xD1, 0x28, 0x1C, 0xD7, 0xF7, 0x7A, 0xFE, 0x38, 0x1C, 0x07, 0x21
	.byte 0x00, 0x22, 0xF9, 0xF7, 0x2D, 0xFC, 0x20, 0x88, 0x01, 0x30, 0x20, 0x80, 0x42, 0x46, 0x50, 0x6B
	.byte 0x91, 0x6B, 0x18, 0x4B, 0x16, 0x4A, 0x10, 0x43, 0x43, 0x46, 0x58, 0x63, 0x99, 0x63, 0x38, 0x1C
	.byte 0xFA, 0xF7, 0xC8, 0xF9, 0xB0, 0x21, 0x49, 0x00, 0x78, 0x18, 0x06, 0x60, 0x28, 0x1C, 0xD7, 0xF7
	.byte 0x3B, 0xFE, 0x00, 0x06, 0x00, 0x28, 0x08, 0xD0, 0x42, 0x46, 0x50, 0x6B, 0x91, 0x6B, 0x81, 0x22
	.byte 0x52, 0x42, 0x10, 0x40, 0x43, 0x46, 0x58, 0x63, 0x99, 0x63, 0xF3, 0x20, 0x0D, 0x9D, 0x28, 0x40
	.byte 0x00, 0x28, 0x04, 0xD0, 0x41, 0x46, 0xEC, 0x31, 0x08, 0x88, 0x01, 0x38, 0x08, 0x80, 0x13, 0x9E
	.byte 0x30, 0x68, 0x01, 0x28, 0x68, 0xD0, 0x40, 0x46, 0xED, 0xF7, 0x14, 0xF8, 0x01, 0x20, 0x4F, 0xE0
	.byte 0x00, 0x02, 0x00, 0x00, 0x00, 0x00, 0x00, 0x00, 0x41, 0x46, 0x48, 0x68, 0x89, 0x68, 0x43, 0x46
	.byte 0xDA, 0x68, 0x01, 0xF0, 0xC5, 0xF9, 0xAC, 0x25, 0x6D, 0x00, 0x7C, 0x19, 0x00, 0x20, 0x26, 0x5E
	.byte 0x3D, 0x1C, 0x10, 0x35, 0x00, 0x2E, 0x1A, 0xD1, 0x28, 0x1C, 0xD7, 0xF7, 0x29, 0xFE, 0x38, 0x1C
	.byte 0x0E, 0x21, 0x00, 0x22, 0xF9, 0xF7, 0xDC, 0xFB, 0x20, 0x88, 0x01, 0x30, 0x20, 0x80, 0x42, 0x46
	.byte 0x50, 0x6B, 0x91, 0x6B, 0x1B, 0x4B, 0x1A, 0x4A, 0x10, 0x43, 0x43, 0x46, 0x58, 0x63, 0x99, 0x63
	.byte 0x38, 0x1C, 0xFA, 0xF7, 0x77, 0xF9, 0xB0, 0x21, 0x49, 0x00, 0x78, 0x18, 0x06, 0x60, 0x28, 0x1C
	.byte 0xD7, 0xF7, 0xEA, 0xFD, 0x00, 0x06, 0x00, 0x28, 0x08, 0xD0, 0x42, 0x46, 0x50, 0x6B, 0x91, 0x6B
	.byte 0x81, 0x22, 0x52, 0x42, 0x10, 0x40, 0x43, 0x46, 0x58, 0x63, 0x99, 0x63, 0xF3, 0x20, 0x0D, 0x9D
	.byte 0x28, 0x40, 0x00, 0x28, 0x04, 0xD0, 0x41, 0x46, 0xEC, 0x31, 0x08, 0x88, 0x01, 0x38, 0x08, 0x80
	.byte 0x13, 0x9E, 0x30, 0x68, 0x01, 0x28, 0x17, 0xD0, 0x40, 0x46, 0xEC, 0xF7, 0xC3, 0xFF, 0x23, 0x20
	.byte 0xF8, 0x63, 0xAD, 0x20, 0x40, 0x00, 0x39, 0x18, 0x00, 0x20, 0x08, 0x80, 0x20, 0x80, 0x0B, 0xE0
	.byte 0x00, 0x02, 0x00, 0x00, 0x00, 0x00, 0x00, 0x00, 0x42, 0x46, 0x50, 0x6B, 0x91, 0x6B, 0x0A, 0x4A
	.byte 0x10, 0x40, 0x43, 0x46, 0x58, 0x63, 0x99, 0x63, 0x20, 0x20, 0x0D, 0x9C, 0x20, 0x40, 0x00, 0x04
	.byte 0x02, 0x0C, 0x00, 0x2A, 0x0C, 0xD0, 0xBA, 0x25, 0x6D, 0x00, 0x78, 0x19, 0x00, 0x22, 0x0D, 0x21
	.byte 0x01, 0x70, 0x02, 0x4E, 0xB8, 0x19, 0x33, 0xE0, 0xFF, 0xDF, 0xFF, 0xFF, 0x75, 0x01, 0x00, 0x00
	.byte 0x10, 0x20, 0x0D, 0x99, 0x08, 0x40, 0x00, 0x04, 0x03, 0x0C, 0x00, 0x2B, 0x0A, 0xD0, 0x04, 0x4B
	.byte 0xF9, 0x18, 0x0D, 0x20, 0x08, 0x70, 0xBA, 0x24, 0x64, 0x00, 0x38, 0x19, 0x20, 0xE0, 0x00, 0x00
	.byte 0x75, 0x01, 0x00, 0x00, 0x40, 0x20, 0x0D, 0x9D, 0x28, 0x40, 0x00, 0x04, 0x02, 0x0C, 0x00, 0x2A
	.byte 0x0A, 0xD0, 0xBB, 0x26, 0x76, 0x00, 0xB9, 0x19, 0x0D, 0x20, 0x08, 0x70, 0x01, 0x49, 0x78, 0x18
	.byte 0x03, 0x70, 0x0E, 0xE0, 0x77, 0x01, 0x00, 0x00, 0x80, 0x20, 0x0D, 0x9B, 0x03, 0x40, 0x00, 0x2B
	.byte 0x07, 0xD0, 0x31, 0x4C, 0x39, 0x19, 0x0D, 0x20, 0x08, 0x70, 0xBB, 0x25, 0x6D, 0x00, 0x78, 0x19
	.byte 0x02, 0x70, 0x2E, 0x4E, 0xB9, 0x19, 0x08, 0x78, 0x00, 0x28, 0x01, 0xD0, 0x01, 0x38, 0x08, 0x70
	.byte 0xBA, 0x20, 0x40, 0x00, 0x39, 0x18, 0x08, 0x78, 0x00, 0x28, 0x01, 0xD0, 0x01, 0x38, 0x08, 0x70
	.byte 0xBB, 0x22, 0x52, 0x00, 0xB9, 0x18, 0x08, 0x78, 0x00, 0x28, 0x01, 0xD0, 0x01, 0x38, 0x08, 0x70
	.byte 0x21, 0x4B, 0xF9, 0x18, 0x08, 0x78, 0x00, 0x28, 0x01, 0xD0, 0x01, 0x38, 0x08, 0x70, 0x13, 0x9C
	.byte 0x20, 0x68, 0x05, 0x28, 0x20, 0xD0, 0x1E, 0x4C, 0xB2, 0x25, 0x6D, 0x00, 0x7A, 0x19, 0x10, 0x78
	.byte 0x40, 0x00, 0x00, 0x19, 0x00, 0x26, 0x81, 0x5F, 0xB0, 0x20, 0x40, 0x00, 0x3B, 0x18, 0x18, 0x68
	.byte 0x41, 0x43, 0x09, 0x12, 0x45, 0x46, 0x68, 0x68, 0x40, 0x18, 0x68, 0x60, 0x10, 0x78, 0x40, 0x30
	.byte 0x40, 0x00, 0x00, 0x19, 0x00, 0x26, 0x81, 0x5F, 0x49, 0x42, 0x18, 0x68, 0x40, 0x10, 0x41, 0x43
	.byte 0x09, 0x12, 0xA8, 0x68, 0x40, 0x18, 0xA8, 0x60, 0x10, 0x99, 0x08, 0x78, 0x00, 0x28, 0x2E, 0xD0
	.byte 0x43, 0x46, 0x5A, 0x6F, 0x0C, 0x2A, 0x2A, 0xD0, 0xAF, 0x24, 0x64, 0x00, 0x38, 0x19, 0x01, 0x88
	.byte 0x20, 0x20, 0x08, 0x40, 0x00, 0x28, 0x0D, 0xD0, 0x07, 0x2A, 0x0B, 0xD1, 0x11, 0x9D, 0x29, 0x88
	.byte 0x01, 0x20, 0x08, 0x43, 0x28, 0x80, 0x1A, 0xE0, 0x77, 0x01, 0x00, 0x00, 0x75, 0x01, 0x00, 0x00
	.byte 0x00, 0x14, 0x12, 0x08, 0xAF, 0x26, 0x76, 0x00, 0xB8, 0x19, 0x01, 0x88, 0x80, 0x20, 0x08, 0x40
	.byte 0x00, 0x28, 0x0C, 0xD1, 0x40, 0x46, 0x81, 0x6F, 0x49, 0x10, 0x40, 0x68, 0x40, 0x18, 0x41, 0x46
	.byte 0x48, 0x60, 0xC9, 0x6F, 0x49, 0x10, 0x42, 0x46, 0x90, 0x68, 0x40, 0x18, 0x90, 0x60, 0x43, 0x46
	.byte 0x58, 0x6B, 0x99, 0x6B, 0x80, 0x22, 0x12, 0x04, 0x10, 0x40, 0x00, 0x21, 0x08, 0x43, 0x00, 0x28
	.byte 0x08, 0xD1, 0x40, 0x46, 0x04, 0x30, 0x41, 0x46, 0x08, 0x31, 0x42, 0x46, 0x0C, 0x32, 0xD4, 0x33
	.byte 0xEE, 0xF7, 0xC6, 0xFA, 0xAA, 0x24, 0x64, 0x00, 0x3A, 0x19, 0x45, 0x46, 0xE8, 0x68, 0x11, 0x68
	.byte 0x40, 0x18, 0xE8, 0x60, 0x14, 0x4B, 0x18, 0x68, 0x96, 0x26, 0x76, 0x00, 0x80, 0x19, 0x11, 0x68
	.byte 0x00, 0x68, 0x09, 0x18, 0x11, 0x60, 0x11, 0x98, 0x01, 0x88, 0x01, 0x20, 0x08, 0x40, 0x00, 0x28
	.byte 0x1E, 0xD0, 0x40, 0x46, 0x80, 0x30, 0x00, 0x68, 0x28, 0x61, 0xAF, 0x21, 0x49, 0x00, 0x7A, 0x18
	.byte 0x11, 0x88, 0x10, 0x20, 0x08, 0x43, 0x10, 0x80, 0x40, 0x46, 0x88, 0x30, 0x00, 0x68, 0x80, 0x22
	.byte 0xD2, 0x00, 0x80, 0x18, 0x00, 0x12, 0x80, 0x00, 0x04, 0x4C, 0x21, 0x1C, 0x09, 0x1A, 0xBD, 0x25
	.byte 0x6D, 0x00, 0x78, 0x19, 0x01, 0x80, 0x0F, 0xE0, 0x84, 0x9B, 0x03, 0x02, 0xFC, 0xEF, 0xFF, 0xFF
	.byte 0xAF, 0x26, 0x76, 0x00, 0xBA, 0x19, 0x11, 0x88, 0x33, 0x48, 0x08, 0x40, 0x10, 0x80, 0x40, 0x46
	.byte 0xD4, 0x30, 0x00, 0x68, 0x41, 0x46, 0x08, 0x61, 0xAF, 0x22, 0x52, 0x00, 0xB8, 0x18, 0x01, 0x88
	.byte 0x20, 0x20, 0x08, 0x40, 0x00, 0x28, 0x29, 0xD0, 0x18, 0x68, 0xF0, 0x30, 0x41, 0x46, 0x90, 0x31
	.byte 0x02, 0x68, 0x08, 0x68, 0x82, 0x42, 0x21, 0xD1, 0x40, 0x46, 0x84, 0x30, 0xBE, 0x24, 0x64, 0x00
	.byte 0x3A, 0x19, 0x01, 0x68, 0x10, 0x68, 0x09, 0x1A, 0x45, 0x46, 0x68, 0x68, 0x40, 0x18, 0x68, 0x60
	.byte 0x40, 0x46, 0x88, 0x30, 0xC0, 0x26, 0x76, 0x00, 0xBA, 0x19, 0x01, 0x68, 0x10, 0x68, 0x09, 0x1A
	.byte 0xA8, 0x68, 0x40, 0x18, 0xA8, 0x60, 0x40, 0x46, 0x80, 0x30, 0xC2, 0x21, 0x49, 0x00, 0x7A, 0x18
	.byte 0x01, 0x68, 0x10, 0x68, 0x09, 0x1A, 0xE8, 0x68, 0x40, 0x18, 0xE8, 0x60, 0x42, 0x46, 0xD1, 0x68
	.byte 0x10, 0x69, 0x81, 0x42, 0x63, 0xDB, 0x11, 0x9C, 0x20, 0x88, 0x01, 0x24, 0x04, 0x40, 0x00, 0x2C
	.byte 0x24, 0xD0, 0xAF, 0x25, 0x6D, 0x00, 0x7A, 0x19, 0x11, 0x88, 0x20, 0x20, 0x08, 0x43, 0x10, 0x80
	.byte 0xBE, 0x26, 0x76, 0x00, 0xB9, 0x19, 0x40, 0x46, 0x84, 0x30, 0x00, 0x68, 0x08, 0x60, 0xC0, 0x20
	.byte 0x40, 0x00, 0x39, 0x18, 0x40, 0x46, 0x88, 0x30, 0x00, 0x68, 0x08, 0x60, 0xC2, 0x22, 0x52, 0x00
	.byte 0xB9, 0x18, 0x40, 0x46, 0x80, 0x30, 0x00, 0x68, 0x08, 0x60, 0x18, 0x68, 0xF0, 0x30, 0x41, 0x46
	.byte 0x90, 0x31, 0x09, 0x68, 0x01, 0x60, 0x0B, 0xE0, 0xEF, 0xFF, 0x00, 0x00, 0xAF, 0x25, 0x6D, 0x00
	.byte 0x7A, 0x19, 0x10, 0x88, 0x11, 0x49, 0x01, 0x40, 0x11, 0x80, 0x18, 0x68, 0xF0, 0x30, 0x04, 0x60
	.byte 0xAA, 0x26, 0x76, 0x00, 0xB8, 0x19, 0x00, 0x24, 0x04, 0x60, 0x41, 0x46, 0x08, 0x69, 0xC8, 0x60
	.byte 0x12, 0x9A, 0x13, 0x68, 0x98, 0x6E, 0xD9, 0x6E, 0x09, 0x4A, 0x10, 0x40, 0x98, 0x66, 0xD9, 0x66
	.byte 0xF8, 0x6B, 0x03, 0x28, 0x0E, 0xD1, 0x04, 0x20, 0xF8, 0x63, 0xAD, 0x23, 0x5B, 0x00, 0xF8, 0x18
	.byte 0x04, 0x80, 0xAC, 0x25, 0x6D, 0x00, 0x78, 0x19, 0x04, 0x80, 0x45, 0xE0, 0xDF, 0xFF, 0x00, 0x00
	.byte 0xFF, 0x7F, 0xFF, 0xFF, 0x26, 0x28, 0x3F, 0xD1, 0x27, 0x20, 0xF8, 0x63, 0xAD, 0x26, 0x76, 0x00
	.byte 0xB8, 0x19, 0x04, 0x80, 0xAC, 0x21, 0x49, 0x00, 0x78, 0x18, 0x04, 0x80, 0x34, 0xE0, 0xAF, 0x24
	.byte 0x64, 0x00, 0x3A, 0x19, 0x11, 0x88, 0x20, 0x20, 0x08, 0x40, 0x00, 0x28, 0x28, 0xD0, 0x0E, 0x48
	.byte 0x08, 0x40, 0x00, 0x24, 0x10, 0x80, 0xF8, 0x6B, 0x01, 0x28, 0x21, 0xD1, 0x18, 0x68, 0xC1, 0x6E
	.byte 0x80, 0x6E, 0x80, 0x22, 0x12, 0x02, 0x00, 0x20, 0x11, 0x40, 0x01, 0x43, 0x00, 0x29, 0x0D, 0xD0
	.byte 0x26, 0x20, 0xF8, 0x63, 0xAD, 0x25, 0x6D, 0x00, 0x78, 0x19, 0x04, 0x80, 0xAC, 0x26, 0x76, 0x00
	.byte 0xB8, 0x19, 0x04, 0x80, 0x0C, 0xE0, 0x00, 0x00, 0xDF, 0xFF, 0x00, 0x00, 0x03, 0x20, 0xF8, 0x63
	.byte 0xAD, 0x22, 0x52, 0x00, 0xB8, 0x18, 0x01, 0x80, 0xAC, 0x24, 0x64, 0x00, 0x38, 0x19, 0x01, 0x80
	.byte 0x18, 0x68, 0xF0, 0x30, 0x00, 0x21, 0x01, 0x60, 0x84, 0x22, 0x52, 0x00, 0x42, 0x44, 0x11, 0x68
	.byte 0x00, 0x29, 0x09, 0xDD, 0x45, 0x46, 0x68, 0x68, 0x40, 0x18, 0x68, 0x60, 0x10, 0x68, 0x11, 0x38
	.byte 0x10, 0x60, 0x00, 0x28, 0x0D, 0xDA, 0x0A, 0xE0, 0x00, 0x29, 0x0A, 0xDA, 0x46, 0x46, 0x70, 0x68
	.byte 0x40, 0x18, 0x70, 0x60, 0x10, 0x68, 0x11, 0x30, 0x10, 0x60, 0x00, 0x28, 0x01, 0xDD, 0x00, 0x20
	.byte 0x10, 0x60, 0x86, 0x22, 0x52, 0x00, 0x42, 0x44, 0x11, 0x68, 0x00, 0x29, 0x09, 0xDD, 0x43, 0x46
	.byte 0x98, 0x68, 0x40, 0x18, 0x98, 0x60, 0x10, 0x68, 0x11, 0x38, 0x10, 0x60, 0x00, 0x28, 0x0D, 0xDA
	.byte 0x0A, 0xE0, 0x00, 0x29, 0x0A, 0xDA, 0x44, 0x46, 0xA0, 0x68, 0x40, 0x18, 0xA0, 0x60, 0x10, 0x68
	.byte 0x11, 0x30, 0x10, 0x60, 0x00, 0x28, 0x01, 0xDD, 0x00, 0x20, 0x10, 0x60, 0x45, 0x46, 0x68, 0x6B
	.byte 0xA9, 0x6B, 0x80, 0x22, 0x12, 0x04, 0x10, 0x40, 0x00, 0x21, 0x0C, 0x1C, 0x04, 0x43, 0x00, 0x2C
	.byte 0x00, 0xD0, 0xA6, 0xE0, 0x40, 0x46, 0x04, 0x30, 0x41, 0x46, 0x08, 0x31, 0x10, 0x22, 0x52, 0x42
	.byte 0x00, 0x23, 0xEC, 0xF7, 0x4D, 0xFA, 0x02, 0x28, 0x3B, 0xD0, 0x02, 0x28, 0x02, 0xD8, 0x01, 0x28
	.byte 0x10, 0xD0, 0x5D, 0xE0, 0x04, 0x28, 0x5B, 0xD8, 0x86, 0x20, 0x40, 0x00, 0x40, 0x44, 0x04, 0x60
	.byte 0x12, 0x9E, 0x33, 0x68, 0x98, 0x6E, 0xD9, 0x6E, 0x09, 0x22, 0x52, 0x42, 0x10, 0x40, 0x98, 0x66
	.byte 0xD9, 0x66, 0x5D, 0xE0, 0x84, 0x20, 0x40, 0x00, 0x40, 0x44, 0x04, 0x60, 0x41, 0x46, 0xC8, 0x68
	.byte 0x00, 0x28, 0x0C, 0xD1, 0x20, 0x20, 0x0C, 0x9A, 0x02, 0x40, 0x00, 0x2A, 0x07, 0xD0, 0x12, 0x9B
	.byte 0x18, 0x68, 0x81, 0x6E, 0xC2, 0x6E, 0x08, 0x23, 0x00, 0x24, 0x19, 0x43, 0x06, 0xE0, 0x12, 0x9C
	.byte 0x20, 0x68, 0x81, 0x6E, 0xC2, 0x6E, 0x09, 0x23, 0x5B, 0x42, 0x19, 0x40, 0x81, 0x66, 0xC2, 0x66
	.byte 0xAF, 0x25, 0x6D, 0x00, 0x7A, 0x19, 0x11, 0x88, 0x80, 0x26, 0xB6, 0x00, 0x30, 0x1C, 0x08, 0x43
	.byte 0x35, 0xE0, 0x84, 0x20, 0x40, 0x00, 0x40, 0x44, 0x04, 0x60, 0x41, 0x46, 0xC8, 0x68, 0x00, 0x28
	.byte 0x0C, 0xD1, 0x10, 0x20, 0x0C, 0x9A, 0x02, 0x40, 0x00, 0x2A, 0x07, 0xD0, 0x12, 0x9B, 0x18, 0x68
	.byte 0x81, 0x6E, 0xC2, 0x6E, 0x08, 0x23, 0x00, 0x24, 0x19, 0x43, 0x06, 0xE0, 0x12, 0x9C, 0x20, 0x68
	.byte 0x81, 0x6E, 0xC2, 0x6E, 0x09, 0x23, 0x5B, 0x42, 0x19, 0x40, 0x81, 0x66, 0xC2, 0x66, 0xAF, 0x25
	.byte 0x6D, 0x00, 0x7A, 0x19, 0x11, 0x88, 0x80, 0x26, 0xB6, 0x00, 0x30, 0x1C, 0x08, 0x43, 0x0E, 0xE0
	.byte 0x12, 0x98, 0x03, 0x68, 0x98, 0x6E, 0xD9, 0x6E, 0x09, 0x22, 0x52, 0x42, 0x10, 0x40, 0x98, 0x66
	.byte 0xD9, 0x66, 0xAF, 0x21, 0x49, 0x00, 0x7A, 0x18, 0x11, 0x88, 0x36, 0x48, 0x08, 0x40, 0x10, 0x80
	.byte 0x12, 0x9A, 0x15, 0x68, 0xAB, 0x6E, 0xEC, 0x6E, 0x80, 0x20, 0x80, 0x03, 0x19, 0x1C, 0x01, 0x40
	.byte 0x00, 0x22, 0x10, 0x1C, 0x08, 0x43, 0x00, 0x28, 0x05, 0xD0, 0x09, 0x3A, 0x18, 0x1C, 0x10, 0x40
	.byte 0x21, 0x1C, 0xA8, 0x66, 0xE9, 0x66, 0x12, 0x9B, 0x18, 0x68, 0xC1, 0x6E, 0x80, 0x6E, 0x08, 0x22
	.byte 0x10, 0x40, 0x00, 0x21, 0x08, 0x43, 0x00, 0x28, 0x0B, 0xD0, 0xBC, 0x24, 0x64, 0x00, 0x38, 0x19
	.byte 0x00, 0x78, 0x00, 0x28, 0x05, 0xD0, 0x45, 0x46, 0x68, 0x68, 0xA9, 0x68, 0xEA, 0x68, 0x00, 0xF0
	.byte 0x9F, 0xFE, 0x0E, 0x98, 0xD2, 0xF7, 0xAC, 0xFC, 0xF8, 0x6B, 0x0B, 0x28, 0x01, 0xD0, 0x37, 0x28
	.byte 0x19, 0xD1, 0xAF, 0x26, 0x76, 0x00, 0xBA, 0x19, 0x11, 0x88, 0x04, 0x20, 0x08, 0x40, 0x00, 0x28
	.byte 0x11, 0xD0, 0x19, 0x48, 0x08, 0x40, 0x10, 0x80, 0x38, 0x1C, 0xF9, 0xF7, 0x1B, 0xF9, 0x38, 0x1C
	.byte 0x09, 0x21, 0x00, 0x22, 0xF9, 0xF7, 0xAC, 0xF8, 0x41, 0x46, 0x48, 0x69, 0x48, 0x60, 0x88, 0x69
	.byte 0x88, 0x60, 0xC8, 0x69, 0xC8, 0x60, 0x13, 0x9A, 0x10, 0x68, 0x02, 0x28, 0x04, 0xD0, 0x38, 0x1C
	.byte 0x10, 0x30, 0xD7, 0xF7, 0x65, 0xFA, 0xF8, 0x60, 0x43, 0x46, 0x59, 0x68, 0x9A, 0x68, 0xDB, 0x68
	.byte 0x0F, 0x98, 0xE3, 0xF7, 0xBD, 0xFE, 0xD4, 0x24, 0x64, 0x00, 0x39, 0x19, 0x08, 0x88, 0x01, 0x30
	.byte 0x08, 0x80, 0x01, 0x20, 0x14, 0xB0, 0x38, 0xBC, 0x98, 0x46, 0xA1, 0x46, 0xAA, 0x46, 0xF0, 0xBC
	.byte 0x02, 0xBC, 0x08, 0x47, 0xFF, 0xFD, 0x00, 0x00, 0xFB, 0xFF, 0x00, 0x00
.syntax divided
