.syntax unified
	.align 2, 0
	.global task_btl_sora_1
	.thumb
	.thumb_func
	.type task_btl_sora_1, %function
task_btl_sora_1: @ 0801E854
	push {r4, r5, r6, r7, lr}
	mov r7, r10
	mov r6, r9
	mov r5, r8
	push {r5, r6, r7}
	add sp, #-0x094
	adds r7, r0, #0x0
	movs r0, #0x40
	adds r0, r0, r7
	mov r8, r0
	ldr r0, _0801E898 @ =0x02039B84
	ldr r0, [r0, #0x00]
	adds r0, #0xA0
	ldr r3, [r0, #0x00]
	cmp r3, #0x04
	bne _0801E94A
	mov r2, r8
	ldr r0, [r2, #0x34]
	ldr r1, [r2, #0x38]
	movs r2, #0x10
	ands r0, r2
	movs r1, #0x00
	orrs r0, r1
	cmp r0, #0x00
	beq _0801E94A
	ldr r0, [r7, #0x38]
	cmp r0, #0x43
	beq _0801E8DC
	cmp r0, #0x43
	bls _0801E89C
	cmp r0, #0x4F
	beq _0801E8E4
	b _0801E8F8
	.byte 0x00, 0x00
_0801E898: .4byte 0x02039B84
_0801E89C:
	cmp r0, #0x1A
	bhi _0801E8F8
	cmp r0, #0x17
	bcc _0801E8F8
	mov r4, r8
	ldr r0, [r4, #0x14]
	str r0, [r4, #0x04]
	ldr r0, [r4, #0x18]
	str r0, [r4, #0x08]
	ldr r0, [r4, #0x1C]
	str r0, [r4, #0x0C]
	movs r5, #0xAD
	lsls r5, r5, #0x01
	adds r2, r7, r5
	ldrh r1, [r2, #0x00]
	ands r3, r1
	cmp r3, #0x00
	beq _0801E8CC
	ldr r0, _0801E8D8 @ =0x0000FFFB
	ands r0, r1
	strh r0, [r2, #0x00]
	adds r0, r7, #0x0
	bl func_0801DEB8
_0801E8CC:
	adds r0, r7, #0x0
	movs r1, #0x03
	bl func_0801E4E4
	b _0801E900
	.byte 0x00, 0x00
_0801E8D8: .4byte 0x0000FFFB
_0801E8DC:
	ldr r0, _0801E8E0 @ =0x0000024E
	b _0801E8E6
_0801E8E0: .4byte 0x0000024E
_0801E8E4:
	ldr r0, _0801E8F4 @ =0x0000029A
_0801E8E6:
	bl func_0811FF3C
	adds r0, r7, #0x0
	movs r1, #0x52
	bl func_0801E4E4
	b _0801E900
_0801E8F4: .4byte 0x0000029A
_0801E8F8:
	adds r0, r7, #0x0
	movs r1, #0x52
	bl func_0801E4E4
_0801E900:
	mov r0, r8
	adds r0, #0x40
	movs r1, #0x00
	bl func_08012614
	adds r0, r7, #0x0
	bl func_0801DC5C
	mov r6, r8
	ldr r0, [r6, #0x34]
	ldr r1, [r6, #0x38]
	ldr r3, _0801E9BC @ =0xFFFFDFFB
	ldr r2, _0801E9B8 @ =0xFF7FFFFF
	ands r0, r2
	ands r1, r3
	mov r2, r8
	str r0, [r2, #0x34]
	str r1, [r2, #0x38]
	ldr r0, _0801E9C0 @ =0x02039B84
	ldr r4, [r0, #0x00]
	ldr r0, [r4, #0x68]
	ldr r1, [r4, #0x6C]
	ldr r2, _0801E9C4 @ =0x00400000
	ldr r3, _0801E9C8 @ =0x00000000
	orrs r0, r2
	str r0, [r4, #0x68]
	str r1, [r4, #0x6C]
	mov r0, r8
	adds r0, #0xE4
	ldr r4, [r0, #0x00]
	ldr r0, [r4, #0x68]
	ldr r1, [r4, #0x6C]
	ldr r2, _0801E9CC @ =0x40000000
	ldr r3, _0801E9D0 @ =0x00000000
	orrs r0, r2
	str r0, [r4, #0x68]
	str r1, [r4, #0x6C]
_0801E94A:
	bl func_0800FAFC
	lsls r0, r0, #0x18
	adds r3, r7, #0x0
	adds r3, #0x24
	str r3, [sp, #0x078]
	cmp r0, #0x00
	beq _0801E96C
	bl func_0800FA1C
	lsls r0, r0, #0x18
	cmp r0, #0x00
	beq _0801E96C
	mov r0, r8
	ldr r1, [sp, #0x078]
	bl func_080A1B4C
_0801E96C:
	movs r4, #0xAD
	lsls r4, r4, #0x01
	adds r2, r7, r4
	ldrh r1, [r2, #0x00]
	movs r0, #0x80
	lsls r0, r0, #0x03
	ands r0, r1
	cmp r0, #0x00
	beq _0801E998
	ldr r0, _0801E9D4 @ =0x0000FBFF
	ands r0, r1
	strh r0, [r2, #0x00]
	mov r5, r8
	ldr r0, [r5, #0x34]
	ldr r1, [r5, #0x38]
	ldr r2, _0801E9D8 @ =0xE38F7FFF
	ldr r3, _0801E9DC @ =0xFC403FFF
	ands r0, r2
	ands r1, r3
	mov r6, r8
	str r0, [r6, #0x34]
	str r1, [r6, #0x38]
_0801E998:
	mov r0, r8
	adds r0, #0xE4
	ldr r1, [r0, #0x00]
	adds r1, #0xF4
	ldr r1, [r1, #0x00]
	subs r1, #0x08
	str r0, [sp, #0x08C]
	cmp r1, #0x2A
	bls _0801E9AC
	b _0801EBCC
_0801E9AC:
	lsls r0, r1, #0x02
	ldr r1, _0801E9E0 @ =0x0801E9E4
	adds r0, r0, r1
	ldr r0, [r0, #0x00]
	mov pc, r0
	.byte 0x00, 0x00
_0801E9B8: .4byte 0xFF7FFFFF
_0801E9BC: .4byte 0xFFFFDFFB
_0801E9C0: .4byte 0x02039B84
_0801E9C4: .4byte 0x00400000
_0801E9C8: .4byte 0x00000000
_0801E9CC: .4byte 0x40000000
_0801E9D0: .4byte 0x00000000
_0801E9D4: .4byte 0x0000FBFF
_0801E9D8: .4byte 0xE38F7FFF
_0801E9DC: .4byte 0xFC403FFF
_0801E9E0: .4byte 0x0801E9E4
	.byte 0xB8, 0xEA, 0x01, 0x08, 0xCC, 0xEB, 0x01, 0x08, 0xCC, 0xEB, 0x01, 0x08, 0xCC, 0xEB, 0x01, 0x08
	.byte 0xCC, 0xEB, 0x01, 0x08, 0xCC, 0xEB, 0x01, 0x08, 0xCC, 0xEB, 0x01, 0x08, 0xA8, 0xEB, 0x01, 0x08
	.byte 0xCC, 0xEB, 0x01, 0x08, 0xCC, 0xEB, 0x01, 0x08, 0xE0, 0xEA, 0x01, 0x08, 0xCC, 0xEB, 0x01, 0x08
	.byte 0xCC, 0xEB, 0x01, 0x08, 0xCC, 0xEB, 0x01, 0x08, 0xCC, 0xEB, 0x01, 0x08, 0xCC, 0xEB, 0x01, 0x08
	.byte 0xCC, 0xEB, 0x01, 0x08, 0xCC, 0xEB, 0x01, 0x08, 0x90, 0xEA, 0x01, 0x08, 0x30, 0xEB, 0x01, 0x08
	.byte 0xA8, 0xEB, 0x01, 0x08, 0xCC, 0xEB, 0x01, 0x08, 0xCC, 0xEB, 0x01, 0x08, 0xCC, 0xEB, 0x01, 0x08
	.byte 0xCC, 0xEB, 0x01, 0x08, 0xCC, 0xEB, 0x01, 0x08, 0xCC, 0xEB, 0x01, 0x08, 0xCC, 0xEB, 0x01, 0x08
	.byte 0xCC, 0xEB, 0x01, 0x08, 0xCC, 0xEB, 0x01, 0x08, 0xCC, 0xEB, 0x01, 0x08, 0xCC, 0xEB, 0x01, 0x08
	.byte 0xCC, 0xEB, 0x01, 0x08, 0xCC, 0xEB, 0x01, 0x08, 0xCC, 0xEB, 0x01, 0x08, 0xCC, 0xEB, 0x01, 0x08
	.byte 0xCC, 0xEB, 0x01, 0x08, 0xCC, 0xEB, 0x01, 0x08, 0xCC, 0xEB, 0x01, 0x08, 0x58, 0xEB, 0x01, 0x08
	.byte 0xCC, 0xEB, 0x01, 0x08, 0x80, 0xEB, 0x01, 0x08, 0x08, 0xEB, 0x01, 0x08, 0xAD, 0x20, 0x40, 0x00
	.byte 0x3A, 0x18, 0x11, 0x88, 0x80, 0x23, 0xDB, 0x00, 0x18, 0x1C, 0x08, 0x43, 0x10, 0x80, 0x44, 0x46
	.byte 0x60, 0x6B, 0xA1, 0x6B, 0x02, 0x4B, 0x01, 0x4A, 0x8A, 0xE0, 0x00, 0x00, 0x00, 0x00, 0x00, 0x00
	.byte 0x00, 0x40, 0x10, 0x00, 0xAD, 0x26, 0x76, 0x00, 0xBA, 0x19, 0x11, 0x88, 0x80, 0x23, 0xDB, 0x00
	.byte 0x18, 0x1C, 0x08, 0x43, 0x10, 0x80, 0x44, 0x46, 0x60, 0x6B, 0xA1, 0x6B, 0x02, 0x4B, 0x01, 0x4A
	.byte 0x76, 0xE0, 0x00, 0x00, 0x00, 0x00, 0x00, 0x00, 0x00, 0x80, 0x04, 0x00, 0xAD, 0x26, 0x76, 0x00
	.byte 0xBA, 0x19, 0x11, 0x88, 0x80, 0x23, 0xDB, 0x00, 0x18, 0x1C, 0x08, 0x43, 0x10, 0x80, 0x44, 0x46
	.byte 0x60, 0x6B, 0xA1, 0x6B, 0x02, 0x4B, 0x01, 0x4A, 0x10, 0x43, 0x61, 0xE0, 0x00, 0x00, 0x00, 0x04
	.byte 0x00, 0x80, 0x00, 0x00, 0xAD, 0x26, 0x76, 0x00, 0xBA, 0x19, 0x11, 0x88, 0x80, 0x23, 0xDB, 0x00
	.byte 0x18, 0x1C, 0x08, 0x43, 0x10, 0x80, 0x44, 0x46, 0x60, 0x6B, 0xA1, 0x6B, 0x02, 0x4B, 0x01, 0x4A
	.byte 0x10, 0x43, 0x4D, 0xE0, 0x00, 0x00, 0x00, 0x10, 0x00, 0x00, 0x80, 0x00, 0xAD, 0x26, 0x76, 0x00
	.byte 0xBA, 0x19, 0x11, 0x88, 0x80, 0x23, 0xDB, 0x00, 0x18, 0x1C, 0x08, 0x43, 0x10, 0x80, 0x44, 0x46
	.byte 0x60, 0x6B, 0xA1, 0x6B, 0x02, 0x4B, 0x01, 0x4A, 0x10, 0x43, 0x39, 0xE0, 0x00, 0x00, 0x00, 0x08
	.byte 0x00, 0x40, 0x00, 0x00, 0xAD, 0x26, 0x76, 0x00, 0xBA, 0x19, 0x11, 0x88, 0x80, 0x23, 0xDB, 0x00
	.byte 0x18, 0x1C, 0x08, 0x43, 0x10, 0x80, 0x44, 0x46, 0x60, 0x6B, 0xA1, 0x6B, 0x02, 0x4B, 0x01, 0x4A
	.byte 0x26, 0xE0, 0x00, 0x00, 0x00, 0x00, 0x00, 0x00, 0x00, 0x00, 0x1E, 0x01, 0xAD, 0x26, 0x76, 0x00
	.byte 0xBA, 0x19, 0x11, 0x88, 0x80, 0x23, 0xDB, 0x00, 0x18, 0x1C, 0x08, 0x43, 0x10, 0x80, 0x44, 0x46
	.byte 0x60, 0x6B, 0xA1, 0x6B, 0x02, 0x4B, 0x01, 0x4A, 0x10, 0x43, 0x11, 0xE0, 0x00, 0x00, 0x00, 0x08
	.byte 0x00, 0x00, 0xA0, 0x00, 0xAD, 0x26, 0x76, 0x00, 0xBA, 0x19, 0x11, 0x88, 0x80, 0x23, 0xDB, 0x00
	.byte 0x18, 0x1C, 0x08, 0x43, 0x10, 0x80, 0x44, 0x46, 0x60, 0x6B, 0xA1, 0x6B, 0x18, 0x4B, 0x17, 0x4A
	.byte 0x19, 0x43, 0x45, 0x46, 0x68, 0x63, 0xA9, 0x63
_0801EBCC:
	mov r6, r8
	ldr r0, [r6, #0x34]
	ldr r1, [r6, #0x38]
	ldr r2, _0801EC28 @ =0xFFFF7FFF
	ands r0, r2
	mov r2, r8
	str r0, [r2, #0x34]
	str r1, [r2, #0x38]
	ldr r3, [sp, #0x08C]
	ldr r0, [r3, #0x00]
	adds r0, #0xF4
	ldr r0, [r0, #0x00]
	cmp r0, #0x18
	bne _0801EBEA
	b _0801ED92
_0801EBEA:
	cmp r0, #0x18
	bhi _0801EC2C
	cmp r0, #0x17
	bne _0801EBF4
	b _0801ECF4
_0801EBF4:
	adds r2, #0x40
	str r2, [sp, #0x07C]
	mov r4, r8
	adds r4, #0xE8
	str r4, [sp, #0x090]
	mov r5, r8
	adds r5, #0x04
	str r5, [sp, #0x06C]
	adds r6, #0x08
	str r6, [sp, #0x070]
	mov r0, r8
	adds r0, #0x6C
	str r0, [sp, #0x080]
	mov r1, r8
	adds r1, #0x6E
	str r1, [sp, #0x084]
	adds r2, #0x94
	str r2, [sp, #0x088]
	mov r3, r8
	adds r3, #0x0C
	str r3, [sp, #0x074]
	b _0801EE78
	.byte 0x00, 0x00, 0x00, 0x00, 0x00, 0x00, 0x1C, 0x00
_0801EC28: .4byte 0xFFFF7FFF
_0801EC2C:
	mov r4, r8
	adds r4, #0x40
	str r4, [sp, #0x07C]
	mov r5, r8
	adds r5, #0xE8
	str r5, [sp, #0x090]
	mov r6, r8
	adds r6, #0x04
	str r6, [sp, #0x06C]
	mov r1, r8
	adds r1, #0x08
	str r1, [sp, #0x070]
	mov r2, r8
	adds r2, #0x6C
	str r2, [sp, #0x080]
	mov r3, r8
	adds r3, #0x6E
	str r3, [sp, #0x084]
	adds r4, #0x94
	str r4, [sp, #0x088]
	subs r5, #0xDC
	str r5, [sp, #0x074]
	cmp r0, #0x33
	beq _0801EC5E
	b _0801EE78
_0801EC5E:
	adds r0, r7, #0x0
	bl func_0801E7D4
	adds r6, r0, #0x0
	cmp r6, #0x00
	bne _0801EC6C
	b _0801EE78
_0801EC6C:
	ldr r6, [r6, #0x04]
	mov r9, r6
	mov r0, r8
	ldr r6, [r0, #0x04]
	cmp r9, r6
	bge _0801EC8E
	ldr r3, [r0, #0x34]
	ldr r4, [r0, #0x38]
	movs r2, #0x04
	adds r0, r3, #0x0
	ands r0, r2
	movs r1, #0x00
	orrs r0, r1
	adds r5, r4, #0x0
	adds r4, r3, #0x0
	cmp r0, #0x00
	bne _0801ECAE
_0801EC8E:
	cmp r9, r6
	bgt _0801EC94
	b _0801EE78
_0801EC94:
	mov r1, r8
	ldr r3, [r1, #0x34]
	ldr r4, [r1, #0x38]
	movs r2, #0x04
	adds r0, r3, #0x0
	ands r0, r2
	movs r1, #0x00
	orrs r0, r1
	adds r5, r4, #0x0
	adds r4, r3, #0x0
	cmp r0, #0x00
	beq _0801ECAE
	b _0801EE78
_0801ECAE:
	ldr r3, _0801ECF0 @ =0x00000000
	ldr r2, _0801ECEC @ =0x00008000
	adds r0, r4, #0x0
	orrs r0, r2
	adds r1, r5, #0x0
	mov r2, r8
	str r0, [r2, #0x34]
	str r1, [r2, #0x38]
	adds r2, #0x40
	str r2, [sp, #0x07C]
	mov r3, r8
	adds r3, #0xE8
	str r3, [sp, #0x090]
	mov r4, r8
	adds r4, #0x04
	str r4, [sp, #0x06C]
	mov r5, r8
	adds r5, #0x08
	str r5, [sp, #0x070]
	mov r6, r8
	adds r6, #0x6C
	str r6, [sp, #0x080]
	mov r0, r8
	adds r0, #0x6E
	str r0, [sp, #0x084]
	mov r1, r8
	adds r1, #0xD4
	str r1, [sp, #0x088]
	subs r2, #0x34
	str r2, [sp, #0x074]
	b _0801EE78
_0801ECEC: .4byte 0x00008000
_0801ECF0: .4byte 0x00000000
_0801ECF4:
	mov r3, r8
	ldrh r6, [r3, #0x2C]
	movs r4, #0x2C
	ldsh r0, [r3, r4]
	adds r3, #0x40
	str r3, [sp, #0x07C]
	mov r5, r8
	adds r5, #0xE8
	str r5, [sp, #0x090]
	mov r1, r8
	adds r1, #0x04
	str r1, [sp, #0x06C]
	mov r2, r8
	adds r2, #0x08
	str r2, [sp, #0x070]
	adds r3, #0x2C
	str r3, [sp, #0x080]
	mov r4, r8
	adds r4, #0x6E
	str r4, [sp, #0x084]
	subs r5, #0x14
	str r5, [sp, #0x088]
	adds r1, #0x08
	str r1, [sp, #0x074]
	cmp r0, #0x00
	bgt _0801ED2A
	b _0801EE78
_0801ED2A:
	mov r2, r8
	ldrh r5, [r2, #0x2E]
	movs r3, #0x2E
	ldsh r4, [r2, r3]
	cmp r0, r4
	blt _0801ED38
	b _0801EE78
_0801ED38:
	movs r1, #0xD4
	lsls r1, r1, #0x01
	adds r0, r7, r1
	ldrh r0, [r0, #0x00]
	movs r1, #0x78
	bl __umodsi3
	lsls r0, r0, #0x10
	cmp r0, #0x00
	beq _0801ED4E
	b _0801EE78
_0801ED4E:
	mov r2, r8
	movs r3, #0x2E
	ldsh r0, [r2, r3]
	movs r3, #0x2C
	ldsh r1, [r2, r3]
	subs r0, r0, r1
	lsls r0, r0, #0x0D
	lsrs r1, r0, #0x10
	asrs r0, r0, #0x10
	cmp r0, #0x00
	bgt _0801ED66
	movs r1, #0x01
_0801ED66:
	ldr r2, [sp, #0x090]
	ldr r0, [r2, #0x00]
	cmp r0, #0x02
	beq _0801ED78
	lsls r0, r1, #0x10
	asrs r0, r0, #0x10
	adds r0, r0, r6
	mov r3, r8
	strh r0, [r3, #0x2C]
_0801ED78:
	mov r6, r8
	movs r1, #0x2C
	ldsh r0, [r6, r1]
	cmp r0, r4
	ble _0801ED84
	strh r5, [r6, #0x2C]
_0801ED84:
	ldr r2, [sp, #0x08C]
	ldr r1, [r2, #0x00]
	adds r1, #0xF8
	ldrh r0, [r1, #0x00]
	subs r0, #0x01
	strh r0, [r1, #0x00]
	b _0801EE78
_0801ED92:
	movs r3, #0xD4
	lsls r3, r3, #0x01
	adds r0, r7, r3
	ldrh r0, [r0, #0x00]
	movs r1, #0x14
	bl __umodsi3
	lsls r0, r0, #0x10
	mov r4, r8
	adds r4, #0x40
	str r4, [sp, #0x07C]
	mov r5, r8
	adds r5, #0xE8
	str r5, [sp, #0x090]
	mov r6, r8
	adds r6, #0x04
	str r6, [sp, #0x06C]
	mov r1, r8
	adds r1, #0x08
	str r1, [sp, #0x070]
	mov r2, r8
	adds r2, #0x6C
	str r2, [sp, #0x080]
	mov r3, r8
	adds r3, #0x6E
	str r3, [sp, #0x084]
	adds r4, #0x94
	str r4, [sp, #0x088]
	subs r5, #0xDC
	str r5, [sp, #0x074]
	cmp r0, #0x00
	bne _0801EE78
	ldr r0, _0801EDFC @ =0x02039B84
	ldr r3, [r0, #0x00]
	ldr r0, [r3, #0x68]
	ldr r1, [r3, #0x6C]
	movs r2, #0x80
	lsls r2, r2, #0x07
	ands r0, r2
	movs r1, #0x00
	orrs r0, r1
	cmp r0, #0x00
	beq _0801EE48
	movs r6, #0xB9
	lsls r6, r6, #0x01
	adds r0, r7, r6
	ldrb r0, [r0, #0x00]
	cmp r0, #0x00
	beq _0801EE04
	ldr r0, _0801EE00 @ =0x02039B9C
	ldr r0, [r0, #0x00]
	ldr r1, [r0, #0x7C]
	b _0801EE06
_0801EDFC: .4byte 0x02039B84
_0801EE00: .4byte 0x02039B9C
_0801EE04:
	ldr r1, [r3, #0x7C]
_0801EE06:
	ldrh r2, [r1, #0x2C]
	movs r3, #0x2C
	ldsh r0, [r1, r3]
	mov r4, r8
	adds r4, #0x40
	str r4, [sp, #0x07C]
	mov r5, r8
	adds r5, #0xE8
	str r5, [sp, #0x090]
	mov r6, r8
	adds r6, #0x04
	str r6, [sp, #0x06C]
	mov r3, r8
	adds r3, #0x08
	str r3, [sp, #0x070]
	adds r4, #0x2C
	str r4, [sp, #0x080]
	subs r5, #0x7A
	str r5, [sp, #0x084]
	adds r6, #0xD0
	str r6, [sp, #0x088]
	adds r3, #0x04
	str r3, [sp, #0x074]
	cmp r0, #0x01
	ble _0801EE78
	adds r0, r1, #0x0
	adds r0, #0xE8
	ldr r0, [r0, #0x00]
	cmp r0, #0x02
	beq _0801EE78
	subs r0, r2, #0x1
	strh r0, [r1, #0x2C]
	b _0801EE78
_0801EE48:
	adds r0, r3, #0x0
	adds r0, #0x80
	bl func_08000C8C
	b _0801EE72
_0801EE52:
	ldrh r2, [r1, #0x2C]
	movs r4, #0x2C
	ldsh r0, [r1, r4]
	cmp r0, #0x01
	ble _0801EE6A
	adds r0, r1, #0x0
	adds r0, #0xE8
	ldr r0, [r0, #0x00]
	cmp r0, #0x02
	beq _0801EE6A
	subs r0, r2, #0x1
	strh r0, [r1, #0x2C]
_0801EE6A:
	adds r0, r1, #0x0
	adds r0, #0xB8
	bl func_08000CD4
_0801EE72:
	adds r1, r0, #0x0
	cmp r1, #0x00
	bne _0801EE52
_0801EE78:
	ldr r0, _0801EEA8 @ =0x02039B84
	ldr r0, [r0, #0x00]
	ldr r1, [r0, #0x6C]
	ldr r0, [r0, #0x68]
	movs r2, #0x80
	lsls r2, r2, #0x07
	ands r0, r2
	movs r1, #0x00
	orrs r0, r1
	cmp r0, #0x00
	beq _0801EEC0
	ldr r5, _0801EEAC @ =0x00000173
	adds r0, r7, r5
	ldrb r0, [r0, #0x00]
	cmp r0, #0x00
	beq _0801EEB0
	bl func_0800886C
	lsls r0, r0, #0x10
	lsrs r0, r0, #0x10
	str r0, [sp, #0x05C]
	bl func_0800889C
	b _0801EECE
_0801EEA8: .4byte 0x02039B84
_0801EEAC: .4byte 0x00000173
_0801EEB0:
	bl func_08008884
	lsls r0, r0, #0x10
	lsrs r0, r0, #0x10
	str r0, [sp, #0x05C]
	bl func_080088B4
	b _0801EECE
_0801EEC0:
	bl func_08001384
	lsls r0, r0, #0x10
	lsrs r0, r0, #0x10
	str r0, [sp, #0x05C]
	bl func_08001390
_0801EECE:
	lsls r0, r0, #0x10
	lsrs r0, r0, #0x10
	str r0, [sp, #0x060]
	ldr r0, _0801F01C @ =0x02039B84
	ldr r0, [r0, #0x00]
	ldr r1, [r0, #0x68]
	ldr r2, [r0, #0x6C]
	str r1, [sp, #0x064]
	str r2, [sp, #0x068]
	movs r2, #0x08
	movs r0, #0x00
	ldr r1, [sp, #0x068]
	ands r1, r2
	orrs r0, r1
	cmp r0, #0x00
	beq _0801EF84
	movs r0, #0x10
	movs r1, #0x00
	ldr r2, [sp, #0x068]
	ands r2, r0
	adds r0, r2, #0x0
	orrs r0, r1
	cmp r0, #0x00
	beq _0801EF2E
	ldr r5, _0801F020 @ =0x0000FFFE
	ldr r2, [sp, #0x05C]
	ands r2, r5
	ldr r4, _0801F024 @ =0x0000FFFD
	ands r2, r4
	ldr r3, _0801F028 @ =0x0000FFBF
	ands r2, r3
	str r2, [sp, #0x05C]
	ldr r2, _0801F02C @ =0x0000FF7F
	ldr r6, [sp, #0x05C]
	ands r6, r2
	ldr r1, _0801F030 @ =0x0000FFDF
	ands r6, r1
	ldr r0, _0801F034 @ =0x0000FFEF
	ands r6, r0
	str r6, [sp, #0x05C]
	ldr r6, [sp, #0x060]
	ands r6, r5
	ands r6, r4
	ands r6, r3
	ands r6, r2
	ands r6, r1
	ands r6, r0
	str r6, [sp, #0x060]
_0801EF2E:
	movs r0, #0x80
	lsls r0, r0, #0x05
	movs r1, #0x00
	ldr r2, [sp, #0x068]
	ands r2, r0
	adds r0, r2, #0x0
	orrs r0, r1
	cmp r0, #0x00
	beq _0801EF48
	ldr r0, _0801F024 @ =0x0000FFFD
	ldr r1, [sp, #0x060]
	ands r1, r0
	str r1, [sp, #0x060]
_0801EF48:
	movs r0, #0x80
	lsls r0, r0, #0x06
	movs r1, #0x00
	ldr r2, [sp, #0x068]
	ands r2, r0
	adds r0, r2, #0x0
	orrs r0, r1
	cmp r0, #0x00
	beq _0801EF66
	ldr r0, _0801F030 @ =0x0000FFDF
	ldr r2, [sp, #0x060]
	ands r2, r0
	adds r0, #0x10
	ands r2, r0
	str r2, [sp, #0x060]
_0801EF66:
	movs r0, #0x20
	movs r1, #0x00
	ldr r2, [sp, #0x068]
	ands r2, r0
	adds r0, r2, #0x0
	orrs r0, r1
	cmp r0, #0x00
	beq _0801EF84
	ldr r0, _0801F020 @ =0x0000FFFE
	ldr r3, [sp, #0x060]
	ands r3, r0
	str r3, [sp, #0x060]
	ldr r4, [sp, #0x05C]
	ands r4, r0
	str r4, [sp, #0x05C]
_0801EF84:
	ldr r5, [sp, #0x090]
	ldr r0, [r5, #0x00]
	cmp r0, #0x03
	bne _0801EFC8
	ldr r0, [sp, #0x05C]
	movs r1, #0x20
	movs r2, #0x10
	bl func_0801E794
	lsls r0, r0, #0x10
	lsrs r0, r0, #0x10
	str r0, [sp, #0x05C]
	movs r1, #0x40
	movs r2, #0x80
	bl func_0801E794
	lsls r0, r0, #0x10
	lsrs r0, r0, #0x10
	str r0, [sp, #0x05C]
	ldr r0, [sp, #0x060]
	movs r1, #0x20
	movs r2, #0x10
	bl func_0801E794
	lsls r0, r0, #0x10
	lsrs r0, r0, #0x10
	str r0, [sp, #0x060]
	movs r1, #0x40
	movs r2, #0x80
	bl func_0801E794
	lsls r0, r0, #0x10
	lsrs r0, r0, #0x10
	str r0, [sp, #0x060]
_0801EFC8:
	ldr r0, [r7, #0x38]
	cmp r0, #0x0F
	beq _0801F048
	ldr r6, [sp, #0x08C]
	ldr r0, [r6, #0x00]
	ldr r1, [r0, #0x6C]
	ldr r0, [r0, #0x68]
	movs r2, #0x10
	movs r4, #0x00
	ands r0, r2
	movs r1, #0x00
	orrs r0, r1
	cmp r0, #0x00
	beq _0801F048
	mov r2, r8
	ldr r0, [r2, #0x34]
	ldr r1, [r2, #0x38]
	ldr r2, _0801F038 @ =0x00800000
	ldr r3, _0801F03C @ =0x00000000
	orrs r0, r2
	mov r3, r8
	str r0, [r3, #0x34]
	str r1, [r3, #0x38]
	movs r0, #0x0F
	str r0, [r7, #0x38]
	movs r5, #0xAB
	lsls r5, r5, #0x01
	adds r0, r7, r5
	strh r4, [r0, #0x00]
	movs r6, #0xAA
	lsls r6, r6, #0x01
	adds r0, r7, r6
	strh r4, [r0, #0x00]
	ldr r0, [r3, #0x34]
	ldr r1, [r3, #0x38]
	ldr r2, _0801F040 @ =0x00000100
	ldr r3, _0801F044 @ =0x00000000
	orrs r0, r2
	mov r2, r8
	str r0, [r2, #0x34]
	str r1, [r2, #0x38]
	b _0801F058
_0801F01C: .4byte 0x02039B84
_0801F020: .4byte 0x0000FFFE
_0801F024: .4byte 0x0000FFFD
_0801F028: .4byte 0x0000FFBF
_0801F02C: .4byte 0x0000FF7F
_0801F030: .4byte 0x0000FFDF
_0801F034: .4byte 0x0000FFEF
_0801F038: .4byte 0x00800000
_0801F03C: .4byte 0x00000000
_0801F040: .4byte 0x00000100
_0801F044: .4byte 0x00000000
_0801F048:
	ldr r3, [sp, #0x08C]
	ldr r0, [r3, #0x00]
	ldr r1, [r0, #0x68]
	ldr r2, [r0, #0x6C]
	ldr r3, _0801F074 @ =0xFFEFFFFF
	ands r2, r3
	str r1, [r0, #0x68]
	str r2, [r0, #0x6C]
_0801F058:
	mov r0, r8
	bl func_0801ADAC
	subs r0, #0x01
	cmp r0, #0x0A
	bls _0801F068
	bl _08020B5A
_0801F068:
	lsls r0, r0, #0x02
	ldr r1, _0801F078 @ =0x0801F07C
	adds r0, r0, r1
	ldr r0, [r0, #0x00]
	mov pc, r0
	.byte 0x00, 0x00
_0801F074: .4byte 0xFFEFFFFF
_0801F078: .4byte 0x0801F07C
	.byte 0xC8, 0xF0, 0x01, 0x08, 0x1A, 0xF1, 0x01, 0x08, 0xD8, 0xF0, 0x01, 0x08, 0xD4, 0x09, 0x02, 0x08
	.byte 0x58, 0xF1, 0x01, 0x08, 0xF4, 0x0A, 0x02, 0x08, 0xA8, 0xF0, 0x01, 0x08, 0xD8, 0xF0, 0x01, 0x08
	.byte 0xF4, 0x08, 0x02, 0x08, 0x18, 0x0B, 0x02, 0x08, 0xA8, 0x0A, 0x02, 0x08, 0xAE, 0x24, 0x64, 0x00
	.byte 0x38, 0x19, 0x00, 0x21, 0x01, 0x60, 0x57, 0x20, 0xB8, 0x63, 0xAB, 0x25, 0x6D, 0x00, 0x78, 0x19
	.byte 0x01, 0x80, 0xAA, 0x26, 0x76, 0x00, 0xB8, 0x19, 0x01, 0xF0, 0x48, 0xFD, 0xAE, 0x21, 0x49, 0x00
	.byte 0x78, 0x18, 0x00, 0x21, 0x01, 0x60, 0x0D, 0x20, 0x01, 0xF0, 0x38, 0xFD, 0xAE, 0x24, 0x64, 0x00
	.byte 0x38, 0x19, 0x00, 0x21, 0x01, 0x60, 0x23, 0x9D, 0x28, 0x68, 0xF4, 0x30, 0x00, 0x68, 0x1B, 0x28
	.byte 0x0A, 0xD1, 0x54, 0x20, 0xB8, 0x63, 0xAB, 0x26, 0x76, 0x00, 0xB8, 0x19, 0x01, 0x80, 0xAA, 0x22
	.byte 0x52, 0x00, 0xB8, 0x18, 0x01, 0xF0, 0x2A, 0xFD, 0x0E, 0x20, 0xB8, 0x63, 0xAB, 0x23, 0x5B, 0x00
	.byte 0xF8, 0x18, 0x01, 0x80, 0xAA, 0x24, 0x64, 0x00, 0x38, 0x19, 0x01, 0xF0, 0x1F, 0xFD, 0x45, 0x46
	.byte 0x68, 0x6B, 0xA9, 0x6B, 0x0C, 0x4A, 0x10, 0x40, 0x46, 0x46, 0x70, 0x63, 0xB1, 0x63, 0x01, 0x20
	.byte 0xB8, 0x63, 0xAB, 0x21, 0x49, 0x00, 0x78, 0x18, 0x00, 0x21, 0x01, 0x80, 0xAA, 0x22, 0x52, 0x00
	.byte 0xB8, 0x18, 0x01, 0x80, 0x70, 0x6B, 0xB1, 0x6B, 0x02, 0x22, 0x52, 0x42, 0x10, 0x40, 0x43, 0x46
	.byte 0x58, 0x63, 0x99, 0x63, 0x01, 0xF0, 0x03, 0xFD, 0xFF, 0xDF, 0xFF, 0xFF, 0x23, 0x9C, 0x23, 0x68
	.byte 0x98, 0x6E, 0xD9, 0x6E, 0x13, 0x4A, 0x10, 0x40, 0x98, 0x66, 0xD9, 0x66, 0x23, 0x68, 0x98, 0x6E
	.byte 0xD9, 0x6E, 0x09, 0x22, 0x52, 0x42, 0x10, 0x40, 0x98, 0x66, 0xD9, 0x66, 0xAD, 0x25, 0x6D, 0x00
	.byte 0x7A, 0x19, 0x11, 0x88, 0x80, 0x20, 0x08, 0x43, 0x10, 0x80, 0x0B, 0x48, 0x00, 0x68, 0xC1, 0x6E
	.byte 0x80, 0x6E, 0x80, 0x22, 0xD2, 0x01, 0x10, 0x40, 0x00, 0x21, 0x08, 0x43, 0x00, 0x28, 0x12, 0xD0
	.byte 0xB9, 0x26, 0x76, 0x00, 0xB8, 0x19, 0x00, 0x78, 0x00, 0x28, 0x07, 0xD0, 0x05, 0xA8, 0x8C, 0xF0
	.byte 0x7B, 0xFD, 0x0B, 0xE0, 0xFF, 0xFF, 0xFF, 0xBF, 0x84, 0x9B, 0x03, 0x02, 0x05, 0xA8, 0x01, 0x21
	.byte 0x8C, 0xF0, 0x72, 0xFD, 0x02, 0xE0, 0x05, 0xA8, 0x8C, 0xF0, 0x5C, 0xFC, 0x03, 0x1C, 0x91, 0x2B
	.byte 0x24, 0xD1, 0x23, 0x98, 0x00, 0x68, 0x81, 0x46, 0x84, 0x6E, 0xC5, 0x6E, 0x02, 0x22, 0x20, 0x1C
	.byte 0x10, 0x40, 0x00, 0x21, 0x0E, 0x1C, 0x06, 0x43, 0x00, 0x2E, 0x0B, 0xD1, 0x02, 0x22, 0x00, 0x23
	.byte 0x20, 0x1C, 0x10, 0x43, 0x29, 0x1C, 0x4A, 0x46, 0x90, 0x66, 0xD1, 0x66, 0x23, 0x9B, 0x18, 0x68
	.byte 0xB2, 0x30, 0x06, 0x70, 0x23, 0x9C, 0x21, 0x68, 0xB2, 0x31, 0x00, 0x20, 0x08, 0x56, 0x80, 0x00
	.byte 0x68, 0x44, 0x14, 0x30, 0x03, 0x68, 0x08, 0x78, 0x01, 0x30, 0x08, 0x70, 0x15, 0x4E, 0xBD, 0x19
	.byte 0x00, 0x24, 0x02, 0x22, 0x2A, 0x70, 0x74, 0x2B, 0x01, 0xD1, 0x01, 0xF0, 0x73, 0xFA, 0x74, 0x2B
	.byte 0x00, 0xD9, 0x9B, 0xE1, 0x20, 0x2B, 0x01, 0xD1, 0x01, 0xF0, 0x78, 0xF8, 0x20, 0x2B, 0x00, 0xD9
	.byte 0xCC, 0xE0, 0x0E, 0x2B, 0x01, 0xD1, 0x00, 0xF0, 0x2F, 0xFC, 0x0E, 0x2B, 0x5E, 0xD8, 0x06, 0x2B
	.byte 0x01, 0xD1, 0x00, 0xF0, 0xD5, 0xFB, 0x06, 0x2B, 0x26, 0xD8, 0x02, 0x2B, 0x00, 0xD1, 0xA3, 0xE3
	.byte 0x02, 0x2B, 0x09, 0xD8, 0x00, 0x2B, 0x00, 0xD1, 0x7E, 0xE3, 0x01, 0x2B, 0x00, 0xD1, 0x8B, 0xE3
	.byte 0x01, 0xF0, 0x07, 0xFB, 0x91, 0x01, 0x00, 0x00, 0x04, 0x2B, 0x00, 0xD1, 0xA0, 0xE3, 0x04, 0x2B
	.byte 0x00, 0xD9, 0xAD, 0xE3, 0xC9, 0x20, 0x40, 0x00, 0x39, 0x18, 0x03, 0x20, 0x08, 0x70, 0xC8, 0x22
	.byte 0x52, 0x00, 0xB9, 0x18, 0x01, 0x20, 0x08, 0x70, 0x02, 0x4B, 0xF9, 0x18, 0x02, 0x20, 0x00, 0xF0
	.byte 0x3B, 0xFC, 0x00, 0x00, 0x91, 0x01, 0x00, 0x00, 0x0A, 0x2B, 0x01, 0xD1, 0x00, 0xF0, 0xD2, 0xFB
	.byte 0x0A, 0x2B, 0x12, 0xD8, 0x08, 0x2B, 0x00, 0xD1, 0xAC, 0xE3, 0x08, 0x2B, 0x00, 0xD9, 0xB9, 0xE3
	.byte 0xC9, 0x24, 0x64, 0x00, 0x39, 0x19, 0x07, 0x20, 0x08, 0x70, 0xC8, 0x26, 0x76, 0x00, 0xB9, 0x19
	.byte 0x01, 0x20, 0x08, 0x70, 0x28, 0x70, 0x00, 0xF0, 0x20, 0xFC, 0x0C, 0x2B, 0x00, 0xD1, 0xC5, 0xE3
	.byte 0x0C, 0x2B, 0x01, 0xD9, 0x00, 0xF0, 0xD0, 0xFB, 0xC9, 0x20, 0x40, 0x00, 0x39, 0x18, 0x0B, 0x20
	.byte 0x08, 0x70, 0xC8, 0x22, 0x52, 0x00, 0xB9, 0x18, 0x01, 0x20, 0x08, 0x70, 0x02, 0x4B, 0xF9, 0x18
	.byte 0x02, 0x20, 0x00, 0xF0, 0x09, 0xFC, 0x00, 0x00, 0x91, 0x01, 0x00, 0x00, 0x17, 0x2B, 0x01, 0xD1
	.byte 0x00, 0xF0, 0x28, 0xFD, 0x17, 0x2B, 0x31, 0xD8, 0x13, 0x2B, 0x01, 0xD1, 0x00, 0xF0, 0x04, 0xFC
	.byte 0x13, 0x2B, 0x0D, 0xD8, 0x10, 0x2B, 0x01, 0xD1, 0x00, 0xF0, 0xDA, 0xFB, 0x10, 0x2B, 0x01, 0xD2
	.byte 0x00, 0xF0, 0xC6, 0xFB, 0x11, 0x2B, 0x01, 0xD1, 0x00, 0xF0, 0xE2, 0xFB, 0x01, 0xF0, 0xA1, 0xFA
	.byte 0x15, 0x2B, 0x01, 0xD1, 0x00, 0xF0, 0x52, 0xFC, 0x15, 0x2B, 0x01, 0xD9, 0x00, 0xF0, 0x90, 0xFC
	.byte 0x07, 0x20, 0xB8, 0x63, 0xAB, 0x24, 0x64, 0x00, 0x38, 0x19, 0x00, 0x22, 0x00, 0x21, 0x01, 0x80
	.byte 0xAA, 0x25, 0x6D, 0x00, 0x78, 0x19, 0x01, 0x80, 0xB1, 0x26, 0x76, 0x00, 0xB8, 0x19, 0x02, 0x70
	.byte 0x01, 0x48, 0x01, 0xF0, 0x4B, 0xF9, 0x00, 0x00, 0x91, 0x01, 0x00, 0x00, 0x1C, 0x2B, 0x01, 0xD1
	.byte 0x00, 0xF0, 0x70, 0xFD, 0x1C, 0x2B, 0x0D, 0xD8, 0x19, 0x2B, 0x01, 0xD1, 0x01, 0xF0, 0x20, 0xF9
	.byte 0x19, 0x2B, 0x01, 0xD2, 0x00, 0xF0, 0xAA, 0xFC, 0x1B, 0x2B, 0x01, 0xD1, 0x00, 0xF0, 0x1E, 0xFD
	.byte 0x01, 0xF0, 0x6F, 0xFA, 0x1E, 0x2B, 0x01, 0xD1, 0x00, 0xF0, 0xFE, 0xFF, 0x1E, 0x2B, 0x01, 0xD9
	.byte 0x00, 0xF0, 0xBA, 0xFE, 0x17, 0x20, 0xB8, 0x63, 0xAB, 0x21, 0x49, 0x00, 0x78, 0x18, 0x00, 0x22
	.byte 0x00, 0x21, 0x01, 0x80, 0xAA, 0x23, 0x5B, 0x00, 0xF8, 0x18, 0x01, 0x80, 0xC6, 0x24, 0x64, 0x00
	.byte 0x39, 0x19, 0x01, 0x48, 0x00, 0xF0, 0xF8, 0xFE, 0x70, 0xB4, 0xED, 0x09, 0x64, 0x2B, 0x01, 0xD1
	.byte 0x01, 0xF0, 0x3A, 0xF9, 0x64, 0x2B, 0x57, 0xD8, 0x2C, 0x2B, 0x01, 0xD1, 0x01, 0xF0, 0x1C, 0xF8
	.byte 0x2C, 0x2B, 0x2F, 0xD8, 0x28, 0x2B, 0x01, 0xD1, 0x00, 0xF0, 0x1A, 0xFF, 0x28, 0x2B, 0x0D, 0xD8
	.byte 0x22, 0x2B, 0x01, 0xD1, 0x00, 0xF0, 0xE8, 0xFD, 0x22, 0x2B, 0x01, 0xD2, 0x00, 0xF0, 0x68, 0xFD
	.byte 0x23, 0x2B, 0x01, 0xD1, 0x00, 0xF0, 0x48, 0xFE, 0x01, 0xF0, 0x33, 0xFA, 0x2A, 0x2B, 0x01, 0xD1
	.byte 0x00, 0xF0, 0xC2, 0xFE, 0x2A, 0x2B, 0x01, 0xD9, 0x00, 0xF0, 0x40, 0xFF, 0x11, 0x20, 0xB8, 0x63
	.byte 0xAB, 0x26, 0x76, 0x00, 0xB8, 0x19, 0x00, 0x22, 0x00, 0x21, 0x01, 0x80, 0xAA, 0x23, 0x5B, 0x00
	.byte 0xF8, 0x18, 0x01, 0x80, 0xC6, 0x24, 0x64, 0x00, 0x39, 0x19, 0x01, 0x48, 0x00, 0xF0, 0xBC, 0xFE
	.byte 0x18, 0xB5, 0xED, 0x09, 0x32, 0x2B, 0x01, 0xD1, 0x01, 0xF0, 0x68, 0xF8, 0x32, 0x2B, 0x0D, 0xD8
	.byte 0x30, 0x2B, 0x01, 0xD1, 0x01, 0xF0, 0x3A, 0xF8, 0x30, 0x2B, 0x01, 0xD9, 0x01, 0xF0, 0x48, 0xF8
	.byte 0x2F, 0x2B, 0x01, 0xD1, 0x01, 0xF0, 0x1C, 0xF8, 0x01, 0xF0, 0x03, 0xFA, 0x34, 0x2B, 0x01, 0xD1
	.byte 0x01, 0xF0, 0x7A, 0xF8, 0x34, 0x2B, 0x01, 0xD2, 0x01, 0xF0, 0x60, 0xF8, 0x35, 0x2B, 0x01, 0xD1
	.byte 0x01, 0xF0, 0x88, 0xF8, 0x01, 0xF0, 0xF5, 0xF9, 0x6C, 0x2B, 0x01, 0xD1, 0x01, 0xF0, 0x38, 0xF9
	.byte 0x6C, 0x2B, 0x32, 0xD8, 0x68, 0x2B, 0x01, 0xD1, 0x01, 0xF0, 0xE6, 0xF8, 0x68, 0x2B, 0x17, 0xD8
	.byte 0x66, 0x2B, 0x01, 0xD1, 0x01, 0xF0, 0xED, 0xF8, 0x66, 0x2B, 0x01, 0xD9, 0x01, 0xF0, 0xFE, 0xF8
	.byte 0x34, 0x20, 0xB8, 0x63, 0xAB, 0x26, 0x76, 0x00, 0xB8, 0x19, 0x04, 0x80, 0xAA, 0x21, 0x49, 0x00
	.byte 0x78, 0x18, 0x04, 0x80, 0x01, 0x4B, 0x00, 0xF0, 0xFC, 0xFF, 0x00, 0x00, 0x61, 0x01, 0x00, 0x00
	.byte 0x6A, 0x2B, 0x01, 0xD1, 0x01, 0xF0, 0xFA, 0xF8, 0x6A, 0x2B, 0x01, 0xD9, 0x01, 0xF0, 0xFC, 0xF8
	.byte 0x38, 0x20, 0xB8, 0x63, 0xAB, 0x24, 0x64, 0x00, 0x38, 0x19, 0x00, 0x21, 0x01, 0x80, 0xAA, 0x25
	.byte 0x6D, 0x00, 0x78, 0x19, 0x01, 0x80, 0x01, 0xF0, 0xC0, 0xF9, 0x70, 0x2B, 0x01, 0xD1, 0x01, 0xF0
	.byte 0xB8, 0xF9, 0x70, 0x2B, 0x13, 0xD8, 0x6E, 0x2B, 0x01, 0xD1, 0x01, 0xF0, 0x87, 0xF9, 0x6E, 0x2B
	.byte 0x01, 0xD9, 0x01, 0xF0, 0xA2, 0xF9, 0x4C, 0x20, 0xB8, 0x63, 0xAB, 0x26, 0x76, 0x00, 0xB8, 0x19
	.byte 0x04, 0x80, 0xAA, 0x21, 0x49, 0x00, 0x78, 0x18, 0x04, 0x80, 0x01, 0xF0, 0xA6, 0xF9, 0x72, 0x2B
	.byte 0x01, 0xD1, 0x01, 0xF0, 0x75, 0xF9, 0x72, 0x2B, 0x01, 0xD9, 0x01, 0xF0, 0x14, 0xF9, 0x1F, 0x20
	.byte 0xB8, 0x63, 0xAB, 0x22, 0x52, 0x00, 0xB8, 0x18, 0x04, 0x80, 0xAA, 0x23, 0x5B, 0x00, 0xF8, 0x18
	.byte 0x04, 0x80, 0xB1, 0x24, 0x64, 0x00, 0x39, 0x19, 0x01, 0xF0, 0x51, 0xF8, 0x16, 0x48, 0x83, 0x42
	.byte 0x01, 0xD1, 0x00, 0xF0, 0xED, 0xFD, 0x83, 0x42, 0x00, 0xD9, 0xE1, 0xE0, 0x84, 0x2B, 0x01, 0xD1
	.byte 0x01, 0xF0, 0x45, 0xF9, 0x84, 0x2B, 0x61, 0xD8, 0x7C, 0x2B, 0x01, 0xD1, 0x01, 0xF0, 0xB0, 0xF8
	.byte 0x7C, 0x2B, 0x2A, 0xD8, 0x78, 0x2B, 0x01, 0xD1, 0x01, 0xF0, 0x2E, 0xF9, 0x78, 0x2B, 0x15, 0xD8
	.byte 0x76, 0x2B, 0x01, 0xD1, 0x01, 0xF0, 0xC5, 0xF8, 0x76, 0x2B, 0x01, 0xD9, 0x01, 0xF0, 0xD2, 0xF8
	.byte 0x1F, 0x20, 0xB8, 0x63, 0xAB, 0x25, 0x6D, 0x00, 0x78, 0x19, 0x04, 0x80, 0xAA, 0x26, 0x76, 0x00
	.byte 0xB8, 0x19, 0x04, 0x80, 0x01, 0xF0, 0x0F, 0xF9, 0x19, 0x65, 0x04, 0x80, 0x7A, 0x2B, 0x01, 0xD1
	.byte 0x01, 0xF0, 0xE2, 0xF8, 0x7A, 0x2B, 0x01, 0xD9, 0x01, 0xF0, 0x53, 0xF9, 0x4E, 0x20, 0xB8, 0x63
	.byte 0xAB, 0x21, 0x49, 0x00, 0x78, 0x18, 0x01, 0xF0, 0x39, 0xF9, 0x80, 0x2B, 0x01, 0xD1, 0x01, 0xF0
	.byte 0xEB, 0xF8, 0x80, 0x2B, 0x0A, 0xD8, 0x7E, 0x2B, 0x01, 0xD1, 0x01, 0xF0, 0x77, 0xF8, 0x7E, 0x2B
	.byte 0x01, 0xD9, 0x01, 0xF0, 0x06, 0xF9, 0x3E, 0x20, 0x01, 0xF0, 0x06, 0xF9, 0x82, 0x2B, 0x01, 0xD1
	.byte 0x01, 0xF0, 0x70, 0xF8, 0x82, 0x2B, 0x01, 0xD9, 0x01, 0xF0, 0x6E, 0xF8, 0x17, 0x20, 0xB8, 0x63
	.byte 0xAB, 0x26, 0x76, 0x00, 0xB8, 0x19, 0x00, 0x21, 0x01, 0x80, 0xAA, 0x22, 0x52, 0x00, 0xB8, 0x18
	.byte 0x01, 0x80, 0xC6, 0x23, 0x5B, 0x00, 0xF9, 0x18, 0x03, 0x48, 0x08, 0x60, 0xB1, 0x24, 0x64, 0x00
	.byte 0x39, 0x19, 0x01, 0xF0, 0xD3, 0xF8, 0x00, 0x00, 0x10, 0xB4, 0xED, 0x09, 0x0F, 0x48, 0x83, 0x42
	.byte 0x00, 0xD1, 0x23, 0xE3, 0x83, 0x42, 0x33, 0xD8, 0x88, 0x2B, 0x01, 0xD1, 0x01, 0xF0, 0xDB, 0xF8
	.byte 0x88, 0x2B, 0x15, 0xD8, 0x86, 0x2B, 0x01, 0xD1, 0x01, 0xF0, 0xF3, 0xF8, 0x86, 0x2B, 0x01, 0xD9
	.byte 0x01, 0xF0, 0xA4, 0xF8, 0x51, 0x20, 0xB8, 0x63, 0xAB, 0x25, 0x6D, 0x00, 0x78, 0x19, 0x04, 0x80
	.byte 0xAA, 0x26, 0x76, 0x00, 0xB8, 0x19, 0x04, 0x80, 0x01, 0xF0, 0xFF, 0xF8, 0xC9, 0x24, 0x03, 0x80
	.byte 0x05, 0x48, 0x83, 0x42, 0x00, 0xD1, 0x83, 0xE2, 0x83, 0x42, 0x09, 0xD8, 0x03, 0x48, 0x83, 0x42
	.byte 0x00, 0xD1, 0x51, 0xE2, 0x01, 0xF0, 0xED, 0xF8, 0xB5, 0xD4, 0x02, 0x80, 0xAB, 0xAC, 0x02, 0x80
	.byte 0x02, 0x48, 0x83, 0x42, 0x00, 0xD1, 0xAF, 0xE2, 0x01, 0xF0, 0xE3, 0xF8, 0xBF, 0xFC, 0x02, 0x80
	.byte 0x09, 0x48, 0x83, 0x42, 0x01, 0xD1, 0x00, 0xF0, 0xDF, 0xFB, 0x83, 0x42, 0x1C, 0xD8, 0x07, 0x48
	.byte 0x83, 0x42, 0x00, 0xD1, 0x20, 0xE3, 0x83, 0x42, 0x0C, 0xD8, 0x05, 0x48, 0x83, 0x42, 0x00, 0xD1
	.byte 0x50, 0xE3, 0x01, 0xF0, 0xCE, 0xF8, 0x00, 0x00, 0xF1, 0xC4, 0x03, 0x80, 0xDD, 0x74, 0x03, 0x80
	.byte 0xD3, 0x4C, 0x03, 0x80, 0x03, 0x48, 0x83, 0x42, 0x01, 0xD1, 0x00, 0xF0, 0x7A, 0xFF, 0x01, 0xF0
	.byte 0xC0, 0xF8, 0x00, 0x00, 0xE7, 0x9C, 0x03, 0x80, 0x06, 0x48, 0x83, 0x42, 0x01, 0xD1, 0x00, 0xF0
	.byte 0xA3, 0xFC, 0x83, 0x42, 0x0A, 0xD8, 0x04, 0x48, 0x83, 0x42, 0x00, 0xD1, 0x72, 0xE3, 0x01, 0xF0
	.byte 0xB0, 0xF8, 0x00, 0x00, 0x05, 0x15, 0x04, 0x80, 0xFB, 0xEC, 0x03, 0x80, 0x03, 0x48, 0x83, 0x42
	.byte 0x01, 0xD1, 0x00, 0xF0, 0x4D, 0xFE, 0x01, 0xF0, 0xA4, 0xF8, 0x00, 0x00, 0x0F, 0x3D, 0x04, 0x80
	.byte 0x11, 0x48, 0x83, 0x42, 0x00, 0xD1, 0xFD, 0xE2, 0x83, 0x42, 0x00, 0xD9, 0x86, 0xE0, 0x0F, 0x48
	.byte 0x83, 0x42, 0x01, 0xD1, 0x00, 0xF0, 0xBE, 0xFD, 0x83, 0x42, 0x45, 0xD8, 0x0C, 0x48, 0x83, 0x42
	.byte 0x01, 0xD1, 0x00, 0xF0, 0xB5, 0xFC, 0x83, 0x42, 0x22, 0xD8, 0x0A, 0x48, 0x83, 0x42, 0x01, 0xD1
	.byte 0x00, 0xF0, 0xD2, 0xFB, 0x83, 0x42, 0x11, 0xD8, 0x07, 0x48, 0x83, 0x42, 0x01, 0xD1, 0x00, 0xF0
	.byte 0xE7, 0xFD, 0x01, 0xF0, 0x7E, 0xF8, 0x00, 0x00, 0xDD, 0x74, 0xD3, 0xCD, 0x69, 0xA5, 0x05, 0x80
	.byte 0x41, 0x05, 0x05, 0x80, 0x2D, 0xB5, 0x04, 0x80, 0x23, 0x8D, 0x04, 0x80, 0x03, 0x48, 0x83, 0x42
	.byte 0x01, 0xD1, 0x00, 0xF0, 0x2D, 0xFC, 0x01, 0xF0, 0x6C, 0xF8, 0x00, 0x00, 0x37, 0xDD, 0x04, 0x80
	.byte 0x06, 0x48, 0x83, 0x42, 0x01, 0xD1, 0x00, 0xF0, 0xE7, 0xFB, 0x83, 0x42, 0x0A, 0xD8, 0x04, 0x48
	.byte 0x83, 0x42, 0x01, 0xD1, 0x00, 0xF0, 0x46, 0xFD, 0x01, 0xF0, 0x5B, 0xF8, 0x55, 0x55, 0x05, 0x80
	.byte 0x4B, 0x2D, 0x05, 0x80, 0x03, 0x48, 0x83, 0x42, 0x01, 0xD1, 0x00, 0xF0, 0xFD, 0xFC, 0x01, 0xF0
	.byte 0x50, 0xF8, 0x00, 0x00, 0x5F, 0x7D, 0x05, 0x80, 0x09, 0x48, 0x83, 0x42, 0x00, 0xD1, 0xED, 0xE1
	.byte 0x83, 0x42, 0x1B, 0xD8, 0x07, 0x48, 0x83, 0x42, 0x01, 0xD1, 0x00, 0xF0, 0x1C, 0xFF, 0x83, 0x42
	.byte 0x0C, 0xD8, 0x05, 0x48, 0x83, 0x42, 0x01, 0xD1, 0x00, 0xF0, 0x26, 0xFE, 0x01, 0xF0, 0x39, 0xF8
	.byte 0xB5, 0xD4, 0x52, 0xCB, 0x01, 0x04, 0x10, 0xC0, 0x73, 0xCD, 0x05, 0x80, 0x02, 0x48, 0x83, 0x42
	.byte 0x00, 0xD1, 0xA7, 0xE1, 0x01, 0xF0, 0x2D, 0xF8, 0xAB, 0xAC, 0xB2, 0xCA, 0x05, 0x48, 0x83, 0x42
	.byte 0x00, 0xD1, 0x46, 0xE2, 0x83, 0x42, 0x09, 0xD8, 0x03, 0x48, 0x83, 0x42, 0x00, 0xD1, 0x01, 0xE2
	.byte 0x01, 0xF0, 0x1F, 0xF8, 0xC9, 0x24, 0x93, 0xCC, 0xBF, 0xFC, 0xF2, 0xCB, 0x02, 0x48, 0x83, 0x42
	.byte 0x00, 0xD1, 0xAD, 0xE2, 0x01, 0xF0, 0x15, 0xF8, 0xD3, 0x4C, 0x33, 0xCD, 0x0C, 0x48, 0x83, 0x42
	.byte 0x00, 0xD1, 0x77, 0xE3, 0x83, 0x42, 0x3F, 0xD8, 0x0A, 0x48, 0x83, 0x42, 0x01, 0xD1, 0x00, 0xF0
	.byte 0x09, 0xFC, 0x83, 0x42, 0x1C, 0xD8, 0x08, 0x48, 0x83, 0x42, 0x00, 0xD1, 0x1A, 0xE3, 0x83, 0x42
	.byte 0x0E, 0xD8, 0x06, 0x48, 0x83, 0x42, 0x01, 0xD1, 0x00, 0xF0, 0xC4, 0xFE, 0x00, 0xF0, 0xF9, 0xFF
	.byte 0x2D, 0xB5, 0xD4, 0xD2, 0x05, 0x15, 0x54, 0xD0, 0xF1, 0xC4, 0x13, 0xCF, 0xE7, 0x9C, 0x73, 0xCE
	.byte 0x02, 0x48, 0x83, 0x42, 0x00, 0xD1, 0xC5, 0xE2, 0x00, 0xF0, 0xEB, 0xFF, 0xFB, 0xEC, 0xB3, 0xCF
	.byte 0x06, 0x48, 0x83, 0x42, 0x01, 0xD1, 0x00, 0xF0, 0x61, 0xFC, 0x83, 0x42, 0x0A, 0xD8, 0x04, 0x48
	.byte 0x83, 0x42, 0x01, 0xD1, 0x00, 0xF0, 0x9A, 0xFD, 0x00, 0xF0, 0xDB, 0xFF, 0x19, 0x65, 0x94, 0xD1
	.byte 0x0F, 0x3D, 0xF4, 0xD0, 0x03, 0x48, 0x83, 0x42, 0x01, 0xD1, 0x00, 0xF0, 0x4F, 0xFD, 0x00, 0xF0
	.byte 0xD0, 0xFF, 0x00, 0x00, 0x23, 0x8D, 0x34, 0xD2, 0x09, 0x48, 0x83, 0x42, 0x00, 0xD1, 0x61, 0xE3
	.byte 0x83, 0x42, 0x1D, 0xD8, 0x07, 0x48, 0x83, 0x42, 0x01, 0xD1, 0x00, 0xF0, 0xFF, 0xFB, 0x83, 0x42
	.byte 0x0C, 0xD8, 0x05, 0x48, 0x83, 0x42, 0x00, 0xD1, 0x90, 0xE3, 0x00, 0xF0, 0xBA, 0xFF, 0x00, 0x00
	.byte 0x55, 0x55, 0x55, 0xD5, 0x41, 0x05, 0x15, 0xD4, 0x37, 0xDD, 0x74, 0xD3, 0x03, 0x48, 0x83, 0x42
	.byte 0x01, 0xD1, 0x00, 0xF0, 0xAD, 0xFC, 0x00, 0xF0, 0xAC, 0xFF, 0x00, 0x00, 0x4B, 0x2D, 0xB5, 0xD4
	.byte 0x06, 0x48, 0x83, 0x42, 0x01, 0xD1, 0x00, 0xF0, 0xE3, 0xFC, 0x83, 0x42, 0x0A, 0xD8, 0x04, 0x48
	.byte 0x83, 0x42, 0x01, 0xD1, 0x00, 0xF0, 0x5E, 0xFC, 0x00, 0xF0, 0x9B, 0xFF, 0x69, 0xA5, 0x95, 0xD6
	.byte 0x5F, 0x7D, 0xF5, 0xD5, 0x03, 0x48, 0x83, 0x42, 0x01, 0xD1, 0x00, 0xF0, 0x93, 0xFD, 0x00, 0xF0
	.byte 0x90, 0xFF, 0x00, 0x00, 0x73, 0xCD, 0x35, 0xD7, 0xC9, 0x20, 0x40, 0x00, 0x39, 0x18, 0x00, 0x20
	.byte 0x08, 0x70, 0xC8, 0x21, 0x49, 0x00, 0x78, 0x18, 0x02, 0x21, 0x01, 0x70, 0x01, 0x4A, 0xB8, 0x18
	.byte 0x01, 0x70, 0xCA, 0xE0, 0x91, 0x01, 0x00, 0x00, 0xC9, 0x23, 0x5B, 0x00, 0xFA, 0x18, 0x00, 0x21
	.byte 0x01, 0x20, 0x10, 0x70, 0xC8, 0x24, 0x64, 0x00, 0x38, 0x19, 0x01, 0x70, 0x01, 0x4D, 0x79, 0x19
	.byte 0xB9, 0xE0, 0x00, 0x00, 0x91, 0x01, 0x00, 0x00, 0xC9, 0x26, 0x76, 0x00, 0xB8, 0x19, 0x02, 0x70
	.byte 0xC8, 0x21, 0x49, 0x00, 0x78, 0x18, 0x03, 0x21, 0x01, 0x70, 0x01, 0x20, 0x28, 0x70, 0xAC, 0xE0
	.byte 0xC9, 0x22, 0x52, 0x00, 0xB8, 0x18, 0x00, 0x22, 0x03, 0x70, 0xC8, 0x23, 0x5B, 0x00, 0xF9, 0x18
	.byte 0x02, 0x20, 0x08, 0x70, 0x01, 0x4C, 0x38, 0x19, 0x02, 0x70, 0x9E, 0xE0, 0x91, 0x01, 0x00, 0x00
	.byte 0xC9, 0x25, 0x6D, 0x00, 0x79, 0x19, 0x05, 0x20, 0x08, 0x70, 0xC8, 0x26, 0x76, 0x00, 0xB9, 0x19
	.byte 0x02, 0x20, 0x08, 0x70, 0x01, 0x48, 0x39, 0x18, 0x01, 0x20, 0x8D, 0xE0, 0x91, 0x01, 0x00, 0x00
	.byte 0xC9, 0x21, 0x49, 0x00, 0x78, 0x18, 0x03, 0x70, 0xC8, 0x23, 0x5B, 0x00, 0xF8, 0x18, 0x04, 0x70
	.byte 0x2A, 0x70, 0x82, 0xE0, 0xC9, 0x24, 0x64, 0x00, 0x38, 0x19, 0x03, 0x70, 0xC8, 0x25, 0x6D, 0x00
	.byte 0x78, 0x19, 0x03, 0x21, 0x01, 0x70, 0x02, 0x4E, 0xB9, 0x19, 0x01, 0x20, 0x74, 0xE0, 0x00, 0x00
	.byte 0x91, 0x01, 0x00, 0x00, 0xC9, 0x20, 0x40, 0x00, 0x39, 0x18, 0x09, 0x20, 0x08, 0x70, 0xC8, 0x22
	.byte 0x52, 0x00, 0xB9, 0x18, 0x03, 0x20, 0x08, 0x70, 0x01, 0x4B, 0xF9, 0x18, 0x02, 0x20, 0x63, 0xE0
	.byte 0x91, 0x01, 0x00, 0x00, 0xC9, 0x24, 0x64, 0x00, 0x38, 0x19, 0x03, 0x70, 0xC8, 0x26, 0x76, 0x00
	.byte 0xB8, 0x19, 0x04, 0x21, 0x01, 0x70, 0x01, 0x20, 0x28, 0x70, 0x56, 0xE0, 0xC9, 0x21, 0x49, 0x00
	.byte 0x78, 0x18, 0x03, 0x70, 0xC8, 0x22, 0x52, 0x00, 0xB8, 0x18, 0x01, 0x21, 0x01, 0x70, 0x01, 0x4B
	.byte 0xF9, 0x18, 0x48, 0xE0, 0x91, 0x01, 0x00, 0x00, 0xC9, 0x24, 0x64, 0x00, 0x39, 0x19, 0x0D, 0x20
	.byte 0x08, 0x70, 0xC8, 0x25, 0x6D, 0x00, 0x78, 0x19, 0x02, 0x21, 0x01, 0x70, 0x01, 0x4E, 0xB8, 0x19
	.byte 0x01, 0x70, 0x3A, 0xE0, 0x91, 0x01, 0x00, 0x00, 0xC9, 0x21, 0x49, 0x00, 0x78, 0x18, 0x03, 0x70
	.byte 0xC8, 0x22, 0x52, 0x00, 0xB8, 0x18, 0x03, 0x21, 0x01, 0x70, 0x01, 0x20, 0x28, 0x70, 0x2C, 0xE0
	.byte 0xC9, 0x23, 0x5B, 0x00, 0xF9, 0x18, 0x0F, 0x20, 0x08, 0x70, 0xC8, 0x24, 0x64, 0x00, 0x38, 0x19
	.byte 0x02, 0x21, 0x01, 0x70, 0x01, 0x4D, 0x78, 0x19, 0x01, 0x70, 0x1E, 0xE0, 0x91, 0x01, 0x00, 0x00
	.byte 0xC9, 0x26, 0x76, 0x00, 0xB8, 0x19, 0x00, 0x21, 0x03, 0x70, 0xC8, 0x22, 0x52, 0x00, 0xB8, 0x18
	.byte 0x01, 0x70, 0x02, 0x4B, 0xF8, 0x18, 0x01, 0x70, 0x0F, 0xE0, 0x00, 0x00, 0x91, 0x01, 0x00, 0x00
	.byte 0xC9, 0x24, 0x64, 0x00, 0x38, 0x19, 0x03, 0x70, 0xC8, 0x25, 0x6D, 0x00, 0x78, 0x19, 0x01, 0x21
	.byte 0x01, 0x70, 0x04, 0x4E, 0xB9, 0x19, 0x03, 0x20, 0x08, 0x70, 0x38, 0x1C, 0xFE, 0xF7, 0xFE, 0xFC
	.byte 0x00, 0xF0, 0xB3, 0xFE, 0x91, 0x01, 0x00, 0x00, 0x06, 0x20, 0xB8, 0x63, 0xAB, 0x21, 0x49, 0x00
	.byte 0x78, 0x18, 0x00, 0x21, 0x04, 0x80, 0xAA, 0x22, 0x52, 0x00, 0xB8, 0x18, 0x04, 0x80, 0xB1, 0x23
	.byte 0x5B, 0x00, 0xF8, 0x18, 0x01, 0x70, 0x18, 0xE2, 0x06, 0x20, 0xB8, 0x63, 0xAB, 0x24, 0x64, 0x00
	.byte 0x38, 0x19, 0x00, 0x21, 0x01, 0x80, 0xAA, 0x25, 0x6D, 0x00, 0x78, 0x19, 0x01, 0x80, 0xB1, 0x26
	.byte 0x76, 0x00, 0xB9, 0x19, 0x01, 0x20, 0x08, 0x70, 0x01, 0x48, 0x39, 0x18, 0x00, 0xF0, 0x60, 0xFD
	.byte 0x91, 0x01, 0x00, 0x00, 0x06, 0x20, 0xB8, 0x63, 0xAB, 0x21, 0x49, 0x00, 0x78, 0x18, 0x00, 0x21
	.byte 0x01, 0x80, 0xAA, 0x22, 0x52, 0x00, 0xB8, 0x18, 0x01, 0x80, 0xB1, 0x23, 0x5B, 0x00, 0xF9, 0x18
	.byte 0x02, 0x20, 0x08, 0x70, 0x01, 0x4C, 0x39, 0x19, 0x00, 0xF0, 0x28, 0xFE, 0x91, 0x01, 0x00, 0x00
	.byte 0x07, 0x20, 0xB8, 0x63, 0xAB, 0x25, 0x6D, 0x00, 0x78, 0x19, 0x00, 0x21, 0x01, 0x80, 0xAA, 0x26
	.byte 0x76, 0x00, 0xB8, 0x19, 0x01, 0x80, 0xB1, 0x20, 0x40, 0x00, 0x39, 0x18, 0x01, 0x20, 0x08, 0x70
	.byte 0x01, 0x4A, 0xB9, 0x18, 0x00, 0xF0, 0x34, 0xFD, 0x91, 0x01, 0x00, 0x00, 0x07, 0x20, 0xB8, 0x63
	.byte 0xAB, 0x23, 0x5B, 0x00, 0xF8, 0x18, 0x04, 0x80, 0xAA, 0x26, 0x76, 0x00, 0xB8, 0x19, 0x04, 0x80
	.byte 0xB1, 0x21, 0x49, 0x00, 0x78, 0x18, 0x02, 0x70, 0x00, 0xF0, 0x50, 0xFD, 0x08, 0x20, 0xB8, 0x63
	.byte 0xAB, 0x22, 0x52, 0x00, 0xB8, 0x18, 0x00, 0x22, 0x00, 0x21, 0x01, 0x80, 0xAA, 0x23, 0x5B, 0x00
	.byte 0xF8, 0x18, 0x01, 0x80, 0xB1, 0x24, 0x64, 0x00, 0x38, 0x19, 0x02, 0x70, 0x01, 0x4D, 0x79, 0x19
	.byte 0x00, 0xF0, 0xFD, 0xFC, 0x91, 0x01, 0x00, 0x00, 0x08, 0x20, 0xB8, 0x63, 0xAB, 0x26, 0x76, 0x00
	.byte 0xB8, 0x19, 0x00, 0x21, 0x01, 0x80, 0xAA, 0x22, 0x52, 0x00, 0xB8, 0x18, 0x01, 0x80, 0xB1, 0x23
	.byte 0x5B, 0x00, 0xF9, 0x18, 0x01, 0x20, 0x08, 0x70, 0x01, 0x4C, 0x39, 0x19, 0x00, 0xF0, 0xF8, 0xFC
	.byte 0x91, 0x01, 0x00, 0x00, 0x08, 0x20, 0xB8, 0x63, 0xAB, 0x25, 0x6D, 0x00, 0x78, 0x19, 0x00, 0x21
	.byte 0x01, 0x80, 0xAA, 0x26, 0x76, 0x00, 0xB8, 0x19, 0x01, 0x80, 0xB1, 0x20, 0x40, 0x00, 0x39, 0x18
	.byte 0x02, 0x20, 0x08, 0x70, 0x01, 0x4A, 0xB9, 0x18, 0x00, 0xF0, 0xC0, 0xFD, 0x91, 0x01, 0x00, 0x00
	.byte 0x0A, 0x20, 0xB8, 0x63, 0xAB, 0x23, 0x5B, 0x00, 0xF8, 0x18, 0x00, 0x22, 0x00, 0x21, 0x01, 0x80
	.byte 0xAA, 0x24, 0x64, 0x00, 0x38, 0x19, 0x01, 0x80, 0xB1, 0x25, 0x6D, 0x00, 0x78, 0x19, 0x02, 0x70
	.byte 0x01, 0x4E, 0x00, 0xF0, 0x4B, 0xFD, 0x00, 0x00, 0x91, 0x01, 0x00, 0x00, 0x0A, 0x20, 0xB8, 0x63
	.byte 0xAB, 0x21, 0x49, 0x00, 0x78, 0x18, 0x00, 0x21, 0x04, 0x80, 0xAA, 0x22, 0x52, 0x00, 0xB8, 0x18
	.byte 0x04, 0x80, 0xB1, 0x23, 0x5B, 0x00, 0xFA, 0x18, 0x01, 0x20, 0x10, 0x70, 0x29, 0x70, 0x00, 0xF0
	.byte 0xE4, 0xFD, 0x0A, 0x20, 0xB8, 0x63, 0xAB, 0x24, 0x64, 0x00, 0x38, 0x19, 0x00, 0x22, 0x00, 0x21
	.byte 0x01, 0x80, 0xAA, 0x25, 0x6D, 0x00, 0x78, 0x19, 0x01, 0x80, 0xB1, 0x26, 0x76, 0x00, 0xB9, 0x19
	.byte 0x02, 0x20, 0x08, 0x70, 0x00, 0x49, 0xB1, 0xE3, 0x91, 0x01, 0x00, 0x00, 0x0B, 0x20, 0xB8, 0x63
	.byte 0xAB, 0x22, 0x52, 0x00, 0xB8, 0x18, 0x00, 0x22, 0x00, 0x21, 0x01, 0x80, 0xAA, 0x23, 0x5B, 0x00
	.byte 0xF8, 0x18, 0x01, 0x80, 0xB1, 0x24, 0x64, 0x00, 0x38, 0x19, 0x02, 0x70, 0x01, 0x4D, 0x79, 0x19
	.byte 0x00, 0xF0, 0x7D, 0xFC, 0x91, 0x01, 0x00, 0x00, 0x0B, 0x20, 0xB8, 0x63, 0xAB, 0x26, 0x76, 0x00
	.byte 0xB8, 0x19, 0x00, 0x21, 0x01, 0x80, 0xAA, 0x22, 0x52, 0x00, 0xB8, 0x18, 0x01, 0x80, 0xB1, 0x23
	.byte 0x5B, 0x00, 0xF9, 0x18, 0x01, 0x20, 0x08, 0x70, 0x01, 0x4C, 0x39, 0x19, 0x00, 0xF0, 0x78, 0xFC
	.byte 0x91, 0x01, 0x00, 0x00, 0x0B, 0x20, 0xB8, 0x63, 0xAB, 0x26, 0x76, 0x00, 0xB8, 0x19, 0x04, 0x80
	.byte 0xAA, 0x21, 0x49, 0x00, 0x78, 0x18, 0x04, 0x80, 0xB1, 0x23, 0x5B, 0x00, 0xF8, 0x18, 0x02, 0x70
	.byte 0x00, 0xF0, 0x94, 0xFC, 0x09, 0x20, 0xB8, 0x63, 0xAB, 0x26, 0x76, 0x00, 0xB8, 0x19, 0x00, 0x21
	.byte 0x04, 0x80, 0xAA, 0x22, 0x52, 0x00, 0xB8, 0x18, 0x04, 0x80, 0xB1, 0x23, 0x5B, 0x00, 0xF8, 0x18
	.byte 0x01, 0x70, 0xFA, 0xE0, 0x09, 0x20, 0xB8, 0x63, 0xAB, 0x24, 0x64, 0x00, 0x38, 0x19, 0x00, 0x21
	.byte 0x01, 0x80, 0xAA, 0x25, 0x6D, 0x00, 0x78, 0x19, 0x01, 0x80, 0xB1, 0x26, 0x76, 0x00, 0xB9, 0x19
	.byte 0x01, 0x20, 0x08, 0x70, 0x01, 0x48, 0x39, 0x18, 0x00, 0xF0, 0x42, 0xFC, 0x91, 0x01, 0x00, 0x00
	.byte 0x09, 0x20, 0xB8, 0x63, 0xAB, 0x21, 0x49, 0x00, 0x78, 0x18, 0x00, 0x21, 0x01, 0x80, 0xAA, 0x22
	.byte 0x52, 0x00, 0xB8, 0x18, 0x01, 0x80, 0xB1, 0x23, 0x5B, 0x00, 0xF9, 0x18, 0x02, 0x20, 0x08, 0x70
	.byte 0x01, 0x4C, 0x39, 0x19, 0x00, 0xF0, 0x0A, 0xFD, 0x91, 0x01, 0x00, 0x00, 0x11, 0x20, 0xB8, 0x63
	.byte 0xAB, 0x25, 0x6D, 0x00, 0x78, 0x19, 0x00, 0x22, 0x00, 0x21, 0x01, 0x80, 0xAA, 0x26, 0x76, 0x00
	.byte 0xB8, 0x19, 0x01, 0x80, 0xC6, 0x20, 0x40, 0x00, 0x39, 0x18, 0x01, 0x48, 0x23, 0xE3, 0x00, 0x00
	.byte 0x00, 0xB5, 0xED, 0x09, 0x11, 0x20, 0xB8, 0x63, 0xAB, 0x22, 0x52, 0x00, 0xB8, 0x18, 0x00, 0x21
	.byte 0x01, 0x80, 0xAA, 0x23, 0x5B, 0x00, 0xF8, 0x18, 0x01, 0x80, 0xC6, 0x24, 0x64, 0x00, 0x39, 0x19
	.byte 0x03, 0x48, 0x08, 0x60, 0xB1, 0x25, 0x6D, 0x00, 0x79, 0x19, 0x00, 0xF0, 0xF0, 0xFB, 0x00, 0x00
	.byte 0x00, 0xB5, 0xED, 0x09, 0x11, 0x20, 0xB8, 0x63, 0xAB, 0x26, 0x76, 0x00, 0xB8, 0x19, 0x00, 0x21
	.byte 0x01, 0x80, 0xAA, 0x22, 0x52, 0x00, 0xB8, 0x18, 0x01, 0x80, 0xC6, 0x23, 0x5B, 0x00, 0xF9, 0x18
	.byte 0x03, 0x48, 0x08, 0x60, 0xB1, 0x24, 0x64, 0x00, 0x39, 0x19, 0x00, 0xF0, 0xE9, 0xFB, 0x00, 0x00
	.byte 0x00, 0xB5, 0xED, 0x09, 0x11, 0x20, 0xB8, 0x63, 0xAB, 0x25, 0x6D, 0x00, 0x78, 0x19, 0x00, 0x22
	.byte 0x04, 0x80, 0xAA, 0x26, 0x76, 0x00, 0xB8, 0x19, 0x04, 0x80, 0xC6, 0x20, 0x40, 0x00, 0x39, 0x18
	.byte 0x00, 0x48, 0xE0, 0xE2, 0xE8, 0xB4, 0xED, 0x09, 0x11, 0x20, 0xB8, 0x63, 0xAB, 0x22, 0x52, 0x00
	.byte 0xB8, 0x18, 0x04, 0x80, 0xAA, 0x23, 0x5B, 0x00, 0xF8, 0x18, 0x04, 0x80, 0xC6, 0x24, 0x64, 0x00
	.byte 0x39, 0x19, 0x03, 0x48, 0x08, 0x60, 0xB1, 0x25, 0x6D, 0x00, 0x79, 0x19, 0xAF, 0xE3, 0x00, 0x00
	.byte 0xE8, 0xB4, 0xED, 0x09, 0x11, 0x20, 0xB8, 0x63, 0xAB, 0x26, 0x76, 0x00, 0xB8, 0x19, 0x00, 0x21
	.byte 0x01, 0x80, 0xAA, 0x22, 0x52, 0x00, 0xB8, 0x18, 0x01, 0x80, 0xC6, 0x23, 0x5B, 0x00, 0xF9, 0x18
	.byte 0x02, 0x48, 0x08, 0x60, 0xB1, 0x24, 0x64, 0x00, 0x39, 0x19, 0xA9, 0xE3, 0xE8, 0xB4, 0xED, 0x09
	.byte 0x11, 0x20, 0xB8, 0x63, 0xAB, 0x25, 0x6D, 0x00, 0x78, 0x19, 0x00, 0x22, 0x00, 0x21, 0x01, 0x80
	.byte 0xAA, 0x26, 0x76, 0x00, 0xB8, 0x19, 0x01, 0x80, 0xC6, 0x20, 0x40, 0x00, 0x39, 0x18, 0x04, 0x48
	.byte 0x08, 0x60, 0xB1, 0x21, 0x49, 0x00, 0x78, 0x18, 0x02, 0x70, 0x02, 0x4A, 0xB9, 0x18, 0x7E, 0xE3
	.byte 0x40, 0xB4, 0xED, 0x09, 0x91, 0x01, 0x00, 0x00, 0x11, 0x20, 0xB8, 0x63, 0xAB, 0x23, 0x5B, 0x00
	.byte 0xF8, 0x18, 0x00, 0x21, 0x01, 0x80, 0xAA, 0x24, 0x64, 0x00, 0x38, 0x19, 0x01, 0x80, 0xC6, 0x25
	.byte 0x6D, 0x00, 0x79, 0x19, 0x05, 0x48, 0x08, 0x60, 0xB1, 0x26, 0x76, 0x00, 0xB9, 0x19, 0x01, 0x20
	.byte 0x08, 0x70, 0x03, 0x4A, 0xB9, 0x18, 0x08, 0x70, 0x00, 0xF0, 0x9F, 0xFC, 0x40, 0xB4, 0xED, 0x09
	.byte 0x91, 0x01, 0x00, 0x00, 0x11, 0x20, 0xB8, 0x63, 0xAB, 0x23, 0x5B, 0x00, 0xF8, 0x18, 0x04, 0x80
	.byte 0xAA, 0x26, 0x76, 0x00, 0xB8, 0x19, 0x04, 0x80, 0xC6, 0x20, 0x40, 0x00, 0x39, 0x18, 0x05, 0x48
	.byte 0x08, 0x60, 0xB1, 0x21, 0x49, 0x00, 0x78, 0x18, 0x02, 0x70, 0x01, 0x20, 0x28, 0x70, 0x00, 0xF0
	.byte 0x84, 0xFC, 0x00, 0x00, 0x40, 0xB4, 0xED, 0x09, 0x11, 0x20, 0xB8, 0x63, 0xAB, 0x22, 0x52, 0x00
	.byte 0xB8, 0x18, 0x00, 0x21, 0x01, 0x80, 0xAA, 0x23, 0x5B, 0x00, 0xF8, 0x18, 0x01, 0x80, 0xC6, 0x24
	.byte 0x64, 0x00, 0x39, 0x19, 0x02, 0x48, 0x08, 0x60, 0xB1, 0x25, 0x6D, 0x00, 0x79, 0x19, 0x2E, 0xE3
	.byte 0x18, 0xB5, 0xED, 0x09, 0x11, 0x20, 0xB8, 0x63, 0xAB, 0x26, 0x76, 0x00, 0xB8, 0x19, 0x04, 0x80
	.byte 0xAA, 0x21, 0x49, 0x00, 0x78, 0x18, 0x04, 0x80, 0xC6, 0x23, 0x5B, 0x00, 0xF9, 0x18, 0x01, 0x48
	.byte 0x08, 0x60, 0x09, 0xE3, 0x18, 0xB5, 0xED, 0x09, 0x11, 0x20, 0xB8, 0x63, 0xAB, 0x25, 0x6D, 0x00
	.byte 0x78, 0x19, 0x00, 0x22, 0x00, 0x21, 0x01, 0x80, 0xAA, 0x26, 0x76, 0x00, 0xB8, 0x19, 0x01, 0x80
	.byte 0xC6, 0x20, 0x40, 0x00, 0x39, 0x18, 0x01, 0x48, 0x25, 0xE2, 0x00, 0x00, 0x88, 0xB4, 0xED, 0x09
	.byte 0x11, 0x20, 0xB8, 0x63, 0xAB, 0x22, 0x52, 0x00, 0xB8, 0x18, 0x00, 0x21, 0x01, 0x80, 0xAA, 0x23
	.byte 0x5B, 0x00, 0xF8, 0x18, 0x01, 0x80, 0xC6, 0x24, 0x64, 0x00, 0x39, 0x19, 0x02, 0x48, 0x08, 0x60
	.byte 0xB1, 0x25, 0x6D, 0x00, 0x79, 0x19, 0xF2, 0xE2, 0x88, 0xB4, 0xED, 0x09, 0x11, 0x20, 0xB8, 0x63
	.byte 0xAB, 0x26, 0x76, 0x00, 0xB8, 0x19, 0x00, 0x21, 0x01, 0x80, 0xAA, 0x22, 0x52, 0x00, 0xB8, 0x18
	.byte 0x01, 0x80, 0xC6, 0x23, 0x5B, 0x00, 0xF9, 0x18, 0x02, 0x48, 0x08, 0x60, 0xB1, 0x24, 0x64, 0x00
	.byte 0x39, 0x19, 0xED, 0xE2, 0x88, 0xB4, 0xED, 0x09, 0x17, 0x20, 0xB8, 0x63, 0xAB, 0x25, 0x6D, 0x00
	.byte 0x78, 0x19, 0x00, 0x21, 0x01, 0x80, 0xAA, 0x26, 0x76, 0x00, 0xB8, 0x19, 0x01, 0x80, 0xC6, 0x20
	.byte 0x40, 0x00, 0x39, 0x18, 0x02, 0x48, 0x08, 0x60, 0xB1, 0x22, 0x52, 0x00, 0xB9, 0x18, 0xC6, 0xE2
	.byte 0x70, 0xB4, 0xED, 0x09, 0x17, 0x20, 0xB8, 0x63, 0xAB, 0x23, 0x5B, 0x00, 0xF8, 0x18, 0x04, 0x80
	.byte 0xAA, 0x25, 0x6D, 0x00, 0x78, 0x19, 0x04, 0x80, 0xC6, 0x26, 0x76, 0x00, 0xB9, 0x19, 0x01, 0x48
	.byte 0xD1, 0xE1, 0x00, 0x00, 0x70, 0xB4, 0xED, 0x09, 0x17, 0x20, 0xB8, 0x63, 0xAB, 0x22, 0x52, 0x00
	.byte 0xB8, 0x18, 0x00, 0x22, 0x00, 0x21, 0x01, 0x80, 0xAA, 0x23, 0x5B, 0x00, 0xF8, 0x18, 0x01, 0x80
	.byte 0xC6, 0x24, 0x64, 0x00, 0x39, 0x19, 0x01, 0x48, 0x7E, 0xE0, 0x00, 0x00, 0x10, 0xB4, 0xED, 0x09
	.byte 0x17, 0x20, 0xB8, 0x63, 0xAB, 0x26, 0x76, 0x00, 0xB8, 0x19, 0x04, 0x80, 0xAA, 0x21, 0x49, 0x00
	.byte 0x78, 0x18, 0x04, 0x80, 0xC6, 0x22, 0x52, 0x00, 0xB9, 0x18, 0x03, 0x48, 0x08, 0x60, 0xB1, 0x23
	.byte 0x5B, 0x00, 0xF9, 0x18, 0x8B, 0xE2, 0x00, 0x00, 0x10, 0xB4, 0xED, 0x09, 0x17, 0x20, 0xB8, 0x63
	.byte 0xAB, 0x24, 0x64, 0x00, 0x38, 0x19, 0x00, 0x21, 0x01, 0x80, 0xAA, 0x25, 0x6D, 0x00, 0x78, 0x19
	.byte 0x01, 0x80, 0xC6, 0x26, 0x76, 0x00, 0xB9, 0x19, 0x02, 0x48, 0x08, 0x60, 0xB1, 0x20, 0x40, 0x00
	.byte 0x39, 0x18, 0x85, 0xE2, 0x10, 0xB4, 0xED, 0x09, 0x11, 0x20, 0xB8, 0x63, 0xAB, 0x21, 0x49, 0x00
	.byte 0x78, 0x18, 0x00, 0x22, 0x00, 0x21, 0x01, 0x80, 0xAA, 0x23, 0x5B, 0x00, 0xF8, 0x18, 0x01, 0x80
	.byte 0xC6, 0x24, 0x64, 0x00, 0x39, 0x19, 0x01, 0x48, 0x3E, 0xE0, 0x00, 0x00, 0x28, 0xB4, 0xED, 0x09
	.byte 0x11, 0x20, 0xB8, 0x63, 0xAB, 0x26, 0x76, 0x00, 0xB8, 0x19, 0x04, 0x80, 0xAA, 0x21, 0x49, 0x00
	.byte 0x78, 0x18, 0x04, 0x80, 0xC6, 0x22, 0x52, 0x00, 0xB9, 0x18, 0x03, 0x48, 0x08, 0x60, 0xB1, 0x23
	.byte 0x5B, 0x00, 0xF9, 0x18, 0x4B, 0xE2, 0x00, 0x00, 0x28, 0xB4, 0xED, 0x09, 0x11, 0x20, 0xB8, 0x63
	.byte 0xAB, 0x24, 0x64, 0x00, 0x38, 0x19, 0x00, 0x21, 0x01, 0x80, 0xAA, 0x25, 0x6D, 0x00, 0x78, 0x19
	.byte 0x01, 0x80, 0xC6, 0x26, 0x76, 0x00, 0xB9, 0x19, 0x02, 0x48, 0x08, 0x60, 0xB1, 0x20, 0x40, 0x00
	.byte 0x39, 0x18, 0x45, 0xE2, 0x28, 0xB4, 0xED, 0x09, 0x11, 0x20, 0xB8, 0x63, 0xAB, 0x21, 0x49, 0x00
	.byte 0x78, 0x18, 0x00, 0x22, 0x00, 0x21, 0x01, 0x80, 0xAA, 0x23, 0x5B, 0x00, 0xF8, 0x18, 0x01, 0x80
	.byte 0xC6, 0x24, 0x64, 0x00, 0x39, 0x19, 0x03, 0x48, 0x08, 0x60, 0xB1, 0x25, 0x6D, 0x00, 0x78, 0x19
	.byte 0x02, 0x70, 0x5A, 0xE3, 0x30, 0xB5, 0xED, 0x09, 0x11, 0x20, 0xB8, 0x63, 0xAB, 0x26, 0x76, 0x00
	.byte 0xB8, 0x19, 0x00, 0x21, 0x01, 0x80, 0xAA, 0x22, 0x52, 0x00, 0xB8, 0x18, 0x01, 0x80, 0xC6, 0x23
	.byte 0x5B, 0x00, 0xF9, 0x18, 0x02, 0x48, 0x08, 0x60, 0xB1, 0x24, 0x64, 0x00, 0x39, 0x19, 0x06, 0xE2
	.byte 0x30, 0xB5, 0xED, 0x09, 0x11, 0x20, 0xB8, 0x63, 0xAB, 0x25, 0x6D, 0x00, 0x78, 0x19, 0x00, 0x21
	.byte 0x01, 0x80, 0xAA, 0x26, 0x76, 0x00, 0xB8, 0x19, 0x01, 0x80, 0xC6, 0x20, 0x40, 0x00, 0x39, 0x18
	.byte 0x02, 0x48, 0x08, 0x60, 0xB1, 0x22, 0x52, 0x00, 0xB9, 0x18, 0x01, 0xE2, 0x30, 0xB5, 0xED, 0x09
	.byte 0x11, 0x20, 0xB8, 0x63, 0xAB, 0x23, 0x5B, 0x00, 0xF8, 0x18, 0x00, 0x22, 0x04, 0x80, 0xAA, 0x25
	.byte 0x6D, 0x00, 0x78, 0x19, 0x04, 0x80, 0xC6, 0x26, 0x76, 0x00, 0xB9, 0x19, 0x00, 0x48, 0xFA, 0xE0
	.byte 0x60, 0xB5, 0xED, 0x09, 0x11, 0x20, 0xB8, 0x63, 0xAB, 0x22, 0x52, 0x00, 0xB8, 0x18, 0x00, 0x21
	.byte 0x01, 0x80, 0xAA, 0x23, 0x5B, 0x00, 0xF8, 0x18, 0x01, 0x80, 0xC6, 0x24, 0x64, 0x00, 0x39, 0x19
	.byte 0x02, 0x48, 0x08, 0x60, 0xB1, 0x25, 0x6D, 0x00, 0x79, 0x19, 0xC8, 0xE1, 0x60, 0xB5, 0xED, 0x09
	.byte 0x11, 0x20, 0xB8, 0x63, 0xAB, 0x26, 0x76, 0x00, 0xB8, 0x19, 0x00, 0x21, 0x01, 0x80, 0xAA, 0x22
	.byte 0x52, 0x00, 0xB8, 0x18, 0x01, 0x80, 0xC6, 0x23, 0x5B, 0x00, 0xF9, 0x18, 0x02, 0x48, 0x08, 0x60
	.byte 0xB1, 0x24, 0x64, 0x00, 0x39, 0x19, 0xC3, 0xE1, 0x60, 0xB5, 0xED, 0x09, 0x11, 0x20, 0xB8, 0x63
	.byte 0xAB, 0x25, 0x6D, 0x00, 0x78, 0x19, 0x00, 0x22, 0x00, 0x21, 0x01, 0x80, 0xAA, 0x26, 0x76, 0x00
	.byte 0xB8, 0x19, 0x01, 0x80, 0xC6, 0x20, 0x40, 0x00, 0x39, 0x18, 0x01, 0x48, 0xBB, 0xE0, 0x00, 0x00
	.byte 0x48, 0xB5, 0xED, 0x09, 0x11, 0x20, 0xB8, 0x63, 0xAB, 0x22, 0x52, 0x00, 0xB8, 0x18, 0x04, 0x80
	.byte 0xAA, 0x23, 0x5B, 0x00, 0xF8, 0x18, 0x04, 0x80, 0xC6, 0x24, 0x64, 0x00, 0x39, 0x19, 0x03, 0x48
	.byte 0x08, 0x60, 0xB1, 0x25, 0x6D, 0x00, 0x79, 0x19, 0x89, 0xE1, 0x00, 0x00, 0x48, 0xB5, 0xED, 0x09
	.byte 0x11, 0x20, 0xB8, 0x63, 0xAB, 0x26, 0x76, 0x00, 0xB8, 0x19, 0x00, 0x21, 0x01, 0x80, 0xAA, 0x22
	.byte 0x52, 0x00, 0xB8, 0x18, 0x01, 0x80, 0xC6, 0x23, 0x5B, 0x00, 0xF9, 0x18, 0x02, 0x48, 0x08, 0x60
	.byte 0xB1, 0x24, 0x64, 0x00, 0x39, 0x19, 0x83, 0xE1, 0x48, 0xB5, 0xED, 0x09, 0x17, 0x20, 0xB8, 0x63
	.byte 0xAB, 0x25, 0x6D, 0x00, 0x78, 0x19, 0x00, 0x22, 0x04, 0x80, 0xAA, 0x26, 0x76, 0x00, 0xB8, 0x19
	.byte 0x04, 0x80, 0xC6, 0x20, 0x40, 0x00, 0x39, 0x18, 0x00, 0x48, 0x7C, 0xE0, 0xA0, 0xB4, 0xED, 0x09
	.byte 0x17, 0x20, 0xB8, 0x63, 0xAB, 0x22, 0x52, 0x00, 0xB8, 0x18, 0x00, 0x21, 0x01, 0x80, 0xAA, 0x23
	.byte 0x5B, 0x00, 0xF8, 0x18, 0x01, 0x80, 0xC6, 0x24, 0x64, 0x00, 0x39, 0x19, 0x02, 0x48, 0x08, 0x60
	.byte 0xB1, 0x25, 0x6D, 0x00, 0x79, 0x19, 0x4A, 0xE1, 0xA0, 0xB4, 0xED, 0x09, 0x17, 0x20, 0xB8, 0x63
	.byte 0xAB, 0x26, 0x76, 0x00, 0xB8, 0x19, 0x00, 0x21, 0x01, 0x80, 0xAA, 0x22, 0x52, 0x00, 0xB8, 0x18
	.byte 0x01, 0x80, 0xC6, 0x23, 0x5B, 0x00, 0xF9, 0x18, 0x02, 0x48, 0x08, 0x60, 0xB1, 0x24, 0x64, 0x00
	.byte 0x39, 0x19, 0x45, 0xE1, 0xA0, 0xB4, 0xED, 0x09, 0x17, 0x20, 0xB8, 0x63, 0xAB, 0x25, 0x6D, 0x00
	.byte 0x78, 0x19, 0x00, 0x22, 0x00, 0x21, 0x01, 0x80, 0xAA, 0x26, 0x76, 0x00, 0xB8, 0x19, 0x01, 0x80
	.byte 0xC6, 0x20, 0x40, 0x00, 0x39, 0x18, 0x01, 0x48, 0x3D, 0xE0, 0x00, 0x00, 0xB8, 0xB4, 0xED, 0x09
	.byte 0x17, 0x20, 0xB8, 0x63, 0xAB, 0x22, 0x52, 0x00, 0xB8, 0x18, 0x00, 0x21, 0x01, 0x80, 0xAA, 0x23
	.byte 0x5B, 0x00, 0xF8, 0x18, 0x01, 0x80, 0xC6, 0x24, 0x64, 0x00, 0x39, 0x19, 0x02, 0x48, 0x08, 0x60
	.byte 0xB1, 0x25, 0x6D, 0x00, 0x79, 0x19, 0x0A, 0xE1, 0xB8, 0xB4, 0xED, 0x09, 0x17, 0x20, 0xB8, 0x63
	.byte 0xAB, 0x26, 0x76, 0x00, 0xB8, 0x19, 0x00, 0x21, 0x01, 0x80, 0xAA, 0x22, 0x52, 0x00, 0xB8, 0x18
	.byte 0x01, 0x80, 0xC6, 0x23, 0x5B, 0x00, 0xF9, 0x18, 0x02, 0x48, 0x08, 0x60, 0xB1, 0x24, 0x64, 0x00
	.byte 0x39, 0x19, 0x05, 0xE1, 0xB8, 0xB4, 0xED, 0x09, 0x11, 0x20, 0xB8, 0x63, 0xAB, 0x25, 0x6D, 0x00
	.byte 0x78, 0x19, 0x00, 0x22, 0x04, 0x80, 0xAA, 0x26, 0x76, 0x00, 0xB8, 0x19, 0x04, 0x80, 0xC6, 0x20
	.byte 0x40, 0x00, 0x39, 0x18, 0x03, 0x48, 0x08, 0x60, 0xB1, 0x21, 0x49, 0x00, 0x78, 0x18, 0x02, 0x70
	.byte 0x1B, 0xE2, 0x00, 0x00, 0x78, 0xB5, 0xED, 0x09, 0x11, 0x20, 0xB8, 0x63, 0xAB, 0x22, 0x52, 0x00
	.byte 0xB8, 0x18, 0x00, 0x21, 0x01, 0x80, 0xAA, 0x23, 0x5B, 0x00, 0xF8, 0x18, 0x01, 0x80, 0xC6, 0x24
	.byte 0x64, 0x00, 0x39, 0x19, 0x02, 0x48, 0x08, 0x60, 0xB1, 0x25, 0x6D, 0x00, 0x79, 0x19, 0xC6, 0xE0
	.byte 0x78, 0xB5, 0xED, 0x09, 0x11, 0x20, 0xB8, 0x63, 0xAB, 0x26, 0x76, 0x00, 0xB8, 0x19, 0x00, 0x21
	.byte 0x01, 0x80, 0xAA, 0x22, 0x52, 0x00, 0xB8, 0x18, 0x01, 0x80, 0xC6, 0x23, 0x5B, 0x00, 0xF9, 0x18
	.byte 0x02, 0x48, 0x08, 0x60, 0xB1, 0x24, 0x64, 0x00, 0x39, 0x19, 0xC1, 0xE0, 0x78, 0xB5, 0xED, 0x09
	.byte 0x0C, 0x20, 0xB8, 0x63, 0xAB, 0x25, 0x6D, 0x00, 0x78, 0x19, 0x00, 0x22, 0x00, 0x21, 0x01, 0x80
	.byte 0xAA, 0x26, 0x76, 0x00, 0xB8, 0x19, 0x01, 0x80, 0x03, 0x49, 0x78, 0x18, 0x02, 0x70, 0xB1, 0x23
	.byte 0x5B, 0x00, 0xF8, 0x18, 0x02, 0x70, 0xD8, 0xE1, 0x91, 0x01, 0x00, 0x00, 0x0C, 0x20, 0xB8, 0x63
	.byte 0xAB, 0x24, 0x64, 0x00, 0x38, 0x19, 0x00, 0x22, 0x00, 0x21, 0x01, 0x80, 0xAA, 0x25, 0x6D, 0x00
	.byte 0x78, 0x19, 0x01, 0x80, 0x01, 0x4E, 0xB8, 0x19, 0x02, 0x70, 0x85, 0xE0, 0x91, 0x01, 0x00, 0x00
	.byte 0x0C, 0x20, 0xB8, 0x63, 0xAB, 0x21, 0x49, 0x00, 0x78, 0x18, 0x00, 0x22, 0x00, 0x21, 0x01, 0x80
	.byte 0xAA, 0x23, 0x5B, 0x00, 0xF8, 0x18, 0x01, 0x80, 0x03, 0x4C, 0x38, 0x19, 0x02, 0x70, 0xB1, 0x25
	.byte 0x6D, 0x00, 0x79, 0x19, 0x84, 0xE0, 0x00, 0x00, 0x91, 0x01, 0x00, 0x00, 0x0C, 0x20, 0xB8, 0x63
	.byte 0xAB, 0x26, 0x76, 0x00, 0xB8, 0x19, 0x00, 0x21, 0x04, 0x80, 0xAA, 0x22, 0x52, 0x00, 0xB8, 0x18
	.byte 0x04, 0x80, 0x29, 0x70, 0xB1, 0x23, 0x5B, 0x00, 0xF9, 0x18, 0x4F, 0xE1, 0x0C, 0x20, 0xB8, 0x63
	.byte 0xAB, 0x24, 0x64, 0x00, 0x38, 0x19, 0x00, 0x22, 0x00, 0x21, 0x01, 0x80, 0xAA, 0x25, 0x6D, 0x00
	.byte 0x78, 0x19, 0x01, 0x80, 0x03, 0x4E, 0xB8, 0x19, 0x02, 0x70, 0xB1, 0x20, 0x40, 0x00, 0x39, 0x18
	.byte 0xED, 0xE0, 0x00, 0x00, 0x91, 0x01, 0x00, 0x00, 0x0C, 0x20, 0xB8, 0x63, 0xAB, 0x21, 0x49, 0x00
	.byte 0x78, 0x18, 0x00, 0x22, 0x00, 0x21, 0x01, 0x80, 0xAA, 0x23, 0x5B, 0x00, 0xF8, 0x18, 0x01, 0x80
	.byte 0x03, 0x4C, 0x38, 0x19, 0x02, 0x70, 0xB1, 0x25, 0x6D, 0x00, 0x79, 0x19, 0xE8, 0xE0, 0x00, 0x00
	.byte 0x91, 0x01, 0x00, 0x00, 0x0C, 0x20, 0xB8, 0x63, 0xAB, 0x26, 0x76, 0x00, 0xB8, 0x19, 0x00, 0x22
	.byte 0x00, 0x21, 0x01, 0x80, 0xAA, 0x23, 0x5B, 0x00, 0xF8, 0x18, 0x01, 0x80, 0x03, 0x4C, 0x38, 0x19
	.byte 0x02, 0x70, 0xB1, 0x25, 0x6D, 0x00, 0x79, 0x19, 0xE3, 0xE0, 0x00, 0x00, 0x91, 0x01, 0x00, 0x00
	.byte 0x56, 0x20, 0xB8, 0x63, 0xAB, 0x26, 0x76, 0x00, 0xB8, 0x19, 0x00, 0x22, 0x00, 0x21, 0x01, 0x80
	.byte 0xAA, 0x23, 0x5B, 0x00, 0xF8, 0x18, 0x01, 0x80, 0xB1, 0x24, 0x64, 0x00, 0x38, 0x19, 0x02, 0x70
	.byte 0x4B, 0xE1, 0x56, 0x20, 0xB8, 0x63, 0xAB, 0x25, 0x6D, 0x00, 0x78, 0x19, 0x00, 0x21, 0x01, 0x80
	.byte 0xAA, 0x26, 0x76, 0x00, 0xB8, 0x19, 0x01, 0x80, 0xB1, 0x20, 0x40, 0x00, 0x39, 0x18, 0x01, 0x20
	.byte 0x08, 0x70, 0x3A, 0xE1, 0x56, 0x20, 0xB8, 0x63, 0xAB, 0x21, 0x49, 0x00, 0x78, 0x18, 0x00, 0x21
	.byte 0x01, 0x80, 0xAA, 0x22, 0x52, 0x00, 0xB8, 0x18, 0x01, 0x80, 0xB1, 0x23, 0x5B, 0x00, 0xF9, 0x18
	.byte 0x02, 0x20, 0x08, 0x70, 0x29, 0xE1, 0x05, 0x20, 0xB8, 0x63, 0xAB, 0x24, 0x64, 0x00, 0x38, 0x19
	.byte 0x00, 0x22, 0x00, 0x21, 0x01, 0x80, 0xAA, 0x25, 0x6D, 0x00, 0x78, 0x19, 0x01, 0x80, 0x01, 0x4E
	.byte 0x6C, 0xE0, 0x00, 0x00, 0x61, 0x01, 0x00, 0x00, 0x1F, 0x20, 0xB8, 0x63, 0xAB, 0x21, 0x49, 0x00
	.byte 0x78, 0x18, 0x00, 0x21, 0x04, 0x80, 0xAA, 0x22, 0x52, 0x00, 0xB8, 0x18, 0x04, 0x80, 0xB1, 0x23
	.byte 0x5B, 0x00, 0xF8, 0x18, 0x01, 0x70, 0x08, 0xE1, 0x27, 0x20, 0xB8, 0x63, 0xAB, 0x26, 0x76, 0x00
	.byte 0xB8, 0x19, 0x04, 0x80, 0xAA, 0x21, 0x49, 0x00, 0x78, 0x18, 0x04, 0x80, 0x03, 0x20, 0x28, 0x70
	.byte 0xFB, 0xE0, 0x32, 0x20, 0xB8, 0x63, 0xAB, 0x22, 0x52, 0x00, 0xB8, 0x18, 0x00, 0x21, 0x01, 0x80
	.byte 0xAA, 0x23, 0x5B, 0x00, 0xF8, 0x18, 0x01, 0x80, 0x33, 0x20, 0xF8, 0x63, 0x02, 0x4C, 0x39, 0x19
	.byte 0x08, 0x20, 0x08, 0x70, 0xE9, 0xE0, 0x00, 0x00, 0x61, 0x01, 0x00, 0x00, 0x2D, 0x20, 0xB8, 0x63
	.byte 0xAB, 0x25, 0x6D, 0x00, 0x78, 0x19, 0x00, 0x21, 0x01, 0x80, 0xAA, 0x26, 0x76, 0x00, 0xB8, 0x19
	.byte 0x01, 0x80, 0x01, 0x48, 0x89, 0xE0, 0x00, 0x00, 0x91, 0x01, 0x00, 0x00, 0x37, 0x20, 0xB8, 0x63
	.byte 0xAB, 0x21, 0x49, 0x00, 0x78, 0x18, 0xB9, 0xE0, 0x3B, 0x20, 0xBF, 0xE0, 0x3F, 0x20, 0x04, 0xE0
	.byte 0x44, 0x20, 0x82, 0xE0, 0x45, 0x20, 0xB9, 0xE0, 0x46, 0x20, 0xB8, 0x63, 0xAB, 0x25, 0x6D, 0x00
	.byte 0x78, 0x19, 0x00, 0x21, 0x01, 0x80, 0xAA, 0x26, 0x76, 0x00, 0xB8, 0x19, 0x01, 0x80, 0xBC, 0xE0
	.byte 0x2C, 0x20, 0x72, 0xE0, 0x1F, 0x20, 0xB8, 0x63, 0xAB, 0x23, 0x5B, 0x00, 0xF8, 0x18, 0x04, 0x80
	.byte 0xAA, 0x25, 0x6D, 0x00, 0x78, 0x19, 0x04, 0x80, 0xB1, 0x26, 0x76, 0x00, 0xB8, 0x19, 0x02, 0x70
	.byte 0xAB, 0xE0, 0x1F, 0x20, 0xB8, 0x63, 0xAB, 0x21, 0x49, 0x00, 0x78, 0x18, 0x00, 0x21, 0x01, 0x80
	.byte 0xAA, 0x22, 0x52, 0x00, 0xB8, 0x18, 0x01, 0x80, 0xB1, 0x23, 0x5B, 0x00, 0xF9, 0x18, 0x04, 0x20
	.byte 0x08, 0x70, 0x9A, 0xE0, 0x1F, 0x20, 0xB8, 0x63, 0xAB, 0x24, 0x64, 0x00, 0x38, 0x19, 0x00, 0x21
	.byte 0x01, 0x80, 0xAA, 0x25, 0x6D, 0x00, 0x78, 0x19, 0x01, 0x80, 0xB1, 0x26, 0x76, 0x00, 0xB9, 0x19
	.byte 0x05, 0x20, 0x08, 0x70, 0x89, 0xE0, 0x1F, 0x20, 0xB8, 0x63, 0xAB, 0x21, 0x49, 0x00, 0x78, 0x18
	.byte 0x00, 0x21, 0x01, 0x80, 0xAA, 0x22, 0x52, 0x00, 0xB8, 0x18, 0x01, 0x80, 0xB1, 0x23, 0x5B, 0x00
	.byte 0xF9, 0x18, 0x06, 0x20, 0x08, 0x70, 0x78, 0xE0, 0x11, 0x20, 0xB8, 0x63, 0xAB, 0x24, 0x64, 0x00
	.byte 0x38, 0x19, 0x00, 0x21, 0x01, 0x80, 0xAA, 0x25, 0x6D, 0x00, 0x78, 0x19, 0x01, 0x80, 0xC6, 0x26
	.byte 0x76, 0x00, 0xB9, 0x19, 0x00, 0x48, 0x15, 0xE0, 0xE8, 0xB4, 0xED, 0x09, 0x47, 0x20, 0xB8, 0x63
	.byte 0xAB, 0x21, 0x49, 0x00, 0x78, 0x18, 0x49, 0xE0, 0x11, 0x20, 0xB8, 0x63, 0xAB, 0x23, 0x5B, 0x00
	.byte 0xF8, 0x18, 0x04, 0x80, 0xAA, 0x25, 0x6D, 0x00, 0x78, 0x19, 0x04, 0x80, 0xC6, 0x26, 0x76, 0x00
	.byte 0xB9, 0x19, 0x04, 0x48, 0x08, 0x60, 0xB1, 0x20, 0x40, 0x00, 0x39, 0x18, 0x03, 0x20, 0x08, 0x70
	.byte 0x4B, 0xE0, 0x00, 0x00, 0x28, 0xB4, 0xED, 0x09, 0x40, 0x20, 0xB8, 0x63, 0xAB, 0x21, 0x49, 0x00
	.byte 0x78, 0x18, 0x04, 0x80, 0xAA, 0x22, 0x52, 0x00, 0xB8, 0x18, 0x04, 0x80, 0x3D, 0xE0, 0x48, 0x20
	.byte 0x02, 0xE0, 0x49, 0x20, 0x1E, 0xE0, 0x4A, 0x20, 0xB8, 0x63, 0xAB, 0x23, 0x5B, 0x00, 0xF8, 0x18
	.byte 0x04, 0x80, 0xAA, 0x25, 0x6D, 0x00, 0x78, 0x19, 0x04, 0x80, 0x2E, 0xE0, 0x4D, 0x20, 0x11, 0xE0
	.byte 0x1F, 0x20, 0xB8, 0x63, 0xAB, 0x23, 0x5B, 0x00, 0xF8, 0x18, 0x00, 0x21, 0x01, 0x80, 0xAA, 0x24
	.byte 0x64, 0x00, 0x38, 0x19, 0x01, 0x80, 0xB1, 0x25, 0x6D, 0x00, 0x79, 0x19, 0x07, 0x20, 0x08, 0x70
	.byte 0x1B, 0xE0, 0x4F, 0x20, 0xB8, 0x63, 0xAB, 0x26, 0x76, 0x00, 0xB8, 0x19, 0x00, 0x21, 0x01, 0x80
	.byte 0xAA, 0x22, 0x52, 0x00, 0xB8, 0x18, 0x01, 0x80, 0x0F, 0xE0, 0x50, 0x20, 0xB8, 0x63, 0xAB, 0x23
	.byte 0x5B, 0x00, 0xF8, 0x18, 0x00, 0x21, 0x01, 0x80, 0xAA, 0x24, 0x64, 0x00, 0x38, 0x19, 0x01, 0x80
	.byte 0x03, 0xE0, 0x38, 0x1C, 0x01, 0x21, 0xFD, 0xF7, 0x2F, 0xFE, 0x23, 0x9D, 0x28, 0x68, 0x83, 0x6F
	.byte 0x00, 0x2B, 0x1F, 0xD0, 0x46, 0x46, 0x74, 0x6B, 0xB5, 0x6B, 0x04, 0x20, 0x21, 0x1C, 0x01, 0x40
	.byte 0x00, 0x22, 0x10, 0x1C, 0x08, 0x43, 0x00, 0x28, 0x07, 0xD0, 0x71, 0x68, 0x58, 0x68, 0x81, 0x42
	.byte 0x10, 0xDA, 0x05, 0x3A, 0x20, 0x1C, 0x10, 0x40, 0x08, 0xE0, 0x46, 0x46, 0x71, 0x68, 0x58, 0x68
	.byte 0x81, 0x42, 0x07, 0xDD, 0x04, 0x22, 0x00, 0x23, 0x20, 0x1C, 0x10, 0x43, 0x29, 0x1C, 0x42, 0x46
	.byte 0x50, 0x63, 0x91, 0x63, 0x38, 0x1C, 0x0C, 0x30, 0xE5, 0xF7, 0x46, 0xF9, 0xAE, 0x23, 0x5B, 0x00
	.byte 0xF8, 0x18, 0x00, 0x21, 0x01, 0x60, 0x84, 0x22, 0x52, 0x00, 0x42, 0x44, 0x86, 0x20, 0x40, 0x00
	.byte 0x40, 0x44, 0x01, 0x60, 0x11, 0x60, 0x32, 0xE1, 0xB8, 0x6B, 0x43, 0x28, 0x02, 0xD0, 0x4F, 0x28
	.byte 0x06, 0xD0, 0x08, 0xE0, 0x01, 0x48, 0xFF, 0xF0, 0x1B, 0xFB, 0x04, 0xE0, 0x4E, 0x02, 0x00, 0x00
	.byte 0x29, 0x48, 0xFF, 0xF0, 0x15, 0xFB, 0x29, 0x4C, 0xA1, 0x46, 0x26, 0x68, 0xB4, 0x6E, 0xF5, 0x6E
	.byte 0x40, 0x20, 0x00, 0x21, 0x8A, 0x46, 0x21, 0x1C, 0x01, 0x40, 0x00, 0x22, 0x10, 0x1C, 0x08, 0x43
	.byte 0x00, 0x28, 0x06, 0xD1, 0x22, 0x4A, 0x23, 0x4B, 0x20, 0x1C, 0x10, 0x43, 0x29, 0x1C, 0xB0, 0x66
	.byte 0xF1, 0x66, 0x80, 0x25, 0x6D, 0x00, 0x4A, 0x46, 0x10, 0x68, 0x02, 0x69, 0x43, 0x69, 0x0C, 0x20
	.byte 0x29, 0x1C, 0xF8, 0xF7, 0x7F, 0xFB, 0x1F, 0x98, 0x00, 0x21, 0xF1, 0xF7, 0x5D, 0xFE, 0x38, 0x1C
	.byte 0xFD, 0xF7, 0x7E, 0xF9, 0x43, 0x46, 0x58, 0x6B, 0x99, 0x6B, 0x17, 0x4A, 0x17, 0x4B, 0x10, 0x40
	.byte 0x19, 0x40, 0x44, 0x46, 0x60, 0x63, 0xA1, 0x63, 0x23, 0x9E, 0x34, 0x68, 0xA0, 0x6E, 0xE1, 0x6E
	.byte 0x13, 0x4A, 0x14, 0x4B, 0x10, 0x43, 0xA0, 0x66, 0xE1, 0x66, 0xAE, 0x21, 0x49, 0x00, 0x78, 0x18
	.byte 0x52, 0x46, 0x02, 0x60, 0xCE, 0x23, 0x5B, 0x00, 0xF8, 0x18, 0x05, 0x60, 0xD0, 0x24, 0x64, 0x00
	.byte 0x38, 0x19, 0x05, 0x60, 0x26, 0x20, 0xB8, 0x63, 0x56, 0x35, 0x78, 0x19, 0x02, 0x80, 0xAA, 0x26
	.byte 0x76, 0x00, 0xB8, 0x19, 0x51, 0x46, 0xD1, 0xE0, 0x9A, 0x02, 0x00, 0x00, 0x84, 0x9B, 0x03, 0x02
	.byte 0x00, 0x00, 0x40, 0x00, 0x00, 0x00, 0x00, 0x00, 0xFF, 0xFF, 0x7F, 0xFF, 0xFB, 0xDF, 0xFF, 0xFF
	.byte 0x00, 0x00, 0x00, 0x40, 0x00, 0x00, 0x00, 0x00, 0xB8, 0x6B, 0x43, 0x28, 0x28, 0xD0, 0x43, 0x28
	.byte 0x02, 0xD9, 0x4F, 0x28, 0x2A, 0xD0, 0x2C, 0xE0, 0x1A, 0x28, 0x2A, 0xD8, 0x17, 0x28, 0x28, 0xD3
	.byte 0x42, 0x46, 0x50, 0x69, 0x50, 0x60, 0x90, 0x69, 0x90, 0x60, 0xD0, 0x69, 0xD0, 0x60, 0x23, 0x9C
	.byte 0x23, 0x68, 0x98, 0x6E, 0xD9, 0x6E, 0x08, 0x4A, 0x11, 0x40, 0x98, 0x66, 0xD9, 0x66, 0x45, 0x46
	.byte 0x68, 0x6B, 0xA9, 0x6B, 0x05, 0x4A, 0x11, 0x40, 0x46, 0x46, 0x70, 0x63, 0xB1, 0x63, 0x40, 0x46
	.byte 0x09, 0x21, 0xF8, 0xF7, 0xB7, 0xFB, 0x0C, 0xE0, 0xFF, 0xFF, 0xFD, 0xFF, 0xFF, 0xDF, 0xFF, 0xFF
	.byte 0x01, 0x48, 0xFF, 0xF0, 0x85, 0xFA, 0x04, 0xE0, 0x4E, 0x02, 0x00, 0x00, 0x16, 0x48, 0xFF, 0xF0
	.byte 0x7F, 0xFA, 0xCE, 0x20, 0x40, 0x00, 0x3A, 0x18, 0xD0, 0x23, 0x5B, 0x00, 0xF9, 0x18, 0x9C, 0x38
	.byte 0x08, 0x60, 0x10, 0x60, 0x1F, 0x98, 0x00, 0x21, 0xF1, 0xF7, 0xDE, 0xFD, 0x38, 0x1C, 0xFD, 0xF7
	.byte 0xFF, 0xF8, 0x44, 0x46, 0x60, 0x6B, 0xA1, 0x6B, 0x0C, 0x4A, 0x0D, 0x4B, 0x10, 0x40, 0x19, 0x40
	.byte 0x45, 0x46, 0x68, 0x63, 0xA9, 0x63, 0x23, 0x9E, 0x34, 0x68, 0xA0, 0x6E, 0xE1, 0x6E, 0x09, 0x4A
	.byte 0x09, 0x4B, 0x10, 0x43, 0xA0, 0x66, 0xE1, 0x66, 0xAE, 0x21, 0x49, 0x00, 0x78, 0x18, 0x00, 0x21
	.byte 0x01, 0x60, 0x1D, 0x20, 0x5A, 0xE0, 0x00, 0x00, 0x9A, 0x02, 0x00, 0x00, 0xFF, 0xFF, 0x7F, 0xFF
	.byte 0xFB, 0xDF, 0xFF, 0xFF, 0x00, 0x00, 0x00, 0x40, 0x00, 0x00, 0x00, 0x00, 0x02, 0x20, 0x14, 0x21
	.byte 0xE5, 0xF7, 0x38, 0xFB, 0x0F, 0x48, 0x00, 0x68, 0x72, 0x30, 0x00, 0x22, 0x0F, 0x21, 0x01, 0x80
	.byte 0x24, 0x9C, 0x20, 0x68, 0x01, 0x28, 0x06, 0xD0, 0x01, 0x20, 0x20, 0x60, 0x41, 0x46, 0xEC, 0x31
	.byte 0xB4, 0x20, 0x40, 0x00, 0x08, 0x80, 0xAE, 0x25, 0x6D, 0x00, 0x78, 0x19, 0x02, 0x60, 0x22, 0x20
	.byte 0xB8, 0x63, 0xAB, 0x26, 0x76, 0x00, 0xB8, 0x19, 0x02, 0x80, 0xAA, 0x21, 0x49, 0x00, 0x78, 0x18
	.byte 0x02, 0x80, 0x34, 0xE0, 0x84, 0x9B, 0x03, 0x02, 0x38, 0x1C, 0xFD, 0xF7, 0xBF, 0xFD, 0xAE, 0x22
	.byte 0x52, 0x00, 0xB8, 0x18, 0x00, 0x21, 0x01, 0x60, 0x22, 0x20, 0xB8, 0x63, 0xAB, 0x23, 0x5B, 0x00
	.byte 0xF8, 0x18, 0x01, 0x80, 0xAA, 0x24, 0x64, 0x00, 0x38, 0x19, 0x1F, 0xE0, 0xB8, 0x6B, 0x2B, 0x28
	.byte 0x1D, 0xD0, 0xAD, 0x25, 0x6D, 0x00, 0x7B, 0x19, 0x1A, 0x88, 0x80, 0x20, 0x00, 0x21, 0x10, 0x43
	.byte 0x18, 0x80, 0xAE, 0x26, 0x76, 0x00, 0xB8, 0x19, 0x01, 0x60, 0x84, 0x22, 0x52, 0x00, 0x42, 0x44
	.byte 0x86, 0x20, 0x40, 0x00, 0x40, 0x44, 0x01, 0x60, 0x11, 0x60, 0x2B, 0x20, 0xB8, 0x63, 0xAB, 0x22
	.byte 0x52, 0x00, 0xB8, 0x18, 0x01, 0x80, 0xAA, 0x23, 0x5B, 0x00, 0xF8, 0x18, 0x01, 0x80
_08020B5A:
	.byte 0x23, 0x9C, 0x20, 0x68, 0xC1, 0x6E, 0x80, 0x6E, 0x80, 0x22, 0x92, 0x01, 0x00, 0x23, 0x10, 0x40
	.byte 0x00, 0x21, 0x0D, 0x1C, 0x05, 0x43, 0x00, 0x2D, 0x0A, 0xD0, 0x23, 0x20, 0xB8, 0x63, 0xAB, 0x25
	.byte 0x6D, 0x00, 0x78, 0x19, 0x03, 0x80, 0xAA, 0x26, 0x76, 0x00, 0xB8, 0x19, 0x03, 0x80, 0x1C, 0xE0
	.byte 0x40, 0x46, 0x43, 0x6B, 0x84, 0x6B, 0x80, 0x20, 0x40, 0x01, 0x00, 0x21, 0x22, 0x1C, 0x02, 0x40
	.byte 0x10, 0x1C, 0x08, 0x43, 0x00, 0x28, 0x10, 0xD0, 0x0D, 0x4A, 0x18, 0x1C, 0x21, 0x1C, 0x11, 0x40
	.byte 0x42, 0x46, 0x50, 0x63, 0x91, 0x63, 0x53, 0x20, 0xB8, 0x63, 0xAB, 0x23, 0x5B, 0x00, 0xF8, 0x18
	.byte 0x05, 0x80, 0xAA, 0x24, 0x64, 0x00, 0x38, 0x19, 0x05, 0x80, 0xB8, 0x6B, 0x59, 0x28, 0x01, 0xD9
	.byte 0x05, 0xF0, 0xBD, 0xFF, 0x80, 0x00, 0x02, 0x49, 0x40, 0x18, 0x00, 0x68, 0x87, 0x46, 0xFF, 0xEF
	.byte 0xFF, 0xFF, 0xE0, 0x0B, 0x02, 0x08, 0x48, 0x0D, 0x02, 0x08, 0x06, 0x0E, 0x02, 0x08, 0xC8, 0x0F
	.byte 0x02, 0x08, 0xAE, 0x10, 0x02, 0x08, 0x0C, 0x13, 0x02, 0x08, 0x3C, 0x38, 0x02, 0x08, 0x9A, 0x34
	.byte 0x02, 0x08, 0x0A, 0x37, 0x02, 0x08, 0x42, 0x2E, 0x02, 0x08, 0xC2, 0x2F, 0x02, 0x08, 0x10, 0x18
	.byte 0x02, 0x08, 0xE8, 0x19, 0x02, 0x08, 0x1A, 0x1B, 0x02, 0x08, 0x60, 0x41, 0x02, 0x08, 0xD8, 0x45
	.byte 0x02, 0x08, 0x8C, 0x14, 0x02, 0x08, 0x8A, 0x1C, 0x02, 0x08, 0x92, 0x3B, 0x02, 0x08, 0xE8, 0x0D
	.byte 0x02, 0x08, 0xAA, 0x0F, 0x02, 0x08, 0x90, 0x10, 0x02, 0x08, 0xEE, 0x12, 0x02, 0x08, 0x88, 0x15
	.byte 0x02, 0x08, 0xB0, 0x3C, 0x02, 0x08, 0x74, 0x3D, 0x02, 0x08, 0x4C, 0x3E, 0x02, 0x08, 0x6C, 0x3F
	.byte 0x02, 0x08, 0x26, 0x40, 0x02, 0x08, 0xEC, 0x14, 0x02, 0x08, 0x1A, 0x15, 0x02, 0x08, 0xA6, 0x15
	.byte 0x02, 0x08, 0xC8, 0x66, 0x02, 0x08, 0x58, 0x68, 0x02, 0x08, 0xC2, 0x17, 0x02, 0x08, 0xD8, 0x68
	.byte 0x02, 0x08, 0x1E, 0x6B, 0x02, 0x08, 0x7C, 0x69, 0x02, 0x08, 0x62, 0x6A, 0x02, 0x08, 0x8C, 0x40
	.byte 0x02, 0x08, 0x2C, 0x63, 0x02, 0x08, 0xDC, 0x63, 0x02, 0x08, 0x90, 0x65, 0x02, 0x08, 0x40, 0x66
	.byte 0x02, 0x08, 0x8A, 0x68, 0x02, 0x08, 0x24, 0x2B, 0x02, 0x08, 0x6A, 0x57, 0x02, 0x08, 0xCE, 0x57
	.byte 0x02, 0x08, 0x5C, 0x58, 0x02, 0x08, 0xCC, 0x58, 0x02, 0x08, 0xC8, 0x5A, 0x02, 0x08, 0xF4, 0x46
	.byte 0x02, 0x08, 0x78, 0x55, 0x02, 0x08, 0x7C, 0x52, 0x02, 0x08, 0xC8, 0x52, 0x02, 0x08, 0x48, 0x6B
	.byte 0x02, 0x08, 0x8E, 0x5F, 0x02, 0x08, 0xDE, 0x4B, 0x02, 0x08, 0xC0, 0x4D, 0x02, 0x08, 0xDC, 0x4E
	.byte 0x02, 0x08, 0xA2, 0x4F, 0x02, 0x08, 0xD6, 0x50, 0x02, 0x08, 0x44, 0x52, 0x02, 0x08, 0x08, 0x36
	.byte 0x02, 0x08, 0x56, 0x5E, 0x02, 0x08, 0x7C, 0x5B, 0x02, 0x08, 0xE0, 0x5B, 0x02, 0x08, 0x76, 0x5C
	.byte 0x02, 0x08, 0xF4, 0x5C, 0x02, 0x08, 0xC6, 0x23, 0x02, 0x08, 0x1A, 0x33, 0x02, 0x08, 0x9A, 0x31
	.byte 0x02, 0x08, 0xB6, 0x60, 0x02, 0x08, 0x76, 0x2D, 0x02, 0x08, 0xCA, 0x49, 0x02, 0x08, 0x00, 0x2C
	.byte 0x02, 0x08, 0xA2, 0x2C, 0x02, 0x08, 0x2A, 0x25, 0x02, 0x08, 0x64, 0x26, 0x02, 0x08, 0xE6, 0x27
	.byte 0x02, 0x08, 0xA6, 0x28, 0x02, 0x08, 0xD6, 0x29, 0x02, 0x08, 0x86, 0x2A, 0x02, 0x08, 0x84, 0x42
	.byte 0x02, 0x08, 0xAC, 0x61, 0x02, 0x08, 0x9A, 0x42, 0x02, 0x08, 0x4C, 0x44, 0x02, 0x08, 0x14, 0x27
	.byte 0x02, 0x08, 0xA0, 0x44, 0x02, 0x08, 0x38, 0x45, 0x02, 0x08, 0x68, 0x45, 0x02, 0x08, 0xAA, 0x26
	.byte 0x76, 0x00, 0xBD, 0x19, 0x00, 0x21, 0x68, 0x5E, 0x00, 0x28, 0x21, 0xD1, 0xAB, 0x22, 0x52, 0x00
	.byte 0xBC, 0x18, 0x00, 0x23, 0xE0, 0x5E, 0x00, 0x28, 0x04, 0xD1, 0x38, 0x1C, 0x00, 0x21, 0x00, 0x22
	.byte 0xFD, 0xF7, 0x3B, 0xF8, 0x00, 0x26, 0xA0, 0x5F, 0x0C, 0x21, 0xC9, 0x19, 0x89, 0x46, 0x1D, 0x28
	.byte 0x02, 0xDC, 0x48, 0x46, 0xE4, 0xF7, 0xF1, 0xFE, 0x48, 0x46, 0xE4, 0xF7, 0xCA, 0xFE, 0x00, 0x06
	.byte 0x00, 0x28, 0x01, 0xD1, 0x05, 0xF0, 0xFB, 0xFB, 0x01, 0x20, 0x28, 0x80, 0x05, 0xF0, 0xD7, 0xFE
	.byte 0x38, 0x1C, 0x01, 0x21, 0x01, 0x22, 0xFD, 0xF7, 0x20, 0xF8, 0x0D, 0x48, 0x00, 0x68, 0xA0, 0x30
	.byte 0x00, 0x68, 0x00, 0x28, 0x01, 0xD1, 0x05, 0xF0, 0xCA, 0xFE, 0x44, 0x46, 0x62, 0x6B, 0xA3, 0x6B
	.byte 0x09, 0x48, 0x02, 0x40, 0x09, 0x4C, 0x10, 0x1C, 0x20, 0x40, 0x19, 0x1C, 0x46, 0x46, 0x70, 0x63
	.byte 0xB1, 0x63, 0x01, 0x20, 0xB8, 0x63, 0xAB, 0x20, 0x40, 0x00, 0x39, 0x18, 0x03, 0xF0, 0x54, 0xFB
	.byte 0x00, 0x00, 0x84, 0x9B, 0x03, 0x02, 0xFF, 0xFE, 0xFF, 0xFF, 0xFF, 0xFD, 0xFF, 0xFF, 0x23, 0x99
	.byte 0x08, 0x68, 0xC1, 0x6E, 0x80, 0x6E, 0x80, 0x22, 0x92, 0x03, 0x10, 0x40, 0x00, 0x21, 0x08, 0x43
	.byte 0x00, 0x28, 0x03, 0xD1, 0x38, 0x1C, 0x01, 0x21, 0xFD, 0xF7, 0x81, 0xFB, 0x38, 0x1C, 0xFC, 0xF7
	.byte 0x7E, 0xFF, 0x38, 0x1C, 0xFC, 0xF7, 0x25, 0xFF, 0x42, 0x46, 0xD1, 0x68, 0x10, 0x69, 0x81, 0x42
	.byte 0x10, 0xDA, 0xB8, 0x6B, 0x12, 0x28, 0x0A, 0xD1, 0x14, 0x20, 0xB8, 0x63, 0xAB, 0x23, 0x5B, 0x00
	.byte 0xF8, 0x18, 0x00, 0x21, 0x01, 0x80, 0xAA, 0x24, 0x64, 0x00, 0x04, 0xF0, 0x14, 0xFF, 0x03, 0x20
	.byte 0x05, 0xF0, 0xBE, 0xFA, 0xBD, 0x6B, 0x12, 0x2D, 0x33, 0xD0, 0x23, 0x98, 0x04, 0x68, 0xA0, 0x6E
	.byte 0xE1, 0x6E, 0x16, 0x4B, 0x15, 0x4A, 0x19, 0x43, 0xA0, 0x66, 0xE1, 0x66, 0x23, 0x99, 0x0B, 0x68
	.byte 0x98, 0x6E, 0xD9, 0x6E, 0x80, 0x22, 0x52, 0x04, 0x10, 0x40, 0x00, 0x21, 0x08, 0x43, 0x00, 0x28
	.byte 0x1F, 0xD0, 0x18, 0x1C, 0xF4, 0x30, 0x00, 0x68, 0x1E, 0x28, 0x1A, 0xD0, 0x38, 0x1C, 0x33, 0x21
	.byte 0x00, 0x22, 0xFC, 0xF7, 0xB2, 0xFF, 0x3C, 0x1C, 0x0C, 0x34, 0x20, 0x1C, 0xE4, 0xF7, 0x49, 0xFE
	.byte 0x00, 0x06, 0x00, 0x28, 0x03, 0xD0, 0x20, 0x1C, 0x03, 0x21, 0xE4, 0xF7, 0x56, 0xFE, 0xAE, 0x22
	.byte 0x52, 0x00, 0xB9, 0x18, 0x00, 0x20, 0x05, 0xF0, 0x51, 0xFE, 0x00, 0x00, 0x00, 0x00, 0x00, 0x00
	.byte 0x10, 0x00, 0x20, 0x20, 0x18, 0x9B, 0x18, 0x40, 0x00, 0x04, 0x03, 0x0C, 0x00, 0x2B, 0x1F, 0xD0
	.byte 0xB8, 0x24, 0x64, 0x00, 0x38, 0x19, 0x00, 0x78, 0x00, 0x28, 0x4A, 0xD0, 0x46, 0x46, 0x70, 0x6B
	.byte 0xB1, 0x6B, 0x04, 0x22, 0x00, 0x23, 0x10, 0x43, 0x42, 0x46, 0x50, 0x63, 0x91, 0x63, 0x50, 0x68
	.byte 0x50, 0x61, 0x12, 0x2D, 0x09, 0xD1, 0x16, 0x20, 0xB8, 0x63, 0xAB, 0x23, 0x5B, 0x00, 0xF8, 0x18
	.byte 0x00, 0x21, 0x01, 0x80, 0x1C, 0x3C, 0x04, 0xF0, 0xB6, 0xFE, 0x1E, 0x20, 0x05, 0xF0, 0x60, 0xFA
	.byte 0x10, 0x20, 0x18, 0x99, 0x08, 0x40, 0x00, 0x28, 0x2B, 0xD0, 0x0E, 0x4A, 0xB8, 0x18, 0x00, 0x78
	.byte 0x00, 0x28, 0x26, 0xD0, 0x44, 0x46, 0x60, 0x6B, 0xA1, 0x6B, 0x05, 0x22, 0x52, 0x42, 0x10, 0x40
	.byte 0x46, 0x46, 0x70, 0x63, 0xB1, 0x63, 0x70, 0x68, 0x70, 0x61, 0x12, 0x2D, 0x0D, 0xD1, 0x16, 0x20
	.byte 0xB8, 0x63, 0xAB, 0x21, 0x49, 0x00, 0x78, 0x18, 0x03, 0x80, 0xAA, 0x22, 0x52, 0x00, 0xB8, 0x18
	.byte 0x03, 0x80, 0x05, 0xF0, 0x04, 0xFE, 0x71, 0x01, 0x00, 0x00, 0x1E, 0x20, 0xB8, 0x63, 0xAB, 0x24
	.byte 0x64, 0x00, 0x38, 0x19, 0x03, 0x80, 0xAA, 0x25, 0x6D, 0x00, 0x78, 0x19, 0x03, 0x80, 0x05, 0xF0
	.byte 0xF6, 0xFD, 0x38, 0x1C, 0x17, 0x99, 0xFC, 0xF7, 0xD6, 0xFF, 0x02, 0x24, 0x18, 0x98, 0x20, 0x40
	.byte 0x00, 0x28, 0x01, 0xD1, 0x05, 0xF0, 0xEB, 0xFD, 0xC2, 0x26, 0x76, 0x00, 0xB8, 0x19, 0x00, 0x68
	.byte 0x80, 0x88, 0xFE, 0xF0, 0x78, 0xFF, 0xB8, 0x6B, 0x12, 0x28, 0x07, 0xD1, 0x13, 0x20, 0xB8, 0x63
	.byte 0xAB, 0x21, 0x49, 0x00, 0x78, 0x18, 0x00, 0x21, 0x03, 0xF0, 0x44, 0xFA, 0xBC, 0x63, 0xAB, 0x23
	.byte 0x5B, 0x00, 0xF8, 0x18, 0x00, 0x21, 0x01, 0x80, 0xAA, 0x24, 0x64, 0x00, 0x04, 0xF0, 0x5B, 0xFE
	.byte 0x23, 0x9D, 0x28, 0x68, 0xC1, 0x6E, 0x80, 0x6E, 0x80, 0x22, 0x92, 0x03, 0x10, 0x40, 0x00, 0x21
	.byte 0x08, 0x43, 0x00, 0x28, 0x03, 0xD1, 0x38, 0x1C, 0x02, 0x21, 0xFD, 0xF7, 0xA0, 0xFA, 0x38, 0x1C
	.byte 0xFC, 0xF7, 0x9D, 0xFE, 0xAA, 0x26, 0x76, 0x00, 0xB8, 0x19, 0x00, 0x21, 0x40, 0x5E, 0x00, 0x28
	.byte 0x22, 0xD1, 0x38, 0x1C, 0x01, 0x21, 0x01, 0x22, 0xFC, 0xF7, 0x1B, 0xFF, 0xF0, 0x20, 0x17, 0x9A
	.byte 0x10, 0x40, 0x00, 0x28, 0x12, 0xD1, 0x43, 0x46, 0x58, 0x6B, 0x99, 0x6B, 0x04, 0x22, 0x10, 0x40
	.byte 0x00, 0x21, 0x08, 0x43, 0x00, 0x28, 0x04, 0xD0, 0xB0, 0x24, 0x64, 0x00, 0x39, 0x19, 0xC0, 0x20
	.byte 0x03, 0xE0, 0xB0, 0x25, 0x6D, 0x00, 0x79, 0x19, 0x40, 0x20, 0x08, 0x70, 0xAE, 0x26, 0x76, 0x00
	.byte 0xB9, 0x19, 0x08, 0x68, 0x40, 0x10, 0x08, 0x60, 0xAA, 0x20, 0x40, 0x00, 0x3A, 0x18, 0x11, 0x88
	.byte 0x00, 0x23, 0xD0, 0x5E, 0x03, 0x28, 0x01, 0xDC, 0x03, 0xF0, 0xC6, 0xFC, 0xB8, 0x6B, 0x13, 0x28
	.byte 0x05, 0xD1, 0x14, 0x20, 0xB8, 0x63, 0xAB, 0x24, 0x64, 0x00, 0x39, 0x19, 0x04, 0xE0, 0x03, 0x20
	.byte 0xB8, 0x63, 0xAB, 0x25, 0x6D, 0x00, 0x79, 0x19, 0x00, 0x20, 0x08, 0x80, 0x10, 0x80, 0xA8, 0x26
	.byte 0x76, 0x00, 0xB9, 0x19, 0x09, 0x48, 0x08, 0x60, 0x23, 0x98, 0x04, 0x68, 0xA0, 0x6E, 0xE1, 0x6E
	.byte 0x07, 0x4A, 0x07, 0x4B, 0x10, 0x43, 0xA0, 0x66, 0xE1, 0x66, 0xAE, 0x22, 0x52, 0x00, 0xB9, 0x18
	.byte 0x08, 0x68, 0x40, 0x00, 0x05, 0xF0, 0x62, 0xFD, 0x00, 0x00, 0xC0, 0xFA, 0xFF, 0xFF, 0x00, 0x80
	.byte 0x00, 0x00, 0x00, 0x00, 0x00, 0x00, 0x23, 0x9B, 0x18, 0x68, 0xC1, 0x6E, 0x80, 0x6E, 0x80, 0x22
	.byte 0x92, 0x03, 0x10, 0x40, 0x00, 0x21, 0x08, 0x43, 0x00, 0x28, 0x03, 0xD1, 0x38, 0x1C, 0x03, 0x21
	.byte 0xFD, 0xF7, 0x2D, 0xFA, 0x38, 0x1C, 0xFC, 0xF7, 0x2A, 0xFE, 0x23, 0x9D, 0x2C, 0x68, 0xA0, 0x6E
	.byte 0xE1, 0x6E, 0x09, 0x4B, 0x08, 0x4A, 0x10, 0x43, 0xA0, 0x66, 0xE1, 0x66, 0xA8, 0x26, 0x76, 0x00
	.byte 0xB8, 0x19, 0x01, 0x68, 0x00, 0x29, 0x0C, 0xDA, 0x05, 0x48, 0x81, 0x42, 0x0C, 0xDC, 0x38, 0x1C
	.byte 0x02, 0x21, 0x0B, 0xE0, 0x00, 0x00, 0x00, 0x80, 0x00, 0x00, 0x00, 0x00, 0x00, 0x00, 0x00, 0xFE
	.byte 0xFF, 0xFF, 0x04, 0x48, 0x81, 0x42, 0x08, 0xDC, 0x38, 0x1C, 0x03, 0x21, 0x01, 0x22, 0xFC, 0xF7
	.byte 0x90, 0xFE, 0x07, 0xE0, 0x00, 0x00, 0xFF, 0x01, 0x00, 0x00, 0x38, 0x1C, 0x04, 0x21, 0x01, 0x22
	.byte 0xFC, 0xF7, 0x87, 0xFE, 0xA8, 0x20, 0x40, 0x00, 0x3A, 0x18, 0x11, 0x68, 0x00, 0x29, 0x07, 0xDA
	.byte 0x02, 0x20, 0x17, 0x9B, 0x18, 0x40, 0x00, 0x28, 0x02, 0xD1, 0x08, 0x1C, 0x40, 0x30, 0x10, 0x60
	.byte 0x50, 0x21, 0x17, 0x98, 0x08, 0x40, 0x50, 0x28, 0x13, 0xD1, 0xB0, 0x24, 0x64, 0x00, 0x3A, 0x19
	.byte 0x10, 0x78, 0x20, 0x28, 0x06, 0xD0, 0x00, 0x20, 0x20, 0x21, 0x11, 0x70, 0xAE, 0x25, 0x6D, 0x00
	.byte 0x79, 0x19, 0x08, 0x60, 0x46, 0x46, 0x70, 0x6B, 0xB1, 0x6B, 0x05, 0x22, 0x52, 0x42, 0x10, 0x40
	.byte 0xA4, 0xE0, 0x90, 0x21, 0x17, 0x98, 0x08, 0x40, 0x90, 0x28, 0x0D, 0xD1, 0xB0, 0x23, 0x5B, 0x00
	.byte 0xFA, 0x18, 0x10, 0x78, 0x60, 0x28, 0x65, 0xD0, 0x00, 0x20, 0x60, 0x21, 0x11, 0x70, 0xAE, 0x24
	.byte 0x64, 0x00, 0x39, 0x19, 0x08, 0x60, 0x5D, 0xE0, 0xA0, 0x20, 0x17, 0x9A, 0x02, 0x40, 0xA0, 0x2A
	.byte 0x15, 0xD1, 0xB0, 0x20, 0x40, 0x00, 0x3B, 0x18, 0x18, 0x78, 0xA0, 0x28, 0x05, 0xD0, 0x00, 0x21
	.byte 0x1A, 0x70, 0xAE, 0x22, 0x52, 0x00, 0xB8, 0x18, 0x01, 0x60, 0x43, 0x46, 0x58, 0x6B, 0x99, 0x6B
	.byte 0x04, 0x22, 0x00, 0x23, 0x10, 0x43, 0x44, 0x46, 0x60, 0x63, 0xA1, 0x63, 0x79, 0xE0, 0x60, 0x21
	.byte 0x17, 0x98, 0x08, 0x40, 0x60, 0x28, 0x16, 0xD1, 0xB0, 0x25, 0x6D, 0x00, 0x7A, 0x19, 0x10, 0x78
	.byte 0xE0, 0x28, 0x06, 0xD0, 0x00, 0x20, 0xE0, 0x21, 0x11, 0x70, 0xAE, 0x26, 0x76, 0x00, 0xB9, 0x19
	.byte 0x08, 0x60, 0x42, 0x46, 0x50, 0x6B, 0x91, 0x6B, 0x04, 0x22, 0x00, 0x23, 0x10, 0x43, 0x43, 0x46
	.byte 0x58, 0x63, 0x99, 0x63, 0x5D, 0xE0, 0x40, 0x20, 0x17, 0x9C, 0x20, 0x40, 0x00, 0x04, 0x02, 0x0C
	.byte 0x00, 0x2A, 0x0C, 0xD0, 0xB0, 0x25, 0x6D, 0x00, 0x7A, 0x19, 0x10, 0x78, 0x00, 0x28, 0x50, 0xD0
	.byte 0x00, 0x21, 0x11, 0x70, 0xAE, 0x26, 0x76, 0x00, 0xB8, 0x19, 0x01, 0x60, 0x49, 0xE0, 0x10, 0x20
	.byte 0x17, 0x99, 0x08, 0x40, 0x00, 0x04, 0x03, 0x0C, 0x00, 0x2B, 0x15, 0xD0, 0xB0, 0x23, 0x5B, 0x00
	.byte 0xF9, 0x18, 0x08, 0x78, 0x40, 0x28, 0x05, 0xD0, 0x40, 0x20, 0x08, 0x70, 0xAE, 0x24, 0x64, 0x00
	.byte 0x38, 0x19, 0x02, 0x60, 0x45, 0x46, 0x68, 0x6B, 0xA9, 0x6B, 0x05, 0x22, 0x52, 0x42, 0x10, 0x40
	.byte 0x46, 0x46, 0x70, 0x63, 0xB1, 0x63, 0x2C, 0xE0, 0x80, 0x24, 0x17, 0x98, 0x20, 0x40, 0x00, 0x04
	.byte 0x02, 0x0C, 0x00, 0x2A, 0x0B, 0xD0, 0xB0, 0x20, 0x40, 0x00, 0x39, 0x18, 0x08, 0x78, 0x80, 0x28
	.byte 0x1F, 0xD0, 0x0C, 0x70, 0xAE, 0x21, 0x49, 0x00, 0x78, 0x18, 0x03, 0x60, 0x19, 0xE0, 0x20, 0x20
	.byte 0x17, 0x9B, 0x18, 0x40, 0x00, 0x28, 0x14, 0xD0, 0xB0, 0x24, 0x64, 0x00, 0x39, 0x19, 0x08, 0x78
	.byte 0xC0, 0x28, 0x05, 0xD0, 0xC0, 0x20, 0x08, 0x70, 0xAE, 0x25, 0x6D, 0x00, 0x78, 0x19, 0x02, 0x60
	.byte 0x46, 0x46, 0x70, 0x6B, 0xB1, 0x6B, 0x04, 0x22, 0x00, 0x23, 0x10, 0x43, 0x42, 0x46, 0x50, 0x63
	.byte 0x91, 0x63, 0xF0, 0x22, 0x17, 0x9B, 0x1A, 0x40, 0x00, 0x2A, 0x0E, 0xD0, 0xAE, 0x24, 0x64, 0x00
	.byte 0x39, 0x19, 0x08, 0x68, 0x11, 0x30, 0x08, 0x60, 0x03, 0x4A, 0x90, 0x42, 0x01, 0xDC, 0x05, 0xF0
	.byte 0x22, 0xFC, 0x0C, 0xE0, 0x00, 0x00, 0x66, 0x02, 0x00, 0x00, 0xAE, 0x25, 0x6D, 0x00, 0x79, 0x19
	.byte 0x08, 0x68, 0x26, 0x38, 0x08, 0x60, 0x00, 0x28, 0x01, 0xDB, 0x05, 0xF0, 0x14, 0xFC, 0x0A, 0x60
	.byte 0x05, 0xF0, 0x11, 0xFC, 0x23, 0x99, 0x08, 0x68, 0xC1, 0x6E, 0x80, 0x6E, 0x80, 0x22, 0x92, 0x03
	.byte 0x10, 0x40, 0x00, 0x21, 0x08, 0x43, 0x00, 0x28, 0x03, 0xD1, 0x38, 0x1C, 0x04, 0x21, 0xFD, 0xF7
	.byte 0xFE, 0xF8, 0x38, 0x1C, 0xFC, 0xF7, 0xFB, 0xFC, 0xAA, 0x22, 0x52, 0x00, 0xBD, 0x18, 0x00, 0x23
	.byte 0xEC, 0x5E, 0x00, 0x2C, 0x1F, 0xD1, 0xC2, 0x25, 0x6D, 0x00, 0x78, 0x19, 0x00, 0x68, 0xC0, 0x88
	.byte 0xFE, 0xF0, 0xA1, 0xFD, 0xAE, 0x26, 0x76, 0x00, 0xB8, 0x19, 0x04, 0x60, 0x38, 0x1C, 0x05, 0x21
	.byte 0x00, 0x22, 0xFC, 0xF7, 0x6E, 0xFD, 0x04, 0x48, 0x04, 0x68, 0xA0, 0x6E, 0xE1, 0x6E, 0x03, 0x4A
	.byte 0x04, 0x4B, 0x19, 0x43, 0xA0, 0x66, 0xE1, 0x66, 0x7E, 0xE0, 0x84, 0x9B, 0x03, 0x02, 0x00, 0x00
	.byte 0x00, 0x00, 0x00, 0x08, 0x00, 0x00, 0x02, 0x26, 0x18, 0x98, 0x30, 0x40, 0x00, 0x04, 0x04, 0x0C
	.byte 0x00, 0x2C, 0x24, 0xD0, 0xC2, 0x21, 0x49, 0x00, 0x78, 0x18, 0x00, 0x68, 0x80, 0x88, 0xFE, 0xF0
	.byte 0x7A, 0xFD, 0x23, 0x9A, 0x14, 0x68, 0xA0, 0x6E, 0xE1, 0x6E, 0x07, 0x4B, 0x06, 0x4A, 0x10, 0x43
	.byte 0xA0, 0x66, 0xE1, 0x66, 0xB8, 0x6B, 0x15, 0x28, 0x09, 0xD1, 0x13, 0x20, 0xB8, 0x63, 0xAB, 0x23
	.byte 0x5B, 0x00, 0xF9, 0x18, 0x07, 0xE0, 0x00, 0x80, 0x00, 0x00, 0x00, 0x00, 0x00, 0x00, 0xBE, 0x63
	.byte 0xAB, 0x24, 0x64, 0x00, 0x39, 0x19, 0x00, 0x20, 0x08, 0x80, 0x28, 0x80, 0x4C, 0xE0, 0x20, 0x20
	.byte 0x18, 0x9E, 0x30, 0x40, 0x00, 0x04, 0x03, 0x0C, 0x00, 0x2B, 0x1D, 0xD0, 0xB8, 0x21, 0x49, 0x00
	.byte 0x78, 0x18, 0x00, 0x78, 0x00, 0x28, 0x3F, 0xD0, 0x42, 0x46, 0x50, 0x6B, 0x91, 0x6B, 0x04, 0x22
	.byte 0x00, 0x23, 0x10, 0x43, 0x43, 0x46, 0x58, 0x63, 0x99, 0x63, 0x58, 0x68, 0x58, 0x61, 0xB8, 0x6B
	.byte 0x15, 0x28, 0x02, 0xD1, 0x16, 0x20, 0x05, 0xF0, 0x5B, 0xF9, 0x1E, 0x20, 0xB8, 0x63, 0xAB, 0x21
	.byte 0x49, 0x00, 0x78, 0x18, 0x05, 0xF0, 0x58, 0xF9, 0x10, 0x20, 0x18, 0x9A, 0x10, 0x40, 0x00, 0x28
	.byte 0x22, 0xD0, 0x0B, 0x4C, 0x38, 0x19, 0x00, 0x78, 0x00, 0x28, 0x1D, 0xD0, 0x46, 0x46, 0x70, 0x6B
	.byte 0xB1, 0x6B, 0x05, 0x22, 0x52, 0x42, 0x10, 0x40, 0x42, 0x46, 0x50, 0x63, 0x91, 0x63, 0x50, 0x68
	.byte 0x50, 0x61, 0xB8, 0x6B, 0x15, 0x28, 0x06, 0xD1, 0x16, 0x20, 0xB8, 0x63, 0x1B, 0x3C, 0x38, 0x19
	.byte 0x06, 0xE0, 0x71, 0x01, 0x00, 0x00, 0x1E, 0x20, 0xB8, 0x63, 0xAB, 0x26, 0x76, 0x00, 0xB8, 0x19
	.byte 0x03, 0x80, 0x2B, 0x80, 0x05, 0xF0, 0x7B, 0xFB, 0xAA, 0x20, 0x40, 0x00, 0x3A, 0x18, 0x11, 0x88
	.byte 0x00, 0x23, 0xD0, 0x5E, 0x06, 0x28, 0x01, 0xDC, 0x03, 0xF0, 0xAE, 0xFA, 0xB8, 0x6B, 0x15, 0x28
	.byte 0x05, 0xD1, 0x12, 0x20, 0xB8, 0x63, 0xAB, 0x24, 0x64, 0x00, 0x39, 0x19, 0x04, 0xE0, 0x01, 0x20
	.byte 0xB8, 0x63, 0xAB, 0x25, 0x6D, 0x00, 0x79, 0x19, 0x00, 0x20, 0x08, 0x80, 0x10, 0x80, 0x05, 0xF0
	.byte 0x5E, 0xFB, 0x38, 0x1C, 0x00, 0x21, 0x01, 0x22, 0xFC, 0xF7, 0xC3, 0xFC, 0xAE, 0x26, 0x76, 0x00
	.byte 0xB9, 0x19, 0x00, 0x20, 0x08, 0x60, 0x42, 0x46, 0x50, 0x6B, 0x91, 0x6B, 0x04, 0x22, 0x10, 0x40
	.byte 0x00, 0x21, 0x08, 0x43, 0x00, 0x28, 0x0E, 0xD0, 0xB0, 0x23, 0x5B, 0x00, 0xF9, 0x18, 0xC0, 0x20
	.byte 0x08, 0x70, 0x44, 0x46, 0x60, 0x68, 0x02, 0x4D, 0x40, 0x19, 0x60, 0x60, 0x05, 0xF0, 0x3F, 0xFB
	.byte 0x00, 0x00, 0x9A, 0xFD, 0xFF, 0xFF, 0xB0, 0x26, 0x76, 0x00, 0xB9, 0x19, 0x40, 0x20, 0x08, 0x70
	.byte 0x41, 0x46, 0x48, 0x68, 0x02, 0x4A, 0x80, 0x18, 0x48, 0x60, 0x05, 0xF0, 0x30, 0xFB, 0x66, 0x02
	.byte 0x00, 0x00, 0xAA, 0x23, 0x5B, 0x00, 0xFC, 0x18, 0x00, 0x25, 0x60, 0x5F, 0x00, 0x28, 0x04, 0xD1
	.byte 0x38, 0x1C, 0x2C, 0x21, 0x00, 0x22, 0xFC, 0xF7, 0x70, 0xFC, 0x38, 0x1C, 0x0C, 0x30, 0xE4, 0xF7
	.byte 0x08, 0xFB, 0x00, 0x06, 0x00, 0x28, 0x01, 0xD0, 0x05, 0xF0, 0xB5, 0xF9, 0x05, 0xF0, 0x37, 0xF8
	.byte 0xAD, 0x26, 0x76, 0x00, 0xB8, 0x19, 0x01, 0x88, 0x04, 0x20, 0x08, 0x40, 0x00, 0x04, 0x05, 0x0C
	.byte 0x00, 0x2D, 0x01, 0xD0, 0x05, 0xF0, 0x0B, 0xFB, 0x38, 0x1C, 0xFC, 0xF7, 0xE8, 0xFB, 0xAA, 0x20
	.byte 0x40, 0x00, 0x3C, 0x18, 0x00, 0x21, 0x60, 0x5E, 0x00, 0x28, 0x07, 0xD1, 0x0F, 0x4A, 0xB8, 0x18
	.byte 0x01, 0x78, 0x2F, 0x31, 0x38, 0x1C, 0x00, 0x22, 0xFC, 0xF7, 0x47, 0xFC, 0x38, 0x1C, 0xFC, 0xF7
	.byte 0xD6, 0xFB, 0x38, 0x1C, 0x0C, 0x30, 0xE4, 0xF7, 0xDC, 0xFA, 0x00, 0x06, 0x00, 0x28, 0x01, 0xD1
	.byte 0x05, 0xF0, 0x0D, 0xF8, 0x40, 0x46, 0xF9, 0xF7, 0xCA, 0xFC, 0x01, 0x20, 0xB8, 0x63, 0xAB, 0x23
	.byte 0x5B, 0x00, 0xF8, 0x18, 0x04, 0xF0, 0xB2, 0xFB, 0x00, 0x00, 0x91, 0x01, 0x00, 0x00, 0x23, 0x9C
	.byte 0x20, 0x68, 0xC1, 0x6E, 0x80, 0x6E, 0x80, 0x22, 0x92, 0x03, 0x10, 0x40, 0x00, 0x21, 0x08, 0x43
	.byte 0x00, 0x28, 0x03, 0xD1, 0x38, 0x1C, 0x1E, 0x21, 0xFC, 0xF7, 0xB1, 0xFF, 0x38, 0x1C, 0xFC, 0xF7
	.byte 0xAE, 0xFB, 0xAA, 0x25, 0x6D, 0x00, 0x78, 0x19, 0x00, 0x26, 0x81, 0x5F, 0x00, 0x29, 0x1F, 0xD1
	.byte 0xAE, 0x22, 0x52, 0x00, 0xB8, 0x18, 0x01, 0x60, 0xCA, 0x23, 0x5B, 0x00, 0xF9, 0x18, 0xD0, 0x20
	.byte 0xC0, 0x00, 0x08, 0x60, 0x38, 0x1C, 0x35, 0x21, 0x00, 0x22, 0xFC, 0xF7, 0x06, 0xFC, 0xAB, 0x24
	.byte 0x64, 0x00, 0x39, 0x19, 0x20, 0x20, 0x08, 0x80, 0xB8, 0x6B, 0x16, 0x28, 0x08, 0xD0, 0x45, 0x46
	.byte 0x68, 0x6B, 0xA9, 0x6B, 0x15, 0x4B, 0x13, 0x4A, 0x10, 0x43, 0x46, 0x46, 0x70, 0x63, 0xB1, 0x63
	.byte 0xAA, 0x21, 0x49, 0x00, 0x78, 0x18, 0x00, 0x22, 0x80, 0x5E, 0x04, 0x28, 0x21, 0xD1, 0x38, 0x1C
	.byte 0xFC, 0xF7, 0x19, 0xFB, 0xB8, 0x6B, 0x16, 0x28, 0x08, 0xD0, 0x43, 0x46, 0x58, 0x6B, 0x99, 0x6B
	.byte 0x80, 0x22, 0x00, 0x23, 0x10, 0x43, 0x44, 0x46, 0x60, 0x63, 0xA1, 0x63, 0xA8, 0x25, 0x6D, 0x00
	.byte 0x79, 0x19, 0x06, 0x48, 0x08, 0x60, 0xB7, 0x20, 0xFE, 0xF0, 0x1D, 0xFC, 0x0C, 0x26, 0xF6, 0x19
	.byte 0xB1, 0x46, 0x81, 0xE0, 0x00, 0x00, 0x00, 0x02, 0x00, 0x00, 0x00, 0x00, 0x00, 0x00, 0x34, 0xFE
	.byte 0xFF, 0xFF, 0x0C, 0x21, 0xC9, 0x19, 0x89, 0x46, 0x04, 0x28, 0x75, 0xDD, 0xAB, 0x22, 0x52, 0x00
	.byte 0xB8, 0x18, 0x00, 0x23, 0xC0, 0x5E, 0x00, 0x28, 0x6E, 0xD0, 0x44, 0x46, 0x60, 0x6B, 0xA1, 0x6B
	.byte 0x04, 0x22, 0x10, 0x40, 0x00, 0x21, 0x08, 0x43, 0x00, 0x28, 0x07, 0xD0, 0xCA, 0x25, 0x6D, 0x00
	.byte 0x78, 0x19, 0x61, 0x68, 0x00, 0x68, 0x09, 0x1A, 0x61, 0x60, 0x07, 0xE0, 0xCA, 0x26, 0x76, 0x00
	.byte 0xB8, 0x19, 0x42, 0x46, 0x51, 0x68, 0x00, 0x68, 0x09, 0x18, 0x51, 0x60, 0xCA, 0x23, 0x5B, 0x00
	.byte 0xF8, 0x18, 0xAB, 0x25, 0x6D, 0x00, 0x7C, 0x19, 0x22, 0x88, 0x00, 0x21, 0xE4, 0xF7, 0x29, 0xF9
	.byte 0x20, 0x88, 0x01, 0x38, 0x20, 0x80, 0x46, 0x46, 0xF1, 0x68, 0x30, 0x69, 0x81, 0x42, 0x17, 0xDA
	.byte 0x40, 0x20, 0x17, 0x99, 0x08, 0x40, 0x00, 0x28, 0x07, 0xD0, 0xB0, 0x68, 0x02, 0x4A, 0x80, 0x18
	.byte 0xB0, 0x60, 0x0D, 0xE0, 0x00, 0x00, 0x80, 0xFE, 0xFF, 0xFF, 0x80, 0x20, 0x17, 0x9B, 0x18, 0x40
	.byte 0x00, 0x28, 0x05, 0xD0, 0x44, 0x46, 0xA0, 0x68, 0xC0, 0x25, 0x6D, 0x00, 0x40, 0x19, 0xA0, 0x60
	.byte 0xF8, 0x8A, 0x0C, 0x26, 0xF6, 0x19, 0xB1, 0x46, 0x00, 0x28, 0x0D, 0xD1, 0x48, 0x46, 0xE4, 0xF7
	.byte 0x1C, 0xFA, 0x00, 0x04, 0x00, 0x0C, 0x05, 0x28, 0x06, 0xD1, 0xC2, 0x21, 0x49, 0x00, 0x78, 0x18
	.byte 0x00, 0x68, 0xC0, 0x88, 0xFE, 0xF0, 0xAF, 0xFB, 0xAB, 0x22, 0x52, 0x00, 0xB8, 0x18, 0x00, 0x23
	.byte 0xC0, 0x5E, 0x08, 0x28, 0x10, 0xD0, 0x00, 0x28, 0x0E, 0xD1, 0x38, 0x1C, 0xFC, 0xF7, 0x99, 0xFA
	.byte 0xB8, 0x6B, 0x16, 0x28, 0x08, 0xD0, 0x44, 0x46, 0x60, 0x6B, 0xA1, 0x6B, 0x81, 0x22, 0x52, 0x42
	.byte 0x10, 0x40, 0x45, 0x46, 0x68, 0x63, 0xA9, 0x63, 0x48, 0x46, 0xE4, 0xF7, 0xEA, 0xF9, 0x00, 0x06
	.byte 0x00, 0x28, 0x34, 0xD0, 0xB8, 0x6B, 0x16, 0x28, 0x0B, 0xD1, 0x12, 0x20, 0xB8, 0x63, 0xAB, 0x26
	.byte 0x76, 0x00, 0xB8, 0x19, 0x00, 0x21, 0x01, 0x80, 0xAA, 0x22, 0x52, 0x00, 0xB8, 0x18, 0x01, 0x80
	.byte 0x12, 0xE0, 0x01, 0x20, 0xB8, 0x63, 0xAB, 0x23, 0x5B, 0x00, 0xF8, 0x18, 0x00, 0x21, 0x01, 0x80
	.byte 0xAA, 0x24, 0x64, 0x00, 0x38, 0x19, 0x01, 0x80, 0x45, 0x46, 0x68, 0x6B, 0xA9, 0x6B, 0x07, 0x4A
	.byte 0x10, 0x40, 0x46, 0x46, 0x70, 0x63, 0xB1, 0x63, 0x06, 0x48, 0x04, 0x68, 0xA0, 0x6E, 0xE1, 0x6E
	.byte 0x05, 0x4A, 0x05, 0x4B, 0x19, 0x43, 0xA0, 0x66, 0xE1, 0x66, 0x05, 0xF0, 0xD0, 0xF9, 0xFF, 0xFD
	.byte 0xFF, 0xFF, 0x84, 0x9B, 0x03, 0x02, 0x00, 0x00, 0x00, 0x00, 0x00, 0x04, 0x00, 0x00, 0xAA, 0x20
	.byte 0x40, 0x00, 0x39, 0x18, 0x05, 0xF0, 0xAA, 0xF9, 0x38, 0x1C, 0xFC, 0xF7, 0xA0, 0xFA, 0xAA, 0x21
	.byte 0x49, 0x00, 0x7C, 0x18, 0x00, 0x22, 0xA0, 0x5E, 0x00, 0x28, 0x07, 0xD1, 0x0D, 0x4B, 0xF8, 0x18
	.byte 0x01, 0x78, 0x2F, 0x31, 0x38, 0x1C, 0x00, 0x22, 0xFC, 0xF7, 0xFF, 0xFA, 0x38, 0x1C, 0x0C, 0x30
	.byte 0xE4, 0xF7, 0x97, 0xF9, 0x00, 0x06, 0x00, 0x28, 0x01, 0xD1, 0x04, 0xF0, 0xC8, 0xFE, 0x40, 0x46
	.byte 0xF9, 0xF7, 0x85, 0xFB, 0x01, 0x20, 0xB8, 0x63, 0xAB, 0x25, 0x6D, 0x00, 0x79, 0x19, 0x05, 0xF0
	.byte 0xB0, 0xF8, 0x91, 0x01, 0x00, 0x00, 0x23, 0x9E, 0x30, 0x68, 0xC1, 0x6E, 0x80, 0x6E, 0x80, 0x22
	.byte 0x12, 0x02, 0x10, 0x40, 0x00, 0x21, 0x08, 0x43, 0x00, 0x28, 0x01, 0xD0, 0x04, 0xF0, 0x5F, 0xFF
	.byte 0x40, 0x46, 0xC1, 0x68, 0x00, 0x69, 0x81, 0x42, 0x01, 0xDA, 0x04, 0xF0, 0x58, 0xFF, 0x38, 0x1C
	.byte 0xFC, 0xF7, 0x65, 0xFA, 0xAA, 0x21, 0x49, 0x00, 0x78, 0x18, 0x00, 0x22, 0x80, 0x5E, 0x00, 0x28
	.byte 0x08, 0xD1, 0x38, 0x1C, 0x2C, 0x21, 0x00, 0x22, 0xFC, 0xF7, 0xC7, 0xFA, 0xA7, 0x20, 0xFE, 0xF0
	.byte 0x0A, 0xFB, 0x32, 0xE0, 0x1B, 0x28, 0x30, 0xD1, 0xB1, 0x23, 0x5B, 0x00, 0xF8, 0x18, 0x00, 0x78
	.byte 0x01, 0x28, 0x14, 0xD0, 0x01, 0x28, 0x02, 0xDC, 0x00, 0x28, 0x03, 0xD0, 0x25, 0xE0, 0x02, 0x28
	.byte 0x19, 0xD0, 0x22, 0xE0, 0x44, 0x46, 0x61, 0x68, 0xA2, 0x68, 0xE3, 0x68, 0x03, 0x4D, 0x5B, 0x19
	.byte 0x00, 0x20, 0xF1, 0xF7, 0x0E, 0xF9, 0x18, 0xE0, 0x00, 0x00, 0x00, 0xD4, 0xFF, 0xFF, 0x46, 0x46
	.byte 0x71, 0x68, 0xB2, 0x68, 0xF3, 0x68, 0x02, 0x48, 0x1B, 0x18, 0x01, 0x20, 0xF1, 0xF7, 0x01, 0xF9
	.byte 0x0B, 0xE0, 0x00, 0xD4, 0xFF, 0xFF, 0x42, 0x46, 0x51, 0x68, 0x92, 0x68, 0x44, 0x46, 0xE3, 0x68
	.byte 0x1A, 0x4D, 0x5B, 0x19, 0x02, 0x20, 0xF1, 0xF7, 0xF4, 0xF8, 0x38, 0x1C, 0x0C, 0x30, 0xE4, 0xF7
	.byte 0x28, 0xF9, 0x00, 0x06, 0x00, 0x28, 0x04, 0xD0, 0x38, 0x1C, 0x01, 0x21, 0x01, 0x22, 0xFC, 0xF7
	.byte 0x84, 0xFA, 0xAA, 0x26, 0x76, 0x00, 0xB8, 0x19, 0x00, 0x21, 0x40, 0x5E, 0x1B, 0x28, 0x01, 0xDC
	.byte 0x05, 0xF0, 0x11, 0xF9, 0xF0, 0xF7, 0xFD, 0xFF, 0x00, 0x06, 0x00, 0x28, 0x01, 0xD0, 0x05, 0xF0
	.byte 0x0A, 0xF9, 0x23, 0x9A, 0x10, 0x68, 0xF4, 0x30, 0x00, 0x68, 0x0D, 0x28, 0x0F, 0xD0, 0x26, 0x28
	.byte 0x28, 0xD0, 0xB1, 0x23, 0x5B, 0x00, 0xF8, 0x18, 0x00, 0x78, 0x01, 0x28, 0x4B, 0xD0, 0x01, 0x28
	.byte 0x41, 0xDC, 0x00, 0x28, 0x42, 0xD0, 0x53, 0xE0, 0x00, 0x00, 0x00, 0xD4, 0xFF, 0xFF, 0xB1, 0x24
	.byte 0x64, 0x00, 0x38, 0x19, 0x00, 0x78, 0x01, 0x28, 0x0C, 0xD0, 0x01, 0x28, 0x02, 0xDC, 0x00, 0x28
	.byte 0x03, 0xD0, 0x45, 0xE0, 0x02, 0x28, 0x0A, 0xD0, 0x42, 0xE0, 0x45, 0x46, 0xA8, 0x8D, 0x4B, 0x30
	.byte 0xA8, 0x85, 0x3D, 0xE0, 0x46, 0x46, 0xB0, 0x8D, 0xE1, 0x30, 0xB0, 0x85, 0x38, 0xE0, 0xE1, 0x21
	.byte 0x49, 0x00, 0x19, 0xE0, 0xB1, 0x24, 0x64, 0x00, 0x38, 0x19, 0x00, 0x78, 0x01, 0x28, 0x0C, 0xD0
	.byte 0x01, 0x28, 0x02, 0xDC, 0x00, 0x28, 0x03, 0xD0, 0x2A, 0xE0, 0x02, 0x28, 0x0A, 0xD0, 0x27, 0xE0
	.byte 0x45, 0x46, 0xA8, 0x8D, 0x41, 0x30, 0xA8, 0x85, 0x22, 0xE0, 0x46, 0x46, 0xB0, 0x8D, 0xC3, 0x30
	.byte 0xB0, 0x85, 0x1D, 0xE0, 0xC3, 0x21, 0x49, 0x00, 0x08, 0x1C, 0x42, 0x46, 0x92, 0x8D, 0x80, 0x18
	.byte 0x43, 0x46, 0x98, 0x85, 0x14, 0xE0, 0x02, 0x28, 0x0A, 0xD0, 0x11, 0xE0, 0x44, 0x46, 0xA0, 0x8D
	.byte 0x32, 0x30, 0xA0, 0x85, 0x0C, 0xE0, 0x45, 0x46, 0xA8, 0x8D, 0x96, 0x30, 0xA8, 0x85, 0x07, 0xE0
	.byte 0x96, 0x26, 0x76, 0x00, 0x30, 0x1C, 0x41, 0x46, 0x89, 0x8D, 0x40, 0x18, 0x42, 0x46, 0x90, 0x85
	.byte 0x43, 0x46, 0x2C, 0x24, 0x19, 0x5F, 0xDA, 0x8D, 0x2E, 0x25, 0x58, 0x5F, 0x81, 0x42, 0x00, 0xDD
	.byte 0x9A, 0x85, 0x40, 0x46, 0x0A, 0x21, 0xF7, 0xF7, 0xD6, 0xFB, 0x04, 0xF0, 0x4C, 0xFF, 0x23, 0x99
	.byte 0x08, 0x68, 0xC1, 0x6E, 0x80, 0x6E, 0x80, 0x22, 0x12, 0x02, 0x10, 0x40, 0x00, 0x21, 0x08, 0x43
	.byte 0x00, 0x28, 0x01, 0xD0, 0x04, 0xF0, 0x73, 0xFE, 0x42, 0x46, 0xD1, 0x68, 0x10, 0x69, 0x81, 0x42
	.byte 0x01, 0xDA, 0x04, 0xF0, 0x6C, 0xFE, 0x38, 0x1C, 0xFC, 0xF7, 0x79, 0xF9, 0xAA, 0x23, 0x5B, 0x00
	.byte 0xF8, 0x18, 0x00, 0x24, 0x00, 0x5F, 0x00, 0x28, 0x0C, 0xD1, 0x38, 0x1C, 0x2C, 0x21, 0x00, 0x22
	.byte 0xFC, 0xF7, 0xDB, 0xF9, 0xA9, 0x20, 0xFE, 0xF0, 0x1E, 0xFA, 0x06, 0x20, 0x08, 0x21, 0xE4, 0xF7
	.byte 0xA4, 0xFB, 0x4A, 0xE0, 0x19, 0x28, 0x48, 0xD1, 0x23, 0x9D, 0x28, 0x68, 0x80, 0x6F, 0x00, 0x28
	.byte 0x09, 0xD0, 0x06, 0x1C, 0x74, 0x68, 0xB2, 0x68, 0xA2, 0x30, 0x00, 0x21, 0x40, 0x5E, 0x00, 0x02
	.byte 0xF1, 0x68, 0x0B, 0x1A, 0x19, 0xE0, 0x42, 0x46, 0x50, 0x6B, 0x91, 0x6B, 0x04, 0x22, 0x10, 0x40
	.byte 0x00, 0x21, 0x08, 0x43, 0x00, 0x28, 0x06, 0xD0, 0x43, 0x46, 0x58, 0x68, 0x01, 0x4D, 0x44, 0x19
	.byte 0x06, 0xE0, 0x00, 0xCE, 0xFF, 0xFF, 0x46, 0x46, 0x70, 0x68, 0xC8, 0x21, 0x89, 0x01, 0x44, 0x18
	.byte 0x43, 0x46, 0x9A, 0x68, 0xD8, 0x68, 0x07, 0x4D, 0x43, 0x19, 0xB1, 0x26, 0x76, 0x00, 0xB8, 0x19
	.byte 0x00, 0x78, 0x01, 0x28, 0x09, 0xD0, 0x01, 0x28, 0x0E, 0xDC, 0x00, 0x28, 0x0C, 0xD1, 0x4E, 0x20
	.byte 0x00, 0x90, 0x00, 0x20, 0x04, 0xE0, 0x00, 0xF0, 0xFF, 0xFF, 0x4F, 0x20, 0x00, 0x90, 0x01, 0x20
	.byte 0x21, 0x1C, 0xF2, 0xF7, 0x10, 0xFF, 0x08, 0xE0, 0xB1, 0x21, 0x49, 0x00, 0x78, 0x18, 0x00, 0x78
	.byte 0x50, 0x21, 0x00, 0x91, 0x21, 0x1C, 0xF2, 0xF7, 0x06, 0xFF, 0x38, 0x1C, 0x0C, 0x30, 0xE4, 0xF7
	.byte 0x20, 0xF8, 0x00, 0x06, 0x00, 0x28, 0x04, 0xD0, 0x38, 0x1C, 0x01, 0x21, 0x01, 0x22, 0xFC, 0xF7
	.byte 0x7C, 0xF9, 0xAA, 0x22, 0x52, 0x00, 0xB8, 0x18, 0x00, 0x23, 0xC0, 0x5E, 0x19, 0x28, 0x0A, 0xDD
	.byte 0xF0, 0xF7, 0xF7, 0xFE, 0x00, 0x06, 0x00, 0x28, 0x05, 0xD1, 0x06, 0x20, 0x08, 0x21, 0xE4, 0xF7
	.byte 0x0A, 0xFB, 0x04, 0xF0, 0xB8, 0xFE, 0xAA, 0x24, 0x64, 0x00, 0x39, 0x19, 0x04, 0xF0, 0xFE, 0xFF
	.byte 0x23, 0x9D, 0x28, 0x68, 0xC1, 0x6E, 0x80, 0x6E, 0x80, 0x22, 0x12, 0x02, 0x10, 0x40, 0x00, 0x21
	.byte 0x08, 0x43, 0x00, 0x28, 0x01, 0xD0, 0x04, 0xF0, 0xDA, 0xFD, 0x46, 0x46, 0xF1, 0x68, 0x30, 0x69
	.byte 0x81, 0x42, 0x01, 0xDA, 0x04, 0xF0, 0xD3, 0xFD, 0x38, 0x1C, 0xFC, 0xF7, 0xE0, 0xF8, 0xAA, 0x20
	.byte 0x40, 0x00, 0x3C, 0x18, 0x00, 0x21, 0x60, 0x5E, 0x00, 0x28, 0x04, 0xD1, 0x38, 0x1C, 0x34, 0x21
	.byte 0x00, 0x22, 0xFC, 0xF7, 0x42, 0xF9, 0x00, 0x22, 0xA0, 0x5E, 0x17, 0x28, 0x05, 0xD1, 0x43, 0x46
	.byte 0x58, 0x68, 0x99, 0x68, 0xDA, 0x68, 0xF1, 0xF7, 0x7A, 0xFF, 0x00, 0x25, 0x60, 0x5F, 0x17, 0x28
	.byte 0x00, 0xDC, 0x80, 0xE0, 0xF0, 0xF7, 0xB5, 0xFE, 0x00, 0x06, 0x00, 0x28, 0x7B, 0xD1, 0xB1, 0x26
	.byte 0x76, 0x00, 0xB8, 0x19, 0x00, 0x78, 0x05, 0x28, 0x67, 0xD8, 0x80, 0x00, 0x02, 0x49, 0x40, 0x18
	.byte 0x00, 0x68, 0x87, 0x46, 0x00, 0x00, 0xA4, 0x1B, 0x02, 0x08, 0xBC, 0x1B, 0x02, 0x08, 0xD8, 0x1B
	.byte 0x02, 0x08, 0xF4, 0x1B, 0x02, 0x08, 0x10, 0x1C, 0x02, 0x08, 0x2C, 0x1C, 0x02, 0x08, 0x48, 0x1C
	.byte 0x02, 0x08, 0xB9, 0x21, 0x49, 0x00, 0x78, 0x18, 0x00, 0x78, 0x00, 0x28, 0x03, 0xD0, 0x54, 0xF0
	.byte 0x76, 0xFB, 0x04, 0xF0, 0x58, 0xFE, 0x5C, 0xF0, 0xE6, 0xFA, 0x04, 0xF0, 0x54, 0xFE, 0xB9, 0x22
	.byte 0x52, 0x00, 0xB8, 0x18, 0x00, 0x78, 0x00, 0x28, 0x03, 0xD0, 0x54, 0xF0, 0x6E, 0xFB, 0x04, 0xF0
	.byte 0x4A, 0xFE, 0x5C, 0xF0, 0xDE, 0xFA, 0x04, 0xF0, 0x46, 0xFE, 0xB9, 0x23, 0x5B, 0x00, 0xF8, 0x18
	.byte 0x00, 0x78, 0x00, 0x28, 0x03, 0xD0, 0x54, 0xF0, 0x66, 0xFB, 0x04, 0xF0, 0x3C, 0xFE, 0x5C, 0xF0
	.byte 0xD6, 0xFA, 0x04, 0xF0, 0x38, 0xFE, 0xB9, 0x24, 0x64, 0x00, 0x38, 0x19, 0x00, 0x78, 0x00, 0x28
	.byte 0x03, 0xD0, 0x54, 0xF0, 0x5E, 0xFB, 0x04, 0xF0, 0x2E, 0xFE, 0x5C, 0xF0, 0xCE, 0xFA, 0x04, 0xF0
	.byte 0x2A, 0xFE, 0xB9, 0x25, 0x6D, 0x00, 0x78, 0x19, 0x00, 0x78, 0x00, 0x28, 0x03, 0xD0, 0x54, 0xF0
	.byte 0x56, 0xFB, 0x04, 0xF0, 0x20, 0xFE, 0x5C, 0xF0, 0xC6, 0xFA, 0x04, 0xF0, 0x1C, 0xFE, 0xB9, 0x26
	.byte 0x76, 0x00, 0xB8, 0x19, 0x00, 0x78, 0x00, 0x28, 0x03, 0xD0, 0x54, 0xF0, 0x4E, 0xFB, 0x04, 0xF0
	.byte 0x12, 0xFE, 0x5C, 0xF0, 0xBE, 0xFA, 0x04, 0xF0, 0x0E, 0xFE, 0xB9, 0x21, 0x49, 0x00, 0x78, 0x18
	.byte 0x00, 0x78, 0x00, 0x28, 0x03, 0xD0, 0x54, 0xF0, 0x46, 0xFB, 0x04, 0xF0, 0x04, 0xFE, 0x5C, 0xF0
	.byte 0xB6, 0xFA, 0x04, 0xF0, 0x00, 0xFE, 0xAA, 0x22, 0x52, 0x00, 0xB9, 0x18, 0x04, 0xF0, 0x46, 0xFF
	.byte 0x00, 0x25, 0x38, 0x1C, 0xFC, 0xF7, 0x3B, 0xF8, 0x0B, 0xAC, 0x10, 0x49, 0x20, 0x1C, 0x05, 0x22
	.byte 0xFD, 0xF0, 0xC9, 0xF9, 0x23, 0x9B, 0x18, 0x68, 0xF4, 0x30, 0x00, 0x68, 0x03, 0x28, 0x2A, 0xD1
	.byte 0xAD, 0x26, 0x76, 0x00, 0xBA, 0x19, 0x11, 0x88, 0x40, 0x20, 0x08, 0x40, 0x00, 0x28, 0x18, 0xD1
	.byte 0x08, 0x48, 0x39, 0x18, 0x08, 0x78, 0x02, 0x28, 0x0D, 0xD1, 0x01, 0x20, 0x08, 0x70, 0x11, 0x88
	.byte 0x40, 0x20, 0x08, 0x43, 0x10, 0x80, 0xB2, 0x21, 0x49, 0x00, 0x78, 0x18, 0x27, 0xE0, 0x94, 0xC2
	.byte 0x13, 0x08, 0x61, 0x01, 0x00, 0x00, 0x09, 0x78, 0x89, 0x00, 0xB2, 0x22, 0x52, 0x00, 0xB8, 0x18
	.byte 0x1C, 0xE0, 0x03, 0x4B, 0xF8, 0x18, 0x01, 0x78, 0x89, 0x00, 0xB2, 0x26, 0x76, 0x00, 0xB8, 0x19
	.byte 0x14, 0xE0, 0x61, 0x01, 0x00, 0x00, 0x05, 0x28, 0x09, 0xD1, 0x03, 0x48, 0x39, 0x18, 0x02, 0x20
	.byte 0x08, 0x70, 0xB6, 0x21, 0x49, 0x00, 0x78, 0x18, 0x09, 0xE0, 0x61, 0x01, 0x00, 0x00, 0x27, 0x4A
	.byte 0xB8, 0x18, 0x01, 0x78, 0x89, 0x00, 0xB2, 0x23, 0x5B, 0x00, 0xF8, 0x18, 0x40, 0x18, 0x00, 0x68
	.byte 0x82, 0x46, 0x22, 0x4E, 0xB8, 0x19, 0x00, 0x78, 0x00, 0x28, 0x13, 0xD0, 0x50, 0x46, 0x01, 0x8A
	.byte 0x01, 0x20, 0x08, 0x40, 0x00, 0x28, 0x0D, 0xD0, 0x23, 0x99, 0x08, 0x68, 0xC1, 0x6E, 0x80, 0x6E
	.byte 0x80, 0x22, 0x12, 0x02, 0x10, 0x40, 0x00, 0x21, 0x08, 0x43, 0x00, 0x28, 0x02, 0xD1, 0x52, 0x46
	.byte 0x52, 0x69, 0x92, 0x46, 0xAA, 0x23, 0x5B, 0x00, 0xF9, 0x18, 0x00, 0x26, 0x88, 0x5F, 0x00, 0x28
	.byte 0x00, 0xD0, 0x83, 0xE0, 0x50, 0x46, 0x01, 0x68, 0xC8, 0x22, 0x52, 0x00, 0xB8, 0x18, 0x00, 0x78
	.byte 0x09, 0x18, 0x09, 0x04, 0x09, 0x0C, 0x38, 0x1C, 0x00, 0x22, 0xFC, 0xF7, 0x2E, 0xF8, 0x53, 0x46
	.byte 0x18, 0x89, 0xFE, 0xF0, 0x70, 0xF8, 0xA8, 0x24, 0x64, 0x00, 0x39, 0x19, 0x56, 0x46, 0xF0, 0x68
	.byte 0x08, 0x60, 0x23, 0x99, 0x08, 0x68, 0xF4, 0x30, 0x00, 0x68, 0x08, 0x38, 0x29, 0x28, 0x00, 0xD9
	.byte 0x3E, 0xE2, 0x80, 0x00, 0x03, 0x49, 0x40, 0x18, 0x00, 0x68, 0x87, 0x46, 0x00, 0x00, 0x61, 0x01
	.byte 0x00, 0x00, 0xC0, 0x1D, 0x02, 0x08, 0x68, 0x1E, 0x02, 0x08, 0x2A, 0x22, 0x02, 0x08, 0x2A, 0x22
	.byte 0x02, 0x08, 0x2A, 0x22, 0x02, 0x08, 0x2A, 0x22, 0x02, 0x08, 0x2A, 0x22, 0x02, 0x08, 0x2A, 0x22
	.byte 0x02, 0x08, 0x2A, 0x22, 0x02, 0x08, 0x2A, 0x22, 0x02, 0x08, 0x2A, 0x22, 0x02, 0x08, 0x2A, 0x22
	.byte 0x02, 0x08, 0x2A, 0x22, 0x02, 0x08, 0x2A, 0x22, 0x02, 0x08, 0x2A, 0x22, 0x02, 0x08, 0x2A, 0x22
	.byte 0x02, 0x08, 0x2A, 0x22, 0x02, 0x08, 0x2A, 0x22, 0x02, 0x08, 0x2A, 0x22, 0x02, 0x08, 0x2A, 0x22
	.byte 0x02, 0x08, 0x2A, 0x22, 0x02, 0x08, 0x2A, 0x22, 0x02, 0x08, 0x2A, 0x22, 0x02, 0x08, 0x2A, 0x22
	.byte 0x02, 0x08, 0x2A, 0x22, 0x02, 0x08, 0x2A, 0x22, 0x02, 0x08, 0x2A, 0x22, 0x02, 0x08, 0x68, 0x1E
	.byte 0x02, 0x08, 0x2A, 0x22, 0x02, 0x08, 0x2A, 0x22, 0x02, 0x08, 0x2A, 0x22, 0x02, 0x08, 0x2A, 0x22
	.byte 0x02, 0x08, 0x2A, 0x22, 0x02, 0x08, 0x2A, 0x22, 0x02, 0x08, 0x2A, 0x22, 0x02, 0x08, 0x2A, 0x22
	.byte 0x02, 0x08, 0x68, 0x1E, 0x02, 0x08, 0x68, 0x1E, 0x02, 0x08, 0x2A, 0x22, 0x02, 0x08, 0x2A, 0x22
	.byte 0x02, 0x08, 0x2A, 0x22, 0x02, 0x08, 0x2A, 0x22, 0x02, 0x08, 0x68, 0x1E, 0x02, 0x08, 0x23, 0x9A
	.byte 0x11, 0x68, 0xF8, 0x31, 0x08, 0x88, 0x01, 0x38, 0x08, 0x80, 0xD9, 0xE1, 0x00, 0x23, 0xC9, 0x5E
	.byte 0xC8, 0x26, 0x76, 0x00, 0xB8, 0x19, 0x00, 0x78, 0x20, 0x18, 0x00, 0x78, 0x81, 0x42, 0x00, 0xD0
	.byte 0xA5, 0xE1, 0xF7, 0xF7, 0xD0, 0xFD, 0x23, 0x99, 0x08, 0x68, 0xF4, 0x30, 0x00, 0x68, 0x22, 0x28
	.byte 0x00, 0xD0, 0xB2, 0xE0, 0x52, 0x46, 0x10, 0x68, 0x0C, 0x28, 0x42, 0xD0, 0x16, 0x28, 0x77, 0xD1
	.byte 0x43, 0x46, 0x58, 0x6B, 0x99, 0x6B, 0x04, 0x22, 0x10, 0x40, 0x00, 0x21, 0x08, 0x43, 0x00, 0x28
	.byte 0x1B, 0xD0, 0xC9, 0x24, 0x64, 0x00, 0x38, 0x19, 0x00, 0x78, 0x55, 0x46, 0x69, 0x68, 0x80, 0x00
	.byte 0x40, 0x18, 0x00, 0x68, 0x59, 0x68, 0x06, 0x4E, 0x89, 0x19, 0x9A, 0x68, 0xDB, 0x68, 0x05, 0x4C
	.byte 0x1B, 0x19, 0x28, 0x24, 0x00, 0x94, 0x10, 0x24, 0x01, 0x94, 0x2C, 0x24, 0x02, 0x94, 0x29, 0xE1
	.byte 0x00, 0x00, 0x00, 0xEC, 0xFF, 0xFF, 0x00, 0xE4, 0xFF, 0xFF, 0xC9, 0x25, 0x6D, 0x00, 0x78, 0x19
	.byte 0x00, 0x78, 0x56, 0x46, 0x71, 0x68, 0x80, 0x00, 0x40, 0x18, 0x00, 0x68, 0x42, 0x46, 0x51, 0x68
	.byte 0xA0, 0x23, 0x5B, 0x01, 0xC9, 0x18, 0x92, 0x68, 0x44, 0x46, 0xE3, 0x68, 0x04, 0x4D, 0x5B, 0x19
	.byte 0x28, 0x24, 0x00, 0x94, 0x10, 0x24, 0x01, 0x94, 0x2C, 0x24, 0x02, 0x94, 0x0A, 0xE1, 0x00, 0xE4
	.byte 0xFF, 0xFF, 0x46, 0x46, 0x70, 0x6B, 0xB1, 0x6B, 0x04, 0x22, 0x10, 0x40, 0x00, 0x21, 0x08, 0x43
	.byte 0x00, 0x28, 0x16, 0xD0, 0xC9, 0x21, 0x49, 0x00, 0x78, 0x18, 0x00, 0x78, 0x52, 0x46, 0x51, 0x68
	.byte 0x80, 0x00, 0x40, 0x18, 0x00, 0x68, 0x71, 0x68, 0x05, 0x4B, 0xC9, 0x18, 0xB2, 0x68, 0xF3, 0x68
	.byte 0x1C, 0x24, 0x00, 0x94, 0x14, 0x24, 0x01, 0x94, 0x20, 0x24, 0x02, 0x94, 0xEA, 0xE0, 0x00, 0xE0
	.byte 0xFF, 0xFF, 0xC9, 0x24, 0x64, 0x00, 0x38, 0x19, 0x00, 0x78, 0x55, 0x46, 0x69, 0x68, 0x80, 0x00
	.byte 0x40, 0x18, 0x00, 0x68, 0x46, 0x46, 0x71, 0x68, 0x80, 0x22, 0x92, 0x01, 0x89, 0x18, 0xB2, 0x68
	.byte 0xF3, 0x68, 0x1C, 0x24, 0x00, 0x94, 0x14, 0x24, 0x01, 0x94, 0x20, 0x24, 0x02, 0x94, 0xD1, 0xE0
	.byte 0x43, 0x46, 0x58, 0x6B, 0x99, 0x6B, 0x04, 0x22, 0x10, 0x40, 0x00, 0x21, 0x08, 0x43, 0x00, 0x28
	.byte 0x15, 0xD0, 0xC9, 0x24, 0x64, 0x00, 0x38, 0x19, 0x00, 0x78, 0x55, 0x46, 0x69, 0x68, 0x80, 0x00
	.byte 0x40, 0x18, 0x00, 0x68, 0x59, 0x68, 0x04, 0x4E, 0x89, 0x19, 0x9A, 0x68, 0xDB, 0x68, 0x20, 0x25
	.byte 0x00, 0x95, 0x0C, 0x24, 0x01, 0x94, 0x02, 0x95, 0xB4, 0xE0, 0x00, 0xDC, 0xFF, 0xFF, 0xC9, 0x21
	.byte 0x49, 0x00, 0x78, 0x18, 0x00, 0x78, 0x52, 0x46, 0x51, 0x68, 0x80, 0x00, 0x40, 0x18, 0x00, 0x68
	.byte 0x43, 0x46, 0x59, 0x68, 0x90, 0x24, 0xA4, 0x01, 0x09, 0x19, 0x9A, 0x68, 0xDB, 0x68, 0x20, 0x25
	.byte 0x00, 0x95, 0x0C, 0x24, 0x01, 0x94, 0x02, 0x95, 0x9C, 0xE0, 0x31, 0x28, 0x1E, 0xD1, 0x08, 0x4D
	.byte 0x78, 0x19, 0x00, 0x78, 0x02, 0x28, 0x19, 0xD1, 0xE4, 0xF7, 0xC7, 0xFA, 0x00, 0x04, 0x00, 0x0C
	.byte 0x03, 0x21, 0xFB, 0xF0, 0xD6, 0xFB, 0x00, 0x04, 0x00, 0x28, 0x04, 0xD0, 0xA4, 0x24, 0x16, 0xE0
	.byte 0x00, 0x00, 0x61, 0x01, 0x00, 0x00, 0x40, 0x46, 0x02, 0x21, 0xF7, 0xF7, 0xAC, 0xF8, 0xC9, 0x26
	.byte 0x76, 0x00, 0xB8, 0x19, 0x00, 0x78, 0x52, 0x46, 0x51, 0x68, 0x05, 0xE0, 0xC9, 0x23, 0x5B, 0x00
	.byte 0xF8, 0x18, 0x00, 0x78, 0x54, 0x46, 0x61, 0x68, 0x80, 0x00, 0x40, 0x18, 0x04, 0x68, 0x55, 0x46
	.byte 0x28, 0x68, 0x0C, 0x28, 0x2D, 0xD0, 0x16, 0x28, 0x4B, 0xD1, 0x46, 0x46, 0x70, 0x6B, 0xB1, 0x6B
	.byte 0x04, 0x22, 0x10, 0x40, 0x00, 0x21, 0x08, 0x43, 0x00, 0x28, 0x10, 0xD0, 0x71, 0x68, 0x05, 0x48
	.byte 0x09, 0x18, 0xB2, 0x68, 0xF3, 0x68, 0x04, 0x4D, 0x5B, 0x19, 0x1C, 0x20, 0x00, 0x90, 0x10, 0x20
	.byte 0x01, 0x90, 0x2C, 0x20, 0x54, 0xE0, 0x00, 0xEC, 0xFF, 0xFF, 0x00, 0xE4, 0xFF, 0xFF, 0x46, 0x46
	.byte 0x71, 0x68, 0xA0, 0x20, 0x40, 0x01, 0x09, 0x18, 0xB2, 0x68, 0xF3, 0x68, 0x04, 0x4D, 0x5B, 0x19
	.byte 0x1C, 0x20, 0x00, 0x90, 0x10, 0x20, 0x01, 0x90, 0x2C, 0x20, 0x41, 0xE0, 0x00, 0x00, 0x00, 0xE4
	.byte 0xFF, 0xFF, 0x46, 0x46, 0x70, 0x6B, 0xB1, 0x6B, 0x04, 0x22, 0x10, 0x40, 0x00, 0x21, 0x08, 0x43
	.byte 0x00, 0x28, 0x0A, 0xD0, 0x71, 0x68, 0x03, 0x48, 0x09, 0x18, 0xB2, 0x68, 0xF3, 0x68, 0x10, 0x20
	.byte 0x00, 0x90, 0x14, 0x20, 0x2A, 0xE0, 0x00, 0xE0, 0xFF, 0xFF, 0x42, 0x46, 0x51, 0x68, 0x80, 0x23
	.byte 0x9B, 0x01, 0xC9, 0x18, 0x92, 0x68, 0x45, 0x46, 0xEB, 0x68, 0x10, 0x20, 0x00, 0x90, 0x14, 0x20
	.byte 0x1C, 0xE0, 0x46, 0x46, 0x70, 0x6B, 0xB1, 0x6B, 0x04, 0x22, 0x10, 0x40, 0x00, 0x21, 0x08, 0x43
	.byte 0x00, 0x28, 0x08, 0xD0, 0x71, 0x68, 0x02, 0x48, 0x09, 0x18, 0xB2, 0x68, 0xF3, 0x68, 0x0A, 0xE0
	.byte 0x00, 0x00, 0x00, 0xDC, 0xFF, 0xFF, 0x42, 0x46, 0x51, 0x68, 0x90, 0x23, 0x9B, 0x01, 0xC9, 0x18
	.byte 0x92, 0x68, 0x45, 0x46, 0xEB, 0x68, 0x14, 0x20, 0x00, 0x90, 0x0C, 0x20, 0x01, 0x90, 0x20, 0x20
	.byte 0x02, 0x90, 0x20, 0x1C, 0xEF, 0xF7, 0x1B, 0xFF, 0x05, 0x1C, 0x01, 0x2D, 0x3D, 0xD1, 0x56, 0x46
	.byte 0x70, 0x89, 0xFD, 0xF0, 0x90, 0xFE, 0x31, 0x8A, 0x02, 0x20, 0x08, 0x40, 0x00, 0x28, 0x29, 0xD0
	.byte 0x42, 0x46, 0x50, 0x6B, 0x91, 0x6B, 0x04, 0x22, 0x10, 0x40, 0x00, 0x21, 0x08, 0x43, 0x00, 0x28
	.byte 0x11, 0xD0, 0xC0, 0x21, 0x49, 0x00, 0x43, 0x46, 0x5A, 0x68, 0x05, 0x4B, 0xD2, 0x18, 0x44, 0x46
	.byte 0xE0, 0x68, 0xC0, 0x18, 0xA3, 0x68, 0x1B, 0x18, 0x08, 0x20, 0xF6, 0xF7, 0x64, 0xFF, 0x11, 0xE0
	.byte 0x00, 0x00, 0x00, 0xEC, 0xFF, 0xFF, 0xC0, 0x21, 0x49, 0x00, 0x46, 0x46, 0x72, 0x68, 0xA0, 0x20
	.byte 0x40, 0x01, 0x12, 0x18, 0xF0, 0x68, 0x07, 0x4B, 0xC0, 0x18, 0xB3, 0x68, 0x1B, 0x18, 0x08, 0x20
	.byte 0xF6, 0xF7, 0x51, 0xFF, 0xAD, 0x24, 0x64, 0x00, 0x3A, 0x19, 0x11, 0x88, 0x02, 0x20, 0x08, 0x43
	.byte 0x10, 0x80, 0x35, 0xE0, 0x00, 0x00, 0x00, 0xEC, 0xFF, 0xFF, 0xAD, 0x26, 0x76, 0x00, 0xBA, 0x19
	.byte 0x11, 0x88, 0x01, 0x48, 0x08, 0x40, 0x10, 0x80, 0x2A, 0xE0, 0xFD, 0xFF, 0x00, 0x00, 0x02, 0x30
	.byte 0x81, 0x42, 0x25, 0xD1, 0x50, 0x46, 0x01, 0x8A, 0x02, 0x24, 0x20, 0x1C, 0x08, 0x40, 0x00, 0x28
	.byte 0x08, 0xD0, 0x80, 0x21, 0x49, 0x00, 0x1B, 0x48, 0x00, 0x68, 0x02, 0x69, 0x43, 0x69, 0x0F, 0x20
	.byte 0xF6, 0xF7, 0x29, 0xFF, 0x19, 0x49, 0x78, 0x18, 0x00, 0x78, 0x01, 0x28, 0x10, 0xD8, 0xAD, 0x22
	.byte 0x52, 0x00, 0xB8, 0x18, 0x01, 0x88, 0x20, 0x1C, 0x08, 0x40, 0x00, 0x28, 0x08, 0xD0, 0x43, 0x46
	.byte 0x58, 0x6B, 0x99, 0x6B, 0x11, 0x22, 0x52, 0x42, 0x10, 0x40, 0x44, 0x46, 0x60, 0x63, 0xA1, 0x63
	.byte 0x02, 0x2D, 0x20, 0xD1, 0x80, 0x21, 0x49, 0x00, 0x0B, 0x48, 0x00, 0x68, 0x02, 0x69, 0x43, 0x69
	.byte 0x08, 0x20, 0xF6, 0xF7, 0x08, 0xFF, 0x38, 0x1C, 0x21, 0x21, 0xFC, 0xF7, 0x4E, 0xF9, 0x45, 0x46
	.byte 0x68, 0x6B, 0xA9, 0x6B, 0x06, 0x4A, 0x06, 0x4B, 0x10, 0x43, 0x46, 0x46, 0x70, 0x63, 0xB1, 0x63
	.byte 0x04, 0xF0, 0x75, 0xFC, 0x00, 0x00, 0x84, 0x9B, 0x03, 0x02, 0x61, 0x01, 0x00, 0x00, 0x00, 0x02
	.byte 0x00, 0x00, 0x00, 0x00, 0x00, 0x00, 0x3C, 0x1C, 0x0C, 0x34, 0x20, 0x1C, 0xE3, 0xF7, 0x51, 0xFC
	.byte 0x00, 0x06, 0xA1, 0x46, 0x00, 0x28, 0x0C, 0xD0, 0x23, 0x99, 0x08, 0x68, 0xC1, 0x6E, 0x80, 0x6E
	.byte 0x80, 0x22, 0x12, 0x02, 0x10, 0x40, 0x00, 0x21, 0x08, 0x43, 0x00, 0x28, 0x01, 0xD1, 0x04, 0xF0
	.byte 0xF2, 0xFA, 0x48, 0x46, 0xE3, 0xF7, 0x49, 0xFC, 0x00, 0x04, 0x00, 0x0C, 0x02, 0x28, 0x00, 0xD9
	.byte 0x87, 0xE0, 0x23, 0x9A, 0x10, 0x68, 0x86, 0x6F, 0x00, 0x2E, 0x64, 0xD0, 0x48, 0x46, 0xE3, 0xF7
	.byte 0x3C, 0xFC, 0x00, 0x04, 0x00, 0x0C, 0x01, 0x28, 0x31, 0xD9, 0x70, 0x68, 0x43, 0x46, 0x5C, 0x68
	.byte 0x03, 0x1B, 0xB1, 0x68, 0x45, 0x46, 0xA8, 0x68, 0x0D, 0x1A, 0x42, 0x46, 0x50, 0x6B, 0x91, 0x6B
	.byte 0x04, 0x22, 0x10, 0x40, 0x00, 0x21, 0x08, 0x43, 0x00, 0x28, 0x0A, 0xD0, 0x00, 0x2B, 0x00, 0xDD
	.byte 0x00, 0x23, 0x41, 0x46, 0x48, 0x69, 0xC0, 0x18, 0x01, 0x4A, 0x0A, 0xE0, 0x00, 0x00, 0x00, 0xF0
	.byte 0xFF, 0xFF, 0x00, 0x2B, 0x00, 0xDA, 0x00, 0x23, 0x41, 0x46, 0x48, 0x69, 0xC0, 0x18, 0x80, 0x22
	.byte 0x52, 0x01, 0xA1, 0x18, 0x40, 0x1A, 0xC0, 0x10, 0x20, 0x18, 0x43, 0x46, 0x58, 0x60, 0x44, 0x46
	.byte 0xA0, 0x69, 0x40, 0x19, 0xA1, 0x68, 0x40, 0x1A, 0x00, 0x11, 0x09, 0x18, 0xA1, 0x60, 0x55, 0x46
	.byte 0x29, 0x8A, 0x01, 0x20, 0x08, 0x40, 0x00, 0x28, 0x43, 0xD0, 0x30, 0x1C, 0xA2, 0x30, 0x00, 0x21
	.byte 0x40, 0x5E, 0x00, 0x02, 0xF1, 0x68, 0x09, 0x1A, 0x42, 0x46, 0xD5, 0x68, 0x4E, 0x1B, 0x00, 0x2E
	.byte 0x37, 0xDA, 0x23, 0x9B, 0x1C, 0x68, 0xA0, 0x6E, 0xE1, 0x6E, 0x09, 0x4B, 0x08, 0x4A, 0x10, 0x43
	.byte 0xA0, 0x66, 0xE1, 0x66, 0x44, 0x46, 0xE0, 0x69, 0x80, 0x19, 0x40, 0x1B, 0xC0, 0x10, 0x28, 0x18
	.byte 0xE0, 0x60, 0xA8, 0x25, 0x6D, 0x00, 0x79, 0x19, 0x00, 0x20, 0x08, 0x60, 0x21, 0xE0, 0x00, 0x80
	.byte 0x00, 0x00, 0x00, 0x00, 0x00, 0x00, 0x46, 0x46, 0x70, 0x6B, 0xB1, 0x6B, 0x04, 0x22, 0x10, 0x40
	.byte 0x00, 0x21, 0x08, 0x43, 0x00, 0x28, 0x0A, 0xD0, 0x70, 0x69, 0x03, 0x49, 0x40, 0x18, 0x71, 0x68
	.byte 0x40, 0x1A, 0xC0, 0x10, 0x09, 0x18, 0x71, 0x60, 0x0B, 0xE0, 0x00, 0xD8, 0xFF, 0xFF, 0x42, 0x46
	.byte 0x50, 0x69, 0xA0, 0x23, 0x9B, 0x01, 0xC0, 0x18, 0x51, 0x68, 0x40, 0x1A, 0xC0, 0x10, 0x09, 0x18
	.byte 0x51, 0x60, 0xAA, 0x24, 0x64, 0x00, 0x39, 0x19, 0x04, 0xF0, 0xA8, 0xFB, 0x38, 0x1C, 0xFB, 0xF7
	.byte 0xFC, 0xFC, 0x23, 0x9D, 0x28, 0x68, 0xC1, 0x6E, 0x80, 0x6E, 0x80, 0x22, 0x12, 0x02, 0x10, 0x40
	.byte 0x00, 0x21, 0x08, 0x43, 0x00, 0x28, 0x01, 0xD0, 0x04, 0xF0, 0x81, 0xF9, 0x46, 0x46, 0xF1, 0x68
	.byte 0x30, 0x69, 0x81, 0x42, 0x01, 0xDA, 0x04, 0xF0, 0x7A, 0xF9, 0xAA, 0x20, 0x40, 0x00, 0x3C, 0x18
	.byte 0x00, 0x21, 0x60, 0x5E, 0x00, 0x28, 0x08, 0xD1, 0x38, 0x1C, 0x33, 0x21, 0x00, 0x22, 0xFB, 0xF7
	.byte 0xEC, 0xFC, 0x00, 0x20, 0x1E, 0x21, 0xE3, 0xF7, 0xB8, 0xFE, 0x00, 0x22, 0xA0, 0x5E, 0x1E, 0x28
	.byte 0x07, 0xD1, 0x3C, 0x20, 0xF4, 0xF7, 0x8B, 0xFE, 0xA5, 0x20, 0x80, 0x00, 0xFD, 0xF0, 0x23, 0xFD
	.byte 0x79, 0xE0, 0x1E, 0x28, 0x77, 0xDD, 0xF0, 0xF7, 0x5C, 0xFA, 0x00, 0x06, 0x00, 0x28, 0x72, 0xD1
	.byte 0x1A, 0x4D, 0x28, 0x68, 0xC4, 0x6F, 0x20, 0x1C, 0x0A, 0x21, 0xF6, 0xF7, 0xA4, 0xFE, 0xA0, 0x8D
	.byte 0x32, 0x30, 0xA0, 0x85, 0x00, 0x04, 0x00, 0x14, 0xE2, 0x8D, 0x2E, 0x23, 0xE1, 0x5E, 0x88, 0x42
	.byte 0x00, 0xDD, 0xA2, 0x85, 0x2B, 0x68, 0x98, 0x6E, 0xD9, 0x6E, 0x80, 0x22, 0xD2, 0x01, 0x10, 0x40
	.byte 0x00, 0x21, 0x08, 0x43, 0x00, 0x28, 0x1C, 0xD0, 0x0D, 0x48, 0x00, 0x68, 0xC4, 0x6F, 0x20, 0x1C
	.byte 0xE8, 0x30, 0x00, 0x68, 0x02, 0x28, 0x39, 0xD0, 0x20, 0x1C, 0x0A, 0x21, 0xF6, 0xF7, 0x83, 0xFE
	.byte 0xA0, 0x8D, 0x32, 0x30, 0xA0, 0x85, 0x00, 0x04, 0x00, 0x14, 0xE2, 0x8D, 0x2E, 0x25, 0x61, 0x5F
	.byte 0x88, 0x42, 0x2B, 0xDD, 0xA2, 0x85, 0x29, 0xE0, 0x00, 0x00, 0x84, 0x9B, 0x03, 0x02, 0x9C, 0x9B
	.byte 0x03, 0x02, 0x18, 0x1C, 0x80, 0x30, 0xDE, 0xF7, 0xEC, 0xFB, 0x1C, 0xE0, 0x20, 0x1C, 0xE8, 0x30
	.byte 0x00, 0x68, 0x02, 0x28, 0x13, 0xD0, 0x20, 0x1C, 0xD8, 0x30, 0x00, 0x68, 0x00, 0x28, 0x0E, 0xD1
	.byte 0x20, 0x1C, 0x0A, 0x21, 0xF6, 0xF7, 0x5F, 0xFE, 0xA0, 0x8D, 0x32, 0x30, 0xA0, 0x85, 0x00, 0x04
	.byte 0x00, 0x14, 0xE2, 0x8D, 0x2E, 0x26, 0xA1, 0x5F, 0x88, 0x42, 0x00, 0xDD, 0xA2, 0x85, 0x20, 0x1C
	.byte 0xB8, 0x30, 0xDE, 0xF7, 0xF2, 0xFB, 0x04, 0x1C, 0x00, 0x2C, 0xDF, 0xD1, 0xB9, 0x21, 0x49, 0x00
	.byte 0x78, 0x18, 0x00, 0x78, 0x00, 0x28, 0x02, 0xD0, 0x53, 0xF0, 0xFD, 0xFE, 0x01, 0xE0, 0x5B, 0xF0
	.byte 0x6E, 0xFE, 0x38, 0x1C, 0x01, 0x21, 0xFB, 0xF7, 0xE8, 0xFF, 0x00, 0x20, 0x10, 0x21, 0xE3, 0xF7
	.byte 0x02, 0xFE, 0x04, 0xF0, 0x14, 0xFB, 0xAA, 0x22, 0x52, 0x00, 0xB9, 0x18, 0x04, 0xF0, 0xF6, 0xFA
	.byte 0x23, 0x9B, 0x18, 0x68, 0xC1, 0x6E, 0x80, 0x6E, 0x80, 0x22, 0x12, 0x02, 0x10, 0x40, 0x00, 0x21
	.byte 0x08, 0x43, 0x00, 0x28, 0x01, 0xD0, 0x04, 0xF0, 0xD2, 0xF8, 0x44, 0x46, 0xE1, 0x68, 0x20, 0x69
	.byte 0x81, 0x42, 0x01, 0xDA, 0x04, 0xF0, 0xCB, 0xF8, 0x38, 0x1C, 0xFB, 0xF7, 0xD8, 0xFB, 0xAA, 0x25
	.byte 0x6D, 0x00, 0x7C, 0x19, 0x00, 0x26, 0xA0, 0x5F, 0x00, 0x28, 0x07, 0xD1, 0x38, 0x1C, 0x2B, 0x21
	.byte 0x00, 0x22, 0xFB, 0xF7, 0x3A, 0xFC, 0xB6, 0x20, 0xFD, 0xF0, 0x7D, 0xFC, 0x00, 0x21, 0x60, 0x5E
	.byte 0x28, 0x28, 0x66, 0xD1, 0xE4, 0xF7, 0x11, 0xF8, 0x01, 0x21, 0x01, 0x40, 0x00, 0x29, 0x09, 0xD1
	.byte 0x07, 0x48, 0x03, 0x68, 0x98, 0x6E, 0xD9, 0x6E, 0x06, 0x4A, 0x10, 0x40, 0x00, 0x21, 0x08, 0x43
	.byte 0x00, 0x28, 0x08, 0xD0, 0x40, 0x46, 0x02, 0x21, 0xF6, 0xF7, 0xF5, 0xFD, 0x51, 0xE0, 0x84, 0x9B
	.byte 0x03, 0x02, 0x04, 0x48, 0x00, 0x00, 0x80, 0x24, 0xE4, 0x02, 0x00, 0x22, 0x91, 0x46, 0x18, 0x1C
	.byte 0x80, 0x30, 0xDE, 0xF7, 0x66, 0xFB, 0x18, 0xE0, 0x43, 0x46, 0x5A, 0x68, 0x70, 0x68, 0x12, 0x1A
	.byte 0x12, 0x12, 0x99, 0x68, 0xB0, 0x68, 0x09, 0x1A, 0x09, 0x12, 0x10, 0x1C, 0x50, 0x43, 0x0D, 0x1C
	.byte 0x4D, 0x43, 0x29, 0x1C, 0x40, 0x18, 0xE1, 0xF7, 0x5C, 0xFB, 0xA0, 0x42, 0x01, 0xDA, 0x04, 0x1C
	.byte 0xB1, 0x46, 0x30, 0x1C, 0xB8, 0x30, 0xDE, 0xF7, 0x70, 0xFB, 0x06, 0x1C, 0x00, 0x2E, 0xE3, 0xD1
	.byte 0x4E, 0x46, 0x00, 0x2E, 0x21, 0xD0, 0x04, 0x20, 0x0F, 0x21, 0x20, 0x22, 0xE3, 0xF7, 0x43, 0xFE
	.byte 0x74, 0x6B, 0xB5, 0x6B, 0x80, 0x22, 0x00, 0x20, 0x29, 0x1C, 0x11, 0x40, 0x0E, 0x1C, 0x06, 0x43
	.byte 0x00, 0x2E, 0x04, 0xD0, 0x48, 0x46, 0x00, 0x21, 0xF6, 0xF7, 0xB5, 0xFD, 0x11, 0xE0, 0x40, 0x20
	.byte 0x00, 0x21, 0x22, 0x1C, 0x02, 0x43, 0x2B, 0x1C, 0x48, 0x46, 0x42, 0x63, 0x83, 0x63, 0x46, 0x62
	.byte 0xA7, 0x20, 0x80, 0x00, 0xFD, 0xF0, 0x17, 0xFC, 0x03, 0xE0, 0x40, 0x46, 0x02, 0x21, 0xF6, 0xF7
	.byte 0xA2, 0xFD, 0xAA, 0x22, 0x52, 0x00, 0xB9, 0x18, 0x0A, 0x88, 0x00, 0x23, 0xC8, 0x5E, 0x29, 0x28
	.byte 0x01, 0xDD, 0x04, 0xF0, 0x10, 0xF9, 0x04, 0xF0, 0xFC, 0xF9, 0x23, 0x9C, 0x20, 0x68, 0xC1, 0x6E
	.byte 0x80, 0x6E, 0x80, 0x22, 0x12, 0x02, 0x10, 0x40, 0x00, 0x21, 0x08, 0x43, 0x00, 0x28, 0x01, 0xD0
	.byte 0x04, 0xF0, 0x35, 0xF8, 0x45, 0x46, 0xE9, 0x68, 0x28, 0x69, 0x81, 0x42, 0x01, 0xDA, 0x04, 0xF0
	.byte 0x2E, 0xF8, 0x38, 0x1C, 0xFB, 0xF7, 0x99, 0xFB, 0xAA, 0x26, 0x76, 0x00, 0xBC, 0x19, 0x00, 0x21
	.byte 0x60, 0x5E, 0x00, 0x28, 0x07, 0xD1, 0x38, 0x1C, 0x2B, 0x21, 0x00, 0x22, 0xFB, 0xF7, 0x9D, 0xFB
	.byte 0x9E, 0x20, 0xFD, 0xF0, 0xE0, 0xFB, 0x00, 0x22, 0xA0, 0x5E, 0x28, 0x28, 0x13, 0xD1, 0x07, 0x20
	.byte 0x08, 0x21, 0xE3, 0xF7, 0x30, 0xFD, 0xE3, 0xF7, 0x72, 0xFE, 0x04, 0x48, 0xFD, 0xF0, 0xD3, 0xFB
	.byte 0x04, 0x48, 0x00, 0x68, 0x72, 0x30, 0x08, 0x21, 0x01, 0x80, 0x12, 0xE0, 0x00, 0x00, 0x95, 0x02
	.byte 0x00, 0x00, 0x84, 0x9B, 0x03, 0x02, 0x29, 0x28, 0x0B, 0xD1, 0x43, 0x46, 0x59, 0x68, 0x9A, 0x68
	.byte 0xDB, 0x68, 0x80, 0x20, 0x40, 0x00, 0x00, 0x90, 0x01, 0x90, 0x02, 0x90, 0x6E, 0x20, 0xEF, 0xF7
	.byte 0x3E, 0xFC, 0xAA, 0x24, 0x64, 0x00, 0x39, 0x19, 0x0A, 0x88, 0x00, 0x25, 0x48, 0x5F, 0x46, 0x28
	.byte 0x01, 0xDD, 0x04, 0xF0, 0xB8, 0xF8, 0x04, 0xF0, 0xA4, 0xF9, 0x23, 0x9E, 0x30, 0x68, 0xC1, 0x6E
	.byte 0x80, 0x6E, 0x80, 0x22, 0x12, 0x02, 0x10, 0x40, 0x00, 0x21, 0x08, 0x43, 0x00, 0x28, 0x01, 0xD0
	.byte 0x03, 0xF0, 0xDD, 0xFF, 0x40, 0x46, 0xC1, 0x68, 0x00, 0x69, 0x81, 0x42, 0x01, 0xDA, 0x03, 0xF0
	.byte 0xD6, 0xFF, 0x38, 0x1C, 0xFB, 0xF7, 0x41, 0xFB, 0xAA, 0x21, 0x49, 0x00, 0x7C, 0x18, 0x00, 0x22
	.byte 0xA0, 0x5E, 0x00, 0x28, 0x07, 0xD1, 0x38, 0x1C, 0x2D, 0x21, 0x00, 0x22, 0xFB, 0xF7, 0x45, 0xFB
	.byte 0xAA, 0x20, 0xFD, 0xF0, 0x88, 0xFB, 0x00, 0x23, 0xE0, 0x5E, 0x1B, 0x28, 0x31, 0xD1, 0xB1, 0x24
	.byte 0x64, 0x00, 0x38, 0x19, 0x00, 0x78, 0x01, 0x28, 0x11, 0xD0, 0x01, 0x28, 0x02, 0xDC, 0x00, 0x28
	.byte 0x03, 0xD0, 0x1F, 0xE0, 0x02, 0x28, 0x14, 0xD0, 0x1C, 0xE0, 0x45, 0x46, 0x69, 0x68, 0xAA, 0x68
	.byte 0xEB, 0x68, 0x51, 0x20, 0x00, 0x90, 0x00, 0x20, 0xF6, 0xF7, 0xA7, 0xF8, 0x12, 0xE0, 0x46, 0x46
	.byte 0x71, 0x68, 0xB2, 0x68, 0xF3, 0x68, 0x52, 0x20, 0x00, 0x90, 0x01, 0x20, 0xF6, 0xF7, 0x9D, 0xF8
	.byte 0x08, 0xE0, 0x40, 0x46, 0x41, 0x68, 0x82, 0x68, 0xC3, 0x68, 0x53, 0x20, 0x00, 0x90, 0x02, 0x20
	.byte 0xF6, 0xF7, 0x93, 0xF8, 0x02, 0x48, 0xFD, 0xF0, 0x56, 0xFB, 0x0A, 0xE0, 0x00, 0x00, 0xBA, 0x02
	.byte 0x00, 0x00, 0x1B, 0x28, 0x05, 0xDD, 0xF0, 0xF7, 0x8C, 0xF8, 0x00, 0x06, 0x00, 0x28, 0x00, 0xD1
	.byte 0x22, 0xE3, 0xAA, 0x22, 0x52, 0x00, 0xB9, 0x18, 0x04, 0xF0, 0x98, 0xF9, 0x23, 0x9B, 0x18, 0x68
	.byte 0xC1, 0x6E, 0x80, 0x6E, 0x80, 0x22, 0x12, 0x02, 0x10, 0x40, 0x00, 0x21, 0x08, 0x43, 0x00, 0x28
	.byte 0x01, 0xD0, 0x03, 0xF0, 0x74, 0xFF, 0x44, 0x46, 0xE1, 0x68, 0x20, 0x69, 0x81, 0x42, 0x01, 0xDA
	.byte 0x03, 0xF0, 0x6D, 0xFF, 0x38, 0x1C, 0xFB, 0xF7, 0xD8, 0xFA, 0xAA, 0x25, 0x6D, 0x00, 0x7C, 0x19
	.byte 0x00, 0x26, 0xA0, 0x5F, 0x00, 0x28, 0x07, 0xD1, 0x38, 0x1C, 0x2D, 0x21, 0x00, 0x22, 0xFB, 0xF7
	.byte 0xDC, 0xFA, 0xAB, 0x20, 0xFD, 0xF0, 0x1F, 0xFB, 0x00, 0x21, 0x60, 0x5E, 0x1B, 0x28, 0x28, 0xD1
	.byte 0x23, 0x9A, 0x10, 0x68, 0x82, 0x6F, 0x00, 0x2A, 0x01, 0xD0, 0x50, 0x68, 0x15, 0xE0, 0x43, 0x46
	.byte 0x58, 0x6B, 0x99, 0x6B, 0x04, 0x22, 0x10, 0x40, 0x00, 0x21, 0x08, 0x43, 0x00, 0x28, 0x06, 0xD0
	.byte 0x58, 0x68, 0x01, 0x4C, 0x00, 0x19, 0x07, 0xE0, 0x00, 0x00, 0x00, 0xE8, 0xFF, 0xFF, 0x45, 0x46
	.byte 0x68, 0x68, 0xC0, 0x26, 0x76, 0x01, 0x80, 0x19, 0x42, 0x46, 0x91, 0x68, 0x12, 0x69, 0x70, 0x23
	.byte 0xF4, 0xF7, 0x4B, 0xFE, 0x02, 0x48, 0xFD, 0xF0, 0xF6, 0xFA, 0x0A, 0xE0, 0x00, 0x00, 0x96, 0x02
	.byte 0x00, 0x00, 0x1B, 0x28, 0x05, 0xDD, 0xF0, 0xF7, 0x2C, 0xF8, 0x00, 0x06, 0x00, 0x28, 0x00, 0xD1
	.byte 0xC2, 0xE2, 0xAA, 0x23, 0x5B, 0x00, 0xF9, 0x18, 0x04, 0xF0, 0x38, 0xF9, 0x23, 0x9C, 0x20, 0x68
	.byte 0xC1, 0x6E, 0x80, 0x6E, 0x80, 0x22, 0x12, 0x02, 0x10, 0x40, 0x00, 0x21, 0x08, 0x43, 0x00, 0x28
	.byte 0x01, 0xD0, 0x03, 0xF0, 0x14, 0xFF, 0x45, 0x46, 0xE9, 0x68, 0x28, 0x69, 0x81, 0x42, 0x01, 0xDA
	.byte 0x03, 0xF0, 0x0D, 0xFF, 0xAA, 0x26, 0x76, 0x00, 0xBC, 0x19, 0x00, 0x21, 0x60, 0x5E, 0x00, 0x28
	.byte 0x0A, 0xD1, 0x38, 0x1C, 0x2D, 0x21, 0x00, 0x22, 0xFB, 0xF7, 0x7F, 0xFA, 0x38, 0x1C, 0xFB, 0xF7
	.byte 0x6C, 0xFA, 0xB6, 0x20, 0xFD, 0xF0, 0xBF, 0xFA, 0x00, 0x22, 0xA0, 0x5E, 0x1B, 0x28, 0x20, 0xD1
	.byte 0x43, 0x46, 0x58, 0x6B, 0x99, 0x6B, 0x04, 0x22, 0x10, 0x40, 0x00, 0x21, 0x0A, 0x1C, 0x02, 0x43
	.byte 0x00, 0x2A, 0x08, 0xD0, 0x58, 0x68, 0x99, 0x68, 0x01, 0x22, 0x00, 0x92, 0x00, 0x22, 0x71, 0x23
	.byte 0xF5, 0xF7, 0x6D, 0xF8, 0x07, 0xE0, 0x44, 0x46, 0x60, 0x68, 0xA1, 0x68, 0x00, 0x92, 0x00, 0x22
	.byte 0x71, 0x23, 0xF5, 0xF7, 0x64, 0xF8, 0x01, 0x48, 0xFD, 0xF0, 0x9D, 0xFA, 0x49, 0xE0, 0x9A, 0x02
	.byte 0x00, 0x00, 0x1B, 0x28, 0x45, 0xDD, 0x38, 0x1C, 0xFB, 0xF7, 0x25, 0xFA, 0x20, 0x20, 0x17, 0x9D
	.byte 0x28, 0x40, 0x00, 0x28, 0x07, 0xD0, 0x02, 0x48, 0x00, 0x21, 0x00, 0x22, 0xF1, 0xF7, 0x01, 0xFF
	.byte 0x0C, 0xE0, 0x00, 0xFF, 0xFF, 0xFF, 0x10, 0x20, 0x17, 0x9E, 0x30, 0x40, 0x00, 0x28, 0x05, 0xD0
	.byte 0x80, 0x20, 0x40, 0x00, 0x00, 0x21, 0x00, 0x22, 0xF1, 0xF7, 0xF3, 0xFE, 0x40, 0x20, 0x17, 0x99
	.byte 0x08, 0x40, 0x00, 0x28, 0x06, 0xD0, 0x80, 0x21, 0x49, 0x42, 0x00, 0x20, 0x00, 0x22, 0xF1, 0xF7
	.byte 0xE8, 0xFE, 0x09, 0xE0, 0x80, 0x20, 0x17, 0x9A, 0x10, 0x40, 0x00, 0x28, 0x04, 0xD0, 0x00, 0x20
	.byte 0x80, 0x21, 0x00, 0x22, 0xF1, 0xF7, 0xDD, 0xFE, 0xEF, 0xF7, 0xA3, 0xFF, 0x00, 0x06, 0x00, 0x28
	.byte 0x0F, 0xD1, 0x38, 0x1C, 0x2E, 0x21, 0x00, 0x22, 0xFB, 0xF7, 0x17, 0xFA, 0x38, 0x1C, 0x52, 0x21
	.byte 0xFB, 0xF7, 0x93, 0xFD, 0x02, 0x48, 0xFD, 0xF0, 0xBC, 0xFA, 0x04, 0xF0, 0xC0, 0xF8, 0x9A, 0x02
	.byte 0x00, 0x00, 0xAA, 0x23, 0x5B, 0x00, 0xF9, 0x18, 0x04, 0xF0, 0xA0, 0xF8, 0x23, 0x9C, 0x20, 0x68
	.byte 0xC1, 0x6E, 0x80, 0x6E, 0x80, 0x22, 0x12, 0x02, 0x10, 0x40, 0x00, 0x21, 0x08, 0x43, 0x00, 0x28
	.byte 0x01, 0xD0, 0x03, 0xF0, 0x7C, 0xFE, 0x45, 0x46, 0xE9, 0x68, 0x28, 0x69, 0x81, 0x42, 0x01, 0xDA
	.byte 0x03, 0xF0, 0x75, 0xFE, 0x38, 0x1C, 0xFB, 0xF7, 0xE0, 0xF9, 0xAA, 0x26, 0x76, 0x00, 0xBC, 0x19
	.byte 0x00, 0x21, 0x60, 0x5E, 0x00, 0x28, 0x07, 0xD1, 0x38, 0x1C, 0x2D, 0x21, 0x00, 0x22, 0xFB, 0xF7
	.byte 0xE4, 0xF9, 0x9E, 0x20, 0xFD, 0xF0, 0x27, 0xFA, 0x00, 0x22, 0xA0, 0x5E, 0x1B, 0x28, 0x0F, 0xD0
	.byte 0x1B, 0x28, 0x01, 0xDC, 0x04, 0xF0, 0x6F, 0xF8, 0xAC, 0x23, 0x5B, 0x00, 0xF9, 0x18, 0x08, 0x88
	.byte 0x01, 0x38, 0x08, 0x80, 0x00, 0x04, 0x00, 0x28, 0x01, 0xDD, 0x04, 0xF0, 0x64, 0xF8, 0xEB, 0xE1
	.byte 0xAC, 0x24, 0x64, 0x00, 0x39, 0x19, 0x14, 0x20, 0x08, 0x80, 0x0C, 0xF0, 0xC8, 0xFB, 0x45, 0x46
	.byte 0x69, 0x68, 0xAA, 0x68, 0xEB, 0x68, 0x80, 0x20, 0x40, 0x00, 0x00, 0x90, 0x01, 0x90, 0x02, 0x90
	.byte 0x72, 0x20, 0xEF, 0xF7, 0x84, 0xFA, 0x04, 0x20, 0x10, 0x21, 0x14, 0x22, 0xE3, 0xF7, 0x0B, 0xFC
	.byte 0x9E, 0x20, 0x80, 0x00, 0xFD, 0xF0, 0xF7, 0xF9, 0x04, 0xF0, 0x45, 0xF8, 0x23, 0x99, 0x08, 0x68
	.byte 0xC1, 0x6E, 0x80, 0x6E, 0x80, 0x22, 0x12, 0x02, 0x10, 0x40, 0x00, 0x21, 0x08, 0x43, 0x00, 0x28
	.byte 0x01, 0xD0, 0x03, 0xF0, 0x24, 0xFE, 0x42, 0x46, 0xD1, 0x68, 0x10, 0x69, 0x81, 0x42, 0x01, 0xDA
	.byte 0x03, 0xF0, 0x1D, 0xFE, 0x38, 0x1C, 0xFB, 0xF7, 0x88, 0xF9, 0xAA, 0x23, 0x5B, 0x00, 0xFC, 0x18
	.byte 0x00, 0x25, 0x60, 0x5F, 0x00, 0x28, 0x07, 0xD1, 0x38, 0x1C, 0x2D, 0x21, 0x00, 0x22, 0xFB, 0xF7
	.byte 0x8C, 0xF9, 0xA9, 0x20, 0xFD, 0xF0, 0xCF, 0xF9, 0x00, 0x26, 0xA0, 0x5F, 0x1B, 0x28, 0x10, 0xD0
	.byte 0x1B, 0x28, 0x1B, 0xDD, 0xEF, 0xF7, 0x05, 0xFF, 0x00, 0x06, 0x00, 0x28, 0x16, 0xD1, 0xAC, 0x20
	.byte 0x40, 0x00, 0x39, 0x18, 0x08, 0x88, 0x01, 0x38, 0x08, 0x80, 0x00, 0x04, 0x00, 0x28, 0x0D, 0xDC
	.byte 0x92, 0xE1, 0xAC, 0x22, 0x52, 0x00, 0xB9, 0x18, 0x14, 0x20, 0x08, 0x80, 0x43, 0x46, 0x58, 0x68
	.byte 0x73, 0x21, 0xF5, 0xF7, 0x32, 0xF8, 0x03, 0x48, 0xFD, 0xF0, 0xAD, 0xF9, 0xAA, 0x24, 0x64, 0x00
	.byte 0x39, 0x19, 0x03, 0xF0, 0xFB, 0xFF, 0x99, 0x02, 0x00, 0x00, 0x23, 0x9D, 0x28, 0x68, 0xC1, 0x6E
	.byte 0x80, 0x6E, 0x80, 0x22, 0x12, 0x02, 0x10, 0x40, 0x00, 0x21, 0x08, 0x43, 0x00, 0x28, 0x01, 0xD0
	.byte 0x03, 0xF0, 0xD5, 0xFD, 0x46, 0x46, 0xF1, 0x68, 0x30, 0x69, 0x81, 0x42, 0x01, 0xDA, 0x03, 0xF0
	.byte 0xCE, 0xFD, 0x38, 0x1C, 0xFB, 0xF7, 0x39, 0xF9, 0xAA, 0x20, 0x40, 0x00, 0x3C, 0x18, 0x00, 0x21
	.byte 0x60, 0x5E, 0x00, 0x28, 0x04, 0xD1, 0x38, 0x1C, 0x2B, 0x21, 0x00, 0x22, 0xFB, 0xF7, 0x3D, 0xF9
	.byte 0x00, 0x22, 0xA0, 0x5E, 0x28, 0x28, 0x12, 0xD1, 0x07, 0x48, 0xFD, 0xF0, 0x7C, 0xF9, 0x08, 0x20
	.byte 0x08, 0x21, 0xE3, 0xF7, 0xD0, 0xFA, 0xE3, 0xF7, 0x12, 0xFC, 0x03, 0x48, 0x00, 0x68, 0x72, 0x30
	.byte 0x08, 0x21, 0x01, 0x80, 0x25, 0xE0, 0x6B, 0x02, 0x00, 0x00, 0x84, 0x9B, 0x03, 0x02, 0x29, 0x28
	.byte 0x1F, 0xD1, 0x07, 0x48, 0x00, 0x68, 0xC1, 0x6E, 0x80, 0x6E, 0x06, 0x4A, 0x10, 0x40, 0x00, 0x21
	.byte 0x08, 0x43, 0x00, 0x28, 0x09, 0xD0, 0x40, 0x46, 0x02, 0x21, 0xF6, 0xF7, 0xEC, 0xFA, 0x10, 0xE0
	.byte 0x00, 0x00, 0x84, 0x9B, 0x03, 0x02, 0x04, 0x48, 0x00, 0x00, 0x43, 0x46, 0x59, 0x68, 0x9A, 0x68
	.byte 0xDB, 0x68, 0x80, 0x20, 0x40, 0x00, 0x00, 0x90, 0x01, 0x90, 0x02, 0x90, 0x62, 0x20, 0xEF, 0xF7
	.byte 0xCE, 0xF9, 0xAA, 0x24, 0x64, 0x00, 0x38, 0x19, 0x00, 0x25, 0x40, 0x5F, 0x29, 0x28, 0x01, 0xDC
	.byte 0x03, 0xF0, 0x91, 0xFF, 0xE3, 0xF7, 0x91, 0xFB, 0x00, 0x06, 0x00, 0x28, 0x01, 0xD1, 0x03, 0xF0
	.byte 0x42, 0xFE, 0x03, 0xF0, 0x88, 0xFF, 0x23, 0x99, 0x08, 0x68, 0xC1, 0x6E, 0x80, 0x6E, 0x80, 0x22
	.byte 0x12, 0x02, 0x10, 0x40, 0x00, 0x21, 0x0E, 0x1C, 0x06, 0x43, 0x00, 0x2E, 0x01, 0xD0, 0x03, 0xF0
	.byte 0x66, 0xFD, 0x42, 0x46, 0xD1, 0x68, 0x10, 0x69, 0x81, 0x42, 0x01, 0xDA, 0x03, 0xF0, 0x5F, 0xFD
	.byte 0x38, 0x1C, 0xFB, 0xF7, 0x6C, 0xF8, 0xAA, 0x23, 0x5B, 0x00, 0xFD, 0x18, 0x00, 0x24, 0x28, 0x5F
	.byte 0x00, 0x28, 0x0D, 0xD1, 0x38, 0x1C, 0x01, 0x21, 0x00, 0x22, 0xFB, 0xF7, 0xCE, 0xF8, 0xAB, 0x20
	.byte 0x40, 0x00, 0x39, 0x18, 0x10, 0x20, 0x08, 0x80, 0x06, 0x20, 0x01, 0x21, 0xE3, 0xF7, 0x95, 0xFA
	.byte 0xCE, 0x21, 0x49, 0x00, 0x78, 0x18, 0xAB, 0x22, 0x52, 0x00, 0xBC, 0x18, 0x22, 0x88, 0x0A, 0x21
	.byte 0xE2, 0xF7, 0x47, 0xFE, 0xD0, 0x23, 0x5B, 0x00, 0xF8, 0x18, 0x80, 0x21, 0x89, 0x00, 0x22, 0x88
	.byte 0xE2, 0xF7, 0x3F, 0xFE, 0x20, 0x88, 0x01, 0x38, 0x20, 0x80, 0x00, 0x04, 0x00, 0x28, 0x01, 0xDD
	.byte 0x03, 0xF0, 0x19, 0xFD, 0x4B, 0x20, 0xB8, 0x63, 0x26, 0x80, 0x2E, 0x80, 0xA7, 0x20, 0x80, 0x00
	.byte 0xFD, 0xF0, 0xE9, 0xF8, 0x03, 0xF0, 0x53, 0xFF, 0xAA, 0x24, 0x64, 0x00, 0x38, 0x19, 0x00, 0x25
	.byte 0x40, 0x5F, 0x00, 0x28, 0x39, 0xD1, 0x38, 0x1C, 0xFB, 0xF7, 0x13, 0xFD, 0x06, 0x1C, 0xAB, 0x20
	.byte 0x40, 0x00, 0x39, 0x18, 0x10, 0x20, 0x08, 0x80, 0x00, 0x2E, 0x2E, 0xD0, 0xB0, 0x68, 0x41, 0x46
	.byte 0x88, 0x60, 0x30, 0x69, 0xC8, 0x60, 0x30, 0x69, 0x08, 0x61, 0x71, 0x68, 0x42, 0x46, 0x50, 0x68
	.byte 0x81, 0x42, 0x0C, 0xDD, 0x80, 0x23, 0x9B, 0x01, 0xC8, 0x18, 0x50, 0x60, 0x50, 0x6B, 0x91, 0x6B
	.byte 0x04, 0x22, 0x00, 0x23, 0x10, 0x43, 0x44, 0x46, 0x60, 0x63, 0xA1, 0x63, 0x0B, 0xE0, 0x1B, 0x4D
	.byte 0x48, 0x19, 0x41, 0x46, 0x48, 0x60, 0x48, 0x6B, 0x89, 0x6B, 0x05, 0x22, 0x52, 0x42, 0x10, 0x40
	.byte 0x42, 0x46, 0x50, 0x63, 0x91, 0x63, 0x71, 0x68, 0xB2, 0x68, 0xF3, 0x68, 0x04, 0x20, 0x00, 0x90
	.byte 0x01, 0x90, 0x02, 0x90, 0x6D, 0x20, 0xEF, 0xF7, 0x2A, 0xF9, 0xCE, 0x23, 0x5B, 0x00, 0xF8, 0x18
	.byte 0x80, 0x24, 0x64, 0x00, 0xAB, 0x26, 0x76, 0x00, 0xBD, 0x19, 0x2A, 0x88, 0x21, 0x1C, 0xE2, 0xF7
	.byte 0xE0, 0xFD, 0xD0, 0x21, 0x49, 0x00, 0x78, 0x18, 0x2A, 0x88, 0x21, 0x1C, 0xE2, 0xF7, 0xD9, 0xFD
	.byte 0x28, 0x88, 0x01, 0x38, 0x28, 0x80, 0x00, 0x04, 0x00, 0x28, 0x0A, 0xDC, 0x06, 0x20, 0x01, 0x21
	.byte 0xE3, 0xF7, 0xE1, 0xF9, 0xF6, 0xF7, 0x67, 0xFE, 0x03, 0xF0, 0x8D, 0xFD, 0x00, 0x00, 0x00, 0xE0
	.byte 0xFF, 0xFF, 0xAA, 0x22, 0x52, 0x00, 0xB9, 0x18, 0x03, 0xF0, 0xD0, 0xFE, 0x23, 0x9B, 0x18, 0x68
	.byte 0xC1, 0x6E, 0x80, 0x6E, 0x80, 0x22, 0x12, 0x02, 0x10, 0x40, 0x00, 0x21, 0x08, 0x43, 0x00, 0x28
	.byte 0x01, 0xD0, 0x03, 0xF0, 0xAC, 0xFC, 0x44, 0x46, 0xE1, 0x68, 0x20, 0x69, 0x81, 0x42, 0x01, 0xDA
	.byte 0x03, 0xF0, 0xA5, 0xFC, 0x38, 0x1C, 0xFA, 0xF7, 0xB2, 0xFF, 0xAA, 0x25, 0x6D, 0x00, 0x7C, 0x19
	.byte 0x00, 0x26, 0xA0, 0x5F, 0x00, 0x28, 0x04, 0xD1, 0x38, 0x1C, 0x2D, 0x21, 0x00, 0x22, 0xFB, 0xF7
	.byte 0x14, 0xF8, 0x00, 0x21, 0x60, 0x5E, 0x1B, 0x28, 0x27, 0xD1, 0x42, 0x46, 0x50, 0x6B, 0x91, 0x6B
	.byte 0x04, 0x22, 0x10, 0x40, 0x00, 0x21, 0x08, 0x43, 0x00, 0x28, 0x0E, 0xD0, 0x43, 0x46, 0x58, 0x68
	.byte 0xC0, 0x24, 0xA4, 0x00, 0x00, 0x19, 0x99, 0x68, 0xDA, 0x68, 0x02, 0x4D, 0x52, 0x19, 0xF3, 0xF7
	.byte 0xF8, 0xFB, 0x24, 0xE0, 0x00, 0x00, 0x00, 0xC0, 0xFF, 0xFF, 0x46, 0x46, 0x70, 0x68, 0x04, 0x49
	.byte 0x40, 0x18, 0xB1, 0x68, 0xF2, 0x68, 0x03, 0x4B, 0xD2, 0x18, 0xF3, 0xF7, 0xEA, 0xFB, 0x16, 0xE0
	.byte 0x00, 0x00, 0x00, 0xFD, 0xFF, 0xFF, 0x00, 0xC0, 0xFF, 0xFF, 0x1B, 0x28, 0x0F, 0xDD, 0xEF, 0xF7
	.byte 0x68, 0xFD, 0x00, 0x06, 0x00, 0x28, 0x0A, 0xD1, 0x38, 0x1C, 0x2E, 0x21, 0x00, 0x22, 0xFA, 0xF7
	.byte 0xDC, 0xFF, 0x38, 0x1C, 0x52, 0x21, 0xFB, 0xF7, 0x58, 0xFB, 0x03, 0xF0, 0x88, 0xFE, 0xAA, 0x24
	.byte 0x64, 0x00, 0x39, 0x19, 0x03, 0xF0, 0x6A, 0xFE, 0x23, 0x9D, 0x28, 0x68, 0xC1, 0x6E, 0x80, 0x6E
	.byte 0x80, 0x22, 0x12, 0x02, 0x10, 0x40, 0x00, 0x21, 0x08, 0x43, 0x00, 0x28, 0x01, 0xD0, 0x03, 0xF0
	.byte 0x46, 0xFC, 0x46, 0x46, 0xF1, 0x68, 0x30, 0x69, 0x81, 0x42, 0x01, 0xDA, 0x03, 0xF0, 0x3F, 0xFC
	.byte 0xAA, 0x20, 0x40, 0x00, 0x3C, 0x18, 0x00, 0x21, 0x60, 0x5E, 0x00, 0x28, 0x0A, 0xD1, 0x38, 0x1C
	.byte 0xFA, 0xF7, 0x45, 0xFF, 0x38, 0x1C, 0x2B, 0x21, 0x00, 0x22, 0xFA, 0xF7, 0xAE, 0xFF, 0xA6, 0x20
	.byte 0xFC, 0xF0, 0xF1, 0xFF, 0x00, 0x22, 0xA1, 0x5E, 0x1B, 0x29, 0x5A, 0xD1, 0xB1, 0x23, 0x5B, 0x00
	.byte 0xF8, 0x18, 0x00, 0x78, 0x01, 0x28, 0x34, 0xD0, 0x01, 0x28, 0x42, 0xDC, 0x00, 0x28, 0x40, 0xD1
	.byte 0x23, 0x9C, 0x20, 0x68, 0x86, 0x6F, 0x00, 0x2E, 0x02, 0xD0, 0x70, 0x68, 0xB4, 0x68, 0x15, 0xE0
	.byte 0x45, 0x46, 0x68, 0x6B, 0xA9, 0x6B, 0x04, 0x22, 0x10, 0x40, 0x00, 0x21, 0x08, 0x43, 0x00, 0x28
	.byte 0x05, 0xD0, 0x68, 0x68, 0x01, 0x4E, 0x80, 0x19, 0x06, 0xE0, 0x00, 0xB0, 0xFF, 0xFF, 0x41, 0x46
	.byte 0x48, 0x68, 0xA0, 0x22, 0xD2, 0x01, 0x80, 0x18, 0x43, 0x46, 0x9C, 0x68, 0x00, 0x25, 0x46, 0x46
	.byte 0x71, 0x68, 0xB2, 0x68, 0xF3, 0x68, 0x05, 0x4E, 0x9B, 0x19, 0x00, 0x90, 0x01, 0x94, 0x02, 0x95
	.byte 0x48, 0x20, 0x03, 0x90, 0x00, 0x20, 0xF2, 0xF7, 0x98, 0xFC, 0x4C, 0xE0, 0x00, 0x00, 0x00, 0xC0
	.byte 0xFF, 0xFF, 0x40, 0x46, 0x41, 0x68, 0x82, 0x68, 0xC3, 0x68, 0x04, 0x4C, 0x1B, 0x19, 0x00, 0x69
	.byte 0x00, 0x90, 0x49, 0x20, 0x01, 0x90, 0x01, 0x20, 0xF0, 0xF7, 0xC7, 0xFE, 0x3B, 0xE0, 0x00, 0xC0
	.byte 0xFF, 0xFF, 0x45, 0x46, 0x69, 0x68, 0xAA, 0x68, 0xEB, 0x68, 0x04, 0x4E, 0x9B, 0x19, 0x28, 0x69
	.byte 0x00, 0x90, 0x4A, 0x20, 0x01, 0x90, 0x02, 0x20, 0xF0, 0xF7, 0xB7, 0xFE, 0x2B, 0xE0, 0x00, 0xC0
	.byte 0xFF, 0xFF, 0xB1, 0x22, 0x52, 0x00, 0xB8, 0x18, 0x00, 0x78, 0x00, 0x28, 0x0A, 0xD0, 0x2F, 0x29
	.byte 0x08, 0xD1, 0x80, 0x22, 0x52, 0x02, 0x96, 0x23, 0x5B, 0x02, 0x0F, 0x20, 0x94, 0x21, 0xF6, 0xF7
	.byte 0x72, 0xF8, 0x18, 0xE0, 0xAA, 0x23, 0x5B, 0x00, 0xF8, 0x18, 0x00, 0x24, 0x00, 0x5F, 0x1B, 0x28
	.byte 0x11, 0xDD, 0xEF, 0xF7, 0xB6, 0xFC, 0x00, 0x06, 0x00, 0x28, 0x0C, 0xD1, 0x80, 0x21, 0x49, 0x00
	.byte 0x04, 0x48, 0x00, 0x68, 0x02, 0x69, 0x43, 0x69, 0x0F, 0x20, 0xF6, 0xF7, 0x5C, 0xF8, 0x03, 0xF0
	.byte 0x72, 0xFC, 0x84, 0x9B, 0x03, 0x02, 0x38, 0x1C, 0x0C, 0x30, 0xE2, 0xF7, 0xBA, 0xFD, 0x00, 0x06
	.byte 0x00, 0x28, 0x04, 0xD0, 0x38, 0x1C, 0x01, 0x21, 0x01, 0x22, 0xFA, 0xF7, 0x16, 0xFF, 0xAA, 0x25
	.byte 0x6D, 0x00, 0x79, 0x19, 0x03, 0xF0, 0xAA, 0xFD, 0x23, 0x9E, 0x30, 0x68, 0xC1, 0x6E, 0x80, 0x6E
	.byte 0x80, 0x22, 0x12, 0x02, 0x10, 0x40, 0x00, 0x21, 0x0A, 0x1C, 0x02, 0x43, 0x91, 0x46, 0x00, 0x2A
	.byte 0x01, 0xD0, 0x03, 0xF0, 0x84, 0xFB, 0x43, 0x46, 0xD9, 0x68, 0x18, 0x69, 0x81, 0x42, 0x01, 0xDA
	.byte 0x03, 0xF0, 0x7D, 0xFB, 0xAA, 0x25, 0x6D, 0x00, 0x7C, 0x19, 0x00, 0x26, 0xA0, 0x5F, 0x00, 0x28
	.byte 0x0F, 0xD1, 0x38, 0x1C, 0xFA, 0xF7, 0x83, 0xFE, 0x38, 0x1C, 0x2A, 0x21, 0x00, 0x22, 0xFA, 0xF7
	.byte 0xEC, 0xFE, 0xA8, 0x20, 0xFC, 0xF0, 0x2F, 0xFF, 0x02, 0x20, 0x0D, 0x21, 0x3C, 0x22, 0xE3, 0xF7
	.byte 0x0E, 0xF9, 0x00, 0x21, 0x60, 0x5E, 0x1B, 0x28, 0x00, 0xD0, 0x98, 0xE0, 0x23, 0x9A, 0x10, 0x68
	.byte 0x86, 0x6F, 0x00, 0x2E, 0x3F, 0xD0, 0x43, 0x46, 0x58, 0x6B, 0x99, 0x6B, 0x04, 0x22, 0x10, 0x40
	.byte 0x00, 0x21, 0x0D, 0x1C, 0x05, 0x43, 0x00, 0x2D, 0x17, 0xD0, 0xB1, 0x24, 0x64, 0x00, 0x3D, 0x19
	.byte 0x28, 0x78, 0x59, 0x68, 0x07, 0x4A, 0x89, 0x18, 0x9A, 0x68, 0xDB, 0x68, 0x06, 0x4C, 0x1B, 0x19
	.byte 0x74, 0x68, 0x00, 0x94, 0xB4, 0x68, 0x01, 0x94, 0x4E, 0x46, 0x02, 0x96, 0x01, 0x24, 0x03, 0x94
	.byte 0x19, 0xE0, 0x00, 0xE0, 0xFF, 0xFF, 0x00, 0xF2, 0xFF, 0xFF, 0xB1, 0x20, 0x40, 0x00, 0xC0, 0x19
	.byte 0x81, 0x46, 0x00, 0x78, 0x42, 0x46, 0x51, 0x68, 0x80, 0x23, 0x9B, 0x01, 0xC9, 0x18, 0x92, 0x68
	.byte 0x44, 0x46, 0xE3, 0x68, 0x07, 0x4C, 0x1B, 0x19, 0x74, 0x68, 0x00, 0x94, 0xB4, 0x68, 0x01, 0x94
	.byte 0x02, 0x95, 0x03, 0x95, 0x4D, 0x46, 0x2C, 0x78, 0x4B, 0x34, 0x04, 0x94, 0xF1, 0xF7, 0x67, 0xFE
	.byte 0x66, 0xE0, 0x00, 0xF2, 0xFF, 0xFF, 0x42, 0x46, 0x50, 0x6B, 0x91, 0x6B, 0x04, 0x22, 0x10, 0x40
	.byte 0x00, 0x21, 0x08, 0x43, 0x00, 0x28, 0x24, 0xD0, 0xB1, 0x23, 0x5B, 0x00, 0xFE, 0x18, 0x30, 0x78
	.byte 0x44, 0x46, 0x61, 0x68, 0x0C, 0x4D, 0x49, 0x19, 0xA2, 0x68, 0xE5, 0x68, 0x0B, 0x4B, 0x5B, 0x19
	.byte 0x99, 0x46, 0x64, 0x69, 0xA2, 0x46, 0x09, 0x4C, 0x54, 0x44, 0x00, 0x94, 0x43, 0x46, 0x9B, 0x69
	.byte 0x01, 0x93, 0x02, 0x95, 0x01, 0x24, 0x03, 0x94, 0x34, 0x78, 0x4B, 0x34, 0x04, 0x94, 0x4B, 0x46
	.byte 0xF1, 0xF7, 0x3D, 0xFE, 0x3C, 0xE0, 0x00, 0xE0, 0xFF, 0xFF, 0x00, 0xF2, 0xFF, 0xFF, 0x00, 0xC4
	.byte 0xFF, 0xFF, 0xB1, 0x24, 0x64, 0x00, 0xE4, 0x19, 0xA1, 0x46, 0x20, 0x78, 0x45, 0x46, 0x69, 0x68
	.byte 0x80, 0x22, 0x92, 0x01, 0x89, 0x18, 0xAA, 0x68, 0xED, 0x68, 0x0B, 0x4B, 0x5B, 0x19, 0x9A, 0x46
	.byte 0x44, 0x46, 0x64, 0x69, 0xA4, 0x46, 0xF0, 0x24, 0xA4, 0x01, 0x64, 0x44, 0x00, 0x94, 0x43, 0x46
	.byte 0x9B, 0x69, 0x01, 0x93, 0x02, 0x95, 0x03, 0x96, 0x4D, 0x46, 0x2C, 0x78, 0x4B, 0x34, 0x04, 0x94
	.byte 0x53, 0x46, 0xF1, 0xF7, 0x14, 0xFE, 0x13, 0xE0, 0x00, 0x00, 0x00, 0xF2, 0xFF, 0xFF, 0x1B, 0x28
	.byte 0x0E, 0xDD, 0xEF, 0xF7, 0xC6, 0xFB, 0x00, 0x06, 0x00, 0x28, 0x09, 0xD1, 0x38, 0x1C, 0x01, 0x21
	.byte 0xFB, 0xF7, 0xBB, 0xF9, 0x02, 0x20, 0x14, 0x21, 0xE3, 0xF7, 0x39, 0xF8, 0x03, 0xF0, 0xE7, 0xFC
	.byte 0x38, 0x1C, 0x0C, 0x30, 0xE2, 0xF7, 0xCD, 0xFC, 0x00, 0x06, 0x00, 0x28, 0x01, 0xD1, 0x03, 0xF0
	.byte 0xC2, 0xFC, 0x38, 0x1C, 0x01, 0x21, 0x01, 0x22, 0xFA, 0xF7, 0x27, 0xFE, 0x03, 0xF0, 0xBB, 0xFC
	.byte 0x23, 0x99, 0x08, 0x68, 0xC1, 0x6E, 0x80, 0x6E, 0x80, 0x22, 0x12, 0x02, 0x10, 0x40, 0x00, 0x21
	.byte 0x08, 0x43, 0x00, 0x28, 0x01, 0xD0, 0x03, 0xF0, 0x9A, 0xFA, 0x42, 0x46, 0xD1, 0x68, 0x10, 0x69
	.byte 0x81, 0x42, 0x01, 0xDA, 0x03, 0xF0, 0x93, 0xFA, 0xAA, 0x23, 0x5B, 0x00, 0xFC, 0x18, 0x00, 0x25
	.byte 0x60, 0x5F, 0x00, 0x28, 0x11, 0xD1, 0x38, 0x1C, 0xFA, 0xF7, 0x99, 0xFD, 0x38, 0x1C, 0x2A, 0x21
	.byte 0x00, 0x22, 0xFA, 0xF7, 0x02, 0xFE, 0xA5, 0x20, 0xFC, 0xF0, 0x45, 0xFE, 0x38, 0x1C, 0xFB, 0xF7
	.byte 0x78, 0xFA, 0xD2, 0x26, 0x76, 0x00, 0xB9, 0x19, 0x08, 0x60, 0x00, 0x21, 0x60, 0x5E, 0x1B, 0x28
	.byte 0x42, 0xD1, 0x46, 0x26, 0x42, 0x46, 0x50, 0x6B, 0x91, 0x6B, 0x04, 0x22, 0x10, 0x40, 0x00, 0x21
	.byte 0x08, 0x43, 0x00, 0x28, 0x07, 0xD0, 0x43, 0x46, 0x58, 0x68, 0x01, 0x4D, 0x44, 0x19, 0x07, 0xE0
	.byte 0x00, 0x00, 0x00, 0xA6, 0xFF, 0xFF, 0x41, 0x46, 0x48, 0x68, 0xB4, 0x22, 0xD2, 0x01, 0x84, 0x18
	.byte 0x43, 0x46, 0x9D, 0x68, 0xD8, 0x68, 0x0A, 0x49, 0x43, 0x18, 0x42, 0x46, 0x50, 0x6B, 0x91, 0x6B
	.byte 0x04, 0x22, 0x10, 0x40, 0x00, 0x21, 0x08, 0x43, 0x00, 0x28, 0x0E, 0xD0, 0x40, 0x46, 0x41, 0x68
	.byte 0x05, 0x4A, 0x89, 0x18, 0x00, 0x94, 0x01, 0x95, 0x02, 0x93, 0x01, 0x20, 0x03, 0x90, 0x04, 0x96
	.byte 0x0E, 0xE0, 0x00, 0xF0, 0xFF, 0xFF, 0x00, 0xB8, 0xFF, 0xFF, 0x42, 0x46, 0x51, 0x68, 0x90, 0x22
	.byte 0xD2, 0x01, 0x89, 0x18, 0x00, 0x94, 0x01, 0x95, 0x02, 0x93, 0x03, 0x90, 0x04, 0x96, 0x01, 0x20
	.byte 0x2A, 0x1C, 0xF0, 0xF7, 0x44, 0xF8, 0x3A, 0xE0, 0x1B, 0x28, 0x38, 0xDD, 0xD2, 0x23, 0x5B, 0x00
	.byte 0xF8, 0x18, 0x06, 0x68, 0x00, 0x2E, 0x28, 0xD0, 0x00, 0x24, 0x45, 0x46, 0x68, 0x6B, 0xA9, 0x6B
	.byte 0x04, 0x22, 0x10, 0x40, 0x00, 0x21, 0x08, 0x43, 0x00, 0x28, 0x08, 0xD0, 0x68, 0x68, 0x02, 0x49
	.byte 0x40, 0x18, 0x73, 0x68, 0x83, 0x42, 0x0B, 0xDA, 0x0C, 0xE0, 0x00, 0xE0, 0xFF, 0xFF, 0x42, 0x46
	.byte 0x50, 0x68, 0x80, 0x23, 0x9B, 0x01, 0xC0, 0x18, 0x73, 0x68, 0x83, 0x42, 0x00, 0xDD, 0x01, 0x24
	.byte 0x00, 0x2C, 0x0A, 0xD0, 0xB1, 0x68, 0x30, 0x1C, 0xA2, 0x30, 0x00, 0x24, 0x00, 0x5F, 0x00, 0x02
	.byte 0xF2, 0x68, 0x12, 0x1A, 0x18, 0x1C, 0xF1, 0xF7, 0x62, 0xFA, 0x38, 0x1C, 0xFA, 0xF7, 0x53, 0xFD
	.byte 0xEF, 0xF7, 0xFF, 0xFA, 0x00, 0x06, 0x00, 0x28, 0x01, 0xD1, 0x03, 0xF0, 0xC4, 0xFA, 0x38, 0x1C
	.byte 0x0C, 0x30, 0xE2, 0xF7, 0x0E, 0xFC, 0x00, 0x06, 0x00, 0x28, 0x04, 0xD0, 0x38, 0x1C, 0x01, 0x21
	.byte 0x01, 0x22, 0xFA, 0xF7, 0x6A, 0xFD, 0xAA, 0x25, 0x6D, 0x00, 0x79, 0x19, 0x03, 0xF0, 0xFE, 0xFB
	.byte 0x23, 0x9E, 0x30, 0x68, 0xC1, 0x6E, 0x80, 0x6E, 0x80, 0x22, 0x12, 0x02, 0x10, 0x40, 0x00, 0x21
	.byte 0x08, 0x43, 0x00, 0x28, 0x01, 0xD0, 0x03, 0xF0, 0xDA, 0xF9, 0x40, 0x46, 0xC1, 0x68, 0x00, 0x69
	.byte 0x81, 0x42, 0x01, 0xDA, 0x03, 0xF0, 0xD3, 0xF9, 0xAA, 0x21, 0x49, 0x00, 0x7C, 0x18, 0x00, 0x22
	.byte 0xA0, 0x5E, 0x00, 0x28, 0x11, 0xD1, 0x38, 0x1C, 0xFA, 0xF7, 0xD9, 0xFC, 0x38, 0x1C, 0x2A, 0x21
	.byte 0x00, 0x22, 0xFA, 0xF7, 0x42, 0xFD, 0xA4, 0x20, 0xFC, 0xF0, 0x85, 0xFD, 0x38, 0x1C, 0xFB, 0xF7
	.byte 0xB8, 0xF9, 0xD2, 0x23, 0x5B, 0x00, 0xF9, 0x18, 0x08, 0x60, 0x00, 0x25, 0x60, 0x5F, 0x1B, 0x28
	.byte 0x42, 0xD1, 0x43, 0x26, 0x42, 0x46, 0x50, 0x6B, 0x91, 0x6B, 0x04, 0x22, 0x10, 0x40, 0x00, 0x21
	.byte 0x08, 0x43, 0x00, 0x28, 0x07, 0xD0, 0x43, 0x46, 0x58, 0x68, 0x01, 0x4D, 0x44, 0x19, 0x07, 0xE0
	.byte 0x00, 0x00, 0x00, 0x38, 0xFF, 0xFF, 0x41, 0x46, 0x48, 0x68, 0xC8, 0x22, 0x12, 0x02, 0x84, 0x18
	.byte 0x43, 0x46, 0x9D, 0x68, 0xD8, 0x68, 0x0A, 0x49, 0x43, 0x18, 0x42, 0x46, 0x50, 0x6B, 0x91, 0x6B
	.byte 0x04, 0x22, 0x10, 0x40, 0x00, 0x21, 0x08, 0x43, 0x00, 0x28, 0x0E, 0xD0, 0x40, 0x46, 0x41, 0x68
	.byte 0x05, 0x4A, 0x89, 0x18, 0x00, 0x94, 0x01, 0x95, 0x02, 0x93, 0x01, 0x20, 0x03, 0x90, 0x04, 0x96
	.byte 0x0E, 0xE0, 0x00, 0xF2, 0xFF, 0xFF, 0x00, 0xB8, 0xFF, 0xFF, 0x42, 0x46, 0x51, 0x68, 0x90, 0x22
	.byte 0xD2, 0x01, 0x89, 0x18, 0x00, 0x94, 0x01, 0x95, 0x02, 0x93, 0x03, 0x90, 0x04, 0x96, 0x01, 0x20
	.byte 0x2A, 0x1C, 0xEF, 0xF7, 0x22, 0xFD, 0x3A, 0xE0, 0x1B, 0x28, 0x38, 0xDD, 0xD2, 0x23, 0x5B, 0x00
	.byte 0xF8, 0x18, 0x06, 0x68, 0x00, 0x2E, 0x28, 0xD0, 0x00, 0x24, 0x45, 0x46, 0x68, 0x6B, 0xA9, 0x6B
	.byte 0x04, 0x22, 0x10, 0x40, 0x00, 0x21, 0x08, 0x43, 0x00, 0x28, 0x08, 0xD0, 0x68, 0x68, 0x02, 0x49
	.byte 0x40, 0x18, 0x73, 0x68, 0x83, 0x42, 0x0B, 0xDA, 0x0C, 0xE0, 0x00, 0xE0, 0xFF, 0xFF, 0x42, 0x46
	.byte 0x50, 0x68, 0x80, 0x23, 0x9B, 0x01, 0xC0, 0x18, 0x73, 0x68, 0x83, 0x42, 0x00, 0xDD, 0x01, 0x24
	.byte 0x00, 0x2C, 0x0A, 0xD0, 0xB1, 0x68, 0x30, 0x1C, 0xA2, 0x30, 0x00, 0x24, 0x00, 0x5F, 0x00, 0x02
	.byte 0xF2, 0x68, 0x12, 0x1A, 0x18, 0x1C, 0xF1, 0xF7, 0xA2, 0xF9, 0x38, 0x1C, 0xFA, 0xF7, 0x93, 0xFC
	.byte 0xEF, 0xF7, 0x3F, 0xFA, 0x00, 0x06, 0x00, 0x28, 0x01, 0xD1, 0x03, 0xF0, 0x04, 0xFA, 0x38, 0x1C
	.byte 0x0C, 0x30, 0xE2, 0xF7, 0x4E, 0xFB, 0x00, 0x06, 0x00, 0x28, 0x04, 0xD0, 0x38, 0x1C, 0x01, 0x21
	.byte 0x01, 0x22, 0xFA, 0xF7, 0xAA, 0xFC, 0xAA, 0x25, 0x6D, 0x00, 0x79, 0x19, 0x03, 0xF0, 0x3E, 0xFB
	.byte 0x23, 0x9E, 0x30, 0x68, 0xC1, 0x6E, 0x80, 0x6E, 0x80, 0x22, 0x12, 0x02, 0x10, 0x40, 0x00, 0x21
	.byte 0x08, 0x43, 0x00, 0x28, 0x01, 0xD0, 0x03, 0xF0, 0x1A, 0xF9, 0x40, 0x46, 0xC1, 0x68, 0x00, 0x69
	.byte 0x81, 0x42, 0x01, 0xDA, 0x03, 0xF0, 0x13, 0xF9, 0xAA, 0x21, 0x49, 0x00, 0x7C, 0x18, 0x00, 0x22
	.byte 0xA0, 0x5E, 0x00, 0x28, 0x0A, 0xD1, 0x38, 0x1C, 0xFA, 0xF7, 0x19, 0xFC, 0x38, 0x1C, 0x2A, 0x21
	.byte 0x00, 0x22, 0xFA, 0xF7, 0x82, 0xFC, 0xA4, 0x20, 0xFC, 0xF0, 0xC5, 0xFC, 0x00, 0x23, 0xE0, 0x5E
	.byte 0x1B, 0x28, 0x70, 0xD1, 0xB1, 0x24, 0x64, 0x00, 0x38, 0x19, 0x00, 0x78, 0x00, 0x28, 0x04, 0xD0
	.byte 0x01, 0x28, 0x05, 0xD0, 0x44, 0x25, 0xA9, 0x46, 0x04, 0xE0, 0x42, 0x26, 0xB1, 0x46, 0x01, 0xE0
	.byte 0x43, 0x20, 0x81, 0x46, 0x23, 0x99, 0x08, 0x68, 0x81, 0x6F, 0x00, 0x29, 0x07, 0xD0, 0x08, 0x1C
	.byte 0xA2, 0x30, 0x00, 0x22, 0x80, 0x5E, 0x00, 0x02, 0xC9, 0x68, 0x0D, 0x1A, 0x03, 0xE0, 0x43, 0x46
	.byte 0xD8, 0x68, 0x13, 0x4C, 0x05, 0x19, 0x46, 0x46, 0x70, 0x6B, 0xB1, 0x6B, 0x04, 0x22, 0x10, 0x40
	.byte 0x00, 0x21, 0x0E, 0x1C, 0x06, 0x43, 0x00, 0x2E, 0x21, 0xD0, 0xB1, 0x21, 0x49, 0x00, 0x78, 0x18
	.byte 0x00, 0x78, 0x42, 0x46, 0x51, 0x68, 0x0B, 0x4B, 0xC9, 0x18, 0x92, 0x68, 0x44, 0x46, 0xE3, 0x68
	.byte 0x08, 0x4E, 0x9B, 0x19, 0x64, 0x69, 0x08, 0x4E, 0xA4, 0x19, 0x00, 0x94, 0x46, 0x46, 0xB4, 0x69
	.byte 0x01, 0x94, 0x02, 0x95, 0x01, 0x24, 0x03, 0x94, 0x4C, 0x46, 0x04, 0x94, 0xEF, 0xF7, 0x65, 0xFC
	.byte 0x35, 0xE0, 0x00, 0xF2, 0xFF, 0xFF, 0x00, 0xB8, 0xFF, 0xFF, 0x00, 0x38, 0xFF, 0xFF, 0xB1, 0x21
	.byte 0x49, 0x00, 0x78, 0x18, 0x00, 0x78, 0x42, 0x46, 0x51, 0x68, 0x90, 0x23, 0xDB, 0x01, 0xC9, 0x18
	.byte 0x92, 0x68, 0x44, 0x46, 0xE3, 0x68, 0x0A, 0x4C, 0xE4, 0x18, 0xA2, 0x46, 0x43, 0x46, 0x5B, 0x69
	.byte 0x9C, 0x46, 0xC8, 0x24, 0x24, 0x02, 0x64, 0x44, 0x00, 0x94, 0x44, 0x46, 0xA4, 0x69, 0x01, 0x94
	.byte 0x02, 0x95, 0x03, 0x96, 0x4D, 0x46, 0x04, 0x95, 0x53, 0x46, 0xEF, 0xF7, 0x3E, 0xFC, 0x0E, 0xE0
	.byte 0x00, 0x00, 0x00, 0xF2, 0xFF, 0xFF, 0x1B, 0x28, 0x09, 0xDD, 0x38, 0x1C, 0xFA, 0xF7, 0xDB, 0xFB
	.byte 0xEF, 0xF7, 0x87, 0xF9, 0x00, 0x06, 0x00, 0x28, 0x01, 0xD1, 0x03, 0xF0, 0x4C, 0xF9, 0x38, 0x1C
	.byte 0x0C, 0x30, 0xE2, 0xF7, 0x96, 0xFA, 0x00, 0x06, 0x00, 0x28, 0x01, 0xD1, 0x03, 0xF0, 0x8B, 0xFA
	.byte 0x38, 0x1C, 0x01, 0x21, 0x01, 0x22, 0xFA, 0xF7, 0xF0, 0xFB, 0x03, 0xF0, 0x84, 0xFA, 0x23, 0x99
	.byte 0x08, 0x68, 0xC1, 0x6E, 0x80, 0x6E, 0x80, 0x22, 0x12, 0x02, 0x10, 0x40, 0x00, 0x21, 0x08, 0x43
	.byte 0x00, 0x28, 0x01, 0xD0, 0x03, 0xF0, 0x63, 0xF8, 0x42, 0x46, 0xD1, 0x68, 0x10, 0x69, 0x81, 0x42
	.byte 0x01, 0xDA, 0x03, 0xF0, 0x5C, 0xF8, 0xAA, 0x23, 0x5B, 0x00, 0xFC, 0x18, 0x00, 0x25, 0x60, 0x5F
	.byte 0x00, 0x28, 0x0A, 0xD1, 0x38, 0x1C, 0xFA, 0xF7, 0x62, 0xFB, 0x38, 0x1C, 0x2A, 0x21, 0x00, 0x22
	.byte 0xFA, 0xF7, 0xCB, 0xFB, 0xA4, 0x20, 0xFC, 0xF0, 0x0E, 0xFC, 0x00, 0x26, 0xA0, 0x5F, 0x1B, 0x28
	.byte 0x39, 0xD1, 0x42, 0x46, 0x50, 0x6B, 0x91, 0x6B, 0x04, 0x22, 0x10, 0x40, 0x00, 0x21, 0x0D, 0x1C
	.byte 0x05, 0x43, 0x00, 0x2D, 0x17, 0xD0, 0x43, 0x46, 0x58, 0x68, 0x07, 0x4C, 0x00, 0x19, 0x99, 0x68
	.byte 0xDA, 0x68, 0x06, 0x4D, 0x52, 0x19, 0x5B, 0x69, 0x06, 0x4E, 0x9B, 0x19, 0x45, 0x46, 0xAC, 0x69
	.byte 0x00, 0x94, 0x01, 0x92, 0x01, 0x24, 0x02, 0x94, 0x16, 0xE0, 0x00, 0xB8, 0xFF, 0xFF, 0x00, 0xF2
	.byte 0xFF, 0xFF, 0x00, 0x38, 0xFF, 0xFF, 0x46, 0x46, 0x70, 0x68, 0x90, 0x21, 0xC9, 0x01, 0x40, 0x18
	.byte 0xB1, 0x68, 0xF2, 0x68, 0x07, 0x4B, 0xD2, 0x18, 0x73, 0x69, 0xC8, 0x24, 0x24, 0x02, 0x1B, 0x19
	.byte 0xB4, 0x69, 0x00, 0x94, 0x01, 0x92, 0x02, 0x95, 0x60, 0x24, 0x03, 0x94, 0xF3, 0xF7, 0x31, 0xFC
	.byte 0x0D, 0xE0, 0x00, 0xF2, 0xFF, 0xFF, 0x1B, 0x28, 0x09, 0xDD, 0x38, 0x1C, 0xFA, 0xF7, 0x5B, 0xFB
	.byte 0xEF, 0xF7, 0x07, 0xF9, 0x00, 0x06, 0x00, 0x28, 0x01, 0xD1, 0x03, 0xF0, 0xCC, 0xF8, 0x38, 0x1C
	.byte 0x0C, 0x30, 0xE2, 0xF7, 0x16, 0xFA, 0x00, 0x06, 0x00, 0x28, 0x04, 0xD0, 0x38, 0x1C, 0x01, 0x21
	.byte 0x01, 0x22, 0xFA, 0xF7, 0x72, 0xFB, 0xAA, 0x25, 0x6D, 0x00, 0x79, 0x19, 0x03, 0xF0, 0x06, 0xFA
	.byte 0x23, 0x9E, 0x30, 0x68, 0xC1, 0x6E, 0x80, 0x6E, 0x80, 0x22, 0x12, 0x02, 0x10, 0x40, 0x00, 0x21
	.byte 0x08, 0x43, 0x00, 0x28, 0x01, 0xD0, 0x02, 0xF0, 0xE2, 0xFF, 0x40, 0x46, 0xC1, 0x68, 0x00, 0x69
	.byte 0x81, 0x42, 0x01, 0xDA, 0x02, 0xF0, 0xDB, 0xFF, 0xAA, 0x21, 0x49, 0x00, 0x7C, 0x18, 0x00, 0x22
	.byte 0xA0, 0x5E, 0x00, 0x28, 0x0A, 0xD1, 0x38, 0x1C, 0xFA, 0xF7, 0xE1, 0xFA, 0x38, 0x1C, 0x2A, 0x21
	.byte 0x00, 0x22, 0xFA, 0xF7, 0x4A, 0xFB, 0xA5, 0x20, 0xFC, 0xF0, 0x8D, 0xFB, 0x00, 0x23, 0xE0, 0x5E
	.byte 0x1B, 0x28, 0x51, 0xD1, 0xB1, 0x24, 0x64, 0x00, 0x38, 0x19, 0x00, 0x78, 0x00, 0x28, 0x03, 0xD0
	.byte 0x01, 0x28, 0x03, 0xD0, 0x47, 0x26, 0x02, 0xE0, 0x45, 0x26, 0x00, 0xE0, 0x46, 0x26, 0x45, 0x46
	.byte 0xE8, 0x68, 0x0F, 0x49, 0x44, 0x18, 0x68, 0x6B, 0xA9, 0x6B, 0x04, 0x22, 0x10, 0x40, 0x00, 0x21
	.byte 0x0D, 0x1C, 0x05, 0x43, 0x00, 0x2D, 0x1A, 0xD0, 0xB1, 0x22, 0x52, 0x00, 0xB8, 0x18, 0x00, 0x78
	.byte 0x43, 0x46, 0x59, 0x68, 0x08, 0x4D, 0x49, 0x19, 0x9A, 0x68, 0x5B, 0x69, 0x07, 0x4D, 0x5B, 0x19
	.byte 0x00, 0x93, 0x45, 0x46, 0xAB, 0x69, 0x01, 0x93, 0x02, 0x94, 0x01, 0x23, 0x03, 0x93, 0x04, 0x96
	.byte 0x1E, 0xE0, 0x00, 0xF0, 0xFF, 0xFF, 0x00, 0xB8, 0xFF, 0xFF, 0x00, 0xA6, 0xFF, 0xFF, 0xB1, 0x21
	.byte 0x49, 0x00, 0x78, 0x18, 0x00, 0x78, 0x42, 0x46, 0x51, 0x68, 0x90, 0x23, 0xDB, 0x01, 0xC9, 0x18
	.byte 0x92, 0x68, 0x91, 0x46, 0x43, 0x46, 0x5B, 0x69, 0x9A, 0x46, 0xB4, 0x23, 0xDB, 0x01, 0x53, 0x44
	.byte 0x00, 0x93, 0x42, 0x46, 0x92, 0x69, 0x01, 0x92, 0x02, 0x94, 0x03, 0x95, 0x04, 0x96, 0x4A, 0x46
	.byte 0x23, 0x1C, 0xEF, 0xF7, 0x84, 0xFD, 0x0B, 0xE0, 0x1B, 0x28, 0x09, 0xDD, 0x38, 0x1C, 0xFA, 0xF7
	.byte 0xC2, 0xFA, 0xEF, 0xF7, 0x6E, 0xF8, 0x00, 0x06, 0x00, 0x28, 0x01, 0xD1, 0x03, 0xF0, 0x33, 0xF8
	.byte 0x38, 0x1C, 0x0C, 0x30, 0xE2, 0xF7, 0x7D, 0xF9, 0x00, 0x06, 0x00, 0x28, 0x04, 0xD0, 0x38, 0x1C
	.byte 0x01, 0x21, 0x01, 0x22, 0xFA, 0xF7, 0xD9, 0xFA, 0xAA, 0x23, 0x5B, 0x00, 0xF9, 0x18, 0x03, 0xF0
	.byte 0x6D, 0xF9, 0x00, 0x25, 0x38, 0x1C, 0xFA, 0xF7, 0x62, 0xFA, 0xAA, 0x24, 0x64, 0x00, 0x38, 0x19
	.byte 0x01, 0x88, 0x00, 0x26, 0x80, 0x5F, 0x00, 0x28, 0x00, 0xD0, 0x7C, 0xE0, 0x38, 0x1C, 0xFA, 0xF7
	.byte 0xF2, 0xF9, 0x38, 0x1C, 0x0C, 0x30, 0xE2, 0xF7, 0x80, 0xF9, 0x38, 0x1C, 0x25, 0x21, 0x00, 0x22
	.byte 0xFA, 0xF7, 0xBB, 0xFA, 0x13, 0x48, 0x3C, 0x18, 0x20, 0x78, 0x00, 0x28, 0x02, 0xD1, 0x9E, 0x20
	.byte 0xFC, 0xF0, 0xF9, 0xFA, 0x20, 0x78, 0x05, 0x28, 0x2E, 0xD9, 0x9D, 0x20, 0xFC, 0xF0, 0xF3, 0xFA
	.byte 0x42, 0x46, 0x50, 0x6B, 0x91, 0x6B, 0x04, 0x22, 0x10, 0x40, 0x00, 0x21, 0x08, 0x43, 0x00, 0x28
	.byte 0x13, 0xD0, 0xC0, 0x21, 0x49, 0x00, 0x43, 0x46, 0x5A, 0x68, 0x06, 0x4B, 0xD2, 0x18, 0x44, 0x46
	.byte 0xE0, 0x68, 0xC0, 0x18, 0xA3, 0x68, 0x1B, 0x18, 0x08, 0x20, 0xF5, 0xF7, 0xCC, 0xFB, 0x13, 0xE0
	.byte 0x00, 0x00, 0x61, 0x01, 0x00, 0x00, 0x00, 0xEC, 0xFF, 0xFF, 0xC0, 0x21, 0x49, 0x00, 0x46, 0x46
	.byte 0x72, 0x68, 0xA0, 0x20, 0x40, 0x01, 0x12, 0x18, 0xF0, 0x68, 0x0D, 0x4B, 0xC0, 0x18, 0xB3, 0x68
	.byte 0x1B, 0x18, 0x08, 0x20, 0xF5, 0xF7, 0xB7, 0xFB, 0x44, 0x46, 0x60, 0x6B, 0xA1, 0x6B, 0x04, 0x22
	.byte 0x10, 0x40, 0x00, 0x21, 0x08, 0x43, 0x00, 0x28, 0x0F, 0xD0, 0x60, 0x68, 0xC0, 0x26, 0x36, 0x01
	.byte 0x80, 0x19, 0xA1, 0x68, 0xE2, 0x68, 0x03, 0x4B, 0xD2, 0x18, 0x01, 0x23, 0xEF, 0xF7, 0x1F, 0xFF
	.byte 0x0E, 0xE0, 0x00, 0xEC, 0xFF, 0xFF, 0x00, 0xF0, 0xFF, 0xFF, 0x44, 0x46, 0x60, 0x68, 0x0A, 0x4E
	.byte 0x80, 0x19, 0xA1, 0x68, 0xE2, 0x68, 0x09, 0x4B, 0xD2, 0x18, 0x00, 0x23, 0xEF, 0xF7, 0x0F, 0xFF
	.byte 0x82, 0x20, 0x80, 0x00, 0xFC, 0xF0, 0x9F, 0xFA, 0x06, 0x48, 0x00, 0x68, 0xB3, 0x30, 0x01, 0x78
	.byte 0x00, 0x20, 0x08, 0x22, 0xE2, 0xF7, 0x7B, 0xFC, 0x90, 0xE0, 0x00, 0xF4, 0xFF, 0xFF, 0x00, 0xF0
	.byte 0xFF, 0xFF, 0x84, 0x9B, 0x03, 0x02, 0x08, 0x1C, 0x16, 0x38, 0x00, 0x04, 0x00, 0x0C, 0x2A, 0x28
	.byte 0x00, 0xD9, 0x83, 0xE0, 0x44, 0x46, 0x60, 0x6B, 0xA1, 0x6B, 0x04, 0x22, 0x10, 0x40, 0x00, 0x21
	.byte 0x08, 0x43, 0x00, 0x28, 0x07, 0xD0, 0x60, 0x68, 0x02, 0x4D, 0x40, 0x19, 0x60, 0x60, 0x08, 0xE0
	.byte 0x00, 0x00, 0x00, 0xFB, 0xFF, 0xFF, 0x46, 0x46, 0x70, 0x68, 0xA0, 0x21, 0xC9, 0x00, 0x40, 0x18
	.byte 0x70, 0x60, 0x0C, 0x4A, 0xB8, 0x18, 0x00, 0x78, 0x05, 0x28, 0x26, 0xD9, 0x43, 0x46, 0x58, 0x6B
	.byte 0x99, 0x6B, 0x04, 0x22, 0x10, 0x40, 0x00, 0x21, 0x08, 0x43, 0x00, 0x28, 0x0F, 0xD0, 0x59, 0x68
	.byte 0x06, 0x4C, 0x09, 0x19, 0x9A, 0x68, 0xDB, 0x68, 0x10, 0x20, 0x00, 0x90, 0x01, 0x90, 0x20, 0x20
	.byte 0x02, 0x90, 0x55, 0x20, 0x30, 0xE0, 0x61, 0x01, 0x00, 0x00, 0x00, 0xE0, 0xFF, 0xFF, 0x45, 0x46
	.byte 0x69, 0x68, 0x80, 0x26, 0xB6, 0x01, 0x89, 0x19, 0xAA, 0x68, 0xEB, 0x68, 0x10, 0x20, 0x00, 0x90
	.byte 0x01, 0x90, 0x20, 0x20, 0x02, 0x90, 0x55, 0x20, 0x1E, 0xE0, 0x42, 0x46, 0x50, 0x6B, 0x91, 0x6B
	.byte 0x04, 0x22, 0x10, 0x40, 0x00, 0x21, 0x08, 0x43, 0x00, 0x28, 0x08, 0xD0, 0x43, 0x46, 0x59, 0x68
	.byte 0x02, 0x4C, 0x09, 0x19, 0x9A, 0x68, 0xDB, 0x68, 0x08, 0xE0, 0x00, 0xE0, 0xFF, 0xFF, 0x45, 0x46
	.byte 0x69, 0x68, 0x80, 0x26, 0xB6, 0x01, 0x89, 0x19, 0xAA, 0x68, 0xEB, 0x68, 0x10, 0x20, 0x00, 0x90
	.byte 0x01, 0x90, 0x20, 0x20, 0x02, 0x90, 0x54, 0x20, 0xEE, 0xF7, 0xA9, 0xFA, 0x05, 0x1C, 0x01, 0x2D
	.byte 0x02, 0xD1, 0x06, 0x48, 0xFC, 0xF0, 0x1F, 0xFA, 0x40, 0x20, 0x17, 0x99, 0x08, 0x40, 0x00, 0x28
	.byte 0x09, 0xD0, 0x42, 0x46, 0x90, 0x68, 0x02, 0x4B, 0xC0, 0x18, 0x90, 0x60, 0x0E, 0xE0, 0xF7, 0x01
	.byte 0x00, 0x00, 0x80, 0xFE, 0xFF, 0xFF, 0x80, 0x20, 0x17, 0x9C, 0x20, 0x40, 0x00, 0x28, 0x05, 0xD0
	.byte 0x46, 0x46, 0xB0, 0x68, 0xC0, 0x21, 0x49, 0x00, 0x40, 0x18, 0xB0, 0x60, 0xAA, 0x22, 0x52, 0x00
	.byte 0xB8, 0x18, 0x00, 0x23, 0xC0, 0x5E, 0x16, 0x28, 0x2F, 0xD1, 0x0F, 0x4C, 0x38, 0x19, 0x00, 0x78
	.byte 0x05, 0x28, 0x08, 0xD9, 0x80, 0x21, 0x49, 0x00, 0x0D, 0x48, 0x00, 0x68, 0x02, 0x69, 0x43, 0x69
	.byte 0x0F, 0x20, 0xF5, 0xF7, 0xE0, 0xFA, 0x46, 0x46, 0x70, 0x6B, 0xB1, 0x6B, 0x04, 0x22, 0x10, 0x40
	.byte 0x00, 0x21, 0x08, 0x43, 0x00, 0x28, 0x0E, 0xD0, 0x70, 0x68, 0x05, 0x49, 0x40, 0x18, 0xB1, 0x68
	.byte 0xF2, 0x68, 0x00, 0x23, 0xEF, 0xF7, 0x8B, 0xFE, 0x0F, 0xE0, 0x61, 0x01, 0x00, 0x00, 0x84, 0x9B
	.byte 0x03, 0x02, 0x00, 0xC4, 0xFF, 0xFF, 0x42, 0x46, 0x50, 0x68, 0xF0, 0x23, 0x9B, 0x01, 0xC0, 0x18
	.byte 0x91, 0x68, 0xD2, 0x68, 0x01, 0x23, 0xEF, 0xF7, 0x7A, 0xFE, 0x02, 0x2D, 0x15, 0xD1, 0x00, 0x20
	.byte 0x08, 0x21, 0xE2, 0xF7, 0x84, 0xFB, 0x38, 0x1C, 0x21, 0x21, 0xFA, 0xF7, 0xFE, 0xFC, 0x44, 0x46
	.byte 0x60, 0x6B, 0xA1, 0x6B, 0x04, 0x4B, 0x02, 0x4A, 0x10, 0x43, 0x45, 0x46, 0x68, 0x63, 0xA9, 0x63
	.byte 0x40, 0xE0, 0x00, 0x02, 0x00, 0x00, 0x00, 0x00, 0x00, 0x00, 0xAA, 0x20, 0x40, 0x00, 0x3E, 0x18
	.byte 0x00, 0x21, 0x70, 0x5E, 0x26, 0x28, 0x26, 0xDD, 0x01, 0x20, 0x18, 0x9A, 0x10, 0x40, 0x00, 0x28
	.byte 0x21, 0xD0, 0x0F, 0x4B, 0xFD, 0x18, 0x28, 0x78, 0x05, 0x28, 0x1C, 0xD8, 0x44, 0x46, 0x60, 0x6B
	.byte 0xA1, 0x6B, 0x04, 0x22, 0x00, 0x23, 0x50, 0x40, 0x42, 0x46, 0x50, 0x63, 0x91, 0x63, 0x28, 0x78
	.byte 0x01, 0x30, 0x00, 0x24, 0x28, 0x70, 0xF5, 0xF7, 0x76, 0xFF, 0xF9, 0xF7, 0xA0, 0xFB, 0x05, 0x20
	.byte 0xB8, 0x63, 0xAB, 0x23, 0x5B, 0x00, 0xF8, 0x18, 0x04, 0x80, 0x34, 0x80, 0x02, 0xF0, 0xF7, 0xFF
	.byte 0x00, 0x00, 0x61, 0x01, 0x00, 0x00, 0x38, 0x1C, 0x0C, 0x30, 0xE1, 0xF7, 0xDA, 0xFF, 0x00, 0x06
	.byte 0x00, 0x28, 0x0C, 0xD0, 0x00, 0x20, 0x08, 0x21, 0xE2, 0xF7, 0x39, 0xFB, 0x38, 0x1C, 0x01, 0x21
	.byte 0xFA, 0xF7, 0xB3, 0xFC, 0x38, 0x1C, 0xFA, 0xF7, 0x6C, 0xF8, 0x02, 0xF0, 0xE0, 0xFF, 0xAA, 0x24
	.byte 0x64, 0x00, 0x39, 0x19, 0x02, 0xF0, 0xC2, 0xFF, 0x23, 0x9D, 0x28, 0x68, 0xC1, 0x6E, 0x80, 0x6E
	.byte 0x80, 0x22, 0x12, 0x02, 0x10, 0x40, 0x00, 0x21, 0x0D, 0x1C, 0x05, 0x43, 0x00, 0x2D, 0x01, 0xD0
	.byte 0x02, 0xF0, 0x9D, 0xFD, 0x46, 0x46, 0xF1, 0x68, 0x30, 0x69, 0x81, 0x42, 0x01, 0xDA, 0x02, 0xF0
	.byte 0x96, 0xFD, 0x38, 0x1C, 0xFA, 0xF7, 0xA3, 0xF8, 0xAA, 0x20, 0x40, 0x00, 0x3C, 0x18, 0x00, 0x21
	.byte 0x60, 0x5E, 0x01, 0x28, 0x01, 0xD1, 0x02, 0xF0, 0xDA, 0xFC, 0x01, 0x28, 0x03, 0xDC, 0x00, 0x28
	.byte 0x05, 0xD0, 0x02, 0xF0, 0xB4, 0xFF, 0x02, 0x28, 0x37, 0xD0, 0x02, 0xF0, 0xB0, 0xFF, 0xAD, 0x23
	.byte 0x5B, 0x00, 0xFA, 0x18, 0x11, 0x88, 0x14, 0x48, 0x08, 0x40, 0x10, 0x80, 0x23, 0x9C, 0x20, 0x68
	.byte 0xF4, 0x30, 0x00, 0x68, 0x2A, 0x28, 0x1B, 0xD1, 0xC6, 0x25, 0x6D, 0x00, 0x78, 0x19, 0x01, 0x68
	.byte 0x0F, 0x48, 0x81, 0x42, 0x14, 0xD0, 0x0E, 0x48, 0x81, 0x42, 0x11, 0xD0, 0x0E, 0x48, 0x81, 0x42
	.byte 0x0E, 0xD0, 0x40, 0x46, 0x0A, 0x21, 0xF5, 0xF7, 0xB6, 0xFA, 0x46, 0x46, 0xF2, 0x8D, 0x11, 0x04
	.byte 0x88, 0x14, 0xB3, 0x8D, 0xC0, 0x18, 0xB0, 0x85, 0x00, 0x04, 0x88, 0x42, 0x00, 0xDD, 0xB2, 0x85
	.byte 0xAA, 0x24, 0x64, 0x00, 0x39, 0x19, 0x02, 0xF0, 0x69, 0xFF, 0x7F, 0xFF, 0x00, 0x00, 0x28, 0xB4
	.byte 0xED, 0x09, 0x40, 0xB4, 0xED, 0x09, 0x88, 0xB4, 0xED, 0x09, 0xB9, 0x26, 0x76, 0x00, 0xB8, 0x19
	.byte 0x01, 0x78, 0x09, 0x04, 0x11, 0x4A, 0x15, 0x98, 0x10, 0x40, 0x08, 0x43, 0xB1, 0x22, 0x52, 0x00
	.byte 0xB9, 0x18, 0x0A, 0x78, 0x0E, 0x49, 0x08, 0x40, 0x10, 0x43, 0x15, 0x90, 0x43, 0x46, 0x58, 0x68
	.byte 0x58, 0x61, 0x98, 0x68, 0x98, 0x61, 0xD8, 0x68, 0xD8, 0x61, 0x09, 0x48, 0x00, 0x68, 0x2C, 0x30
	.byte 0x1A, 0x36, 0xB9, 0x19, 0x09, 0x68, 0x15, 0xAA, 0xDD, 0xF7, 0xBF, 0xF8, 0x12, 0x20, 0xB8, 0x63
	.byte 0xAB, 0x21, 0x49, 0x00, 0x78, 0x18, 0x02, 0xF0, 0x21, 0xF8, 0xFF, 0xFF, 0x00, 0xFF, 0x00, 0x00
	.byte 0xFF, 0xFF, 0x84, 0x9B, 0x03, 0x02, 0x23, 0x9A, 0x10, 0x68, 0xC1, 0x6E, 0x80, 0x6E, 0x80, 0x22
	.byte 0x12, 0x02, 0x10, 0x40, 0x00, 0x21, 0x08, 0x43, 0x00, 0x28, 0x01, 0xD0, 0x02, 0xF0, 0x0F, 0xFD
	.byte 0x43, 0x46, 0xD9, 0x68, 0x18, 0x69, 0x81, 0x42, 0x01, 0xDA, 0x02, 0xF0, 0x08, 0xFD, 0x38, 0x1C
	.byte 0xFA, 0xF7, 0x15, 0xF8, 0xAA, 0x24, 0x64, 0x00, 0x38, 0x19, 0x00, 0x26, 0x85, 0x5F, 0x00, 0x2D
	.byte 0x28, 0xD1, 0x23, 0x98, 0x04, 0x68, 0xA0, 0x6E, 0xE1, 0x6E, 0x0E, 0x4B, 0x0D, 0x4A, 0x19, 0x43
	.byte 0xA0, 0x66, 0xE1, 0x66, 0x23, 0x99, 0x08, 0x68, 0x85, 0x67, 0x38, 0x1C, 0x01, 0x21, 0x00, 0x22
	.byte 0xFA, 0xF7, 0x87, 0xF8, 0x42, 0x46, 0x50, 0x6B, 0x91, 0x6B, 0x04, 0x22, 0x10, 0x40, 0x00, 0x21
	.byte 0x08, 0x43, 0x00, 0x28, 0x09, 0xD0, 0xB0, 0x23, 0x5B, 0x00, 0xF9, 0x18, 0xC0, 0x20, 0x08, 0xE0
	.byte 0x00, 0x00, 0x00, 0x00, 0x00, 0x00, 0x00, 0x00, 0x02, 0x00, 0xB0, 0x24, 0x64, 0x00, 0x39, 0x19
	.byte 0x40, 0x20, 0x08, 0x70, 0xAA, 0x25, 0x6D, 0x00, 0x79, 0x19, 0x0A, 0x88, 0x00, 0x26, 0x88, 0x5F
	.byte 0x03, 0x28, 0x01, 0xDC, 0x02, 0xF0, 0x85, 0xFE, 0x18, 0x20, 0xB8, 0x63, 0xAB, 0x20, 0x40, 0x00
	.byte 0x3A, 0x18, 0x00, 0x20, 0x10, 0x80, 0x08, 0x80, 0xA8, 0x22, 0x52, 0x00, 0xB9, 0x18, 0x01, 0x48
	.byte 0x02, 0xF0, 0xEC, 0xFE, 0x00, 0x00, 0x00, 0xFC, 0xFF, 0xFF, 0xAA, 0x23, 0x5B, 0x00, 0xFE, 0x18
	.byte 0x00, 0x24, 0x30, 0x5F, 0x00, 0x28, 0x1B, 0xD1, 0xAB, 0x25, 0x6D, 0x00, 0x79, 0x19, 0x14, 0x20
	.byte 0x08, 0x80, 0x1F, 0x98, 0x01, 0x21, 0xEE, 0xF7, 0x40, 0xFC, 0x40, 0x46, 0x42, 0x6B, 0x83, 0x6B
	.byte 0x0C, 0x49, 0x0A, 0x48, 0x02, 0x43, 0x0B, 0x4C, 0x0C, 0x4D, 0x10, 0x1C, 0x19, 0x1C, 0x29, 0x43
	.byte 0x42, 0x46, 0x50, 0x63, 0x91, 0x63, 0xD0, 0x68, 0xD0, 0x61, 0xAB, 0x20, 0xFC, 0xF0, 0x5B, 0xF8
	.byte 0x00, 0x23, 0xF0, 0x5E, 0x00, 0x28, 0x0A, 0xD0, 0x0A, 0x28, 0x0E, 0xD0, 0x12, 0xE0, 0x00, 0x00
	.byte 0x80, 0x00, 0x00, 0x00, 0x00, 0x00, 0x00, 0x00, 0x00, 0x00, 0x00, 0x20, 0x00, 0x00, 0x38, 0x1C
	.byte 0x02, 0x21, 0x00, 0x22, 0xFA, 0xF7, 0x1D, 0xF8, 0x04, 0xE0, 0x38, 0x1C, 0x03, 0x21, 0x00, 0x22
	.byte 0xFA, 0xF7, 0x17, 0xF8, 0x44, 0x46, 0x61, 0x69, 0x06, 0x48, 0x81, 0x42, 0x0D, 0xDC, 0x05, 0x49
	.byte 0xAB, 0x25, 0x6D, 0x00, 0x78, 0x19, 0x02, 0x88, 0x1B, 0x98, 0xE1, 0xF7, 0x7A, 0xFD, 0x0D, 0xE0
	.byte 0x00, 0x00, 0xFF, 0xFF, 0x00, 0x00, 0x00, 0xE0, 0xFF, 0xFF, 0x88, 0x21, 0x89, 0x02, 0xAB, 0x26
	.byte 0x76, 0x00, 0xB8, 0x19, 0x02, 0x88, 0x1B, 0x98, 0xE1, 0xF7, 0x6B, 0xFD, 0xAB, 0x20, 0x40, 0x00
	.byte 0x3A, 0x18, 0x10, 0x88, 0x01, 0x38, 0x10, 0x80, 0x00, 0x04, 0x01, 0x14, 0x00, 0x29, 0x03, 0xD1
	.byte 0x19, 0x20, 0xB8, 0x63, 0x11, 0x80, 0xEE, 0xE2, 0xAA, 0x23, 0x5B, 0x00, 0xF9, 0x18, 0x02, 0xF0
	.byte 0x65, 0xFE, 0xAA, 0x24, 0x64, 0x00, 0x3D, 0x19, 0x00, 0x26, 0xA8, 0x5F, 0x00, 0x28, 0x2A, 0xD1
	.byte 0xAD, 0x20, 0x40, 0x00, 0x3A, 0x18, 0x11, 0x88, 0x04, 0x20, 0x08, 0x43, 0x10, 0x80, 0x38, 0x1C
	.byte 0xFA, 0xF7, 0x43, 0xF8, 0xB9, 0x21, 0x49, 0x00, 0x78, 0x18, 0x01, 0x78, 0x09, 0x04, 0x1F, 0x4A
	.byte 0x16, 0x98, 0x10, 0x40, 0x08, 0x43, 0xB1, 0x22, 0x52, 0x00, 0xB9, 0x18, 0x09, 0x78, 0x1C, 0x4C
	.byte 0x20, 0x40, 0x08, 0x43, 0x16, 0x90, 0x1B, 0x48, 0x00, 0x68, 0x2C, 0x30, 0xC6, 0x23, 0x5B, 0x00
	.byte 0xF9, 0x18, 0x09, 0x68, 0x16, 0xAA, 0xDC, 0xF7, 0xB8, 0xFF, 0x46, 0x46, 0x70, 0x69, 0x70, 0x60
	.byte 0xB0, 0x69, 0xB0, 0x60, 0xF4, 0x60, 0xA8, 0x20, 0x40, 0x00, 0x39, 0x18, 0x00, 0x20, 0x08, 0x60
	.byte 0x23, 0x99, 0x08, 0x68, 0xC1, 0x6E, 0x80, 0x6E, 0x80, 0x22, 0x92, 0x03, 0x10, 0x40, 0x00, 0x21
	.byte 0x08, 0x43, 0x00, 0x28, 0x01, 0xD0, 0x02, 0xF0, 0xF6, 0xFB, 0xAD, 0x23, 0x5B, 0x00, 0xFA, 0x18
	.byte 0x11, 0x88, 0x09, 0x48, 0x08, 0x40, 0x10, 0x80, 0x38, 0x1C, 0xF9, 0xF7, 0xE8, 0xFF, 0x44, 0x46
	.byte 0x61, 0x69, 0x06, 0x48, 0x81, 0x42, 0x0E, 0xDC, 0x06, 0x48, 0x60, 0x60, 0x0F, 0xE0, 0xFF, 0xFF
	.byte 0x00, 0xFF, 0x00, 0x00, 0xFF, 0xFF, 0x84, 0x9B, 0x03, 0x02, 0xFB, 0xFF, 0x00, 0x00, 0xFF, 0xFF
	.byte 0x00, 0x00, 0x00, 0xE0, 0xFF, 0xFF, 0x88, 0x20, 0x80, 0x02, 0x45, 0x46, 0x68, 0x60, 0x46, 0x46
	.byte 0xF0, 0x69, 0x10, 0x49, 0x40, 0x18, 0xF0, 0x60, 0x23, 0x9A, 0x14, 0x68, 0xA0, 0x6E, 0xE1, 0x6E
	.byte 0x0E, 0x4A, 0x0E, 0x4B, 0x10, 0x43, 0xA0, 0x66, 0xE1, 0x66, 0xA8, 0x23, 0x5B, 0x00, 0xF8, 0x18
	.byte 0x00, 0x24, 0x04, 0x60, 0x38, 0x1C, 0x01, 0x21, 0x01, 0x22, 0xF9, 0xF7, 0x4E, 0xFF, 0x1A, 0x20
	.byte 0xB8, 0x63, 0xAB, 0x25, 0x6D, 0x00, 0x78, 0x19, 0x04, 0x80, 0xAA, 0x26, 0x76, 0x00, 0xB8, 0x19
	.byte 0x04, 0x80, 0x02, 0xF0, 0xF4, 0xFD, 0x00, 0xCE, 0xFF, 0xFF, 0x00, 0x80, 0x00, 0x00, 0x00, 0x00
	.byte 0x00, 0x00, 0xAA, 0x20, 0x40, 0x00, 0x3A, 0x18, 0x00, 0x21, 0x50, 0x5E, 0x00, 0x28, 0x04, 0xD1
	.byte 0xAB, 0x23, 0x5B, 0x00, 0xF9, 0x18, 0x14, 0x20, 0x08, 0x80, 0x00, 0x24, 0x10, 0x5F, 0x0A, 0x28
	.byte 0x0A, 0xD0, 0x0A, 0x28, 0x02, 0xDC, 0x00, 0x28, 0x03, 0xD0, 0x1B, 0xE0, 0x12, 0x28, 0x09, 0xD0
	.byte 0x18, 0xE0, 0x38, 0x1C, 0x03, 0x21, 0x01, 0xE0, 0x38, 0x1C, 0x04, 0x21, 0x00, 0x22, 0xF9, 0xF7
	.byte 0x38, 0xFF, 0x0F, 0xE0, 0x1F, 0x98, 0x00, 0x21, 0xEE, 0xF7, 0x2F, 0xFB, 0x45, 0x46, 0x6A, 0x6B
	.byte 0xAB, 0x6B, 0x15, 0x48, 0x02, 0x40, 0x15, 0x4C, 0x10, 0x1C, 0x19, 0x1C, 0x21, 0x40, 0x46, 0x46
	.byte 0x70, 0x63, 0xB1, 0x63, 0xAB, 0x20, 0x40, 0x00, 0x3C, 0x18, 0x00, 0x21, 0x60, 0x5E, 0x00, 0x28
	.byte 0x08, 0xDD, 0x42, 0x46, 0x51, 0x69, 0x22, 0x88, 0x1B, 0x98, 0xE1, 0xF7, 0xA2, 0xFC, 0x20, 0x88
	.byte 0x01, 0x38, 0x20, 0x80, 0x23, 0x9B, 0x18, 0x68, 0xC1, 0x6E, 0x80, 0x6E, 0x80, 0x22, 0x12, 0x02
	.byte 0x10, 0x40, 0x00, 0x21, 0x01, 0x43, 0x00, 0x29, 0x0B, 0xD1, 0x1B, 0x20, 0xB8, 0x63, 0x21, 0x80
	.byte 0xAA, 0x24, 0x64, 0x00, 0x01, 0xF0, 0x27, 0xFE, 0x00, 0x00, 0xFF, 0xFF, 0x7F, 0xFF, 0xFF, 0xDF
	.byte 0xFF, 0xFF, 0xAA, 0x25, 0x6D, 0x00, 0x79, 0x19, 0x02, 0xF0, 0x78, 0xFD, 0xAA, 0x26, 0x76, 0x00
	.byte 0xBD, 0x19, 0x00, 0x21, 0x68, 0x5E, 0x00, 0x28, 0x14, 0xD1, 0x1F, 0x98, 0x00, 0x21, 0xEE, 0xF7
	.byte 0xEC, 0xFA, 0x44, 0x46, 0x62, 0x6B, 0xA3, 0x6B, 0x0F, 0x48, 0x02, 0x40, 0x0F, 0x4C, 0x10, 0x1C
	.byte 0x19, 0x1C, 0x21, 0x40, 0x46, 0x46, 0x70, 0x63, 0xB1, 0x63, 0x38, 0x1C, 0x05, 0x21, 0x00, 0x22
	.byte 0xF9, 0xF7, 0xDF, 0xFE, 0x29, 0x88, 0x00, 0x22, 0xA8, 0x5E, 0x06, 0x28, 0x00, 0xDC, 0x16, 0xE2
	.byte 0x23, 0x9B, 0x18, 0x68, 0x81, 0x6E, 0xC2, 0x6E, 0x05, 0x4B, 0x1A, 0x40, 0x81, 0x66, 0xC2, 0x66
	.byte 0x02, 0xF0, 0x01, 0xFC, 0x00, 0x00, 0xFF, 0xFF, 0x7F, 0xFF, 0xFF, 0xDF, 0xFF, 0xFF, 0xFF, 0xFF
	.byte 0xFD, 0xFF, 0x38, 0x1C, 0xF9, 0xF7, 0x3B, 0xFE, 0xAA, 0x24, 0x64, 0x00, 0x38, 0x19, 0x00, 0x25
	.byte 0x44, 0x5F, 0x00, 0x2C, 0x40, 0xD1, 0x03, 0x20, 0x04, 0x21, 0x0A, 0x22, 0xE2, 0xF7, 0xF3, 0xF8
	.byte 0x38, 0x1C, 0x0C, 0x30, 0xE1, 0xF7, 0x59, 0xFD, 0x38, 0x1C, 0x26, 0x21, 0x00, 0x22, 0xF9, 0xF7
	.byte 0x94, 0xFE, 0x46, 0x46, 0x70, 0x6B, 0xB1, 0x6B, 0x13, 0x4B, 0x11, 0x4A, 0x10, 0x43, 0x42, 0x46
	.byte 0x50, 0x63, 0x91, 0x63, 0xAE, 0x23, 0x5B, 0x00, 0xF8, 0x18, 0x04, 0x60, 0x91, 0x8D, 0x2C, 0x24
	.byte 0x10, 0x5F, 0x01, 0x28, 0x01, 0xDD, 0x48, 0x1E, 0x90, 0x85, 0xE2, 0xF7, 0x5E, 0xFA, 0x00, 0x04
	.byte 0x00, 0x0C, 0x03, 0x21, 0xF9, 0xF0, 0x6D, 0xFB, 0x00, 0x04, 0x00, 0x0C, 0x01, 0x28, 0x0C, 0xD0
	.byte 0x01, 0x28, 0x0E, 0xDC, 0x00, 0x28, 0x0C, 0xD1, 0x9F, 0x20, 0xFB, 0xF0, 0xB4, 0xFE, 0x0B, 0xE0
	.byte 0x00, 0x00, 0x00, 0x20, 0x00, 0x00, 0x00, 0x00, 0x00, 0x00, 0xA1, 0x20, 0xFB, 0xF0, 0xAB, 0xFE
	.byte 0x02, 0xE0, 0xA2, 0x20, 0xFB, 0xF0, 0xA7, 0xFE, 0xAA, 0x25, 0x6D, 0x00, 0x7B, 0x19, 0x19, 0x88
	.byte 0x00, 0x26, 0x98, 0x5F, 0x18, 0x28, 0x12, 0xDD, 0x42, 0x46, 0x50, 0x6B, 0x91, 0x6B, 0x06, 0x4A
	.byte 0x10, 0x40, 0x44, 0x46, 0x60, 0x63, 0xA1, 0x63, 0x01, 0x20, 0xB8, 0x63, 0x02, 0x35, 0x79, 0x19
	.byte 0x00, 0x20, 0x08, 0x80, 0x18, 0x80, 0x02, 0xF0, 0xFA, 0xFC, 0xFF, 0xDF, 0xFF, 0xFF, 0x48, 0x1C
	.byte 0x18, 0x80, 0x02, 0xF0, 0xF4, 0xFC, 0x38, 0x1C, 0xF9, 0xF7, 0xD1, 0xFD, 0x46, 0x46, 0x70, 0x68
	.byte 0x70, 0x61, 0xB0, 0x68, 0xB0, 0x61, 0xAA, 0x21, 0x49, 0x00, 0x78, 0x18, 0x00, 0x22, 0x85, 0x5E
	.byte 0x00, 0x2D, 0x33, 0xD1, 0x3C, 0x1C, 0x0C, 0x34, 0x20, 0x1C, 0xE1, 0xF7, 0xEE, 0xFC, 0x10, 0x48
	.byte 0x00, 0x68, 0x01, 0x1C, 0x76, 0x31, 0x09, 0x88, 0x72, 0x30, 0x01, 0x80, 0x38, 0x1C, 0xFA, 0xF7
	.byte 0x6E, 0xFA, 0x23, 0x9B, 0x18, 0x68, 0xF4, 0x30, 0x00, 0x68, 0xA1, 0x46, 0x12, 0x28, 0x12, 0xD1
	.byte 0x38, 0x1C, 0x27, 0x21, 0x00, 0x22, 0xF9, 0xF7, 0x18, 0xFE, 0x23, 0x9C, 0x21, 0x68, 0xF8, 0x31
	.byte 0x08, 0x88, 0x01, 0x38, 0x08, 0x80, 0xAB, 0x26, 0x76, 0x00, 0xB8, 0x19, 0x05, 0x80, 0x2F, 0xE0
	.byte 0x00, 0x00, 0x84, 0x9B, 0x03, 0x02, 0x38, 0x1C, 0x26, 0x21, 0x00, 0x22, 0xF9, 0xF7, 0x05, 0xFE
	.byte 0xAB, 0x20, 0x40, 0x00, 0x39, 0x18, 0x0F, 0x20, 0x08, 0x80, 0x21, 0xE0, 0x0C, 0x21, 0xC9, 0x19
	.byte 0x89, 0x46, 0x06, 0x2D, 0x1C, 0xD1, 0xE2, 0xF7, 0xD8, 0xF9, 0x00, 0x04, 0x00, 0x0C, 0x03, 0x21
	.byte 0xF9, 0xF0, 0xE7, 0xFA, 0x00, 0x04, 0x00, 0x0C, 0x01, 0x28, 0x07, 0xD0, 0x01, 0x28, 0x09, 0xDC
	.byte 0x00, 0x28, 0x07, 0xD1, 0x9F, 0x20, 0xFB, 0xF0, 0x2E, 0xFE, 0x09, 0xE0, 0xA1, 0x20, 0xFB, 0xF0
	.byte 0x2A, 0xFE, 0x05, 0xE0, 0xA2, 0x20, 0xFB, 0xF0, 0x26, 0xFE, 0x0C, 0x22, 0xD2, 0x19, 0x91, 0x46
	.byte 0xAA, 0x23, 0x5B, 0x00, 0xFC, 0x18, 0xAB, 0x26, 0x76, 0x00, 0xBD, 0x19, 0x00, 0x20, 0x21, 0x5E
	.byte 0x00, 0x22, 0xA8, 0x5E, 0x81, 0x42, 0x07, 0xDB, 0x43, 0x46, 0x58, 0x6B, 0x99, 0x6B, 0x0D, 0x4A
	.byte 0x10, 0x40, 0x46, 0x46, 0x70, 0x63, 0xB1, 0x63, 0x48, 0x46, 0xE1, 0xF7, 0x62, 0xFC, 0x00, 0x06
	.byte 0x00, 0x28, 0x01, 0xD1, 0x02, 0xF0, 0x93, 0xF9, 0x40, 0x46, 0xF6, 0xF7, 0x50, 0xFE, 0x41, 0x46
	.byte 0x48, 0x68, 0x48, 0x61, 0x88, 0x68, 0x88, 0x61, 0x01, 0x20, 0xB8, 0x63, 0x00, 0x20, 0x28, 0x80
	.byte 0x20, 0x80, 0x02, 0xF0, 0x64, 0xFC, 0xFF, 0xFD, 0xFF, 0xFF, 0x38, 0x1C, 0x0C, 0x30, 0xE1, 0xF7
	.byte 0x48, 0xFC, 0x00, 0x06, 0x00, 0x28, 0x01, 0xD1, 0x02, 0xF0, 0x59, 0xFC, 0x02, 0xF0, 0x31, 0xF9
	.byte 0xAA, 0x25, 0x6D, 0x00, 0x7C, 0x19, 0x00, 0x26, 0xA5, 0x5F, 0x00, 0x2D, 0x4A, 0xD1, 0x38, 0x1C
	.byte 0xFA, 0xF7, 0xE5, 0xF9, 0xAD, 0x20, 0x40, 0x00, 0x3A, 0x18, 0x11, 0x88, 0x80, 0x20, 0x08, 0x43
	.byte 0x10, 0x80, 0x38, 0x1C, 0x29, 0x21, 0x00, 0x22, 0xF9, 0xF7, 0x8F, 0xFD, 0xA3, 0x20, 0xFB, 0xF0
	.byte 0xD2, 0xFD, 0xAE, 0x21, 0x49, 0x00, 0x78, 0x18, 0x05, 0x60, 0x03, 0x20, 0x10, 0x21, 0x3C, 0x22
	.byte 0xE1, 0xF7, 0xD9, 0xFF, 0x20, 0x88, 0x01, 0x30, 0x20, 0x80, 0x0E, 0x48, 0x00, 0x68, 0x72, 0x30
	.byte 0x1E, 0x21, 0x01, 0x80, 0x42, 0x46, 0x50, 0x6B, 0x91, 0x6B, 0x0B, 0x4A, 0x04, 0x1C, 0x14, 0x40
	.byte 0x0D, 0x1C, 0x43, 0x46, 0x5C, 0x63, 0x9D, 0x63, 0x84, 0x20, 0x40, 0x00, 0x40, 0x44, 0x00, 0x68
	.byte 0x00, 0x28, 0x0C, 0xDD, 0x04, 0x22, 0x00, 0x23, 0x20, 0x1C, 0x10, 0x43, 0x44, 0x46, 0x60, 0x63
	.byte 0xA1, 0x63, 0x26, 0xE0, 0x00, 0x00, 0x84, 0x9B, 0x03, 0x02, 0xFF, 0xDF, 0xFF, 0xFF, 0x00, 0x28
	.byte 0x1F, 0xDA, 0x05, 0x22, 0x52, 0x42, 0x20, 0x1C, 0x10, 0x40, 0x29, 0x1C, 0x45, 0x46, 0x68, 0x63
	.byte 0xA9, 0x63, 0x16, 0xE0, 0x2D, 0x48, 0x03, 0x68, 0x98, 0x6E, 0xD9, 0x6E, 0x80, 0x22, 0xD2, 0x01
	.byte 0x10, 0x40, 0x00, 0x21, 0x08, 0x43, 0x00, 0x28, 0x03, 0xD1, 0x19, 0x1C, 0x72, 0x31, 0x03, 0x20
	.byte 0x08, 0x80, 0xA8, 0x26, 0x76, 0x00, 0xB9, 0x19, 0x08, 0x68, 0x00, 0x28, 0x01, 0xDD, 0x00, 0x20
	.byte 0x08, 0x60, 0x38, 0x1C, 0x0C, 0x30, 0xE1, 0xF7, 0xD4, 0xFB, 0x00, 0x06, 0x00, 0x28, 0x63, 0xD0
	.byte 0x02, 0x20, 0x1E, 0x21, 0xE1, 0xF7, 0xCF, 0xFE, 0x23, 0x99, 0x08, 0x68, 0xF8, 0x30, 0x01, 0x88
	.byte 0x01, 0x39, 0x00, 0x24, 0x01, 0x80, 0x41, 0x46, 0xE2, 0x31, 0x3C, 0x20, 0x08, 0x80, 0x42, 0x46
	.byte 0x2E, 0x23, 0xD0, 0x5E, 0x00, 0x28, 0x00, 0xDA, 0x03, 0x30, 0x80, 0x10, 0x45, 0x46, 0xA8, 0x85
	.byte 0x68, 0x6B, 0xA9, 0x6B, 0x12, 0x4A, 0x10, 0x40, 0x46, 0x46, 0x70, 0x63, 0xB1, 0x63, 0x40, 0x46
	.byte 0xF6, 0xF7, 0xA5, 0xFD, 0x40, 0x46, 0x0A, 0x21, 0xF4, 0xF7, 0xE5, 0xFE, 0x0B, 0x48, 0x03, 0x68
	.byte 0x98, 0x6E, 0xD9, 0x6E, 0x80, 0x22, 0xD2, 0x01, 0x10, 0x40, 0x00, 0x21, 0x08, 0x43, 0x00, 0x28
	.byte 0x0F, 0xD0, 0x01, 0x20, 0xB8, 0x63, 0xAB, 0x21, 0x49, 0x00, 0x78, 0x18, 0x04, 0x80, 0xAA, 0x22
	.byte 0x52, 0x00, 0xB8, 0x18, 0x04, 0x80, 0x02, 0xF0, 0xAA, 0xFB, 0x84, 0x9B, 0x03, 0x02, 0xFF, 0xFE
	.byte 0xFF, 0xFF, 0x18, 0x1C, 0xEE, 0x30, 0x01, 0x78, 0x00, 0x29, 0x12, 0xD1, 0x90, 0x24, 0x64, 0x00
	.byte 0x18, 0x19, 0x00, 0x25, 0x40, 0x5F, 0x00, 0x28, 0x0B, 0xDC, 0x55, 0x20, 0xB8, 0x63, 0xAB, 0x26
	.byte 0x76, 0x00, 0xB8, 0x19, 0x01, 0x80, 0xAA, 0x22, 0x52, 0x00, 0xB8, 0x18, 0x01, 0x80, 0x02, 0xF0
	.byte 0x8E, 0xFB, 0x01, 0x20, 0xB8, 0x63, 0xAB, 0x23, 0x5B, 0x00, 0xF8, 0x18, 0x00, 0x21, 0x01, 0x80
	.byte 0xAA, 0x24, 0x64, 0x00, 0x01, 0xF0, 0x0F, 0xFC, 0xAA, 0x25, 0x6D, 0x00, 0x79, 0x19, 0x02, 0xF0
	.byte 0x65, 0xFB, 0x38, 0x1C, 0x01, 0x21, 0x00, 0x22, 0xF9, 0xF7, 0xC7, 0xFC, 0xAA, 0x26, 0x76, 0x00
	.byte 0xBD, 0x19, 0x29, 0x88, 0x00, 0x22, 0xA8, 0x5E, 0x3C, 0x28, 0x18, 0xDD, 0x09, 0x48, 0x04, 0x68
	.byte 0xA0, 0x6E, 0xE1, 0x6E, 0x08, 0x4A, 0x08, 0x4B, 0x19, 0x43, 0xA0, 0x66, 0xE1, 0x66, 0x01, 0x20
	.byte 0xB8, 0x63, 0xAB, 0x23, 0x5B, 0x00, 0xF9, 0x18, 0x00, 0x20, 0x08, 0x80, 0x28, 0x80, 0x02, 0xF0
	.byte 0x5E, 0xFB, 0x84, 0x9B, 0x03, 0x02, 0x00, 0x00, 0x00, 0x00, 0x02, 0x00, 0x00, 0x00, 0x48, 0x1C
	.byte 0x28, 0x80, 0x02, 0xF0, 0x54, 0xFB, 0xAA, 0x24, 0x64, 0x00, 0x3D, 0x19, 0x00, 0x26, 0xAC, 0x5F
	.byte 0x00, 0x2C, 0x25, 0xD1, 0x38, 0x1C, 0x0C, 0x30, 0xE1, 0xF7, 0x57, 0xFB, 0x1F, 0x98, 0x01, 0x21
	.byte 0xEE, 0xF7, 0xAB, 0xF8, 0x42, 0x46, 0x50, 0x6B, 0x91, 0x6B, 0x1B, 0x4B, 0x1A, 0x4A, 0x10, 0x43
	.byte 0x43, 0x46, 0x58, 0x63, 0x99, 0x63, 0x7C, 0x83, 0xFC, 0x82, 0xA8, 0x26, 0x76, 0x00, 0xB9, 0x19
	.byte 0x80, 0x20, 0xC0, 0x00, 0x08, 0x60, 0x84, 0x20, 0x40, 0x00, 0x40, 0x44, 0x04, 0x60, 0x86, 0x20
	.byte 0x40, 0x00, 0x40, 0x44, 0x04, 0x60, 0xAB, 0x20, 0x40, 0x00, 0x39, 0x18, 0x0A, 0x20, 0x08, 0x80
	.byte 0xD0, 0x21, 0x49, 0x00, 0x78, 0x18, 0xAB, 0x22, 0x52, 0x00, 0xBC, 0x18, 0x22, 0x88, 0x51, 0x1E
	.byte 0x21, 0x80, 0x12, 0x04, 0x12, 0x0C, 0x40, 0x21, 0xE1, 0xF7, 0xF3, 0xF9, 0x00, 0x23, 0xE0, 0x5E
	.byte 0x00, 0x28, 0x01, 0xDD, 0x02, 0xF0, 0xCF, 0xF8, 0x00, 0x20, 0x28, 0x80, 0x58, 0x20, 0xB8, 0x63
	.byte 0x02, 0xF0, 0x0D, 0xFB, 0x00, 0x00, 0x00, 0x01, 0x00, 0x00, 0x00, 0x00, 0x00, 0x00, 0xAA, 0x24
	.byte 0x64, 0x00, 0x39, 0x19, 0x0A, 0x88, 0x00, 0x25, 0x48, 0x5F, 0x2C, 0x28, 0x01, 0xDC, 0x02, 0xF0
	.byte 0x88, 0xFA, 0x46, 0x46, 0x2C, 0x21, 0x70, 0x5E, 0x00, 0x28, 0x01, 0xDC, 0x0E, 0x20, 0x00, 0xE0
	.byte 0x59, 0x20, 0xB8, 0x63, 0xAA, 0x22, 0x52, 0x00, 0xB9, 0x18, 0x02, 0xF0, 0x74, 0xFA, 0xAA, 0x23
	.byte 0x5B, 0x00, 0xFD, 0x18, 0x00, 0x24, 0x28, 0x5F, 0x00, 0x28, 0x08, 0xD1, 0x1F, 0x98, 0x00, 0x21
	.byte 0xEE, 0xF7, 0x4B, 0xF8, 0xAB, 0x26, 0x76, 0x00, 0xB9, 0x19, 0x0A, 0x20, 0x08, 0x80, 0xD0, 0x21
	.byte 0x49, 0x00, 0x78, 0x18, 0xA0, 0x39, 0xAB, 0x22, 0x52, 0x00, 0xBC, 0x18, 0x22, 0x88, 0x53, 0x1E
	.byte 0x23, 0x80, 0x12, 0x04, 0x12, 0x0C, 0xE1, 0xF7, 0xC4, 0xF9, 0x00, 0x23, 0xE0, 0x5E, 0x00, 0x28
	.byte 0x01, 0xDD, 0x02, 0xF0, 0x88, 0xF8, 0x44, 0x46, 0x60, 0x6B, 0xA1, 0x6B, 0x07, 0x4A, 0x10, 0x40
	.byte 0x46, 0x46, 0x70, 0x63, 0xB1, 0x63, 0x40, 0x46, 0xF6, 0xF7, 0xA1, 0xFC, 0x01, 0x20, 0xB8, 0x63
	.byte 0x00, 0x20, 0x28, 0x80, 0x02, 0xF0, 0xBB, 0xFA, 0x00, 0x00, 0xFF, 0xFE, 0xFF, 0xFF, 0x38, 0x1C
	.byte 0xF9, 0xF7, 0x95, 0xFB, 0xAA, 0x21, 0x49, 0x00, 0x78, 0x18, 0x00, 0x22, 0x86, 0x5E, 0x00, 0x2E
	.byte 0x71, 0xD1, 0x17, 0x4D, 0x2C, 0x68, 0xA0, 0x6E, 0xE1, 0x6E, 0x16, 0x4A, 0x17, 0x4B, 0x19, 0x43
	.byte 0xA0, 0x66, 0xE1, 0x66, 0x38, 0x1C, 0xFA, 0xF7, 0x3A, 0xF8, 0xAD, 0x23, 0x5B, 0x00, 0xFA, 0x18
	.byte 0x11, 0x88, 0x80, 0x20, 0x08, 0x43, 0x10, 0x80, 0x38, 0x1C, 0x29, 0x21, 0x00, 0x22, 0xF9, 0xF7
	.byte 0xE4, 0xFB, 0xA3, 0x20, 0xFB, 0xF0, 0x27, 0xFC, 0xAE, 0x24, 0x64, 0x00, 0x38, 0x19, 0x06, 0x60
	.byte 0x28, 0x68, 0xC1, 0x6E, 0x80, 0x6E, 0x80, 0x22, 0xD2, 0x01, 0x10, 0x40, 0x00, 0x21, 0x08, 0x43
	.byte 0x00, 0x28, 0x0C, 0xD0, 0x02, 0x20, 0x14, 0x21, 0xE1, 0xF7, 0x6D, 0xFD, 0xE1, 0xF7, 0xAF, 0xFE
	.byte 0x0A, 0xE0, 0x84, 0x9B, 0x03, 0x02, 0x00, 0x00, 0x00, 0x00, 0x00, 0x40, 0x00, 0x00, 0x03, 0x20
	.byte 0x10, 0x21, 0x3C, 0x22, 0xE1, 0xF7, 0x17, 0xFE, 0xAA, 0x25, 0x6D, 0x00, 0x79, 0x19, 0x08, 0x88
	.byte 0x01, 0x30, 0x08, 0x80, 0x0F, 0x48, 0x00, 0x68, 0x72, 0x30, 0x1E, 0x21, 0x01, 0x80, 0x46, 0x46
	.byte 0x70, 0x6B, 0xB1, 0x6B, 0x0C, 0x4A, 0x04, 0x1C, 0x14, 0x40, 0x0D, 0x1C, 0x40, 0x46, 0x44, 0x63
	.byte 0x85, 0x63, 0x84, 0x20, 0x40, 0x00, 0x40, 0x44, 0x00, 0x68, 0x00, 0x28, 0x0D, 0xDD, 0x04, 0x22
	.byte 0x00, 0x23, 0x20, 0x1C, 0x10, 0x43, 0x42, 0x46, 0x50, 0x63, 0x91, 0x63, 0x02, 0xF0, 0x4F, 0xFA
	.byte 0x00, 0x00, 0x84, 0x9B, 0x03, 0x02, 0xFF, 0xDF, 0xFF, 0xFF, 0x00, 0x28, 0x01, 0xDB, 0x02, 0xF0
	.byte 0x46, 0xFA, 0x05, 0x22, 0x52, 0x42, 0x20, 0x1C, 0x10, 0x40, 0x29, 0x1C, 0x43, 0x46, 0x58, 0x63
	.byte 0x99, 0x63, 0x02, 0xF0, 0x3C, 0xFA, 0x07, 0x48, 0x00, 0x68, 0x72, 0x30, 0x03, 0x21, 0x01, 0x80
	.byte 0xA8, 0x24, 0x64, 0x00, 0x39, 0x19, 0x08, 0x68, 0x00, 0x28, 0x01, 0xDC, 0x02, 0xF0, 0x2F, 0xFA
	.byte 0x00, 0x20, 0x02, 0xF0, 0x2B, 0xFA, 0x84, 0x9B, 0x03, 0x02, 0x38, 0x1C, 0xF9, 0xF7, 0x07, 0xFB
	.byte 0xAA, 0x25, 0x6D, 0x00, 0x78, 0x19, 0x00, 0x26, 0x80, 0x5F, 0x00, 0x28, 0x6A, 0xD1, 0x40, 0x46
	.byte 0xC1, 0x68, 0x00, 0x69, 0x81, 0x42, 0x1C, 0xDA, 0x07, 0x49, 0x78, 0x18, 0x00, 0x78, 0x03, 0x21
	.byte 0xF9, 0xF0, 0x57, 0xF8, 0x00, 0x06, 0x00, 0x0E, 0x01, 0x28, 0x0C, 0xD0, 0x01, 0x28, 0x04, 0xDC
	.byte 0x00, 0x28, 0x05, 0xD0, 0x30, 0xE0, 0x61, 0x01, 0x00, 0x00, 0x02, 0x28, 0x06, 0xD0, 0x2B, 0xE0
	.byte 0x38, 0x1C, 0x17, 0x21, 0x1F, 0xE0, 0x38, 0x1C, 0x1C, 0x21, 0x1C, 0xE0, 0x38, 0x1C, 0x21, 0x21
	.byte 0x19, 0xE0, 0x07, 0x4A, 0xB8, 0x18, 0x00, 0x78, 0x03, 0x21, 0xF9, 0xF0, 0x3A, 0xF8, 0x00, 0x06
	.byte 0x00, 0x0E, 0x01, 0x28, 0x0D, 0xD0, 0x01, 0x28, 0x05, 0xDC, 0x00, 0x28, 0x06, 0xD0, 0x13, 0xE0
	.byte 0x00, 0x00, 0x61, 0x01, 0x00, 0x00, 0x02, 0x28, 0x09, 0xD0, 0x0D, 0xE0, 0x38, 0x1C, 0x03, 0x21
	.byte 0x01, 0xE0, 0x38, 0x1C, 0x08, 0x21, 0x00, 0x22, 0xF9, 0xF7, 0x2F, 0xFB, 0x04, 0xE0, 0x38, 0x1C
	.byte 0x0D, 0x21, 0x00, 0x22, 0xF9, 0xF7, 0x29, 0xFB, 0x23, 0x9B, 0x18, 0x68, 0x83, 0x6F, 0x00, 0x2B
	.byte 0x2B, 0xD0, 0x46, 0x46, 0x74, 0x6B, 0xB5, 0x6B, 0x04, 0x20, 0x21, 0x1C, 0x01, 0x40, 0x00, 0x22
	.byte 0x10, 0x1C, 0x08, 0x43, 0x00, 0x28, 0x07, 0xD0, 0x71, 0x68, 0x58, 0x68, 0x81, 0x42, 0x1C, 0xDA
	.byte 0x05, 0x3A, 0x20, 0x1C, 0x10, 0x40, 0x08, 0xE0, 0x46, 0x46, 0x71, 0x68, 0x58, 0x68, 0x81, 0x42
	.byte 0x13, 0xDD, 0x04, 0x22, 0x00, 0x23, 0x20, 0x1C, 0x10, 0x43, 0x29, 0x1C, 0x42, 0x46, 0x50, 0x63
	.byte 0x91, 0x63, 0x0A, 0xE0, 0x05, 0x28, 0x08, 0xD1, 0xE1, 0xF7, 0xDF, 0xFE, 0x00, 0x04, 0x00, 0x0C
	.byte 0x03, 0x21, 0x08, 0x40, 0x96, 0x30, 0xFB, 0xF0, 0x3E, 0xFB, 0xAA, 0x23, 0x5B, 0x00, 0xF8, 0x18
	.byte 0x01, 0x88, 0x08, 0x1C, 0x09, 0x38, 0x00, 0x04, 0x00, 0x0C, 0x02, 0x28, 0x37, 0xD8, 0x23, 0x9C
	.byte 0x20, 0x68, 0x86, 0x6F, 0x0F, 0x29, 0x04, 0xD1, 0xA8, 0x25, 0x6D, 0x00, 0x79, 0x19, 0x08, 0x48
	.byte 0x08, 0x60, 0x00, 0x2E, 0x0F, 0xD0, 0x70, 0x68, 0x42, 0x46, 0x51, 0x68, 0x40, 0x1A, 0xC0, 0x10
	.byte 0x09, 0x18, 0x51, 0x60, 0xB0, 0x68, 0x91, 0x68, 0x40, 0x1A, 0xC0, 0x10, 0x09, 0x18, 0x91, 0x60
	.byte 0x1D, 0xE0, 0x80, 0xFB, 0xFF, 0xFF, 0x43, 0x46, 0x58, 0x6B, 0x99, 0x6B, 0x04, 0x22, 0x10, 0x40
	.byte 0x00, 0x21, 0x08, 0x43, 0x00, 0x28, 0x09, 0xD0, 0x58, 0x68, 0x80, 0x24, 0xA4, 0x01, 0x02, 0x19
	.byte 0x59, 0x69, 0x89, 0x1A, 0xC9, 0x10, 0x40, 0x18, 0x58, 0x60, 0x08, 0xE0, 0x45, 0x46, 0x68, 0x68
	.byte 0x17, 0x4E, 0x82, 0x19, 0x69, 0x69, 0x89, 0x1A, 0xC9, 0x10, 0x40, 0x18, 0x68, 0x60, 0xAA, 0x21
	.byte 0x49, 0x00, 0x78, 0x18, 0x00, 0x22, 0x80, 0x5E, 0x0C, 0x28, 0x6F, 0xD1, 0xF5, 0xF7, 0xD3, 0xF8
	.byte 0x10, 0x4B, 0xF8, 0x18, 0x00, 0x78, 0x01, 0x28, 0x37, 0xD1, 0x44, 0x46, 0x60, 0x6B, 0xA1, 0x6B
	.byte 0x04, 0x22, 0x10, 0x40, 0x00, 0x21, 0x08, 0x43, 0x00, 0x28, 0x16, 0xD0, 0x61, 0x68, 0x09, 0x4D
	.byte 0x49, 0x19, 0xA2, 0x68, 0xE3, 0x68, 0x10, 0x20, 0x00, 0x90, 0x01, 0x90, 0x30, 0x20, 0x02, 0x90
	.byte 0x59, 0x20, 0xED, 0xF7, 0x5C, 0xFB, 0x00, 0x28, 0x18, 0xD1, 0x4F, 0xE0, 0x00, 0x00, 0x00, 0xE0
	.byte 0xFF, 0xFF, 0x61, 0x01, 0x00, 0x00, 0x00, 0xEC, 0xFF, 0xFF, 0x46, 0x46, 0x71, 0x68, 0xA0, 0x20
	.byte 0x40, 0x01, 0x09, 0x18, 0xB2, 0x68, 0xF3, 0x68, 0x10, 0x20, 0x00, 0x90, 0x01, 0x90, 0x30, 0x20
	.byte 0x02, 0x90, 0x59, 0x20, 0xED, 0xF7, 0x43, 0xFB, 0x00, 0x28, 0x37, 0xD0, 0x02, 0x48, 0xFB, 0xF0
	.byte 0xBA, 0xFA, 0x33, 0xE0, 0x00, 0x00, 0xF5, 0x01, 0x00, 0x00, 0x42, 0x46, 0x50, 0x6B, 0x91, 0x6B
	.byte 0x04, 0x22, 0x10, 0x40, 0x00, 0x21, 0x08, 0x43, 0x00, 0x28, 0x12, 0xD0, 0x43, 0x46, 0x59, 0x68
	.byte 0x07, 0x4C, 0x09, 0x19, 0x9A, 0x68, 0xDB, 0x68, 0x10, 0x20, 0x00, 0x90, 0x01, 0x90, 0x30, 0x20
	.byte 0x02, 0x90, 0x58, 0x20, 0xED, 0xF7, 0x23, 0xFB, 0x00, 0x28, 0x13, 0xD1, 0x16, 0xE0, 0x00, 0xEC
	.byte 0xFF, 0xFF, 0x45, 0x46, 0x69, 0x68, 0xA0, 0x26, 0x76, 0x01, 0x89, 0x19, 0xAA, 0x68, 0xEB, 0x68
	.byte 0x10, 0x20, 0x00, 0x90, 0x01, 0x90, 0x30, 0x20, 0x02, 0x90, 0x58, 0x20, 0xED, 0xF7, 0x0F, 0xFB
	.byte 0x00, 0x28, 0x03, 0xD0, 0xFA, 0x20, 0x40, 0x00, 0xFB, 0xF0, 0x85, 0xFA, 0xAA, 0x20, 0x40, 0x00
	.byte 0x3A, 0x18, 0x11, 0x88, 0x00, 0x23, 0xD0, 0x5E, 0x0E, 0x28, 0x25, 0xDD, 0x0C, 0x4C, 0x39, 0x19
	.byte 0x08, 0x78, 0x01, 0x38, 0x00, 0x23, 0x08, 0x70, 0x45, 0x46, 0x68, 0x68, 0x68, 0x61, 0xA8, 0x68
	.byte 0xA8, 0x61, 0xE8, 0x68, 0xE8, 0x61, 0x08, 0x78, 0x00, 0x28, 0x0A, 0xD1, 0xF8, 0x6B, 0xB8, 0x63
	.byte 0xAB, 0x26, 0x76, 0x00, 0xB8, 0x19, 0x03, 0x80, 0x13, 0x80, 0x02, 0xF0, 0xD0, 0xF8, 0x61, 0x01
	.byte 0x00, 0x00, 0x32, 0x20, 0xB8, 0x63, 0xAB, 0x20, 0x40, 0x00, 0x39, 0x18, 0x0B, 0x80, 0x13, 0x80
	.byte 0x01, 0x20, 0x08, 0x80, 0x02, 0xF0, 0xC3, 0xF8, 0x48, 0x1C, 0x10, 0x80, 0x02, 0xF0, 0xBF, 0xF8
	.byte 0x23, 0x99, 0x08, 0x68, 0xC1, 0x6E, 0x80, 0x6E, 0x80, 0x24, 0x24, 0x02, 0x20, 0x40, 0x00, 0x21
	.byte 0x08, 0x43, 0x00, 0x28, 0x01, 0xD0, 0x01, 0xF0, 0x82, 0xFE, 0x42, 0x46, 0xD1, 0x68, 0x10, 0x69
	.byte 0x81, 0x42, 0x01, 0xDA, 0x01, 0xF0, 0x7B, 0xFE, 0x38, 0x1C, 0xF9, 0xF7, 0x88, 0xF9, 0xAA, 0x23
	.byte 0x5B, 0x00, 0xF8, 0x18, 0x00, 0x25, 0x40, 0x5F, 0x0F, 0x28, 0x1C, 0xD0, 0x0F, 0x28, 0x02, 0xDC
	.byte 0x00, 0x28, 0x05, 0xD0, 0xDA, 0xE0, 0x14, 0x28, 0x45, 0xD0, 0x28, 0x28, 0x64, 0xD0, 0xD5, 0xE0
	.byte 0x38, 0x1C, 0x0E, 0x21, 0x00, 0x22, 0xF9, 0xF7, 0xE0, 0xF9, 0x05, 0x48, 0x00, 0x68, 0xB3, 0x30
	.byte 0x01, 0x78, 0x00, 0x20, 0x08, 0x22, 0xE1, 0xF7, 0x02, 0xFC, 0x9E, 0x20, 0xFB, 0xF0, 0x1B, 0xFA
	.byte 0xC4, 0xE0, 0x84, 0x9B, 0x03, 0x02, 0x46, 0x46, 0x70, 0x6B, 0xB1, 0x6B, 0x04, 0x22, 0x10, 0x40
	.byte 0x00, 0x21, 0x08, 0x43, 0x00, 0x28, 0x10, 0xD0, 0x70, 0x68, 0x05, 0x49, 0x40, 0x18, 0xB1, 0x68
	.byte 0xF2, 0x68, 0x89, 0x18, 0x04, 0x4A, 0x89, 0x18, 0x01, 0x22, 0xF0, 0xF7, 0xBA, 0xFA, 0x11, 0xE0
	.byte 0x00, 0x00, 0x00, 0xEC, 0xFF, 0xFF, 0x00, 0xF0, 0xFF, 0xFF, 0x43, 0x46, 0x58, 0x68, 0xA0, 0x24
	.byte 0x64, 0x01, 0x00, 0x19, 0x99, 0x68, 0xDA, 0x68, 0x89, 0x18, 0x04, 0x4D, 0x49, 0x19, 0x00, 0x22
	.byte 0xF0, 0xF7, 0xA7, 0xFA, 0x03, 0x48, 0xFB, 0xF0, 0xEE, 0xF9, 0x97, 0xE0, 0x00, 0x00, 0x00, 0xF0
	.byte 0xFF, 0xFF, 0x93, 0x02, 0x00, 0x00, 0x46, 0x46, 0x70, 0x6B, 0xB1, 0x6B, 0x04, 0x22, 0x10, 0x40
	.byte 0x00, 0x21, 0x08, 0x43, 0x00, 0x28, 0x08, 0xD0, 0x71, 0x68, 0x02, 0x48, 0x09, 0x18, 0xB2, 0x68
	.byte 0xF3, 0x68, 0x08, 0xE0, 0x00, 0x00, 0x00, 0x80, 0xFF, 0xFF, 0x42, 0x46, 0x51, 0x68, 0x09, 0x19
	.byte 0x92, 0x68, 0x44, 0x46, 0xE3, 0x68, 0xA0, 0x20, 0x00, 0x90, 0x60, 0x30, 0x01, 0x90, 0x02, 0x90
	.byte 0x6B, 0x20, 0xED, 0xF7, 0x4C, 0xFA, 0x71, 0xE0, 0xF4, 0xF7, 0xA5, 0xFF, 0x0A, 0x48, 0x03, 0x68
	.byte 0x98, 0x6E, 0xD9, 0x6E, 0x80, 0x22, 0xD2, 0x01, 0x10, 0x40, 0x00, 0x21, 0x08, 0x43, 0x00, 0x28
	.byte 0x1F, 0xD0, 0xB9, 0x25, 0x6D, 0x00, 0x78, 0x19, 0x00, 0x78, 0x00, 0x28, 0x07, 0xD0, 0x02, 0x48
	.byte 0x00, 0x68, 0xC6, 0x6F, 0x04, 0xE0, 0x84, 0x9B, 0x03, 0x02, 0x9C, 0x9B, 0x03, 0x02, 0xDE, 0x6F
	.byte 0x84, 0x21, 0x49, 0x00, 0x70, 0x18, 0x00, 0x68, 0x00, 0x28, 0x05, 0xD1, 0x86, 0x22, 0x52, 0x00
	.byte 0xB0, 0x18, 0x00, 0x68, 0x00, 0x28, 0x49, 0xD0, 0x6C, 0x20, 0x31, 0x1C, 0xED, 0xF7, 0x17, 0xFA
	.byte 0x44, 0xE0, 0x18, 0x1C, 0x80, 0x30, 0xDC, 0xF7, 0xA4, 0xF8, 0x13, 0xE0, 0x84, 0x23, 0x5B, 0x00
	.byte 0xF0, 0x18, 0x00, 0x68, 0x00, 0x28, 0x05, 0xD1, 0x86, 0x24, 0x64, 0x00, 0x30, 0x19, 0x00, 0x68
	.byte 0x00, 0x28, 0x03, 0xD0, 0x6C, 0x20, 0x31, 0x1C, 0xED, 0xF7, 0x01, 0xFA, 0x30, 0x1C, 0xB8, 0x30
	.byte 0xDC, 0xF7, 0xB3, 0xF8, 0x06, 0x1C, 0x00, 0x2E, 0xE8, 0xD1, 0x45, 0x46, 0x68, 0x6B, 0xA9, 0x6B
	.byte 0x04, 0x22, 0x10, 0x40, 0x00, 0x21, 0x08, 0x43, 0x00, 0x28, 0x10, 0xD0, 0x69, 0x68, 0x06, 0x4E
	.byte 0x89, 0x19, 0xAA, 0x68, 0xEB, 0x68, 0xA0, 0x20, 0x00, 0x90, 0x60, 0x30, 0x01, 0x90, 0x02, 0x90
	.byte 0x6C, 0x20, 0xED, 0xF7, 0xEC, 0xF9, 0x11, 0xE0, 0x00, 0x00, 0x00, 0x80, 0xFF, 0xFF, 0x40, 0x46
	.byte 0x41, 0x68, 0x80, 0x22, 0x12, 0x02, 0x89, 0x18, 0x82, 0x68, 0xC3, 0x68, 0xA0, 0x20, 0x00, 0x90
	.byte 0x60, 0x30, 0x01, 0x90, 0x02, 0x90, 0x6C, 0x20, 0xED, 0xF7, 0xD9, 0xF9, 0xAA, 0x23, 0x5B, 0x00
	.byte 0xF9, 0x18, 0x0A, 0x88, 0x00, 0x24, 0x08, 0x5F, 0x29, 0x28, 0x01, 0xD1, 0x01, 0xF0, 0x4F, 0xFE
	.byte 0x01, 0xF0, 0x3F, 0xFF, 0x23, 0x9D, 0x28, 0x68, 0xC1, 0x6E, 0x80, 0x6E, 0x80, 0x22, 0x12, 0x02
	.byte 0x10, 0x40, 0x00, 0x21, 0x08, 0x43, 0x00, 0x28, 0x01, 0xD0, 0x01, 0xF0, 0x78, 0xFD, 0x46, 0x46
	.byte 0xF1, 0x68, 0x30, 0x69, 0x81, 0x42, 0x01, 0xDA, 0x01, 0xF0, 0x71, 0xFD, 0x38, 0x1C, 0xF9, 0xF7
	.byte 0x7E, 0xF8, 0xAA, 0x21, 0x49, 0x00, 0x78, 0x18, 0x00, 0x22, 0x84, 0x5E, 0x00, 0x2C, 0x0B, 0xD1
	.byte 0x38, 0x1C, 0x47, 0x21, 0x00, 0x22, 0xF9, 0xF7, 0xE0, 0xF8, 0xB5, 0x20, 0xFB, 0xF0, 0x23, 0xF9
	.byte 0xCA, 0x23, 0x5B, 0x00, 0xF8, 0x18, 0x04, 0x60, 0xF8, 0x8A, 0x0C, 0x24, 0xE4, 0x19, 0xA1, 0x46
	.byte 0x00, 0x28, 0x42, 0xD1, 0x48, 0x46, 0xE0, 0xF7, 0x78, 0xFF, 0x00, 0x04, 0x02, 0x0C, 0x05, 0x2A
	.byte 0x1C, 0xD0, 0x05, 0x2A, 0x02, 0xDC, 0x04, 0x2A, 0x03, 0xD0, 0x36, 0xE0, 0x06, 0x2A, 0x1F, 0xD0
	.byte 0x33, 0xE0, 0x45, 0x46, 0x68, 0x6B, 0xA9, 0x6B, 0x10, 0x40, 0x00, 0x21, 0x08, 0x43, 0x00, 0x28
	.byte 0x05, 0xD0, 0x68, 0x68, 0x01, 0x4E, 0x26, 0xE0, 0x00, 0x00, 0x00, 0xF6, 0xFF, 0xFF, 0x41, 0x46
	.byte 0x48, 0x68, 0xA0, 0x22, 0x12, 0x01, 0x80, 0x18, 0x48, 0x60, 0x1E, 0xE0, 0x43, 0x46, 0x58, 0x6B
	.byte 0x99, 0x6B, 0x04, 0x22, 0x10, 0x40, 0x00, 0x21, 0x08, 0x43, 0x00, 0x28, 0x0A, 0xD1, 0x0F, 0xE0
	.byte 0x42, 0x46, 0x50, 0x6B, 0x91, 0x6B, 0x04, 0x22, 0x10, 0x40, 0x00, 0x21, 0x08, 0x43, 0x00, 0x28
	.byte 0x06, 0xD0, 0x43, 0x46, 0x58, 0x68, 0x80, 0x24, 0xE4, 0x00, 0x00, 0x19, 0x58, 0x60, 0x04, 0xE0
	.byte 0x45, 0x46, 0x68, 0x68, 0x0F, 0x4E, 0x80, 0x19, 0x68, 0x60, 0x48, 0x46, 0xE0, 0xF7, 0x35, 0xFF
	.byte 0x00, 0x04, 0x00, 0x0C, 0x04, 0x28, 0x4C, 0xD9, 0xCA, 0x20, 0x40, 0x00, 0x39, 0x18, 0x08, 0x68
	.byte 0x03, 0x1C, 0x80, 0x33, 0x0B, 0x60, 0x42, 0x46, 0x50, 0x6B, 0x91, 0x6B, 0x04, 0x22, 0x10, 0x40
	.byte 0x00, 0x21, 0x08, 0x43, 0x00, 0x28, 0x06, 0xD0, 0x44, 0x46, 0x60, 0x68, 0xC0, 0x1A, 0x60, 0x60
	.byte 0x05, 0xE0, 0x00, 0xFC, 0xFF, 0xFF, 0x45, 0x46, 0x68, 0x68, 0xC0, 0x18, 0x68, 0x60, 0x46, 0x46
	.byte 0x70, 0x6B, 0xB1, 0x6B, 0x04, 0x22, 0x10, 0x40, 0x00, 0x21, 0x08, 0x43, 0x00, 0x28, 0x12, 0xD0
	.byte 0x71, 0x68, 0x07, 0x48, 0x09, 0x18, 0xB2, 0x68, 0xF3, 0x68, 0x0A, 0x20, 0x00, 0x90, 0x0C, 0x20
	.byte 0x01, 0x90, 0x20, 0x20, 0x02, 0x90, 0x5E, 0x20, 0xED, 0xF7, 0x21, 0xF9, 0x00, 0x28, 0x15, 0xD1
	.byte 0x17, 0xE0, 0x00, 0xE7, 0xFF, 0xFF, 0x42, 0x46, 0x51, 0x68, 0xC8, 0x23, 0x5B, 0x01, 0xC9, 0x18
	.byte 0x92, 0x68, 0x44, 0x46, 0xE3, 0x68, 0x0A, 0x20, 0x00, 0x90, 0x0C, 0x20, 0x01, 0x90, 0x20, 0x20
	.byte 0x02, 0x90, 0x5E, 0x20, 0xED, 0xF7, 0x0B, 0xF9, 0x00, 0x28, 0x02, 0xD0, 0x0B, 0x48, 0xFB, 0xF0
	.byte 0x82, 0xF8, 0x48, 0x46, 0xE0, 0xF7, 0xD5, 0xFE, 0x00, 0x06, 0x00, 0x28, 0x1E, 0xD0, 0x45, 0x46
	.byte 0x68, 0x6B, 0xA9, 0x6B, 0x04, 0x22, 0x10, 0x40, 0x00, 0x21, 0x08, 0x43, 0x00, 0x28, 0x08, 0xD0
	.byte 0x68, 0x68, 0x02, 0x4E, 0x80, 0x19, 0x68, 0x60, 0x09, 0xE0, 0xF7, 0x01, 0x00, 0x00, 0x00, 0xF8
	.byte 0xFF, 0xFF, 0x41, 0x46, 0x48, 0x68, 0x80, 0x22, 0x12, 0x01, 0x80, 0x18, 0x48, 0x60, 0x39, 0x20
	.byte 0xB8, 0x63, 0xAA, 0x23, 0x5B, 0x00, 0xF9, 0x18, 0x01, 0xF0, 0x4D, 0xFE, 0xAA, 0x24, 0x64, 0x00
	.byte 0x39, 0x19, 0x01, 0xF0, 0xAB, 0xFE, 0x38, 0x1C, 0xF8, 0xF7, 0xA1, 0xFF, 0xAA, 0x25, 0x6D, 0x00
	.byte 0x78, 0x19, 0x00, 0x26, 0x80, 0x5F, 0x00, 0x28, 0x07, 0xD1, 0x38, 0x1C, 0x48, 0x21, 0x00, 0x22
	.byte 0xF9, 0xF7, 0x03, 0xF8, 0x38, 0x1C, 0xF8, 0xF7, 0x2E, 0xFF, 0x42, 0x46, 0x50, 0x6B, 0x91, 0x6B
	.byte 0x04, 0x22, 0x10, 0x40, 0x00, 0x21, 0x08, 0x43, 0x00, 0x28, 0x08, 0xD0, 0xCA, 0x23, 0x5B, 0x00
	.byte 0xF8, 0x18, 0x44, 0x46, 0x61, 0x68, 0x00, 0x68, 0x09, 0x1A, 0x61, 0x60, 0x07, 0xE0, 0xCA, 0x25
	.byte 0x6D, 0x00, 0x78, 0x19, 0x46, 0x46, 0x71, 0x68, 0x00, 0x68, 0x09, 0x18, 0x71, 0x60, 0x40, 0x20
	.byte 0x17, 0x99, 0x08, 0x40, 0x00, 0x28, 0x08, 0xD0, 0x42, 0x46, 0x90, 0x68, 0x02, 0x4B, 0xC0, 0x18
	.byte 0x90, 0x60, 0x0D, 0xE0, 0x00, 0x00, 0x80, 0xFE, 0xFF, 0xFF, 0x80, 0x20, 0x17, 0x9C, 0x20, 0x40
	.byte 0x00, 0x28, 0x05, 0xD0, 0x45, 0x46, 0xA8, 0x68, 0xC0, 0x26, 0x76, 0x00, 0x80, 0x19, 0xA8, 0x60
	.byte 0x42, 0x46, 0x50, 0x6B, 0x91, 0x6B, 0x04, 0x22, 0x10, 0x40, 0x00, 0x21, 0x08, 0x43, 0x00, 0x28
	.byte 0x13, 0xD0, 0x43, 0x46, 0x59, 0x68, 0x07, 0x4C, 0x09, 0x19, 0x9A, 0x68, 0xDB, 0x68, 0x0A, 0x20
	.byte 0x00, 0x90, 0x0C, 0x20, 0x01, 0x90, 0x02, 0x90, 0x5E, 0x20, 0xED, 0xF7, 0x80, 0xF8, 0x00, 0x28
	.byte 0x14, 0xD1, 0x16, 0xE0, 0x00, 0x00, 0x00, 0xE7, 0xFF, 0xFF, 0x45, 0x46, 0x69, 0x68, 0xC8, 0x26
	.byte 0x76, 0x01, 0x89, 0x19, 0xAA, 0x68, 0xEB, 0x68, 0x0A, 0x20, 0x00, 0x90, 0x0C, 0x20, 0x01, 0x90
	.byte 0x02, 0x90, 0x5E, 0x20, 0xED, 0xF7, 0x6B, 0xF8, 0x00, 0x28, 0x02, 0xD0, 0x0A, 0x48, 0xFA, 0xF0
	.byte 0xE2, 0xFF, 0xAA, 0x20, 0x40, 0x00, 0x3C, 0x18, 0x21, 0x88, 0x00, 0x22, 0xA0, 0x5E, 0x12, 0x28
	.byte 0x0B, 0xDD, 0x3A, 0x20, 0xB8, 0x63, 0x38, 0x1C, 0xF8, 0xF7, 0xCB, 0xFE, 0x00, 0x20, 0x20, 0x80
	.byte 0x01, 0xF0, 0x3D, 0xFE, 0x00, 0x00, 0xF7, 0x01, 0x00, 0x00, 0x48, 0x1C, 0x20, 0x80, 0x01, 0xF0
	.byte 0x36, 0xFE, 0x38, 0x1C, 0xF8, 0xF7, 0x13, 0xFF, 0xAA, 0x23, 0x5B, 0x00, 0xF8, 0x18, 0x00, 0x24
	.byte 0x00, 0x5F, 0x00, 0x28, 0x0D, 0xD1, 0x38, 0x1C, 0x49, 0x21, 0x00, 0x22, 0xF8, 0xF7, 0x75, 0xFF
	.byte 0x45, 0x46, 0x68, 0x6B, 0xA9, 0x6B, 0x11, 0x22, 0x52, 0x42, 0x10, 0x40, 0x46, 0x46, 0x70, 0x63
	.byte 0xB1, 0x63, 0xCA, 0x20, 0x40, 0x00, 0x3B, 0x18, 0x18, 0x68, 0x80, 0x38, 0x18, 0x60, 0x00, 0x28
	.byte 0x01, 0xDA, 0x00, 0x20, 0x18, 0x60, 0x42, 0x46, 0x50, 0x6B, 0x91, 0x6B, 0x04, 0x22, 0x10, 0x40
	.byte 0x00, 0x21, 0x08, 0x43, 0x00, 0x28, 0x05, 0xD0, 0x44, 0x46, 0x60, 0x68, 0x19, 0x68, 0x40, 0x1A
	.byte 0x60, 0x60, 0x04, 0xE0, 0x45, 0x46, 0x68, 0x68, 0x19, 0x68, 0x40, 0x18, 0x68, 0x60, 0x3C, 0x1C
	.byte 0x0C, 0x34, 0x20, 0x1C, 0xE0, 0xF7, 0xF1, 0xFD, 0x00, 0x04, 0x00, 0x0C, 0xA1, 0x46, 0x01, 0x28
	.byte 0x10, 0xD1, 0x46, 0x46, 0x70, 0x6B, 0xB1, 0x6B, 0x04, 0x22, 0x10, 0x40, 0x00, 0x21, 0x08, 0x43
	.byte 0x00, 0x28, 0x03, 0xD0, 0x70, 0x68, 0x80, 0x30, 0x70, 0x60, 0x03, 0xE0, 0x41, 0x46, 0x48, 0x68
	.byte 0x80, 0x38, 0x48, 0x60, 0x48, 0x46, 0xE0, 0xF7, 0xCC, 0xFD, 0x00, 0x06, 0x00, 0x28, 0x06, 0xD0
	.byte 0xAA, 0x22, 0x52, 0x00, 0xB9, 0x18, 0x00, 0x20, 0x08, 0x80, 0x01, 0xF0, 0x74, 0xFC, 0xAA, 0x23
	.byte 0x5B, 0x00, 0xF9, 0x18, 0x01, 0xF0, 0xBA, 0xFD, 0x23, 0x9C, 0x20, 0x68, 0xC1, 0x6E, 0x80, 0x6E
	.byte 0x80, 0x22, 0x12, 0x02, 0x10, 0x40, 0x00, 0x21, 0x08, 0x43, 0x00, 0x28, 0x01, 0xD0, 0x01, 0xF0
	.byte 0x96, 0xFB, 0x45, 0x46, 0xE9, 0x68, 0x28, 0x69, 0x81, 0x42, 0x01, 0xDA, 0x01, 0xF0, 0x8F, 0xFB
	.byte 0x38, 0x1C, 0xF8, 0xF7, 0x9C, 0xFE, 0xAA, 0x26, 0x76, 0x00, 0xB8, 0x19, 0x00, 0x21, 0x40, 0x5E
	.byte 0x00, 0x28, 0x07, 0xD1, 0xB6, 0x20, 0xFA, 0xF0, 0x46, 0xFF, 0x38, 0x1C, 0x4A, 0x21, 0x00, 0x22
	.byte 0xF8, 0xF7, 0xFB, 0xFE, 0x3C, 0x1C, 0x0C, 0x34, 0x20, 0x1C, 0xE0, 0xF7, 0x9E, 0xFD, 0x00, 0x04
	.byte 0x02, 0x0C, 0xA1, 0x46, 0x03, 0x2A, 0x04, 0xDC, 0x02, 0x2A, 0x1E, 0xDA, 0x00, 0x2A, 0x03, 0xD0
	.byte 0x50, 0xE0, 0x04, 0x2A, 0x33, 0xD0, 0x4D, 0xE0, 0xF8, 0x8A, 0x00, 0x28, 0x4A, 0xD1, 0x42, 0x46
	.byte 0x50, 0x6B, 0x91, 0x6B, 0x04, 0x22, 0x10, 0x40, 0x00, 0x21, 0x08, 0x43, 0x00, 0x28, 0x04, 0xD0
	.byte 0x43, 0x46, 0x58, 0x68, 0xC0, 0x24, 0xA4, 0x00, 0x17, 0xE0, 0x45, 0x46, 0x68, 0x68, 0x01, 0x4E
	.byte 0x80, 0x19, 0x36, 0xE0, 0x00, 0x00, 0x00, 0xFD, 0xFF, 0xFF, 0xF8, 0x8A, 0x00, 0x28, 0x31, 0xD1
	.byte 0x42, 0x46, 0x50, 0x6B, 0x91, 0x6B, 0x04, 0x22, 0x10, 0x40, 0x00, 0x21, 0x08, 0x43, 0x00, 0x28
	.byte 0x06, 0xD0, 0x43, 0x46, 0x58, 0x68, 0x80, 0x24, 0xA4, 0x00, 0x00, 0x19, 0x58, 0x60, 0x21, 0xE0
	.byte 0x45, 0x46, 0x68, 0x68, 0x01, 0x4E, 0x80, 0x19, 0x1B, 0xE0, 0x00, 0xFE, 0xFF, 0xFF, 0x43, 0x46
	.byte 0x58, 0x6B, 0x99, 0x6B, 0x10, 0x40, 0x00, 0x21, 0x08, 0x43, 0x00, 0x28, 0x09, 0xD0, 0x58, 0x68
	.byte 0x80, 0x24, 0xE4, 0x01, 0x02, 0x19, 0x59, 0x69, 0x89, 0x1A, 0x09, 0x11, 0x40, 0x18, 0x58, 0x60
	.byte 0x08, 0xE0, 0x45, 0x46, 0x68, 0x68, 0x09, 0x4E, 0x82, 0x19, 0x69, 0x69, 0x89, 0x1A, 0x09, 0x11
	.byte 0x40, 0x18, 0x68, 0x60, 0x48, 0x46, 0xE0, 0xF7, 0x34, 0xFD, 0x00, 0x06, 0x00, 0x28, 0x08, 0xD0
	.byte 0x3C, 0x20, 0xB8, 0x63, 0xAA, 0x20, 0x40, 0x00, 0x39, 0x18, 0x01, 0xF0, 0xC4, 0xFC, 0x00, 0xC0
	.byte 0xFF, 0xFF, 0xAA, 0x22, 0x52, 0x00, 0xB9, 0x18, 0x01, 0xF0, 0x20, 0xFD, 0x38, 0x1C, 0xF8, 0xF7
	.byte 0x16, 0xFE, 0xAA, 0x23, 0x5B, 0x00, 0xF8, 0x18, 0x00, 0x24, 0x00, 0x5F, 0x00, 0x28, 0x09, 0xD1
	.byte 0x38, 0x1C, 0x4B, 0x21, 0x00, 0x22, 0xF8, 0xF7, 0x78, 0xFE, 0xAB, 0x25, 0x6D, 0x00, 0x79, 0x19
	.byte 0x05, 0x20, 0x08, 0x80, 0x46, 0x46, 0x70, 0x6B, 0xB1, 0x6B, 0x04, 0x22, 0x10, 0x40, 0x00, 0x21
	.byte 0x08, 0x43, 0x00, 0x28, 0x09, 0xD0, 0x70, 0x68, 0x80, 0x21, 0xC9, 0x01, 0x42, 0x18, 0x71, 0x69
	.byte 0x89, 0x1A, 0x09, 0x11, 0x40, 0x18, 0x70, 0x60, 0x09, 0xE0, 0x42, 0x46, 0x50, 0x68, 0x12, 0x4B
	.byte 0xC2, 0x18, 0x44, 0x46, 0x61, 0x69, 0x89, 0x1A, 0x09, 0x11, 0x40, 0x18, 0x60, 0x60, 0xAB, 0x25
	.byte 0x6D, 0x00, 0x79, 0x19, 0x08, 0x88, 0x01, 0x38, 0x08, 0x80, 0x00, 0x04, 0x00, 0x14, 0x01, 0x28
	.byte 0x68, 0xDC, 0x46, 0x46, 0x70, 0x6B, 0xB1, 0x6B, 0x04, 0x22, 0x10, 0x40, 0x00, 0x21, 0x08, 0x43
	.byte 0x00, 0x28, 0x10, 0xD0, 0x70, 0x68, 0x05, 0x49, 0x40, 0x18, 0xB1, 0x68, 0xF2, 0x68, 0x04, 0x4B
	.byte 0xD2, 0x18, 0x00, 0x23, 0xF1, 0xF7, 0xEF, 0xFA, 0x11, 0xE0, 0x00, 0xC0, 0xFF, 0xFF, 0x00, 0xEC
	.byte 0xFF, 0xFF, 0x00, 0xE2, 0xFF, 0xFF, 0x44, 0x46, 0x60, 0x68, 0xA0, 0x25, 0x6D, 0x01, 0x40, 0x19
	.byte 0xA1, 0x68, 0xE2, 0x68, 0x11, 0x4E, 0x92, 0x19, 0x01, 0x23, 0xF1, 0xF7, 0xDC, 0xFA, 0x03, 0x20
	.byte 0x0A, 0x21, 0xE0, 0xF7, 0xC0, 0xFF, 0x42, 0x46, 0x50, 0x6B, 0x91, 0x6B, 0x04, 0x22, 0x10, 0x40
	.byte 0x00, 0x21, 0x08, 0x43, 0x00, 0x28, 0x14, 0xD0, 0x43, 0x46, 0x59, 0x68, 0x08, 0x4C, 0x09, 0x19
	.byte 0x9A, 0x68, 0xDB, 0x68, 0x0A, 0x20, 0x00, 0x90, 0x0C, 0x20, 0x01, 0x90, 0x02, 0x90, 0x5F, 0x20
	.byte 0xEC, 0xF7, 0xD5, 0xFE, 0x00, 0x28, 0x15, 0xD1, 0x24, 0xE0, 0x00, 0xE2, 0xFF, 0xFF, 0x00, 0xE7
	.byte 0xFF, 0xFF, 0x45, 0x46, 0x69, 0x68, 0xC8, 0x26, 0x76, 0x01, 0x89, 0x19, 0xAA, 0x68, 0xEB, 0x68
	.byte 0x0A, 0x20, 0x00, 0x90, 0x0C, 0x20, 0x01, 0x90, 0x02, 0x90, 0x5F, 0x20, 0xEC, 0xF7, 0xBF, 0xFE
	.byte 0x00, 0x28, 0x0F, 0xD0, 0xA1, 0x20, 0x80, 0x00, 0xFA, 0xF0, 0x35, 0xFE, 0x38, 0x1C, 0x4C, 0x21
	.byte 0x00, 0x22, 0xF8, 0xF7, 0xEA, 0xFD, 0x3D, 0x20, 0xB8, 0x63, 0xAA, 0x20, 0x40, 0x00, 0x39, 0x18
	.byte 0x01, 0xF0, 0x19, 0xFC, 0xAB, 0x21, 0x49, 0x00, 0x78, 0x18, 0x00, 0x22, 0x80, 0x5E, 0x00, 0x28
	.byte 0x06, 0xDC, 0x3D, 0x20, 0xB8, 0x63, 0xAA, 0x23, 0x5B, 0x00, 0xF9, 0x18, 0x01, 0xF0, 0x0B, 0xFC
	.byte 0xAA, 0x24, 0x64, 0x00, 0x39, 0x19, 0x01, 0xF0, 0x69, 0xFC, 0x38, 0x1C, 0xF8, 0xF7, 0x5F, 0xFD
	.byte 0xAA, 0x25, 0x6D, 0x00, 0x7C, 0x19, 0x00, 0x26, 0xA0, 0x5F, 0x00, 0x28, 0x04, 0xD1, 0x38, 0x1C
	.byte 0x4C, 0x21, 0x00, 0x22, 0xF8, 0xF7, 0xC1, 0xFD, 0x38, 0x1C, 0x0C, 0x30, 0xE0, 0xF7, 0x59, 0xFC
	.byte 0x00, 0x06, 0x00, 0x28, 0x01, 0xD1, 0x01, 0xF0, 0x8A, 0xF9, 0x00, 0x20, 0x20, 0x80, 0x01, 0xF0
	.byte 0x02, 0xFB, 0x23, 0x99, 0x08, 0x68, 0xC1, 0x6E, 0x80, 0x6E, 0x80, 0x22, 0x12, 0x02, 0x10, 0x40
	.byte 0x00, 0x21, 0x0C, 0x1C, 0x04, 0x43, 0x00, 0x2C, 0x01, 0xD0, 0x01, 0xF0, 0x28, 0xFA, 0x42, 0x46
	.byte 0xD1, 0x68, 0x10, 0x69, 0x81, 0x42, 0x01, 0xDA, 0x01, 0xF0, 0x21, 0xFA, 0x38, 0x1C, 0xF8, 0xF7
	.byte 0x2E, 0xFD, 0x05, 0x48, 0x00, 0x68, 0xB3, 0x30, 0x01, 0x78, 0x00, 0x20, 0x08, 0x22, 0xE0, 0xF7
	.byte 0xBE, 0xFF, 0x35, 0x20, 0x00, 0xF0, 0x84, 0xFC, 0x00, 0x00, 0x84, 0x9B, 0x03, 0x02, 0x38, 0x1C
	.byte 0xF8, 0xF7, 0x1D, 0xFD, 0xAA, 0x26, 0x76, 0x00, 0xB8, 0x19, 0x00, 0x21, 0x40, 0x5E, 0x0C, 0x22
	.byte 0xD2, 0x19, 0x91, 0x46, 0x00, 0x28, 0x07, 0xD1, 0x48, 0x46, 0xE0, 0xF7, 0x3E, 0xFC, 0x38, 0x1C
	.byte 0x46, 0x21, 0x00, 0x22, 0xF8, 0xF7, 0x79, 0xFD, 0x48, 0x46, 0xE0, 0xF7, 0x1E, 0xFC, 0x00, 0x04
	.byte 0x00, 0x0C, 0x05, 0x28, 0x08, 0xD1, 0xF8, 0x8A, 0x00, 0x28, 0x05, 0xD1, 0xA8, 0x23, 0x5B, 0x00
	.byte 0xF9, 0x18, 0x80, 0x20, 0x40, 0x01, 0x08, 0x60, 0x48, 0x46, 0xE0, 0xF7, 0x0E, 0xFC, 0x00, 0x04
	.byte 0x00, 0x0C, 0x01, 0x38, 0x06, 0x28, 0x00, 0xD9, 0x0A, 0xE1, 0x80, 0x00, 0x02, 0x49, 0x40, 0x18
	.byte 0x00, 0x68, 0x87, 0x46, 0x00, 0x00, 0x34, 0x53, 0x02, 0x08, 0x50, 0x53, 0x02, 0x08, 0x50, 0x54
	.byte 0x02, 0x08, 0x50, 0x54, 0x02, 0x08, 0x50, 0x54, 0x02, 0x08, 0x50, 0x54, 0x02, 0x08, 0x78, 0x54
	.byte 0x02, 0x08, 0x26, 0x55, 0x02, 0x08, 0xF8, 0x8A, 0x00, 0x28, 0x00, 0xD0, 0xF0, 0xE0, 0x08, 0x4C
	.byte 0x38, 0x19, 0x00, 0x78, 0x01, 0x28, 0x10, 0xD0, 0x01, 0x28, 0x1A, 0xDC, 0x00, 0x28, 0x18, 0xD1
	.byte 0xA8, 0x25, 0x6D, 0x00, 0x79, 0x19, 0x03, 0x48, 0x08, 0x60, 0x9D, 0x20, 0xFA, 0xF0, 0x7B, 0xFD
	.byte 0x17, 0xE0, 0x61, 0x01, 0x00, 0x00, 0x00, 0xFA, 0xFF, 0xFF, 0xA8, 0x26, 0x76, 0x00, 0xB9, 0x19
	.byte 0x03, 0x48, 0x08, 0x60, 0x96, 0x20, 0xFA, 0xF0, 0x6E, 0xFD, 0x0A, 0xE0, 0x00, 0x00, 0x80, 0xFD
	.byte 0xFF, 0xFF, 0xA8, 0x20, 0x40, 0x00, 0x39, 0x18, 0x0A, 0x48, 0x08, 0x60, 0x97, 0x20, 0xFA, 0xF0
	.byte 0x62, 0xFD, 0x38, 0x1C, 0xF9, 0xF7, 0x95, 0xF9, 0x06, 0x1C, 0x00, 0x2E, 0x0B, 0xD0, 0xCA, 0x22
	.byte 0x52, 0x00, 0xB9, 0x18, 0x70, 0x68, 0x08, 0x60, 0xCC, 0x23, 0x5B, 0x00, 0xF9, 0x18, 0xB0, 0x68
	.byte 0x0B, 0xE0, 0x80, 0xFD, 0xFF, 0xFF, 0xCA, 0x24, 0x64, 0x00, 0x39, 0x19, 0x45, 0x46, 0x68, 0x68
	.byte 0x08, 0x60, 0xCC, 0x26, 0x76, 0x00, 0xB9, 0x19, 0xA8, 0x68, 0x08, 0x60, 0x42, 0x46, 0x50, 0x6B
	.byte 0x91, 0x6B, 0x04, 0x22, 0x10, 0x40, 0x00, 0x21, 0x08, 0x43, 0x00, 0x28, 0x04, 0xD0, 0xB0, 0x23
	.byte 0x5B, 0x00, 0xF9, 0x18, 0xC0, 0x20, 0x03, 0xE0, 0xB0, 0x24, 0x64, 0x00, 0x39, 0x19, 0x40, 0x20
	.byte 0x08, 0x70, 0xCA, 0x26, 0x76, 0x00, 0xBD, 0x19, 0x41, 0x46, 0x48, 0x68, 0x2C, 0x68, 0xA0, 0x42
	.byte 0x0A, 0xDD, 0x48, 0x6B, 0x89, 0x6B, 0x04, 0x22, 0x00, 0x23, 0x10, 0x43, 0x42, 0x46, 0x50, 0x63
	.byte 0x91, 0x63, 0xA0, 0x23, 0x5B, 0x01, 0x09, 0xE0, 0x46, 0x46, 0x70, 0x6B, 0xB1, 0x6B, 0x05, 0x22
	.byte 0x52, 0x42, 0x10, 0x40, 0x42, 0x46, 0x50, 0x63, 0x91, 0x63, 0x01, 0x4B, 0xE0, 0x18, 0x28, 0x60
	.byte 0x76, 0xE0, 0x00, 0xEC, 0xFF, 0xFF, 0xCA, 0x24, 0x64, 0x00, 0x38, 0x19, 0x00, 0x68, 0x45, 0x46
	.byte 0x69, 0x68, 0x40, 0x1A, 0xC0, 0x10, 0x09, 0x18, 0x69, 0x60, 0xCC, 0x26, 0x76, 0x00, 0xB8, 0x19
	.byte 0x00, 0x68, 0xA9, 0x68, 0x40, 0x1A, 0xC0, 0x10, 0x09, 0x18, 0xA9, 0x60, 0x60, 0xE0, 0xF8, 0x8A
	.byte 0x06, 0x21, 0xF8, 0xF0, 0xA6, 0xF9, 0x00, 0x04, 0x00, 0x28, 0x01, 0xD1, 0xF4, 0xF7, 0xD3, 0xFA
	.byte 0x42, 0x46, 0x50, 0x6B, 0x91, 0x6B, 0x04, 0x22, 0x10, 0x40, 0x00, 0x21, 0x08, 0x43, 0x00, 0x28
	.byte 0x1B, 0xD0, 0x43, 0x46, 0x59, 0x68, 0x0A, 0x48, 0x09, 0x18, 0x9A, 0x68, 0xDB, 0x68, 0x1B, 0x18
	.byte 0x14, 0x20, 0x00, 0x90, 0x19, 0x20, 0x01, 0x90, 0x20, 0x20, 0x02, 0x90, 0x5D, 0x20, 0xEC, 0xF7
	.byte 0x5E, 0xFD, 0x00, 0x28, 0x3C, 0xD0, 0x03, 0x4C, 0x38, 0x19, 0x00, 0x78, 0x00, 0x28, 0x1D, 0xD0
	.byte 0x27, 0xE0, 0x00, 0xE0, 0xFF, 0xFF, 0x61, 0x01, 0x00, 0x00, 0x45, 0x46, 0x69, 0x68, 0x80, 0x26
	.byte 0xB6, 0x01, 0x89, 0x19, 0xAA, 0x68, 0xEB, 0x68, 0x0B, 0x48, 0x1B, 0x18, 0x14, 0x20, 0x00, 0x90
	.byte 0x19, 0x20, 0x01, 0x90, 0x20, 0x20, 0x02, 0x90, 0x5D, 0x20, 0xEC, 0xF7, 0x40, 0xFD, 0x00, 0x28
	.byte 0x1E, 0xD0, 0x05, 0x49, 0x78, 0x18, 0x00, 0x78, 0x00, 0x28, 0x0A, 0xD1, 0x04, 0x48, 0xFA, 0xF0
	.byte 0xB2, 0xFC, 0x15, 0xE0, 0x00, 0x00, 0x00, 0xE0, 0xFF, 0xFF, 0x61, 0x01, 0x00, 0x00, 0xF7, 0x01
	.byte 0x00, 0x00, 0xFB, 0x20, 0x40, 0x00, 0xFA, 0xF0, 0xA6, 0xFC, 0x09, 0xE0, 0x42, 0x46, 0xD1, 0x68
	.byte 0x10, 0x69, 0x81, 0x42, 0x04, 0xDA, 0x00, 0x20, 0xF8, 0x82, 0x78, 0x8B, 0x01, 0x38, 0x78, 0x83
	.byte 0x48, 0x46, 0xE0, 0xF7, 0xEE, 0xFA, 0x00, 0x06, 0x00, 0x28, 0x01, 0xD1, 0x01, 0xF0, 0xE3, 0xFA
	.byte 0x07, 0x4B, 0xFA, 0x18, 0x10, 0x78, 0x00, 0x28, 0x0B, 0xD1, 0x38, 0x1C, 0x01, 0x21, 0xF8, 0xF7
	.byte 0xC4, 0xFF, 0x00, 0x20, 0x08, 0x21, 0xE0, 0xF7, 0x42, 0xFE, 0x01, 0xF0, 0xF0, 0xFA, 0x61, 0x01
	.byte 0x00, 0x00, 0x01, 0x38, 0x00, 0x21, 0x10, 0x70, 0x35, 0x20, 0x01, 0xF0, 0xBF, 0xFA, 0x38, 0x1C
	.byte 0xF8, 0xF7, 0xC5, 0xFB, 0xAA, 0x20, 0x40, 0x00, 0x3C, 0x18, 0x00, 0x21, 0x60, 0x5E, 0x00, 0x28
	.byte 0x10, 0xD1, 0x38, 0x1C, 0x44, 0x21, 0x00, 0x22, 0xF8, 0xF7, 0x27, 0xFC, 0x38, 0x1C, 0xF8, 0xF7
	.byte 0x52, 0xFB, 0x80, 0x21, 0x49, 0x00, 0x17, 0x48, 0x00, 0x68, 0x02, 0x69, 0x43, 0x69, 0x04, 0x20
	.byte 0xF3, 0xF7, 0x51, 0xFD, 0x21, 0x88, 0x08, 0x1C, 0x0F, 0x38, 0x00, 0x04, 0x00, 0x0C, 0x18, 0x28
	.byte 0x00, 0xD9, 0xB1, 0xE0, 0x23, 0x9A, 0x10, 0x68, 0x86, 0x6F, 0x0F, 0x29, 0x04, 0xD1, 0xA8, 0x23
	.byte 0x5B, 0x00, 0xF9, 0x18, 0x0D, 0x48, 0x08, 0x60, 0x00, 0x25, 0x60, 0x5F, 0x16, 0x28, 0x02, 0xD1
	.byte 0x9D, 0x20, 0xFA, 0xF0, 0x48, 0xFC, 0x00, 0x2E, 0x11, 0xD0, 0x70, 0x68, 0x42, 0x46, 0x51, 0x68
	.byte 0x40, 0x1A, 0xC0, 0x10, 0x09, 0x18, 0x51, 0x60, 0xB0, 0x68, 0x91, 0x68, 0x40, 0x1A, 0xC0, 0x10
	.byte 0x09, 0x18, 0x91, 0x60, 0x1F, 0xE0, 0x84, 0x9B, 0x03, 0x02, 0x80, 0xFB, 0xFF, 0xFF, 0x43, 0x46
	.byte 0x58, 0x6B, 0x99, 0x6B, 0x04, 0x22, 0x10, 0x40, 0x00, 0x21, 0x08, 0x43, 0x00, 0x28, 0x09, 0xD0
	.byte 0x58, 0x68, 0xC0, 0x24, 0xA4, 0x01, 0x02, 0x19, 0x59, 0x69, 0x89, 0x1A, 0xC9, 0x10, 0x40, 0x18
	.byte 0x58, 0x60, 0x08, 0xE0, 0x45, 0x46, 0x68, 0x68, 0x14, 0x4E, 0x82, 0x19, 0x69, 0x69, 0x89, 0x1A
	.byte 0xC9, 0x10, 0x40, 0x18, 0x68, 0x60, 0xAA, 0x21, 0x49, 0x00, 0x78, 0x18, 0x00, 0x22, 0x80, 0x5E
	.byte 0x26, 0x28, 0x5E, 0xD1, 0xF4, 0xF7, 0xEF, 0xF9, 0x43, 0x46, 0x58, 0x6B, 0x99, 0x6B, 0x04, 0x22
	.byte 0x10, 0x40, 0x00, 0x21, 0x08, 0x43, 0x00, 0x28, 0x13, 0xD0, 0x59, 0x68, 0x08, 0x4C, 0x09, 0x19
	.byte 0x9A, 0x68, 0xDB, 0x68, 0x20, 0x24, 0x00, 0x94, 0x18, 0x20, 0x01, 0x90, 0x02, 0x94, 0x5A, 0x20
	.byte 0xEC, 0xF7, 0x7D, 0xFC, 0x00, 0x28, 0x15, 0xD1, 0x4E, 0xE0, 0x00, 0xD0, 0xFF, 0xFF, 0x00, 0xFC
	.byte 0xFF, 0xFF, 0x45, 0x46, 0x69, 0x68, 0x80, 0x26, 0xF6, 0x00, 0x89, 0x19, 0xAA, 0x68, 0xEB, 0x68
	.byte 0x20, 0x24, 0x00, 0x94, 0x18, 0x20, 0x01, 0x90, 0x02, 0x94, 0x5A, 0x20, 0xEC, 0xF7, 0x67, 0xFC
	.byte 0x00, 0x28, 0x39, 0xD0, 0xFB, 0x20, 0x40, 0x00, 0xFA, 0xF0, 0xDD, 0xFB, 0x42, 0x46, 0x50, 0x6B
	.byte 0x91, 0x6B, 0x04, 0x22, 0x10, 0x40, 0x00, 0x21, 0x08, 0x43, 0x00, 0x28, 0x0F, 0xD0, 0xC0, 0x21
	.byte 0x49, 0x00, 0x43, 0x46, 0x5A, 0x68, 0x04, 0x4C, 0x12, 0x19, 0x9B, 0x68, 0x45, 0x46, 0xE8, 0x68
	.byte 0x1B, 0x18, 0x08, 0x20, 0xF3, 0xF7, 0xB7, 0xFC, 0x0E, 0xE0, 0x00, 0xF8, 0xFF, 0xFF, 0xC0, 0x21
	.byte 0x49, 0x00, 0x46, 0x46, 0x72, 0x68, 0x80, 0x20, 0x00, 0x01, 0x12, 0x18, 0xB3, 0x68, 0xF0, 0x68
	.byte 0x1B, 0x18, 0x08, 0x20, 0xF3, 0xF7, 0xA7, 0xFC, 0x02, 0x20, 0x14, 0x21, 0xE0, 0xF7, 0x0B, 0xFD
	.byte 0x0A, 0xE0, 0x27, 0x28, 0x08, 0xD1, 0x80, 0x21, 0x49, 0x00, 0x11, 0x48, 0x00, 0x68, 0x02, 0x69
	.byte 0x43, 0x69, 0x05, 0x20, 0xF3, 0xF7, 0x97, 0xFC, 0x3C, 0x1C, 0x0C, 0x34, 0x20, 0x1C, 0xE0, 0xF7
	.byte 0x04, 0xFA, 0x00, 0x04, 0x00, 0x0C, 0xA1, 0x46, 0x08, 0x28, 0x06, 0xDC, 0x03, 0x28, 0x04, 0xDB
	.byte 0xA8, 0x22, 0x52, 0x00, 0xB9, 0x18, 0x00, 0x20, 0x08, 0x60, 0x48, 0x46, 0xE0, 0xF7, 0xE9, 0xF9
	.byte 0x00, 0x06, 0x00, 0x28, 0x07, 0xD0, 0x38, 0x1C, 0xF8, 0xF7, 0x83, 0xFA, 0x01, 0xF0, 0x93, 0xF8
	.byte 0x00, 0x00, 0x84, 0x9B, 0x03, 0x02, 0xAA, 0x23, 0x5B, 0x00, 0xF9, 0x18, 0x01, 0xF0, 0xD6, 0xF9
	.byte 0x23, 0x9C, 0x20, 0x68, 0xC1, 0x6E, 0x80, 0x6E, 0x80, 0x22, 0x12, 0x02, 0x10, 0x40, 0x00, 0x21
	.byte 0x0C, 0x1C, 0x04, 0x43, 0x00, 0x2C, 0x01, 0xD0, 0x00, 0xF0, 0xB1, 0xFF, 0x45, 0x46, 0xE9, 0x68
	.byte 0x28, 0x69, 0x81, 0x42, 0x01, 0xDA, 0x00, 0xF0, 0xAA, 0xFF, 0x38, 0x1C, 0xF8, 0xF7, 0x15, 0xFB
	.byte 0x38, 0x1C, 0x40, 0x21, 0x00, 0x22, 0xF8, 0xF7, 0x20, 0xFB, 0x38, 0x1C, 0x0C, 0x30, 0xE0, 0xF7
	.byte 0xB8, 0xF9, 0x00, 0x06, 0x00, 0x28, 0x01, 0xD1, 0x01, 0xF0, 0xC9, 0xF9, 0x2E, 0x20, 0xB8, 0x63
	.byte 0xAB, 0x26, 0x76, 0x00, 0xB8, 0x19, 0x04, 0x80, 0xAA, 0x21, 0x49, 0x00, 0x78, 0x18, 0x04, 0x80
	.byte 0x01, 0xF0, 0xBD, 0xF9, 0x38, 0x1C, 0xF8, 0xF7, 0xF8, 0xFA, 0xAA, 0x22, 0x52, 0x00, 0xB8, 0x18
	.byte 0x00, 0x23, 0xC0, 0x5E, 0x00, 0x28, 0x1F, 0xD1, 0x44, 0x46, 0x60, 0x6B, 0xA1, 0x6B, 0x04, 0x22
	.byte 0x10, 0x40, 0x00, 0x21, 0x08, 0x43, 0x00, 0x28, 0x04, 0xD0, 0xB0, 0x25, 0x6D, 0x00, 0x79, 0x19
	.byte 0xC0, 0x20, 0x03, 0xE0, 0xB0, 0x26, 0x76, 0x00, 0xB9, 0x19, 0x40, 0x20, 0x08, 0x70, 0x38, 0x1C
	.byte 0x02, 0x21, 0x00, 0x22, 0xF8, 0xF7, 0x05, 0xFB, 0xA8, 0x20, 0x40, 0x00, 0x39, 0x18, 0x0F, 0x48
	.byte 0x08, 0x60, 0xB6, 0x20, 0xFA, 0xF0, 0x27, 0xFB, 0xA8, 0x21, 0x49, 0x00, 0x78, 0x18, 0x00, 0x68
	.byte 0x00, 0x28, 0x01, 0xDA, 0x01, 0xF0, 0x6F, 0xF9, 0x2F, 0x20, 0xB8, 0x63, 0xAB, 0x22, 0x52, 0x00
	.byte 0xB8, 0x18, 0x00, 0x21, 0x01, 0x80, 0xAA, 0x23, 0x5B, 0x00, 0xF8, 0x18, 0x01, 0x80, 0x44, 0x46
	.byte 0xE0, 0x68, 0xE0, 0x61, 0xAC, 0x25, 0x6D, 0x00, 0x01, 0xF0, 0x57, 0xF9, 0x00, 0x00, 0x80, 0xFC
	.byte 0xFF, 0xFF, 0x38, 0x1C, 0xF8, 0xF7, 0xB1, 0xFA, 0xA8, 0x21, 0x49, 0x00, 0x78, 0x18, 0x00, 0x25
	.byte 0x05, 0x60, 0xAA, 0x22, 0x52, 0x00, 0xBC, 0x18, 0x00, 0x23, 0xE0, 0x5E, 0x00, 0x28, 0x04, 0xD1
	.byte 0x38, 0x1C, 0x41, 0x21, 0x00, 0x22, 0xF8, 0xF7, 0xB0, 0xFA, 0x10, 0x4B, 0xAC, 0x26, 0x76, 0x00
	.byte 0xBA, 0x19, 0x10, 0x88, 0x41, 0x1C, 0x11, 0x80, 0x40, 0x00, 0xFF, 0x21, 0x08, 0x40, 0x40, 0x00
	.byte 0xC0, 0x18, 0x00, 0x22, 0x81, 0x5E, 0xC9, 0x00, 0x43, 0x46, 0xD8, 0x69, 0x40, 0x18, 0xD9, 0x68
	.byte 0x40, 0x1A, 0xC0, 0x10, 0x09, 0x18, 0xD9, 0x60, 0x38, 0x1C, 0x0C, 0x30, 0xE0, 0xF7, 0x31, 0xF9
	.byte 0x00, 0x06, 0x00, 0x28, 0x01, 0xD1, 0x00, 0xF0, 0x62, 0xFE, 0x30, 0x20, 0x0B, 0xE2, 0x00, 0x14
	.byte 0x12, 0x08, 0x38, 0x1C, 0xF8, 0xF7, 0x79, 0xFA, 0xA8, 0x20, 0x40, 0x00, 0x39, 0x18, 0x00, 0x20
	.byte 0x08, 0x60, 0xAA, 0x21, 0x49, 0x00, 0x78, 0x18, 0x00, 0x22, 0x80, 0x5E, 0x00, 0x28, 0x36, 0xD1
	.byte 0x10, 0x48, 0x00, 0x68, 0xB3, 0x30, 0x01, 0x78, 0x00, 0x20, 0x08, 0x22, 0xE0, 0xF7, 0x9F, 0xFC
	.byte 0x38, 0x1C, 0x42, 0x21, 0x00, 0x22, 0xF8, 0xF7, 0x70, 0xFA, 0x43, 0x46, 0x58, 0x6B, 0x99, 0x6B
	.byte 0x04, 0x22, 0x10, 0x40, 0x00, 0x21, 0x08, 0x43, 0x00, 0x28, 0x10, 0xD0, 0x58, 0x68, 0x05, 0x4C
	.byte 0x00, 0x19, 0x99, 0x68, 0xDA, 0x68, 0x04, 0x4D, 0x52, 0x19, 0xF0, 0xF7, 0x88, 0xFB, 0x11, 0xE0
	.byte 0x00, 0x00, 0x84, 0x9B, 0x03, 0x02, 0x00, 0xD8, 0xFF, 0xFF, 0x00, 0xE8, 0xFF, 0xFF, 0x46, 0x46
	.byte 0x70, 0x68, 0xA0, 0x21, 0x89, 0x01, 0x40, 0x18, 0xB1, 0x68, 0xF2, 0x68, 0x0E, 0x4B, 0xD2, 0x18
	.byte 0xF0, 0xF7, 0x75, 0xFB, 0xAB, 0x24, 0x64, 0x00, 0x39, 0x19, 0x78, 0x20, 0x08, 0x80, 0x45, 0x46
	.byte 0x68, 0x6B, 0xA9, 0x6B, 0x04, 0x22, 0x10, 0x40, 0x00, 0x21, 0x08, 0x43, 0x00, 0x28, 0x0E, 0xD0
	.byte 0x68, 0x68, 0x05, 0x4E, 0x80, 0x19, 0xA9, 0x68, 0xEA, 0x68, 0x02, 0x4B, 0xD2, 0x18, 0xEE, 0xF7
	.byte 0x02, 0xFF, 0x0F, 0xE0, 0x00, 0x00, 0x00, 0xE8, 0xFF, 0xFF, 0x00, 0xD8, 0xFF, 0xFF, 0x44, 0x46
	.byte 0x60, 0x68, 0xA0, 0x25, 0xAD, 0x01, 0x40, 0x19, 0xA1, 0x68, 0xE2, 0x68, 0x07, 0x4E, 0x92, 0x19
	.byte 0xEE, 0xF7, 0xF1, 0xFE, 0x20, 0x20, 0x17, 0x99, 0x08, 0x40, 0x00, 0x28, 0x09, 0xD0, 0x42, 0x46
	.byte 0x50, 0x68, 0x02, 0x4B, 0xC0, 0x18, 0x50, 0x60, 0x0E, 0xE0, 0x00, 0xE8, 0xFF, 0xFF, 0x80, 0xFD
	.byte 0xFF, 0xFF, 0x10, 0x20, 0x17, 0x9C, 0x20, 0x40, 0x00, 0x28, 0x05, 0xD0, 0x45, 0x46, 0x68, 0x68
	.byte 0xA0, 0x26, 0xB6, 0x00, 0x80, 0x19, 0x68, 0x60, 0x10, 0x4B, 0xAC, 0x20, 0x40, 0x00, 0x3A, 0x18
	.byte 0x10, 0x88, 0x41, 0x1C, 0x11, 0x80, 0x40, 0x00, 0xFF, 0x21, 0x08, 0x40, 0x40, 0x00, 0xC0, 0x18
	.byte 0x00, 0x22, 0x81, 0x5E, 0xC9, 0x00, 0x43, 0x46, 0xD8, 0x69, 0x40, 0x18, 0xD9, 0x68, 0x40, 0x1A
	.byte 0xC0, 0x10, 0x09, 0x18, 0xD9, 0x60, 0x40, 0x20, 0x17, 0x9C, 0x20, 0x40, 0x00, 0x28, 0x08, 0xD0
	.byte 0x98, 0x68, 0x02, 0x4D, 0x40, 0x19, 0x98, 0x60, 0x0E, 0xE0, 0x00, 0x14, 0x12, 0x08, 0xC0, 0xFE
	.byte 0xFF, 0xFF, 0x80, 0x20, 0x17, 0x9E, 0x30, 0x40, 0x00, 0x28, 0x05, 0xD0, 0x41, 0x46, 0x88, 0x68
	.byte 0xA0, 0x22, 0x52, 0x00, 0x80, 0x18, 0x88, 0x60, 0xAA, 0x23, 0x5B, 0x00, 0xF9, 0x18, 0x0B, 0x88
	.byte 0x00, 0x24, 0x0A, 0x5F, 0x09, 0x2A, 0x04, 0xDD, 0x01, 0x20, 0x18, 0x9D, 0x28, 0x40, 0x00, 0x28
	.byte 0x01, 0xD1, 0x78, 0x2A, 0x37, 0xDD, 0x46, 0x46, 0x70, 0x6B, 0xB1, 0x6B, 0x04, 0x22, 0x10, 0x40
	.byte 0x00, 0x21, 0x08, 0x43, 0x00, 0x28, 0x0E, 0xD0, 0x70, 0x68, 0x04, 0x49, 0x40, 0x18, 0xB1, 0x68
	.byte 0xF2, 0x68, 0x03, 0x4B, 0xD2, 0x18, 0x01, 0x23, 0xF0, 0xF7, 0xC1, 0xFB, 0x0F, 0xE0, 0x00, 0xD8
	.byte 0xFF, 0xFF, 0x00, 0xE8, 0xFF, 0xFF, 0x44, 0x46, 0x60, 0x68, 0xA0, 0x25, 0xAD, 0x01, 0x40, 0x19
	.byte 0xA1, 0x68, 0xE2, 0x68, 0x0B, 0x4E, 0x92, 0x19, 0x00, 0x23, 0xF0, 0xF7, 0xB0, 0xFB, 0x31, 0x20
	.byte 0xB8, 0x63, 0xAB, 0x21, 0x49, 0x00, 0x78, 0x18, 0x00, 0x21, 0x01, 0x80, 0xAA, 0x22, 0x52, 0x00
	.byte 0xB8, 0x18, 0x01, 0x80, 0x43, 0x46, 0x58, 0x68, 0x58, 0x61, 0x98, 0x68, 0x98, 0x61, 0x01, 0xF0
	.byte 0x46, 0xF8, 0x00, 0xE8, 0xFF, 0xFF, 0x58, 0x1C, 0x08, 0x80, 0x01, 0xF0, 0x40, 0xF8, 0x38, 0x1C
	.byte 0xF8, 0xF7, 0x7B, 0xF9, 0x38, 0x1C, 0x43, 0x21, 0x00, 0x22, 0xF8, 0xF7, 0x86, 0xF9, 0xA8, 0x24
	.byte 0x64, 0x00, 0x39, 0x19, 0x00, 0x20, 0x08, 0x60, 0x14, 0x4B, 0xAC, 0x25, 0x6D, 0x00, 0x7A, 0x19
	.byte 0x10, 0x88, 0x41, 0x1C, 0x11, 0x80, 0x40, 0x00, 0xFF, 0x21, 0x08, 0x40, 0x40, 0x00, 0xC0, 0x18
	.byte 0x00, 0x26, 0x81, 0x5F, 0xC9, 0x00, 0x42, 0x46, 0xD0, 0x69, 0x40, 0x18, 0xD1, 0x68, 0x40, 0x1A
	.byte 0xC0, 0x10, 0x09, 0x18, 0xD1, 0x60, 0x50, 0x6B, 0x91, 0x6B, 0x04, 0x22, 0x10, 0x40, 0x00, 0x21
	.byte 0x08, 0x43, 0x00, 0x28, 0x0D, 0xD0, 0x43, 0x46, 0x58, 0x68, 0x04, 0x4C, 0x02, 0x19, 0x59, 0x69
	.byte 0x89, 0x1A, 0xC9, 0x10, 0x40, 0x18, 0x58, 0x60, 0x0D, 0xE0, 0x00, 0x14, 0x12, 0x08, 0x00, 0xE0
	.byte 0xFF, 0xFF, 0x45, 0x46, 0x68, 0x68, 0x80, 0x26, 0xB6, 0x01, 0x82, 0x19, 0x69, 0x69, 0x89, 0x1A
	.byte 0xC9, 0x10, 0x40, 0x18, 0x68, 0x60, 0x38, 0x1C, 0x0C, 0x30, 0xDF, 0xF7, 0xE2, 0xFF, 0x00, 0x06
	.byte 0x00, 0x28, 0x09, 0xD0, 0xEC, 0xF7, 0xC5, 0xFE, 0x00, 0x06, 0x00, 0x28, 0x04, 0xD1, 0x00, 0x20
	.byte 0x08, 0x21, 0xE0, 0xF7, 0x3C, 0xFB, 0x64, 0xE1, 0xAA, 0x20, 0x40, 0x00, 0x39, 0x18, 0x00, 0xF0
	.byte 0xCD, 0xFF, 0x23, 0x99, 0x08, 0x68, 0xC1, 0x6E, 0x80, 0x6E, 0x80, 0x22, 0x12, 0x02, 0x10, 0x40
	.byte 0x00, 0x21, 0x0C, 0x1C, 0x04, 0x43, 0x00, 0x2C, 0x01, 0xD0, 0x00, 0xF0, 0xA8, 0xFD, 0x42, 0x46
	.byte 0xD1, 0x68, 0x10, 0x69, 0x81, 0x42, 0x01, 0xDA, 0x00, 0xF0, 0xA1, 0xFD, 0x38, 0x1C, 0xF8, 0xF7
	.byte 0x0C, 0xF9, 0x38, 0x1C, 0x40, 0x21, 0x00, 0x22, 0xF8, 0xF7, 0x17, 0xF9, 0x38, 0x1C, 0x0C, 0x30
	.byte 0xDF, 0xF7, 0xAF, 0xFF, 0x00, 0x06, 0x00, 0x28, 0x01, 0xD1, 0x00, 0xF0, 0xC0, 0xFF, 0x41, 0x20
	.byte 0xB8, 0x63, 0xAB, 0x23, 0x5B, 0x00, 0xF8, 0x18, 0x04, 0x80, 0xAA, 0x25, 0x6D, 0x00, 0x78, 0x19
	.byte 0x04, 0x80, 0x00, 0xF0, 0xB4, 0xFF, 0x38, 0x1C, 0xF8, 0xF7, 0xEF, 0xF8, 0xAA, 0x26, 0x76, 0x00
	.byte 0xB8, 0x19, 0x00, 0x21, 0x40, 0x5E, 0x00, 0x28, 0x1F, 0xD1, 0x42, 0x46, 0x50, 0x6B, 0x91, 0x6B
	.byte 0x04, 0x22, 0x10, 0x40, 0x00, 0x21, 0x08, 0x43, 0x00, 0x28, 0x04, 0xD0, 0xB0, 0x23, 0x5B, 0x00
	.byte 0xF9, 0x18, 0xC0, 0x20, 0x03, 0xE0, 0xB0, 0x24, 0x64, 0x00, 0x39, 0x19, 0x40, 0x20, 0x08, 0x70
	.byte 0x38, 0x1C, 0x02, 0x21, 0x00, 0x22, 0xF8, 0xF7, 0xFC, 0xF8, 0xA8, 0x25, 0x6D, 0x00, 0x79, 0x19
	.byte 0x0F, 0x48, 0x08, 0x60, 0xB6, 0x20, 0xFA, 0xF0, 0x1E, 0xF9, 0xA8, 0x26, 0x76, 0x00, 0xB8, 0x19
	.byte 0x00, 0x68, 0x00, 0x28, 0x15, 0xDB, 0x42, 0x20, 0xB8, 0x63, 0xAB, 0x21, 0x49, 0x00, 0x78, 0x18
	.byte 0x00, 0x21, 0x01, 0x80, 0xAA, 0x22, 0x52, 0x00, 0xB8, 0x18, 0x01, 0x80, 0x43, 0x46, 0xD8, 0x68
	.byte 0xD8, 0x61, 0xAC, 0x24, 0x64, 0x00, 0x38, 0x19, 0x01, 0x80, 0x00, 0xF0, 0x70, 0xFF, 0x80, 0xFC
	.byte 0xFF, 0xFF, 0xAA, 0x25, 0x6D, 0x00, 0x79, 0x19, 0x00, 0xF0, 0x50, 0xFF, 0x38, 0x1C, 0xF8, 0xF7
	.byte 0xA4, 0xF8, 0xA8, 0x26, 0x76, 0x00, 0xB8, 0x19, 0x00, 0x25, 0x05, 0x60, 0xAA, 0x20, 0x40, 0x00
	.byte 0x3C, 0x18, 0x00, 0x21, 0x60, 0x5E, 0x00, 0x28, 0x04, 0xD1, 0x38, 0x1C, 0x41, 0x21, 0x00, 0x22
	.byte 0xF8, 0xF7, 0xA3, 0xF8, 0x14, 0x4B, 0xAC, 0x26, 0x76, 0x00, 0xBA, 0x19, 0x10, 0x88, 0x41, 0x1C
	.byte 0x11, 0x80, 0x40, 0x00, 0xFF, 0x21, 0x08, 0x40, 0x40, 0x00, 0xC0, 0x18, 0x00, 0x22, 0x81, 0x5E
	.byte 0xC9, 0x00, 0x43, 0x46, 0xD8, 0x69, 0x40, 0x18, 0xD9, 0x68, 0x40, 0x1A, 0xC0, 0x10, 0x09, 0x18
	.byte 0xD9, 0x60, 0x38, 0x1C, 0x0C, 0x30, 0xDF, 0xF7, 0x24, 0xFF, 0x00, 0x06, 0x00, 0x28, 0x01, 0xD1
	.byte 0x00, 0xF0, 0x55, 0xFC, 0x43, 0x20, 0xB8, 0x63, 0x02, 0x3E, 0xB8, 0x19, 0x05, 0x80, 0x25, 0x80
	.byte 0x00, 0xF0, 0x2D, 0xFF, 0x00, 0x00, 0x00, 0x14, 0x12, 0x08, 0x38, 0x1C, 0xF8, 0xF7, 0x65, 0xF8
	.byte 0xA8, 0x21, 0x49, 0x00, 0x78, 0x18, 0x00, 0x21, 0x01, 0x60, 0xAA, 0x22, 0x52, 0x00, 0xB8, 0x18
	.byte 0x00, 0x23, 0xC4, 0x5E, 0x00, 0x2C, 0x35, 0xD1, 0x38, 0x1C, 0x42, 0x21, 0x00, 0x22, 0xF8, 0xF7
	.byte 0x64, 0xF8, 0x0C, 0x48, 0xFA, 0xF0, 0xA7, 0xF8, 0x45, 0x46, 0x68, 0x6B, 0xA9, 0x6B, 0x04, 0x22
	.byte 0x10, 0x40, 0x00, 0x21, 0x08, 0x43, 0x00, 0x28, 0x13, 0xD0, 0x69, 0x68, 0x07, 0x4E, 0x89, 0x19
	.byte 0xAA, 0x68, 0xEB, 0x68, 0x06, 0x48, 0x1B, 0x18, 0x00, 0x94, 0x63, 0x20, 0x01, 0x90, 0x01, 0x20
	.byte 0xEF, 0xF7, 0x01, 0xFF, 0x16, 0xE0, 0x4E, 0x02, 0x00, 0x00, 0x00, 0xDA, 0xFF, 0xFF, 0x00, 0xE6
	.byte 0xFF, 0xFF, 0x42, 0x46, 0x51, 0x68, 0x98, 0x23, 0x9B, 0x01, 0xC9, 0x18, 0x92, 0x68, 0x44, 0x46
	.byte 0xE3, 0x68, 0x15, 0x4D, 0x5B, 0x19, 0x01, 0x20, 0x00, 0x90, 0x63, 0x20, 0x01, 0x90, 0x01, 0x20
	.byte 0xEF, 0xF7, 0xE9, 0xFE, 0x46, 0x46, 0x74, 0x68, 0xB5, 0x68, 0xF6, 0x68, 0x10, 0x4B, 0xAC, 0x20
	.byte 0x40, 0x00, 0x3A, 0x18, 0x10, 0x88, 0x41, 0x1C, 0x11, 0x80, 0x40, 0x00, 0xFF, 0x21, 0x08, 0x40
	.byte 0x40, 0x00, 0xC0, 0x18, 0x00, 0x22, 0x81, 0x5E, 0xC9, 0x00, 0x43, 0x46, 0xD8, 0x69, 0x40, 0x18
	.byte 0xD9, 0x68, 0x40, 0x1A, 0xC0, 0x10, 0x09, 0x18, 0xD9, 0x60, 0x40, 0x20, 0x17, 0x99, 0x08, 0x40
	.byte 0x00, 0x28, 0x06, 0xD0, 0x98, 0x68, 0x80, 0x38, 0x0B, 0xE0, 0x00, 0xE6, 0xFF, 0xFF, 0x00, 0x14
	.byte 0x12, 0x08, 0x80, 0x20, 0x17, 0x9A, 0x10, 0x40, 0x00, 0x28, 0x03, 0xD0, 0x43, 0x46, 0x98, 0x68
	.byte 0x80, 0x30, 0x98, 0x60, 0x20, 0x20, 0x17, 0x99, 0x08, 0x40, 0x00, 0x28, 0x05, 0xD0, 0x42, 0x46
	.byte 0x50, 0x68, 0x00, 0x4B, 0x0A, 0xE0, 0x00, 0xFF, 0xFF, 0xFF, 0x10, 0x20, 0x17, 0x99, 0x08, 0x40
	.byte 0x00, 0x28, 0x05, 0xD0, 0x42, 0x46, 0x50, 0x68, 0x80, 0x23, 0x5B, 0x00, 0xC0, 0x18, 0x50, 0x60
	.byte 0x10, 0x22, 0x52, 0x42, 0x1B, 0x98, 0x1C, 0x99, 0x00, 0x23, 0xF4, 0xF7, 0x46, 0xFD, 0x41, 0x46
	.byte 0x48, 0x68, 0x00, 0x1B, 0x89, 0x68, 0x49, 0x1B, 0x43, 0x46, 0xDA, 0x68, 0x92, 0x1B, 0xEE, 0xF7
	.byte 0x98, 0xFC, 0xEC, 0xF7, 0x5E, 0xFD, 0x00, 0x06, 0x00, 0x28, 0x0A, 0xD1, 0x04, 0x48, 0xFA, 0xF0
	.byte 0x80, 0xF8, 0x38, 0x1C, 0x03, 0x21, 0xF8, 0xF7, 0x50, 0xFB, 0x00, 0xF0, 0x80, 0xFE, 0x4E, 0x02
	.byte 0x00, 0x00, 0xAA, 0x24, 0x64, 0x00, 0x39, 0x19, 0x00, 0xF0, 0x60, 0xFE, 0x23, 0x9D, 0x28, 0x68
	.byte 0xC1, 0x6E, 0x80, 0x6E, 0x80, 0x22, 0x12, 0x02, 0x10, 0x40, 0x00, 0x21, 0x08, 0x43, 0x00, 0x28
	.byte 0x01, 0xD0, 0x00, 0xF0, 0x3C, 0xFC, 0x46, 0x46, 0xF1, 0x68, 0x30, 0x69, 0x81, 0x42, 0x01, 0xDA
	.byte 0x00, 0xF0, 0x35, 0xFC, 0x38, 0x1C, 0xF7, 0xF7, 0x42, 0xFF, 0xAA, 0x21, 0x49, 0x00, 0x78, 0x18
	.byte 0x00, 0x22, 0x80, 0x5E, 0x00, 0x28, 0x07, 0xD1, 0x38, 0x1C, 0x15, 0x21, 0x00, 0x22, 0xF7, 0xF7
	.byte 0xA4, 0xFF, 0xA4, 0x20, 0xF9, 0xF0, 0xE7, 0xFF, 0xF8, 0x8A, 0x0C, 0x23, 0xDB, 0x19, 0x99, 0x46
	.byte 0x00, 0x28, 0x5D, 0xD1, 0x48, 0x46, 0xDF, 0xF7, 0x40, 0xFE, 0x00, 0x04, 0x00, 0x0C, 0x03, 0x28
	.byte 0x02, 0xD0, 0x05, 0x28, 0x2B, 0xD0, 0x53, 0xE0, 0x44, 0x46, 0x60, 0x6B, 0xA1, 0x6B, 0x04, 0x22
	.byte 0x10, 0x40, 0x00, 0x21, 0x08, 0x43, 0x00, 0x28, 0x0D, 0xD0, 0x60, 0x68, 0x04, 0x4D, 0x40, 0x19
	.byte 0xA1, 0x68, 0xE2, 0x68, 0x03, 0x4E, 0x92, 0x19, 0xF1, 0xF7, 0x91, 0xF8, 0x0F, 0xE0, 0x00, 0xD0
	.byte 0xFF, 0xFF, 0x00, 0xF0, 0xFF, 0xFF, 0x41, 0x46, 0x48, 0x68, 0xC0, 0x22, 0x92, 0x01, 0x80, 0x18
	.byte 0x89, 0x68, 0x43, 0x46, 0xDA, 0x68, 0x03, 0x4C, 0x12, 0x19, 0xF1, 0xF7, 0x80, 0xF8, 0x02, 0x48
	.byte 0xF9, 0xF0, 0xB1, 0xFF, 0x2C, 0xE0, 0x00, 0xF0, 0xFF, 0xFF, 0xFB, 0x01, 0x00, 0x00, 0x45, 0x46
	.byte 0x68, 0x6B, 0xA9, 0x6B, 0x04, 0x22, 0x10, 0x40, 0x00, 0x21, 0x08, 0x43, 0x00, 0x28, 0x10, 0xD0
	.byte 0x69, 0x68, 0x06, 0x4E, 0x89, 0x19, 0xAA, 0x68, 0xEB, 0x68, 0x28, 0x20, 0x00, 0x90, 0x01, 0x90
	.byte 0x32, 0x20, 0x02, 0x90, 0x61, 0x20, 0xEC, 0xF7, 0x1A, 0xF8, 0x11, 0xE0, 0x00, 0x00, 0x00, 0xD0
	.byte 0xFF, 0xFF, 0x40, 0x46, 0x41, 0x68, 0xC0, 0x22, 0x92, 0x01, 0x89, 0x18, 0x82, 0x68, 0xC3, 0x68
	.byte 0x28, 0x20, 0x00, 0x90, 0x01, 0x90, 0x32, 0x20, 0x02, 0x90, 0x61, 0x20, 0xEC, 0xF7, 0x07, 0xF8
	.byte 0x48, 0x46, 0xDF, 0xF7, 0xD6, 0xFD, 0x00, 0x06, 0x00, 0x28, 0x06, 0xD0, 0xEC, 0xF7, 0xB9, 0xFC
	.byte 0x00, 0x06, 0x00, 0x28, 0x01, 0xD1, 0x00, 0xF0, 0x7E, 0xFC, 0xAA, 0x23, 0x5B, 0x00, 0xF9, 0x18
	.byte 0x00, 0xF0, 0xC4, 0xFD, 0x23, 0x9C, 0x20, 0x68, 0xC1, 0x6E, 0x80, 0x6E, 0x80, 0x22, 0x12, 0x02
	.byte 0x10, 0x40, 0x00, 0x21, 0x08, 0x43, 0x00, 0x28, 0x00, 0xD0, 0xA0, 0xE3, 0x45, 0x46, 0xE9, 0x68
	.byte 0x28, 0x69, 0x81, 0x42, 0x00, 0xDA, 0x9A, 0xE3, 0x38, 0x1C, 0xF7, 0xF7, 0x06, 0xFF, 0xAA, 0x26
	.byte 0x76, 0x00, 0xB8, 0x19, 0x00, 0x21, 0x40, 0x5E, 0x00, 0x28, 0x0F, 0xD1, 0x38, 0x1C, 0x45, 0x21
	.byte 0x00, 0x22, 0xF7, 0xF7, 0x0A, 0xFF, 0x9E, 0x20, 0xF9, 0xF0, 0x4D, 0xFF, 0x0D, 0x48, 0x00, 0x68
	.byte 0xB3, 0x30, 0x01, 0x78, 0x00, 0x20, 0x08, 0x22, 0xE0, 0xF7, 0x29, 0xF9, 0xF8, 0x8A, 0x0C, 0x22
	.byte 0xD2, 0x19, 0x91, 0x46, 0x00, 0x28, 0x4F, 0xD1, 0x48, 0x46, 0xDF, 0xF7, 0x9E, 0xFD, 0x00, 0x04
	.byte 0x00, 0x0C, 0x05, 0x28, 0x1B, 0xD0, 0x05, 0x28, 0x05, 0xDC, 0x02, 0x28, 0x06, 0xD0, 0x43, 0xE0
	.byte 0x00, 0x00, 0x84, 0x9B, 0x03, 0x02, 0x06, 0x28, 0x1D, 0xD0, 0x3D, 0xE0, 0x43, 0x46, 0x58, 0x68
	.byte 0x99, 0x68, 0xDA, 0x68, 0x05, 0x4C, 0x12, 0x19, 0x00, 0x23, 0xED, 0xF7, 0x90, 0xFB, 0x8F, 0x20
	.byte 0x80, 0x00, 0xF9, 0xF0, 0x20, 0xFF, 0x2F, 0xE0, 0x00, 0x00, 0x00, 0xBA, 0xFF, 0xFF, 0x45, 0x46
	.byte 0x68, 0x68, 0xA9, 0x68, 0xEA, 0x68, 0xF0, 0xF7, 0x20, 0xFB, 0x01, 0x48, 0xF9, 0xF0, 0x13, 0xFF
	.byte 0x22, 0xE0, 0x83, 0x02, 0x00, 0x00, 0x46, 0x46, 0x70, 0x6B, 0xB1, 0x6B, 0x04, 0x22, 0x10, 0x40
	.byte 0x00, 0x21, 0x08, 0x43, 0x00, 0x28, 0x0B, 0xD0, 0x71, 0x68, 0xB2, 0x68, 0xF3, 0x68, 0x40, 0x20
	.byte 0x00, 0x90, 0x01, 0x90, 0x64, 0x20, 0x02, 0x90, 0x5C, 0x20, 0xEB, 0xF7, 0x80, 0xFF, 0x0B, 0xE0
	.byte 0x40, 0x46, 0x41, 0x68, 0x82, 0x68, 0xC3, 0x68, 0x40, 0x20, 0x00, 0x90, 0x01, 0x90, 0x64, 0x20
	.byte 0x02, 0x90, 0x5C, 0x20, 0xEB, 0xF7, 0x73, 0xFF, 0x48, 0x46, 0xDF, 0xF7, 0x42, 0xFD, 0x00, 0x06
	.byte 0x00, 0x28, 0x06, 0xD0, 0xEC, 0xF7, 0x25, 0xFC, 0x00, 0x06, 0x00, 0x28, 0x01, 0xD1, 0x00, 0xF0
	.byte 0xE6, 0xFB, 0xAA, 0x22, 0x52, 0x00, 0xB9, 0x18, 0x00, 0xF0, 0x30, 0xFD, 0x23, 0x9B, 0x18, 0x68
	.byte 0xC1, 0x6E, 0x80, 0x6E, 0x80, 0x22, 0x12, 0x02, 0x10, 0x40, 0x00, 0x21, 0x08, 0x43, 0x00, 0x28
	.byte 0x00, 0xD0, 0x0C, 0xE3, 0x44, 0x46, 0xE1, 0x68, 0x20, 0x69, 0x81, 0x42, 0x00, 0xDA, 0x06, 0xE3
	.byte 0x38, 0x1C, 0xF7, 0xF7, 0x72, 0xFE, 0xAA, 0x25, 0x6D, 0x00, 0x78, 0x19, 0x00, 0x26, 0x80, 0x5F
	.byte 0x00, 0x28, 0x0F, 0xD1, 0x38, 0x1C, 0x45, 0x21, 0x00, 0x22, 0xF7, 0xF7, 0x76, 0xFE, 0x9E, 0x20
	.byte 0xF9, 0xF0, 0xB9, 0xFE, 0x0C, 0x48, 0x00, 0x68, 0xB3, 0x30, 0x01, 0x78, 0x00, 0x20, 0x08, 0x22
	.byte 0xE0, 0xF7, 0x95, 0xF8, 0xF8, 0x8A, 0x0C, 0x21, 0xC9, 0x19, 0x89, 0x46, 0x00, 0x28, 0x35, 0xD1
	.byte 0x48, 0x46, 0xDF, 0xF7, 0x0A, 0xFD, 0x00, 0x04, 0x00, 0x0C, 0x02, 0x28, 0x05, 0xD0, 0x06, 0x28
	.byte 0x13, 0xD0, 0x2B, 0xE0, 0x00, 0x00, 0x84, 0x9B, 0x03, 0x02, 0x42, 0x46, 0x50, 0x68, 0x91, 0x68
	.byte 0xD2, 0x68, 0x04, 0x4B, 0xD2, 0x18, 0x00, 0x23, 0xED, 0xF7, 0x01, 0xFB, 0x8F, 0x20, 0x80, 0x00
	.byte 0xF9, 0xF0, 0x91, 0xFE, 0x1A, 0xE0, 0x00, 0xBA, 0xFF, 0xFF, 0x09, 0xF0, 0x48, 0xF8, 0x13, 0x48
	.byte 0xF9, 0xF0, 0x89, 0xFE, 0x09, 0x20, 0x0F, 0x21, 0x1E, 0x22, 0xE0, 0xF7, 0x94, 0xF8, 0xF3, 0xF7
	.byte 0x62, 0xFC, 0x44, 0x46, 0x61, 0x68, 0xA2, 0x68, 0xE3, 0x68, 0x80, 0x20, 0x80, 0x00, 0x00, 0x90
	.byte 0x01, 0x90, 0x01, 0x20, 0x02, 0x90, 0x6A, 0x20, 0xEB, 0xF7, 0xF9, 0xFE, 0x48, 0x46, 0xDF, 0xF7
	.byte 0xC8, 0xFC, 0x00, 0x06, 0x00, 0x28, 0x05, 0xD0, 0xE0, 0xF7, 0xBF, 0xF8, 0x00, 0x06, 0x00, 0x28
	.byte 0x00, 0xD1, 0x6C, 0xE3, 0xAA, 0x25, 0x6D, 0x00, 0x79, 0x19, 0x00, 0xF0, 0xB7, 0xFC, 0x9B, 0x02
	.byte 0x00, 0x00, 0xAA, 0x26, 0x76, 0x00, 0xF6, 0x19, 0xB1, 0x46, 0x00, 0x20, 0x36, 0x5E, 0x00, 0x2E
	.byte 0x18, 0xD1, 0x41, 0x46, 0x4A, 0x6B, 0x8B, 0x6B, 0x14, 0x49, 0x12, 0x48, 0x02, 0x43, 0x13, 0x4C
	.byte 0x14, 0x4D, 0x10, 0x1C, 0x20, 0x43, 0x19, 0x1C, 0x42, 0x46, 0x50, 0x63, 0x91, 0x63, 0xAE, 0x23
	.byte 0x5B, 0x00, 0xF8, 0x18, 0x06, 0x60, 0xAD, 0x24, 0x64, 0x00, 0x3A, 0x19, 0x11, 0x88, 0x04, 0x20
	.byte 0x08, 0x43, 0x10, 0x80, 0x4D, 0x46, 0x00, 0x26, 0xA9, 0x5F, 0x0A, 0x48, 0x81, 0x42, 0x1A, 0xDD
	.byte 0x0A, 0x48, 0x04, 0x68, 0xA0, 0x6E, 0xE1, 0x6E, 0x09, 0x4A, 0x09, 0x4B, 0x10, 0x43, 0xA0, 0x66
	.byte 0xE1, 0x66, 0x59, 0xE0, 0x00, 0x00, 0x00, 0x01, 0x00, 0x00, 0x00, 0x00, 0x00, 0x00, 0x00, 0x02
	.byte 0x00, 0x00, 0x00, 0x00, 0x00, 0x00, 0x1D, 0x01, 0x00, 0x00, 0x84, 0x9B, 0x03, 0x02, 0x00, 0x00
	.byte 0x10, 0x00, 0x00, 0x00, 0x00, 0x00, 0xF0, 0x20, 0x18, 0x99, 0x08, 0x40, 0x00, 0x28, 0x20, 0xD0
	.byte 0xE0, 0xF7, 0xB3, 0xF9, 0x84, 0x25, 0x6D, 0x00, 0x45, 0x44, 0x00, 0x04, 0x00, 0x0C, 0x31, 0x4C
	.byte 0x21, 0x1C, 0xF7, 0xF0, 0xBE, 0xFA, 0x00, 0x04, 0x00, 0x0C, 0x80, 0x38, 0x28, 0x60, 0xE0, 0xF7
	.byte 0xA4, 0xF9, 0x86, 0x25, 0x6D, 0x00, 0x45, 0x44, 0x00, 0x04, 0x00, 0x0C, 0x21, 0x1C, 0xF7, 0xF0
	.byte 0xB0, 0xFA, 0x00, 0x04, 0x00, 0x0C, 0x80, 0x38, 0x28, 0x60, 0x4A, 0x46, 0x10, 0x88, 0x02, 0x30
	.byte 0x10, 0x80, 0x43, 0x46, 0xD9, 0x68, 0x18, 0x69, 0x81, 0x42, 0x0D, 0xDB, 0x02, 0x20, 0x18, 0x9C
	.byte 0x20, 0x40, 0x00, 0x28, 0x08, 0xD0, 0xA8, 0x25, 0x6D, 0x00, 0x79, 0x19, 0x1F, 0x48, 0x08, 0x60
	.byte 0x4E, 0x46, 0x30, 0x88, 0x02, 0x30, 0x30, 0x80, 0xAA, 0x21, 0x49, 0x00, 0x78, 0x18, 0x00, 0x88
	.byte 0x07, 0x21, 0x08, 0x40, 0x00, 0x28, 0x07, 0xD1, 0x42, 0x46, 0x91, 0x8D, 0x2C, 0x23, 0xD0, 0x5E
	.byte 0x01, 0x28, 0x01, 0xDD, 0x48, 0x1E, 0x90, 0x85, 0xAA, 0x24, 0x64, 0x00, 0x3D, 0x19, 0x2A, 0x88
	.byte 0x00, 0x26, 0xA9, 0x5F, 0x96, 0x20, 0x40, 0x00, 0x81, 0x42, 0x26, 0xDD, 0x40, 0x46, 0x42, 0x6B
	.byte 0x83, 0x6B, 0x0E, 0x48, 0x02, 0x40, 0x0E, 0x4C, 0x10, 0x1C, 0x20, 0x40, 0x19, 0x1C, 0x42, 0x46
	.byte 0x50, 0x63, 0x91, 0x63, 0xAD, 0x23, 0x5B, 0x00, 0xFA, 0x18, 0x11, 0x88, 0x0A, 0x48, 0x08, 0x40
	.byte 0x00, 0x21, 0x10, 0x80, 0x01, 0x20, 0xB8, 0x63, 0xAB, 0x24, 0x64, 0x00, 0x38, 0x19, 0x01, 0x80
	.byte 0x29, 0x80, 0x00, 0xF0, 0x1C, 0xFC, 0x01, 0x01, 0x00, 0x00, 0x00, 0xFF, 0xFF, 0xFF, 0xFF, 0xFE
	.byte 0xFF, 0xFF, 0xFF, 0xFD, 0xFF, 0xFF, 0xFB, 0xFF, 0x00, 0x00, 0x50, 0x1C, 0x28, 0x80, 0x00, 0xF0
	.byte 0x0E, 0xFC, 0x23, 0x9D, 0x28, 0x68, 0xC1, 0x6E, 0x80, 0x6E, 0x80, 0x22, 0x12, 0x02, 0x10, 0x40
	.byte 0x00, 0x21, 0x08, 0x43, 0x00, 0x28, 0x00, 0xD0, 0xD1, 0xE1, 0x46, 0x46, 0xF1, 0x68, 0x30, 0x69
	.byte 0x81, 0x42, 0x00, 0xDA, 0xCB, 0xE1, 0x38, 0x1C, 0xF7, 0xF7, 0x37, 0xFD, 0xAA, 0x21, 0x49, 0x00
	.byte 0x78, 0x18, 0x00, 0x22, 0x80, 0x5E, 0x00, 0x28, 0x02, 0xD0, 0x0F, 0x28, 0x13, 0xD0, 0x1F, 0xE0
	.byte 0x08, 0x48, 0x00, 0x68, 0xB3, 0x30, 0x01, 0x78, 0x00, 0x20, 0x08, 0x22, 0xDF, 0xF7, 0x5F, 0xFF
	.byte 0xAC, 0x20, 0xF9, 0xF0, 0x78, 0xFD, 0x38, 0x1C, 0x3C, 0x21, 0x00, 0x22, 0xF7, 0xF7, 0x2D, 0xFD
	.byte 0x0E, 0xE0, 0x84, 0x9B, 0x03, 0x02, 0x43, 0x46, 0x58, 0x68, 0x99, 0x68, 0xDA, 0x68, 0x0D, 0x4C
	.byte 0x12, 0x19, 0x00, 0x23, 0xED, 0xF7, 0xD3, 0xF9, 0x82, 0x20, 0x80, 0x00, 0xF9, 0xF0, 0x63, 0xFD
	.byte 0x38, 0x1C, 0x0C, 0x30, 0xDF, 0xF7, 0xB5, 0xFB, 0x00, 0x06, 0x00, 0x28, 0x0D, 0xD0, 0x28, 0x20
	.byte 0xB8, 0x63, 0xAB, 0x25, 0x6D, 0x00, 0x78, 0x19, 0x00, 0x21, 0x01, 0x80, 0xAA, 0x26, 0x76, 0x00
	.byte 0xB8, 0x19, 0x01, 0x80, 0xBB, 0xE3, 0x00, 0xBA, 0xFF, 0xFF, 0xAA, 0x20, 0x40, 0x00, 0x39, 0x18
	.byte 0x9C, 0xE3, 0x38, 0x1C, 0xF7, 0xF7, 0xF1, 0xFC, 0xAA, 0x21, 0x49, 0x00, 0x78, 0x18, 0x00, 0x22
	.byte 0x80, 0x5E, 0x00, 0x28, 0x09, 0xD1, 0x38, 0x1C, 0x3D, 0x21, 0x00, 0x22, 0xF7, 0xF7, 0xF5, 0xFC
	.byte 0xAB, 0x23, 0x5B, 0x00, 0xF9, 0x18, 0x14, 0x20, 0x08, 0x80, 0xF8, 0x8A, 0x0C, 0x24, 0xE4, 0x19
	.byte 0xA1, 0x46, 0x00, 0x28, 0x15, 0xD1, 0x48, 0x46, 0xDF, 0xF7, 0x8F, 0xFB, 0x00, 0x04, 0x00, 0x0C
	.byte 0x02, 0x28, 0x02, 0xD0, 0x0E, 0x28, 0x08, 0xD0, 0x0B, 0xE0, 0xA8, 0x25, 0x6D, 0x00, 0x79, 0x19
	.byte 0x01, 0x48, 0x08, 0x60, 0x05, 0xE0, 0x00, 0xFD, 0xFF, 0xFF, 0x9D, 0x20, 0x80, 0x00, 0xF9, 0xF0
	.byte 0x1A, 0xFD, 0x48, 0x46, 0xDF, 0xF7, 0x79, 0xFB, 0x00, 0x04, 0x00, 0x0C, 0x01, 0x28, 0x25, 0xD9
	.byte 0xAB, 0x26, 0x76, 0x00, 0xBD, 0x19, 0x00, 0x21, 0x68, 0x5E, 0x00, 0x28, 0x1E, 0xDD, 0x80, 0x21
	.byte 0x49, 0x02, 0x2D, 0x48, 0x00, 0x68, 0x02, 0x1C, 0xDE, 0x32, 0x00, 0x23, 0xD4, 0x5E, 0xE0, 0x30
	.byte 0x00, 0x26, 0x80, 0x5F, 0x24, 0x18, 0xE4, 0x01, 0x2A, 0x88, 0x1B, 0x98, 0xDF, 0xF7, 0x59, 0xFA
	.byte 0x2A, 0x88, 0x1C, 0x98, 0x21, 0x1C, 0xDF, 0xF7, 0x54, 0xFA, 0x28, 0x88, 0x01, 0x38, 0x28, 0x80
	.byte 0x00, 0x04, 0x00, 0x28, 0x02, 0xD1, 0x21, 0x48, 0xF9, 0xF0, 0xED, 0xFC, 0x41, 0x46, 0xC8, 0x68
	.byte 0x0B, 0x69, 0x98, 0x42, 0x41, 0xDB, 0xAB, 0x22, 0x52, 0x00, 0xB8, 0x18, 0x00, 0x24, 0x00, 0x5F
	.byte 0x00, 0x28, 0x3A, 0xD1, 0x19, 0x48, 0x00, 0x68, 0x01, 0x1C, 0xDE, 0x31, 0x00, 0x25, 0x49, 0x5F
	.byte 0xE0, 0x30, 0x00, 0x26, 0x80, 0x5F, 0x09, 0x18, 0xCA, 0x01, 0x00, 0x2B, 0x09, 0xD1, 0x40, 0x46
	.byte 0x41, 0x68, 0x80, 0x20, 0x40, 0x02, 0x81, 0x42, 0x03, 0xD1, 0x41, 0x46, 0x88, 0x68, 0x90, 0x42
	.byte 0x23, 0xD0, 0x0D, 0x48, 0x04, 0x68, 0xA0, 0x6E, 0xE1, 0x6E, 0x0D, 0x4A, 0x0E, 0x4B, 0x10, 0x43
	.byte 0xA0, 0x66, 0xE1, 0x66, 0x40, 0x46, 0x02, 0x21, 0xF2, 0xF7, 0x4D, 0xFE, 0x40, 0x46, 0xF4, 0xF7
	.byte 0x06, 0xFD, 0x01, 0x20, 0xB8, 0x63, 0xAB, 0x22, 0x52, 0x00, 0xB8, 0x18, 0x00, 0x21, 0x01, 0x80
	.byte 0xAA, 0x23, 0x5B, 0x00, 0xF8, 0x18, 0x01, 0x80, 0x19, 0xE3, 0x84, 0x9B, 0x03, 0x02, 0x73, 0x02
	.byte 0x00, 0x00, 0x00, 0x00, 0x40, 0x00, 0x00, 0x00, 0x00, 0x00, 0xAA, 0x25, 0x6D, 0x00, 0x7C, 0x19
	.byte 0x00, 0x26, 0xA0, 0x5F, 0x12, 0x28, 0x18, 0xD1, 0x80, 0x20, 0x40, 0x02, 0x11, 0x49, 0x0A, 0x68
	.byte 0x11, 0x1C, 0xDE, 0x31, 0x00, 0x23, 0xC9, 0x5E, 0xE0, 0x32, 0x00, 0x25, 0x52, 0x5F, 0x89, 0x18
	.byte 0xC9, 0x01, 0x00, 0x22, 0xEF, 0xF7, 0xEF, 0xFB, 0x46, 0x46, 0x70, 0x6B, 0xB1, 0x6B, 0x09, 0x4A
	.byte 0x0A, 0x4B, 0x19, 0x43, 0x42, 0x46, 0x50, 0x63, 0x91, 0x63, 0x48, 0x46, 0xDF, 0xF7, 0xD9, 0xFA
	.byte 0x00, 0x06, 0x00, 0x28, 0x0B, 0xD0, 0x29, 0x20, 0xB8, 0x63, 0xAB, 0x23, 0x5B, 0x00, 0xF9, 0x18
	.byte 0xF7, 0xE1, 0x84, 0x9B, 0x03, 0x02, 0x00, 0x00, 0x00, 0x00, 0x04, 0x00, 0x00, 0x00, 0x20, 0x88
	.byte 0x01, 0x30, 0x20, 0x80, 0xDB, 0xE2, 0x38, 0x1C, 0xF7, 0xF7, 0x17, 0xFC, 0xAA, 0x24, 0x64, 0x00
	.byte 0x38, 0x19, 0x00, 0x25, 0x40, 0x5F, 0x1E, 0x28, 0x13, 0xD0, 0x1E, 0x28, 0x02, 0xDC, 0x00, 0x28
	.byte 0x03, 0xD0, 0x36, 0xE0, 0x2C, 0x28, 0x30, 0xD0, 0x33, 0xE0, 0x38, 0x1C, 0x3E, 0x21, 0x00, 0x22
	.byte 0xF7, 0xF7, 0x13, 0xFC, 0x02, 0x48, 0xF9, 0xF0, 0x56, 0xFC, 0x2A, 0xE0, 0x00, 0x00, 0x75, 0x02
	.byte 0x00, 0x00, 0x80, 0x20, 0x40, 0x02, 0x0E, 0x49, 0x0A, 0x68, 0x11, 0x1C, 0xDE, 0x31, 0x00, 0x26
	.byte 0x89, 0x5F, 0xE0, 0x32, 0x00, 0x23, 0xD2, 0x5E, 0x89, 0x18, 0xC9, 0x01, 0x80, 0x24, 0xA4, 0x00
	.byte 0x09, 0x19, 0x00, 0x22, 0xEF, 0xF7, 0xEB, 0xFB, 0x07, 0x48, 0xF9, 0xF0, 0x3C, 0xFC, 0x45, 0x46
	.byte 0x68, 0x6B, 0xA9, 0x6B, 0x05, 0x22, 0x52, 0x42, 0x11, 0x40, 0x46, 0x46, 0x70, 0x63, 0xB1, 0x63
	.byte 0x07, 0xE0, 0x84, 0x9B, 0x03, 0x02, 0x76, 0x02, 0x00, 0x00, 0x00, 0x20, 0x08, 0x21, 0xDF, 0xF7
	.byte 0xE6, 0xFD, 0xAA, 0x20, 0x40, 0x00, 0x39, 0x18, 0x0A, 0x88, 0x00, 0x23, 0xC8, 0x5E, 0x3B, 0x28
	.byte 0x00, 0xDC, 0x16, 0xE2, 0x2A, 0x20, 0xB8, 0x63, 0xAB, 0x24, 0x64, 0x00, 0x3A, 0x19, 0x00, 0x20
	.byte 0x10, 0x80, 0x08, 0x80, 0x83, 0xE2, 0xAA, 0x26, 0x76, 0x00, 0xBD, 0x19, 0x00, 0x21, 0x68, 0x5E
	.byte 0x00, 0x28, 0x14, 0xD1, 0x38, 0x1C, 0x3F, 0x21, 0x00, 0x22, 0xF7, 0xF7, 0xC6, 0xFB, 0x80, 0x20
	.byte 0x40, 0x02, 0x16, 0x49, 0x0A, 0x68, 0x11, 0x1C, 0xDE, 0x31, 0x00, 0x23, 0xC9, 0x5E, 0xE0, 0x32
	.byte 0x00, 0x24, 0x12, 0x5F, 0x89, 0x18, 0xC9, 0x01, 0x12, 0x4A, 0xEF, 0xF7, 0x62, 0xFC, 0x38, 0x1C
	.byte 0xF7, 0xF7, 0xA3, 0xFB, 0x38, 0x1C, 0x0C, 0x30, 0xDF, 0xF7, 0x4B, 0xFA, 0x00, 0x06, 0x00, 0x28
	.byte 0x04, 0xD0, 0x38, 0x1C, 0x01, 0x21, 0x01, 0x22, 0xF7, 0xF7, 0xA7, 0xFB, 0xEC, 0xF7, 0x29, 0xF9
	.byte 0x00, 0x06, 0x04, 0x0E, 0x00, 0x2C, 0x0E, 0xD1, 0x40, 0x46, 0xF4, 0xF7, 0x30, 0xFC, 0x01, 0x20
	.byte 0xB8, 0x63, 0xAB, 0x26, 0x76, 0x00, 0xB8, 0x19, 0x04, 0x80, 0x2C, 0x80, 0x47, 0xE2, 0x84, 0x9B
	.byte 0x03, 0x02, 0x00, 0xC2, 0xFF, 0xFF, 0x28, 0x88, 0x01, 0x30, 0x28, 0x80, 0x3F, 0xE2, 0x23, 0x99
	.byte 0x08, 0x68, 0xC1, 0x6E, 0x80, 0x6E, 0x80, 0x22, 0x12, 0x02, 0x10, 0x40, 0x00, 0x21, 0x08, 0x43
	.byte 0x00, 0x28, 0x04, 0xD1, 0x42, 0x46, 0xD1, 0x68, 0x10, 0x69, 0x81, 0x42, 0x03, 0xDA, 0x38, 0x1C
	.byte 0xF7, 0xF7, 0x0D, 0xFB, 0x2B, 0xE2, 0x38, 0x1C, 0xF7, 0xF7, 0x09, 0xFB, 0xAA, 0x23, 0x5B, 0x00
	.byte 0xF8, 0x18, 0x00, 0x24, 0x00, 0x5F, 0x19, 0x28, 0x45, 0xD0, 0x19, 0x28, 0x02, 0xDC, 0x00, 0x28
	.byte 0x06, 0xD0, 0x83, 0xE0, 0x25, 0x28, 0x44, 0xD0, 0x43, 0x28, 0x00, 0xD1, 0x79, 0xE0, 0x7D, 0xE0
	.byte 0x38, 0x1C, 0x36, 0x21, 0x00, 0x22, 0xF7, 0xF7, 0x60, 0xFB, 0x45, 0x46, 0x68, 0x6B, 0xA9, 0x6B
	.byte 0x04, 0x22, 0x10, 0x40, 0x00, 0x21, 0x08, 0x43, 0x00, 0x28, 0x0E, 0xD0, 0x68, 0x68, 0xC0, 0x26
	.byte 0x36, 0x01, 0x80, 0x19, 0xA9, 0x68, 0xEA, 0x68, 0x03, 0x4B, 0xD2, 0x18, 0x01, 0x23, 0xEC, 0xF7
	.byte 0xFE, 0xFF, 0x0D, 0xE0, 0x00, 0x00, 0x00, 0xF0, 0xFF, 0xFF, 0x44, 0x46, 0x60, 0x68, 0x0A, 0x4D
	.byte 0x40, 0x19, 0xA1, 0x68, 0xE2, 0x68, 0x09, 0x4E, 0x92, 0x19, 0x00, 0x23, 0xEC, 0xF7, 0xEF, 0xFF
	.byte 0x82, 0x20, 0x80, 0x00, 0xF9, 0xF0, 0x7F, 0xFB, 0x06, 0x48, 0x00, 0x68, 0xB3, 0x30, 0x01, 0x78
	.byte 0x00, 0x20, 0x08, 0x22, 0xDF, 0xF7, 0x5B, 0xFD, 0x48, 0xE0, 0x00, 0xF4, 0xFF, 0xFF, 0x00, 0xF0
	.byte 0xFF, 0xFF, 0x84, 0x9B, 0x03, 0x02, 0x38, 0x1C, 0x37, 0x21, 0x00, 0x22, 0xF7, 0xF7, 0x25, 0xFB
	.byte 0x3C, 0xE0, 0x0D, 0xAB, 0xB9, 0x21, 0x49, 0x00, 0x78, 0x18, 0x00, 0x78, 0x98, 0x82, 0xB1, 0x22
	.byte 0x52, 0x00, 0xB8, 0x18, 0x00, 0x78, 0x98, 0x83, 0x44, 0x46, 0xA0, 0x68, 0x58, 0x60, 0xE0, 0x68
	.byte 0x08, 0x4D, 0x40, 0x19, 0x98, 0x60, 0x60, 0x6B, 0xA1, 0x6B, 0x04, 0x22, 0x10, 0x40, 0x00, 0x21
	.byte 0x01, 0x43, 0x1A, 0x1C, 0x00, 0x29, 0x06, 0xD0, 0x01, 0x20, 0x50, 0x82, 0x60, 0x68, 0x40, 0x19
	.byte 0x07, 0xE0, 0x00, 0xE8, 0xFF, 0xFF, 0x51, 0x82, 0x46, 0x46, 0x70, 0x68, 0xC0, 0x21, 0x49, 0x01
	.byte 0x40, 0x18, 0x0D, 0x90, 0x06, 0x49, 0x1E, 0x98, 0xDA, 0xF7, 0x0F, 0xFB, 0xC4, 0x22, 0x52, 0x00
	.byte 0xB9, 0x18, 0x08, 0x60, 0xB6, 0x20, 0xF9, 0xF0, 0x36, 0xFB, 0x07, 0xE0, 0x00, 0x00, 0xE0, 0xB3
	.byte 0xED, 0x09, 0x38, 0x1C, 0x38, 0x21, 0x00, 0x22, 0xF7, 0xF7, 0xE7, 0xFA, 0xAA, 0x23, 0x5B, 0x00
	.byte 0xFC, 0x18, 0x00, 0x25, 0x60, 0x5F, 0x25, 0x28, 0x15, 0xDD, 0xC4, 0x26, 0x76, 0x00, 0xB8, 0x19
	.byte 0x00, 0x68, 0x07, 0x49, 0x09, 0x68, 0xDA, 0xF7, 0x96, 0xFB, 0x00, 0x06, 0x01, 0x0E, 0x00, 0x29
	.byte 0x09, 0xD1, 0x20, 0x20, 0xB8, 0x63, 0xAB, 0x22, 0x52, 0x00, 0xB8, 0x18, 0x01, 0x80, 0x21, 0x80
	.byte 0x7D, 0xE1, 0xE0, 0xB3, 0xED, 0x09, 0xAA, 0x23, 0x5B, 0x00, 0xF9, 0x18, 0x5E, 0xE1, 0x38, 0x1C
	.byte 0xF7, 0xF7, 0x55, 0xFA, 0x38, 0x1C, 0x39, 0x21, 0x00, 0x22, 0xF7, 0xF7, 0xBE, 0xFA, 0x38, 0x1C
	.byte 0x0C, 0x30, 0xDF, 0xF7, 0x56, 0xF9, 0x00, 0x06, 0x00, 0x28, 0x00, 0xD1, 0x67, 0xE1, 0x00, 0x20
	.byte 0x08, 0x21, 0xDF, 0xF7, 0xB4, 0xFC, 0x38, 0x1C, 0x01, 0x21, 0xF7, 0xF7, 0x2E, 0xFE, 0x5E, 0xE1
	.byte 0x38, 0x1C, 0xF7, 0xF7, 0x9A, 0xFA, 0xA8, 0x24, 0x64, 0x00, 0x38, 0x19, 0x00, 0x21, 0x01, 0x60
	.byte 0x24, 0x9D, 0x28, 0x68, 0x02, 0x28, 0x16, 0xD0, 0x01, 0x20, 0xB8, 0x63, 0xAB, 0x26, 0x76, 0x00
	.byte 0xB8, 0x19, 0x01, 0x80, 0xAA, 0x22, 0x52, 0x00, 0xB8, 0x18, 0x01, 0x80, 0x40, 0x46, 0xF4, 0xF7
	.byte 0x26, 0xFB, 0xAD, 0x23, 0x5B, 0x00, 0xFA, 0x18, 0x11, 0x88, 0x01, 0x48, 0x08, 0x40, 0x10, 0x80
	.byte 0x3D, 0xE1, 0x7F, 0xFF, 0x00, 0x00, 0xAA, 0x24, 0x64, 0x00, 0x39, 0x19, 0x1E, 0xE1, 0x38, 0x1C
	.byte 0xF7, 0xF7, 0x73, 0xFA, 0xAA, 0x25, 0x6D, 0x00, 0x7C, 0x19, 0x00, 0x26, 0xA5, 0x5F, 0x0C, 0x20
	.byte 0xC0, 0x19, 0x81, 0x46, 0x00, 0x2D, 0x16, 0xD1, 0xDF, 0xF7, 0x37, 0xF9, 0x38, 0x1C, 0x28, 0x21
	.byte 0x00, 0x22, 0xF7, 0xF7, 0x72, 0xFA, 0x20, 0x88, 0x01, 0x30, 0x20, 0x80, 0x42, 0x46, 0x50, 0x6B
	.byte 0x91, 0x6B, 0x1A, 0x4B, 0x19, 0x4A, 0x10, 0x43, 0x43, 0x46, 0x58, 0x63, 0x99, 0x63, 0xAE, 0x26
	.byte 0x76, 0x00, 0xB8, 0x19, 0x05, 0x60, 0x48, 0x46, 0xDF, 0xF7, 0xFB, 0xF8, 0x00, 0x06, 0x00, 0x28
	.byte 0x08, 0xD0, 0x42, 0x46, 0x50, 0x6B, 0x91, 0x6B, 0x81, 0x22, 0x52, 0x42, 0x10, 0x40, 0x43, 0x46
	.byte 0x58, 0x63, 0x99, 0x63, 0xF3, 0x20, 0x18, 0x9D, 0x28, 0x40, 0x00, 0x28, 0x04, 0xD0, 0x41, 0x46
	.byte 0xEC, 0x31, 0x08, 0x88, 0x01, 0x38, 0x08, 0x80, 0x24, 0x9E, 0x30, 0x68, 0x01, 0x28, 0x00, 0xD1
	.byte 0xF5, 0xE0, 0x40, 0x46, 0xF4, 0xF7, 0xD3, 0xFA, 0x01, 0x20, 0xB8, 0x63, 0xAB, 0x20, 0x40, 0x00
	.byte 0x39, 0x18, 0x00, 0x20, 0x08, 0x80, 0x20, 0x80, 0xE9, 0xE0, 0x00, 0x02, 0x00, 0x00, 0x00, 0x00
	.byte 0x00, 0x00, 0x38, 0x1C, 0xF7, 0xF7, 0xC3, 0xF9, 0xAA, 0x21, 0x49, 0x00, 0x78, 0x18, 0x00, 0x22
	.byte 0x84, 0x5E, 0x00, 0x2C, 0x25, 0xD1, 0x0F, 0x48, 0xF9, 0xF0, 0x6D, 0xFA, 0x84, 0x20, 0x40, 0x00
	.byte 0x40, 0x44, 0x04, 0x60, 0x86, 0x20, 0x40, 0x00, 0x40, 0x44, 0x04, 0x60, 0x43, 0x46, 0x58, 0x6B
	.byte 0x99, 0x6B, 0x09, 0x4A, 0x0A, 0x4B, 0x10, 0x43, 0x44, 0x46, 0x60, 0x63, 0xA1, 0x63, 0x38, 0x1C
	.byte 0x3A, 0x21, 0x00, 0x22, 0xF7, 0xF7, 0x11, 0xFA, 0xAE, 0x25, 0x6D, 0x00, 0x79, 0x19, 0x80, 0x20
	.byte 0x40, 0x00, 0x08, 0x60, 0x18, 0xE0, 0x63, 0x02, 0x00, 0x00, 0x00, 0x02, 0x00, 0x00, 0x00, 0x00
	.byte 0x00, 0x00, 0x1E, 0x49, 0xB0, 0x26, 0x76, 0x00, 0xB8, 0x19, 0x00, 0x78, 0x40, 0x00, 0x40, 0x18
	.byte 0x00, 0x22, 0x81, 0x5E, 0xAE, 0x23, 0x5B, 0x00, 0xF8, 0x18, 0x00, 0x68, 0x41, 0x43, 0x09, 0x12
	.byte 0x44, 0x46, 0x60, 0x68, 0x40, 0x18, 0x60, 0x60, 0x15, 0x49, 0xB0, 0x25, 0x6D, 0x00, 0x78, 0x19
	.byte 0x00, 0x78, 0x40, 0x30, 0x40, 0x00, 0x40, 0x18, 0x00, 0x26, 0x81, 0x5F, 0x49, 0x42, 0xAE, 0x20
	.byte 0x40, 0x00, 0x3A, 0x18, 0x10, 0x68, 0x40, 0x10, 0x41, 0x43, 0x09, 0x12, 0x43, 0x46, 0x98, 0x68
	.byte 0x40, 0x18, 0x98, 0x60, 0x10, 0x68, 0x0A, 0x38, 0x10, 0x60, 0x00, 0x28, 0x01, 0xDA, 0x00, 0x20
	.byte 0x10, 0x60, 0xAA, 0x24, 0x64, 0x00, 0x39, 0x19, 0x0A, 0x88, 0x00, 0x25, 0x48, 0x5F, 0x28, 0x28
	.byte 0x07, 0xDD, 0x25, 0x20, 0xB8, 0x63, 0x00, 0x20, 0x08, 0x80, 0x78, 0xE0, 0x00, 0x00, 0x00, 0x14
	.byte 0x12, 0x08, 0x50, 0x1C, 0x08, 0x80, 0x72, 0xE0, 0x38, 0x1C, 0xF7, 0xF7, 0x50, 0xF9, 0xAA, 0x26
	.byte 0x76, 0x00, 0xB8, 0x19, 0x00, 0x21, 0x40, 0x5E, 0x00, 0x28, 0x0A, 0xD1, 0x38, 0x1C, 0x3B, 0x21
	.byte 0x00, 0x22, 0xF7, 0xF7, 0xB2, 0xF9, 0xAE, 0x22, 0x52, 0x00, 0xB9, 0x18, 0x80, 0x20, 0x40, 0x00
	.byte 0x08, 0x60, 0x43, 0x46, 0x58, 0x6B, 0x99, 0x6B, 0x04, 0x22, 0x10, 0x40, 0x00, 0x21, 0x08, 0x43
	.byte 0x00, 0x28, 0x07, 0xD0, 0xAE, 0x24, 0x64, 0x00, 0x38, 0x19, 0x59, 0x68, 0x00, 0x68, 0x09, 0x1A
	.byte 0x59, 0x60, 0x07, 0xE0, 0xAE, 0x25, 0x6D, 0x00, 0x78, 0x19, 0x46, 0x46, 0x71, 0x68, 0x00, 0x68
	.byte 0x09, 0x18, 0x71, 0x60, 0xAE, 0x20, 0x40, 0x00, 0x3C, 0x18, 0x20, 0x68, 0x0C, 0x38, 0x20, 0x60
	.byte 0x00, 0x28, 0x01, 0xDA, 0x00, 0x20, 0x20, 0x60, 0x38, 0x1C, 0x0C, 0x30, 0xDF, 0xF7, 0x21, 0xF8
	.byte 0x00, 0x06, 0x00, 0x28, 0x17, 0xD0, 0x42, 0x46, 0x50, 0x6B, 0x91, 0x6B, 0x09, 0x4A, 0x10, 0x40
	.byte 0x43, 0x46, 0x58, 0x63, 0x99, 0x63, 0x00, 0x21, 0x21, 0x60, 0x01, 0x20, 0xB8, 0x63, 0xAB, 0x24
	.byte 0x64, 0x00, 0x38, 0x19, 0x01, 0x80, 0xAA, 0x25, 0x6D, 0x00, 0x78, 0x19, 0x01, 0x80, 0x1E, 0xE0
	.byte 0x00, 0x00, 0xFF, 0xFD, 0xFF, 0xFF, 0xAA, 0x26, 0x76, 0x00, 0xB9, 0x19, 0x08, 0x88, 0x01, 0x30
	.byte 0x08, 0x80, 0x14, 0xE0, 0x42, 0x46, 0x50, 0x6B, 0x91, 0x6B, 0x10, 0x4A, 0x10, 0x40, 0x43, 0x46
	.byte 0x58, 0x63, 0x99, 0x63, 0x84, 0x22, 0x52, 0x00, 0x42, 0x44, 0x86, 0x21, 0x49, 0x00, 0x41, 0x44
	.byte 0x00, 0x20, 0x08, 0x60, 0x10, 0x60, 0xAE, 0x24, 0x64, 0x00, 0x39, 0x19, 0x08, 0x60, 0x20, 0x20
	.byte 0x18, 0x9D, 0x28, 0x40, 0x00, 0x04, 0x02, 0x0C, 0x00, 0x2A, 0x0C, 0xD0, 0xB8, 0x26, 0x76, 0x00
	.byte 0xB8, 0x19, 0x00, 0x22, 0x0D, 0x21, 0x01, 0x70, 0x02, 0x49, 0x78, 0x18, 0x0F, 0xE0, 0xFF, 0xDF
	.byte 0xFF, 0xFF, 0x71, 0x01, 0x00, 0x00, 0x10, 0x20, 0x18, 0x9B, 0x03, 0x40, 0x00, 0x2B, 0x07, 0xD0
	.byte 0x19, 0x4C, 0x39, 0x19, 0x0D, 0x20, 0x08, 0x70, 0xB8, 0x25, 0x6D, 0x00, 0x78, 0x19, 0x02, 0x70
	.byte 0x15, 0x4E, 0xBB, 0x19, 0x18, 0x78, 0x00, 0x28, 0x01, 0xD0, 0x01, 0x38, 0x18, 0x70, 0xB8, 0x20
	.byte 0x40, 0x00, 0x3A, 0x18, 0x10, 0x78, 0x00, 0x28, 0x01, 0xD0, 0x01, 0x38, 0x10, 0x70, 0x24, 0x99
	.byte 0x08, 0x68, 0x05, 0x28, 0x19, 0xD1, 0x00, 0x21, 0x11, 0x70, 0x19, 0x70, 0xAE, 0x22, 0x52, 0x00
	.byte 0xB8, 0x18, 0x01, 0x60, 0x54, 0x3A, 0x42, 0x44, 0x86, 0x20, 0x40, 0x00, 0x40, 0x44, 0x01, 0x60
	.byte 0x11, 0x60, 0xA8, 0x23, 0x5B, 0x00, 0xF9, 0x18, 0x08, 0x68, 0x00, 0x28, 0x26, 0xDA, 0xC0, 0x20
	.byte 0x80, 0x00, 0x08, 0x60, 0x22, 0xE0, 0x71, 0x01, 0x00, 0x00, 0x1E, 0x4C, 0xB0, 0x25, 0x6D, 0x00
	.byte 0x7A, 0x19, 0x10, 0x78, 0x40, 0x00, 0x00, 0x19, 0x00, 0x26, 0x81, 0x5F, 0xAE, 0x20, 0x40, 0x00
	.byte 0x3B, 0x18, 0x18, 0x68, 0x41, 0x43, 0x09, 0x12, 0x45, 0x46, 0x68, 0x68, 0x40, 0x18, 0x68, 0x60
	.byte 0x10, 0x78, 0x40, 0x30, 0x40, 0x00, 0x00, 0x19, 0x00, 0x26, 0x81, 0x5F, 0x49, 0x42, 0x18, 0x68
	.byte 0x40, 0x10, 0x41, 0x43, 0x09, 0x12, 0xA8, 0x68, 0x40, 0x18, 0xA8, 0x60, 0x20, 0x99, 0x08, 0x78
	.byte 0x00, 0x28, 0x47, 0xD0, 0x43, 0x46, 0x5A, 0x6F, 0x0C, 0x2A, 0x16, 0xD1, 0xAE, 0x24, 0x64, 0x00
	.byte 0x38, 0x19, 0x00, 0x68, 0x00, 0x28, 0x3D, 0xDD, 0xB8, 0x6B, 0x01, 0x28, 0x3A, 0xD1, 0x24, 0x20
	.byte 0xB8, 0x63, 0xAB, 0x25, 0x6D, 0x00, 0x78, 0x19, 0x00, 0x21, 0x01, 0x80, 0xAA, 0x26, 0x76, 0x00
	.byte 0xB8, 0x19, 0x01, 0x80, 0x2E, 0xE0, 0x00, 0x14, 0x12, 0x08, 0xAD, 0x21, 0x49, 0x00, 0x78, 0x18
	.byte 0x01, 0x88, 0x20, 0x20, 0x08, 0x40, 0x00, 0x28, 0x07, 0xD0, 0x07, 0x2A, 0x05, 0xD1, 0x21, 0x9A
	.byte 0x11, 0x88, 0x01, 0x20, 0x08, 0x43, 0x10, 0x80, 0x1C, 0xE0, 0xAD, 0x23, 0x5B, 0x00, 0xF8, 0x18
	.byte 0x01, 0x88, 0x80, 0x20, 0x08, 0x40, 0x00, 0x28, 0x14, 0xD1, 0x05, 0x2A, 0x12, 0xD0, 0x40, 0x46
	.byte 0x90, 0x30, 0x00, 0x68, 0x01, 0x8E, 0x02, 0x20, 0x08, 0x40, 0x00, 0x28, 0x0A, 0xD1, 0x44, 0x46
	.byte 0xA1, 0x6F, 0x49, 0x10, 0x60, 0x68, 0x40, 0x18, 0x60, 0x60, 0xE1, 0x6F, 0x49, 0x10, 0xA0, 0x68
	.byte 0x40, 0x18, 0xA0, 0x60, 0xA8, 0x25, 0x6D, 0x00, 0x7A, 0x19, 0x46, 0x46, 0xF0, 0x68, 0x11, 0x68
	.byte 0x40, 0x18, 0xF0, 0x60, 0x15, 0x4B, 0x18, 0x68, 0x96, 0x21, 0x49, 0x00, 0x40, 0x18, 0x11, 0x68
	.byte 0x00, 0x68, 0x09, 0x18, 0x11, 0x60, 0x21, 0x9A, 0x11, 0x88, 0x01, 0x20, 0x08, 0x40, 0x00, 0x28
	.byte 0x1F, 0xD0, 0x40, 0x46, 0x80, 0x30, 0x00, 0x68, 0x30, 0x61, 0xAD, 0x24, 0x64, 0x00, 0x3A, 0x19
	.byte 0x11, 0x88, 0x10, 0x20, 0x08, 0x43, 0x10, 0x80, 0x40, 0x46, 0x88, 0x30, 0x00, 0x68, 0x80, 0x25
	.byte 0xED, 0x00, 0x40, 0x19, 0x00, 0x12, 0x80, 0x00, 0x05, 0x4E, 0x31, 0x1C, 0x09, 0x1A, 0xBA, 0x22
	.byte 0x52, 0x00, 0xB8, 0x18, 0x01, 0x80, 0x0F, 0xE0, 0x00, 0x00, 0x84, 0x9B, 0x03, 0x02, 0xFC, 0xEF
	.byte 0xFF, 0xFF, 0xAD, 0x24, 0x64, 0x00, 0x3A, 0x19, 0x10, 0x88, 0x33, 0x49, 0x01, 0x40, 0x11, 0x80
	.byte 0x22, 0x9D, 0x28, 0x68, 0x46, 0x46, 0x30, 0x61, 0xAD, 0x21, 0x49, 0x00, 0x78, 0x18, 0x01, 0x88
	.byte 0x20, 0x20, 0x08, 0x40, 0x00, 0x28, 0x29, 0xD0, 0x18, 0x68, 0xF0, 0x30, 0x41, 0x46, 0x90, 0x31
	.byte 0x02, 0x68, 0x08, 0x68, 0x82, 0x42, 0x21, 0xD1, 0x40, 0x46, 0x84, 0x30, 0xBC, 0x24, 0x64, 0x00
	.byte 0x3A, 0x19, 0x01, 0x68, 0x10, 0x68, 0x09, 0x1A, 0x45, 0x46, 0x68, 0x68, 0x40, 0x18, 0x68, 0x60
	.byte 0x40, 0x46, 0x88, 0x30, 0xBE, 0x26, 0x76, 0x00, 0xBA, 0x19, 0x01, 0x68, 0x10, 0x68, 0x09, 0x1A
	.byte 0xA8, 0x68, 0x40, 0x18, 0xA8, 0x60, 0x40, 0x46, 0x80, 0x30, 0xC0, 0x21, 0x49, 0x00, 0x7A, 0x18
	.byte 0x01, 0x68, 0x10, 0x68, 0x09, 0x1A, 0xE8, 0x68, 0x40, 0x18, 0xE8, 0x60, 0x42, 0x46, 0xD1, 0x68
	.byte 0x10, 0x69, 0x81, 0x42, 0x64, 0xDB, 0x21, 0x9C, 0x20, 0x88, 0x01, 0x24, 0x04, 0x40, 0x00, 0x2C
	.byte 0x25, 0xD0, 0xAD, 0x25, 0x6D, 0x00, 0x7A, 0x19, 0x11, 0x88, 0x20, 0x20, 0x08, 0x43, 0x10, 0x80
	.byte 0xBC, 0x26, 0x76, 0x00, 0xB9, 0x19, 0x40, 0x46, 0x84, 0x30, 0x00, 0x68, 0x08, 0x60, 0xBE, 0x20
	.byte 0x40, 0x00, 0x39, 0x18, 0x40, 0x46, 0x88, 0x30, 0x00, 0x68, 0x08, 0x60, 0xC0, 0x22, 0x52, 0x00
	.byte 0xB9, 0x18, 0x40, 0x46, 0x80, 0x30, 0x00, 0x68, 0x08, 0x60, 0x18, 0x68, 0xF0, 0x30, 0x41, 0x46
	.byte 0x90, 0x31, 0x09, 0x68, 0x01, 0x60, 0x0C, 0xE0, 0x00, 0x00, 0xEF, 0xFF, 0x00, 0x00, 0xAD, 0x25
	.byte 0x6D, 0x00, 0x7A, 0x19, 0x10, 0x88, 0x11, 0x49, 0x01, 0x40, 0x11, 0x80, 0x18, 0x68, 0xF0, 0x30
	.byte 0x04, 0x60, 0xA8, 0x26, 0x76, 0x00, 0xB8, 0x19, 0x00, 0x24, 0x04, 0x60, 0x41, 0x46, 0x08, 0x69
	.byte 0xC8, 0x60, 0x23, 0x9A, 0x13, 0x68, 0x98, 0x6E, 0xD9, 0x6E, 0x09, 0x4A, 0x10, 0x40, 0x98, 0x66
	.byte 0xD9, 0x66, 0xB8, 0x6B, 0x03, 0x28, 0x0E, 0xD1, 0x04, 0x20, 0xB8, 0x63, 0xAB, 0x23, 0x5B, 0x00
	.byte 0xF8, 0x18, 0x04, 0x80, 0xAA, 0x25, 0x6D, 0x00, 0x78, 0x19, 0x04, 0x80, 0x3B, 0xE0, 0xDF, 0xFF
	.byte 0x00, 0x00, 0xFF, 0x7F, 0xFF, 0xFF, 0x14, 0x28, 0x35, 0xD1, 0x15, 0x20, 0xB8, 0x63, 0xAB, 0x26
	.byte 0x76, 0x00, 0xB8, 0x19, 0x04, 0x80, 0xAA, 0x21, 0x49, 0x00, 0x78, 0x18, 0x04, 0x80, 0x2A, 0xE0
	.byte 0xAD, 0x24, 0x64, 0x00, 0x3A, 0x19, 0x11, 0x88, 0x20, 0x20, 0x08, 0x40, 0x00, 0x28, 0x1E, 0xD0
	.byte 0x08, 0x48, 0x08, 0x40, 0x00, 0x21, 0x10, 0x80, 0xB8, 0x6B, 0x01, 0x28, 0x0B, 0xD1, 0x03, 0x20
	.byte 0xB8, 0x63, 0xAB, 0x25, 0x6D, 0x00, 0x78, 0x19, 0x01, 0x80, 0xAA, 0x26, 0x76, 0x00, 0xB8, 0x19
	.byte 0x0C, 0xE0, 0xDF, 0xFF, 0x00, 0x00, 0x12, 0x28, 0x09, 0xD1, 0x14, 0x20, 0xB8, 0x63, 0xAB, 0x22
	.byte 0x52, 0x00, 0xB8, 0x18, 0x01, 0x80, 0xAA, 0x24, 0x64, 0x00, 0x38, 0x19, 0x01, 0x80, 0x18, 0x68
	.byte 0xF0, 0x30, 0x00, 0x21, 0x01, 0x60, 0x84, 0x22, 0x52, 0x00, 0x42, 0x44, 0x11, 0x68, 0x00, 0x29
	.byte 0x09, 0xDD, 0x45, 0x46, 0x68, 0x68, 0x40, 0x18, 0x68, 0x60, 0x10, 0x68, 0x11, 0x38, 0x10, 0x60
	.byte 0x00, 0x28, 0x0D, 0xDA, 0x0A, 0xE0, 0x00, 0x29, 0x0A, 0xDA, 0x46, 0x46, 0x70, 0x68, 0x40, 0x18
	.byte 0x70, 0x60, 0x10, 0x68, 0x11, 0x30, 0x10, 0x60, 0x00, 0x28, 0x01, 0xDD, 0x00, 0x20, 0x10, 0x60
	.byte 0x86, 0x22, 0x52, 0x00, 0x42, 0x44, 0x11, 0x68, 0x00, 0x29, 0x09, 0xDD, 0x43, 0x46, 0x98, 0x68
	.byte 0x40, 0x18, 0x98, 0x60, 0x10, 0x68, 0x11, 0x38, 0x10, 0x60, 0x00, 0x28, 0x0D, 0xDA, 0x0A, 0xE0
	.byte 0x00, 0x29, 0x0A, 0xDA, 0x44, 0x46, 0xA0, 0x68, 0x40, 0x18, 0xA0, 0x60, 0x10, 0x68, 0x11, 0x30
	.byte 0x10, 0x60, 0x00, 0x28, 0x01, 0xDD, 0x00, 0x20, 0x10, 0x60, 0x45, 0x46, 0x68, 0x6B, 0xA9, 0x6B
	.byte 0x80, 0x22, 0x12, 0x04, 0x10, 0x40, 0x00, 0x21, 0x08, 0x43, 0x00, 0x28, 0x00, 0xD0, 0xAA, 0xE0
	.byte 0x10, 0x22, 0x52, 0x42, 0x1B, 0x98, 0x1C, 0x99, 0x00, 0x23, 0xF3, 0xF7, 0x9E, 0xFC, 0x02, 0x28
	.byte 0x41, 0xD0, 0x02, 0x28, 0x02, 0xD8, 0x01, 0x28, 0x13, 0xD0, 0x66, 0xE0, 0x04, 0x28, 0x64, 0xD8
	.byte 0x86, 0x21, 0x49, 0x00, 0x41, 0x44, 0x08, 0x68, 0x40, 0x10, 0x40, 0x42, 0x08, 0x60, 0x23, 0x9E
	.byte 0x33, 0x68, 0x98, 0x6E, 0xD9, 0x6E, 0x09, 0x22, 0x52, 0x42, 0x10, 0x40, 0x98, 0x66, 0xD9, 0x66
	.byte 0x63, 0xE0, 0x84, 0x20, 0x40, 0x00, 0x40, 0x44, 0x01, 0x68, 0x49, 0x10, 0x49, 0x42, 0x01, 0x60
	.byte 0x41, 0x46, 0xC8, 0x68, 0x00, 0x28, 0x0C, 0xD1, 0x20, 0x20, 0x17, 0x9A, 0x02, 0x40, 0x00, 0x2A
	.byte 0x07, 0xD0, 0x23, 0x9B, 0x18, 0x68, 0x81, 0x6E, 0xC2, 0x6E, 0x08, 0x23, 0x00, 0x24, 0x19, 0x43
	.byte 0x06, 0xE0, 0x23, 0x9C, 0x20, 0x68, 0x81, 0x6E, 0xC2, 0x6E, 0x09, 0x23, 0x5B, 0x42, 0x19, 0x40
	.byte 0x81, 0x66, 0xC2, 0x66, 0xAD, 0x25, 0x6D, 0x00, 0x7A, 0x19, 0x11, 0x88, 0x80, 0x26, 0xB6, 0x00
	.byte 0x30, 0x1C, 0x08, 0x43, 0x38, 0xE0, 0x84, 0x20, 0x40, 0x00, 0x40, 0x44, 0x01, 0x68, 0x49, 0x10
	.byte 0x49, 0x42, 0x01, 0x60, 0x41, 0x46, 0xC8, 0x68, 0x00, 0x28, 0x0C, 0xD1, 0x10, 0x20, 0x17, 0x9A
	.byte 0x02, 0x40, 0x00, 0x2A, 0x07, 0xD0, 0x23, 0x9B, 0x18, 0x68, 0x81, 0x6E, 0xC2, 0x6E, 0x08, 0x23
	.byte 0x00, 0x24, 0x19, 0x43, 0x06, 0xE0, 0x23, 0x9C, 0x20, 0x68, 0x81, 0x6E, 0xC2, 0x6E, 0x09, 0x23
	.byte 0x5B, 0x42, 0x19, 0x40, 0x81, 0x66, 0xC2, 0x66, 0xAD, 0x25, 0x6D, 0x00, 0x7A, 0x19, 0x11, 0x88
	.byte 0x80, 0x26, 0xB6, 0x00, 0x30, 0x1C, 0x08, 0x43, 0x0E, 0xE0, 0x23, 0x98, 0x03, 0x68, 0x98, 0x6E
	.byte 0xD9, 0x6E, 0x09, 0x22, 0x52, 0x42, 0x10, 0x40, 0x98, 0x66, 0xD9, 0x66, 0xAD, 0x21, 0x49, 0x00
	.byte 0x7A, 0x18, 0x11, 0x88, 0x38, 0x48, 0x08, 0x40, 0x10, 0x80, 0x23, 0x9A, 0x15, 0x68, 0xAB, 0x6E
	.byte 0xEC, 0x6E, 0x80, 0x20, 0x80, 0x03, 0x19, 0x1C, 0x01, 0x40, 0x00, 0x22, 0x10, 0x1C, 0x08, 0x43
	.byte 0x00, 0x28, 0x05, 0xD0, 0x09, 0x3A, 0x18, 0x1C, 0x10, 0x40, 0x21, 0x1C, 0xA8, 0x66, 0xE9, 0x66
	.byte 0x23, 0x9B, 0x18, 0x68, 0xC1, 0x6E, 0x80, 0x6E, 0x08, 0x22, 0x10, 0x40, 0x00, 0x21, 0x08, 0x43
	.byte 0x00, 0x28, 0x08, 0xD0, 0xB9, 0x24, 0x64, 0x00, 0x38, 0x19, 0x00, 0x78, 0x00, 0x28, 0x02, 0xD0
	.byte 0x38, 0x1C, 0xF6, 0xF7, 0x8A, 0xFE, 0x1B, 0x98, 0x1C, 0x99, 0x1D, 0x9A, 0x22, 0x9B, 0xF5, 0xF7
	.byte 0x0C, 0xFB, 0x1E, 0x98, 0xD9, 0xF7, 0xF1, 0xFE, 0xB8, 0x6B, 0x1D, 0x28, 0x1C, 0xD1, 0xAD, 0x25
	.byte 0x6D, 0x00, 0x7A, 0x19, 0x11, 0x88, 0x04, 0x20, 0x08, 0x40, 0x00, 0x28, 0x14, 0xD0, 0x1A, 0x48
	.byte 0x08, 0x40, 0x10, 0x80, 0x38, 0x1C, 0xF6, 0xF7, 0xEA, 0xFE, 0x18, 0x4E, 0xB8, 0x19, 0x01, 0x78
	.byte 0x2F, 0x31, 0x38, 0x1C, 0x00, 0x22, 0xF6, 0xF7, 0x78, 0xFE, 0x41, 0x46, 0x48, 0x69, 0x48, 0x60
	.byte 0x88, 0x69, 0x88, 0x60, 0xC8, 0x69, 0xC8, 0x60, 0x24, 0x9A, 0x10, 0x68, 0x02, 0x28, 0x04, 0xD0
	.byte 0x38, 0x1C, 0x0C, 0x30, 0xDE, 0xF7, 0xA9, 0xFC, 0xB8, 0x60, 0x43, 0x46, 0x59, 0x68, 0x9A, 0x68
	.byte 0xDB, 0x68, 0x1F, 0x98, 0xEB, 0xF7, 0x01, 0xF9, 0xD4, 0x24, 0x64, 0x00, 0x39, 0x19, 0x08, 0x88
	.byte 0x01, 0x30, 0x08, 0x80, 0x01, 0x20, 0x25, 0xB0, 0x38, 0xBC, 0x98, 0x46, 0xA1, 0x46, 0xAA, 0x46
	.byte 0xF0, 0xBC, 0x02, 0xBC, 0x08, 0x47, 0xFF, 0xFD, 0x00, 0x00, 0xFB, 0xFF, 0x00, 0x00, 0x91, 0x01
	.byte 0x00, 0x00
.syntax divided
