@ Generated with Luvdis v0.8.0
.syntax unified
.text
@ Begin embedded Luvdis macros
	.macro arm_func_start name
	.align 2, 0
	.global \name
	.arm
	.type \name, %function
	.endm

	.macro arm_func_end name
	.size \name, .-\name
	.endm

	.macro thumb_func_start name
	.align 2, 0
	.global \name
	.thumb
	.thumb_func
	.type \name, %function
	.endm

	.macro non_word_aligned_thumb_func_start name
	.global \name
	.thumb
	.thumb_func
	.type \name, %function
	.endm

	.macro thumb_func_end name
	.size \name, .-\name
	.endm
@ End embedded Luvdis macros

	thumb_func_start task_bos_tm_body_0
task_bos_tm_body_0: @ 080B9660
	push {r4, r5, r6, lr}
	adds r6, r0, #0x0
	adds r5, r1, #0x0
	ldr r0, _080B97CC @ =0x09652E84
	movs r1, #0xEC
	lsls r1, r1, #0x05
	bl func_080026A4
	str r0, [r6, #0x04]
	ldr r0, _080B97D0 @ =0x096FB2A4
	movs r1, #0x60
	bl func_08002A14
	str r0, [r6, #0x08]
	ldr r0, _080B97D4 @ =0x08F69BC4
	movs r1, #0x20
	bl func_08002A14
	str r0, [r6, #0x0C]
	movs r0, #0x92
	lsls r0, r0, #0x01
	adds r1, r6, r0
	ldr r0, _080B97D8 @ =0x09EF3950
	ldr r0, [r0, #0x00]
	str r0, [r1, #0x00]
	movs r2, #0x90
	lsls r2, r2, #0x02
	adds r1, r6, r2
	ldr r0, _080B97DC @ =0x09EF3958
	ldr r0, [r0, #0x00]
	str r0, [r1, #0x00]
	movs r3, #0xD7
	lsls r3, r3, #0x02
	adds r1, r6, r3
	ldr r0, _080B97E0 @ =0x09EF397C
	ldr r0, [r0, #0x00]
	str r0, [r1, #0x00]
	movs r4, #0x8F
	lsls r4, r4, #0x03
	adds r1, r6, r4
	ldr r0, _080B97E4 @ =0x09EF3960
	ldr r0, [r0, #0x00]
	str r0, [r1, #0x00]
	str r5, [r6, #0x00]
	ldr r2, [r6, #0x04]
	ldrh r1, [r2, #0x06]
	adds r0, r5, #0x0
	adds r0, #0x40
	movs r3, #0x00
	movs r4, #0x00
	strh r1, [r0, #0x00]
	adds r5, #0x42
	ldrh r0, [r2, #0x08]
	ldrh r1, [r5, #0x00]
	adds r0, r0, r1
	strh r0, [r5, #0x00]
	ldr r0, [r6, #0x00]
	ldr r1, [r6, #0x08]
	ldrh r1, [r1, #0x06]
	adds r0, #0x44
	strh r1, [r0, #0x00]
	movs r2, #0x90
	lsls r2, r2, #0x03
	adds r0, r6, r2
	strh r4, [r0, #0x00]
	ldr r1, _080B97E8 @ =0x00000482
	adds r0, r6, r1
	strh r4, [r0, #0x00]
	adds r2, #0x04
	adds r0, r6, r2
	strh r4, [r0, #0x00]
	adds r1, #0x04
	adds r0, r6, r1
	strh r4, [r0, #0x00]
	movs r2, #0x94
	lsls r2, r2, #0x01
	adds r0, r6, r2
	strb r3, [r0, #0x00]
	movs r1, #0x91
	lsls r1, r1, #0x02
	adds r0, r6, r1
	strb r3, [r0, #0x00]
	movs r2, #0xD8
	lsls r2, r2, #0x02
	adds r0, r6, r2
	strb r3, [r0, #0x00]
	ldr r1, _080B97EC @ =0x0000047C
	adds r0, r6, r1
	strb r3, [r0, #0x00]
	movs r2, #0x91
	lsls r2, r2, #0x03
	adds r0, r6, r2
	strb r3, [r0, #0x00]
	ldr r3, _080B97F0 @ =0x0000048A
	adds r0, r6, r3
	adds r1, #0x98
	strh r1, [r0, #0x00]
	adds r2, #0x04
	adds r0, r6, r2
	strh r1, [r0, #0x00]
	adds r3, #0x04
	adds r0, r6, r3
	strh r4, [r0, #0x00]
	movs r0, #0x92
	lsls r0, r0, #0x03
	adds r1, r6, r0
	movs r0, #0x0A
	strb r0, [r1, #0x00]
	ldr r1, _080B97F4 @ =0x00000492
	adds r0, r6, r1
	strh r4, [r0, #0x00]
	ldr r3, [r6, #0x00]
	ldrh r1, [r3, #0x28]
	movs r0, #0x08
	ands r0, r1
	cmp r0, #0x00
	beq _080B97F8
	adds r0, r6, #0x0
	adds r0, #0x10
	ldrh r1, [r3, #0x00]
	adds r1, #0x04
	lsls r1, r1, #0x10
	asrs r1, r1, #0x10
	movs r4, #0x02
	ldsh r2, [r3, r4]
	ldrh r3, [r3, #0x04]
	subs r3, #0x22
	lsls r3, r3, #0x10
	asrs r3, r3, #0x10
	bl func_080B83A4
	movs r1, #0x96
	lsls r1, r1, #0x01
	adds r0, r6, r1
	ldr r3, [r6, #0x00]
	movs r2, #0x00
	ldsh r1, [r3, r2]
	movs r4, #0x02
	ldsh r2, [r3, r4]
	ldrh r3, [r3, #0x04]
	adds r3, #0x09
	lsls r3, r3, #0x10
	asrs r3, r3, #0x10
	bl func_080B83A4
	movs r1, #0x92
	lsls r1, r1, #0x02
	adds r0, r6, r1
	ldr r3, [r6, #0x00]
	ldrh r1, [r3, #0x00]
	adds r1, #0x0C
	lsls r1, r1, #0x10
	asrs r1, r1, #0x10
	ldrh r2, [r3, #0x02]
	adds r2, #0x01
	lsls r2, r2, #0x10
	asrs r2, r2, #0x10
	ldrh r3, [r3, #0x04]
	subs r3, #0x21
	lsls r3, r3, #0x10
	asrs r3, r3, #0x10
	bl func_080B83A4
	movs r2, #0xD9
	lsls r2, r2, #0x02
	adds r0, r6, r2
	ldr r3, [r6, #0x00]
	ldrh r1, [r3, #0x00]
	subs r1, #0x01
	lsls r1, r1, #0x10
	asrs r1, r1, #0x10
	ldrh r2, [r3, #0x02]
	subs r2, #0x04
	lsls r2, r2, #0x10
	asrs r2, r2, #0x10
	ldrh r3, [r3, #0x04]
	subs r3, #0x1E
	lsls r3, r3, #0x10
	asrs r3, r3, #0x10
	bl func_080B83A4
	b _080B9886
_080B97CC: .4byte 0x09652E84
_080B97D0: .4byte 0x096FB2A4
_080B97D4: .4byte 0x08F69BC4
_080B97D8: .4byte 0x09EF3950
_080B97DC: .4byte 0x09EF3958
_080B97E0: .4byte 0x09EF397C
_080B97E4: .4byte 0x09EF3960
_080B97E8: .4byte 0x00000482
_080B97EC: .4byte 0x0000047C
_080B97F0: .4byte 0x0000048A
_080B97F4: .4byte 0x00000492
_080B97F8:
	adds r0, r6, #0x0
	adds r0, #0x10
	ldrh r1, [r3, #0x00]
	adds r1, #0x04
	lsls r1, r1, #0x10
	asrs r1, r1, #0x10
	movs r4, #0x02
	ldsh r2, [r3, r4]
	ldrh r3, [r3, #0x04]
	subs r3, #0x22
	lsls r3, r3, #0x10
	asrs r3, r3, #0x10
	bl func_080B83A4
	movs r0, #0x96
	lsls r0, r0, #0x01
	adds r4, r6, r0
	ldr r0, [r6, #0x00]
	movs r2, #0x00
	ldsh r1, [r0, r2]
	movs r3, #0x02
	ldsh r2, [r0, r3]
	ldrh r3, [r0, #0x04]
	subs r3, #0x10
	lsls r3, r3, #0x10
	asrs r3, r3, #0x10
	adds r0, r4, #0x0
	bl func_080B8334
	movs r1, #0x92
	lsls r1, r1, #0x02
	adds r0, r6, r1
	ldr r3, [r6, #0x00]
	ldrh r1, [r3, #0x00]
	adds r1, #0x0C
	lsls r1, r1, #0x10
	asrs r1, r1, #0x10
	ldrh r2, [r3, #0x02]
	adds r2, #0x01
	lsls r2, r2, #0x10
	asrs r2, r2, #0x10
	ldrh r3, [r3, #0x04]
	subs r3, #0x21
	lsls r3, r3, #0x10
	asrs r3, r3, #0x10
	bl func_080B83A4
	movs r2, #0xD9
	lsls r2, r2, #0x02
	adds r0, r6, r2
	ldr r3, [r6, #0x00]
	ldrh r1, [r3, #0x00]
	subs r1, #0x01
	lsls r1, r1, #0x10
	asrs r1, r1, #0x10
	ldrh r2, [r3, #0x02]
	subs r2, #0x04
	lsls r2, r2, #0x10
	asrs r2, r2, #0x10
	ldrh r3, [r3, #0x04]
	subs r3, #0x1E
	lsls r3, r3, #0x10
	asrs r3, r3, #0x10
	bl func_080B83A4
	ldr r0, _080B988C @ =0x0203AB50
	movs r2, #0x88
	lsls r2, r2, #0x01
	adds r1, r4, #0x0
	bl _0811F030
_080B9886:
	pop {r4, r5, r6}
	pop {r0}
	bx r0
_080B988C: .4byte 0x0203AB50
	thumb_func_start task_bos_tm_body_1
task_bos_tm_body_1: @ 080B9890
	push {r4, r5, r6, lr}
	adds r6, r0, #0x0
	ldr r0, [r6, #0x00]
	ldrh r1, [r0, #0x28]
	movs r0, #0x08
	ands r0, r1
	cmp r0, #0x00
	bne _080B98AC
	movs r1, #0x96
	lsls r1, r1, #0x01
	adds r0, r6, r1
	adds r1, r6, #0x0
	bl _080B949C
_080B98AC:
	ldr r0, [r6, #0x00]
	ldr r1, [r0, #0x2C]
	adds r2, r0, #0x0
	cmp r1, #0x11
	bls _080B98B8
	b _080B9D48
_080B98B8:
	lsls r0, r1, #0x02
	ldr r1, _080B98C4 @ =0x080B98C8
	adds r0, r0, r1
	ldr r0, [r0, #0x00]
	mov pc, r0
	.byte 0x00, 0x00
_080B98C4: .4byte 0x080B98C8
	.byte 0x10, 0x99, 0x0B, 0x08, 0x24, 0x9B, 0x0B, 0x08, 0x68, 0x9B, 0x0B, 0x08, 0x68, 0x9B, 0x0B, 0x08
	.byte 0xB4, 0x99, 0x0B, 0x08, 0x10, 0x9A, 0x0B, 0x08, 0x60, 0x9A, 0x0B, 0x08, 0xCC, 0x9A, 0x0B, 0x08
	.byte 0x2E, 0x9D, 0x0B, 0x08, 0xF2, 0x9B, 0x0B, 0x08, 0x24, 0x9B, 0x0B, 0x08, 0xB2, 0x9B, 0x0B, 0x08
	.byte 0x5C, 0x9C, 0x0B, 0x08, 0x3A, 0x9D, 0x0B, 0x08, 0x64, 0x9C, 0x0B, 0x08, 0x10, 0x99, 0x0B, 0x08
	.byte 0x48, 0x9D, 0x0B, 0x08, 0x48, 0x9D, 0x0B, 0x08, 0x38, 0x23, 0xD0, 0x5E, 0x00, 0x28, 0x00, 0xD1
	.byte 0x9A, 0xE1, 0x21, 0x48, 0x00, 0x68, 0xA0, 0x30, 0x00, 0x68, 0x00, 0x28, 0x0E, 0xD0, 0x4C, 0xF7
	.byte 0x3D, 0xFE, 0x00, 0x04, 0x00, 0x0C, 0x50, 0x21, 0x63, 0xF0, 0x4C, 0xFF, 0x00, 0x04, 0x00, 0x28
	.byte 0x04, 0xD1, 0x96, 0x21, 0x49, 0x00, 0x70, 0x18, 0x62, 0xF7, 0xC8, 0xF9, 0x32, 0x68, 0x36, 0x23
	.byte 0xD0, 0x5E, 0x00, 0x28, 0x23, 0xD1, 0x15, 0x49, 0x34, 0x23, 0xD0, 0x5E, 0x40, 0x00, 0x40, 0x18
	.byte 0x00, 0x23, 0xC1, 0x5E, 0x09, 0x02, 0xD0, 0x69, 0x40, 0x18, 0xD0, 0x61, 0x10, 0x49, 0x40, 0x18
	.byte 0xF0, 0x61, 0x9C, 0x23, 0x5B, 0x00, 0xF1, 0x18, 0xD0, 0x69, 0x90, 0x23, 0x1B, 0x01, 0xC0, 0x18
	.byte 0x08, 0x60, 0x95, 0x20, 0x80, 0x00, 0x31, 0x18, 0xD0, 0x69, 0x0A, 0x4B, 0xC0, 0x18, 0x08, 0x60
	.byte 0xDC, 0x20, 0x80, 0x00, 0x31, 0x18, 0xD0, 0x69, 0x07, 0x4A, 0x80, 0x18, 0x08, 0x60, 0x30, 0x1C
	.byte 0xFE, 0xF7, 0x14, 0xFD, 0xD4, 0xE1, 0x00, 0x00, 0x84, 0x9B, 0x03, 0x02, 0x64, 0x1D, 0xEF, 0x09
	.byte 0x00, 0xDE, 0xFF, 0xFF, 0x00, 0xDF, 0xFF, 0xFF, 0x00, 0xE2, 0xFF, 0xFF, 0x38, 0x23, 0xD4, 0x5E
	.byte 0x00, 0x2C, 0x00, 0xD1, 0x8A, 0xE0, 0x30, 0x1C, 0xFE, 0xF7, 0xF6, 0xFF, 0x32, 0x68, 0x91, 0x68
	.byte 0x8E, 0x20, 0x00, 0x02, 0x81, 0x42, 0x00, 0xDD, 0xBA, 0xE1, 0x11, 0x8D, 0x0D, 0x48, 0x08, 0x40
	.byte 0x00, 0x24, 0x10, 0x85, 0xB0, 0x20, 0x40, 0x00, 0x33, 0x18, 0x18, 0x68, 0x59, 0x68, 0x05, 0x22
	.byte 0x52, 0x42, 0x10, 0x40, 0x18, 0x60, 0x59, 0x60, 0x31, 0x68, 0x05, 0x20, 0xC8, 0x62, 0xC8, 0x63
	.byte 0x30, 0x1C, 0xFE, 0xF7, 0x93, 0xFC, 0x30, 0x1C, 0xFE, 0xF7, 0xAC, 0xFF, 0x31, 0x68, 0x90, 0x20
	.byte 0x00, 0x01, 0x68, 0xE0, 0xDF, 0xFF, 0x00, 0x00, 0x38, 0x21, 0x54, 0x5E, 0x00, 0x2C, 0x06, 0xD1
	.byte 0x30, 0x1C, 0xFE, 0xF7, 0x9F, 0xFF, 0x31, 0x68, 0x90, 0x20, 0x00, 0x01, 0x5B, 0xE0, 0x30, 0x1C
	.byte 0xFE, 0xF7, 0xC2, 0xFF, 0x30, 0x68, 0x81, 0x68, 0x09, 0x48, 0x81, 0x42, 0x00, 0xDC, 0x87, 0xE1
	.byte 0x96, 0x22, 0x52, 0x00, 0xB0, 0x18, 0x61, 0xF7, 0x63, 0xFA, 0x33, 0x68, 0x19, 0x8D, 0x05, 0x48
	.byte 0x08, 0x40, 0x00, 0x22, 0x18, 0x85, 0x31, 0x68, 0xCA, 0x62, 0x10, 0x20, 0xC8, 0x63, 0xF8, 0xE0
	.byte 0xFF, 0x9F, 0x00, 0x00, 0xBF, 0xFF, 0x00, 0x00, 0x38, 0x23, 0xD4, 0x5E, 0x00, 0x2C, 0x06, 0xD1
	.byte 0x30, 0x1C, 0xFE, 0xF7, 0x77, 0xFF, 0x31, 0x68, 0x90, 0x20, 0x00, 0x01, 0x33, 0xE0, 0x30, 0x1C
	.byte 0xFE, 0xF7, 0x9A, 0xFF, 0x32, 0x68, 0x91, 0x68, 0x10, 0x48, 0x81, 0x42, 0x00, 0xDC, 0x5F, 0xE1
	.byte 0x11, 0x8D, 0x20, 0x20, 0x00, 0x25, 0x08, 0x43, 0x10, 0x85, 0xB0, 0x20, 0x40, 0x00, 0x34, 0x18
	.byte 0x20, 0x68, 0x61, 0x68, 0x04, 0x22, 0x00, 0x23, 0x10, 0x43, 0x20, 0x60, 0x61, 0x60, 0x31, 0x68
	.byte 0x07, 0x20, 0xC8, 0x62, 0xC8, 0x63, 0x30, 0x1C, 0xFE, 0xF7, 0x38, 0xFC, 0x30, 0x1C, 0xFE, 0xF7
	.byte 0x51, 0xFF, 0x31, 0x68, 0x02, 0x48, 0x08, 0x62, 0x4D, 0x62, 0x41, 0xE1, 0xFF, 0x6E, 0x01, 0x00
	.byte 0x00, 0xF7, 0xFF, 0xFF, 0x38, 0x21, 0x54, 0x5E, 0x00, 0x2C, 0x09, 0xD1, 0x30, 0x1C, 0xFE, 0xF7
	.byte 0x41, 0xFF, 0x31, 0x68, 0x01, 0x48, 0x08, 0x62, 0x4C, 0x62, 0x31, 0xE1, 0x00, 0xF7, 0xFF, 0xFF
	.byte 0x30, 0x1C, 0xFE, 0xF7, 0x61, 0xFF, 0x30, 0x68, 0x81, 0x68, 0x0A, 0x48, 0x81, 0x42, 0x00, 0xDD
	.byte 0x26, 0xE1, 0x96, 0x22, 0x52, 0x00, 0xB0, 0x18, 0x61, 0xF7, 0x02, 0xFA, 0x33, 0x68, 0x19, 0x8D
	.byte 0x05, 0x48, 0x08, 0x40, 0x00, 0x22, 0x18, 0x85, 0x31, 0x68, 0xCA, 0x62, 0x10, 0x20, 0xC8, 0x63
	.byte 0x97, 0xE0, 0x00, 0x00, 0x00, 0x5D, 0x01, 0x00, 0xBF, 0xFF, 0x00, 0x00, 0x38, 0x23, 0xD0, 0x5E
	.byte 0x00, 0x28, 0x00, 0xD1, 0x90, 0xE0, 0x11, 0x8D, 0x02, 0x20, 0x08, 0x40, 0x00, 0x28, 0x00, 0xD1
	.byte 0x06, 0xE1, 0x0A, 0x48, 0x08, 0x40, 0x00, 0x24, 0x10, 0x85, 0x96, 0x21, 0x49, 0x00, 0x70, 0x18
	.byte 0x61, 0xF7, 0xDE, 0xF9, 0x30, 0x68, 0xC4, 0x62, 0x30, 0x1C, 0xFE, 0xF7, 0xE7, 0xFB, 0x31, 0x68
	.byte 0x04, 0x22, 0x88, 0x5E, 0x00, 0x02, 0xC8, 0x61, 0xF2, 0xE0, 0x00, 0x00, 0xFD, 0xFF, 0x00, 0x00
	.byte 0x38, 0x23, 0xD0, 0x5E, 0x00, 0x28, 0x6F, 0xD0, 0x91, 0x8E, 0x34, 0x23, 0xD0, 0x5E, 0x03, 0x28
	.byte 0x01, 0xDC, 0x01, 0x1C, 0x08, 0xE0, 0x08, 0x1C, 0x42, 0x38, 0x00, 0x04, 0x00, 0x0C, 0x08, 0x28
	.byte 0x06, 0xD8, 0x3E, 0x39, 0x09, 0x04, 0x09, 0x14, 0x30, 0x1C, 0xFE, 0xF7, 0x15, 0xFE, 0x46, 0xE0
	.byte 0x08, 0x1C, 0x62, 0x38, 0x00, 0x04, 0x00, 0x0C, 0x02, 0x28, 0x40, 0xD8, 0x55, 0x39, 0x09, 0x04
	.byte 0x09, 0x14, 0x30, 0x1C, 0xFE, 0xF7, 0x08, 0xFE, 0x39, 0xE0, 0x38, 0x23, 0xD0, 0x5E, 0x00, 0x28
	.byte 0x4A, 0xD0, 0x91, 0x8E, 0x34, 0x23, 0xD0, 0x5E, 0x03, 0x28, 0x01, 0xDC, 0x01, 0x1C, 0xE3, 0xE7
	.byte 0x08, 0x1C, 0x60, 0x38, 0x00, 0x04, 0x00, 0x0C, 0x08, 0x28, 0x01, 0xD8, 0x5C, 0x39, 0xD9, 0xE7
	.byte 0x08, 0x1C, 0x80, 0x38, 0x00, 0x04, 0x00, 0x0C, 0x02, 0x28, 0x20, 0xD8, 0x73, 0x39, 0x09, 0x04
	.byte 0x09, 0x14, 0x30, 0x1C, 0xFE, 0xF7, 0xE8, 0xFD, 0x19, 0xE0, 0x38, 0x23, 0xD0, 0x5E, 0x00, 0x28
	.byte 0x2A, 0xD0, 0x91, 0x8E, 0x34, 0x23, 0xD0, 0x5E, 0x02, 0x28, 0x04, 0xDC, 0x01, 0x1C, 0x30, 0x1C
	.byte 0xFF, 0xF7, 0xF4, 0xF9, 0x0B, 0xE0, 0x08, 0x1C, 0x29, 0x38, 0x00, 0x04, 0x00, 0x0C, 0x05, 0x28
	.byte 0x05, 0xD8, 0x26, 0x39, 0x09, 0x04, 0x09, 0x14, 0x30, 0x1C, 0xFF, 0xF7, 0xE7, 0xF9, 0x32, 0x68
	.byte 0x11, 0x8D, 0x02, 0x20, 0x08, 0x40, 0x00, 0x28, 0x00, 0xD1, 0x89, 0xE0, 0x08, 0x48, 0x08, 0x40
	.byte 0x00, 0x24, 0x10, 0x85, 0x96, 0x21, 0x49, 0x00, 0x70, 0x18, 0x61, 0xF7, 0x61, 0xF9, 0x30, 0x68
	.byte 0xC4, 0x62, 0x30, 0x1C, 0xFE, 0xF7, 0x6A, 0xFB, 0x30, 0x1C, 0xFE, 0xF7, 0x59, 0xFC, 0x77, 0xE0
	.byte 0xFD, 0xFF, 0x00, 0x00, 0x30, 0x1C, 0xFE, 0xF7, 0xCF, 0xFE, 0x71, 0xE0, 0x38, 0x23, 0xD0, 0x5E
	.byte 0x00, 0x28, 0x0C, 0xD1, 0x30, 0x1C, 0xFE, 0xF7, 0x0B, 0xFD, 0x30, 0x68, 0x01, 0x8D, 0x40, 0x20
	.byte 0x08, 0x40, 0x00, 0x28, 0x64, 0xD0, 0x09, 0x20, 0xC9, 0xF7, 0x3E, 0xFE, 0x60, 0xE0, 0x3B, 0x28
	.byte 0x29, 0xDD, 0x30, 0x1C, 0xFE, 0xF7, 0x4A, 0xFB, 0x32, 0x68, 0x11, 0x8D, 0x0B, 0x48, 0x08, 0x40
	.byte 0x10, 0x85, 0x30, 0x68, 0x01, 0x8D, 0x40, 0x20, 0x08, 0x40, 0x00, 0x04, 0x04, 0x0C, 0x00, 0x2C
	.byte 0x0E, 0xD0, 0x96, 0x21, 0x49, 0x00, 0x70, 0x18, 0x61, 0xF7, 0x2A, 0xF9, 0x30, 0x1C, 0xFE, 0xF7
	.byte 0xE7, 0xFC, 0x31, 0x68, 0x08, 0x20, 0xC8, 0x62, 0x42, 0xE0, 0x00, 0x00, 0x7F, 0xFF, 0x00, 0x00
	.byte 0x96, 0x22, 0x52, 0x00, 0xB0, 0x18, 0x61, 0xF7, 0x1B, 0xF9, 0x30, 0x1C, 0xFE, 0xF7, 0x18, 0xFC
	.byte 0x30, 0x68, 0xC4, 0x62, 0x34, 0xE0, 0x11, 0x8D, 0x80, 0x24, 0x80, 0x20, 0x08, 0x40, 0x00, 0x28
	.byte 0x2E, 0xD1, 0x10, 0x1C, 0x3A, 0x30, 0x00, 0x78, 0x00, 0x06, 0x00, 0x16, 0x00, 0x28, 0x27, 0xD1
	.byte 0x01, 0x20, 0x08, 0x40, 0x00, 0x28, 0x23, 0xD0, 0x4C, 0xF7, 0x50, 0xFC, 0x00, 0x04, 0x00, 0x0C
	.byte 0x64, 0x21, 0x63, 0xF0, 0x5F, 0xFD, 0x00, 0x04, 0x00, 0x0C, 0x1E, 0x28, 0x06, 0xD8, 0x30, 0x68
	.byte 0x81, 0x68, 0xC2, 0x68, 0x03, 0x69, 0x00, 0x20, 0x62, 0xF7, 0x6A, 0xFA, 0x31, 0x68, 0x08, 0x8D
	.byte 0x20, 0x43, 0x08, 0x85, 0x0C, 0xE0, 0x96, 0x23, 0x5B, 0x00, 0xF0, 0x18, 0x61, 0xF7, 0xCE, 0xFF
	.byte 0x06, 0xE0, 0x34, 0x21, 0x50, 0x5E, 0x00, 0x28, 0x02, 0xD1, 0x30, 0x1C, 0xFE, 0xF7, 0x06, 0xFC
_080B9D48:
	movs r0, #0x01
	pop {r4, r5, r6}
	pop {r1}
	bx r1
	thumb_func_start task_bos_tm_body_2
task_bos_tm_body_2: @ 080B9D50
	push {r4, r5, r6, r7, lr}
	mov r7, r10
	mov r6, r9
	mov r5, r8
	push {r5, r6, r7}
	add sp, #-0x024
	adds r7, r0, #0x0
	ldr r0, [r7, #0x00]
	ldrh r1, [r0, #0x28]
	movs r0, #0x20
	ands r0, r1
	cmp r0, #0x00
	beq _080B9D9E
	movs r1, #0x94
	lsls r1, r1, #0x01
	adds r0, r7, r1
	ldrb r0, [r0, #0x00]
	movs r4, #0x80
	lsls r4, r4, #0x01
	adds r1, r4, #0x0
	adds r2, r4, #0x0
	movs r3, #0x01
	bl func_08002CB4
	str r0, [sp, #0x018]
	movs r2, #0x91
	lsls r2, r2, #0x02
	adds r0, r7, r2
	ldrb r0, [r0, #0x00]
	adds r1, r4, #0x0
	adds r2, r4, #0x0
	movs r3, #0x01
	bl func_08002CB4
	str r0, [sp, #0x01C]
	movs r3, #0x80
	lsls r3, r3, #0x04
	str r3, [sp, #0x020]
	b _080B9DD0
_080B9D9E:
	movs r4, #0x94
	lsls r4, r4, #0x01
	adds r0, r7, r4
	ldrb r0, [r0, #0x00]
	ldr r4, _080B9DE4 @ =0xFFFFFF00
	movs r5, #0x80
	lsls r5, r5, #0x01
	adds r1, r4, #0x0
	adds r2, r5, #0x0
	movs r3, #0x01
	bl func_08002CB4
	str r0, [sp, #0x018]
	movs r6, #0x91
	lsls r6, r6, #0x02
	adds r0, r7, r6
	ldrb r0, [r0, #0x00]
	adds r1, r4, #0x0
	adds r2, r5, #0x0
	movs r3, #0x01
	bl func_08002CB4
	str r0, [sp, #0x01C]
	ldr r0, _080B9DE8 @ =0x00000801
	str r0, [sp, #0x020]
_080B9DD0:
	ldr r0, _080B9DEC @ =0x02039B84
	ldr r0, [r0, #0x00]
	adds r0, #0x70
	ldrb r0, [r0, #0x00]
	cmp r0, #0x00
	beq _080B9DF0
	ldr r1, [r7, #0x08]
	mov r10, r1
	b _080B9E1E
	.byte 0x00, 0x00
_080B9DE4: .4byte 0xFFFFFF00
_080B9DE8: .4byte 0x00000801
_080B9DEC: .4byte 0x02039B84
_080B9DF0:
	ldr r0, [r7, #0x00]
	ldrh r1, [r0, #0x28]
	movs r2, #0x01
	adds r0, r2, #0x0
	ands r0, r1
	cmp r0, #0x00
	beq _080B9E1A
	ldr r0, _080B9E10 @ =0x03007480
	ldr r0, [r0, #0x00]
	ands r0, r2
	cmp r0, #0x00
	beq _080B9E14
	ldr r2, [r7, #0x0C]
	mov r10, r2
	b _080B9E1E
	.byte 0x00, 0x00
_080B9E10: .4byte 0x03007480
_080B9E14:
	ldr r3, [r7, #0x08]
	mov r10, r3
	b _080B9E1E
_080B9E1A:
	ldr r4, [r7, #0x08]
	mov r10, r4
_080B9E1E:
	adds r4, r7, #0x0
	adds r4, #0x10
	movs r5, #0x96
	lsls r5, r5, #0x01
	adds r5, r5, r7
	mov r8, r5
	movs r6, #0x92
	lsls r6, r6, #0x02
	adds r6, r6, r7
	mov r9, r6
	movs r0, #0xD9
	lsls r0, r0, #0x02
	adds r0, r7, r0
	str r0, [sp, #0x014]
	mov r6, sp
	adds r6, #0x12
	ldr r2, [r4, #0x04]
	ldr r3, [r4, #0x08]
	ldr r0, [r4, #0x0C]
	str r0, [sp, #0x000]
	add r0, sp, #0x010
	adds r1, r6, #0x0
	bl func_0801909C
	add r0, sp, #0x010
	movs r1, #0x00
	ldsh r0, [r0, r1]
	movs r2, #0x00
	ldsh r1, [r6, r2]
	movs r3, #0x92
	lsls r3, r3, #0x01
	adds r2, r7, r3
	ldr r2, [r2, #0x00]
	ldr r3, [r7, #0x04]
	mov r5, r10
	str r5, [sp, #0x000]
	ldr r5, [sp, #0x018]
	str r5, [sp, #0x004]
	movs r5, #0x80
	lsls r5, r5, #0x04
	str r5, [sp, #0x008]
	ldr r5, [r4, #0x08]
	asrs r5, r5, #0x08
	lsls r5, r5, #0x02
	mov r12, r5
	ldr r5, _080B9F84 @ =0xFFFFEFFB
	adds r4, r5, #0x0
	mov r5, r12
	subs r4, r4, r5
	lsls r4, r4, #0x10
	lsrs r4, r4, #0x10
	str r4, [sp, #0x00C]
	bl func_080023E0
	mov r0, r8
	ldr r2, [r0, #0x04]
	ldr r3, [r0, #0x08]
	ldr r0, [r0, #0x0C]
	ldr r1, _080B9F88 @ =0xFFFFE700
	adds r0, r0, r1
	str r0, [sp, #0x000]
	add r0, sp, #0x010
	adds r1, r6, #0x0
	bl func_0801909C
	add r0, sp, #0x010
	movs r2, #0x00
	ldsh r0, [r0, r2]
	movs r3, #0x00
	ldsh r1, [r6, r3]
	movs r4, #0x90
	lsls r4, r4, #0x02
	adds r2, r7, r4
	ldr r2, [r2, #0x00]
	ldr r3, [r7, #0x04]
	mov r5, r10
	str r5, [sp, #0x000]
	ldr r4, [sp, #0x01C]
	str r4, [sp, #0x004]
	movs r5, #0x80
	lsls r5, r5, #0x04
	str r5, [sp, #0x008]
	mov r5, r8
	ldr r4, [r5, #0x08]
	asrs r4, r4, #0x08
	lsls r4, r4, #0x02
	mov r8, r4
	ldr r4, _080B9F8C @ =0xFFFFEFFC
	adds r5, r4, #0x0
	mov r4, r8
	subs r4, r5, r4
	lsls r4, r4, #0x10
	lsrs r4, r4, #0x10
	str r4, [sp, #0x00C]
	bl func_080023E0
	mov r0, r9
	ldr r2, [r0, #0x04]
	ldr r3, [r0, #0x08]
	ldr r0, [r0, #0x0C]
	str r0, [sp, #0x000]
	add r0, sp, #0x010
	adds r1, r6, #0x0
	bl func_0801909C
	add r0, sp, #0x010
	movs r1, #0x00
	ldsh r0, [r0, r1]
	movs r2, #0x00
	ldsh r1, [r6, r2]
	movs r3, #0xD7
	lsls r3, r3, #0x02
	adds r2, r7, r3
	ldr r2, [r2, #0x00]
	ldr r4, [r7, #0x04]
	mov r12, r4
	mov r3, r10
	str r3, [sp, #0x000]
	movs r4, #0x00
	mov r8, r4
	str r4, [sp, #0x004]
	ldr r3, [sp, #0x020]
	str r3, [sp, #0x008]
	mov r4, r9
	ldr r4, [r4, #0x08]
	mov r9, r4
	mov r3, r9
	asrs r3, r3, #0x08
	lsls r4, r3, #0x02
	subs r4, r5, r4
	lsls r4, r4, #0x10
	lsrs r4, r4, #0x10
	str r4, [sp, #0x00C]
	mov r3, r12
	bl func_080023E0
	ldr r4, [sp, #0x014]
	ldr r2, [r4, #0x04]
	ldr r3, [r4, #0x08]
	ldr r0, [r4, #0x0C]
	str r0, [sp, #0x000]
	add r0, sp, #0x010
	adds r1, r6, #0x0
	bl func_0801909C
	add r0, sp, #0x010
	movs r1, #0x00
	ldsh r0, [r0, r1]
	movs r2, #0x00
	ldsh r1, [r6, r2]
	movs r3, #0x8F
	lsls r3, r3, #0x03
	adds r2, r7, r3
	ldr r2, [r2, #0x00]
	ldr r3, [r7, #0x04]
	mov r4, r10
	str r4, [sp, #0x000]
	mov r6, r8
	str r6, [sp, #0x004]
	ldr r4, [sp, #0x020]
	str r4, [sp, #0x008]
	ldr r6, [sp, #0x014]
	ldr r4, [r6, #0x08]
	asrs r4, r4, #0x08
	lsls r4, r4, #0x02
	subs r5, r5, r4
	lsls r5, r5, #0x10
	lsrs r5, r5, #0x10
	str r5, [sp, #0x00C]
	bl func_080023E0
	add sp, #0x024
	pop {r3, r4, r5}
	mov r8, r3
	mov r9, r4
	mov r10, r5
	pop {r4, r5, r6, r7}
	pop {r0}
	bx r0
_080B9F84: .4byte 0xFFFFEFFB
_080B9F88: .4byte 0xFFFFE700
_080B9F8C: .4byte 0xFFFFEFFC
	thumb_func_start task_bos_tm_body_3
task_bos_tm_body_3: @ 080B9F90
	push {r4, lr}
	adds r4, r0, #0x0
	ldr r0, [r4, #0x00]
	ldrh r1, [r0, #0x28]
	movs r0, #0x08
	ands r0, r1
	cmp r0, #0x00
	bne _080B9FAA
	movs r1, #0x96
	lsls r1, r1, #0x01
	adds r0, r4, r1
	bl func_080B83B8
_080B9FAA:
	ldr r0, [r4, #0x04]
	bl func_080028C0
	ldr r0, [r4, #0x08]
	bl func_08002C10
	ldr r0, [r4, #0x0C]
	bl func_08002C10
	pop {r4}
	pop {r0}
	bx r0
	.byte 0x00, 0x00, 0x00, 0xB5, 0xAC, 0x21, 0x49, 0x00, 0x42, 0x18, 0xAD, 0x23, 0x5B, 0x00, 0xC0, 0x18
	.byte 0x00, 0x21, 0x40, 0x5E, 0xC1, 0x0F, 0x40, 0x18, 0x00, 0x23, 0xD1, 0x5E, 0x40, 0x10, 0x81, 0x42
	.byte 0x2D, 0xDA, 0x4C, 0xF7, 0xDE, 0xFA, 0x00, 0x04, 0x00, 0x0C, 0x64, 0x21, 0x63, 0xF0, 0xED, 0xFB
	.byte 0x00, 0x04, 0x00, 0x0C, 0x09, 0x28, 0x03, 0xD8, 0x01, 0x20, 0xC9, 0xF7, 0x80, 0xFC, 0x42, 0xE0
	.byte 0x4C, 0xF7, 0xCF, 0xFA, 0x00, 0x04, 0x00, 0x0C, 0x5A, 0x21, 0x63, 0xF0, 0xDE, 0xFB, 0x00, 0x04
	.byte 0x00, 0x0C, 0x13, 0x28, 0x09, 0xD8, 0x4C, 0xF7, 0xC4, 0xFA, 0x00, 0x04, 0x00, 0x0C, 0x01, 0x21
	.byte 0x08, 0x40, 0x07, 0x30, 0xC9, 0xF7, 0x6B, 0xFC, 0x2D, 0xE0, 0x4C, 0xF7, 0xBA, 0xFA, 0x00, 0x04
	.byte 0x00, 0x0C, 0x03, 0x21, 0x08, 0x40, 0x03, 0x30, 0xC9, 0xF7, 0x61, 0xFC, 0x23, 0xE0, 0x4C, 0xF7
	.byte 0xB0, 0xFA, 0x00, 0x04, 0x00, 0x0C, 0x64, 0x21, 0x63, 0xF0, 0xBF, 0xFB, 0x00, 0x04, 0x00, 0x0C
	.byte 0x1D, 0x28, 0x0C, 0xD8, 0x4C, 0xF7, 0xA5, 0xFA, 0x00, 0x04, 0x00, 0x0C, 0x03, 0x21, 0x63, 0xF0
	.byte 0xB4, 0xFB, 0x06, 0x30, 0x00, 0x06, 0x00, 0x0E, 0xC9, 0xF7, 0x49, 0xFC, 0x0B, 0xE0, 0x4C, 0xF7
	.byte 0x98, 0xFA, 0x00, 0x04, 0x00, 0x0C, 0x06, 0x21, 0x63, 0xF0, 0xA7, 0xFB, 0x01, 0x30, 0x00, 0x06
	.byte 0x00, 0x0E, 0xC9, 0xF7, 0x3C, 0xFC, 0x01, 0xBC, 0x00, 0x47
	thumb_func_start func_080BA08C
func_080BA08C: @ 080BA08C
	push {r4, r5, r6, r7, lr}
	adds r6, r0, #0x0
	ldr r0, [sp, #0x014]
	ldr r4, [sp, #0x018]
	ldr r5, [sp, #0x020]
	lsls r0, r0, #0x10
	lsrs r0, r0, #0x10
	lsls r4, r4, #0x10
	lsrs r7, r4, #0x10
	lsls r1, r1, #0x10
	asrs r1, r1, #0x08
	str r1, [r6, #0x04]
	lsls r2, r2, #0x10
	asrs r2, r2, #0x08
	str r2, [r6, #0x08]
	lsls r3, r3, #0x10
	asrs r3, r3, #0x08
	str r3, [r6, #0x0C]
	lsls r5, r5, #0x10
	ldr r1, _080BA0E0 @ =0xFFFA0000
	adds r5, r5, r1
	lsrs r5, r5, #0x10
	cmp r5, #0x01
	bhi _080BA0D8
	adds r4, r6, #0x0
	adds r4, #0x40
	adds r2, r0, #0x0
	adds r3, r7, #0x0
	adds r0, r4, #0x0
	movs r1, #0x08
	bl func_080122AC
	ldr r1, [r6, #0x04]
	ldr r2, [r6, #0x08]
	ldr r3, [r6, #0x0C]
	adds r0, r4, #0x0
	bl func_08012324
_080BA0D8:
	pop {r4, r5, r6, r7}
	pop {r0}
	bx r0
	.byte 0x00, 0x00
_080BA0E0: .4byte 0xFFFA0000
	thumb_func_start func_080BA0E4
func_080BA0E4: @ 080BA0E4
	lsls r1, r1, #0x10
	asrs r1, r1, #0x08
	str r1, [r0, #0x04]
	lsls r2, r2, #0x10
	asrs r2, r2, #0x08
	str r2, [r0, #0x08]
	lsls r3, r3, #0x10
	asrs r3, r3, #0x08
	str r3, [r0, #0x0C]
	bx lr
	thumb_func_start func_080BA0F8
func_080BA0F8: @ 080BA0F8
	push {lr}
	adds r0, #0x40
	bl func_08012304
	pop {r0}
	bx r0
	thumb_func_start func_080BA104
func_080BA104: @ 080BA104
	push {r4, lr}
	adds r4, r0, #0x0
	adds r4, #0x40
	ldr r1, [r0, #0x04]
	ldr r2, [r0, #0x08]
	ldr r3, [r0, #0x0C]
	adds r0, r4, #0x0
	bl func_08012324
	pop {r4}
	pop {r0}
	bx r0
	.byte 0x30, 0xB5, 0x05, 0x1C, 0x00, 0x20, 0xA8, 0x70, 0x28, 0x80, 0xE8, 0x68, 0x2A, 0x4C, 0x21, 0x1C
	.byte 0x48, 0xF7, 0x70, 0xFC, 0x28, 0x69, 0x21, 0x1C, 0x48, 0xF7, 0x6C, 0xFC, 0x96, 0x20, 0x40, 0x00
	.byte 0x2A, 0x18, 0x26, 0x48, 0x81, 0x68, 0x11, 0x60, 0x91, 0x22, 0x92, 0x00, 0xA8, 0x18, 0x01, 0x60
	.byte 0x23, 0x4C, 0x2B, 0x19, 0x1A, 0x68, 0x11, 0x8D, 0x20, 0x20, 0x08, 0x40, 0x00, 0x28, 0x45, 0xD0
	.byte 0x90, 0x68, 0x80, 0x21, 0x49, 0x00, 0x40, 0x18, 0x28, 0x62, 0x9C, 0x22, 0x52, 0x00, 0xA9, 0x18
	.byte 0x18, 0x68, 0x80, 0x68, 0x1B, 0x4C, 0x00, 0x19, 0x08, 0x60, 0x94, 0x20, 0x80, 0x00, 0x29, 0x18
	.byte 0x18, 0x68, 0x80, 0x68, 0xC0, 0x22, 0xD2, 0x00, 0x80, 0x18, 0x08, 0x60, 0xDA, 0x24, 0xA4, 0x00
	.byte 0x29, 0x19, 0x18, 0x68, 0x80, 0x68, 0x14, 0x4A, 0x80, 0x18, 0x08, 0x60, 0x18, 0x68, 0xC0, 0x68
	.byte 0x80, 0x24, 0xA4, 0x00, 0x00, 0x19, 0x68, 0x62, 0x9E, 0x20, 0x40, 0x00, 0x29, 0x18, 0x18, 0x68
	.byte 0xC0, 0x68, 0x80, 0x18, 0x08, 0x60, 0x95, 0x22, 0x92, 0x00, 0xA9, 0x18, 0x18, 0x68, 0xC0, 0x68
	.byte 0xA0, 0x24, 0xE4, 0x00, 0x00, 0x19, 0x08, 0x60, 0xDB, 0x20, 0x80, 0x00, 0x29, 0x18, 0x18, 0x68
	.byte 0xC0, 0x68, 0x05, 0x4A, 0x41, 0xE0, 0x00, 0x00, 0x04, 0x4C, 0x65, 0x09, 0xDC, 0x39, 0xEF, 0x09
	.byte 0x7C, 0x04, 0x00, 0x00, 0x00, 0xFA, 0xFF, 0xFF, 0x00, 0xFE, 0xFF, 0xFF, 0x90, 0x68, 0xC0, 0x24
	.byte 0xE4, 0x00, 0x00, 0x19, 0x28, 0x62, 0x9C, 0x20, 0x40, 0x00, 0x29, 0x18, 0x18, 0x68, 0x80, 0x68
	.byte 0x27, 0x4A, 0x80, 0x18, 0x08, 0x60, 0x94, 0x24, 0xA4, 0x00, 0x29, 0x19, 0x18, 0x68, 0x80, 0x68
	.byte 0x80, 0x22, 0x92, 0x00, 0x80, 0x18, 0x08, 0x60, 0xDA, 0x20, 0x80, 0x00, 0x29, 0x18, 0x18, 0x68
	.byte 0x80, 0x68, 0x20, 0x4C, 0x00, 0x19, 0x08, 0x60, 0x18, 0x68, 0xC0, 0x68, 0x1E, 0x49, 0x40, 0x18
	.byte 0x68, 0x62, 0x9E, 0x24, 0x64, 0x00, 0x29, 0x19, 0x18, 0x68, 0xC0, 0x68, 0x80, 0x18, 0x08, 0x60
	.byte 0x95, 0x20, 0x80, 0x00, 0x29, 0x18, 0x18, 0x68, 0xC0, 0x68, 0x18, 0x4C, 0x00, 0x19, 0x08, 0x60
	.byte 0xDB, 0x20, 0x80, 0x00, 0x29, 0x18, 0x18, 0x68, 0xC0, 0x68, 0x80, 0x18, 0x08, 0x60, 0x18, 0x68
	.byte 0x00, 0x69, 0x13, 0x49, 0x40, 0x18, 0xA8, 0x62, 0xA0, 0x24, 0x64, 0x00, 0x2A, 0x19, 0x18, 0x68
	.byte 0x00, 0x69, 0x40, 0x18, 0x10, 0x60, 0x96, 0x20, 0x80, 0x00, 0x29, 0x18, 0x18, 0x68, 0x00, 0x69
	.byte 0xA0, 0x22, 0x92, 0x01, 0x80, 0x18, 0x08, 0x60, 0xDC, 0x24, 0xA4, 0x00, 0x29, 0x19, 0x18, 0x68
	.byte 0x00, 0x69, 0xAC, 0x22, 0x92, 0x01, 0x80, 0x18, 0x08, 0x60, 0x30, 0xBC, 0x01, 0xBC, 0x00, 0x47
	.byte 0x00, 0xFF, 0xFF, 0xFF, 0x00, 0xFA, 0xFF, 0xFF, 0x00, 0xFE, 0xFF, 0xFF, 0x00, 0xFB, 0xFF, 0xFF
	.byte 0x00, 0xFC, 0xFF, 0xFF
	thumb_func_start func_080BA2B0
func_080BA2B0: @ 080BA2B0
	push {r4, r5, lr}
	adds r5, r0, #0x0
	ldr r0, [r5, #0x0C]
	ldr r4, _080BA360 @ =0x09654C04
	adds r1, r4, #0x0
	bl func_08002A10
	ldr r0, [r5, #0x10]
	adds r1, r4, #0x0
	bl func_08002A10
	movs r0, #0x96
	lsls r0, r0, #0x01
	adds r2, r5, r0
	ldr r0, _080BA364 @ =0x09EF39DC
	ldr r1, [r0, #0x00]
	str r1, [r2, #0x00]
	movs r2, #0x91
	lsls r2, r2, #0x02
	adds r0, r5, r2
	str r1, [r0, #0x00]
	ldr r4, _080BA368 @ =0x0000047C
	adds r3, r5, r4
	ldr r2, [r3, #0x00]
	ldrh r1, [r2, #0x28]
	movs r0, #0x20
	ands r0, r1
	cmp r0, #0x00
	beq _080BA374
	ldr r0, [r2, #0x08]
	movs r1, #0x80
	lsls r1, r1, #0x01
	adds r0, r0, r1
	str r0, [r5, #0x20]
	movs r2, #0x9C
	lsls r2, r2, #0x01
	adds r1, r5, r2
	ldr r0, [r3, #0x00]
	ldr r0, [r0, #0x08]
	ldr r4, _080BA36C @ =0xFFFFFA00
	adds r0, r0, r4
	str r0, [r1, #0x00]
	movs r0, #0x94
	lsls r0, r0, #0x02
	adds r1, r5, r0
	ldr r0, [r3, #0x00]
	ldr r0, [r0, #0x08]
	movs r2, #0xC0
	lsls r2, r2, #0x03
	adds r0, r0, r2
	str r0, [r1, #0x00]
	movs r4, #0xDA
	lsls r4, r4, #0x02
	adds r1, r5, r4
	ldr r0, [r3, #0x00]
	ldr r0, [r0, #0x08]
	ldr r2, _080BA370 @ =0xFFFFFE00
	adds r0, r0, r2
	str r0, [r1, #0x00]
	ldr r0, [r3, #0x00]
	ldr r0, [r0, #0x18]
	movs r4, #0x80
	lsls r4, r4, #0x02
	adds r0, r0, r4
	str r0, [r5, #0x24]
	movs r0, #0x9E
	lsls r0, r0, #0x01
	adds r1, r5, r0
	ldr r0, [r3, #0x00]
	ldr r0, [r0, #0x18]
	adds r0, r0, r2
	str r0, [r1, #0x00]
	movs r2, #0x95
	lsls r2, r2, #0x02
	adds r1, r5, r2
	ldr r0, [r3, #0x00]
	ldr r0, [r0, #0x18]
	movs r4, #0xA0
	lsls r4, r4, #0x03
	adds r0, r0, r4
	str r0, [r1, #0x00]
	movs r0, #0xDB
	lsls r0, r0, #0x02
	adds r1, r5, r0
	ldr r0, [r3, #0x00]
	ldr r0, [r0, #0x18]
	ldr r2, _080BA370 @ =0xFFFFFE00
	b _080BA3E2
_080BA360: .4byte 0x09654C04
_080BA364: .4byte 0x09EF39DC
_080BA368: .4byte 0x0000047C
_080BA36C: .4byte 0xFFFFFA00
_080BA370: .4byte 0xFFFFFE00
_080BA374:
	ldr r0, [r2, #0x08]
	movs r4, #0xC0
	lsls r4, r4, #0x03
	adds r0, r0, r4
	str r0, [r5, #0x20]
	movs r0, #0x9C
	lsls r0, r0, #0x01
	adds r1, r5, r0
	ldr r0, [r3, #0x00]
	ldr r0, [r0, #0x08]
	ldr r2, _080BA428 @ =0xFFFFFF00
	adds r0, r0, r2
	str r0, [r1, #0x00]
	movs r4, #0x94
	lsls r4, r4, #0x02
	adds r1, r5, r4
	ldr r0, [r3, #0x00]
	ldr r0, [r0, #0x08]
	movs r2, #0x80
	lsls r2, r2, #0x02
	adds r0, r0, r2
	str r0, [r1, #0x00]
	movs r0, #0xDA
	lsls r0, r0, #0x02
	adds r1, r5, r0
	ldr r0, [r3, #0x00]
	ldr r0, [r0, #0x08]
	ldr r4, _080BA42C @ =0xFFFFFA00
	adds r0, r0, r4
	str r0, [r1, #0x00]
	ldr r0, [r3, #0x00]
	ldr r0, [r0, #0x18]
	ldr r1, _080BA430 @ =0xFFFFFE00
	adds r0, r0, r1
	str r0, [r5, #0x24]
	movs r4, #0x9E
	lsls r4, r4, #0x01
	adds r1, r5, r4
	ldr r0, [r3, #0x00]
	ldr r0, [r0, #0x18]
	adds r0, r0, r2
	str r0, [r1, #0x00]
	movs r0, #0x95
	lsls r0, r0, #0x02
	adds r1, r5, r0
	ldr r0, [r3, #0x00]
	ldr r0, [r0, #0x18]
	ldr r4, _080BA434 @ =0xFFFFFB00
	adds r0, r0, r4
	str r0, [r1, #0x00]
	movs r0, #0xDB
	lsls r0, r0, #0x02
	adds r1, r5, r0
	ldr r0, [r3, #0x00]
	ldr r0, [r0, #0x18]
_080BA3E2:
	adds r0, r0, r2
	str r0, [r1, #0x00]
	ldr r0, [r3, #0x00]
	ldr r0, [r0, #0x1C]
	ldr r1, _080BA438 @ =0xFFFFFC00
	adds r0, r0, r1
	str r0, [r5, #0x28]
	movs r4, #0xA0
	lsls r4, r4, #0x01
	adds r2, r5, r4
	ldr r0, [r3, #0x00]
	ldr r0, [r0, #0x1C]
	adds r0, r0, r1
	str r0, [r2, #0x00]
	movs r0, #0x96
	lsls r0, r0, #0x02
	adds r1, r5, r0
	ldr r0, [r3, #0x00]
	ldr r0, [r0, #0x1C]
	movs r2, #0xC8
	lsls r2, r2, #0x05
	adds r0, r0, r2
	str r0, [r1, #0x00]
	movs r4, #0xDC
	lsls r4, r4, #0x02
	adds r1, r5, r4
	ldr r0, [r3, #0x00]
	ldr r0, [r0, #0x1C]
	movs r2, #0xE0
	lsls r2, r2, #0x05
	adds r0, r0, r2
	str r0, [r1, #0x00]
	pop {r4, r5}
	pop {r0}
	bx r0
_080BA428: .4byte 0xFFFFFF00
_080BA42C: .4byte 0xFFFFFA00
_080BA430: .4byte 0xFFFFFE00
_080BA434: .4byte 0xFFFFFB00
_080BA438: .4byte 0xFFFFFC00
	.byte 0x10, 0xB5, 0x84, 0x46, 0x96, 0x22, 0x52, 0x00, 0x62, 0x44, 0x13, 0x4B, 0x13, 0x48, 0x09, 0x04
	.byte 0xC9, 0x12, 0x09, 0x18, 0x06, 0x24, 0x08, 0x5F, 0x80, 0x00, 0xC0, 0x18, 0x00, 0x68, 0x10, 0x60
	.byte 0x91, 0x22, 0x92, 0x00, 0x62, 0x44, 0x0E, 0x24, 0x08, 0x5F, 0x80, 0x00, 0xC0, 0x18, 0x00, 0x68
	.byte 0x10, 0x60, 0x02, 0x20, 0x0A, 0x5E, 0x12, 0x02, 0x63, 0x46, 0x98, 0x6A, 0x80, 0x18, 0x98, 0x62
	.byte 0xA0, 0x22, 0x52, 0x00, 0x62, 0x44, 0x0A, 0x24, 0x09, 0x5F, 0x09, 0x02, 0x10, 0x68, 0x40, 0x18
	.byte 0x10, 0x60, 0x10, 0xBC, 0x01, 0xBC, 0x00, 0x47, 0xDC, 0x39, 0xEF, 0x09, 0x44, 0x22, 0xEF, 0x09
	.byte 0x30, 0xB5, 0x05, 0x1C, 0x00, 0x20, 0xA8, 0x70, 0x28, 0x80, 0xE8, 0x68, 0x2A, 0x4C, 0x21, 0x1C
	.byte 0x48, 0xF7, 0xB0, 0xFA, 0x28, 0x69, 0x21, 0x1C, 0x48, 0xF7, 0xAC, 0xFA, 0x96, 0x20, 0x40, 0x00
	.byte 0x29, 0x18, 0x26, 0x4A, 0x90, 0x69, 0x08, 0x60, 0x91, 0x24, 0xA4, 0x00, 0x29, 0x19, 0x50, 0x68
	.byte 0x08, 0x60, 0x23, 0x48, 0x2B, 0x18, 0x1A, 0x68, 0x11, 0x8D, 0x20, 0x20, 0x08, 0x40, 0x00, 0x28
	.byte 0x44, 0xD0, 0x50, 0x69, 0xA0, 0x22, 0xD2, 0x00, 0x80, 0x18, 0x28, 0x62, 0x9C, 0x24, 0x64, 0x00
	.byte 0x29, 0x19, 0x18, 0x68, 0x40, 0x69, 0x1B, 0x4C, 0x00, 0x19, 0x08, 0x60, 0x94, 0x20, 0x80, 0x00
	.byte 0x29, 0x18, 0x18, 0x68, 0x40, 0x69, 0xC0, 0x24, 0xE4, 0x00, 0x00, 0x19, 0x08, 0x60, 0xDA, 0x20
	.byte 0x80, 0x00, 0x29, 0x18, 0x18, 0x68, 0x40, 0x69, 0x13, 0x4C, 0x00, 0x19, 0x08, 0x60, 0x18, 0x68
	.byte 0x80, 0x69, 0x80, 0x21, 0x89, 0x00, 0x40, 0x18, 0x68, 0x62, 0x9E, 0x24, 0x64, 0x00, 0x29, 0x19
	.byte 0x18, 0x68, 0x80, 0x69, 0x0C, 0x4C, 0x00, 0x19, 0x08, 0x60, 0x95, 0x20, 0x80, 0x00, 0x29, 0x18
	.byte 0x18, 0x68, 0x80, 0x69, 0x80, 0x18, 0x08, 0x60, 0xDB, 0x22, 0x92, 0x00, 0xA9, 0x18, 0x18, 0x68
	.byte 0x80, 0x69, 0x00, 0x19, 0x40, 0xE0, 0x00, 0x00, 0x04, 0x8C, 0x65, 0x09, 0x1C, 0x3A, 0xEF, 0x09
	.byte 0x7C, 0x04, 0x00, 0x00, 0x00, 0xFA, 0xFF, 0xFF, 0x00, 0xFE, 0xFF, 0xFF, 0x50, 0x69, 0x80, 0x22
	.byte 0x92, 0x00, 0x80, 0x18, 0x28, 0x62, 0x9C, 0x24, 0x64, 0x00, 0x29, 0x19, 0x18, 0x68, 0x40, 0x69
	.byte 0x26, 0x4C, 0x00, 0x19, 0x08, 0x60, 0x94, 0x20, 0x80, 0x00, 0x29, 0x18, 0x18, 0x68, 0x40, 0x69
	.byte 0x80, 0x18, 0x08, 0x60, 0xDA, 0x24, 0xA4, 0x00, 0x29, 0x19, 0x18, 0x68, 0x40, 0x69, 0x20, 0x4C
	.byte 0x00, 0x19, 0x08, 0x60, 0x18, 0x68, 0x80, 0x69, 0x1E, 0x49, 0x40, 0x18, 0x68, 0x62, 0x9E, 0x24
	.byte 0x64, 0x00, 0x29, 0x19, 0x18, 0x68, 0x80, 0x69, 0x80, 0x18, 0x08, 0x60, 0x95, 0x20, 0x80, 0x00
	.byte 0x29, 0x18, 0x18, 0x68, 0x80, 0x69, 0x18, 0x4C, 0x00, 0x19, 0x08, 0x60, 0xDB, 0x20, 0x80, 0x00
	.byte 0x29, 0x18, 0x18, 0x68, 0x80, 0x69, 0x80, 0x18, 0x08, 0x60, 0x18, 0x68, 0xC0, 0x69, 0x13, 0x49
	.byte 0x40, 0x18, 0xA8, 0x62, 0xA0, 0x24, 0x64, 0x00, 0x2A, 0x19, 0x18, 0x68, 0xC0, 0x69, 0x40, 0x18
	.byte 0x10, 0x60, 0x96, 0x20, 0x80, 0x00, 0x29, 0x18, 0x18, 0x68, 0xC0, 0x69, 0xF0, 0x22, 0x52, 0x01
	.byte 0x80, 0x18, 0x08, 0x60, 0xDC, 0x24, 0xA4, 0x00, 0x29, 0x19, 0x18, 0x68, 0xC0, 0x69, 0xC8, 0x22
	.byte 0x92, 0x01, 0x80, 0x18, 0x08, 0x60, 0x30, 0xBC, 0x01, 0xBC, 0x00, 0x47, 0x00, 0xFF, 0xFF, 0xFF
	.byte 0x00, 0xFA, 0xFF, 0xFF, 0x00, 0xFE, 0xFF, 0xFF, 0x00, 0xFB, 0xFF, 0xFF, 0x00, 0xFC, 0xFF, 0xFF
	.byte 0xF0, 0xB5, 0x83, 0xB0, 0x04, 0x1C, 0x3E, 0x48, 0x25, 0x18, 0x2B, 0x68, 0x36, 0x21, 0x58, 0x5E
	.byte 0x00, 0x28, 0x00, 0xD0, 0x33, 0xE1, 0x96, 0x22, 0x52, 0x00, 0xA1, 0x18, 0x39, 0x4A, 0x3A, 0x4E
	.byte 0x34, 0x27, 0xD8, 0x5F, 0x40, 0x01, 0x80, 0x19, 0x06, 0x23, 0xC0, 0x5E, 0x80, 0x00, 0x80, 0x18
	.byte 0x00, 0x68, 0x08, 0x60, 0x91, 0x27, 0xBF, 0x00, 0xE1, 0x19, 0x28, 0x68, 0x34, 0x23, 0xC0, 0x5E
	.byte 0x40, 0x01, 0x80, 0x19, 0x0E, 0x27, 0xC0, 0x5F, 0x80, 0x00, 0x80, 0x18, 0x00, 0x68, 0x08, 0x60
	.byte 0x2B, 0x68, 0x19, 0x8D, 0x20, 0x20, 0x08, 0x40, 0x00, 0x28, 0x5B, 0xD0, 0x94, 0x20, 0x80, 0x00
	.byte 0x22, 0x18, 0x34, 0x21, 0x58, 0x5E, 0x40, 0x01, 0x80, 0x19, 0x10, 0x27, 0xC1, 0x5F, 0x06, 0x31
	.byte 0x09, 0x02, 0x58, 0x69, 0x40, 0x18, 0x10, 0x60, 0xDA, 0x20, 0x80, 0x00, 0x23, 0x18, 0x2A, 0x68
	.byte 0x34, 0x21, 0x50, 0x5E, 0x40, 0x01, 0x80, 0x19, 0x18, 0x27, 0xC1, 0x5F, 0x02, 0x39, 0x09, 0x02
	.byte 0x50, 0x69, 0x40, 0x18, 0x18, 0x60, 0x28, 0x68, 0x40, 0x69, 0x80, 0x21, 0x49, 0x00, 0x40, 0x18
	.byte 0x20, 0x62, 0x9C, 0x22, 0x52, 0x00, 0xA1, 0x18, 0x28, 0x68, 0x40, 0x69, 0x17, 0x4B, 0xC0, 0x18
	.byte 0x08, 0x60, 0x95, 0x27, 0xBF, 0x00, 0xE1, 0x19, 0x28, 0x68, 0x80, 0x69, 0xA0, 0x22, 0xD2, 0x00
	.byte 0x80, 0x18, 0x08, 0x60, 0xDB, 0x23, 0x9B, 0x00, 0xE1, 0x18, 0x28, 0x68, 0x80, 0x69, 0x10, 0x4F
	.byte 0xC0, 0x19, 0x08, 0x60, 0x28, 0x68, 0x80, 0x69, 0x80, 0x21, 0x89, 0x00, 0x40, 0x18, 0x60, 0x62
	.byte 0x9E, 0x22, 0x52, 0x00, 0xA1, 0x18, 0x28, 0x68, 0x80, 0x69, 0x3B, 0x1C, 0xC0, 0x18, 0x08, 0x60
	.byte 0x96, 0x27, 0xBF, 0x00, 0xE3, 0x19, 0x2A, 0x68, 0x34, 0x21, 0x50, 0x5E, 0x5B, 0xE0, 0x00, 0x00
	.byte 0x7C, 0x04, 0x00, 0x00, 0x1C, 0x3A, 0xEF, 0x09, 0x64, 0x24, 0xEF, 0x09, 0x00, 0xFA, 0xFF, 0xFF
	.byte 0x00, 0xFE, 0xFF, 0xFF, 0x94, 0x20, 0x80, 0x00, 0x22, 0x18, 0x34, 0x21, 0x58, 0x5E, 0x40, 0x01
	.byte 0x80, 0x19, 0x10, 0x27, 0xC0, 0x5F, 0x02, 0x21, 0x09, 0x1A, 0x09, 0x02, 0x58, 0x69, 0x40, 0x18
	.byte 0x10, 0x60, 0xDA, 0x20, 0x80, 0x00, 0x23, 0x18, 0x2A, 0x68, 0x34, 0x21, 0x50, 0x5E, 0x40, 0x01
	.byte 0x80, 0x19, 0x18, 0x27, 0xC0, 0x5F, 0x06, 0x21, 0x49, 0x42, 0x09, 0x1A, 0x09, 0x02, 0x50, 0x69
	.byte 0x40, 0x18, 0x18, 0x60, 0x28, 0x68, 0x40, 0x69, 0xC0, 0x21, 0xC9, 0x00, 0x40, 0x18, 0x20, 0x62
	.byte 0x9C, 0x22, 0x52, 0x00, 0xA1, 0x18, 0x28, 0x68, 0x40, 0x69, 0x47, 0x4B, 0xC0, 0x18, 0x08, 0x60
	.byte 0x95, 0x27, 0xBF, 0x00, 0xE1, 0x19, 0x28, 0x68, 0x80, 0x69, 0x44, 0x4A, 0x80, 0x18, 0x08, 0x60
	.byte 0xDB, 0x23, 0x9B, 0x00, 0xE1, 0x18, 0x28, 0x68, 0x80, 0x69, 0x80, 0x22, 0x92, 0x00, 0x80, 0x18
	.byte 0x08, 0x60, 0x28, 0x68, 0x80, 0x69, 0x3E, 0x4F, 0xC0, 0x19, 0x60, 0x62, 0x9E, 0x20, 0x40, 0x00
	.byte 0x21, 0x18, 0x28, 0x68, 0x80, 0x69, 0x80, 0x18, 0x08, 0x60, 0x96, 0x21, 0x89, 0x00, 0x63, 0x18
	.byte 0x2A, 0x68, 0x34, 0x27, 0xD0, 0x5F, 0x40, 0x01, 0x80, 0x19, 0x12, 0x27, 0xC1, 0x5F, 0x28, 0x31
	.byte 0x09, 0x02, 0xD0, 0x69, 0x40, 0x18, 0x18, 0x60, 0xDC, 0x20, 0x80, 0x00, 0x23, 0x18, 0x2A, 0x68
	.byte 0x34, 0x21, 0x50, 0x5E, 0x40, 0x01, 0x80, 0x19, 0x1A, 0x26, 0x81, 0x5F, 0x2B, 0x31, 0x09, 0x02
	.byte 0xD0, 0x69, 0x40, 0x18, 0x18, 0x60, 0x28, 0x68, 0xC0, 0x69, 0x2A, 0x49, 0x40, 0x18, 0xA0, 0x62
	.byte 0xA0, 0x27, 0x7F, 0x00, 0xE2, 0x19, 0x28, 0x68, 0xC0, 0x69, 0x40, 0x18, 0x10, 0x60, 0x26, 0x49
	.byte 0x60, 0x18, 0x00, 0x68, 0x34, 0x22, 0x80, 0x5E, 0x02, 0x28, 0x18, 0xD1, 0x94, 0x23, 0x9B, 0x00
	.byte 0xE0, 0x18, 0x01, 0x68, 0x95, 0x26, 0xB6, 0x00, 0xA0, 0x19, 0x02, 0x68, 0x1B, 0x4F, 0xD2, 0x19
	.byte 0x14, 0x23, 0x00, 0x93, 0x10, 0x20, 0x01, 0x90, 0x02, 0x93, 0xEF, 0x20, 0x00, 0x23, 0x57, 0xF7
	.byte 0x8D, 0xFB, 0x01, 0x28, 0x03, 0xD1, 0x92, 0x20, 0x80, 0x00, 0x65, 0xF0, 0x03, 0xFB, 0x16, 0x49
	.byte 0x60, 0x18, 0x00, 0x68, 0x34, 0x22, 0x80, 0x5E, 0x07, 0x28, 0x18, 0xD1, 0xDA, 0x23, 0x9B, 0x00
	.byte 0xE0, 0x18, 0x01, 0x68, 0xDB, 0x26, 0xB6, 0x00, 0xA0, 0x19, 0x02, 0x68, 0x0B, 0x4F, 0xD2, 0x19
	.byte 0x14, 0x23, 0x00, 0x93, 0x10, 0x20, 0x01, 0x90, 0x02, 0x93, 0xEF, 0x20, 0x00, 0x23, 0x57, 0xF7
	.byte 0x6D, 0xFB, 0x01, 0x28, 0x03, 0xD1, 0x92, 0x20, 0x80, 0x00, 0x65, 0xF0, 0xE3, 0xFA, 0x03, 0xB0
	.byte 0xF0, 0xBC, 0x01, 0xBC, 0x00, 0x47, 0x00, 0x00, 0x00, 0xFF, 0xFF, 0xFF, 0x00, 0xFB, 0xFF, 0xFF
	.byte 0x00, 0xFE, 0xFF, 0xFF, 0x00, 0xFC, 0xFF, 0xFF, 0x7C, 0x04, 0x00, 0x00, 0x10, 0xB5, 0x84, 0x46
	.byte 0x96, 0x22, 0x52, 0x00, 0x62, 0x44, 0x13, 0x4B, 0x13, 0x48, 0x09, 0x04, 0xC9, 0x12, 0x09, 0x18
	.byte 0x06, 0x24, 0x08, 0x5F, 0x80, 0x00, 0xC0, 0x18, 0x00, 0x68, 0x10, 0x60, 0x91, 0x22, 0x92, 0x00
	.byte 0x62, 0x44, 0x0E, 0x24, 0x08, 0x5F, 0x80, 0x00, 0xC0, 0x18, 0x00, 0x68, 0x10, 0x60, 0x02, 0x20
	.byte 0x0A, 0x5E, 0x12, 0x02, 0x63, 0x46, 0x98, 0x6A, 0x80, 0x18, 0x98, 0x62, 0xA0, 0x22, 0x52, 0x00
	.byte 0x62, 0x44, 0x0A, 0x24, 0x09, 0x5F, 0x09, 0x02, 0x10, 0x68, 0x40, 0x18, 0x10, 0x60, 0x10, 0xBC
	.byte 0x01, 0xBC, 0x00, 0x47, 0xDC, 0x39, 0xEF, 0x09, 0xA4, 0x25, 0xEF, 0x09
	thumb_func_start task_bos_tm_foot_0
task_bos_tm_foot_0: @ 080BA928
	push {r4, r5, r6, r7, lr}
	mov r7, r9
	mov r6, r8
	push {r6, r7}
	add sp, #-0x010
	adds r7, r0, #0x0
	adds r6, r1, #0x0
	ldr r0, _080BAA90 @ =0x09652E84
	movs r1, #0xEC
	lsls r1, r1, #0x05
	bl func_080026A4
	str r0, [r7, #0x08]
	movs r4, #0x88
	lsls r4, r4, #0x03
	ldr r5, _080BAA94 @ =0x09654C04
	adds r0, r4, #0x0
	adds r1, r5, #0x0
	bl func_080028F8
	str r0, [r7, #0x0C]
	adds r0, r4, #0x0
	adds r1, r5, #0x0
	bl func_080028F8
	str r0, [r7, #0x10]
	ldr r0, _080BAA98 @ =0x096FB2A4
	movs r1, #0x60
	bl func_08002A14
	str r0, [r7, #0x14]
	ldr r0, _080BAA9C @ =0x08F69BC4
	movs r1, #0x20
	bl func_08002A14
	str r0, [r7, #0x18]
	movs r0, #0x96
	lsls r0, r0, #0x01
	adds r2, r7, r0
	ldr r0, _080BAAA0 @ =0x09EF39DC
	ldr r1, [r0, #0x08]
	str r1, [r2, #0x00]
	movs r2, #0x91
	lsls r2, r2, #0x02
	adds r0, r7, r2
	str r1, [r0, #0x00]
	subs r4, #0xE4
	adds r1, r7, r4
	ldr r0, _080BAAA4 @ =0x09EF39BC
	ldr r0, [r0, #0x00]
	str r0, [r1, #0x00]
	ldr r0, _080BAAA8 @ =0x00000474
	adds r1, r7, r0
	ldr r0, _080BAAAC @ =0x09EF39C4
	ldr r0, [r0, #0x00]
	str r0, [r1, #0x00]
	ldr r1, _080BAAB0 @ =0x0000047C
	adds r1, r1, r7
	mov r8, r1
	str r6, [r1, #0x00]
	adds r6, #0x42
	ldr r1, [r7, #0x0C]
	ldr r0, [r7, #0x10]
	ldrh r0, [r0, #0x08]
	ldrh r1, [r1, #0x08]
	adds r0, r0, r1
	ldrh r1, [r6, #0x00]
	adds r1, r1, r0
	movs r2, #0x00
	movs r0, #0x00
	strh r1, [r6, #0x00]
	strb r2, [r7, #0x03]
	strb r2, [r7, #0x04]
	strh r0, [r7, #0x00]
	movs r4, #0x90
	lsls r4, r4, #0x03
	adds r1, r7, r4
	ldr r0, _080BAAB4 @ =0xFFFFFF00
	str r0, [r1, #0x00]
	strb r2, [r7, #0x02]
	movs r6, #0x98
	lsls r6, r6, #0x01
	adds r0, r7, r6
	strb r2, [r0, #0x00]
	movs r1, #0x92
	lsls r1, r1, #0x02
	adds r0, r7, r1
	strb r2, [r0, #0x00]
	movs r4, #0xD8
	lsls r4, r4, #0x02
	adds r0, r7, r4
	strb r2, [r0, #0x00]
	movs r6, #0x8F
	lsls r6, r6, #0x03
	adds r0, r7, r6
	strb r2, [r0, #0x00]
	mov r0, r8
	ldr r3, [r0, #0x00]
	ldrh r1, [r3, #0x28]
	movs r0, #0x08
	ands r0, r1
	lsls r0, r0, #0x10
	lsrs r0, r0, #0x10
	mov r9, r0
	cmp r0, #0x00
	beq _080BAAB8
	adds r0, r7, #0x0
	adds r0, #0x1C
	ldrh r1, [r3, #0x00]
	adds r1, #0x01
	lsls r1, r1, #0x10
	asrs r1, r1, #0x10
	ldrh r2, [r3, #0x02]
	adds r2, #0x02
	lsls r2, r2, #0x10
	asrs r2, r2, #0x10
	ldrh r3, [r3, #0x04]
	subs r3, #0x04
	lsls r3, r3, #0x10
	asrs r3, r3, #0x10
	bl func_080BA0E4
	movs r1, #0x9A
	lsls r1, r1, #0x01
	adds r0, r7, r1
	mov r2, r8
	ldr r3, [r2, #0x00]
	ldrh r1, [r3, #0x00]
	subs r1, #0x06
	lsls r1, r1, #0x10
	asrs r1, r1, #0x10
	ldrh r2, [r3, #0x02]
	subs r2, #0x02
	lsls r2, r2, #0x10
	asrs r2, r2, #0x10
	ldrh r3, [r3, #0x04]
	subs r3, #0x04
	lsls r3, r3, #0x10
	asrs r3, r3, #0x10
	bl func_080BA0E4
	movs r4, #0x93
	lsls r4, r4, #0x02
	adds r0, r7, r4
	mov r6, r8
	ldr r3, [r6, #0x00]
	ldrh r1, [r3, #0x00]
	adds r1, #0x06
	lsls r1, r1, #0x10
	asrs r1, r1, #0x10
	ldrh r2, [r3, #0x02]
	adds r2, #0x05
	lsls r2, r2, #0x10
	asrs r2, r2, #0x10
	ldrh r3, [r3, #0x04]
	adds r3, #0x28
	lsls r3, r3, #0x10
	asrs r3, r3, #0x10
	bl func_080BA0E4
	movs r1, #0xD9
	lsls r1, r1, #0x02
	adds r0, r7, r1
	ldr r3, [r6, #0x00]
	ldrh r1, [r3, #0x00]
	subs r1, #0x02
	lsls r1, r1, #0x10
	asrs r1, r1, #0x10
	ldrh r2, [r3, #0x02]
	subs r2, #0x02
	lsls r2, r2, #0x10
	asrs r2, r2, #0x10
	ldrh r3, [r3, #0x04]
	adds r3, #0x2B
	lsls r3, r3, #0x10
	asrs r3, r3, #0x10
	bl func_080BA0E4
	b _080BAB7E
	.byte 0x00, 0x00
_080BAA90: .4byte 0x09652E84
_080BAA94: .4byte 0x09654C04
_080BAA98: .4byte 0x096FB2A4
_080BAA9C: .4byte 0x08F69BC4
_080BAAA0: .4byte 0x09EF39DC
_080BAAA4: .4byte 0x09EF39BC
_080BAAA8: .4byte 0x00000474
_080BAAAC: .4byte 0x09EF39C4
_080BAAB0: .4byte 0x0000047C
_080BAAB4: .4byte 0xFFFFFF00
_080BAAB8:
	adds r0, r7, #0x0
	adds r0, #0x1C
	ldrh r1, [r3, #0x00]
	adds r1, #0x01
	lsls r1, r1, #0x10
	asrs r1, r1, #0x10
	ldrh r2, [r3, #0x02]
	adds r2, #0x02
	lsls r2, r2, #0x10
	asrs r2, r2, #0x10
	ldrh r3, [r3, #0x04]
	subs r3, #0x04
	lsls r3, r3, #0x10
	asrs r3, r3, #0x10
	movs r4, #0x04
	str r4, [sp, #0x000]
	movs r5, #0x20
	str r5, [sp, #0x004]
	mov r6, r9
	str r6, [sp, #0x008]
	str r4, [sp, #0x00C]
	bl func_080BA08C
	movs r1, #0x9A
	lsls r1, r1, #0x01
	adds r0, r7, r1
	mov r2, r8
	ldr r3, [r2, #0x00]
	ldrh r1, [r3, #0x00]
	subs r1, #0x06
	lsls r1, r1, #0x10
	asrs r1, r1, #0x10
	ldrh r2, [r3, #0x02]
	subs r2, #0x02
	lsls r2, r2, #0x10
	asrs r2, r2, #0x10
	ldrh r3, [r3, #0x04]
	subs r3, #0x04
	lsls r3, r3, #0x10
	asrs r3, r3, #0x10
	str r4, [sp, #0x000]
	str r5, [sp, #0x004]
	str r6, [sp, #0x008]
	movs r4, #0x05
	str r4, [sp, #0x00C]
	bl func_080BA08C
	movs r4, #0x93
	lsls r4, r4, #0x02
	adds r0, r7, r4
	mov r6, r8
	ldr r3, [r6, #0x00]
	ldrh r1, [r3, #0x00]
	adds r1, #0x06
	lsls r1, r1, #0x10
	asrs r1, r1, #0x10
	ldrh r2, [r3, #0x02]
	adds r2, #0x05
	lsls r2, r2, #0x10
	asrs r2, r2, #0x10
	ldrh r3, [r3, #0x04]
	adds r3, #0x28
	lsls r3, r3, #0x10
	asrs r3, r3, #0x10
	movs r6, #0x14
	str r6, [sp, #0x000]
	movs r5, #0x8C
	str r5, [sp, #0x004]
	mov r4, r9
	str r4, [sp, #0x008]
	movs r4, #0x06
	str r4, [sp, #0x00C]
	bl func_080BA08C
	movs r1, #0xD9
	lsls r1, r1, #0x02
	adds r0, r7, r1
	mov r2, r8
	ldr r3, [r2, #0x00]
	ldrh r1, [r3, #0x00]
	subs r1, #0x02
	lsls r1, r1, #0x10
	asrs r1, r1, #0x10
	ldrh r2, [r3, #0x02]
	subs r2, #0x02
	lsls r2, r2, #0x10
	asrs r2, r2, #0x10
	ldrh r3, [r3, #0x04]
	adds r3, #0x2B
	lsls r3, r3, #0x10
	asrs r3, r3, #0x10
	str r6, [sp, #0x000]
	str r5, [sp, #0x004]
	mov r4, r9
	str r4, [sp, #0x008]
	movs r4, #0x07
	str r4, [sp, #0x00C]
	bl func_080BA08C
_080BAB7E:
	add sp, #0x010
	pop {r3, r4}
	mov r8, r3
	mov r9, r4
	pop {r4, r5, r6, r7}
	pop {r0}
	bx r0
	thumb_func_start task_bos_tm_foot_1
task_bos_tm_foot_1: @ 080BAB8C
	push {r4, r5, r6, r7, lr}
	adds r5, r0, #0x0
	movs r1, #0x93
	lsls r1, r1, #0x02
	adds r0, r5, r1
	adds r1, r5, #0x0
	bl func_080BA104
	movs r2, #0xD9
	lsls r2, r2, #0x02
	adds r0, r5, r2
	adds r1, r5, #0x0
	bl func_080BA104
	ldr r3, _080BABC0 @ =0x0000047C
	adds r0, r5, r3
	ldr r0, [r0, #0x00]
	ldr r0, [r0, #0x2C]
	cmp r0, #0x11
	bls _080BABB6
	b _080BAF96
_080BABB6:
	lsls r0, r0, #0x02
	ldr r1, _080BABC4 @ =0x080BABC8
	adds r0, r0, r1
	ldr r0, [r0, #0x00]
	mov pc, r0
_080BABC0: .4byte 0x0000047C
_080BABC4: .4byte 0x080BABC8
	.byte 0x10, 0xAC, 0x0B, 0x08, 0xF4, 0xAC, 0x0B, 0x08, 0x0C, 0xAD, 0x0B, 0x08, 0x0C, 0xAD, 0x0B, 0x08
	.byte 0xD8, 0xAC, 0x0B, 0x08, 0xD8, 0xAC, 0x0B, 0x08, 0xD8, 0xAC, 0x0B, 0x08, 0xD8, 0xAC, 0x0B, 0x08
	.byte 0x96, 0xAF, 0x0B, 0x08, 0xA0, 0xAD, 0x0B, 0x08, 0xF4, 0xAC, 0x0B, 0x08, 0x52, 0xAD, 0x0B, 0x08
	.byte 0xE0, 0xAD, 0x0B, 0x08, 0x82, 0xAF, 0x0B, 0x08, 0x48, 0xAF, 0x0B, 0x08, 0x10, 0xAC, 0x0B, 0x08
	.byte 0x96, 0xAF, 0x0B, 0x08, 0x96, 0xAF, 0x0B, 0x08, 0x2C, 0x4C, 0x2E, 0x19, 0x31, 0x68, 0x38, 0x27
	.byte 0xC8, 0x5F, 0x00, 0x28, 0x00, 0xD1, 0xAC, 0xE1, 0x36, 0x22, 0x88, 0x5E, 0x00, 0x28, 0x00, 0xD0
	.byte 0xB5, 0xE1, 0x27, 0x4A, 0x34, 0x23, 0xC8, 0x5E, 0x80, 0x18, 0x00, 0x78, 0xE8, 0x70, 0x30, 0x68
	.byte 0x34, 0x24, 0x00, 0x5F, 0x04, 0x30, 0x07, 0x21, 0x08, 0x40, 0x80, 0x18, 0x00, 0x78, 0x28, 0x71
	.byte 0x96, 0x27, 0x7F, 0x00, 0xE9, 0x19, 0x1F, 0x4A, 0x03, 0x20, 0x28, 0x56, 0x80, 0x00, 0x80, 0x18
	.byte 0x00, 0x68, 0x08, 0x60, 0x91, 0x20, 0x80, 0x00, 0x29, 0x18, 0x04, 0x20, 0x28, 0x56, 0x80, 0x00
	.byte 0x80, 0x18, 0x00, 0x68, 0x08, 0x60, 0x96, 0x21, 0x89, 0x00, 0x6C, 0x18, 0x32, 0x68, 0x16, 0x4B
	.byte 0x03, 0x20, 0x28, 0x56, 0x40, 0x00, 0xC0, 0x18, 0x00, 0x27, 0xC1, 0x5F, 0x28, 0x31, 0x09, 0x02
	.byte 0xD0, 0x69, 0x40, 0x18, 0x20, 0x60, 0xDC, 0x20, 0x80, 0x00, 0x2C, 0x18, 0x32, 0x68, 0x04, 0x20
	.byte 0x28, 0x56, 0x40, 0x00, 0xC0, 0x18, 0x00, 0x23, 0xC1, 0x5E, 0x2B, 0x31, 0x09, 0x02, 0xD0, 0x69
	.byte 0x40, 0x18, 0x20, 0x60, 0x30, 0x68, 0xC0, 0x69, 0x08, 0x49, 0x40, 0x18, 0xA8, 0x62, 0xA0, 0x24
	.byte 0x64, 0x00, 0x2A, 0x19, 0x30, 0x68, 0xC0, 0x69, 0xCC, 0xE0, 0x00, 0x00, 0x7C, 0x04, 0x00, 0x00
	.byte 0xB0, 0x21, 0xEF, 0x09, 0xDC, 0x39, 0xEF, 0x09, 0xB8, 0x21, 0xEF, 0x09, 0x00, 0xFC, 0xFF, 0xFF
	.byte 0x05, 0x4F, 0xE8, 0x19, 0x00, 0x68, 0x38, 0x21, 0x40, 0x5E, 0x00, 0x28, 0x00, 0xD1, 0x44, 0xE1
	.byte 0x28, 0x1C, 0xFF, 0xF7, 0x9F, 0xFC, 0x52, 0xE1, 0x7C, 0x04, 0x00, 0x00, 0x04, 0x4A, 0xA8, 0x18
	.byte 0x00, 0x68, 0x38, 0x23, 0xC0, 0x5E, 0x00, 0x28, 0x00, 0xD0, 0x48, 0xE1, 0x39, 0xE1, 0x00, 0x00
	.byte 0x7C, 0x04, 0x00, 0x00, 0x07, 0x4C, 0x28, 0x19, 0x02, 0x68, 0x38, 0x27, 0xD0, 0x5F, 0x00, 0x28
	.byte 0x00, 0xD1, 0x2E, 0xE1, 0x91, 0x8E, 0x34, 0x23, 0xD0, 0x5E, 0x03, 0x28, 0x04, 0xDC, 0x01, 0x1C
	.byte 0x36, 0xE0, 0x00, 0x00, 0x7C, 0x04, 0x00, 0x00, 0x08, 0x1C, 0x42, 0x38, 0x00, 0x04, 0x00, 0x0C
	.byte 0x08, 0x28, 0x01, 0xD8, 0x3E, 0x39, 0x29, 0xE0, 0x08, 0x1C, 0x62, 0x38, 0x00, 0x04, 0x00, 0x0C
	.byte 0x02, 0x28, 0x00, 0xD9, 0x23, 0xE1, 0x55, 0x39, 0x20, 0xE0, 0x07, 0x4F, 0xE8, 0x19, 0x02, 0x68
	.byte 0x38, 0x21, 0x50, 0x5E, 0x00, 0x28, 0x00, 0xD1, 0x0B, 0xE1, 0x91, 0x8E, 0x34, 0x23, 0xD0, 0x5E
	.byte 0x03, 0x28, 0x03, 0xDC, 0x01, 0x1C, 0x13, 0xE0, 0x7C, 0x04, 0x00, 0x00, 0x08, 0x1C, 0x60, 0x38
	.byte 0x00, 0x04, 0x00, 0x0C, 0x08, 0x28, 0x01, 0xD8, 0x5C, 0x39, 0x07, 0xE0, 0x08, 0x1C, 0x80, 0x38
	.byte 0x00, 0x04, 0x00, 0x0C, 0x02, 0x28, 0x00, 0xD9, 0x01, 0xE1, 0x73, 0x39, 0x09, 0x04, 0x09, 0x14
	.byte 0x28, 0x1C, 0xFF, 0xF7, 0x4F, 0xFB, 0xFA, 0xE0, 0x07, 0x4F, 0xE8, 0x19, 0x02, 0x68, 0x38, 0x21
	.byte 0x50, 0x5E, 0x00, 0x28, 0x00, 0xD1, 0xE4, 0xE0, 0x91, 0x8E, 0x34, 0x23, 0xD0, 0x5E, 0x02, 0x28
	.byte 0x04, 0xDC, 0x01, 0x1C, 0x0C, 0xE0, 0x00, 0x00, 0x7C, 0x04, 0x00, 0x00, 0x08, 0x1C, 0x29, 0x38
	.byte 0x00, 0x04, 0x00, 0x0C, 0x05, 0x28, 0x00, 0xD9, 0xE1, 0xE0, 0x26, 0x39, 0x09, 0x04, 0x09, 0x14
	.byte 0x28, 0x1C, 0xFF, 0xF7, 0x75, 0xFD, 0xDA, 0xE0, 0x20, 0x4F, 0xEE, 0x19, 0x34, 0x68, 0x30, 0x21
	.byte 0x60, 0x5E, 0x01, 0x28, 0x40, 0xD1, 0x00, 0x20, 0xA8, 0x70, 0x28, 0x80, 0x96, 0x23, 0x5B, 0x00
	.byte 0xEA, 0x18, 0x1B, 0x48, 0x41, 0x68, 0x11, 0x60, 0x91, 0x24, 0xA4, 0x00, 0x28, 0x19, 0x01, 0x60
	.byte 0x32, 0x68, 0x18, 0x4B, 0x34, 0x27, 0xD0, 0x5F, 0x40, 0x01, 0xC0, 0x18, 0x02, 0x24, 0x01, 0x5F
	.byte 0x04, 0x39, 0x09, 0x02, 0x10, 0x69, 0x40, 0x18, 0xA8, 0x62, 0xA0, 0x27, 0x7F, 0x00, 0xEC, 0x19
	.byte 0x32, 0x68, 0x34, 0x21, 0x50, 0x5E, 0x40, 0x01, 0xC0, 0x18, 0x0A, 0x23, 0xC1, 0x5E, 0x04, 0x39
	.byte 0x09, 0x02, 0x10, 0x69, 0x40, 0x18, 0x20, 0x60, 0x96, 0x24, 0xA4, 0x00, 0x2A, 0x19, 0x30, 0x68
	.byte 0x00, 0x69, 0xA0, 0x21, 0x89, 0x01, 0x40, 0x18, 0x10, 0x60, 0xDC, 0x27, 0xBF, 0x00, 0xEA, 0x19
	.byte 0x30, 0x68, 0x00, 0x69, 0x40, 0x18, 0x10, 0x60, 0x99, 0xE0, 0x00, 0x00, 0x7C, 0x04, 0x00, 0x00
	.byte 0xDC, 0x39, 0xEF, 0x09, 0xC4, 0x21, 0xEF, 0x09, 0x34, 0x21, 0x60, 0x5E, 0x02, 0x28, 0x33, 0xDC
	.byte 0x96, 0x22, 0x52, 0x00, 0xA9, 0x18, 0x30, 0x4A, 0x30, 0x4B, 0x40, 0x01, 0xC0, 0x18, 0x06, 0x24
	.byte 0x00, 0x5F, 0x80, 0x00, 0x80, 0x18, 0x00, 0x68, 0x08, 0x60, 0x91, 0x27, 0xBF, 0x00, 0xE9, 0x19
	.byte 0x30, 0x68, 0x34, 0x24, 0x00, 0x5F, 0x40, 0x01, 0xC0, 0x18, 0x0E, 0x27, 0xC0, 0x5F, 0x80, 0x00
	.byte 0x80, 0x18, 0x00, 0x68, 0x08, 0x60, 0x30, 0x68, 0x34, 0x21, 0x40, 0x5E, 0x40, 0x01, 0xC0, 0x18
	.byte 0x02, 0x22, 0x81, 0x5E, 0x09, 0x02, 0xA8, 0x6A, 0x40, 0x18, 0xA8, 0x62, 0xA0, 0x24, 0x64, 0x00
	.byte 0x2A, 0x19, 0x30, 0x68, 0x34, 0x27, 0xC0, 0x5F, 0x40, 0x01, 0xC0, 0x18, 0x0A, 0x23, 0xC1, 0x5E
	.byte 0x09, 0x02, 0x10, 0x68, 0x40, 0x18, 0x10, 0x60, 0x32, 0x68, 0x32, 0x24, 0x10, 0x5F, 0x02, 0x28
	.byte 0x55, 0xDC, 0x96, 0x27, 0x7F, 0x00, 0xE9, 0x19, 0x13, 0x4B, 0x14, 0x48, 0x32, 0x24, 0x12, 0x5F
	.byte 0x52, 0x01, 0x12, 0x18, 0x06, 0x27, 0xD0, 0x5F, 0x01, 0x30, 0x80, 0x00, 0xC0, 0x18, 0x00, 0x68
	.byte 0x08, 0x60, 0x91, 0x20, 0x80, 0x00, 0x29, 0x18, 0x0E, 0x24, 0x10, 0x5F, 0x01, 0x30, 0x80, 0x00
	.byte 0xC0, 0x18, 0x00, 0x68, 0x08, 0x60, 0x02, 0x27, 0xD1, 0x5F, 0x09, 0x02, 0xA8, 0x6A, 0x40, 0x1A
	.byte 0xA8, 0x62, 0xA0, 0x20, 0x40, 0x00, 0x2B, 0x18, 0x0A, 0x24, 0x11, 0x5F, 0x09, 0x02, 0x18, 0x68
	.byte 0x40, 0x1A, 0x18, 0x60, 0x2B, 0xE0, 0x00, 0x00, 0xDC, 0x39, 0xEF, 0x09, 0xC4, 0x21, 0xEF, 0x09
	.byte 0x05, 0x4F, 0xE8, 0x19, 0x00, 0x68, 0x38, 0x22, 0x81, 0x5E, 0x00, 0x29, 0x06, 0xD1, 0x28, 0x1C
	.byte 0xFF, 0xF7, 0xAA, 0xF9, 0x1B, 0xE0, 0x00, 0x00, 0x7C, 0x04, 0x00, 0x00, 0x3B, 0x29, 0x16, 0xDD
	.byte 0x01, 0x8D, 0x40, 0x20, 0x08, 0x40, 0x00, 0x28, 0x03, 0xD0, 0x28, 0x1C, 0xFF, 0xF7, 0x92, 0xFA
	.byte 0x0D, 0xE0, 0x28, 0x1C, 0xFF, 0xF7, 0xCE, 0xF8, 0x09, 0xE0, 0x07, 0x4B, 0xE8, 0x18, 0x00, 0x68
	.byte 0x34, 0x24, 0x00, 0x5F, 0x00, 0x28, 0x02, 0xD1, 0x28, 0x1C, 0xFF, 0xF7, 0x8D, 0xF9
_080BAF96:
	movs r0, #0x01
	pop {r4, r5, r6, r7}
	pop {r1}
	bx r1
	.byte 0x00, 0x00, 0x7C, 0x04, 0x00, 0x00
	thumb_func_start task_bos_tm_foot_2
task_bos_tm_foot_2: @ 080BAFA4
	push {r4, r5, r6, r7, lr}
	mov r7, r10
	mov r6, r9
	mov r5, r8
	push {r5, r6, r7}
	add sp, #-0x01C
	adds r7, r0, #0x0
	ldr r1, _080BAFE0 @ =0x0000047C
	adds r0, r7, r1
	ldr r0, [r0, #0x00]
	ldrh r1, [r0, #0x28]
	movs r0, #0x20
	ands r0, r1
	ldr r2, _080BAFE4 @ =0x00000801
	str r2, [sp, #0x018]
	cmp r0, #0x00
	beq _080BAFCC
	movs r3, #0x80
	lsls r3, r3, #0x04
	str r3, [sp, #0x018]
_080BAFCC:
	ldr r0, _080BAFE8 @ =0x02039B84
	ldr r0, [r0, #0x00]
	adds r0, #0x70
	ldrb r0, [r0, #0x00]
	cmp r0, #0x00
	beq _080BAFEC
	ldr r4, [r7, #0x14]
	mov r10, r4
	b _080BB010
	.byte 0x00, 0x00
_080BAFE0: .4byte 0x0000047C
_080BAFE4: .4byte 0x00000801
_080BAFE8: .4byte 0x02039B84
_080BAFEC:
	movs r2, #0x01
	adds r0, r2, #0x0
	ands r0, r1
	cmp r0, #0x00
	beq _080BB00C
	ldr r0, _080BB008 @ =0x03007480
	ldr r0, [r0, #0x00]
	ands r0, r2
	cmp r0, #0x00
	beq _080BB00C
	ldr r5, [r7, #0x18]
	mov r10, r5
	b _080BB010
	.byte 0x00, 0x00
_080BB008: .4byte 0x03007480
_080BB00C:
	ldr r6, [r7, #0x14]
	mov r10, r6
_080BB010:
	adds r4, r7, #0x0
	adds r4, #0x1C
	movs r0, #0x9A
	lsls r0, r0, #0x01
	adds r0, r0, r7
	mov r8, r0
	movs r1, #0x93
	lsls r1, r1, #0x02
	adds r1, r1, r7
	mov r9, r1
	movs r2, #0xD9
	lsls r2, r2, #0x02
	adds r2, r7, r2
	str r2, [sp, #0x014]
	mov r6, sp
	adds r6, #0x12
	ldr r2, [r4, #0x04]
	ldr r3, [r4, #0x08]
	ldr r0, [r4, #0x0C]
	str r0, [sp, #0x000]
	add r0, sp, #0x010
	adds r1, r6, #0x0
	bl func_0801909C
	add r0, sp, #0x010
	movs r3, #0x00
	ldsh r0, [r0, r3]
	movs r5, #0x00
	ldsh r1, [r6, r5]
	movs r3, #0x96
	lsls r3, r3, #0x01
	adds r2, r7, r3
	ldr r2, [r2, #0x00]
	ldr r3, [r7, #0x0C]
	mov r5, r10
	str r5, [sp, #0x000]
	movs r5, #0x00
	str r5, [sp, #0x004]
	ldr r5, [sp, #0x018]
	str r5, [sp, #0x008]
	ldr r4, [r4, #0x08]
	asrs r4, r4, #0x08
	lsls r4, r4, #0x02
	mov r12, r4
	ldr r4, _080BB16C @ =0xFFFFEFFC
	adds r5, r4, #0x0
	mov r4, r12
	subs r4, r5, r4
	lsls r4, r4, #0x10
	lsrs r4, r4, #0x10
	str r4, [sp, #0x00C]
	bl func_080023E0
	mov r0, r8
	ldr r2, [r0, #0x04]
	ldr r3, [r0, #0x08]
	ldr r0, [r0, #0x0C]
	str r0, [sp, #0x000]
	add r0, sp, #0x010
	adds r1, r6, #0x0
	bl func_0801909C
	add r0, sp, #0x010
	movs r1, #0x00
	ldsh r0, [r0, r1]
	movs r2, #0x00
	ldsh r1, [r6, r2]
	movs r3, #0x91
	lsls r3, r3, #0x02
	adds r2, r7, r3
	ldr r2, [r2, #0x00]
	ldr r4, [r7, #0x10]
	mov r12, r4
	mov r3, r10
	str r3, [sp, #0x000]
	movs r4, #0x00
	str r4, [sp, #0x004]
	ldr r3, [sp, #0x018]
	str r3, [sp, #0x008]
	mov r4, r8
	ldr r4, [r4, #0x08]
	mov r8, r4
	mov r3, r8
	asrs r3, r3, #0x08
	lsls r4, r3, #0x02
	subs r4, r5, r4
	lsls r4, r4, #0x10
	lsrs r4, r4, #0x10
	str r4, [sp, #0x00C]
	mov r3, r12
	bl func_080023E0
	mov r4, r9
	ldr r2, [r4, #0x04]
	ldr r3, [r4, #0x08]
	ldr r0, [r4, #0x0C]
	str r0, [sp, #0x000]
	add r0, sp, #0x010
	adds r1, r6, #0x0
	bl func_0801909C
	add r0, sp, #0x010
	movs r1, #0x00
	ldsh r0, [r0, r1]
	movs r2, #0x00
	ldsh r1, [r6, r2]
	movs r3, #0xD7
	lsls r3, r3, #0x02
	adds r2, r7, r3
	ldr r2, [r2, #0x00]
	ldr r4, [r7, #0x08]
	mov r12, r4
	mov r3, r10
	str r3, [sp, #0x000]
	movs r4, #0x00
	str r4, [sp, #0x004]
	ldr r3, [sp, #0x018]
	str r3, [sp, #0x008]
	mov r4, r9
	ldr r4, [r4, #0x08]
	mov r8, r4
	mov r3, r8
	asrs r3, r3, #0x08
	lsls r4, r3, #0x02
	subs r4, r5, r4
	lsls r4, r4, #0x10
	lsrs r4, r4, #0x10
	str r4, [sp, #0x00C]
	mov r3, r12
	bl func_080023E0
	ldr r4, [sp, #0x014]
	ldr r2, [r4, #0x04]
	ldr r3, [r4, #0x08]
	ldr r0, [r4, #0x0C]
	str r0, [sp, #0x000]
	add r0, sp, #0x010
	adds r1, r6, #0x0
	bl func_0801909C
	add r0, sp, #0x010
	movs r1, #0x00
	ldsh r0, [r0, r1]
	movs r2, #0x00
	ldsh r1, [r6, r2]
	ldr r3, _080BB170 @ =0x00000474
	adds r2, r7, r3
	ldr r2, [r2, #0x00]
	ldr r3, [r7, #0x08]
	mov r4, r10
	str r4, [sp, #0x000]
	movs r6, #0x00
	str r6, [sp, #0x004]
	ldr r4, [sp, #0x018]
	str r4, [sp, #0x008]
	ldr r6, [sp, #0x014]
	ldr r4, [r6, #0x08]
	asrs r4, r4, #0x08
	lsls r4, r4, #0x02
	subs r5, r5, r4
	lsls r5, r5, #0x10
	lsrs r5, r5, #0x10
	str r5, [sp, #0x00C]
	bl func_080023E0
	add sp, #0x01C
	pop {r3, r4, r5}
	mov r8, r3
	mov r9, r4
	mov r10, r5
	pop {r4, r5, r6, r7}
	pop {r0}
	bx r0
	.byte 0x00, 0x00
_080BB16C: .4byte 0xFFFFEFFC
_080BB170: .4byte 0x00000474
	thumb_func_start task_bos_tm_foot_3
task_bos_tm_foot_3: @ 080BB174
	push {r4, lr}
	adds r4, r0, #0x0
	ldr r1, _080BB1B4 @ =0x0000047C
	adds r0, r4, r1
	ldr r0, [r0, #0x00]
	ldrh r1, [r0, #0x28]
	movs r0, #0x08
	ands r0, r1
	cmp r0, #0x00
	bne _080BB19C
	movs r1, #0x93
	lsls r1, r1, #0x02
	adds r0, r4, r1
	bl func_080BA0F8
	movs r1, #0xD9
	lsls r1, r1, #0x02
	adds r0, r4, r1
	bl func_080BA0F8
_080BB19C:
	ldr r0, [r4, #0x08]
	bl func_080028C0
	ldr r0, [r4, #0x14]
	bl func_08002C10
	ldr r0, [r4, #0x18]
	bl func_08002C10
	pop {r4}
	pop {r0}
	bx r0
_080BB1B4: .4byte 0x0000047C
	thumb_func_start func_080BB1B8
func_080BB1B8: @ 080BB1B8
	push {lr}
	adds r3, r1, #0x0
	str r2, [r3, #0x08]
	movs r2, #0x00
	str r2, [r3, #0x00]
	movs r1, #0x01
	str r1, [r3, #0x04]
	str r2, [r3, #0x0C]
	ldr r1, _080BB1D4 @ =0x09EF26FC
	adds r2, r3, #0x0
	bl func_08000E14
	pop {r0}
	bx r0
_080BB1D4: .4byte 0x09EF26FC
	.byte 0x81, 0x60, 0xC2, 0x60, 0x04, 0x21, 0x01, 0x60, 0x00, 0x21, 0x41, 0x60, 0x70, 0x47, 0x00, 0x00
	.byte 0x81, 0x60, 0x00, 0x21, 0xC1, 0x60, 0x01, 0x60, 0x41, 0x60, 0x70, 0x47, 0x03, 0x1C, 0x12, 0x06
	.byte 0x12, 0x0E, 0x99, 0x60, 0x00, 0x20, 0xD8, 0x60, 0x02, 0x20, 0x58, 0x60, 0x01, 0x2A, 0x0C, 0xD0
	.byte 0x01, 0x2A, 0x02, 0xDC, 0x00, 0x2A, 0x05, 0xD0, 0x08, 0xE0, 0x02, 0x2A, 0x05, 0xD0, 0x03, 0x2A
	.byte 0x03, 0xD0, 0x03, 0xE0, 0x01, 0x20, 0x18, 0x60, 0x00, 0xE0, 0x1A, 0x60, 0x70, 0x47, 0x00, 0x00
	thumb_func_start task_bos_tm_clb_0
task_bos_tm_clb_0: @ 080BB228
	push {r4, r5, lr}
	adds r4, r0, #0x0
	adds r5, r1, #0x0
	ldr r0, _080BB260 @ =0x09652E84
	movs r1, #0xEC
	lsls r1, r1, #0x05
	bl func_080026A4
	str r0, [r4, #0x04]
	ldr r0, _080BB264 @ =0x096FB2A4
	movs r1, #0x60
	bl func_08002A14
	str r0, [r4, #0x08]
	str r5, [r4, #0x00]
	ldr r1, [r5, #0x08]
	ldrh r0, [r1, #0x0C]
	strh r0, [r4, #0x0C]
	ldr r0, [r1, #0x00]
	str r0, [r4, #0x10]
	ldr r0, [r1, #0x04]
	str r0, [r4, #0x14]
	ldr r0, [r1, #0x08]
	str r0, [r4, #0x18]
	pop {r4, r5}
	pop {r0}
	bx r0
	.byte 0x00, 0x00
_080BB260: .4byte 0x09652E84
_080BB264: .4byte 0x096FB2A4
	thumb_func_start task_bos_tm_clb_1
task_bos_tm_clb_1: @ 080BB268
	push {r4, lr}
	adds r2, r0, #0x0
	ldr r3, [r2, #0x00]
	ldr r0, [r3, #0x00]
	cmp r0, #0x04
	bhi _080BB31C
	lsls r0, r0, #0x02
	ldr r1, _080BB280 @ =0x080BB284
	adds r0, r0, r1
	ldr r0, [r0, #0x00]
	mov pc, r0
	.byte 0x00, 0x00
_080BB280: .4byte 0x080BB284
	.byte 0xD0, 0xB2, 0x0B, 0x08, 0xDE, 0xB2, 0x0B, 0x08, 0xEC, 0xB2, 0x0B, 0x08, 0x04, 0xB3, 0x0B, 0x08
	.byte 0x98, 0xB2, 0x0B, 0x08, 0x9C, 0x68, 0x20, 0x68, 0x11, 0x69, 0x40, 0x1A, 0x00, 0x11, 0x09, 0x18
	.byte 0x11, 0x61, 0x60, 0x68, 0x50, 0x61, 0x90, 0x69, 0xD9, 0x68, 0x40, 0x18, 0x90, 0x61, 0xD8, 0x68
	.byte 0x33, 0x30, 0xD8, 0x60, 0x00, 0x28, 0x2F, 0xDD, 0x90, 0x69, 0xA1, 0x68, 0x88, 0x42, 0x2B, 0xDB
	.byte 0x91, 0x61, 0x00, 0x20, 0x18, 0x60, 0x01, 0x20, 0x58, 0x60, 0x25, 0xE0, 0x99, 0x68, 0x08, 0x68
	.byte 0x10, 0x61, 0x48, 0x68, 0x50, 0x61, 0x88, 0x68, 0x1D, 0xE0, 0x99, 0x68, 0x08, 0x68, 0x10, 0x61
	.byte 0x48, 0x68, 0x50, 0x61, 0x88, 0x68, 0x16, 0xE0, 0x99, 0x68, 0x08, 0x68, 0x03, 0x4C, 0x00, 0x19
	.byte 0x10, 0x61, 0x48, 0x68, 0x50, 0x61, 0x88, 0x68, 0x0D, 0xE0, 0x00, 0x00, 0x00, 0xFA, 0xFF, 0xFF
	.byte 0x99, 0x68, 0x08, 0x68, 0xC0, 0x24, 0xE4, 0x00, 0x00, 0x19, 0x10, 0x61, 0x48, 0x68, 0x50, 0x61
	.byte 0x88, 0x68, 0x05, 0x49, 0x40, 0x18, 0x90, 0x61
_080BB31C:
	ldr r0, [r3, #0x04]
	cmp r0, #0x01
	beq _080BB336
	cmp r0, #0x01
	bcc _080BB330
	cmp r0, #0x02
	beq _080BB346
	b _080BB34C
	.byte 0x00, 0xFB, 0xFF, 0xFF
_080BB330:
	ldrh r0, [r2, #0x0C]
	adds r0, #0x10
	b _080BB34A
_080BB336:
	adds r0, r2, #0x0
	adds r0, #0x0C
	ldr r1, [r3, #0x08]
	ldrh r1, [r1, #0x0C]
	movs r2, #0x02
	bl func_0800589C
	b _080BB34C
_080BB346:
	ldr r0, [r3, #0x08]
	ldrh r0, [r0, #0x0C]
_080BB34A:
	strh r0, [r2, #0x0C]
_080BB34C:
	movs r0, #0x01
	pop {r4}
	pop {r1}
	bx r1
	thumb_func_start task_bos_tm_clb_2
task_bos_tm_clb_2: @ 080BB354
	push {r4, r5, r6, r7, lr}
	mov r7, r10
	mov r6, r9
	mov r5, r8
	push {r5, r6, r7}
	add sp, #-0x014
	adds r6, r0, #0x0
	ldrb r0, [r6, #0x0C]
	movs r1, #0x00
	bl func_08002C28
	mov r9, r0
	movs r0, #0x12
	add r0, sp
	mov r8, r0
	ldr r2, [r6, #0x10]
	ldr r3, [r6, #0x14]
	ldr r0, [r6, #0x18]
	str r0, [sp, #0x000]
	add r0, sp, #0x010
	mov r1, r8
	bl func_0801909C
	add r0, sp, #0x010
	movs r1, #0x00
	ldsh r0, [r0, r1]
	mov r2, r8
	movs r3, #0x00
	ldsh r1, [r2, r3]
	ldr r2, _080BB404 @ =0x0962E838
	ldr r3, [r6, #0x04]
	ldr r4, [r6, #0x08]
	str r4, [sp, #0x000]
	mov r4, r9
	str r4, [sp, #0x004]
	movs r7, #0x80
	lsls r7, r7, #0x04
	mov r10, r7
	mov r4, r10
	str r4, [sp, #0x008]
	ldr r5, [r6, #0x14]
	asrs r5, r5, #0x08
	lsls r5, r5, #0x02
	ldr r7, _080BB408 @ =0xFFFFEFFE
	adds r4, r7, #0x0
	subs r4, r4, r5
	lsls r4, r4, #0x10
	lsrs r4, r4, #0x10
	str r4, [sp, #0x00C]
	bl func_080023E0
	movs r0, #0x01
	mov r1, r9
	strb r0, [r1, #0x0A]
	add r0, sp, #0x010
	movs r2, #0x00
	ldsh r0, [r0, r2]
	mov r3, r8
	movs r4, #0x00
	ldsh r1, [r3, r4]
	ldr r3, [r6, #0x00]
	ldr r2, [r3, #0x14]
	ldr r3, [r3, #0x10]
	ldr r4, [r6, #0x08]
	str r4, [sp, #0x000]
	mov r7, r9
	str r7, [sp, #0x004]
	mov r4, r10
	str r4, [sp, #0x008]
	ldr r5, [r6, #0x14]
	asrs r5, r5, #0x08
	lsls r5, r5, #0x02
	ldr r6, _080BB40C @ =0xFFFFEFFD
	adds r4, r6, #0x0
	subs r4, r4, r5
	lsls r4, r4, #0x10
	lsrs r4, r4, #0x10
	str r4, [sp, #0x00C]
	bl func_080023E0
	add sp, #0x014
	pop {r3, r4, r5}
	mov r8, r3
	mov r9, r4
	mov r10, r5
	pop {r4, r5, r6, r7}
	pop {r0}
	bx r0
_080BB404: .4byte 0x0962E838
_080BB408: .4byte 0xFFFFEFFE
_080BB40C: .4byte 0xFFFFEFFD
	thumb_func_start task_bos_tm_clb_3
task_bos_tm_clb_3: @ 080BB410
	push {r4, lr}
	adds r4, r0, #0x0
	ldr r0, [r4, #0x04]
	bl func_080028C0
	ldr r0, [r4, #0x08]
	bl func_08002C10
	pop {r4}
	pop {r0}
	bx r0
	.byte 0x00, 0x00
	thumb_func_start func_080BB428
func_080BB428: @ 080BB428
	adds r2, r0, #0x0
	movs r3, #0x03
_080BB42C:
	ldrb r0, [r1, #0x00]
	strh r0, [r2, #0x14]
	adds r1, #0x04
	adds r2, #0x34
	subs r3, #0x01
	cmp r3, #0x00
	bge _080BB42C
	bx lr
	thumb_func_start func_080BB43C
func_080BB43C: @ 080BB43C
	push {r4, lr}
	adds r4, r0, #0x0
	lsls r2, r2, #0x10
	lsrs r2, r2, #0x10
	ldr r0, [r4, #0x08]
	cmp r0, r1
	beq _080BB45C
	str r1, [r4, #0x08]
	movs r0, #0x00
	strh r0, [r4, #0x00]
	strh r0, [r4, #0x02]
	strh r2, [r4, #0x04]
	adds r1, #0x04
	adds r0, r3, #0x0
	bl func_080BB428
_080BB45C:
	pop {r4}
	pop {r0}
	bx r0
	.byte 0x00, 0x00
	thumb_func_start func_080BB464
func_080BB464: @ 080BB464
	push {r4, r5, r6, lr}
	adds r2, r0, #0x0
	movs r0, #0xBE
	lsls r0, r0, #0x01
	adds r3, r2, r0
	movs r1, #0xFC
	lsls r1, r1, #0x01
	adds r4, r2, r1
	ldr r5, _080BB4BC @ =0x08121400
	ldrb r0, [r3, #0x08]
	lsls r0, r0, #0x01
	adds r0, r0, r5
	movs r6, #0x00
	ldsh r1, [r0, r6]
	lsls r0, r1, #0x01
	adds r0, r0, r1
	lsls r0, r0, #0x02
	ldr r1, [r3, #0x00]
	adds r1, r1, r0
	ldr r2, [r2, #0x0C]
	ldr r0, [r2, #0x00]
	adds r1, r1, r0
	str r1, [r4, #0x00]
	ldrb r0, [r3, #0x08]
	adds r0, #0x40
	lsls r0, r0, #0x01
	adds r0, r0, r5
	movs r1, #0x00
	ldsh r0, [r0, r1]
	negs r0, r0
	lsls r1, r0, #0x01
	adds r1, r1, r0
	lsls r1, r1, #0x02
	ldr r0, [r3, #0x04]
	adds r0, r0, r1
	ldr r1, [r2, #0x08]
	adds r0, r0, r1
	str r0, [r4, #0x08]
	ldr r0, [r2, #0x04]
	str r0, [r4, #0x04]
	pop {r4, r5, r6}
	pop {r0}
	bx r0
	.byte 0x00, 0x00
_080BB4BC: .4byte 0x08121400
	thumb_func_start func_080BB4C0
func_080BB4C0: @ 080BB4C0
	push {r4, r5, r6, lr}
	adds r2, r0, #0x0
	adds r3, r2, #0x0
	adds r3, #0xAC
	movs r0, #0x82
	lsls r0, r0, #0x02
	adds r4, r2, r0
	ldr r5, _080BB514 @ =0x08121400
	ldrb r0, [r3, #0x08]
	lsls r0, r0, #0x01
	adds r0, r0, r5
	movs r6, #0x00
	ldsh r1, [r0, r6]
	lsls r0, r1, #0x01
	adds r0, r0, r1
	lsls r0, r0, #0x02
	ldr r1, [r3, #0x00]
	adds r1, r1, r0
	ldr r2, [r2, #0x0C]
	ldr r0, [r2, #0x0C]
	adds r1, r1, r0
	str r1, [r4, #0x00]
	ldrb r0, [r3, #0x08]
	adds r0, #0x40
	lsls r0, r0, #0x01
	adds r0, r0, r5
	movs r1, #0x00
	ldsh r0, [r0, r1]
	negs r0, r0
	lsls r1, r0, #0x01
	adds r1, r1, r0
	lsls r1, r1, #0x02
	ldr r0, [r3, #0x04]
	adds r0, r0, r1
	ldr r1, [r2, #0x14]
	adds r0, r0, r1
	str r0, [r4, #0x08]
	ldr r0, [r2, #0x10]
	str r0, [r4, #0x04]
	pop {r4, r5, r6}
	pop {r0}
	bx r0
_080BB514: .4byte 0x08121400
	thumb_func_start func_080BB518
func_080BB518: @ 080BB518
	push {r4, r5, r6, r7, lr}
	mov r7, r9
	mov r6, r8
	push {r6, r7}
	mov r9, r0
	movs r5, #0x00
	movs r6, #0x00
	movs r4, #0x00
	ldr r0, _080BB580 @ =0x08121400
	mov r12, r0
	ldr r1, _080BB584 @ =0x0961A63C
	mov r8, r1
_080BB530:
	movs r0, #0x34
	muls r0, r4
	mov r2, r9
	adds r3, r2, r0
	str r5, [r3, #0x0C]
	str r6, [r3, #0x10]
	ldrb r1, [r3, #0x08]
	lsls r0, r1, #0x01
	add r0, r12
	movs r7, #0x00
	ldsh r2, [r0, r7]
	ldrh r0, [r3, #0x26]
	lsls r0, r0, #0x01
	add r0, r8
	ldrh r3, [r0, #0x00]
	adds r0, r2, #0x0
	muls r0, r3
	adds r5, r5, r0
	adds r1, #0x40
	lsls r1, r1, #0x01
	add r1, r12
	movs r2, #0x00
	ldsh r0, [r1, r2]
	negs r0, r0
	muls r0, r3
	adds r6, r6, r0
	adds r4, #0x01
	cmp r4, #0x02
	ble _080BB530
	mov r3, r9
	adds r3, #0x9C
	str r5, [r3, #0x0C]
	str r6, [r3, #0x10]
	pop {r3, r4}
	mov r8, r3
	mov r9, r4
	pop {r4, r5, r6, r7}
	pop {r0}
	bx r0
	.byte 0x00, 0x00
_080BB580: .4byte 0x08121400
_080BB584: .4byte 0x0961A63C
	thumb_func_start func_080BB588
func_080BB588: @ 080BB588
	push {r4, r5, r6, r7, lr}
	mov r7, r8
	push {r7}
	adds r6, r0, #0x0
	lsls r1, r1, #0x10
	lsrs r1, r1, #0x10
	mov r8, r1
	adds r4, r6, #0x0
	adds r4, #0x08
	adds r5, r6, #0x0
	adds r7, r6, #0x0
	adds r7, #0x9C
_080BB5A0:
	ldrh r1, [r4, #0x0C]
	adds r0, r4, #0x0
	mov r2, r8
	bl func_0800589C
	adds r4, #0x34
	adds r5, #0x34
	cmp r5, r7
	ble _080BB5A0
	adds r4, r6, #0x0
	adds r4, #0x9C
	adds r0, r6, #0x0
	bl func_080BB518
	adds r2, r6, #0x0
_080BB5BE:
	ldr r0, [r2, #0x0C]
	ldr r1, [r2, #0x00]
	subs r0, r0, r1
	asrs r0, r0, #0x01
	adds r1, r1, r0
	str r1, [r2, #0x00]
	ldr r0, [r2, #0x10]
	ldr r1, [r2, #0x04]
	subs r0, r0, r1
	asrs r0, r0, #0x01
	adds r1, r1, r0
	str r1, [r2, #0x04]
	adds r2, #0x34
	cmp r2, r4
	ble _080BB5BE
	pop {r3}
	mov r8, r3
	pop {r4, r5, r6, r7}
	pop {r0}
	bx r0
	.byte 0x00, 0x00
	thumb_func_start func_080BB5E8
func_080BB5E8: @ 080BB5E8
	push {r4, r5, lr}
	adds r5, r0, #0x0
	adds r4, r1, #0x0
	movs r0, #0x02
	ldsh r1, [r4, r0]
	ldr r2, [r4, #0x08]
	lsls r0, r1, #0x02
	adds r0, r0, r1
	lsls r0, r0, #0x02
	adds r0, r0, r2
	movs r2, #0x00
	ldsh r1, [r4, r2]
	movs r3, #0x00
	ldsh r0, [r0, r3]
	cmp r1, r0
	blt _080BB636
	movs r2, #0x00
	strh r2, [r4, #0x00]
	ldrh r0, [r4, #0x02]
	adds r0, #0x01
	strh r0, [r4, #0x02]
	lsls r0, r0, #0x10
	asrs r0, r0, #0x10
	movs r3, #0x04
	ldsh r1, [r4, r3]
	cmp r0, r1
	blt _080BB620
	strh r2, [r4, #0x02]
_080BB620:
	movs r1, #0x02
	ldsh r0, [r4, r1]
	lsls r2, r0, #0x02
	adds r2, r2, r0
	lsls r2, r2, #0x02
	ldr r1, [r4, #0x08]
	adds r1, r1, r2
	adds r1, #0x04
	adds r0, r5, #0x0
	bl func_080BB428
_080BB636:
	ldrh r0, [r4, #0x00]
	adds r0, #0x01
	strh r0, [r4, #0x00]
	adds r0, r5, #0x0
	movs r1, #0x01
	bl func_080BB588
	pop {r4, r5}
	pop {r0}
	bx r0
	.byte 0x00, 0x00
	thumb_func_start task_bos_tm_arm_0
task_bos_tm_arm_0: @ 080BB64C
	push {r4, r5, r6, r7, lr}
	mov r7, r10
	mov r6, r9
	mov r5, r8
	push {r5, r6, r7}
	add sp, #-0x014
	adds r7, r0, #0x0
	str r1, [r7, #0x0C]
	ldr r0, _080BB8DC @ =0x09652E84
	movs r1, #0xEC
	lsls r1, r1, #0x05
	bl func_080026A4
	str r0, [r7, #0x00]
	ldr r0, _080BB8E0 @ =0x096FB2A4
	movs r1, #0x60
	bl func_08002A14
	str r0, [r7, #0x04]
	ldr r0, _080BB8E4 @ =0x08F69BC4
	movs r1, #0x20
	bl func_08002A14
	str r0, [r7, #0x08]
	movs r1, #0xD8
	lsls r1, r1, #0x01
	adds r0, r7, r1
	movs r1, #0x00
	strh r1, [r0, #0x00]
	movs r2, #0xD9
	lsls r2, r2, #0x01
	adds r0, r7, r2
	strh r1, [r0, #0x00]
	movs r6, #0x8C
	lsls r6, r6, #0x02
	adds r2, r7, r6
	movs r0, #0x01
	strb r0, [r2, #0x00]
	movs r2, #0x8D
	lsls r2, r2, #0x02
	adds r0, r7, r2
	str r1, [r0, #0x00]
	subs r6, #0x04
	adds r0, r7, r6
	str r1, [r0, #0x00]
	subs r2, #0x14
	adds r0, r7, r2
	str r1, [r0, #0x00]
	subs r6, #0x08
	adds r0, r7, r6
	ldr r1, _080BB8E8 @ =0x09619CDC
	adds r3, r7, #0x0
	adds r3, #0x10
	movs r2, #0x03
	bl func_080BB43C
	movs r1, #0x86
	lsls r1, r1, #0x02
	adds r0, r7, r1
	ldr r1, _080BB8EC @ =0x09619D18
	adds r3, r7, #0x0
	adds r3, #0xE0
	movs r2, #0x03
	bl func_080BB43C
	adds r2, r7, #0x0
	adds r2, #0xE8
	adds r1, r7, #0x0
	adds r1, #0x18
	movs r3, #0x03
_080BB6D8:
	ldrh r0, [r1, #0x0C]
	strh r0, [r1, #0x00]
	ldrh r0, [r2, #0x0C]
	strh r0, [r2, #0x00]
	adds r2, #0x34
	adds r1, #0x34
	subs r3, #0x01
	cmp r3, #0x00
	bge _080BB6D8
	adds r5, r7, #0x0
	adds r5, #0x10
	adds r0, r5, #0x0
	bl func_080BB518
	adds r4, r7, #0x0
	adds r4, #0xE0
	adds r0, r4, #0x0
	bl func_080BB518
	movs r3, #0x00
	str r5, [sp, #0x000]
	mov r12, r4
	movs r2, #0x1C
	adds r2, r2, r7
	mov r10, r2
	movs r6, #0x14
	adds r6, r6, r7
	mov r9, r6
	movs r0, #0x20
	adds r0, r0, r7
	mov r8, r0
	adds r5, #0xDC
	adds r4, #0x04
	adds r1, r7, #0x0
	adds r1, #0xF0
	str r1, [sp, #0x010]
	adds r2, r7, #0x0
	adds r2, #0x40
	str r2, [sp, #0x004]
	adds r6, r7, #0x0
	adds r6, #0xDC
	str r6, [sp, #0x008]
_080BB72C:
	movs r0, #0x34
	adds r1, r3, #0x0
	muls r1, r0
	ldr r0, [sp, #0x000]
	adds r2, r0, r1
	mov r6, r10
	adds r0, r6, r1
	ldr r0, [r0, #0x00]
	str r0, [r2, #0x00]
	mov r0, r9
	adds r2, r0, r1
	mov r6, r8
	adds r0, r6, r1
	ldr r0, [r0, #0x00]
	str r0, [r2, #0x00]
	mov r0, r12
	adds r2, r0, r1
	adds r0, r5, r1
	ldr r0, [r0, #0x00]
	str r0, [r2, #0x00]
	adds r2, r4, r1
	ldr r6, [sp, #0x010]
	adds r1, r6, r1
	ldr r0, [r1, #0x00]
	str r0, [r2, #0x00]
	adds r3, #0x01
	cmp r3, #0x03
	ble _080BB72C
	adds r0, r7, #0x0
	bl func_080BB464
	adds r0, r7, #0x0
	bl func_080BB4C0
	movs r0, #0x81
	lsls r0, r0, #0x02
	adds r1, r7, r0
	subs r0, #0xF4
	strh r0, [r1, #0x00]
	movs r2, #0x85
	lsls r2, r2, #0x02
	adds r1, r7, r2
	movs r0, #0xF0
	strh r0, [r1, #0x00]
	movs r3, #0x00
	ldr r6, _080BB8F0 @ =0x09EF39B4
	mov r10, r6
	ldr r0, _080BB8F4 @ =0x09EF39A0
	mov r9, r0
_080BB78E:
	movs r0, #0x34
	adds r5, r3, #0x0
	muls r5, r0
	adds r4, r5, r7
	adds r4, #0x28
	adds r0, r4, #0x0
	mov r1, r10
	mov r2, r9
	str r3, [sp, #0x00C]
	bl func_08005968
	adds r0, r4, #0x0
	movs r1, #0x00
	movs r2, #0x01
	bl func_080059A4
	adds r6, r7, r5
	ldr r3, [sp, #0x00C]
	lsls r1, r3, #0x01
	mov r8, r1
	strh r1, [r6, #0x36]
	adds r0, r4, #0x0
	str r3, [sp, #0x00C]
	bl func_08005AFC
	ldr r2, [sp, #0x004]
	adds r1, r2, r5
	str r0, [r1, #0x00]
	adds r4, r5, r7
	adds r4, #0xF8
	adds r0, r4, #0x0
	mov r1, r10
	mov r2, r9
	bl func_08005968
	adds r0, r4, #0x0
	movs r1, #0x00
	movs r2, #0x01
	bl func_080059A4
	movs r1, #0x83
	lsls r1, r1, #0x01
	adds r0, r6, r1
	mov r2, r8
	strh r2, [r0, #0x00]
	adds r0, r4, #0x0
	bl func_08005AFC
	movs r6, #0x88
	lsls r6, r6, #0x01
	adds r1, r7, r6
	adds r1, r1, r5
	str r0, [r1, #0x00]
	ldr r3, [sp, #0x00C]
	adds r3, #0x01
	cmp r3, #0x02
	ble _080BB78E
	ldr r1, _080BB8F8 @ =0x0962E7A0
	ldr r0, [sp, #0x008]
	str r1, [r0, #0x00]
	movs r2, #0xD6
	lsls r2, r2, #0x01
	adds r0, r7, r2
	str r1, [r0, #0x00]
	movs r0, #0xA0
	lsls r0, r0, #0x01
	ldr r1, _080BB8FC @ =0x09657C04
	bl func_080028F8
	movs r1, #0x8E
	lsls r1, r1, #0x02
	adds r6, r7, r1
	str r0, [r6, #0x00]
	ldr r1, [r7, #0x0C]
	ldr r1, [r1, #0x18]
	adds r1, #0x42
	ldrh r0, [r0, #0x08]
	ldrh r2, [r1, #0x00]
	adds r0, r0, r2
	movs r2, #0x00
	mov r8, r2
	movs r5, #0x00
	strh r0, [r1, #0x00]
	movs r0, #0x8F
	lsls r0, r0, #0x02
	adds r4, r7, r0
	ldr r1, _080BB900 @ =0x09EF3A18
	ldr r2, _080BB904 @ =0x09EF39F8
	adds r0, r4, #0x0
	bl func_08005968
	adds r0, r4, #0x0
	movs r1, #0x00
	movs r2, #0x01
	bl func_080059A4
	movs r2, #0xEC
	lsls r2, r2, #0x01
	adds r1, r7, r2
	ldr r0, [r6, #0x00]
	str r0, [r1, #0x00]
	movs r0, #0xF8
	lsls r0, r0, #0x01
	adds r1, r7, r0
	ldr r0, [r6, #0x00]
	str r0, [r1, #0x00]
	adds r0, r4, #0x0
	bl func_08005AFC
	movs r2, #0xEE
	lsls r2, r2, #0x01
	adds r1, r7, r2
	str r0, [r1, #0x00]
	movs r6, #0xFA
	lsls r6, r6, #0x01
	adds r1, r7, r6
	str r0, [r1, #0x00]
	movs r1, #0x95
	lsls r1, r1, #0x02
	adds r0, r7, r1
	mov r2, r8
	strb r2, [r0, #0x00]
	subs r6, #0x40
	adds r4, r7, r6
	adds r0, r4, #0x0
	movs r1, #0x02
	bl func_08000E64
	movs r0, #0xE4
	lsls r0, r0, #0x01
	adds r1, r7, r0
	adds r6, #0x44
	adds r2, r7, r6
	adds r0, r4, #0x0
	bl func_080BB1B8
	movs r0, #0xF0
	lsls r0, r0, #0x01
	adds r1, r7, r0
	adds r6, #0x10
	adds r2, r7, r6
	adds r0, r4, #0x0
	bl func_080BB1B8
	ldr r0, _080BB908 @ =0x0203AC74
	strh r5, [r0, #0x00]
	ldr r0, _080BB90C @ =0x0203AC64
	str r5, [r0, #0x00]
	ldr r0, _080BB910 @ =0x0203AC78
	str r5, [r0, #0x00]
	ldr r0, _080BB914 @ =0x0203AC70
	str r5, [r0, #0x00]
	ldr r0, _080BB918 @ =0x0203AC60
	strh r5, [r0, #0x00]
	ldr r0, _080BB91C @ =0x0203AC6C
	strh r5, [r0, #0x00]
	ldr r0, _080BB920 @ =0x0203AC68
	strh r5, [r0, #0x00]
	add sp, #0x014
	pop {r3, r4, r5}
	mov r8, r3
	mov r9, r4
	mov r10, r5
	pop {r4, r5, r6, r7}
	pop {r0}
	bx r0
	.byte 0x00, 0x00
_080BB8DC: .4byte 0x09652E84
_080BB8E0: .4byte 0x096FB2A4
_080BB8E4: .4byte 0x08F69BC4
_080BB8E8: .4byte 0x09619CDC
_080BB8EC: .4byte 0x09619D18
_080BB8F0: .4byte 0x09EF39B4
_080BB8F4: .4byte 0x09EF39A0
_080BB8F8: .4byte 0x0962E7A0
_080BB8FC: .4byte 0x09657C04
_080BB900: .4byte 0x09EF3A18
_080BB904: .4byte 0x09EF39F8
_080BB908: .4byte 0x0203AC74
_080BB90C: .4byte 0x0203AC64
_080BB910: .4byte 0x0203AC78
_080BB914: .4byte 0x0203AC70
_080BB918: .4byte 0x0203AC60
_080BB91C: .4byte 0x0203AC6C
_080BB920: .4byte 0x0203AC68
_080BB924:
	.byte 0xF0, 0xB5, 0x83, 0xB0, 0x05, 0x1C, 0xE8, 0x68, 0x80, 0x69, 0xC0, 0x6A, 0x11, 0x28, 0x01, 0xD9
	.byte 0x00, 0xF0, 0xC6, 0xFC, 0x80, 0x00, 0x02, 0x49, 0x40, 0x18, 0x00, 0x68, 0x87, 0x46, 0x00, 0x00
	.byte 0x48, 0xB9, 0x0B, 0x08, 0x90, 0xB9, 0x0B, 0x08, 0x78, 0xBB, 0x0B, 0x08, 0x3C, 0xBE, 0x0B, 0x08
	.byte 0x5C, 0xBF, 0x0B, 0x08, 0x5C, 0xBA, 0x0B, 0x08, 0x5C, 0xBA, 0x0B, 0x08, 0x5C, 0xBA, 0x0B, 0x08
	.byte 0x5C, 0xBA, 0x0B, 0x08, 0xC4, 0xC2, 0x0B, 0x08, 0xFE, 0xC1, 0x0B, 0x08, 0x9C, 0xBC, 0x0B, 0x08
	.byte 0xA0, 0xC0, 0x0B, 0x08, 0xC8, 0xBA, 0x0B, 0x08, 0x2C, 0xBB, 0x0B, 0x08, 0xC8, 0xBA, 0x0B, 0x08
	.byte 0x90, 0xB9, 0x0B, 0x08, 0xC4, 0xC2, 0x0B, 0x08, 0xF8, 0xC2, 0x0B, 0x08, 0xD8, 0x21, 0x49, 0x00
	.byte 0x68, 0x18, 0x00, 0x88, 0x00, 0x28, 0x22, 0xD1, 0x81, 0x22, 0x92, 0x00, 0xA9, 0x18, 0x88, 0x20
	.byte 0x40, 0x00, 0x08, 0x80, 0xE8, 0x68, 0x80, 0x69, 0x01, 0x8D, 0x20, 0x20, 0x08, 0x40, 0x00, 0x28
	.byte 0x0C, 0xD0, 0x86, 0x23, 0x9B, 0x00, 0xE8, 0x18, 0x03, 0x49, 0x2B, 0x1C, 0xE0, 0x33, 0x03, 0x22
	.byte 0xFF, 0xF7, 0x3A, 0xFD, 0x0B, 0xE0, 0x00, 0x00, 0x18, 0x9D, 0x61, 0x09, 0x86, 0x21, 0x89, 0x00
	.byte 0x68, 0x18, 0x0A, 0x49, 0x2B, 0x1C, 0xE0, 0x33, 0x03, 0x22, 0xFF, 0xF7, 0x2D, 0xFD, 0xD8, 0x22
	.byte 0x52, 0x00, 0xA8, 0x18, 0x00, 0x88, 0x1E, 0x21, 0x61, 0xF0, 0xEE, 0xFE, 0x00, 0x04, 0x00, 0x0C
	.byte 0x00, 0x28, 0x05, 0xD0, 0x16, 0x28, 0x0D, 0xD0, 0x27, 0xE0, 0x00, 0x00, 0x90, 0x9D, 0x61, 0x09
	.byte 0x00, 0x22, 0x8C, 0x23, 0x9B, 0x00, 0xE9, 0x18, 0x08, 0x78, 0x00, 0x28, 0x00, 0xD1, 0x01, 0x22
	.byte 0x0A, 0x70, 0x1A, 0xE0, 0x8C, 0x21, 0x89, 0x00, 0x68, 0x18, 0x00, 0x78, 0x00, 0x28, 0x0B, 0xD0
	.byte 0xE4, 0x22, 0x52, 0x00, 0xA8, 0x18, 0xFC, 0x23, 0x5B, 0x00, 0xE9, 0x18, 0x01, 0x4A, 0xFF, 0xF7
	.byte 0xD1, 0xFB, 0x0A, 0xE0, 0x80, 0xFC, 0xFF, 0xFF, 0xF0, 0x21, 0x49, 0x00, 0x68, 0x18, 0xFC, 0x22
	.byte 0x52, 0x00, 0xA9, 0x18, 0x03, 0x4A, 0xFF, 0xF7, 0xC5, 0xFB, 0xD8, 0x23, 0x5B, 0x00, 0xE9, 0x18
	.byte 0x08, 0x88, 0xCF, 0xE3, 0x80, 0xFC, 0xFF, 0xFF, 0xD8, 0x21, 0x49, 0x00, 0x68, 0x18, 0x00, 0x88
	.byte 0x00, 0x28, 0x28, 0xD1, 0x81, 0x22, 0x92, 0x00, 0xA9, 0x18, 0x88, 0x20, 0x40, 0x00, 0x08, 0x80
	.byte 0xE4, 0x23, 0x5B, 0x00, 0xE8, 0x18, 0x0C, 0x3A, 0xA9, 0x18, 0xFF, 0xF7, 0xB3, 0xFB, 0xE8, 0x68
	.byte 0x80, 0x69, 0x01, 0x8D, 0x20, 0x20, 0x08, 0x40, 0x00, 0x28, 0x0B, 0xD0, 0x86, 0x23, 0x9B, 0x00
	.byte 0xE8, 0x18, 0x03, 0x49, 0x2B, 0x1C, 0xE0, 0x33, 0x06, 0x22, 0xFF, 0xF7, 0xCD, 0xFC, 0x0A, 0xE0
	.byte 0xCC, 0xA2, 0x61, 0x09, 0x86, 0x21, 0x89, 0x00, 0x68, 0x18, 0x05, 0x49, 0x2B, 0x1C, 0xE0, 0x33
	.byte 0x06, 0x22, 0xFF, 0xF7, 0xC1, 0xFC, 0xD8, 0x22, 0x52, 0x00, 0xA9, 0x18, 0x08, 0x88, 0x99, 0xE3
	.byte 0xBC, 0xA3, 0x61, 0x09, 0xD8, 0x23, 0x5B, 0x00, 0xE8, 0x18, 0x00, 0x88, 0x00, 0x28, 0xF2, 0xD1
	.byte 0x81, 0x20, 0x80, 0x00, 0x29, 0x18, 0x5A, 0x20, 0x08, 0x80, 0xE4, 0x21, 0x49, 0x00, 0x68, 0x18
	.byte 0xFC, 0x22, 0x52, 0x00, 0xA9, 0x18, 0x80, 0x22, 0x52, 0x42, 0xFF, 0xF7, 0x73, 0xFB, 0xE8, 0x68
	.byte 0x80, 0x69, 0x01, 0x8D, 0x20, 0x20, 0x08, 0x40, 0x00, 0x28, 0x0B, 0xD0, 0x86, 0x23, 0x9B, 0x00
	.byte 0xE8, 0x18, 0x03, 0x49, 0x2B, 0x1C, 0xE0, 0x33, 0x01, 0x22, 0xFF, 0xF7, 0x95, 0xFC, 0xD2, 0xE7
	.byte 0xE0, 0x9D, 0x61, 0x09, 0x86, 0x21, 0x89, 0x00, 0x68, 0x18, 0x02, 0x49, 0x2B, 0x1C, 0xE0, 0x33
	.byte 0x01, 0x22, 0xC6, 0xE7, 0x08, 0x9E, 0x61, 0x09, 0xD8, 0x23, 0x5B, 0x00, 0xE8, 0x18, 0x00, 0x88
	.byte 0x00, 0x28, 0xC0, 0xD1, 0x81, 0x20, 0x80, 0x00, 0x29, 0x18, 0x5A, 0x20, 0x08, 0x80, 0xE4, 0x21
	.byte 0x49, 0x00, 0x68, 0x18, 0xFC, 0x22, 0x52, 0x00, 0xA9, 0x18, 0x80, 0x22, 0x52, 0x42, 0xFF, 0xF7
	.byte 0x41, 0xFB, 0xE8, 0x68, 0x80, 0x69, 0x01, 0x8D, 0x20, 0x20, 0x08, 0x40, 0x00, 0x28, 0xCD, 0xD1
	.byte 0x86, 0x21, 0x89, 0x00, 0x68, 0x18, 0x02, 0x49, 0x2B, 0x1C, 0xE0, 0x33, 0x01, 0x22, 0xA0, 0xE7
	.byte 0x08, 0x9E, 0x61, 0x09, 0xD8, 0x23, 0x5B, 0x00, 0xE8, 0x18, 0x00, 0x88, 0x00, 0x28, 0x36, 0xD1
	.byte 0xE8, 0x68, 0x80, 0x69, 0x01, 0x8D, 0x20, 0x20, 0x08, 0x40, 0x00, 0x28, 0x18, 0xD0, 0x86, 0x21
	.byte 0x89, 0x00, 0x68, 0x18, 0x09, 0x49, 0x2B, 0x1C, 0xE0, 0x33, 0x03, 0x22, 0xFF, 0xF7, 0x4C, 0xFC
	.byte 0x81, 0x22, 0x92, 0x00, 0xA9, 0x18, 0xE8, 0x20, 0x08, 0x80, 0xE4, 0x23, 0x5B, 0x00, 0xE8, 0x18
	.byte 0x0C, 0x3A, 0xA9, 0x18, 0x00, 0x22, 0xFF, 0xF7, 0x1B, 0xFB, 0x18, 0xE0, 0x1C, 0x9E, 0x61, 0x09
	.byte 0x86, 0x23, 0x9B, 0x00, 0xE8, 0x18, 0x1E, 0x49, 0x2B, 0x1C, 0xE0, 0x33, 0x03, 0x22, 0xFF, 0xF7
	.byte 0x33, 0xFC, 0x81, 0x20, 0x80, 0x00, 0x29, 0x18, 0xF4, 0x20, 0x08, 0x80, 0xE4, 0x21, 0x49, 0x00
	.byte 0x68, 0x18, 0xFC, 0x22, 0x52, 0x00, 0xA9, 0x18, 0x02, 0x22, 0xFF, 0xF7, 0x01, 0xFB, 0xD8, 0x23
	.byte 0x5B, 0x00, 0xE8, 0x18, 0x00, 0x88, 0x2D, 0x28, 0x39, 0xD1, 0x2C, 0x1C, 0xAC, 0x34, 0xEB, 0x68
	.byte 0x1F, 0x69, 0x58, 0x69, 0x61, 0x68, 0x40, 0x18, 0x0E, 0x49, 0x42, 0x18, 0x98, 0x69, 0x01, 0x8D
	.byte 0x20, 0x20, 0x08, 0x40, 0x00, 0x04, 0x06, 0x0C, 0x00, 0x2E, 0x17, 0xD0, 0xD8, 0x68, 0x21, 0x68
	.byte 0x40, 0x18, 0x09, 0x4B, 0xC1, 0x18, 0x00, 0x20, 0x00, 0x90, 0xA8, 0x20, 0x01, 0x90, 0x14, 0x20
	.byte 0x02, 0x90, 0x08, 0x1C, 0x39, 0x1C, 0x01, 0x23, 0x57, 0xF7, 0x9A, 0xF9, 0x3B, 0xE7, 0x00, 0x00
	.byte 0x94, 0x9E, 0x61, 0x09, 0x00, 0xDD, 0xFF, 0xFF, 0x00, 0xC2, 0xFF, 0xFF, 0xD8, 0x68, 0x21, 0x68
	.byte 0x40, 0x18, 0x90, 0x23, 0xDB, 0x01, 0xC1, 0x18, 0x00, 0x96, 0xA8, 0x20, 0x01, 0x90, 0x14, 0x20
	.byte 0x02, 0x90, 0x08, 0x1C, 0x39, 0x1C, 0x00, 0x23, 0x57, 0xF7, 0x82, 0xF9, 0x23, 0xE7, 0x37, 0x28
	.byte 0x00, 0xD8, 0x20, 0xE7, 0x56, 0xF7, 0x38, 0xFE, 0x00, 0x06, 0x00, 0x28, 0x00, 0xD0, 0x1A, 0xE7
	.byte 0x81, 0x20, 0x80, 0x00, 0x29, 0x18, 0xF4, 0x38, 0x08, 0x80, 0xE8, 0x68, 0x82, 0x69, 0x11, 0x8D
	.byte 0x02, 0x20, 0x08, 0x43, 0x10, 0x85, 0x0E, 0xE7, 0xD8, 0x23, 0x5B, 0x00, 0xE8, 0x18, 0x00, 0x88
	.byte 0x00, 0x28, 0x36, 0xD1, 0xE8, 0x68, 0x80, 0x69, 0x01, 0x8D, 0x20, 0x20, 0x08, 0x40, 0x00, 0x28
	.byte 0x18, 0xD0, 0x86, 0x21, 0x89, 0x00, 0x68, 0x18, 0x09, 0x49, 0x2B, 0x1C, 0xE0, 0x33, 0x03, 0x22
	.byte 0xFF, 0xF7, 0xBA, 0xFB, 0x81, 0x22, 0x92, 0x00, 0xA9, 0x18, 0xE8, 0x20, 0x08, 0x80, 0xE4, 0x23
	.byte 0x5B, 0x00, 0xE8, 0x18, 0x0C, 0x3A, 0xA9, 0x18, 0x00, 0x22, 0xFF, 0xF7, 0x89, 0xFA, 0x18, 0xE0
	.byte 0x1C, 0x9E, 0x61, 0x09, 0x86, 0x23, 0x9B, 0x00, 0xE8, 0x18, 0x1C, 0x49, 0x2B, 0x1C, 0xE0, 0x33
	.byte 0x03, 0x22, 0xFF, 0xF7, 0xA1, 0xFB, 0x81, 0x20, 0x80, 0x00, 0x29, 0x18, 0xF4, 0x20, 0x08, 0x80
	.byte 0xE4, 0x21, 0x49, 0x00, 0x68, 0x18, 0xFC, 0x22, 0x52, 0x00, 0xA9, 0x18, 0x02, 0x22, 0xFF, 0xF7
	.byte 0x6F, 0xFA, 0xD8, 0x23, 0x5B, 0x00, 0xE8, 0x18, 0x00, 0x88, 0x1E, 0x28, 0x35, 0xD1, 0x2C, 0x1C
	.byte 0xAC, 0x34, 0xEB, 0x68, 0x1F, 0x69, 0x58, 0x69, 0x61, 0x68, 0x40, 0x18, 0x0C, 0x49, 0x42, 0x18
	.byte 0x98, 0x69, 0x01, 0x8D, 0x20, 0x20, 0x08, 0x40, 0x00, 0x04, 0x06, 0x0C, 0x00, 0x2E, 0x13, 0xD0
	.byte 0xD8, 0x68, 0x21, 0x68, 0x40, 0x18, 0x07, 0x4B, 0xC1, 0x18, 0x00, 0x20, 0x00, 0x90, 0xA8, 0x20
	.byte 0x01, 0x90, 0x12, 0x20, 0x02, 0x90, 0x08, 0x1C, 0x39, 0x1C, 0x53, 0xE0, 0x94, 0x9E, 0x61, 0x09
	.byte 0x00, 0xDD, 0xFF, 0xFF, 0x00, 0xC2, 0xFF, 0xFF, 0xD8, 0x68, 0x21, 0x68, 0x40, 0x18, 0x90, 0x23
	.byte 0xDB, 0x01, 0xC1, 0x18, 0x00, 0x96, 0xA8, 0x20, 0x01, 0x90, 0x12, 0x20, 0x02, 0x90, 0x08, 0x1C
	.byte 0x39, 0x1C, 0x00, 0x23, 0x57, 0xF7, 0xF4, 0xF8, 0x5F, 0xE6, 0x46, 0x28, 0x11, 0xD9, 0x56, 0xF7
	.byte 0xAB, 0xFD, 0x00, 0x06, 0x00, 0x28, 0x00, 0xD0, 0x57, 0xE6, 0x81, 0x20, 0x80, 0x00, 0x29, 0x18
	.byte 0xF4, 0x38, 0x08, 0x80, 0xE8, 0x68, 0x82, 0x69, 0x11, 0x8D, 0x02, 0x20, 0x08, 0x43, 0x10, 0x85
	.byte 0x4B, 0xE6, 0x32, 0x28, 0x00, 0xD8, 0x48, 0xE6, 0x56, 0xF7, 0x96, 0xFD, 0x00, 0x06, 0x02, 0x0E
	.byte 0x00, 0x2A, 0x00, 0xD0, 0x41, 0xE6, 0x2C, 0x1C, 0xAC, 0x34, 0xEB, 0x68, 0x19, 0x69, 0x8C, 0x46
	.byte 0x58, 0x69, 0x61, 0x68, 0x40, 0x18, 0x0D, 0x49, 0x47, 0x18, 0x98, 0x69, 0x01, 0x8D, 0x20, 0x20
	.byte 0x08, 0x40, 0x00, 0x04, 0x06, 0x0C, 0x00, 0x2E, 0x14, 0xD0, 0xD8, 0x68, 0x21, 0x68, 0x40, 0x18
	.byte 0x07, 0x4B, 0xC1, 0x18, 0x00, 0x92, 0xA8, 0x20, 0x01, 0x90, 0x12, 0x20, 0x02, 0x90, 0x08, 0x1C
	.byte 0x61, 0x46, 0x3A, 0x1C, 0x01, 0x23, 0x57, 0xF7, 0xB3, 0xF8, 0x1E, 0xE6, 0x00, 0xDD, 0xFF, 0xFF
	.byte 0x00, 0xC2, 0xFF, 0xFF, 0xD8, 0x68, 0x21, 0x68, 0x40, 0x18, 0x90, 0x22, 0xD2, 0x01, 0x81, 0x18
	.byte 0x00, 0x96, 0xA8, 0x20, 0x01, 0x90, 0x12, 0x20, 0x02, 0x90, 0x08, 0x1C, 0x61, 0x46, 0x3A, 0x1C
	.byte 0x00, 0x23, 0x57, 0xF7, 0x9D, 0xF8, 0x08, 0xE6, 0xD8, 0x21, 0x49, 0x00, 0x68, 0x18, 0x00, 0x88
	.byte 0x00, 0x28, 0x2A, 0xD1, 0xE8, 0x68, 0x80, 0x69, 0x01, 0x8D, 0x20, 0x20, 0x08, 0x40, 0x00, 0x28
	.byte 0x0C, 0xD0, 0x86, 0x22, 0x92, 0x00, 0xA8, 0x18, 0x03, 0x49, 0x2B, 0x1C, 0xE0, 0x33, 0x06, 0x22
	.byte 0xFF, 0xF7, 0xEA, 0xFA, 0x0B, 0xE0, 0x00, 0x00, 0x0C, 0x9F, 0x61, 0x09, 0x86, 0x23, 0x9B, 0x00
	.byte 0xE8, 0x18, 0x21, 0x49, 0x2B, 0x1C, 0xE0, 0x33, 0x06, 0x22, 0xFF, 0xF7, 0xDD, 0xFA, 0xE4, 0x21
	.byte 0x49, 0x00, 0x68, 0x18, 0xFC, 0x22, 0x52, 0x00, 0xA9, 0x18, 0x1C, 0x4A, 0xFF, 0xF7, 0xA2, 0xF9
	.byte 0x81, 0x23, 0x9B, 0x00, 0xE9, 0x18, 0xE8, 0x20, 0x08, 0x80, 0xD8, 0x21, 0x49, 0x00, 0x68, 0x18
	.byte 0x00, 0x88, 0x23, 0x28, 0x50, 0xD1, 0x81, 0x22, 0x92, 0x00, 0xA9, 0x18, 0x88, 0x20, 0x40, 0x00
	.byte 0x08, 0x80, 0xE8, 0x68, 0x80, 0x69, 0x3A, 0x30, 0x01, 0x21, 0x01, 0x70, 0xE8, 0x68, 0x80, 0x69
	.byte 0x01, 0x8D, 0x20, 0x20, 0x08, 0x40, 0x00, 0x28, 0x1C, 0xD0, 0x82, 0x23, 0x9B, 0x00, 0xE8, 0x18
	.byte 0x01, 0x68, 0x0B, 0x48, 0x09, 0x18, 0x08, 0x32, 0xA8, 0x18, 0x02, 0x68, 0x08, 0x33, 0xE8, 0x18
	.byte 0x03, 0x68, 0xA0, 0x20, 0x40, 0x01, 0x1B, 0x18, 0x10, 0x20, 0x00, 0x90, 0x01, 0x90, 0x02, 0x90
	.byte 0xED, 0x20, 0x56, 0xF7, 0x3F, 0xF8, 0x1D, 0xE0, 0xFC, 0x9F, 0x61, 0x09, 0x00, 0xF5, 0xFF, 0xFF
	.byte 0x00, 0xF0, 0xFF, 0xFF, 0x82, 0x21, 0x89, 0x00, 0x68, 0x18, 0x01, 0x68, 0xA0, 0x22, 0x92, 0x01
	.byte 0x89, 0x18, 0x83, 0x23, 0x9B, 0x00, 0xE8, 0x18, 0x02, 0x68, 0x04, 0x33, 0xE8, 0x18, 0x03, 0x68
	.byte 0xA0, 0x20, 0x40, 0x01, 0x1B, 0x18, 0x10, 0x20, 0x00, 0x90, 0x01, 0x90, 0x02, 0x90, 0xED, 0x20
	.byte 0x56, 0xF7, 0x20, 0xF8, 0x01, 0x28, 0x03, 0xD1, 0x92, 0x20, 0x80, 0x00, 0x63, 0xF0, 0x96, 0xFF
	.byte 0x84, 0x20, 0x80, 0x00, 0x63, 0xF0, 0x92, 0xFF, 0xD8, 0x22, 0x52, 0x00, 0xA9, 0x18, 0x08, 0x88
	.byte 0x32, 0x28, 0x00, 0xD9, 0x3C, 0xE1, 0x4D, 0xE1, 0xD8, 0x23, 0x5B, 0x00, 0xE8, 0x18, 0x00, 0x88
	.byte 0x00, 0x28, 0x2A, 0xD1, 0xE8, 0x68, 0x80, 0x69, 0x01, 0x8D, 0x20, 0x20, 0x08, 0x40, 0x00, 0x28
	.byte 0x0C, 0xD0, 0x86, 0x21, 0x89, 0x00, 0x68, 0x18, 0x03, 0x49, 0x2B, 0x1C, 0xE0, 0x33, 0x06, 0x22
	.byte 0xFF, 0xF7, 0x5A, 0xFA, 0x0B, 0xE0, 0x00, 0x00, 0x0C, 0x9F, 0x61, 0x09, 0x86, 0x22, 0x92, 0x00
	.byte 0xA8, 0x18, 0x1F, 0x49, 0x2B, 0x1C, 0xE0, 0x33, 0x06, 0x22, 0xFF, 0xF7, 0x4D, 0xFA, 0xE4, 0x23
	.byte 0x5B, 0x00, 0xE8, 0x18, 0xFC, 0x22, 0x52, 0x00, 0xA9, 0x18, 0x1A, 0x4A, 0xFF, 0xF7, 0x12, 0xF9
	.byte 0x81, 0x23, 0x9B, 0x00, 0xE9, 0x18, 0xE8, 0x20, 0x08, 0x80, 0xD8, 0x20, 0x40, 0x00, 0x2A, 0x18
	.byte 0x10, 0x88, 0x23, 0x28, 0x05, 0xD1, 0x81, 0x23, 0x9B, 0x00, 0xE9, 0x18, 0x88, 0x20, 0x40, 0x00
	.byte 0x08, 0x80, 0x10, 0x88, 0x25, 0x28, 0x53, 0xD1, 0x0F, 0x4A, 0x10, 0x48, 0x01, 0x68, 0x08, 0x68
	.byte 0x10, 0x60, 0x0F, 0x4A, 0x49, 0x68, 0x11, 0x60, 0x0E, 0x4A, 0x00, 0x12, 0x10, 0x80, 0x0E, 0x48
	.byte 0x09, 0x12, 0x01, 0x80, 0xE8, 0x68, 0x80, 0x69, 0x01, 0x8D, 0x20, 0x20, 0x08, 0x40, 0x00, 0x28
	.byte 0x16, 0xD0, 0x0A, 0x48, 0xAC, 0x21, 0x49, 0x02, 0x58, 0xF7, 0xE4, 0xFB, 0x16, 0xE0, 0x00, 0x00
	.byte 0xFC, 0x9F, 0x61, 0x09, 0x00, 0xF5, 0xFF, 0xFF, 0x64, 0xAC, 0x03, 0x02, 0x84, 0x9B, 0x03, 0x02
	.byte 0x78, 0xAC, 0x03, 0x02, 0x60, 0xAC, 0x03, 0x02, 0x6C, 0xAC, 0x03, 0x02, 0x00, 0x0D, 0x01, 0x00
	.byte 0xF0, 0x20, 0x00, 0x02, 0xAC, 0x21, 0x49, 0x02, 0x58, 0xF7, 0xCC, 0xFB, 0x73, 0xF7, 0xD2, 0xF8
	.byte 0x84, 0x20, 0x80, 0x00, 0x63, 0xF0, 0x12, 0xFF, 0x0F, 0x4C, 0x20, 0x68, 0x01, 0x68, 0x42, 0x68
	.byte 0xA0, 0x20, 0x40, 0x00, 0x00, 0x90, 0xF0, 0x20, 0x01, 0x90, 0x01, 0x20, 0x02, 0x90, 0xEE, 0x20
	.byte 0x00, 0x23, 0x55, 0xF7, 0x87, 0xFF, 0x09, 0x4A, 0x21, 0x68, 0x08, 0x68, 0x10, 0x60, 0x08, 0x4A
	.byte 0x49, 0x68, 0x11, 0x60, 0x07, 0x4A, 0x00, 0x12, 0x10, 0x80, 0x07, 0x48, 0x09, 0x12, 0x01, 0x80
	.byte 0xD8, 0x20, 0x40, 0x00, 0x29, 0x18, 0x62, 0xE7, 0x84, 0x9B, 0x03, 0x02, 0x64, 0xAC, 0x03, 0x02
	.byte 0x78, 0xAC, 0x03, 0x02, 0x60, 0xAC, 0x03, 0x02, 0x6C, 0xAC, 0x03, 0x02, 0xD8, 0x21, 0x49, 0x00
	.byte 0x68, 0x18, 0x00, 0x88, 0x00, 0x28, 0x2A, 0xD1, 0xE8, 0x68, 0x80, 0x69, 0x01, 0x8D, 0x20, 0x20
	.byte 0x08, 0x40, 0x00, 0x28, 0x0C, 0xD0, 0x86, 0x22, 0x92, 0x00, 0xA8, 0x18, 0x03, 0x49, 0x2B, 0x1C
	.byte 0xE0, 0x33, 0x06, 0x22, 0xFF, 0xF7, 0xB8, 0xF9, 0x0B, 0xE0, 0x00, 0x00, 0xEC, 0xA0, 0x61, 0x09
	.byte 0x86, 0x23, 0x9B, 0x00, 0xE8, 0x18, 0x1F, 0x49, 0x2B, 0x1C, 0xE0, 0x33, 0x06, 0x22, 0xFF, 0xF7
	.byte 0xAB, 0xF9, 0xE4, 0x21, 0x49, 0x00, 0x68, 0x18, 0xFC, 0x22, 0x52, 0x00, 0xA9, 0x18, 0x1A, 0x4A
	.byte 0xFF, 0xF7, 0x70, 0xF8, 0x81, 0x23, 0x9B, 0x00, 0xE9, 0x18, 0xE8, 0x20, 0x08, 0x80, 0xD8, 0x20
	.byte 0x40, 0x00, 0x2A, 0x18, 0x10, 0x88, 0x32, 0x28, 0x05, 0xD1, 0x81, 0x23, 0x9B, 0x00, 0xE9, 0x18
	.byte 0x88, 0x20, 0x40, 0x00, 0x08, 0x80, 0x10, 0x88, 0x34, 0x28, 0x53, 0xD1, 0x0F, 0x4A, 0x10, 0x48
	.byte 0x01, 0x68, 0x08, 0x68, 0x10, 0x60, 0x0F, 0x4A, 0x49, 0x68, 0x11, 0x60, 0x0E, 0x4A, 0x00, 0x12
	.byte 0x10, 0x80, 0x0E, 0x48, 0x09, 0x12, 0x01, 0x80, 0xE8, 0x68, 0x80, 0x69, 0x01, 0x8D, 0x20, 0x20
	.byte 0x08, 0x40, 0x00, 0x28, 0x16, 0xD0, 0x0A, 0x48, 0xAC, 0x21, 0x49, 0x02, 0x58, 0xF7, 0x42, 0xFB
	.byte 0x16, 0xE0, 0x00, 0x00, 0xDC, 0xA1, 0x61, 0x09, 0x00, 0xF5, 0xFF, 0xFF, 0x64, 0xAC, 0x03, 0x02
	.byte 0x84, 0x9B, 0x03, 0x02, 0x78, 0xAC, 0x03, 0x02, 0x60, 0xAC, 0x03, 0x02, 0x6C, 0xAC, 0x03, 0x02
	.byte 0x00, 0x0D, 0x01, 0x00, 0xF0, 0x20, 0x00, 0x02, 0xAC, 0x21, 0x49, 0x02, 0x58, 0xF7, 0x2A, 0xFB
	.byte 0x73, 0xF7, 0x30, 0xF8, 0x84, 0x20, 0x80, 0x00, 0x63, 0xF0, 0x70, 0xFE, 0x14, 0x4C, 0x20, 0x68
	.byte 0x01, 0x68, 0x42, 0x68, 0xA0, 0x20, 0x40, 0x00, 0x00, 0x90, 0xF0, 0x20, 0x01, 0x90, 0x01, 0x20
	.byte 0x02, 0x90, 0xEE, 0x20, 0x00, 0x23, 0x55, 0xF7, 0xE5, 0xFE, 0x0E, 0x4A, 0x21, 0x68, 0x08, 0x68
	.byte 0x10, 0x60, 0x0D, 0x4A, 0x49, 0x68, 0x11, 0x60, 0x0C, 0x4A, 0x00, 0x12, 0x10, 0x80, 0x0C, 0x48
	.byte 0x09, 0x12, 0x01, 0x80, 0xD8, 0x20, 0x40, 0x00, 0x29, 0x18, 0x08, 0x88, 0x41, 0x28, 0x11, 0xD9
	.byte 0xE8, 0x68, 0x82, 0x69, 0x11, 0x8D, 0x02, 0x20, 0x08, 0x43, 0x10, 0x85, 0x70, 0xE0, 0x00, 0x00
	.byte 0x84, 0x9B, 0x03, 0x02, 0x64, 0xAC, 0x03, 0x02, 0x78, 0xAC, 0x03, 0x02, 0x60, 0xAC, 0x03, 0x02
	.byte 0x6C, 0xAC, 0x03, 0x02, 0x01, 0x30, 0x08, 0x80, 0x62, 0xE0, 0xD8, 0x21, 0x49, 0x00, 0x68, 0x18
	.byte 0x00, 0x88, 0x00, 0x28, 0x29, 0xD1, 0x81, 0x22, 0x92, 0x00, 0xA9, 0x18, 0x86, 0x20, 0x40, 0x00
	.byte 0x08, 0x80, 0xE4, 0x23, 0x5B, 0x00, 0xE8, 0x18, 0x0C, 0x3A, 0xA9, 0x18, 0xFE, 0xF7, 0xE2, 0xFF
	.byte 0xE8, 0x68, 0x80, 0x69, 0x01, 0x8D, 0x20, 0x20, 0x08, 0x40, 0x00, 0x28, 0x0C, 0xD0, 0x86, 0x23
	.byte 0x9B, 0x00, 0xE8, 0x18, 0x03, 0x49, 0x2B, 0x1C, 0xE0, 0x33, 0x05, 0x22, 0xFF, 0xF7, 0xFC, 0xF8
	.byte 0x0B, 0xE0, 0x00, 0x00, 0xAC, 0xA4, 0x61, 0x09, 0x86, 0x21, 0x89, 0x00, 0x68, 0x18, 0x17, 0x49
	.byte 0x2B, 0x1C, 0xE0, 0x33, 0x05, 0x22, 0xFF, 0xF7, 0xEF, 0xF8, 0xD8, 0x22, 0x52, 0x00, 0xA8, 0x18
	.byte 0x00, 0x88, 0x15, 0x28, 0x15, 0xD1, 0xE8, 0x68, 0x80, 0x69, 0x81, 0x68, 0xC2, 0x68, 0x84, 0x23
	.byte 0x9B, 0x00, 0xE8, 0x18, 0x03, 0x68, 0x24, 0x20, 0x00, 0x90, 0x20, 0x20, 0x01, 0x90, 0x02, 0x90
	.byte 0xF0, 0x20, 0x55, 0xF7, 0x77, 0xFE, 0x01, 0x28, 0x03, 0xD1, 0x92, 0x20, 0x80, 0x00, 0x63, 0xF0
	.byte 0xED, 0xFD, 0xD8, 0x20, 0x40, 0x00, 0x29, 0x18, 0x08, 0x88, 0x21, 0x28, 0x08, 0xD9, 0xE8, 0x68
	.byte 0x82, 0x69, 0x11, 0x8D, 0x02, 0x20, 0x08, 0x43, 0x10, 0x85, 0x03, 0xE0, 0x74, 0xA5, 0x61, 0x09
	.byte 0x01, 0x30, 0x08, 0x80, 0x11, 0x48, 0xD8, 0x22, 0x52, 0x00, 0xA9, 0x18, 0x09, 0x88, 0x01, 0x80
	.byte 0x28, 0x1C, 0xE0, 0x30, 0x86, 0x23, 0x9B, 0x00, 0xE9, 0x18, 0xFF, 0xF7, 0x8B, 0xF9, 0x28, 0x1C
	.byte 0xFF, 0xF7, 0xC6, 0xF8, 0x00, 0x26, 0x34, 0x20, 0x34, 0x1C, 0x44, 0x43, 0x60, 0x19, 0xF8, 0x30
	.byte 0x49, 0xF7, 0xBE, 0xFB, 0x88, 0x22, 0x52, 0x00, 0xA9, 0x18, 0x09, 0x19, 0x08, 0x60, 0x01, 0x36
	.byte 0x02, 0x2E, 0xF0, 0xDD, 0x03, 0xB0, 0xF0, 0xBC, 0x01, 0xBC, 0x00, 0x47, 0x74, 0xAC, 0x03, 0x02
	thumb_func_start func_080BC304
func_080BC304: @ 080BC304
	push {r4, r5, r6, lr}
	adds r6, r0, #0x0
	ldr r0, [r6, #0x0C]
	ldr r0, [r0, #0x18]
	ldr r0, [r0, #0x2C]
	cmp r0, #0x11
	bls _080BC314
	b _080BC84A
_080BC314:
	lsls r0, r0, #0x02
	ldr r1, _080BC320 @ =0x080BC324
	adds r0, r0, r1
	ldr r0, [r0, #0x00]
	mov pc, r0
	.byte 0x00, 0x00
_080BC320: .4byte 0x080BC324
	.byte 0x6C, 0xC3, 0x0B, 0x08, 0x28, 0xC5, 0x0B, 0x08, 0x64, 0xC6, 0x0B, 0x08, 0xE0, 0xC6, 0x0B, 0x08
	.byte 0x14, 0xC4, 0x0B, 0x08, 0x14, 0xC4, 0x0B, 0x08, 0x14, 0xC4, 0x0B, 0x08, 0x14, 0xC4, 0x0B, 0x08
	.byte 0x4A, 0xC8, 0x0B, 0x08, 0xE0, 0xC7, 0x0B, 0x08, 0xBC, 0xC5, 0x0B, 0x08, 0x58, 0xC7, 0x0B, 0x08
	.byte 0x78, 0xC4, 0x0B, 0x08, 0xDC, 0xC4, 0x0B, 0x08, 0x78, 0xC4, 0x0B, 0x08, 0x6C, 0xC3, 0x0B, 0x08
	.byte 0x4A, 0xC8, 0x0B, 0x08, 0x78, 0xC8, 0x0B, 0x08, 0xD9, 0x21, 0x49, 0x00, 0x70, 0x18, 0x00, 0x88
	.byte 0x00, 0x28, 0x22, 0xD1, 0x85, 0x22, 0x92, 0x00, 0xB1, 0x18, 0x88, 0x20, 0x40, 0x00, 0x08, 0x80
	.byte 0xF0, 0x68, 0x80, 0x69, 0x01, 0x8D, 0x20, 0x20, 0x08, 0x40, 0x00, 0x28, 0x0C, 0xD0, 0x89, 0x21
	.byte 0x89, 0x00, 0x70, 0x18, 0x03, 0x49, 0x33, 0x1C, 0x10, 0x33, 0x03, 0x22, 0xFF, 0xF7, 0x4C, 0xF8
	.byte 0x0B, 0xE0, 0x00, 0x00, 0xDC, 0x9C, 0x61, 0x09, 0x89, 0x22, 0x92, 0x00, 0xB0, 0x18, 0x10, 0x49
	.byte 0x33, 0x1C, 0x10, 0x33, 0x03, 0x22, 0xFF, 0xF7, 0x3F, 0xF8, 0xD9, 0x21, 0x49, 0x00, 0x70, 0x18
	.byte 0x00, 0x88, 0x1E, 0x21, 0x61, 0xF0, 0x00, 0xFA, 0x00, 0x04, 0x00, 0x0C, 0x0C, 0x28, 0x00, 0xD0
	.byte 0x33, 0xE2, 0x8C, 0x22, 0x92, 0x00, 0xB0, 0x18, 0x00, 0x78, 0x00, 0x28, 0x0C, 0xD0, 0xF0, 0x21
	.byte 0x49, 0x00, 0x70, 0x18, 0x28, 0x3A, 0xB1, 0x18, 0x02, 0x4A, 0xFE, 0xF7, 0xF3, 0xFE, 0x24, 0xE2
	.byte 0x54, 0x9D, 0x61, 0x09, 0x00, 0xFA, 0xFF, 0xFF, 0xE4, 0x21, 0x49, 0x00, 0x70, 0x18, 0x82, 0x22
	.byte 0x92, 0x00, 0xB1, 0x18, 0x01, 0x4A, 0xFE, 0xF7, 0xE5, 0xFE, 0x16, 0xE2, 0x00, 0xFA, 0xFF, 0xFF
	.byte 0xD9, 0x21, 0x49, 0x00, 0x70, 0x18, 0x00, 0x88, 0x00, 0x28, 0x00, 0xD0, 0x0D, 0xE2, 0x85, 0x22
	.byte 0x92, 0x00, 0xB1, 0x18, 0x88, 0x20, 0x40, 0x00, 0x08, 0x80, 0xF0, 0x21, 0x49, 0x00, 0x70, 0x18
	.byte 0x0C, 0x3A, 0xB1, 0x18, 0xFE, 0xF7, 0xD6, 0xFE, 0xF0, 0x68, 0x80, 0x69, 0x01, 0x8D, 0x20, 0x20
	.byte 0x08, 0x40, 0x00, 0x28, 0x0C, 0xD0, 0x89, 0x21, 0x89, 0x00, 0x70, 0x18, 0x03, 0x49, 0x33, 0x1C
	.byte 0x10, 0x33, 0x06, 0x22, 0xFE, 0xF7, 0xF0, 0xFF, 0xEF, 0xE1, 0x00, 0x00, 0x44, 0xA3, 0x61, 0x09
	.byte 0x89, 0x22, 0x92, 0x00, 0xB0, 0x18, 0x02, 0x49, 0x33, 0x1C, 0x10, 0x33, 0x06, 0x22, 0xE2, 0xE1
	.byte 0x34, 0xA4, 0x61, 0x09, 0xD9, 0x21, 0x49, 0x00, 0x70, 0x18, 0x00, 0x88, 0x00, 0x28, 0x00, 0xD0
	.byte 0xDB, 0xE1, 0x85, 0x22, 0x92, 0x00, 0xB1, 0x18, 0xB9, 0x20, 0x08, 0x80, 0xF0, 0x21, 0x49, 0x00
	.byte 0x70, 0x18, 0x0C, 0x3A, 0xB1, 0x18, 0x80, 0x22, 0x52, 0x42, 0xFE, 0xF7, 0x9B, 0xFE, 0xF0, 0x68
	.byte 0x80, 0x69, 0x01, 0x8D, 0x20, 0x20, 0x08, 0x40, 0x00, 0x28, 0x0B, 0xD0, 0x89, 0x21, 0x89, 0x00
	.byte 0x70, 0x18, 0x03, 0x49, 0x33, 0x1C, 0x10, 0x33, 0x01, 0x22, 0xFE, 0xF7, 0xBD, 0xFF, 0xBC, 0xE1
	.byte 0xCC, 0x9D, 0x61, 0x09, 0x89, 0x22, 0x92, 0x00, 0xB0, 0x18, 0x02, 0x49, 0x33, 0x1C, 0x10, 0x33
	.byte 0x01, 0x22, 0xB0, 0xE1, 0xF4, 0x9D, 0x61, 0x09, 0xD9, 0x21, 0x49, 0x00, 0x70, 0x18, 0x00, 0x88
	.byte 0x00, 0x28, 0x00, 0xD0, 0xA9, 0xE1, 0x85, 0x22, 0x92, 0x00, 0xB1, 0x18, 0xB9, 0x20, 0x08, 0x80
	.byte 0xF0, 0x21, 0x49, 0x00, 0x70, 0x18, 0x0C, 0x3A, 0xB1, 0x18, 0x80, 0x22, 0x52, 0x42, 0xFE, 0xF7
	.byte 0x69, 0xFE, 0xF0, 0x68, 0x80, 0x69, 0x01, 0x8D, 0x20, 0x20, 0x08, 0x40, 0x00, 0x28, 0xCD, 0xD1
	.byte 0x89, 0x22, 0x92, 0x00, 0xB0, 0x18, 0x02, 0x49, 0x33, 0x1C, 0x10, 0x33, 0x01, 0x22, 0x8A, 0xE1
	.byte 0xF4, 0x9D, 0x61, 0x09, 0xD9, 0x21, 0x49, 0x00, 0x70, 0x18, 0x00, 0x88, 0x00, 0x28, 0x38, 0xD1
	.byte 0xF0, 0x68, 0x80, 0x69, 0x01, 0x8D, 0x20, 0x20, 0x08, 0x40, 0x00, 0x28, 0x1A, 0xD0, 0x89, 0x22
	.byte 0x92, 0x00, 0xB0, 0x18, 0x0A, 0x49, 0x33, 0x1C, 0x10, 0x33, 0x03, 0x22, 0xFE, 0xF7, 0x74, 0xFF
	.byte 0x85, 0x20, 0x80, 0x00, 0x31, 0x18, 0x86, 0x20, 0x40, 0x00, 0x08, 0x80, 0xF0, 0x21, 0x49, 0x00
	.byte 0x70, 0x18, 0x82, 0x22, 0x92, 0x00, 0xB1, 0x18, 0x01, 0x22, 0xFE, 0xF7, 0x41, 0xFE, 0x18, 0xE0
	.byte 0x58, 0x9E, 0x61, 0x09, 0x89, 0x21, 0x89, 0x00, 0x70, 0x18, 0x0E, 0x49, 0x33, 0x1C, 0x10, 0x33
	.byte 0x03, 0x22, 0xFE, 0xF7, 0x59, 0xFF, 0x85, 0x22, 0x92, 0x00, 0xB1, 0x18, 0x8C, 0x20, 0x40, 0x00
	.byte 0x08, 0x80, 0xF0, 0x21, 0x49, 0x00, 0x70, 0x18, 0x0C, 0x3A, 0xB1, 0x18, 0x03, 0x22, 0xFE, 0xF7
	.byte 0x27, 0xFE, 0xD9, 0x21, 0x49, 0x00, 0x70, 0x18, 0x00, 0x88, 0x37, 0x28, 0x00, 0xD8, 0x44, 0xE1
	.byte 0x48, 0xE0, 0x00, 0x00, 0xD0, 0x9E, 0x61, 0x09, 0xD9, 0x21, 0x49, 0x00, 0x70, 0x18, 0x00, 0x88
	.byte 0x00, 0x28, 0x38, 0xD1, 0xF0, 0x68, 0x80, 0x69, 0x01, 0x8D, 0x20, 0x20, 0x08, 0x40, 0x00, 0x28
	.byte 0x1A, 0xD0, 0x89, 0x22, 0x92, 0x00, 0xB0, 0x18, 0x0A, 0x49, 0x33, 0x1C, 0x10, 0x33, 0x03, 0x22
	.byte 0xFE, 0xF7, 0x2A, 0xFF, 0x85, 0x20, 0x80, 0x00, 0x31, 0x18, 0x86, 0x20, 0x40, 0x00, 0x08, 0x80
	.byte 0xF0, 0x21, 0x49, 0x00, 0x70, 0x18, 0x82, 0x22, 0x92, 0x00, 0xB1, 0x18, 0x01, 0x22, 0xFE, 0xF7
	.byte 0xF7, 0xFD, 0x18, 0xE0, 0x58, 0x9E, 0x61, 0x09, 0x89, 0x21, 0x89, 0x00, 0x70, 0x18, 0x13, 0x49
	.byte 0x33, 0x1C, 0x10, 0x33, 0x03, 0x22, 0xFE, 0xF7, 0x0F, 0xFF, 0x85, 0x22, 0x92, 0x00, 0xB1, 0x18
	.byte 0x8C, 0x20, 0x40, 0x00, 0x08, 0x80, 0xF0, 0x21, 0x49, 0x00, 0x70, 0x18, 0x0C, 0x3A, 0xB1, 0x18
	.byte 0x03, 0x22, 0xFE, 0xF7, 0xDD, 0xFD, 0xD9, 0x21, 0x49, 0x00, 0x70, 0x18, 0x00, 0x88, 0x46, 0x28
	.byte 0x00, 0xD8, 0xFA, 0xE0, 0x56, 0xF7, 0x50, 0xF9, 0x00, 0x06, 0x00, 0x28, 0x00, 0xD0, 0xF4, 0xE0
	.byte 0x85, 0x22, 0x92, 0x00, 0xB1, 0x18, 0xF0, 0x20, 0x08, 0x80, 0xEE, 0xE0, 0xD0, 0x9E, 0x61, 0x09
	.byte 0xD9, 0x21, 0x49, 0x00, 0x70, 0x18, 0x00, 0x88, 0x00, 0x28, 0x2A, 0xD1, 0xF0, 0x68, 0x80, 0x69
	.byte 0x01, 0x8D, 0x20, 0x20, 0x08, 0x40, 0x00, 0x28, 0x0C, 0xD0, 0x89, 0x22, 0x92, 0x00, 0xB0, 0x18
	.byte 0x03, 0x49, 0x33, 0x1C, 0x10, 0x33, 0x06, 0x22, 0xFE, 0xF7, 0xD6, 0xFE, 0x0B, 0xE0, 0x00, 0x00
	.byte 0x84, 0x9F, 0x61, 0x09, 0x89, 0x21, 0x89, 0x00, 0x70, 0x18, 0x0E, 0x49, 0x33, 0x1C, 0x10, 0x33
	.byte 0x06, 0x22, 0xFE, 0xF7, 0xC9, 0xFE, 0xF0, 0x22, 0x52, 0x00, 0xB0, 0x18, 0x28, 0x32, 0xB1, 0x18
	.byte 0x09, 0x4A, 0xFE, 0xF7, 0x8F, 0xFD, 0x85, 0x20, 0x80, 0x00, 0x31, 0x18, 0x86, 0x20, 0x40, 0x00
	.byte 0x08, 0x80, 0xD9, 0x21, 0x49, 0x00, 0x72, 0x18, 0x10, 0x88, 0x23, 0x28, 0x00, 0xD0, 0x7D, 0xE0
	.byte 0x77, 0xE0, 0x00, 0x00, 0x74, 0xA0, 0x61, 0x09, 0x00, 0xF5, 0xFF, 0xFF, 0xD9, 0x21, 0x49, 0x00
	.byte 0x70, 0x18, 0x00, 0x88, 0x00, 0x28, 0x2A, 0xD1, 0xF0, 0x68, 0x80, 0x69, 0x01, 0x8D, 0x20, 0x20
	.byte 0x08, 0x40, 0x00, 0x28, 0x0C, 0xD0, 0x89, 0x22, 0x92, 0x00, 0xB0, 0x18, 0x03, 0x49, 0x33, 0x1C
	.byte 0x10, 0x33, 0x06, 0x22, 0xFE, 0xF7, 0x98, 0xFE, 0x0B, 0xE0, 0x00, 0x00, 0x84, 0x9F, 0x61, 0x09
	.byte 0x89, 0x21, 0x89, 0x00, 0x70, 0x18, 0x0D, 0x49, 0x33, 0x1C, 0x10, 0x33, 0x06, 0x22, 0xFE, 0xF7
	.byte 0x8B, 0xFE, 0xF0, 0x22, 0x52, 0x00, 0xB0, 0x18, 0x28, 0x32, 0xB1, 0x18, 0x08, 0x4A, 0xFE, 0xF7
	.byte 0x51, 0xFD, 0x85, 0x20, 0x80, 0x00, 0x31, 0x18, 0x86, 0x20, 0x40, 0x00, 0x08, 0x80, 0xD9, 0x21
	.byte 0x49, 0x00, 0x72, 0x18, 0x10, 0x88, 0x23, 0x28, 0x40, 0xD1, 0x3A, 0xE0, 0x74, 0xA0, 0x61, 0x09
	.byte 0x00, 0xF5, 0xFF, 0xFF, 0xD9, 0x21, 0x49, 0x00, 0x70, 0x18, 0x00, 0x88, 0x00, 0x28, 0x2A, 0xD1
	.byte 0xF0, 0x68, 0x80, 0x69, 0x01, 0x8D, 0x20, 0x20, 0x08, 0x40, 0x00, 0x28, 0x0C, 0xD0, 0x89, 0x22
	.byte 0x92, 0x00, 0xB0, 0x18, 0x03, 0x49, 0x33, 0x1C, 0x10, 0x33, 0x06, 0x22, 0xFE, 0xF7, 0x5C, 0xFE
	.byte 0x0B, 0xE0, 0x00, 0x00, 0x64, 0xA1, 0x61, 0x09, 0x89, 0x21, 0x89, 0x00, 0x70, 0x18, 0x11, 0x49
	.byte 0x33, 0x1C, 0x10, 0x33, 0x06, 0x22, 0xFE, 0xF7, 0x4F, 0xFE, 0xF0, 0x22, 0x52, 0x00, 0xB0, 0x18
	.byte 0x28, 0x32, 0xB1, 0x18, 0x0C, 0x4A, 0xFE, 0xF7, 0x15, 0xFD, 0x85, 0x20, 0x80, 0x00, 0x31, 0x18
	.byte 0x86, 0x20, 0x40, 0x00, 0x08, 0x80, 0xD9, 0x21, 0x49, 0x00, 0x72, 0x18, 0x10, 0x88, 0x32, 0x28
	.byte 0x04, 0xD1, 0x85, 0x20, 0x80, 0x00, 0x31, 0x18, 0xF0, 0x20, 0x08, 0x80, 0x10, 0x88, 0x01, 0x30
	.byte 0x10, 0x80, 0x38, 0xE0, 0x54, 0xA2, 0x61, 0x09, 0x00, 0xF5, 0xFF, 0xFF, 0xD9, 0x21, 0x49, 0x00
	.byte 0x70, 0x18, 0x00, 0x88, 0x00, 0x28, 0x28, 0xD1, 0x85, 0x22, 0x92, 0x00, 0xB1, 0x18, 0x88, 0x20
	.byte 0x40, 0x00, 0x08, 0x80, 0xF0, 0x21, 0x49, 0x00, 0x70, 0x18, 0x0C, 0x3A, 0xB1, 0x18, 0xFE, 0xF7
	.byte 0xF1, 0xFC, 0xF0, 0x68, 0x80, 0x69, 0x01, 0x8D, 0x20, 0x20, 0x08, 0x40, 0x00, 0x28, 0x0B, 0xD0
	.byte 0x89, 0x21, 0x89, 0x00, 0x70, 0x18, 0x03, 0x49, 0x33, 0x1C, 0x10, 0x33, 0x05, 0x22, 0xFE, 0xF7
	.byte 0x0B, 0xFE, 0x0A, 0xE0, 0x10, 0xA5, 0x61, 0x09, 0x89, 0x22, 0x92, 0x00, 0xB0, 0x18, 0x13, 0x49
	.byte 0x33, 0x1C, 0x10, 0x33, 0x05, 0x22, 0xFE, 0xF7, 0xFF, 0xFD, 0xD9, 0x20, 0x40, 0x00, 0x31, 0x18
	.byte 0x08, 0x88, 0x01, 0x30, 0x08, 0x80
_080BC84A:
	adds r0, r6, #0x0
	adds r0, #0x10
	movs r2, #0x89
	lsls r2, r2, #0x02
	adds r1, r6, r2
	bl func_080BB5E8
	adds r0, r6, #0x0
	bl func_080BB4C0
	adds r4, r6, #0x0
	adds r4, #0x40
	adds r5, r6, #0x0
	adds r5, #0x28
	adds r6, #0xA8
_080BC868:
	adds r0, r5, #0x0
	bl func_08005A64
	str r0, [r4, #0x00]
	adds r4, #0x34
	adds r5, #0x34
	cmp r4, r6
	ble _080BC868
	pop {r4, r5, r6}
	pop {r0}
	bx r0
	.byte 0x00, 0x00, 0xD8, 0xA5, 0x61, 0x09
	thumb_func_start task_bos_tm_arm_1
task_bos_tm_arm_1: @ 080BC884
	push {r4, r5, lr}
	adds r5, r0, #0x0
	movs r0, #0x8D
	lsls r0, r0, #0x02
	adds r2, r5, r0
	ldr r0, [r5, #0x0C]
	ldr r0, [r0, #0x18]
	ldr r1, [r2, #0x00]
	ldr r0, [r0, #0x2C]
	cmp r1, r0
	beq _080BC8AE
	str r0, [r2, #0x00]
	movs r1, #0xD8
	lsls r1, r1, #0x01
	adds r0, r5, r1
	movs r1, #0x00
	strh r1, [r0, #0x00]
	movs r2, #0xD9
	lsls r2, r2, #0x01
	adds r0, r5, r2
	strh r1, [r0, #0x00]
_080BC8AE:
	ldr r0, _080BC8C4 @ =0x03007480
	ldr r0, [r0, #0x00]
	movs r1, #0x01
	ands r0, r1
	cmp r0, #0x00
	beq _080BC8C8
	adds r0, r5, #0x0
	bl _080BB924
	b _080BC8CE
	.byte 0x00, 0x00
_080BC8C4: .4byte 0x03007480
_080BC8C8:
	adds r0, r5, #0x0
	bl func_080BC304
_080BC8CE:
	ldr r0, [r5, #0x0C]
	ldr r0, [r0, #0x18]
	ldr r0, [r0, #0x2C]
	cmp r0, #0x0D
	beq _080BC924
	movs r1, #0x8F
	lsls r1, r1, #0x02
	adds r0, r5, r1
	bl func_08005A64
	movs r2, #0xEE
	lsls r2, r2, #0x01
	adds r1, r5, r2
	str r0, [r1, #0x00]
	adds r2, #0x18
	adds r1, r5, r2
	str r0, [r1, #0x00]
	ldr r0, _080BC938 @ =0x03007480
	ldr r0, [r0, #0x00]
	movs r1, #0x05
	bl func_0811D7CC
	cmp r0, #0x00
	bne _080BC924
	ldr r0, [r5, #0x04]
	ldrh r0, [r0, #0x06]
	adds r0, #0x01
	lsls r0, r0, #0x10
	lsrs r0, r0, #0x10
	movs r1, #0x95
	lsls r1, r1, #0x02
	adds r4, r5, r1
	ldrb r1, [r4, #0x00]
	lsls r1, r1, #0x05
	ldr r2, _080BC93C @ =0x096FB304
	adds r1, r1, r2
	bl func_08002BAC
	ldrb r0, [r4, #0x00]
	adds r0, #0x01
	movs r1, #0x07
	ands r0, r1
	strb r0, [r4, #0x00]
_080BC924:
	movs r2, #0xDA
	lsls r2, r2, #0x01
	adds r0, r5, r2
	bl func_08000EA4
	movs r0, #0x01
	pop {r4, r5}
	pop {r1}
	bx r1
	.byte 0x00, 0x00
_080BC938: .4byte 0x03007480
_080BC93C: .4byte 0x096FB304
	thumb_func_start task_bos_tm_arm_2
task_bos_tm_arm_2: @ 080BC940
	push {r4, r5, r6, r7, lr}
	mov r7, r10
	mov r6, r9
	mov r5, r8
	push {r5, r6, r7}
	add sp, #-0x020
	adds r7, r0, #0x0
	ldr r0, _080BC960 @ =0x02039B84
	ldr r0, [r0, #0x00]
	adds r0, #0x70
	ldrb r0, [r0, #0x00]
	cmp r0, #0x00
	beq _080BC964
	ldr r0, [r7, #0x04]
	mov r9, r0
	b _080BC98C
_080BC960: .4byte 0x02039B84
_080BC964:
	ldr r0, [r7, #0x0C]
	ldr r0, [r0, #0x18]
	ldrh r1, [r0, #0x28]
	movs r2, #0x01
	adds r0, r2, #0x0
	ands r0, r1
	cmp r0, #0x00
	beq _080BC988
	ldr r0, _080BC984 @ =0x03007480
	ldr r0, [r0, #0x00]
	ands r0, r2
	cmp r0, #0x00
	beq _080BC988
	ldr r1, [r7, #0x08]
	mov r9, r1
	b _080BC98C
_080BC984: .4byte 0x03007480
_080BC988:
	ldr r2, [r7, #0x04]
	mov r9, r2
_080BC98C:
	movs r3, #0x00
	str r3, [sp, #0x014]
	mov r4, sp
	adds r4, #0x12
	str r4, [sp, #0x018]
	adds r5, r7, #0x0
	adds r5, #0xAC
	str r5, [sp, #0x01C]
	movs r6, #0x80
	lsls r6, r6, #0x01
	mov r10, r6
	mov r8, r4
_080BC9A4:
	movs r0, #0x34
	ldr r1, [sp, #0x014]
	adds r5, r1, #0x0
	muls r5, r0
	adds r0, r5, #0x0
	adds r0, #0xE0
	adds r4, r7, r0
	ldrb r0, [r4, #0x08]
	mov r1, r10
	mov r2, r10
	movs r3, #0x00
	bl func_08002CB4
	adds r6, r0, #0x0
	ldr r1, [r7, #0x0C]
	ldr r2, [r1, #0x00]
	ldr r0, [r4, #0x00]
	adds r2, r2, r0
	ldr r3, [r1, #0x04]
	ldr r0, [r1, #0x08]
	ldr r1, [r4, #0x04]
	adds r0, r0, r1
	str r0, [sp, #0x000]
	add r0, sp, #0x010
	mov r1, r8
	bl func_0801909C
	add r0, sp, #0x010
	movs r2, #0x00
	ldsh r0, [r0, r2]
	mov r3, r8
	movs r2, #0x00
	ldsh r1, [r3, r2]
	ldr r2, [r4, #0x30]
	ldr r3, [r7, #0x00]
	mov r4, r9
	str r4, [sp, #0x000]
	str r6, [sp, #0x004]
	movs r6, #0x80
	lsls r6, r6, #0x04
	str r6, [sp, #0x008]
	ldr r4, [r7, #0x0C]
	ldr r4, [r4, #0x04]
	asrs r4, r4, #0x08
	lsls r4, r4, #0x02
	ldr r6, _080BCB68 @ =0xFFFFEFFC
	subs r4, r6, r4
	lsls r4, r4, #0x10
	lsrs r4, r4, #0x10
	str r4, [sp, #0x00C]
	bl func_080023E0
	adds r5, #0x10
	adds r4, r7, r5
	ldrb r0, [r4, #0x08]
	mov r1, r10
	mov r2, r10
	movs r3, #0x00
	bl func_08002CB4
	adds r6, r0, #0x0
	ldr r1, [r7, #0x0C]
	ldr r2, [r1, #0x0C]
	ldr r0, [r4, #0x00]
	adds r2, r2, r0
	ldr r3, [r1, #0x10]
	ldr r0, [r1, #0x14]
	ldr r1, [r4, #0x04]
	adds r0, r0, r1
	str r0, [sp, #0x000]
	add r0, sp, #0x010
	mov r1, r8
	bl func_0801909C
	add r0, sp, #0x010
	movs r1, #0x00
	ldsh r0, [r0, r1]
	mov r2, r8
	movs r3, #0x00
	ldsh r1, [r2, r3]
	ldr r2, [r4, #0x30]
	ldr r3, [r7, #0x00]
	mov r4, r9
	str r4, [sp, #0x000]
	str r6, [sp, #0x004]
	movs r5, #0x80
	lsls r5, r5, #0x04
	str r5, [sp, #0x008]
	ldr r4, [r7, #0x0C]
	ldr r4, [r4, #0x10]
	asrs r4, r4, #0x08
	lsls r4, r4, #0x02
	ldr r6, _080BCB68 @ =0xFFFFEFFC
	subs r4, r6, r4
	lsls r4, r4, #0x10
	lsrs r4, r4, #0x10
	str r4, [sp, #0x00C]
	bl func_080023E0
	ldr r0, [sp, #0x014]
	adds r0, #0x01
	str r0, [sp, #0x014]
	cmp r0, #0x02
	ble _080BC9A4
	ldr r0, [r7, #0x0C]
	ldr r0, [r0, #0x18]
	ldrh r1, [r0, #0x28]
	movs r0, #0x20
	ands r0, r1
	ldr r1, _080BCB6C @ =0xFFFFFF00
	mov r10, r1
	cmp r0, #0x00
	beq _080BCA8C
	movs r2, #0x80
	lsls r2, r2, #0x01
	mov r10, r2
_080BCA8C:
	movs r3, #0xBE
	lsls r3, r3, #0x01
	adds r4, r7, r3
	ldrb r0, [r4, #0x08]
	movs r5, #0x80
	lsls r5, r5, #0x01
	mov r8, r5
	mov r1, r10
	mov r2, r8
	movs r3, #0x00
	bl func_08002CB4
	adds r6, r0, #0x0
	ldr r1, [r7, #0x0C]
	ldr r2, [r1, #0x00]
	ldr r0, [r4, #0x00]
	adds r2, r2, r0
	ldr r3, [r1, #0x04]
	ldr r0, [r1, #0x08]
	ldr r1, [r4, #0x04]
	adds r0, r0, r1
	str r0, [sp, #0x000]
	add r0, sp, #0x010
	ldr r1, [sp, #0x018]
	bl func_0801909C
	add r0, sp, #0x010
	movs r1, #0x00
	ldsh r0, [r0, r1]
	ldr r2, [sp, #0x018]
	movs r3, #0x00
	ldsh r1, [r2, r3]
	ldr r2, [r4, #0x30]
	ldr r3, [r7, #0x00]
	mov r4, r9
	str r4, [sp, #0x000]
	str r6, [sp, #0x004]
	movs r5, #0x80
	lsls r5, r5, #0x04
	str r5, [sp, #0x008]
	ldr r4, [r7, #0x0C]
	ldr r4, [r4, #0x04]
	asrs r4, r4, #0x08
	lsls r4, r4, #0x02
	ldr r6, _080BCB68 @ =0xFFFFEFFC
	adds r5, r6, #0x0
	subs r4, r5, r4
	lsls r4, r4, #0x10
	lsrs r4, r4, #0x10
	str r4, [sp, #0x00C]
	bl func_080023E0
	ldr r4, [sp, #0x01C]
	ldrb r0, [r4, #0x08]
	mov r1, r10
	mov r2, r8
	movs r3, #0x00
	bl func_08002CB4
	adds r6, r0, #0x0
	ldr r1, [r7, #0x0C]
	ldr r2, [r1, #0x0C]
	ldr r0, [r4, #0x00]
	adds r2, r2, r0
	ldr r3, [r1, #0x10]
	ldr r0, [r1, #0x14]
	ldr r1, [r4, #0x04]
	adds r0, r0, r1
	str r0, [sp, #0x000]
	add r0, sp, #0x010
	ldr r1, [sp, #0x018]
	bl func_0801909C
	add r0, sp, #0x010
	movs r1, #0x00
	ldsh r0, [r0, r1]
	ldr r2, [sp, #0x018]
	movs r3, #0x00
	ldsh r1, [r2, r3]
	ldr r2, [r4, #0x30]
	ldr r3, [r7, #0x00]
	mov r4, r9
	str r4, [sp, #0x000]
	str r6, [sp, #0x004]
	movs r6, #0x80
	lsls r6, r6, #0x04
	str r6, [sp, #0x008]
	ldr r4, [r7, #0x0C]
	ldr r4, [r4, #0x10]
	asrs r4, r4, #0x08
	lsls r4, r4, #0x02
	subs r5, r5, r4
	lsls r5, r5, #0x10
	lsrs r5, r5, #0x10
	str r5, [sp, #0x00C]
	bl func_080023E0
	movs r1, #0xDA
	lsls r1, r1, #0x01
	adds r0, r7, r1
	bl func_08000EE0
	add sp, #0x020
	pop {r3, r4, r5}
	mov r8, r3
	mov r9, r4
	mov r10, r5
	pop {r4, r5, r6, r7}
	pop {r0}
	bx r0
_080BCB68: .4byte 0xFFFFEFFC
_080BCB6C: .4byte 0xFFFFFF00
	thumb_func_start task_bos_tm_arm_3
task_bos_tm_arm_3: @ 080BCB70
	push {r4, lr}
	adds r4, r0, #0x0
	ldr r0, [r4, #0x00]
	bl func_080028C0
	movs r1, #0x8E
	lsls r1, r1, #0x02
	adds r0, r4, r1
	ldr r0, [r0, #0x00]
	bl func_080028C0
	ldr r0, [r4, #0x04]
	bl func_08002C10
	ldr r0, [r4, #0x08]
	bl func_08002C10
	movs r1, #0xDA
	lsls r1, r1, #0x01
	adds r0, r4, r1
	bl func_08000F0C
	pop {r4}
	pop {r0}
	bx r0
	.byte 0x00, 0x00
	thumb_func_start task_bos_tm_tbl_0
task_bos_tm_tbl_0: @ 080BCBA4
	push {r4, r5, r6, lr}
	adds r6, r0, #0x0
	adds r5, r1, #0x0
	adds r4, r6, #0x4
	adds r0, r4, #0x0
	movs r1, #0x07
	movs r2, #0x1C
	movs r3, #0x00
	bl func_080122AC
	movs r1, #0x80
	lsls r1, r1, #0x09
	movs r2, #0xB0
	lsls r2, r2, #0x09
	adds r0, r4, #0x0
	movs r3, #0x00
	bl func_08012324
	adds r0, r4, #0x0
	movs r1, #0x00
	bl func_08012614
	movs r0, #0x01
	bl func_0800501C
	str r5, [r6, #0x00]
	movs r1, #0x00
	str r1, [r6, #0x68]
	adds r2, r6, #0x0
	adds r2, #0x62
	movs r0, #0x01
	strb r0, [r2, #0x00]
	adds r0, r6, #0x0
	adds r0, #0x64
	movs r2, #0x00
	strh r1, [r0, #0x00]
	adds r0, #0x02
	strb r2, [r0, #0x00]
	adds r0, #0x01
	strb r2, [r0, #0x00]
	subs r0, #0x07
	strh r1, [r0, #0x00]
	pop {r4, r5, r6}
	pop {r0}
	bx r0
	.byte 0x00, 0x00
	thumb_func_start task_bos_tm_tbl_1
task_bos_tm_tbl_1: @ 080BCC00
	push {r4, r5, lr}
	adds r4, r0, #0x0
	ldr r0, [r4, #0x68]
	cmp r0, #0x01
	beq _080BCC1A
	cmp r0, #0x01
	bcc _080BCC38
	cmp r0, #0x02
	beq _080BCC66
	cmp r0, #0x03
	bne _080BCC18
	b _080BCD82
_080BCC18:
	b _080BCE4E
_080BCC1A:
	ldr r0, [r4, #0x00]
	adds r0, #0x3A
	ldrb r0, [r0, #0x00]
	lsls r0, r0, #0x18
	asrs r0, r0, #0x18
	cmp r0, #0x01
	beq _080BCC2A
	b _080BCE4E
_080BCC2A:
	adds r1, r4, #0x0
	adds r1, #0x66
	movs r0, #0x00
	strb r0, [r1, #0x00]
	movs r0, #0x03
	str r0, [r4, #0x68]
	b _080BCE4E
_080BCC38:
	adds r5, r4, #0x0
	adds r5, #0x67
	ldrb r0, [r5, #0x00]
	cmp r0, #0x00
	bne _080BCC54
	movs r0, #0x00
	bl func_0801C1C0
	lsls r0, r0, #0x18
	cmp r0, #0x00
	bne _080BCC50
	b _080BCE4E
_080BCC50:
	movs r0, #0x01
	b _080BCE4C
_080BCC54:
	movs r0, #0x02
	str r0, [r4, #0x68]
	ldr r0, [r4, #0x00]
	adds r0, #0x3A
	movs r2, #0x00
	movs r1, #0x01
	strb r1, [r0, #0x00]
	strb r2, [r5, #0x00]
	b _080BCE4E
_080BCC66:
	adds r0, r4, #0x0
	adds r0, #0x66
	movs r1, #0x00
	ldsb r1, [r0, r1]
	adds r5, r0, #0x0
	cmp r1, #0x10
	bhi _080BCD44
	lsls r0, r1, #0x02
	ldr r1, _080BCC80 @ =0x080BCC84
	adds r0, r0, r1
	ldr r0, [r0, #0x00]
	mov pc, r0
	.byte 0x00, 0x00
_080BCC80: .4byte 0x080BCC84
	.byte 0xC8, 0xCC, 0x0B, 0x08, 0x44, 0xCD, 0x0B, 0x08, 0xF4, 0xCC, 0x0B, 0x08, 0x44, 0xCD, 0x0B, 0x08
	.byte 0xFC, 0xCC, 0x0B, 0x08, 0x44, 0xCD, 0x0B, 0x08, 0x04, 0xCD, 0x0B, 0x08, 0x44, 0xCD, 0x0B, 0x08
	.byte 0x0C, 0xCD, 0x0B, 0x08, 0x44, 0xCD, 0x0B, 0x08, 0x14, 0xCD, 0x0B, 0x08, 0x44, 0xCD, 0x0B, 0x08
	.byte 0x1C, 0xCD, 0x0B, 0x08, 0x44, 0xCD, 0x0B, 0x08, 0x24, 0xCD, 0x0B, 0x08, 0x44, 0xCD, 0x0B, 0x08
	.byte 0x38, 0xCD, 0x0B, 0x08, 0x08, 0x48, 0x63, 0xF0, 0xD1, 0xF8, 0x01, 0x20, 0x48, 0xF7, 0x7A, 0xF9
	.byte 0x06, 0x49, 0x80, 0x22, 0x12, 0x01, 0x01, 0x20, 0x48, 0xF7, 0x16, 0xFA, 0x20, 0x1D, 0x00, 0x21
	.byte 0x55, 0xF7, 0x96, 0xFC, 0x2C, 0xE0, 0x00, 0x00, 0x25, 0x02, 0x00, 0x00, 0x64, 0x44, 0x6C, 0x09
	.byte 0x00, 0x49, 0x16, 0xE0, 0x64, 0x3C, 0x6C, 0x09, 0x00, 0x49, 0x12, 0xE0, 0x64, 0x34, 0x6C, 0x09
	.byte 0x00, 0x49, 0x0E, 0xE0, 0x64, 0x2C, 0x6C, 0x09, 0x00, 0x49, 0x0A, 0xE0, 0x64, 0x24, 0x6C, 0x09
	.byte 0x00, 0x49, 0x06, 0xE0, 0x64, 0x1C, 0x6C, 0x09, 0x00, 0x49, 0x02, 0xE0, 0x64, 0x14, 0x6C, 0x09
	.byte 0x03, 0x49, 0x80, 0x22, 0x12, 0x01, 0x01, 0x20, 0x48, 0xF7, 0xEE, 0xF9, 0x08, 0xE0, 0x00, 0x00
	.byte 0x64, 0x0C, 0x6C, 0x09, 0x0B, 0x49, 0x80, 0x22, 0x12, 0x01, 0x01, 0x20, 0x48, 0xF7, 0xE4, 0xF9
_080BCD44:
	movs r0, #0x00
	ldsb r0, [r5, r0]
	cmp r0, #0x0F
	ble _080BCD6C
	movs r0, #0x00
	strb r0, [r5, #0x00]
	movs r0, #0x01
	str r0, [r4, #0x68]
	ldr r0, [r4, #0x00]
	adds r0, #0x3A
	movs r1, #0x02
	strb r1, [r0, #0x00]
	ldr r2, [r4, #0x00]
	ldrh r1, [r2, #0x28]
	movs r0, #0x10
	orrs r0, r1
	strh r0, [r2, #0x28]
	b _080BCE4E
	.byte 0x64, 0x04, 0x6C, 0x09
_080BCD6C:
	adds r0, r4, #0x4
	adds r4, #0x60
	ldrh r1, [r4, #0x00]
	bl func_08012658
	ldrh r0, [r4, #0x00]
	adds r0, #0x03
	strh r0, [r4, #0x00]
	ldrb r0, [r5, #0x00]
	adds r0, #0x01
	b _080BCE4C
_080BCD82:
	adds r0, r4, #0x0
	adds r0, #0x66
	movs r1, #0x00
	ldsb r1, [r0, r1]
	adds r5, r0, #0x0
	cmp r1, #0x08
	bhi _080BCE32
	lsls r0, r1, #0x02
	ldr r1, _080BCD9C @ =0x080BCDA0
	adds r0, r0, r1
	ldr r0, [r0, #0x00]
	mov pc, r0
	.byte 0x00, 0x00
_080BCD9C: .4byte 0x080BCDA0
	.byte 0xC4, 0xCD, 0x0B, 0x08, 0xE8, 0xCD, 0x0B, 0x08, 0xF0, 0xCD, 0x0B, 0x08, 0xF8, 0xCD, 0x0B, 0x08
	.byte 0x00, 0xCE, 0x0B, 0x08, 0x08, 0xCE, 0x0B, 0x08, 0x10, 0xCE, 0x0B, 0x08, 0x18, 0xCE, 0x0B, 0x08
	.byte 0x2C, 0xCE, 0x0B, 0x08, 0x07, 0x49, 0x80, 0x22, 0x12, 0x01, 0x01, 0x20, 0x48, 0xF7, 0x9E, 0xF9
	.byte 0x20, 0x1D, 0x01, 0x21, 0x55, 0xF7, 0x1E, 0xFC, 0x21, 0x1C, 0x60, 0x31, 0x00, 0x20, 0x08, 0x80
	.byte 0x27, 0xE0, 0x00, 0x00, 0x64, 0x0C, 0x6C, 0x09, 0x00, 0x49, 0x16, 0xE0, 0x64, 0x14, 0x6C, 0x09
	.byte 0x00, 0x49, 0x12, 0xE0, 0x64, 0x1C, 0x6C, 0x09, 0x00, 0x49, 0x0E, 0xE0, 0x64, 0x24, 0x6C, 0x09
	.byte 0x00, 0x49, 0x0A, 0xE0, 0x64, 0x2C, 0x6C, 0x09, 0x00, 0x49, 0x06, 0xE0, 0x64, 0x34, 0x6C, 0x09
	.byte 0x00, 0x49, 0x02, 0xE0, 0x64, 0x3C, 0x6C, 0x09, 0x03, 0x49, 0x80, 0x22, 0x12, 0x01, 0x01, 0x20
	.byte 0x48, 0xF7, 0x74, 0xF9, 0x05, 0xE0, 0x00, 0x00, 0x64, 0x44, 0x6C, 0x09, 0x01, 0x20, 0x48, 0xF7
	.byte 0xF5, 0xF8
_080BCE32:
	ldrb r1, [r5, #0x00]
	movs r0, #0x00
	ldsb r0, [r5, r0]
	cmp r0, #0x07
	ble _080BCE4A
	movs r1, #0x00
	strb r1, [r5, #0x00]
	str r1, [r4, #0x68]
	ldr r0, [r4, #0x00]
	adds r0, #0x3A
	strb r1, [r0, #0x00]
	b _080BCE4E
_080BCE4A:
	adds r0, r1, #0x1
_080BCE4C:
	strb r0, [r5, #0x00]
_080BCE4E:
	ldr r0, _080BCE74 @ =0x02039B84
	ldr r0, [r0, #0x00]
	ldr r1, [r0, #0x00]
	asrs r1, r1, #0x08
	adds r1, #0x08
	lsls r1, r1, #0x10
	lsrs r1, r1, #0x10
	ldr r2, [r0, #0x04]
	asrs r2, r2, #0x08
	subs r2, #0x46
	lsls r2, r2, #0x10
	lsrs r2, r2, #0x10
	movs r0, #0x01
	bl func_080054EC
	movs r0, #0x01
	pop {r4, r5}
	pop {r1}
	bx r1
_080BCE74: .4byte 0x02039B84
	thumb_func_start task_bos_tm_tbl_3
task_bos_tm_tbl_3: @ 080BCE78
	push {lr}
	adds r0, #0x04
	bl func_08012304
	movs r0, #0x01
	bl func_0800501C
	pop {r0}
	bx r0
	.byte 0x00, 0x00
	thumb_func_start task_bos_jf_0
task_bos_jf_0: @ 080BCE8C
	push {r4, r5, r6, r7, lr}
	mov r7, r9
	mov r6, r8
	push {r6, r7}
	add sp, #-0x004
	adds r7, r0, #0x0
	ldr r0, _080BCF10 @ =0x0203AC80
	movs r2, #0x00
	strh r2, [r0, #0x00]
	ldr r0, _080BCF14 @ =0x0203ACB0
	strh r2, [r0, #0x00]
	ldr r0, _080BCF18 @ =0x0203ACB4
	strh r2, [r0, #0x00]
	movs r0, #0x93
	lsls r0, r0, #0x02
	adds r6, r7, r0
	movs r2, #0x00
	strh r2, [r6, #0x00]
	cmp r1, #0x00
	beq _080BCEB8
	movs r0, #0x08
	strh r0, [r6, #0x00]
_080BCEB8:
	ldr r1, _080BCF1C @ =0x0203ACC4
	movs r0, #0x07
	strh r0, [r1, #0x00]
	ldr r0, _080BCF20 @ =0x0203ACD4
	strh r2, [r0, #0x00]
	ldr r0, _080BCF24 @ =0x0203ACC0
	strh r2, [r0, #0x00]
	ldr r4, _080BCF28 @ =0x0203AC90
	ldr r0, _080BCF2C @ =0x0965DC04
	str r0, [r4, #0x00]
	movs r0, #0x80
	lsls r0, r0, #0x08
	strh r0, [r4, #0x04]
	ldr r0, _080BCF30 @ =0x096FB404
	str r0, [r4, #0x08]
	movs r0, #0x80
	strh r0, [r4, #0x0C]
	ldr r0, _080BCF34 @ =0x096C4C64
	str r0, [r4, #0x10]
	ldr r0, _080BCF38 @ =0x096C5464
	str r0, [r4, #0x14]
	ldr r0, _080BCF3C @ =0x0203ACE0
	str r0, [r4, #0x18]
	ldr r0, _080BCF40 @ =0x096C6464
	str r0, [r4, #0x1C]
	movs r1, #0x95
	lsls r1, r1, #0x02
	adds r5, r7, r1
	adds r0, r5, #0x0
	movs r1, #0x04
	bl func_08000E64
	ldrh r1, [r6, #0x00]
	movs r0, #0x08
	ands r0, r1
	cmp r0, #0x00
	beq _080BCF48
	ldr r1, _080BCF44 @ =0x09EF27D4
	adds r0, r5, #0x0
	adds r2, r4, #0x0
	bl func_08000E14
	b _080BCF56
	.byte 0x00, 0x00
_080BCF10: .4byte 0x0203AC80
_080BCF14: .4byte 0x0203ACB0
_080BCF18: .4byte 0x0203ACB4
_080BCF1C: .4byte 0x0203ACC4
_080BCF20: .4byte 0x0203ACD4
_080BCF24: .4byte 0x0203ACC0
_080BCF28: .4byte 0x0203AC90
_080BCF2C: .4byte 0x0965DC04
_080BCF30: .4byte 0x096FB404
_080BCF34: .4byte 0x096C4C64
_080BCF38: .4byte 0x096C5464
_080BCF3C: .4byte 0x0203ACE0
_080BCF40: .4byte 0x096C6464
_080BCF44: .4byte 0x09EF27D4
_080BCF48:
	ldr r0, _080BCF84 @ =0x02039B84
	ldr r0, [r0, #0x00]
	adds r0, #0x40
	ldr r1, _080BCF88 @ =0x09EF27D4
	adds r2, r4, #0x0
	bl func_08000E14
_080BCF56:
	movs r2, #0x9A
	lsls r2, r2, #0x02
	adds r0, r7, r2
	movs r1, #0x00
	strh r1, [r0, #0x00]
	adds r2, #0x02
	adds r0, r7, r2
	strh r1, [r0, #0x00]
	movs r1, #0x93
	lsls r1, r1, #0x02
	adds r0, r7, r1
	ldrh r1, [r0, #0x00]
	movs r0, #0x08
	ands r0, r1
	lsls r0, r0, #0x10
	asrs r1, r0, #0x10
	cmp r1, #0x00
	beq _080BCF8C
	subs r2, #0x32
	adds r0, r7, r2
	movs r1, #0x0A
	b _080BCF92
	.byte 0x00, 0x00
_080BCF84: .4byte 0x02039B84
_080BCF88: .4byte 0x09EF27D4
_080BCF8C:
	movs r2, #0x8E
	lsls r2, r2, #0x02
	adds r0, r7, r2
_080BCF92:
	str r1, [r0, #0x00]
	adds r2, #0x04
	adds r0, r7, r2
	str r1, [r0, #0x00]
	movs r1, #0x90
	lsls r1, r1, #0x02
	adds r0, r7, r1
	movs r3, #0x00
	strh r3, [r0, #0x00]
	ldr r2, _080BD030 @ =0x00000242
	adds r0, r7, r2
	strh r3, [r0, #0x00]
	adds r1, #0x04
	adds r0, r7, r1
	strh r3, [r0, #0x00]
	adds r2, #0x04
	adds r0, r7, r2
	strh r3, [r0, #0x00]
	adds r1, #0x04
	adds r0, r7, r1
	movs r1, #0x08
	strh r1, [r0, #0x00]
	ldr r0, _080BD034 @ =0x0000024A
	adds r2, r7, r0
	movs r0, #0x0C
	strh r0, [r2, #0x00]
	ldr r2, _080BD038 @ =0x0000024E
	adds r0, r7, r2
	strh r3, [r0, #0x00]
	adds r2, #0x02
	adds r0, r7, r2
	strh r3, [r0, #0x00]
	subs r2, #0x04
	adds r0, r7, r2
	ldrh r0, [r0, #0x00]
	ands r1, r0
	lsls r1, r1, #0x10
	asrs r1, r1, #0x10
	mov r9, r1
	cmp r1, #0x00
	beq _080BD04C
	movs r0, #0x8B
	lsls r0, r0, #0x02
	adds r2, r7, r0
	ldr r0, _080BD03C @ =0x0002A200
	str r0, [r2, #0x00]
	movs r1, #0x8C
	lsls r1, r1, #0x02
	adds r3, r7, r1
	movs r0, #0xAF
	lsls r0, r0, #0x09
	str r0, [r3, #0x00]
	adds r1, #0x04
	adds r0, r7, r1
	ldr r4, _080BD040 @ =0xFFFFC800
	str r4, [r0, #0x00]
	ldr r1, _080BD044 @ =0x0961A668
	ldr r2, [r2, #0x00]
	ldr r3, [r3, #0x00]
	str r4, [sp, #0x000]
	adds r0, r7, #0x0
	bl func_0801B37C
	ldr r0, [r7, #0x34]
	ldr r1, [r7, #0x38]
	movs r2, #0x04
	movs r3, #0x00
	orrs r0, r2
	str r0, [r7, #0x34]
	str r1, [r7, #0x38]
	movs r2, #0x95
	lsls r2, r2, #0x02
	adds r0, r7, r2
	ldr r1, _080BD048 @ =0x09EF2A20
	adds r2, r7, #0x0
	bl func_08000E14
	b _080BD174
	.byte 0x00, 0x00
_080BD030: .4byte 0x00000242
_080BD034: .4byte 0x0000024A
_080BD038: .4byte 0x0000024E
_080BD03C: .4byte 0x0002A200
_080BD040: .4byte 0xFFFFC800
_080BD044: .4byte 0x0961A668
_080BD048: .4byte 0x09EF2A20
_080BD04C:
	movs r0, #0x88
	lsls r0, r0, #0x02
	adds r2, r7, r0
	ldr r0, _080BD184 @ =0x00029600
	str r0, [r2, #0x00]
	movs r1, #0x89
	lsls r1, r1, #0x02
	adds r3, r7, r1
	movs r0, #0xAA
	lsls r0, r0, #0x09
	str r0, [r3, #0x00]
	adds r1, #0x04
	adds r0, r7, r1
	ldr r1, _080BD188 @ =0xFFFF4C00
	str r1, [r0, #0x00]
	movs r0, #0x88
	lsls r0, r0, #0x01
	adds r6, r7, r0
	ldr r0, _080BD18C @ =0x0961A668
	mov r8, r0
	ldr r2, [r2, #0x00]
	ldr r3, [r3, #0x00]
	str r1, [sp, #0x000]
	adds r0, r6, #0x0
	mov r1, r8
	bl func_0801B37C
	ldr r0, [r6, #0x34]
	ldr r1, [r6, #0x38]
	ldr r2, _080BD190 @ =0x00000400
	ldr r3, _080BD194 @ =0x00000000
	orrs r0, r2
	ldr r4, _080BD198 @ =0x00000000
	ldr r5, _080BD19C @ =0x00002000
	adds r2, r0, #0x0
	adds r3, r1, #0x0
	orrs r3, r5
	movs r4, #0x05
	negs r4, r4
	ands r0, r4
	adds r1, r3, #0x0
	str r0, [r6, #0x34]
	str r1, [r6, #0x38]
	mov r1, r9
	str r1, [r6, #0x24]
	movs r2, #0xD9
	lsls r2, r2, #0x01
	adds r1, r7, r2
	movs r0, #0x04
	strh r0, [r1, #0x00]
	movs r0, #0x8B
	lsls r0, r0, #0x02
	adds r2, r7, r0
	ldr r0, _080BD1A0 @ =0x0002A200
	str r0, [r2, #0x00]
	movs r1, #0x8C
	lsls r1, r1, #0x02
	adds r3, r7, r1
	movs r0, #0xAF
	lsls r0, r0, #0x09
	str r0, [r3, #0x00]
	adds r1, #0x04
	adds r0, r7, r1
	ldr r1, _080BD1A4 @ =0xFFFFC800
	str r1, [r0, #0x00]
	ldr r2, [r2, #0x00]
	ldr r3, [r3, #0x00]
	str r1, [sp, #0x000]
	adds r0, r7, #0x0
	mov r1, r8
	bl func_0801B37C
	ldr r0, [r7, #0x34]
	ldr r1, [r7, #0x38]
	movs r2, #0x04
	movs r3, #0x00
	orrs r0, r2
	ldr r4, _080BD1A8 @ =0x00008000
	ldr r5, _080BD1AC @ =0x00000000
	adds r2, r0, #0x0
	orrs r2, r4
	adds r3, r1, #0x0
	ldr r4, _080BD1B0 @ =0x00000000
	ldr r5, _080BD1B4 @ =0x00000001
	adds r0, r2, #0x0
	orrs r1, r5
	str r0, [r7, #0x34]
	str r1, [r7, #0x38]
	adds r1, r7, #0x0
	adds r1, #0x9E
	movs r0, #0x20
	strh r0, [r1, #0x00]
	adds r1, #0x02
	movs r0, #0x28
	strh r0, [r1, #0x00]
	subs r1, #0x04
	movs r0, #0x1C
	strh r0, [r1, #0x00]
	adds r0, r7, #0x0
	adds r1, r6, #0x0
	bl func_0801BDD4
	ldr r5, _080BD1B8 @ =0x02039B84
	ldr r0, [r5, #0x00]
	adds r0, #0xD8
	movs r1, #0xFF
	lsls r1, r1, #0x08
	strh r1, [r0, #0x00]
	movs r0, #0x00
	movs r1, #0x01
	bl func_0801C298
	ldr r0, _080BD1BC @ =0x00023E00
	movs r4, #0xB4
	lsls r4, r4, #0x09
	ldr r2, _080BD1C0 @ =0xFFFFC000
	adds r1, r4, #0x0
	bl func_0801BCC0
	ldr r0, _080BD1C4 @ =0x00020600
	ldr r2, _080BD1C8 @ =0xFFFFF800
	adds r1, r4, #0x0
	bl func_0801C274
	movs r2, #0x95
	lsls r2, r2, #0x02
	adds r4, r7, r2
	ldr r1, _080BD1CC @ =0x09EF27F4
	adds r0, r4, #0x0
	adds r2, r7, #0x0
	bl func_08000E14
	ldr r1, _080BD1D0 @ =0x09EF2A20
	adds r0, r4, #0x0
	adds r2, r7, #0x0
	bl func_08000E14
	ldr r2, [r5, #0x00]
	adds r1, r2, #0x0
	adds r1, #0xCC
	ldr r0, [r6, #0x04]
	str r0, [r1, #0x00]
	adds r1, #0x04
	ldr r0, [r6, #0x08]
	str r0, [r1, #0x00]
	adds r1, #0x04
	ldr r0, [r6, #0x0C]
	str r0, [r1, #0x00]
_080BD174:
	add sp, #0x004
	pop {r3, r4}
	mov r8, r3
	mov r9, r4
	pop {r4, r5, r6, r7}
	pop {r0}
	bx r0
	.byte 0x00, 0x00
_080BD184: .4byte 0x00029600
_080BD188: .4byte 0xFFFF4C00
_080BD18C: .4byte 0x0961A668
_080BD190: .4byte 0x00000400
_080BD194: .4byte 0x00000000
_080BD198: .4byte 0x00000000
_080BD19C: .4byte 0x00002000
_080BD1A0: .4byte 0x0002A200
_080BD1A4: .4byte 0xFFFFC800
_080BD1A8: .4byte 0x00008000
_080BD1AC: .4byte 0x00000000
_080BD1B0: .4byte 0x00000000
_080BD1B4: .4byte 0x00000001
_080BD1B8: .4byte 0x02039B84
_080BD1BC: .4byte 0x00023E00
_080BD1C0: .4byte 0xFFFFC000
_080BD1C4: .4byte 0x00020600
_080BD1C8: .4byte 0xFFFFF800
_080BD1CC: .4byte 0x09EF27F4
_080BD1D0: .4byte 0x09EF2A20
	thumb_func_start task_bos_jf_1
task_bos_jf_1: @ 080BD1D4
	push {r4, r5, r6, r7, lr}
	adds r6, r0, #0x0
	movs r0, #0x88
	lsls r0, r0, #0x01
	adds r7, r6, r0
	movs r1, #0x93
	lsls r1, r1, #0x02
	adds r0, r6, r1
	ldrh r1, [r0, #0x00]
	movs r0, #0x08
	ands r0, r1
	cmp r0, #0x00
	beq _080BD1FC
	movs r2, #0x95
	lsls r2, r2, #0x02
	adds r0, r6, r2
	bl func_08000EA4
	movs r0, #0x01
	b _080BD45E
_080BD1FC:
	adds r0, r7, #0x0
	bl func_0801ADAC
	subs r0, #0x01
	cmp r0, #0x07
	bhi _080BD2C2
	lsls r0, r0, #0x02
	ldr r1, _080BD214 @ =0x080BD218
	adds r0, r0, r1
	ldr r0, [r0, #0x00]
	mov pc, r0
	.byte 0x00, 0x00
_080BD214: .4byte 0x080BD218
	.byte 0x4E, 0xD2, 0x0B, 0x08, 0xC2, 0xD2, 0x0B, 0x08, 0x68, 0xD2, 0x0B, 0x08, 0x72, 0xD2, 0x0B, 0x08
	.byte 0x38, 0xD2, 0x0B, 0x08, 0x4E, 0xD2, 0x0B, 0x08, 0x4E, 0xD2, 0x0B, 0x08, 0x68, 0xD2, 0x0B, 0x08
	.byte 0x8E, 0x23, 0x9B, 0x00, 0xF1, 0x18, 0x8F, 0x22, 0x92, 0x00, 0xB0, 0x18, 0x00, 0x68, 0x08, 0x60
	.byte 0x0C, 0x33, 0xF1, 0x18, 0x37, 0xE0, 0x93, 0x20, 0x80, 0x00, 0x32, 0x18, 0x11, 0x88, 0x01, 0x20
	.byte 0x08, 0x43, 0x10, 0x80, 0x01, 0x4A, 0xB1, 0x18, 0x14, 0x20, 0x2D, 0xE0, 0x42, 0x02, 0x00, 0x00
	.byte 0x8E, 0x23, 0x9B, 0x00, 0xF1, 0x18, 0x09, 0x20, 0x21, 0xE0, 0x70, 0x48, 0x80, 0x68, 0x08, 0x21
	.byte 0x08, 0x40, 0x00, 0x28, 0x17, 0xD0, 0x94, 0x21, 0x89, 0x00, 0x70, 0x18, 0x00, 0x22, 0x80, 0x5E
	.byte 0x00, 0x28, 0x10, 0xD1, 0x49, 0xF7, 0x8A, 0xF9, 0x00, 0x04, 0x00, 0x0C, 0x64, 0x21, 0x60, 0xF0
	.byte 0x99, 0xFA, 0x00, 0x04, 0x00, 0x0C, 0x13, 0x28, 0x05, 0xD8, 0x79, 0x68, 0xBA, 0x68, 0xFB, 0x68
	.byte 0x00, 0x20, 0x5E, 0xF7, 0xA5, 0xFF, 0x8E, 0x23, 0x9B, 0x00, 0xF1, 0x18, 0x07, 0x20, 0x08, 0x60
	.byte 0x91, 0x20, 0x80, 0x00, 0x31, 0x18, 0x00, 0x20, 0x08, 0x80
_080BD2C2:
	movs r1, #0x93
	lsls r1, r1, #0x02
	adds r2, r6, r1
	ldrh r1, [r2, #0x00]
	movs r0, #0x01
	ands r0, r1
	cmp r0, #0x00
	beq _080BD332
	ldr r3, _080BD438 @ =0x00000242
	adds r1, r6, r3
	ldrh r0, [r1, #0x00]
	subs r0, #0x01
	movs r4, #0x00
	strh r0, [r1, #0x00]
	lsls r0, r0, #0x10
	cmp r0, #0x00
	bgt _080BD332
	movs r1, #0x90
	lsls r1, r1, #0x02
	adds r0, r6, r1
	strh r4, [r0, #0x00]
	ldrh r1, [r2, #0x00]
	movs r0, #0x02
	negs r0, r0
	ands r0, r1
	strh r0, [r2, #0x00]
	ldr r0, _080BD43C @ =0x096FB584
	movs r1, #0xA0
	lsls r1, r1, #0x13
	movs r2, #0x20
	bl func_08007E00
	adds r0, r7, #0x0
	bl func_0801AF08
	movs r2, #0x2C
	ldsh r0, [r7, r2]
	cmp r0, #0x00
	ble _080BD332
	movs r3, #0x8E
	lsls r3, r3, #0x02
	adds r1, r6, r3
	ldr r0, [r1, #0x00]
	cmp r0, #0x01
	beq _080BD332
	cmp r0, #0x06
	beq _080BD332
	cmp r0, #0x07
	beq _080BD332
	cmp r0, #0x0B
	beq _080BD332
	str r4, [r1, #0x00]
	movs r1, #0x91
	lsls r1, r1, #0x02
	adds r0, r6, r1
	strh r4, [r0, #0x00]
_080BD332:
	ldr r0, _080BD434 @ =0x02039BB0
	ldr r0, [r0, #0x08]
	movs r1, #0x08
	ands r0, r1
	cmp r0, #0x00
	bne _080BD37A
	ldr r1, [r7, #0x24]
	movs r0, #0x80
	lsls r0, r0, #0x16
	ands r0, r1
	cmp r0, #0x00
	beq _080BD37A
	ldr r0, _080BD440 @ =0xDFFFFFFF
	ands r1, r0
	str r1, [r7, #0x24]
	movs r2, #0x93
	lsls r2, r2, #0x02
	adds r0, r6, r2
	ldrh r1, [r0, #0x00]
	movs r0, #0x01
	ands r0, r1
	cmp r0, #0x00
	bne _080BD37A
	movs r3, #0x94
	lsls r3, r3, #0x02
	adds r0, r6, r3
	movs r1, #0x00
	ldsh r0, [r0, r1]
	cmp r0, #0x00
	bne _080BD37A
	ldr r1, [r7, #0x04]
	ldr r2, [r7, #0x08]
	ldr r3, [r7, #0x0C]
	movs r0, #0x00
	bl _0801C1F8
_080BD37A:
	movs r0, #0x00
	bl func_0801C1C0
	lsls r0, r0, #0x18
	cmp r0, #0x00
	beq _080BD3D0
	movs r2, #0x91
	lsls r2, r2, #0x02
	adds r1, r6, r2
	movs r0, #0x00
	strh r0, [r1, #0x00]
	movs r3, #0x8E
	lsls r3, r3, #0x02
	adds r1, r6, r3
	movs r0, #0x0B
	str r0, [r1, #0x00]
	movs r0, #0x93
	lsls r0, r0, #0x02
	adds r2, r6, r0
	ldrh r1, [r2, #0x00]
	movs r0, #0x04
	orrs r0, r1
	strh r0, [r2, #0x00]
	ldr r0, _080BD444 @ =0x02039B84
	ldr r0, [r0, #0x00]
	mov r12, r0
	ldr r4, [r0, #0x68]
	ldr r5, [r0, #0x6C]
	movs r2, #0x40
	adds r0, r4, #0x0
	ands r0, r2
	movs r1, #0x00
	orrs r0, r1
	cmp r0, #0x00
	beq _080BD3D0
	ldr r2, _080BD448 @ =0x00400000
	ldr r3, _080BD44C @ =0x00000000
	adds r0, r4, #0x0
	orrs r0, r2
	adds r1, r5, #0x0
	mov r2, r12
	str r0, [r2, #0x68]
	str r1, [r2, #0x6C]
_080BD3D0:
	movs r3, #0x94
	lsls r3, r3, #0x02
	adds r1, r6, r3
	ldrh r2, [r1, #0x00]
	movs r3, #0x00
	ldsh r0, [r1, r3]
	cmp r0, #0x00
	ble _080BD3E4
	subs r0, r2, #0x1
	strh r0, [r1, #0x00]
_080BD3E4:
	movs r1, #0x95
	lsls r1, r1, #0x02
	adds r0, r6, r1
	bl func_08000EA4
	ldr r0, _080BD444 @ =0x02039B84
	ldr r3, [r0, #0x00]
	adds r1, r3, #0x0
	adds r1, #0xCC
	ldr r0, [r7, #0x04]
	str r0, [r1, #0x00]
	adds r1, #0x04
	ldr r0, [r7, #0x08]
	str r0, [r1, #0x00]
	adds r1, #0x04
	ldr r0, [r7, #0x0C]
	str r0, [r1, #0x00]
	movs r2, #0x93
	lsls r2, r2, #0x02
	adds r0, r6, r2
	ldrh r1, [r0, #0x00]
	movs r0, #0x02
	ands r0, r1
	cmp r0, #0x00
	bne _080BD45C
	ldr r2, _080BD450 @ =0x0203AC80
	ldr r1, [r3, #0x7C]
	ldr r0, [r1, #0x04]
	asrs r0, r0, #0x08
	strh r0, [r2, #0x00]
	ldr r2, _080BD454 @ =0x0203ACB0
	ldr r0, [r1, #0x08]
	asrs r0, r0, #0x08
	strh r0, [r2, #0x00]
	ldr r2, _080BD458 @ =0x0203ACB4
	ldr r0, [r1, #0x0C]
	asrs r0, r0, #0x08
	strh r0, [r2, #0x00]
	movs r0, #0x01
	b _080BD45E
_080BD434: .4byte 0x02039BB0
_080BD438: .4byte 0x00000242
_080BD43C: .4byte 0x096FB584
_080BD440: .4byte 0xDFFFFFFF
_080BD444: .4byte 0x02039B84
_080BD448: .4byte 0x00400000
_080BD44C: .4byte 0x00000000
_080BD450: .4byte 0x0203AC80
_080BD454: .4byte 0x0203ACB0
_080BD458: .4byte 0x0203ACB4
_080BD45C:
	movs r0, #0x00
_080BD45E:
	pop {r4, r5, r6, r7}
	pop {r1}
	bx r1
	thumb_func_start task_bos_jf_2
task_bos_jf_2: @ 080BD464
	push {lr}
	movs r1, #0x95
	lsls r1, r1, #0x02
	adds r0, r0, r1
	bl func_08000EE0
	pop {r0}
	bx r0
	thumb_func_start task_bos_jf_3
task_bos_jf_3: @ 080BD474
	push {r4, lr}
	adds r4, r0, #0x0
	movs r1, #0x93
	lsls r1, r1, #0x02
	adds r0, r4, r1
	ldrh r1, [r0, #0x00]
	movs r0, #0x08
	ands r0, r1
	cmp r0, #0x00
	bne _080BD498
	movs r1, #0x88
	lsls r1, r1, #0x01
	adds r0, r4, r1
	bl func_0801B7D8
	adds r0, r4, #0x0
	bl func_0801B7D8
_080BD498:
	movs r1, #0x95
	lsls r1, r1, #0x02
	adds r0, r4, r1
	bl func_08000F0C
	pop {r4}
	pop {r0}
	bx r0
	.byte 0xF0, 0xB5, 0x57, 0x46, 0x4E, 0x46, 0x45, 0x46, 0xE0, 0xB4, 0x05, 0x1C, 0x91, 0x46, 0x1E, 0x1C
	.byte 0x1B, 0x49, 0x00, 0x22, 0x88, 0x5E, 0x01, 0x30, 0xC0, 0x02, 0x40, 0x42, 0x80, 0x46, 0x19, 0x4C
	.byte 0x00, 0x23, 0xE0, 0x5E, 0x01, 0x30, 0xC0, 0x02, 0x47, 0x42, 0x17, 0x48, 0x82, 0x46, 0x00, 0x21
	.byte 0x40, 0x5E, 0x01, 0x30, 0xC0, 0x02, 0x40, 0x42, 0x84, 0x46, 0x14, 0x4A, 0x10, 0x68, 0xC3, 0x6F
	.byte 0x58, 0x6B, 0x99, 0x6B, 0x12, 0x4A, 0x10, 0x40, 0x58, 0x63, 0x99, 0x63, 0x0C, 0x4B, 0x00, 0x20
	.byte 0x19, 0x5E, 0x00, 0x22, 0xA0, 0x5E, 0x81, 0x42, 0x00, 0xDC, 0x8F, 0xE0, 0xFB, 0x23, 0x5B, 0x02
	.byte 0x54, 0x46, 0x00, 0x22, 0xA1, 0x5E, 0x88, 0x42, 0x40, 0xDD, 0x0A, 0x4A, 0x0A, 0x49, 0x00, 0x20
	.byte 0x08, 0x80, 0x29, 0x68, 0x91, 0x42, 0x11, 0xDD, 0x63, 0x46, 0x33, 0x60, 0x5E, 0xE1, 0x00, 0x00
	.byte 0xC4, 0xAC, 0x03, 0x02, 0xD4, 0xAC, 0x03, 0x02, 0xC0, 0xAC, 0x03, 0x02, 0x84, 0x9B, 0x03, 0x02
	.byte 0xFF, 0xFF, 0xFF, 0xFD, 0x00, 0x2E, 0x02, 0x00, 0xE4, 0xB4, 0x03, 0x02, 0x99, 0x42, 0x10, 0xDD
	.byte 0x4C, 0x46, 0x20, 0x68, 0xB8, 0x42, 0x09, 0xDC, 0x37, 0x60, 0x03, 0x4B, 0xD0, 0x18, 0x81, 0x42
	.byte 0x00, 0xDC, 0x43, 0xE1, 0x25, 0xE1, 0x00, 0x00, 0x00, 0xF0, 0xFF, 0xFF, 0x60, 0x46, 0x30, 0x60
	.byte 0x35, 0xE1, 0x4A, 0x46, 0x10, 0x68, 0x40, 0x45, 0x0E, 0xDC, 0x44, 0x46, 0x34, 0x60, 0x04, 0x4A
	.byte 0x98, 0x18, 0x81, 0x42, 0x00, 0xDC, 0x31, 0xE1, 0x02, 0x4B, 0x18, 0x68, 0x13, 0xE1, 0x00, 0x00
	.byte 0x00, 0xF0, 0xFF, 0xFF, 0x84, 0x9B, 0x03, 0x02, 0x37, 0x60, 0xCD, 0xE0, 0x88, 0x42, 0x28, 0xDA
	.byte 0x0A, 0x4A, 0x0B, 0x49, 0x01, 0x20, 0x08, 0x80, 0x29, 0x68, 0x99, 0x42, 0x18, 0xDC, 0x4C, 0x46
	.byte 0x20, 0x68, 0x40, 0x45, 0x12, 0xDC, 0x40, 0x46, 0x30, 0x60, 0x06, 0x4A, 0x98, 0x18, 0x81, 0x42
	.byte 0x00, 0xDC, 0x13, 0xE1, 0x04, 0x4B, 0x18, 0x68, 0xF5, 0xE0, 0x00, 0x00, 0x00, 0x12, 0x02, 0x00
	.byte 0xE4, 0xB4, 0x03, 0x02, 0x00, 0xF0, 0xFF, 0xFF, 0x84, 0x9B, 0x03, 0x02, 0x37, 0x60, 0xAB, 0xE0
	.byte 0x91, 0x42, 0x00, 0xDA, 0x01, 0xE1, 0x4C, 0x46, 0x20, 0x68, 0x60, 0x45, 0x00, 0xDC, 0xD9, 0xE0
	.byte 0xF4, 0xE0, 0x0A, 0x49, 0x02, 0x20, 0x08, 0x80, 0x29, 0x68, 0x99, 0x42, 0x00, 0xDD, 0xF4, 0xE0
	.byte 0x4A, 0x46, 0x10, 0x68, 0x40, 0x45, 0x0F, 0xDC, 0x44, 0x46, 0x34, 0x60, 0x04, 0x4A, 0x98, 0x18
	.byte 0x81, 0x42, 0x00, 0xDC, 0xEA, 0xE0, 0x03, 0x4B, 0x18, 0x68, 0xCC, 0xE0, 0xE4, 0xB4, 0x03, 0x02
	.byte 0x00, 0xF0, 0xFF, 0xFF, 0x84, 0x9B, 0x03, 0x02, 0x37, 0x60, 0x85, 0xE0, 0x81, 0x42, 0x00, 0xDB
	.byte 0x85, 0xE0, 0xED, 0x23, 0x5B, 0x02, 0x54, 0x46, 0x00, 0x22, 0xA1, 0x5E, 0x88, 0x42, 0x30, 0xDD
	.byte 0x04, 0x4A, 0x05, 0x49, 0x03, 0x20, 0x08, 0x80, 0x29, 0x68, 0x99, 0x42, 0x06, 0xDA, 0x43, 0x46
	.byte 0x33, 0x60, 0xCB, 0xE0, 0x00, 0x2E, 0x02, 0x00, 0xE4, 0xB4, 0x03, 0x02, 0x91, 0x42, 0x02, 0xDD
	.byte 0x64, 0x46, 0x34, 0x60, 0xC2, 0xE0, 0x4C, 0x46, 0x20, 0x68, 0xB8, 0x42, 0x0E, 0xDC, 0x37, 0x60
	.byte 0x80, 0x24, 0x64, 0x01, 0x18, 0x19, 0x81, 0x42, 0x00, 0xDA, 0x9A, 0xE0, 0x02, 0x4B, 0xD0, 0x18
	.byte 0x81, 0x42, 0x00, 0xDC, 0xB2, 0xE0, 0x94, 0xE0, 0x00, 0xF0, 0xFF, 0xFF, 0x02, 0x48, 0x81, 0x42
	.byte 0x04, 0xDC, 0x40, 0x46, 0x30, 0x60, 0x4F, 0xE0, 0xFF, 0x05, 0x02, 0x00, 0x61, 0x46, 0x31, 0x60
	.byte 0x9D, 0xE0, 0x88, 0x42, 0x2A, 0xDA, 0x05, 0x4A, 0x05, 0x49, 0x04, 0x20, 0x08, 0x80, 0x29, 0x68
	.byte 0x99, 0x42, 0x07, 0xDA, 0x42, 0x46, 0x32, 0x60, 0x98, 0xE0, 0x00, 0x00, 0x00, 0x12, 0x02, 0x00
	.byte 0xE4, 0xB4, 0x03, 0x02, 0x91, 0x42, 0x12, 0xDA, 0x4C, 0x46, 0x20, 0x68, 0xB8, 0x42, 0x0B, 0xDC
	.byte 0x37, 0x60, 0x80, 0x22, 0x52, 0x01, 0x98, 0x18, 0x81, 0x42, 0x00, 0xDB, 0x86, 0xE0, 0x01, 0x4B
	.byte 0x18, 0x68, 0x68, 0xE0, 0x84, 0x9B, 0x03, 0x02, 0x44, 0x46, 0x34, 0x60, 0x24, 0xE0, 0x4B, 0x46
	.byte 0x18, 0x68, 0x60, 0x45, 0x72, 0xDC, 0x64, 0x46, 0x34, 0x60, 0x55, 0xE0, 0x04, 0x49, 0x05, 0x20
	.byte 0x08, 0x80, 0x29, 0x68, 0x99, 0x42, 0x05, 0xDA, 0x40, 0x46, 0x30, 0x60, 0x6E, 0xE0, 0x00, 0x00
	.byte 0xE4, 0xB4, 0x03, 0x02, 0x4A, 0x46, 0x10, 0x68, 0xB8, 0x42, 0x0B, 0xDC, 0x37, 0x60, 0x80, 0x24
	.byte 0x64, 0x01, 0x18, 0x19, 0x81, 0x42, 0x61, 0xDA, 0x01, 0x49, 0x08, 0x68, 0x43, 0xE0, 0x00, 0x00
	.byte 0x84, 0x9B, 0x03, 0x02, 0x42, 0x46, 0x32, 0x60, 0x2B, 0x60, 0x01, 0x20, 0x57, 0xE0, 0x53, 0x46
	.byte 0x00, 0x24, 0x19, 0x5F, 0x88, 0x42, 0x20, 0xDD, 0x04, 0x4A, 0x05, 0x49, 0x06, 0x20, 0x08, 0x80
	.byte 0x29, 0x68, 0x91, 0x42, 0x06, 0xDD, 0x60, 0x46, 0x30, 0x60, 0x47, 0xE0, 0x00, 0x2E, 0x02, 0x00
	.byte 0xE4, 0xB4, 0x03, 0x02, 0x4B, 0x46, 0x18, 0x68, 0xB8, 0x42, 0x0B, 0xDC, 0x37, 0x60, 0x03, 0x4C
	.byte 0x10, 0x19, 0x81, 0x42, 0x3A, 0xDD, 0x02, 0x49, 0x08, 0x68, 0x1C, 0xE0, 0x00, 0xF0, 0xFF, 0xFF
	.byte 0x84, 0x9B, 0x03, 0x02, 0x63, 0x46, 0x33, 0x60, 0x29, 0xE0, 0x88, 0x42, 0x2A, 0xDA, 0x0E, 0x4A
	.byte 0x0E, 0x49, 0x07, 0x20, 0x08, 0x80, 0x29, 0x68, 0x91, 0x42, 0x26, 0xDB, 0x4C, 0x46, 0x20, 0x68
	.byte 0x60, 0x45, 0x1B, 0xDC, 0x60, 0x46, 0x30, 0x60, 0x80, 0x23, 0x5B, 0x01, 0xD0, 0x18, 0x81, 0x42
	.byte 0x1C, 0xDA, 0x07, 0x4C, 0x20, 0x68, 0xC4, 0x6F, 0x60, 0x6B, 0xA1, 0x6B, 0x05, 0x4A, 0x06, 0x4B
	.byte 0x10, 0x43, 0x60, 0x63, 0xA1, 0x63, 0x11, 0xE0, 0x00, 0x12, 0x02, 0x00, 0xE4, 0xB4, 0x03, 0x02
	.byte 0x84, 0x9B, 0x03, 0x02, 0x00, 0x00, 0x00, 0x02, 0x00, 0x00, 0x00, 0x00, 0x37, 0x60, 0x2A, 0x60
	.byte 0x01, 0x20, 0x04, 0xE0, 0x05, 0x49, 0x08, 0x20, 0x08, 0x80, 0x37, 0x60, 0x00, 0x20, 0x38, 0xBC
	.byte 0x98, 0x46, 0xA1, 0x46, 0xAA, 0x46, 0xF0, 0xBC, 0x02, 0xBC, 0x08, 0x47, 0xE4, 0xB4, 0x03, 0x02
	thumb_func_start func_080BD7F8
func_080BD7F8: @ 080BD7F8
	push {r4, r5, r6, lr}
	adds r6, r0, #0x0
	ldr r0, _080BD84C @ =0x0203ACC4
	movs r1, #0x00
	ldsh r0, [r0, r1]
	adds r0, #0x01
	lsls r0, r0, #0x0B
	negs r1, r0
	ldr r0, _080BD850 @ =0x0203ACD4
	movs r2, #0x00
	ldsh r0, [r0, r2]
	adds r0, #0x01
	lsls r0, r0, #0x0B
	negs r5, r0
	ldr r0, _080BD854 @ =0x0203ACC0
	movs r2, #0x00
	ldsh r0, [r0, r2]
	adds r0, #0x01
	lsls r0, r0, #0x0B
	negs r4, r0
	ldr r2, [r6, #0x00]
	ldr r0, _080BD858 @ =0x000259FF
	cmp r2, r0
	bgt _080BD8C8
	ldr r0, _080BD85C @ =0x000221FF
	cmp r2, r0
	bgt _080BD8A8
	ldr r0, _080BD860 @ =0x0001E9FF
	cmp r2, r0
	bgt _080BD884
	ldr r0, _080BD864 @ =0x0001B1FF
	cmp r2, r0
	bgt _080BD868
	movs r0, #0x00
	str r0, [r3, #0x00]
	movs r0, #0xD7
	lsls r0, r0, #0x09
	cmp r2, r0
	ble _080BD8D2
_080BD846:
	movs r0, #0x00
	b _080BD8D4
	.byte 0x00, 0x00
_080BD84C: .4byte 0x0203ACC4
_080BD850: .4byte 0x0203ACD4
_080BD854: .4byte 0x0203ACC0
_080BD858: .4byte 0x000259FF
_080BD85C: .4byte 0x000221FF
_080BD860: .4byte 0x0001E9FF
_080BD864: .4byte 0x0001B1FF
_080BD868:
	str r1, [r3, #0x00]
	ldr r0, _080BD880 @ =0x0001B5FF
	cmp r2, r0
	ble _080BD846
	movs r0, #0xF3
	lsls r0, r0, #0x09
	cmp r2, r0
	ble _080BD8D2
	cmp r1, r5
	beq _080BD8D2
	b _080BD846
	.byte 0x00, 0x00
_080BD880: .4byte 0x0001B5FF
_080BD884:
	str r5, [r3, #0x00]
	ldr r0, _080BD8A0 @ =0x0001EDFF
	cmp r2, r0
	bgt _080BD890
	cmp r1, r5
	bne _080BD846
_080BD890:
	ldr r1, [r6, #0x00]
	ldr r0, _080BD8A4 @ =0x00021E00
	cmp r1, r0
	ble _080BD8D2
	cmp r5, r4
	beq _080BD8D2
	b _080BD846
	.byte 0x00, 0x00
_080BD8A0: .4byte 0x0001EDFF
_080BD8A4: .4byte 0x00021E00
_080BD8A8:
	str r4, [r3, #0x00]
	ldr r0, _080BD8C0 @ =0x000225FF
	cmp r2, r0
	bgt _080BD8B4
	cmp r5, r4
	bne _080BD846
_080BD8B4:
	ldr r1, [r6, #0x00]
	ldr r0, _080BD8C4 @ =0x00025600
	cmp r1, r0
	ble _080BD8D2
	b _080BD846
	.byte 0x00, 0x00
_080BD8C0: .4byte 0x000225FF
_080BD8C4: .4byte 0x00025600
_080BD8C8:
	movs r0, #0x00
	str r0, [r3, #0x00]
	ldr r0, _080BD8DC @ =0x00025DFF
	cmp r2, r0
	ble _080BD846
_080BD8D2:
	movs r0, #0x01
_080BD8D4:
	pop {r4, r5, r6}
	pop {r1}
	bx r1
	.byte 0x00, 0x00
_080BD8DC: .4byte 0x00025DFF
	thumb_func_start task_bos_jf_map_0
task_bos_jf_map_0: @ 080BD8E0
	push {r4, r5, r6, lr}
	mov r6, r8
	push {r6}
	mov r8, r0
	adds r4, r1, #0x0
	ldr r0, _080BD980 @ =0x096C5C64
	ldr r1, _080BD984 @ =0x0203ACE0
	movs r2, #0x80
	lsls r2, r2, #0x04
	bl func_080043B4
	ldr r1, _080BD988 @ =0x0203ACD8
	adds r0, r4, #0x0
	adds r0, #0x10
	str r0, [r1, #0x00]
	bl func_080BDAAC
	ldr r1, [r4, #0x00]
	ldrh r2, [r4, #0x04]
	movs r0, #0x00
	bl func_080050B8
	ldr r1, [r4, #0x08]
	ldrh r2, [r4, #0x0C]
	movs r0, #0x00
	bl func_080050DC
	ldr r6, _080BD98C @ =0x02039B84
	ldr r0, [r6, #0x00]
	movs r1, #0x80
	lsls r1, r1, #0x01
	str r1, [r0, #0x24]
	str r1, [r0, #0x28]
	ldr r2, _080BD990 @ =0x00023E00
	str r2, [r0, #0x08]
	movs r1, #0x94
	lsls r1, r1, #0x09
	str r1, [r0, #0x0C]
	str r2, [r0, #0x00]
	str r1, [r0, #0x04]
	str r2, [r0, #0x10]
	str r1, [r0, #0x14]
	str r2, [r0, #0x1C]
	str r1, [r0, #0x20]
	movs r5, #0x00
	movs r4, #0x00
	movs r1, #0x0F
	strh r1, [r0, #0x1A]
	strb r5, [r0, #0x18]
	bl func_0802F1C8
	ldr r0, [r6, #0x00]
	ldr r1, [r0, #0x00]
	lsls r1, r1, #0x08
	lsrs r1, r1, #0x10
	ldr r2, [r0, #0x04]
	lsls r2, r2, #0x08
	lsrs r2, r2, #0x10
	movs r0, #0x00
	bl func_08005244
	mov r0, r8
	strh r4, [r0, #0x00]
	strh r4, [r0, #0x02]
	ldr r0, _080BD994 @ =0x0203ACD0
	strb r5, [r0, #0x00]
	ldr r0, _080BD998 @ =0x0203B4E0
	strh r4, [r0, #0x00]
	ldr r0, _080BD99C @ =0x0203ACC8
	strh r4, [r0, #0x00]
	ldr r0, _080BD9A0 @ =0x0203ACCC
	strh r4, [r0, #0x00]
	ldr r0, _080BD9A4 @ =0x0203B4E8
	str r4, [r0, #0x00]
	pop {r3}
	mov r8, r3
	pop {r4, r5, r6}
	pop {r0}
	bx r0
	.byte 0x00, 0x00
_080BD980: .4byte 0x096C5C64
_080BD984: .4byte 0x0203ACE0
_080BD988: .4byte 0x0203ACD8
_080BD98C: .4byte 0x02039B84
_080BD990: .4byte 0x00023E00
_080BD994: .4byte 0x0203ACD0
_080BD998: .4byte 0x0203B4E0
_080BD99C: .4byte 0x0203ACC8
_080BD9A0: .4byte 0x0203ACCC
_080BD9A4: .4byte 0x0203B4E8
	thumb_func_start task_bos_jf_map_1
task_bos_jf_map_1: @ 080BD9A8
	push {r4, lr}
	adds r1, r0, #0x0
	ldrh r0, [r1, #0x00]
	adds r0, #0x01
	movs r2, #0x00
	strh r0, [r1, #0x00]
	lsls r0, r0, #0x10
	asrs r0, r0, #0x10
	cmp r0, #0x0E
	ble _080BD9E0
	strh r2, [r1, #0x00]
	ldrh r0, [r1, #0x02]
	adds r0, #0x01
	strh r0, [r1, #0x02]
	lsls r0, r0, #0x10
	asrs r0, r0, #0x10
	cmp r0, #0x07
	ble _080BD9CE
	strh r2, [r1, #0x02]
_080BD9CE:
	movs r2, #0x02
	ldsh r0, [r1, r2]
	lsls r0, r0, #0x05
	ldr r1, _080BDA9C @ =0x096FB484
	adds r0, r0, r1
	ldr r1, _080BDAA0 @ =0x05000020
	movs r2, #0x20
	bl func_08005BE8
_080BD9E0:
	bl func_0802F208
	ldr r0, _080BDAA4 @ =0x02039B84
	ldr r2, [r0, #0x00]
	ldr r0, [r2, #0x10]
	ldr r1, [r2, #0x08]
	subs r0, r0, r1
	asrs r3, r0, #0x03
	ldr r0, [r2, #0x14]
	ldr r1, [r2, #0x0C]
	subs r0, r0, r1
	asrs r4, r0, #0x03
	movs r0, #0xA0
	lsls r0, r0, #0x03
	cmp r3, r0
	bgt _080BDA06
	ldr r0, _080BDAA8 @ =0xFFFFFB00
	cmp r3, r0
	bge _080BDA08
_080BDA06:
	adds r3, r0, #0x0
_080BDA08:
	ldr r1, _080BDAA4 @ =0x02039B84
	ldr r2, [r1, #0x00]
	ldr r0, [r2, #0x08]
	adds r3, r0, r3
	str r3, [r2, #0x08]
	ldr r0, [r2, #0x0C]
	adds r0, r0, r4
	str r0, [r2, #0x0C]
	str r3, [r2, #0x00]
	str r0, [r2, #0x04]
	adds r0, r2, #0x0
	adds r0, #0xDA
	movs r4, #0x00
	ldsh r0, [r0, r4]
	adds r0, #0x14
	lsls r0, r0, #0x08
	cmp r3, r0
	blt _080BDA3C
	adds r0, r2, #0x0
	adds r0, #0xDC
	movs r4, #0x00
	ldsh r0, [r0, r4]
	subs r0, #0x1C
	lsls r0, r0, #0x08
	cmp r3, r0
	ble _080BDA3E
_080BDA3C:
	str r0, [r2, #0x00]
_080BDA3E:
	ldr r1, [r1, #0x00]
	adds r0, r1, #0x0
	adds r0, #0xDE
	movs r2, #0x00
	ldsh r0, [r0, r2]
	subs r0, #0x90
	lsls r0, r0, #0x08
	ldr r2, [r1, #0x04]
	cmp r2, r0
	blt _080BDA62
	adds r0, r1, #0x0
	adds r0, #0xE0
	movs r3, #0x00
	ldsh r0, [r0, r3]
	subs r0, #0x48
	lsls r0, r0, #0x08
	cmp r2, r0
	ble _080BDA64
_080BDA62:
	str r0, [r1, #0x04]
_080BDA64:
	bl func_0802F268
	adds r4, r0, #0x0
	bl func_080BDB58
	ldr r1, _080BDAA4 @ =0x02039B84
	ldr r1, [r1, #0x00]
	adds r4, r4, r0
	ldr r2, [r1, #0x04]
	adds r2, r2, r4
	str r2, [r1, #0x04]
	ldr r1, [r1, #0x00]
	asrs r1, r1, #0x08
	adds r1, #0x08
	lsls r1, r1, #0x10
	lsrs r1, r1, #0x10
	asrs r2, r2, #0x08
	adds r2, #0x28
	lsls r2, r2, #0x10
	lsrs r2, r2, #0x10
	movs r0, #0x00
	bl func_08005244
	movs r0, #0x01
	pop {r4}
	pop {r1}
	bx r1
	.byte 0x00, 0x00
_080BDA9C: .4byte 0x096FB484
_080BDAA0: .4byte 0x05000020
_080BDAA4: .4byte 0x02039B84
_080BDAA8: .4byte 0xFFFFFB00
	thumb_func_start func_080BDAAC
func_080BDAAC: @ 080BDAAC
	push {r4, r5, lr}
	ldr r5, _080BDB10 @ =0x09EF275C
	ldr r0, _080BDB14 @ =0x0203ACC4
	movs r1, #0x00
	ldsh r0, [r0, r1]
	lsls r0, r0, #0x02
	adds r0, r0, r5
	ldr r0, [r0, #0x00]
	ldr r4, _080BDB18 @ =0x0203AF2C
	adds r1, r4, #0x0
	movs r2, #0x07
	movs r3, #0x17
	bl func_080C6EB0
	ldr r0, _080BDB1C @ =0x0203ACD4
	movs r1, #0x00
	ldsh r0, [r0, r1]
	lsls r0, r0, #0x02
	adds r1, r5, #0x0
	adds r1, #0x3C
	adds r0, r0, r1
	ldr r0, [r0, #0x00]
	adds r1, r4, #0x0
	adds r1, #0x0E
	movs r2, #0x07
	movs r3, #0x17
	bl func_080C6EB0
	ldr r0, _080BDB20 @ =0x0203ACC0
	movs r1, #0x00
	ldsh r0, [r0, r1]
	lsls r0, r0, #0x02
	adds r0, r0, r5
	ldr r0, [r0, #0x00]
	adds r4, #0x1C
	adds r1, r4, #0x0
	movs r2, #0x07
	movs r3, #0x17
	bl func_080C6EB0
	ldr r0, _080BDB24 @ =0x0203ACD8
	ldr r1, [r0, #0x00]
	movs r0, #0x00
	movs r2, #0x02
	movs r3, #0x02
	bl func_0800516C
	pop {r4, r5}
	pop {r0}
	bx r0
_080BDB10: .4byte 0x09EF275C
_080BDB14: .4byte 0x0203ACC4
_080BDB18: .4byte 0x0203AF2C
_080BDB1C: .4byte 0x0203ACD4
_080BDB20: .4byte 0x0203ACC0
_080BDB24: .4byte 0x0203ACD8
	.byte 0x06, 0x4A, 0x01, 0x21, 0x11, 0x70, 0x06, 0x49, 0x00, 0x22, 0x0A, 0x80, 0x05, 0x49, 0x0A, 0x80
	.byte 0x05, 0x49, 0x08, 0x80, 0x05, 0x49, 0x00, 0x20, 0x08, 0x60, 0x70, 0x47, 0xD0, 0xAC, 0x03, 0x02
	.byte 0xE0, 0xB4, 0x03, 0x02, 0xC8, 0xAC, 0x03, 0x02, 0xCC, 0xAC, 0x03, 0x02, 0xE8, 0xB4, 0x03, 0x02
	thumb_func_start func_080BDB58
func_080BDB58: @ 080BDB58
	push {r4, lr}
	ldr r2, _080BDB90 @ =0x0203ACD0
	movs r0, #0x00
	ldsb r0, [r2, r0]
	ldr r3, _080BDB94 @ =0x0203B4E8
	cmp r0, #0x01
	bne _080BDBD4
	ldr r1, _080BDB98 @ =0x0203ACC8
	ldrh r0, [r1, #0x00]
	adds r0, #0x01
	strh r0, [r1, #0x00]
	ldr r1, _080BDB9C @ =0x0203ACCC
	lsls r0, r0, #0x10
	asrs r0, r0, #0x10
	movs r4, #0x00
	ldsh r1, [r1, r4]
	cmp r0, r1
	bge _080BDBD0
	ldr r0, _080BDBA0 @ =0x0203B4E0
	ldrh r1, [r0, #0x00]
	movs r2, #0x03
	ands r1, r2
	adds r2, r0, #0x0
	cmp r1, #0x00
	bne _080BDBA4
	movs r0, #0x80
	lsls r0, r0, #0x02
	b _080BDBC0
_080BDB90: .4byte 0x0203ACD0
_080BDB94: .4byte 0x0203B4E8
_080BDB98: .4byte 0x0203ACC8
_080BDB9C: .4byte 0x0203ACCC
_080BDBA0: .4byte 0x0203B4E0
_080BDBA4:
	movs r0, #0x00
	ldsh r1, [r2, r0]
	adds r0, r1, #0x0
	cmp r1, #0x00
	bge _080BDBB0
	adds r0, r1, #0x3
_080BDBB0:
	asrs r0, r0, #0x02
	lsls r0, r0, #0x02
	subs r0, r1, r0
	lsls r0, r0, #0x10
	asrs r0, r0, #0x10
	cmp r0, #0x02
	bne _080BDBC2
	ldr r0, _080BDBCC @ =0xFFFFFE00
_080BDBC0:
	str r0, [r3, #0x00]
_080BDBC2:
	ldrh r0, [r2, #0x00]
	adds r0, #0x01
	strh r0, [r2, #0x00]
	b _080BDBD4
	.byte 0x00, 0x00
_080BDBCC: .4byte 0xFFFFFE00
_080BDBD0:
	movs r0, #0x00
	strb r0, [r2, #0x00]
_080BDBD4:
	ldr r0, [r3, #0x00]
	pop {r4}
	pop {r1}
	bx r1
	thumb_func_start task_bos_jf_lamp_0
task_bos_jf_lamp_0: @ 080BDBDC
	push {r4, r5, r6, r7, lr}
	adds r7, r0, #0x0
	adds r2, r1, #0x0
	str r2, [r7, #0x00]
	movs r0, #0x80
	str r0, [r7, #0x28]
	ldr r5, _080BDC8C @ =0x09682AA4
	movs r6, #0xA0
	lsls r6, r6, #0x06
	adds r0, r5, #0x0
	adds r1, r6, #0x0
	bl func_080026A4
	str r0, [r7, #0x04]
	ldr r4, _080BDC90 @ =0x09EF3A48
	ldr r0, [r4, #0x30]
	str r0, [r7, #0x08]
	adds r0, r5, #0x0
	adds r1, r6, #0x0
	bl func_080026A4
	str r0, [r7, #0x0C]
	ldr r0, [r4, #0x38]
	str r0, [r7, #0x10]
	ldr r0, _080BDC94 @ =0x096FB5A4
	movs r1, #0x60
	bl func_08002A14
	str r0, [r7, #0x14]
	ldr r0, _080BDC98 @ =0x08F69BC4
	movs r1, #0x20
	bl func_08002A14
	str r0, [r7, #0x18]
	ldr r0, [r7, #0x14]
	ldrh r0, [r0, #0x06]
	adds r0, #0x10
	lsls r0, r0, #0x10
	lsrs r0, r0, #0x10
	movs r1, #0x01
	bl func_080062F4
	movs r5, #0x00
	movs r4, #0x00
	strh r4, [r7, #0x2E]
	strh r4, [r7, #0x1C]
	strh r4, [r7, #0x1E]
	bl func_080065A4
	lsls r0, r0, #0x10
	lsrs r0, r0, #0x10
	movs r1, #0x79
	bl func_0811D7CC
	movs r1, #0xF0
	lsls r1, r1, #0x01
	adds r0, r0, r1
	strh r0, [r7, #0x20]
	strh r4, [r7, #0x22]
	adds r0, r7, #0x0
	adds r0, #0x24
	movs r1, #0x01
	strb r1, [r0, #0x00]
	adds r0, #0x09
	strb r1, [r0, #0x00]
	adds r0, #0x05
	strb r5, [r0, #0x00]
	strh r4, [r7, #0x34]
	str r4, [r7, #0x38]
	adds r0, #0x10
	strh r4, [r0, #0x00]
	adds r4, r7, #0x0
	adds r4, #0x44
	adds r0, r4, #0x0
	bl func_08000E64
	ldr r1, _080BDC9C @ =0x09EDAE88
	ldr r2, [r7, #0x00]
	movs r0, #0x88
	lsls r0, r0, #0x01
	adds r2, r2, r0
	adds r0, r4, #0x0
	bl func_08000E14
	pop {r4, r5, r6, r7}
	pop {r0}
	bx r0
	.byte 0x00, 0x00
_080BDC8C: .4byte 0x09682AA4
_080BDC90: .4byte 0x09EF3A48
_080BDC94: .4byte 0x096FB5A4
_080BDC98: .4byte 0x08F69BC4
_080BDC9C: .4byte 0x09EDAE88
	thumb_func_start task_bos_jf_lamp_1
task_bos_jf_lamp_1: @ 080BDCA0
	push {r4, r5, r6, r7, lr}
	mov r7, r9
	mov r6, r8
	push {r6, r7}
	adds r6, r0, #0x0
	ldr r0, [r6, #0x00]
	movs r1, #0x88
	lsls r1, r1, #0x01
	adds r7, r0, r1
	mov r9, r0
	movs r0, #0x8E
	lsls r0, r0, #0x02
	add r0, r9
	ldr r0, [r0, #0x00]
	cmp r0, #0x03
	bhi _080BDCF4
	ldrh r0, [r6, #0x22]
	adds r0, #0x01
	strh r0, [r6, #0x22]
	lsls r0, r0, #0x10
	asrs r0, r0, #0x10
	movs r2, #0x20
	ldsh r1, [r6, r2]
	cmp r0, r1
	ble _080BDCF4
	movs r0, #0x00
	strh r0, [r6, #0x22]
	movs r0, #0x89
	lsls r0, r0, #0x01
	bl func_0811FE70
	bl func_080065A4
	lsls r0, r0, #0x10
	lsrs r0, r0, #0x10
	movs r1, #0x79
	bl func_0811D7CC
	movs r3, #0xF0
	lsls r3, r3, #0x01
	adds r0, r0, r3
	strh r0, [r6, #0x20]
_080BDCF4:
	ldr r0, [r6, #0x00]
	movs r1, #0x8E
	lsls r1, r1, #0x02
	adds r0, r0, r1
	ldr r0, [r0, #0x00]
	movs r2, #0x32
	adds r2, r2, r6
	mov r8, r2
	cmp r0, #0x09
	bne _080BDD0C
	movs r0, #0x05
	strb r0, [r2, #0x00]
_080BDD0C:
	mov r3, r8
	ldrb r0, [r3, #0x00]
	adds r5, r7, #0x4
	adds r4, r7, #0x0
	adds r4, #0x0C
	cmp r0, #0x05
	bls _080BDD1C
	b _080BE076
_080BDD1C:
	lsls r0, r0, #0x02
	ldr r1, _080BDD28 @ =0x080BDD2C
	adds r0, r0, r1
	ldr r0, [r0, #0x00]
	mov pc, r0
	.byte 0x00, 0x00
_080BDD28: .4byte 0x080BDD2C
	.byte 0x44, 0xDD, 0x0B, 0x08, 0xE4, 0xDD, 0x0B, 0x08, 0x70, 0xDE, 0x0B, 0x08, 0x3C, 0xDF, 0x0B, 0x08
	.byte 0xC8, 0xDF, 0x0B, 0x08, 0x76, 0xE0, 0x0B, 0x08, 0x34, 0x21, 0x70, 0x5E, 0x00, 0x28, 0x20, 0xD1
	.byte 0x30, 0x1C, 0x00, 0xF0, 0x93, 0xFA, 0xB0, 0x63, 0x00, 0x12, 0x79, 0x68, 0x09, 0x12, 0x40, 0x1A
	.byte 0x00, 0x04, 0x00, 0x14, 0x00, 0x28, 0x05, 0xDD, 0x78, 0x6B, 0xB9, 0x6B, 0x05, 0x22, 0x52, 0x42
	.byte 0x10, 0x40, 0x06, 0xE0, 0x00, 0x28, 0x06, 0xDA, 0x78, 0x6B, 0xB9, 0x6B, 0x04, 0x22, 0x00, 0x23
	.byte 0x10, 0x43, 0x78, 0x63, 0xB9, 0x63, 0xC8, 0x20, 0xF0, 0x85, 0xB0, 0x8E, 0x01, 0x30, 0xB0, 0x86
	.byte 0x13, 0xE0, 0x2E, 0x22, 0xB0, 0x5E, 0x00, 0x28, 0x0A, 0xDD, 0x3C, 0x1D, 0xB1, 0x6B, 0xF2, 0x8D
	.byte 0x20, 0x1C, 0x47, 0xF7, 0xAD, 0xFD, 0xF0, 0x8D, 0x01, 0x38, 0xF0, 0x85, 0x25, 0x1C, 0x05, 0xE0
	.byte 0x00, 0x20, 0xB0, 0x86, 0x01, 0x20, 0x43, 0x46, 0x18, 0x70, 0x3D, 0x1D, 0x08, 0x49, 0x32, 0x1C
	.byte 0x42, 0x32, 0x10, 0x78, 0x40, 0x00, 0x40, 0x18, 0x00, 0x23, 0xC1, 0x5E, 0x88, 0x00, 0x40, 0x18
	.byte 0x80, 0x00, 0x04, 0x49, 0x40, 0x18, 0xF8, 0x60, 0x10, 0x88, 0x02, 0x30, 0x10, 0x80, 0x09, 0xE1
	.byte 0x00, 0x14, 0x12, 0x08, 0x00, 0x4C, 0xFF, 0xFF, 0xB0, 0x8E, 0x34, 0x22, 0xB1, 0x5E, 0x00, 0x29
	.byte 0x1F, 0xD1, 0x09, 0x48, 0x00, 0x68, 0xC0, 0x6F, 0x40, 0x68, 0x00, 0x12, 0x79, 0x68, 0x09, 0x12
	.byte 0x40, 0x1A, 0x00, 0x04, 0x00, 0x14, 0x00, 0x28, 0x08, 0xDD, 0x78, 0x6B, 0xB9, 0x6B, 0x05, 0x22
	.byte 0x52, 0x42, 0x10, 0x40, 0x09, 0xE0, 0x00, 0x00, 0x84, 0x9B, 0x03, 0x02, 0x00, 0x28, 0x06, 0xDA
	.byte 0x78, 0x6B, 0xB9, 0x6B, 0x04, 0x22, 0x00, 0x23, 0x10, 0x43, 0x78, 0x63, 0xB9, 0x63, 0xB0, 0x8E
	.byte 0x07, 0xE0, 0x3C, 0x29, 0x05, 0xDD, 0x00, 0x20, 0xB0, 0x86, 0x02, 0x20, 0x43, 0x46, 0x18, 0x70
	.byte 0x01, 0xE0, 0x01, 0x30, 0xB0, 0x86, 0x09, 0x49, 0x32, 0x1C, 0x42, 0x32, 0x10, 0x78, 0x40, 0x00
	.byte 0x40, 0x18, 0x00, 0x23, 0xC1, 0x5E, 0x88, 0x00, 0x40, 0x18, 0x80, 0x00, 0x04, 0x49, 0x40, 0x18
	.byte 0xF8, 0x60, 0x10, 0x88, 0x02, 0x30, 0x10, 0x80, 0xC3, 0xE0, 0x00, 0x00, 0x00, 0x14, 0x12, 0x08
	.byte 0x00, 0x4C, 0xFF, 0xFF, 0x34, 0x22, 0xB0, 0x5E, 0x00, 0x28, 0x2C, 0xD1, 0x4B, 0x46, 0x58, 0x6B
	.byte 0x99, 0x6B, 0x04, 0x22, 0x10, 0x40, 0x00, 0x21, 0x08, 0x43, 0x00, 0x28, 0x02, 0xD0, 0x9E, 0x20
	.byte 0x80, 0x02, 0x01, 0xE0, 0xCA, 0x20, 0x40, 0x02, 0xB0, 0x63, 0xB0, 0x6B, 0x00, 0x12, 0x79, 0x68
	.byte 0x09, 0x12, 0x40, 0x1A, 0x00, 0x04, 0x00, 0x14, 0x00, 0x28, 0x05, 0xDD, 0x78, 0x6B, 0xB9, 0x6B
	.byte 0x05, 0x22, 0x52, 0x42, 0x10, 0x40, 0x06, 0xE0, 0x00, 0x28, 0x06, 0xDA, 0x78, 0x6B, 0xB9, 0x6B
	.byte 0x04, 0x22, 0x00, 0x23, 0x10, 0x43, 0x78, 0x63, 0xB9, 0x63, 0xC8, 0x20, 0xF0, 0x85, 0xB0, 0x8E
	.byte 0x01, 0x30, 0xB0, 0x86, 0x1B, 0xE0, 0x2E, 0x21, 0x70, 0x5E, 0x00, 0x28, 0x12, 0xDD, 0x3D, 0x1D
	.byte 0xB1, 0x6B, 0xF2, 0x8D, 0x28, 0x1C, 0x47, 0xF7, 0x0B, 0xFD, 0x3C, 0x1C, 0x0C, 0x34, 0x04, 0x49
	.byte 0xF2, 0x8D, 0x20, 0x1C, 0x47, 0xF7, 0x04, 0xFD, 0xF0, 0x8D, 0x01, 0x38, 0xF0, 0x85, 0x09, 0xE0
	.byte 0x00, 0x4C, 0xFF, 0xFF, 0x00, 0x20, 0xB0, 0x86, 0x03, 0x20, 0x42, 0x46, 0x10, 0x70, 0x3D, 0x1D
	.byte 0x3C, 0x1C, 0x0C, 0x34, 0x08, 0x49, 0x32, 0x1C, 0x42, 0x32, 0x10, 0x78, 0x40, 0x00, 0x40, 0x18
	.byte 0x00, 0x23, 0xC1, 0x5E, 0x88, 0x00, 0x40, 0x18, 0x80, 0x00, 0x04, 0x49, 0x40, 0x18, 0xF8, 0x60
	.byte 0x10, 0x88, 0x02, 0x30, 0x10, 0x80, 0xA0, 0xE0, 0x00, 0x14, 0x12, 0x08, 0x00, 0x4C, 0xFF, 0xFF
	.byte 0xB0, 0x8E, 0x34, 0x22, 0xB1, 0x5E, 0x00, 0x29, 0x1F, 0xD1, 0x09, 0x48, 0x00, 0x68, 0xC0, 0x6F
	.byte 0x40, 0x68, 0x00, 0x12, 0x79, 0x68, 0x09, 0x12, 0x40, 0x1A, 0x00, 0x04, 0x00, 0x14, 0x00, 0x28
	.byte 0x08, 0xDD, 0x78, 0x6B, 0xB9, 0x6B, 0x05, 0x22, 0x52, 0x42, 0x10, 0x40, 0x09, 0xE0, 0x00, 0x00
	.byte 0x84, 0x9B, 0x03, 0x02, 0x00, 0x28, 0x06, 0xDA, 0x78, 0x6B, 0xB9, 0x6B, 0x04, 0x22, 0x00, 0x23
	.byte 0x10, 0x43, 0x78, 0x63, 0xB9, 0x63, 0xB0, 0x8E, 0x07, 0xE0, 0x3C, 0x29, 0x05, 0xDD, 0x00, 0x21
	.byte 0x00, 0x20, 0xB0, 0x86, 0x43, 0x46, 0x19, 0x70, 0x01, 0xE0, 0x01, 0x30, 0xB0, 0x86, 0x09, 0x49
	.byte 0x32, 0x1C, 0x42, 0x32, 0x10, 0x78, 0x40, 0x00, 0x40, 0x18, 0x00, 0x23, 0xC1, 0x5E, 0x88, 0x00
	.byte 0x40, 0x18, 0x80, 0x00, 0x04, 0x49, 0x40, 0x18, 0xF8, 0x60, 0x10, 0x88, 0x02, 0x30, 0x10, 0x80
	.byte 0x17, 0xE0, 0x00, 0x00, 0x00, 0x14, 0x12, 0x08, 0x00, 0x4C, 0xFF, 0xFF, 0x34, 0x22, 0xB0, 0x5E
	.byte 0x00, 0x28, 0x12, 0xD1, 0x14, 0x20, 0xF0, 0x85, 0x78, 0x6B, 0xB9, 0x6B, 0x04, 0x22, 0x00, 0x23
	.byte 0x10, 0x43, 0x78, 0x63, 0xB9, 0x63, 0xCC, 0x20, 0x40, 0x42, 0xB0, 0x62, 0xB0, 0x8E, 0x01, 0x30
	.byte 0xB0, 0x86, 0x3D, 0x1D, 0x3C, 0x1C, 0x0C, 0x34, 0x3F, 0xE0, 0x2E, 0x23, 0xF0, 0x5E, 0x00, 0x28
	.byte 0x0C, 0xDD, 0x3C, 0x1C, 0x0C, 0x34, 0x04, 0x49, 0xF2, 0x8D, 0x20, 0x1C, 0x47, 0xF7, 0x78, 0xFC
	.byte 0xF0, 0x8D, 0x01, 0x38, 0xF0, 0x85, 0x23, 0xE0, 0x00, 0x60, 0xFF, 0xFF, 0x79, 0x68, 0xCA, 0x20
	.byte 0x40, 0x02, 0x81, 0x42, 0x08, 0xDC, 0x78, 0x6B, 0xB9, 0x6B, 0x05, 0x22, 0x52, 0x42, 0x10, 0x40
	.byte 0x78, 0x63, 0xB9, 0x63, 0xCC, 0x20, 0xB0, 0x62, 0x79, 0x68, 0x34, 0x48, 0x81, 0x42, 0x09, 0xDD
	.byte 0x78, 0x6B, 0xB9, 0x6B, 0x04, 0x22, 0x00, 0x23, 0x10, 0x43, 0x78, 0x63, 0xB9, 0x63, 0xCC, 0x20
	.byte 0x40, 0x42, 0xB0, 0x62, 0x78, 0x68, 0xB1, 0x6A, 0x40, 0x18, 0x78, 0x60, 0x3C, 0x1C, 0x0C, 0x34
	.byte 0x30, 0x68, 0x94, 0x21, 0x89, 0x00, 0x40, 0x18, 0x00, 0x22, 0x80, 0x5E, 0x3D, 0x1D, 0x00, 0x28
	.byte 0x03, 0xD1, 0xB0, 0x86, 0x02, 0x20, 0x43, 0x46, 0x18, 0x70
_080BE076:
	ldr r0, [r6, #0x00]
	ldr r1, _080BE10C @ =0x0000024E
	adds r0, r0, r1
	movs r2, #0x00
	ldsh r0, [r0, r2]
	cmp r0, #0x02
	bne _080BE08E
	movs r0, #0x00
	strh r0, [r6, #0x34]
	movs r0, #0x04
	mov r3, r8
	strb r0, [r3, #0x00]
_080BE08E:
	movs r1, #0x1E
	ldsh r0, [r6, r1]
	cmp r0, #0x03
	ble _080BE0C6
	movs r1, #0x00
	strh r1, [r6, #0x1E]
	ldrh r0, [r6, #0x1C]
	adds r0, #0x01
	strh r0, [r6, #0x1C]
	lsls r0, r0, #0x10
	asrs r0, r0, #0x10
	cmp r0, #0x05
	ble _080BE0AA
	strh r1, [r6, #0x1C]
_080BE0AA:
	ldr r2, [r6, #0x0C]
	movs r3, #0x1C
	ldsh r0, [r6, r3]
	lsls r0, r0, #0x09
	ldr r1, _080BE110 @ =0x09685DA4
	adds r0, r0, r1
	ldrh r1, [r2, #0x06]
	lsls r1, r1, #0x05
	ldr r2, _080BE114 @ =0x06010000
	adds r1, r1, r2
	movs r2, #0x80
	lsls r2, r2, #0x02
	bl func_080043B4
_080BE0C6:
	ldrh r0, [r6, #0x1E]
	adds r0, #0x01
	strh r0, [r6, #0x1E]
	adds r1, r7, #0x0
	adds r1, #0x08
	adds r3, r7, #0x0
	adds r3, #0x10
	adds r0, r5, #0x0
	adds r2, r4, #0x0
	bl func_080BD7F8
	adds r1, r6, #0x0
	adds r1, #0x2D
	strb r0, [r1, #0x00]
	adds r0, r7, #0x0
	adds r0, #0x40
	ldr r1, [r7, #0x04]
	ldr r2, [r7, #0x08]
	ldr r3, [r7, #0x0C]
	bl func_08012324
	adds r0, r6, #0x0
	adds r0, #0x44
	bl func_08000EA4
	movs r0, #0x01
	pop {r3, r4}
	mov r8, r3
	mov r9, r4
	pop {r4, r5, r6, r7}
	pop {r1}
	bx r1
	.byte 0x00, 0x00, 0xFF, 0x77, 0x02, 0x00
_080BE10C: .4byte 0x0000024E
_080BE110: .4byte 0x09685DA4
_080BE114: .4byte 0x06010000
	thumb_func_start task_bos_jf_lamp_2
task_bos_jf_lamp_2: @ 080BE118
	push {r4, r5, r6, r7, lr}
	mov r7, r10
	mov r6, r9
	mov r5, r8
	push {r5, r6, r7}
	add sp, #-0x014
	adds r7, r0, #0x0
	ldr r0, [r7, #0x00]
	movs r1, #0x88
	lsls r1, r1, #0x01
	adds r1, r1, r0
	mov r9, r1
	ldr r0, [r1, #0x08]
	bl func_0801AF1C
	lsls r0, r0, #0x10
	lsrs r0, r0, #0x10
	mov r10, r0
	mov r2, r9
	ldr r0, [r2, #0x34]
	ldr r1, [r2, #0x38]
	movs r2, #0x04
	ands r0, r2
	movs r1, #0x00
	orrs r0, r1
	cmp r0, #0x00
	beq _080BE15C
	ldr r0, _080BE158 @ =0x0000FFFE
	mov r4, r10
	ands r4, r0
	mov r10, r4
	b _080BE164
_080BE158: .4byte 0x0000FFFE
_080BE15C:
	movs r0, #0x01
	mov r5, r10
	orrs r5, r0
	mov r10, r5
_080BE164:
	ldr r0, _080BE194 @ =0x02039B84
	ldr r0, [r0, #0x00]
	adds r0, #0x70
	ldrb r0, [r0, #0x00]
	cmp r0, #0x00
	bne _080BE19C
	ldr r0, [r7, #0x00]
	movs r6, #0x93
	lsls r6, r6, #0x02
	adds r0, r0, r6
	ldrh r1, [r0, #0x00]
	movs r2, #0x01
	adds r0, r2, #0x0
	ands r0, r1
	cmp r0, #0x00
	beq _080BE19C
	ldr r0, _080BE198 @ =0x03007480
	ldr r0, [r0, #0x00]
	ands r0, r2
	cmp r0, #0x00
	beq _080BE19C
	ldr r4, [r7, #0x18]
	b _080BE19E
	.byte 0x00, 0x00
_080BE194: .4byte 0x02039B84
_080BE198: .4byte 0x03007480
_080BE19C:
	ldr r4, [r7, #0x14]
_080BE19E:
	mov r6, sp
	adds r6, #0x12
	mov r0, r9
	ldr r2, [r0, #0x04]
	ldr r3, [r0, #0x08]
	ldr r0, [r0, #0x0C]
	str r0, [sp, #0x000]
	add r0, sp, #0x010
	adds r1, r6, #0x0
	bl func_0801909C
	add r0, sp, #0x010
	movs r1, #0x00
	ldsh r0, [r0, r1]
	movs r2, #0x00
	ldsh r1, [r6, r2]
	ldr r2, [r7, #0x08]
	ldr r3, [r7, #0x04]
	str r4, [sp, #0x000]
	movs r4, #0x00
	mov r8, r4
	str r4, [sp, #0x004]
	mov r5, r10
	str r5, [sp, #0x008]
	mov r4, r9
	ldr r5, [r4, #0x08]
	asrs r5, r5, #0x08
	lsls r5, r5, #0x02
	mov r12, r5
	ldr r5, _080BE244 @ =0xFFFFEFFC
	adds r4, r5, #0x0
	mov r5, r12
	subs r4, r4, r5
	lsls r4, r4, #0x10
	lsrs r4, r4, #0x10
	str r4, [sp, #0x00C]
	bl func_080023E0
	add r0, sp, #0x010
	movs r1, #0x00
	ldsh r0, [r0, r1]
	ldrh r1, [r6, #0x00]
	subs r1, #0x0E
	lsls r1, r1, #0x10
	asrs r1, r1, #0x10
	ldr r2, [r7, #0x10]
	ldr r3, [r7, #0x0C]
	ldr r4, [r7, #0x14]
	str r4, [sp, #0x000]
	mov r4, r8
	str r4, [sp, #0x004]
	mov r5, r10
	str r5, [sp, #0x008]
	mov r6, r9
	ldr r5, [r6, #0x08]
	asrs r5, r5, #0x08
	lsls r5, r5, #0x02
	ldr r6, _080BE248 @ =0xFFFFEFFB
	adds r4, r6, #0x0
	subs r4, r4, r5
	lsls r4, r4, #0x10
	lsrs r4, r4, #0x10
	str r4, [sp, #0x00C]
	bl func_080023E0
	adds r0, r7, #0x0
	adds r0, #0x2D
	ldrb r0, [r0, #0x00]
	cmp r0, #0x01
	bne _080BE232
	adds r0, r7, #0x0
	adds r0, #0x44
	bl func_08000EE0
_080BE232:
	add sp, #0x014
	pop {r3, r4, r5}
	mov r8, r3
	mov r9, r4
	mov r10, r5
	pop {r4, r5, r6, r7}
	pop {r0}
	bx r0
	.byte 0x00, 0x00
_080BE244: .4byte 0xFFFFEFFC
_080BE248: .4byte 0xFFFFEFFB
	thumb_func_start task_bos_jf_lamp_3
task_bos_jf_lamp_3: @ 080BE24C
	push {r4, lr}
	adds r4, r0, #0x0
	ldr r0, [r4, #0x0C]
	bl func_080028C0
	ldr r0, [r4, #0x04]
	bl func_080028C0
	ldr r0, [r4, #0x14]
	bl func_08002C10
	ldr r0, [r4, #0x18]
	bl func_08002C10
	adds r4, #0x44
	adds r0, r4, #0x0
	bl func_08000F0C
	pop {r4}
	pop {r0}
	bx r0
	.byte 0x00, 0x00, 0x00, 0xB5, 0x00, 0x68, 0x81, 0x6B, 0x40, 0x6B, 0x04, 0x22, 0x10, 0x40, 0x00, 0x21
	.byte 0x08, 0x43, 0x00, 0x28, 0x3B, 0xD0, 0x04, 0x48, 0x00, 0x21, 0x40, 0x5E, 0x08, 0x28, 0x70, 0xD8
	.byte 0x80, 0x00, 0x02, 0x49, 0x40, 0x18, 0x00, 0x68, 0x87, 0x46, 0xE4, 0xB4, 0x03, 0x02, 0xA8, 0xE2
	.byte 0x0B, 0x08, 0xFA, 0xE2, 0x0B, 0x08, 0xD2, 0xE2, 0x0B, 0x08, 0xFA, 0xE2, 0x0B, 0x08, 0xFA, 0xE2
	.byte 0x0B, 0x08, 0xD2, 0xE2, 0x0B, 0x08, 0xCC, 0xE2, 0x0B, 0x08, 0xCC, 0xE2, 0x0B, 0x08, 0xD2, 0xE2
	.byte 0x0B, 0x08, 0xD8, 0xE2, 0x0B, 0x08, 0x9E, 0x20, 0x80, 0x02, 0x53, 0xE0, 0x86, 0x20, 0x80, 0x02
	.byte 0x50, 0xE0, 0x48, 0xF7, 0x64, 0xF9, 0x00, 0x04, 0x00, 0x0C, 0x03, 0x21, 0x5F, 0xF0, 0x73, 0xFA
	.byte 0x00, 0x04, 0x01, 0x14, 0x9E, 0x20, 0x80, 0x02, 0x00, 0x29, 0x43, 0xD0, 0x86, 0x20, 0x80, 0x02
	.byte 0x01, 0x29, 0x3F, 0xD1, 0x01, 0x48, 0x3D, 0xE0, 0x00, 0x00, 0x00, 0x46, 0x02, 0x00, 0x04, 0x48
	.byte 0x00, 0x21, 0x40, 0x5E, 0x08, 0x28, 0x34, 0xD8, 0x80, 0x00, 0x02, 0x49, 0x40, 0x18, 0x00, 0x68
	.byte 0x87, 0x46, 0xE4, 0xB4, 0x03, 0x02, 0x20, 0xE3, 0x0B, 0x08, 0x44, 0xE3, 0x0B, 0x08, 0x72, 0xE3
	.byte 0x0B, 0x08, 0x44, 0xE3, 0x0B, 0x08, 0x4A, 0xE3, 0x0B, 0x08, 0x72, 0xE3, 0x0B, 0x08, 0x4A, 0xE3
	.byte 0x0B, 0x08, 0x72, 0xE3, 0x0B, 0x08, 0x4A, 0xE3, 0x0B, 0x08, 0x50, 0xE3, 0x0B, 0x08, 0xFA, 0x20
	.byte 0x40, 0x02, 0x17, 0xE0, 0xCA, 0x20, 0x40, 0x02, 0x14, 0xE0, 0x48, 0xF7, 0x28, 0xF9, 0x00, 0x04
	.byte 0x00, 0x0C, 0x03, 0x21, 0x5F, 0xF0, 0x37, 0xFA, 0x00, 0x04, 0x01, 0x14, 0xCA, 0x20, 0x40, 0x02
	.byte 0x00, 0x29, 0x07, 0xD0, 0xFA, 0x20, 0x40, 0x02, 0x01, 0x29, 0x03, 0xD1, 0xE7, 0x20, 0x40, 0x02
	.byte 0x00, 0xE0, 0x00, 0x20, 0x02, 0xBC, 0x08, 0x47, 0x00, 0x00
	thumb_func_start func_080BE380
func_080BE380: @ 080BE380
	push {r4, r5, r6, lr}
	adds r4, r0, #0x0
	adds r5, r1, #0x0
	adds r6, r2, #0x0
	lsls r4, r4, #0x18
	lsrs r4, r4, #0x18
	lsls r5, r5, #0x10
	lsrs r5, r5, #0x10
	adds r0, r4, #0x0
	adds r1, r6, #0x0
	bl func_080BE3DC
	ldr r0, _080BE3D4 @ =0x0203B500
	ldr r1, [r0, #0x00]
	movs r0, #0x01
	movs r2, #0x02
	movs r3, #0x02
	bl func_0800516C
	ldr r0, _080BE3D8 @ =0x09EF28D0
	lsls r4, r4, #0x02
	adds r4, r4, r0
	ldr r1, [r4, #0x00]
	lsls r5, r5, #0x15
	lsrs r5, r5, #0x10
	movs r0, #0x01
	adds r2, r5, #0x0
	bl func_080050B8
	ldr r1, [r6, #0x00]
	movs r0, #0x93
	lsls r0, r0, #0x02
	adds r1, r1, r0
	ldrh r2, [r1, #0x00]
	movs r0, #0x11
	negs r0, r0
	ands r0, r2
	strh r0, [r1, #0x00]
	pop {r4, r5, r6}
	pop {r0}
	bx r0
	.byte 0x00, 0x00
_080BE3D4: .4byte 0x0203B500
_080BE3D8: .4byte 0x09EF28D0
	thumb_func_start func_080BE3DC
func_080BE3DC: @ 080BE3DC
	push {r4, r5, r6, lr}
	adds r3, r1, #0x0
	lsls r0, r0, #0x18
	lsrs r2, r0, #0x18
	adds r4, r2, #0x0
	ldr r0, [r3, #0x00]
	ldr r1, [r0, #0x0C]
	ldr r0, _080BE404 @ =0xFFFF8000
	cmp r1, r0
	bge _080BE410
	ldr r1, _080BE408 @ =0x09EF280C
	lsls r0, r2, #0x02
	adds r0, r0, r1
	ldr r0, [r0, #0x00]
	ldr r1, _080BE40C @ =0x0203B510
	movs r2, #0x80
	lsls r2, r2, #0x04
	bl func_080043B4
	b _080BE46A
_080BE404: .4byte 0xFFFF8000
_080BE408: .4byte 0x09EF280C
_080BE40C: .4byte 0x0203B510
_080BE410:
	asrs r0, r1, #0x08
	adds r1, r0, #0x0
	adds r1, #0x88
	cmp r1, #0x00
	bge _080BE41C
	adds r1, #0x07
_080BE41C:
	asrs r1, r1, #0x03
	adds r0, r3, #0x0
	adds r0, #0x6A
	ldrb r0, [r0, #0x00]
	lsls r0, r0, #0x18
	asrs r0, r0, #0x18
	adds r0, r0, r1
	lsls r0, r0, #0x10
	asrs r6, r0, #0x10
	cmp r6, #0x20
	ble _080BE444
	ldr r0, _080BE440 @ =0x0203B510
	movs r1, #0x80
	lsls r1, r1, #0x04
	bl func_0800443C
	b _080BE46A
	.byte 0x00, 0x00
_080BE440: .4byte 0x0203B510
_080BE444:
	ldr r1, _080BE470 @ =0x09EF280C
	lsls r0, r4, #0x02
	adds r0, r0, r1
	ldr r0, [r0, #0x00]
	ldr r5, _080BE474 @ =0x0203B510
	movs r2, #0x20
	subs r2, r2, r6
	lsls r4, r2, #0x06
	lsls r2, r2, #0x16
	lsrs r2, r2, #0x10
	adds r1, r5, #0x0
	bl func_080043B4
	adds r4, r4, r5
	lsls r1, r6, #0x16
	lsrs r1, r1, #0x10
	adds r0, r4, #0x0
	bl func_0800443C
_080BE46A:
	pop {r4, r5, r6}
	pop {r0}
	bx r0
_080BE470: .4byte 0x09EF280C
_080BE474: .4byte 0x0203B510
	thumb_func_start func_080BE478
func_080BE478: @ 080BE478
	push {r4, r5, r6, lr}
	adds r2, r1, #0x0
	lsls r0, r0, #0x18
	lsrs r3, r0, #0x18
	ldr r0, [r2, #0x00]
	ldr r1, [r0, #0x0C]
	ldr r0, _080BE4B8 @ =0xFFFF8000
	cmp r1, r0
	blt _080BE4F4
	asrs r0, r1, #0x08
	adds r1, r0, #0x0
	adds r1, #0x88
	cmp r1, #0x00
	bge _080BE496
	adds r1, #0x07
_080BE496:
	asrs r1, r1, #0x03
	adds r0, r2, #0x0
	adds r0, #0x6A
	ldrb r0, [r0, #0x00]
	lsls r0, r0, #0x18
	asrs r0, r0, #0x18
	adds r0, r0, r1
	lsls r0, r0, #0x10
	asrs r6, r0, #0x10
	cmp r6, #0x20
	ble _080BE4C0
	ldr r0, _080BE4BC @ =0x0203B510
	movs r1, #0x80
	lsls r1, r1, #0x04
	bl func_0800443C
	b _080BE4E6
_080BE4B8: .4byte 0xFFFF8000
_080BE4BC: .4byte 0x0203B510
_080BE4C0:
	ldr r1, _080BE4FC @ =0x09EF280C
	lsls r0, r3, #0x02
	adds r0, r0, r1
	ldr r0, [r0, #0x00]
	ldr r5, _080BE500 @ =0x0203B510
	movs r2, #0x20
	subs r2, r2, r6
	lsls r4, r2, #0x06
	lsls r2, r2, #0x16
	lsrs r2, r2, #0x10
	adds r1, r5, #0x0
	bl func_080043B4
	adds r4, r4, r5
	lsls r1, r6, #0x16
	lsrs r1, r1, #0x10
	adds r0, r4, #0x0
	bl func_0800443C
_080BE4E6:
	ldr r0, _080BE504 @ =0x0203B500
	ldr r1, [r0, #0x00]
	movs r0, #0x01
	movs r2, #0x02
	movs r3, #0x02
	bl func_0800516C
_080BE4F4:
	pop {r4, r5, r6}
	pop {r0}
	bx r0
	.byte 0x00, 0x00
_080BE4FC: .4byte 0x09EF280C
_080BE500: .4byte 0x0203B510
_080BE504: .4byte 0x0203B500
	thumb_func_start task_bos_jf_majin_0
task_bos_jf_majin_0: @ 080BE508
	push {r4, r5, r6, r7, lr}
	mov r7, r8
	push {r7}
	adds r7, r0, #0x0
	adds r5, r1, #0x0
	str r5, [r7, #0x00]
	ldr r4, [r5, #0x04]
	ldr r3, [r5, #0x08]
	ldr r2, [r5, #0x0C]
	adds r0, #0x48
	movs r6, #0x00
	strb r6, [r0, #0x00]
	subs r0, #0x02
	movs r1, #0x00
	mov r8, r1
	strh r6, [r0, #0x00]
	subs r0, #0x02
	strh r6, [r0, #0x00]
	str r4, [r7, #0x50]
	str r3, [r7, #0x54]
	str r2, [r7, #0x58]
	adds r0, #0x18
	strh r6, [r0, #0x00]
	ldr r0, _080BE660 @ =0x0203ACC4
	ldrh r3, [r0, #0x00]
	adds r0, r7, #0x0
	adds r0, #0x5E
	strh r3, [r0, #0x00]
	ldr r0, _080BE664 @ =0x0203ACD4
	ldrh r2, [r0, #0x00]
	adds r0, r7, #0x0
	adds r0, #0x60
	strh r2, [r0, #0x00]
	ldr r0, _080BE668 @ =0x0203ACC0
	ldrh r1, [r0, #0x00]
	adds r0, r7, #0x0
	adds r0, #0x62
	strh r1, [r0, #0x00]
	adds r0, #0x02
	strh r3, [r0, #0x00]
	adds r0, #0x02
	strh r2, [r0, #0x00]
	adds r0, #0x02
	strh r1, [r0, #0x00]
	subs r0, #0x1F
	mov r1, r8
	strb r1, [r0, #0x00]
	adds r0, #0x01
	strh r6, [r0, #0x00]
	ldr r0, _080BE66C @ =0x00000133
	str r0, [r7, #0x4C]
	adds r0, r7, #0x0
	adds r0, #0x6A
	strb r1, [r0, #0x00]
	ldr r4, _080BE670 @ =0x0203B4F0
	ldr r0, _080BE674 @ =0x08125E24
	str r0, [r4, #0x00]
	str r0, [r4, #0x04]
	str r0, [r4, #0x08]
	ldr r1, _080BE678 @ =0x0203B510
	str r1, [r4, #0x0C]
	ldr r0, _080BE67C @ =0x096CAC64
	movs r2, #0x80
	lsls r2, r2, #0x04
	bl func_080043B4
	ldr r0, _080BE680 @ =0x0203B500
	mov r8, r0
	str r4, [r0, #0x00]
	ldr r1, _080BE684 @ =0x096FB584
	movs r0, #0x01
	movs r2, #0x20
	bl func_080050DC
	ldr r1, _080BE688 @ =0x09665C04
	movs r2, #0x9C
	lsls r2, r2, #0x06
	movs r0, #0x01
	bl func_080050B8
	mov r0, r8
	ldr r1, [r0, #0x00]
	movs r0, #0x01
	movs r2, #0x02
	movs r3, #0x02
	bl func_0800516C
	ldr r0, _080BE68C @ =0x09682AA4
	movs r1, #0xA0
	lsls r1, r1, #0x06
	bl func_080026A4
	str r0, [r7, #0x04]
	ldr r0, _080BE690 @ =0x096FB5A4
	movs r1, #0x60
	bl func_08002A14
	str r0, [r7, #0x08]
	ldr r0, _080BE694 @ =0x08F69BC4
	movs r1, #0x20
	bl func_08002A14
	str r0, [r7, #0x0C]
	adds r1, r7, #0x0
	adds r1, #0x2C
	movs r0, #0x01
	strb r0, [r1, #0x00]
	ldr r0, _080BE698 @ =0x0002A200
	str r0, [r7, #0x30]
	movs r0, #0x93
	lsls r0, r0, #0x09
	str r0, [r7, #0x34]
	adds r0, r7, #0x0
	adds r0, #0x40
	strh r6, [r0, #0x00]
	strh r6, [r7, #0x3C]
	adds r4, r7, #0x0
	adds r4, #0x14
	ldr r1, _080BE69C @ =0x09EF3B40
	ldr r2, _080BE6A0 @ =0x09EF3A48
	adds r0, r4, #0x0
	bl func_08005968
	adds r0, r4, #0x0
	movs r1, #0x01
	movs r2, #0x01
	bl func_080059A4
	adds r0, r4, #0x0
	bl func_08005AFC
	str r0, [r7, #0x10]
	ldr r0, _080BE6A4 @ =0x02039B84
	ldr r3, [r0, #0x00]
	ldr r1, [r3, #0x00]
	ldr r0, [r5, #0x04]
	subs r1, r1, r0
	asrs r1, r1, #0x08
	movs r0, #0xC2
	lsls r0, r0, #0x02
	adds r1, r1, r0
	lsls r1, r1, #0x10
	lsrs r1, r1, #0x10
	ldr r0, [r5, #0x08]
	ldr r2, [r5, #0x0C]
	adds r0, r0, r2
	ldr r2, [r3, #0x04]
	subs r2, r2, r0
	asrs r2, r2, #0x08
	movs r0, #0x93
	lsls r0, r0, #0x01
	adds r2, r2, r0
	lsls r2, r2, #0x10
	lsrs r2, r2, #0x10
	movs r0, #0x01
	bl func_08005244
	adds r4, #0x58
	adds r0, r4, #0x0
	movs r1, #0x02
	bl func_08000E64
	ldr r1, _080BE6A8 @ =0x09EF2A74
	ldr r2, [r7, #0x00]
	adds r0, r4, #0x0
	bl func_08000E14
	pop {r3}
	mov r8, r3
	pop {r4, r5, r6, r7}
	pop {r0}
	bx r0
_080BE660: .4byte 0x0203ACC4
_080BE664: .4byte 0x0203ACD4
_080BE668: .4byte 0x0203ACC0
_080BE66C: .4byte 0x00000133
_080BE670: .4byte 0x0203B4F0
_080BE674: .4byte 0x08125E24
_080BE678: .4byte 0x0203B510
_080BE67C: .4byte 0x096CAC64
_080BE680: .4byte 0x0203B500
_080BE684: .4byte 0x096FB584
_080BE688: .4byte 0x09665C04
_080BE68C: .4byte 0x09682AA4
_080BE690: .4byte 0x096FB5A4
_080BE694: .4byte 0x08F69BC4
_080BE698: .4byte 0x0002A200
_080BE69C: .4byte 0x09EF3B40
_080BE6A0: .4byte 0x09EF3A48
_080BE6A4: .4byte 0x02039B84
_080BE6A8: .4byte 0x09EF2A74
	thumb_func_start task_bos_jf_majin_1
task_bos_jf_majin_1: @ 080BE6AC
	push {r4, r5, lr}
	adds r4, r0, #0x0
	ldr r5, [r4, #0x00]
	movs r0, #0x93
	lsls r0, r0, #0x02
	adds r2, r5, r0
	ldrh r1, [r2, #0x00]
	movs r0, #0x10
	orrs r0, r1
	strh r0, [r2, #0x00]
	ldr r0, [r4, #0x00]
	movs r1, #0x8E
	lsls r1, r1, #0x02
	adds r0, r0, r1
	ldr r0, [r0, #0x00]
	cmp r0, #0x0B
	bhi _080BE76A
	lsls r0, r0, #0x02
	ldr r1, _080BE6D8 @ =0x080BE6DC
	adds r0, r0, r1
	ldr r0, [r0, #0x00]
	mov pc, r0
_080BE6D8: .4byte 0x080BE6DC
	.byte 0x0C, 0xE7, 0x0B, 0x08, 0x14, 0xE7, 0x0B, 0x08, 0x1C, 0xE7, 0x0B, 0x08, 0x24, 0xE7, 0x0B, 0x08
	.byte 0x2C, 0xE7, 0x0B, 0x08, 0x34, 0xE7, 0x0B, 0x08, 0x44, 0xE7, 0x0B, 0x08, 0x4C, 0xE7, 0x0B, 0x08
	.byte 0x3C, 0xE7, 0x0B, 0x08, 0x54, 0xE7, 0x0B, 0x08, 0x5C, 0xE7, 0x0B, 0x08, 0x64, 0xE7, 0x0B, 0x08
	.byte 0x20, 0x1C, 0x00, 0xF0, 0x47, 0xF9, 0x2A, 0xE0, 0x20, 0x1C, 0x00, 0xF0, 0xE7, 0xF9, 0x26, 0xE0
	.byte 0x20, 0x1C, 0x00, 0xF0, 0x69, 0xFB, 0x22, 0xE0, 0x20, 0x1C, 0x00, 0xF0, 0x1B, 0xFD, 0x1E, 0xE0
	.byte 0x20, 0x1C, 0x00, 0xF0, 0xE1, 0xFE, 0x1A, 0xE0, 0x20, 0x1C, 0x01, 0xF0, 0xC5, 0xF8, 0x16, 0xE0
	.byte 0x20, 0x1C, 0x01, 0xF0, 0x49, 0xFB, 0x12, 0xE0, 0x20, 0x1C, 0x01, 0xF0, 0xB1, 0xFD, 0x0E, 0xE0
	.byte 0x20, 0x1C, 0x01, 0xF0, 0x43, 0xFB, 0x0A, 0xE0, 0x20, 0x1C, 0x01, 0xF0, 0x4F, 0xFC, 0x06, 0xE0
	.byte 0x20, 0x1C, 0x01, 0xF0, 0x61, 0xFF, 0x02, 0xE0, 0x20, 0x1C, 0x01, 0xF0, 0xC3, 0xFB
_080BE76A:
	adds r0, r5, #0x0
	adds r0, #0x40
	ldr r1, [r5, #0x04]
	ldr r2, [r5, #0x08]
	ldr r3, [r5, #0x0C]
	bl func_08012324
	adds r0, r4, #0x0
	adds r0, #0x6C
	bl func_08000EA4
	ldr r2, [r4, #0x00]
	movs r1, #0x93
	lsls r1, r1, #0x02
	adds r0, r2, r1
	ldrh r1, [r0, #0x00]
	movs r0, #0x10
	ands r0, r1
	cmp r0, #0x00
	beq _080BE7AA
	movs r1, #0x8E
	lsls r1, r1, #0x02
	adds r0, r2, r1
	ldr r0, [r0, #0x00]
	cmp r0, #0x06
	beq _080BE7AA
	adds r1, #0x10
	adds r0, r2, r1
	ldrb r0, [r0, #0x00]
	adds r1, r4, #0x0
	bl func_080BE478
_080BE7AA:
	movs r0, #0x01
	pop {r4, r5}
	pop {r1}
	bx r1
	.byte 0x00, 0x00
	thumb_func_start task_bos_jf_majin_2
task_bos_jf_majin_2: @ 080BE7B4
	push {r4, r5, r6, r7, lr}
	mov r7, r8
	push {r7}
	add sp, #-0x014
	adds r6, r0, #0x0
	ldr r5, [r6, #0x00]
	ldr r0, _080BE7F8 @ =0x02039B84
	ldr r0, [r0, #0x00]
	adds r0, #0x70
	ldrb r0, [r0, #0x00]
	cmp r0, #0x00
	bne _080BE804
	movs r1, #0x93
	lsls r1, r1, #0x02
	adds r0, r5, r1
	ldrh r1, [r0, #0x00]
	movs r2, #0x01
	adds r0, r2, #0x0
	ands r0, r1
	cmp r0, #0x00
	beq _080BE810
	ldr r0, _080BE7FC @ =0x03007480
	ldr r0, [r0, #0x00]
	ands r0, r2
	cmp r0, #0x00
	beq _080BE804
	ldr r0, _080BE800 @ =0x08F69BC4
	movs r1, #0xA0
	lsls r1, r1, #0x13
	movs r2, #0x20
	bl func_08007E00
	ldr r7, [r6, #0x0C]
	b _080BE812
_080BE7F8: .4byte 0x02039B84
_080BE7FC: .4byte 0x03007480
_080BE800: .4byte 0x08F69BC4
_080BE804:
	ldr r0, _080BE86C @ =0x096FB584
	movs r1, #0xA0
	lsls r1, r1, #0x13
	movs r2, #0x20
	bl func_08007E00
_080BE810:
	ldr r7, [r6, #0x08]
_080BE812:
	ldr r0, _080BE870 @ =0x02039B84
	ldr r3, [r0, #0x00]
	ldr r1, [r3, #0x00]
	ldr r0, [r5, #0x04]
	subs r1, r1, r0
	asrs r1, r1, #0x08
	movs r4, #0xC2
	lsls r4, r4, #0x02
	adds r1, r1, r4
	lsls r1, r1, #0x10
	lsrs r1, r1, #0x10
	ldr r0, [r5, #0x08]
	ldr r2, [r5, #0x0C]
	adds r0, r0, r2
	ldr r2, [r3, #0x04]
	subs r2, r2, r0
	asrs r2, r2, #0x08
	movs r0, #0x93
	lsls r0, r0, #0x01
	adds r2, r2, r0
	lsls r2, r2, #0x10
	lsrs r2, r2, #0x10
	movs r0, #0x01
	bl func_08005244
	adds r0, r6, #0x0
	adds r0, #0x2C
	ldrb r0, [r0, #0x00]
	cmp r0, #0x01
	bne _080BE8D4
	ldr r0, [r5, #0x34]
	ldr r1, [r5, #0x38]
	movs r2, #0x04
	ands r0, r2
	movs r1, #0x00
	orrs r0, r1
	cmp r0, #0x00
	beq _080BE874
	ldr r0, [r5, #0x08]
	bl func_0801AF1C
	lsls r0, r0, #0x10
	lsrs r0, r0, #0x10
	mov r8, r0
	b _080BE886
_080BE86C: .4byte 0x096FB584
_080BE870: .4byte 0x02039B84
_080BE874:
	ldr r0, [r5, #0x08]
	bl func_0801AF1C
	lsls r0, r0, #0x10
	movs r1, #0x80
	lsls r1, r1, #0x09
	orrs r1, r0
	lsrs r1, r1, #0x10
	mov r8, r1
_080BE886:
	mov r4, sp
	adds r4, #0x12
	ldr r2, [r5, #0x04]
	ldr r3, [r5, #0x08]
	ldr r0, [r5, #0x0C]
	str r0, [sp, #0x000]
	add r0, sp, #0x010
	adds r1, r4, #0x0
	bl func_0801909C
	add r0, sp, #0x010
	movs r1, #0x00
	ldsh r0, [r0, r1]
	adds r1, r6, #0x0
	adds r1, #0x40
	ldrh r1, [r1, #0x00]
	subs r1, #0x3D
	ldrh r4, [r4, #0x00]
	adds r1, r1, r4
	lsls r1, r1, #0x10
	asrs r1, r1, #0x10
	ldr r2, [r6, #0x10]
	ldr r3, [r6, #0x04]
	str r7, [sp, #0x000]
	movs r4, #0x00
	str r4, [sp, #0x004]
	mov r4, r8
	str r4, [sp, #0x008]
	ldr r5, [r5, #0x08]
	asrs r5, r5, #0x08
	lsls r5, r5, #0x02
	ldr r7, _080BE8E8 @ =0xFFFFEFFC
	adds r4, r7, #0x0
	subs r4, r4, r5
	lsls r4, r4, #0x10
	lsrs r4, r4, #0x10
	str r4, [sp, #0x00C]
	bl func_080023E0
_080BE8D4:
	adds r0, r6, #0x0
	adds r0, #0x6C
	bl func_08000EE0
	add sp, #0x014
	pop {r3}
	mov r8, r3
	pop {r4, r5, r6, r7}
	pop {r0}
	bx r0
_080BE8E8: .4byte 0xFFFFEFFC
	thumb_func_start task_bos_jf_majin_3
task_bos_jf_majin_3: @ 080BE8EC
	push {r4, lr}
	adds r4, r0, #0x0
	ldr r0, [r4, #0x04]
	bl func_080028C0
	ldr r0, [r4, #0x08]
	bl func_08002C10
	ldr r0, [r4, #0x0C]
	bl func_08002C10
	adds r4, #0x6C
	adds r0, r4, #0x0
	bl func_08000F0C
	pop {r4}
	pop {r0}
	bx r0
	.byte 0x04, 0x48, 0x00, 0x68, 0xC0, 0x6F, 0x41, 0x68, 0x03, 0x48, 0x81, 0x42, 0x06, 0xDC, 0x00, 0x20
	.byte 0x0D, 0xE0, 0x00, 0x00, 0x84, 0x9B, 0x03, 0x02, 0xFF, 0xE9, 0x01, 0x00, 0x02, 0x48, 0x81, 0x42
	.byte 0x04, 0xDD, 0x02, 0x20, 0x03, 0xE0, 0x00, 0x00, 0xFF, 0x21, 0x02, 0x00, 0x01, 0x20, 0x70, 0x47
	.byte 0x00, 0x68, 0x81, 0x6B, 0x40, 0x6B, 0x04, 0x22, 0x10, 0x40, 0x00, 0x21, 0x08, 0x43, 0x00, 0x28
	.byte 0x10, 0xD0, 0x05, 0x48, 0x00, 0x68, 0xC0, 0x6F, 0x41, 0x68, 0x04, 0x48, 0x81, 0x42, 0x10, 0xDD
	.byte 0x03, 0x48, 0x81, 0x42, 0x1A, 0xDD, 0x17, 0xE0, 0x84, 0x9B, 0x03, 0x02, 0xFF, 0xE9, 0x01, 0x00
	.byte 0xFF, 0x21, 0x02, 0x00, 0x04, 0x48, 0x00, 0x68, 0xC0, 0x6F, 0x41, 0x68, 0x03, 0x48, 0x81, 0x42
	.byte 0x06, 0xDD, 0x02, 0x20, 0x0B, 0xE0, 0x00, 0x00, 0x84, 0x9B, 0x03, 0x02, 0x00, 0x22, 0x02, 0x00
	.byte 0xF5, 0x20, 0x40, 0x02, 0x81, 0x42, 0x01, 0xDC, 0x00, 0x20, 0x00, 0xE0, 0x01, 0x20, 0x70, 0x47
	.byte 0xF0, 0xB5, 0x05, 0x1C, 0x2B, 0x68, 0x91, 0x21, 0x89, 0x00, 0x58, 0x18, 0x00, 0x22, 0x80, 0x5E
	.byte 0x00, 0x28, 0x31, 0xD1, 0x58, 0x6B, 0x99, 0x6B, 0x04, 0x22, 0x10, 0x40, 0x00, 0x21, 0x08, 0x43
	.byte 0x00, 0x28, 0x04, 0xD0, 0x92, 0x27, 0xBF, 0x00, 0xD8, 0x19, 0x08, 0x21, 0x03, 0xE0, 0x92, 0x21
	.byte 0x89, 0x00, 0x58, 0x18, 0x1C, 0x21, 0x01, 0x80, 0x28, 0x1C, 0x5C, 0x30, 0x01, 0x80, 0x28, 0x68
	.byte 0x0C, 0x4A, 0x80, 0x18, 0x00, 0x24, 0x04, 0x80, 0x28, 0x68, 0x92, 0x23, 0x9B, 0x00, 0xC0, 0x18
	.byte 0x00, 0x78, 0x80, 0x21, 0x2A, 0x1C, 0xFF, 0xF7, 0xC3, 0xFC, 0xAC, 0x87, 0x29, 0x1C, 0x2C, 0x31
	.byte 0x01, 0x20, 0x08, 0x70, 0x29, 0x68, 0x91, 0x27, 0xBF, 0x00, 0xC9, 0x19, 0x08, 0x88, 0x01, 0x30
	.byte 0x08, 0x80, 0x5D, 0xE0, 0x4A, 0x02, 0x00, 0x00, 0x2F, 0x48, 0x1A, 0x18, 0x2F, 0x49, 0x92, 0x26
	.byte 0xB6, 0x00, 0x98, 0x19, 0x00, 0x23, 0xC0, 0x5E, 0x40, 0x00, 0x40, 0x18, 0x00, 0x27, 0xD1, 0x5F
	.byte 0x00, 0x23, 0xC0, 0x5E, 0x81, 0x42, 0x1E, 0xDB, 0x00, 0x24, 0x14, 0x80, 0x29, 0x68, 0x89, 0x19
	.byte 0x08, 0x88, 0x01, 0x30, 0x08, 0x80, 0xA8, 0x8F, 0x01, 0x30, 0xA8, 0x87, 0x28, 0x68, 0x83, 0x19
	.byte 0x00, 0x27, 0xD9, 0x5F, 0x2A, 0x1C, 0x5C, 0x32, 0x00, 0x27, 0xD0, 0x5F, 0x05, 0x30, 0x81, 0x42
	.byte 0x02, 0xDD, 0x10, 0x88, 0x18, 0x80, 0xAC, 0x87, 0x28, 0x68, 0x80, 0x19, 0x00, 0x78, 0x80, 0x21
	.byte 0x2A, 0x1C, 0xFF, 0xF7, 0x85, 0xFC, 0x29, 0x68, 0x17, 0x48, 0x09, 0x18, 0x08, 0x88, 0x01, 0x30
	.byte 0x08, 0x80, 0x28, 0x1C, 0x14, 0x30, 0x46, 0xF7, 0xED, 0xFF, 0x28, 0x61, 0x14, 0x49, 0x3C, 0x22
	.byte 0xA8, 0x5E, 0x40, 0x18, 0x00, 0x21, 0x41, 0x56, 0x28, 0x1C, 0x40, 0x30, 0x01, 0x80, 0x11, 0x48
	.byte 0x00, 0x68, 0xA0, 0x30, 0x00, 0x68, 0x00, 0x28, 0x12, 0xD0, 0x47, 0xF7, 0x7B, 0xFD, 0x00, 0x04
	.byte 0x00, 0x0C, 0x50, 0x21, 0x5E, 0xF0, 0x8A, 0xFE, 0x00, 0x04, 0x04, 0x0C, 0x00, 0x2C, 0x07, 0xD1
	.byte 0x28, 0x1C, 0x01, 0xF0, 0x27, 0xFE, 0x28, 0x68, 0x91, 0x23, 0x9B, 0x00, 0xC0, 0x18, 0x04, 0x80
	.byte 0xF0, 0xBC, 0x01, 0xBC, 0x00, 0x47, 0x00, 0x00, 0x4A, 0x02, 0x00, 0x00, 0xA8, 0xA6, 0x61, 0x09
	.byte 0x0A, 0xA7, 0x61, 0x09, 0x84, 0x9B, 0x03, 0x02, 0xF0, 0xB5, 0x47, 0x46, 0x80, 0xB4, 0x06, 0x1C
	.byte 0x37, 0x68, 0x91, 0x21, 0x89, 0x00, 0x78, 0x18, 0x00, 0x22, 0x83, 0x5E, 0x00, 0x2B, 0x31, 0xD1
	.byte 0x78, 0x6B, 0xB9, 0x6B, 0x04, 0x22, 0x10, 0x40, 0x00, 0x21, 0x08, 0x43, 0x00, 0x28, 0x04, 0xD0
	.byte 0x92, 0x24, 0xA4, 0x00, 0x38, 0x19, 0x03, 0x80, 0x04, 0xE0, 0x92, 0x25, 0xAD, 0x00, 0x79, 0x19
	.byte 0x07, 0x20, 0x08, 0x80, 0x30, 0x68, 0x0E, 0x49, 0x40, 0x18, 0x00, 0x25, 0x00, 0x24, 0x04, 0x80
	.byte 0x30, 0x68, 0x92, 0x22, 0x92, 0x00, 0x80, 0x18, 0x00, 0x78, 0xA0, 0x21, 0x32, 0x1C, 0xFF, 0xF7
	.byte 0x1F, 0xFC, 0x30, 0x1C, 0x48, 0x30, 0x05, 0x70, 0x02, 0x38, 0x04, 0x80, 0x1A, 0x38, 0x05, 0x70
	.byte 0x31, 0x68, 0x91, 0x24, 0xA4, 0x00, 0x09, 0x19, 0x08, 0x88, 0x01, 0x30, 0x08, 0x80, 0x44, 0xE1
	.byte 0x4A, 0x02, 0x00, 0x00, 0x30, 0x1C, 0x48, 0x30, 0x03, 0x78, 0x80, 0x46, 0x01, 0x2B, 0x77, 0xD0
	.byte 0x01, 0x2B, 0x02, 0xDC, 0x00, 0x2B, 0x04, 0xD0, 0x2C, 0xE1, 0x02, 0x2B, 0x00, 0xD1, 0xBD, 0xE0
	.byte 0x28, 0xE1, 0x13, 0x4D, 0x7A, 0x19, 0x13, 0x49, 0x92, 0x24, 0xA4, 0x00, 0x38, 0x19, 0x00, 0x25
	.byte 0x40, 0x5F, 0x40, 0x00, 0x40, 0x18, 0x00, 0x25, 0x51, 0x5F, 0x00, 0x25, 0x40, 0x5F, 0x81, 0x42
	.byte 0x30, 0xDB, 0x13, 0x80, 0x78, 0x6B, 0xB9, 0x6B, 0x04, 0x22, 0x10, 0x40, 0x00, 0x21, 0x08, 0x43
	.byte 0x00, 0x28, 0x11, 0xD0, 0x31, 0x68, 0x09, 0x19, 0x08, 0x88, 0x01, 0x30, 0x08, 0x80, 0x30, 0x68
	.byte 0x01, 0x19, 0x00, 0x22, 0x88, 0x5E, 0x07, 0x28, 0x13, 0xDD, 0x0B, 0x80, 0x11, 0xE0, 0x00, 0x00
	.byte 0x4A, 0x02, 0x00, 0x00, 0xA8, 0xA6, 0x61, 0x09, 0x31, 0x68, 0x09, 0x19, 0x08, 0x88, 0x01, 0x38
	.byte 0x08, 0x80, 0x30, 0x68, 0x01, 0x19, 0x00, 0x24, 0x08, 0x5F, 0x00, 0x28, 0x01, 0xDA, 0x07, 0x20
	.byte 0x08, 0x80, 0x30, 0x68, 0x92, 0x25, 0xAD, 0x00, 0x40, 0x19, 0x00, 0x78, 0xA0, 0x21, 0x32, 0x1C
	.byte 0xFF, 0xF7, 0xBE, 0xFB, 0x31, 0x68, 0x13, 0x48, 0x09, 0x18, 0x08, 0x88, 0x01, 0x30, 0x08, 0x80
	.byte 0xF8, 0x68, 0x80, 0x21, 0xC9, 0x00, 0x40, 0x18, 0xF8, 0x60, 0x31, 0x1C, 0x46, 0x31, 0x08, 0x88
	.byte 0x01, 0x30, 0x08, 0x80, 0x00, 0x04, 0x00, 0x14, 0x28, 0x28, 0x05, 0xDD, 0x00, 0x20, 0x08, 0x80
	.byte 0x42, 0x46, 0x10, 0x78, 0x01, 0x30, 0x10, 0x70, 0x00, 0x24, 0x08, 0x5F, 0x15, 0x28, 0x00, 0xD0
	.byte 0xD3, 0xE0, 0x78, 0x6B, 0xB9, 0x6B, 0x04, 0x4A, 0x04, 0x4B, 0x10, 0x43, 0x78, 0x63, 0xB9, 0x63
	.byte 0xCB, 0xE0, 0x00, 0x00, 0x4A, 0x02, 0x00, 0x00, 0x00, 0x00, 0x00, 0x01, 0x00, 0x00, 0x00, 0x00
	.byte 0x31, 0x1C, 0x46, 0x31, 0x08, 0x88, 0x01, 0x30, 0x00, 0x22, 0x08, 0x80, 0x00, 0x04, 0x00, 0x14
	.byte 0x3C, 0x28, 0x00, 0xDC, 0xB9, 0xE0, 0x0A, 0x80, 0x30, 0x68, 0x0D, 0x4D, 0x40, 0x19, 0x02, 0x80
	.byte 0x7C, 0x6B, 0xBD, 0x6B, 0x04, 0x22, 0x20, 0x1C, 0x10, 0x40, 0x00, 0x21, 0x08, 0x43, 0x00, 0x28
	.byte 0x10, 0xD0, 0x09, 0x3A, 0x20, 0x1C, 0x10, 0x40, 0x29, 0x1C, 0x78, 0x63, 0xB9, 0x63, 0xB5, 0x20
	.byte 0x40, 0x02, 0x78, 0x60, 0x30, 0x68, 0x92, 0x21, 0x89, 0x00, 0x40, 0x18, 0x0F, 0xE0, 0x00, 0x00
	.byte 0x4A, 0x02, 0x00, 0x00, 0x04, 0x22, 0x00, 0x23, 0x20, 0x1C, 0x10, 0x43, 0x29, 0x1C, 0x78, 0x63
	.byte 0xB9, 0x63, 0x0C, 0x48, 0x78, 0x60, 0x30, 0x68, 0x92, 0x22, 0x92, 0x00, 0x80, 0x18, 0x03, 0x21
	.byte 0x01, 0x80, 0x30, 0x68, 0x92, 0x24, 0xA4, 0x00, 0x00, 0x19, 0x00, 0x78, 0xA0, 0x21, 0x32, 0x1C
	.byte 0xFF, 0xF7, 0x4E, 0xFB, 0x04, 0x48, 0x61, 0xF0, 0xC3, 0xF8, 0x45, 0x46, 0x28, 0x78, 0x01, 0x30
	.byte 0x28, 0x70, 0x7A, 0xE0, 0x00, 0xA2, 0x02, 0x00, 0x77, 0x02, 0x00, 0x00, 0x13, 0x48, 0x3A, 0x18
	.byte 0x13, 0x49, 0x92, 0x23, 0x9B, 0x00, 0xF8, 0x18, 0x00, 0x24, 0x00, 0x5F, 0x40, 0x00, 0x40, 0x18
	.byte 0x00, 0x25, 0x51, 0x5F, 0x00, 0x24, 0x00, 0x5F, 0x81, 0x42, 0x31, 0xDB, 0x00, 0x24, 0x14, 0x80
	.byte 0x78, 0x6B, 0xB9, 0x6B, 0x04, 0x22, 0x10, 0x40, 0x00, 0x21, 0x08, 0x43, 0x00, 0x28, 0x11, 0xD0
	.byte 0x31, 0x68, 0xC9, 0x18, 0x08, 0x88, 0x01, 0x30, 0x08, 0x80, 0x30, 0x68, 0xC1, 0x18, 0x00, 0x25
	.byte 0x48, 0x5F, 0x07, 0x28, 0x13, 0xDD, 0x0C, 0x80, 0x11, 0xE0, 0x00, 0x00, 0x4A, 0x02, 0x00, 0x00
	.byte 0xA8, 0xA6, 0x61, 0x09, 0x31, 0x68, 0xC9, 0x18, 0x08, 0x88, 0x01, 0x38, 0x08, 0x80, 0x30, 0x68
	.byte 0xC1, 0x18, 0x00, 0x22, 0x88, 0x5E, 0x00, 0x28, 0x01, 0xDA, 0x07, 0x20, 0x08, 0x80, 0x30, 0x68
	.byte 0x92, 0x24, 0xA4, 0x00, 0x00, 0x19, 0x00, 0x78, 0xA0, 0x21, 0x32, 0x1C, 0xFF, 0xF7, 0x00, 0xFB
	.byte 0x31, 0x68, 0x11, 0x4D, 0x49, 0x19, 0x08, 0x88, 0x01, 0x30, 0x08, 0x80, 0xF8, 0x68, 0x0F, 0x49
	.byte 0x40, 0x18, 0xF8, 0x60, 0x31, 0x1C, 0x46, 0x31, 0x08, 0x88, 0x01, 0x30, 0x08, 0x80, 0x00, 0x04
	.byte 0x00, 0x14, 0x28, 0x28, 0x05, 0xDD, 0x00, 0x20, 0x08, 0x80, 0x42, 0x46, 0x10, 0x78, 0x01, 0x30
	.byte 0x10, 0x70, 0x00, 0x24, 0x08, 0x5F, 0x16, 0x28, 0x17, 0xD1, 0x78, 0x6B, 0xB9, 0x6B, 0x04, 0x4A
	.byte 0x10, 0x40, 0x78, 0x63, 0xB9, 0x63, 0x10, 0xE0, 0x4A, 0x02, 0x00, 0x00, 0x00, 0xFC, 0xFF, 0xFF
	.byte 0xFF, 0xFF, 0xFF, 0xFE, 0x30, 0x68, 0x91, 0x25, 0xAD, 0x00, 0x40, 0x19, 0x00, 0x21, 0x01, 0x80
	.byte 0x30, 0x68, 0x8E, 0x22, 0x92, 0x00, 0x80, 0x18, 0x01, 0x60, 0x08, 0xBC, 0x98, 0x46, 0xF0, 0xBC
	.byte 0x01, 0xBC, 0x00, 0x47, 0xF0, 0xB5, 0x06, 0x1C, 0x35, 0x68, 0x88, 0x20, 0x40, 0x00, 0x2A, 0x18
	.byte 0x91, 0x24, 0xA4, 0x00, 0x28, 0x19, 0x00, 0x21, 0x43, 0x5E, 0x00, 0x2B, 0x36, 0xD1, 0x68, 0x6B
	.byte 0xA9, 0x6B, 0x04, 0x22, 0x10, 0x40, 0x00, 0x21, 0x08, 0x43, 0x00, 0x28, 0x07, 0xD0, 0x92, 0x22
	.byte 0x92, 0x00, 0xA8, 0x18, 0x03, 0x80, 0x31, 0x1C, 0x5C, 0x31, 0x0E, 0x20, 0x07, 0xE0, 0x92, 0x23
	.byte 0x9B, 0x00, 0xE9, 0x18, 0x07, 0x20, 0x08, 0x80, 0x31, 0x1C, 0x5C, 0x31, 0x22, 0x20, 0x08, 0x80
	.byte 0x30, 0x68, 0x0D, 0x4C, 0x00, 0x19, 0x00, 0x25, 0x00, 0x24, 0x04, 0x80, 0x30, 0x68, 0x92, 0x21
	.byte 0x89, 0x00, 0x40, 0x18, 0x00, 0x78, 0xA0, 0x21, 0x32, 0x1C, 0xFF, 0xF7, 0x91, 0xFA, 0x30, 0x1C
	.byte 0x48, 0x30, 0x05, 0x70, 0x02, 0x38, 0x04, 0x80, 0x1A, 0x38, 0x05, 0x70, 0x31, 0x68, 0x91, 0x22
	.byte 0x92, 0x00, 0x89, 0x18, 0x37, 0xE1, 0x00, 0x00, 0x4A, 0x02, 0x00, 0x00, 0x30, 0x1C, 0x48, 0x30
	.byte 0x01, 0x78, 0x07, 0x1C, 0x05, 0x29, 0x00, 0xD9, 0x5A, 0xE1, 0x88, 0x00, 0x01, 0x49, 0x40, 0x18
	.byte 0x00, 0x68, 0x87, 0x46, 0x98, 0xEE, 0x0B, 0x08, 0xB0, 0xEE, 0x0B, 0x08, 0x8C, 0xEF, 0x0B, 0x08
	.byte 0x18, 0xF0, 0x0B, 0x08, 0x54, 0xF0, 0x0B, 0x08, 0xF4, 0xF0, 0x0B, 0x08, 0x18, 0xF1, 0x0B, 0x08
	.byte 0x30, 0x68, 0x13, 0x4B, 0xC2, 0x18, 0x13, 0x49, 0x02, 0x3B, 0xC0, 0x18, 0x00, 0x24, 0x00, 0x5F
	.byte 0x40, 0x00, 0x40, 0x18, 0x00, 0x24, 0x11, 0x5F, 0x00, 0x24, 0x00, 0x5F, 0x81, 0x42, 0x31, 0xDB
	.byte 0x00, 0x24, 0x14, 0x80, 0x68, 0x6B, 0xA9, 0x6B, 0x04, 0x22, 0x10, 0x40, 0x00, 0x21, 0x08, 0x43
	.byte 0x00, 0x28, 0x11, 0xD0, 0x31, 0x68, 0xC9, 0x18, 0x08, 0x88, 0x01, 0x30, 0x08, 0x80, 0x30, 0x68
	.byte 0xC1, 0x18, 0x00, 0x22, 0x88, 0x5E, 0x07, 0x28, 0x13, 0xDD, 0x0C, 0x80, 0x11, 0xE0, 0x00, 0x00
	.byte 0x4A, 0x02, 0x00, 0x00, 0xA8, 0xA6, 0x61, 0x09, 0x31, 0x68, 0xC9, 0x18, 0x08, 0x88, 0x01, 0x38
	.byte 0x08, 0x80, 0x30, 0x68, 0xC1, 0x18, 0x00, 0x23, 0xC8, 0x5E, 0x00, 0x28, 0x01, 0xDA, 0x07, 0x20
	.byte 0x08, 0x80, 0x30, 0x68, 0x92, 0x24, 0xA4, 0x00, 0x00, 0x19, 0x00, 0x78, 0xA0, 0x21, 0x32, 0x1C
	.byte 0xFF, 0xF7, 0x26, 0xFA, 0x31, 0x68, 0x12, 0x48, 0x09, 0x18, 0x08, 0x88, 0x01, 0x30, 0x08, 0x80
	.byte 0xE8, 0x68, 0x80, 0x21, 0xC9, 0x00, 0x40, 0x18, 0xE8, 0x60, 0x31, 0x1C, 0x46, 0x31, 0x08, 0x88
	.byte 0x01, 0x30, 0x08, 0x80, 0x00, 0x04, 0x00, 0x14, 0x3C, 0x28, 0x04, 0xDD, 0x00, 0x20, 0x08, 0x80
	.byte 0x38, 0x78, 0x01, 0x30, 0x38, 0x70, 0x00, 0x22, 0x88, 0x5E, 0x17, 0x28, 0x00, 0xD0, 0xF4, 0xE0
	.byte 0x68, 0x6B, 0xA9, 0x6B, 0x03, 0x4A, 0x04, 0x4B, 0x10, 0x43, 0x68, 0x63, 0xA9, 0x63, 0xEC, 0xE0
	.byte 0x4A, 0x02, 0x00, 0x00, 0x00, 0x00, 0x00, 0x01, 0x00, 0x00, 0x00, 0x00, 0x68, 0x6B, 0xA9, 0x6B
	.byte 0x04, 0x22, 0x10, 0x40, 0x00, 0x21, 0x08, 0x43, 0x00, 0x28, 0x0B, 0xD0, 0x30, 0x68, 0x92, 0x23
	.byte 0x9B, 0x00, 0xC0, 0x18, 0x0E, 0x21, 0x01, 0x80, 0x01, 0x48, 0x00, 0x24, 0x01, 0x5F, 0x0A, 0xE0
	.byte 0xC0, 0xAC, 0x03, 0x02, 0x30, 0x68, 0x92, 0x21, 0x89, 0x00, 0x40, 0x18, 0x22, 0x21, 0x01, 0x80
	.byte 0x11, 0x48, 0x00, 0x22, 0x81, 0x5E, 0x01, 0x31, 0xC9, 0x02, 0x10, 0x48, 0x40, 0x1A, 0xB0, 0x65
	.byte 0x30, 0x68, 0x0F, 0x4B, 0xC0, 0x18, 0x00, 0x21, 0x01, 0x80, 0x30, 0x1C, 0x6C, 0x30, 0x0D, 0x49
	.byte 0x32, 0x68, 0x41, 0xF7, 0x17, 0xFF, 0x31, 0x1C, 0x80, 0x31, 0x08, 0x60, 0x30, 0x68, 0x92, 0x24
	.byte 0xA4, 0x00, 0x00, 0x19, 0x00, 0x78, 0xA0, 0x21, 0x32, 0x1C, 0xFF, 0xF7, 0xC1, 0xF9, 0x31, 0x1C
	.byte 0x44, 0x31, 0x78, 0x20, 0x08, 0x80, 0x97, 0xE0, 0xC4, 0xAC, 0x03, 0x02, 0x00, 0xE0, 0xFF, 0xFF
	.byte 0x4A, 0x02, 0x00, 0x00, 0x5C, 0x2A, 0xEF, 0x09, 0x34, 0x1C, 0x44, 0x34, 0x00, 0x21, 0x60, 0x5E
	.byte 0x00, 0x28, 0x00, 0xDC, 0x88, 0xE0, 0x28, 0x1C, 0x0C, 0x30, 0xB1, 0x6D, 0x22, 0x88, 0x46, 0xF7
	.byte 0x65, 0xFC, 0x20, 0x88, 0x01, 0x38, 0x20, 0x80, 0x00, 0x04, 0x00, 0x14, 0x1E, 0x28, 0x00, 0xD0
	.byte 0x8B, 0xE0, 0x68, 0x6B, 0xA9, 0x6B, 0x02, 0x4A, 0x10, 0x40, 0x68, 0x63, 0xA9, 0x63, 0x84, 0xE0
	.byte 0xFF, 0xFF, 0xFF, 0xFE, 0x30, 0x68, 0x17, 0x4B, 0xC2, 0x18, 0x17, 0x49, 0x92, 0x24, 0xA4, 0x00
	.byte 0x00, 0x19, 0x00, 0x23, 0xC0, 0x5E, 0x40, 0x00, 0x40, 0x18, 0x00, 0x24, 0x11, 0x5F, 0x00, 0x23
	.byte 0xC0, 0x5E, 0x81, 0x42, 0x34, 0xDB, 0x00, 0x20, 0x10, 0x80, 0x31, 0x68, 0x92, 0x24, 0xA4, 0x00
	.byte 0x09, 0x19, 0x08, 0x88, 0x01, 0x30, 0x08, 0x80, 0x30, 0x68, 0x03, 0x19, 0x00, 0x20, 0x19, 0x5E
	.byte 0x30, 0x1C, 0x5C, 0x30, 0x00, 0x22, 0x80, 0x5E, 0x04, 0x30, 0x81, 0x42, 0x17, 0xDD, 0x68, 0x6B
	.byte 0xA9, 0x6B, 0x04, 0x22, 0x10, 0x40, 0x00, 0x21, 0x08, 0x43, 0x00, 0x28, 0x06, 0xD0, 0x08, 0x20
	.byte 0x05, 0xE0, 0x00, 0x00, 0x4A, 0x02, 0x00, 0x00, 0xA8, 0xA6, 0x61, 0x09, 0x1C, 0x20, 0x18, 0x80
	.byte 0x31, 0x1C, 0x2C, 0x31, 0x01, 0x20, 0x08, 0x70, 0x38, 0x78, 0x01, 0x30, 0x38, 0x70, 0x30, 0x68
	.byte 0x92, 0x23, 0x9B, 0x00, 0xC0, 0x18, 0x00, 0x78, 0xA0, 0x21, 0x32, 0x1C, 0xFF, 0xF7, 0x50, 0xF9
	.byte 0x31, 0x68, 0x03, 0x4C, 0x09, 0x19, 0x08, 0x88, 0x01, 0x30, 0x08, 0x80, 0x35, 0xE0, 0x00, 0x00
	.byte 0x4A, 0x02, 0x00, 0x00, 0x30, 0x1C, 0x80, 0x30, 0x00, 0x68, 0x41, 0xF7, 0x25, 0xFF, 0x00, 0x06
	.byte 0x00, 0x28, 0x2A, 0xD1, 0x03, 0x48, 0xB0, 0x65, 0x31, 0x1C, 0x44, 0x31, 0x0A, 0x20, 0x08, 0x80
	.byte 0x12, 0xE0, 0x00, 0x00, 0x00, 0xC8, 0xFF, 0xFF, 0x34, 0x1C, 0x44, 0x34, 0x00, 0x21, 0x60, 0x5E
	.byte 0x00, 0x28, 0x09, 0xDD, 0x28, 0x1C, 0x0C, 0x30, 0xB1, 0x6D, 0x22, 0x88, 0x46, 0xF7, 0xE6, 0xFB
	.byte 0x20, 0x88, 0x01, 0x38, 0x20, 0x80, 0x10, 0xE0, 0x38, 0x78, 0x01, 0x30, 0x38, 0x70, 0x0C, 0xE0
	.byte 0x10, 0x1C, 0x5B, 0xF7, 0xE1, 0xFE, 0x30, 0x68, 0x00, 0x19, 0x00, 0x21, 0x01, 0x80, 0x30, 0x68
	.byte 0x8E, 0x22, 0x92, 0x00, 0x80, 0x18, 0x06, 0x21, 0x01, 0x60, 0xF0, 0xBC, 0x01, 0xBC, 0x00, 0x47
	.byte 0xF0, 0xB5, 0x47, 0x46, 0x80, 0xB4, 0x83, 0xB0, 0x07, 0x1C, 0x3E, 0x68, 0x88, 0x20, 0x40, 0x00
	.byte 0x32, 0x18, 0x91, 0x24, 0xA4, 0x00, 0x30, 0x19, 0x00, 0x21, 0x43, 0x5E, 0x00, 0x2B, 0x57, 0xD1
	.byte 0x70, 0x6B, 0xB1, 0x6B, 0x04, 0x22, 0x10, 0x40, 0x00, 0x21, 0x0A, 0x1C, 0x02, 0x43, 0x00, 0x2A
	.byte 0x16, 0xD0, 0x92, 0x22, 0x92, 0x00, 0xB0, 0x18, 0x13, 0x21, 0x01, 0x80, 0x38, 0x68, 0x06, 0x34
	.byte 0x00, 0x19, 0x03, 0x80, 0x38, 0x1C, 0x5C, 0x30, 0x01, 0x80, 0x03, 0x48, 0x38, 0x65, 0x03, 0x48
	.byte 0x00, 0x25, 0x41, 0x5F, 0x16, 0xE0, 0x00, 0x00, 0x00, 0x7A, 0x02, 0x00, 0xC0, 0xAC, 0x03, 0x02
	.byte 0x92, 0x21, 0x89, 0x00, 0x70, 0x18, 0x27, 0x21, 0x01, 0x80, 0x38, 0x68, 0x15, 0x4B, 0xC0, 0x18
	.byte 0x02, 0x80, 0x38, 0x1C, 0x5C, 0x30, 0x01, 0x80, 0xC9, 0x20, 0x40, 0x02, 0x38, 0x65, 0x12, 0x48
	.byte 0x00, 0x24, 0x01, 0x5F, 0x01, 0x31, 0xC9, 0x02, 0x10, 0x48, 0x40, 0x1A, 0xB8, 0x65, 0x38, 0x68
	.byte 0x92, 0x25, 0xAD, 0x00, 0x40, 0x19, 0x00, 0x78, 0xA0, 0x21, 0x3A, 0x1C, 0xFF, 0xF7, 0xC0, 0xF8
	.byte 0x38, 0x1C, 0x48, 0x30, 0x00, 0x21, 0x01, 0x70, 0x02, 0x38, 0x00, 0x22, 0x01, 0x80, 0x39, 0x1C
	.byte 0x44, 0x31, 0x28, 0x20, 0x08, 0x80, 0x38, 0x1C, 0x2C, 0x30, 0x02, 0x70, 0x39, 0x68, 0x91, 0x20
	.byte 0x80, 0x00, 0xAA, 0xE0, 0x4A, 0x02, 0x00, 0x00, 0xC4, 0xAC, 0x03, 0x02, 0x00, 0xAE, 0xFF, 0xFF
	.byte 0x38, 0x1C, 0x48, 0x30, 0x01, 0x78, 0x80, 0x46, 0x05, 0x29, 0x00, 0xD9, 0x46, 0xE1, 0x88, 0x00
	.byte 0x01, 0x49, 0x40, 0x18, 0x00, 0x68, 0x87, 0x46, 0x4C, 0xF2, 0x0B, 0x08, 0x64, 0xF2, 0x0B, 0x08
	.byte 0xE8, 0xF2, 0x0B, 0x08, 0x08, 0xF3, 0x0B, 0x08, 0x8C, 0xF3, 0x0B, 0x08, 0x1E, 0xF4, 0x0B, 0x08
	.byte 0x98, 0xF4, 0x0B, 0x08, 0x3C, 0x1C, 0x44, 0x34, 0x00, 0x21, 0x60, 0x5E, 0x00, 0x28, 0x00, 0xDC
	.byte 0xD0, 0xE0, 0x30, 0x1D, 0x39, 0x6D, 0x22, 0x88, 0x46, 0xF7, 0x40, 0xFB, 0x30, 0x1C, 0x0C, 0x30
	.byte 0xB9, 0x6D, 0x22, 0x88, 0x46, 0xF7, 0x3A, 0xFB, 0x20, 0x88, 0x01, 0x38, 0x20, 0x80, 0x38, 0x68
	.byte 0x13, 0x4B, 0xC2, 0x18, 0x13, 0x49, 0x92, 0x24, 0xA4, 0x00, 0x00, 0x19, 0x00, 0x25, 0x40, 0x5F
	.byte 0x40, 0x00, 0x40, 0x18, 0x00, 0x23, 0xD1, 0x5E, 0x00, 0x25, 0x40, 0x5F, 0x81, 0x42, 0x62, 0xDB
	.byte 0x00, 0x20, 0x10, 0x80, 0x39, 0x68, 0x09, 0x19, 0x08, 0x88, 0x01, 0x30, 0x08, 0x80, 0x38, 0x68
	.byte 0x03, 0x19, 0x00, 0x20, 0x19, 0x5E, 0x3A, 0x1C, 0x5C, 0x32, 0x00, 0x25, 0x50, 0x5F, 0x01, 0x30
	.byte 0x81, 0x42, 0x02, 0xDB, 0x10, 0x88, 0x01, 0x30, 0x18, 0x80, 0x38, 0x68, 0x00, 0x19, 0x45, 0xE0
	.byte 0x4A, 0x02, 0x00, 0x00, 0xA8, 0xA6, 0x61, 0x09, 0x39, 0x1C, 0x46, 0x31, 0x08, 0x88, 0x01, 0x30
	.byte 0x08, 0x80, 0x00, 0x04, 0x00, 0x14, 0x14, 0x28, 0x00, 0xDC, 0xF4, 0xE0, 0x00, 0x20, 0x08, 0x80
	.byte 0x24, 0x31, 0x01, 0x20, 0x08, 0x70, 0xDC, 0xE0, 0xF0, 0x68, 0xA0, 0x23, 0x1B, 0x01, 0xC0, 0x18
	.byte 0xF0, 0x60, 0x38, 0x68, 0x1B, 0x4C, 0x02, 0x19, 0x1B, 0x49, 0x92, 0x23, 0x9B, 0x00, 0xC0, 0x18
	.byte 0x00, 0x25, 0x40, 0x5F, 0x40, 0x00, 0x40, 0x18, 0x00, 0x24, 0x11, 0x5F, 0x00, 0x25, 0x40, 0x5F
	.byte 0x81, 0x42, 0x20, 0xDB, 0x00, 0x20, 0x10, 0x80, 0x39, 0x68, 0xC9, 0x18, 0x08, 0x88, 0x01, 0x30
	.byte 0x08, 0x80, 0x38, 0x68, 0xC0, 0x18, 0x00, 0x22, 0x81, 0x5E, 0x38, 0x1C, 0x5C, 0x30, 0x00, 0x24
	.byte 0x00, 0x5F, 0x04, 0x30, 0x81, 0x42, 0x07, 0xD1, 0x39, 0x1C, 0x6A, 0x31, 0x00, 0x20, 0x08, 0x70
	.byte 0x45, 0x46, 0x28, 0x78, 0x01, 0x30, 0x28, 0x70, 0x38, 0x68, 0xC0, 0x18, 0x00, 0x78, 0xA0, 0x21
	.byte 0x3A, 0x1C, 0xFF, 0xF7, 0x05, 0xF8, 0x39, 0x68, 0x02, 0x48, 0x09, 0x18, 0x08, 0x88, 0x01, 0x30
	.byte 0x08, 0x80, 0xB0, 0xE0, 0x4A, 0x02, 0x00, 0x00, 0xA8, 0xA6, 0x61, 0x09, 0x70, 0x6B, 0xB1, 0x6B
	.byte 0x04, 0x22, 0x10, 0x40, 0x00, 0x21, 0x08, 0x43, 0x00, 0x28, 0x19, 0xD0, 0x70, 0x68, 0x0B, 0x4D
	.byte 0x40, 0x19, 0xB1, 0x68, 0xF2, 0x68, 0x89, 0x18, 0xC0, 0x24, 0x64, 0x01, 0x09, 0x19, 0x55, 0xF7
	.byte 0x13, 0xFA, 0x71, 0x68, 0x49, 0x19, 0xB2, 0x68, 0xF3, 0x68, 0x1B, 0x19, 0x1E, 0x20, 0x00, 0x90
	.byte 0x01, 0x90, 0x02, 0x90, 0xE8, 0x20, 0x52, 0xF7, 0xD7, 0xFD, 0x19, 0xE0, 0x00, 0xD0, 0xFF, 0xFF
	.byte 0x70, 0x68, 0xC0, 0x25, 0xAD, 0x01, 0x40, 0x19, 0xB1, 0x68, 0xF2, 0x68, 0x89, 0x18, 0xC0, 0x24
	.byte 0x64, 0x01, 0x09, 0x19, 0x55, 0xF7, 0xF8, 0xF9, 0x71, 0x68, 0x49, 0x19, 0xB2, 0x68, 0xF3, 0x68
	.byte 0x1B, 0x19, 0x1E, 0x20, 0x00, 0x90, 0x01, 0x90, 0x02, 0x90, 0xE8, 0x20, 0x52, 0xF7, 0xBC, 0xFD
	.byte 0x6F, 0xF7, 0xF2, 0xFE, 0x84, 0x20, 0x80, 0x00, 0x60, 0xF0, 0x32, 0xFD, 0x39, 0x1C, 0x46, 0x31
	.byte 0x00, 0x20, 0x08, 0x80, 0x41, 0x46, 0x08, 0x78, 0x01, 0x30, 0x08, 0x70, 0x63, 0xE0, 0x38, 0x1C
	.byte 0x46, 0x30, 0x00, 0x22, 0x81, 0x5E, 0x04, 0x1C, 0x0A, 0x29, 0x0E, 0xD1, 0x39, 0x68, 0x16, 0x30
	.byte 0x00, 0x88, 0x05, 0x30, 0x92, 0x22, 0x92, 0x00, 0x89, 0x18, 0x08, 0x80, 0x38, 0x68, 0x80, 0x18
	.byte 0x00, 0x78, 0xA0, 0x21, 0x3A, 0x1C, 0xFE, 0xF7, 0x9B, 0xFF, 0x00, 0x23, 0xE0, 0x5E, 0x14, 0x28
	.byte 0x1B, 0xDD, 0x00, 0x20, 0x20, 0x80, 0x70, 0x6B, 0xB1, 0x6B, 0x04, 0x22, 0x10, 0x40, 0x00, 0x21
	.byte 0x08, 0x43, 0x00, 0x28, 0x04, 0xD0, 0x01, 0x48, 0x04, 0xE0, 0x00, 0x00, 0x00, 0xA2, 0x02, 0x00
	.byte 0xB5, 0x20, 0x40, 0x02, 0x38, 0x65, 0x07, 0x48, 0xB8, 0x65, 0x39, 0x1C, 0x44, 0x31, 0x0A, 0x20
	.byte 0x08, 0x80, 0x45, 0x46, 0x28, 0x78, 0x01, 0x30, 0x28, 0x70, 0x20, 0x88, 0x01, 0x30, 0x20, 0x80
	.byte 0x29, 0xE0, 0x00, 0x00, 0x00, 0xC8, 0xFF, 0xFF, 0x3C, 0x1C, 0x44, 0x34, 0x00, 0x21, 0x60, 0x5E
	.byte 0x00, 0x28, 0x0E, 0xDD, 0x30, 0x1D, 0x39, 0x6D, 0x22, 0x88, 0x46, 0xF7, 0x27, 0xFA, 0x30, 0x1C
	.byte 0x0C, 0x30, 0xB9, 0x6D, 0x22, 0x88, 0x46, 0xF7, 0x21, 0xFA, 0x20, 0x88, 0x01, 0x38, 0x20, 0x80
	.byte 0x11, 0xE0, 0x42, 0x46, 0x10, 0x78, 0x01, 0x30, 0x10, 0x70, 0x0C, 0xE0, 0x10, 0x1C, 0x5B, 0xF7
	.byte 0x1B, 0xFD, 0x38, 0x68, 0x00, 0x19, 0x00, 0x21, 0x01, 0x80, 0x38, 0x68, 0x8E, 0x23, 0x9B, 0x00
	.byte 0xC0, 0x18, 0x06, 0x21, 0x01, 0x60, 0x03, 0xB0, 0x08, 0xBC, 0x98, 0x46, 0xF0, 0xBC, 0x01, 0xBC
	.byte 0x00, 0x47, 0x00, 0x00, 0xF0, 0xB5, 0x47, 0x46, 0x80, 0xB4, 0x83, 0xB0, 0x06, 0x1C, 0x35, 0x68
	.byte 0x88, 0x20, 0x40, 0x00, 0x2A, 0x18, 0x91, 0x24, 0xA4, 0x00, 0x28, 0x19, 0x00, 0x21, 0x43, 0x5E
	.byte 0x00, 0x2B, 0x5B, 0xD1, 0x68, 0x6B, 0xA9, 0x6B, 0x04, 0x22, 0x10, 0x40, 0x00, 0x21, 0x0A, 0x1C
	.byte 0x02, 0x43, 0x00, 0x2A, 0x16, 0xD0, 0x92, 0x22, 0x92, 0x00, 0xA8, 0x18, 0x19, 0x21, 0x01, 0x80
	.byte 0x30, 0x68, 0x02, 0x32, 0x80, 0x18, 0x03, 0x80, 0x30, 0x1C, 0x5C, 0x30, 0x01, 0x80, 0x03, 0x48
	.byte 0x30, 0x65, 0x03, 0x48, 0x00, 0x23, 0xC1, 0x5E, 0x16, 0xE0, 0x00, 0x00, 0x00, 0xA2, 0x02, 0x00
	.byte 0xC0, 0xAC, 0x03, 0x02, 0x92, 0x21, 0x89, 0x00, 0x68, 0x18, 0x2D, 0x21, 0x01, 0x80, 0x30, 0x68
	.byte 0x17, 0x4B, 0xC0, 0x18, 0x02, 0x80, 0x30, 0x1C, 0x5C, 0x30, 0x01, 0x80, 0xB5, 0x20, 0x40, 0x02
	.byte 0x30, 0x65, 0x14, 0x48, 0x00, 0x22, 0x81, 0x5E, 0x01, 0x31, 0xC9, 0x02, 0x12, 0x48, 0x40, 0x1A
	.byte 0xB0, 0x65, 0x30, 0x68, 0x92, 0x23, 0x9B, 0x00, 0xC0, 0x18, 0x00, 0x78, 0x80, 0x21, 0x32, 0x1C
	.byte 0xFE, 0xF7, 0xF6, 0xFE, 0x30, 0x1C, 0x48, 0x30, 0x00, 0x21, 0x01, 0x70, 0x02, 0x38, 0x00, 0x22
	.byte 0x01, 0x80, 0x31, 0x1C, 0x44, 0x31, 0x28, 0x20, 0x08, 0x80, 0x30, 0x1C, 0x2C, 0x30, 0x02, 0x70
	.byte 0x31, 0x68, 0x91, 0x20, 0x80, 0x00, 0x09, 0x18, 0x08, 0x88, 0x01, 0x30, 0x08, 0x80, 0x7B, 0xE1
	.byte 0x4A, 0x02, 0x00, 0x00, 0xC4, 0xAC, 0x03, 0x02, 0x00, 0xDC, 0xFF, 0xFF, 0x30, 0x1C, 0x48, 0x30
	.byte 0x01, 0x78, 0x07, 0x1C, 0x05, 0x29, 0x00, 0xD9, 0x61, 0xE1, 0x88, 0x00, 0x01, 0x49, 0x40, 0x18
	.byte 0x00, 0x68, 0x87, 0x46, 0xE8, 0xF5, 0x0B, 0x08, 0x00, 0xF6, 0x0B, 0x08, 0x10, 0xF6, 0x0B, 0x08
	.byte 0x78, 0xF6, 0x0B, 0x08, 0x96, 0xF6, 0x0B, 0x08, 0x34, 0xF7, 0x0B, 0x08, 0x6C, 0xF8, 0x0B, 0x08
	.byte 0x34, 0x1C, 0x44, 0x34, 0x00, 0x21, 0x60, 0x5E, 0x00, 0x28, 0x00, 0xDD, 0x39, 0xE1, 0x42, 0xE1
	.byte 0x68, 0x6B, 0xA9, 0x6B, 0x04, 0x22, 0x10, 0x40, 0x00, 0x21, 0x08, 0x43, 0x00, 0x28, 0x03, 0xD0
	.byte 0x68, 0x68, 0xFC, 0x32, 0x80, 0x18, 0x02, 0xE0, 0x68, 0x68, 0x12, 0x4B, 0xC0, 0x18, 0x68, 0x60
	.byte 0x31, 0x1C, 0x46, 0x31, 0x08, 0x88, 0x01, 0x30, 0x08, 0x80, 0x00, 0x04, 0x00, 0x14, 0x14, 0x28
	.byte 0x00, 0xDC, 0x39, 0xE1, 0x00, 0x20, 0x08, 0x80, 0x31, 0x68, 0x30, 0x1C, 0x5C, 0x30, 0x00, 0x88
	.byte 0x01, 0x30, 0x92, 0x22, 0x92, 0x00, 0x89, 0x18, 0x08, 0x80, 0x30, 0x68, 0x80, 0x18, 0x00, 0x78
	.byte 0x80, 0x21, 0x32, 0x1C, 0xFE, 0xF7, 0x8C, 0xFE, 0x31, 0x1C, 0x44, 0x31, 0x02, 0x20, 0x08, 0x80
	.byte 0x11, 0xE1, 0x00, 0x00, 0x00, 0xFF, 0xFF, 0xFF, 0x34, 0x1C, 0x44, 0x34, 0x00, 0x21, 0x60, 0x5E
	.byte 0x00, 0x28, 0x02, 0xDD, 0x28, 0x1D, 0x31, 0x6D, 0xFE, 0xE0, 0x38, 0x78, 0x01, 0x30, 0x00, 0x21
	.byte 0x38, 0x70, 0x21, 0x80, 0x10, 0xE1, 0x68, 0x6B, 0xA9, 0x6B, 0x04, 0x22, 0x10, 0x40, 0x00, 0x21
	.byte 0x08, 0x43, 0x00, 0x28, 0x14, 0xD0, 0x68, 0x68, 0x06, 0x4A, 0x80, 0x18, 0xA9, 0x68, 0xEA, 0x68
	.byte 0x05, 0x4B, 0xD2, 0x18, 0x05, 0x4B, 0xA0, 0x24, 0x00, 0x94, 0x2D, 0x24, 0x01, 0x94, 0x57, 0xF7
	.byte 0xBF, 0xFA, 0x14, 0xE0, 0x00, 0xE6, 0xFF, 0xFF, 0x00, 0xCF, 0xFF, 0xFF, 0x33, 0x01, 0x00, 0x00
	.byte 0x68, 0x68, 0xD0, 0x21, 0x49, 0x01, 0x40, 0x18, 0xA9, 0x68, 0xEA, 0x68, 0x11, 0x4B, 0xD2, 0x18
	.byte 0x11, 0x4B, 0x60, 0x24, 0x00, 0x94, 0x2D, 0x24, 0x01, 0x94, 0x57, 0xF7, 0xA9, 0xFA, 0x0F, 0x48
	.byte 0x60, 0xF0, 0xBE, 0xFB, 0x32, 0x1C, 0x44, 0x32, 0x10, 0x88, 0x41, 0x1C, 0x11, 0x80, 0x00, 0x04
	.byte 0x01, 0x14, 0xC0, 0x0F, 0x08, 0x18, 0x40, 0x10, 0x40, 0x00, 0x09, 0x1A, 0x09, 0x04, 0xC9, 0x11
	.byte 0x07, 0x48, 0x09, 0x18, 0x30, 0x6D, 0x40, 0x18, 0x68, 0x60, 0x31, 0x1C, 0x46, 0x31, 0x00, 0x20
	.byte 0x08, 0x80, 0xB8, 0xE0, 0x00, 0xCF, 0xFF, 0xFF, 0x33, 0x01, 0x00, 0x00, 0x7A, 0x02, 0x00, 0x00
	.byte 0x00, 0xFF, 0xFF, 0xFF, 0x33, 0x1C, 0x44, 0x33, 0x18, 0x88, 0x41, 0x1C, 0x19, 0x80, 0x00, 0x04
	.byte 0x01, 0x14, 0xC0, 0x0F, 0x08, 0x18, 0x40, 0x10, 0x40, 0x00, 0x09, 0x1A, 0x09, 0x04, 0xC9, 0x11
	.byte 0x0B, 0x4A, 0x89, 0x18, 0x30, 0x6D, 0x44, 0x18, 0x6C, 0x60, 0x68, 0x6B, 0xA9, 0x6B, 0x04, 0x22
	.byte 0x10, 0x40, 0x00, 0x21, 0x08, 0x43, 0x98, 0x46, 0x00, 0x28, 0x0F, 0xD0, 0x05, 0x4B, 0xE0, 0x18
	.byte 0xA9, 0x68, 0xEA, 0x68, 0x04, 0x4B, 0xD2, 0x18, 0x55, 0xF7, 0x02, 0xF8, 0x0F, 0xE0, 0x00, 0x00
	.byte 0x00, 0xFF, 0xFF, 0xFF, 0x00, 0xE6, 0xFF, 0xFF, 0x00, 0xCF, 0xFF, 0xFF, 0xD0, 0x21, 0x49, 0x01
	.byte 0x60, 0x18, 0xA9, 0x68, 0xEA, 0x68, 0x17, 0x4B, 0xD2, 0x18, 0x54, 0xF7, 0xF1, 0xFF, 0x30, 0x1C
	.byte 0x46, 0x30, 0x00, 0x22, 0x81, 0x5E, 0x04, 0x1C, 0x0A, 0x29, 0x3A, 0xDD, 0x00, 0x23, 0xE0, 0x5E
	.byte 0x0A, 0x21, 0x5D, 0xF0, 0x67, 0xFF, 0x00, 0x04, 0x00, 0x14, 0x09, 0x28, 0x31, 0xD1, 0x68, 0x6B
	.byte 0xA9, 0x6B, 0x04, 0x22, 0x10, 0x40, 0x00, 0x21, 0x08, 0x43, 0x00, 0x28, 0x16, 0xD0, 0x69, 0x68
	.byte 0x09, 0x48, 0x09, 0x18, 0xAA, 0x68, 0xA0, 0x23, 0x1B, 0x01, 0xD2, 0x18, 0xEB, 0x68, 0x80, 0x20
	.byte 0x80, 0x01, 0x1B, 0x18, 0x14, 0x20, 0x00, 0x90, 0x01, 0x90, 0x02, 0x90, 0xE9, 0x20, 0x52, 0xF7
	.byte 0xC3, 0xFB, 0x16, 0xE0, 0x00, 0xCF, 0xFF, 0xFF, 0x00, 0x9C, 0xFF, 0xFF, 0x69, 0x68, 0xC8, 0x22
	.byte 0xD2, 0x01, 0x89, 0x18, 0xAA, 0x68, 0xA0, 0x23, 0x1B, 0x01, 0xD2, 0x18, 0xEB, 0x68, 0x80, 0x20
	.byte 0x80, 0x01, 0x1B, 0x18, 0x14, 0x20, 0x00, 0x90, 0x01, 0x90, 0x02, 0x90, 0xE9, 0x20, 0x52, 0xF7
	.byte 0xAB, 0xFB, 0x21, 0x1C, 0x00, 0x22, 0x88, 0x5E, 0x50, 0x28, 0x19, 0xDD, 0x00, 0x20, 0x08, 0x80
	.byte 0x0D, 0x48, 0xB0, 0x65, 0x0A, 0x20, 0x43, 0x46, 0x18, 0x80, 0x31, 0x68, 0x30, 0x1C, 0x5C, 0x30
	.byte 0x00, 0x88, 0x02, 0x30, 0x92, 0x22, 0x92, 0x00, 0x89, 0x18, 0x08, 0x80, 0x30, 0x68, 0x80, 0x18
	.byte 0x00, 0x78, 0x80, 0x21, 0x32, 0x1C, 0xFE, 0xF7, 0x93, 0xFD, 0x38, 0x78, 0x01, 0x30, 0x38, 0x70
	.byte 0x20, 0x88, 0x01, 0x30, 0x20, 0x80, 0x27, 0xE0, 0x00, 0xC8, 0xFF, 0xFF, 0x34, 0x1C, 0x44, 0x34
	.byte 0x00, 0x21, 0x60, 0x5E, 0x00, 0x28, 0x0E, 0xDD, 0x28, 0x1D, 0x31, 0x6D, 0x22, 0x88, 0x46, 0xF7
	.byte 0x3D, 0xF8, 0x28, 0x1C, 0x0C, 0x30, 0xB1, 0x6D, 0x22, 0x88, 0x46, 0xF7, 0x37, 0xF8, 0x20, 0x88
	.byte 0x01, 0x38, 0x20, 0x80, 0x10, 0xE0, 0x38, 0x78, 0x01, 0x30, 0x38, 0x70, 0x0C, 0xE0, 0x10, 0x1C
	.byte 0x5B, 0xF7, 0x32, 0xFB, 0x30, 0x68, 0x00, 0x19, 0x00, 0x21, 0x01, 0x80, 0x30, 0x68, 0x8E, 0x22
	.byte 0x92, 0x00, 0x80, 0x18, 0x06, 0x21, 0x01, 0x60, 0x03, 0xB0, 0x08, 0xBC, 0x98, 0x46, 0xF0, 0xBC
	.byte 0x01, 0xBC, 0x00, 0x47, 0xF0, 0xB5, 0x47, 0x46, 0x80, 0xB4, 0x83, 0xB0, 0x06, 0x1C, 0x37, 0x68
	.byte 0x88, 0x20, 0x40, 0x00, 0x3A, 0x18, 0x91, 0x24, 0xA4, 0x00, 0x38, 0x19, 0x00, 0x21, 0x43, 0x5E
	.byte 0x00, 0x2B, 0x6F, 0xD1, 0x78, 0x6B, 0xB9, 0x6B, 0x04, 0x22, 0x10, 0x40, 0x00, 0x21, 0x0A, 0x1C
	.byte 0x02, 0x43, 0x00, 0x2A, 0x1E, 0xD0, 0x92, 0x22, 0x92, 0x00, 0xB8, 0x18, 0x19, 0x21, 0x01, 0x80
	.byte 0x30, 0x68, 0x06, 0x34, 0x00, 0x19, 0x03, 0x80, 0x30, 0x1C, 0x5C, 0x30, 0x01, 0x80, 0x05, 0x48
	.byte 0x30, 0x65, 0x05, 0x48, 0x00, 0x68, 0xC0, 0x6F, 0x80, 0x68, 0x04, 0x4D, 0x40, 0x19, 0x70, 0x65
	.byte 0x03, 0x48, 0x1E, 0xE0, 0x00, 0xA2, 0x02, 0x00, 0x84, 0x9B, 0x03, 0x02, 0x00, 0xEC, 0xFF, 0xFF
	.byte 0xC0, 0xAC, 0x03, 0x02, 0x92, 0x23, 0x9B, 0x00, 0xF8, 0x18, 0x2D, 0x21, 0x01, 0x80, 0x30, 0x68
	.byte 0x1B, 0x4C, 0x00, 0x19, 0x02, 0x80, 0x30, 0x1C, 0x5C, 0x30, 0x01, 0x80, 0xB5, 0x20, 0x40, 0x02
	.byte 0x30, 0x65, 0x18, 0x48, 0x00, 0x68, 0xC0, 0x6F, 0x80, 0x68, 0x17, 0x4D, 0x40, 0x19, 0x70, 0x65
	.byte 0x16, 0x48, 0x00, 0x22, 0x81, 0x5E, 0x01, 0x31, 0xC9, 0x02, 0x15, 0x48, 0x40, 0x1A, 0xB0, 0x65
	.byte 0x30, 0x68, 0x92, 0x23, 0x9B, 0x00, 0xC0, 0x18, 0x00, 0x78, 0x80, 0x21, 0x32, 0x1C, 0xFE, 0xF7
	.byte 0xFF, 0xFC, 0x30, 0x1C, 0x48, 0x30, 0x00, 0x21, 0x01, 0x70, 0x02, 0x38, 0x00, 0x22, 0x01, 0x80
	.byte 0x31, 0x1C, 0x44, 0x31, 0x28, 0x20, 0x08, 0x80, 0x30, 0x1C, 0x2C, 0x30, 0x02, 0x70, 0x31, 0x68
	.byte 0x91, 0x24, 0xA4, 0x00, 0x09, 0x19, 0x08, 0x88, 0x01, 0x30, 0x08, 0x80, 0x0C, 0xE2, 0x00, 0x00
	.byte 0x4A, 0x02, 0x00, 0x00, 0x84, 0x9B, 0x03, 0x02, 0x00, 0xEC, 0xFF, 0xFF, 0xC4, 0xAC, 0x03, 0x02
	.byte 0x00, 0xDC, 0xFF, 0xFF, 0x30, 0x1C, 0x48, 0x30, 0x01, 0x78, 0x80, 0x46, 0x05, 0x29, 0x00, 0xD9
	.byte 0xED, 0xE1, 0x88, 0x00, 0x01, 0x49, 0x40, 0x18, 0x00, 0x68, 0x87, 0x46, 0xE0, 0xF9, 0x0B, 0x08
	.byte 0xF8, 0xF9, 0x0B, 0x08, 0x14, 0xFA, 0x0B, 0x08, 0x84, 0xFA, 0x0B, 0x08, 0xA6, 0xFA, 0x0B, 0x08
	.byte 0x78, 0xFB, 0x0B, 0x08, 0x6E, 0xFD, 0x0B, 0x08, 0x78, 0x68, 0xB9, 0x68, 0xFA, 0x68, 0x89, 0x18
	.byte 0x6F, 0xF7, 0x38, 0xFC, 0x34, 0x1C, 0x44, 0x34, 0x00, 0x25, 0x60, 0x5F, 0x00, 0x28, 0x00, 0xDD
	.byte 0xB8, 0xE1, 0xC7, 0xE1, 0x78, 0x6B, 0xB9, 0x6B, 0x04, 0x22, 0x10, 0x40, 0x00, 0x21, 0x08, 0x43
	.byte 0x00, 0x28, 0x03, 0xD0, 0x78, 0x68, 0xFC, 0x32, 0x80, 0x18, 0x02, 0xE0, 0x78, 0x68, 0x14, 0x4B
	.byte 0xC0, 0x18, 0x78, 0x60, 0x31, 0x1C, 0x46, 0x31, 0x08, 0x88, 0x01, 0x30, 0x08, 0x80, 0x00, 0x04
	.byte 0x00, 0x14, 0x14, 0x28, 0x00, 0xDC, 0xBF, 0xE1, 0x00, 0x20, 0x08, 0x80, 0x31, 0x68, 0x30, 0x1C
	.byte 0x5C, 0x30, 0x00, 0x88, 0x01, 0x30, 0x92, 0x22, 0x92, 0x00, 0x89, 0x18, 0x08, 0x80, 0x30, 0x68
	.byte 0x80, 0x18, 0x00, 0x78, 0x80, 0x21, 0x32, 0x1C, 0xFE, 0xF7, 0x8A, 0xFC, 0x31, 0x1C, 0x44, 0x31
	.byte 0x02, 0x20, 0x08, 0x80, 0x44, 0x46, 0x20, 0x78, 0x01, 0x30, 0x20, 0x70, 0xA4, 0xE1, 0x00, 0x00
	.byte 0x00, 0xFF, 0xFF, 0xFF, 0x34, 0x1C, 0x44, 0x34, 0x00, 0x25, 0x60, 0x5F, 0x00, 0x28, 0x02, 0xDD
	.byte 0x38, 0x1D, 0x31, 0x6D, 0x7F, 0xE1, 0x41, 0x46, 0x08, 0x78, 0x01, 0x30, 0x00, 0x21, 0x42, 0x46
	.byte 0x10, 0x70, 0x21, 0x80, 0x90, 0xE1, 0x78, 0x6B, 0xB9, 0x6B, 0x04, 0x22, 0x10, 0x40, 0x00, 0x21
	.byte 0x08, 0x43, 0x00, 0x28, 0x20, 0xD0, 0x33, 0x1C, 0x49, 0x33, 0x94, 0x20, 0x18, 0x70, 0x80, 0x24
	.byte 0x64, 0x00, 0xF4, 0x64, 0x78, 0x68, 0x09, 0x4D, 0x40, 0x19, 0xB9, 0x68, 0xFA, 0x68, 0x08, 0x4D
	.byte 0x52, 0x19, 0x1B, 0x78, 0x00, 0x93, 0x2D, 0x23, 0x01, 0x93, 0x23, 0x1C, 0x57, 0xF7, 0xB0, 0xF8
	.byte 0x04, 0x48, 0x21, 0x1C, 0x54, 0xF7, 0x70, 0xFE, 0x21, 0xE0, 0x00, 0x00, 0x00, 0xE6, 0xFF, 0xFF
	.byte 0x00, 0xCF, 0xFF, 0xFF, 0x33, 0x01, 0x00, 0x00, 0x33, 0x1C, 0x49, 0x33, 0x6C, 0x20, 0x18, 0x70
	.byte 0x19, 0x4D, 0xF5, 0x64, 0x78, 0x68, 0xD0, 0x21, 0x49, 0x01, 0x40, 0x18, 0xB9, 0x68, 0xFA, 0x68
	.byte 0x16, 0x4C, 0x12, 0x19, 0x80, 0x24, 0x64, 0x00, 0x1B, 0x78, 0x00, 0x93, 0x2D, 0x23, 0x01, 0x93
	.byte 0x23, 0x1C, 0x57, 0xF7, 0x8D, 0xF8, 0x28, 0x1C, 0x21, 0x1C, 0x54, 0xF7, 0x4D, 0xFE, 0x10, 0x48
	.byte 0x60, 0xF0, 0x9E, 0xF9, 0x32, 0x1C, 0x44, 0x32, 0x10, 0x88, 0x41, 0x1C, 0x11, 0x80, 0x00, 0x04
	.byte 0x01, 0x14, 0xC0, 0x0F, 0x08, 0x18, 0x40, 0x10, 0x40, 0x00, 0x09, 0x1A, 0x09, 0x04, 0xC9, 0x11
	.byte 0x08, 0x4D, 0x49, 0x19, 0x30, 0x6D, 0x40, 0x18, 0x78, 0x60, 0x30, 0x1C, 0x46, 0x30, 0x00, 0x21
	.byte 0x01, 0x80, 0x04, 0x30, 0x01, 0x80, 0x1D, 0xE1, 0x33, 0x01, 0x00, 0x00, 0x00, 0xCF, 0xFF, 0xFF
	.byte 0x7A, 0x02, 0x00, 0x00, 0x00, 0xFF, 0xFF, 0xFF, 0x33, 0x1C, 0x44, 0x33, 0x18, 0x88, 0x01, 0x30
	.byte 0x18, 0x80, 0x78, 0x6B, 0xB9, 0x6B, 0x04, 0x22, 0x10, 0x40, 0x00, 0x21, 0x08, 0x43, 0x1D, 0x1C
	.byte 0x00, 0x28, 0x3F, 0xD0, 0x00, 0x22, 0xA9, 0x5E, 0xC8, 0x0F, 0x08, 0x18, 0x40, 0x10, 0x40, 0x00
	.byte 0x09, 0x1A, 0x09, 0x04, 0xC9, 0x11, 0x16, 0x4B, 0xC9, 0x18, 0x30, 0x6D, 0x40, 0x18, 0x78, 0x60
	.byte 0x14, 0x4C, 0x00, 0x19, 0xB9, 0x68, 0xFA, 0x68, 0x13, 0x4B, 0xD2, 0x18, 0x54, 0xF7, 0xE0, 0xFD
	.byte 0x32, 0x1C, 0x49, 0x32, 0x13, 0x78, 0xAD, 0x2B, 0x59, 0xD8, 0x28, 0x88, 0x01, 0x21, 0x08, 0x40
	.byte 0x00, 0x28, 0x54, 0xD1, 0x58, 0x1C, 0x10, 0x70, 0x10, 0x78, 0x54, 0xF7, 0xED, 0xFD, 0x32, 0x1C
	.byte 0x4A, 0x32, 0x10, 0x88, 0x01, 0x30, 0x10, 0x80, 0x08, 0x49, 0x00, 0x24, 0x10, 0x5F, 0x80, 0x00
	.byte 0x40, 0x18, 0x01, 0x68, 0xF1, 0x64, 0x06, 0x48, 0x54, 0xF7, 0xE6, 0xFD, 0x3F, 0xE0, 0x00, 0x00
	.byte 0x00, 0xFF, 0xFF, 0xFF, 0x00, 0xE6, 0xFF, 0xFF, 0x00, 0xCF, 0xFF, 0xFF, 0x94, 0x29, 0xEF, 0x09
	.byte 0x33, 0x01, 0x00, 0x00, 0x00, 0x20, 0x29, 0x5E, 0xC8, 0x0F, 0x08, 0x18, 0x40, 0x10, 0x40, 0x00
	.byte 0x09, 0x1A, 0x09, 0x04, 0xC9, 0x11, 0x2C, 0x4A, 0x89, 0x18, 0x30, 0x6D, 0x40, 0x18, 0x78, 0x60
	.byte 0xD0, 0x23, 0x5B, 0x01, 0xC0, 0x18, 0xB9, 0x68, 0xFA, 0x68, 0x28, 0x4C, 0x12, 0x19, 0x54, 0xF7
	.byte 0x9F, 0xFD, 0x32, 0x1C, 0x49, 0x32, 0x13, 0x78, 0x52, 0x2B, 0x18, 0xD9, 0x28, 0x88, 0x01, 0x21
	.byte 0x08, 0x40, 0x00, 0x28, 0x13, 0xD1, 0x58, 0x1E, 0x10, 0x70, 0x10, 0x78, 0x54, 0xF7, 0xAC, 0xFD
	.byte 0x32, 0x1C, 0x4A, 0x32, 0x10, 0x88, 0x01, 0x30, 0x10, 0x80, 0x1D, 0x49, 0x00, 0x23, 0xD0, 0x5E
	.byte 0x80, 0x00, 0x40, 0x18, 0x01, 0x68, 0xF1, 0x64, 0x1A, 0x48, 0x54, 0xF7, 0xA5, 0xFD, 0x31, 0x1C
	.byte 0x46, 0x31, 0x08, 0x88, 0x0B, 0x38, 0x00, 0x04, 0x00, 0x0C, 0x0C, 0x1C, 0x27, 0x28, 0x46, 0xD8
	.byte 0x78, 0x6B, 0xB9, 0x6B, 0x04, 0x22, 0x10, 0x40, 0x00, 0x21, 0x08, 0x43, 0x00, 0x28, 0x23, 0xD0
	.byte 0x30, 0x1C, 0x4A, 0x30, 0x00, 0x22, 0x81, 0x5E, 0x48, 0x00, 0x40, 0x18, 0x40, 0x02, 0xC8, 0x23
	.byte 0x9B, 0x01, 0xC0, 0x18, 0x79, 0x68, 0x09, 0x1A, 0xBA, 0x68, 0xA0, 0x20, 0x00, 0x01, 0x12, 0x18
	.byte 0xFB, 0x68, 0xB0, 0x20, 0x80, 0x01, 0x1B, 0x18, 0x14, 0x20, 0x00, 0x90, 0x01, 0x90, 0x02, 0x90
	.byte 0xEA, 0x20, 0x52, 0xF7, 0x51, 0xF9, 0x22, 0xE0, 0x00, 0xFF, 0xFF, 0xFF, 0x00, 0xCF, 0xFF, 0xFF
	.byte 0x94, 0x29, 0xEF, 0x09, 0x33, 0x01, 0x00, 0x00, 0x30, 0x1C, 0x4A, 0x30, 0x00, 0x22, 0x81, 0x5E
	.byte 0x48, 0x00, 0x40, 0x18, 0x40, 0x02, 0xC8, 0x23, 0x9B, 0x01, 0xC0, 0x18, 0x79, 0x68, 0x09, 0x18
	.byte 0xBA, 0x68, 0xA0, 0x20, 0x00, 0x01, 0x12, 0x18, 0xFB, 0x68, 0xB0, 0x20, 0x80, 0x01, 0x1B, 0x18
	.byte 0x14, 0x20, 0x00, 0x90, 0x01, 0x90, 0x02, 0x90, 0xEA, 0x20, 0x52, 0xF7, 0x2D, 0xF9, 0x21, 0x88
	.byte 0x00, 0x22, 0xA0, 0x5E, 0x50, 0x28, 0x1F, 0xDD, 0x00, 0x20, 0x20, 0x80, 0xAF, 0x20, 0x40, 0x02
	.byte 0x70, 0x65, 0x0C, 0x48, 0xB0, 0x65, 0x0A, 0x20, 0x28, 0x80, 0x31, 0x68, 0x30, 0x1C, 0x5C, 0x30
	.byte 0x00, 0x88, 0x02, 0x30, 0x92, 0x22, 0x92, 0x00, 0x89, 0x18, 0x08, 0x80, 0x30, 0x68, 0x80, 0x18
	.byte 0x00, 0x78, 0x80, 0x21, 0x32, 0x1C, 0xFE, 0xF7, 0x13, 0xFB, 0x43, 0x46, 0x18, 0x78, 0x01, 0x30
	.byte 0x18, 0x70, 0x31, 0xE0, 0x00, 0xC8, 0xFF, 0xFF, 0x48, 0x1C, 0x20, 0x80, 0x2C, 0xE0, 0x34, 0x1C
	.byte 0x44, 0x34, 0x00, 0x25, 0x60, 0x5F, 0x00, 0x28, 0x14, 0xDD, 0x38, 0x1D, 0x31, 0x6D, 0x22, 0x88
	.byte 0x45, 0xF7, 0xBC, 0xFD, 0x38, 0x1C, 0x08, 0x30, 0x71, 0x6D, 0x22, 0x88, 0x45, 0xF7, 0xB6, 0xFD
	.byte 0x38, 0x1C, 0x0C, 0x30, 0xB1, 0x6D, 0x22, 0x88, 0x45, 0xF7, 0xB0, 0xFD, 0x20, 0x88, 0x01, 0x38
	.byte 0x20, 0x80, 0x11, 0xE0, 0x41, 0x46, 0x08, 0x78, 0x01, 0x30, 0x08, 0x70, 0x0C, 0xE0, 0x10, 0x1C
	.byte 0x5B, 0xF7, 0xAA, 0xF8, 0x30, 0x68, 0x00, 0x19, 0x00, 0x21, 0x01, 0x80, 0x30, 0x68, 0x8E, 0x22
	.byte 0x92, 0x00, 0x80, 0x18, 0x06, 0x21, 0x01, 0x60, 0x03, 0xB0, 0x08, 0xBC, 0x98, 0x46, 0xF0, 0xBC
	.byte 0x01, 0xBC, 0x00, 0x47, 0x70, 0x47, 0x00, 0x00, 0xF0, 0xB5, 0x07, 0x1C, 0x3E, 0x68, 0x88, 0x20
	.byte 0x40, 0x00, 0x33, 0x18, 0x91, 0x24, 0xA4, 0x00, 0x31, 0x19, 0x08, 0x88, 0x00, 0x25, 0x4A, 0x5F
	.byte 0x00, 0x2A, 0x4B, 0xD1, 0x70, 0x6B, 0xB1, 0x6B, 0x04, 0x22, 0x10, 0x40, 0x00, 0x21, 0x08, 0x43
	.byte 0x00, 0x28, 0x09, 0xD0, 0x03, 0x48, 0x70, 0x60, 0x92, 0x20, 0x80, 0x00, 0x31, 0x18, 0x08, 0x20
	.byte 0x09, 0xE0, 0x00, 0x00, 0x00, 0xA2, 0x02, 0x00, 0xB5, 0x20, 0x40, 0x02, 0x70, 0x60, 0x92, 0x25
	.byte 0xAD, 0x00, 0x71, 0x19, 0x1C, 0x20, 0x08, 0x80, 0xAF, 0x20, 0x40, 0x02, 0xB0, 0x60, 0x14, 0x48
	.byte 0xF0, 0x60, 0x38, 0x68, 0x13, 0x49, 0x40, 0x18, 0x00, 0x25, 0x00, 0x24, 0x04, 0x80, 0x38, 0x68
	.byte 0x02, 0x39, 0x40, 0x18, 0x00, 0x78, 0x80, 0x21, 0x3A, 0x1C, 0xFE, 0xF7, 0x99, 0xFA, 0xBC, 0x87
	.byte 0x39, 0x1C, 0x2C, 0x31, 0x01, 0x20, 0x08, 0x70, 0x38, 0x1C, 0x6A, 0x30, 0x05, 0x70, 0x70, 0x6B
	.byte 0xB1, 0x6B, 0x09, 0x4A, 0x10, 0x40, 0x70, 0x63, 0xB1, 0x63, 0x30, 0x1C, 0x09, 0x21, 0x59, 0xF7
	.byte 0x8F, 0xF9, 0x39, 0x68, 0x91, 0x25, 0xAD, 0x00, 0x49, 0x19, 0x08, 0x88, 0x32, 0xE0, 0x00, 0x00
	.byte 0x00, 0xC8, 0xFF, 0xFF, 0x4A, 0x02, 0x00, 0x00, 0xFF, 0xFF, 0xFF, 0xFE, 0x3C, 0x2A, 0x29, 0xDD
	.byte 0x18, 0x1C, 0x5B, 0xF7, 0x39, 0xF8, 0x38, 0x68, 0x00, 0x19, 0x00, 0x21, 0x01, 0x80, 0x70, 0x6B
	.byte 0xB1, 0x6B, 0x04, 0x22, 0x10, 0x40, 0x00, 0x21, 0x08, 0x43, 0x00, 0x28, 0x05, 0xD0, 0x38, 0x68
	.byte 0x92, 0x21, 0x89, 0x00, 0x40, 0x18, 0x08, 0x21, 0x04, 0xE0, 0x38, 0x68, 0x92, 0x25, 0xAD, 0x00
	.byte 0x40, 0x19, 0x1C, 0x21, 0x01, 0x80, 0x38, 0x68, 0x05, 0x49, 0x40, 0x18, 0x00, 0x21, 0x01, 0x80
	.byte 0x38, 0x68, 0x8E, 0x25, 0xAD, 0x00, 0x40, 0x19, 0x06, 0x21, 0x01, 0x60, 0x04, 0xE0, 0x00, 0x00
	.byte 0x4A, 0x02, 0x00, 0x00, 0x01, 0x30, 0x08, 0x80, 0xF0, 0xBC, 0x01, 0xBC, 0x00, 0x47, 0x00, 0x00
	.byte 0xF0, 0xB5, 0x07, 0x1C, 0x3E, 0x68, 0x88, 0x20, 0x40, 0x00, 0x31, 0x18, 0x91, 0x22, 0x92, 0x00
	.byte 0xB0, 0x18, 0x00, 0x22, 0x80, 0x5E, 0x00, 0x28, 0x48, 0xD1, 0x70, 0x6B, 0xB1, 0x6B, 0x04, 0x22
	.byte 0x10, 0x40, 0x00, 0x21, 0x08, 0x43, 0x00, 0x28, 0x08, 0xD0, 0x03, 0x48, 0x70, 0x60, 0x92, 0x20
	.byte 0x80, 0x00, 0x31, 0x18, 0x08, 0x20, 0x08, 0xE0, 0x00, 0xA2, 0x02, 0x00, 0xB5, 0x20, 0x40, 0x02
	.byte 0x70, 0x60, 0x92, 0x22, 0x92, 0x00, 0xB1, 0x18, 0x1C, 0x20, 0x08, 0x80, 0xAF, 0x20, 0x40, 0x02
	.byte 0xB0, 0x60, 0x13, 0x48, 0xF0, 0x60, 0x38, 0x68, 0x12, 0x49, 0x40, 0x18, 0x00, 0x25, 0x00, 0x24
	.byte 0x04, 0x80, 0x38, 0x68, 0x92, 0x22, 0x92, 0x00, 0x80, 0x18, 0x00, 0x78, 0x80, 0x21, 0x3A, 0x1C
	.byte 0xFE, 0xF7, 0x0E, 0xFA, 0xBC, 0x87, 0x39, 0x1C, 0x2C, 0x31, 0x01, 0x20, 0x08, 0x70, 0x38, 0x1C
	.byte 0x6A, 0x30, 0x05, 0x70, 0x70, 0x6B, 0xB1, 0x6B, 0x07, 0x4A, 0x10, 0x40, 0x70, 0x63, 0xB1, 0x63
	.byte 0x39, 0x68, 0x91, 0x20, 0x80, 0x00, 0x09, 0x18, 0x08, 0x88, 0x01, 0x30, 0x08, 0x80, 0x2D, 0xE0
	.byte 0x00, 0xC8, 0xFF, 0xFF, 0x4A, 0x02, 0x00, 0x00, 0xFF, 0xFF, 0xFF, 0xFE, 0x08, 0x1C, 0x5A, 0xF7
	.byte 0xB3, 0xFF, 0x38, 0x68, 0x91, 0x21, 0x89, 0x00, 0x40, 0x18, 0x00, 0x21, 0x01, 0x80, 0x70, 0x6B
	.byte 0xB1, 0x6B, 0x04, 0x22, 0x10, 0x40, 0x00, 0x21, 0x08, 0x43, 0x00, 0x28, 0x05, 0xD0, 0x38, 0x68
	.byte 0x92, 0x22, 0x92, 0x00, 0x80, 0x18, 0x08, 0x21, 0x04, 0xE0, 0x38, 0x68, 0x92, 0x21, 0x89, 0x00
	.byte 0x40, 0x18, 0x1C, 0x21, 0x01, 0x80, 0x38, 0x68, 0x06, 0x4A, 0x80, 0x18, 0x00, 0x21, 0x01, 0x80
	.byte 0x38, 0x68, 0x8E, 0x21, 0x89, 0x00, 0x40, 0x18, 0x06, 0x21, 0x01, 0x60, 0xF0, 0xBC, 0x01, 0xBC
	.byte 0x00, 0x47, 0x00, 0x00, 0x4A, 0x02, 0x00, 0x00, 0xF0, 0xB5, 0x4F, 0x46, 0x46, 0x46, 0xC0, 0xB4
	.byte 0x88, 0xB0, 0x06, 0x1C, 0x35, 0x68, 0x88, 0x20, 0x40, 0x00, 0x2F, 0x18, 0x91, 0x21, 0x89, 0x00
	.byte 0x68, 0x18, 0x00, 0x22, 0x80, 0x5E, 0x00, 0x28, 0x44, 0xD1, 0x68, 0x6B, 0xA9, 0x6B, 0x04, 0x22
	.byte 0x10, 0x40, 0x00, 0x21, 0x08, 0x43, 0x00, 0x28, 0x08, 0xD0, 0x92, 0x23, 0x9B, 0x00, 0xE9, 0x18
	.byte 0x08, 0x20, 0x08, 0x80, 0x00, 0x48, 0x08, 0xE0, 0x00, 0xA2, 0x02, 0x00, 0x92, 0x20, 0x80, 0x00
	.byte 0x29, 0x18, 0x1C, 0x20, 0x08, 0x80, 0xB5, 0x20, 0x40, 0x02, 0x68, 0x60, 0xAF, 0x20, 0x40, 0x02
	.byte 0xA8, 0x60, 0x13, 0x48, 0xE8, 0x60, 0x30, 0x68, 0x92, 0x21, 0x89, 0x00, 0x40, 0x18, 0x00, 0x78
	.byte 0x80, 0x21, 0x32, 0x1C, 0xFE, 0xF7, 0x8C, 0xF9, 0x31, 0x1C, 0x2C, 0x31, 0x00, 0x24, 0x01, 0x20
	.byte 0x08, 0x70, 0x68, 0x68, 0xA9, 0x68, 0xEA, 0x68, 0x89, 0x18, 0x6F, 0xF7, 0xFB, 0xF8, 0x28, 0x1C
	.byte 0x5A, 0xF7, 0x64, 0xFF, 0x30, 0x1C, 0x48, 0x30, 0x04, 0x70, 0x04, 0x38, 0x04, 0x80, 0x31, 0x68
	.byte 0x91, 0x22, 0x92, 0x00, 0x89, 0x18, 0x08, 0x88, 0x01, 0x30, 0x08, 0x80, 0xD5, 0xE0, 0x00, 0x00
	.byte 0x00, 0xC8, 0xFF, 0xFF, 0x48, 0x23, 0x9B, 0x19, 0x98, 0x46, 0x1C, 0x78, 0xC1, 0x46, 0x01, 0x2C
	.byte 0x18, 0xD0, 0x01, 0x2C, 0x02, 0xDC, 0x00, 0x2C, 0x05, 0xD0, 0xBC, 0xE0, 0x02, 0x2C, 0x4B, 0xD0
	.byte 0x03, 0x2C, 0x5C, 0xD0, 0xB7, 0xE0, 0x68, 0x68, 0xA9, 0x68, 0xEA, 0x68, 0x89, 0x18, 0x6F, 0xF7
	.byte 0xD1, 0xF8, 0x31, 0x1C, 0x44, 0x31, 0x0A, 0x88, 0x00, 0x23, 0xC8, 0x5E, 0x01, 0x28, 0x48, 0xDD
	.byte 0x0C, 0x80, 0x8B, 0xE0, 0x68, 0x68, 0xA9, 0x68, 0xEA, 0x68, 0x89, 0x18, 0x6F, 0xF7, 0xC2, 0xF8
	.byte 0x46, 0xF7, 0x10, 0xF9, 0x00, 0x06, 0x00, 0x28, 0x00, 0xD0, 0xA6, 0xE0, 0x68, 0x6B, 0xA9, 0x6B
	.byte 0x04, 0x22, 0x10, 0x40, 0x00, 0x21, 0x08, 0x43, 0x00, 0x28, 0x0B, 0xD0, 0x68, 0x68, 0x04, 0x4B
	.byte 0xC0, 0x18, 0xA9, 0x68, 0xEA, 0x68, 0x89, 0x18, 0xC9, 0x18, 0x54, 0xF7, 0xC7, 0xFC, 0x0C, 0xE0
	.byte 0x00, 0xF8, 0xFF, 0xFF, 0x68, 0x68, 0x80, 0x22, 0x12, 0x01, 0x80, 0x18, 0xA9, 0x68, 0xEA, 0x68
	.byte 0x89, 0x18, 0x07, 0x4B, 0xC9, 0x18, 0x54, 0xF7, 0xB9, 0xFC, 0x06, 0x48, 0x00, 0x68, 0xB3, 0x30
	.byte 0x01, 0x78, 0x00, 0x20, 0x08, 0x22, 0x46, 0xF7, 0x77, 0xF8, 0x49, 0x46, 0x57, 0xE0, 0x00, 0x00
	.byte 0x00, 0xF8, 0xFF, 0xFF, 0x84, 0x9B, 0x03, 0x02, 0x68, 0x68, 0xA9, 0x68, 0xEA, 0x68, 0x89, 0x18
	.byte 0x6F, 0xF7, 0x88, 0xF8, 0x31, 0x1C, 0x44, 0x31, 0x0A, 0x88, 0x00, 0x23, 0xC8, 0x5E, 0x77, 0x28
	.byte 0x02, 0xDC, 0x50, 0x1C, 0x08, 0x80, 0x68, 0xE0, 0x55, 0xF7, 0xF8, 0xF8, 0x3E, 0xE0, 0x52, 0xF7
	.byte 0xB5, 0xFB, 0x00, 0x06, 0x06, 0x0E, 0x00, 0x2E, 0x4E, 0xD1, 0x79, 0x68, 0x1E, 0x48, 0x81, 0x42
	.byte 0x02, 0xDC, 0xDD, 0x20, 0x40, 0x02, 0x78, 0x60, 0x79, 0x68, 0x1C, 0x48, 0x81, 0x42, 0x01, 0xDD
	.byte 0x1B, 0x48, 0x78, 0x60, 0x78, 0x68, 0x00, 0x90, 0xB8, 0x68, 0x01, 0x90, 0x19, 0x48, 0x02, 0x90
	.byte 0x19, 0x4C, 0x20, 0x68, 0x2C, 0x30, 0x69, 0x46, 0xD6, 0xF7, 0x04, 0xFE, 0x28, 0x1C, 0x5B, 0xF7
	.byte 0xAB, 0xFB, 0x16, 0x48, 0x06, 0x80, 0x16, 0x48, 0x06, 0x80, 0x16, 0x48, 0x06, 0x80, 0xFD, 0xF7
	.byte 0x6D, 0xFC, 0x6E, 0x60, 0xAE, 0x60, 0xEE, 0x60, 0x20, 0x68, 0x01, 0x68, 0x09, 0x12, 0xC2, 0x22
	.byte 0x92, 0x00, 0x89, 0x18, 0x09, 0x04, 0x09, 0x0C, 0x42, 0x68, 0x12, 0x12, 0x93, 0x23, 0x5B, 0x00
	.byte 0xD2, 0x18, 0x12, 0x04, 0x12, 0x0C, 0x01, 0x20, 0x45, 0xF7, 0x24, 0xF8, 0x41, 0x46, 0x08, 0x78
	.byte 0x01, 0x30, 0x08, 0x70, 0x21, 0xE0, 0x00, 0x00, 0xFF, 0xB1, 0x01, 0x00, 0x00, 0x5A, 0x02, 0x00
	.byte 0x00, 0x52, 0x02, 0x00, 0x00, 0x88, 0xFF, 0xFF, 0x84, 0x9B, 0x03, 0x02, 0xC4, 0xAC, 0x03, 0x02
	.byte 0xD4, 0xAC, 0x03, 0x02, 0xC0, 0xAC, 0x03, 0x02, 0x68, 0x68, 0xA9, 0x68, 0xEA, 0x68, 0x89, 0x18
	.byte 0x6F, 0xF7, 0x20, 0xF8, 0x09, 0xE0, 0x5A, 0xF7, 0xE7, 0xFE, 0x30, 0x68, 0x93, 0x22, 0x92, 0x00
	.byte 0x80, 0x18, 0x02, 0x88, 0x02, 0x21, 0x11, 0x43, 0x01, 0x80, 0x08, 0xB0, 0x18, 0xBC, 0x98, 0x46
	.byte 0xA1, 0x46, 0xF0, 0xBC, 0x01, 0xBC, 0x00, 0x47
	thumb_func_start func_080C0258
func_080C0258: @ 080C0258
	push {r4, r5, r6, lr}
	adds r4, r0, #0x0
	lsls r2, r2, #0x18
	lsrs r5, r2, #0x18
	lsls r3, r3, #0x18
	lsrs r3, r3, #0x18
	ldrh r2, [r4, #0x00]
	movs r6, #0x00
	ldsh r0, [r4, r6]
	lsls r1, r1, #0x10
	asrs r1, r1, #0x10
	cmp r0, r1
	bne _080C0276
	movs r0, #0x01
	b _080C02A2
_080C0276:
	cmp r0, r1
	ble _080C0280
	subs r0, r2, #0x1
	strh r0, [r4, #0x00]
	b _080C02A0
_080C0280:
	adds r0, r2, #0x1
	strh r0, [r4, #0x00]
	cmp r5, r3
	bne _080C02A0
	ldr r0, _080C02A8 @ =0x02039B84
	ldr r0, [r0, #0x00]
	ldr r2, [r0, #0x7C]
	movs r1, #0x00
	ldsh r0, [r4, r1]
	adds r0, #0x01
	lsls r0, r0, #0x0B
	negs r1, r0
	ldr r0, [r2, #0x0C]
	cmp r0, r1
	blt _080C02A0
	str r1, [r2, #0x0C]
_080C02A0:
	movs r0, #0x00
_080C02A2:
	pop {r4, r5, r6}
	pop {r1}
	bx r1
_080C02A8: .4byte 0x02039B84
	.byte 0xF0, 0xB5, 0x57, 0x46, 0x4E, 0x46, 0x45, 0x46, 0xE0, 0xB4, 0x81, 0xB0, 0x06, 0x1C, 0x33, 0x68
	.byte 0x88, 0x20, 0x40, 0x00, 0xC0, 0x18, 0x81, 0x46, 0x00, 0x25, 0x94, 0x21, 0x89, 0x00, 0x58, 0x18
	.byte 0x00, 0x22, 0x80, 0x5E, 0x00, 0x28, 0x08, 0xDD, 0x91, 0x24, 0xA4, 0x00, 0x18, 0x19, 0x05, 0x80
	.byte 0x30, 0x68, 0x18, 0x39, 0x40, 0x18, 0x05, 0x60, 0x8F, 0xE1, 0x91, 0x24, 0xA4, 0x00, 0x18, 0x19
	.byte 0x00, 0x22, 0x80, 0x5E, 0x00, 0x28, 0x4D, 0xD0, 0x01, 0x28, 0x00, 0xD1, 0x0E, 0xE1, 0x31, 0x1C
	.byte 0x46, 0x31, 0x08, 0x88, 0x01, 0x30, 0x08, 0x80, 0x00, 0x04, 0x00, 0x14, 0x01, 0x28, 0x00, 0xDC
	.byte 0x7B, 0xE1, 0x00, 0x23, 0x9A, 0x46, 0x54, 0x46, 0x0C, 0x80, 0xFE, 0xF7, 0xFB, 0xFA, 0x04, 0x1C
	.byte 0x24, 0x06, 0x24, 0x0E, 0x35, 0x1C, 0x5E, 0x35, 0x00, 0x95, 0x30, 0x1C, 0x64, 0x30, 0x00, 0x22
	.byte 0x81, 0x5E, 0x28, 0x1C, 0x22, 0x1C, 0x00, 0x23, 0xFF, 0xF7, 0x90, 0xFF, 0x00, 0x06, 0x00, 0x12
	.byte 0x05, 0x0C, 0x60, 0x23, 0x9B, 0x19, 0x98, 0x46, 0x30, 0x1C, 0x66, 0x30, 0x00, 0x22, 0x81, 0x5E
	.byte 0x40, 0x46, 0x22, 0x1C, 0x01, 0x23, 0xFF, 0xF7, 0x81, 0xFF, 0x00, 0x06, 0x00, 0x16, 0x29, 0x04
	.byte 0x09, 0x14, 0x09, 0x18, 0x09, 0x04, 0x0D, 0x0C, 0x37, 0x1C, 0x62, 0x37, 0x30, 0x1C, 0x68, 0x30
	.byte 0x00, 0x23, 0xC1, 0x5E, 0x38, 0x1C, 0x22, 0x1C, 0x02, 0x23, 0xFF, 0xF7, 0x6F, 0xFF, 0x00, 0x06
	.byte 0x00, 0x16, 0x29, 0x04, 0x09, 0x14, 0x09, 0x18, 0x09, 0x04, 0x0A, 0x14, 0x03, 0x2A, 0x00, 0xD0
	.byte 0x2E, 0xE1, 0xD9, 0xE0, 0x58, 0x6B, 0x99, 0x6B, 0x04, 0x22, 0x10, 0x40, 0x00, 0x21, 0x08, 0x43
	.byte 0x00, 0x28, 0x04, 0xD0, 0x92, 0x24, 0xA4, 0x00, 0x18, 0x19, 0x08, 0x21, 0x03, 0xE0, 0x92, 0x25
	.byte 0xAD, 0x00, 0x58, 0x19, 0x1C, 0x21, 0x01, 0x80, 0x30, 0x1C, 0x5C, 0x30, 0x01, 0x80, 0x30, 0x68
	.byte 0x12, 0x49, 0x40, 0x18, 0x00, 0x24, 0x04, 0x80, 0x30, 0x68, 0x92, 0x22, 0x92, 0x00, 0x80, 0x18
	.byte 0x00, 0x78, 0x80, 0x21, 0x32, 0x1C, 0xFD, 0xF7, 0xD5, 0xFF, 0xB4, 0x87, 0x30, 0x1C, 0x2C, 0x30
	.byte 0x01, 0x24, 0x04, 0x70, 0x32, 0x68, 0x93, 0x25, 0xAD, 0x00, 0x53, 0x19, 0x19, 0x88, 0x04, 0x20
	.byte 0x08, 0x40, 0x00, 0x28, 0x0E, 0xD0, 0x05, 0x20, 0x40, 0x42, 0x08, 0x40, 0x18, 0x80, 0x30, 0x68
	.byte 0x03, 0x49, 0x40, 0x18, 0x02, 0x21, 0x01, 0x80, 0x0E, 0x22, 0x48, 0xE0, 0x4A, 0x02, 0x00, 0x00
	.byte 0x4E, 0x02, 0x00, 0x00, 0x4B, 0x46, 0x2E, 0x25, 0x58, 0x5F, 0xC1, 0x0F, 0x40, 0x18, 0x2C, 0x25
	.byte 0x59, 0x5F, 0x40, 0x10, 0x81, 0x42, 0x20, 0xDA, 0x05, 0x49, 0x50, 0x18, 0x00, 0x22, 0x80, 0x5E
	.byte 0x02, 0x28, 0x07, 0xDC, 0x01, 0x28, 0x0D, 0xDA, 0x00, 0x28, 0x06, 0xD0, 0x13, 0xE0, 0x00, 0x00
	.byte 0x4E, 0x02, 0x00, 0x00, 0x03, 0x28, 0x16, 0xD0, 0x0D, 0xE0, 0x46, 0xF7, 0xAD, 0xF8, 0x22, 0x1C
	.byte 0x02, 0x40, 0x24, 0xE0, 0x46, 0xF7, 0xA8, 0xF8, 0x00, 0x04, 0x00, 0x0C, 0x06, 0x21, 0x5D, 0xF0
	.byte 0xB7, 0xF9, 0x02, 0x30, 0x0F, 0xE0, 0x00, 0x22, 0x19, 0xE0, 0x08, 0x4B, 0xD0, 0x18, 0x00, 0x24
	.byte 0x00, 0x5F, 0x00, 0x28, 0x0C, 0xD1, 0x46, 0xF7, 0x97, 0xF8, 0x00, 0x04, 0x00, 0x0C, 0x06, 0x21
	.byte 0x5D, 0xF0, 0xA6, 0xF9, 0x08, 0x30, 0x00, 0x04, 0x02, 0x0C, 0x08, 0xE0, 0x4E, 0x02, 0x00, 0x00
	.byte 0x46, 0xF7, 0x8A, 0xF8, 0x00, 0x04, 0xE0, 0x21, 0xC9, 0x02, 0x01, 0x40, 0x0A, 0x0C, 0x1B, 0x48
	.byte 0x00, 0x88, 0x31, 0x1C, 0x5E, 0x31, 0x00, 0x25, 0x00, 0x24, 0x08, 0x80, 0x18, 0x48, 0x01, 0x88
	.byte 0x30, 0x1C, 0x60, 0x30, 0x01, 0x80, 0x17, 0x48, 0x00, 0x88, 0x31, 0x1C, 0x62, 0x31, 0x08, 0x80
	.byte 0x15, 0x4B, 0x10, 0x04, 0x00, 0x14, 0x41, 0x00, 0x09, 0x18, 0x49, 0x00, 0xC8, 0x18, 0x02, 0x88
	.byte 0x30, 0x1C, 0x64, 0x30, 0x02, 0x80, 0x98, 0x1C, 0x08, 0x18, 0x00, 0x88, 0x32, 0x1C, 0x66, 0x32
	.byte 0x10, 0x80, 0x04, 0x33, 0xC9, 0x18, 0x09, 0x88, 0x30, 0x1C, 0x68, 0x30, 0x01, 0x80, 0x20, 0x38
	.byte 0x05, 0x70, 0x02, 0x38, 0x04, 0x80, 0x02, 0x38, 0x04, 0x80, 0x3C, 0x20, 0xFD, 0xF7, 0x16, 0xFB
	.byte 0x31, 0x68, 0x91, 0x25, 0xAD, 0x00, 0x49, 0x19, 0x17, 0xE0, 0x00, 0x00, 0xC4, 0xAC, 0x03, 0x02
	.byte 0xD4, 0xAC, 0x03, 0x02, 0xC0, 0xAC, 0x03, 0x02, 0x10, 0xA7, 0x61, 0x09, 0x31, 0x1C, 0x46, 0x31
	.byte 0x08, 0x88, 0x01, 0x30, 0x08, 0x80, 0x00, 0x04, 0x00, 0x14, 0x50, 0x28, 0x6D, 0xDD, 0x0D, 0x80
	.byte 0x04, 0x48, 0x5F, 0xF0, 0x9F, 0xFC, 0x31, 0x68, 0x09, 0x19, 0x08, 0x88, 0x01, 0x30, 0x08, 0x80
	.byte 0x63, 0xE0, 0x00, 0x00, 0x6A, 0x02, 0x00, 0x00, 0x49, 0x46, 0x2E, 0x23, 0xC8, 0x5E, 0xC1, 0x0F
	.byte 0x40, 0x18, 0x4C, 0x46, 0x2C, 0x25, 0x61, 0x5F, 0x40, 0x10, 0x81, 0x42, 0x1B, 0xDA, 0x30, 0x68
	.byte 0x05, 0x4B, 0xC1, 0x18, 0x00, 0x24, 0x08, 0x5F, 0x01, 0x28, 0x0E, 0xD0, 0x01, 0x28, 0x05, 0xDC
	.byte 0x00, 0x28, 0x08, 0xD0, 0x30, 0xE0, 0x00, 0x00, 0x4E, 0x02, 0x00, 0x00, 0x02, 0x28, 0x07, 0xD0
	.byte 0x03, 0x28, 0x1A, 0xD0, 0x28, 0xE0, 0x0A, 0x80, 0x26, 0xE0, 0x55, 0x46, 0x0D, 0x80, 0x23, 0xE0
	.byte 0x50, 0x46, 0x08, 0x80, 0x19, 0xE0, 0x30, 0x68, 0x05, 0x4A, 0x81, 0x18, 0x00, 0x23, 0xC8, 0x5E
	.byte 0x01, 0x28, 0x0D, 0xD0, 0x01, 0x28, 0x05, 0xDC, 0x00, 0x28, 0x06, 0xD0, 0x14, 0xE0, 0x00, 0x00
	.byte 0x4E, 0x02, 0x00, 0x00, 0x02, 0x28, 0x06, 0xD0, 0x0E, 0xE0, 0x01, 0x20, 0x08, 0x80, 0x0B, 0xE0
	.byte 0x54, 0x46, 0x0C, 0x80, 0x08, 0xE0, 0x55, 0x46, 0x0D, 0x80, 0x30, 0x68, 0x94, 0x21, 0x89, 0x00
	.byte 0x40, 0x18, 0x96, 0x21, 0x49, 0x00, 0x01, 0x80, 0x30, 0x68, 0x91, 0x22, 0x92, 0x00, 0x80, 0x18
	.byte 0x00, 0x21, 0x01, 0x80, 0x30, 0x68, 0x8E, 0x23, 0x9B, 0x00, 0xC0, 0x18, 0x01, 0x60, 0x0C, 0xE0
	.byte 0x0A, 0x49, 0x00, 0x9C, 0x20, 0x88, 0x08, 0x80, 0x09, 0x49, 0x45, 0x46, 0x28, 0x88, 0x08, 0x80
	.byte 0x08, 0x49, 0x38, 0x88, 0x08, 0x80, 0xFD, 0xF7, 0x53, 0xFA, 0x01, 0xB0, 0x38, 0xBC, 0x98, 0x46
	.byte 0xA1, 0x46, 0xAA, 0x46, 0xF0, 0xBC, 0x01, 0xBC, 0x00, 0x47, 0x00, 0x00, 0xC4, 0xAC, 0x03, 0x02
	.byte 0xD4, 0xAC, 0x03, 0x02, 0xC0, 0xAC, 0x03, 0x02, 0xF0, 0xB5, 0x04, 0x1C, 0x23, 0x68, 0x91, 0x21
	.byte 0x89, 0x00, 0x58, 0x18, 0x00, 0x22, 0x85, 0x5E, 0x00, 0x2D, 0x21, 0xD1, 0x92, 0x22, 0x92, 0x00
	.byte 0x98, 0x18, 0x08, 0x21, 0x01, 0x80, 0x20, 0x1C, 0x5C, 0x30, 0x01, 0x80, 0x20, 0x68, 0x0B, 0x4B
	.byte 0xC0, 0x18, 0x05, 0x80, 0x20, 0x68, 0x80, 0x18, 0x00, 0x78, 0x80, 0x21, 0x22, 0x1C, 0xFD, 0xF7
	.byte 0x91, 0xFE, 0xA5, 0x87, 0x21, 0x1C, 0x2C, 0x31, 0x01, 0x20, 0x08, 0x70, 0x21, 0x68, 0x91, 0x27
	.byte 0xBF, 0x00, 0xC9, 0x19, 0x08, 0x88, 0x01, 0x30, 0x08, 0x80, 0x44, 0xE0, 0x4A, 0x02, 0x00, 0x00
	.byte 0x22, 0x48, 0x1A, 0x18, 0x22, 0x49, 0x92, 0x26, 0xB6, 0x00, 0x98, 0x19, 0x00, 0x23, 0xC0, 0x5E
	.byte 0x40, 0x00, 0x40, 0x18, 0x00, 0x27, 0xD1, 0x5F, 0x00, 0x23, 0xC0, 0x5E, 0x81, 0x42, 0x1E, 0xDB
	.byte 0x00, 0x25, 0x15, 0x80, 0x21, 0x68, 0x89, 0x19, 0x08, 0x88, 0x01, 0x30, 0x08, 0x80, 0xA0, 0x8F
	.byte 0x01, 0x30, 0xA0, 0x87, 0x20, 0x68, 0x83, 0x19, 0x00, 0x27, 0xD9, 0x5F, 0x22, 0x1C, 0x5C, 0x32
	.byte 0x00, 0x27, 0xD0, 0x5F, 0x05, 0x30, 0x81, 0x42, 0x02, 0xDD, 0x10, 0x88, 0x18, 0x80, 0xA5, 0x87
	.byte 0x20, 0x68, 0x80, 0x19, 0x00, 0x78, 0x80, 0x21, 0x22, 0x1C, 0xFD, 0xF7, 0x53, 0xFE, 0x21, 0x68
	.byte 0x0A, 0x48, 0x09, 0x18, 0x08, 0x88, 0x01, 0x30, 0x08, 0x80, 0x20, 0x1C, 0x14, 0x30, 0x45, 0xF7
	.byte 0xBB, 0xF9, 0x20, 0x61, 0x07, 0x49, 0x3C, 0x22, 0xA0, 0x5E, 0x40, 0x18, 0x00, 0x21, 0x41, 0x56
	.byte 0x20, 0x1C, 0x40, 0x30, 0x01, 0x80, 0xF0, 0xBC, 0x01, 0xBC, 0x00, 0x47, 0x4A, 0x02, 0x00, 0x00
	.byte 0xA8, 0xA6, 0x61, 0x09, 0x0A, 0xA7, 0x61, 0x09, 0x70, 0xB5, 0x06, 0x1C, 0x30, 0x68, 0x88, 0x21
	.byte 0x49, 0x00, 0x45, 0x18, 0x2E, 0x22, 0xA8, 0x5E, 0xC1, 0x0F, 0x40, 0x18, 0x2C, 0x23, 0xE9, 0x5E
	.byte 0x40, 0x10, 0x81, 0x42, 0x00, 0xDB, 0x89, 0xE0, 0x45, 0xF7, 0x36, 0xFF, 0x00, 0x04, 0x00, 0x0C
	.byte 0x64, 0x21, 0x5D, 0xF0, 0x45, 0xF8, 0x00, 0x04, 0x00, 0x0C, 0x09, 0x28, 0x03, 0xD8, 0x01, 0x20
	.byte 0xC3, 0xF7, 0xD8, 0xF8, 0x1D, 0xE0, 0x45, 0xF7, 0x27, 0xFF, 0x00, 0x04, 0x00, 0x0C, 0x5A, 0x21
	.byte 0x5D, 0xF0, 0x36, 0xF8, 0x00, 0x04, 0x00, 0x0C, 0x13, 0x28, 0x09, 0xD8, 0x45, 0xF7, 0x1C, 0xFF
	.byte 0x00, 0x04, 0x00, 0x0C, 0x01, 0x21, 0x08, 0x40, 0x07, 0x30, 0xC3, 0xF7, 0xC3, 0xF8, 0x08, 0xE0
	.byte 0x45, 0xF7, 0x12, 0xFF, 0x00, 0x04, 0x00, 0x0C, 0x03, 0x21, 0x08, 0x40, 0x03, 0x30, 0xC3, 0xF7
	.byte 0xB9, 0xF8, 0x12, 0x48, 0x12, 0x49, 0x00, 0x23, 0xC2, 0x5E, 0x00, 0x23, 0xC8, 0x5E, 0x82, 0x42
	.byte 0x10, 0xD1, 0x10, 0x48, 0x00, 0x21, 0x40, 0x5E, 0x82, 0x42, 0x0B, 0xD1, 0x45, 0xF7, 0xFC, 0xFE
	.byte 0x00, 0x04, 0x00, 0x0C, 0x64, 0x21, 0x5D, 0xF0, 0x0B, 0xF8, 0x00, 0x04, 0x00, 0x0C, 0x4F, 0x28
	.byte 0x00, 0xD8, 0x7F, 0xE0, 0x30, 0x1C, 0xFE, 0xF7, 0xBD, 0xF8, 0x00, 0x06, 0x04, 0x0E, 0x01, 0x2C
	.byte 0x27, 0xD0, 0x01, 0x2C, 0x08, 0xDC, 0x00, 0x2C, 0x09, 0xD0, 0xEB, 0xE0, 0xC4, 0xAC, 0x03, 0x02
	.byte 0xD4, 0xAC, 0x03, 0x02, 0xC0, 0xAC, 0x03, 0x02, 0x02, 0x2C, 0x22, 0xD0, 0xE2, 0xE0, 0x28, 0x1C
	.byte 0x5B, 0xF7, 0x72, 0xFA, 0x45, 0xF7, 0xD8, 0xFE, 0x00, 0x04, 0x00, 0x0C, 0x64, 0x21, 0x5C, 0xF0
	.byte 0xE7, 0xFF, 0x00, 0x04, 0x00, 0x14, 0x27, 0x28, 0x00, 0xDC, 0x88, 0xE0, 0x4F, 0x28, 0x00, 0xDD
	.byte 0xA2, 0xE0, 0x28, 0x1C, 0x5B, 0xF7, 0x60, 0xFA, 0x30, 0x68, 0x8F, 0x21, 0x89, 0x00, 0x40, 0x18
	.byte 0xAB, 0xE0, 0x28, 0x1C, 0x5B, 0xF7, 0x58, 0xFA, 0x30, 0x68, 0x8F, 0x23, 0x9B, 0x00, 0xC0, 0x18
	.byte 0x99, 0xE0, 0x45, 0xF7, 0xB9, 0xFE, 0x00, 0x04, 0x00, 0x0C, 0x64, 0x21, 0x5C, 0xF0, 0xC8, 0xFF
	.byte 0x00, 0x04, 0x00, 0x0C, 0x31, 0x28, 0x00, 0xD8, 0xA5, 0xE0, 0xAB, 0xE0, 0x45, 0xF7, 0xAC, 0xFE
	.byte 0x00, 0x04, 0x00, 0x0C, 0x64, 0x21, 0x5C, 0xF0, 0xBB, 0xFF, 0x00, 0x04, 0x00, 0x0C, 0x1D, 0x28
	.byte 0x0C, 0xD8, 0x45, 0xF7, 0xA1, 0xFE, 0x00, 0x04, 0x00, 0x0C, 0x03, 0x21, 0x5C, 0xF0, 0xB0, 0xFF
	.byte 0x06, 0x30, 0x00, 0x06, 0x00, 0x0E, 0xC3, 0xF7, 0x45, 0xF8, 0x0B, 0xE0, 0x45, 0xF7, 0x94, 0xFE
	.byte 0x00, 0x04, 0x00, 0x0C, 0x06, 0x21, 0x5C, 0xF0, 0xA3, 0xFF, 0x01, 0x30, 0x00, 0x06, 0x00, 0x0E
	.byte 0xC3, 0xF7, 0x38, 0xF8, 0x10, 0x48, 0x11, 0x49, 0x00, 0x23, 0xC2, 0x5E, 0x00, 0x23, 0xC8, 0x5E
	.byte 0x82, 0x42, 0x1F, 0xD1, 0x0E, 0x48, 0x00, 0x21, 0x40, 0x5E, 0x82, 0x42, 0x1A, 0xD1, 0x45, 0xF7
	.byte 0x7B, 0xFE, 0x00, 0x04, 0x00, 0x0C, 0x64, 0x21, 0x5C, 0xF0, 0x8A, 0xFF, 0x00, 0x04, 0x00, 0x0C
	.byte 0x13, 0x28, 0x0F, 0xD8, 0x28, 0x1C, 0x5B, 0xF7, 0x07, 0xFA, 0x30, 0x68, 0x8F, 0x22, 0x92, 0x00
	.byte 0x80, 0x18, 0x05, 0x21, 0x01, 0x60, 0x6D, 0xE0, 0xC4, 0xAC, 0x03, 0x02, 0xD4, 0xAC, 0x03, 0x02
	.byte 0xC0, 0xAC, 0x03, 0x02, 0x30, 0x1C, 0xFE, 0xF7, 0x2D, 0xF8, 0x00, 0x06, 0x04, 0x0E, 0x01, 0x2C
	.byte 0x27, 0xD0, 0x01, 0x2C, 0x02, 0xDC, 0x00, 0x2C, 0x03, 0xD0, 0x5B, 0xE0, 0x02, 0x2C, 0x3F, 0xD0
	.byte 0x58, 0xE0, 0x28, 0x1C, 0x5B, 0xF7, 0xE8, 0xF9, 0x45, 0xF7, 0x4E, 0xFE, 0x00, 0x04, 0x00, 0x0C
	.byte 0x64, 0x21, 0x5C, 0xF0, 0x5D, 0xFF, 0x00, 0x04, 0x00, 0x0C, 0x3B, 0x28, 0x09, 0xD8, 0x28, 0x1C
	.byte 0x5B, 0xF7, 0xDA, 0xF9, 0x30, 0x68, 0x8F, 0x23, 0x9B, 0x00, 0xC0, 0x18, 0x03, 0x21, 0x01, 0x60
	.byte 0x40, 0xE0, 0x28, 0x1C, 0x5B, 0xF7, 0xD0, 0xF9, 0x30, 0x68, 0x8F, 0x21, 0x89, 0x00, 0x40, 0x18
	.byte 0x1B, 0xE0, 0x45, 0xF7, 0x31, 0xFE, 0x00, 0x04, 0x00, 0x0C, 0x64, 0x21, 0x5C, 0xF0, 0x40, 0xFF
	.byte 0x00, 0x04, 0x00, 0x0C, 0x4F, 0x28, 0x09, 0xD8, 0x28, 0x1C, 0x5B, 0xF7, 0xBD, 0xF9, 0x30, 0x68
	.byte 0x8F, 0x22, 0x92, 0x00, 0x80, 0x18, 0x02, 0x21, 0x01, 0x60, 0x23, 0xE0, 0x28, 0x1C, 0x5B, 0xF7
	.byte 0xB3, 0xF9, 0x30, 0x68, 0x8F, 0x23, 0x9B, 0x00, 0xC0, 0x18, 0x04, 0x21, 0x01, 0x60, 0x19, 0xE0
	.byte 0x45, 0xF7, 0x12, 0xFE, 0x00, 0x04, 0x00, 0x0C, 0x64, 0x21, 0x5C, 0xF0, 0x21, 0xFF, 0x00, 0x04
	.byte 0x00, 0x0C, 0x45, 0x28, 0x06, 0xD8, 0x30, 0x68, 0x8E, 0x21, 0x89, 0x00, 0x40, 0x18, 0x01, 0x21
	.byte 0x01, 0x60, 0x07, 0xE0, 0x28, 0x1C, 0x5B, 0xF7, 0x97, 0xF9, 0x30, 0x68, 0x8F, 0x22, 0x92, 0x00
	.byte 0x80, 0x18, 0x04, 0x60, 0x70, 0xBC, 0x01, 0xBC, 0x00, 0x47, 0x00, 0x00
	thumb_func_start task_bos_jf_rock_0
task_bos_jf_rock_0: @ 080C09B8
	push {r4, r5, r6, r7, lr}
	mov r7, r10
	mov r6, r9
	mov r5, r8
	push {r5, r6, r7}
	add sp, #-0x004
	adds r7, r0, #0x0
	str r1, [r7, #0x00]
	ldr r6, [r1, #0x04]
	str r6, [r7, #0x30]
	ldr r5, [r1, #0x08]
	movs r2, #0xA0
	lsls r2, r2, #0x03
	adds r0, r5, r2
	str r0, [r7, #0x34]
	ldr r3, [r1, #0x0C]
	mov r8, r3
	ldr r0, _080C0A80 @ =0xFFFFB800
	add r0, r8
	str r0, [r7, #0x38]
	movs r4, #0x00
	str r4, [r7, #0x3C]
	adds r2, r7, #0x0
	adds r2, #0xF8
	movs r0, #0x00
	mov r9, r0
	movs r0, #0xFE
	lsls r0, r0, #0x08
	strh r0, [r2, #0x00]
	ldr r2, _080C0A84 @ =0x00020000
	ldr r3, _080C0A88 @ =0x00000000
	str r2, [r7, #0x60]
	str r3, [r7, #0x64]
	movs r2, #0x9E
	lsls r2, r2, #0x01
	adds r0, r7, r2
	str r4, [r0, #0x00]
	movs r3, #0xA0
	lsls r3, r3, #0x01
	adds r0, r7, r3
	str r4, [r0, #0x00]
	movs r0, #0xA2
	lsls r0, r0, #0x01
	adds r3, r7, r0
	str r4, [r3, #0x00]
	adds r2, #0x0C
	adds r0, r7, r2
	str r4, [r0, #0x00]
	adds r2, #0x04
	adds r0, r7, r2
	str r4, [r0, #0x00]
	adds r2, #0x04
	adds r0, r7, r2
	str r4, [r0, #0x00]
	adds r2, #0x04
	adds r0, r7, r2
	str r4, [r0, #0x00]
	strh r4, [r7, #0x28]
	strh r4, [r7, #0x2A]
	movs r4, #0xCA
	lsls r4, r4, #0x01
	adds r0, r7, r4
	mov r2, r9
	strb r2, [r0, #0x00]
	ldr r0, [r1, #0x34]
	ldr r1, [r1, #0x38]
	movs r2, #0x04
	ands r0, r2
	movs r1, #0x00
	orrs r0, r1
	cmp r0, #0x00
	beq _080C0A98
	subs r4, #0x24
	adds r1, r7, r4
	movs r2, #0x80
	lsls r2, r2, #0x06
	adds r0, r6, r2
	str r0, [r1, #0x00]
	adds r4, #0x04
	adds r1, r7, r4
	movs r2, #0xA0
	lsls r2, r2, #0x04
	adds r0, r5, r2
	str r0, [r1, #0x00]
	adds r4, #0x04
	adds r1, r7, r4
	ldr r0, _080C0A8C @ =0xFFFFE700
	add r0, r8
	str r0, [r1, #0x00]
	ldr r0, _080C0A90 @ =0x0203ACC0
	movs r1, #0x00
	ldsh r0, [r0, r1]
	adds r0, #0x01
	lsls r0, r0, #0x0B
	negs r0, r0
	ldr r2, _080C0A94 @ =0xFFFFE000
	adds r0, r0, r2
	str r0, [r3, #0x00]
	b _080C0ACC
	.byte 0x00, 0x00
_080C0A80: .4byte 0xFFFFB800
_080C0A84: .4byte 0x00020000
_080C0A88: .4byte 0x00000000
_080C0A8C: .4byte 0xFFFFE700
_080C0A90: .4byte 0x0203ACC0
_080C0A94: .4byte 0xFFFFE000
_080C0A98:
	movs r4, #0xB8
	lsls r4, r4, #0x01
	adds r1, r7, r4
	ldr r2, _080C0BCC @ =0xFFFFE000
	adds r0, r6, r2
	str r0, [r1, #0x00]
	movs r0, #0xBA
	lsls r0, r0, #0x01
	adds r1, r7, r0
	movs r4, #0xA0
	lsls r4, r4, #0x04
	adds r0, r5, r4
	str r0, [r1, #0x00]
	movs r0, #0xBC
	lsls r0, r0, #0x01
	adds r1, r7, r0
	ldr r0, _080C0BD0 @ =0xFFFFE700
	add r0, r8
	str r0, [r1, #0x00]
	ldr r0, _080C0BD4 @ =0x0203ACC4
	movs r1, #0x00
	ldsh r0, [r0, r1]
	adds r0, #0x01
	lsls r0, r0, #0x0B
	subs r2, r2, r0
	str r2, [r3, #0x00]
_080C0ACC:
	movs r2, #0xBE
	lsls r2, r2, #0x01
	adds r0, r7, r2
	movs r2, #0x00
	strb r2, [r0, #0x00]
	movs r3, #0xBF
	lsls r3, r3, #0x01
	adds r3, r7, r3
	str r3, [sp, #0x000]
	movs r3, #0x00
	ldr r4, [sp, #0x000]
	strh r2, [r4, #0x00]
	movs r1, #0xAD
	lsls r1, r1, #0x01
	adds r0, r7, r1
	strb r3, [r0, #0x00]
	movs r4, #0xAC
	lsls r4, r4, #0x01
	adds r4, r4, r7
	mov r10, r4
	strh r2, [r4, #0x00]
	movs r0, #0xAE
	lsls r0, r0, #0x01
	adds r1, r7, r0
	movs r0, #0x78
	strh r0, [r1, #0x00]
	movs r1, #0xAF
	lsls r1, r1, #0x01
	adds r0, r7, r1
	strh r2, [r0, #0x00]
	movs r2, #0xB0
	lsls r2, r2, #0x01
	adds r0, r7, r2
	strb r3, [r0, #0x00]
	ldr r3, _080C0BD8 @ =0x09682AA4
	mov r8, r3
	movs r4, #0xA0
	lsls r4, r4, #0x06
	mov r9, r4
	mov r0, r8
	mov r1, r9
	bl func_080026A4
	str r0, [r7, #0x04]
	ldr r6, _080C0BDC @ =0x096FB5A4
	adds r0, r6, #0x0
	movs r1, #0x60
	bl func_08002A14
	str r0, [r7, #0x08]
	adds r4, r7, #0x0
	adds r4, #0x10
	ldr r1, _080C0BE0 @ =0x09EF3B40
	adds r0, r4, #0x0
	ldr r2, _080C0BE4 @ =0x09EF3A48
	bl func_08005968
	ldr r1, _080C0BE8 @ =0x09EF2A38
	mov r2, r10
	movs r3, #0x00
	ldsh r0, [r2, r3]
	adds r0, r0, r1
	movs r1, #0x00
	ldsb r1, [r0, r1]
	lsls r1, r1, #0x10
	lsrs r1, r1, #0x10
	adds r0, r4, #0x0
	movs r2, #0x00
	bl func_080059A4
	adds r0, r4, #0x0
	bl func_08005AFC
	str r0, [r7, #0x0C]
	mov r0, r8
	mov r1, r9
	bl func_080026A4
	movs r4, #0xB2
	lsls r4, r4, #0x01
	adds r1, r7, r4
	str r0, [r1, #0x00]
	adds r0, r6, #0x0
	movs r1, #0x60
	bl func_08002A14
	movs r2, #0xB4
	lsls r2, r2, #0x01
	adds r1, r7, r2
	str r0, [r1, #0x00]
	movs r3, #0xB6
	lsls r3, r3, #0x01
	adds r2, r7, r3
	ldr r1, _080C0BEC @ =0x09EF2A42
	ldr r4, [sp, #0x000]
	movs r3, #0x00
	ldsh r0, [r4, r3]
	lsls r0, r0, #0x01
	adds r0, r0, r1
	movs r4, #0x00
	ldsh r0, [r0, r4]
	lsls r0, r0, #0x02
	ldr r1, _080C0BE4 @ =0x09EF3A48
	adds r0, r0, r1
	ldr r0, [r0, #0x00]
	str r0, [r2, #0x00]
	movs r2, #0xC0
	lsls r2, r2, #0x01
	adds r4, r7, r2
	adds r0, r4, #0x0
	movs r1, #0x01
	bl func_08000E64
	ldr r1, _080C0BF0 @ =0x09EF34D8
	adds r2, r7, #0x0
	adds r2, #0x2C
	adds r0, r4, #0x0
	bl func_08000E14
	add sp, #0x004
	pop {r3, r4, r5}
	mov r8, r3
	mov r9, r4
	mov r10, r5
	pop {r4, r5, r6, r7}
	pop {r0}
	bx r0
	.byte 0x00, 0x00
_080C0BCC: .4byte 0xFFFFE000
_080C0BD0: .4byte 0xFFFFE700
_080C0BD4: .4byte 0x0203ACC4
_080C0BD8: .4byte 0x09682AA4
_080C0BDC: .4byte 0x096FB5A4
_080C0BE0: .4byte 0x09EF3B40
_080C0BE4: .4byte 0x09EF3A48
_080C0BE8: .4byte 0x09EF2A38
_080C0BEC: .4byte 0x09EF2A42
_080C0BF0: .4byte 0x09EF34D8
	thumb_func_start task_bos_jf_rock_1
task_bos_jf_rock_1: @ 080C0BF4
	push {r4, r5, r6, r7, lr}
	add sp, #-0x00C
	adds r7, r0, #0x0
	ldr r4, [r7, #0x00]
	movs r1, #0xB0
	lsls r1, r1, #0x01
	adds r0, r7, r1
	ldrb r0, [r0, #0x00]
	cmp r0, #0x05
	bls _080C0C0A
	b _080C11D6
_080C0C0A:
	lsls r0, r0, #0x02
	ldr r1, _080C0C14 @ =0x080C0C18
	adds r0, r0, r1
	ldr r0, [r0, #0x00]
	mov pc, r0
_080C0C14: .4byte 0x080C0C18
	.byte 0x30, 0x0C, 0x0C, 0x08, 0xA8, 0x0E, 0x0C, 0x08, 0xDC, 0x0F, 0x0C, 0x08, 0xBC, 0x11, 0x0C, 0x08
	.byte 0xD6, 0x11, 0x0C, 0x08, 0x7E, 0x11, 0x0C, 0x08, 0xAE, 0x22, 0x52, 0x00, 0xB8, 0x18, 0x00, 0x23
	.byte 0xC0, 0x5E, 0x28, 0x28, 0x07, 0xDD, 0x38, 0x6B, 0x79, 0x6B, 0xBA, 0x6B, 0x89, 0x18, 0x26, 0x4C
	.byte 0x09, 0x19, 0x6E, 0xF7, 0x13, 0xFB, 0x78, 0x8D, 0x01, 0x30, 0x00, 0x21, 0x78, 0x85, 0x00, 0x04
	.byte 0x00, 0x14, 0x02, 0x28, 0x14, 0xDD, 0x79, 0x85, 0x38, 0x8D, 0x01, 0x30, 0x38, 0x85, 0x00, 0x04
	.byte 0x00, 0x14, 0x08, 0x28, 0x00, 0xDD, 0x39, 0x85, 0xB8, 0x68, 0xC0, 0x88, 0x02, 0x30, 0x00, 0x04
	.byte 0x00, 0x0C, 0x28, 0x22, 0xB9, 0x5E, 0x49, 0x01, 0x18, 0x4A, 0x89, 0x18, 0x41, 0xF7, 0x92, 0xFF
	.byte 0xAE, 0x23, 0x5B, 0x00, 0xFD, 0x18, 0x00, 0x24, 0x28, 0x5F, 0x00, 0x28, 0x00, 0xDC, 0xAD, 0xE0
	.byte 0x38, 0x1C, 0x38, 0x30, 0xA2, 0x21, 0x49, 0x00, 0x7C, 0x18, 0x21, 0x68, 0x10, 0x4A, 0x89, 0x18
	.byte 0x2A, 0x88, 0x44, 0xF7, 0x27, 0xFE, 0xBC, 0x23, 0x5B, 0x00, 0xF8, 0x18, 0x21, 0x68, 0x0D, 0x4C
	.byte 0x09, 0x19, 0x2A, 0x88, 0x44, 0xF7, 0x1E, 0xFE, 0x28, 0x88, 0x01, 0x38, 0x28, 0x80, 0xB9, 0x6B
	.byte 0x09, 0x48, 0x81, 0x42, 0x12, 0xDC, 0xAC, 0x21, 0x49, 0x00, 0x78, 0x18, 0x08, 0x21, 0x01, 0x80
	.byte 0xAD, 0x22, 0x52, 0x00, 0xB9, 0x18, 0x27, 0xE0, 0x00, 0xE0, 0xFF, 0xFF, 0x04, 0xB6, 0x6F, 0x09
	.byte 0x00, 0xB8, 0xFF, 0xFF, 0x00, 0xE4, 0xFF, 0xFF, 0x00, 0xF4, 0xFF, 0xFF, 0x08, 0x12, 0x01, 0x1C
	.byte 0x0C, 0x31, 0x00, 0x29, 0x00, 0xDA, 0x07, 0x31, 0xC9, 0x10, 0x08, 0x20, 0x40, 0x1A, 0x00, 0x04
	.byte 0x01, 0x0C, 0x00, 0x28, 0x09, 0xDA, 0xAC, 0x23, 0x5B, 0x00, 0xF8, 0x18, 0x00, 0x21, 0x01, 0x80
	.byte 0xAD, 0x24, 0x64, 0x00, 0x39, 0x19, 0x00, 0x20, 0x07, 0xE0, 0xAC, 0x22, 0x52, 0x00, 0xB8, 0x18
	.byte 0x01, 0x80, 0xAD, 0x23, 0x5B, 0x00, 0xF9, 0x18, 0x01, 0x20, 0x08, 0x70, 0x3C, 0x1C, 0x10, 0x34
	.byte 0x11, 0x49, 0xAC, 0x22, 0x52, 0x00, 0xB8, 0x18, 0x00, 0x23, 0xC0, 0x5E, 0x40, 0x18, 0x00, 0x21
	.byte 0x41, 0x56, 0x09, 0x04, 0x09, 0x0C, 0x20, 0x1C, 0x00, 0x22, 0x44, 0xF7, 0x27, 0xFE, 0x20, 0x1C
	.byte 0x44, 0xF7, 0xD0, 0xFE, 0xF8, 0x60, 0xBC, 0x24, 0x64, 0x00, 0x38, 0x19, 0x01, 0x68, 0x07, 0x48
	.byte 0x81, 0x42, 0x0D, 0xDC, 0xBF, 0x20, 0x40, 0x00, 0x39, 0x18, 0x0B, 0x20, 0x08, 0x80, 0xBE, 0x22
	.byte 0x52, 0x00, 0xB9, 0x18, 0x22, 0xE0, 0x00, 0x00, 0x38, 0x2A, 0xEF, 0x09, 0x00, 0xF0, 0xFF, 0xFF
	.byte 0x08, 0x12, 0x01, 0x1C, 0x10, 0x31, 0x00, 0x29, 0x00, 0xDA, 0x07, 0x31, 0xC9, 0x10, 0x0B, 0x20
	.byte 0x40, 0x1A, 0x00, 0x04, 0x01, 0x0C, 0x00, 0x28, 0x09, 0xDA, 0xBF, 0x23, 0x5B, 0x00, 0xFA, 0x18
	.byte 0x00, 0x20, 0x00, 0x21, 0x11, 0x80, 0xBE, 0x24, 0x64, 0x00, 0x39, 0x19, 0x07, 0xE0, 0xBF, 0x22
	.byte 0x52, 0x00, 0xB8, 0x18, 0x01, 0x80, 0xBE, 0x23, 0x5B, 0x00, 0xF9, 0x18, 0x01, 0x20, 0x08, 0x70
	.byte 0xB6, 0x24, 0x64, 0x00, 0x3B, 0x19, 0x07, 0x4A, 0x07, 0x49, 0x12, 0x34, 0x38, 0x19, 0x00, 0x24
	.byte 0x00, 0x5F, 0x40, 0x00, 0x40, 0x18, 0x00, 0x21, 0x40, 0x5E, 0x80, 0x00, 0x80, 0x18, 0x00, 0x68
	.byte 0x18, 0x60, 0x3F, 0xE0, 0x48, 0x3A, 0xEF, 0x09, 0x42, 0x2A, 0xEF, 0x09, 0x9E, 0x23, 0x5B, 0x00
	.byte 0xFA, 0x18, 0x29, 0x48, 0x00, 0x68, 0xC1, 0x6F, 0x48, 0x68, 0x10, 0x60, 0xA0, 0x24, 0x64, 0x00
	.byte 0x3D, 0x19, 0x88, 0x68, 0x28, 0x60, 0xA2, 0x20, 0x40, 0x00, 0x3E, 0x18, 0xC8, 0x68, 0x30, 0x60
	.byte 0xA4, 0x21, 0x49, 0x00, 0x7C, 0x18, 0x10, 0x68, 0x39, 0x6B, 0x40, 0x1A, 0x28, 0x21, 0x5C, 0xF0
	.byte 0xE1, 0xFB, 0x20, 0x60, 0xA6, 0x22, 0x52, 0x00, 0xBC, 0x18, 0x28, 0x68, 0x79, 0x6B, 0x40, 0x1A
	.byte 0x28, 0x21, 0x5C, 0xF0, 0xD7, 0xFB, 0x20, 0x60, 0xA8, 0x23, 0x5B, 0x00, 0xF9, 0x18, 0x00, 0x20
	.byte 0x08, 0x60, 0xAA, 0x20, 0x40, 0x00, 0x3C, 0x18, 0x30, 0x68, 0xB9, 0x6B, 0x40, 0x1A, 0xCD, 0x21
	.byte 0x89, 0x00, 0x5C, 0xF0, 0xC7, 0xFB, 0x20, 0x60, 0xB0, 0x22, 0x52, 0x00, 0xB9, 0x18, 0x08, 0x78
	.byte 0x01, 0x30, 0x08, 0x70, 0x38, 0x68, 0x8E, 0x23, 0x9B, 0x00, 0xC0, 0x18, 0x00, 0x68, 0x07, 0x28
	.byte 0x02, 0xD0, 0x0B, 0x28, 0x00, 0xD0, 0xAC, 0xE1, 0x08, 0x48, 0x5E, 0xF0, 0xF5, 0xFF, 0xBE, 0x24
	.byte 0x64, 0x00, 0x38, 0x19, 0x00, 0x21, 0x01, 0x70, 0xAE, 0x22, 0x52, 0x00, 0xB8, 0x18, 0x01, 0x80
	.byte 0xB0, 0x23, 0x5B, 0x00, 0xF9, 0x18, 0x94, 0xE0, 0x84, 0x9B, 0x03, 0x02, 0xF9, 0x01, 0x00, 0x00
	.byte 0x78, 0x8D, 0x01, 0x30, 0x00, 0x21, 0x78, 0x85, 0x00, 0x04, 0x00, 0x14, 0x02, 0x28, 0x14, 0xDD
	.byte 0x79, 0x85, 0x38, 0x8D, 0x01, 0x30, 0x38, 0x85, 0x00, 0x04, 0x00, 0x14, 0x08, 0x28, 0x00, 0xDD
	.byte 0x39, 0x85, 0xB8, 0x68, 0xC0, 0x88, 0x02, 0x30, 0x00, 0x04, 0x00, 0x0C, 0x28, 0x22, 0xB9, 0x5E
	.byte 0x49, 0x01, 0x16, 0x4A, 0x89, 0x18, 0x41, 0xF7, 0x65, 0xFE, 0xAF, 0x23, 0x5B, 0x00, 0xF9, 0x18
	.byte 0x08, 0x88, 0x01, 0x30, 0x08, 0x80, 0x00, 0x04, 0x00, 0x14, 0x03, 0x28, 0x4C, 0xDD, 0x00, 0x20
	.byte 0x08, 0x80, 0x60, 0x6B, 0xA1, 0x6B, 0x04, 0x22, 0x10, 0x40, 0x00, 0x21, 0x08, 0x43, 0x00, 0x28
	.byte 0x18, 0xD0, 0xB8, 0x20, 0x40, 0x00, 0x39, 0x18, 0x60, 0x68, 0x80, 0x22, 0x52, 0x01, 0x80, 0x18
	.byte 0x08, 0x60, 0x16, 0x33, 0xF9, 0x18, 0xA0, 0x68, 0xA0, 0x22, 0x12, 0x01, 0x80, 0x18, 0x08, 0x60
	.byte 0x04, 0x33, 0xF9, 0x18, 0xE0, 0x68, 0x02, 0x4C, 0x00, 0x19, 0x17, 0xE0, 0x04, 0xB6, 0x6F, 0x09
	.byte 0x00, 0xF0, 0xFF, 0xFF, 0xB8, 0x20, 0x40, 0x00, 0x39, 0x18, 0x60, 0x68, 0x22, 0x4A, 0x80, 0x18
	.byte 0x08, 0x60, 0xBA, 0x23, 0x5B, 0x00, 0xF9, 0x18, 0xA0, 0x68, 0xA0, 0x23, 0x1B, 0x01, 0xC0, 0x18
	.byte 0x08, 0x60, 0xBC, 0x20, 0x40, 0x00, 0x39, 0x18, 0xE0, 0x68, 0x80, 0x18, 0x08, 0x60, 0xB6, 0x22
	.byte 0x52, 0x00, 0xB9, 0x18, 0x19, 0x48, 0xC0, 0x6B, 0x08, 0x60, 0x9E, 0x20, 0x80, 0x00, 0x5E, 0xF0
	.byte 0x7B, 0xFF, 0xCA, 0x23, 0x5B, 0x00, 0xF9, 0x18, 0x01, 0x20, 0x08, 0x70, 0xB0, 0x24, 0x64, 0x00
	.byte 0x39, 0x19, 0x08, 0x78, 0x01, 0x30, 0x08, 0x70, 0x38, 0x68, 0x8E, 0x21, 0x89, 0x00, 0x40, 0x18
	.byte 0x00, 0x68, 0x07, 0x28, 0x02, 0xD0, 0x0B, 0x28, 0x00, 0xD0, 0x1A, 0xE1, 0x0C, 0x48, 0x5E, 0xF0
	.byte 0x63, 0xFF, 0xBE, 0x22, 0x52, 0x00, 0xB8, 0x18, 0x00, 0x21, 0x01, 0x70, 0xCA, 0x23, 0x5B, 0x00
	.byte 0xF8, 0x18, 0x01, 0x70, 0xAE, 0x24, 0x64, 0x00, 0x38, 0x19, 0x01, 0x80, 0xB0, 0x20, 0x40, 0x00
	.byte 0x39, 0x18, 0x05, 0x20, 0x08, 0x70, 0x04, 0xE1, 0x00, 0xF0, 0xFF, 0xFF, 0x48, 0x3A, 0xEF, 0x09
	.byte 0xF9, 0x01, 0x00, 0x00, 0x78, 0x8D, 0x01, 0x30, 0x00, 0x21, 0x78, 0x85, 0x00, 0x04, 0x00, 0x14
	.byte 0x02, 0x28, 0x14, 0xDD, 0x79, 0x85, 0x38, 0x8D, 0x01, 0x30, 0x38, 0x85, 0x00, 0x04, 0x00, 0x14
	.byte 0x08, 0x28, 0x00, 0xDD, 0x39, 0x85, 0xB8, 0x68, 0xC0, 0x88, 0x02, 0x30, 0x00, 0x04, 0x00, 0x0C
	.byte 0x28, 0x22, 0xB9, 0x5E, 0x49, 0x01, 0x3E, 0x4A, 0x89, 0x18, 0x41, 0xF7, 0xCB, 0xFD, 0xA4, 0x23
	.byte 0x5B, 0x00, 0xF9, 0x18, 0x38, 0x6B, 0x09, 0x68, 0x40, 0x18, 0x38, 0x63, 0xA6, 0x24, 0x64, 0x00
	.byte 0x39, 0x19, 0x78, 0x6B, 0x09, 0x68, 0x40, 0x18, 0x78, 0x63, 0xA8, 0x20, 0x40, 0x00, 0x3A, 0x18
	.byte 0xB8, 0x6B, 0x11, 0x68, 0x40, 0x18, 0xB8, 0x63, 0x0C, 0x33, 0xF9, 0x18, 0x10, 0x68, 0x09, 0x68
	.byte 0x40, 0x18, 0x10, 0x60, 0x12, 0x34, 0x38, 0x19, 0x00, 0x21, 0x40, 0x5E, 0x07, 0x28, 0x04, 0xD1
	.byte 0xBE, 0x22, 0x52, 0x00, 0xB9, 0x18, 0x00, 0x20, 0x08, 0x70, 0x39, 0x6B, 0x7A, 0x6B, 0xBB, 0x6B
	.byte 0x28, 0x4C, 0x1B, 0x19, 0x1C, 0x20, 0x00, 0x90, 0x01, 0x90, 0x02, 0x90, 0xE7, 0x20, 0x50, 0xF7
	.byte 0x7F, 0xFF, 0x01, 0x28, 0x17, 0xD1, 0x24, 0x48, 0x5E, 0xF0, 0xF6, 0xFE, 0x38, 0x6B, 0x23, 0x49
	.byte 0x40, 0x18, 0x79, 0x6B, 0xBA, 0x6B, 0x89, 0x18, 0x21, 0x4A, 0x89, 0x18, 0x00, 0x22, 0x52, 0xF7
	.byte 0xC3, 0xFF, 0xCA, 0x23, 0x5B, 0x00, 0xF9, 0x18, 0x00, 0x20, 0x08, 0x70, 0xB0, 0x24, 0x64, 0x00
	.byte 0x39, 0x19, 0x03, 0x20, 0x08, 0x70, 0x38, 0x68, 0x8E, 0x21, 0x89, 0x00, 0x40, 0x18, 0x00, 0x68
	.byte 0x07, 0x28, 0x01, 0xD0, 0x0B, 0x28, 0x14, 0xD1, 0x16, 0x48, 0x5E, 0xF0, 0xD5, 0xFE, 0xBE, 0x22
	.byte 0x52, 0x00, 0xB8, 0x18, 0x00, 0x21, 0x01, 0x70, 0xCA, 0x23, 0x5B, 0x00, 0xF8, 0x18, 0x01, 0x70
	.byte 0xAE, 0x24, 0x64, 0x00, 0x38, 0x19, 0x01, 0x80, 0xB0, 0x20, 0x40, 0x00, 0x39, 0x18, 0x05, 0x20
	.byte 0x08, 0x70, 0x38, 0x6B, 0x79, 0x6B, 0xBA, 0x6B, 0x06, 0x4B, 0xD2, 0x18, 0x00, 0xF0, 0x3C, 0xF9
	.byte 0x00, 0x06, 0x00, 0x16, 0x01, 0x28, 0x0F, 0xD0, 0x02, 0x28, 0x2B, 0xD0, 0x34, 0xE0, 0x00, 0x00
	.byte 0x04, 0xB6, 0x6F, 0x09, 0x00, 0xE0, 0xFF, 0xFF, 0x79, 0x02, 0x00, 0x00, 0x00, 0xF8, 0xFF, 0xFF
	.byte 0x00, 0xDC, 0xFF, 0xFF, 0xF9, 0x01, 0x00, 0x00, 0x0B, 0x48, 0x5E, 0xF0, 0xA5, 0xFE, 0x38, 0x6B
	.byte 0x0A, 0x4C, 0x00, 0x19, 0x79, 0x6B, 0xBA, 0x6B, 0x89, 0x18, 0x09, 0x4A, 0x89, 0x18, 0x00, 0x22
	.byte 0x52, 0xF7, 0x72, 0xFF, 0xCA, 0x23, 0x5B, 0x00, 0xF9, 0x18, 0x00, 0x20, 0x08, 0x70, 0xB0, 0x24
	.byte 0x64, 0x00, 0x39, 0x19, 0x03, 0x20, 0x0E, 0xE0, 0xF9, 0x01, 0x00, 0x00, 0x00, 0xF8, 0xFF, 0xFF
	.byte 0x00, 0xDC, 0xFF, 0xFF, 0xCA, 0x20, 0x40, 0x00, 0x39, 0x18, 0x00, 0x20, 0x08, 0x70, 0xB0, 0x22
	.byte 0x52, 0x00, 0xB9, 0x18, 0x04, 0x20, 0x08, 0x70, 0xAF, 0x23, 0x5B, 0x00, 0xF9, 0x18, 0x08, 0x88
	.byte 0x01, 0x30, 0x08, 0x80, 0x2D, 0xE0, 0x45, 0xF7, 0xDD, 0xF9, 0x00, 0x06, 0x00, 0x28, 0x28, 0xD1
	.byte 0xAE, 0x20, 0x40, 0x00, 0x3C, 0x18, 0x00, 0x21, 0x60, 0x5E, 0x00, 0x28, 0x12, 0xD1, 0x38, 0x6B
	.byte 0x06, 0x4A, 0x80, 0x18, 0x79, 0x6B, 0xBA, 0x6B, 0x89, 0x18, 0x05, 0x4B, 0xC9, 0x18, 0x00, 0x22
	.byte 0x52, 0xF7, 0x3A, 0xFF, 0x20, 0x88, 0x01, 0x30, 0x20, 0x80, 0x12, 0xE0, 0x00, 0xF8, 0xFF, 0xFF
	.byte 0x00, 0xDC, 0xFF, 0xFF, 0x3C, 0x1C, 0x10, 0x34, 0x20, 0x1C, 0x44, 0xF7, 0xAB, 0xFC, 0x00, 0x06
	.byte 0x00, 0x28, 0x04, 0xD1, 0x20, 0x1C, 0x44, 0xF7, 0x49, 0xFC, 0xF8, 0x60, 0x01, 0xE0
_080C11D6:
	movs r0, #0x00
	b _080C11FA
	.byte 0x38, 0x1C, 0x30, 0x30, 0x39, 0x1C, 0x34, 0x31, 0x3A, 0x1C, 0x38, 0x32, 0x3B, 0x1C, 0x3C, 0x33
	.byte 0xFC, 0xF7, 0x05, 0xFB, 0xC0, 0x24, 0x64, 0x00, 0x38, 0x19, 0x3F, 0xF7, 0x56, 0xFE, 0x01, 0x20
_080C11FA:
	add sp, #0x00C
	pop {r4, r5, r6, r7}
	pop {r1}
	bx r1
	.byte 0x00, 0x00
	thumb_func_start task_bos_jf_rock_2
task_bos_jf_rock_2: @ 080C1204
	push {r4, r5, r6, r7, lr}
	mov r7, r8
	push {r7}
	add sp, #-0x014
	adds r5, r0, #0x0
	ldr r0, [r5, #0x00]
	mov r8, r0
	movs r1, #0xAD
	lsls r1, r1, #0x01
	adds r0, r5, r1
	ldrb r0, [r0, #0x00]
	cmp r0, #0x01
	bne _080C1292
	mov r2, r8
	ldr r0, [r2, #0x34]
	ldr r1, [r2, #0x38]
	movs r2, #0x04
	ands r0, r2
	movs r1, #0x00
	orrs r0, r1
	cmp r0, #0x00
	beq _080C1240
	ldr r1, [r5, #0x30]
	ldr r0, _080C123C @ =0x000259FF
	cmp r1, r0
	ble _080C124A
	b _080C125A
	.byte 0x00, 0x00
_080C123C: .4byte 0x000259FF
_080C1240:
	ldr r1, [r5, #0x30]
	movs r0, #0xD9
	lsls r0, r0, #0x09
	cmp r1, r0
	ble _080C125A
_080C124A:
	ldr r0, [r5, #0x34]
	bl func_0801AF1C
	lsls r0, r0, #0x10
	lsrs r6, r0, #0x10
	movs r7, #0xFD
	lsls r7, r7, #0x08
	b _080C1260
_080C125A:
	movs r6, #0x80
	lsls r6, r6, #0x03
	ldr r7, _080C1330 @ =0x0000FFF5
_080C1260:
	mov r4, sp
	adds r4, #0x12
	ldr r2, [r5, #0x30]
	ldr r3, [r5, #0x34]
	ldr r0, [r5, #0x38]
	str r0, [sp, #0x000]
	add r0, sp, #0x010
	adds r1, r4, #0x0
	bl func_0801909C
	add r0, sp, #0x010
	movs r3, #0x00
	ldsh r0, [r0, r3]
	movs r2, #0x00
	ldsh r1, [r4, r2]
	ldr r2, [r5, #0x0C]
	ldr r3, [r5, #0x04]
	ldr r4, [r5, #0x08]
	str r4, [sp, #0x000]
	movs r4, #0x00
	str r4, [sp, #0x004]
	str r6, [sp, #0x008]
	str r7, [sp, #0x00C]
	bl func_080023E0
_080C1292:
	movs r3, #0xBE
	lsls r3, r3, #0x01
	adds r0, r5, r3
	ldrb r0, [r0, #0x00]
	cmp r0, #0x01
	bne _080C130C
	mov r4, r8
	ldr r0, [r4, #0x34]
	ldr r1, [r4, #0x38]
	movs r2, #0x04
	ands r0, r2
	movs r1, #0x00
	orrs r0, r1
	movs r6, #0x80
	lsls r6, r6, #0x03
	cmp r0, #0x00
	bne _080C12B8
	movs r0, #0x01
	orrs r6, r0
_080C12B8:
	mov r4, sp
	adds r4, #0x12
	movs r7, #0xB8
	lsls r7, r7, #0x01
	adds r0, r5, r7
	ldr r2, [r0, #0x00]
	movs r1, #0xBA
	lsls r1, r1, #0x01
	adds r0, r5, r1
	ldr r3, [r0, #0x00]
	adds r7, #0x08
	adds r0, r5, r7
	ldr r0, [r0, #0x00]
	str r0, [sp, #0x000]
	add r0, sp, #0x010
	adds r1, r4, #0x0
	bl func_0801909C
	add r0, sp, #0x010
	movs r1, #0x00
	ldsh r0, [r0, r1]
	movs r2, #0x00
	ldsh r1, [r4, r2]
	movs r3, #0xB6
	lsls r3, r3, #0x01
	adds r2, r5, r3
	ldr r2, [r2, #0x00]
	movs r4, #0xB2
	lsls r4, r4, #0x01
	adds r3, r5, r4
	ldr r3, [r3, #0x00]
	subs r7, #0x10
	adds r4, r5, r7
	ldr r4, [r4, #0x00]
	str r4, [sp, #0x000]
	movs r4, #0x00
	str r4, [sp, #0x004]
	str r6, [sp, #0x008]
	ldr r4, _080C1334 @ =0x0000FFF2
	str r4, [sp, #0x00C]
	bl func_080023E0
_080C130C:
	movs r1, #0xCA
	lsls r1, r1, #0x01
	adds r0, r5, r1
	ldrb r0, [r0, #0x00]
	cmp r0, #0x01
	bne _080C1322
	movs r2, #0xC0
	lsls r2, r2, #0x01
	adds r0, r5, r2
	bl func_08000EE0
_080C1322:
	add sp, #0x014
	pop {r3}
	mov r8, r3
	pop {r4, r5, r6, r7}
	pop {r0}
	bx r0
	.byte 0x00, 0x00
_080C1330: .4byte 0x0000FFF5
_080C1334: .4byte 0x0000FFF2
	thumb_func_start task_bos_jf_rock_3
task_bos_jf_rock_3: @ 080C1338
	push {r4, lr}
	adds r4, r0, #0x0
	ldr r0, [r4, #0x04]
	bl func_080028C0
	ldr r0, [r4, #0x08]
	bl func_08002C10
	movs r1, #0xB2
	lsls r1, r1, #0x01
	adds r0, r4, r1
	ldr r0, [r0, #0x00]
	bl func_080028C0
	movs r1, #0xB4
	lsls r1, r1, #0x01
	adds r0, r4, r1
	ldr r0, [r0, #0x00]
	bl func_08002C10
	movs r1, #0xC0
	lsls r1, r1, #0x01
	adds r0, r4, r1
	bl func_08000F0C
	pop {r4}
	pop {r0}
	bx r0
	.byte 0xF0, 0xB5, 0x1B, 0x49, 0x00, 0x24, 0x0B, 0x5F, 0x01, 0x33, 0xDB, 0x02, 0x19, 0x49, 0x00, 0x27
	.byte 0xC9, 0x5F, 0x01, 0x31, 0xC9, 0x02, 0x4E, 0x42, 0x17, 0x49, 0x00, 0x24, 0x09, 0x5F, 0x01, 0x31
	.byte 0xC9, 0x02, 0x49, 0x42, 0x8C, 0x46, 0xE0, 0x21, 0x49, 0x01, 0x45, 0x18, 0x13, 0x4F, 0xC4, 0x19
	.byte 0x51, 0x18, 0x38, 0x1C, 0x12, 0x18, 0xD9, 0x42, 0x06, 0xDB, 0xD9, 0x20, 0x40, 0x02, 0x85, 0x42
	.byte 0x02, 0xDD, 0x0F, 0x48, 0x84, 0x42, 0x10, 0xDD, 0xB1, 0x42, 0x06, 0xDB, 0xF5, 0x20, 0x40, 0x02
	.byte 0x85, 0x42, 0x02, 0xDD, 0x0B, 0x48, 0x84, 0x42, 0x07, 0xDD, 0x61, 0x45, 0x18, 0xDB, 0x0A, 0x48
	.byte 0x85, 0x42, 0x15, 0xDD, 0x09, 0x48, 0x84, 0x42, 0x12, 0xDC, 0x01, 0x20, 0x1F, 0xE0, 0x00, 0x00
	.byte 0xC4, 0xAC, 0x03, 0x02, 0xD4, 0xAC, 0x03, 0x02, 0xC0, 0xAC, 0x03, 0x02, 0x00, 0xE4, 0xFF, 0xFF
	.byte 0xFF, 0xE9, 0x01, 0x00, 0xFF, 0x21, 0x02, 0x00, 0x00, 0x22, 0x02, 0x00, 0xFF, 0x59, 0x02, 0x00
	.byte 0x00, 0x2A, 0x05, 0xDC, 0x03, 0x48, 0x84, 0x42, 0x02, 0xDC, 0x03, 0x48, 0x85, 0x42, 0x05, 0xDC
	.byte 0x02, 0x20, 0x04, 0xE0, 0x00, 0xCA, 0x02, 0x00, 0xFF, 0x41, 0x01, 0x00, 0x00, 0x20, 0xF0, 0xBC
	.byte 0x02, 0xBC, 0x08, 0x47
	thumb_func_start task_bos_jf_borderline_0
task_bos_jf_borderline_0: @ 080C1424
	push {r4, r5, r6, r7, lr}
	adds r7, r0, #0x0
	adds r4, r1, #0x0
	str r4, [r7, #0x00]
	bl func_080C1A48
	adds r3, r7, #0x0
	adds r3, #0xA8
	movs r0, #0xA0
	lsls r0, r0, #0x04
	str r0, [r3, #0x00]
	adds r5, r7, #0x0
	adds r5, #0xAC
	movs r0, #0xD8
	lsls r0, r0, #0x06
	str r0, [r5, #0x00]
	adds r2, r7, #0x0
	adds r2, #0x98
	adds r1, r7, #0x0
	adds r1, #0xA4
	ldr r0, [r4, #0x04]
	ldr r1, [r1, #0x00]
	adds r0, r0, r1
	str r0, [r2, #0x00]
	adds r2, #0x04
	ldr r0, [r4, #0x08]
	ldr r1, [r3, #0x00]
	adds r0, r0, r1
	str r0, [r2, #0x00]
	adds r2, #0x04
	ldr r0, [r4, #0x0C]
	ldr r1, [r5, #0x00]
	adds r0, r0, r1
	str r0, [r2, #0x00]
	adds r1, r7, #0x0
	adds r1, #0xB0
	movs r2, #0x00
	movs r0, #0x00
	strh r0, [r1, #0x00]
	adds r1, #0x02
	strh r0, [r1, #0x00]
	adds r0, r7, #0x0
	adds r0, #0xB4
	strb r2, [r0, #0x00]
	adds r0, #0x01
	strb r2, [r0, #0x00]
	ldr r0, _080C1548 @ =0x09682AA4
	movs r1, #0xA0
	lsls r1, r1, #0x06
	bl func_080026A4
	str r0, [r7, #0x04]
	ldr r0, _080C154C @ =0x096FB5A4
	movs r1, #0x60
	bl func_08002A14
	str r0, [r7, #0x08]
	adds r4, r7, #0x0
	adds r4, #0x1C
	ldr r5, _080C1550 @ =0x09EF3B40
	ldr r6, _080C1554 @ =0x09EF3A48
	adds r0, r4, #0x0
	adds r1, r5, #0x0
	adds r2, r6, #0x0
	bl func_08005968
	adds r0, r4, #0x0
	movs r1, #0x1B
	movs r2, #0x01
	bl func_080059A4
	adds r0, r4, #0x0
	bl func_08005AFC
	str r0, [r7, #0x0C]
	adds r4, #0x18
	adds r0, r4, #0x0
	adds r1, r5, #0x0
	adds r2, r6, #0x0
	bl func_08005968
	adds r0, r4, #0x0
	movs r1, #0x08
	movs r2, #0x01
	bl func_080059A4
	adds r0, r4, #0x0
	bl func_08005AFC
	str r0, [r7, #0x10]
	adds r4, #0x18
	adds r0, r4, #0x0
	adds r1, r5, #0x0
	adds r2, r6, #0x0
	bl func_08005968
	adds r0, r4, #0x0
	movs r1, #0x07
	movs r2, #0x01
	bl func_080059A4
	adds r0, r4, #0x0
	bl func_08005AFC
	str r0, [r7, #0x14]
	adds r4, #0x18
	adds r0, r4, #0x0
	adds r1, r5, #0x0
	adds r2, r6, #0x0
	bl func_08005968
	adds r0, r4, #0x0
	movs r1, #0x1C
	movs r2, #0x01
	bl func_080059A4
	adds r0, r4, #0x0
	bl func_08005AFC
	str r0, [r7, #0x18]
	adds r4, #0x1C
	adds r0, r4, #0x0
	adds r1, r5, #0x0
	adds r2, r6, #0x0
	bl func_08005968
	adds r0, r4, #0x0
	movs r1, #0x06
	movs r2, #0x01
	bl func_080059A4
	adds r0, r4, #0x0
	bl func_08005AFC
	str r0, [r7, #0x7C]
	ldr r0, [r7, #0x08]
	ldrb r0, [r0, #0x06]
	adds r0, #0x10
	lsls r0, r0, #0x18
	lsrs r0, r0, #0x18
	movs r1, #0x00
	bl func_0801C298
	pop {r4, r5, r6, r7}
	pop {r0}
	bx r0
_080C1548: .4byte 0x09682AA4
_080C154C: .4byte 0x096FB5A4
_080C1550: .4byte 0x09EF3B40
_080C1554: .4byte 0x09EF3A48
	thumb_func_start task_bos_jf_borderline_1
task_bos_jf_borderline_1: @ 080C1558
	push {r4, r5, lr}
	adds r5, r0, #0x0
	ldr r4, [r5, #0x00]
	bl func_080C1A48
	adds r2, r5, #0x0
	adds r2, #0x98
	adds r1, r5, #0x0
	adds r1, #0xA4
	ldr r0, [r4, #0x04]
	ldr r1, [r1, #0x00]
	adds r0, r0, r1
	str r0, [r2, #0x00]
	adds r2, #0x04
	adds r1, r5, #0x0
	adds r1, #0xA8
	ldr r0, [r4, #0x08]
	ldr r1, [r1, #0x00]
	adds r0, r0, r1
	str r0, [r2, #0x00]
	adds r0, r5, #0x0
	adds r0, #0x1C
	bl func_08005A64
	str r0, [r5, #0x0C]
	adds r0, r5, #0x0
	adds r0, #0x34
	bl func_08005A64
	str r0, [r5, #0x10]
	adds r0, r5, #0x0
	adds r0, #0x4C
	bl func_08005A64
	str r0, [r5, #0x14]
	adds r0, r5, #0x0
	adds r0, #0x64
	bl func_08005A64
	str r0, [r5, #0x18]
	adds r0, r5, #0x0
	adds r0, #0x80
	bl func_08005A64
	str r0, [r5, #0x7C]
	movs r0, #0x01
	pop {r4, r5}
	pop {r1}
	bx r1
	.byte 0x00, 0x00
	thumb_func_start task_bos_jf_borderline_2
task_bos_jf_borderline_2: @ 080C15BC
	push {r4, r5, r6, r7, lr}
	mov r7, r10
	mov r6, r9
	mov r5, r8
	push {r5, r6, r7}
	add sp, #-0x014
	adds r7, r0, #0x0
	mov r4, sp
	adds r4, #0x12
	adds r0, #0x98
	ldr r2, [r0, #0x00]
	adds r0, #0x04
	ldr r3, [r0, #0x00]
	adds r0, #0x04
	ldr r0, [r0, #0x00]
	str r0, [sp, #0x000]
	add r0, sp, #0x010
	adds r1, r4, #0x0
	bl func_0801909C
	adds r0, r7, #0x0
	adds r0, #0xB5
	ldrb r6, [r0, #0x00]
	mov r9, r4
	cmp r6, #0x00
	beq _080C15F8
	cmp r6, #0x01
	bne _080C15F6
	b _080C1770
_080C15F6:
	b _080C19EA
_080C15F8:
	add r0, sp, #0x010
	ldrh r0, [r0, #0x00]
	subs r0, #0x10
	lsls r0, r0, #0x10
	asrs r0, r0, #0x10
	mov r2, r9
	ldrh r1, [r2, #0x00]
	subs r1, #0x01
	lsls r1, r1, #0x10
	asrs r1, r1, #0x10
	ldr r2, [r7, #0x0C]
	ldr r3, [r7, #0x04]
	ldr r4, [r7, #0x08]
	str r4, [sp, #0x000]
	str r6, [sp, #0x004]
	movs r5, #0x80
	lsls r5, r5, #0x03
	str r5, [sp, #0x008]
	ldr r4, _080C1768 @ =0x0000FFF0
	mov r10, r4
	str r4, [sp, #0x00C]
	bl func_080023E0
	add r0, sp, #0x010
	ldrh r0, [r0, #0x00]
	subs r0, #0x10
	lsls r0, r0, #0x10
	asrs r0, r0, #0x10
	mov r2, r9
	ldrh r1, [r2, #0x00]
	subs r1, #0x01
	lsls r1, r1, #0x10
	asrs r1, r1, #0x10
	ldr r2, [r7, #0x14]
	ldr r3, [r7, #0x04]
	ldr r4, [r7, #0x08]
	str r4, [sp, #0x000]
	str r6, [sp, #0x004]
	str r5, [sp, #0x008]
	mov r4, r10
	str r4, [sp, #0x00C]
	bl func_080023E0
	add r0, sp, #0x010
	movs r1, #0x00
	ldsh r0, [r0, r1]
	mov r2, r9
	ldrh r1, [r2, #0x00]
	adds r1, #0x01
	lsls r1, r1, #0x10
	asrs r1, r1, #0x10
	ldr r2, [r7, #0x14]
	ldr r3, [r7, #0x04]
	ldr r4, [r7, #0x08]
	str r4, [sp, #0x000]
	str r6, [sp, #0x004]
	str r5, [sp, #0x008]
	mov r4, r10
	str r4, [sp, #0x00C]
	bl func_080023E0
	add r0, sp, #0x010
	ldrh r0, [r0, #0x00]
	adds r0, #0x10
	lsls r0, r0, #0x10
	asrs r0, r0, #0x10
	mov r2, r9
	ldrh r1, [r2, #0x00]
	subs r1, #0x01
	lsls r1, r1, #0x10
	asrs r1, r1, #0x10
	ldr r2, [r7, #0x14]
	ldr r3, [r7, #0x04]
	ldr r4, [r7, #0x08]
	str r4, [sp, #0x000]
	str r6, [sp, #0x004]
	str r5, [sp, #0x008]
	mov r4, r10
	str r4, [sp, #0x00C]
	bl func_080023E0
	add r0, sp, #0x010
	ldrh r0, [r0, #0x00]
	adds r0, #0x10
	lsls r0, r0, #0x10
	asrs r0, r0, #0x10
	mov r2, r9
	ldrh r1, [r2, #0x00]
	subs r1, #0x01
	lsls r1, r1, #0x10
	asrs r1, r1, #0x10
	ldr r2, [r7, #0x10]
	ldr r3, [r7, #0x04]
	ldr r4, [r7, #0x08]
	str r4, [sp, #0x000]
	str r6, [sp, #0x004]
	str r5, [sp, #0x008]
	mov r4, r10
	str r4, [sp, #0x00C]
	bl func_080023E0
	add r0, sp, #0x010
	ldrh r0, [r0, #0x00]
	subs r0, #0x08
	lsls r0, r0, #0x10
	asrs r0, r0, #0x10
	mov r2, r9
	ldrh r1, [r2, #0x00]
	adds r1, #0x04
	lsls r1, r1, #0x10
	asrs r1, r1, #0x10
	ldr r2, [r7, #0x0C]
	ldr r3, [r7, #0x04]
	ldr r4, [r7, #0x08]
	str r4, [sp, #0x000]
	str r6, [sp, #0x004]
	str r5, [sp, #0x008]
	mov r4, r10
	str r4, [sp, #0x00C]
	bl func_080023E0
	add r0, sp, #0x010
	ldrh r0, [r0, #0x00]
	subs r0, #0x08
	lsls r0, r0, #0x10
	asrs r0, r0, #0x10
	mov r2, r9
	ldrh r1, [r2, #0x00]
	adds r1, #0x04
	lsls r1, r1, #0x10
	asrs r1, r1, #0x10
	ldr r2, [r7, #0x14]
	ldr r3, [r7, #0x04]
	ldr r4, [r7, #0x08]
	str r4, [sp, #0x000]
	str r6, [sp, #0x004]
	str r5, [sp, #0x008]
	ldr r4, _080C176C @ =0x0000FF60
	mov r8, r4
	str r4, [sp, #0x00C]
	bl func_080023E0
	add r0, sp, #0x010
	ldrh r0, [r0, #0x00]
	adds r0, #0x08
	lsls r0, r0, #0x10
	asrs r0, r0, #0x10
	mov r2, r9
	ldrh r1, [r2, #0x00]
	adds r1, #0x04
	lsls r1, r1, #0x10
	asrs r1, r1, #0x10
	ldr r2, [r7, #0x14]
	ldr r3, [r7, #0x04]
	ldr r4, [r7, #0x08]
	str r4, [sp, #0x000]
	str r6, [sp, #0x004]
	str r5, [sp, #0x008]
	mov r4, r8
	str r4, [sp, #0x00C]
	bl func_080023E0
	add r0, sp, #0x010
	ldrh r0, [r0, #0x00]
	adds r0, #0x08
	lsls r0, r0, #0x10
	asrs r0, r0, #0x10
	mov r2, r9
	ldrh r1, [r2, #0x00]
	adds r1, #0x04
	lsls r1, r1, #0x10
	asrs r1, r1, #0x10
	ldr r2, [r7, #0x10]
	ldr r3, [r7, #0x04]
	ldr r4, [r7, #0x08]
	str r4, [sp, #0x000]
	str r6, [sp, #0x004]
	str r5, [sp, #0x008]
	mov r4, r10
	str r4, [sp, #0x00C]
	bl func_080023E0
	b _080C19EA
	.byte 0x00, 0x00
_080C1768: .4byte 0x0000FFF0
_080C176C: .4byte 0x0000FF60
_080C1770:
	add r0, sp, #0x010
	ldrh r0, [r0, #0x00]
	subs r0, #0x28
	lsls r0, r0, #0x10
	asrs r0, r0, #0x10
	mov r2, r9
	ldrh r1, [r2, #0x00]
	subs r1, #0x01
	lsls r1, r1, #0x10
	asrs r1, r1, #0x10
	ldr r2, [r7, #0x0C]
	ldr r3, [r7, #0x04]
	ldr r4, [r7, #0x08]
	str r4, [sp, #0x000]
	movs r4, #0x00
	mov r10, r4
	str r4, [sp, #0x004]
	movs r5, #0x80
	lsls r5, r5, #0x03
	str r5, [sp, #0x008]
	ldr r4, _080C1A28 @ =0x0000FFF0
	str r4, [sp, #0x00C]
	bl func_080023E0
	add r0, sp, #0x010
	ldrh r0, [r0, #0x00]
	subs r0, #0x28
	lsls r0, r0, #0x10
	asrs r0, r0, #0x10
	mov r2, r9
	ldrh r1, [r2, #0x00]
	subs r1, #0x01
	lsls r1, r1, #0x10
	asrs r1, r1, #0x10
	ldr r2, [r7, #0x14]
	ldr r3, [r7, #0x04]
	ldr r4, [r7, #0x08]
	str r4, [sp, #0x000]
	mov r4, r10
	str r4, [sp, #0x004]
	str r5, [sp, #0x008]
	ldr r4, _080C1A28 @ =0x0000FFF0
	str r4, [sp, #0x00C]
	bl func_080023E0
	add r0, sp, #0x010
	ldrh r0, [r0, #0x00]
	subs r0, #0x18
	lsls r0, r0, #0x10
	asrs r0, r0, #0x10
	mov r2, r9
	ldrh r1, [r2, #0x00]
	adds r1, #0x01
	lsls r1, r1, #0x10
	asrs r1, r1, #0x10
	ldr r2, [r7, #0x14]
	ldr r3, [r7, #0x04]
	ldr r4, [r7, #0x08]
	str r4, [sp, #0x000]
	mov r4, r10
	str r4, [sp, #0x004]
	str r5, [sp, #0x008]
	ldr r4, _080C1A28 @ =0x0000FFF0
	str r4, [sp, #0x00C]
	bl func_080023E0
	add r0, sp, #0x010
	ldrh r0, [r0, #0x00]
	subs r0, #0x08
	lsls r0, r0, #0x10
	asrs r0, r0, #0x10
	mov r2, r9
	ldrh r1, [r2, #0x00]
	adds r1, #0x02
	lsls r1, r1, #0x10
	asrs r1, r1, #0x10
	ldr r2, [r7, #0x14]
	ldr r3, [r7, #0x04]
	ldr r4, [r7, #0x08]
	str r4, [sp, #0x000]
	mov r4, r10
	str r4, [sp, #0x004]
	str r5, [sp, #0x008]
	ldr r4, _080C1A28 @ =0x0000FFF0
	str r4, [sp, #0x00C]
	bl func_080023E0
	add r0, sp, #0x010
	ldrh r0, [r0, #0x00]
	adds r0, #0x08
	lsls r0, r0, #0x10
	asrs r0, r0, #0x10
	mov r2, r9
	ldrh r1, [r2, #0x00]
	adds r1, #0x02
	lsls r1, r1, #0x10
	asrs r1, r1, #0x10
	ldr r2, [r7, #0x14]
	ldr r3, [r7, #0x04]
	ldr r4, [r7, #0x08]
	str r4, [sp, #0x000]
	mov r4, r10
	str r4, [sp, #0x004]
	str r5, [sp, #0x008]
	ldr r4, _080C1A28 @ =0x0000FFF0
	str r4, [sp, #0x00C]
	bl func_080023E0
	add r0, sp, #0x010
	ldrh r0, [r0, #0x00]
	adds r0, #0x18
	lsls r0, r0, #0x10
	asrs r0, r0, #0x10
	mov r2, r9
	ldrh r1, [r2, #0x00]
	adds r1, #0x01
	lsls r1, r1, #0x10
	asrs r1, r1, #0x10
	ldr r2, [r7, #0x14]
	ldr r3, [r7, #0x04]
	ldr r4, [r7, #0x08]
	str r4, [sp, #0x000]
	mov r4, r10
	str r4, [sp, #0x004]
	str r5, [sp, #0x008]
	ldr r4, _080C1A28 @ =0x0000FFF0
	str r4, [sp, #0x00C]
	bl func_080023E0
	add r0, sp, #0x010
	ldrh r0, [r0, #0x00]
	adds r0, #0x28
	lsls r0, r0, #0x10
	asrs r0, r0, #0x10
	mov r2, r9
	ldrh r1, [r2, #0x00]
	subs r1, #0x01
	lsls r1, r1, #0x10
	asrs r1, r1, #0x10
	ldr r2, [r7, #0x14]
	ldr r3, [r7, #0x04]
	ldr r4, [r7, #0x08]
	str r4, [sp, #0x000]
	mov r4, r10
	str r4, [sp, #0x004]
	str r5, [sp, #0x008]
	ldr r4, _080C1A28 @ =0x0000FFF0
	str r4, [sp, #0x00C]
	bl func_080023E0
	add r0, sp, #0x010
	ldrh r0, [r0, #0x00]
	adds r0, #0x28
	lsls r0, r0, #0x10
	asrs r0, r0, #0x10
	mov r2, r9
	ldrh r1, [r2, #0x00]
	subs r1, #0x01
	lsls r1, r1, #0x10
	asrs r1, r1, #0x10
	ldr r2, [r7, #0x10]
	ldr r3, [r7, #0x04]
	ldr r4, [r7, #0x08]
	str r4, [sp, #0x000]
	mov r4, r10
	str r4, [sp, #0x004]
	str r5, [sp, #0x008]
	ldr r4, _080C1A28 @ =0x0000FFF0
	str r4, [sp, #0x00C]
	bl func_080023E0
	add r0, sp, #0x010
	ldrh r0, [r0, #0x00]
	subs r0, #0x20
	lsls r0, r0, #0x10
	asrs r0, r0, #0x10
	mov r2, r9
	ldrh r1, [r2, #0x00]
	adds r1, #0x04
	lsls r1, r1, #0x10
	asrs r1, r1, #0x10
	ldr r2, [r7, #0x0C]
	ldr r3, [r7, #0x04]
	ldr r4, [r7, #0x08]
	str r4, [sp, #0x000]
	mov r4, r10
	str r4, [sp, #0x004]
	str r5, [sp, #0x008]
	ldr r4, _080C1A28 @ =0x0000FFF0
	str r4, [sp, #0x00C]
	bl func_080023E0
	add r0, sp, #0x010
	ldrh r0, [r0, #0x00]
	subs r0, #0x20
	lsls r0, r0, #0x10
	asrs r0, r0, #0x10
	mov r2, r9
	ldrh r1, [r2, #0x00]
	adds r1, #0x04
	lsls r1, r1, #0x10
	asrs r1, r1, #0x10
	ldr r2, [r7, #0x14]
	ldr r3, [r7, #0x04]
	ldr r4, [r7, #0x08]
	str r4, [sp, #0x000]
	mov r4, r10
	str r4, [sp, #0x004]
	str r5, [sp, #0x008]
	ldr r4, _080C1A2C @ =0x0000FF60
	mov r8, r4
	str r4, [sp, #0x00C]
	bl func_080023E0
	add r0, sp, #0x010
	ldrh r0, [r0, #0x00]
	subs r0, #0x10
	lsls r0, r0, #0x10
	asrs r0, r0, #0x10
	mov r2, r9
	ldrh r1, [r2, #0x00]
	adds r1, #0x06
	lsls r1, r1, #0x10
	asrs r1, r1, #0x10
	ldr r2, [r7, #0x14]
	ldr r3, [r7, #0x04]
	ldr r4, [r7, #0x08]
	str r4, [sp, #0x000]
	mov r4, r10
	str r4, [sp, #0x004]
	str r5, [sp, #0x008]
	mov r4, r8
	str r4, [sp, #0x00C]
	bl func_080023E0
	add r0, sp, #0x010
	movs r1, #0x00
	ldsh r0, [r0, r1]
	mov r2, r9
	ldrh r1, [r2, #0x00]
	adds r1, #0x07
	lsls r1, r1, #0x10
	asrs r1, r1, #0x10
	ldr r2, [r7, #0x14]
	ldr r3, [r7, #0x04]
	ldr r4, [r7, #0x08]
	str r4, [sp, #0x000]
	mov r4, r10
	str r4, [sp, #0x004]
	str r5, [sp, #0x008]
	mov r4, r8
	str r4, [sp, #0x00C]
	bl func_080023E0
	add r0, sp, #0x010
	ldrh r0, [r0, #0x00]
	adds r0, #0x10
	lsls r0, r0, #0x10
	asrs r0, r0, #0x10
	mov r2, r9
	ldrh r1, [r2, #0x00]
	adds r1, #0x06
	lsls r1, r1, #0x10
	asrs r1, r1, #0x10
	ldr r2, [r7, #0x14]
	ldr r3, [r7, #0x04]
	ldr r4, [r7, #0x08]
	str r4, [sp, #0x000]
	mov r4, r10
	str r4, [sp, #0x004]
	str r5, [sp, #0x008]
	mov r4, r8
	str r4, [sp, #0x00C]
	bl func_080023E0
	add r0, sp, #0x010
	ldrh r0, [r0, #0x00]
	adds r0, #0x20
	lsls r0, r0, #0x10
	asrs r0, r0, #0x10
	mov r2, r9
	ldrh r1, [r2, #0x00]
	adds r1, #0x04
	lsls r1, r1, #0x10
	asrs r1, r1, #0x10
	ldr r2, [r7, #0x14]
	ldr r3, [r7, #0x04]
	ldr r4, [r7, #0x08]
	str r4, [sp, #0x000]
	mov r4, r10
	str r4, [sp, #0x004]
	str r5, [sp, #0x008]
	mov r4, r8
	str r4, [sp, #0x00C]
	bl func_080023E0
	add r0, sp, #0x010
	ldrh r0, [r0, #0x00]
	adds r0, #0x20
	lsls r0, r0, #0x10
	asrs r0, r0, #0x10
	mov r2, r9
	ldrh r1, [r2, #0x00]
	subs r1, #0x04
	lsls r1, r1, #0x10
	asrs r1, r1, #0x10
	ldr r2, [r7, #0x10]
	ldr r3, [r7, #0x04]
	ldr r4, [r7, #0x08]
	str r4, [sp, #0x000]
	mov r4, r10
	str r4, [sp, #0x004]
	str r5, [sp, #0x008]
	ldr r4, _080C1A28 @ =0x0000FFF0
	str r4, [sp, #0x00C]
	bl func_080023E0
_080C19EA:
	add r0, sp, #0x010
	movs r1, #0x00
	ldsh r0, [r0, r1]
	mov r2, r9
	ldrh r1, [r2, #0x00]
	subs r1, #0x08
	lsls r1, r1, #0x10
	asrs r1, r1, #0x10
	ldr r2, [r7, #0x7C]
	ldr r3, [r7, #0x04]
	ldr r4, [r7, #0x08]
	str r4, [sp, #0x000]
	movs r4, #0x00
	str r4, [sp, #0x004]
	movs r4, #0x80
	lsls r4, r4, #0x03
	str r4, [sp, #0x008]
	movs r4, #0xFF
	lsls r4, r4, #0x08
	str r4, [sp, #0x00C]
	bl func_080023E0
	add sp, #0x014
	pop {r3, r4, r5}
	mov r8, r3
	mov r9, r4
	mov r10, r5
	pop {r4, r5, r6, r7}
	pop {r0}
	bx r0
	.byte 0x00, 0x00
_080C1A28: .4byte 0x0000FFF0
_080C1A2C: .4byte 0x0000FF60
	thumb_func_start task_bos_jf_borderline_3
task_bos_jf_borderline_3: @ 080C1A30
	push {r4, lr}
	adds r4, r0, #0x0
	ldr r0, [r4, #0x04]
	bl func_080028C0
	ldr r0, [r4, #0x08]
	bl func_08002C10
	pop {r4}
	pop {r0}
	bx r0
	.byte 0x00, 0x00
	thumb_func_start func_080C1A48
func_080C1A48: @ 080C1A48
	adds r3, r0, #0x0
	ldr r2, [r3, #0x00]
	movs r1, #0x8E
	lsls r1, r1, #0x02
	adds r0, r2, r1
	ldr r0, [r0, #0x00]
	cmp r0, #0x0B
	bhi _080C1B2E
	lsls r0, r0, #0x02
	ldr r1, _080C1A64 @ =0x080C1A68
	adds r0, r0, r1
	ldr r0, [r0, #0x00]
	mov pc, r0
	.byte 0x00, 0x00
_080C1A64: .4byte 0x080C1A68
	.byte 0x98, 0x1A, 0x0C, 0x08, 0x00, 0x1B, 0x0C, 0x08, 0x00, 0x1B, 0x0C, 0x08, 0xB4, 0x1A, 0x0C, 0x08
	.byte 0xDA, 0x1A, 0x0C, 0x08, 0xDA, 0x1A, 0x0C, 0x08, 0x98, 0x1A, 0x0C, 0x08, 0x98, 0x1A, 0x0C, 0x08
	.byte 0x98, 0x1A, 0x0C, 0x08, 0x98, 0x1A, 0x0C, 0x08, 0x98, 0x1A, 0x0C, 0x08, 0x98, 0x1A, 0x0C, 0x08
	.byte 0x50, 0x6B, 0x91, 0x6B, 0x04, 0x22, 0x10, 0x40, 0x00, 0x21, 0x08, 0x43, 0x00, 0x28, 0x51, 0xD0
	.byte 0x19, 0x1C, 0xA4, 0x31, 0x00, 0x48, 0x51, 0xE0, 0x00, 0xFB, 0xFF, 0xFF, 0x50, 0x6B, 0x91, 0x6B
	.byte 0x04, 0x22, 0x10, 0x40, 0x00, 0x21, 0x08, 0x43, 0x00, 0x28, 0x05, 0xD0, 0x19, 0x1C, 0xA4, 0x31
	.byte 0x00, 0x48, 0x43, 0xE0, 0x00, 0xFF, 0xFF, 0xFF, 0x19, 0x1C, 0xA4, 0x31, 0x80, 0x20, 0x40, 0x00
	.byte 0x3C, 0xE0, 0x50, 0x6B, 0x91, 0x6B, 0x04, 0x22, 0x10, 0x40, 0x00, 0x21, 0x08, 0x43, 0x00, 0x28
	.byte 0x04, 0xD0, 0x19, 0x1C, 0xA4, 0x31, 0x80, 0x20, 0x40, 0x01, 0x2F, 0xE0, 0x19, 0x1C, 0xA4, 0x31
	.byte 0x00, 0x48, 0x2B, 0xE0, 0x00, 0xF0, 0xFF, 0xFF, 0x50, 0x6B, 0x91, 0x6B, 0x04, 0x22, 0x10, 0x40
	.byte 0x00, 0x21, 0x08, 0x43, 0x00, 0x28, 0x05, 0xD0, 0x19, 0x1C, 0xA4, 0x31, 0x00, 0x48, 0x05, 0xE0
	.byte 0x00, 0xF6, 0xFF, 0xFF, 0x19, 0x1C, 0xA4, 0x31, 0xA0, 0x20, 0x00, 0x01, 0x08, 0x60, 0x19, 0x1C
	.byte 0xB5, 0x31, 0x01, 0x20, 0x16, 0xE0
_080C1B2E:
	ldr r0, [r2, #0x34]
	ldr r1, [r2, #0x38]
	movs r2, #0x04
	ands r0, r2
	movs r1, #0x00
	orrs r0, r1
	cmp r0, #0x00
	beq _080C1B4C
	adds r1, r3, #0x0
	adds r1, #0xA4
	ldr r0, _080C1B48 @ =0xFFFFFB00
	b _080C1B54
	.byte 0x00, 0x00
_080C1B48: .4byte 0xFFFFFB00
_080C1B4C:
	adds r1, r3, #0x0
	adds r1, #0xA4
	movs r0, #0xA0
	lsls r0, r0, #0x03
_080C1B54:
	str r0, [r1, #0x00]
	adds r1, r3, #0x0
	adds r1, #0xB5
	movs r0, #0x00
	strb r0, [r1, #0x00]
	bx lr
	thumb_func_start task_bos_dsd_0
task_bos_dsd_0: @ 080C1B60
	push {r4, r5, r6, r7, lr}
	mov r7, r10
	mov r6, r9
	mov r5, r8
	push {r5, r6, r7}
	add sp, #-0x008
	adds r4, r0, #0x0
	movs r0, #0xD6
	lsls r0, r0, #0x02
	adds r5, r4, r0
	movs r0, #0x00
	strh r0, [r5, #0x00]
	cmp r1, #0x00
	beq _080C1B80
	movs r0, #0x10
	strh r0, [r5, #0x00]
_080C1B80:
	movs r1, #0xDF
	lsls r1, r1, #0x02
	adds r6, r4, r1
	adds r0, r6, #0x0
	movs r1, #0x04
	bl func_08000E64
	ldrh r1, [r5, #0x00]
	movs r0, #0x10
	ands r0, r1
	cmp r0, #0x00
	beq _080C1BA8
	ldr r1, _080C1BA4 @ =0x09EF2E78
	adds r0, r6, #0x0
	movs r2, #0x00
	bl func_08000E14
	b _080C1BB6
_080C1BA4: .4byte 0x09EF2E78
_080C1BA8:
	ldr r0, _080C1BE0 @ =0x02039B84
	ldr r0, [r0, #0x00]
	adds r0, #0x40
	ldr r1, _080C1BE4 @ =0x09EF2E78
	adds r2, r4, #0x0
	bl func_08000E14
_080C1BB6:
	movs r2, #0xE4
	lsls r2, r2, #0x02
	adds r0, r4, r2
	movs r1, #0x00
	strh r1, [r0, #0x00]
	ldr r3, _080C1BE8 @ =0x00000392
	adds r0, r4, r3
	strh r1, [r0, #0x00]
	movs r1, #0xD6
	lsls r1, r1, #0x02
	adds r0, r4, r1
	ldrh r1, [r0, #0x00]
	movs r0, #0x10
	ands r0, r1
	cmp r0, #0x00
	beq _080C1BEC
	subs r2, #0x5C
	adds r1, r4, r2
	movs r0, #0x09
	b _080C1BF4
	.byte 0x00, 0x00
_080C1BE0: .4byte 0x02039B84
_080C1BE4: .4byte 0x09EF2E78
_080C1BE8: .4byte 0x00000392
_080C1BEC:
	movs r3, #0xCD
	lsls r3, r3, #0x02
	adds r1, r4, r3
	movs r0, #0x01
_080C1BF4:
	str r0, [r1, #0x00]
	movs r1, #0xCE
	lsls r1, r1, #0x02
	adds r0, r4, r1
	movs r1, #0x01
	str r1, [r0, #0x00]
	movs r2, #0xCC
	lsls r2, r2, #0x02
	adds r0, r4, r2
	str r1, [r0, #0x00]
	movs r3, #0xCF
	lsls r3, r3, #0x02
	adds r0, r4, r3
	movs r1, #0x00
	movs r2, #0x00
	mov r8, r2
	mov r3, r8
	strh r3, [r0, #0x00]
	movs r2, #0xD3
	lsls r2, r2, #0x02
	adds r0, r4, r2
	strh r3, [r0, #0x00]
	ldr r3, _080C1CE0 @ =0x0000034E
	adds r0, r4, r3
	mov r2, r8
	strh r2, [r0, #0x00]
	adds r3, #0x02
	adds r0, r4, r3
	strh r2, [r0, #0x00]
	ldr r2, _080C1CE4 @ =0x00000352
	adds r0, r4, r2
	mov r3, r8
	strh r3, [r0, #0x00]
	adds r2, #0x02
	adds r0, r4, r2
	strh r3, [r0, #0x00]
	ldr r3, _080C1CE8 @ =0x00000356
	adds r0, r4, r3
	mov r2, r8
	strh r2, [r0, #0x00]
	adds r3, #0x04
	adds r0, r4, r3
	strb r1, [r0, #0x00]
	movs r0, #0xD7
	lsls r0, r0, #0x02
	adds r1, r4, r0
	movs r0, #0x33
	negs r0, r0
	str r0, [r1, #0x00]
	movs r1, #0xD6
	lsls r1, r1, #0x02
	adds r0, r4, r1
	ldrh r1, [r0, #0x00]
	movs r0, #0x10
	ands r0, r1
	lsls r0, r0, #0x10
	asrs r0, r0, #0x10
	str r0, [sp, #0x004]
	cmp r0, #0x00
	beq _080C1CFC
	subs r3, #0x1A
	adds r2, r4, r3
	movs r6, #0xDC
	lsls r6, r6, #0x08
	str r6, [r2, #0x00]
	movs r0, #0xD1
	lsls r0, r0, #0x02
	adds r3, r4, r0
	movs r5, #0xB4
	lsls r5, r5, #0x09
	str r5, [r3, #0x00]
	movs r1, #0xD2
	lsls r1, r1, #0x02
	adds r0, r4, r1
	ldr r1, _080C1CEC @ =0xFFFF9C00
	str r1, [r0, #0x00]
	mov r10, r4
	ldr r4, _080C1CF0 @ =0x0961A7B0
	ldr r2, [r2, #0x00]
	ldr r3, [r3, #0x00]
	str r1, [sp, #0x000]
	mov r0, r10
	adds r1, r4, #0x0
	bl func_0801B37C
	movs r2, #0x88
	lsls r2, r2, #0x01
	add r2, r10
	mov r9, r2
	ldr r0, _080C1CF4 @ =0xFFFF7400
	str r0, [sp, #0x000]
	mov r0, r9
	adds r1, r4, #0x0
	adds r2, r6, #0x0
	adds r3, r5, #0x0
	bl func_0801B37C
	movs r7, #0x88
	lsls r7, r7, #0x02
	add r7, r10
	movs r2, #0x90
	lsls r2, r2, #0x08
	mov r3, r8
	str r3, [sp, #0x000]
	adds r0, r7, #0x0
	adds r1, r4, #0x0
	adds r3, r5, #0x0
	bl func_0801B37C
	movs r0, #0xDF
	lsls r0, r0, #0x02
	add r0, r10
	ldr r1, _080C1CF8 @ =0x09EF2E50
	mov r2, r10
	bl func_08000E14
	b _080C1E6E
	.byte 0x00, 0x00
_080C1CE0: .4byte 0x0000034E
_080C1CE4: .4byte 0x00000352
_080C1CE8: .4byte 0x00000356
_080C1CEC: .4byte 0xFFFF9C00
_080C1CF0: .4byte 0x0961A7B0
_080C1CF4: .4byte 0xFFFF7400
_080C1CF8: .4byte 0x09EF2E50
_080C1CFC:
	movs r0, #0xD0
	lsls r0, r0, #0x02
	adds r2, r4, r0
	movs r7, #0xDC
	lsls r7, r7, #0x08
	str r7, [r2, #0x00]
	movs r1, #0xD1
	lsls r1, r1, #0x02
	adds r3, r4, r1
	movs r0, #0xB4
	lsls r0, r0, #0x09
	mov r8, r0
	str r0, [r3, #0x00]
	adds r1, #0x04
	adds r0, r4, r1
	ldr r1, _080C1E80 @ =0xFFFF9C00
	str r1, [r0, #0x00]
	mov r10, r4
	ldr r6, _080C1E84 @ =0x0961A7B0
	ldr r2, [r2, #0x00]
	ldr r3, [r3, #0x00]
	str r1, [sp, #0x000]
	mov r0, r10
	adds r1, r6, #0x0
	bl func_0801B37C
	mov r0, r10
	ldr r2, [r0, #0x34]
	ldr r3, [r0, #0x38]
	ldr r0, _080C1E88 @ =0x01000000
	ldr r1, _080C1E8C @ =0x00000000
	orrs r2, r0
	movs r4, #0x04
	movs r5, #0x00
	adds r0, r2, #0x0
	orrs r0, r4
	adds r1, r3, #0x0
	mov r2, r10
	str r0, [r2, #0x34]
	str r1, [r2, #0x38]
	movs r3, #0x88
	lsls r3, r3, #0x01
	add r3, r10
	mov r9, r3
	ldr r0, _080C1E90 @ =0xFFFF7400
	str r0, [sp, #0x000]
	mov r0, r9
	adds r1, r6, #0x0
	adds r2, r7, #0x0
	mov r3, r8
	bl func_0801B37C
	mov r0, r9
	ldr r2, [r0, #0x34]
	ldr r3, [r0, #0x38]
	orrs r2, r4
	ldr r4, _080C1E94 @ =0x00000400
	ldr r5, _080C1E98 @ =0x00000000
	adds r0, r2, #0x0
	orrs r0, r4
	adds r1, r3, #0x0
	mov r2, r9
	str r0, [r2, #0x34]
	str r1, [r2, #0x38]
	movs r0, #0xD9
	lsls r0, r0, #0x01
	add r0, r10
	mov r3, sp
	ldrh r3, [r3, #0x04]
	strh r3, [r0, #0x00]
	movs r0, #0xD7
	lsls r0, r0, #0x01
	add r0, r10
	movs r1, #0x10
	strh r1, [r0, #0x00]
	movs r0, #0xD8
	lsls r0, r0, #0x01
	add r0, r10
	strh r1, [r0, #0x00]
	movs r0, #0xD6
	lsls r0, r0, #0x01
	add r0, r10
	strh r1, [r0, #0x00]
	movs r7, #0x88
	lsls r7, r7, #0x02
	add r7, r10
	movs r2, #0x90
	lsls r2, r2, #0x08
	ldr r3, [sp, #0x004]
	str r3, [sp, #0x000]
	adds r0, r7, #0x0
	adds r1, r6, #0x0
	mov r3, r8
	bl func_0801B37C
	ldr r0, [r7, #0x34]
	ldr r1, [r7, #0x38]
	ldr r2, _080C1E9C @ =0x01000004
	ldr r3, _080C1EA0 @ =0x003C0000
	orrs r0, r2
	orrs r1, r3
	str r0, [r7, #0x34]
	str r1, [r7, #0x38]
	ldr r0, _080C1EA4 @ =0x000002C2
	add r0, r10
	mov r1, sp
	ldrh r1, [r1, #0x04]
	strh r1, [r0, #0x00]
	ldr r0, _080C1EA8 @ =0x000002BE
	add r0, r10
	movs r2, #0x10
	strh r2, [r0, #0x00]
	movs r0, #0xB0
	lsls r0, r0, #0x02
	add r0, r10
	strh r2, [r0, #0x00]
	movs r1, #0xAF
	lsls r1, r1, #0x02
	add r1, r10
	movs r0, #0x20
	strh r0, [r1, #0x00]
	movs r4, #0x98
	lsls r4, r4, #0x02
	add r4, r10
	adds r0, r4, #0x0
	movs r1, #0x07
	movs r2, #0x10
	movs r3, #0x20
	bl func_080122AC
	ldr r1, [r7, #0x04]
	ldr r2, [r7, #0x08]
	ldr r3, [r7, #0x0C]
	adds r0, r4, #0x0
	bl func_08012324
	adds r0, r4, #0x0
	movs r1, #0x01
	bl func_08012614
	adds r0, r7, #0x0
	mov r1, r9
	bl func_0801BDD4
	ldr r4, _080C1EAC @ =0x02039B84
	ldr r0, [r4, #0x00]
	adds r0, #0xD8
	mov r3, sp
	ldrh r3, [r3, #0x04]
	strh r3, [r0, #0x00]
	movs r0, #0x00
	movs r1, #0x01
	bl func_0801C298
	movs r0, #0xC8
	lsls r0, r0, #0x07
	mov r1, r8
	movs r2, #0x00
	bl func_0801BCC0
	movs r0, #0xA0
	lsls r0, r0, #0x06
	mov r1, r8
	movs r2, #0x00
	bl func_0801C274
	movs r0, #0xDF
	lsls r0, r0, #0x02
	add r0, r10
	ldr r1, _080C1EB0 @ =0x09EF2E50
	mov r2, r10
	bl func_08000E14
	ldr r2, [r4, #0x00]
	adds r1, r2, #0x0
	adds r1, #0xCC
	mov r3, r10
	ldr r0, [r3, #0x04]
	str r0, [r1, #0x00]
	adds r1, #0x04
	ldr r0, [r3, #0x08]
	str r0, [r1, #0x00]
	adds r1, #0x04
	ldr r0, [r3, #0x0C]
	str r0, [r1, #0x00]
_080C1E6E:
	add sp, #0x008
	pop {r3, r4, r5}
	mov r8, r3
	mov r9, r4
	mov r10, r5
	pop {r4, r5, r6, r7}
	pop {r0}
	bx r0
	.byte 0x00, 0x00
_080C1E80: .4byte 0xFFFF9C00
_080C1E84: .4byte 0x0961A7B0
_080C1E88: .4byte 0x01000000
_080C1E8C: .4byte 0x00000000
_080C1E90: .4byte 0xFFFF7400
_080C1E94: .4byte 0x00000400
_080C1E98: .4byte 0x00000000
_080C1E9C: .4byte 0x01000004
_080C1EA0: .4byte 0x003C0000
_080C1EA4: .4byte 0x000002C2
_080C1EA8: .4byte 0x000002BE
_080C1EAC: .4byte 0x02039B84
_080C1EB0: .4byte 0x09EF2E50
	thumb_func_start task_bos_dsd_1
task_bos_dsd_1: @ 080C1EB4
	push {r4, r5, r6, lr}
	adds r4, r0, #0x0
	adds r6, r4, #0x0
	movs r0, #0x88
	lsls r0, r0, #0x01
	adds r5, r4, r0
	movs r1, #0xD6
	lsls r1, r1, #0x02
	adds r0, r4, r1
	ldrh r1, [r0, #0x00]
	movs r0, #0x10
	ands r0, r1
	cmp r0, #0x00
	beq _080C1EDE
	movs r2, #0xDF
	lsls r2, r2, #0x02
	adds r0, r4, r2
	bl func_08000EA4
	movs r0, #0x01
	b _080C20CA
_080C1EDE:
	adds r0, r5, #0x0
	bl func_0801ADAC
	subs r0, #0x01
	cmp r0, #0x07
	bhi _080C1F76
	lsls r0, r0, #0x02
	ldr r1, _080C1EF4 @ =0x080C1EF8
	adds r0, r0, r1
	ldr r0, [r0, #0x00]
	mov pc, r0
_080C1EF4: .4byte 0x080C1EF8
	.byte 0x3C, 0x1F, 0x0C, 0x08, 0x76, 0x1F, 0x0C, 0x08, 0x58, 0x1F, 0x0C, 0x08, 0x62, 0x1F, 0x0C, 0x08
	.byte 0x18, 0x1F, 0x0C, 0x08, 0x3C, 0x1F, 0x0C, 0x08, 0x3C, 0x1F, 0x0C, 0x08, 0x58, 0x1F, 0x0C, 0x08
	.byte 0xCD, 0x20, 0x80, 0x00, 0x21, 0x18, 0x02, 0x20, 0x08, 0x60, 0x68, 0x6B, 0xA9, 0x6B, 0x04, 0x4B
	.byte 0x02, 0x4A, 0x10, 0x43, 0x68, 0x63, 0xA9, 0x63, 0x1C, 0xE0, 0x00, 0x00, 0x00, 0x00, 0x00, 0x01
	.byte 0x00, 0x00, 0x00, 0x00, 0xD6, 0x20, 0x80, 0x00, 0x22, 0x18, 0x11, 0x88, 0x01, 0x20, 0x08, 0x43
	.byte 0x10, 0x80, 0x02, 0x4A, 0xA1, 0x18, 0x14, 0x20, 0x10, 0xE0, 0x00, 0x00, 0x4E, 0x03, 0x00, 0x00
	.byte 0xCD, 0x20, 0x80, 0x00, 0x21, 0x18, 0x0B, 0x20, 0x03, 0xE0, 0xCD, 0x20, 0x80, 0x00, 0x21, 0x18
	.byte 0x08, 0x20, 0x08, 0x60, 0xD4, 0x22, 0x92, 0x00, 0xA1, 0x18, 0x00, 0x20, 0x08, 0x80
_080C1F76:
	movs r0, #0xD6
	lsls r0, r0, #0x02
	adds r2, r4, r0
	ldrh r1, [r2, #0x00]
	movs r0, #0x01
	ands r0, r1
	cmp r0, #0x00
	beq _080C201A
	ldr r0, _080C1FD8 @ =0x0000034E
	adds r1, r4, r0
	ldrh r0, [r1, #0x00]
	subs r0, #0x01
	strh r0, [r1, #0x00]
	lsls r0, r0, #0x10
	cmp r0, #0x00
	bgt _080C201A
	movs r0, #0xD3
	lsls r0, r0, #0x02
	adds r1, r4, r0
	movs r0, #0x00
	strh r0, [r1, #0x00]
	ldrh r1, [r2, #0x00]
	subs r0, #0x02
	ands r0, r1
	strh r0, [r2, #0x00]
	ldr r0, _080C1FDC @ =0x096FB744
	movs r1, #0xA0
	lsls r1, r1, #0x13
	movs r2, #0x20
	bl func_08007E00
	adds r0, r5, #0x0
	bl func_0801AF08
	movs r1, #0x2C
	ldsh r0, [r5, r1]
	cmp r0, #0x00
	ble _080C201A
	movs r2, #0xCD
	lsls r2, r2, #0x02
	adds r0, r4, r2
	ldr r0, [r0, #0x00]
	cmp r0, #0x08
	bhi _080C2008
	lsls r0, r0, #0x02
	ldr r1, _080C1FE0 @ =0x080C1FE4
	adds r0, r0, r1
	ldr r0, [r0, #0x00]
	mov pc, r0
_080C1FD8: .4byte 0x0000034E
_080C1FDC: .4byte 0x096FB744
_080C1FE0: .4byte 0x080C1FE4
	.byte 0x1A, 0x20, 0x0C, 0x08, 0x1A, 0x20, 0x0C, 0x08, 0x08, 0x20, 0x0C, 0x08, 0x08, 0x20, 0x0C, 0x08
	.byte 0x1A, 0x20, 0x0C, 0x08, 0x1A, 0x20, 0x0C, 0x08, 0x08, 0x20, 0x0C, 0x08, 0x08, 0x20, 0x0C, 0x08
	.byte 0x1A, 0x20, 0x0C, 0x08
_080C2008:
	movs r1, #0xCD
	lsls r1, r1, #0x02
	adds r0, r4, r1
	movs r1, #0x00
	str r1, [r0, #0x00]
	movs r2, #0xD4
	lsls r2, r2, #0x02
	adds r0, r4, r2
	strh r1, [r0, #0x00]
_080C201A:
	movs r0, #0x00
	bl func_0801C1C0
	lsls r0, r0, #0x18
	cmp r0, #0x00
	beq _080C2042
	movs r0, #0xD6
	lsls r0, r0, #0x02
	adds r2, r4, r0
	ldrh r1, [r2, #0x00]
	movs r0, #0x08
	orrs r0, r1
	strh r0, [r2, #0x00]
	movs r1, #0xDF
	lsls r1, r1, #0x02
	adds r0, r4, r1
	ldr r1, _080C2068 @ =0x09EF2E90
	adds r2, r4, #0x0
	bl func_08000E14
_080C2042:
	movs r2, #0xCD
	lsls r2, r2, #0x02
	adds r0, r4, r2
	ldr r0, [r0, #0x00]
	cmp r0, #0x04
	bne _080C2082
	ldr r0, _080C206C @ =0x02039B84
	ldr r2, [r0, #0x00]
	ldr r0, [r2, #0x7C]
	ldr r1, [r0, #0x0C]
	ldr r0, _080C2070 @ =0xFFFFF000
	cmp r1, r0
	bgt _080C2078
	adds r1, r2, #0x0
	adds r1, #0xD8
	ldr r0, _080C2074 @ =0x0000FFE2
	strh r0, [r1, #0x00]
	b _080C208C
	.byte 0x00, 0x00
_080C2068: .4byte 0x09EF2E90
_080C206C: .4byte 0x02039B84
_080C2070: .4byte 0xFFFFF000
_080C2074: .4byte 0x0000FFE2
_080C2078:
	adds r1, r2, #0x0
	adds r1, #0xD8
	movs r0, #0x00
	strh r0, [r1, #0x00]
	b _080C208C
_080C2082:
	ldr r0, _080C20C4 @ =0x02039B84
	ldr r0, [r0, #0x00]
	adds r0, #0xD8
	movs r1, #0x00
	strh r1, [r0, #0x00]
_080C208C:
	movs r1, #0xDF
	lsls r1, r1, #0x02
	adds r0, r4, r1
	bl func_08000EA4
	ldr r0, _080C20C4 @ =0x02039B84
	ldr r2, [r0, #0x00]
	adds r1, r2, #0x0
	adds r1, #0xCC
	ldr r0, [r6, #0x04]
	str r0, [r1, #0x00]
	adds r1, #0x04
	ldr r0, [r6, #0x08]
	str r0, [r1, #0x00]
	adds r1, #0x04
	ldr r0, [r6, #0x0C]
	str r0, [r1, #0x00]
	movs r2, #0xD6
	lsls r2, r2, #0x02
	adds r0, r4, r2
	ldrh r1, [r0, #0x00]
	movs r0, #0x02
	ands r0, r1
	cmp r0, #0x00
	bne _080C20C8
	movs r0, #0x01
	b _080C20CA
	.byte 0x00, 0x00
_080C20C4: .4byte 0x02039B84
_080C20C8:
	movs r0, #0x00
_080C20CA:
	pop {r4, r5, r6}
	pop {r1}
	bx r1
	thumb_func_start task_bos_dsd_2
task_bos_dsd_2: @ 080C20D0
	push {lr}
	movs r1, #0xDF
	lsls r1, r1, #0x02
	adds r0, r0, r1
	bl func_08000EE0
	pop {r0}
	bx r0
	thumb_func_start task_bos_dsd_3
task_bos_dsd_3: @ 080C20E0
	push {r4, r5, r6, lr}
	adds r6, r0, #0x0
	movs r0, #0x88
	lsls r0, r0, #0x01
	adds r4, r6, r0
	movs r1, #0x88
	lsls r1, r1, #0x02
	adds r5, r6, r1
	movs r1, #0xDF
	lsls r1, r1, #0x02
	adds r0, r6, r1
	bl func_08000F0C
	movs r1, #0x98
	lsls r1, r1, #0x02
	adds r0, r6, r1
	bl func_08012304
	adds r0, r6, #0x0
	bl func_0801B7D8
	adds r0, r4, #0x0
	bl func_0801B7D8
	adds r0, r5, #0x0
	bl func_0801B7D8
	pop {r4, r5, r6}
	pop {r0}
	bx r0
	thumb_func_start func_080C211C
func_080C211C: @ 080C211C
	push {lr}
	adds r1, r0, #0x0
	lsls r1, r1, #0x18
	lsrs r1, r1, #0x14
	ldr r0, _080C2138 @ =0x09EF2AA4
	adds r1, r1, r0
	movs r0, #0x01
	movs r2, #0x02
	movs r3, #0x02
	bl func_0800516C
	pop {r0}
	bx r0
	.byte 0x00, 0x00
_080C2138: .4byte 0x09EF2AA4
	thumb_func_start func_080C213C
func_080C213C: @ 080C213C
	push {r4, r5, lr}
	adds r4, r0, #0x0
	adds r5, r1, #0x0
	lsls r4, r4, #0x18
	lsrs r4, r4, #0x18
	lsls r5, r5, #0x10
	lsrs r5, r5, #0x10
	lsls r1, r4, #0x04
	ldr r0, _080C2174 @ =0x09EF2AA4
	adds r1, r1, r0
	movs r0, #0x01
	movs r2, #0x02
	movs r3, #0x02
	bl func_0800516C
	ldr r0, _080C2178 @ =0x09EF2D94
	lsls r4, r4, #0x02
	adds r4, r4, r0
	ldr r1, [r4, #0x00]
	lsls r5, r5, #0x15
	lsrs r5, r5, #0x10
	movs r0, #0x01
	adds r2, r5, #0x0
	bl func_080050B8
	pop {r4, r5}
	pop {r0}
	bx r0
_080C2174: .4byte 0x09EF2AA4
_080C2178: .4byte 0x09EF2D94
	thumb_func_start task_bos_dsd_main_0
task_bos_dsd_main_0: @ 080C217C
	push {r4, r5, r6, r7, lr}
	mov r7, r10
	mov r6, r9
	mov r5, r8
	push {r5, r6, r7}
	adds r7, r0, #0x0
	adds r5, r1, #0x0
	movs r0, #0x74
	adds r0, r0, r7
	mov r10, r0
	str r5, [r7, #0x00]
	movs r0, #0x01
	movs r1, #0x01
	bl func_080055C8
	movs r0, #0x00
	movs r1, #0x03
	bl func_080055C8
	ldr r1, [r7, #0x00]
	movs r0, #0xCD
	lsls r0, r0, #0x02
	adds r1, r1, r0
	adds r0, r5, r0
	ldr r0, [r0, #0x00]
	str r0, [r1, #0x00]
	movs r1, #0x00
	mov r9, r1
	mov r2, r9
	strb r2, [r7, #0x08]
	mov r0, r9
	strh r0, [r7, #0x06]
	strh r0, [r7, #0x04]
	strh r0, [r7, #0x0A]
	adds r1, r7, #0x0
	adds r1, #0x54
	movs r0, #0x01
	strb r0, [r1, #0x00]
	mov r1, r9
	str r1, [r7, #0x6C]
	ldr r2, _080C2358 @ =0x02039B84
	ldr r0, [r2, #0x00]
	movs r1, #0xE5
	lsls r1, r1, #0x01
	adds r0, r0, r1
	ldrb r1, [r0, #0x00]
	adds r0, r7, #0x0
	adds r0, #0x70
	strb r1, [r0, #0x00]
	ldr r1, _080C235C @ =0x09EF2AA4
	movs r0, #0x01
	movs r2, #0x02
	movs r3, #0x02
	bl func_0800516C
	ldr r6, _080C2360 @ =0x096983E4
	movs r2, #0x95
	lsls r2, r2, #0x05
	mov r8, r2
	adds r0, r6, #0x0
	mov r1, r8
	bl func_080026A4
	str r0, [r7, #0x0C]
	adds r4, r7, #0x0
	adds r4, #0x1C
	ldr r1, _080C2364 @ =0x09EF3C34
	ldr r2, _080C2368 @ =0x09EF3C20
	adds r0, r4, #0x0
	bl func_08005968
	adds r0, r4, #0x0
	movs r1, #0x00
	movs r2, #0x01
	bl func_080059A4
	adds r0, r4, #0x0
	bl func_08005AFC
	str r0, [r7, #0x14]
	adds r0, r6, #0x0
	mov r1, r8
	bl func_080026A4
	str r0, [r7, #0x10]
	adds r4, #0x18
	ldr r1, _080C236C @ =0x09EF3C4C
	ldr r2, _080C2370 @ =0x09EF3C38
	adds r0, r4, #0x0
	bl func_08005968
	adds r0, r4, #0x0
	movs r1, #0x00
	movs r2, #0x01
	bl func_080059A4
	adds r0, r4, #0x0
	bl func_08005AFC
	str r0, [r7, #0x18]
	ldr r0, _080C2374 @ =0x096FB8C4
	movs r1, #0x20
	bl func_08002A14
	str r0, [r7, #0x4C]
	ldr r0, _080C2378 @ =0x08F69BC4
	movs r1, #0x20
	bl func_08002A14
	str r0, [r7, #0x50]
	movs r0, #0x80
	lsls r0, r0, #0x04
	ldr r1, _080C237C @ =0x096A2F04
	bl func_080028F8
	ldr r1, [r7, #0x00]
	movs r2, #0xD8
	lsls r2, r2, #0x02
	adds r1, r1, r2
	str r0, [r1, #0x00]
	ldr r0, _080C2380 @ =0x096FB8E4
	movs r1, #0x20
	bl func_08002A14
	ldr r1, [r7, #0x00]
	movs r2, #0xD9
	lsls r2, r2, #0x02
	adds r1, r1, r2
	str r0, [r1, #0x00]
	ldr r0, _080C2384 @ =0x096869A4
	movs r1, #0xE8
	lsls r1, r1, #0x03
	bl func_080026A4
	ldr r1, [r7, #0x00]
	movs r2, #0xDA
	lsls r2, r2, #0x02
	adds r1, r1, r2
	str r0, [r1, #0x00]
	ldr r0, _080C2388 @ =0x096FB864
	movs r1, #0x20
	bl func_08002A14
	ldr r1, [r7, #0x00]
	movs r2, #0xDB
	lsls r2, r2, #0x02
	adds r1, r1, r2
	str r0, [r1, #0x00]
	ldr r0, _080C238C @ =0x096FB884
	movs r1, #0x20
	bl func_08002A14
	ldr r1, [r7, #0x00]
	movs r2, #0xDC
	lsls r2, r2, #0x02
	adds r1, r1, r2
	str r0, [r1, #0x00]
	ldr r0, _080C2390 @ =0x08B22CE4
	movs r1, #0x80
	lsls r1, r1, #0x02
	bl func_080026A4
	ldr r1, [r7, #0x00]
	movs r2, #0xDD
	lsls r2, r2, #0x02
	adds r1, r1, r2
	str r0, [r1, #0x00]
	ldr r0, _080C2394 @ =0x08F69BA4
	movs r1, #0x20
	bl func_08002A14
	ldr r1, [r7, #0x00]
	movs r2, #0xDE
	lsls r2, r2, #0x02
	adds r1, r1, r2
	str r0, [r1, #0x00]
	movs r0, #0xDC
	lsls r0, r0, #0x08
	mov r1, r10
	str r0, [r1, #0x04]
	movs r0, #0xB4
	lsls r0, r0, #0x09
	str r0, [r1, #0x08]
	mov r2, r9
	str r2, [r1, #0x0C]
	adds r4, #0x80
	adds r0, r4, #0x0
	movs r1, #0x08
	movs r2, #0x18
	movs r3, #0x64
	bl func_080122AC
	mov r0, r10
	ldr r1, [r0, #0x04]
	ldr r2, [r0, #0x08]
	ldr r3, [r0, #0x0C]
	adds r0, r4, #0x0
	bl func_08012324
	ldr r1, _080C2358 @ =0x02039B84
	ldr r3, [r1, #0x00]
	ldr r1, [r3, #0x00]
	ldr r0, [r5, #0x04]
	subs r1, r1, r0
	asrs r1, r1, #0x08
	adds r1, #0x64
	lsls r1, r1, #0x10
	lsrs r1, r1, #0x10
	ldr r0, [r5, #0x08]
	ldr r2, [r5, #0x0C]
	adds r0, r0, r2
	ldr r2, [r3, #0x04]
	subs r2, r2, r0
	asrs r2, r2, #0x08
	movs r0, #0x8C
	lsls r0, r0, #0x01
	adds r2, r2, r0
	lsls r2, r2, #0x10
	lsrs r2, r2, #0x10
	movs r0, #0x01
	bl func_08005244
	adds r0, r7, #0x0
	adds r0, #0x58
	movs r1, #0x0A
	bl func_08000E64
	adds r0, r7, #0x0
	bl func_080C2828
	pop {r3, r4, r5}
	mov r8, r3
	mov r9, r4
	mov r10, r5
	pop {r4, r5, r6, r7}
	pop {r0}
	bx r0
	.byte 0x00, 0x00
_080C2358: .4byte 0x02039B84
_080C235C: .4byte 0x09EF2AA4
_080C2360: .4byte 0x096983E4
_080C2364: .4byte 0x09EF3C34
_080C2368: .4byte 0x09EF3C20
_080C236C: .4byte 0x09EF3C4C
_080C2370: .4byte 0x09EF3C38
_080C2374: .4byte 0x096FB8C4
_080C2378: .4byte 0x08F69BC4
_080C237C: .4byte 0x096A2F04
_080C2380: .4byte 0x096FB8E4
_080C2384: .4byte 0x096869A4
_080C2388: .4byte 0x096FB864
_080C238C: .4byte 0x096FB884
_080C2390: .4byte 0x08B22CE4
_080C2394: .4byte 0x08F69BA4
	thumb_func_start task_bos_dsd_main_1
task_bos_dsd_main_1: @ 080C2398
	push {r4, r5, r6, lr}
	adds r4, r0, #0x0
	ldr r5, [r4, #0x00]
	adds r6, r4, #0x0
	adds r6, #0x74
	bl func_080C2734
	ldr r0, [r4, #0x00]
	movs r1, #0xCD
	lsls r1, r1, #0x02
	adds r0, r0, r1
	ldr r0, [r0, #0x00]
	cmp r0, #0x0B
	bls _080C23B6
	b _080C24D2
_080C23B6:
	lsls r0, r0, #0x02
	ldr r1, _080C23C0 @ =0x080C23C4
	adds r0, r0, r1
	ldr r0, [r0, #0x00]
	mov pc, r0
_080C23C0: .4byte 0x080C23C4
	.byte 0xF4, 0x23, 0x0C, 0x08, 0x0C, 0x24, 0x0C, 0x08, 0x24, 0x24, 0x0C, 0x08, 0x3C, 0x24, 0x0C, 0x08
	.byte 0x54, 0x24, 0x0C, 0x08, 0x6C, 0x24, 0x0C, 0x08, 0x84, 0x24, 0x0C, 0x08, 0x9C, 0x24, 0x0C, 0x08
	.byte 0xB4, 0x24, 0x0C, 0x08, 0xBC, 0x24, 0x0C, 0x08, 0xC4, 0x24, 0x0C, 0x08, 0xCC, 0x24, 0x0C, 0x08
	.byte 0x21, 0x68, 0xCC, 0x22, 0x92, 0x00, 0x88, 0x18, 0x04, 0x32, 0x89, 0x18, 0x09, 0x68, 0x01, 0x60
	.byte 0x20, 0x1C, 0x00, 0xF0, 0xD3, 0xFB, 0x62, 0xE0, 0x21, 0x68, 0xCC, 0x22, 0x92, 0x00, 0x88, 0x18
	.byte 0x04, 0x32, 0x89, 0x18, 0x09, 0x68, 0x01, 0x60, 0x20, 0x1C, 0x00, 0xF0, 0x91, 0xFA, 0x56, 0xE0
	.byte 0x21, 0x68, 0xCC, 0x22, 0x92, 0x00, 0x88, 0x18, 0x04, 0x32, 0x89, 0x18, 0x09, 0x68, 0x01, 0x60
	.byte 0x20, 0x1C, 0x00, 0xF0, 0xF9, 0xFA, 0x4A, 0xE0, 0x21, 0x68, 0xCC, 0x22, 0x92, 0x00, 0x88, 0x18
	.byte 0x04, 0x32, 0x89, 0x18, 0x09, 0x68, 0x01, 0x60, 0x20, 0x1C, 0x00, 0xF0, 0x37, 0xFC, 0x3E, 0xE0
	.byte 0x21, 0x68, 0xCC, 0x22, 0x92, 0x00, 0x88, 0x18, 0x04, 0x32, 0x89, 0x18, 0x09, 0x68, 0x01, 0x60
	.byte 0x20, 0x1C, 0x00, 0xF0, 0xB7, 0xFD, 0x32, 0xE0, 0x21, 0x68, 0xCC, 0x22, 0x92, 0x00, 0x88, 0x18
	.byte 0x04, 0x32, 0x89, 0x18, 0x09, 0x68, 0x01, 0x60, 0x20, 0x1C, 0x00, 0xF0, 0x83, 0xFE, 0x26, 0xE0
	.byte 0x21, 0x68, 0xCC, 0x22, 0x92, 0x00, 0x88, 0x18, 0x04, 0x32, 0x89, 0x18, 0x09, 0x68, 0x01, 0x60
	.byte 0x20, 0x1C, 0x01, 0xF0, 0x6D, 0xF8, 0x1A, 0xE0, 0x21, 0x68, 0xCC, 0x22, 0x92, 0x00, 0x88, 0x18
	.byte 0x04, 0x32, 0x89, 0x18, 0x09, 0x68, 0x01, 0x60, 0x20, 0x1C, 0x01, 0xF0, 0x51, 0xF9, 0x0E, 0xE0
	.byte 0x20, 0x1C, 0x01, 0xF0, 0xD9, 0xF9, 0x0A, 0xE0, 0x20, 0x1C, 0x01, 0xF0, 0xB9, 0xFB, 0x06, 0xE0
	.byte 0x20, 0x1C, 0x01, 0xF0, 0xCF, 0xF9, 0x02, 0xE0, 0x20, 0x1C, 0x01, 0xF0, 0x2B, 0xFA
_080C24D2:
	adds r0, r5, #0x0
	adds r0, #0x40
	ldr r1, [r5, #0x04]
	ldr r2, [r5, #0x08]
	ldr r3, [r5, #0x0C]
	bl func_08012324
	adds r0, r6, #0x0
	adds r0, #0x40
	ldr r1, [r6, #0x04]
	ldr r2, [r6, #0x08]
	ldr r3, [r6, #0x0C]
	bl func_08012324
	adds r0, r4, #0x0
	adds r0, #0x58
	bl func_08000EA4
	ldr r0, _080C2510 @ =0x02039B84
	ldr r0, [r0, #0x00]
	movs r1, #0xE5
	lsls r1, r1, #0x01
	adds r0, r0, r1
	ldrb r1, [r0, #0x00]
	adds r0, r4, #0x0
	adds r0, #0x70
	strb r1, [r0, #0x00]
	movs r0, #0x01
	pop {r4, r5, r6}
	pop {r1}
	bx r1
_080C2510: .4byte 0x02039B84
	thumb_func_start task_bos_dsd_main_2
task_bos_dsd_main_2: @ 080C2514
	push {r4, r5, r6, r7, lr}
	mov r7, r10
	mov r6, r9
	mov r5, r8
	push {r5, r6, r7}
	add sp, #-0x014
	adds r7, r0, #0x0
	ldr r0, [r7, #0x00]
	mov r9, r0
	ldr r0, _080C2544 @ =0x02039B84
	ldr r0, [r0, #0x00]
	adds r0, #0x70
	ldrb r0, [r0, #0x00]
	cmp r0, #0x00
	beq _080C254C
	ldr r0, _080C2548 @ =0x096FB744
	movs r1, #0xA0
	lsls r1, r1, #0x13
	movs r2, #0x20
	bl func_08007E00
	ldr r1, [r7, #0x4C]
	mov r10, r1
	b _080C25A0
_080C2544: .4byte 0x02039B84
_080C2548: .4byte 0x096FB744
_080C254C:
	movs r0, #0xD6
	lsls r0, r0, #0x02
	add r0, r9
	ldrh r1, [r0, #0x00]
	movs r2, #0x01
	adds r0, r2, #0x0
	ands r0, r1
	cmp r0, #0x00
	beq _080C259C
	ldr r0, _080C257C @ =0x03007480
	ldr r0, [r0, #0x00]
	ands r0, r2
	cmp r0, #0x00
	beq _080C2584
	ldr r0, _080C2580 @ =0x08F69BC4
	movs r1, #0xA0
	lsls r1, r1, #0x13
	movs r2, #0x20
	bl func_08007E00
	ldr r2, [r7, #0x50]
	mov r10, r2
	b _080C25A0
	.byte 0x00, 0x00
_080C257C: .4byte 0x03007480
_080C2580: .4byte 0x08F69BC4
_080C2584:
	ldr r0, _080C2598 @ =0x096FB744
	movs r1, #0xA0
	lsls r1, r1, #0x13
	movs r2, #0x20
	bl func_08007E00
	ldr r4, [r7, #0x4C]
	mov r10, r4
	b _080C25A0
	.byte 0x00, 0x00
_080C2598: .4byte 0x096FB744
_080C259C:
	ldr r5, [r7, #0x4C]
	mov r10, r5
_080C25A0:
	ldr r0, _080C2690 @ =0x02039B84
	ldr r3, [r0, #0x00]
	ldr r1, [r3, #0x00]
	mov r6, r9
	ldr r0, [r6, #0x04]
	subs r1, r1, r0
	asrs r1, r1, #0x08
	adds r1, #0x64
	lsls r1, r1, #0x10
	lsrs r1, r1, #0x10
	ldr r0, [r6, #0x08]
	ldr r2, [r6, #0x0C]
	adds r0, r0, r2
	ldr r2, [r3, #0x04]
	subs r2, r2, r0
	asrs r2, r2, #0x08
	movs r0, #0x8C
	lsls r0, r0, #0x01
	adds r2, r2, r0
	lsls r2, r2, #0x10
	lsrs r2, r2, #0x10
	movs r0, #0x01
	bl func_08005244
	adds r0, r7, #0x0
	adds r0, #0x54
	ldrb r0, [r0, #0x00]
	lsls r0, r0, #0x18
	asrs r0, r0, #0x18
	cmp r0, #0x01
	bne _080C2678
	ldr r0, [r6, #0x08]
	bl func_0801AF1C
	mov r6, sp
	adds r6, #0x12
	mov r1, r9
	ldr r2, [r1, #0x04]
	ldr r3, [r1, #0x08]
	ldr r0, _080C2694 @ =0xFFFF9C00
	str r0, [sp, #0x000]
	add r0, sp, #0x010
	adds r1, r6, #0x0
	bl func_0801909C
	add r0, sp, #0x010
	ldrh r0, [r0, #0x00]
	subs r0, #0x60
	lsls r0, r0, #0x10
	asrs r0, r0, #0x10
	ldrh r1, [r6, #0x00]
	adds r1, #0x14
	lsls r1, r1, #0x10
	asrs r1, r1, #0x10
	ldr r2, [r7, #0x14]
	ldr r3, [r7, #0x0C]
	mov r4, r10
	str r4, [sp, #0x000]
	movs r5, #0x00
	mov r8, r5
	str r5, [sp, #0x004]
	movs r4, #0x80
	lsls r4, r4, #0x03
	str r4, [sp, #0x008]
	mov r4, r9
	ldr r5, [r4, #0x08]
	asrs r5, r5, #0x08
	lsls r5, r5, #0x02
	mov r12, r5
	ldr r5, _080C2698 @ =0xFFFFEFFB
	adds r4, r5, #0x0
	mov r5, r12
	subs r4, r4, r5
	lsls r4, r4, #0x10
	lsrs r4, r4, #0x10
	str r4, [sp, #0x00C]
	bl func_080023E0
	add r0, sp, #0x010
	ldrh r0, [r0, #0x00]
	subs r0, #0x60
	lsls r0, r0, #0x10
	asrs r0, r0, #0x10
	ldrh r1, [r6, #0x00]
	adds r1, #0x14
	lsls r1, r1, #0x10
	asrs r1, r1, #0x10
	ldr r2, [r7, #0x18]
	ldr r3, [r7, #0x10]
	mov r6, r10
	str r6, [sp, #0x000]
	mov r4, r8
	str r4, [sp, #0x004]
	movs r4, #0x80
	lsls r4, r4, #0x04
	str r4, [sp, #0x008]
	mov r6, r9
	ldr r5, [r6, #0x08]
	asrs r5, r5, #0x08
	lsls r5, r5, #0x02
	ldr r6, _080C269C @ =0xFFFFEFFD
	adds r4, r6, #0x0
	subs r4, r4, r5
	lsls r4, r4, #0x10
	lsrs r4, r4, #0x10
	str r4, [sp, #0x00C]
	bl func_080023E0
_080C2678:
	adds r0, r7, #0x0
	adds r0, #0x58
	bl func_08000EE0
	add sp, #0x014
	pop {r3, r4, r5}
	mov r8, r3
	mov r9, r4
	mov r10, r5
	pop {r4, r5, r6, r7}
	pop {r0}
	bx r0
_080C2690: .4byte 0x02039B84
_080C2694: .4byte 0xFFFF9C00
_080C2698: .4byte 0xFFFFEFFB
_080C269C: .4byte 0xFFFFEFFD
	thumb_func_start task_bos_dsd_main_3
task_bos_dsd_main_3: @ 080C26A0
	push {r4, lr}
	adds r4, r0, #0x0
	ldr r0, [r4, #0x0C]
	bl func_080028C0
	ldr r0, [r4, #0x10]
	bl func_080028C0
	ldr r0, [r4, #0x4C]
	bl func_08002C10
	ldr r0, [r4, #0x50]
	bl func_08002C10
	ldr r0, [r4, #0x00]
	movs r1, #0xD8
	lsls r1, r1, #0x02
	adds r0, r0, r1
	ldr r0, [r0, #0x00]
	bl func_080028C0
	ldr r0, [r4, #0x00]
	movs r1, #0xD9
	lsls r1, r1, #0x02
	adds r0, r0, r1
	ldr r0, [r0, #0x00]
	bl func_08002C10
	ldr r0, [r4, #0x00]
	movs r1, #0xDA
	lsls r1, r1, #0x02
	adds r0, r0, r1
	ldr r0, [r0, #0x00]
	bl func_080028C0
	ldr r0, [r4, #0x00]
	movs r1, #0xDB
	lsls r1, r1, #0x02
	adds r0, r0, r1
	ldr r0, [r0, #0x00]
	bl func_08002C10
	ldr r0, [r4, #0x00]
	movs r1, #0xDC
	lsls r1, r1, #0x02
	adds r0, r0, r1
	ldr r0, [r0, #0x00]
	bl func_08002C10
	ldr r0, [r4, #0x00]
	movs r1, #0xDD
	lsls r1, r1, #0x02
	adds r0, r0, r1
	ldr r0, [r0, #0x00]
	bl func_080028C0
	ldr r0, [r4, #0x00]
	movs r1, #0xDE
	lsls r1, r1, #0x02
	adds r0, r0, r1
	ldr r0, [r0, #0x00]
	bl func_08002C10
	adds r0, r4, #0x0
	adds r0, #0xB4
	bl func_08012304
	adds r4, #0x58
	adds r0, r4, #0x0
	bl func_08000F0C
	pop {r4}
	pop {r0}
	bx r0
	thumb_func_start func_080C2734
func_080C2734: @ 080C2734
	push {r4, r5, r6, lr}
	adds r4, r0, #0x0
	ldr r0, [r4, #0x00]
	movs r1, #0x88
	lsls r1, r1, #0x01
	adds r0, r0, r1
	movs r2, #0x2C
	ldsh r0, [r0, r2]
	cmp r0, #0x00
	ble _080C2822
	bl func_080065A4
	lsls r0, r0, #0x10
	lsrs r0, r0, #0x10
	movs r1, #0x1E
	bl func_0811D7CC
	lsls r0, r0, #0x10
	cmp r0, #0x00
	bne _080C2768
	adds r0, r4, #0x0
	adds r0, #0x58
	ldr r1, _080C27D8 @ =0x09EF2EA8
	ldr r2, [r4, #0x00]
	bl func_08000E14
_080C2768:
	ldr r2, [r4, #0x00]
	movs r6, #0xD6
	lsls r6, r6, #0x02
	adds r3, r2, r6
	ldrh r1, [r3, #0x00]
	movs r0, #0x20
	ands r0, r1
	adds r1, r2, #0x0
	ldr r5, _080C27DC @ =0x02039B84
	cmp r0, #0x00
	bne _080C2790
	ldr r0, [r5, #0x00]
	ldr r2, [r0, #0x7C]
	movs r0, #0xD7
	lsls r0, r0, #0x02
	adds r1, r1, r0
	ldr r0, [r2, #0x04]
	ldr r1, [r1, #0x00]
	adds r0, r0, r1
	str r0, [r2, #0x04]
_080C2790:
	adds r0, r4, #0x0
	adds r0, #0x70
	ldr r1, [r5, #0x00]
	movs r2, #0xE5
	lsls r2, r2, #0x01
	adds r2, r2, r1
	mov r12, r2
	ldrb r0, [r0, #0x00]
	lsls r0, r0, #0x18
	asrs r0, r0, #0x18
	movs r1, #0x00
	ldsb r1, [r2, r1]
	cmp r0, r1
	beq _080C2818
	cmp r1, #0x00
	ble _080C27F2
	ldr r1, [r4, #0x00]
	adds r1, r1, r6
	ldrh r2, [r1, #0x00]
	movs r0, #0x40
	orrs r0, r2
	strh r0, [r1, #0x00]
	mov r1, r12
	movs r0, #0x00
	ldsb r0, [r1, r0]
	cmp r0, #0x0E
	ble _080C27E0
	ldr r0, [r4, #0x00]
	movs r2, #0xD7
	lsls r2, r2, #0x02
	adds r0, r0, r2
	movs r1, #0xC0
	lsls r1, r1, #0x01
	str r1, [r0, #0x00]
	b _080C2822
	.byte 0x00, 0x00
_080C27D8: .4byte 0x09EF2EA8
_080C27DC: .4byte 0x02039B84
_080C27E0:
	ldr r4, [r4, #0x00]
	movs r0, #0xD7
	lsls r0, r0, #0x02
	adds r4, r4, r0
	mov r1, r12
	movs r0, #0x00
	ldsb r0, [r1, r0]
	lsls r0, r0, #0x08
	b _080C280E
_080C27F2:
	cmp r1, #0x00
	bge _080C2818
	ldrh r1, [r3, #0x00]
	movs r0, #0x40
	orrs r0, r1
	strh r0, [r3, #0x00]
	ldr r4, [r4, #0x00]
	movs r2, #0xD7
	lsls r2, r2, #0x02
	adds r4, r4, r2
	mov r1, r12
	movs r0, #0x00
	ldsb r0, [r1, r0]
	lsls r0, r0, #0x09
_080C280E:
	movs r1, #0x0A
	bl func_0811D5EC
	str r0, [r4, #0x00]
	b _080C2822
_080C2818:
	ldrh r1, [r3, #0x00]
	movs r0, #0x41
	negs r0, r0
	ands r0, r1
	strh r0, [r3, #0x00]
_080C2822:
	pop {r4, r5, r6}
	pop {r0}
	bx r0
	thumb_func_start func_080C2828
func_080C2828: @ 080C2828
	push {r4, r5, r6, lr}
	adds r5, r0, #0x0
	ldr r6, [r5, #0x00]
	movs r0, #0x88
	lsls r0, r0, #0x01
	adds r4, r6, r0
	movs r1, #0xD5
	lsls r1, r1, #0x02
	adds r0, r6, r1
	movs r1, #0x00
	strh r1, [r0, #0x00]
	strh r1, [r5, #0x0A]
	ldr r0, [r5, #0x00]
	ldr r2, _080C2880 @ =0x00000356
	adds r0, r0, r2
	strh r1, [r0, #0x00]
	movs r0, #0x00
	movs r1, #0x60
	bl func_080C213C
	adds r1, r5, #0x0
	adds r1, #0x54
	movs r0, #0x01
	strb r0, [r1, #0x00]
	adds r0, r5, #0x0
	adds r0, #0x1C
	movs r1, #0x00
	movs r2, #0x01
	bl func_080059A4
	adds r0, r5, #0x0
	adds r0, #0x34
	movs r1, #0x00
	movs r2, #0x01
	bl func_080059A4
	ldr r0, _080C2884 @ =0xFFFF9C00
	str r0, [r6, #0x0C]
	ldr r0, _080C2888 @ =0xFFFF7400
	str r0, [r4, #0x0C]
	pop {r4, r5, r6}
	pop {r0}
	bx r0
	.byte 0x00, 0x00
_080C2880: .4byte 0x00000356
_080C2884: .4byte 0xFFFF9C00
_080C2888: .4byte 0xFFFF7400
	thumb_func_start func_080C288C
func_080C288C: @ 080C288C
	push {r4, r5, r6, r7, lr}
	adds r4, r0, #0x0
	ldr r5, [r4, #0x00]
	movs r0, #0x88
	lsls r0, r0, #0x01
	adds r7, r5, r0
	ldr r1, _080C2938 @ =0x00000356
	adds r2, r5, r1
	ldr r1, _080C293C @ =0x0961A7D0
	movs r6, #0xD5
	lsls r6, r6, #0x02
	adds r0, r5, r6
	movs r3, #0x00
	ldsh r0, [r0, r3]
	lsls r0, r0, #0x01
	adds r0, r0, r1
	movs r3, #0x00
	ldsh r1, [r2, r3]
	movs r3, #0x00
	ldsh r0, [r0, r3]
	cmp r1, r0
	blt _080C2912
	movs r0, #0x00
	strh r0, [r2, #0x00]
	ldr r1, [r4, #0x00]
	adds r1, r1, r6
	ldrh r0, [r1, #0x00]
	adds r0, #0x01
	strh r0, [r1, #0x00]
	ldr r0, [r4, #0x00]
	adds r2, r0, r6
	movs r0, #0x00
	ldsh r1, [r2, r0]
	movs r3, #0x0A
	ldsh r0, [r4, r3]
	adds r0, #0x07
	cmp r1, r0
	ble _080C28DC
	ldrh r0, [r4, #0x0A]
	strh r0, [r2, #0x00]
_080C28DC:
	ldr r0, [r4, #0x00]
	adds r0, r0, r6
	ldrb r0, [r0, #0x00]
	movs r1, #0x60
	bl func_080C213C
	ldr r3, _080C2940 @ =0x0961A82E
	ldr r2, [r4, #0x00]
	adds r2, r2, r6
	movs r1, #0x00
	ldsh r0, [r2, r1]
	adds r0, r0, r3
	movs r1, #0x00
	ldsb r1, [r0, r1]
	lsls r1, r1, #0x08
	ldr r0, [r5, #0x0C]
	adds r0, r0, r1
	str r0, [r5, #0x0C]
	movs r1, #0x00
	ldsh r0, [r2, r1]
	adds r0, r0, r3
	movs r1, #0x00
	ldsb r1, [r0, r1]
	lsls r1, r1, #0x08
	ldr r0, [r7, #0x0C]
	adds r0, r0, r1
	str r0, [r7, #0x0C]
_080C2912:
	ldr r1, [r4, #0x00]
	ldr r3, _080C2938 @ =0x00000356
	adds r1, r1, r3
	ldrh r0, [r1, #0x00]
	adds r0, #0x01
	strh r0, [r1, #0x00]
	adds r0, r4, #0x0
	adds r0, #0x1C
	bl func_08005A64
	str r0, [r4, #0x14]
	adds r0, r4, #0x0
	adds r0, #0x34
	bl func_08005A64
	str r0, [r4, #0x18]
	pop {r4, r5, r6, r7}
	pop {r0}
	bx r0
_080C2938: .4byte 0x00000356
_080C293C: .4byte 0x0961A7D0
_080C2940: .4byte 0x0961A82E
	.byte 0x10, 0xB5, 0x04, 0x1C, 0xFF, 0xF7, 0xA0, 0xFF, 0x0A, 0x48, 0x00, 0x68, 0xA0, 0x30, 0x00, 0x68
	.byte 0x00, 0x28, 0x0C, 0xD0, 0x43, 0xF7, 0x24, 0xFE, 0x00, 0x04, 0x00, 0x0C, 0x50, 0x21, 0x5A, 0xF0
	.byte 0x33, 0xFF, 0x00, 0x04, 0x00, 0x28, 0x02, 0xD1, 0x20, 0x1C, 0x01, 0xF0, 0x67, 0xF9, 0x10, 0xBC
	.byte 0x01, 0xBC, 0x00, 0x47, 0x84, 0x9B, 0x03, 0x02
	thumb_func_start func_080C297C
func_080C297C: @ 080C297C
	push {r4, r5, r6, lr}
	mov r6, r8
	push {r6}
	adds r4, r1, #0x0
	mov r8, r2
	adds r5, r3, #0x0
	ldr r6, [r0, #0x00]
	movs r0, #0x88
	lsls r0, r0, #0x01
	adds r6, r6, r0
	movs r0, #0x00
	movs r1, #0x00
	bl func_080062F4
	movs r0, #0x13
	movs r1, #0x00
	bl func_080062F4
	movs r0, #0x00
	movs r1, #0x14
	movs r2, #0x08
	bl func_08006238
	ldr r0, _080C29E0 @ =0xFFFFEC00
	adds r4, r4, r0
	ldr r0, _080C29E4 @ =0xFFFFF600
	adds r5, r5, r0
	movs r3, #0x80
	lsls r3, r3, #0x01
	adds r0, r4, #0x0
	mov r1, r8
	adds r2, r5, #0x0
	bl func_08018B04
	ldr r0, _080C29E8 @ =0x000002D1
	bl func_0811FE70
	ldr r0, [r6, #0x34]
	ldr r1, [r6, #0x38]
	ldr r2, _080C29EC @ =0x01000000
	ldr r3, _080C29F0 @ =0x00000000
	orrs r0, r2
	str r0, [r6, #0x34]
	str r1, [r6, #0x38]
	pop {r3}
	mov r8, r3
	pop {r4, r5, r6}
	pop {r0}
	bx r0
	.byte 0x00, 0x00
_080C29E0: .4byte 0xFFFFEC00
_080C29E4: .4byte 0xFFFFF600
_080C29E8: .4byte 0x000002D1
_080C29EC: .4byte 0x01000000
_080C29F0: .4byte 0x00000000
	thumb_func_start func_080C29F4
func_080C29F4: @ 080C29F4
	push {r4, lr}
	ldr r4, [r0, #0x00]
	movs r0, #0x88
	lsls r0, r0, #0x01
	adds r4, r4, r0
	movs r0, #0x00
	movs r1, #0x08
	bl func_080061E8
	movs r0, #0x00
	movs r1, #0x01
	bl func_080062F4
	movs r0, #0x13
	movs r1, #0x01
	bl func_080062F4
	ldr r0, [r4, #0x34]
	ldr r1, [r4, #0x38]
	ldr r2, _080C2A28 @ =0xFEFFFFFF
	ands r0, r2
	str r0, [r4, #0x34]
	str r1, [r4, #0x38]
	pop {r4}
	pop {r0}
	bx r0
_080C2A28: .4byte 0xFEFFFFFF
	.byte 0xF0, 0xB5, 0x82, 0xB0, 0x05, 0x1C, 0x28, 0x68, 0x88, 0x21, 0x49, 0x00, 0x47, 0x18, 0x29, 0x1C
	.byte 0x74, 0x31, 0xD4, 0x26, 0xB6, 0x00, 0x82, 0x19, 0x00, 0x23, 0xD4, 0x5E, 0x01, 0x2C, 0x13, 0xD0
	.byte 0x01, 0x2C, 0x02, 0xDC, 0x00, 0x2C, 0x05, 0xD0, 0x6D, 0xE0, 0x02, 0x2C, 0x1E, 0xD0, 0x03, 0x2C
	.byte 0x5C, 0xD0, 0x68, 0xE0, 0x41, 0x68, 0x82, 0x68, 0xC3, 0x68, 0x28, 0x1C, 0xFF, 0xF7, 0x88, 0xFF
	.byte 0xEC, 0x80, 0x29, 0x68, 0x89, 0x19, 0x4B, 0xE0, 0xE8, 0x88, 0x01, 0x30, 0xE8, 0x80, 0x00, 0x04
	.byte 0x00, 0x14, 0x0B, 0x28, 0x00, 0xDC, 0x8F, 0xE0, 0x01, 0x20, 0x42, 0xF7, 0xC9, 0xFA, 0x29, 0x1C
	.byte 0x54, 0x31, 0x00, 0x20, 0x08, 0x70, 0x29, 0x68, 0x89, 0x19, 0x39, 0xE0, 0xCE, 0x21, 0x89, 0x00
	.byte 0x40, 0x18, 0x00, 0x68, 0x06, 0x28, 0x11, 0xD0, 0x06, 0x28, 0x02, 0xD9, 0x07, 0x28, 0x1D, 0xD0
	.byte 0x28, 0xE0, 0x04, 0x28, 0x26, 0xD3, 0x28, 0x1C, 0x58, 0x30, 0xB2, 0x23, 0x9B, 0x00, 0x08, 0x21
	.byte 0x00, 0x91, 0x01, 0x49, 0x09, 0xE0, 0x00, 0x00, 0x84, 0x96, 0x69, 0x09, 0x28, 0x1C, 0x58, 0x30
	.byte 0xA0, 0x23, 0x9B, 0x00, 0x08, 0x21, 0x00, 0x91, 0x03, 0x49, 0x01, 0x91, 0x01, 0x21, 0x00, 0x22
	.byte 0x5A, 0xF7, 0x72, 0xFB, 0x0E, 0xE0, 0x00, 0x00, 0x44, 0x3F, 0x6A, 0x09, 0x28, 0x1C, 0x58, 0x30
	.byte 0x80, 0x23, 0x9B, 0x00, 0x08, 0x21, 0x00, 0x91, 0x07, 0x49, 0x01, 0x91, 0x01, 0x21, 0x00, 0x22
	.byte 0x5A, 0xF7, 0x62, 0xFB, 0x00, 0x20, 0xE8, 0x80, 0x29, 0x68, 0xD4, 0x22, 0x92, 0x00, 0x89, 0x18
	.byte 0x08, 0x88, 0x01, 0x30, 0x08, 0x80, 0x47, 0xE0, 0xA4, 0x8B, 0x6A, 0x09, 0xE8, 0x88, 0x01, 0x30
	.byte 0xE8, 0x80, 0x00, 0x04, 0x00, 0x14, 0x09, 0x28, 0x3E, 0xDD, 0x00, 0x20, 0xE8, 0x80, 0x10, 0x88
	.byte 0x01, 0x30, 0x10, 0x80, 0x38, 0xE0, 0x28, 0x68, 0xD4, 0x23, 0x9B, 0x00, 0xC0, 0x18, 0x00, 0x24
	.byte 0x04, 0x80, 0x2B, 0x68, 0xCE, 0x22, 0x92, 0x00, 0x98, 0x18, 0x02, 0x68, 0x06, 0x2A, 0x17, 0xD0
	.byte 0x06, 0x2A, 0x02, 0xD9, 0x07, 0x2A, 0x16, 0xD0, 0x20, 0xE0, 0x04, 0x2A, 0x1E, 0xD3, 0xDC, 0x20
	.byte 0x00, 0x02, 0x48, 0x60, 0xB4, 0x20, 0x40, 0x02, 0x88, 0x60, 0x04, 0x48, 0xC8, 0x60, 0xCD, 0x20
	.byte 0x80, 0x00, 0x19, 0x18, 0x03, 0x20, 0x08, 0x60, 0x10, 0xE0, 0x00, 0x00, 0x00, 0xC0, 0xFF, 0xFF
	.byte 0xBC, 0x20, 0x00, 0x02, 0x01, 0xE0, 0xDC, 0x20, 0x00, 0x02, 0x48, 0x60, 0xB4, 0x20, 0x40, 0x02
	.byte 0x88, 0x60, 0xCC, 0x60, 0xCD, 0x21, 0x89, 0x00, 0x58, 0x18, 0x02, 0x60, 0x78, 0x6B, 0xB9, 0x6B
	.byte 0x03, 0x4A, 0x10, 0x40, 0x78, 0x63, 0xB9, 0x63, 0x02, 0xB0, 0xF0, 0xBC, 0x01, 0xBC, 0x00, 0x47
	.byte 0xFF, 0xFF, 0xFF, 0xFE, 0xF0, 0xB5, 0x47, 0x46, 0x80, 0xB4, 0x82, 0xB0, 0x04, 0x1C, 0x25, 0x68
	.byte 0x88, 0x20, 0x40, 0x00, 0x40, 0x19, 0x80, 0x46, 0x26, 0x1C, 0x74, 0x36, 0xD4, 0x22, 0x92, 0x00
	.byte 0xA9, 0x18, 0x00, 0x22, 0x88, 0x5E, 0x04, 0x28, 0x65, 0xD8, 0x80, 0x00, 0x01, 0x49, 0x40, 0x18
	.byte 0x00, 0x68, 0x87, 0x46, 0xE4, 0x2B, 0x0C, 0x08, 0xF8, 0x2B, 0x0C, 0x08, 0x0A, 0x2C, 0x0C, 0x08
	.byte 0x28, 0x2C, 0x0C, 0x08, 0x4C, 0x2C, 0x0C, 0x08, 0x82, 0x2C, 0x0C, 0x08, 0x69, 0x68, 0xAA, 0x68
	.byte 0xEB, 0x68, 0x20, 0x1C, 0xFF, 0xF7, 0xBC, 0xFE, 0x00, 0x20, 0xE0, 0x80, 0x43, 0xE0, 0xE0, 0x88
	.byte 0x01, 0x30, 0xE0, 0x80, 0x00, 0x04, 0x00, 0x14, 0x04, 0x28, 0x4C, 0xDD, 0x01, 0x20, 0x42, 0xF7
	.byte 0xFF, 0xF9, 0x21, 0x68, 0xD4, 0x22, 0x92, 0x00, 0x89, 0x18, 0x38, 0xE0, 0x20, 0x1C, 0x58, 0x30
	.byte 0x90, 0x23, 0x5B, 0x00, 0x03, 0x21, 0x00, 0x91, 0x04, 0x49, 0x01, 0x91, 0x01, 0x21, 0x00, 0x22
	.byte 0x5A, 0xF7, 0xC2, 0xFA, 0x00, 0x20, 0xE0, 0x80, 0x25, 0xE0, 0x00, 0x00, 0xE4, 0x74, 0x68, 0x09
	.byte 0xE0, 0x88, 0x01, 0x30, 0x00, 0x27, 0xE0, 0x80, 0x00, 0x04, 0x00, 0x14, 0x04, 0x28, 0x2A, 0xDD
	.byte 0xE7, 0x80, 0x20, 0x1C, 0xFF, 0xF7, 0xE2, 0xFD, 0xDC, 0x20, 0x00, 0x02, 0x68, 0x60, 0x41, 0x46
	.byte 0x48, 0x60, 0x70, 0x60, 0xB4, 0x20, 0x40, 0x02, 0xB0, 0x60, 0xF7, 0x60, 0x21, 0x68, 0xD4, 0x22
	.byte 0x92, 0x00, 0x89, 0x18, 0x0B, 0xE0, 0x4F, 0xF7, 0x33, 0xFE, 0x00, 0x06, 0x00, 0x28, 0x12, 0xD1
	.byte 0x20, 0x1C, 0xFF, 0xF7, 0xB1, 0xFE, 0x21, 0x68, 0xD4, 0x20, 0x80, 0x00, 0x09, 0x18, 0x08, 0x88
	.byte 0x01, 0x30, 0x08, 0x80, 0x07, 0xE0, 0x00, 0x20, 0x08, 0x80, 0x20, 0x68, 0xCD, 0x21, 0x89, 0x00
	.byte 0x40, 0x18, 0x01, 0x21, 0x01, 0x60, 0x02, 0xB0, 0x08, 0xBC, 0x98, 0x46, 0xF0, 0xBC, 0x01, 0xBC
	.byte 0x00, 0x47, 0x00, 0x00, 0xF0, 0xB5, 0x05, 0x1C, 0x2E, 0x68, 0x88, 0x20, 0x40, 0x00, 0x37, 0x18
	.byte 0xD4, 0x22, 0x92, 0x00, 0xB1, 0x18, 0x00, 0x22, 0x88, 0x5E, 0x08, 0x28, 0x00, 0xD9, 0x38, 0xE1
	.byte 0x80, 0x00, 0x02, 0x49, 0x40, 0x18, 0x00, 0x68, 0x87, 0x46, 0x00, 0x00, 0xEC, 0x2C, 0x0C, 0x08
	.byte 0x10, 0x2D, 0x0C, 0x08, 0x64, 0x2D, 0x0C, 0x08, 0x80, 0x2D, 0x0C, 0x08, 0x00, 0x2E, 0x0C, 0x08
	.byte 0x44, 0x2E, 0x0C, 0x08, 0x78, 0x2E, 0x0C, 0x08, 0xAC, 0x2E, 0x0C, 0x08, 0xE8, 0x2E, 0x0C, 0x08
	.byte 0x2C, 0x2F, 0x0C, 0x08, 0x28, 0x68, 0xD5, 0x21, 0x89, 0x00, 0x40, 0x18, 0x00, 0x22, 0x08, 0x21
	.byte 0x01, 0x80, 0x69, 0x81, 0x28, 0x68, 0x0D, 0x49, 0x40, 0x18, 0x02, 0x80, 0xEA, 0x80, 0x1E, 0x20
	.byte 0xA8, 0x80, 0x08, 0x20, 0x80, 0x21, 0xFF, 0xF7, 0x03, 0xFA, 0x01, 0x20, 0x42, 0xF7, 0x46, 0xF9
	.byte 0x9E, 0x22, 0x52, 0x02, 0x72, 0x60, 0xB4, 0x21, 0x49, 0x02, 0xB1, 0x60, 0x04, 0x48, 0xF0, 0x60
	.byte 0x7A, 0x60, 0xB9, 0x60, 0x03, 0x48, 0xF8, 0x60, 0xF3, 0xE0, 0x00, 0x00, 0x56, 0x03, 0x00, 0x00
	.byte 0x00, 0x54, 0xFF, 0xFF, 0x00, 0x2C, 0xFF, 0xFF, 0x4F, 0xF7, 0xC2, 0xFD, 0x00, 0x06, 0x00, 0x28
	.byte 0x00, 0xD0, 0xF8, 0xE0, 0x28, 0x1C, 0xFF, 0xF7, 0x3F, 0xFE, 0x29, 0x68, 0xD4, 0x20, 0x80, 0x00
	.byte 0x09, 0x18, 0xE2, 0xE0, 0x04, 0x21, 0x68, 0x5E, 0x00, 0x28, 0x25, 0xDD, 0x30, 0x1D, 0xDC, 0x24
	.byte 0x24, 0x02, 0xAA, 0x88, 0x21, 0x1C, 0x42, 0xF7, 0xB3, 0xFD, 0x30, 0x1C, 0x0C, 0x30, 0x0C, 0x49
	.byte 0xAA, 0x88, 0x42, 0xF7, 0xAD, 0xFD, 0x38, 0x1D, 0xAA, 0x88, 0x21, 0x1C, 0x42, 0xF7, 0xA8, 0xFD
	.byte 0x38, 0x1C, 0x0C, 0x30, 0x07, 0x49, 0xAA, 0x88, 0x42, 0xF7, 0xA2, 0xFD, 0x70, 0x68, 0xB1, 0x68
	.byte 0xF2, 0x68, 0x89, 0x18, 0x6C, 0xF7, 0x58, 0xFA, 0xA8, 0x88, 0x01, 0x38, 0xA8, 0x80, 0xCA, 0xE0
	.byte 0x00, 0x6C, 0xFF, 0xFF, 0x00, 0x44, 0xFF, 0xFF, 0x00, 0x20, 0xE8, 0x80, 0x28, 0x68, 0xD5, 0x22
	.byte 0x92, 0x00, 0x80, 0x18, 0x09, 0x21, 0x01, 0x80, 0x28, 0x68, 0x80, 0x18, 0x00, 0x78, 0x80, 0x21
	.byte 0xFF, 0xF7, 0xA6, 0xF9, 0xEC, 0x20, 0x00, 0x02, 0x78, 0x60, 0x01, 0x48, 0xF8, 0x60, 0xA0, 0xE0
	.byte 0x00, 0x6C, 0xFF, 0xFF, 0xE8, 0x88, 0x01, 0x30, 0xE8, 0x80, 0x00, 0x04, 0x00, 0x14, 0x03, 0x28
	.byte 0x00, 0xDC, 0xA8, 0xE0, 0x00, 0x20, 0xE8, 0x80, 0x28, 0x68, 0xD5, 0x22, 0x92, 0x00, 0x80, 0x18
	.byte 0x0A, 0x21, 0x01, 0x80, 0x28, 0x68, 0x80, 0x18, 0x00, 0x78, 0x80, 0x21, 0xFF, 0xF7, 0x88, 0xF9
	.byte 0xFC, 0x20, 0x00, 0x02, 0x78, 0x60, 0x03, 0x48, 0xF8, 0x60, 0x29, 0x68, 0xD4, 0x20, 0x80, 0x00
	.byte 0x09, 0x18, 0x82, 0xE0, 0x00, 0x6C, 0xFF, 0xFF, 0xE8, 0x88, 0x01, 0x30, 0xE8, 0x80, 0x00, 0x04
	.byte 0x00, 0x14, 0x01, 0x28, 0x00, 0xDC, 0x86, 0xE0, 0x00, 0x20, 0xE8, 0x80, 0x70, 0x68, 0x80, 0x21
	.byte 0x49, 0x00, 0x40, 0x18, 0x70, 0x60, 0xF0, 0x68, 0x03, 0x4A, 0x80, 0x18, 0xF0, 0x60, 0x29, 0x68
	.byte 0xD4, 0x20, 0x80, 0x00, 0x09, 0x18, 0x68, 0xE0, 0x00, 0xFF, 0xFF, 0xFF, 0xE8, 0x88, 0x01, 0x30
	.byte 0xE8, 0x80, 0x00, 0x04, 0x00, 0x14, 0x01, 0x28, 0x6D, 0xDD, 0x00, 0x20, 0xE8, 0x80, 0x70, 0x68
	.byte 0x06, 0x49, 0x40, 0x18, 0x70, 0x60, 0xF0, 0x68, 0x80, 0x22, 0x52, 0x00, 0x80, 0x18, 0xF0, 0x60
	.byte 0x29, 0x68, 0xD4, 0x20, 0x80, 0x00, 0x09, 0x18, 0x4F, 0xE0, 0x00, 0x00, 0x00, 0xFF, 0xFF, 0xFF
	.byte 0xE8, 0x88, 0x01, 0x30, 0xE8, 0x80, 0x00, 0x04, 0x00, 0x14, 0x19, 0x28, 0x53, 0xDD, 0x00, 0x20
	.byte 0xE8, 0x80, 0x28, 0x68, 0xD5, 0x22, 0x92, 0x00, 0x80, 0x18, 0x0B, 0x21, 0x01, 0x80, 0x28, 0x68
	.byte 0x80, 0x18, 0x00, 0x78, 0x80, 0x21, 0xFF, 0xF7, 0x33, 0xF9, 0xEC, 0x20, 0x00, 0x02, 0x78, 0x60
	.byte 0x01, 0x48, 0xF8, 0x60, 0x2D, 0xE0, 0x00, 0x00, 0x00, 0x6C, 0xFF, 0xFF, 0xE8, 0x88, 0x01, 0x30
	.byte 0xE8, 0x80, 0x00, 0x04, 0x00, 0x14, 0x03, 0x28, 0x35, 0xDD, 0x00, 0x20, 0xE8, 0x80, 0x28, 0x68
	.byte 0xD5, 0x22, 0x92, 0x00, 0x80, 0x18, 0x0C, 0x21, 0x01, 0x80, 0x28, 0x68, 0x80, 0x18, 0x00, 0x78
	.byte 0x80, 0x21, 0xFF, 0xF7, 0x15, 0xF9, 0xB4, 0x20, 0x00, 0x02, 0x78, 0x60, 0x03, 0x48, 0xF8, 0x60
	.byte 0x29, 0x68, 0xD4, 0x20, 0x80, 0x00, 0x09, 0x18, 0x0F, 0xE0, 0x00, 0x00, 0x00, 0x7C, 0xFF, 0xFF
	.byte 0xE8, 0x88, 0x01, 0x30, 0xE8, 0x80, 0x00, 0x04, 0x00, 0x14, 0x03, 0x28, 0x13, 0xDD, 0x00, 0x20
	.byte 0xE8, 0x80, 0x29, 0x68, 0xD4, 0x22, 0x92, 0x00, 0x89, 0x18, 0x08, 0x88, 0x01, 0x30, 0x08, 0x80
	.byte 0x09, 0xE0, 0x00, 0x20, 0x08, 0x80, 0x28, 0x68, 0xCD, 0x22, 0x92, 0x00, 0x81, 0x18, 0x04, 0x32
	.byte 0x80, 0x18, 0x00, 0x68, 0x08, 0x60, 0xF0, 0xBC, 0x01, 0xBC, 0x00, 0x47
	thumb_func_start func_080C2F68
func_080C2F68: @ 080C2F68
	push {r4, r5, lr}
	adds r4, r0, #0x0
	ldr r0, [r4, #0x00]
	ldr r1, _080C2FD0 @ =0x00000356
	adds r2, r0, r1
	ldr r1, _080C2FD4 @ =0x0961A7D0
	movs r3, #0xD5
	lsls r3, r3, #0x02
	adds r0, r0, r3
	movs r5, #0x00
	ldsh r0, [r0, r5]
	lsls r0, r0, #0x01
	adds r0, r0, r1
	movs r5, #0x00
	ldsh r1, [r2, r5]
	movs r5, #0x00
	ldsh r0, [r0, r5]
	cmp r1, r0
	blt _080C2FBE
	movs r0, #0x00
	strh r0, [r2, #0x00]
	ldr r1, [r4, #0x00]
	adds r1, r1, r3
	ldrh r0, [r1, #0x00]
	adds r0, #0x01
	strh r0, [r1, #0x00]
	ldr r0, [r4, #0x00]
	adds r2, r0, r3
	movs r0, #0x00
	ldsh r1, [r2, r0]
	movs r5, #0x0A
	ldsh r0, [r4, r5]
	adds r0, #0x07
	cmp r1, r0
	ble _080C2FB2
	ldrh r0, [r4, #0x0A]
	strh r0, [r2, #0x00]
_080C2FB2:
	ldr r0, [r4, #0x00]
	adds r0, r0, r3
	ldrb r0, [r0, #0x00]
	movs r1, #0x80
	bl func_080C213C
_080C2FBE:
	ldr r1, [r4, #0x00]
	ldr r0, _080C2FD0 @ =0x00000356
	adds r1, r1, r0
	ldrh r0, [r1, #0x00]
	adds r0, #0x01
	strh r0, [r1, #0x00]
	pop {r4, r5}
	pop {r0}
	bx r0
_080C2FD0: .4byte 0x00000356
_080C2FD4: .4byte 0x0961A7D0
	.byte 0xF0, 0xB5, 0x06, 0x1C, 0x34, 0x68, 0x88, 0x20, 0x40, 0x00, 0x25, 0x18, 0x88, 0x21, 0x89, 0x00
	.byte 0x67, 0x18, 0xD4, 0x20, 0x80, 0x00, 0x22, 0x18, 0x00, 0x21, 0x50, 0x5E, 0x05, 0x28, 0x00, 0xD9
	.byte 0xBC, 0xE0, 0x80, 0x00, 0x01, 0x49, 0x40, 0x18, 0x00, 0x68, 0x87, 0x46, 0x08, 0x30, 0x0C, 0x08
	.byte 0x20, 0x30, 0x0C, 0x08, 0x8C, 0x30, 0x0C, 0x08, 0xC4, 0x30, 0x0C, 0x08, 0xFC, 0x30, 0x0C, 0x08
	.byte 0x18, 0x31, 0x0C, 0x08, 0x3A, 0x31, 0x0C, 0x08, 0x30, 0x68, 0xD5, 0x22, 0x92, 0x00, 0x80, 0x18
	.byte 0x00, 0x24, 0x0D, 0x21, 0x01, 0x80, 0x71, 0x81, 0x30, 0x68, 0x13, 0x49, 0x40, 0x18, 0x04, 0x80
	.byte 0xF4, 0x80, 0x0D, 0x20, 0x80, 0x21, 0xFF, 0xF7, 0x7D, 0xF8, 0xEC, 0x20, 0xC0, 0x01, 0x78, 0x60
	.byte 0xB4, 0x25, 0x6D, 0x02, 0xBD, 0x60, 0xFC, 0x60, 0x78, 0x6B, 0xB9, 0x6B, 0x0B, 0x4A, 0x10, 0x40
	.byte 0x78, 0x63, 0xB9, 0x63, 0x6C, 0xF7, 0xC4, 0xF8, 0x09, 0x48, 0x5C, 0xF0, 0x05, 0xFF, 0xF0, 0x20
	.byte 0xC0, 0x01, 0x80, 0x23, 0x5B, 0x00, 0x29, 0x1C, 0x00, 0x22, 0x54, 0xF7, 0xD3, 0xFF, 0x38, 0x1C
	.byte 0x40, 0x30, 0x00, 0x21, 0x6B, 0xE0, 0x00, 0x00, 0x56, 0x03, 0x00, 0x00, 0xFF, 0xFF, 0xFF, 0xFE
	.byte 0xB9, 0x02, 0x00, 0x00, 0x30, 0x1C, 0xFF, 0xF7, 0x6B, 0xFF, 0xF0, 0x88, 0x01, 0x30, 0xF0, 0x80
	.byte 0x00, 0x04, 0x00, 0x14, 0x01, 0x28, 0x70, 0xDD, 0x00, 0x20, 0xF0, 0x80, 0x60, 0x68, 0x06, 0x49
	.byte 0x40, 0x18, 0x60, 0x60, 0xE0, 0x68, 0x80, 0x22, 0x52, 0x00, 0x80, 0x18, 0xE0, 0x60, 0x31, 0x68
	.byte 0xD4, 0x20, 0x80, 0x00, 0x09, 0x18, 0x50, 0xE0, 0x00, 0xFF, 0xFF, 0xFF, 0x30, 0x1C, 0xFF, 0xF7
	.byte 0x4F, 0xFF, 0xF0, 0x88, 0x01, 0x30, 0xF0, 0x80, 0x00, 0x04, 0x00, 0x14, 0x01, 0x28, 0x54, 0xDD
	.byte 0x00, 0x20, 0xF0, 0x80, 0x60, 0x68, 0x80, 0x21, 0x49, 0x00, 0x40, 0x18, 0x60, 0x60, 0xE0, 0x68
	.byte 0x03, 0x4A, 0x80, 0x18, 0xE0, 0x60, 0x31, 0x68, 0xD4, 0x20, 0x80, 0x00, 0x09, 0x18, 0x34, 0xE0
	.byte 0x00, 0xFF, 0xFF, 0xFF, 0x30, 0x1C, 0xFF, 0xF7, 0x33, 0xFF, 0x4F, 0xF7, 0xF3, 0xFB, 0x00, 0x06
	.byte 0x04, 0x0E, 0x00, 0x2C, 0x39, 0xD1, 0x28, 0x1C, 0x57, 0xF7, 0xFA, 0xFE, 0xF4, 0x80, 0x20, 0xE0
	.byte 0x30, 0x1C, 0xFF, 0xF7, 0x25, 0xFF, 0xF0, 0x88, 0x01, 0x30, 0xF0, 0x80, 0x00, 0x04, 0x00, 0x14
	.byte 0xB3, 0x28, 0x2A, 0xDD, 0x00, 0x20, 0xF0, 0x80, 0x31, 0x68, 0xD4, 0x20, 0x80, 0x00, 0x09, 0x18
	.byte 0x13, 0xE0, 0x08, 0x20, 0x80, 0x21, 0xFE, 0xF7, 0xFD, 0xFF, 0x78, 0x6B, 0xB9, 0x6B, 0x0A, 0x4B
	.byte 0x08, 0x4A, 0x10, 0x43, 0x78, 0x63, 0xB9, 0x63, 0x38, 0x1C, 0x40, 0x30, 0x01, 0x21, 0x4F, 0xF7
	.byte 0x5D, 0xFA, 0x31, 0x68, 0xD4, 0x22, 0x92, 0x00, 0x89, 0x18, 0x08, 0x88, 0x01, 0x30, 0x08, 0x80
	.byte 0x0B, 0xE0, 0x00, 0x00, 0x00, 0x00, 0x00, 0x01, 0x00, 0x00, 0x00, 0x00, 0x00, 0x21, 0x11, 0x80
	.byte 0x30, 0x68, 0xCD, 0x22, 0x92, 0x00, 0x80, 0x18, 0x01, 0x60, 0xF0, 0xBC, 0x01, 0xBC, 0x00, 0x47
	.byte 0xF0, 0xB5, 0x83, 0xB0, 0x05, 0x1C, 0x2C, 0x68, 0x88, 0x20, 0x40, 0x00, 0x27, 0x18, 0x88, 0x21
	.byte 0x89, 0x00, 0x66, 0x18, 0xD4, 0x23, 0x9B, 0x00, 0xE2, 0x18, 0x00, 0x21, 0x50, 0x5E, 0x06, 0x28
	.byte 0x00, 0xD9, 0x9F, 0xE1, 0x80, 0x00, 0x02, 0x49, 0x40, 0x18, 0x00, 0x68, 0x87, 0x46, 0x00, 0x00
	.byte 0xBC, 0x31, 0x0C, 0x08, 0xD8, 0x31, 0x0C, 0x08, 0x50, 0x32, 0x0C, 0x08, 0xCC, 0x32, 0x0C, 0x08
	.byte 0x18, 0x33, 0x0C, 0x08, 0x94, 0x33, 0x0C, 0x08, 0xCC, 0x33, 0x0C, 0x08, 0x90, 0x34, 0x0C, 0x08
	.byte 0x28, 0x68, 0xD5, 0x23, 0x9B, 0x00, 0xC0, 0x18, 0x00, 0x22, 0x15, 0x21, 0x01, 0x80, 0x69, 0x81
	.byte 0x28, 0x68, 0x15, 0x4E, 0x80, 0x19, 0x02, 0x80, 0x28, 0x68, 0xC0, 0x18, 0x00, 0x78, 0x80, 0x21
	.byte 0xFE, 0xF7, 0xA0, 0xFF, 0x28, 0x1C, 0x58, 0x30, 0x10, 0x49, 0x2A, 0x68, 0x3D, 0xF7, 0x06, 0xFE
	.byte 0x80, 0x24, 0x24, 0x02, 0xAA, 0x21, 0x49, 0x02, 0x20, 0x1C, 0x51, 0xF7, 0xE1, 0xFA, 0x0C, 0x48
	.byte 0xB4, 0x22, 0x52, 0x02, 0x0B, 0x4B, 0x10, 0x21, 0x00, 0x91, 0x01, 0x91, 0x02, 0x91, 0x21, 0x1C
	.byte 0x4E, 0xF7, 0xA6, 0xFE, 0xAF, 0x20, 0x80, 0x00, 0x5C, 0xF0, 0x1E, 0xFE, 0x29, 0x68, 0xD4, 0x20
	.byte 0x80, 0x00, 0x09, 0x18, 0x4E, 0xE1, 0x00, 0x00, 0x56, 0x03, 0x00, 0x00, 0xC0, 0x2E, 0xEF, 0x09
	.byte 0x01, 0x01, 0x00, 0x00, 0x00, 0xEC, 0xFF, 0xFF, 0x28, 0x68, 0x1C, 0x49, 0x40, 0x18, 0x01, 0x88
	.byte 0x01, 0x31, 0x01, 0x80, 0x1A, 0x4A, 0x2B, 0x68, 0xD5, 0x24, 0xA4, 0x00, 0x18, 0x19, 0x00, 0x26
	.byte 0x80, 0x5F, 0x40, 0x00, 0x80, 0x18, 0x09, 0x04, 0x09, 0x14, 0x00, 0x22, 0x80, 0x5E, 0x81, 0x42
	.byte 0x00, 0xDA, 0x3E, 0xE1, 0x11, 0x4E, 0x99, 0x19, 0x00, 0x20, 0x08, 0x80, 0x29, 0x68, 0x09, 0x19
	.byte 0x08, 0x88, 0x01, 0x30, 0x08, 0x80, 0xF8, 0x68, 0xC0, 0x21, 0xC9, 0x00, 0x40, 0x18, 0xF8, 0x60
	.byte 0x28, 0x68, 0x02, 0x19, 0x00, 0x23, 0xD1, 0x5E, 0x0A, 0x26, 0xA8, 0x5F, 0x06, 0x30, 0x81, 0x42
	.byte 0x09, 0xDD, 0x68, 0x89, 0x06, 0x30, 0x10, 0x80, 0x29, 0x68, 0xD4, 0x20, 0x80, 0x00, 0x09, 0x18
	.byte 0x08, 0x88, 0x01, 0x30, 0x08, 0x80, 0x28, 0x68, 0x00, 0x19, 0xD7, 0xE0, 0x56, 0x03, 0x00, 0x00
	.byte 0xD0, 0xA7, 0x61, 0x09, 0x28, 0x68, 0xD5, 0x21, 0x89, 0x00, 0x40, 0x18, 0x00, 0x24, 0x1C, 0x21
	.byte 0x01, 0x80, 0x69, 0x81, 0x28, 0x68, 0x0C, 0x4A, 0x80, 0x18, 0x04, 0x80, 0xEC, 0x80, 0x38, 0x1C
	.byte 0x57, 0xF7, 0x0E, 0xFE, 0x90, 0x20, 0x00, 0x02, 0x70, 0x60, 0xB4, 0x20, 0x40, 0x02, 0xB0, 0x60
	.byte 0xF4, 0x60, 0x70, 0x6B, 0xB1, 0x6B, 0x05, 0x4A, 0x10, 0x40, 0x70, 0x63, 0xB1, 0x63, 0x29, 0x68
	.byte 0xD4, 0x23, 0x9B, 0x00, 0xC9, 0x18, 0xE5, 0xE0, 0x56, 0x03, 0x00, 0x00, 0xFF, 0xFF, 0xFF, 0xFE
	.byte 0x28, 0x68, 0x1B, 0x4E, 0x80, 0x19, 0x01, 0x88, 0x01, 0x31, 0x01, 0x80, 0x19, 0x4A, 0x2B, 0x68
	.byte 0xD5, 0x24, 0xA4, 0x00, 0x18, 0x19, 0x00, 0x26, 0x80, 0x5F, 0x40, 0x00, 0x80, 0x18, 0x09, 0x04
	.byte 0x09, 0x14, 0x00, 0x22, 0x80, 0x5E, 0x81, 0x42, 0x19, 0xDB, 0x11, 0x4E, 0x99, 0x19, 0x00, 0x20
	.byte 0x08, 0x80, 0x29, 0x68, 0x09, 0x19, 0x08, 0x88, 0x01, 0x30, 0x08, 0x80, 0x28, 0x68, 0x02, 0x19
	.byte 0x00, 0x20, 0x11, 0x5E, 0x0A, 0x23, 0xE8, 0x5E, 0x06, 0x30, 0x81, 0x42, 0x01, 0xDD, 0x68, 0x89
	.byte 0x10, 0x80, 0x28, 0x68, 0x00, 0x19, 0x00, 0x78, 0x80, 0x21, 0xFE, 0xF7, 0xE3, 0xFE, 0xE8, 0x88
	.byte 0x01, 0x30, 0xE8, 0x80, 0x00, 0x04, 0x04, 0x49, 0x88, 0x42, 0x00, 0xDC, 0xB9, 0xE0, 0xA5, 0xE0
	.byte 0x56, 0x03, 0x00, 0x00, 0xD0, 0xA7, 0x61, 0x09, 0x00, 0x00, 0x2B, 0x01, 0x28, 0x68, 0xD5, 0x21
	.byte 0x89, 0x00, 0x40, 0x18, 0x00, 0x22, 0x1B, 0x21, 0x01, 0x80, 0x69, 0x81, 0x28, 0x68, 0x06, 0x4B
	.byte 0xC0, 0x18, 0x02, 0x80, 0xEA, 0x80, 0x70, 0x6B, 0xB1, 0x6B, 0x04, 0x4A, 0x04, 0x4B, 0x10, 0x43
	.byte 0x70, 0x63, 0xB1, 0x63, 0x8A, 0xE0, 0x00, 0x00, 0x56, 0x03, 0x00, 0x00, 0x00, 0x00, 0x00, 0x01
	.byte 0x00, 0x00, 0x00, 0x00, 0x28, 0x68, 0x2C, 0x49, 0x40, 0x18, 0x01, 0x88, 0x01, 0x31, 0x01, 0x80
	.byte 0x2A, 0x4A, 0x2B, 0x68, 0xD5, 0x26, 0xB6, 0x00, 0x98, 0x19, 0x00, 0x26, 0x80, 0x5F, 0x40, 0x00
	.byte 0x80, 0x18, 0x09, 0x04, 0x09, 0x14, 0x00, 0x22, 0x80, 0x5E, 0x81, 0x42, 0x00, 0xDA, 0x80, 0xE0
	.byte 0x21, 0x4E, 0x99, 0x19, 0x00, 0x20, 0x08, 0x80, 0x29, 0x68, 0xD5, 0x20, 0x80, 0x00, 0x09, 0x18
	.byte 0x08, 0x88, 0x01, 0x38, 0x08, 0x80, 0xF8, 0x68, 0x1D, 0x49, 0x40, 0x18, 0xF8, 0x60, 0x28, 0x68
	.byte 0xD5, 0x23, 0x9B, 0x00, 0xC2, 0x18, 0x00, 0x26, 0x91, 0x5F, 0x0A, 0x23, 0xE8, 0x5E, 0x06, 0x38
	.byte 0x81, 0x42, 0x1F, 0xDA, 0x68, 0x89, 0x06, 0x38, 0x10, 0x80, 0x16, 0x48, 0x00, 0x68, 0xEC, 0x30
	.byte 0x00, 0x26, 0x80, 0x5F, 0x00, 0x28, 0x0E, 0xDC, 0x28, 0x68, 0xD6, 0x21, 0x89, 0x00, 0x40, 0x18
	.byte 0x01, 0x88, 0x08, 0x20, 0x08, 0x40, 0x00, 0x28, 0x05, 0xD1, 0x61, 0x68, 0xA2, 0x68, 0xE3, 0x68
	.byte 0x00, 0x20, 0x58, 0xF7, 0xCD, 0xFE, 0x29, 0x68, 0xD4, 0x22, 0x92, 0x00, 0x89, 0x18, 0x08, 0x88
	.byte 0x01, 0x30, 0x08, 0x80, 0x28, 0x68, 0xD5, 0x23, 0x9B, 0x00, 0xC0, 0x18, 0x00, 0x78, 0x80, 0x21
	.byte 0xFE, 0xF7, 0x60, 0xFE, 0x3D, 0xE0, 0x00, 0x00, 0x56, 0x03, 0x00, 0x00, 0xD0, 0xA7, 0x61, 0x09
	.byte 0x00, 0xFA, 0xFF, 0xFF, 0x84, 0x9B, 0x03, 0x02, 0x00, 0x20, 0xE8, 0x80, 0x08, 0x20, 0x80, 0x21
	.byte 0xFE, 0xF7, 0x50, 0xFE, 0x11, 0x48, 0x00, 0x68, 0x80, 0x30, 0x3D, 0xF7, 0xF3, 0xFB, 0x04, 0x1C
	.byte 0x00, 0x2C, 0x13, 0xD0, 0x40, 0x26, 0x00, 0x27, 0x20, 0x68, 0x00, 0x28, 0x07, 0xD1, 0x60, 0x6B
	.byte 0xA1, 0x6B, 0x30, 0x43, 0x60, 0x63, 0xA1, 0x63, 0x09, 0x48, 0x5C, 0xF0, 0xD5, 0xFC, 0x20, 0x1C
	.byte 0xB8, 0x30, 0x3D, 0xF7, 0x03, 0xFC, 0x04, 0x1C, 0x00, 0x2C, 0xED, 0xD1, 0x29, 0x68, 0xD4, 0x26
	.byte 0xB6, 0x00, 0x89, 0x19, 0x08, 0x88, 0x01, 0x30, 0x08, 0x80, 0x0A, 0xE0, 0x84, 0x9B, 0x03, 0x02
	.byte 0x27, 0x02, 0x00, 0x00, 0x00, 0x21, 0x11, 0x80, 0x28, 0x68, 0xCD, 0x22, 0x92, 0x00, 0x80, 0x18
	.byte 0x01, 0x60, 0x03, 0xB0, 0xF0, 0xBC, 0x01, 0xBC, 0x00, 0x47, 0x00, 0x00
	thumb_func_start func_080C3504
func_080C3504: @ 080C3504
	push {r4, r5, lr}
	adds r4, r0, #0x0
	ldr r0, [r4, #0x00]
	ldr r1, _080C356C @ =0x00000356
	adds r2, r0, r1
	ldr r1, _080C3570 @ =0x0961A7D0
	movs r3, #0xD5
	lsls r3, r3, #0x02
	adds r0, r0, r3
	movs r5, #0x00
	ldsh r0, [r0, r5]
	lsls r0, r0, #0x01
	adds r0, r0, r1
	movs r5, #0x00
	ldsh r1, [r2, r5]
	movs r5, #0x00
	ldsh r0, [r0, r5]
	cmp r1, r0
	blt _080C3558
	movs r0, #0x00
	strh r0, [r2, #0x00]
	ldr r1, [r4, #0x00]
	adds r1, r1, r3
	ldrh r0, [r1, #0x00]
	adds r0, #0x01
	strh r0, [r1, #0x00]
	ldr r0, [r4, #0x00]
	adds r2, r0, r3
	movs r0, #0x00
	ldsh r1, [r2, r0]
	movs r5, #0x0A
	ldsh r0, [r4, r5]
	adds r0, #0x04
	cmp r1, r0
	ble _080C354E
	ldrh r0, [r4, #0x0A]
	strh r0, [r2, #0x00]
_080C354E:
	ldr r0, [r4, #0x00]
	adds r0, r0, r3
	ldrb r0, [r0, #0x00]
	bl func_080C211C
_080C3558:
	ldr r1, [r4, #0x00]
	ldr r0, _080C356C @ =0x00000356
	adds r1, r1, r0
	ldrh r0, [r1, #0x00]
	adds r0, #0x01
	strh r0, [r1, #0x00]
	pop {r4, r5}
	pop {r0}
	bx r0
	.byte 0x00, 0x00
_080C356C: .4byte 0x00000356
_080C3570: .4byte 0x0961A7D0
	.byte 0x70, 0xB5, 0x05, 0x1C, 0x28, 0x68, 0x88, 0x21, 0x49, 0x00, 0x46, 0x18, 0xD4, 0x23, 0x9B, 0x00
	.byte 0xC2, 0x18, 0x00, 0x21, 0x50, 0x5E, 0x06, 0x28, 0x00, 0xD9, 0xD6, 0xE0, 0x80, 0x00, 0x02, 0x49
	.byte 0x40, 0x18, 0x00, 0x68, 0x87, 0x46, 0x00, 0x00, 0xA0, 0x35, 0x0C, 0x08, 0xBC, 0x35, 0x0C, 0x08
	.byte 0x08, 0x36, 0x0C, 0x08, 0x22, 0x36, 0x0C, 0x08, 0x44, 0x36, 0x0C, 0x08, 0x9C, 0x36, 0x0C, 0x08
	.byte 0x00, 0x37, 0x0C, 0x08, 0x22, 0x37, 0x0C, 0x08, 0x29, 0x68, 0xD5, 0x23, 0x9B, 0x00, 0xC9, 0x18
	.byte 0x00, 0x24, 0x00, 0x22, 0x24, 0x20, 0x08, 0x80, 0x68, 0x81, 0x28, 0x68, 0x0B, 0x49, 0x40, 0x18
	.byte 0x02, 0x80, 0x1E, 0x20, 0xA8, 0x80, 0x28, 0x1C, 0x54, 0x30, 0x04, 0x70, 0x28, 0x68, 0xC0, 0x18
	.byte 0x00, 0x78, 0xFE, 0xF7, 0x99, 0xFD, 0xDC, 0x20, 0x00, 0x02, 0x70, 0x60, 0x04, 0x48, 0xF0, 0x60
	.byte 0x29, 0x68, 0xD4, 0x22, 0x92, 0x00, 0x89, 0x18, 0x9B, 0xE0, 0x00, 0x00, 0x56, 0x03, 0x00, 0x00
	.byte 0x00, 0xA0, 0xFF, 0xFF, 0x4F, 0xF7, 0x70, 0xF9, 0x00, 0x06, 0x04, 0x0E, 0x00, 0x2C, 0x00, 0xD0
	.byte 0x9A, 0xE0, 0x28, 0x1C, 0xFF, 0xF7, 0xEC, 0xF9, 0xEC, 0x80, 0xAC, 0x80, 0x85, 0xE0, 0x28, 0x1C
	.byte 0xFF, 0xF7, 0x6E, 0xFF, 0x28, 0x1C, 0x58, 0x30, 0x04, 0x49, 0x2A, 0x68, 0x3D, 0xF7, 0xF0, 0xFB
	.byte 0xC2, 0x22, 0x52, 0x00, 0xA9, 0x18, 0x08, 0x60, 0x77, 0xE0, 0x00, 0x00, 0xD8, 0x2E, 0xEF, 0x09
	.byte 0x28, 0x1C, 0xFF, 0xF7, 0x5D, 0xFF, 0xC2, 0x21, 0x49, 0x00, 0x68, 0x18, 0x00, 0x68, 0x3D, 0xF7
	.byte 0x79, 0xFC, 0x00, 0x06, 0x01, 0x0E, 0x00, 0x29, 0x76, 0xD1, 0x2A, 0x68, 0x0C, 0x4B, 0xD0, 0x18
	.byte 0x00, 0x78, 0x00, 0x06, 0x00, 0x16, 0x00, 0x28, 0x2B, 0xD0, 0xE8, 0x88, 0x01, 0x30, 0xE8, 0x80
	.byte 0x00, 0x04, 0x00, 0x14, 0x04, 0x28, 0x67, 0xDD, 0xE9, 0x80, 0x28, 0x1C, 0x58, 0x30, 0x05, 0x49
	.byte 0x3D, 0xF7, 0xC6, 0xFB, 0xC4, 0x22, 0x52, 0x00, 0xA9, 0x18, 0x08, 0x60, 0x4D, 0xE0, 0x00, 0x00
	.byte 0x5A, 0x03, 0x00, 0x00, 0xD8, 0x2E, 0xEF, 0x09, 0x28, 0x1C, 0xFF, 0xF7, 0x31, 0xFF, 0xC4, 0x21
	.byte 0x49, 0x00, 0x68, 0x18, 0x00, 0x68, 0x3D, 0xF7, 0x4D, 0xFC, 0x00, 0x06, 0x01, 0x0E, 0x00, 0x29
	.byte 0x4A, 0xD1, 0x2A, 0x68, 0x06, 0x4B, 0xD0, 0x18, 0x00, 0x78, 0x00, 0x06, 0x00, 0x16, 0x01, 0x28
	.byte 0x08, 0xD1, 0xD4, 0x20, 0x80, 0x00, 0x11, 0x18, 0x06, 0x20, 0x08, 0x80, 0x3C, 0xE0, 0x00, 0x00
	.byte 0x5A, 0x03, 0x00, 0x00, 0xE8, 0x88, 0x01, 0x30, 0xE8, 0x80, 0x00, 0x04, 0x00, 0x14, 0x04, 0x28
	.byte 0x32, 0xDD, 0xE9, 0x80, 0x28, 0x1C, 0x58, 0x30, 0x03, 0x49, 0x3D, 0xF7, 0x91, 0xFB, 0xC6, 0x22
	.byte 0x52, 0x00, 0xA9, 0x18, 0x08, 0x60, 0x18, 0xE0, 0xD8, 0x2E, 0xEF, 0x09, 0x28, 0x1C, 0xFF, 0xF7
	.byte 0xFF, 0xFE, 0xC6, 0x21, 0x49, 0x00, 0x68, 0x18, 0x00, 0x68, 0x3D, 0xF7, 0x1B, 0xFC, 0x00, 0x06
	.byte 0x00, 0x28, 0x19, 0xD1, 0x29, 0x68, 0xD4, 0x22, 0x92, 0x00, 0x89, 0x18, 0x09, 0xE0, 0x28, 0x1C
	.byte 0xFF, 0xF7, 0xEE, 0xFE, 0x30, 0x1C, 0x57, 0xF7, 0xED, 0xFB, 0x29, 0x68, 0xD4, 0x23, 0x9B, 0x00
	.byte 0xC9, 0x18, 0x08, 0x88, 0x01, 0x30, 0x08, 0x80, 0x06, 0xE0, 0x00, 0x21, 0x11, 0x80, 0x28, 0x68
	.byte 0xCD, 0x22, 0x92, 0x00, 0x80, 0x18, 0x01, 0x60, 0x70, 0xBC, 0x01, 0xBC, 0x00, 0x47, 0x00, 0x00
	.byte 0x70, 0xB5, 0x05, 0x1C, 0x28, 0x68, 0x88, 0x21, 0x49, 0x00, 0x46, 0x18, 0xD4, 0x21, 0x89, 0x00
	.byte 0x42, 0x18, 0x00, 0x21, 0x50, 0x5E, 0x04, 0x28, 0x72, 0xD8, 0x80, 0x00, 0x01, 0x49, 0x40, 0x18
	.byte 0x00, 0x68, 0x87, 0x46, 0x7C, 0x37, 0x0C, 0x08, 0x90, 0x37, 0x0C, 0x08, 0xD4, 0x37, 0x0C, 0x08
	.byte 0xF2, 0x37, 0x0C, 0x08, 0x1C, 0x38, 0x0C, 0x08, 0x38, 0x38, 0x0C, 0x08, 0x29, 0x68, 0xD5, 0x22
	.byte 0x92, 0x00, 0x89, 0x18, 0x00, 0x23, 0x00, 0x24, 0x29, 0x20, 0x08, 0x80, 0x68, 0x81, 0x28, 0x68
	.byte 0x09, 0x49, 0x40, 0x18, 0x04, 0x80, 0x1E, 0x20, 0xA8, 0x80, 0x28, 0x1C, 0x54, 0x30, 0x03, 0x70
	.byte 0x28, 0x68, 0x80, 0x18, 0x00, 0x78, 0xFE, 0xF7, 0xAF, 0xFC, 0xEC, 0x80, 0xE4, 0x20, 0x00, 0x02
	.byte 0x70, 0x60, 0x02, 0x48, 0xF0, 0x60, 0x3B, 0xE0, 0x56, 0x03, 0x00, 0x00, 0x00, 0xA4, 0xFF, 0xFF
	.byte 0x4F, 0xF7, 0x8A, 0xF8, 0x00, 0x06, 0x04, 0x0E, 0x00, 0x2C, 0x40, 0xD1, 0x28, 0x1C, 0xFF, 0xF7
	.byte 0x07, 0xF9, 0xAC, 0x80, 0x29, 0x68, 0xD4, 0x20, 0x80, 0x00, 0x09, 0x18, 0x2C, 0xE0, 0x28, 0x1C
	.byte 0xFF, 0xF7, 0x86, 0xFE, 0x06, 0x48, 0xA0, 0x21, 0xC9, 0x04, 0x20, 0x22, 0x42, 0xF7, 0xF2, 0xF9
	.byte 0x28, 0x1C, 0x58, 0x30, 0x03, 0x49, 0x2A, 0x68, 0x3D, 0xF7, 0x02, 0xFB, 0xE8, 0x66, 0x17, 0xE0
	.byte 0x44, 0xB7, 0x6F, 0x09, 0xF0, 0x2E, 0xEF, 0x09, 0x28, 0x1C, 0xFF, 0xF7, 0x71, 0xFE, 0xE8, 0x6E
	.byte 0x3D, 0xF7, 0x90, 0xFB, 0x00, 0x06, 0x00, 0x28, 0x19, 0xD1, 0x29, 0x68, 0xD4, 0x20, 0x80, 0x00
	.byte 0x09, 0x18, 0x09, 0xE0, 0x28, 0x1C, 0xFF, 0xF7, 0x63, 0xFE, 0x30, 0x1C, 0x57, 0xF7, 0x62, 0xFB
	.byte 0x29, 0x68, 0xD4, 0x22, 0x92, 0x00, 0x89, 0x18, 0x08, 0x88, 0x01, 0x30, 0x08, 0x80, 0x06, 0xE0
	.byte 0x00, 0x21, 0x11, 0x80, 0x28, 0x68, 0xCD, 0x22, 0x92, 0x00, 0x80, 0x18, 0x01, 0x60, 0x70, 0xBC
	.byte 0x01, 0xBC, 0x00, 0x47, 0x70, 0x47, 0x00, 0x00, 0xF0, 0xB5, 0x06, 0x1C, 0x34, 0x68, 0x88, 0x20
	.byte 0x40, 0x00, 0x23, 0x18, 0x88, 0x21, 0x89, 0x00, 0x65, 0x18, 0xCC, 0x22, 0x92, 0x00, 0xA0, 0x18
	.byte 0x00, 0x68, 0x02, 0x38, 0x01, 0x28, 0x1F, 0xD8, 0x18, 0x1C, 0x57, 0xF7, 0x3B, 0xFB, 0x68, 0x6B
	.byte 0xA9, 0x6B, 0x0C, 0x4B, 0x0A, 0x4A, 0x10, 0x43, 0x68, 0x63, 0xA9, 0x63, 0x98, 0x27, 0xBF, 0x00
	.byte 0xE0, 0x19, 0x01, 0x21, 0x4E, 0xF7, 0xB4, 0xFE, 0x30, 0x68, 0xD4, 0x21, 0x89, 0x00, 0x40, 0x18
	.byte 0x00, 0x21, 0x01, 0x80, 0x30, 0x68, 0xCD, 0x22, 0x92, 0x00, 0x80, 0x18, 0x01, 0x60, 0x2D, 0xE0
	.byte 0x00, 0x00, 0x00, 0x01, 0x00, 0x00, 0x00, 0x00, 0xD4, 0x27, 0xBF, 0x00, 0xE1, 0x19, 0x0A, 0x88
	.byte 0x00, 0x27, 0xC8, 0x5F, 0x3C, 0x28, 0x1F, 0xDD, 0x18, 0x1C, 0x57, 0xF7, 0x13, 0xFB, 0x68, 0x6B
	.byte 0xA9, 0x6B, 0x0C, 0x4B, 0x0A, 0x4A, 0x10, 0x43, 0x68, 0x63, 0xA9, 0x63, 0x98, 0x21, 0x89, 0x00
	.byte 0x60, 0x18, 0x01, 0x21, 0x4E, 0xF7, 0x8C, 0xFE, 0x30, 0x68, 0xD4, 0x22, 0x92, 0x00, 0x80, 0x18
	.byte 0x00, 0x21, 0x01, 0x80, 0x30, 0x68, 0xCD, 0x27, 0xBF, 0x00, 0xC0, 0x19, 0x01, 0x60, 0x05, 0xE0
	.byte 0x00, 0x00, 0x00, 0x01, 0x00, 0x00, 0x00, 0x00, 0x50, 0x1C, 0x08, 0x80, 0xF0, 0xBC, 0x01, 0xBC
	.byte 0x00, 0x47, 0x00, 0x00, 0xF0, 0xB5, 0x47, 0x46, 0x80, 0xB4, 0x92, 0xB0, 0x07, 0x1C, 0x3E, 0x68
	.byte 0x88, 0x20, 0x40, 0x00, 0x35, 0x18, 0x88, 0x21, 0x89, 0x00, 0x74, 0x18, 0x74, 0x22, 0xD2, 0x19
	.byte 0x90, 0x46, 0xD4, 0x23, 0x9B, 0x00, 0xF0, 0x18, 0x00, 0x21, 0x40, 0x5E, 0x07, 0x28, 0x00, 0xD9
	.byte 0x60, 0xE1, 0x80, 0x00, 0x01, 0x49, 0x40, 0x18, 0x00, 0x68, 0x87, 0x46, 0x64, 0x39, 0x0C, 0x08
	.byte 0x84, 0x39, 0x0C, 0x08, 0xD0, 0x39, 0x0C, 0x08, 0x50, 0x3A, 0x0C, 0x08, 0x94, 0x3A, 0x0C, 0x08
	.byte 0xC8, 0x3A, 0x0C, 0x08, 0x10, 0x3B, 0x0C, 0x08, 0x34, 0x3B, 0x0C, 0x08, 0xA4, 0x3B, 0x0C, 0x08
	.byte 0x10, 0x48, 0x00, 0x68, 0x80, 0x30, 0x3D, 0xF7, 0x7F, 0xF9, 0x04, 0x1C, 0x00, 0x2C, 0x13, 0xD0
	.byte 0x40, 0x25, 0x00, 0x26, 0x20, 0x68, 0x00, 0x28, 0x07, 0xD1, 0x60, 0x6B, 0xA1, 0x6B, 0x28, 0x43
	.byte 0x60, 0x63, 0xA1, 0x63, 0x08, 0x48, 0x5C, 0xF0, 0x61, 0xFA, 0x20, 0x1C, 0xB8, 0x30, 0x3D, 0xF7
	.byte 0x8F, 0xF9, 0x04, 0x1C, 0x00, 0x2C, 0xED, 0xD1, 0x39, 0x68, 0xD4, 0x22, 0x92, 0x00, 0x89, 0x18
	.byte 0x12, 0xE1, 0x00, 0x00, 0x84, 0x9B, 0x03, 0x02, 0x27, 0x02, 0x00, 0x00, 0x28, 0x1C, 0x57, 0xF7
	.byte 0xBB, 0xFA, 0x28, 0x1C, 0x40, 0x30, 0x01, 0x21, 0x4E, 0xF7, 0x1A, 0xFE, 0x20, 0x1C, 0x40, 0x30
	.byte 0x01, 0x21, 0x4E, 0xF7, 0x15, 0xFE, 0x40, 0x46, 0x40, 0x30, 0x01, 0x21, 0x4E, 0xF7, 0x10, 0xFE
	.byte 0x00, 0x20, 0x00, 0x21, 0x42, 0xF7, 0x7C, 0xFC, 0x13, 0x20, 0x00, 0x21, 0x42, 0xF7, 0x78, 0xFC
	.byte 0x00, 0x20, 0x14, 0x21, 0x08, 0x22, 0x42, 0xF7, 0x15, 0xFC, 0x68, 0x68, 0x0C, 0x4C, 0x00, 0x19
	.byte 0xA9, 0x68, 0xEA, 0x68, 0x0B, 0x4B, 0xD2, 0x18, 0x80, 0x23, 0x5B, 0x00, 0x55, 0xF7, 0x70, 0xF8
	.byte 0x09, 0x48, 0x5C, 0xF0, 0x23, 0xFA, 0x00, 0x20, 0xF8, 0x80, 0x39, 0x68, 0xD4, 0x20, 0x80, 0x00
	.byte 0x09, 0x18, 0x08, 0x88, 0x01, 0x30, 0x08, 0x80, 0x70, 0x68, 0x00, 0x19, 0xDF, 0xE0, 0x00, 0x00
	.byte 0x00, 0xEC, 0xFF, 0xFF, 0x00, 0xF6, 0xFF, 0xFF, 0xD1, 0x02, 0x00, 0x00, 0x70, 0x68, 0x0F, 0x4B
	.byte 0xC0, 0x18, 0xB1, 0x68, 0xF2, 0x68, 0x89, 0x18, 0xC0, 0x22, 0x92, 0x01, 0x89, 0x18, 0x6B, 0xF7
	.byte 0x07, 0xFC, 0xF8, 0x88, 0x01, 0x30, 0xF8, 0x80, 0x00, 0x04, 0x00, 0x14, 0x0B, 0x28, 0x00, 0xDC
	.byte 0xD7, 0xE0, 0x01, 0x20, 0x41, 0xF7, 0xD0, 0xFA, 0x39, 0x1C, 0x54, 0x31, 0x00, 0x20, 0x08, 0x70
	.byte 0x39, 0x68, 0xD4, 0x23, 0x9B, 0x00, 0xC9, 0x18, 0xAE, 0xE0, 0x00, 0x00, 0x00, 0xEC, 0xFF, 0xFF
	.byte 0x24, 0x20, 0xE0, 0x21, 0xFE, 0xF7, 0x50, 0xFB, 0x01, 0x20, 0x41, 0xF7, 0x93, 0xFA, 0x70, 0x68
	.byte 0x07, 0x49, 0x40, 0x18, 0xB1, 0x68, 0xF2, 0x68, 0x89, 0x18, 0xC0, 0x22, 0x92, 0x01, 0x89, 0x18
	.byte 0x6B, 0xF7, 0xDE, 0xFB, 0x39, 0x68, 0xD4, 0x23, 0x9B, 0x00, 0xC9, 0x18, 0x94, 0xE0, 0x00, 0x00
	.byte 0x00, 0xEC, 0xFF, 0xFF, 0x70, 0x68, 0x10, 0x49, 0x40, 0x18, 0xB1, 0x68, 0xF2, 0x68, 0x89, 0x18
	.byte 0xC0, 0x22, 0x92, 0x01, 0x89, 0x18, 0x6B, 0xF7, 0xCB, 0xFB, 0x4E, 0xF7, 0x05, 0xFF, 0x00, 0x06
	.byte 0x00, 0x28, 0x00, 0xD0, 0x9D, 0xE0, 0x00, 0x20, 0x08, 0x21, 0x42, 0xF7, 0x7B, 0xFB, 0x00, 0x20
	.byte 0x01, 0x21, 0x42, 0xF7, 0xFD, 0xFB, 0x13, 0x20, 0x01, 0x21, 0x42, 0xF7, 0xF9, 0xFB, 0x39, 0x68
	.byte 0xD4, 0x23, 0x9B, 0x00, 0xC9, 0x18, 0x6F, 0xE0, 0x00, 0xEC, 0xFF, 0xFF, 0x70, 0x68, 0x07, 0x49
	.byte 0x40, 0x18, 0xB1, 0x68, 0xF2, 0x68, 0x89, 0x18, 0xC0, 0x22, 0x92, 0x01, 0x89, 0x18, 0x6B, 0xF7
	.byte 0xA7, 0xFB, 0x39, 0x68, 0xD4, 0x23, 0x9B, 0x00, 0xC9, 0x18, 0x5D, 0xE0, 0x00, 0xEC, 0xFF, 0xFF
	.byte 0x70, 0x68, 0x1A, 0x4C, 0x00, 0x19, 0xB1, 0x68, 0xF2, 0x68, 0x89, 0x18, 0xC0, 0x22, 0x92, 0x01
	.byte 0x90, 0x46, 0x41, 0x44, 0x6B, 0xF7, 0x94, 0xFB, 0x00, 0x22, 0x00, 0x92, 0x68, 0x46, 0x82, 0x80
	.byte 0x02, 0x92, 0x82, 0x81, 0x04, 0x92, 0x82, 0x82, 0x06, 0x92, 0x82, 0x83, 0xC0, 0x20, 0xC0, 0x04
	.byte 0x08, 0x90, 0x69, 0x46, 0xE0, 0x20, 0x88, 0x84, 0xA0, 0x20, 0xC0, 0x04, 0x0A, 0x90, 0x20, 0x20
	.byte 0x88, 0x85, 0x70, 0x68, 0x00, 0x19, 0x0C, 0x90, 0xB0, 0x68, 0x0D, 0x90, 0xF0, 0x68, 0x40, 0x44
	.byte 0x0E, 0x90, 0x0F, 0x92, 0x10, 0x95, 0x11, 0xA9, 0x01, 0x20, 0x08, 0x80, 0x68, 0x46, 0x02, 0xF0
	.byte 0x7F, 0xFE, 0x39, 0x68, 0xD4, 0x23, 0x9B, 0x00, 0xC9, 0x18, 0x25, 0xE0, 0x00, 0xEC, 0xFF, 0xFF
	.byte 0x02, 0xF0, 0x06, 0xFF, 0x00, 0x06, 0x01, 0x0E, 0x00, 0x29, 0x25, 0xD1, 0x96, 0x20, 0x40, 0x00
	.byte 0x70, 0x60, 0xB1, 0x60, 0xF1, 0x60, 0x0E, 0x48, 0x00, 0x68, 0x01, 0x68, 0x0D, 0x4A, 0x89, 0x18
	.byte 0x09, 0x12, 0x64, 0x31, 0x09, 0x04, 0x09, 0x0C, 0x42, 0x68, 0x12, 0x12, 0x8C, 0x23, 0x5B, 0x00
	.byte 0xD2, 0x18, 0x12, 0x04, 0x12, 0x0C, 0x01, 0x20, 0x41, 0xF7, 0x32, 0xFB, 0x57, 0xF7, 0x12, 0xFA
	.byte 0x39, 0x68, 0xD4, 0x20, 0x80, 0x00, 0x09, 0x18, 0x08, 0x88, 0x01, 0x30, 0x08, 0x80, 0x18, 0xE0
	.byte 0x84, 0x9B, 0x03, 0x02, 0xD4, 0xFE, 0xFF, 0xFF, 0x70, 0x68, 0x05, 0x49, 0x40, 0x18, 0xB1, 0x68
	.byte 0xF2, 0x68, 0x89, 0x18, 0xC0, 0x22, 0x92, 0x01, 0x89, 0x18, 0x6B, 0xF7, 0x31, 0xFB, 0x08, 0xE0
	.byte 0x00, 0xE8, 0xFF, 0xFF, 0xD6, 0x23, 0x9B, 0x00, 0xF2, 0x18, 0x11, 0x88, 0x02, 0x20, 0x08, 0x43
	.byte 0x10, 0x80, 0x12, 0xB0, 0x08, 0xBC, 0x98, 0x46, 0xF0, 0xBC, 0x01, 0xBC, 0x00, 0x47, 0x00, 0x00
	.byte 0x00, 0xB5, 0xFE, 0xF7, 0x29, 0xFE, 0x01, 0xBC, 0x00, 0x47, 0x00, 0x00, 0x70, 0xB5, 0x06, 0x1C
	.byte 0x34, 0x68, 0x88, 0x20, 0x40, 0x00, 0x25, 0x18, 0x2E, 0x21, 0x68, 0x5E, 0x03, 0x21, 0x59, 0xF0
	.byte 0xCB, 0xFC, 0x2C, 0x22, 0xA9, 0x5E, 0x00, 0x04, 0x00, 0x14, 0x81, 0x42, 0x2F, 0xDA, 0x09, 0x48
	.byte 0x21, 0x18, 0x02, 0x20, 0x08, 0x70, 0x42, 0xF7, 0x9B, 0xFC, 0x00, 0x04, 0x00, 0x0C, 0x64, 0x21
	.byte 0x59, 0xF0, 0xAA, 0xFD, 0x00, 0x04, 0x00, 0x0C, 0x09, 0x28, 0x05, 0xD8, 0x01, 0x20, 0xBF, 0xF7
	.byte 0x3D, 0xFE, 0x6C, 0xE0, 0x5A, 0x03, 0x00, 0x00, 0x42, 0xF7, 0x8A, 0xFC, 0x00, 0x04, 0x00, 0x0C
	.byte 0x5A, 0x21, 0x59, 0xF0, 0x99, 0xFD, 0x00, 0x04, 0x00, 0x0C, 0x31, 0x28, 0x06, 0xD8, 0x42, 0xF7
	.byte 0x7F, 0xFC, 0x00, 0x04, 0x00, 0x0C, 0x01, 0x21, 0x08, 0x40, 0x21, 0xE0, 0x42, 0xF7, 0x78, 0xFC
	.byte 0x00, 0x04, 0x00, 0x0C, 0x03, 0x21, 0x59, 0xF0, 0x87, 0xFD, 0x05, 0x30, 0x3E, 0xE0, 0x2C, 0x22
	.byte 0xA9, 0x5E, 0x40, 0x00, 0x81, 0x42, 0x22, 0xDA, 0x0B, 0x49, 0x60, 0x18, 0x01, 0x24, 0x04, 0x70
	.byte 0x42, 0xF7, 0x66, 0xFC, 0x00, 0x04, 0x00, 0x0C, 0x64, 0x21, 0x59, 0xF0, 0x75, 0xFD, 0x00, 0x04
	.byte 0x00, 0x0C, 0x1D, 0x28, 0x0A, 0xD8, 0x42, 0xF7, 0x5B, 0xFC, 0x00, 0x04, 0x00, 0x0C, 0x20, 0x40
	.byte 0x08, 0x30, 0xBF, 0xF7, 0x03, 0xFE, 0x32, 0xE0, 0x5A, 0x03, 0x00, 0x00, 0x42, 0xF7, 0x50, 0xFC
	.byte 0x00, 0x04, 0x00, 0x0C, 0x03, 0x21, 0x59, 0xF0, 0x5F, 0xFD, 0x04, 0x30, 0x16, 0xE0, 0x0E, 0x4A
	.byte 0xA1, 0x18, 0x00, 0x20, 0x08, 0x70, 0x42, 0xF7, 0x43, 0xFC, 0x00, 0x04, 0x00, 0x0C, 0x64, 0x21
	.byte 0x59, 0xF0, 0x52, 0xFD, 0x00, 0x04, 0x00, 0x0C, 0x3B, 0x28, 0x0F, 0xD8, 0x42, 0xF7, 0x38, 0xFC
	.byte 0x00, 0x04, 0x00, 0x0C, 0x03, 0x21, 0x59, 0xF0, 0x47, 0xFD, 0x07, 0x30, 0x00, 0x06, 0x00, 0x0E
	.byte 0xBF, 0xF7, 0xDC, 0xFD, 0x0B, 0xE0, 0x00, 0x00, 0x5A, 0x03, 0x00, 0x00, 0x42, 0xF7, 0x28, 0xFC
	.byte 0x00, 0x04, 0x00, 0x0C, 0x03, 0x21, 0x08, 0x40, 0x03, 0x30, 0xBF, 0xF7, 0xCF, 0xFD, 0x31, 0x68
	.byte 0xCF, 0x22, 0x92, 0x00, 0x88, 0x18, 0x00, 0x22, 0x80, 0x5E, 0x0B, 0x1C, 0x01, 0x28, 0x0E, 0xD0
	.byte 0x01, 0x28, 0x02, 0xDC, 0x00, 0x28, 0x05, 0xD0, 0x18, 0xE0, 0x02, 0x28, 0x0C, 0xD0, 0x03, 0x28
	.byte 0x0F, 0xD0, 0x13, 0xE0, 0xCE, 0x20, 0x80, 0x00, 0x19, 0x18, 0x05, 0x20, 0x12, 0xE0, 0xCE, 0x22
	.byte 0x92, 0x00, 0x99, 0x18, 0x06, 0x20, 0x0D, 0xE0, 0xCE, 0x20, 0x80, 0x00, 0x19, 0x18, 0x04, 0x20
	.byte 0x08, 0xE0, 0xCE, 0x22, 0x92, 0x00, 0x99, 0x18, 0x07, 0x20, 0x03, 0xE0, 0xCE, 0x20, 0x80, 0x00
	.byte 0x19, 0x18, 0x00, 0x20, 0x08, 0x60, 0xCF, 0x22, 0x92, 0x00, 0x99, 0x18, 0x08, 0x88, 0x01, 0x30
	.byte 0x08, 0x80, 0x30, 0x68, 0x81, 0x18, 0x00, 0x22, 0x88, 0x5E, 0x03, 0x28, 0x01, 0xDD, 0x00, 0x20
	.byte 0x08, 0x80, 0x28, 0x1C, 0x57, 0xF7, 0x7C, 0xFF, 0x70, 0xBC, 0x01, 0xBC, 0x00, 0x47, 0x00, 0x00
	thumb_func_start task_bos_dsd_map_0
task_bos_dsd_map_0: @ 080C3DE4
	push {r4, lr}
	ldr r1, _080C3E54 @ =0x096874E4
	movs r2, #0x80
	lsls r2, r2, #0x08
	movs r0, #0x00
	bl func_080050B8
	ldr r1, _080C3E58 @ =0x096FB744
	movs r2, #0x90
	lsls r2, r2, #0x01
	movs r0, #0x00
	bl func_080050DC
	ldr r1, _080C3E5C @ =0x09EF2E68
	movs r0, #0x00
	movs r2, #0x02
	movs r3, #0x02
	bl func_0800516C
	ldr r4, _080C3E60 @ =0x02039B84
	ldr r0, [r4, #0x00]
	movs r1, #0x80
	lsls r1, r1, #0x01
	str r1, [r0, #0x24]
	str r1, [r0, #0x28]
	movs r2, #0xA0
	lsls r2, r2, #0x08
	str r2, [r0, #0x08]
	movs r1, #0x9B
	lsls r1, r1, #0x09
	str r1, [r0, #0x0C]
	str r2, [r0, #0x00]
	str r1, [r0, #0x04]
	str r2, [r0, #0x10]
	str r1, [r0, #0x14]
	str r2, [r0, #0x1C]
	str r1, [r0, #0x20]
	movs r2, #0x00
	movs r1, #0x0F
	strh r1, [r0, #0x1A]
	strb r2, [r0, #0x18]
	bl func_0802F1C8
	ldr r0, [r4, #0x00]
	ldr r1, [r0, #0x00]
	lsls r1, r1, #0x08
	lsrs r1, r1, #0x10
	ldr r2, [r0, #0x04]
	lsls r2, r2, #0x08
	lsrs r2, r2, #0x10
	movs r0, #0x00
	bl func_08005244
	pop {r4}
	pop {r0}
	bx r0
_080C3E54: .4byte 0x096874E4
_080C3E58: .4byte 0x096FB744
_080C3E5C: .4byte 0x09EF2E68
_080C3E60: .4byte 0x02039B84
	thumb_func_start task_bos_dsd_map_1
task_bos_dsd_map_1: @ 080C3E64
	push {r4, lr}
	bl func_0802F208
	ldr r0, _080C3ED4 @ =0x02039B84
	ldr r2, [r0, #0x00]
	ldr r0, [r2, #0x10]
	ldr r1, [r2, #0x08]
	subs r0, r0, r1
	asrs r3, r0, #0x03
	ldr r0, [r2, #0x14]
	ldr r1, [r2, #0x0C]
	subs r0, r0, r1
	asrs r4, r0, #0x03
	movs r0, #0xA0
	lsls r0, r0, #0x03
	cmp r3, r0
	bgt _080C3E8C
	ldr r0, _080C3ED8 @ =0xFFFFFB00
	cmp r3, r0
	bge _080C3E8E
_080C3E8C:
	adds r3, r0, #0x0
_080C3E8E:
	ldr r1, _080C3ED4 @ =0x02039B84
	ldr r2, [r1, #0x00]
	ldr r0, [r2, #0x08]
	adds r3, r0, r3
	str r3, [r2, #0x08]
	ldr r0, [r2, #0x0C]
	adds r0, r0, r4
	str r0, [r2, #0x0C]
	str r3, [r2, #0x00]
	str r0, [r2, #0x04]
	adds r0, r2, #0x0
	adds r0, #0xDA
	movs r4, #0x00
	ldsh r0, [r0, r4]
	adds r0, #0x78
	lsls r0, r0, #0x08
	cmp r3, r0
	blt _080C3EC2
	adds r0, r2, #0x0
	adds r0, #0xDC
	movs r4, #0x00
	ldsh r0, [r0, r4]
	subs r0, #0x78
	lsls r0, r0, #0x08
	cmp r3, r0
	ble _080C3EC4
_080C3EC2:
	str r0, [r2, #0x00]
_080C3EC4:
	ldr r1, [r1, #0x00]
	ldr r2, [r1, #0x04]
	ldr r0, _080C3EDC @ =0x00004FFF
	cmp r2, r0
	bgt _080C3EE0
	adds r0, #0x01
	b _080C3EF0
	.byte 0x00, 0x00
_080C3ED4: .4byte 0x02039B84
_080C3ED8: .4byte 0xFFFFFB00
_080C3EDC: .4byte 0x00004FFF
_080C3EE0:
	adds r0, r1, #0x0
	adds r0, #0xE0
	movs r3, #0x00
	ldsh r0, [r0, r3]
	subs r0, #0x50
	lsls r0, r0, #0x08
	cmp r2, r0
	ble _080C3EF2
_080C3EF0:
	str r0, [r1, #0x04]
_080C3EF2:
	bl func_0802F268
	ldr r1, _080C3F20 @ =0x02039B84
	ldr r1, [r1, #0x00]
	ldr r2, [r1, #0x04]
	adds r2, r2, r0
	str r2, [r1, #0x04]
	ldr r1, [r1, #0x00]
	asrs r1, r1, #0x08
	subs r1, #0x78
	lsls r1, r1, #0x10
	lsrs r1, r1, #0x10
	asrs r2, r2, #0x08
	subs r2, #0x28
	lsls r2, r2, #0x10
	lsrs r2, r2, #0x10
	movs r0, #0x00
	bl func_08005244
	movs r0, #0x01
	pop {r4}
	pop {r1}
	bx r1
_080C3F20: .4byte 0x02039B84
	thumb_func_start task_bos_dsd_ita_0
task_bos_dsd_ita_0: @ 080C3F24
	push {r4, r5, lr}
	adds r5, r0, #0x0
	str r1, [r5, #0x00]
	adds r1, r5, #0x0
	adds r1, #0x74
	movs r3, #0x00
	movs r2, #0x00
	movs r0, #0x1E
	strh r0, [r1, #0x00]
	adds r0, r5, #0x0
	adds r0, #0x76
	strh r2, [r0, #0x00]
	adds r0, #0x02
	strh r2, [r0, #0x00]
	adds r0, #0x02
	strb r3, [r0, #0x00]
	movs r0, #0x96
	lsls r0, r0, #0x09
	str r0, [r5, #0x60]
	movs r0, #0xBE
	lsls r0, r0, #0x09
	str r0, [r5, #0x64]
	ldr r0, _080C3FA0 @ =0xFFFF8800
	str r0, [r5, #0x68]
	movs r0, #0x80
	lsls r0, r0, #0x01
	str r0, [r5, #0x6C]
	movs r0, #0x19
	str r0, [r5, #0x70]
	adds r0, r5, #0x0
	adds r0, #0x7C
	strh r2, [r0, #0x00]
	adds r0, #0x02
	strh r2, [r0, #0x00]
	adds r0, #0x02
	str r2, [r0, #0x00]
	adds r4, r5, #0x4
	adds r0, r4, #0x0
	movs r1, #0x07
	movs r2, #0x20
	movs r3, #0x03
	bl func_080122AC
	ldr r1, [r5, #0x60]
	ldr r2, [r5, #0x64]
	ldr r3, [r5, #0x68]
	adds r0, r4, #0x0
	bl func_08012324
	adds r1, r5, #0x0
	adds r1, #0x88
	ldr r0, _080C3FA4 @ =0x09EF3BF8
	ldr r0, [r0, #0x00]
	str r0, [r1, #0x00]
	adds r1, #0x04
	ldr r0, _080C3FA8 @ =0x09EF3C18
	ldr r0, [r0, #0x00]
	str r0, [r1, #0x00]
	pop {r4, r5}
	pop {r0}
	bx r0
	.byte 0x00, 0x00
_080C3FA0: .4byte 0xFFFF8800
_080C3FA4: .4byte 0x09EF3BF8
_080C3FA8: .4byte 0x09EF3C18
	thumb_func_start task_bos_dsd_ita_1
task_bos_dsd_ita_1: @ 080C3FAC
	push {r4, r5, lr}
	adds r4, r0, #0x0
	ldr r0, [r4, #0x00]
	movs r1, #0x88
	lsls r1, r1, #0x01
	adds r5, r0, r1
	adds r0, r4, #0x0
	bl func_080C427C
	adds r0, r4, #0x0
	adds r0, #0x7A
	ldrb r0, [r0, #0x00]
	cmp r0, #0x04
	bls _080C3FCA
	b _080C40FC
_080C3FCA:
	lsls r0, r0, #0x02
	ldr r1, _080C3FD4 @ =0x080C3FD8
	adds r0, r0, r1
	ldr r0, [r0, #0x00]
	mov pc, r0
_080C3FD4: .4byte 0x080C3FD8
	.byte 0xEC, 0x3F, 0x0C, 0x08, 0x0C, 0x40, 0x0C, 0x08, 0x20, 0x40, 0x0C, 0x08, 0x7A, 0x40, 0x0C, 0x08
	.byte 0xBC, 0x40, 0x0C, 0x08, 0x25, 0x1C, 0x74, 0x35, 0x00, 0x22, 0xA8, 0x5E, 0x00, 0x28, 0x04, 0xDD
	.byte 0x20, 0x1C, 0x60, 0x30, 0xA0, 0x21, 0x49, 0x01, 0x65, 0xE0, 0x21, 0x1C, 0x7A, 0x31, 0x01, 0x20
	.byte 0x08, 0x70, 0x82, 0xE0, 0x20, 0x68, 0xD6, 0x23, 0x9B, 0x00, 0xC0, 0x18, 0x01, 0x88, 0x20, 0x20
	.byte 0x08, 0x40, 0x00, 0x28, 0x4A, 0xD0, 0x45, 0xE0, 0x20, 0x68, 0xD6, 0x21, 0x89, 0x00, 0x40, 0x18
	.byte 0x01, 0x88, 0x20, 0x20, 0x08, 0x40, 0x00, 0x28, 0x16, 0xD0, 0x20, 0x1C, 0x60, 0x30, 0x69, 0x68
	.byte 0x08, 0x4A, 0x89, 0x18, 0x00, 0xF0, 0xD2, 0xF9, 0x20, 0x1C, 0x64, 0x30, 0xA9, 0x68, 0x00, 0xF0
	.byte 0xCD, 0xF9, 0x20, 0x1C, 0x68, 0x30, 0xE9, 0x68, 0xA0, 0x23, 0xDB, 0x00, 0xC9, 0x18, 0x00, 0xF0
	.byte 0xC5, 0xF9, 0x2B, 0xE0, 0x00, 0xCE, 0xFF, 0xFF, 0x21, 0x1C, 0x78, 0x31, 0x0A, 0x88, 0x00, 0x23
	.byte 0xC8, 0x5E, 0x31, 0x28, 0x02, 0xDD, 0x02, 0x31, 0x03, 0x20, 0x1E, 0xE0, 0x50, 0x1C, 0x08, 0x80
	.byte 0x1C, 0xE0, 0xA1, 0x6E, 0x00, 0x29, 0x06, 0xDA, 0xE0, 0x6E, 0x09, 0x18, 0xA1, 0x66, 0x21, 0x6F
	.byte 0x40, 0x18, 0xE0, 0x66, 0x01, 0xE0, 0x00, 0x20, 0xA0, 0x66, 0x20, 0x68, 0xD6, 0x21, 0x89, 0x00
	.byte 0x40, 0x18, 0x01, 0x88, 0x20, 0x20, 0x08, 0x40, 0x00, 0x28, 0x07, 0xD0, 0x20, 0x1C, 0x78, 0x30
	.byte 0x00, 0x21, 0x01, 0x80, 0x21, 0x1C, 0x7A, 0x31, 0x02, 0x20, 0x08, 0x70, 0x20, 0x1C, 0x00, 0xF0
	.byte 0x6F, 0xF9, 0x2A, 0xE0, 0x25, 0x1C, 0x74, 0x35, 0x00, 0x22, 0xA8, 0x5E, 0x00, 0x28, 0x13, 0xDD
	.byte 0x20, 0x1C, 0x60, 0x30, 0x06, 0x49, 0x2A, 0x88, 0x41, 0xF7, 0x14, 0xFC, 0x20, 0x1C, 0x68, 0x30
	.byte 0x04, 0x49, 0x2A, 0x88, 0x41, 0xF7, 0x0E, 0xFC, 0x28, 0x88, 0x01, 0x38, 0x28, 0x80, 0x14, 0xE0
	.byte 0x00, 0xB0, 0xFF, 0xFF, 0x00, 0xEC, 0xFF, 0xFF, 0x21, 0x1C, 0x7A, 0x31, 0x08, 0x78, 0x01, 0x30
	.byte 0x08, 0x70, 0x0A, 0xE0
_080C40FC:
	ldr r0, [r4, #0x00]
	movs r3, #0xD6
	lsls r3, r3, #0x02
	adds r0, r0, r3
	ldrh r2, [r0, #0x00]
	movs r1, #0x09
	negs r1, r1
	ands r1, r2
	strh r1, [r0, #0x00]
	movs r0, #0x00
	b _080C4120
	.byte 0x20, 0x1D, 0x21, 0x6E, 0x62, 0x6E, 0xA3, 0x6E, 0x4E, 0xF7, 0x03, 0xF9, 0x01, 0x20
_080C4120:
	pop {r4, r5}
	pop {r1}
	bx r1
	.byte 0x00, 0x00
	thumb_func_start task_bos_dsd_ita_2
task_bos_dsd_ita_2: @ 080C4128
	push {r4, r5, r6, r7, lr}
	mov r7, r9
	mov r6, r8
	push {r6, r7}
	add sp, #-0x014
	adds r6, r0, #0x0
	ldr r0, [r6, #0x00]
	movs r1, #0xD6
	lsls r1, r1, #0x02
	adds r0, r0, r1
	ldrh r1, [r0, #0x00]
	movs r0, #0x20
	ands r0, r1
	cmp r0, #0x00
	beq _080C416C
	movs r2, #0x80
	lsls r2, r2, #0x04
	mov r8, r2
	ldr r0, [r6, #0x64]
	ldr r4, _080C4164 @ =0xFFFFC000
	adds r0, r0, r4
	asrs r0, r0, #0x08
	lsls r0, r0, #0x02
	ldr r5, _080C4168 @ =0xFFFFEFFC
	adds r1, r5, #0x0
	subs r1, r1, r0
	lsls r1, r1, #0x10
	lsrs r1, r1, #0x10
	mov r9, r1
	b _080C418A
_080C4164: .4byte 0xFFFFC000
_080C4168: .4byte 0xFFFFEFFC
_080C416C:
	ldr r0, [r6, #0x64]
	bl func_0801AF1C
	lsls r0, r0, #0x10
	lsrs r0, r0, #0x10
	mov r8, r0
	ldr r1, [r6, #0x64]
	asrs r1, r1, #0x08
	lsls r1, r1, #0x02
	ldr r7, _080C41E8 @ =0xFFFFEFFA
	adds r0, r7, #0x0
	subs r0, r0, r1
	lsls r0, r0, #0x10
	lsrs r0, r0, #0x10
	mov r9, r0
_080C418A:
	mov r5, sp
	adds r5, #0x12
	ldr r2, [r6, #0x60]
	ldr r3, [r6, #0x64]
	ldr r0, [r6, #0x68]
	str r0, [sp, #0x000]
	add r0, sp, #0x010
	adds r1, r5, #0x0
	bl func_0801909C
	add r0, sp, #0x010
	movs r1, #0x00
	ldsh r0, [r0, r1]
	movs r2, #0x00
	ldsh r1, [r5, r2]
	adds r2, r6, #0x0
	adds r2, #0x88
	ldr r2, [r2, #0x00]
	ldr r4, [r6, #0x00]
	movs r7, #0xDA
	lsls r7, r7, #0x02
	adds r3, r4, r7
	ldr r3, [r3, #0x00]
	adds r7, #0x04
	adds r4, r4, r7
	ldr r4, [r4, #0x00]
	str r4, [sp, #0x000]
	movs r4, #0x00
	str r4, [sp, #0x004]
	mov r4, r8
	str r4, [sp, #0x008]
	mov r7, r9
	str r7, [sp, #0x00C]
	bl func_080023E0
	ldr r0, [r6, #0x68]
	cmp r0, #0x00
	blt _080C41F0
	ldr r0, _080C41EC @ =0x02039B84
	ldr r0, [r0, #0x00]
	ldr r1, [r0, #0x24]
	movs r0, #0x80
	lsls r0, r0, #0x01
	cmp r1, r0
	bne _080C41F0
	movs r7, #0x00
	b _080C421A
_080C41E8: .4byte 0xFFFFEFFA
_080C41EC: .4byte 0x02039B84
_080C41F0:
	ldr r0, [r6, #0x68]
	negs r0, r0
	cmp r0, #0x00
	bge _080C41FA
	adds r0, #0x7F
_080C41FA:
	asrs r0, r0, #0x07
	movs r1, #0x80
	lsls r1, r1, #0x01
	subs r2, r1, r0
	cmp r2, #0x7F
	bgt _080C4208
	movs r2, #0x80
_080C4208:
	movs r3, #0x00
	cmp r2, r1
	ble _080C4210
	movs r3, #0x01
_080C4210:
	movs r0, #0x00
	adds r1, r2, #0x0
	bl func_08002CB4
	adds r7, r0, #0x0
_080C421A:
	ldr r2, [r6, #0x60]
	ldr r3, [r6, #0x64]
	movs r0, #0x00
	str r0, [sp, #0x000]
	add r0, sp, #0x010
	adds r1, r5, #0x0
	bl func_0801909C
	add r0, sp, #0x010
	movs r1, #0x00
	ldsh r0, [r0, r1]
	movs r2, #0x00
	ldsh r1, [r5, r2]
	adds r2, r6, #0x0
	adds r2, #0x8C
	ldr r2, [r2, #0x00]
	ldr r4, [r6, #0x00]
	movs r5, #0xDA
	lsls r5, r5, #0x02
	adds r3, r4, r5
	ldr r3, [r3, #0x00]
	adds r5, #0x08
	adds r4, r4, r5
	ldr r4, [r4, #0x00]
	str r4, [sp, #0x000]
	str r7, [sp, #0x004]
	movs r4, #0xC0
	lsls r4, r4, #0x04
	str r4, [sp, #0x008]
	ldr r4, _080C426C @ =0x0000FFF0
	str r4, [sp, #0x00C]
	bl func_080023E0
	add sp, #0x014
	pop {r3, r4}
	mov r8, r3
	mov r9, r4
	pop {r4, r5, r6, r7}
	pop {r0}
	bx r0
	.byte 0x00, 0x00
_080C426C: .4byte 0x0000FFF0
	thumb_func_start task_bos_dsd_ita_3
task_bos_dsd_ita_3: @ 080C4270
	push {lr}
	adds r0, #0x04
	bl func_08012304
	pop {r0}
	bx r0
	thumb_func_start func_080C427C
func_080C427C: @ 080C427C
	push {r4, r5, lr}
	adds r3, r0, #0x0
	ldr r0, _080C42C8 @ =0x02039B84
	ldr r0, [r0, #0x00]
	adds r0, #0xF0
	adds r1, r3, #0x4
	ldr r0, [r0, #0x00]
	cmp r0, r1
	bne _080C42CC
	ldr r0, [r3, #0x00]
	movs r1, #0xD6
	lsls r1, r1, #0x02
	adds r0, r0, r1
	ldrh r1, [r0, #0x00]
	movs r0, #0x20
	ands r0, r1
	lsls r0, r0, #0x10
	asrs r5, r0, #0x10
	adds r4, r3, #0x0
	adds r4, #0x7C
	cmp r5, #0x00
	bne _080C42FA
	ldrh r1, [r4, #0x00]
	movs r0, #0x01
	orrs r0, r1
	strh r0, [r4, #0x00]
	ldr r1, [r3, #0x00]
	movs r2, #0xD6
	lsls r2, r2, #0x02
	adds r1, r1, r2
	ldrh r2, [r1, #0x00]
	movs r0, #0x20
	orrs r0, r2
	strh r0, [r1, #0x00]
	adds r0, r3, #0x0
	adds r0, #0x7E
	strh r5, [r0, #0x00]
	b _080C42FA
_080C42C8: .4byte 0x02039B84
_080C42CC:
	ldr r0, [r3, #0x00]
	movs r4, #0xD6
	lsls r4, r4, #0x02
	adds r5, r0, r4
	ldrh r1, [r5, #0x00]
	movs r0, #0x20
	ands r0, r1
	adds r4, r3, #0x0
	adds r4, #0x7C
	cmp r0, #0x00
	beq _080C42FA
	movs r0, #0x21
	negs r0, r0
	ands r0, r1
	movs r2, #0x00
	strh r0, [r5, #0x00]
	ldrh r1, [r4, #0x00]
	movs r0, #0x02
	orrs r0, r1
	strh r0, [r4, #0x00]
	adds r0, r3, #0x0
	adds r0, #0x7E
	strh r2, [r0, #0x00]
_080C42FA:
	adds r5, r4, #0x0
	ldrh r1, [r5, #0x00]
	movs r0, #0x02
	ands r0, r1
	cmp r0, #0x00
	beq _080C434A
	ldr r1, _080C4338 @ =0x0961A860
	movs r0, #0x7E
	adds r0, r0, r3
	mov r12, r0
	movs r2, #0x00
	ldsh r0, [r0, r2]
	lsls r0, r0, #0x01
	adds r0, r0, r1
	adds r2, r3, #0x0
	adds r2, #0x80
	movs r4, #0x00
	ldsh r3, [r0, r4]
	lsls r1, r3, #0x08
	ldr r0, [r2, #0x00]
	subs r0, r0, r1
	str r0, [r2, #0x00]
	cmp r3, #0x00
	bne _080C4340
	ldrh r1, [r5, #0x00]
	ldr r0, _080C433C @ =0x0000FFFD
	ands r0, r1
	strh r0, [r5, #0x00]
	str r3, [r2, #0x00]
	b _080C4390
	.byte 0x00, 0x00
_080C4338: .4byte 0x0961A860
_080C433C: .4byte 0x0000FFFD
_080C4340:
	mov r5, r12
	ldrh r0, [r5, #0x00]
	adds r0, #0x01
	strh r0, [r5, #0x00]
	b _080C4390
_080C434A:
	movs r0, #0x01
	ands r0, r1
	cmp r0, #0x00
	beq _080C4390
	ldr r1, _080C4380 @ =0x0961A860
	movs r0, #0x7E
	adds r0, r0, r3
	mov r12, r0
	movs r2, #0x00
	ldsh r0, [r0, r2]
	lsls r0, r0, #0x01
	adds r0, r0, r1
	adds r2, r3, #0x0
	adds r2, #0x80
	movs r5, #0x00
	ldsh r3, [r0, r5]
	lsls r1, r3, #0x08
	ldr r0, [r2, #0x00]
	adds r0, r0, r1
	str r0, [r2, #0x00]
	cmp r3, #0x00
	bne _080C4388
	ldrh r1, [r4, #0x00]
	ldr r0, _080C4384 @ =0x0000FFFE
	ands r0, r1
	strh r0, [r4, #0x00]
	b _080C4390
_080C4380: .4byte 0x0961A860
_080C4384: .4byte 0x0000FFFE
_080C4388:
	mov r1, r12
	ldrh r0, [r1, #0x00]
	adds r0, #0x01
	strh r0, [r1, #0x00]
_080C4390:
	pop {r4, r5}
	pop {r0}
	bx r0
	.byte 0x00, 0x00, 0x10, 0xB5, 0x03, 0x1C, 0x1A, 0x1C, 0x76, 0x32, 0x14, 0x88, 0x00, 0x20, 0x11, 0x5E
	.byte 0x06, 0x48, 0x81, 0x42, 0x0B, 0xDD, 0x18, 0x1C, 0x74, 0x30, 0x1E, 0x21, 0x01, 0x80, 0x19, 0x1C
	.byte 0x7A, 0x31, 0x04, 0x20, 0x08, 0x70, 0x04, 0xE0, 0x00, 0x00, 0x57, 0x02, 0x00, 0x00, 0x60, 0x1C
	.byte 0x10, 0x80, 0x18, 0x68, 0xCD, 0x21, 0x89, 0x00, 0x40, 0x18, 0x00, 0x68, 0x0B, 0x28, 0x03, 0xD1
	.byte 0x19, 0x1C, 0x7A, 0x31, 0x04, 0x20, 0x08, 0x70, 0x10, 0xBC, 0x01, 0xBC, 0x00, 0x47
	thumb_func_start func_080C43E4
func_080C43E4: @ 080C43E4
	push {r4, lr}
	adds r4, r0, #0x0
	ldr r3, [r4, #0x00]
	subs r0, r1, r3
	asrs r2, r0, #0x01
	cmp r1, r3
	ble _080C4404
	ldr r0, _080C4400 @ =0x000004FF
	cmp r2, r0
	ble _080C4410
	movs r2, #0xA0
	lsls r2, r2, #0x03
	b _080C4410
	.byte 0x00, 0x00
_080C4400: .4byte 0x000004FF
_080C4404:
	cmp r1, r3
	bge _080C4414
	ldr r0, _080C441C @ =0xFFFFFB00
	cmp r2, r0
	bgt _080C4410
	adds r2, r0, #0x0
_080C4410:
	adds r0, r3, r2
	str r0, [r4, #0x00]
_080C4414:
	pop {r4}
	pop {r0}
	bx r0
	.byte 0x00, 0x00
_080C441C: .4byte 0xFFFFFB00
	thumb_func_start task_bos_dsd_rock_0
task_bos_dsd_rock_0: @ 080C4420
	push {r4, r5, r6, lr}
	adds r6, r0, #0x0
	str r1, [r6, #0x00]
	bl func_080065A4
	lsls r0, r0, #0x10
	lsrs r0, r0, #0x10
	movs r1, #0x01
	ands r0, r1
	adds r5, r6, #0x0
	adds r5, #0x20
	strb r0, [r5, #0x00]
	bl func_080065A4
	ldr r4, _080C44A4 @ =0x09EF3BF8
	lsls r0, r0, #0x10
	lsrs r0, r0, #0x10
	movs r1, #0x03
	bl func_0811D7CC
	lsls r0, r0, #0x10
	lsrs r0, r0, #0x0E
	adds r0, #0x04
	adds r0, r0, r4
	ldr r0, [r0, #0x00]
	str r0, [r6, #0x1C]
	ldr r0, [r6, #0x00]
	movs r1, #0xD7
	lsls r1, r1, #0x02
	adds r0, r0, r1
	ldr r0, [r0, #0x00]
	cmp r0, #0x00
	ble _080C44F8
	ldrb r0, [r5, #0x00]
	cmp r0, #0x00
	beq _080C44B4
	bl func_080065A4
	lsls r0, r0, #0x10
	lsrs r0, r0, #0x10
	ldr r1, _080C44A8 @ =0x00000301
	bl func_0811D7CC
	lsls r0, r0, #0x10
	lsrs r0, r0, #0x10
	movs r2, #0xE0
	lsls r2, r2, #0x03
	adds r5, r0, r2
	bl func_080065A4
	lsls r0, r0, #0x10
	lsrs r0, r0, #0x10
	movs r1, #0x0D
	bl func_0811D7CC
	adds r0, #0x3A
	lsls r0, r0, #0x18
	lsrs r4, r0, #0x18
	ldr r0, _080C44AC @ =0x02039B84
	ldr r1, [r0, #0x00]
	ldr r0, [r1, #0x00]
	ldr r2, _080C44B0 @ =0xFFFF7800
	adds r0, r0, r2
	str r0, [r6, #0x04]
	adds r1, #0xE0
	b _080C4582
_080C44A4: .4byte 0x09EF3BF8
_080C44A8: .4byte 0x00000301
_080C44AC: .4byte 0x02039B84
_080C44B0: .4byte 0xFFFF7800
_080C44B4:
	bl func_080065A4
	lsls r0, r0, #0x10
	lsrs r0, r0, #0x10
	ldr r1, _080C44F0 @ =0x00000201
	bl func_0811D7CC
	lsls r0, r0, #0x10
	lsrs r0, r0, #0x10
	movs r1, #0x80
	lsls r1, r1, #0x03
	adds r5, r0, r1
	bl func_080065A4
	lsls r0, r0, #0x10
	lsrs r0, r0, #0x10
	movs r1, #0x0D
	bl func_0811D7CC
	adds r0, #0x3A
	negs r0, r0
	lsls r0, r0, #0x18
	lsrs r4, r0, #0x18
	ldr r0, _080C44F4 @ =0x02039B84
	ldr r1, [r0, #0x00]
	ldr r0, [r1, #0x00]
	movs r2, #0x88
	lsls r2, r2, #0x08
	b _080C457C
	.byte 0x00, 0x00
_080C44F0: .4byte 0x00000201
_080C44F4: .4byte 0x02039B84
_080C44F8:
	ldrb r0, [r5, #0x00]
	cmp r0, #0x00
	beq _080C4548
	bl func_080065A4
	lsls r0, r0, #0x10
	lsrs r0, r0, #0x10
	ldr r1, _080C4540 @ =0x00000301
	bl func_0811D7CC
	lsls r0, r0, #0x10
	lsrs r0, r0, #0x10
	movs r1, #0xE0
	lsls r1, r1, #0x03
	adds r5, r0, r1
	bl func_080065A4
	lsls r0, r0, #0x10
	lsrs r0, r0, #0x10
	movs r1, #0x0D
	bl func_0811D7CC
	adds r0, #0x3A
	negs r0, r0
	lsls r0, r0, #0x18
	lsrs r4, r0, #0x18
	ldr r0, _080C4544 @ =0x02039B84
	ldr r1, [r0, #0x00]
	ldr r0, [r1, #0x00]
	movs r2, #0x88
	lsls r2, r2, #0x08
	adds r0, r0, r2
	str r0, [r6, #0x04]
	adds r1, #0xE0
	b _080C4582
	.byte 0x00, 0x00
_080C4540: .4byte 0x00000301
_080C4544: .4byte 0x02039B84
_080C4548:
	bl func_080065A4
	lsls r0, r0, #0x10
	lsrs r0, r0, #0x10
	ldr r1, _080C45CC @ =0x00000201
	bl func_0811D7CC
	lsls r0, r0, #0x10
	lsrs r0, r0, #0x10
	movs r1, #0x80
	lsls r1, r1, #0x03
	adds r5, r0, r1
	bl func_080065A4
	lsls r0, r0, #0x10
	lsrs r0, r0, #0x10
	movs r1, #0x0D
	bl func_0811D7CC
	adds r0, #0x3A
	lsls r0, r0, #0x18
	lsrs r4, r0, #0x18
	ldr r0, _080C45D0 @ =0x02039B84
	ldr r1, [r0, #0x00]
	ldr r0, [r1, #0x00]
	ldr r2, _080C45D4 @ =0xFFFF7800
_080C457C:
	adds r0, r0, r2
	str r0, [r6, #0x04]
	adds r1, #0xDE
_080C4582:
	movs r2, #0x00
	ldsh r0, [r1, r2]
	subs r0, #0x8C
	lsls r0, r0, #0x08
	str r0, [r6, #0x08]
	bl func_080065A4
	lsls r0, r0, #0x10
	lsrs r0, r0, #0x10
	movs r1, #0x65
	bl func_0811D7CC
	lsls r0, r0, #0x10
	lsrs r0, r0, #0x08
	str r0, [r6, #0x0C]
	ldr r1, _080C45D8 @ =0x08121400
	lsls r0, r4, #0x01
	adds r0, r0, r1
	movs r2, #0x00
	ldsh r0, [r0, r2]
	muls r0, r5
	asrs r0, r0, #0x08
	str r0, [r6, #0x10]
	adds r0, r4, #0x0
	adds r0, #0x40
	lsls r0, r0, #0x01
	adds r0, r0, r1
	movs r1, #0x00
	ldsh r0, [r0, r1]
	negs r0, r0
	muls r0, r5
	asrs r0, r0, #0x08
	str r0, [r6, #0x18]
	pop {r4, r5, r6}
	pop {r0}
	bx r0
	.byte 0x00, 0x00
_080C45CC: .4byte 0x00000201
_080C45D0: .4byte 0x02039B84
_080C45D4: .4byte 0xFFFF7800
_080C45D8: .4byte 0x08121400
	thumb_func_start task_bos_dsd_rock_1
task_bos_dsd_rock_1: @ 080C45DC
	adds r2, r0, #0x0
	ldr r0, [r2, #0x00]
	movs r1, #0xD6
	lsls r1, r1, #0x02
	adds r0, r0, r1
	ldrh r1, [r0, #0x00]
	movs r0, #0x40
	ands r0, r1
	cmp r0, #0x00
	beq _080C45FE
	ldr r0, [r2, #0x10]
	negs r0, r0
	str r0, [r2, #0x10]
	ldr r0, [r2, #0x18]
	negs r0, r0
	str r0, [r2, #0x18]
	b _080C460E
_080C45FE:
	ldr r0, [r2, #0x04]
	ldr r1, [r2, #0x10]
	adds r0, r0, r1
	str r0, [r2, #0x04]
	ldr r0, [r2, #0x0C]
	ldr r1, [r2, #0x18]
	adds r0, r0, r1
	str r0, [r2, #0x0C]
_080C460E:
	ldr r0, _080C462C @ =0x02039B84
	ldr r0, [r0, #0x00]
	ldr r3, [r0, #0x00]
	movs r1, #0x88
	lsls r1, r1, #0x08
	adds r0, r3, r1
	ldr r1, [r2, #0x04]
	cmp r1, r0
	bgt _080C4628
	ldr r2, _080C4630 @ =0xFFFF7800
	adds r0, r3, r2
	cmp r1, r0
	bge _080C4634
_080C4628:
	movs r0, #0x00
	b _080C4636
_080C462C: .4byte 0x02039B84
_080C4630: .4byte 0xFFFF7800
_080C4634:
	movs r0, #0x01
_080C4636:
	bx lr
	thumb_func_start task_bos_dsd_rock_2
task_bos_dsd_rock_2: @ 080C4638
	push {r4, r5, r6, r7, lr}
	mov r7, r8
	push {r7}
	add sp, #-0x014
	adds r5, r0, #0x0
	adds r0, #0x20
	ldrb r0, [r0, #0x00]
	cmp r0, #0x00
	beq _080C4656
	movs r7, #0x00
	movs r0, #0x0A
	mov r8, r0
	movs r6, #0x80
	lsls r6, r6, #0x03
	b _080C466C
_080C4656:
	movs r0, #0x00
	movs r1, #0x59
	movs r2, #0x59
	movs r3, #0x00
	bl func_08002CB4
	adds r7, r0, #0x0
	ldr r1, _080C46B8 @ =0x0000FFF5
	mov r8, r1
	movs r6, #0xC0
	lsls r6, r6, #0x04
_080C466C:
	mov r4, sp
	adds r4, #0x12
	ldr r2, [r5, #0x04]
	ldr r3, [r5, #0x08]
	ldr r0, [r5, #0x0C]
	str r0, [sp, #0x000]
	add r0, sp, #0x010
	adds r1, r4, #0x0
	bl func_0801909C
	add r0, sp, #0x010
	movs r2, #0x00
	ldsh r0, [r0, r2]
	movs r2, #0x00
	ldsh r1, [r4, r2]
	ldr r2, [r5, #0x1C]
	ldr r4, [r5, #0x00]
	movs r5, #0xDA
	lsls r5, r5, #0x02
	adds r3, r4, r5
	ldr r3, [r3, #0x00]
	adds r5, #0x04
	adds r4, r4, r5
	ldr r4, [r4, #0x00]
	str r4, [sp, #0x000]
	str r7, [sp, #0x004]
	str r6, [sp, #0x008]
	mov r4, r8
	str r4, [sp, #0x00C]
	bl func_080023E0
	add sp, #0x014
	pop {r3}
	mov r8, r3
	pop {r4, r5, r6, r7}
	pop {r0}
	bx r0
	.byte 0x00, 0x00
_080C46B8: .4byte 0x0000FFF5
	thumb_func_start task_bos_dsd_rock_3
task_bos_dsd_rock_3: @ 080C46BC
	bx lr
	.byte 0x00, 0x00
	thumb_func_start task_bos_dsd_circle_0
task_bos_dsd_circle_0: @ 080C46C0
	str r1, [r0, #0x00]
	ldr r1, _080C46FC @ =0x0961A89E
	movs r2, #0x00
	ldsh r1, [r1, r2]
	lsls r1, r1, #0x08
	movs r2, #0xDC
	lsls r2, r2, #0x08
	adds r1, r1, r2
	str r1, [r0, #0x08]
	ldr r1, _080C4700 @ =0x0961A8B0
	movs r2, #0x00
	ldsh r1, [r1, r2]
	lsls r1, r1, #0x08
	movs r2, #0xB4
	lsls r2, r2, #0x09
	adds r1, r1, r2
	str r1, [r0, #0x0C]
	movs r1, #0x00
	str r1, [r0, #0x10]
	movs r2, #0x00
	strh r1, [r0, #0x14]
	strh r1, [r0, #0x16]
	strb r2, [r0, #0x1A]
	strh r1, [r0, #0x1C]
	strh r1, [r0, #0x18]
	ldr r1, _080C4704 @ =0x09EF3C50
	ldr r1, [r1, #0x00]
	str r1, [r0, #0x04]
	bx lr
	.byte 0x00, 0x00
_080C46FC: .4byte 0x0961A89E
_080C4700: .4byte 0x0961A8B0
_080C4704: .4byte 0x09EF3C50
	thumb_func_start task_bos_dsd_circle_1
task_bos_dsd_circle_1: @ 080C4708
	push {r4, r5, lr}
	adds r5, r0, #0x0
	ldr r1, [r5, #0x00]
	movs r2, #0xCD
	lsls r2, r2, #0x02
	adds r0, r1, r2
	ldr r0, [r0, #0x00]
	cmp r0, #0x08
	beq _080C471E
	cmp r0, #0x00
	bne _080C4732
_080C471E:
	ldrh r1, [r5, #0x18]
	movs r4, #0x18
	ldsh r0, [r5, r4]
	cmp r0, #0x42
	ble _080C472C
_080C4728:
	movs r0, #0x00
	b _080C4942
_080C472C:
	adds r0, r1, #0x1
	strh r0, [r5, #0x18]
	b _080C4940
_080C4732:
	movs r2, #0xD4
	lsls r2, r2, #0x02
	adds r0, r1, r2
	ldrh r0, [r0, #0x00]
	subs r0, #0x01
	lsls r0, r0, #0x10
	asrs r0, r0, #0x10
	cmp r0, #0x06
	bls _080C4746
	b _080C4912
_080C4746:
	lsls r0, r0, #0x02
	ldr r1, _080C4750 @ =0x080C4754
	adds r0, r0, r1
	ldr r0, [r0, #0x00]
	mov pc, r0
_080C4750: .4byte 0x080C4754
	.byte 0x70, 0x47, 0x0C, 0x08, 0x12, 0x49, 0x0C, 0x08, 0xBC, 0x47, 0x0C, 0x08, 0x68, 0x48, 0x0C, 0x08
	.byte 0x90, 0x48, 0x0C, 0x08, 0xE8, 0x48, 0x0C, 0x08, 0x28, 0x47, 0x0C, 0x08, 0x28, 0x68, 0xD5, 0x24
	.byte 0xA4, 0x00, 0x00, 0x19, 0x00, 0x78, 0x15, 0x38, 0xA8, 0x76, 0x0C, 0x49, 0x1A, 0x20, 0x28, 0x56
	.byte 0x80, 0x00, 0x40, 0x18, 0x00, 0x68, 0x68, 0x60, 0x09, 0x49, 0x1A, 0x20, 0x28, 0x56, 0x40, 0x00
	.byte 0x40, 0x18, 0x00, 0x21, 0x40, 0x5E, 0x00, 0x02, 0xDC, 0x22, 0x12, 0x02, 0x80, 0x18, 0xA8, 0x60
	.byte 0x04, 0x49, 0x1A, 0x20, 0x28, 0x56, 0x40, 0x00, 0x40, 0x18, 0xA9, 0xE0, 0x50, 0x3C, 0xEF, 0x09
	.byte 0x9E, 0xA8, 0x61, 0x09, 0xB0, 0xA8, 0x61, 0x09, 0xA8, 0x8A, 0x01, 0x30, 0x00, 0x23, 0xA8, 0x82
	.byte 0x24, 0x4A, 0x16, 0x24, 0x29, 0x5F, 0x89, 0x18, 0x00, 0x04, 0x00, 0x14, 0x09, 0x78, 0x09, 0x06
	.byte 0x09, 0x16, 0x88, 0x42, 0x15, 0xDB, 0xAB, 0x82, 0xE8, 0x8A, 0x01, 0x30, 0xE8, 0x82, 0x00, 0x04
	.byte 0x00, 0x14, 0x07, 0x28, 0x00, 0xDD, 0xEB, 0x82, 0x28, 0x68, 0xD9, 0x21, 0x89, 0x00, 0x40, 0x18
	.byte 0x00, 0x68, 0xC0, 0x88, 0x16, 0x22, 0xA9, 0x5E, 0x49, 0x01, 0x17, 0x4A, 0x89, 0x18, 0x3E, 0xF7
	.byte 0xD3, 0xF9, 0x1C, 0x24, 0x28, 0x5F, 0x3C, 0x28, 0x01, 0xD0, 0x6E, 0x28, 0x1E, 0xD1, 0x41, 0xF7
	.byte 0xC7, 0xFE, 0x00, 0x04, 0x00, 0x0C, 0x65, 0x21, 0x58, 0xF0, 0xD6, 0xFF, 0x00, 0x04, 0x00, 0x0A
	.byte 0x0E, 0x49, 0x40, 0x18, 0xAC, 0x68, 0x24, 0x18, 0x41, 0xF7, 0xBA, 0xFE, 0x00, 0x04, 0x00, 0x0C
	.byte 0x11, 0x21, 0x58, 0xF0, 0xC9, 0xFF, 0x00, 0x04, 0x00, 0x0A, 0x09, 0x4A, 0x80, 0x18, 0xEA, 0x68
	.byte 0x12, 0x18, 0x00, 0x20, 0x21, 0x1C, 0x00, 0x23, 0x57, 0xF7, 0xC6, 0xFA, 0xA8, 0x8B, 0x01, 0x30
	.byte 0xA8, 0x83, 0x5C, 0xE0, 0x94, 0xA8, 0x61, 0x09, 0x04, 0xB9, 0x6F, 0x09, 0x00, 0xCE, 0xFF, 0xFF
	.byte 0x00, 0xF8, 0xFF, 0xFF, 0x28, 0x68, 0xD9, 0x24, 0xA4, 0x00, 0x00, 0x19, 0x00, 0x68, 0xC0, 0x88
	.byte 0x05, 0x49, 0x3E, 0xF7, 0x99, 0xF9, 0x28, 0x68, 0xD5, 0x21, 0x89, 0x00, 0x40, 0x18, 0x00, 0x78
	.byte 0x15, 0x38, 0xA8, 0x76, 0x43, 0xE0, 0x00, 0x00, 0x04, 0xB9, 0x6F, 0x09, 0x28, 0x68, 0xD5, 0x22
	.byte 0x92, 0x00, 0x80, 0x18, 0x00, 0x78, 0x15, 0x38, 0xA8, 0x76, 0x0F, 0x49, 0x1A, 0x20, 0x28, 0x56
	.byte 0x80, 0x00, 0x40, 0x18, 0x00, 0x68, 0x68, 0x60, 0x0C, 0x49, 0x1A, 0x20, 0x28, 0x56, 0x40, 0x00
	.byte 0x40, 0x18, 0x00, 0x24, 0x00, 0x5F, 0x00, 0x02, 0xDC, 0x21, 0x09, 0x02, 0x40, 0x18, 0xA8, 0x60
	.byte 0x07, 0x49, 0x1A, 0x20, 0x28, 0x56, 0x40, 0x00, 0x40, 0x18, 0x00, 0x22, 0x80, 0x5E, 0x00, 0x02
	.byte 0xB4, 0x24, 0x64, 0x02, 0x00, 0x19, 0x19, 0xE0, 0x50, 0x3C, 0xEF, 0x09, 0x9E, 0xA8, 0x61, 0x09
	.byte 0xB0, 0xA8, 0x61, 0x09, 0x00, 0x20, 0xA8, 0x76, 0x11, 0x48, 0x00, 0x68, 0x68, 0x60, 0x11, 0x48
	.byte 0x00, 0x21, 0x40, 0x5E, 0x00, 0x02, 0xDC, 0x22, 0x12, 0x02, 0x80, 0x18, 0xA8, 0x60, 0x0E, 0x48
	.byte 0x00, 0x24, 0x00, 0x5F, 0x00, 0x02, 0xB4, 0x21, 0x49, 0x02, 0x40, 0x18, 0xE8, 0x60
_080C4912:
	ldr r0, [r5, #0x00]
	movs r2, #0xCD
	lsls r2, r2, #0x02
	adds r0, r0, r2
	ldr r0, [r0, #0x00]
	cmp r0, #0x0B
	bne _080C4940
	bl func_080128EC
	lsls r0, r0, #0x18
	lsrs r0, r0, #0x18
	cmp r0, #0x01
	beq _080C492E
	b _080C4728
_080C492E:
	bl func_08006B4C
	b _080C4728
	.byte 0x50, 0x3C, 0xEF, 0x09, 0x9E, 0xA8, 0x61, 0x09, 0xB0, 0xA8, 0x61, 0x09
_080C4940:
	movs r0, #0x01
_080C4942:
	pop {r4, r5}
	pop {r1}
	bx r1
	thumb_func_start task_bos_dsd_circle_2
task_bos_dsd_circle_2: @ 080C4948
	push {r4, r5, lr}
	add sp, #-0x014
	adds r4, r0, #0x0
	mov r5, sp
	adds r5, #0x12
	ldr r2, [r4, #0x08]
	ldr r3, [r4, #0x0C]
	ldr r0, [r4, #0x10]
	str r0, [sp, #0x000]
	add r0, sp, #0x010
	adds r1, r5, #0x0
	bl func_0801909C
	add r0, sp, #0x010
	movs r1, #0x00
	ldsh r0, [r0, r1]
	movs r2, #0x00
	ldsh r1, [r5, r2]
	ldr r2, [r4, #0x04]
	ldr r4, [r4, #0x00]
	movs r5, #0xD8
	lsls r5, r5, #0x02
	adds r3, r4, r5
	ldr r3, [r3, #0x00]
	adds r5, #0x04
	adds r4, r4, r5
	ldr r4, [r4, #0x00]
	str r4, [sp, #0x000]
	movs r4, #0x00
	str r4, [sp, #0x004]
	movs r4, #0xC0
	lsls r4, r4, #0x04
	str r4, [sp, #0x008]
	ldr r4, _080C499C @ =0x0000FFFF
	str r4, [sp, #0x00C]
	bl func_080023E0
	add sp, #0x014
	pop {r4, r5}
	pop {r0}
	bx r0
	.byte 0x00, 0x00
_080C499C: .4byte 0x0000FFFF
	thumb_func_start task_bos_dsd_circle_3
task_bos_dsd_circle_3: @ 080C49A0
	bx lr
	.byte 0x00, 0x00
	thumb_func_start task_bos_dsd_energy1_0
task_bos_dsd_energy1_0: @ 080C49A4
	push {r4, r5, lr}
	mov r12, r0
	str r1, [r0, #0x00]
	movs r0, #0xBC
	lsls r0, r0, #0x08
	mov r1, r12
	str r0, [r1, #0x04]
	movs r0, #0xB4
	lsls r0, r0, #0x09
	str r0, [r1, #0x08]
	ldr r0, _080C4A2C @ =0xFFFFDC00
	str r0, [r1, #0x0C]
	movs r1, #0x00
	mov r3, r12
	str r1, [r3, #0x10]
	str r1, [r3, #0x14]
	str r1, [r3, #0x18]
	mov r2, r12
	adds r2, #0x28
	movs r0, #0xF4
	strb r0, [r2, #0x00]
	adds r3, #0x29
	strb r0, [r3, #0x00]
	movs r0, #0x80
	lsls r0, r0, #0x04
	mov r4, r12
	str r0, [r4, #0x2C]
	movs r0, #0x19
	str r0, [r4, #0x30]
	movs r3, #0x00
	strh r1, [r4, #0x34]
	strh r1, [r4, #0x36]
	strh r1, [r4, #0x38]
	movs r0, #0x0F
	strh r0, [r4, #0x3C]
	movs r0, #0x3C
	strh r0, [r4, #0x3A]
	mov r0, r12
	adds r0, #0x48
	strb r3, [r0, #0x00]
	ldr r4, _080C4A30 @ =0x08121400
	ldrb r0, [r2, #0x00]
	lsls r0, r0, #0x01
	adds r0, r0, r4
	movs r5, #0x00
	ldsh r0, [r0, r5]
	mov r5, r12
	ldr r3, [r5, #0x2C]
	muls r0, r3
	asrs r0, r0, #0x08
	str r0, [r5, #0x1C]
	str r1, [r5, #0x20]
	ldrb r0, [r2, #0x00]
	adds r0, #0x40
	lsls r0, r0, #0x01
	adds r0, r0, r4
	movs r1, #0x00
	ldsh r0, [r0, r1]
	negs r0, r0
	muls r0, r3
	asrs r0, r0, #0x08
	str r0, [r5, #0x24]
	ldr r0, _080C4A34 @ =0x08B22CBC
	str r0, [r5, #0x44]
	pop {r4, r5}
	pop {r0}
	bx r0
	.byte 0x00, 0x00
_080C4A2C: .4byte 0xFFFFDC00
_080C4A30: .4byte 0x08121400
_080C4A34: .4byte 0x08B22CBC
	thumb_func_start task_bos_dsd_energy1_1
task_bos_dsd_energy1_1: @ 080C4A38
	push {r4, r5, r6, r7, lr}
	add sp, #-0x00C
	adds r5, r0, #0x0
	movs r1, #0x34
	ldsh r0, [r5, r1]
	cmp r0, #0x05
	bhi _080C4B26
	lsls r0, r0, #0x02
	ldr r1, _080C4A50 @ =0x080C4A54
	adds r0, r0, r1
	ldr r0, [r0, #0x00]
	mov pc, r0
_080C4A50: .4byte 0x080C4A54
	.byte 0x6C, 0x4A, 0x0C, 0x08, 0x7C, 0x4A, 0x0C, 0x08, 0xAC, 0x4A, 0x0C, 0x08, 0xF4, 0x4A, 0x0C, 0x08
	.byte 0xFC, 0x4A, 0x0C, 0x08, 0x04, 0x4B, 0x0C, 0x08, 0x68, 0x68, 0xA9, 0x68, 0xEA, 0x68, 0x80, 0x23
	.byte 0x5B, 0x00, 0x4F, 0xF7, 0x31, 0xFA, 0x34, 0xE0, 0x4D, 0xF7, 0x36, 0xFF, 0x00, 0x06, 0x06, 0x0E
	.byte 0x00, 0x2E, 0x4E, 0xD1, 0x68, 0x68, 0xA9, 0x68, 0xEA, 0x68, 0x80, 0x23, 0x5B, 0x00, 0x3C, 0x27
	.byte 0xEC, 0x5F, 0x00, 0x94, 0x01, 0x96, 0x4F, 0xF7, 0x75, 0xFD, 0x02, 0x48, 0x5B, 0xF0, 0xE6, 0xF9
	.byte 0x1F, 0xE0, 0x00, 0x00, 0xBD, 0x02, 0x00, 0x00, 0x28, 0x8F, 0x01, 0x30, 0x28, 0x87, 0x00, 0x04
	.byte 0x00, 0x14, 0x3C, 0x22, 0xA9, 0x5E, 0x88, 0x42, 0x33, 0xDB, 0x29, 0x1C, 0x48, 0x31, 0x01, 0x20
	.byte 0x08, 0x70, 0x00, 0x20, 0x28, 0x87, 0x0A, 0x20, 0xE8, 0x86, 0x08, 0x48, 0x00, 0x68, 0x9A, 0x27
	.byte 0x7F, 0x00, 0xC0, 0x19, 0x00, 0x68, 0xA9, 0x68, 0x40, 0x1A, 0x0F, 0x21, 0x58, 0xF0, 0x84, 0xFD
	.byte 0x28, 0x62, 0xA8, 0x8E, 0x01, 0x30, 0xA8, 0x86, 0x1B, 0xE0, 0x00, 0x00, 0x84, 0x9B, 0x03, 0x02
	.byte 0x28, 0x1C, 0x00, 0xF0, 0xAD, 0xF8, 0x14, 0xE0, 0x28, 0x1C, 0x00, 0xF0, 0xE5, 0xF8, 0x10, 0xE0
	.byte 0xE8, 0x69, 0x29, 0x6A, 0x6A, 0x6A, 0x4F, 0xF7, 0x27, 0xFE, 0x68, 0x68, 0xE9, 0x69, 0x40, 0x18
	.byte 0x68, 0x60, 0xA8, 0x68, 0x29, 0x6A, 0x40, 0x18, 0xA8, 0x60, 0xE8, 0x68, 0x69, 0x6A, 0x40, 0x18
	.byte 0xE8, 0x60
_080C4B26:
	movs r0, #0x81
	lsls r0, r0, #0x01
	ldr r1, [r5, #0x04]
	ldr r2, [r5, #0x08]
	ldr r3, [r5, #0x0C]
	movs r4, #0x10
	str r4, [sp, #0x000]
	str r4, [sp, #0x004]
	str r4, [sp, #0x008]
	bl func_08011F78
	cmp r0, #0x01
	bne _080C4B54
	movs r0, #0x00
	bl func_08014790
	ldr r0, _080C4B50 @ =0x000002A1
	bl func_0811FE70
	b _080C4B82
	.byte 0x00, 0x00
_080C4B50: .4byte 0x000002A1
_080C4B54:
	ldr r1, [r5, #0x0C]
	ldr r0, _080C4B8C @ =0xFFFFF800
	cmp r1, r0
	bge _080C4B7C
	ldr r1, [r5, #0x04]
	ldr r0, _080C4B90 @ =0xFFFFE000
	cmp r1, r0
	ble _080C4B7C
	ldr r0, _080C4B94 @ =0x00011FFF
	cmp r1, r0
	bgt _080C4B7C
	ldr r0, [r5, #0x00]
	movs r1, #0xCD
	lsls r1, r1, #0x02
	adds r0, r0, r1
	ldr r0, [r0, #0x00]
	cmp r0, #0x08
	beq _080C4B7C
	cmp r0, #0x0B
	bne _080C4B98
_080C4B7C:
	movs r0, #0x00
	bl func_08014790
_080C4B82:
	adds r1, r5, #0x0
	adds r1, #0x48
	movs r0, #0x00
	strb r0, [r1, #0x00]
	b _080C4B9A
_080C4B8C: .4byte 0xFFFFF800
_080C4B90: .4byte 0xFFFFE000
_080C4B94: .4byte 0x00011FFF
_080C4B98:
	movs r0, #0x01
_080C4B9A:
	add sp, #0x00C
	pop {r4, r5, r6, r7}
	pop {r1}
	bx r1
	.byte 0x00, 0x00
	thumb_func_start task_bos_dsd_energy1_2
task_bos_dsd_energy1_2: @ 080C4BA4
	push {r4, r5, r6, lr}
	add sp, #-0x014
	adds r5, r0, #0x0
	adds r0, #0x48
	ldrb r0, [r0, #0x00]
	lsls r0, r0, #0x18
	asrs r0, r0, #0x18
	cmp r0, #0x01
	bne _080C4C42
	ldr r2, [r5, #0x0C]
	cmp r2, #0x00
	blt _080C4BD4
	ldr r0, _080C4BD0 @ =0x02039B84
	ldr r0, [r0, #0x00]
	ldr r1, [r0, #0x24]
	movs r0, #0x80
	lsls r0, r0, #0x01
	cmp r1, r0
	bne _080C4BD4
	movs r6, #0x00
	b _080C4C00
	.byte 0x00, 0x00
_080C4BD0: .4byte 0x02039B84
_080C4BD4:
	negs r1, r2
	cmp r1, #0x00
	bge _080C4BDC
	adds r1, #0x7F
_080C4BDC:
	asrs r1, r1, #0x07
	movs r0, #0x80
	lsls r0, r0, #0x02
	subs r2, r0, r1
	cmp r2, #0x7F
	bgt _080C4BEA
	movs r2, #0x80
_080C4BEA:
	movs r3, #0x00
	movs r0, #0x80
	lsls r0, r0, #0x01
	cmp r2, r0
	ble _080C4BF6
	movs r3, #0x01
_080C4BF6:
	movs r0, #0x00
	adds r1, r2, #0x0
	bl func_08002CB4
	adds r6, r0, #0x0
_080C4C00:
	mov r4, sp
	adds r4, #0x12
	ldr r2, [r5, #0x04]
	ldr r3, [r5, #0x08]
	movs r0, #0x00
	str r0, [sp, #0x000]
	add r0, sp, #0x010
	adds r1, r4, #0x0
	bl func_0801909C
	add r0, sp, #0x010
	movs r1, #0x00
	ldsh r0, [r0, r1]
	movs r2, #0x00
	ldsh r1, [r4, r2]
	ldr r2, [r5, #0x44]
	ldr r4, [r5, #0x00]
	movs r5, #0xDD
	lsls r5, r5, #0x02
	adds r3, r4, r5
	ldr r3, [r3, #0x00]
	adds r5, #0x04
	adds r4, r4, r5
	ldr r4, [r4, #0x00]
	str r4, [sp, #0x000]
	str r6, [sp, #0x004]
	movs r4, #0xC0
	lsls r4, r4, #0x04
	str r4, [sp, #0x008]
	ldr r4, _080C4C4C @ =0x0000FFF0
	str r4, [sp, #0x00C]
	bl func_080023E0
_080C4C42:
	add sp, #0x014
	pop {r4, r5, r6}
	pop {r0}
	bx r0
	.byte 0x00, 0x00
_080C4C4C: .4byte 0x0000FFF0
	thumb_func_start task_bos_dsd_energy1_3
task_bos_dsd_energy1_3: @ 080C4C50
	bx lr
	.byte 0x00, 0x00, 0x10, 0xB5, 0x04, 0x1C, 0x18, 0x4B, 0x22, 0x1C, 0x28, 0x32, 0x10, 0x78, 0x40, 0x00
	.byte 0xC0, 0x18, 0x00, 0x21, 0x40, 0x5E, 0xE1, 0x6A, 0x48, 0x43, 0x00, 0x12, 0xE0, 0x61, 0x10, 0x78
	.byte 0x40, 0x30, 0x40, 0x00, 0xC0, 0x18, 0x00, 0x23, 0xC0, 0x5E, 0x40, 0x42, 0x48, 0x43, 0x00, 0x12
	.byte 0x60, 0x62, 0x4C, 0x39, 0xE1, 0x62, 0x10, 0x78, 0x03, 0x38, 0x10, 0x70, 0x61, 0x68, 0xE0, 0x69
	.byte 0x09, 0x18, 0x61, 0x60, 0xA2, 0x68, 0x21, 0x6A, 0x52, 0x18, 0xA2, 0x60, 0xE3, 0x68, 0x62, 0x6A
	.byte 0x9B, 0x18, 0xE3, 0x60, 0x4F, 0xF7, 0x59, 0xFD, 0x21, 0x8F, 0x38, 0x22, 0xA0, 0x5E, 0x0F, 0x28
	.byte 0x05, 0xDD, 0xA0, 0x8E, 0x01, 0x30, 0xA0, 0x86, 0x03, 0xE0, 0x00, 0x14, 0x12, 0x08, 0x48, 0x1C
	.byte 0x20, 0x87, 0x10, 0xBC, 0x01, 0xBC, 0x00, 0x47, 0x00, 0x00, 0x30, 0xB5, 0x04, 0x1C, 0x21, 0x1C
	.byte 0x40, 0x31, 0x00, 0x22, 0x88, 0x5E, 0x00, 0x28, 0x49, 0xDD, 0x00, 0x20, 0x08, 0x80, 0x60, 0x68
	.byte 0xE1, 0x68, 0x0F, 0x4A, 0x13, 0x68, 0x98, 0x25, 0x6D, 0x00, 0x5A, 0x19, 0x12, 0x68, 0x08, 0x35
	.byte 0x5B, 0x19, 0x1B, 0x68, 0x57, 0xF7, 0x39, 0xFF, 0x22, 0x1C, 0x29, 0x32, 0x10, 0x70, 0x21, 0x1C
	.byte 0x28, 0x31, 0x00, 0x06, 0x00, 0x0E, 0x0D, 0x1C, 0x29, 0x78, 0x88, 0x42, 0x0B, 0xD3, 0x10, 0x78
	.byte 0x29, 0x78, 0x40, 0x1A, 0x00, 0x04, 0x02, 0x0C, 0x00, 0x14, 0x0A, 0x28, 0x0E, 0xDD, 0x0A, 0x22
	.byte 0x0C, 0xE0, 0x84, 0x9B, 0x03, 0x02, 0x10, 0x78, 0x29, 0x78, 0x40, 0x1A, 0x00, 0x04, 0x02, 0x0C
	.byte 0x00, 0x14, 0x0A, 0x21, 0x49, 0x42, 0x88, 0x42, 0x00, 0xDA, 0x1A, 0x4A, 0x28, 0x78, 0x80, 0x18
	.byte 0x00, 0x23, 0x28, 0x70, 0x19, 0x4A, 0x28, 0x78, 0x40, 0x00, 0x80, 0x18, 0x00, 0x21, 0x40, 0x5E
	.byte 0xE1, 0x6A, 0x48, 0x43, 0x00, 0x12, 0xE0, 0x61, 0x23, 0x62, 0x28, 0x78, 0x40, 0x30, 0x40, 0x00
	.byte 0x80, 0x18, 0x00, 0x22, 0x80, 0x5E, 0x40, 0x42, 0x48, 0x43, 0x00, 0x12, 0x60, 0x62, 0x21, 0x1C
	.byte 0x40, 0x31, 0x08, 0x88, 0x01, 0x30, 0x08, 0x80, 0xE0, 0x6A, 0x19, 0x30, 0xE0, 0x62, 0xE0, 0x69
	.byte 0x21, 0x6A, 0x62, 0x6A, 0x4F, 0xF7, 0xE9, 0xFC, 0x60, 0x68, 0xE1, 0x69, 0x40, 0x18, 0x60, 0x60
	.byte 0xA0, 0x68, 0x21, 0x6A, 0x40, 0x18, 0xA0, 0x60, 0xE0, 0x68, 0x61, 0x6A, 0x40, 0x18, 0xE0, 0x60
	.byte 0x30, 0xBC, 0x01, 0xBC, 0x00, 0x47, 0xF6, 0xFF, 0x00, 0x00, 0x00, 0x14, 0x12, 0x08
	thumb_func_start task_bos_dsd_energy2_0
task_bos_dsd_energy2_0: @ 080C4DB0
	push {r4, r5, r6, r7, lr}
	add sp, #-0x008
	adds r6, r0, #0x0
	str r1, [r6, #0x00]
	movs r0, #0xBC
	lsls r0, r0, #0x08
	str r0, [r6, #0x04]
	movs r0, #0xB4
	lsls r0, r0, #0x09
	str r0, [r6, #0x08]
	ldr r0, _080C4E28 @ =0xFFFFD400
	str r0, [r6, #0x0C]
	movs r1, #0x00
	movs r5, #0x00
	strh r5, [r6, #0x2C]
	strh r5, [r6, #0x2E]
	strh r5, [r6, #0x30]
	movs r0, #0x0F
	strh r0, [r6, #0x32]
	movs r0, #0x80
	str r0, [r6, #0x10]
	str r0, [r6, #0x14]
	str r5, [r6, #0x20]
	str r5, [r6, #0x24]
	ldr r0, _080C4E2C @ =0xFFFFFB00
	str r0, [r6, #0x28]
	adds r0, r6, #0x0
	adds r0, #0x34
	strb r1, [r0, #0x00]
	adds r0, #0x08
	strb r1, [r0, #0x00]
	ldr r0, _080C4E30 @ =0x08B22CBC
	str r0, [r6, #0x38]
	ldr r0, [r6, #0x04]
	ldr r1, [r6, #0x08]
	ldr r2, [r6, #0x0C]
	ldr r3, [r6, #0x10]
	movs r7, #0x32
	ldsh r4, [r6, r7]
	str r4, [sp, #0x000]
	str r5, [sp, #0x004]
	bl func_08014588
	movs r0, #0xB0
	lsls r0, r0, #0x02
	bl func_0811FE70
	ldr r0, [r6, #0x00]
	ldr r1, _080C4E34 @ =0x0000035A
	adds r0, r0, r1
	ldrb r0, [r0, #0x00]
	lsls r0, r0, #0x18
	asrs r0, r0, #0x18
	cmp r0, #0x01
	beq _080C4E38
	cmp r0, #0x01
	ble _080C4E48
	cmp r0, #0x02
	beq _080C4E40
	b _080C4E48
_080C4E28: .4byte 0xFFFFD400
_080C4E2C: .4byte 0xFFFFFB00
_080C4E30: .4byte 0x08B22CBC
_080C4E34: .4byte 0x0000035A
_080C4E38:
	adds r1, r6, #0x0
	adds r1, #0x35
	movs r0, #0x05
	b _080C4E4E
_080C4E40:
	adds r1, r6, #0x0
	adds r1, #0x35
	movs r0, #0x07
	b _080C4E4E
_080C4E48:
	adds r1, r6, #0x0
	adds r1, #0x35
	movs r0, #0x03
_080C4E4E:
	strb r0, [r1, #0x00]
	add sp, #0x008
	pop {r4, r5, r6, r7}
	pop {r0}
	bx r0
	thumb_func_start task_bos_dsd_energy2_1
task_bos_dsd_energy2_1: @ 080C4E58
	push {r4, r5, r6, r7, lr}
	add sp, #-0x00C
	adds r5, r0, #0x0
	movs r1, #0x2C
	ldsh r0, [r5, r1]
	cmp r0, #0x07
	bls _080C4E68
	b _080C50CE
_080C4E68:
	lsls r0, r0, #0x02
	ldr r1, _080C4E74 @ =0x080C4E78
	adds r0, r0, r1
	ldr r0, [r0, #0x00]
	mov pc, r0
	.byte 0x00, 0x00
_080C4E74: .4byte 0x080C4E78
	.byte 0x98, 0x4E, 0x0C, 0x08, 0xCE, 0x4E, 0x0C, 0x08, 0x08, 0x4F, 0x0C, 0x08, 0x30, 0x4F, 0x0C, 0x08
	.byte 0x4A, 0x4F, 0x0C, 0x08, 0x60, 0x4F, 0x0C, 0x08, 0x00, 0x50, 0x0C, 0x08, 0x78, 0x50, 0x0C, 0x08
	.byte 0x28, 0x69, 0x69, 0x69, 0x4F, 0xF7, 0x94, 0xFC, 0x28, 0x69, 0x19, 0x30, 0x28, 0x61, 0x68, 0x69
	.byte 0x19, 0x30, 0x68, 0x61, 0x2A, 0x8E, 0x30, 0x23, 0xE9, 0x5E, 0x32, 0x26, 0xA8, 0x5F, 0x81, 0x42
	.byte 0x06, 0xDB, 0x68, 0x68, 0xA9, 0x68, 0xEA, 0x68, 0x89, 0x18, 0x6A, 0xF7, 0xD7, 0xF9, 0x87, 0xE0
	.byte 0x50, 0x1C, 0x28, 0x86, 0x01, 0xE1, 0x28, 0x6A, 0x69, 0x6A, 0xAA, 0x6A, 0x4F, 0xF7, 0x42, 0xFC
	.byte 0x68, 0x68, 0x29, 0x6A, 0x40, 0x18, 0x68, 0x60, 0xA9, 0x68, 0x6A, 0x6A, 0x89, 0x18, 0xA9, 0x60
	.byte 0xEA, 0x68, 0xAB, 0x6A, 0xD2, 0x18, 0xEA, 0x60, 0x89, 0x18, 0x6A, 0xF7, 0xBF, 0xF9, 0xE9, 0x68
	.byte 0x02, 0x48, 0x81, 0x42, 0x00, 0xDD, 0xE8, 0xE0, 0x6A, 0xE0, 0x00, 0x00, 0x00, 0x10, 0xFF, 0xFF
	.byte 0x68, 0x68, 0xA9, 0x68, 0xEA, 0x68, 0x06, 0x4B, 0x53, 0xF7, 0x2E, 0xF8, 0x05, 0x48, 0x5A, 0xF0
	.byte 0xAB, 0xFF, 0x68, 0x68, 0xA9, 0x68, 0xEA, 0x68, 0x89, 0x18, 0x6A, 0xF7, 0xA7, 0xF9, 0x57, 0xE0
	.byte 0x03, 0x01, 0x00, 0x00, 0xC1, 0x02, 0x00, 0x00, 0x68, 0x68, 0xA9, 0x68, 0xEA, 0x68, 0x89, 0x18
	.byte 0x6A, 0xF7, 0x9C, 0xF9, 0x4D, 0xF7, 0xD6, 0xFC, 0x00, 0x06, 0x00, 0x28, 0x00, 0xD0, 0xC4, 0xE0
	.byte 0x46, 0xE0, 0x04, 0x48, 0x00, 0x68, 0xB3, 0x30, 0x01, 0x78, 0x00, 0x20, 0x08, 0x22, 0x41, 0xF7
	.byte 0x6F, 0xF9, 0x3D, 0xE0, 0x84, 0x9B, 0x03, 0x02, 0x41, 0xF7, 0x20, 0xFB, 0x1E, 0x4F, 0x39, 0x68
	.byte 0xCE, 0x6F, 0x74, 0x68, 0x1D, 0x49, 0x64, 0x18, 0x00, 0x04, 0x00, 0x0C, 0x1C, 0x49, 0x58, 0xF0
	.byte 0x29, 0xFC, 0x00, 0x04, 0x00, 0x0C, 0x24, 0x18, 0x6C, 0x60, 0x1A, 0x4B, 0xE4, 0x18, 0x1A, 0x48
	.byte 0x84, 0x42, 0x01, 0xD9, 0x70, 0x68, 0x68, 0x60, 0x41, 0xF7, 0x08, 0xFB, 0x39, 0x68, 0xCC, 0x6F
	.byte 0x00, 0x04, 0x00, 0x0C, 0x15, 0x49, 0x58, 0xF0, 0x15, 0xFC, 0x00, 0x04, 0x00, 0x0C, 0x14, 0x4E
	.byte 0x80, 0x19, 0xA1, 0x68, 0x09, 0x18, 0xA9, 0x60, 0x12, 0x4A, 0xEA, 0x60, 0xC0, 0x20, 0xC0, 0x00
	.byte 0xA8, 0x62, 0x68, 0x68, 0x80, 0x23, 0x5B, 0x00, 0x32, 0x26, 0xAC, 0x5F, 0x00, 0x94, 0x00, 0x24
	.byte 0x01, 0x94, 0x4F, 0xF7, 0xDD, 0xFA, 0x29, 0x1C, 0x3C, 0x31, 0x01, 0x20, 0x08, 0x70, 0x2C, 0x86
	.byte 0xA8, 0x8D, 0x01, 0x30, 0xA8, 0x85, 0x78, 0xE0, 0x84, 0x9B, 0x03, 0x02, 0x00, 0xC0, 0xFF, 0xFF
	.byte 0x01, 0x80, 0x00, 0x00, 0xFF, 0x0F, 0x00, 0x00, 0xFE, 0x1F, 0x01, 0x00, 0x01, 0x40, 0x00, 0x00
	.byte 0x00, 0xDC, 0xFF, 0xFF, 0x00, 0x10, 0xFF, 0xFF, 0xAA, 0x6A, 0x00, 0x20, 0x00, 0x21, 0x4F, 0xF7
	.byte 0xA9, 0xFB, 0xEB, 0x68, 0xA8, 0x6A, 0x1B, 0x18, 0xEB, 0x60, 0x82, 0x20, 0x40, 0x00, 0x69, 0x68
	.byte 0xAA, 0x68, 0x10, 0x24, 0x00, 0x94, 0x01, 0x94, 0x02, 0x94, 0x4C, 0xF7, 0xA9, 0xFF, 0x01, 0x28
	.byte 0x0B, 0xD1, 0x10, 0x48, 0x5A, 0xF0, 0x20, 0xFF, 0x00, 0x20, 0x4F, 0xF7, 0xAD, 0xFB, 0x29, 0x1C
	.byte 0x3C, 0x31, 0x00, 0x20, 0x08, 0x70, 0x07, 0x20, 0xA8, 0x85, 0xE9, 0x68, 0x0A, 0x48, 0x81, 0x42
	.byte 0x0B, 0xDB, 0x00, 0x20, 0x4F, 0xF7, 0xA0, 0xFB, 0x08, 0x48, 0x5A, 0xF0, 0x0D, 0xFF, 0x29, 0x1C
	.byte 0x3C, 0x31, 0x00, 0x20, 0x08, 0x70, 0x07, 0x20, 0xA8, 0x85, 0x28, 0x8E, 0x01, 0x30, 0x28, 0x86
	.byte 0x33, 0xE0, 0x00, 0x00, 0x9E, 0x02, 0x00, 0x00, 0x00, 0xF8, 0xFF, 0xFF, 0xBF, 0x02, 0x00, 0x00
	.byte 0x2A, 0x1C, 0x34, 0x32, 0x00, 0x21, 0x51, 0x56, 0x28, 0x1C, 0x35, 0x30, 0x00, 0x78, 0x00, 0x06
	.byte 0x00, 0x16, 0x01, 0x38, 0x81, 0x42, 0x0E, 0xDB, 0x4D, 0xF7, 0x2C, 0xFC, 0x00, 0x06, 0x00, 0x28
	.byte 0x35, 0xD1, 0x41, 0xF7, 0x57, 0xFD, 0x00, 0x20, 0x08, 0x21, 0x41, 0xF7, 0xA1, 0xF8, 0xA8, 0x8D
	.byte 0x01, 0x30, 0xA8, 0x85, 0x2B, 0xE0, 0x29, 0x8E, 0x30, 0x23, 0xE8, 0x5E, 0x31, 0x28, 0x07, 0xDD
	.byte 0x00, 0x20, 0x28, 0x86, 0x10, 0x78, 0x01, 0x30, 0x10, 0x70, 0x05, 0x20, 0xA8, 0x85, 0x04, 0xE0
	.byte 0x48, 0x1C, 0x28, 0x86, 0x01, 0xE0
_080C50CE:
	movs r0, #0x00
	b _080C5108
	.byte 0x28, 0x68, 0xCD, 0x26, 0xB6, 0x00, 0x80, 0x19, 0x00, 0x68, 0x08, 0x28, 0x01, 0xD0, 0x0B, 0x28
	.byte 0x10, 0xD1, 0x4D, 0xF7, 0x02, 0xFC, 0x00, 0x06, 0x00, 0x0E, 0x01, 0x28, 0x05, 0xD1, 0x41, 0xF7
	.byte 0x2C, 0xFD, 0x00, 0x20, 0x08, 0x21, 0x41, 0xF7, 0x76, 0xF8, 0x29, 0x1C, 0x3C, 0x31, 0x00, 0x20
	.byte 0x08, 0x70, 0x00, 0xE0, 0x01, 0x20
_080C5108:
	add sp, #0x00C
	pop {r4, r5, r6, r7}
	pop {r1}
	bx r1
	thumb_func_start task_bos_dsd_energy2_2
task_bos_dsd_energy2_2: @ 080C5110
	push {r4, r5, r6, lr}
	add sp, #-0x014
	adds r5, r0, #0x0
	adds r0, #0x3C
	ldrb r0, [r0, #0x00]
	lsls r0, r0, #0x18
	asrs r0, r0, #0x18
	cmp r0, #0x01
	bne _080C51B4
	ldr r2, [r5, #0x0C]
	cmp r2, #0x00
	blt _080C5140
	ldr r0, _080C513C @ =0x02039B84
	ldr r0, [r0, #0x00]
	ldr r1, [r0, #0x24]
	movs r0, #0x80
	lsls r0, r0, #0x01
	cmp r1, r0
	bne _080C5140
	movs r6, #0x00
	b _080C516C
	.byte 0x00, 0x00
_080C513C: .4byte 0x02039B84
_080C5140:
	negs r1, r2
	cmp r1, #0x00
	bge _080C5148
	adds r1, #0x7F
_080C5148:
	asrs r1, r1, #0x07
	movs r0, #0x80
	lsls r0, r0, #0x02
	subs r2, r0, r1
	cmp r2, #0x7F
	bgt _080C5156
	movs r2, #0x80
_080C5156:
	movs r3, #0x00
	movs r0, #0x80
	lsls r0, r0, #0x01
	cmp r2, r0
	ble _080C5162
	movs r3, #0x01
_080C5162:
	movs r0, #0x00
	adds r1, r2, #0x0
	bl func_08002CB4
	adds r6, r0, #0x0
_080C516C:
	mov r4, sp
	adds r4, #0x12
	ldr r2, [r5, #0x04]
	movs r0, #0x80
	lsls r0, r0, #0x01
	adds r2, r2, r0
	ldr r3, [r5, #0x08]
	movs r0, #0x00
	str r0, [sp, #0x000]
	add r0, sp, #0x010
	adds r1, r4, #0x0
	bl func_0801909C
	add r0, sp, #0x010
	movs r1, #0x00
	ldsh r0, [r0, r1]
	movs r2, #0x00
	ldsh r1, [r4, r2]
	ldr r2, [r5, #0x38]
	ldr r4, [r5, #0x00]
	movs r5, #0xDD
	lsls r5, r5, #0x02
	adds r3, r4, r5
	ldr r3, [r3, #0x00]
	adds r5, #0x04
	adds r4, r4, r5
	ldr r4, [r4, #0x00]
	str r4, [sp, #0x000]
	str r6, [sp, #0x004]
	movs r4, #0xC0
	lsls r4, r4, #0x04
	str r4, [sp, #0x008]
	ldr r4, _080C51BC @ =0x0000FFF0
	str r4, [sp, #0x00C]
	bl func_080023E0
_080C51B4:
	add sp, #0x014
	pop {r4, r5, r6}
	pop {r0}
	bx r0
_080C51BC: .4byte 0x0000FFF0
	thumb_func_start task_bos_dsd_energy2_3
task_bos_dsd_energy2_3: @ 080C51C0
	bx lr
	.byte 0x00, 0x00
