@ Generated with Luvdis v0.8.0
.syntax unified
.text
@ Begin embedded Luvdis macros
	.macro arm_func_start name
	.align 2, 0
	.global \name
	.arm
	.type \name, %function
	.endm

	.macro arm_func_end name
	.size \name, .-\name
	.endm

	.macro thumb_func_start name
	.align 2, 0
	.global \name
	.thumb
	.thumb_func
	.type \name, %function
	.endm

	.macro non_word_aligned_thumb_func_start name
	.global \name
	.thumb
	.thumb_func
	.type \name, %function
	.endm

	.macro thumb_func_end name
	.size \name, .-\name
	.endm
@ End embedded Luvdis macros

	thumb_func_start task_bos_ga_0
task_bos_ga_0: @ 080FB608
	push {r4, r5, r6, r7, lr}
	adds r6, r0, #0x0
	adds r7, r1, #0x0
	ldr r0, _080FB61C @ =0x02034FE8
	str r6, [r0, #0x00]
	cmp r7, #0x00
	bne _080FB620
	movs r0, #0x01
	b _080FB622
	.byte 0x00, 0x00
_080FB61C: .4byte 0x02034FE8
_080FB620:
	movs r0, #0x00
_080FB622:
	str r0, [r6, #0x00]
	ldr r0, [r6, #0x00]
	str r0, [r6, #0x04]
	movs r0, #0x00
	movs r4, #0x00
	strh r4, [r6, #0x0E]
	str r4, [r6, #0x08]
	strh r4, [r6, #0x10]
	strh r4, [r6, #0x12]
	strh r4, [r6, #0x14]
	str r4, [r6, #0x18]
	strb r0, [r6, #0x1C]
	ldr r1, _080FB6FC @ =0x00000A4C
	adds r0, r6, r1
	str r4, [r0, #0x00]
	movs r0, #0xA5
	lsls r0, r0, #0x04
	adds r1, r6, r0
	movs r0, #0x3C
	strh r0, [r1, #0x00]
	ldr r5, _080FB700 @ =0x02039B84
	ldr r0, [r5, #0x00]
	adds r0, #0x40
	ldr r1, _080FB704 @ =0x09EDB338
	ldr r2, _080FB708 @ =0x0999202C
	bl func_08000E14
	ldr r2, [r5, #0x00]
	adds r1, r2, #0x0
	adds r1, #0xCC
	movs r0, #0xE2
	lsls r0, r0, #0x08
	str r0, [r1, #0x00]
	adds r0, r2, #0x0
	adds r0, #0xD0
	movs r1, #0xAF
	lsls r1, r1, #0x09
	str r1, [r0, #0x00]
	adds r0, #0x04
	str r4, [r0, #0x00]
	movs r0, #0x82
	lsls r0, r0, #0x08
	movs r2, #0x00
	bl func_0801BCC0
	adds r5, r6, #0x0
	adds r5, #0x20
_080FB680:
	adds r0, r6, #0x0
	adds r1, r4, #0x0
	adds r2, r7, #0x0
	bl func_080F80FC
	adds r4, #0x01
	cmp r4, #0x05
	bls _080FB680
	adds r0, r5, #0x0
	movs r1, #0x01
	bl func_0801C2DC
	movs r1, #0xE4
	lsls r1, r1, #0x01
	adds r0, r6, r1
	movs r1, #0x01
	bl func_0801C2DC
	ldr r0, _080FB70C @ =0x09A3C89C
	movs r1, #0x20
	bl func_08002A14
	movs r1, #0xA3
	lsls r1, r1, #0x04
	adds r4, r6, r1
	str r0, [r4, #0x00]
	ldr r0, _080FB710 @ =0x08F69BC4
	movs r1, #0x20
	bl func_08002A14
	ldr r1, _080FB714 @ =0x00000A34
	adds r5, r6, r1
	str r0, [r5, #0x00]
	ldr r0, [r4, #0x00]
	ldrb r0, [r0, #0x06]
	adds r0, #0x10
	lsls r0, r0, #0x18
	lsrs r0, r0, #0x18
	movs r1, #0x01
	bl func_0801C298
	ldr r0, [r5, #0x00]
	ldrb r0, [r0, #0x06]
	adds r0, #0x10
	lsls r0, r0, #0x18
	lsrs r0, r0, #0x18
	movs r1, #0x01
	bl func_0801C298
	bl func_080065A4
	lsls r0, r0, #0x10
	lsrs r0, r0, #0x10
	movs r1, #0x03
	ands r0, r1
	adds r0, #0x01
	bl func_08083900
	pop {r4, r5, r6, r7}
	pop {r0}
	bx r0
	.byte 0x00, 0x00
_080FB6FC: .4byte 0x00000A4C
_080FB700: .4byte 0x02039B84
_080FB704: .4byte 0x09EDB338
_080FB708: .4byte 0x0999202C
_080FB70C: .4byte 0x09A3C89C
_080FB710: .4byte 0x08F69BC4
_080FB714: .4byte 0x00000A34
	thumb_func_start task_bos_ga_1
task_bos_ga_1: @ 080FB718
	push {r4, r5, r6, r7, lr}
	adds r6, r0, #0x0
	movs r7, #0x01
	movs r0, #0xA5
	lsls r0, r0, #0x04
	adds r4, r6, r0
	ldrh r0, [r4, #0x00]
	subs r0, #0x01
	strh r0, [r4, #0x00]
	lsls r0, r0, #0x10
	cmp r0, #0x00
	bgt _080FB74C
	bl func_080065A4
	lsls r0, r0, #0x10
	lsrs r0, r0, #0x10
	movs r1, #0x07
	bl func_0811D7CC
	adds r0, #0x01
	lsls r0, r0, #0x18
	lsrs r0, r0, #0x18
	bl func_08083900
	movs r0, #0x3C
	strh r0, [r4, #0x00]
_080FB74C:
	ldr r0, _080FB780 @ =0x00000A52
	adds r1, r6, r0
	movs r0, #0x00
	strb r0, [r1, #0x00]
	movs r5, #0x00
	adds r4, r6, #0x0
	adds r4, #0x20
_080FB75A:
	adds r0, r6, #0x0
	adds r1, r4, #0x0
	bl func_080FB000
	movs r0, #0xD4
	lsls r0, r0, #0x01
	adds r4, r4, r0
	adds r5, #0x01
	cmp r5, #0x05
	bls _080FB75A
	ldr r0, [r6, #0x00]
	cmp r0, #0x0B
	bhi _080FB81A
	lsls r0, r0, #0x02
	ldr r1, _080FB784 @ =0x080FB788
	adds r0, r0, r1
	ldr r0, [r0, #0x00]
	mov pc, r0
	.byte 0x00, 0x00
_080FB780: .4byte 0x00000A52
_080FB784: .4byte 0x080FB788
	.byte 0xB8, 0xB7, 0x0F, 0x08, 0xC0, 0xB7, 0x0F, 0x08, 0xC8, 0xB7, 0x0F, 0x08, 0xD0, 0xB7, 0x0F, 0x08
	.byte 0xD8, 0xB7, 0x0F, 0x08, 0xE0, 0xB7, 0x0F, 0x08, 0xE8, 0xB7, 0x0F, 0x08, 0xF0, 0xB7, 0x0F, 0x08
	.byte 0xF8, 0xB7, 0x0F, 0x08, 0x00, 0xB8, 0x0F, 0x08, 0x08, 0xB8, 0x0F, 0x08, 0x10, 0xB8, 0x0F, 0x08
	.byte 0x30, 0x1C, 0xFC, 0xF7, 0xC7, 0xFE, 0x2A, 0xE0, 0x30, 0x1C, 0xFD, 0xF7, 0xC9, 0xF8, 0x26, 0xE0
	.byte 0x30, 0x1C, 0xFD, 0xF7, 0x7D, 0xF9, 0x22, 0xE0, 0x30, 0x1C, 0xFD, 0xF7, 0xE3, 0xFB, 0x1E, 0xE0
	.byte 0x30, 0x1C, 0xFD, 0xF7, 0xB3, 0xFF, 0x1A, 0xE0, 0x30, 0x1C, 0xFE, 0xF7, 0xED, 0xF8, 0x16, 0xE0
	.byte 0x30, 0x1C, 0xFE, 0xF7, 0x1F, 0xFA, 0x12, 0xE0, 0x30, 0x1C, 0xFE, 0xF7, 0x73, 0xFB, 0x0E, 0xE0
	.byte 0x30, 0x1C, 0xFE, 0xF7, 0x5B, 0xFD, 0x0A, 0xE0, 0x30, 0x1C, 0xFE, 0xF7, 0x1F, 0xFF, 0x06, 0xE0
	.byte 0x30, 0x1C, 0xFF, 0xF7, 0x05, 0xF9, 0x02, 0xE0, 0x30, 0x1C, 0xFF, 0xF7, 0xE7, 0xF9, 0x00, 0x06
	.byte 0x07, 0x0E
_080FB81A:
	movs r0, #0x00
	bl func_0801C1C0
	lsls r0, r0, #0x18
	cmp r0, #0x00
	beq _080FB82E
	adds r0, r6, #0x0
	movs r1, #0x0A
	bl func_080F7F54
_080FB82E:
	movs r0, #0xD2
	lsls r0, r0, #0x02
	adds r4, r6, r0
	adds r0, r4, #0x0
	bl func_08005B1C
	lsls r0, r0, #0x18
	cmp r0, #0x00
	beq _080FB864
	bl func_080065A4
	lsls r0, r0, #0x10
	lsrs r0, r0, #0x10
	movs r1, #0x64
	bl func_0811D7CC
	lsls r0, r0, #0x10
	cmp r0, #0x00
	bne _080FB864
	ldr r0, [r6, #0x00]
	cmp r0, #0x0B
	beq _080FB864
	adds r0, r4, #0x0
	movs r1, #0x01
	movs r2, #0x00
	bl func_080059A4
_080FB864:
	adds r0, r7, #0x0
	pop {r4, r5, r6, r7}
	pop {r1}
	bx r1
	thumb_func_start task_bos_ga_2
task_bos_ga_2: @ 080FB86C
	push {r4, r5, r6, lr}
	adds r5, r0, #0x0
	movs r6, #0x00
	adds r4, r5, #0x0
	adds r4, #0x20
_080FB876:
	adds r0, r5, #0x0
	adds r1, r4, #0x0
	bl func_080F83E0
	movs r0, #0xD4
	lsls r0, r0, #0x01
	adds r4, r4, r0
	adds r6, #0x01
	cmp r6, #0x05
	bls _080FB876
	pop {r4, r5, r6}
	pop {r0}
	bx r0
	thumb_func_start task_bos_ga_3
task_bos_ga_3: @ 080FB890
	push {r4, r5, r6, lr}
	adds r6, r0, #0x0
	movs r5, #0x00
	adds r4, r6, #0x0
	adds r4, #0x20
_080FB89A:
	adds r0, r4, #0x0
	bl func_080F8374
	movs r0, #0xD4
	lsls r0, r0, #0x01
	adds r4, r4, r0
	adds r5, #0x01
	cmp r5, #0x05
	bls _080FB89A
	ldr r1, _080FB8D4 @ =0x00000A28
	adds r0, r6, r1
	ldr r0, [r0, #0x00]
	bl func_080028C0
	movs r1, #0xA3
	lsls r1, r1, #0x04
	adds r0, r6, r1
	ldr r0, [r0, #0x00]
	bl func_08002C10
	ldr r1, _080FB8D8 @ =0x00000A34
	adds r0, r6, r1
	ldr r0, [r0, #0x00]
	bl func_08002C10
	pop {r4, r5, r6}
	pop {r0}
	bx r0
	.byte 0x00, 0x00
_080FB8D4: .4byte 0x00000A28
_080FB8D8: .4byte 0x00000A34
	.byte 0x41, 0x60, 0x82, 0x8A, 0x01, 0x21, 0x11, 0x43, 0x81, 0x82, 0x70, 0x47
	thumb_func_start func_080FB8E8
func_080FB8E8: @ 080FB8E8
	push {lr}
	lsls r1, r1, #0x10
	lsrs r1, r1, #0x10
	movs r0, #0x4C
	muls r1, r0
	ldr r0, _080FB904 @ =0x09992114
	adds r1, r1, r0
	movs r0, #0x01
	movs r2, #0x02
	movs r3, #0x02
	bl func_0800516C
	pop {r0}
	bx r0
_080FB904: .4byte 0x09992114
	thumb_func_start func_080FB908
func_080FB908: @ 080FB908
	push {lr}
	lsls r1, r1, #0x10
	lsrs r1, r1, #0x10
	ldr r3, _080FB92C @ =0x09992108
	movs r0, #0x4C
	adds r2, r1, #0x0
	muls r2, r0
	adds r0, r3, #0x4
	adds r0, r2, r0
	ldr r1, [r0, #0x00]
	adds r2, r2, r3
	ldrh r2, [r2, #0x08]
	movs r0, #0x01
	bl func_080050B8
	pop {r0}
	bx r0
	.byte 0x00, 0x00
_080FB92C: .4byte 0x09992108
	thumb_func_start func_080FB930
func_080FB930: @ 080FB930
	push {r4, r5, r6, r7, lr}
	mov r7, r10
	mov r6, r9
	mov r5, r8
	push {r5, r6, r7}
	add sp, #-0x010
	adds r7, r0, #0x0
	lsls r1, r1, #0x10
	lsrs r5, r1, #0x10
	ldrb r0, [r7, #0x1C]
	cmp r0, #0x00
	beq _080FB9FE
	adds r0, r7, #0x0
	adds r1, r5, #0x0
	bl func_080FB908
	adds r0, r7, #0x0
	adds r1, r5, #0x0
	bl func_080FB8E8
	ldr r4, _080FBA10 @ =0x09992108
	movs r0, #0x4C
	adds r3, r5, #0x0
	muls r3, r0
	adds r2, r3, r4
	ldrh r1, [r2, #0x00]
	movs r5, #0xBC
	lsls r5, r5, #0x01
	adds r0, r7, r5
	strh r1, [r0, #0x00]
	ldrh r0, [r2, #0x02]
	movs r2, #0xBD
	lsls r2, r2, #0x01
	adds r1, r7, r2
	strh r0, [r1, #0x00]
	movs r5, #0x00
	mov r8, r5
	mov r9, r4
	mov r0, r9
	adds r0, #0x24
	adds r0, r3, r0
	str r0, [sp, #0x004]
	movs r0, #0xC4
	lsls r0, r0, #0x01
	adds r5, r7, r0
	mov r0, r9
	adds r0, #0x1C
	adds r4, r3, r0
	movs r1, #0xC2
	lsls r1, r1, #0x01
	adds r1, r7, r1
	str r1, [sp, #0x000]
	adds r2, #0x06
	adds r2, r2, r7
	mov r10, r2
	movs r0, #0xC0
	lsls r0, r0, #0x01
	adds r6, r7, r0
_080FB9A4:
	mov r0, r9
	adds r0, #0x2C
	adds r0, r3, r0
	ldr r0, [r0, #0x00]
	str r0, [r6, #0x04]
	ldr r1, [r6, #0x00]
	ldr r0, [r4, #0x08]
	cmp r1, r0
	beq _080FB9E0
	mov r1, r8
	cmp r1, #0x00
	bne _080FB9E0
	ldr r0, [sp, #0x004]
	ldr r2, [r0, #0x00]
	mov r1, r10
	str r2, [r1, #0x00]
	movs r1, #0xBE
	lsls r1, r1, #0x01
	adds r0, r7, r1
	ldr r0, [r0, #0x00]
	str r0, [sp, #0x00C]
	ldr r0, [sp, #0x000]
	ldr r0, [r0, #0x00]
	mov r12, r0
	ldr r0, [sp, #0x00C]
	mov r1, r12
	str r3, [sp, #0x008]
	bl func_080038E4
	ldr r3, [sp, #0x008]
_080FB9E0:
	ldrh r0, [r4, #0x00]
	strh r0, [r5, #0x00]
	ldrh r0, [r4, #0x02]
	strh r0, [r5, #0x02]
	ldrh r0, [r4, #0x04]
	strh r0, [r5, #0x04]
	adds r5, #0x14
	adds r4, #0x14
	adds r3, #0x14
	adds r6, #0x14
	movs r1, #0x01
	add r8, r1
	mov r2, r8
	cmp r2, #0x01
	ble _080FB9A4
_080FB9FE:
	add sp, #0x010
	pop {r3, r4, r5}
	mov r8, r3
	mov r9, r4
	mov r10, r5
	pop {r4, r5, r6, r7}
	pop {r0}
	bx r0
	.byte 0x00, 0x00
_080FBA10: .4byte 0x09992108
	thumb_func_start func_080FBA14
func_080FBA14: @ 080FBA14
	push {r4, lr}
	lsls r1, r1, #0x10
	lsrs r1, r1, #0x10
	movs r2, #0xD2
	lsls r2, r2, #0x01
	adds r3, r0, r2
	movs r4, #0x00
	strh r1, [r3, #0x00]
	ldr r2, _080FBA48 @ =0x09992E24
	lsls r1, r1, #0x10
	asrs r1, r1, #0x0D
	adds r1, r1, r2
	ldr r2, [r1, #0x00]
	str r2, [r3, #0x04]
	ldrh r1, [r1, #0x04]
	strh r1, [r3, #0x08]
	strh r4, [r3, #0x0A]
	ldrh r1, [r2, #0x02]
	strh r1, [r3, #0x0C]
	ldrh r1, [r2, #0x00]
	bl func_080FB930
	pop {r4}
	pop {r0}
	bx r0
	.byte 0x00, 0x00
_080FBA48: .4byte 0x09992E24
	thumb_func_start func_080FBA4C
func_080FBA4C: @ 080FBA4C
	push {r4, lr}
	adds r3, r0, #0x0
	movs r0, #0xD2
	lsls r0, r0, #0x01
	adds r2, r3, r0
	ldrh r0, [r2, #0x0C]
	subs r0, #0x01
	strh r0, [r2, #0x0C]
	lsls r0, r0, #0x10
	cmp r0, #0x00
	bge _080FBA96
	ldrh r0, [r2, #0x0A]
	adds r0, #0x01
	strh r0, [r2, #0x0A]
	lsls r0, r0, #0x10
	asrs r0, r0, #0x10
	movs r4, #0x08
	ldsh r1, [r2, r4]
	cmp r0, r1
	blt _080FBA78
	movs r0, #0x00
	strh r0, [r2, #0x0A]
_080FBA78:
	movs r1, #0x0A
	ldsh r0, [r2, r1]
	ldr r1, [r2, #0x04]
	lsls r0, r0, #0x02
	adds r0, r0, r1
	ldrh r0, [r0, #0x02]
	strh r0, [r2, #0x0C]
	movs r4, #0x0A
	ldsh r0, [r2, r4]
	lsls r0, r0, #0x02
	adds r0, r0, r1
	ldrh r1, [r0, #0x00]
	adds r0, r3, #0x0
	bl func_080FB930
_080FBA96:
	pop {r4}
	pop {r0}
	bx r0
	.byte 0xD2, 0x21, 0x49, 0x00, 0x40, 0x18, 0x0A, 0x22, 0x81, 0x5E, 0x08, 0x22, 0x80, 0x5E, 0x01, 0x38
	.byte 0x81, 0x42, 0x01, 0xDA, 0x00, 0x20, 0x00, 0xE0, 0x01, 0x20, 0x70, 0x47, 0x70, 0xB5, 0x06, 0x1C
	.byte 0xB1, 0x8A, 0x01, 0x20, 0x08, 0x40, 0x00, 0x28, 0x01, 0xD0, 0x02, 0x20, 0xB0, 0x60, 0xB0, 0x68
	.byte 0x01, 0x28, 0x00, 0xD1, 0x7E, 0xE0, 0x01, 0x28, 0x00, 0xD3, 0xA1, 0xE0, 0x06, 0x48, 0x00, 0x68
	.byte 0xC0, 0x6F, 0x41, 0x68, 0x80, 0x20, 0x00, 0x02, 0x81, 0x42, 0x07, 0xDD, 0x30, 0x1C, 0x01, 0x21
	.byte 0xFF, 0xF7, 0x92, 0xFF, 0x06, 0xE0, 0x00, 0x00, 0x84, 0x9B, 0x03, 0x02, 0x30, 0x1C, 0x00, 0x21
	.byte 0xFF, 0xF7, 0x8A, 0xFF, 0x0D, 0x48, 0x00, 0x68, 0xC1, 0x6E, 0x80, 0x6E, 0x80, 0x22, 0x52, 0x03
	.byte 0x10, 0x40, 0x00, 0x21, 0x08, 0x43, 0x00, 0x28, 0x12, 0xD0, 0x0A, 0xF7, 0x45, 0xFD, 0x04, 0x1C
	.byte 0x0A, 0xF7, 0x42, 0xFD, 0x03, 0x22, 0x11, 0x1C, 0x21, 0x40, 0x02, 0x40, 0x89, 0x18, 0x49, 0x10
	.byte 0x88, 0x00, 0x40, 0x18, 0x80, 0x00, 0x3C, 0x30, 0xF0, 0x82, 0x71, 0xE0, 0x84, 0x9B, 0x03, 0x02
	.byte 0x30, 0x1C, 0x94, 0x30, 0x00, 0x22, 0x81, 0x5E, 0x88, 0x00, 0x40, 0x18, 0x40, 0x00, 0x31, 0x1C
	.byte 0x96, 0x31, 0x00, 0x22, 0x89, 0x5E, 0x21, 0xF0, 0x4B, 0xFD, 0x04, 0x28, 0x1B, 0xDD, 0x0A, 0xF7
	.byte 0x23, 0xFD, 0x04, 0x1C, 0x0A, 0xF7, 0x20, 0xFD, 0x05, 0x1C, 0x24, 0x04, 0x24, 0x0C, 0x20, 0x1C
	.byte 0x05, 0x21, 0x21, 0xF0, 0x2D, 0xFE, 0x04, 0x1C, 0x24, 0x04, 0x24, 0x0C, 0x2D, 0x04, 0x2D, 0x0C
	.byte 0x28, 0x1C, 0x05, 0x21, 0x21, 0xF0, 0x24, 0xFE, 0x00, 0x04, 0x00, 0x0C, 0x24, 0x18, 0x64, 0x10
	.byte 0x20, 0x01, 0x00, 0x1B, 0x1A, 0xE0, 0x0A, 0xF7, 0x07, 0xFD, 0x04, 0x1C, 0x0A, 0xF7, 0x04, 0xFD
	.byte 0x05, 0x1C, 0x24, 0x04, 0x24, 0x0C, 0x20, 0x1C, 0x06, 0x21, 0x21, 0xF0, 0x11, 0xFE, 0x04, 0x1C
	.byte 0x24, 0x04, 0x24, 0x0C, 0x2D, 0x04, 0x2D, 0x0C, 0x28, 0x1C, 0x06, 0x21, 0x21, 0xF0, 0x08, 0xFE
	.byte 0x00, 0x04, 0x00, 0x0C, 0x24, 0x18, 0x64, 0x10, 0xA0, 0x00, 0x00, 0x19, 0x40, 0x00, 0x1E, 0x30
	.byte 0xF0, 0x82, 0x25, 0xE0, 0x30, 0x1C, 0xFF, 0xF7, 0x63, 0xFF, 0x00, 0x06, 0x00, 0x28, 0x0B, 0xD0
	.byte 0x19, 0x48, 0x00, 0x68, 0xC0, 0x6F, 0x41, 0x68, 0x80, 0x20, 0x00, 0x02, 0x81, 0x42, 0x03, 0xDD
	.byte 0x30, 0x1C, 0x01, 0x21, 0xFF, 0xF7, 0x10, 0xFF, 0x13, 0x48, 0x00, 0x68, 0xA0, 0x30, 0x00, 0x68
	.byte 0x00, 0x28, 0x0D, 0xD0, 0xF0, 0x8A, 0x01, 0x38, 0xF0, 0x82, 0x00, 0x04, 0x00, 0x28, 0x07, 0xDC
	.byte 0x30, 0x1C, 0x68, 0x30, 0x20, 0xF7, 0x60, 0xF8, 0x30, 0x1C, 0x00, 0x21, 0xFF, 0xF7, 0x60, 0xFE
	.byte 0xB0, 0x68, 0x00, 0x28, 0x01, 0xD1, 0x01, 0x20, 0xB0, 0x60, 0xB0, 0x68, 0x02, 0x28, 0x07, 0xD1
	.byte 0x70, 0x68, 0x30, 0x60, 0x00, 0x20, 0xB0, 0x60, 0xB1, 0x8A, 0x04, 0x48, 0x08, 0x40, 0xB0, 0x82
	.byte 0x01, 0x20, 0x70, 0xBC, 0x02, 0xBC, 0x08, 0x47, 0x84, 0x9B, 0x03, 0x02, 0xFE, 0xFF, 0x00, 0x00
	.byte 0x10, 0xB5, 0x83, 0xB0, 0x04, 0x1C, 0xA1, 0x8A, 0x01, 0x20, 0x08, 0x40, 0x00, 0x28, 0x01, 0xD0
	.byte 0x02, 0x20, 0xA0, 0x60, 0xA0, 0x68, 0x01, 0x28, 0x66, 0xD0, 0x01, 0x28, 0x03, 0xD3, 0x02, 0x28
	.byte 0x00, 0xD1, 0x95, 0xE0, 0x98, 0xE0, 0x0C, 0x48, 0x00, 0x68, 0xC0, 0x6F, 0x41, 0x68, 0xA8, 0x20
	.byte 0x00, 0x02, 0x81, 0x42, 0x12, 0xDD, 0x0A, 0xF7, 0x8F, 0xFC, 0x00, 0x04, 0x00, 0x0C, 0x03, 0x21
	.byte 0x21, 0xF0, 0x9E, 0xFD, 0x00, 0x04, 0x00, 0x0C, 0x01, 0x28, 0x43, 0xD0, 0x01, 0x28, 0x36, 0xDD
	.byte 0x02, 0x28, 0x00, 0xD0, 0x80, 0xE0, 0x42, 0xE0, 0x84, 0x9B, 0x03, 0x02, 0xE0, 0x20, 0xC0, 0x01
	.byte 0x81, 0x42, 0x0D, 0xDD, 0x0A, 0xF7, 0x78, 0xFC, 0x00, 0x04, 0x00, 0x0C, 0x64, 0x21, 0x21, 0xF0
	.byte 0x87, 0xFD, 0x00, 0x04, 0x00, 0x0C, 0x3B, 0x28, 0x27, 0xD9, 0x59, 0x28, 0x2A, 0xD9, 0x2E, 0xE0
	.byte 0xE0, 0x20, 0x80, 0x01, 0x81, 0x42, 0x0D, 0xDD, 0x0A, 0xF7, 0x66, 0xFC, 0x00, 0x04, 0x00, 0x0C
	.byte 0x64, 0x21, 0x21, 0xF0, 0x75, 0xFD, 0x00, 0x04, 0x00, 0x0C, 0x3B, 0x28, 0x1A, 0xD9, 0x59, 0x28
	.byte 0x13, 0xD9, 0x1C, 0xE0, 0x0A, 0xF7, 0x58, 0xFC, 0x00, 0x04, 0x00, 0x0C, 0x03, 0x21, 0x21, 0xF0
	.byte 0x67, 0xFD, 0x00, 0x04, 0x00, 0x0C, 0x01, 0x28, 0x0C, 0xD0, 0x01, 0x28, 0x02, 0xDC, 0x00, 0x28
	.byte 0x03, 0xD0, 0x49, 0xE0, 0x02, 0x28, 0x0A, 0xD0, 0x46, 0xE0, 0x20, 0x1C, 0x07, 0x21, 0xFF, 0xF7
	.byte 0x7B, 0xFE, 0x41, 0xE0, 0x20, 0x1C, 0x08, 0x21, 0xFF, 0xF7, 0x76, 0xFE, 0x3C, 0xE0, 0x20, 0x1C
	.byte 0x09, 0x21, 0xFF, 0xF7, 0x71, 0xFE, 0x37, 0xE0, 0xD7, 0x21, 0x49, 0x00, 0x60, 0x18, 0x00, 0x22
	.byte 0x80, 0x5E, 0xD4, 0x22, 0x52, 0x00, 0xA1, 0x18, 0x09, 0x68, 0x80, 0x00, 0x40, 0x18, 0x00, 0x21
	.byte 0x40, 0x5E, 0x21, 0x28, 0x16, 0xDB, 0x22, 0x28, 0x03, 0xDD, 0x25, 0x28, 0x12, 0xDC, 0x24, 0x28
	.byte 0x10, 0xDB, 0xE1, 0x6E, 0x22, 0x6F, 0x63, 0x6F, 0x28, 0x20, 0x00, 0x90, 0x14, 0x20, 0x01, 0x90
	.byte 0x18, 0x20, 0x02, 0x90, 0xFB, 0x20, 0x16, 0xF7, 0x01, 0xF9, 0x00, 0x28, 0x02, 0xD0, 0x07, 0x48
	.byte 0x24, 0xF0, 0x78, 0xF8, 0x20, 0x1C, 0xFF, 0xF7, 0x8B, 0xFE, 0x00, 0x06, 0x00, 0x28, 0x0B, 0xD0
	.byte 0x20, 0x1C, 0x00, 0x21, 0xFF, 0xF7, 0xA4, 0xFD, 0x06, 0xE0, 0x00, 0x00, 0xA5, 0x02, 0x00, 0x00
	.byte 0x20, 0x1C, 0x68, 0x30, 0x1F, 0xF7, 0xB2, 0xF8, 0xA0, 0x68, 0x00, 0x28, 0x01, 0xD1, 0x01, 0x20
	.byte 0xA0, 0x60, 0xA0, 0x68, 0x02, 0x28, 0x07, 0xD1, 0x60, 0x68, 0x20, 0x60, 0x00, 0x20, 0xA0, 0x60
	.byte 0xA1, 0x8A, 0x04, 0x48, 0x08, 0x40, 0xA0, 0x82, 0x01, 0x20, 0x03, 0xB0, 0x10, 0xBC, 0x02, 0xBC
	.byte 0x08, 0x47, 0x00, 0x00, 0xFE, 0xFF, 0x00, 0x00, 0xF0, 0xB5, 0x83, 0xB0, 0x04, 0x1C, 0xA1, 0x8A
	.byte 0x01, 0x27, 0x01, 0x20, 0x08, 0x40, 0x00, 0x28, 0x01, 0xD0, 0x02, 0x20, 0xA0, 0x60, 0xA6, 0x68
	.byte 0x01, 0x2E, 0x36, 0xD0, 0x01, 0x2E, 0x03, 0xD3, 0x02, 0x2E, 0x00, 0xD1, 0xBA, 0xE0, 0xBD, 0xE0
	.byte 0x0B, 0x48, 0x00, 0x68, 0xC0, 0x6F, 0x41, 0x68, 0xA8, 0x20, 0x00, 0x02, 0x81, 0x42, 0x11, 0xDD
	.byte 0x0A, 0xF7, 0xCA, 0xFB, 0x00, 0x04, 0x00, 0x0C, 0x64, 0x21, 0x21, 0xF0, 0xD9, 0xFC, 0x00, 0x04
	.byte 0x00, 0x0C, 0x3B, 0x28, 0x11, 0xD8, 0x20, 0x1C, 0x06, 0x21, 0xFF, 0xF7, 0xF5, 0xFD, 0x15, 0xE0
	.byte 0x84, 0x9B, 0x03, 0x02, 0x0A, 0xF7, 0xB8, 0xFB, 0x00, 0x04, 0x00, 0x0C, 0x64, 0x21, 0x21, 0xF0
	.byte 0xC7, 0xFC, 0x00, 0x04, 0x00, 0x0C, 0x4F, 0x28, 0x04, 0xD8, 0x20, 0x1C, 0x05, 0x21, 0xFF, 0xF7
	.byte 0xE3, 0xFD, 0x03, 0xE0, 0x20, 0x1C, 0x06, 0x21, 0xFF, 0xF7, 0xDE, 0xFD, 0x00, 0x20, 0xA0, 0x81
	.byte 0x8C, 0xE0, 0xA5, 0x89, 0x00, 0x2D, 0x02, 0xD0, 0x01, 0x2D, 0x49, 0xD0, 0x73, 0xE0, 0xD7, 0x21
	.byte 0x49, 0x00, 0x60, 0x18, 0x00, 0x22, 0x80, 0x5E, 0xD4, 0x22, 0x52, 0x00, 0xA1, 0x18, 0x09, 0x68
	.byte 0x80, 0x00, 0x40, 0x18, 0x00, 0x21, 0x40, 0x5E, 0x12, 0x28, 0x1D, 0xD1, 0x0C, 0x48, 0x00, 0x68
	.byte 0x01, 0x68, 0x42, 0x68, 0x80, 0x20, 0x40, 0x00, 0x00, 0x90, 0x01, 0x90, 0x02, 0x96, 0xFC, 0x20
	.byte 0x00, 0x23, 0x16, 0xF7, 0x6B, 0xF8, 0x07, 0x48, 0x23, 0xF0, 0xE4, 0xFF, 0x33, 0xF7, 0x9E, 0xF9
	.byte 0xDA, 0x22, 0x52, 0x00, 0xA1, 0x18, 0x08, 0x88, 0x38, 0x43, 0x08, 0x80, 0xA6, 0x81, 0x4A, 0xE0
	.byte 0x84, 0x9B, 0x03, 0x02, 0xA7, 0x02, 0x00, 0x00, 0x1C, 0x28, 0x44, 0xD1, 0x0A, 0x48, 0x00, 0x68
	.byte 0x01, 0x68, 0x42, 0x68, 0x80, 0x20, 0x40, 0x00, 0x00, 0x90, 0x01, 0x90, 0x02, 0x96, 0xFE, 0x20
	.byte 0x00, 0x23, 0x16, 0xF7, 0x4B, 0xF8, 0x05, 0x48, 0x23, 0xF0, 0xC4, 0xFF, 0x33, 0xF7, 0x7E, 0xF9
	.byte 0xDA, 0x20, 0x40, 0x00, 0x21, 0x18, 0x29, 0xE0, 0x84, 0x9B, 0x03, 0x02, 0xA7, 0x02, 0x00, 0x00
	.byte 0xD7, 0x21, 0x49, 0x00, 0x60, 0x18, 0x00, 0x22, 0x80, 0x5E, 0xD4, 0x22, 0x52, 0x00, 0xA1, 0x18
	.byte 0x09, 0x68, 0x80, 0x00, 0x40, 0x18, 0x00, 0x21, 0x40, 0x5E, 0x16, 0x28, 0x1B, 0xD1, 0x1D, 0xF7
	.byte 0x89, 0xFD, 0x12, 0x48, 0x00, 0x68, 0x01, 0x68, 0x42, 0x68, 0x80, 0x20, 0x40, 0x00, 0x00, 0x90
	.byte 0x01, 0x90, 0x02, 0x95, 0xFC, 0x20, 0x00, 0x23, 0x16, 0xF7, 0x20, 0xF8, 0x0C, 0x48, 0x23, 0xF0
	.byte 0x99, 0xFF, 0x33, 0xF7, 0x53, 0xF9, 0xDA, 0x22, 0x52, 0x00, 0xA1, 0x18, 0x08, 0x88, 0x38, 0x43
	.byte 0x08, 0x80, 0x02, 0x20, 0xA0, 0x81, 0x20, 0x1C, 0xFF, 0xF7, 0xA2, 0xFD, 0x00, 0x06, 0x00, 0x28
	.byte 0x0C, 0xD0, 0x20, 0x1C, 0x00, 0x21, 0xFF, 0xF7, 0xBB, 0xFC, 0x07, 0xE0, 0x84, 0x9B, 0x03, 0x02
	.byte 0xA7, 0x02, 0x00, 0x00, 0x20, 0x1C, 0x68, 0x30, 0x1E, 0xF7, 0xC8, 0xFF, 0xA0, 0x68, 0x00, 0x28
	.byte 0x01, 0xD1, 0x01, 0x20, 0xA0, 0x60, 0xA0, 0x68, 0x02, 0x28, 0x07, 0xD1, 0x60, 0x68, 0x20, 0x60
	.byte 0x00, 0x20, 0xA0, 0x60, 0xA1, 0x8A, 0x04, 0x48, 0x08, 0x40, 0xA0, 0x82, 0x01, 0x20, 0x03, 0xB0
	.byte 0xF0, 0xBC, 0x02, 0xBC, 0x08, 0x47, 0x00, 0x00, 0xFE, 0xFF, 0x00, 0x00, 0x30, 0xB5, 0x86, 0xB0
	.byte 0x05, 0x1C, 0xA9, 0x8A, 0x01, 0x20, 0x08, 0x40, 0x00, 0x28, 0x01, 0xD0, 0x02, 0x20, 0xA8, 0x60
	.byte 0xAC, 0x68, 0x01, 0x2C, 0x13, 0xD0, 0x01, 0x2C, 0x03, 0xD3, 0x02, 0x2C, 0x00, 0xD1, 0xBC, 0xE0
	.byte 0xBF, 0xE0, 0xDA, 0x20, 0x40, 0x00, 0x2A, 0x18, 0x11, 0x88, 0x02, 0x20, 0x00, 0x24, 0x08, 0x43
	.byte 0x10, 0x80, 0x28, 0x1C, 0x02, 0x21, 0xFF, 0xF7, 0x17, 0xFD, 0xAC, 0x81, 0xB1, 0xE0, 0xAB, 0x89
	.byte 0x01, 0x2B, 0x25, 0xD0, 0x01, 0x2B, 0x02, 0xDC, 0x00, 0x2B, 0x04, 0xD0, 0xA9, 0xE0, 0x02, 0x2B
	.byte 0x00, 0xD1, 0x97, 0xE0, 0xA5, 0xE0, 0x28, 0x1C, 0xFF, 0xF7, 0x4A, 0xFD, 0x00, 0x06, 0x00, 0x28
	.byte 0x00, 0xD1, 0x9E, 0xE0, 0x28, 0x1C, 0x03, 0x21, 0xFF, 0xF7, 0xFE, 0xFC, 0xE8, 0x6E, 0x29, 0x6F
	.byte 0x6A, 0x6F, 0x90, 0x23, 0x5B, 0x01, 0xD2, 0x18, 0x80, 0x23, 0x9B, 0x00, 0x1C, 0xF7, 0x88, 0xFA
	.byte 0x02, 0x48, 0x23, 0xF0, 0x1F, 0xFF, 0xAC, 0x81, 0x8B, 0xE0, 0x00, 0x00, 0xA6, 0x02, 0x00, 0x00
	.byte 0xE9, 0x6E, 0x2A, 0x6F, 0xC0, 0x20, 0x40, 0x01, 0x12, 0x18, 0x48, 0x20, 0x00, 0x90, 0x30, 0x20
	.byte 0x01, 0x90, 0x02, 0x93, 0xFD, 0x20, 0x00, 0x23, 0x15, 0xF7, 0x90, 0xFF, 0x00, 0x28, 0x02, 0xD0
	.byte 0x1A, 0x48, 0x23, 0xF0, 0x07, 0xFF, 0x16, 0xF7, 0x43, 0xFC, 0x00, 0x06, 0x03, 0x0E, 0x00, 0x2B
	.byte 0x6F, 0xD1, 0xDA, 0x20, 0x40, 0x00, 0x2A, 0x18, 0x11, 0x88, 0x15, 0x48, 0x08, 0x40, 0x10, 0x80
	.byte 0x2C, 0x1C, 0x2C, 0x34, 0x03, 0x94, 0x03, 0xA8, 0xC3, 0x80, 0x05, 0x92, 0x28, 0x1C, 0x94, 0x30
	.byte 0x00, 0x22, 0x81, 0x5E, 0x88, 0x00, 0x40, 0x18, 0x40, 0x00, 0x29, 0x1C, 0x96, 0x31, 0x00, 0x23
	.byte 0xC9, 0x5E, 0x21, 0xF0, 0xA5, 0xFA, 0x04, 0x28, 0x19, 0xDD, 0x0A, 0xF7, 0x7D, 0xFA, 0x00, 0x04
	.byte 0x00, 0x0C, 0x03, 0x21, 0x21, 0xF0, 0x8C, 0xFB, 0x00, 0x04, 0x01, 0x0C, 0x01, 0x29, 0x0B, 0xD0
	.byte 0x01, 0x29, 0x07, 0xDC, 0x00, 0x29, 0x07, 0xD0, 0x25, 0xE0, 0x00, 0x00, 0xCA, 0x02, 0x00, 0x00
	.byte 0xFD, 0xFF, 0x00, 0x00, 0x02, 0x29, 0x1E, 0xD1, 0x03, 0xA8, 0x81, 0x80, 0x1B, 0xE0, 0x0A, 0xF7
	.byte 0x63, 0xFA, 0x00, 0x04, 0x00, 0x0C, 0x03, 0x21, 0x21, 0xF0, 0x72, 0xFB, 0x00, 0x04, 0x00, 0x0C
	.byte 0x01, 0x28, 0x0A, 0xD0, 0x01, 0x28, 0x02, 0xDC, 0x00, 0x28, 0x03, 0xD0, 0x0B, 0xE0, 0x02, 0x28
	.byte 0x06, 0xD0, 0x08, 0xE0, 0x03, 0xA9, 0x03, 0x20, 0x04, 0xE0, 0x03, 0xA9, 0x04, 0x20, 0x01, 0xE0
	.byte 0x03, 0xA9, 0x05, 0x20, 0x88, 0x80, 0x06, 0x49, 0x20, 0x1C, 0x03, 0xAA, 0x04, 0xF7, 0x7C, 0xFE
	.byte 0x28, 0x1C, 0x04, 0x21, 0xFF, 0xF7, 0x78, 0xFC, 0x02, 0x20, 0xA8, 0x81, 0x11, 0xE0, 0x00, 0x00
	.byte 0xDC, 0x8E, 0xEF, 0x09, 0x28, 0x1C, 0xFF, 0xF7, 0xB3, 0xFC, 0x00, 0x06, 0x00, 0x28, 0x08, 0xD0
	.byte 0x28, 0x1C, 0x00, 0x21, 0xFF, 0xF7, 0xCC, 0xFB, 0x03, 0xE0, 0x28, 0x1C, 0x68, 0x30, 0x1E, 0xF7
	.byte 0xDD, 0xFE, 0xA8, 0x68, 0x00, 0x28, 0x01, 0xD1, 0x01, 0x20, 0xA8, 0x60, 0xA8, 0x68, 0x02, 0x28
	.byte 0x07, 0xD1, 0x68, 0x68, 0x28, 0x60, 0x00, 0x20, 0xA8, 0x60, 0xA9, 0x8A, 0x03, 0x48, 0x08, 0x40
	.byte 0xA8, 0x82, 0x01, 0x20, 0x06, 0xB0, 0x30, 0xBC, 0x02, 0xBC, 0x08, 0x47, 0xFE, 0xFF, 0x00, 0x00
	.byte 0x30, 0xB5, 0x88, 0xB0, 0x04, 0x1C, 0x01, 0x25, 0xA1, 0x8A, 0x28, 0x1C, 0x08, 0x40, 0x00, 0x28
	.byte 0x01, 0xD0, 0x02, 0x20, 0xA0, 0x60, 0xA0, 0x68, 0x01, 0x28, 0x13, 0xD0, 0x01, 0x28, 0x66, 0xD2
	.byte 0x20, 0x1C, 0x0A, 0x21, 0xFF, 0xF7, 0x38, 0xFC, 0x20, 0x1C, 0x68, 0x30, 0x1E, 0xF7, 0xD0, 0xFE
	.byte 0xDA, 0x20, 0x40, 0x00, 0x23, 0x18, 0x19, 0x88, 0x02, 0x20, 0x00, 0x22, 0x08, 0x43, 0x18, 0x80
	.byte 0xA2, 0x81, 0x54, 0xE0, 0xA0, 0x89, 0x01, 0x28, 0x20, 0xD0, 0x01, 0x28, 0x02, 0xDC, 0x00, 0x28
	.byte 0x03, 0xD0, 0x4C, 0xE0, 0x02, 0x28, 0x24, 0xD0, 0x49, 0xE0, 0x0A, 0xF7, 0x9D, 0xF8, 0x00, 0x06
	.byte 0x00, 0x28, 0x44, 0xD1, 0xE0, 0x6E, 0x21, 0x6F, 0x62, 0x6F, 0x89, 0x18, 0x18, 0xF7, 0x60, 0xFC
	.byte 0x05, 0x48, 0x00, 0x68, 0xB3, 0x30, 0x01, 0x78, 0x00, 0x20, 0x08, 0x22, 0x0A, 0xF7, 0x1E, 0xF8
	.byte 0x78, 0x20, 0xE0, 0x82, 0xA5, 0x81, 0x32, 0xE0, 0x84, 0x9B, 0x03, 0x02, 0xE0, 0x8A, 0x01, 0x38
	.byte 0xE0, 0x82, 0x00, 0x04, 0x00, 0x28, 0x2A, 0xDC, 0x19, 0xF7, 0xAA, 0xF8, 0x02, 0x20, 0xA0, 0x81
	.byte 0x25, 0xE0, 0x20, 0x7F, 0x00, 0x28, 0x0A, 0xD0, 0x0A, 0xF7, 0xB4, 0xF8, 0x00, 0x04, 0x00, 0x0C
	.byte 0x1F, 0x28, 0x04, 0xD1, 0x01, 0x20, 0x08, 0xF7, 0xF3, 0xFE, 0x00, 0x20, 0x20, 0x77, 0x16, 0xF7
	.byte 0x57, 0xFB, 0x00, 0x06, 0x00, 0x28, 0x12, 0xD1, 0xE0, 0x6E, 0x00, 0x90, 0x20, 0x6F, 0x01, 0x90
	.byte 0x60, 0x6F, 0x02, 0x90, 0x10, 0x48, 0x00, 0x68, 0x2C, 0x30, 0x69, 0x46, 0x9A, 0xF7, 0xB4, 0xFD
	.byte 0x20, 0x1C, 0x68, 0x30, 0x1F, 0xF7, 0x5A, 0xFB, 0x1E, 0xF7, 0xD0, 0xFE, 0x00, 0x25, 0xA0, 0x68
	.byte 0x00, 0x28, 0x01, 0xD1, 0x01, 0x20, 0xA0, 0x60, 0xA0, 0x68, 0x02, 0x28, 0x07, 0xD1, 0x60, 0x68
	.byte 0x20, 0x60, 0x00, 0x20, 0xA0, 0x60, 0xA1, 0x8A, 0x04, 0x48, 0x08, 0x40, 0xA0, 0x82, 0x28, 0x1C
	.byte 0x08, 0xB0, 0x30, 0xBC, 0x02, 0xBC, 0x08, 0x47, 0x84, 0x9B, 0x03, 0x02, 0xFE, 0xFF, 0x00, 0x00
	.byte 0x10, 0xB5, 0x04, 0x1C, 0x0A, 0x48, 0x00, 0x68, 0xC0, 0x6F, 0x41, 0x68, 0xA8, 0x20, 0x00, 0x02
	.byte 0x81, 0x42, 0x0F, 0xDD, 0x0A, 0xF7, 0x78, 0xF9, 0x00, 0x04, 0x00, 0x0C, 0x64, 0x21, 0x21, 0xF0
	.byte 0x87, 0xFA, 0x00, 0x04, 0x00, 0x0C, 0x3B, 0x28, 0x38, 0xD9, 0x59, 0x28, 0x3D, 0xD9, 0x22, 0xE0
	.byte 0x84, 0x9B, 0x03, 0x02, 0xE0, 0x20, 0xC0, 0x01, 0x81, 0x42, 0x0D, 0xDD, 0x0A, 0xF7, 0x64, 0xF9
	.byte 0x00, 0x04, 0x00, 0x0C, 0x64, 0x21, 0x21, 0xF0, 0x73, 0xFA, 0x00, 0x04, 0x00, 0x0C, 0x3B, 0x28
	.byte 0x11, 0xD9, 0x59, 0x28, 0x29, 0xD9, 0x21, 0xE0, 0xE0, 0x20, 0x80, 0x01, 0x81, 0x42, 0x12, 0xDD
	.byte 0x0A, 0xF7, 0x52, 0xF9, 0x00, 0x04, 0x00, 0x0C, 0x64, 0x21, 0x21, 0xF0, 0x61, 0xFA, 0x00, 0x04
	.byte 0x00, 0x0C, 0x3B, 0x28, 0x04, 0xD8, 0x20, 0x1C, 0x01, 0x21, 0xFF, 0xF7, 0xE1, 0xFA, 0x1D, 0xE0
	.byte 0x59, 0x28, 0x12, 0xD9, 0x0A, 0xE0, 0x0A, 0xF7, 0x3F, 0xF9, 0x00, 0x04, 0x00, 0x0C, 0x64, 0x21
	.byte 0x21, 0xF0, 0x4E, 0xFA, 0x00, 0x04, 0x00, 0x0C, 0x3B, 0x28, 0x04, 0xD8, 0x20, 0x1C, 0x02, 0x21
	.byte 0xFF, 0xF7, 0xCE, 0xFA, 0x0A, 0xE0, 0x59, 0x28, 0x04, 0xD8, 0x20, 0x1C, 0x03, 0x21, 0xFF, 0xF7
	.byte 0xC7, 0xFA, 0x03, 0xE0, 0x20, 0x1C, 0x01, 0x21, 0xFF, 0xF7, 0xC2, 0xFA, 0x10, 0xBC, 0x01, 0xBC
	.byte 0x00, 0x47, 0x00, 0x00
_080FC360:
	.byte 0x70, 0xB5, 0x06, 0x1C, 0x00, 0x24, 0x24, 0x04, 0x21, 0x14, 0x08, 0x01, 0x40, 0x18, 0x00, 0x01
	.byte 0x68, 0x30, 0x35, 0x18, 0x28, 0x1C, 0x1E, 0xF7, 0x19, 0xFD, 0x01, 0x38, 0x07, 0x28, 0x34, 0xD8
	.byte 0x80, 0x00, 0x02, 0x49, 0x40, 0x18, 0x00, 0x68, 0x87, 0x46, 0x00, 0x00, 0x90, 0xC3, 0x0F, 0x08
	.byte 0xB8, 0xC3, 0x0F, 0x08, 0xEA, 0xC3, 0x0F, 0x08, 0xCA, 0xC3, 0x0F, 0x08, 0xDC, 0xC3, 0x0F, 0x08
	.byte 0xB0, 0xC3, 0x0F, 0x08, 0xB8, 0xC3, 0x0F, 0x08, 0xB8, 0xC3, 0x0F, 0x08, 0xCA, 0xC3, 0x0F, 0x08
	.byte 0x30, 0x1C, 0xFF, 0xF7, 0x73, 0xFF, 0x18, 0xE0, 0x1E, 0x20, 0x70, 0x83, 0xA1, 0x13, 0x30, 0x1C
	.byte 0x10, 0x30, 0x40, 0x18, 0x02, 0x21, 0x01, 0x60, 0x0F, 0xE0, 0x28, 0x1C, 0x01, 0x21, 0x1F, 0xF7
	.byte 0x85, 0xFF, 0x30, 0x1C, 0x04, 0x21, 0xFF, 0xF7, 0x81, 0xFA, 0x06, 0xE0, 0x30, 0x1C, 0x00, 0x21
	.byte 0xFF, 0xF7, 0x7C, 0xFA, 0x28, 0x1C, 0x1E, 0xF7, 0x8F, 0xFD, 0x80, 0x21, 0x49, 0x02, 0x60, 0x18
	.byte 0x04, 0x0C, 0x00, 0x28, 0xB7, 0xDD, 0x70, 0xBC, 0x01, 0xBC, 0x00, 0x47
	thumb_func_start func_080FC3FC
func_080FC3FC: @ 080FC3FC
	push {r4, r5, lr}
	adds r5, r0, #0x0
	movs r2, #0x00
_080FC402:
	lsls r2, r2, #0x10
	asrs r1, r2, #0x10
	lsls r0, r1, #0x04
	adds r0, r0, r1
	lsls r0, r0, #0x04
	adds r0, #0x68
	adds r3, r5, r0
	lsls r1, r1, #0x02
	adds r0, r5, #0x0
	adds r0, #0x10
	adds r1, r0, r1
	ldr r0, [r1, #0x00]
	adds r4, r2, #0x0
	cmp r0, #0x02
	bne _080FC430
	movs r2, #0x1A
	ldsh r0, [r5, r2]
	cmp r0, #0x00
	bne _080FC430
	str r0, [r1, #0x00]
	adds r0, r3, #0x0
	bl func_0801AF08
_080FC430:
	movs r1, #0x80
	lsls r1, r1, #0x09
	adds r0, r4, r1
	lsrs r2, r0, #0x10
	cmp r0, #0x00
	ble _080FC402
	pop {r4, r5}
	pop {r0}
	bx r0
	.byte 0x00, 0x00
	thumb_func_start task_bos_md_0
task_bos_md_0: @ 080FC444
	push {r4, r5, r6, r7, lr}
	mov r7, r10
	mov r6, r9
	mov r5, r8
	push {r5, r6, r7}
	add sp, #-0x00C
	adds r7, r0, #0x0
	ldr r4, _080FC5B4 @ =0x02039B84
	ldr r0, [r4, #0x00]
	adds r0, #0x40
	ldr r1, _080FC5B8 @ =0x09EF8EC4
	ldr r2, _080FC5BC @ =0x099920E8
	bl func_08000E14
	ldr r3, [r4, #0x00]
	ldr r0, [r3, #0x68]
	ldr r1, [r3, #0x6C]
	ldr r2, _080FC5C0 @ =0xFFEFFFFF
	ands r0, r2
	str r0, [r3, #0x68]
	str r1, [r3, #0x6C]
	movs r0, #0x00
	str r0, [r7, #0x00]
	str r0, [r7, #0x04]
	strh r0, [r7, #0x14]
	str r0, [r7, #0x08]
	strh r0, [r7, #0x16]
	strh r0, [r7, #0x18]
	strh r0, [r7, #0x1A]
	movs r2, #0xDA
	lsls r2, r2, #0x01
	adds r1, r7, r2
	strh r0, [r1, #0x00]
	movs r0, #0x01
	strb r0, [r7, #0x1C]
	movs r6, #0x00
	adds r2, r7, #0x0
	adds r2, #0x10
	movs r3, #0x00
_080FC492:
	lsls r1, r6, #0x10
	asrs r1, r1, #0x10
	lsls r0, r1, #0x02
	adds r0, r2, r0
	str r3, [r0, #0x00]
	adds r1, #0x01
	lsls r1, r1, #0x10
	lsrs r6, r1, #0x10
	cmp r1, #0x00
	ble _080FC492
	movs r6, #0x00
	movs r3, #0x2C
	adds r3, r3, r7
	mov r10, r3
	adds r0, r7, #0x0
	adds r0, #0x40
	str r0, [sp, #0x004]
	adds r1, r7, #0x0
	adds r1, #0x54
	str r1, [sp, #0x008]
	movs r2, #0xBE
	lsls r2, r2, #0x01
	adds r2, r2, r7
	mov r8, r2
	movs r3, #0x00
	movs r0, #0xC0
	lsls r0, r0, #0x01
	adds r5, r7, r0
	movs r1, #0xC2
	lsls r1, r1, #0x01
	adds r4, r7, r1
	movs r2, #0xC4
	lsls r2, r2, #0x01
	mov r9, r2
_080FC4D6:
	lsls r2, r6, #0x10
	asrs r2, r2, #0x10
	lsls r0, r2, #0x02
	adds r0, r0, r2
	lsls r0, r0, #0x02
	mov r6, r8
	adds r1, r6, r0
	str r3, [r1, #0x00]
	adds r1, r5, r0
	str r3, [r1, #0x00]
	adds r1, r4, r0
	str r3, [r1, #0x00]
	adds r0, r7, r0
	mov r6, r9
	adds r1, r0, r6
	strh r3, [r1, #0x00]
	movs r1, #0xC5
	lsls r1, r1, #0x01
	adds r0, r0, r1
	strh r3, [r0, #0x00]
	adds r2, #0x01
	lsls r2, r2, #0x10
	lsrs r6, r2, #0x10
	asrs r2, r2, #0x10
	cmp r2, #0x01
	ble _080FC4D6
	movs r0, #0x98
	lsls r0, r0, #0x04
	bl func_080038C8
	movs r2, #0xBE
	lsls r2, r2, #0x01
	adds r1, r7, r2
	str r0, [r1, #0x00]
	ldr r0, _080FC5C4 @ =0x099D42FC
	movs r1, #0x95
	lsls r1, r1, #0x05
	bl func_080026A4
	movs r3, #0xC8
	lsls r3, r3, #0x01
	adds r1, r7, r3
	str r0, [r1, #0x00]
	ldr r0, _080FC5B4 @ =0x02039B84
	ldr r3, [r0, #0x00]
	adds r1, r3, #0x0
	adds r1, #0xCC
	movs r0, #0x88
	lsls r0, r0, #0x09
	str r0, [r1, #0x00]
	adds r2, r3, #0x0
	adds r2, #0xD0
	movs r0, #0xA8
	lsls r0, r0, #0x09
	str r0, [r2, #0x00]
	adds r1, #0x08
	movs r0, #0x00
	str r0, [r1, #0x00]
	movs r0, #0xF0
	lsls r0, r0, #0x07
	ldr r1, [r2, #0x00]
	movs r2, #0x00
	bl func_0801BCC0
	movs r6, #0x00
	movs r0, #0x9C
	adds r0, r0, r7
	mov r9, r0
_080FC55E:
	lsls r6, r6, #0x10
	asrs r5, r6, #0x10
	lsls r0, r5, #0x04
	adds r0, r0, r5
	lsls r0, r0, #0x04
	mov r8, r0
	mov r4, r8
	adds r4, #0x68
	adds r4, r7, r4
	ldr r0, _080FC5B4 @ =0x02039B84
	ldr r1, [r0, #0x00]
	adds r0, r1, #0x0
	adds r0, #0xCC
	ldr r2, [r0, #0x00]
	adds r0, #0x04
	ldr r3, [r0, #0x00]
	adds r0, #0x04
	ldr r0, [r0, #0x00]
	str r0, [sp, #0x000]
	adds r0, r4, #0x0
	ldr r1, _080FC5C8 @ =0x099920D8
	bl func_0801B37C
	adds r4, #0x40
	adds r0, r4, #0x0
	movs r1, #0x08
	movs r2, #0x10
	movs r3, #0x10
	bl func_080122AC
	cmp r5, #0x00
	bne _080FC5D4
	mov r2, r9
	ldr r0, [r2, #0x00]
	ldr r1, [r2, #0x04]
	ldr r2, _080FC5CC @ =0x00000400
	ldr r3, _080FC5D0 @ =0x00000000
	orrs r0, r2
	mov r3, r9
	str r0, [r3, #0x00]
	str r1, [r3, #0x04]
	b _080FC5E8
	.byte 0x00, 0x00
_080FC5B4: .4byte 0x02039B84
_080FC5B8: .4byte 0x09EF8EC4
_080FC5BC: .4byte 0x099920E8
_080FC5C0: .4byte 0xFFEFFFFF
_080FC5C4: .4byte 0x099D42FC
_080FC5C8: .4byte 0x099920D8
_080FC5CC: .4byte 0x00000400
_080FC5D0: .4byte 0x00000000
_080FC5D4:
	mov r1, r8
	adds r0, r7, r1
	adds r0, #0x9C
	ldr r1, [r0, #0x00]
	ldr r2, [r0, #0x04]
	ldr r4, _080FC6C4 @ =0x00000000
	ldr r3, _080FC6C0 @ =0x00001000
	orrs r1, r3
	str r1, [r0, #0x00]
	str r2, [r0, #0x04]
_080FC5E8:
	asrs r5, r6, #0x10
	lsls r2, r5, #0x04
	adds r2, r2, r5
	lsls r2, r2, #0x04
	adds r2, r7, r2
	adds r2, #0x9C
	ldr r0, [r2, #0x00]
	ldr r1, [r2, #0x04]
	movs r3, #0x04
	movs r4, #0x00
	orrs r0, r3
	str r0, [r2, #0x00]
	str r1, [r2, #0x04]
	adds r5, #0x01
	lsls r5, r5, #0x10
	lsrs r6, r5, #0x10
	cmp r5, #0x00
	ble _080FC55E
	adds r0, r7, #0x0
	movs r1, #0x00
	bl func_080FB930
	adds r0, r7, #0x0
	movs r1, #0x00
	bl func_080FBA14
	ldr r4, _080FC6C8 @ =0x09A3C97C
	movs r1, #0xA0
	lsls r1, r1, #0x13
	adds r0, r4, #0x0
	movs r2, #0x20
	bl func_08005BE8
	movs r0, #0x00
	movs r1, #0x01
	bl func_0801C298
	str r4, [r7, #0x28]
	adds r0, r4, #0x0
	movs r1, #0x20
	bl func_08002A14
	str r0, [r7, #0x20]
	ldrb r0, [r0, #0x06]
	adds r0, #0x10
	lsls r0, r0, #0x18
	lsrs r0, r0, #0x18
	movs r1, #0x01
	bl func_0801C298
	ldr r0, _080FC6CC @ =0x08F69BC4
	movs r1, #0x20
	bl func_08002A14
	str r0, [r7, #0x24]
	ldrb r0, [r0, #0x06]
	adds r0, #0x10
	lsls r0, r0, #0x18
	lsrs r0, r0, #0x18
	movs r1, #0x01
	bl func_0801C298
	mov r0, r10
	movs r1, #0x06
	bl func_08000E64
	ldr r0, [sp, #0x004]
	movs r1, #0x01
	bl func_08000E64
	ldr r0, [sp, #0x008]
	movs r1, #0x08
	bl func_08000E64
	ldr r0, _080FC6D0 @ =0x02039B84
	ldr r2, [r0, #0x00]
	ldr r1, [r2, #0x00]
	asrs r1, r1, #0x08
	adds r1, #0x48
	movs r3, #0xBC
	lsls r3, r3, #0x01
	adds r0, r7, r3
	ldrh r0, [r0, #0x00]
	subs r1, r1, r0
	lsls r1, r1, #0x10
	lsrs r1, r1, #0x10
	ldr r2, [r2, #0x04]
	asrs r2, r2, #0x08
	adds r2, #0x30
	movs r6, #0xBD
	lsls r6, r6, #0x01
	adds r0, r7, r6
	ldrh r0, [r0, #0x00]
	subs r2, r2, r0
	lsls r2, r2, #0x10
	lsrs r2, r2, #0x10
	movs r0, #0x01
	bl func_08005244
	add sp, #0x00C
	pop {r3, r4, r5}
	mov r8, r3
	mov r9, r4
	mov r10, r5
	pop {r4, r5, r6, r7}
	pop {r0}
	bx r0
	.byte 0x00, 0x00
_080FC6C0: .4byte 0x00001000
_080FC6C4: .4byte 0x00000000
_080FC6C8: .4byte 0x09A3C97C
_080FC6CC: .4byte 0x08F69BC4
_080FC6D0: .4byte 0x02039B84
	thumb_func_start task_bos_md_1
task_bos_md_1: @ 080FC6D4
	push {r4, r5, r6, r7, lr}
	mov r7, r10
	mov r6, r9
	mov r5, r8
	push {r5, r6, r7}
	add sp, #-0x02C
	adds r7, r0, #0x0
	movs r0, #0x01
	str r0, [sp, #0x008]
	adds r0, r7, #0x0
	bl _080FC360
	ldr r0, [r7, #0x00]
	cmp r0, #0x04
	bhi _080FC740
	lsls r0, r0, #0x02
	ldr r1, _080FC6FC @ =0x080FC700
	adds r0, r0, r1
	ldr r0, [r0, #0x00]
	mov pc, r0
_080FC6FC: .4byte 0x080FC700
	.byte 0x14, 0xC7, 0x0F, 0x08, 0x1C, 0xC7, 0x0F, 0x08, 0x24, 0xC7, 0x0F, 0x08, 0x2C, 0xC7, 0x0F, 0x08
	.byte 0x34, 0xC7, 0x0F, 0x08, 0x38, 0x1C, 0xFF, 0xF7, 0xCF, 0xF9, 0x0E, 0xE0, 0x38, 0x1C, 0xFF, 0xF7
	.byte 0x95, 0xFA, 0x0A, 0xE0, 0x38, 0x1C, 0xFF, 0xF7, 0x55, 0xFB, 0x06, 0xE0, 0x38, 0x1C, 0xFF, 0xF7
	.byte 0x3B, 0xFC, 0x02, 0xE0, 0x38, 0x1C, 0xFF, 0xF7, 0x21, 0xFD, 0x00, 0x06, 0x00, 0x0E, 0x02, 0x90
_080FC740:
	adds r0, r7, #0x0
	bl func_080FC3FC
	movs r0, #0x00
	bl func_0801C1C0
	lsls r0, r0, #0x18
	adds r1, r7, #0x0
	adds r1, #0x54
	str r1, [sp, #0x014]
	adds r2, r7, #0x0
	adds r2, #0x40
	str r2, [sp, #0x010]
	cmp r0, #0x00
	beq _080FC772
	str r1, [sp, #0x000]
	movs r5, #0xDA
	lsls r5, r5, #0x01
	adds r0, r7, r5
	str r0, [sp, #0x004]
	ldr r1, _080FC8A4 @ =0x09EF8EF4
	adds r0, r2, #0x0
	mov r2, sp
	bl func_08000E14
_080FC772:
	adds r0, r7, #0x0
	bl func_080FBA4C
	ldrh r1, [r7, #0x1A]
	movs r6, #0x1A
	ldsh r0, [r7, r6]
	cmp r0, #0x00
	ble _080FC786
	subs r0, r1, #0x1
	strh r0, [r7, #0x1A]
_080FC786:
	movs r0, #0x00
	adds r1, r7, #0x0
	adds r1, #0x6C
	str r1, [sp, #0x018]
	adds r2, r7, #0x0
	adds r2, #0x70
	str r2, [sp, #0x01C]
	adds r5, r7, #0x0
	adds r5, #0x74
	str r5, [sp, #0x020]
	adds r6, r7, #0x0
	adds r6, #0x2C
	str r6, [sp, #0x024]
	movs r1, #0xD7
	lsls r1, r1, #0x01
	adds r1, r7, r1
	str r1, [sp, #0x00C]
	movs r2, #0xD4
	lsls r2, r2, #0x01
	adds r2, r2, r7
	mov r10, r2
_080FC7B0:
	lsls r4, r0, #0x10
	asrs r4, r4, #0x10
	lsls r0, r4, #0x04
	adds r0, r0, r4
	lsls r0, r0, #0x04
	ldr r5, [sp, #0x018]
	adds r5, r5, r0
	mov r9, r5
	ldr r1, _080FC8A8 @ =0x02039B84
	ldr r1, [r1, #0x00]
	mov r12, r1
	mov r5, r12
	adds r5, #0xCC
	lsls r3, r4, #0x03
	ldr r6, [sp, #0x00C]
	movs r2, #0x00
	ldsh r1, [r6, r2]
	mov r6, r10
	ldr r2, [r6, #0x00]
	lsls r1, r1, #0x02
	adds r1, r1, r2
	movs r2, #0x00
	ldsh r1, [r1, r2]
	movs r6, #0x4C
	muls r1, r6
	adds r1, r3, r1
	ldr r2, _080FC8AC @ =0x09992108
	adds r1, r1, r2
	adds r1, #0x44
	movs r6, #0x00
	ldsh r2, [r1, r6]
	lsls r2, r2, #0x08
	ldr r1, [r5, #0x00]
	adds r1, r1, r2
	mov r2, r9
	str r1, [r2, #0x00]
	ldr r5, [sp, #0x01C]
	adds r5, r5, r0
	mov r8, r5
	mov r5, r12
	adds r5, #0xD0
	ldr r6, [sp, #0x00C]
	movs r2, #0x00
	ldsh r1, [r6, r2]
	mov r6, r10
	ldr r2, [r6, #0x00]
	lsls r1, r1, #0x02
	adds r1, r1, r2
	movs r2, #0x00
	ldsh r1, [r1, r2]
	movs r6, #0x4C
	muls r1, r6
	adds r1, r3, r1
	ldr r2, _080FC8AC @ =0x09992108
	adds r1, r1, r2
	adds r1, #0x46
	movs r6, #0x00
	ldsh r2, [r1, r6]
	lsls r2, r2, #0x08
	ldr r1, [r5, #0x00]
	adds r1, r1, r2
	mov r2, r8
	str r1, [r2, #0x00]
	ldr r5, [sp, #0x020]
	adds r5, r5, r0
	str r5, [sp, #0x028]
	mov r5, r12
	adds r5, #0xD4
	ldr r6, [sp, #0x00C]
	movs r2, #0x00
	ldsh r1, [r6, r2]
	mov r6, r10
	ldr r2, [r6, #0x00]
	lsls r1, r1, #0x02
	adds r1, r1, r2
	movs r2, #0x00
	ldsh r1, [r1, r2]
	movs r6, #0x4C
	muls r1, r6
	adds r3, r3, r1
	ldr r1, _080FC8AC @ =0x09992108
	adds r3, r3, r1
	adds r3, #0x48
	movs r2, #0x00
	ldsh r1, [r3, r2]
	lsls r1, r1, #0x08
	ldr r3, [r5, #0x00]
	adds r3, r3, r1
	ldr r5, [sp, #0x028]
	str r3, [r5, #0x00]
	adds r0, r0, r7
	adds r0, #0xA8
	mov r6, r9
	ldr r1, [r6, #0x00]
	mov r5, r8
	ldr r2, [r5, #0x00]
	bl func_08012324
	adds r4, #0x01
	lsls r4, r4, #0x10
	lsrs r0, r4, #0x10
	cmp r4, #0x00
	ble _080FC7B0
	ldr r0, [sp, #0x024]
	bl func_08000EA4
	ldr r0, [sp, #0x010]
	bl func_08000EA4
	ldr r0, [sp, #0x014]
	bl func_08000EA4
	ldr r0, [sp, #0x008]
	add sp, #0x02C
	pop {r3, r4, r5}
	mov r8, r3
	mov r9, r4
	mov r10, r5
	pop {r4, r5, r6, r7}
	pop {r1}
	bx r1
	.byte 0x00, 0x00
_080FC8A4: .4byte 0x09EF8EF4
_080FC8A8: .4byte 0x02039B84
_080FC8AC: .4byte 0x09992108
	thumb_func_start task_bos_md_2
task_bos_md_2: @ 080FC8B0
	push {r4, r5, r6, r7, lr}
	mov r7, r10
	mov r6, r9
	mov r5, r8
	push {r5, r6, r7}
	add sp, #-0x024
	mov r8, r0
	ldrb r0, [r0, #0x1C]
	cmp r0, #0x00
	bne _080FC8C6
	b _080FCA0C
_080FC8C6:
	mov r0, r8
	adds r0, #0x68
	bl func_0801CA00
	lsls r0, r0, #0x18
	cmp r0, #0x00
	beq _080FC8FC
	mov r1, r8
	ldr r0, [r1, #0x28]
	ldr r4, _080FC8F8 @ =0x08F69BC4
	cmp r0, r4
	beq _080FC8EE
	movs r1, #0xA0
	lsls r1, r1, #0x13
	adds r0, r4, #0x0
	movs r2, #0x20
	bl func_08005BE8
	mov r2, r8
	str r4, [r2, #0x28]
_080FC8EE:
	mov r3, r8
	ldr r3, [r3, #0x24]
	str r3, [sp, #0x014]
	b _080FC91C
	.byte 0x00, 0x00
_080FC8F8: .4byte 0x08F69BC4
_080FC8FC:
	mov r4, r8
	ldr r0, [r4, #0x28]
	ldr r4, _080FCA1C @ =0x09A3C97C
	cmp r0, r4
	beq _080FC916
	movs r1, #0xA0
	lsls r1, r1, #0x13
	adds r0, r4, #0x0
	movs r2, #0x20
	bl func_08005BE8
	mov r0, r8
	str r4, [r0, #0x28]
_080FC916:
	mov r1, r8
	ldr r1, [r1, #0x20]
	str r1, [sp, #0x014]
_080FC91C:
	ldr r0, _080FCA20 @ =0x02039B84
	ldr r2, [r0, #0x00]
	ldr r1, [r2, #0x00]
	asrs r1, r1, #0x08
	movs r0, #0xBC
	lsls r0, r0, #0x01
	add r0, r8
	ldrh r0, [r0, #0x00]
	subs r0, #0x48
	subs r1, r1, r0
	add r0, sp, #0x010
	strh r1, [r0, #0x00]
	ldr r2, [r2, #0x04]
	asrs r2, r2, #0x08
	movs r0, #0xBD
	lsls r0, r0, #0x01
	add r0, r8
	ldrh r0, [r0, #0x00]
	subs r0, #0x30
	subs r2, r2, r0
	lsls r2, r2, #0x10
	lsrs r2, r2, #0x10
	mov r4, sp
	adds r4, #0x12
	strh r2, [r4, #0x00]
	add r0, sp, #0x010
	ldrh r1, [r0, #0x00]
	movs r0, #0x01
	bl func_08005244
	mov r2, r8
	adds r2, #0x2C
	str r2, [sp, #0x020]
	mov r3, r8
	adds r3, #0x40
	str r3, [sp, #0x018]
	mov r0, r8
	adds r0, #0x54
	str r0, [sp, #0x01C]
	movs r7, #0xC4
	lsls r7, r7, #0x01
	add r7, r8
	movs r1, #0x00
	mov r9, r1
	movs r2, #0x01
	mov r10, r2
_080FC978:
	movs r3, #0x00
	ldsh r2, [r7, r3]
	adds r2, #0xE0
	lsls r2, r2, #0x08
	movs r4, #0x02
	ldsh r5, [r7, r4]
	movs r0, #0x80
	lsls r0, r0, #0x01
	adds r5, r5, r0
	lsls r5, r5, #0x08
	movs r1, #0x04
	ldsh r0, [r7, r1]
	lsls r0, r0, #0x08
	str r0, [sp, #0x000]
	add r0, sp, #0x010
	mov r1, sp
	adds r1, #0x12
	adds r3, r5, #0x0
	bl func_0801909C
	adds r0, r5, #0x0
	bl func_0801AF1C
	lsls r0, r0, #0x10
	lsrs r0, r0, #0x10
	add r1, sp, #0x010
	movs r2, #0x00
	ldsh r6, [r1, r2]
	mov r3, sp
	movs r4, #0x12
	ldsh r1, [r3, r4]
	movs r2, #0xC2
	lsls r2, r2, #0x01
	add r2, r8
	add r2, r9
	ldr r2, [r2, #0x00]
	movs r3, #0xBE
	lsls r3, r3, #0x01
	add r3, r8
	add r3, r9
	ldr r3, [r3, #0x00]
	ldr r4, [sp, #0x014]
	str r4, [sp, #0x000]
	movs r4, #0x00
	str r4, [sp, #0x004]
	str r0, [sp, #0x008]
	asrs r5, r5, #0x06
	ldr r4, _080FCA24 @ =0xFFFFEFFC
	adds r0, r4, #0x0
	subs r0, r0, r5
	lsls r0, r0, #0x10
	lsrs r0, r0, #0x10
	str r0, [sp, #0x00C]
	adds r0, r6, #0x0
	bl func_080023E0
	adds r7, #0x14
	movs r0, #0x14
	add r9, r0
	movs r1, #0x01
	negs r1, r1
	add r10, r1
	mov r2, r10
	cmp r2, #0x00
	bge _080FC978
	ldr r0, [sp, #0x020]
	bl func_08000EE0
	ldr r0, [sp, #0x018]
	bl func_08000EE0
	ldr r0, [sp, #0x01C]
	bl func_08000EE0
_080FCA0C:
	add sp, #0x024
	pop {r3, r4, r5}
	mov r8, r3
	mov r9, r4
	mov r10, r5
	pop {r4, r5, r6, r7}
	pop {r0}
	bx r0
_080FCA1C: .4byte 0x09A3C97C
_080FCA20: .4byte 0x02039B84
_080FCA24: .4byte 0xFFFFEFFC
	thumb_func_start task_bos_md_3
task_bos_md_3: @ 080FCA28
	push {r4, r5, r6, r7, lr}
	mov r7, r10
	mov r6, r9
	mov r5, r8
	push {r5, r6, r7}
	adds r7, r0, #0x0
	movs r0, #0x01
	bl func_0800501C
	adds r5, r7, #0x0
	adds r5, #0xA8
	adds r4, r7, #0x0
	adds r4, #0x68
	movs r6, #0x00
_080FCA44:
	adds r0, r5, #0x0
	bl func_08012304
	adds r0, r4, #0x0
	bl func_0801B7D8
	movs r0, #0x88
	lsls r0, r0, #0x01
	adds r5, r5, r0
	adds r4, r4, r0
	subs r6, #0x01
	cmp r6, #0x00
	bge _080FCA44
	movs r0, #0x2C
	adds r0, r0, r7
	mov r8, r0
	movs r0, #0x40
	adds r0, r0, r7
	mov r9, r0
	movs r0, #0x54
	adds r0, r0, r7
	mov r10, r0
	movs r4, #0x00
	movs r0, #0xBE
	lsls r0, r0, #0x01
	adds r5, r7, r0
	movs r6, #0x01
_080FCA7A:
	adds r0, r5, r4
	ldr r0, [r0, #0x00]
	cmp r0, #0x00
	beq _080FCA86
	bl func_080028C0
_080FCA86:
	adds r4, #0x14
	subs r6, #0x01
	cmp r6, #0x00
	bge _080FCA7A
	ldr r0, [r7, #0x20]
	bl func_08002C10
	ldr r0, [r7, #0x24]
	bl func_08002C10
	mov r0, r8
	bl func_08000F0C
	mov r0, r9
	bl func_08000F0C
	mov r0, r10
	bl func_08000F0C
	pop {r3, r4, r5}
	mov r8, r3
	mov r9, r4
	mov r10, r5
	pop {r4, r5, r6, r7}
	pop {r0}
	bx r0
	.byte 0x00, 0x00
	thumb_func_start task_bos_md_map_0
task_bos_md_map_0: @ 080FCABC
	push {r4, lr}
	adds r4, r1, #0x0
	ldr r1, [r4, #0x00]
	ldrh r2, [r4, #0x04]
	movs r0, #0x00
	bl func_080050B8
	ldr r1, [r4, #0x08]
	ldrh r2, [r4, #0x0C]
	movs r0, #0x00
	bl func_080050DC
	adds r4, #0x10
	movs r0, #0x00
	adds r1, r4, #0x0
	movs r2, #0x02
	movs r3, #0x02
	bl func_0800516C
	ldr r4, _080FCB2C @ =0x02039B84
	ldr r0, [r4, #0x00]
	movs r1, #0x80
	lsls r1, r1, #0x01
	str r1, [r0, #0x24]
	str r1, [r0, #0x28]
	movs r2, #0x80
	lsls r2, r2, #0x09
	str r2, [r0, #0x08]
	movs r1, #0xA0
	lsls r1, r1, #0x09
	str r1, [r0, #0x0C]
	str r2, [r0, #0x00]
	str r1, [r0, #0x04]
	str r2, [r0, #0x10]
	str r1, [r0, #0x14]
	str r2, [r0, #0x1C]
	str r1, [r0, #0x20]
	movs r2, #0x00
	movs r1, #0x0F
	strh r1, [r0, #0x1A]
	strb r2, [r0, #0x18]
	bl func_0802F1C8
	ldr r0, [r4, #0x00]
	ldr r1, [r0, #0x00]
	lsls r1, r1, #0x08
	lsrs r1, r1, #0x10
	ldr r2, [r0, #0x04]
	lsls r2, r2, #0x08
	lsrs r2, r2, #0x10
	movs r0, #0x00
	bl func_08005244
	pop {r4}
	pop {r0}
	bx r0
_080FCB2C: .4byte 0x02039B84
	thumb_func_start task_bos_md_map_1
task_bos_md_map_1: @ 080FCB30
	push {r4, r5, r6, lr}
	bl func_0802F208
	ldr r0, _080FCB88 @ =0x02039B84
	ldr r2, [r0, #0x00]
	ldr r0, [r2, #0x10]
	ldr r1, [r2, #0x08]
	subs r0, r0, r1
	asrs r4, r0, #0x03
	ldr r0, [r2, #0x14]
	ldr r1, [r2, #0x0C]
	subs r0, r0, r1
	asrs r1, r0, #0x03
	movs r0, #0xA0
	lsls r0, r0, #0x03
	cmp r4, r0
	bgt _080FCB58
	ldr r0, _080FCB8C @ =0xFFFFFB00
	cmp r4, r0
	bge _080FCB5A
_080FCB58:
	adds r4, r0, #0x0
_080FCB5A:
	ldr r2, _080FCB88 @ =0x02039B84
	ldr r3, [r2, #0x00]
	ldr r0, [r3, #0x08]
	adds r4, r0, r4
	str r4, [r3, #0x08]
	ldr r0, [r3, #0x0C]
	adds r0, r0, r1
	str r0, [r3, #0x0C]
	str r4, [r3, #0x00]
	str r0, [r3, #0x04]
	ldr r0, _080FCB90 @ =0xFFFF8800
	adds r1, r4, r0
	adds r0, r3, #0x0
	adds r0, #0xDA
	movs r6, #0x00
	ldsh r5, [r0, r6]
	lsls r0, r5, #0x08
	cmp r1, r0
	bge _080FCB94
	adds r0, r5, #0x0
	adds r0, #0x78
	b _080FCBB0
	.byte 0x00, 0x00
_080FCB88: .4byte 0x02039B84
_080FCB8C: .4byte 0xFFFFFB00
_080FCB90: .4byte 0xFFFF8800
_080FCB94:
	movs r0, #0xF0
	lsls r0, r0, #0x07
	adds r1, r4, r0
	adds r0, r3, #0x0
	adds r0, #0xDC
	movs r5, #0x00
	ldsh r4, [r0, r5]
	adds r0, r4, #0x0
	adds r0, #0x60
	lsls r0, r0, #0x08
	cmp r1, r0
	ble _080FCBB4
	adds r0, r4, #0x0
	subs r0, #0x18
_080FCBB0:
	lsls r0, r0, #0x08
	str r0, [r3, #0x00]
_080FCBB4:
	ldr r1, [r2, #0x00]
	ldr r0, [r1, #0x04]
	movs r6, #0xA0
	lsls r6, r6, #0x07
	adds r3, r0, r6
	adds r0, r1, #0x0
	adds r0, #0xDE
	movs r4, #0x00
	ldsh r2, [r0, r4]
	lsls r0, r2, #0x08
	cmp r3, r0
	blt _080FCBDA
	adds r0, r1, #0x0
	adds r0, #0xE0
	movs r5, #0x00
	ldsh r2, [r0, r5]
	lsls r0, r2, #0x08
	cmp r3, r0
	ble _080FCBE2
_080FCBDA:
	adds r0, r2, #0x0
	subs r0, #0x50
	lsls r0, r0, #0x08
	str r0, [r1, #0x04]
_080FCBE2:
	bl func_0802F268
	ldr r1, _080FCC10 @ =0x02039B84
	ldr r1, [r1, #0x00]
	ldr r2, [r1, #0x04]
	adds r2, r2, r0
	str r2, [r1, #0x04]
	ldr r1, [r1, #0x00]
	asrs r1, r1, #0x08
	adds r1, #0x08
	lsls r1, r1, #0x10
	lsrs r1, r1, #0x10
	asrs r2, r2, #0x08
	adds r2, #0x28
	lsls r2, r2, #0x10
	lsrs r2, r2, #0x10
	movs r0, #0x00
	bl func_08005244
	movs r0, #0x01
	pop {r4, r5, r6}
	pop {r1}
	bx r1
_080FCC10: .4byte 0x02039B84
_080FCC14:
	.byte 0x30, 0xB5, 0x05, 0x1C, 0x2C, 0x1C, 0x38, 0x34, 0x20, 0x1C, 0x1E, 0xF7, 0xC5, 0xF8, 0x01, 0x38
	.byte 0x07, 0x28, 0x3F, 0xD8, 0x80, 0x00, 0x02, 0x49, 0x40, 0x18, 0x00, 0x68, 0x87, 0x46, 0x00, 0x00
	.byte 0x38, 0xCC, 0x0F, 0x08, 0x58, 0xCC, 0x0F, 0x08, 0xA8, 0xCC, 0x0F, 0x08, 0x60, 0xCC, 0x0F, 0x08
	.byte 0xA8, 0xCC, 0x0F, 0x08, 0xA8, 0xCC, 0x0F, 0x08, 0x58, 0xCC, 0x0F, 0x08, 0x58, 0xCC, 0x0F, 0x08
	.byte 0x60, 0xCC, 0x0F, 0x08, 0x1E, 0x20, 0xE8, 0x80, 0x03, 0x20, 0x22, 0xE0, 0x09, 0xF7, 0xA0, 0xFC
	.byte 0x00, 0x04, 0x00, 0x0C, 0x64, 0x21, 0x20, 0xF0, 0xAF, 0xFD, 0x00, 0x04, 0x00, 0x0C, 0x31, 0x28
	.byte 0x10, 0xD8, 0x0E, 0x48, 0x00, 0x68, 0xC1, 0x6E, 0x80, 0x6E, 0x80, 0x22, 0x52, 0x03, 0x10, 0x40
	.byte 0x00, 0x21, 0x08, 0x43, 0x00, 0x28, 0x05, 0xD1, 0x61, 0x68, 0xA2, 0x68, 0xE3, 0x68, 0x00, 0x20
	.byte 0x1F, 0xF7, 0xB0, 0xFA, 0x20, 0x1C, 0x01, 0x21, 0x1F, 0xF7, 0x1E, 0xFB, 0x1E, 0x20, 0xA8, 0x86
	.byte 0x04, 0x20, 0x28, 0x60, 0x30, 0xBC, 0x01, 0xBC, 0x00, 0x47, 0x00, 0x00, 0x84, 0x9B, 0x03, 0x02
_080FCCB4:
	.byte 0xF0, 0xB5, 0x05, 0x1C, 0x01, 0x26, 0x2C, 0x1C, 0x38, 0x34, 0xB6, 0x21, 0x49, 0x00, 0x68, 0x18
	.byte 0x00, 0x68, 0x01, 0x88, 0x02, 0x20, 0x08, 0x40, 0x00, 0x28, 0x0A, 0xD0, 0x28, 0x68, 0x04, 0x28
	.byte 0x0B, 0xD0, 0x20, 0x1C, 0x01, 0x21, 0x1F, 0xF7, 0xFF, 0xFA, 0x1E, 0x20, 0xA8, 0x86, 0x04, 0x20
	.byte 0x28, 0x60, 0x28, 0x68, 0x04, 0x28, 0x00, 0xD9, 0x3F, 0xE1, 0x80, 0x00, 0x01, 0x49, 0x40, 0x18
	.byte 0x00, 0x68, 0x87, 0x46, 0xFC, 0xCC, 0x0F, 0x08, 0x10, 0xCD, 0x0F, 0x08, 0x2C, 0xCD, 0x0F, 0x08
	.byte 0x6E, 0xCF, 0x0F, 0x08, 0x4C, 0xCF, 0x0F, 0x08, 0x60, 0xCF, 0x0F, 0x08, 0xA8, 0x8E, 0x01, 0x38
	.byte 0xA8, 0x86, 0x00, 0x04, 0x00, 0x28, 0x00, 0xDD, 0x27, 0xE1, 0x20, 0x1C, 0x00, 0x21, 0x1F, 0xF7
	.byte 0xDB, 0xFA, 0x01, 0x20, 0x28, 0x60, 0x20, 0xE1, 0xAE, 0x22, 0x52, 0x00, 0xA8, 0x18, 0x00, 0x23
	.byte 0xC0, 0x5E, 0x01, 0x28, 0x72, 0xD0, 0x01, 0x28, 0x02, 0xDC, 0x00, 0x28, 0x07, 0xD0, 0xD9, 0xE0
	.byte 0x02, 0x28, 0x00, 0xD1, 0x92, 0xE0, 0x03, 0x28, 0x00, 0xD1, 0xBD, 0xE0, 0xD2, 0xE0, 0xA9, 0x88
	.byte 0x04, 0x27, 0xE8, 0x5F, 0x00, 0x28, 0x00, 0xDC, 0xCC, 0xE0, 0x48, 0x1E, 0xA8, 0x80, 0x00, 0x04
	.byte 0x00, 0x28, 0x00, 0xDD, 0xC6, 0xE0, 0xAF, 0x21, 0x49, 0x00, 0x68, 0x18, 0x00, 0x22, 0x80, 0x5E
	.byte 0x05, 0x28, 0x00, 0xD9, 0xBE, 0xE0, 0x80, 0x00, 0x01, 0x49, 0x40, 0x18, 0x00, 0x68, 0x87, 0x46
	.byte 0x88, 0xCD, 0x0F, 0x08, 0xA0, 0xCD, 0x0F, 0x08, 0xA0, 0xCD, 0x0F, 0x08, 0xA0, 0xCD, 0x0F, 0x08
	.byte 0x08, 0xCE, 0x0F, 0x08, 0xA0, 0xCD, 0x0F, 0x08, 0x14, 0xCE, 0x0F, 0x08, 0xA4, 0x23, 0x5B, 0x00
	.byte 0xE8, 0x18, 0x00, 0x68, 0xA6, 0x27, 0x7F, 0x00, 0xE9, 0x19, 0x09, 0x68, 0x13, 0x4A, 0x12, 0x68
	.byte 0xD3, 0x6F, 0x5A, 0x68, 0x9B, 0x68, 0xFB, 0xF7, 0x27, 0xF8, 0x00, 0x06, 0x00, 0x0E, 0xAA, 0x21
	.byte 0x49, 0x00, 0x6C, 0x18, 0x0E, 0x4B, 0x41, 0x00, 0xC9, 0x18, 0x00, 0x27, 0xCA, 0x5F, 0x51, 0x00
	.byte 0x89, 0x18, 0x21, 0x60, 0xAC, 0x21, 0x49, 0x00, 0x6A, 0x18, 0x40, 0x30, 0x40, 0x00, 0xC0, 0x18
	.byte 0x00, 0x23, 0xC1, 0x5E, 0x49, 0x42, 0x48, 0x00, 0x40, 0x18, 0x10, 0x60, 0x5A, 0x20, 0xA8, 0x80
	.byte 0xAE, 0x27, 0x7F, 0x00, 0xE9, 0x19, 0x01, 0x20, 0x08, 0x80, 0x7B, 0xE0, 0x84, 0x9B, 0x03, 0x02
	.byte 0x00, 0x14, 0x12, 0x08, 0xAE, 0x20, 0x40, 0x00, 0x29, 0x18, 0x02, 0x20, 0x08, 0x80, 0x71, 0xE0
	.byte 0xAE, 0x22, 0x52, 0x00, 0xA9, 0x18, 0x03, 0x20, 0x08, 0x80, 0x6B, 0xE0, 0xA4, 0x23, 0x5B, 0x00
	.byte 0xEA, 0x18, 0xAA, 0x27, 0x7F, 0x00, 0xE9, 0x19, 0x10, 0x68, 0x09, 0x68, 0x40, 0x18, 0x10, 0x60
	.byte 0xA6, 0x20, 0x40, 0x00, 0x2A, 0x18, 0x10, 0x33, 0xE9, 0x18, 0x10, 0x68, 0x09, 0x68, 0x40, 0x18
	.byte 0x10, 0x60, 0xA8, 0x88, 0x01, 0x38, 0xA8, 0x80, 0x00, 0x04, 0x00, 0x28, 0x03, 0xDD, 0x11, 0x68
	.byte 0x05, 0x48, 0x81, 0x42, 0x4E, 0xDC, 0x20, 0x1C, 0x01, 0x21, 0x1F, 0xF7, 0x3D, 0xFA, 0x1E, 0x20
	.byte 0xA8, 0x86, 0x04, 0x20, 0x28, 0x60, 0x45, 0xE0, 0xFF, 0x17, 0x01, 0x00, 0xB1, 0x27, 0x7F, 0x00
	.byte 0xEC, 0x19, 0x20, 0x78, 0x01, 0x30, 0x20, 0x70, 0xA4, 0x20, 0x40, 0x00, 0x2B, 0x18, 0x11, 0x4A
	.byte 0x20, 0x78, 0x40, 0x00, 0x80, 0x18, 0x00, 0x27, 0xC1, 0x5F, 0x88, 0x00, 0x40, 0x18, 0xC0, 0x00
	.byte 0xB2, 0x27, 0x7F, 0x00, 0xE9, 0x19, 0x09, 0x68, 0x40, 0x18, 0x18, 0x60, 0xA6, 0x20, 0x40, 0x00
	.byte 0x2B, 0x18, 0x20, 0x78, 0x40, 0x30, 0x40, 0x00, 0x80, 0x18, 0x00, 0x22, 0x81, 0x5E, 0x49, 0x42
	.byte 0x88, 0x00, 0x40, 0x18, 0xC0, 0x00, 0x04, 0x37, 0xE9, 0x19, 0x09, 0x68, 0x40, 0x18, 0x18, 0x60
	.byte 0x18, 0xE0, 0x00, 0x00, 0x00, 0x14, 0x12, 0x08, 0xB1, 0x20, 0x40, 0x00, 0x2B, 0x18, 0x18, 0x78
	.byte 0x01, 0x30, 0x18, 0x70, 0xA4, 0x21, 0x49, 0x00, 0x6A, 0x18, 0x0A, 0x49, 0x18, 0x78, 0x40, 0x00
	.byte 0x40, 0x18, 0x00, 0x23, 0xC0, 0x5E, 0x40, 0x01, 0xB2, 0x27, 0x7F, 0x00, 0xE9, 0x19, 0x09, 0x68
	.byte 0x40, 0x18, 0x10, 0x60, 0x29, 0x89, 0x08, 0x22, 0xA8, 0x5E, 0x00, 0x28, 0x04, 0xDD, 0x48, 0x1E
	.byte 0x28, 0x81, 0x32, 0xE0, 0x00, 0x14, 0x12, 0x08, 0x28, 0x1C, 0x78, 0x30, 0x01, 0x21, 0x15, 0xF7
	.byte 0xA5, 0xFB, 0x00, 0x06, 0x00, 0x28, 0x28, 0xD0, 0x07, 0x48, 0x22, 0xF0, 0xA7, 0xFF, 0x07, 0x48
	.byte 0x00, 0x68, 0xC4, 0x6F, 0x60, 0x6B, 0xA1, 0x6B, 0x05, 0x4A, 0x06, 0x4B, 0x10, 0x43, 0x60, 0x63
	.byte 0xA1, 0x63, 0x3C, 0x20, 0x28, 0x81, 0x18, 0xE0, 0xCA, 0x02, 0x00, 0x00, 0x84, 0x9B, 0x03, 0x02
	.byte 0x00, 0x00, 0x00, 0x20, 0x00, 0x00, 0x00, 0x00, 0x06, 0x23, 0xE8, 0x5E, 0x00, 0x28, 0x0C, 0xD1
	.byte 0x01, 0x20, 0x28, 0x60, 0x20, 0x1C, 0x1D, 0xF7, 0xD5, 0xFF, 0x06, 0xE0, 0xA8, 0x8E, 0x01, 0x38
	.byte 0xA8, 0x86, 0x00, 0x04, 0x00, 0x28, 0x00, 0xDC, 0x00, 0x26, 0x30, 0x1C, 0xF0, 0xBC, 0x02, 0xBC
	.byte 0x08, 0x47, 0x00, 0x00
_080FCF78:
	.byte 0xF0, 0xB5, 0x47, 0x46, 0x80, 0xB4, 0x07, 0x1C, 0xAF, 0x21, 0x49, 0x00, 0x78, 0x18, 0x00, 0x22
	.byte 0x80, 0x5E, 0x05, 0x28, 0x00, 0xD9, 0xDA, 0xE0, 0x80, 0x00, 0x02, 0x49, 0x40, 0x18, 0x00, 0x68
	.byte 0x87, 0x46, 0x00, 0x00, 0xA0, 0xCF, 0x0F, 0x08, 0xB8, 0xCF, 0x0F, 0x08, 0xB8, 0xCF, 0x0F, 0x08
	.byte 0xB8, 0xCF, 0x0F, 0x08, 0x04, 0xD0, 0x0F, 0x08, 0x94, 0xD0, 0x0F, 0x08, 0xE8, 0xD0, 0x0F, 0x08
	.byte 0x11, 0x48, 0xAF, 0x23, 0x5B, 0x00, 0xF9, 0x18, 0x00, 0x26, 0x89, 0x5F, 0xC9, 0x00, 0x09, 0x18
	.byte 0xB0, 0x22, 0x52, 0x00, 0xB8, 0x18, 0x00, 0x23, 0xC0, 0x5E, 0xC0, 0x00, 0x09, 0x68, 0x09, 0x18
	.byte 0xA4, 0x26, 0x76, 0x00, 0xBA, 0x19, 0x00, 0x23, 0xC8, 0x5E, 0x00, 0x02, 0x10, 0x60, 0x04, 0x36
	.byte 0xBA, 0x19, 0x02, 0x23, 0xC8, 0x5E, 0x00, 0x02, 0x10, 0x60, 0x88, 0x88, 0x00, 0x21, 0xB8, 0x80
	.byte 0x10, 0x36, 0xB8, 0x19, 0x01, 0x80, 0xA2, 0xE0, 0xF8, 0x2E, 0x99, 0x09, 0xB0, 0x21, 0x49, 0x00
	.byte 0x78, 0x18, 0x00, 0x22, 0x80, 0x5E, 0x00, 0x02, 0x06, 0x21, 0x20, 0xF0, 0xEB, 0xFA, 0xB1, 0x23
	.byte 0x5B, 0x00, 0xDB, 0x19, 0x9C, 0x46, 0x00, 0x26, 0xB0, 0x46, 0x18, 0x70, 0xB2, 0x20, 0x40, 0x00
	.byte 0x3A, 0x18, 0x80, 0x20, 0x00, 0x02, 0x10, 0x60, 0xB4, 0x21, 0x49, 0x00, 0x7D, 0x18, 0xA4, 0x20
	.byte 0x40, 0x02, 0x28, 0x60, 0xA4, 0x23, 0x5B, 0x00, 0xFC, 0x18, 0x13, 0x4B, 0x66, 0x46, 0x30, 0x78
	.byte 0x40, 0x00, 0xC0, 0x18, 0x00, 0x26, 0x81, 0x5F, 0x88, 0x00, 0x40, 0x18, 0xC0, 0x00, 0x11, 0x68
	.byte 0x40, 0x18, 0x20, 0x60, 0xA6, 0x20, 0x40, 0x00, 0x3A, 0x18, 0x61, 0x46, 0x08, 0x78, 0x40, 0x30
	.byte 0x40, 0x00, 0xC0, 0x18, 0x00, 0x23, 0xC1, 0x5E, 0x49, 0x42, 0x88, 0x00, 0x40, 0x18, 0xC0, 0x00
	.byte 0x29, 0x68, 0x40, 0x18, 0x10, 0x60, 0x3C, 0x20, 0xB8, 0x80, 0xAE, 0x26, 0x76, 0x00, 0xB8, 0x19
	.byte 0x41, 0x46, 0x01, 0x80, 0x5B, 0xE0, 0x00, 0x00, 0x00, 0x14, 0x12, 0x08, 0x09, 0xF7, 0x86, 0xFA
	.byte 0xA4, 0x22, 0x52, 0x00, 0xBC, 0x18, 0x00, 0x04, 0x00, 0x0C, 0x60, 0x21, 0x20, 0xF0, 0x92, 0xFB
	.byte 0x00, 0x04, 0x00, 0x0A, 0x98, 0x23, 0x1B, 0x02, 0xC0, 0x18, 0x20, 0x60, 0xA6, 0x26, 0x76, 0x00
	.byte 0xBA, 0x19, 0xB0, 0x20, 0x40, 0x00, 0x39, 0x18, 0x00, 0x23, 0xC8, 0x5E, 0x00, 0x03, 0x8C, 0x26
	.byte 0x76, 0x02, 0x80, 0x19, 0x10, 0x60, 0x00, 0x20, 0x09, 0x5E, 0x08, 0x01, 0x40, 0x1A, 0x80, 0x00
	.byte 0xF0, 0x30, 0x00, 0x21, 0xB8, 0x80, 0xAE, 0x22, 0x52, 0x00, 0xB8, 0x18, 0x01, 0x80, 0x2E, 0xE0
	.byte 0xB1, 0x23, 0x5B, 0x00, 0xFD, 0x18, 0x00, 0x24, 0x2C, 0x70, 0xB2, 0x26, 0x76, 0x00, 0xB8, 0x19
	.byte 0x98, 0x22, 0x12, 0x02, 0x02, 0x60, 0xA4, 0x20, 0x40, 0x00, 0x3B, 0x18, 0x12, 0x49, 0x28, 0x78
	.byte 0x40, 0x00, 0x40, 0x18, 0x00, 0x21, 0x40, 0x5E, 0x40, 0x01, 0x80, 0x18, 0x18, 0x60, 0xA6, 0x23
	.byte 0x5B, 0x00, 0xFA, 0x18, 0x04, 0x3E, 0xB9, 0x19, 0x00, 0x23, 0xC8, 0x5E, 0x00, 0x03, 0x8C, 0x26
	.byte 0x76, 0x02, 0x80, 0x19, 0x10, 0x60, 0x00, 0x22, 0x88, 0x5E, 0x00, 0x02, 0x06, 0x21, 0x20, 0xF0
	.byte 0x59, 0xFA, 0x3C, 0x30, 0xB8, 0x80, 0xAE, 0x23, 0x5B, 0x00, 0xF8, 0x18, 0x04, 0x80, 0x08, 0xBC
	.byte 0x98, 0x46, 0xF0, 0xBC, 0x01, 0xBC, 0x00, 0x47, 0x00, 0x14, 0x12, 0x08
	thumb_func_start task_bos_md_fire_0
task_bos_md_fire_0: @ 080FD154
	push {r4, r5, r6, r7, lr}
	mov r7, r9
	mov r6, r8
	push {r6, r7}
	add sp, #-0x010
	adds r7, r0, #0x0
	adds r5, r1, #0x0
	movs r0, #0x00
	mov r9, r0
	mov r1, r9
	strh r1, [r7, #0x06]
	strh r1, [r7, #0x08]
	movs r0, #0x19
	str r0, [r7, #0x30]
	movs r0, #0x1E
	strh r0, [r7, #0x34]
	mov r2, r9
	str r2, [r7, #0x00]
	movs r3, #0xA8
	lsls r3, r3, #0x01
	adds r4, r7, r3
	str r2, [r4, #0x00]
	ldrh r0, [r5, #0x04]
	movs r1, #0xAF
	lsls r1, r1, #0x01
	adds r1, r1, r7
	mov r8, r1
	strh r0, [r1, #0x00]
	ldrh r1, [r5, #0x06]
	movs r2, #0xB0
	lsls r2, r2, #0x01
	adds r0, r7, r2
	strh r1, [r0, #0x00]
	adds r3, #0x1C
	adds r1, r7, r3
	ldr r0, [r5, #0x08]
	str r0, [r1, #0x00]
	adds r0, r7, #0x0
	bl _080FCF78
	adds r6, r7, #0x0
	adds r6, #0x38
	ldr r1, _080FD268 @ =0x09992F28
	movs r2, #0xA4
	lsls r2, r2, #0x01
	adds r0, r7, r2
	ldr r2, [r0, #0x00]
	movs r3, #0xA6
	lsls r3, r3, #0x01
	adds r0, r7, r3
	ldr r3, [r0, #0x00]
	ldr r0, [r4, #0x00]
	str r0, [sp, #0x000]
	adds r0, r6, #0x0
	bl func_0801B37C
	adds r4, r7, #0x0
	adds r4, #0x78
	adds r0, r4, #0x0
	movs r1, #0x03
	movs r2, #0x10
	movs r3, #0x10
	bl func_080122AC
	ldr r1, [r7, #0x3C]
	ldr r2, [r7, #0x40]
	ldr r3, [r7, #0x44]
	adds r0, r4, #0x0
	bl func_08012324
	ldr r0, [r7, #0x6C]
	ldr r1, [r7, #0x70]
	ldr r2, _080FD26C @ =0x00001000
	ldr r3, _080FD270 @ =0x00000000
	orrs r0, r2
	str r0, [r7, #0x6C]
	str r1, [r7, #0x70]
	adds r0, r7, #0x0
	adds r0, #0x64
	movs r1, #0x14
	strh r1, [r0, #0x00]
	adds r0, #0x02
	strh r1, [r0, #0x00]
	adds r0, r6, #0x0
	movs r1, #0x01
	bl func_0801C2DC
	ldr r0, _080FD274 @ =0x09A3C99C
	movs r1, #0x20
	bl func_08002A14
	str r0, [r7, #0x0C]
	ldr r0, _080FD278 @ =0x08F69BC4
	movs r1, #0x20
	bl func_08002A14
	str r0, [r7, #0x10]
	ldr r0, _080FD27C @ =0x099E367C
	movs r1, #0x80
	lsls r1, r1, #0x04
	bl func_080026A4
	str r0, [r7, #0x14]
	subs r4, #0x60
	ldr r1, _080FD280 @ =0x09EF9BC0
	ldr r2, _080FD284 @ =0x09EF9BB0
	adds r0, r4, #0x0
	bl func_08005968
	adds r0, r4, #0x0
	movs r1, #0x00
	movs r2, #0x01
	bl func_080059A4
	mov r0, r9
	str r0, [sp, #0x004]
	add r1, sp, #0x004
	ldrh r0, [r5, #0x04]
	strh r0, [r1, #0x04]
	ldr r0, [r5, #0x08]
	str r0, [sp, #0x00C]
	ldr r0, [r5, #0x00]
	cmp r0, #0x00
	beq _080FD2B6
	mov r1, r8
	movs r2, #0x00
	ldsh r0, [r1, r2]
	cmp r0, #0x02
	bgt _080FD28C
	ldr r1, _080FD288 @ =0x09992EF8
	mov r3, r8
	movs r2, #0x00
	ldsh r0, [r3, r2]
	lsls r0, r0, #0x03
	adds r0, r0, r1
	ldrh r0, [r0, #0x04]
	b _080FD28E
	.byte 0x00, 0x00
_080FD268: .4byte 0x09992F28
_080FD26C: .4byte 0x00001000
_080FD270: .4byte 0x00000000
_080FD274: .4byte 0x09A3C99C
_080FD278: .4byte 0x08F69BC4
_080FD27C: .4byte 0x099E367C
_080FD280: .4byte 0x09EF9BC0
_080FD284: .4byte 0x09EF9BB0
_080FD288: .4byte 0x09992EF8
_080FD28C:
	movs r0, #0x06
_080FD28E:
	movs r4, #0x01
	lsls r0, r0, #0x10
	asrs r1, r0, #0x10
	adds r6, r0, #0x0
	cmp r4, r1
	bge _080FD2B6
_080FD29A:
	add r0, sp, #0x004
	strh r4, [r0, #0x06]
	ldr r0, [r5, #0x00]
	ldr r1, _080FD2C4 @ =0x09EF8EDC
	add r2, sp, #0x004
	bl func_08000E14
	lsls r0, r4, #0x10
	movs r3, #0x80
	lsls r3, r3, #0x09
	adds r0, r0, r3
	lsrs r4, r0, #0x10
	cmp r0, r6
	blt _080FD29A
_080FD2B6:
	add sp, #0x010
	pop {r3, r4}
	mov r8, r3
	mov r9, r4
	pop {r4, r5, r6, r7}
	pop {r0}
	bx r0
_080FD2C4: .4byte 0x09EF8EDC
	thumb_func_start task_bos_md_fire_1
task_bos_md_fire_1: @ 080FD2C8
	push {r4, r5, lr}
	adds r4, r0, #0x0
	bl _080FCC14
	adds r0, r4, #0x0
	bl _080FCCB4
	lsls r0, r0, #0x18
	lsrs r5, r0, #0x18
	ldrh r1, [r4, #0x06]
	movs r2, #0x06
	ldsh r0, [r4, r2]
	cmp r0, #0x00
	ble _080FD2E8
	subs r0, r1, #0x1
	strh r0, [r4, #0x06]
_080FD2E8:
	movs r3, #0xA4
	lsls r3, r3, #0x01
	adds r0, r4, r3
	ldr r1, [r0, #0x00]
	str r1, [r4, #0x3C]
	movs r2, #0xA6
	lsls r2, r2, #0x01
	adds r0, r4, r2
	ldr r2, [r0, #0x00]
	str r2, [r4, #0x40]
	adds r3, #0x08
	adds r0, r4, r3
	ldr r3, [r0, #0x00]
	str r3, [r4, #0x44]
	adds r0, r4, #0x0
	adds r0, #0x78
	bl func_08012324
	adds r0, r5, #0x0
	pop {r4, r5}
	pop {r1}
	bx r1
	thumb_func_start task_bos_md_fire_2
task_bos_md_fire_2: @ 080FD314
	push {r4, r5, r6, r7, lr}
	mov r7, r8
	push {r7}
	add sp, #-0x014
	adds r6, r0, #0x0
	movs r1, #0x06
	ldsh r0, [r6, r1]
	cmp r0, #0x00
	ble _080FD33C
	ldr r0, _080FD338 @ =0x03007480
	ldr r0, [r0, #0x00]
	movs r1, #0x01
	ands r0, r1
	cmp r0, #0x00
	beq _080FD33C
	ldr r7, [r6, #0x10]
	b _080FD33E
	.byte 0x00, 0x00
_080FD338: .4byte 0x03007480
_080FD33C:
	ldr r7, [r6, #0x0C]
_080FD33E:
	mov r5, sp
	adds r5, #0x12
	movs r3, #0xA4
	lsls r3, r3, #0x01
	adds r0, r6, r3
	ldr r2, [r0, #0x00]
	movs r0, #0xA6
	lsls r0, r0, #0x01
	adds r4, r6, r0
	ldr r3, [r4, #0x00]
	movs r1, #0xA8
	lsls r1, r1, #0x01
	adds r0, r6, r1
	ldr r0, [r0, #0x00]
	str r0, [sp, #0x000]
	add r0, sp, #0x010
	adds r1, r5, #0x0
	bl func_0801909C
	ldr r0, [r4, #0x00]
	bl func_0801AF1C
	lsls r0, r0, #0x10
	lsrs r0, r0, #0x10
	mov r8, r0
	ldr r0, [r6, #0x00]
	cmp r0, #0x00
	bne _080FD382
	adds r0, r6, #0x0
	adds r0, #0x30
	movs r1, #0x80
	lsls r1, r1, #0x01
	ldrh r2, [r6, #0x34]
	b _080FD38E
_080FD382:
	cmp r0, #0x04
	bne _080FD3A2
	adds r0, r6, #0x0
	adds r0, #0x30
	ldrh r2, [r6, #0x34]
	movs r1, #0x19
_080FD38E:
	bl func_080058FC
	ldr r2, [r6, #0x30]
	movs r0, #0x00
	adds r1, r2, #0x0
	movs r3, #0x00
	bl func_08002CB4
	adds r4, r0, #0x0
	b _080FD3A4
_080FD3A2:
	movs r4, #0x00
_080FD3A4:
	adds r0, r6, #0x0
	adds r0, #0x18
	bl func_08005A64
	adds r2, r0, #0x0
	add r0, sp, #0x010
	movs r3, #0x00
	ldsh r0, [r0, r3]
	movs r3, #0x00
	ldsh r1, [r5, r3]
	ldr r3, [r6, #0x14]
	str r7, [sp, #0x000]
	str r4, [sp, #0x004]
	mov r4, r8
	str r4, [sp, #0x008]
	movs r5, #0xA6
	lsls r5, r5, #0x01
	adds r4, r6, r5
	ldr r5, [r4, #0x00]
	asrs r5, r5, #0x08
	lsls r5, r5, #0x02
	ldr r6, _080FD3EC @ =0xFFFFEFFC
	adds r4, r6, #0x0
	subs r4, r4, r5
	lsls r4, r4, #0x10
	lsrs r4, r4, #0x10
	str r4, [sp, #0x00C]
	bl func_080023E0
	add sp, #0x014
	pop {r3}
	mov r8, r3
	pop {r4, r5, r6, r7}
	pop {r0}
	bx r0
	.byte 0x00, 0x00
_080FD3EC: .4byte 0xFFFFEFFC
	thumb_func_start task_bos_md_fire_3
task_bos_md_fire_3: @ 080FD3F0
	push {r4, lr}
	adds r4, r0, #0x0
	adds r0, #0x78
	bl func_08012304
	adds r0, r4, #0x0
	adds r0, #0x38
	bl func_0801B7D8
	ldr r0, [r4, #0x0C]
	bl func_08002C10
	ldr r0, [r4, #0x10]
	bl func_08002C10
	ldr r0, [r4, #0x14]
	bl func_080028C0
	pop {r4}
	pop {r0}
	bx r0
	.byte 0x00, 0x00
	thumb_func_start task_bos_md_dai_0
task_bos_md_dai_0: @ 080FD41C
	push {r4, r5, r6, lr}
	adds r6, r0, #0x0
	ldr r0, _080FD4A0 @ =0x02039B84
	ldr r0, [r0, #0x00]
	ldr r2, [r0, #0x68]
	ldr r3, [r0, #0x6C]
	ldr r4, _080FD4A4 @ =0x00100000
	ldr r5, _080FD4A8 @ =0x00000000
	orrs r2, r4
	str r2, [r0, #0x68]
	str r3, [r0, #0x6C]
	ldr r0, [r1, #0x04]
	str r0, [r6, #0x78]
	adds r2, r6, #0x0
	adds r2, #0x80
	ldr r0, [r1, #0x00]
	str r0, [r2, #0x00]
	adds r0, r6, #0x0
	adds r0, #0x7C
	movs r1, #0x00
	strh r1, [r0, #0x00]
	adds r0, #0x02
	strh r1, [r0, #0x00]
	movs r0, #0x80
	lsls r0, r0, #0x08
	str r0, [r6, #0x00]
	ldr r0, _080FD4AC @ =0x00014F00
	str r0, [r6, #0x04]
	str r1, [r6, #0x08]
	movs r0, #0x14
	strh r0, [r6, #0x10]
	ldr r0, _080FD4B0 @ =0xFFFF6000
	str r0, [r6, #0x0C]
	adds r4, r6, #0x0
	adds r4, #0x1C
	adds r0, r4, #0x0
	movs r1, #0x07
	movs r2, #0x18
	movs r3, #0x18
	bl func_080122AC
	ldr r1, [r6, #0x00]
	ldr r2, [r6, #0x04]
	ldr r3, [r6, #0x08]
	adds r0, r4, #0x0
	bl func_08012324
	adds r0, r4, #0x0
	movs r1, #0x01
	bl func_08012614
	ldr r0, _080FD4B4 @ =0x09A3C9BC
	movs r1, #0x20
	bl func_08002A14
	str r0, [r6, #0x14]
	ldr r0, _080FD4B8 @ =0x09999ED0
	movs r1, #0x90
	lsls r1, r1, #0x03
	bl func_080026A4
	str r0, [r6, #0x18]
	pop {r4, r5, r6}
	pop {r0}
	bx r0
	.byte 0x00, 0x00
_080FD4A0: .4byte 0x02039B84
_080FD4A4: .4byte 0x00100000
_080FD4A8: .4byte 0x00000000
_080FD4AC: .4byte 0x00014F00
_080FD4B0: .4byte 0xFFFF6000
_080FD4B4: .4byte 0x09A3C9BC
_080FD4B8: .4byte 0x09999ED0
	thumb_func_start task_bos_md_dai_1
task_bos_md_dai_1: @ 080FD4BC
	push {r4, r5, r6, r7, lr}
	mov r7, r9
	mov r6, r8
	push {r6, r7}
	add sp, #-0x00C
	adds r5, r0, #0x0
	movs r0, #0x01
	mov r9, r0
	adds r6, r5, #0x0
	adds r6, #0x7E
	ldrh r0, [r6, #0x00]
	cmp r0, #0x01
	beq _080FD538
	cmp r0, #0x01
	bgt _080FD4E0
	cmp r0, #0x00
	beq _080FD4EC
	b _080FD686
_080FD4E0:
	cmp r0, #0x02
	beq _080FD590
	cmp r0, #0x03
	bne _080FD4EA
	b _080FD5E4
_080FD4EA:
	b _080FD686
_080FD4EC:
	adds r0, r5, #0x0
	adds r0, #0x0C
	ldrh r2, [r5, #0x10]
	movs r1, #0x00
	bl func_080058FC
	ldrh r0, [r5, #0x10]
	subs r0, #0x01
	strh r0, [r5, #0x10]
	lsls r0, r0, #0x10
	cmp r0, #0x00
	ble _080FD506
	b _080FD686
_080FD506:
	adds r4, r5, #0x0
	adds r4, #0x1C
	adds r0, r4, #0x0
	movs r1, #0x00
	bl func_08012614
	adds r0, r4, #0x0
	movs r1, #0x08
	bl func_08012658
	ldr r0, [r5, #0x08]
	ldr r1, _080FD534 @ =0xFFFF6000
	adds r0, r0, r1
	str r0, [r5, #0x0C]
	movs r0, #0xAA
	lsls r0, r0, #0x02
	bl func_0811FE70
	adds r0, r5, #0x0
	adds r0, #0x7C
	mov r1, r9
	b _080FD57C
	.byte 0x00, 0x00
_080FD534: .4byte 0xFFFF6000
_080FD538:
	adds r0, r5, #0x0
	adds r0, #0x0C
	ldr r1, _080FD588 @ =0xFFFFF200
	ldrh r2, [r5, #0x10]
	bl func_080058FC
	ldrh r0, [r5, #0x10]
	subs r0, #0x01
	strh r0, [r5, #0x10]
	lsls r0, r0, #0x10
	cmp r0, #0x00
	ble _080FD552
	b _080FD686
_080FD552:
	adds r4, r5, #0x0
	adds r4, #0x1C
	adds r0, r4, #0x0
	movs r1, #0x00
	bl func_08012614
	adds r0, r4, #0x0
	movs r1, #0x10
	bl func_08012658
	ldr r0, [r5, #0x08]
	ldr r1, _080FD58C @ =0xFFFF6000
	adds r0, r0, r1
	str r0, [r5, #0x0C]
	movs r0, #0xAA
	lsls r0, r0, #0x02
	bl func_0811FE70
	adds r0, r5, #0x0
	adds r0, #0x7C
	movs r1, #0x02
_080FD57C:
	strh r1, [r0, #0x00]
	movs r0, #0x14
	strh r0, [r5, #0x10]
	strh r1, [r6, #0x00]
	b _080FD686
	.byte 0x00, 0x00
_080FD588: .4byte 0xFFFFF200
_080FD58C: .4byte 0xFFFF6000
_080FD590:
	adds r0, r5, #0x0
	adds r0, #0x0C
	ldr r1, _080FD5DC @ =0xFFFFE400
	ldrh r2, [r5, #0x10]
	bl func_080058FC
	ldrh r0, [r5, #0x10]
	subs r0, #0x01
	strh r0, [r5, #0x10]
	lsls r0, r0, #0x10
	cmp r0, #0x00
	bgt _080FD686
	adds r4, r5, #0x0
	adds r4, #0x1C
	adds r0, r4, #0x0
	movs r1, #0x00
	bl func_08012614
	adds r0, r4, #0x0
	movs r1, #0x18
	bl func_08012658
	movs r0, #0xAA
	lsls r0, r0, #0x02
	bl func_0811FE70
	adds r0, r5, #0x0
	adds r0, #0x7C
	movs r3, #0x03
	strh r3, [r0, #0x00]
	ldr r2, [r5, #0x78]
	ldrh r1, [r2, #0x00]
	ldr r0, _080FD5E0 @ =0x0000FFFE
	ands r0, r1
	strh r0, [r2, #0x00]
	strh r3, [r6, #0x00]
	b _080FD686
	.byte 0x00, 0x00
_080FD5DC: .4byte 0xFFFFE400
_080FD5E0: .4byte 0x0000FFFE
_080FD5E4:
	ldr r2, [r5, #0x78]
	ldrh r1, [r2, #0x00]
	mov r0, r9
	ands r0, r1
	cmp r0, #0x00
	beq _080FD686
	ldr r0, _080FD670 @ =0x0000FFFE
	ands r0, r1
	strh r0, [r2, #0x00]
	ldr r0, [r5, #0x00]
	str r0, [sp, #0x000]
	ldr r0, [r5, #0x04]
	str r0, [sp, #0x004]
	adds r4, r5, #0x0
	adds r4, #0x7C
	movs r0, #0x00
	ldsh r1, [r4, r0]
	subs r1, #0x01
	lsls r0, r1, #0x03
	subs r0, r0, r1
	lsls r0, r0, #0x09
	negs r0, r0
	str r0, [sp, #0x008]
	bl func_080065A4
	lsls r0, r0, #0x10
	lsrs r0, r0, #0x10
	movs r1, #0x03
	bl func_0811D7CC
	adds r0, #0x03
	movs r6, #0x00
	lsls r0, r0, #0x10
	asrs r0, r0, #0x10
	movs r1, #0x1C
	adds r1, r1, r5
	mov r8, r1
	adds r7, r4, #0x0
	cmp r6, r0
	bge _080FD654
	adds r4, r0, #0x0
_080FD636:
	adds r0, r5, #0x0
	adds r0, #0x80
	ldr r0, [r0, #0x00]
	ldr r1, _080FD674 @ =0x09EF8F0C
	mov r2, sp
	bl func_08000E14
	lsls r0, r6, #0x10
	movs r1, #0x80
	lsls r1, r1, #0x09
	adds r0, r0, r1
	lsrs r6, r0, #0x10
	asrs r0, r0, #0x10
	cmp r0, r4
	blt _080FD636
_080FD654:
	adds r1, r7, #0x0
	ldrh r0, [r1, #0x00]
	subs r0, #0x01
	strh r0, [r1, #0x00]
	lsls r0, r0, #0x10
	cmp r0, #0x00
	bgt _080FD678
	mov r0, r8
	movs r1, #0x01
	bl func_08012614
	movs r0, #0x00
	mov r9, r0
	b _080FD686
_080FD670: .4byte 0x0000FFFE
_080FD674: .4byte 0x09EF8F0C
_080FD678:
	movs r0, #0x00
	ldsh r1, [r7, r0]
	lsls r1, r1, #0x13
	lsrs r1, r1, #0x10
	mov r0, r8
	bl func_08012658
_080FD686:
	mov r0, r9
	add sp, #0x00C
	pop {r3, r4}
	mov r8, r3
	mov r9, r4
	pop {r4, r5, r6, r7}
	pop {r1}
	bx r1
	.byte 0x00, 0x00
	thumb_func_start task_bos_md_dai_2
task_bos_md_dai_2: @ 080FD698
	push {r4, r5, r6, r7, lr}
	mov r7, r10
	mov r6, r9
	mov r5, r8
	push {r5, r6, r7}
	add sp, #-0x014
	adds r7, r0, #0x0
	movs r0, #0x12
	add r0, sp
	mov r9, r0
	ldr r2, [r7, #0x00]
	ldr r3, [r7, #0x04]
	ldr r0, [r7, #0x08]
	ldr r1, [r7, #0x0C]
	adds r0, r0, r1
	str r0, [sp, #0x000]
	add r0, sp, #0x010
	mov r1, r9
	bl func_0801909C
	ldr r0, [r7, #0x04]
	bl func_0801AF1C
	lsls r0, r0, #0x10
	lsrs r6, r0, #0x10
	adds r0, r7, #0x0
	adds r0, #0x7E
	ldrh r0, [r0, #0x00]
	cmp r0, #0x02
	bhi _080FD76E
	add r0, sp, #0x010
	movs r1, #0x00
	ldsh r0, [r0, r1]
	mov r2, r9
	ldrh r1, [r2, #0x00]
	adds r1, #0x18
	lsls r1, r1, #0x10
	asrs r1, r1, #0x10
	ldr r3, _080FD7E0 @ =0x09999E0C
	mov r8, r3
	ldr r3, [r7, #0x18]
	ldr r2, [r7, #0x14]
	str r2, [sp, #0x000]
	movs r4, #0x00
	mov r10, r4
	str r4, [sp, #0x004]
	str r6, [sp, #0x008]
	ldr r2, [r7, #0x04]
	asrs r2, r2, #0x08
	lsls r2, r2, #0x02
	ldr r4, _080FD7E4 @ =0xFFFFEFFC
	adds r5, r4, #0x0
	subs r2, r5, r2
	lsls r2, r2, #0x10
	lsrs r2, r2, #0x10
	str r2, [sp, #0x00C]
	mov r2, r8
	bl func_080023E0
	add r0, sp, #0x010
	movs r1, #0x00
	ldsh r0, [r0, r1]
	mov r2, r9
	movs r3, #0x00
	ldsh r1, [r2, r3]
	ldr r2, _080FD7E8 @ =0x09999E1C
	ldr r3, [r7, #0x18]
	ldr r4, [r7, #0x14]
	str r4, [sp, #0x000]
	mov r4, r10
	str r4, [sp, #0x004]
	str r6, [sp, #0x008]
	ldr r4, [r7, #0x04]
	asrs r4, r4, #0x08
	lsls r4, r4, #0x02
	subs r4, r5, r4
	lsls r4, r4, #0x10
	lsrs r4, r4, #0x10
	str r4, [sp, #0x00C]
	bl func_080023E0
	add r0, sp, #0x010
	ldrh r0, [r0, #0x00]
	adds r0, #0x08
	lsls r0, r0, #0x10
	asrs r0, r0, #0x10
	mov r2, r9
	ldrh r1, [r2, #0x00]
	subs r1, #0x10
	lsls r1, r1, #0x10
	asrs r1, r1, #0x10
	ldr r3, [r7, #0x18]
	ldr r2, [r7, #0x14]
	str r2, [sp, #0x000]
	mov r4, r10
	str r4, [sp, #0x004]
	str r6, [sp, #0x008]
	ldr r2, [r7, #0x04]
	asrs r2, r2, #0x08
	lsls r2, r2, #0x02
	subs r5, r5, r2
	lsls r5, r5, #0x10
	lsrs r5, r5, #0x10
	str r5, [sp, #0x00C]
	mov r2, r8
	bl func_080023E0
_080FD76E:
	ldr r2, [r7, #0x00]
	ldr r3, [r7, #0x04]
	ldr r0, [r7, #0x08]
	str r0, [sp, #0x000]
	add r0, sp, #0x010
	mov r1, r9
	bl func_0801909C
	ldr r0, [r7, #0x04]
	bl func_0801AF1C
	lsls r0, r0, #0x10
	lsrs r6, r0, #0x10
	adds r2, r7, #0x0
	adds r2, #0x7C
	movs r1, #0x00
	ldsh r0, [r2, r1]
	cmp r0, #0x00
	ble _080FD7D0
	add r0, sp, #0x010
	movs r3, #0x00
	ldsh r0, [r0, r3]
	mov r4, r9
	movs r3, #0x00
	ldsh r1, [r4, r3]
	ldr r3, _080FD7EC @ =0x09EF9740
	movs r4, #0x00
	ldsh r2, [r2, r4]
	adds r2, #0x01
	lsls r2, r2, #0x02
	adds r2, r2, r3
	ldr r2, [r2, #0x00]
	ldr r3, [r7, #0x18]
	ldr r4, [r7, #0x14]
	str r4, [sp, #0x000]
	movs r4, #0x00
	str r4, [sp, #0x004]
	str r6, [sp, #0x008]
	ldr r5, [r7, #0x04]
	asrs r5, r5, #0x08
	lsls r5, r5, #0x02
	ldr r6, _080FD7E4 @ =0xFFFFEFFC
	adds r4, r6, #0x0
	subs r4, r4, r5
	lsls r4, r4, #0x10
	lsrs r4, r4, #0x10
	str r4, [sp, #0x00C]
	bl func_080023E0
_080FD7D0:
	add sp, #0x014
	pop {r3, r4, r5}
	mov r8, r3
	mov r9, r4
	mov r10, r5
	pop {r4, r5, r6, r7}
	pop {r0}
	bx r0
_080FD7E0: .4byte 0x09999E0C
_080FD7E4: .4byte 0xFFFFEFFC
_080FD7E8: .4byte 0x09999E1C
_080FD7EC: .4byte 0x09EF9740
	thumb_func_start task_bos_md_dai_3
task_bos_md_dai_3: @ 080FD7F0
	push {r4, lr}
	adds r4, r0, #0x0
	adds r0, #0x1C
	bl func_08012304
	ldr r0, [r4, #0x14]
	bl func_08002C10
	ldr r0, [r4, #0x18]
	bl func_080028C0
	ldr r0, _080FD81C @ =0x02039B84
	ldr r3, [r0, #0x00]
	ldr r0, [r3, #0x68]
	ldr r1, [r3, #0x6C]
	ldr r2, _080FD820 @ =0xFFEFFFFF
	ands r0, r2
	str r0, [r3, #0x68]
	str r1, [r3, #0x6C]
	pop {r4}
	pop {r0}
	bx r0
_080FD81C: .4byte 0x02039B84
_080FD820: .4byte 0xFFEFFFFF
	thumb_func_start task_bos_md_hahen_0
task_bos_md_hahen_0: @ 080FD824
	push {r4, r5, r6, lr}
	mov r6, r8
	push {r6}
	adds r6, r0, #0x0
	ldr r0, [r1, #0x00]
	str r0, [r6, #0x00]
	ldr r0, [r1, #0x04]
	str r0, [r6, #0x04]
	ldr r0, [r1, #0x08]
	str r0, [r6, #0x08]
	bl func_080065A4
	adds r4, r0, #0x0
	lsls r4, r4, #0x18
	lsrs r4, r4, #0x18
	bl func_080065A4
	ldr r5, _080FD8C0 @ =0x000001FF
	adds r1, r5, #0x0
	ands r1, r0
	movs r0, #0x80
	lsls r0, r0, #0x01
	mov r8, r0
	add r1, r8
	ldr r2, _080FD8C4 @ =0x08121400
	adds r0, r4, #0x0
	adds r0, #0x40
	lsls r0, r0, #0x01
	adds r0, r0, r2
	movs r3, #0x00
	ldsh r0, [r0, r3]
	negs r0, r0
	muls r0, r1
	asrs r0, r0, #0x08
	str r0, [r6, #0x0C]
	lsls r4, r4, #0x01
	adds r4, r4, r2
	movs r2, #0x00
	ldsh r0, [r4, r2]
	muls r0, r1
	asrs r0, r0, #0x08
	str r0, [r6, #0x10]
	bl func_080065A4
	ands r5, r0
	add r5, r8
	negs r5, r5
	str r5, [r6, #0x14]
	movs r0, #0x03
	strh r0, [r6, #0x24]
	ldr r0, _080FD8C8 @ =0x09A3C9BC
	movs r1, #0x20
	bl func_08002A14
	str r0, [r6, #0x18]
	ldr r0, _080FD8CC @ =0x09999ED0
	movs r1, #0x90
	lsls r1, r1, #0x03
	bl func_080026A4
	str r0, [r6, #0x1C]
	bl func_080065A4
	ldr r2, _080FD8D0 @ =0x09EF9740
	lsls r0, r0, #0x10
	lsrs r0, r0, #0x10
	movs r1, #0x01
	ands r0, r1
	lsls r0, r0, #0x02
	adds r0, r0, r2
	ldr r0, [r0, #0x00]
	str r0, [r6, #0x20]
	pop {r3}
	mov r8, r3
	pop {r4, r5, r6}
	pop {r0}
	bx r0
	.byte 0x00, 0x00
_080FD8C0: .4byte 0x000001FF
_080FD8C4: .4byte 0x08121400
_080FD8C8: .4byte 0x09A3C9BC
_080FD8CC: .4byte 0x09999ED0
_080FD8D0: .4byte 0x09EF9740
	thumb_func_start task_bos_md_hahen_1
task_bos_md_hahen_1: @ 080FD8D4
	push {r4, r5, lr}
	adds r4, r0, #0x0
	movs r5, #0x01
	ldr r0, [r4, #0x00]
	ldr r1, [r4, #0x0C]
	adds r0, r0, r1
	str r0, [r4, #0x00]
	ldr r0, [r4, #0x04]
	ldr r2, [r4, #0x10]
	adds r0, r0, r2
	str r0, [r4, #0x04]
	ldr r1, _080FD92C @ =0x000117FF
	cmp r0, r1
	bgt _080FD8F4
	negs r0, r2
	str r0, [r4, #0x10]
_080FD8F4:
	ldr r0, [r4, #0x08]
	ldr r1, [r4, #0x14]
	adds r0, r0, r1
	str r0, [r4, #0x08]
	adds r1, #0x66
	str r1, [r4, #0x14]
	cmp r0, #0x00
	ble _080FD922
	movs r0, #0x00
	str r0, [r4, #0x08]
	lsls r0, r1, #0x03
	movs r1, #0x0A
	bl func_0811D5EC
	negs r0, r0
	str r0, [r4, #0x14]
	ldrh r0, [r4, #0x24]
	subs r0, #0x01
	strh r0, [r4, #0x24]
	lsls r0, r0, #0x10
	cmp r0, #0x00
	bgt _080FD922
	movs r5, #0x00
_080FD922:
	adds r0, r5, #0x0
	pop {r4, r5}
	pop {r1}
	bx r1
	.byte 0x00, 0x00
_080FD92C: .4byte 0x000117FF
	thumb_func_start task_bos_md_hahen_2
task_bos_md_hahen_2: @ 080FD930
	push {r4, r5, r6, r7, lr}
	add sp, #-0x014
	adds r6, r0, #0x0
	ldr r0, _080FD998 @ =0x03007480
	ldr r7, [r0, #0x00]
	movs r0, #0x01
	ands r7, r0
	cmp r7, #0x00
	bne _080FD98E
	mov r4, sp
	adds r4, #0x12
	ldr r2, [r6, #0x00]
	ldr r3, [r6, #0x04]
	ldr r0, [r6, #0x08]
	str r0, [sp, #0x000]
	add r0, sp, #0x010
	adds r1, r4, #0x0
	bl func_0801909C
	ldr r0, [r6, #0x04]
	bl func_0801AF1C
	lsls r0, r0, #0x10
	lsrs r0, r0, #0x10
	add r1, sp, #0x010
	movs r2, #0x00
	ldsh r5, [r1, r2]
	movs r2, #0x00
	ldsh r1, [r4, r2]
	ldr r2, [r6, #0x20]
	ldr r3, [r6, #0x1C]
	ldr r4, [r6, #0x18]
	str r4, [sp, #0x000]
	str r7, [sp, #0x004]
	str r0, [sp, #0x008]
	ldr r4, [r6, #0x04]
	asrs r4, r4, #0x08
	lsls r4, r4, #0x02
	ldr r6, _080FD99C @ =0xFFFFEFFC
	adds r0, r6, #0x0
	subs r0, r0, r4
	lsls r0, r0, #0x10
	lsrs r0, r0, #0x10
	str r0, [sp, #0x00C]
	adds r0, r5, #0x0
	bl func_080023E0
_080FD98E:
	add sp, #0x014
	pop {r4, r5, r6, r7}
	pop {r0}
	bx r0
	.byte 0x00, 0x00
_080FD998: .4byte 0x03007480
_080FD99C: .4byte 0xFFFFEFFC
	thumb_func_start task_bos_md_hahen_3
task_bos_md_hahen_3: @ 080FD9A0
	push {r4, lr}
	adds r4, r0, #0x0
	ldr r0, [r4, #0x18]
	bl func_08002C10
	ldr r0, [r4, #0x1C]
	bl func_080028C0
	pop {r4}
	pop {r0}
	bx r0
	.byte 0x00, 0x00
	thumb_func_start func_080FD9B8
func_080FD9B8: @ 080FD9B8
	push {r4, r5, lr}
	lsls r0, r0, #0x10
	lsls r1, r1, #0x10
	lsrs r5, r1, #0x10
	ldr r2, _080FD9E8 @ =0x09992F70
	lsrs r4, r0, #0x10
	asrs r0, r0, #0x10
	lsls r1, r0, #0x01
	adds r1, r1, r0
	lsls r1, r1, #0x03
	adds r1, r1, r2
	movs r2, #0x02
	ldsh r0, [r1, r2]
	cmp r0, #0x0D
	bne _080FD9F0
	bl func_080D2DD8
	lsls r0, r0, #0x18
	cmp r0, #0x00
	beq _080FD9F0
	ldr r0, _080FD9EC @ =0x09A3CDDC
	movs r1, #0x40
	b _080FDA04
	.byte 0x00, 0x00
_080FD9E8: .4byte 0x09992F70
_080FD9EC: .4byte 0x09A3CDDC
_080FD9F0:
	ldr r2, _080FDA20 @ =0x09992F70
	lsls r1, r4, #0x10
	asrs r1, r1, #0x10
	lsls r0, r1, #0x01
	adds r0, r0, r1
	lsls r0, r0, #0x03
	adds r2, #0x08
	adds r0, r0, r2
	ldr r0, [r0, #0x00]
	movs r1, #0x20
_080FDA04:
	bl func_08002A14
	ldr r3, _080FDA24 @ =0x02034FF8
	lsls r2, r5, #0x10
	asrs r2, r2, #0x10
	lsls r1, r2, #0x01
	adds r1, r1, r2
	lsls r1, r1, #0x03
	adds r3, #0x0C
	adds r1, r1, r3
	str r0, [r1, #0x00]
	pop {r4, r5}
	pop {r0}
	bx r0
_080FDA20: .4byte 0x09992F70
_080FDA24: .4byte 0x02034FF8
	thumb_func_start func_080FDA28
func_080FDA28: @ 080FDA28
	push {r4, r5, lr}
	lsls r0, r0, #0x10
	lsls r1, r1, #0x10
	lsrs r5, r1, #0x10
	ldr r2, _080FDA54 @ =0x09992F70
	lsrs r4, r0, #0x10
	asrs r0, r0, #0x10
	lsls r1, r0, #0x01
	adds r1, r1, r0
	lsls r1, r1, #0x03
	adds r1, r1, r2
	movs r2, #0x02
	ldsh r0, [r1, r2]
	cmp r0, #0x0D
	bne _080FDA5C
	bl func_080D2DD8
	lsls r0, r0, #0x18
	cmp r0, #0x00
	beq _080FDA5C
	ldr r0, _080FDA58 @ =0x099EDE7C
	b _080FDA6E
_080FDA54: .4byte 0x09992F70
_080FDA58: .4byte 0x099EDE7C
_080FDA5C:
	ldr r2, _080FDA90 @ =0x09992F70
	lsls r1, r4, #0x10
	asrs r1, r1, #0x10
	lsls r0, r1, #0x01
	adds r0, r0, r1
	lsls r0, r0, #0x03
	adds r2, #0x0C
	adds r0, r0, r2
	ldr r0, [r0, #0x00]
_080FDA6E:
	movs r1, #0x80
	lsls r1, r1, #0x05
	bl func_080026A4
	ldr r3, _080FDA94 @ =0x02034FF8
	lsls r2, r5, #0x10
	asrs r2, r2, #0x10
	lsls r1, r2, #0x01
	adds r1, r1, r2
	lsls r1, r1, #0x03
	adds r3, #0x10
	adds r1, r1, r3
	str r0, [r1, #0x00]
	pop {r4, r5}
	pop {r0}
	bx r0
	.byte 0x00, 0x00
_080FDA90: .4byte 0x09992F70
_080FDA94: .4byte 0x02034FF8
	thumb_func_start func_080FDA98
func_080FDA98: @ 080FDA98
	push {r4, r5, lr}
	adds r2, r0, #0x0
	lsls r2, r2, #0x10
	lsls r1, r1, #0x10
	lsrs r4, r1, #0x10
	ldr r3, _080FDADC @ =0x09992F70
	lsrs r5, r2, #0x10
	asrs r2, r2, #0x10
	lsls r1, r2, #0x01
	adds r1, r1, r2
	lsls r1, r1, #0x03
	adds r1, r1, r3
	movs r2, #0x02
	ldsh r1, [r1, r2]
	cmp r1, #0x0D
	bne _080FDAE8
	bl func_080D2DD8
	adds r1, r0, #0x0
	lsls r1, r1, #0x18
	cmp r1, #0x00
	beq _080FDAE8
	ldr r3, _080FDAE0 @ =0x02034FF8
	lsls r2, r4, #0x10
	asrs r2, r2, #0x10
	lsls r1, r2, #0x01
	adds r1, r1, r2
	lsls r1, r1, #0x03
	adds r3, #0x14
	adds r1, r1, r3
	ldr r2, _080FDAE4 @ =0x099A8914
	str r2, [r1, #0x00]
	b _080FDB0C
	.byte 0x00, 0x00
_080FDADC: .4byte 0x09992F70
_080FDAE0: .4byte 0x02034FF8
_080FDAE4: .4byte 0x099A8914
_080FDAE8:
	ldr r2, _080FDB14 @ =0x02034FF8
	lsls r1, r4, #0x10
	asrs r1, r1, #0x10
	lsls r3, r1, #0x01
	adds r3, r3, r1
	lsls r3, r3, #0x03
	adds r2, #0x14
	adds r3, r3, r2
	ldr r4, _080FDB18 @ =0x09992F70
	lsls r2, r5, #0x10
	asrs r2, r2, #0x10
	lsls r1, r2, #0x01
	adds r1, r1, r2
	lsls r1, r1, #0x03
	adds r4, #0x10
	adds r1, r1, r4
	ldr r1, [r1, #0x00]
	str r1, [r3, #0x00]
_080FDB0C:
	pop {r4, r5}
	pop {r1}
	bx r1
	.byte 0x00, 0x00
_080FDB14: .4byte 0x02034FF8
_080FDB18: .4byte 0x09992F70
	thumb_func_start func_080FDB1C
func_080FDB1C: @ 080FDB1C
	push {r4, r5, r6, r7, lr}
	mov r7, r8
	push {r7}
	add sp, #-0x004
	lsls r0, r0, #0x10
	lsrs r3, r0, #0x10
	mov r2, sp
	movs r0, #0x00
	strh r0, [r2, #0x00]
	ldr r6, _080FDBF4 @ =0x040000D4
	str r2, [r6, #0x00]
	ldr r0, _080FDBF8 @ =0x020350BC
	mov r8, r0
	ldr r2, [r0, #0x00]
	mov r12, r2
	str r2, [r6, #0x04]
	ldr r0, _080FDBFC @ =0x81000360
	str r0, [r6, #0x08]
	ldr r0, [r6, #0x08]
	lsls r1, r1, #0x10
	asrs r7, r1, #0x10
	cmp r7, #0x00
	ble _080FDBCA
	ldr r2, _080FDC00 @ =0x09992F70
	lsls r1, r3, #0x10
	asrs r1, r1, #0x10
	lsls r0, r1, #0x01
	adds r0, r0, r1
	lsls r0, r0, #0x03
	adds r2, #0x14
	adds r0, r0, r2
	ldr r5, [r0, #0x00]
	str r5, [r6, #0x00]
	movs r3, #0x09
	subs r3, r3, r7
	lsls r3, r3, #0x05
	add r3, r12
	str r3, [r6, #0x04]
	lsls r4, r7, #0x04
	movs r0, #0x80
	lsls r0, r0, #0x18
	orrs r4, r0
	str r4, [r6, #0x08]
	ldr r0, [r6, #0x08]
	movs r2, #0x12
	subs r2, r2, r7
	lsls r2, r2, #0x05
	adds r2, r5, r2
	str r2, [r6, #0x00]
	movs r0, #0x90
	lsls r0, r0, #0x01
	add r0, r12
	str r0, [r6, #0x04]
	str r4, [r6, #0x08]
	ldr r0, [r6, #0x08]
	movs r1, #0x90
	lsls r1, r1, #0x02
	adds r0, r5, r1
	str r0, [r6, #0x00]
	adds r0, r3, r1
	str r0, [r6, #0x04]
	str r4, [r6, #0x08]
	ldr r0, [r6, #0x08]
	adds r1, r2, r1
	str r1, [r6, #0x00]
	movs r0, #0xD8
	lsls r0, r0, #0x02
	add r0, r12
	str r0, [r6, #0x04]
	str r4, [r6, #0x08]
	ldr r0, [r6, #0x08]
	movs r0, #0x90
	lsls r0, r0, #0x03
	adds r5, r5, r0
	str r5, [r6, #0x00]
	adds r3, r3, r0
	str r3, [r6, #0x04]
	str r4, [r6, #0x08]
	ldr r1, [r6, #0x08]
	adds r2, r2, r0
	str r2, [r6, #0x00]
	movs r0, #0xB4
	lsls r0, r0, #0x03
	add r0, r12
	str r0, [r6, #0x04]
	str r4, [r6, #0x08]
	ldr r0, [r6, #0x08]
_080FDBCA:
	mov r0, r8
	ldr r4, [r0, #0x00]
	movs r0, #0x00
	bl func_08005130
	adds r1, r0, #0x0
	movs r2, #0x80
	lsls r2, r2, #0x03
	adds r1, r1, r2
	movs r2, #0xD8
	lsls r2, r2, #0x03
	adds r0, r4, #0x0
	bl func_080043B4
	add sp, #0x004
	pop {r3}
	mov r8, r3
	pop {r4, r5, r6, r7}
	pop {r0}
	bx r0
	.byte 0x00, 0x00
_080FDBF4: .4byte 0x040000D4
_080FDBF8: .4byte 0x020350BC
_080FDBFC: .4byte 0x81000360
_080FDC00: .4byte 0x09992F70
	.byte 0xF0, 0xB5, 0x57, 0x46, 0x4E, 0x46, 0x45, 0x46, 0xE0, 0xB4, 0x06, 0x48, 0x00, 0x68, 0x01, 0x28
	.byte 0x00, 0xD1, 0x81, 0xE1, 0x01, 0x28, 0x07, 0xD3, 0x02, 0x28, 0x00, 0xD1, 0xA4, 0xE2, 0x00, 0xF0
	.byte 0x19, 0xFC, 0x00, 0x00, 0x8C, 0x50, 0x03, 0x02, 0x03, 0xF7, 0xB0, 0xFB, 0x01, 0x25, 0x01, 0x21
	.byte 0x01, 0x40, 0x00, 0x29, 0x2C, 0xD0, 0x80, 0x21, 0x09, 0x02, 0x02, 0x20, 0x80, 0x22, 0x08, 0xF7
	.byte 0xDB, 0xFC, 0x0E, 0x48, 0x70, 0x21, 0x7E, 0x22, 0x08, 0xF7, 0x94, 0xFD, 0x02, 0x20, 0x01, 0x21
	.byte 0x07, 0xF7, 0xB8, 0xFC, 0x0A, 0x4A, 0x10, 0x88, 0x80, 0x23, 0x5B, 0x01, 0x19, 0x1C, 0x08, 0x43
	.byte 0x10, 0x80, 0x08, 0x48, 0x05, 0x70, 0xCE, 0x20, 0x22, 0xF0, 0x00, 0xF9, 0x06, 0x49, 0x00, 0x20
	.byte 0x08, 0x70, 0x06, 0x49, 0x04, 0x20, 0x08, 0x80, 0xEC, 0xE3, 0x00, 0x00, 0xB8, 0xAB, 0xED, 0x09
	.byte 0x54, 0x75, 0x00, 0x03, 0xEF, 0x50, 0x03, 0x02, 0xF0, 0x50, 0x03, 0x02, 0xC0, 0x50, 0x03, 0x02
	.byte 0x03, 0xF7, 0x7C, 0xFB, 0x02, 0x21, 0x01, 0x40, 0x00, 0x29, 0x27, 0xD0, 0x0D, 0x48, 0x00, 0x78
	.byte 0x00, 0x28, 0x23, 0xD1, 0x68, 0x20, 0x22, 0xF0, 0xE1, 0xF8, 0x0B, 0x49, 0xA0, 0x24, 0xE4, 0x00
	.byte 0x00, 0x20, 0x22, 0x1C, 0x07, 0xF7, 0x28, 0xFA, 0x08, 0x49, 0x01, 0x20, 0x22, 0x1C, 0x07, 0xF7
	.byte 0x23, 0xFA, 0x07, 0x48, 0x05, 0x70, 0x07, 0x49, 0x10, 0x20, 0x08, 0x80, 0x06, 0x49, 0x05, 0x20
	.byte 0x08, 0x80, 0xBF, 0xE3, 0xEE, 0x50, 0x03, 0x02, 0xDC, 0x10, 0xA3, 0x09, 0xDC, 0x1A, 0xA3, 0x09
	.byte 0xF0, 0x50, 0x03, 0x02, 0xC2, 0x50, 0x03, 0x02, 0xC0, 0x50, 0x03, 0x02, 0x3D, 0x4D, 0x00, 0x26
	.byte 0xA8, 0x5F, 0x01, 0x28, 0x00, 0xDC, 0xAD, 0xE3, 0x03, 0xF7, 0x42, 0xFB, 0x20, 0x21, 0x01, 0x40
	.byte 0x00, 0x29, 0x7B, 0xD0, 0x38, 0x4A, 0x00, 0x27, 0xE9, 0x5F, 0xC8, 0x0F, 0x09, 0x18, 0x49, 0x10
	.byte 0x10, 0x88, 0x40, 0x1A, 0x00, 0x04, 0x01, 0x0C, 0x08, 0x04, 0x00, 0x28, 0x07, 0xDA, 0x2A, 0x88
	.byte 0x00, 0x14, 0x80, 0x18, 0x00, 0x04, 0x01, 0x0C, 0x08, 0x04, 0x00, 0x28, 0xF8, 0xDB, 0x2F, 0x4D
	.byte 0x0E, 0x04, 0x30, 0x14, 0x44, 0x00, 0x24, 0x18, 0xE4, 0x00, 0x28, 0x1C, 0x0C, 0x30, 0x20, 0x18
	.byte 0x00, 0x68, 0x04, 0xF7, 0x63, 0xFF, 0x28, 0x1C, 0x10, 0x30, 0x24, 0x18, 0x20, 0x68, 0x04, 0xF7
	.byte 0xB5, 0xFD, 0x25, 0x48, 0x00, 0x22, 0x81, 0x5E, 0x48, 0x00, 0x40, 0x18, 0xC0, 0x00, 0x40, 0x19
	.byte 0x20, 0x49, 0x00, 0x23, 0xC9, 0x5E, 0xCA, 0x0F, 0x89, 0x18, 0x49, 0x10, 0x00, 0x88, 0x40, 0x1A
	.byte 0x00, 0x04, 0x04, 0x0C, 0x21, 0x04, 0x00, 0x29, 0x08, 0xDA, 0x1D, 0x48, 0x02, 0x88, 0x08, 0x14
	.byte 0x80, 0x18, 0x00, 0x04, 0x04, 0x0C, 0x21, 0x04, 0x00, 0x29, 0xF8, 0xDB, 0x17, 0x49, 0x35, 0x14
	.byte 0x68, 0x00, 0x40, 0x19, 0xC0, 0x00, 0x40, 0x18, 0x04, 0x80, 0x16, 0x48, 0x24, 0x04, 0xE4, 0x13
	.byte 0x24, 0x18, 0x00, 0x26, 0xA0, 0x5F, 0x29, 0x1C, 0xFF, 0xF7, 0x04, 0xFE, 0x00, 0x27, 0xE0, 0x5F
	.byte 0x29, 0x1C, 0xFF, 0xF7, 0x37, 0xFE, 0x00, 0x21, 0x60, 0x5E, 0x29, 0x1C, 0xFF, 0xF7, 0x6A, 0xFE
	.byte 0x09, 0x49, 0x08, 0x88, 0x01, 0x38, 0x08, 0x80, 0x00, 0x04, 0x00, 0x28, 0x03, 0xDA, 0x05, 0x48
	.byte 0x00, 0x88, 0x01, 0x38, 0x08, 0x80, 0xCD, 0x20, 0x22, 0xF0, 0x48, 0xF8, 0x06, 0x49, 0x02, 0x20
	.byte 0x08, 0x80, 0xEB, 0xE2, 0x90, 0x50, 0x03, 0x02, 0xF0, 0x4F, 0x03, 0x02, 0xF8, 0x4F, 0x03, 0x02
	.byte 0x92, 0x50, 0x03, 0x02, 0x70, 0x50, 0x03, 0x02, 0xB6, 0x50, 0x03, 0x02, 0x03, 0xF7, 0xC0, 0xFA
	.byte 0x10, 0x21, 0x01, 0x40, 0x00, 0x29, 0x00, 0xD1, 0x24, 0xE3, 0x3D, 0x4A, 0x00, 0x23, 0xE8, 0x5E
	.byte 0xC1, 0x0F, 0x40, 0x18, 0x40, 0x10, 0x12, 0x88, 0x80, 0x18, 0x00, 0x04, 0x01, 0x0C, 0x0A, 0x04
	.byte 0x10, 0x14, 0x2C, 0x88, 0x00, 0x26, 0xAB, 0x5F, 0x98, 0x42, 0x07, 0xDB, 0x10, 0x14, 0x00, 0x1B
	.byte 0x00, 0x04, 0x01, 0x0C, 0x0A, 0x04, 0x10, 0x14, 0x98, 0x42, 0xF7, 0xDA, 0x31, 0x4D, 0x0E, 0x04
	.byte 0x30, 0x14, 0x44, 0x00, 0x24, 0x18, 0xE4, 0x00, 0x28, 0x1C, 0x0C, 0x30, 0x20, 0x18, 0x00, 0x68
	.byte 0x04, 0xF7, 0xDC, 0xFE, 0x28, 0x1C, 0x10, 0x30, 0x24, 0x18, 0x20, 0x68, 0x04, 0xF7, 0x2E, 0xFD
	.byte 0x27, 0x48, 0x00, 0x27, 0xC0, 0x5F, 0x41, 0x00, 0x09, 0x18, 0xC9, 0x00, 0x49, 0x19, 0x26, 0x48
	.byte 0x00, 0x22, 0x80, 0x5E, 0xC2, 0x0F, 0x80, 0x18, 0x40, 0x10, 0x09, 0x88, 0x40, 0x18, 0x00, 0x04
	.byte 0x04, 0x0C, 0x22, 0x48, 0x22, 0x04, 0x11, 0x14, 0x03, 0x88, 0x00, 0x25, 0x40, 0x5F, 0x81, 0x42
	.byte 0x08, 0xDB, 0x01, 0x1C, 0x10, 0x14, 0xC0, 0x1A, 0x00, 0x04, 0x04, 0x0C, 0x22, 0x04, 0x10, 0x14
	.byte 0x88, 0x42, 0xF7, 0xDA, 0x17, 0x49, 0x35, 0x14, 0x68, 0x00, 0x40, 0x19, 0xC0, 0x00, 0x40, 0x18
	.byte 0x04, 0x80, 0x17, 0x48, 0x24, 0x04, 0xE4, 0x13, 0x24, 0x18, 0x00, 0x26, 0xA0, 0x5F, 0x29, 0x1C
	.byte 0xFF, 0xF7, 0x78, 0xFD, 0x00, 0x27, 0xE0, 0x5F, 0x29, 0x1C, 0xFF, 0xF7, 0xAB, 0xFD, 0x00, 0x21
	.byte 0x60, 0x5E, 0x29, 0x1C, 0xFF, 0xF7, 0xDE, 0xFD, 0x09, 0x4A, 0x10, 0x88, 0x01, 0x30, 0x10, 0x80
	.byte 0x09, 0x49, 0x00, 0x04, 0x00, 0x14, 0x00, 0x23, 0xC9, 0x5E, 0x88, 0x42, 0x01, 0xDB, 0x00, 0x20
	.byte 0x10, 0x80, 0xCD, 0x20, 0x21, 0xF0, 0xBA, 0xFF, 0x06, 0x49, 0x02, 0x20, 0x08, 0x80, 0xB3, 0xE1
	.byte 0xF0, 0x4F, 0x03, 0x02, 0xF8, 0x4F, 0x03, 0x02, 0x90, 0x50, 0x03, 0x02, 0x92, 0x50, 0x03, 0x02
	.byte 0x70, 0x50, 0x03, 0x02, 0xB6, 0x50, 0x03, 0x02, 0x03, 0xF7, 0x32, 0xFA, 0x20, 0x21, 0x01, 0x40
	.byte 0x00, 0x29, 0x67, 0xD0, 0x2E, 0x4A, 0x2F, 0x4B, 0x00, 0x25, 0x59, 0x5F, 0xC8, 0x0F, 0x09, 0x18
	.byte 0x49, 0x10, 0x10, 0x88, 0x40, 0x1A, 0x00, 0x04, 0x01, 0x0C, 0x08, 0x04, 0x00, 0x28, 0x07, 0xDA
	.byte 0x1A, 0x88, 0x00, 0x14, 0x80, 0x18, 0x00, 0x04, 0x01, 0x0C, 0x08, 0x04, 0x00, 0x28, 0xF8, 0xDB
	.byte 0x25, 0x4D, 0x0E, 0x04, 0x30, 0x14, 0x44, 0x00, 0x24, 0x18, 0xE4, 0x00, 0x28, 0x1C, 0x0C, 0x30
	.byte 0x20, 0x18, 0x00, 0x68, 0x04, 0xF7, 0x52, 0xFE, 0x28, 0x1C, 0x10, 0x30, 0x24, 0x18, 0x20, 0x68
	.byte 0x04, 0xF7, 0xA4, 0xFC, 0x1A, 0x48, 0x00, 0x27, 0xC1, 0x5F, 0x48, 0x00, 0x40, 0x18, 0xC0, 0x00
	.byte 0x40, 0x19, 0x18, 0x49, 0x00, 0x22, 0x89, 0x5E, 0xCA, 0x0F, 0x89, 0x18, 0x49, 0x10, 0x00, 0x88
	.byte 0x40, 0x1A, 0x00, 0x04, 0x04, 0x0C, 0x21, 0x04, 0x00, 0x29, 0x08, 0xDA, 0x13, 0x48, 0x02, 0x88
	.byte 0x08, 0x14, 0x80, 0x18, 0x00, 0x04, 0x04, 0x0C, 0x21, 0x04, 0x00, 0x29, 0xF8, 0xDB, 0x0E, 0x49
	.byte 0x35, 0x14, 0x68, 0x00, 0x40, 0x19, 0xC0, 0x00, 0x40, 0x18, 0x04, 0x80, 0x0C, 0x48, 0x24, 0x04
	.byte 0xE4, 0x13, 0x24, 0x18, 0x00, 0x23, 0xE0, 0x5E, 0x29, 0x1C, 0xFF, 0xF7, 0xF3, 0xFC, 0x00, 0x26
	.byte 0xA0, 0x5F, 0x29, 0x1C, 0xFF, 0xF7, 0x26, 0xFD, 0x00, 0x27, 0xE0, 0x5F, 0xDD, 0xE1, 0x00, 0x00
	.byte 0xF0, 0x4F, 0x03, 0x02, 0x90, 0x50, 0x03, 0x02, 0xF8, 0x4F, 0x03, 0x02, 0x92, 0x50, 0x03, 0x02
	.byte 0x70, 0x50, 0x03, 0x02, 0x00, 0x21, 0x3E, 0x4B, 0x00, 0x22, 0x98, 0x5E, 0x3D, 0x4D, 0xAA, 0x46
	.byte 0x3D, 0x4E, 0xB1, 0x46, 0x81, 0x42, 0x11, 0xDA, 0x4C, 0x46, 0x0A, 0x04, 0x12, 0x14, 0x50, 0x00
	.byte 0x80, 0x18, 0xC0, 0x00, 0x00, 0x19, 0x01, 0x7A, 0x02, 0x39, 0x01, 0x72, 0x01, 0x32, 0x12, 0x04
	.byte 0x11, 0x0C, 0x12, 0x14, 0x00, 0x27, 0xD8, 0x5F, 0x82, 0x42, 0xEE, 0xDB, 0x51, 0x46, 0x00, 0x22
	.byte 0x88, 0x5E, 0x41, 0x00, 0x09, 0x18, 0xC9, 0x00, 0x49, 0x44, 0x08, 0x7A, 0x80, 0x28, 0x00, 0xD9
	.byte 0x08, 0xE2, 0x03, 0xF7, 0x9D, 0xF9, 0x10, 0x21, 0x01, 0x40, 0x00, 0x29, 0x58, 0xD0, 0x28, 0x4A
	.byte 0x00, 0x23, 0xD0, 0x5E, 0xC1, 0x0F, 0x40, 0x18, 0x40, 0x10, 0x55, 0x46, 0x2D, 0x88, 0x40, 0x19
	.byte 0x00, 0x04, 0x01, 0x0C, 0x0B, 0x04, 0x18, 0x14, 0x15, 0x88, 0x00, 0x26, 0x94, 0x5F, 0xA0, 0x42
	.byte 0x08, 0xDB, 0x2A, 0x1C, 0x18, 0x14, 0x80, 0x1A, 0x00, 0x04, 0x01, 0x0C, 0x0B, 0x04, 0x18, 0x14
	.byte 0xA0, 0x42, 0xF7, 0xDA, 0x1C, 0x4D, 0x0E, 0x04, 0x30, 0x14, 0x44, 0x00, 0x24, 0x18, 0xE4, 0x00
	.byte 0x28, 0x1C, 0x0C, 0x30, 0x20, 0x18, 0x00, 0x68, 0x04, 0xF7, 0xB8, 0xFD, 0x28, 0x1C, 0x10, 0x30
	.byte 0x24, 0x18, 0x20, 0x68, 0x04, 0xF7, 0x0A, 0xFC, 0x12, 0x48, 0x00, 0x27, 0xC0, 0x5F, 0x41, 0x00
	.byte 0x09, 0x18, 0xC9, 0x00, 0x49, 0x19, 0x0E, 0x48, 0x00, 0x22, 0x80, 0x5E, 0xC2, 0x0F, 0x80, 0x18
	.byte 0x40, 0x10, 0x09, 0x88, 0x40, 0x18, 0x00, 0x04, 0x04, 0x0C, 0x0C, 0x48, 0x22, 0x04, 0x11, 0x14
	.byte 0x03, 0x88, 0x00, 0x25, 0x40, 0x5F, 0x81, 0x42, 0x00, 0xDA, 0x9B, 0xE0, 0x01, 0x1C, 0x10, 0x14
	.byte 0xC0, 0x1A, 0x00, 0x04, 0x04, 0x0C, 0x22, 0x04, 0x10, 0x14, 0x88, 0x42, 0xF7, 0xDA, 0x91, 0xE0
	.byte 0x90, 0x50, 0x03, 0x02, 0xF0, 0x4F, 0x03, 0x02, 0xF8, 0x4F, 0x03, 0x02, 0x92, 0x50, 0x03, 0x02
	.byte 0x55, 0x46, 0x00, 0x26, 0xA9, 0x5F, 0x48, 0x00, 0x40, 0x18, 0xC0, 0x00, 0x48, 0x44, 0x01, 0x7A
	.byte 0x80, 0x20, 0x40, 0x1A, 0x00, 0x06, 0x03, 0x0E, 0x00, 0x21, 0x0F, 0x4C, 0x00, 0x27, 0xE0, 0x5F
	.byte 0x0E, 0x4A, 0x90, 0x46, 0x0E, 0x4E, 0x0F, 0x4D, 0xAC, 0x46, 0x81, 0x42, 0x00, 0xDB, 0x7D, 0xE1
	.byte 0x4D, 0x46, 0x0A, 0x04, 0x12, 0x14, 0x50, 0x00, 0x80, 0x18, 0xC0, 0x00, 0x40, 0x19, 0x01, 0x7A
	.byte 0x59, 0x18, 0x01, 0x72, 0x01, 0x32, 0x12, 0x04, 0x11, 0x0C, 0x12, 0x14, 0x00, 0x27, 0xE0, 0x5F
	.byte 0x82, 0x42, 0xEE, 0xDB, 0x6A, 0xE1, 0x00, 0x00, 0x90, 0x50, 0x03, 0x02, 0x8C, 0x50, 0x03, 0x02
	.byte 0xB6, 0x50, 0x03, 0x02, 0xBA, 0x50, 0x03, 0x02, 0x03, 0xF7, 0x0A, 0xF9, 0x10, 0x21, 0x01, 0x40
	.byte 0x00, 0x29, 0x00, 0xD1, 0x88, 0xE0, 0x3E, 0x4B, 0x3E, 0x4A, 0x00, 0x21, 0x50, 0x5E, 0xC1, 0x0F
	.byte 0x40, 0x18, 0x40, 0x10, 0x1B, 0x88, 0xC0, 0x18, 0x00, 0x04, 0x01, 0x0C, 0x0B, 0x04, 0x18, 0x14
	.byte 0x15, 0x88, 0x00, 0x26, 0x94, 0x5F, 0xA0, 0x42, 0x08, 0xDB, 0x2A, 0x1C, 0x18, 0x14, 0x80, 0x1A
	.byte 0x00, 0x04, 0x01, 0x0C, 0x0B, 0x04, 0x18, 0x14, 0xA0, 0x42, 0xF7, 0xDA, 0x32, 0x4D, 0x0E, 0x04
	.byte 0x30, 0x14, 0x44, 0x00, 0x24, 0x18, 0xE4, 0x00, 0x28, 0x1C, 0x0C, 0x30, 0x20, 0x18, 0x00, 0x68
	.byte 0x04, 0xF7, 0x24, 0xFD, 0x28, 0x1C, 0x10, 0x30, 0x24, 0x18, 0x20, 0x68, 0x04, 0xF7, 0x76, 0xFB
	.byte 0x27, 0x48, 0x00, 0x27, 0xC0, 0x5F, 0x41, 0x00, 0x09, 0x18, 0xC9, 0x00, 0x49, 0x19, 0x25, 0x48
	.byte 0x00, 0x22, 0x80, 0x5E, 0xC2, 0x0F, 0x80, 0x18, 0x40, 0x10, 0x09, 0x88, 0x40, 0x18, 0x00, 0x04
	.byte 0x04, 0x0C, 0x22, 0x48, 0x22, 0x04, 0x11, 0x14, 0x03, 0x88, 0x00, 0x25, 0x40, 0x5F, 0x81, 0x42
	.byte 0x08, 0xDB, 0x01, 0x1C, 0x10, 0x14, 0xC0, 0x1A, 0x00, 0x04, 0x04, 0x0C, 0x22, 0x04, 0x10, 0x14
	.byte 0x88, 0x42, 0xF7, 0xDA, 0x18, 0x49, 0x35, 0x14, 0x68, 0x00, 0x40, 0x19, 0xC0, 0x00, 0x40, 0x18
	.byte 0x04, 0x80, 0x17, 0x48, 0x24, 0x04, 0xE4, 0x13, 0x24, 0x18, 0x00, 0x26, 0xA0, 0x5F, 0x29, 0x1C
	.byte 0xFF, 0xF7, 0xC0, 0xFB, 0x00, 0x27, 0xE0, 0x5F, 0x29, 0x1C, 0xFF, 0xF7, 0xF3, 0xFB, 0x00, 0x21
	.byte 0x60, 0x5E, 0x29, 0x1C, 0xFF, 0xF7, 0x26, 0xFC, 0x09, 0x4A, 0x10, 0x88, 0x01, 0x30, 0x10, 0x80
	.byte 0x08, 0x49, 0x00, 0x04, 0x00, 0x14, 0x00, 0x23, 0xC9, 0x5E, 0x88, 0x42, 0x01, 0xDB, 0x00, 0x20
	.byte 0x10, 0x80, 0xCD, 0x20, 0x21, 0xF0, 0x02, 0xFE, 0x06, 0x49, 0x01, 0x20, 0x08, 0x60, 0xF1, 0xE0
	.byte 0xF0, 0x4F, 0x03, 0x02, 0x90, 0x50, 0x03, 0x02, 0xF8, 0x4F, 0x03, 0x02, 0x92, 0x50, 0x03, 0x02
	.byte 0x70, 0x50, 0x03, 0x02, 0x8C, 0x50, 0x03, 0x02, 0x00, 0x21, 0x4E, 0x4B, 0x00, 0x25, 0x58, 0x5F
	.byte 0x4D, 0x4E, 0xB2, 0x46, 0x4D, 0x4F, 0xB9, 0x46, 0x81, 0x42, 0x11, 0xDA, 0x4C, 0x46, 0x0A, 0x04
	.byte 0x12, 0x14, 0x50, 0x00, 0x80, 0x18, 0xC0, 0x00, 0x00, 0x19, 0x01, 0x7A, 0x02, 0x31, 0x01, 0x72
	.byte 0x01, 0x32, 0x12, 0x04, 0x11, 0x0C, 0x12, 0x14, 0x00, 0x25, 0x58, 0x5F, 0x82, 0x42, 0xEE, 0xDB
	.byte 0x56, 0x46, 0x00, 0x27, 0xF0, 0x5F, 0x41, 0x00, 0x09, 0x18, 0xC9, 0x00, 0x49, 0x44, 0x08, 0x20
	.byte 0x08, 0x56, 0x00, 0x28, 0x00, 0xDB, 0xBD, 0xE0, 0x03, 0xF7, 0x52, 0xF8, 0x20, 0x21, 0x01, 0x40
	.byte 0x00, 0x29, 0x7B, 0xD0, 0x37, 0x4A, 0x00, 0x21, 0x50, 0x5E, 0xC1, 0x0F, 0x40, 0x18, 0x40, 0x10
	.byte 0x31, 0x88, 0x09, 0x1A, 0x09, 0x04, 0x09, 0x0C, 0x08, 0x04, 0x00, 0x28, 0x07, 0xDA, 0x12, 0x88
	.byte 0x00, 0x14, 0x80, 0x18, 0x00, 0x04, 0x01, 0x0C, 0x08, 0x04, 0x00, 0x28, 0xF8, 0xDB, 0x2F, 0x4D
	.byte 0x0E, 0x04, 0x30, 0x14, 0x44, 0x00, 0x24, 0x18, 0xE4, 0x00, 0x28, 0x1C, 0x0C, 0x30, 0x20, 0x18
	.byte 0x00, 0x68, 0x04, 0xF7, 0x73, 0xFC, 0x28, 0x1C, 0x10, 0x30, 0x24, 0x18, 0x20, 0x68, 0x04, 0xF7
	.byte 0xC5, 0xFA, 0x25, 0x48, 0x00, 0x22, 0x81, 0x5E, 0x48, 0x00, 0x40, 0x18, 0xC0, 0x00, 0x40, 0x19
	.byte 0x20, 0x49, 0x00, 0x23, 0xC9, 0x5E, 0xCA, 0x0F, 0x89, 0x18, 0x49, 0x10, 0x00, 0x88, 0x40, 0x1A
	.byte 0x00, 0x04, 0x04, 0x0C, 0x21, 0x04, 0x00, 0x29, 0x08, 0xDA, 0x1D, 0x48, 0x02, 0x88, 0x08, 0x14
	.byte 0x80, 0x18, 0x00, 0x04, 0x04, 0x0C, 0x21, 0x04, 0x00, 0x29, 0xF8, 0xDB, 0x17, 0x49, 0x35, 0x14
	.byte 0x68, 0x00, 0x40, 0x19, 0xC0, 0x00, 0x40, 0x18, 0x04, 0x80, 0x16, 0x48, 0x24, 0x04, 0xE4, 0x13
	.byte 0x24, 0x18, 0x00, 0x26, 0xA0, 0x5F, 0x29, 0x1C, 0xFF, 0xF7, 0x14, 0xFB, 0x00, 0x27, 0xE0, 0x5F
	.byte 0x29, 0x1C, 0xFF, 0xF7, 0x47, 0xFB, 0x00, 0x21, 0x60, 0x5E, 0x29, 0x1C, 0xFF, 0xF7, 0x7A, 0xFB
	.byte 0x09, 0x49, 0x08, 0x88, 0x01, 0x38, 0x08, 0x80, 0x00, 0x04, 0x00, 0x28, 0x03, 0xDA, 0x05, 0x48
	.byte 0x00, 0x88, 0x01, 0x38, 0x08, 0x80, 0xCD, 0x20, 0x21, 0xF0, 0x58, 0xFD, 0x06, 0x49, 0x02, 0x20
	.byte 0x08, 0x60, 0x47, 0xE0, 0x90, 0x50, 0x03, 0x02, 0xF0, 0x4F, 0x03, 0x02, 0xF8, 0x4F, 0x03, 0x02
	.byte 0x92, 0x50, 0x03, 0x02, 0x70, 0x50, 0x03, 0x02, 0x8C, 0x50, 0x03, 0x02, 0x52, 0x46, 0x00, 0x23
	.byte 0xD1, 0x5E, 0x48, 0x00, 0x40, 0x18, 0xC0, 0x00, 0x48, 0x44, 0x00, 0x7A, 0x80, 0x30, 0x00, 0x06
	.byte 0x03, 0x0E, 0x00, 0x21, 0x1B, 0x4C, 0x00, 0x25, 0x60, 0x5F, 0x1B, 0x4E, 0xB0, 0x46, 0x1B, 0x4E
	.byte 0x1B, 0x4F, 0xBC, 0x46, 0x81, 0x42, 0x11, 0xDA, 0x4D, 0x46, 0x0A, 0x04, 0x12, 0x14, 0x50, 0x00
	.byte 0x80, 0x18, 0xC0, 0x00, 0x40, 0x19, 0x01, 0x7A, 0xC9, 0x1A, 0x01, 0x72, 0x01, 0x32, 0x12, 0x04
	.byte 0x11, 0x0C, 0x12, 0x14, 0x00, 0x27, 0xE0, 0x5F, 0x82, 0x42, 0xEE, 0xDB, 0x01, 0x20, 0x30, 0x80
	.byte 0x50, 0x46, 0x00, 0x22, 0x81, 0x5E, 0x48, 0x00, 0x40, 0x18, 0xC0, 0x00, 0x48, 0x44, 0x00, 0x23
	.byte 0xC0, 0x5E, 0x40, 0x00, 0x0B, 0x4D, 0x40, 0x19, 0x00, 0x88, 0x66, 0x46, 0x30, 0x80, 0x00, 0x20
	.byte 0x47, 0x46, 0x38, 0x60, 0x38, 0xBC, 0x98, 0x46, 0xA1, 0x46, 0xAA, 0x46, 0xF0, 0xBC, 0x01, 0xBC
	.byte 0x00, 0x47, 0x00, 0x00, 0x90, 0x50, 0x03, 0x02, 0x8C, 0x50, 0x03, 0x02, 0xB6, 0x50, 0x03, 0x02
	.byte 0xBA, 0x50, 0x03, 0x02, 0x70, 0x50, 0x03, 0x02, 0xF0, 0xB5, 0x57, 0x46, 0x4E, 0x46, 0x45, 0x46
	.byte 0xE0, 0xB4, 0x87, 0xB0, 0x63, 0x48, 0x00, 0x88, 0x02, 0x38, 0x00, 0x04, 0x00, 0x0C, 0x02, 0x28
	.byte 0x37, 0xD9, 0x61, 0x48, 0x00, 0x68, 0x00, 0x02, 0x00, 0x14, 0x60, 0x4A, 0x60, 0x49, 0x0B, 0x68
	.byte 0x60, 0x4D, 0x29, 0x68, 0x00, 0x91, 0x00, 0x24, 0x01, 0x94, 0x80, 0x21, 0xC9, 0x00, 0x89, 0x46
	.byte 0x02, 0x91, 0x18, 0x39, 0x03, 0x91, 0x00, 0x21, 0x03, 0xF7, 0x90, 0xFF, 0x5A, 0x4A, 0x90, 0x46
	.byte 0x11, 0x68, 0x09, 0x02, 0x09, 0x14, 0x59, 0x4A, 0x59, 0x4E, 0x33, 0x68, 0x28, 0x68, 0x00, 0x90
	.byte 0x01, 0x94, 0x48, 0x46, 0x02, 0x90, 0x57, 0x48, 0x03, 0x90, 0x78, 0x20, 0x03, 0xF7, 0x7E, 0xFF
	.byte 0x42, 0x46, 0x51, 0x68, 0x09, 0x02, 0x09, 0x14, 0x53, 0x4A, 0x33, 0x68, 0x28, 0x68, 0x00, 0x90
	.byte 0x01, 0x94, 0xC0, 0x20, 0x00, 0x01, 0x02, 0x90, 0x46, 0x38, 0x03, 0x90, 0x78, 0x20, 0x03, 0xF7
	.byte 0x6D, 0xFF, 0x00, 0x25, 0x4D, 0x4A, 0x00, 0x23, 0xD0, 0x5E, 0x85, 0x42, 0x00, 0xDB, 0x52, 0xE1
	.byte 0x4B, 0x48, 0x82, 0x46, 0x2D, 0x04, 0x2C, 0x14, 0x60, 0x00, 0x00, 0x19, 0xC0, 0x00, 0x50, 0x44
	.byte 0x00, 0x7A, 0x81, 0x46, 0x00, 0x23, 0xD1, 0x5E, 0x80, 0x20, 0x40, 0x00, 0x1F, 0xF0, 0x5C, 0xF8
	.byte 0x44, 0x49, 0x60, 0x43, 0x09, 0x78, 0x40, 0x18, 0xFF, 0x21, 0x08, 0x40, 0x40, 0x30, 0x40, 0x00
	.byte 0x41, 0x49, 0x40, 0x18, 0x00, 0x22, 0x80, 0x5E, 0x47, 0x42, 0x78, 0x00, 0xC0, 0x19, 0xC0, 0x11
	.byte 0x48, 0x44, 0x00, 0x06, 0x03, 0x0E, 0x98, 0x46, 0xC2, 0x21, 0x09, 0x06, 0x40, 0x18, 0x00, 0x0E
	.byte 0x05, 0x95, 0x02, 0x28, 0x00, 0xD8, 0x1A, 0xE1, 0x46, 0x46, 0x40, 0x36, 0x30, 0x06, 0x00, 0x0E
	.byte 0x02, 0x28, 0x00, 0xD8, 0x13, 0xE1, 0x48, 0x46, 0x40, 0x30, 0x40, 0x00, 0x32, 0x4A, 0x80, 0x18
	.byte 0x00, 0x23, 0xC0, 0x5E, 0x40, 0x42, 0x84, 0x00, 0x24, 0x18, 0x64, 0x11, 0x21, 0x1C, 0x8C, 0x39
	.byte 0x2E, 0x48, 0x1F, 0xF0, 0x29, 0xF8, 0x02, 0x1C, 0x70, 0x00, 0x2B, 0x4D, 0x40, 0x19, 0x00, 0x21
	.byte 0x40, 0x5E, 0x40, 0x42, 0x50, 0x43, 0x03, 0x12, 0x4D, 0x46, 0x68, 0x00, 0x26, 0x49, 0x40, 0x18
	.byte 0x00, 0x25, 0x41, 0x5F, 0x88, 0x00, 0x40, 0x18, 0x00, 0x11, 0x78, 0x30, 0x00, 0x04, 0x06, 0x0C
	.byte 0xD0, 0x00, 0x78, 0x43, 0x00, 0x14, 0x40, 0x30, 0x24, 0x18, 0x24, 0x04, 0x24, 0x0C, 0x40, 0x46
	.byte 0x79, 0x38, 0x00, 0x06, 0x00, 0x0E, 0x0E, 0x28, 0x46, 0xD8, 0x00, 0x20, 0x04, 0x90, 0x1C, 0x48
	.byte 0x07, 0x68, 0x1C, 0x48, 0x05, 0x68, 0x1C, 0x4B, 0x0A, 0x48, 0x00, 0x21, 0x40, 0x5E, 0x36, 0x04
	.byte 0x24, 0x04, 0x03, 0x28, 0x79, 0xDD, 0x19, 0x48, 0x00, 0x78, 0x00, 0x28, 0x75, 0xD1, 0x18, 0x4A
	.byte 0xB0, 0x18, 0x00, 0x14, 0x17, 0x4A, 0xA1, 0x18, 0x09, 0x14, 0x06, 0x93, 0x08, 0xF7, 0x70, 0xF8
	.byte 0x06, 0x9B, 0x6A, 0xE0, 0xC0, 0x50, 0x03, 0x02, 0xD0, 0x50, 0x03, 0x02, 0x90, 0xCB, 0x99, 0x09
	.byte 0xA8, 0x50, 0x03, 0x02, 0xAC, 0x50, 0x03, 0x02, 0xC8, 0x50, 0x03, 0x02, 0x94, 0xC3, 0x99, 0x09
	.byte 0xB0, 0x50, 0x03, 0x02, 0xE9, 0x03, 0x00, 0x00, 0xC8, 0xC3, 0x99, 0x09, 0x90, 0x50, 0x03, 0x02
	.byte 0xF8, 0x4F, 0x03, 0x02, 0xB4, 0x50, 0x03, 0x02, 0x00, 0x14, 0x12, 0x08, 0x00, 0x9C, 0xFF, 0xFF
	.byte 0x98, 0x50, 0x03, 0x02, 0xA0, 0x50, 0x03, 0x02, 0x50, 0xA3, 0x99, 0x09, 0xF0, 0x50, 0x03, 0x02
	.byte 0x00, 0x00, 0xFF, 0xFF, 0x00, 0x00, 0xFB, 0xFF, 0x45, 0x46, 0x3D, 0x2D, 0x16, 0xD8, 0x00, 0x20
	.byte 0x04, 0x90, 0x07, 0x48, 0x47, 0x68, 0x07, 0x48, 0x45, 0x68, 0x3E, 0x20, 0x41, 0x46, 0x40, 0x1A
	.byte 0x0D, 0x21, 0x1E, 0xF0, 0xB1, 0xFF, 0x80, 0x00, 0x03, 0x4A, 0x80, 0x18, 0x03, 0x68, 0x2A, 0xE0
	.byte 0x98, 0x50, 0x03, 0x02, 0xA0, 0x50, 0x03, 0x02, 0x70, 0x97, 0xEF, 0x09, 0x45, 0x46, 0xC2, 0x2D
	.byte 0x16, 0xD9, 0x00, 0x20, 0x04, 0x90, 0x07, 0x48, 0x47, 0x68, 0x07, 0x48, 0x45, 0x68, 0x40, 0x46
	.byte 0xC2, 0x38, 0x0D, 0x21, 0x1E, 0xF0, 0x98, 0xFF, 0x80, 0x00, 0x04, 0x49, 0x40, 0x18, 0x03, 0x68
	.byte 0x11, 0xE0, 0x00, 0x00, 0x98, 0x50, 0x03, 0x02, 0xA0, 0x50, 0x03, 0x02, 0x70, 0x97, 0xEF, 0x09
	.byte 0x00, 0x20, 0x19, 0x1C, 0x00, 0x23, 0x04, 0xF7, 0xEB, 0xFA, 0x04, 0x90, 0x0A, 0x48, 0x07, 0x68
	.byte 0x0A, 0x48, 0x05, 0x68, 0x0A, 0x4B, 0x36, 0x04, 0x24, 0x04, 0x32, 0x14, 0x21, 0x14, 0x00, 0x95
	.byte 0x04, 0x9D, 0x01, 0x95, 0x80, 0x20, 0x00, 0x01, 0x02, 0x90, 0x48, 0x46, 0x80, 0x28, 0x0B, 0xD9
	.byte 0x40, 0x04, 0x04, 0x4D, 0x0D, 0xE0, 0x00, 0x00, 0x98, 0x50, 0x03, 0x02, 0xA0, 0x50, 0x03, 0x02
	.byte 0x50, 0xA3, 0x99, 0x09, 0x00, 0x00, 0xD1, 0x06, 0x80, 0x20, 0x4D, 0x46, 0x40, 0x1B, 0x40, 0x04
	.byte 0x16, 0x4D, 0x40, 0x19, 0x00, 0x0C, 0x03, 0x90, 0x10, 0x1C, 0x1A, 0x1C, 0x3B, 0x1C, 0x03, 0xF7
	.byte 0x55, 0xFE, 0x40, 0x46, 0x41, 0x38, 0x00, 0x06, 0x00, 0x0E, 0x7E, 0x28, 0x2F, 0xD8, 0x36, 0x14
	.byte 0x24, 0x14, 0x05, 0x99, 0x08, 0x14, 0x41, 0x00, 0x09, 0x18, 0xC9, 0x00, 0x50, 0x46, 0x14, 0x30
	.byte 0x08, 0x18, 0x02, 0x68, 0x50, 0x46, 0x10, 0x30, 0x08, 0x18, 0x03, 0x68, 0x08, 0x4D, 0x49, 0x19
	.byte 0x08, 0x68, 0x00, 0x90, 0x04, 0x98, 0x01, 0x90, 0x80, 0x20, 0x00, 0x01, 0x02, 0x90, 0x49, 0x46
	.byte 0x80, 0x29, 0x07, 0xD9, 0x48, 0x04, 0xDA, 0x25, 0xED, 0x04, 0x09, 0xE0, 0x00, 0x00, 0xD1, 0x07
	.byte 0x04, 0x50, 0x03, 0x02, 0x80, 0x20, 0x49, 0x46, 0x40, 0x1A, 0x40, 0x04, 0xFA, 0x25, 0xED, 0x04
	.byte 0x40, 0x19, 0x00, 0x0C, 0x03, 0x90, 0x30, 0x1C, 0x21, 0x1C, 0x03, 0xF7, 0x1F, 0xFE, 0x05, 0x98
	.byte 0x80, 0x22, 0x52, 0x02, 0x81, 0x18, 0x08, 0x4A, 0x0D, 0x0C, 0x09, 0x14, 0x00, 0x23, 0xD0, 0x5E
	.byte 0x81, 0x42, 0x00, 0xDA, 0xAE, 0xE6, 0x05, 0x4D, 0x00, 0x21, 0x68, 0x5E, 0x01, 0x28, 0x07, 0xD0
	.byte 0x02, 0x28, 0x19, 0xD0, 0x2E, 0xE0, 0x00, 0x00, 0x90, 0x50, 0x03, 0x02, 0xB6, 0x50, 0x03, 0x02
	.byte 0x07, 0x48, 0x00, 0x22, 0x80, 0x5E, 0x07, 0x4C, 0x00, 0x23, 0xE1, 0x5E, 0xFF, 0xF7, 0x9C, 0xF9
	.byte 0x21, 0x88, 0x00, 0x22, 0xA0, 0x5E, 0x08, 0x28, 0x1A, 0xDC, 0x48, 0x1C, 0x20, 0x80, 0x19, 0xE0
	.byte 0xBA, 0x50, 0x03, 0x02, 0xB8, 0x50, 0x03, 0x02, 0x07, 0x48, 0x00, 0x23, 0xC0, 0x5E, 0x07, 0x4C
	.byte 0x00, 0x22, 0xA1, 0x5E, 0xFF, 0xF7, 0x88, 0xF9, 0x21, 0x88, 0x00, 0x23, 0xE0, 0x5E, 0x00, 0x28
	.byte 0x06, 0xDD, 0x48, 0x1E, 0x20, 0x80, 0x05, 0xE0, 0xBA, 0x50, 0x03, 0x02, 0xB8, 0x50, 0x03, 0x02
	.byte 0x00, 0x20, 0x28, 0x80, 0x08, 0x48, 0x00, 0x78, 0x00, 0x28, 0x01, 0xD0, 0x08, 0xF7, 0x90, 0xF8
	.byte 0x06, 0x48, 0x02, 0xF7, 0x53, 0xFB, 0x07, 0xB0, 0x38, 0xBC, 0x98, 0x46, 0xA1, 0x46, 0xAA, 0x46
	.byte 0xF0, 0xBC, 0x01, 0xBC, 0x00, 0x47, 0x00, 0x00, 0xEF, 0x50, 0x03, 0x02, 0xD8, 0x50, 0x03, 0x02
	.byte 0x00, 0xB5, 0x06, 0xF7, 0xAB, 0xFA, 0x00, 0x20, 0x00, 0x21, 0x1C, 0x22, 0x00, 0x23, 0x06, 0xF7
	.byte 0x07, 0xFC, 0x01, 0x20, 0x00, 0x21, 0x1D, 0x22, 0x00, 0x23, 0x06, 0xF7, 0x01, 0xFC, 0x02, 0x20
	.byte 0x01, 0x21, 0x1E, 0x22, 0x0E, 0x23, 0x06, 0xF7, 0xFB, 0xFB, 0x00, 0x20, 0x03, 0x21, 0x06, 0xF7
	.byte 0xA1, 0xFE, 0x01, 0x20, 0x01, 0x21, 0x06, 0xF7, 0x9D, 0xFE, 0x02, 0x20, 0x00, 0x21, 0x06, 0xF7
	.byte 0x99, 0xFE, 0x01, 0xBC, 0x00, 0x47, 0x00, 0x00
	thumb_func_start func_080FE89C
func_080FE89C: @ 080FE89C
	push {lr}
	bl func_08004E64
	movs r0, #0x00
	movs r1, #0x00
	movs r2, #0x1C
	movs r3, #0x00
	bl func_08005074
	movs r0, #0x01
	movs r1, #0x00
	movs r2, #0x1D
	movs r3, #0x00
	bl func_08005074
	movs r0, #0x02
	movs r1, #0x01
	movs r2, #0x1E
	movs r3, #0x0A
	bl func_08005074
	movs r0, #0x00
	movs r1, #0x03
	bl func_080055C8
	movs r0, #0x01
	movs r1, #0x00
	bl func_080055C8
	movs r0, #0x02
	movs r1, #0x02
	bl func_080055C8
	ldr r1, _080FE8F4 @ =0x03007554
	movs r2, #0xD1
	lsls r2, r2, #0x02
	adds r0, r2, #0x0
	strh r0, [r1, #0x00]
	ldr r1, _080FE8F8 @ =0x03007564
	ldr r2, _080FE8FC @ =0x00001010
	adds r0, r2, #0x0
	strh r0, [r1, #0x00]
	pop {r0}
	bx r0
_080FE8F4: .4byte 0x03007554
_080FE8F8: .4byte 0x03007564
_080FE8FC: .4byte 0x00001010
	.byte 0x00, 0xB5, 0x0F, 0x49, 0x08, 0x88, 0x01, 0x30, 0x08, 0x80, 0x00, 0x04, 0x00, 0x14, 0x06, 0x28
	.byte 0x14, 0xDD, 0x00, 0x23, 0x0B, 0x80, 0x0B, 0x4A, 0x10, 0x88, 0x01, 0x30, 0x10, 0x80, 0x00, 0x04
	.byte 0x00, 0x0C, 0x1D, 0x28, 0x00, 0xD9, 0x13, 0x80, 0x07, 0x49, 0x00, 0x23, 0xD0, 0x5E, 0x80, 0x00
	.byte 0x40, 0x18, 0x00, 0x68, 0x05, 0x49, 0x20, 0x22, 0x07, 0xF7, 0x56, 0xF9, 0x01, 0xBC, 0x00, 0x47
	.byte 0xF2, 0x50, 0x03, 0x02, 0xF4, 0x50, 0x03, 0x02, 0x24, 0x8F, 0xEF, 0x09, 0x40, 0x00, 0x00, 0x05
	.byte 0xF0, 0xB5, 0x4F, 0x46, 0x46, 0x46, 0xC0, 0xB4, 0x03, 0xF7, 0x1E, 0xFB, 0x0C, 0x4C, 0x0D, 0x48
	.byte 0xBD, 0x21, 0x49, 0x00, 0x40, 0x18, 0x00, 0x78, 0x01, 0x21, 0x48, 0x40, 0x08, 0x40, 0x20, 0x70
	.byte 0x09, 0x48, 0x00, 0x21, 0x01, 0x70, 0x09, 0x48, 0x01, 0x70, 0x02, 0x20, 0x10, 0x21, 0x07, 0xF7
	.byte 0xCF, 0xFB, 0x20, 0x78, 0x00, 0x28, 0x0B, 0xD0, 0xFF, 0xF7, 0x64, 0xFF, 0x0A, 0xE0, 0x00, 0x00
	.byte 0xEE, 0x50, 0x03, 0x02, 0xB0, 0x9B, 0x03, 0x02, 0xEF, 0x50, 0x03, 0x02, 0xF0, 0x50, 0x03, 0x02
	.byte 0xFF, 0xF7, 0x7C, 0xFF, 0x90, 0x49, 0x00, 0x20, 0x08, 0x80, 0x90, 0x49, 0x00, 0x20, 0x08, 0x60
	.byte 0x00, 0x25, 0x00, 0x23, 0x8E, 0x4A, 0x94, 0x46, 0x8E, 0x4C, 0xA0, 0x46, 0x8E, 0x4F, 0x8F, 0x4E
	.byte 0x8F, 0x4C, 0x18, 0x04, 0x02, 0x14, 0x50, 0x00, 0x80, 0x18, 0xC0, 0x00, 0x80, 0x19, 0x39, 0x88
	.byte 0x00, 0x88, 0x08, 0x40, 0x00, 0x28, 0x07, 0xD0, 0x29, 0x04, 0x09, 0x14, 0x48, 0x00, 0x00, 0x19
	.byte 0x03, 0x80, 0x01, 0x31, 0x09, 0x04, 0x0D, 0x0C, 0x50, 0x1C, 0x00, 0x04, 0x03, 0x0C, 0x00, 0x14
	.byte 0x0C, 0x28, 0xE6, 0xDD, 0x66, 0x46, 0x35, 0x80, 0x29, 0x1C, 0x28, 0x04, 0x00, 0x14, 0x05, 0x28
	.byte 0x00, 0xDD, 0x05, 0x21, 0x40, 0x46, 0x01, 0x80, 0x00, 0x25, 0x08, 0x04, 0x00, 0x23, 0x00, 0x28
	.byte 0x49, 0xDD, 0x7C, 0x49, 0x89, 0x46, 0x47, 0x46, 0x75, 0x48, 0x29, 0x04, 0x09, 0x14, 0x04, 0x88
	.byte 0x00, 0x22, 0x80, 0x5E, 0x81, 0x42, 0x00, 0xDB, 0x00, 0x25, 0x18, 0x04, 0x02, 0x14, 0x71, 0x4B
	.byte 0x00, 0x26, 0x99, 0x5F, 0x01, 0x39, 0x06, 0x1C, 0x8A, 0x42, 0x06, 0xD1, 0x00, 0x21, 0x58, 0x5E
	.byte 0x02, 0x28, 0x02, 0xDD, 0x60, 0x1E, 0x00, 0x04, 0x05, 0x0C, 0x36, 0x14, 0x74, 0x00, 0xA4, 0x19
	.byte 0xE4, 0x00, 0x4C, 0x44, 0x25, 0x80, 0x00, 0x22, 0xB9, 0x5E, 0x80, 0x20, 0x40, 0x00, 0x1E, 0xF0
	.byte 0xC5, 0xFD, 0x70, 0x43, 0x80, 0x38, 0x20, 0x72, 0x65, 0x48, 0x2C, 0x04, 0x24, 0x14, 0x65, 0x00
	.byte 0x2D, 0x18, 0x00, 0x23, 0xE8, 0x5E, 0x31, 0x1C, 0xFE, 0xF7, 0x9E, 0xFF, 0x00, 0x21, 0x68, 0x5E
	.byte 0x31, 0x1C, 0xFE, 0xF7, 0xD1, 0xFF, 0x00, 0x22, 0xA8, 0x5E, 0x31, 0x1C, 0xFF, 0xF7, 0x04, 0xF8
	.byte 0x01, 0x36, 0x36, 0x04, 0x01, 0x34, 0x24, 0x04, 0x25, 0x0C, 0x33, 0x0C, 0x36, 0x14, 0x00, 0x24
	.byte 0x38, 0x5F, 0x86, 0x42, 0xB8, 0xDB, 0x58, 0x49, 0x00, 0x20, 0x08, 0x70, 0x57, 0x48, 0x01, 0x27
	.byte 0x07, 0x80, 0x57, 0x4E, 0xB0, 0x46, 0x00, 0x25, 0x35, 0x80, 0x56, 0x4E, 0x50, 0x4B, 0x51, 0x4A
	.byte 0x49, 0x48, 0x00, 0x24, 0x01, 0x5F, 0x48, 0x00, 0x40, 0x18, 0xC0, 0x00, 0x80, 0x18, 0x00, 0x21
	.byte 0x40, 0x5E, 0x40, 0x00, 0xC0, 0x18, 0x00, 0x88, 0x30, 0x80, 0x4F, 0x4C, 0xD8, 0x20, 0xC0, 0x00
	.byte 0x01, 0xF7, 0x1A, 0xFF, 0x20, 0x60, 0x4D, 0x48, 0x05, 0x80, 0x4D, 0x48, 0x05, 0x80, 0x4D, 0x48
	.byte 0x05, 0x80, 0x4D, 0x49, 0x10, 0x20, 0x08, 0x80, 0x4C, 0x49, 0x4D, 0x48, 0x08, 0x60, 0xA8, 0x20
	.byte 0x00, 0x02, 0x48, 0x60, 0x4B, 0x49, 0x4C, 0x48, 0x08, 0x60, 0x4C, 0x49, 0x00, 0x20, 0x60, 0x22
	.byte 0x06, 0xF7, 0xE4, 0xFA, 0x4A, 0x49, 0xBB, 0x22, 0x92, 0x01, 0x00, 0x20, 0x06, 0xF7, 0xCC, 0xFA
	.byte 0x00, 0x22, 0xB0, 0x5E, 0x43, 0x46, 0x00, 0x24, 0x19, 0x5F, 0xFE, 0xF7, 0xF7, 0xFF, 0x45, 0x49
	.byte 0xA0, 0x24, 0xE4, 0x00, 0x00, 0x20, 0x22, 0x1C, 0x06, 0xF7, 0xE8, 0xFA, 0x42, 0x49, 0x01, 0x20
	.byte 0x22, 0x1C, 0x06, 0xF7, 0xE3, 0xFA, 0x41, 0x4E, 0x30, 0x78, 0x00, 0x28, 0x0F, 0xD1, 0x80, 0x21
	.byte 0x09, 0x02, 0x02, 0x20, 0x80, 0x22, 0x07, 0xF7, 0x51, 0xFD, 0x3D, 0x48, 0x78, 0x21, 0x6E, 0x22
	.byte 0x07, 0xF7, 0x0A, 0xFE, 0x00, 0x20, 0x07, 0xF7, 0xE5, 0xFF, 0x3A, 0x48, 0x07, 0x70, 0x3A, 0x48
	.byte 0x20, 0x21, 0x03, 0xF7, 0x4F, 0xFF, 0x39, 0x4D, 0x28, 0x60, 0x39, 0x48, 0xC4, 0x21, 0x09, 0x01
	.byte 0x03, 0xF7, 0x90, 0xFD, 0x37, 0x4C, 0x20, 0x60, 0x37, 0x48, 0x20, 0x21, 0x03, 0xF7, 0x42, 0xFF
	.byte 0x68, 0x60, 0x36, 0x48, 0x9A, 0x21, 0x49, 0x01, 0x03, 0xF7, 0x84, 0xFD, 0x60, 0x60, 0x34, 0x48
	.byte 0x20, 0x21, 0x03, 0xF7, 0x37, 0xFF, 0x33, 0x49, 0x08, 0x60, 0x33, 0x48, 0xE0, 0x21, 0x89, 0x00
	.byte 0x03, 0xF7, 0x78, 0xFD, 0x31, 0x49, 0x08, 0x60, 0x31, 0x48, 0xF0, 0x21, 0xC9, 0x00, 0x03, 0xF7
	.byte 0x71, 0xFD, 0x30, 0x49, 0x08, 0x60, 0x30, 0x48, 0x01, 0x21, 0x02, 0xF7, 0x4B, 0xF9, 0x00, 0x20
	.byte 0x06, 0xF7, 0xFA, 0xF9, 0x01, 0x20, 0x06, 0xF7, 0xF7, 0xF9, 0x30, 0x78, 0x00, 0x28, 0x55, 0xD0
	.byte 0x02, 0x20, 0x06, 0xF7, 0x1B, 0xFA, 0x54, 0xE0, 0xF0, 0x4F, 0x03, 0x02, 0x8C, 0x50, 0x03, 0x02
	.byte 0x92, 0x50, 0x03, 0x02, 0x90, 0x50, 0x03, 0x02, 0x30, 0x9D, 0x03, 0x02, 0x70, 0x2F, 0x99, 0x09
	.byte 0x70, 0x50, 0x03, 0x02, 0xF8, 0x4F, 0x03, 0x02, 0xB4, 0x50, 0x03, 0x02, 0xB6, 0x50, 0x03, 0x02
	.byte 0xB8, 0x50, 0x03, 0x02, 0xBA, 0x50, 0x03, 0x02, 0xBC, 0x50, 0x03, 0x02, 0xF2, 0x50, 0x03, 0x02
	.byte 0xF4, 0x50, 0x03, 0x02, 0xC0, 0x50, 0x03, 0x02, 0xC2, 0x50, 0x03, 0x02, 0xC8, 0x50, 0x03, 0x02
	.byte 0x00, 0xF8, 0xFF, 0xFF, 0xD0, 0x50, 0x03, 0x02, 0x00, 0x80, 0xFF, 0xFF, 0xDC, 0xC9, 0xA3, 0x09
	.byte 0x7C, 0x1E, 0x9F, 0x09, 0xDC, 0x10, 0xA3, 0x09, 0xDC, 0x1A, 0xA3, 0x09, 0xEE, 0x50, 0x03, 0x02
	.byte 0xA0, 0xAB, 0xED, 0x09, 0xEF, 0x50, 0x03, 0x02, 0x3C, 0xCC, 0xA3, 0x09, 0xA0, 0x50, 0x03, 0x02
	.byte 0x94, 0xA3, 0x99, 0x09, 0x98, 0x50, 0x03, 0x02, 0x5C, 0xCC, 0xA3, 0x09, 0x52, 0xB0, 0x99, 0x09
	.byte 0x7C, 0xCC, 0xA3, 0x09, 0xAC, 0x50, 0x03, 0x02, 0xB6, 0xCB, 0x99, 0x09, 0xA8, 0x50, 0x03, 0x02
	.byte 0x10, 0xC4, 0x99, 0x09, 0xB0, 0x50, 0x03, 0x02, 0xD8, 0x50, 0x03, 0x02, 0x02, 0x20, 0x06, 0xF7
	.byte 0x9B, 0xF9, 0x18, 0xBC, 0x98, 0x46, 0xA1, 0x46, 0xF0, 0xBC, 0x01, 0xBC, 0x00, 0x47, 0x00, 0x00
	.byte 0xF0, 0xB5, 0x47, 0x46, 0x80, 0xB4, 0x1D, 0xF7, 0xEB, 0xFF, 0x07, 0x48, 0x01, 0x78, 0x02, 0x31
	.byte 0x01, 0x70, 0x06, 0x48, 0x00, 0x21, 0x40, 0x5E, 0x09, 0x28, 0x00, 0xD9, 0xB3, 0xE1, 0x80, 0x00
	.byte 0x03, 0x49, 0x40, 0x18, 0x00, 0x68, 0x87, 0x46, 0xB4, 0x50, 0x03, 0x02, 0xC0, 0x50, 0x03, 0x02
	.byte 0xD4, 0xEC, 0x0F, 0x08, 0xFC, 0xEC, 0x0F, 0x08, 0x40, 0xED, 0x0F, 0x08, 0xBC, 0xED, 0x0F, 0x08
	.byte 0x38, 0xEE, 0x0F, 0x08, 0x3E, 0xEE, 0x0F, 0x08, 0x80, 0xEE, 0x0F, 0x08, 0xB8, 0xEE, 0x0F, 0x08
	.byte 0xFC, 0xEE, 0x0F, 0x08, 0x2C, 0xEF, 0x0F, 0x08, 0x60, 0xEF, 0x0F, 0x08, 0x0D, 0x4C, 0x0E, 0x4D
	.byte 0x2A, 0x88, 0x20, 0x1C, 0x00, 0x21, 0x06, 0xF7, 0xF9, 0xFD, 0x04, 0x34, 0x98, 0x21, 0x09, 0x02
	.byte 0x2A, 0x88, 0x20, 0x1C, 0x06, 0xF7, 0xF2, 0xFD, 0x28, 0x88, 0x01, 0x38, 0x28, 0x80, 0x00, 0x04
	.byte 0x00, 0x28, 0x00, 0xDD, 0x7F, 0xE1, 0x10, 0x20, 0x28, 0x80, 0x04, 0x49, 0x01, 0x20, 0x08, 0x80
	.byte 0x79, 0xE1, 0x00, 0x00, 0xC8, 0x50, 0x03, 0x02, 0xC2, 0x50, 0x03, 0x02, 0xC0, 0x50, 0x03, 0x02
	.byte 0x0D, 0x48, 0x0E, 0x4C, 0x22, 0x88, 0x00, 0x21, 0x06, 0xF7, 0xD8, 0xFD, 0x20, 0x88, 0x01, 0x38
	.byte 0x20, 0x80, 0x00, 0x04, 0x00, 0x28, 0x00, 0xDD, 0x65, 0xE1, 0x09, 0x48, 0x00, 0x78, 0x00, 0x28
	.byte 0x16, 0xD0, 0x08, 0x49, 0x00, 0x20, 0x08, 0x80, 0x07, 0x48, 0x02, 0x21, 0x46, 0x22, 0xA5, 0xF7
	.byte 0xD5, 0xF9, 0x06, 0x49, 0x02, 0x20, 0x0D, 0xE0, 0xD0, 0x50, 0x03, 0x02, 0xC2, 0x50, 0x03, 0x02
	.byte 0xEE, 0x50, 0x03, 0x02, 0xEC, 0x50, 0x03, 0x02, 0xD8, 0x50, 0x03, 0x02, 0xC0, 0x50, 0x03, 0x02
	.byte 0x07, 0x49, 0x03, 0x20, 0x08, 0x80, 0x07, 0x49, 0xA0, 0x24, 0xE4, 0x00, 0x00, 0x20, 0x22, 0x1C
	.byte 0x06, 0xF7, 0xB4, 0xF9, 0x04, 0x49, 0x01, 0x20, 0x22, 0x1C, 0x06, 0xF7, 0xAF, 0xF9, 0x3A, 0xE1
	.byte 0xC0, 0x50, 0x03, 0x02, 0xDC, 0x15, 0xA3, 0x09, 0xDC, 0x1F, 0xA3, 0x09, 0xA5, 0xF7, 0x84, 0xFA
	.byte 0x00, 0x06, 0x00, 0x28, 0x00, 0xD0, 0x2E, 0xE1, 0x06, 0x4C, 0x00, 0x22, 0xA0, 0x5E, 0x00, 0x28
	.byte 0x0C, 0xD1, 0x05, 0x48, 0x02, 0x21, 0x47, 0x22, 0xA5, 0xF7, 0xA0, 0xF9, 0x20, 0x88, 0x01, 0x30
	.byte 0x20, 0x80, 0x20, 0xE1, 0xEC, 0x50, 0x03, 0x02, 0xD8, 0x50, 0x03, 0x02, 0x0E, 0x48, 0xBD, 0x24
	.byte 0x64, 0x00, 0x01, 0x19, 0x08, 0x88, 0x01, 0x24, 0x20, 0x43, 0x08, 0x80, 0xFF, 0xF7, 0x4E, 0xFD
	.byte 0x80, 0x21, 0x09, 0x02, 0x02, 0x20, 0x80, 0x22, 0x07, 0xF7, 0xF8, 0xFB, 0x07, 0x48, 0x78, 0x21
	.byte 0x6E, 0x22, 0x07, 0xF7, 0xB1, 0xFC, 0x00, 0x20, 0x07, 0xF7, 0x8C, 0xFE, 0x04, 0x48, 0x04, 0x70
	.byte 0x04, 0x49, 0x03, 0x20, 0x08, 0x80, 0xFE, 0xE0, 0xB0, 0x9B, 0x03, 0x02, 0xA0, 0xAB, 0xED, 0x09
	.byte 0xEF, 0x50, 0x03, 0x02, 0xC0, 0x50, 0x03, 0x02, 0xFE, 0xF7, 0xE4, 0xFE, 0xF3, 0xE0, 0x07, 0xF7
	.byte 0x99, 0xFE, 0x00, 0x06, 0x00, 0x28, 0x00, 0xD1, 0xED, 0xE0, 0x09, 0x49, 0xA0, 0x24, 0xE4, 0x00
	.byte 0x00, 0x20, 0x22, 0x1C, 0x06, 0xF7, 0x5A, 0xF9, 0x06, 0x49, 0x01, 0x20, 0x22, 0x1C, 0x06, 0xF7
	.byte 0x55, 0xF9, 0x05, 0x49, 0x10, 0x20, 0x08, 0x80, 0x04, 0x49, 0x05, 0x20, 0x08, 0x80, 0xDA, 0xE0
	.byte 0xDC, 0x10, 0xA3, 0x09, 0xDC, 0x1A, 0xA3, 0x09, 0xC2, 0x50, 0x03, 0x02, 0xC0, 0x50, 0x03, 0x02
	.byte 0x09, 0x48, 0x0A, 0x49, 0x0A, 0x4C, 0x22, 0x88, 0x06, 0xF7, 0x38, 0xFD, 0x20, 0x88, 0x01, 0x38
	.byte 0x20, 0x80, 0x00, 0x04, 0x00, 0x28, 0x00, 0xDD, 0xC5, 0xE0, 0x10, 0x20, 0x20, 0x80, 0x05, 0x49
	.byte 0x06, 0x20, 0x08, 0x80, 0xBF, 0xE0, 0x00, 0x00, 0xD0, 0x50, 0x03, 0x02, 0x00, 0x80, 0xFF, 0xFF
	.byte 0xC2, 0x50, 0x03, 0x02, 0xC0, 0x50, 0x03, 0x02, 0x0C, 0x4C, 0x0D, 0x49, 0x0D, 0x4D, 0x2A, 0x88
	.byte 0x20, 0x1C, 0x06, 0xF7, 0x1B, 0xFD, 0x04, 0x34, 0xA8, 0x21, 0x09, 0x02, 0x2A, 0x88, 0x20, 0x1C
	.byte 0x06, 0xF7, 0x14, 0xFD, 0x28, 0x88, 0x01, 0x38, 0x28, 0x80, 0x00, 0x04, 0x00, 0x28, 0x00, 0xDD
	.byte 0xA1, 0xE0, 0x05, 0x49, 0x07, 0x20, 0x08, 0x80, 0x9D, 0xE0, 0x00, 0x00, 0xC8, 0x50, 0x03, 0x02
	.byte 0x00, 0xF8, 0xFF, 0xFF, 0xC2, 0x50, 0x03, 0x02, 0xC0, 0x50, 0x03, 0x02, 0x07, 0xF7, 0x54, 0xFA
	.byte 0x04, 0x48, 0x00, 0x78, 0x00, 0x28, 0x07, 0xD0, 0x00, 0x20, 0x10, 0x21, 0x07, 0xF7, 0x3A, 0xF9
	.byte 0x06, 0xE0, 0x00, 0x00, 0xF0, 0x50, 0x03, 0x02, 0x02, 0x20, 0x10, 0x21, 0x07, 0xF7, 0x32, 0xF9
	.byte 0x01, 0x49, 0x08, 0x20, 0x08, 0x80, 0x7E, 0xE0, 0xC0, 0x50, 0x03, 0x02, 0x07, 0xF7, 0xF2, 0xF9
	.byte 0x00, 0x06, 0x00, 0x28, 0x77, 0xD1, 0x03, 0x48, 0x00, 0x78, 0x00, 0x28, 0x04, 0xD0, 0xE1, 0xF7
	.byte 0xD5, 0xFA, 0x70, 0xE0, 0xF0, 0x50, 0x03, 0x02, 0x03, 0x49, 0x3C, 0x20, 0x08, 0x80, 0x03, 0x49
	.byte 0x09, 0x20, 0x08, 0x80, 0x67, 0xE0, 0x00, 0x00, 0xC2, 0x50, 0x03, 0x02, 0xC0, 0x50, 0x03, 0x02
	.byte 0x12, 0x49, 0x08, 0x88, 0x01, 0x38, 0x08, 0x80, 0x00, 0x04, 0x00, 0x28, 0x5B, 0xDC, 0x10, 0x4B
	.byte 0x10, 0x4C, 0x11, 0x4D, 0x11, 0x4E, 0x00, 0x20, 0x31, 0x5E, 0x48, 0x00, 0x40, 0x18, 0xC0, 0x00
	.byte 0x40, 0x19, 0x00, 0x21, 0x40, 0x5E, 0x40, 0x00, 0x00, 0x19, 0x00, 0x22, 0x81, 0x5E, 0x48, 0x00
	.byte 0x40, 0x18, 0xC0, 0x00, 0xC7, 0x18, 0x78, 0x88, 0x84, 0x46, 0x09, 0x4A, 0x91, 0x68, 0x08, 0x20
	.byte 0x01, 0x40, 0x90, 0x46, 0x00, 0x29, 0x0D, 0xD1, 0xBF, 0x88, 0x0C, 0xE0, 0xC2, 0x50, 0x03, 0x02
	.byte 0x70, 0x2F, 0x99, 0x09, 0x70, 0x50, 0x03, 0x02, 0xF8, 0x4F, 0x03, 0x02, 0xF0, 0x4F, 0x03, 0x02
	.byte 0xB0, 0x9B, 0x03, 0x02, 0xFF, 0x88, 0xC0, 0x22, 0x52, 0x00, 0x42, 0x44, 0x00, 0x20, 0x31, 0x5E
	.byte 0x48, 0x00, 0x40, 0x18, 0xC0, 0x00, 0x40, 0x19, 0x00, 0x21, 0x40, 0x5E, 0x40, 0x00, 0x00, 0x19
	.byte 0x00, 0x24, 0x01, 0x5F, 0x48, 0x00, 0x40, 0x18, 0xC0, 0x00, 0xC0, 0x18, 0x01, 0x88, 0x10, 0x88
	.byte 0x88, 0x43, 0x10, 0x80, 0x61, 0x46, 0x08, 0x06, 0x00, 0x0E, 0xE0, 0xF7, 0x0D, 0xFD, 0x38, 0x04
	.byte 0x00, 0x28, 0x03, 0xDB, 0x00, 0x0C, 0x62, 0xF7, 0x01, 0xFC, 0x0C, 0xE0, 0x42, 0x46, 0x90, 0x68
	.byte 0x08, 0x21, 0x08, 0x40, 0x00, 0x28, 0x02, 0xD0, 0xDD, 0x20, 0x94, 0xF7, 0x6D, 0xFC, 0xE0, 0xF7
	.byte 0x0D, 0xFD, 0xE1, 0xF7, 0x63, 0xFA, 0xFF, 0xF7, 0x6B, 0xFC, 0x07, 0xF7, 0x73, 0xF9, 0x00, 0x06
	.byte 0x00, 0x28, 0x01, 0xD0, 0x07, 0xF7, 0xAC, 0xF9, 0x04, 0x48, 0x01, 0xF7, 0x33, 0xFF, 0xFF, 0xF7
	.byte 0x1D, 0xFA, 0x08, 0xBC, 0x98, 0x46, 0xF0, 0xBC, 0x01, 0xBC, 0x00, 0x47, 0xD8, 0x50, 0x03, 0x02
	.byte 0xF0, 0xB5, 0x25, 0x48, 0x00, 0x68, 0x01, 0xF7, 0xB5, 0xFC, 0x00, 0x21, 0x23, 0x48, 0x00, 0x22
	.byte 0x80, 0x5E, 0x81, 0x42, 0x1A, 0xDA, 0x22, 0x4E, 0x37, 0x1C, 0x10, 0x37, 0x0D, 0x04, 0x2D, 0x14
	.byte 0x6C, 0x00, 0x64, 0x19, 0xE4, 0x00, 0x30, 0x1C, 0x0C, 0x30, 0x20, 0x18, 0x00, 0x68, 0x03, 0xF7
	.byte 0xC7, 0xFD, 0xE4, 0x19, 0x20, 0x68, 0x03, 0xF7, 0x1B, 0xFC, 0x01, 0x35, 0x2D, 0x04, 0x17, 0x48
	.byte 0x29, 0x0C, 0x2D, 0x14, 0x00, 0x22, 0x80, 0x5E, 0x85, 0x42, 0xE7, 0xDB, 0x00, 0x21, 0x15, 0x4E
	.byte 0x0C, 0x04, 0x24, 0x14, 0xA5, 0x00, 0xA8, 0x19, 0x00, 0x68, 0x03, 0xF7, 0xB1, 0xFD, 0x12, 0x48
	.byte 0x2D, 0x18, 0x28, 0x68, 0x03, 0xF7, 0x04, 0xFC, 0x01, 0x34, 0x24, 0x04, 0x21, 0x0C, 0x24, 0x14
	.byte 0x01, 0x2C, 0xED, 0xDD, 0x0D, 0x48, 0x00, 0x68, 0x03, 0xF7, 0xA2, 0xFD, 0x0C, 0x48, 0x00, 0x68
	.byte 0x03, 0xF7, 0xF6, 0xFB, 0x0B, 0x48, 0x00, 0x68, 0x03, 0xF7, 0xF2, 0xFB, 0x0A, 0x48, 0x01, 0xF7
	.byte 0x15, 0xFF, 0xF0, 0xBC, 0x01, 0xBC, 0x00, 0x47, 0xBC, 0x50, 0x03, 0x02, 0x90, 0x50, 0x03, 0x02
	.byte 0xF8, 0x4F, 0x03, 0x02, 0xA0, 0x50, 0x03, 0x02, 0x98, 0x50, 0x03, 0x02, 0xAC, 0x50, 0x03, 0x02
	.byte 0xA8, 0x50, 0x03, 0x02, 0xB0, 0x50, 0x03, 0x02, 0xD8, 0x50, 0x03, 0x02
	thumb_func_start func_080FF10C
func_080FF10C: @ 080FF10C
	push {r4, r5, r6, r7, lr}
	mov r7, r10
	mov r6, r9
	mov r5, r8
	push {r5, r6, r7}
	adds r5, r3, #0x0
	ldr r3, [sp, #0x020]
	ldr r4, [sp, #0x024]
	lsls r1, r1, #0x10
	lsrs r1, r1, #0x10
	lsls r0, r0, #0x1C
	lsrs r0, r0, #0x10
	mov r8, r0
	lsls r3, r3, #0x10
	asrs r3, r3, #0x10
	lsls r4, r4, #0x10
	asrs r4, r4, #0x0B
	adds r3, r3, r4
	lsls r3, r3, #0x01
	adds r5, r5, r3
	movs r4, #0x00
	lsls r2, r2, #0x10
	asrs r2, r2, #0x10
	cmp r4, r2
	bge _080FF18A
	lsls r1, r1, #0x10
	mov r12, r1
	asrs r7, r1, #0x10
	movs r0, #0x20
	subs r0, r0, r7
	lsls r0, r0, #0x01
	mov r10, r0
	mov r9, r2
_080FF14E:
	movs r3, #0x00
	lsls r2, r4, #0x10
	cmp r3, r7
	bge _080FF17A
	ldr r6, _080FF198 @ =0x00000FFF
	mov r0, r12
	asrs r4, r0, #0x10
_080FF15C:
	ldrh r0, [r5, #0x00]
	adds r1, r6, #0x0
	ands r1, r0
	mov r0, r8
	orrs r1, r0
	strh r1, [r5, #0x00]
	adds r5, #0x02
	lsls r0, r3, #0x10
	movs r1, #0x80
	lsls r1, r1, #0x09
	adds r0, r0, r1
	lsrs r3, r0, #0x10
	asrs r0, r0, #0x10
	cmp r0, r4
	blt _080FF15C
_080FF17A:
	add r5, r10
	movs r1, #0x80
	lsls r1, r1, #0x09
	adds r0, r2, r1
	lsrs r4, r0, #0x10
	asrs r0, r0, #0x10
	cmp r0, r9
	blt _080FF14E
_080FF18A:
	pop {r3, r4, r5}
	mov r8, r3
	mov r9, r4
	mov r10, r5
	pop {r4, r5, r6, r7}
	pop {r0}
	bx r0
_080FF198: .4byte 0x00000FFF
	thumb_func_start func_080FF19C
func_080FF19C: @ 080FF19C
	push {r4, r5, r6, r7, lr}
	mov r7, r8
	push {r7}
	adds r7, r2, #0x0
	ldr r4, [sp, #0x018]
	ldr r6, [sp, #0x01C]
	ldr r2, [sp, #0x020]
	ldr r5, [sp, #0x024]
	lsls r0, r0, #0x10
	lsrs r0, r0, #0x10
	lsls r3, r3, #0x10
	asrs r3, r3, #0x10
	lsls r4, r4, #0x10
	asrs r4, r4, #0x0B
	adds r3, r3, r4
	lsls r3, r3, #0x01
	adds r7, r7, r3
	lsls r2, r2, #0x10
	asrs r2, r2, #0x10
	lsls r5, r5, #0x10
	asrs r5, r5, #0x0B
	adds r2, r2, r5
	lsls r2, r2, #0x01
	adds r6, r6, r2
	movs r3, #0x00
	lsls r1, r1, #0x10
	asrs r1, r1, #0x10
	cmp r3, r1
	bge _080FF21C
	lsls r0, r0, #0x10
	mov r8, r0
	asrs r0, r0, #0x10
	mov r12, r0
	movs r0, #0x20
	mov r2, r12
	subs r0, r0, r2
	lsls r5, r0, #0x01
_080FF1E6:
	movs r2, #0x00
	lsls r4, r3, #0x10
	cmp r2, r12
	bge _080FF20A
	mov r0, r8
	asrs r3, r0, #0x10
_080FF1F2:
	ldrh r0, [r7, #0x00]
	strh r0, [r6, #0x00]
	adds r7, #0x02
	adds r6, #0x02
	lsls r0, r2, #0x10
	movs r2, #0x80
	lsls r2, r2, #0x09
	adds r0, r0, r2
	lsrs r2, r0, #0x10
	asrs r0, r0, #0x10
	cmp r0, r3
	blt _080FF1F2
_080FF20A:
	adds r7, r7, r5
	adds r6, r6, r5
	movs r2, #0x80
	lsls r2, r2, #0x09
	adds r0, r4, r2
	lsrs r3, r0, #0x10
	asrs r0, r0, #0x10
	cmp r0, r1
	blt _080FF1E6
_080FF21C:
	pop {r3}
	mov r8, r3
	pop {r4, r5, r6, r7}
	pop {r0}
	bx r0
	.byte 0x00, 0x00
	thumb_func_start func_080FF228
func_080FF228: @ 080FF228
	push {lr}
	lsls r0, r0, #0x10
	asrs r2, r0, #0x10
	cmp r2, #0x00
	beq _080FF254
	ldr r1, _080FF24C @ =0x09EF909C
	movs r0, #0x34
	muls r0, r2
	adds r1, #0x2C
	adds r0, r0, r1
	ldr r0, [r0, #0x00]
	ldr r1, _080FF250 @ =0x020351F8
	bl func_08065B6C
	lsls r0, r0, #0x18
	lsrs r0, r0, #0x18
	b _080FF256
	.byte 0x00, 0x00
_080FF24C: .4byte 0x09EF909C
_080FF250: .4byte 0x020351F8
_080FF254:
	movs r0, #0x00
_080FF256:
	pop {r1}
	bx r1
	.byte 0x00, 0x00, 0x00, 0xB5, 0x00, 0x04, 0x02, 0x14, 0x00, 0x2A, 0x24, 0xD0, 0x06, 0x4B, 0x06, 0x48
	.byte 0x80, 0x68, 0x08, 0x21, 0x08, 0x40, 0x00, 0x28, 0x0B, 0xD0, 0x04, 0x49, 0x34, 0x20, 0x50, 0x43
	.byte 0x40, 0x18, 0x40, 0x8E, 0x0A, 0xE0, 0x38, 0x91, 0xEE, 0x09, 0xB0, 0x9B, 0x03, 0x02, 0x9C, 0x90
	.byte 0xEF, 0x09, 0x06, 0x49, 0x34, 0x20, 0x50, 0x43, 0x40, 0x18, 0x00, 0x8E, 0x80, 0x00, 0x18, 0x18
	.byte 0x00, 0x68, 0x03, 0x49, 0x66, 0xF7, 0x65, 0xFC, 0x00, 0x06, 0x00, 0x0E, 0x04, 0xE0, 0x9C, 0x90
	.byte 0xEF, 0x09, 0xC0, 0x52, 0x03, 0x02, 0x00, 0x20, 0x02, 0xBC, 0x08, 0x47, 0x00, 0x00
	thumb_func_start func_080FF2B8
func_080FF2B8: @ 080FF2B8
	push {r4, lr}
	lsls r0, r0, #0x10
	lsrs r2, r0, #0x10
	ldr r0, _080FF2E0 @ =0x02039BB0
	ldr r0, [r0, #0x08]
	movs r1, #0x08
	ands r0, r1
	ldr r4, _080FF2E4 @ =0x09A02EFC
	cmp r0, #0x00
	bne _080FF2CE
	ldr r4, _080FF2E8 @ =0x09A020FC
_080FF2CE:
	ldr r0, _080FF2EC @ =0x020350FA
	lsls r1, r2, #0x10
	asrs r1, r1, #0x10
	movs r2, #0x00
	ldsh r0, [r0, r2]
	cmp r1, r0
	bge _080FF2F0
	lsls r0, r1, #0x08
	b _080FF2F4
_080FF2E0: .4byte 0x02039BB0
_080FF2E4: .4byte 0x09A02EFC
_080FF2E8: .4byte 0x09A020FC
_080FF2EC: .4byte 0x020350FA
_080FF2F0:
	movs r0, #0xD0
	lsls r0, r0, #0x04
_080FF2F4:
	adds r4, r4, r0
	movs r0, #0x00
	bl func_08005130
	adds r1, r0, #0x0
	adds r1, #0x20
	movs r2, #0x80
	lsls r2, r2, #0x01
	adds r0, r4, #0x0
	bl func_080043B4
	pop {r4}
	pop {r0}
	bx r0
	thumb_func_start func_080FF310
func_080FF310: @ 080FF310
	push {r4, lr}
	bl func_08001390
	movs r4, #0x0F
	ands r4, r0
	bl func_0800139C
	movs r1, #0xFC
	lsls r1, r1, #0x02
	ands r1, r0
	orrs r4, r1
	adds r0, r4, #0x0
	pop {r4}
	pop {r1}
	bx r1
	.byte 0x00, 0x00, 0xF0, 0xB5, 0x47, 0x46, 0x80, 0xB4, 0x1F, 0x4C, 0x25, 0x88, 0xFF, 0xF7, 0xE9, 0xFF
	.byte 0x00, 0x04, 0x01, 0x0C, 0x01, 0x20, 0x08, 0x40, 0x00, 0x28, 0x00, 0xD1, 0xF7, 0xE0, 0x1A, 0x48
	.byte 0x00, 0x22, 0xA1, 0x5E, 0x49, 0x00, 0x09, 0x18, 0x00, 0x26, 0x88, 0x5F, 0x2F, 0x04, 0x00, 0x28
	.byte 0x00, 0xD1, 0xF4, 0xE1, 0x16, 0x48, 0x20, 0x21, 0x03, 0xF7, 0x55, 0xFB, 0x15, 0x49, 0x08, 0x60
	.byte 0x15, 0x48, 0xC4, 0x21, 0x09, 0x01, 0x03, 0xF7, 0x96, 0xF9, 0x13, 0x49, 0x08, 0x60, 0x13, 0x49
	.byte 0x14, 0x48, 0x08, 0x60, 0x00, 0x21, 0x60, 0x5E, 0x09, 0x28, 0x26, 0xDC, 0x0A, 0x21, 0x11, 0x4E
	.byte 0x08, 0x04, 0x05, 0x14, 0xA8, 0x00, 0x84, 0x19, 0x20, 0x68, 0x00, 0x28, 0x03, 0xD0, 0x03, 0xF7
	.byte 0x38, 0xFC, 0x00, 0x20, 0x20, 0x60, 0x68, 0x1C, 0x00, 0x04, 0x01, 0x0C, 0x00, 0x14, 0x0B, 0x28
	.byte 0xEE, 0xDD, 0x25, 0xE0, 0x00, 0x00, 0xF8, 0x50, 0x03, 0x02, 0x00, 0x51, 0x03, 0x02, 0x3C, 0xCC
	.byte 0xA3, 0x09, 0xA8, 0x54, 0x03, 0x02, 0x94, 0xA3, 0x99, 0x09, 0xB0, 0x54, 0x03, 0x02, 0xB8, 0x54
	.byte 0x03, 0x02, 0x50, 0xA3, 0x99, 0x09, 0x68, 0x51, 0x03, 0x02, 0x04, 0x21, 0x18, 0x4E, 0x08, 0x04
	.byte 0x05, 0x14, 0xA8, 0x00, 0x84, 0x19, 0x20, 0x68, 0x00, 0x28, 0x03, 0xD0, 0x03, 0xF7, 0x11, 0xFC
	.byte 0x00, 0x20, 0x20, 0x60, 0x68, 0x1C, 0x00, 0x04, 0x01, 0x0C, 0x00, 0x14, 0x05, 0x28, 0xEE, 0xDD
	.byte 0x10, 0x49, 0x10, 0x48, 0x00, 0x22, 0x80, 0x5E, 0x40, 0x00, 0x40, 0x18, 0x00, 0x26, 0x80, 0x5F
	.byte 0x0D, 0x28, 0x26, 0xD1, 0xD3, 0xF7, 0xE1, 0xFC, 0x00, 0x06, 0x00, 0x28, 0x21, 0xD0, 0x0A, 0x48
	.byte 0x40, 0x21, 0x03, 0xF7, 0xF8, 0xFA, 0x09, 0x49, 0x48, 0x60, 0x09, 0x48, 0x80, 0x21, 0x49, 0x01
	.byte 0x03, 0xF7, 0x39, 0xF9, 0x08, 0x49, 0x48, 0x60, 0x08, 0x49, 0x08, 0x48, 0x45, 0xE0, 0x68, 0x51
	.byte 0x03, 0x02, 0x00, 0x51, 0x03, 0x02, 0xF8, 0x50, 0x03, 0x02, 0xDC, 0xCD, 0xA3, 0x09, 0xA8, 0x54
	.byte 0x03, 0x02, 0x7C, 0xDE, 0x9E, 0x09, 0xB0, 0x54, 0x03, 0x02, 0xB8, 0x54, 0x03, 0x02, 0x14, 0x89
	.byte 0x9A, 0x09, 0x2A, 0x4C, 0x2B, 0x48, 0x80, 0x46, 0x2B, 0x4E, 0x00, 0x21, 0x70, 0x5E, 0x40, 0x00
	.byte 0x40, 0x44, 0x00, 0x22, 0x80, 0x5E, 0x34, 0x25, 0x01, 0x1C, 0x69, 0x43, 0x20, 0x1C, 0x18, 0x30
	.byte 0x08, 0x18, 0x00, 0x68, 0x09, 0x19, 0x89, 0x8B, 0x03, 0xF7, 0xC5, 0xFA, 0x23, 0x49, 0x48, 0x60
	.byte 0x00, 0x21, 0x70, 0x5E, 0x40, 0x00, 0x40, 0x44, 0x00, 0x22, 0x80, 0x5E, 0x01, 0x1C, 0x69, 0x43
	.byte 0x20, 0x1C, 0x20, 0x30, 0x08, 0x18, 0x00, 0x68, 0x09, 0x19, 0x89, 0x8C, 0x03, 0xF7, 0xFB, 0xF8
	.byte 0x1B, 0x49, 0x48, 0x60, 0x1B, 0x49, 0x00, 0x22, 0xB0, 0x5E, 0x40, 0x00, 0x40, 0x44, 0x00, 0x26
	.byte 0x80, 0x5F, 0x68, 0x43, 0x28, 0x34, 0x00, 0x19, 0x00, 0x68, 0x48, 0x60, 0x11, 0x49, 0x11, 0x48
	.byte 0x00, 0x22, 0x80, 0x5E, 0x40, 0x00, 0x40, 0x18, 0x00, 0x26, 0x80, 0x5F, 0xFF, 0xF7, 0xBF, 0xFE
	.byte 0x11, 0x49, 0x08, 0x70, 0x11, 0x49, 0x11, 0x4A, 0x10, 0x1C, 0x08, 0x80, 0x11, 0x49, 0x11, 0x4E
	.byte 0x30, 0x1C, 0x08, 0x80, 0x02, 0x20, 0x05, 0xF7, 0x68, 0xFD, 0x03, 0x20, 0x05, 0xF7, 0x65, 0xFD
	.byte 0x66, 0x20, 0x20, 0xF0, 0xB6, 0xFC, 0x0C, 0x49, 0x01, 0x20, 0x08, 0x80, 0x1F, 0xE1, 0x9C, 0x90
	.byte 0xEF, 0x09, 0x00, 0x51, 0x03, 0x02, 0xF8, 0x50, 0x03, 0x02, 0xA8, 0x54, 0x03, 0x02, 0xB0, 0x54
	.byte 0x03, 0x02, 0xB8, 0x54, 0x03, 0x02, 0xA0, 0x54, 0x03, 0x02, 0x54, 0x75, 0x00, 0x03, 0x44, 0x07
	.byte 0x00, 0x00, 0x64, 0x75, 0x00, 0x03, 0x08, 0x08, 0x00, 0x00, 0x18, 0x51, 0x03, 0x02, 0x02, 0x20
	.byte 0x08, 0x40, 0x00, 0x04, 0x06, 0x0C, 0x00, 0x2E, 0x23, 0xD0, 0x68, 0x20, 0x20, 0xF0, 0x91, 0xFC
	.byte 0x0A, 0x49, 0xA0, 0x22, 0xD2, 0x00, 0x00, 0x20, 0x05, 0xF7, 0xD9, 0xFD, 0x08, 0x48, 0x20, 0x21
	.byte 0x03, 0xF7, 0x59, 0xFA, 0x07, 0x49, 0x08, 0x60, 0x07, 0x49, 0x01, 0x20, 0x08, 0x70, 0x06, 0x49
	.byte 0x10, 0x20, 0x08, 0x80, 0x06, 0x49, 0x03, 0x20, 0x26, 0xE0, 0xDC, 0x24, 0xA3, 0x09, 0x7C, 0xD0
	.byte 0xA3, 0x09, 0x1C, 0x51, 0x03, 0x02, 0xE0, 0x54, 0x03, 0x02, 0xC2, 0x54, 0x03, 0x02, 0xC0, 0x54
	.byte 0x03, 0x02, 0x08, 0x20, 0x08, 0x40, 0x00, 0x28, 0x23, 0xD0, 0x68, 0x20, 0x20, 0xF0, 0x69, 0xFC
	.byte 0x0B, 0x49, 0xA0, 0x22, 0xD2, 0x00, 0x00, 0x20, 0x05, 0xF7, 0xB1, 0xFD, 0x09, 0x48, 0x20, 0x21
	.byte 0x03, 0xF7, 0x31, 0xFA, 0x08, 0x49, 0x08, 0x60, 0x08, 0x48, 0x06, 0x70, 0x00, 0x20, 0x10, 0x21
	.byte 0x06, 0xF7, 0xE1, 0xFD, 0x06, 0x49, 0x05, 0x20, 0x08, 0x80, 0x2F, 0x04, 0xBF, 0xE0, 0xDC, 0x24
	.byte 0xA3, 0x09, 0x7C, 0xD0, 0xA3, 0x09, 0x1C, 0x51, 0x03, 0x02, 0xE0, 0x54, 0x03, 0x02, 0xC0, 0x54
	.byte 0x03, 0x02, 0x40, 0x20, 0x08, 0x40, 0x00, 0x28, 0x2B, 0xD0, 0x13, 0x4E, 0x00, 0x20, 0x21, 0x5E
	.byte 0x88, 0x00, 0x40, 0x18, 0x80, 0x00, 0x80, 0x19, 0x00, 0x88, 0x20, 0x80, 0x00, 0x04, 0x29, 0x04
	.byte 0x0A, 0x14, 0x0F, 0x1C, 0xB8, 0x42, 0x00, 0xD1, 0xB8, 0xE0, 0x0C, 0x4D, 0x23, 0x1C, 0x34, 0x1C
	.byte 0x11, 0x1C, 0x00, 0x26, 0x9A, 0x5F, 0x50, 0x00, 0x40, 0x19, 0x00, 0x26, 0x80, 0x5F, 0x00, 0x28
	.byte 0x00, 0xD0, 0x94, 0xE0, 0x90, 0x00, 0x80, 0x18, 0x80, 0x00, 0x00, 0x19, 0x00, 0x88, 0x18, 0x80
	.byte 0x00, 0x04, 0x00, 0x14, 0x88, 0x42, 0xEC, 0xD1, 0x89, 0xE0, 0xAC, 0x8F, 0xEF, 0x09, 0x00, 0x51
	.byte 0x03, 0x02, 0x80, 0x20, 0x08, 0x40, 0x00, 0x28, 0x2B, 0xD0, 0x13, 0x4E, 0x00, 0x20, 0x21, 0x5E
	.byte 0x88, 0x00, 0x40, 0x18, 0x80, 0x00, 0x80, 0x19, 0x40, 0x88, 0x20, 0x80, 0x00, 0x04, 0x29, 0x04
	.byte 0x0A, 0x14, 0x0F, 0x1C, 0xB8, 0x42, 0x00, 0xD1, 0x88, 0xE0, 0x0C, 0x4D, 0x23, 0x1C, 0x34, 0x1C
	.byte 0x11, 0x1C, 0x00, 0x26, 0x9A, 0x5F, 0x50, 0x00, 0x40, 0x19, 0x00, 0x26, 0x80, 0x5F, 0x00, 0x28
	.byte 0x65, 0xD1, 0x90, 0x00, 0x80, 0x18, 0x80, 0x00, 0x00, 0x19, 0x40, 0x88, 0x18, 0x80, 0x00, 0x04
	.byte 0x00, 0x14, 0x88, 0x42, 0xED, 0xD1, 0x5A, 0xE0, 0x00, 0x00, 0xAC, 0x8F, 0xEF, 0x09, 0x00, 0x51
	.byte 0x03, 0x02, 0x20, 0x20, 0x08, 0x40, 0x00, 0x28, 0x29, 0xD0, 0x12, 0x4E, 0x00, 0x20, 0x21, 0x5E
	.byte 0x88, 0x00, 0x40, 0x18, 0x80, 0x00, 0x80, 0x19, 0x80, 0x88, 0x20, 0x80, 0x00, 0x04, 0x29, 0x04
	.byte 0x0A, 0x14, 0x0F, 0x1C, 0xB8, 0x42, 0x59, 0xD0, 0x0C, 0x4D, 0x23, 0x1C, 0x34, 0x1C, 0x11, 0x1C
	.byte 0x00, 0x26, 0x9A, 0x5F, 0x50, 0x00, 0x40, 0x19, 0x00, 0x26, 0x80, 0x5F, 0x00, 0x28, 0x36, 0xD1
	.byte 0x90, 0x00, 0x80, 0x18, 0x80, 0x00, 0x00, 0x19, 0x80, 0x88, 0x18, 0x80, 0x00, 0x04, 0x00, 0x14
	.byte 0x88, 0x42, 0xED, 0xD1, 0x2B, 0xE0, 0xAC, 0x8F, 0xEF, 0x09, 0x00, 0x51, 0x03, 0x02, 0x10, 0x20
	.byte 0x08, 0x40, 0x2F, 0x04, 0x00, 0x28, 0x22, 0xD0, 0x1F, 0x4B, 0x00, 0x21, 0x60, 0x5E, 0x81, 0x00
	.byte 0x09, 0x18, 0x89, 0x00, 0xC9, 0x18, 0xC8, 0x88, 0x20, 0x80, 0x00, 0x04, 0x39, 0x14, 0xB8, 0x42
	.byte 0x2C, 0xD0, 0x19, 0x4D, 0x22, 0x1C, 0x1C, 0x1C, 0x0B, 0x1C, 0x00, 0x26, 0x91, 0x5F, 0x48, 0x00
	.byte 0x40, 0x19, 0x00, 0x26, 0x80, 0x5F, 0x00, 0x28, 0x09, 0xD1, 0x88, 0x00, 0x40, 0x18, 0x80, 0x00
	.byte 0x00, 0x19, 0xC0, 0x88, 0x10, 0x80, 0x00, 0x04, 0x00, 0x14, 0x98, 0x42, 0xED, 0xD1, 0x0F, 0x4C
	.byte 0x00, 0x20, 0x21, 0x5E, 0x38, 0x14, 0x81, 0x42, 0x10, 0xD0, 0x08, 0x1C, 0xFF, 0xF7, 0xAD, 0xFD
	.byte 0x0A, 0x49, 0x00, 0x22, 0xA0, 0x5E, 0x40, 0x00, 0x40, 0x18, 0x00, 0x26, 0x80, 0x5F, 0xFF, 0xF7
	.byte 0x5C, 0xFD, 0x07, 0x49, 0x08, 0x70, 0x65, 0x20, 0x20, 0xF0, 0x7B, 0xFB, 0x08, 0xBC, 0x98, 0x46
	.byte 0xF0, 0xBC, 0x01, 0xBC, 0x00, 0x47, 0xAC, 0x8F, 0xEF, 0x09, 0x00, 0x51, 0x03, 0x02, 0xF8, 0x50
	.byte 0x03, 0x02, 0xB8, 0x52, 0x03, 0x02, 0xF0, 0xB5, 0xFF, 0xF7, 0xBB, 0xFD, 0x00, 0x04, 0x07, 0x0C
	.byte 0x0A, 0x20, 0x38, 0x40, 0x00, 0x28, 0x7A, 0xD0, 0x68, 0x20, 0x20, 0xF0, 0x62, 0xFB, 0x00, 0x24
	.byte 0x15, 0x4E, 0x15, 0x4D, 0x01, 0xCE, 0x03, 0xF7, 0x2C, 0xFA, 0x01, 0xCD, 0x03, 0xF7, 0x81, 0xF8
	.byte 0x01, 0x34, 0x01, 0x2C, 0xF6, 0xDD, 0x11, 0x48, 0x00, 0x21, 0x40, 0x5E, 0x09, 0x28, 0x26, 0xDC
	.byte 0x0A, 0x24, 0x0F, 0x4D, 0x10, 0x48, 0x61, 0x00, 0x09, 0x18, 0x00, 0x22, 0x88, 0x5E, 0x00, 0x28
	.byte 0x0D, 0xD0, 0x01, 0x1C, 0x34, 0x20, 0x41, 0x43, 0x28, 0x1D, 0x08, 0x18, 0x00, 0x68, 0x49, 0x19
	.byte 0x09, 0x89, 0x03, 0xF7, 0x10, 0xF9, 0x08, 0x4A, 0xA1, 0x00, 0x89, 0x18, 0x08, 0x60, 0x01, 0x34
	.byte 0x0B, 0x2C, 0xE7, 0xDD, 0x25, 0xE0, 0xA8, 0x54, 0x03, 0x02, 0xB0, 0x54, 0x03, 0x02, 0xF8, 0x50
	.byte 0x03, 0x02, 0x9C, 0x90, 0xEF, 0x09, 0x00, 0x51, 0x03, 0x02, 0x68, 0x51, 0x03, 0x02, 0x04, 0x24
	.byte 0x21, 0x4D, 0x21, 0x48, 0x61, 0x00, 0x09, 0x18, 0x00, 0x22, 0x88, 0x5E, 0x00, 0x28, 0x0D, 0xD0
	.byte 0x01, 0x1C, 0x34, 0x20, 0x41, 0x43, 0x28, 0x1D, 0x08, 0x18, 0x00, 0x68, 0x49, 0x19, 0x09, 0x89
	.byte 0x03, 0xF7, 0xE9, 0xF8, 0x1A, 0x4A, 0xA1, 0x00, 0x89, 0x18, 0x08, 0x60, 0x01, 0x34, 0x05, 0x2C
	.byte 0xE7, 0xDD, 0x17, 0x48, 0x00, 0x24, 0x04, 0x80, 0x02, 0x20, 0x05, 0xF7, 0xE0, 0xFB, 0x03, 0x20
	.byte 0x05, 0xF7, 0xDD, 0xFB, 0x14, 0x4D, 0x01, 0x20, 0x28, 0x70, 0x13, 0x48, 0x04, 0x80, 0x08, 0x20
	.byte 0x38, 0x40, 0x00, 0x28, 0x13, 0xD0, 0x11, 0x49, 0xA0, 0x22, 0xD2, 0x00, 0x00, 0x20, 0x05, 0xF7
	.byte 0x46, 0xFC, 0x0F, 0x48, 0x20, 0x21, 0x03, 0xF7, 0xC6, 0xF8, 0x0E, 0x49, 0x08, 0x60, 0x2C, 0x70
	.byte 0x00, 0x20, 0x10, 0x21, 0x06, 0xF7, 0x77, 0xFC, 0x0C, 0x49, 0x05, 0x20, 0x08, 0x80, 0xF0, 0xBC
	.byte 0x01, 0xBC, 0x00, 0x47, 0x00, 0x00, 0x9C, 0x90, 0xEF, 0x09, 0x00, 0x51, 0x03, 0x02, 0x68, 0x51
	.byte 0x03, 0x02, 0x54, 0x75, 0x00, 0x03, 0xE0, 0x54, 0x03, 0x02, 0x18, 0x51, 0x03, 0x02, 0xDC, 0x24
	.byte 0xA3, 0x09, 0x7C, 0xD0, 0xA3, 0x09, 0x1C, 0x51, 0x03, 0x02, 0xC0, 0x54, 0x03, 0x02
	thumb_func_start func_080FF8CC
func_080FF8CC: @ 080FF8CC
	push {r4, r5, r6, r7, lr}
	mov r7, r10
	mov r6, r9
	mov r5, r8
	push {r5, r6, r7}
	add sp, #-0x010
	ldr r7, _080FFB7C @ =0x020354C0
	movs r1, #0x00
	ldsh r0, [r7, r1]
	cmp r0, #0x02
	beq _080FF950
	ldr r0, _080FFB80 @ =0x020354D0
	ldr r0, [r0, #0x00]
	lsls r0, r0, #0x08
	asrs r0, r0, #0x10
	ldr r2, _080FFB84 @ =0x0999CF38
	ldr r3, _080FFB88 @ =0x02035120
	mov r8, r3
	ldr r3, [r3, #0x00]
	ldr r6, _080FFB8C @ =0x0203511C
	ldr r1, [r6, #0x00]
	str r1, [sp, #0x000]
	movs r5, #0x00
	str r5, [sp, #0x004]
	movs r4, #0xC0
	lsls r4, r4, #0x04
	str r4, [sp, #0x008]
	ldr r1, _080FFB90 @ =0x00000BB8
	str r1, [sp, #0x00C]
	movs r1, #0x00
	bl func_080023E0
	ldr r0, _080FFB94 @ =0x020354C8
	mov r10, r0
	ldr r1, [r0, #0x00]
	lsls r1, r1, #0x08
	asrs r1, r1, #0x10
	ldr r2, _080FFB98 @ =0x0999CF54
	mov r0, r8
	ldr r3, [r0, #0x00]
	ldr r0, [r6, #0x00]
	str r0, [sp, #0x000]
	str r5, [sp, #0x004]
	str r4, [sp, #0x008]
	ldr r0, _080FFB9C @ =0x00000BB9
	mov r9, r0
	str r0, [sp, #0x00C]
	movs r0, #0x70
	bl func_080023E0
	mov r2, r10
	ldr r1, [r2, #0x04]
	lsls r1, r1, #0x08
	asrs r1, r1, #0x10
	ldr r2, _080FFBA0 @ =0x0999CF88
	mov r0, r8
	ldr r3, [r0, #0x00]
	ldr r0, [r6, #0x00]
	str r0, [sp, #0x000]
	str r5, [sp, #0x004]
	str r4, [sp, #0x008]
	mov r4, r9
	str r4, [sp, #0x00C]
	movs r0, #0x70
	bl func_080023E0
_080FF950:
	movs r0, #0x80
	lsls r0, r0, #0x03
	mov r10, r0
	ldr r0, _080FFBA4 @ =0x02035118
	movs r1, #0x00
	ldsh r0, [r0, r1]
	cmp r0, #0x01
	bne _080FF968
	movs r0, #0x04
	mov r2, r10
	orrs r2, r0
	mov r10, r2
_080FF968:
	movs r3, #0x00
	ldsh r0, [r7, r3]
	cmp r0, #0x02
	bne _080FFA32
	ldr r0, _080FFBA8 @ =0x02035130
	bl func_08005A64
	adds r2, r0, #0x0
	ldr r6, _080FFBAC @ =0x09EF8FAC
	ldr r5, _080FFBB0 @ =0x020350F8
	movs r4, #0x00
	ldsh r0, [r5, r4]
	lsls r1, r0, #0x02
	adds r1, r1, r0
	lsls r1, r1, #0x02
	adds r1, r1, r6
	movs r3, #0x08
	ldsh r0, [r1, r3]
	lsls r0, r0, #0x13
	movs r4, #0xB0
	lsls r4, r4, #0x0D
	adds r0, r0, r4
	asrs r0, r0, #0x10
	movs r3, #0x0A
	ldsh r1, [r1, r3]
	lsls r1, r1, #0x13
	movs r4, #0xC0
	lsls r4, r4, #0x0C
	adds r1, r1, r4
	asrs r1, r1, #0x10
	ldr r3, _080FFBB4 @ =0x02035128
	ldr r3, [r3, #0x00]
	ldr r4, _080FFBB8 @ =0x02035124
	ldr r4, [r4, #0x00]
	str r4, [sp, #0x000]
	movs r4, #0x00
	mov r9, r4
	str r4, [sp, #0x004]
	mov r4, r10
	str r4, [sp, #0x008]
	ldr r4, _080FFBBC @ =0x000007DD
	str r4, [sp, #0x00C]
	bl func_080023E0
	ldr r0, _080FFBC0 @ =0x020354D8
	mov r8, r0
	movs r2, #0x00
	ldsh r1, [r5, r2]
	lsls r0, r1, #0x02
	adds r0, r0, r1
	lsls r0, r0, #0x02
	adds r0, r0, r6
	movs r3, #0x08
	ldsh r1, [r0, r3]
	lsls r1, r1, #0x0B
	movs r4, #0x80
	lsls r4, r4, #0x06
	adds r1, r1, r4
	mov r0, r8
	bl func_0805F1C0
	ldr r4, _080FFBC4 @ =0x020354DC
	movs r0, #0x00
	ldsh r1, [r5, r0]
	lsls r0, r1, #0x02
	adds r0, r0, r1
	lsls r0, r0, #0x02
	adds r0, r0, r6
	movs r2, #0x0A
	ldsh r1, [r0, r2]
	lsls r1, r1, #0x0B
	ldr r3, _080FFBC8 @ =0xFFFFFA00
	adds r1, r1, r3
	adds r0, r4, #0x0
	bl func_0805F1C0
	ldr r0, _080FFBCC @ =0x02035150
	bl func_08005A64
	adds r2, r0, #0x0
	mov r1, r8
	ldr r0, [r1, #0x00]
	lsls r0, r0, #0x08
	asrs r0, r0, #0x10
	ldr r1, [r4, #0x00]
	lsls r1, r1, #0x08
	asrs r1, r1, #0x10
	ldr r3, _080FFBD0 @ =0x0203514C
	ldr r3, [r3, #0x00]
	ldr r4, _080FFBD4 @ =0x02035148
	ldr r4, [r4, #0x00]
	str r4, [sp, #0x000]
	mov r4, r9
	str r4, [sp, #0x004]
	mov r4, r10
	str r4, [sp, #0x008]
	movs r4, #0xFA
	lsls r4, r4, #0x03
	str r4, [sp, #0x00C]
	bl func_080023E0
_080FFA32:
	movs r5, #0x00
	movs r7, #0x00
_080FFA36:
	ldr r0, _080FFBD8 @ =0x020351C8
	lsls r3, r5, #0x02
	adds r0, r3, r0
	ldr r6, [r0, #0x00]
	cmp r6, #0x00
	beq _080FFA8C
	ldr r0, _080FFBDC @ =0x02035168
	adds r0, r3, r0
	ldr r4, [r0, #0x00]
	cmp r4, #0x00
	beq _080FFA8C
	ldr r1, _080FFBAC @ =0x09EF8FAC
	adds r1, r7, r1
	movs r2, #0x08
	ldsh r0, [r1, r2]
	lsls r0, r0, #0x13
	movs r2, #0x80
	lsls r2, r2, #0x0D
	adds r0, r0, r2
	asrs r0, r0, #0x10
	movs r2, #0x0A
	ldsh r1, [r1, r2]
	lsls r1, r1, #0x13
	movs r2, #0x80
	lsls r2, r2, #0x0D
	adds r1, r1, r2
	asrs r1, r1, #0x10
	ldr r2, _080FFBE0 @ =0x02035198
	adds r2, r3, r2
	ldr r3, [r2, #0x00]
	str r4, [sp, #0x000]
	movs r2, #0x00
	str r2, [sp, #0x004]
	mov r4, r10
	str r4, [sp, #0x008]
	ldr r4, _080FFBE4 @ =0x000007D1
	adds r2, r5, r4
	lsls r2, r2, #0x10
	lsrs r2, r2, #0x10
	str r2, [sp, #0x00C]
	adds r2, r6, #0x0
	bl func_080023E0
_080FFA8C:
	adds r7, #0x14
	adds r5, #0x01
	cmp r5, #0x0B
	ble _080FFA36
	ldr r0, _080FFBD8 @ =0x020351C8
	ldr r1, _080FFBB0 @ =0x020350F8
	movs r2, #0x00
	ldsh r1, [r1, r2]
	lsls r1, r1, #0x02
	adds r0, r1, r0
	ldr r2, [r0, #0x00]
	cmp r2, #0x00
	beq _080FFAC4
	ldr r0, _080FFBE0 @ =0x02035198
	adds r0, r1, r0
	ldr r3, [r0, #0x00]
	ldr r0, _080FFBDC @ =0x02035168
	adds r0, r1, r0
	ldr r0, [r0, #0x00]
	str r0, [sp, #0x000]
	movs r0, #0x00
	str r0, [sp, #0x004]
	str r0, [sp, #0x008]
	str r0, [sp, #0x00C]
	movs r0, #0x70
	movs r1, #0x20
	bl func_080023E0
_080FFAC4:
	ldr r1, _080FFBE8 @ =0x020352B8
	ldrb r0, [r1, #0x00]
	cmp r0, #0x00
	beq _080FFAE2
	ldr r2, _080FFBEC @ =0x020351F8
	ldr r0, _080FFBD4 @ =0x02035148
	ldr r3, [r0, #0x00]
	movs r0, #0x01
	str r0, [sp, #0x000]
	ldrb r0, [r1, #0x00]
	str r0, [sp, #0x004]
	movs r0, #0x80
	movs r1, #0x1C
	bl func_080664D8
_080FFAE2:
	ldr r0, _080FFBA4 @ =0x02035118
	movs r3, #0x00
	ldsh r7, [r0, r3]
	cmp r7, #0x01
	bne _080FFB6C
	ldr r1, _080FFBF0 @ =0x020354A0
	ldrb r0, [r1, #0x00]
	cmp r0, #0x00
	beq _080FFB0A
	ldr r2, _080FFBF4 @ =0x020352C0
	ldr r0, _080FFBB8 @ =0x02035124
	ldr r3, [r0, #0x00]
	movs r0, #0x00
	str r0, [sp, #0x000]
	ldrb r0, [r1, #0x00]
	str r0, [sp, #0x004]
	movs r0, #0x61
	movs r1, #0x38
	bl func_080664D8
_080FFB0A:
	ldr r4, _080FFBF8 @ =0x08121400
	mov r10, r4
	ldr r0, _080FFBFC @ =0x0203511A
	mov r9, r0
	ldrb r0, [r0, #0x00]
	adds r0, #0x40
	lsls r0, r0, #0x01
	add r0, r10
	movs r2, #0x00
	ldsh r1, [r0, r2]
	negs r1, r1
	asrs r1, r1, #0x05
	adds r1, #0x54
	ldr r3, _080FFC00 @ =0x020354B8
	mov r8, r3
	ldr r2, [r3, #0x00]
	ldr r6, _080FFC04 @ =0x020354B0
	ldr r3, [r6, #0x00]
	ldr r5, _080FFC08 @ =0x020354A8
	ldr r0, [r5, #0x00]
	str r0, [sp, #0x000]
	movs r4, #0x00
	str r4, [sp, #0x004]
	str r4, [sp, #0x008]
	str r7, [sp, #0x00C]
	movs r0, #0x2F
	bl func_080023E0
	mov r1, r9
	ldrb r0, [r1, #0x00]
	adds r0, #0x40
	lsls r0, r0, #0x01
	add r0, r10
	movs r2, #0x00
	ldsh r1, [r0, r2]
	negs r1, r1
	asrs r1, r1, #0x05
	adds r1, #0x54
	mov r3, r8
	ldr r2, [r3, #0x04]
	ldr r3, [r6, #0x04]
	ldr r0, [r5, #0x04]
	str r0, [sp, #0x000]
	str r4, [sp, #0x004]
	str r4, [sp, #0x008]
	str r4, [sp, #0x00C]
	movs r0, #0x2F
	bl func_080023E0
_080FFB6C:
	add sp, #0x010
	pop {r3, r4, r5}
	mov r8, r3
	mov r9, r4
	mov r10, r5
	pop {r4, r5, r6, r7}
	pop {r0}
	bx r0
_080FFB7C: .4byte 0x020354C0
_080FFB80: .4byte 0x020354D0
_080FFB84: .4byte 0x0999CF38
_080FFB88: .4byte 0x02035120
_080FFB8C: .4byte 0x0203511C
_080FFB90: .4byte 0x00000BB8
_080FFB94: .4byte 0x020354C8
_080FFB98: .4byte 0x0999CF54
_080FFB9C: .4byte 0x00000BB9
_080FFBA0: .4byte 0x0999CF88
_080FFBA4: .4byte 0x02035118
_080FFBA8: .4byte 0x02035130
_080FFBAC: .4byte 0x09EF8FAC
_080FFBB0: .4byte 0x020350F8
_080FFBB4: .4byte 0x02035128
_080FFBB8: .4byte 0x02035124
_080FFBBC: .4byte 0x000007DD
_080FFBC0: .4byte 0x020354D8
_080FFBC4: .4byte 0x020354DC
_080FFBC8: .4byte 0xFFFFFA00
_080FFBCC: .4byte 0x02035150
_080FFBD0: .4byte 0x0203514C
_080FFBD4: .4byte 0x02035148
_080FFBD8: .4byte 0x020351C8
_080FFBDC: .4byte 0x02035168
_080FFBE0: .4byte 0x02035198
_080FFBE4: .4byte 0x000007D1
_080FFBE8: .4byte 0x020352B8
_080FFBEC: .4byte 0x020351F8
_080FFBF0: .4byte 0x020354A0
_080FFBF4: .4byte 0x020352C0
_080FFBF8: .4byte 0x08121400
_080FFBFC: .4byte 0x0203511A
_080FFC00: .4byte 0x020354B8
_080FFC04: .4byte 0x020354B0
_080FFC08: .4byte 0x020354A8
