@ Generated with Luvdis v0.8.0
.syntax unified
.text
@ Begin embedded Luvdis macros
	.macro arm_func_start name
	.align 2, 0
	.global \name
	.arm
	.type \name, %function
	.endm

	.macro arm_func_end name
	.size \name, .-\name
	.endm

	.macro thumb_func_start name
	.align 2, 0
	.global \name
	.thumb
	.thumb_func
	.type \name, %function
	.endm

	.macro non_word_aligned_thumb_func_start name
	.global \name
	.thumb
	.thumb_func
	.type \name, %function
	.endm

	.macro thumb_func_end name
	.size \name, .-\name
	.endm
@ End embedded Luvdis macros

	thumb_func_start task_fld_sora_0
task_fld_sora_0: @ 08032070
	push {r4, r5, r6, r7, lr}
	mov r7, r8
	push {r7}
	adds r5, r0, #0x0
	ldr r0, _0803210C @ =0x02039BA0
	mov r8, r0
	ldr r7, [r0, #0x00]
	adds r6, r7, #0x0
	adds r6, #0x18
	movs r0, #0xA0
	lsls r0, r0, #0x03
	movs r1, #0x00
	bl func_080028F8
	str r0, [r5, #0x00]
	ldr r0, _08032110 @ =0x08F683A4
	movs r1, #0x20
	bl func_08002A14
	str r0, [r5, #0x04]
	movs r1, #0x00
	movs r2, #0x00
	movs r3, #0x10
	strh r3, [r6, #0x1A]
	adds r0, r5, #0x0
	adds r0, #0xBC
	strb r1, [r0, #0x00]
	subs r0, #0x20
	strb r1, [r0, #0x00]
	adds r0, #0x01
	strb r1, [r0, #0x00]
	adds r0, #0x01
	strh r2, [r0, #0x00]
	subs r0, #0x06
	strh r2, [r0, #0x00]
	adds r1, r5, #0x0
	adds r1, #0xA4
	movs r0, #0x08
	strh r0, [r1, #0x00]
	adds r0, r5, #0x0
	adds r0, #0xA8
	str r3, [r0, #0x00]
	strh r2, [r6, #0x32]
	strh r2, [r6, #0x30]
	ldr r2, _08032114 @ =0x02039BB0
	ldrb r4, [r2, #0x00]
	cmp r4, #0x00
	beq _08032118
	adds r1, r6, #0x0
	adds r0, r2, #0x0
	adds r0, #0x14
	ldm r0!, {r3, r4, r7}
	stm r1!, {r3, r4, r7}
	ldr r0, [r0, #0x00]
	str r0, [r1, #0x00]
	adds r0, r2, #0x0
	adds r0, #0x24
	ldrb r0, [r0, #0x00]
	strb r0, [r6, #0x14]
	ldr r0, [r2, #0x28]
	str r0, [r6, #0x10]
	adds r1, r5, #0x0
	adds r1, #0x94
	ldrh r0, [r2, #0x30]
	str r0, [r1, #0x00]
	adds r1, #0x0C
	ldr r0, [r2, #0x2C]
	str r0, [r1, #0x00]
	adds r1, #0x10
	ldr r0, [r2, #0x34]
	str r0, [r1, #0x00]
	adds r1, #0x04
	ldr r0, [r2, #0x38]
	str r0, [r1, #0x00]
	adds r1, #0x04
	ldr r0, [r2, #0x3C]
	str r0, [r1, #0x00]
	b _08032152
_0803210C: .4byte 0x02039BA0
_08032110: .4byte 0x08F683A4
_08032114: .4byte 0x02039BB0
_08032118:
	mov r0, r8
	ldr r1, [r0, #0x00]
	adds r0, r1, #0x0
	adds r0, #0xDC
	ldr r0, [r0, #0x00]
	str r0, [r7, #0x18]
	adds r0, r1, #0x0
	adds r0, #0xE0
	ldr r0, [r0, #0x00]
	str r0, [r6, #0x04]
	str r4, [r6, #0x08]
	adds r0, r1, #0x0
	adds r0, #0xE4
	ldrb r0, [r0, #0x00]
	strb r0, [r6, #0x14]
	adds r0, r6, #0x0
	bl func_080DFF4C
	ldr r1, [r6, #0x0C]
	str r1, [r6, #0x08]
	ldr r0, [r6, #0x04]
	subs r0, r0, r1
	str r0, [r6, #0x04]
	str r4, [r6, #0x10]
	adds r0, r5, #0x0
	adds r0, #0x94
	str r4, [r0, #0x00]
	adds r0, #0x0C
	str r4, [r0, #0x00]
_08032152:
	adds r4, r5, #0x0
	adds r4, #0x08
	adds r0, r4, #0x0
	movs r1, #0x00
	movs r2, #0x00
	bl func_08005968
	adds r0, r5, #0x0
	movs r1, #0x00
	movs r2, #0x01
	bl func_08031F98
	adds r0, r4, #0x0
	bl func_08005AFC
	str r0, [r5, #0x20]
	ldr r0, _08032184 @ =0x02039BB0
	ldrb r0, [r0, #0x0C]
	cmp r0, #0x0C
	bhi _08032214
	lsls r0, r0, #0x02
	ldr r1, _08032188 @ =0x0803218C
	adds r0, r0, r1
	ldr r0, [r0, #0x00]
	mov pc, r0
_08032184: .4byte 0x02039BB0
_08032188: .4byte 0x0803218C
	.byte 0xFC, 0x21, 0x03, 0x08, 0x14, 0x22, 0x03, 0x08, 0xCC, 0x21, 0x03, 0x08, 0xFC, 0x21, 0x03, 0x08
	.byte 0xE4, 0x21, 0x03, 0x08, 0xD8, 0x21, 0x03, 0x08, 0xF0, 0x21, 0x03, 0x08, 0xC0, 0x21, 0x03, 0x08
	.byte 0x14, 0x22, 0x03, 0x08, 0x08, 0x22, 0x03, 0x08, 0x14, 0x22, 0x03, 0x08, 0x14, 0x22, 0x03, 0x08
	.byte 0xFC, 0x21, 0x03, 0x08, 0x29, 0x1C, 0xAC, 0x31, 0x00, 0x48, 0x28, 0xE0, 0x5C, 0xCD, 0x13, 0x08
	.byte 0x29, 0x1C, 0xAC, 0x31, 0x00, 0x48, 0x22, 0xE0, 0x6C, 0xCD, 0x13, 0x08, 0x29, 0x1C, 0xAC, 0x31
	.byte 0x00, 0x48, 0x1C, 0xE0, 0x7C, 0xCD, 0x13, 0x08, 0x29, 0x1C, 0xAC, 0x31, 0x00, 0x48, 0x16, 0xE0
	.byte 0x8C, 0xCD, 0x13, 0x08, 0x29, 0x1C, 0xAC, 0x31, 0x00, 0x48, 0x10, 0xE0, 0x9C, 0xCD, 0x13, 0x08
	.byte 0x29, 0x1C, 0xAC, 0x31, 0x00, 0x48, 0x0A, 0xE0, 0xAC, 0xCD, 0x13, 0x08, 0x29, 0x1C, 0xAC, 0x31
	.byte 0x00, 0x48, 0x04, 0xE0, 0xBC, 0xCD, 0x13, 0x08
_08032214:
	adds r1, r5, #0x0
	adds r1, #0xAC
	ldr r0, _0803225C @ =0x0813CD4C
	str r0, [r1, #0x00]
	adds r4, r5, #0x0
	adds r4, #0x24
	adds r0, r4, #0x0
	movs r1, #0x02
	bl func_08000E64
	ldr r1, _08032260 @ =0x09EDAF90
	ldr r0, _08032264 @ =0x02039BA0
	ldr r2, [r0, #0x00]
	adds r2, #0x18
	adds r0, r4, #0x0
	bl func_08000E14
	adds r4, #0x14
	adds r0, r4, #0x0
	movs r1, #0x01
	movs r2, #0x04
	movs r3, #0x20
	bl func_080122AC
	ldr r1, [r6, #0x00]
	ldr r2, [r6, #0x04]
	ldr r3, [r6, #0x08]
	adds r0, r4, #0x0
	bl func_08012324
	pop {r3}
	mov r8, r3
	pop {r4, r5, r6, r7}
	pop {r0}
	bx r0
	.byte 0x00, 0x00
_0803225C: .4byte 0x0813CD4C
_08032260: .4byte 0x09EDAF90
_08032264: .4byte 0x02039BA0
	.byte 0xF0, 0xB5, 0x05, 0x1C, 0x0E, 0x1C, 0x08, 0x48, 0x00, 0x68, 0x07, 0x1C, 0x18, 0x37, 0x01, 0x6F
	.byte 0x80, 0x20, 0x40, 0x03, 0x08, 0x40, 0x00, 0x28, 0x08, 0xD0, 0x28, 0x1C, 0x0C, 0x21, 0x00, 0x22
	.byte 0xFF, 0xF7, 0x86, 0xFE, 0x12, 0xE0, 0x00, 0x00, 0xA0, 0x9B, 0x03, 0x02, 0x80, 0x20, 0x00, 0x03
	.byte 0x01, 0x40, 0x00, 0x29, 0x05, 0xD0, 0x28, 0x1C, 0x01, 0x21, 0x01, 0x22, 0xFF, 0xF7, 0x78, 0xFE
	.byte 0x04, 0xE0, 0x28, 0x1C, 0x00, 0x21, 0x01, 0x22, 0xFF, 0xF7, 0x72, 0xFE, 0x0E, 0x48, 0x00, 0x68
	.byte 0x04, 0x6F, 0x80, 0x20, 0xC0, 0x02, 0x04, 0x40, 0x00, 0x2C, 0x19, 0xD1, 0x68, 0x68, 0xC0, 0x88
	.byte 0x10, 0x30, 0x00, 0x04, 0x00, 0x0C, 0x00, 0x21, 0xD4, 0xF7, 0x10, 0xF8, 0x28, 0x1C, 0x94, 0x30
	.byte 0x04, 0x60, 0x04, 0x30, 0x04, 0x80, 0x05, 0x49, 0x30, 0x1C, 0xCE, 0xF7, 0x53, 0xFE, 0x28, 0x1C
	.byte 0x24, 0x30, 0xCE, 0xF7, 0xDB, 0xFD, 0x28, 0xE0, 0xA0, 0x9B, 0x03, 0x02, 0xC9, 0x3B, 0x03, 0x08
	.byte 0x2E, 0x1C, 0x98, 0x36, 0x00, 0x20, 0x34, 0x5E, 0x00, 0x2C, 0x0B, 0xD1, 0x68, 0x68, 0xC0, 0x88
	.byte 0x10, 0x30, 0x00, 0x04, 0x00, 0x0C, 0x01, 0x21, 0xD3, 0xF7, 0xF0, 0xFF, 0x3C, 0x61, 0x28, 0x1C
	.byte 0xBC, 0x30, 0x04, 0x70, 0x28, 0x1C, 0x24, 0x30, 0xCE, 0xF7, 0xC0, 0xFD, 0x28, 0x1C, 0x08, 0x30
	.byte 0xD3, 0xF7, 0x9C, 0xFB, 0x28, 0x62, 0x28, 0x1C, 0x38, 0x30, 0x39, 0x68, 0x7A, 0x68, 0xBB, 0x68
	.byte 0xDF, 0xF7, 0xF4, 0xFF, 0x30, 0x88, 0x01, 0x30, 0x30, 0x80, 0x01, 0x20, 0xF0, 0xBC, 0x02, 0xBC
	.byte 0x08, 0x47, 0x00, 0x00, 0xF0, 0xB5, 0x57, 0x46, 0x4E, 0x46, 0x45, 0x46, 0xE0, 0xB4, 0x05, 0x1C
	.byte 0x88, 0x46, 0x09, 0x48, 0x00, 0x68, 0x04, 0x1C, 0x18, 0x34, 0x81, 0x69, 0x89, 0x46, 0x62, 0x68
	.byte 0x92, 0x46, 0x00, 0x27, 0x87, 0x66, 0x2E, 0x1C, 0x94, 0x36, 0x30, 0x68, 0x0D, 0x28, 0x05, 0xD0
	.byte 0x0E, 0x28, 0x18, 0xD0, 0x85, 0xE0, 0x00, 0x00, 0xA0, 0x9B, 0x03, 0x02, 0x8B, 0x20, 0xED, 0xF0
	.byte 0x73, 0xFD, 0x0E, 0x20, 0x30, 0x60, 0x29, 0x1C, 0xA0, 0x31, 0x1B, 0x48, 0x08, 0x60, 0x28, 0x1C
	.byte 0x98, 0x30, 0x07, 0x80, 0x27, 0x61, 0x10, 0x31, 0xE8, 0x6F, 0x08, 0x60, 0x04, 0x31, 0x28, 0x1C
	.byte 0x80, 0x30, 0x00, 0x68, 0x08, 0x60, 0x28, 0x1C, 0xA0, 0x30, 0x02, 0x68, 0x13, 0x49, 0x06, 0x1C
	.byte 0x8A, 0x42, 0x27, 0xDD, 0x28, 0x1C, 0x0B, 0x21, 0x00, 0x22, 0xFF, 0xF7, 0xE9, 0xFD, 0xC0, 0x22
	.byte 0x52, 0x00, 0x22, 0x61, 0x0E, 0x4B, 0x20, 0x7D, 0x40, 0x00, 0xC0, 0x18, 0x00, 0x21, 0x40, 0x5E
	.byte 0x01, 0x1C, 0x51, 0x43, 0x09, 0x12, 0x20, 0x68, 0x40, 0x18, 0x20, 0x60, 0x20, 0x7D, 0x40, 0x30
	.byte 0x40, 0x00, 0xC0, 0x18, 0x00, 0x21, 0x40, 0x5E, 0x40, 0x42, 0x01, 0x1C, 0x51, 0x43, 0x09, 0x12
	.byte 0x60, 0x68, 0x40, 0x18, 0x60, 0x60, 0x1A, 0xE0, 0x00, 0xF8, 0xFF, 0xFF, 0x00, 0xFD, 0xFF, 0xFF
	.byte 0x00, 0x14, 0x12, 0x08, 0x28, 0x1C, 0x04, 0x21, 0x00, 0x22, 0xFF, 0xF7, 0xC1, 0xFD, 0x28, 0x1C
	.byte 0xB0, 0x30, 0x00, 0x68, 0x21, 0x68, 0x40, 0x1A, 0xC0, 0x10, 0x09, 0x18, 0x21, 0x60, 0x28, 0x1C
	.byte 0xB4, 0x30, 0x00, 0x68, 0x61, 0x68, 0x40, 0x1A, 0xC0, 0x10, 0x09, 0x18, 0x61, 0x60, 0x29, 0x1C
	.byte 0xB8, 0x31, 0xA0, 0x68, 0xF0, 0x22, 0x12, 0x01, 0x80, 0x18, 0x09, 0x68, 0x09, 0x1A, 0xC9, 0x10
	.byte 0x31, 0x60, 0xA0, 0x68, 0x40, 0x18, 0xA0, 0x60, 0x30, 0x68, 0x42, 0x30, 0x30, 0x60, 0x00, 0x28
	.byte 0x12, 0xDB, 0x29, 0x1C, 0x98, 0x31, 0x00, 0x20, 0x08, 0x80, 0x04, 0x39, 0x04, 0x20, 0x08, 0x60
	.byte 0x2A, 0x1C, 0xA4, 0x32, 0x11, 0x88, 0x08, 0x43, 0x10, 0x80, 0x02, 0x49, 0x40, 0x46, 0xCE, 0xF7
	.byte 0x89, 0xFD, 0x06, 0xE0, 0xDD, 0x24, 0x03, 0x08, 0x29, 0x1C, 0x98, 0x31, 0x08, 0x88, 0x01, 0x30
	.byte 0x08, 0x80, 0x20, 0x1C, 0xFF, 0xF7, 0x72, 0xFC, 0x00, 0x06, 0x00, 0x28, 0x03, 0xD0, 0x48, 0x46
	.byte 0x20, 0x60, 0x51, 0x46, 0x61, 0x60, 0x28, 0x1C, 0x38, 0x30, 0x21, 0x68, 0x62, 0x68, 0xA3, 0x68
	.byte 0xDF, 0xF7, 0x3C, 0xFF, 0x20, 0x68, 0x61, 0x68, 0xA2, 0x68, 0x89, 0x18, 0xAD, 0xF0, 0xF0, 0xFE
	.byte 0x28, 0x1C, 0x08, 0x30, 0xD3, 0xF7, 0xD2, 0xFA, 0x28, 0x62, 0x28, 0x1C, 0x24, 0x30, 0xCE, 0xF7
	.byte 0xED, 0xFC, 0x01, 0x20, 0x38, 0xBC, 0x98, 0x46, 0xA1, 0x46, 0xAA, 0x46, 0xF0, 0xBC, 0x02, 0xBC
	.byte 0x08, 0x47, 0x00, 0x00, 0xF0, 0xB5, 0x57, 0x46, 0x4E, 0x46, 0x45, 0x46, 0xE0, 0xB4, 0x8C, 0xB0
	.byte 0x07, 0x1C, 0x08, 0x91, 0x13, 0x4D, 0x2C, 0x68, 0x26, 0x1C, 0x18, 0x36, 0xFF, 0xF7, 0x12, 0xFD
	.byte 0x82, 0x46, 0xA4, 0x69, 0x09, 0x94, 0x70, 0x68, 0x0A, 0x90, 0x29, 0x68, 0x00, 0x20, 0x88, 0x66
	.byte 0x38, 0x1C, 0xA4, 0x30, 0x01, 0x88, 0x04, 0x20, 0x08, 0x40, 0x00, 0x28, 0x02, 0xD1, 0x30, 0x1C
	.byte 0xFF, 0xF7, 0x22, 0xFD, 0x39, 0x1C, 0x94, 0x31, 0x08, 0x68, 0x02, 0x38, 0x89, 0x46, 0x08, 0x21
	.byte 0xC9, 0x19, 0x88, 0x46, 0x0A, 0x28, 0x00, 0xD9, 0xAB, 0xE2, 0x80, 0x00, 0x02, 0x49, 0x40, 0x18
	.byte 0x00, 0x68, 0x87, 0x46, 0xA0, 0x9B, 0x03, 0x02, 0x44, 0x25, 0x03, 0x08, 0x26, 0x27, 0x03, 0x08
	.byte 0x12, 0x28, 0x03, 0x08, 0xFE, 0x28, 0x03, 0x08, 0xDE, 0x29, 0x03, 0x08, 0x8A, 0x2A, 0x03, 0x08
	.byte 0x8A, 0x2A, 0x03, 0x08, 0x8A, 0x2A, 0x03, 0x08, 0x8A, 0x2A, 0x03, 0x08, 0x8A, 0x2A, 0x03, 0x08
	.byte 0x8A, 0x2A, 0x03, 0x08, 0x70, 0x25, 0x03, 0x08, 0x38, 0x1C, 0x98, 0x30, 0x00, 0x22, 0x81, 0x5E
	.byte 0x0B, 0x90, 0x00, 0x29, 0x07, 0xD1, 0x1F, 0x48, 0x00, 0x68, 0x81, 0x66, 0x38, 0x1C, 0x0E, 0x21
	.byte 0x00, 0x22, 0xFF, 0xF7, 0x05, 0xFD, 0x1C, 0x4B, 0x30, 0x7D, 0x40, 0x00, 0xC0, 0x18, 0x00, 0x24
	.byte 0x00, 0x5F, 0x32, 0x69, 0x01, 0x1C, 0x51, 0x43, 0x09, 0x12, 0x30, 0x68, 0x40, 0x18, 0x30, 0x60
	.byte 0x30, 0x7D, 0x40, 0x30, 0x40, 0x00, 0xC0, 0x18, 0x00, 0x25, 0x40, 0x5F, 0x40, 0x42, 0x01, 0x1C
	.byte 0x51, 0x43, 0x09, 0x12, 0x70, 0x68, 0x40, 0x18, 0x70, 0x60, 0x3C, 0x1C, 0x08, 0x34, 0x20, 0x1C
	.byte 0xD3, 0xF7, 0xB4, 0xFA, 0x00, 0x04, 0x00, 0x0C, 0xA0, 0x46, 0x03, 0x28, 0x16, 0xD9, 0x3A, 0x1C
	.byte 0xA0, 0x32, 0xB0, 0x68, 0x11, 0x68, 0x40, 0x18, 0xB0, 0x60, 0x10, 0x68, 0x42, 0x30, 0x10, 0x60
	.byte 0xB0, 0x68, 0x14, 0x1C, 0x50, 0x45, 0x0E, 0xDD, 0x50, 0x46, 0xB0, 0x60, 0x00, 0x20, 0x20, 0x60
	.byte 0x09, 0xE0, 0x00, 0x00, 0xA0, 0x9B, 0x03, 0x02, 0x00, 0x14, 0x12, 0x08, 0x39, 0x1C, 0xA0, 0x31
	.byte 0x00, 0x20, 0x08, 0x60, 0x0C, 0x1C, 0x30, 0x69, 0x26, 0x38, 0x30, 0x61, 0x00, 0x28, 0x01, 0xDA
	.byte 0x00, 0x20, 0x30, 0x61, 0x40, 0x46, 0xD3, 0xF7, 0x89, 0xFA, 0x00, 0x04, 0x00, 0x0C, 0x04, 0x28
	.byte 0x62, 0xDC, 0x03, 0x28, 0x60, 0xDB, 0x33, 0x7D, 0x53, 0x2B, 0x41, 0xD0, 0x53, 0x2B, 0x06, 0xDC
	.byte 0x2D, 0x2B, 0x0C, 0xD0, 0x2D, 0x2B, 0x3B, 0xDD, 0x40, 0x2B, 0x1D, 0xD0, 0x38, 0xE0, 0xAD, 0x2B
	.byte 0x36, 0xD0, 0xAD, 0x2B, 0x34, 0xDD, 0xC0, 0x2B, 0x16, 0xD0, 0xD3, 0x2B, 0x30, 0xD1, 0x09, 0x4A
	.byte 0x58, 0x00, 0x80, 0x18, 0x00, 0x25, 0x41, 0x5F, 0x48, 0x00, 0x40, 0x18, 0x80, 0x00, 0x31, 0x68
	.byte 0x0D, 0x18, 0x18, 0x1C, 0x40, 0x30, 0x40, 0x00, 0x80, 0x18, 0x00, 0x21, 0x40, 0x5E, 0x40, 0x42
	.byte 0x41, 0x00, 0x2F, 0xE0, 0x00, 0x14, 0x12, 0x08, 0x0C, 0x4A, 0x58, 0x00, 0x80, 0x18, 0x00, 0x25
	.byte 0x41, 0x5F, 0xC8, 0x00, 0x40, 0x1A, 0x80, 0x00, 0x40, 0x1A, 0x31, 0x68, 0x0D, 0x18, 0x18, 0x1C
	.byte 0x40, 0x30, 0x40, 0x00, 0x80, 0x18, 0x00, 0x22, 0x81, 0x5E, 0x49, 0x42, 0xC8, 0x00, 0x40, 0x1A
	.byte 0x80, 0x00, 0x40, 0x1A, 0x71, 0x68, 0x09, 0x18, 0x18, 0xE0, 0x00, 0x00, 0x00, 0x14, 0x12, 0x08
	.byte 0x14, 0x4A, 0x58, 0x00, 0x80, 0x18, 0x00, 0x25, 0x41, 0x5F, 0x88, 0x00, 0x40, 0x18, 0x80, 0x00
	.byte 0x31, 0x68, 0x0D, 0x18, 0x18, 0x1C, 0x40, 0x30, 0x40, 0x00, 0x80, 0x18, 0x00, 0x21, 0x40, 0x5E
	.byte 0x40, 0x42, 0x81, 0x00, 0x09, 0x18, 0x89, 0x00, 0x70, 0x68, 0x41, 0x18, 0xB2, 0x68, 0x0A, 0x4B
	.byte 0xD2, 0x18, 0x28, 0x1C, 0xAD, 0xF0, 0xE8, 0xFD, 0x40, 0x46, 0xD3, 0xF7, 0x13, 0xFA, 0x00, 0x06
	.byte 0x00, 0x28, 0x0F, 0xD0, 0x20, 0x68, 0x00, 0x28, 0x08, 0xDA, 0x03, 0x20, 0x4C, 0x46, 0x20, 0x60
	.byte 0xBF, 0xE1, 0x00, 0x00, 0x00, 0x14, 0x12, 0x08, 0x00, 0xF8, 0xFF, 0xFF, 0x04, 0x20, 0x4D, 0x46
	.byte 0x28, 0x60, 0xB6, 0xE1, 0x0B, 0x99, 0x08, 0x88, 0x01, 0x30, 0x08, 0x80, 0xB1, 0xE1, 0x3D, 0x1C
	.byte 0x98, 0x35, 0x00, 0x22, 0xA8, 0x5E, 0x0B, 0x95, 0x00, 0x28, 0x07, 0xD1, 0x38, 0x1C, 0x03, 0x21
	.byte 0x00, 0x22, 0xFF, 0xF7, 0x2D, 0xFC, 0x30, 0x69, 0x40, 0x10, 0x30, 0x61, 0x19, 0x4B, 0x30, 0x7D
	.byte 0x40, 0x00, 0xC0, 0x18, 0x00, 0x24, 0x00, 0x5F, 0x32, 0x69, 0x01, 0x1C, 0x51, 0x43, 0x09, 0x12
	.byte 0x30, 0x68, 0x40, 0x18, 0x30, 0x60, 0x30, 0x7D, 0x40, 0x30, 0x40, 0x00, 0xC0, 0x18, 0x00, 0x21
	.byte 0x40, 0x5E, 0x40, 0x42, 0x01, 0x1C, 0x51, 0x43, 0x09, 0x12, 0x70, 0x68, 0x40, 0x18, 0x70, 0x60
	.byte 0x29, 0x88, 0x00, 0x22, 0xA8, 0x5E, 0x03, 0x28, 0x44, 0xDD, 0x3A, 0x1C, 0xB8, 0x32, 0x0A, 0x48
	.byte 0x01, 0x68, 0xC8, 0x69, 0x10, 0x60, 0x00, 0x28, 0x2A, 0xD1, 0xD3, 0xF7, 0x07, 0xFF, 0x00, 0x04
	.byte 0x00, 0x0C, 0x01, 0x21, 0x08, 0x40, 0x00, 0x28, 0x08, 0xD0, 0x71, 0x20, 0xED, 0xF0, 0x64, 0xFB
	.byte 0x07, 0xE0, 0x00, 0x00, 0x00, 0x14, 0x12, 0x08, 0xAC, 0xC7, 0x03, 0x02, 0x72, 0x20, 0xED, 0xF0
	.byte 0x5B, 0xFB, 0x03, 0x20, 0x4B, 0x46, 0x18, 0x60, 0x3A, 0x1C, 0xA0, 0x32, 0x07, 0x48, 0x10, 0x60
	.byte 0x30, 0x69, 0x40, 0x00, 0x30, 0x61, 0x00, 0x20, 0x0B, 0x9C, 0x20, 0x80, 0xB0, 0x68, 0x11, 0x68
	.byte 0x40, 0x18, 0xB0, 0x60, 0x10, 0x68, 0x42, 0x30, 0x10, 0x60, 0xE3, 0xE0, 0xCD, 0xFA, 0xFF, 0xFF
	.byte 0x08, 0x7E, 0x00, 0x24, 0x30, 0x75, 0xB0, 0x68, 0x11, 0x68, 0x40, 0x1A, 0x10, 0x60, 0x0D, 0x20
	.byte 0x49, 0x46, 0x08, 0x60, 0x02, 0x49, 0x08, 0x98, 0xCE, 0xF7, 0xC4, 0xFB, 0x2C, 0x80, 0x3D, 0xE1
	.byte 0x4D, 0x23, 0x03, 0x08, 0x48, 0x1C, 0x28, 0x80, 0x0C, 0xE1, 0xCE, 0xF7, 0xB7, 0xFD, 0xF0, 0x21
	.byte 0x01, 0x40, 0x00, 0x29, 0x07, 0xD0, 0x30, 0x69, 0x11, 0x30, 0x30, 0x61, 0x80, 0x21, 0x89, 0x00
	.byte 0x88, 0x42, 0x06, 0xDD, 0x04, 0xE0, 0x30, 0x69, 0x26, 0x38, 0x30, 0x61, 0x00, 0x28, 0x00, 0xDA
	.byte 0x31, 0x61, 0x38, 0x1C, 0xA0, 0x30, 0x02, 0x68, 0x04, 0x49, 0x04, 0x1C, 0x8A, 0x42, 0x07, 0xDD
	.byte 0x38, 0x1C, 0x05, 0x21, 0x00, 0x22, 0xFF, 0xF7, 0xA3, 0xFB, 0x06, 0xE0, 0x00, 0xFE, 0xFF, 0xFF
	.byte 0x38, 0x1C, 0x04, 0x21, 0x00, 0x22, 0xFF, 0xF7, 0x9B, 0xFB, 0x1D, 0x4B, 0x30, 0x7D, 0x40, 0x00
	.byte 0xC0, 0x18, 0x00, 0x25, 0x40, 0x5F, 0x32, 0x69, 0x01, 0x1C, 0x51, 0x43, 0x09, 0x12, 0x30, 0x68
	.byte 0x40, 0x18, 0x30, 0x60, 0x30, 0x7D, 0x40, 0x30, 0x40, 0x00, 0xC0, 0x18, 0x00, 0x21, 0x40, 0x5E
	.byte 0x40, 0x42, 0x01, 0x1C, 0x51, 0x43, 0x09, 0x12, 0x70, 0x68, 0x40, 0x18, 0x70, 0x60, 0xB0, 0x68
	.byte 0x21, 0x68, 0x40, 0x18, 0xB0, 0x60, 0x20, 0x68, 0x42, 0x30, 0x20, 0x60, 0x00, 0x28, 0x08, 0xDA
	.byte 0xCE, 0xF7, 0x6C, 0xFD, 0x02, 0x21, 0x01, 0x40, 0x00, 0x29, 0x02, 0xD1, 0x20, 0x68, 0x40, 0x30
	.byte 0x20, 0x60, 0xCE, 0xF7, 0x69, 0xFD, 0x01, 0x21, 0x01, 0x40, 0x00, 0x29, 0x0A, 0xD0, 0x38, 0x1C
	.byte 0x98, 0x30, 0x00, 0x21, 0x01, 0x80, 0x0C, 0x20, 0x4A, 0x46, 0x10, 0x60, 0xAA, 0xE0, 0x00, 0x00
	.byte 0x00, 0x14, 0x12, 0x08, 0x20, 0x68, 0x00, 0x28, 0x04, 0xDD, 0x38, 0x1C, 0x98, 0x30, 0x01, 0x80
	.byte 0x04, 0x20, 0x5D, 0xE0, 0x39, 0x1C, 0x98, 0x31, 0x08, 0x88, 0x01, 0x30, 0x08, 0x80, 0x08, 0x20
	.byte 0xC0, 0x19, 0x80, 0x46, 0xC5, 0xE0, 0xCE, 0xF7, 0x41, 0xFD, 0xF0, 0x21, 0x01, 0x40, 0x00, 0x29
	.byte 0x07, 0xD0, 0x30, 0x69, 0x11, 0x30, 0x30, 0x61, 0x80, 0x21, 0x89, 0x00, 0x88, 0x42, 0x06, 0xDD
	.byte 0x04, 0xE0, 0x30, 0x69, 0x26, 0x38, 0x30, 0x61, 0x00, 0x28, 0x00, 0xDA, 0x31, 0x61, 0x38, 0x1C
	.byte 0xA0, 0x30, 0x02, 0x68, 0x04, 0x49, 0x04, 0x1C, 0x8A, 0x42, 0x07, 0xDC, 0x38, 0x1C, 0x05, 0x21
	.byte 0x00, 0x22, 0xFF, 0xF7, 0x2D, 0xFB, 0x06, 0xE0, 0xFF, 0x01, 0x00, 0x00, 0x38, 0x1C, 0x06, 0x21
	.byte 0x00, 0x22, 0xFF, 0xF7, 0x25, 0xFB, 0x19, 0x4B, 0x30, 0x7D, 0x40, 0x00, 0xC0, 0x18, 0x00, 0x21
	.byte 0x40, 0x5E, 0x32, 0x69, 0x01, 0x1C, 0x51, 0x43, 0x09, 0x12, 0x30, 0x68, 0x40, 0x18, 0x30, 0x60
	.byte 0x30, 0x7D, 0x40, 0x30, 0x40, 0x00, 0xC0, 0x18, 0x00, 0x23, 0xC0, 0x5E, 0x40, 0x42, 0x01, 0x1C
	.byte 0x51, 0x43, 0x09, 0x12, 0x70, 0x68, 0x40, 0x18, 0x70, 0x60, 0x22, 0x1C, 0xB0, 0x68, 0x11, 0x68
	.byte 0x40, 0x18, 0xB0, 0x60, 0x10, 0x68, 0x42, 0x30, 0x10, 0x60, 0xCE, 0xF7, 0xFD, 0xFC, 0x01, 0x21
	.byte 0x01, 0x40, 0x00, 0x29, 0x0C, 0xD0, 0x38, 0x1C, 0x98, 0x30, 0x00, 0x21, 0x01, 0x80, 0x0C, 0x20
	.byte 0x4C, 0x46, 0x20, 0x60, 0x08, 0x25, 0xED, 0x19, 0xA8, 0x46, 0x6A, 0xE0, 0x00, 0x14, 0x12, 0x08
	.byte 0xB0, 0x68, 0x08, 0x22, 0xD2, 0x19, 0x90, 0x46, 0x50, 0x45, 0x62, 0xDD, 0x53, 0x46, 0xB3, 0x60
	.byte 0x21, 0x60, 0x4C, 0x46, 0x20, 0x68, 0x05, 0x28, 0x5B, 0xD0, 0x05, 0x20, 0x20, 0x60, 0x38, 0x1C
	.byte 0x98, 0x30, 0x01, 0x80, 0x55, 0xE0, 0x3C, 0x1C, 0x98, 0x34, 0x00, 0x25, 0x60, 0x5F, 0x00, 0x28
	.byte 0x0A, 0xD1, 0x38, 0x1C, 0x07, 0x21, 0x00, 0x22, 0xFF, 0xF7, 0xD2, 0xFA, 0x38, 0x1C, 0xAC, 0x30
	.byte 0x00, 0x68, 0xC0, 0x88, 0xED, 0xF0, 0x38, 0xFA, 0x00, 0x20, 0x80, 0x46, 0x30, 0x61, 0xCE, 0xF7
	.byte 0xC3, 0xFC, 0x02, 0x25, 0x29, 0x1C, 0x01, 0x40, 0x09, 0x04, 0x0B, 0x0C, 0x00, 0x2B, 0x0F, 0xD0
	.byte 0x3A, 0x1C, 0xA4, 0x32, 0x11, 0x88, 0x05, 0x48, 0x08, 0x40, 0x10, 0x80, 0x41, 0x46, 0x21, 0x80
	.byte 0x4A, 0x46, 0x15, 0x60, 0x08, 0x23, 0xDB, 0x19, 0x98, 0x46, 0x2A, 0xE0, 0xFB, 0xFF, 0x00, 0x00
	.byte 0x21, 0x88, 0x00, 0x25, 0x60, 0x5F, 0x06, 0x28, 0x1E, 0xDD, 0x0B, 0x48, 0x02, 0x68, 0x10, 0x6F
	.byte 0x0A, 0x49, 0x08, 0x40, 0x10, 0x67, 0x3A, 0x1C, 0xA4, 0x32, 0x11, 0x88, 0x08, 0x48, 0x08, 0x40
	.byte 0x10, 0x80, 0x48, 0x46, 0x03, 0x60, 0x23, 0x80, 0x06, 0x49, 0x08, 0x98, 0xCE, 0xF7, 0x92, 0xFA
	.byte 0x08, 0x21, 0xC9, 0x19, 0x88, 0x46, 0x0C, 0xE0, 0xA0, 0x9B, 0x03, 0x02, 0xFF, 0xFF, 0x7F, 0xFF
	.byte 0xFB, 0xFF, 0x00, 0x00, 0xC9, 0x3B, 0x03, 0x08, 0x48, 0x1C, 0x20, 0x80, 0x08, 0x22, 0xD2, 0x19
	.byte 0x90, 0x46, 0x38, 0x1C, 0x64, 0x30, 0x00, 0x78, 0x00, 0x28, 0x1D, 0xD0, 0xF8, 0x6E, 0x05, 0x28
	.byte 0x1A, 0xD0, 0x05, 0x28, 0x02, 0xD8, 0x03, 0x28, 0x16, 0xD0, 0x01, 0xE0, 0x0B, 0x28, 0x13, 0xD0
	.byte 0x38, 0x1C, 0x66, 0x30, 0x01, 0x88, 0x01, 0x20, 0x08, 0x40, 0x00, 0x28, 0x0C, 0xD1, 0x31, 0x69
	.byte 0xE6, 0x20, 0x48, 0x43, 0x00, 0x12, 0x30, 0x61, 0x30, 0x68, 0x39, 0x6F, 0x40, 0x18, 0x30, 0x60
	.byte 0x70, 0x68, 0x79, 0x6F, 0x40, 0x18, 0x70, 0x60, 0x30, 0x1C, 0xFF, 0xF7, 0x4F, 0xF9, 0x00, 0x06
	.byte 0x00, 0x28, 0x78, 0xD0, 0x09, 0x9B, 0x33, 0x60, 0x0A, 0x9C, 0x74, 0x60, 0x30, 0x1C, 0x39, 0x1C
	.byte 0xFF, 0xF7, 0xAE, 0xF9, 0x00, 0x06, 0x00, 0x0E, 0x01, 0x28, 0x0F, 0xD0, 0x02, 0x28, 0x1B, 0xD1
	.byte 0x39, 0x1C, 0x98, 0x31, 0x00, 0x20, 0x08, 0x80, 0x06, 0x20, 0x4D, 0x46, 0x28, 0x60, 0xD3, 0x20
	.byte 0x30, 0x75, 0x01, 0x49, 0x4B, 0xE0, 0x00, 0x00, 0x3D, 0x2C, 0x03, 0x08, 0x39, 0x1C, 0x98, 0x31
	.byte 0x00, 0x20, 0x08, 0x80, 0x06, 0x20, 0x49, 0x46, 0x08, 0x60, 0x2D, 0x20, 0x30, 0x75, 0x01, 0x49
	.byte 0x3D, 0xE0, 0x00, 0x00, 0x3D, 0x2C, 0x03, 0x08, 0x4A, 0x46, 0x10, 0x68, 0x04, 0x28, 0x45, 0xD1
	.byte 0xF0, 0x68, 0xB1, 0x68, 0x40, 0x1A, 0x1C, 0x49, 0x88, 0x42, 0x3F, 0xDD, 0x69, 0x46, 0x30, 0x1C
	.byte 0x38, 0xC8, 0x38, 0xC1, 0x00, 0x68, 0x08, 0x60, 0x01, 0x98, 0x18, 0x49, 0x40, 0x18, 0x01, 0x90
	.byte 0xB0, 0x68, 0x17, 0x4A, 0x80, 0x18, 0x02, 0x90, 0x04, 0xAD, 0x29, 0x1C, 0x68, 0x46, 0x1C, 0xC8
	.byte 0x1C, 0xC1, 0x00, 0x68, 0x08, 0x60, 0xA8, 0x68, 0xC0, 0x23, 0x9B, 0x00, 0xC0, 0x18, 0xA8, 0x60
	.byte 0x68, 0x46, 0xFF, 0xF7, 0xFB, 0xF8, 0x00, 0x06, 0x04, 0x0E, 0x00, 0x2C, 0x23, 0xD1, 0x28, 0x1C
	.byte 0xFF, 0xF7, 0xF4, 0xF8, 0x00, 0x06, 0x00, 0x28, 0x1D, 0xD0, 0x38, 0x1C, 0x98, 0x30, 0x04, 0x80
	.byte 0x08, 0x20, 0x4D, 0x46, 0x28, 0x60, 0x07, 0x48, 0x00, 0x68, 0x84, 0x66, 0x06, 0x49, 0x08, 0x98
	.byte 0xCE, 0xF7, 0xF0, 0xF9, 0x0F, 0xE0, 0x00, 0x00, 0xFF, 0x0F, 0x00, 0x00, 0x00, 0xFC, 0xFF, 0xFF
	.byte 0x00, 0xD0, 0xFF, 0xFF, 0xA0, 0x9B, 0x03, 0x02, 0x51, 0x31, 0x03, 0x08, 0x31, 0x69, 0xE6, 0x20
	.byte 0x48, 0x43, 0x00, 0x12, 0x30, 0x61, 0x38, 0x1C, 0x38, 0x30, 0x31, 0x68, 0x72, 0x68, 0xB3, 0x68
	.byte 0xDF, 0xF7, 0xA4, 0xFB, 0x30, 0x68, 0x71, 0x68, 0xB2, 0x68, 0x89, 0x18, 0xAD, 0xF0, 0x58, 0xFB
	.byte 0x40, 0x46, 0xD2, 0xF7, 0x3B, 0xFF, 0x38, 0x62, 0x3C, 0x1C, 0x24, 0x34, 0x20, 0x1C, 0xCE, 0xF7
	.byte 0x55, 0xF9, 0x0E, 0x48, 0x00, 0x68, 0x00, 0x6F, 0x80, 0x21, 0xC9, 0x02, 0x08, 0x40, 0x00, 0x28
	.byte 0x0A, 0xD0, 0x38, 0x1C, 0x98, 0x30, 0x00, 0x21, 0x01, 0x80, 0x09, 0x49, 0x08, 0x98, 0xCE, 0xF7
	.byte 0xB9, 0xF9, 0x20, 0x1C, 0xCE, 0xF7, 0x42, 0xF9, 0x01, 0x20, 0x0C, 0xB0, 0x38, 0xBC, 0x98, 0x46
	.byte 0xA1, 0x46, 0xAA, 0x46, 0xF0, 0xBC, 0x02, 0xBC, 0x08, 0x47, 0x00, 0x00, 0xA0, 0x9B, 0x03, 0x02
	.byte 0x69, 0x22, 0x03, 0x08, 0xF0, 0xB5, 0x57, 0x46, 0x4E, 0x46, 0x45, 0x46, 0xE0, 0xB4, 0x87, 0xB0
	.byte 0x06, 0x1C, 0x04, 0x91, 0x0B, 0x4C, 0x27, 0x68, 0x3D, 0x1C, 0x18, 0x35, 0xFF, 0xF7, 0x62, 0xF9
	.byte 0x06, 0x90, 0xB8, 0x69, 0x05, 0x90, 0x69, 0x68, 0x8A, 0x46, 0x20, 0x68, 0x00, 0x22, 0x90, 0x46
	.byte 0x82, 0x66, 0x34, 0x1C, 0x94, 0x34, 0x20, 0x68, 0x06, 0x28, 0x05, 0xD0, 0x07, 0x28, 0x00, 0xD1
	.byte 0x86, 0xE1, 0xC7, 0xE1, 0xA0, 0x9B, 0x03, 0x02, 0x30, 0x1C, 0x98, 0x30, 0x00, 0x23, 0xC1, 0x5E
	.byte 0x81, 0x46, 0xB8, 0x24, 0xA4, 0x19, 0xA0, 0x46, 0x00, 0x29, 0x2E, 0xD1, 0xA8, 0x68, 0x00, 0x13
	.byte 0x00, 0x03, 0x20, 0x60, 0x49, 0x46, 0x08, 0x88, 0x01, 0x30, 0x08, 0x80, 0x30, 0x1C, 0xB0, 0x30
	.byte 0x00, 0x68, 0xC0, 0x12, 0x00, 0x28, 0x00, 0xDA, 0x03, 0x30, 0x82, 0x10, 0x30, 0x1C, 0xB4, 0x30
	.byte 0x00, 0x68, 0xC1, 0x12, 0xC0, 0x0F, 0x09, 0x18, 0x49, 0x10, 0x52, 0x03, 0x80, 0x20, 0x40, 0x01
	.byte 0x09, 0x03, 0x8A, 0x46, 0x80, 0x21, 0x09, 0x01, 0x02, 0x43, 0x05, 0x92, 0xBA, 0x61, 0x52, 0x46
	.byte 0x0A, 0x43, 0x92, 0x46, 0x6A, 0x60, 0x30, 0x1C, 0xAC, 0x30, 0x00, 0x68, 0x40, 0x89, 0xED, 0xF0
	.byte 0xC3, 0xF8, 0x28, 0x1C, 0xAD, 0xF0, 0x16, 0xF9, 0xE8, 0x60, 0x30, 0x1C, 0x08, 0x21, 0x01, 0x22
	.byte 0xFF, 0xF7, 0x4E, 0xF9, 0xA8, 0x68, 0x00, 0x12, 0x04, 0x30, 0x1F, 0x21, 0x08, 0x40, 0xF0, 0x82
	.byte 0x34, 0x1C, 0x08, 0x34, 0x20, 0x1C, 0xD2, 0xF7, 0xF5, 0xFE, 0x30, 0x62, 0x70, 0x8A, 0x27, 0x1C
	.byte 0x00, 0x28, 0x12, 0xD1, 0xF0, 0x8A, 0x08, 0x28, 0x02, 0xD0, 0x18, 0x28, 0x07, 0xD0, 0x0C, 0xE0
	.byte 0x30, 0x1C, 0xAC, 0x30, 0x00, 0x68, 0x00, 0x89, 0xED, 0xF0, 0x9E, 0xF8, 0x05, 0xE0, 0x30, 0x1C
	.byte 0xAC, 0x30, 0x00, 0x68, 0x40, 0x89, 0xED, 0xF0, 0x97, 0xF8, 0x43, 0x46, 0x18, 0x68, 0x00, 0x13
	.byte 0x00, 0x03, 0xA9, 0x68, 0x40, 0x1A, 0x41, 0x10, 0x08, 0x1C, 0x00, 0x29, 0x00, 0xDA, 0x48, 0x42
	.byte 0x18, 0x28, 0x01, 0xDC, 0x00, 0x21, 0x07, 0xE0, 0xC0, 0x20, 0x40, 0x00, 0x81, 0x42, 0x02, 0xDC
	.byte 0x23, 0x48, 0x81, 0x42, 0x00, 0xDA, 0x01, 0x1C, 0xA8, 0x68, 0x40, 0x18, 0xA8, 0x60, 0x00, 0x29
	.byte 0x46, 0xDA, 0x20, 0x4A, 0x28, 0x7D, 0x40, 0x00, 0x80, 0x18, 0x00, 0x24, 0x01, 0x5F, 0x28, 0x68
	.byte 0x40, 0x18, 0x28, 0x60, 0x28, 0x7D, 0x40, 0x30, 0x40, 0x00, 0x80, 0x18, 0x00, 0x22, 0x81, 0x5E
	.byte 0x68, 0x68, 0x40, 0x1A, 0x68, 0x60, 0x69, 0x46, 0x28, 0x1C, 0x1C, 0xC8, 0x1C, 0xC1, 0x00, 0x68
	.byte 0x08, 0x60, 0x43, 0x46, 0x18, 0x68, 0x14, 0x4C, 0x00, 0x19, 0x02, 0x90, 0x68, 0x46, 0xFE, 0xF7
	.byte 0xDD, 0xFF, 0x00, 0x06, 0x03, 0x0E, 0x00, 0x2B, 0x00, 0xD0, 0x9A, 0xE0, 0xCC, 0x20, 0x28, 0x61
	.byte 0x31, 0x1C, 0xA0, 0x31, 0x0D, 0x48, 0x08, 0x60, 0x32, 0x1C, 0xA4, 0x32, 0x11, 0x88, 0x04, 0x20
	.byte 0x08, 0x43, 0x10, 0x80, 0x31, 0x1C, 0x94, 0x31, 0x07, 0x20, 0x08, 0x60, 0x48, 0x46, 0x03, 0x80
	.byte 0x30, 0x1C, 0xAC, 0x30, 0x00, 0x68, 0x80, 0x89, 0xED, 0xF0, 0x3E, 0xF8, 0x81, 0xE0, 0x00, 0x00
	.byte 0x80, 0xFE, 0xFF, 0xFF, 0x00, 0x14, 0x12, 0x08, 0x00, 0xD8, 0xFF, 0xFF, 0x80, 0xFA, 0xFF, 0xFF
	.byte 0x00, 0x29, 0x37, 0xDD, 0x06, 0x99, 0x88, 0x42, 0x73, 0xDB, 0xA9, 0x60, 0x28, 0x7D, 0x80, 0x30
	.byte 0x00, 0x24, 0x28, 0x75, 0x15, 0x4A, 0x28, 0x7D, 0x40, 0x00, 0x80, 0x18, 0x00, 0x23, 0xC0, 0x5E
	.byte 0x81, 0x00, 0x09, 0x18, 0x49, 0x00, 0x28, 0x68, 0x40, 0x18, 0x28, 0x60, 0x28, 0x7D, 0x40, 0x30
	.byte 0x40, 0x00, 0x80, 0x18, 0x00, 0x21, 0x40, 0x5E, 0x40, 0x42, 0x81, 0x00, 0x09, 0x18, 0x49, 0x00
	.byte 0x68, 0x68, 0x40, 0x18, 0x68, 0x60, 0x30, 0x1C, 0x00, 0x21, 0x01, 0x22, 0xFF, 0xF7, 0xA0, 0xF8
	.byte 0x38, 0x1C, 0xD2, 0xF7, 0x4F, 0xFE, 0x30, 0x62, 0x30, 0x1C, 0x94, 0x30, 0x04, 0x60, 0x4A, 0x46
	.byte 0x14, 0x80, 0x03, 0x49, 0x04, 0x98, 0xCE, 0xF7, 0x8D, 0xF8, 0x42, 0xE0, 0x00, 0x14, 0x12, 0x08
	.byte 0xC9, 0x3B, 0x03, 0x08, 0x00, 0x29, 0x3C, 0xD1, 0xCE, 0xF7, 0x80, 0xFA, 0x40, 0x21, 0x01, 0x40
	.byte 0x00, 0x29, 0x11, 0xD1, 0xCE, 0xF7, 0x7A, 0xFA, 0x20, 0x21, 0x01, 0x40, 0x00, 0x29, 0x02, 0xD0
	.byte 0x28, 0x7D, 0xD3, 0x28, 0x08, 0xD0, 0xCE, 0xF7, 0x71, 0xFA, 0x10, 0x21, 0x01, 0x40, 0x00, 0x29
	.byte 0x09, 0xD0, 0x28, 0x7D, 0x2D, 0x28, 0x06, 0xD1, 0x43, 0x46, 0x18, 0x68, 0x00, 0x13, 0x01, 0x38
	.byte 0x00, 0x03, 0x18, 0x60, 0x1D, 0xE0, 0xCE, 0xF7, 0x61, 0xFA, 0x80, 0x21, 0x01, 0x40, 0x00, 0x29
	.byte 0x11, 0xD1, 0xCE, 0xF7, 0x5B, 0xFA, 0x10, 0x21, 0x01, 0x40, 0x00, 0x29, 0x02, 0xD0, 0x28, 0x7D
	.byte 0xD3, 0x28, 0x08, 0xD0, 0xCE, 0xF7, 0x52, 0xFA, 0x20, 0x21, 0x01, 0x40, 0x00, 0x29, 0x08, 0xD0
	.byte 0x28, 0x7D, 0x2D, 0x28, 0x05, 0xD1, 0x44, 0x46, 0x20, 0x68, 0x00, 0x13, 0x01, 0x30, 0x00, 0x03
	.byte 0x20, 0x60, 0xCE, 0xF7, 0x49, 0xFA, 0x02, 0x21, 0x01, 0x40, 0x00, 0x29, 0x00, 0xD1, 0x81, 0xE0
	.byte 0x31, 0x1C, 0xA0, 0x31, 0x00, 0x20, 0x08, 0x60, 0x49, 0x46, 0x08, 0x80, 0x31, 0x1C, 0x94, 0x31
	.byte 0x04, 0x20, 0x08, 0x60, 0x28, 0x7D, 0x80, 0x30, 0x28, 0x75, 0x80, 0x20, 0x28, 0x61, 0x32, 0x1C
	.byte 0xA4, 0x32, 0x11, 0x88, 0x04, 0x20, 0x08, 0x43, 0x10, 0x80, 0x13, 0x4A, 0x28, 0x7D, 0x40, 0x00
	.byte 0x80, 0x18, 0x00, 0x23, 0xC0, 0x5E, 0x81, 0x00, 0x09, 0x18, 0x49, 0x00, 0x28, 0x68, 0x40, 0x18
	.byte 0x28, 0x60, 0x28, 0x7D, 0x40, 0x30, 0x40, 0x00, 0x80, 0x18, 0x00, 0x24, 0x00, 0x5F, 0x40, 0x42
	.byte 0x81, 0x00, 0x09, 0x18, 0x49, 0x00, 0x68, 0x68, 0x40, 0x18, 0x68, 0x60, 0x30, 0x1C, 0x06, 0x21
	.byte 0x00, 0x22, 0xFF, 0xF7, 0x15, 0xF8, 0x38, 0x1C, 0xD2, 0xF7, 0xC4, 0xFD, 0x30, 0x62, 0x03, 0x49
	.byte 0x04, 0x98, 0xCE, 0xF7, 0x07, 0xF8, 0x45, 0xE0, 0x00, 0x14, 0x12, 0x08, 0xDD, 0x24, 0x03, 0x08
	.byte 0x30, 0x1C, 0x0B, 0x21, 0x00, 0x22, 0xFF, 0xF7, 0x03, 0xF8, 0x17, 0x4A, 0x28, 0x7D, 0x40, 0x00
	.byte 0x80, 0x18, 0x00, 0x23, 0xC1, 0x5E, 0x28, 0x69, 0x41, 0x43, 0x09, 0x12, 0xB8, 0x69, 0x40, 0x18
	.byte 0xB8, 0x61, 0x28, 0x7D, 0x40, 0x30, 0x40, 0x00, 0x80, 0x18, 0x00, 0x21, 0x40, 0x5E, 0x40, 0x42
	.byte 0x29, 0x69, 0x41, 0x43, 0x09, 0x12, 0x68, 0x68, 0x40, 0x18, 0x68, 0x60, 0x32, 0x1C, 0xA0, 0x32
	.byte 0x11, 0x68, 0x42, 0x31, 0x11, 0x60, 0xA8, 0x68, 0x40, 0x18, 0xA8, 0x60, 0x10, 0x68, 0x00, 0x28
	.byte 0x0E, 0xDD, 0x30, 0x1C, 0x98, 0x30, 0x42, 0x46, 0x02, 0x80, 0x04, 0x20, 0x20, 0x60, 0x03, 0x49
	.byte 0x04, 0x98, 0xCD, 0xF7, 0xCF, 0xFF, 0x08, 0xE0, 0x00, 0x14, 0x12, 0x08, 0xDD, 0x24, 0x03, 0x08
	.byte 0x31, 0x1C, 0x98, 0x31, 0x08, 0x88, 0x01, 0x30, 0x08, 0x80, 0x30, 0x1C, 0x08, 0x30, 0xD2, 0xF7
	.byte 0x2D, 0xFD, 0x30, 0x62, 0x28, 0x1C, 0xFE, 0xF7, 0xB1, 0xFE, 0x00, 0x06, 0x00, 0x28, 0x03, 0xD0
	.byte 0x05, 0x9B, 0x2B, 0x60, 0x54, 0x46, 0x6C, 0x60, 0x30, 0x1C, 0x38, 0x30, 0x29, 0x68, 0x6A, 0x68
	.byte 0xAB, 0x68, 0xDF, 0xF7, 0x7B, 0xF9, 0x28, 0x68, 0x69, 0x68, 0xAA, 0x68, 0x89, 0x18, 0xAD, 0xF0
	.byte 0x2F, 0xF9, 0x30, 0x1C, 0x24, 0x30, 0xCD, 0xF7, 0x31, 0xFF, 0x01, 0x20, 0x07, 0xB0, 0x38, 0xBC
	.byte 0x98, 0x46, 0xA1, 0x46, 0xAA, 0x46, 0xF0, 0xBC, 0x02, 0xBC, 0x08, 0x47
	thumb_func_start func_08033054
func_08033054: @ 08033054
	push {r4, r5, r6, lr}
	adds r6, r0, #0x0
	adds r4, r1, #0x0
	ldr r0, _080330CC @ =0x02039BA0
	ldr r0, [r0, #0x00]
	adds r5, r0, #0x0
	adds r5, #0x18
	bl func_08001390
	movs r1, #0x02
	ands r1, r0
	cmp r1, #0x00
	bne _0803309E
	bl func_08001390
	movs r1, #0x80
	ands r1, r0
	cmp r1, #0x00
	bne _0803309E
	ldrb r0, [r5, #0x14]
	cmp r0, #0xD3
	bne _0803308C
	bl func_08001390
	movs r1, #0x10
	ands r1, r0
	cmp r1, #0x00
	bne _0803309E
_0803308C:
	ldrb r0, [r5, #0x14]
	cmp r0, #0x2D
	bne _080330D4
	bl func_08001390
	movs r1, #0x20
	ands r1, r0
	cmp r1, #0x00
	beq _080330D4
_0803309E:
	adds r0, r6, #0x0
	adds r0, #0x98
	movs r2, #0x00
	strh r2, [r0, #0x00]
	adds r1, r6, #0x0
	adds r1, #0x94
	movs r0, #0x04
	str r0, [r1, #0x00]
	adds r0, r6, #0x0
	adds r0, #0xA0
	str r2, [r0, #0x00]
	ldrb r0, [r5, #0x14]
	adds r0, #0x80
	strb r0, [r5, #0x14]
	ldr r0, _080330CC @ =0x02039BA0
	ldr r0, [r0, #0x00]
	str r2, [r0, #0x68]
	ldr r1, _080330D0 @ =0x080324DD
	adds r0, r4, #0x0
	bl func_08000F8C
	movs r0, #0x01
	b _0803314A
_080330CC: .4byte 0x02039BA0
_080330D0: .4byte 0x080324DD
_080330D4:
	bl func_08001384
	movs r1, #0x40
	ands r1, r0
	cmp r1, #0x00
	bne _08033104
	ldrb r0, [r5, #0x14]
	cmp r0, #0xD3
	bne _080330F2
	bl func_08001384
	movs r1, #0x20
	ands r1, r0
	cmp r1, #0x00
	bne _08033104
_080330F2:
	ldrb r0, [r5, #0x14]
	cmp r0, #0x2D
	bne _08033148
	bl func_08001384
	movs r1, #0x10
	ands r1, r0
	cmp r1, #0x00
	beq _08033148
_08033104:
	adds r0, r6, #0x0
	adds r0, #0x98
	movs r4, #0x00
	strh r4, [r0, #0x00]
	adds r1, r6, #0x0
	adds r1, #0x94
	movs r0, #0x0A
	str r0, [r1, #0x00]
	ldr r0, _0803313C @ =0x00000133
	str r0, [r5, #0x10]
	adds r1, #0x0C
	ldr r0, _08033140 @ =0xFFFFFA40
	str r0, [r1, #0x00]
	adds r2, r6, #0x0
	adds r2, #0xA4
	ldrh r1, [r2, #0x00]
	movs r0, #0x04
	orrs r0, r1
	strh r0, [r2, #0x00]
	movs r0, #0x8E
	bl func_0811FE70
	ldr r0, _08033144 @ =0x02039BA0
	ldr r0, [r0, #0x00]
	str r4, [r0, #0x68]
	movs r0, #0x01
	b _0803314A
	.byte 0x00, 0x00
_0803313C: .4byte 0x00000133
_08033140: .4byte 0xFFFFFA40
_08033144: .4byte 0x02039BA0
_08033148:
	movs r0, #0x00
_0803314A:
	pop {r4, r5, r6}
	pop {r1}
	bx r1
	.byte 0xF0, 0xB5, 0x57, 0x46, 0x4E, 0x46, 0x45, 0x46, 0xE0, 0xB4, 0x87, 0xB0, 0x06, 0x1C, 0x88, 0x46
	.byte 0x0A, 0x48, 0x04, 0x68, 0x25, 0x1C, 0x18, 0x35, 0x00, 0x20, 0x82, 0x46, 0xA1, 0x69, 0x04, 0x91
	.byte 0x6A, 0x68, 0x05, 0x92, 0xA0, 0x66, 0x94, 0x23, 0x9B, 0x19, 0x99, 0x46, 0x18, 0x68, 0x09, 0x28
	.byte 0x65, 0xD0, 0x09, 0x28, 0x04, 0xD8, 0x08, 0x28, 0x05, 0xD0, 0xA8, 0xE0, 0xA0, 0x9B, 0x03, 0x02
	.byte 0x0A, 0x28, 0x66, 0xD0, 0xA3, 0xE0, 0x30, 0x1C, 0x98, 0x30, 0x00, 0x27, 0xC1, 0x5F, 0x06, 0x90
	.byte 0x00, 0x29, 0x1E, 0xD1, 0x69, 0x46, 0x28, 0x1C, 0x8C, 0xC8, 0x8C, 0xC1, 0x00, 0x68, 0x08, 0x60
	.byte 0x01, 0x98, 0x22, 0x49, 0x40, 0x18, 0x01, 0x90, 0x68, 0x46, 0xAC, 0xF0, 0xAF, 0xFE, 0xAC, 0x22
	.byte 0x92, 0x01, 0x80, 0x18, 0xA8, 0x60, 0x8D, 0x20, 0xEC, 0xF0, 0x52, 0xFE, 0xA0, 0x69, 0x69, 0x68
	.byte 0xAA, 0x68, 0xAC, 0xF0, 0xDF, 0xFE, 0x28, 0x75, 0x30, 0x1C, 0x09, 0x21, 0x00, 0x22, 0xFE, 0xF7
	.byte 0xDB, 0xFE, 0x06, 0x9B, 0x00, 0x27, 0xD8, 0x5F, 0x0F, 0x28, 0x06, 0xDD, 0x30, 0x1C, 0x41, 0x46
	.byte 0xFF, 0xF7, 0x30, 0xFF, 0x00, 0x06, 0x00, 0x0E, 0x82, 0x46, 0x11, 0x4A, 0x28, 0x7D, 0x40, 0x00
	.byte 0x80, 0x18, 0x00, 0x23, 0xC1, 0x5E, 0xA0, 0x69, 0x40, 0x18, 0xA0, 0x61, 0x28, 0x7D, 0x40, 0x30
	.byte 0x40, 0x00, 0x80, 0x18, 0x00, 0x27, 0xC1, 0x5F, 0x68, 0x68, 0x40, 0x1A, 0x68, 0x60, 0x34, 0x1C
	.byte 0x08, 0x34, 0x20, 0x1C, 0xD2, 0xF7, 0x7A, 0xFC, 0x00, 0x06, 0x00, 0x28, 0x0A, 0xD0, 0x50, 0x46
	.byte 0x00, 0x28, 0x07, 0xD1, 0x09, 0x20, 0x49, 0x46, 0x08, 0x60, 0x52, 0xE0, 0x00, 0xF6, 0xFF, 0xFF
	.byte 0x00, 0x14, 0x12, 0x08, 0x06, 0x9A, 0x10, 0x88, 0x01, 0x30, 0x10, 0x80, 0x49, 0xE0, 0x30, 0x1C
	.byte 0x0A, 0x21, 0x00, 0x22, 0xFE, 0xF7, 0xA0, 0xFE, 0x30, 0x1C, 0x41, 0x46, 0xFF, 0xF7, 0xFA, 0xFE
	.byte 0x3D, 0xE0, 0x30, 0x1C, 0x0B, 0x21, 0x00, 0x22, 0xFE, 0xF7, 0x96, 0xFE, 0x17, 0x4A, 0x28, 0x7D
	.byte 0x40, 0x00, 0x80, 0x18, 0x00, 0x23, 0xC1, 0x5E, 0x28, 0x69, 0x41, 0x43, 0x09, 0x12, 0xA0, 0x69
	.byte 0x40, 0x18, 0xA0, 0x61, 0x28, 0x7D, 0x40, 0x30, 0x40, 0x00, 0x80, 0x18, 0x00, 0x27, 0xC0, 0x5F
	.byte 0x40, 0x42, 0x29, 0x69, 0x41, 0x43, 0x09, 0x12, 0x68, 0x68, 0x40, 0x18, 0x68, 0x60, 0x32, 0x1C
	.byte 0xA0, 0x32, 0xA8, 0x68, 0x11, 0x68, 0x40, 0x18, 0xA8, 0x60, 0x10, 0x68, 0x42, 0x30, 0x10, 0x60
	.byte 0x00, 0x28, 0x0F, 0xDD, 0x30, 0x1C, 0x98, 0x30, 0x51, 0x46, 0x01, 0x80, 0x04, 0x20, 0x4A, 0x46
	.byte 0x10, 0x60, 0x03, 0x49, 0x40, 0x46, 0xCD, 0xF7, 0x61, 0xFE, 0x08, 0xE0, 0x00, 0x14, 0x12, 0x08
	.byte 0xDD, 0x24, 0x03, 0x08, 0x31, 0x1C, 0x98, 0x31, 0x08, 0x88, 0x01, 0x30, 0x08, 0x80, 0x34, 0x1C
	.byte 0x08, 0x34, 0x20, 0x1C, 0xD2, 0xF7, 0xBE, 0xFB, 0x30, 0x62, 0x28, 0x1C, 0xFE, 0xF7, 0x42, 0xFD
	.byte 0x00, 0x06, 0x00, 0x28, 0x03, 0xD0, 0x04, 0x9B, 0x2B, 0x60, 0x05, 0x9F, 0x6F, 0x60, 0x30, 0x1C
	.byte 0x38, 0x30, 0x29, 0x68, 0x6A, 0x68, 0xAB, 0x68, 0xDF, 0xF7, 0x0C, 0xF8, 0x28, 0x68, 0x69, 0x68
	.byte 0xAA, 0x68, 0x89, 0x18, 0xAC, 0xF0, 0xC0, 0xFF, 0x30, 0x1C, 0x24, 0x30, 0xCD, 0xF7, 0xC2, 0xFD
	.byte 0x01, 0x20, 0x07, 0xB0, 0x38, 0xBC, 0x98, 0x46, 0xA1, 0x46, 0xAA, 0x46, 0xF0, 0xBC, 0x02, 0xBC
	.byte 0x08, 0x47, 0x00, 0x00, 0xF0, 0xB5, 0x04, 0x1C, 0x07, 0x48, 0x00, 0x68, 0x06, 0x1C, 0x18, 0x36
	.byte 0x20, 0x1C, 0x94, 0x30, 0x00, 0x68, 0x0F, 0x38, 0x04, 0x28, 0x00, 0xD9, 0x73, 0xE1, 0x80, 0x00
	.byte 0x02, 0x49, 0x40, 0x18, 0x00, 0x68, 0x87, 0x46, 0xA0, 0x9B, 0x03, 0x02, 0x60, 0x33, 0x03, 0x08
	.byte 0x74, 0x33, 0x03, 0x08, 0x9A, 0x34, 0x03, 0x08, 0x38, 0x35, 0x03, 0x08, 0xD8, 0x35, 0x03, 0x08
	.byte 0x32, 0x36, 0x03, 0x08, 0x20, 0x1C, 0x98, 0x30, 0x00, 0x22, 0x81, 0x5E, 0x07, 0x1C, 0x25, 0x1C
	.byte 0x9A, 0x35, 0x00, 0x29, 0x37, 0xD1, 0x22, 0x1C, 0xA4, 0x32, 0x11, 0x88, 0x10, 0x20, 0x08, 0x43
	.byte 0x10, 0x80, 0x2D, 0x20, 0x30, 0x75, 0x20, 0x1C, 0x02, 0x21, 0x01, 0x22, 0xFE, 0xF7, 0xFC, 0xFD
	.byte 0x04, 0x48, 0x80, 0x7B, 0x00, 0x06, 0x00, 0x16, 0x00, 0x28, 0x05, 0xD1, 0xC8, 0x20, 0x80, 0x02
	.byte 0x04, 0xE0, 0x00, 0x00, 0xB0, 0x9B, 0x03, 0x02, 0x88, 0x20, 0x80, 0x02, 0x30, 0x60, 0xF0, 0x20
	.byte 0x00, 0x02, 0x70, 0x60, 0x22, 0x1C, 0x9A, 0x32, 0x00, 0x21, 0x1E, 0x20, 0x10, 0x80, 0xB1, 0x60
	.byte 0xF1, 0x60, 0x21, 0x1C, 0xB0, 0x31, 0x30, 0x68, 0x80, 0x23, 0x9B, 0x01, 0xC0, 0x18, 0x08, 0x60
	.byte 0x04, 0x31, 0x70, 0x68, 0x18, 0x4B, 0xC0, 0x18, 0x08, 0x60, 0x04, 0x31, 0xF0, 0x68, 0x17, 0x4B
	.byte 0xC0, 0x18, 0x08, 0x60, 0x15, 0x1C, 0x00, 0x21, 0x68, 0x5E, 0x00, 0x28, 0x1A, 0xDD, 0x20, 0x1C
	.byte 0xB0, 0x30, 0x01, 0x68, 0x2A, 0x88, 0x30, 0x1C, 0xD2, 0xF7, 0x78, 0xFA, 0x30, 0x1D, 0x21, 0x1C
	.byte 0xB4, 0x31, 0x09, 0x68, 0x2A, 0x88, 0xD2, 0xF7, 0x71, 0xFA, 0x30, 0x1C, 0x08, 0x30, 0x21, 0x1C
	.byte 0xB8, 0x31, 0x09, 0x68, 0x2A, 0x88, 0xD2, 0xF7, 0x69, 0xFA, 0xB0, 0x68, 0xF0, 0x60, 0x28, 0x88
	.byte 0x01, 0x38, 0x28, 0x80, 0x60, 0x8A, 0x00, 0x28, 0x17, 0xD1, 0xE0, 0x8A, 0x03, 0x28, 0x07, 0xD0
	.byte 0x07, 0x28, 0x0C, 0xD0, 0x11, 0xE0, 0x00, 0x00, 0x00, 0xF0, 0xFF, 0xFF, 0x00, 0xD8, 0xFF, 0xFF
	.byte 0x20, 0x1C, 0xAC, 0x30, 0x00, 0x68, 0x00, 0x88, 0xEC, 0xF0, 0x0A, 0xFD, 0x05, 0xE0, 0x20, 0x1C
	.byte 0xAC, 0x30, 0x00, 0x68, 0x40, 0x88, 0xEC, 0xF0, 0x03, 0xFD, 0x00, 0x22, 0xA8, 0x5E, 0x00, 0x28
	.byte 0x00, 0xDD, 0xAD, 0xE0, 0x00, 0x20, 0x38, 0x80, 0x20, 0x1C, 0xA4, 0x30, 0x01, 0x88, 0x20, 0x20
	.byte 0x08, 0x40, 0x00, 0x28, 0x04, 0xD0, 0x21, 0x1C, 0x94, 0x31, 0x10, 0x20, 0x08, 0x60, 0xD2, 0xE0
	.byte 0x21, 0x1C, 0x94, 0x31, 0x11, 0x20, 0x08, 0x60, 0xCD, 0xE0, 0x20, 0x1C, 0x98, 0x30, 0x00, 0x23
	.byte 0xC1, 0x5E, 0x07, 0x1C, 0x25, 0x1C, 0x9A, 0x35, 0x00, 0x29, 0x0D, 0xD1, 0x19, 0x20, 0x28, 0x80
	.byte 0x21, 0x1C, 0xB0, 0x31, 0x30, 0x68, 0x80, 0x22, 0x92, 0x01, 0x80, 0x18, 0x08, 0x60, 0x04, 0x31
	.byte 0x70, 0x68, 0x10, 0x4B, 0xC0, 0x18, 0x08, 0x60, 0x00, 0x21, 0x68, 0x5E, 0x00, 0x28, 0x10, 0xDD
	.byte 0x20, 0x1C, 0xB0, 0x30, 0x01, 0x68, 0x2A, 0x88, 0x30, 0x1C, 0xD2, 0xF7, 0x0F, 0xFA, 0x30, 0x1D
	.byte 0x21, 0x1C, 0xB4, 0x31, 0x09, 0x68, 0x2A, 0x88, 0xD2, 0xF7, 0x08, 0xFA, 0x28, 0x88, 0x01, 0x38
	.byte 0x28, 0x80, 0x60, 0x8A, 0x00, 0x28, 0x14, 0xD1, 0xE0, 0x8A, 0x03, 0x28, 0x04, 0xD0, 0x07, 0x28
	.byte 0x09, 0xD0, 0x0E, 0xE0, 0x00, 0xF0, 0xFF, 0xFF, 0x20, 0x1C, 0xAC, 0x30, 0x00, 0x68, 0x00, 0x88
	.byte 0xEC, 0xF0, 0xAE, 0xFC, 0x05, 0xE0, 0x20, 0x1C, 0xAC, 0x30, 0x00, 0x68, 0x40, 0x88, 0xEC, 0xF0
	.byte 0xA7, 0xFC, 0x00, 0x22, 0xA8, 0x5E, 0x00, 0x28, 0x52, 0xDC, 0x00, 0x20, 0x38, 0x80, 0x21, 0x1C
	.byte 0x94, 0x31, 0x12, 0x20, 0x08, 0x60, 0x7E, 0xE0, 0x20, 0x1C, 0x98, 0x30, 0x00, 0x23, 0xC1, 0x5E
	.byte 0x07, 0x1C, 0x25, 0x1C, 0x9A, 0x35, 0x00, 0x29, 0x0D, 0xD1, 0x19, 0x20, 0x28, 0x80, 0x21, 0x1C
	.byte 0xB0, 0x31, 0x30, 0x68, 0x80, 0x22, 0x92, 0x01, 0x80, 0x18, 0x08, 0x60, 0x04, 0x31, 0x70, 0x68
	.byte 0x10, 0x4B, 0xC0, 0x18, 0x08, 0x60, 0x00, 0x21, 0x68, 0x5E, 0x00, 0x28, 0x10, 0xDD, 0x20, 0x1C
	.byte 0xB0, 0x30, 0x01, 0x68, 0x2A, 0x88, 0x30, 0x1C, 0xD2, 0xF7, 0xC0, 0xF9, 0x30, 0x1D, 0x21, 0x1C
	.byte 0xB4, 0x31, 0x09, 0x68, 0x2A, 0x88, 0xD2, 0xF7, 0xB9, 0xF9, 0x28, 0x88, 0x01, 0x38, 0x28, 0x80
	.byte 0x60, 0x8A, 0x00, 0x28, 0x15, 0xD1, 0xE0, 0x8A, 0x03, 0x28, 0x05, 0xD0, 0x07, 0x28, 0x0A, 0xD0
	.byte 0x0F, 0xE0, 0x00, 0x00, 0x00, 0xF0, 0xFF, 0xFF, 0x20, 0x1C, 0xAC, 0x30, 0x00, 0x68, 0x00, 0x88
	.byte 0xEC, 0xF0, 0x5E, 0xFC, 0x05, 0xE0, 0x20, 0x1C, 0xAC, 0x30, 0x00, 0x68, 0x40, 0x88, 0xEC, 0xF0
	.byte 0x57, 0xFC, 0x00, 0x22, 0xA8, 0x5E, 0x00, 0x28, 0x02, 0xDC, 0x00, 0x20, 0x38, 0x80, 0x28, 0xE0
	.byte 0x38, 0x88, 0x01, 0x30, 0x38, 0x80, 0x2E, 0xE0, 0x25, 0x1C, 0x98, 0x35, 0x00, 0x23, 0xE8, 0x5E
	.byte 0x00, 0x28, 0x0C, 0xD1, 0x20, 0x1C, 0x0C, 0x21, 0x00, 0x22, 0xFE, 0xF7, 0xD5, 0xFC, 0x60, 0x68
	.byte 0xC0, 0x88, 0x10, 0x30, 0x00, 0x04, 0x00, 0x0C, 0x01, 0x21, 0xD2, 0xF7, 0x7B, 0xFE, 0x00, 0x21
	.byte 0x68, 0x5E, 0x28, 0x28, 0x06, 0xD1, 0x20, 0x1C, 0x24, 0x30, 0x31, 0x68, 0x72, 0x68, 0xB3, 0x68
	.byte 0x72, 0xF0, 0x0E, 0xF9, 0x29, 0x88, 0x00, 0x22, 0xA8, 0x5E, 0x8C, 0x28, 0x06, 0xDD, 0x00, 0x20
	.byte 0x28, 0x80, 0x21, 0x1C, 0x94, 0x31, 0x13, 0x20, 0x08, 0x60, 0x04, 0xE0, 0x48, 0x1C, 0x28, 0x80
	.byte 0x01, 0xE0, 0xAC, 0xF0, 0x23, 0xFB, 0x20, 0x1C, 0x38, 0x30, 0x31, 0x68, 0x72, 0x68, 0xB3, 0x68
	.byte 0xDE, 0xF7, 0x70, 0xFE, 0x30, 0x68, 0x71, 0x68, 0xB2, 0x68, 0x89, 0x18, 0xAC, 0xF0, 0x24, 0xFE
	.byte 0x20, 0x1C, 0x08, 0x30, 0xD2, 0xF7, 0x06, 0xFA, 0x20, 0x62, 0x20, 0x1C, 0x24, 0x30, 0xCD, 0xF7
	.byte 0x21, 0xFC, 0x01, 0x20, 0xF0, 0xBC, 0x02, 0xBC, 0x08, 0x47, 0x00, 0x00, 0xF0, 0xB5, 0x57, 0x46
	.byte 0x4E, 0x46, 0x45, 0x46, 0xE0, 0xB4, 0x82, 0xB0, 0x07, 0x1C, 0x8A, 0x46, 0x1C, 0x48, 0x80, 0x46
	.byte 0x04, 0x68, 0x26, 0x1C, 0x18, 0x36, 0xA1, 0x69, 0x00, 0x91, 0x72, 0x68, 0x01, 0x92, 0x38, 0x1C
	.byte 0x94, 0x30, 0x00, 0x68, 0x0B, 0x28, 0x00, 0xD0, 0x3A, 0xE2, 0x38, 0x1C, 0x98, 0x30, 0x00, 0x21
	.byte 0x45, 0x5E, 0x81, 0x46, 0x00, 0x2D, 0x0E, 0xD1, 0x38, 0x1C, 0x0D, 0x21, 0x00, 0x22, 0xFE, 0xF7
	.byte 0x73, 0xFC, 0x35, 0x61, 0x42, 0x46, 0x10, 0x68, 0x85, 0x66, 0x38, 0x1C, 0x9A, 0x30, 0x05, 0x80
	.byte 0x73, 0x20, 0xEC, 0xF0, 0xD5, 0xFB, 0x78, 0x8A, 0x3D, 0x1C, 0x08, 0x35, 0x00, 0x28, 0x00, 0xD0
	.byte 0x5A, 0xE1, 0x30, 0x7D, 0x53, 0x28, 0x45, 0xD0, 0x53, 0x28, 0x0F, 0xDC, 0x2D, 0x28, 0x00, 0xD1
	.byte 0x8A, 0xE0, 0x2D, 0x28, 0x06, 0xDC, 0x00, 0x28, 0x00, 0xD1, 0x1F, 0xE1, 0x4C, 0xE1, 0x00, 0x00
	.byte 0xA0, 0x9B, 0x03, 0x02, 0x40, 0x28, 0x00, 0xD1, 0xCC, 0xE0, 0x45, 0xE1, 0xAD, 0x28, 0x0B, 0xD0
	.byte 0xAD, 0x28, 0x03, 0xDC, 0x80, 0x28, 0x00, 0xD1, 0x98, 0xE0, 0x3D, 0xE1, 0xC0, 0x28, 0x00, 0xD1
	.byte 0xE1, 0xE0, 0xD3, 0x28, 0x47, 0xD0, 0x37, 0xE1, 0x28, 0x1C, 0xD2, 0xF7, 0x0B, 0xFA, 0x00, 0x04
	.byte 0x00, 0x0C, 0x01, 0x28, 0x12, 0xD0, 0x01, 0x28, 0x02, 0xDC, 0x00, 0x28, 0x03, 0xD0, 0x2B, 0xE1
	.byte 0x02, 0x28, 0x11, 0xD0, 0x28, 0xE1, 0xA0, 0x69, 0x03, 0x49, 0x40, 0x18, 0xA0, 0x61, 0x70, 0x68
	.byte 0x80, 0x22, 0xD2, 0x00, 0x80, 0x18, 0x1E, 0xE1, 0x00, 0xFB, 0xFF, 0xFF, 0xA0, 0x69, 0x01, 0x49
	.byte 0xDE, 0xE0, 0x00, 0x00, 0x00, 0xFE, 0xFF, 0xFF, 0xA0, 0x69, 0x01, 0x4A, 0xE0, 0xE0, 0x00, 0x00
	.byte 0x00, 0xFD, 0xFF, 0xFF, 0x28, 0x1C, 0xD2, 0xF7, 0xE5, 0xF9, 0x00, 0x04, 0x00, 0x0C, 0x01, 0x28
	.byte 0x11, 0xD0, 0x01, 0x28, 0x02, 0xDC, 0x00, 0x28, 0x03, 0xD0, 0x05, 0xE1, 0x02, 0x28, 0x0E, 0xD0
	.byte 0x02, 0xE1, 0xA0, 0x69, 0xA0, 0x21, 0xC9, 0x00, 0x40, 0x18, 0xA0, 0x61, 0x70, 0x68, 0x80, 0x22
	.byte 0xD2, 0x00, 0x80, 0x18, 0xF7, 0xE0, 0xA0, 0x69, 0x80, 0x21, 0x89, 0x00, 0xB8, 0xE0, 0xA0, 0x69
	.byte 0xC0, 0x22, 0x92, 0x00, 0xBC, 0xE0, 0x28, 0x1C, 0xD2, 0xF7, 0xC4, 0xF9, 0x00, 0x04, 0x00, 0x0C
	.byte 0x01, 0x28, 0x13, 0xD0, 0x01, 0x28, 0x02, 0xDC, 0x00, 0x28, 0x03, 0xD0, 0xE4, 0xE0, 0x02, 0x28
	.byte 0x12, 0xD0, 0xE1, 0xE0, 0x30, 0x68, 0x03, 0x4C, 0x00, 0x19, 0x30, 0x60, 0x70, 0x68, 0x02, 0x49
	.byte 0xD8, 0xE0, 0x00, 0x00, 0x00, 0xFB, 0xFF, 0xFF, 0x00, 0xFE, 0xFF, 0xFF, 0xA0, 0x69, 0x01, 0x4A
	.byte 0x9E, 0xE0, 0x00, 0x00, 0x00, 0xFB, 0xFF, 0xFF, 0x30, 0x68, 0x02, 0x4C, 0x00, 0x19, 0x30, 0x60
	.byte 0xCA, 0xE0, 0x00, 0x00, 0x00, 0xFE, 0xFF, 0xFF, 0x28, 0x1C, 0xD2, 0xF7, 0x9B, 0xF9, 0x00, 0x04
	.byte 0x00, 0x0C, 0x01, 0x28, 0x12, 0xD0, 0x01, 0x28, 0x02, 0xDC, 0x00, 0x28, 0x03, 0xD0, 0xBB, 0xE0
	.byte 0x02, 0x28, 0x0F, 0xD0, 0xB8, 0xE0, 0xA0, 0x69, 0xA0, 0x21, 0xC9, 0x00, 0x40, 0x18, 0xA0, 0x61
	.byte 0x70, 0x68, 0x01, 0x4A, 0x80, 0x18, 0xAE, 0xE0, 0x00, 0xFE, 0xFF, 0xFF, 0xA0, 0x69, 0xA0, 0x21
	.byte 0xC9, 0x00, 0x6D, 0xE0, 0xA0, 0x69, 0x80, 0x22, 0x92, 0x00, 0x71, 0xE0, 0x28, 0x1C, 0xD2, 0xF7
	.byte 0x79, 0xF9, 0x00, 0x04, 0x00, 0x0C, 0x01, 0x28, 0x14, 0xD0, 0x01, 0x28, 0x02, 0xDC, 0x00, 0x28
	.byte 0x05, 0xD0, 0x99, 0xE0, 0x02, 0x28, 0x14, 0xD0, 0x03, 0x28, 0x17, 0xD0, 0x94, 0xE0, 0xA0, 0x69
	.byte 0x03, 0x49, 0x40, 0x18, 0xA0, 0x61, 0x70, 0x68, 0x80, 0x22, 0xD2, 0x00, 0x80, 0x18, 0x8A, 0xE0
	.byte 0x00, 0xFD, 0xFF, 0xFF, 0xA0, 0x69, 0x80, 0x21, 0x49, 0x00, 0x40, 0x18, 0xA0, 0x61, 0x70, 0x68
	.byte 0x80, 0xE0, 0x70, 0x68, 0x80, 0x24, 0xA4, 0x00, 0x00, 0x19, 0x7C, 0xE0, 0x70, 0x68, 0x80, 0x21
	.byte 0x49, 0x00, 0x77, 0xE0, 0x28, 0x1C, 0xD2, 0xF7, 0x4D, 0xF9, 0x00, 0x04, 0x00, 0x0C, 0x01, 0x28
	.byte 0x11, 0xD0, 0x01, 0x28, 0x02, 0xDC, 0x00, 0x28, 0x03, 0xD0, 0x6D, 0xE0, 0x02, 0x28, 0x0E, 0xD0
	.byte 0x6A, 0xE0, 0xA0, 0x69, 0xE0, 0x22, 0xD2, 0x00, 0x80, 0x18, 0xA0, 0x61, 0x70, 0x68, 0x80, 0x24
	.byte 0x64, 0x00, 0x00, 0x19, 0x5F, 0xE0, 0xA0, 0x69, 0xC0, 0x21, 0x89, 0x00, 0x20, 0xE0, 0xA0, 0x69
	.byte 0x80, 0x22, 0x92, 0x00, 0x24, 0xE0, 0x28, 0x1C, 0xD2, 0xF7, 0x2C, 0xF9, 0x00, 0x04, 0x00, 0x0C
	.byte 0x01, 0x28, 0x13, 0xD0, 0x01, 0x28, 0x02, 0xDC, 0x00, 0x28, 0x03, 0xD0, 0x4C, 0xE0, 0x02, 0x28
	.byte 0x14, 0xD0, 0x49, 0xE0, 0xA0, 0x69, 0x04, 0x49, 0x40, 0x18, 0xA0, 0x61, 0x70, 0x68, 0x80, 0x22
	.byte 0x52, 0x00, 0x80, 0x18, 0x3F, 0xE0, 0x00, 0x00, 0x00, 0xF9, 0xFF, 0xFF, 0xA0, 0x69, 0x02, 0x49
	.byte 0x40, 0x18, 0xA0, 0x61, 0x38, 0xE0, 0x00, 0x00, 0x00, 0xFD, 0xFF, 0xFF, 0xA0, 0x69, 0x02, 0x4A
	.byte 0x80, 0x18, 0xA0, 0x61, 0x30, 0xE0, 0x00, 0x00, 0x00, 0xFE, 0xFF, 0xFF, 0x28, 0x1C, 0xD2, 0xF7
	.byte 0x01, 0xF9, 0x00, 0x04, 0x00, 0x0C, 0x01, 0x28, 0x10, 0xD0, 0x01, 0x28, 0x02, 0xDC, 0x00, 0x28
	.byte 0x05, 0xD0, 0x21, 0xE0, 0x02, 0x28, 0x0F, 0xD0, 0x03, 0x28, 0x19, 0xD0, 0x1C, 0xE0, 0x70, 0x68
	.byte 0x01, 0x4C, 0x00, 0x19, 0x17, 0xE0, 0x00, 0x00, 0x00, 0xFC, 0xFF, 0xFF, 0x70, 0x68, 0x01, 0x49
	.byte 0x10, 0xE0, 0x00, 0x00, 0x00, 0xFC, 0xFF, 0xFF, 0xA0, 0x69, 0x04, 0x4A, 0x80, 0x18, 0xA0, 0x61
	.byte 0x70, 0x68, 0x80, 0x24, 0x64, 0x00, 0x00, 0x19, 0x05, 0xE0, 0x00, 0x00, 0x00, 0xFF, 0xFF, 0xFF
	.byte 0x70, 0x68, 0x0B, 0x49, 0x40, 0x18, 0x70, 0x60, 0x28, 0x1C, 0xD2, 0xF7, 0xD3, 0xF8, 0x00, 0x04
	.byte 0x00, 0x0C, 0x02, 0x28, 0x64, 0xD1, 0x33, 0x7D, 0x53, 0x2B, 0x45, 0xD0, 0x53, 0x2B, 0x09, 0xDC
	.byte 0x2D, 0x2B, 0x0F, 0xD0, 0x2D, 0x2B, 0x3F, 0xDD, 0x40, 0x2B, 0x21, 0xD0, 0x3C, 0xE0, 0x00, 0x00
	.byte 0x00, 0xFF, 0xFF, 0xFF, 0xAD, 0x2B, 0x37, 0xD0, 0xAD, 0x2B, 0x35, 0xDD, 0xC0, 0x2B, 0x17, 0xD0
	.byte 0xD3, 0x2B, 0x31, 0xD1, 0x09, 0x4A, 0x58, 0x00, 0x80, 0x18, 0x00, 0x24, 0x01, 0x5F, 0x48, 0x00
	.byte 0x40, 0x18, 0x80, 0x00, 0x31, 0x68, 0x0C, 0x18, 0x18, 0x1C, 0x40, 0x30, 0x40, 0x00, 0x80, 0x18
	.byte 0x00, 0x21, 0x40, 0x5E, 0x40, 0x42, 0x41, 0x00, 0x30, 0xE0, 0x00, 0x00, 0x00, 0x14, 0x12, 0x08
	.byte 0x0C, 0x4A, 0x58, 0x00, 0x80, 0x18, 0x00, 0x24, 0x01, 0x5F, 0xC8, 0x00, 0x40, 0x1A, 0x80, 0x00
	.byte 0x40, 0x1A, 0x31, 0x68, 0x0C, 0x18, 0x18, 0x1C, 0x40, 0x30, 0x40, 0x00, 0x80, 0x18, 0x00, 0x22
	.byte 0x81, 0x5E, 0x49, 0x42, 0xC8, 0x00, 0x40, 0x1A, 0x80, 0x00, 0x40, 0x1A, 0x71, 0x68, 0x09, 0x18
	.byte 0x18, 0xE0, 0x00, 0x00, 0x00, 0x14, 0x12, 0x08, 0x16, 0x4A, 0x58, 0x00, 0x80, 0x18, 0x00, 0x24
	.byte 0x01, 0x5F, 0x88, 0x00, 0x40, 0x18, 0x80, 0x00, 0x31, 0x68, 0x0C, 0x18, 0x18, 0x1C, 0x40, 0x30
	.byte 0x40, 0x00, 0x80, 0x18, 0x00, 0x21, 0x40, 0x5E, 0x40, 0x42, 0x81, 0x00, 0x09, 0x18, 0x89, 0x00
	.byte 0x70, 0x68, 0x41, 0x18, 0xB2, 0x68, 0x0C, 0x48, 0x12, 0x18, 0x20, 0x1C, 0xAC, 0xF0, 0x30, 0xFC
	.byte 0x38, 0x1C, 0x08, 0x30, 0xD2, 0xF7, 0x5A, 0xF8, 0x00, 0x06, 0x00, 0x28, 0x4C, 0xD0, 0x30, 0x7D
	.byte 0x53, 0x28, 0x1F, 0xD0, 0x53, 0x28, 0x09, 0xDC, 0x00, 0x28, 0x2E, 0xD0, 0x2D, 0x28, 0x21, 0xD0
	.byte 0x2F, 0xE0, 0x00, 0x00, 0x00, 0x14, 0x12, 0x08, 0x00, 0xF8, 0xFF, 0xFF, 0xAD, 0x28, 0x07, 0xD0
	.byte 0xAD, 0x28, 0x02, 0xDC, 0x80, 0x28, 0x1B, 0xD0, 0x23, 0xE0, 0xD3, 0x28, 0x12, 0xD0, 0x20, 0xE0
	.byte 0x30, 0x68, 0x03, 0x49, 0x40, 0x18, 0x30, 0x60, 0x70, 0x68, 0x80, 0x22, 0x92, 0x00, 0x16, 0xE0
	.byte 0x00, 0xFE, 0xFF, 0xFF, 0x30, 0x68, 0x80, 0x21, 0x89, 0x00, 0x40, 0x18, 0x30, 0x60, 0x70, 0x68
	.byte 0x40, 0x18, 0x0D, 0xE0, 0x70, 0x68, 0x01, 0x4C, 0x00, 0x19, 0x09, 0xE0, 0x00, 0xFC, 0xFF, 0xFF
	.byte 0x70, 0x68, 0x80, 0x21, 0x89, 0x00, 0x40, 0x18, 0x02, 0xE0, 0x70, 0x68, 0x08, 0x4A, 0x80, 0x18
	.byte 0x70, 0x60, 0x38, 0x1C, 0x00, 0x21, 0x00, 0x22, 0xFE, 0xF7, 0x56, 0xFA, 0x38, 0x1C, 0x94, 0x30
	.byte 0x00, 0x21, 0x01, 0x60, 0x03, 0x49, 0x50, 0x46, 0xCD, 0xF7, 0x48, 0xFA, 0x08, 0xE0, 0x00, 0x00
	.byte 0x00, 0xFE, 0xFF, 0xFF, 0xC9, 0x3B, 0x03, 0x08, 0x4C, 0x46, 0x20, 0x88, 0x01, 0x30, 0x20, 0x80
	.byte 0x38, 0x1C, 0x64, 0x30, 0x00, 0x78, 0x00, 0x28, 0x18, 0xD0, 0xF8, 0x6E, 0x05, 0x28, 0x15, 0xD0
	.byte 0x05, 0x28, 0x02, 0xD8, 0x03, 0x28, 0x11, 0xD0, 0x01, 0xE0, 0x0B, 0x28, 0x0E, 0xD0, 0x38, 0x1C
	.byte 0x66, 0x30, 0x01, 0x88, 0x01, 0x20, 0x08, 0x40, 0x00, 0x28, 0x07, 0xD1, 0x30, 0x68, 0x39, 0x6F
	.byte 0x40, 0x18, 0x30, 0x60, 0x70, 0x68, 0x79, 0x6F, 0x40, 0x18, 0x70, 0x60, 0x30, 0x1C, 0xFE, 0xF7
	.byte 0x11, 0xF9, 0x00, 0x06, 0x00, 0x28, 0x03, 0xD0, 0x00, 0x98, 0x30, 0x60, 0x01, 0x99, 0x71, 0x60
	.byte 0x38, 0x1C, 0x38, 0x30, 0x31, 0x68, 0x72, 0x68, 0xB3, 0x68, 0xDE, 0xF7, 0xDB, 0xFB, 0x30, 0x68
	.byte 0x71, 0x68, 0xB2, 0x68, 0x89, 0x18, 0xAC, 0xF0, 0x8F, 0xFB, 0x38, 0x1C, 0x08, 0x30, 0xD1, 0xF7
	.byte 0x71, 0xFF, 0x38, 0x62, 0x38, 0x1C, 0x24, 0x30, 0xCD, 0xF7, 0x8C, 0xF9, 0x0C, 0x48, 0x00, 0x68
	.byte 0x00, 0x6F, 0x80, 0x21, 0xC9, 0x02, 0x08, 0x40, 0x00, 0x28, 0x07, 0xD0, 0x38, 0x1C, 0x98, 0x30
	.byte 0x00, 0x21, 0x01, 0x80, 0x07, 0x49, 0x50, 0x46, 0xCD, 0xF7, 0xF0, 0xF9, 0x01, 0x20, 0x02, 0xB0
	.byte 0x38, 0xBC, 0x98, 0x46, 0xA1, 0x46, 0xAA, 0x46, 0xF0, 0xBC, 0x02, 0xBC, 0x08, 0x47, 0x00, 0x00
	.byte 0xA0, 0x9B, 0x03, 0x02, 0x69, 0x22, 0x03, 0x08
	thumb_func_start task_fld_sora_1
task_fld_sora_1: @ 08033BC8
	push {r4, r5, r6, r7, lr}
	mov r7, r10
	mov r6, r9
	mov r5, r8
	push {r5, r6, r7}
	add sp, #-0x064
	adds r7, r0, #0x0
	mov r10, r1
	ldr r0, _08033C18 @ =0x02039BA0
	mov r8, r0
	ldr r1, [r0, #0x00]
	mov r9, r1
	mov r6, r9
	adds r6, #0x18
	adds r4, r7, #0x0
	adds r4, #0xA4
	ldrh r1, [r4, #0x00]
	movs r0, #0x08
	ands r0, r1
	lsls r0, r0, #0x10
	lsrs r5, r0, #0x10
	mov r2, r8
	cmp r5, #0x00
	beq _08033CA8
	ldr r0, _08033C1C @ =0x0000FFF7
	ands r0, r1
	strh r0, [r4, #0x00]
	adds r1, r7, #0x0
	adds r1, #0x94
	ldr r0, [r1, #0x00]
	subs r0, #0x02
	mov r9, r1
	cmp r0, #0x0A
	bhi _08033CA0
	lsls r0, r0, #0x02
	ldr r1, _08033C20 @ =0x08033C24
	adds r0, r0, r1
	ldr r0, [r0, #0x00]
	mov pc, r0
	.byte 0x00, 0x00
_08033C18: .4byte 0x02039BA0
_08033C1C: .4byte 0x0000FFF7
_08033C20: .4byte 0x08033C24
	.byte 0x56, 0x3C, 0x03, 0x08, 0x56, 0x3C, 0x03, 0x08, 0x56, 0x3C, 0x03, 0x08, 0x62, 0x3C, 0x03, 0x08
	.byte 0x6C, 0x3C, 0x03, 0x08, 0x6C, 0x3C, 0x03, 0x08, 0x90, 0x3C, 0x03, 0x08, 0x90, 0x3C, 0x03, 0x08
	.byte 0x90, 0x3C, 0x03, 0x08, 0xA0, 0x3C, 0x03, 0x08, 0x50, 0x3C, 0x03, 0x08, 0x03, 0x20, 0x4B, 0x46
	.byte 0x18, 0x60, 0x10, 0x68, 0x01, 0x6F, 0x80, 0x22, 0x12, 0x04, 0x11, 0x43, 0x01, 0x67, 0x01, 0x49
	.byte 0x15, 0xE0, 0x00, 0x00, 0xDD, 0x24, 0x03, 0x08, 0x06, 0x49, 0x50, 0x46, 0xCD, 0xF7, 0x8C, 0xF9
	.byte 0x05, 0x48, 0x01, 0x68, 0x00, 0x20, 0x88, 0x66, 0x39, 0x1C, 0x98, 0x31, 0x01, 0x20, 0x08, 0x80
	.byte 0x8E, 0xE2, 0x00, 0x00, 0x3D, 0x2C, 0x03, 0x08, 0xA0, 0x9B, 0x03, 0x02, 0x02, 0x49, 0x50, 0x46
	.byte 0xCD, 0xF7, 0x7A, 0xF9, 0x80, 0xE2, 0x00, 0x00, 0x51, 0x31, 0x03, 0x08
_08033CA0:
	movs r0, #0x00
	mov r4, r9
	str r0, [r4, #0x00]
	b _080341A4
_08033CA8:
	bl func_080DFC24
	lsls r0, r0, #0x18
	lsrs r1, r0, #0x18
	cmp r1, #0x00
	beq _08033CF0
	adds r0, r7, #0x0
	adds r0, #0x98
	strh r5, [r0, #0x00]
	ldr r1, _08033CEC @ =0x08033335
	mov r0, r10
	bl func_08000F8C
	adds r0, r7, #0x0
	adds r0, #0x24
	bl func_08000EA4
	adds r1, r7, #0x0
	adds r1, #0x94
	movs r0, #0x0F
	str r0, [r1, #0x00]
	bl func_080DFC24
	lsls r0, r0, #0x18
	lsrs r0, r0, #0x18
	cmp r0, #0x01
	beq _08033CE0
	b _080341D0
_08033CE0:
	ldrh r0, [r4, #0x00]
	movs r1, #0x20
	orrs r0, r1
	strh r0, [r4, #0x00]
	b _080341D0
	.byte 0x00, 0x00
_08033CEC: .4byte 0x08033335
_08033CF0:
	mov r5, r8
	ldr r0, [r5, #0x00]
	ldr r2, [r0, #0x70]
	movs r4, #0x80
	lsls r4, r4, #0x0B
	ands r4, r2
	cmp r4, #0x00
	beq _08033D14
	adds r0, r7, #0x0
	adds r0, #0x98
	strh r1, [r0, #0x00]
	ldr r1, _08033D10 @ =0x08032269
	mov r0, r10
	bl func_08000F8C
	b _080341C8
_08033D10: .4byte 0x08032269
_08033D14:
	mov r0, r9
	ldr r0, [r0, #0x18]
	str r0, [sp, #0x040]
	ldr r1, [r6, #0x04]
	str r1, [sp, #0x044]
	adds r0, r7, #0x0
	adds r0, #0x94
	ldr r1, [r0, #0x00]
	mov r9, r0
	cmp r1, #0x01
	bls _08033D2C
	b _08033E6C
_08033D2C:
	movs r4, #0x80
	lsls r4, r4, #0x07
	ands r2, r4
	cmp r2, #0x00
	bne _08033DA0
	adds r0, r6, #0x0
	bl func_08031F60
	mov r2, r8
	ldr r0, [r2, #0x00]
	ldr r0, [r0, #0x70]
	ands r0, r4
	cmp r0, #0x00
	bne _08033DA0
	bl func_08001384
	movs r1, #0xF0
	ands r1, r0
	cmp r1, #0x00
	beq _08033DA0
	ldr r0, [r6, #0x10]
	adds r0, #0x80
	str r0, [r6, #0x10]
	adds r0, r7, #0x0
	movs r1, #0x02
	movs r2, #0x01
	bl func_08031F98
	ldr r0, [r6, #0x10]
	ldr r1, _08033D80 @ =0x00000266
	cmp r0, r1
	ble _08033D6E
	str r1, [r6, #0x10]
_08033D6E:
	ldrh r0, [r7, #0x12]
	cmp r0, #0x00
	bne _08033DB8
	ldrh r0, [r7, #0x16]
	cmp r0, #0x03
	beq _08033D84
	cmp r0, #0x07
	beq _08033D92
	b _08033DB8
_08033D80: .4byte 0x00000266
_08033D84:
	adds r0, r7, #0x0
	adds r0, #0xAC
	ldr r0, [r0, #0x00]
	ldrh r0, [r0, #0x00]
	bl func_0811FE70
	b _08033DB8
_08033D92:
	adds r0, r7, #0x0
	adds r0, #0xAC
	ldr r0, [r0, #0x00]
	ldrh r0, [r0, #0x02]
	bl func_0811FE70
	b _08033DB8
_08033DA0:
	adds r0, r7, #0x0
	movs r1, #0x00
	movs r2, #0x01
	bl func_08031F98
	ldr r0, [r6, #0x10]
	subs r0, #0x80
	str r0, [r6, #0x10]
	cmp r0, #0x00
	bge _08033DB8
	movs r0, #0x00
	str r0, [r6, #0x10]
_08033DB8:
	ldr r3, _08033E30 @ =0x08121400
	ldrb r0, [r6, #0x14]
	lsls r0, r0, #0x01
	adds r0, r0, r3
	movs r4, #0x00
	ldsh r0, [r0, r4]
	ldr r2, [r6, #0x10]
	adds r1, r0, #0x0
	muls r1, r2
	asrs r1, r1, #0x08
	ldr r0, [r6, #0x00]
	adds r0, r0, r1
	str r0, [r6, #0x00]
	ldrb r0, [r6, #0x14]
	adds r0, #0x40
	lsls r0, r0, #0x01
	adds r0, r0, r3
	movs r5, #0x00
	ldsh r0, [r0, r5]
	negs r0, r0
	adds r1, r0, #0x0
	muls r1, r2
	asrs r1, r1, #0x08
	ldr r0, [r6, #0x04]
	adds r0, r0, r1
	str r0, [r6, #0x04]
	bl func_08001390
	movs r5, #0x02
	adds r1, r5, #0x0
	ands r1, r0
	lsls r1, r1, #0x10
	lsrs r4, r1, #0x10
	cmp r4, #0x00
	beq _08033E3C
	ldr r0, _08033E34 @ =0x02039BA0
	ldr r2, [r0, #0x00]
	movs r3, #0x00
	str r3, [r2, #0x68]
	ldr r0, [r2, #0x70]
	movs r1, #0x80
	lsls r1, r1, #0x10
	orrs r0, r1
	str r0, [r2, #0x70]
	adds r0, r7, #0x0
	adds r0, #0x98
	strh r3, [r0, #0x00]
	mov r0, r9
	str r5, [r0, #0x00]
	ldr r1, _08033E38 @ =0x080324DD
	mov r0, r10
	bl func_08000F8C
	adds r0, r7, #0x0
	adds r0, #0xAC
	ldr r0, [r0, #0x00]
	ldrh r0, [r0, #0x04]
	bl func_0811FE70
	b _08033E7E
_08033E30: .4byte 0x08121400
_08033E34: .4byte 0x02039BA0
_08033E38: .4byte 0x080324DD
_08033E3C:
	bl func_08001390
	movs r1, #0x01
	ands r1, r0
	cmp r1, #0x00
	beq _08033E7E
	adds r0, r7, #0x0
	adds r0, #0x98
	strh r4, [r0, #0x00]
	ldr r0, _08033E64 @ =0x02039BA0
	ldr r0, [r0, #0x00]
	str r4, [r0, #0x68]
	movs r0, #0x0B
	mov r1, r9
	str r0, [r1, #0x00]
	ldr r1, _08033E68 @ =0x0803366D
	mov r0, r10
	bl func_08000F8C
	b _08033E7E
_08033E64: .4byte 0x02039BA0
_08033E68: .4byte 0x0803366D
_08033E6C:
	adds r0, r7, #0x0
	adds r0, #0x08
	bl func_08005B1C
	lsls r0, r0, #0x18
	cmp r0, #0x00
	beq _08033E7E
	mov r2, r9
	str r4, [r2, #0x00]
_08033E7E:
	adds r0, r7, #0x0
	adds r0, #0x64
	ldrb r0, [r0, #0x00]
	cmp r0, #0x00
	beq _08033EC4
	ldr r0, [r7, #0x6C]
	cmp r0, #0x05
	beq _08033EC4
	cmp r0, #0x05
	bhi _08033E98
	cmp r0, #0x03
	beq _08033EC4
	b _08033E9C
_08033E98:
	cmp r0, #0x0B
	beq _08033EC4
_08033E9C:
	adds r0, r7, #0x0
	adds r0, #0x66
	ldrh r1, [r0, #0x00]
	movs r0, #0x01
	ands r0, r1
	cmp r0, #0x00
	bne _08033EC4
	ldr r1, [r6, #0x10]
	movs r0, #0xE6
	muls r0, r1
	asrs r0, r0, #0x08
	str r0, [r6, #0x10]
	ldr r0, [r6, #0x00]
	ldr r1, [r7, #0x70]
	adds r0, r0, r1
	str r0, [r6, #0x00]
	ldr r0, [r6, #0x04]
	ldr r1, [r7, #0x74]
	adds r0, r0, r1
	str r0, [r6, #0x04]
_08033EC4:
	adds r0, r6, #0x0
	bl func_08031D74
	lsls r0, r0, #0x18
	cmp r0, #0x00
	bne _08033ED2
	b _0803413E
_08033ED2:
	ldr r3, [sp, #0x040]
	str r3, [r6, #0x00]
	ldr r4, [sp, #0x044]
	str r4, [r6, #0x04]
	adds r0, r6, #0x0
	adds r1, r7, #0x0
	bl func_08031E48
	lsls r0, r0, #0x18
	lsrs r0, r0, #0x18
	cmp r0, #0x00
	beq _08033F30
	cmp r0, #0x01
	beq _08033F06
	cmp r0, #0x02
	beq _08033EF4
	b _0803413E
_08033EF4:
	adds r0, r7, #0x0
	adds r0, #0x98
	movs r1, #0x00
	strh r1, [r0, #0x00]
	movs r0, #0x06
	mov r5, r9
	str r0, [r5, #0x00]
	movs r0, #0xD3
	b _08033F16
_08033F06:
	adds r0, r7, #0x0
	adds r0, #0x98
	movs r1, #0x00
	strh r1, [r0, #0x00]
	movs r0, #0x06
	mov r2, r9
	str r0, [r2, #0x00]
	movs r0, #0x2D
_08033F16:
	strb r0, [r6, #0x14]
	ldr r0, _08033F28 @ =0x02039BA0
	ldr r0, [r0, #0x00]
	str r1, [r0, #0x68]
	ldr r1, _08033F2C @ =0x08032C3D
	mov r0, r10
	bl func_08000F8C
	b _0803413E
_08033F28: .4byte 0x02039BA0
_08033F2C: .4byte 0x08032C3D
_08033F30:
	adds r0, r6, #0x0
	bl func_08031EC4
	lsls r0, r0, #0x18
	cmp r0, #0x00
	beq _08033F60
	ldr r0, [r7, #0x04]
	ldrh r0, [r0, #0x06]
	adds r0, #0x10
	lsls r0, r0, #0x10
	lsrs r0, r0, #0x10
	movs r1, #0x01
	bl func_080062F4
	ldr r0, _08033F5C @ =0x02039BA0
	ldr r2, [r0, #0x00]
	ldr r0, [r2, #0x70]
	movs r1, #0x10
	orrs r0, r1
	str r0, [r2, #0x70]
	b _080341D0
	.byte 0x00, 0x00
_08033F5C: .4byte 0x02039BA0
_08033F60:
	ldrb r0, [r6, #0x14]
	cmp r0, #0x53
	beq _08033FAC
	cmp r0, #0x53
	bgt _08033F7E
	cmp r0, #0x2D
	beq _08033FD4
	cmp r0, #0x2D
	bgt _08033F78
	cmp r0, #0x00
	beq _08034000
	b _0803404C
_08033F78:
	cmp r0, #0x40
	beq _08034018
	b _0803404C
_08033F7E:
	cmp r0, #0xAD
	beq _08033F96
	cmp r0, #0xAD
	bgt _08033F8C
	cmp r0, #0x80
	beq _08033FE8
	b _0803404C
_08033F8C:
	cmp r0, #0xC0
	beq _08034030
	cmp r0, #0xD3
	beq _08033FBE
	b _0803404C
_08033F96:
	ldr r2, _08033FA8 @ =0xFFFFFF00
	movs r3, #0x00
	str r3, [sp, #0x048]
	mov r8, r3
	movs r4, #0xC0
	lsls r4, r4, #0x01
	str r4, [sp, #0x060]
	b _08034058
	.byte 0x00, 0x00
_08033FA8: .4byte 0xFFFFFF00
_08033FAC:
	movs r2, #0x80
	lsls r2, r2, #0x01
	movs r5, #0x00
	str r5, [sp, #0x048]
	mov r8, r5
	movs r0, #0xC0
	lsls r0, r0, #0x01
	str r0, [sp, #0x060]
	b _08034058
_08033FBE:
	ldr r2, _08033FCC @ =0xFFFFFF00
	movs r1, #0x00
	str r1, [sp, #0x048]
	mov r8, r1
	ldr r3, _08033FD0 @ =0xFFFFFE80
	str r3, [sp, #0x060]
	b _08034058
_08033FCC: .4byte 0xFFFFFF00
_08033FD0: .4byte 0xFFFFFE80
_08033FD4:
	movs r2, #0x80
	lsls r2, r2, #0x01
	movs r4, #0x00
	str r4, [sp, #0x048]
	mov r8, r4
	ldr r5, _08033FE4 @ =0xFFFFFE80
	str r5, [sp, #0x060]
	b _08034058
_08033FE4: .4byte 0xFFFFFE80
_08033FE8:
	ldr r2, _08033FFC @ =0xFFFFFE00
	movs r0, #0xC0
	str r0, [sp, #0x048]
	movs r1, #0x80
	lsls r1, r1, #0x02
	mov r8, r1
	movs r3, #0xC0
	str r3, [sp, #0x060]
	b _08034058
	.byte 0x00, 0x00
_08033FFC: .4byte 0xFFFFFE00
_08034000:
	ldr r2, _08034014 @ =0xFFFFFE00
	movs r4, #0xC0
	negs r4, r4
	str r4, [sp, #0x048]
	movs r5, #0x80
	lsls r5, r5, #0x02
	mov r8, r5
	str r4, [sp, #0x060]
	b _08034058
	.byte 0x00, 0x00
_08034014: .4byte 0xFFFFFE00
_08034018:
	movs r2, #0xC0
	lsls r2, r2, #0x01
	ldr r0, _08034028 @ =0xFFFFFECD
	str r0, [sp, #0x048]
	mov r8, r2
	ldr r1, _0803402C @ =0x00000133
	str r1, [sp, #0x060]
	b _08034058
_08034028: .4byte 0xFFFFFECD
_0803402C: .4byte 0x00000133
_08034030:
	ldr r2, _08034040 @ =0xFFFFFE80
	ldr r3, _08034044 @ =0xFFFFFECD
	str r3, [sp, #0x048]
	mov r8, r2
	ldr r4, _08034048 @ =0x00000133
	str r4, [sp, #0x060]
	b _08034058
	.byte 0x00, 0x00
_08034040: .4byte 0xFFFFFE80
_08034044: .4byte 0xFFFFFECD
_08034048: .4byte 0x00000133
_0803404C:
	movs r5, #0x00
	str r5, [sp, #0x060]
	mov r8, r5
	movs r0, #0x00
	str r0, [sp, #0x048]
	movs r2, #0x00
_08034058:
	mov r1, sp
	adds r1, #0x10
	str r1, [sp, #0x054]
	mov r12, r1
	str r6, [sp, #0x05C]
	mov r3, r12
	adds r4, r6, #0x0
	ldm r4!, {r0, r1, r5}
	stm r3!, {r0, r1, r5}
	ldr r0, [r4, #0x00]
	str r0, [r3, #0x00]
	mov r12, sp
	ldr r3, [sp, #0x054]
	str r3, [sp, #0x05C]
	mov r4, r12
	adds r5, r3, #0x0
	ldm r5!, {r0, r1, r3}
	stm r4!, {r0, r1, r3}
	ldr r0, [r5, #0x00]
	str r0, [r4, #0x00]
	ldr r0, [sp, #0x000]
	adds r0, r0, r2
	str r0, [sp, #0x000]
	ldr r0, [sp, #0x004]
	ldr r4, [sp, #0x048]
	adds r0, r0, r4
	str r0, [sp, #0x004]
	ldr r0, [sp, #0x010]
	add r0, r8
	str r0, [sp, #0x010]
	ldr r5, [sp, #0x054]
	ldr r0, [r5, #0x04]
	ldr r1, [sp, #0x060]
	adds r0, r0, r1
	str r0, [r5, #0x04]
	mov r0, sp
	str r2, [sp, #0x04C]
	bl func_08031D74
	adds r4, r0, #0x0
	lsls r4, r4, #0x18
	lsrs r4, r4, #0x18
	ldr r0, [sp, #0x054]
	bl func_08031D74
	lsls r0, r0, #0x18
	lsrs r0, r0, #0x18
	ldr r2, [sp, #0x04C]
	cmp r4, #0x00
	beq _080340FA
	cmp r0, #0x00
	bne _0803413A
	mov r2, sp
	adds r2, #0x20
	str r2, [sp, #0x058]
	adds r1, r2, #0x0
	adds r0, r6, #0x0
	ldm r0!, {r3, r4, r5}
	stm r1!, {r3, r4, r5}
	ldr r0, [r0, #0x00]
	str r0, [r1, #0x00]
	ldr r0, [sp, #0x020]
	add r0, r8
	str r0, [sp, #0x020]
	ldr r0, [r2, #0x04]
	ldr r1, [sp, #0x060]
	adds r0, r0, r1
	str r0, [r2, #0x04]
	ldr r0, [sp, #0x058]
	bl func_08031DF8
	ldr r2, [sp, #0x058]
	str r0, [r2, #0x0C]
	ldr r1, [r2, #0x08]
	cmp r0, r1
	blt _0803413A
	adds r0, r6, #0x0
	ldr r1, [sp, #0x058]
	ldm r1!, {r3, r4, r5}
	stm r0!, {r3, r4, r5}
	b _08034136
_080340FA:
	cmp r0, #0x00
	beq _0803413A
	add r0, sp, #0x030
	mov r8, r0
	mov r1, r8
	adds r0, r6, #0x0
	ldm r0!, {r3, r4, r5}
	stm r1!, {r3, r4, r5}
	ldr r0, [r0, #0x00]
	str r0, [r1, #0x00]
	ldr r0, [sp, #0x030]
	adds r0, r0, r2
	str r0, [sp, #0x030]
	mov r1, r8
	ldr r0, [r1, #0x04]
	ldr r2, [sp, #0x048]
	adds r0, r0, r2
	str r0, [r1, #0x04]
	mov r0, r8
	bl func_08031DF8
	mov r3, r8
	str r0, [r3, #0x0C]
	ldr r1, [r3, #0x08]
	cmp r0, r1
	blt _0803413A
	adds r0, r6, #0x0
	mov r1, r8
	ldm r1!, {r2, r4, r5}
	stm r0!, {r2, r4, r5}
_08034136:
	ldr r1, [r1, #0x00]
	str r1, [r0, #0x00]
_0803413A:
	movs r0, #0x00
	str r0, [r6, #0x10]
_0803413E:
	adds r0, r7, #0x0
	bl func_08031F1C
	adds r2, r0, #0x0
	ldr r1, [r6, #0x0C]
	movs r0, #0x80
	lsls r0, r0, #0x0D
	cmp r1, r0
	bne _08034156
	ldr r0, [r6, #0x08]
	str r0, [r6, #0x0C]
	b _080341A4
_08034156:
	ldr r0, [r6, #0x08]
	cmp r2, r0
	beq _08034198
	ldr r0, [r6, #0x10]
	asrs r0, r0, #0x02
	str r0, [r6, #0x10]
	adds r0, r7, #0x0
	adds r0, #0xA0
	movs r1, #0x00
	str r1, [r0, #0x00]
	subs r0, #0x08
	strh r1, [r0, #0x00]
	ldr r0, _08034190 @ =0x02039BA0
	ldr r2, [r0, #0x00]
	str r1, [r2, #0x68]
	ldr r0, [r2, #0x70]
	movs r1, #0x80
	lsls r1, r1, #0x10
	orrs r0, r1
	str r0, [r2, #0x70]
	movs r0, #0x04
	mov r3, r9
	str r0, [r3, #0x00]
	ldr r1, _08034194 @ =0x080324DD
	mov r0, r10
	bl func_08000F8C
	b _080341A4
	.byte 0x00, 0x00
_08034190: .4byte 0x02039BA0
_08034194: .4byte 0x080324DD
_08034198:
	cmp r2, r1
	beq _080341A4
	ldr r0, _080341E4 @ =0x02039BA0
	ldr r1, [r0, #0x00]
	movs r0, #0x00
	str r0, [r1, #0x68]
_080341A4:
	adds r0, r7, #0x0
	adds r0, #0x38
	ldr r1, [r6, #0x00]
	ldr r2, [r6, #0x04]
	ldr r3, [r6, #0x08]
	bl func_08012324
	ldr r0, [r6, #0x00]
	ldr r1, [r6, #0x04]
	ldr r2, [r6, #0x08]
	adds r1, r1, r2
	bl func_080E0298
	adds r0, r7, #0x0
	adds r0, #0x08
	bl func_08005A64
	str r0, [r7, #0x20]
_080341C8:
	adds r0, r7, #0x0
	adds r0, #0x24
	bl func_08000EA4
_080341D0:
	movs r0, #0x01
	add sp, #0x064
	pop {r3, r4, r5}
	mov r8, r3
	mov r9, r4
	mov r10, r5
	pop {r4, r5, r6, r7}
	pop {r1}
	bx r1
	.byte 0x00, 0x00
_080341E4: .4byte 0x02039BA0
	thumb_func_start task_fld_sora_2
task_fld_sora_2: @ 080341E8
	push {r4, r5, r6, r7, lr}
	add sp, #-0x010
	adds r5, r0, #0x0
	ldr r0, _08034244 @ =0x02039BA0
	ldr r0, [r0, #0x00]
	adds r4, r0, #0x0
	adds r4, #0x18
	adds r0, r5, #0x0
	adds r0, #0xA4
	ldrh r2, [r0, #0x00]
	movs r0, #0x02
	ands r0, r2
	movs r7, #0x80
	lsls r7, r7, #0x04
	cmp r0, #0x00
	beq _0803420A
	adds r7, #0x01
_0803420A:
	adds r0, r5, #0x0
	adds r0, #0xBC
	ldrb r0, [r0, #0x00]
	cmp r0, #0x00
	beq _08034252
	adds r0, r5, #0x0
	adds r0, #0x80
	ldr r1, [r0, #0x00]
	asrs r1, r1, #0x08
	lsls r1, r1, #0x02
	ldr r2, _08034248 @ =0xFFFFEFFA
	adds r0, r2, #0x0
	subs r0, r0, r1
	lsls r0, r0, #0x10
	lsrs r6, r0, #0x10
	adds r0, r5, #0x0
	adds r0, #0x84
	ldr r1, [r0, #0x00]
	ldr r0, [r5, #0x48]
	cmp r1, r0
	bgt _0803424C
	movs r0, #0x00
	strh r0, [r4, #0x3A]
	adds r0, r4, #0x0
	bl func_080DFF1C
	str r0, [r4, #0x3C]
	b _0803428C
	.byte 0x00, 0x00
_08034244: .4byte 0x02039BA0
_08034248: .4byte 0xFFFFEFFA
_0803424C:
	ldr r0, [r5, #0x78]
	str r0, [r4, #0x3C]
	b _08034288
_08034252:
	ldr r0, [r4, #0x04]
	asrs r0, r0, #0x08
	lsls r0, r0, #0x02
	ldr r3, _08034270 @ =0xFFFFEFFC
	adds r1, r3, #0x0
	subs r1, r1, r0
	lsls r1, r1, #0x10
	lsrs r6, r1, #0x10
	movs r0, #0x10
	ands r0, r2
	cmp r0, #0x00
	beq _08034274
	ldr r0, [r4, #0x0C]
	b _0803427A
	.byte 0x00, 0x00
_08034270: .4byte 0xFFFFEFFC
_08034274:
	adds r0, r4, #0x0
	bl func_080DFF1C
_0803427A:
	str r0, [r4, #0x3C]
	ldr r1, [r4, #0x3C]
	ldr r0, [r4, #0x0C]
	cmp r1, r0
	beq _08034288
	movs r0, #0x00
	b _0803428A
_08034288:
	adds r0, r6, #0x1
_0803428A:
	strh r0, [r4, #0x3A]
_0803428C:
	ldr r0, [r4, #0x00]
	asrs r0, r0, #0x08
	ldr r1, _080342D8 @ =0x02039BA0
	ldr r3, [r1, #0x00]
	ldr r1, [r3, #0x00]
	asrs r1, r1, #0x08
	subs r0, r0, r1
	ldr r1, [r4, #0x04]
	asrs r1, r1, #0x08
	ldr r2, [r4, #0x08]
	asrs r2, r2, #0x08
	adds r1, r1, r2
	ldr r2, [r3, #0x04]
	asrs r2, r2, #0x08
	subs r1, r1, r2
	lsls r0, r0, #0x10
	asrs r0, r0, #0x10
	lsls r1, r1, #0x10
	asrs r1, r1, #0x10
	ldr r2, [r5, #0x20]
	ldr r3, [r5, #0x00]
	ldr r4, [r5, #0x04]
	str r4, [sp, #0x000]
	movs r4, #0x00
	str r4, [sp, #0x004]
	str r7, [sp, #0x008]
	str r6, [sp, #0x00C]
	bl func_080023E0
	adds r0, r5, #0x0
	adds r0, #0x24
	bl func_08000EE0
	add sp, #0x010
	pop {r4, r5, r6, r7}
	pop {r0}
	bx r0
	.byte 0x00, 0x00
_080342D8: .4byte 0x02039BA0
	thumb_func_start task_fld_sora_3
task_fld_sora_3: @ 080342DC
	push {r4, r5, r6, r7, lr}
	adds r4, r0, #0x0
	ldr r0, _08034348 @ =0x02039BA0
	ldr r0, [r0, #0x00]
	adds r5, r0, #0x0
	adds r5, #0x18
	ldr r0, [r4, #0x00]
	bl func_080028C0
	ldr r0, [r4, #0x04]
	bl func_08002C10
	adds r0, r4, #0x0
	adds r0, #0x38
	bl func_08012304
	ldr r2, _0803434C @ =0x02039BB0
	ldrb r0, [r2, #0x00]
	cmp r0, #0x00
	beq _08034350
	ldr r0, [r5, #0x10]
	str r0, [r2, #0x28]
	adds r1, r2, #0x0
	adds r1, #0x14
	adds r0, r5, #0x0
	ldm r0!, {r3, r6, r7}
	stm r1!, {r3, r6, r7}
	ldr r0, [r0, #0x00]
	str r0, [r1, #0x00]
	ldrb r1, [r5, #0x14]
	adds r0, r2, #0x0
	adds r0, #0x24
	strb r1, [r0, #0x00]
	adds r0, r4, #0x0
	adds r0, #0x94
	ldr r0, [r0, #0x00]
	strh r0, [r2, #0x30]
	adds r0, r4, #0x0
	adds r0, #0xA0
	ldr r0, [r0, #0x00]
	str r0, [r2, #0x2C]
	adds r0, r4, #0x0
	adds r0, #0xB0
	ldr r0, [r0, #0x00]
	str r0, [r2, #0x34]
	adds r0, r4, #0x0
	adds r0, #0xB4
	ldr r0, [r0, #0x00]
	str r0, [r2, #0x38]
	adds r0, r4, #0x0
	adds r0, #0xB8
	ldr r0, [r0, #0x00]
	str r0, [r2, #0x3C]
	b _08034358
_08034348: .4byte 0x02039BA0
_0803434C: .4byte 0x02039BB0
_08034350:
	ldrb r1, [r5, #0x14]
	adds r0, r2, #0x0
	adds r0, #0x24
	strb r1, [r0, #0x00]
_08034358:
	adds r0, r4, #0x0
	adds r0, #0x24
	bl func_08000F0C
	pop {r4, r5, r6, r7}
	pop {r0}
	bx r0
	.byte 0x00, 0x00
	thumb_func_start func_08034368
func_08034368: @ 08034368
	push {r4, r5, lr}
	adds r4, r0, #0x0
	bl func_08001384
	movs r1, #0x20
	ands r1, r0
	cmp r1, #0x00
	beq _08034388
	bl func_08001384
	movs r1, #0x80
	ands r1, r0
	cmp r1, #0x00
	beq _08034388
	movs r0, #0xAD
	b _08034510
_08034388:
	bl func_08001384
	movs r1, #0x40
	ands r1, r0
	cmp r1, #0x00
	beq _080343A4
	bl func_08001384
	movs r1, #0x20
	ands r1, r0
	cmp r1, #0x00
	beq _080343A4
	movs r0, #0xD3
	b _08034510
_080343A4:
	bl func_08001384
	movs r1, #0x40
	ands r1, r0
	cmp r1, #0x00
	beq _080343C0
	bl func_08001384
	movs r1, #0x10
	ands r1, r0
	cmp r1, #0x00
	beq _080343C0
	movs r0, #0x2D
	b _08034510
_080343C0:
	bl func_08001384
	movs r1, #0x10
	ands r1, r0
	cmp r1, #0x00
	beq _080343DC
	bl func_08001384
	movs r1, #0x80
	ands r1, r0
	cmp r1, #0x00
	beq _080343DC
	movs r0, #0x53
	b _08034510
_080343DC:
	bl func_08001384
	movs r1, #0x80
	ands r1, r0
	cmp r1, #0x00
	beq _080343FA
	movs r0, #0x20
	bl func_08001534
	lsls r0, r0, #0x18
	lsrs r0, r0, #0x18
	cmp r0, #0x04
	bhi _080343FA
	movs r0, #0xAD
	b _08034510
_080343FA:
	bl func_08001384
	movs r1, #0x80
	ands r1, r0
	cmp r1, #0x00
	beq _08034418
	movs r0, #0x10
	bl func_08001534
	lsls r0, r0, #0x18
	lsrs r0, r0, #0x18
	cmp r0, #0x04
	bhi _08034418
	movs r0, #0x53
	b _08034510
_08034418:
	bl func_08001384
	movs r1, #0x40
	ands r1, r0
	cmp r1, #0x00
	beq _08034436
	movs r0, #0x20
	bl func_08001534
	lsls r0, r0, #0x18
	lsrs r0, r0, #0x18
	cmp r0, #0x04
	bhi _08034436
	movs r0, #0xD3
	b _08034510
_08034436:
	bl func_08001384
	movs r1, #0x40
	ands r1, r0
	cmp r1, #0x00
	beq _08034454
	movs r0, #0x10
	bl func_08001534
	lsls r0, r0, #0x18
	lsrs r0, r0, #0x18
	cmp r0, #0x04
	bhi _08034454
	movs r0, #0x2D
	b _08034510
_08034454:
	bl func_08001384
	movs r1, #0x20
	ands r1, r0
	cmp r1, #0x00
	beq _08034472
	movs r0, #0x40
	bl func_08001534
	lsls r0, r0, #0x18
	lsrs r0, r0, #0x18
	cmp r0, #0x04
	bhi _08034472
	movs r0, #0xD3
	b _08034510
_08034472:
	bl func_08001384
	movs r1, #0x20
	ands r1, r0
	cmp r1, #0x00
	beq _08034490
	movs r0, #0x80
	bl func_08001534
	lsls r0, r0, #0x18
	lsrs r0, r0, #0x18
	cmp r0, #0x04
	bhi _08034490
	movs r0, #0xAD
	b _08034510
_08034490:
	bl func_08001384
	movs r1, #0x10
	ands r1, r0
	cmp r1, #0x00
	beq _080344AE
	movs r0, #0x40
	bl func_08001534
	lsls r0, r0, #0x18
	lsrs r0, r0, #0x18
	cmp r0, #0x04
	bhi _080344AE
	movs r0, #0x2D
	b _08034510
_080344AE:
	bl func_08001384
	movs r1, #0x10
	ands r1, r0
	cmp r1, #0x00
	beq _080344CC
	movs r0, #0x80
	bl func_08001534
	lsls r0, r0, #0x18
	lsrs r0, r0, #0x18
	cmp r0, #0x04
	bhi _080344CC
	movs r0, #0x53
	b _08034510
_080344CC:
	bl func_08001384
	movs r2, #0x80
	adds r1, r2, #0x0
	ands r1, r0
	lsls r1, r1, #0x10
	lsrs r5, r1, #0x10
	cmp r5, #0x00
	beq _080344E2
	strb r2, [r4, #0x14]
	b _08034512
_080344E2:
	bl func_08001384
	movs r1, #0x40
	ands r1, r0
	cmp r1, #0x00
	beq _080344F2
	strb r5, [r4, #0x14]
	b _08034512
_080344F2:
	bl func_08001384
	movs r1, #0x20
	ands r1, r0
	cmp r1, #0x00
	beq _08034502
	movs r0, #0xC0
	b _08034510
_08034502:
	bl func_08001384
	movs r1, #0x10
	ands r1, r0
	cmp r1, #0x00
	beq _08034512
	movs r0, #0x40
_08034510:
	strb r0, [r4, #0x14]
_08034512:
	pop {r4, r5}
	pop {r0}
	bx r0
	thumb_func_start func_08034518
func_08034518: @ 08034518
	push {r4, r5, r6, r7, lr}
	add sp, #-0x020
	adds r7, r0, #0x0
	mov r1, sp
	ldm r0!, {r2, r3, r4}
	stm r1!, {r2, r3, r4}
	ldr r0, [r0, #0x00]
	str r0, [r1, #0x00]
	add r4, sp, #0x010
	adds r1, r4, #0x0
	adds r0, r7, #0x0
	ldm r0!, {r2, r3, r5}
	stm r1!, {r2, r3, r5}
	ldr r0, [r0, #0x00]
	str r0, [r1, #0x00]
	ldr r0, [sp, #0x004]
	ldr r5, _08034584 @ =0xFFFFFA00
	adds r0, r0, r5
	str r0, [sp, #0x004]
	ldr r0, [r4, #0x04]
	movs r1, #0xC0
	lsls r1, r1, #0x03
	adds r0, r0, r1
	str r0, [r4, #0x04]
	mov r0, sp
	bl func_080DFF1C
	adds r6, r0, #0x0
	ldr r0, [sp, #0x00C]
	cmp r6, r0
	ble _08034558
	str r6, [sp, #0x00C]
_08034558:
	adds r0, r4, #0x0
	bl func_080DFF1C
	adds r5, r0, #0x0
	ldr r0, [r4, #0x0C]
	cmp r5, r0
	ble _08034568
	str r5, [r4, #0x0C]
_08034568:
	mov r0, sp
	bl func_080DFBDC
	lsls r0, r0, #0x18
	cmp r0, #0x00
	bne _08034580
	adds r0, r4, #0x0
	bl func_080DFBDC
	lsls r0, r0, #0x18
	cmp r0, #0x00
	beq _08034588
_08034580:
	movs r0, #0x01
	b _08034594
_08034584: .4byte 0xFFFFFA00
_08034588:
	adds r0, r5, #0x0
	cmp r0, r6
	ble _08034590
	adds r0, r6, #0x0
_08034590:
	str r0, [r7, #0x0C]
	movs r0, #0x00
_08034594:
	add sp, #0x020
	pop {r4, r5, r6, r7}
	pop {r1}
	bx r1
	thumb_func_start func_0803459C
func_0803459C: @ 0803459C
	push {r4, r5, lr}
	add sp, #-0x020
	mov r2, sp
	adds r1, r0, #0x0
	ldm r1!, {r3, r4, r5}
	stm r2!, {r3, r4, r5}
	ldr r1, [r1, #0x00]
	str r1, [r2, #0x00]
	add r4, sp, #0x010
	adds r1, r4, #0x0
	ldm r0!, {r2, r3, r5}
	stm r1!, {r2, r3, r5}
	ldr r0, [r0, #0x00]
	str r0, [r1, #0x00]
	ldr r0, [sp, #0x004]
	ldr r1, _080345E8 @ =0xFFFFFA00
	adds r0, r0, r1
	str r0, [sp, #0x004]
	ldr r0, [r4, #0x04]
	movs r2, #0xC0
	lsls r2, r2, #0x03
	adds r0, r0, r2
	str r0, [r4, #0x04]
	mov r0, sp
	bl func_080DFF1C
	adds r5, r0, #0x0
	adds r0, r4, #0x0
	bl func_080DFF1C
	cmp r0, r5
	ble _080345DE
	adds r0, r5, #0x0
_080345DE:
	add sp, #0x020
	pop {r4, r5}
	pop {r1}
	bx r1
	.byte 0x00, 0x00
_080345E8: .4byte 0xFFFFFA00
	thumb_func_start func_080345EC
func_080345EC: @ 080345EC
	push {r4, r5, r6, lr}
	add sp, #-0x020
	adds r5, r1, #0x0
	mov r2, sp
	adds r1, r0, #0x0
	ldm r1!, {r3, r4, r6}
	stm r2!, {r3, r4, r6}
	ldr r1, [r1, #0x00]
	str r1, [r2, #0x00]
	add r4, sp, #0x010
	adds r1, r4, #0x0
	ldm r0!, {r2, r3, r6}
	stm r1!, {r2, r3, r6}
	ldr r0, [r0, #0x00]
	str r0, [r1, #0x00]
	ldr r0, [sp, #0x004]
	ldr r1, _08034638 @ =0xFFFFFA00
	adds r0, r0, r1
	str r0, [sp, #0x004]
	ldr r0, [r4, #0x04]
	movs r2, #0xC0
	lsls r2, r2, #0x03
	adds r0, r0, r2
	str r0, [r4, #0x04]
	mov r0, sp
	bl _080DFE1C
	lsls r0, r0, #0x18
	lsrs r2, r0, #0x18
	cmp r2, #0x00
	beq _0803463C
	adds r1, r5, #0x0
	adds r1, #0xB0
	ldr r0, [sp, #0x000]
	str r0, [r1, #0x00]
	adds r1, #0x04
	ldr r0, [sp, #0x004]
	b _0803465A
_08034638: .4byte 0xFFFFFA00
_0803463C:
	adds r0, r4, #0x0
	bl _080DFE1C
	lsls r0, r0, #0x18
	lsrs r2, r0, #0x18
	cmp r2, #0x00
	bne _0803464E
	movs r0, #0x00
	b _0803465E
_0803464E:
	adds r1, r5, #0x0
	adds r1, #0xB0
	ldr r0, [sp, #0x010]
	str r0, [r1, #0x00]
	adds r1, #0x04
	ldr r0, [r4, #0x04]
_0803465A:
	str r0, [r1, #0x00]
	adds r0, r2, #0x0
_0803465E:
	add sp, #0x020
	pop {r4, r5, r6}
	pop {r1}
	bx r1
	.byte 0x00, 0x00
	thumb_func_start func_08034668
func_08034668: @ 08034668
	push {r4, r5, lr}
	add sp, #-0x010
	mov r2, sp
	adds r1, r0, #0x0
	ldm r1!, {r3, r4, r5}
	stm r2!, {r3, r4, r5}
	ldr r1, [r1, #0x00]
	str r1, [r2, #0x00]
	ldr r3, _080346B0 @ =0x08121400
	ldrb r1, [r0, #0x14]
	lsls r1, r1, #0x01
	adds r1, r1, r3
	movs r4, #0x00
	ldsh r2, [r1, r4]
	lsls r2, r2, #0x03
	ldr r1, [sp, #0x000]
	adds r1, r1, r2
	str r1, [sp, #0x000]
	ldrb r0, [r0, #0x14]
	adds r0, #0x40
	lsls r0, r0, #0x01
	adds r0, r0, r3
	movs r5, #0x00
	ldsh r1, [r0, r5]
	lsls r1, r1, #0x03
	ldr r0, [sp, #0x004]
	subs r0, r0, r1
	str r0, [sp, #0x004]
	mov r0, sp
	bl func_080DFCDC
	lsls r0, r0, #0x18
	cmp r0, #0x00
	bne _080346B4
	movs r0, #0x00
	b _080346B6
_080346B0: .4byte 0x08121400
_080346B4:
	movs r0, #0x01
_080346B6:
	add sp, #0x010
	pop {r4, r5}
	pop {r1}
	bx r1
	.byte 0x00, 0x00
	thumb_func_start func_080346C0
func_080346C0: @ 080346C0
	push {r4, lr}
	adds r2, r0, #0x0
	ldr r0, _080346F0 @ =0x02039BA0
	ldr r0, [r0, #0x00]
	adds r3, r0, #0x0
	adds r3, #0x18
	adds r0, r2, #0x0
	adds r0, #0x66
	ldrh r0, [r0, #0x00]
	movs r4, #0x01
	adds r1, r4, #0x0
	ands r1, r0
	cmp r1, #0x00
	beq _080346F4
	ldr r0, [r3, #0x0C]
	ldr r1, [r2, #0x78]
	cmp r0, r1
	bge _080346E6
	adds r1, r0, #0x0
_080346E6:
	adds r0, r2, #0x0
	adds r0, #0xBC
	strb r4, [r0, #0x00]
	b _080346FC
	.byte 0x00, 0x00
_080346F0: .4byte 0x02039BA0
_080346F4:
	adds r0, r2, #0x0
	adds r0, #0xBC
	strb r1, [r0, #0x00]
	ldr r1, [r3, #0x0C]
_080346FC:
	adds r0, r1, #0x0
	pop {r4}
	pop {r1}
	bx r1
	thumb_func_start func_08034704
func_08034704: @ 08034704
	push {r4, r5, lr}
	adds r4, r0, #0x0
	ldrb r5, [r4, #0x14]
	bl func_08034368
	ldrb r0, [r4, #0x14]
	cmp r5, r0
	beq _08034734
	ldrb r1, [r4, #0x14]
	adds r0, r5, #0x0
	bl func_08005824
	lsls r0, r0, #0x18
	asrs r0, r0, #0x18
	cmp r0, #0x00
	bge _08034726
	negs r0, r0
_08034726:
	cmp r0, #0x64
	ble _0803472E
	movs r0, #0x00
	b _08034732
_0803472E:
	ldr r0, [r4, #0x10]
	asrs r0, r0, #0x01
_08034732:
	str r0, [r4, #0x10]
_08034734:
	pop {r4, r5}
	pop {r0}
	bx r0
	.byte 0x00, 0x00
	thumb_func_start func_0803473C
func_0803473C: @ 0803473C
	push {r4, r5, r6, r7, lr}
	add sp, #-0x004
	adds r5, r0, #0x0
	adds r6, r1, #0x0
	lsls r2, r2, #0x10
	lsrs r7, r2, #0x10
	ldr r0, _08034768 @ =0x02039BA0
	ldr r0, [r0, #0x00]
	adds r0, #0x2C
	ldrb r0, [r0, #0x00]
	cmp r0, #0x53
	beq _080347A0
	cmp r0, #0x53
	bgt _0803476C
	cmp r0, #0x2D
	beq _08034784
	cmp r0, #0x2D
	ble _080347BE
	cmp r0, #0x40
	beq _08034792
	b _080347BE
	.byte 0x00, 0x00
_08034768: .4byte 0x02039BA0
_0803476C:
	cmp r0, #0xAD
	beq _080347B2
	cmp r0, #0xAD
	bgt _0803477A
	cmp r0, #0x80
	beq _080347AE
	b _080347BE
_0803477A:
	cmp r0, #0xC0
	beq _080347B6
	cmp r0, #0xD3
	beq _080347BA
	b _080347BE
_08034784:
	movs r3, #0x04
	adds r2, r5, #0x0
	adds r2, #0xA4
	ldrh r1, [r2, #0x00]
	movs r0, #0x02
	orrs r0, r1
	b _080347CA
_08034792:
	movs r3, #0x03
	adds r2, r5, #0x0
	adds r2, #0xA4
	ldrh r1, [r2, #0x00]
	movs r0, #0x02
	orrs r0, r1
	b _080347CA
_080347A0:
	movs r3, #0x02
	adds r2, r5, #0x0
	adds r2, #0xA4
	ldrh r1, [r2, #0x00]
	movs r0, #0x02
	orrs r0, r1
	b _080347CA
_080347AE:
	movs r3, #0x01
	b _080347C0
_080347B2:
	movs r3, #0x02
	b _080347C0
_080347B6:
	movs r3, #0x03
	b _080347C0
_080347BA:
	movs r3, #0x04
	b _080347C0
_080347BE:
	movs r3, #0x00
_080347C0:
	adds r2, r5, #0x0
	adds r2, #0xA4
	ldrh r1, [r2, #0x00]
	ldr r0, _0803480C @ =0x0000FFFD
	ands r0, r1
_080347CA:
	strh r0, [r2, #0x00]
	adds r1, r5, #0x0
	adds r1, #0xA8
	ldr r0, [r1, #0x00]
	cmp r0, r6
	bne _080347DA
	movs r0, #0x04
	orrs r7, r0
_080347DA:
	str r6, [r1, #0x00]
	lsls r4, r6, #0x02
	adds r4, r4, r6
	lsls r4, r4, #0x04
	lsls r0, r3, #0x04
	ldr r1, _08034810 @ =0x0813CDDC
	adds r0, r0, r1
	adds r4, r4, r0
	adds r0, r5, #0x0
	adds r0, #0x08
	ldrb r1, [r4, #0x0C]
	ldr r3, [r4, #0x04]
	ldr r2, [r4, #0x00]
	str r2, [sp, #0x000]
	adds r2, r7, #0x0
	bl func_08005974
	ldr r0, [r5, #0x00]
	ldr r1, [r4, #0x08]
	bl func_08002A10
	add sp, #0x004
	pop {r4, r5, r6, r7}
	pop {r0}
	bx r0
_0803480C: .4byte 0x0000FFFD
_08034810: .4byte 0x0813CDDC
	thumb_func_start task_fld_riku_0
task_fld_riku_0: @ 08034814
	push {r4, r5, r6, r7, lr}
	mov r7, r8
	push {r7}
	adds r5, r0, #0x0
	ldr r0, _080348B0 @ =0x02039BA0
	mov r8, r0
	ldr r7, [r0, #0x00]
	adds r6, r7, #0x0
	adds r6, #0x18
	movs r0, #0xA0
	lsls r0, r0, #0x04
	movs r1, #0x00
	bl func_080028F8
	str r0, [r5, #0x00]
	ldr r0, _080348B4 @ =0x09618118
	movs r1, #0x20
	bl func_08002A14
	str r0, [r5, #0x04]
	movs r1, #0x00
	movs r2, #0x00
	movs r3, #0x10
	strh r3, [r6, #0x1A]
	adds r0, r5, #0x0
	adds r0, #0xBC
	strb r1, [r0, #0x00]
	subs r0, #0x20
	strb r1, [r0, #0x00]
	adds r0, #0x01
	strb r1, [r0, #0x00]
	adds r0, #0x01
	strh r2, [r0, #0x00]
	subs r0, #0x06
	strh r2, [r0, #0x00]
	adds r1, r5, #0x0
	adds r1, #0xA4
	movs r0, #0x08
	strh r0, [r1, #0x00]
	adds r0, r5, #0x0
	adds r0, #0xA8
	str r3, [r0, #0x00]
	strh r2, [r6, #0x32]
	strh r2, [r6, #0x30]
	ldr r2, _080348B8 @ =0x02039BB0
	ldrb r4, [r2, #0x00]
	cmp r4, #0x00
	beq _080348BC
	adds r1, r6, #0x0
	adds r0, r2, #0x0
	adds r0, #0x14
	ldm r0!, {r3, r4, r7}
	stm r1!, {r3, r4, r7}
	ldr r0, [r0, #0x00]
	str r0, [r1, #0x00]
	adds r0, r2, #0x0
	adds r0, #0x24
	ldrb r0, [r0, #0x00]
	strb r0, [r6, #0x14]
	ldr r0, [r2, #0x28]
	str r0, [r6, #0x10]
	adds r1, r5, #0x0
	adds r1, #0x94
	ldrh r0, [r2, #0x30]
	str r0, [r1, #0x00]
	adds r1, #0x0C
	ldr r0, [r2, #0x2C]
	str r0, [r1, #0x00]
	adds r1, #0x10
	ldr r0, [r2, #0x34]
	str r0, [r1, #0x00]
	adds r1, #0x04
	ldr r0, [r2, #0x38]
	str r0, [r1, #0x00]
	adds r1, #0x04
	ldr r0, [r2, #0x3C]
	str r0, [r1, #0x00]
	b _080348F6
_080348B0: .4byte 0x02039BA0
_080348B4: .4byte 0x09618118
_080348B8: .4byte 0x02039BB0
_080348BC:
	mov r0, r8
	ldr r1, [r0, #0x00]
	adds r0, r1, #0x0
	adds r0, #0xDC
	ldr r0, [r0, #0x00]
	str r0, [r7, #0x18]
	adds r0, r1, #0x0
	adds r0, #0xE0
	ldr r0, [r0, #0x00]
	str r0, [r6, #0x04]
	str r4, [r6, #0x08]
	adds r0, r1, #0x0
	adds r0, #0xE4
	ldrb r0, [r0, #0x00]
	strb r0, [r6, #0x14]
	adds r0, r6, #0x0
	bl func_080DFF4C
	ldr r1, [r6, #0x0C]
	str r1, [r6, #0x08]
	ldr r0, [r6, #0x04]
	subs r0, r0, r1
	str r0, [r6, #0x04]
	str r4, [r6, #0x10]
	adds r0, r5, #0x0
	adds r0, #0x94
	str r4, [r0, #0x00]
	adds r0, #0x0C
	str r4, [r0, #0x00]
_080348F6:
	adds r4, r5, #0x0
	adds r4, #0x08
	adds r0, r4, #0x0
	movs r1, #0x00
	movs r2, #0x00
	bl func_08005968
	adds r0, r5, #0x0
	movs r1, #0x00
	movs r2, #0x01
	bl func_0803473C
	adds r0, r4, #0x0
	bl func_08005AFC
	str r0, [r5, #0x20]
	ldr r0, _08034928 @ =0x02039BB0
	ldrb r0, [r0, #0x0C]
	cmp r0, #0x0C
	bhi _080349B8
	lsls r0, r0, #0x02
	ldr r1, _0803492C @ =0x08034930
	adds r0, r0, r1
	ldr r0, [r0, #0x00]
	mov pc, r0
_08034928: .4byte 0x02039BB0
_0803492C: .4byte 0x08034930
	.byte 0xA0, 0x49, 0x03, 0x08, 0xB8, 0x49, 0x03, 0x08, 0x70, 0x49, 0x03, 0x08, 0xA0, 0x49, 0x03, 0x08
	.byte 0x88, 0x49, 0x03, 0x08, 0x7C, 0x49, 0x03, 0x08, 0x94, 0x49, 0x03, 0x08, 0x64, 0x49, 0x03, 0x08
	.byte 0xB8, 0x49, 0x03, 0x08, 0xAC, 0x49, 0x03, 0x08, 0xB8, 0x49, 0x03, 0x08, 0xB8, 0x49, 0x03, 0x08
	.byte 0xA0, 0x49, 0x03, 0x08, 0x29, 0x1C, 0xAC, 0x31, 0x00, 0x48, 0x28, 0xE0, 0x9C, 0xD2, 0x13, 0x08
	.byte 0x29, 0x1C, 0xAC, 0x31, 0x00, 0x48, 0x22, 0xE0, 0xAC, 0xD2, 0x13, 0x08, 0x29, 0x1C, 0xAC, 0x31
	.byte 0x00, 0x48, 0x1C, 0xE0, 0xBC, 0xD2, 0x13, 0x08, 0x29, 0x1C, 0xAC, 0x31, 0x00, 0x48, 0x16, 0xE0
	.byte 0xCC, 0xD2, 0x13, 0x08, 0x29, 0x1C, 0xAC, 0x31, 0x00, 0x48, 0x10, 0xE0, 0xDC, 0xD2, 0x13, 0x08
	.byte 0x29, 0x1C, 0xAC, 0x31, 0x00, 0x48, 0x0A, 0xE0, 0xEC, 0xD2, 0x13, 0x08, 0x29, 0x1C, 0xAC, 0x31
	.byte 0x00, 0x48, 0x04, 0xE0, 0xFC, 0xD2, 0x13, 0x08
_080349B8:
	adds r1, r5, #0x0
	adds r1, #0xAC
	ldr r0, _08034A00 @ =0x0813D28C
	str r0, [r1, #0x00]
	adds r4, r5, #0x0
	adds r4, #0x24
	adds r0, r4, #0x0
	movs r1, #0x02
	bl func_08000E64
	ldr r1, _08034A04 @ =0x09EDAF90
	ldr r0, _08034A08 @ =0x02039BA0
	ldr r2, [r0, #0x00]
	adds r2, #0x18
	adds r0, r4, #0x0
	bl func_08000E14
	adds r4, #0x14
	adds r0, r4, #0x0
	movs r1, #0x01
	movs r2, #0x04
	movs r3, #0x20
	bl func_080122AC
	ldr r1, [r6, #0x00]
	ldr r2, [r6, #0x04]
	ldr r3, [r6, #0x08]
	adds r0, r4, #0x0
	bl func_08012324
	pop {r3}
	mov r8, r3
	pop {r4, r5, r6, r7}
	pop {r0}
	bx r0
	.byte 0x00, 0x00
_08034A00: .4byte 0x0813D28C
_08034A04: .4byte 0x09EDAF90
_08034A08: .4byte 0x02039BA0
	.byte 0xF0, 0xB5, 0x05, 0x1C, 0x0E, 0x1C, 0x08, 0x48, 0x00, 0x68, 0x07, 0x1C, 0x18, 0x37, 0x01, 0x6F
	.byte 0x80, 0x20, 0x40, 0x03, 0x08, 0x40, 0x00, 0x28, 0x08, 0xD0, 0x28, 0x1C, 0x0C, 0x21, 0x00, 0x22
	.byte 0xFF, 0xF7, 0x86, 0xFE, 0x12, 0xE0, 0x00, 0x00, 0xA0, 0x9B, 0x03, 0x02, 0x80, 0x20, 0x00, 0x03
	.byte 0x01, 0x40, 0x00, 0x29, 0x05, 0xD0, 0x28, 0x1C, 0x01, 0x21, 0x01, 0x22, 0xFF, 0xF7, 0x78, 0xFE
	.byte 0x04, 0xE0, 0x28, 0x1C, 0x00, 0x21, 0x01, 0x22, 0xFF, 0xF7, 0x72, 0xFE, 0x0E, 0x48, 0x00, 0x68
	.byte 0x04, 0x6F, 0x80, 0x20, 0xC0, 0x02, 0x04, 0x40, 0x00, 0x2C, 0x19, 0xD1, 0x68, 0x68, 0xC0, 0x88
	.byte 0x10, 0x30, 0x00, 0x04, 0x00, 0x0C, 0x00, 0x21, 0xD1, 0xF7, 0x3E, 0xFC, 0x28, 0x1C, 0x94, 0x30
	.byte 0x04, 0x60, 0x04, 0x30, 0x04, 0x80, 0x05, 0x49, 0x30, 0x1C, 0xCC, 0xF7, 0x81, 0xFA, 0x28, 0x1C
	.byte 0x24, 0x30, 0xCC, 0xF7, 0x09, 0xFA, 0x28, 0xE0, 0xA0, 0x9B, 0x03, 0x02, 0x61, 0x63, 0x03, 0x08
	.byte 0x2E, 0x1C, 0x98, 0x36, 0x00, 0x20, 0x34, 0x5E, 0x00, 0x2C, 0x0B, 0xD1, 0x68, 0x68, 0xC0, 0x88
	.byte 0x10, 0x30, 0x00, 0x04, 0x00, 0x0C, 0x01, 0x21, 0xD1, 0xF7, 0x1E, 0xFC, 0x3C, 0x61, 0x28, 0x1C
	.byte 0xBC, 0x30, 0x04, 0x70, 0x28, 0x1C, 0x24, 0x30, 0xCC, 0xF7, 0xEE, 0xF9, 0x28, 0x1C, 0x08, 0x30
	.byte 0xD0, 0xF7, 0xCA, 0xFF, 0x28, 0x62, 0x28, 0x1C, 0x38, 0x30, 0x39, 0x68, 0x7A, 0x68, 0xBB, 0x68
	.byte 0xDD, 0xF7, 0x22, 0xFC, 0x30, 0x88, 0x01, 0x30, 0x30, 0x80, 0x01, 0x20, 0xF0, 0xBC, 0x02, 0xBC
	.byte 0x08, 0x47, 0x00, 0x00, 0xF0, 0xB5, 0x57, 0x46, 0x4E, 0x46, 0x45, 0x46, 0xE0, 0xB4, 0x81, 0xB0
	.byte 0x05, 0x1C, 0x89, 0x46, 0x09, 0x48, 0x06, 0x68, 0x34, 0x1C, 0x18, 0x34, 0xB0, 0x69, 0x82, 0x46
	.byte 0x61, 0x68, 0x00, 0x91, 0x00, 0x22, 0x90, 0x46, 0xB2, 0x66, 0x2F, 0x1C, 0x94, 0x37, 0x38, 0x68
	.byte 0x0D, 0x28, 0x05, 0xD0, 0x0E, 0x28, 0x1D, 0xD0, 0x87, 0xE0, 0x00, 0x00, 0xA0, 0x9B, 0x03, 0x02
	.byte 0x8B, 0x20, 0xEB, 0xF0, 0x9F, 0xF9, 0x0E, 0x20, 0x38, 0x60, 0x29, 0x1C, 0xA0, 0x31, 0x08, 0x48
	.byte 0x08, 0x60, 0x28, 0x1C, 0x98, 0x30, 0x43, 0x46, 0x03, 0x80, 0x40, 0x46, 0x20, 0x61, 0x10, 0x31
	.byte 0xE8, 0x6F, 0x08, 0x60, 0x04, 0x31, 0x28, 0x1C, 0x80, 0x30, 0x00, 0x68, 0x08, 0x60, 0x6C, 0xE0
	.byte 0x00, 0xF8, 0xFF, 0xFF, 0x28, 0x1C, 0xA0, 0x30, 0x02, 0x68, 0x12, 0x49, 0x07, 0x1C, 0x8A, 0x42
	.byte 0x24, 0xDD, 0x28, 0x1C, 0x0B, 0x21, 0x00, 0x22, 0xFF, 0xF7, 0xE2, 0xFD, 0xC0, 0x21, 0x49, 0x00
	.byte 0x21, 0x61, 0x0D, 0x4A, 0x20, 0x7D, 0x40, 0x00, 0x80, 0x18, 0x00, 0x23, 0xC0, 0x5E, 0x41, 0x43
	.byte 0x09, 0x12, 0xB0, 0x69, 0x40, 0x18, 0xB0, 0x61, 0x20, 0x7D, 0x40, 0x30, 0x40, 0x00, 0x80, 0x18
	.byte 0x00, 0x21, 0x40, 0x5E, 0x40, 0x42, 0x21, 0x69, 0x41, 0x43, 0x09, 0x12, 0x60, 0x68, 0x40, 0x18
	.byte 0x60, 0x60, 0x18, 0xE0, 0x00, 0xFD, 0xFF, 0xFF, 0x00, 0x14, 0x12, 0x08, 0x28, 0x1C, 0x04, 0x21
	.byte 0x00, 0x22, 0xFF, 0xF7, 0xBD, 0xFD, 0x28, 0x1C, 0xB0, 0x30, 0x00, 0x68, 0xB1, 0x69, 0x40, 0x1A
	.byte 0xC0, 0x10, 0x09, 0x18, 0xB1, 0x61, 0x28, 0x1C, 0xB4, 0x30, 0x00, 0x68, 0x61, 0x68, 0x40, 0x1A
	.byte 0xC0, 0x10, 0x09, 0x18, 0x61, 0x60, 0x29, 0x1C, 0xB8, 0x31, 0xA0, 0x68, 0xF0, 0x22, 0x12, 0x01
	.byte 0x80, 0x18, 0x09, 0x68, 0x09, 0x1A, 0xC9, 0x10, 0x39, 0x60, 0xA0, 0x68, 0x40, 0x18, 0xA0, 0x60
	.byte 0x38, 0x68, 0x42, 0x30, 0x38, 0x60, 0x00, 0x28, 0x12, 0xDB, 0x29, 0x1C, 0x98, 0x31, 0x00, 0x20
	.byte 0x08, 0x80, 0x04, 0x39, 0x04, 0x20, 0x08, 0x60, 0x2A, 0x1C, 0xA4, 0x32, 0x11, 0x88, 0x08, 0x43
	.byte 0x10, 0x80, 0x02, 0x49, 0x48, 0x46, 0xCC, 0xF7, 0xB3, 0xF9, 0x06, 0xE0, 0x89, 0x4C, 0x03, 0x08
	.byte 0x29, 0x1C, 0x98, 0x31, 0x08, 0x88, 0x01, 0x30, 0x08, 0x80, 0x20, 0x1C, 0xFF, 0xF7, 0x6E, 0xFC
	.byte 0x00, 0x06, 0x00, 0x28, 0x03, 0xD0, 0x53, 0x46, 0x23, 0x60, 0x00, 0x98, 0x60, 0x60, 0x28, 0x1C
	.byte 0x38, 0x30, 0x21, 0x68, 0x62, 0x68, 0xA3, 0x68, 0xDD, 0xF7, 0x66, 0xFB, 0x20, 0x68, 0x61, 0x68
	.byte 0xA2, 0x68, 0x89, 0x18, 0xAB, 0xF0, 0x1A, 0xFB, 0x28, 0x1C, 0x08, 0x30, 0xD0, 0xF7, 0xFC, 0xFE
	.byte 0x28, 0x62, 0x28, 0x1C, 0x24, 0x30, 0xCC, 0xF7, 0x17, 0xF9, 0x01, 0x20, 0x01, 0xB0, 0x38, 0xBC
	.byte 0x98, 0x46, 0xA1, 0x46, 0xAA, 0x46, 0xF0, 0xBC, 0x02, 0xBC, 0x08, 0x47, 0xF0, 0xB5, 0x57, 0x46
	.byte 0x4E, 0x46, 0x45, 0x46, 0xE0, 0xB4, 0x8C, 0xB0, 0x07, 0x1C, 0x08, 0x91, 0x13, 0x4D, 0x2C, 0x68
	.byte 0x26, 0x1C, 0x18, 0x36, 0xFF, 0xF7, 0x0E, 0xFD, 0x82, 0x46, 0xA4, 0x69, 0x09, 0x94, 0x70, 0x68
	.byte 0x0A, 0x90, 0x29, 0x68, 0x00, 0x20, 0x88, 0x66, 0x38, 0x1C, 0xA4, 0x30, 0x01, 0x88, 0x04, 0x20
	.byte 0x08, 0x40, 0x00, 0x28, 0x02, 0xD1, 0x30, 0x1C, 0xFF, 0xF7, 0x1E, 0xFD, 0x39, 0x1C, 0x94, 0x31
	.byte 0x08, 0x68, 0x02, 0x38, 0x89, 0x46, 0x08, 0x21, 0xC9, 0x19, 0x88, 0x46, 0x0A, 0x28, 0x00, 0xD9
	.byte 0xA9, 0xE2, 0x80, 0x00, 0x02, 0x49, 0x40, 0x18, 0x00, 0x68, 0x87, 0x46, 0xA0, 0x9B, 0x03, 0x02
	.byte 0xF0, 0x4C, 0x03, 0x08, 0xCE, 0x4E, 0x03, 0x08, 0xBA, 0x4F, 0x03, 0x08, 0xA6, 0x50, 0x03, 0x08
	.byte 0x86, 0x51, 0x03, 0x08, 0x32, 0x52, 0x03, 0x08, 0x32, 0x52, 0x03, 0x08, 0x32, 0x52, 0x03, 0x08
	.byte 0x32, 0x52, 0x03, 0x08, 0x32, 0x52, 0x03, 0x08, 0x32, 0x52, 0x03, 0x08, 0x1C, 0x4D, 0x03, 0x08
	.byte 0x38, 0x1C, 0x98, 0x30, 0x00, 0x22, 0x81, 0x5E, 0x0B, 0x90, 0x00, 0x29, 0x07, 0xD1, 0x1F, 0x48
	.byte 0x00, 0x68, 0x81, 0x66, 0x38, 0x1C, 0x0E, 0x21, 0x00, 0x22, 0xFF, 0xF7, 0x01, 0xFD, 0x1C, 0x4B
	.byte 0x30, 0x7D, 0x40, 0x00, 0xC0, 0x18, 0x00, 0x24, 0x00, 0x5F, 0x32, 0x69, 0x01, 0x1C, 0x51, 0x43
	.byte 0x09, 0x12, 0x30, 0x68, 0x40, 0x18, 0x30, 0x60, 0x30, 0x7D, 0x40, 0x30, 0x40, 0x00, 0xC0, 0x18
	.byte 0x00, 0x25, 0x40, 0x5F, 0x40, 0x42, 0x01, 0x1C, 0x51, 0x43, 0x09, 0x12, 0x70, 0x68, 0x40, 0x18
	.byte 0x70, 0x60, 0x3C, 0x1C, 0x08, 0x34, 0x20, 0x1C, 0xD0, 0xF7, 0xDE, 0xFE, 0x00, 0x04, 0x00, 0x0C
	.byte 0xA0, 0x46, 0x03, 0x28, 0x16, 0xD9, 0x3A, 0x1C, 0xA0, 0x32, 0xB0, 0x68, 0x11, 0x68, 0x40, 0x18
	.byte 0xB0, 0x60, 0x10, 0x68, 0x42, 0x30, 0x10, 0x60, 0xB0, 0x68, 0x14, 0x1C, 0x50, 0x45, 0x0E, 0xDD
	.byte 0x50, 0x46, 0xB0, 0x60, 0x00, 0x20, 0x20, 0x60, 0x09, 0xE0, 0x00, 0x00, 0xA0, 0x9B, 0x03, 0x02
	.byte 0x00, 0x14, 0x12, 0x08, 0x39, 0x1C, 0xA0, 0x31, 0x00, 0x20, 0x08, 0x60, 0x0C, 0x1C, 0x30, 0x69
	.byte 0x26, 0x38, 0x30, 0x61, 0x00, 0x28, 0x01, 0xDA, 0x00, 0x20, 0x30, 0x61, 0x40, 0x46, 0xD0, 0xF7
	.byte 0xB3, 0xFE, 0x00, 0x04, 0x00, 0x0C, 0x01, 0x28, 0x60, 0xD1, 0x33, 0x7D, 0x53, 0x2B, 0x41, 0xD0
	.byte 0x53, 0x2B, 0x06, 0xDC, 0x2D, 0x2B, 0x0C, 0xD0, 0x2D, 0x2B, 0x3B, 0xDD, 0x40, 0x2B, 0x1D, 0xD0
	.byte 0x38, 0xE0, 0xAD, 0x2B, 0x36, 0xD0, 0xAD, 0x2B, 0x34, 0xDD, 0xC0, 0x2B, 0x16, 0xD0, 0xD3, 0x2B
	.byte 0x30, 0xD1, 0x09, 0x4A, 0x58, 0x00, 0x80, 0x18, 0x00, 0x25, 0x41, 0x5F, 0x48, 0x00, 0x40, 0x18
	.byte 0x80, 0x00, 0x31, 0x68, 0x0D, 0x18, 0x18, 0x1C, 0x40, 0x30, 0x40, 0x00, 0x80, 0x18, 0x00, 0x21
	.byte 0x40, 0x5E, 0x40, 0x42, 0x41, 0x00, 0x2F, 0xE0, 0x00, 0x14, 0x12, 0x08, 0x0C, 0x4A, 0x58, 0x00
	.byte 0x80, 0x18, 0x00, 0x25, 0x41, 0x5F, 0xC8, 0x00, 0x40, 0x1A, 0x80, 0x00, 0x40, 0x1A, 0x31, 0x68
	.byte 0x0D, 0x18, 0x18, 0x1C, 0x40, 0x30, 0x40, 0x00, 0x80, 0x18, 0x00, 0x22, 0x81, 0x5E, 0x49, 0x42
	.byte 0xC8, 0x00, 0x40, 0x1A, 0x80, 0x00, 0x40, 0x1A, 0x71, 0x68, 0x09, 0x18, 0x18, 0xE0, 0x00, 0x00
	.byte 0x00, 0x14, 0x12, 0x08, 0x14, 0x4A, 0x58, 0x00, 0x80, 0x18, 0x00, 0x25, 0x41, 0x5F, 0x88, 0x00
	.byte 0x40, 0x18, 0x80, 0x00, 0x31, 0x68, 0x0D, 0x18, 0x18, 0x1C, 0x40, 0x30, 0x40, 0x00, 0x80, 0x18
	.byte 0x00, 0x21, 0x40, 0x5E, 0x40, 0x42, 0x81, 0x00, 0x09, 0x18, 0x89, 0x00, 0x70, 0x68, 0x41, 0x18
	.byte 0xB2, 0x68, 0x0A, 0x4B, 0xD2, 0x18, 0x28, 0x1C, 0xAB, 0xF0, 0x14, 0xFA, 0x40, 0x46, 0xD0, 0xF7
	.byte 0x3F, 0xFE, 0x00, 0x06, 0x00, 0x28, 0x0F, 0xD0, 0x20, 0x68, 0x00, 0x28, 0x08, 0xDA, 0x03, 0x20
	.byte 0x4C, 0x46, 0x20, 0x60, 0xBF, 0xE1, 0x00, 0x00, 0x00, 0x14, 0x12, 0x08, 0x00, 0xF8, 0xFF, 0xFF
	.byte 0x04, 0x20, 0x4D, 0x46, 0x28, 0x60, 0xB6, 0xE1, 0x0B, 0x99, 0x08, 0x88, 0x01, 0x30, 0x08, 0x80
	.byte 0xB1, 0xE1, 0x3D, 0x1C, 0x98, 0x35, 0x00, 0x22, 0xA8, 0x5E, 0x0B, 0x95, 0x00, 0x28, 0x07, 0xD1
	.byte 0x38, 0x1C, 0x03, 0x21, 0x00, 0x22, 0xFF, 0xF7, 0x2B, 0xFC, 0x30, 0x69, 0x40, 0x10, 0x30, 0x61
	.byte 0x19, 0x4B, 0x30, 0x7D, 0x40, 0x00, 0xC0, 0x18, 0x00, 0x24, 0x00, 0x5F, 0x32, 0x69, 0x01, 0x1C
	.byte 0x51, 0x43, 0x09, 0x12, 0x30, 0x68, 0x40, 0x18, 0x30, 0x60, 0x30, 0x7D, 0x40, 0x30, 0x40, 0x00
	.byte 0xC0, 0x18, 0x00, 0x21, 0x40, 0x5E, 0x40, 0x42, 0x01, 0x1C, 0x51, 0x43, 0x09, 0x12, 0x70, 0x68
	.byte 0x40, 0x18, 0x70, 0x60, 0x29, 0x88, 0x00, 0x22, 0xA8, 0x5E, 0x03, 0x28, 0x44, 0xDD, 0x3A, 0x1C
	.byte 0xB8, 0x32, 0x0A, 0x48, 0x01, 0x68, 0xC8, 0x69, 0x10, 0x60, 0x00, 0x28, 0x2A, 0xD1, 0xD1, 0xF7
	.byte 0x33, 0xFB, 0x00, 0x04, 0x00, 0x0C, 0x01, 0x21, 0x08, 0x40, 0x00, 0x28, 0x08, 0xD0, 0xE1, 0x20
	.byte 0xEA, 0xF0, 0x90, 0xFF, 0x07, 0xE0, 0x00, 0x00, 0x00, 0x14, 0x12, 0x08, 0xAC, 0xC7, 0x03, 0x02
	.byte 0xE2, 0x20, 0xEA, 0xF0, 0x87, 0xFF, 0x03, 0x20, 0x4B, 0x46, 0x18, 0x60, 0x3A, 0x1C, 0xA0, 0x32
	.byte 0x07, 0x48, 0x10, 0x60, 0x30, 0x69, 0x40, 0x00, 0x30, 0x61, 0x00, 0x20, 0x0B, 0x9C, 0x20, 0x80
	.byte 0xB0, 0x68, 0x11, 0x68, 0x40, 0x18, 0xB0, 0x60, 0x10, 0x68, 0x42, 0x30, 0x10, 0x60, 0xE3, 0xE0
	.byte 0x00, 0xFA, 0xFF, 0xFF, 0x08, 0x7E, 0x00, 0x24, 0x30, 0x75, 0xB0, 0x68, 0x11, 0x68, 0x40, 0x1A
	.byte 0x10, 0x60, 0x0D, 0x20, 0x49, 0x46, 0x08, 0x60, 0x02, 0x49, 0x08, 0x98, 0xCB, 0xF7, 0xF0, 0xFF
	.byte 0x2C, 0x80, 0x3D, 0xE1, 0xF1, 0x4A, 0x03, 0x08, 0x48, 0x1C, 0x28, 0x80, 0x0C, 0xE1, 0xCC, 0xF7
	.byte 0xE3, 0xF9, 0xF0, 0x21, 0x01, 0x40, 0x00, 0x29, 0x07, 0xD0, 0x30, 0x69, 0x11, 0x30, 0x30, 0x61
	.byte 0x80, 0x21, 0x89, 0x00, 0x88, 0x42, 0x06, 0xDD, 0x04, 0xE0, 0x30, 0x69, 0x26, 0x38, 0x30, 0x61
	.byte 0x00, 0x28, 0x00, 0xDA, 0x31, 0x61, 0x38, 0x1C, 0xA0, 0x30, 0x02, 0x68, 0x04, 0x49, 0x04, 0x1C
	.byte 0x8A, 0x42, 0x07, 0xDD, 0x38, 0x1C, 0x05, 0x21, 0x00, 0x22, 0xFF, 0xF7, 0xA1, 0xFB, 0x06, 0xE0
	.byte 0x00, 0xFE, 0xFF, 0xFF, 0x38, 0x1C, 0x04, 0x21, 0x00, 0x22, 0xFF, 0xF7, 0x99, 0xFB, 0x1D, 0x4B
	.byte 0x30, 0x7D, 0x40, 0x00, 0xC0, 0x18, 0x00, 0x25, 0x40, 0x5F, 0x32, 0x69, 0x01, 0x1C, 0x51, 0x43
	.byte 0x09, 0x12, 0x30, 0x68, 0x40, 0x18, 0x30, 0x60, 0x30, 0x7D, 0x40, 0x30, 0x40, 0x00, 0xC0, 0x18
	.byte 0x00, 0x21, 0x40, 0x5E, 0x40, 0x42, 0x01, 0x1C, 0x51, 0x43, 0x09, 0x12, 0x70, 0x68, 0x40, 0x18
	.byte 0x70, 0x60, 0xB0, 0x68, 0x21, 0x68, 0x40, 0x18, 0xB0, 0x60, 0x20, 0x68, 0x42, 0x30, 0x20, 0x60
	.byte 0x00, 0x28, 0x08, 0xDA, 0xCC, 0xF7, 0x98, 0xF9, 0x02, 0x21, 0x01, 0x40, 0x00, 0x29, 0x02, 0xD1
	.byte 0x20, 0x68, 0x40, 0x30, 0x20, 0x60, 0xCC, 0xF7, 0x95, 0xF9, 0x01, 0x21, 0x01, 0x40, 0x00, 0x29
	.byte 0x0A, 0xD0, 0x38, 0x1C, 0x98, 0x30, 0x00, 0x21, 0x01, 0x80, 0x0C, 0x20, 0x4A, 0x46, 0x10, 0x60
	.byte 0xAA, 0xE0, 0x00, 0x00, 0x00, 0x14, 0x12, 0x08, 0x20, 0x68, 0x00, 0x28, 0x04, 0xDD, 0x38, 0x1C
	.byte 0x98, 0x30, 0x01, 0x80, 0x04, 0x20, 0x5D, 0xE0, 0x39, 0x1C, 0x98, 0x31, 0x08, 0x88, 0x01, 0x30
	.byte 0x08, 0x80, 0x08, 0x20, 0xC0, 0x19, 0x80, 0x46, 0xC5, 0xE0, 0xCC, 0xF7, 0x6D, 0xF9, 0xF0, 0x21
	.byte 0x01, 0x40, 0x00, 0x29, 0x07, 0xD0, 0x30, 0x69, 0x11, 0x30, 0x30, 0x61, 0x80, 0x21, 0x89, 0x00
	.byte 0x88, 0x42, 0x06, 0xDD, 0x04, 0xE0, 0x30, 0x69, 0x26, 0x38, 0x30, 0x61, 0x00, 0x28, 0x00, 0xDA
	.byte 0x31, 0x61, 0x38, 0x1C, 0xA0, 0x30, 0x02, 0x68, 0x04, 0x49, 0x04, 0x1C, 0x8A, 0x42, 0x07, 0xDC
	.byte 0x38, 0x1C, 0x05, 0x21, 0x00, 0x22, 0xFF, 0xF7, 0x2B, 0xFB, 0x06, 0xE0, 0xFF, 0x01, 0x00, 0x00
	.byte 0x38, 0x1C, 0x06, 0x21, 0x00, 0x22, 0xFF, 0xF7, 0x23, 0xFB, 0x19, 0x4B, 0x30, 0x7D, 0x40, 0x00
	.byte 0xC0, 0x18, 0x00, 0x21, 0x40, 0x5E, 0x32, 0x69, 0x01, 0x1C, 0x51, 0x43, 0x09, 0x12, 0x30, 0x68
	.byte 0x40, 0x18, 0x30, 0x60, 0x30, 0x7D, 0x40, 0x30, 0x40, 0x00, 0xC0, 0x18, 0x00, 0x23, 0xC0, 0x5E
	.byte 0x40, 0x42, 0x01, 0x1C, 0x51, 0x43, 0x09, 0x12, 0x70, 0x68, 0x40, 0x18, 0x70, 0x60, 0x22, 0x1C
	.byte 0xB0, 0x68, 0x11, 0x68, 0x40, 0x18, 0xB0, 0x60, 0x10, 0x68, 0x42, 0x30, 0x10, 0x60, 0xCC, 0xF7
	.byte 0x29, 0xF9, 0x01, 0x21, 0x01, 0x40, 0x00, 0x29, 0x0C, 0xD0, 0x38, 0x1C, 0x98, 0x30, 0x00, 0x21
	.byte 0x01, 0x80, 0x0C, 0x20, 0x4C, 0x46, 0x20, 0x60, 0x08, 0x25, 0xED, 0x19, 0xA8, 0x46, 0x6A, 0xE0
	.byte 0x00, 0x14, 0x12, 0x08, 0xB0, 0x68, 0x08, 0x22, 0xD2, 0x19, 0x90, 0x46, 0x50, 0x45, 0x62, 0xDD
	.byte 0x53, 0x46, 0xB3, 0x60, 0x21, 0x60, 0x4C, 0x46, 0x20, 0x68, 0x05, 0x28, 0x5B, 0xD0, 0x05, 0x20
	.byte 0x20, 0x60, 0x38, 0x1C, 0x98, 0x30, 0x01, 0x80, 0x55, 0xE0, 0x3C, 0x1C, 0x98, 0x34, 0x00, 0x25
	.byte 0x60, 0x5F, 0x00, 0x28, 0x0A, 0xD1, 0x38, 0x1C, 0x07, 0x21, 0x00, 0x22, 0xFF, 0xF7, 0xD0, 0xFA
	.byte 0x38, 0x1C, 0xAC, 0x30, 0x00, 0x68, 0xC0, 0x88, 0xEA, 0xF0, 0x64, 0xFE, 0x00, 0x20, 0x80, 0x46
	.byte 0x30, 0x61, 0xCC, 0xF7, 0xEF, 0xF8, 0x02, 0x25, 0x29, 0x1C, 0x01, 0x40, 0x09, 0x04, 0x0B, 0x0C
	.byte 0x00, 0x2B, 0x0F, 0xD0, 0x3A, 0x1C, 0xA4, 0x32, 0x11, 0x88, 0x05, 0x48, 0x08, 0x40, 0x10, 0x80
	.byte 0x41, 0x46, 0x21, 0x80, 0x4A, 0x46, 0x15, 0x60, 0x08, 0x23, 0xDB, 0x19, 0x98, 0x46, 0x2A, 0xE0
	.byte 0xFB, 0xFF, 0x00, 0x00, 0x21, 0x88, 0x00, 0x25, 0x60, 0x5F, 0x06, 0x28, 0x1E, 0xDD, 0x0B, 0x48
	.byte 0x02, 0x68, 0x10, 0x6F, 0x0A, 0x49, 0x08, 0x40, 0x10, 0x67, 0x3A, 0x1C, 0xA4, 0x32, 0x11, 0x88
	.byte 0x08, 0x48, 0x08, 0x40, 0x10, 0x80, 0x48, 0x46, 0x03, 0x60, 0x23, 0x80, 0x06, 0x49, 0x08, 0x98
	.byte 0xCB, 0xF7, 0xBE, 0xFE, 0x08, 0x21, 0xC9, 0x19, 0x88, 0x46, 0x0C, 0xE0, 0xA0, 0x9B, 0x03, 0x02
	.byte 0xFF, 0xFF, 0x7F, 0xFF, 0xFB, 0xFF, 0x00, 0x00, 0x61, 0x63, 0x03, 0x08, 0x48, 0x1C, 0x20, 0x80
	.byte 0x08, 0x22, 0xD2, 0x19, 0x90, 0x46, 0x38, 0x1C, 0x64, 0x30, 0x00, 0x78, 0x00, 0x28, 0x1D, 0xD0
	.byte 0xF8, 0x6E, 0x05, 0x28, 0x1A, 0xD0, 0x05, 0x28, 0x02, 0xD8, 0x03, 0x28, 0x16, 0xD0, 0x01, 0xE0
	.byte 0x0B, 0x28, 0x13, 0xD0, 0x38, 0x1C, 0x66, 0x30, 0x01, 0x88, 0x01, 0x20, 0x08, 0x40, 0x00, 0x28
	.byte 0x0C, 0xD1, 0x31, 0x69, 0xE6, 0x20, 0x48, 0x43, 0x00, 0x12, 0x30, 0x61, 0x30, 0x68, 0x39, 0x6F
	.byte 0x40, 0x18, 0x30, 0x60, 0x70, 0x68, 0x79, 0x6F, 0x40, 0x18, 0x70, 0x60, 0x30, 0x1C, 0xFF, 0xF7
	.byte 0x4D, 0xF9, 0x00, 0x06, 0x00, 0x28, 0x78, 0xD0, 0x09, 0x9B, 0x33, 0x60, 0x0A, 0x9C, 0x74, 0x60
	.byte 0x30, 0x1C, 0x39, 0x1C, 0xFF, 0xF7, 0xAC, 0xF9, 0x00, 0x06, 0x00, 0x0E, 0x01, 0x28, 0x0F, 0xD0
	.byte 0x02, 0x28, 0x1B, 0xD1, 0x39, 0x1C, 0x98, 0x31, 0x00, 0x20, 0x08, 0x80, 0x06, 0x20, 0x4D, 0x46
	.byte 0x28, 0x60, 0xD3, 0x20, 0x30, 0x75, 0x01, 0x49, 0x4B, 0xE0, 0x00, 0x00, 0xDD, 0x53, 0x03, 0x08
	.byte 0x39, 0x1C, 0x98, 0x31, 0x00, 0x20, 0x08, 0x80, 0x06, 0x20, 0x49, 0x46, 0x08, 0x60, 0x2D, 0x20
	.byte 0x30, 0x75, 0x01, 0x49, 0x3D, 0xE0, 0x00, 0x00, 0xDD, 0x53, 0x03, 0x08, 0x4A, 0x46, 0x10, 0x68
	.byte 0x04, 0x28, 0x45, 0xD1, 0xF0, 0x68, 0xB1, 0x68, 0x40, 0x1A, 0x1C, 0x49, 0x88, 0x42, 0x3F, 0xDD
	.byte 0x69, 0x46, 0x30, 0x1C, 0x38, 0xC8, 0x38, 0xC1, 0x00, 0x68, 0x08, 0x60, 0x01, 0x98, 0x18, 0x49
	.byte 0x40, 0x18, 0x01, 0x90, 0xB0, 0x68, 0x17, 0x4A, 0x80, 0x18, 0x02, 0x90, 0x04, 0xAD, 0x29, 0x1C
	.byte 0x68, 0x46, 0x1C, 0xC8, 0x1C, 0xC1, 0x00, 0x68, 0x08, 0x60, 0xA8, 0x68, 0xC0, 0x23, 0x9B, 0x00
	.byte 0xC0, 0x18, 0xA8, 0x60, 0x68, 0x46, 0xFF, 0xF7, 0xF9, 0xF8, 0x00, 0x06, 0x04, 0x0E, 0x00, 0x2C
	.byte 0x23, 0xD1, 0x28, 0x1C, 0xFF, 0xF7, 0xF2, 0xF8, 0x00, 0x06, 0x00, 0x28, 0x1D, 0xD0, 0x38, 0x1C
	.byte 0x98, 0x30, 0x04, 0x80, 0x08, 0x20, 0x4D, 0x46, 0x28, 0x60, 0x07, 0x48, 0x00, 0x68, 0x84, 0x66
	.byte 0x06, 0x49, 0x08, 0x98, 0xCB, 0xF7, 0x1C, 0xFE, 0x0F, 0xE0, 0x00, 0x00, 0xFF, 0x0F, 0x00, 0x00
	.byte 0x00, 0xFC, 0xFF, 0xFF, 0x00, 0xD0, 0xFF, 0xFF, 0xA0, 0x9B, 0x03, 0x02, 0xF1, 0x58, 0x03, 0x08
	.byte 0x31, 0x69, 0xE6, 0x20, 0x48, 0x43, 0x00, 0x12, 0x30, 0x61, 0x38, 0x1C, 0x38, 0x30, 0x31, 0x68
	.byte 0x72, 0x68, 0xB3, 0x68, 0xDC, 0xF7, 0xD0, 0xFF, 0x30, 0x68, 0x71, 0x68, 0xB2, 0x68, 0x89, 0x18
	.byte 0xAA, 0xF0, 0x84, 0xFF, 0x40, 0x46, 0xD0, 0xF7, 0x67, 0xFB, 0x38, 0x62, 0x38, 0x1C, 0x24, 0x30
	.byte 0xCB, 0xF7, 0x82, 0xFD, 0x0C, 0x48, 0x00, 0x68, 0x00, 0x6F, 0x80, 0x21, 0xC9, 0x02, 0x08, 0x40
	.byte 0x00, 0x28, 0x07, 0xD0, 0x38, 0x1C, 0x98, 0x30, 0x00, 0x21, 0x01, 0x80, 0x07, 0x49, 0x08, 0x98
	.byte 0xCB, 0xF7, 0xE6, 0xFD, 0x01, 0x20, 0x0C, 0xB0, 0x38, 0xBC, 0x98, 0x46, 0xA1, 0x46, 0xAA, 0x46
	.byte 0xF0, 0xBC, 0x02, 0xBC, 0x08, 0x47, 0x00, 0x00, 0xA0, 0x9B, 0x03, 0x02, 0x0D, 0x4A, 0x03, 0x08
	.byte 0xF0, 0xB5, 0x57, 0x46, 0x4E, 0x46, 0x45, 0x46, 0xE0, 0xB4, 0x87, 0xB0, 0x06, 0x1C, 0x04, 0x91
	.byte 0x0B, 0x4C, 0x27, 0x68, 0x3D, 0x1C, 0x18, 0x35, 0xFF, 0xF7, 0x64, 0xF9, 0x06, 0x90, 0xB8, 0x69
	.byte 0x05, 0x90, 0x69, 0x68, 0x8A, 0x46, 0x20, 0x68, 0x00, 0x22, 0x90, 0x46, 0x82, 0x66, 0x34, 0x1C
	.byte 0x94, 0x34, 0x20, 0x68, 0x06, 0x28, 0x05, 0xD0, 0x07, 0x28, 0x00, 0xD1, 0x86, 0xE1, 0xC7, 0xE1
	.byte 0xA0, 0x9B, 0x03, 0x02, 0x30, 0x1C, 0x98, 0x30, 0x00, 0x23, 0xC1, 0x5E, 0x81, 0x46, 0xB8, 0x24
	.byte 0xA4, 0x19, 0xA0, 0x46, 0x00, 0x29, 0x2E, 0xD1, 0xA8, 0x68, 0x00, 0x13, 0x00, 0x03, 0x20, 0x60
	.byte 0x49, 0x46, 0x08, 0x88, 0x01, 0x30, 0x08, 0x80, 0x30, 0x1C, 0xB0, 0x30, 0x00, 0x68, 0xC0, 0x12
	.byte 0x00, 0x28, 0x00, 0xDA, 0x03, 0x30, 0x82, 0x10, 0x30, 0x1C, 0xB4, 0x30, 0x00, 0x68, 0xC1, 0x12
	.byte 0xC0, 0x0F, 0x09, 0x18, 0x49, 0x10, 0x52, 0x03, 0x80, 0x20, 0x40, 0x01, 0x09, 0x03, 0x8A, 0x46
	.byte 0x80, 0x21, 0x09, 0x01, 0x02, 0x43, 0x05, 0x92, 0xBA, 0x61, 0x52, 0x46, 0x0A, 0x43, 0x92, 0x46
	.byte 0x6A, 0x60, 0x30, 0x1C, 0xAC, 0x30, 0x00, 0x68, 0x40, 0x89, 0xEA, 0xF0, 0xF3, 0xFC, 0x28, 0x1C
	.byte 0xAA, 0xF0, 0x46, 0xFD, 0xE8, 0x60, 0x30, 0x1C, 0x08, 0x21, 0x01, 0x22, 0xFF, 0xF7, 0x50, 0xF9
	.byte 0xA8, 0x68, 0x00, 0x12, 0x04, 0x30, 0x1F, 0x21, 0x08, 0x40, 0xF0, 0x82, 0x34, 0x1C, 0x08, 0x34
	.byte 0x20, 0x1C, 0xD0, 0xF7, 0x25, 0xFB, 0x30, 0x62, 0x70, 0x8A, 0x27, 0x1C, 0x00, 0x28, 0x12, 0xD1
	.byte 0xF0, 0x8A, 0x08, 0x28, 0x02, 0xD0, 0x18, 0x28, 0x07, 0xD0, 0x0C, 0xE0, 0x30, 0x1C, 0xAC, 0x30
	.byte 0x00, 0x68, 0x00, 0x89, 0xEA, 0xF0, 0xCE, 0xFC, 0x05, 0xE0, 0x30, 0x1C, 0xAC, 0x30, 0x00, 0x68
	.byte 0x40, 0x89, 0xEA, 0xF0, 0xC7, 0xFC, 0x43, 0x46, 0x18, 0x68, 0x00, 0x13, 0x00, 0x03, 0xA9, 0x68
	.byte 0x40, 0x1A, 0x41, 0x10, 0x08, 0x1C, 0x00, 0x29, 0x00, 0xDA, 0x48, 0x42, 0x18, 0x28, 0x01, 0xDC
	.byte 0x00, 0x21, 0x07, 0xE0, 0xC0, 0x20, 0x40, 0x00, 0x81, 0x42, 0x02, 0xDC, 0x23, 0x48, 0x81, 0x42
	.byte 0x00, 0xDA, 0x01, 0x1C, 0xA8, 0x68, 0x40, 0x18, 0xA8, 0x60, 0x00, 0x29, 0x46, 0xDA, 0x20, 0x4A
	.byte 0x28, 0x7D, 0x40, 0x00, 0x80, 0x18, 0x00, 0x24, 0x01, 0x5F, 0x28, 0x68, 0x40, 0x18, 0x28, 0x60
	.byte 0x28, 0x7D, 0x40, 0x30, 0x40, 0x00, 0x80, 0x18, 0x00, 0x22, 0x81, 0x5E, 0x68, 0x68, 0x40, 0x1A
	.byte 0x68, 0x60, 0x69, 0x46, 0x28, 0x1C, 0x1C, 0xC8, 0x1C, 0xC1, 0x00, 0x68, 0x08, 0x60, 0x43, 0x46
	.byte 0x18, 0x68, 0x14, 0x4C, 0x00, 0x19, 0x02, 0x90, 0x68, 0x46, 0xFE, 0xF7, 0xDF, 0xFF, 0x00, 0x06
	.byte 0x03, 0x0E, 0x00, 0x2B, 0x00, 0xD0, 0x9A, 0xE0, 0xCC, 0x20, 0x28, 0x61, 0x31, 0x1C, 0xA0, 0x31
	.byte 0x0D, 0x48, 0x08, 0x60, 0x32, 0x1C, 0xA4, 0x32, 0x11, 0x88, 0x04, 0x20, 0x08, 0x43, 0x10, 0x80
	.byte 0x31, 0x1C, 0x94, 0x31, 0x07, 0x20, 0x08, 0x60, 0x48, 0x46, 0x03, 0x80, 0x30, 0x1C, 0xAC, 0x30
	.byte 0x00, 0x68, 0x80, 0x89, 0xEA, 0xF0, 0x6E, 0xFC, 0x81, 0xE0, 0x00, 0x00, 0x80, 0xFE, 0xFF, 0xFF
	.byte 0x00, 0x14, 0x12, 0x08, 0x00, 0xD8, 0xFF, 0xFF, 0x80, 0xFA, 0xFF, 0xFF, 0x00, 0x29, 0x37, 0xDD
	.byte 0x06, 0x99, 0x88, 0x42, 0x73, 0xDB, 0xA9, 0x60, 0x28, 0x7D, 0x80, 0x30, 0x00, 0x24, 0x28, 0x75
	.byte 0x15, 0x4A, 0x28, 0x7D, 0x40, 0x00, 0x80, 0x18, 0x00, 0x23, 0xC0, 0x5E, 0x81, 0x00, 0x09, 0x18
	.byte 0x49, 0x00, 0x28, 0x68, 0x40, 0x18, 0x28, 0x60, 0x28, 0x7D, 0x40, 0x30, 0x40, 0x00, 0x80, 0x18
	.byte 0x00, 0x21, 0x40, 0x5E, 0x40, 0x42, 0x81, 0x00, 0x09, 0x18, 0x49, 0x00, 0x68, 0x68, 0x40, 0x18
	.byte 0x68, 0x60, 0x30, 0x1C, 0x00, 0x21, 0x01, 0x22, 0xFF, 0xF7, 0xA2, 0xF8, 0x38, 0x1C, 0xD0, 0xF7
	.byte 0x7F, 0xFA, 0x30, 0x62, 0x30, 0x1C, 0x94, 0x30, 0x04, 0x60, 0x4A, 0x46, 0x14, 0x80, 0x03, 0x49
	.byte 0x04, 0x98, 0xCB, 0xF7, 0xBD, 0xFC, 0x42, 0xE0, 0x00, 0x14, 0x12, 0x08, 0x61, 0x63, 0x03, 0x08
	.byte 0x00, 0x29, 0x3C, 0xD1, 0xCB, 0xF7, 0xB0, 0xFE, 0x40, 0x21, 0x01, 0x40, 0x00, 0x29, 0x11, 0xD1
	.byte 0xCB, 0xF7, 0xAA, 0xFE, 0x20, 0x21, 0x01, 0x40, 0x00, 0x29, 0x02, 0xD0, 0x28, 0x7D, 0xD3, 0x28
	.byte 0x08, 0xD0, 0xCB, 0xF7, 0xA1, 0xFE, 0x10, 0x21, 0x01, 0x40, 0x00, 0x29, 0x09, 0xD0, 0x28, 0x7D
	.byte 0x2D, 0x28, 0x06, 0xD1, 0x43, 0x46, 0x18, 0x68, 0x00, 0x13, 0x01, 0x38, 0x00, 0x03, 0x18, 0x60
	.byte 0x1D, 0xE0, 0xCB, 0xF7, 0x91, 0xFE, 0x80, 0x21, 0x01, 0x40, 0x00, 0x29, 0x11, 0xD1, 0xCB, 0xF7
	.byte 0x8B, 0xFE, 0x10, 0x21, 0x01, 0x40, 0x00, 0x29, 0x02, 0xD0, 0x28, 0x7D, 0xD3, 0x28, 0x08, 0xD0
	.byte 0xCB, 0xF7, 0x82, 0xFE, 0x20, 0x21, 0x01, 0x40, 0x00, 0x29, 0x08, 0xD0, 0x28, 0x7D, 0x2D, 0x28
	.byte 0x05, 0xD1, 0x44, 0x46, 0x20, 0x68, 0x00, 0x13, 0x01, 0x30, 0x00, 0x03, 0x20, 0x60, 0xCB, 0xF7
	.byte 0x79, 0xFE, 0x02, 0x21, 0x01, 0x40, 0x00, 0x29, 0x00, 0xD1, 0x81, 0xE0, 0x31, 0x1C, 0xA0, 0x31
	.byte 0x00, 0x20, 0x08, 0x60, 0x49, 0x46, 0x08, 0x80, 0x31, 0x1C, 0x94, 0x31, 0x04, 0x20, 0x08, 0x60
	.byte 0x28, 0x7D, 0x80, 0x30, 0x28, 0x75, 0x80, 0x20, 0x28, 0x61, 0x32, 0x1C, 0xA4, 0x32, 0x11, 0x88
	.byte 0x04, 0x20, 0x08, 0x43, 0x10, 0x80, 0x13, 0x4A, 0x28, 0x7D, 0x40, 0x00, 0x80, 0x18, 0x00, 0x23
	.byte 0xC0, 0x5E, 0x81, 0x00, 0x09, 0x18, 0x49, 0x00, 0x28, 0x68, 0x40, 0x18, 0x28, 0x60, 0x28, 0x7D
	.byte 0x40, 0x30, 0x40, 0x00, 0x80, 0x18, 0x00, 0x24, 0x00, 0x5F, 0x40, 0x42, 0x81, 0x00, 0x09, 0x18
	.byte 0x49, 0x00, 0x68, 0x68, 0x40, 0x18, 0x68, 0x60, 0x30, 0x1C, 0x06, 0x21, 0x00, 0x22, 0xFF, 0xF7
	.byte 0x17, 0xF8, 0x38, 0x1C, 0xD0, 0xF7, 0xF4, 0xF9, 0x30, 0x62, 0x03, 0x49, 0x04, 0x98, 0xCB, 0xF7
	.byte 0x37, 0xFC, 0x45, 0xE0, 0x00, 0x14, 0x12, 0x08, 0x89, 0x4C, 0x03, 0x08, 0x30, 0x1C, 0x0B, 0x21
	.byte 0x00, 0x22, 0xFF, 0xF7, 0x05, 0xF8, 0x17, 0x4A, 0x28, 0x7D, 0x40, 0x00, 0x80, 0x18, 0x00, 0x23
	.byte 0xC1, 0x5E, 0x28, 0x69, 0x41, 0x43, 0x09, 0x12, 0xB8, 0x69, 0x40, 0x18, 0xB8, 0x61, 0x28, 0x7D
	.byte 0x40, 0x30, 0x40, 0x00, 0x80, 0x18, 0x00, 0x21, 0x40, 0x5E, 0x40, 0x42, 0x29, 0x69, 0x41, 0x43
	.byte 0x09, 0x12, 0x68, 0x68, 0x40, 0x18, 0x68, 0x60, 0x32, 0x1C, 0xA0, 0x32, 0x11, 0x68, 0x42, 0x31
	.byte 0x11, 0x60, 0xA8, 0x68, 0x40, 0x18, 0xA8, 0x60, 0x10, 0x68, 0x00, 0x28, 0x0E, 0xDD, 0x30, 0x1C
	.byte 0x98, 0x30, 0x42, 0x46, 0x02, 0x80, 0x04, 0x20, 0x20, 0x60, 0x03, 0x49, 0x04, 0x98, 0xCB, 0xF7
	.byte 0xFF, 0xFB, 0x08, 0xE0, 0x00, 0x14, 0x12, 0x08, 0x89, 0x4C, 0x03, 0x08, 0x31, 0x1C, 0x98, 0x31
	.byte 0x08, 0x88, 0x01, 0x30, 0x08, 0x80, 0x30, 0x1C, 0x08, 0x30, 0xD0, 0xF7, 0x5D, 0xF9, 0x30, 0x62
	.byte 0x28, 0x1C, 0xFE, 0xF7, 0xB3, 0xFE, 0x00, 0x06, 0x00, 0x28, 0x03, 0xD0, 0x05, 0x9B, 0x2B, 0x60
	.byte 0x54, 0x46, 0x6C, 0x60, 0x30, 0x1C, 0x38, 0x30, 0x29, 0x68, 0x6A, 0x68, 0xAB, 0x68, 0xDC, 0xF7
	.byte 0xAB, 0xFD, 0x28, 0x68, 0x69, 0x68, 0xAA, 0x68, 0x89, 0x18, 0xAA, 0xF0, 0x5F, 0xFD, 0x30, 0x1C
	.byte 0x24, 0x30, 0xCB, 0xF7, 0x61, 0xFB, 0x01, 0x20, 0x07, 0xB0, 0x38, 0xBC, 0x98, 0x46, 0xA1, 0x46
	.byte 0xAA, 0x46, 0xF0, 0xBC, 0x02, 0xBC, 0x08, 0x47
	thumb_func_start func_080357F4
func_080357F4: @ 080357F4
	push {r4, r5, r6, lr}
	adds r6, r0, #0x0
	adds r4, r1, #0x0
	ldr r0, _0803586C @ =0x02039BA0
	ldr r0, [r0, #0x00]
	adds r5, r0, #0x0
	adds r5, #0x18
	bl func_08001390
	movs r1, #0x02
	ands r1, r0
	cmp r1, #0x00
	bne _0803583E
	bl func_08001390
	movs r1, #0x80
	ands r1, r0
	cmp r1, #0x00
	bne _0803583E
	ldrb r0, [r5, #0x14]
	cmp r0, #0xD3
	bne _0803582C
	bl func_08001390
	movs r1, #0x10
	ands r1, r0
	cmp r1, #0x00
	bne _0803583E
_0803582C:
	ldrb r0, [r5, #0x14]
	cmp r0, #0x2D
	bne _08035874
	bl func_08001390
	movs r1, #0x20
	ands r1, r0
	cmp r1, #0x00
	beq _08035874
_0803583E:
	adds r0, r6, #0x0
	adds r0, #0x98
	movs r2, #0x00
	strh r2, [r0, #0x00]
	adds r1, r6, #0x0
	adds r1, #0x94
	movs r0, #0x04
	str r0, [r1, #0x00]
	adds r0, r6, #0x0
	adds r0, #0xA0
	str r2, [r0, #0x00]
	ldrb r0, [r5, #0x14]
	adds r0, #0x80
	strb r0, [r5, #0x14]
	ldr r0, _0803586C @ =0x02039BA0
	ldr r0, [r0, #0x00]
	str r2, [r0, #0x68]
	ldr r1, _08035870 @ =0x08034C89
	adds r0, r4, #0x0
	bl func_08000F8C
	movs r0, #0x01
	b _080358EA
_0803586C: .4byte 0x02039BA0
_08035870: .4byte 0x08034C89
_08035874:
	bl func_08001384
	movs r1, #0x40
	ands r1, r0
	cmp r1, #0x00
	bne _080358A4
	ldrb r0, [r5, #0x14]
	cmp r0, #0xD3
	bne _08035892
	bl func_08001384
	movs r1, #0x20
	ands r1, r0
	cmp r1, #0x00
	bne _080358A4
_08035892:
	ldrb r0, [r5, #0x14]
	cmp r0, #0x2D
	bne _080358E8
	bl func_08001384
	movs r1, #0x10
	ands r1, r0
	cmp r1, #0x00
	beq _080358E8
_080358A4:
	adds r0, r6, #0x0
	adds r0, #0x98
	movs r4, #0x00
	strh r4, [r0, #0x00]
	adds r1, r6, #0x0
	adds r1, #0x94
	movs r0, #0x0A
	str r0, [r1, #0x00]
	ldr r0, _080358DC @ =0x00000133
	str r0, [r5, #0x10]
	adds r1, #0x0C
	ldr r0, _080358E0 @ =0xFFFFFA40
	str r0, [r1, #0x00]
	adds r2, r6, #0x0
	adds r2, #0xA4
	ldrh r1, [r2, #0x00]
	movs r0, #0x04
	orrs r0, r1
	strh r0, [r2, #0x00]
	movs r0, #0x8E
	bl func_0811FE70
	ldr r0, _080358E4 @ =0x02039BA0
	ldr r0, [r0, #0x00]
	str r4, [r0, #0x68]
	movs r0, #0x01
	b _080358EA
	.byte 0x00, 0x00
_080358DC: .4byte 0x00000133
_080358E0: .4byte 0xFFFFFA40
_080358E4: .4byte 0x02039BA0
_080358E8:
	movs r0, #0x00
_080358EA:
	pop {r4, r5, r6}
	pop {r1}
	bx r1
	.byte 0xF0, 0xB5, 0x57, 0x46, 0x4E, 0x46, 0x45, 0x46, 0xE0, 0xB4, 0x87, 0xB0, 0x06, 0x1C, 0x88, 0x46
	.byte 0x0A, 0x48, 0x04, 0x68, 0x25, 0x1C, 0x18, 0x35, 0x00, 0x20, 0x82, 0x46, 0xA1, 0x69, 0x04, 0x91
	.byte 0x6A, 0x68, 0x05, 0x92, 0xA0, 0x66, 0x94, 0x23, 0x9B, 0x19, 0x99, 0x46, 0x18, 0x68, 0x09, 0x28
	.byte 0x65, 0xD0, 0x09, 0x28, 0x04, 0xD8, 0x08, 0x28, 0x05, 0xD0, 0xA8, 0xE0, 0xA0, 0x9B, 0x03, 0x02
	.byte 0x0A, 0x28, 0x66, 0xD0, 0xA3, 0xE0, 0x30, 0x1C, 0x98, 0x30, 0x00, 0x27, 0xC1, 0x5F, 0x06, 0x90
	.byte 0x00, 0x29, 0x1E, 0xD1, 0x69, 0x46, 0x28, 0x1C, 0x8C, 0xC8, 0x8C, 0xC1, 0x00, 0x68, 0x08, 0x60
	.byte 0x01, 0x98, 0x22, 0x49, 0x40, 0x18, 0x01, 0x90, 0x68, 0x46, 0xAA, 0xF0, 0xDF, 0xFA, 0xAC, 0x22
	.byte 0x92, 0x01, 0x80, 0x18, 0xA8, 0x60, 0x8D, 0x20, 0xEA, 0xF0, 0x82, 0xFA, 0xA0, 0x69, 0x69, 0x68
	.byte 0xAA, 0x68, 0xAA, 0xF0, 0x0F, 0xFB, 0x28, 0x75, 0x30, 0x1C, 0x09, 0x21, 0x00, 0x22, 0xFE, 0xF7
	.byte 0xDD, 0xFE, 0x06, 0x9B, 0x00, 0x27, 0xD8, 0x5F, 0x0F, 0x28, 0x06, 0xDD, 0x30, 0x1C, 0x41, 0x46
	.byte 0xFF, 0xF7, 0x30, 0xFF, 0x00, 0x06, 0x00, 0x0E, 0x82, 0x46, 0x11, 0x4A, 0x28, 0x7D, 0x40, 0x00
	.byte 0x80, 0x18, 0x00, 0x23, 0xC1, 0x5E, 0xA0, 0x69, 0x40, 0x18, 0xA0, 0x61, 0x28, 0x7D, 0x40, 0x30
	.byte 0x40, 0x00, 0x80, 0x18, 0x00, 0x27, 0xC1, 0x5F, 0x68, 0x68, 0x40, 0x1A, 0x68, 0x60, 0x34, 0x1C
	.byte 0x08, 0x34, 0x20, 0x1C, 0xD0, 0xF7, 0xAA, 0xF8, 0x00, 0x06, 0x00, 0x28, 0x0A, 0xD0, 0x50, 0x46
	.byte 0x00, 0x28, 0x07, 0xD1, 0x09, 0x20, 0x49, 0x46, 0x08, 0x60, 0x52, 0xE0, 0x00, 0xF6, 0xFF, 0xFF
	.byte 0x00, 0x14, 0x12, 0x08, 0x06, 0x9A, 0x10, 0x88, 0x01, 0x30, 0x10, 0x80, 0x49, 0xE0, 0x30, 0x1C
	.byte 0x0A, 0x21, 0x00, 0x22, 0xFE, 0xF7, 0xA2, 0xFE, 0x30, 0x1C, 0x41, 0x46, 0xFF, 0xF7, 0xFA, 0xFE
	.byte 0x3D, 0xE0, 0x30, 0x1C, 0x0B, 0x21, 0x00, 0x22, 0xFE, 0xF7, 0x98, 0xFE, 0x17, 0x4A, 0x28, 0x7D
	.byte 0x40, 0x00, 0x80, 0x18, 0x00, 0x23, 0xC1, 0x5E, 0x28, 0x69, 0x41, 0x43, 0x09, 0x12, 0xA0, 0x69
	.byte 0x40, 0x18, 0xA0, 0x61, 0x28, 0x7D, 0x40, 0x30, 0x40, 0x00, 0x80, 0x18, 0x00, 0x27, 0xC0, 0x5F
	.byte 0x40, 0x42, 0x29, 0x69, 0x41, 0x43, 0x09, 0x12, 0x68, 0x68, 0x40, 0x18, 0x68, 0x60, 0x32, 0x1C
	.byte 0xA0, 0x32, 0xA8, 0x68, 0x11, 0x68, 0x40, 0x18, 0xA8, 0x60, 0x10, 0x68, 0x42, 0x30, 0x10, 0x60
	.byte 0x00, 0x28, 0x0F, 0xDD, 0x30, 0x1C, 0x98, 0x30, 0x51, 0x46, 0x01, 0x80, 0x04, 0x20, 0x4A, 0x46
	.byte 0x10, 0x60, 0x03, 0x49, 0x40, 0x46, 0xCB, 0xF7, 0x91, 0xFA, 0x08, 0xE0, 0x00, 0x14, 0x12, 0x08
	.byte 0x89, 0x4C, 0x03, 0x08, 0x31, 0x1C, 0x98, 0x31, 0x08, 0x88, 0x01, 0x30, 0x08, 0x80, 0x34, 0x1C
	.byte 0x08, 0x34, 0x20, 0x1C, 0xCF, 0xF7, 0xEE, 0xFF, 0x30, 0x62, 0x28, 0x1C, 0xFE, 0xF7, 0x44, 0xFD
	.byte 0x00, 0x06, 0x00, 0x28, 0x03, 0xD0, 0x04, 0x9B, 0x2B, 0x60, 0x05, 0x9F, 0x6F, 0x60, 0x30, 0x1C
	.byte 0x38, 0x30, 0x29, 0x68, 0x6A, 0x68, 0xAB, 0x68, 0xDC, 0xF7, 0x3C, 0xFC, 0x28, 0x68, 0x69, 0x68
	.byte 0xAA, 0x68, 0x89, 0x18, 0xAA, 0xF0, 0xF0, 0xFB, 0x30, 0x1C, 0x24, 0x30, 0xCB, 0xF7, 0xF2, 0xF9
	.byte 0x01, 0x20, 0x07, 0xB0, 0x38, 0xBC, 0x98, 0x46, 0xA1, 0x46, 0xAA, 0x46, 0xF0, 0xBC, 0x02, 0xBC
	.byte 0x08, 0x47, 0x00, 0x00, 0xF0, 0xB5, 0x47, 0x46, 0x80, 0xB4, 0x04, 0x1C, 0x07, 0x48, 0x00, 0x68
	.byte 0x06, 0x1C, 0x18, 0x36, 0x20, 0x1C, 0x94, 0x30, 0x00, 0x68, 0x0F, 0x38, 0x04, 0x28, 0x00, 0xD9
	.byte 0x67, 0xE1, 0x80, 0x00, 0x02, 0x49, 0x40, 0x18, 0x00, 0x68, 0x87, 0x46, 0xA0, 0x9B, 0x03, 0x02
	.byte 0x04, 0x5B, 0x03, 0x08, 0x18, 0x5B, 0x03, 0x08, 0x20, 0x5C, 0x03, 0x08, 0xC2, 0x5C, 0x03, 0x08
	.byte 0x64, 0x5D, 0x03, 0x08, 0xBE, 0x5D, 0x03, 0x08, 0x20, 0x1C, 0x98, 0x30, 0x00, 0x21, 0x47, 0x5E
	.byte 0x80, 0x46, 0x25, 0x1C, 0x9A, 0x35, 0x00, 0x2F, 0x27, 0xD1, 0x22, 0x1C, 0xA4, 0x32, 0x11, 0x88
	.byte 0x10, 0x20, 0x08, 0x43, 0x10, 0x80, 0x2D, 0x20, 0x30, 0x75, 0x20, 0x1C, 0x02, 0x21, 0x01, 0x22
	.byte 0xFE, 0xF7, 0xFC, 0xFD, 0x88, 0x20, 0x80, 0x02, 0x30, 0x60, 0xF0, 0x20, 0x00, 0x02, 0x70, 0x60
	.byte 0x1E, 0x20, 0x28, 0x80, 0xB7, 0x60, 0xF7, 0x60, 0x21, 0x1C, 0xB0, 0x31, 0x30, 0x68, 0x80, 0x22
	.byte 0x92, 0x01, 0x80, 0x18, 0x08, 0x60, 0x04, 0x31, 0x70, 0x68, 0x18, 0x4A, 0x80, 0x18, 0x08, 0x60
	.byte 0x04, 0x31, 0xF0, 0x68, 0x16, 0x4A, 0x80, 0x18, 0x08, 0x60, 0x00, 0x21, 0x68, 0x5E, 0x00, 0x28
	.byte 0x1A, 0xDD, 0x20, 0x1C, 0xB0, 0x30, 0x01, 0x68, 0x2A, 0x88, 0x30, 0x1C, 0xCF, 0xF7, 0xB6, 0xFE
	.byte 0x30, 0x1D, 0x21, 0x1C, 0xB4, 0x31, 0x09, 0x68, 0x2A, 0x88, 0xCF, 0xF7, 0xAF, 0xFE, 0x30, 0x1C
	.byte 0x08, 0x30, 0x21, 0x1C, 0xB8, 0x31, 0x09, 0x68, 0x2A, 0x88, 0xCF, 0xF7, 0xA7, 0xFE, 0xB0, 0x68
	.byte 0xF0, 0x60, 0x28, 0x88, 0x01, 0x38, 0x28, 0x80, 0x60, 0x8A, 0x00, 0x28, 0x17, 0xD1, 0xE0, 0x8A
	.byte 0x03, 0x28, 0x07, 0xD0, 0x07, 0x28, 0x0C, 0xD0, 0x11, 0xE0, 0x00, 0x00, 0x00, 0xF0, 0xFF, 0xFF
	.byte 0x00, 0xD8, 0xFF, 0xFF, 0x20, 0x1C, 0xAC, 0x30, 0x00, 0x68, 0x00, 0x88, 0xEA, 0xF0, 0x48, 0xF9
	.byte 0x05, 0xE0, 0x20, 0x1C, 0xAC, 0x30, 0x00, 0x68, 0x40, 0x88, 0xEA, 0xF0, 0x41, 0xF9, 0x00, 0x22
	.byte 0xA8, 0x5E, 0x00, 0x28, 0x00, 0xDD, 0xB0, 0xE0, 0x00, 0x20, 0x41, 0x46, 0x08, 0x80, 0x20, 0x1C
	.byte 0xA4, 0x30, 0x01, 0x88, 0x20, 0x20, 0x08, 0x40, 0x00, 0x28, 0x04, 0xD0, 0x21, 0x1C, 0x94, 0x31
	.byte 0x10, 0x20, 0x08, 0x60, 0xD5, 0xE0, 0x21, 0x1C, 0x94, 0x31, 0x11, 0x20, 0x08, 0x60, 0xD0, 0xE0
	.byte 0x20, 0x1C, 0x98, 0x30, 0x00, 0x22, 0x81, 0x5E, 0x80, 0x46, 0x25, 0x1C, 0x9A, 0x35, 0x00, 0x29
	.byte 0x0D, 0xD1, 0x19, 0x20, 0x28, 0x80, 0x21, 0x1C, 0xB0, 0x31, 0x30, 0x68, 0x80, 0x22, 0x92, 0x01
	.byte 0x80, 0x18, 0x08, 0x60, 0x04, 0x31, 0x70, 0x68, 0x10, 0x4A, 0x80, 0x18, 0x08, 0x60, 0x00, 0x21
	.byte 0x68, 0x5E, 0x00, 0x28, 0x10, 0xDD, 0x20, 0x1C, 0xB0, 0x30, 0x01, 0x68, 0x2A, 0x88, 0x30, 0x1C
	.byte 0xCF, 0xF7, 0x4C, 0xFE, 0x30, 0x1D, 0x21, 0x1C, 0xB4, 0x31, 0x09, 0x68, 0x2A, 0x88, 0xCF, 0xF7
	.byte 0x45, 0xFE, 0x28, 0x88, 0x01, 0x38, 0x28, 0x80, 0x60, 0x8A, 0x00, 0x28, 0x15, 0xD1, 0xE0, 0x8A
	.byte 0x03, 0x28, 0x05, 0xD0, 0x07, 0x28, 0x0A, 0xD0, 0x0F, 0xE0, 0x00, 0x00, 0x00, 0xF0, 0xFF, 0xFF
	.byte 0x20, 0x1C, 0xAC, 0x30, 0x00, 0x68, 0x00, 0x88, 0xEA, 0xF0, 0xEA, 0xF8, 0x05, 0xE0, 0x20, 0x1C
	.byte 0xAC, 0x30, 0x00, 0x68, 0x40, 0x88, 0xEA, 0xF0, 0xE3, 0xF8, 0x00, 0x22, 0xA8, 0x5E, 0x00, 0x28
	.byte 0x53, 0xDC, 0x00, 0x20, 0x41, 0x46, 0x08, 0x80, 0x21, 0x1C, 0x94, 0x31, 0x12, 0x20, 0x08, 0x60
	.byte 0x7F, 0xE0, 0x20, 0x1C, 0x98, 0x30, 0x00, 0x22, 0x81, 0x5E, 0x80, 0x46, 0x25, 0x1C, 0x9A, 0x35
	.byte 0x00, 0x29, 0x0D, 0xD1, 0x19, 0x20, 0x28, 0x80, 0x21, 0x1C, 0xB0, 0x31, 0x30, 0x68, 0x80, 0x22
	.byte 0x92, 0x01, 0x80, 0x18, 0x08, 0x60, 0x04, 0x31, 0x70, 0x68, 0x10, 0x4A, 0x80, 0x18, 0x08, 0x60
	.byte 0x00, 0x21, 0x68, 0x5E, 0x00, 0x28, 0x10, 0xDD, 0x20, 0x1C, 0xB0, 0x30, 0x01, 0x68, 0x2A, 0x88
	.byte 0x30, 0x1C, 0xCF, 0xF7, 0xFB, 0xFD, 0x30, 0x1D, 0x21, 0x1C, 0xB4, 0x31, 0x09, 0x68, 0x2A, 0x88
	.byte 0xCF, 0xF7, 0xF4, 0xFD, 0x28, 0x88, 0x01, 0x38, 0x28, 0x80, 0x60, 0x8A, 0x00, 0x28, 0x14, 0xD1
	.byte 0xE0, 0x8A, 0x03, 0x28, 0x04, 0xD0, 0x07, 0x28, 0x09, 0xD0, 0x0E, 0xE0, 0x00, 0xF0, 0xFF, 0xFF
	.byte 0x20, 0x1C, 0xAC, 0x30, 0x00, 0x68, 0x00, 0x88, 0xEA, 0xF0, 0x9A, 0xF8, 0x05, 0xE0, 0x20, 0x1C
	.byte 0xAC, 0x30, 0x00, 0x68, 0x40, 0x88, 0xEA, 0xF0, 0x93, 0xF8, 0x00, 0x22, 0xA8, 0x5E, 0x00, 0x28
	.byte 0x03, 0xDC, 0x00, 0x20, 0x41, 0x46, 0x08, 0x80, 0x29, 0xE0, 0x42, 0x46, 0x10, 0x88, 0x01, 0x30
	.byte 0x10, 0x80, 0x2E, 0xE0, 0x25, 0x1C, 0x98, 0x35, 0x00, 0x21, 0x68, 0x5E, 0x00, 0x28, 0x0C, 0xD1
	.byte 0x20, 0x1C, 0x0C, 0x21, 0x00, 0x22, 0xFE, 0xF7, 0xE1, 0xFC, 0x60, 0x68, 0xC0, 0x88, 0x10, 0x30
	.byte 0x00, 0x04, 0x00, 0x0C, 0x01, 0x21, 0xD0, 0xF7, 0xB5, 0xFA, 0x00, 0x22, 0xA8, 0x5E, 0x28, 0x28
	.byte 0x06, 0xD1, 0x20, 0x1C, 0x24, 0x30, 0x31, 0x68, 0x72, 0x68, 0xB3, 0x68, 0x6F, 0xF0, 0x48, 0xFD
	.byte 0x29, 0x88, 0x00, 0x22, 0xA8, 0x5E, 0x8C, 0x28, 0x06, 0xDD, 0x00, 0x20, 0x28, 0x80, 0x21, 0x1C
	.byte 0x94, 0x31, 0x13, 0x20, 0x08, 0x60, 0x04, 0xE0, 0x48, 0x1C, 0x28, 0x80, 0x01, 0xE0, 0xA9, 0xF0
	.byte 0x5D, 0xFF, 0x20, 0x1C, 0x38, 0x30, 0x31, 0x68, 0x72, 0x68, 0xB3, 0x68, 0xDC, 0xF7, 0xAA, 0xFA
	.byte 0x30, 0x68, 0x71, 0x68, 0xB2, 0x68, 0x89, 0x18, 0xAA, 0xF0, 0x5E, 0xFA, 0x20, 0x1C, 0x08, 0x30
	.byte 0xCF, 0xF7, 0x40, 0xFE, 0x20, 0x62, 0x20, 0x1C, 0x24, 0x30, 0xCB, 0xF7, 0x5B, 0xF8, 0x01, 0x20
	.byte 0x08, 0xBC, 0x98, 0x46, 0xF0, 0xBC, 0x02, 0xBC, 0x08, 0x47, 0x00, 0x00, 0xF0, 0xB5, 0x57, 0x46
	.byte 0x4E, 0x46, 0x45, 0x46, 0xE0, 0xB4, 0x82, 0xB0, 0x07, 0x1C, 0x8A, 0x46, 0x1C, 0x48, 0x80, 0x46
	.byte 0x04, 0x68, 0x26, 0x1C, 0x18, 0x36, 0xA1, 0x69, 0x00, 0x91, 0x72, 0x68, 0x01, 0x92, 0x38, 0x1C
	.byte 0x94, 0x30, 0x00, 0x68, 0x0B, 0x28, 0x00, 0xD0, 0x3A, 0xE2, 0x38, 0x1C, 0x98, 0x30, 0x00, 0x21
	.byte 0x45, 0x5E, 0x81, 0x46, 0x00, 0x2D, 0x0E, 0xD1, 0x38, 0x1C, 0x0D, 0x21, 0x00, 0x22, 0xFE, 0xF7
	.byte 0x7D, 0xFC, 0x35, 0x61, 0x42, 0x46, 0x10, 0x68, 0x85, 0x66, 0x38, 0x1C, 0x9A, 0x30, 0x05, 0x80
	.byte 0xE3, 0x20, 0xEA, 0xF0, 0x0D, 0xF8, 0x78, 0x8A, 0x3D, 0x1C, 0x08, 0x35, 0x00, 0x28, 0x00, 0xD0
	.byte 0x5A, 0xE1, 0x30, 0x7D, 0x53, 0x28, 0x45, 0xD0, 0x53, 0x28, 0x0F, 0xDC, 0x2D, 0x28, 0x00, 0xD1
	.byte 0x8A, 0xE0, 0x2D, 0x28, 0x06, 0xDC, 0x00, 0x28, 0x00, 0xD1, 0x1F, 0xE1, 0x4C, 0xE1, 0x00, 0x00
	.byte 0xA0, 0x9B, 0x03, 0x02, 0x40, 0x28, 0x00, 0xD1, 0xCC, 0xE0, 0x45, 0xE1, 0xAD, 0x28, 0x0B, 0xD0
	.byte 0xAD, 0x28, 0x03, 0xDC, 0x80, 0x28, 0x00, 0xD1, 0x98, 0xE0, 0x3D, 0xE1, 0xC0, 0x28, 0x00, 0xD1
	.byte 0xE1, 0xE0, 0xD3, 0x28, 0x47, 0xD0, 0x37, 0xE1, 0x28, 0x1C, 0xCF, 0xF7, 0x43, 0xFE, 0x00, 0x04
	.byte 0x00, 0x0C, 0x01, 0x28, 0x12, 0xD0, 0x01, 0x28, 0x02, 0xDC, 0x00, 0x28, 0x03, 0xD0, 0x2B, 0xE1
	.byte 0x02, 0x28, 0x11, 0xD0, 0x28, 0xE1, 0xA0, 0x69, 0x03, 0x49, 0x40, 0x18, 0xA0, 0x61, 0x70, 0x68
	.byte 0x80, 0x22, 0xD2, 0x00, 0x80, 0x18, 0x1E, 0xE1, 0x00, 0xFB, 0xFF, 0xFF, 0xA0, 0x69, 0x01, 0x49
	.byte 0xDE, 0xE0, 0x00, 0x00, 0x00, 0xFE, 0xFF, 0xFF, 0xA0, 0x69, 0x01, 0x4A, 0xE0, 0xE0, 0x00, 0x00
	.byte 0x00, 0xFD, 0xFF, 0xFF, 0x28, 0x1C, 0xCF, 0xF7, 0x1D, 0xFE, 0x00, 0x04, 0x00, 0x0C, 0x01, 0x28
	.byte 0x11, 0xD0, 0x01, 0x28, 0x02, 0xDC, 0x00, 0x28, 0x03, 0xD0, 0x05, 0xE1, 0x02, 0x28, 0x0E, 0xD0
	.byte 0x02, 0xE1, 0xA0, 0x69, 0xA0, 0x21, 0xC9, 0x00, 0x40, 0x18, 0xA0, 0x61, 0x70, 0x68, 0x80, 0x22
	.byte 0xD2, 0x00, 0x80, 0x18, 0xF7, 0xE0, 0xA0, 0x69, 0x80, 0x21, 0x89, 0x00, 0xB8, 0xE0, 0xA0, 0x69
	.byte 0xC0, 0x22, 0x92, 0x00, 0xBC, 0xE0, 0x28, 0x1C, 0xCF, 0xF7, 0xFC, 0xFD, 0x00, 0x04, 0x00, 0x0C
	.byte 0x01, 0x28, 0x13, 0xD0, 0x01, 0x28, 0x02, 0xDC, 0x00, 0x28, 0x03, 0xD0, 0xE4, 0xE0, 0x02, 0x28
	.byte 0x12, 0xD0, 0xE1, 0xE0, 0x30, 0x68, 0x03, 0x4C, 0x00, 0x19, 0x30, 0x60, 0x70, 0x68, 0x02, 0x49
	.byte 0xD8, 0xE0, 0x00, 0x00, 0x00, 0xFB, 0xFF, 0xFF, 0x00, 0xFE, 0xFF, 0xFF, 0xA0, 0x69, 0x01, 0x4A
	.byte 0x9E, 0xE0, 0x00, 0x00, 0x00, 0xFB, 0xFF, 0xFF, 0x30, 0x68, 0x02, 0x4C, 0x00, 0x19, 0x30, 0x60
	.byte 0xCA, 0xE0, 0x00, 0x00, 0x00, 0xFE, 0xFF, 0xFF, 0x28, 0x1C, 0xCF, 0xF7, 0xD3, 0xFD, 0x00, 0x04
	.byte 0x00, 0x0C, 0x01, 0x28, 0x12, 0xD0, 0x01, 0x28, 0x02, 0xDC, 0x00, 0x28, 0x03, 0xD0, 0xBB, 0xE0
	.byte 0x02, 0x28, 0x0F, 0xD0, 0xB8, 0xE0, 0xA0, 0x69, 0xA0, 0x21, 0xC9, 0x00, 0x40, 0x18, 0xA0, 0x61
	.byte 0x70, 0x68, 0x01, 0x4A, 0x80, 0x18, 0xAE, 0xE0, 0x00, 0xFE, 0xFF, 0xFF, 0xA0, 0x69, 0xA0, 0x21
	.byte 0xC9, 0x00, 0x6D, 0xE0, 0xA0, 0x69, 0x80, 0x22, 0x92, 0x00, 0x71, 0xE0, 0x28, 0x1C, 0xCF, 0xF7
	.byte 0xB1, 0xFD, 0x00, 0x04, 0x00, 0x0C, 0x01, 0x28, 0x14, 0xD0, 0x01, 0x28, 0x02, 0xDC, 0x00, 0x28
	.byte 0x05, 0xD0, 0x99, 0xE0, 0x02, 0x28, 0x14, 0xD0, 0x03, 0x28, 0x17, 0xD0, 0x94, 0xE0, 0xA0, 0x69
	.byte 0x03, 0x49, 0x40, 0x18, 0xA0, 0x61, 0x70, 0x68, 0x80, 0x22, 0xD2, 0x00, 0x80, 0x18, 0x8A, 0xE0
	.byte 0x00, 0xFD, 0xFF, 0xFF, 0xA0, 0x69, 0x80, 0x21, 0x49, 0x00, 0x40, 0x18, 0xA0, 0x61, 0x70, 0x68
	.byte 0x80, 0xE0, 0x70, 0x68, 0x80, 0x24, 0xA4, 0x00, 0x00, 0x19, 0x7C, 0xE0, 0x70, 0x68, 0x80, 0x21
	.byte 0x49, 0x00, 0x77, 0xE0, 0x28, 0x1C, 0xCF, 0xF7, 0x85, 0xFD, 0x00, 0x04, 0x00, 0x0C, 0x01, 0x28
	.byte 0x11, 0xD0, 0x01, 0x28, 0x02, 0xDC, 0x00, 0x28, 0x03, 0xD0, 0x6D, 0xE0, 0x02, 0x28, 0x0E, 0xD0
	.byte 0x6A, 0xE0, 0xA0, 0x69, 0xE0, 0x22, 0xD2, 0x00, 0x80, 0x18, 0xA0, 0x61, 0x70, 0x68, 0x80, 0x24
	.byte 0x64, 0x00, 0x00, 0x19, 0x5F, 0xE0, 0xA0, 0x69, 0xC0, 0x21, 0x89, 0x00, 0x20, 0xE0, 0xA0, 0x69
	.byte 0x80, 0x22, 0x92, 0x00, 0x24, 0xE0, 0x28, 0x1C, 0xCF, 0xF7, 0x64, 0xFD, 0x00, 0x04, 0x00, 0x0C
	.byte 0x01, 0x28, 0x13, 0xD0, 0x01, 0x28, 0x02, 0xDC, 0x00, 0x28, 0x03, 0xD0, 0x4C, 0xE0, 0x02, 0x28
	.byte 0x14, 0xD0, 0x49, 0xE0, 0xA0, 0x69, 0x04, 0x49, 0x40, 0x18, 0xA0, 0x61, 0x70, 0x68, 0x80, 0x22
	.byte 0x52, 0x00, 0x80, 0x18, 0x3F, 0xE0, 0x00, 0x00, 0x00, 0xF9, 0xFF, 0xFF, 0xA0, 0x69, 0x02, 0x49
	.byte 0x40, 0x18, 0xA0, 0x61, 0x38, 0xE0, 0x00, 0x00, 0x00, 0xFD, 0xFF, 0xFF, 0xA0, 0x69, 0x02, 0x4A
	.byte 0x80, 0x18, 0xA0, 0x61, 0x30, 0xE0, 0x00, 0x00, 0x00, 0xFE, 0xFF, 0xFF, 0x28, 0x1C, 0xCF, 0xF7
	.byte 0x39, 0xFD, 0x00, 0x04, 0x00, 0x0C, 0x01, 0x28, 0x10, 0xD0, 0x01, 0x28, 0x02, 0xDC, 0x00, 0x28
	.byte 0x05, 0xD0, 0x21, 0xE0, 0x02, 0x28, 0x0F, 0xD0, 0x03, 0x28, 0x19, 0xD0, 0x1C, 0xE0, 0x70, 0x68
	.byte 0x01, 0x4C, 0x00, 0x19, 0x17, 0xE0, 0x00, 0x00, 0x00, 0xFC, 0xFF, 0xFF, 0x70, 0x68, 0x01, 0x49
	.byte 0x10, 0xE0, 0x00, 0x00, 0x00, 0xFC, 0xFF, 0xFF, 0xA0, 0x69, 0x04, 0x4A, 0x80, 0x18, 0xA0, 0x61
	.byte 0x70, 0x68, 0x80, 0x24, 0x64, 0x00, 0x00, 0x19, 0x05, 0xE0, 0x00, 0x00, 0x00, 0xFF, 0xFF, 0xFF
	.byte 0x70, 0x68, 0x0B, 0x49, 0x40, 0x18, 0x70, 0x60, 0x28, 0x1C, 0xCF, 0xF7, 0x0B, 0xFD, 0x00, 0x04
	.byte 0x00, 0x0C, 0x03, 0x28, 0x64, 0xD1, 0x33, 0x7D, 0x53, 0x2B, 0x45, 0xD0, 0x53, 0x2B, 0x09, 0xDC
	.byte 0x2D, 0x2B, 0x0F, 0xD0, 0x2D, 0x2B, 0x3F, 0xDD, 0x40, 0x2B, 0x21, 0xD0, 0x3C, 0xE0, 0x00, 0x00
	.byte 0x00, 0xFF, 0xFF, 0xFF, 0xAD, 0x2B, 0x37, 0xD0, 0xAD, 0x2B, 0x35, 0xDD, 0xC0, 0x2B, 0x17, 0xD0
	.byte 0xD3, 0x2B, 0x31, 0xD1, 0x09, 0x4A, 0x58, 0x00, 0x80, 0x18, 0x00, 0x24, 0x01, 0x5F, 0x48, 0x00
	.byte 0x40, 0x18, 0x80, 0x00, 0x31, 0x68, 0x0C, 0x18, 0x18, 0x1C, 0x40, 0x30, 0x40, 0x00, 0x80, 0x18
	.byte 0x00, 0x21, 0x40, 0x5E, 0x40, 0x42, 0x41, 0x00, 0x30, 0xE0, 0x00, 0x00, 0x00, 0x14, 0x12, 0x08
	.byte 0x0C, 0x4A, 0x58, 0x00, 0x80, 0x18, 0x00, 0x24, 0x01, 0x5F, 0xC8, 0x00, 0x40, 0x1A, 0x80, 0x00
	.byte 0x40, 0x1A, 0x31, 0x68, 0x0C, 0x18, 0x18, 0x1C, 0x40, 0x30, 0x40, 0x00, 0x80, 0x18, 0x00, 0x22
	.byte 0x81, 0x5E, 0x49, 0x42, 0xC8, 0x00, 0x40, 0x1A, 0x80, 0x00, 0x40, 0x1A, 0x71, 0x68, 0x09, 0x18
	.byte 0x18, 0xE0, 0x00, 0x00, 0x00, 0x14, 0x12, 0x08, 0x16, 0x4A, 0x58, 0x00, 0x80, 0x18, 0x00, 0x24
	.byte 0x01, 0x5F, 0x88, 0x00, 0x40, 0x18, 0x80, 0x00, 0x31, 0x68, 0x0C, 0x18, 0x18, 0x1C, 0x40, 0x30
	.byte 0x40, 0x00, 0x80, 0x18, 0x00, 0x21, 0x40, 0x5E, 0x40, 0x42, 0x81, 0x00, 0x09, 0x18, 0x89, 0x00
	.byte 0x70, 0x68, 0x41, 0x18, 0xB2, 0x68, 0x0C, 0x48, 0x12, 0x18, 0x20, 0x1C, 0xAA, 0xF0, 0x68, 0xF8
	.byte 0x38, 0x1C, 0x08, 0x30, 0xCF, 0xF7, 0x92, 0xFC, 0x00, 0x06, 0x00, 0x28, 0x4C, 0xD0, 0x30, 0x7D
	.byte 0x53, 0x28, 0x1F, 0xD0, 0x53, 0x28, 0x09, 0xDC, 0x00, 0x28, 0x2E, 0xD0, 0x2D, 0x28, 0x21, 0xD0
	.byte 0x2F, 0xE0, 0x00, 0x00, 0x00, 0x14, 0x12, 0x08, 0x00, 0xF8, 0xFF, 0xFF, 0xAD, 0x28, 0x07, 0xD0
	.byte 0xAD, 0x28, 0x02, 0xDC, 0x80, 0x28, 0x1B, 0xD0, 0x23, 0xE0, 0xD3, 0x28, 0x12, 0xD0, 0x20, 0xE0
	.byte 0x30, 0x68, 0x03, 0x49, 0x40, 0x18, 0x30, 0x60, 0x70, 0x68, 0x80, 0x22, 0x92, 0x00, 0x16, 0xE0
	.byte 0x00, 0xFE, 0xFF, 0xFF, 0x30, 0x68, 0x80, 0x21, 0x89, 0x00, 0x40, 0x18, 0x30, 0x60, 0x70, 0x68
	.byte 0x40, 0x18, 0x0D, 0xE0, 0x70, 0x68, 0x01, 0x4C, 0x00, 0x19, 0x09, 0xE0, 0x00, 0xFC, 0xFF, 0xFF
	.byte 0x70, 0x68, 0x80, 0x21, 0x89, 0x00, 0x40, 0x18, 0x02, 0xE0, 0x70, 0x68, 0x08, 0x4A, 0x80, 0x18
	.byte 0x70, 0x60, 0x38, 0x1C, 0x00, 0x21, 0x00, 0x22, 0xFE, 0xF7, 0x60, 0xFA, 0x38, 0x1C, 0x94, 0x30
	.byte 0x00, 0x21, 0x01, 0x60, 0x03, 0x49, 0x50, 0x46, 0xCA, 0xF7, 0x80, 0xFE, 0x08, 0xE0, 0x00, 0x00
	.byte 0x00, 0xFE, 0xFF, 0xFF, 0x61, 0x63, 0x03, 0x08, 0x4C, 0x46, 0x20, 0x88, 0x01, 0x30, 0x20, 0x80
	.byte 0x38, 0x1C, 0x64, 0x30, 0x00, 0x78, 0x00, 0x28, 0x18, 0xD0, 0xF8, 0x6E, 0x05, 0x28, 0x15, 0xD0
	.byte 0x05, 0x28, 0x02, 0xD8, 0x03, 0x28, 0x11, 0xD0, 0x01, 0xE0, 0x0B, 0x28, 0x0E, 0xD0, 0x38, 0x1C
	.byte 0x66, 0x30, 0x01, 0x88, 0x01, 0x20, 0x08, 0x40, 0x00, 0x28, 0x07, 0xD1, 0x30, 0x68, 0x39, 0x6F
	.byte 0x40, 0x18, 0x30, 0x60, 0x70, 0x68, 0x79, 0x6F, 0x40, 0x18, 0x70, 0x60, 0x30, 0x1C, 0xFE, 0xF7
	.byte 0x1B, 0xF9, 0x00, 0x06, 0x00, 0x28, 0x03, 0xD0, 0x00, 0x98, 0x30, 0x60, 0x01, 0x99, 0x71, 0x60
	.byte 0x38, 0x1C, 0x38, 0x30, 0x31, 0x68, 0x72, 0x68, 0xB3, 0x68, 0xDC, 0xF7, 0x13, 0xF8, 0x30, 0x68
	.byte 0x71, 0x68, 0xB2, 0x68, 0x89, 0x18, 0xA9, 0xF0, 0xC7, 0xFF, 0x38, 0x1C, 0x08, 0x30, 0xCF, 0xF7
	.byte 0xA9, 0xFB, 0x38, 0x62, 0x3C, 0x1C, 0x24, 0x34, 0x20, 0x1C, 0xCA, 0xF7, 0xC3, 0xFD, 0x0E, 0x48
	.byte 0x00, 0x68, 0x00, 0x6F, 0x80, 0x21, 0xC9, 0x02, 0x08, 0x40, 0x00, 0x28, 0x0A, 0xD0, 0x38, 0x1C
	.byte 0x98, 0x30, 0x00, 0x21, 0x01, 0x80, 0x09, 0x49, 0x50, 0x46, 0xCA, 0xF7, 0x27, 0xFE, 0x20, 0x1C
	.byte 0xCA, 0xF7, 0xB0, 0xFD, 0x01, 0x20, 0x02, 0xB0, 0x38, 0xBC, 0x98, 0x46, 0xA1, 0x46, 0xAA, 0x46
	.byte 0xF0, 0xBC, 0x02, 0xBC, 0x08, 0x47, 0x00, 0x00, 0xA0, 0x9B, 0x03, 0x02, 0x0D, 0x4A, 0x03, 0x08
	thumb_func_start task_fld_riku_1
task_fld_riku_1: @ 08036360
	push {r4, r5, r6, r7, lr}
	mov r7, r10
	mov r6, r9
	mov r5, r8
	push {r5, r6, r7}
	add sp, #-0x060
	adds r7, r0, #0x0
	mov r10, r1
	ldr r0, _080363AC @ =0x02039BA0
	mov r9, r0
	ldr r1, [r0, #0x00]
	mov r8, r1
	mov r6, r8
	adds r6, #0x18
	adds r5, r7, #0x0
	adds r5, #0xA4
	ldrh r1, [r5, #0x00]
	movs r0, #0x08
	ands r0, r1
	lsls r0, r0, #0x10
	lsrs r4, r0, #0x10
	cmp r4, #0x00
	beq _08036430
	ldr r0, _080363B0 @ =0x0000FFF7
	ands r0, r1
	strh r0, [r5, #0x00]
	adds r1, r7, #0x0
	adds r1, #0x94
	ldr r0, [r1, #0x00]
	subs r0, #0x02
	mov r8, r1
	cmp r0, #0x0A
	bhi _08036428
	lsls r0, r0, #0x02
	ldr r1, _080363B4 @ =0x080363B8
	adds r0, r0, r1
	ldr r0, [r0, #0x00]
	mov pc, r0
_080363AC: .4byte 0x02039BA0
_080363B0: .4byte 0x0000FFF7
_080363B4: .4byte 0x080363B8
	.byte 0xEA, 0x63, 0x03, 0x08, 0xEA, 0x63, 0x03, 0x08, 0xEA, 0x63, 0x03, 0x08, 0xEA, 0x63, 0x03, 0x08
	.byte 0xF4, 0x63, 0x03, 0x08, 0xF4, 0x63, 0x03, 0x08, 0x18, 0x64, 0x03, 0x08, 0x18, 0x64, 0x03, 0x08
	.byte 0x18, 0x64, 0x03, 0x08, 0x28, 0x64, 0x03, 0x08, 0xE4, 0x63, 0x03, 0x08, 0x03, 0x20, 0x42, 0x46
	.byte 0x10, 0x60, 0x01, 0x49, 0x15, 0xE0, 0x00, 0x00, 0x89, 0x4C, 0x03, 0x08, 0x06, 0x49, 0x50, 0x46
	.byte 0xCA, 0xF7, 0xC8, 0xFD, 0x05, 0x48, 0x01, 0x68, 0x00, 0x20, 0x88, 0x66, 0x39, 0x1C, 0x98, 0x31
	.byte 0x01, 0x20, 0x08, 0x80, 0x8C, 0xE2, 0x00, 0x00, 0xDD, 0x53, 0x03, 0x08, 0xA0, 0x9B, 0x03, 0x02
	.byte 0x02, 0x49, 0x50, 0x46, 0xCA, 0xF7, 0xB6, 0xFD, 0x7E, 0xE2, 0x00, 0x00, 0xF1, 0x58, 0x03, 0x08
_08036428:
	movs r0, #0x00
	mov r3, r8
	str r0, [r3, #0x00]
	b _08036928
_08036430:
	bl func_080DFC24
	lsls r0, r0, #0x18
	lsrs r1, r0, #0x18
	cmp r1, #0x00
	beq _08036478
	adds r0, r7, #0x0
	adds r0, #0x98
	strh r4, [r0, #0x00]
	ldr r1, _08036474 @ =0x08035AD5
	mov r0, r10
	bl func_08000F8C
	adds r0, r7, #0x0
	adds r0, #0x24
	bl func_08000EA4
	adds r1, r7, #0x0
	adds r1, #0x94
	movs r0, #0x0F
	str r0, [r1, #0x00]
	bl func_080DFC24
	lsls r0, r0, #0x18
	lsrs r0, r0, #0x18
	cmp r0, #0x01
	beq _08036468
	b _08036954
_08036468:
	ldrh r0, [r5, #0x00]
	movs r1, #0x20
	orrs r0, r1
	strh r0, [r5, #0x00]
	b _08036954
	.byte 0x00, 0x00
_08036474: .4byte 0x08035AD5
_08036478:
	mov r4, r9
	ldr r0, [r4, #0x00]
	ldr r2, [r0, #0x70]
	movs r4, #0x80
	lsls r4, r4, #0x0B
	ands r4, r2
	cmp r4, #0x00
	beq _0803649C
	adds r0, r7, #0x0
	adds r0, #0x98
	strh r1, [r0, #0x00]
	ldr r1, _08036498 @ =0x08034A0D
	mov r0, r10
	bl func_08000F8C
	b _0803694C
_08036498: .4byte 0x08034A0D
_0803649C:
	mov r0, r8
	ldr r5, [r0, #0x18]
	ldr r1, [r6, #0x04]
	str r1, [sp, #0x040]
	adds r0, r7, #0x0
	adds r0, #0x94
	ldr r1, [r0, #0x00]
	mov r8, r0
	cmp r1, #0x01
	bls _080364B2
	b _080365F0
_080364B2:
	movs r4, #0x80
	lsls r4, r4, #0x07
	ands r2, r4
	cmp r2, #0x00
	bne _08036524
	adds r0, r6, #0x0
	bl func_08034704
	mov r2, r9
	ldr r0, [r2, #0x00]
	ldr r0, [r0, #0x70]
	ands r0, r4
	cmp r0, #0x00
	bne _08036524
	bl func_08001384
	movs r1, #0xF0
	ands r1, r0
	cmp r1, #0x00
	beq _08036524
	ldr r0, [r6, #0x10]
	adds r0, #0x80
	str r0, [r6, #0x10]
	adds r0, r7, #0x0
	movs r1, #0x02
	movs r2, #0x01
	bl func_0803473C
	ldr r0, [r6, #0x10]
	movs r1, #0xC0
	lsls r1, r1, #0x02
	cmp r0, r1
	ble _080364F6
	str r1, [r6, #0x10]
_080364F6:
	ldrh r0, [r7, #0x12]
	cmp r0, #0x00
	bne _0803653C
	ldrh r0, [r7, #0x16]
	cmp r0, #0x03
	beq _08036508
	cmp r0, #0x07
	beq _08036516
	b _0803653C
_08036508:
	adds r0, r7, #0x0
	adds r0, #0xAC
	ldr r0, [r0, #0x00]
	ldrh r0, [r0, #0x00]
	bl func_0811FE70
	b _0803653C
_08036516:
	adds r0, r7, #0x0
	adds r0, #0xAC
	ldr r0, [r0, #0x00]
	ldrh r0, [r0, #0x02]
	bl func_0811FE70
	b _0803653C
_08036524:
	adds r0, r7, #0x0
	movs r1, #0x00
	movs r2, #0x01
	bl func_0803473C
	ldr r0, [r6, #0x10]
	subs r0, #0x80
	str r0, [r6, #0x10]
	cmp r0, #0x00
	bge _0803653C
	movs r0, #0x00
	str r0, [r6, #0x10]
_0803653C:
	ldr r3, _080365B4 @ =0x08121400
	ldrb r0, [r6, #0x14]
	lsls r0, r0, #0x01
	adds r0, r0, r3
	movs r4, #0x00
	ldsh r0, [r0, r4]
	ldr r2, [r6, #0x10]
	adds r1, r0, #0x0
	muls r1, r2
	asrs r1, r1, #0x08
	ldr r0, [r6, #0x00]
	adds r0, r0, r1
	str r0, [r6, #0x00]
	ldrb r0, [r6, #0x14]
	adds r0, #0x40
	lsls r0, r0, #0x01
	adds r0, r0, r3
	movs r1, #0x00
	ldsh r0, [r0, r1]
	negs r0, r0
	adds r1, r0, #0x0
	muls r1, r2
	asrs r1, r1, #0x08
	ldr r0, [r6, #0x04]
	adds r0, r0, r1
	str r0, [r6, #0x04]
	bl func_08001390
	movs r3, #0x02
	adds r1, r3, #0x0
	ands r1, r0
	lsls r1, r1, #0x10
	lsrs r4, r1, #0x10
	cmp r4, #0x00
	beq _080365C0
	ldr r0, _080365B8 @ =0x02039BA0
	ldr r2, [r0, #0x00]
	ldr r0, [r2, #0x70]
	movs r1, #0x80
	lsls r1, r1, #0x10
	orrs r0, r1
	str r0, [r2, #0x70]
	movs r1, #0x00
	str r1, [r2, #0x68]
	adds r0, r7, #0x0
	adds r0, #0x98
	strh r1, [r0, #0x00]
	mov r2, r8
	str r3, [r2, #0x00]
	ldr r1, _080365BC @ =0x08034C89
	mov r0, r10
	bl func_08000F8C
	adds r0, r7, #0x0
	adds r0, #0xAC
	ldr r0, [r0, #0x00]
	ldrh r0, [r0, #0x04]
	bl func_0811FE70
	b _08036602
_080365B4: .4byte 0x08121400
_080365B8: .4byte 0x02039BA0
_080365BC: .4byte 0x08034C89
_080365C0:
	bl func_08001390
	movs r1, #0x01
	ands r1, r0
	cmp r1, #0x00
	beq _08036602
	adds r0, r7, #0x0
	adds r0, #0x98
	strh r4, [r0, #0x00]
	ldr r0, _080365E8 @ =0x02039BA0
	ldr r0, [r0, #0x00]
	str r4, [r0, #0x68]
	movs r0, #0x0B
	mov r3, r8
	str r0, [r3, #0x00]
	ldr r1, _080365EC @ =0x08035DFD
	mov r0, r10
	bl func_08000F8C
	b _08036602
_080365E8: .4byte 0x02039BA0
_080365EC: .4byte 0x08035DFD
_080365F0:
	adds r0, r7, #0x0
	adds r0, #0x08
	bl func_08005B1C
	lsls r0, r0, #0x18
	cmp r0, #0x00
	beq _08036602
	mov r0, r8
	str r4, [r0, #0x00]
_08036602:
	adds r0, r7, #0x0
	adds r0, #0x64
	ldrb r0, [r0, #0x00]
	cmp r0, #0x00
	beq _08036648
	ldr r0, [r7, #0x6C]
	cmp r0, #0x05
	beq _08036648
	cmp r0, #0x05
	bhi _0803661C
	cmp r0, #0x03
	beq _08036648
	b _08036620
_0803661C:
	cmp r0, #0x0B
	beq _08036648
_08036620:
	adds r0, r7, #0x0
	adds r0, #0x66
	ldrh r1, [r0, #0x00]
	movs r0, #0x01
	ands r0, r1
	cmp r0, #0x00
	bne _08036648
	ldr r1, [r6, #0x10]
	movs r0, #0xE6
	muls r0, r1
	asrs r0, r0, #0x08
	str r0, [r6, #0x10]
	ldr r0, [r6, #0x00]
	ldr r1, [r7, #0x70]
	adds r0, r0, r1
	str r0, [r6, #0x00]
	ldr r0, [r6, #0x04]
	ldr r1, [r7, #0x74]
	adds r0, r0, r1
	str r0, [r6, #0x04]
_08036648:
	adds r0, r6, #0x0
	bl func_08034518
	lsls r0, r0, #0x18
	cmp r0, #0x00
	bne _08036656
	b _080368C2
_08036656:
	str r5, [r6, #0x00]
	ldr r1, [sp, #0x040]
	str r1, [r6, #0x04]
	adds r0, r6, #0x0
	adds r1, r7, #0x0
	bl func_080345EC
	lsls r0, r0, #0x18
	lsrs r0, r0, #0x18
	cmp r0, #0x00
	beq _080366B4
	cmp r0, #0x01
	beq _08036688
	cmp r0, #0x02
	beq _08036676
	b _080368C2
_08036676:
	adds r0, r7, #0x0
	adds r0, #0x98
	movs r1, #0x00
	strh r1, [r0, #0x00]
	movs r0, #0x06
	mov r2, r8
	str r0, [r2, #0x00]
	movs r0, #0xD3
	b _08036698
_08036688:
	adds r0, r7, #0x0
	adds r0, #0x98
	movs r1, #0x00
	strh r1, [r0, #0x00]
	movs r0, #0x06
	mov r3, r8
	str r0, [r3, #0x00]
	movs r0, #0x2D
_08036698:
	strb r0, [r6, #0x14]
	ldr r0, _080366AC @ =0x02039BA0
	ldr r0, [r0, #0x00]
	str r1, [r0, #0x68]
	ldr r1, _080366B0 @ =0x080353DD
	mov r0, r10
	bl func_08000F8C
	b _080368C2
	.byte 0x00, 0x00
_080366AC: .4byte 0x02039BA0
_080366B0: .4byte 0x080353DD
_080366B4:
	adds r0, r6, #0x0
	bl func_08034668
	lsls r0, r0, #0x18
	cmp r0, #0x00
	beq _080366E4
	ldr r0, [r7, #0x04]
	ldrh r0, [r0, #0x06]
	adds r0, #0x10
	lsls r0, r0, #0x10
	lsrs r0, r0, #0x10
	movs r1, #0x01
	bl func_080062F4
	ldr r0, _080366E0 @ =0x02039BA0
	ldr r2, [r0, #0x00]
	ldr r0, [r2, #0x70]
	movs r1, #0x10
	orrs r0, r1
	str r0, [r2, #0x70]
	b _08036954
	.byte 0x00, 0x00
_080366E0: .4byte 0x02039BA0
_080366E4:
	ldrb r0, [r6, #0x14]
	cmp r0, #0x53
	beq _08036730
	cmp r0, #0x53
	bgt _08036702
	cmp r0, #0x2D
	beq _08036758
	cmp r0, #0x2D
	bgt _080366FC
	cmp r0, #0x00
	beq _08036784
	b _080367D0
_080366FC:
	cmp r0, #0x40
	beq _0803679C
	b _080367D0
_08036702:
	cmp r0, #0xAD
	beq _0803671A
	cmp r0, #0xAD
	bgt _08036710
	cmp r0, #0x80
	beq _0803676C
	b _080367D0
_08036710:
	cmp r0, #0xC0
	beq _080367B4
	cmp r0, #0xD3
	beq _08036742
	b _080367D0
_0803671A:
	ldr r2, _0803672C @ =0xFFFFFF00
	movs r4, #0x00
	str r4, [sp, #0x044]
	mov r9, r4
	movs r5, #0xC0
	lsls r5, r5, #0x01
	str r5, [sp, #0x05C]
	b _080367DC
	.byte 0x00, 0x00
_0803672C: .4byte 0xFFFFFF00
_08036730:
	movs r2, #0x80
	lsls r2, r2, #0x01
	movs r0, #0x00
	str r0, [sp, #0x044]
	mov r9, r0
	movs r1, #0xC0
	lsls r1, r1, #0x01
	str r1, [sp, #0x05C]
	b _080367DC
_08036742:
	ldr r2, _08036750 @ =0xFFFFFF00
	movs r3, #0x00
	str r3, [sp, #0x044]
	mov r9, r3
	ldr r4, _08036754 @ =0xFFFFFE80
	str r4, [sp, #0x05C]
	b _080367DC
_08036750: .4byte 0xFFFFFF00
_08036754: .4byte 0xFFFFFE80
_08036758:
	movs r2, #0x80
	lsls r2, r2, #0x01
	movs r5, #0x00
	str r5, [sp, #0x044]
	mov r9, r5
	ldr r0, _08036768 @ =0xFFFFFE80
	str r0, [sp, #0x05C]
	b _080367DC
_08036768: .4byte 0xFFFFFE80
_0803676C:
	ldr r2, _08036780 @ =0xFFFFFE00
	movs r1, #0xC0
	str r1, [sp, #0x044]
	movs r3, #0x80
	lsls r3, r3, #0x02
	mov r9, r3
	movs r4, #0xC0
	str r4, [sp, #0x05C]
	b _080367DC
	.byte 0x00, 0x00
_08036780: .4byte 0xFFFFFE00
_08036784:
	ldr r2, _08036798 @ =0xFFFFFE00
	movs r5, #0xC0
	negs r5, r5
	str r5, [sp, #0x044]
	movs r0, #0x80
	lsls r0, r0, #0x02
	mov r9, r0
	str r5, [sp, #0x05C]
	b _080367DC
	.byte 0x00, 0x00
_08036798: .4byte 0xFFFFFE00
_0803679C:
	movs r2, #0xC0
	lsls r2, r2, #0x01
	ldr r1, _080367AC @ =0xFFFFFECD
	str r1, [sp, #0x044]
	mov r9, r2
	ldr r3, _080367B0 @ =0x00000133
	str r3, [sp, #0x05C]
	b _080367DC
_080367AC: .4byte 0xFFFFFECD
_080367B0: .4byte 0x00000133
_080367B4:
	ldr r2, _080367C4 @ =0xFFFFFE80
	ldr r4, _080367C8 @ =0xFFFFFECD
	str r4, [sp, #0x044]
	mov r9, r2
	ldr r5, _080367CC @ =0x00000133
	str r5, [sp, #0x05C]
	b _080367DC
	.byte 0x00, 0x00
_080367C4: .4byte 0xFFFFFE80
_080367C8: .4byte 0xFFFFFECD
_080367CC: .4byte 0x00000133
_080367D0:
	movs r0, #0x00
	str r0, [sp, #0x05C]
	mov r9, r0
	movs r1, #0x00
	str r1, [sp, #0x044]
	movs r2, #0x00
_080367DC:
	mov r3, sp
	adds r3, #0x10
	str r3, [sp, #0x050]
	mov r12, r3
	str r6, [sp, #0x058]
	mov r4, r12
	adds r5, r6, #0x0
	ldm r5!, {r0, r1, r3}
	stm r4!, {r0, r1, r3}
	ldr r0, [r5, #0x00]
	str r0, [r4, #0x00]
	mov r12, sp
	ldr r4, [sp, #0x050]
	str r4, [sp, #0x058]
	mov r5, r12
	adds r0, r4, #0x0
	ldm r0!, {r1, r3, r4}
	stm r5!, {r1, r3, r4}
	ldr r0, [r0, #0x00]
	str r0, [r5, #0x00]
	ldr r0, [sp, #0x000]
	adds r0, r0, r2
	str r0, [sp, #0x000]
	ldr r0, [sp, #0x004]
	ldr r5, [sp, #0x044]
	adds r0, r0, r5
	str r0, [sp, #0x004]
	ldr r0, [sp, #0x010]
	add r0, r9
	str r0, [sp, #0x010]
	ldr r1, [sp, #0x050]
	ldr r0, [r1, #0x04]
	ldr r3, [sp, #0x05C]
	adds r0, r0, r3
	str r0, [r1, #0x04]
	mov r0, sp
	str r2, [sp, #0x048]
	bl func_08034518
	adds r4, r0, #0x0
	lsls r4, r4, #0x18
	lsrs r4, r4, #0x18
	ldr r0, [sp, #0x050]
	bl func_08034518
	lsls r0, r0, #0x18
	lsrs r0, r0, #0x18
	ldr r2, [sp, #0x048]
	cmp r4, #0x00
	beq _0803687E
	cmp r0, #0x00
	bne _080368BE
	mov r4, sp
	adds r4, #0x20
	str r4, [sp, #0x054]
	adds r1, r4, #0x0
	adds r0, r6, #0x0
	ldm r0!, {r2, r3, r5}
	stm r1!, {r2, r3, r5}
	ldr r0, [r0, #0x00]
	str r0, [r1, #0x00]
	ldr r0, [sp, #0x020]
	add r0, r9
	str r0, [sp, #0x020]
	ldr r0, [r4, #0x04]
	ldr r4, [sp, #0x05C]
	adds r0, r0, r4
	ldr r5, [sp, #0x054]
	str r0, [r5, #0x04]
	ldr r0, [sp, #0x054]
	bl func_0803459C
	str r0, [r5, #0x0C]
	ldr r1, [r5, #0x08]
	cmp r0, r1
	blt _080368BE
	adds r0, r6, #0x0
	ldr r1, [sp, #0x054]
	ldm r1!, {r2, r3, r4}
	stm r0!, {r2, r3, r4}
	b _080368BA
_0803687E:
	cmp r0, #0x00
	beq _080368BE
	add r5, sp, #0x030
	mov r9, r5
	mov r1, r9
	adds r0, r6, #0x0
	ldm r0!, {r3, r4, r5}
	stm r1!, {r3, r4, r5}
	ldr r0, [r0, #0x00]
	str r0, [r1, #0x00]
	ldr r0, [sp, #0x030]
	adds r0, r0, r2
	str r0, [sp, #0x030]
	mov r1, r9
	ldr r0, [r1, #0x04]
	ldr r2, [sp, #0x044]
	adds r0, r0, r2
	str r0, [r1, #0x04]
	mov r0, r9
	bl func_0803459C
	mov r3, r9
	str r0, [r3, #0x0C]
	ldr r1, [r3, #0x08]
	cmp r0, r1
	blt _080368BE
	adds r0, r6, #0x0
	mov r1, r9
	ldm r1!, {r2, r4, r5}
	stm r0!, {r2, r4, r5}
_080368BA:
	ldr r1, [r1, #0x00]
	str r1, [r0, #0x00]
_080368BE:
	movs r0, #0x00
	str r0, [r6, #0x10]
_080368C2:
	adds r0, r7, #0x0
	bl func_080346C0
	adds r2, r0, #0x0
	ldr r1, [r6, #0x0C]
	movs r0, #0x80
	lsls r0, r0, #0x0D
	cmp r1, r0
	bne _080368DA
	ldr r0, [r6, #0x08]
	str r0, [r6, #0x0C]
	b _08036928
_080368DA:
	ldr r0, [r6, #0x08]
	cmp r2, r0
	beq _0803691C
	ldr r0, [r6, #0x10]
	asrs r0, r0, #0x02
	str r0, [r6, #0x10]
	adds r0, r7, #0x0
	adds r0, #0xA0
	movs r1, #0x00
	str r1, [r0, #0x00]
	subs r0, #0x08
	strh r1, [r0, #0x00]
	ldr r0, _08036914 @ =0x02039BA0
	ldr r2, [r0, #0x00]
	str r1, [r2, #0x68]
	ldr r0, [r2, #0x70]
	movs r1, #0x80
	lsls r1, r1, #0x10
	orrs r0, r1
	str r0, [r2, #0x70]
	movs r0, #0x04
	mov r3, r8
	str r0, [r3, #0x00]
	ldr r1, _08036918 @ =0x08034C89
	mov r0, r10
	bl func_08000F8C
	b _08036928
	.byte 0x00, 0x00
_08036914: .4byte 0x02039BA0
_08036918: .4byte 0x08034C89
_0803691C:
	cmp r2, r1
	beq _08036928
	ldr r0, _08036968 @ =0x02039BA0
	ldr r1, [r0, #0x00]
	movs r0, #0x00
	str r0, [r1, #0x68]
_08036928:
	adds r0, r7, #0x0
	adds r0, #0x38
	ldr r1, [r6, #0x00]
	ldr r2, [r6, #0x04]
	ldr r3, [r6, #0x08]
	bl func_08012324
	ldr r0, [r6, #0x00]
	ldr r1, [r6, #0x04]
	ldr r2, [r6, #0x08]
	adds r1, r1, r2
	bl func_080E0298
	adds r0, r7, #0x0
	adds r0, #0x08
	bl func_08005A64
	str r0, [r7, #0x20]
_0803694C:
	adds r0, r7, #0x0
	adds r0, #0x24
	bl func_08000EA4
_08036954:
	movs r0, #0x01
	add sp, #0x060
	pop {r3, r4, r5}
	mov r8, r3
	mov r9, r4
	mov r10, r5
	pop {r4, r5, r6, r7}
	pop {r1}
	bx r1
	.byte 0x00, 0x00
_08036968: .4byte 0x02039BA0
	thumb_func_start task_fld_riku_2
task_fld_riku_2: @ 0803696C
	push {r4, r5, r6, r7, lr}
	add sp, #-0x010
	adds r5, r0, #0x0
	ldr r0, _080369C8 @ =0x02039BA0
	ldr r0, [r0, #0x00]
	adds r4, r0, #0x0
	adds r4, #0x18
	adds r0, r5, #0x0
	adds r0, #0xA4
	ldrh r2, [r0, #0x00]
	movs r0, #0x02
	ands r0, r2
	movs r7, #0x80
	lsls r7, r7, #0x04
	cmp r0, #0x00
	beq _0803698E
	adds r7, #0x01
_0803698E:
	adds r0, r5, #0x0
	adds r0, #0xBC
	ldrb r0, [r0, #0x00]
	cmp r0, #0x00
	beq _080369D6
	adds r0, r5, #0x0
	adds r0, #0x80
	ldr r1, [r0, #0x00]
	asrs r1, r1, #0x08
	lsls r1, r1, #0x02
	ldr r2, _080369CC @ =0xFFFFEFFA
	adds r0, r2, #0x0
	subs r0, r0, r1
	lsls r0, r0, #0x10
	lsrs r6, r0, #0x10
	adds r0, r5, #0x0
	adds r0, #0x84
	ldr r1, [r0, #0x00]
	ldr r0, [r5, #0x48]
	cmp r1, r0
	bgt _080369D0
	movs r0, #0x00
	strh r0, [r4, #0x3A]
	adds r0, r4, #0x0
	bl func_080DFF1C
	str r0, [r4, #0x3C]
	b _08036A10
	.byte 0x00, 0x00
_080369C8: .4byte 0x02039BA0
_080369CC: .4byte 0xFFFFEFFA
_080369D0:
	ldr r0, [r5, #0x78]
	str r0, [r4, #0x3C]
	b _08036A0C
_080369D6:
	ldr r0, [r4, #0x04]
	asrs r0, r0, #0x08
	lsls r0, r0, #0x02
	ldr r3, _080369F4 @ =0xFFFFEFFC
	adds r1, r3, #0x0
	subs r1, r1, r0
	lsls r1, r1, #0x10
	lsrs r6, r1, #0x10
	movs r0, #0x10
	ands r0, r2
	cmp r0, #0x00
	beq _080369F8
	ldr r0, [r4, #0x0C]
	b _080369FE
	.byte 0x00, 0x00
_080369F4: .4byte 0xFFFFEFFC
_080369F8:
	adds r0, r4, #0x0
	bl func_080DFF1C
_080369FE:
	str r0, [r4, #0x3C]
	ldr r1, [r4, #0x3C]
	ldr r0, [r4, #0x0C]
	cmp r1, r0
	beq _08036A0C
	movs r0, #0x00
	b _08036A0E
_08036A0C:
	adds r0, r6, #0x1
_08036A0E:
	strh r0, [r4, #0x3A]
_08036A10:
	ldr r0, [r4, #0x00]
	asrs r0, r0, #0x08
	ldr r1, _08036A5C @ =0x02039BA0
	ldr r3, [r1, #0x00]
	ldr r1, [r3, #0x00]
	asrs r1, r1, #0x08
	subs r0, r0, r1
	ldr r1, [r4, #0x04]
	asrs r1, r1, #0x08
	ldr r2, [r4, #0x08]
	asrs r2, r2, #0x08
	adds r1, r1, r2
	ldr r2, [r3, #0x04]
	asrs r2, r2, #0x08
	subs r1, r1, r2
	lsls r0, r0, #0x10
	asrs r0, r0, #0x10
	lsls r1, r1, #0x10
	asrs r1, r1, #0x10
	ldr r2, [r5, #0x20]
	ldr r3, [r5, #0x00]
	ldr r4, [r5, #0x04]
	str r4, [sp, #0x000]
	movs r4, #0x00
	str r4, [sp, #0x004]
	str r7, [sp, #0x008]
	str r6, [sp, #0x00C]
	bl func_080023E0
	adds r0, r5, #0x0
	adds r0, #0x24
	bl func_08000EE0
	add sp, #0x010
	pop {r4, r5, r6, r7}
	pop {r0}
	bx r0
	.byte 0x00, 0x00
_08036A5C: .4byte 0x02039BA0
	thumb_func_start task_fld_riku_3
task_fld_riku_3: @ 08036A60
	push {r4, r5, r6, r7, lr}
	adds r4, r0, #0x0
	ldr r0, _08036ACC @ =0x02039BA0
	ldr r0, [r0, #0x00]
	adds r5, r0, #0x0
	adds r5, #0x18
	ldr r0, [r4, #0x00]
	bl func_080028C0
	ldr r0, [r4, #0x04]
	bl func_08002C10
	adds r0, r4, #0x0
	adds r0, #0x38
	bl func_08012304
	ldr r2, _08036AD0 @ =0x02039BB0
	ldrb r0, [r2, #0x00]
	cmp r0, #0x00
	beq _08036AD4
	ldr r0, [r5, #0x10]
	str r0, [r2, #0x28]
	adds r1, r2, #0x0
	adds r1, #0x14
	adds r0, r5, #0x0
	ldm r0!, {r3, r6, r7}
	stm r1!, {r3, r6, r7}
	ldr r0, [r0, #0x00]
	str r0, [r1, #0x00]
	ldrb r1, [r5, #0x14]
	adds r0, r2, #0x0
	adds r0, #0x24
	strb r1, [r0, #0x00]
	adds r0, r4, #0x0
	adds r0, #0x94
	ldr r0, [r0, #0x00]
	strh r0, [r2, #0x30]
	adds r0, r4, #0x0
	adds r0, #0xA0
	ldr r0, [r0, #0x00]
	str r0, [r2, #0x2C]
	adds r0, r4, #0x0
	adds r0, #0xB0
	ldr r0, [r0, #0x00]
	str r0, [r2, #0x34]
	adds r0, r4, #0x0
	adds r0, #0xB4
	ldr r0, [r0, #0x00]
	str r0, [r2, #0x38]
	adds r0, r4, #0x0
	adds r0, #0xB8
	ldr r0, [r0, #0x00]
	str r0, [r2, #0x3C]
	b _08036ADC
_08036ACC: .4byte 0x02039BA0
_08036AD0: .4byte 0x02039BB0
_08036AD4:
	ldrb r1, [r5, #0x14]
	adds r0, r2, #0x0
	adds r0, #0x24
	strb r1, [r0, #0x00]
_08036ADC:
	adds r0, r4, #0x0
	adds r0, #0x24
	bl func_08000F0C
	pop {r4, r5, r6, r7}
	pop {r0}
	bx r0
	.byte 0x00, 0x00
	thumb_func_start task_fld_shadow_0
task_fld_shadow_0: @ 08036AEC
	push {r4, lr}
	adds r4, r0, #0x0
	str r1, [r4, #0x10]
	ldr r0, [r1, #0x00]
	str r0, [r4, #0x00]
	ldr r0, [r1, #0x04]
	str r0, [r4, #0x04]
	ldr r0, _08036B2C @ =0x08B22BBC
	movs r1, #0x80
	lsls r1, r1, #0x01
	bl func_080026A4
	str r0, [r4, #0x08]
	ldr r0, _08036B30 @ =0x08F69BE4
	movs r1, #0x20
	bl func_08002A14
	str r0, [r4, #0x0C]
	adds r4, #0x14
	ldr r1, _08036B34 @ =0x09EE1384
	ldr r2, _08036B38 @ =0x09EE1380
	adds r0, r4, #0x0
	bl func_08005968
	adds r0, r4, #0x0
	movs r1, #0x00
	movs r2, #0x01
	bl func_080059A4
	pop {r4}
	pop {r0}
	bx r0
_08036B2C: .4byte 0x08B22BBC
_08036B30: .4byte 0x08F69BE4
_08036B34: .4byte 0x09EE1384
_08036B38: .4byte 0x09EE1380
	thumb_func_start task_fld_shadow_1
task_fld_shadow_1: @ 08036B3C
	ldr r2, [r0, #0x10]
	ldr r1, [r2, #0x00]
	str r1, [r0, #0x00]
	ldr r1, [r2, #0x04]
	str r1, [r0, #0x04]
	movs r0, #0x01
	bx lr
	.byte 0x00, 0x00
	thumb_func_start task_fld_shadow_2
task_fld_shadow_2: @ 08036B4C
	push {r4, r5, r6, r7, lr}
	mov r7, r8
	push {r7}
	add sp, #-0x010
	adds r4, r0, #0x0
	ldr r6, [r4, #0x10]
	ldrh r0, [r6, #0x3A]
	cmp r0, #0x00
	beq _08036BD2
	adds r0, r4, #0x0
	adds r0, #0x14
	bl func_08005A64
	mov r8, r0
	ldr r5, [r6, #0x3C]
	ldr r1, [r6, #0x08]
	cmp r1, r5
	blt _08036B74
	movs r7, #0x00
	b _08036B96
_08036B74:
	subs r1, r5, r1
	cmp r1, #0x00
	bge _08036B7C
	adds r1, #0x7F
_08036B7C:
	asrs r1, r1, #0x07
	movs r0, #0x80
	lsls r0, r0, #0x01
	subs r2, r0, r1
	cmp r2, #0x18
	bgt _08036B8A
	movs r2, #0x19
_08036B8A:
	movs r0, #0x00
	adds r1, r2, #0x0
	movs r3, #0x00
	bl func_08002CB4
	adds r7, r0, #0x0
_08036B96:
	ldr r0, [r4, #0x00]
	asrs r0, r0, #0x08
	ldr r1, _08036BE0 @ =0x02039BA0
	ldr r3, [r1, #0x00]
	ldr r1, [r3, #0x00]
	asrs r1, r1, #0x08
	subs r0, r0, r1
	ldr r1, [r4, #0x04]
	asrs r1, r1, #0x08
	asrs r2, r5, #0x08
	adds r1, r1, r2
	ldr r2, [r3, #0x04]
	asrs r2, r2, #0x08
	subs r1, r1, r2
	lsls r0, r0, #0x10
	asrs r0, r0, #0x10
	lsls r1, r1, #0x10
	asrs r1, r1, #0x10
	ldr r3, [r4, #0x08]
	ldr r2, [r4, #0x0C]
	str r2, [sp, #0x000]
	str r7, [sp, #0x004]
	movs r2, #0x80
	lsls r2, r2, #0x04
	str r2, [sp, #0x008]
	ldrh r2, [r6, #0x3A]
	str r2, [sp, #0x00C]
	mov r2, r8
	bl func_080023E0
_08036BD2:
	add sp, #0x010
	pop {r3}
	mov r8, r3
	pop {r4, r5, r6, r7}
	pop {r0}
	bx r0
	.byte 0x00, 0x00
_08036BE0: .4byte 0x02039BA0
	thumb_func_start task_fld_shadow_3
task_fld_shadow_3: @ 08036BE4
	push {r4, lr}
	adds r4, r0, #0x0
	ldr r0, [r4, #0x08]
	bl func_080028C0
	ldr r0, [r4, #0x0C]
	bl func_08002C10
	pop {r4}
	pop {r0}
	bx r0
	.byte 0x00, 0x00
