@ Generated with Luvdis v0.8.0
.syntax unified
.text
@ Begin embedded Luvdis macros
	.macro arm_func_start name
	.align 2, 0
	.global \name
	.arm
	.type \name, %function
	.endm

	.macro arm_func_end name
	.size \name, .-\name
	.endm

	.macro thumb_func_start name
	.align 2, 0
	.global \name
	.thumb
	.thumb_func
	.type \name, %function
	.endm

	.macro non_word_aligned_thumb_func_start name
	.global \name
	.thumb
	.thumb_func
	.type \name, %function
	.endm

	.macro thumb_func_end name
	.size \name, .-\name
	.endm
@ End embedded Luvdis macros

	thumb_func_start task_frd_donald_0
task_frd_donald_0: @ 08045550
	push {r4, r5, r6, r7, lr}
	mov r7, r8
	push {r7}
	add sp, #-0x004
	adds r6, r0, #0x0
	mov r8, r1
	adds r7, r6, #0x0
	adds r7, #0x20
	ldrb r1, [r1, #0x02]
	cmp r1, #0x00
	beq _080455A0
	movs r0, #0xA6
	lsls r0, r0, #0x01
	adds r1, r6, r0
	movs r0, #0x01
	strb r0, [r1, #0x00]
	ldr r5, _08045594 @ =0x02039B84
	ldr r4, [r5, #0x00]
	ldr r0, [r4, #0x68]
	ldr r1, [r4, #0x6C]
	ldr r2, _08045598 @ =0x00200000
	ldr r3, _0804559C @ =0x00000000
	orrs r0, r2
	str r0, [r4, #0x68]
	str r1, [r4, #0x6C]
	ldr r0, [r4, #0x7C]
	str r0, [r6, #0x14]
	movs r1, #0x8A
	lsls r1, r1, #0x01
	adds r4, r4, r1
	ldr r0, [r4, #0x00]
	str r0, [r6, #0x18]
	b _080455CE
	.byte 0x00, 0x00
_08045594: .4byte 0x02039B84
_08045598: .4byte 0x00200000
_0804559C: .4byte 0x00000000
_080455A0:
	movs r2, #0xA6
	lsls r2, r2, #0x01
	adds r0, r6, r2
	strb r1, [r0, #0x00]
	ldr r0, _08045628 @ =0x02039B9C
	ldr r4, [r0, #0x00]
	ldr r0, [r4, #0x68]
	ldr r1, [r4, #0x6C]
	ldr r2, _0804562C @ =0x00200000
	ldr r3, _08045630 @ =0x00000000
	orrs r0, r2
	str r0, [r4, #0x68]
	str r1, [r4, #0x6C]
	ldr r0, [r4, #0x7C]
	str r0, [r6, #0x14]
	ldr r1, _08045634 @ =0x02039B84
	ldr r0, [r1, #0x00]
	movs r2, #0x8A
	lsls r2, r2, #0x01
	adds r0, r0, r2
	ldr r0, [r0, #0x00]
	str r0, [r6, #0x18]
	adds r5, r1, #0x0
_080455CE:
	mov r1, r8
	ldrh r0, [r1, #0x00]
	ldr r1, _08045638 @ =0x0000014D
	adds r2, r6, r1
	movs r1, #0x00
	strb r0, [r2, #0x00]
	movs r2, #0xA4
	lsls r2, r2, #0x01
	adds r0, r6, r2
	str r1, [r0, #0x00]
	adds r2, #0x06
	adds r0, r6, r2
	strh r1, [r0, #0x00]
	adds r2, #0x02
	adds r0, r6, r2
	strh r1, [r0, #0x00]
	adds r2, #0x04
	adds r0, r6, r2
	str r1, [r0, #0x00]
	ldr r3, [r6, #0x14]
	ldr r0, [r3, #0x34]
	ldr r1, [r3, #0x38]
	movs r2, #0x04
	ands r0, r2
	movs r1, #0x00
	orrs r0, r1
	cmp r0, #0x00
	beq _08045640
	movs r0, #0xAC
	lsls r0, r0, #0x01
	adds r1, r6, r0
	ldr r0, [r3, #0x04]
	ldr r2, _0804563C @ =0xFFFFD000
	adds r0, r0, r2
	str r0, [r1, #0x00]
	ldr r0, [r5, #0x00]
	adds r0, #0xDC
	movs r1, #0x00
	ldsh r0, [r0, r1]
	adds r0, #0x30
	lsls r0, r0, #0x08
	str r0, [r7, #0x04]
	movs r0, #0x04
	movs r1, #0x00
	b _08045662
_08045628: .4byte 0x02039B9C
_0804562C: .4byte 0x00200000
_08045630: .4byte 0x00000000
_08045634: .4byte 0x02039B84
_08045638: .4byte 0x0000014D
_0804563C: .4byte 0xFFFFD000
_08045640:
	movs r2, #0xAC
	lsls r2, r2, #0x01
	adds r1, r6, r2
	ldr r0, [r3, #0x04]
	movs r2, #0xC0
	lsls r2, r2, #0x06
	adds r0, r0, r2
	str r0, [r1, #0x00]
	ldr r0, [r5, #0x00]
	adds r0, #0xDA
	movs r1, #0x00
	ldsh r0, [r0, r1]
	subs r0, #0x30
	lsls r0, r0, #0x08
	str r0, [r7, #0x04]
	movs r0, #0x00
	movs r1, #0x00
_08045662:
	str r0, [r7, #0x34]
	str r1, [r7, #0x38]
	ldr r0, [r6, #0x14]
	ldr r0, [r0, #0x08]
	str r0, [r7, #0x08]
	ldr r0, _080456B0 @ =0xFFFFB000
	str r0, [r7, #0x0C]
	movs r0, #0x00
	str r0, [r7, #0x10]
	ldr r0, _080456B4 @ =0x09617C58
	movs r1, #0x20
	bl func_08002A14
	str r0, [r6, #0x1C]
	movs r2, #0x98
	lsls r2, r2, #0x01
	adds r4, r6, r2
	adds r0, r4, #0x0
	movs r1, #0x00
	movs r2, #0x00
	bl func_08005968
	ldr r0, _080456B8 @ =0x0813EB8C
	ldr r1, [r6, #0x18]
	str r1, [sp, #0x000]
	adds r1, r4, #0x0
	movs r2, #0x00
	movs r3, #0x00
	bl func_08019068
	mov r0, r8
	ldrh r1, [r0, #0x00]
	cmp r1, #0x01
	beq _080456CA
	cmp r1, #0x01
	bgt _080456BC
	cmp r1, #0x00
	beq _080456C2
	b _080456E6
_080456B0: .4byte 0xFFFFB000
_080456B4: .4byte 0x09617C58
_080456B8: .4byte 0x0813EB8C
_080456BC:
	cmp r1, #0x02
	beq _080456D4
	b _080456E6
_080456C2:
	movs r2, #0xB0
	lsls r2, r2, #0x01
	adds r1, r6, r2
	b _080456DA
_080456CA:
	movs r2, #0xB0
	lsls r2, r2, #0x01
	adds r0, r6, r2
	strh r1, [r0, #0x00]
	b _080456DE
_080456D4:
	movs r0, #0xB0
	lsls r0, r0, #0x01
	adds r1, r6, r0
_080456DA:
	movs r0, #0x01
	strh r0, [r1, #0x00]
_080456DE:
	movs r0, #0xB4
	bl func_0811FE70
	b _08045706
_080456E6:
	movs r0, #0xB3
	bl func_0811FE70
	movs r3, #0xC0
	lsls r3, r3, #0x01
	movs r0, #0x00
	movs r1, #0x00
	movs r2, #0x00
	bl func_08017260
	adds r0, r7, #0x0
	movs r1, #0x00
	movs r2, #0x08
	movs r3, #0x08
	bl func_08045494
_08045706:
	adds r0, r6, #0x0
	movs r1, #0x01
	bl func_08000E64
	ldr r1, _08045724 @ =0x09EDAE88
	adds r0, r6, #0x0
	adds r2, r7, #0x0
	bl func_08000E14
	add sp, #0x004
	pop {r3}
	mov r8, r3
	pop {r4, r5, r6, r7}
	pop {r0}
	bx r0
_08045724: .4byte 0x09EDAE88
	thumb_func_start task_frd_donald_1
task_frd_donald_1: @ 08045728
	push {r4, r5, r6, r7, lr}
	mov r7, r10
	mov r6, r9
	mov r5, r8
	push {r5, r6, r7}
	add sp, #-0x01C
	adds r7, r0, #0x0
	adds r6, r7, #0x0
	adds r6, #0x20
	movs r1, #0xA6
	lsls r1, r1, #0x01
	adds r0, r7, r1
	ldrb r0, [r0, #0x00]
	cmp r0, #0x00
	beq _08045754
	ldr r0, _08045750 @ =0x02039B84
	ldr r0, [r0, #0x00]
	ldr r2, [r0, #0x78]
	mov r9, r2
	b _0804575C
_08045750: .4byte 0x02039B84
_08045754:
	ldr r0, _08045774 @ =0x02039B9C
	ldr r0, [r0, #0x00]
	ldr r3, [r0, #0x78]
	mov r9, r3
_0804575C:
	ldr r1, [r0, #0x6C]
	ldr r0, [r0, #0x68]
	movs r2, #0x80
	lsls r2, r2, #0x17
	ands r0, r2
	movs r1, #0x00
	orrs r0, r1
	cmp r0, #0x00
	beq _08045778
	movs r0, #0x00
	bl _0804648A
_08045774:
	ldr r3, [sp, #0x270]
	lsls r3, r0, #0x08
_08045778:
	movs r4, #0xA4
	lsls r4, r4, #0x01
	adds r0, r7, r4
	ldr r0, [r0, #0x00]
	cmp r0, #0x08
	bls _08045788
	bl _08046478
_08045788:
	lsls r0, r0, #0x02
	ldr r1, _08045794 @ =0x08045798
	adds r0, r0, r1
	ldr r0, [r0, #0x00]
	mov pc, r0
	.byte 0x00, 0x00
_08045794: .4byte 0x08045798
	.byte 0xBC, 0x57, 0x04, 0x08, 0x60, 0x58, 0x04, 0x08, 0x1A, 0x59, 0x04, 0x08, 0x0A, 0x5A, 0x04, 0x08
	.byte 0x4C, 0x5C, 0x04, 0x08, 0xAC, 0x5E, 0x04, 0x08, 0x1A, 0x61, 0x04, 0x08, 0x90, 0x62, 0x04, 0x08
	.byte 0xEE, 0x5A, 0x04, 0x08, 0xA7, 0x25, 0x6D, 0x00, 0x7C, 0x19, 0x00, 0x21, 0x60, 0x5E, 0x00, 0x28
	.byte 0x0C, 0xD1, 0x1E, 0x48, 0x98, 0x22, 0x52, 0x00, 0xB9, 0x18, 0xBA, 0x69, 0x00, 0x92, 0x02, 0x22
	.byte 0x00, 0x23, 0xD3, 0xF7, 0x45, 0xFC, 0x20, 0x88, 0x01, 0x30, 0x20, 0x80, 0xAC, 0x23, 0x5B, 0x00
	.byte 0xF8, 0x18, 0x00, 0x68, 0x71, 0x68, 0x40, 0x1A, 0x00, 0x11, 0x09, 0x18, 0x71, 0x60, 0x30, 0x1D
	.byte 0x31, 0x1C, 0x08, 0x31, 0x10, 0x22, 0x52, 0x42, 0x00, 0x23, 0xD5, 0xF7, 0x4F, 0xF8, 0x10, 0x48
	.byte 0x3D, 0x18, 0x28, 0x78, 0x03, 0x28, 0x05, 0xD1, 0x30, 0x1C, 0x00, 0x21, 0x08, 0x22, 0x08, 0x23
	.byte 0xFF, 0xF7, 0x3C, 0xFE, 0x38, 0x1C, 0xFF, 0xF7, 0x15, 0xFE, 0x00, 0x06, 0x00, 0x28, 0x01, 0xD1
	.byte 0x00, 0xF0, 0x26, 0xFE, 0x00, 0x20, 0x20, 0x80, 0x28, 0x78, 0x03, 0x28, 0x0A, 0xD1, 0xA4, 0x22
	.byte 0x52, 0x00, 0xB9, 0x18, 0x08, 0x20, 0x08, 0x60, 0x00, 0xF0, 0x1A, 0xFE, 0x8C, 0xEB, 0x13, 0x08
	.byte 0x4D, 0x01, 0x00, 0x00, 0xA4, 0x23, 0x5B, 0x00, 0xF9, 0x18, 0x01, 0x20, 0x08, 0x60, 0xB3, 0x20
	.byte 0xDA, 0xF0, 0x0A, 0xFB, 0x00, 0xF0, 0x0C, 0xFE, 0xA7, 0x25, 0x6D, 0x00, 0x7C, 0x19, 0x00, 0x26
	.byte 0xA0, 0x5F, 0x00, 0x28, 0x09, 0xD1, 0x12, 0x48, 0x98, 0x22, 0x52, 0x00, 0xB9, 0x18, 0xBA, 0x69
	.byte 0x00, 0x92, 0x03, 0x22, 0x00, 0x23, 0xD3, 0xF7, 0xF3, 0xFB, 0x98, 0x23, 0x5B, 0x00, 0xF8, 0x18
	.byte 0xC0, 0xF7, 0x48, 0xF9, 0x00, 0x06, 0x00, 0x28, 0x00, 0xD1, 0xB5, 0xE0, 0xD7, 0xF7, 0xF8, 0xFC
	.byte 0x08, 0x48, 0x00, 0x68, 0xC1, 0x6E, 0x80, 0x6E, 0x08, 0x22, 0x00, 0x20, 0x11, 0x40, 0x08, 0x43
	.byte 0x00, 0x28, 0x09, 0xD0, 0xA4, 0x24, 0x64, 0x00, 0x39, 0x19, 0x04, 0x20, 0x2A, 0xE0, 0x00, 0x00
	.byte 0x8C, 0xEB, 0x13, 0x08, 0x84, 0x9B, 0x03, 0x02, 0xC0, 0xF7, 0x70, 0xFE, 0x00, 0x04, 0xC0, 0x21
	.byte 0x89, 0x02, 0x01, 0x40, 0x09, 0x0C, 0x01, 0x29, 0x0E, 0xD0, 0x01, 0x29, 0x02, 0xDC, 0x00, 0x29
	.byte 0x05, 0xD0, 0x18, 0xE0, 0x02, 0x29, 0x0C, 0xD0, 0x03, 0x29, 0x0F, 0xD0, 0x13, 0xE0, 0xA4, 0x25
	.byte 0x6D, 0x00, 0x79, 0x19, 0x04, 0x20, 0x0D, 0xE0, 0xA4, 0x26, 0x76, 0x00, 0xB9, 0x19, 0x05, 0x20
	.byte 0x08, 0xE0, 0xA4, 0x20, 0x40, 0x00, 0x39, 0x18, 0x06, 0x20, 0x03, 0xE0, 0xA4, 0x22, 0x52, 0x00
	.byte 0xB9, 0x18, 0x07, 0x20, 0x08, 0x60, 0xA7, 0x23, 0x5B, 0x00, 0xF9, 0x18, 0x00, 0x20, 0x00, 0xF0
	.byte 0xAE, 0xFD, 0xB0, 0x24, 0x64, 0x00, 0x38, 0x19, 0x00, 0x25, 0x40, 0x5F, 0x00, 0x28, 0x46, 0xDD
	.byte 0xD7, 0xF7, 0xAE, 0xFC, 0x07, 0x48, 0x00, 0x68, 0xC1, 0x6E, 0x80, 0x6E, 0x08, 0x22, 0x00, 0x20
	.byte 0x11, 0x40, 0x08, 0x43, 0x00, 0x28, 0x07, 0xD0, 0xA4, 0x26, 0x76, 0x00, 0xB9, 0x19, 0x04, 0x20
	.byte 0x28, 0xE0, 0x00, 0x00, 0x84, 0x9B, 0x03, 0x02, 0xC0, 0xF7, 0x28, 0xFE, 0x00, 0x04, 0xC0, 0x21
	.byte 0x89, 0x02, 0x01, 0x40, 0x09, 0x0C, 0x01, 0x29, 0x0E, 0xD0, 0x01, 0x29, 0x02, 0xDC, 0x00, 0x29
	.byte 0x05, 0xD0, 0x18, 0xE0, 0x02, 0x29, 0x0C, 0xD0, 0x03, 0x29, 0x0F, 0xD0, 0x13, 0xE0, 0xA4, 0x20
	.byte 0x40, 0x00, 0x39, 0x18, 0x04, 0x20, 0x0D, 0xE0, 0xA4, 0x22, 0x52, 0x00, 0xB9, 0x18, 0x05, 0x20
	.byte 0x08, 0xE0, 0xA4, 0x23, 0x5B, 0x00, 0xF9, 0x18, 0x06, 0x20, 0x03, 0xE0, 0xA4, 0x24, 0x64, 0x00
	.byte 0x39, 0x19, 0x07, 0x20, 0x08, 0x60, 0xA7, 0x25, 0x6D, 0x00, 0x79, 0x19, 0x00, 0x20, 0x08, 0x80
	.byte 0xB0, 0x26, 0x76, 0x00, 0xB9, 0x19, 0x08, 0x88, 0x01, 0x38, 0x00, 0xF0, 0x60, 0xFD, 0xA7, 0x20
	.byte 0x40, 0x00, 0x3C, 0x18, 0x00, 0x21, 0x60, 0x5E, 0x00, 0x28, 0x09, 0xD1, 0x0D, 0x48, 0x98, 0x22
	.byte 0x52, 0x00, 0xB9, 0x18, 0xBA, 0x69, 0x00, 0x92, 0x03, 0x22, 0x00, 0x23, 0xD3, 0xF7, 0x48, 0xFB
	.byte 0x98, 0x23, 0x5B, 0x00, 0xF8, 0x18, 0xC0, 0xF7, 0x9D, 0xF8, 0x00, 0x06, 0x00, 0x28, 0x0B, 0xD0
	.byte 0xA4, 0x25, 0x6D, 0x00, 0x78, 0x19, 0x03, 0x21, 0x01, 0x60, 0x00, 0x20, 0x20, 0x80, 0x00, 0xF0
	.byte 0x3F, 0xFD, 0x00, 0x00, 0x8C, 0xEB, 0x13, 0x08, 0x20, 0x88, 0x01, 0x30, 0x20, 0x80, 0x00, 0xF0
	.byte 0x37, 0xFD, 0xA7, 0x21, 0x49, 0x00, 0x78, 0x18, 0x00, 0x22, 0x80, 0x5E, 0x00, 0x28, 0x34, 0xD1
	.byte 0x0D, 0x48, 0x98, 0x23, 0x5B, 0x00, 0xF9, 0x18, 0xBA, 0x69, 0x00, 0x92, 0x02, 0x22, 0x00, 0x23
	.byte 0xD3, 0xF7, 0x1E, 0xFB, 0x70, 0x6B, 0xB1, 0x6B, 0x04, 0x22, 0x10, 0x40, 0x00, 0x21, 0x08, 0x43
	.byte 0x00, 0x28, 0x0D, 0xD1, 0xAC, 0x24, 0x64, 0x00, 0x39, 0x19, 0x04, 0x48, 0x00, 0x68, 0xDA, 0x30
	.byte 0x00, 0x25, 0x40, 0x5F, 0x40, 0x38, 0x0C, 0xE0, 0x8C, 0xEB, 0x13, 0x08, 0x84, 0x9B, 0x03, 0x02
	.byte 0xAC, 0x20, 0x40, 0x00, 0x39, 0x18, 0x1B, 0x48, 0x00, 0x68, 0xDC, 0x30, 0x00, 0x22, 0x80, 0x5E
	.byte 0x40, 0x30, 0x00, 0x02, 0x08, 0x60, 0xAA, 0x23, 0x5B, 0x00, 0xF9, 0x18, 0x16, 0x48, 0x08, 0x60
	.byte 0xA8, 0x24, 0x64, 0x00, 0x39, 0x19, 0x1E, 0x20, 0x08, 0x80, 0x30, 0x1D, 0xAC, 0x25, 0x6D, 0x00
	.byte 0x79, 0x19, 0x09, 0x68, 0xA8, 0x22, 0x52, 0x00, 0xBC, 0x18, 0x22, 0x88, 0xBF, 0xF7, 0x32, 0xFF
	.byte 0x0E, 0x4B, 0xFD, 0x18, 0x28, 0x78, 0x03, 0x28, 0x05, 0xD1, 0x30, 0x1C, 0x00, 0x21, 0x08, 0x22
	.byte 0x08, 0x23, 0xFF, 0xF7, 0xF3, 0xFC, 0x38, 0x1C, 0xFF, 0xF7, 0xCC, 0xFC, 0x00, 0x26, 0xA0, 0x5F
	.byte 0x00, 0x28, 0x0D, 0xDC, 0x28, 0x78, 0x03, 0x28, 0x00, 0xD0, 0x54, 0xE6, 0xC1, 0xF7, 0x42, 0xF8
	.byte 0x51, 0xE6, 0x00, 0x00, 0x84, 0x9B, 0x03, 0x02, 0x00, 0xFB, 0xFF, 0xFF, 0x4D, 0x01, 0x00, 0x00
	.byte 0xA7, 0x20, 0x40, 0x00, 0x39, 0x18, 0x08, 0x88, 0x01, 0x30, 0x08, 0x80, 0x20, 0x88, 0x01, 0x38
	.byte 0x20, 0x80, 0x00, 0xF0, 0xC5, 0xFC, 0xA7, 0x21, 0x49, 0x00, 0x78, 0x18, 0x00, 0x22, 0x80, 0x5E
	.byte 0x00, 0x28, 0x34, 0xD1, 0x70, 0x6B, 0xB1, 0x6B, 0x04, 0x22, 0x10, 0x40, 0x00, 0x21, 0x08, 0x43
	.byte 0x00, 0x28, 0x0A, 0xD0, 0xC0, 0xF7, 0x4A, 0xFD, 0x00, 0x04, 0x00, 0x0C, 0x01, 0x21, 0x08, 0x40
	.byte 0xD3, 0x24, 0x00, 0x28, 0x0B, 0xD0, 0xAD, 0x24, 0x09, 0xE0, 0xC0, 0xF7, 0x3F, 0xFD, 0x00, 0x04
	.byte 0x00, 0x0C, 0x01, 0x21, 0x08, 0x40, 0x2D, 0x24, 0x00, 0x28, 0x00, 0xD0, 0x53, 0x24, 0xAC, 0x25
	.byte 0x6D, 0x00, 0x7B, 0x19, 0x12, 0x4A, 0x60, 0x00, 0x80, 0x18, 0x00, 0x25, 0x41, 0x5F, 0x48, 0x00
	.byte 0x40, 0x18, 0x18, 0x60, 0xAE, 0x20, 0x40, 0x00, 0x3B, 0x18, 0x20, 0x1C, 0x40, 0x30, 0x40, 0x00
	.byte 0x80, 0x18, 0x00, 0x22, 0x81, 0x5E, 0x49, 0x42, 0x48, 0x00, 0x40, 0x18, 0x18, 0x60, 0xAE, 0x23
	.byte 0x5B, 0x00, 0xF8, 0x18, 0x00, 0x68, 0x00, 0x28, 0x0E, 0xDD, 0x06, 0x48, 0x98, 0x24, 0x64, 0x00
	.byte 0x39, 0x19, 0xBA, 0x69, 0x00, 0x92, 0x04, 0x22, 0x01, 0x23, 0xD3, 0xF7, 0x71, 0xFA, 0x0D, 0xE0
	.byte 0x00, 0x14, 0x12, 0x08, 0x8C, 0xEB, 0x13, 0x08, 0x0A, 0x48, 0x98, 0x25, 0x6D, 0x00, 0x79, 0x19
	.byte 0xBA, 0x69, 0x00, 0x92, 0x05, 0x22, 0x01, 0x23, 0xD3, 0xF7, 0x62, 0xFA, 0xAC, 0x21, 0x49, 0x00
	.byte 0x78, 0x18, 0x00, 0x68, 0x00, 0x28, 0x07, 0xDA, 0x70, 0x6B, 0xB1, 0x6B, 0x04, 0x22, 0x00, 0x23
	.byte 0x10, 0x43, 0x06, 0xE0, 0x8C, 0xEB, 0x13, 0x08, 0x70, 0x6B, 0xB1, 0x6B, 0x05, 0x22, 0x52, 0x42
	.byte 0x10, 0x40, 0x70, 0x63, 0xB1, 0x63, 0xAC, 0x22, 0x52, 0x00, 0xBD, 0x18, 0x70, 0x68, 0x29, 0x68
	.byte 0x40, 0x18, 0x70, 0x60, 0xAE, 0x23, 0x5B, 0x00, 0xFC, 0x18, 0xB0, 0x68, 0x21, 0x68, 0x40, 0x18
	.byte 0xB0, 0x60, 0x38, 0x1C, 0xFF, 0xF7, 0x2E, 0xFC, 0x30, 0x1C, 0x01, 0x21, 0x02, 0x22, 0x08, 0x23
	.byte 0xFF, 0xF7, 0x4C, 0xFC, 0x30, 0x1D, 0x31, 0x1C, 0x08, 0x31, 0x00, 0x22, 0x00, 0x23, 0xD4, 0xF7
	.byte 0x4D, 0xFE, 0x01, 0x28, 0x0A, 0xD3, 0x02, 0x28, 0x03, 0xD8, 0x28, 0x68, 0x40, 0x42, 0x28, 0x60
	.byte 0x04, 0xE0, 0x04, 0x28, 0x02, 0xD8, 0x20, 0x68, 0x40, 0x42, 0x20, 0x60, 0xA7, 0x24, 0x64, 0x00
	.byte 0x39, 0x19, 0x0A, 0x88, 0x00, 0x25, 0x48, 0x5F, 0xB3, 0x28, 0x08, 0xDD, 0x00, 0x20, 0x08, 0x80
	.byte 0xA4, 0x26, 0x76, 0x00, 0xB9, 0x19, 0x03, 0x20, 0x08, 0x60, 0x00, 0xF0, 0x19, 0xFC, 0x50, 0x1C
	.byte 0x00, 0xF0, 0x15, 0xFC, 0xA7, 0x21, 0x49, 0x00, 0x78, 0x18, 0x00, 0x22, 0x80, 0x5E, 0x00, 0x28
	.byte 0x23, 0xD1, 0x0D, 0x48, 0x98, 0x23, 0x5B, 0x00, 0xFC, 0x18, 0xB9, 0x69, 0x00, 0x91, 0x21, 0x1C
	.byte 0x00, 0x22, 0x00, 0x23, 0xD3, 0xF7, 0xFC, 0xF9, 0x20, 0x1C, 0xBF, 0xF7, 0x77, 0xFF, 0x4C, 0x46
	.byte 0x00, 0x2C, 0x12, 0xD0, 0x61, 0x68, 0x70, 0x68, 0x81, 0x42, 0x07, 0xDA, 0x70, 0x6B, 0xB1, 0x6B
	.byte 0x04, 0x22, 0x00, 0x23, 0x10, 0x43, 0x06, 0xE0, 0x8C, 0xEB, 0x13, 0x08, 0x70, 0x6B, 0xB1, 0x6B
	.byte 0x05, 0x22, 0x52, 0x42, 0x10, 0x40, 0x70, 0x63, 0xB1, 0x63, 0xA7, 0x25, 0x6D, 0x00, 0x78, 0x19
	.byte 0x00, 0x21, 0x40, 0x5E, 0x28, 0x28, 0x00, 0xD0, 0xDA, 0xE0, 0x4A, 0x46, 0x00, 0x2A, 0x1E, 0xD0
	.byte 0x53, 0x68, 0x98, 0x46, 0x94, 0x68, 0xA2, 0x46, 0x48, 0x46, 0xA2, 0x30, 0x00, 0x25, 0x40, 0x5F
	.byte 0x00, 0x02, 0xD1, 0x68, 0x09, 0x1A, 0x05, 0x91, 0x74, 0x68, 0xA0, 0x45, 0x05, 0xDA, 0x70, 0x6B
	.byte 0xB1, 0x6B, 0x04, 0x22, 0x00, 0x23, 0x10, 0x43, 0x04, 0xE0, 0x70, 0x6B, 0xB1, 0x6B, 0x05, 0x22
	.byte 0x52, 0x42, 0x10, 0x40, 0x70, 0x63, 0xB1, 0x63, 0xB5, 0x68, 0xF3, 0x68, 0x1C, 0xE0, 0x70, 0x6B
	.byte 0xB1, 0x6B, 0x04, 0x22, 0x10, 0x40, 0x00, 0x21, 0x08, 0x43, 0x00, 0x28, 0x06, 0xD0, 0x70, 0x68
	.byte 0x01, 0x49, 0x09, 0x18, 0x88, 0x46, 0x06, 0xE0, 0x00, 0x38, 0xFF, 0xFF, 0x70, 0x68, 0xC8, 0x22
	.byte 0x12, 0x02, 0x12, 0x18, 0x90, 0x46, 0x04, 0x1C, 0xB3, 0x68, 0x9A, 0x46, 0xF0, 0x68, 0x13, 0x4D
	.byte 0x45, 0x19, 0x05, 0x95, 0x55, 0x46, 0x03, 0x1C, 0x11, 0x49, 0x78, 0x18, 0x00, 0x78, 0x84, 0x46
	.byte 0x01, 0x28, 0x35, 0xD0, 0x01, 0x28, 0x61, 0xDC, 0x00, 0x28, 0x5F, 0xD1, 0x70, 0x6B, 0xB1, 0x6B
	.byte 0x04, 0x22, 0x10, 0x40, 0x00, 0x21, 0x08, 0x43, 0x00, 0x28, 0x15, 0xD0, 0x09, 0x4A, 0xA1, 0x18
	.byte 0x06, 0x4C, 0x1B, 0x19, 0x46, 0x46, 0x00, 0x96, 0x50, 0x46, 0x01, 0x90, 0x05, 0x9A, 0x02, 0x92
	.byte 0x01, 0x20, 0x03, 0x90, 0x7B, 0x20, 0x04, 0x90, 0x00, 0x20, 0x5E, 0xE0, 0x00, 0xF8, 0xFF, 0xFF
	.byte 0x4D, 0x01, 0x00, 0x00, 0x00, 0xB0, 0xFF, 0xFF, 0xA0, 0x26, 0xF6, 0x01, 0xA1, 0x19, 0x07, 0x48
	.byte 0x1B, 0x18, 0x42, 0x46, 0x00, 0x92, 0x54, 0x46, 0x01, 0x94, 0x05, 0x9E, 0x02, 0x96, 0x60, 0x46
	.byte 0x03, 0x90, 0x7B, 0x20, 0x04, 0x90, 0x00, 0x20, 0x47, 0xE0, 0x00, 0x00, 0x00, 0xF8, 0xFF, 0xFF
	.byte 0x70, 0x6B, 0xB1, 0x6B, 0x04, 0x22, 0x10, 0x40, 0x00, 0x21, 0x08, 0x43, 0x00, 0x28, 0x13, 0xD0
	.byte 0x07, 0x4A, 0xA1, 0x18, 0x07, 0x4C, 0x1B, 0x19, 0x46, 0x46, 0x00, 0x96, 0x50, 0x46, 0x01, 0x90
	.byte 0x05, 0x9A, 0x02, 0x92, 0x64, 0x46, 0x03, 0x94, 0x7C, 0x20, 0x04, 0x90, 0x01, 0x20, 0x2C, 0xE0
	.byte 0x00, 0xB0, 0xFF, 0xFF, 0x00, 0xF8, 0xFF, 0xFF, 0xA0, 0x26, 0xF6, 0x01, 0xA1, 0x19, 0x06, 0x4A
	.byte 0x9B, 0x18, 0x44, 0x46, 0x00, 0x94, 0x56, 0x46, 0x01, 0x96, 0x05, 0x9A, 0x02, 0x92, 0x03, 0x90
	.byte 0x7C, 0x20, 0x04, 0x90, 0x01, 0x20, 0x18, 0xE0, 0x00, 0xF8, 0xFF, 0xFF, 0x70, 0x6B, 0xB1, 0x6B
	.byte 0x04, 0x22, 0x10, 0x40, 0x00, 0x21, 0x08, 0x43, 0x00, 0x28, 0x17, 0xD0, 0x09, 0x4E, 0xA1, 0x19
	.byte 0x09, 0x48, 0x1B, 0x18, 0x42, 0x46, 0x00, 0x92, 0x54, 0x46, 0x01, 0x94, 0x05, 0x9E, 0x02, 0x96
	.byte 0x01, 0x20, 0x03, 0x90, 0x7D, 0x20, 0x04, 0x90, 0x02, 0x20, 0x2A, 0x1C, 0xCD, 0xF7, 0x06, 0xF8
	.byte 0x16, 0xE0, 0x00, 0x00, 0x00, 0xB0, 0xFF, 0xFF, 0x00, 0xF8, 0xFF, 0xFF, 0xA0, 0x22, 0xD2, 0x01
	.byte 0xA1, 0x18, 0x17, 0x4C, 0x1B, 0x19, 0x46, 0x46, 0x00, 0x96, 0x52, 0x46, 0x01, 0x92, 0x05, 0x9C
	.byte 0x02, 0x94, 0x03, 0x90, 0x7D, 0x20, 0x04, 0x90, 0x02, 0x20, 0x2A, 0x1C, 0xCC, 0xF7, 0xEE, 0xFF
	.byte 0xA7, 0x25, 0x6D, 0x00, 0x7C, 0x19, 0x00, 0x26, 0xA0, 0x5F, 0x28, 0x28, 0x00, 0xDC, 0xF9, 0xE2
	.byte 0xCC, 0xF7, 0x38, 0xFD, 0x00, 0x06, 0x02, 0x0E, 0x00, 0x2A, 0x00, 0xD1, 0x2E, 0xE1, 0x49, 0x46
	.byte 0x00, 0x29, 0x00, 0xD1, 0xEE, 0xE2, 0x48, 0x68, 0x89, 0x68, 0x4A, 0x46, 0xA2, 0x32, 0x00, 0x24
	.byte 0x13, 0x5F, 0x1B, 0x02, 0x4D, 0x46, 0xEA, 0x68, 0xD2, 0x1A, 0xCE, 0xF7, 0x81, 0xFC, 0xE1, 0xE2
	.byte 0x00, 0xF8, 0xFF, 0xFF, 0xA7, 0x21, 0x49, 0x00, 0x78, 0x18, 0x00, 0x22, 0x80, 0x5E, 0x00, 0x28
	.byte 0x23, 0xD1, 0x0D, 0x48, 0x98, 0x23, 0x5B, 0x00, 0xFC, 0x18, 0xB9, 0x69, 0x00, 0x91, 0x21, 0x1C
	.byte 0x00, 0x22, 0x00, 0x23, 0xD3, 0xF7, 0xCC, 0xF8, 0x20, 0x1C, 0xBF, 0xF7, 0x47, 0xFE, 0x4C, 0x46
	.byte 0x00, 0x2C, 0x12, 0xD0, 0x61, 0x68, 0x70, 0x68, 0x81, 0x42, 0x07, 0xDA, 0x70, 0x6B, 0xB1, 0x6B
	.byte 0x04, 0x22, 0x00, 0x23, 0x10, 0x43, 0x06, 0xE0, 0x8C, 0xEB, 0x13, 0x08, 0x70, 0x6B, 0xB1, 0x6B
	.byte 0x05, 0x22, 0x52, 0x42, 0x10, 0x40, 0x70, 0x63, 0xB1, 0x63, 0xA7, 0x25, 0x6D, 0x00, 0x78, 0x19
	.byte 0x00, 0x21, 0x40, 0x5E, 0x28, 0x28, 0x00, 0xD0, 0xDA, 0xE0, 0x4A, 0x46, 0x00, 0x2A, 0x1E, 0xD0
	.byte 0x53, 0x68, 0x98, 0x46, 0x94, 0x68, 0xA2, 0x46, 0x48, 0x46, 0xA2, 0x30, 0x00, 0x25, 0x40, 0x5F
	.byte 0x00, 0x02, 0xD1, 0x68, 0x09, 0x1A, 0x06, 0x91, 0x74, 0x68, 0xA0, 0x45, 0x05, 0xDA, 0x70, 0x6B
	.byte 0xB1, 0x6B, 0x04, 0x22, 0x00, 0x23, 0x10, 0x43, 0x04, 0xE0, 0x70, 0x6B, 0xB1, 0x6B, 0x05, 0x22
	.byte 0x52, 0x42, 0x10, 0x40, 0x70, 0x63, 0xB1, 0x63, 0xB5, 0x68, 0xF3, 0x68, 0x1C, 0xE0, 0x70, 0x6B
	.byte 0xB1, 0x6B, 0x04, 0x22, 0x10, 0x40, 0x00, 0x21, 0x08, 0x43, 0x00, 0x28, 0x06, 0xD0, 0x70, 0x68
	.byte 0x01, 0x49, 0x09, 0x18, 0x88, 0x46, 0x06, 0xE0, 0x00, 0x9C, 0xFF, 0xFF, 0x70, 0x68, 0xC8, 0x22
	.byte 0xD2, 0x01, 0x12, 0x18, 0x90, 0x46, 0x04, 0x1C, 0xB3, 0x68, 0x9A, 0x46, 0xF0, 0x68, 0x13, 0x4D
	.byte 0x45, 0x19, 0x06, 0x95, 0x55, 0x46, 0x03, 0x1C, 0x11, 0x49, 0x78, 0x18, 0x00, 0x78, 0x84, 0x46
	.byte 0x01, 0x28, 0x35, 0xD0, 0x01, 0x28, 0x61, 0xDC, 0x00, 0x28, 0x5F, 0xD1, 0x70, 0x6B, 0xB1, 0x6B
	.byte 0x04, 0x22, 0x10, 0x40, 0x00, 0x21, 0x08, 0x43, 0x00, 0x28, 0x15, 0xD0, 0x09, 0x4A, 0xA1, 0x18
	.byte 0x06, 0x4C, 0x1B, 0x19, 0x46, 0x46, 0x00, 0x96, 0x50, 0x46, 0x01, 0x90, 0x06, 0x9A, 0x02, 0x92
	.byte 0x01, 0x20, 0x03, 0x90, 0x7E, 0x20, 0x04, 0x90, 0x00, 0x20, 0x5E, 0xE0, 0x00, 0xF8, 0xFF, 0xFF
	.byte 0x4D, 0x01, 0x00, 0x00, 0x00, 0xB0, 0xFF, 0xFF, 0xA0, 0x26, 0xF6, 0x01, 0xA1, 0x19, 0x07, 0x48
	.byte 0x1B, 0x18, 0x42, 0x46, 0x00, 0x92, 0x54, 0x46, 0x01, 0x94, 0x06, 0x9E, 0x02, 0x96, 0x60, 0x46
	.byte 0x03, 0x90, 0x7E, 0x20, 0x04, 0x90, 0x00, 0x20, 0x47, 0xE0, 0x00, 0x00, 0x00, 0xF8, 0xFF, 0xFF
	.byte 0x70, 0x6B, 0xB1, 0x6B, 0x04, 0x22, 0x10, 0x40, 0x00, 0x21, 0x08, 0x43, 0x00, 0x28, 0x13, 0xD0
	.byte 0x07, 0x4A, 0xA1, 0x18, 0x07, 0x4C, 0x1B, 0x19, 0x46, 0x46, 0x00, 0x96, 0x50, 0x46, 0x01, 0x90
	.byte 0x06, 0x9A, 0x02, 0x92, 0x64, 0x46, 0x03, 0x94, 0x7F, 0x20, 0x04, 0x90, 0x01, 0x20, 0x2C, 0xE0
	.byte 0x00, 0xB0, 0xFF, 0xFF, 0x00, 0xF8, 0xFF, 0xFF, 0xA0, 0x26, 0xF6, 0x01, 0xA1, 0x19, 0x06, 0x4A
	.byte 0x9B, 0x18, 0x44, 0x46, 0x00, 0x94, 0x56, 0x46, 0x01, 0x96, 0x06, 0x9A, 0x02, 0x92, 0x03, 0x90
	.byte 0x7F, 0x20, 0x04, 0x90, 0x01, 0x20, 0x18, 0xE0, 0x00, 0xF8, 0xFF, 0xFF, 0x70, 0x6B, 0xB1, 0x6B
	.byte 0x04, 0x22, 0x10, 0x40, 0x00, 0x21, 0x08, 0x43, 0x00, 0x28, 0x17, 0xD0, 0x09, 0x4E, 0xA1, 0x19
	.byte 0x09, 0x48, 0x1B, 0x18, 0x42, 0x46, 0x00, 0x92, 0x54, 0x46, 0x01, 0x94, 0x06, 0x9E, 0x02, 0x96
	.byte 0x01, 0x20, 0x03, 0x90, 0x80, 0x20, 0x04, 0x90, 0x02, 0x20, 0x2A, 0x1C, 0xCD, 0xF7, 0x38, 0xF9
	.byte 0x16, 0xE0, 0x00, 0x00, 0x00, 0xB0, 0xFF, 0xFF, 0x00, 0xF8, 0xFF, 0xFF, 0xA0, 0x22, 0xD2, 0x01
	.byte 0xA1, 0x18, 0x12, 0x4C, 0x1B, 0x19, 0x46, 0x46, 0x00, 0x96, 0x52, 0x46, 0x01, 0x92, 0x06, 0x9C
	.byte 0x02, 0x94, 0x03, 0x90, 0x80, 0x20, 0x04, 0x90, 0x02, 0x20, 0x2A, 0x1C, 0xCD, 0xF7, 0x20, 0xF9
	.byte 0xA7, 0x25, 0x6D, 0x00, 0x7C, 0x19, 0x00, 0x26, 0xA0, 0x5F, 0x28, 0x28, 0x00, 0xDC, 0xC9, 0xE1
	.byte 0xCC, 0xF7, 0x08, 0xFC, 0x00, 0x06, 0x02, 0x0E, 0x00, 0x2A, 0x09, 0xD1, 0xA4, 0x20, 0x40, 0x00
	.byte 0x39, 0x18, 0x02, 0x20, 0x08, 0x60, 0x22, 0x80, 0xC2, 0xE1, 0x00, 0x00, 0x00, 0xF8, 0xFF, 0xFF
	.byte 0x49, 0x46, 0x00, 0x29, 0x00, 0xD1, 0xB5, 0xE1, 0x48, 0x68, 0x89, 0x68, 0x4A, 0x46, 0xA2, 0x32
	.byte 0x00, 0x24, 0x13, 0x5F, 0x1B, 0x02, 0x4D, 0x46, 0xEA, 0x68, 0xD2, 0x1A, 0xCE, 0xF7, 0x48, 0xFB
	.byte 0xA8, 0xE1, 0xA7, 0x21, 0x49, 0x00, 0x78, 0x18, 0x00, 0x22, 0x80, 0x5E, 0x00, 0x28, 0x24, 0xD1
	.byte 0x0D, 0x48, 0x98, 0x23, 0x5B, 0x00, 0xFC, 0x18, 0xB9, 0x69, 0x00, 0x91, 0x21, 0x1C, 0x01, 0x22
	.byte 0x00, 0x23, 0xD2, 0xF7, 0x95, 0xFF, 0x20, 0x1C, 0xBF, 0xF7, 0x10, 0xFD, 0x4C, 0x46, 0x00, 0x2C
	.byte 0x13, 0xD0, 0x60, 0x68, 0x74, 0x68, 0xA0, 0x42, 0x08, 0xDA, 0x70, 0x6B, 0xB1, 0x6B, 0x04, 0x22
	.byte 0x00, 0x23, 0x10, 0x43, 0x07, 0xE0, 0x00, 0x00, 0x8C, 0xEB, 0x13, 0x08, 0x70, 0x6B, 0xB1, 0x6B
	.byte 0x05, 0x22, 0x52, 0x42, 0x10, 0x40, 0x70, 0x63, 0xB1, 0x63, 0xA7, 0x25, 0x6D, 0x00, 0x78, 0x19
	.byte 0x00, 0x21, 0x40, 0x5E, 0x28, 0x28, 0x55, 0xD1, 0x08, 0x4A, 0xB8, 0x18, 0x00, 0x78, 0x01, 0x28
	.byte 0x34, 0xD0, 0x01, 0x28, 0x42, 0xDC, 0x00, 0x28, 0x40, 0xD1, 0x4B, 0x46, 0x00, 0x2B, 0x07, 0xD0
	.byte 0x5A, 0x68, 0x98, 0x68, 0x19, 0x69, 0x74, 0x68, 0xB5, 0x68, 0x17, 0xE0, 0x4D, 0x01, 0x00, 0x00
	.byte 0x70, 0x6B, 0xB1, 0x6B, 0x04, 0x22, 0x10, 0x40, 0x00, 0x21, 0x08, 0x43, 0x00, 0x28, 0x05, 0xD0
	.byte 0x70, 0x68, 0x01, 0x4C, 0x02, 0x19, 0x05, 0xE0, 0x00, 0xB0, 0xFF, 0xFF, 0x70, 0x68, 0xA0, 0x25
	.byte 0xED, 0x01, 0x42, 0x19, 0x04, 0x1C, 0xB0, 0x68, 0x00, 0x21, 0x05, 0x1C, 0xF3, 0x68, 0x06, 0x4E
	.byte 0x9B, 0x19, 0x00, 0x92, 0x01, 0x90, 0x02, 0x91, 0x81, 0x20, 0x03, 0x90, 0x00, 0x20, 0x21, 0x1C
	.byte 0x2A, 0x1C, 0xCF, 0xF7, 0x23, 0xFB, 0x1D, 0xE0, 0x00, 0xC0, 0xFF, 0xFF, 0x71, 0x68, 0xB2, 0x68
	.byte 0xF3, 0x68, 0x05, 0x48, 0x1B, 0x18, 0x30, 0x69, 0x00, 0x90, 0x82, 0x20, 0x01, 0x90, 0x01, 0x20
	.byte 0xCD, 0xF7, 0x54, 0xFD, 0x0E, 0xE0, 0x00, 0x00, 0x00, 0xC0, 0xFF, 0xFF, 0x71, 0x68, 0xB2, 0x68
	.byte 0xF3, 0x68, 0x19, 0x4C, 0x1B, 0x19, 0x30, 0x69, 0x00, 0x90, 0x83, 0x20, 0x01, 0x90, 0x02, 0x20
	.byte 0xCD, 0xF7, 0x44, 0xFD, 0xA7, 0x25, 0x6D, 0x00, 0x7C, 0x19, 0x00, 0x26, 0xA0, 0x5F, 0x3C, 0x28
	.byte 0x07, 0xD1, 0x80, 0x22, 0x52, 0x02, 0x96, 0x23, 0x5B, 0x02, 0x0F, 0x20, 0x94, 0x21, 0xD2, 0xF7
	.byte 0x03, 0xFF, 0x00, 0x21, 0x60, 0x5E, 0x28, 0x28, 0x1A, 0xDD, 0xCC, 0xF7, 0x4B, 0xFB, 0x00, 0x06
	.byte 0x05, 0x0E, 0x00, 0x2D, 0x14, 0xD1, 0xA4, 0x22, 0x52, 0x00, 0xB9, 0x18, 0x02, 0x20, 0x08, 0x60
	.byte 0x80, 0x21, 0x49, 0x00, 0x05, 0x48, 0x00, 0x68, 0x02, 0x69, 0x43, 0x69, 0x0F, 0x20, 0xD2, 0xF7
	.byte 0xEB, 0xFE, 0x25, 0x80, 0xFC, 0xE0, 0x00, 0x00, 0x00, 0xC0, 0xFF, 0xFF, 0x84, 0x9B, 0x03, 0x02
	.byte 0xA7, 0x23, 0x5B, 0x00, 0xF9, 0x18, 0xF0, 0xE0, 0xA6, 0x24, 0x64, 0x00, 0x38, 0x19, 0x00, 0x78
	.byte 0x00, 0x28, 0x03, 0xD0, 0x00, 0x48, 0x02, 0xE0, 0x84, 0x9B, 0x03, 0x02, 0x10, 0x48, 0x00, 0x68
	.byte 0xC5, 0x6F, 0xA7, 0x21, 0x49, 0x00, 0x78, 0x18, 0x00, 0x22, 0x80, 0x5E, 0x00, 0x28, 0x22, 0xD1
	.byte 0x0C, 0x48, 0x98, 0x23, 0x5B, 0x00, 0xFC, 0x18, 0xB9, 0x69, 0x00, 0x91, 0x21, 0x1C, 0x01, 0x22
	.byte 0x00, 0x23, 0xD2, 0xF7, 0xCD, 0xFE, 0x20, 0x1C, 0xBF, 0xF7, 0x48, 0xFC, 0x69, 0x68, 0x70, 0x68
	.byte 0x81, 0x42, 0x09, 0xDA, 0x70, 0x6B, 0xB1, 0x6B, 0x04, 0x22, 0x00, 0x23, 0x10, 0x43, 0x08, 0xE0
	.byte 0x9C, 0x9B, 0x03, 0x02, 0x8C, 0xEB, 0x13, 0x08, 0x70, 0x6B, 0xB1, 0x6B, 0x05, 0x22, 0x52, 0x42
	.byte 0x10, 0x40, 0x70, 0x63, 0xB1, 0x63, 0xA7, 0x24, 0x64, 0x00, 0x38, 0x19, 0x00, 0x26, 0x80, 0x5F
	.byte 0x28, 0x28, 0x39, 0xD1, 0x04, 0x49, 0x78, 0x18, 0x00, 0x78, 0x01, 0x28, 0x14, 0xD0, 0x01, 0x28
	.byte 0x04, 0xDC, 0x00, 0x28, 0x05, 0xD0, 0x27, 0xE0, 0x4D, 0x01, 0x00, 0x00, 0x02, 0x28, 0x17, 0xD0
	.byte 0x22, 0xE0, 0x69, 0x68, 0xAA, 0x68, 0xEB, 0x68, 0x02, 0x4C, 0x1B, 0x19, 0x00, 0x20, 0xCC, 0xF7
	.byte 0xB9, 0xFB, 0x21, 0xE0, 0x00, 0xD4, 0xFF, 0xFF, 0x69, 0x68, 0xAA, 0x68, 0xEB, 0x68, 0x03, 0x4E
	.byte 0x9B, 0x19, 0x01, 0x20, 0xCC, 0xF7, 0xAE, 0xFB, 0x16, 0xE0, 0x00, 0x00, 0x00, 0xD4, 0xFF, 0xFF
	.byte 0x69, 0x68, 0xAA, 0x68, 0xEB, 0x68, 0x03, 0x48, 0x1B, 0x18, 0x02, 0x20, 0xCC, 0xF7, 0xA2, 0xFB
	.byte 0x0A, 0xE0, 0x00, 0x00, 0x00, 0xD4, 0xFF, 0xFF, 0x69, 0x68, 0xAA, 0x68, 0xEB, 0x68, 0x0C, 0x4C
	.byte 0x1B, 0x19, 0x00, 0x20, 0xCC, 0xF7, 0x96, 0xFB, 0xA7, 0x26, 0x76, 0x00, 0xB8, 0x19, 0x00, 0x21
	.byte 0x40, 0x5E, 0x28, 0x28, 0x6E, 0xDD, 0xCC, 0xF7, 0xAD, 0xFA, 0x00, 0x06, 0x00, 0x28, 0x09, 0xD0
	.byte 0x68, 0x68, 0xA9, 0x68, 0xEA, 0x68, 0x02, 0x4B, 0xD2, 0x18, 0xCE, 0xF7, 0xED, 0xF9, 0x61, 0xE0
	.byte 0x00, 0xD4, 0xFF, 0xFF, 0x28, 0x1C, 0xE4, 0x30, 0x00, 0x68, 0xF4, 0x30, 0x00, 0x68, 0x0D, 0x28
	.byte 0x1B, 0xD1, 0x05, 0x4C, 0x38, 0x19, 0x00, 0x78, 0x01, 0x28, 0x0D, 0xD0, 0x01, 0x28, 0x05, 0xDC
	.byte 0x00, 0x28, 0x06, 0xD0, 0x2D, 0xE0, 0x00, 0x00, 0x4D, 0x01, 0x00, 0x00, 0x02, 0x28, 0x06, 0xD0
	.byte 0x27, 0xE0, 0xA8, 0x8D, 0x4B, 0x30, 0x23, 0xE0, 0xA8, 0x8D, 0xE1, 0x30, 0x20, 0xE0, 0xE1, 0x26
	.byte 0x76, 0x00, 0x30, 0x1C, 0xA9, 0x8D, 0x40, 0x18, 0x1A, 0xE0, 0x05, 0x4A, 0xB8, 0x18, 0x00, 0x78
	.byte 0x01, 0x28, 0x0D, 0xD0, 0x01, 0x28, 0x05, 0xDC, 0x00, 0x28, 0x06, 0xD0, 0x11, 0xE0, 0x00, 0x00
	.byte 0x4D, 0x01, 0x00, 0x00, 0x02, 0x28, 0x06, 0xD0, 0x0B, 0xE0, 0xA8, 0x8D, 0x32, 0x30, 0x07, 0xE0
	.byte 0xA8, 0x8D, 0x96, 0x30, 0x04, 0xE0, 0x96, 0x23, 0x5B, 0x00, 0x18, 0x1C, 0xAC, 0x8D, 0x00, 0x19
	.byte 0xA8, 0x85, 0x2C, 0x26, 0xA9, 0x5F, 0xEA, 0x8D, 0x2E, 0x23, 0xE8, 0x5E, 0x81, 0x42, 0x00, 0xDD
	.byte 0xAA, 0x85, 0x28, 0x1C, 0x0A, 0x21, 0xD2, 0xF7, 0xA7, 0xFE, 0xA4, 0x24, 0x64, 0x00, 0x39, 0x19
	.byte 0x02, 0x20, 0x08, 0x60, 0x80, 0x21, 0x49, 0x00, 0x05, 0x48, 0x00, 0x68, 0x02, 0x69, 0x43, 0x69
	.byte 0x0F, 0x20, 0xD2, 0xF7, 0xF9, 0xFD, 0xA7, 0x25, 0x6D, 0x00, 0x79, 0x19, 0x00, 0x20, 0x06, 0xE0
	.byte 0x84, 0x9B, 0x03, 0x02, 0xA7, 0x26, 0x76, 0x00, 0xB9, 0x19, 0x08, 0x88, 0x01, 0x30, 0x08, 0x80
_08046478:
	.byte 0x98, 0x21, 0x49, 0x00, 0x78, 0x18, 0xBF, 0xF7, 0xF1, 0xFA, 0x38, 0x1C, 0xBA, 0xF7, 0x0E, 0xFD
	.byte 0x01, 0x20
_0804648A:
	.byte 0x07, 0xB0, 0x38, 0xBC, 0x98, 0x46, 0xA1, 0x46, 0xAA, 0x46, 0xF0, 0xBC, 0x02, 0xBC, 0x08, 0x47
	.byte 0x00, 0x00
	thumb_func_start task_frd_donald_2
task_frd_donald_2: @ 0804649C
	push {r4, r5, r6, r7, lr}
	mov r7, r10
	mov r6, r9
	mov r5, r8
	push {r5, r6, r7}
	add sp, #-0x014
	mov r9, r0
	mov r7, r9
	adds r7, #0x20
	movs r0, #0x98
	lsls r0, r0, #0x01
	add r0, r9
	bl func_08005AFC
	mov r10, r0
	ldr r0, [r7, #0x08]
	bl func_0801AF1C
	lsls r0, r0, #0x10
	lsrs r0, r0, #0x10
	mov r8, r0
	ldr r0, [r7, #0x34]
	ldr r1, [r7, #0x38]
	movs r2, #0x04
	ands r0, r2
	movs r1, #0x00
	orrs r0, r1
	cmp r0, #0x00
	beq _080464E4
	ldr r0, _080464E0 @ =0x02039B84
	ldr r0, [r0, #0x00]
	ldr r5, [r0, #0x24]
	adds r6, r5, #0x0
	b _08046508
_080464E0: .4byte 0x02039B84
_080464E4:
	ldr r0, _08046500 @ =0x02039B84
	ldr r0, [r0, #0x00]
	ldr r2, [r0, #0x24]
	movs r0, #0x80
	lsls r0, r0, #0x01
	cmp r2, r0
	bne _08046504
	adds r5, r2, #0x0
	adds r6, r5, #0x0
	movs r0, #0x01
	mov r1, r8
	orrs r1, r0
	mov r8, r1
	b _08046508
_08046500: .4byte 0x02039B84
_08046504:
	negs r6, r2
	adds r5, r2, #0x0
_08046508:
	mov r4, sp
	adds r4, #0x12
	ldr r2, [r7, #0x04]
	ldr r3, [r7, #0x08]
	ldr r0, [r7, #0x0C]
	str r0, [sp, #0x000]
	add r0, sp, #0x010
	adds r1, r4, #0x0
	bl func_0801909C
	ldr r0, _08046530 @ =0x02039B84
	ldr r0, [r0, #0x00]
	ldr r1, [r0, #0x24]
	movs r0, #0x80
	lsls r0, r0, #0x01
	cmp r1, r0
	bne _08046534
	movs r5, #0x00
	b _08046550
	.byte 0x00, 0x00
_08046530: .4byte 0x02039B84
_08046534:
	cmp r1, #0xFF
	bgt _08046542
	movs r0, #0x00
	adds r1, r6, #0x0
	adds r2, r5, #0x0
	movs r3, #0x00
	b _0804654A
_08046542:
	movs r0, #0x00
	adds r1, r6, #0x0
	adds r2, r5, #0x0
	movs r3, #0x01
_0804654A:
	bl func_08002CB4
	adds r5, r0, #0x0
_08046550:
	add r0, sp, #0x010
	movs r2, #0x00
	ldsh r0, [r0, r2]
	movs r2, #0x00
	ldsh r1, [r4, r2]
	mov r4, r9
	ldr r3, [r4, #0x18]
	ldr r2, [r4, #0x1C]
	str r2, [sp, #0x000]
	str r5, [sp, #0x004]
	mov r5, r8
	str r5, [sp, #0x008]
	ldr r2, [r7, #0x08]
	asrs r2, r2, #0x08
	lsls r2, r2, #0x02
	ldr r5, _080465A8 @ =0xFFFFEFFC
	adds r4, r5, #0x0
	subs r2, r4, r2
	lsls r2, r2, #0x10
	lsrs r2, r2, #0x10
	str r2, [sp, #0x00C]
	mov r2, r10
	bl func_080023E0
	ldr r0, [r7, #0x08]
	asrs r0, r0, #0x08
	lsls r0, r0, #0x02
	subs r4, r4, r0
	movs r0, #0x02
	adds r1, r7, #0x0
	adds r1, #0xCC
	orrs r4, r0
	strh r4, [r1, #0x00]
	mov r0, r9
	bl func_08000EE0
	add sp, #0x014
	pop {r3, r4, r5}
	mov r8, r3
	mov r9, r4
	mov r10, r5
	pop {r4, r5, r6, r7}
	pop {r0}
	bx r0
_080465A8: .4byte 0xFFFFEFFC
	thumb_func_start task_frd_donald_3
task_frd_donald_3: @ 080465AC
	push {r4, lr}
	adds r4, r0, #0x0
	movs r1, #0xA6
	lsls r1, r1, #0x01
	adds r0, r4, r1
	ldrb r0, [r0, #0x00]
	cmp r0, #0x00
	beq _080465C4
	ldr r0, _080465C0 @ =0x02039B84
	b _080465C6
_080465C0: .4byte 0x02039B84
_080465C4:
	ldr r0, _080465E8 @ =0x02039B9C
_080465C6:
	ldr r3, [r0, #0x00]
	ldr r0, [r3, #0x68]
	ldr r1, [r3, #0x6C]
	ldr r2, _080465EC @ =0xFFDFFFFF
	ands r0, r2
	str r0, [r3, #0x68]
	str r1, [r3, #0x6C]
	ldr r0, [r4, #0x1C]
	bl func_08002C10
	adds r0, r4, #0x0
	bl func_08000F0C
	pop {r4}
	pop {r0}
	bx r0
	.byte 0x00, 0x00
_080465E8: .4byte 0x02039B9C
_080465EC: .4byte 0xFFDFFFFF
	thumb_func_start func_080465F0
func_080465F0: @ 080465F0
	push {r4, r5, lr}
	adds r4, r0, #0x0
	adds r5, r4, #0x0
	adds r5, #0x20
	adds r0, #0x24
	adds r1, r4, #0x0
	adds r1, #0x28
	adds r2, r4, #0x0
	adds r2, #0x2C
	adds r3, r4, #0x0
	adds r3, #0x30
	bl func_0801C6D4
	movs r0, #0xAA
	lsls r0, r0, #0x01
	adds r2, r4, r0
	ldr r0, [r5, #0x0C]
	ldr r1, [r2, #0x00]
	adds r0, r0, r1
	str r0, [r5, #0x0C]
	ldr r0, [r2, #0x00]
	adds r0, #0x33
	str r0, [r2, #0x00]
	ldr r0, [r5, #0x0C]
	ldr r1, [r5, #0x10]
	cmp r0, r1
	bgt _0804662A
	movs r0, #0x00
	b _08046632
_0804662A:
	str r1, [r5, #0x0C]
	movs r0, #0x00
	str r0, [r2, #0x00]
	movs r0, #0x01
_08046632:
	pop {r4, r5}
	pop {r1}
	bx r1
	thumb_func_start task_frd_goofy_0
task_frd_goofy_0: @ 08046638
	push {r4, r5, r6, r7, lr}
	mov r7, r8
	push {r7}
	add sp, #-0x004
	adds r6, r0, #0x0
	mov r8, r1
	adds r7, r6, #0x0
	adds r7, #0x20
	movs r0, #0xAE
	bl func_0811FE70
	mov r0, r8
	ldrb r1, [r0, #0x02]
	cmp r1, #0x00
	beq _08046690
	movs r2, #0xA6
	lsls r2, r2, #0x01
	adds r1, r6, r2
	movs r0, #0x01
	strb r0, [r1, #0x00]
	ldr r5, _08046684 @ =0x02039B84
	ldr r4, [r5, #0x00]
	ldr r0, [r4, #0x68]
	ldr r1, [r4, #0x6C]
	ldr r2, _08046688 @ =0x00200000
	ldr r3, _0804668C @ =0x00000000
	orrs r0, r2
	str r0, [r4, #0x68]
	str r1, [r4, #0x6C]
	ldr r0, [r4, #0x7C]
	str r0, [r6, #0x14]
	movs r0, #0x8A
	lsls r0, r0, #0x01
	adds r4, r4, r0
	ldr r0, [r4, #0x00]
	str r0, [r6, #0x18]
	b _080466BE
	.byte 0x00, 0x00
_08046684: .4byte 0x02039B84
_08046688: .4byte 0x00200000
_0804668C: .4byte 0x00000000
_08046690:
	movs r2, #0xA6
	lsls r2, r2, #0x01
	adds r0, r6, r2
	strb r1, [r0, #0x00]
	ldr r0, _08046718 @ =0x02039B9C
	ldr r4, [r0, #0x00]
	ldr r0, [r4, #0x68]
	ldr r1, [r4, #0x6C]
	ldr r2, _0804671C @ =0x00200000
	ldr r3, _08046720 @ =0x00000000
	orrs r0, r2
	str r0, [r4, #0x68]
	str r1, [r4, #0x6C]
	ldr r0, [r4, #0x7C]
	str r0, [r6, #0x14]
	ldr r1, _08046724 @ =0x02039B84
	ldr r0, [r1, #0x00]
	movs r2, #0x8A
	lsls r2, r2, #0x01
	adds r0, r0, r2
	ldr r0, [r0, #0x00]
	str r0, [r6, #0x18]
	adds r5, r1, #0x0
_080466BE:
	mov r1, r8
	ldrh r0, [r1, #0x00]
	ldr r1, _08046728 @ =0x0000014D
	adds r2, r6, r1
	movs r1, #0x00
	strb r0, [r2, #0x00]
	movs r2, #0xA4
	lsls r2, r2, #0x01
	adds r0, r6, r2
	str r1, [r0, #0x00]
	adds r2, #0x06
	adds r0, r6, r2
	strh r1, [r0, #0x00]
	adds r2, #0x02
	adds r0, r6, r2
	strh r1, [r0, #0x00]
	adds r2, #0x04
	adds r0, r6, r2
	str r1, [r0, #0x00]
	ldr r3, [r6, #0x14]
	ldr r0, [r3, #0x34]
	ldr r1, [r3, #0x38]
	movs r2, #0x04
	ands r0, r2
	movs r1, #0x00
	orrs r0, r1
	cmp r0, #0x00
	beq _08046730
	movs r0, #0xAC
	lsls r0, r0, #0x01
	adds r1, r6, r0
	ldr r0, [r3, #0x04]
	ldr r2, _0804672C @ =0xFFFFD000
	adds r0, r0, r2
	str r0, [r1, #0x00]
	ldr r0, [r5, #0x00]
	adds r0, #0xDC
	movs r1, #0x00
	ldsh r0, [r0, r1]
	adds r0, #0x30
	lsls r0, r0, #0x08
	str r0, [r7, #0x04]
	movs r0, #0x04
	movs r1, #0x00
	b _08046752
_08046718: .4byte 0x02039B9C
_0804671C: .4byte 0x00200000
_08046720: .4byte 0x00000000
_08046724: .4byte 0x02039B84
_08046728: .4byte 0x0000014D
_0804672C: .4byte 0xFFFFD000
_08046730:
	movs r2, #0xAC
	lsls r2, r2, #0x01
	adds r1, r6, r2
	ldr r0, [r3, #0x04]
	movs r2, #0xC0
	lsls r2, r2, #0x06
	adds r0, r0, r2
	str r0, [r1, #0x00]
	ldr r0, [r5, #0x00]
	adds r0, #0xDA
	movs r1, #0x00
	ldsh r0, [r0, r1]
	subs r0, #0x30
	lsls r0, r0, #0x08
	str r0, [r7, #0x04]
	movs r0, #0x00
	movs r1, #0x00
_08046752:
	str r0, [r7, #0x34]
	str r1, [r7, #0x38]
	ldr r0, [r6, #0x14]
	ldr r0, [r0, #0x08]
	str r0, [r7, #0x08]
	ldr r0, _080467AC @ =0xFFFFB000
	str r0, [r7, #0x0C]
	movs r0, #0x00
	str r0, [r7, #0x10]
	ldr r0, _080467B0 @ =0x08F68384
	movs r1, #0x20
	bl func_08002A14
	str r0, [r6, #0x1C]
	movs r2, #0x98
	lsls r2, r2, #0x01
	adds r4, r6, r2
	adds r0, r4, #0x0
	movs r1, #0x00
	movs r2, #0x00
	bl func_08005968
	ldr r0, _080467B4 @ =0x0813EBFC
	ldr r1, [r6, #0x18]
	str r1, [sp, #0x000]
	adds r1, r4, #0x0
	movs r2, #0x00
	movs r3, #0x00
	bl func_08019068
	adds r0, r6, #0x0
	movs r1, #0x01
	bl func_08000E64
	ldr r1, _080467B8 @ =0x09EDAE88
	adds r0, r6, #0x0
	adds r2, r7, #0x0
	bl func_08000E14
	add sp, #0x004
	pop {r3}
	mov r8, r3
	pop {r4, r5, r6, r7}
	pop {r0}
	bx r0
_080467AC: .4byte 0xFFFFB000
_080467B0: .4byte 0x08F68384
_080467B4: .4byte 0x0813EBFC
_080467B8: .4byte 0x09EDAE88
	thumb_func_start task_frd_goofy_1
task_frd_goofy_1: @ 080467BC
	push {r4, r5, r6, r7, lr}
	mov r7, r9
	mov r6, r8
	push {r6, r7}
	add sp, #-0x00C
	adds r7, r0, #0x0
	movs r0, #0x20
	adds r0, r0, r7
	mov r8, r0
	movs r1, #0xA6
	lsls r1, r1, #0x01
	adds r0, r7, r1
	ldrb r0, [r0, #0x00]
	cmp r0, #0x00
	beq _080467E4
	ldr r0, _080467E0 @ =0x02039B84
	b _080467E6
	.byte 0x00, 0x00
_080467E0: .4byte 0x02039B84
_080467E4:
	ldr r0, _08046814 @ =0x02039B9C
_080467E6:
	ldr r0, [r0, #0x00]
	ldr r1, [r0, #0x6C]
	ldr r0, [r0, #0x68]
	movs r2, #0x80
	lsls r2, r2, #0x17
	ands r0, r2
	movs r1, #0x00
	orrs r0, r1
	cmp r0, #0x00
	beq _080467FC
	b _08046A00
_080467FC:
	movs r2, #0xA4
	lsls r2, r2, #0x01
	adds r0, r7, r2
	ldr r0, [r0, #0x00]
	cmp r0, #0x06
	bls _0804680A
	b _08046CCE
_0804680A:
	lsls r0, r0, #0x02
	ldr r1, _08046818 @ =0x0804681C
	adds r0, r0, r1
	ldr r0, [r0, #0x00]
	mov pc, r0
_08046814: .4byte 0x02039B9C
_08046818: .4byte 0x0804681C
	.byte 0x38, 0x68, 0x04, 0x08, 0xB0, 0x68, 0x04, 0x08, 0x1C, 0x69, 0x04, 0x08, 0x60, 0x69, 0x04, 0x08
	.byte 0x20, 0x6A, 0x04, 0x08, 0x8E, 0x6B, 0x04, 0x08, 0xE4, 0x6B, 0x04, 0x08, 0xA7, 0x23, 0x5B, 0x00
	.byte 0xFC, 0x18, 0x00, 0x21, 0x60, 0x5E, 0x00, 0x28, 0x0C, 0xD1, 0x19, 0x48, 0x98, 0x22, 0x52, 0x00
	.byte 0xB9, 0x18, 0xBA, 0x69, 0x00, 0x92, 0x00, 0x22, 0x00, 0x23, 0xD2, 0xF7, 0x07, 0xFC, 0x20, 0x88
	.byte 0x01, 0x30, 0x20, 0x80, 0xAC, 0x23, 0x5B, 0x00, 0xF8, 0x18, 0x00, 0x68, 0x42, 0x46, 0x51, 0x68
	.byte 0x40, 0x1A, 0x00, 0x11, 0x09, 0x18, 0x51, 0x60, 0x40, 0x46, 0x04, 0x30, 0x41, 0x46, 0x08, 0x31
	.byte 0x10, 0x22, 0x52, 0x42, 0x00, 0x23, 0xD4, 0xF7, 0x0F, 0xF8, 0x38, 0x1C, 0xFF, 0xF7, 0xB2, 0xFE
	.byte 0x00, 0x06, 0x00, 0x28, 0x00, 0xD1, 0x1C, 0xE2, 0xA4, 0x23, 0x5B, 0x00, 0xF8, 0x18, 0x01, 0x21
	.byte 0x01, 0x60, 0x00, 0x20, 0x20, 0x80, 0xB2, 0x20, 0xD9, 0xF0, 0xE4, 0xFA, 0x11, 0xE2, 0x00, 0x00
	.byte 0xFC, 0xEB, 0x13, 0x08, 0xA7, 0x20, 0x40, 0x00, 0x3C, 0x18, 0x00, 0x21, 0x60, 0x5E, 0x00, 0x28
	.byte 0x09, 0xD1, 0x0E, 0x48, 0x98, 0x22, 0x52, 0x00, 0xB9, 0x18, 0xBA, 0x69, 0x00, 0x92, 0x01, 0x22
	.byte 0x00, 0x23, 0xD2, 0xF7, 0xCB, 0xFB, 0x98, 0x23, 0x5B, 0x00, 0xF8, 0x18, 0xBF, 0xF7, 0x20, 0xF9
	.byte 0x00, 0x06, 0x00, 0x28, 0x00, 0xD1, 0x7B, 0xE1, 0x05, 0x49, 0x78, 0x18, 0x00, 0x78, 0x00, 0x28
	.byte 0x12, 0xDB, 0x01, 0x28, 0x06, 0xDD, 0x02, 0x28, 0x09, 0xD0, 0x0D, 0xE0, 0xFC, 0xEB, 0x13, 0x08
	.byte 0x4D, 0x01, 0x00, 0x00, 0xA4, 0x22, 0x52, 0x00, 0xB9, 0x18, 0x04, 0x20, 0x03, 0xE0, 0xA4, 0x23
	.byte 0x5B, 0x00, 0xF9, 0x18, 0x05, 0x20, 0x08, 0x60, 0xA7, 0x20, 0x40, 0x00, 0x39, 0x18, 0x2A, 0xE1
	.byte 0xA7, 0x21, 0x49, 0x00, 0x7C, 0x18, 0x00, 0x22, 0xA0, 0x5E, 0x00, 0x28, 0x09, 0xD1, 0x0C, 0x48
	.byte 0x98, 0x23, 0x5B, 0x00, 0xF9, 0x18, 0xBA, 0x69, 0x00, 0x92, 0x01, 0x22, 0x00, 0x23, 0xD2, 0xF7
	.byte 0x95, 0xFB, 0x98, 0x21, 0x49, 0x00, 0x78, 0x18, 0xBF, 0xF7, 0xEA, 0xF8, 0x00, 0x06, 0x00, 0x28
	.byte 0x00, 0xD1, 0x45, 0xE1, 0xA4, 0x22, 0x52, 0x00, 0xB8, 0x18, 0x03, 0x21, 0x39, 0xE1, 0x00, 0x00
	.byte 0xFC, 0xEB, 0x13, 0x08, 0xA7, 0x23, 0x5B, 0x00, 0xF8, 0x18, 0x00, 0x21, 0x40, 0x5E, 0x00, 0x28
	.byte 0x35, 0xD1, 0x0E, 0x48, 0x98, 0x22, 0x52, 0x00, 0xB9, 0x18, 0xBA, 0x69, 0x00, 0x92, 0x00, 0x22
	.byte 0x00, 0x23, 0xD2, 0xF7, 0x73, 0xFB, 0x43, 0x46, 0x58, 0x6B, 0x99, 0x6B, 0x04, 0x22, 0x10, 0x40
	.byte 0x00, 0x21, 0x08, 0x43, 0x00, 0x28, 0x0D, 0xD0, 0xAC, 0x20, 0x40, 0x00, 0x39, 0x18, 0x04, 0x48
	.byte 0x00, 0x68, 0xDA, 0x30, 0x00, 0x22, 0x80, 0x5E, 0x40, 0x38, 0x0C, 0xE0, 0xFC, 0xEB, 0x13, 0x08
	.byte 0x84, 0x9B, 0x03, 0x02, 0xAC, 0x23, 0x5B, 0x00, 0xF9, 0x18, 0x13, 0x48, 0x00, 0x68, 0xDC, 0x30
	.byte 0x00, 0x22, 0x80, 0x5E, 0x40, 0x30, 0x00, 0x02, 0x08, 0x60, 0xAA, 0x23, 0x5B, 0x00, 0xF9, 0x18
	.byte 0x0E, 0x48, 0x08, 0x60, 0xA8, 0x20, 0x40, 0x00, 0x39, 0x18, 0x1E, 0x20, 0x08, 0x80, 0x40, 0x46
	.byte 0x04, 0x30, 0xAC, 0x22, 0x52, 0x00, 0xB9, 0x18, 0x09, 0x68, 0xA8, 0x23, 0x5B, 0x00, 0xFC, 0x18
	.byte 0x22, 0x88, 0xBE, 0xF7, 0x85, 0xFF, 0x38, 0x1C, 0xFF, 0xF7, 0xFC, 0xFD, 0x00, 0x21, 0x60, 0x5E
	.byte 0x00, 0x28, 0x05, 0xDC
_08046A00:
	movs r0, #0x00
	b _08046CE0
	.byte 0x84, 0x9B, 0x03, 0x02, 0x00, 0xFB, 0xFF, 0xFF, 0xA7, 0x22, 0x52, 0x00, 0xB9, 0x18, 0x08, 0x88
	.byte 0x01, 0x30, 0x08, 0x80, 0x20, 0x88, 0x01, 0x38, 0x20, 0x80, 0x56, 0xE1, 0xA7, 0x23, 0x5B, 0x00
	.byte 0xF8, 0x18, 0x00, 0x21, 0x40, 0x5E, 0x00, 0x28, 0x27, 0xD1, 0x0D, 0x48, 0x98, 0x22, 0x52, 0x00
	.byte 0xB9, 0x18, 0xBA, 0x69, 0x00, 0x92, 0x02, 0x22, 0x00, 0x23, 0xD2, 0xF7, 0x13, 0xFB, 0x43, 0x46
	.byte 0x58, 0x6B, 0x99, 0x6B, 0x04, 0x22, 0x10, 0x40, 0x00, 0x21, 0x08, 0x43, 0x00, 0x28, 0x0B, 0xD0
	.byte 0xAC, 0x20, 0x40, 0x00, 0x39, 0x18, 0x58, 0x68, 0x02, 0x4A, 0x80, 0x18, 0x0C, 0xE0, 0x00, 0x00
	.byte 0xFC, 0xEB, 0x13, 0x08, 0x00, 0x7B, 0xFF, 0xFF, 0xAC, 0x23, 0x5B, 0x00, 0xF9, 0x18, 0x42, 0x46
	.byte 0x50, 0x68, 0x85, 0x23, 0x1B, 0x02, 0xC0, 0x18, 0x08, 0x60, 0xA7, 0x20, 0x40, 0x00, 0x3A, 0x18
	.byte 0x00, 0x21, 0x50, 0x5E, 0x28, 0x28, 0x05, 0xD1, 0xAE, 0x23, 0x5B, 0x00, 0xF8, 0x18, 0x79, 0x69
	.byte 0x89, 0x68, 0x01, 0x60, 0x00, 0x21, 0x50, 0x5E, 0x27, 0x28, 0x55, 0xDD, 0xAC, 0x22, 0x52, 0x00
	.byte 0xB8, 0x18, 0x00, 0x68, 0x43, 0x46, 0x59, 0x68, 0x40, 0x1A, 0x00, 0x11, 0x0B, 0x18, 0x40, 0x46
	.byte 0x43, 0x60, 0xAE, 0x21, 0x49, 0x00, 0x78, 0x18, 0x00, 0x68, 0x42, 0x46, 0x91, 0x68, 0x40, 0x1A
	.byte 0x00, 0x11, 0x0C, 0x18, 0x94, 0x60, 0x50, 0x6B, 0x91, 0x6B, 0x04, 0x22, 0x10, 0x40, 0x00, 0x21
	.byte 0x08, 0x43, 0x00, 0x28, 0x18, 0xD0, 0x0A, 0x49, 0x78, 0x18, 0x00, 0x78, 0x78, 0x30, 0x09, 0x4A
	.byte 0x99, 0x18, 0x42, 0x46, 0xD3, 0x68, 0x1E, 0x22, 0x00, 0x92, 0x0C, 0x22, 0x01, 0x92, 0x30, 0x22
	.byte 0x02, 0x92, 0x22, 0x1C, 0xCB, 0xF7, 0x3E, 0xFA, 0x00, 0x28, 0x19, 0xD1, 0x1B, 0xE0, 0x00, 0x00
	.byte 0x4D, 0x01, 0x00, 0x00, 0x00, 0xF1, 0xFF, 0xFF, 0x1A, 0x49, 0x78, 0x18, 0x00, 0x78, 0x78, 0x30
	.byte 0xF0, 0x22, 0x12, 0x01, 0x99, 0x18, 0x42, 0x46, 0xD3, 0x68, 0x1E, 0x22, 0x00, 0x92, 0x0C, 0x22
	.byte 0x01, 0x92, 0x30, 0x22, 0x02, 0x92, 0x22, 0x1C, 0xCB, 0xF7, 0x24, 0xFA, 0x00, 0x28, 0x02, 0xD0
	.byte 0x11, 0x48, 0xD9, 0xF0, 0x9B, 0xF9, 0x40, 0x46, 0x04, 0x30, 0x41, 0x46, 0x08, 0x31, 0x10, 0x22
	.byte 0x52, 0x42, 0x00, 0x23, 0xD3, 0xF7, 0xAC, 0xFE, 0x38, 0x1C, 0xFF, 0xF7, 0x4F, 0xFD, 0x98, 0x23
	.byte 0x5B, 0x00, 0xF8, 0x18, 0xBE, 0xF7, 0xE0, 0xFF, 0x00, 0x06, 0x00, 0x28, 0x0E, 0xD0, 0xA4, 0x21
	.byte 0x49, 0x00, 0x78, 0x18, 0x02, 0x21, 0x01, 0x60, 0xA7, 0x22, 0x52, 0x00, 0xB9, 0x18, 0x00, 0x20
	.byte 0x08, 0x80, 0xAA, 0xE0, 0x4D, 0x01, 0x00, 0x00, 0x0A, 0x02, 0x00, 0x00, 0xA7, 0x23, 0x5B, 0x00
	.byte 0xF9, 0x18, 0x08, 0x88, 0x01, 0x30, 0x08, 0x80, 0x9F, 0xE0, 0xA7, 0x20, 0x40, 0x00, 0x3C, 0x18
	.byte 0x00, 0x21, 0x60, 0x5E, 0x00, 0x28, 0x09, 0xD1, 0x0E, 0x48, 0x98, 0x22, 0x52, 0x00, 0xB9, 0x18
	.byte 0xBA, 0x69, 0x00, 0x92, 0x03, 0x22, 0x00, 0x23, 0xD2, 0xF7, 0x5C, 0xFA, 0x38, 0x1C, 0xFF, 0xF7
	.byte 0x1D, 0xFD, 0x98, 0x23, 0x5B, 0x00, 0xF8, 0x18, 0xBE, 0xF7, 0xAE, 0xFF, 0x00, 0x06, 0x00, 0x28
	.byte 0x0A, 0xD0, 0xA4, 0x21, 0x49, 0x00, 0x78, 0x18, 0x06, 0x21, 0x01, 0x60, 0x00, 0x20, 0x20, 0x80
	.byte 0x7B, 0xE0, 0x00, 0x00, 0xFC, 0xEB, 0x13, 0x08, 0x20, 0x88, 0x01, 0x30, 0x20, 0x80, 0x74, 0xE0
	.byte 0xA7, 0x22, 0x52, 0x00, 0xD2, 0x19, 0x91, 0x46, 0x00, 0x23, 0xD0, 0x5E, 0x00, 0x28, 0x0F, 0xD1
	.byte 0x3E, 0x48, 0x98, 0x22, 0x52, 0x00, 0xB9, 0x18, 0xBA, 0x69, 0x00, 0x92, 0x04, 0x22, 0x01, 0x23
	.byte 0xD2, 0xF7, 0x30, 0xFA, 0xBF, 0xF7, 0xCC, 0xFC, 0xB0, 0x23, 0x5B, 0x00, 0xF9, 0x18, 0x08, 0x70
	.byte 0xAC, 0x20, 0x40, 0x00, 0x3E, 0x18, 0x7D, 0x69, 0x35, 0x4A, 0xB0, 0x21, 0x49, 0x00, 0x7C, 0x18
	.byte 0x20, 0x78, 0x40, 0x00, 0x80, 0x18, 0x00, 0x23, 0xC1, 0x5E, 0x89, 0x01, 0x68, 0x68, 0x40, 0x18
	.byte 0x30, 0x60, 0xAE, 0x20, 0x40, 0x00, 0x3B, 0x18, 0x20, 0x78, 0x40, 0x30, 0x40, 0x00, 0x80, 0x18
	.byte 0x00, 0x22, 0x81, 0x5E, 0x49, 0x01, 0xA8, 0x68, 0x40, 0x1A, 0x18, 0x60, 0x30, 0x68, 0x42, 0x46
	.byte 0x51, 0x68, 0x40, 0x1A, 0xC0, 0x10, 0x09, 0x18, 0x51, 0x60, 0x18, 0x68, 0x91, 0x68, 0x40, 0x1A
	.byte 0xC0, 0x10, 0x09, 0x18, 0x91, 0x60, 0x40, 0x46, 0x04, 0x30, 0x41, 0x46, 0x08, 0x31, 0x10, 0x22
	.byte 0x52, 0x42, 0x00, 0x23, 0xD3, 0xF7, 0x14, 0xFE, 0x20, 0x78, 0x04, 0x30, 0x20, 0x70, 0x43, 0x46
	.byte 0x59, 0x68, 0x9A, 0x68, 0xDB, 0x68, 0x23, 0x20, 0x00, 0x90, 0x1C, 0x20, 0x01, 0x90, 0x30, 0x20
	.byte 0x02, 0x90, 0x7A, 0x20, 0xCB, 0xF7, 0x6E, 0xF9, 0x00, 0x28, 0x02, 0xD0, 0x15, 0x48, 0xD9, 0xF0
	.byte 0xE5, 0xF8, 0x38, 0x1C, 0xFF, 0xF7, 0xA2, 0xFC, 0x49, 0x46, 0x00, 0x22, 0x88, 0x5E, 0xB3, 0x28
	.byte 0x07, 0xDD, 0xA4, 0x23, 0x5B, 0x00, 0xF8, 0x18, 0x02, 0x21, 0x01, 0x60, 0x00, 0x20, 0x49, 0x46
	.byte 0x08, 0x80, 0x4A, 0x46, 0x10, 0x88, 0x01, 0x30, 0x10, 0x80
_08046CCE:
	movs r3, #0x98
	lsls r3, r3, #0x01
	adds r0, r7, r3
	bl func_08005A64
	adds r0, r7, #0x0
	bl func_08000EA4
	movs r0, #0x01
_08046CE0:
	add sp, #0x00C
	pop {r3, r4}
	mov r8, r3
	mov r9, r4
	pop {r4, r5, r6, r7}
	pop {r1}
	bx r1
	.byte 0x00, 0x00, 0xFC, 0xEB, 0x13, 0x08, 0x00, 0x14, 0x12, 0x08, 0x0A, 0x02, 0x00, 0x00
	thumb_func_start task_frd_goofy_2
task_frd_goofy_2: @ 08046CFC
	push {r4, r5, r6, r7, lr}
	mov r7, r10
	mov r6, r9
	mov r5, r8
	push {r5, r6, r7}
	add sp, #-0x014
	mov r9, r0
	mov r7, r9
	adds r7, #0x20
	movs r0, #0x98
	lsls r0, r0, #0x01
	add r0, r9
	bl func_08005AFC
	mov r10, r0
	ldr r0, [r7, #0x08]
	bl func_0801AF1C
	lsls r0, r0, #0x10
	lsrs r0, r0, #0x10
	mov r8, r0
	ldr r0, [r7, #0x34]
	ldr r1, [r7, #0x38]
	movs r2, #0x04
	ands r0, r2
	movs r1, #0x00
	orrs r0, r1
	cmp r0, #0x00
	beq _08046D44
	ldr r0, _08046D40 @ =0x02039B84
	ldr r0, [r0, #0x00]
	ldr r5, [r0, #0x24]
	adds r6, r5, #0x0
	b _08046D68
_08046D40: .4byte 0x02039B84
_08046D44:
	ldr r0, _08046D60 @ =0x02039B84
	ldr r0, [r0, #0x00]
	ldr r2, [r0, #0x24]
	movs r0, #0x80
	lsls r0, r0, #0x01
	cmp r2, r0
	bne _08046D64
	adds r5, r2, #0x0
	adds r6, r5, #0x0
	movs r0, #0x01
	mov r1, r8
	orrs r1, r0
	mov r8, r1
	b _08046D68
_08046D60: .4byte 0x02039B84
_08046D64:
	negs r6, r2
	adds r5, r2, #0x0
_08046D68:
	mov r4, sp
	adds r4, #0x12
	ldr r2, [r7, #0x04]
	ldr r3, [r7, #0x08]
	ldr r0, [r7, #0x0C]
	str r0, [sp, #0x000]
	add r0, sp, #0x010
	adds r1, r4, #0x0
	bl func_0801909C
	ldr r0, _08046D90 @ =0x02039B84
	ldr r0, [r0, #0x00]
	ldr r1, [r0, #0x24]
	movs r0, #0x80
	lsls r0, r0, #0x01
	cmp r1, r0
	bne _08046D94
	movs r5, #0x00
	b _08046DB0
	.byte 0x00, 0x00
_08046D90: .4byte 0x02039B84
_08046D94:
	cmp r1, #0xFF
	bgt _08046DA2
	movs r0, #0x00
	adds r1, r6, #0x0
	adds r2, r5, #0x0
	movs r3, #0x00
	b _08046DAA
_08046DA2:
	movs r0, #0x00
	adds r1, r6, #0x0
	adds r2, r5, #0x0
	movs r3, #0x01
_08046DAA:
	bl func_08002CB4
	adds r5, r0, #0x0
_08046DB0:
	add r0, sp, #0x010
	movs r2, #0x00
	ldsh r0, [r0, r2]
	movs r2, #0x00
	ldsh r1, [r4, r2]
	mov r4, r9
	ldr r3, [r4, #0x18]
	ldr r2, [r4, #0x1C]
	str r2, [sp, #0x000]
	str r5, [sp, #0x004]
	mov r5, r8
	str r5, [sp, #0x008]
	ldr r2, [r7, #0x08]
	asrs r2, r2, #0x08
	lsls r2, r2, #0x02
	ldr r5, _08046E08 @ =0xFFFFEFFC
	adds r4, r5, #0x0
	subs r2, r4, r2
	lsls r2, r2, #0x10
	lsrs r2, r2, #0x10
	str r2, [sp, #0x00C]
	mov r2, r10
	bl func_080023E0
	ldr r0, [r7, #0x08]
	asrs r0, r0, #0x08
	lsls r0, r0, #0x02
	subs r4, r4, r0
	movs r0, #0x02
	adds r1, r7, #0x0
	adds r1, #0xCC
	orrs r4, r0
	strh r4, [r1, #0x00]
	mov r0, r9
	bl func_08000EE0
	add sp, #0x014
	pop {r3, r4, r5}
	mov r8, r3
	mov r9, r4
	mov r10, r5
	pop {r4, r5, r6, r7}
	pop {r0}
	bx r0
_08046E08: .4byte 0xFFFFEFFC
	thumb_func_start task_frd_goofy_3
task_frd_goofy_3: @ 08046E0C
	push {r4, lr}
	adds r4, r0, #0x0
	movs r1, #0xA6
	lsls r1, r1, #0x01
	adds r0, r4, r1
	ldrb r0, [r0, #0x00]
	cmp r0, #0x00
	beq _08046E24
	ldr r0, _08046E20 @ =0x02039B84
	b _08046E26
_08046E20: .4byte 0x02039B84
_08046E24:
	ldr r0, _08046E48 @ =0x02039B9C
_08046E26:
	ldr r3, [r0, #0x00]
	ldr r0, [r3, #0x68]
	ldr r1, [r3, #0x6C]
	ldr r2, _08046E4C @ =0xFFDFFFFF
	ands r0, r2
	str r0, [r3, #0x68]
	str r1, [r3, #0x6C]
	ldr r0, [r4, #0x1C]
	bl func_08002C10
	adds r0, r4, #0x0
	bl func_08000F0C
	pop {r4}
	pop {r0}
	bx r0
	.byte 0x00, 0x00
_08046E48: .4byte 0x02039B9C
_08046E4C: .4byte 0xFFDFFFFF
	thumb_func_start task_frd_ariel_0
task_frd_ariel_0: @ 08046E50
	push {r4, r5, r6, r7, lr}
	mov r7, r8
	push {r7}
	add sp, #-0x004
	adds r6, r0, #0x0
	mov r8, r1
	adds r7, r6, #0x0
	adds r7, #0x20
	movs r0, #0xBB
	bl func_0811FE70
	mov r0, r8
	ldrb r1, [r0, #0x02]
	cmp r1, #0x00
	beq _08046EA8
	movs r2, #0xA6
	lsls r2, r2, #0x01
	adds r1, r6, r2
	movs r0, #0x01
	strb r0, [r1, #0x00]
	ldr r5, _08046E9C @ =0x02039B84
	ldr r4, [r5, #0x00]
	ldr r0, [r4, #0x68]
	ldr r1, [r4, #0x6C]
	ldr r2, _08046EA0 @ =0x00200000
	ldr r3, _08046EA4 @ =0x00000000
	orrs r0, r2
	str r0, [r4, #0x68]
	str r1, [r4, #0x6C]
	ldr r0, [r4, #0x7C]
	str r0, [r6, #0x14]
	movs r0, #0x8A
	lsls r0, r0, #0x01
	adds r4, r4, r0
	ldr r0, [r4, #0x00]
	str r0, [r6, #0x18]
	b _08046ED6
	.byte 0x00, 0x00
_08046E9C: .4byte 0x02039B84
_08046EA0: .4byte 0x00200000
_08046EA4: .4byte 0x00000000
_08046EA8:
	movs r2, #0xA6
	lsls r2, r2, #0x01
	adds r0, r6, r2
	strb r1, [r0, #0x00]
	ldr r0, _08046F18 @ =0x02039B9C
	ldr r4, [r0, #0x00]
	ldr r0, [r4, #0x68]
	ldr r1, [r4, #0x6C]
	ldr r2, _08046F1C @ =0x00200000
	ldr r3, _08046F20 @ =0x00000000
	orrs r0, r2
	str r0, [r4, #0x68]
	str r1, [r4, #0x6C]
	ldr r0, [r4, #0x7C]
	str r0, [r6, #0x14]
	ldr r1, _08046F24 @ =0x02039B84
	ldr r0, [r1, #0x00]
	movs r2, #0x8A
	lsls r2, r2, #0x01
	adds r0, r0, r2
	ldr r0, [r0, #0x00]
	str r0, [r6, #0x18]
	adds r5, r1, #0x0
_08046ED6:
	mov r1, r8
	ldrh r0, [r1, #0x00]
	ldr r1, _08046F28 @ =0x0000014D
	adds r2, r6, r1
	movs r1, #0x00
	strb r0, [r2, #0x00]
	movs r2, #0xA4
	lsls r2, r2, #0x01
	adds r0, r6, r2
	str r1, [r0, #0x00]
	adds r2, #0x06
	adds r0, r6, r2
	strh r1, [r0, #0x00]
	ldr r0, [r6, #0x14]
	ldr r1, [r0, #0x38]
	ldr r0, [r0, #0x34]
	movs r2, #0x04
	ands r0, r2
	movs r1, #0x00
	orrs r0, r1
	cmp r0, #0x00
	beq _08046F2C
	ldr r0, [r5, #0x00]
	adds r0, #0xDC
	movs r1, #0x00
	ldsh r0, [r0, r1]
	adds r0, #0x30
	lsls r0, r0, #0x08
	str r0, [r7, #0x04]
	movs r0, #0x04
	movs r1, #0x00
	b _08046F3E
	.byte 0x00, 0x00
_08046F18: .4byte 0x02039B9C
_08046F1C: .4byte 0x00200000
_08046F20: .4byte 0x00000000
_08046F24: .4byte 0x02039B84
_08046F28: .4byte 0x0000014D
_08046F2C:
	ldr r0, [r5, #0x00]
	adds r0, #0xDA
	movs r2, #0x00
	ldsh r0, [r0, r2]
	subs r0, #0x30
	lsls r0, r0, #0x08
	str r0, [r7, #0x04]
	movs r0, #0x00
	movs r1, #0x00
_08046F3E:
	str r0, [r7, #0x34]
	str r1, [r7, #0x38]
	ldr r0, [r6, #0x14]
	ldr r0, [r0, #0x08]
	str r0, [r7, #0x08]
	movs r0, #0x00
	str r0, [r7, #0x10]
	movs r0, #0xAA
	lsls r0, r0, #0x01
	adds r1, r6, r0
	ldr r0, _08046FB0 @ =0xFFFFF000
	str r0, [r1, #0x00]
	str r0, [r7, #0x0C]
	ldr r0, _08046FB4 @ =0x09617DF8
	movs r1, #0x20
	bl func_08002A14
	str r0, [r6, #0x1C]
	movs r1, #0x98
	lsls r1, r1, #0x01
	adds r4, r6, r1
	adds r0, r4, #0x0
	movs r1, #0x00
	movs r2, #0x00
	bl func_08005968
	ldr r0, _08046FB8 @ =0x0813EC5C
	ldr r1, [r6, #0x18]
	str r1, [sp, #0x000]
	adds r1, r4, #0x0
	movs r2, #0x01
	movs r3, #0x00
	bl func_08019068
	adds r0, r6, #0x0
	movs r1, #0x01
	bl func_08000E64
	ldr r1, _08046FBC @ =0x09EDAE88
	adds r0, r6, #0x0
	adds r2, r7, #0x0
	bl func_08000E14
	mov r0, r8
	ldrh r2, [r0, #0x00]
	cmp r2, #0x01
	beq _08046FC0
	cmp r2, #0x01
	bgt _08046FD6
	cmp r2, #0x00
	bne _08046FD6
	movs r1, #0xAE
	lsls r1, r1, #0x01
	adds r0, r6, r1
	movs r1, #0xA0
	lsls r1, r1, #0x03
	b _08046FCA
_08046FB0: .4byte 0xFFFFF000
_08046FB4: .4byte 0x09617DF8
_08046FB8: .4byte 0x0813EC5C
_08046FBC: .4byte 0x09EDAE88
_08046FC0:
	movs r1, #0xAE
	lsls r1, r1, #0x01
	adds r0, r6, r1
	movs r1, #0x80
	lsls r1, r1, #0x04
_08046FCA:
	str r1, [r0, #0x00]
	movs r1, #0xAC
	lsls r1, r1, #0x01
	adds r0, r6, r1
	strh r2, [r0, #0x00]
	b _08046FEC
_08046FD6:
	movs r2, #0xAE
	lsls r2, r2, #0x01
	adds r1, r6, r2
	movs r0, #0xC0
	lsls r0, r0, #0x04
	str r0, [r1, #0x00]
	movs r0, #0xAC
	lsls r0, r0, #0x01
	adds r1, r6, r0
	movs r0, #0x04
	strh r0, [r1, #0x00]
_08046FEC:
	add sp, #0x004
	pop {r3}
	mov r8, r3
	pop {r4, r5, r6, r7}
	pop {r0}
	bx r0
	thumb_func_start task_frd_ariel_1
task_frd_ariel_1: @ 08046FF8
	push {r4, r5, r6, r7, lr}
	add sp, #-0x00C
	adds r7, r0, #0x0
	adds r6, r7, #0x0
	adds r6, #0x20
	ldr r0, _0804701C @ =0x02039BB0
	ldrb r0, [r0, #0x0C]
	cmp r0, #0x02
	beq _0804700C
	b _080472BC
_0804700C:
	movs r1, #0xA6
	lsls r1, r1, #0x01
	adds r0, r7, r1
	ldrb r0, [r0, #0x00]
	cmp r0, #0x00
	beq _08047024
	ldr r0, _08047020 @ =0x02039B84
	b _08047026
_0804701C: .4byte 0x02039BB0
_08047020: .4byte 0x02039B84
_08047024:
	ldr r0, _08047068 @ =0x02039B9C
_08047026:
	ldr r0, [r0, #0x00]
	ldr r1, [r0, #0x6C]
	ldr r0, [r0, #0x68]
	movs r2, #0x80
	lsls r2, r2, #0x17
	ands r0, r2
	movs r1, #0x00
	orrs r0, r1
	cmp r0, #0x00
	beq _0804703C
	b _080472BC
_0804703C:
	adds r0, r6, #0x4
	adds r1, r6, #0x0
	adds r1, #0x08
	adds r2, r6, #0x0
	adds r2, #0x0C
	adds r3, r6, #0x0
	adds r3, #0x10
	bl func_0801C6D4
	movs r2, #0xA4
	lsls r2, r2, #0x01
	adds r0, r7, r2
	ldr r0, [r0, #0x00]
	cmp r0, #0x01
	beq _080470D2
	cmp r0, #0x01
	bcc _0804706C
	cmp r0, #0x02
	bne _08047064
	b _080471B8
_08047064:
	b _08047336
	.byte 0x00, 0x00
_08047068: .4byte 0x02039B9C
_0804706C:
	ldr r0, [r6, #0x34]
	ldr r1, [r6, #0x38]
	movs r2, #0x04
	ands r0, r2
	movs r1, #0x00
	orrs r0, r1
	cmp r0, #0x00
	beq _08047090
	ldr r0, _0804708C @ =0x02039B84
	ldr r0, [r0, #0x00]
	adds r0, #0xDC
	movs r3, #0x00
	ldsh r0, [r0, r3]
	subs r0, #0x30
	b _0804709C
	.byte 0x00, 0x00
_0804708C: .4byte 0x02039B84
_08047090:
	ldr r0, _080470C8 @ =0x02039B84
	ldr r0, [r0, #0x00]
	adds r0, #0xDA
	movs r1, #0x00
	ldsh r0, [r0, r1]
	adds r0, #0x30
_0804709C:
	lsls r0, r0, #0x08
	ldr r1, [r6, #0x04]
	subs r0, r0, r1
	asrs r0, r0, #0x03
	adds r1, r1, r0
	str r1, [r6, #0x04]
	movs r2, #0xA7
	lsls r2, r2, #0x01
	adds r1, r7, r2
	ldrh r2, [r1, #0x00]
	movs r3, #0x00
	ldsh r0, [r1, r3]
	cmp r0, #0x14
	ble _080470CC
	movs r0, #0x00
	strh r0, [r1, #0x00]
	movs r0, #0xA4
	lsls r0, r0, #0x01
	adds r1, r7, r0
	movs r0, #0x01
	str r0, [r1, #0x00]
	b _08047336
_080470C8: .4byte 0x02039B84
_080470CC:
	adds r0, r2, #0x1
	strh r0, [r1, #0x00]
	b _08047336
_080470D2:
	movs r1, #0xA7
	lsls r1, r1, #0x01
	adds r0, r7, r1
	movs r2, #0x00
	ldsh r1, [r0, r2]
	cmp r1, #0x00
	bne _08047106
	movs r3, #0xB0
	lsls r3, r3, #0x01
	adds r0, r7, r3
	str r1, [r0, #0x00]
	movs r0, #0xA8
	lsls r0, r0, #0x01
	adds r1, r7, r0
	movs r0, #0x0C
	strh r0, [r1, #0x00]
	ldr r0, _08047164 @ =0x0813EC5C
	movs r2, #0x98
	lsls r2, r2, #0x01
	adds r1, r7, r2
	ldr r2, [r7, #0x18]
	str r2, [sp, #0x000]
	movs r2, #0x02
	movs r3, #0x00
	bl func_08019068
_08047106:
	movs r3, #0x98
	lsls r3, r3, #0x01
	adds r0, r7, r3
	bl func_08005B34
	lsls r0, r0, #0x10
	lsrs r0, r0, #0x10
	cmp r0, #0x00
	blt _0804711C
	cmp r0, #0x02
	ble _08047176
_0804711C:
	movs r0, #0xA8
	lsls r0, r0, #0x01
	adds r4, r7, r0
	movs r1, #0x00
	ldsh r0, [r4, r1]
	cmp r0, #0x00
	ble _08047144
	movs r2, #0xB0
	lsls r2, r2, #0x01
	adds r0, r7, r2
	movs r3, #0xAE
	lsls r3, r3, #0x01
	adds r1, r7, r3
	ldr r1, [r1, #0x00]
	ldrh r2, [r4, #0x00]
	bl func_080058FC
	ldrh r0, [r4, #0x00]
	subs r0, #0x01
	strh r0, [r4, #0x00]
_08047144:
	ldr r0, [r6, #0x34]
	ldr r1, [r6, #0x38]
	movs r2, #0x04
	ands r0, r2
	movs r1, #0x00
	orrs r0, r1
	cmp r0, #0x00
	beq _08047168
	movs r1, #0xB0
	lsls r1, r1, #0x01
	adds r0, r7, r1
	ldr r1, [r6, #0x04]
	ldr r0, [r0, #0x00]
	subs r1, r1, r0
	b _08047174
	.byte 0x00, 0x00
_08047164: .4byte 0x0813EC5C
_08047168:
	movs r2, #0xB0
	lsls r2, r2, #0x01
	adds r0, r7, r2
	ldr r1, [r6, #0x04]
	ldr r0, [r0, #0x00]
	adds r1, r1, r0
_08047174:
	str r1, [r6, #0x04]
_08047176:
	movs r3, #0xA8
	lsls r3, r3, #0x01
	adds r0, r7, r3
	movs r1, #0x00
	ldsh r0, [r0, r1]
	cmp r0, #0x00
	bgt _080471AA
	movs r2, #0x98
	lsls r2, r2, #0x01
	adds r0, r7, r2
	bl func_08005B1C
	lsls r0, r0, #0x18
	cmp r0, #0x00
	beq _080471AA
	movs r3, #0xA7
	lsls r3, r3, #0x01
	adds r1, r7, r3
	movs r0, #0x00
	strh r0, [r1, #0x00]
	movs r0, #0xA4
	lsls r0, r0, #0x01
	adds r1, r7, r0
	movs r0, #0x02
	str r0, [r1, #0x00]
	b _08047336
_080471AA:
	movs r2, #0xA7
	lsls r2, r2, #0x01
	adds r1, r7, r2
	ldrh r0, [r1, #0x00]
	adds r0, #0x01
	strh r0, [r1, #0x00]
	b _08047336
_080471B8:
	ldr r0, _080471F8 @ =0x0813EC5C
	movs r3, #0x98
	lsls r3, r3, #0x01
	adds r1, r7, r3
	ldr r2, [r7, #0x18]
	str r2, [sp, #0x000]
	movs r2, #0x00
	movs r3, #0x01
	bl func_08019068
	ldr r0, [r6, #0x34]
	ldr r1, [r6, #0x38]
	movs r2, #0x04
	ands r0, r2
	movs r1, #0x00
	orrs r0, r1
	cmp r0, #0x00
	beq _080471FC
	ldr r1, [r6, #0x04]
	ldr r2, [r6, #0x08]
	ldr r3, [r6, #0x0C]
	movs r0, #0x10
	str r0, [sp, #0x000]
	str r0, [sp, #0x004]
	str r0, [sp, #0x008]
	movs r0, #0x77
	bl func_08011F78
	cmp r0, #0x00
	bne _08047214
	b _0804721C
	.byte 0x00, 0x00
_080471F8: .4byte 0x0813EC5C
_080471FC:
	ldr r1, [r6, #0x04]
	ldr r2, [r6, #0x08]
	ldr r3, [r6, #0x0C]
	movs r0, #0x10
	str r0, [sp, #0x000]
	str r0, [sp, #0x004]
	str r0, [sp, #0x008]
	movs r0, #0x77
	bl func_08011F78
	cmp r0, #0x00
	beq _0804721C
_08047214:
	movs r0, #0x94
	lsls r0, r0, #0x02
	bl func_0811FE70
_0804721C:
	ldr r0, [r6, #0x34]
	ldr r1, [r6, #0x38]
	movs r2, #0x04
	ands r0, r2
	movs r1, #0x00
	adds r2, r1, #0x0
	orrs r2, r0
	mov r12, r2
	cmp r2, #0x00
	beq _0804728C
	movs r3, #0xAE
	lsls r3, r3, #0x01
	adds r0, r7, r3
	ldr r1, [r6, #0x04]
	ldr r0, [r0, #0x00]
	subs r1, r1, r0
	str r1, [r6, #0x04]
	ldr r0, _08047288 @ =0x02039B84
	ldr r0, [r0, #0x00]
	adds r0, #0xDA
	movs r2, #0x00
	ldsh r0, [r0, r2]
	subs r0, #0x30
	lsls r0, r0, #0x08
	cmp r1, r0
	bge _080472EE
	subs r3, #0x04
	adds r1, r7, r3
	ldrh r2, [r1, #0x00]
	movs r3, #0x00
	ldsh r0, [r1, r3]
	cmp r0, #0x00
	beq _080472BC
	subs r0, r2, #0x1
	strh r0, [r1, #0x00]
	ldr r0, [r6, #0x34]
	ldr r1, [r6, #0x38]
	movs r2, #0x05
	negs r2, r2
	ands r0, r2
	str r0, [r6, #0x34]
	str r1, [r6, #0x38]
	movs r0, #0xA7
	lsls r0, r0, #0x01
	adds r1, r7, r0
	movs r0, #0x00
	strh r0, [r1, #0x00]
	ldr r0, [r7, #0x14]
	ldr r0, [r0, #0x08]
	str r0, [r6, #0x08]
	bl func_08019A30
	b _080472EE
	.byte 0x00, 0x00
_08047288: .4byte 0x02039B84
_0804728C:
	movs r1, #0xAE
	lsls r1, r1, #0x01
	adds r0, r7, r1
	ldr r1, [r6, #0x04]
	ldr r0, [r0, #0x00]
	adds r1, r1, r0
	str r1, [r6, #0x04]
	ldr r0, _080472C0 @ =0x02039B84
	ldr r0, [r0, #0x00]
	adds r0, #0xDC
	movs r2, #0x00
	ldsh r0, [r0, r2]
	adds r0, #0x30
	lsls r0, r0, #0x08
	cmp r1, r0
	ble _080472EE
	movs r3, #0xAC
	lsls r3, r3, #0x01
	adds r1, r7, r3
	ldrh r2, [r1, #0x00]
	movs r3, #0x00
	ldsh r0, [r1, r3]
	cmp r0, #0x00
	bne _080472C4
_080472BC:
	movs r0, #0x00
	b _08047348
_080472C0: .4byte 0x02039B84
_080472C4:
	subs r0, r2, #0x1
	strh r0, [r1, #0x00]
	ldr r4, [r6, #0x34]
	ldr r5, [r6, #0x38]
	movs r2, #0x04
	movs r3, #0x00
	adds r0, r4, #0x0
	orrs r0, r2
	adds r1, r5, #0x0
	str r0, [r6, #0x34]
	str r1, [r6, #0x38]
	movs r1, #0xA7
	lsls r1, r1, #0x01
	adds r0, r7, r1
	mov r2, r12
	strh r2, [r0, #0x00]
	ldr r0, [r7, #0x14]
	ldr r0, [r0, #0x08]
	str r0, [r6, #0x08]
	bl func_08019A30
_080472EE:
	movs r0, #0xAA
	lsls r0, r0, #0x01
	adds r3, r7, r0
	ldr r2, _08047350 @ =0x08121400
	movs r1, #0xA7
	lsls r1, r1, #0x01
	adds r4, r7, r1
	ldrh r0, [r4, #0x00]
	lsls r0, r0, #0x03
	movs r1, #0xFF
	ands r0, r1
	lsls r0, r0, #0x01
	adds r0, r0, r2
	movs r2, #0x00
	ldsh r1, [r0, r2]
	lsls r1, r1, #0x03
	ldr r0, [r3, #0x00]
	adds r0, r0, r1
	str r0, [r6, #0x0C]
	ldr r0, [r7, #0x14]
	ldr r0, [r0, #0x08]
	ldr r1, [r6, #0x08]
	subs r0, r0, r1
	asrs r0, r0, #0x04
	adds r1, r1, r0
	str r1, [r6, #0x08]
	movs r3, #0x00
	ldsh r0, [r4, r3]
	cmp r0, #0x14
	bne _08047330
	movs r0, #0xBE
	bl func_0811FE70
_08047330:
	ldrh r0, [r4, #0x00]
	adds r0, #0x01
	strh r0, [r4, #0x00]
_08047336:
	movs r1, #0x98
	lsls r1, r1, #0x01
	adds r0, r7, r1
	bl func_08005A64
	adds r0, r7, #0x0
	bl func_08000EA4
	movs r0, #0x01
_08047348:
	add sp, #0x00C
	pop {r4, r5, r6, r7}
	pop {r1}
	bx r1
_08047350: .4byte 0x08121400
	thumb_func_start task_frd_ariel_2
task_frd_ariel_2: @ 08047354
	push {r4, r5, r6, r7, lr}
	mov r7, r10
	mov r6, r9
	mov r5, r8
	push {r5, r6, r7}
	add sp, #-0x014
	mov r9, r0
	mov r7, r9
	adds r7, #0x20
	movs r0, #0x98
	lsls r0, r0, #0x01
	add r0, r9
	bl func_08005AFC
	mov r10, r0
	ldr r0, [r7, #0x08]
	bl func_0801AF1C
	lsls r0, r0, #0x10
	lsrs r0, r0, #0x10
	mov r8, r0
	ldr r0, [r7, #0x34]
	ldr r1, [r7, #0x38]
	movs r2, #0x04
	ands r0, r2
	movs r1, #0x00
	orrs r0, r1
	cmp r0, #0x00
	beq _0804739C
	ldr r0, _08047398 @ =0x02039B84
	ldr r0, [r0, #0x00]
	ldr r5, [r0, #0x24]
	adds r6, r5, #0x0
	b _080473C0
_08047398: .4byte 0x02039B84
_0804739C:
	ldr r0, _080473B8 @ =0x02039B84
	ldr r0, [r0, #0x00]
	ldr r2, [r0, #0x24]
	movs r0, #0x80
	lsls r0, r0, #0x01
	cmp r2, r0
	bne _080473BC
	adds r5, r2, #0x0
	adds r6, r5, #0x0
	movs r0, #0x01
	mov r1, r8
	orrs r1, r0
	mov r8, r1
	b _080473C0
_080473B8: .4byte 0x02039B84
_080473BC:
	negs r6, r2
	adds r5, r2, #0x0
_080473C0:
	mov r4, sp
	adds r4, #0x12
	ldr r2, [r7, #0x04]
	ldr r3, [r7, #0x08]
	ldr r0, [r7, #0x0C]
	str r0, [sp, #0x000]
	add r0, sp, #0x010
	adds r1, r4, #0x0
	bl func_0801909C
	ldr r0, _080473E8 @ =0x02039B84
	ldr r0, [r0, #0x00]
	ldr r1, [r0, #0x24]
	movs r0, #0x80
	lsls r0, r0, #0x01
	cmp r1, r0
	bne _080473EC
	movs r5, #0x00
	b _08047408
	.byte 0x00, 0x00
_080473E8: .4byte 0x02039B84
_080473EC:
	cmp r1, #0xFF
	bgt _080473FA
	movs r0, #0x00
	adds r1, r6, #0x0
	adds r2, r5, #0x0
	movs r3, #0x00
	b _08047402
_080473FA:
	movs r0, #0x00
	adds r1, r6, #0x0
	adds r2, r5, #0x0
	movs r3, #0x01
_08047402:
	bl func_08002CB4
	adds r5, r0, #0x0
_08047408:
	add r0, sp, #0x010
	movs r2, #0x00
	ldsh r0, [r0, r2]
	movs r2, #0x00
	ldsh r1, [r4, r2]
	mov r4, r9
	ldr r3, [r4, #0x18]
	ldr r2, [r4, #0x1C]
	str r2, [sp, #0x000]
	str r5, [sp, #0x004]
	mov r5, r8
	str r5, [sp, #0x008]
	ldr r2, [r7, #0x08]
	asrs r2, r2, #0x08
	lsls r2, r2, #0x02
	ldr r5, _08047460 @ =0xFFFFEFFC
	adds r4, r5, #0x0
	subs r2, r4, r2
	lsls r2, r2, #0x10
	lsrs r2, r2, #0x10
	str r2, [sp, #0x00C]
	mov r2, r10
	bl func_080023E0
	ldr r0, [r7, #0x08]
	asrs r0, r0, #0x08
	lsls r0, r0, #0x02
	subs r4, r4, r0
	movs r0, #0x02
	adds r1, r7, #0x0
	adds r1, #0xCC
	orrs r4, r0
	strh r4, [r1, #0x00]
	mov r0, r9
	bl func_08000EE0
	add sp, #0x014
	pop {r3, r4, r5}
	mov r8, r3
	mov r9, r4
	mov r10, r5
	pop {r4, r5, r6, r7}
	pop {r0}
	bx r0
_08047460: .4byte 0xFFFFEFFC
	thumb_func_start task_frd_ariel_3
task_frd_ariel_3: @ 08047464
	push {r4, lr}
	adds r4, r0, #0x0
	movs r1, #0xA6
	lsls r1, r1, #0x01
	adds r0, r4, r1
	ldrb r0, [r0, #0x00]
	cmp r0, #0x00
	beq _0804747C
	ldr r0, _08047478 @ =0x02039B84
	b _0804747E
_08047478: .4byte 0x02039B84
_0804747C:
	ldr r0, _080474A0 @ =0x02039B9C
_0804747E:
	ldr r3, [r0, #0x00]
	ldr r0, [r3, #0x68]
	ldr r1, [r3, #0x6C]
	ldr r2, _080474A4 @ =0xFFDFFFFF
	ands r0, r2
	str r0, [r3, #0x68]
	str r1, [r3, #0x6C]
	ldr r0, [r4, #0x1C]
	bl func_08002C10
	adds r0, r4, #0x0
	bl func_08000F0C
	pop {r4}
	pop {r0}
	bx r0
	.byte 0x00, 0x00
_080474A0: .4byte 0x02039B9C
_080474A4: .4byte 0xFFDFFFFF
	thumb_func_start func_080474A8
func_080474A8: @ 080474A8
	push {r4, r5, lr}
	adds r4, r0, #0x0
	adds r5, r4, #0x0
	adds r5, #0x20
	adds r0, #0x24
	adds r1, r4, #0x0
	adds r1, #0x28
	adds r2, r4, #0x0
	adds r2, #0x2C
	adds r3, r4, #0x0
	adds r3, #0x30
	bl func_0801C6D4
	movs r0, #0xAA
	lsls r0, r0, #0x01
	adds r2, r4, r0
	ldr r0, [r5, #0x0C]
	ldr r1, [r2, #0x00]
	adds r0, r0, r1
	str r0, [r5, #0x0C]
	ldr r0, [r2, #0x00]
	adds r0, #0x33
	str r0, [r2, #0x00]
	ldr r0, [r5, #0x0C]
	ldr r1, [r5, #0x10]
	cmp r0, r1
	bgt _080474E2
	movs r0, #0x00
	b _080474EA
_080474E2:
	str r1, [r5, #0x0C]
	movs r0, #0x00
	str r0, [r2, #0x00]
	movs r0, #0x01
_080474EA:
	pop {r4, r5}
	pop {r1}
	bx r1
	thumb_func_start task_frd_jack_0
task_frd_jack_0: @ 080474F0
	push {r4, r5, r6, r7, lr}
	mov r7, r8
	push {r7}
	add sp, #-0x004
	adds r6, r0, #0x0
	mov r8, r1
	adds r7, r6, #0x0
	adds r7, #0x20
	movs r0, #0xB8
	bl func_0811FE70
	mov r0, r8
	ldrb r1, [r0, #0x02]
	cmp r1, #0x00
	beq _08047548
	movs r2, #0xA6
	lsls r2, r2, #0x01
	adds r1, r6, r2
	movs r0, #0x01
	strb r0, [r1, #0x00]
	ldr r5, _0804753C @ =0x02039B84
	ldr r4, [r5, #0x00]
	ldr r0, [r4, #0x68]
	ldr r1, [r4, #0x6C]
	ldr r2, _08047540 @ =0x00200000
	ldr r3, _08047544 @ =0x00000000
	orrs r0, r2
	str r0, [r4, #0x68]
	str r1, [r4, #0x6C]
	ldr r0, [r4, #0x7C]
	str r0, [r6, #0x14]
	movs r0, #0x8A
	lsls r0, r0, #0x01
	adds r4, r4, r0
	ldr r0, [r4, #0x00]
	str r0, [r6, #0x18]
	b _08047576
	.byte 0x00, 0x00
_0804753C: .4byte 0x02039B84
_08047540: .4byte 0x00200000
_08047544: .4byte 0x00000000
_08047548:
	movs r2, #0xA6
	lsls r2, r2, #0x01
	adds r0, r6, r2
	strb r1, [r0, #0x00]
	ldr r0, _080475D0 @ =0x02039B9C
	ldr r4, [r0, #0x00]
	ldr r0, [r4, #0x68]
	ldr r1, [r4, #0x6C]
	ldr r2, _080475D4 @ =0x00200000
	ldr r3, _080475D8 @ =0x00000000
	orrs r0, r2
	str r0, [r4, #0x68]
	str r1, [r4, #0x6C]
	ldr r0, [r4, #0x7C]
	str r0, [r6, #0x14]
	ldr r1, _080475DC @ =0x02039B84
	ldr r0, [r1, #0x00]
	movs r2, #0x8A
	lsls r2, r2, #0x01
	adds r0, r0, r2
	ldr r0, [r0, #0x00]
	str r0, [r6, #0x18]
	adds r5, r1, #0x0
_08047576:
	mov r1, r8
	ldrh r0, [r1, #0x00]
	ldr r1, _080475E0 @ =0x0000014D
	adds r2, r6, r1
	movs r1, #0x00
	strb r0, [r2, #0x00]
	movs r2, #0xA4
	lsls r2, r2, #0x01
	adds r0, r6, r2
	str r1, [r0, #0x00]
	adds r2, #0x06
	adds r0, r6, r2
	strh r1, [r0, #0x00]
	adds r2, #0x02
	adds r0, r6, r2
	strh r1, [r0, #0x00]
	adds r2, #0x04
	adds r0, r6, r2
	str r1, [r0, #0x00]
	ldr r3, [r6, #0x14]
	ldr r0, [r3, #0x34]
	ldr r1, [r3, #0x38]
	movs r2, #0x04
	ands r0, r2
	movs r1, #0x00
	orrs r0, r1
	cmp r0, #0x00
	beq _080475E8
	movs r0, #0xAC
	lsls r0, r0, #0x01
	adds r1, r6, r0
	ldr r0, [r3, #0x04]
	ldr r2, _080475E4 @ =0xFFFFD000
	adds r0, r0, r2
	str r0, [r1, #0x00]
	ldr r0, [r5, #0x00]
	adds r0, #0xDC
	movs r1, #0x00
	ldsh r0, [r0, r1]
	adds r0, #0x30
	lsls r0, r0, #0x08
	str r0, [r7, #0x04]
	movs r0, #0x04
	movs r1, #0x00
	b _0804760A
_080475D0: .4byte 0x02039B9C
_080475D4: .4byte 0x00200000
_080475D8: .4byte 0x00000000
_080475DC: .4byte 0x02039B84
_080475E0: .4byte 0x0000014D
_080475E4: .4byte 0xFFFFD000
_080475E8:
	movs r2, #0xAC
	lsls r2, r2, #0x01
	adds r1, r6, r2
	ldr r0, [r3, #0x04]
	movs r2, #0xC0
	lsls r2, r2, #0x06
	adds r0, r0, r2
	str r0, [r1, #0x00]
	ldr r0, [r5, #0x00]
	adds r0, #0xDA
	movs r1, #0x00
	ldsh r0, [r0, r1]
	subs r0, #0x30
	lsls r0, r0, #0x08
	str r0, [r7, #0x04]
	movs r0, #0x00
	movs r1, #0x00
_0804760A:
	str r0, [r7, #0x34]
	str r1, [r7, #0x38]
	ldr r0, [r6, #0x14]
	ldr r0, [r0, #0x08]
	str r0, [r7, #0x08]
	ldr r0, _08047668 @ =0xFFFFB000
	str r0, [r7, #0x0C]
	movs r1, #0x00
	str r1, [r7, #0x10]
	movs r2, #0xB0
	lsls r2, r2, #0x01
	adds r0, r6, r2
	str r1, [r0, #0x00]
	ldr r0, _0804766C @ =0x09617DB8
	movs r1, #0x20
	bl func_08002A14
	str r0, [r6, #0x1C]
	movs r0, #0x98
	lsls r0, r0, #0x01
	adds r4, r6, r0
	adds r0, r4, #0x0
	movs r1, #0x00
	movs r2, #0x00
	bl func_08005968
	ldr r0, _08047670 @ =0x0813EC9C
	ldr r1, [r6, #0x18]
	str r1, [sp, #0x000]
	adds r1, r4, #0x0
	movs r2, #0x00
	movs r3, #0x00
	bl func_08019068
	mov r2, r8
	ldrh r1, [r2, #0x00]
	cmp r1, #0x01
	beq _0804765E
	cmp r1, #0x01
	bgt _08047674
	cmp r1, #0x00
	bne _08047674
_0804765E:
	movs r2, #0xB4
	lsls r2, r2, #0x01
	adds r0, r6, r2
	strh r1, [r0, #0x00]
	b _0804767E
_08047668: .4byte 0xFFFFB000
_0804766C: .4byte 0x09617DB8
_08047670: .4byte 0x0813EC9C
_08047674:
	movs r0, #0xB4
	lsls r0, r0, #0x01
	adds r1, r6, r0
	movs r0, #0x02
	strh r0, [r1, #0x00]
_0804767E:
	adds r0, r6, #0x0
	movs r1, #0x01
	bl func_08000E64
	ldr r1, _0804769C @ =0x09EDAE88
	adds r0, r6, #0x0
	adds r2, r7, #0x0
	bl func_08000E14
	add sp, #0x004
	pop {r3}
	mov r8, r3
	pop {r4, r5, r6, r7}
	pop {r0}
	bx r0
_0804769C: .4byte 0x09EDAE88
	thumb_func_start task_frd_jack_1
task_frd_jack_1: @ 080476A0
	push {r4, r5, r6, r7, lr}
	mov r7, r10
	mov r6, r9
	mov r5, r8
	push {r5, r6, r7}
	add sp, #-0x024
	adds r6, r0, #0x0
	adds r5, r6, #0x0
	adds r5, #0x20
	ldr r0, _080476D4 @ =0x02039BB0
	ldrb r0, [r0, #0x0C]
	cmp r0, #0x06
	beq _080476BC
	b _0804795C
_080476BC:
	movs r1, #0xA6
	lsls r1, r1, #0x01
	adds r0, r6, r1
	ldrb r0, [r0, #0x00]
	cmp r0, #0x00
	beq _080476DC
	ldr r0, _080476D8 @ =0x02039B84
	ldr r0, [r0, #0x00]
	ldr r2, [r0, #0x78]
	mov r8, r2
	b _080476E4
	.byte 0x00, 0x00
_080476D4: .4byte 0x02039BB0
_080476D8: .4byte 0x02039B84
_080476DC:
	ldr r0, _08047714 @ =0x02039B9C
	ldr r0, [r0, #0x00]
	ldr r4, [r0, #0x78]
	mov r8, r4
_080476E4:
	ldr r1, [r0, #0x6C]
	ldr r0, [r0, #0x68]
	movs r2, #0x80
	lsls r2, r2, #0x17
	ands r0, r2
	movs r1, #0x00
	orrs r0, r1
	cmp r0, #0x00
	beq _080476F8
	b _0804795C
_080476F8:
	movs r1, #0xA4
	lsls r1, r1, #0x01
	adds r0, r6, r1
	ldr r0, [r0, #0x00]
	cmp r0, #0x0A
	bls _08047708
	bl _08048570
_08047708:
	lsls r0, r0, #0x02
	ldr r1, _08047718 @ =0x0804771C
	adds r0, r0, r1
	ldr r0, [r0, #0x00]
	mov pc, r0
	.byte 0x00, 0x00
_08047714: .4byte 0x02039B9C
_08047718: .4byte 0x0804771C
	.byte 0x48, 0x77, 0x04, 0x08, 0xBC, 0x77, 0x04, 0x08, 0x52, 0x78, 0x04, 0x08, 0xC4, 0x78, 0x04, 0x08
	.byte 0x10, 0x7C, 0x04, 0x08, 0xD0, 0x80, 0x04, 0x08, 0x46, 0x83, 0x04, 0x08, 0x7C, 0x7E, 0x04, 0x08
	.byte 0x82, 0x79, 0x04, 0x08, 0xD8, 0x79, 0x04, 0x08, 0x70, 0x7B, 0x04, 0x08, 0xA7, 0x22, 0x52, 0x00
	.byte 0xB4, 0x18, 0x00, 0x21, 0x60, 0x5E, 0x00, 0x28, 0x0B, 0xD1, 0x18, 0x48, 0x1E, 0x3A, 0xB1, 0x18
	.byte 0xB2, 0x69, 0x00, 0x92, 0x01, 0x22, 0x00, 0x23, 0xD1, 0xF7, 0x80, 0xFC, 0x20, 0x88, 0x01, 0x30
	.byte 0x20, 0x80, 0xAC, 0x21, 0x49, 0x00, 0x70, 0x18, 0x00, 0x68, 0x69, 0x68, 0x40, 0x1A, 0x00, 0x11
	.byte 0x09, 0x18, 0x69, 0x60, 0x28, 0x1D, 0x29, 0x1C, 0x08, 0x31, 0x10, 0x22, 0x52, 0x42, 0x00, 0x23
	.byte 0xD3, 0xF7, 0x8A, 0xF8, 0x30, 0x1C, 0xFF, 0xF7, 0x89, 0xFE, 0x00, 0x06, 0x00, 0x28, 0x01, 0xD1
	.byte 0x00, 0xF0, 0xE8, 0xFE, 0xA4, 0x22, 0x52, 0x00, 0xB0, 0x18, 0x01, 0x21, 0x01, 0x60, 0x00, 0x20
	.byte 0x20, 0x80, 0xC1, 0x20, 0xD8, 0xF0, 0x5E, 0xFB, 0x00, 0xF0, 0xDC, 0xFE, 0x9C, 0xEC, 0x13, 0x08
	.byte 0xA7, 0x20, 0x40, 0x00, 0x34, 0x18, 0x00, 0x21, 0x60, 0x5E, 0x00, 0x28, 0x09, 0xD1, 0x11, 0x48
	.byte 0x98, 0x22, 0x52, 0x00, 0xB1, 0x18, 0xB2, 0x69, 0x00, 0x92, 0x02, 0x22, 0x00, 0x23, 0xD1, 0xF7
	.byte 0x45, 0xFC, 0x98, 0x21, 0x49, 0x00, 0x70, 0x18, 0xBE, 0xF7, 0x9A, 0xF9, 0x00, 0x06, 0x00, 0x28
	.byte 0x00, 0xD1, 0x0A, 0xE2, 0xD5, 0xF7, 0x4A, 0xFD, 0xBE, 0xF7, 0xD6, 0xFE, 0x00, 0x04, 0xC0, 0x21
	.byte 0x89, 0x02, 0x01, 0x40, 0x09, 0x0C, 0x01, 0x29, 0x10, 0xD0, 0x01, 0x29, 0x04, 0xDC, 0x00, 0x29
	.byte 0x07, 0xD0, 0x1A, 0xE0, 0x9C, 0xEC, 0x13, 0x08, 0x02, 0x29, 0x0C, 0xD0, 0x03, 0x29, 0x0F, 0xD0
	.byte 0x13, 0xE0, 0xA4, 0x22, 0x52, 0x00, 0xB1, 0x18, 0x04, 0x20, 0x0D, 0xE0, 0xA4, 0x24, 0x64, 0x00
	.byte 0x31, 0x19, 0x05, 0x20, 0x08, 0xE0, 0xA4, 0x20, 0x40, 0x00, 0x31, 0x18, 0x06, 0x20, 0x03, 0xE0
	.byte 0xA4, 0x22, 0x52, 0x00, 0xB1, 0x18, 0x07, 0x20, 0x08, 0x60, 0xA7, 0x24, 0x64, 0x00, 0x31, 0x19
	.byte 0x00, 0x20, 0x00, 0xF0, 0x8E, 0xFE, 0xB4, 0x20, 0x40, 0x00, 0x32, 0x18, 0x00, 0x21, 0x50, 0x5E
	.byte 0x00, 0x28, 0x0E, 0xDD, 0xA4, 0x24, 0x64, 0x00, 0x31, 0x19, 0x08, 0x20, 0x08, 0x60, 0xA7, 0x20
	.byte 0x40, 0x00, 0x31, 0x18, 0x00, 0x20, 0x08, 0x80, 0x10, 0x88, 0x01, 0x38, 0x10, 0x80, 0x00, 0xF0
	.byte 0x79, 0xFE, 0xA7, 0x21, 0x49, 0x00, 0x74, 0x18, 0x00, 0x22, 0xA0, 0x5E, 0x00, 0x28, 0x09, 0xD1
	.byte 0x0C, 0x48, 0x98, 0x22, 0x52, 0x00, 0xB1, 0x18, 0xB2, 0x69, 0x00, 0x92, 0x04, 0x22, 0x00, 0x23
	.byte 0xD1, 0xF7, 0xE4, 0xFB, 0x98, 0x21, 0x49, 0x00, 0x70, 0x18, 0xBE, 0xF7, 0x39, 0xF9, 0x00, 0x06
	.byte 0x00, 0x28, 0x00, 0xD1, 0xA9, 0xE1, 0xA4, 0x22, 0x52, 0x00, 0xB0, 0x18, 0x03, 0x21, 0x01, 0x60
	.byte 0x85, 0xE0, 0x00, 0x00, 0x9C, 0xEC, 0x13, 0x08, 0xA7, 0x24, 0x64, 0x00, 0x30, 0x19, 0x00, 0x21
	.byte 0x40, 0x5E, 0x00, 0x28, 0x33, 0xD1, 0x0D, 0x48, 0x98, 0x22, 0x52, 0x00, 0xB1, 0x18, 0xB2, 0x69
	.byte 0x00, 0x92, 0x03, 0x22, 0x00, 0x23, 0xD1, 0xF7, 0xC1, 0xFB, 0x68, 0x6B, 0xA9, 0x6B, 0x04, 0x22
	.byte 0x10, 0x40, 0x00, 0x21, 0x08, 0x43, 0x00, 0x28, 0x0C, 0xD1, 0x0A, 0x34, 0x31, 0x19, 0x04, 0x48
	.byte 0x00, 0x68, 0xDA, 0x30, 0x00, 0x22, 0x80, 0x5E, 0x40, 0x38, 0x0C, 0xE0, 0x9C, 0xEC, 0x13, 0x08
	.byte 0x84, 0x9B, 0x03, 0x02, 0xAC, 0x24, 0x64, 0x00, 0x31, 0x19, 0x13, 0x48, 0x00, 0x68, 0xDC, 0x30
	.byte 0x00, 0x22, 0x80, 0x5E, 0x40, 0x30, 0x00, 0x02, 0x08, 0x60, 0xAA, 0x24, 0x64, 0x00, 0x31, 0x19
	.byte 0x0E, 0x48, 0x08, 0x60, 0xA8, 0x20, 0x40, 0x00, 0x31, 0x18, 0x1E, 0x20, 0x08, 0x80, 0x28, 0x1D
	.byte 0xAC, 0x22, 0x52, 0x00, 0xB1, 0x18, 0x09, 0x68, 0x08, 0x3A, 0xB4, 0x18, 0x22, 0x88, 0xBD, 0xF7
	.byte 0xD7, 0xFF, 0x30, 0x1C, 0xFF, 0xF7, 0xAA, 0xFD, 0x00, 0x21, 0x60, 0x5E, 0x00, 0x28, 0x07, 0xDC
_0804795C:
	movs r0, #0x00
	bl _08048582
	lsls r0, r0, #0x00
	ldr r3, [sp, #0x210]
	lsls r3, r0, #0x08
	.2byte 0xFB00 @ bl lr+1536
	.2byte 0xFFFF @ bl lr+4094
	movs r2, #0xA7
	lsls r2, r2, #0x01
	adds r1, r6, r2
	ldrh r0, [r1, #0x00]
	adds r0, #0x01
	strh r0, [r1, #0x00]
	ldrh r0, [r4, #0x00]
	subs r0, #0x01
	strh r0, [r4, #0x00]
	bl _08048570
	movs r0, #0xA7
	lsls r0, r0, #0x01
	adds r4, r6, r0
	movs r1, #0x00
	ldsh r0, [r4, r1]
	cmp r0, #0x00
	bne _080479A4
	ldr r0, _080479D4 @ =0x0813EC9C
	movs r2, #0x98
	lsls r2, r2, #0x01
	adds r1, r6, r2
	ldr r2, [r6, #0x18]
	str r2, [sp, #0x000]
	movs r2, #0x04
	movs r3, #0x00
	bl func_08019068
_080479A4:
	movs r1, #0x98
	lsls r1, r1, #0x01
	adds r0, r6, r1
	bl func_08005B1C
	lsls r0, r0, #0x18
	cmp r0, #0x00
	bne _080479B6
	b _08047C06
_080479B6:
	movs r2, #0xA4
	lsls r2, r2, #0x01
	adds r0, r6, r2
	movs r1, #0x09
	str r1, [r0, #0x00]
	bl func_080065A4
	movs r0, #0xC1
	bl func_0811FE70
	movs r0, #0x00
	strh r0, [r4, #0x00]
	bl _08048570
	lsls r0, r0, #0x00
_080479D4: .4byte 0x0813EC9C
	.byte 0xA7, 0x24, 0x64, 0x00, 0x30, 0x19, 0x00, 0x21, 0x40, 0x5E, 0x00, 0x28, 0x5B, 0xD1, 0x73, 0x69
	.byte 0x58, 0x6B, 0x99, 0x6B, 0x04, 0x22, 0x10, 0x40, 0x00, 0x21, 0x08, 0x43, 0x00, 0x28, 0x09, 0xD0
	.byte 0xAC, 0x22, 0x52, 0x00, 0xB1, 0x18, 0x58, 0x68, 0x01, 0x4C, 0x00, 0x19, 0x09, 0xE0, 0x00, 0x00
	.byte 0x00, 0xD3, 0xFF, 0xFF, 0xAC, 0x20, 0x40, 0x00, 0x31, 0x18, 0x58, 0x68, 0xB4, 0x22, 0x92, 0x01
	.byte 0x80, 0x18, 0x08, 0x60, 0xAE, 0x24, 0x64, 0x00, 0x31, 0x19, 0x98, 0x68, 0x08, 0x60, 0xAA, 0x20
	.byte 0x40, 0x00, 0x31, 0x18, 0x0C, 0x48, 0x08, 0x60, 0xA8, 0x22, 0x52, 0x00, 0xB1, 0x18, 0x2D, 0x20
	.byte 0x08, 0x80, 0x04, 0x3C, 0x30, 0x19, 0x01, 0x68, 0x68, 0x68, 0x81, 0x42, 0x10, 0xDD, 0x68, 0x6B
	.byte 0xA9, 0x6B, 0x04, 0x22, 0x10, 0x40, 0x00, 0x21, 0x08, 0x43, 0x00, 0x28, 0x18, 0xD1, 0xB2, 0x22
	.byte 0x52, 0x00, 0xB1, 0x18, 0x01, 0x48, 0x17, 0xE0, 0x00, 0xFB, 0xFF, 0xFF, 0x00, 0xFF, 0xFF, 0xFF
	.byte 0x68, 0x6B, 0xA9, 0x6B, 0x04, 0x22, 0x10, 0x40, 0x00, 0x21, 0x08, 0x43, 0x00, 0x28, 0x07, 0xD0
	.byte 0xB2, 0x24, 0x64, 0x00, 0x31, 0x19, 0x01, 0x48, 0x06, 0xE0, 0x00, 0x00, 0x00, 0xFF, 0xFF, 0xFF
	.byte 0xB2, 0x20, 0x40, 0x00, 0x31, 0x18, 0x64, 0x38, 0x08, 0x60, 0xA7, 0x22, 0x52, 0x00, 0xB1, 0x18
	.byte 0x08, 0x88, 0x01, 0x30, 0x08, 0x80, 0x30, 0x1C, 0xFF, 0xF7, 0x02, 0xFD, 0xAA, 0x24, 0x64, 0x00
	.byte 0x30, 0x19, 0x00, 0x68, 0x00, 0x28, 0x0D, 0xDD, 0x05, 0x48, 0x98, 0x22, 0x52, 0x00, 0xB1, 0x18
	.byte 0xB2, 0x69, 0x00, 0x92, 0x01, 0x22, 0x00, 0x23, 0xD1, 0xF7, 0xD2, 0xFA, 0x0C, 0xE0, 0x00, 0x00
	.byte 0x9C, 0xEC, 0x13, 0x08, 0x27, 0x48, 0x98, 0x24, 0x64, 0x00, 0x31, 0x19, 0xB2, 0x69, 0x00, 0x92
	.byte 0x03, 0x22, 0x00, 0x23, 0xD1, 0xF7, 0xC4, 0xFA, 0xA8, 0x20, 0x40, 0x00, 0x34, 0x18, 0x00, 0x21
	.byte 0x60, 0x5E, 0x00, 0x28, 0x20, 0xDD, 0x28, 0x1D, 0xAC, 0x22, 0x52, 0x00, 0xB1, 0x18, 0x09, 0x68
	.byte 0x22, 0x88, 0xBD, 0xF7, 0x17, 0xFF, 0x28, 0x1C, 0x08, 0x30, 0xAE, 0x22, 0x52, 0x00, 0xB1, 0x18
	.byte 0x09, 0x68, 0x22, 0x88, 0xBD, 0xF7, 0x0E, 0xFF, 0x00, 0x21, 0x60, 0x5E, 0x27, 0x28, 0x08, 0xDC
	.byte 0xB0, 0x22, 0x52, 0x00, 0xB0, 0x18, 0x04, 0x32, 0xB1, 0x18, 0x09, 0x68, 0x22, 0x88, 0xBD, 0xF7
	.byte 0x01, 0xFF, 0x20, 0x88, 0x01, 0x38, 0x20, 0x80, 0xE9, 0x68, 0x28, 0x69, 0x81, 0x42, 0x01, 0xDA
	.byte 0x00, 0xF0, 0x1A, 0xFD, 0xA8, 0x24, 0x64, 0x00, 0x30, 0x19, 0x00, 0x21, 0x40, 0x5E, 0x00, 0x28
	.byte 0x01, 0xDD, 0x00, 0xF0, 0x11, 0xFD, 0xA7, 0x22, 0x52, 0x00, 0xB0, 0x18, 0x00, 0x21, 0x01, 0x80
	.byte 0x10, 0x34, 0x30, 0x19, 0x01, 0x60, 0xA4, 0x20, 0x40, 0x00, 0x31, 0x18, 0x0A, 0x20, 0x08, 0x60
	.byte 0x00, 0xF0, 0x02, 0xFD, 0x9C, 0xEC, 0x13, 0x08, 0xA7, 0x21, 0x49, 0x00, 0x74, 0x18, 0x00, 0x22
	.byte 0xA0, 0x5E, 0x00, 0x28, 0x09, 0xD1, 0x11, 0x48, 0x98, 0x22, 0x52, 0x00, 0xB1, 0x18, 0xB2, 0x69
	.byte 0x00, 0x92, 0x02, 0x22, 0x00, 0x23, 0xD1, 0xF7, 0x6B, 0xFA, 0x98, 0x21, 0x49, 0x00, 0x70, 0x18
	.byte 0xBD, 0xF7, 0xC0, 0xFF, 0x00, 0x06, 0x00, 0x28, 0x31, 0xD0, 0xD5, 0xF7, 0x71, 0xFB, 0xBE, 0xF7
	.byte 0xFD, 0xFC, 0x00, 0x04, 0xC0, 0x21, 0x89, 0x02, 0x01, 0x40, 0x09, 0x0C, 0x01, 0x29, 0x11, 0xD0
	.byte 0x01, 0x29, 0x05, 0xDC, 0x00, 0x29, 0x08, 0xD0, 0x1B, 0xE0, 0x00, 0x00, 0x9C, 0xEC, 0x13, 0x08
	.byte 0x02, 0x29, 0x0C, 0xD0, 0x03, 0x29, 0x0F, 0xD0, 0x13, 0xE0, 0xA4, 0x22, 0x52, 0x00, 0xB1, 0x18
	.byte 0x04, 0x20, 0x0D, 0xE0, 0xA4, 0x24, 0x64, 0x00, 0x31, 0x19, 0x05, 0x20, 0x08, 0xE0, 0xA4, 0x20
	.byte 0x40, 0x00, 0x31, 0x18, 0x06, 0x20, 0x03, 0xE0, 0xA4, 0x22, 0x52, 0x00, 0xB1, 0x18, 0x07, 0x20
	.byte 0x08, 0x60, 0xA7, 0x24, 0x64, 0x00, 0x31, 0x19, 0x00, 0x20, 0x00, 0xF0, 0xB4, 0xFC
_08047C06:
	ldrh r0, [r4, #0x00]
	adds r0, #0x01
	strh r0, [r4, #0x00]
	bl _08048570
	movs r1, #0xA7
	lsls r1, r1, #0x01
	adds r0, r6, r1
	movs r2, #0x00
	ldsh r0, [r0, r2]
	cmp r0, #0x00
	bne _08047C66
	ldr r0, _08047C54 @ =0x0813EC9C
	subs r1, #0x1E
	adds r4, r6, r1
	ldr r1, [r6, #0x18]
	str r1, [sp, #0x000]
	adds r1, r4, #0x0
	movs r2, #0x00
	movs r3, #0x00
	bl func_08019068
	adds r0, r4, #0x0
	bl func_08005B64
	mov r2, r8
	cmp r2, #0x00
	beq _08047C66
	ldr r1, [r2, #0x04]
	ldr r0, [r5, #0x04]
	cmp r1, r0
	bge _08047C58
	ldr r0, [r5, #0x34]
	ldr r1, [r5, #0x38]
	movs r2, #0x04
	movs r3, #0x00
	orrs r0, r2
	b _08047C62
	.byte 0x00, 0x00
_08047C54: .4byte 0x0813EC9C
_08047C58:
	ldr r0, [r5, #0x34]
	ldr r1, [r5, #0x38]
	movs r2, #0x05
	negs r2, r2
	ands r0, r2
_08047C62:
	str r0, [r5, #0x34]
	str r1, [r5, #0x38]
_08047C66:
	movs r4, #0xA7
	lsls r4, r4, #0x01
	adds r0, r6, r4
	movs r1, #0x00
	ldsh r0, [r0, r1]
	cmp r0, #0x2C
	beq _08047C76
	b _08047E34
_08047C76:
	mov r2, r8
	cmp r2, #0x00
	beq _08047CC6
	ldr r4, [r2, #0x04]
	mov r9, r4
	ldr r0, [r2, #0x08]
	mov r10, r0
	mov r0, r8
	adds r0, #0xA2
	movs r1, #0x00
	ldsh r0, [r0, r1]
	lsls r0, r0, #0x08
	ldr r1, [r2, #0x0C]
	subs r1, r1, r0
	str r1, [sp, #0x014]
	ldr r4, [r5, #0x04]
	cmp r9, r4
	bge _08047CB0
	ldr r0, [r5, #0x34]
	ldr r1, [r5, #0x38]
	movs r2, #0x04
	movs r3, #0x00
	orrs r0, r2
	str r0, [r5, #0x34]
	str r1, [r5, #0x38]
	ldr r3, [r5, #0x0C]
	ldr r2, [r5, #0x08]
	mov r12, r2
	b _08047D00
_08047CB0:
	ldr r0, [r5, #0x34]
	ldr r1, [r5, #0x38]
	movs r2, #0x05
	negs r2, r2
	ands r0, r2
	str r0, [r5, #0x34]
	str r1, [r5, #0x38]
	ldr r3, [r5, #0x0C]
	ldr r0, [r5, #0x08]
	mov r12, r0
	b _08047D00
_08047CC6:
	ldr r0, [r5, #0x34]
	ldr r1, [r5, #0x38]
	movs r2, #0x04
	ands r0, r2
	movs r1, #0x00
	orrs r0, r1
	cmp r0, #0x00
	beq _08047CE4
	ldr r0, [r5, #0x04]
	ldr r1, _08047CE0 @ =0xFFFF3800
	adds r1, r1, r0
	mov r9, r1
	b _08047CEE
_08047CE0: .4byte 0xFFFF3800
_08047CE4:
	ldr r0, [r5, #0x04]
	movs r2, #0xC8
	lsls r2, r2, #0x08
	adds r2, r2, r0
	mov r9, r2
_08047CEE:
	adds r4, r0, #0x0
	ldr r0, [r5, #0x08]
	mov r10, r0
	ldr r0, [r5, #0x0C]
	ldr r1, _08047D44 @ =0xFFFFE800
	adds r1, r0, r1
	str r1, [sp, #0x014]
	adds r3, r0, #0x0
	mov r12, r10
_08047D00:
	ldr r2, _08047D48 @ =0x0000014D
	adds r0, r6, r2
	ldrb r7, [r0, #0x00]
	cmp r7, #0x01
	beq _08047D74
	cmp r7, #0x01
	bgt _08047DD0
	cmp r7, #0x00
	bne _08047DD0
	ldr r0, [r5, #0x34]
	ldr r1, [r5, #0x38]
	movs r2, #0x04
	ands r0, r2
	movs r1, #0x00
	orrs r0, r1
	cmp r0, #0x00
	beq _08047D50
	ldr r0, _08047D4C @ =0xFFFFB600
	adds r1, r4, r0
	ldr r2, _08047D44 @ =0xFFFFE800
	adds r3, r3, r2
	mov r4, r9
	str r4, [sp, #0x000]
	mov r0, r10
	str r0, [sp, #0x004]
	ldr r2, [sp, #0x014]
	str r2, [sp, #0x008]
	movs r0, #0x01
	str r0, [sp, #0x00C]
	movs r0, #0x85
	str r0, [sp, #0x010]
	movs r0, #0x00
	b _08047DFE
	.byte 0x00, 0x00
_08047D44: .4byte 0xFFFFE800
_08047D48: .4byte 0x0000014D
_08047D4C: .4byte 0xFFFFB600
_08047D50:
	movs r0, #0x94
	lsls r0, r0, #0x07
	adds r1, r4, r0
	ldr r2, _08047D70 @ =0xFFFFE800
	adds r3, r3, r2
	mov r4, r9
	str r4, [sp, #0x000]
	mov r0, r10
	str r0, [sp, #0x004]
	ldr r2, [sp, #0x014]
	str r2, [sp, #0x008]
	str r7, [sp, #0x00C]
	movs r0, #0x85
	str r0, [sp, #0x010]
	movs r0, #0x00
	b _08047DFE
_08047D70: .4byte 0xFFFFE800
_08047D74:
	ldr r0, [r5, #0x34]
	ldr r1, [r5, #0x38]
	movs r2, #0x04
	ands r0, r2
	movs r1, #0x00
	orrs r0, r1
	cmp r0, #0x00
	beq _08047DAC
	ldr r0, _08047DA4 @ =0xFFFFB600
	adds r1, r4, r0
	ldr r2, _08047DA8 @ =0xFFFFE800
	adds r3, r3, r2
	mov r4, r9
	str r4, [sp, #0x000]
	mov r0, r10
	str r0, [sp, #0x004]
	ldr r2, [sp, #0x014]
	str r2, [sp, #0x008]
	str r7, [sp, #0x00C]
	movs r0, #0x86
	str r0, [sp, #0x010]
	movs r0, #0x01
	b _08047DFE
	.byte 0x00, 0x00
_08047DA4: .4byte 0xFFFFB600
_08047DA8: .4byte 0xFFFFE800
_08047DAC:
	movs r2, #0x94
	lsls r2, r2, #0x07
	adds r1, r4, r2
	ldr r4, _08047DCC @ =0xFFFFE800
	adds r3, r3, r4
	mov r2, r9
	str r2, [sp, #0x000]
	mov r4, r10
	str r4, [sp, #0x004]
	ldr r2, [sp, #0x014]
	str r2, [sp, #0x008]
	str r0, [sp, #0x00C]
	movs r0, #0x86
	str r0, [sp, #0x010]
	movs r0, #0x01
	b _08047DFE
_08047DCC: .4byte 0xFFFFE800
_08047DD0:
	ldr r0, [r5, #0x34]
	ldr r1, [r5, #0x38]
	movs r2, #0x04
	ands r0, r2
	movs r1, #0x00
	orrs r0, r1
	cmp r0, #0x00
	beq _08047E10
	ldr r0, _08047E08 @ =0xFFFFB600
	adds r1, r4, r0
	ldr r2, _08047E0C @ =0xFFFFE800
	adds r3, r3, r2
	mov r4, r9
	str r4, [sp, #0x000]
	mov r0, r10
	str r0, [sp, #0x004]
	ldr r2, [sp, #0x014]
	str r2, [sp, #0x008]
	movs r0, #0x01
	str r0, [sp, #0x00C]
	movs r0, #0x87
	str r0, [sp, #0x010]
	movs r0, #0x02
_08047DFE:
	mov r2, r12
	bl func_08012E44
	b _08047E34
	.byte 0x00, 0x00
_08047E08: .4byte 0xFFFFB600
_08047E0C: .4byte 0xFFFFE800
_08047E10:
	movs r2, #0x94
	lsls r2, r2, #0x07
	adds r1, r4, r2
	ldr r4, _08047E78 @ =0xFFFFE800
	adds r3, r3, r4
	mov r2, r9
	str r2, [sp, #0x000]
	mov r4, r10
	str r4, [sp, #0x004]
	ldr r2, [sp, #0x014]
	str r2, [sp, #0x008]
	str r0, [sp, #0x00C]
	movs r0, #0x87
	str r0, [sp, #0x010]
	movs r0, #0x02
	mov r2, r12
	bl func_08012E44
_08047E34:
	movs r0, #0xA7
	lsls r0, r0, #0x01
	adds r4, r6, r0
	movs r1, #0x00
	ldsh r0, [r4, r1]
	cmp r0, #0x2C
	ble _08047E6E
	bl func_080128EC
	lsls r0, r0, #0x18
	lsrs r2, r0, #0x18
	cmp r2, #0x00
	bne _08047E50
	b _0804830E
_08047E50:
	mov r1, r8
	cmp r1, #0x00
	beq _08047E6E
	ldr r0, [r1, #0x04]
	ldr r1, [r1, #0x08]
	mov r2, r8
	adds r2, #0xA2
	movs r4, #0x00
	ldsh r3, [r2, r4]
	lsls r3, r3, #0x08
	mov r4, r8
	ldr r2, [r4, #0x0C]
	subs r2, r2, r3
	bl func_080147A8
_08047E6E:
	movs r0, #0xA7
	lsls r0, r0, #0x01
	adds r1, r6, r0
	b _0804856A
	.byte 0x00, 0x00
_08047E78: .4byte 0xFFFFE800
	.byte 0xA7, 0x21, 0x49, 0x00, 0x70, 0x18, 0x00, 0x22, 0x80, 0x5E, 0x00, 0x28, 0x28, 0xD1, 0x0D, 0x48
	.byte 0x1E, 0x39, 0x74, 0x18, 0xB1, 0x69, 0x00, 0x91, 0x21, 0x1C, 0x00, 0x22, 0x00, 0x23, 0xD1, 0xF7
	.byte 0xE5, 0xF8, 0x20, 0x1C, 0xBD, 0xF7, 0x60, 0xFE, 0x42, 0x46, 0x00, 0x2A, 0x13, 0xD0, 0x51, 0x68
	.byte 0x68, 0x68, 0x81, 0x42, 0x08, 0xDA, 0x68, 0x6B, 0xA9, 0x6B, 0x04, 0x22, 0x00, 0x23, 0x10, 0x43
	.byte 0x07, 0xE0, 0x00, 0x00, 0x9C, 0xEC, 0x13, 0x08, 0x68, 0x6B, 0xA9, 0x6B, 0x05, 0x22, 0x52, 0x42
	.byte 0x10, 0x40, 0x68, 0x63, 0xA9, 0x63, 0x02, 0x20, 0x0D, 0x21, 0x3C, 0x22, 0xBE, 0xF7, 0xAE, 0xF9
	.byte 0xA7, 0x24, 0x64, 0x00, 0x30, 0x19, 0x00, 0x21, 0x40, 0x5E, 0x2C, 0x28, 0x00, 0xD0, 0xD3, 0xE0
	.byte 0x42, 0x46, 0x00, 0x2A, 0x1B, 0xD0, 0x57, 0x68, 0x94, 0x68, 0xA1, 0x46, 0x10, 0x69, 0x82, 0x46
	.byte 0x6C, 0x68, 0xA7, 0x42, 0x09, 0xDA, 0x68, 0x6B, 0xA9, 0x6B, 0x04, 0x22, 0x00, 0x23, 0x10, 0x43
	.byte 0x68, 0x63, 0xA9, 0x63, 0xA9, 0x68, 0x8C, 0x46, 0x22, 0xE0, 0x68, 0x6B, 0xA9, 0x6B, 0x05, 0x22
	.byte 0x52, 0x42, 0x10, 0x40, 0x68, 0x63, 0xA9, 0x63, 0xAA, 0x68, 0x94, 0x46, 0x18, 0xE0, 0x68, 0x6B
	.byte 0xA9, 0x6B, 0x04, 0x22, 0x10, 0x40, 0x00, 0x21, 0x08, 0x43, 0x00, 0x28, 0x06, 0xD0, 0x68, 0x68
	.byte 0x01, 0x4C, 0x07, 0x19, 0x06, 0xE0, 0x00, 0x00, 0x00, 0xC0, 0xFF, 0xFF, 0x68, 0x68, 0x80, 0x21
	.byte 0xC9, 0x01, 0x47, 0x18, 0x04, 0x1C, 0xAA, 0x68, 0x91, 0x46, 0x28, 0x69, 0x82, 0x46, 0xCC, 0x46
	.byte 0x10, 0x49, 0x70, 0x18, 0x00, 0x78, 0x80, 0x46, 0x01, 0x28, 0x35, 0xD0, 0x01, 0x28, 0x61, 0xDC
	.byte 0x00, 0x28, 0x5F, 0xD1, 0x68, 0x6B, 0xA9, 0x6B, 0x04, 0x22, 0x10, 0x40, 0x00, 0x21, 0x08, 0x43
	.byte 0x00, 0x28, 0x15, 0xD0, 0x08, 0x4A, 0xA1, 0x18, 0xEB, 0x68, 0x08, 0x4C, 0x1B, 0x19, 0x00, 0x97
	.byte 0x48, 0x46, 0x01, 0x90, 0x52, 0x46, 0x02, 0x92, 0x01, 0x20, 0x03, 0x90, 0x8E, 0x20, 0x04, 0x90
	.byte 0x00, 0x20, 0x5E, 0xE0, 0x4D, 0x01, 0x00, 0x00, 0x00, 0xD8, 0xFF, 0xFF, 0x00, 0xE8, 0xFF, 0xFF
	.byte 0xA0, 0x20, 0x80, 0x01, 0x21, 0x18, 0xEB, 0x68, 0x06, 0x4A, 0x9B, 0x18, 0x00, 0x97, 0x4C, 0x46
	.byte 0x01, 0x94, 0x50, 0x46, 0x02, 0x90, 0x42, 0x46, 0x03, 0x92, 0x8E, 0x20, 0x04, 0x90, 0x00, 0x20
	.byte 0x47, 0xE0, 0x00, 0x00, 0x00, 0xE8, 0xFF, 0xFF, 0x68, 0x6B, 0xA9, 0x6B, 0x04, 0x22, 0x10, 0x40
	.byte 0x00, 0x21, 0x08, 0x43, 0x00, 0x28, 0x13, 0xD0, 0x07, 0x48, 0x21, 0x18, 0xEB, 0x68, 0x07, 0x4A
	.byte 0x9B, 0x18, 0x00, 0x97, 0x4C, 0x46, 0x01, 0x94, 0x50, 0x46, 0x02, 0x90, 0x42, 0x46, 0x03, 0x92
	.byte 0x8F, 0x20, 0x04, 0x90, 0x01, 0x20, 0x2C, 0xE0, 0x00, 0xD8, 0xFF, 0xFF, 0x00, 0xE8, 0xFF, 0xFF
	.byte 0xA0, 0x22, 0x92, 0x01, 0xA1, 0x18, 0xEB, 0x68, 0x05, 0x4C, 0x1B, 0x19, 0x00, 0x97, 0x4A, 0x46
	.byte 0x01, 0x92, 0x54, 0x46, 0x02, 0x94, 0x03, 0x90, 0x8F, 0x20, 0x04, 0x90, 0x01, 0x20, 0x18, 0xE0
	.byte 0x00, 0xE8, 0xFF, 0xFF, 0x68, 0x6B, 0xA9, 0x6B, 0x04, 0x22, 0x10, 0x40, 0x00, 0x21, 0x08, 0x43
	.byte 0x00, 0x28, 0x17, 0xD0, 0x09, 0x48, 0x21, 0x18, 0xEB, 0x68, 0x09, 0x4A, 0x9B, 0x18, 0x00, 0x97
	.byte 0x4C, 0x46, 0x01, 0x94, 0x50, 0x46, 0x02, 0x90, 0x01, 0x20, 0x03, 0x90, 0x90, 0x20, 0x04, 0x90
	.byte 0x02, 0x20, 0x62, 0x46, 0xCC, 0xF7, 0x8A, 0xFE, 0x16, 0xE0, 0x00, 0x00, 0x00, 0xD8, 0xFF, 0xFF
	.byte 0x00, 0xE8, 0xFF, 0xFF, 0xA0, 0x22, 0x92, 0x01, 0xA1, 0x18, 0xEB, 0x68, 0x12, 0x4C, 0x1B, 0x19
	.byte 0x00, 0x97, 0x4A, 0x46, 0x01, 0x92, 0x54, 0x46, 0x02, 0x94, 0x03, 0x90, 0x90, 0x20, 0x04, 0x90
	.byte 0x02, 0x20, 0x62, 0x46, 0xCC, 0xF7, 0x72, 0xFE, 0xA7, 0x20, 0x40, 0x00, 0x35, 0x18, 0x00, 0x21
	.byte 0x68, 0x5E, 0x2C, 0x28, 0x12, 0xDD, 0xCA, 0xF7, 0x23, 0xFC, 0x00, 0x06, 0x04, 0x0E, 0x00, 0x2C
	.byte 0x0C, 0xD1, 0x02, 0x20, 0x14, 0x21, 0xBE, 0xF7, 0x99, 0xF8, 0xA4, 0x22, 0x52, 0x00, 0xB1, 0x18
	.byte 0x02, 0x20, 0x08, 0x60, 0x2C, 0x80, 0x55, 0xE2, 0x00, 0xE8, 0xFF, 0xFF, 0xA7, 0x24, 0x64, 0x00
	.byte 0x31, 0x19, 0x4C, 0xE2, 0xA7, 0x21, 0x49, 0x00, 0x70, 0x18, 0x00, 0x22, 0x80, 0x5E, 0x00, 0x28
	.byte 0x23, 0xD1, 0x0D, 0x48, 0x1E, 0x39, 0x74, 0x18, 0xB1, 0x69, 0x00, 0x91, 0x21, 0x1C, 0x00, 0x22
	.byte 0x00, 0x23, 0xD0, 0xF7, 0xBB, 0xFF, 0x20, 0x1C, 0xBD, 0xF7, 0x36, 0xFD, 0x42, 0x46, 0x00, 0x2A
	.byte 0x13, 0xD0, 0x51, 0x68, 0x68, 0x68, 0x81, 0x42, 0x08, 0xDA, 0x68, 0x6B, 0xA9, 0x6B, 0x04, 0x22
	.byte 0x00, 0x23, 0x10, 0x43, 0x07, 0xE0, 0x00, 0x00, 0x9C, 0xEC, 0x13, 0x08, 0x68, 0x6B, 0xA9, 0x6B
	.byte 0x05, 0x22, 0x52, 0x42, 0x10, 0x40, 0x68, 0x63, 0xA9, 0x63, 0xA7, 0x24, 0x64, 0x00, 0x30, 0x19
	.byte 0x00, 0x21, 0x40, 0x5E, 0x2C, 0x28, 0x00, 0xD0, 0xDE, 0xE0, 0x42, 0x46, 0x00, 0x2A, 0x24, 0xD0
	.byte 0x54, 0x68, 0xA1, 0x46, 0x90, 0x68, 0x82, 0x46, 0x40, 0x46, 0xA2, 0x30, 0x00, 0x21, 0x40, 0x5E
	.byte 0x00, 0x02, 0xD1, 0x68, 0x09, 0x1A, 0x06, 0x91, 0x6C, 0x68, 0xA1, 0x45, 0x0A, 0xDA, 0x68, 0x6B
	.byte 0xA9, 0x6B, 0x04, 0x22, 0x00, 0x23, 0x10, 0x43, 0x68, 0x63, 0xA9, 0x63, 0xEB, 0x68, 0xAA, 0x68
	.byte 0x94, 0x46, 0x27, 0xE0, 0x68, 0x6B, 0xA9, 0x6B, 0x05, 0x22, 0x52, 0x42, 0x10, 0x40, 0x68, 0x63
	.byte 0xA9, 0x63, 0xEB, 0x68, 0xA8, 0x68, 0x84, 0x46, 0x1C, 0xE0, 0x68, 0x6B, 0xA9, 0x6B, 0x04, 0x22
	.byte 0x10, 0x40, 0x00, 0x21, 0x08, 0x43, 0x00, 0x28, 0x06, 0xD0, 0x68, 0x68, 0x01, 0x49, 0x09, 0x18
	.byte 0x89, 0x46, 0x06, 0xE0, 0x00, 0x9C, 0xFF, 0xFF, 0x68, 0x68, 0xC8, 0x22, 0xD2, 0x01, 0x12, 0x18
	.byte 0x91, 0x46, 0x04, 0x1C, 0xA8, 0x68, 0x82, 0x46, 0xE8, 0x68, 0x13, 0x49, 0x41, 0x18, 0x06, 0x91
	.byte 0x03, 0x1C, 0xD4, 0x46, 0x11, 0x4A, 0xB0, 0x18, 0x07, 0x78, 0x01, 0x2F, 0x34, 0xD0, 0x01, 0x2F
	.byte 0x60, 0xDC, 0x00, 0x2F, 0x5E, 0xD1, 0x68, 0x6B, 0xA9, 0x6B, 0x04, 0x22, 0x10, 0x40, 0x00, 0x21
	.byte 0x08, 0x43, 0x00, 0x28, 0x16, 0xD0, 0x0A, 0x48, 0x21, 0x18, 0x07, 0x4A, 0x9B, 0x18, 0x4C, 0x46
	.byte 0x00, 0x94, 0x50, 0x46, 0x01, 0x90, 0x06, 0x9A, 0x02, 0x92, 0x01, 0x20, 0x03, 0x90, 0x88, 0x20
	.byte 0x04, 0x90, 0x00, 0x20, 0x5D, 0xE0, 0x00, 0x00, 0x00, 0xE8, 0xFF, 0xFF, 0x4D, 0x01, 0x00, 0x00
	.byte 0x00, 0xB6, 0xFF, 0xFF, 0x94, 0x20, 0xC0, 0x01, 0x21, 0x18, 0x06, 0x4A, 0x9B, 0x18, 0x4C, 0x46
	.byte 0x00, 0x94, 0x50, 0x46, 0x01, 0x90, 0x06, 0x9A, 0x02, 0x92, 0x03, 0x97, 0x88, 0x20, 0x04, 0x90
	.byte 0x00, 0x20, 0x46, 0xE0, 0x00, 0xE8, 0xFF, 0xFF, 0x68, 0x6B, 0xA9, 0x6B, 0x04, 0x22, 0x10, 0x40
	.byte 0x00, 0x21, 0x08, 0x43, 0x00, 0x28, 0x13, 0xD0, 0x07, 0x48, 0x21, 0x18, 0x07, 0x4A, 0x9B, 0x18
	.byte 0x4C, 0x46, 0x00, 0x94, 0x50, 0x46, 0x01, 0x90, 0x06, 0x9A, 0x02, 0x92, 0x03, 0x97, 0x89, 0x20
	.byte 0x04, 0x90, 0x01, 0x20, 0x2D, 0xE0, 0x00, 0x00, 0x00, 0xB6, 0xFF, 0xFF, 0x00, 0xE8, 0xFF, 0xFF
	.byte 0x94, 0x22, 0xD2, 0x01, 0xA1, 0x18, 0x06, 0x4C, 0x1B, 0x19, 0x4A, 0x46, 0x00, 0x92, 0x54, 0x46
	.byte 0x01, 0x94, 0x06, 0x9A, 0x02, 0x92, 0x03, 0x90, 0x89, 0x20, 0x04, 0x90, 0x01, 0x20, 0x18, 0xE0
	.byte 0x00, 0xE8, 0xFF, 0xFF, 0x68, 0x6B, 0xA9, 0x6B, 0x04, 0x22, 0x10, 0x40, 0x00, 0x21, 0x08, 0x43
	.byte 0x00, 0x28, 0x17, 0xD0, 0x09, 0x48, 0x21, 0x18, 0x09, 0x4A, 0x9B, 0x18, 0x4C, 0x46, 0x00, 0x94
	.byte 0x50, 0x46, 0x01, 0x90, 0x06, 0x9A, 0x02, 0x92, 0x01, 0x20, 0x03, 0x90, 0x8A, 0x20, 0x04, 0x90
	.byte 0x02, 0x20, 0x62, 0x46, 0xCB, 0xF7, 0x22, 0xF8, 0x16, 0xE0, 0x00, 0x00, 0x00, 0xB6, 0xFF, 0xFF
	.byte 0x00, 0xE8, 0xFF, 0xFF, 0x94, 0x22, 0xD2, 0x01, 0xA1, 0x18, 0x11, 0x4C, 0x1B, 0x19, 0x4A, 0x46
	.byte 0x00, 0x92, 0x54, 0x46, 0x01, 0x94, 0x06, 0x9A, 0x02, 0x92, 0x03, 0x90, 0x8A, 0x20, 0x04, 0x90
	.byte 0x02, 0x20, 0x62, 0x46, 0xCB, 0xF7, 0x0A, 0xF8, 0xA7, 0x20, 0x40, 0x00, 0x34, 0x18, 0x00, 0x21
	.byte 0x60, 0x5E, 0x2C, 0x28, 0x1D, 0xDD, 0xCA, 0xF7, 0xF3, 0xFA, 0x00, 0x06, 0x02, 0x0E, 0x00, 0x2A
	.byte 0x08, 0xD1
_0804830E:
	movs r0, #0xA4
	lsls r0, r0, #0x01
	adds r1, r6, r0
	movs r0, #0x02
	str r0, [r1, #0x00]
	strh r2, [r4, #0x00]
	b _08048570
	.byte 0x00, 0xE8, 0xFF, 0xFF, 0x41, 0x46, 0x00, 0x29, 0x0B, 0xD0, 0x48, 0x68, 0x89, 0x68, 0x42, 0x46
	.byte 0xA2, 0x32, 0x00, 0x24, 0x13, 0x5F, 0x1B, 0x02, 0x44, 0x46, 0xE2, 0x68, 0xD2, 0x1A, 0xCC, 0xF7
	.byte 0x35, 0xFA, 0xA7, 0x20, 0x40, 0x00, 0x31, 0x18, 0x11, 0xE1, 0xA7, 0x21, 0x49, 0x00, 0x70, 0x18
	.byte 0x00, 0x22, 0x80, 0x5E, 0x00, 0x28, 0x22, 0xD1, 0x0C, 0x48, 0x1E, 0x39, 0x74, 0x18, 0xB1, 0x69
	.byte 0x00, 0x91, 0x21, 0x1C, 0x00, 0x22, 0x00, 0x23, 0xD0, 0xF7, 0x80, 0xFE, 0x20, 0x1C, 0xBD, 0xF7
	.byte 0xFB, 0xFB, 0x42, 0x46, 0x00, 0x2A, 0x12, 0xD0, 0x50, 0x68, 0x6C, 0x68, 0xA0, 0x42, 0x07, 0xDA
	.byte 0x68, 0x6B, 0xA9, 0x6B, 0x04, 0x22, 0x00, 0x23, 0x10, 0x43, 0x06, 0xE0, 0x9C, 0xEC, 0x13, 0x08
	.byte 0x68, 0x6B, 0xA9, 0x6B, 0x05, 0x22, 0x52, 0x42, 0x10, 0x40, 0x68, 0x63, 0xA9, 0x63, 0xA7, 0x24
	.byte 0x64, 0x00, 0x30, 0x19, 0x00, 0x21, 0x40, 0x5E, 0x2C, 0x28, 0x00, 0xD0, 0xAF, 0xE0, 0x0D, 0x4A
	.byte 0xB0, 0x18, 0x00, 0x78, 0x01, 0x28, 0x5F, 0xD0, 0x01, 0x28, 0x00, 0xDD, 0x7C, 0xE0, 0x00, 0x28
	.byte 0x00, 0xD0, 0x79, 0xE0, 0x44, 0x46, 0x00, 0x2C, 0x0E, 0xD0, 0x60, 0x68, 0x81, 0x46, 0xA7, 0x68
	.byte 0x21, 0x69, 0x88, 0x46, 0x6C, 0x68, 0x68, 0x6B, 0xA9, 0x6B, 0x07, 0x90, 0x08, 0x91, 0xA9, 0x68
	.byte 0x8C, 0x46, 0x1D, 0xE0, 0x4D, 0x01, 0x00, 0x00, 0x6B, 0x6B, 0xAC, 0x6B, 0x04, 0x22, 0x18, 0x1C
	.byte 0x10, 0x40, 0x00, 0x21, 0x08, 0x43, 0x07, 0x93, 0x08, 0x94, 0x00, 0x28, 0x06, 0xD0, 0x68, 0x68
	.byte 0x01, 0x4A, 0x12, 0x18, 0x91, 0x46, 0x06, 0xE0, 0x00, 0xB0, 0xFF, 0xFF, 0x68, 0x68, 0xA0, 0x24
	.byte 0xE4, 0x01, 0x24, 0x18, 0xA1, 0x46, 0x04, 0x1C, 0xAF, 0x68, 0x00, 0x20, 0x80, 0x46, 0xBC, 0x46
	.byte 0x04, 0x20, 0x07, 0x99, 0x01, 0x40, 0x00, 0x22, 0x10, 0x1C, 0x08, 0x43, 0x00, 0x28, 0x0F, 0xD0
	.byte 0x05, 0x4A, 0xA1, 0x18, 0xEB, 0x68, 0x05, 0x4C, 0x1B, 0x19, 0x48, 0x46, 0x00, 0x90, 0x01, 0x97
	.byte 0x42, 0x46, 0x02, 0x92, 0x0F, 0xE0, 0x00, 0x00, 0x00, 0xD8, 0xFF, 0xFF, 0x00, 0xE8, 0xFF, 0xFF
	.byte 0xA0, 0x20, 0x80, 0x01, 0x21, 0x18, 0xEB, 0x68, 0x06, 0x4A, 0x9B, 0x18, 0x4C, 0x46, 0x00, 0x94
	.byte 0x01, 0x97, 0x40, 0x46, 0x02, 0x90, 0x8B, 0x20, 0x03, 0x90, 0x00, 0x20, 0x62, 0x46, 0xCD, 0xF7
	.byte 0xE3, 0xF9, 0x4C, 0xE0, 0x00, 0xE8, 0xFF, 0xFF, 0x68, 0x6B, 0xA9, 0x6B, 0x04, 0x22, 0x10, 0x40
	.byte 0x00, 0x21, 0x08, 0x43, 0x00, 0x28, 0x05, 0xD0, 0x69, 0x68, 0x01, 0x4A, 0x89, 0x18, 0x05, 0xE0
	.byte 0x00, 0xD8, 0xFF, 0xFF, 0x69, 0x68, 0xA0, 0x20, 0x80, 0x01, 0x09, 0x18, 0xAA, 0x68, 0xEB, 0x68
	.byte 0x04, 0x4C, 0x1B, 0x19, 0x28, 0x69, 0x00, 0x90, 0x8C, 0x20, 0x01, 0x90, 0x01, 0x20, 0xCB, 0xF7
	.byte 0x03, 0xFC, 0x2C, 0xE0, 0x00, 0xE8, 0xFF, 0xFF, 0x68, 0x6B, 0xA9, 0x6B, 0x04, 0x22, 0x10, 0x40
	.byte 0x00, 0x21, 0x08, 0x43, 0x00, 0x28, 0x13, 0xD0, 0x69, 0x68, 0x07, 0x48, 0x09, 0x18, 0xAA, 0x68
	.byte 0xEB, 0x68, 0x06, 0x4C, 0x1B, 0x19, 0x28, 0x69, 0x00, 0x90, 0x8D, 0x20, 0x01, 0x90, 0x02, 0x20
	.byte 0xCB, 0xF7, 0xEA, 0xFB, 0x13, 0xE0, 0x00, 0x00, 0x00, 0xD8, 0xFF, 0xFF, 0x00, 0xE8, 0xFF, 0xFF
	.byte 0x69, 0x68, 0xA0, 0x20, 0x80, 0x01, 0x09, 0x18, 0xAA, 0x68, 0xEB, 0x68, 0x18, 0x4C, 0x1B, 0x19
	.byte 0x28, 0x69, 0x00, 0x90, 0x8D, 0x20, 0x01, 0x90, 0x02, 0x20, 0xCB, 0xF7, 0xD5, 0xFB, 0xA7, 0x20
	.byte 0x40, 0x00, 0x34, 0x18, 0x00, 0x21, 0x60, 0x5E, 0x40, 0x28, 0x07, 0xD1, 0x80, 0x22, 0x52, 0x02
	.byte 0x96, 0x23, 0x5B, 0x02, 0x0F, 0x20, 0x94, 0x21, 0xD0, 0xF7, 0x94, 0xFD, 0x00, 0x22, 0xA0, 0x5E
	.byte 0x2C, 0x28, 0x19, 0xDD, 0xCA, 0xF7, 0xDC, 0xF9, 0x00, 0x06, 0x05, 0x0E, 0x00, 0x2D, 0x13, 0xD1
	.byte 0xA4, 0x20, 0x40, 0x00, 0x31, 0x18, 0x02, 0x20, 0x08, 0x60, 0x80, 0x21, 0x49, 0x00, 0x05, 0x48
	.byte 0x00, 0x68, 0x02, 0x69, 0x43, 0x69, 0x0F, 0x20, 0xD0, 0xF7, 0x7C, 0xFD, 0x25, 0x80, 0x09, 0xE0
	.byte 0x00, 0xE8, 0xFF, 0xFF, 0x84, 0x9B, 0x03, 0x02, 0xA7, 0x22, 0x52, 0x00, 0xB1, 0x18
_0804856A:
	ldrh r0, [r1, #0x00]
	adds r0, #0x01
	strh r0, [r1, #0x00]
_08048570:
	movs r4, #0x98
	lsls r4, r4, #0x01
	adds r0, r6, r4
	bl func_08005A64
	adds r0, r6, #0x0
	bl func_08000EA4
	movs r0, #0x01
_08048582:
	add sp, #0x024
	pop {r3, r4, r5}
	mov r8, r3
	mov r9, r4
	mov r10, r5
	pop {r4, r5, r6, r7}
	pop {r1}
	bx r1
	.byte 0x00, 0x00
	thumb_func_start task_frd_jack_2
task_frd_jack_2: @ 08048594
	push {r4, r5, r6, r7, lr}
	mov r7, r10
	mov r6, r9
	mov r5, r8
	push {r5, r6, r7}
	add sp, #-0x018
	mov r9, r0
	mov r7, r9
	adds r7, #0x20
	movs r0, #0x98
	lsls r0, r0, #0x01
	add r0, r9
	bl func_08005AFC
	str r0, [sp, #0x014]
	ldr r0, [r7, #0x08]
	bl func_0801AF1C
	lsls r0, r0, #0x10
	lsrs r0, r0, #0x10
	mov r10, r0
	movs r0, #0xB0
	lsls r0, r0, #0x01
	add r0, r9
	ldrb r0, [r0, #0x00]
	mov r8, r0
	ldr r0, [r7, #0x34]
	ldr r1, [r7, #0x38]
	movs r2, #0x04
	ands r0, r2
	movs r1, #0x00
	orrs r0, r1
	cmp r0, #0x00
	beq _080485E8
	ldr r0, _080485E4 @ =0x02039B84
	ldr r0, [r0, #0x00]
	ldr r5, [r0, #0x24]
	adds r6, r5, #0x0
	b _08048618
	.byte 0x00, 0x00
_080485E4: .4byte 0x02039B84
_080485E8:
	ldr r1, _0804860C @ =0x02039B84
	mov r0, r8
	cmp r0, #0x00
	bne _08048610
	ldr r0, [r1, #0x00]
	ldr r2, [r0, #0x24]
	movs r0, #0x80
	lsls r0, r0, #0x01
	cmp r2, r0
	bne _08048610
	adds r5, r2, #0x0
	adds r6, r5, #0x0
	movs r0, #0x01
	mov r1, r10
	orrs r1, r0
	mov r10, r1
	b _08048618
	.byte 0x00, 0x00
_0804860C: .4byte 0x02039B84
_08048610:
	ldr r0, [r1, #0x00]
	ldr r0, [r0, #0x24]
	negs r6, r0
	adds r5, r0, #0x0
_08048618:
	mov r4, sp
	adds r4, #0x12
	ldr r2, [r7, #0x04]
	ldr r3, [r7, #0x08]
	ldr r0, [r7, #0x0C]
	str r0, [sp, #0x000]
	add r0, sp, #0x010
	adds r1, r4, #0x0
	bl func_0801909C
	mov r2, r8
	cmp r2, #0x00
	beq _08048636
	mov r0, r8
	b _0804865C
_08048636:
	ldr r0, _08048648 @ =0x02039B84
	ldr r0, [r0, #0x00]
	ldr r1, [r0, #0x24]
	movs r0, #0x80
	lsls r0, r0, #0x01
	cmp r1, r0
	bne _0804864C
	movs r6, #0x00
	b _08048668
_08048648: .4byte 0x02039B84
_0804864C:
	cmp r1, #0xFF
	bgt _0804865A
	movs r0, #0x00
	adds r1, r6, #0x0
	adds r2, r5, #0x0
	movs r3, #0x00
	b _08048662
_0804865A:
	movs r0, #0x00
_0804865C:
	adds r1, r6, #0x0
	adds r2, r5, #0x0
	movs r3, #0x01
_08048662:
	bl func_08002CB4
	adds r6, r0, #0x0
_08048668:
	ldr r0, [r7, #0x34]
	ldr r1, [r7, #0x38]
	movs r2, #0x04
	ands r0, r2
	movs r1, #0x00
	orrs r0, r1
	cmp r0, #0x00
	beq _080486A8
	add r3, sp, #0x010
	mov r12, r3
	add r4, sp, #0x010
	ldr r2, _080486A4 @ =0x08121400
	mov r3, r8
	adds r3, #0x80
	movs r1, #0xFF
	adds r0, r3, #0x0
	ands r0, r1
	lsls r0, r0, #0x01
	adds r0, r0, r2
	movs r5, #0x00
	ldsh r1, [r0, r5]
	lsls r0, r1, #0x02
	adds r0, r0, r1
	asrs r0, r0, #0x05
	ldrh r4, [r4, #0x00]
	adds r0, r0, r4
	mov r1, r12
	strh r0, [r1, #0x00]
	b _080486CC
	.byte 0x00, 0x00
_080486A4: .4byte 0x08121400
_080486A8:
	add r5, sp, #0x010
	adds r4, r5, #0x0
	ldr r2, _08048748 @ =0x08121400
	mov r3, r8
	adds r3, #0x80
	movs r1, #0xFF
	adds r0, r3, #0x0
	ands r0, r1
	lsls r0, r0, #0x01
	adds r0, r0, r2
	movs r1, #0x00
	ldsh r0, [r0, r1]
	lsls r1, r0, #0x02
	adds r1, r1, r0
	asrs r1, r1, #0x05
	ldrh r0, [r4, #0x00]
	subs r0, r0, r1
	strh r0, [r5, #0x00]
_080486CC:
	movs r0, #0xFF
	ands r3, r0
	adds r0, r3, #0x0
	adds r0, #0x40
	lsls r0, r0, #0x01
	adds r0, r0, r2
	movs r2, #0x00
	ldsh r1, [r0, r2]
	negs r1, r1
	lsls r0, r1, #0x02
	adds r0, r0, r1
	asrs r0, r0, #0x05
	mov r3, sp
	ldrh r3, [r3, #0x12]
	adds r0, r0, r3
	subs r0, #0x28
	mov r4, sp
	strh r0, [r4, #0x12]
	add r0, sp, #0x010
	movs r5, #0x00
	ldsh r0, [r0, r5]
	movs r2, #0x12
	ldsh r1, [r4, r2]
	mov r4, r9
	ldr r3, [r4, #0x18]
	ldr r2, [r4, #0x1C]
	str r2, [sp, #0x000]
	str r6, [sp, #0x004]
	mov r5, r10
	str r5, [sp, #0x008]
	ldr r2, [r7, #0x08]
	asrs r2, r2, #0x08
	lsls r2, r2, #0x02
	ldr r5, _0804874C @ =0xFFFFEFFC
	adds r4, r5, #0x0
	subs r2, r4, r2
	lsls r2, r2, #0x10
	lsrs r2, r2, #0x10
	str r2, [sp, #0x00C]
	ldr r2, [sp, #0x014]
	bl func_080023E0
	ldr r0, [r7, #0x08]
	asrs r0, r0, #0x08
	lsls r0, r0, #0x02
	subs r4, r4, r0
	movs r0, #0x02
	adds r1, r7, #0x0
	adds r1, #0xCC
	orrs r4, r0
	strh r4, [r1, #0x00]
	mov r0, r9
	bl func_08000EE0
	add sp, #0x018
	pop {r3, r4, r5}
	mov r8, r3
	mov r9, r4
	mov r10, r5
	pop {r4, r5, r6, r7}
	pop {r0}
	bx r0
_08048748: .4byte 0x08121400
_0804874C: .4byte 0xFFFFEFFC
	thumb_func_start task_frd_jack_3
task_frd_jack_3: @ 08048750
	push {r4, lr}
	adds r4, r0, #0x0
	movs r1, #0xA6
	lsls r1, r1, #0x01
	adds r0, r4, r1
	ldrb r0, [r0, #0x00]
	cmp r0, #0x00
	beq _08048768
	ldr r0, _08048764 @ =0x02039B84
	b _0804876A
_08048764: .4byte 0x02039B84
_08048768:
	ldr r0, _0804878C @ =0x02039B9C
_0804876A:
	ldr r3, [r0, #0x00]
	ldr r0, [r3, #0x68]
	ldr r1, [r3, #0x6C]
	ldr r2, _08048790 @ =0xFFDFFFFF
	ands r0, r2
	str r0, [r3, #0x68]
	str r1, [r3, #0x6C]
	ldr r0, [r4, #0x1C]
	bl func_08002C10
	adds r0, r4, #0x0
	bl func_08000F0C
	pop {r4}
	pop {r0}
	bx r0
	.byte 0x00, 0x00
_0804878C: .4byte 0x02039B9C
_08048790: .4byte 0xFFDFFFFF
	thumb_func_start task_frd_pan_0
task_frd_pan_0: @ 08048794
	push {r4, r5, r6, r7, lr}
	mov r7, r8
	push {r7}
	add sp, #-0x004
	adds r6, r0, #0x0
	mov r8, r1
	adds r7, r6, #0x0
	adds r7, #0x20
	movs r0, #0xB9
	bl func_0811FE70
	mov r0, r8
	ldrb r1, [r0, #0x02]
	cmp r1, #0x00
	beq _080487EC
	movs r2, #0xA6
	lsls r2, r2, #0x01
	adds r1, r6, r2
	movs r0, #0x01
	strb r0, [r1, #0x00]
	ldr r5, _080487E0 @ =0x02039B84
	ldr r4, [r5, #0x00]
	ldr r0, [r4, #0x68]
	ldr r1, [r4, #0x6C]
	ldr r2, _080487E4 @ =0x00200000
	ldr r3, _080487E8 @ =0x00000000
	orrs r0, r2
	str r0, [r4, #0x68]
	str r1, [r4, #0x6C]
	ldr r0, [r4, #0x7C]
	str r0, [r6, #0x14]
	movs r0, #0x8A
	lsls r0, r0, #0x01
	adds r4, r4, r0
	ldr r0, [r4, #0x00]
	str r0, [r6, #0x18]
	b _0804881A
	.byte 0x00, 0x00
_080487E0: .4byte 0x02039B84
_080487E4: .4byte 0x00200000
_080487E8: .4byte 0x00000000
_080487EC:
	movs r2, #0xA6
	lsls r2, r2, #0x01
	adds r0, r6, r2
	strb r1, [r0, #0x00]
	ldr r0, _0804887C @ =0x02039B9C
	ldr r4, [r0, #0x00]
	ldr r0, [r4, #0x68]
	ldr r1, [r4, #0x6C]
	ldr r2, _08048880 @ =0x00200000
	ldr r3, _08048884 @ =0x00000000
	orrs r0, r2
	str r0, [r4, #0x68]
	str r1, [r4, #0x6C]
	ldr r0, [r4, #0x7C]
	str r0, [r6, #0x14]
	ldr r1, _08048888 @ =0x02039B84
	ldr r0, [r1, #0x00]
	movs r2, #0x8A
	lsls r2, r2, #0x01
	adds r0, r0, r2
	ldr r0, [r0, #0x00]
	str r0, [r6, #0x18]
	adds r5, r1, #0x0
_0804881A:
	mov r1, r8
	ldrh r0, [r1, #0x00]
	ldr r1, _0804888C @ =0x0000014D
	adds r2, r6, r1
	movs r1, #0x00
	strb r0, [r2, #0x00]
	movs r2, #0xA4
	lsls r2, r2, #0x01
	adds r0, r6, r2
	str r1, [r0, #0x00]
	adds r2, #0x06
	adds r0, r6, r2
	strh r1, [r0, #0x00]
	adds r2, #0x02
	adds r0, r6, r2
	strh r1, [r0, #0x00]
	adds r2, #0x08
	adds r0, r6, r2
	str r1, [r0, #0x00]
	ldr r0, [r6, #0x14]
	ldr r1, [r0, #0x38]
	ldr r0, [r0, #0x34]
	movs r2, #0x04
	ands r0, r2
	movs r1, #0x00
	orrs r0, r1
	cmp r0, #0x00
	beq _0804889C
	ldr r0, [r5, #0x00]
	adds r0, #0xDC
	movs r1, #0x00
	ldsh r0, [r0, r1]
	adds r0, #0x30
	lsls r0, r0, #0x08
	str r0, [r7, #0x04]
	ldr r0, _08048890 @ =0x00020004
	ldr r1, _08048894 @ =0x00000000
	str r0, [r7, #0x34]
	str r1, [r7, #0x38]
	movs r2, #0xB4
	lsls r2, r2, #0x01
	adds r1, r6, r2
	ldr r0, _08048898 @ =0xFFFFF800
	str r0, [r1, #0x00]
	movs r0, #0xB6
	lsls r0, r0, #0x01
	adds r1, r6, r0
	movs r0, #0x00
	b _080488C6
_0804887C: .4byte 0x02039B9C
_08048880: .4byte 0x00200000
_08048884: .4byte 0x00000000
_08048888: .4byte 0x02039B84
_0804888C: .4byte 0x0000014D
_08048890: .4byte 0x00020004
_08048894: .4byte 0x00000000
_08048898: .4byte 0xFFFFF800
_0804889C:
	ldr r0, [r5, #0x00]
	adds r0, #0xDA
	movs r1, #0x00
	ldsh r0, [r0, r1]
	subs r0, #0x30
	lsls r0, r0, #0x08
	str r0, [r7, #0x04]
	ldr r1, _08048948 @ =0x00000000
	ldr r0, _08048944 @ =0x00020000
	str r0, [r7, #0x34]
	str r1, [r7, #0x38]
	movs r2, #0xB4
	lsls r2, r2, #0x01
	adds r1, r6, r2
	movs r0, #0x80
	lsls r0, r0, #0x04
	str r0, [r1, #0x00]
	movs r0, #0xB6
	lsls r0, r0, #0x01
	adds r1, r6, r0
	movs r0, #0x01
_080488C6:
	strb r0, [r1, #0x00]
	movs r2, #0xAE
	lsls r2, r2, #0x01
	adds r1, r6, r2
	movs r0, #0x80
	lsls r0, r0, #0x09
	str r0, [r1, #0x00]
	ldr r0, [r6, #0x14]
	ldr r0, [r0, #0x08]
	str r0, [r7, #0x08]
	movs r0, #0x00
	str r0, [r7, #0x10]
	movs r0, #0xB2
	lsls r0, r0, #0x01
	adds r1, r6, r0
	ldr r0, _0804894C @ =0xFFFFE000
	str r0, [r1, #0x00]
	str r0, [r7, #0x0C]
	ldr r0, _08048950 @ =0x09617DD8
	movs r1, #0x20
	bl func_08002A14
	str r0, [r6, #0x1C]
	movs r1, #0x98
	lsls r1, r1, #0x01
	adds r4, r6, r1
	adds r0, r4, #0x0
	movs r1, #0x00
	movs r2, #0x00
	bl func_08005968
	ldr r0, _08048954 @ =0x0813ECFC
	ldr r1, [r6, #0x18]
	str r1, [sp, #0x000]
	adds r1, r4, #0x0
	movs r2, #0x00
	movs r3, #0x00
	bl func_08019068
	adds r0, r6, #0x0
	movs r1, #0x0F
	bl func_08000E64
	ldr r1, _08048958 @ =0x09EDAE88
	adds r0, r6, #0x0
	adds r2, r7, #0x0
	bl func_08000E14
	ldr r2, _0804895C @ =0x0000014D
	adds r0, r6, r2
	ldrb r0, [r0, #0x00]
	cmp r0, #0x01
	beq _08048960
	cmp r0, #0x01
	bgt _0804896A
	cmp r0, #0x00
	bne _0804896A
	movs r0, #0xA9
	lsls r0, r0, #0x01
	adds r1, r6, r0
	movs r0, #0x78
	b _08048972
	.byte 0x00, 0x00
_08048944: .4byte 0x00020000
_08048948: .4byte 0x00000000
_0804894C: .4byte 0xFFFFE000
_08048950: .4byte 0x09617DD8
_08048954: .4byte 0x0813ECFC
_08048958: .4byte 0x09EDAE88
_0804895C: .4byte 0x0000014D
_08048960:
	movs r2, #0xA9
	lsls r2, r2, #0x01
	adds r1, r6, r2
	movs r0, #0xF0
	b _08048972
_0804896A:
	movs r0, #0xA9
	lsls r0, r0, #0x01
	adds r1, r6, r0
	adds r0, #0x8E
_08048972:
	strh r0, [r1, #0x00]
	add sp, #0x004
	pop {r3}
	mov r8, r3
	pop {r4, r5, r6, r7}
	pop {r0}
	bx r0
	thumb_func_start func_08048980
func_08048980: @ 08048980
	push {r4, lr}
	add sp, #-0x110
	adds r4, r0, #0x0
	movs r1, #0xA7
	lsls r1, r1, #0x01
	adds r0, r4, r1
	movs r1, #0x00
	ldsh r0, [r0, r1]
	movs r1, #0x03
	bl func_0811D684
	lsls r0, r0, #0x10
	cmp r0, #0x00
	bne _08048A56
	ldr r0, [r4, #0x24]
	str r0, [sp, #0x004]
	ldr r0, [r4, #0x28]
	str r0, [sp, #0x008]
	ldr r0, [r4, #0x2C]
	str r0, [sp, #0x00C]
	movs r1, #0x98
	lsls r1, r1, #0x01
	adds r0, r4, r1
	bl func_08005B38
	lsls r0, r0, #0x10
	lsrs r0, r0, #0x10
	subs r0, #0x01
	cmp r0, #0x04
	bhi _08048A20
	lsls r0, r0, #0x02
	ldr r1, _080489C8 @ =0x080489CC
	adds r0, r0, r1
	ldr r0, [r0, #0x00]
	mov pc, r0
	.byte 0x00, 0x00
_080489C8: .4byte 0x080489CC
	.byte 0xE0, 0x89, 0x04, 0x08, 0xE0, 0x89, 0x04, 0x08, 0xF0, 0x89, 0x04, 0x08, 0xF0, 0x89, 0x04, 0x08
	.byte 0x20, 0x8A, 0x04, 0x08, 0x03, 0x98, 0x02, 0x49, 0x40, 0x18, 0x03, 0x90, 0x30, 0xE0, 0x00, 0x00
	.byte 0x00, 0xF8, 0xFF, 0xFF, 0x03, 0x98, 0x07, 0x49, 0x40, 0x18, 0x03, 0x90, 0x60, 0x6D, 0xA1, 0x6D
	.byte 0x04, 0x22, 0x10, 0x40, 0x00, 0x21, 0x08, 0x43, 0x00, 0x28, 0x05, 0xD0, 0x01, 0x98, 0x80, 0x21
	.byte 0x89, 0x01, 0x1B, 0xE0, 0x00, 0xE8, 0xFF, 0xFF, 0x01, 0x98, 0x01, 0x49, 0x16, 0xE0, 0x00, 0x00
	.byte 0x00, 0xE0, 0xFF, 0xFF
_08048A20:
	ldr r0, [sp, #0x00C]
	ldr r1, _08048A40 @ =0xFFFFF000
	adds r0, r0, r1
	str r0, [sp, #0x00C]
	ldr r0, [r4, #0x54]
	ldr r1, [r4, #0x58]
	movs r2, #0x04
	ands r0, r2
	movs r1, #0x00
	orrs r0, r1
	cmp r0, #0x00
	beq _08048A44
	ldr r0, [sp, #0x004]
	movs r1, #0x80
	lsls r1, r1, #0x05
	b _08048A48
_08048A40: .4byte 0xFFFFF000
_08048A44:
	ldr r0, [sp, #0x004]
	ldr r1, _08048A60 @ =0xFFFFF000
_08048A48:
	adds r0, r0, r1
	str r0, [sp, #0x004]
	ldr r1, _08048A64 @ =0x09EDB458
	adds r0, r4, #0x0
	mov r2, sp
	bl func_08000E14
_08048A56:
	add sp, #0x110
	pop {r4}
	pop {r0}
	bx r0
	.byte 0x00, 0x00
_08048A60: .4byte 0xFFFFF000
_08048A64: .4byte 0x09EDB458
	thumb_func_start func_08048A68
func_08048A68: @ 08048A68
	push {r4, lr}
	adds r4, r0, #0x0
	adds r4, #0x20
	movs r1, #0xB2
	lsls r1, r1, #0x01
	adds r3, r0, r1
	ldr r2, _08048AA0 @ =0x08121400
	subs r1, #0x16
	adds r0, r0, r1
	ldrh r0, [r0, #0x00]
	lsls r0, r0, #0x01
	movs r1, #0xFF
	ands r0, r1
	lsls r0, r0, #0x01
	adds r0, r0, r2
	movs r2, #0x00
	ldsh r1, [r0, r2]
	lsls r1, r1, #0x04
	ldr r0, [r3, #0x00]
	adds r0, r0, r1
	ldr r1, [r4, #0x0C]
	subs r0, r0, r1
	asrs r0, r0, #0x02
	adds r1, r1, r0
	str r1, [r4, #0x0C]
	pop {r4}
	pop {r0}
	bx r0
_08048AA0: .4byte 0x08121400
	thumb_func_start task_frd_pan_1
task_frd_pan_1: @ 08048AA4
	push {r4, r5, r6, r7, lr}
	add sp, #-0x010
	adds r5, r0, #0x0
	adds r6, r5, #0x0
	adds r6, #0x20
	ldr r0, _08048AC8 @ =0x02039BB0
	ldrb r0, [r0, #0x0C]
	cmp r0, #0x07
	beq _08048AB8
	b _08048CC8
_08048AB8:
	movs r1, #0xA6
	lsls r1, r1, #0x01
	adds r0, r5, r1
	ldrb r0, [r0, #0x00]
	cmp r0, #0x00
	beq _08048AD0
	ldr r0, _08048ACC @ =0x02039B84
	b _08048AD2
_08048AC8: .4byte 0x02039BB0
_08048ACC: .4byte 0x02039B84
_08048AD0:
	ldr r0, _08048B40 @ =0x02039B9C
_08048AD2:
	ldr r0, [r0, #0x00]
	ldr r7, [r0, #0x78]
	ldr r1, [r0, #0x6C]
	ldr r0, [r0, #0x68]
	movs r2, #0x80
	lsls r2, r2, #0x17
	ands r0, r2
	movs r1, #0x00
	orrs r0, r1
	cmp r0, #0x00
	beq _08048AEA
	b _08048CC8
_08048AEA:
	ldr r0, _08048B44 @ =0x02039B84
	ldr r1, [r0, #0x00]
	movs r2, #0x94
	lsls r2, r2, #0x01
	adds r0, r1, r2
	ldr r0, [r0, #0x00]
	cmp r0, #0x00
	beq _08048B28
	ldr r0, [r6, #0x10]
	str r0, [sp, #0x00C]
	adds r3, r1, r2
	adds r0, r6, #0x4
	adds r1, r6, #0x0
	adds r1, #0x08
	adds r2, r6, #0x0
	adds r2, #0x0C
	ldr r4, [r3, #0x00]
	add r3, sp, #0x00C
	bl _0811D5C0
	ldr r2, [sp, #0x00C]
	ldr r0, [r6, #0x10]
	cmp r2, r0
	beq _08048B28
	movs r3, #0xB2
	lsls r3, r3, #0x01
	adds r1, r5, r3
	ldr r4, _08048B48 @ =0xFFFFF000
	adds r0, r0, r4
	str r0, [r1, #0x00]
	str r2, [r6, #0x10]
_08048B28:
	movs r1, #0xA4
	lsls r1, r1, #0x01
	adds r0, r5, r1
	ldr r0, [r0, #0x00]
	cmp r0, #0x05
	bls _08048B36
	b _08048F86
_08048B36:
	lsls r0, r0, #0x02
	ldr r1, _08048B4C @ =0x08048B50
	adds r0, r0, r1
	ldr r0, [r0, #0x00]
	mov pc, r0
_08048B40: .4byte 0x02039B9C
_08048B44: .4byte 0x02039B84
_08048B48: .4byte 0xFFFFF000
_08048B4C: .4byte 0x08048B50
	.byte 0x68, 0x8B, 0x04, 0x08, 0xD8, 0x8B, 0x04, 0x08, 0x28, 0x8C, 0x04, 0x08, 0xE6, 0x8C, 0x04, 0x08
	.byte 0x3C, 0x8D, 0x04, 0x08, 0x2A, 0x8F, 0x04, 0x08, 0xA7, 0x22, 0x52, 0x00, 0xAF, 0x18, 0x00, 0x23
	.byte 0xF8, 0x5E, 0x00, 0x28, 0x0E, 0xD1, 0x14, 0x48, 0x98, 0x24, 0x64, 0x00, 0x29, 0x19, 0xAA, 0x69
	.byte 0x00, 0x92, 0x00, 0x22, 0x00, 0x23, 0xD0, 0xF7, 0x6F, 0xFA, 0xA8, 0x20, 0x40, 0x00, 0x29, 0x18
	.byte 0x1E, 0x20, 0x08, 0x80, 0x30, 0x1D, 0xAE, 0x22, 0x52, 0x00, 0xA9, 0x18, 0x09, 0x68, 0xA8, 0x23
	.byte 0x5B, 0x00, 0xEC, 0x18, 0x22, 0x88, 0xBC, 0xF7, 0xC1, 0xFE, 0x28, 0x1C, 0xFF, 0xF7, 0x5C, 0xFF
	.byte 0x00, 0x21, 0x60, 0x5E, 0x00, 0x28, 0x09, 0xDC, 0xA4, 0x22, 0x52, 0x00, 0xA8, 0x18, 0x03, 0x21
	.byte 0x01, 0x60, 0x00, 0x20, 0x38, 0x80, 0xDE, 0xE1, 0xFC, 0xEC, 0x13, 0x08, 0x38, 0x88, 0x01, 0x30
	.byte 0x38, 0x80, 0x20, 0x88, 0x01, 0x38, 0xD5, 0xE1, 0xA7, 0x23, 0x5B, 0x00, 0xEC, 0x18, 0x00, 0x21
	.byte 0x60, 0x5E, 0x00, 0x28, 0x09, 0xD1, 0x0F, 0x48, 0x98, 0x22, 0x52, 0x00, 0xA9, 0x18, 0xAA, 0x69
	.byte 0x00, 0x92, 0x00, 0x22, 0x00, 0x23, 0xD0, 0xF7, 0x37, 0xFA, 0x28, 0x1C, 0xFF, 0xF7, 0x34, 0xFF
	.byte 0x98, 0x23, 0x5B, 0x00, 0xE8, 0x18, 0xBC, 0xF7, 0x89, 0xFF, 0x00, 0x06, 0x00, 0x28, 0x00, 0xD1
	.byte 0xB6, 0xE1, 0x00, 0x20, 0x20, 0x80, 0xA4, 0x24, 0x64, 0x00, 0x29, 0x19, 0x02, 0x20, 0x08, 0x60
	.byte 0xB1, 0xE1, 0x00, 0x00, 0xFC, 0xEC, 0x13, 0x08, 0xA7, 0x21, 0x49, 0x00, 0x68, 0x18, 0x00, 0x22
	.byte 0x80, 0x5E, 0x00, 0x28, 0x30, 0xD1, 0x0E, 0x48, 0x98, 0x23, 0x5B, 0x00, 0xE9, 0x18, 0xAA, 0x69
	.byte 0x00, 0x92, 0x00, 0x22, 0x00, 0x23, 0xD0, 0xF7, 0x0F, 0xFA, 0x70, 0x6B, 0xB1, 0x6B, 0x04, 0x22
	.byte 0x10, 0x40, 0x00, 0x21, 0x08, 0x43, 0x00, 0x28, 0x0E, 0xD1, 0xAE, 0x24, 0x64, 0x00, 0x29, 0x19
	.byte 0x04, 0x48, 0x00, 0x68, 0xDA, 0x30, 0x00, 0x22, 0x80, 0x5E, 0x40, 0x38, 0x0D, 0xE0, 0x00, 0x00
	.byte 0xFC, 0xEC, 0x13, 0x08, 0x84, 0x9B, 0x03, 0x02, 0xAE, 0x23, 0x5B, 0x00, 0xE9, 0x18, 0x13, 0x48
	.byte 0x00, 0x68, 0xDC, 0x30, 0x00, 0x24, 0x00, 0x5F, 0x40, 0x30, 0x00, 0x02, 0x08, 0x60, 0xA8, 0x20
	.byte 0x40, 0x00, 0x29, 0x18, 0x1E, 0x20, 0x08, 0x80, 0xB2, 0x22, 0x52, 0x00, 0xA9, 0x18, 0x08, 0x68
	.byte 0x0B, 0x4B, 0xC0, 0x18, 0x08, 0x60, 0x30, 0x1D, 0xAE, 0x24, 0x64, 0x00, 0x29, 0x19, 0x09, 0x68
	.byte 0x14, 0x3A, 0xAC, 0x18, 0x22, 0x88, 0xBC, 0xF7, 0x21, 0xFE, 0x28, 0x1C, 0xFF, 0xF7, 0xD4, 0xFE
	.byte 0x00, 0x23, 0xE0, 0x5E, 0x00, 0x28, 0x05, 0xDC
_08048CC8:
	movs r0, #0x00
	b _08048F9E
	.byte 0x84, 0x9B, 0x03, 0x02, 0x00, 0xFC, 0xFF, 0xFF, 0xA7, 0x20, 0x40, 0x00, 0x29, 0x18, 0x08, 0x88
	.byte 0x01, 0x30, 0x08, 0x80, 0x20, 0x88, 0x01, 0x38, 0x4E, 0xE1, 0xA7, 0x21, 0x49, 0x00, 0x6C, 0x18
	.byte 0x00, 0x22, 0xA0, 0x5E, 0x00, 0x28, 0x09, 0xD1, 0x10, 0x48, 0x98, 0x23, 0x5B, 0x00, 0xE9, 0x18
	.byte 0xAA, 0x69, 0x00, 0x92, 0x01, 0x22, 0x00, 0x23, 0xD0, 0xF7, 0xB0, 0xF9, 0x28, 0x1C, 0xFF, 0xF7
	.byte 0xAD, 0xFE, 0x98, 0x21, 0x49, 0x00, 0x68, 0x18, 0xBC, 0xF7, 0x02, 0xFF, 0x00, 0x06, 0x00, 0x28
	.byte 0x00, 0xD1, 0x2F, 0xE1, 0x00, 0x20, 0x20, 0x80, 0xA4, 0x22, 0x52, 0x00, 0xA9, 0x18, 0x04, 0x20
	.byte 0x08, 0x60, 0xBF, 0x20, 0xD7, 0xF0, 0x9E, 0xF8, 0x27, 0xE1, 0x00, 0x00, 0xFC, 0xEC, 0x13, 0x08
	.byte 0xA7, 0x23, 0x5B, 0x00, 0xE8, 0x18, 0x00, 0x24, 0x00, 0x5F, 0x00, 0x28, 0x16, 0xD1, 0x17, 0x48
	.byte 0x98, 0x22, 0x52, 0x00, 0xA9, 0x18, 0xAA, 0x69, 0x00, 0x92, 0x02, 0x22, 0x01, 0x23, 0xD0, 0xF7
	.byte 0x85, 0xF9, 0xA8, 0x23, 0x5B, 0x00, 0xE9, 0x18, 0x46, 0x20, 0x08, 0x80, 0x10, 0x48, 0x00, 0x68
	.byte 0xB3, 0x30, 0x01, 0x78, 0x00, 0x20, 0x08, 0x22, 0xBD, 0xF7, 0x60, 0xFA, 0xD4, 0xF7, 0x86, 0xFA
	.byte 0x0B, 0x48, 0x03, 0x68, 0x98, 0x6E, 0xD9, 0x6E, 0x80, 0x22, 0xD2, 0x01, 0x10, 0x40, 0x00, 0x21
	.byte 0x08, 0x43, 0x00, 0x28, 0x12, 0xD0, 0xA6, 0x24, 0x64, 0x00, 0x28, 0x19, 0x00, 0x78, 0x00, 0x28
	.byte 0x0A, 0xD0, 0x04, 0x48, 0x00, 0x68, 0xC0, 0x6F, 0x0E, 0xE0, 0x00, 0x00, 0xFC, 0xEC, 0x13, 0x08
	.byte 0x84, 0x9B, 0x03, 0x02, 0x9C, 0x9B, 0x03, 0x02, 0xD8, 0x6F, 0x05, 0xE0, 0x00, 0x2F, 0x02, 0xD0
	.byte 0xBA, 0x68, 0xFB, 0x68, 0x02, 0xE0, 0x68, 0x69, 0x82, 0x68, 0xC3, 0x68, 0xB1, 0x68, 0x50, 0x1A
	.byte 0x40, 0x11, 0x09, 0x18, 0xB1, 0x60, 0xB2, 0x20, 0x40, 0x00, 0x2A, 0x18, 0x11, 0x68, 0x58, 0x1A
	.byte 0x40, 0x11, 0x09, 0x18, 0x11, 0x60, 0x28, 0x1C, 0xFF, 0xF7, 0x40, 0xFE, 0xB6, 0x21, 0x49, 0x00
	.byte 0x68, 0x18, 0x00, 0x78, 0x00, 0x28, 0x0D, 0xD0, 0xB4, 0x22, 0x52, 0x00, 0xA8, 0x18, 0x04, 0x49
	.byte 0xA8, 0x23, 0x5B, 0x00, 0xEA, 0x18, 0x12, 0x88, 0xBC, 0xF7, 0x7A, 0xFD, 0x0D, 0xE0, 0x00, 0x00
	.byte 0x00, 0xF8, 0xFF, 0xFF, 0xB4, 0x24, 0x64, 0x00, 0x28, 0x19, 0x80, 0x21, 0x09, 0x01, 0xA8, 0x23
	.byte 0x5B, 0x00, 0xEA, 0x18, 0x12, 0x88, 0xBC, 0xF7, 0x6B, 0xFD, 0xB4, 0x24, 0x64, 0x00, 0x29, 0x19
	.byte 0x70, 0x68, 0x09, 0x68, 0x40, 0x18, 0x70, 0x60, 0xA8, 0x20, 0x40, 0x00, 0x29, 0x18, 0x08, 0x88
	.byte 0x01, 0x38, 0x08, 0x80, 0x00, 0x04, 0x00, 0x28, 0x0A, 0xDC, 0x46, 0x20, 0x08, 0x80, 0x00, 0x22
	.byte 0xB6, 0x23, 0x5B, 0x00, 0xE9, 0x18, 0x08, 0x78, 0x00, 0x28, 0x00, 0xD1, 0x01, 0x22, 0x0A, 0x70
	.byte 0xB4, 0x24, 0x64, 0x00, 0x28, 0x19, 0x00, 0x68, 0x00, 0x28, 0x05, 0xDA, 0x70, 0x6B, 0xB1, 0x6B
	.byte 0x04, 0x22, 0x00, 0x23, 0x10, 0x43, 0x04, 0xE0, 0x70, 0x6B, 0xB1, 0x6B, 0x05, 0x22, 0x52, 0x42
	.byte 0x10, 0x40, 0x70, 0x63, 0xB1, 0x63, 0x70, 0x6B, 0xB1, 0x6B, 0x04, 0x22, 0x10, 0x40, 0x00, 0x21
	.byte 0x08, 0x43, 0x00, 0x28, 0x1A, 0xD0, 0x71, 0x68, 0x09, 0x48, 0x09, 0x18, 0xB2, 0x68, 0xF3, 0x68
	.byte 0x08, 0x4C, 0x1B, 0x19, 0x14, 0x20, 0x00, 0x90, 0x01, 0x90, 0x02, 0x90, 0x96, 0x20, 0xC9, 0xF7
	.byte 0x65, 0xF8, 0x00, 0x28, 0x1E, 0xD0, 0x04, 0x48, 0xD6, 0xF0, 0xDC, 0xFF, 0x1A, 0xE0, 0x00, 0x00
	.byte 0x00, 0xE4, 0xFF, 0xFF, 0x00, 0xEC, 0xFF, 0xFF, 0x52, 0x02, 0x00, 0x00, 0x71, 0x68, 0xE0, 0x20
	.byte 0x40, 0x01, 0x09, 0x18, 0xB2, 0x68, 0xF3, 0x68, 0x11, 0x4C, 0x1B, 0x19, 0x14, 0x20, 0x00, 0x90
	.byte 0x01, 0x90, 0x02, 0x90, 0x96, 0x20, 0xC9, 0xF7, 0x49, 0xF8, 0x00, 0x28, 0x02, 0xD0, 0x0D, 0x48
	.byte 0xD6, 0xF0, 0xC0, 0xFF, 0xA7, 0x20, 0x40, 0x00, 0x2A, 0x18, 0xA9, 0x21, 0x49, 0x00, 0x68, 0x18
	.byte 0x13, 0x88, 0x00, 0x24, 0x11, 0x5F, 0x00, 0x24, 0x00, 0x5F, 0x81, 0x42, 0x0C, 0xDD, 0x00, 0x20
	.byte 0x10, 0x80, 0xA4, 0x20, 0x40, 0x00, 0x29, 0x18, 0x05, 0x20, 0x08, 0x60, 0x35, 0xE0, 0x00, 0x00
	.byte 0x00, 0xEC, 0xFF, 0xFF, 0x52, 0x02, 0x00, 0x00, 0x58, 0x1C, 0x10, 0x80, 0x2D, 0xE0, 0xA7, 0x21
	.byte 0x49, 0x00, 0x6C, 0x18, 0x00, 0x22, 0xA0, 0x5E, 0x00, 0x28, 0x09, 0xD1, 0x10, 0x48, 0x98, 0x23
	.byte 0x5B, 0x00, 0xE9, 0x18, 0xAA, 0x69, 0x00, 0x92, 0x03, 0x22, 0x00, 0x23, 0xD0, 0xF7, 0x8E, 0xF8
	.byte 0x28, 0x1C, 0xFF, 0xF7, 0x8B, 0xFD, 0x98, 0x21, 0x49, 0x00, 0x68, 0x18, 0xBC, 0xF7, 0xE0, 0xFD
	.byte 0x00, 0x06, 0x00, 0x28, 0x0E, 0xD0, 0x00, 0x20, 0x20, 0x80, 0xA4, 0x22, 0x52, 0x00, 0xA9, 0x18
	.byte 0x01, 0x20, 0x08, 0x60, 0x00, 0x20, 0x08, 0x21, 0xBD, 0xF7, 0x38, 0xF9, 0x05, 0xE0, 0x00, 0x00
	.byte 0xFC, 0xEC, 0x13, 0x08, 0x20, 0x88, 0x01, 0x30, 0x20, 0x80
_08048F86:
	adds r0, r5, #0x0
	bl func_08048980
	movs r3, #0x98
	lsls r3, r3, #0x01
	adds r0, r5, r3
	bl func_08005A64
	adds r0, r5, #0x0
	bl func_08000EA4
	movs r0, #0x01
_08048F9E:
	add sp, #0x010
	pop {r4, r5, r6, r7}
	pop {r1}
	bx r1
	.byte 0x00, 0x00
	thumb_func_start task_frd_pan_2
task_frd_pan_2: @ 08048FA8
	push {r4, r5, r6, r7, lr}
	mov r7, r10
	mov r6, r9
	mov r5, r8
	push {r5, r6, r7}
	add sp, #-0x014
	mov r9, r0
	mov r7, r9
	adds r7, #0x20
	movs r0, #0x98
	lsls r0, r0, #0x01
	add r0, r9
	bl func_08005AFC
	mov r10, r0
	ldr r0, [r7, #0x08]
	bl func_0801AF1C
	lsls r0, r0, #0x10
	lsrs r0, r0, #0x10
	mov r8, r0
	ldr r0, [r7, #0x34]
	ldr r1, [r7, #0x38]
	movs r2, #0x04
	ands r0, r2
	movs r1, #0x00
	orrs r0, r1
	cmp r0, #0x00
	beq _08048FF0
	ldr r0, _08048FEC @ =0x02039B84
	ldr r0, [r0, #0x00]
	ldr r5, [r0, #0x24]
	adds r6, r5, #0x0
	b _08049014
_08048FEC: .4byte 0x02039B84
_08048FF0:
	ldr r0, _0804900C @ =0x02039B84
	ldr r0, [r0, #0x00]
	ldr r2, [r0, #0x24]
	movs r0, #0x80
	lsls r0, r0, #0x01
	cmp r2, r0
	bne _08049010
	adds r5, r2, #0x0
	adds r6, r5, #0x0
	movs r0, #0x01
	mov r1, r8
	orrs r1, r0
	mov r8, r1
	b _08049014
_0804900C: .4byte 0x02039B84
_08049010:
	negs r6, r2
	adds r5, r2, #0x0
_08049014:
	mov r4, sp
	adds r4, #0x12
	ldr r2, [r7, #0x04]
	ldr r3, [r7, #0x08]
	ldr r0, [r7, #0x0C]
	str r0, [sp, #0x000]
	add r0, sp, #0x010
	adds r1, r4, #0x0
	bl func_0801909C
	ldr r0, _0804903C @ =0x02039B84
	ldr r0, [r0, #0x00]
	ldr r1, [r0, #0x24]
	movs r0, #0x80
	lsls r0, r0, #0x01
	cmp r1, r0
	bne _08049040
	movs r5, #0x00
	b _0804905C
	.byte 0x00, 0x00
_0804903C: .4byte 0x02039B84
_08049040:
	cmp r1, #0xFF
	bgt _0804904E
	movs r0, #0x00
	adds r1, r6, #0x0
	adds r2, r5, #0x0
	movs r3, #0x00
	b _08049056
_0804904E:
	movs r0, #0x00
	adds r1, r6, #0x0
	adds r2, r5, #0x0
	movs r3, #0x01
_08049056:
	bl func_08002CB4
	adds r5, r0, #0x0
_0804905C:
	add r0, sp, #0x010
	movs r2, #0x00
	ldsh r0, [r0, r2]
	movs r2, #0x00
	ldsh r1, [r4, r2]
	mov r4, r9
	ldr r3, [r4, #0x18]
	ldr r2, [r4, #0x1C]
	str r2, [sp, #0x000]
	str r5, [sp, #0x004]
	mov r5, r8
	str r5, [sp, #0x008]
	ldr r2, [r7, #0x08]
	asrs r2, r2, #0x08
	lsls r2, r2, #0x02
	ldr r5, _080490B4 @ =0xFFFFEFFC
	adds r4, r5, #0x0
	subs r2, r4, r2
	lsls r2, r2, #0x10
	lsrs r2, r2, #0x10
	str r2, [sp, #0x00C]
	mov r2, r10
	bl func_080023E0
	ldr r0, [r7, #0x08]
	asrs r0, r0, #0x08
	lsls r0, r0, #0x02
	subs r4, r4, r0
	movs r0, #0x02
	adds r1, r7, #0x0
	adds r1, #0xCC
	orrs r4, r0
	strh r4, [r1, #0x00]
	mov r0, r9
	bl func_08000EE0
	add sp, #0x014
	pop {r3, r4, r5}
	mov r8, r3
	mov r9, r4
	mov r10, r5
	pop {r4, r5, r6, r7}
	pop {r0}
	bx r0
_080490B4: .4byte 0xFFFFEFFC
	thumb_func_start task_frd_pan_3
task_frd_pan_3: @ 080490B8
	push {r4, lr}
	adds r4, r0, #0x0
	movs r1, #0xA6
	lsls r1, r1, #0x01
	adds r0, r4, r1
	ldrb r0, [r0, #0x00]
	cmp r0, #0x00
	beq _080490D0
	ldr r0, _080490CC @ =0x02039B84
	b _080490D2
_080490CC: .4byte 0x02039B84
_080490D0:
	ldr r0, _080490F4 @ =0x02039B9C
_080490D2:
	ldr r3, [r0, #0x00]
	ldr r0, [r3, #0x68]
	ldr r1, [r3, #0x6C]
	ldr r2, _080490F8 @ =0xFFDFFFFF
	ands r0, r2
	str r0, [r3, #0x68]
	str r1, [r3, #0x6C]
	ldr r0, [r4, #0x1C]
	bl func_08002C10
	adds r0, r4, #0x0
	bl func_08000F0C
	pop {r4}
	pop {r0}
	bx r0
	.byte 0x00, 0x00
_080490F4: .4byte 0x02039B9C
_080490F8: .4byte 0xFFDFFFFF
	thumb_func_start func_080490FC
func_080490FC: @ 080490FC
	push {r4, r5, lr}
	adds r4, r0, #0x0
	adds r5, r4, #0x0
	adds r5, #0x20
	adds r0, #0x24
	adds r1, r4, #0x0
	adds r1, #0x28
	adds r2, r4, #0x0
	adds r2, #0x2C
	adds r3, r4, #0x0
	adds r3, #0x30
	bl func_0801C6D4
	lsls r0, r0, #0x18
	cmp r0, #0x00
	beq _08049134
	movs r0, #0xAA
	lsls r0, r0, #0x01
	adds r2, r4, r0
	ldr r0, [r5, #0x0C]
	ldr r1, [r2, #0x00]
	adds r0, r0, r1
	str r0, [r5, #0x0C]
	ldr r0, _08049130 @ =0xFFFFFE00
	b _08049146
	.byte 0x00, 0x00
_08049130: .4byte 0xFFFFFE00
_08049134:
	movs r0, #0xAA
	lsls r0, r0, #0x01
	adds r2, r4, r0
	ldr r0, [r5, #0x0C]
	ldr r1, [r2, #0x00]
	adds r0, r0, r1
	str r0, [r5, #0x0C]
	ldr r0, [r2, #0x00]
	adds r0, #0x33
_08049146:
	str r0, [r2, #0x00]
	ldr r0, [r5, #0x0C]
	ldr r1, [r5, #0x10]
	cmp r0, r1
	bgt _08049154
	movs r0, #0x00
	b _08049162
_08049154:
	str r1, [r5, #0x0C]
	movs r0, #0xAA
	lsls r0, r0, #0x01
	adds r1, r4, r0
	movs r0, #0x00
	str r0, [r1, #0x00]
	movs r0, #0x01
_08049162:
	pop {r4, r5}
	pop {r1}
	bx r1
	thumb_func_start task_frd_aladdin_0
task_frd_aladdin_0: @ 08049168
	push {r4, r5, r6, r7, lr}
	mov r7, r8
	push {r7}
	add sp, #-0x004
	adds r6, r0, #0x0
	mov r8, r1
	adds r7, r6, #0x0
	adds r7, #0x20
	movs r0, #0xBC
	bl func_0811FE70
	mov r0, r8
	ldrb r1, [r0, #0x02]
	cmp r1, #0x00
	beq _080491C0
	movs r2, #0xA6
	lsls r2, r2, #0x01
	adds r1, r6, r2
	movs r0, #0x01
	strb r0, [r1, #0x00]
	ldr r5, _080491B4 @ =0x02039B84
	ldr r4, [r5, #0x00]
	ldr r0, [r4, #0x68]
	ldr r1, [r4, #0x6C]
	ldr r2, _080491B8 @ =0x00200000
	ldr r3, _080491BC @ =0x00000000
	orrs r0, r2
	str r0, [r4, #0x68]
	str r1, [r4, #0x6C]
	ldr r0, [r4, #0x7C]
	str r0, [r6, #0x14]
	movs r0, #0x8A
	lsls r0, r0, #0x01
	adds r4, r4, r0
	ldr r0, [r4, #0x00]
	str r0, [r6, #0x18]
	b _080491EE
	.byte 0x00, 0x00
_080491B4: .4byte 0x02039B84
_080491B8: .4byte 0x00200000
_080491BC: .4byte 0x00000000
_080491C0:
	movs r2, #0xA6
	lsls r2, r2, #0x01
	adds r0, r6, r2
	strb r1, [r0, #0x00]
	ldr r0, _08049248 @ =0x02039B9C
	ldr r4, [r0, #0x00]
	ldr r0, [r4, #0x68]
	ldr r1, [r4, #0x6C]
	ldr r2, _0804924C @ =0x00200000
	ldr r3, _08049250 @ =0x00000000
	orrs r0, r2
	str r0, [r4, #0x68]
	str r1, [r4, #0x6C]
	ldr r0, [r4, #0x7C]
	str r0, [r6, #0x14]
	ldr r1, _08049254 @ =0x02039B84
	ldr r0, [r1, #0x00]
	movs r2, #0x8A
	lsls r2, r2, #0x01
	adds r0, r0, r2
	ldr r0, [r0, #0x00]
	str r0, [r6, #0x18]
	adds r5, r1, #0x0
_080491EE:
	mov r1, r8
	ldrh r0, [r1, #0x00]
	ldr r1, _08049258 @ =0x0000014D
	adds r2, r6, r1
	movs r1, #0x00
	strb r0, [r2, #0x00]
	movs r2, #0xA4
	lsls r2, r2, #0x01
	adds r0, r6, r2
	str r1, [r0, #0x00]
	adds r2, #0x06
	adds r0, r6, r2
	strh r1, [r0, #0x00]
	adds r2, #0x02
	adds r0, r6, r2
	strh r1, [r0, #0x00]
	adds r2, #0x04
	adds r0, r6, r2
	str r1, [r0, #0x00]
	ldr r3, [r6, #0x14]
	ldr r0, [r3, #0x34]
	ldr r1, [r3, #0x38]
	movs r2, #0x04
	ands r0, r2
	movs r1, #0x00
	orrs r0, r1
	cmp r0, #0x00
	beq _08049260
	movs r0, #0xAC
	lsls r0, r0, #0x01
	adds r1, r6, r0
	ldr r0, [r3, #0x04]
	ldr r2, _0804925C @ =0xFFFFD000
	adds r0, r0, r2
	str r0, [r1, #0x00]
	ldr r0, [r5, #0x00]
	adds r0, #0xDC
	movs r1, #0x00
	ldsh r0, [r0, r1]
	adds r0, #0x30
	lsls r0, r0, #0x08
	str r0, [r7, #0x04]
	movs r0, #0x04
	movs r1, #0x00
	b _08049282
_08049248: .4byte 0x02039B9C
_0804924C: .4byte 0x00200000
_08049250: .4byte 0x00000000
_08049254: .4byte 0x02039B84
_08049258: .4byte 0x0000014D
_0804925C: .4byte 0xFFFFD000
_08049260:
	movs r2, #0xAC
	lsls r2, r2, #0x01
	adds r1, r6, r2
	ldr r0, [r3, #0x04]
	movs r2, #0xC0
	lsls r2, r2, #0x06
	adds r0, r0, r2
	str r0, [r1, #0x00]
	ldr r0, [r5, #0x00]
	adds r0, #0xDA
	movs r1, #0x00
	ldsh r0, [r0, r1]
	subs r0, #0x30
	lsls r0, r0, #0x08
	str r0, [r7, #0x04]
	movs r0, #0x00
	movs r1, #0x00
_08049282:
	str r0, [r7, #0x34]
	str r1, [r7, #0x38]
	ldr r0, [r6, #0x14]
	ldr r0, [r0, #0x08]
	str r0, [r7, #0x08]
	ldr r0, _080492EC @ =0xFFFFB000
	str r0, [r7, #0x0C]
	movs r0, #0x00
	str r0, [r7, #0x10]
	ldr r0, _080492F0 @ =0x09617D98
	movs r1, #0x20
	bl func_08002A14
	str r0, [r6, #0x1C]
	movs r2, #0x98
	lsls r2, r2, #0x01
	adds r4, r6, r2
	adds r0, r4, #0x0
	movs r1, #0x00
	movs r2, #0x00
	bl func_08005968
	ldr r0, _080492F4 @ =0x0813ED4C
	ldr r1, [r6, #0x18]
	str r1, [sp, #0x000]
	adds r1, r4, #0x0
	movs r2, #0x00
	movs r3, #0x00
	bl func_08019068
	adds r0, r6, #0x0
	movs r1, #0x01
	bl func_08000E64
	ldr r1, _080492F8 @ =0x09EDAE88
	adds r0, r6, #0x0
	adds r2, r7, #0x0
	bl func_08000E14
	ldr r1, _080492FC @ =0x0000014D
	adds r0, r6, r1
	ldrb r0, [r0, #0x00]
	cmp r0, #0x01
	beq _08049300
	cmp r0, #0x01
	bgt _0804930A
	cmp r0, #0x00
	bne _0804930A
	movs r2, #0xA9
	lsls r2, r2, #0x01
	adds r1, r6, r2
	movs r0, #0x78
	b _08049314
_080492EC: .4byte 0xFFFFB000
_080492F0: .4byte 0x09617D98
_080492F4: .4byte 0x0813ED4C
_080492F8: .4byte 0x09EDAE88
_080492FC: .4byte 0x0000014D
_08049300:
	movs r0, #0xA9
	lsls r0, r0, #0x01
	adds r1, r6, r0
	movs r0, #0xF0
	b _08049314
_0804930A:
	movs r2, #0xA9
	lsls r2, r2, #0x01
	adds r1, r6, r2
	movs r0, #0xF0
	lsls r0, r0, #0x01
_08049314:
	strh r0, [r1, #0x00]
	add sp, #0x004
	pop {r3}
	mov r8, r3
	pop {r4, r5, r6, r7}
	pop {r0}
	bx r0
	.byte 0x00, 0x00
	thumb_func_start task_frd_aladdin_1
task_frd_aladdin_1: @ 08049324
	push {r4, r5, r6, r7, lr}
	add sp, #-0x00C
	adds r6, r0, #0x0
	adds r7, r6, #0x0
	adds r7, #0x20
	ldr r0, _08049348 @ =0x02039BB0
	ldrb r0, [r0, #0x0C]
	cmp r0, #0x01
	beq _08049338
	b _080494D4
_08049338:
	movs r1, #0xA6
	lsls r1, r1, #0x01
	adds r0, r6, r1
	ldrb r0, [r0, #0x00]
	cmp r0, #0x00
	beq _08049350
	ldr r0, _0804934C @ =0x02039B84
	b _08049352
_08049348: .4byte 0x02039BB0
_0804934C: .4byte 0x02039B84
_08049350:
	ldr r0, _08049384 @ =0x02039B9C
_08049352:
	ldr r0, [r0, #0x00]
	ldr r1, [r0, #0x6C]
	ldr r0, [r0, #0x68]
	movs r2, #0x80
	lsls r2, r2, #0x17
	ands r0, r2
	movs r1, #0x00
	orrs r0, r1
	cmp r0, #0x00
	beq _08049368
	b _080494D4
_08049368:
	movs r2, #0xA4
	lsls r2, r2, #0x01
	adds r5, r6, r2
	ldr r0, [r5, #0x00]
	cmp r0, #0x01
	beq _080493F4
	cmp r0, #0x01
	bcc _08049388
	cmp r0, #0x02
	beq _0804943C
	cmp r0, #0x03
	bne _08049382
	b _080494F4
_08049382:
	b _08049678
_08049384: .4byte 0x02039B9C
_08049388:
	movs r0, #0xA7
	lsls r0, r0, #0x01
	adds r4, r6, r0
	movs r1, #0x00
	ldsh r0, [r4, r1]
	cmp r0, #0x00
	bne _080493B0
	ldr r0, _080493F0 @ =0x0813ED4C
	movs r2, #0x98
	lsls r2, r2, #0x01
	adds r1, r6, r2
	ldr r2, [r6, #0x18]
	str r2, [sp, #0x000]
	movs r2, #0x00
	movs r3, #0x00
	bl func_08019068
	ldrh r0, [r4, #0x00]
	adds r0, #0x01
	strh r0, [r4, #0x00]
_080493B0:
	movs r1, #0xAC
	lsls r1, r1, #0x01
	adds r0, r6, r1
	ldr r0, [r0, #0x00]
	ldr r1, [r7, #0x04]
	subs r0, r0, r1
	asrs r0, r0, #0x04
	adds r1, r1, r0
	str r1, [r7, #0x04]
	adds r0, r7, #0x4
	adds r1, r7, #0x0
	adds r1, #0x08
	movs r2, #0x10
	negs r2, r2
	movs r3, #0x00
	bl func_0801A8A4
	adds r0, r6, #0x0
	bl func_080490FC
	lsls r0, r0, #0x18
	cmp r0, #0x00
	bne _080493E0
	b _08049678
_080493E0:
	movs r0, #0x01
	str r0, [r5, #0x00]
	movs r0, #0x00
	strh r0, [r4, #0x00]
	movs r0, #0xC0
	bl func_0811FE70
	b _08049678
_080493F0: .4byte 0x0813ED4C
_080493F4:
	movs r2, #0xA7
	lsls r2, r2, #0x01
	adds r4, r6, r2
	movs r1, #0x00
	ldsh r0, [r4, r1]
	cmp r0, #0x00
	bne _08049414
	ldr r0, _08049430 @ =0x0813ED4C
	subs r2, #0x1E
	adds r1, r6, r2
	ldr r2, [r6, #0x18]
	str r2, [sp, #0x000]
	movs r2, #0x01
	movs r3, #0x00
	bl func_08019068
_08049414:
	movs r1, #0x98
	lsls r1, r1, #0x01
	adds r0, r6, r1
	bl func_08005B1C
	lsls r0, r0, #0x18
	cmp r0, #0x00
	beq _08049434
	movs r0, #0x03
	str r0, [r5, #0x00]
	movs r0, #0x00
	strh r0, [r4, #0x00]
	b _08049678
	.byte 0x00, 0x00
_08049430: .4byte 0x0813ED4C
_08049434:
	ldrh r0, [r4, #0x00]
	adds r0, #0x01
	strh r0, [r4, #0x00]
	b _08049678
_0804943C:
	movs r2, #0xA7
	lsls r2, r2, #0x01
	adds r0, r6, r2
	movs r4, #0x00
	ldsh r0, [r0, r4]
	cmp r0, #0x00
	bne _080494B2
	ldr r0, _08049480 @ =0x0813ED4C
	subs r2, #0x1E
	adds r1, r6, r2
	ldr r2, [r6, #0x18]
	str r2, [sp, #0x000]
	movs r2, #0x00
	movs r3, #0x00
	bl func_08019068
	ldr r0, [r7, #0x34]
	ldr r1, [r7, #0x38]
	movs r2, #0x04
	ands r0, r2
	movs r1, #0x00
	orrs r0, r1
	cmp r0, #0x00
	bne _08049488
	movs r4, #0xAC
	lsls r4, r4, #0x01
	adds r1, r6, r4
	ldr r0, _08049484 @ =0x02039B84
	ldr r0, [r0, #0x00]
	adds r0, #0xDA
	movs r2, #0x00
	ldsh r0, [r0, r2]
	subs r0, #0x40
	b _0804949A
_08049480: .4byte 0x0813ED4C
_08049484: .4byte 0x02039B84
_08049488:
	movs r4, #0xAC
	lsls r4, r4, #0x01
	adds r1, r6, r4
	ldr r0, _080494D8 @ =0x02039B84
	ldr r0, [r0, #0x00]
	adds r0, #0xDC
	movs r2, #0x00
	ldsh r0, [r0, r2]
	adds r0, #0x40
_0804949A:
	lsls r0, r0, #0x08
	str r0, [r1, #0x00]
	movs r4, #0xAA
	lsls r4, r4, #0x01
	adds r1, r6, r4
	ldr r0, _080494DC @ =0xFFFFFB00
	str r0, [r1, #0x00]
	movs r0, #0xA8
	lsls r0, r0, #0x01
	adds r1, r6, r0
	movs r0, #0x1E
	strh r0, [r1, #0x00]
_080494B2:
	adds r0, r7, #0x4
	movs r2, #0xAC
	lsls r2, r2, #0x01
	adds r1, r6, r2
	ldr r1, [r1, #0x00]
	subs r2, #0x08
	adds r4, r6, r2
	ldrh r2, [r4, #0x00]
	bl func_080058FC
	adds r0, r6, #0x0
	bl func_080490FC
	movs r1, #0x00
	ldsh r0, [r4, r1]
	cmp r0, #0x00
	bgt _080494E0
_080494D4:
	movs r0, #0x00
	b _0804968A
_080494D8: .4byte 0x02039B84
_080494DC: .4byte 0xFFFFFB00
_080494E0:
	movs r2, #0xA7
	lsls r2, r2, #0x01
	adds r1, r6, r2
	ldrh r0, [r1, #0x00]
	adds r0, #0x01
	strh r0, [r1, #0x00]
	ldrh r0, [r4, #0x00]
	subs r0, #0x01
	strh r0, [r4, #0x00]
	b _08049678
_080494F4:
	movs r4, #0xA7
	lsls r4, r4, #0x01
	adds r0, r6, r4
	movs r1, #0x00
	ldsh r0, [r0, r1]
	cmp r0, #0x00
	bne _08049516
	ldr r0, _08049548 @ =0x0813ED4C
	movs r2, #0x98
	lsls r2, r2, #0x01
	adds r1, r6, r2
	ldr r2, [r6, #0x18]
	str r2, [sp, #0x000]
	movs r2, #0x02
	movs r3, #0x01
	bl func_08019068
_08049516:
	bl func_0801D288
	ldr r4, [r6, #0x14]
	mov r12, r4
	ldr r0, [r4, #0x34]
	ldr r1, [r4, #0x38]
	movs r2, #0x04
	ands r0, r2
	movs r1, #0x00
	orrs r0, r1
	cmp r0, #0x00
	beq _08049550
	ldr r4, [r7, #0x34]
	ldr r5, [r7, #0x38]
	movs r2, #0x04
	movs r3, #0x00
	adds r0, r4, #0x0
	orrs r0, r2
	adds r1, r5, #0x0
	str r0, [r7, #0x34]
	str r1, [r7, #0x38]
	mov r1, r12
	ldr r0, [r1, #0x04]
	ldr r4, _0804954C @ =0xFFFFD800
	b _08049566
_08049548: .4byte 0x0813ED4C
_0804954C: .4byte 0xFFFFD800
_08049550:
	ldr r0, [r7, #0x34]
	ldr r1, [r7, #0x38]
	movs r2, #0x05
	negs r2, r2
	ands r0, r2
	str r0, [r7, #0x34]
	str r1, [r7, #0x38]
	mov r1, r12
	ldr r0, [r1, #0x04]
	movs r4, #0xA0
	lsls r4, r4, #0x06
_08049566:
	adds r2, r0, r4
	ldr r0, [r6, #0x14]
	ldr r3, [r0, #0x08]
	ldr r1, [r7, #0x04]
	subs r0, r2, r1
	asrs r0, r0, #0x03
	ldr r2, _080495FC @ =0xFFFFFC00
	cmp r0, r2
	blt _08049580
	movs r2, #0x80
	lsls r2, r2, #0x03
	cmp r0, r2
	ble _08049582
_08049580:
	adds r0, r2, #0x0
_08049582:
	adds r0, r1, r0
	str r0, [r7, #0x04]
	ldr r1, [r7, #0x08]
	subs r0, r3, r1
	asrs r0, r0, #0x05
	ldr r2, _08049600 @ =0xFFFFFE00
	cmp r0, r2
	blt _0804959A
	movs r2, #0x80
	lsls r2, r2, #0x02
	cmp r0, r2
	ble _0804959C
_0804959A:
	adds r0, r2, #0x0
_0804959C:
	adds r0, r1, r0
	str r0, [r7, #0x08]
	movs r1, #0x9D
	lsls r1, r1, #0x01
	adds r0, r6, r1
	ldrh r0, [r0, #0x00]
	cmp r0, #0x00
	bne _0804962E
	movs r2, #0x98
	lsls r2, r2, #0x01
	adds r0, r6, r2
	bl func_08005B34
	lsls r0, r0, #0x10
	lsrs r0, r0, #0x10
	cmp r0, #0x00
	blt _0804962E
	cmp r0, #0x01
	ble _080495CA
	cmp r0, #0x06
	bgt _0804962E
	cmp r0, #0x05
	blt _0804962E
_080495CA:
	ldr r0, [r7, #0x34]
	ldr r1, [r7, #0x38]
	movs r2, #0x04
	ands r0, r2
	movs r1, #0x00
	orrs r0, r1
	cmp r0, #0x00
	beq _08049608
	ldr r1, [r7, #0x04]
	ldr r4, _08049604 @ =0xFFFFE200
	adds r1, r1, r4
	ldr r2, [r7, #0x08]
	ldr r3, [r7, #0x0C]
	movs r0, #0x14
	str r0, [sp, #0x000]
	str r0, [sp, #0x004]
	movs r0, #0x32
	str r0, [sp, #0x008]
	movs r0, #0x95
	bl func_08011F78
	cmp r0, #0x00
	bne _08049628
	b _0804962E
	.byte 0x00, 0x00
_080495FC: .4byte 0xFFFFFC00
_08049600: .4byte 0xFFFFFE00
_08049604: .4byte 0xFFFFE200
_08049608:
	ldr r1, [r7, #0x04]
	movs r0, #0xF0
	lsls r0, r0, #0x05
	adds r1, r1, r0
	ldr r2, [r7, #0x08]
	ldr r3, [r7, #0x0C]
	movs r0, #0x14
	str r0, [sp, #0x000]
	str r0, [sp, #0x004]
	movs r0, #0x32
	str r0, [sp, #0x008]
	movs r0, #0x95
	bl func_08011F78
	cmp r0, #0x00
	beq _0804962E
_08049628:
	ldr r0, _08049670 @ =0x00000251
	bl func_0811FE70
_0804962E:
	adds r0, r6, #0x0
	bl func_080490FC
	adds r0, r7, #0x4
	adds r1, r7, #0x0
	adds r1, #0x08
	movs r2, #0x10
	negs r2, r2
	movs r3, #0x00
	bl func_0801A8A4
	movs r1, #0xA7
	lsls r1, r1, #0x01
	adds r2, r6, r1
	movs r4, #0xA9
	lsls r4, r4, #0x01
	adds r0, r6, r4
	ldrh r3, [r2, #0x00]
	movs r4, #0x00
	ldsh r1, [r2, r4]
	movs r4, #0x00
	ldsh r0, [r0, r4]
	cmp r1, r0
	ble _08049674
	movs r0, #0x00
	strh r0, [r2, #0x00]
	movs r0, #0xA4
	lsls r0, r0, #0x01
	adds r1, r6, r0
	movs r0, #0x02
	str r0, [r1, #0x00]
	b _08049678
	.byte 0x00, 0x00
_08049670: .4byte 0x00000251
_08049674:
	adds r0, r3, #0x1
	strh r0, [r2, #0x00]
_08049678:
	movs r1, #0x98
	lsls r1, r1, #0x01
	adds r0, r6, r1
	bl func_08005A64
	adds r0, r6, #0x0
	bl func_08000EA4
	movs r0, #0x01
_0804968A:
	add sp, #0x00C
	pop {r4, r5, r6, r7}
	pop {r1}
	bx r1
	.byte 0x00, 0x00
	thumb_func_start task_frd_aladdin_2
task_frd_aladdin_2: @ 08049694
	push {r4, r5, r6, r7, lr}
	mov r7, r10
	mov r6, r9
	mov r5, r8
	push {r5, r6, r7}
	add sp, #-0x014
	mov r9, r0
	mov r7, r9
	adds r7, #0x20
	movs r0, #0x98
	lsls r0, r0, #0x01
	add r0, r9
	bl func_08005AFC
	mov r10, r0
	ldr r0, [r7, #0x08]
	bl func_0801AF1C
	lsls r0, r0, #0x10
	lsrs r0, r0, #0x10
	mov r8, r0
	ldr r0, [r7, #0x34]
	ldr r1, [r7, #0x38]
	movs r2, #0x04
	ands r0, r2
	movs r1, #0x00
	orrs r0, r1
	cmp r0, #0x00
	beq _080496DC
	ldr r0, _080496D8 @ =0x02039B84
	ldr r0, [r0, #0x00]
	ldr r5, [r0, #0x24]
	adds r6, r5, #0x0
	b _08049700
_080496D8: .4byte 0x02039B84
_080496DC:
	ldr r0, _080496F8 @ =0x02039B84
	ldr r0, [r0, #0x00]
	ldr r2, [r0, #0x24]
	movs r0, #0x80
	lsls r0, r0, #0x01
	cmp r2, r0
	bne _080496FC
	adds r5, r2, #0x0
	adds r6, r5, #0x0
	movs r0, #0x01
	mov r1, r8
	orrs r1, r0
	mov r8, r1
	b _08049700
_080496F8: .4byte 0x02039B84
_080496FC:
	negs r6, r2
	adds r5, r2, #0x0
_08049700:
	mov r4, sp
	adds r4, #0x12
	ldr r2, [r7, #0x04]
	ldr r3, [r7, #0x08]
	ldr r0, [r7, #0x0C]
	str r0, [sp, #0x000]
	add r0, sp, #0x010
	adds r1, r4, #0x0
	bl func_0801909C
	ldr r0, _08049728 @ =0x02039B84
	ldr r0, [r0, #0x00]
	ldr r1, [r0, #0x24]
	movs r0, #0x80
	lsls r0, r0, #0x01
	cmp r1, r0
	bne _0804972C
	movs r5, #0x00
	b _08049748
	.byte 0x00, 0x00
_08049728: .4byte 0x02039B84
_0804972C:
	cmp r1, #0xFF
	bgt _0804973A
	movs r0, #0x00
	adds r1, r6, #0x0
	adds r2, r5, #0x0
	movs r3, #0x00
	b _08049742
_0804973A:
	movs r0, #0x00
	adds r1, r6, #0x0
	adds r2, r5, #0x0
	movs r3, #0x01
_08049742:
	bl func_08002CB4
	adds r5, r0, #0x0
_08049748:
	add r0, sp, #0x010
	movs r2, #0x00
	ldsh r0, [r0, r2]
	movs r2, #0x00
	ldsh r1, [r4, r2]
	mov r4, r9
	ldr r3, [r4, #0x18]
	ldr r2, [r4, #0x1C]
	str r2, [sp, #0x000]
	str r5, [sp, #0x004]
	mov r5, r8
	str r5, [sp, #0x008]
	ldr r2, [r7, #0x08]
	asrs r2, r2, #0x08
	lsls r2, r2, #0x02
	ldr r5, _080497A0 @ =0xFFFFEFFC
	adds r4, r5, #0x0
	subs r2, r4, r2
	lsls r2, r2, #0x10
	lsrs r2, r2, #0x10
	str r2, [sp, #0x00C]
	mov r2, r10
	bl func_080023E0
	ldr r0, [r7, #0x08]
	asrs r0, r0, #0x08
	lsls r0, r0, #0x02
	subs r4, r4, r0
	movs r0, #0x02
	adds r1, r7, #0x0
	adds r1, #0xCC
	orrs r4, r0
	strh r4, [r1, #0x00]
	mov r0, r9
	bl func_08000EE0
	add sp, #0x014
	pop {r3, r4, r5}
	mov r8, r3
	mov r9, r4
	mov r10, r5
	pop {r4, r5, r6, r7}
	pop {r0}
	bx r0
_080497A0: .4byte 0xFFFFEFFC
	thumb_func_start task_frd_aladdin_3
task_frd_aladdin_3: @ 080497A4
	push {r4, lr}
	adds r4, r0, #0x0
	movs r1, #0xA6
	lsls r1, r1, #0x01
	adds r0, r4, r1
	ldrb r0, [r0, #0x00]
	cmp r0, #0x00
	beq _080497BC
	ldr r0, _080497B8 @ =0x02039B84
	b _080497BE
_080497B8: .4byte 0x02039B84
_080497BC:
	ldr r0, _080497E0 @ =0x02039B9C
_080497BE:
	ldr r3, [r0, #0x00]
	ldr r0, [r3, #0x68]
	ldr r1, [r3, #0x6C]
	ldr r2, _080497E4 @ =0xFFDFFFFF
	ands r0, r2
	str r0, [r3, #0x68]
	str r1, [r3, #0x6C]
	ldr r0, [r4, #0x1C]
	bl func_08002C10
	adds r0, r4, #0x0
	bl func_08000F0C
	pop {r4}
	pop {r0}
	bx r0
	.byte 0x00, 0x00
_080497E0: .4byte 0x02039B9C
_080497E4: .4byte 0xFFDFFFFF
	thumb_func_start func_080497E8
func_080497E8: @ 080497E8
	push {r4, r5, lr}
	adds r4, r0, #0x0
	adds r5, r4, #0x0
	adds r5, #0x20
	adds r0, #0x24
	adds r1, r4, #0x0
	adds r1, #0x28
	adds r2, r4, #0x0
	adds r2, #0x2C
	adds r3, r4, #0x0
	adds r3, #0x30
	bl func_0801C6D4
	movs r0, #0xAC
	lsls r0, r0, #0x01
	adds r2, r4, r0
	ldr r0, [r5, #0x0C]
	ldr r1, [r2, #0x00]
	adds r0, r0, r1
	str r0, [r5, #0x0C]
	ldr r0, [r2, #0x00]
	adds r0, #0x33
	str r0, [r2, #0x00]
	ldr r0, [r5, #0x0C]
	ldr r1, [r5, #0x10]
	cmp r0, r1
	bgt _08049822
	movs r0, #0x00
	b _0804982A
_08049822:
	str r1, [r5, #0x0C]
	movs r0, #0x00
	str r0, [r2, #0x00]
	movs r0, #0x01
_0804982A:
	pop {r4, r5}
	pop {r1}
	bx r1
	thumb_func_start task_frd_beast_0
task_frd_beast_0: @ 08049830
	push {r4, r5, r6, r7, lr}
	mov r7, r8
	push {r7}
	add sp, #-0x004
	adds r6, r0, #0x0
	mov r8, r1
	adds r7, r6, #0x0
	adds r7, #0x20
	movs r0, #0xBA
	bl func_0811FE70
	mov r0, r8
	ldrb r1, [r0, #0x02]
	cmp r1, #0x00
	beq _08049888
	movs r2, #0xA6
	lsls r2, r2, #0x01
	adds r1, r6, r2
	movs r0, #0x01
	strb r0, [r1, #0x00]
	ldr r5, _0804987C @ =0x02039B84
	ldr r4, [r5, #0x00]
	ldr r0, [r4, #0x68]
	ldr r1, [r4, #0x6C]
	ldr r2, _08049880 @ =0x00200000
	ldr r3, _08049884 @ =0x00000000
	orrs r0, r2
	str r0, [r4, #0x68]
	str r1, [r4, #0x6C]
	ldr r0, [r4, #0x7C]
	str r0, [r6, #0x14]
	movs r1, #0x8A
	lsls r1, r1, #0x01
	adds r0, r4, r1
	ldr r0, [r0, #0x00]
	str r0, [r6, #0x18]
	ldr r3, [r4, #0x78]
	b _080498B8
_0804987C: .4byte 0x02039B84
_08049880: .4byte 0x00200000
_08049884: .4byte 0x00000000
_08049888:
	movs r2, #0xA6
	lsls r2, r2, #0x01
	adds r0, r6, r2
	strb r1, [r0, #0x00]
	ldr r0, _080498EC @ =0x02039B9C
	ldr r4, [r0, #0x00]
	ldr r0, [r4, #0x68]
	ldr r1, [r4, #0x6C]
	ldr r2, _080498F0 @ =0x00200000
	ldr r3, _080498F4 @ =0x00000000
	orrs r0, r2
	str r0, [r4, #0x68]
	str r1, [r4, #0x6C]
	ldr r0, [r4, #0x7C]
	str r0, [r6, #0x14]
	ldr r1, _080498F8 @ =0x02039B84
	ldr r0, [r1, #0x00]
	movs r2, #0x8A
	lsls r2, r2, #0x01
	adds r0, r0, r2
	ldr r0, [r0, #0x00]
	str r0, [r6, #0x18]
	ldr r3, [r4, #0x78]
	adds r5, r1, #0x0
_080498B8:
	mov r1, r8
	ldrh r0, [r1, #0x00]
	ldr r1, _080498FC @ =0x0000014D
	adds r2, r6, r1
	movs r1, #0x00
	strb r0, [r2, #0x00]
	movs r2, #0xA7
	lsls r2, r2, #0x01
	adds r0, r6, r2
	strh r1, [r0, #0x00]
	adds r2, #0x0A
	adds r0, r6, r2
	str r1, [r0, #0x00]
	cmp r3, #0x00
	beq _08049900
	movs r0, #0xA8
	lsls r0, r0, #0x01
	adds r1, r6, r0
	ldr r0, [r3, #0x04]
	str r0, [r1, #0x00]
	subs r2, #0x04
	adds r1, r6, r2
	ldr r0, [r3, #0x08]
	str r0, [r1, #0x00]
	ldr r1, [r6, #0x14]
	b _08049918
_080498EC: .4byte 0x02039B9C
_080498F0: .4byte 0x00200000
_080498F4: .4byte 0x00000000
_080498F8: .4byte 0x02039B84
_080498FC: .4byte 0x0000014D
_08049900:
	movs r0, #0xA8
	lsls r0, r0, #0x01
	adds r1, r6, r0
	movs r0, #0x80
	lsls r0, r0, #0x09
	str r0, [r1, #0x00]
	movs r1, #0xAA
	lsls r1, r1, #0x01
	adds r2, r6, r1
	ldr r1, [r6, #0x14]
	ldr r0, [r1, #0x08]
	str r0, [r2, #0x00]
_08049918:
	ldr r0, [r1, #0x34]
	ldr r1, [r1, #0x38]
	movs r2, #0x04
	ands r0, r2
	movs r1, #0x00
	orrs r0, r1
	cmp r0, #0x00
	beq _08049944
	ldr r0, [r5, #0x00]
	adds r0, #0xDC
	movs r2, #0x00
	ldsh r0, [r0, r2]
	adds r0, #0x30
	lsls r0, r0, #0x08
	str r0, [r7, #0x04]
	ldr r1, _08049940 @ =0x00000000
	ldr r0, _0804993C @ =0x00020004
	b _08049956
_0804993C: .4byte 0x00020004
_08049940: .4byte 0x00000000
_08049944:
	ldr r0, [r5, #0x00]
	adds r0, #0xDA
	movs r1, #0x00
	ldsh r0, [r0, r1]
	subs r0, #0x30
	lsls r0, r0, #0x08
	str r0, [r7, #0x04]
	ldr r1, _08049994 @ =0x00000000
	ldr r0, _08049990 @ =0x00020000
_08049956:
	str r0, [r7, #0x34]
	str r1, [r7, #0x38]
	movs r2, #0xAA
	lsls r2, r2, #0x01
	adds r0, r6, r2
	ldr r0, [r0, #0x00]
	str r0, [r7, #0x08]
	movs r0, #0x00
	str r0, [r7, #0x0C]
	str r0, [r7, #0x10]
	ldr r1, _08049998 @ =0x0000014D
	adds r0, r6, r1
	ldrb r1, [r0, #0x00]
	cmp r1, #0x01
	beq _0804999C
	cmp r1, #0x01
	bgt _080499A6
	cmp r1, #0x00
	bne _080499A6
	subs r2, #0x0C
	adds r1, r6, r2
	movs r0, #0x01
	str r0, [r1, #0x00]
	movs r0, #0xAE
	lsls r0, r0, #0x01
	adds r1, r6, r0
	movs r0, #0xA0
	b _080499B8
	.byte 0x00, 0x00
_08049990: .4byte 0x00020000
_08049994: .4byte 0x00000000
_08049998: .4byte 0x0000014D
_0804999C:
	movs r2, #0xA4
	lsls r2, r2, #0x01
	adds r0, r6, r2
	str r1, [r0, #0x00]
	b _080499B0
_080499A6:
	movs r2, #0xA4
	lsls r2, r2, #0x01
	adds r1, r6, r2
	movs r0, #0x02
	str r0, [r1, #0x00]
_080499B0:
	movs r0, #0xAE
	lsls r0, r0, #0x01
	adds r1, r6, r0
	movs r0, #0xA1
_080499B8:
	str r0, [r1, #0x00]
	ldr r0, _08049A04 @ =0x09617E18
	movs r1, #0x20
	bl func_08002A14
	str r0, [r6, #0x1C]
	movs r1, #0x98
	lsls r1, r1, #0x01
	adds r4, r6, r1
	adds r0, r4, #0x0
	movs r1, #0x00
	movs r2, #0x00
	bl func_08005968
	ldr r0, _08049A08 @ =0x0813ED90
	ldr r1, [r6, #0x18]
	str r1, [sp, #0x000]
	adds r1, r4, #0x0
	movs r2, #0x00
	movs r3, #0x00
	bl func_08019068
	adds r0, r6, #0x0
	movs r1, #0x01
	bl func_08000E64
	ldr r1, _08049A0C @ =0x09EDAE88
	adds r0, r6, #0x0
	adds r2, r7, #0x0
	bl func_08000E14
	add sp, #0x004
	pop {r3}
	mov r8, r3
	pop {r4, r5, r6, r7}
	pop {r0}
	bx r0
	.byte 0x00, 0x00
_08049A04: .4byte 0x09617E18
_08049A08: .4byte 0x0813ED90
_08049A0C: .4byte 0x09EDAE88
	thumb_func_start task_frd_beast_1
task_frd_beast_1: @ 08049A10
	push {r4, r5, r6, lr}
	add sp, #-0x00C
	adds r5, r0, #0x0
	adds r4, r5, #0x0
	adds r4, #0x20
	ldr r0, _08049A34 @ =0x02039BB0
	ldrb r0, [r0, #0x0C]
	cmp r0, #0x08
	beq _08049A24
	b _08049BE4
_08049A24:
	movs r1, #0xA6
	lsls r1, r1, #0x01
	adds r0, r5, r1
	ldrb r0, [r0, #0x00]
	cmp r0, #0x00
	beq _08049A3C
	ldr r0, _08049A38 @ =0x02039B84
	b _08049A3E
_08049A34: .4byte 0x02039BB0
_08049A38: .4byte 0x02039B84
_08049A3C:
	ldr r0, _08049B14 @ =0x02039B9C
_08049A3E:
	ldr r0, [r0, #0x00]
	ldr r1, [r0, #0x6C]
	ldr r0, [r0, #0x68]
	movs r2, #0x80
	lsls r2, r2, #0x17
	ands r0, r2
	movs r1, #0x00
	orrs r0, r1
	cmp r0, #0x00
	beq _08049A54
	b _08049BE4
_08049A54:
	movs r2, #0xA4
	lsls r2, r2, #0x01
	adds r0, r5, r2
	ldr r0, [r0, #0x00]
	cmp r0, #0x01
	bne _08049A62
	b _08049B88
_08049A62:
	cmp r0, #0x02
	beq _08049A68
	b _08049C52
_08049A68:
	movs r1, #0xA7
	lsls r1, r1, #0x01
	adds r0, r5, r1
	movs r2, #0x00
	ldsh r0, [r0, r2]
	cmp r0, #0x00
	bne _08049A7C
	movs r0, #0xBD
	bl func_0811FE70
_08049A7C:
	movs r1, #0x9D
	lsls r1, r1, #0x01
	adds r0, r5, r1
	ldrh r0, [r0, #0x00]
	cmp r0, #0x00
	bne _08049AAC
	movs r2, #0x98
	lsls r2, r2, #0x01
	adds r0, r5, r2
	bl func_08005B34
	lsls r0, r0, #0x10
	lsrs r0, r0, #0x10
	cmp r0, #0x02
	bne _08049AAC
	movs r1, #0xAC
	lsls r1, r1, #0x01
	adds r0, r5, r1
	ldr r1, _08049B18 @ =0xFFFFFC00
	str r1, [r0, #0x00]
	movs r0, #0x9C
	lsls r0, r0, #0x02
	bl func_0811FE70
_08049AAC:
	ldr r6, [r4, #0x0C]
	ldr r0, [r4, #0x10]
	adds r3, r6, #0x0
	cmp r3, r0
	bge _08049ADA
	movs r2, #0xA8
	lsls r2, r2, #0x01
	adds r0, r5, r2
	ldr r0, [r0, #0x00]
	ldr r1, [r4, #0x04]
	subs r0, r0, r1
	asrs r0, r0, #0x04
	adds r1, r1, r0
	str r1, [r4, #0x04]
	movs r1, #0xAA
	lsls r1, r1, #0x01
	adds r0, r5, r1
	ldr r0, [r0, #0x00]
	ldr r1, [r4, #0x08]
	subs r0, r0, r1
	asrs r0, r0, #0x04
	adds r1, r1, r0
	str r1, [r4, #0x08]
_08049ADA:
	movs r2, #0xAC
	lsls r2, r2, #0x01
	adds r0, r5, r2
	ldr r0, [r0, #0x00]
	cmp r0, #0x00
	ble _08049B3E
	ldr r0, _08049B1C @ =0x02039B84
	ldr r0, [r0, #0x00]
	movs r1, #0x86
	lsls r1, r1, #0x01
	adds r0, r0, r1
	ldr r0, [r0, #0x00]
	cmp r0, #0x99
	bne _08049B24
	ldr r1, [r4, #0x04]
	ldr r2, [r4, #0x08]
	ldr r4, _08049B20 @ =0xFFFFE800
	adds r3, r3, r4
	movs r0, #0x28
	str r0, [sp, #0x000]
	movs r0, #0x14
	str r0, [sp, #0x004]
	movs r0, #0x10
	str r0, [sp, #0x008]
	movs r0, #0xA3
	bl func_08011F78
	b _08049B3E
	.byte 0x00, 0x00
_08049B14: .4byte 0x02039B9C
_08049B18: .4byte 0xFFFFFC00
_08049B1C: .4byte 0x02039B84
_08049B20: .4byte 0xFFFFE800
_08049B24:
	ldr r1, [r4, #0x04]
	ldr r2, [r4, #0x08]
	ldr r0, _08049B7C @ =0xFFFFE800
	adds r3, r6, r0
	movs r0, #0x28
	str r0, [sp, #0x000]
	movs r0, #0x14
	str r0, [sp, #0x004]
	movs r0, #0x10
	str r0, [sp, #0x008]
	movs r0, #0xA2
	bl func_08011F78
_08049B3E:
	adds r0, r5, #0x0
	bl func_080497E8
	lsls r0, r0, #0x18
	cmp r0, #0x00
	beq _08049B80
	movs r1, #0x98
	lsls r1, r1, #0x01
	adds r0, r5, r1
	bl func_08005B1C
	lsls r0, r0, #0x18
	cmp r0, #0x00
	beq _08049B80
	movs r2, #0xA4
	lsls r2, r2, #0x01
	adds r1, r5, r2
	movs r0, #0x01
	str r0, [r1, #0x00]
	movs r4, #0xAE
	lsls r4, r4, #0x01
	adds r1, r5, r4
	movs r0, #0xA1
	str r0, [r1, #0x00]
	adds r0, #0xAD
	adds r1, r5, r0
	movs r0, #0x00
	strh r0, [r1, #0x00]
	bl func_0802F1E8
	b _08049C52
_08049B7C: .4byte 0xFFFFE800
_08049B80:
	movs r2, #0xA7
	lsls r2, r2, #0x01
	adds r1, r5, r2
	b _08049C4C
_08049B88:
	movs r1, #0xA7
	lsls r1, r1, #0x01
	adds r0, r5, r1
	movs r2, #0x00
	ldsh r0, [r0, r2]
	cmp r0, #0x00
	bne _08049BBA
	ldr r0, _08049BE8 @ =0x0813ED90
	movs r2, #0x98
	lsls r2, r2, #0x01
	adds r1, r5, r2
	ldr r2, [r5, #0x18]
	str r2, [sp, #0x000]
	movs r2, #0x01
	movs r3, #0x01
	bl func_08019068
	ldr r1, _08049BEC @ =0x0000014D
	adds r0, r5, r1
	ldrb r0, [r0, #0x00]
	cmp r0, #0x02
	beq _08049BBA
	movs r0, #0xBD
	bl func_0811FE70
_08049BBA:
	ldr r0, [r4, #0x34]
	ldr r1, [r4, #0x38]
	movs r2, #0x04
	ands r0, r2
	movs r1, #0x00
	orrs r0, r1
	cmp r0, #0x00
	beq _08049BF8
	ldr r1, [r4, #0x04]
	ldr r2, _08049BF0 @ =0xFFFFFC80
	adds r1, r1, r2
	str r1, [r4, #0x04]
	ldr r0, _08049BF4 @ =0x02039B84
	ldr r0, [r0, #0x00]
	adds r0, #0xDA
	movs r2, #0x00
	ldsh r0, [r0, r2]
	subs r0, #0x28
	lsls r0, r0, #0x08
	cmp r1, r0
	bge _08049C14
_08049BE4:
	movs r0, #0x00
	b _08049C64
_08049BE8: .4byte 0x0813ED90
_08049BEC: .4byte 0x0000014D
_08049BF0: .4byte 0xFFFFFC80
_08049BF4: .4byte 0x02039B84
_08049BF8:
	ldr r1, [r4, #0x04]
	movs r0, #0xE0
	lsls r0, r0, #0x02
	adds r1, r1, r0
	str r1, [r4, #0x04]
	ldr r0, _08049C6C @ =0x02039B84
	ldr r0, [r0, #0x00]
	adds r0, #0xDC
	movs r2, #0x00
	ldsh r0, [r0, r2]
	adds r0, #0x28
	lsls r0, r0, #0x08
	cmp r1, r0
	bgt _08049BE4
_08049C14:
	movs r1, #0xAE
	lsls r1, r1, #0x01
	adds r0, r5, r1
	ldr r0, [r0, #0x00]
	ldr r1, [r4, #0x04]
	ldr r2, [r4, #0x08]
	ldr r3, [r4, #0x0C]
	ldr r4, _08049C70 @ =0xFFFFE800
	adds r3, r3, r4
	movs r4, #0x28
	str r4, [sp, #0x000]
	movs r4, #0x14
	str r4, [sp, #0x004]
	movs r4, #0x10
	str r4, [sp, #0x008]
	bl func_08011F78
	cmp r0, #0x00
	beq _08049C40
	ldr r0, _08049C74 @ =0x0000026F
	bl func_0811FE70
_08049C40:
	adds r0, r5, #0x0
	bl func_080497E8
	movs r0, #0xA7
	lsls r0, r0, #0x01
	adds r1, r5, r0
_08049C4C:
	ldrh r0, [r1, #0x00]
	adds r0, #0x01
	strh r0, [r1, #0x00]
_08049C52:
	movs r1, #0x98
	lsls r1, r1, #0x01
	adds r0, r5, r1
	bl func_08005A64
	adds r0, r5, #0x0
	bl func_08000EA4
	movs r0, #0x01
_08049C64:
	add sp, #0x00C
	pop {r4, r5, r6}
	pop {r1}
	bx r1
_08049C6C: .4byte 0x02039B84
_08049C70: .4byte 0xFFFFE800
_08049C74: .4byte 0x0000026F
	thumb_func_start task_frd_beast_2
task_frd_beast_2: @ 08049C78
	push {r4, r5, r6, r7, lr}
	mov r7, r10
	mov r6, r9
	mov r5, r8
	push {r5, r6, r7}
	add sp, #-0x014
	mov r9, r0
	mov r7, r9
	adds r7, #0x20
	movs r0, #0x98
	lsls r0, r0, #0x01
	add r0, r9
	bl func_08005AFC
	mov r10, r0
	ldr r0, [r7, #0x08]
	bl func_0801AF1C
	lsls r0, r0, #0x10
	lsrs r0, r0, #0x10
	mov r8, r0
	ldr r0, [r7, #0x34]
	ldr r1, [r7, #0x38]
	movs r2, #0x04
	ands r0, r2
	movs r1, #0x00
	orrs r0, r1
	cmp r0, #0x00
	beq _08049CC0
	ldr r0, _08049CBC @ =0x02039B84
	ldr r0, [r0, #0x00]
	ldr r5, [r0, #0x24]
	adds r6, r5, #0x0
	b _08049CE4
_08049CBC: .4byte 0x02039B84
_08049CC0:
	ldr r0, _08049CDC @ =0x02039B84
	ldr r0, [r0, #0x00]
	ldr r2, [r0, #0x24]
	movs r0, #0x80
	lsls r0, r0, #0x01
	cmp r2, r0
	bne _08049CE0
	adds r5, r2, #0x0
	adds r6, r5, #0x0
	movs r0, #0x01
	mov r1, r8
	orrs r1, r0
	mov r8, r1
	b _08049CE4
_08049CDC: .4byte 0x02039B84
_08049CE0:
	negs r6, r2
	adds r5, r2, #0x0
_08049CE4:
	mov r4, sp
	adds r4, #0x12
	ldr r2, [r7, #0x04]
	ldr r3, [r7, #0x08]
	ldr r0, [r7, #0x0C]
	str r0, [sp, #0x000]
	add r0, sp, #0x010
	adds r1, r4, #0x0
	bl func_0801909C
	ldr r0, _08049D0C @ =0x02039B84
	ldr r0, [r0, #0x00]
	ldr r1, [r0, #0x24]
	movs r0, #0x80
	lsls r0, r0, #0x01
	cmp r1, r0
	bne _08049D10
	movs r5, #0x00
	b _08049D2C
	.byte 0x00, 0x00
_08049D0C: .4byte 0x02039B84
_08049D10:
	cmp r1, #0xFF
	bgt _08049D1E
	movs r0, #0x00
	adds r1, r6, #0x0
	adds r2, r5, #0x0
	movs r3, #0x00
	b _08049D26
_08049D1E:
	movs r0, #0x00
	adds r1, r6, #0x0
	adds r2, r5, #0x0
	movs r3, #0x01
_08049D26:
	bl func_08002CB4
	adds r5, r0, #0x0
_08049D2C:
	add r0, sp, #0x010
	movs r2, #0x00
	ldsh r0, [r0, r2]
	movs r2, #0x00
	ldsh r1, [r4, r2]
	mov r4, r9
	ldr r3, [r4, #0x18]
	ldr r2, [r4, #0x1C]
	str r2, [sp, #0x000]
	str r5, [sp, #0x004]
	mov r5, r8
	str r5, [sp, #0x008]
	ldr r2, [r7, #0x08]
	asrs r2, r2, #0x08
	lsls r2, r2, #0x02
	ldr r5, _08049D84 @ =0xFFFFEFFC
	adds r4, r5, #0x0
	subs r2, r4, r2
	lsls r2, r2, #0x10
	lsrs r2, r2, #0x10
	str r2, [sp, #0x00C]
	mov r2, r10
	bl func_080023E0
	ldr r0, [r7, #0x08]
	asrs r0, r0, #0x08
	lsls r0, r0, #0x02
	subs r4, r4, r0
	movs r0, #0x02
	adds r1, r7, #0x0
	adds r1, #0xCC
	orrs r4, r0
	strh r4, [r1, #0x00]
	mov r0, r9
	bl func_08000EE0
	add sp, #0x014
	pop {r3, r4, r5}
	mov r8, r3
	mov r9, r4
	mov r10, r5
	pop {r4, r5, r6, r7}
	pop {r0}
	bx r0
_08049D84: .4byte 0xFFFFEFFC
	thumb_func_start task_frd_beast_3
task_frd_beast_3: @ 08049D88
	push {r4, lr}
	adds r4, r0, #0x0
	movs r1, #0xA6
	lsls r1, r1, #0x01
	adds r0, r4, r1
	ldrb r0, [r0, #0x00]
	cmp r0, #0x00
	beq _08049DA0
	ldr r0, _08049D9C @ =0x02039B84
	b _08049DA2
_08049D9C: .4byte 0x02039B84
_08049DA0:
	ldr r0, _08049DC4 @ =0x02039B9C
_08049DA2:
	ldr r3, [r0, #0x00]
	ldr r0, [r3, #0x68]
	ldr r1, [r3, #0x6C]
	ldr r2, _08049DC8 @ =0xFFDFFFFF
	ands r0, r2
	str r0, [r3, #0x68]
	str r1, [r3, #0x6C]
	ldr r0, [r4, #0x1C]
	bl func_08002C10
	adds r0, r4, #0x0
	bl func_08000F0C
	pop {r4}
	pop {r0}
	bx r0
	.byte 0x00, 0x00
_08049DC4: .4byte 0x02039B9C
_08049DC8: .4byte 0xFFDFFFFF
