@ Generated with Luvdis v0.8.0
.syntax unified
.text
@ Begin embedded Luvdis macros
	.macro arm_func_start name
	.align 2, 0
	.global \name
	.arm
	.type \name, %function
	.endm

	.macro arm_func_end name
	.size \name, .-\name
	.endm

	.macro thumb_func_start name
	.align 2, 0
	.global \name
	.thumb
	.thumb_func
	.type \name, %function
	.endm

	.macro non_word_aligned_thumb_func_start name
	.global \name
	.thumb
	.thumb_func
	.type \name, %function
	.endm

	.macro thumb_func_end name
	.size \name, .-\name
	.endm
@ End embedded Luvdis macros

	thumb_func_start task_hum_cloud_0
task_hum_cloud_0: @ 0804A014
	push {r4, lr}
	adds r4, r0, #0x0
	ldr r1, _0804A038 @ =0x0813EF28
	bl func_0800E168
	movs r0, #0xC4
	lsls r0, r0, #0x01
	adds r1, r4, r0
	movs r0, #0x00
	str r0, [r1, #0x00]
	movs r0, #0xC2
	lsls r0, r0, #0x01
	adds r4, r4, r0
	ldr r0, _0804A03C @ =0x0813EDD0
	str r0, [r4, #0x00]
	pop {r4}
	pop {r0}
	bx r0
_0804A038: .4byte 0x0813EF28
_0804A03C: .4byte 0x0813EDD0
	thumb_func_start task_hum_cloud_1
task_hum_cloud_1: @ 0804A040
	push {r4, r5, r6, r7, lr}
	mov r7, r9
	mov r6, r8
	push {r6, r7}
	add sp, #-0x018
	adds r7, r0, #0x0
	adds r6, r7, #0x0
	adds r5, r7, #0x0
	adds r5, #0x40
	add r2, sp, #0x010
	add r3, sp, #0x014
	adds r0, r5, #0x0
	add r1, sp, #0x00C
	bl func_0801C700
	adds r0, r7, #0x0
	bl _0800E434
	cmp r0, #0x04
	beq _0804A100
	cmp r0, #0x05
	bne _0804A10A
	movs r0, #0xA8
	lsls r0, r0, #0x01
	adds r1, r7, r0
	movs r0, #0x00
	strh r0, [r1, #0x00]
	adds r0, r7, #0x0
	bl _0800F84C
	adds r1, r0, #0x0
	cmp r1, #0x26
	beq _0804A0B0
	cmp r1, #0x26
	bhi _0804A090
	cmp r1, #0x24
	beq _0804A0B0
	cmp r1, #0x25
	beq _0804A0CA
	b _0804A10A
_0804A090:
	ldr r0, _0804A0A0 @ =0xEB3AA6B3
	cmp r1, r0
	beq _0804A0F4
	cmp r1, r0
	bhi _0804A0A4
	cmp r1, #0x27
	beq _0804A0CA
	b _0804A10A
_0804A0A0: .4byte 0xEB3AA6B3
_0804A0A4:
	ldr r0, _0804A0AC @ =0xEB3ACEB3
	cmp r1, r0
	beq _0804A0E8
	b _0804A10A
_0804A0AC: .4byte 0xEB3ACEB3
_0804A0B0:
	ldr r0, [r5, #0x0C]
	cmp r0, #0x00
	bge _0804A0BE
	movs r2, #0xB8
	lsls r2, r2, #0x01
	adds r1, r7, r2
	b _0804A0D6
_0804A0BE:
	movs r3, #0xB8
	lsls r3, r3, #0x01
	adds r1, r7, r3
	movs r0, #0x13
	str r0, [r1, #0x00]
	b _0804A10A
_0804A0CA:
	ldr r0, [r5, #0x0C]
	cmp r0, #0x00
	bge _0804A0DC
	movs r4, #0xB8
	lsls r4, r4, #0x01
	adds r1, r7, r4
_0804A0D6:
	movs r0, #0x15
	str r0, [r1, #0x00]
	b _0804A10A
_0804A0DC:
	movs r0, #0xB8
	lsls r0, r0, #0x01
	adds r1, r7, r0
	movs r0, #0x14
	str r0, [r1, #0x00]
	b _0804A10A
_0804A0E8:
	movs r2, #0xB8
	lsls r2, r2, #0x01
	adds r1, r7, r2
	movs r0, #0x1F
	str r0, [r1, #0x00]
	b _0804A10A
_0804A0F4:
	movs r3, #0xB8
	lsls r3, r3, #0x01
	adds r1, r7, r3
	movs r0, #0x1C
	str r0, [r1, #0x00]
	b _0804A10A
_0804A100:
	movs r4, #0xC8
	lsls r4, r4, #0x01
	adds r1, r7, r4
	movs r0, #0x00
	strh r0, [r1, #0x00]
_0804A10A:
	movs r0, #0x18
	str r0, [sp, #0x000]
	adds r0, r7, #0x0
	movs r1, #0x08
	movs r2, #0x20
	movs r3, #0x20
	bl func_0800F5A4
	lsls r0, r0, #0x18
	cmp r0, #0x00
	beq _0804A14A
	bl func_080065A4
	lsls r0, r0, #0x10
	lsrs r0, r0, #0x10
	movs r1, #0x01
	ands r0, r1
	cmp r0, #0x00
	beq _0804A140
	movs r0, #0xC2
	lsls r0, r0, #0x01
	adds r1, r7, r0
	ldr r0, _0804A13C @ =0x0813EDD0
	b _0804A148
	.byte 0x00, 0x00
_0804A13C: .4byte 0x0813EDD0
_0804A140:
	movs r2, #0xC2
	lsls r2, r2, #0x01
	adds r1, r7, r2
	ldr r0, _0804A164 @ =0x0813EDDC
_0804A148:
	str r0, [r1, #0x00]
_0804A14A:
	movs r3, #0xB8
	lsls r3, r3, #0x01
	adds r0, r7, r3
	ldr r0, [r0, #0x00]
	cmp r0, #0x22
	bls _0804A15A
	bl _0804B41C
_0804A15A:
	lsls r0, r0, #0x02
	ldr r1, _0804A168 @ =0x0804A16C
	adds r0, r0, r1
	ldr r0, [r0, #0x00]
	mov pc, r0
_0804A164: .4byte 0x0813EDDC
_0804A168: .4byte 0x0804A16C
	.byte 0xD0, 0xA2, 0x04, 0x08, 0x5E, 0xA4, 0x04, 0x08, 0x1C, 0xB4, 0x04, 0x08, 0x5E, 0xA4, 0x04, 0x08
	.byte 0x1C, 0xB4, 0x04, 0x08, 0x1C, 0xB4, 0x04, 0x08, 0x1C, 0xB4, 0x04, 0x08, 0x1C, 0xB4, 0x04, 0x08
	.byte 0x96, 0xA3, 0x04, 0x08, 0x5E, 0xA4, 0x04, 0x08, 0x1C, 0xB4, 0x04, 0x08, 0x5E, 0xA4, 0x04, 0x08
	.byte 0xF8, 0xA1, 0x04, 0x08, 0x1C, 0xB4, 0x04, 0x08, 0x5E, 0xA4, 0x04, 0x08, 0x1C, 0xB4, 0x04, 0x08
	.byte 0x1C, 0xB4, 0x04, 0x08, 0x14, 0xA2, 0x04, 0x08, 0xF8, 0xA1, 0x04, 0x08, 0x78, 0xA4, 0x04, 0x08
	.byte 0x5A, 0xA5, 0x04, 0x08, 0x34, 0xA9, 0x04, 0x08, 0xEC, 0xA9, 0x04, 0x08, 0x44, 0xAA, 0x04, 0x08
	.byte 0x8A, 0xAA, 0x04, 0x08, 0x36, 0xA6, 0x04, 0x08, 0x88, 0xA6, 0x04, 0x08, 0x3E, 0xA7, 0x04, 0x08
	.byte 0x44, 0xAF, 0x04, 0x08, 0xD8, 0xAF, 0x04, 0x08, 0xF8, 0xB0, 0x04, 0x08, 0x4A, 0xAB, 0x04, 0x08
	.byte 0xB4, 0xAB, 0x04, 0x08, 0x8C, 0xA7, 0x04, 0x08, 0x1E, 0xA8, 0x04, 0x08, 0x05, 0x48, 0x31, 0x1C
	.byte 0x14, 0x31, 0x72, 0x68, 0x00, 0x92, 0x00, 0x22, 0x01, 0x23, 0xCE, 0xF7, 0x2F, 0xFF, 0x01, 0xF0
	.byte 0x07, 0xF9, 0x00, 0x00, 0xE8, 0xED, 0x13, 0x08, 0x13, 0x48, 0x31, 0x1C, 0x14, 0x31, 0x72, 0x68
	.byte 0x00, 0x92, 0x00, 0x22, 0x03, 0x23, 0xCE, 0xF7, 0x21, 0xFF, 0x10, 0x48, 0x00, 0x68, 0xC1, 0x6E
	.byte 0x80, 0x6E, 0x80, 0x22, 0x92, 0x05, 0x10, 0x40, 0x00, 0x21, 0x08, 0x43, 0x00, 0x28, 0x07, 0xD0
	.byte 0x30, 0x1C, 0xFF, 0xF7, 0x87, 0xFE, 0x00, 0x06, 0x00, 0x28, 0x01, 0xD0, 0x01, 0xF0, 0xE8, 0xF8
	.byte 0x6A, 0x68, 0x03, 0x98, 0x11, 0x1A, 0x03, 0x1C, 0x00, 0x29, 0x0B, 0xDB, 0x04, 0x48, 0x81, 0x42
	.byte 0x0E, 0xDD, 0x01, 0xF0, 0xDD, 0xF8, 0x00, 0x00, 0xE8, 0xED, 0x13, 0x08, 0x84, 0x9B, 0x03, 0x02
	.byte 0xFF, 0x4F, 0x00, 0x00, 0x99, 0x1A, 0x0B, 0x48, 0x81, 0x42, 0x01, 0xDD, 0x01, 0xF0, 0xD0, 0xF8
	.byte 0x09, 0x48, 0x83, 0x42, 0x14, 0xDC, 0x09, 0x48, 0x03, 0x68, 0x18, 0x1C, 0xDC, 0x30, 0x00, 0x24
	.byte 0x01, 0x5F, 0x28, 0x39, 0x09, 0x02, 0x02, 0x30, 0x00, 0x25, 0x42, 0x5F, 0x02, 0x30, 0x00, 0x23
	.byte 0xC0, 0x5E, 0x51, 0xE0, 0xFF, 0x4F, 0x00, 0x00, 0xFF, 0xFF, 0x00, 0x00, 0x84, 0x9B, 0x03, 0x02
	.byte 0x07, 0x48, 0x00, 0x68, 0x01, 0x1C, 0xDA, 0x31, 0x00, 0x24, 0x09, 0x5F, 0x28, 0x31, 0x09, 0x02
	.byte 0x02, 0x1C, 0xDE, 0x32, 0x00, 0x25, 0x52, 0x5F, 0xE0, 0x30, 0x00, 0x23, 0xC0, 0x5E, 0x3B, 0xE0
	.byte 0x84, 0x9B, 0x03, 0x02, 0x12, 0x48, 0x31, 0x1C, 0x14, 0x31, 0x72, 0x68, 0x00, 0x92, 0x00, 0x22
	.byte 0x03, 0x23, 0xCE, 0xF7, 0xC3, 0xFE, 0x37, 0xF0, 0xA1, 0xFA, 0x00, 0x06, 0x00, 0x28, 0x01, 0xD0
	.byte 0x01, 0xF0, 0x96, 0xF8, 0xBC, 0xF7, 0x58, 0xF9, 0x00, 0x04, 0x00, 0x0C, 0x3C, 0x21, 0xD3, 0xF0
	.byte 0x67, 0xFA, 0x00, 0x04, 0x02, 0x0C, 0x00, 0x2A, 0x0C, 0xD1, 0xB8, 0x24, 0x64, 0x00, 0x38, 0x19
	.byte 0x08, 0x21, 0x01, 0x60, 0xA8, 0x25, 0x6D, 0x00, 0x78, 0x19, 0x02, 0x80, 0x01, 0xF0, 0x80, 0xF8
	.byte 0xE8, 0xED, 0x13, 0x08, 0x38, 0x1C, 0x28, 0x21, 0xC5, 0xF7, 0xD0, 0xF8, 0x00, 0x06, 0x00, 0x28
	.byte 0x14, 0xD0, 0x80, 0x21, 0x49, 0x02, 0x08, 0x48, 0x00, 0x68, 0x02, 0x1C, 0xDE, 0x32, 0x00, 0x23
	.byte 0xD2, 0x5E, 0xE0, 0x30, 0x00, 0x24, 0x00, 0x5F, 0x12, 0x18, 0xD2, 0x01, 0x30, 0x1C, 0xFF, 0xF7
	.byte 0xEB, 0xFD, 0x01, 0xF0, 0x65, 0xF8, 0x00, 0x00, 0x84, 0x9B, 0x03, 0x02, 0x09, 0x48, 0x00, 0x68
	.byte 0xC1, 0x6E, 0x80, 0x6E, 0x80, 0x22, 0x92, 0x05, 0x10, 0x40, 0x00, 0x21, 0x08, 0x43, 0x00, 0x28
	.byte 0x0A, 0xD0, 0x30, 0x1C, 0xFF, 0xF7, 0xEE, 0xFD, 0x00, 0x06, 0x00, 0x28, 0x01, 0xD0, 0x01, 0xF0
	.byte 0x4F, 0xF8, 0x05, 0xE0, 0x84, 0x9B, 0x03, 0x02, 0x38, 0x1C, 0x1E, 0x21, 0xC4, 0xF7, 0xEE, 0xFF
	.byte 0xA8, 0x25, 0x6D, 0x00, 0x79, 0x19, 0x01, 0xF0, 0x40, 0xF8, 0x11, 0x48, 0x31, 0x1C, 0x14, 0x31
	.byte 0x72, 0x68, 0x00, 0x92, 0x01, 0x22, 0x03, 0x23, 0xCE, 0xF7, 0x60, 0xFE, 0xAE, 0x20, 0x40, 0x00
	.byte 0x39, 0x18, 0x03, 0x98, 0x08, 0x60, 0xB0, 0x22, 0x52, 0x00, 0xB8, 0x18, 0x04, 0x9A, 0x02, 0x60
	.byte 0x09, 0x68, 0x08, 0x4B, 0x38, 0x1C, 0xC4, 0xF7, 0xFB, 0xFF, 0x00, 0x06, 0x00, 0x28, 0x0B, 0xD0
	.byte 0xB8, 0x23, 0x5B, 0x00, 0xF8, 0x18, 0x00, 0x21, 0x01, 0x60, 0x00, 0xF0, 0x37, 0xFC, 0x00, 0x00
	.byte 0xE8, 0xED, 0x13, 0x08, 0x33, 0x01, 0x00, 0x00, 0xBC, 0xF7, 0xDE, 0xF8, 0x00, 0x04, 0x00, 0x0C
	.byte 0x96, 0x21, 0xD3, 0xF0, 0xED, 0xF9, 0x00, 0x04, 0x00, 0x28, 0x12, 0xD1, 0x69, 0x68, 0x03, 0x98
	.byte 0x0A, 0x1A, 0x03, 0x1C, 0x00, 0x2A, 0x02, 0xDB, 0x46, 0x2A, 0x03, 0xDC, 0x09, 0xE0, 0x58, 0x1A
	.byte 0x46, 0x28, 0x06, 0xDD, 0x04, 0x9A, 0x30, 0x1C, 0x19, 0x1C, 0xFF, 0xF7, 0x65, 0xFD, 0x00, 0xF0
	.byte 0xFF, 0xFF, 0x0A, 0x48, 0x00, 0x68, 0xC1, 0x6E, 0x80, 0x6E, 0x80, 0x22, 0x92, 0x05, 0x10, 0x40
	.byte 0x00, 0x21, 0x08, 0x43, 0x00, 0x28, 0x0B, 0xD0, 0x30, 0x1C, 0xFF, 0xF7, 0x8B, 0xFD, 0x00, 0x06
	.byte 0x00, 0x28, 0x01, 0xD0, 0x00, 0xF0, 0xEC, 0xFF, 0x06, 0xE0, 0x00, 0x00, 0x84, 0x9B, 0x03, 0x02
	.byte 0x38, 0x1C, 0x1E, 0x21, 0xC4, 0xF7, 0x8A, 0xFF, 0xA8, 0x25, 0x6D, 0x00, 0x79, 0x19, 0x00, 0xF0
	.byte 0xDC, 0xFF, 0x05, 0x48, 0x31, 0x1C, 0x14, 0x31, 0x72, 0x68, 0x00, 0x92, 0x02, 0x22, 0x00, 0x23
	.byte 0xCE, 0xF7, 0xFC, 0xFD, 0x00, 0xF0, 0xD4, 0xFF, 0xE8, 0xED, 0x13, 0x08, 0xA8, 0x20, 0x40, 0x00
	.byte 0xC0, 0x19, 0x80, 0x46, 0x00, 0x21, 0x40, 0x5E, 0x3C, 0x1C, 0x14, 0x34, 0x00, 0x28, 0x10, 0xD1
	.byte 0x20, 0x1C, 0xBB, 0xF7, 0x69, 0xFB, 0x17, 0x48, 0x31, 0x1C, 0x14, 0x31, 0x72, 0x68, 0x00, 0x92
	.byte 0x08, 0x22, 0x00, 0x23, 0xCE, 0xF7, 0xE2, 0xFD, 0x13, 0x48, 0xD5, 0xF0, 0xE3, 0xFC, 0xCF, 0xF7
	.byte 0xC1, 0xFA, 0x20, 0x1C, 0xBB, 0xF7, 0x40, 0xFB, 0x00, 0x04, 0x00, 0x0C, 0x06, 0x28, 0x37, 0xD1
	.byte 0x68, 0x6B, 0xA9, 0x6B, 0x04, 0x22, 0x10, 0x40, 0x00, 0x21, 0x08, 0x43, 0x00, 0x28, 0x17, 0xD0
	.byte 0x8D, 0x20, 0x40, 0x00, 0x69, 0x68, 0x09, 0x4A, 0x89, 0x18, 0xAA, 0x68, 0xEB, 0x68, 0x18, 0x24
	.byte 0x00, 0x94, 0x10, 0x24, 0x01, 0x94, 0x32, 0x24, 0x02, 0x94, 0xC7, 0xF7, 0x47, 0xFD, 0x00, 0x28
	.byte 0x18, 0xD1, 0x2F, 0xE0, 0xE8, 0xED, 0x13, 0x08, 0x0B, 0x01, 0x00, 0x00, 0x00, 0xDC, 0xFF, 0xFF
	.byte 0x8D, 0x20, 0x40, 0x00, 0x69, 0x68, 0x90, 0x23, 0x9B, 0x01, 0xC9, 0x18, 0xAA, 0x68, 0xEB, 0x68
	.byte 0x18, 0x24, 0x00, 0x94, 0x10, 0x24, 0x01, 0x94, 0x32, 0x24, 0x02, 0x94, 0xC7, 0xF7, 0x2E, 0xFD
	.byte 0x00, 0x28, 0x17, 0xD0, 0x01, 0x48, 0xD5, 0xF0, 0xA5, 0xFC, 0x13, 0xE0, 0x0B, 0x02, 0x00, 0x00
	.byte 0x20, 0x1C, 0xBB, 0xF7, 0xF5, 0xFA, 0x00, 0x06, 0x00, 0x28, 0x0B, 0xD0, 0x28, 0x1C, 0xD0, 0xF7
	.byte 0xE5, 0xFC, 0xB8, 0x24, 0x64, 0x00, 0x39, 0x19, 0x00, 0x20, 0x08, 0x60, 0x45, 0x46, 0x28, 0x80
	.byte 0x00, 0xF0, 0x66, 0xFF, 0xA8, 0x20, 0x40, 0x00, 0x39, 0x18, 0x00, 0xF0, 0x5E, 0xFF, 0xA8, 0x21
	.byte 0x49, 0x00, 0xC9, 0x19, 0x88, 0x46, 0x00, 0x22, 0x88, 0x5E, 0x3C, 0x1C, 0x14, 0x34, 0x00, 0x28
	.byte 0x11, 0xD1, 0x20, 0x1C, 0xBB, 0xF7, 0xF8, 0xFA, 0x17, 0x48, 0x31, 0x1C, 0x14, 0x31, 0x72, 0x68
	.byte 0x00, 0x92, 0x09, 0x22, 0x00, 0x23, 0xCE, 0xF7, 0x71, 0xFD, 0x86, 0x20, 0x40, 0x00, 0xD5, 0xF0
	.byte 0x71, 0xFC, 0xCF, 0xF7, 0x4F, 0xFA, 0x20, 0x1C, 0xBB, 0xF7, 0xCE, 0xFA, 0x00, 0x04, 0x00, 0x0C
	.byte 0x06, 0x28, 0x34, 0xD1, 0x68, 0x6B, 0xA9, 0x6B, 0x04, 0x22, 0x10, 0x40, 0x00, 0x21, 0x08, 0x43
	.byte 0x00, 0x28, 0x15, 0xD0, 0x8D, 0x20, 0x40, 0x00, 0x69, 0x68, 0x08, 0x4B, 0xC9, 0x18, 0xAA, 0x68
	.byte 0xEB, 0x68, 0x16, 0x24, 0x00, 0x94, 0x10, 0x24, 0x01, 0x94, 0x32, 0x24, 0x02, 0x94, 0xC7, 0xF7
	.byte 0xD5, 0xFC, 0x00, 0x28, 0x16, 0xD1, 0x2B, 0xE0, 0xE8, 0xED, 0x13, 0x08, 0x00, 0xE0, 0xFF, 0xFF
	.byte 0x8D, 0x20, 0x40, 0x00, 0x69, 0x68, 0x80, 0x24, 0xA4, 0x01, 0x09, 0x19, 0xAA, 0x68, 0xEB, 0x68
	.byte 0x16, 0x24, 0x00, 0x94, 0x10, 0x24, 0x01, 0x94, 0x32, 0x24, 0x02, 0x94, 0xC7, 0xF7, 0xBE, 0xFC
	.byte 0x00, 0x28, 0x15, 0xD0, 0x83, 0x20, 0x80, 0x00, 0xD5, 0xF0, 0x34, 0xFC, 0x10, 0xE0, 0x20, 0x1C
	.byte 0xBB, 0xF7, 0x86, 0xFA, 0x00, 0x06, 0x00, 0x28, 0x0A, 0xD0, 0x28, 0x1C, 0xD0, 0xF7, 0x76, 0xFC
	.byte 0xB8, 0x25, 0x6D, 0x00, 0x79, 0x19, 0x00, 0x20, 0x08, 0x60, 0x41, 0x46, 0x00, 0xF0, 0xF7, 0xFE
	.byte 0xA8, 0x22, 0x52, 0x00, 0xB9, 0x18, 0x00, 0xF0, 0xF0, 0xFE, 0xA8, 0x23, 0x5B, 0x00, 0xFC, 0x18
	.byte 0x00, 0x25, 0x60, 0x5F, 0x00, 0x28, 0x08, 0xD1, 0x0F, 0x48, 0x31, 0x1C, 0x14, 0x31, 0x72, 0x68
	.byte 0x00, 0x92, 0x03, 0x22, 0x00, 0x23, 0xCE, 0xF7, 0x09, 0xFD, 0x21, 0x88, 0x00, 0x22, 0xA0, 0x5E
	.byte 0x03, 0x28, 0x00, 0xDC, 0xEC, 0xE1, 0x00, 0x20, 0x20, 0x80, 0xB8, 0x23, 0x5B, 0x00, 0xF9, 0x18
	.byte 0x1A, 0x20, 0x08, 0x60, 0xAC, 0x24, 0x64, 0x00, 0x39, 0x19, 0xC4, 0x25, 0x6D, 0x00, 0x70, 0x19
	.byte 0x00, 0x68, 0x08, 0x60, 0x00, 0xF0, 0xCC, 0xFE, 0xE8, 0xED, 0x13, 0x08, 0xAE, 0x21, 0x49, 0x00
	.byte 0x78, 0x18, 0x00, 0x68, 0x69, 0x68, 0x40, 0x1A, 0x00, 0x11, 0x09, 0x18, 0x69, 0x60, 0xB0, 0x22
	.byte 0x52, 0x00, 0xB8, 0x18, 0x00, 0x68, 0xA9, 0x68, 0x40, 0x1A, 0x00, 0x11, 0x09, 0x18, 0xA9, 0x60
	.byte 0xAC, 0x23, 0x5B, 0x00, 0xF8, 0x18, 0x01, 0x68, 0x00, 0x29, 0x0D, 0xDA, 0x04, 0x48, 0x81, 0x42
	.byte 0x0D, 0xDC, 0x04, 0x48, 0x31, 0x1C, 0x14, 0x31, 0x72, 0x68, 0x00, 0x92, 0x04, 0x22, 0x0C, 0xE0
	.byte 0x00, 0xFE, 0xFF, 0xFF, 0xE8, 0xED, 0x13, 0x08, 0x06, 0x48, 0x81, 0x42, 0x0E, 0xDC, 0x06, 0x48
	.byte 0x31, 0x1C, 0x14, 0x31, 0x72, 0x68, 0x00, 0x92, 0x05, 0x22, 0x00, 0x23, 0xCE, 0xF7, 0xBE, 0xFC
	.byte 0x0D, 0xE0, 0x00, 0x00, 0xFF, 0x01, 0x00, 0x00, 0xE8, 0xED, 0x13, 0x08, 0x0B, 0x48, 0x31, 0x1C
	.byte 0x14, 0x31, 0x72, 0x68, 0x00, 0x92, 0x06, 0x22, 0x00, 0x23, 0xCE, 0xF7, 0xAF, 0xFC, 0xE8, 0x68
	.byte 0x00, 0x28, 0x0D, 0xDB, 0xA8, 0x24, 0x64, 0x00, 0x39, 0x19, 0x00, 0x20, 0x08, 0x80, 0xB8, 0x25
	.byte 0x6D, 0x00, 0x79, 0x19, 0x1B, 0x20, 0x08, 0x60, 0x00, 0xF0, 0x7A, 0xFE, 0xE8, 0xED, 0x13, 0x08
	.byte 0x38, 0x1C, 0x01, 0x21, 0xC4, 0xF7, 0x1A, 0xFE, 0xA8, 0x20, 0x40, 0x00, 0x39, 0x18, 0x00, 0xF0
	.byte 0x6C, 0xFE, 0xA8, 0x21, 0x49, 0x00, 0x7C, 0x18, 0x00, 0x22, 0xA0, 0x5E, 0x00, 0x28, 0x08, 0xD1
	.byte 0x0E, 0x48, 0x31, 0x1C, 0x14, 0x31, 0x72, 0x68, 0x00, 0x92, 0x07, 0x22, 0x00, 0x23, 0xCE, 0xF7
	.byte 0x85, 0xFC, 0x38, 0x1C, 0x14, 0x30, 0xBB, 0xF7, 0xDB, 0xF9, 0x00, 0x06, 0x00, 0x28, 0x00, 0xD1
	.byte 0x88, 0xE1, 0x00, 0x20, 0x20, 0x80, 0xB8, 0x23, 0x5B, 0x00, 0xF9, 0x18, 0xC8, 0x24, 0x64, 0x00
	.byte 0x30, 0x19, 0x00, 0x88, 0x08, 0x60, 0x00, 0xF0, 0x4B, 0xFE, 0x00, 0x00, 0xE8, 0xED, 0x13, 0x08
	.byte 0xA8, 0x25, 0x6D, 0x00, 0x78, 0x19, 0x00, 0x21, 0x40, 0x5E, 0x00, 0x28, 0x04, 0xD1, 0xAC, 0x22
	.byte 0x52, 0x00, 0xB9, 0x18, 0x0A, 0x48, 0x08, 0x60, 0xAC, 0x23, 0x5B, 0x00, 0xF8, 0x18, 0x01, 0x68
	.byte 0x00, 0x29, 0x1C, 0xDA, 0x07, 0x48, 0x81, 0x42, 0x10, 0xDD, 0x07, 0x48, 0x31, 0x1C, 0x14, 0x31
	.byte 0x72, 0x68, 0x00, 0x92, 0x05, 0x22, 0x00, 0x23, 0xCE, 0xF7, 0x50, 0xFC, 0x0F, 0xE0, 0x00, 0x00
	.byte 0x00, 0xFB, 0xFF, 0xFF, 0x00, 0xFE, 0xFF, 0xFF, 0xE8, 0xED, 0x13, 0x08, 0x0D, 0x48, 0x31, 0x1C
	.byte 0x14, 0x31, 0x72, 0x68, 0x00, 0x92, 0x04, 0x22, 0x00, 0x23, 0xCE, 0xF7, 0x3F, 0xFC, 0xAC, 0x24
	.byte 0x64, 0x00, 0x38, 0x19, 0x00, 0x68, 0x00, 0x28, 0x0E, 0xDD, 0xA8, 0x25, 0x6D, 0x00, 0x79, 0x19
	.byte 0x00, 0x20, 0x08, 0x80, 0xB8, 0x20, 0x40, 0x00, 0x39, 0x18, 0x22, 0x20, 0x08, 0x60, 0x00, 0xF0
	.byte 0x07, 0xFE, 0x00, 0x00, 0xE8, 0xED, 0x13, 0x08, 0xA8, 0x22, 0x52, 0x00, 0xB9, 0x18, 0x00, 0xF0
	.byte 0xFC, 0xFD, 0xA8, 0x23, 0x5B, 0x00, 0xDB, 0x19, 0x99, 0x46, 0x00, 0x20, 0x1C, 0x5E, 0x00, 0x2C
	.byte 0x11, 0xD1, 0x1A, 0x48, 0x31, 0x1C, 0x14, 0x31, 0x72, 0x68, 0x00, 0x92, 0x0E, 0x22, 0x00, 0x23
	.byte 0xCE, 0xF7, 0x14, 0xFC, 0xC4, 0x21, 0x49, 0x00, 0x70, 0x18, 0x04, 0x60, 0xB2, 0x22, 0x52, 0x00
	.byte 0xB9, 0x18, 0xE8, 0x68, 0x08, 0x60, 0xAE, 0x23, 0x5B, 0x00, 0xDB, 0x19, 0x98, 0x46, 0x19, 0x68
	.byte 0xB0, 0x24, 0x64, 0x00, 0x38, 0x19, 0x02, 0x68, 0xC4, 0x20, 0x40, 0x00, 0x34, 0x18, 0x23, 0x68
	.byte 0x38, 0x1C, 0xC4, 0xF7, 0xA5, 0xFD, 0x00, 0x06, 0x00, 0x0E, 0x84, 0x46, 0x00, 0x28, 0x0F, 0xD0
	.byte 0xB8, 0x22, 0x52, 0x00, 0xB9, 0x18, 0x1A, 0x20, 0x08, 0x60, 0xC8, 0x23, 0x5B, 0x00, 0xF1, 0x18
	.byte 0x00, 0x20, 0x08, 0x80, 0x4C, 0x46, 0x20, 0x80, 0x00, 0xF0, 0xC2, 0xFD, 0xE8, 0xED, 0x13, 0x08
	.byte 0x20, 0x68, 0x4C, 0x30, 0x20, 0x60, 0x80, 0x21, 0x09, 0x01, 0x88, 0x42, 0x00, 0xDD, 0x21, 0x60
	.byte 0x41, 0x46, 0x08, 0x68, 0x69, 0x68, 0x40, 0x1A, 0xC1, 0x10, 0x00, 0x29, 0x00, 0xDA, 0x49, 0x42
	.byte 0x20, 0x68, 0x81, 0x42, 0x00, 0xDA, 0x21, 0x60, 0xB2, 0x22, 0x52, 0x00, 0xBB, 0x18, 0x12, 0x4A
	.byte 0x12, 0x48, 0x00, 0x68, 0x80, 0x00, 0xFF, 0x21, 0x08, 0x40, 0x40, 0x00, 0x80, 0x18, 0x00, 0x24
	.byte 0x00, 0x5F, 0x41, 0x00, 0x09, 0x18, 0x89, 0x00, 0x18, 0x68, 0x40, 0x18, 0xAC, 0x22, 0x52, 0x00
	.byte 0xB9, 0x18, 0x63, 0x46, 0x0B, 0x60, 0xE9, 0x68, 0x40, 0x1A, 0xC0, 0x10, 0x09, 0x18, 0xE9, 0x60
	.byte 0x69, 0x68, 0x44, 0x46, 0x20, 0x68, 0x81, 0x42, 0x0A, 0xDA, 0x68, 0x6B, 0xA9, 0x6B, 0x05, 0x22
	.byte 0x52, 0x42, 0x10, 0x40, 0x09, 0xE0, 0x00, 0x00, 0x00, 0x14, 0x12, 0x08, 0x80, 0x74, 0x00, 0x03
	.byte 0x68, 0x6B, 0xA9, 0x6B, 0x04, 0x22, 0x00, 0x23, 0x10, 0x43, 0x68, 0x63, 0xA9, 0x63, 0xA8, 0x25
	.byte 0x6D, 0x00, 0x79, 0x19, 0x00, 0xF0, 0x71, 0xFD, 0xA8, 0x21, 0x49, 0x00, 0x78, 0x18, 0x00, 0x22
	.byte 0x80, 0x5E, 0x00, 0x28, 0x0C, 0xD1, 0x38, 0x1C, 0x14, 0x30, 0xBB, 0xF7, 0x0D, 0xF9, 0x12, 0x48
	.byte 0x31, 0x1C, 0x14, 0x31, 0x72, 0x68, 0x00, 0x92, 0x0A, 0x22, 0x00, 0x23, 0xCE, 0xF7, 0x86, 0xFB
	.byte 0x0E, 0x4A, 0x0F, 0x48, 0x00, 0x68, 0xFF, 0x21, 0x08, 0x40, 0x40, 0x00, 0x80, 0x18, 0x00, 0x23
	.byte 0xC1, 0x5E, 0x88, 0x00, 0x40, 0x18, 0x40, 0x00, 0xE9, 0x68, 0xB0, 0x24, 0xA4, 0x01, 0x0A, 0x19
	.byte 0x80, 0x1A, 0xC0, 0x10, 0x09, 0x18, 0xE9, 0x60, 0x6A, 0x68, 0x03, 0x99, 0x8A, 0x42, 0x09, 0xDA
	.byte 0x84, 0x23, 0x9B, 0x01, 0xD0, 0x18, 0x07, 0xE0, 0xE8, 0xED, 0x13, 0x08, 0x00, 0x14, 0x12, 0x08
	.byte 0x80, 0x74, 0x00, 0x03, 0x0F, 0x4C, 0x10, 0x19, 0x08, 0x1A, 0xC0, 0x10, 0x10, 0x18, 0x68, 0x60
	.byte 0x04, 0x98, 0xA9, 0x68, 0x40, 0x1A, 0x00, 0x11, 0x09, 0x18, 0xA9, 0x60, 0xAC, 0x25, 0x6D, 0x00
	.byte 0x78, 0x19, 0x00, 0x23, 0x03, 0x60, 0xA8, 0x20, 0x40, 0x00, 0x3A, 0x18, 0x11, 0x88, 0x00, 0x24
	.byte 0x10, 0x5F, 0x1E, 0x28, 0x08, 0xDD, 0x18, 0x35, 0x79, 0x19, 0x16, 0x20, 0x08, 0x60, 0x13, 0x80
	.byte 0x00, 0xF0, 0x1E, 0xFD, 0x00, 0xDF, 0xFF, 0xFF, 0x48, 0x1C, 0x10, 0x80, 0x00, 0xF0, 0x18, 0xFD
	.byte 0xA8, 0x20, 0x40, 0x00, 0x3C, 0x18, 0x00, 0x21, 0x60, 0x5E, 0x00, 0x28, 0x08, 0xD1, 0x0F, 0x48
	.byte 0x31, 0x1C, 0x14, 0x31, 0x72, 0x68, 0x00, 0x92, 0x0B, 0x22, 0x00, 0x23, 0xCE, 0xF7, 0x2E, 0xFB
	.byte 0xAC, 0x23, 0x5B, 0x00, 0xFA, 0x18, 0x00, 0x23, 0x13, 0x60, 0x21, 0x88, 0x00, 0x25, 0x60, 0x5F
	.byte 0x08, 0x28, 0x0D, 0xDD, 0xA0, 0x20, 0xC0, 0x00, 0x10, 0x60, 0xB8, 0x20, 0x40, 0x00, 0x39, 0x18
	.byte 0x17, 0x20, 0x08, 0x60, 0x23, 0x80, 0x00, 0xF0, 0xF3, 0xFC, 0x00, 0x00, 0xE8, 0xED, 0x13, 0x08
	.byte 0x48, 0x1C, 0x20, 0x80, 0x00, 0xF0, 0xEC, 0xFC, 0xA8, 0x21, 0x49, 0x00, 0x7C, 0x18, 0x00, 0x22
	.byte 0xA0, 0x5E, 0x00, 0x28, 0x08, 0xD1, 0x0A, 0x48, 0x31, 0x1C, 0x14, 0x31, 0x72, 0x68, 0x00, 0x92
	.byte 0x0C, 0x22, 0x00, 0x23, 0xCE, 0xF7, 0x02, 0xFB, 0xE8, 0x68, 0x00, 0x28, 0x0A, 0xDB, 0xB8, 0x23
	.byte 0x5B, 0x00, 0xF8, 0x18, 0x18, 0x21, 0x01, 0x60, 0x00, 0x20, 0x20, 0x80, 0x00, 0xF0, 0xD0, 0xFC
	.byte 0xE8, 0xED, 0x13, 0x08, 0x20, 0x88, 0x01, 0x30, 0x20, 0x80, 0x00, 0xF0, 0xC9, 0xFC, 0xA8, 0x24
	.byte 0x64, 0x00, 0x38, 0x19, 0x00, 0x21, 0x40, 0x5E, 0x00, 0x28, 0x08, 0xD1, 0x11, 0x48, 0x31, 0x1C
	.byte 0x14, 0x31, 0x72, 0x68, 0x00, 0x92, 0x0D, 0x22, 0x00, 0x23, 0xCE, 0xF7, 0xDF, 0xFA, 0x68, 0x6B
	.byte 0xA9, 0x6B, 0x04, 0x22, 0x10, 0x40, 0x00, 0x21, 0x08, 0x43, 0x00, 0x28, 0x16, 0xD0, 0x8D, 0x20
	.byte 0x40, 0x00, 0x69, 0x68, 0x08, 0x4A, 0x89, 0x18, 0xAA, 0x68, 0xEB, 0x68, 0x16, 0x24, 0x00, 0x94
	.byte 0x10, 0x24, 0x01, 0x94, 0x1E, 0x24, 0x02, 0x94, 0xC7, 0xF7, 0x50, 0xFA, 0x00, 0x28, 0x17, 0xD1
	.byte 0x19, 0xE0, 0x00, 0x00, 0xE8, 0xED, 0x13, 0x08, 0x00, 0xE0, 0xFF, 0xFF, 0x8D, 0x20, 0x40, 0x00
	.byte 0x69, 0x68, 0x80, 0x23, 0x9B, 0x01, 0xC9, 0x18, 0xAA, 0x68, 0xEB, 0x68, 0x16, 0x24, 0x00, 0x94
	.byte 0x10, 0x24, 0x01, 0x94, 0x1E, 0x24, 0x02, 0x94, 0xC7, 0xF7, 0x38, 0xFA, 0x00, 0x28, 0x02, 0xD0
	.byte 0x0B, 0x48, 0xD5, 0xF0, 0xAF, 0xF9, 0x38, 0x1C, 0x14, 0x30, 0xBB, 0xF7, 0x01, 0xF8, 0x00, 0x06
	.byte 0x00, 0x28, 0x0F, 0xD0, 0x28, 0x1C, 0xD0, 0xF7, 0xF1, 0xF9, 0xB8, 0x24, 0x64, 0x00, 0x38, 0x19
	.byte 0x00, 0x21, 0x01, 0x60, 0xA8, 0x25, 0x6D, 0x00, 0x78, 0x19, 0x01, 0x80, 0x00, 0xF0, 0x70, 0xFC
	.byte 0x0D, 0x02, 0x00, 0x00, 0xA8, 0x20, 0x40, 0x00, 0x39, 0x18, 0x00, 0xF0, 0x66, 0xFC, 0xE9, 0x68
	.byte 0x28, 0x69, 0x81, 0x42, 0x01, 0xDA, 0x00, 0xF0, 0x63, 0xFC, 0xBB, 0xF7, 0x25, 0xFD, 0xAE, 0x21
	.byte 0x49, 0x00, 0x7C, 0x18, 0x00, 0x04, 0x00, 0x0C, 0x29, 0x21, 0xD2, 0xF0, 0x31, 0xFE, 0x00, 0x04
	.byte 0x00, 0x0A, 0x0F, 0x4A, 0x80, 0x18, 0x03, 0x99, 0x09, 0x18, 0x21, 0x60, 0xB0, 0x23, 0x5B, 0x00
	.byte 0xF9, 0x18, 0x04, 0x98, 0x08, 0x60, 0xB8, 0x24, 0x64, 0x00, 0x39, 0x19, 0x19, 0x20, 0x08, 0x60
	.byte 0xA8, 0x25, 0x6D, 0x00, 0x79, 0x19, 0x00, 0x20, 0x08, 0x80, 0xC4, 0x20, 0x40, 0x00, 0x31, 0x18
	.byte 0x04, 0x48, 0x08, 0x60, 0xC8, 0x22, 0x52, 0x00, 0xB1, 0x18, 0x20, 0x20, 0x00, 0xF0, 0x37, 0xFC
	.byte 0x00, 0xEC, 0xFF, 0xFF, 0x00, 0xFB, 0xFF, 0xFF, 0xA8, 0x23, 0x5B, 0x00, 0xF8, 0x18, 0x00, 0x24
	.byte 0x01, 0x5F, 0x00, 0x29, 0x10, 0xD1, 0xC7, 0x22, 0x52, 0x00, 0xB0, 0x18, 0x01, 0x80, 0x05, 0x48
	.byte 0x31, 0x1C, 0x14, 0x31, 0x72, 0x68, 0x00, 0x92, 0x12, 0x22, 0x00, 0x23, 0xCE, 0xF7, 0x46, 0xFA
	.byte 0x3A, 0xE0, 0x00, 0x00, 0xE8, 0xED, 0x13, 0x08, 0xC7, 0x23, 0x5B, 0x00, 0x9B, 0x19, 0x98, 0x46
	.byte 0x00, 0x24, 0x18, 0x5F, 0x3C, 0x1C, 0x14, 0x34, 0x00, 0x28, 0x15, 0xD1, 0x20, 0x1C, 0xBA, 0xF7
	.byte 0x8F, 0xFF, 0x00, 0x06, 0x00, 0x28, 0x0F, 0xD0, 0x06, 0x48, 0x31, 0x1C, 0x14, 0x31, 0x72, 0x68
	.byte 0x00, 0x92, 0x13, 0x22, 0x00, 0x23, 0xCE, 0xF7, 0x29, 0xFA, 0x41, 0x46, 0x08, 0x88, 0x01, 0x30
	.byte 0x08, 0x80, 0x19, 0xE0, 0xE8, 0xED, 0x13, 0x08, 0x20, 0x1C, 0xBA, 0xF7, 0x79, 0xFF, 0x00, 0x06
	.byte 0x00, 0x28, 0x11, 0xD0, 0x28, 0x1C, 0xD0, 0xF7, 0x69, 0xF9, 0xB8, 0x22, 0x52, 0x00, 0xB8, 0x18
	.byte 0x00, 0x21, 0x01, 0x60, 0xC8, 0x23, 0x5B, 0x00, 0xF0, 0x18, 0x01, 0x80, 0xA8, 0x24, 0x64, 0x00
	.byte 0x38, 0x19, 0x01, 0x80, 0x00, 0xF0, 0xE4, 0xFB, 0x38, 0x1C, 0x01, 0x21, 0xC4, 0xF7, 0x86, 0xFB
	.byte 0xF8, 0x8B, 0x00, 0x28, 0x01, 0xD0, 0x00, 0xF0, 0xD5, 0xFB, 0xC7, 0x21, 0x49, 0x00, 0x70, 0x18
	.byte 0x00, 0x22, 0x80, 0x5E, 0x00, 0x28, 0x00, 0xD0, 0x77, 0xE0, 0x38, 0x1C, 0x14, 0x30, 0xBA, 0xF7
	.byte 0x5B, 0xFF, 0x00, 0x04, 0x00, 0x0C, 0x06, 0x28, 0x10, 0xD0, 0x06, 0x28, 0x02, 0xDC, 0x02, 0x28
	.byte 0x05, 0xD0, 0xBF, 0xE3, 0x07, 0x28, 0x59, 0xD0, 0x09, 0x28, 0x61, 0xD0, 0xBA, 0xE3, 0x02, 0x48
	.byte 0xD5, 0xF0, 0xE8, 0xF8, 0xB6, 0xE3, 0x00, 0x00, 0x0B, 0x01, 0x00, 0x00, 0x68, 0x6B, 0xA9, 0x6B
	.byte 0x04, 0x22, 0x10, 0x40, 0x00, 0x21, 0x08, 0x43, 0x00, 0x28, 0x13, 0xD0, 0x07, 0x48, 0x69, 0x68
	.byte 0x07, 0x4B, 0xC9, 0x18, 0xAA, 0x68, 0xEB, 0x68, 0x18, 0x24, 0x00, 0x94, 0x01, 0x94, 0x30, 0x24
	.byte 0x02, 0x94, 0xC7, 0xF7, 0x53, 0xF9, 0x00, 0x28, 0x15, 0xD1, 0x9B, 0xE3, 0x1B, 0x01, 0x00, 0x00
	.byte 0x00, 0xD8, 0xFF, 0xFF, 0x11, 0x48, 0x69, 0x68, 0xA0, 0x24, 0xA4, 0x01, 0x09, 0x19, 0xAA, 0x68
	.byte 0xEB, 0x68, 0x18, 0x24, 0x00, 0x94, 0x01, 0x94, 0x30, 0x24, 0x02, 0x94, 0xC7, 0xF7, 0x3E, 0xF9
	.byte 0x00, 0x28, 0x00, 0xD1, 0x86, 0xE3, 0x0A, 0x48, 0xD5, 0xF0, 0xB4, 0xF8, 0x02, 0x20, 0x14, 0x21
	.byte 0xBB, 0xF7, 0x08, 0xFA, 0x68, 0x6B, 0xA9, 0x6B, 0x04, 0x22, 0x10, 0x40, 0x00, 0x21, 0x08, 0x43
	.byte 0x00, 0x28, 0x0B, 0xD0, 0x03, 0x49, 0x6A, 0x68, 0x03, 0x48, 0xF4, 0xE0, 0x1B, 0x01, 0x00, 0x00
	.byte 0x0B, 0x02, 0x00, 0x00, 0x33, 0x01, 0x00, 0x00, 0x00, 0xE0, 0xFF, 0xFF, 0x02, 0x49, 0x6A, 0x68
	.byte 0x80, 0x24, 0xA4, 0x01, 0x12, 0x19, 0xE7, 0xE0, 0x33, 0x01, 0x00, 0x00, 0x80, 0x21, 0x49, 0x00
	.byte 0x02, 0x48, 0x00, 0x68, 0x02, 0x69, 0x43, 0x69, 0xE3, 0xE0, 0x00, 0x00, 0x84, 0x9B, 0x03, 0x02
	.byte 0x86, 0x20, 0x40, 0x00, 0xD5, 0xF0, 0x86, 0xF8, 0x54, 0xE3, 0x38, 0x1C, 0x14, 0x30, 0xBA, 0xF7
	.byte 0xE3, 0xFE, 0x00, 0x04, 0x00, 0x0C, 0x06, 0x28, 0x00, 0xD9, 0x4B, 0xE3, 0x80, 0x00, 0x02, 0x49
	.byte 0x40, 0x18, 0x00, 0x68, 0x87, 0x46, 0x00, 0x00, 0x88, 0xAD, 0x04, 0x08, 0xA4, 0xAD, 0x04, 0x08
	.byte 0x4C, 0xAE, 0x04, 0x08, 0x10, 0xB4, 0x04, 0x08, 0x10, 0xB4, 0x04, 0x08, 0x60, 0xAE, 0x04, 0x08
	.byte 0x6C, 0xAE, 0x04, 0x08, 0x2C, 0xAF, 0x04, 0x08, 0xCE, 0xF7, 0x44, 0xFE, 0x68, 0x6B, 0xA9, 0x6B
	.byte 0x04, 0x22, 0x10, 0x40, 0x00, 0x21, 0x08, 0x43, 0x00, 0x28, 0x13, 0xD0, 0x07, 0x48, 0x69, 0x68
	.byte 0x07, 0x4C, 0x09, 0x19, 0xAA, 0x68, 0xEB, 0x68, 0x18, 0x24, 0x00, 0x94, 0x01, 0x94, 0x30, 0x24
	.byte 0x02, 0x94, 0xC7, 0xF7, 0xD3, 0xF8, 0x00, 0x28, 0x15, 0xD1, 0x1B, 0xE3, 0x1B, 0x01, 0x00, 0x00
	.byte 0x00, 0xD8, 0xFF, 0xFF, 0x14, 0x48, 0x69, 0x68, 0xA0, 0x22, 0x92, 0x01, 0x89, 0x18, 0xAA, 0x68
	.byte 0xEB, 0x68, 0x18, 0x24, 0x00, 0x94, 0x01, 0x94, 0x30, 0x24, 0x02, 0x94, 0xC7, 0xF7, 0xBE, 0xF8
	.byte 0x00, 0x28, 0x00, 0xD1, 0x06, 0xE3, 0x83, 0x20, 0x80, 0x00, 0xD5, 0xF0, 0x33, 0xF8, 0x02, 0x20
	.byte 0x14, 0x21, 0xBB, 0xF7, 0x87, 0xF9, 0x68, 0x6B, 0xA9, 0x6B, 0x04, 0x22, 0x10, 0x40, 0x00, 0x21
	.byte 0x08, 0x43, 0x00, 0x28, 0x10, 0xD0, 0x05, 0x49, 0x6A, 0x68, 0x05, 0x4B, 0xD2, 0x18, 0xE8, 0x68
	.byte 0x04, 0x4C, 0x00, 0x19, 0x73, 0xE0, 0x00, 0x00, 0x1B, 0x01, 0x00, 0x00, 0x33, 0x01, 0x00, 0x00
	.byte 0x00, 0xE0, 0xFF, 0xFF, 0x00, 0xE8, 0xFF, 0xFF, 0x00, 0x49, 0x61, 0xE0, 0x33, 0x01, 0x00, 0x00
	.byte 0x80, 0x21, 0x49, 0x00, 0x02, 0x48, 0x00, 0x68, 0x02, 0x69, 0x43, 0x69, 0x61, 0xE0, 0x00, 0x00
	.byte 0x84, 0x9B, 0x03, 0x02, 0x01, 0x48, 0xD5, 0xF0, 0x05, 0xF8, 0xD3, 0xE2, 0x0D, 0x01, 0x00, 0x00
	.byte 0xCE, 0xF7, 0xE0, 0xFD, 0x68, 0x6B, 0xA9, 0x6B, 0x04, 0x22, 0x10, 0x40, 0x00, 0x21, 0x08, 0x43
	.byte 0x00, 0x28, 0x13, 0xD0, 0x8E, 0x20, 0x40, 0x00, 0x69, 0x68, 0x07, 0x4C, 0x09, 0x19, 0xAA, 0x68
	.byte 0xEB, 0x68, 0x18, 0x24, 0x00, 0x94, 0x01, 0x94, 0x30, 0x24, 0x02, 0x94, 0xC7, 0xF7, 0x6E, 0xF8
	.byte 0x00, 0x28, 0x15, 0xD1, 0xB6, 0xE2, 0x00, 0x00, 0x00, 0xD8, 0xFF, 0xFF, 0x8E, 0x20, 0x40, 0x00
	.byte 0x69, 0x68, 0xA0, 0x22, 0x92, 0x01, 0x89, 0x18, 0xAA, 0x68, 0xEB, 0x68, 0x18, 0x24, 0x00, 0x94
	.byte 0x01, 0x94, 0x30, 0x24, 0x02, 0x94, 0xC7, 0xF7, 0x59, 0xF8, 0x00, 0x28, 0x00, 0xD1, 0xA1, 0xE2
	.byte 0x0B, 0x48, 0xD4, 0xF0, 0xCF, 0xFF, 0x02, 0x20, 0x32, 0x21, 0xBB, 0xF7, 0x23, 0xF9, 0x68, 0x6B
	.byte 0xA9, 0x6B, 0x04, 0x22, 0x10, 0x40, 0x00, 0x21, 0x08, 0x43, 0x00, 0x28, 0x0E, 0xD0, 0x80, 0x21
	.byte 0x89, 0x00, 0x6A, 0x68, 0x03, 0x4B, 0xD2, 0x18, 0xE8, 0x68, 0x03, 0x4C, 0x00, 0x19, 0x0E, 0xE0
	.byte 0x0D, 0x02, 0x00, 0x00, 0x00, 0xE0, 0xFF, 0xFF, 0x00, 0xE8, 0xFF, 0xFF, 0x80, 0x21, 0x89, 0x00
	.byte 0x6A, 0x68, 0x80, 0x20, 0x80, 0x01, 0x12, 0x18, 0xE8, 0x68, 0x04, 0x4B, 0xC0, 0x18, 0xAB, 0x68
	.byte 0x1B, 0x18, 0x06, 0x20, 0xCE, 0xF7, 0x96, 0xF8, 0x74, 0xE2, 0x00, 0x00, 0x00, 0xE8, 0xFF, 0xFF
	.byte 0x80, 0x21, 0x49, 0x00, 0x03, 0x48, 0x00, 0x68, 0x02, 0x69, 0x43, 0x69, 0x06, 0x20, 0xCE, 0xF7
	.byte 0x89, 0xF8, 0x67, 0xE2, 0x84, 0x9B, 0x03, 0x02, 0xA8, 0x25, 0x6D, 0x00, 0x78, 0x19, 0x00, 0x21
	.byte 0x40, 0x5E, 0x00, 0x28, 0x04, 0xD1, 0xAC, 0x22, 0x52, 0x00, 0xB9, 0x18, 0x0A, 0x48, 0x08, 0x60
	.byte 0xAC, 0x23, 0x5B, 0x00, 0xF8, 0x18, 0x01, 0x68, 0x00, 0x29, 0x1C, 0xDA, 0x07, 0x48, 0x81, 0x42
	.byte 0x10, 0xDD, 0x07, 0x48, 0x31, 0x1C, 0x14, 0x31, 0x72, 0x68, 0x00, 0x92, 0x05, 0x22, 0x00, 0x23
	.byte 0xCE, 0xF7, 0x74, 0xF8, 0x0F, 0xE0, 0x00, 0x00, 0x00, 0xFB, 0xFF, 0xFF, 0x00, 0xFE, 0xFF, 0xFF
	.byte 0xE8, 0xED, 0x13, 0x08, 0x0E, 0x48, 0x31, 0x1C, 0x14, 0x31, 0x72, 0x68, 0x00, 0x92, 0x04, 0x22
	.byte 0x00, 0x23, 0xCE, 0xF7, 0x63, 0xF8, 0xAC, 0x24, 0x64, 0x00, 0x38, 0x19, 0x00, 0x68, 0x00, 0x28
	.byte 0x10, 0xDD, 0xA8, 0x25, 0x6D, 0x00, 0x78, 0x19, 0x00, 0x22, 0x02, 0x80, 0xB8, 0x20, 0x40, 0x00
	.byte 0x39, 0x18, 0x1D, 0x20, 0x08, 0x60, 0xC6, 0x21, 0x49, 0x00, 0x70, 0x18, 0x02, 0x80, 0x27, 0xE2
	.byte 0xE8, 0xED, 0x13, 0x08, 0xA8, 0x22, 0x52, 0x00, 0xB9, 0x18, 0x1E, 0xE2, 0xA8, 0x23, 0x5B, 0x00
	.byte 0xF8, 0x18, 0x00, 0x21, 0x44, 0x5E, 0x00, 0x2C, 0x37, 0xD1, 0x0F, 0x48, 0x31, 0x1C, 0x14, 0x31
	.byte 0x72, 0x68, 0x00, 0x92, 0x0E, 0x22, 0x00, 0x23, 0xCE, 0xF7, 0x38, 0xF8, 0xC4, 0x22, 0x52, 0x00
	.byte 0xB0, 0x18, 0x04, 0x60, 0x68, 0x6B, 0xA9, 0x6B, 0x04, 0x22, 0x10, 0x40, 0x00, 0x21, 0x08, 0x43
	.byte 0x00, 0x28, 0x0D, 0xD0, 0xAE, 0x23, 0x5B, 0x00, 0xF9, 0x18, 0x04, 0x48, 0x00, 0x68, 0xDA, 0x30
	.byte 0x00, 0x24, 0x00, 0x5F, 0x32, 0x30, 0x0C, 0xE0, 0xE8, 0xED, 0x13, 0x08, 0x84, 0x9B, 0x03, 0x02
	.byte 0xAE, 0x20, 0x40, 0x00, 0x39, 0x18, 0x24, 0x48, 0x00, 0x68, 0xDC, 0x30, 0x00, 0x22, 0x80, 0x5E
	.byte 0x32, 0x38, 0x00, 0x02, 0x08, 0x60, 0xB0, 0x23, 0x5B, 0x00, 0xF9, 0x18, 0xA8, 0x68, 0x08, 0x60
	.byte 0xB2, 0x24, 0x64, 0x00, 0x39, 0x19, 0x1D, 0x48, 0x08, 0x60, 0xAC, 0x20, 0x40, 0x00, 0x39, 0x18
	.byte 0x00, 0x20, 0x08, 0x60, 0xAE, 0x21, 0x49, 0x00, 0x78, 0x18, 0x00, 0x68, 0x69, 0x68, 0x40, 0x1A
	.byte 0x00, 0x11, 0x09, 0x18, 0x69, 0x60, 0xB0, 0x22, 0x52, 0x00, 0xB8, 0x18, 0x00, 0x68, 0xA9, 0x68
	.byte 0x40, 0x1A, 0x00, 0x11, 0x09, 0x18, 0xA9, 0x60, 0xB2, 0x23, 0x5B, 0x00, 0xFC, 0x18, 0x20, 0x68
	.byte 0xEB, 0x68, 0xC0, 0x1A, 0xC0, 0x10, 0x28, 0x32, 0xB1, 0x18, 0x0A, 0x68, 0x90, 0x42, 0x00, 0xDD
	.byte 0x10, 0x1C, 0x52, 0x42, 0x90, 0x42, 0x00, 0xDA, 0x10, 0x1C, 0x18, 0x18, 0xE8, 0x60, 0x08, 0x68
	.byte 0x80, 0x30, 0x08, 0x60, 0xE9, 0x68, 0x20, 0x68, 0x0A, 0x1A, 0x00, 0x2A, 0x0A, 0xDB, 0x04, 0x48
	.byte 0x82, 0x42, 0x0B, 0xDD, 0x16, 0xE0, 0x00, 0x00, 0x84, 0x9B, 0x03, 0x02, 0x00, 0x38, 0xFF, 0xFF
	.byte 0xFF, 0x0F, 0x00, 0x00, 0x41, 0x1A, 0x06, 0x48, 0x81, 0x42, 0x0B, 0xDC, 0xB8, 0x23, 0x5B, 0x00
	.byte 0xF9, 0x18, 0x1E, 0x20, 0x08, 0x60, 0xA8, 0x24, 0x64, 0x00, 0x39, 0x19, 0x00, 0x20, 0x96, 0xE1
	.byte 0xFF, 0x0F, 0x00, 0x00, 0xA8, 0x25, 0x6D, 0x00, 0x79, 0x19, 0x8E, 0xE1, 0xA8, 0x21, 0x49, 0x00
	.byte 0x78, 0x18, 0x00, 0x22, 0x80, 0x5E, 0x00, 0x28, 0x63, 0xD1, 0xAE, 0x23, 0x5B, 0x00, 0xF9, 0x18
	.byte 0x03, 0x98, 0x08, 0x60, 0xB0, 0x24, 0x64, 0x00, 0x39, 0x19, 0x04, 0x98, 0x08, 0x60, 0xB2, 0x20
	.byte 0x40, 0x00, 0x39, 0x18, 0x05, 0x98, 0x0D, 0x4A, 0x80, 0x18, 0x08, 0x60, 0xCE, 0xF7, 0x82, 0xFC
	.byte 0xC6, 0x23, 0x5B, 0x00, 0xF0, 0x18, 0x00, 0x24, 0x00, 0x5F, 0x01, 0x28, 0x14, 0xD0, 0x01, 0x28
	.byte 0x22, 0xDC, 0x00, 0x28, 0x20, 0xD1, 0x06, 0x48, 0xD4, 0xF0, 0x94, 0xFE, 0x05, 0x48, 0x31, 0x1C
	.byte 0x14, 0x31, 0x72, 0x68, 0x00, 0x92, 0x0F, 0x22, 0x10, 0xE0, 0x00, 0x00, 0x00, 0xF0, 0xFF, 0xFF
	.byte 0x0B, 0x01, 0x00, 0x00, 0xE8, 0xED, 0x13, 0x08, 0x86, 0x20, 0x40, 0x00, 0xD4, 0xF0, 0x82, 0xFE
	.byte 0x04, 0x48, 0x31, 0x1C, 0x14, 0x31, 0x72, 0x68, 0x00, 0x92, 0x10, 0x22, 0x00, 0x23, 0xCD, 0xF7
	.byte 0x75, 0xFF, 0x0D, 0xE0, 0xE8, 0xED, 0x13, 0x08, 0x0C, 0x48, 0xD4, 0xF0, 0x73, 0xFE, 0x0C, 0x48
	.byte 0x31, 0x1C, 0x14, 0x31, 0x72, 0x68, 0x00, 0x92, 0x11, 0x22, 0x00, 0x23, 0xCD, 0xF7, 0x66, 0xFF
	.byte 0xAE, 0x21, 0x49, 0x00, 0x78, 0x18, 0x69, 0x68, 0x00, 0x68, 0x81, 0x42, 0x0A, 0xDA, 0x68, 0x6B
	.byte 0xA9, 0x6B, 0x05, 0x22, 0x52, 0x42, 0x10, 0x40, 0x09, 0xE0, 0x00, 0x00, 0x0D, 0x01, 0x00, 0x00
	.byte 0xE8, 0xED, 0x13, 0x08, 0x68, 0x6B, 0xA9, 0x6B, 0x04, 0x22, 0x00, 0x23, 0x10, 0x43, 0x68, 0x63
	.byte 0xA9, 0x63, 0xAC, 0x22, 0x52, 0x00, 0xB9, 0x18, 0x00, 0x20, 0x08, 0x60, 0xAE, 0x23, 0x5B, 0x00
	.byte 0xF8, 0x18, 0x00, 0x68, 0x69, 0x68, 0x40, 0x1A, 0xC0, 0x10, 0x09, 0x18, 0x69, 0x60, 0xB0, 0x24
	.byte 0x64, 0x00, 0x38, 0x19, 0x00, 0x68, 0xA9, 0x68, 0x40, 0x1A, 0xC0, 0x10, 0x09, 0x18, 0xA9, 0x60
	.byte 0xB2, 0x21, 0x49, 0x00, 0x78, 0x18, 0x00, 0x68, 0xE9, 0x68, 0x40, 0x1A, 0xC0, 0x10, 0x09, 0x18
	.byte 0xE9, 0x60, 0xF8, 0x8B, 0x00, 0x28, 0x00, 0xD0, 0xC7, 0xE0, 0x34, 0x32, 0xB0, 0x18, 0x00, 0x23
	.byte 0xC0, 0x5E, 0x01, 0x28, 0x42, 0xD0, 0x01, 0x28, 0x00, 0xDD, 0x81, 0xE0, 0x00, 0x28, 0x00, 0xD0
	.byte 0x7E, 0xE0, 0x38, 0x1C, 0x14, 0x30, 0xBA, 0xF7, 0x7F, 0xFC, 0x00, 0x04, 0x02, 0x0C, 0x04, 0x2A
	.byte 0x00, 0xD0, 0xB2, 0xE0, 0x68, 0x6B, 0xA9, 0x6B, 0x10, 0x40, 0x00, 0x21, 0x08, 0x43, 0x00, 0x28
	.byte 0x14, 0xD0, 0x08, 0x48, 0x69, 0x68, 0x08, 0x4C, 0x09, 0x19, 0xAA, 0x68, 0xEB, 0x68, 0x18, 0x24
	.byte 0x00, 0x94, 0x01, 0x94, 0x30, 0x24, 0x02, 0x94, 0xC6, 0xF7, 0x88, 0xFE, 0x00, 0x28, 0x16, 0xD1
	.byte 0x9B, 0xE0, 0x00, 0x00, 0x1D, 0x01, 0x00, 0x00, 0x00, 0xD8, 0xFF, 0xFF, 0x09, 0x48, 0x69, 0x68
	.byte 0xA0, 0x22, 0x92, 0x01, 0x89, 0x18, 0xAA, 0x68, 0xEB, 0x68, 0x18, 0x24, 0x00, 0x94, 0x01, 0x94
	.byte 0x30, 0x24, 0x02, 0x94, 0xC6, 0xF7, 0x72, 0xFE, 0x00, 0x28, 0x00, 0xD1, 0x85, 0xE0, 0x02, 0x48
	.byte 0x3C, 0xE0, 0x00, 0x00, 0x1D, 0x01, 0x00, 0x00, 0x0B, 0x02, 0x00, 0x00, 0x38, 0x1C, 0x14, 0x30
	.byte 0xBA, 0xF7, 0x42, 0xFC, 0x00, 0x04, 0x00, 0x0C, 0x03, 0x28, 0x76, 0xD1, 0xCE, 0xF7, 0xBA, 0xFB
	.byte 0x68, 0x6B, 0xA9, 0x6B, 0x04, 0x22, 0x10, 0x40, 0x00, 0x21, 0x08, 0x43, 0x00, 0x28, 0x13, 0xD0
	.byte 0x07, 0x48, 0x69, 0x68, 0x07, 0x4B, 0xC9, 0x18, 0xAA, 0x68, 0xEB, 0x68, 0x18, 0x24, 0x00, 0x94
	.byte 0x01, 0x94, 0x30, 0x24, 0x02, 0x94, 0xC6, 0xF7, 0x49, 0xFE, 0x00, 0x28, 0x14, 0xD1, 0x5C, 0xE0
	.byte 0x1D, 0x01, 0x00, 0x00, 0x00, 0xD8, 0xFF, 0xFF, 0x0C, 0x48, 0x69, 0x68, 0xA0, 0x24, 0xA4, 0x01
	.byte 0x09, 0x19, 0xAA, 0x68, 0xEB, 0x68, 0x18, 0x24, 0x00, 0x94, 0x01, 0x94, 0x30, 0x24, 0x02, 0x94
	.byte 0xC6, 0xF7, 0x34, 0xFE, 0x00, 0x28, 0x48, 0xD0, 0x83, 0x20, 0x80, 0x00, 0xD4, 0xF0, 0xAA, 0xFD
	.byte 0x02, 0x20, 0x14, 0x21, 0xBA, 0xF7, 0xFE, 0xFE, 0x3F, 0xE0, 0x00, 0x00, 0x1D, 0x01, 0x00, 0x00
	.byte 0x38, 0x1C, 0x14, 0x30, 0xBA, 0xF7, 0x00, 0xFC, 0x00, 0x04, 0x00, 0x0C, 0x03, 0x28, 0x34, 0xD1
	.byte 0xCE, 0xF7, 0x78, 0xFB, 0x68, 0x6B, 0xA9, 0x6B, 0x04, 0x22, 0x10, 0x40, 0x00, 0x21, 0x08, 0x43
	.byte 0x00, 0x28, 0x13, 0xD0, 0x07, 0x48, 0x69, 0x68, 0x07, 0x4A, 0x89, 0x18, 0xAA, 0x68, 0xEB, 0x68
	.byte 0x18, 0x24, 0x00, 0x94, 0x01, 0x94, 0x30, 0x24, 0x02, 0x94, 0xC6, 0xF7, 0x07, 0xFE, 0x00, 0x28
	.byte 0x14, 0xD1, 0x1A, 0xE0, 0x1D, 0x01, 0x00, 0x00, 0x00, 0xD8, 0xFF, 0xFF, 0x20, 0x48, 0x69, 0x68
	.byte 0xA0, 0x23, 0x9B, 0x01, 0xC9, 0x18, 0xAA, 0x68, 0xEB, 0x68, 0x18, 0x24, 0x00, 0x94, 0x01, 0x94
	.byte 0x30, 0x24, 0x02, 0x94, 0xC6, 0xF7, 0xF2, 0xFD, 0x00, 0x28, 0x06, 0xD0, 0x19, 0x48, 0xD4, 0xF0
	.byte 0x69, 0xFD, 0x02, 0x20, 0x14, 0x21, 0xBA, 0xF7, 0xBD, 0xFE, 0xA8, 0x20, 0x40, 0x00, 0x3C, 0x18
	.byte 0x00, 0x21, 0x60, 0x5E, 0x17, 0x28, 0x2D, 0xDD, 0x38, 0x1C, 0x14, 0x30, 0xBA, 0xF7, 0xB0, 0xFB
	.byte 0x00, 0x06, 0x00, 0x28, 0x26, 0xD0, 0x00, 0x22, 0x90, 0x46, 0x43, 0x46, 0x23, 0x80, 0xC6, 0x24
	.byte 0x64, 0x00, 0x31, 0x19, 0x08, 0x88, 0x01, 0x30, 0x08, 0x80, 0x00, 0x04, 0x00, 0x14, 0x02, 0x28
	.byte 0x12, 0xDD, 0x28, 0x1C, 0xCF, 0xF7, 0x92, 0xFD, 0xB8, 0x25, 0x6D, 0x00, 0x78, 0x19, 0x1A, 0x21
	.byte 0x01, 0x60, 0xC8, 0x21, 0x49, 0x00, 0x70, 0x18, 0x42, 0x46, 0x02, 0x80, 0x10, 0xE0, 0x00, 0x00
	.byte 0x1D, 0x01, 0x00, 0x00, 0x0D, 0x02, 0x00, 0x00, 0xB8, 0x23, 0x5B, 0x00, 0xF9, 0x18, 0x1D, 0x20
	.byte 0x08, 0x60, 0x05, 0xE0, 0xA8, 0x24, 0x64, 0x00, 0x39, 0x19, 0x08, 0x88, 0x01, 0x30, 0x08, 0x80
_0804B41C:
	.byte 0x38, 0x1C, 0xC3, 0xF7, 0xE7, 0xF8, 0x00, 0x06, 0x00, 0x0E, 0x06, 0xB0, 0x18, 0xBC, 0x98, 0x46
	.byte 0xA1, 0x46, 0xF0, 0xBC, 0x02, 0xBC, 0x08, 0x47
	thumb_func_start task_hum_cloud_2
task_hum_cloud_2: @ 0804B434
	push {lr}
	bl func_0800EFE8
	pop {r0}
	bx r0
	.byte 0x00, 0x00
	thumb_func_start task_hum_cloud_3
task_hum_cloud_3: @ 0804B440
	push {lr}
	bl func_0800E380
	pop {r0}
	bx r0
	.byte 0x00, 0x00
	thumb_func_start func_0804B44C
func_0804B44C: @ 0804B44C
	push {r4, r5, r6, lr}
	mov r12, r0
	adds r6, r2, #0x0
	lsls r1, r1, #0x10
	lsrs r5, r1, #0x10
	mov r4, r12
	mov r3, r12
	adds r3, #0x40
	ldr r0, [r3, #0x34]
	ldr r1, [r3, #0x38]
	movs r2, #0x04
	ands r0, r2
	movs r1, #0x00
	orrs r0, r1
	cmp r0, #0x00
	beq _0804B47C
	movs r2, #0xAE
	lsls r2, r2, #0x01
	add r2, r12
	lsls r1, r5, #0x10
	asrs r1, r1, #0x08
	ldr r0, [r3, #0x04]
	subs r0, r0, r1
	b _0804B48A
_0804B47C:
	movs r2, #0xAE
	lsls r2, r2, #0x01
	add r2, r12
	lsls r1, r5, #0x10
	asrs r1, r1, #0x08
	ldr r0, [r3, #0x04]
	adds r0, r0, r1
_0804B48A:
	str r0, [r2, #0x00]
	movs r0, #0xB0
	lsls r0, r0, #0x01
	adds r1, r4, r0
	ldr r0, [r3, #0x08]
	str r0, [r1, #0x00]
	movs r0, #0xB8
	lsls r0, r0, #0x01
	adds r1, r4, r0
	movs r0, #0x16
	str r0, [r1, #0x00]
	movs r0, #0xA8
	lsls r0, r0, #0x01
	adds r1, r4, r0
	movs r0, #0x00
	strh r0, [r1, #0x00]
	movs r1, #0xC4
	lsls r1, r1, #0x01
	add r1, r12
	negs r0, r6
	str r0, [r1, #0x00]
	pop {r4, r5, r6}
	pop {r0}
	bx r0
	.byte 0x00, 0x00
	thumb_func_start func_0804B4BC
func_0804B4BC: @ 0804B4BC
	push {r4, lr}
	adds r3, r0, #0x0
	movs r4, #0xAE
	lsls r4, r4, #0x01
	adds r0, r3, r4
	str r1, [r0, #0x00]
	movs r1, #0xB0
	lsls r1, r1, #0x01
	adds r0, r3, r1
	str r2, [r0, #0x00]
	adds r4, #0x14
	adds r1, r3, r4
	movs r0, #0x16
	str r0, [r1, #0x00]
	movs r0, #0xA8
	lsls r0, r0, #0x01
	adds r1, r3, r0
	movs r0, #0x00
	strh r0, [r1, #0x00]
	adds r4, #0x18
	adds r1, r3, r4
	ldr r0, _0804B4F0 @ =0xFFFFF980
	str r0, [r1, #0x00]
	pop {r4}
	pop {r0}
	bx r0
_0804B4F0: .4byte 0xFFFFF980
	thumb_func_start func_0804B4F4
func_0804B4F4: @ 0804B4F4
	push {r4, r5, r6, lr}
	add sp, #-0x008
	adds r4, r0, #0x0
	ldr r5, _0804B54C @ =0x02039B84
	ldr r0, [r5, #0x00]
	ldr r6, [r0, #0x7C]
	adds r0, r4, #0x0
	adds r0, #0x40
	add r2, sp, #0x004
	mov r1, sp
	movs r3, #0x00
	bl func_0801C700
	adds r0, r4, #0x0
	movs r1, #0x01
	bl func_0800F368
	movs r3, #0x80
	lsls r3, r3, #0x01
	adds r0, r4, #0x0
	adds r1, r3, #0x0
	adds r2, r3, #0x0
	bl func_0800F504
	lsls r0, r0, #0x18
	cmp r0, #0x00
	beq _0804B59A
	ldr r0, [r5, #0x00]
	ldr r1, [r0, #0x6C]
	ldr r0, [r0, #0x68]
	movs r2, #0x80
	lsls r2, r2, #0x08
	ands r0, r2
	movs r1, #0x00
	orrs r0, r1
	cmp r0, #0x00
	beq _0804B550
	subs r1, #0x63
	movs r2, #0xA0
	lsls r2, r2, #0x02
	adds r0, r4, #0x0
	bl func_0804B44C
	b _0804B596
_0804B54C: .4byte 0x02039B84
_0804B550:
	bl func_080065A4
	movs r1, #0x01
	ands r1, r0
	cmp r1, #0x00
	beq _0804B588
	ldr r0, [r6, #0x34]
	ldr r1, [r6, #0x38]
	movs r2, #0x04
	ands r0, r2
	movs r1, #0x00
	orrs r0, r1
	cmp r0, #0x00
	beq _0804B574
	ldr r1, [sp, #0x000]
	movs r0, #0xA0
	lsls r0, r0, #0x06
	b _0804B578
_0804B574:
	ldr r1, [sp, #0x000]
	ldr r0, _0804B584 @ =0xFFFFD800
_0804B578:
	adds r1, r1, r0
	ldr r2, [sp, #0x004]
	adds r0, r4, #0x0
	bl func_0804B4BC
	b _0804B596
_0804B584: .4byte 0xFFFFD800
_0804B588:
	movs r1, #0x50
	negs r1, r1
	movs r2, #0xA0
	lsls r2, r2, #0x03
	adds r0, r4, #0x0
	bl func_0804B44C
_0804B596:
	movs r0, #0x01
	b _0804B59C
_0804B59A:
	movs r0, #0x00
_0804B59C:
	add sp, #0x008
	pop {r4, r5, r6}
	pop {r1}
	bx r1
	.byte 0x10, 0xB5, 0x04, 0x1C, 0x0F, 0x48, 0x00, 0x68, 0x2C, 0x30, 0x0F, 0x49, 0x00, 0x22, 0xB5, 0xF7
	.byte 0x2F, 0xFC, 0x0E, 0x49, 0x20, 0x1C, 0xC2, 0xF7, 0xD5, 0xFD, 0x60, 0x6F, 0xA1, 0x6F, 0x0C, 0x4A
	.byte 0x0C, 0x4B, 0x10, 0x43, 0x60, 0x67, 0xA1, 0x67, 0xBA, 0xF7, 0xEA, 0xFF, 0x00, 0x04, 0x00, 0x0C
	.byte 0x01, 0x21, 0x08, 0x40, 0x00, 0x28, 0x11, 0xD0, 0xC2, 0x20, 0x40, 0x00, 0x21, 0x18, 0x06, 0x48
	.byte 0x10, 0xE0, 0x00, 0x00, 0x84, 0x9B, 0x03, 0x02, 0xD8, 0xB5, 0xED, 0x09, 0x5C, 0xF0, 0x13, 0x08
	.byte 0x00, 0x00, 0x00, 0x10, 0x00, 0x00, 0x00, 0x00, 0x54, 0xEF, 0x13, 0x08, 0xC2, 0x22, 0x52, 0x00
	.byte 0xA1, 0x18, 0x13, 0x48, 0x08, 0x60, 0xAA, 0x20, 0x40, 0x00, 0x22, 0x18, 0x10, 0x68, 0x40, 0x21
	.byte 0x08, 0x43, 0x10, 0x60, 0xC4, 0x21, 0x49, 0x00, 0x60, 0x18, 0x00, 0x21, 0x01, 0x60, 0xC6, 0x22
	.byte 0x52, 0x00, 0xA0, 0x18, 0x01, 0x60, 0x04, 0x32, 0xA0, 0x18, 0x01, 0x60, 0x04, 0x32, 0xA0, 0x18
	.byte 0x01, 0x80, 0x02, 0x32, 0xA0, 0x18, 0x01, 0x80, 0x02, 0x32, 0xA0, 0x18, 0x01, 0x80, 0xCE, 0x21
	.byte 0x49, 0x00, 0x60, 0x18, 0x03, 0x21, 0xB5, 0xF7, 0x0B, 0xFC, 0x10, 0xBC, 0x01, 0xBC, 0x00, 0x47
	.byte 0x60, 0xEF, 0x13, 0x08, 0xF0, 0xB5, 0x57, 0x46, 0x4E, 0x46, 0x45, 0x46, 0xE0, 0xB4, 0x8E, 0xB0
	.byte 0x07, 0x1C, 0xB8, 0x46, 0x3E, 0x1C, 0x40, 0x36, 0x10, 0x48, 0x00, 0x68, 0xC0, 0x6F, 0x82, 0x46
	.byte 0x0B, 0xA9, 0x0C, 0xAA, 0x0D, 0xAB, 0x30, 0x1C, 0xD1, 0xF7, 0x40, 0xF8, 0x38, 0x1C, 0xC2, 0xF7
	.byte 0xD7, 0xFE, 0x05, 0x28, 0x4B, 0xD1, 0xA8, 0x21, 0x49, 0x00, 0x78, 0x18, 0x00, 0x24, 0x04, 0x80
	.byte 0x38, 0x1C, 0xC4, 0xF7, 0xD9, 0xF8, 0x01, 0x1C, 0x26, 0x29, 0x25, 0xD0, 0x26, 0x29, 0x07, 0xD8
	.byte 0x24, 0x29, 0x15, 0xD0, 0x25, 0x29, 0x19, 0xD0, 0x39, 0xE0, 0x00, 0x00, 0x84, 0x9B, 0x03, 0x02
	.byte 0x03, 0x48, 0x81, 0x42, 0x24, 0xD0, 0x81, 0x42, 0x04, 0xD8, 0x27, 0x29, 0x1A, 0xD0, 0x2E, 0xE0
	.byte 0xBD, 0xF6, 0x1A, 0xED, 0x01, 0x48, 0x81, 0x42, 0x20, 0xD0, 0x28, 0xE0, 0xC7, 0x1E, 0x1B, 0xED
	.byte 0xB8, 0x22, 0x52, 0x00, 0xB9, 0x18, 0x14, 0x20, 0x08, 0x60, 0x20, 0xE0, 0xB8, 0x23, 0x5B, 0x00
	.byte 0xF9, 0x18, 0x15, 0x20, 0x08, 0x60, 0x1A, 0xE0, 0xB8, 0x24, 0x64, 0x00, 0x39, 0x19, 0x13, 0x20
	.byte 0x08, 0x60, 0x14, 0xE0, 0xB8, 0x25, 0x6D, 0x00, 0x79, 0x19, 0x19, 0x20, 0x08, 0x60, 0x0E, 0xE0
	.byte 0xB8, 0x20, 0x40, 0x00, 0x39, 0x18, 0x1A, 0x20, 0x08, 0x60, 0x08, 0xE0, 0xB8, 0x22, 0x52, 0x00
	.byte 0xB9, 0x18, 0x1D, 0x20, 0x08, 0x60, 0xA9, 0x23, 0x5B, 0x00, 0xF8, 0x18, 0x04, 0x80, 0x18, 0x20
	.byte 0x00, 0x90, 0x38, 0x1C, 0x0D, 0x21, 0x28, 0x22, 0x28, 0x23, 0xC3, 0xF7, 0x39, 0xFF, 0x00, 0x06
	.byte 0x00, 0x28, 0x14, 0xD0, 0xBA, 0xF7, 0x34, 0xFF, 0x00, 0x04, 0x00, 0x0C, 0x01, 0x21, 0x08, 0x40
	.byte 0x00, 0x28, 0x07, 0xD0, 0xC2, 0x21, 0x49, 0x00, 0x41, 0x44, 0x01, 0x48, 0x06, 0xE0, 0x00, 0x00
	.byte 0x54, 0xEF, 0x13, 0x08, 0xC2, 0x21, 0x49, 0x00, 0x41, 0x44, 0x07, 0x48, 0x08, 0x60, 0xB8, 0x24
	.byte 0x64, 0x00, 0x38, 0x19, 0x00, 0x68, 0x1D, 0x28, 0x01, 0xD9, 0x00, 0xF0, 0xFA, 0xFF, 0x80, 0x00
	.byte 0x02, 0x49, 0x40, 0x18, 0x00, 0x68, 0x87, 0x46, 0x60, 0xEF, 0x13, 0x08, 0x84, 0xB7, 0x04, 0x08
	.byte 0xD4, 0xB8, 0x04, 0x08, 0x5C, 0xBA, 0x04, 0x08, 0x78, 0xBA, 0x04, 0x08, 0x32, 0xBA, 0x04, 0x08
	.byte 0x66, 0xC7, 0x04, 0x08, 0x66, 0xC7, 0x04, 0x08, 0x66, 0xC7, 0x04, 0x08, 0x66, 0xC7, 0x04, 0x08
	.byte 0x9E, 0xB9, 0x04, 0x08, 0x5C, 0xBA, 0x04, 0x08, 0x66, 0xC7, 0x04, 0x08, 0x5C, 0xBA, 0x04, 0x08
	.byte 0xFC, 0xB7, 0x04, 0x08, 0x66, 0xC7, 0x04, 0x08, 0x5C, 0xBA, 0x04, 0x08, 0x66, 0xC7, 0x04, 0x08
	.byte 0x66, 0xC7, 0x04, 0x08, 0x18, 0xB8, 0x04, 0x08, 0xFC, 0xB7, 0x04, 0x08, 0x82, 0xC3, 0x04, 0x08
	.byte 0x78, 0xC2, 0x04, 0x08, 0x88, 0xC4, 0x04, 0x08, 0xF8, 0xC5, 0x04, 0x08, 0x50, 0xC6, 0x04, 0x08
	.byte 0x1E, 0xC7, 0x04, 0x08, 0x64, 0xBF, 0x04, 0x08, 0x24, 0xBB, 0x04, 0x08, 0x4C, 0xBC, 0x04, 0x08
	.byte 0x72, 0xBD, 0x04, 0x08, 0x00, 0xC1, 0x04, 0x08, 0x05, 0x48, 0x41, 0x46, 0x14, 0x31, 0x45, 0x46
	.byte 0x6A, 0x68, 0x00, 0x92, 0x00, 0x22, 0x01, 0x23, 0xCD, 0xF7, 0x2C, 0xFC, 0x00, 0xF0, 0xA9, 0xFF
	.byte 0x6C, 0xEF, 0x13, 0x08, 0x13, 0x48, 0x41, 0x46, 0x14, 0x31, 0x43, 0x46, 0x5A, 0x68, 0x00, 0x92
	.byte 0x00, 0x22, 0x03, 0x23, 0xCD, 0xF7, 0x1E, 0xFC, 0x0F, 0x48, 0x00, 0x68, 0xC1, 0x6E, 0x80, 0x6E
	.byte 0x80, 0x22, 0x92, 0x05, 0x10, 0x40, 0x00, 0x21, 0x08, 0x43, 0x00, 0x28, 0x07, 0xD0, 0x40, 0x46
	.byte 0xFF, 0xF7, 0x56, 0xFE, 0x00, 0x06, 0x00, 0x28, 0x01, 0xD0, 0x00, 0xF0, 0x8A, 0xFF, 0x72, 0x68
	.byte 0x0B, 0x98, 0x11, 0x1A, 0x03, 0x1C, 0x00, 0x29, 0x0A, 0xDB, 0x04, 0x48, 0x81, 0x42, 0x0D, 0xDD
	.byte 0x00, 0xF0, 0x7F, 0xFF, 0x6C, 0xEF, 0x13, 0x08, 0x84, 0x9B, 0x03, 0x02, 0xFF, 0x3F, 0x00, 0x00
	.byte 0x99, 0x1A, 0x0B, 0x48, 0x81, 0x42, 0x01, 0xDD, 0x00, 0xF0, 0x73, 0xFF, 0x09, 0x48, 0x83, 0x42
	.byte 0x14, 0xDC, 0x09, 0x48, 0x03, 0x68, 0x18, 0x1C, 0xDC, 0x30, 0x00, 0x24, 0x01, 0x5F, 0x28, 0x39
	.byte 0x09, 0x02, 0x02, 0x30, 0x00, 0x25, 0x42, 0x5F, 0x02, 0x30, 0x00, 0x23, 0xC0, 0x5E, 0x53, 0xE0
	.byte 0xFF, 0x3F, 0x00, 0x00, 0xFF, 0xFF, 0x00, 0x00, 0x84, 0x9B, 0x03, 0x02, 0x07, 0x48, 0x00, 0x68
	.byte 0x01, 0x1C, 0xDA, 0x31, 0x00, 0x24, 0x09, 0x5F, 0x28, 0x31, 0x09, 0x02, 0x02, 0x1C, 0xDE, 0x32
	.byte 0x00, 0x25, 0x52, 0x5F, 0xE0, 0x30, 0x00, 0x23, 0xC0, 0x5E, 0x3D, 0xE0, 0x84, 0x9B, 0x03, 0x02
	.byte 0x13, 0x48, 0x41, 0x46, 0x14, 0x31, 0x44, 0x46, 0x62, 0x68, 0x00, 0x92, 0x00, 0x22, 0x03, 0x23
	.byte 0xCD, 0xF7, 0xC0, 0xFB, 0x35, 0xF0, 0x9E, 0xFF, 0x00, 0x06, 0x00, 0x28, 0x01, 0xD0, 0x00, 0xF0
	.byte 0x38, 0xFF, 0xBA, 0xF7, 0x55, 0xFE, 0x00, 0x04, 0x00, 0x0C, 0x96, 0x21, 0xD1, 0xF0, 0x64, 0xFF
	.byte 0x00, 0x04, 0x02, 0x0C, 0x00, 0x2A, 0x0D, 0xD1, 0xB8, 0x25, 0x6D, 0x00, 0x78, 0x19, 0x08, 0x21
	.byte 0x01, 0x60, 0xA8, 0x21, 0x49, 0x00, 0x78, 0x18, 0x02, 0x80, 0x00, 0xF0, 0x22, 0xFF, 0x00, 0x00
	.byte 0x6C, 0xEF, 0x13, 0x08, 0x38, 0x1C, 0x28, 0x21, 0xC3, 0xF7, 0xCC, 0xFD, 0x00, 0x06, 0x00, 0x28
	.byte 0x14, 0xD0, 0x80, 0x21, 0x49, 0x02, 0x08, 0x48, 0x00, 0x68, 0x02, 0x1C, 0xDE, 0x32, 0x00, 0x23
	.byte 0xD2, 0x5E, 0xE0, 0x30, 0x00, 0x24, 0x00, 0x5F, 0x12, 0x18, 0xD2, 0x01, 0x40, 0x46, 0xFF, 0xF7
	.byte 0xB3, 0xFD, 0x00, 0xF0, 0x06, 0xFF, 0x00, 0x00, 0x84, 0x9B, 0x03, 0x02, 0x09, 0x48, 0x00, 0x68
	.byte 0xC1, 0x6E, 0x80, 0x6E, 0x80, 0x22, 0x92, 0x05, 0x10, 0x40, 0x00, 0x21, 0x08, 0x43, 0x00, 0x28
	.byte 0x0A, 0xD0, 0x40, 0x46, 0xFF, 0xF7, 0xBC, 0xFD, 0x00, 0x06, 0x00, 0x28, 0x01, 0xD0, 0x00, 0xF0
	.byte 0xF0, 0xFE, 0x05, 0xE0, 0x84, 0x9B, 0x03, 0x02, 0x38, 0x1C, 0x08, 0x21, 0xC3, 0xF7, 0xEA, 0xFC
	.byte 0xA8, 0x25, 0x6D, 0x00, 0x79, 0x19, 0x00, 0xF0, 0xBC, 0xFE, 0x14, 0x48, 0x41, 0x46, 0x14, 0x31
	.byte 0x43, 0x46, 0x5A, 0x68, 0x00, 0x92, 0x01, 0x22, 0x03, 0x23, 0xCD, 0xF7, 0x5B, 0xFB, 0xAE, 0x24
	.byte 0x64, 0x00, 0x39, 0x19, 0x0B, 0x98, 0x08, 0x60, 0xB0, 0x25, 0x6D, 0x00, 0x78, 0x19, 0x0C, 0x9A
	.byte 0x02, 0x60, 0x09, 0x68, 0xB3, 0x23, 0x5B, 0x00, 0x38, 0x1C, 0xC3, 0xF7, 0xF5, 0xFC, 0x00, 0x06
	.byte 0x00, 0x28, 0x0D, 0xD0, 0xB8, 0x21, 0x49, 0x00, 0x78, 0x18, 0x00, 0x21, 0x01, 0x60, 0xA8, 0x22
	.byte 0x52, 0x00, 0xB8, 0x18, 0x01, 0x80, 0x00, 0xF0, 0xBC, 0xFE, 0x00, 0x00, 0x6C, 0xEF, 0x13, 0x08
	.byte 0x09, 0x48, 0x00, 0x68, 0xC1, 0x6E, 0x80, 0x6E, 0x80, 0x22, 0x92, 0x05, 0x10, 0x40, 0x00, 0x21
	.byte 0x08, 0x43, 0x00, 0x28, 0x0A, 0xD0, 0x40, 0x46, 0xFF, 0xF7, 0x72, 0xFD, 0x00, 0x06, 0x00, 0x28
	.byte 0x01, 0xD0, 0x00, 0xF0, 0xA6, 0xFE, 0x05, 0xE0, 0x84, 0x9B, 0x03, 0x02, 0x38, 0x1C, 0x08, 0x21
	.byte 0xC3, 0xF7, 0xA0, 0xFC, 0xA8, 0x23, 0x5B, 0x00, 0xF9, 0x18, 0x00, 0xF0, 0x72, 0xFE, 0x08, 0x48
	.byte 0x41, 0x46, 0x14, 0x31, 0x44, 0x46, 0x62, 0x68, 0x00, 0x92, 0x02, 0x22, 0x00, 0x23, 0xCD, 0xF7
	.byte 0x11, 0xFB, 0x04, 0x48, 0x01, 0x68, 0x00, 0x20, 0x08, 0x76, 0x00, 0xF0, 0x8A, 0xFE, 0x00, 0x00
	.byte 0x6C, 0xEF, 0x13, 0x08, 0x84, 0x9B, 0x03, 0x02, 0x05, 0x48, 0x41, 0x46, 0x14, 0x31, 0x45, 0x46
	.byte 0x6A, 0x68, 0x00, 0x92, 0x02, 0x22, 0x00, 0x23, 0xCD, 0xF7, 0xFC, 0xFA, 0x00, 0xF0, 0x79, 0xFE
	.byte 0x6C, 0xEF, 0x13, 0x08, 0x35, 0xF0, 0xD6, 0xFE, 0x00, 0x06, 0x00, 0x28, 0x01, 0xD1, 0x00, 0xF0
	.byte 0x70, 0xFE, 0xBA, 0xF7, 0x8D, 0xFD, 0x00, 0x04, 0x00, 0x0C, 0x0A, 0x21, 0xD1, 0xF0, 0x9C, 0xFE
	.byte 0x00, 0x04, 0x00, 0x28, 0x01, 0xD0, 0x00, 0xF0, 0x64, 0xFE, 0x0B, 0x99, 0x06, 0x48, 0x81, 0x42
	.byte 0x0E, 0xDC, 0xAE, 0x20, 0x40, 0x00, 0x3A, 0x18, 0x04, 0x49, 0x08, 0x68, 0xDC, 0x30, 0x00, 0x23
	.byte 0xC0, 0x5E, 0x28, 0x38, 0x0D, 0xE0, 0x00, 0x00, 0xFF, 0xFF, 0x00, 0x00, 0x84, 0x9B, 0x03, 0x02
	.byte 0xAE, 0x24, 0x64, 0x00, 0x3A, 0x19, 0x14, 0x49, 0x08, 0x68, 0xDA, 0x30, 0x00, 0x25, 0x40, 0x5F
	.byte 0x28, 0x30, 0x00, 0x02, 0x10, 0x60, 0x0C, 0x1C, 0xB0, 0x20, 0x40, 0x00, 0x3A, 0x18, 0x20, 0x68
	.byte 0x01, 0x1C, 0xDE, 0x31, 0x00, 0x23, 0xC9, 0x5E, 0xE0, 0x30, 0x00, 0x24, 0x00, 0x5F, 0x09, 0x18
	.byte 0xC9, 0x01, 0x11, 0x60, 0xB8, 0x25, 0x6D, 0x00, 0x79, 0x19, 0x17, 0x20, 0x08, 0x60, 0xA8, 0x20
	.byte 0x40, 0x00, 0x39, 0x18, 0x00, 0x20, 0x08, 0x80, 0xAC, 0x22, 0x52, 0x00, 0xB9, 0x18, 0x03, 0x48
	.byte 0x08, 0x60, 0x00, 0xF0, 0x26, 0xFE, 0x00, 0x00, 0x84, 0x9B, 0x03, 0x02, 0x80, 0xF9, 0xFF, 0xFF
	.byte 0xA8, 0x23, 0x5B, 0x00, 0xF8, 0x18, 0x00, 0x24, 0x00, 0x5F, 0x00, 0x28, 0x09, 0xD1, 0x0F, 0x48
	.byte 0x41, 0x46, 0x14, 0x31, 0x45, 0x46, 0x6A, 0x68, 0x00, 0x92, 0x0B, 0x22, 0x01, 0x23, 0xCD, 0xF7
	.byte 0x91, 0xFA, 0x70, 0x68, 0xB1, 0x68, 0xF2, 0x68, 0xE3, 0xF7, 0x9A, 0xFB, 0x38, 0x1C, 0x01, 0x21
	.byte 0xC3, 0xF7, 0x08, 0xFC, 0x70, 0x6B, 0xB1, 0x6B, 0x04, 0x22, 0x10, 0x40, 0x00, 0x21, 0x08, 0x43
	.byte 0x00, 0x28, 0x07, 0xD0, 0x70, 0x68, 0x02, 0x49, 0x42, 0x18, 0x07, 0xE0, 0x6C, 0xEF, 0x13, 0x08
	.byte 0x00, 0xF0, 0xFF, 0xFF, 0x70, 0x68, 0x80, 0x23, 0x5B, 0x01, 0xC2, 0x18, 0x0B, 0x99, 0x89, 0x1A
	.byte 0x09, 0x11, 0x40, 0x18, 0x70, 0x60, 0x0C, 0x98, 0xB1, 0x68, 0x40, 0x1A, 0x00, 0x11, 0x09, 0x18
	.byte 0xB1, 0x60, 0xF8, 0x8B, 0x00, 0x28, 0x3F, 0xD1, 0x38, 0x1C, 0x14, 0x30, 0xB9, 0xF7, 0xC8, 0xFF
	.byte 0x00, 0x04, 0x00, 0x0C, 0x04, 0x28, 0x06, 0xD0, 0x04, 0x28, 0x02, 0xDC, 0x02, 0x28, 0x02, 0xD0
	.byte 0x32, 0xE0, 0x07, 0x28, 0x30, 0xD1, 0xCD, 0xF7, 0x39, 0xFF, 0x70, 0x6B, 0xB1, 0x6B, 0x04, 0x22
	.byte 0x10, 0x40, 0x00, 0x21, 0x08, 0x43, 0x00, 0x28, 0x12, 0xD0, 0x8C, 0x20, 0x40, 0x00, 0x71, 0x68
	.byte 0x06, 0x4C, 0x09, 0x19, 0xB2, 0x68, 0xF3, 0x68, 0x14, 0x24, 0x00, 0x94, 0x01, 0x94, 0x32, 0x24
	.byte 0x02, 0x94, 0xC6, 0xF7, 0xC7, 0xF9, 0x00, 0x28, 0x13, 0xD1, 0x15, 0xE0, 0x00, 0xEC, 0xFF, 0xFF
	.byte 0x8C, 0x20, 0x40, 0x00, 0x71, 0x68, 0xA0, 0x25, 0x6D, 0x01, 0x49, 0x19, 0xB2, 0x68, 0xF3, 0x68
	.byte 0x14, 0x24, 0x00, 0x94, 0x01, 0x94, 0x32, 0x24, 0x02, 0x94, 0xC6, 0xF7, 0xB3, 0xF9, 0x00, 0x28
	.byte 0x02, 0xD0, 0x0A, 0x48, 0xD4, 0xF0, 0x2A, 0xF9, 0xA8, 0x20, 0x40, 0x00, 0x3A, 0x18, 0x11, 0x88
	.byte 0x00, 0x23, 0xD0, 0x5E, 0x78, 0x28, 0x0B, 0xDD, 0xB8, 0x24, 0x64, 0x00, 0x38, 0x19, 0x1B, 0x21
	.byte 0x01, 0x60, 0x00, 0x20, 0x10, 0x80, 0x00, 0xF0, 0x94, 0xFD, 0x00, 0x00, 0x2E, 0x02, 0x00, 0x00
	.byte 0x48, 0x1C, 0x10, 0x80, 0x00, 0xF0, 0x8D, 0xFD, 0x70, 0x68, 0xB1, 0x68, 0xF2, 0x68, 0xE3, 0xF7
	.byte 0x17, 0xFB, 0xA8, 0x25, 0x6D, 0x00, 0x78, 0x19, 0x00, 0x21, 0x40, 0x5E, 0x00, 0x28, 0x09, 0xD1
	.byte 0x0C, 0x48, 0x41, 0x46, 0x14, 0x31, 0x43, 0x46, 0x5A, 0x68, 0x00, 0x92, 0x09, 0x22, 0x00, 0x23
	.byte 0xCD, 0xF7, 0xF8, 0xF9, 0x38, 0x1C, 0x01, 0x21, 0xC3, 0xF7, 0x74, 0xFB, 0x70, 0x6B, 0xB1, 0x6B
	.byte 0x04, 0x22, 0x10, 0x40, 0x00, 0x21, 0x08, 0x43, 0x00, 0x28, 0x07, 0xD0, 0x70, 0x68, 0x02, 0x4C
	.byte 0x02, 0x19, 0x07, 0xE0, 0x6C, 0xEF, 0x13, 0x08, 0x00, 0xF0, 0xFF, 0xFF, 0x70, 0x68, 0x80, 0x25
	.byte 0x6D, 0x01, 0x42, 0x19, 0x0B, 0x99, 0x89, 0x1A, 0x09, 0x11, 0x40, 0x18, 0x70, 0x60, 0x0C, 0x98
	.byte 0xB1, 0x68, 0x40, 0x1A, 0x00, 0x11, 0x09, 0x18, 0xB1, 0x60, 0xF8, 0x8B, 0x14, 0x21, 0xC9, 0x19
	.byte 0x89, 0x46, 0x00, 0x28, 0x37, 0xD1, 0x48, 0x46, 0xB9, 0xF7, 0x32, 0xFF, 0x00, 0x04, 0x00, 0x0C
	.byte 0x03, 0x28, 0x30, 0xD1, 0xCD, 0xF7, 0xAA, 0xFE, 0x70, 0x6B, 0xB1, 0x6B, 0x04, 0x22, 0x10, 0x40
	.byte 0x00, 0x21, 0x08, 0x43, 0x00, 0x28, 0x13, 0xD0, 0x07, 0x48, 0x71, 0x68, 0x07, 0x4A, 0x89, 0x18
	.byte 0xB2, 0x68, 0xF3, 0x68, 0x14, 0x24, 0x00, 0x94, 0x01, 0x94, 0x32, 0x24, 0x02, 0x94, 0xC6, 0xF7
	.byte 0x39, 0xF9, 0x00, 0x28, 0x14, 0xD1, 0x16, 0xE0, 0x19, 0x01, 0x00, 0x00, 0x00, 0xEC, 0xFF, 0xFF
	.byte 0x12, 0x48, 0x71, 0x68, 0xA0, 0x23, 0x5B, 0x01, 0xC9, 0x18, 0xB2, 0x68, 0xF3, 0x68, 0x14, 0x24
	.byte 0x00, 0x94, 0x01, 0x94, 0x32, 0x24, 0x02, 0x94, 0xC6, 0xF7, 0x24, 0xF9, 0x00, 0x28, 0x02, 0xD0
	.byte 0x0B, 0x48, 0xD4, 0xF0, 0x9B, 0xF8, 0x48, 0x46, 0xB9, 0xF7, 0xEE, 0xFE, 0x00, 0x06, 0x00, 0x28
	.byte 0x10, 0xD0, 0xB8, 0x24, 0x64, 0x00, 0x39, 0x19, 0x1C, 0x20, 0x08, 0x60, 0xA8, 0x25, 0x6D, 0x00
	.byte 0x79, 0x19, 0x00, 0x20, 0x08, 0x80, 0x00, 0xF0, 0x04, 0xFD, 0x00, 0x00, 0x19, 0x01, 0x00, 0x00
	.byte 0x2E, 0x02, 0x00, 0x00, 0xA8, 0x20, 0x40, 0x00, 0x39, 0x18, 0x00, 0xF0, 0xD2, 0xFC, 0x70, 0x68
	.byte 0xB1, 0x68, 0xF2, 0x68, 0xE3, 0xF7, 0x84, 0xFA, 0xA8, 0x21, 0x49, 0x00, 0x78, 0x18, 0x00, 0x22
	.byte 0x84, 0x5E, 0x00, 0x2C, 0x1F, 0xD1, 0x25, 0x48, 0x41, 0x46, 0x14, 0x31, 0x43, 0x46, 0x5A, 0x68
	.byte 0x00, 0x92, 0x0C, 0x22, 0x00, 0x23, 0xCD, 0xF7, 0x65, 0xF9, 0xD8, 0x20, 0x40, 0x00, 0x40, 0x44
	.byte 0x04, 0x60, 0xDA, 0x20, 0x40, 0x00, 0x40, 0x44, 0x04, 0x60, 0xDC, 0x20, 0x40, 0x00, 0x40, 0x44
	.byte 0x04, 0x60, 0xCC, 0x22, 0x52, 0x00, 0x42, 0x44, 0x11, 0x88, 0x19, 0x48, 0x08, 0x40, 0x10, 0x80
	.byte 0xC6, 0x20, 0xD4, 0xF0, 0x53, 0xF8, 0xCC, 0x24, 0x64, 0x00, 0x44, 0x44, 0x21, 0x88, 0x01, 0x25
	.byte 0x28, 0x1C, 0x08, 0x40, 0x00, 0x28, 0x63, 0xD1, 0x38, 0x1C, 0x14, 0x30, 0xB9, 0xF7, 0xA8, 0xFE
	.byte 0x00, 0x04, 0x00, 0x0C, 0x06, 0x28, 0x00, 0xD0, 0x87, 0xE0, 0xF8, 0x8B, 0x00, 0x28, 0x00, 0xD0
	.byte 0x83, 0xE0, 0x70, 0x6B, 0xB1, 0x6B, 0x04, 0x22, 0x10, 0x40, 0x00, 0x21, 0x01, 0x43, 0x00, 0x29
	.byte 0x14, 0xD0, 0x70, 0x68, 0x07, 0x4C, 0x00, 0x19, 0x03, 0x90, 0xB0, 0x68, 0x04, 0x90, 0xF0, 0x68
	.byte 0x05, 0x49, 0x40, 0x18, 0x05, 0x90, 0x03, 0xA8, 0x45, 0x82, 0x14, 0xE0, 0x6C, 0xEF, 0x13, 0x08
	.byte 0xFC, 0xFF, 0x00, 0x00, 0x00, 0xCE, 0xFF, 0xFF, 0x00, 0xE4, 0xFF, 0xFF, 0x70, 0x68, 0xC8, 0x22
	.byte 0x92, 0x01, 0x80, 0x18, 0x03, 0x90, 0xB0, 0x68, 0x04, 0x90, 0xF0, 0x68, 0x16, 0x4B, 0xC0, 0x18
	.byte 0x05, 0x90, 0x03, 0xA8, 0x41, 0x82, 0x85, 0x82, 0xCE, 0x24, 0x64, 0x00, 0x44, 0x44, 0x13, 0x4D
	.byte 0x20, 0x1C, 0x29, 0x1C, 0x03, 0xAA, 0xB4, 0xF7, 0xDB, 0xFF, 0xD8, 0x21, 0x49, 0x00, 0x41, 0x44
	.byte 0x08, 0x60, 0x20, 0x1C, 0x29, 0x1C, 0x03, 0xAA, 0xB4, 0xF7, 0xD2, 0xFF, 0xDA, 0x21, 0x49, 0x00
	.byte 0x41, 0x44, 0x08, 0x60, 0x20, 0x1C, 0x29, 0x1C, 0x03, 0xAA, 0xB4, 0xF7, 0xC9, 0xFF, 0xDC, 0x21
	.byte 0x49, 0x00, 0x41, 0x44, 0x08, 0x60, 0xCC, 0x22, 0x52, 0x00, 0x42, 0x44, 0x11, 0x88, 0x01, 0x20
	.byte 0x08, 0x43, 0x10, 0x80, 0x31, 0xE0, 0x00, 0x00, 0x00, 0xE4, 0xFF, 0xFF, 0xF0, 0xB5, 0xED, 0x09
	.byte 0x02, 0x20, 0x08, 0x40, 0x00, 0x28, 0x13, 0xD0, 0x38, 0x1C, 0x14, 0x30, 0xB9, 0xF7, 0x34, 0xFE
	.byte 0x00, 0x06, 0x00, 0x28, 0x21, 0xD0, 0x05, 0x48, 0x41, 0x46, 0x14, 0x31, 0x44, 0x46, 0x62, 0x68
	.byte 0x00, 0x92, 0x0E, 0x22, 0x01, 0x23, 0xCD, 0xF7, 0xCD, 0xF8, 0x16, 0xE0, 0x6C, 0xEF, 0x13, 0x08
	.byte 0x38, 0x1C, 0x14, 0x30, 0xB9, 0xF7, 0x20, 0xFE, 0x00, 0x06, 0x00, 0x28, 0x0D, 0xD0, 0x1E, 0x48
	.byte 0x41, 0x46, 0x14, 0x31, 0x45, 0x46, 0x6A, 0x68, 0x00, 0x92, 0x0D, 0x22, 0x00, 0x23, 0xCD, 0xF7
	.byte 0xB9, 0xF8, 0x20, 0x88, 0x02, 0x21, 0x08, 0x43, 0x20, 0x80, 0xCC, 0x20, 0x40, 0x00, 0x40, 0x44
	.byte 0x01, 0x88, 0x01, 0x20, 0x08, 0x40, 0x00, 0x28, 0x20, 0xD0, 0xD8, 0x20, 0x40, 0x00, 0x40, 0x44
	.byte 0x00, 0x68, 0x12, 0x4C, 0x21, 0x68, 0xB5, 0xF7, 0x21, 0xF8, 0x00, 0x06, 0x00, 0x28, 0x15, 0xD1
	.byte 0xDA, 0x20, 0x40, 0x00, 0x40, 0x44, 0x00, 0x68, 0x21, 0x68, 0xB5, 0xF7, 0x17, 0xF8, 0x00, 0x06
	.byte 0x00, 0x28, 0x0B, 0xD1, 0xDC, 0x20, 0x40, 0x00, 0x40, 0x44, 0x00, 0x68, 0x21, 0x68, 0xB5, 0xF7
	.byte 0x0D, 0xF8, 0x00, 0x06, 0x04, 0x0E, 0x00, 0x2C, 0x00, 0xD1, 0xC2, 0xE0, 0xA8, 0x23, 0x5B, 0x00
	.byte 0xF9, 0x18, 0x00, 0xF0, 0xDE, 0xFB, 0x00, 0x00, 0x6C, 0xEF, 0x13, 0x08, 0xF0, 0xB5, 0xED, 0x09
	.byte 0xA8, 0x24, 0x64, 0x00, 0x38, 0x19, 0x00, 0x25, 0x44, 0x5F, 0x00, 0x2C, 0x17, 0xD1, 0x21, 0x48
	.byte 0x41, 0x46, 0x14, 0x31, 0x43, 0x46, 0x5A, 0x68, 0x00, 0x92, 0x0C, 0x22, 0x00, 0x23, 0xCD, 0xF7
	.byte 0x71, 0xF8, 0xD8, 0x20, 0x40, 0x00, 0x40, 0x44, 0x04, 0x60, 0xCC, 0x22, 0x52, 0x00, 0x42, 0x44
	.byte 0x11, 0x88, 0x19, 0x48, 0x08, 0x40, 0x10, 0x80, 0xC6, 0x20, 0xD3, 0xF0, 0x67, 0xFF, 0xCC, 0x24
	.byte 0x64, 0x00, 0x44, 0x44, 0x21, 0x88, 0x01, 0x25, 0x28, 0x1C, 0x08, 0x40, 0x00, 0x28, 0x4F, 0xD1
	.byte 0x38, 0x1C, 0x14, 0x30, 0xB9, 0xF7, 0xBC, 0xFD, 0x00, 0x04, 0x00, 0x0C, 0x06, 0x28, 0x74, 0xD1
	.byte 0xFB, 0x8B, 0x00, 0x2B, 0x71, 0xD1, 0x70, 0x6B, 0xB1, 0x6B, 0x04, 0x22, 0x10, 0x40, 0x00, 0x21
	.byte 0x01, 0x43, 0x00, 0x29, 0x16, 0xD0, 0x70, 0x68, 0x08, 0x4C, 0x00, 0x19, 0x03, 0x90, 0xB0, 0x68
	.byte 0x04, 0x90, 0xF0, 0x68, 0x06, 0x49, 0x40, 0x18, 0x05, 0x90, 0x03, 0xA8, 0x45, 0x82, 0x83, 0x82
	.byte 0x16, 0xE0, 0x00, 0x00, 0x6C, 0xEF, 0x13, 0x08, 0xFC, 0xFF, 0x00, 0x00, 0x00, 0xCE, 0xFF, 0xFF
	.byte 0x00, 0xE4, 0xFF, 0xFF, 0x70, 0x68, 0xC8, 0x22, 0x92, 0x01, 0x80, 0x18, 0x03, 0x90, 0xB0, 0x68
	.byte 0x04, 0x90, 0xF0, 0x68, 0x0C, 0x4B, 0xC0, 0x18, 0x05, 0x90, 0x03, 0xA8, 0x41, 0x82, 0x81, 0x82
	.byte 0xCE, 0x20, 0x40, 0x00, 0x40, 0x44, 0x09, 0x49, 0x03, 0xAA, 0xB4, 0xF7, 0xF1, 0xFE, 0xD8, 0x21
	.byte 0x49, 0x00, 0x41, 0x44, 0x08, 0x60, 0xCC, 0x22, 0x52, 0x00, 0x42, 0x44, 0x11, 0x88, 0x01, 0x20
	.byte 0x08, 0x43, 0x10, 0x80, 0x31, 0xE0, 0x00, 0x00, 0x00, 0xE4, 0xFF, 0xFF, 0xF0, 0xB5, 0xED, 0x09
	.byte 0x02, 0x20, 0x08, 0x40, 0x00, 0x28, 0x13, 0xD0, 0x38, 0x1C, 0x14, 0x30, 0xB9, 0xF7, 0x5C, 0xFD
	.byte 0x00, 0x06, 0x00, 0x28, 0x21, 0xD0, 0x05, 0x48, 0x41, 0x46, 0x14, 0x31, 0x44, 0x46, 0x62, 0x68
	.byte 0x00, 0x92, 0x0E, 0x22, 0x01, 0x23, 0xCC, 0xF7, 0xF5, 0xFF, 0x16, 0xE0, 0x6C, 0xEF, 0x13, 0x08
	.byte 0x38, 0x1C, 0x14, 0x30, 0xB9, 0xF7, 0x48, 0xFD, 0x00, 0x06, 0x00, 0x28, 0x0D, 0xD0, 0x17, 0x48
	.byte 0x41, 0x46, 0x14, 0x31, 0x45, 0x46, 0x6A, 0x68, 0x00, 0x92, 0x0D, 0x22, 0x00, 0x23, 0xCC, 0xF7
	.byte 0xE1, 0xFF, 0x20, 0x88, 0x02, 0x21, 0x08, 0x43, 0x20, 0x80, 0xCC, 0x20, 0x40, 0x00, 0x40, 0x44
	.byte 0x01, 0x88, 0x01, 0x20, 0x08, 0x40, 0x00, 0x28, 0x1C, 0xD0, 0xD8, 0x20, 0x40, 0x00, 0x40, 0x44
	.byte 0x00, 0x68, 0x0B, 0x49, 0x09, 0x68, 0xB4, 0xF7, 0x49, 0xFF, 0x00, 0x06, 0x04, 0x0E, 0x00, 0x2C
	.byte 0x10, 0xD1, 0x30, 0x1C, 0xCE, 0xF7, 0x16, 0xFF, 0xB8, 0x21, 0x49, 0x00, 0x78, 0x18, 0x04, 0x60
	.byte 0xA8, 0x22, 0x52, 0x00, 0xB8, 0x18, 0x04, 0x80, 0x3B, 0xE3, 0x00, 0x00, 0x6C, 0xEF, 0x13, 0x08
	.byte 0xF0, 0xB5, 0xED, 0x09, 0xA8, 0x23, 0x5B, 0x00, 0xF9, 0x18, 0x0A, 0xE3, 0xA8, 0x24, 0x64, 0x00
	.byte 0x38, 0x19, 0x00, 0x25, 0x44, 0x5F, 0x00, 0x2C, 0x1B, 0xD1, 0x38, 0x1C, 0x14, 0x30, 0xB9, 0xF7
	.byte 0x27, 0xFD, 0x22, 0x48, 0x41, 0x46, 0x14, 0x31, 0x43, 0x46, 0x5A, 0x68, 0x00, 0x92, 0x0C, 0x22
	.byte 0x00, 0x23, 0xCC, 0xF7, 0x9F, 0xFF, 0xD8, 0x20, 0x40, 0x00, 0x40, 0x44, 0x04, 0x60, 0xCC, 0x22
	.byte 0x52, 0x00, 0x42, 0x44, 0x11, 0x88, 0x1A, 0x48, 0x08, 0x40, 0x10, 0x80, 0xC6, 0x20, 0xD3, 0xF0
	.byte 0x95, 0xFE, 0x38, 0x1C, 0x01, 0x21, 0xC3, 0xF7, 0x0D, 0xF9, 0xCC, 0x20, 0x40, 0x00, 0x40, 0x44
	.byte 0x01, 0x88, 0x01, 0x24, 0x20, 0x1C, 0x08, 0x40, 0x00, 0x28, 0x51, 0xD1, 0x38, 0x1C, 0x14, 0x30
	.byte 0xB9, 0xF7, 0xE6, 0xFC, 0x00, 0x04, 0x00, 0x0C, 0x06, 0x28, 0x41, 0xD1, 0xF8, 0x8B, 0x00, 0x28
	.byte 0x3E, 0xD1, 0x70, 0x6B, 0xB1, 0x6B, 0x04, 0x22, 0x10, 0x40, 0x00, 0x21, 0x01, 0x43, 0x00, 0x29
	.byte 0x14, 0xD0, 0x70, 0x68, 0x07, 0x4D, 0x40, 0x19, 0x03, 0x90, 0xB0, 0x68, 0x04, 0x90, 0xF0, 0x68
	.byte 0x05, 0x49, 0x40, 0x18, 0x05, 0x90, 0x03, 0xA8, 0x44, 0x82, 0x14, 0xE0, 0x6C, 0xEF, 0x13, 0x08
	.byte 0xFE, 0xFF, 0x00, 0x00, 0x00, 0xCE, 0xFF, 0xFF, 0x00, 0xE4, 0xFF, 0xFF, 0x70, 0x68, 0xC8, 0x22
	.byte 0x92, 0x01, 0x80, 0x18, 0x03, 0x90, 0xB0, 0x68, 0x04, 0x90, 0xF0, 0x68, 0x1B, 0x4B, 0xC0, 0x18
	.byte 0x05, 0x90, 0x03, 0xA8, 0x41, 0x82, 0x01, 0x1C, 0x02, 0x20, 0x88, 0x82, 0xCE, 0x20, 0x40, 0x00
	.byte 0x40, 0x44, 0x17, 0x49, 0x03, 0xAA, 0xB4, 0xF7, 0x1B, 0xFE, 0xD8, 0x21, 0x49, 0x00, 0x41, 0x44
	.byte 0x08, 0x60, 0xCC, 0x22, 0x52, 0x00, 0x42, 0x44, 0x11, 0x88, 0x01, 0x20, 0x08, 0x43, 0x10, 0x80
	.byte 0xCC, 0x20, 0x40, 0x00, 0x40, 0x44, 0x01, 0x88, 0x01, 0x20, 0x08, 0x40, 0x00, 0x28, 0x35, 0xD0
	.byte 0xA9, 0x24, 0x64, 0x00, 0x3A, 0x19, 0x00, 0x25, 0x50, 0x5F, 0x04, 0x28, 0x12, 0xDC, 0xA8, 0x20
	.byte 0x40, 0x00, 0x39, 0x18, 0x00, 0x20, 0x08, 0x80, 0x10, 0x88, 0x01, 0x30, 0x10, 0x80, 0xB8, 0x22
	.byte 0x52, 0x00, 0xB9, 0x18, 0x1D, 0x20, 0x08, 0x60, 0x9B, 0xE2, 0x00, 0x00, 0x00, 0xE4, 0xFF, 0xFF
	.byte 0xF0, 0xB5, 0xED, 0x09, 0xD8, 0x20, 0x40, 0x00, 0x40, 0x44, 0x00, 0x68, 0x0A, 0x49, 0x09, 0x68
	.byte 0xB4, 0xF7, 0x8C, 0xFE, 0x00, 0x06, 0x04, 0x0E, 0x00, 0x2C, 0x00, 0xD0, 0x89, 0xE2, 0xA8, 0x23
	.byte 0x5B, 0x00, 0xF8, 0x18, 0x04, 0x80, 0x30, 0x1C, 0xCE, 0xF7, 0x54, 0xFE, 0xB8, 0x25, 0x6D, 0x00
	.byte 0x78, 0x19, 0x04, 0x60, 0x7D, 0xE2, 0x00, 0x00, 0xF0, 0xB5, 0xED, 0x09, 0xA8, 0x20, 0x40, 0x00
	.byte 0x39, 0x18, 0x4E, 0xE2, 0xA8, 0x21, 0x49, 0x00, 0x78, 0x18, 0x00, 0x22, 0x80, 0x5E, 0x00, 0x28
	.byte 0x0C, 0xD1, 0x12, 0x48, 0x41, 0x46, 0x14, 0x31, 0x43, 0x46, 0x5A, 0x68, 0x00, 0x92, 0x09, 0x22
	.byte 0x00, 0x23, 0xCC, 0xF7, 0xE7, 0xFE, 0xC6, 0x20, 0xD3, 0xF0, 0xE8, 0xFD, 0x3C, 0x1C, 0x14, 0x34
	.byte 0x20, 0x1C, 0xB9, 0xF7, 0x45, 0xFC, 0x00, 0x04, 0x03, 0x0C, 0xA1, 0x46, 0x01, 0x2B, 0x17, 0xD9
	.byte 0x70, 0x6B, 0xB1, 0x6B, 0x04, 0x22, 0x10, 0x40, 0x00, 0x21, 0x08, 0x43, 0x00, 0x28, 0x07, 0xD0
	.byte 0x70, 0x68, 0xA0, 0x24, 0x64, 0x01, 0x02, 0x19, 0x05, 0xE0, 0x00, 0x00, 0x6C, 0xEF, 0x13, 0x08
	.byte 0x70, 0x68, 0x10, 0x4D, 0x42, 0x19, 0x71, 0x69, 0x89, 0x1A, 0xC9, 0x10, 0x40, 0x18, 0x70, 0x60
	.byte 0x02, 0x2B, 0x35, 0xD1, 0x70, 0x6B, 0xB1, 0x6B, 0x04, 0x22, 0x10, 0x40, 0x00, 0x21, 0x08, 0x43
	.byte 0x00, 0x28, 0x15, 0xD0, 0x08, 0x48, 0x71, 0x68, 0x08, 0x4A, 0x89, 0x18, 0xB2, 0x68, 0xF3, 0x68
	.byte 0x10, 0x24, 0x00, 0x94, 0x01, 0x94, 0x32, 0x24, 0x02, 0x94, 0xC5, 0xF7, 0x33, 0xFE, 0x00, 0x28
	.byte 0x16, 0xD1, 0x30, 0xE0, 0x00, 0xEC, 0xFF, 0xFF, 0x15, 0x01, 0x00, 0x00, 0x00, 0xE0, 0xFF, 0xFF
	.byte 0x09, 0x48, 0x71, 0x68, 0x80, 0x23, 0x9B, 0x01, 0xC9, 0x18, 0xB2, 0x68, 0xF3, 0x68, 0x10, 0x24
	.byte 0x00, 0x94, 0x01, 0x94, 0x32, 0x24, 0x02, 0x94, 0xC5, 0xF7, 0x1C, 0xFE, 0x00, 0x28, 0x1A, 0xD0
	.byte 0x02, 0x48, 0xD3, 0xF0, 0x93, 0xFD, 0x16, 0xE0, 0x15, 0x01, 0x00, 0x00, 0x2E, 0x02, 0x00, 0x00
	.byte 0x48, 0x46, 0xB9, 0xF7, 0xE1, 0xFB, 0x00, 0x06, 0x00, 0x28, 0x0C, 0xD0, 0x30, 0x1C, 0xCE, 0xF7
	.byte 0xD1, 0xFD, 0xB8, 0x24, 0x64, 0x00, 0x38, 0x19, 0x00, 0x21, 0x01, 0x60, 0xA8, 0x25, 0x6D, 0x00
	.byte 0x78, 0x19, 0x01, 0x80, 0xF5, 0xE1, 0xA8, 0x20, 0x40, 0x00, 0x39, 0x18, 0xC9, 0xE1, 0xA8, 0x21
	.byte 0x49, 0x00, 0x78, 0x18, 0x00, 0x22, 0x80, 0x5E, 0x00, 0x28, 0x0C, 0xD1, 0x13, 0x48, 0x41, 0x46
	.byte 0x14, 0x31, 0x43, 0x46, 0x5A, 0x68, 0x00, 0x92, 0x08, 0x22, 0x00, 0x23, 0xCC, 0xF7, 0x62, 0xFE
	.byte 0xC7, 0x20, 0xD3, 0xF0, 0x63, 0xFD, 0x3C, 0x1C, 0x14, 0x34, 0x20, 0x1C, 0xB9, 0xF7, 0xC0, 0xFB
	.byte 0x00, 0x04, 0x03, 0x0C, 0x0A, 0x4D, 0x40, 0x19, 0x00, 0x0C, 0xA1, 0x46, 0x02, 0x28, 0x19, 0xD8
	.byte 0x70, 0x6B, 0xB1, 0x6B, 0x04, 0x22, 0x10, 0x40, 0x00, 0x21, 0x08, 0x43, 0x00, 0x28, 0x09, 0xD0
	.byte 0x70, 0x68, 0x80, 0x21, 0xC9, 0x01, 0x42, 0x18, 0x07, 0xE0, 0x00, 0x00, 0x6C, 0xEF, 0x13, 0x08
	.byte 0x00, 0x00, 0xFD, 0xFF, 0x70, 0x68, 0x12, 0x4C, 0x02, 0x19, 0x71, 0x69, 0x89, 0x1A, 0xC9, 0x10
	.byte 0x40, 0x18, 0x70, 0x60, 0x05, 0x2B, 0x35, 0xDC, 0x04, 0x2B, 0x33, 0xDB, 0x70, 0x6B, 0xB1, 0x6B
	.byte 0x04, 0x22, 0x10, 0x40, 0x00, 0x21, 0x08, 0x43, 0x00, 0x28, 0x17, 0xD0, 0x09, 0x48, 0x71, 0x68
	.byte 0x09, 0x4D, 0x49, 0x19, 0xB2, 0x68, 0xF3, 0x68, 0x14, 0x24, 0x00, 0x94, 0x10, 0x24, 0x01, 0x94
	.byte 0x32, 0x24, 0x02, 0x94, 0xC5, 0xF7, 0xA6, 0xFD, 0x00, 0x28, 0x18, 0xD1, 0x1A, 0xE0, 0x00, 0x00
	.byte 0x00, 0xC0, 0xFF, 0xFF, 0x15, 0x01, 0x00, 0x00, 0x00, 0xBC, 0xFF, 0xFF, 0x0F, 0x48, 0x71, 0x68
	.byte 0x88, 0x22, 0xD2, 0x01, 0x89, 0x18, 0xB2, 0x68, 0xF3, 0x68, 0x14, 0x24, 0x00, 0x94, 0x10, 0x24
	.byte 0x01, 0x94, 0x32, 0x24, 0x02, 0x94, 0xC5, 0xF7, 0x8D, 0xFD, 0x00, 0x28, 0x02, 0xD0, 0x08, 0x48
	.byte 0xD3, 0xF0, 0x04, 0xFD, 0x48, 0x46, 0xB9, 0xF7, 0x57, 0xFB, 0x00, 0x06, 0x00, 0x28, 0x00, 0xD0
	.byte 0xAC, 0xE0, 0xA8, 0x25, 0x6D, 0x00, 0x79, 0x19, 0x4B, 0xE1, 0x00, 0x00, 0x15, 0x01, 0x00, 0x00
	.byte 0x2E, 0x02, 0x00, 0x00, 0xA8, 0x21, 0x49, 0x00, 0x78, 0x18, 0x00, 0x22, 0x80, 0x5E, 0x00, 0x28
	.byte 0x09, 0xD1, 0x14, 0x48, 0x41, 0x46, 0x14, 0x31, 0x43, 0x46, 0x5A, 0x68, 0x00, 0x92, 0x0A, 0x22
	.byte 0x00, 0x23, 0xCC, 0xF7, 0xDF, 0xFD, 0x38, 0x1C, 0x01, 0x21, 0xC2, 0xF7, 0x5B, 0xFF, 0x3C, 0x1C
	.byte 0x14, 0x34, 0x20, 0x1C, 0xB9, 0xF7, 0x3C, 0xFB, 0x00, 0x04, 0x03, 0x0C, 0xA1, 0x46, 0x02, 0x2B
	.byte 0x02, 0xD0, 0x06, 0x2B, 0x00, 0xD0, 0x7B, 0xE0, 0xF8, 0x8B, 0x00, 0x28, 0x35, 0xD1, 0xBA, 0xF7
	.byte 0x67, 0xF8, 0x01, 0x21, 0x01, 0x40, 0x00, 0x29, 0x06, 0xD0, 0xC6, 0x20, 0xD3, 0xF0, 0xC6, 0xFC
	.byte 0x05, 0xE0, 0x00, 0x00, 0x6C, 0xEF, 0x13, 0x08, 0xC7, 0x20, 0xD3, 0xF0, 0xBF, 0xFC, 0x70, 0x68
	.byte 0xB1, 0x68, 0x0B, 0x9A, 0x0C, 0x9B, 0xD0, 0xF7, 0x37, 0xFB, 0x00, 0x06, 0x00, 0x0E, 0xAE, 0x24
	.byte 0x64, 0x00, 0x3D, 0x19, 0x22, 0x4C, 0x41, 0x00, 0x09, 0x19, 0x00, 0x22, 0x89, 0x5E, 0x32, 0x23
	.byte 0x0A, 0x1C, 0x5A, 0x43, 0x71, 0x68, 0x89, 0x18, 0x29, 0x60, 0xB0, 0x25, 0x6D, 0x00, 0x7A, 0x19
	.byte 0x40, 0x30, 0x40, 0x00, 0x00, 0x19, 0x00, 0x21, 0x40, 0x5E, 0x40, 0x42, 0x01, 0x1C, 0x59, 0x43
	.byte 0xB0, 0x68, 0x40, 0x18, 0x10, 0x60, 0xCD, 0xF7, 0x79, 0xFA, 0xAE, 0x22, 0x52, 0x00, 0xB8, 0x18
	.byte 0x00, 0x68, 0x71, 0x68, 0x40, 0x1A, 0xC0, 0x10, 0x0B, 0x18, 0x73, 0x60, 0xB0, 0x24, 0x64, 0x00
	.byte 0x38, 0x19, 0x00, 0x68, 0xB1, 0x68, 0x40, 0x1A, 0xC0, 0x10, 0x0C, 0x18, 0xB4, 0x60, 0x70, 0x6B
	.byte 0xB1, 0x6B, 0x04, 0x22, 0x10, 0x40, 0x00, 0x21, 0x08, 0x43, 0x00, 0x28, 0x14, 0xD0, 0x8B, 0x20
	.byte 0x40, 0x00, 0x08, 0x4D, 0x59, 0x19, 0xF3, 0x68, 0x20, 0x22, 0x00, 0x92, 0x18, 0x22, 0x01, 0x92
	.byte 0x46, 0x22, 0x02, 0x92, 0x22, 0x1C, 0xC5, 0xF7, 0xF5, 0xFC, 0x00, 0x28, 0x15, 0xD1, 0x17, 0xE0
	.byte 0x00, 0x14, 0x12, 0x08, 0x00, 0xF0, 0xFF, 0xFF, 0x8B, 0x20, 0x40, 0x00, 0x80, 0x22, 0x52, 0x01
	.byte 0x99, 0x18, 0xF3, 0x68, 0x20, 0x22, 0x00, 0x92, 0x18, 0x22, 0x01, 0x92, 0x46, 0x22, 0x02, 0x92
	.byte 0x22, 0x1C, 0xC5, 0xF7, 0xDF, 0xFC, 0x00, 0x28, 0x02, 0xD0, 0x0B, 0x48, 0xD3, 0xF0, 0x56, 0xFC
	.byte 0x48, 0x46, 0xB9, 0xF7, 0xA9, 0xFA, 0x00, 0x06, 0x00, 0x28, 0x0F, 0xD0, 0x30, 0x1C, 0xCE, 0xF7
	.byte 0x99, 0xFC, 0xB8, 0x23, 0x5B, 0x00, 0xF8, 0x18, 0x00, 0x21, 0x01, 0x60, 0xA8, 0x24, 0x64, 0x00
	.byte 0x38, 0x19, 0x01, 0x80, 0xBD, 0xE0, 0x00, 0x00, 0x2F, 0x02, 0x00, 0x00, 0xA8, 0x25, 0x6D, 0x00
	.byte 0x79, 0x19, 0x8E, 0xE0, 0xA8, 0x20, 0x40, 0x00, 0x3C, 0x18, 0x00, 0x21, 0x60, 0x5E, 0x00, 0x28
	.byte 0x09, 0xD1, 0x11, 0x48, 0x41, 0x46, 0x14, 0x31, 0x43, 0x46, 0x5A, 0x68, 0x00, 0x92, 0x03, 0x22
	.byte 0x00, 0x23, 0xCC, 0xF7, 0x27, 0xFD, 0x38, 0x1C, 0x14, 0x30, 0xB9, 0xF7, 0x7D, 0xFA, 0x00, 0x06
	.byte 0x00, 0x28, 0x00, 0xD1, 0x9A, 0xE0, 0x00, 0x20, 0x20, 0x80, 0xB8, 0x24, 0x64, 0x00, 0x39, 0x19
	.byte 0x17, 0x20, 0x08, 0x60, 0xAC, 0x25, 0x6D, 0x00, 0x79, 0x19, 0xC4, 0x20, 0x40, 0x00, 0x40, 0x44
	.byte 0x00, 0x68, 0x08, 0x60, 0x8D, 0xE0, 0x00, 0x00, 0x6C, 0xEF, 0x13, 0x08, 0xAE, 0x21, 0x49, 0x00
	.byte 0x78, 0x18, 0x00, 0x68, 0x71, 0x68, 0x40, 0x1A, 0x00, 0x11, 0x09, 0x18, 0x71, 0x60, 0xB0, 0x22
	.byte 0x52, 0x00, 0xB8, 0x18, 0x00, 0x68, 0xB1, 0x68, 0x40, 0x1A, 0x00, 0x11, 0x09, 0x18, 0xB1, 0x60
	.byte 0xAC, 0x23, 0x5B, 0x00, 0xF8, 0x18, 0x01, 0x68, 0x00, 0x29, 0x17, 0xDA, 0x04, 0x48, 0x81, 0x42
	.byte 0x0A, 0xDD, 0x04, 0x48, 0x41, 0x46, 0x14, 0x31, 0x44, 0x46, 0x62, 0x68, 0x16, 0xE0, 0x00, 0x00
	.byte 0x00, 0xFE, 0xFF, 0xFF, 0x6C, 0xEF, 0x13, 0x08, 0x03, 0x48, 0x41, 0x46, 0x14, 0x31, 0x45, 0x46
	.byte 0x6A, 0x68, 0x00, 0x92, 0x04, 0x22, 0x0B, 0xE0, 0x6C, 0xEF, 0x13, 0x08, 0x06, 0x48, 0x81, 0x42
	.byte 0x0E, 0xDC, 0x06, 0x48, 0x41, 0x46, 0x14, 0x31, 0x43, 0x46, 0x5A, 0x68, 0x00, 0x92, 0x05, 0x22
	.byte 0x00, 0x23, 0xCC, 0xF7, 0xCF, 0xFC, 0x0D, 0xE0, 0xFF, 0x01, 0x00, 0x00, 0x6C, 0xEF, 0x13, 0x08
	.byte 0x0B, 0x48, 0x41, 0x46, 0x14, 0x31, 0x44, 0x46, 0x62, 0x68, 0x00, 0x92, 0x06, 0x22, 0x00, 0x23
	.byte 0xCC, 0xF7, 0xC0, 0xFC, 0xF0, 0x68, 0x00, 0x28, 0x0C, 0xDB, 0xA8, 0x25, 0x6D, 0x00, 0x79, 0x19
	.byte 0x00, 0x20, 0x08, 0x80, 0xB8, 0x20, 0x40, 0x00, 0x39, 0x18, 0x18, 0x20, 0x08, 0x60, 0x30, 0xE0
	.byte 0x6C, 0xEF, 0x13, 0x08, 0x38, 0x1C, 0x01, 0x21, 0xC2, 0xF7, 0x2C, 0xFE, 0xA8, 0x22, 0x52, 0x00
	.byte 0xB9, 0x18, 0x08, 0x88, 0x01, 0x30, 0x08, 0x80, 0x23, 0xE0, 0xA8, 0x23, 0x5B, 0x00, 0xFC, 0x18
	.byte 0x00, 0x25, 0x60, 0x5F, 0x00, 0x28, 0x09, 0xD1, 0x0B, 0x48, 0x41, 0x46, 0x14, 0x31, 0x43, 0x46
	.byte 0x5A, 0x68, 0x00, 0x92, 0x07, 0x22, 0x00, 0x23, 0xCC, 0xF7, 0x94, 0xFC, 0x38, 0x1C, 0x14, 0x30
	.byte 0xB9, 0xF7, 0xEA, 0xF9, 0x00, 0x06, 0x00, 0x28, 0x08, 0xD0, 0x00, 0x21, 0x21, 0x80, 0xB8, 0x24
	.byte 0x64, 0x00, 0x38, 0x19, 0x01, 0x60, 0x04, 0xE0, 0x6C, 0xEF, 0x13, 0x08, 0x20, 0x88, 0x01, 0x30
	.byte 0x20, 0x80, 0x2C, 0x25, 0x70, 0x5F, 0x00, 0x28, 0x00, 0xDC, 0x90, 0xE0, 0x29, 0x4C, 0x20, 0x68
	.byte 0x81, 0x46, 0x29, 0x4B, 0xCA, 0x22, 0x52, 0x00, 0x42, 0x44, 0x10, 0x88, 0x40, 0x08, 0xFF, 0x21
	.byte 0x08, 0x40, 0x40, 0x00, 0xC0, 0x18, 0x00, 0x21, 0x43, 0x5E, 0x24, 0x49, 0xCB, 0x25, 0x6D, 0x00
	.byte 0x45, 0x44, 0x28, 0x88, 0x40, 0x18, 0x00, 0x78, 0x58, 0x43, 0x00, 0x12, 0x49, 0x46, 0x08, 0x76
	.byte 0x10, 0x88, 0x01, 0x30, 0x10, 0x80, 0x1E, 0x49, 0x08, 0x40, 0x00, 0x28, 0x08, 0xD1, 0x28, 0x88
	.byte 0x01, 0x30, 0x28, 0x80, 0x00, 0x04, 0x00, 0x0C, 0x07, 0x28, 0x01, 0xD9, 0x01, 0x20, 0x28, 0x80
	.byte 0x52, 0x46, 0xD1, 0x68, 0x10, 0x69, 0x81, 0x42, 0x2C, 0xDB, 0x2C, 0x23, 0xD0, 0x5E, 0x00, 0x28
	.byte 0x28, 0xDD, 0x50, 0x46, 0xE8, 0x30, 0x00, 0x68, 0x02, 0x28, 0x23, 0xD0, 0x50, 0x6B, 0x91, 0x6B
	.byte 0x10, 0x22, 0x10, 0x40, 0x00, 0x21, 0x08, 0x43, 0x00, 0x28, 0x1B, 0xD1, 0x20, 0x68, 0x01, 0x7E
	.byte 0x00, 0x20, 0xB9, 0xF7, 0x15, 0xF8, 0xC6, 0x22, 0x52, 0x00, 0x42, 0x44, 0x00, 0x04, 0x80, 0x12
	.byte 0x11, 0x68, 0x40, 0x1A, 0x00, 0x11, 0x09, 0x18, 0x11, 0x60, 0x54, 0x46, 0x60, 0x68, 0x40, 0x1A
	.byte 0x60, 0x60, 0x0C, 0xE0, 0x84, 0x9B, 0x03, 0x02, 0x00, 0x14, 0x12, 0x08, 0x78, 0xF0, 0x13, 0x08
	.byte 0xFF, 0x01, 0x00, 0x00, 0xC6, 0x21, 0x49, 0x00, 0x41, 0x44, 0x00, 0x20, 0x08, 0x60, 0xF1, 0x68
	.byte 0x30, 0x69, 0x81, 0x42, 0x26, 0xDB, 0x2C, 0x25, 0x70, 0x5F, 0x00, 0x28, 0x22, 0xDD, 0x30, 0x1C
	.byte 0xE8, 0x30, 0x00, 0x68, 0x02, 0x28, 0x1D, 0xD0, 0x70, 0x6B, 0xB1, 0x6B, 0x10, 0x22, 0x10, 0x40
	.byte 0x00, 0x21, 0x08, 0x43, 0x00, 0x28, 0x15, 0xD1, 0x09, 0x48, 0x00, 0x68, 0x01, 0x7E, 0x00, 0x20
	.byte 0xB8, 0xF7, 0xDE, 0xFF, 0xC8, 0x22, 0x52, 0x00, 0x42, 0x44, 0x00, 0x04, 0x80, 0x12, 0x11, 0x68
	.byte 0x40, 0x1A, 0x00, 0x11, 0x09, 0x18, 0x11, 0x60, 0x70, 0x68, 0x40, 0x1A, 0x70, 0x60, 0x06, 0xE0
	.byte 0x84, 0x9B, 0x03, 0x02, 0xC8, 0x21, 0x49, 0x00, 0x41, 0x44, 0x00, 0x20, 0x08, 0x60, 0xCE, 0x20
	.byte 0x40, 0x00, 0x40, 0x44, 0xB4, 0xF7, 0x04, 0xFB, 0x38, 0x1C, 0xC1, 0xF7, 0xA7, 0xFE, 0x00, 0x06
	.byte 0x00, 0x0E, 0x0E, 0xB0, 0x38, 0xBC, 0x98, 0x46, 0xA1, 0x46, 0xAA, 0x46, 0xF0, 0xBC, 0x02, 0xBC
	.byte 0x08, 0x47, 0x00, 0x00, 0x10, 0xB5, 0x04, 0x1C, 0xCE, 0x21, 0x49, 0x00, 0x60, 0x18, 0xB4, 0xF7
	.byte 0x0D, 0xFB, 0x20, 0x1C, 0xC2, 0xF7, 0x8E, 0xFB, 0x10, 0xBC, 0x01, 0xBC, 0x00, 0x47, 0x00, 0x00
	.byte 0x10, 0xB5, 0x04, 0x1C, 0xCE, 0x21, 0x49, 0x00, 0x60, 0x18, 0xB4, 0xF7, 0x15, 0xFB, 0x20, 0x1C
	.byte 0xC1, 0xF7, 0x4C, 0xFD, 0x03, 0x48, 0x01, 0x68, 0x00, 0x20, 0x08, 0x76, 0x10, 0xBC, 0x01, 0xBC
	.byte 0x00, 0x47, 0x00, 0x00, 0x84, 0x9B, 0x03, 0x02
	thumb_func_start task_hum_hook_moon_0
task_hum_hook_moon_0: @ 0804C8FC
	push {r4, lr}
	adds r4, r0, #0x0
	ldr r0, _0804C93C @ =0x08B5A872
	movs r1, #0xC0
	lsls r1, r1, #0x04
	bl func_080026A4
	str r0, [r4, #0x00]
	movs r0, #0x00
	bl func_08007E68
	ldr r0, _0804C940 @ =0x08F6DC64
	movs r1, #0x20
	bl func_08002A14
	str r0, [r4, #0x04]
	bl func_08007E7C
	ldr r0, [r4, #0x04]
	ldrb r0, [r0, #0x06]
	adds r0, #0x10
	lsls r0, r0, #0x18
	lsrs r0, r0, #0x18
	movs r1, #0x00
	bl func_0801C298
	movs r0, #0x00
	strb r0, [r4, #0x0A]
	strh r0, [r4, #0x08]
	pop {r4}
	pop {r0}
	bx r0
_0804C93C: .4byte 0x08B5A872
_0804C940: .4byte 0x08F6DC64
	thumb_func_start task_hum_hook_moon_1
task_hum_hook_moon_1: @ 0804C944
	ldrh r1, [r0, #0x08]
	adds r1, #0x01
	strh r1, [r0, #0x08]
	movs r0, #0x01
	bx lr
	.byte 0x00, 0x00
	thumb_func_start task_hum_hook_moon_2
task_hum_hook_moon_2: @ 0804C950
	push {r4, r5, r6, r7, lr}
	mov r7, r10
	mov r6, r9
	mov r5, r8
	push {r5, r6, r7}
	add sp, #-0x010
	adds r7, r0, #0x0
	ldr r0, _0804CA78 @ =0x02039B84
	ldr r2, [r0, #0x00]
	ldr r1, [r2, #0x00]
	asrs r1, r1, #0x09
	movs r0, #0xF8
	subs r0, r0, r1
	ldr r2, [r2, #0x04]
	asrs r2, r2, #0x09
	movs r1, #0xD0
	subs r1, r1, r2
	ldr r3, _0804CA7C @ =0x08121400
	ldrb r2, [r7, #0x08]
	lsls r2, r2, #0x01
	adds r2, r2, r3
	movs r3, #0x00
	ldsh r2, [r2, r3]
	asrs r2, r2, #0x05
	lsls r1, r1, #0x10
	asrs r1, r1, #0x10
	adds r1, r1, r2
	lsls r0, r0, #0x10
	asrs r2, r0, #0x10
	mov r10, r2
	movs r3, #0x80
	lsls r3, r3, #0x0F
	adds r0, r0, r3
	asrs r0, r0, #0x10
	lsls r1, r1, #0x10
	asrs r2, r1, #0x10
	mov r9, r2
	ldr r3, _0804CA80 @ =0xFFE40000
	adds r1, r1, r3
	asrs r1, r1, #0x10
	ldr r2, _0804CA84 @ =0x08B5A854
	ldr r3, [r7, #0x00]
	ldr r4, [r7, #0x04]
	str r4, [sp, #0x000]
	movs r6, #0x00
	str r6, [sp, #0x004]
	movs r5, #0xC0
	lsls r5, r5, #0x04
	str r5, [sp, #0x008]
	ldr r4, _0804CA88 @ =0x0000FFFF
	str r4, [sp, #0x00C]
	bl func_080023E0
	mov r0, r10
	subs r0, #0x90
	lsls r0, r0, #0x10
	asrs r0, r0, #0x10
	ldr r1, _0804CA8C @ =0x08B5A85E
	mov r8, r1
	ldr r3, [r7, #0x00]
	ldr r1, [r7, #0x04]
	str r1, [sp, #0x000]
	str r6, [sp, #0x004]
	str r5, [sp, #0x008]
	subs r4, #0x01
	str r4, [sp, #0x00C]
	mov r1, r9
	mov r2, r8
	bl func_080023E0
	mov r0, r10
	subs r0, #0x58
	lsls r0, r0, #0x10
	asrs r0, r0, #0x10
	ldr r3, [r7, #0x00]
	ldr r1, [r7, #0x04]
	str r1, [sp, #0x000]
	str r6, [sp, #0x004]
	str r5, [sp, #0x008]
	str r4, [sp, #0x00C]
	mov r1, r9
	mov r2, r8
	bl func_080023E0
	mov r0, r10
	subs r0, #0x20
	lsls r0, r0, #0x10
	asrs r0, r0, #0x10
	ldr r3, [r7, #0x00]
	ldr r1, [r7, #0x04]
	str r1, [sp, #0x000]
	str r6, [sp, #0x004]
	str r5, [sp, #0x008]
	str r4, [sp, #0x00C]
	mov r1, r9
	mov r2, r8
	bl func_080023E0
	mov r0, r10
	adds r0, #0x18
	lsls r0, r0, #0x10
	asrs r0, r0, #0x10
	ldr r3, [r7, #0x00]
	ldr r1, [r7, #0x04]
	str r1, [sp, #0x000]
	str r6, [sp, #0x004]
	str r5, [sp, #0x008]
	str r4, [sp, #0x00C]
	mov r1, r9
	mov r2, r8
	bl func_080023E0
	mov r0, r10
	adds r0, #0x50
	lsls r0, r0, #0x10
	asrs r0, r0, #0x10
	ldr r3, [r7, #0x00]
	ldr r1, [r7, #0x04]
	str r1, [sp, #0x000]
	str r6, [sp, #0x004]
	str r5, [sp, #0x008]
	str r4, [sp, #0x00C]
	mov r1, r9
	mov r2, r8
	bl func_080023E0
	bl func_08006390
	lsls r0, r0, #0x10
	lsrs r4, r0, #0x10
	adds r5, r4, #0x0
	cmp r4, #0x00
	beq _0804CB04
	bl _08006338
	lsls r0, r0, #0x10
	lsrs r1, r0, #0x10
	movs r0, #0xF8
	lsls r0, r0, #0x02
	cmp r1, r0
	beq _0804CAF4
	cmp r1, r0
	bgt _0804CA90
	cmp r1, #0x00
	beq _0804CAA4
	cmp r1, #0x1F
	beq _0804CACE
	b _0804CAFE
_0804CA78: .4byte 0x02039B84
_0804CA7C: .4byte 0x08121400
_0804CA80: .4byte 0xFFE40000
_0804CA84: .4byte 0x08B5A854
_0804CA88: .4byte 0x0000FFFF
_0804CA8C: .4byte 0x08B5A85E
_0804CA90:
	movs r0, #0xF8
	lsls r0, r0, #0x07
	cmp r1, r0
	beq _0804CADA
	ldr r0, _0804CAA0 @ =0x00007FFF
	cmp r1, r0
	beq _0804CAB4
	b _0804CAFE
_0804CAA0: .4byte 0x00007FFF
_0804CAA4:
	movs r0, #0x09
	subs r0, r0, r4
	lsls r0, r0, #0x10
	lsrs r2, r0, #0x10
	cmp r0, #0x00
	bge _0804CAEA
	movs r2, #0x00
	b _0804CAEA
_0804CAB4:
	adds r0, r4, #0x0
	adds r0, #0x09
	lsls r0, r0, #0x10
	lsrs r2, r0, #0x10
	asrs r0, r0, #0x10
	cmp r0, #0x1F
	ble _0804CAC4
	movs r2, #0x1F
_0804CAC4:
	adds r0, r4, #0x0
	adds r1, r4, #0x0
	bl func_08005778
	b _0804CAFE
_0804CACE:
	adds r0, r4, #0x0
	movs r1, #0x00
	movs r2, #0x09
	bl func_08005778
	b _0804CAFE
_0804CADA:
	adds r0, r4, #0x0
	adds r0, #0x09
	lsls r0, r0, #0x10
	lsrs r2, r0, #0x10
	asrs r0, r0, #0x10
	cmp r0, #0x1F
	ble _0804CAEA
	movs r2, #0x1F
_0804CAEA:
	movs r0, #0x00
	movs r1, #0x00
	bl func_08005778
	b _0804CAFE
_0804CAF4:
	movs r0, #0x00
	adds r1, r4, #0x0
	movs r2, #0x09
	bl func_08005778
_0804CAFE:
	movs r0, #0x01
	strb r0, [r7, #0x0A]
	b _0804CB16
_0804CB04:
	ldrb r0, [r7, #0x0A]
	cmp r0, #0x00
	beq _0804CB16
	movs r0, #0x00
	movs r1, #0x00
	movs r2, #0x09
	bl func_08005778
	strb r5, [r7, #0x0A]
_0804CB16:
	add sp, #0x010
	pop {r3, r4, r5}
	mov r8, r3
	mov r9, r4
	mov r10, r5
	pop {r4, r5, r6, r7}
	pop {r0}
	bx r0
	.byte 0x00, 0x00
	thumb_func_start task_hum_hook_moon_3
task_hum_hook_moon_3: @ 0804CB28
	push {r4, lr}
	adds r4, r0, #0x0
	ldr r0, [r4, #0x00]
	bl func_080028C0
	ldr r0, [r4, #0x04]
	bl func_08002C10
	pop {r4}
	pop {r0}
	bx r0
	.byte 0x00, 0x00
	thumb_func_start task_hum_hook_bomb_0
task_hum_hook_bomb_0: @ 0804CB40
	push {r4, r5, r6, r7, lr}
	adds r5, r0, #0x0
	adds r6, r1, #0x0
	movs r0, #0x12
	ldsh r1, [r6, r0]
	cmp r1, #0x00
	beq _0804CB58
	adds r1, r5, #0x0
	adds r1, #0x2C
	movs r0, #0x01
	strb r0, [r1, #0x00]
	b _0804CB5E
_0804CB58:
	adds r0, r5, #0x0
	adds r0, #0x2C
	strb r1, [r0, #0x00]
_0804CB5E:
	ldr r0, _0804CBF4 @ =0x08F6DC44
	movs r1, #0x20
	bl func_08002A14
	str r0, [r5, #0x04]
	movs r0, #0xA0
	lsls r0, r0, #0x02
	ldr r1, _0804CBF8 @ =0x08B59E52
	bl func_080028F8
	str r0, [r5, #0x00]
	adds r4, r5, #0x0
	adds r4, #0x08
	ldr r1, _0804CBFC @ =0x09EE17AC
	ldr r2, _0804CC00 @ =0x09EE1798
	adds r0, r4, #0x0
	bl func_08005968
	adds r0, r4, #0x0
	movs r1, #0x00
	movs r2, #0x01
	bl func_080059A4
	ldr r0, [r6, #0x00]
	str r0, [r5, #0x20]
	ldr r0, [r6, #0x04]
	str r0, [r5, #0x24]
	ldr r0, [r6, #0x08]
	str r0, [r5, #0x28]
	ldrh r0, [r6, #0x14]
	adds r6, r5, #0x0
	adds r6, #0x4E
	movs r7, #0x00
	strh r0, [r6, #0x00]
	strh r7, [r5, #0x3C]
	adds r0, r5, #0x0
	adds r0, #0x4A
	strh r7, [r0, #0x00]
	bl func_080065A4
	lsls r0, r0, #0x10
	lsrs r0, r0, #0x10
	ldr r4, _0804CC04 @ =0x00000201
	adds r1, r4, #0x0
	bl func_0811D7CC
	lsls r0, r0, #0x10
	lsrs r0, r0, #0x10
	movs r1, #0xA6
	lsls r1, r1, #0x01
	adds r0, r0, r1
	str r0, [r5, #0x50]
	bl func_080065A4
	lsls r0, r0, #0x10
	lsrs r0, r0, #0x10
	adds r1, r4, #0x0
	bl func_0811D7CC
	lsls r0, r0, #0x10
	lsrs r0, r0, #0x10
	movs r4, #0x80
	lsls r4, r4, #0x01
	adds r0, r0, r4
	negs r0, r0
	str r0, [r5, #0x30]
	ldrh r0, [r6, #0x00]
	cmp r0, #0x01
	beq _0804CC7C
	cmp r0, #0x01
	bgt _0804CC08
	cmp r0, #0x00
	beq _0804CC0E
	b _0804CC7C
	.byte 0x00, 0x00
_0804CBF4: .4byte 0x08F6DC44
_0804CBF8: .4byte 0x08B59E52
_0804CBFC: .4byte 0x09EE17AC
_0804CC00: .4byte 0x09EE1798
_0804CC04: .4byte 0x00000201
_0804CC08:
	cmp r0, #0x02
	beq _0804CC4C
	b _0804CC7C
_0804CC0E:
	ldr r0, [r5, #0x20]
	ldr r1, [r5, #0x24]
	ldr r2, _0804CC48 @ =0x02039B84
	ldr r3, [r2, #0x00]
	movs r4, #0x98
	lsls r4, r4, #0x01
	adds r2, r3, r4
	ldr r2, [r2, #0x00]
	adds r4, #0x04
	adds r3, r3, r4
	ldr r3, [r3, #0x00]
	bl func_0801CB6C
	adds r1, r5, #0x0
	adds r1, #0x34
	strb r0, [r1, #0x00]
	bl func_080065A4
	lsls r0, r0, #0x10
	lsrs r0, r0, #0x10
	movs r1, #0x03
	bl func_0811D7CC
	adds r0, #0x01
	adds r1, r5, #0x0
	adds r1, #0x4C
	strh r0, [r1, #0x00]
	str r7, [r5, #0x38]
	b _0804CCA0
_0804CC48: .4byte 0x02039B84
_0804CC4C:
	ldr r0, [r5, #0x20]
	ldr r1, [r5, #0x24]
	ldr r2, _0804CC78 @ =0x02039B84
	ldr r3, [r2, #0x00]
	movs r4, #0x98
	lsls r4, r4, #0x01
	adds r2, r3, r4
	ldr r2, [r2, #0x00]
	adds r4, #0x04
	adds r3, r3, r4
	ldr r3, [r3, #0x00]
	bl func_0801CB6C
	adds r1, r5, #0x0
	adds r1, #0x34
	strb r0, [r1, #0x00]
	adds r0, r5, #0x0
	adds r0, #0x4C
	strh r7, [r0, #0x00]
	movs r0, #0x01
	str r0, [r5, #0x38]
	b _0804CCA0
_0804CC78: .4byte 0x02039B84
_0804CC7C:
	bl func_080065A4
	adds r1, r5, #0x0
	adds r1, #0x34
	movs r4, #0x00
	strb r0, [r1, #0x00]
	bl func_080065A4
	lsls r0, r0, #0x10
	lsrs r0, r0, #0x10
	movs r1, #0x05
	bl func_0811D7CC
	adds r0, #0x04
	adds r1, r5, #0x0
	adds r1, #0x4C
	strh r0, [r1, #0x00]
	str r4, [r5, #0x38]
_0804CCA0:
	ldr r0, _0804CCC4 @ =0x08B22CE4
	movs r1, #0x80
	lsls r1, r1, #0x02
	bl func_080026A4
	str r0, [r5, #0x40]
	ldr r0, _0804CCC8 @ =0x08F69BA4
	movs r1, #0x20
	bl func_08002A14
	str r0, [r5, #0x44]
	adds r1, r5, #0x0
	adds r1, #0x48
	movs r0, #0x01
	strb r0, [r1, #0x00]
	pop {r4, r5, r6, r7}
	pop {r0}
	bx r0
_0804CCC4: .4byte 0x08B22CE4
_0804CCC8: .4byte 0x08F69BA4
	thumb_func_start task_hum_hook_bomb_1
task_hum_hook_bomb_1: @ 0804CCCC
	push {r4, r5, r6, r7, lr}
	mov r7, r8
	push {r7}
	add sp, #-0x00C
	adds r6, r0, #0x0
	ldr r0, _0804CD5C @ =0x02039B84
	mov r8, r0
	ldr r0, [r0, #0x00]
	ldr r1, [r0, #0x6C]
	ldr r0, [r0, #0x68]
	movs r2, #0x40
	movs r7, #0x00
	ands r0, r2
	movs r1, #0x00
	orrs r0, r1
	cmp r0, #0x00
	bne _0804CCF0
	b _0804CED0
_0804CCF0:
	ldr r0, [r6, #0x38]
	cmp r0, #0x00
	bne _0804CDD6
	ldr r3, _0804CD60 @ =0x08121400
	adds r4, r6, #0x0
	adds r4, #0x34
	ldrb r0, [r4, #0x00]
	lsls r0, r0, #0x01
	adds r0, r0, r3
	movs r1, #0x00
	ldsh r0, [r0, r1]
	ldr r2, [r6, #0x50]
	adds r1, r0, #0x0
	muls r1, r2
	asrs r1, r1, #0x08
	ldr r0, [r6, #0x20]
	adds r0, r0, r1
	str r0, [r6, #0x20]
	ldrb r0, [r4, #0x00]
	adds r0, #0x40
	lsls r0, r0, #0x01
	adds r0, r0, r3
	movs r3, #0x00
	ldsh r0, [r0, r3]
	negs r0, r0
	adds r1, r0, #0x0
	muls r1, r2
	asrs r1, r1, #0x08
	ldr r0, [r6, #0x24]
	adds r0, r0, r1
	str r0, [r6, #0x24]
	ldr r1, [r6, #0x28]
	ldr r0, [r6, #0x30]
	adds r1, r1, r0
	str r1, [r6, #0x28]
	adds r0, #0x40
	str r0, [r6, #0x30]
	cmp r1, #0x00
	ble _0804CDB4
	str r7, [r6, #0x28]
	adds r1, r6, #0x0
	adds r1, #0x4A
	adds r0, r6, #0x0
	adds r0, #0x4C
	movs r5, #0x00
	ldsh r2, [r1, r5]
	movs r3, #0x00
	ldsh r0, [r0, r3]
	adds r5, r1, #0x0
	cmp r2, r0
	blt _0804CD64
	strh r7, [r6, #0x3C]
	b _0804CDD0
	.byte 0x00, 0x00
_0804CD5C: .4byte 0x02039B84
_0804CD60: .4byte 0x08121400
_0804CD64:
	bl func_080065A4
	lsls r0, r0, #0x10
	lsrs r0, r0, #0x10
	ldr r1, _0804CDA4 @ =0x00000301
	bl func_0811D7CC
	lsls r0, r0, #0x10
	lsrs r0, r0, #0x10
	movs r7, #0x80
	lsls r7, r7, #0x02
	adds r0, r0, r7
	negs r0, r0
	str r0, [r6, #0x30]
	adds r0, r6, #0x0
	adds r0, #0x4E
	ldrh r0, [r0, #0x00]
	cmp r0, #0x00
	bne _0804CDA8
	ldr r0, [r6, #0x20]
	ldr r1, [r6, #0x24]
	mov r2, r8
	ldr r3, [r2, #0x00]
	subs r7, #0xD0
	adds r2, r3, r7
	ldr r2, [r2, #0x00]
	adds r7, #0x04
	adds r3, r3, r7
	ldr r3, [r3, #0x00]
	bl func_0801CB6C
	b _0804CDAC
_0804CDA4: .4byte 0x00000301
_0804CDA8:
	bl func_080065A4
_0804CDAC:
	strb r0, [r4, #0x00]
	ldrh r0, [r5, #0x00]
	adds r0, #0x01
	strh r0, [r5, #0x00]
_0804CDB4:
	ldr r0, [r6, #0x20]
	ldr r1, [r6, #0x24]
	ldr r2, [r6, #0x28]
	movs r3, #0x02
	str r3, [sp, #0x000]
	str r3, [sp, #0x004]
	bl func_08011E3C
	lsls r0, r0, #0x18
	cmp r0, #0x00
	bne _0804CDCC
	b _0804CED8
_0804CDCC:
	movs r0, #0x00
	strh r0, [r6, #0x3C]
_0804CDD0:
	movs r0, #0x01
	str r0, [r6, #0x38]
	b _0804CEDE
_0804CDD6:
	movs r1, #0x3C
	ldsh r0, [r6, r1]
	cmp r0, #0x00
	bne _0804CDEA
	adds r0, r6, #0x0
	adds r0, #0x08
	movs r1, #0x01
	movs r2, #0x00
	bl func_080059A4
_0804CDEA:
	movs r2, #0x3C
	ldsh r0, [r6, r2]
	cmp r0, #0x11
	bgt _0804CE80
	ldr r3, _0804CE78 @ =0x08121400
	adds r4, r6, #0x0
	adds r4, #0x34
	ldrb r0, [r4, #0x00]
	lsls r0, r0, #0x01
	adds r0, r0, r3
	movs r5, #0x00
	ldsh r0, [r0, r5]
	ldr r2, [r6, #0x50]
	adds r1, r0, #0x0
	muls r1, r2
	asrs r1, r1, #0x08
	ldr r0, [r6, #0x20]
	adds r0, r0, r1
	str r0, [r6, #0x20]
	ldrb r0, [r4, #0x00]
	adds r0, #0x40
	lsls r0, r0, #0x01
	adds r0, r0, r3
	movs r1, #0x00
	ldsh r0, [r0, r1]
	negs r0, r0
	adds r1, r0, #0x0
	muls r1, r2
	asrs r1, r1, #0x08
	ldr r0, [r6, #0x24]
	adds r0, r0, r1
	str r0, [r6, #0x24]
	ldr r1, [r6, #0x28]
	ldr r0, [r6, #0x30]
	adds r1, r1, r0
	str r1, [r6, #0x28]
	adds r0, #0x40
	str r0, [r6, #0x30]
	cmp r1, #0x00
	ble _0804CEBE
	str r7, [r6, #0x28]
	bl func_080065A4
	lsls r0, r0, #0x10
	lsrs r0, r0, #0x10
	ldr r1, _0804CE7C @ =0x00000301
	bl func_0811D7CC
	lsls r0, r0, #0x10
	lsrs r0, r0, #0x10
	movs r2, #0x80
	lsls r2, r2, #0x02
	adds r0, r0, r2
	negs r0, r0
	str r0, [r6, #0x30]
	ldr r0, [r6, #0x20]
	ldr r1, [r6, #0x24]
	mov r5, r8
	ldr r3, [r5, #0x00]
	movs r7, #0x98
	lsls r7, r7, #0x01
	adds r2, r3, r7
	ldr r2, [r2, #0x00]
	movs r5, #0x9A
	lsls r5, r5, #0x01
	adds r3, r3, r5
	ldr r3, [r3, #0x00]
	bl func_0801CB6C
	strb r0, [r4, #0x00]
	b _0804CEBE
_0804CE78: .4byte 0x08121400
_0804CE7C: .4byte 0x00000301
_0804CE80:
	cmp r0, #0x12
	bne _0804CE9A
	bl func_08019A30
	ldr r0, [r6, #0x20]
	ldr r1, [r6, #0x24]
	ldr r2, [r6, #0x28]
	bl func_08014020
	adds r0, r6, #0x0
	adds r0, #0x48
	strb r7, [r0, #0x00]
	b _0804CEBE
_0804CE9A:
	cmp r0, #0x12
	ble _0804CEBE
	ldr r0, _0804CED4 @ =0x00000117
	ldr r1, [r6, #0x20]
	ldr r2, [r6, #0x24]
	ldr r3, [r6, #0x28]
	movs r4, #0x18
	str r4, [sp, #0x000]
	str r4, [sp, #0x004]
	str r4, [sp, #0x008]
	bl func_08011F78
	cmp r0, #0x00
	beq _0804CEBE
	movs r0, #0x99
	lsls r0, r0, #0x02
	bl func_0811FE70
_0804CEBE:
	movs r7, #0x3C
	ldsh r0, [r6, r7]
	cmp r0, #0x11
	ble _0804CED8
	bl func_080128EC
	lsls r0, r0, #0x18
	cmp r0, #0x00
	bne _0804CED8
_0804CED0:
	movs r0, #0x00
	b _0804CF16
_0804CED4: .4byte 0x00000117
_0804CED8:
	ldrh r0, [r6, #0x3C]
	adds r0, #0x01
	strh r0, [r6, #0x3C]
_0804CEDE:
	adds r0, r6, #0x0
	adds r0, #0x20
	adds r1, r6, #0x0
	adds r1, #0x24
	movs r2, #0x00
	movs r3, #0x00
	bl func_0801A8A4
	cmp r0, #0x00
	beq _0804CF0C
	bl func_080065A4
	adds r5, r6, #0x0
	adds r5, #0x34
	ldrb r4, [r5, #0x00]
	adds r4, #0x76
	lsls r0, r0, #0x10
	lsrs r0, r0, #0x10
	movs r1, #0x15
	bl func_0811D7CC
	adds r0, r0, r4
	strb r0, [r5, #0x00]
_0804CF0C:
	adds r0, r6, #0x0
	adds r0, #0x08
	bl func_08005A64
	movs r0, #0x01
_0804CF16:
	add sp, #0x00C
	pop {r3}
	mov r8, r3
	pop {r4, r5, r6, r7}
	pop {r1}
	bx r1
	.byte 0x00, 0x00
	thumb_func_start task_hum_hook_bomb_2
task_hum_hook_bomb_2: @ 0804CF24
	push {r4, r5, r6, r7, lr}
	mov r7, r9
	mov r6, r8
	push {r6, r7}
	add sp, #-0x014
	adds r7, r0, #0x0
	adds r0, #0x48
	ldrb r0, [r0, #0x00]
	cmp r0, #0x00
	beq _0804CFD8
	adds r0, r7, #0x0
	adds r0, #0x08
	bl func_08005AFC
	mov r9, r0
	ldr r0, [r7, #0x24]
	bl func_0801AF1C
	lsls r0, r0, #0x10
	lsrs r5, r0, #0x10
	adds r0, r7, #0x0
	adds r0, #0x2C
	ldrb r0, [r0, #0x00]
	cmp r0, #0x00
	bne _0804CF5A
	movs r0, #0x01
	orrs r5, r0
_0804CF5A:
	mov r6, sp
	adds r6, #0x12
	ldr r2, [r7, #0x20]
	ldr r3, [r7, #0x24]
	ldr r0, [r7, #0x28]
	str r0, [sp, #0x000]
	add r0, sp, #0x010
	adds r1, r6, #0x0
	bl func_0801909C
	add r0, sp, #0x010
	movs r1, #0x00
	ldsh r0, [r0, r1]
	movs r2, #0x00
	ldsh r1, [r6, r2]
	ldr r3, [r7, #0x00]
	ldr r2, [r7, #0x04]
	str r2, [sp, #0x000]
	movs r4, #0x00
	mov r8, r4
	str r4, [sp, #0x004]
	str r5, [sp, #0x008]
	ldr r4, [r7, #0x24]
	movs r2, #0x80
	lsls r2, r2, #0x04
	adds r4, r4, r2
	asrs r4, r4, #0x08
	lsls r4, r4, #0x02
	mov r12, r4
	ldr r4, _0804CFE8 @ =0xFFFFEFFC
	adds r2, r4, #0x0
	mov r4, r12
	subs r2, r2, r4
	lsls r2, r2, #0x10
	lsrs r2, r2, #0x10
	str r2, [sp, #0x00C]
	mov r2, r9
	bl func_080023E0
	ldr r2, [r7, #0x20]
	ldr r3, [r7, #0x24]
	mov r0, r8
	str r0, [sp, #0x000]
	add r0, sp, #0x010
	adds r1, r6, #0x0
	bl func_0801909C
	add r0, sp, #0x010
	movs r1, #0x00
	ldsh r0, [r0, r1]
	movs r2, #0x00
	ldsh r1, [r6, r2]
	ldr r2, _0804CFEC @ =0x08B22CBC
	ldr r3, [r7, #0x40]
	ldr r4, [r7, #0x44]
	str r4, [sp, #0x000]
	mov r4, r8
	str r4, [sp, #0x004]
	str r5, [sp, #0x008]
	ldr r4, _0804CFF0 @ =0x0000FFF0
	str r4, [sp, #0x00C]
	bl func_080023E0
_0804CFD8:
	add sp, #0x014
	pop {r3, r4}
	mov r8, r3
	mov r9, r4
	pop {r4, r5, r6, r7}
	pop {r0}
	bx r0
	.byte 0x00, 0x00
_0804CFE8: .4byte 0xFFFFEFFC
_0804CFEC: .4byte 0x08B22CBC
_0804CFF0: .4byte 0x0000FFF0
	thumb_func_start task_hum_hook_bomb_3
task_hum_hook_bomb_3: @ 0804CFF4
	push {r4, lr}
	adds r4, r0, #0x0
	ldr r0, [r4, #0x40]
	bl func_080028C0
	ldr r0, [r4, #0x44]
	bl func_08002C10
	ldr r0, [r4, #0x00]
	bl func_080028C0
	ldr r0, [r4, #0x04]
	bl func_08002C10
	pop {r4}
	pop {r0}
	bx r0
	.byte 0x00, 0x00, 0x10, 0xB5, 0x84, 0x46, 0x0B, 0x1C, 0x64, 0x46, 0x40, 0x34, 0x00, 0x2B, 0x15, 0xD0
	.byte 0x0C, 0x4A, 0x0C, 0x48, 0x00, 0x68, 0x80, 0x00, 0xFF, 0x21, 0x08, 0x40, 0x40, 0x00, 0x80, 0x18
	.byte 0x00, 0x21, 0x40, 0x5E, 0xC0, 0x00, 0x18, 0x18, 0xAC, 0x22, 0x52, 0x00, 0x62, 0x44, 0x00, 0x21
	.byte 0x11, 0x60, 0xE1, 0x68, 0x40, 0x1A, 0x00, 0x11, 0x09, 0x18, 0xE1, 0x60, 0x10, 0xBC, 0x01, 0xBC
	.byte 0x00, 0x47, 0x00, 0x14, 0x12, 0x08, 0x80, 0x74, 0x00, 0x03
	thumb_func_start func_0804D060
func_0804D060: @ 0804D060
	push {r4, lr}
	mov r12, r0
	mov r4, r12
	adds r4, #0x40
	ldr r0, [r4, #0x34]
	ldr r1, [r4, #0x38]
	movs r2, #0x04
	ands r0, r2
	movs r1, #0x00
	orrs r0, r1
	cmp r0, #0x00
	beq _0804D086
	movs r2, #0xE4
	lsls r2, r2, #0x01
	add r2, r12
	ldr r1, [r2, #0x00]
	movs r0, #0xC0
	lsls r0, r0, #0x05
	b _0804D090
_0804D086:
	movs r2, #0xE4
	lsls r2, r2, #0x01
	add r2, r12
	ldr r1, [r2, #0x00]
	ldr r0, _0804D0DC @ =0xFFFFE800
_0804D090:
	subs r0, r0, r1
	asrs r0, r0, #0x03
	adds r1, r1, r0
	str r1, [r2, #0x00]
	movs r3, #0xE6
	lsls r3, r3, #0x01
	add r3, r12
	ldr r1, [r3, #0x00]
	ldr r0, _0804D0E0 @ =0xFFFFEE00
	subs r0, r0, r1
	asrs r0, r0, #0x03
	adds r1, r1, r0
	str r1, [r3, #0x00]
	movs r2, #0xD8
	lsls r2, r2, #0x01
	add r2, r12
	movs r1, #0xE4
	lsls r1, r1, #0x01
	add r1, r12
	ldr r0, [r4, #0x04]
	ldr r1, [r1, #0x00]
	adds r0, r0, r1
	str r0, [r2, #0x00]
	movs r1, #0xDA
	lsls r1, r1, #0x01
	add r1, r12
	ldr r0, [r4, #0x08]
	str r0, [r1, #0x00]
	movs r2, #0xDC
	lsls r2, r2, #0x01
	add r2, r12
	ldr r0, [r4, #0x0C]
	ldr r1, [r3, #0x00]
	adds r0, r0, r1
	str r0, [r2, #0x00]
	pop {r4}
	pop {r0}
	bx r0
_0804D0DC: .4byte 0xFFFFE800
_0804D0E0: .4byte 0xFFFFEE00
	thumb_func_start task_hum_ansem_0
task_hum_ansem_0: @ 0804D0E4
	push {r4, lr}
	adds r4, r0, #0x0
	ldr r1, _0804D12C @ =0x0813F1E8
	bl func_0800E168
	movs r0, #0xC4
	lsls r0, r0, #0x01
	adds r1, r4, r0
	ldr r2, _0804D130 @ =0x0813F1E0
	adds r0, r4, #0x0
	bl func_0800E314
	movs r0, #0xE2
	lsls r0, r0, #0x01
	adds r1, r4, r0
	ldr r0, _0804D134 @ =0xFFFFF400
	str r0, [r1, #0x00]
	movs r0, #0xE4
	lsls r0, r0, #0x01
	adds r1, r4, r0
	movs r0, #0x00
	str r0, [r1, #0x00]
	movs r0, #0xBA
	lsls r0, r0, #0x01
	adds r1, r4, r0
	ldr r0, _0804D138 @ =0x0000FFCE
	strh r0, [r1, #0x00]
	movs r0, #0xC2
	lsls r0, r0, #0x01
	adds r1, r4, r0
	ldr r0, _0804D13C @ =0x0813F0B8
	str r0, [r1, #0x00]
	pop {r4}
	pop {r0}
	bx r0
	.byte 0x00, 0x00
_0804D12C: .4byte 0x0813F1E8
_0804D130: .4byte 0x0813F1E0
_0804D134: .4byte 0xFFFFF400
_0804D138: .4byte 0x0000FFCE
_0804D13C: .4byte 0x0813F0B8
	thumb_func_start task_hum_ansem_1
task_hum_ansem_1: @ 0804D140
	push {r4, r5, r6, r7, lr}
	mov r7, r10
	mov r6, r9
	mov r5, r8
	push {r5, r6, r7}
	add sp, #-0x024
	adds r7, r0, #0x0
	adds r6, r7, #0x0
	movs r0, #0x40
	adds r0, r0, r7
	mov r8, r0
	add r2, sp, #0x010
	add r1, sp, #0x00C
	movs r3, #0x00
	bl func_0801C700
	adds r0, r7, #0x0
	bl _0800E434
	cmp r0, #0x04
	beq _0804D214
	cmp r0, #0x05
	bne _0804D236
	movs r1, #0xA8
	lsls r1, r1, #0x01
	adds r0, r7, r1
	movs r4, #0x00
	strh r4, [r0, #0x00]
	mov r2, r8
	ldr r0, [r2, #0x34]
	ldr r1, [r2, #0x38]
	ldr r3, _0804D1B0 @ =0xFFFFFFFE
	ldr r2, _0804D1AC @ =0xFFFF7FFF
	ands r0, r2
	ands r1, r3
	mov r3, r8
	str r0, [r3, #0x34]
	str r1, [r3, #0x38]
	bl func_08019A30
	adds r0, r7, #0x0
	bl _0800F84C
	adds r1, r0, #0x0
	cmp r1, #0x26
	beq _0804D1D4
	cmp r1, #0x26
	bhi _0804D1B4
	cmp r1, #0x24
	beq _0804D1D4
	cmp r1, #0x25
	beq _0804D1E0
	b _0804D236
	.byte 0x00, 0x00
_0804D1AC: .4byte 0xFFFF7FFF
_0804D1B0: .4byte 0xFFFFFFFE
_0804D1B4:
	ldr r0, _0804D1C4 @ =0xFA3EB7A3
	cmp r1, r0
	beq _0804D200
	cmp r1, r0
	bhi _0804D1C8
	cmp r1, #0x27
	beq _0804D1E0
	b _0804D236
_0804D1C4: .4byte 0xFA3EB7A3
_0804D1C8:
	ldr r0, _0804D1D0 @ =0xFADEB7A3
	cmp r1, r0
	beq _0804D1EC
	b _0804D236
_0804D1D0: .4byte 0xFADEB7A3
_0804D1D4:
	movs r4, #0xB8
	lsls r4, r4, #0x01
	adds r1, r7, r4
	movs r0, #0x14
	str r0, [r1, #0x00]
	b _0804D236
_0804D1E0:
	movs r0, #0xB8
	lsls r0, r0, #0x01
	adds r1, r7, r0
	movs r0, #0x19
	str r0, [r1, #0x00]
	b _0804D236
_0804D1EC:
	movs r1, #0xB8
	lsls r1, r1, #0x01
	adds r0, r7, r1
	movs r1, #0x1A
	str r1, [r0, #0x00]
	movs r2, #0xEC
	lsls r2, r2, #0x01
	adds r0, r7, r2
	strh r4, [r0, #0x00]
	b _0804D236
_0804D200:
	movs r3, #0xB8
	lsls r3, r3, #0x01
	adds r0, r7, r3
	movs r1, #0x15
	str r1, [r0, #0x00]
	movs r1, #0xEC
	lsls r1, r1, #0x01
	adds r0, r7, r1
	strh r4, [r0, #0x00]
	b _0804D236
_0804D214:
	mov r2, r8
	ldr r0, [r2, #0x34]
	ldr r1, [r2, #0x38]
	ldr r3, _0804D25C @ =0xFFFFFFFE
	ldr r2, _0804D258 @ =0xFFFF7FFF
	ands r0, r2
	ands r1, r3
	mov r3, r8
	str r0, [r3, #0x34]
	str r1, [r3, #0x38]
	movs r4, #0xDE
	lsls r4, r4, #0x01
	adds r2, r7, r4
	ldrh r1, [r2, #0x00]
	ldr r0, _0804D260 @ =0x0000FFFA
	ands r0, r1
	strh r0, [r2, #0x00]
_0804D236:
	ldr r0, _0804D264 @ =0x02039B84
	ldr r0, [r0, #0x00]
	movs r1, #0x86
	lsls r1, r1, #0x01
	adds r0, r0, r1
	ldr r0, [r0, #0x00]
	cmp r0, #0xA6
	bne _0804D268
	movs r0, #0x18
	str r0, [sp, #0x000]
	adds r0, r7, #0x0
	movs r1, #0x1E
	movs r2, #0x50
	movs r3, #0x50
	bl func_0800F5A4
	b _0804D2A6
_0804D258: .4byte 0xFFFF7FFF
_0804D25C: .4byte 0xFFFFFFFE
_0804D260: .4byte 0x0000FFFA
_0804D264: .4byte 0x02039B84
_0804D268:
	movs r0, #0x18
	str r0, [sp, #0x000]
	adds r0, r7, #0x0
	movs r1, #0x02
	movs r2, #0x50
	movs r3, #0x50
	bl func_0800F5A4
	lsls r0, r0, #0x18
	cmp r0, #0x00
	beq _0804D2A6
	bl func_080065A4
	lsls r0, r0, #0x10
	lsrs r0, r0, #0x10
	movs r1, #0x01
	ands r0, r1
	cmp r0, #0x00
	beq _0804D29C
	movs r2, #0xC2
	lsls r2, r2, #0x01
	adds r1, r7, r2
	ldr r0, _0804D298 @ =0x0813F0B8
	b _0804D2A4
_0804D298: .4byte 0x0813F0B8
_0804D29C:
	movs r3, #0xC2
	lsls r3, r3, #0x01
	adds r1, r7, r3
	ldr r0, _0804D2C0 @ =0x0813F0C4
_0804D2A4:
	str r0, [r1, #0x00]
_0804D2A6:
	movs r4, #0xB8
	lsls r4, r4, #0x01
	adds r0, r7, r4
	ldr r0, [r0, #0x00]
	cmp r0, #0x1D
	bls _0804D2B6
	bl _0804E318
_0804D2B6:
	lsls r0, r0, #0x02
	ldr r1, _0804D2C4 @ =0x0804D2C8
	adds r0, r0, r1
	ldr r0, [r0, #0x00]
	mov pc, r0
_0804D2C0: .4byte 0x0813F0C4
_0804D2C4: .4byte 0x0804D2C8
	.byte 0xB4, 0xD3, 0x04, 0x08, 0xAC, 0xD5, 0x04, 0x08, 0xE8, 0xD5, 0x04, 0x08, 0xAC, 0xD5, 0x04, 0x08
	.byte 0x18, 0xE3, 0x04, 0x08, 0x18, 0xE3, 0x04, 0x08, 0x18, 0xE3, 0x04, 0x08, 0x18, 0xE3, 0x04, 0x08
	.byte 0x92, 0xD4, 0x04, 0x08, 0xAC, 0xD5, 0x04, 0x08, 0x18, 0xE3, 0x04, 0x08, 0xAC, 0xD5, 0x04, 0x08
	.byte 0x40, 0xD3, 0x04, 0x08, 0x18, 0xE3, 0x04, 0x08, 0xAC, 0xD5, 0x04, 0x08, 0x18, 0xE3, 0x04, 0x08
	.byte 0x18, 0xE3, 0x04, 0x08, 0x74, 0xD3, 0x04, 0x08, 0x40, 0xD3, 0x04, 0x08, 0x18, 0xE3, 0x04, 0x08
	.byte 0x40, 0xD6, 0x04, 0x08, 0xD4, 0xD7, 0x04, 0x08, 0x9A, 0xD8, 0x04, 0x08, 0x0C, 0xD9, 0x04, 0x08
	.byte 0xA6, 0xDB, 0x04, 0x08, 0x8C, 0xE1, 0x04, 0x08, 0xF6, 0xDD, 0x04, 0x08, 0x70, 0xDE, 0x04, 0x08
	.byte 0x1E, 0xE1, 0x04, 0x08, 0x7C, 0xDC, 0x04, 0x08, 0x0A, 0x48, 0x31, 0x1C, 0x14, 0x31, 0x72, 0x68
	.byte 0x00, 0x92, 0x00, 0x22, 0x01, 0x23, 0xCB, 0xF7, 0x8B, 0xFE, 0x07, 0x48, 0xF2, 0x68, 0x11, 0x1C
	.byte 0x10, 0x31, 0x52, 0x68, 0x00, 0x92, 0x00, 0x22, 0x01, 0x23, 0xCB, 0xF7, 0x81, 0xFE, 0x00, 0xF0
	.byte 0xD7, 0xFF, 0x00, 0x00, 0xD0, 0xF0, 0x13, 0x08, 0x40, 0xF1, 0x13, 0x08, 0x0C, 0x48, 0x31, 0x1C
	.byte 0x14, 0x31, 0x72, 0x68, 0x00, 0x92, 0x00, 0x22, 0x01, 0x23, 0xCB, 0xF7, 0x71, 0xFE, 0x09, 0x48
	.byte 0xF2, 0x68, 0x11, 0x1C, 0x10, 0x31, 0x52, 0x68, 0x00, 0x92, 0x00, 0x22, 0x01, 0x23, 0xCB, 0xF7
	.byte 0x67, 0xFE, 0xE2, 0x20, 0x40, 0x00, 0x31, 0x18, 0x03, 0x48, 0x08, 0x60, 0x00, 0xF0, 0xB8, 0xFF
	.byte 0xD0, 0xF0, 0x13, 0x08, 0x40, 0xF1, 0x13, 0x08, 0x00, 0xB0, 0xFF, 0xFF, 0x23, 0x48, 0x31, 0x1C
	.byte 0x14, 0x31, 0x72, 0x68, 0x00, 0x92, 0x00, 0x22, 0x01, 0x23, 0xCB, 0xF7, 0x51, 0xFE, 0x20, 0x48
	.byte 0xF2, 0x68, 0x11, 0x1C, 0x10, 0x31, 0x52, 0x68, 0x00, 0x92, 0x00, 0x22, 0x01, 0x23, 0xCB, 0xF7
	.byte 0x47, 0xFE, 0xE2, 0x22, 0x52, 0x00, 0xB1, 0x18, 0x1A, 0x48, 0x08, 0x60, 0x34, 0xF0, 0x20, 0xFA
	.byte 0x00, 0x06, 0x00, 0x28, 0x01, 0xD0, 0x00, 0xF0, 0x93, 0xFF, 0x17, 0x4C, 0x20, 0x68, 0x86, 0x23
	.byte 0x5B, 0x00, 0xC0, 0x18, 0x00, 0x68, 0xB1, 0x28, 0x28, 0xD1, 0xB9, 0xF7, 0xCF, 0xF8, 0x00, 0x04
	.byte 0x00, 0x0C, 0x0F, 0x21, 0xD0, 0xF0, 0xDE, 0xF9, 0x00, 0x04, 0x03, 0x0C, 0x00, 0x2B, 0x1D, 0xD1
	.byte 0x20, 0x68, 0xC1, 0x6E, 0x80, 0x6E, 0x80, 0x22, 0x92, 0x05, 0x10, 0x40, 0x00, 0x21, 0x08, 0x43
	.byte 0x00, 0x28, 0x13, 0xD0, 0xB8, 0x24, 0x64, 0x00, 0x38, 0x19, 0x1D, 0x21, 0x01, 0x60, 0xA8, 0x21
	.byte 0x49, 0x00, 0x78, 0x18, 0x03, 0x80, 0x00, 0xF0, 0x6B, 0xFF, 0x00, 0x00, 0xD0, 0xF0, 0x13, 0x08
	.byte 0x40, 0xF1, 0x13, 0x08, 0x00, 0xF4, 0xFF, 0xFF, 0x84, 0x9B, 0x03, 0x02, 0xB9, 0xF7, 0xA6, 0xF8
	.byte 0x00, 0x04, 0x00, 0x0C, 0x50, 0x21, 0xD0, 0xF0, 0xB5, 0xF9, 0x00, 0x04, 0x02, 0x0C, 0x00, 0x2A
	.byte 0x0A, 0xD1, 0xB8, 0x23, 0x5B, 0x00, 0xF8, 0x18, 0x08, 0x21, 0x01, 0x60, 0xA8, 0x24, 0x64, 0x00
	.byte 0x38, 0x19, 0x02, 0x80, 0x00, 0xF0, 0x4C, 0xFF, 0x38, 0x1C, 0x03, 0x21, 0xC1, 0xF7, 0x70, 0xFF
	.byte 0xA8, 0x20, 0x40, 0x00, 0x39, 0x18, 0x00, 0xF0, 0x40, 0xFF, 0xA8, 0x21, 0x49, 0x00, 0x78, 0x18
	.byte 0x00, 0x22, 0x80, 0x5E, 0x00, 0x28, 0x36, 0xD1, 0x13, 0x48, 0x31, 0x1C, 0x14, 0x31, 0x72, 0x68
	.byte 0x00, 0x92, 0x00, 0x22, 0x01, 0x23, 0xCB, 0xF7, 0xDB, 0xFD, 0x10, 0x48, 0xF2, 0x68, 0x11, 0x1C
	.byte 0x10, 0x31, 0x52, 0x68, 0x00, 0x92, 0x00, 0x22, 0x01, 0x23, 0xCB, 0xF7, 0xD1, 0xFD, 0xE2, 0x23
	.byte 0x5B, 0x00, 0xF1, 0x18, 0x0A, 0x48, 0x08, 0x60, 0xB0, 0x24, 0x64, 0x00, 0x39, 0x19, 0x04, 0x98
	.byte 0x08, 0x60, 0x41, 0x46, 0x48, 0x68, 0x03, 0x9A, 0x90, 0x42, 0x0D, 0xDA, 0x68, 0x3B, 0xF9, 0x18
	.byte 0x04, 0x4C, 0x10, 0x19, 0x0E, 0xE0, 0x00, 0x00, 0xD0, 0xF0, 0x13, 0x08, 0x40, 0xF1, 0x13, 0x08
	.byte 0x00, 0xF4, 0xFF, 0xFF, 0x00, 0x88, 0xFF, 0xFF, 0xAE, 0x20, 0x40, 0x00, 0x39, 0x18, 0xF0, 0x23
	.byte 0xDB, 0x01, 0xD0, 0x18, 0x08, 0x60, 0x14, 0x4C, 0x20, 0x68, 0x86, 0x21, 0x49, 0x00, 0x40, 0x18
	.byte 0x00, 0x68, 0xB1, 0x28, 0x22, 0xD1, 0xB9, 0xF7, 0x41, 0xF8, 0x00, 0x04, 0x00, 0x0C, 0x1E, 0x21
	.byte 0xD0, 0xF0, 0x50, 0xF9, 0x00, 0x04, 0x03, 0x0C, 0x00, 0x2B, 0x17, 0xD1, 0x20, 0x68, 0xC1, 0x6E
	.byte 0x80, 0x6E, 0x80, 0x22, 0x92, 0x05, 0x10, 0x40, 0x00, 0x21, 0x08, 0x43, 0x00, 0x28, 0x0D, 0xD0
	.byte 0xB8, 0x22, 0x52, 0x00, 0xB8, 0x18, 0x1D, 0x21, 0x01, 0x60, 0xA8, 0x24, 0x64, 0x00, 0x38, 0x19
	.byte 0x03, 0x80, 0x00, 0xF0, 0xDD, 0xFE, 0x00, 0x00, 0x84, 0x9B, 0x03, 0x02, 0xAE, 0x21, 0x49, 0x00
	.byte 0x78, 0x18, 0x01, 0x68, 0xB0, 0x22, 0x52, 0x00, 0xB8, 0x18, 0x02, 0x68, 0xC0, 0x23, 0x9B, 0x00
	.byte 0x38, 0x1C, 0xC1, 0xF7, 0x1F, 0xFF, 0x00, 0x06, 0x00, 0x28, 0x0A, 0xD0, 0xB8, 0x23, 0x5B, 0x00
	.byte 0xF8, 0x18, 0x00, 0x21, 0x01, 0x60, 0xA8, 0x24, 0x64, 0x00, 0x38, 0x19, 0x01, 0x80, 0x00, 0xF0
	.byte 0xBF, 0xFE, 0x38, 0x1C, 0x01, 0x21, 0xC1, 0xF7, 0xE3, 0xFE, 0xA8, 0x20, 0x40, 0x00, 0x39, 0x18
	.byte 0x00, 0xF0, 0xB3, 0xFE, 0xE2, 0x22, 0x52, 0x00, 0xB1, 0x18, 0x00, 0x20, 0x08, 0x60, 0x0A, 0x48
	.byte 0x31, 0x1C, 0x14, 0x31, 0x72, 0x68, 0x00, 0x92, 0x01, 0x22, 0x00, 0x23, 0xCB, 0xF7, 0x50, 0xFD
	.byte 0x06, 0x48, 0xF2, 0x68, 0x11, 0x1C, 0x10, 0x31, 0x52, 0x68, 0x00, 0x92, 0x01, 0x22, 0x00, 0x23
	.byte 0xCB, 0xF7, 0x46, 0xFD, 0x00, 0xF0, 0x9C, 0xFE, 0xD0, 0xF0, 0x13, 0x08, 0x40, 0xF1, 0x13, 0x08
	.byte 0x14, 0x48, 0x01, 0x68, 0x86, 0x23, 0x5B, 0x00, 0xC8, 0x18, 0x00, 0x68, 0xB1, 0x28, 0x01, 0xD0
	.byte 0x00, 0xF0, 0x8E, 0xFE, 0x88, 0x6E, 0xC9, 0x6E, 0x80, 0x22, 0x92, 0x05, 0x10, 0x40, 0x00, 0x21
	.byte 0x08, 0x43, 0x00, 0x28, 0x01, 0xD1, 0x00, 0xF0, 0x83, 0xFE, 0xB8, 0xF7, 0xC7, 0xFF, 0x00, 0x04
	.byte 0x00, 0x0C, 0x01, 0x21, 0x08, 0x40, 0x00, 0x28, 0x01, 0xD1, 0x00, 0xF0, 0x79, 0xFE, 0xB8, 0x24
	.byte 0x64, 0x00, 0x39, 0x19, 0x1D, 0x20, 0x08, 0x60, 0xA8, 0x20, 0x40, 0x00, 0x39, 0x18, 0x00, 0x20
	.byte 0x00, 0xF0, 0x6D, 0xFE, 0x84, 0x9B, 0x03, 0x02, 0xA8, 0x21, 0x49, 0x00, 0x78, 0x18, 0x00, 0x22
	.byte 0x80, 0x5E, 0x00, 0x28, 0x1B, 0xD1, 0x16, 0x48, 0x31, 0x1C, 0x14, 0x31, 0x72, 0x68, 0x00, 0x92
	.byte 0x00, 0x22, 0x01, 0x23, 0xCB, 0xF7, 0x04, 0xFD, 0x12, 0x48, 0xF2, 0x68, 0x11, 0x1C, 0x10, 0x31
	.byte 0x52, 0x68, 0x00, 0x92, 0x02, 0x22, 0x00, 0x23, 0xCB, 0xF7, 0xFA, 0xFC, 0xE2, 0x23, 0x5B, 0x00
	.byte 0xF1, 0x18, 0x0D, 0x48, 0x08, 0x60, 0x87, 0x20, 0x40, 0x00, 0xD2, 0xF0, 0xF5, 0xFB, 0x44, 0x46
	.byte 0x60, 0x6B, 0xA1, 0x6B, 0x04, 0x22, 0x10, 0x40, 0x00, 0x21, 0x08, 0x43, 0x00, 0x28, 0x0F, 0xD0
	.byte 0x60, 0x68, 0x06, 0x49, 0x42, 0x18, 0x03, 0x99, 0x89, 0x1A, 0x09, 0x11, 0x40, 0x18, 0x11, 0xE0
	.byte 0xD0, 0xF0, 0x13, 0x08, 0x40, 0xF1, 0x13, 0x08, 0x00, 0xF8, 0xFF, 0xFF, 0x00, 0xD8, 0xFF, 0xFF
	.byte 0x42, 0x46, 0x50, 0x68, 0xA0, 0x23, 0x9B, 0x01, 0xC2, 0x18, 0x03, 0x99, 0x89, 0x1A, 0x09, 0x11
	.byte 0x40, 0x18, 0x44, 0x46, 0x60, 0x60, 0x04, 0x98, 0x42, 0x46, 0x91, 0x68, 0x40, 0x1A, 0x00, 0x11
	.byte 0x09, 0x18, 0x91, 0x60, 0xCC, 0x23, 0x5B, 0x00, 0xF0, 0x18, 0xB8, 0xF7, 0x27, 0xFA, 0x00, 0x04
	.byte 0x03, 0x0C, 0x00, 0x2B, 0x57, 0xDB, 0x03, 0x2B, 0x02, 0xDD, 0x04, 0x2B, 0x17, 0xD0, 0x52, 0xE0
	.byte 0x44, 0x46, 0x60, 0x6B, 0xA1, 0x6B, 0x04, 0x22, 0x10, 0x40, 0x00, 0x21, 0x08, 0x43, 0x00, 0x28
	.byte 0x06, 0xD0, 0x60, 0x68, 0x01, 0x49, 0x40, 0x18, 0x60, 0x60, 0x44, 0xE0, 0x00, 0xFF, 0xFF, 0xFF
	.byte 0x42, 0x46, 0x50, 0x68, 0x80, 0x23, 0x5B, 0x00, 0xC0, 0x18, 0x50, 0x60, 0x3B, 0xE0, 0xDE, 0x24
	.byte 0x64, 0x00, 0x32, 0x19, 0x11, 0x88, 0x01, 0x20, 0x08, 0x43, 0x10, 0x80, 0x42, 0x46, 0x50, 0x6B
	.byte 0x91, 0x6B, 0x18, 0x40, 0x00, 0x21, 0x08, 0x43, 0x00, 0x28, 0x15, 0xD0, 0xA0, 0x20, 0x40, 0x00
	.byte 0x51, 0x68, 0x08, 0x4B, 0xC9, 0x18, 0x92, 0x68, 0x44, 0x46, 0xE3, 0x68, 0x14, 0x24, 0x00, 0x94
	.byte 0x0C, 0x24, 0x01, 0x94, 0x18, 0x24, 0x02, 0x94, 0xC4, 0xF7, 0x0A, 0xFC, 0x00, 0x28, 0x17, 0xD1
	.byte 0x19, 0xE0, 0x00, 0x00, 0x00, 0xE0, 0xFF, 0xFF, 0xA0, 0x20, 0x40, 0x00, 0x42, 0x46, 0x51, 0x68
	.byte 0x80, 0x23, 0x9B, 0x01, 0xC9, 0x18, 0x92, 0x68, 0x44, 0x46, 0xE3, 0x68, 0x14, 0x24, 0x00, 0x94
	.byte 0x0C, 0x24, 0x01, 0x94, 0x18, 0x24, 0x02, 0x94, 0xC4, 0xF7, 0xF2, 0xFB, 0x00, 0x28, 0x02, 0xD0
	.byte 0x0C, 0x48, 0xD2, 0xF0, 0x69, 0xFB, 0xCC, 0x21, 0x49, 0x00, 0x70, 0x18, 0xB8, 0xF7, 0xBA, 0xF9
	.byte 0x00, 0x06, 0x00, 0x28, 0x01, 0xD1, 0x00, 0xF0, 0xAD, 0xFD, 0xDE, 0x23, 0x5B, 0x00, 0xF2, 0x18
	.byte 0x11, 0x88, 0x05, 0x48, 0x08, 0x40, 0x00, 0x24, 0x10, 0x80, 0x40, 0x46, 0xCD, 0xF7, 0xA0, 0xFB
	.byte 0x00, 0xF0, 0x94, 0xFD, 0x61, 0x02, 0x00, 0x00, 0xFE, 0xFF, 0x00, 0x00, 0xA8, 0x24, 0x64, 0x00
	.byte 0x38, 0x19, 0x00, 0x21, 0x44, 0x5E, 0x00, 0x2C, 0x22, 0xD1, 0x19, 0x48, 0x31, 0x1C, 0x14, 0x31
	.byte 0x72, 0x68, 0x00, 0x92, 0x02, 0x22, 0x00, 0x23, 0xCB, 0xF7, 0x3A, 0xFC, 0x15, 0x48, 0xF2, 0x68
	.byte 0x11, 0x1C, 0x10, 0x31, 0x52, 0x68, 0x00, 0x92, 0x03, 0x22, 0x00, 0x23, 0xCB, 0xF7, 0x30, 0xFC
	.byte 0xE8, 0x22, 0x52, 0x00, 0xB0, 0x18, 0x04, 0x60, 0x09, 0x20, 0x5A, 0x21, 0xB8, 0xF7, 0xB6, 0xFC
	.byte 0x0D, 0x48, 0xD2, 0xF0, 0x29, 0xFB, 0xE2, 0x23, 0x5B, 0x00, 0xF1, 0x18, 0x0B, 0x48, 0x08, 0x60
	.byte 0xCC, 0x24, 0x64, 0x00, 0x30, 0x19, 0xB8, 0xF7, 0x81, 0xF9, 0x00, 0x04, 0x00, 0x0C, 0x06, 0x28
	.byte 0x0E, 0xDC, 0x00, 0x28, 0x0C, 0xDB, 0x30, 0x1C, 0xFF, 0xF7, 0x0E, 0xFC, 0x14, 0xE0, 0x00, 0x00
	.byte 0xD0, 0xF0, 0x13, 0x08, 0x40, 0xF1, 0x13, 0x08, 0x71, 0x02, 0x00, 0x00, 0x00, 0xF4, 0xFF, 0xFF
	.byte 0xE8, 0x21, 0x49, 0x00, 0x70, 0x18, 0x01, 0x68, 0x19, 0x31, 0x01, 0x60, 0xDC, 0x23, 0x5B, 0x00
	.byte 0xF2, 0x18, 0x10, 0x68, 0x40, 0x1A, 0x10, 0x60, 0xCC, 0x24, 0x64, 0x00, 0x30, 0x19, 0xB8, 0xF7
	.byte 0x51, 0xF9, 0x00, 0x06, 0x00, 0x28, 0x01, 0xD1, 0x00, 0xF0, 0x44, 0xFD, 0xB8, 0x20, 0x40, 0x00
	.byte 0x39, 0x18, 0x16, 0x20, 0x08, 0x60, 0xA8, 0x22, 0x52, 0x00, 0xB9, 0x18, 0x00, 0x20, 0x00, 0xF0
	.byte 0x3E, 0xFD, 0xA8, 0x20, 0x40, 0x00, 0x3C, 0x18, 0x00, 0x21, 0x60, 0x5E, 0x00, 0x28, 0x12, 0xD1
	.byte 0x15, 0x48, 0x31, 0x1C, 0x14, 0x31, 0x72, 0x68, 0x00, 0x92, 0x00, 0x22, 0x01, 0x23, 0xCB, 0xF7
	.byte 0xD7, 0xFB, 0x12, 0x48, 0xF2, 0x68, 0x11, 0x1C, 0x10, 0x31, 0x52, 0x68, 0x00, 0x92, 0x05, 0x22
	.byte 0x00, 0x23, 0xCB, 0xF7, 0xCD, 0xFB, 0xE8, 0x22, 0x52, 0x00, 0xB0, 0x18, 0x01, 0x68, 0x19, 0x31
	.byte 0x01, 0x60, 0xDC, 0x23, 0x5B, 0x00, 0xF2, 0x18, 0x10, 0x68, 0x40, 0x1A, 0x10, 0x60, 0x08, 0x49
	.byte 0x88, 0x42, 0x00, 0xDB, 0xBC, 0xE2, 0xB8, 0x21, 0x49, 0x00, 0x78, 0x18, 0x17, 0x21, 0x01, 0x60
	.byte 0x00, 0x20, 0x20, 0x80, 0x00, 0xF0, 0x0C, 0xFD, 0xD0, 0xF0, 0x13, 0x08, 0x40, 0xF1, 0x13, 0x08
	.byte 0x00, 0xD4, 0xFE, 0xFF, 0xA8, 0x22, 0x52, 0x00, 0xB8, 0x18, 0x00, 0x23, 0xC5, 0x5E, 0x00, 0x2D
	.byte 0x41, 0xD1, 0xCC, 0x24, 0x64, 0x00, 0x30, 0x19, 0xB8, 0xF7, 0x20, 0xF9, 0x24, 0x48, 0x31, 0x1C
	.byte 0x14, 0x31, 0x72, 0x68, 0x00, 0x92, 0x00, 0x22, 0x01, 0x23, 0xCB, 0xF7, 0x99, 0xFB, 0x21, 0x48
	.byte 0xF2, 0x68, 0x11, 0x1C, 0x10, 0x31, 0x52, 0x68, 0x00, 0x92, 0x04, 0x22, 0x00, 0x23, 0xCB, 0xF7
	.byte 0x8F, 0xFB, 0xE8, 0x20, 0x40, 0x00, 0x31, 0x18, 0x80, 0x20, 0x00, 0x01, 0x08, 0x60, 0xB8, 0xF7
	.byte 0x25, 0xFE, 0xD8, 0x21, 0x49, 0x00, 0x74, 0x18, 0x00, 0x04, 0x00, 0x0C, 0x41, 0x21, 0xCF, 0xF0
	.byte 0x31, 0xFF, 0x00, 0x04, 0x00, 0x0A, 0x14, 0x4A, 0x80, 0x18, 0x03, 0x99, 0x09, 0x18, 0x21, 0x60
	.byte 0xDA, 0x23, 0x5B, 0x00, 0xF1, 0x18, 0x04, 0x98, 0x08, 0x60, 0xDC, 0x24, 0x64, 0x00, 0x30, 0x19
	.byte 0x05, 0x60, 0xDE, 0x20, 0x40, 0x00, 0x32, 0x18, 0x11, 0x88, 0x04, 0x20, 0x08, 0x43, 0x10, 0x80
	.byte 0x0A, 0x48, 0xD2, 0xF0, 0x69, 0xFA, 0xCC, 0x21, 0x49, 0x00, 0x70, 0x18, 0xB8, 0xF7, 0xC6, 0xF8
	.byte 0x00, 0x04, 0x00, 0x0C, 0x05, 0x28, 0x0B, 0xD0, 0x06, 0x28, 0x15, 0xD0, 0x20, 0xE0, 0x00, 0x00
	.byte 0xD0, 0xF0, 0x13, 0x08, 0x40, 0xF1, 0x13, 0x08, 0x00, 0xE0, 0xFF, 0xFF, 0x72, 0x02, 0x00, 0x00
	.byte 0xD1, 0x22, 0x52, 0x00, 0xB0, 0x18, 0x00, 0x88, 0x04, 0x28, 0x11, 0xD1, 0x01, 0x48, 0xD2, 0xF0
	.byte 0x4B, 0xFA, 0x0D, 0xE0, 0x23, 0x02, 0x00, 0x00, 0xE8, 0x23, 0x5B, 0x00, 0xF0, 0x18, 0x01, 0x68
	.byte 0x19, 0x31, 0x01, 0x60, 0xDC, 0x24, 0x64, 0x00, 0x32, 0x19, 0x10, 0x68, 0x40, 0x1A, 0x10, 0x60
	.byte 0xA8, 0x21, 0x49, 0x00, 0x78, 0x18, 0x00, 0x22, 0x80, 0x5E, 0x0A, 0x21, 0xCF, 0xF0, 0x3E, 0xFE
	.byte 0x00, 0x04, 0x00, 0x28, 0x01, 0xD1, 0xCC, 0xF7, 0x0F, 0xF8, 0xCC, 0x23, 0x5B, 0x00, 0xF0, 0x18
	.byte 0xB8, 0xF7, 0x8C, 0xF8, 0x00, 0x04, 0x00, 0x0C, 0x02, 0x38, 0x04, 0x28, 0x00, 0xD9, 0x8B, 0xE0
	.byte 0x80, 0x00, 0x02, 0x49, 0x40, 0x18, 0x00, 0x68, 0x87, 0x46, 0x00, 0x00, 0x38, 0xDA, 0x04, 0x08
	.byte 0x4C, 0xDA, 0x04, 0x08, 0x4C, 0xDA, 0x04, 0x08, 0x90, 0xDA, 0x04, 0x08, 0xC0, 0xDA, 0x04, 0x08
	.byte 0x08, 0xDB, 0x04, 0x08, 0x0D, 0x48, 0xD8, 0x24, 0x64, 0x00, 0x31, 0x19, 0x09, 0x68, 0xDA, 0x23
	.byte 0x5B, 0x00, 0xF2, 0x18, 0x12, 0x68, 0x08, 0x34, 0x33, 0x19, 0x1B, 0x68, 0x08, 0x4C, 0x1B, 0x19
	.byte 0x14, 0x24, 0x00, 0x94, 0x10, 0x24, 0x01, 0x94, 0x08, 0x24, 0x02, 0x94, 0xC4, 0xF7, 0x80, 0xFA
	.byte 0x00, 0x28, 0x61, 0xD0, 0x03, 0x48, 0xD2, 0xF0, 0xF7, 0xF9, 0x5D, 0xE0, 0x41, 0x01, 0x00, 0x00
	.byte 0x00, 0xF8, 0xFF, 0xFF, 0x61, 0x02, 0x00, 0x00, 0x09, 0x48, 0xD8, 0x22, 0x52, 0x00, 0xB1, 0x18
	.byte 0x09, 0x68, 0xDA, 0x23, 0x5B, 0x00, 0xF2, 0x18, 0x12, 0x68, 0xDC, 0x24, 0x64, 0x00, 0x33, 0x19
	.byte 0x1B, 0x68, 0x04, 0x4C, 0x1B, 0x19, 0x14, 0x24, 0x00, 0x94, 0x10, 0x24, 0x01, 0x94, 0x17, 0xE0
	.byte 0x41, 0x01, 0x00, 0x00, 0x00, 0xF0, 0xFF, 0xFF, 0x0E, 0x48, 0xD8, 0x22, 0x52, 0x00, 0xB1, 0x18
	.byte 0x09, 0x68, 0xDA, 0x23, 0x5B, 0x00, 0xF2, 0x18, 0x12, 0x68, 0xDC, 0x24, 0x64, 0x00, 0x33, 0x19
	.byte 0x1B, 0x68, 0x09, 0x4C, 0x1B, 0x19, 0x14, 0x24, 0x00, 0x94, 0x10, 0x24, 0x01, 0x94, 0x20, 0x24
	.byte 0x02, 0x94, 0xC4, 0xF7, 0x45, 0xFA, 0x00, 0x28, 0x26, 0xD0, 0x04, 0x48, 0xD2, 0xF0, 0xBC, 0xF9
	.byte 0x22, 0xE0, 0x00, 0x00, 0x41, 0x01, 0x00, 0x00, 0x00, 0xE0, 0xFF, 0xFF, 0x11, 0x02, 0x00, 0x00
	.byte 0x1D, 0x48, 0xD8, 0x22, 0x52, 0x00, 0xB1, 0x18, 0x09, 0x68, 0xDA, 0x23, 0x5B, 0x00, 0xF2, 0x18
	.byte 0x12, 0x68, 0xDC, 0x24, 0x64, 0x00, 0x33, 0x19, 0x1B, 0x68, 0x18, 0x4C, 0x1B, 0x19, 0x14, 0x24
	.byte 0x00, 0x94, 0x10, 0x24, 0x01, 0x94, 0x30, 0x24, 0x02, 0x94, 0xC4, 0xF7, 0x21, 0xFA, 0x00, 0x28
	.byte 0x02, 0xD0, 0x13, 0x48, 0xD2, 0xF0, 0x98, 0xF9, 0xDC, 0x21, 0x49, 0x00, 0x70, 0x18, 0x01, 0x68
	.byte 0x10, 0x48, 0x81, 0x42, 0x27, 0xDA, 0xDE, 0x23, 0x5B, 0x00, 0xF2, 0x18, 0x11, 0x88, 0x0E, 0x48
	.byte 0x08, 0x40, 0x00, 0x21, 0x10, 0x80, 0xA8, 0x24, 0x64, 0x00, 0x38, 0x19, 0x01, 0x80, 0xEC, 0x20
	.byte 0x40, 0x00, 0x32, 0x18, 0x00, 0x21, 0x50, 0x5E, 0x06, 0x28, 0x0F, 0xDD, 0xB8, 0x22, 0x52, 0x00
	.byte 0xB9, 0x18, 0x18, 0x20, 0x08, 0x60, 0xCB, 0xE3, 0x41, 0x01, 0x00, 0x00, 0x00, 0xD0, 0xFF, 0xFF
	.byte 0x11, 0x02, 0x00, 0x00, 0x00, 0xD4, 0xFE, 0xFF, 0xFB, 0xFF, 0x00, 0x00, 0xB8, 0x23, 0x5B, 0x00
	.byte 0xF9, 0x18, 0x17, 0x20, 0xB6, 0xE2, 0xA8, 0x24, 0x64, 0x00, 0x39, 0x19, 0xB5, 0xE3, 0xA8, 0x21
	.byte 0x49, 0x00, 0x78, 0x18, 0x00, 0x22, 0x80, 0x5E, 0x00, 0x28, 0x0E, 0xD1, 0x12, 0x48, 0xF2, 0x68
	.byte 0x11, 0x1C, 0x10, 0x31, 0x52, 0x68, 0x00, 0x92, 0x00, 0x22, 0x01, 0x23, 0xCB, 0xF7, 0x50, 0xFA
	.byte 0xEB, 0x23, 0x5B, 0x00, 0xF1, 0x18, 0x1E, 0x20, 0x08, 0x80, 0x44, 0x46, 0x60, 0x6B, 0xA1, 0x6B
	.byte 0x04, 0x22, 0x10, 0x40, 0x00, 0x21, 0x08, 0x43, 0x00, 0x28, 0x0F, 0xD0, 0xD8, 0x21, 0x49, 0x00
	.byte 0x70, 0x18, 0x61, 0x68, 0xC0, 0x22, 0x52, 0x01, 0x89, 0x18, 0xEB, 0x23, 0x5B, 0x00, 0xF2, 0x18
	.byte 0x12, 0x88, 0xB7, 0xF7, 0x97, 0xFE, 0x0D, 0xE0, 0x40, 0xF1, 0x13, 0x08, 0xD8, 0x24, 0x64, 0x00
	.byte 0x30, 0x19, 0x42, 0x46, 0x51, 0x68, 0x18, 0x4B, 0xC9, 0x18, 0x26, 0x34, 0x32, 0x19, 0x12, 0x88
	.byte 0xB7, 0xF7, 0x88, 0xFE, 0xDA, 0x21, 0x49, 0x00, 0x70, 0x18, 0x42, 0x46, 0x91, 0x68, 0xEB, 0x23
	.byte 0x5B, 0x00, 0xF4, 0x18, 0x22, 0x88, 0xB7, 0xF7, 0x7D, 0xFE, 0xDC, 0x21, 0x49, 0x00, 0x70, 0x18
	.byte 0x42, 0x46, 0xD1, 0x68, 0x22, 0x88, 0xB7, 0xF7, 0x75, 0xFE, 0x20, 0x88, 0x01, 0x38, 0x00, 0x25
	.byte 0x20, 0x80, 0x00, 0x04, 0x00, 0x28, 0x11, 0xDC, 0x00, 0x20, 0x1E, 0x21, 0xB8, 0xF7, 0x64, 0xFA
	.byte 0x40, 0x46, 0xCD, 0xF7, 0x55, 0xF9, 0xB8, 0x23, 0x5B, 0x00, 0xF8, 0x18, 0x05, 0x60, 0xA8, 0x24
	.byte 0x64, 0x00, 0x38, 0x19, 0x05, 0x80, 0x53, 0xE3, 0x00, 0xE8, 0xFF, 0xFF, 0xA8, 0x20, 0x40, 0x00
	.byte 0x39, 0x18, 0x4A, 0xE3, 0xA8, 0x21, 0x49, 0x00, 0x78, 0x18, 0x00, 0x22, 0x80, 0x5E, 0x00, 0x28
	.byte 0x20, 0xD1, 0xCC, 0x23, 0x5B, 0x00, 0xF0, 0x18, 0xB7, 0xF7, 0x68, 0xFF, 0x1E, 0x48, 0xF2, 0x68
	.byte 0x11, 0x1C, 0x10, 0x31, 0x52, 0x68, 0x00, 0x92, 0x07, 0x22, 0x00, 0x23, 0xCB, 0xF7, 0xE0, 0xF9
	.byte 0xDE, 0x24, 0x64, 0x00, 0x32, 0x19, 0x11, 0x88, 0x01, 0x20, 0x08, 0x43, 0x10, 0x80, 0x41, 0x46
	.byte 0x48, 0x68, 0x48, 0x61, 0x48, 0x6B, 0x89, 0x6B, 0x14, 0x4A, 0x15, 0x4B, 0x10, 0x43, 0x42, 0x46
	.byte 0x50, 0x63, 0x91, 0x63, 0x38, 0x1C, 0x01, 0x21, 0xC1, 0xF7, 0x4A, 0xFB, 0xCC, 0x23, 0x5B, 0x00
	.byte 0xF0, 0x18, 0xB7, 0xF7, 0x2B, 0xFF, 0x00, 0x04, 0x00, 0x28, 0x51, 0xD0, 0x44, 0x46, 0x62, 0x6B
	.byte 0xA3, 0x6B, 0x0C, 0x48, 0x0C, 0x49, 0x02, 0x43, 0x0B, 0x43, 0x40, 0x46, 0x42, 0x63, 0x83, 0x63
	.byte 0x04, 0x24, 0x10, 0x1C, 0x20, 0x40, 0x00, 0x21, 0x08, 0x43, 0x00, 0x28, 0x10, 0xD0, 0x41, 0x46
	.byte 0x48, 0x68, 0x06, 0x4B, 0x10, 0xE0, 0x00, 0x00, 0x40, 0xF1, 0x13, 0x08, 0x00, 0x02, 0x00, 0x00
	.byte 0x00, 0x00, 0x00, 0x00, 0x00, 0x80, 0x00, 0x00, 0x01, 0x00, 0x00, 0x00, 0x00, 0xF0, 0xFF, 0xFF
	.byte 0x41, 0x46, 0x48, 0x68, 0x80, 0x23, 0x5B, 0x01, 0xC2, 0x18, 0x49, 0x69, 0x89, 0x1A, 0x89, 0x10
	.byte 0x40, 0x18, 0x44, 0x46, 0x60, 0x60, 0xE4, 0x20, 0x40, 0x00, 0x32, 0x18, 0x11, 0x68, 0x48, 0x42
	.byte 0x80, 0x10, 0x09, 0x18, 0x11, 0x60, 0xE6, 0x21, 0x49, 0x00, 0x73, 0x18, 0x19, 0x68, 0x48, 0x42
	.byte 0x80, 0x10, 0x09, 0x18, 0x19, 0x60, 0xD8, 0x20, 0x40, 0x00, 0x34, 0x18, 0x41, 0x46, 0x48, 0x68
	.byte 0x11, 0x68, 0x40, 0x18, 0x20, 0x60, 0xDA, 0x22, 0x52, 0x00, 0xB1, 0x18, 0x44, 0x46, 0xA0, 0x68
	.byte 0x08, 0x60, 0xDC, 0x20, 0x40, 0x00, 0x32, 0x18, 0xE0, 0x68, 0x19, 0x68, 0x40, 0x18, 0x10, 0x60
	.byte 0xA8, 0x21, 0x49, 0x00, 0x7D, 0x18, 0x00, 0x22, 0xA8, 0x5E, 0x19, 0x28, 0x07, 0xD1, 0x43, 0x46
	.byte 0x58, 0x6B, 0x99, 0x6B, 0x10, 0x4A, 0x10, 0x40, 0x44, 0x46, 0x60, 0x63, 0xA1, 0x63, 0x29, 0x88
	.byte 0x00, 0x22, 0xA8, 0x5E, 0x32, 0x28, 0x1F, 0xDD, 0xDE, 0x23, 0x5B, 0x00, 0xF2, 0x18, 0x11, 0x88
	.byte 0x0A, 0x48, 0x08, 0x40, 0x00, 0x24, 0x10, 0x80, 0x42, 0x46, 0x50, 0x6B, 0x91, 0x6B, 0x08, 0x4A
	.byte 0x08, 0x4B, 0x10, 0x40, 0x19, 0x40, 0x43, 0x46, 0x58, 0x63, 0x99, 0x63, 0x2C, 0x80, 0xB8, 0x21
	.byte 0x49, 0x00, 0x78, 0x18, 0x04, 0x60, 0x9B, 0xE2, 0xFF, 0xFD, 0xFF, 0xFF, 0xFE, 0xFF, 0x00, 0x00
	.byte 0xFF, 0x7F, 0xFF, 0xFF, 0xFE, 0xFF, 0xFF, 0xFF, 0x48, 0x1C, 0x28, 0x80, 0x90, 0xE2, 0xA8, 0x22
	.byte 0x52, 0x00, 0xBC, 0x18, 0x00, 0x23, 0xE0, 0x5E, 0x00, 0x28, 0x1A, 0xD1, 0x14, 0x48, 0x31, 0x1C
	.byte 0x14, 0x31, 0x72, 0x68, 0x00, 0x92, 0x04, 0x22, 0x00, 0x23, 0xCB, 0xF7, 0x29, 0xF9, 0x11, 0x48
	.byte 0xF2, 0x68, 0x11, 0x1C, 0x10, 0x31, 0x52, 0x68, 0x00, 0x92, 0x07, 0x22, 0x00, 0x23, 0xCB, 0xF7
	.byte 0x1F, 0xF9, 0xE2, 0x20, 0x40, 0x00, 0x31, 0x18, 0x0B, 0x48, 0x08, 0x60, 0x0B, 0x48, 0xD2, 0xF0
	.byte 0x1B, 0xF8, 0x38, 0x1C, 0x14, 0x30, 0xB7, 0xF7, 0x6D, 0xFE, 0x00, 0x06, 0x00, 0x28, 0x0F, 0xD0
	.byte 0x00, 0x20, 0x20, 0x80, 0xB8, 0x22, 0x52, 0x00, 0xB9, 0x18, 0x1B, 0x20, 0x08, 0x60, 0x5F, 0xE2
	.byte 0xD0, 0xF0, 0x13, 0x08, 0x40, 0xF1, 0x13, 0x08, 0x00, 0xF4, 0xFF, 0xFF, 0x0F, 0x01, 0x00, 0x00
	.byte 0x20, 0x88, 0x01, 0x30, 0x20, 0x80, 0x53, 0xE2, 0xA8, 0x23, 0x5B, 0x00, 0xF8, 0x18, 0x00, 0x24
	.byte 0x00, 0x5F, 0x00, 0x28, 0x71, 0xD1, 0x40, 0x46, 0x41, 0x68, 0x0C, 0x48, 0x81, 0x42, 0x19, 0xDC
	.byte 0xAE, 0x22, 0x52, 0x00, 0xB9, 0x18, 0x0A, 0x48, 0x00, 0x68, 0xDC, 0x30, 0x00, 0x23, 0xC0, 0x5E
	.byte 0x30, 0x38, 0x00, 0x02, 0x08, 0x60, 0x44, 0x46, 0x60, 0x6B, 0xA1, 0x6B, 0x05, 0x22, 0x52, 0x42
	.byte 0x10, 0x40, 0x42, 0x46, 0x50, 0x63, 0x91, 0x63, 0x18, 0xE0, 0x00, 0x00, 0xFF, 0xFF, 0x00, 0x00
	.byte 0x84, 0x9B, 0x03, 0x02, 0xAE, 0x23, 0x5B, 0x00, 0xF9, 0x18, 0x4B, 0x48, 0x00, 0x68, 0xDA, 0x30
	.byte 0x00, 0x24, 0x00, 0x5F, 0x30, 0x30, 0x00, 0x02, 0x08, 0x60, 0x42, 0x46, 0x50, 0x6B, 0x91, 0x6B
	.byte 0x04, 0x22, 0x00, 0x23, 0x10, 0x43, 0x43, 0x46, 0x58, 0x63, 0x99, 0x63, 0xB0, 0x24, 0x64, 0x00
	.byte 0x39, 0x19, 0x04, 0x98, 0x08, 0x60, 0x38, 0x1C, 0x14, 0x30, 0xB7, 0xF7, 0x37, 0xFE, 0xCC, 0x21
	.byte 0x49, 0x00, 0x70, 0x18, 0xB7, 0xF7, 0x32, 0xFE, 0x3C, 0x48, 0x31, 0x1C, 0x14, 0x31, 0x72, 0x68
	.byte 0x00, 0x92, 0x05, 0x22, 0x01, 0x23, 0xCB, 0xF7, 0xAB, 0xF8, 0x39, 0x48, 0xF2, 0x68, 0x11, 0x1C
	.byte 0x10, 0x31, 0x52, 0x68, 0x00, 0x92, 0x08, 0x22, 0x01, 0x23, 0xCB, 0xF7, 0xA1, 0xF8, 0xE2, 0x22
	.byte 0x52, 0x00, 0xB1, 0x18, 0x33, 0x48, 0x08, 0x60, 0xEB, 0x23, 0x5B, 0x00, 0xF1, 0x18, 0x28, 0x20
	.byte 0x08, 0x80, 0x50, 0x34, 0x30, 0x19, 0x00, 0x68, 0x10, 0x3A, 0xB1, 0x18, 0x09, 0x68, 0x1E, 0x3B
	.byte 0xF2, 0x18, 0x12, 0x68, 0x2C, 0x4C, 0x12, 0x19, 0x43, 0x46, 0x5C, 0x6B, 0x9D, 0x6B, 0x04, 0x23
	.byte 0x23, 0x40, 0x1B, 0x06, 0x1B, 0x0E, 0xC8, 0xF7, 0x1F, 0xFD, 0xD8, 0x24, 0x64, 0x00, 0x30, 0x19
	.byte 0x00, 0x68, 0x05, 0x90, 0xDA, 0x21, 0x49, 0x00, 0x70, 0x18, 0x00, 0x68, 0x06, 0x90, 0xDC, 0x22
	.byte 0x52, 0x00, 0xB0, 0x18, 0x00, 0x68, 0x07, 0x90, 0xEB, 0x23, 0x5B, 0x00, 0xF4, 0x18, 0x00, 0x21
	.byte 0x60, 0x5E, 0x00, 0x28, 0x10, 0xDD, 0x40, 0x46, 0x04, 0x30, 0x5C, 0x3A, 0xB9, 0x18, 0x09, 0x68
	.byte 0x22, 0x88, 0xB7, 0xF7, 0xAF, 0xFC, 0x40, 0x46, 0x08, 0x30, 0xB0, 0x23, 0x5B, 0x00, 0xF9, 0x18
	.byte 0x09, 0x68, 0x22, 0x88, 0xB7, 0xF7, 0xBE, 0xFC, 0x20, 0x88, 0x01, 0x38, 0x20, 0x80, 0xA8, 0x24
	.byte 0x64, 0x00, 0x38, 0x19, 0x00, 0x21, 0x40, 0x5E, 0x05, 0x28, 0x4B, 0xDD, 0xDE, 0x23, 0x5B, 0x00
	.byte 0xF2, 0x18, 0x10, 0x88, 0x01, 0x21, 0x08, 0x43, 0x10, 0x80, 0x44, 0x46, 0x60, 0x6B, 0xA1, 0x6B
	.byte 0x04, 0x22, 0x10, 0x40, 0x00, 0x21, 0x08, 0x43, 0x00, 0x28, 0x11, 0xD0, 0xE4, 0x20, 0x40, 0x00
	.byte 0x32, 0x18, 0x11, 0x68, 0x05, 0x48, 0x11, 0xE0, 0x84, 0x9B, 0x03, 0x02, 0xD0, 0xF0, 0x13, 0x08
	.byte 0x40, 0xF1, 0x13, 0x08, 0x00, 0xF4, 0xFF, 0xFF, 0x00, 0xDF, 0xFF, 0xFF, 0x00, 0xDE, 0xFF, 0xFF
	.byte 0xE4, 0x21, 0x49, 0x00, 0x72, 0x18, 0x11, 0x68, 0x88, 0x20, 0x80, 0x01, 0x40, 0x1A, 0xC0, 0x10
	.byte 0x09, 0x18, 0x11, 0x60, 0xE6, 0x22, 0x52, 0x00, 0xB3, 0x18, 0x19, 0x68, 0x48, 0x42, 0xC0, 0x10
	.byte 0x09, 0x18, 0x19, 0x60, 0xD8, 0x24, 0x64, 0x00, 0x32, 0x19, 0xE4, 0x20, 0x40, 0x00, 0x31, 0x18
	.byte 0x44, 0x46, 0x60, 0x68, 0x09, 0x68, 0x40, 0x18, 0x10, 0x60, 0xDA, 0x20, 0x40, 0x00, 0x31, 0x18
	.byte 0xA0, 0x68, 0x08, 0x60, 0xDC, 0x21, 0x49, 0x00, 0x72, 0x18, 0xE0, 0x68, 0x19, 0x68, 0x40, 0x18
	.byte 0x10, 0x60, 0x02, 0xE0, 0x30, 0x1C, 0xFE, 0xF7, 0xFF, 0xFF, 0x25, 0x48, 0xD8, 0x22, 0x52, 0x00
	.byte 0xB2, 0x18, 0x08, 0x92, 0x11, 0x68, 0xDA, 0x23, 0x5B, 0x00, 0x9B, 0x19, 0x9A, 0x46, 0x1A, 0x68
	.byte 0xDC, 0x24, 0x64, 0x00, 0xA4, 0x19, 0xA1, 0x46, 0x23, 0x68, 0x20, 0x25, 0x00, 0x95, 0x10, 0x24
	.byte 0x01, 0x94, 0x02, 0x95, 0xC3, 0xF7, 0x74, 0xFF, 0x00, 0x28, 0x02, 0xD0, 0x19, 0x48, 0xD1, 0xF0
	.byte 0xEB, 0xFE, 0x08, 0x99, 0x08, 0x68, 0x05, 0x9A, 0x80, 0x1A, 0x53, 0x46, 0x19, 0x68, 0x06, 0x9C
	.byte 0x09, 0x1B, 0x4B, 0x46, 0x1A, 0x68, 0x07, 0x9C, 0x12, 0x1B, 0xC6, 0xF7, 0x53, 0xFB, 0xEB, 0x21
	.byte 0x49, 0x00, 0x70, 0x18, 0x00, 0x22, 0x80, 0x5E, 0x00, 0x28, 0x28, 0xDC, 0xDE, 0x23, 0x5B, 0x00
	.byte 0xF2, 0x18, 0x11, 0x88, 0x0C, 0x48, 0x08, 0x40, 0x00, 0x21, 0x10, 0x80, 0xA8, 0x24, 0x64, 0x00
	.byte 0x38, 0x19, 0x01, 0x80, 0xEC, 0x20, 0x40, 0x00, 0x32, 0x18, 0x00, 0x21, 0x50, 0x5E, 0x03, 0x28
	.byte 0x0C, 0xDD, 0xB8, 0x22, 0x52, 0x00, 0xB9, 0x18, 0x1C, 0x20, 0x08, 0x60, 0x10, 0xE1, 0x00, 0x00
	.byte 0x43, 0x01, 0x00, 0x00, 0x21, 0x02, 0x00, 0x00, 0xFE, 0xFF, 0x00, 0x00, 0xB8, 0x23, 0x5B, 0x00
	.byte 0xF9, 0x18, 0x1B, 0x20, 0x08, 0x60, 0x10, 0x88, 0x01, 0x30, 0x10, 0x80, 0x00, 0xE1, 0xA8, 0x24
	.byte 0x64, 0x00, 0x39, 0x19, 0xF9, 0xE0, 0xA8, 0x20, 0x40, 0x00, 0x3C, 0x18, 0x00, 0x21, 0x60, 0x5E
	.byte 0x00, 0x28, 0x17, 0xD1, 0x14, 0x48, 0x31, 0x1C, 0x14, 0x31, 0x72, 0x68, 0x00, 0x92, 0x06, 0x22
	.byte 0x00, 0x23, 0xCA, 0xF7, 0x95, 0xFF, 0x11, 0x48, 0xF2, 0x68, 0x11, 0x1C, 0x10, 0x31, 0x52, 0x68
	.byte 0x00, 0x92, 0x09, 0x22, 0x00, 0x23, 0xCA, 0xF7, 0x8B, 0xFF, 0xE2, 0x22, 0x52, 0x00, 0xB1, 0x18
	.byte 0x0B, 0x48, 0x08, 0x60, 0x38, 0x1C, 0x14, 0x30, 0xB7, 0xF7, 0xDC, 0xFC, 0x00, 0x06, 0x00, 0x28
	.byte 0x00, 0xD1, 0xD5, 0xE0, 0x40, 0x46, 0xCC, 0xF7, 0xCB, 0xFE, 0xB8, 0x23, 0x5B, 0x00, 0xF9, 0x18
	.byte 0x00, 0x20, 0x08, 0x60, 0x20, 0x80, 0xCB, 0xE0, 0xD0, 0xF0, 0x13, 0x08, 0x40, 0xF1, 0x13, 0x08
	.byte 0x00, 0xF4, 0xFF, 0xFF, 0xA8, 0x20, 0x40, 0x00, 0x3C, 0x18, 0x00, 0x21, 0x60, 0x5E, 0x00, 0x28
	.byte 0x1F, 0xD1, 0x1B, 0x48, 0x31, 0x1C, 0x14, 0x31, 0x72, 0x68, 0x00, 0x92, 0x03, 0x22, 0x00, 0x23
	.byte 0xCA, 0xF7, 0x5E, 0xFF, 0x17, 0x48, 0xF2, 0x68, 0x11, 0x1C, 0x10, 0x31, 0x52, 0x68, 0x00, 0x92
	.byte 0x06, 0x22, 0x00, 0x23, 0xCA, 0xF7, 0x54, 0xFF, 0x13, 0x48, 0x00, 0x68, 0xB3, 0x30, 0x01, 0x78
	.byte 0x00, 0x20, 0x08, 0x22, 0xB8, 0xF7, 0x34, 0xF8, 0xE2, 0x22, 0x52, 0x00, 0xB1, 0x18, 0x0F, 0x48
	.byte 0x08, 0x60, 0x00, 0x23, 0xE0, 0x5E, 0x14, 0x28, 0x24, 0xD1, 0x44, 0x46, 0x60, 0x6B, 0xA1, 0x6B
	.byte 0x04, 0x22, 0x10, 0x40, 0x00, 0x21, 0x08, 0x43, 0x00, 0x28, 0x11, 0xD0, 0x60, 0x68, 0xA1, 0x68
	.byte 0xA1, 0x22, 0x52, 0x00, 0x00, 0x92, 0x00, 0x22, 0x01, 0x23, 0xC8, 0xF7, 0x77, 0xFC, 0x11, 0xE0
	.byte 0xD0, 0xF0, 0x13, 0x08, 0x40, 0xF1, 0x13, 0x08, 0x84, 0x9B, 0x03, 0x02, 0x00, 0xF4, 0xFF, 0xFF
	.byte 0x41, 0x46, 0x48, 0x68, 0x89, 0x68, 0xA1, 0x22, 0x52, 0x00, 0x00, 0x92, 0x00, 0x22, 0x00, 0x23
	.byte 0xC8, 0xF7, 0x64, 0xFC, 0xCC, 0x22, 0x52, 0x00, 0xB0, 0x18, 0xB7, 0xF7, 0x7F, 0xFC, 0x00, 0x04
	.byte 0x00, 0x0C, 0x05, 0x28, 0x0A, 0xD0, 0x05, 0x28, 0x02, 0xDD, 0x06, 0x28, 0x22, 0xD0, 0x40, 0xE0
	.byte 0x00, 0x28, 0x3E, 0xDB, 0x30, 0x1C, 0xFE, 0xF7, 0x07, 0xFF, 0x3A, 0xE0, 0xD1, 0x23, 0x5B, 0x00
	.byte 0xF0, 0x18, 0x00, 0x88, 0x00, 0x28, 0x04, 0xD1, 0xEB, 0x24, 0x64, 0x00, 0x31, 0x19, 0x08, 0x20
	.byte 0x08, 0x80, 0xEB, 0x20, 0x40, 0x00, 0x34, 0x18, 0x00, 0x21, 0x60, 0x5E, 0x00, 0x28, 0x28, 0xDD
	.byte 0xDC, 0x22, 0x52, 0x00, 0xB0, 0x18, 0x43, 0x46, 0xD9, 0x68, 0x01, 0x4A, 0x1A, 0xE0, 0x00, 0x00
	.byte 0x00, 0xD0, 0xFF, 0xFF, 0xD1, 0x23, 0x5B, 0x00, 0xF0, 0x18, 0x00, 0x88, 0x00, 0x28, 0x04, 0xD1
	.byte 0xEB, 0x24, 0x64, 0x00, 0x31, 0x19, 0x08, 0x20, 0x08, 0x80, 0xEB, 0x20, 0x40, 0x00, 0x34, 0x18
	.byte 0x00, 0x21, 0x60, 0x5E, 0x00, 0x28, 0x0C, 0xDD, 0xDC, 0x22, 0x52, 0x00, 0xB0, 0x18, 0x43, 0x46
	.byte 0xD9, 0x68, 0x13, 0x4A, 0x89, 0x18, 0x22, 0x88, 0xB7, 0xF7, 0x34, 0xFB, 0x20, 0x88, 0x01, 0x38
	.byte 0x20, 0x80, 0xCC, 0x23, 0x5B, 0x00, 0xF0, 0x18, 0xB7, 0xF7, 0x24, 0xFC, 0x00, 0x06, 0x00, 0x28
	.byte 0x18, 0xD0, 0xC4, 0xF7, 0x07, 0xFB, 0x00, 0x06, 0x04, 0x0E, 0x00, 0x2C, 0x12, 0xD1, 0x40, 0x46
	.byte 0xCC, 0xF7, 0x0E, 0xFE, 0x00, 0x20, 0x08, 0x21, 0xB7, 0xF7, 0x7A, 0xFF, 0xB8, 0x21, 0x49, 0x00
	.byte 0x78, 0x18, 0x04, 0x60, 0xA8, 0x22, 0x52, 0x00, 0xB8, 0x18, 0x04, 0x80, 0x08, 0xE0, 0x00, 0x00
	.byte 0x00, 0xF0, 0xFF, 0xFF, 0xA8, 0x23, 0x5B, 0x00, 0xF9, 0x18, 0x08, 0x88, 0x01, 0x30, 0x08, 0x80
_0804E318:
	.byte 0x44, 0x46, 0x60, 0x6B, 0xA1, 0x6B, 0x80, 0x22, 0x92, 0x01, 0x10, 0x40, 0x00, 0x21, 0x08, 0x43
	.byte 0x00, 0x28, 0x0B, 0xD1, 0x40, 0x46, 0xE8, 0x30, 0x00, 0x68, 0x02, 0x28, 0x06, 0xD0, 0xE2, 0x21
	.byte 0x49, 0x00, 0x70, 0x18, 0x01, 0x68, 0x38, 0x1C, 0xFE, 0xF7, 0x6A, 0xFE, 0xB8, 0x22, 0x52, 0x00
	.byte 0xB8, 0x18, 0x00, 0x68, 0x15, 0x38, 0x08, 0x28, 0x18, 0xD8, 0x80, 0x00, 0x01, 0x49, 0x40, 0x18
	.byte 0x00, 0x68, 0x87, 0x46, 0x60, 0xE3, 0x04, 0x08, 0x8A, 0xE3, 0x04, 0x08, 0x8A, 0xE3, 0x04, 0x08
	.byte 0x8A, 0xE3, 0x04, 0x08, 0x84, 0xE3, 0x04, 0x08, 0x8A, 0xE3, 0x04, 0x08, 0x84, 0xE3, 0x04, 0x08
	.byte 0x8A, 0xE3, 0x04, 0x08, 0x84, 0xE3, 0x04, 0x08, 0x8A, 0xE3, 0x04, 0x08, 0x30, 0x1C, 0xFE, 0xF7
	.byte 0x6B, 0xFE, 0x38, 0x1C, 0xC0, 0xF7, 0x30, 0xF9, 0x00, 0x06, 0x00, 0x0E, 0x09, 0xB0, 0x38, 0xBC
	.byte 0x98, 0x46, 0xA1, 0x46, 0xAA, 0x46, 0xF0, 0xBC, 0x02, 0xBC, 0x08, 0x47
	thumb_func_start task_hum_ansem_2
task_hum_ansem_2: @ 0804E3A4
	push {lr}
	bl func_0800EFE8
	pop {r0}
	bx r0
	.byte 0x00, 0x00
	thumb_func_start task_hum_ansem_3
task_hum_ansem_3: @ 0804E3B0
	push {lr}
	bl func_0800E380
	pop {r0}
	bx r0
	.byte 0x00, 0x00, 0x10, 0xB5, 0x84, 0x46, 0x0B, 0x1C, 0x64, 0x46, 0x40, 0x34, 0x00, 0x2B, 0x15, 0xD0
	.byte 0x0C, 0x4A, 0x0C, 0x48, 0x00, 0x68, 0x80, 0x00, 0xFF, 0x21, 0x08, 0x40, 0x40, 0x00, 0x80, 0x18
	.byte 0x00, 0x21, 0x40, 0x5E, 0x80, 0x00, 0x18, 0x18, 0xAC, 0x22, 0x52, 0x00, 0x62, 0x44, 0x00, 0x21
	.byte 0x11, 0x60, 0xE1, 0x68, 0x40, 0x1A, 0x00, 0x11, 0x09, 0x18, 0xE1, 0x60, 0x10, 0xBC, 0x01, 0xBC
	.byte 0x00, 0x47, 0x00, 0x14, 0x12, 0x08, 0x80, 0x74, 0x00, 0x03, 0x70, 0xB5, 0x05, 0x1C, 0x2E, 0x1C
	.byte 0x40, 0x36, 0xE6, 0x20, 0x40, 0x00, 0x29, 0x18, 0x0A, 0x88, 0x00, 0x23, 0xC8, 0x5E, 0x02, 0x28
	.byte 0x1D, 0xDD, 0xA8, 0x68, 0xC0, 0x88, 0x0A, 0x4C, 0x21, 0x1C, 0xB4, 0xF7, 0xC2, 0xFB, 0xBC, 0x21
	.byte 0x49, 0x00, 0x68, 0x18, 0x04, 0x60, 0xE5, 0x23, 0x5B, 0x00, 0xEA, 0x18, 0x11, 0x88, 0x05, 0x48
	.byte 0x08, 0x40, 0x10, 0x80, 0xC2, 0x20, 0x40, 0x00, 0x29, 0x18, 0x03, 0x48, 0x08, 0x60, 0x08, 0xE0
	.byte 0x00, 0x00, 0x18, 0x7F, 0x61, 0x09, 0xFE, 0xFF, 0x00, 0x00, 0x14, 0xF2, 0x13, 0x08, 0x50, 0x1C
	.byte 0x08, 0x80, 0x30, 0x1C, 0xCC, 0xF7, 0x53, 0xFD, 0x70, 0xBC, 0x01, 0xBC, 0x00, 0x47
	thumb_func_start task_hum_hades_0
task_hum_hades_0: @ 0804E468
	push {r4, r5, r6, r7, lr}
	adds r7, r0, #0x0
	ldr r1, _0804E568 @ =0x0813F324
	bl func_0800E168
	movs r0, #0xC4
	lsls r0, r0, #0x01
	adds r1, r7, r0
	ldr r2, _0804E56C @ =0x0813F31C
	adds r0, r7, #0x0
	bl func_0800E314
	ldr r0, [r7, #0x74]
	ldr r1, [r7, #0x78]
	ldr r2, _0804E570 @ =0x00100000
	ldr r3, _0804E574 @ =0x00000000
	orrs r0, r2
	str r0, [r7, #0x74]
	str r1, [r7, #0x78]
	movs r0, #0xAA
	lsls r0, r0, #0x01
	adds r2, r7, r0
	ldr r0, [r2, #0x00]
	movs r1, #0x40
	orrs r0, r1
	str r0, [r2, #0x00]
	movs r2, #0xE5
	lsls r2, r2, #0x01
	adds r1, r7, r2
	movs r0, #0x00
	strh r0, [r1, #0x00]
	movs r0, #0xE2
	lsls r0, r0, #0x01
	adds r1, r7, r0
	ldr r0, _0804E578 @ =0xFFFFF600
	str r0, [r1, #0x00]
	movs r0, #0xDE
	lsls r0, r0, #0x01
	adds r2, r7, r0
	ldrh r1, [r2, #0x00]
	movs r0, #0x03
	orrs r0, r1
	strh r0, [r2, #0x00]
	ldr r4, _0804E57C @ =0x08BAFB62
	movs r0, #0x80
	adds r1, r4, #0x0
	bl func_080028F8
	movs r2, #0xEA
	lsls r2, r2, #0x01
	adds r1, r7, r2
	str r0, [r1, #0x00]
	movs r0, #0xA0
	lsls r0, r0, #0x02
	adds r1, r4, #0x0
	bl func_080028F8
	movs r2, #0xEC
	lsls r2, r2, #0x01
	adds r1, r7, r2
	str r0, [r1, #0x00]
	movs r0, #0xE8
	lsls r0, r0, #0x02
	adds r1, r4, #0x0
	bl func_080028F8
	movs r2, #0xEE
	lsls r2, r2, #0x01
	adds r1, r7, r2
	str r0, [r1, #0x00]
	ldr r0, _0804E580 @ =0x08F69BA4
	movs r1, #0x20
	bl func_08002A14
	movs r2, #0x8A
	lsls r2, r2, #0x02
	adds r1, r7, r2
	str r0, [r1, #0x00]
	movs r0, #0xF0
	lsls r0, r0, #0x01
	adds r4, r7, r0
	ldr r5, _0804E584 @ =0x09EE1B78
	ldr r6, _0804E588 @ =0x09EE1B38
	adds r0, r4, #0x0
	adds r1, r5, #0x0
	adds r2, r6, #0x0
	bl func_08005968
	adds r0, r4, #0x0
	movs r1, #0x02
	movs r2, #0x01
	bl func_080059A4
	movs r2, #0xFC
	lsls r2, r2, #0x01
	adds r4, r7, r2
	adds r0, r4, #0x0
	adds r1, r5, #0x0
	adds r2, r6, #0x0
	bl func_08005968
	adds r0, r4, #0x0
	movs r1, #0x01
	movs r2, #0x01
	bl func_080059A4
	movs r0, #0x84
	lsls r0, r0, #0x02
	adds r4, r7, r0
	adds r0, r4, #0x0
	adds r1, r5, #0x0
	adds r2, r6, #0x0
	bl func_08005968
	adds r0, r4, #0x0
	movs r1, #0x00
	movs r2, #0x01
	bl func_080059A4
	movs r2, #0xC2
	lsls r2, r2, #0x01
	adds r1, r7, r2
	ldr r0, _0804E58C @ =0x0813F214
	str r0, [r1, #0x00]
	pop {r4, r5, r6, r7}
	pop {r0}
	bx r0
	.byte 0x00, 0x00
_0804E568: .4byte 0x0813F324
_0804E56C: .4byte 0x0813F31C
_0804E570: .4byte 0x00100000
_0804E574: .4byte 0x00000000
_0804E578: .4byte 0xFFFFF600
_0804E57C: .4byte 0x08BAFB62
_0804E580: .4byte 0x08F69BA4
_0804E584: .4byte 0x09EE1B78
_0804E588: .4byte 0x09EE1B38
_0804E58C: .4byte 0x0813F214
	thumb_func_start task_hum_hades_1
task_hum_hades_1: @ 0804E590
	push {r4, r5, r6, r7, lr}
	mov r7, r10
	mov r6, r9
	mov r5, r8
	push {r5, r6, r7}
	add sp, #-0x024
	mov r8, r0
	mov r6, r8
	mov r7, r8
	adds r7, #0x40
	add r2, sp, #0x010
	add r3, sp, #0x014
	adds r0, r7, #0x0
	add r1, sp, #0x00C
	bl func_0801C700
	mov r0, r8
	bl _0800E434
	cmp r0, #0x04
	beq _0804E670
	cmp r0, #0x05
	bne _0804E68C
	movs r1, #0xA8
	lsls r1, r1, #0x01
	add r1, r8
	movs r0, #0x00
	strh r0, [r1, #0x00]
	mov r0, r8
	bl _0800F84C
	adds r1, r0, #0x0
	cmp r1, #0x26
	beq _0804E604
	cmp r1, #0x26
	bhi _0804E5E2
	cmp r1, #0x24
	beq _0804E604
	cmp r1, #0x25
	beq _0804E620
	b _0804E68C
_0804E5E2:
	ldr r0, _0804E5F4 @ =0xEE5B96E5
	cmp r1, r0
	beq _0804E648
	cmp r1, r0
	bhi _0804E5F8
	cmp r1, #0x27
	beq _0804E620
	b _0804E68C
	.byte 0x00, 0x00
_0804E5F4: .4byte 0xEE5B96E5
_0804E5F8:
	ldr r0, _0804E600 @ =0xEEFB96EF
	cmp r1, r0
	beq _0804E648
	b _0804E68C
_0804E600: .4byte 0xEEFB96EF
_0804E604:
	movs r1, #0xE5
	lsls r1, r1, #0x01
	adds r0, r6, r1
	ldrh r1, [r0, #0x00]
	movs r0, #0x01
	ands r0, r1
	cmp r0, #0x00
	beq _0804E63C
	movs r1, #0xB8
	lsls r1, r1, #0x01
	add r1, r8
	movs r0, #0x15
	str r0, [r1, #0x00]
	b _0804E68C
_0804E620:
	movs r2, #0xE5
	lsls r2, r2, #0x01
	adds r0, r6, r2
	ldrh r1, [r0, #0x00]
	movs r0, #0x01
	ands r0, r1
	cmp r0, #0x00
	beq _0804E63C
	movs r1, #0xB8
	lsls r1, r1, #0x01
	add r1, r8
	movs r0, #0x18
	str r0, [r1, #0x00]
	b _0804E68C
_0804E63C:
	movs r1, #0xB8
	lsls r1, r1, #0x01
	add r1, r8
	movs r0, #0x14
	str r0, [r1, #0x00]
	b _0804E68C
_0804E648:
	movs r3, #0xE5
	lsls r3, r3, #0x01
	adds r0, r6, r3
	ldrh r1, [r0, #0x00]
	movs r0, #0x01
	ands r0, r1
	cmp r0, #0x00
	beq _0804E664
	movs r1, #0xB8
	lsls r1, r1, #0x01
	add r1, r8
	movs r0, #0x16
	str r0, [r1, #0x00]
	b _0804E68C
_0804E664:
	movs r1, #0xB8
	lsls r1, r1, #0x01
	add r1, r8
	movs r0, #0x13
	str r0, [r1, #0x00]
	b _0804E68C
_0804E670:
	movs r2, #0xDE
	lsls r2, r2, #0x01
	add r2, r8
	ldrh r1, [r2, #0x00]
	movs r0, #0x02
	orrs r0, r1
	strh r0, [r2, #0x00]
	movs r2, #0xE5
	lsls r2, r2, #0x01
	add r2, r8
	ldrh r1, [r2, #0x00]
	ldr r0, _0804E6B0 @ =0x0000FFFD
	ands r0, r1
	strh r0, [r2, #0x00]
_0804E68C:
	movs r4, #0xE5
	lsls r4, r4, #0x01
	adds r0, r6, r4
	ldrh r1, [r0, #0x00]
	movs r0, #0x01
	ands r0, r1
	cmp r0, #0x00
	beq _0804E6B4
	movs r0, #0x18
	str r0, [sp, #0x000]
	mov r0, r8
	movs r1, #0x03
	movs r2, #0x28
	movs r3, #0x28
	bl func_0800F5A4
	b _0804E6C4
	.byte 0x00, 0x00
_0804E6B0: .4byte 0x0000FFFD
_0804E6B4:
	movs r0, #0x18
	str r0, [sp, #0x000]
	mov r0, r8
	movs r1, #0x0F
	movs r2, #0x28
	movs r3, #0x28
	bl func_0800F5A4
_0804E6C4:
	movs r5, #0xE2
	lsls r5, r5, #0x01
	adds r0, r6, r5
	ldr r1, _0804E6E8 @ =0xFFFFF600
	str r1, [r0, #0x00]
	movs r0, #0xB8
	lsls r0, r0, #0x01
	add r0, r8
	ldr r0, [r0, #0x00]
	cmp r0, #0x1A
	bls _0804E6DE
	bl _0804F664
_0804E6DE:
	lsls r0, r0, #0x02
	ldr r1, _0804E6EC @ =0x0804E6F0
	adds r0, r0, r1
	ldr r0, [r0, #0x00]
	mov pc, r0
_0804E6E8: .4byte 0xFFFFF600
_0804E6EC: .4byte 0x0804E6F0
	.byte 0x78, 0xE7, 0x04, 0x08, 0x84, 0xE8, 0x04, 0x08, 0x64, 0xF6, 0x04, 0x08, 0x84, 0xE8, 0x04, 0x08
	.byte 0x64, 0xF6, 0x04, 0x08, 0x64, 0xF6, 0x04, 0x08, 0x64, 0xF6, 0x04, 0x08, 0x64, 0xF6, 0x04, 0x08
	.byte 0x78, 0xE7, 0x04, 0x08, 0x84, 0xE8, 0x04, 0x08, 0x64, 0xF6, 0x04, 0x08, 0x84, 0xE8, 0x04, 0x08
	.byte 0x5C, 0xE7, 0x04, 0x08, 0x64, 0xF6, 0x04, 0x08, 0x84, 0xE8, 0x04, 0x08, 0x64, 0xF6, 0x04, 0x08
	.byte 0x64, 0xF6, 0x04, 0x08, 0x5C, 0xE7, 0x04, 0x08, 0x5C, 0xE7, 0x04, 0x08, 0xA8, 0xE8, 0x04, 0x08
	.byte 0xE0, 0xF4, 0x04, 0x08, 0x9C, 0xF3, 0x04, 0x08, 0xB0, 0xE9, 0x04, 0x08, 0x54, 0xEA, 0x04, 0x08
	.byte 0xBC, 0xEB, 0x04, 0x08, 0x04, 0xEC, 0x04, 0x08, 0x4C, 0xF3, 0x04, 0x08, 0x05, 0x48, 0x31, 0x1C
	.byte 0x14, 0x31, 0x72, 0x68, 0x00, 0x92, 0x01, 0x22, 0x01, 0x23, 0xCA, 0xF7, 0x7D, 0xFC, 0x00, 0xF0
	.byte 0x79, 0xFF, 0x00, 0x00, 0x2C, 0xF2, 0x13, 0x08, 0xA8, 0x20, 0x40, 0x00, 0x40, 0x44, 0x01, 0x78
	.byte 0x49, 0x06, 0x49, 0x42, 0x09, 0x0E, 0xAE, 0x25, 0x6D, 0x00, 0x45, 0x44, 0x14, 0x4B, 0x48, 0x00
	.byte 0xC0, 0x18, 0x00, 0x24, 0x02, 0x5F, 0x5A, 0x20, 0x42, 0x43, 0x03, 0x98, 0x80, 0x18, 0x28, 0x60
	.byte 0xB0, 0x22, 0x52, 0x00, 0x42, 0x44, 0x40, 0x31, 0x49, 0x00, 0xC9, 0x18, 0x00, 0x23, 0xC8, 0x5E
	.byte 0x40, 0x42, 0x41, 0x00, 0x09, 0x18, 0x08, 0x01, 0x40, 0x1A, 0x04, 0x99, 0x0C, 0x18, 0x14, 0x60
	.byte 0xE5, 0x21, 0x49, 0x00, 0x70, 0x18, 0x01, 0x88, 0x01, 0x20, 0x08, 0x40, 0x00, 0x28, 0x0B, 0xD0
	.byte 0x29, 0x68, 0x04, 0x4B, 0x40, 0x46, 0x22, 0x1C, 0xC0, 0xF7, 0xF0, 0xFD, 0x0B, 0xE0, 0x00, 0x00
	.byte 0x00, 0x14, 0x12, 0x08, 0x33, 0x03, 0x00, 0x00, 0x29, 0x68, 0xA0, 0x23, 0x5B, 0x00, 0x40, 0x46
	.byte 0x22, 0x1C, 0xC0, 0xF7, 0xE3, 0xFD, 0x40, 0x46, 0x05, 0x21, 0xC0, 0xF7, 0xB5, 0xFD, 0x40, 0x46
	.byte 0x14, 0x30, 0xB7, 0xF7, 0x8B, 0xF9, 0x00, 0x06, 0x00, 0x28, 0x01, 0xD1, 0x00, 0xF0, 0x24, 0xFF
	.byte 0x78, 0x6B, 0xB9, 0x6B, 0x04, 0x22, 0x10, 0x40, 0x00, 0x21, 0x08, 0x43, 0x00, 0x28, 0x0F, 0xD0
	.byte 0xAE, 0x20, 0x40, 0x00, 0x40, 0x44, 0x01, 0x68, 0x78, 0x68, 0x81, 0x42, 0x0F, 0xDA, 0x03, 0x48
	.byte 0x31, 0x1C, 0x14, 0x31, 0x72, 0x68, 0x00, 0x92, 0x00, 0x22, 0x0E, 0xE0, 0x2C, 0xF2, 0x13, 0x08
	.byte 0xAE, 0x20, 0x40, 0x00, 0x40, 0x44, 0x01, 0x68, 0x78, 0x68, 0x81, 0x42, 0x0C, 0xDA, 0x05, 0x48
	.byte 0x31, 0x1C, 0x14, 0x31, 0x72, 0x68, 0x00, 0x92, 0x01, 0x22, 0x01, 0x23, 0xCA, 0xF7, 0x04, 0xFC
	.byte 0x00, 0xF0, 0xFA, 0xFE, 0x2C, 0xF2, 0x13, 0x08, 0x05, 0x48, 0x31, 0x1C, 0x14, 0x31, 0x72, 0x68
	.byte 0x00, 0x92, 0x00, 0x22, 0x01, 0x23, 0xCA, 0xF7, 0xF7, 0xFB, 0x00, 0xF0, 0xED, 0xFE, 0x00, 0x00
	.byte 0x2C, 0xF2, 0x13, 0x08, 0xE2, 0x22, 0x52, 0x00, 0xB1, 0x18, 0x00, 0x20, 0x08, 0x60, 0x05, 0x48
	.byte 0x31, 0x1C, 0x14, 0x31, 0x72, 0x68, 0x00, 0x92, 0x02, 0x22, 0x00, 0x23, 0xCA, 0xF7, 0xE4, 0xFB
	.byte 0x00, 0xF0, 0xE0, 0xFE, 0x2C, 0xF2, 0x13, 0x08, 0xA8, 0x20, 0x40, 0x00, 0x40, 0x44, 0x00, 0x23
	.byte 0xC0, 0x5E, 0x00, 0x28, 0x1E, 0xD1, 0x39, 0x48, 0x31, 0x1C, 0x14, 0x31, 0x72, 0x68, 0x00, 0x92
	.byte 0x06, 0x22, 0x00, 0x23, 0xCA, 0xF7, 0xD0, 0xFB, 0xCC, 0x24, 0x64, 0x00, 0x30, 0x19, 0xB7, 0xF7
	.byte 0x49, 0xF9, 0x33, 0x48, 0xF2, 0x68, 0x11, 0x1C, 0x10, 0x31, 0x52, 0x68, 0x00, 0x92, 0x00, 0x22
	.byte 0x00, 0x23, 0xCA, 0xF7, 0xC1, 0xFB, 0xDE, 0x25, 0x6D, 0x00, 0x72, 0x19, 0x11, 0x88, 0x2D, 0x48
	.byte 0x08, 0x40, 0x10, 0x80, 0xD8, 0x20, 0x40, 0x00, 0x31, 0x18, 0x78, 0x68, 0x08, 0x60, 0xDA, 0x22
	.byte 0x52, 0x00, 0xB1, 0x18, 0xB8, 0x68, 0x08, 0x60, 0xDC, 0x23, 0x5B, 0x00, 0xF1, 0x18, 0xF8, 0x68
	.byte 0x08, 0x60, 0xCC, 0x24, 0x64, 0x00, 0x30, 0x19, 0xB7, 0xF7, 0x0C, 0xF9, 0x00, 0x04, 0x00, 0x0C
	.byte 0x01, 0x28, 0x09, 0xD1, 0xD1, 0x25, 0x6D, 0x00, 0x70, 0x19, 0x00, 0x88, 0x00, 0x28, 0x03, 0xD1
	.byte 0x9B, 0x20, 0x80, 0x00, 0xD1, 0xF0, 0x9C, 0xFA, 0x44, 0x46, 0x14, 0x34, 0x20, 0x1C, 0xB7, 0xF7
	.byte 0xF9, 0xF8, 0x00, 0x04, 0x00, 0x0C, 0xA1, 0x46, 0x05, 0x28, 0x1D, 0xD1, 0x40, 0x46, 0xC5, 0x8B
	.byte 0x00, 0x2D, 0x19, 0xD1, 0x80, 0x68, 0xC0, 0x88, 0x13, 0x4C, 0x21, 0x1C, 0xB4, 0xF7, 0x26, 0xF9
	.byte 0xBC, 0x20, 0x40, 0x00, 0x40, 0x44, 0x04, 0x60, 0xE5, 0x21, 0x49, 0x00, 0x72, 0x18, 0x11, 0x88
	.byte 0x01, 0x20, 0x08, 0x43, 0x10, 0x80, 0xC2, 0x21, 0x49, 0x00, 0x41, 0x44, 0x0B, 0x48, 0x08, 0x60
	.byte 0xE6, 0x22, 0x52, 0x00, 0xB0, 0x18, 0x05, 0x80, 0x48, 0x46, 0xB7, 0xF7, 0xC7, 0xF8, 0x00, 0x06
	.byte 0x00, 0x28, 0x01, 0xD0, 0x00, 0xF0, 0x4A, 0xFE, 0x00, 0xF0, 0x5E, 0xFE, 0x2C, 0xF2, 0x13, 0x08
	.byte 0xCC, 0xF2, 0x13, 0x08, 0xFD, 0xFF, 0x00, 0x00, 0x38, 0x7F, 0x61, 0x09, 0x20, 0xF2, 0x13, 0x08
	.byte 0xA8, 0x24, 0x64, 0x00, 0x44, 0x44, 0x00, 0x25, 0x60, 0x5F, 0x00, 0x28, 0x24, 0xD1, 0x21, 0x48
	.byte 0x31, 0x1C, 0x14, 0x31, 0x72, 0x68, 0x00, 0x92, 0x04, 0x22, 0x00, 0x23, 0xCA, 0xF7, 0x4C, 0xFB
	.byte 0xCC, 0x21, 0x49, 0x00, 0x70, 0x18, 0xB7, 0xF7, 0xC5, 0xF8, 0x1B, 0x48, 0xF2, 0x68, 0x11, 0x1C
	.byte 0x10, 0x31, 0x52, 0x68, 0x00, 0x92, 0x02, 0x22, 0x00, 0x23, 0xCA, 0xF7, 0x3D, 0xFB, 0xDE, 0x23
	.byte 0x5B, 0x00, 0xF2, 0x18, 0x11, 0x88, 0x15, 0x48, 0x08, 0x40, 0x10, 0x80, 0xFC, 0x20, 0xD1, 0xF0
	.byte 0x37, 0xFA, 0x13, 0x48, 0xD1, 0xF0, 0x34, 0xFA, 0xD8, 0x25, 0x6D, 0x00, 0x71, 0x19, 0x78, 0x68
	.byte 0x08, 0x60, 0xDA, 0x20, 0x40, 0x00, 0x31, 0x18, 0xB8, 0x68, 0x08, 0x60, 0xDC, 0x22, 0x52, 0x00
	.byte 0xB1, 0x18, 0xF8, 0x68, 0x08, 0x60, 0xCC, 0x23, 0x5B, 0x00, 0xF0, 0x18, 0xB7, 0xF7, 0x76, 0xF8
	.byte 0x00, 0x06, 0x00, 0x28, 0x01, 0xD1, 0x00, 0xF0, 0xAD, 0xFC, 0xB8, 0x20, 0x40, 0x00, 0x40, 0x44
	.byte 0x17, 0x21, 0xD8, 0xE0, 0x2C, 0xF2, 0x13, 0x08, 0xCC, 0xF2, 0x13, 0x08, 0xFD, 0xFF, 0x00, 0x00
	.byte 0xB5, 0x02, 0x00, 0x00, 0xA8, 0x20, 0x40, 0x00, 0x40, 0x44, 0x00, 0x24, 0x00, 0x5F, 0x00, 0x28
	.byte 0x33, 0xD1, 0x0C, 0x48, 0xF2, 0x68, 0x11, 0x1C, 0x10, 0x31, 0x52, 0x68, 0x00, 0x92, 0x03, 0x22
	.byte 0x01, 0x23, 0xCA, 0xF7, 0xF9, 0xFA, 0x78, 0x6B, 0xB9, 0x6B, 0x04, 0x22, 0x10, 0x40, 0x00, 0x21
	.byte 0x08, 0x43, 0x00, 0x28, 0x0A, 0xD0, 0xD8, 0x25, 0x6D, 0x00, 0x71, 0x19, 0x08, 0x68, 0x02, 0x4A
	.byte 0x80, 0x18, 0x0A, 0xE0, 0xCC, 0xF2, 0x13, 0x08, 0x00, 0xF6, 0xFF, 0xFF, 0xD8, 0x23, 0x5B, 0x00
	.byte 0xF1, 0x18, 0x08, 0x68, 0xA0, 0x24, 0x24, 0x01, 0x00, 0x19, 0x08, 0x60, 0xDC, 0x25, 0x6D, 0x00
	.byte 0x71, 0x19, 0x08, 0x68, 0x0C, 0x4A, 0x80, 0x18, 0x08, 0x60, 0xE8, 0x23, 0x5B, 0x00, 0xF1, 0x18
	.byte 0x00, 0x20, 0x08, 0x60, 0x09, 0x48, 0xD1, 0xF0, 0xD3, 0xF9, 0x78, 0x6B, 0xB9, 0x6B, 0x04, 0x22
	.byte 0x10, 0x40, 0x00, 0x21, 0x08, 0x43, 0x00, 0x28, 0x0C, 0xD0, 0xD8, 0x24, 0x64, 0x00, 0x31, 0x19
	.byte 0x08, 0x68, 0x03, 0x4D, 0x40, 0x19, 0x0C, 0xE0, 0x00, 0xB2, 0xFF, 0xFF, 0x6D, 0x02, 0x00, 0x00
	.byte 0x00, 0xF9, 0xFF, 0xFF, 0xD8, 0x20, 0x40, 0x00, 0x31, 0x18, 0x08, 0x68, 0xE0, 0x22, 0xD2, 0x00
	.byte 0x80, 0x18, 0x08, 0x60, 0xDA, 0x23, 0x5B, 0x00, 0xF2, 0x18, 0x04, 0x98, 0x11, 0x68, 0x40, 0x1A
	.byte 0x00, 0x11, 0x09, 0x18, 0x11, 0x60, 0xDC, 0x24, 0x64, 0x00, 0x33, 0x19, 0xE8, 0x25, 0x6D, 0x00
	.byte 0x74, 0x19, 0x18, 0x68, 0x21, 0x68, 0x40, 0x18, 0x18, 0x60, 0x20, 0x68, 0x59, 0x30, 0x20, 0x60
	.byte 0x18, 0x68, 0xF0, 0x21, 0x09, 0x01, 0x40, 0x18, 0x00, 0x28, 0x05, 0xDD, 0x1D, 0x48, 0x18, 0x60
	.byte 0x20, 0x68, 0x40, 0x10, 0x40, 0x42, 0x20, 0x60, 0x90, 0x20, 0x40, 0x00, 0xD8, 0x24, 0x64, 0x00
	.byte 0x35, 0x19, 0x29, 0x68, 0x12, 0x68, 0x1B, 0x68, 0x10, 0x24, 0x00, 0x94, 0x01, 0x94, 0x02, 0x94
	.byte 0xC3, 0xF7, 0x0A, 0xFA, 0x00, 0x28, 0x03, 0xD0, 0x8B, 0x20, 0x80, 0x00, 0xD1, 0xF0, 0x80, 0xF9
	.byte 0x11, 0x48, 0x02, 0x68, 0x10, 0x1C, 0xDA, 0x30, 0x00, 0x21, 0x40, 0x5E, 0x20, 0x38, 0x00, 0x02
	.byte 0x29, 0x68, 0x81, 0x42, 0x09, 0xDB, 0x10, 0x1C, 0xDC, 0x30, 0x00, 0x22, 0x80, 0x5E, 0x20, 0x30
	.byte 0x00, 0x02, 0x81, 0x42, 0x01, 0xDC, 0x00, 0xF0, 0x5F, 0xFD, 0xDE, 0x23, 0x5B, 0x00, 0xF2, 0x18
	.byte 0x11, 0x88, 0x02, 0x20, 0x00, 0x24, 0x08, 0x43, 0x10, 0x80, 0x30, 0x1C, 0xFF, 0xF7, 0x2A, 0xFC
	.byte 0x00, 0xF0, 0x47, 0xFD, 0x00, 0xF1, 0xFF, 0xFF, 0x84, 0x9B, 0x03, 0x02, 0xA8, 0x24, 0x64, 0x00
	.byte 0x44, 0x44, 0x00, 0x25, 0x60, 0x5F, 0x00, 0x28, 0x08, 0xD1, 0x0D, 0x48, 0x31, 0x1C, 0x14, 0x31
	.byte 0x72, 0x68, 0x00, 0x92, 0x07, 0x22, 0x00, 0x23, 0xCA, 0xF7, 0x46, 0xFA, 0x40, 0x46, 0x14, 0x30
	.byte 0xB6, 0xF7, 0xA8, 0xFF, 0x00, 0x04, 0x00, 0x0C, 0x04, 0x28, 0x00, 0xD0, 0xD2, 0xE3, 0xB8, 0x20
	.byte 0x40, 0x00, 0x40, 0x44, 0x19, 0x21, 0x01, 0x60, 0x00, 0x20, 0x20, 0x80, 0x00, 0xF0, 0x32, 0xFD
	.byte 0x2C, 0xF2, 0x13, 0x08, 0xA8, 0x20, 0x40, 0x00, 0x40, 0x44, 0x00, 0x21, 0x40, 0x5E, 0x00, 0x28
	.byte 0x00, 0xD0, 0xB4, 0xE0, 0x2B, 0x48, 0x31, 0x1C, 0x14, 0x31, 0x72, 0x68, 0x00, 0x92, 0x08, 0x22
	.byte 0x01, 0x23, 0xCA, 0xF7, 0x21, 0xFA, 0x9F, 0x22, 0x92, 0x00, 0xB1, 0x18, 0x0A, 0x20, 0x08, 0x60
	.byte 0xA9, 0x21, 0x49, 0x00, 0x41, 0x44, 0x08, 0x20, 0x08, 0x80, 0xE5, 0x23, 0x5B, 0x00, 0xF2, 0x18
	.byte 0x11, 0x88, 0x21, 0x48, 0x08, 0x40, 0x02, 0x21, 0x08, 0x43, 0x10, 0x80, 0x78, 0x6B, 0xB9, 0x6B
	.byte 0x04, 0x22, 0x10, 0x40, 0x00, 0x21, 0x08, 0x43, 0x00, 0x28, 0x3B, 0xD0, 0x8C, 0x24, 0xA4, 0x00
	.byte 0x33, 0x19, 0x8F, 0x25, 0xAD, 0x00, 0x72, 0x19, 0x92, 0x20, 0x80, 0x00, 0x31, 0x18, 0x78, 0x68
	.byte 0x16, 0x4C, 0x00, 0x19, 0x08, 0x60, 0x10, 0x60, 0x18, 0x60, 0x08, 0x3D, 0x73, 0x19, 0x90, 0x20
	.byte 0x80, 0x00, 0x32, 0x18, 0x93, 0x24, 0xA4, 0x00, 0x31, 0x19, 0xB8, 0x68, 0x08, 0x60, 0x10, 0x60
	.byte 0x18, 0x60, 0x04, 0x35, 0x73, 0x19, 0x91, 0x20, 0x80, 0x00, 0x32, 0x18, 0x04, 0x34, 0x31, 0x19
	.byte 0xF8, 0x68, 0x0B, 0x4D, 0x40, 0x19, 0x08, 0x60, 0x10, 0x60, 0x18, 0x60, 0x96, 0x20, 0x80, 0x00
	.byte 0x33, 0x18, 0x99, 0x21, 0x89, 0x00, 0x72, 0x18, 0x20, 0x34, 0x31, 0x19, 0x78, 0x68, 0xC0, 0x25
	.byte 0xED, 0x00, 0x3B, 0xE0, 0x2C, 0xF2, 0x13, 0x08, 0xFB, 0xFF, 0x00, 0x00, 0x00, 0xD8, 0xFF, 0xFF
	.byte 0x00, 0xCA, 0xFF, 0xFF, 0x8C, 0x20, 0x80, 0x00, 0x33, 0x18, 0x8F, 0x21, 0x89, 0x00, 0x72, 0x18
	.byte 0x92, 0x24, 0xA4, 0x00, 0x31, 0x19, 0x78, 0x68, 0xA0, 0x25, 0xAD, 0x01, 0x40, 0x19, 0x08, 0x60
	.byte 0x10, 0x60, 0x18, 0x60, 0x8D, 0x20, 0x80, 0x00, 0x33, 0x18, 0x90, 0x21, 0x89, 0x00, 0x72, 0x18
	.byte 0x04, 0x34, 0x31, 0x19, 0xB8, 0x68, 0x08, 0x60, 0x10, 0x60, 0x18, 0x60, 0x8E, 0x25, 0xAD, 0x00
	.byte 0x73, 0x19, 0x91, 0x20, 0x80, 0x00, 0x32, 0x18, 0x04, 0x34, 0x31, 0x19, 0xF8, 0x68, 0x26, 0x4D
	.byte 0x40, 0x19, 0x08, 0x60, 0x10, 0x60, 0x18, 0x60, 0x96, 0x20, 0x80, 0x00, 0x33, 0x18, 0x99, 0x21
	.byte 0x89, 0x00, 0x72, 0x18, 0x20, 0x34, 0x31, 0x19, 0x78, 0x68, 0x20, 0x4D, 0x40, 0x19, 0x08, 0x60
	.byte 0x10, 0x60, 0x18, 0x60, 0x97, 0x20, 0x80, 0x00, 0x33, 0x18, 0x9A, 0x21, 0x89, 0x00, 0x72, 0x18
	.byte 0x04, 0x34, 0x31, 0x19, 0xB8, 0x68, 0x08, 0x60, 0x10, 0x60, 0x18, 0x60, 0x98, 0x25, 0xAD, 0x00
	.byte 0x73, 0x19, 0x9B, 0x20, 0x80, 0x00, 0x32, 0x18, 0x04, 0x34, 0x31, 0x19, 0xF8, 0x68, 0x14, 0x4D
	.byte 0x40, 0x19, 0x08, 0x60, 0x10, 0x60, 0x18, 0x60, 0x12, 0x48, 0xD1, 0xF0, 0x79, 0xF8, 0xE2, 0x21
	.byte 0x49, 0x00, 0x70, 0x18, 0x00, 0x21, 0x01, 0x60, 0xA9, 0x22, 0x52, 0x00, 0x42, 0x44, 0x00, 0x23
	.byte 0xD0, 0x5E, 0x00, 0x28, 0x26, 0xDD, 0xE5, 0x24, 0x64, 0x00, 0x30, 0x19, 0x01, 0x88, 0x04, 0x20
	.byte 0x08, 0x40, 0x00, 0x28, 0x10, 0xD0, 0x9F, 0x25, 0xAD, 0x00, 0x70, 0x19, 0x12, 0x88, 0x0A, 0x21
	.byte 0xB6, 0xF7, 0xA4, 0xFD, 0x10, 0xE0, 0x00, 0x00, 0x00, 0xCA, 0xFF, 0xFF, 0x00, 0xFA, 0xFF, 0xFF
	.byte 0x00, 0xCC, 0xFF, 0xFF, 0xB6, 0x02, 0x00, 0x00, 0x9F, 0x21, 0x89, 0x00, 0x70, 0x18, 0x80, 0x21
	.byte 0x49, 0x00, 0x12, 0x88, 0xB6, 0xF7, 0x92, 0xFD, 0xA9, 0x21, 0x49, 0x00, 0x41, 0x44, 0x08, 0x88
	.byte 0x01, 0x38, 0x08, 0x80, 0xA8, 0x24, 0x64, 0x00, 0x44, 0x44, 0x00, 0x22, 0xA0, 0x5E, 0xB4, 0x28
	.byte 0x0B, 0xD1, 0xE5, 0x23, 0x5B, 0x00, 0xF2, 0x18, 0x10, 0x88, 0x04, 0x21, 0x01, 0x43, 0x11, 0x80
	.byte 0xA9, 0x21, 0x49, 0x00, 0x41, 0x44, 0x08, 0x20, 0x08, 0x80, 0x40, 0x46, 0x08, 0x21, 0xC0, 0xF7
	.byte 0xAB, 0xFA, 0x04, 0x98, 0xBA, 0x68, 0x80, 0x1A, 0x00, 0x11, 0x12, 0x18, 0xBA, 0x60, 0x15, 0x49
	.byte 0x20, 0x78, 0x40, 0x00, 0x40, 0x18, 0x00, 0x24, 0x01, 0x5F, 0x78, 0x68, 0x40, 0x18, 0x78, 0x60
	.byte 0x8B, 0x25, 0xAD, 0x00, 0x70, 0x19, 0x02, 0x60, 0x95, 0x20, 0x80, 0x00, 0x31, 0x18, 0xB8, 0x68
	.byte 0x08, 0x60, 0xE5, 0x21, 0x49, 0x00, 0x70, 0x18, 0x01, 0x88, 0x02, 0x20, 0x08, 0x40, 0x00, 0x28
	.byte 0x00, 0xD1, 0x00, 0xE2, 0x40, 0x46, 0x14, 0x30, 0xB6, 0xF7, 0x6E, 0xFE, 0x00, 0x04, 0x00, 0x0C
	.byte 0x02, 0x38, 0x07, 0x28, 0x00, 0xD9, 0x71, 0xE0, 0x80, 0x00, 0x03, 0x49, 0x40, 0x18, 0x00, 0x68
	.byte 0x87, 0x46, 0x00, 0x00, 0x00, 0x14, 0x12, 0x08, 0x7C, 0xEE, 0x04, 0x08, 0x9C, 0xEE, 0x04, 0x08
	.byte 0xB4, 0xEE, 0x04, 0x08, 0xCC, 0xEE, 0x04, 0x08, 0xE4, 0xEE, 0x04, 0x08, 0x00, 0xEF, 0x04, 0x08
	.byte 0x1C, 0xEF, 0x04, 0x08, 0x34, 0xEF, 0x04, 0x08, 0x4C, 0xEF, 0x04, 0x08, 0x2C, 0x22, 0x92, 0x46
	.byte 0x02, 0x4B, 0x99, 0x46, 0x02, 0x24, 0xA4, 0x46, 0x01, 0x4D, 0x56, 0xE0, 0xCE, 0xFF, 0x00, 0x00
	.byte 0xD4, 0xFF, 0x00, 0x00, 0x2C, 0x25, 0xAA, 0x46, 0x02, 0x48, 0x81, 0x46, 0x21, 0x21, 0x8C, 0x46
	.byte 0x01, 0x4D, 0x4A, 0xE0, 0xD9, 0xFF, 0x00, 0x00, 0xE0, 0xFF, 0x00, 0x00, 0x2E, 0x22, 0x92, 0x46
	.byte 0x02, 0x4B, 0x99, 0x46, 0x15, 0x24, 0xA4, 0x46, 0x01, 0x4D, 0x3E, 0xE0, 0xD6, 0xFF, 0x00, 0x00
	.byte 0xE0, 0xFF, 0x00, 0x00, 0x2E, 0x25, 0xAA, 0x46, 0x02, 0x48, 0x81, 0x46, 0x02, 0x49, 0x8C, 0x46
	.byte 0x02, 0x4D, 0x32, 0xE0, 0xCE, 0xFF, 0x00, 0x00, 0xFD, 0xFF, 0x00, 0x00, 0xE2, 0xFF, 0x00, 0x00
	.byte 0x30, 0x22, 0x92, 0x46, 0x02, 0x4B, 0x99, 0x46, 0x02, 0x4C, 0xA4, 0x46, 0x02, 0x4D, 0x24, 0xE0
	.byte 0xD5, 0xFF, 0x00, 0x00, 0xFE, 0xFF, 0x00, 0x00, 0xE2, 0xFF, 0x00, 0x00, 0x2D, 0x25, 0xAA, 0x46
	.byte 0x02, 0x48, 0x81, 0x46, 0x02, 0x21, 0x8C, 0x46, 0x01, 0x4D, 0x16, 0xE0, 0xD5, 0xFF, 0x00, 0x00
	.byte 0xE1, 0xFF, 0x00, 0x00, 0x2A, 0x22, 0x92, 0x46, 0x02, 0x4B, 0x99, 0x46, 0x13, 0x24, 0xA4, 0x46
	.byte 0x01, 0x4D, 0x0A, 0xE0, 0xD0, 0xFF, 0x00, 0x00, 0xDE, 0xFF, 0x00, 0x00, 0x21, 0x25, 0xAA, 0x46
	.byte 0x12, 0x48, 0x81, 0x46, 0x14, 0x21, 0x8C, 0x46, 0x11, 0x4D, 0x7B, 0x6B, 0xBC, 0x6B, 0x04, 0x22
	.byte 0x18, 0x1C, 0x10, 0x40, 0x00, 0x21, 0x08, 0x43, 0x06, 0x93, 0x07, 0x94, 0x00, 0x28, 0x19, 0xD0
	.byte 0x8C, 0x23, 0x9B, 0x00, 0xF2, 0x18, 0x54, 0x46, 0x21, 0x04, 0x09, 0x12, 0x78, 0x68, 0x40, 0x1A
	.byte 0x11, 0x68, 0x40, 0x1A, 0x40, 0x10, 0x09, 0x18, 0x11, 0x60, 0x96, 0x20, 0x80, 0x00, 0x32, 0x18
	.byte 0x63, 0x46, 0x19, 0x04, 0x09, 0x12, 0x78, 0x68, 0x40, 0x1A, 0x18, 0xE0, 0xCF, 0xFF, 0x00, 0x00
	.byte 0xD7, 0xFF, 0x00, 0x00, 0x8C, 0x24, 0xA4, 0x00, 0x32, 0x19, 0x50, 0x46, 0x01, 0x04, 0x09, 0x12
	.byte 0x78, 0x68, 0x40, 0x18, 0x11, 0x68, 0x40, 0x1A, 0x40, 0x10, 0x09, 0x18, 0x11, 0x60, 0x96, 0x21
	.byte 0x89, 0x00, 0x72, 0x18, 0x63, 0x46, 0x19, 0x04, 0x09, 0x12, 0x78, 0x68, 0x40, 0x18, 0x11, 0x68
	.byte 0x40, 0x1A, 0x40, 0x10, 0x09, 0x18, 0x11, 0x60, 0x8D, 0x24, 0xA4, 0x00, 0x32, 0x19, 0xB8, 0x68
	.byte 0x11, 0x68, 0x40, 0x1A, 0x40, 0x10, 0x09, 0x18, 0x11, 0x60, 0x97, 0x20, 0x80, 0x00, 0x32, 0x18
	.byte 0xB8, 0x68, 0x11, 0x68, 0x40, 0x1A, 0x40, 0x10, 0x09, 0x18, 0x11, 0x60, 0x8E, 0x21, 0x89, 0x00
	.byte 0x73, 0x18, 0x4C, 0x46, 0x22, 0x04, 0x12, 0x14, 0x11, 0x02, 0xF8, 0x68, 0x40, 0x18, 0x19, 0x68
	.byte 0x40, 0x1A, 0x40, 0x10, 0x09, 0x18, 0x19, 0x60, 0x98, 0x20, 0x80, 0x00, 0x34, 0x18, 0x2B, 0x04
	.byte 0x1B, 0x14, 0x19, 0x02, 0xF8, 0x68, 0x40, 0x18, 0x21, 0x68, 0x40, 0x1A, 0x40, 0x10, 0x09, 0x18
	.byte 0x21, 0x60, 0x9F, 0x21, 0x89, 0x00, 0x70, 0x18, 0x04, 0x68, 0xE5, 0x00, 0x08, 0x95, 0x29, 0x1B
	.byte 0x49, 0x00, 0x09, 0x12, 0x55, 0x46, 0x28, 0x04, 0x00, 0x14, 0x40, 0x18, 0x00, 0x04, 0x00, 0x0C
	.byte 0x82, 0x46, 0xA0, 0x00, 0x00, 0x19, 0x40, 0x00, 0x00, 0x12, 0x12, 0x18, 0x12, 0x04, 0x12, 0x0C
	.byte 0x91, 0x46, 0x08, 0x98, 0x05, 0x12, 0x61, 0x46, 0x08, 0x04, 0x00, 0x14, 0x40, 0x19, 0x00, 0x04
	.byte 0x00, 0x0C, 0x84, 0x46, 0x60, 0x00, 0x00, 0x19, 0x80, 0x00, 0x00, 0x12, 0x1B, 0x18, 0x1B, 0x04
	.byte 0x1D, 0x0C, 0x04, 0x22, 0x06, 0x98, 0x10, 0x40, 0x00, 0x21, 0x08, 0x43, 0x00, 0x28, 0x15, 0xD0
	.byte 0x8F, 0x23, 0x9B, 0x00, 0xF2, 0x18, 0x54, 0x46, 0x21, 0x04, 0x09, 0x12, 0x78, 0x68, 0x40, 0x1A
	.byte 0x11, 0x68, 0x40, 0x1A, 0xC0, 0x10, 0x09, 0x18, 0x11, 0x60, 0x99, 0x20, 0x80, 0x00, 0x32, 0x18
	.byte 0x63, 0x46, 0x19, 0x04, 0x09, 0x12, 0x78, 0x68, 0x40, 0x1A, 0x14, 0xE0, 0x8F, 0x24, 0xA4, 0x00
	.byte 0x32, 0x19, 0x50, 0x46, 0x01, 0x04, 0x09, 0x12, 0x78, 0x68, 0x40, 0x18, 0x11, 0x68, 0x40, 0x1A
	.byte 0xC0, 0x10, 0x09, 0x18, 0x11, 0x60, 0x99, 0x21, 0x89, 0x00, 0x72, 0x18, 0x63, 0x46, 0x19, 0x04
	.byte 0x09, 0x12, 0x78, 0x68, 0x40, 0x18, 0x11, 0x68, 0x40, 0x1A, 0xC0, 0x10, 0x09, 0x18, 0x11, 0x60
	.byte 0x90, 0x24, 0xA4, 0x00, 0x32, 0x19, 0xB8, 0x68, 0x11, 0x68, 0x40, 0x1A, 0xC0, 0x10, 0x09, 0x18
	.byte 0x11, 0x60, 0x9A, 0x20, 0x80, 0x00, 0x32, 0x18, 0xB8, 0x68, 0x11, 0x68, 0x40, 0x1A, 0xC0, 0x10
	.byte 0x09, 0x18, 0x11, 0x60, 0x91, 0x21, 0x89, 0x00, 0x72, 0x18, 0x4B, 0x46, 0x1C, 0x04, 0x24, 0x14
	.byte 0x21, 0x02, 0xF8, 0x68, 0x40, 0x18, 0x11, 0x68, 0x40, 0x1A, 0xC0, 0x10, 0x09, 0x18, 0x11, 0x60
	.byte 0x9B, 0x20, 0x80, 0x00, 0x32, 0x18, 0x2B, 0x04, 0x1B, 0x14, 0x19, 0x02, 0xF8, 0x68, 0x40, 0x18
	.byte 0x11, 0x68, 0x40, 0x1A, 0xC0, 0x10, 0x09, 0x18, 0x11, 0x60, 0x9F, 0x21, 0x89, 0x00, 0x70, 0x18
	.byte 0x02, 0x68, 0x51, 0x00, 0x89, 0x18, 0xC9, 0x00, 0x09, 0x12, 0x55, 0x46, 0x28, 0x04, 0x00, 0x14
	.byte 0x40, 0x18, 0x00, 0x04, 0x00, 0x0C, 0x82, 0x46, 0x91, 0x00, 0x89, 0x18, 0x8A, 0x00, 0x12, 0x12
	.byte 0xA4, 0x18, 0x24, 0x04, 0x24, 0x0C, 0xA1, 0x46, 0x49, 0x00, 0x09, 0x12, 0x64, 0x46, 0x20, 0x04
	.byte 0x00, 0x14, 0x40, 0x18, 0x00, 0x04, 0x00, 0x0C, 0x84, 0x46, 0x9B, 0x18, 0x1B, 0x04, 0x1D, 0x0C
	.byte 0x78, 0x6B, 0xB9, 0x6B, 0x04, 0x22, 0x10, 0x40, 0x00, 0x21, 0x08, 0x43, 0x00, 0x28, 0x15, 0xD0
	.byte 0x92, 0x20, 0x80, 0x00, 0x32, 0x18, 0x53, 0x46, 0x19, 0x04, 0x09, 0x12, 0x78, 0x68, 0x40, 0x1A
	.byte 0x11, 0x68, 0x40, 0x1A, 0x00, 0x11, 0x09, 0x18, 0x11, 0x60, 0x9C, 0x24, 0xA4, 0x00, 0x32, 0x19
	.byte 0x60, 0x46, 0x01, 0x04, 0x09, 0x12, 0x78, 0x68, 0x40, 0x1A, 0x14, 0xE0, 0x92, 0x21, 0x89, 0x00
	.byte 0x72, 0x18, 0x53, 0x46, 0x19, 0x04, 0x09, 0x12, 0x78, 0x68, 0x40, 0x18, 0x11, 0x68, 0x40, 0x1A
	.byte 0x00, 0x11, 0x09, 0x18, 0x11, 0x60, 0x9C, 0x24, 0xA4, 0x00, 0x32, 0x19, 0x60, 0x46, 0x01, 0x04
	.byte 0x09, 0x12, 0x78, 0x68, 0x40, 0x18, 0x11, 0x68, 0x40, 0x1A, 0x00, 0x11, 0x09, 0x18, 0x11, 0x60
	.byte 0x93, 0x21, 0x89, 0x00, 0x72, 0x18, 0xB8, 0x68, 0x11, 0x68, 0x40, 0x1A, 0x00, 0x11, 0x09, 0x18
	.byte 0x11, 0x60, 0x9D, 0x23, 0x9B, 0x00, 0xF2, 0x18, 0xB8, 0x68, 0x11, 0x68, 0x40, 0x1A, 0x00, 0x11
	.byte 0x09, 0x18, 0x11, 0x60, 0x94, 0x24, 0xA4, 0x00, 0x32, 0x19, 0x48, 0x46, 0x01, 0x04, 0x09, 0x12
	.byte 0xF8, 0x68, 0x40, 0x18, 0x11, 0x68, 0x40, 0x1A, 0x00, 0x11, 0x09, 0x18, 0x11, 0x60, 0x9E, 0x21
	.byte 0x89, 0x00, 0x72, 0x18, 0x29, 0x04, 0x09, 0x12, 0xF8, 0x68, 0x40, 0x18, 0x11, 0x68, 0x40, 0x1A
	.byte 0x00, 0x11, 0x09, 0x18, 0x11, 0x60, 0x38, 0x1C, 0xE4, 0x30, 0x00, 0x68, 0xF4, 0x30, 0x00, 0x68
	.byte 0x08, 0x28, 0x0E, 0xD1, 0xF8, 0x8D, 0x00, 0x04, 0x2C, 0x22, 0xB9, 0x5E, 0x40, 0x14, 0x81, 0x42
	.byte 0x07, 0xDA, 0x32, 0x48, 0x00, 0x68, 0x92, 0x23, 0x5B, 0x00, 0xC0, 0x18, 0x80, 0x21, 0x89, 0x00
	.byte 0x01, 0x60, 0x9F, 0x24, 0xA4, 0x00, 0x30, 0x19, 0x01, 0x68, 0x80, 0x20, 0x40, 0x00, 0x81, 0x42
	.byte 0x2F, 0xD1, 0x2B, 0x4D, 0x92, 0x21, 0x89, 0x00, 0x70, 0x18, 0x01, 0x68, 0x8B, 0x22, 0x92, 0x00
	.byte 0xB0, 0x18, 0x02, 0x68, 0x94, 0x23, 0x9B, 0x00, 0xF0, 0x18, 0x03, 0x68, 0x10, 0x24, 0x00, 0x94
	.byte 0x01, 0x94, 0x02, 0x94, 0x28, 0x1C, 0xC2, 0xF7, 0x5F, 0xFE, 0x00, 0x28, 0x02, 0xD0, 0x21, 0x48
	.byte 0xD0, 0xF0, 0xD6, 0xFD, 0x9C, 0x21, 0x89, 0x00, 0x70, 0x18, 0x01, 0x68, 0x95, 0x22, 0x92, 0x00
	.byte 0xB0, 0x18, 0x02, 0x68, 0x9E, 0x23, 0x9B, 0x00, 0xF0, 0x18, 0x03, 0x68, 0x00, 0x94, 0x01, 0x94
	.byte 0x02, 0x94, 0x28, 0x1C, 0xC2, 0xF7, 0x48, 0xFE, 0x00, 0x28, 0x02, 0xD0, 0x15, 0x48, 0xD0, 0xF0
	.byte 0xBF, 0xFD, 0x12, 0x48, 0x00, 0x68, 0x92, 0x24, 0x64, 0x00, 0x00, 0x19, 0x00, 0x23, 0x03, 0x60
	.byte 0xE5, 0x25, 0x6D, 0x00, 0x72, 0x19, 0x11, 0x88, 0x04, 0x20, 0x08, 0x40, 0x00, 0x28, 0x00, 0xD1
	.byte 0xA2, 0xE1, 0xA9, 0x20, 0x40, 0x00, 0x40, 0x44, 0x00, 0x24, 0x00, 0x5F, 0x00, 0x28, 0x00, 0xDD
	.byte 0x9A, 0xE1, 0x09, 0x48, 0x08, 0x40, 0x10, 0x80, 0xB8, 0x21, 0x49, 0x00, 0x41, 0x44, 0x1A, 0x20
	.byte 0x08, 0x60, 0xA8, 0x20, 0x40, 0x00, 0x40, 0x44, 0x03, 0x80, 0x93, 0xE1, 0x84, 0x9B, 0x03, 0x02
	.byte 0x21, 0x01, 0x00, 0x00, 0xF9, 0x01, 0x00, 0x00, 0xFD, 0xFF, 0x00, 0x00, 0xA8, 0x24, 0x64, 0x00
	.byte 0x44, 0x44, 0x00, 0x25, 0x60, 0x5F, 0x00, 0x28, 0x08, 0xD1, 0x0D, 0x48, 0x31, 0x1C, 0x14, 0x31
	.byte 0x72, 0x68, 0x00, 0x92, 0x09, 0x22, 0x00, 0x23, 0xC9, 0xF7, 0x7E, 0xFE, 0x40, 0x46, 0x14, 0x30
	.byte 0xB6, 0xF7, 0xD4, 0xFB, 0x00, 0x06, 0x00, 0x28, 0x0C, 0xD0, 0x38, 0x1C, 0xCB, 0xF7, 0xC4, 0xFD
	.byte 0xB8, 0x21, 0x49, 0x00, 0x41, 0x44, 0x00, 0x20, 0x08, 0x60, 0x20, 0x80, 0x6A, 0xE1, 0x00, 0x00
	.byte 0x2C, 0xF2, 0x13, 0x08, 0x20, 0x88, 0x01, 0x30, 0x20, 0x80, 0x63, 0xE1, 0xA8, 0x20, 0x40, 0x00
	.byte 0x40, 0x44, 0x00, 0x21, 0x40, 0x5E, 0x00, 0x28, 0x1E, 0xD1, 0x34, 0x48, 0x31, 0x1C, 0x14, 0x31
	.byte 0x72, 0x68, 0x00, 0x92, 0x05, 0x22, 0x00, 0x23, 0xC9, 0xF7, 0x56, 0xFE, 0xCC, 0x22, 0x52, 0x00
	.byte 0xB0, 0x18, 0xB6, 0xF7, 0xCF, 0xFB, 0x2E, 0x48, 0xF2, 0x68, 0x11, 0x1C, 0x10, 0x31, 0x52, 0x68
	.byte 0x00, 0x92, 0x01, 0x22, 0x00, 0x23, 0xC9, 0xF7, 0x47, 0xFE, 0xDE, 0x23, 0x5B, 0x00, 0xF2, 0x18
	.byte 0x11, 0x88, 0x28, 0x48, 0x08, 0x40, 0x10, 0x80, 0xD8, 0x24, 0x64, 0x00, 0x31, 0x19, 0x78, 0x68
	.byte 0x08, 0x60, 0xDA, 0x25, 0x6D, 0x00, 0x71, 0x19, 0xB8, 0x68, 0x08, 0x60, 0xDC, 0x20, 0x40, 0x00
	.byte 0x31, 0x18, 0xF8, 0x68, 0x08, 0x60, 0xCC, 0x21, 0x49, 0x00, 0x70, 0x18, 0xB6, 0xF7, 0x92, 0xFB
	.byte 0x00, 0x04, 0x00, 0x0C, 0x04, 0x28, 0x58, 0xDC, 0x02, 0x28, 0x56, 0xDB, 0x38, 0x1C, 0xE4, 0x30
	.byte 0x00, 0x68, 0xF4, 0x30, 0x00, 0x68, 0x08, 0x28, 0x0E, 0xD1, 0xF8, 0x8D, 0x00, 0x04, 0x2C, 0x22
	.byte 0xB9, 0x5E, 0x40, 0x14, 0x81, 0x42, 0x07, 0xDA, 0x13, 0x48, 0x00, 0x68, 0x92, 0x23, 0x5B, 0x00
	.byte 0xC0, 0x18, 0x80, 0x21, 0x89, 0x00, 0x01, 0x60, 0x78, 0x6B, 0xB9, 0x6B, 0x04, 0x22, 0x10, 0x40
	.byte 0x00, 0x21, 0x08, 0x43, 0x00, 0x28, 0x1D, 0xD0, 0x0C, 0x48, 0x79, 0x68, 0x0C, 0x4C, 0x09, 0x19
	.byte 0xBA, 0x68, 0xFB, 0x68, 0x1E, 0x24, 0x00, 0x94, 0x10, 0x24, 0x01, 0x94, 0x3C, 0x24, 0x02, 0x94
	.byte 0xC2, 0xF7, 0x82, 0xFD, 0x00, 0x28, 0x1E, 0xD1, 0x20, 0xE0, 0x00, 0x00, 0x2C, 0xF2, 0x13, 0x08
	.byte 0xCC, 0xF2, 0x13, 0x08, 0xFD, 0xFF, 0x00, 0x00, 0x84, 0x9B, 0x03, 0x02, 0x1F, 0x01, 0x00, 0x00
	.byte 0x00, 0xE2, 0xFF, 0xFF, 0x0F, 0x48, 0x79, 0x68, 0xF0, 0x25, 0x6D, 0x01, 0x49, 0x19, 0xBA, 0x68
	.byte 0xFB, 0x68, 0x1E, 0x24, 0x00, 0x94, 0x10, 0x24, 0x01, 0x94, 0x3C, 0x24, 0x02, 0x94, 0xC2, 0xF7
	.byte 0x63, 0xFD, 0x00, 0x28, 0x02, 0xD0, 0x08, 0x48, 0xD0, 0xF0, 0xDA, 0xFC, 0x07, 0x48, 0x00, 0x68
	.byte 0x92, 0x21, 0x49, 0x00, 0x40, 0x18, 0x00, 0x21, 0x01, 0x60, 0x40, 0x46, 0x14, 0x30, 0xFF, 0xF7
	.byte 0x5C, 0xFA, 0x00, 0x00, 0x1F, 0x01, 0x00, 0x00, 0xF9, 0x01, 0x00, 0x00, 0x84, 0x9B, 0x03, 0x02
	.byte 0xA8, 0x20, 0x40, 0x00, 0x40, 0x44, 0x00, 0x24, 0x00, 0x5F, 0x00, 0x28, 0x30, 0xD1, 0x1E, 0x48
	.byte 0x31, 0x1C, 0x14, 0x31, 0x72, 0x68, 0x00, 0x92, 0x03, 0x22, 0x00, 0x23, 0xC9, 0xF7, 0xB4, 0xFD
	.byte 0xCC, 0x25, 0x6D, 0x00, 0x70, 0x19, 0xB6, 0xF7, 0x2D, 0xFB, 0x18, 0x48, 0xF2, 0x68, 0x11, 0x1C
	.byte 0x10, 0x31, 0x52, 0x68, 0x00, 0x92, 0x04, 0x22, 0x00, 0x23, 0xC9, 0xF7, 0xA5, 0xFD, 0xDE, 0x20
	.byte 0x40, 0x00, 0x32, 0x18, 0x11, 0x88, 0x12, 0x48, 0x08, 0x40, 0x10, 0x80, 0xD8, 0x22, 0x52, 0x00
	.byte 0xB1, 0x18, 0x78, 0x68, 0x08, 0x60, 0xDA, 0x23, 0x5B, 0x00, 0xF1, 0x18, 0xB8, 0x68, 0x08, 0x60
	.byte 0xDC, 0x24, 0x64, 0x00, 0x31, 0x19, 0xF8, 0x68, 0x08, 0x60, 0xFD, 0x20, 0xD0, 0xF0, 0x90, 0xFC
	.byte 0xCC, 0x25, 0x6D, 0x00, 0x70, 0x19, 0xB6, 0xF7, 0xED, 0xFA, 0x00, 0x04, 0x00, 0x0C, 0x01, 0x28
	.byte 0x08, 0xD0, 0x02, 0x28, 0x12, 0xD0, 0x5A, 0xE0, 0x2C, 0xF2, 0x13, 0x08, 0xCC, 0xF2, 0x13, 0x08
	.byte 0xFD, 0xFF, 0x00, 0x00, 0xD1, 0x21, 0x49, 0x00, 0x70, 0x18, 0x00, 0x88, 0x00, 0x28, 0x4E, 0xD1
	.byte 0x01, 0x48, 0xD0, 0xF0, 0x75, 0xFC, 0x4A, 0xE0, 0x6E, 0x02, 0x00, 0x00, 0x38, 0x1C, 0xE4, 0x30
	.byte 0x00, 0x68, 0xF4, 0x30, 0x00, 0x68, 0x08, 0x28, 0x0E, 0xD1, 0xF8, 0x8D, 0x00, 0x04, 0x2C, 0x22
	.byte 0xB9, 0x5E, 0x40, 0x14, 0x81, 0x42, 0x07, 0xDA, 0x0F, 0x48, 0x00, 0x68, 0x92, 0x23, 0x5B, 0x00
	.byte 0xC0, 0x18, 0x80, 0x21, 0x89, 0x00, 0x01, 0x60, 0x78, 0x6B, 0xB9, 0x6B, 0x04, 0x22, 0x10, 0x40
	.byte 0x00, 0x21, 0x08, 0x43, 0x00, 0x28, 0x13, 0xD0, 0x8F, 0x20, 0x40, 0x00, 0x79, 0x68, 0x07, 0x4C
	.byte 0x09, 0x19, 0xBA, 0x68, 0xFB, 0x68, 0x18, 0x24, 0x00, 0x94, 0x10, 0x24, 0x01, 0x94, 0x3C, 0x24
	.byte 0x02, 0x94, 0xC2, 0xF7, 0xC9, 0xFC, 0x13, 0xE0, 0x84, 0x9B, 0x03, 0x02, 0x00, 0xE0, 0xFF, 0xFF
	.byte 0x8F, 0x20, 0x40, 0x00, 0x79, 0x68, 0x80, 0x25, 0xAD, 0x01, 0x49, 0x19, 0xBA, 0x68, 0xFB, 0x68
	.byte 0x18, 0x24, 0x00, 0x94, 0x10, 0x24, 0x01, 0x94, 0x3C, 0x24, 0x02, 0x94, 0xC2, 0xF7, 0xB4, 0xFC
	.byte 0x10, 0x48, 0x00, 0x68, 0x92, 0x21, 0x49, 0x00, 0x40, 0x18, 0x00, 0x21, 0x01, 0x60, 0x40, 0x46
	.byte 0x14, 0x30, 0xB6, 0xF7, 0x7B, 0xFA, 0x00, 0x06, 0x00, 0x28, 0x15, 0xD0, 0xDE, 0x23, 0x5B, 0x00
	.byte 0xF2, 0x18, 0x11, 0x88, 0x02, 0x20, 0x00, 0x24, 0x08, 0x43, 0x10, 0x80, 0x38, 0x1C, 0xCB, 0xF7
	.byte 0x63, 0xFC, 0xB8, 0x20, 0x40, 0x00, 0x40, 0x44, 0x04, 0x60, 0xA8, 0x20, 0x40, 0x00, 0x40, 0x44
	.byte 0x04, 0x80, 0x07, 0xE0, 0x84, 0x9B, 0x03, 0x02, 0xA8, 0x21, 0x49, 0x00, 0x41, 0x44, 0x08, 0x88
	.byte 0x01, 0x30, 0x08, 0x80
_0804F664:
	.byte 0x78, 0x6B, 0xB9, 0x6B, 0x80, 0x22, 0x92, 0x01, 0x10, 0x40, 0x00, 0x21, 0x08, 0x43, 0x00, 0x28
	.byte 0x0B, 0xD1, 0x38, 0x1C, 0xE8, 0x30, 0x00, 0x68, 0x02, 0x28, 0x06, 0xD0, 0xE2, 0x24, 0x64, 0x00
	.byte 0x30, 0x19, 0x01, 0x68, 0x40, 0x46, 0xFE, 0xF7, 0x97, 0xFE, 0xE5, 0x25, 0x6D, 0x00, 0x70, 0x19
	.byte 0x01, 0x88, 0x02, 0x20, 0x08, 0x40, 0x00, 0x28, 0x0E, 0xD0, 0xF0, 0x21, 0x49, 0x00, 0x70, 0x18
	.byte 0xB6, 0xF7, 0xDE, 0xF9, 0xFC, 0x22, 0x52, 0x00, 0xB0, 0x18, 0xB6, 0xF7, 0xD9, 0xF9, 0x84, 0x23
	.byte 0x9B, 0x00, 0xF0, 0x18, 0xB6, 0xF7, 0xD4, 0xF9, 0x40, 0x46, 0xBE, 0xF7, 0x97, 0xFF, 0x00, 0x06
	.byte 0x00, 0x0E, 0x09, 0xB0, 0x38, 0xBC, 0x98, 0x46, 0xA1, 0x46, 0xAA, 0x46, 0xF0, 0xBC, 0x02, 0xBC
	.byte 0x08, 0x47, 0x00, 0x00
	thumb_func_start task_hum_hades_2
task_hum_hades_2: @ 0804F6D8
	push {r4, r5, r6, r7, lr}
	mov r7, r10
	mov r6, r9
	mov r5, r8
	push {r5, r6, r7}
	add sp, #-0x020
	adds r7, r0, #0x0
	bl func_0800EFE8
	movs r1, #0xE5
	lsls r1, r1, #0x01
	adds r0, r7, r1
	ldrh r1, [r0, #0x00]
	movs r0, #0x02
	ands r0, r1
	cmp r0, #0x00
	bne _0804F6FC
	b _0804F894
_0804F6FC:
	adds r2, r7, #0x0
	adds r2, #0x40
	str r2, [sp, #0x014]
	movs r3, #0x12
	add r3, sp
	mov r10, r3
	movs r4, #0x8A
	lsls r4, r4, #0x02
	adds r4, r7, r4
	str r4, [sp, #0x01C]
	movs r0, #0x8B
	lsls r0, r0, #0x02
	adds r6, r7, r0
	movs r1, #0x01
	str r1, [sp, #0x018]
_0804F71A:
	ldr r0, [r6, #0x00]
	bl func_0801AF1C
	lsls r0, r0, #0x10
	lsrs r0, r0, #0x10
	mov r8, r0
	movs r2, #0x9F
	lsls r2, r2, #0x02
	adds r0, r7, r2
	ldr r3, [r0, #0x00]
	movs r0, #0x80
	lsls r0, r0, #0x01
	cmp r3, r0
	bne _0804F752
	ldr r4, [sp, #0x014]
	ldr r0, [r4, #0x34]
	ldr r1, [r4, #0x38]
	movs r2, #0x04
	ands r0, r2
	movs r1, #0x00
	orrs r0, r1
	cmp r0, #0x00
	bne _0804F766
	movs r0, #0x01
	mov r1, r8
	orrs r1, r0
	mov r8, r1
	b _0804F766
_0804F752:
	ldr r2, [sp, #0x014]
	ldr r0, [r2, #0x34]
	ldr r1, [r2, #0x38]
	movs r2, #0x04
	ands r0, r2
	movs r1, #0x00
	orrs r0, r1
	negs r1, r3
	cmp r0, #0x00
	bne _0804F768
_0804F766:
	adds r1, r3, #0x0
_0804F768:
	movs r3, #0x9F
	lsls r3, r3, #0x02
	adds r0, r7, r3
	ldr r2, [r0, #0x00]
	movs r0, #0x00
	movs r3, #0x00
	bl func_08002CB4
	mov r9, r0
	movs r4, #0xF0
	lsls r4, r4, #0x01
	adds r0, r7, r4
	bl func_08005AFC
	adds r5, r0, #0x0
	ldr r2, [r6, #0x04]
	ldr r3, [r6, #0x08]
	ldr r0, [r6, #0x0C]
	str r0, [sp, #0x000]
	add r0, sp, #0x010
	mov r1, r10
	bl func_0801909C
	add r0, sp, #0x010
	movs r1, #0x00
	ldsh r0, [r0, r1]
	mov r2, r10
	movs r3, #0x00
	ldsh r1, [r2, r3]
	subs r4, #0x0C
	adds r2, r7, r4
	ldr r3, [r2, #0x00]
	ldr r4, [sp, #0x01C]
	ldr r2, [r4, #0x00]
	str r2, [sp, #0x000]
	mov r2, r9
	str r2, [sp, #0x004]
	mov r4, r8
	str r4, [sp, #0x008]
	ldr r4, [r6, #0x00]
	asrs r4, r4, #0x08
	lsls r4, r4, #0x02
	mov r12, r4
	ldr r4, _0804F8A4 @ =0xFFFFEFFB
	adds r2, r4, #0x0
	mov r4, r12
	subs r2, r2, r4
	lsls r2, r2, #0x10
	lsrs r2, r2, #0x10
	str r2, [sp, #0x00C]
	adds r2, r5, #0x0
	bl func_080023E0
	movs r1, #0xFC
	lsls r1, r1, #0x01
	adds r0, r7, r1
	bl func_08005AFC
	adds r5, r0, #0x0
	ldr r2, [r6, #0x10]
	ldr r3, [r6, #0x14]
	ldr r0, [r6, #0x18]
	str r0, [sp, #0x000]
	add r0, sp, #0x010
	mov r1, r10
	bl func_0801909C
	add r0, sp, #0x010
	movs r2, #0x00
	ldsh r0, [r0, r2]
	mov r3, r10
	movs r4, #0x00
	ldsh r1, [r3, r4]
	movs r3, #0xEC
	lsls r3, r3, #0x01
	adds r2, r7, r3
	ldr r3, [r2, #0x00]
	ldr r4, [sp, #0x01C]
	ldr r2, [r4, #0x00]
	str r2, [sp, #0x000]
	mov r2, r9
	str r2, [sp, #0x004]
	mov r4, r8
	str r4, [sp, #0x008]
	ldr r4, [r6, #0x00]
	asrs r4, r4, #0x08
	lsls r4, r4, #0x02
	mov r12, r4
	ldr r4, _0804F8A8 @ =0xFFFFEFFA
	adds r2, r4, #0x0
	mov r4, r12
	subs r2, r2, r4
	lsls r2, r2, #0x10
	lsrs r2, r2, #0x10
	str r2, [sp, #0x00C]
	adds r2, r5, #0x0
	bl func_080023E0
	movs r1, #0x84
	lsls r1, r1, #0x02
	adds r0, r7, r1
	bl func_08005AFC
	adds r5, r0, #0x0
	ldr r2, [r6, #0x1C]
	ldr r3, [r6, #0x20]
	ldr r0, [r6, #0x24]
	str r0, [sp, #0x000]
	add r0, sp, #0x010
	mov r1, r10
	bl func_0801909C
	add r0, sp, #0x010
	movs r2, #0x00
	ldsh r0, [r0, r2]
	mov r3, r10
	movs r4, #0x00
	ldsh r1, [r3, r4]
	movs r3, #0xEE
	lsls r3, r3, #0x01
	adds r2, r7, r3
	ldr r3, [r2, #0x00]
	ldr r4, [sp, #0x01C]
	ldr r2, [r4, #0x00]
	str r2, [sp, #0x000]
	mov r2, r9
	str r2, [sp, #0x004]
	mov r4, r8
	str r4, [sp, #0x008]
	ldr r4, [r6, #0x00]
	asrs r4, r4, #0x08
	lsls r4, r4, #0x02
	mov r8, r4
	ldr r4, _0804F8AC @ =0xFFFFEFF9
	adds r2, r4, #0x0
	mov r4, r8
	subs r2, r2, r4
	lsls r2, r2, #0x10
	lsrs r2, r2, #0x10
	str r2, [sp, #0x00C]
	adds r2, r5, #0x0
	bl func_080023E0
	adds r6, #0x28
	ldr r0, [sp, #0x018]
	subs r0, #0x01
	str r0, [sp, #0x018]
	cmp r0, #0x00
	blt _0804F894
	b _0804F71A
_0804F894:
	add sp, #0x020
	pop {r3, r4, r5}
	mov r8, r3
	mov r9, r4
	mov r10, r5
	pop {r4, r5, r6, r7}
	pop {r0}
	bx r0
_0804F8A4: .4byte 0xFFFFEFFB
_0804F8A8: .4byte 0xFFFFEFFA
_0804F8AC: .4byte 0xFFFFEFF9
	thumb_func_start task_hum_hades_3
task_hum_hades_3: @ 0804F8B0
	push {r4, lr}
	adds r4, r0, #0x0
	movs r1, #0xEA
	lsls r1, r1, #0x01
	adds r0, r4, r1
	ldr r0, [r0, #0x00]
	bl func_080028C0
	movs r1, #0xEC
	lsls r1, r1, #0x01
	adds r0, r4, r1
	ldr r0, [r0, #0x00]
	bl func_080028C0
	movs r1, #0xEE
	lsls r1, r1, #0x01
	adds r0, r4, r1
	ldr r0, [r0, #0x00]
	bl func_080028C0
	movs r1, #0x8A
	lsls r1, r1, #0x02
	adds r0, r4, r1
	ldr r0, [r0, #0x00]
	bl func_08002C10
	adds r0, r4, #0x0
	bl func_0800E380
	pop {r4}
	pop {r0}
	bx r0
	thumb_func_start func_0804F8F0
func_0804F8F0: @ 0804F8F0
	push {r4, r5, r6, r7, lr}
	add sp, #-0x004
	adds r7, r0, #0x0
	lsls r1, r1, #0x10
	lsrs r6, r1, #0x10
	adds r4, r7, #0x0
	adds r5, r4, #0x0
	adds r5, #0x40
	adds r0, r5, #0x0
	mov r1, sp
	movs r2, #0x00
	movs r3, #0x00
	bl func_0801C700
	ldr r0, [r5, #0x34]
	ldr r1, [r5, #0x38]
	movs r2, #0x04
	ands r0, r2
	movs r1, #0x00
	orrs r0, r1
	cmp r0, #0x00
	beq _0804F92C
	movs r0, #0xAE
	lsls r0, r0, #0x01
	adds r2, r4, r0
	lsls r1, r6, #0x10
	asrs r1, r1, #0x08
	ldr r0, [r5, #0x04]
	subs r0, r0, r1
	b _0804F93A
_0804F92C:
	movs r0, #0xAE
	lsls r0, r0, #0x01
	adds r2, r4, r0
	lsls r1, r6, #0x10
	asrs r1, r1, #0x08
	ldr r0, [r5, #0x04]
	adds r0, r0, r1
_0804F93A:
	str r0, [r2, #0x00]
	movs r2, #0xB8
	lsls r2, r2, #0x01
	adds r1, r4, r2
	movs r0, #0x14
	str r0, [r1, #0x00]
	movs r0, #0xA8
	lsls r0, r0, #0x01
	adds r1, r4, r0
	movs r0, #0x00
	strh r0, [r1, #0x00]
	adds r2, #0x54
	adds r1, r7, r2
	ldr r0, _0804F974 @ =0xFFFFFD00
	str r0, [r1, #0x00]
	ldr r1, [r5, #0x08]
	ldr r0, [sp, #0x000]
	cmp r1, r0
	bge _0804F97C
	movs r0, #0xB0
	lsls r0, r0, #0x01
	adds r1, r4, r0
	ldr r0, _0804F978 @ =0x02039B84
	ldr r0, [r0, #0x00]
	adds r0, #0xDE
	movs r2, #0x00
	ldsh r0, [r0, r2]
	adds r0, #0x10
	b _0804F98E
_0804F974: .4byte 0xFFFFFD00
_0804F978: .4byte 0x02039B84
_0804F97C:
	movs r0, #0xB0
	lsls r0, r0, #0x01
	adds r1, r4, r0
	ldr r0, _0804F99C @ =0x02039B84
	ldr r0, [r0, #0x00]
	adds r0, #0xE0
	movs r2, #0x00
	ldsh r0, [r0, r2]
	subs r0, #0x10
_0804F98E:
	lsls r0, r0, #0x08
	str r0, [r1, #0x00]
	add sp, #0x004
	pop {r4, r5, r6, r7}
	pop {r0}
	bx r0
	.byte 0x00, 0x00
_0804F99C: .4byte 0x02039B84
	thumb_func_start func_0804F9A0
func_0804F9A0: @ 0804F9A0
	mov r12, r0
	movs r0, #0xAE
	lsls r0, r0, #0x01
	add r0, r12
	str r1, [r0, #0x00]
	movs r0, #0xE4
	lsls r0, r0, #0x01
	add r0, r12
	movs r3, #0x00
	strh r2, [r0, #0x00]
	movs r1, #0xB8
	lsls r1, r1, #0x01
	add r1, r12
	movs r0, #0x13
	str r0, [r1, #0x00]
	movs r0, #0xA8
	lsls r0, r0, #0x01
	add r0, r12
	strh r3, [r0, #0x00]
	bx lr
	thumb_func_start func_0804F9C8
func_0804F9C8: @ 0804F9C8
	push {r4, r5, r6, lr}
	add sp, #-0x004
	adds r4, r0, #0x0
	ldr r5, _0804FA1C @ =0x02039B84
	ldr r0, [r5, #0x00]
	ldr r6, [r0, #0x7C]
	adds r0, r4, #0x0
	adds r0, #0x40
	mov r1, sp
	movs r2, #0x00
	movs r3, #0x00
	bl func_0801C700
	adds r0, r4, #0x0
	movs r1, #0x01
	bl func_0800F368
	movs r3, #0x80
	lsls r3, r3, #0x01
	adds r0, r4, #0x0
	adds r1, r3, #0x0
	adds r2, r3, #0x0
	bl func_0800F504
	lsls r0, r0, #0x18
	cmp r0, #0x00
	beq _0804FA66
	ldr r0, [r5, #0x00]
	ldr r1, [r0, #0x6C]
	ldr r0, [r0, #0x68]
	movs r2, #0x80
	lsls r2, r2, #0x08
	ands r0, r2
	movs r1, #0x00
	orrs r0, r1
	cmp r0, #0x00
	beq _0804FA20
	subs r1, #0x80
	adds r0, r4, #0x0
	bl func_0804F8F0
	b _0804FA62
_0804FA1C: .4byte 0x02039B84
_0804FA20:
	bl func_080065A4
	movs r1, #0x01
	ands r1, r0
	cmp r1, #0x00
	beq _0804FA58
	ldr r0, [r6, #0x34]
	ldr r1, [r6, #0x38]
	movs r2, #0x04
	ands r0, r2
	movs r1, #0x00
	orrs r0, r1
	cmp r0, #0x00
	beq _0804FA44
	ldr r1, [sp, #0x000]
	movs r0, #0xA0
	lsls r0, r0, #0x06
	b _0804FA48
_0804FA44:
	ldr r1, [sp, #0x000]
	ldr r0, _0804FA54 @ =0xFFFFD800
_0804FA48:
	adds r1, r1, r0
	adds r0, r4, #0x0
	movs r2, #0x30
	bl func_0804F9A0
	b _0804FA62
_0804FA54: .4byte 0xFFFFD800
_0804FA58:
	movs r1, #0x80
	negs r1, r1
	adds r0, r4, #0x0
	bl func_0804F8F0
_0804FA62:
	movs r0, #0x01
	b _0804FA68
_0804FA66:
	movs r0, #0x00
_0804FA68:
	add sp, #0x004
	pop {r4, r5, r6}
	pop {r1}
	bx r1
	thumb_func_start func_0804FA70
func_0804FA70: @ 0804FA70
	push {r4, r5, lr}
	mov r12, r0
	adds r3, r1, #0x0
	mov r1, r12
	adds r1, #0x40
	ldr r0, [r1, #0x04]
	str r0, [r3, #0x00]
	ldr r0, [r1, #0x08]
	str r0, [r3, #0x04]
	ldr r0, [r1, #0x0C]
	str r0, [r3, #0x08]
	ldr r0, [r1, #0x34]
	ldr r1, [r1, #0x38]
	movs r2, #0x04
	ands r0, r2
	movs r1, #0x00
	orrs r0, r1
	cmp r0, #0x00
	beq _0804FA9E
	ldrh r1, [r3, #0x0C]
	movs r0, #0x01
	orrs r0, r1
	b _0804FAA4
_0804FA9E:
	ldrh r1, [r3, #0x0C]
	ldr r0, _0804FACC @ =0x0000FFFE
	ands r0, r1
_0804FAA4:
	strh r0, [r3, #0x0C]
	adds r1, r3, #0x0
	adds r1, #0x10
	mov r0, r12
	adds r0, #0x14
	ldm r0!, {r2, r4, r5}
	stm r1!, {r2, r4, r5}
	ldm r0!, {r2, r4, r5}
	stm r1!, {r2, r4, r5}
	mov r1, r12
	ldr r0, [r1, #0x04]
	ldr r0, [r0, #0x00]
	str r0, [r3, #0x28]
	ldr r0, _0804FAD0 @ =0x02039B84
	ldr r0, [r0, #0x00]
	ldr r0, [r0, #0x24]
	str r0, [r3, #0x2C]
	pop {r4, r5}
	pop {r0}
	bx r0
_0804FACC: .4byte 0x0000FFFE
_0804FAD0: .4byte 0x02039B84
	thumb_func_start func_0804FAD4
func_0804FAD4: @ 0804FAD4
	push {r4, r5, r6, r7, lr}
	mov r7, r10
	mov r6, r9
	mov r5, r8
	push {r5, r6, r7}
	add sp, #-0x018
	adds r5, r0, #0x0
	adds r6, r1, #0x0
	ldr r0, [r5, #0x0C]
	mov r10, r0
	adds r0, r6, #0x0
	adds r0, #0x10
	bl func_08005AFC
	str r0, [sp, #0x014]
	adds r4, r5, #0x0
	adds r4, #0x40
	bl func_080128EC
	lsls r0, r0, #0x18
	cmp r0, #0x00
	bne _0804FB20
	ldr r1, _0804FB18 @ =0x03007554
	movs r2, #0xF1
	lsls r2, r2, #0x04
	adds r0, r2, #0x0
	strh r0, [r1, #0x00]
	movs r0, #0x04
	movs r1, #0x0E
	bl func_08005810
	ldr r3, _0804FB1C @ =0x00000804
	mov r8, r3
	b _0804FB2C
_0804FB18: .4byte 0x03007554
_0804FB1C: .4byte 0x00000804
_0804FB20:
	ldr r0, [r4, #0x08]
	bl func_0801AF1C
	lsls r0, r0, #0x10
	lsrs r0, r0, #0x10
	mov r8, r0
_0804FB2C:
	ldrh r1, [r6, #0x0C]
	movs r0, #0x01
	ands r0, r1
	cmp r0, #0x00
	beq _0804FB3C
	ldr r2, [r6, #0x2C]
	adds r1, r2, #0x0
	b _0804FB5C
_0804FB3C:
	ldr r2, [r6, #0x2C]
	movs r0, #0x80
	lsls r0, r0, #0x01
	cmp r2, r0
	bne _0804FB52
	adds r1, r2, #0x0
	movs r0, #0x01
	mov r3, r8
	orrs r3, r0
	mov r8, r3
	b _0804FB5C
_0804FB52:
	ldr r0, _0804FB6C @ =0x02039B84
	ldr r0, [r0, #0x00]
	ldr r0, [r0, #0x24]
	negs r1, r0
	adds r2, r0, #0x0
_0804FB5C:
	movs r0, #0x80
	lsls r0, r0, #0x01
	cmp r2, r0
	bne _0804FB70
	cmp r1, r2
	bne _0804FB70
	movs r7, #0x00
	b _0804FB84
_0804FB6C: .4byte 0x02039B84
_0804FB70:
	cmp r2, #0xFF
	bgt _0804FB7A
	movs r0, #0x00
	movs r3, #0x00
	b _0804FB7E
_0804FB7A:
	movs r0, #0x00
	movs r3, #0x01
_0804FB7E:
	bl func_08002CB4
	adds r7, r0, #0x0
_0804FB84:
	ldr r0, _0804FBD8 @ =0x0000FFF0
	mov r9, r0
	mov r4, sp
	adds r4, #0x12
	ldr r2, [r6, #0x00]
	ldr r3, [r6, #0x04]
	ldr r0, [r6, #0x08]
	str r0, [sp, #0x000]
	add r0, sp, #0x010
	adds r1, r4, #0x0
	bl func_0801909C
	mov r1, r10
	ldr r0, [r1, #0x04]
	ldr r1, [r6, #0x28]
	bl func_08002A10
	add r0, sp, #0x010
	movs r2, #0x00
	ldsh r0, [r0, r2]
	movs r3, #0x00
	ldsh r1, [r4, r3]
	mov r2, r10
	ldr r3, [r2, #0x04]
	ldr r2, [r5, #0x08]
	str r2, [sp, #0x000]
	str r7, [sp, #0x004]
	mov r2, r8
	str r2, [sp, #0x008]
	mov r2, r9
	str r2, [sp, #0x00C]
	ldr r2, [sp, #0x014]
	bl func_080023E0
	add sp, #0x018
	pop {r3, r4, r5}
	mov r8, r3
	mov r9, r4
	mov r10, r5
	pop {r4, r5, r6, r7}
	pop {r0}
	bx r0
_0804FBD8: .4byte 0x0000FFF0
	.byte 0x10, 0xB5, 0x84, 0x46, 0x0C, 0x1C, 0x00, 0x2C, 0x18, 0xD0, 0x63, 0x46, 0x40, 0x33, 0x0D, 0x4A
	.byte 0x0D, 0x48, 0x00, 0x68, 0x80, 0x00, 0xFF, 0x21, 0x08, 0x40, 0x40, 0x00, 0x80, 0x18, 0x00, 0x22
	.byte 0x81, 0x5E, 0x48, 0x00, 0x40, 0x18, 0x20, 0x18, 0xAC, 0x22, 0x52, 0x00, 0x62, 0x44, 0x00, 0x21
	.byte 0x11, 0x60, 0xD9, 0x68, 0x40, 0x1A, 0x00, 0x11, 0x09, 0x18, 0xD9, 0x60, 0x10, 0xBC, 0x01, 0xBC
	.byte 0x00, 0x47, 0x00, 0x00, 0x00, 0x14, 0x12, 0x08, 0x80, 0x74, 0x00, 0x03
	thumb_func_start task_hum_mahluxia_0
task_hum_mahluxia_0: @ 0804FC28
	push {r4, r5, r6, lr}
	add sp, #-0x004
	adds r5, r0, #0x0
	ldr r1, _0804FD68 @ =0x0813F450
	bl func_0800E168
	movs r0, #0xC4
	lsls r0, r0, #0x01
	adds r1, r5, r0
	ldr r2, _0804FD6C @ =0x0813F448
	adds r0, r5, #0x0
	bl func_0800E314
	movs r1, #0xE8
	lsls r1, r1, #0x01
	adds r0, r5, r1
	movs r3, #0x00
	strh r3, [r0, #0x00]
	movs r2, #0xE2
	lsls r2, r2, #0x01
	adds r1, r5, r2
	ldr r0, _0804FD70 @ =0xFFFFFD00
	str r0, [r1, #0x00]
	movs r6, #0xDE
	lsls r6, r6, #0x01
	adds r2, r5, r6
	ldrh r1, [r2, #0x00]
	movs r0, #0x03
	orrs r0, r1
	strh r0, [r2, #0x00]
	movs r1, #0xEC
	lsls r1, r1, #0x01
	adds r0, r5, r1
	strh r3, [r0, #0x00]
	ldr r0, _0804FD74 @ =0x0813F368
	adds r1, r5, #0x0
	adds r1, #0x14
	ldr r2, [r5, #0x04]
	str r2, [sp, #0x000]
	movs r2, #0x00
	movs r3, #0x01
	bl func_08019068
	movs r2, #0xEE
	lsls r2, r2, #0x01
	adds r4, r5, r2
	adds r0, r5, #0x0
	adds r1, r4, #0x0
	bl func_0804FA70
	movs r3, #0x83
	lsls r3, r3, #0x02
	adds r1, r5, r3
	adds r0, r4, #0x0
	ldm r0!, {r2, r3, r6}
	stm r1!, {r2, r3, r6}
	ldm r0!, {r2, r3, r6}
	stm r1!, {r2, r3, r6}
	ldm r0!, {r2, r3, r6}
	stm r1!, {r2, r3, r6}
	ldm r0!, {r2, r3, r6}
	stm r1!, {r2, r3, r6}
	movs r6, #0x8F
	lsls r6, r6, #0x02
	adds r1, r5, r6
	adds r0, r4, #0x0
	ldm r0!, {r2, r3, r6}
	stm r1!, {r2, r3, r6}
	ldm r0!, {r2, r3, r6}
	stm r1!, {r2, r3, r6}
	ldm r0!, {r2, r3, r6}
	stm r1!, {r2, r3, r6}
	ldm r0!, {r2, r3, r6}
	stm r1!, {r2, r3, r6}
	movs r0, #0x9B
	lsls r0, r0, #0x02
	adds r1, r5, r0
	adds r0, r4, #0x0
	ldm r0!, {r2, r3, r6}
	stm r1!, {r2, r3, r6}
	ldm r0!, {r2, r3, r6}
	stm r1!, {r2, r3, r6}
	ldm r0!, {r2, r3, r6}
	stm r1!, {r2, r3, r6}
	ldm r0!, {r2, r3, r6}
	stm r1!, {r2, r3, r6}
	movs r0, #0xA7
	lsls r0, r0, #0x02
	adds r1, r5, r0
	adds r0, r4, #0x0
	ldm r0!, {r2, r3, r6}
	stm r1!, {r2, r3, r6}
	ldm r0!, {r2, r3, r6}
	stm r1!, {r2, r3, r6}
	ldm r0!, {r2, r3, r6}
	stm r1!, {r2, r3, r6}
	ldm r0!, {r2, r3, r6}
	stm r1!, {r2, r3, r6}
	movs r0, #0xB3
	lsls r0, r0, #0x02
	adds r1, r5, r0
	adds r0, r4, #0x0
	ldm r0!, {r2, r3, r6}
	stm r1!, {r2, r3, r6}
	ldm r0!, {r2, r3, r6}
	stm r1!, {r2, r3, r6}
	ldm r0!, {r2, r3, r6}
	stm r1!, {r2, r3, r6}
	ldm r0!, {r2, r3, r6}
	stm r1!, {r2, r3, r6}
	movs r0, #0xBF
	lsls r0, r0, #0x02
	adds r1, r5, r0
	adds r0, r4, #0x0
	ldm r0!, {r2, r3, r6}
	stm r1!, {r2, r3, r6}
	ldm r0!, {r2, r3, r6}
	stm r1!, {r2, r3, r6}
	ldm r0!, {r2, r3, r6}
	stm r1!, {r2, r3, r6}
	ldm r0!, {r2, r3, r6}
	stm r1!, {r2, r3, r6}
	movs r0, #0xCB
	lsls r0, r0, #0x02
	adds r1, r5, r0
	adds r0, r4, #0x0
	ldm r0!, {r2, r3, r6}
	stm r1!, {r2, r3, r6}
	ldm r0!, {r2, r3, r6}
	stm r1!, {r2, r3, r6}
	ldm r0!, {r2, r3, r6}
	stm r1!, {r2, r3, r6}
	ldm r0!, {r2, r3, r6}
	stm r1!, {r2, r3, r6}
	movs r1, #0xD7
	lsls r1, r1, #0x02
	adds r0, r5, r1
	ldm r4!, {r2, r3, r6}
	stm r0!, {r2, r3, r6}
	ldm r4!, {r1, r2, r3}
	stm r0!, {r1, r2, r3}
	ldm r4!, {r1, r2, r6}
	stm r0!, {r1, r2, r6}
	ldm r4!, {r1, r3, r6}
	stm r0!, {r1, r3, r6}
	movs r2, #0xE4
	lsls r2, r2, #0x02
	adds r0, r5, r2
	movs r1, #0x16
	bl func_08000E64
	movs r3, #0xC2
	lsls r3, r3, #0x01
	adds r1, r5, r3
	ldr r0, _0804FD78 @ =0x0813F35C
	str r0, [r1, #0x00]
	add sp, #0x004
	pop {r4, r5, r6}
	pop {r0}
	bx r0
_0804FD68: .4byte 0x0813F450
_0804FD6C: .4byte 0x0813F448
_0804FD70: .4byte 0xFFFFFD00
_0804FD74: .4byte 0x0813F368
_0804FD78: .4byte 0x0813F35C
	thumb_func_start func_0804FD7C
func_0804FD7C: @ 0804FD7C
	push {r4, r5, lr}
	add sp, #-0x020
	adds r5, r0, #0x0
	adds r4, r5, #0x0
	adds r4, #0x40
	ldr r0, _0804FE18 @ =0x03007480
	ldr r0, [r0, #0x00]
	movs r1, #0x05
	bl func_0811D7CC
	cmp r0, #0x00
	bne _0804FE0E
	ldr r0, [r4, #0x04]
	str r0, [sp, #0x000]
	ldr r0, [r4, #0x08]
	str r0, [sp, #0x004]
	adds r0, r5, #0x0
	adds r0, #0xE2
	movs r2, #0x00
	ldsh r1, [r0, r2]
	lsls r1, r1, #0x08
	ldr r0, [r4, #0x0C]
	subs r0, r0, r1
	str r0, [sp, #0x008]
	bl func_080065A4
	lsls r0, r0, #0x10
	lsrs r0, r0, #0x10
	movs r1, #0x41
	bl func_0811D7CC
	lsls r0, r0, #0x10
	lsrs r0, r0, #0x08
	ldr r1, _0804FE1C @ =0xFFFFE000
	adds r0, r0, r1
	ldr r1, [sp, #0x000]
	adds r1, r1, r0
	str r1, [sp, #0x000]
	bl func_080065A4
	lsls r0, r0, #0x10
	lsrs r0, r0, #0x10
	movs r1, #0x21
	bl func_0811D7CC
	lsls r0, r0, #0x10
	lsrs r0, r0, #0x08
	ldr r2, _0804FE20 @ =0xFFFFF000
	adds r0, r0, r2
	ldr r1, [sp, #0x004]
	adds r1, r1, r0
	str r1, [sp, #0x004]
	bl func_080065A4
	lsls r0, r0, #0x10
	lsrs r0, r0, #0x10
	movs r1, #0x29
	bl func_0811D7CC
	lsls r0, r0, #0x10
	lsrs r0, r0, #0x08
	ldr r1, _0804FE20 @ =0xFFFFF000
	adds r0, r0, r1
	ldr r1, [sp, #0x008]
	adds r1, r1, r0
	str r1, [sp, #0x008]
	movs r2, #0xE4
	lsls r2, r2, #0x02
	adds r0, r5, r2
	ldr r1, _0804FE24 @ =0x09EDB788
	mov r2, sp
	bl func_08000E14
_0804FE0E:
	add sp, #0x020
	pop {r4, r5}
	pop {r0}
	bx r0
	.byte 0x00, 0x00
_0804FE18: .4byte 0x03007480
_0804FE1C: .4byte 0xFFFFE000
_0804FE20: .4byte 0xFFFFF000
_0804FE24: .4byte 0x09EDB788
	thumb_func_start task_hum_mahluxia_1
task_hum_mahluxia_1: @ 0804FE28
	push {r4, r5, r6, r7, lr}
	mov r7, r10
	mov r6, r9
	mov r5, r8
	push {r5, r6, r7}
	add sp, #-0x018
	adds r7, r0, #0x0
	adds r6, r7, #0x0
	movs r0, #0x40
	adds r0, r0, r7
	mov r8, r0
	add r2, sp, #0x010
	add r3, sp, #0x014
	add r1, sp, #0x00C
	bl func_0801C700
	movs r1, #0xE8
	lsls r1, r1, #0x01
	adds r2, r7, r1
	ldrh r1, [r2, #0x00]
	ldr r0, _0804FE90 @ =0x0000FFFD
	ands r0, r1
	movs r4, #0x00
	strh r0, [r2, #0x00]
	adds r0, r7, #0x0
	bl _0800E434
	cmp r0, #0x04
	beq _0804FEE8
	cmp r0, #0x05
	bne _0804FEF6
	movs r2, #0xA8
	lsls r2, r2, #0x01
	adds r0, r7, r2
	strh r4, [r0, #0x00]
	movs r3, #0xE2
	lsls r3, r3, #0x01
	adds r0, r7, r3
	str r4, [r0, #0x00]
	adds r0, r7, #0x0
	bl _0800F84C
	adds r1, r0, #0x0
	cmp r1, #0x27
	bhi _0804FE94
	cmp r1, #0x26
	bcs _0804FEC4
	cmp r1, #0x24
	beq _0804FEAC
	cmp r1, #0x25
	beq _0804FEB8
	b _0804FEF6
_0804FE90: .4byte 0x0000FFFD
_0804FE94:
	ldr r0, _0804FEA4 @ =0xF71D9F71
	cmp r1, r0
	beq _0804FED0
	ldr r0, _0804FEA8 @ =0xF7BDC767
	cmp r1, r0
	beq _0804FEDC
	b _0804FEF6
	.byte 0x00, 0x00
_0804FEA4: .4byte 0xF71D9F71
_0804FEA8: .4byte 0xF7BDC767
_0804FEAC:
	movs r4, #0xB8
	lsls r4, r4, #0x01
	adds r1, r7, r4
	movs r0, #0x15
	str r0, [r1, #0x00]
	b _0804FEF6
_0804FEB8:
	movs r0, #0xB8
	lsls r0, r0, #0x01
	adds r1, r7, r0
	movs r0, #0x1B
	str r0, [r1, #0x00]
	b _0804FEF6
_0804FEC4:
	movs r2, #0xB8
	lsls r2, r2, #0x01
	adds r1, r7, r2
	movs r0, #0x1C
	str r0, [r1, #0x00]
	b _0804FEF6
_0804FED0:
	movs r3, #0xB8
	lsls r3, r3, #0x01
	adds r1, r7, r3
	movs r0, #0x1A
	str r0, [r1, #0x00]
	b _0804FEF6
_0804FEDC:
	movs r4, #0xB8
	lsls r4, r4, #0x01
	adds r1, r7, r4
	movs r0, #0x16
	str r0, [r1, #0x00]
	b _0804FEF6
_0804FEE8:
	movs r1, #0xDE
	lsls r1, r1, #0x01
	adds r0, r7, r1
	ldrh r1, [r0, #0x00]
	movs r2, #0x02
	orrs r1, r2
	strh r1, [r0, #0x00]
_0804FEF6:
	movs r0, #0x18
	str r0, [sp, #0x000]
	adds r0, r7, #0x0
	movs r1, #0x04
	movs r2, #0x28
	movs r3, #0x28
	bl func_0800F5A4
	lsls r0, r0, #0x18
	cmp r0, #0x00
	beq _0804FF36
	bl func_080065A4
	lsls r0, r0, #0x10
	lsrs r0, r0, #0x10
	movs r1, #0x01
	ands r0, r1
	cmp r0, #0x00
	beq _0804FF2C
	movs r2, #0xC2
	lsls r2, r2, #0x01
	adds r1, r7, r2
	ldr r0, _0804FF28 @ =0x0813F35C
	b _0804FF34
	.byte 0x00, 0x00
_0804FF28: .4byte 0x0813F35C
_0804FF2C:
	movs r3, #0xC2
	lsls r3, r3, #0x01
	adds r1, r7, r3
	ldr r0, _0804FF50 @ =0x0813F350
_0804FF34:
	str r0, [r1, #0x00]
_0804FF36:
	movs r4, #0xB8
	lsls r4, r4, #0x01
	adds r0, r7, r4
	ldr r0, [r0, #0x00]
	cmp r0, #0x1E
	bls _0804FF46
	bl _08050CC4
_0804FF46:
	lsls r0, r0, #0x02
	ldr r1, _0804FF54 @ =0x0804FF58
	adds r0, r0, r1
	ldr r0, [r0, #0x00]
	mov pc, r0
_0804FF50: .4byte 0x0813F350
_0804FF54: .4byte 0x0804FF58
	.byte 0x90, 0x00, 0x05, 0x08, 0xFA, 0x01, 0x05, 0x08, 0xC4, 0x0C, 0x05, 0x08, 0x00, 0x02, 0x05, 0x08
	.byte 0xC4, 0x0C, 0x05, 0x08, 0xC4, 0x0C, 0x05, 0x08, 0xC4, 0x0C, 0x05, 0x08, 0xC4, 0x0C, 0x05, 0x08
	.byte 0x6A, 0x01, 0x05, 0x08, 0x00, 0x02, 0x05, 0x08, 0xC4, 0x0C, 0x05, 0x08, 0x00, 0x02, 0x05, 0x08
	.byte 0xD4, 0xFF, 0x04, 0x08, 0xC4, 0x0C, 0x05, 0x08, 0x00, 0x02, 0x05, 0x08, 0xC4, 0x0C, 0x05, 0x08
	.byte 0xC4, 0x0C, 0x05, 0x08, 0xF0, 0xFF, 0x04, 0x08, 0xD4, 0xFF, 0x04, 0x08, 0xC4, 0x02, 0x05, 0x08
	.byte 0x1C, 0x02, 0x05, 0x08, 0xD0, 0x09, 0x05, 0x08, 0x30, 0x04, 0x05, 0x08, 0x7C, 0x04, 0x05, 0x08
	.byte 0xCC, 0x04, 0x05, 0x08, 0x20, 0x05, 0x05, 0x08, 0x10, 0x08, 0x05, 0x08, 0xE8, 0x08, 0x05, 0x08
	.byte 0x34, 0x06, 0x05, 0x08, 0xC8, 0x06, 0x05, 0x08, 0xB2, 0x07, 0x05, 0x08, 0x05, 0x48, 0x31, 0x1C
	.byte 0x14, 0x31, 0x72, 0x68, 0x00, 0x92, 0x00, 0x22, 0x01, 0x23, 0xC9, 0xF7, 0x41, 0xF8, 0x00, 0xF0
	.byte 0x6D, 0xFE, 0x00, 0x00, 0x68, 0xF3, 0x13, 0x08, 0x13, 0x48, 0x31, 0x1C, 0x14, 0x31, 0x72, 0x68
	.byte 0x00, 0x92, 0x00, 0x22, 0x01, 0x23, 0xC9, 0xF7, 0x33, 0xF8, 0x10, 0x48, 0x00, 0x68, 0xC1, 0x6E
	.byte 0x80, 0x6E, 0x80, 0x22, 0x92, 0x05, 0x10, 0x40, 0x00, 0x21, 0x08, 0x43, 0x00, 0x28, 0x07, 0xD0
	.byte 0x30, 0x1C, 0xFF, 0xF7, 0xD5, 0xFC, 0x00, 0x06, 0x00, 0x28, 0x01, 0xD0, 0x00, 0xF0, 0x4E, 0xFE
	.byte 0x40, 0x46, 0x42, 0x68, 0x03, 0x98, 0x11, 0x1A, 0x03, 0x1C, 0x00, 0x29, 0x0A, 0xDB, 0x04, 0x48
	.byte 0x81, 0x42, 0x0D, 0xDD, 0x00, 0xF0, 0x42, 0xFE, 0x68, 0xF3, 0x13, 0x08, 0x84, 0x9B, 0x03, 0x02
	.byte 0xFF, 0x4F, 0x00, 0x00, 0x99, 0x1A, 0x08, 0x48, 0x81, 0x42, 0x01, 0xDD, 0x00, 0xF0, 0x36, 0xFE
	.byte 0x06, 0x48, 0x83, 0x42, 0x0E, 0xDC, 0x06, 0x48, 0x00, 0x68, 0xDC, 0x30, 0x00, 0x22, 0x81, 0x5E
	.byte 0x3C, 0x39, 0x09, 0x02, 0x58, 0xE0, 0x00, 0x00, 0xFF, 0x4F, 0x00, 0x00, 0xFF, 0xFF, 0x00, 0x00
	.byte 0x84, 0x9B, 0x03, 0x02, 0x03, 0x48, 0x00, 0x68, 0xDA, 0x30, 0x00, 0x23, 0xC1, 0x5E, 0x3C, 0x31
	.byte 0x09, 0x02, 0x49, 0xE0, 0x84, 0x9B, 0x03, 0x02, 0x0F, 0x48, 0x31, 0x1C, 0x14, 0x31, 0x72, 0x68
	.byte 0x00, 0x92, 0x00, 0x22, 0x01, 0x23, 0xC8, 0xF7, 0xE3, 0xFF, 0xE2, 0x24, 0x64, 0x00, 0x31, 0x19
	.byte 0x0A, 0x48, 0x08, 0x60, 0x31, 0xF0, 0xBC, 0xFB, 0x00, 0x06, 0x00, 0x28, 0x01, 0xD0, 0x00, 0xF0
	.byte 0x05, 0xFE, 0x41, 0x46, 0x48, 0x68, 0x03, 0x99, 0x42, 0x1A, 0x00, 0x2A, 0x08, 0xDB, 0xA0, 0x20
	.byte 0x80, 0x01, 0x82, 0x42, 0x09, 0xDC, 0x1E, 0xE0, 0x68, 0xF3, 0x13, 0x08, 0x00, 0xFD, 0xFF, 0xFF
	.byte 0x09, 0x1A, 0xA0, 0x20, 0x80, 0x01, 0x81, 0x42, 0x15, 0xDD, 0xB6, 0xF7, 0x5F, 0xFA, 0x00, 0x04
	.byte 0x00, 0x0C, 0x50, 0x21, 0xCD, 0xF0, 0x6E, 0xFB, 0x00, 0x04, 0x02, 0x0C, 0x00, 0x2A, 0x0A, 0xD1
	.byte 0xB8, 0x23, 0x5B, 0x00, 0xF8, 0x18, 0x08, 0x21, 0x01, 0x60, 0xA8, 0x24, 0x64, 0x00, 0x38, 0x19
	.byte 0x02, 0x80, 0x00, 0xF0, 0xDB, 0xFD, 0x38, 0x1C, 0x28, 0x21, 0xBF, 0xF7, 0xD9, 0xF9, 0x00, 0x06
	.byte 0x00, 0x28, 0x07, 0xD0, 0x80, 0x21, 0x49, 0x02, 0x30, 0x1C, 0x30, 0x22, 0xFF, 0xF7, 0x3C, 0xFC
	.byte 0x00, 0xF0, 0xCC, 0xFD, 0x09, 0x48, 0x00, 0x68, 0xC1, 0x6E, 0x80, 0x6E, 0x80, 0x22, 0x92, 0x05
	.byte 0x10, 0x40, 0x00, 0x21, 0x08, 0x43, 0x00, 0x28, 0x0A, 0xD0, 0x30, 0x1C, 0xFF, 0xF7, 0x40, 0xFC
	.byte 0x00, 0x06, 0x00, 0x28, 0x01, 0xD0, 0x00, 0xF0, 0xB9, 0xFD, 0x05, 0xE0, 0x84, 0x9B, 0x03, 0x02
	.byte 0x38, 0x1C, 0x08, 0x21, 0xBF, 0xF7, 0x04, 0xF9, 0xA8, 0x20, 0x40, 0x00, 0x39, 0x18, 0x00, 0xF0
	.byte 0xAA, 0xFD, 0x13, 0x48, 0x31, 0x1C, 0x14, 0x31, 0x72, 0x68, 0x00, 0x92, 0x01, 0x22, 0x01, 0x23
	.byte 0xC8, 0xF7, 0x76, 0xFF, 0xAE, 0x22, 0x52, 0x00, 0xB9, 0x18, 0x03, 0x98, 0x08, 0x60, 0xB0, 0x23
	.byte 0x5B, 0x00, 0xF8, 0x18, 0x04, 0x9A, 0x02, 0x60, 0x09, 0x68, 0x06, 0x33, 0x38, 0x1C, 0xBF, 0xF7
	.byte 0x11, 0xF9, 0x00, 0x06, 0x00, 0x28, 0x0D, 0xD0, 0xB8, 0x24, 0x64, 0x00, 0x38, 0x19, 0x00, 0x21
	.byte 0x01, 0x60, 0xA8, 0x22, 0x52, 0x00, 0xB8, 0x18, 0x01, 0x80, 0x00, 0xF0, 0x87, 0xFD, 0x00, 0x00
	.byte 0x68, 0xF3, 0x13, 0x08, 0x09, 0x48, 0x00, 0x68, 0xC1, 0x6E, 0x80, 0x6E, 0x80, 0x22, 0x92, 0x05
	.byte 0x10, 0x40, 0x00, 0x21, 0x08, 0x43, 0x00, 0x28, 0x0A, 0xD0, 0x30, 0x1C, 0xFF, 0xF7, 0xF8, 0xFB
	.byte 0x00, 0x06, 0x00, 0x28, 0x01, 0xD0, 0x00, 0xF0, 0x71, 0xFD, 0x05, 0xE0, 0x84, 0x9B, 0x03, 0x02
	.byte 0x38, 0x1C, 0x1E, 0x21, 0xBF, 0xF7, 0xBC, 0xF8, 0xA8, 0x23, 0x5B, 0x00, 0xF9, 0x18, 0x00, 0xF0
	.byte 0x62, 0xFD, 0x30, 0x1C, 0xFF, 0xF7, 0xBE, 0xFD, 0x05, 0x48, 0x31, 0x1C, 0x14, 0x31, 0x72, 0x68
	.byte 0x00, 0x92, 0x02, 0x22, 0x00, 0x23, 0xC8, 0xF7, 0x2B, 0xFF, 0x00, 0xF0, 0x57, 0xFD, 0x00, 0x00
	.byte 0x68, 0xF3, 0x13, 0x08, 0x16, 0x48, 0x31, 0x1C, 0x14, 0x31, 0x72, 0x68, 0x00, 0x92, 0x01, 0x22
	.byte 0x00, 0x23, 0xC8, 0xF7, 0x1D, 0xFF, 0xAE, 0x24, 0x64, 0x00, 0x3B, 0x19, 0x18, 0x68, 0x42, 0x46
	.byte 0x51, 0x68, 0x40, 0x1A, 0x00, 0x11, 0x0A, 0x18, 0x44, 0x46, 0x62, 0x60, 0xB0, 0x21, 0x49, 0x00
	.byte 0x78, 0x18, 0x00, 0x68, 0xA1, 0x68, 0x40, 0x1A, 0x00, 0x11, 0x09, 0x18, 0xA1, 0x60, 0xAA, 0x24
	.byte 0x64, 0x00, 0x38, 0x19, 0x00, 0x68, 0x01, 0x21, 0x08, 0x40, 0x00, 0x28, 0x10, 0xD1, 0x18, 0x68
	.byte 0x81, 0x1A, 0x00, 0x29, 0x08, 0xDB, 0x03, 0x48, 0x81, 0x42, 0x09, 0xDD, 0x16, 0xE0, 0x00, 0x00
	.byte 0x68, 0xF3, 0x13, 0x08, 0xFF, 0x07, 0x00, 0x00, 0x11, 0x1A, 0x07, 0x48, 0x81, 0x42, 0x0D, 0xDC
	.byte 0xA8, 0x21, 0x49, 0x00, 0x78, 0x18, 0x00, 0x21, 0x01, 0x80, 0xB8, 0x22, 0x52, 0x00, 0xB8, 0x18
	.byte 0x01, 0x60, 0x00, 0xF0, 0x13, 0xFD, 0x00, 0x00, 0xFF, 0x07, 0x00, 0x00, 0x38, 0x1C, 0x01, 0x21
	.byte 0xBF, 0xF7, 0x5E, 0xF8, 0x30, 0x1C, 0xFF, 0xF7, 0x65, 0xFD, 0xE8, 0x23, 0x5B, 0x00, 0xF2, 0x18
	.byte 0x11, 0x88, 0x02, 0x20, 0x08, 0x43, 0x10, 0x80, 0x00, 0xF0, 0xFA, 0xFC, 0xA8, 0x21, 0x49, 0x00
	.byte 0x78, 0x18, 0x00, 0x23, 0xC2, 0x5E, 0x00, 0x2A, 0x38, 0xD1, 0xE5, 0x24, 0x64, 0x00, 0x31, 0x19
	.byte 0x3C, 0x20, 0x08, 0x80, 0xE6, 0x21, 0x49, 0x00, 0x70, 0x18, 0x02, 0x60, 0xEA, 0x22, 0x52, 0x00
	.byte 0xB1, 0x18, 0x43, 0x46, 0x98, 0x68, 0x08, 0x60, 0x0A, 0x48, 0x00, 0x68, 0x01, 0x1C, 0xDE, 0x31
	.byte 0x00, 0x24, 0x09, 0x5F, 0xE0, 0x30, 0x00, 0x22, 0x80, 0x5E, 0x09, 0x18, 0xC9, 0x01, 0x98, 0x68
	.byte 0x81, 0x42, 0x0B, 0xDA, 0xE8, 0x23, 0x5B, 0x00, 0xF2, 0x18, 0x11, 0x88, 0x02, 0x48, 0x08, 0x40
	.byte 0x10, 0x80, 0x0A, 0xE0, 0x84, 0x9B, 0x03, 0x02, 0xFE, 0xFF, 0x00, 0x00, 0xE8, 0x24, 0x64, 0x00
	.byte 0x30, 0x19, 0x01, 0x88, 0x01, 0x22, 0x11, 0x43, 0x01, 0x80, 0x1D, 0x48, 0x31, 0x1C, 0x14, 0x31
	.byte 0x72, 0x68, 0x00, 0x92, 0x01, 0x22, 0x01, 0x23, 0xC8, 0xF7, 0x92, 0xFE, 0xE5, 0x20, 0x40, 0x00
	.byte 0x34, 0x18, 0x00, 0x21, 0x60, 0x5E, 0x00, 0x28, 0x47, 0xD0, 0x40, 0x46, 0x04, 0x30, 0xAE, 0x22
	.byte 0x52, 0x00, 0xB9, 0x18, 0x09, 0x68, 0x22, 0x88, 0xB5, 0xF7, 0xE4, 0xFA, 0xE6, 0x23, 0x5B, 0x00
	.byte 0xF5, 0x18, 0x22, 0x88, 0x28, 0x1C, 0x80, 0x21, 0xB5, 0xF7, 0xDC, 0xFA, 0xE8, 0x24, 0x64, 0x00
	.byte 0x30, 0x19, 0x01, 0x88, 0x01, 0x20, 0x08, 0x40, 0x00, 0x28, 0x15, 0xD0, 0xEA, 0x20, 0x40, 0x00
	.byte 0x32, 0x18, 0x08, 0x49, 0x28, 0x78, 0x40, 0x00, 0x40, 0x18, 0x00, 0x23, 0xC1, 0x5E, 0x08, 0x3C
	.byte 0x30, 0x19, 0x00, 0x23, 0xC0, 0x5E, 0x41, 0x43, 0x10, 0x68, 0x40, 0x18, 0x15, 0xE0, 0x00, 0x00
	.byte 0x68, 0xF3, 0x13, 0x08, 0x00, 0x14, 0x12, 0x08, 0xEA, 0x20, 0x40, 0x00, 0x32, 0x18, 0x15, 0x49
	.byte 0x28, 0x78, 0x40, 0x00, 0x40, 0x18, 0x00, 0x23, 0xC1, 0x5E, 0xE4, 0x24, 0x64, 0x00, 0x30, 0x19
	.byte 0x00, 0x23, 0xC0, 0x5E, 0x41, 0x43, 0x10, 0x68, 0x40, 0x1A, 0x44, 0x46, 0xA0, 0x60, 0xE5, 0x20
	.byte 0x40, 0x00, 0x31, 0x18, 0x08, 0x88, 0x01, 0x38, 0x08, 0x80, 0x30, 0x1C, 0xFF, 0xF7, 0xCA, 0xFC
	.byte 0xE5, 0x21, 0x49, 0x00, 0x70, 0x18, 0x00, 0x22, 0x80, 0x5E, 0x00, 0x28, 0x0C, 0xDC, 0xA8, 0x23
	.byte 0x5B, 0x00, 0xF8, 0x18, 0x00, 0x21, 0x01, 0x80, 0xB8, 0x24, 0x64, 0x00, 0x38, 0x19, 0x01, 0x60
	.byte 0x00, 0xF0, 0x5C, 0xFC, 0x00, 0x14, 0x12, 0x08, 0x38, 0x1C, 0x03, 0x21, 0xBE, 0xF7, 0xA8, 0xFF
	.byte 0xE8, 0x20, 0x40, 0x00, 0x32, 0x18, 0x11, 0x88, 0x02, 0x20, 0x08, 0x43, 0x10, 0x80, 0xA8, 0x22
	.byte 0x52, 0x00, 0xB9, 0x18, 0x00, 0xF0, 0x47, 0xFC, 0xA8, 0x23, 0x5B, 0x00, 0xFC, 0x18, 0x00, 0x21
	.byte 0x60, 0x5E, 0x00, 0x28, 0x08, 0xD1, 0x0E, 0x48, 0x31, 0x1C, 0x14, 0x31, 0x72, 0x68, 0x00, 0x92
	.byte 0x04, 0x22, 0x00, 0x23, 0xC8, 0xF7, 0x0C, 0xFE, 0xE8, 0x23, 0x5B, 0x00, 0xF2, 0x18, 0x11, 0x88
	.byte 0x02, 0x20, 0x08, 0x43, 0x10, 0x80, 0x38, 0x1C, 0x14, 0x30, 0xB5, 0xF7, 0x5B, 0xFB, 0x00, 0x06
	.byte 0x00, 0x28, 0x00, 0xD1, 0xCC, 0xE1, 0xB8, 0x21, 0x49, 0x00, 0x78, 0x18, 0x17, 0x21, 0x4C, 0xE0
	.byte 0x68, 0xF3, 0x13, 0x08, 0xA8, 0x22, 0x52, 0x00, 0xBC, 0x18, 0x00, 0x23, 0xE0, 0x5E, 0x00, 0x28
	.byte 0x08, 0xD1, 0x0D, 0x48, 0x31, 0x1C, 0x14, 0x31, 0x72, 0x68, 0x00, 0x92, 0x05, 0x22, 0x01, 0x23
	.byte 0xC8, 0xF7, 0xE6, 0xFD, 0x04, 0x98, 0x42, 0x46, 0x91, 0x68, 0x40, 0x1A, 0x80, 0x10, 0x09, 0x18
	.byte 0x91, 0x60, 0x21, 0x88, 0x00, 0x23, 0xE0, 0x5E, 0x3C, 0x28, 0x07, 0xDD, 0xB8, 0x21, 0x49, 0x00
	.byte 0x78, 0x18, 0x18, 0x21, 0x29, 0xE0, 0x00, 0x00, 0x68, 0xF3, 0x13, 0x08, 0x48, 0x1C, 0x20, 0x80
	.byte 0x00, 0xF0, 0xFC, 0xFB, 0xA8, 0x22, 0x52, 0x00, 0xBC, 0x18, 0x00, 0x23, 0xE0, 0x5E, 0x00, 0x28
	.byte 0x08, 0xD1, 0x10, 0x48, 0x31, 0x1C, 0x14, 0x31, 0x72, 0x68, 0x00, 0x92, 0x06, 0x22, 0x00, 0x23
	.byte 0xC8, 0xF7, 0xBE, 0xFD, 0xE8, 0x20, 0x40, 0x00, 0x32, 0x18, 0x11, 0x88, 0x02, 0x20, 0x08, 0x43
	.byte 0x10, 0x80, 0x38, 0x1C, 0x14, 0x30, 0xB5, 0xF7, 0x0D, 0xFB, 0x00, 0x06, 0x00, 0x28, 0x00, 0xD1
	.byte 0x7E, 0xE1, 0xB8, 0x21, 0x49, 0x00, 0x78, 0x18, 0x19, 0x21, 0x01, 0x60, 0x00, 0x20, 0x20, 0x80
	.byte 0xD4, 0xE3, 0x00, 0x00, 0x68, 0xF3, 0x13, 0x08, 0xA8, 0x22, 0x52, 0x00, 0xB8, 0x18, 0x00, 0x23
	.byte 0xC0, 0x5E, 0x00, 0x28, 0x0C, 0xD1, 0x10, 0x48, 0x31, 0x1C, 0x14, 0x31, 0x72, 0x68, 0x00, 0x92
	.byte 0x07, 0x22, 0x00, 0x23, 0xC8, 0xF7, 0x94, 0xFD, 0x8B, 0x20, 0x40, 0x00, 0xCF, 0xF0, 0x94, 0xFC
	.byte 0xE8, 0x24, 0x64, 0x00, 0x32, 0x19, 0x11, 0x88, 0x02, 0x20, 0x08, 0x43, 0x10, 0x80, 0x3C, 0x1C
	.byte 0x14, 0x34, 0x20, 0x1C, 0xB5, 0xF7, 0xEA, 0xFA, 0x00, 0x04, 0x00, 0x0C, 0xA1, 0x46, 0x01, 0x28
	.byte 0x04, 0xD0, 0x02, 0x28, 0x16, 0xD0, 0x4C, 0xE0, 0x68, 0xF3, 0x13, 0x08, 0xF8, 0x8B, 0x00, 0x28
	.byte 0x47, 0xD1, 0x38, 0x1C, 0x01, 0x21, 0xBE, 0xF7, 0xF3, 0xFE, 0x41, 0x46, 0x48, 0x68, 0x89, 0x68
	.byte 0x43, 0x46, 0xDA, 0x68, 0x03, 0x9B, 0x1B, 0x1A, 0x9E, 0x24, 0x64, 0x00, 0x00, 0x94, 0xC7, 0xF7
	.byte 0xE9, 0xFE, 0x36, 0xE0, 0xF8, 0x8B, 0x00, 0x28, 0x33, 0xD1, 0x44, 0x46, 0x60, 0x6B, 0xA1, 0x6B
	.byte 0x04, 0x22, 0x10, 0x40, 0x00, 0x21, 0x08, 0x43, 0x00, 0x28, 0x15, 0xD0, 0x08, 0x48, 0x61, 0x68
	.byte 0x08, 0x4A, 0x89, 0x18, 0xA2, 0x68, 0xE3, 0x68, 0x28, 0x24, 0x00, 0x94, 0x0C, 0x24, 0x01, 0x94
	.byte 0x40, 0x24, 0x02, 0x94, 0xC1, 0xF7, 0xD4, 0xFC, 0x00, 0x28, 0x17, 0xD1, 0x19, 0xE0, 0x00, 0x00
	.byte 0x3B, 0x01, 0x00, 0x00, 0x00, 0xD8, 0xFF, 0xFF, 0x12, 0x48, 0x43, 0x46, 0x59, 0x68, 0xA0, 0x24
	.byte 0xA4, 0x01, 0x09, 0x19, 0x9A, 0x68, 0xDB, 0x68, 0x28, 0x24, 0x00, 0x94, 0x0C, 0x24, 0x01, 0x94
	.byte 0x40, 0x24, 0x02, 0x94, 0xC1, 0xF7, 0xBC, 0xFC, 0x00, 0x28, 0x02, 0xD0, 0x0A, 0x48, 0xCF, 0xF0
	.byte 0x33, 0xFC, 0x48, 0x46, 0xB5, 0xF7, 0x86, 0xFA, 0x00, 0x06, 0x00, 0x28, 0x06, 0xD0, 0xC2, 0xF7
	.byte 0x69, 0xF9, 0x00, 0x06, 0x04, 0x0E, 0x00, 0x2C, 0x00, 0xD1, 0xC3, 0xE1, 0xA8, 0x23, 0x5B, 0x00
	.byte 0xF9, 0x18, 0x48, 0xE3, 0x3B, 0x01, 0x00, 0x00, 0x0D, 0x02, 0x00, 0x00, 0xA8, 0x24, 0x64, 0x00
	.byte 0x38, 0x19, 0x00, 0x21, 0x40, 0x5E, 0x00, 0x28, 0x0B, 0xD1, 0x10, 0x48, 0x31, 0x1C, 0x14, 0x31
	.byte 0x72, 0x68, 0x00, 0x92, 0x0A, 0x22, 0x00, 0x23, 0xC8, 0xF7, 0x0A, 0xFD, 0x0C, 0x48, 0xCF, 0xF0
	.byte 0x0B, 0xFC, 0xE8, 0x23, 0x5B, 0x00, 0xF2, 0x18, 0x11, 0x88, 0x02, 0x20, 0x08, 0x43, 0x10, 0x80
	.byte 0x44, 0x46, 0x60, 0x6B, 0xA1, 0x6B, 0x04, 0x22, 0x10, 0x40, 0x00, 0x21, 0x08, 0x43, 0x00, 0x28
	.byte 0x0A, 0xD0, 0x60, 0x68, 0x03, 0x49, 0x40, 0x18, 0x60, 0x60, 0x0A, 0xE0, 0x68, 0xF3, 0x13, 0x08
	.byte 0x19, 0x01, 0x00, 0x00, 0xFB, 0xFE, 0xFF, 0xFF, 0x42, 0x46, 0x50, 0x68, 0x09, 0x4B, 0xC0, 0x18
	.byte 0x50, 0x60, 0x38, 0x1C, 0x14, 0x30, 0xB5, 0xF7, 0x3D, 0xFA, 0x00, 0x06, 0x00, 0x28, 0x0B, 0xD0
	.byte 0xB8, 0x24, 0x64, 0x00, 0x39, 0x19, 0x1D, 0x20, 0x08, 0x60, 0xA8, 0x20, 0x40, 0x00, 0x39, 0x18
	.byte 0x00, 0x20, 0x02, 0xE3, 0x05, 0x01, 0x00, 0x00, 0xA8, 0x22, 0x52, 0x00, 0xB9, 0x18, 0xFA, 0xE2
	.byte 0xA8, 0x23, 0x5B, 0x00, 0xF8, 0x18, 0x00, 0x24, 0x00, 0x5F, 0x00, 0x28, 0x57, 0xD1, 0x1C, 0x48
	.byte 0x31, 0x1C, 0x14, 0x31, 0x72, 0x68, 0x00, 0x92, 0x0B, 0x22, 0x00, 0x23, 0xC8, 0xF7, 0xC0, 0xFC
	.byte 0x02, 0x20, 0x14, 0x21, 0xB5, 0xF7, 0x18, 0xFD, 0x16, 0x48, 0xCF, 0xF0, 0xBD, 0xFB, 0xB5, 0xF7
	.byte 0x57, 0xFE, 0x15, 0x48, 0x00, 0x68, 0x72, 0x30, 0x14, 0x21, 0x01, 0x80, 0xE8, 0x20, 0x40, 0x00
	.byte 0x32, 0x18, 0x11, 0x88, 0x02, 0x20, 0x08, 0x43, 0x10, 0x80, 0x42, 0x46, 0x50, 0x6B, 0x91, 0x6B
	.byte 0x04, 0x22, 0x10, 0x40, 0x00, 0x21, 0x08, 0x43, 0x00, 0x28, 0x1D, 0xD0, 0x43, 0x46, 0x59, 0x68
	.byte 0x0A, 0x4C, 0x08, 0x19, 0x58, 0x60, 0x0A, 0x48, 0x0A, 0x4A, 0x89, 0x18, 0x9A, 0x68, 0x28, 0x24
	.byte 0x00, 0x94, 0x10, 0x23, 0x01, 0x93, 0x02, 0x94, 0x00, 0x23, 0xC1, 0xF7, 0x19, 0xFC, 0x1E, 0xE0
	.byte 0x68, 0xF3, 0x13, 0x08, 0xC2, 0x02, 0x00, 0x00, 0x84, 0x9B, 0x03, 0x02, 0x00, 0xB0, 0xFF, 0xFF
	.byte 0x3F, 0x01, 0x00, 0x00, 0x00, 0xD8, 0xFF, 0xFF, 0x43, 0x46, 0x59, 0x68, 0xA0, 0x24, 0xE4, 0x01
	.byte 0x08, 0x19, 0x58, 0x60, 0x0E, 0x48, 0xA0, 0x22, 0x92, 0x01, 0x89, 0x18, 0x9A, 0x68, 0x28, 0x24
	.byte 0x00, 0x94, 0x10, 0x23, 0x01, 0x93, 0x02, 0x94, 0x00, 0x23, 0xC1, 0xF7, 0xF9, 0xFB, 0xA8, 0x23
	.byte 0x5B, 0x00, 0xFA, 0x18, 0x11, 0x88, 0x00, 0x24, 0x10, 0x5F, 0x3C, 0x28, 0x0A, 0xDD, 0xB8, 0x21
	.byte 0x49, 0x00, 0x78, 0x18, 0x1E, 0x21, 0x01, 0x60, 0x00, 0x20, 0x10, 0x80, 0x8E, 0xE2, 0x00, 0x00
	.byte 0x3F, 0x01, 0x00, 0x00, 0x48, 0x1C, 0x10, 0x80, 0x88, 0xE2, 0xA8, 0x22, 0x52, 0x00, 0xBC, 0x18
	.byte 0x00, 0x23, 0xE0, 0x5E, 0x00, 0x28, 0x08, 0xD1, 0x10, 0x48, 0x31, 0x1C, 0x14, 0x31, 0x72, 0x68
	.byte 0x00, 0x92, 0x0C, 0x22, 0x00, 0x23, 0xC8, 0xF7, 0x4B, 0xFC, 0xE8, 0x20, 0x40, 0x00, 0x32, 0x18
	.byte 0x11, 0x88, 0x02, 0x20, 0x00, 0x25, 0x08, 0x43, 0x10, 0x80, 0x38, 0x1C, 0x14, 0x30, 0xB5, 0xF7
	.byte 0x99, 0xF9, 0x00, 0x06, 0x00, 0x28, 0x0B, 0xD0, 0x40, 0x46, 0xCA, 0xF7, 0x89, 0xFB, 0xB8, 0x21
	.byte 0x49, 0x00, 0x78, 0x18, 0x05, 0x60, 0x25, 0x80, 0x60, 0xE2, 0x00, 0x00, 0x68, 0xF3, 0x13, 0x08
	.byte 0x20, 0x88, 0x01, 0x30, 0x20, 0x80, 0x59, 0xE2, 0xA8, 0x22, 0x52, 0x00, 0xB8, 0x18, 0x00, 0x23
	.byte 0xC0, 0x5E, 0x00, 0x28, 0x12, 0xD1, 0x2E, 0x48, 0x31, 0x1C, 0x14, 0x31, 0x72, 0x68, 0x00, 0x92
	.byte 0x08, 0x22, 0x00, 0x23, 0xC8, 0xF7, 0x1C, 0xFC, 0xE8, 0x24, 0x64, 0x00, 0x32, 0x19, 0x11, 0x88
	.byte 0x28, 0x48, 0x08, 0x40, 0x10, 0x80, 0x28, 0x48, 0xCF, 0xF0, 0x16, 0xFB, 0xE8, 0x20, 0x40, 0x00
	.byte 0x35, 0x18, 0x29, 0x88, 0x02, 0x20, 0x00, 0x22, 0x92, 0x46, 0x08, 0x43, 0x28, 0x80, 0x3C, 0x1C
	.byte 0x14, 0x34, 0x20, 0x1C, 0xB5, 0xF7, 0x6A, 0xF9, 0x00, 0x04, 0x00, 0x0C, 0xA1, 0x46, 0x04, 0x28
	.byte 0x10, 0xD1, 0xF8, 0x8B, 0x00, 0x28, 0x0D, 0xD1, 0x43, 0x46, 0x58, 0x68, 0x99, 0x68, 0xDA, 0x68
	.byte 0x1A, 0x4C, 0x12, 0x19, 0x9F, 0x23, 0x5B, 0x00, 0xC7, 0xF7, 0x80, 0xFC, 0x28, 0x88, 0x04, 0x21
	.byte 0x08, 0x43, 0x28, 0x80, 0xE8, 0x21, 0x49, 0x00, 0x70, 0x18, 0x01, 0x88, 0x04, 0x20, 0x08, 0x40
	.byte 0x00, 0x28, 0x02, 0xD0, 0x30, 0x1C, 0xFF, 0xF7, 0x6D, 0xFA, 0x48, 0x46, 0xB5, 0xF7, 0x3A, 0xF9
	.byte 0x00, 0x06, 0x00, 0x28, 0x00, 0xD1, 0x03, 0xE2, 0xC2, 0xF7, 0x1C, 0xF8, 0x00, 0x06, 0x04, 0x0E
	.byte 0x00, 0x2C, 0x00, 0xD0, 0xFC, 0xE1, 0x40, 0x46, 0xCA, 0xF7, 0x22, 0xFB, 0xB8, 0x22, 0x52, 0x00
	.byte 0xB8, 0x18, 0x04, 0x60, 0xA8, 0x23, 0x5B, 0x00, 0xF8, 0x18, 0x04, 0x80, 0xF6, 0xE1, 0x00, 0x00
	.byte 0x68, 0xF3, 0x13, 0x08, 0xFB, 0xFF, 0x00, 0x00, 0x17, 0x01, 0x00, 0x00, 0x00, 0xB3, 0xFF, 0xFF
	.byte 0xA8, 0x21, 0x49, 0x00, 0x78, 0x18, 0x00, 0x22, 0x80, 0x5E, 0x00, 0x28, 0x0B, 0xD1, 0x10, 0x48
	.byte 0x31, 0x1C, 0x14, 0x31, 0x72, 0x68, 0x00, 0x92, 0x09, 0x22, 0x00, 0x23, 0xC8, 0xF7, 0xB0, 0xFB
	.byte 0x0C, 0x48, 0xCF, 0xF0, 0xB1, 0xFA, 0xE8, 0x23, 0x5B, 0x00, 0xF2, 0x18, 0x11, 0x88, 0x02, 0x20
	.byte 0x08, 0x43, 0x10, 0x80, 0x3C, 0x1C, 0x14, 0x34, 0x20, 0x1C, 0xB5, 0xF7, 0x07, 0xF9, 0x00, 0x04
	.byte 0x05, 0x0C, 0xA1, 0x46, 0x04, 0x2D, 0x07, 0xD0, 0x05, 0x2D, 0x29, 0xD0, 0x2E, 0xE0, 0x00, 0x00
	.byte 0x68, 0xF3, 0x13, 0x08, 0x19, 0x01, 0x00, 0x00, 0xF8, 0x8B, 0x00, 0x28, 0x26, 0xD1, 0x08, 0x48
	.byte 0xCF, 0xF0, 0x92, 0xFA, 0x44, 0x46, 0x60, 0x6B, 0xA1, 0x6B, 0x28, 0x40, 0x00, 0x21, 0x08, 0x43
	.byte 0x00, 0x28, 0x07, 0xD0, 0x60, 0x68, 0xB8, 0x21, 0x49, 0x01, 0x40, 0x18, 0xA1, 0x68, 0x06, 0xE0
	.byte 0xA9, 0x02, 0x00, 0x00, 0x42, 0x46, 0x50, 0x68, 0x03, 0x4B, 0xC0, 0x18, 0x91, 0x68, 0x03, 0x4B
	.byte 0x00, 0x22, 0xC7, 0xF7, 0xF9, 0xFA, 0x09, 0xE0, 0x00, 0xE9, 0xFF, 0xFF, 0x3D, 0x01, 0x00, 0x00
	.byte 0xF8, 0x8B, 0x00, 0x28, 0x02, 0xD1, 0x0D, 0x48, 0xCF, 0xF0, 0x6E, 0xFA, 0x48, 0x46, 0xB5, 0xF7
	.byte 0xC1, 0xF8, 0x00, 0x06, 0x00, 0x28, 0x13, 0xD0, 0xC1, 0xF7, 0xA4, 0xFF, 0x00, 0x06, 0x04, 0x0E
	.byte 0x00, 0x2C, 0x0D, 0xD1, 0x40, 0x46, 0xCA, 0xF7, 0xAB, 0xFA, 0xB8, 0x21, 0x49, 0x00, 0x78, 0x18
	.byte 0x04, 0x60, 0xA8, 0x22, 0x52, 0x00, 0xB8, 0x18, 0x04, 0x80, 0x7F, 0xE1, 0xAA, 0x02, 0x00, 0x00
	.byte 0xA8, 0x23, 0x5B, 0x00, 0xF9, 0x18, 0x76, 0xE1, 0xA8, 0x24, 0x64, 0x00, 0x38, 0x19, 0x00, 0x21
	.byte 0x40, 0x5E, 0x00, 0x28, 0x39, 0xD1, 0x0F, 0x48, 0x31, 0x1C, 0x14, 0x31, 0x72, 0x68, 0x00, 0x92
	.byte 0x03, 0x22, 0x00, 0x23, 0xC8, 0xF7, 0x3C, 0xFB, 0xE8, 0x23, 0x5B, 0x00, 0xF2, 0x18, 0x11, 0x88
	.byte 0x09, 0x48, 0x08, 0x40, 0x10, 0x80, 0x44, 0x46, 0x60, 0x6B, 0xA1, 0x6B, 0x04, 0x22, 0x10, 0x40
	.byte 0x00, 0x21, 0x08, 0x43, 0x00, 0x28, 0x0B, 0xD0, 0xD8, 0x20, 0x40, 0x00, 0x31, 0x18, 0x60, 0x68
	.byte 0x02, 0x4A, 0x0C, 0xE0, 0x68, 0xF3, 0x13, 0x08, 0xFB, 0xFF, 0x00, 0x00, 0x00, 0xBA, 0xFF, 0xFF
	.byte 0xD8, 0x23, 0x5B, 0x00, 0xF1, 0x18, 0x44, 0x46, 0x60, 0x68, 0x8C, 0x22, 0xD2, 0x01, 0x80, 0x18
	.byte 0x08, 0x60, 0xDC, 0x23, 0x5B, 0x00, 0xF0, 0x18, 0x00, 0x21, 0x01, 0x60, 0xE3, 0x24, 0xA4, 0x00
	.byte 0x30, 0x19, 0x01, 0x60, 0x08, 0x48, 0xCF, 0xF0, 0x0F, 0xFA, 0x38, 0x1C, 0x14, 0x30, 0xB5, 0xF7
	.byte 0x6D, 0xF8, 0x00, 0x04, 0x00, 0x0C, 0x06, 0x28, 0x00, 0xD9, 0x92, 0xE0, 0x80, 0x00, 0x03, 0x49
	.byte 0x40, 0x18, 0x00, 0x68, 0x87, 0x46, 0x00, 0x00, 0x19, 0x01, 0x00, 0x00, 0x78, 0x0A, 0x05, 0x08
	.byte 0x94, 0x0A, 0x05, 0x08, 0x94, 0x0A, 0x05, 0x08, 0x94, 0x0A, 0x05, 0x08, 0x94, 0x0A, 0x05, 0x08
	.byte 0xBA, 0x0A, 0x05, 0x08, 0x84, 0x0B, 0x05, 0x08, 0x84, 0x0B, 0x05, 0x08, 0xE8, 0x20, 0x40, 0x00
	.byte 0x32, 0x18, 0x11, 0x88, 0x02, 0x20, 0x08, 0x43, 0x10, 0x80, 0x04, 0x98, 0x42, 0x46, 0x91, 0x68
	.byte 0x40, 0x1A, 0x80, 0x10, 0x09, 0x18, 0x91, 0x60, 0xDA, 0x23, 0x5B, 0x00, 0xF0, 0x18, 0x01, 0x60
	.byte 0x67, 0xE0, 0xF8, 0x8B, 0x00, 0x28, 0x59, 0xD1, 0xCC, 0x24, 0x64, 0x00, 0x30, 0x19, 0xB5, 0xF7
	.byte 0x4D, 0xF8, 0x1B, 0x48, 0xF2, 0x68, 0x11, 0x1C, 0x10, 0x31, 0x52, 0x68, 0x00, 0x92, 0x00, 0x22
	.byte 0x00, 0x23, 0xC8, 0xF7, 0xC5, 0xFA, 0xE8, 0x20, 0x40, 0x00, 0x32, 0x18, 0x11, 0x88, 0x04, 0x20
	.byte 0x08, 0x43, 0x10, 0x80, 0xDE, 0x21, 0x49, 0x00, 0x72, 0x18, 0x11, 0x88, 0x11, 0x48, 0x08, 0x40
	.byte 0x10, 0x80, 0x89, 0x20, 0x80, 0x00, 0xCF, 0xF0, 0xB7, 0xF9, 0x42, 0x46, 0x50, 0x6B, 0x91, 0x6B
	.byte 0x04, 0x22, 0x10, 0x40, 0x00, 0x21, 0x08, 0x43, 0x00, 0x28, 0x19, 0xD0, 0x0A, 0x48, 0x43, 0x46
	.byte 0x59, 0x68, 0x0A, 0x4C, 0x09, 0x19, 0x9A, 0x68, 0xDB, 0x68, 0x28, 0x24, 0x00, 0x94, 0x0C, 0x24
	.byte 0x01, 0x94, 0x40, 0x24, 0x02, 0x94, 0xC1, 0xF7, 0x23, 0xFA, 0x00, 0x28, 0x1B, 0xD1, 0x1D, 0xE0
	.byte 0x38, 0xF4, 0x13, 0x08, 0xFD, 0xFF, 0x00, 0x00, 0x3B, 0x01, 0x00, 0x00, 0x00, 0xD8, 0xFF, 0xFF
	.byte 0x0C, 0x48, 0x42, 0x46, 0x51, 0x68, 0xA0, 0x23, 0x9B, 0x01, 0xC9, 0x18, 0x92, 0x68, 0x44, 0x46
	.byte 0xE3, 0x68, 0x28, 0x24, 0x00, 0x94, 0x0C, 0x24, 0x01, 0x94, 0x40, 0x24, 0x02, 0x94, 0xC1, 0xF7
	.byte 0x07, 0xFA, 0x00, 0x28, 0x02, 0xD0, 0x04, 0x48, 0xCF, 0xF0, 0x7E, 0xF9, 0x30, 0x1C, 0xFF, 0xF7
	.byte 0x01, 0xF9, 0x06, 0xE0, 0x3B, 0x01, 0x00, 0x00, 0x0D, 0x02, 0x00, 0x00, 0x30, 0x1C, 0xFF, 0xF7
	.byte 0xF9, 0xF8, 0xE8, 0x21, 0x49, 0x00, 0x70, 0x18, 0x01, 0x88, 0x04, 0x23, 0x18, 0x1C, 0x08, 0x40
	.byte 0x00, 0x28, 0x00, 0xD1, 0x8C, 0xE0, 0xE3, 0x22, 0x92, 0x00, 0xB1, 0x18, 0x08, 0x68, 0x02, 0x1C
	.byte 0x19, 0x32, 0x0A, 0x60, 0x44, 0x46, 0x60, 0x6B, 0xA1, 0x6B, 0x18, 0x40, 0x00, 0x21, 0x08, 0x43
	.byte 0x00, 0x28, 0x05, 0xD0, 0xD8, 0x20, 0x40, 0x00, 0x31, 0x18, 0x08, 0x68, 0x80, 0x1A, 0x04, 0xE0
	.byte 0xD8, 0x23, 0x5B, 0x00, 0xF1, 0x18, 0x08, 0x68, 0x80, 0x18, 0x08, 0x60, 0xCC, 0x24, 0x64, 0x00
	.byte 0x30, 0x19, 0xB4, 0xF7, 0xAB, 0xFF, 0x00, 0x04, 0x00, 0x0C, 0x04, 0x28, 0x1E, 0xDC, 0x00, 0x28
	.byte 0x1C, 0xDB, 0x0D, 0x48, 0xD8, 0x22, 0x52, 0x00, 0xB1, 0x18, 0x09, 0x68, 0xDA, 0x23, 0x5B, 0x00
	.byte 0xF2, 0x18, 0x12, 0x68, 0x20, 0x34, 0x33, 0x19, 0x1B, 0x68, 0x08, 0x24, 0x00, 0x94, 0x04, 0x24
	.byte 0x01, 0x94, 0x40, 0x24, 0x02, 0x94, 0xC1, 0xF7, 0xB3, 0xF9, 0x00, 0x28, 0x21, 0xD0, 0xA3, 0x20
	.byte 0x80, 0x00, 0xCF, 0xF0, 0x29, 0xF9, 0x1C, 0xE0, 0x3B, 0x01, 0x00, 0x00, 0x22, 0x48, 0xD8, 0x22
	.byte 0x52, 0x00, 0xB1, 0x18, 0x09, 0x68, 0xDA, 0x23, 0x5B, 0x00, 0xF2, 0x18, 0x12, 0x68, 0xDC, 0x24
	.byte 0x64, 0x00, 0x33, 0x19, 0x1B, 0x68, 0x10, 0x24, 0x00, 0x94, 0x04, 0x24, 0x01, 0x94, 0x14, 0x24
	.byte 0x02, 0x94, 0xC1, 0xF7, 0x95, 0xF9, 0x00, 0x28, 0x03, 0xD0, 0xA3, 0x20, 0x80, 0x00, 0xCF, 0xF0
	.byte 0x0B, 0xF9, 0xD8, 0x20, 0x40, 0x00, 0x31, 0x18, 0x14, 0x48, 0x02, 0x68, 0x10, 0x1C, 0xDA, 0x30
	.byte 0x00, 0x23, 0xC0, 0x5E, 0x20, 0x38, 0x00, 0x02, 0x09, 0x68, 0x81, 0x42, 0x07, 0xDB, 0x10, 0x1C
	.byte 0xDC, 0x30, 0x00, 0x24, 0x00, 0x5F, 0x20, 0x30, 0x00, 0x02, 0x81, 0x42, 0x18, 0xDD, 0x40, 0x46
	.byte 0xCA, 0xF7, 0x3E, 0xF9, 0xB8, 0x21, 0x49, 0x00, 0x78, 0x18, 0x00, 0x21, 0x01, 0x60, 0xA8, 0x22
	.byte 0x52, 0x00, 0xB8, 0x18, 0x01, 0x80, 0xDE, 0x23, 0x5B, 0x00, 0xF2, 0x18, 0x11, 0x88, 0x02, 0x20
	.byte 0x08, 0x43, 0x10, 0x80, 0x0A, 0xE0, 0x00, 0x00, 0x3B, 0x01, 0x00, 0x00, 0x84, 0x9B, 0x03, 0x02
	.byte 0xA8, 0x24, 0x64, 0x00, 0x39, 0x19, 0x08, 0x88, 0x01, 0x30, 0x08, 0x80
_08050CC4:
	.byte 0x42, 0x46, 0x50, 0x6B, 0x91, 0x6B, 0x80, 0x22, 0x92, 0x01, 0x10, 0x40, 0x00, 0x21, 0x08, 0x43
	.byte 0x00, 0x28, 0x0B, 0xD1, 0x40, 0x46, 0xE8, 0x30, 0x00, 0x68, 0x02, 0x28, 0x06, 0xD0, 0xE2, 0x23
	.byte 0x5B, 0x00, 0xF0, 0x18, 0x01, 0x68, 0x38, 0x1C, 0xFE, 0xF7, 0x76, 0xFF, 0xE4, 0x24, 0xA4, 0x00
	.byte 0x30, 0x19, 0xB0, 0xF7, 0xD5, 0xF8, 0x38, 0x1C, 0xBD, 0xF7, 0x78, 0xFC, 0x00, 0x06, 0x00, 0x0E
	.byte 0x06, 0xB0, 0x38, 0xBC, 0x98, 0x46, 0xA1, 0x46, 0xAA, 0x46, 0xF0, 0xBC, 0x02, 0xBC, 0x08, 0x47
	thumb_func_start task_hum_mahluxia_2
task_hum_mahluxia_2: @ 08050D14
	push {r4, r5, r6, lr}
	adds r4, r0, #0x0
	bl func_0800EFE8
	movs r1, #0xE8
	lsls r1, r1, #0x01
	adds r0, r4, r1
	ldrh r1, [r0, #0x00]
	movs r2, #0x02
	adds r0, r2, #0x0
	ands r0, r1
	cmp r0, #0x00
	beq _08050DCA
	movs r3, #0xDE
	lsls r3, r3, #0x01
	adds r0, r4, r3
	ldrh r1, [r0, #0x00]
	adds r0, r2, #0x0
	ands r0, r1
	cmp r0, #0x00
	beq _08050DCA
	movs r5, #0xEC
	lsls r5, r5, #0x01
	adds r0, r4, r5
	movs r6, #0x00
	ldsh r0, [r0, r6]
	movs r1, #0x0C
	bl func_0811D684
	lsls r0, r0, #0x10
	asrs r0, r0, #0x10
	cmp r0, #0x0B
	bhi _08050DBE
	lsls r0, r0, #0x02
	ldr r1, _08050D60 @ =0x08050D64
	adds r0, r0, r1
	ldr r0, [r0, #0x00]
	mov pc, r0
_08050D60: .4byte 0x08050D64
	.byte 0x94, 0x0D, 0x05, 0x08, 0x9C, 0x0D, 0x05, 0x08, 0x94, 0x0D, 0x05, 0x08, 0x9C, 0x0D, 0x05, 0x08
	.byte 0x94, 0x0D, 0x05, 0x08, 0xA4, 0x0D, 0x05, 0x08, 0x94, 0x0D, 0x05, 0x08, 0x9C, 0x0D, 0x05, 0x08
	.byte 0x94, 0x0D, 0x05, 0x08, 0xA4, 0x0D, 0x05, 0x08, 0x94, 0x0D, 0x05, 0x08, 0xB2, 0x0D, 0x05, 0x08
	.byte 0x8F, 0x20, 0x80, 0x00, 0x21, 0x18, 0x06, 0xE0, 0xA7, 0x23, 0x9B, 0x00, 0xE1, 0x18, 0x02, 0xE0
	.byte 0xBF, 0x25, 0xAD, 0x00, 0x61, 0x19, 0x20, 0x1C, 0xFE, 0xF7, 0x92, 0xFE, 0x05, 0xE0, 0xD7, 0x26
	.byte 0xB6, 0x00, 0xA1, 0x19, 0x20, 0x1C, 0xFE, 0xF7, 0x8B, 0xFE
_08050DBE:
	movs r0, #0xEC
	lsls r0, r0, #0x01
	adds r1, r4, r0
	ldrh r0, [r1, #0x00]
	adds r0, #0x01
	strh r0, [r1, #0x00]
_08050DCA:
	movs r1, #0xCB
	lsls r1, r1, #0x02
	adds r2, r4, r1
	movs r3, #0xD7
	lsls r3, r3, #0x02
	adds r1, r4, r3
	adds r0, r2, #0x0
	ldm r0!, {r3, r5, r6}
	stm r1!, {r3, r5, r6}
	ldm r0!, {r3, r5, r6}
	stm r1!, {r3, r5, r6}
	ldm r0!, {r3, r5, r6}
	stm r1!, {r3, r5, r6}
	ldm r0!, {r3, r5, r6}
	stm r1!, {r3, r5, r6}
	movs r5, #0xBF
	lsls r5, r5, #0x02
	adds r1, r4, r5
	adds r0, r1, #0x0
	ldm r0!, {r3, r5, r6}
	stm r2!, {r3, r5, r6}
	ldm r0!, {r3, r5, r6}
	stm r2!, {r3, r5, r6}
	ldm r0!, {r3, r5, r6}
	stm r2!, {r3, r5, r6}
	ldm r0!, {r3, r5, r6}
	stm r2!, {r3, r5, r6}
	movs r6, #0xB3
	lsls r6, r6, #0x02
	adds r2, r4, r6
	adds r0, r2, #0x0
	ldm r0!, {r3, r5, r6}
	stm r1!, {r3, r5, r6}
	ldm r0!, {r3, r5, r6}
	stm r1!, {r3, r5, r6}
	ldm r0!, {r3, r5, r6}
	stm r1!, {r3, r5, r6}
	ldm r0!, {r3, r5, r6}
	stm r1!, {r3, r5, r6}
	movs r0, #0xA7
	lsls r0, r0, #0x02
	adds r1, r4, r0
	adds r0, r1, #0x0
	ldm r0!, {r3, r5, r6}
	stm r2!, {r3, r5, r6}
	ldm r0!, {r3, r5, r6}
	stm r2!, {r3, r5, r6}
	ldm r0!, {r3, r5, r6}
	stm r2!, {r3, r5, r6}
	ldm r0!, {r3, r5, r6}
	stm r2!, {r3, r5, r6}
	movs r0, #0x9B
	lsls r0, r0, #0x02
	adds r2, r4, r0
	adds r0, r2, #0x0
	ldm r0!, {r3, r5, r6}
	stm r1!, {r3, r5, r6}
	ldm r0!, {r3, r5, r6}
	stm r1!, {r3, r5, r6}
	ldm r0!, {r3, r5, r6}
	stm r1!, {r3, r5, r6}
	ldm r0!, {r3, r5, r6}
	stm r1!, {r3, r5, r6}
	movs r0, #0x8F
	lsls r0, r0, #0x02
	adds r1, r4, r0
	adds r0, r1, #0x0
	ldm r0!, {r3, r5, r6}
	stm r2!, {r3, r5, r6}
	ldm r0!, {r3, r5, r6}
	stm r2!, {r3, r5, r6}
	ldm r0!, {r3, r5, r6}
	stm r2!, {r3, r5, r6}
	ldm r0!, {r3, r5, r6}
	stm r2!, {r3, r5, r6}
	movs r0, #0x83
	lsls r0, r0, #0x02
	adds r2, r4, r0
	adds r0, r2, #0x0
	ldm r0!, {r3, r5, r6}
	stm r1!, {r3, r5, r6}
	ldm r0!, {r3, r5, r6}
	stm r1!, {r3, r5, r6}
	ldm r0!, {r3, r5, r6}
	stm r1!, {r3, r5, r6}
	ldm r0!, {r3, r5, r6}
	stm r1!, {r3, r5, r6}
	movs r0, #0xEE
	lsls r0, r0, #0x01
	adds r1, r4, r0
	adds r0, r1, #0x0
	ldm r0!, {r3, r5, r6}
	stm r2!, {r3, r5, r6}
	ldm r0!, {r3, r5, r6}
	stm r2!, {r3, r5, r6}
	ldm r0!, {r3, r5, r6}
	stm r2!, {r3, r5, r6}
	ldm r0!, {r3, r5, r6}
	stm r2!, {r3, r5, r6}
	adds r0, r4, #0x0
	bl func_0804FA70
	movs r1, #0xE4
	lsls r1, r1, #0x02
	adds r0, r4, r1
	bl func_08000EE0
	pop {r4, r5, r6}
	pop {r0}
	bx r0
	.byte 0x00, 0x00
	thumb_func_start task_hum_mahluxia_3
task_hum_mahluxia_3: @ 08050EA8
	push {r4, lr}
	adds r4, r0, #0x0
	bl func_0800E380
	movs r0, #0xE4
	lsls r0, r0, #0x02
	adds r4, r4, r0
	adds r0, r4, #0x0
	bl func_08000F0C
	pop {r4}
	pop {r0}
	bx r0
	.byte 0x00, 0x00, 0x10, 0xB5, 0x84, 0x46, 0x0C, 0x1C, 0x00, 0x2C, 0x19, 0xD0, 0x63, 0x46, 0x40, 0x33
	.byte 0x0D, 0x4A, 0x0D, 0x48, 0x00, 0x68, 0x80, 0x00, 0xFF, 0x21, 0x08, 0x40, 0x40, 0x00, 0x80, 0x18
	.byte 0x00, 0x22, 0x81, 0x5E, 0x48, 0x00, 0x40, 0x18, 0x40, 0x00, 0x20, 0x18, 0xAC, 0x22, 0x52, 0x00
	.byte 0x62, 0x44, 0x00, 0x21, 0x11, 0x60, 0xD9, 0x68, 0x40, 0x1A, 0xC0, 0x10, 0x09, 0x18, 0xD9, 0x60
	.byte 0x10, 0xBC, 0x01, 0xBC, 0x00, 0x47, 0x00, 0x14, 0x12, 0x08, 0x80, 0x74, 0x00, 0x03
	thumb_func_start func_08050F10
func_08050F10: @ 08050F10
	push {r4, r5, lr}
	add sp, #-0x020
	mov r12, r0
	lsls r1, r1, #0x10
	lsrs r4, r1, #0x10
	lsls r2, r2, #0x10
	lsrs r5, r2, #0x10
	mov r3, r12
	adds r3, #0x40
	ldr r0, [r3, #0x34]
	ldr r1, [r3, #0x38]
	movs r2, #0x04
	ands r0, r2
	movs r1, #0x00
	adds r2, r1, #0x0
	orrs r2, r0
	cmp r2, #0x00
	beq _08050F46
	lsls r1, r4, #0x10
	asrs r1, r1, #0x08
	ldr r0, [r3, #0x04]
	adds r0, r0, r1
	str r0, [sp, #0x000]
	mov r1, sp
	movs r0, #0x01
	strh r0, [r1, #0x12]
	b _08050F54
_08050F46:
	lsls r0, r4, #0x10
	asrs r0, r0, #0x08
	ldr r1, [r3, #0x04]
	subs r1, r1, r0
	str r1, [sp, #0x000]
	mov r0, sp
	strh r2, [r0, #0x12]
_08050F54:
	lsls r1, r5, #0x10
	asrs r1, r1, #0x08
	ldr r0, [r3, #0x0C]
	adds r0, r0, r1
	str r0, [sp, #0x008]
	ldr r0, [r3, #0x08]
	str r0, [sp, #0x004]
	movs r0, #0xCA
	lsls r0, r0, #0x01
	add r0, r12
	ldr r1, _08050F78 @ =0x09EDB668
	mov r2, sp
	bl func_08000E14
	add sp, #0x020
	pop {r4, r5}
	pop {r0}
	bx r0
_08050F78: .4byte 0x09EDB668
	thumb_func_start task_hum_laxene_0
task_hum_laxene_0: @ 08050F7C
	push {r4, lr}
	adds r4, r0, #0x0
	ldr r1, _08050FCC @ =0x0813F588
	bl func_0800E168
	movs r1, #0xC7
	lsls r1, r1, #0x01
	adds r0, r4, r1
	movs r2, #0x00
	strh r2, [r0, #0x00]
	movs r0, #0xC4
	lsls r0, r0, #0x01
	adds r1, r4, r0
	ldr r0, _08050FD0 @ =0xFFFFD000
	str r0, [r1, #0x00]
	movs r1, #0xC8
	lsls r1, r1, #0x01
	adds r0, r4, r1
	strh r2, [r0, #0x00]
	ldr r0, [r4, #0x74]
	ldr r1, [r4, #0x78]
	ldr r2, _08050FD4 @ =0x00000000
	ldr r3, _08050FD8 @ =0x00000800
	orrs r1, r3
	str r0, [r4, #0x74]
	str r1, [r4, #0x78]
	movs r0, #0xC2
	lsls r0, r0, #0x01
	adds r1, r4, r0
	ldr r0, _08050FDC @ =0x0813F480
	str r0, [r1, #0x00]
	movs r1, #0xCA
	lsls r1, r1, #0x01
	adds r0, r4, r1
	movs r1, #0x0C
	bl func_08000E64
	pop {r4}
	pop {r0}
	bx r0
_08050FCC: .4byte 0x0813F588
_08050FD0: .4byte 0xFFFFD000
_08050FD4: .4byte 0x00000000
_08050FD8: .4byte 0x00000800
_08050FDC: .4byte 0x0813F480
	thumb_func_start task_hum_laxene_1
task_hum_laxene_1: @ 08050FE0
	push {r4, r5, r6, r7, lr}
	mov r7, r9
	mov r6, r8
	push {r6, r7}
	add sp, #-0x01C
	mov r8, r0
	mov r9, r8
	mov r7, r8
	adds r7, #0x40
	add r2, sp, #0x014
	add r3, sp, #0x018
	adds r0, r7, #0x0
	add r1, sp, #0x010
	bl func_0801C700
	mov r0, r8
	bl _0800E434
	cmp r0, #0x04
	beq _080510BC
	cmp r0, #0x05
	bne _080510D6
	movs r0, #0xA8
	lsls r0, r0, #0x01
	add r0, r8
	movs r1, #0x00
	strh r1, [r0, #0x00]
	movs r4, #0xA9
	lsls r4, r4, #0x01
	add r4, r8
	strh r1, [r4, #0x00]
	mov r0, r8
	bl _0800F84C
	adds r1, r0, #0x0
	cmp r1, #0x27
	bhi _08051038
	cmp r1, #0x26
	bcs _08051068
	cmp r1, #0x24
	beq _08051050
	cmp r1, #0x25
	beq _0805105C
	b _080510D6
_08051038:
	ldr r0, _08051048 @ =0xF35CFF3F
	cmp r1, r0
	beq _0805109A
	ldr r0, _0805104C @ =0xF49D2735
	cmp r1, r0
	beq _0805108E
	b _080510D6
	.byte 0x00, 0x00
_08051048: .4byte 0xF35CFF3F
_0805104C: .4byte 0xF49D2735
_08051050:
	movs r1, #0xB8
	lsls r1, r1, #0x01
	add r1, r8
	movs r0, #0x15
	str r0, [r1, #0x00]
	b _080510D6
_0805105C:
	movs r1, #0xB8
	lsls r1, r1, #0x01
	add r1, r8
	movs r0, #0x1E
	str r0, [r1, #0x00]
	b _080510D6
_08051068:
	ldrh r0, [r7, #0x2E]
	lsls r0, r0, #0x10
	movs r2, #0x2C
	ldsh r1, [r7, r2]
	asrs r0, r0, #0x11
	cmp r1, r0
	bge _08051082
	movs r1, #0xB8
	lsls r1, r1, #0x01
	add r1, r8
	movs r0, #0x1F
	str r0, [r1, #0x00]
	b _080510D6
_08051082:
	movs r1, #0xB8
	lsls r1, r1, #0x01
	add r1, r8
	movs r0, #0x16
	str r0, [r1, #0x00]
	b _080510D6
_0805108E:
	movs r1, #0xB8
	lsls r1, r1, #0x01
	add r1, r8
	movs r0, #0x19
	str r0, [r1, #0x00]
	b _080510D6
_0805109A:
	bl func_080065A4
	lsls r0, r0, #0x10
	lsrs r0, r0, #0x10
	movs r1, #0x03
	ands r0, r1
	adds r0, #0x04
	strh r0, [r4, #0x00]
	movs r1, #0xB8
	lsls r1, r1, #0x01
	add r1, r8
	movs r0, #0x20
	str r0, [r1, #0x00]
	adds r0, #0xFC
	bl func_0811FE70
	b _080510D6
_080510BC:
	ldr r0, _08051108 @ =0x000002A2
	bl func_0811FF3C
	movs r0, #0xB4
	lsls r0, r0, #0x01
	add r0, r8
	movs r1, #0x80
	lsls r1, r1, #0x01
	str r1, [r0, #0x00]
	movs r0, #0xB6
	lsls r0, r0, #0x01
	add r0, r8
	str r1, [r0, #0x00]
_080510D6:
	ldr r0, _0805110C @ =0x02039B84
	ldr r0, [r0, #0x00]
	movs r3, #0x86
	lsls r3, r3, #0x01
	adds r0, r0, r3
	ldr r0, [r0, #0x00]
	cmp r0, #0xA3
	bne _08051114
	movs r0, #0x32
	str r0, [sp, #0x000]
	mov r0, r8
	movs r1, #0x0F
	movs r2, #0x50
	movs r3, #0x50
	bl func_0800F5A4
	lsls r0, r0, #0x18
	cmp r0, #0x00
	beq _08051152
	movs r1, #0xC2
	lsls r1, r1, #0x01
	add r1, r8
	ldr r0, _08051110 @ =0x0813F480
	b _08051150
	.byte 0x00, 0x00
_08051108: .4byte 0x000002A2
_0805110C: .4byte 0x02039B84
_08051110: .4byte 0x0813F480
_08051114:
	movs r0, #0x32
	str r0, [sp, #0x000]
	mov r0, r8
	movs r1, #0x05
	movs r2, #0x50
	movs r3, #0x50
	bl func_0800F5A4
	lsls r0, r0, #0x18
	cmp r0, #0x00
	beq _08051152
	bl func_080065A4
	lsls r0, r0, #0x10
	lsrs r0, r0, #0x10
	movs r1, #0x01
	ands r0, r1
	cmp r0, #0x00
	beq _08051148
	movs r1, #0xC2
	lsls r1, r1, #0x01
	add r1, r8
	ldr r0, _08051144 @ =0x0813F480
	b _08051150
_08051144: .4byte 0x0813F480
_08051148:
	movs r1, #0xC2
	lsls r1, r1, #0x01
	add r1, r8
	ldr r0, _0805116C @ =0x0813F48C
_08051150:
	str r0, [r1, #0x00]
_08051152:
	movs r0, #0xB8
	lsls r0, r0, #0x01
	add r0, r8
	ldr r0, [r0, #0x00]
	cmp r0, #0x21
	bls _08051162
	bl _0805234E
_08051162:
	lsls r0, r0, #0x02
	ldr r1, _08051170 @ =0x08051174
	adds r0, r0, r1
	ldr r0, [r0, #0x00]
	mov pc, r0
_0805116C: .4byte 0x0813F48C
_08051170: .4byte 0x08051174
	.byte 0x28, 0x12, 0x05, 0x08, 0x12, 0x14, 0x05, 0x08, 0x4E, 0x23, 0x05, 0x08, 0x12, 0x14, 0x05, 0x08
	.byte 0x4E, 0x23, 0x05, 0x08, 0x4E, 0x23, 0x05, 0x08, 0x4E, 0x23, 0x05, 0x08, 0x4E, 0x23, 0x05, 0x08
	.byte 0x88, 0x12, 0x05, 0x08, 0x12, 0x14, 0x05, 0x08, 0x4E, 0x23, 0x05, 0x08, 0x12, 0x14, 0x05, 0x08
	.byte 0xFC, 0x11, 0x05, 0x08, 0x4E, 0x23, 0x05, 0x08, 0x12, 0x14, 0x05, 0x08, 0x4E, 0x23, 0x05, 0x08
	.byte 0x4E, 0x23, 0x05, 0x08, 0x0C, 0x12, 0x05, 0x08, 0xFC, 0x11, 0x05, 0x08, 0x4E, 0x23, 0x05, 0x08
	.byte 0x4E, 0x23, 0x05, 0x08, 0x24, 0x19, 0x05, 0x08, 0x74, 0x16, 0x05, 0x08, 0xD0, 0x16, 0x05, 0x08
	.byte 0x8C, 0x17, 0x05, 0x08, 0x38, 0x14, 0x05, 0x08, 0x88, 0x14, 0x05, 0x08, 0x38, 0x15, 0x05, 0x08
	.byte 0x88, 0x15, 0x05, 0x08, 0x50, 0x16, 0x05, 0x08, 0xCC, 0x17, 0x05, 0x08, 0x90, 0x1B, 0x05, 0x08
	.byte 0x96, 0x1E, 0x05, 0x08, 0x90, 0x21, 0x05, 0x08, 0x02, 0x48, 0x49, 0x46, 0x14, 0x31, 0x4C, 0x46
	.byte 0x62, 0x68, 0x06, 0xE0, 0x98, 0xF4, 0x13, 0x08, 0x05, 0x48, 0x49, 0x46, 0x14, 0x31, 0x4B, 0x46
	.byte 0x5A, 0x68, 0x00, 0x92, 0x00, 0x22, 0x01, 0x23, 0xC7, 0xF7, 0x24, 0xFF, 0x01, 0xF0, 0x95, 0xF8
	.byte 0x98, 0xF4, 0x13, 0x08, 0x16, 0x48, 0x49, 0x46, 0x14, 0x31, 0x4C, 0x46, 0x62, 0x68, 0x00, 0x92
	.byte 0x00, 0x22, 0x01, 0x23, 0xC7, 0xF7, 0x16, 0xFF, 0x40, 0x46, 0x05, 0x21, 0xBE, 0xF7, 0x92, 0xF8
	.byte 0x30, 0xF0, 0xF0, 0xFA, 0x00, 0x06, 0x00, 0x28, 0x01, 0xD0, 0x01, 0xF0, 0x7E, 0xF8, 0xB5, 0xF7
	.byte 0xA7, 0xF9, 0x00, 0x04, 0x00, 0x0C, 0x1E, 0x21, 0xCC, 0xF0, 0xB6, 0xFA, 0x00, 0x04, 0x02, 0x0C
	.byte 0x00, 0x2A, 0x01, 0xD0, 0x01, 0xF0, 0x6B, 0xF8, 0xB8, 0x20, 0x40, 0x00, 0x40, 0x44, 0x08, 0x21
	.byte 0x01, 0x60, 0xA8, 0x20, 0x40, 0x00, 0x40, 0x44, 0x02, 0x80, 0x01, 0xF0, 0x66, 0xF8, 0x00, 0x00
	.byte 0x98, 0xF4, 0x13, 0x08, 0xA8, 0x20, 0x40, 0x00, 0x40, 0x44, 0x00, 0x21, 0x40, 0x5E, 0x00, 0x28
	.byte 0x5F, 0xD1, 0x28, 0x48, 0x49, 0x46, 0x14, 0x31, 0x4B, 0x46, 0x5A, 0x68, 0x00, 0x92, 0x01, 0x22
	.byte 0x00, 0x23, 0xC7, 0xF7, 0xDF, 0xFE, 0xB5, 0xF7, 0x7B, 0xF9, 0xAE, 0x26, 0x76, 0x00, 0x46, 0x44
	.byte 0x21, 0x4D, 0x29, 0x68, 0x0A, 0x1C, 0xDA, 0x32, 0x00, 0x23, 0xD4, 0x5E, 0x00, 0x04, 0x00, 0x0C
	.byte 0xDC, 0x31, 0x00, 0x22, 0x89, 0x5E, 0x09, 0x1B, 0x01, 0x31, 0xCC, 0xF0, 0xD9, 0xF9, 0x24, 0x18
	.byte 0x24, 0x02, 0x34, 0x60, 0xB5, 0xF7, 0x64, 0xF9, 0xB0, 0x26, 0x76, 0x00, 0x46, 0x44, 0x29, 0x68
	.byte 0x0A, 0x1C, 0xDE, 0x32, 0x00, 0x23, 0xD4, 0x5E, 0x00, 0x04, 0x00, 0x0C, 0xE0, 0x31, 0x00, 0x22
	.byte 0x89, 0x5E, 0x09, 0x1B, 0x01, 0x31, 0xCC, 0xF0, 0xC3, 0xF9, 0x24, 0x18, 0x24, 0x02, 0x34, 0x60
	.byte 0xB5, 0xF7, 0x4E, 0xF9, 0xB2, 0x24, 0x64, 0x00, 0x44, 0x44, 0x00, 0x04, 0x00, 0x0C, 0x47, 0x21
	.byte 0xCC, 0xF0, 0x5A, 0xFA, 0x00, 0x04, 0x00, 0x0A, 0x40, 0x42, 0x20, 0x60, 0x38, 0x1C, 0xE4, 0x30
	.byte 0x00, 0x68, 0xF4, 0x30, 0x00, 0x68, 0x32, 0x28, 0x08, 0xD1, 0xA9, 0x21, 0x49, 0x00, 0x41, 0x44
	.byte 0x0C, 0x20, 0x07, 0xE0, 0x98, 0xF4, 0x13, 0x08, 0x84, 0x9B, 0x03, 0x02, 0xA9, 0x21, 0x49, 0x00
	.byte 0x41, 0x44, 0x19, 0x20, 0x08, 0x80, 0xC4, 0x21, 0x49, 0x00, 0x49, 0x44, 0x00, 0x20, 0x08, 0x60
	.byte 0x10, 0xE0, 0x40, 0x46, 0x14, 0x30, 0xB4, 0xF7, 0xDF, 0xFB, 0x00, 0x06, 0x00, 0x28, 0x09, 0xD0
	.byte 0x1E, 0x48, 0x49, 0x46, 0x14, 0x31, 0x4B, 0x46, 0x5A, 0x68, 0x00, 0x92, 0x02, 0x22, 0x01, 0x23
	.byte 0xC7, 0xF7, 0x78, 0xFE, 0x38, 0x1D, 0xAE, 0x25, 0x6D, 0x00, 0x45, 0x44, 0x29, 0x68, 0xA9, 0x24
	.byte 0x64, 0x00, 0x44, 0x44, 0x22, 0x88, 0xB4, 0xF7, 0xB7, 0xFA, 0x38, 0x1C, 0x08, 0x30, 0xB0, 0x21
	.byte 0x49, 0x00, 0x41, 0x44, 0x09, 0x68, 0x22, 0x88, 0xB4, 0xF7, 0xAE, 0xFA, 0x38, 0x1C, 0x0C, 0x30
	.byte 0xB2, 0x21, 0x49, 0x00, 0x41, 0x44, 0x09, 0x68, 0x22, 0x88, 0xB4, 0xF7, 0xA5, 0xFA, 0x20, 0x88
	.byte 0x01, 0x38, 0x00, 0x21, 0x20, 0x80, 0x00, 0x04, 0x00, 0x28, 0x11, 0xDC, 0xB8, 0x20, 0x40, 0x00
	.byte 0x40, 0x44, 0x01, 0x60, 0xA8, 0x20, 0x40, 0x00, 0x40, 0x44, 0x01, 0x80, 0xC4, 0x21, 0x49, 0x00
	.byte 0x49, 0x44, 0xF8, 0x68, 0x08, 0x60, 0x00, 0xF0, 0xB8, 0xFF, 0x00, 0x00, 0x98, 0xF4, 0x13, 0x08
	.byte 0xAC, 0x20, 0x40, 0x00, 0x40, 0x44, 0x01, 0x60, 0x79, 0x68, 0x28, 0x68, 0x81, 0x42, 0x05, 0xDA
	.byte 0x78, 0x6B, 0xB9, 0x6B, 0x05, 0x22, 0x52, 0x42, 0x10, 0x40, 0x04, 0xE0, 0x78, 0x6B, 0xB9, 0x6B
	.byte 0x04, 0x22, 0x00, 0x23, 0x10, 0x43, 0x78, 0x63, 0xB9, 0x63, 0x00, 0xF0, 0x98, 0xFF, 0xC4, 0x21
	.byte 0x49, 0x00, 0x49, 0x44, 0x00, 0x20, 0x08, 0x60, 0x05, 0x48, 0x49, 0x46, 0x14, 0x31, 0x4C, 0x46
	.byte 0x62, 0x68, 0x00, 0x92, 0x03, 0x22, 0x00, 0x23, 0xC7, 0xF7, 0x1C, 0xFE, 0x00, 0xF0, 0x8D, 0xFF
	.byte 0x98, 0xF4, 0x13, 0x08, 0xA8, 0x24, 0x64, 0x00, 0x44, 0x44, 0x00, 0x20, 0x25, 0x5E, 0x00, 0x2D
	.byte 0x0D, 0xD1, 0x0F, 0x48, 0x49, 0x46, 0x14, 0x31, 0x4B, 0x46, 0x5A, 0x68, 0x00, 0x92, 0x06, 0x22
	.byte 0x00, 0x23, 0xC7, 0xF7, 0x07, 0xFE, 0xC4, 0x20, 0x40, 0x00, 0x48, 0x44, 0x05, 0x60, 0x40, 0x46
	.byte 0x14, 0x30, 0xB4, 0xF7, 0x59, 0xFB, 0x00, 0x06, 0x00, 0x28, 0x00, 0xD1, 0xA5, 0xE1, 0x00, 0x20
	.byte 0x20, 0x80, 0xB8, 0x21, 0x49, 0x00, 0x41, 0x44, 0x1A, 0x20, 0x08, 0x60, 0x00, 0xF0, 0x65, 0xFF
	.byte 0x98, 0xF4, 0x13, 0x08, 0xA8, 0x20, 0x40, 0x00, 0x40, 0x44, 0x00, 0x24, 0x00, 0x5F, 0x00, 0x28
	.byte 0x37, 0xD1, 0x11, 0x48, 0x49, 0x46, 0x14, 0x31, 0x4B, 0x46, 0x5A, 0x68, 0x00, 0x92, 0x07, 0x22
	.byte 0x01, 0x23, 0xC7, 0xF7, 0xDF, 0xFD, 0x78, 0x6B, 0xB9, 0x6B, 0x04, 0x22, 0x10, 0x40, 0x00, 0x21
	.byte 0x08, 0x43, 0x00, 0x28, 0x16, 0xD0, 0x78, 0x68, 0x80, 0x24, 0xE4, 0x00, 0x01, 0x19, 0xBA, 0x68
	.byte 0xFB, 0x68, 0x06, 0x4C, 0x1B, 0x19, 0x00, 0x90, 0x01, 0x92, 0x02, 0x93, 0x04, 0x48, 0x03, 0x90
	.byte 0x00, 0x20, 0xC4, 0xF7, 0xAD, 0xF9, 0x14, 0xE0, 0x98, 0xF4, 0x13, 0x08, 0x00, 0xB0, 0xFF, 0xFF
	.byte 0x35, 0x01, 0x00, 0x00, 0x78, 0x68, 0x10, 0x4A, 0x81, 0x18, 0xBA, 0x68, 0xFB, 0x68, 0x0F, 0x4C
	.byte 0x1B, 0x19, 0x00, 0x90, 0x01, 0x92, 0x02, 0x93, 0x0D, 0x48, 0x03, 0x90, 0x00, 0x20, 0xC4, 0xF7
	.byte 0x97, 0xF9, 0xC1, 0xF7, 0xF1, 0xF9, 0x00, 0x06, 0x01, 0x0E, 0x00, 0x29, 0x01, 0xD0, 0x00, 0xF0
	.byte 0x16, 0xFF, 0xA8, 0x20, 0x40, 0x00, 0x40, 0x44, 0x01, 0x80, 0xB8, 0x21, 0x49, 0x00, 0x41, 0x44
	.byte 0x1B, 0x20, 0x08, 0x60, 0x00, 0xF0, 0x11, 0xFF, 0x00, 0xFC, 0xFF, 0xFF, 0x00, 0xB0, 0xFF, 0xFF
	.byte 0x35, 0x01, 0x00, 0x00, 0xA8, 0x24, 0x64, 0x00, 0x44, 0x44, 0x00, 0x21, 0x60, 0x5E, 0x00, 0x28
	.byte 0x09, 0xD1, 0x0F, 0x48, 0x49, 0x46, 0x14, 0x31, 0x4B, 0x46, 0x5A, 0x68, 0x00, 0x92, 0x09, 0x22
	.byte 0x00, 0x23, 0xC7, 0xF7, 0x87, 0xFD, 0x40, 0x46, 0x01, 0x21, 0xBD, 0xF7, 0x03, 0xFF, 0x40, 0x46
	.byte 0x14, 0x30, 0xB4, 0xF7, 0xD9, 0xFA, 0x00, 0x06, 0x00, 0x28, 0x00, 0xD1, 0x25, 0xE1, 0x00, 0x20
	.byte 0x20, 0x80, 0xB8, 0x21, 0x49, 0x00, 0x41, 0x44, 0x1C, 0x20, 0x08, 0x60, 0x00, 0xF0, 0xE5, 0xFE
	.byte 0x98, 0xF4, 0x13, 0x08, 0xA8, 0x20, 0x40, 0x00, 0x40, 0x44, 0x00, 0x24, 0x00, 0x5F, 0x00, 0x28
	.byte 0x38, 0xD1, 0x11, 0x48, 0x49, 0x46, 0x14, 0x31, 0x4B, 0x46, 0x5A, 0x68, 0x00, 0x92, 0x0A, 0x22
	.byte 0x01, 0x23, 0xC7, 0xF7, 0x5F, 0xFD, 0x0D, 0x48, 0xCE, 0xF0, 0x60, 0xFC, 0x78, 0x6B, 0xB9, 0x6B
	.byte 0x04, 0x22, 0x10, 0x40, 0x00, 0x21, 0x08, 0x43, 0x00, 0x28, 0x15, 0xD0, 0x78, 0x68, 0x08, 0x4C
	.byte 0x00, 0x19, 0xB9, 0x68, 0xFA, 0x68, 0x07, 0x4B, 0xD2, 0x18, 0x9B, 0x23, 0x5B, 0x00, 0x00, 0x93
	.byte 0x01, 0x23, 0xC7, 0xF7, 0xA5, 0xF8, 0x15, 0xE0, 0x98, 0xF4, 0x13, 0x08, 0xA2, 0x02, 0x00, 0x00
	.byte 0x00, 0xF0, 0xFF, 0xFF, 0x00, 0xD0, 0xFF, 0xFF, 0x78, 0x68, 0x80, 0x24, 0x64, 0x01, 0x00, 0x19
	.byte 0xB9, 0x68, 0xFA, 0x68, 0x13, 0x4B, 0xD2, 0x18, 0x9B, 0x23, 0x5B, 0x00, 0x00, 0x93, 0x00, 0x23
	.byte 0xC7, 0xF7, 0x8E, 0xF8, 0x05, 0x99, 0xB8, 0x68, 0x09, 0x1A, 0xC9, 0x10, 0x40, 0x18, 0xB8, 0x60
	.byte 0x00, 0x20, 0x00, 0x22, 0xC3, 0xF7, 0xA0, 0xF8, 0xC1, 0xF7, 0x66, 0xF9, 0x00, 0x06, 0x04, 0x0E
	.byte 0x00, 0x2C, 0x01, 0xD0, 0x00, 0xF0, 0x8B, 0xFE, 0x07, 0x48, 0xCE, 0xF0, 0x85, 0xFC, 0xA8, 0x20
	.byte 0x40, 0x00, 0x40, 0x44, 0x04, 0x80, 0xB8, 0x21, 0x49, 0x00, 0x41, 0x44, 0x1D, 0x20, 0x08, 0x60
	.byte 0x00, 0xF0, 0x83, 0xFE, 0x00, 0xD0, 0xFF, 0xFF, 0xA2, 0x02, 0x00, 0x00, 0xA8, 0x24, 0x64, 0x00
	.byte 0x44, 0x44, 0x00, 0x21, 0x60, 0x5E, 0x00, 0x28, 0x00, 0xD0, 0xA6, 0xE0, 0x03, 0x48, 0x49, 0x46
	.byte 0x14, 0x31, 0x4B, 0x46, 0x5A, 0x68, 0x00, 0x92, 0x0B, 0x22, 0x9B, 0xE0, 0x98, 0xF4, 0x13, 0x08
	.byte 0xA8, 0x24, 0x64, 0x00, 0x44, 0x44, 0x00, 0x20, 0x25, 0x5E, 0x00, 0x2D, 0x10, 0xD1, 0x11, 0x48
	.byte 0x49, 0x46, 0x14, 0x31, 0x4B, 0x46, 0x5A, 0x68, 0x00, 0x92, 0x06, 0x22, 0x00, 0x23, 0xC7, 0xF7
	.byte 0xE9, 0xFC, 0xC4, 0x20, 0x40, 0x00, 0x48, 0x44, 0x05, 0x60, 0x0B, 0x48, 0xCE, 0xF0, 0xE6, 0xFB
	.byte 0x40, 0x46, 0x14, 0x30, 0xB4, 0xF7, 0x38, 0xFA, 0x00, 0x06, 0x00, 0x28, 0x00, 0xD1, 0x84, 0xE0
	.byte 0x00, 0x20, 0x20, 0x80, 0xB8, 0x21, 0x49, 0x00, 0x41, 0x44, 0x17, 0x20, 0x08, 0x60, 0x00, 0xF0
	.byte 0x44, 0xFE, 0x00, 0x00, 0x98, 0xF4, 0x13, 0x08, 0x1B, 0x01, 0x00, 0x00, 0xA8, 0x20, 0x40, 0x00
	.byte 0x40, 0x44, 0x00, 0x24, 0x05, 0x5F, 0x00, 0x2D, 0x3D, 0xD1, 0x13, 0x48, 0x49, 0x46, 0x14, 0x31
	.byte 0x4B, 0x46, 0x5A, 0x68, 0x00, 0x92, 0x07, 0x22, 0x01, 0x23, 0xC7, 0xF7, 0xBB, 0xFC, 0x78, 0x6B
	.byte 0xB9, 0x6B, 0x04, 0x22, 0x10, 0x40, 0x00, 0x21, 0x0C, 0x1C, 0x04, 0x43, 0x00, 0x2C, 0x19, 0xD0
	.byte 0x79, 0x68, 0x80, 0x24, 0xE4, 0x00, 0x09, 0x19, 0xBA, 0x68, 0xFB, 0x68, 0x07, 0x48, 0x1B, 0x18
	.byte 0x04, 0x98, 0x00, 0x90, 0x05, 0x98, 0x01, 0x90, 0x02, 0x95, 0x05, 0x48, 0x03, 0x90, 0x01, 0x20
	.byte 0xC4, 0xF7, 0x86, 0xF8, 0x17, 0xE0, 0x00, 0x00, 0x98, 0xF4, 0x13, 0x08, 0x00, 0xB0, 0xFF, 0xFF
	.byte 0x35, 0x01, 0x00, 0x00, 0x79, 0x68, 0x11, 0x4A, 0x89, 0x18, 0xBA, 0x68, 0xFB, 0x68, 0x10, 0x48
	.byte 0x1B, 0x18, 0x04, 0x98, 0x00, 0x90, 0x05, 0x98, 0x01, 0x90, 0x02, 0x94, 0x0D, 0x48, 0x03, 0x90
	.byte 0x01, 0x20, 0xC4, 0xF7, 0x6D, 0xF8, 0xC1, 0xF7, 0xC7, 0xF8, 0x00, 0x06, 0x01, 0x0E, 0x00, 0x29
	.byte 0x01, 0xD0, 0x00, 0xF0, 0xEC, 0xFD, 0xA8, 0x20, 0x40, 0x00, 0x40, 0x44, 0x01, 0x80, 0xB8, 0x21
	.byte 0x49, 0x00, 0x41, 0x44, 0x18, 0x20, 0x08, 0x60, 0x00, 0xF0, 0xE7, 0xFD, 0x00, 0xFC, 0xFF, 0xFF
	.byte 0x00, 0xB0, 0xFF, 0xFF, 0x35, 0x01, 0x00, 0x00, 0xA8, 0x24, 0x64, 0x00, 0x44, 0x44, 0x00, 0x21
	.byte 0x60, 0x5E, 0x00, 0x28, 0x09, 0xD1, 0x0B, 0x48, 0x49, 0x46, 0x14, 0x31, 0x4B, 0x46, 0x5A, 0x68
	.byte 0x00, 0x92, 0x08, 0x22, 0x00, 0x23, 0xC7, 0xF7, 0x5D, 0xFC, 0x40, 0x46, 0x14, 0x30, 0xB4, 0xF7
	.byte 0xB3, 0xF9, 0x00, 0x06, 0x00, 0x28, 0x00, 0xD0, 0xA3, 0xE0, 0x20, 0x88, 0x01, 0x30, 0x20, 0x80
	.byte 0x00, 0xF0, 0xC3, 0xFD, 0x98, 0xF4, 0x13, 0x08, 0xA8, 0x25, 0x6D, 0x00, 0x45, 0x44, 0x00, 0x20
	.byte 0x2C, 0x5E, 0x00, 0x2C, 0x1E, 0xD1, 0x16, 0x48, 0xCE, 0xF0, 0x48, 0xFB, 0x15, 0x48, 0x49, 0x46
	.byte 0x14, 0x31, 0x4B, 0x46, 0x5A, 0x68, 0x00, 0x92, 0x0C, 0x22, 0x00, 0x23, 0xC7, 0xF7, 0x3A, 0xFC
	.byte 0x11, 0x48, 0x00, 0x68, 0xB3, 0x30, 0x01, 0x78, 0x00, 0x20, 0x08, 0x22, 0xB4, 0xF7, 0x1A, 0xFD
	.byte 0xC4, 0x20, 0x40, 0x00, 0x48, 0x44, 0x04, 0x60, 0xAC, 0x21, 0x49, 0x00, 0x41, 0x44, 0x80, 0x20
	.byte 0xC0, 0x00, 0x08, 0x60, 0xC8, 0xF7, 0x0A, 0xF9, 0x28, 0x88, 0x1C, 0x38, 0x00, 0x04, 0x00, 0x14
	.byte 0x18, 0x28, 0x62, 0xD8, 0x80, 0x00, 0x05, 0x49, 0x40, 0x18, 0x00, 0x68, 0x87, 0x46, 0x00, 0x00
	.byte 0x1D, 0x01, 0x00, 0x00, 0x98, 0xF4, 0x13, 0x08, 0x84, 0x9B, 0x03, 0x02, 0x44, 0x18, 0x05, 0x08
	.byte 0xA8, 0x18, 0x05, 0x08, 0xEE, 0x18, 0x05, 0x08, 0xEE, 0x18, 0x05, 0x08, 0xEE, 0x18, 0x05, 0x08
	.byte 0xB2, 0x18, 0x05, 0x08, 0xEE, 0x18, 0x05, 0x08, 0xEE, 0x18, 0x05, 0x08, 0xEE, 0x18, 0x05, 0x08
	.byte 0xBC, 0x18, 0x05, 0x08, 0xEE, 0x18, 0x05, 0x08, 0xEE, 0x18, 0x05, 0x08, 0xEE, 0x18, 0x05, 0x08
	.byte 0xEE, 0x18, 0x05, 0x08, 0xEE, 0x18, 0x05, 0x08, 0xEE, 0x18, 0x05, 0x08, 0xEE, 0x18, 0x05, 0x08
	.byte 0xC6, 0x18, 0x05, 0x08, 0xEE, 0x18, 0x05, 0x08, 0xEE, 0x18, 0x05, 0x08, 0xEE, 0x18, 0x05, 0x08
	.byte 0xD0, 0x18, 0x05, 0x08, 0xEE, 0x18, 0x05, 0x08, 0xEE, 0x18, 0x05, 0x08, 0xEE, 0x18, 0x05, 0x08
	.byte 0xE0, 0x18, 0x05, 0x08, 0x26, 0x21, 0x49, 0x42, 0x0B, 0x22, 0x52, 0x42, 0x12, 0xE0, 0x25, 0x21
	.byte 0x49, 0x42, 0x19, 0x22, 0x52, 0x42, 0x0D, 0xE0, 0x20, 0x21, 0x49, 0x42, 0x26, 0x22, 0x52, 0x42
	.byte 0x08, 0xE0, 0x24, 0x21, 0x49, 0x42, 0x12, 0x22, 0x52, 0x42, 0x03, 0xE0, 0x23, 0x21, 0x49, 0x42
	.byte 0x20, 0x22, 0x52, 0x42, 0x48, 0x46, 0xFF, 0xF7, 0x19, 0xFB, 0x06, 0xE0, 0x1E, 0x21, 0x49, 0x42
	.byte 0x2D, 0x22, 0x52, 0x42, 0x48, 0x46, 0xFF, 0xF7, 0x11, 0xFB, 0xA8, 0x24, 0x64, 0x00, 0x44, 0x44
	.byte 0x21, 0x88, 0x00, 0x22, 0xA0, 0x5E, 0x78, 0x28, 0x0E, 0xDD, 0x00, 0x20, 0x08, 0x21, 0xB4, 0xF7
	.byte 0x71, 0xFC, 0x38, 0x1C, 0xC9, 0xF7, 0xFE, 0xFA, 0xB8, 0x21, 0x49, 0x00, 0x41, 0x44, 0x00, 0x20
	.byte 0x08, 0x60, 0x20, 0x80, 0x00, 0xF0, 0x19, 0xFD, 0x48, 0x1C, 0x20, 0x80, 0x00, 0xF0, 0x15, 0xFD
	.byte 0xA8, 0x20, 0x40, 0x00, 0x40, 0x44, 0x00, 0x23, 0xC0, 0x5E, 0x45, 0x46, 0x14, 0x35, 0x00, 0x28
	.byte 0x2C, 0xD1, 0x28, 0x1C, 0xB4, 0xF7, 0x14, 0xF9, 0xA9, 0x20, 0x40, 0x00, 0x40, 0x44, 0x00, 0x24
	.byte 0x00, 0x5F, 0x00, 0x28, 0x0C, 0xD1, 0x05, 0x48, 0x49, 0x46, 0x14, 0x31, 0x4B, 0x46, 0x5A, 0x68
	.byte 0x00, 0x92, 0x05, 0x22, 0x00, 0x23, 0xC7, 0xF7, 0x85, 0xFB, 0x0B, 0xE0, 0x98, 0xF4, 0x13, 0x08
	.byte 0x13, 0x48, 0x49, 0x46, 0x14, 0x31, 0x4C, 0x46, 0x62, 0x68, 0x00, 0x92, 0x04, 0x22, 0x00, 0x23
	.byte 0xC7, 0xF7, 0x78, 0xFB, 0xC4, 0x21, 0x49, 0x00, 0x49, 0x44, 0x00, 0x20, 0x08, 0x60, 0xC7, 0x22
	.byte 0x52, 0x00, 0x4A, 0x44, 0x11, 0x88, 0x0B, 0x48, 0x08, 0x40, 0x10, 0x80, 0x41, 0x46, 0xC8, 0x8B
	.byte 0x00, 0x28, 0x4A, 0xD1, 0x28, 0x1C, 0xB4, 0xF7, 0xCD, 0xF8, 0x00, 0x04, 0x00, 0x0C, 0x02, 0x38
	.byte 0x08, 0x28, 0x2F, 0xD8, 0x80, 0x00, 0x04, 0x49, 0x40, 0x18, 0x00, 0x68, 0x87, 0x46, 0x00, 0x00
	.byte 0x98, 0xF4, 0x13, 0x08, 0xFE, 0xFF, 0x00, 0x00, 0xC0, 0x19, 0x05, 0x08, 0xE4, 0x19, 0x05, 0x08
	.byte 0xE8, 0x19, 0x05, 0x08, 0xF0, 0x19, 0x05, 0x08, 0x00, 0x1A, 0x05, 0x08, 0x08, 0x1A, 0x05, 0x08
	.byte 0x08, 0x1A, 0x05, 0x08, 0x08, 0x1A, 0x05, 0x08, 0xF8, 0x19, 0x05, 0x08, 0x00, 0x1A, 0x05, 0x08
	.byte 0x0D, 0x23, 0x10, 0xE0, 0x00, 0x4B, 0x0E, 0xE0, 0xFF, 0xFF, 0x00, 0x00, 0x00, 0x4B, 0x0A, 0xE0
	.byte 0xFC, 0xFF, 0x00, 0x00, 0x00, 0x4B, 0x06, 0xE0, 0xFE, 0xFF, 0x00, 0x00, 0x00, 0x4B, 0x02, 0xE0
	.byte 0xFD, 0xFF, 0x00, 0x00, 0x00, 0x23, 0x78, 0x6B, 0xB9, 0x6B, 0x04, 0x22, 0x10, 0x40, 0x00, 0x21
	.byte 0x08, 0x43, 0x00, 0x28, 0x04, 0xD0, 0x19, 0x04, 0x09, 0x12, 0x78, 0x68, 0x40, 0x1A, 0x03, 0xE0
	.byte 0x19, 0x04, 0x09, 0x12, 0x78, 0x68, 0x40, 0x18, 0x78, 0x60, 0x78, 0x6B, 0xB9, 0x6B, 0x04, 0x22
	.byte 0x10, 0x40, 0x00, 0x21, 0x08, 0x43, 0x00, 0x28, 0x06, 0xD0, 0x78, 0x68, 0x01, 0x4B, 0xC2, 0x18
	.byte 0x06, 0xE0, 0x00, 0x00, 0x00, 0xF0, 0xFF, 0xFF, 0x78, 0x68, 0x80, 0x24, 0x64, 0x01, 0x02, 0x19
	.byte 0x04, 0x99, 0x89, 0x1A, 0x09, 0x11, 0x40, 0x18, 0x78, 0x60, 0x41, 0x46, 0xC8, 0x8B, 0x00, 0x28
	.byte 0x66, 0xD1, 0x28, 0x1C, 0xB4, 0xF7, 0x66, 0xF8, 0x00, 0x04, 0x00, 0x0C, 0x02, 0x28, 0x02, 0xD0
	.byte 0x08, 0x28, 0x23, 0xD0, 0x5C, 0xE0, 0xC7, 0xF7, 0xD9, 0xFF, 0x78, 0x6B, 0xB9, 0x6B, 0x04, 0x22
	.byte 0x10, 0x40, 0x00, 0x21, 0x08, 0x43, 0x00, 0x28, 0x0C, 0xD0, 0x04, 0x48, 0x79, 0x68, 0x04, 0x4A
	.byte 0x89, 0x18, 0xBA, 0x68, 0xFB, 0x68, 0x08, 0x24, 0x22, 0xE0, 0x00, 0x00, 0x31, 0x01, 0x00, 0x00
	.byte 0x00, 0xE8, 0xFF, 0xFF, 0x04, 0x48, 0x79, 0x68, 0xC0, 0x23, 0x5B, 0x01, 0xC9, 0x18, 0xBA, 0x68
	.byte 0xFB, 0x68, 0x08, 0x24, 0x29, 0xE0, 0x00, 0x00, 0x31, 0x01, 0x00, 0x00, 0xC7, 0xF7, 0xB6, 0xFF
	.byte 0x78, 0x6B, 0xB9, 0x6B, 0x04, 0x22, 0x10, 0x40, 0x00, 0x21, 0x08, 0x43, 0x00, 0x28, 0x13, 0xD0
	.byte 0x99, 0x20, 0x40, 0x00, 0x79, 0x68, 0x07, 0x4C, 0x09, 0x19, 0xBA, 0x68, 0xFB, 0x68, 0x10, 0x24
	.byte 0x00, 0x94, 0x18, 0x24, 0x01, 0x94, 0x32, 0x24, 0x02, 0x94, 0xC0, 0xF7, 0x43, 0xFA, 0x00, 0x28
	.byte 0x14, 0xD1, 0x1D, 0xE0, 0x00, 0xF0, 0xFF, 0xFF, 0x99, 0x20, 0x40, 0x00, 0x79, 0x68, 0x80, 0x22
	.byte 0x52, 0x01, 0x89, 0x18, 0xBA, 0x68, 0xFB, 0x68, 0x10, 0x24, 0x00, 0x94, 0x18, 0x24, 0x01, 0x94
	.byte 0x32, 0x24, 0x02, 0x94, 0xC0, 0xF7, 0x2E, 0xFA, 0x00, 0x28, 0x09, 0xD0, 0x15, 0x48, 0xCE, 0xF0
	.byte 0xA5, 0xF9, 0xC7, 0x22, 0x52, 0x00, 0x4A, 0x44, 0x11, 0x88, 0x01, 0x20, 0x08, 0x43, 0x10, 0x80
	.byte 0x28, 0x1C, 0xB3, 0xF7, 0xF1, 0xFF, 0x00, 0x06, 0x00, 0x28, 0x01, 0xD1, 0x00, 0xF0, 0xFF, 0xFB
	.byte 0xA8, 0x20, 0x40, 0x00, 0x40, 0x44, 0x00, 0x21, 0x01, 0x80, 0xA9, 0x22, 0x52, 0x00, 0x42, 0x44
	.byte 0x00, 0x23, 0xD0, 0x5E, 0x00, 0x28, 0x0F, 0xDC, 0xC7, 0x20, 0x40, 0x00, 0x48, 0x44, 0x01, 0x88
	.byte 0x01, 0x20, 0x08, 0x40, 0x00, 0x28, 0x07, 0xD0, 0xB8, 0x21, 0x49, 0x00, 0x41, 0x44, 0x15, 0x20
	.byte 0x8A, 0xE1, 0x00, 0x00, 0xA3, 0x02, 0x00, 0x00, 0x38, 0x1C, 0xC9, 0xF7, 0xC3, 0xF9, 0xB8, 0x21
	.byte 0x49, 0x00, 0x41, 0x44, 0x00, 0x20, 0x08, 0x60, 0x00, 0xF0, 0xDF, 0xFB, 0xA8, 0x20, 0x40, 0x00
	.byte 0x40, 0x44, 0x00, 0x24, 0x00, 0x5F, 0x45, 0x46, 0x14, 0x35, 0x00, 0x28, 0x36, 0xD1, 0x28, 0x1C
	.byte 0xB3, 0xF7, 0xDE, 0xFF, 0xA9, 0x20, 0x40, 0x00, 0x40, 0x44, 0x01, 0x88, 0x01, 0x20, 0x08, 0x40
	.byte 0x00, 0x28, 0x0D, 0xD1, 0x05, 0x48, 0x49, 0x46, 0x14, 0x31, 0x4B, 0x46, 0x5A, 0x68, 0x00, 0x92
	.byte 0x0D, 0x22, 0x00, 0x23, 0xC7, 0xF7, 0x4E, 0xFA, 0x0C, 0xE0, 0x00, 0x00, 0x98, 0xF4, 0x13, 0x08
	.byte 0x17, 0x48, 0x49, 0x46, 0x14, 0x31, 0x4C, 0x46, 0x62, 0x68, 0x00, 0x92, 0x0E, 0x22, 0x00, 0x23
	.byte 0xC7, 0xF7, 0x40, 0xFA, 0xC4, 0x21, 0x49, 0x00, 0x49, 0x44, 0x00, 0x20, 0x08, 0x60, 0xC7, 0x22
	.byte 0x52, 0x00, 0x4A, 0x44, 0x11, 0x88, 0x0F, 0x48, 0x08, 0x40, 0x10, 0x80, 0x78, 0x68, 0x78, 0x61
	.byte 0xAC, 0x21, 0x49, 0x00, 0x41, 0x44, 0x80, 0x20, 0xC0, 0x00, 0x08, 0x60, 0x41, 0x46, 0xC8, 0x8B
	.byte 0x00, 0x28, 0x4A, 0xD1, 0x28, 0x1C, 0xB3, 0xF7, 0x8D, 0xFF, 0x00, 0x04, 0x00, 0x0C, 0x02, 0x38
	.byte 0x08, 0x28, 0x2F, 0xD8, 0x80, 0x00, 0x04, 0x49, 0x40, 0x18, 0x00, 0x68, 0x87, 0x46, 0x00, 0x00
	.byte 0x98, 0xF4, 0x13, 0x08, 0xFE, 0xFF, 0x00, 0x00, 0x40, 0x1C, 0x05, 0x08, 0x64, 0x1C, 0x05, 0x08
	.byte 0x68, 0x1C, 0x05, 0x08, 0x70, 0x1C, 0x05, 0x08, 0x80, 0x1C, 0x05, 0x08, 0x88, 0x1C, 0x05, 0x08
	.byte 0x88, 0x1C, 0x05, 0x08, 0x88, 0x1C, 0x05, 0x08, 0x78, 0x1C, 0x05, 0x08, 0x80, 0x1C, 0x05, 0x08
	.byte 0x0D, 0x23, 0x10, 0xE0, 0x00, 0x4B, 0x0E, 0xE0, 0xFF, 0xFF, 0x00, 0x00, 0x00, 0x4B, 0x0A, 0xE0
	.byte 0xFC, 0xFF, 0x00, 0x00, 0x00, 0x4B, 0x06, 0xE0, 0xFE, 0xFF, 0x00, 0x00, 0x00, 0x4B, 0x02, 0xE0
	.byte 0xFD, 0xFF, 0x00, 0x00, 0x00, 0x23, 0x78, 0x6B, 0xB9, 0x6B, 0x04, 0x22, 0x10, 0x40, 0x00, 0x21
	.byte 0x08, 0x43, 0x00, 0x28, 0x04, 0xD0, 0x19, 0x04, 0x09, 0x12, 0x78, 0x68, 0x40, 0x1A, 0x03, 0xE0
	.byte 0x19, 0x04, 0x09, 0x12, 0x78, 0x68, 0x40, 0x18, 0x78, 0x60, 0x78, 0x6B, 0xB9, 0x6B, 0x04, 0x22
	.byte 0x10, 0x40, 0x00, 0x21, 0x08, 0x43, 0x00, 0x28, 0x06, 0xD0, 0x78, 0x68, 0x01, 0x4B, 0xC2, 0x18
	.byte 0x06, 0xE0, 0x00, 0x00, 0x00, 0xF0, 0xFF, 0xFF, 0x78, 0x68, 0x80, 0x24, 0x64, 0x01, 0x02, 0x19
	.byte 0x04, 0x99, 0x89, 0x1A, 0xC9, 0x10, 0x40, 0x18, 0x78, 0x60, 0x41, 0x46, 0xC8, 0x8B, 0x00, 0x28
	.byte 0x00, 0xD0, 0xA4, 0xE0, 0x28, 0x1C, 0xB3, 0xF7, 0x25, 0xFF, 0x00, 0x04, 0x00, 0x0C, 0x02, 0x28
	.byte 0x02, 0xD0, 0x08, 0x28, 0x52, 0xD0, 0x9A, 0xE0, 0xC7, 0xF7, 0x98, 0xFE, 0x78, 0x6B, 0xB9, 0x6B
	.byte 0x04, 0x22, 0x10, 0x40, 0x00, 0x21, 0x08, 0x43, 0x00, 0x28, 0x15, 0xD0, 0x08, 0x48, 0x79, 0x68
	.byte 0x08, 0x4A, 0x89, 0x18, 0xBA, 0x68, 0xFB, 0x68, 0x08, 0x24, 0x00, 0x94, 0x18, 0x24, 0x01, 0x94
	.byte 0x32, 0x24, 0x02, 0x94, 0xC0, 0xF7, 0x26, 0xF9, 0x00, 0x28, 0x16, 0xD1, 0x7F, 0xE0, 0x00, 0x00
	.byte 0x31, 0x01, 0x00, 0x00, 0x00, 0xE8, 0xFF, 0xFF, 0x15, 0x48, 0x79, 0x68, 0xC0, 0x23, 0x5B, 0x01
	.byte 0xC9, 0x18, 0xBA, 0x68, 0xFB, 0x68, 0x08, 0x24, 0x00, 0x94, 0x18, 0x24, 0x01, 0x94, 0x32, 0x24
	.byte 0x02, 0x94, 0xC0, 0xF7, 0x0F, 0xF9, 0x00, 0x28, 0x69, 0xD0, 0x0E, 0x48, 0xCE, 0xF0, 0x86, 0xF8
	.byte 0xC7, 0x22, 0x52, 0x00, 0x4A, 0x44, 0x11, 0x88, 0x01, 0x20, 0x08, 0x43, 0x10, 0x80, 0xA9, 0x20
	.byte 0x40, 0x00, 0x40, 0x44, 0x00, 0x24, 0x00, 0x5F, 0x04, 0x28, 0x58, 0xD1, 0xC7, 0xF7, 0x56, 0xFE
	.byte 0x04, 0x98, 0x05, 0x99, 0x04, 0x4B, 0x00, 0x22, 0xC3, 0xF7, 0x16, 0xFC, 0x4F, 0xE0, 0x00, 0x00
	.byte 0x31, 0x01, 0x00, 0x00, 0xA3, 0x02, 0x00, 0x00, 0x37, 0x01, 0x00, 0x00, 0xC7, 0xF7, 0x46, 0xFE
	.byte 0x78, 0x6B, 0xB9, 0x6B, 0x04, 0x22, 0x10, 0x40, 0x00, 0x21, 0x08, 0x43, 0x00, 0x28, 0x13, 0xD0
	.byte 0x99, 0x20, 0x40, 0x00, 0x79, 0x68, 0x07, 0x4A, 0x89, 0x18, 0xBA, 0x68, 0xFB, 0x68, 0x10, 0x24
	.byte 0x00, 0x94, 0x18, 0x24, 0x01, 0x94, 0x32, 0x24, 0x02, 0x94, 0xC0, 0xF7, 0xD3, 0xF8, 0x00, 0x28
	.byte 0x14, 0xD1, 0x2C, 0xE0, 0x00, 0xF0, 0xFF, 0xFF, 0x99, 0x20, 0x40, 0x00, 0x79, 0x68, 0x80, 0x23
	.byte 0x5B, 0x01, 0xC9, 0x18, 0xBA, 0x68, 0xFB, 0x68, 0x10, 0x24, 0x00, 0x94, 0x18, 0x24, 0x01, 0x94
	.byte 0x32, 0x24, 0x02, 0x94, 0xC0, 0xF7, 0xBE, 0xF8, 0x00, 0x28, 0x18, 0xD0, 0x1E, 0x48, 0xCE, 0xF0
	.byte 0x35, 0xF8, 0xC7, 0x22, 0x52, 0x00, 0x4A, 0x44, 0x11, 0x88, 0x01, 0x20, 0x08, 0x43, 0x10, 0x80
	.byte 0xA9, 0x20, 0x40, 0x00, 0x40, 0x44, 0x00, 0x24, 0x00, 0x5F, 0x04, 0x28, 0x07, 0xD1, 0xC7, 0xF7
	.byte 0x05, 0xFE, 0x04, 0x98, 0x05, 0x99, 0x06, 0x9A, 0x14, 0x4B, 0xC3, 0xF7, 0xC5, 0xFB, 0x28, 0x1C
	.byte 0xB3, 0xF7, 0x72, 0xFE, 0x00, 0x06, 0x00, 0x28, 0x00, 0xD1, 0x80, 0xE2, 0xA8, 0x20, 0x40, 0x00
	.byte 0x40, 0x44, 0x00, 0x25, 0x05, 0x80, 0xC7, 0x20, 0x40, 0x00, 0x48, 0x44, 0x00, 0x88, 0x01, 0x24
	.byte 0x04, 0x40, 0x00, 0x2C, 0x00, 0xD1, 0x58, 0xE2, 0xA9, 0x22, 0x52, 0x00, 0x42, 0x44, 0x00, 0x21
	.byte 0x50, 0x5E, 0x03, 0x28, 0x0C, 0xDD, 0x38, 0x1C, 0xC9, 0xF7, 0x4C, 0xF8, 0xB8, 0x20, 0x40, 0x00
	.byte 0x40, 0x44, 0x05, 0x60, 0x69, 0xE2, 0x00, 0x00, 0xA3, 0x02, 0x00, 0x00, 0x37, 0x01, 0x00, 0x00
	.byte 0xB8, 0x21, 0x49, 0x00, 0x41, 0x44, 0x1F, 0x20, 0x08, 0x60, 0x10, 0x88, 0x01, 0x30, 0x10, 0x80
	.byte 0x5B, 0xE2, 0xA8, 0x20, 0x40, 0x00, 0x40, 0x44, 0x00, 0x22, 0x80, 0x5E, 0x45, 0x46, 0x14, 0x35
	.byte 0x00, 0x28, 0x00, 0xD0, 0x7C, 0xE0, 0x7A, 0x6B, 0xBB, 0x6B, 0x04, 0x20, 0x00, 0x21, 0x42, 0x40
	.byte 0x7A, 0x63, 0xBB, 0x63, 0x04, 0x24, 0x10, 0x1C, 0x20, 0x40, 0x00, 0x21, 0x08, 0x43, 0x00, 0x28
	.byte 0x0E, 0xD0, 0xB4, 0xF7, 0x6D, 0xFB, 0x00, 0x04, 0x00, 0x0C, 0x39, 0x21, 0xCB, 0xF0, 0x7C, 0xFC
	.byte 0x00, 0x04, 0x00, 0x0A, 0xC0, 0x23, 0x5B, 0x01, 0xC0, 0x18, 0x04, 0x99, 0x09, 0x18, 0x0D, 0xE0
	.byte 0xB4, 0xF7, 0x5E, 0xFB, 0x00, 0x04, 0x00, 0x0C, 0x39, 0x21, 0xCB, 0xF0, 0x6D, 0xFC, 0x00, 0x04
	.byte 0x00, 0x0A, 0xC0, 0x24, 0x64, 0x01, 0x00, 0x19, 0x04, 0x99, 0x09, 0x1A, 0x79, 0x60, 0xB4, 0xF7
	.byte 0x4F, 0xFB, 0x00, 0x04, 0x00, 0x0C, 0x1B, 0x21, 0xCB, 0xF0, 0x5E, 0xFC, 0x00, 0x04, 0x00, 0x0A
	.byte 0x0E, 0x49, 0x40, 0x18, 0x05, 0x99, 0x09, 0x18, 0xB9, 0x60, 0x00, 0x20, 0xF8, 0x60, 0x44, 0x46
	.byte 0x14, 0x34, 0x20, 0x1C, 0xB3, 0xF7, 0x1C, 0xFE, 0xB4, 0xF7, 0x3A, 0xFB, 0x01, 0x21, 0x01, 0x40
	.byte 0x25, 0x1C, 0x00, 0x29, 0x0E, 0xD1, 0x06, 0x48, 0x49, 0x46, 0x14, 0x31, 0x4B, 0x46, 0x5A, 0x68
	.byte 0x00, 0x92, 0x0D, 0x22, 0x00, 0x23, 0xC7, 0xF7, 0x8D, 0xF8, 0x0D, 0xE0, 0x00, 0xF3, 0xFF, 0xFF
	.byte 0x98, 0xF4, 0x13, 0x08, 0x1B, 0x48, 0x49, 0x46, 0x14, 0x31, 0x4C, 0x46, 0x62, 0x68, 0x00, 0x92
	.byte 0x0E, 0x22, 0x00, 0x23, 0xC7, 0xF7, 0x7E, 0xF8, 0xC4, 0x21, 0x49, 0x00, 0x49, 0x44, 0x00, 0x20
	.byte 0x08, 0x60, 0xC7, 0x22, 0x52, 0x00, 0x4A, 0x44, 0x11, 0x88, 0x13, 0x48, 0x08, 0x40, 0x10, 0x80
	.byte 0xC8, 0x21, 0x49, 0x00, 0x49, 0x44, 0x08, 0x20, 0x08, 0x80, 0xB4, 0x21, 0x49, 0x00, 0x41, 0x44
	.byte 0x05, 0x20, 0x08, 0x60, 0xB6, 0x21, 0x49, 0x00, 0x41, 0x44, 0xC0, 0x20, 0x40, 0x00, 0x08, 0x60
	.byte 0x41, 0x46, 0xC8, 0x8B, 0x00, 0x28, 0x4A, 0xD1, 0x28, 0x1C, 0xB3, 0xF7, 0xC3, 0xFD, 0x00, 0x04
	.byte 0x00, 0x0C, 0x02, 0x38, 0x08, 0x28, 0x2F, 0xD8, 0x80, 0x00, 0x04, 0x49, 0x40, 0x18, 0x00, 0x68
	.byte 0x87, 0x46, 0x00, 0x00, 0x98, 0xF4, 0x13, 0x08, 0xFE, 0xFF, 0x00, 0x00, 0xD4, 0x1F, 0x05, 0x08
	.byte 0xF8, 0x1F, 0x05, 0x08, 0xFC, 0x1F, 0x05, 0x08, 0x04, 0x20, 0x05, 0x08, 0x14, 0x20, 0x05, 0x08
	.byte 0x1C, 0x20, 0x05, 0x08, 0x1C, 0x20, 0x05, 0x08, 0x1C, 0x20, 0x05, 0x08, 0x0C, 0x20, 0x05, 0x08
	.byte 0x14, 0x20, 0x05, 0x08, 0x0D, 0x23, 0x10, 0xE0, 0x00, 0x4B, 0x0E, 0xE0, 0xFF, 0xFF, 0x00, 0x00
	.byte 0x00, 0x4B, 0x0A, 0xE0, 0xFC, 0xFF, 0x00, 0x00, 0x00, 0x4B, 0x06, 0xE0, 0xFE, 0xFF, 0x00, 0x00
	.byte 0x00, 0x4B, 0x02, 0xE0, 0xFD, 0xFF, 0x00, 0x00, 0x00, 0x23, 0x78, 0x6B, 0xB9, 0x6B, 0x04, 0x22
	.byte 0x10, 0x40, 0x00, 0x21, 0x08, 0x43, 0x00, 0x28, 0x04, 0xD0, 0x19, 0x04, 0x09, 0x12, 0x78, 0x68
	.byte 0x40, 0x1A, 0x03, 0xE0, 0x19, 0x04, 0x09, 0x12, 0x78, 0x68, 0x40, 0x18, 0x78, 0x60, 0x78, 0x6B
	.byte 0xB9, 0x6B, 0x04, 0x22, 0x10, 0x40, 0x00, 0x21, 0x08, 0x43, 0x00, 0x28, 0x06, 0xD0, 0x78, 0x68
	.byte 0x01, 0x4B, 0xC2, 0x18, 0x06, 0xE0, 0x00, 0x00, 0x00, 0xF0, 0xFF, 0xFF, 0x78, 0x68, 0x80, 0x24
	.byte 0x64, 0x01, 0x02, 0x19, 0x04, 0x99, 0x89, 0x1A, 0xC9, 0x10, 0x40, 0x18, 0x78, 0x60, 0x41, 0x46
	.byte 0xC8, 0x8B, 0x00, 0x28, 0x66, 0xD1, 0x28, 0x1C, 0xB3, 0xF7, 0x5C, 0xFD, 0x00, 0x04, 0x00, 0x0C
	.byte 0x02, 0x28, 0x02, 0xD0, 0x08, 0x28, 0x23, 0xD0, 0x5C, 0xE0, 0xC7, 0xF7, 0xCF, 0xFC, 0x78, 0x6B
	.byte 0xB9, 0x6B, 0x04, 0x22, 0x10, 0x40, 0x00, 0x21, 0x08, 0x43, 0x00, 0x28, 0x0C, 0xD0, 0x04, 0x48
	.byte 0x79, 0x68, 0x04, 0x4A, 0x89, 0x18, 0xBA, 0x68, 0xFB, 0x68, 0x08, 0x24, 0x22, 0xE0, 0x00, 0x00
	.byte 0x31, 0x01, 0x00, 0x00, 0x00, 0xE8, 0xFF, 0xFF, 0x04, 0x48, 0x79, 0x68, 0xC0, 0x23, 0x5B, 0x01
	.byte 0xC9, 0x18, 0xBA, 0x68, 0xFB, 0x68, 0x08, 0x24, 0x29, 0xE0, 0x00, 0x00, 0x31, 0x01, 0x00, 0x00
	.byte 0xC7, 0xF7, 0xAC, 0xFC, 0x78, 0x6B, 0xB9, 0x6B, 0x04, 0x22, 0x10, 0x40, 0x00, 0x21, 0x08, 0x43
	.byte 0x00, 0x28, 0x13, 0xD0, 0x99, 0x20, 0x40, 0x00, 0x79, 0x68, 0x07, 0x4C, 0x09, 0x19, 0xBA, 0x68
	.byte 0xFB, 0x68, 0x10, 0x24, 0x00, 0x94, 0x18, 0x24, 0x01, 0x94, 0x32, 0x24, 0x02, 0x94, 0xBF, 0xF7
	.byte 0x39, 0xFF, 0x00, 0x28, 0x14, 0xD1, 0x1D, 0xE0, 0x00, 0xF0, 0xFF, 0xFF, 0x99, 0x20, 0x40, 0x00
	.byte 0x79, 0x68, 0x80, 0x22, 0x52, 0x01, 0x89, 0x18, 0xBA, 0x68, 0xFB, 0x68, 0x10, 0x24, 0x00, 0x94
	.byte 0x18, 0x24, 0x01, 0x94, 0x32, 0x24, 0x02, 0x94, 0xBF, 0xF7, 0x24, 0xFF, 0x00, 0x28, 0x09, 0xD0
	.byte 0x15, 0x48, 0xCD, 0xF0, 0x9B, 0xFE, 0xC7, 0x22, 0x52, 0x00, 0x4A, 0x44, 0x11, 0x88, 0x01, 0x20
	.byte 0x08, 0x43, 0x10, 0x80, 0x28, 0x1C, 0xB3, 0xF7, 0xE7, 0xFC, 0x00, 0x06, 0x00, 0x28, 0x00, 0xD1
	.byte 0xF5, 0xE0, 0xA8, 0x20, 0x40, 0x00, 0x40, 0x44, 0x00, 0x24, 0x04, 0x80, 0xA9, 0x21, 0x49, 0x00
	.byte 0x41, 0x44, 0x08, 0x88, 0x01, 0x38, 0x08, 0x80, 0x00, 0x04, 0x00, 0x28, 0x00, 0xDC, 0xCC, 0xE0
	.byte 0xB4, 0xF7, 0x16, 0xFA, 0x00, 0x04, 0x00, 0x0C, 0x06, 0x21, 0xCB, 0xF0, 0x25, 0xFB, 0x00, 0x04
	.byte 0x00, 0x28, 0x00, 0xD0, 0xCF, 0xE0, 0xD4, 0xE0, 0xA3, 0x02, 0x00, 0x00, 0xA8, 0x20, 0x40, 0x00
	.byte 0x40, 0x44, 0x00, 0x23, 0xC0, 0x5E, 0x45, 0x46, 0x14, 0x35, 0x00, 0x28, 0x72, 0xD1, 0x10, 0x48
	.byte 0xCD, 0xF0, 0x64, 0xFE, 0x7A, 0x6B, 0xBB, 0x6B, 0x04, 0x20, 0x00, 0x21, 0x42, 0x40, 0x7A, 0x63
	.byte 0xBB, 0x63, 0x04, 0x24, 0x10, 0x1C, 0x20, 0x40, 0x00, 0x21, 0x08, 0x43, 0x00, 0x28, 0x11, 0xD0
	.byte 0xB4, 0xF7, 0xEE, 0xF9, 0x00, 0x04, 0x00, 0x0C, 0x29, 0x21, 0xCB, 0xF0, 0xFD, 0xFA, 0x00, 0x04
	.byte 0x00, 0x0A, 0xA0, 0x24, 0xE4, 0x01, 0x00, 0x19, 0x04, 0x99, 0x09, 0x18, 0x10, 0xE0, 0x00, 0x00
	.byte 0x1D, 0x01, 0x00, 0x00, 0xB4, 0xF7, 0xDC, 0xF9, 0x00, 0x04, 0x00, 0x0C, 0x29, 0x21, 0xCB, 0xF0
	.byte 0xEB, 0xFA, 0x00, 0x04, 0x00, 0x0A, 0xA0, 0x21, 0xC9, 0x01, 0x40, 0x18, 0x04, 0x99, 0x09, 0x1A
	.byte 0x79, 0x60, 0xB4, 0xF7, 0xCD, 0xF9, 0x00, 0x04, 0x00, 0x0C, 0x31, 0x21, 0xCB, 0xF0, 0xDC, 0xFA
	.byte 0x00, 0x04, 0x00, 0x0A, 0x22, 0x4A, 0x80, 0x18, 0x05, 0x99, 0x09, 0x18, 0xB9, 0x60, 0x00, 0x24
	.byte 0xFC, 0x60, 0x45, 0x46, 0x14, 0x35, 0x28, 0x1C, 0xB3, 0xF7, 0x9A, 0xFC, 0x1D, 0x48, 0x49, 0x46
	.byte 0x14, 0x31, 0x4B, 0x46, 0x5A, 0x68, 0x00, 0x92, 0x0C, 0x22, 0x00, 0x23, 0xC6, 0xF7, 0x12, 0xFF
	.byte 0x19, 0x48, 0x00, 0x68, 0xB3, 0x30, 0x01, 0x78, 0x00, 0x20, 0x08, 0x22, 0xB3, 0xF7, 0xF2, 0xFF
	.byte 0xC4, 0x20, 0x40, 0x00, 0x48, 0x44, 0x04, 0x60, 0xAC, 0x21, 0x49, 0x00, 0x41, 0x44, 0x80, 0x20
	.byte 0xC0, 0x00, 0x08, 0x60, 0xC8, 0x21, 0x49, 0x00, 0x49, 0x44, 0x08, 0x20, 0x08, 0x80, 0xB4, 0x21
	.byte 0x49, 0x00, 0x41, 0x44, 0x05, 0x20, 0x08, 0x60, 0xB6, 0x21, 0x49, 0x00, 0x41, 0x44, 0xC0, 0x20
	.byte 0x40, 0x00, 0x08, 0x60, 0xC7, 0xF7, 0xD2, 0xFB, 0xA8, 0x20, 0x40, 0x00, 0x40, 0x44, 0x00, 0x24
	.byte 0x00, 0x5F, 0x20, 0x28, 0x12, 0xD0, 0x20, 0x28, 0x08, 0xDC, 0x1C, 0x28, 0x09, 0xD0, 0x1C, 0xE0
	.byte 0x00, 0xE8, 0xFF, 0xFF, 0x98, 0xF4, 0x13, 0x08, 0x84, 0x9B, 0x03, 0x02, 0x24, 0x28, 0x0D, 0xD0
	.byte 0x13, 0xE0, 0x26, 0x21, 0x49, 0x42, 0x0B, 0x22, 0x52, 0x42, 0x03, 0xE0, 0x25, 0x21, 0x49, 0x42
	.byte 0x19, 0x22, 0x52, 0x42, 0x48, 0x46, 0xFE, 0xF7, 0x21, 0xFE, 0x06, 0xE0, 0x20, 0x21, 0x49, 0x42
	.byte 0x26, 0x22, 0x52, 0x42, 0x48, 0x46, 0xFE, 0xF7, 0x19, 0xFE, 0x28, 0x1C, 0xB3, 0xF7, 0x1C, 0xFC
	.byte 0x00, 0x06, 0x00, 0x28, 0x2B, 0xD0, 0x00, 0x20, 0x08, 0x21, 0xB3, 0xF7, 0x7B, 0xFF, 0xA8, 0x20
	.byte 0x40, 0x00, 0x40, 0x44, 0x00, 0x24, 0x04, 0x80, 0xA9, 0x21, 0x49, 0x00, 0x41, 0x44, 0x08, 0x88
	.byte 0x01, 0x38, 0x08, 0x80, 0x00, 0x04, 0x00, 0x28, 0x07, 0xDC, 0x38, 0x1C, 0xC8, 0xF7, 0xFA, 0xFD
	.byte 0xB8, 0x20, 0x40, 0x00, 0x40, 0x44, 0x04, 0x60, 0x17, 0xE0, 0xB4, 0xF7, 0x41, 0xF9, 0x0A, 0x21
	.byte 0x01, 0x40, 0x00, 0x29, 0x05, 0xD0, 0xB8, 0x21, 0x49, 0x00, 0x41, 0x44, 0x20, 0x20, 0x08, 0x60
	.byte 0x0B, 0xE0, 0xB8, 0x21, 0x49, 0x00, 0x41, 0x44, 0x21, 0x20, 0x08, 0x60, 0x05, 0xE0, 0xA8, 0x21
	.byte 0x49, 0x00, 0x41, 0x44, 0x08, 0x88, 0x01, 0x30, 0x08, 0x80
_0805234E:
	.byte 0x78, 0x6B, 0xB9, 0x6B, 0x80, 0x22, 0x92, 0x01, 0x10, 0x40, 0x00, 0x21, 0x08, 0x43, 0x00, 0x28
	.byte 0x0B, 0xD1, 0x38, 0x1C, 0xE8, 0x30, 0x00, 0x68, 0x02, 0x28, 0x06, 0xD0, 0xC4, 0x20, 0x40, 0x00
	.byte 0x48, 0x44, 0x01, 0x68, 0x40, 0x46, 0xFE, 0xF7, 0xA6, 0xFD, 0xCA, 0x20, 0x40, 0x00, 0x48, 0x44
	.byte 0xAE, 0xF7, 0x91, 0xFD, 0xC8, 0x25, 0x6D, 0x00, 0x4D, 0x44, 0x00, 0x21, 0x68, 0x5E, 0x00, 0x28
	.byte 0x12, 0xDD, 0xB4, 0x20, 0x40, 0x00, 0x40, 0x44, 0x80, 0x24, 0x64, 0x00, 0x2A, 0x88, 0x21, 0x1C
	.byte 0xB3, 0xF7, 0xAD, 0xFA, 0xB6, 0x20, 0x40, 0x00, 0x40, 0x44, 0x2A, 0x88, 0x21, 0x1C, 0xB3, 0xF7
	.byte 0xA6, 0xFA, 0x28, 0x88, 0x01, 0x38, 0x28, 0x80, 0x40, 0x46, 0xBC, 0xF7, 0x1A, 0xF9, 0x00, 0x06
	.byte 0x00, 0x0E, 0x07, 0xB0, 0x18, 0xBC, 0x98, 0x46, 0xA1, 0x46, 0xF0, 0xBC, 0x02, 0xBC, 0x08, 0x47
	.byte 0x00, 0x00
	thumb_func_start task_hum_laxene_2
task_hum_laxene_2: @ 080523D0
	push {r4, lr}
	adds r4, r0, #0x0
	bl func_0800EFE8
	movs r0, #0xCA
	lsls r0, r0, #0x01
	adds r4, r4, r0
	adds r0, r4, #0x0
	bl func_08000EE0
	pop {r4}
	pop {r0}
	bx r0
	.byte 0x00, 0x00
	thumb_func_start task_hum_laxene_3
task_hum_laxene_3: @ 080523EC
	push {r4, lr}
	adds r4, r0, #0x0
	ldr r0, _08052410 @ =0x000002A2
	bl func_0811FF3C
	adds r0, r4, #0x0
	bl func_0800E380
	movs r0, #0xCA
	lsls r0, r0, #0x01
	adds r4, r4, r0
	adds r0, r4, #0x0
	bl func_08000F0C
	pop {r4}
	pop {r0}
	bx r0
	.byte 0x00, 0x00
_08052410: .4byte 0x000002A2
	thumb_func_start task_hum_laxene_knf_0
task_hum_laxene_knf_0: @ 08052414
	push {r4, r5, r6, lr}
	adds r5, r0, #0x0
	adds r6, r1, #0x0
	ldr r0, _0805245C @ =0x09618458
	movs r1, #0x20
	bl func_08002A14
	str r0, [r5, #0x04]
	ldr r0, _08052460 @ =0x08BD99F4
	movs r1, #0xB0
	lsls r1, r1, #0x02
	bl func_080026A4
	str r0, [r5, #0x00]
	adds r4, r5, #0x0
	adds r4, #0x08
	ldr r1, _08052464 @ =0x09EE1DB4
	ldr r2, _08052468 @ =0x09EE1DA4
	adds r0, r4, #0x0
	bl func_08005968
	adds r0, r4, #0x0
	movs r1, #0x00
	movs r2, #0x00
	bl func_080059A4
	movs r0, #0x12
	ldsh r1, [r6, r0]
	cmp r1, #0x00
	beq _0805246C
	adds r1, r5, #0x0
	adds r1, #0x2C
	movs r0, #0x01
	strb r0, [r1, #0x00]
	b _08052472
	.byte 0x00, 0x00
_0805245C: .4byte 0x09618458
_08052460: .4byte 0x08BD99F4
_08052464: .4byte 0x09EE1DB4
_08052468: .4byte 0x09EE1DA4
_0805246C:
	adds r0, r5, #0x0
	adds r0, #0x2C
	strb r1, [r0, #0x00]
_08052472:
	ldr r0, [r6, #0x00]
	str r0, [r5, #0x20]
	ldr r0, [r6, #0x04]
	str r0, [r5, #0x24]
	ldr r0, [r6, #0x08]
	str r0, [r5, #0x28]
	movs r1, #0x00
	strh r1, [r5, #0x2E]
	adds r2, r5, #0x0
	adds r2, #0x2D
	movs r0, #0x01
	strb r0, [r2, #0x00]
	str r1, [r5, #0x3C]
	ldr r0, _080524C8 @ =0x02039B84
	ldr r0, [r0, #0x00]
	ldr r1, [r0, #0x7C]
	ldr r0, [r1, #0x04]
	str r0, [r5, #0x30]
	ldr r0, [r1, #0x08]
	str r0, [r5, #0x34]
	ldr r0, [r1, #0x0C]
	str r0, [r5, #0x38]
	bl func_080065A4
	lsls r0, r0, #0x10
	lsrs r0, r0, #0x10
	ldr r1, _080524CC @ =0x00000381
	bl func_0811D7CC
	lsls r0, r0, #0x10
	lsrs r0, r0, #0x10
	movs r1, #0x80
	lsls r1, r1, #0x04
	adds r0, r0, r1
	str r0, [r5, #0x40]
	movs r0, #0xA9
	lsls r0, r0, #0x02
	bl func_0811FE70
	pop {r4, r5, r6}
	pop {r0}
	bx r0
	.byte 0x00, 0x00
_080524C8: .4byte 0x02039B84
_080524CC: .4byte 0x00000381
	thumb_func_start task_hum_laxene_knf_1
task_hum_laxene_knf_1: @ 080524D0
	push {r4, r5, r6, r7, lr}
	add sp, #-0x00C
	adds r5, r0, #0x0
	ldr r4, _08052500 @ =0x02039B84
	ldr r0, [r4, #0x00]
	ldr r1, [r0, #0x6C]
	ldr r0, [r0, #0x68]
	movs r2, #0x40
	ands r0, r2
	movs r1, #0x00
	orrs r0, r1
	cmp r0, #0x00
	beq _080525AA
	adds r0, r5, #0x0
	adds r0, #0x2D
	ldrb r0, [r0, #0x00]
	cmp r0, #0x00
	beq _080525AA
	ldr r6, [r5, #0x3C]
	cmp r6, #0x00
	beq _08052504
	cmp r6, #0x01
	beq _08052564
	b _080525B2
_08052500: .4byte 0x02039B84
_08052504:
	ldr r0, _0805253C @ =0x00000133
	ldr r1, [r5, #0x20]
	ldr r2, [r5, #0x24]
	ldr r3, [r5, #0x28]
	movs r7, #0x01
	str r7, [sp, #0x000]
	movs r4, #0x06
	str r4, [sp, #0x004]
	movs r4, #0x02
	str r4, [sp, #0x008]
	bl func_08011F78
	cmp r0, #0x00
	beq _08052544
	ldr r0, _08052540 @ =0x000002A3
	bl func_0811FE70
	strh r6, [r5, #0x2E]
	str r7, [r5, #0x3C]
	ldr r0, [r5, #0x20]
	ldr r1, [r5, #0x24]
	ldr r2, [r5, #0x28]
	movs r3, #0x80
	lsls r3, r3, #0x05
	adds r2, r2, r3
	bl func_08013994
	b _080525B2
_0805253C: .4byte 0x00000133
_08052540: .4byte 0x000002A3
_08052544:
	adds r0, r5, #0x0
	adds r0, #0x2C
	ldrb r0, [r0, #0x00]
	cmp r0, #0x00
	beq _08052556
	ldr r0, [r5, #0x20]
	ldr r1, [r5, #0x40]
	subs r0, r0, r1
	b _0805255C
_08052556:
	ldr r0, [r5, #0x20]
	ldr r1, [r5, #0x40]
	adds r0, r0, r1
_0805255C:
	str r0, [r5, #0x20]
	ldrh r0, [r5, #0x2E]
	adds r0, #0x01
	b _080525B0
_08052564:
	movs r1, #0x2E
	ldsh r0, [r5, r1]
	cmp r0, #0x00
	bne _08052578
	adds r0, r5, #0x0
	adds r0, #0x08
	movs r1, #0x01
	movs r2, #0x00
	bl func_080059A4
_08052578:
	ldr r0, [r4, #0x00]
	ldr r2, [r0, #0x7C]
	ldr r1, [r2, #0x04]
	ldr r0, [r5, #0x30]
	subs r1, r1, r0
	ldr r0, [r5, #0x20]
	adds r0, r0, r1
	str r0, [r5, #0x20]
	ldr r1, [r2, #0x08]
	ldr r0, [r5, #0x34]
	subs r1, r1, r0
	ldr r0, [r5, #0x24]
	adds r0, r0, r1
	str r0, [r5, #0x24]
	ldr r1, [r2, #0x0C]
	ldr r0, [r5, #0x38]
	subs r1, r1, r0
	ldr r0, [r5, #0x28]
	adds r0, r0, r1
	str r0, [r5, #0x28]
	ldrh r1, [r5, #0x2E]
	movs r2, #0x2E
	ldsh r0, [r5, r2]
	cmp r0, #0x1E
	ble _080525AE
_080525AA:
	movs r0, #0x00
	b _080525CE
_080525AE:
	adds r0, r1, #0x1
_080525B0:
	strh r0, [r5, #0x2E]
_080525B2:
	adds r0, r5, #0x0
	adds r0, #0x08
	bl func_08005A64
	ldr r0, _080525D8 @ =0x02039B84
	ldr r0, [r0, #0x00]
	ldr r1, [r0, #0x7C]
	ldr r0, [r1, #0x04]
	str r0, [r5, #0x30]
	ldr r0, [r1, #0x08]
	str r0, [r5, #0x34]
	ldr r0, [r1, #0x0C]
	str r0, [r5, #0x38]
	movs r0, #0x01
_080525CE:
	add sp, #0x00C
	pop {r4, r5, r6, r7}
	pop {r1}
	bx r1
	.byte 0x00, 0x00
_080525D8: .4byte 0x02039B84
	thumb_func_start task_hum_laxene_knf_2
task_hum_laxene_knf_2: @ 080525DC
	push {r4, r5, r6, r7, lr}
	mov r7, r9
	mov r6, r8
	push {r6, r7}
	add sp, #-0x014
	adds r6, r0, #0x0
	adds r0, #0x08
	bl func_08005AFC
	mov r8, r0
	adds r0, r6, #0x0
	adds r0, #0x2C
	ldrb r0, [r0, #0x00]
	cmp r0, #0x00
	beq _08052602
	ldr r0, [r6, #0x24]
	bl func_0801AF1C
	b _0805260C
_08052602:
	ldr r0, [r6, #0x24]
	bl func_0801AF1C
	movs r1, #0x01
	orrs r0, r1
_0805260C:
	lsls r0, r0, #0x10
	lsrs r4, r0, #0x10
	mov r5, sp
	adds r5, #0x12
	ldr r2, [r6, #0x20]
	ldr r3, [r6, #0x24]
	ldr r0, [r6, #0x28]
	str r0, [sp, #0x000]
	add r0, sp, #0x010
	adds r1, r5, #0x0
	bl func_0801909C
	add r0, sp, #0x010
	movs r1, #0x00
	ldsh r0, [r0, r1]
	movs r2, #0x00
	ldsh r1, [r5, r2]
	ldr r3, [r6, #0x00]
	ldr r2, [r6, #0x04]
	str r2, [sp, #0x000]
	movs r7, #0x00
	mov r9, r7
	mov r2, r9
	str r2, [sp, #0x004]
	str r4, [sp, #0x008]
	ldr r4, [r6, #0x24]
	asrs r4, r4, #0x08
	lsls r4, r4, #0x02
	ldr r7, _0805268C @ =0xFFFFEFFC
	adds r2, r7, #0x0
	subs r2, r2, r4
	lsls r2, r2, #0x10
	lsrs r2, r2, #0x10
	str r2, [sp, #0x00C]
	mov r2, r8
	bl func_080023E0
	add r0, sp, #0x010
	movs r1, #0x00
	ldsh r0, [r0, r1]
	movs r2, #0x00
	ldsh r1, [r5, r2]
	movs r2, #0x20
	str r2, [sp, #0x000]
	str r2, [sp, #0x004]
	movs r2, #0x02
	movs r3, #0x02
	bl func_080035CC
	lsls r0, r0, #0x18
	cmp r0, #0x00
	beq _0805267C
	adds r0, r6, #0x0
	adds r0, #0x2D
	mov r7, r9
	strb r7, [r0, #0x00]
_0805267C:
	add sp, #0x014
	pop {r3, r4}
	mov r8, r3
	mov r9, r4
	pop {r4, r5, r6, r7}
	pop {r0}
	bx r0
	.byte 0x00, 0x00
_0805268C: .4byte 0xFFFFEFFC
	thumb_func_start task_hum_laxene_knf_3
task_hum_laxene_knf_3: @ 08052690
	push {r4, lr}
	adds r4, r0, #0x0
	ldr r0, [r4, #0x00]
	bl func_080028C0
	ldr r0, [r4, #0x04]
	bl func_08002C10
	pop {r4}
	pop {r0}
	bx r0
	.byte 0x00, 0x00, 0x10, 0xB5, 0x03, 0x1C, 0xAE, 0x24, 0x64, 0x00, 0x18, 0x19, 0x01, 0x60, 0xB0, 0x21
	.byte 0x49, 0x00, 0x58, 0x18, 0x02, 0x60, 0x14, 0x34, 0x19, 0x19, 0x13, 0x20, 0x08, 0x60, 0xA8, 0x20
	.byte 0x40, 0x00, 0x19, 0x18, 0x00, 0x20, 0x08, 0x80, 0x10, 0xBC, 0x01, 0xBC, 0x00, 0x47, 0x84, 0x46
	.byte 0x82, 0x20, 0x80, 0x00, 0x60, 0x44, 0x03, 0x80, 0x83, 0x20, 0x80, 0x00, 0x60, 0x44, 0x01, 0x60
	.byte 0x84, 0x20, 0x80, 0x00, 0x60, 0x44, 0x02, 0x60, 0x70, 0x47, 0x10, 0xB5, 0x84, 0x46, 0x0C, 0x1C
	.byte 0x00, 0x2C, 0x18, 0xD0, 0x63, 0x46, 0x40, 0x33, 0x0D, 0x4A, 0x0D, 0x48, 0x00, 0x68, 0x80, 0x00
	.byte 0xFF, 0x21, 0x08, 0x40, 0x40, 0x00, 0x80, 0x18, 0x00, 0x22, 0x81, 0x5E, 0x48, 0x00, 0x40, 0x18
	.byte 0x20, 0x18, 0xAC, 0x22, 0x52, 0x00, 0x62, 0x44, 0x00, 0x21, 0x11, 0x60, 0xD9, 0x68, 0x40, 0x1A
	.byte 0x00, 0x11, 0x09, 0x18, 0xD9, 0x60, 0x10, 0xBC, 0x01, 0xBC, 0x00, 0x47, 0x00, 0x00, 0x00, 0x14
	.byte 0x12, 0x08, 0x80, 0x74, 0x00, 0x03
	thumb_func_start func_0805273C
func_0805273C: @ 0805273C
	push {r4, r5, lr}
	add sp, #-0x00C
	adds r5, r0, #0x0
	adds r4, r1, #0x0
	bl func_080065A4
	lsls r0, r0, #0x10
	lsrs r0, r0, #0x10
	movs r1, #0x06
	bl func_0811D7CC
	lsls r0, r0, #0x10
	cmp r0, #0x00
	bne _080527A2
	bl func_080065A4
	lsls r0, r0, #0x10
	lsrs r0, r0, #0x10
	movs r1, #0x1D
	bl func_0811D7CC
	lsls r0, r0, #0x10
	lsrs r0, r0, #0x08
	ldr r1, _080527AC @ =0xFFFFF200
	adds r0, r0, r1
	ldr r1, [r4, #0x28]
	adds r1, r1, r0
	str r1, [sp, #0x000]
	bl func_080065A4
	lsls r0, r0, #0x10
	lsrs r0, r0, #0x10
	movs r1, #0x0F
	bl func_0811D7CC
	lsls r0, r0, #0x10
	lsrs r0, r0, #0x08
	ldr r1, _080527B0 @ =0xFFFFF900
	adds r0, r0, r1
	ldr r1, [r4, #0x2C]
	adds r1, r1, r0
	str r1, [sp, #0x004]
	ldr r0, [r4, #0x30]
	str r0, [sp, #0x008]
	movs r1, #0x88
	lsls r1, r1, #0x02
	adds r0, r5, r1
	ldr r1, _080527B4 @ =0x09EDB698
	mov r2, sp
	bl func_08000E14
_080527A2:
	add sp, #0x00C
	pop {r4, r5}
	pop {r0}
	bx r0
	.byte 0x00, 0x00
_080527AC: .4byte 0xFFFFF200
_080527B0: .4byte 0xFFFFF900
_080527B4: .4byte 0x09EDB698
	thumb_func_start task_hum_axcel_0
task_hum_axcel_0: @ 080527B8
	push {r4, r5, lr}
	adds r5, r0, #0x0
	ldr r1, _08052860 @ =0x0813F768
	bl func_0800E168
	movs r0, #0xC4
	lsls r0, r0, #0x01
	adds r1, r5, r0
	ldr r4, _08052864 @ =0x0813F760
	adds r0, r5, #0x0
	adds r2, r4, #0x0
	bl func_0800E314
	movs r2, #0xE2
	lsls r2, r2, #0x01
	adds r1, r5, r2
	adds r0, r5, #0x0
	adds r2, r4, #0x0
	bl func_0800E314
	ldr r0, [r5, #0x74]
	ldr r1, [r5, #0x78]
	ldr r2, _08052868 @ =0x04000000
	ldr r3, _0805286C @ =0x00000000
	orrs r0, r2
	str r0, [r5, #0x74]
	str r1, [r5, #0x78]
	movs r0, #0xC2
	lsls r0, r0, #0x01
	adds r1, r5, r0
	ldr r0, _08052870 @ =0x0813F5C8
	str r0, [r1, #0x00]
	ldr r1, _08052874 @ =0x00000206
	adds r0, r5, r1
	movs r2, #0x00
	strh r2, [r0, #0x00]
	movs r0, #0x80
	lsls r0, r0, #0x02
	adds r1, r5, r0
	ldr r0, _08052878 @ =0xFFFFFD00
	str r0, [r1, #0x00]
	movs r1, #0x82
	lsls r1, r1, #0x02
	adds r0, r5, r1
	strh r2, [r0, #0x00]
	movs r0, #0xDE
	lsls r0, r0, #0x01
	adds r2, r5, r0
	ldrh r0, [r2, #0x00]
	movs r1, #0x02
	orrs r0, r1
	strh r0, [r2, #0x00]
	movs r0, #0xFC
	lsls r0, r0, #0x01
	adds r2, r5, r0
	ldrh r0, [r2, #0x00]
	orrs r1, r0
	strh r1, [r2, #0x00]
	ldr r0, _0805287C @ =0x08B22BBC
	movs r1, #0x80
	lsls r1, r1, #0x01
	bl func_080026A4
	movs r2, #0x86
	lsls r2, r2, #0x02
	adds r1, r5, r2
	str r0, [r1, #0x00]
	ldr r0, _08052880 @ =0x08F69BA4
	movs r1, #0x20
	bl func_08002A14
	movs r2, #0x87
	lsls r2, r2, #0x02
	adds r1, r5, r2
	str r0, [r1, #0x00]
	movs r1, #0x88
	lsls r1, r1, #0x02
	adds r0, r5, r1
	movs r1, #0x10
	bl func_08000E64
	pop {r4, r5}
	pop {r0}
	bx r0
_08052860: .4byte 0x0813F768
_08052864: .4byte 0x0813F760
_08052868: .4byte 0x04000000
_0805286C: .4byte 0x00000000
_08052870: .4byte 0x0813F5C8
_08052874: .4byte 0x00000206
_08052878: .4byte 0xFFFFFD00
_0805287C: .4byte 0x08B22BBC
_08052880: .4byte 0x08F69BA4
	thumb_func_start task_hum_axcel_1
task_hum_axcel_1: @ 08052884
	push {r4, r5, r6, r7, lr}
	mov r7, r10
	mov r6, r9
	mov r5, r8
	push {r5, r6, r7}
	add sp, #-0x02C
	adds r7, r0, #0x0
	mov r10, r7
	movs r0, #0xC4
	lsls r0, r0, #0x01
	adds r6, r7, r0
	movs r1, #0xE2
	lsls r1, r1, #0x01
	adds r1, r1, r7
	mov r8, r1
	movs r2, #0x40
	adds r2, r2, r7
	mov r9, r2
	add r2, sp, #0x010
	mov r0, r9
	add r1, sp, #0x00C
	movs r3, #0x00
	bl func_0801C700
	adds r0, r7, #0x0
	bl _0800E434
	cmp r0, #0x04
	beq _08052960
	cmp r0, #0x05
	bne _080529A6
	movs r3, #0xA8
	lsls r3, r3, #0x01
	adds r1, r7, r3
	movs r0, #0x00
	strh r0, [r1, #0x00]
	adds r0, r7, #0x0
	bl _0800F84C
	adds r1, r0, #0x0
	cmp r1, #0x26
	beq _08052908
	cmp r1, #0x26
	bhi _080528E6
	cmp r1, #0x24
	beq _08052908
	cmp r1, #0x25
	beq _0805291E
	b _0805293C
_080528E6:
	ldr r0, _080528F8 @ =0xF21C8721
	cmp r1, r0
	beq _08052928
	cmp r1, r0
	bhi _080528FC
	cmp r1, #0x27
	beq _0805291E
	b _0805293C
	.byte 0x00, 0x00
_080528F8: .4byte 0xF21C8721
_080528FC:
	ldr r0, _08052904 @ =0xF21CAF21
	cmp r1, r0
	beq _08052932
	b _0805293C
_08052904: .4byte 0xF21CAF21
_08052908:
	movs r4, #0xB8
	lsls r4, r4, #0x01
	adds r0, r7, r4
	movs r1, #0x14
	str r1, [r0, #0x00]
	movs r0, #0xA9
	lsls r0, r0, #0x01
	adds r1, r7, r0
	movs r0, #0x00
	strh r0, [r1, #0x00]
	b _0805293C
_0805291E:
	movs r2, #0xB8
	lsls r2, r2, #0x01
	adds r1, r7, r2
	movs r0, #0x16
	b _0805293A
_08052928:
	movs r3, #0xB8
	lsls r3, r3, #0x01
	adds r1, r7, r3
	movs r0, #0x20
	b _0805293A
_08052932:
	movs r4, #0xB8
	lsls r4, r4, #0x01
	adds r1, r7, r4
	movs r0, #0x1A
_0805293A:
	str r0, [r1, #0x00]
_0805293C:
	movs r2, #0x83
	lsls r2, r2, #0x02
	add r2, r10
	movs r1, #0xB4
	lsls r1, r1, #0x01
	adds r0, r7, r1
	subs r1, #0x68
	str r1, [r0, #0x00]
	str r1, [r2, #0x00]
	movs r2, #0x84
	lsls r2, r2, #0x02
	add r2, r10
	movs r3, #0xB6
	lsls r3, r3, #0x01
	adds r0, r7, r3
	str r1, [r0, #0x00]
	str r1, [r2, #0x00]
	b _080529A6
_08052960:
	movs r4, #0xAA
	lsls r4, r4, #0x01
	adds r2, r7, r4
	ldr r0, [r2, #0x00]
	movs r1, #0x21
	negs r1, r1
	ands r0, r1
	str r0, [r2, #0x00]
	ldrh r1, [r6, #0x34]
	movs r0, #0x02
	orrs r1, r0
	strh r1, [r6, #0x34]
	mov r2, r8
	ldrh r1, [r2, #0x34]
	orrs r0, r1
	strh r0, [r2, #0x34]
	movs r3, #0x83
	lsls r3, r3, #0x02
	adds r2, r7, r3
	adds r4, #0x14
	adds r0, r7, r4
	movs r1, #0x80
	lsls r1, r1, #0x01
	str r1, [r0, #0x00]
	str r1, [r2, #0x00]
	movs r0, #0x84
	lsls r0, r0, #0x02
	adds r2, r7, r0
	subs r3, #0xA0
	adds r0, r7, r3
	str r1, [r0, #0x00]
	str r1, [r2, #0x00]
	ldr r0, _080529D8 @ =0x0000028E
	bl func_0811FF3C
_080529A6:
	ldr r0, _080529DC @ =0x02039B84
	ldr r0, [r0, #0x00]
	movs r4, #0x86
	lsls r4, r4, #0x01
	adds r0, r0, r4
	ldr r0, [r0, #0x00]
	cmp r0, #0xA2
	bne _080529E4
	movs r0, #0x18
	str r0, [sp, #0x000]
	adds r0, r7, #0x0
	movs r1, #0x14
	movs r2, #0x28
	movs r3, #0x28
	bl func_0800F5A4
	lsls r0, r0, #0x18
	cmp r0, #0x00
	beq _08052A22
	movs r0, #0xC2
	lsls r0, r0, #0x01
	adds r1, r7, r0
	ldr r0, _080529E0 @ =0x0813F5C8
	b _08052A20
	.byte 0x00, 0x00
_080529D8: .4byte 0x0000028E
_080529DC: .4byte 0x02039B84
_080529E0: .4byte 0x0813F5C8
_080529E4:
	movs r0, #0x18
	str r0, [sp, #0x000]
	adds r0, r7, #0x0
	movs r1, #0x05
	movs r2, #0x28
	movs r3, #0x28
	bl func_0800F5A4
	lsls r0, r0, #0x18
	cmp r0, #0x00
	beq _08052A22
	bl func_080065A4
	lsls r0, r0, #0x10
	lsrs r0, r0, #0x10
	movs r1, #0x01
	ands r0, r1
	cmp r0, #0x00
	beq _08052A18
	movs r2, #0xC2
	lsls r2, r2, #0x01
	adds r1, r7, r2
	ldr r0, _08052A14 @ =0x0813F5C8
	b _08052A20
_08052A14: .4byte 0x0813F5C8
_08052A18:
	movs r3, #0xC2
	lsls r3, r3, #0x01
	adds r1, r7, r3
	ldr r0, _08052A3C @ =0x0813F5D4
_08052A20:
	str r0, [r1, #0x00]
_08052A22:
	movs r4, #0xB8
	lsls r4, r4, #0x01
	adds r0, r7, r4
	ldr r0, [r0, #0x00]
	cmp r0, #0x22
	bls _08052A32
	bl _08054088
_08052A32:
	lsls r0, r0, #0x02
	ldr r1, _08052A40 @ =0x08052A44
	adds r0, r0, r1
	ldr r0, [r0, #0x00]
	mov pc, r0
_08052A3C: .4byte 0x0813F5D4
_08052A40: .4byte 0x08052A44
	.byte 0xFC, 0x2A, 0x05, 0x08, 0xFC, 0x2B, 0x05, 0x08, 0x88, 0x40, 0x05, 0x08, 0x4A, 0x2C, 0x05, 0x08
	.byte 0x88, 0x40, 0x05, 0x08, 0x88, 0x40, 0x05, 0x08, 0x88, 0x40, 0x05, 0x08, 0x88, 0x40, 0x05, 0x08
	.byte 0x8E, 0x2B, 0x05, 0x08, 0x4A, 0x2C, 0x05, 0x08, 0x88, 0x40, 0x05, 0x08, 0x4A, 0x2C, 0x05, 0x08
	.byte 0xD0, 0x2A, 0x05, 0x08, 0x88, 0x40, 0x05, 0x08, 0x4A, 0x2C, 0x05, 0x08, 0x88, 0x40, 0x05, 0x08
	.byte 0x88, 0x40, 0x05, 0x08, 0xE0, 0x2A, 0x05, 0x08, 0xD0, 0x2A, 0x05, 0x08, 0xFC, 0x3F, 0x05, 0x08
	.byte 0xF8, 0x3A, 0x05, 0x08, 0x74, 0x3C, 0x05, 0x08, 0xA0, 0x2C, 0x05, 0x08, 0x44, 0x2D, 0x05, 0x08
	.byte 0xCC, 0x2D, 0x05, 0x08, 0x52, 0x2F, 0x05, 0x08, 0xB8, 0x2F, 0x05, 0x08, 0x84, 0x32, 0x05, 0x08
	.byte 0xAE, 0x3A, 0x05, 0x08, 0xFA, 0x34, 0x05, 0x08, 0x32, 0x37, 0x05, 0x08, 0x32, 0x38, 0x05, 0x08
	.byte 0x00, 0x3E, 0x05, 0x08, 0x60, 0x3E, 0x05, 0x08, 0x94, 0x3F, 0x05, 0x08, 0x02, 0x48, 0x51, 0x46
	.byte 0x14, 0x31, 0x53, 0x46, 0x5A, 0x68, 0x06, 0xE0, 0xE0, 0xF5, 0x13, 0x08, 0x05, 0x48, 0x51, 0x46
	.byte 0x14, 0x31, 0x54, 0x46, 0x62, 0x68, 0x00, 0x92, 0x00, 0x22, 0x01, 0x23, 0xC6, 0xF7, 0xBA, 0xFA
	.byte 0x01, 0xF0, 0xC8, 0xFA, 0xE0, 0xF5, 0x13, 0x08, 0x15, 0x48, 0x51, 0x46, 0x14, 0x31, 0x53, 0x46
	.byte 0x5A, 0x68, 0x00, 0x92, 0x00, 0x22, 0x01, 0x23, 0xC6, 0xF7, 0xAC, 0xFA, 0x80, 0x21, 0x89, 0x00
	.byte 0x51, 0x44, 0x10, 0x48, 0x08, 0x60, 0x2E, 0xF0, 0x85, 0xFE, 0x00, 0x06, 0x00, 0x28, 0x01, 0xD0
	.byte 0x01, 0xF0, 0xB0, 0xFA, 0xB3, 0xF7, 0x3C, 0xFD, 0x00, 0x04, 0x00, 0x0C, 0x50, 0x21, 0xCA, 0xF0
	.byte 0x4B, 0xFE, 0x00, 0x04, 0x02, 0x0C, 0x00, 0x2A, 0x0E, 0xD1, 0xB8, 0x24, 0x64, 0x00, 0x38, 0x19
	.byte 0x08, 0x21, 0x01, 0x60, 0xA8, 0x21, 0x49, 0x00, 0x78, 0x18, 0x02, 0x80, 0x01, 0xF0, 0x9A, 0xFA
	.byte 0xE0, 0xF5, 0x13, 0x08, 0x00, 0xFD, 0xFF, 0xFF, 0x38, 0x1C, 0x28, 0x21, 0xBC, 0xF7, 0xB2, 0xFC
	.byte 0x00, 0x06, 0x00, 0x28, 0x08, 0xD0, 0x80, 0x21, 0x49, 0x02, 0x4B, 0x46, 0x9A, 0x68, 0x50, 0x46
	.byte 0xFF, 0xF7, 0x98, 0xFD, 0x01, 0xF0, 0x86, 0xFA, 0x38, 0x1C, 0x08, 0x21, 0xBC, 0xF7, 0xF2, 0xFB
	.byte 0xA8, 0x24, 0x64, 0x00, 0x39, 0x19, 0x01, 0xF0, 0x7A, 0xFA, 0xA8, 0x21, 0x49, 0x00, 0x78, 0x18
	.byte 0x00, 0x22, 0x80, 0x5E, 0x00, 0x28, 0x01, 0xD0, 0x01, 0xF0, 0x74, 0xFA, 0xB3, 0xF7, 0x00, 0xFD
	.byte 0xAE, 0x23, 0x5B, 0x00, 0xFC, 0x18, 0x00, 0x04, 0x00, 0x0C, 0xC9, 0x21, 0xCA, 0xF0, 0x0C, 0xFE
	.byte 0x00, 0x04, 0x00, 0x0A, 0x0E, 0x49, 0x40, 0x18, 0x03, 0x99, 0x09, 0x18, 0x21, 0x60, 0xB3, 0xF7
	.byte 0xEF, 0xFC, 0xB0, 0x22, 0x52, 0x00, 0xBC, 0x18, 0x00, 0x04, 0x00, 0x0C, 0x41, 0x21, 0xCA, 0xF0
	.byte 0xFB, 0xFD, 0x00, 0x04, 0x00, 0x0A, 0x07, 0x4B, 0xC0, 0x18, 0x04, 0x99, 0x09, 0x18, 0x21, 0x60
	.byte 0xB8, 0x24, 0x64, 0x00, 0x39, 0x19, 0x13, 0x20, 0x08, 0x60, 0x01, 0xF0, 0x4B, 0xFA, 0x00, 0x00
	.byte 0x00, 0x9C, 0xFF, 0xFF, 0x00, 0xE0, 0xFF, 0xFF, 0xA8, 0x20, 0x40, 0x00, 0x3B, 0x18, 0x00, 0x21
	.byte 0x5A, 0x5E, 0x00, 0x2A, 0x37, 0xD1, 0x48, 0x46, 0xE4, 0x30, 0x01, 0x68, 0x08, 0x1C, 0xF4, 0x30
	.byte 0x00, 0x68, 0x12, 0x28, 0x17, 0xD1, 0xF8, 0x31, 0x08, 0x88, 0x01, 0x38, 0x08, 0x80, 0x84, 0x21
	.byte 0x49, 0x00, 0x49, 0x44, 0x86, 0x20, 0x40, 0x00, 0x48, 0x44, 0x02, 0x60, 0x0A, 0x60, 0xAC, 0x24
	.byte 0x64, 0x00, 0x38, 0x19, 0x02, 0x60, 0x49, 0x46, 0xE2, 0x31, 0x1E, 0x20, 0x08, 0x80, 0x06, 0x20
	.byte 0x18, 0x80, 0x01, 0xF0, 0x1F, 0xFA, 0xA8, 0x21, 0x49, 0x00, 0x78, 0x18, 0x00, 0x22, 0x80, 0x5E
	.byte 0x00, 0x28, 0x10, 0xD1, 0x83, 0x22, 0x92, 0x00, 0x52, 0x44, 0xB4, 0x23, 0x5B, 0x00, 0xF8, 0x18
	.byte 0x50, 0x39, 0x01, 0x60, 0x11, 0x60, 0x84, 0x22, 0x92, 0x00, 0x52, 0x44, 0xB6, 0x24, 0x64, 0x00
	.byte 0x38, 0x19, 0x01, 0x60, 0x11, 0x60, 0x80, 0x21, 0x89, 0x00, 0x51, 0x44, 0x00, 0x20, 0x08, 0x60
	.byte 0x05, 0x48, 0x51, 0x46, 0x14, 0x31, 0x53, 0x46, 0x5A, 0x68, 0x00, 0x92, 0x02, 0x22, 0x00, 0x23
	.byte 0xC6, 0xF7, 0xE8, 0xF9, 0x01, 0xF0, 0xF6, 0xF9, 0xE0, 0xF5, 0x13, 0x08, 0xA8, 0x24, 0x64, 0x00
	.byte 0x38, 0x19, 0x00, 0x21, 0x40, 0x5E, 0x00, 0x28, 0x0D, 0xD1, 0x0C, 0x48, 0x51, 0x46, 0x14, 0x31
	.byte 0x53, 0x46, 0x5A, 0x68, 0x00, 0x92, 0x01, 0x22, 0x01, 0x23, 0xC6, 0xF7, 0xD3, 0xF9, 0x02, 0x34
	.byte 0x39, 0x19, 0x0A, 0x20, 0x08, 0x80, 0x49, 0x46, 0x48, 0x68, 0x03, 0x9A, 0x90, 0x42, 0x09, 0xDA
	.byte 0xAE, 0x23, 0x5B, 0x00, 0xF9, 0x18, 0x02, 0x4C, 0x10, 0x19, 0x09, 0xE0, 0xE0, 0xF5, 0x13, 0x08
	.byte 0x00, 0x92, 0xFF, 0xFF, 0xAE, 0x20, 0x40, 0x00, 0x39, 0x18, 0xDC, 0x23, 0xDB, 0x01, 0xD0, 0x18
	.byte 0x08, 0x60, 0x48, 0x46, 0x04, 0x30, 0xAE, 0x24, 0x64, 0x00, 0x39, 0x19, 0x09, 0x68, 0xA9, 0x22
	.byte 0x52, 0x00, 0xBC, 0x18, 0x22, 0x88, 0xB2, 0xF7, 0x0F, 0xFE, 0x20, 0x88, 0x01, 0x38, 0x20, 0x80
	.byte 0x38, 0x1C, 0x01, 0x21, 0xBC, 0xF7, 0x26, 0xFB, 0x00, 0x23, 0xE0, 0x5E, 0x00, 0x28, 0x0A, 0xDC
	.byte 0xB8, 0x24, 0x64, 0x00, 0x39, 0x19, 0x17, 0x20, 0x08, 0x60, 0xA8, 0x20, 0x40, 0x00, 0x39, 0x18
	.byte 0x00, 0x20, 0x01, 0xF0, 0xA6, 0xF9, 0xA8, 0x22, 0x52, 0x00, 0xB9, 0x18, 0x01, 0xF0, 0x9F, 0xF9
	.byte 0xA8, 0x23, 0x5B, 0x00, 0xFD, 0x18, 0x00, 0x20, 0x2C, 0x5E, 0x00, 0x2C, 0x1D, 0xD1, 0x1D, 0x48
	.byte 0x51, 0x46, 0x14, 0x31, 0x53, 0x46, 0x5A, 0x68, 0x00, 0x92, 0x05, 0x22, 0x00, 0x23, 0xC6, 0xF7
	.byte 0x81, 0xF9, 0x80, 0x20, 0x80, 0x00, 0x50, 0x44, 0x04, 0x60, 0xAE, 0x24, 0x64, 0x00, 0x3A, 0x19
	.byte 0x03, 0x98, 0x40, 0x00, 0x4B, 0x46, 0x59, 0x68, 0x40, 0x1A, 0x10, 0x60, 0x04, 0x34, 0x3A, 0x19
	.byte 0x04, 0x98, 0x40, 0x00, 0x99, 0x68, 0x40, 0x1A, 0x10, 0x60, 0x38, 0x1C, 0x01, 0x21, 0xBC, 0xF7
	.byte 0xE9, 0xFA, 0x49, 0x46, 0x48, 0x68, 0x89, 0x68, 0x4B, 0x46, 0xDA, 0x68, 0xDC, 0xF7, 0x70, 0xFA
	.byte 0x38, 0x1C, 0x14, 0x30, 0xB2, 0xF7, 0xB8, 0xFE, 0x00, 0x06, 0x00, 0x28, 0x00, 0xD1, 0x9D, 0xE3
	.byte 0xB8, 0x24, 0x64, 0x00, 0x38, 0x19, 0x18, 0x21, 0x01, 0x60, 0x00, 0x20, 0x28, 0x80, 0x01, 0xF0
	.byte 0x61, 0xF9, 0x00, 0x00, 0xE0, 0xF5, 0x13, 0x08, 0xA8, 0x21, 0x49, 0x00, 0x78, 0x18, 0x00, 0x22
	.byte 0x80, 0x5E, 0x00, 0x28, 0x4E, 0xD1, 0x17, 0x48, 0x51, 0x46, 0x14, 0x31, 0x53, 0x46, 0x5A, 0x68
	.byte 0x00, 0x92, 0x06, 0x22, 0x00, 0x23, 0xC6, 0xF7, 0x3D, 0xF9, 0x13, 0x48, 0x54, 0x46, 0xE2, 0x68
	.byte 0x11, 0x1C, 0x10, 0x31, 0x52, 0x68, 0x00, 0x92, 0x00, 0x22, 0x01, 0x23, 0xC6, 0xF7, 0x32, 0xF9
	.byte 0xB8, 0x68, 0xF0, 0x60, 0xB1, 0x8E, 0x04, 0x20, 0x08, 0x43, 0x0C, 0x49, 0x08, 0x40, 0xB0, 0x86
	.byte 0x0B, 0x48, 0xCD, 0xF0, 0x2B, 0xF8, 0x4A, 0x46, 0x50, 0x6B, 0x91, 0x6B, 0x04, 0x22, 0x10, 0x40
	.byte 0x00, 0x21, 0x08, 0x43, 0x00, 0x28, 0x0F, 0xD0, 0x4B, 0x46, 0x58, 0x68, 0x05, 0x4C, 0x00, 0x19
	.byte 0x0F, 0xE0, 0x00, 0x00, 0xE0, 0xF5, 0x13, 0x08, 0xC0, 0xF6, 0x13, 0x08, 0xFD, 0xFF, 0x00, 0x00
	.byte 0x89, 0x02, 0x00, 0x00, 0x00, 0xE0, 0xFF, 0xFF, 0x49, 0x46, 0x48, 0x68, 0x80, 0x22, 0x92, 0x01
	.byte 0x80, 0x18, 0xB0, 0x62, 0x4B, 0x46, 0x98, 0x68, 0xF0, 0x62, 0xD8, 0x68, 0x37, 0x4C, 0x00, 0x19
	.byte 0x30, 0x63, 0x38, 0x1C, 0x01, 0x21, 0xBC, 0xF7, 0x7D, 0xFA, 0x81, 0x21, 0x89, 0x00, 0x51, 0x44
	.byte 0x1E, 0x20, 0x08, 0x80, 0x30, 0x1C, 0x28, 0x30, 0xAE, 0x21, 0x49, 0x00, 0x79, 0x18, 0x08, 0x91
	.byte 0x09, 0x68, 0x81, 0x25, 0xAD, 0x00, 0x55, 0x44, 0x2A, 0x88, 0xB2, 0xF7, 0x35, 0xFD, 0x30, 0x1C
	.byte 0x2C, 0x30, 0xB0, 0x22, 0x52, 0x00, 0xD2, 0x19, 0x90, 0x46, 0x11, 0x68, 0x2A, 0x88, 0xB2, 0xF7
	.byte 0x2B, 0xFD, 0x28, 0x88, 0x01, 0x38, 0x28, 0x80, 0xB0, 0x6A, 0xF1, 0x6A, 0x32, 0x6B, 0xDC, 0xF7
	.byte 0xE7, 0xF9, 0x97, 0x20, 0x40, 0x00, 0xB1, 0x6A, 0xF2, 0x6A, 0x33, 0x6B, 0x08, 0x24, 0x00, 0x94
	.byte 0x01, 0x94, 0x02, 0x24, 0x02, 0x94, 0xBF, 0xF7, 0x55, 0xF8, 0x00, 0x28, 0x02, 0xD0, 0x1C, 0x48
	.byte 0xCC, 0xF0, 0xCC, 0xFF, 0x00, 0x23, 0xE8, 0x5E, 0x13, 0x28, 0x06, 0xD1, 0x80, 0x22, 0x92, 0x00
	.byte 0x50, 0x46, 0x0C, 0x21, 0x08, 0x23, 0xFF, 0xF7, 0xF3, 0xFB, 0x00, 0x24, 0x28, 0x5F, 0x0B, 0x28
	.byte 0x15, 0xD1, 0x08, 0x99, 0x08, 0x68, 0x4A, 0x46, 0x50, 0x60, 0x43, 0x46, 0x18, 0x68, 0x90, 0x60
	.byte 0x50, 0x6B, 0x91, 0x6B, 0x04, 0x22, 0x00, 0x23, 0x50, 0x40, 0x4C, 0x46, 0x60, 0x63, 0xA1, 0x63
	.byte 0x80, 0x22, 0x52, 0x00, 0x50, 0x46, 0x11, 0x1C, 0x08, 0x23, 0xFF, 0xF7, 0xD9, 0xFB, 0x00, 0x21
	.byte 0x68, 0x5E, 0x04, 0x28, 0x0E, 0xDC, 0xB8, 0x22, 0x52, 0x00, 0xB9, 0x18, 0x19, 0x20, 0x08, 0x60
	.byte 0xA8, 0x23, 0x5B, 0x00, 0xF9, 0x18, 0x00, 0x20, 0x01, 0xF0, 0xA3, 0xF8, 0x00, 0xE0, 0xFF, 0xFF
	.byte 0x2F, 0x02, 0x00, 0x00, 0xA8, 0x24, 0x64, 0x00, 0x39, 0x19, 0x01, 0xF0, 0x98, 0xF8, 0xA8, 0x20
	.byte 0x40, 0x00, 0x3C, 0x18, 0x00, 0x21, 0x60, 0x5E, 0x00, 0x28, 0x0F, 0xD1, 0x13, 0x48, 0x51, 0x46
	.byte 0x14, 0x31, 0x53, 0x46, 0x5A, 0x68, 0x00, 0x92, 0x07, 0x22, 0x00, 0x23, 0xC6, 0xF7, 0x7A, 0xF8
	.byte 0xB1, 0x8E, 0x02, 0x20, 0x08, 0x43, 0x0E, 0x49, 0x08, 0x40, 0xB0, 0x86, 0x49, 0x46, 0x48, 0x68
	.byte 0x89, 0x68, 0x4B, 0x46, 0xDA, 0x68, 0xDC, 0xF7, 0x7B, 0xF9, 0x38, 0x1C, 0x14, 0x30, 0xB2, 0xF7
	.byte 0xC3, 0xFD, 0x00, 0x06, 0x00, 0x28, 0x01, 0xD1, 0x01, 0xF0, 0x2A, 0xF8, 0x48, 0x46, 0xC7, 0xF7
	.byte 0xB1, 0xFF, 0xB8, 0x20, 0x40, 0x00, 0x39, 0x18, 0x01, 0xF0, 0x5F, 0xF8, 0xE0, 0xF5, 0x13, 0x08
	.byte 0xFB, 0xFF, 0x00, 0x00, 0xA8, 0x21, 0x49, 0x00, 0x78, 0x18, 0x00, 0x22, 0x85, 0x5E, 0x00, 0x2D
	.byte 0x3F, 0xD1, 0x2D, 0x48, 0x51, 0x46, 0x14, 0x31, 0x53, 0x46, 0x5A, 0x68, 0x00, 0x92, 0x08, 0x22
	.byte 0x00, 0x23, 0xC6, 0xF7, 0x47, 0xF8, 0x30, 0x1C, 0x10, 0x30, 0xB2, 0xF7, 0xC1, 0xFD, 0x40, 0x46
	.byte 0x10, 0x30, 0xB2, 0xF7, 0xBD, 0xFD, 0x25, 0x4C, 0x51, 0x46, 0xC8, 0x68, 0x01, 0x1C, 0x10, 0x31
	.byte 0x40, 0x68, 0x00, 0x90, 0x20, 0x1C, 0x06, 0x22, 0x00, 0x23, 0xC6, 0xF7, 0x33, 0xF8, 0x52, 0x46
	.byte 0x10, 0x69, 0x01, 0x1C, 0x10, 0x31, 0x40, 0x68, 0x00, 0x90, 0x20, 0x1C, 0x02, 0x22, 0x00, 0x23
	.byte 0xC6, 0xF7, 0x28, 0xF8, 0xB0, 0x68, 0xF0, 0x60, 0xB2, 0x8E, 0x19, 0x49, 0x08, 0x1C, 0x10, 0x40
	.byte 0xB0, 0x86, 0x43, 0x46, 0x98, 0x8E, 0x01, 0x40, 0x99, 0x86, 0xB1, 0x8E, 0x01, 0x20, 0x08, 0x43
	.byte 0xB0, 0x86, 0x99, 0x8E, 0x13, 0x48, 0x08, 0x40, 0x98, 0x86, 0x80, 0x20, 0x80, 0x00, 0x50, 0x44
	.byte 0x05, 0x60, 0x38, 0x1C, 0x01, 0x21, 0xBC, 0xF7, 0x8D, 0xF9, 0xAC, 0x24, 0x64, 0x00, 0x38, 0x19
	.byte 0x00, 0x21, 0x01, 0x60, 0xF8, 0x8B, 0x3D, 0x1C, 0x14, 0x35, 0x00, 0x28, 0x6C, 0xD1, 0x28, 0x1C
	.byte 0xB2, 0xF7, 0x66, 0xFD, 0x00, 0x04, 0x00, 0x0C, 0x06, 0x28, 0x2D, 0xD0, 0x06, 0x28, 0x0B, 0xDC
	.byte 0x03, 0x28, 0x0C, 0xD0, 0x60, 0xE0, 0x00, 0x00, 0xE0, 0xF5, 0x13, 0x08, 0xC0, 0xF6, 0x13, 0x08
	.byte 0xF9, 0xFF, 0x00, 0x00, 0xFE, 0xFF, 0x00, 0x00, 0x07, 0x28, 0x3B, 0xD0, 0x54, 0xE0, 0x0C, 0x48
	.byte 0xCC, 0xF0, 0xEC, 0xFE, 0x0B, 0x4C, 0x51, 0x46, 0xC8, 0x68, 0x01, 0x1C, 0x10, 0x31, 0x40, 0x68
	.byte 0x00, 0x90, 0x20, 0x1C, 0x07, 0x22, 0x01, 0x23, 0xC5, 0xF7, 0xDC, 0xFF, 0x52, 0x46, 0x10, 0x69
	.byte 0x01, 0x1C, 0x10, 0x31, 0x40, 0x68, 0x00, 0x90, 0x20, 0x1C, 0x03, 0x22, 0x1C, 0xE0, 0x00, 0x00
	.byte 0x8A, 0x02, 0x00, 0x00, 0xC0, 0xF6, 0x13, 0x08, 0x91, 0x20, 0x40, 0x00, 0xCC, 0xF0, 0xCE, 0xFE
	.byte 0x0B, 0x4C, 0x53, 0x46, 0xD8, 0x68, 0x01, 0x1C, 0x10, 0x31, 0x40, 0x68, 0x00, 0x90, 0x20, 0x1C
	.byte 0x08, 0x22, 0x01, 0x23, 0xC5, 0xF7, 0xBE, 0xFF, 0x51, 0x46, 0x08, 0x69, 0x01, 0x1C, 0x10, 0x31
	.byte 0x40, 0x68, 0x00, 0x90, 0x20, 0x1C, 0x04, 0x22, 0x01, 0x23, 0xC5, 0xF7, 0xB3, 0xFF, 0x1B, 0xE0
	.byte 0xC0, 0xF6, 0x13, 0x08, 0x12, 0x4C, 0x52, 0x46, 0xD0, 0x68, 0x01, 0x1C, 0x10, 0x31, 0x40, 0x68
	.byte 0x00, 0x90, 0x20, 0x1C, 0x09, 0x22, 0x00, 0x23, 0xC5, 0xF7, 0xA4, 0xFF, 0x53, 0x46, 0x18, 0x69
	.byte 0x01, 0x1C, 0x10, 0x31, 0x40, 0x68, 0x00, 0x90, 0x20, 0x1C, 0x05, 0x22, 0x00, 0x23, 0xC5, 0xF7
	.byte 0x99, 0xFF, 0x08, 0x48, 0xCC, 0xF0, 0x9A, 0xFE, 0x28, 0x1C, 0xB2, 0xF7, 0xF9, 0xFC, 0x00, 0x04
	.byte 0x00, 0x0C, 0x03, 0x28, 0x3E, 0xDB, 0x05, 0x28, 0x06, 0xDD, 0x06, 0x28, 0x0E, 0xD0, 0x39, 0xE0
	.byte 0xC0, 0xF6, 0x13, 0x08, 0x8B, 0x02, 0x00, 0x00, 0x4C, 0x46, 0xE0, 0x68, 0x80, 0x21, 0x49, 0x01
	.byte 0x42, 0x18, 0xE1, 0x69, 0x89, 0x1A, 0x09, 0x11, 0x40, 0x18, 0x2A, 0xE0, 0x4A, 0x46, 0x50, 0x6B
	.byte 0x91, 0x6B, 0x04, 0x22, 0x10, 0x40, 0x00, 0x21, 0x08, 0x43, 0x00, 0x28, 0x0C, 0xD0, 0x4B, 0x46
	.byte 0x58, 0x68, 0x04, 0x4C, 0x02, 0x19, 0x59, 0x69, 0x89, 0x1A, 0xC9, 0x10, 0x40, 0x18, 0x58, 0x60
	.byte 0x0D, 0xE0, 0x00, 0x00, 0x00, 0xF8, 0xFF, 0xFF, 0x49, 0x46, 0x48, 0x68, 0x80, 0x23, 0x1B, 0x01
	.byte 0xC2, 0x18, 0x49, 0x69, 0x89, 0x1A, 0xC9, 0x10, 0x40, 0x18, 0x4C, 0x46, 0x60, 0x60, 0x49, 0x46
	.byte 0xC8, 0x68, 0xA0, 0x23, 0x5B, 0x01, 0xC2, 0x18, 0xC9, 0x69, 0x89, 0x1A, 0xC9, 0x10, 0x40, 0x18
	.byte 0x4C, 0x46, 0xE0, 0x60, 0x19, 0x48, 0x01, 0x68, 0x08, 0x1C, 0xDE, 0x30, 0x00, 0x22, 0x80, 0x5E
	.byte 0xE0, 0x31, 0x00, 0x23, 0xC9, 0x5E, 0x40, 0x18, 0x20, 0x30, 0xC0, 0x01, 0x4C, 0x46, 0xA1, 0x68
	.byte 0x40, 0x1A, 0xC0, 0x10, 0x09, 0x18, 0xA1, 0x60, 0x60, 0x68, 0xB0, 0x62, 0xA0, 0x68, 0xF0, 0x62
	.byte 0xE0, 0x68, 0x30, 0x63, 0x60, 0x68, 0x41, 0x46, 0x88, 0x62, 0xA0, 0x68, 0xC8, 0x62, 0xE0, 0x68
	.byte 0x08, 0x63, 0x28, 0x1C, 0xB2, 0xF7, 0x88, 0xFC, 0x00, 0x06, 0x00, 0x28, 0x33, 0xD0, 0x2E, 0x22
	.byte 0xA0, 0x5E, 0xC1, 0x0F, 0x40, 0x18, 0x2C, 0x23, 0xE1, 0x5E, 0x40, 0x10, 0x81, 0x42, 0x07, 0xDA
	.byte 0xB8, 0x24, 0x64, 0x00, 0x39, 0x19, 0x1F, 0x20, 0x1E, 0xE0, 0x00, 0x00, 0x84, 0x9B, 0x03, 0x02
	.byte 0x03, 0x98, 0x4A, 0x46, 0x51, 0x68, 0x42, 0x1A, 0x00, 0x2A, 0x05, 0xDB, 0x01, 0x48, 0x82, 0x42
	.byte 0x06, 0xDD, 0x0D, 0xE0, 0xFF, 0x4F, 0x00, 0x00, 0x09, 0x1A, 0x04, 0x48, 0x81, 0x42, 0x07, 0xDC
	.byte 0xB8, 0x23, 0x5B, 0x00, 0xF9, 0x18, 0x1D, 0x20, 0x06, 0xE0, 0x00, 0x00, 0xFF, 0x4F, 0x00, 0x00
	.byte 0xB8, 0x24, 0x64, 0x00, 0x39, 0x19, 0x1B, 0x20, 0x08, 0x60, 0xA8, 0x20, 0x40, 0x00, 0x39, 0x18
	.byte 0x00, 0x20, 0x00, 0xF0, 0x06, 0xFF, 0xA8, 0x22, 0x52, 0x00, 0xB9, 0x18, 0x00, 0xF0, 0xFF, 0xFE
	.byte 0xA8, 0x23, 0x5B, 0x00, 0xF8, 0x18, 0x00, 0x24, 0x00, 0x5F, 0x00, 0x28, 0x67, 0xD1, 0x1D, 0x48
	.byte 0x51, 0x46, 0x14, 0x31, 0x53, 0x46, 0x5A, 0x68, 0x00, 0x92, 0x09, 0x22, 0x01, 0x23, 0xC5, 0xF7
	.byte 0xE1, 0xFE, 0x19, 0x4C, 0x51, 0x46, 0xC8, 0x68, 0x01, 0x1C, 0x10, 0x31, 0x40, 0x68, 0x00, 0x90
	.byte 0x20, 0x1C, 0x01, 0x22, 0x01, 0x23, 0xC5, 0xF7, 0xD5, 0xFE, 0x52, 0x46, 0x10, 0x69, 0x01, 0x1C
	.byte 0x10, 0x31, 0x40, 0x68, 0x00, 0x90, 0x20, 0x1C, 0x01, 0x22, 0x01, 0x23, 0xC5, 0xF7, 0xCA, 0xFE
	.byte 0xB1, 0x8E, 0x04, 0x20, 0x01, 0x43, 0xB1, 0x86, 0x43, 0x46, 0x99, 0x8E, 0x08, 0x43, 0x98, 0x86
	.byte 0x4C, 0x46, 0x60, 0x6B, 0xA1, 0x6B, 0x04, 0x22, 0x10, 0x40, 0x00, 0x21, 0x08, 0x43, 0x00, 0x28
	.byte 0x10, 0xD0, 0x60, 0x68, 0x05, 0x49, 0x40, 0x18, 0xB0, 0x62, 0x60, 0x68, 0x04, 0x4A, 0x80, 0x18
	.byte 0x98, 0x62, 0x13, 0xE0, 0xE0, 0xF5, 0x13, 0x08, 0xC0, 0xF6, 0x13, 0x08, 0x00, 0xC9, 0xFF, 0xFF
	.byte 0x00, 0xA9, 0xFF, 0xFF, 0x4B, 0x46, 0x58, 0x68, 0xDC, 0x24, 0xA4, 0x01, 0x00, 0x19, 0xB0, 0x62
	.byte 0x58, 0x68, 0xAE, 0x21, 0xC9, 0x01, 0x40, 0x18, 0x42, 0x46, 0x90, 0x62, 0x4B, 0x46, 0x98, 0x68
	.byte 0xA0, 0x24, 0x24, 0x01, 0x00, 0x19, 0xF0, 0x62, 0xD8, 0x68, 0x14, 0x49, 0x40, 0x18, 0x30, 0x63
	.byte 0x98, 0x68, 0x13, 0x4A, 0x80, 0x18, 0x43, 0x46, 0xD8, 0x62, 0x4C, 0x46, 0xE0, 0x68, 0x11, 0x49
	.byte 0x40, 0x18, 0x18, 0x63, 0x80, 0x21, 0x89, 0x00, 0x51, 0x44, 0xE0, 0x68, 0x08, 0x60, 0x4A, 0x46
	.byte 0x50, 0x6B, 0x91, 0x6B, 0x04, 0x22, 0x10, 0x40, 0x00, 0x21, 0x08, 0x43, 0x00, 0x28, 0x13, 0xD0
	.byte 0xA8, 0x23, 0x5B, 0x00, 0xF8, 0x18, 0x00, 0x24, 0x00, 0x5F, 0x40, 0x02, 0xB4, 0x21, 0xC9, 0x01
	.byte 0x40, 0x18, 0x4A, 0x46, 0x51, 0x68, 0x0A, 0x1A, 0x12, 0xE0, 0x00, 0x00, 0x00, 0xE2, 0xFF, 0xFF
	.byte 0x00, 0xF6, 0xFF, 0xFF, 0x00, 0xEC, 0xFF, 0xFF, 0xA8, 0x23, 0x5B, 0x00, 0xF8, 0x18, 0x00, 0x24
	.byte 0x00, 0x5F, 0x40, 0x02, 0xB4, 0x21, 0xC9, 0x01, 0x40, 0x18, 0x4A, 0x46, 0x51, 0x68, 0x0A, 0x18
	.byte 0xB1, 0x6A, 0x50, 0x1A, 0xC0, 0x10, 0x09, 0x18, 0xB1, 0x62, 0x43, 0x46, 0x99, 0x6A, 0x50, 0x1A
	.byte 0xC0, 0x10, 0x09, 0x18, 0x99, 0x62, 0x46, 0x4B, 0xA8, 0x24, 0x64, 0x00, 0x3D, 0x19, 0x28, 0x88
	.byte 0x80, 0x00, 0xFF, 0x22, 0x10, 0x40, 0x40, 0x00, 0xC0, 0x18, 0x00, 0x24, 0x01, 0x5F, 0xC8, 0x00
	.byte 0x40, 0x1A, 0xC0, 0x00, 0x40, 0x1A, 0x4C, 0x46, 0xA1, 0x68, 0x09, 0x18, 0xF0, 0x6A, 0x09, 0x1A
	.byte 0x89, 0x10, 0x40, 0x18, 0xF0, 0x62, 0x28, 0x88, 0x80, 0x00, 0x10, 0x40, 0x40, 0x00, 0xC0, 0x18
	.byte 0x00, 0x22, 0x81, 0x5E, 0xC8, 0x00, 0x40, 0x1A, 0xC0, 0x00, 0x40, 0x1A, 0xA1, 0x68, 0x09, 0x1A
	.byte 0x43, 0x46, 0xD8, 0x6A, 0x09, 0x1A, 0x89, 0x10, 0x40, 0x18, 0xD8, 0x62, 0x31, 0x48, 0x04, 0x68
	.byte 0x9C, 0x21, 0x49, 0x00, 0x64, 0x18, 0x31, 0x6B, 0xC0, 0x22, 0x52, 0x01, 0x8B, 0x18, 0x20, 0x68
	.byte 0xC0, 0x1A, 0x80, 0x10, 0x09, 0x18, 0x31, 0x63, 0x43, 0x46, 0x19, 0x6B, 0x8A, 0x18, 0x20, 0x68
	.byte 0x80, 0x1A, 0xC0, 0x10, 0x09, 0x18, 0x19, 0x63, 0xB1, 0x6A, 0xF2, 0x6A, 0x33, 0x6B, 0x08, 0x24
	.byte 0x00, 0x94, 0x01, 0x94, 0x02, 0x20, 0x02, 0x90, 0x98, 0x20, 0x40, 0x00, 0xBE, 0xF7, 0x8A, 0xFD
	.byte 0x00, 0x28, 0x02, 0xD0, 0x20, 0x48, 0xCC, 0xF0, 0x01, 0xFD, 0x42, 0x46, 0x91, 0x6A, 0xD2, 0x6A
	.byte 0x40, 0x46, 0x03, 0x6B, 0x00, 0x94, 0x01, 0x94, 0x02, 0x24, 0x02, 0x94, 0x98, 0x20, 0x40, 0x00
	.byte 0xBE, 0xF7, 0x78, 0xFD, 0x00, 0x28, 0x02, 0xD0, 0x17, 0x48, 0xCC, 0xF0, 0xEF, 0xFC, 0x50, 0x46
	.byte 0x31, 0x1C, 0xFF, 0xF7, 0x51, 0xF9, 0x50, 0x46, 0x41, 0x46, 0xFF, 0xF7, 0x4D, 0xF9, 0x11, 0x48
	.byte 0x04, 0x68, 0x20, 0x1C, 0xDC, 0x30, 0x00, 0x21, 0x40, 0x5E, 0x20, 0x30, 0x00, 0x02, 0xB1, 0x6A
	.byte 0x81, 0x42, 0x07, 0xDC, 0x20, 0x1C, 0xDA, 0x30, 0x00, 0x22, 0x80, 0x5E, 0x20, 0x38, 0x00, 0x02
	.byte 0x81, 0x42, 0x13, 0xDA, 0xB0, 0x8E, 0x02, 0x21, 0x00, 0x22, 0x08, 0x43, 0xB0, 0x86, 0x43, 0x46
	.byte 0x98, 0x8E, 0x01, 0x43, 0x99, 0x86, 0x2A, 0x80, 0xB8, 0x24, 0x64, 0x00, 0x39, 0x19, 0x99, 0xE1
	.byte 0x00, 0x14, 0x12, 0x08, 0x84, 0x9B, 0x03, 0x02, 0xF9, 0x01, 0x00, 0x00, 0x28, 0x88, 0x01, 0x30
	.byte 0x28, 0x80, 0x00, 0xF0, 0xC7, 0xFD, 0x38, 0x1C, 0x01, 0x21, 0xBB, 0xF7, 0x33, 0xFF, 0xA8, 0x21
	.byte 0x49, 0x00, 0x78, 0x18, 0x00, 0x22, 0x80, 0x5E, 0x00, 0x28, 0x76, 0xD1, 0x1D, 0x48, 0x51, 0x46
	.byte 0x14, 0x31, 0x53, 0x46, 0x5A, 0x68, 0x00, 0x92, 0x09, 0x22, 0x01, 0x23, 0xC5, 0xF7, 0xA2, 0xFD
	.byte 0x19, 0x4C, 0x51, 0x46, 0xC8, 0x68, 0x01, 0x1C, 0x10, 0x31, 0x40, 0x68, 0x00, 0x90, 0x20, 0x1C
	.byte 0x01, 0x22, 0x01, 0x23, 0xC5, 0xF7, 0x96, 0xFD, 0x52, 0x46, 0x10, 0x69, 0x01, 0x1C, 0x10, 0x31
	.byte 0x40, 0x68, 0x00, 0x90, 0x20, 0x1C, 0x01, 0x22, 0x01, 0x23, 0xC5, 0xF7, 0x8B, 0xFD, 0xB1, 0x8E
	.byte 0x04, 0x20, 0x01, 0x43, 0xB1, 0x86, 0x43, 0x46, 0x99, 0x8E, 0x08, 0x43, 0x98, 0x86, 0x4C, 0x46
	.byte 0x60, 0x6B, 0xA1, 0x6B, 0x04, 0x22, 0x10, 0x40, 0x00, 0x21, 0x08, 0x43, 0x00, 0x28, 0x11, 0xD0
	.byte 0x60, 0x68, 0x06, 0x49, 0x40, 0x18, 0xB0, 0x62, 0x60, 0x68, 0x05, 0x4A, 0x80, 0x18, 0x98, 0x62
	.byte 0x14, 0xE0, 0x00, 0x00, 0xE0, 0xF5, 0x13, 0x08, 0xC0, 0xF6, 0x13, 0x08, 0x00, 0xC9, 0xFF, 0xFF
	.byte 0x00, 0xA9, 0xFF, 0xFF, 0x4B, 0x46, 0x58, 0x68, 0xDC, 0x24, 0xA4, 0x01, 0x00, 0x19, 0xB0, 0x62
	.byte 0x58, 0x68, 0xAE, 0x21, 0xC9, 0x01, 0x40, 0x18, 0x42, 0x46, 0x90, 0x62, 0x4B, 0x46, 0x98, 0x68
	.byte 0xA0, 0x24, 0x24, 0x01, 0x00, 0x19, 0xF0, 0x62, 0xD8, 0x68, 0x54, 0x49, 0x40, 0x18, 0x30, 0x63
	.byte 0x98, 0x68, 0x53, 0x4A, 0x80, 0x18, 0x43, 0x46, 0xD8, 0x62, 0x4C, 0x46, 0xE0, 0x68, 0x51, 0x49
	.byte 0x40, 0x18, 0x18, 0x63, 0x80, 0x21, 0x89, 0x00, 0x51, 0x44, 0xE0, 0x68, 0x08, 0x60, 0x81, 0x21
	.byte 0x89, 0x00, 0x51, 0x44, 0xC8, 0x20, 0x08, 0x80, 0x85, 0x21, 0x89, 0x00, 0x51, 0x44, 0xB4, 0x20
	.byte 0xC0, 0x01, 0x08, 0x60, 0x48, 0x48, 0xCC, 0xF0, 0x39, 0xFC, 0xA8, 0x22, 0x52, 0x00, 0xBA, 0x18
	.byte 0x09, 0x92, 0x14, 0x88, 0xA4, 0x04, 0x24, 0x0C, 0x85, 0x25, 0xAD, 0x00, 0x55, 0x44, 0xA0, 0x21
	.byte 0x89, 0x01, 0x81, 0x23, 0x9B, 0x00, 0x53, 0x44, 0x0A, 0x93, 0x1A, 0x88, 0x28, 0x1C, 0xB2, 0xF7
	.byte 0x6B, 0xF9, 0x0A, 0x99, 0x08, 0x88, 0x01, 0x38, 0x08, 0x80, 0x3C, 0x4B, 0xFF, 0x21, 0x21, 0x40
	.byte 0x48, 0x00, 0xC0, 0x18, 0x00, 0x22, 0x80, 0x5E, 0x2A, 0x68, 0x05, 0x1C, 0x55, 0x43, 0x2D, 0x12
	.byte 0x40, 0x31, 0x49, 0x00, 0xC9, 0x18, 0x00, 0x23, 0xC8, 0x5E, 0x40, 0x42, 0x04, 0x1C, 0x54, 0x43
	.byte 0x24, 0x12, 0x03, 0x9B, 0x58, 0x19, 0xB1, 0x6A, 0x40, 0x1A, 0x00, 0x11, 0x09, 0x18, 0xB1, 0x62
	.byte 0x04, 0x9A, 0x10, 0x19, 0xF1, 0x6A, 0x40, 0x1A, 0x00, 0x11, 0x09, 0x18, 0xF1, 0x62, 0x5B, 0x1B
	.byte 0x41, 0x46, 0x88, 0x6A, 0x1B, 0x1A, 0x1B, 0x11, 0xC0, 0x18, 0x88, 0x62, 0x12, 0x1B, 0xC8, 0x6A
	.byte 0x12, 0x1A, 0x12, 0x11, 0x80, 0x18, 0xC8, 0x62, 0x31, 0x6B, 0x25, 0x4A, 0x50, 0x1A, 0xC0, 0x10
	.byte 0x09, 0x18, 0x31, 0x63, 0x43, 0x46, 0x18, 0x6B, 0x12, 0x1A, 0xD2, 0x10, 0x80, 0x18, 0x18, 0x63
	.byte 0xB1, 0x6A, 0xF2, 0x6A, 0x33, 0x6B, 0x08, 0x24, 0x00, 0x94, 0x01, 0x94, 0x02, 0x25, 0x02, 0x95
	.byte 0x98, 0x20, 0x40, 0x00, 0xBE, 0xF7, 0x5E, 0xFC, 0x00, 0x28, 0x02, 0xD0, 0x19, 0x48, 0xCC, 0xF0
	.byte 0xD5, 0xFB, 0x40, 0x46, 0x81, 0x6A, 0xC2, 0x6A, 0x03, 0x6B, 0x00, 0x94, 0x01, 0x94, 0x02, 0x95
	.byte 0x98, 0x20, 0x40, 0x00, 0xBE, 0xF7, 0x4E, 0xFC, 0x00, 0x28, 0x02, 0xD0, 0x11, 0x48, 0xCC, 0xF0
	.byte 0xC5, 0xFB, 0x50, 0x46, 0x31, 0x1C, 0xFF, 0xF7, 0x27, 0xF8, 0x50, 0x46, 0x41, 0x46, 0xFF, 0xF7
	.byte 0x23, 0xF8, 0x0A, 0x99, 0x00, 0x22, 0x88, 0x5E, 0x00, 0x28, 0x15, 0xDC, 0x00, 0x20, 0x09, 0x9B
	.byte 0x18, 0x80, 0xB8, 0x24, 0x64, 0x00, 0x39, 0x19, 0xBA, 0xE1, 0x00, 0x00, 0x00, 0xE2, 0xFF, 0xFF
	.byte 0x00, 0xF6, 0xFF, 0xFF, 0x00, 0xEC, 0xFF, 0xFF, 0x8B, 0x02, 0x00, 0x00, 0x00, 0x14, 0x12, 0x08
	.byte 0x00, 0xE8, 0xFF, 0xFF, 0xF9, 0x01, 0x00, 0x00, 0x09, 0x99, 0x00, 0xF0, 0xA8, 0xFC, 0xA8, 0x22
	.byte 0x52, 0x00, 0xB8, 0x18, 0x00, 0x23, 0xC0, 0x5E, 0x00, 0x28, 0x04, 0xD1, 0x81, 0x21, 0x89, 0x00
	.byte 0x51, 0x44, 0x14, 0x20, 0x08, 0x80, 0x4C, 0x46, 0x60, 0x6B, 0xA1, 0x6B, 0x04, 0x22, 0x10, 0x40
	.byte 0x00, 0x21, 0x08, 0x43, 0x00, 0x28, 0x1D, 0xD0, 0x30, 0x1C, 0x28, 0x30, 0x0C, 0x4D, 0x29, 0x68
	.byte 0xDA, 0x31, 0x00, 0x22, 0x89, 0x5E, 0x20, 0x39, 0x09, 0x02, 0x81, 0x24, 0xA4, 0x00, 0x54, 0x44
	.byte 0x22, 0x88, 0xB2, 0xF7, 0xC1, 0xF8, 0x40, 0x46, 0x28, 0x30, 0x29, 0x68, 0xDA, 0x31, 0x00, 0x23
	.byte 0xC9, 0x5E, 0x20, 0x39, 0x09, 0x02, 0x22, 0x88, 0xB2, 0xF7, 0xB6, 0xF8, 0x1C, 0xE0, 0x00, 0x00
	.byte 0x84, 0x9B, 0x03, 0x02, 0x30, 0x1C, 0x28, 0x30, 0x20, 0x4D, 0x29, 0x68, 0xDC, 0x31, 0x00, 0x24
	.byte 0x09, 0x5F, 0x20, 0x31, 0x09, 0x02, 0x81, 0x24, 0xA4, 0x00, 0x54, 0x44, 0x22, 0x88, 0xB2, 0xF7
	.byte 0xA3, 0xF8, 0x40, 0x46, 0x28, 0x30, 0x29, 0x68, 0xDC, 0x31, 0x00, 0x22, 0x89, 0x5E, 0x20, 0x31
	.byte 0x09, 0x02, 0x22, 0x88, 0xB2, 0xF7, 0x98, 0xF8, 0x30, 0x1C, 0x30, 0x30, 0x14, 0x4D, 0x81, 0x24
	.byte 0xA4, 0x00, 0x54, 0x44, 0x22, 0x88, 0x29, 0x1C, 0xB2, 0xF7, 0x8E, 0xF8, 0x40, 0x46, 0x30, 0x30
	.byte 0x22, 0x88, 0x29, 0x1C, 0xB2, 0xF7, 0x88, 0xF8, 0x20, 0x88, 0x01, 0x38, 0x20, 0x80, 0x00, 0x04
	.byte 0x00, 0x28, 0x17, 0xDC, 0xB0, 0x8E, 0x02, 0x21, 0x08, 0x43, 0xB0, 0x86, 0x43, 0x46, 0x98, 0x8E
	.byte 0x08, 0x43, 0x98, 0x86, 0xA8, 0x24, 0x64, 0x00, 0x39, 0x19, 0x00, 0x20, 0x08, 0x80, 0xB8, 0x20
	.byte 0x40, 0x00, 0x39, 0x18, 0x1C, 0x20, 0x08, 0x60, 0x00, 0xF0, 0x34, 0xFC, 0x84, 0x9B, 0x03, 0x02
	.byte 0x00, 0xA6, 0xFF, 0xFF, 0xA8, 0x22, 0x52, 0x00, 0xB9, 0x18, 0x00, 0xF0, 0x28, 0xFC, 0x38, 0x1C
	.byte 0x01, 0x21, 0xBB, 0xF7, 0x97, 0xFD, 0xA8, 0x23, 0x5B, 0x00, 0xF8, 0x18, 0x00, 0x24, 0x00, 0x5F
	.byte 0x00, 0x28, 0x00, 0xD0, 0x7F, 0xE0, 0x1D, 0x48, 0x51, 0x46, 0x14, 0x31, 0x53, 0x46, 0x5A, 0x68
	.byte 0x00, 0x92, 0x09, 0x22, 0x01, 0x23, 0xC5, 0xF7, 0x05, 0xFC, 0x19, 0x4C, 0x51, 0x46, 0xC8, 0x68
	.byte 0x01, 0x1C, 0x10, 0x31, 0x40, 0x68, 0x00, 0x90, 0x20, 0x1C, 0x01, 0x22, 0x01, 0x23, 0xC5, 0xF7
	.byte 0xF9, 0xFB, 0x52, 0x46, 0x10, 0x69, 0x01, 0x1C, 0x10, 0x31, 0x40, 0x68, 0x00, 0x90, 0x20, 0x1C
	.byte 0x01, 0x22, 0x01, 0x23, 0xC5, 0xF7, 0xEE, 0xFB, 0xB1, 0x8E, 0x04, 0x20, 0x01, 0x43, 0xB1, 0x86
	.byte 0x43, 0x46, 0x99, 0x8E, 0x08, 0x43, 0x98, 0x86, 0x4C, 0x46, 0x60, 0x6B, 0xA1, 0x6B, 0x04, 0x22
	.byte 0x10, 0x40, 0x00, 0x21, 0x08, 0x43, 0x00, 0x28, 0x10, 0xD0, 0x60, 0x68, 0x05, 0x49, 0x40, 0x18
	.byte 0xB0, 0x62, 0x60, 0x68, 0x04, 0x4A, 0x80, 0x18, 0x98, 0x62, 0x13, 0xE0, 0xE0, 0xF5, 0x13, 0x08
	.byte 0xC0, 0xF6, 0x13, 0x08, 0x00, 0xC9, 0xFF, 0xFF, 0x00, 0xA9, 0xFF, 0xFF, 0x4B, 0x46, 0x58, 0x68
	.byte 0xDC, 0x24, 0xA4, 0x01, 0x00, 0x19, 0xB0, 0x62, 0x58, 0x68, 0xAE, 0x21, 0xC9, 0x01, 0x40, 0x18
	.byte 0x42, 0x46, 0x90, 0x62, 0x4B, 0x46, 0x98, 0x68, 0xA0, 0x24, 0x24, 0x01, 0x00, 0x19, 0xF0, 0x62
	.byte 0xD8, 0x68, 0x65, 0x49, 0x40, 0x18, 0x30, 0x63, 0x98, 0x68, 0x64, 0x4A, 0x80, 0x18, 0x43, 0x46
	.byte 0xD8, 0x62, 0x4C, 0x46, 0xE0, 0x68, 0x62, 0x49, 0x40, 0x18, 0x18, 0x63, 0x80, 0x21, 0x89, 0x00
	.byte 0x51, 0x44, 0xE0, 0x68, 0x08, 0x60, 0xB0, 0x6A, 0xF1, 0x6A, 0x03, 0x9A, 0x04, 0x9B, 0xC9, 0xF7
	.byte 0x23, 0xF9, 0x00, 0x06, 0x00, 0x0E, 0x8D, 0x21, 0x89, 0x00, 0x51, 0x44, 0x08, 0x80, 0x42, 0x46
	.byte 0x90, 0x6A, 0xD1, 0x6A, 0x03, 0x9A, 0x04, 0x9B, 0xC9, 0xF7, 0x16, 0xF9, 0x00, 0x06, 0x00, 0x0E
	.byte 0x54, 0x49, 0x51, 0x44, 0x08, 0x80, 0x54, 0x4A, 0x8D, 0x25, 0xAD, 0x00, 0x55, 0x44, 0x28, 0x78
	.byte 0x40, 0x00, 0x80, 0x18, 0x00, 0x23, 0xC0, 0x5E, 0x41, 0x00, 0x09, 0x18, 0x49, 0x00, 0xB0, 0x6A
	.byte 0x40, 0x18, 0xB0, 0x62, 0x28, 0x78, 0x40, 0x30, 0x40, 0x00, 0x80, 0x18, 0x00, 0x24, 0x01, 0x5F
	.byte 0x89, 0x00, 0xF0, 0x6A, 0x40, 0x1A, 0xF0, 0x62, 0x46, 0x4C, 0x54, 0x44, 0x20, 0x78, 0x40, 0x00
	.byte 0x80, 0x18, 0x00, 0x21, 0x40, 0x5E, 0x41, 0x00, 0x09, 0x18, 0x49, 0x00, 0x43, 0x46, 0x98, 0x6A
	.byte 0x40, 0x18, 0x98, 0x62, 0x20, 0x78, 0x40, 0x30, 0x40, 0x00, 0x80, 0x18, 0x00, 0x22, 0x81, 0x5E
	.byte 0x89, 0x00, 0xD8, 0x6A, 0x40, 0x1A, 0xD8, 0x62, 0x31, 0x6B, 0x3C, 0x4A, 0x50, 0x1A, 0xC0, 0x10
	.byte 0x09, 0x18, 0x31, 0x63, 0x18, 0x6B, 0x12, 0x1A, 0xD2, 0x10, 0x80, 0x18, 0x18, 0x63, 0x28, 0x88
	.byte 0x02, 0x30, 0x28, 0x80, 0x20, 0x88, 0x02, 0x38, 0x20, 0x80, 0x30, 0x1C, 0x28, 0x30, 0x31, 0x1C
	.byte 0x2C, 0x31, 0x00, 0x22, 0x00, 0x23, 0xC6, 0xF7, 0x63, 0xFF, 0x00, 0x28, 0x02, 0xD0, 0x28, 0x88
	.byte 0x80, 0x30, 0x28, 0x80, 0x40, 0x46, 0x28, 0x30, 0x41, 0x46, 0x2C, 0x31, 0x00, 0x22, 0x00, 0x23
	.byte 0xC6, 0xF7, 0x56, 0xFF, 0x00, 0x28, 0x02, 0xD0, 0x20, 0x88, 0x80, 0x30, 0x20, 0x80, 0xB1, 0x6A
	.byte 0xF2, 0x6A, 0x33, 0x6B, 0x08, 0x20, 0x00, 0x90, 0x01, 0x90, 0x02, 0x20, 0x02, 0x90, 0x98, 0x20
	.byte 0x40, 0x00, 0xBE, 0xF7, 0xAF, 0xFA, 0x00, 0x28, 0x05, 0xD0, 0x21, 0x48, 0xCC, 0xF0, 0x26, 0xFA
	.byte 0x28, 0x88, 0x80, 0x30, 0x28, 0x80, 0x42, 0x46, 0x91, 0x6A, 0xD2, 0x6A, 0x40, 0x46, 0x03, 0x6B
	.byte 0x08, 0x20, 0x00, 0x90, 0x01, 0x90, 0x02, 0x20, 0x02, 0x90, 0x98, 0x20, 0x40, 0x00, 0xBE, 0xF7
	.byte 0x99, 0xFA, 0x00, 0x28, 0x05, 0xD0, 0x16, 0x48, 0xCC, 0xF0, 0x10, 0xFA, 0x20, 0x88, 0x80, 0x30
	.byte 0x20, 0x80, 0x50, 0x46, 0x31, 0x1C, 0xFE, 0xF7, 0x6F, 0xFE, 0x50, 0x46, 0x41, 0x46, 0xFE, 0xF7
	.byte 0x6B, 0xFE, 0xA8, 0x21, 0x49, 0x00, 0x7A, 0x18, 0x13, 0x88, 0x00, 0x24, 0x11, 0x5F, 0x96, 0x20
	.byte 0x40, 0x00, 0x81, 0x42, 0x16, 0xDD, 0x00, 0x20, 0x10, 0x80, 0xB8, 0x20, 0x40, 0x00, 0x39, 0x18
	.byte 0x1E, 0x20, 0x08, 0x60, 0xFE, 0xE2, 0x00, 0x00, 0x00, 0xE2, 0xFF, 0xFF, 0x00, 0xF6, 0xFF, 0xFF
	.byte 0x00, 0xEC, 0xFF, 0xFF, 0x36, 0x02, 0x00, 0x00, 0x00, 0x14, 0x12, 0x08, 0x00, 0xF0, 0xFF, 0xFF
	.byte 0xF9, 0x01, 0x00, 0x00, 0x58, 0x1C, 0x10, 0x80, 0xEC, 0xE2, 0xA8, 0x21, 0x49, 0x00, 0x7C, 0x18
	.byte 0x00, 0x22, 0xA0, 0x5E, 0x00, 0x28, 0x09, 0xD1, 0x0D, 0x48, 0x51, 0x46, 0x14, 0x31, 0x53, 0x46
	.byte 0x5A, 0x68, 0x00, 0x92, 0x0A, 0x22, 0x00, 0x23, 0xC5, 0xF7, 0xCC, 0xFA, 0x38, 0x1C, 0x14, 0x30
	.byte 0xB2, 0xF7, 0x22, 0xF8, 0x00, 0x06, 0x00, 0x28, 0x00, 0xD1, 0x89, 0xE2, 0x48, 0x46, 0xC7, 0xF7
	.byte 0x11, 0xFA, 0x00, 0x21, 0x21, 0x80, 0xB8, 0x24, 0x64, 0x00, 0x38, 0x19, 0x01, 0x60, 0xC9, 0xE2
	.byte 0xE0, 0xF5, 0x13, 0x08, 0xA8, 0x21, 0x49, 0x00, 0x78, 0x18, 0x00, 0x22, 0x84, 0x5E, 0x00, 0x2C
	.byte 0x16, 0xD1, 0x18, 0x48, 0xCC, 0xF0, 0xB2, 0xF9, 0x17, 0x48, 0x51, 0x46, 0x14, 0x31, 0x53, 0x46
	.byte 0x5A, 0x68, 0x00, 0x92, 0x03, 0x22, 0x00, 0x23, 0xC5, 0xF7, 0xA4, 0xFA, 0x80, 0x20, 0x80, 0x00
	.byte 0x50, 0x44, 0x04, 0x60, 0x11, 0x4A, 0x52, 0x44, 0x11, 0x88, 0x11, 0x48, 0x08, 0x40, 0x10, 0x80
	.byte 0x3C, 0x1C, 0x14, 0x34, 0x20, 0x1C, 0xB1, 0xF7, 0xFB, 0xFF, 0x00, 0x04, 0x00, 0x0C, 0x25, 0x1C
	.byte 0x03, 0x28, 0x21, 0xDC, 0x01, 0x28, 0x1F, 0xDB, 0x4C, 0x46, 0x60, 0x6B, 0xA1, 0x6B, 0x04, 0x22
	.byte 0x10, 0x40, 0x00, 0x21, 0x08, 0x43, 0x00, 0x28, 0x0C, 0xD0, 0x60, 0x68, 0xC0, 0x21, 0x89, 0x01
	.byte 0x42, 0x18, 0x0C, 0xE0, 0x23, 0x01, 0x00, 0x00, 0xE0, 0xF5, 0x13, 0x08, 0x06, 0x02, 0x00, 0x00
	.byte 0xFE, 0xFF, 0x00, 0x00, 0x4A, 0x46, 0x50, 0x68, 0x17, 0x4B, 0xC2, 0x18, 0x4C, 0x46, 0x61, 0x69
	.byte 0x89, 0x1A, 0xC9, 0x10, 0x40, 0x18, 0x60, 0x60, 0x28, 0x1C, 0xB1, 0xF7, 0xD1, 0xFF, 0x00, 0x04
	.byte 0x00, 0x0C, 0x02, 0x28, 0x41, 0xD1, 0xF8, 0x8B, 0x00, 0x28, 0x3E, 0xD1, 0xC5, 0xF7, 0x46, 0xFF
	.byte 0x4A, 0x46, 0x50, 0x6B, 0x91, 0x6B, 0x04, 0x22, 0x10, 0x40, 0x00, 0x21, 0x08, 0x43, 0x00, 0x28
	.byte 0x16, 0xD0, 0x96, 0x20, 0x40, 0x00, 0x4B, 0x46, 0x59, 0x68, 0x08, 0x4C, 0x09, 0x19, 0x9A, 0x68
	.byte 0xDB, 0x68, 0x14, 0x24, 0x00, 0x94, 0x18, 0x24, 0x01, 0x94, 0x32, 0x24, 0x02, 0x94, 0xBE, 0xF7
	.byte 0xD1, 0xF9, 0x00, 0x28, 0x18, 0xD1, 0x20, 0xE0, 0x00, 0xD0, 0xFF, 0xFF, 0x00, 0xE0, 0xFF, 0xFF
	.byte 0x96, 0x20, 0x40, 0x00, 0x4A, 0x46, 0x51, 0x68, 0x80, 0x23, 0x9B, 0x01, 0xC9, 0x18, 0x92, 0x68
	.byte 0x4C, 0x46, 0xE3, 0x68, 0x14, 0x24, 0x00, 0x94, 0x18, 0x24, 0x01, 0x94, 0x32, 0x24, 0x02, 0x94
	.byte 0xBE, 0xF7, 0xB8, 0xF9, 0x00, 0x28, 0x08, 0xD0, 0x0C, 0x48, 0xCC, 0xF0, 0x2F, 0xF9, 0x0C, 0x4A
	.byte 0x52, 0x44, 0x11, 0x88, 0x01, 0x20, 0x08, 0x43, 0x10, 0x80, 0x09, 0x48, 0x50, 0x44, 0x00, 0x88
	.byte 0x01, 0x24, 0x04, 0x40, 0x00, 0x2C, 0x0D, 0xD0, 0xB8, 0x20, 0x40, 0x00, 0x39, 0x18, 0x15, 0x20
	.byte 0x08, 0x60, 0xA8, 0x22, 0x52, 0x00, 0xB9, 0x18, 0x00, 0x20, 0x22, 0xE2, 0x2E, 0x02, 0x00, 0x00
	.byte 0x06, 0x02, 0x00, 0x00, 0x28, 0x1C, 0xB1, 0xF7, 0x67, 0xFF, 0x00, 0x06, 0x00, 0x28, 0x0B, 0xD0
	.byte 0x48, 0x46, 0xC7, 0xF7, 0x57, 0xF9, 0xB8, 0x23, 0x5B, 0x00, 0xF8, 0x18, 0x04, 0x60, 0xA8, 0x21
	.byte 0x49, 0x00, 0x78, 0x18, 0x04, 0x80, 0x0D, 0xE2, 0xA8, 0x22, 0x52, 0x00, 0xB9, 0x18, 0x06, 0xE2
	.byte 0xA8, 0x23, 0x5B, 0x00, 0xF8, 0x18, 0x00, 0x21, 0x44, 0x5E, 0x00, 0x2C, 0x13, 0xD1, 0x16, 0x48
	.byte 0x51, 0x46, 0x14, 0x31, 0x53, 0x46, 0x5A, 0x68, 0x00, 0x92, 0x04, 0x22, 0x00, 0x23, 0xC5, 0xF7
	.byte 0xE9, 0xF9, 0x80, 0x20, 0x80, 0x00, 0x50, 0x44, 0x04, 0x60, 0x10, 0x4A, 0x52, 0x44, 0x11, 0x88
	.byte 0x0F, 0x48, 0x08, 0x40, 0x10, 0x80, 0x3C, 0x1C, 0x14, 0x34, 0x20, 0x1C, 0xB1, 0xF7, 0x40, 0xFF
	.byte 0x00, 0x04, 0x00, 0x0C, 0x25, 0x1C, 0x01, 0x28, 0x1E, 0xD1, 0x4C, 0x46, 0x60, 0x6B, 0xA1, 0x6B
	.byte 0x04, 0x22, 0x10, 0x40, 0x00, 0x21, 0x08, 0x43, 0x00, 0x28, 0x0B, 0xD0, 0x60, 0x68, 0xA0, 0x21
	.byte 0x89, 0x01, 0x42, 0x18, 0x0B, 0xE0, 0x00, 0x00, 0xE0, 0xF5, 0x13, 0x08, 0x06, 0x02, 0x00, 0x00
	.byte 0xFE, 0xFF, 0x00, 0x00, 0x4A, 0x46, 0x50, 0x68, 0x16, 0x4B, 0xC2, 0x18, 0x4C, 0x46, 0x61, 0x69
	.byte 0x89, 0x1A, 0xC9, 0x10, 0x40, 0x18, 0x60, 0x60, 0x28, 0x1C, 0xB1, 0xF7, 0x19, 0xFF, 0x00, 0x04
	.byte 0x00, 0x0C, 0x02, 0x28, 0x3F, 0xD1, 0xF8, 0x8B, 0x00, 0x28, 0x3C, 0xD1, 0xC5, 0xF7, 0x8E, 0xFE
	.byte 0x4A, 0x46, 0x50, 0x6B, 0x91, 0x6B, 0x04, 0x22, 0x10, 0x40, 0x00, 0x21, 0x08, 0x43, 0x00, 0x28
	.byte 0x16, 0xD0, 0x09, 0x48, 0x4B, 0x46, 0x59, 0x68, 0x08, 0x4C, 0x09, 0x19, 0x9A, 0x68, 0xDB, 0x68
	.byte 0x18, 0x24, 0x00, 0x94, 0x01, 0x94, 0x32, 0x24, 0x02, 0x94, 0xBE, 0xF7, 0x1B, 0xF9, 0x00, 0x28
	.byte 0x18, 0xD1, 0x20, 0xE0, 0x00, 0xD8, 0xFF, 0xFF, 0x2D, 0x01, 0x00, 0x00, 0x00, 0xE0, 0xFF, 0xFF
	.byte 0x1D, 0x48, 0x4A, 0x46, 0x51, 0x68, 0x80, 0x23, 0x9B, 0x01, 0xC9, 0x18, 0x92, 0x68, 0x4C, 0x46
	.byte 0xE3, 0x68, 0x18, 0x24, 0x00, 0x94, 0x01, 0x94, 0x32, 0x24, 0x02, 0x94, 0xBE, 0xF7, 0x02, 0xF9
	.byte 0x00, 0x28, 0x08, 0xD0, 0x15, 0x48, 0xCC, 0xF0, 0x79, 0xF8, 0x15, 0x4A, 0x52, 0x44, 0x11, 0x88
	.byte 0x01, 0x20, 0x08, 0x43, 0x10, 0x80, 0xA9, 0x20, 0x40, 0x00, 0x3C, 0x18, 0x00, 0x21, 0x60, 0x5E
	.byte 0x01, 0x28, 0x1F, 0xDC, 0x0E, 0x48, 0x50, 0x44, 0x01, 0x88, 0x01, 0x20, 0x08, 0x40, 0x00, 0x28
	.byte 0x18, 0xD0, 0x28, 0x1C, 0xB1, 0xF7, 0xC4, 0xFE, 0x00, 0x04, 0x00, 0x0C, 0x02, 0x28, 0x11, 0xD9
	.byte 0xB8, 0x22, 0x52, 0x00, 0xB9, 0x18, 0x14, 0x20, 0x08, 0x60, 0xA8, 0x23, 0x5B, 0x00, 0xF9, 0x18
	.byte 0x00, 0x20, 0x08, 0x80, 0x14, 0xE1, 0x00, 0x00, 0x2D, 0x01, 0x00, 0x00, 0x2E, 0x02, 0x00, 0x00
	.byte 0x06, 0x02, 0x00, 0x00, 0x28, 0x1C, 0xB1, 0xF7, 0x9F, 0xFE, 0x00, 0x06, 0x00, 0x28, 0x00, 0xD1
	.byte 0x4A, 0xE1, 0x48, 0x46, 0xC7, 0xF7, 0x8E, 0xF8, 0xB8, 0x24, 0x64, 0x00, 0x38, 0x19, 0x00, 0x21
	.byte 0x01, 0x60, 0xA8, 0x22, 0x52, 0x00, 0xB8, 0x18, 0x01, 0x80, 0x43, 0xE1, 0xA8, 0x20, 0x40, 0x00
	.byte 0x3C, 0x18, 0x00, 0x21, 0x65, 0x5E, 0x00, 0x2D, 0x10, 0xD1, 0x12, 0x48, 0x51, 0x46, 0x14, 0x31
	.byte 0x53, 0x46, 0x5A, 0x68, 0x00, 0x92, 0x0B, 0x22, 0x00, 0x23, 0xC5, 0xF7, 0x23, 0xF9, 0x80, 0x20
	.byte 0x80, 0x00, 0x50, 0x44, 0x05, 0x60, 0x0C, 0x48, 0xCC, 0xF0, 0x20, 0xF8, 0x38, 0x1C, 0x01, 0x21
	.byte 0xBB, 0xF7, 0x98, 0xFA, 0x38, 0x1C, 0x14, 0x30, 0xB1, 0xF7, 0x6E, 0xFE, 0x00, 0x06, 0x00, 0x28
	.byte 0x00, 0xD1, 0xD5, 0xE0, 0xB8, 0x21, 0x49, 0x00, 0x78, 0x18, 0x21, 0x21, 0x01, 0x60, 0x00, 0x20
	.byte 0x20, 0x80, 0x17, 0xE1, 0xE0, 0xF5, 0x13, 0x08, 0x21, 0x01, 0x00, 0x00, 0xA8, 0x22, 0x52, 0x00
	.byte 0xB8, 0x18, 0x00, 0x23, 0xC0, 0x5E, 0x00, 0x28, 0x38, 0xD1, 0x11, 0x48, 0x00, 0x68, 0xB3, 0x30
	.byte 0x01, 0x78, 0x00, 0x20, 0x08, 0x22, 0xB2, 0xF7, 0xDD, 0xF9, 0x0E, 0x48, 0x51, 0x46, 0x14, 0x31
	.byte 0x54, 0x46, 0x62, 0x68, 0x00, 0x92, 0x0C, 0x22, 0x00, 0x23, 0xC5, 0xF7, 0xEB, 0xF8, 0x4A, 0x46
	.byte 0x50, 0x6B, 0x91, 0x6B, 0x04, 0x22, 0x10, 0x40, 0x00, 0x21, 0x08, 0x43, 0x00, 0x28, 0x0D, 0xD0
	.byte 0x4B, 0x46, 0x58, 0x68, 0x04, 0x4A, 0x01, 0x21, 0xC3, 0xF7, 0xB4, 0xFF, 0x0C, 0xE0, 0x00, 0x00
	.byte 0x84, 0x9B, 0x03, 0x02, 0xE0, 0xF5, 0x13, 0x08, 0x2F, 0x01, 0x00, 0x00, 0x4C, 0x46, 0x60, 0x68
	.byte 0x0E, 0x4A, 0x00, 0x21, 0xC3, 0xF7, 0xA6, 0xFF, 0xAA, 0x20, 0x40, 0x00, 0x3A, 0x18, 0x10, 0x68
	.byte 0x20, 0x21, 0x08, 0x43, 0x10, 0x60, 0x0A, 0x48, 0xCB, 0xF0, 0xC8, 0xFF, 0x4A, 0x46, 0x50, 0x6B
	.byte 0x91, 0x6B, 0x04, 0x22, 0x10, 0x40, 0x00, 0x21, 0x08, 0x43, 0x00, 0x28, 0x0A, 0xD0, 0x4C, 0x20
	.byte 0x40, 0x42, 0x00, 0x22, 0xC0, 0xF7, 0x30, 0xFC, 0x09, 0xE0, 0x00, 0x00, 0x2F, 0x01, 0x00, 0x00
	.byte 0x8E, 0x02, 0x00, 0x00, 0x4C, 0x20, 0x00, 0x21, 0x00, 0x22, 0xC0, 0xF7, 0x25, 0xFC, 0x05, 0xA8
	.byte 0x06, 0xA9, 0x07, 0xAA, 0xC0, 0xF7, 0xD2, 0xF8, 0xBE, 0xF7, 0xE6, 0xFC, 0x00, 0x06, 0x00, 0x28
	.byte 0x13, 0xD0, 0x17, 0x48, 0x02, 0x68, 0x10, 0x1C, 0xDA, 0x30, 0x00, 0x23, 0xC0, 0x5E, 0x40, 0x38
	.byte 0x00, 0x02, 0x05, 0x99, 0x81, 0x42, 0x08, 0xDB, 0x10, 0x1C, 0xDC, 0x30, 0x00, 0x24, 0x00, 0x5F
	.byte 0x40, 0x30, 0x00, 0x02, 0x81, 0x42, 0x00, 0xDC, 0x96, 0xE0, 0x0E, 0x48, 0xCB, 0xF0, 0xF4, 0xFF
	.byte 0xB8, 0x20, 0x40, 0x00, 0x39, 0x18, 0x22, 0x20, 0x08, 0x60, 0xA8, 0x22, 0x52, 0x00, 0xB9, 0x18
	.byte 0x00, 0x20, 0x08, 0x80, 0x06, 0x48, 0x04, 0x68, 0xA0, 0x6E, 0xE1, 0x6E, 0x06, 0x4A, 0x07, 0x4B
	.byte 0x10, 0x43, 0xA0, 0x66, 0xE1, 0x66, 0x00, 0x20, 0x08, 0x21, 0xB2, 0xF7, 0x33, 0xF9, 0x81, 0xE0
	.byte 0x84, 0x9B, 0x03, 0x02, 0x8E, 0x02, 0x00, 0x00, 0x00, 0x00, 0x40, 0x00, 0x00, 0x00, 0x00, 0x00
	.byte 0xA8, 0x20, 0x40, 0x00, 0x3C, 0x18, 0x00, 0x21, 0x65, 0x5E, 0x00, 0x2D, 0x0D, 0xD1, 0x13, 0x48
	.byte 0x51, 0x46, 0x14, 0x31, 0x53, 0x46, 0x5A, 0x68, 0x00, 0x92, 0x0D, 0x22, 0x00, 0x23, 0xC5, 0xF7
	.byte 0x59, 0xF8, 0x80, 0x20, 0x80, 0x00, 0x50, 0x44, 0x05, 0x60, 0x38, 0x1C, 0x14, 0x30, 0xB1, 0xF7
	.byte 0xAB, 0xFD, 0x00, 0x06, 0x00, 0x28, 0x13, 0xD0, 0xAA, 0x24, 0x64, 0x00, 0x3A, 0x19, 0x10, 0x68
	.byte 0x21, 0x21, 0x49, 0x42, 0x08, 0x40, 0x10, 0x60, 0x48, 0x46, 0xC6, 0xF7, 0x93, 0xFF, 0xB8, 0x20
	.byte 0x40, 0x00, 0x39, 0x18, 0x00, 0x20, 0x08, 0x60, 0x4C, 0xE0, 0x00, 0x00, 0xE0, 0xF5, 0x13, 0x08
	.byte 0x20, 0x88, 0x01, 0x30, 0x20, 0x80, 0x45, 0xE0, 0xA8, 0x21, 0x49, 0x00, 0x7C, 0x18, 0x00, 0x22
	.byte 0xA0, 0x5E, 0x00, 0x28, 0x10, 0xD1, 0x1B, 0x48, 0x51, 0x46, 0x14, 0x31, 0x53, 0x46, 0x5A, 0x68
	.byte 0x00, 0x92, 0x00, 0x22, 0x01, 0x23, 0xC5, 0xF7, 0x25, 0xF8, 0x80, 0x22, 0x92, 0x00, 0x50, 0x46
	.byte 0x0C, 0x21, 0x08, 0x23, 0xFE, 0xF7, 0x54, 0xFB, 0x00, 0x21, 0x60, 0x5E, 0x06, 0x28, 0x23, 0xDD
	.byte 0x07, 0x28, 0x10, 0xD1, 0xAE, 0x22, 0x52, 0x00, 0xB8, 0x18, 0x00, 0x68, 0x4B, 0x46, 0x58, 0x60
	.byte 0xB0, 0x21, 0x49, 0x00, 0x78, 0x18, 0x00, 0x68, 0x98, 0x60, 0x5C, 0x3A, 0x50, 0x46, 0x11, 0x1C
	.byte 0x08, 0x23, 0xFE, 0xF7, 0x3D, 0xFB, 0x38, 0x1C, 0x14, 0x30, 0xB1, 0xF7, 0x5D, 0xFD, 0x00, 0x06
	.byte 0x00, 0x28, 0x09, 0xD0, 0xB8, 0x22, 0x52, 0x00, 0xB9, 0x18, 0x00, 0x20, 0x08, 0x60, 0x20, 0x80
	.byte 0x08, 0xE0, 0x00, 0x00, 0xE0, 0xF5, 0x13, 0x08, 0xA8, 0x23, 0x5B, 0x00, 0xF9, 0x18, 0x08, 0x88
	.byte 0x01, 0x30, 0x08, 0x80
_08054088:
	.byte 0x48, 0x46, 0xE8, 0x30, 0x00, 0x68, 0x02, 0x28, 0x06, 0xD0, 0x80, 0x20, 0x80, 0x00, 0x50, 0x44
	.byte 0x01, 0x68, 0x38, 0x1C, 0xFE, 0xF7, 0x28, 0xFB, 0x82, 0x24, 0xA4, 0x00, 0x54, 0x44, 0x00, 0x21
	.byte 0x60, 0x5E, 0x00, 0x28, 0x16, 0xDD, 0xB4, 0x22, 0x52, 0x00, 0xB8, 0x18, 0x83, 0x21, 0x89, 0x00
	.byte 0x51, 0x44, 0x09, 0x68, 0x22, 0x88, 0xB1, 0xF7, 0x1D, 0xFC, 0xB6, 0x23, 0x5B, 0x00, 0xF8, 0x18
	.byte 0x84, 0x21, 0x89, 0x00, 0x51, 0x44, 0x09, 0x68, 0x22, 0x88, 0xB1, 0xF7, 0x13, 0xFC, 0x20, 0x88
	.byte 0x01, 0x38, 0x20, 0x80, 0x88, 0x20, 0x80, 0x00, 0x50, 0x44, 0xAC, 0xF7, 0xDF, 0xFE, 0x38, 0x1C
	.byte 0xBA, 0xF7, 0x82, 0xFA, 0x00, 0x06, 0x00, 0x0E, 0x0B, 0xB0, 0x38, 0xBC, 0x98, 0x46, 0xA1, 0x46
	.byte 0xAA, 0x46, 0xF0, 0xBC, 0x02, 0xBC, 0x08, 0x47
	thumb_func_start func_08054100
func_08054100: @ 08054100
	push {r4, r5, r6, r7, lr}
	add sp, #-0x014
	adds r7, r0, #0x0
	adds r5, r1, #0x0
	ldrh r1, [r5, #0x34]
	movs r0, #0x02
	ands r0, r1
	cmp r0, #0x00
	bne _08054186
	ldr r0, [r5, #0x30]
	cmp r0, #0x00
	blt _0805411C
	movs r6, #0x00
	b _08054144
_0805411C:
	negs r0, r0
	cmp r0, #0x00
	bge _08054124
	adds r0, #0x7F
_08054124:
	asrs r0, r0, #0x07
	movs r1, #0x80
	lsls r1, r1, #0x01
	subs r2, r1, r0
	cmp r2, #0x7F
	bgt _08054132
	movs r2, #0x80
_08054132:
	movs r3, #0x00
	cmp r2, r1
	ble _0805413A
	movs r3, #0x01
_0805413A:
	movs r0, #0x00
	adds r1, r2, #0x0
	bl func_08002CB4
	adds r6, r0, #0x0
_08054144:
	mov r4, sp
	adds r4, #0x12
	ldr r2, [r5, #0x28]
	ldr r3, [r5, #0x2C]
	movs r0, #0x00
	str r0, [sp, #0x000]
	add r0, sp, #0x010
	adds r1, r4, #0x0
	bl func_0801909C
	add r0, sp, #0x010
	movs r1, #0x00
	ldsh r0, [r0, r1]
	movs r2, #0x00
	ldsh r1, [r4, r2]
	ldr r2, _08054190 @ =0x08B22BA8
	movs r4, #0x86
	lsls r4, r4, #0x02
	adds r3, r7, r4
	ldr r3, [r3, #0x00]
	movs r5, #0x87
	lsls r5, r5, #0x02
	adds r4, r7, r5
	ldr r4, [r4, #0x00]
	str r4, [sp, #0x000]
	str r6, [sp, #0x004]
	movs r4, #0x80
	lsls r4, r4, #0x04
	str r4, [sp, #0x008]
	ldr r4, _08054194 @ =0x0000FFFE
	str r4, [sp, #0x00C]
	bl func_080023E0
_08054186:
	add sp, #0x014
	pop {r4, r5, r6, r7}
	pop {r0}
	bx r0
	.byte 0x00, 0x00
_08054190: .4byte 0x08B22BA8
_08054194: .4byte 0x0000FFFE
	thumb_func_start task_hum_axcel_2
task_hum_axcel_2: @ 08054198
	push {r4, lr}
	adds r4, r0, #0x0
	bl func_0800EFE8
	movs r0, #0xC4
	lsls r0, r0, #0x01
	adds r1, r4, r0
	adds r0, r4, #0x0
	bl func_08054100
	movs r0, #0xE2
	lsls r0, r0, #0x01
	adds r1, r4, r0
	adds r0, r4, #0x0
	bl func_08054100
	movs r0, #0x88
	lsls r0, r0, #0x02
	adds r4, r4, r0
	adds r0, r4, #0x0
	bl func_08000EE0
	pop {r4}
	pop {r0}
	bx r0
	.byte 0x00, 0x00
	thumb_func_start task_hum_axcel_3
task_hum_axcel_3: @ 080541CC
	push {r4, lr}
	adds r4, r0, #0x0
	ldr r0, _08054204 @ =0x0000028E
	bl func_0811FF3C
	movs r1, #0x88
	lsls r1, r1, #0x02
	adds r0, r4, r1
	bl func_08000F0C
	movs r1, #0x86
	lsls r1, r1, #0x02
	adds r0, r4, r1
	ldr r0, [r0, #0x00]
	bl func_080028C0
	movs r1, #0x87
	lsls r1, r1, #0x02
	adds r0, r4, r1
	ldr r0, [r0, #0x00]
	bl func_08002C10
	adds r0, r4, #0x0
	bl func_0800E380
	pop {r4}
	pop {r0}
	bx r0
_08054204: .4byte 0x0000028E
	thumb_func_start task_hum_axcel_ptc_0
task_hum_axcel_ptc_0: @ 08054208
	push {r4, lr}
	adds r4, r0, #0x0
	ldr r0, [r1, #0x00]
	str r0, [r4, #0x24]
	ldr r0, [r1, #0x04]
	str r0, [r4, #0x28]
	ldr r0, [r1, #0x08]
	str r0, [r4, #0x2C]
	ldr r0, _0805425C @ =0x08BF73C6
	movs r1, #0xC0
	lsls r1, r1, #0x02
	bl func_080026A4
	str r0, [r4, #0x00]
	ldr r0, _08054260 @ =0x08F69BA4
	movs r1, #0x20
	bl func_08002A14
	str r0, [r4, #0x04]
	adds r4, #0x0C
	ldr r1, _08054264 @ =0x09EE1FC0
	ldr r2, _08054268 @ =0x09EE1F90
	adds r0, r4, #0x0
	bl func_08005968
	bl func_080065A4
	lsls r0, r0, #0x10
	lsrs r0, r0, #0x10
	movs r1, #0x03
	bl func_0811D7CC
	lsls r0, r0, #0x10
	lsrs r0, r0, #0x10
	cmp r0, #0x01
	beq _08054278
	cmp r0, #0x01
	bgt _0805426C
	cmp r0, #0x00
	beq _08054272
	b _0805428E
	.byte 0x00, 0x00
_0805425C: .4byte 0x08BF73C6
_08054260: .4byte 0x08F69BA4
_08054264: .4byte 0x09EE1FC0
_08054268: .4byte 0x09EE1F90
_0805426C:
	cmp r0, #0x02
	beq _08054284
	b _0805428E
_08054272:
	adds r0, r4, #0x0
	movs r1, #0x00
	b _0805427C
_08054278:
	adds r0, r4, #0x0
	movs r1, #0x01
_0805427C:
	movs r2, #0x00
	bl func_080059A4
	b _0805428E
_08054284:
	adds r0, r4, #0x0
	movs r1, #0x02
	movs r2, #0x00
	bl func_080059A4
_0805428E:
	pop {r4}
	pop {r0}
	bx r0
	thumb_func_start task_hum_axcel_ptc_1
task_hum_axcel_ptc_1: @ 08054294
	push {r4, r5, lr}
	adds r5, r0, #0x0
	adds r4, r5, #0x0
	adds r4, #0x0C
	adds r0, r4, #0x0
	bl func_08005B1C
	lsls r0, r0, #0x18
	cmp r0, #0x00
	bne _080542B4
	adds r0, r4, #0x0
	bl func_08005A64
	str r0, [r5, #0x08]
	movs r0, #0x01
	b _080542B6
_080542B4:
	movs r0, #0x00
_080542B6:
	pop {r4, r5}
	pop {r1}
	bx r1
	thumb_func_start task_hum_axcel_ptc_2
task_hum_axcel_ptc_2: @ 080542BC
	push {r4, r5, r6, lr}
	add sp, #-0x014
	adds r5, r0, #0x0
	mov r4, sp
	adds r4, #0x12
	ldr r2, [r5, #0x24]
	ldr r3, [r5, #0x28]
	ldr r0, [r5, #0x2C]
	str r0, [sp, #0x000]
	add r0, sp, #0x010
	adds r1, r4, #0x0
	bl func_0801909C
	ldr r0, [r5, #0x28]
	bl func_0801AF1C
	lsls r0, r0, #0x10
	lsrs r0, r0, #0x10
	add r1, sp, #0x010
	movs r2, #0x00
	ldsh r6, [r1, r2]
	movs r2, #0x00
	ldsh r1, [r4, r2]
	ldr r2, [r5, #0x08]
	ldr r3, [r5, #0x00]
	ldr r4, [r5, #0x04]
	str r4, [sp, #0x000]
	movs r4, #0x00
	str r4, [sp, #0x004]
	str r0, [sp, #0x008]
	ldr r4, [r5, #0x28]
	asrs r4, r4, #0x08
	lsls r4, r4, #0x02
	ldr r5, _08054318 @ =0xFFFFEFFC
	adds r0, r5, #0x0
	subs r0, r0, r4
	lsls r0, r0, #0x10
	lsrs r0, r0, #0x10
	str r0, [sp, #0x00C]
	adds r0, r6, #0x0
	bl func_080023E0
	add sp, #0x014
	pop {r4, r5, r6}
	pop {r0}
	bx r0
_08054318: .4byte 0xFFFFEFFC
	thumb_func_start task_hum_axcel_ptc_3
task_hum_axcel_ptc_3: @ 0805431C
	push {r4, lr}
	adds r4, r0, #0x0
	ldr r0, [r4, #0x00]
	bl func_080028C0
	ldr r0, [r4, #0x04]
	bl func_08002C10
	pop {r4}
	pop {r0}
	bx r0
	.byte 0x00, 0x00, 0xF0, 0xB5, 0x04, 0x1C, 0x1C, 0x48, 0xCB, 0xF0, 0x99, 0xFD, 0x1C, 0x4F, 0xE2, 0x20
	.byte 0x40, 0x00, 0x25, 0x18, 0x02, 0x26, 0x01, 0x20, 0x68, 0x70, 0x28, 0x70, 0xB2, 0xF7, 0x29, 0xF9
	.byte 0x39, 0x68, 0x0A, 0x1C, 0xDA, 0x32, 0x00, 0x23, 0xD4, 0x5E, 0x00, 0x04, 0x00, 0x0C, 0xDC, 0x31
	.byte 0x00, 0x22, 0x89, 0x5E, 0x09, 0x1B, 0x3F, 0x39, 0xC9, 0xF0, 0x8B, 0xF9, 0x20, 0x30, 0x24, 0x18
	.byte 0x24, 0x02, 0x6C, 0x60, 0xB2, 0xF7, 0x15, 0xF9, 0x39, 0x68, 0x0A, 0x1C, 0xDE, 0x32, 0x00, 0x23
	.byte 0xD4, 0x5E, 0x00, 0x04, 0x00, 0x0C, 0xE0, 0x31, 0x00, 0x22, 0x89, 0x5E, 0x09, 0x1B, 0x1F, 0x39
	.byte 0xC9, 0xF0, 0x77, 0xF9, 0x10, 0x30, 0x24, 0x18, 0x24, 0x02, 0xAC, 0x60, 0x0C, 0x35, 0x01, 0x3E
	.byte 0x00, 0x2E, 0xD0, 0xDA, 0xF0, 0xBC, 0x01, 0xBC, 0x00, 0x47, 0x87, 0x02, 0x00, 0x00, 0x84, 0x9B
	.byte 0x03, 0x02
	thumb_func_start func_080543B4
func_080543B4: @ 080543B4
	push {r4, r5, r6, r7, lr}
	add sp, #-0x004
	adds r7, r0, #0x0
	movs r3, #0x00
	movs r0, #0xE2
	lsls r0, r0, #0x01
	adds r4, r7, r0
	adds r5, r4, #0x0
	movs r6, #0x02
_080543C6:
	strb r3, [r4, #0x01]
	strb r3, [r4, #0x00]
	movs r1, #0xD2
	lsls r1, r1, #0x01
	adds r0, r7, r1
	ldr r1, _080543F0 @ =0x09EDB6E0
	adds r2, r5, #0x0
	str r3, [sp, #0x000]
	bl func_08000E14
	adds r4, #0x0C
	adds r5, #0x0C
	subs r6, #0x01
	ldr r3, [sp, #0x000]
	cmp r6, #0x00
	bge _080543C6
	add sp, #0x004
	pop {r4, r5, r6, r7}
	pop {r0}
	bx r0
	.byte 0x00, 0x00
_080543F0: .4byte 0x09EDB6E0
	.byte 0x10, 0xB5, 0x84, 0x46, 0x0C, 0x1C, 0x00, 0x2C, 0x18, 0xD0, 0x63, 0x46, 0x40, 0x33, 0x0D, 0x4A
	.byte 0x0D, 0x48, 0x00, 0x68, 0x80, 0x00, 0xFF, 0x21, 0x08, 0x40, 0x40, 0x00, 0x80, 0x18, 0x00, 0x22
	.byte 0x81, 0x5E, 0x48, 0x00, 0x40, 0x18, 0x20, 0x18, 0xAC, 0x22, 0x52, 0x00, 0x62, 0x44, 0x00, 0x21
	.byte 0x11, 0x60, 0xD9, 0x68, 0x40, 0x1A, 0x00, 0x11, 0x09, 0x18, 0xD9, 0x60, 0x10, 0xBC, 0x01, 0xBC
	.byte 0x00, 0x47, 0x00, 0x00, 0x00, 0x14, 0x12, 0x08, 0x80, 0x74, 0x00, 0x03
	thumb_func_start task_hum_vixen_0
task_hum_vixen_0: @ 08054440
	push {r4, r5, lr}
	adds r5, r0, #0x0
	ldr r1, _080544B0 @ =0x0813F8C8
	bl func_0800E168
	movs r1, #0xC4
	lsls r1, r1, #0x01
	adds r0, r5, r1
	movs r4, #0x00
	str r4, [r0, #0x00]
	ldr r0, [r5, #0x74]
	ldr r1, [r5, #0x78]
	ldr r2, _080544B4 @ =0x08000000
	ldr r3, _080544B8 @ =0x00000000
	orrs r0, r2
	str r0, [r5, #0x74]
	str r1, [r5, #0x78]
	movs r2, #0xD1
	lsls r2, r2, #0x01
	adds r0, r5, r2
	strh r4, [r0, #0x00]
	movs r1, #0xD2
	lsls r1, r1, #0x01
	adds r0, r5, r1
	movs r1, #0x0F
	bl func_08000E64
	adds r0, r5, #0x0
	bl func_080543B4
	movs r2, #0xC2
	lsls r2, r2, #0x01
	adds r1, r5, r2
	ldr r0, _080544BC @ =0x0813F7A8
	str r0, [r1, #0x00]
	ldr r0, _080544C0 @ =0x02039BB0
	ldr r0, [r0, #0x08]
	movs r1, #0x08
	ands r0, r1
	cmp r0, #0x00
	beq _080544A8
	movs r0, #0x84
	lsls r0, r0, #0x04
	movs r1, #0x00
	bl func_080028F8
	ldr r1, _080544C4 @ =0x02039B84
	ldr r1, [r1, #0x00]
	movs r2, #0x8A
	lsls r2, r2, #0x01
	adds r1, r1, r2
	str r0, [r1, #0x00]
_080544A8:
	pop {r4, r5}
	pop {r0}
	bx r0
	.byte 0x00, 0x00
_080544B0: .4byte 0x0813F8C8
_080544B4: .4byte 0x08000000
_080544B8: .4byte 0x00000000
_080544BC: .4byte 0x0813F7A8
_080544C0: .4byte 0x02039BB0
_080544C4: .4byte 0x02039B84
	thumb_func_start task_hum_vixen_1
task_hum_vixen_1: @ 080544C8
	push {r4, r5, r6, r7, lr}
	mov r7, r10
	mov r6, r9
	mov r5, r8
	push {r5, r6, r7}
	add sp, #-0x040
	adds r6, r0, #0x0
	adds r5, r6, #0x0
	movs r0, #0x40
	adds r0, r0, r6
	mov r8, r0
	add r1, sp, #0x034
	add r2, sp, #0x038
	add r3, sp, #0x03C
	bl func_0801C700
	adds r0, r6, #0x0
	bl _0800E434
	cmp r0, #0x04
	beq _080545A4
	cmp r0, #0x04
	bhi _080544FC
	cmp r0, #0x03
	beq _080545AE
	b _080545D0
_080544FC:
	cmp r0, #0x05
	beq _08054506
	cmp r0, #0x08
	beq _080545AE
	b _080545D0
_08054506:
	movs r2, #0xA8
	lsls r2, r2, #0x01
	adds r1, r6, r2
	movs r0, #0x00
	strh r0, [r1, #0x00]
	adds r0, r6, #0x0
	bl _0800F84C
	adds r1, r0, #0x0
	cmp r1, #0x27
	beq _08054568
	cmp r1, #0x27
	bhi _0805452E
	cmp r1, #0x25
	beq _08054568
	cmp r1, #0x25
	bhi _0805455C
	cmp r1, #0x24
	beq _0805455C
	b _080545D0
_0805452E:
	ldr r0, _08054540 @ =0xF53D4F5D
	cmp r1, r0
	beq _08054580
	cmp r1, r0
	bhi _08054544
	subs r0, #0x0A
	cmp r1, r0
	beq _08054598
	b _080545D0
_08054540: .4byte 0xF53D4F5D
_08054544:
	ldr r0, _08054554 @ =0xF53D7753
	cmp r1, r0
	beq _08054574
	ldr r0, _08054558 @ =0xF5DD4F53
	cmp r1, r0
	beq _0805458C
	b _080545D0
	.byte 0x00, 0x00
_08054554: .4byte 0xF53D7753
_08054558: .4byte 0xF5DD4F53
_0805455C:
	movs r3, #0xB8
	lsls r3, r3, #0x01
	adds r1, r5, r3
	movs r0, #0x16
	str r0, [r1, #0x00]
	b _080545D0
_08054568:
	movs r4, #0xB8
	lsls r4, r4, #0x01
	adds r1, r5, r4
	movs r0, #0x15
	str r0, [r1, #0x00]
	b _080545D0
_08054574:
	movs r0, #0xB8
	lsls r0, r0, #0x01
	adds r1, r6, r0
	movs r0, #0x21
	str r0, [r1, #0x00]
	b _080545D0
_08054580:
	movs r2, #0xB8
	lsls r2, r2, #0x01
	adds r1, r6, r2
	movs r0, #0x1C
	str r0, [r1, #0x00]
	b _080545D0
_0805458C:
	movs r3, #0xB8
	lsls r3, r3, #0x01
	adds r1, r6, r3
	movs r0, #0x1D
	str r0, [r1, #0x00]
	b _080545D0
_08054598:
	movs r4, #0xB8
	lsls r4, r4, #0x01
	adds r1, r6, r4
	movs r0, #0x17
	str r0, [r1, #0x00]
	b _080545D0
_080545A4:
	movs r0, #0xA2
	lsls r0, r0, #0x02
	bl func_0811FF3C
	b _080545D0
_080545AE:
	mov r0, r8
	adds r0, #0xE4
	ldr r0, [r0, #0x00]
	adds r0, #0xF4
	ldr r0, [r0, #0x00]
	cmp r0, #0x1B
	bne _080545D0
	movs r0, #0xB8
	lsls r0, r0, #0x01
	adds r1, r5, r0
	movs r0, #0x25
	str r0, [r1, #0x00]
	movs r2, #0xA8
	lsls r2, r2, #0x01
	adds r1, r5, r2
	movs r0, #0x00
	strh r0, [r1, #0x00]
_080545D0:
	ldr r0, _08054608 @ =0x02039B84
	ldr r0, [r0, #0x00]
	movs r3, #0x86
	lsls r3, r3, #0x01
	adds r0, r0, r3
	ldr r0, [r0, #0x00]
	cmp r0, #0xAF
	beq _08054610
	cmp r0, #0xAF
	bhi _08054674
	cmp r0, #0xA4
	bne _08054674
	movs r0, #0x18
	str r0, [sp, #0x000]
	adds r0, r5, #0x0
	movs r1, #0x1E
	movs r2, #0x28
	movs r3, #0x28
	bl func_0800F5A4
	lsls r0, r0, #0x18
	cmp r0, #0x00
	beq _080546DA
	movs r4, #0xC2
	lsls r4, r4, #0x01
	adds r1, r5, r4
	ldr r0, _0805460C @ =0x0813F7A8
	b _080546D8
_08054608: .4byte 0x02039B84
_0805460C: .4byte 0x0813F7A8
_08054610:
	movs r0, #0x18
	str r0, [sp, #0x000]
	adds r0, r5, #0x0
	movs r1, #0x05
	movs r2, #0x28
	movs r3, #0x28
	bl func_0800F5A4
	lsls r0, r0, #0x18
	cmp r0, #0x00
	beq _080546DA
	bl func_080065A4
	lsls r0, r0, #0x10
	lsrs r0, r0, #0x10
	movs r1, #0x03
	bl func_0811D7CC
	lsls r0, r0, #0x10
	lsrs r0, r0, #0x10
	cmp r0, #0x01
	beq _0805465C
	cmp r0, #0x01
	bgt _08054646
	cmp r0, #0x00
	beq _0805464C
	b _080546DA
_08054646:
	cmp r0, #0x02
	beq _0805466C
	b _080546DA
_0805464C:
	movs r0, #0xC2
	lsls r0, r0, #0x01
	adds r1, r5, r0
	ldr r0, _08054658 @ =0x0813F7A8
	b _080546D8
	.byte 0x00, 0x00
_08054658: .4byte 0x0813F7A8
_0805465C:
	movs r2, #0xC2
	lsls r2, r2, #0x01
	adds r1, r5, r2
	ldr r0, _08054668 @ =0x0813F7C0
	b _080546D8
	.byte 0x00, 0x00
_08054668: .4byte 0x0813F7C0
_0805466C:
	movs r3, #0xC2
	lsls r3, r3, #0x01
	adds r1, r5, r3
	b _080546D6
_08054674:
	movs r0, #0x18
	str r0, [sp, #0x000]
	adds r0, r5, #0x0
	movs r1, #0x1E
	movs r2, #0x28
	movs r3, #0x28
	bl func_0800F5A4
	lsls r0, r0, #0x18
	cmp r0, #0x00
	beq _080546DA
	bl func_080065A4
	lsls r0, r0, #0x10
	lsrs r0, r0, #0x10
	movs r1, #0x03
	bl func_0811D7CC
	lsls r0, r0, #0x10
	lsrs r0, r0, #0x10
	cmp r0, #0x01
	beq _080546C0
	cmp r0, #0x01
	bgt _080546AA
	cmp r0, #0x00
	beq _080546B0
	b _080546DA
_080546AA:
	cmp r0, #0x02
	beq _080546D0
	b _080546DA
_080546B0:
	movs r4, #0xC2
	lsls r4, r4, #0x01
	adds r1, r5, r4
	ldr r0, _080546BC @ =0x0813F7A8
	b _080546D8
	.byte 0x00, 0x00
_080546BC: .4byte 0x0813F7A8
_080546C0:
	movs r0, #0xC2
	lsls r0, r0, #0x01
	adds r1, r5, r0
	ldr r0, _080546CC @ =0x0813F7B4
	b _080546D8
	.byte 0x00, 0x00
_080546CC: .4byte 0x0813F7B4
_080546D0:
	movs r2, #0xC2
	lsls r2, r2, #0x01
	adds r1, r5, r2
_080546D6:
	ldr r0, _080546F4 @ =0x0813F7CC
_080546D8:
	str r0, [r1, #0x00]
_080546DA:
	movs r3, #0xB8
	lsls r3, r3, #0x01
	adds r0, r5, r3
	ldr r0, [r0, #0x00]
	cmp r0, #0x25
	bls _080546EA
	bl _08055380
_080546EA:
	lsls r0, r0, #0x02
	ldr r1, _080546F8 @ =0x080546FC
	adds r0, r0, r1
	ldr r0, [r0, #0x00]
	mov pc, r0
_080546F4: .4byte 0x0813F7CC
_080546F8: .4byte 0x080546FC
	.byte 0xE0, 0x47, 0x05, 0x08, 0xC0, 0x49, 0x05, 0x08, 0x80, 0x53, 0x05, 0x08, 0xC0, 0x49, 0x05, 0x08
	.byte 0x80, 0x53, 0x05, 0x08, 0x80, 0x53, 0x05, 0x08, 0x80, 0x53, 0x05, 0x08, 0x80, 0x53, 0x05, 0x08
	.byte 0x58, 0x48, 0x05, 0x08, 0xC0, 0x49, 0x05, 0x08, 0x80, 0x53, 0x05, 0x08, 0xC0, 0x49, 0x05, 0x08
	.byte 0x94, 0x47, 0x05, 0x08, 0x80, 0x53, 0x05, 0x08, 0xC0, 0x49, 0x05, 0x08, 0x80, 0x53, 0x05, 0x08
	.byte 0x80, 0x53, 0x05, 0x08, 0xB0, 0x47, 0x05, 0x08, 0x94, 0x47, 0x05, 0x08, 0x80, 0x53, 0x05, 0x08
	.byte 0x80, 0x53, 0x05, 0x08, 0xDC, 0x49, 0x05, 0x08, 0x98, 0x4B, 0x05, 0x08, 0x94, 0x4C, 0x05, 0x08
	.byte 0xF0, 0x4C, 0x05, 0x08, 0x30, 0x4D, 0x05, 0x08, 0x74, 0x4D, 0x05, 0x08, 0x5E, 0x4F, 0x05, 0x08
	.byte 0x84, 0x4F, 0x05, 0x08, 0x90, 0x50, 0x05, 0x08, 0xDC, 0x50, 0x05, 0x08, 0x1C, 0x51, 0x05, 0x08
	.byte 0x60, 0x51, 0x05, 0x08, 0xE4, 0x51, 0x05, 0x08, 0x30, 0x52, 0x05, 0x08, 0x76, 0x52, 0x05, 0x08
	.byte 0xCC, 0x52, 0x05, 0x08, 0xFA, 0x4A, 0x05, 0x08, 0x05, 0x48, 0x31, 0x1C, 0x14, 0x31, 0x72, 0x68
	.byte 0x00, 0x92, 0x00, 0x22, 0x01, 0x23, 0xC4, 0xF7, 0x61, 0xFC, 0x00, 0xF0, 0xEB, 0xFD, 0x00, 0x00
	.byte 0xD8, 0xF7, 0x13, 0x08, 0x09, 0x48, 0x31, 0x1C, 0x14, 0x31, 0x72, 0x68, 0x00, 0x92, 0x00, 0x22
	.byte 0x01, 0x23, 0xC4, 0xF7, 0x53, 0xFC, 0xC4, 0x24, 0x64, 0x00, 0x31, 0x19, 0x04, 0x48, 0x08, 0x60
	.byte 0x28, 0x1C, 0x14, 0x21, 0xBA, 0xF7, 0xCA, 0xFD, 0x00, 0xF0, 0xD4, 0xFD, 0xD8, 0xF7, 0x13, 0x08
	.byte 0x00, 0xC0, 0xFF, 0xFF, 0x1C, 0x48, 0x31, 0x1C, 0x14, 0x31, 0x72, 0x68, 0x00, 0x92, 0x00, 0x22
	.byte 0x01, 0x23, 0xC4, 0xF7, 0x3B, 0xFC, 0xC4, 0x20, 0x40, 0x00, 0x31, 0x18, 0x00, 0x20, 0x08, 0x60
	.byte 0x2D, 0xF0, 0x14, 0xF8, 0x00, 0x06, 0x00, 0x28, 0x01, 0xD0, 0x00, 0xF0, 0xBB, 0xFD, 0x28, 0x1C
	.byte 0x50, 0x21, 0xBA, 0xF7, 0xAB, 0xFD, 0x28, 0x1C, 0x14, 0x30, 0xB1, 0xF7, 0x81, 0xF9, 0x00, 0x06
	.byte 0x00, 0x28, 0x01, 0xD1, 0x00, 0xF0, 0xA8, 0xFD, 0xB1, 0xF7, 0xBE, 0xFE, 0x00, 0x04, 0x00, 0x0C
	.byte 0x50, 0x21, 0xC8, 0xF0, 0xCD, 0xFF, 0x00, 0x04, 0x02, 0x0C, 0x00, 0x2A, 0x01, 0xD0, 0x00, 0xF0
	.byte 0x9B, 0xFD, 0xB8, 0x21, 0x49, 0x00, 0x68, 0x18, 0x08, 0x21, 0x01, 0x60, 0xA8, 0x23, 0x5B, 0x00
	.byte 0xE8, 0x18, 0x02, 0x80, 0x00, 0xF0, 0x96, 0xFD, 0xD8, 0xF7, 0x13, 0x08, 0xA8, 0x21, 0x49, 0x00
	.byte 0x68, 0x18, 0x00, 0x22, 0x80, 0x5E, 0x00, 0x28, 0x45, 0xD1, 0x12, 0x48, 0x31, 0x1C, 0x14, 0x31
	.byte 0x72, 0x68, 0x00, 0x92, 0x01, 0x22, 0x01, 0x23, 0xC4, 0xF7, 0xF8, 0xFB, 0xC4, 0x23, 0x5B, 0x00
	.byte 0xF1, 0x18, 0x0D, 0x48, 0x08, 0x60, 0x44, 0x46, 0x61, 0x68, 0x0C, 0x48, 0x81, 0x42, 0x19, 0xDC
	.byte 0x60, 0x6B, 0xA1, 0x6B, 0x05, 0x22, 0x52, 0x42, 0x10, 0x40, 0x42, 0x46, 0x50, 0x63, 0x91, 0x63
	.byte 0x2C, 0x3B, 0xE9, 0x18, 0x06, 0x48, 0x00, 0x68, 0xDC, 0x30, 0x00, 0x24, 0x00, 0x5F, 0x30, 0x38
	.byte 0x1A, 0xE0, 0x00, 0x00, 0xD8, 0xF7, 0x13, 0x08, 0x00, 0xF1, 0xFF, 0xFF, 0xFF, 0xFF, 0x00, 0x00
	.byte 0x84, 0x9B, 0x03, 0x02, 0x42, 0x46, 0x50, 0x6B, 0x91, 0x6B, 0x04, 0x22, 0x00, 0x23, 0x10, 0x43
	.byte 0x43, 0x46, 0x58, 0x63, 0x99, 0x63, 0xAE, 0x24, 0x64, 0x00, 0x29, 0x19, 0x12, 0x48, 0x00, 0x68
	.byte 0xDA, 0x30, 0x00, 0x22, 0x80, 0x5E, 0x30, 0x30, 0x00, 0x02, 0x08, 0x60, 0xE0, 0x23, 0x5B, 0x00
	.byte 0xF1, 0x18, 0x00, 0x20, 0x08, 0x60, 0xE0, 0x24, 0x64, 0x00, 0x33, 0x19, 0x18, 0x68, 0x11, 0x30
	.byte 0x18, 0x60, 0x0A, 0x49, 0x88, 0x42, 0x00, 0xDD, 0x19, 0x60, 0x42, 0x46, 0x50, 0x6B, 0x91, 0x6B
	.byte 0x04, 0x22, 0x10, 0x40, 0x00, 0x21, 0x08, 0x43, 0x00, 0x28, 0x09, 0xD0, 0x44, 0x46, 0x60, 0x68
	.byte 0x19, 0x68, 0x40, 0x1A, 0x60, 0x60, 0x09, 0xE0, 0x84, 0x9B, 0x03, 0x02, 0x99, 0x01, 0x00, 0x00
	.byte 0x41, 0x46, 0x48, 0x68, 0x19, 0x68, 0x40, 0x18, 0x42, 0x46, 0x50, 0x60, 0xAA, 0x23, 0x5B, 0x00
	.byte 0xE8, 0x18, 0x00, 0x68, 0x01, 0x23, 0x18, 0x40, 0x00, 0x28, 0x06, 0xD0, 0xD1, 0x24, 0x64, 0x00
	.byte 0x32, 0x19, 0x10, 0x88, 0x01, 0x21, 0x48, 0x40, 0x10, 0x80, 0xD1, 0x21, 0x49, 0x00, 0x70, 0x18
	.byte 0x01, 0x88, 0x18, 0x1C, 0x08, 0x40, 0x00, 0x28, 0x08, 0xD0, 0xE0, 0x22, 0x52, 0x00, 0xB0, 0x18
	.byte 0x43, 0x46, 0x99, 0x68, 0x00, 0x68, 0x09, 0x18, 0x99, 0x60, 0x07, 0xE0, 0xE0, 0x24, 0x64, 0x00
	.byte 0x30, 0x19, 0x42, 0x46, 0x91, 0x68, 0x00, 0x68, 0x09, 0x1A, 0x91, 0x60, 0xAE, 0x23, 0x5B, 0x00
	.byte 0xE8, 0x18, 0x44, 0x46, 0x61, 0x68, 0x00, 0x68, 0x0A, 0x1A, 0x00, 0x2A, 0x06, 0xDB, 0x02, 0x48
	.byte 0x82, 0x42, 0x00, 0xDC, 0x99, 0xE0, 0x06, 0xE0, 0xFF, 0x0B, 0x00, 0x00, 0x41, 0x1A, 0x04, 0x48
	.byte 0x81, 0x42, 0x00, 0xDC, 0x91, 0xE0, 0xA8, 0x23, 0x5B, 0x00, 0xE9, 0x18, 0x00, 0xF0, 0xDF, 0xFC
	.byte 0xFF, 0x0B, 0x00, 0x00, 0x05, 0x48, 0x31, 0x1C, 0x14, 0x31, 0x72, 0x68, 0x00, 0x92, 0x02, 0x22
	.byte 0x00, 0x23, 0xC4, 0xF7, 0x4B, 0xFB, 0x00, 0xF0, 0xD5, 0xFC, 0x00, 0x00, 0xD8, 0xF7, 0x13, 0x08
	.byte 0xA8, 0x24, 0x64, 0x00, 0x28, 0x19, 0x00, 0x21, 0x44, 0x5E, 0x00, 0x2C, 0x0C, 0xD1, 0x15, 0x48
	.byte 0x31, 0x1C, 0x14, 0x31, 0x72, 0x68, 0x00, 0x92, 0x03, 0x22, 0x00, 0x23, 0xC4, 0xF7, 0x36, 0xFB
	.byte 0xC4, 0x22, 0x52, 0x00, 0xB0, 0x18, 0x04, 0x60, 0x2C, 0x1C, 0x14, 0x34, 0x20, 0x1C, 0xB1, 0xF7
	.byte 0x93, 0xF8, 0x00, 0x04, 0x00, 0x0C, 0x27, 0x1C, 0x03, 0x28, 0x55, 0xD1, 0x43, 0x46, 0x58, 0x6B
	.byte 0x99, 0x6B, 0x04, 0x22, 0x10, 0x40, 0x00, 0x21, 0x08, 0x43, 0x00, 0x28, 0x0C, 0xD0, 0x58, 0x68
	.byte 0xC8, 0x24, 0xA4, 0x01, 0x02, 0x19, 0x59, 0x69, 0x89, 0x1A, 0x89, 0x10, 0x40, 0x18, 0x58, 0x60
	.byte 0x0C, 0xE0, 0x00, 0x00, 0xD8, 0xF7, 0x13, 0x08, 0x41, 0x46, 0x48, 0x68, 0x11, 0x4B, 0xC2, 0x18
	.byte 0x49, 0x69, 0x89, 0x1A, 0x89, 0x10, 0x40, 0x18, 0x44, 0x46, 0x60, 0x60, 0x42, 0x46, 0x50, 0x6B
	.byte 0x91, 0x6B, 0x04, 0x22, 0x10, 0x40, 0x00, 0x21, 0x08, 0x43, 0x00, 0x28, 0x16, 0xD0, 0x9C, 0x20
	.byte 0x40, 0x00, 0x43, 0x46, 0x59, 0x68, 0x08, 0x4C, 0x09, 0x19, 0x9A, 0x68, 0xDB, 0x68, 0x0C, 0x24
	.byte 0x00, 0x94, 0x01, 0x94, 0x30, 0x24, 0x02, 0x94, 0xBD, 0xF7, 0x78, 0xFA, 0x00, 0x28, 0x18, 0xD1
	.byte 0x1A, 0xE0, 0x00, 0x00, 0x00, 0xCE, 0xFF, 0xFF, 0x00, 0xE0, 0xFF, 0xFF, 0x9C, 0x20, 0x40, 0x00
	.byte 0x42, 0x46, 0x51, 0x68, 0x80, 0x23, 0x9B, 0x01, 0xC9, 0x18, 0x92, 0x68, 0x44, 0x46, 0xE3, 0x68
	.byte 0x0C, 0x24, 0x00, 0x94, 0x01, 0x94, 0x30, 0x24, 0x02, 0x94, 0xBD, 0xF7, 0x5F, 0xFA, 0x00, 0x28
	.byte 0x02, 0xD0, 0x0B, 0x48, 0xCB, 0xF0, 0xD6, 0xF9, 0x38, 0x1C, 0xB1, 0xF7, 0x29, 0xF8, 0x00, 0x06
	.byte 0x00, 0x28, 0x0F, 0xD0, 0x40, 0x46, 0xC6, 0xF7, 0x19, 0xFA, 0xB8, 0x21, 0x49, 0x00, 0x68, 0x18
	.byte 0x00, 0x21, 0x01, 0x60, 0xA8, 0x22, 0x52, 0x00, 0xA8, 0x18, 0x01, 0x80, 0x00, 0xF0, 0x4A, 0xFC
	.byte 0x85, 0x02, 0x00, 0x00, 0xA8, 0x23, 0x5B, 0x00, 0xE9, 0x18, 0x00, 0xF0, 0x40, 0xFC, 0xA8, 0x20
	.byte 0x40, 0x00, 0x2C, 0x18, 0x00, 0x21, 0x60, 0x5E, 0x2F, 0x1C, 0x14, 0x37, 0x00, 0x28, 0x0B, 0xD1
	.byte 0x38, 0x1C, 0xB1, 0xF7, 0x29, 0xF8, 0x1F, 0x48, 0x31, 0x1C, 0x14, 0x31, 0x72, 0x68, 0x00, 0x92
	.byte 0x02, 0x22, 0x00, 0x23, 0xC4, 0xF7, 0xA2, 0xFA, 0x38, 0x1C, 0xB0, 0xF7, 0xF9, 0xFF, 0x00, 0x06
	.byte 0x00, 0x28, 0x00, 0xD1, 0xC8, 0xE3, 0xAA, 0x23, 0x5B, 0x00, 0xEA, 0x18, 0x10, 0x68, 0x05, 0x21
	.byte 0x49, 0x42, 0x08, 0x40, 0x10, 0x60, 0x40, 0x46, 0xE4, 0x30, 0x01, 0x68, 0xF8, 0x31, 0x08, 0x88
	.byte 0x01, 0x38, 0x00, 0x27, 0x08, 0x80, 0x41, 0x46, 0x2E, 0x22, 0x88, 0x5E, 0x00, 0x28, 0x00, 0xDA
	.byte 0x03, 0x30, 0x80, 0x10, 0x43, 0x46, 0x98, 0x85, 0x58, 0x6B, 0x99, 0x6B, 0x0A, 0x4A, 0x10, 0x40
	.byte 0x42, 0x46, 0x50, 0x63, 0x91, 0x63, 0x40, 0x46, 0xC6, 0xF7, 0xC8, 0xF9, 0x40, 0x46, 0x0A, 0x21
	.byte 0xC4, 0xF7, 0x08, 0xFB, 0xB8, 0x23, 0x5B, 0x00, 0xE8, 0x18, 0x07, 0x60, 0x27, 0x80, 0x00, 0xF0
	.byte 0xF9, 0xFB, 0x00, 0x00, 0xD8, 0xF7, 0x13, 0x08, 0xFF, 0xFE, 0xFF, 0xFF, 0xA8, 0x24, 0x64, 0x00
	.byte 0x28, 0x19, 0x00, 0x21, 0x44, 0x5E, 0x00, 0x2C, 0x0C, 0xD1, 0x1C, 0x48, 0x31, 0x1C, 0x14, 0x31
	.byte 0x72, 0x68, 0x00, 0x92, 0x04, 0x22, 0x00, 0x23, 0xC4, 0xF7, 0x58, 0xFA, 0xC4, 0x22, 0x52, 0x00
	.byte 0xB0, 0x18, 0x04, 0x60, 0x2C, 0x1C, 0x14, 0x34, 0x20, 0x1C, 0xB0, 0xF7, 0xB5, 0xFF, 0x00, 0x04
	.byte 0x00, 0x0C, 0x27, 0x1C, 0x03, 0x28, 0x47, 0xD1, 0xE8, 0x8B, 0x00, 0x28, 0x44, 0xD1, 0x43, 0x46
	.byte 0x58, 0x6B, 0x99, 0x6B, 0x04, 0x22, 0x10, 0x40, 0x00, 0x21, 0x0C, 0x1C, 0x04, 0x43, 0x00, 0x2C
	.byte 0x20, 0xD0, 0x58, 0x68, 0x0A, 0x4C, 0x01, 0x19, 0x9A, 0x68, 0xDB, 0x68, 0x09, 0x4C, 0x1B, 0x19
	.byte 0x09, 0x4C, 0x00, 0x19, 0x00, 0x90, 0x01, 0x92, 0x08, 0x48, 0x02, 0x90, 0x01, 0x20, 0x03, 0x90
	.byte 0x07, 0x48, 0x04, 0x90, 0x01, 0x20, 0xBE, 0xF7, 0x79, 0xFB, 0x25, 0xE0, 0xD8, 0xF7, 0x13, 0x08
	.byte 0x00, 0xC9, 0xFF, 0xFF, 0x00, 0xC0, 0xFF, 0xFF, 0x00, 0x92, 0xFF, 0xFF, 0x00, 0xEC, 0xFF, 0xFF
	.byte 0x39, 0x01, 0x00, 0x00, 0x41, 0x46, 0x48, 0x68, 0xDC, 0x22, 0x92, 0x01, 0x12, 0x18, 0x91, 0x46
	.byte 0x8A, 0x68, 0xCB, 0x68, 0x9A, 0x46, 0x11, 0x49, 0x8A, 0x44, 0xDC, 0x23, 0xDB, 0x01, 0xC0, 0x18
	.byte 0x00, 0x90, 0x01, 0x92, 0x0E, 0x48, 0x02, 0x90, 0x03, 0x94, 0x0E, 0x48, 0x04, 0x90, 0x01, 0x20
	.byte 0x49, 0x46, 0x53, 0x46, 0xBE, 0xF7, 0x52, 0xFB, 0x38, 0x1C, 0xB0, 0xF7, 0x59, 0xFF, 0x00, 0x06
	.byte 0x00, 0x28, 0x06, 0xD0, 0xBD, 0xF7, 0x3C, 0xFE, 0x00, 0x06, 0x04, 0x0E, 0x00, 0x2C, 0x00, 0xD1
	.byte 0xA0, 0xE2, 0xA8, 0x23, 0x5B, 0x00, 0xE9, 0x18, 0x79, 0xE3, 0x00, 0x00, 0x00, 0xC0, 0xFF, 0xFF
	.byte 0x00, 0xEC, 0xFF, 0xFF, 0x39, 0x01, 0x00, 0x00, 0xA8, 0x24, 0x64, 0x00, 0x2F, 0x19, 0x00, 0x20
	.byte 0x3C, 0x5E, 0x00, 0x2C, 0x10, 0xD1, 0x10, 0x48, 0x31, 0x1C, 0x14, 0x31, 0x72, 0x68, 0x00, 0x92
	.byte 0x05, 0x22, 0x00, 0x23, 0xC4, 0xF7, 0xDA, 0xF9, 0xC4, 0x21, 0x49, 0x00, 0x70, 0x18, 0x04, 0x60
	.byte 0xDE, 0x22, 0x52, 0x00, 0xB0, 0x18, 0x04, 0x70, 0x28, 0x1C, 0x14, 0x30, 0xB0, 0xF7, 0x28, 0xFF
	.byte 0x00, 0x06, 0x00, 0x28, 0x0A, 0xD0, 0x00, 0x20, 0x38, 0x80, 0xB8, 0x23, 0x5B, 0x00, 0xE9, 0x18
	.byte 0x18, 0x20, 0x08, 0x60, 0x4E, 0xE3, 0x00, 0x00, 0xD8, 0xF7, 0x13, 0x08, 0x38, 0x88, 0x01, 0x30
	.byte 0x38, 0x80, 0x47, 0xE3, 0xA8, 0x20, 0x40, 0x00, 0x2C, 0x18, 0x00, 0x21, 0x60, 0x5E, 0x00, 0x28
	.byte 0x08, 0xD1, 0x0B, 0x48, 0x31, 0x1C, 0x14, 0x31, 0x72, 0x68, 0x00, 0x92, 0x06, 0x22, 0x01, 0x23
	.byte 0xC4, 0xF7, 0xAC, 0xF9, 0x21, 0x88, 0x00, 0x22, 0xA0, 0x5E, 0x3C, 0x28, 0x00, 0xDC, 0xA9, 0xE2
	.byte 0x00, 0x20, 0x20, 0x80, 0xB8, 0x23, 0x5B, 0x00, 0xE9, 0x18, 0x19, 0x20, 0x08, 0x60, 0x29, 0xE3
	.byte 0xD8, 0xF7, 0x13, 0x08, 0xA8, 0x20, 0x40, 0x00, 0x2C, 0x18, 0x00, 0x21, 0x60, 0x5E, 0x00, 0x28
	.byte 0x08, 0xD1, 0x0C, 0x48, 0x31, 0x1C, 0x14, 0x31, 0x72, 0x68, 0x00, 0x92, 0x07, 0x22, 0x00, 0x23
	.byte 0xC4, 0xF7, 0x8C, 0xF9, 0x28, 0x1C, 0x14, 0x30, 0xB0, 0xF7, 0xE2, 0xFE, 0x00, 0x06, 0x00, 0x28
	.byte 0x00, 0xD1, 0xB1, 0xE2, 0x00, 0x20, 0x20, 0x80, 0xB8, 0x22, 0x52, 0x00, 0xA9, 0x18, 0x1A, 0x20
	.byte 0x08, 0x60, 0x07, 0xE3, 0xD8, 0xF7, 0x13, 0x08, 0xA8, 0x23, 0x5B, 0x00, 0xE8, 0x18, 0x00, 0x24
	.byte 0x00, 0x5F, 0x00, 0x28, 0x47, 0xD1, 0x0F, 0x48, 0x31, 0x1C, 0x14, 0x31, 0x72, 0x68, 0x00, 0x92
	.byte 0x04, 0x22, 0x00, 0x23, 0xC4, 0xF7, 0x6A, 0xF9, 0x42, 0x46, 0x50, 0x6B, 0x91, 0x6B, 0x04, 0x22
	.byte 0x10, 0x40, 0x00, 0x21, 0x08, 0x43, 0x00, 0x28, 0x10, 0xD0, 0xCC, 0x23, 0x5B, 0x00, 0xF1, 0x18
	.byte 0x44, 0x46, 0x60, 0x68, 0x04, 0x4A, 0x80, 0x18, 0x08, 0x60, 0x08, 0x33, 0xF1, 0x18, 0xC0, 0x20
	.byte 0x10, 0xE0, 0x00, 0x00, 0xD8, 0xF7, 0x13, 0x08, 0x00, 0xE0, 0xFF, 0xFF, 0xCC, 0x24, 0x64, 0x00
	.byte 0x31, 0x19, 0x42, 0x46, 0x50, 0x68, 0x80, 0x23, 0x9B, 0x01, 0xC0, 0x18, 0x08, 0x60, 0x08, 0x34
	.byte 0x31, 0x19, 0x40, 0x20, 0x08, 0x80, 0xCE, 0x20, 0x40, 0x00, 0x31, 0x18, 0x42, 0x46, 0x90, 0x68
	.byte 0x08, 0x60, 0x8A, 0x24, 0x64, 0x00, 0x20, 0x1C, 0xCB, 0xF0, 0x3C, 0xF8, 0xF4, 0x23, 0x5B, 0x00
	.byte 0xF0, 0x18, 0x52, 0x49, 0x09, 0x68, 0x09, 0x19, 0x09, 0x68, 0xC9, 0x88, 0x50, 0x4A, 0xFC, 0x23
	.byte 0xDB, 0x00, 0xAE, 0xF7, 0xFD, 0xFC, 0x28, 0x1C, 0x14, 0x30, 0xB0, 0xF7, 0x8D, 0xFE, 0x00, 0x04
	.byte 0x00, 0x0C, 0x02, 0x28, 0x73, 0xD9, 0xCC, 0x24, 0x64, 0x00, 0xA4, 0x19, 0xA1, 0x46, 0x20, 0x68
	.byte 0xCE, 0x21, 0x49, 0x00, 0x77, 0x18, 0x39, 0x68, 0x0D, 0x9A, 0x0E, 0x9B, 0xC7, 0xF7, 0x98, 0xFE
	.byte 0x01, 0x1C, 0x09, 0x06, 0x09, 0x0E, 0xD0, 0x22, 0x52, 0x00, 0xB4, 0x18, 0x20, 0x1C, 0x03, 0x22
	.byte 0xB0, 0xF7, 0x26, 0xFD, 0x3F, 0x4B, 0xA8, 0x20, 0x40, 0x00, 0x40, 0x19, 0x82, 0x46, 0x00, 0x88
	.byte 0x40, 0x00, 0xFF, 0x21, 0x08, 0x40, 0x40, 0x00, 0xC0, 0x18, 0x00, 0x21, 0x42, 0x5E, 0x00, 0x2A
	.byte 0x00, 0xDA, 0x52, 0x42, 0xC0, 0x20, 0x40, 0x00, 0x12, 0x18, 0x20, 0x78, 0x40, 0x00, 0xC0, 0x18
	.byte 0x00, 0x21, 0x40, 0x5E, 0x01, 0x1C, 0x51, 0x43, 0x09, 0x12, 0x8C, 0x46, 0x49, 0x46, 0x08, 0x68
	.byte 0x60, 0x44, 0x08, 0x60, 0x20, 0x78, 0x40, 0x30, 0x40, 0x00, 0xC0, 0x18, 0x00, 0x23, 0xC0, 0x5E
	.byte 0x40, 0x42, 0x01, 0x1C, 0x51, 0x43, 0x09, 0x12, 0x38, 0x68, 0x40, 0x18, 0x38, 0x60, 0x48, 0x46
	.byte 0x39, 0x1C, 0x00, 0x22, 0x00, 0x23, 0xC5, 0xF7, 0xF7, 0xFC, 0x28, 0x1C, 0x01, 0x21, 0xBA, 0xF7
	.byte 0x55, 0xFA, 0x54, 0x46, 0x00, 0x21, 0x60, 0x5E, 0x09, 0x21, 0xC8, 0xF0, 0xDD, 0xFB, 0x00, 0x04
	.byte 0x01, 0x14, 0x00, 0x29, 0x1B, 0xD1, 0x4A, 0x46, 0x10, 0x68, 0x05, 0x90, 0x38, 0x68, 0x06, 0x90
	.byte 0x07, 0x91, 0x05, 0xAB, 0xDE, 0x24, 0x64, 0x00, 0x32, 0x19, 0x10, 0x78, 0x07, 0x21, 0x08, 0x40
	.byte 0x58, 0x82, 0xF4, 0x21, 0x49, 0x00, 0x70, 0x18, 0x0B, 0x90, 0x10, 0x78, 0x01, 0x30, 0x10, 0x70
	.byte 0xD2, 0x22, 0x52, 0x00, 0xB0, 0x18, 0x14, 0x49, 0x1A, 0x1C, 0xAB, 0xF7, 0x85, 0xFF, 0xA8, 0x24
	.byte 0x64, 0x00, 0x2B, 0x19, 0x1C, 0x88, 0x00, 0x20, 0x19, 0x5E, 0xB4, 0x20, 0x40, 0x00, 0x81, 0x42
	.byte 0x0B, 0xDC, 0x0A, 0x48, 0x00, 0x68, 0xC0, 0x6F, 0x81, 0x6B, 0x40, 0x6B, 0x80, 0x22, 0x92, 0x01
	.byte 0x10, 0x40, 0x00, 0x21, 0x08, 0x43, 0x00, 0x28, 0x10, 0xD0, 0xB8, 0x21, 0x49, 0x00, 0x68, 0x18
	.byte 0x1B, 0x21, 0x01, 0x60, 0x00, 0x20, 0x18, 0x80, 0x1C, 0xE2, 0x00, 0x00, 0x84, 0x9B, 0x03, 0x02
	.byte 0x84, 0x3A, 0xEE, 0x08, 0x00, 0x14, 0x12, 0x08, 0xC8, 0xB6, 0xED, 0x09, 0x60, 0x1C, 0x18, 0x80
	.byte 0x10, 0xE2, 0xA8, 0x22, 0x52, 0x00, 0xAC, 0x18, 0x21, 0x88, 0x00, 0x23, 0xE0, 0x5E, 0x46, 0x28
	.byte 0x00, 0xDC, 0x7F, 0xE1, 0x40, 0x46, 0xC5, 0xF7, 0xC9, 0xFF, 0xB8, 0x20, 0x40, 0x00, 0x29, 0x18
	.byte 0x00, 0x20, 0x08, 0x60, 0x20, 0x80, 0xFD, 0xE1, 0xA8, 0x21, 0x49, 0x00, 0x68, 0x18, 0x00, 0x22
	.byte 0x84, 0x5E, 0x00, 0x2C, 0x14, 0xD1, 0x37, 0x48, 0x31, 0x1C, 0x14, 0x31, 0x72, 0x68, 0x00, 0x92
	.byte 0x08, 0x22, 0x00, 0x23, 0xC4, 0xF7, 0x62, 0xF8, 0xC4, 0x23, 0x5B, 0x00, 0xF0, 0x18, 0x04, 0x60
	.byte 0x31, 0x48, 0x00, 0x68, 0xB3, 0x30, 0x01, 0x78, 0x00, 0x20, 0x08, 0x22, 0xB1, 0xF7, 0x3E, 0xF9
	.byte 0x28, 0x1C, 0x14, 0x30, 0xB0, 0xF7, 0xB8, 0xFD, 0x00, 0x04, 0x00, 0x0C, 0x04, 0x28, 0x0E, 0xD9
	.byte 0xBD, 0xF7, 0x8E, 0xFC, 0x00, 0x06, 0x00, 0x28, 0x09, 0xD1, 0x28, 0x48, 0xCA, 0xF0, 0x4A, 0xFF
	.byte 0xA2, 0x20, 0x80, 0x00, 0xCA, 0xF0, 0x46, 0xFF, 0x25, 0x48, 0xC2, 0xF7, 0x09, 0xF9, 0xA8, 0x24
	.byte 0x64, 0x00, 0x28, 0x19, 0x00, 0x21, 0x40, 0x5E, 0x0F, 0x21, 0xC8, 0xF0, 0x45, 0xFB, 0x00, 0x04
	.byte 0x00, 0x28, 0x09, 0xD1, 0x1C, 0x48, 0x00, 0x68, 0xC1, 0x6F, 0x8A, 0x8D, 0x2C, 0x23, 0xC8, 0x5E
	.byte 0x01, 0x28, 0x01, 0xDD, 0x50, 0x1E, 0x88, 0x85, 0xA8, 0x24, 0x64, 0x00, 0x2F, 0x19, 0x00, 0x20
	.byte 0x39, 0x5E, 0x96, 0x20, 0x40, 0x00, 0x81, 0x42, 0x08, 0xDC, 0x78, 0x29, 0x2E, 0xDD, 0x12, 0x48
	.byte 0x00, 0x68, 0xC0, 0x6F, 0x2C, 0x21, 0x40, 0x5E, 0x01, 0x28, 0x27, 0xDC, 0xA2, 0x20, 0x80, 0x00
	.byte 0xCA, 0xF0, 0x7E, 0xFF, 0x00, 0x20, 0x08, 0x21, 0xB1, 0xF7, 0xD0, 0xF8, 0x0A, 0x48, 0x04, 0x68
	.byte 0xA0, 0x6E, 0xE1, 0x6E, 0x0B, 0x4A, 0x0C, 0x4B, 0x10, 0x43, 0xA0, 0x66, 0xE1, 0x66, 0x40, 0x46
	.byte 0xC5, 0xF7, 0x54, 0xFF, 0xB8, 0x22, 0x52, 0x00, 0xA9, 0x18, 0x00, 0x20, 0x08, 0x60, 0x38, 0x80
	.byte 0x88, 0xE1, 0x00, 0x00, 0xD8, 0xF7, 0x13, 0x08, 0x84, 0x9B, 0x03, 0x02, 0x15, 0x01, 0x00, 0x00
	.byte 0x0F, 0x27, 0x00, 0x00, 0x00, 0x00, 0x40, 0x00, 0x00, 0x00, 0x00, 0x00, 0xA8, 0x23, 0x5B, 0x00
	.byte 0xE9, 0x18, 0x74, 0xE1, 0xA8, 0x20, 0x40, 0x00, 0x2C, 0x18, 0x00, 0x21, 0x67, 0x5E, 0x00, 0x2F
	.byte 0x0C, 0xD1, 0x0E, 0x48, 0x31, 0x1C, 0x14, 0x31, 0x72, 0x68, 0x00, 0x92, 0x09, 0x22, 0x00, 0x23
	.byte 0xC3, 0xF7, 0xDC, 0xFF, 0xC4, 0x22, 0x52, 0x00, 0xB0, 0x18, 0x07, 0x60, 0x28, 0x1C, 0x14, 0x30
	.byte 0xB0, 0xF7, 0x2E, 0xFD, 0x00, 0x06, 0x00, 0x28, 0x00, 0xD1, 0xFD, 0xE0, 0x00, 0x20, 0x20, 0x80
	.byte 0xB8, 0x23, 0x5B, 0x00, 0xE9, 0x18, 0x1E, 0x20, 0x08, 0x60, 0x53, 0xE1, 0xD8, 0xF7, 0x13, 0x08
	.byte 0xA8, 0x20, 0x40, 0x00, 0x2C, 0x18, 0x00, 0x21, 0x60, 0x5E, 0x00, 0x28, 0x08, 0xD1, 0x0B, 0x48
	.byte 0x31, 0x1C, 0x14, 0x31, 0x72, 0x68, 0x00, 0x92, 0x0A, 0x22, 0x01, 0x23, 0xC3, 0xF7, 0xB6, 0xFF
	.byte 0x21, 0x88, 0x00, 0x22, 0xA0, 0x5E, 0x3C, 0x28, 0x00, 0xDC, 0xB3, 0xE0, 0x00, 0x20, 0x20, 0x80
	.byte 0xB8, 0x23, 0x5B, 0x00, 0xE9, 0x18, 0x1F, 0x20, 0x08, 0x60, 0x33, 0xE1, 0xD8, 0xF7, 0x13, 0x08
	.byte 0xA8, 0x20, 0x40, 0x00, 0x2C, 0x18, 0x00, 0x21, 0x60, 0x5E, 0x00, 0x28, 0x08, 0xD1, 0x0C, 0x48
	.byte 0x31, 0x1C, 0x14, 0x31, 0x72, 0x68, 0x00, 0x92, 0x0B, 0x22, 0x00, 0x23, 0xC3, 0xF7, 0x96, 0xFF
	.byte 0x28, 0x1C, 0x14, 0x30, 0xB0, 0xF7, 0xEC, 0xFC, 0x00, 0x06, 0x00, 0x28, 0x00, 0xD1, 0xBB, 0xE0
	.byte 0x00, 0x20, 0x20, 0x80, 0xB8, 0x22, 0x52, 0x00, 0xA9, 0x18, 0x20, 0x20, 0x08, 0x60, 0x11, 0xE1
	.byte 0xD8, 0xF7, 0x13, 0x08, 0xA8, 0x23, 0x5B, 0x00, 0xE8, 0x18, 0x00, 0x24, 0x00, 0x5F, 0x00, 0x28
	.byte 0x08, 0xD1, 0x1A, 0x48, 0x31, 0x1C, 0x14, 0x31, 0x72, 0x68, 0x00, 0x92, 0x04, 0x22, 0x00, 0x23
	.byte 0xC3, 0xF7, 0x74, 0xFF, 0x2C, 0x1C, 0x14, 0x34, 0x20, 0x1C, 0xB0, 0xF7, 0xD5, 0xFC, 0x00, 0x04
	.byte 0x00, 0x0C, 0x27, 0x1C, 0x03, 0x28, 0x09, 0xD1, 0xE8, 0x8B, 0x00, 0x28, 0x06, 0xD1, 0x01, 0x20
	.byte 0x3C, 0x21, 0xB0, 0xF7, 0xBF, 0xFF, 0x30, 0x1C, 0xFF, 0xF7, 0xC6, 0xF8, 0x38, 0x1C, 0xB0, 0xF7
	.byte 0xB7, 0xFC, 0x00, 0x06, 0x00, 0x28, 0x13, 0xD0, 0xB1, 0xF7, 0xAE, 0xF8, 0x00, 0x06, 0x04, 0x0E
	.byte 0x00, 0x2C, 0x0D, 0xD1, 0x40, 0x46, 0xC5, 0xF7, 0xA1, 0xFE, 0xB8, 0x21, 0x49, 0x00, 0x68, 0x18
	.byte 0x04, 0x60, 0xA8, 0x22, 0x52, 0x00, 0xA8, 0x18, 0x04, 0x80, 0xD3, 0xE0, 0xD8, 0xF7, 0x13, 0x08
	.byte 0xA8, 0x23, 0x5B, 0x00, 0xE9, 0x18, 0xCA, 0xE0, 0xA8, 0x20, 0x40, 0x00, 0x2C, 0x18, 0x00, 0x21
	.byte 0x67, 0x5E, 0x00, 0x2F, 0x0C, 0xD1, 0x0E, 0x48, 0x31, 0x1C, 0x14, 0x31, 0x72, 0x68, 0x00, 0x92
	.byte 0x0C, 0x22, 0x00, 0x23, 0xC3, 0xF7, 0x32, 0xFF, 0xC4, 0x22, 0x52, 0x00, 0xB0, 0x18, 0x07, 0x60
	.byte 0x28, 0x1C, 0x14, 0x30, 0xB0, 0xF7, 0x84, 0xFC, 0x00, 0x06, 0x00, 0x28, 0x54, 0xD0, 0x00, 0x20
	.byte 0x20, 0x80, 0xB8, 0x23, 0x5B, 0x00, 0xE9, 0x18, 0x22, 0x20, 0x08, 0x60, 0xAA, 0xE0, 0x00, 0x00
	.byte 0xD8, 0xF7, 0x13, 0x08, 0xA8, 0x20, 0x40, 0x00, 0x2C, 0x18, 0x00, 0x21, 0x60, 0x5E, 0x00, 0x28
	.byte 0x08, 0xD1, 0x0B, 0x48, 0x31, 0x1C, 0x14, 0x31, 0x72, 0x68, 0x00, 0x92, 0x0D, 0x22, 0x01, 0x23
	.byte 0xC3, 0xF7, 0x0C, 0xFF, 0x21, 0x88, 0x00, 0x22, 0xA0, 0x5E, 0x3C, 0x28, 0x0A, 0xDD, 0x00, 0x20
	.byte 0x20, 0x80, 0xB8, 0x23, 0x5B, 0x00, 0xE9, 0x18, 0x23, 0x20, 0x08, 0x60, 0x8A, 0xE0, 0x00, 0x00
	.byte 0xD8, 0xF7, 0x13, 0x08, 0x48, 0x1C, 0x20, 0x80, 0x84, 0xE0, 0xA8, 0x20, 0x40, 0x00, 0x2C, 0x18
	.byte 0x00, 0x21, 0x60, 0x5E, 0x00, 0x28, 0x0B, 0xD1, 0x0D, 0x48, 0x31, 0x1C, 0x14, 0x31, 0x72, 0x68
	.byte 0x00, 0x92, 0x0E, 0x22, 0x00, 0x23, 0xC3, 0xF7, 0xE9, 0xFE, 0x0A, 0x48, 0xCA, 0xF0, 0xEA, 0xFD
	.byte 0x28, 0x1C, 0x14, 0x30, 0xB0, 0xF7, 0x3C, 0xFC, 0x00, 0x06, 0x00, 0x28, 0x0C, 0xD0, 0x00, 0x20
	.byte 0x20, 0x80, 0xB8, 0x22, 0x52, 0x00, 0xA9, 0x18, 0x24, 0x20, 0x08, 0x60, 0x62, 0xE0, 0x00, 0x00
	.byte 0xD8, 0xF7, 0x13, 0x08, 0x13, 0x01, 0x00, 0x00, 0x20, 0x88, 0x01, 0x30, 0x20, 0x80, 0x59, 0xE0
	.byte 0xA8, 0x23, 0x5B, 0x00, 0xE8, 0x18, 0x00, 0x21, 0x44, 0x5E, 0x00, 0x2C, 0x0C, 0xD1, 0x24, 0x48
	.byte 0x31, 0x1C, 0x14, 0x31, 0x72, 0x68, 0x00, 0x92, 0x04, 0x22, 0x00, 0x23, 0xC3, 0xF7, 0xBE, 0xFE
	.byte 0xDC, 0x22, 0x52, 0x00, 0xB0, 0x18, 0x04, 0x60, 0x2C, 0x1C, 0x14, 0x34, 0x20, 0x1C, 0xB0, 0xF7
	.byte 0x1B, 0xFC, 0x00, 0x04, 0x00, 0x0C, 0x27, 0x1C, 0x03, 0x28, 0x12, 0xD1, 0xE9, 0x8B, 0x00, 0x29
	.byte 0x0F, 0xD1, 0x0D, 0x98, 0x05, 0x90, 0x0E, 0x98, 0x06, 0x90, 0x07, 0x91, 0xD2, 0x23, 0x5B, 0x00
	.byte 0xF0, 0x18, 0x14, 0x49, 0x05, 0xAA, 0xAB, 0xF7, 0x77, 0xFD, 0xDC, 0x24, 0x64, 0x00, 0x31, 0x19
	.byte 0x08, 0x60, 0x38, 0x1C, 0xB0, 0xF7, 0xF4, 0xFB, 0x00, 0x06, 0x00, 0x28, 0x1C, 0xD0, 0xDC, 0x21
	.byte 0x49, 0x00, 0x70, 0x18, 0x00, 0x68, 0x0B, 0x49, 0x09, 0x68, 0xAB, 0xF7, 0x0B, 0xFE, 0x00, 0x06
	.byte 0x04, 0x0E, 0x00, 0x2C, 0x10, 0xD1, 0x40, 0x46, 0xC5, 0xF7, 0xD8, 0xFD, 0xB8, 0x22, 0x52, 0x00
	.byte 0xA8, 0x18, 0x04, 0x60, 0xA8, 0x23, 0x5B, 0x00, 0xE8, 0x18, 0x04, 0x80, 0x0A, 0xE0, 0x00, 0x00
	.byte 0xD8, 0xF7, 0x13, 0x08, 0xF8, 0xB6, 0xED, 0x09, 0xA8, 0x24, 0x64, 0x00, 0x29, 0x19, 0x08, 0x88
	.byte 0x01, 0x30, 0x08, 0x80
_08055380:
	.byte 0x42, 0x46, 0x50, 0x6B, 0x91, 0x6B, 0x80, 0x22, 0x92, 0x01, 0x10, 0x40, 0x00, 0x21, 0x08, 0x43
	.byte 0x00, 0x28, 0x0B, 0xD1, 0x40, 0x46, 0xE8, 0x30, 0x00, 0x68, 0x02, 0x28, 0x06, 0xD0, 0xC4, 0x23
	.byte 0x5B, 0x00, 0xF0, 0x18, 0x01, 0x68, 0x28, 0x1C, 0xFF, 0xF7, 0x24, 0xF8, 0x28, 0x1C, 0xB9, 0xF7
	.byte 0x1F, 0xF9, 0x00, 0x06, 0x00, 0x0E, 0x81, 0x46, 0x14, 0x48, 0x00, 0x68, 0xC0, 0x6F, 0x40, 0x68
	.byte 0x84, 0x46, 0x44, 0x46, 0x67, 0x68, 0xBC, 0x45, 0x0A, 0xDA, 0x63, 0x6B, 0xA4, 0x6B, 0x04, 0x22
	.byte 0x18, 0x1C, 0x10, 0x40, 0x00, 0x21, 0x08, 0x43, 0x25, 0x1C, 0x1C, 0x1C, 0x00, 0x28, 0x0C, 0xD1
	.byte 0x40, 0x46, 0x44, 0x6B, 0x85, 0x6B, 0xBC, 0x45, 0x16, 0xDD, 0x04, 0x20, 0x21, 0x1C, 0x01, 0x40
	.byte 0x00, 0x22, 0x10, 0x1C, 0x08, 0x43, 0x00, 0x28, 0x0E, 0xD1, 0x05, 0x4A, 0x05, 0x4B, 0x20, 0x1C
	.byte 0x10, 0x43, 0x29, 0x1C, 0x42, 0x46, 0x50, 0x63, 0x91, 0x63, 0x0C, 0xE0, 0x84, 0x9B, 0x03, 0x02
	.byte 0x00, 0x80, 0x00, 0x00, 0x00, 0x00, 0x00, 0x00, 0x0A, 0x4A, 0x20, 0x1C, 0x10, 0x40, 0x29, 0x1C
	.byte 0x43, 0x46, 0x58, 0x63, 0x99, 0x63, 0xD2, 0x24, 0x64, 0x00, 0x30, 0x19, 0xAB, 0xF7, 0x3A, 0xFD
	.byte 0x48, 0x46, 0x10, 0xB0, 0x38, 0xBC, 0x98, 0x46, 0xA1, 0x46, 0xAA, 0x46, 0xF0, 0xBC, 0x02, 0xBC
	.byte 0x08, 0x47, 0x00, 0x00, 0xFF, 0x7F, 0xFF, 0xFF
	thumb_func_start task_hum_vixen_2
task_hum_vixen_2: @ 08055448
	push {r4, lr}
	adds r4, r0, #0x0
	bl func_0800EFE8
	movs r0, #0xD2
	lsls r0, r0, #0x01
	adds r4, r4, r0
	adds r0, r4, #0x0
	bl func_08000EE0
	pop {r4}
	pop {r0}
	bx r0
	.byte 0x00, 0x00
	thumb_func_start task_hum_vixen_3
task_hum_vixen_3: @ 08055464
	push {r4, lr}
	adds r4, r0, #0x0
	ldr r0, _0805549C @ =0x02039BB0
	ldr r0, [r0, #0x08]
	movs r1, #0x08
	ands r0, r1
	cmp r0, #0x00
	beq _08055484
	ldr r0, _080554A0 @ =0x02039B84
	ldr r0, [r0, #0x00]
	movs r1, #0x8A
	lsls r1, r1, #0x01
	adds r0, r0, r1
	ldr r0, [r0, #0x00]
	bl func_080028C0
_08055484:
	adds r0, r4, #0x0
	bl func_0800E380
	movs r1, #0xD2
	lsls r1, r1, #0x01
	adds r0, r4, r1
	bl func_08000F0C
	pop {r4}
	pop {r0}
	bx r0
	.byte 0x00, 0x00
_0805549C: .4byte 0x02039BB0
_080554A0: .4byte 0x02039B84
	thumb_func_start task_hum_vixen_ndl_0
task_hum_vixen_ndl_0: @ 080554A4
	push {r4, r5, r6, lr}
	adds r6, r0, #0x0
	adds r5, r1, #0x0
	ldr r0, _08055520 @ =0x08F6DCA4
	movs r1, #0x20
	bl func_08002A14
	str r0, [r6, #0x04]
	ldr r0, [r5, #0x18]
	str r0, [r6, #0x00]
	adds r4, r6, #0x0
	adds r4, #0x08
	ldr r1, _08055524 @ =0x09EE26B0
	ldr r2, _08055528 @ =0x09EE2690
	adds r0, r4, #0x0
	bl func_08005968
	adds r0, r4, #0x0
	movs r1, #0x00
	movs r2, #0x00
	bl func_080059A4
	ldrh r1, [r5, #0x12]
	adds r0, r6, #0x0
	adds r0, #0x2C
	movs r4, #0x00
	strb r1, [r0, #0x00]
	ldr r0, [r5, #0x00]
	str r0, [r6, #0x20]
	bl func_080065A4
	lsls r0, r0, #0x10
	lsrs r0, r0, #0x10
	movs r1, #0x0B
	bl func_0811D7CC
	lsls r0, r0, #0x10
	lsrs r0, r0, #0x08
	ldr r1, _0805552C @ =0xFFFFFB00
	adds r0, r0, r1
	ldr r1, [r5, #0x04]
	adds r1, r1, r0
	str r1, [r6, #0x24]
	ldr r0, [r5, #0x08]
	str r0, [r6, #0x28]
	adds r0, r6, #0x0
	adds r0, #0x2D
	strb r4, [r0, #0x00]
	ldr r0, _08055530 @ =0x00000286
	bl func_0811FE70
	bl func_080065A4
	movs r1, #0x01
	ands r1, r0
	cmp r1, #0x00
	beq _08055534
	adds r1, r6, #0x0
	adds r1, #0x2E
	movs r0, #0x01
	strb r0, [r1, #0x00]
	b _0805553A
_08055520: .4byte 0x08F6DCA4
_08055524: .4byte 0x09EE26B0
_08055528: .4byte 0x09EE2690
_0805552C: .4byte 0xFFFFFB00
_08055530: .4byte 0x00000286
_08055534:
	adds r0, r6, #0x0
	adds r0, #0x2E
	strb r1, [r0, #0x00]
_0805553A:
	pop {r4, r5, r6}
	pop {r0}
	bx r0
	thumb_func_start task_hum_vixen_ndl_1
task_hum_vixen_ndl_1: @ 08055540
	push {r4, r5, lr}
	add sp, #-0x00C
	adds r5, r0, #0x0
	ldr r0, _08055570 @ =0x02039B84
	ldr r0, [r0, #0x00]
	ldr r1, [r0, #0x6C]
	ldr r0, [r0, #0x68]
	movs r2, #0x40
	ands r0, r2
	movs r1, #0x00
	orrs r0, r1
	cmp r0, #0x00
	beq _0805556A
	adds r4, r5, #0x0
	adds r4, #0x08
	adds r0, r4, #0x0
	bl func_08005B1C
	lsls r0, r0, #0x18
	cmp r0, #0x00
	beq _08055574
_0805556A:
	movs r0, #0x00
	b _080555E2
	.byte 0x00, 0x00
_08055570: .4byte 0x02039B84
_08055574:
	adds r0, r4, #0x0
	bl func_08005B34
	lsls r0, r0, #0x10
	lsrs r0, r0, #0x10
	cmp r0, #0x02
	bgt _080555BA
	cmp r0, #0x01
	blt _080555BA
	adds r0, r5, #0x0
	adds r0, #0x2D
	ldrb r0, [r0, #0x00]
	cmp r0, #0x00
	bne _080555BA
	ldr r0, _080555EC @ =0x03007480
	ldr r0, [r0, #0x00]
	movs r1, #0x07
	ands r0, r1
	adds r1, r5, #0x0
	adds r1, #0x2C
	ldrb r1, [r1, #0x00]
	cmp r0, r1
	bne _080555BA
	movs r0, #0x9D
	lsls r0, r0, #0x01
	ldr r1, [r5, #0x20]
	ldr r2, [r5, #0x24]
	movs r3, #0x04
	str r3, [sp, #0x000]
	str r3, [sp, #0x004]
	movs r3, #0x10
	str r3, [sp, #0x008]
	movs r3, #0x00
	bl func_08011F78
_080555BA:
	ldr r0, _080555F0 @ =0x02039B84
	ldr r0, [r0, #0x00]
	ldr r0, [r0, #0x7C]
	ldr r1, [r0, #0x38]
	ldr r0, [r0, #0x34]
	movs r2, #0x80
	lsls r2, r2, #0x06
	ands r0, r2
	movs r1, #0x00
	orrs r0, r1
	cmp r0, #0x00
	beq _080555DA
	adds r1, r5, #0x0
	adds r1, #0x2D
	movs r0, #0x01
	strb r0, [r1, #0x00]
_080555DA:
	adds r0, r4, #0x0
	bl func_08005A64
	movs r0, #0x01
_080555E2:
	add sp, #0x00C
	pop {r4, r5}
	pop {r1}
	bx r1
	.byte 0x00, 0x00
_080555EC: .4byte 0x03007480
_080555F0: .4byte 0x02039B84
	thumb_func_start task_hum_vixen_ndl_2
task_hum_vixen_ndl_2: @ 080555F4
	push {r4, r5, r6, r7, lr}
	add sp, #-0x014
	adds r5, r0, #0x0
	adds r0, #0x08
	bl func_08005AFC
	adds r7, r0, #0x0
	ldr r0, [r5, #0x24]
	bl func_0801AF1C
	lsls r0, r0, #0x10
	lsrs r6, r0, #0x10
	adds r0, r5, #0x0
	adds r0, #0x2E
	ldrb r0, [r0, #0x00]
	cmp r0, #0x00
	beq _0805561A
	movs r0, #0x01
	orrs r6, r0
_0805561A:
	mov r4, sp
	adds r4, #0x12
	ldr r2, [r5, #0x20]
	ldr r3, [r5, #0x24]
	ldr r0, [r5, #0x28]
	str r0, [sp, #0x000]
	add r0, sp, #0x010
	adds r1, r4, #0x0
	bl func_0801909C
	add r0, sp, #0x010
	movs r1, #0x00
	ldsh r0, [r0, r1]
	movs r2, #0x00
	ldsh r1, [r4, r2]
	ldr r3, [r5, #0x00]
	ldr r2, [r5, #0x04]
	str r2, [sp, #0x000]
	movs r2, #0x00
	str r2, [sp, #0x004]
	str r6, [sp, #0x008]
	ldr r4, [r5, #0x24]
	asrs r4, r4, #0x08
	lsls r4, r4, #0x02
	ldr r5, _08055664 @ =0xFFFFEFFC
	adds r2, r5, #0x0
	subs r2, r2, r4
	lsls r2, r2, #0x10
	lsrs r2, r2, #0x10
	str r2, [sp, #0x00C]
	adds r2, r7, #0x0
	bl func_080023E0
	add sp, #0x014
	pop {r4, r5, r6, r7}
	pop {r0}
	bx r0
_08055664: .4byte 0xFFFFEFFC
	thumb_func_start task_hum_vixen_ndl_3
task_hum_vixen_ndl_3: @ 08055668
	push {lr}
	ldr r0, [r0, #0x04]
	bl func_08002C10
	pop {r0}
	bx r0
	thumb_func_start task_hum_vixen_ice_0
task_hum_vixen_ice_0: @ 08055674
	push {r4, r5, lr}
	adds r4, r0, #0x0
	adds r5, r1, #0x0
	ldr r0, _080556CC @ =0x08F6DCA4
	movs r1, #0x20
	bl func_08002A14
	str r0, [r4, #0x08]
	ldr r0, _080556D0 @ =0x08EE4264
	movs r1, #0x80
	lsls r1, r1, #0x04
	bl func_080026A4
	str r0, [r4, #0x04]
	str r5, [r4, #0x24]
	movs r0, #0x03
	str r0, [r4, #0x00]
	adds r5, r4, #0x0
	adds r5, #0x0C
	ldr r1, _080556D4 @ =0x09EE26CC
	ldr r2, _080556D8 @ =0x09EE26B4
	adds r0, r5, #0x0
	bl func_08005968
	adds r0, r5, #0x0
	movs r1, #0x00
	movs r2, #0x00
	bl func_080059A4
	adds r4, #0x28
	adds r0, r4, #0x0
	movs r1, #0x0C
	movs r2, #0x1B
	movs r3, #0x01
	bl func_080122AC
	adds r0, r4, #0x0
	movs r1, #0x01
	bl func_08012614
	pop {r4, r5}
	pop {r0}
	bx r0
	.byte 0x00, 0x00
_080556CC: .4byte 0x08F6DCA4
_080556D0: .4byte 0x08EE4264
_080556D4: .4byte 0x09EE26CC
_080556D8: .4byte 0x09EE26B4
	thumb_func_start task_hum_vixen_ice_1
task_hum_vixen_ice_1: @ 080556DC
	push {r4, r5, r6, r7, lr}
	adds r5, r0, #0x0
	ldr r0, [r5, #0x24]
	ldrb r4, [r0, #0x01]
	cmp r4, #0x00
	bne _08055710
	ldrb r0, [r0, #0x00]
	cmp r0, #0x00
	bne _080556F0
	b _080558D0
_080556F0:
	ldr r0, [r5, #0x08]
	ldrh r0, [r0, #0x06]
	adds r0, #0x10
	lsls r0, r0, #0x10
	lsrs r0, r0, #0x10
	movs r1, #0x01
	bl func_080062F4
	ldr r0, [r5, #0x24]
	strb r4, [r0, #0x00]
	adds r0, r5, #0x0
	adds r0, #0x28
	movs r1, #0x01
	bl func_08012614
	b _080558D0
_08055710:
	ldrb r0, [r0, #0x00]
	cmp r0, #0x00
	beq _0805577A
	ldr r0, [r5, #0x08]
	ldrh r0, [r0, #0x06]
	adds r0, #0x10
	lsls r0, r0, #0x10
	lsrs r0, r0, #0x10
	movs r1, #0x00
	bl func_080062F4
	ldr r1, [r5, #0x24]
	movs r0, #0x00
	strb r0, [r1, #0x00]
	str r0, [r5, #0x00]
	adds r1, r5, #0x0
	adds r1, #0x84
	strh r0, [r1, #0x00]
	adds r1, #0x08
	movs r0, #0x0A
	str r0, [r1, #0x00]
	bl func_080065A4
	lsls r0, r0, #0x10
	lsrs r0, r0, #0x10
	movs r1, #0x03
	bl func_0811D7CC
	lsls r0, r0, #0x10
	lsrs r0, r0, #0x10
	cmp r0, #0x01
	beq _0805576A
	cmp r0, #0x01
	bgt _0805575A
	cmp r0, #0x00
	beq _08055760
	b _0805577A
_0805575A:
	cmp r0, #0x02
	beq _08055772
	b _0805577A
_08055760:
	adds r1, r5, #0x0
	adds r1, #0x90
	movs r0, #0x80
	lsls r0, r0, #0x01
	b _08055778
_0805576A:
	adds r1, r5, #0x0
	adds r1, #0x90
	movs r0, #0xC0
	b _08055778
_08055772:
	adds r1, r5, #0x0
	adds r1, #0x90
	movs r0, #0x80
_08055778:
	str r0, [r1, #0x00]
_0805577A:
	ldr r0, [r5, #0x00]
	cmp r0, #0x01
	beq _080557FC
	cmp r0, #0x01
	bcc _0805578E
	cmp r0, #0x02
	beq _0805583C
	adds r7, r5, #0x0
	adds r7, #0x0C
	b _08055870
_0805578E:
	adds r6, r5, #0x0
	adds r6, #0x84
	movs r1, #0x00
	ldsh r0, [r6, r1]
	adds r4, r5, #0x0
	adds r4, #0x86
	cmp r0, #0x00
	bne _080557A8
	movs r0, #0x1E
	strh r0, [r4, #0x00]
	ldrh r0, [r6, #0x00]
	adds r0, #0x01
	strh r0, [r6, #0x00]
_080557A8:
	adds r0, r5, #0x0
	adds r0, #0x8C
	adds r1, r5, #0x0
	adds r1, #0x90
	ldr r1, [r1, #0x00]
	ldrh r2, [r4, #0x00]
	bl func_080058FC
	ldrh r0, [r4, #0x00]
	subs r0, #0x01
	strh r0, [r4, #0x00]
	lsls r0, r0, #0x10
	adds r7, r5, #0x0
	adds r7, #0x0C
	cmp r0, #0x00
	bgt _08055870
	adds r0, r5, #0x0
	adds r0, #0x28
	movs r1, #0x00
	bl func_08012614
	movs r0, #0x01
	str r0, [r5, #0x00]
	movs r0, #0x00
	strh r0, [r6, #0x00]
	bl func_080065A4
	lsls r0, r0, #0x10
	lsrs r0, r0, #0x10
	ldr r1, _080557F8 @ =0x00000259
	bl func_0811D7CC
	movs r1, #0x96
	lsls r1, r1, #0x02
	adds r0, r0, r1
	adds r1, r5, #0x0
	adds r1, #0x88
	strh r0, [r1, #0x00]
	b _08055870
	.byte 0x00, 0x00
_080557F8: .4byte 0x00000259
_080557FC:
	adds r4, r5, #0x0
	adds r4, #0x84
	movs r1, #0x00
	ldsh r0, [r4, r1]
	adds r7, r5, #0x0
	adds r7, #0x0C
	cmp r0, #0x00
	bne _0805581C
	adds r0, r7, #0x0
	movs r1, #0x00
	movs r2, #0x00
	bl func_080059A4
	ldrh r0, [r4, #0x00]
	adds r0, #0x01
	strh r0, [r4, #0x00]
_0805581C:
	bl func_080065A4
	lsls r0, r0, #0x10
	lsrs r0, r0, #0x10
	movs r1, #0x96
	lsls r1, r1, #0x01
	bl func_0811D7CC
	lsls r0, r0, #0x10
	lsrs r1, r0, #0x10
	cmp r1, #0x00
	bne _08055870
	movs r0, #0x02
	str r0, [r5, #0x00]
	strh r1, [r4, #0x00]
	b _08055870
_0805583C:
	adds r4, r5, #0x0
	adds r4, #0x84
	movs r1, #0x00
	ldsh r0, [r4, r1]
	adds r7, r5, #0x0
	adds r7, #0x0C
	cmp r0, #0x00
	bne _0805585C
	adds r0, r7, #0x0
	movs r1, #0x01
	movs r2, #0x00
	bl func_080059A4
	ldrh r0, [r4, #0x00]
	adds r0, #0x01
	strh r0, [r4, #0x00]
_0805585C:
	adds r0, r7, #0x0
	bl func_08005B1C
	lsls r0, r0, #0x18
	cmp r0, #0x00
	beq _08055870
	movs r0, #0x01
	str r0, [r5, #0x00]
	movs r0, #0x00
	strh r0, [r4, #0x00]
_08055870:
	ldr r0, [r5, #0x00]
	cmp r0, #0x02
	bhi _080558CA
	cmp r0, #0x01
	bcc _080558CA
	adds r6, r5, #0x0
	adds r6, #0x8C
	adds r4, r5, #0x0
	adds r4, #0x88
	ldrh r2, [r4, #0x00]
	adds r0, r6, #0x0
	movs r1, #0x0A
	bl func_080058FC
	ldrh r0, [r4, #0x00]
	subs r0, #0x01
	strh r0, [r4, #0x00]
	lsls r0, r0, #0x10
	cmp r0, #0x00
	bgt _080558A4
	ldr r1, [r5, #0x24]
	movs r0, #0x00
	strb r0, [r1, #0x01]
	ldr r1, [r5, #0x24]
	movs r0, #0x01
	strb r0, [r1, #0x00]
_080558A4:
	adds r4, r5, #0x0
	adds r4, #0x28
	ldr r0, [r6, #0x00]
	lsls r1, r0, #0x03
	subs r1, r1, r0
	lsls r1, r1, #0x02
	subs r1, r1, r0
	lsls r1, r1, #0x08
	lsrs r1, r1, #0x10
	adds r0, r4, #0x0
	bl func_08012650
	ldr r0, [r5, #0x24]
	ldr r1, [r0, #0x04]
	ldr r2, [r0, #0x08]
	adds r0, r4, #0x0
	movs r3, #0x00
	bl func_08012324
_080558CA:
	adds r0, r7, #0x0
	bl func_08005A64
_080558D0:
	movs r0, #0x01
	pop {r4, r5, r6, r7}
	pop {r1}
	bx r1
	thumb_func_start task_hum_vixen_ice_2
task_hum_vixen_ice_2: @ 080558D8
	push {r4, r5, r6, r7, lr}
	add sp, #-0x014
	adds r5, r0, #0x0
	ldr r0, [r5, #0x24]
	ldrb r0, [r0, #0x01]
	cmp r0, #0x00
	beq _08055962
	adds r0, r5, #0x0
	adds r0, #0x0C
	bl func_08005AFC
	adds r7, r0, #0x0
	mov r4, sp
	adds r4, #0x12
	ldr r0, [r5, #0x24]
	ldr r2, [r0, #0x04]
	ldr r3, [r0, #0x08]
	movs r0, #0x00
	str r0, [sp, #0x000]
	add r0, sp, #0x010
	adds r1, r4, #0x0
	bl func_0801909C
	adds r1, r5, #0x0
	adds r1, #0x8C
	ldr r0, _08055930 @ =0x02039B84
	ldr r3, [r0, #0x00]
	ldr r1, [r1, #0x00]
	ldr r0, [r3, #0x24]
	muls r0, r1
	asrs r2, r0, #0x08
	ldrb r0, [r3, #0x18]
	adds r6, r4, #0x0
	cmp r0, #0x00
	bne _08055926
	movs r0, #0x80
	lsls r0, r0, #0x01
	cmp r2, r0
	ble _08055934
_08055926:
	ldrb r0, [r3, #0x18]
	adds r1, r2, #0x0
	movs r3, #0x01
	b _0805593A
	.byte 0x00, 0x00
_08055930: .4byte 0x02039B84
_08055934:
	ldrb r0, [r3, #0x18]
	adds r1, r2, #0x0
	movs r3, #0x00
_0805593A:
	bl func_08002CB4
	adds r4, r0, #0x0
	add r0, sp, #0x010
	movs r1, #0x00
	ldsh r0, [r0, r1]
	movs r2, #0x00
	ldsh r1, [r6, r2]
	ldr r3, [r5, #0x04]
	ldr r2, [r5, #0x08]
	str r2, [sp, #0x000]
	str r4, [sp, #0x004]
	movs r2, #0x80
	lsls r2, r2, #0x04
	str r2, [sp, #0x008]
	ldr r2, _0805596C @ =0x0000FFFF
	str r2, [sp, #0x00C]
	adds r2, r7, #0x0
	bl func_080023E0
_08055962:
	add sp, #0x014
	pop {r4, r5, r6, r7}
	pop {r0}
	bx r0
	.byte 0x00, 0x00
_0805596C: .4byte 0x0000FFFF
	thumb_func_start task_hum_vixen_ice_3
task_hum_vixen_ice_3: @ 08055970
	push {r4, lr}
	adds r4, r0, #0x0
	ldr r0, [r4, #0x04]
	bl func_080028C0
	ldr r0, [r4, #0x08]
	bl func_08002C10
	adds r4, #0x28
	adds r0, r4, #0x0
	bl func_08012304
	pop {r4}
	pop {r0}
	bx r0
	.byte 0x00, 0x00
	thumb_func_start task_hum_vixen_frz_0
task_hum_vixen_frz_0: @ 08055990
	push {r4, r5, r6, lr}
	add sp, #-0x004
	adds r5, r0, #0x0
	adds r6, r1, #0x0
	ldr r0, _080559D4 @ =0x08F6DCA4
	movs r1, #0x20
	bl func_08002A14
	str r0, [r5, #0x04]
	ldr r0, _080559D8 @ =0x02039B84
	ldr r2, [r0, #0x00]
	movs r1, #0x8A
	lsls r1, r1, #0x01
	adds r0, r2, r1
	ldr r0, [r0, #0x00]
	str r0, [r5, #0x00]
	ldr r0, _080559DC @ =0x02039BB0
	ldr r1, [r0, #0x08]
	movs r0, #0x08
	ands r1, r0
	cmp r1, #0x00
	beq _080559E6
	ldr r0, [r2, #0x68]
	ldr r1, [r2, #0x6C]
	movs r2, #0x80
	lsls r2, r2, #0x08
	movs r0, #0x00
	ands r1, r2
	orrs r0, r1
	cmp r0, #0x00
	beq _080559E0
	movs r0, #0x02
	strh r0, [r5, #0x32]
	b _080559E8
_080559D4: .4byte 0x08F6DCA4
_080559D8: .4byte 0x02039B84
_080559DC: .4byte 0x02039BB0
_080559E0:
	movs r0, #0x01
	strh r0, [r5, #0x32]
	b _080559E8
_080559E6:
	strh r1, [r5, #0x32]
_080559E8:
	adds r4, r5, #0x0
	adds r4, #0x08
	adds r0, r4, #0x0
	movs r1, #0x00
	movs r2, #0x00
	bl func_08005968
	ldr r0, _08055A24 @ =0x0813F91C
	ldr r1, [r5, #0x00]
	str r1, [sp, #0x000]
	adds r1, r4, #0x0
	movs r2, #0x00
	movs r3, #0x00
	bl func_08019068
	movs r3, #0x00
	str r3, [r5, #0x2C]
	ldr r0, _08055A28 @ =0x02039B84
	ldr r0, [r0, #0x00]
	ldr r0, [r0, #0x7C]
	ldr r1, [r0, #0x38]
	ldr r0, [r0, #0x34]
	movs r2, #0x04
	ands r0, r2
	movs r1, #0x00
	orrs r0, r1
	cmp r0, #0x00
	beq _08055A2C
	strh r3, [r5, #0x34]
	b _08055A30
_08055A24: .4byte 0x0813F91C
_08055A28: .4byte 0x02039B84
_08055A2C:
	movs r0, #0x01
	strh r0, [r5, #0x34]
_08055A30:
	movs r0, #0xFF
	lsls r0, r0, #0x01
	bl func_0811FE70
	ldr r0, [r6, #0x00]
	str r0, [r5, #0x20]
	ldr r0, [r6, #0x04]
	str r0, [r5, #0x24]
	ldr r0, [r6, #0x08]
	str r0, [r5, #0x28]
	add sp, #0x004
	pop {r4, r5, r6}
	pop {r0}
	bx r0
	thumb_func_start task_hum_vixen_frz_1
task_hum_vixen_frz_1: @ 08055A4C
	push {r4, r5, r6, r7, lr}
	add sp, #-0x048
	adds r6, r0, #0x0
	ldr r0, _08055A7C @ =0x02039B84
	ldr r0, [r0, #0x00]
	ldr r1, [r0, #0x6C]
	ldr r0, [r0, #0x68]
	movs r2, #0x40
	ands r0, r2
	movs r1, #0x00
	orrs r0, r1
	cmp r0, #0x00
	bne _08055A68
	b _08055D90
_08055A68:
	ldr r0, [r6, #0x2C]
	cmp r0, #0x06
	bls _08055A70
	b _08055D98
_08055A70:
	lsls r0, r0, #0x02
	ldr r1, _08055A80 @ =0x08055A84
	adds r0, r0, r1
	ldr r0, [r0, #0x00]
	mov pc, r0
	.byte 0x00, 0x00
_08055A7C: .4byte 0x02039B84
_08055A80: .4byte 0x08055A84
	.byte 0x7A, 0x5C, 0x05, 0x08, 0xA0, 0x5A, 0x05, 0x08, 0x32, 0x5B, 0x05, 0x08, 0xCA, 0x5B, 0x05, 0x08
	.byte 0xF0, 0x5C, 0x05, 0x08, 0x2A, 0x5D, 0x05, 0x08, 0x86, 0x5D, 0x05, 0x08, 0x30, 0x21, 0x70, 0x5E
	.byte 0x00, 0x28, 0x28, 0xD1, 0x70, 0x8E, 0x01, 0x28, 0x10, 0xD0, 0x01, 0x28, 0x02, 0xDC, 0x00, 0x28
	.byte 0x03, 0xD0, 0x20, 0xE0, 0x02, 0x28, 0x15, 0xD0, 0x1D, 0xE0, 0x03, 0x48, 0x31, 0x1C, 0x08, 0x31
	.byte 0x32, 0x68, 0x00, 0x92, 0x02, 0x22, 0x07, 0xE0, 0x1C, 0xF9, 0x13, 0x08, 0x04, 0x48, 0x31, 0x1C
	.byte 0x08, 0x31, 0x32, 0x68, 0x00, 0x92, 0x07, 0x22, 0x00, 0x23, 0xC3, 0xF7, 0xC3, 0xFA, 0x0A, 0xE0
	.byte 0x1C, 0xF9, 0x13, 0x08, 0x0E, 0x48, 0x31, 0x1C, 0x08, 0x31, 0x32, 0x68, 0x00, 0x92, 0x0A, 0x22
	.byte 0x00, 0x23, 0xC3, 0xF7, 0xB7, 0xFA, 0x0B, 0x48, 0x00, 0x68, 0xC1, 0x6F, 0x48, 0x68, 0x30, 0x62
	.byte 0x88, 0x68, 0x70, 0x62, 0xC8, 0x68, 0xB0, 0x62, 0x30, 0x1C, 0x08, 0x30, 0xB0, 0xF7, 0x04, 0xF8
	.byte 0x00, 0x06, 0x00, 0x28, 0x08, 0xD0, 0x02, 0x20, 0xF0, 0x62, 0x00, 0x20, 0x39, 0xE1, 0x00, 0x00
	.byte 0x1C, 0xF9, 0x13, 0x08, 0x84, 0x9B, 0x03, 0x02, 0x30, 0x8E, 0x01, 0x30, 0x31, 0xE1, 0x30, 0x22
	.byte 0xB0, 0x5E, 0x00, 0x28, 0x29, 0xD1, 0x70, 0x8E, 0x01, 0x28, 0x11, 0xD0, 0x01, 0x28, 0x02, 0xDC
	.byte 0x00, 0x28, 0x03, 0xD0, 0x21, 0xE0, 0x02, 0x28, 0x16, 0xD0, 0x1E, 0xE0, 0x03, 0x48, 0x31, 0x1C
	.byte 0x08, 0x31, 0x32, 0x68, 0x00, 0x92, 0x04, 0x22, 0x08, 0xE0, 0x00, 0x00, 0x1C, 0xF9, 0x13, 0x08
	.byte 0x04, 0x48, 0x31, 0x1C, 0x08, 0x31, 0x32, 0x68, 0x00, 0x92, 0x08, 0x22, 0x00, 0x23, 0xC3, 0xF7
	.byte 0x79, 0xFA, 0x0A, 0xE0, 0x1C, 0xF9, 0x13, 0x08, 0x0F, 0x48, 0x31, 0x1C, 0x08, 0x31, 0x32, 0x68
	.byte 0x00, 0x92, 0x0B, 0x22, 0x00, 0x23, 0xC3, 0xF7, 0x6D, 0xFA, 0x0C, 0x48, 0x02, 0x68, 0xD1, 0x6F
	.byte 0x48, 0x68, 0x30, 0x62, 0x88, 0x68, 0x70, 0x62, 0xC8, 0x68, 0xB0, 0x62, 0x90, 0x6E, 0xD1, 0x6E
	.byte 0x80, 0x22, 0x52, 0x03, 0x10, 0x40, 0x00, 0x21, 0x08, 0x43, 0x00, 0x28, 0x08, 0xD0, 0x03, 0x20
	.byte 0xF0, 0x62, 0x00, 0x20, 0xED, 0xE0, 0x00, 0x00, 0x1C, 0xF9, 0x13, 0x08, 0x84, 0x9B, 0x03, 0x02
	.byte 0x30, 0x8E, 0x01, 0x30, 0xE5, 0xE0, 0x30, 0x21, 0x70, 0x5E, 0x00, 0x28, 0x29, 0xD1, 0x70, 0x8E
	.byte 0x01, 0x28, 0x11, 0xD0, 0x01, 0x28, 0x02, 0xDC, 0x00, 0x28, 0x03, 0xD0, 0x21, 0xE0, 0x02, 0x28
	.byte 0x16, 0xD0, 0x1E, 0xE0, 0x03, 0x48, 0x31, 0x1C, 0x08, 0x31, 0x32, 0x68, 0x00, 0x92, 0x06, 0x22
	.byte 0x08, 0xE0, 0x00, 0x00, 0x1C, 0xF9, 0x13, 0x08, 0x04, 0x48, 0x31, 0x1C, 0x08, 0x31, 0x32, 0x68
	.byte 0x00, 0x92, 0x09, 0x22, 0x00, 0x23, 0xC3, 0xF7, 0x2D, 0xFA, 0x0A, 0xE0, 0x1C, 0xF9, 0x13, 0x08
	.byte 0x14, 0x48, 0x31, 0x1C, 0x08, 0x31, 0x32, 0x68, 0x00, 0x92, 0x0C, 0x22, 0x00, 0x23, 0xC3, 0xF7
	.byte 0x21, 0xFA, 0x11, 0x4C, 0x20, 0x68, 0xC1, 0x6F, 0x48, 0x68, 0x30, 0x62, 0x88, 0x68, 0x70, 0x62
	.byte 0xC8, 0x68, 0xB0, 0x62, 0x30, 0x1C, 0x08, 0x30, 0xAF, 0xF7, 0x6E, 0xFF, 0x00, 0x06, 0x00, 0x28
	.byte 0x16, 0xD0, 0x30, 0x6A, 0x02, 0x90, 0x70, 0x6A, 0x03, 0x90, 0xB0, 0x6A, 0x04, 0x90, 0x20, 0x68
	.byte 0x2C, 0x30, 0x06, 0x49, 0x02, 0xAA, 0xAB, 0xF7, 0xDB, 0xF8, 0x06, 0x20, 0xF0, 0x62, 0x00, 0x20
	.byte 0x97, 0xE0, 0x00, 0x00, 0x1C, 0xF9, 0x13, 0x08, 0x84, 0x9B, 0x03, 0x02, 0x10, 0xB7, 0xED, 0x09
	.byte 0x30, 0x8E, 0x01, 0x30, 0x8D, 0xE0, 0x30, 0x1C, 0x08, 0x30, 0xAF, 0xF7, 0x4D, 0xFF, 0x00, 0x06
	.byte 0x00, 0x28, 0x00, 0xD1, 0x86, 0xE0, 0x30, 0x6A, 0x71, 0x6A, 0xB2, 0x6A, 0x08, 0x23, 0x00, 0x93
	.byte 0x01, 0x27, 0x01, 0x97, 0xBC, 0xF7, 0xD0, 0xF8, 0x00, 0x06, 0x01, 0x0E, 0x00, 0x29, 0x21, 0xD0
	.byte 0x0C, 0x48, 0x05, 0x68, 0xEC, 0x6F, 0x30, 0x6A, 0x60, 0x60, 0x70, 0x6A, 0xA0, 0x60, 0xB0, 0x6A
	.byte 0xE0, 0x60, 0x60, 0x6B, 0xA1, 0x6B, 0x08, 0x4A, 0x08, 0x4B, 0x10, 0x43, 0x19, 0x43, 0x60, 0x63
	.byte 0xA1, 0x63, 0xF7, 0x62, 0xA8, 0x6E, 0xE9, 0x6E, 0x05, 0x4A, 0x10, 0x40, 0xA8, 0x66, 0xE9, 0x66
	.byte 0x00, 0x20, 0x5E, 0xE0, 0x84, 0x9B, 0x03, 0x02, 0x00, 0x02, 0x00, 0x00, 0x00, 0x10, 0x00, 0x00
	.byte 0xFF, 0xFF, 0xEF, 0xFF, 0x04, 0x20, 0xF0, 0x62, 0x31, 0x86, 0x53, 0xE0, 0x30, 0x22, 0xB0, 0x5E
	.byte 0x00, 0x28, 0x08, 0xD1, 0x09, 0x48, 0x31, 0x1C, 0x08, 0x31, 0x32, 0x68, 0x00, 0x92, 0x01, 0x22
	.byte 0x00, 0x23, 0xC3, 0xF7, 0xAF, 0xF9, 0x30, 0x1C, 0x08, 0x30, 0xAF, 0xF7, 0x05, 0xFF, 0x00, 0x06
	.byte 0x00, 0x28, 0x05, 0xD0, 0x05, 0x20, 0xF0, 0x62, 0x00, 0x20, 0x3A, 0xE0, 0x1C, 0xF9, 0x13, 0x08
	.byte 0x30, 0x8E, 0x01, 0x30, 0x35, 0xE0, 0x30, 0x21, 0x70, 0x5E, 0x00, 0x28, 0x08, 0xD1, 0x10, 0x48
	.byte 0x31, 0x1C, 0x08, 0x31, 0x32, 0x68, 0x00, 0x92, 0x05, 0x22, 0x00, 0x23, 0xC3, 0xF7, 0x92, 0xF9
	.byte 0x30, 0x1C, 0x08, 0x30, 0xAF, 0xF7, 0xE8, 0xFE, 0x00, 0x06, 0x00, 0x28, 0x16, 0xD0, 0x0A, 0xAA
	.byte 0x30, 0x6A, 0x0A, 0x90, 0x70, 0x6A, 0x50, 0x60, 0xB0, 0x6A, 0x90, 0x60, 0x05, 0x48, 0x00, 0x68
	.byte 0x2C, 0x30, 0x05, 0x49, 0xAB, 0xF7, 0x54, 0xF8, 0x06, 0x20, 0xF0, 0x62, 0x00, 0x20, 0x10, 0xE0
	.byte 0x1C, 0xF9, 0x13, 0x08, 0x84, 0x9B, 0x03, 0x02, 0x10, 0xB7, 0xED, 0x09, 0x30, 0x8E, 0x01, 0x30
	.byte 0x07, 0xE0, 0x31, 0x8E, 0x30, 0x22, 0xB0, 0x5E, 0x50, 0x28, 0x01, 0xDD
_08055D90:
	movs r0, #0x00
	b _08055DA2
	.byte 0x48, 0x1C, 0x30, 0x86
_08055D98:
	adds r0, r6, #0x0
	adds r0, #0x08
	bl func_08005A64
	movs r0, #0x01
_08055DA2:
	add sp, #0x048
	pop {r4, r5, r6, r7}
	pop {r1}
	bx r1
	.byte 0x00, 0x00
	thumb_func_start task_hum_vixen_frz_2
task_hum_vixen_frz_2: @ 08055DAC
	push {r4, r5, r6, r7, lr}
	add sp, #-0x014
	adds r7, r0, #0x0
	ldr r0, [r7, #0x2C]
	cmp r0, #0x06
	beq _08055E14
	adds r0, r7, #0x0
	adds r0, #0x08
	bl func_08005AFC
	adds r6, r0, #0x0
	ldr r0, [r7, #0x24]
	bl func_0801AF1C
	adds r4, r0, #0x0
	ldrh r0, [r7, #0x34]
	orrs r4, r0
	lsls r4, r4, #0x10
	lsrs r4, r4, #0x10
	mov r5, sp
	adds r5, #0x12
	ldr r2, [r7, #0x20]
	ldr r3, [r7, #0x24]
	ldr r0, [r7, #0x28]
	str r0, [sp, #0x000]
	add r0, sp, #0x010
	adds r1, r5, #0x0
	bl func_0801909C
	add r0, sp, #0x010
	movs r1, #0x00
	ldsh r0, [r0, r1]
	movs r2, #0x00
	ldsh r1, [r5, r2]
	ldr r3, [r7, #0x00]
	ldr r2, [r7, #0x04]
	str r2, [sp, #0x000]
	movs r2, #0x00
	str r2, [sp, #0x004]
	str r4, [sp, #0x008]
	ldr r4, [r7, #0x24]
	asrs r4, r4, #0x08
	lsls r4, r4, #0x02
	ldr r5, _08055E1C @ =0xFFFFEFFC
	adds r2, r5, #0x0
	subs r2, r2, r4
	lsls r2, r2, #0x10
	lsrs r2, r2, #0x10
	str r2, [sp, #0x00C]
	adds r2, r6, #0x0
	bl func_080023E0
_08055E14:
	add sp, #0x014
	pop {r4, r5, r6, r7}
	pop {r0}
	bx r0
_08055E1C: .4byte 0xFFFFEFFC
	thumb_func_start task_hum_vixen_frz_3
task_hum_vixen_frz_3: @ 08055E20
	push {lr}
	ldr r0, [r0, #0x04]
	bl func_08002C10
	pop {r0}
	bx r0
	thumb_func_start task_hum_vixen_frg_0
task_hum_vixen_frg_0: @ 08055E2C
	push {r4, r5, r6, r7, lr}
	mov r7, r8
	push {r7}
	adds r4, r0, #0x0
	adds r7, r1, #0x0
	ldr r0, _08055F18 @ =0x02039B84
	ldr r0, [r0, #0x00]
	movs r1, #0x8A
	lsls r1, r1, #0x01
	adds r0, r0, r1
	ldr r0, [r0, #0x00]
	ldrh r1, [r0, #0x06]
	ldr r2, _08055F1C @ =0x08C1E78C
	movs r3, #0x98
	lsls r3, r3, #0x03
	adds r0, r4, #0x0
	bl func_0800380C
	str r4, [r4, #0x30]
	ldr r0, _08055F20 @ =0x08F6DCA4
	movs r1, #0x20
	bl func_08002A14
	str r0, [r4, #0x34]
	movs r1, #0x00
	movs r0, #0x00
	strh r0, [r4, #0x38]
	movs r2, #0x87
	lsls r2, r2, #0x02
	adds r0, r4, r2
	strb r1, [r0, #0x00]
	movs r6, #0x00
	ldr r0, _08055F24 @ =0x08121400
	mov r8, r0
	adds r5, r4, #0x0
	adds r5, #0x3C
_08055E74:
	lsls r2, r6, #0x03
	ldr r0, _08055F28 @ =0x0813FA00
	adds r2, r2, r0
	movs r0, #0x00
	ldsh r1, [r2, r0]
	lsls r1, r1, #0x08
	ldr r0, [r7, #0x00]
	adds r0, r0, r1
	str r0, [r5, #0x04]
	ldr r0, [r7, #0x04]
	str r0, [r5, #0x08]
	movs r0, #0x02
	ldsh r1, [r2, r0]
	lsls r1, r1, #0x08
	ldr r0, [r7, #0x08]
	adds r0, r0, r1
	str r0, [r5, #0x0C]
	ldrh r0, [r2, #0x06]
	strh r0, [r5, #0x1C]
	ldr r1, _08055F2C @ =0x09EE218C
	ldrh r0, [r2, #0x04]
	lsls r0, r0, #0x02
	adds r0, r0, r1
	ldr r0, [r0, #0x00]
	str r0, [r5, #0x00]
	bl func_080065A4
	lsls r0, r0, #0x10
	lsrs r0, r0, #0x10
	ldr r1, _08055F30 @ =0x00000401
	bl func_0811D7CC
	lsls r0, r0, #0x10
	lsrs r0, r0, #0x10
	ldr r1, _08055F34 @ =0xFFFFFB00
	adds r0, r0, r1
	str r0, [r5, #0x10]
	bl func_080065A4
	adds r4, r0, #0x0
	lsls r4, r4, #0x18
	lsrs r4, r4, #0x18
	bl func_080065A4
	lsls r0, r0, #0x10
	lsrs r0, r0, #0x10
	movs r1, #0xE0
	lsls r1, r1, #0x02
	bl func_0811D7CC
	lsls r0, r0, #0x10
	lsrs r0, r0, #0x10
	lsls r1, r4, #0x01
	add r1, r8
	movs r2, #0x00
	ldsh r1, [r1, r2]
	muls r1, r0
	asrs r1, r1, #0x08
	str r1, [r5, #0x14]
	adds r4, #0x40
	lsls r4, r4, #0x01
	add r4, r8
	movs r2, #0x00
	ldsh r1, [r4, r2]
	negs r1, r1
	asrs r0, r0, #0x01
	muls r0, r1
	asrs r0, r0, #0x08
	str r0, [r5, #0x18]
	adds r5, #0x20
	adds r6, #0x01
	cmp r6, #0x0E
	ble _08055E74
	movs r0, #0xA8
	lsls r0, r0, #0x02
	bl func_0811FE70
	pop {r3}
	mov r8, r3
	pop {r4, r5, r6, r7}
	pop {r0}
	bx r0
_08055F18: .4byte 0x02039B84
_08055F1C: .4byte 0x08C1E78C
_08055F20: .4byte 0x08F6DCA4
_08055F24: .4byte 0x08121400
_08055F28: .4byte 0x0813FA00
_08055F2C: .4byte 0x09EE218C
_08055F30: .4byte 0x00000401
_08055F34: .4byte 0xFFFFFB00
	thumb_func_start task_hum_vixen_frg_1
task_hum_vixen_frg_1: @ 08055F38
	push {r4, r5, r6, r7, lr}
	mov r7, r9
	mov r6, r8
	push {r6, r7}
	mov r9, r0
	ldr r0, _08055FE8 @ =0x02039B84
	ldr r0, [r0, #0x00]
	ldr r1, [r0, #0x6C]
	ldr r0, [r0, #0x68]
	movs r2, #0x80
	lsls r2, r2, #0x0E
	ands r0, r2
	movs r1, #0x00
	orrs r0, r1
	cmp r0, #0x00
	bne _08055FEC
	mov r6, r9
	adds r6, #0x44
	mov r4, r9
	adds r4, #0x40
	movs r0, #0x0E
	mov r8, r0
_08055F64:
	ldr r0, [r4, #0x00]
	ldr r5, [r4, #0x10]
	adds r0, r0, r5
	str r0, [r4, #0x00]
	ldr r0, [r4, #0x04]
	ldr r3, [r4, #0x14]
	adds r0, r0, r3
	str r0, [r4, #0x04]
	ldr r1, [r4, #0x08]
	ldr r2, [r4, #0x0C]
	adds r1, r1, r2
	str r1, [r4, #0x08]
	ldr r0, _08055FE8 @ =0x02039B84
	ldr r0, [r0, #0x00]
	movs r7, #0x96
	lsls r7, r7, #0x01
	adds r0, r0, r7
	ldr r0, [r0, #0x00]
	adds r2, r2, r0
	str r2, [r4, #0x0C]
	cmp r1, #0x00
	ble _08055FA2
	movs r0, #0x00
	str r0, [r4, #0x08]
	asrs r0, r2, #0x01
	negs r0, r0
	str r0, [r4, #0x0C]
	asrs r0, r5, #0x01
	str r0, [r4, #0x10]
	asrs r0, r3, #0x01
	str r0, [r4, #0x14]
_08055FA2:
	adds r0, r4, #0x0
	adds r1, r6, #0x0
	movs r2, #0x00
	movs r3, #0x00
	bl func_0801A8A4
	adds r6, #0x20
	adds r4, #0x20
	movs r0, #0x01
	negs r0, r0
	add r8, r0
	mov r1, r8
	cmp r1, #0x00
	bge _08055F64
	mov r2, r9
	ldrh r0, [r2, #0x38]
	adds r0, #0x01
	strh r0, [r2, #0x38]
	lsls r0, r0, #0x10
	asrs r0, r0, #0x10
	cmp r0, #0x32
	bne _08055FD8
	movs r1, #0x87
	lsls r1, r1, #0x02
	add r1, r9
	movs r0, #0x01
	strb r0, [r1, #0x00]
_08055FD8:
	mov r7, r9
	movs r1, #0x38
	ldsh r0, [r7, r1]
	cmp r0, #0x46
	bgt _08055FEC
	movs r0, #0x01
	b _08055FEE
	.byte 0x00, 0x00
_08055FE8: .4byte 0x02039B84
_08055FEC:
	movs r0, #0x00
_08055FEE:
	pop {r3, r4}
	mov r8, r3
	mov r9, r4
	pop {r4, r5, r6, r7}
	pop {r1}
	bx r1
	.byte 0x00, 0x00
	thumb_func_start task_hum_vixen_frg_2
task_hum_vixen_frg_2: @ 08055FFC
	push {r4, r5, r6, r7, lr}
	mov r7, r9
	mov r6, r8
	push {r6, r7}
	add sp, #-0x014
	adds r7, r0, #0x0
	movs r1, #0x87
	lsls r1, r1, #0x02
	adds r0, r7, r1
	ldrb r0, [r0, #0x00]
	cmp r0, #0x00
	beq _0805601E
	ldrh r1, [r7, #0x38]
	movs r0, #0x01
	ands r0, r1
	cmp r0, #0x00
	bne _0805608E
_0805601E:
	movs r2, #0x12
	add r2, sp
	mov r8, r2
	adds r6, r7, #0x0
	adds r6, #0x3C
	movs r3, #0x0E
	mov r9, r3
_0805602C:
	ldr r0, [r6, #0x08]
	bl func_0801AF1C
	adds r5, r0, #0x0
	ldrh r0, [r6, #0x1C]
	orrs r5, r0
	lsls r5, r5, #0x10
	lsrs r5, r5, #0x10
	ldr r2, [r6, #0x04]
	ldr r3, [r6, #0x08]
	ldr r0, [r6, #0x0C]
	str r0, [sp, #0x000]
	add r0, sp, #0x010
	mov r1, r8
	bl func_0801909C
	add r0, sp, #0x010
	movs r1, #0x00
	ldsh r0, [r0, r1]
	mov r2, r8
	movs r3, #0x00
	ldsh r1, [r2, r3]
	ldr r2, [r6, #0x00]
	ldr r3, [r7, #0x30]
	ldr r4, [r7, #0x34]
	str r4, [sp, #0x000]
	movs r4, #0x00
	str r4, [sp, #0x004]
	str r5, [sp, #0x008]
	ldr r5, [r6, #0x08]
	asrs r5, r5, #0x08
	lsls r5, r5, #0x02
	mov r12, r5
	ldr r5, _0805609C @ =0xFFFFEFFC
	adds r4, r5, #0x0
	mov r5, r12
	subs r4, r4, r5
	lsls r4, r4, #0x10
	lsrs r4, r4, #0x10
	str r4, [sp, #0x00C]
	bl func_080023E0
	adds r6, #0x20
	movs r0, #0x01
	negs r0, r0
	add r9, r0
	mov r1, r9
	cmp r1, #0x00
	bge _0805602C
_0805608E:
	add sp, #0x014
	pop {r3, r4}
	mov r8, r3
	mov r9, r4
	pop {r4, r5, r6, r7}
	pop {r0}
	bx r0
_0805609C: .4byte 0xFFFFEFFC
	thumb_func_start task_hum_vixen_frg_3
task_hum_vixen_frg_3: @ 080560A0
	push {lr}
	ldr r0, [r0, #0x34]
	bl func_08002C10
	pop {r0}
	bx r0
	.byte 0x10, 0xB5, 0x84, 0x46, 0x0C, 0x1C, 0x00, 0x2C, 0x18, 0xD0, 0x63, 0x46, 0x40, 0x33, 0x0D, 0x4A
	.byte 0x0D, 0x48, 0x00, 0x68, 0x80, 0x00, 0xFF, 0x21, 0x08, 0x40, 0x40, 0x00, 0x80, 0x18, 0x00, 0x22
	.byte 0x81, 0x5E, 0x48, 0x00, 0x40, 0x18, 0x20, 0x18, 0xAC, 0x22, 0x52, 0x00, 0x62, 0x44, 0x00, 0x21
	.byte 0x11, 0x60, 0xD9, 0x68, 0x40, 0x1A, 0x00, 0x11, 0x09, 0x18, 0xD9, 0x60, 0x10, 0xBC, 0x01, 0xBC
	.byte 0x00, 0x47, 0x00, 0x00, 0x00, 0x14, 0x12, 0x08, 0x80, 0x74, 0x00, 0x03
	thumb_func_start task_hum_lexceus_0
task_hum_lexceus_0: @ 080560F8
	push {r4, lr}
	adds r4, r0, #0x0
	ldr r1, _08056150 @ =0x0813FB38
	bl func_0800E168
	movs r1, #0xE5
	lsls r1, r1, #0x01
	adds r0, r4, r1
	movs r1, #0x00
	strh r1, [r0, #0x00]
	movs r2, #0xE2
	lsls r2, r2, #0x01
	adds r0, r4, r2
	str r1, [r0, #0x00]
	adds r2, #0x08
	adds r0, r4, r2
	strh r1, [r0, #0x00]
	adds r2, #0x2C
	adds r0, r4, r2
	strh r1, [r0, #0x00]
	subs r2, #0x08
	adds r0, r4, r2
	str r1, [r0, #0x00]
	adds r2, #0x04
	adds r0, r4, r2
	str r1, [r0, #0x00]
	adds r2, #0x08
	adds r0, r4, r2
	str r1, [r0, #0x00]
	movs r0, #0xC2
	lsls r0, r0, #0x01
	adds r1, r4, r0
	ldr r0, _08056154 @ =0x0813FA8C
	str r0, [r1, #0x00]
	movs r1, #0xEC
	lsls r1, r1, #0x01
	adds r0, r4, r1
	movs r1, #0x03
	bl func_08000E64
	pop {r4}
	pop {r0}
	bx r0
	.byte 0x00, 0x00
_08056150: .4byte 0x0813FB38
_08056154: .4byte 0x0813FA8C
	thumb_func_start task_hum_lexceus_1
task_hum_lexceus_1: @ 08056158
	push {r4, r5, r6, r7, lr}
	mov r7, r9
	mov r6, r8
	push {r6, r7}
	add sp, #-0x05C
	adds r5, r0, #0x0
	adds r6, r5, #0x0
	adds r7, r5, #0x0
	adds r7, #0x40
	ldr r0, _080561B8 @ =0x02039B84
	ldr r0, [r0, #0x00]
	ldr r0, [r0, #0x7C]
	mov r9, r0
	add r1, sp, #0x04C
	add r2, sp, #0x050
	add r3, sp, #0x054
	adds r0, r7, #0x0
	bl func_0801C700
	adds r0, r5, #0x0
	bl _0800E434
	cmp r0, #0x04
	beq _080561F8
	cmp r0, #0x05
	bne _08056236
	movs r1, #0xA8
	lsls r1, r1, #0x01
	adds r0, r5, r1
	movs r1, #0x00
	strh r1, [r0, #0x00]
	movs r2, #0xA9
	lsls r2, r2, #0x01
	adds r0, r5, r2
	strh r1, [r0, #0x00]
	adds r0, r5, #0x0
	bl _0800F84C
	adds r1, r0, #0x0
	cmp r1, #0x27
	bhi _080561BC
	cmp r1, #0x26
	bcs _080561E0
	cmp r1, #0x24
	beq _080561C8
	cmp r1, #0x25
	beq _080561D4
	b _08056236
_080561B8: .4byte 0x02039B84
_080561BC:
	ldr r0, _080561C4 @ =0xF85E3F85
	cmp r1, r0
	beq _080561EC
	b _08056236
_080561C4: .4byte 0xF85E3F85
_080561C8:
	movs r3, #0xB8
	lsls r3, r3, #0x01
	adds r1, r5, r3
	movs r0, #0x15
	str r0, [r1, #0x00]
	b _08056236
_080561D4:
	movs r0, #0xB8
	lsls r0, r0, #0x01
	adds r1, r5, r0
	movs r0, #0x17
	str r0, [r1, #0x00]
	b _08056236
_080561E0:
	movs r2, #0xB8
	lsls r2, r2, #0x01
	adds r1, r5, r2
	movs r0, #0x1B
	str r0, [r1, #0x00]
	b _08056236
_080561EC:
	movs r3, #0xB8
	lsls r3, r3, #0x01
	adds r1, r5, r3
	movs r0, #0x19
	str r0, [r1, #0x00]
	b _08056236
_080561F8:
	movs r0, #0xB4
	lsls r0, r0, #0x01
	adds r2, r5, r0
	movs r1, #0xE8
	lsls r1, r1, #0x01
	adds r0, r5, r1
	subs r1, #0xD0
	str r1, [r0, #0x00]
	str r1, [r2, #0x00]
	movs r3, #0xB6
	lsls r3, r3, #0x01
	adds r2, r5, r3
	adds r3, #0x68
	adds r0, r5, r3
	str r1, [r0, #0x00]
	str r1, [r2, #0x00]
	adds r1, #0xCC
	adds r0, r5, r1
	movs r2, #0x00
	strh r2, [r0, #0x00]
	adds r3, #0x20
	adds r1, r5, r3
	ldr r0, [r1, #0x00]
	cmp r0, #0x00
	beq _08056236
	str r2, [r1, #0x00]
	movs r0, #0xFC
	lsls r0, r0, #0x01
	adds r1, r5, r0
	subs r0, #0x54
	strh r0, [r1, #0x00]
_08056236:
	movs r0, #0x14
	str r0, [sp, #0x000]
	adds r0, r5, #0x0
	movs r1, #0x03
	movs r2, #0x28
	movs r3, #0x28
	bl func_0800F5A4
	movs r2, #0xE2
	lsls r2, r2, #0x01
	adds r1, r6, r2
	movs r0, #0x00
	str r0, [r1, #0x00]
	movs r3, #0xB8
	lsls r3, r3, #0x01
	adds r0, r5, r3
	ldr r0, [r0, #0x00]
	cmp r0, #0x1B
	bls _08056260
	bl _08056D8C
_08056260:
	lsls r0, r0, #0x02
	ldr r1, _0805626C @ =0x08056270
	adds r0, r0, r1
	ldr r0, [r0, #0x00]
	mov pc, r0
	.byte 0x00, 0x00
_0805626C: .4byte 0x08056270
	.byte 0xFC, 0x62, 0x05, 0x08, 0xF6, 0x63, 0x05, 0x08, 0x8C, 0x6D, 0x05, 0x08, 0x2E, 0x64, 0x05, 0x08
	.byte 0x8C, 0x6D, 0x05, 0x08, 0x8C, 0x6D, 0x05, 0x08, 0x8C, 0x6D, 0x05, 0x08, 0x8C, 0x6D, 0x05, 0x08
	.byte 0x6E, 0x63, 0x05, 0x08, 0x2E, 0x64, 0x05, 0x08, 0x8C, 0x6D, 0x05, 0x08, 0x2E, 0x64, 0x05, 0x08
	.byte 0xE0, 0x62, 0x05, 0x08, 0x8C, 0x6D, 0x05, 0x08, 0x2E, 0x64, 0x05, 0x08, 0x8C, 0x6D, 0x05, 0x08
	.byte 0x8C, 0x6D, 0x05, 0x08, 0xE0, 0x62, 0x05, 0x08, 0xE0, 0x62, 0x05, 0x08, 0x8C, 0x6D, 0x05, 0x08
	.byte 0x8C, 0x6D, 0x05, 0x08, 0xA4, 0x67, 0x05, 0x08, 0x78, 0x69, 0x05, 0x08, 0xCC, 0x65, 0x05, 0x08
	.byte 0xE4, 0x66, 0x05, 0x08, 0x48, 0x64, 0x05, 0x08, 0x40, 0x65, 0x05, 0x08, 0xE8, 0x6A, 0x05, 0x08
	.byte 0x05, 0x48, 0x31, 0x1C, 0x14, 0x31, 0x72, 0x68, 0x00, 0x92, 0x00, 0x22, 0x01, 0x23, 0xC2, 0xF7
	.byte 0xBB, 0xFE, 0x00, 0xF0, 0x4B, 0xFD, 0x00, 0x00, 0x98, 0xFA, 0x13, 0x08, 0x16, 0x48, 0x31, 0x1C
	.byte 0x14, 0x31, 0x72, 0x68, 0x00, 0x92, 0x00, 0x22, 0x01, 0x23, 0xC2, 0xF7, 0xAD, 0xFE, 0x2B, 0xF0
	.byte 0x8B, 0xFA, 0x00, 0x06, 0x00, 0x28, 0x01, 0xD0, 0x00, 0xF0, 0x38, 0xFD, 0x28, 0x1C, 0x14, 0x30
	.byte 0xAF, 0xF7, 0xFC, 0xFB, 0x00, 0x06, 0x00, 0x28, 0x18, 0xD0, 0xB0, 0xF7, 0x3B, 0xF9, 0x00, 0x04
	.byte 0x00, 0x0C, 0x50, 0x21, 0xC7, 0xF0, 0x4A, 0xFA, 0x00, 0x04, 0x02, 0x0C, 0x00, 0x2A, 0x0D, 0xD1
	.byte 0xB8, 0x21, 0x49, 0x00, 0x68, 0x18, 0x08, 0x21, 0x01, 0x60, 0xA8, 0x23, 0x5B, 0x00, 0xE8, 0x18
	.byte 0x02, 0x80, 0x00, 0xF0, 0x1B, 0xFD, 0x00, 0x00, 0x98, 0xFA, 0x13, 0x08, 0x28, 0x1C, 0x0A, 0x21
	.byte 0xB9, 0xF7, 0x02, 0xF8, 0xA8, 0x20, 0x40, 0x00, 0x29, 0x18, 0x00, 0xF0, 0x0C, 0xFD, 0x1B, 0x48
	.byte 0x31, 0x1C, 0x14, 0x31, 0x72, 0x68, 0x00, 0x92, 0x01, 0x22, 0x01, 0x23, 0xC2, 0xF7, 0x74, 0xFE
	.byte 0xE2, 0x22, 0x52, 0x00, 0xB1, 0x18, 0x16, 0x48, 0x08, 0x60, 0xAE, 0x23, 0x5B, 0x00, 0x5B, 0x19
	.byte 0x98, 0x46, 0x13, 0x98, 0x18, 0x60, 0xB0, 0x20, 0x40, 0x00, 0x2C, 0x18, 0x14, 0x98, 0x20, 0x60
	.byte 0x28, 0x1C, 0x14, 0x30, 0xAF, 0xF7, 0xBA, 0xFB, 0x00, 0x06, 0x00, 0x28, 0x1A, 0xD0, 0x42, 0x46
	.byte 0x11, 0x68, 0x22, 0x68, 0x80, 0x23, 0x5B, 0x00, 0x28, 0x1C, 0xB8, 0xF7, 0xFF, 0xFF, 0x00, 0x06
	.byte 0x00, 0x28, 0x0F, 0xD0, 0xB8, 0x23, 0x5B, 0x00, 0xE8, 0x18, 0x00, 0x21, 0x01, 0x60, 0xA8, 0x22
	.byte 0x52, 0x00, 0xA8, 0x18, 0x01, 0x80, 0x00, 0xF0, 0xD9, 0xFC, 0x00, 0x00, 0x98, 0xFA, 0x13, 0x08
	.byte 0x00, 0xF0, 0xFF, 0xFF, 0x28, 0x1C, 0x0A, 0x21, 0xB8, 0xF7, 0xBE, 0xFF, 0xA8, 0x23, 0x5B, 0x00
	.byte 0xE9, 0x18, 0x00, 0xF0, 0xC8, 0xFC, 0x84, 0x20, 0x40, 0x00, 0x3A, 0x18, 0x86, 0x23, 0x5B, 0x00
	.byte 0xF9, 0x18, 0x00, 0x20, 0x08, 0x60, 0x10, 0x60, 0xAC, 0x22, 0x52, 0x00, 0xA9, 0x18, 0x08, 0x60
	.byte 0x44, 0x33, 0xE9, 0x18, 0x00, 0x22, 0x88, 0x5E, 0x05, 0x28, 0x01, 0xDD, 0x00, 0xF0, 0xB6, 0xFC
	.byte 0x06, 0x20, 0x08, 0x80, 0x39, 0x1C, 0xE2, 0x31, 0x1E, 0x20, 0x00, 0xF0, 0xAE, 0xFC, 0x05, 0x48
	.byte 0x31, 0x1C, 0x14, 0x31, 0x72, 0x68, 0x00, 0x92, 0x02, 0x22, 0x00, 0x23, 0xC2, 0xF7, 0x14, 0xFE
	.byte 0x00, 0xF0, 0xA4, 0xFC, 0x98, 0xFA, 0x13, 0x08, 0xA8, 0x23, 0x5B, 0x00, 0xE8, 0x18, 0x00, 0x21
	.byte 0x40, 0x5E, 0x00, 0x28, 0x14, 0xD1, 0x8F, 0x20, 0x40, 0x00, 0xC9, 0xF0, 0x09, 0xFD, 0x0F, 0x48
	.byte 0x31, 0x1C, 0x14, 0x31, 0x72, 0x68, 0x00, 0x92, 0x07, 0x22, 0x00, 0x23, 0xC2, 0xF7, 0xFC, 0xFD
	.byte 0x0B, 0x48, 0x03, 0x68, 0x98, 0x6E, 0xD9, 0x6E, 0x0A, 0x4A, 0x10, 0x40, 0x98, 0x66, 0xD9, 0x66
	.byte 0x2C, 0x1C, 0x14, 0x34, 0x20, 0x1C, 0xAF, 0xF7, 0x55, 0xFB, 0x00, 0x04, 0x00, 0x0C, 0xA0, 0x46
	.byte 0x02, 0x28, 0x09, 0xD0, 0x03, 0x28, 0x11, 0xD0, 0x3C, 0xE0, 0x00, 0x00, 0x98, 0xFA, 0x13, 0x08
	.byte 0x84, 0x9B, 0x03, 0x02, 0xFF, 0xFF, 0xEF, 0xFF, 0xE8, 0x8B, 0x00, 0x28, 0x32, 0xD1, 0x02, 0x48
	.byte 0xC9, 0xF0, 0xDE, 0xFC, 0x2E, 0xE0, 0x00, 0x00, 0xB7, 0x02, 0x00, 0x00, 0xE8, 0x8B, 0x00, 0x28
	.byte 0x28, 0xD1, 0x78, 0x6B, 0xB9, 0x6B, 0x04, 0x22, 0x10, 0x40, 0x00, 0x21, 0x01, 0x43, 0x00, 0x29
	.byte 0x0A, 0xD0, 0x78, 0x68, 0x03, 0x4A, 0x80, 0x18, 0x03, 0x90, 0x03, 0xA9, 0x01, 0x20, 0x48, 0x82
	.byte 0x09, 0xE0, 0x00, 0x00, 0x00, 0xE0, 0xFF, 0xFF, 0x78, 0x68, 0x80, 0x23, 0x9B, 0x01, 0xC0, 0x18
	.byte 0x03, 0x90, 0x03, 0xA8, 0x41, 0x82, 0xB8, 0x68, 0x04, 0x90, 0x00, 0x20, 0x05, 0x90, 0xEC, 0x21
	.byte 0x49, 0x00, 0x70, 0x18, 0x0D, 0x49, 0x03, 0xAA, 0xAA, 0xF7, 0x84, 0xFC, 0xF6, 0x22, 0x52, 0x00
	.byte 0xB1, 0x18, 0x08, 0x60, 0x40, 0x46, 0xAF, 0xF7, 0x01, 0xFB, 0x00, 0x06, 0x00, 0x28, 0x01, 0xD1
	.byte 0x00, 0xF0, 0x2E, 0xFC, 0xA8, 0x23, 0x5B, 0x00, 0xE9, 0x18, 0x00, 0x20, 0x08, 0x80, 0xB8, 0x20
	.byte 0x40, 0x00, 0x29, 0x18, 0x1A, 0x20, 0x08, 0x60, 0x00, 0xF0, 0x28, 0xFC, 0x70, 0xB7, 0xED, 0x09
	.byte 0xA8, 0x23, 0x5B, 0x00, 0x5B, 0x19, 0x98, 0x46, 0x00, 0x21, 0x58, 0x5E, 0x00, 0x28, 0x11, 0xD1
	.byte 0x19, 0x48, 0x31, 0x1C, 0x14, 0x31, 0x72, 0x68, 0x00, 0x92, 0x08, 0x22, 0x00, 0x23, 0xC2, 0xF7
	.byte 0x83, 0xFD, 0x16, 0x48, 0x04, 0x68, 0xA0, 0x6E, 0xE1, 0x6E, 0x15, 0x4A, 0x15, 0x4B, 0x10, 0x43
	.byte 0xA0, 0x66, 0xE1, 0x66, 0xF6, 0x22, 0x52, 0x00, 0xB0, 0x18, 0x00, 0x68, 0x12, 0x49, 0x09, 0x68
	.byte 0xAA, 0xF7, 0xEE, 0xFC, 0x00, 0x06, 0x04, 0x0E, 0x00, 0x2C, 0x01, 0xD0, 0x00, 0xF0, 0xFE, 0xFB
	.byte 0x28, 0x1C, 0x14, 0x30, 0xAF, 0xF7, 0xC2, 0xFA, 0x00, 0x06, 0x00, 0x28, 0x01, 0xD1, 0x00, 0xF0
	.byte 0xF5, 0xFB, 0x43, 0x46, 0x1C, 0x80, 0xB8, 0x21, 0x49, 0x00, 0x68, 0x18, 0x04, 0x60, 0x38, 0x1C
	.byte 0xC4, 0xF7, 0xAA, 0xFC, 0x00, 0xF0, 0xEA, 0xFB, 0x98, 0xFA, 0x13, 0x08, 0x84, 0x9B, 0x03, 0x02
	.byte 0x00, 0x00, 0x10, 0x00, 0x00, 0x00, 0x00, 0x00, 0x70, 0xB7, 0xED, 0x09, 0xA8, 0x22, 0x52, 0x00
	.byte 0xA8, 0x18, 0x00, 0x23, 0xC4, 0x5E, 0x00, 0x2C, 0x1A, 0xD1, 0xE2, 0x21, 0x49, 0x00, 0x70, 0x18
	.byte 0x04, 0x60, 0x19, 0x48, 0x31, 0x1C, 0x14, 0x31, 0x72, 0x68, 0x00, 0x92, 0x05, 0x22, 0x00, 0x23
	.byte 0xC2, 0xF7, 0x3A, 0xFD, 0xE5, 0x23, 0x5B, 0x00, 0xF2, 0x18, 0x11, 0x88, 0x13, 0x48, 0x08, 0x40
	.byte 0x10, 0x80, 0xF6, 0x21, 0x49, 0x00, 0x70, 0x18, 0x04, 0x60, 0x11, 0x48, 0xC9, 0xF0, 0x30, 0xFC
	.byte 0x28, 0x1C, 0x14, 0x30, 0xAF, 0xF7, 0x8E, 0xFA, 0x00, 0x04, 0x00, 0x0C, 0x03, 0x28, 0x3A, 0xD1
	.byte 0xE8, 0x8B, 0x02, 0x28, 0x37, 0xD1, 0x78, 0x6B, 0xB9, 0x6B, 0x04, 0x22, 0x10, 0x40, 0x00, 0x21
	.byte 0x01, 0x43, 0x00, 0x29, 0x10, 0xD0, 0x78, 0x68, 0x06, 0x4A, 0x80, 0x18, 0x03, 0x90, 0x03, 0xA9
	.byte 0x01, 0x20, 0x48, 0x82, 0x0F, 0xE0, 0x00, 0x00, 0x98, 0xFA, 0x13, 0x08, 0xFB, 0xFF, 0x00, 0x00
	.byte 0x1F, 0x01, 0x00, 0x00, 0x00, 0xE8, 0xFF, 0xFF, 0x78, 0x68, 0xC0, 0x23, 0x5B, 0x01, 0xC0, 0x18
	.byte 0x03, 0x90, 0x03, 0xA8, 0x41, 0x82, 0xB8, 0x68, 0x04, 0x90, 0xF8, 0x68, 0x19, 0x49, 0x40, 0x18
	.byte 0x05, 0x90, 0xE5, 0x23, 0x5B, 0x00, 0xF2, 0x18, 0x11, 0x88, 0x04, 0x20, 0x08, 0x43, 0x10, 0x80
	.byte 0xEC, 0x21, 0x49, 0x00, 0x70, 0x18, 0x14, 0x49, 0x03, 0xAA, 0xAA, 0xF7, 0xC3, 0xFB, 0xF6, 0x22
	.byte 0x52, 0x00, 0xB1, 0x18, 0x08, 0x60, 0xE5, 0x23, 0x5B, 0x00, 0xF0, 0x18, 0x01, 0x88, 0x04, 0x20
	.byte 0x08, 0x40, 0x00, 0x28, 0x1A, 0xD0, 0xF6, 0x21, 0x49, 0x00, 0x70, 0x18, 0x00, 0x68, 0x0A, 0x49
	.byte 0x09, 0x68, 0xAA, 0xF7, 0x55, 0xFC, 0x00, 0x06, 0x01, 0x0E, 0x00, 0x29, 0x0E, 0xD1, 0xA8, 0x22
	.byte 0x52, 0x00, 0xA8, 0x18, 0x01, 0x80, 0xB8, 0x23, 0x5B, 0x00, 0xE9, 0x18, 0x18, 0x20, 0x08, 0x60
	.byte 0x5C, 0xE3, 0x00, 0x00, 0x00, 0xA0, 0xFF, 0xFF, 0x40, 0xB7, 0xED, 0x09, 0xA8, 0x20, 0x40, 0x00
	.byte 0x29, 0x18, 0x50, 0xE3, 0xA8, 0x21, 0x49, 0x00, 0x68, 0x18, 0x00, 0x22, 0x80, 0x5E, 0x00, 0x28
	.byte 0x08, 0xD1, 0x14, 0x48, 0x31, 0x1C, 0x14, 0x31, 0x72, 0x68, 0x00, 0x92, 0x06, 0x22, 0x00, 0x23
	.byte 0xC2, 0xF7, 0xB2, 0xFC, 0x2C, 0x1C, 0x14, 0x34, 0x20, 0x1C, 0xAF, 0xF7, 0x13, 0xFA, 0x00, 0x04
	.byte 0x00, 0x0C, 0xA0, 0x46, 0x02, 0x28, 0x2B, 0xD1, 0xE8, 0x8B, 0x0A, 0x28, 0x28, 0xD1, 0x78, 0x6B
	.byte 0xB9, 0x6B, 0x04, 0x22, 0x10, 0x40, 0x00, 0x21, 0x0A, 0x1C, 0x02, 0x43, 0x00, 0x2A, 0x0D, 0xD0
	.byte 0x0B, 0xA8, 0x79, 0x68, 0x04, 0x4B, 0xC9, 0x18, 0x0B, 0x91, 0x01, 0x21, 0x41, 0x82, 0x02, 0x1C
	.byte 0x0C, 0xE0, 0x00, 0x00, 0x98, 0xFA, 0x13, 0x08, 0x00, 0xF9, 0xFF, 0xFF, 0x0B, 0xA9, 0x78, 0x68
	.byte 0xE0, 0x23, 0xDB, 0x00, 0xC0, 0x18, 0x0B, 0x90, 0x4A, 0x82, 0x0A, 0x1C, 0xB8, 0x68, 0x50, 0x60
	.byte 0xF8, 0x68, 0x90, 0x60, 0xEC, 0x21, 0x49, 0x00, 0x70, 0x18, 0x0B, 0x49, 0xAA, 0xF7, 0x52, 0xFB
	.byte 0x40, 0x46, 0xAF, 0xF7, 0xD3, 0xF9, 0x00, 0x06, 0x00, 0x28, 0x0F, 0xD0, 0x38, 0x1C, 0xC4, 0xF7
	.byte 0xC3, 0xFB, 0xB8, 0x22, 0x52, 0x00, 0xA8, 0x18, 0x00, 0x21, 0x01, 0x60, 0xA8, 0x23, 0x5B, 0x00
	.byte 0xE8, 0x18, 0x01, 0x80, 0xFA, 0xE2, 0x00, 0x00, 0x58, 0xB7, 0xED, 0x09, 0xA8, 0x20, 0x40, 0x00
	.byte 0x29, 0x18, 0xF0, 0xE2, 0xA8, 0x21, 0x49, 0x00, 0x68, 0x18, 0x00, 0x22, 0x81, 0x5E, 0x00, 0x29
	.byte 0x17, 0xD1, 0xE2, 0x23, 0x5B, 0x00, 0xF0, 0x18, 0x01, 0x60, 0x28, 0x1C, 0x14, 0x30, 0xAF, 0xF7
	.byte 0xD1, 0xF9, 0x11, 0x48, 0x31, 0x1C, 0x14, 0x31, 0x72, 0x68, 0x00, 0x92, 0x03, 0x22, 0x00, 0x23
	.byte 0xC2, 0xF7, 0x4A, 0xFC, 0xE5, 0x20, 0x40, 0x00, 0x32, 0x18, 0x11, 0x88, 0x0B, 0x48, 0x08, 0x40
	.byte 0x10, 0x80, 0xE8, 0x8B, 0x00, 0x28, 0x00, 0xD0, 0x8D, 0xE0, 0x2C, 0x1C, 0x14, 0x34, 0x20, 0x1C
	.byte 0xAF, 0xF7, 0xA0, 0xF9, 0x00, 0x04, 0x00, 0x0C, 0xA0, 0x46, 0x04, 0x28, 0x0F, 0xD0, 0x04, 0x28
	.byte 0x06, 0xDC, 0x03, 0x28, 0x09, 0xD0, 0x17, 0xE0, 0x98, 0xFA, 0x13, 0x08, 0xFC, 0xFF, 0x00, 0x00
	.byte 0x05, 0x28, 0x06, 0xD0, 0x07, 0x28, 0x07, 0xD0, 0x0E, 0xE0, 0x09, 0x24, 0x0D, 0xE0, 0x0D, 0x24
	.byte 0x0B, 0xE0, 0x06, 0x24, 0x06, 0x23, 0x09, 0xE0, 0x01, 0x4C, 0x02, 0x4B, 0x06, 0xE0, 0x00, 0x00
	.byte 0xEB, 0xFF, 0x00, 0x00, 0xFA, 0xFF, 0x00, 0x00, 0x00, 0x24, 0x00, 0x23, 0x40, 0x46, 0x16, 0x93
	.byte 0xAF, 0xF7, 0x6C, 0xF9, 0x00, 0x06, 0x16, 0x9B, 0x00, 0x28, 0x16, 0xD1, 0x78, 0x6B, 0xB9, 0x6B
	.byte 0x04, 0x22, 0x10, 0x40, 0x00, 0x21, 0x08, 0x43, 0x00, 0x28, 0x04, 0xD0, 0x21, 0x04, 0x09, 0x12
	.byte 0x78, 0x68, 0x40, 0x1A, 0x03, 0xE0, 0x21, 0x04, 0x09, 0x12, 0x78, 0x68, 0x40, 0x18, 0x78, 0x60
	.byte 0x19, 0x04, 0x09, 0x12, 0xB8, 0x68, 0x40, 0x18, 0xB8, 0x60, 0xE8, 0x8B, 0x00, 0x28, 0x42, 0xD1
	.byte 0x40, 0x46, 0xAF, 0xF7, 0x59, 0xF9, 0x00, 0x04, 0x00, 0x0C, 0x05, 0x28, 0x3B, 0xD1, 0xC3, 0xF7
	.byte 0xCF, 0xF8, 0x78, 0x6B, 0xB9, 0x6B, 0x04, 0x22, 0x10, 0x40, 0x00, 0x21, 0x08, 0x43, 0x00, 0x28
	.byte 0x14, 0xD0, 0xA2, 0x20, 0x40, 0x00, 0x79, 0x68, 0x07, 0x4A, 0x89, 0x18, 0xBA, 0x68, 0xFB, 0x68
	.byte 0x18, 0x24, 0x00, 0x94, 0x14, 0x24, 0x01, 0x94, 0x1E, 0x24, 0x02, 0x94, 0xBB, 0xF7, 0x5C, 0xFB
	.byte 0x00, 0x28, 0x15, 0xD1, 0x1F, 0xE0, 0x00, 0x00, 0x00, 0xC4, 0xFF, 0xFF, 0xA2, 0x20, 0x40, 0x00
	.byte 0x79, 0x68, 0xF0, 0x23, 0x9B, 0x01, 0xC9, 0x18, 0xBA, 0x68, 0xFB, 0x68, 0x18, 0x24, 0x00, 0x94
	.byte 0x14, 0x24, 0x01, 0x94, 0x1E, 0x24, 0x02, 0x94, 0xBB, 0xF7, 0x46, 0xFB, 0x00, 0x28, 0x0A, 0xD0
	.byte 0xAC, 0x20, 0x80, 0x00, 0xC9, 0xF0, 0xBC, 0xFA, 0xE5, 0x20, 0x40, 0x00, 0x32, 0x18, 0x11, 0x88
	.byte 0x01, 0x20, 0x08, 0x43, 0x10, 0x80, 0xE5, 0x21, 0x49, 0x00, 0x74, 0x18, 0x21, 0x88, 0x01, 0x20
	.byte 0x08, 0x40, 0x00, 0x28, 0x0E, 0xD0, 0x28, 0x1C, 0x14, 0x30, 0xAF, 0xF7, 0x0B, 0xF9, 0x00, 0x04
	.byte 0x00, 0x0C, 0x06, 0x28, 0x06, 0xD1, 0xE8, 0x8B, 0x13, 0x28, 0x03, 0xD1, 0x21, 0x88, 0x02, 0x20
	.byte 0x08, 0x43, 0x20, 0x80, 0xE5, 0x22, 0x52, 0x00, 0xB0, 0x18, 0x01, 0x88, 0x02, 0x20, 0x08, 0x40
	.byte 0x00, 0x04, 0x04, 0x0C, 0x00, 0x2C, 0x0B, 0xD0, 0xA8, 0x23, 0x5B, 0x00, 0xE9, 0x18, 0x00, 0x20
	.byte 0x08, 0x80, 0xB8, 0x20, 0x40, 0x00, 0x29, 0x18, 0x16, 0x20, 0x08, 0x60, 0x78, 0x3A, 0x11, 0xE2
	.byte 0x28, 0x1C, 0x14, 0x30, 0xAF, 0xF7, 0xDA, 0xF8, 0x00, 0x06, 0x00, 0x28, 0x00, 0xD1, 0x07, 0xE2
	.byte 0xA8, 0x23, 0x5B, 0x00, 0xE8, 0x18, 0xAB, 0xE0, 0xA8, 0x23, 0x5B, 0x00, 0xE8, 0x18, 0x00, 0x22
	.byte 0x81, 0x5E, 0x14, 0x23, 0x5B, 0x19, 0x98, 0x46, 0x00, 0x29, 0x16, 0xD1, 0xE2, 0x22, 0x52, 0x00
	.byte 0xB0, 0x18, 0x01, 0x60, 0x40, 0x46, 0xAF, 0xF7, 0xE5, 0xF8, 0x16, 0x48, 0x31, 0x1C, 0x14, 0x31
	.byte 0x72, 0x68, 0x00, 0x92, 0x04, 0x22, 0x00, 0x23, 0xC2, 0xF7, 0x5E, 0xFB, 0xE5, 0x23, 0x5B, 0x00
	.byte 0xF2, 0x18, 0x11, 0x88, 0x10, 0x48, 0x08, 0x40, 0x10, 0x80, 0xE8, 0x8B, 0x00, 0x28, 0x5D, 0xD1
	.byte 0x40, 0x46, 0xAF, 0xF7, 0xB9, 0xF8, 0x00, 0x04, 0x00, 0x0C, 0x01, 0x28, 0x56, 0xD1, 0xC3, 0xF7
	.byte 0x2F, 0xF8, 0x38, 0x1C, 0xE4, 0x30, 0x00, 0x68, 0xF4, 0x30, 0x00, 0x68, 0x31, 0x28, 0x13, 0xD1
	.byte 0x78, 0x6B, 0xB9, 0x6B, 0x04, 0x22, 0x10, 0x40, 0x00, 0x21, 0x08, 0x43, 0x00, 0x28, 0x07, 0xD0
	.byte 0x02, 0x48, 0x12, 0xE0, 0x98, 0xFA, 0x13, 0x08, 0xFE, 0xFF, 0x00, 0x00, 0x49, 0x01, 0x00, 0x00
	.byte 0x00, 0x48, 0x20, 0xE0, 0x49, 0x01, 0x00, 0x00, 0x78, 0x6B, 0xB9, 0x6B, 0x04, 0x22, 0x10, 0x40
	.byte 0x00, 0x21, 0x08, 0x43, 0x00, 0x28, 0x15, 0xD0, 0x08, 0x48, 0x79, 0x68, 0x08, 0x4A, 0x89, 0x18
	.byte 0xBA, 0x68, 0xFB, 0x68, 0x18, 0x24, 0x00, 0x94, 0x14, 0x24, 0x01, 0x94, 0x37, 0x24, 0x02, 0x94
	.byte 0xBB, 0xF7, 0xA2, 0xFA, 0x00, 0x28, 0x16, 0xD1, 0x20, 0xE0, 0x00, 0x00, 0x45, 0x01, 0x00, 0x00
	.byte 0x00, 0xD8, 0xFF, 0xFF, 0x17, 0x48, 0x79, 0x68, 0xA0, 0x23, 0x9B, 0x01, 0xC9, 0x18, 0xBA, 0x68
	.byte 0xFB, 0x68, 0x18, 0x24, 0x00, 0x94, 0x14, 0x24, 0x01, 0x94, 0x37, 0x24, 0x02, 0x94, 0xBB, 0xF7
	.byte 0x8B, 0xFA, 0x00, 0x28, 0x0A, 0xD0, 0xAC, 0x20, 0x80, 0x00, 0xC9, 0xF0, 0x01, 0xFA, 0xE5, 0x20
	.byte 0x40, 0x00, 0x32, 0x18, 0x11, 0x88, 0x01, 0x20, 0x08, 0x43, 0x10, 0x80, 0x40, 0x46, 0xAF, 0xF7
	.byte 0x4D, 0xF8, 0x00, 0x06, 0x00, 0x28, 0x00, 0xD1, 0x7A, 0xE1, 0x78, 0x6B, 0xB9, 0x6B, 0x04, 0x22
	.byte 0x10, 0x40, 0x00, 0x21, 0x08, 0x43, 0x00, 0x28, 0x08, 0xD0, 0x78, 0x68, 0x02, 0x49, 0x40, 0x18
	.byte 0x08, 0xE0, 0x00, 0x00, 0x45, 0x01, 0x00, 0x00, 0x00, 0xE7, 0xFF, 0xFF, 0x78, 0x68, 0xC8, 0x22
	.byte 0x52, 0x01, 0x80, 0x18, 0x78, 0x60, 0x0B, 0x48, 0x31, 0x1C, 0x14, 0x31, 0x72, 0x68, 0x00, 0x92
	.byte 0x00, 0x22, 0x01, 0x23, 0xC2, 0xF7, 0xD0, 0xFA, 0xA8, 0x23, 0x5B, 0x00, 0xE8, 0x18, 0x00, 0x24
	.byte 0x04, 0x80, 0x38, 0x1C, 0xC4, 0xF7, 0x18, 0xFA, 0xB8, 0x21, 0x49, 0x00, 0x68, 0x18, 0x04, 0x60
	.byte 0x54, 0xE1, 0x00, 0x00, 0x98, 0xFA, 0x13, 0x08, 0xA8, 0x23, 0x5B, 0x00, 0xE8, 0x18, 0x00, 0x21
	.byte 0x44, 0x5E, 0x00, 0x2C, 0x13, 0xD1, 0x19, 0x48, 0x31, 0x1C, 0x14, 0x31, 0x72, 0x68, 0x00, 0x92
	.byte 0x09, 0x22, 0x00, 0x23, 0xC2, 0xF7, 0xB0, 0xFA, 0xE2, 0x22, 0x52, 0x00, 0xB0, 0x18, 0x04, 0x60
	.byte 0x80, 0x23, 0x9B, 0x00, 0xF1, 0x18, 0x12, 0x48, 0x00, 0x68, 0xC0, 0x68, 0x08, 0x60, 0x2C, 0x1C
	.byte 0x14, 0x34, 0x20, 0x1C, 0xAF, 0xF7, 0x06, 0xF8, 0x00, 0x04, 0x00, 0x0C, 0xA0, 0x46, 0x03, 0x28
	.byte 0x06, 0xD1, 0xE8, 0x8B, 0x00, 0x28, 0x03, 0xD1, 0x90, 0x20, 0x40, 0x00, 0xC9, 0xF0, 0x98, 0xF9
	.byte 0x40, 0x46, 0xAE, 0xF7, 0xF7, 0xFF, 0x00, 0x04, 0x00, 0x0C, 0x08, 0x28, 0x00, 0xD9, 0xFB, 0xE0
	.byte 0x80, 0x00, 0x04, 0x49, 0x40, 0x18, 0x00, 0x68, 0x87, 0x46, 0x00, 0x00, 0x98, 0xFA, 0x13, 0x08
	.byte 0x84, 0x9B, 0x03, 0x02, 0x68, 0x6B, 0x05, 0x08, 0x8C, 0x6B, 0x05, 0x08, 0x8C, 0x6B, 0x05, 0x08
	.byte 0x8C, 0x6B, 0x05, 0x08, 0x8C, 0x6B, 0x05, 0x08, 0x8C, 0x6B, 0x05, 0x08, 0x96, 0x6B, 0x05, 0x08
	.byte 0x70, 0x6C, 0x05, 0x08, 0xB8, 0x6C, 0x05, 0x08, 0x04, 0x6D, 0x05, 0x08, 0x28, 0x1C, 0x01, 0x21
	.byte 0xB8, 0xF7, 0xEA, 0xFB, 0xD8, 0xE0, 0xE8, 0x8B, 0x00, 0x28, 0x41, 0xD1, 0x07, 0x48, 0xC9, 0xF0
	.byte 0x67, 0xF9, 0x78, 0x6B, 0xB9, 0x6B, 0x04, 0x22, 0x10, 0x40, 0x00, 0x21, 0x08, 0x43, 0x00, 0x28
	.byte 0x08, 0xD1, 0xFA, 0x20, 0x40, 0x00, 0x31, 0x18, 0x01, 0x48, 0x08, 0xE0, 0xB9, 0x02, 0x00, 0x00
	.byte 0x00, 0xF8, 0xFF, 0xFF, 0xFA, 0x22, 0x52, 0x00, 0xB1, 0x18, 0x80, 0x20, 0x00, 0x01, 0x08, 0x60
	.byte 0xFC, 0x23, 0x5B, 0x00, 0xF1, 0x18, 0x0A, 0x20, 0x08, 0x80, 0x78, 0x6B, 0xB9, 0x6B, 0x04, 0x22
	.byte 0x10, 0x40, 0x00, 0x21, 0x08, 0x43, 0x00, 0x28, 0x0E, 0xD0, 0x78, 0x68, 0x05, 0x49, 0x40, 0x18
	.byte 0xB9, 0x68, 0xE0, 0x22, 0x12, 0x01, 0x89, 0x18, 0xB1, 0x3B, 0x00, 0x22, 0xC1, 0xF7, 0x0E, 0xFA
	.byte 0x0E, 0xE0, 0x00, 0x00, 0x00, 0xD0, 0xFF, 0xFF, 0x78, 0x68, 0xC0, 0x23, 0x9B, 0x01, 0xC0, 0x18
	.byte 0xB9, 0x68, 0xE0, 0x22, 0x12, 0x01, 0x89, 0x18, 0x0C, 0x4B, 0x00, 0x22, 0xC1, 0xF7, 0xFE, 0xF9
	.byte 0xA8, 0x23, 0x5B, 0x00, 0xE8, 0x18, 0x00, 0x21, 0x40, 0x5E, 0x06, 0x21, 0xC6, 0xF0, 0x2A, 0xFD
	.byte 0x00, 0x04, 0x00, 0x14, 0x02, 0x28, 0x0F, 0xDC, 0x05, 0x48, 0x01, 0x68, 0x80, 0x22, 0x92, 0x00
	.byte 0xB0, 0x18, 0x00, 0x68, 0x03, 0x4B, 0xC0, 0x18, 0x7D, 0xE0, 0x00, 0x00, 0x47, 0x01, 0x00, 0x00
	.byte 0x84, 0x9B, 0x03, 0x02, 0x00, 0xC0, 0xFF, 0xFF, 0x04, 0x48, 0x01, 0x68, 0x80, 0x22, 0x92, 0x00
	.byte 0xB0, 0x18, 0x00, 0x68, 0x80, 0x23, 0xDB, 0x01, 0xC0, 0x18, 0x6C, 0xE0, 0x84, 0x9B, 0x03, 0x02
	.byte 0xA8, 0x21, 0x49, 0x00, 0x68, 0x18, 0x00, 0x22, 0x80, 0x5E, 0x06, 0x21, 0xC6, 0xF0, 0x02, 0xFD
	.byte 0x00, 0x04, 0x00, 0x14, 0x02, 0x28, 0x0B, 0xDC, 0x03, 0x48, 0x01, 0x68, 0x80, 0x23, 0x9B, 0x00
	.byte 0xF0, 0x18, 0x00, 0x68, 0x01, 0x4A, 0x55, 0xE0, 0x84, 0x9B, 0x03, 0x02, 0x00, 0xD0, 0xFF, 0xFF
	.byte 0x04, 0x48, 0x01, 0x68, 0x80, 0x23, 0x9B, 0x00, 0xF0, 0x18, 0x00, 0x68, 0xC0, 0x22, 0x92, 0x01
	.byte 0x48, 0xE0, 0x00, 0x00, 0x84, 0x9B, 0x03, 0x02, 0xA8, 0x23, 0x5B, 0x00, 0xE8, 0x18, 0x00, 0x21
	.byte 0x40, 0x5E, 0x06, 0x21, 0xC6, 0xF0, 0xDE, 0xFC, 0x00, 0x04, 0x00, 0x14, 0x02, 0x28, 0x0D, 0xDC
	.byte 0x04, 0x48, 0x01, 0x68, 0x80, 0x22, 0x92, 0x00, 0xB0, 0x18, 0x00, 0x68, 0x02, 0x4B, 0xC0, 0x18
	.byte 0x31, 0xE0, 0x00, 0x00, 0x84, 0x9B, 0x03, 0x02, 0x00, 0xE0, 0xFF, 0xFF, 0x04, 0x48, 0x01, 0x68
	.byte 0x80, 0x22, 0x92, 0x00, 0xB0, 0x18, 0x00, 0x68, 0x80, 0x23, 0x9B, 0x01, 0xC0, 0x18, 0x22, 0xE0
	.byte 0x84, 0x9B, 0x03, 0x02, 0xA8, 0x21, 0x49, 0x00, 0x68, 0x18, 0x00, 0x22, 0x80, 0x5E, 0x06, 0x21
	.byte 0xC6, 0xF0, 0xB8, 0xFC, 0x00, 0x04, 0x00, 0x14, 0x02, 0x28, 0x0B, 0xDC, 0x03, 0x48, 0x01, 0x68
	.byte 0x80, 0x23, 0x9B, 0x00, 0xF0, 0x18, 0x00, 0x68, 0x01, 0x4A, 0x0B, 0xE0, 0x84, 0x9B, 0x03, 0x02
	.byte 0x00, 0xF0, 0xFF, 0xFF, 0x11, 0x48, 0x01, 0x68, 0x80, 0x23, 0x9B, 0x00, 0xF0, 0x18, 0x00, 0x68
	.byte 0x80, 0x22, 0x52, 0x01, 0x80, 0x18, 0x48, 0x61, 0x40, 0x46, 0xAE, 0xF7, 0xE7, 0xFE, 0x00, 0x06
	.byte 0x00, 0x28, 0x15, 0xD0, 0x38, 0x1C, 0xC4, 0xF7, 0xD7, 0xF8, 0xB8, 0x23, 0x5B, 0x00, 0xE8, 0x18
	.byte 0x00, 0x21, 0x01, 0x60, 0xA8, 0x22, 0x52, 0x00, 0xA8, 0x18, 0x01, 0x80, 0x84, 0x33, 0xF0, 0x18
	.byte 0x01, 0x60, 0xFC, 0x20, 0x40, 0x00, 0x31, 0x18, 0x54, 0x38, 0x06, 0xE0, 0x84, 0x9B, 0x03, 0x02
	.byte 0xA8, 0x22, 0x52, 0x00, 0xA9, 0x18, 0x08, 0x88, 0x01, 0x30, 0x08, 0x80
_08056D8C:
	.byte 0x78, 0x6B, 0xB9, 0x6B, 0x80, 0x22, 0x92, 0x01, 0x10, 0x40, 0x00, 0x21, 0x08, 0x43, 0x00, 0x28
	.byte 0x0B, 0xD1, 0x38, 0x1C, 0xE8, 0x30, 0x00, 0x68, 0x02, 0x28, 0x06, 0xD0, 0xE2, 0x23, 0x5B, 0x00
	.byte 0xF0, 0x18, 0x01, 0x68, 0x28, 0x1C, 0xFF, 0xF7, 0x7B, 0xF9, 0xFC, 0x20, 0x40, 0x00, 0x34, 0x18
	.byte 0x00, 0x21, 0x60, 0x5E, 0x00, 0x28, 0x0C, 0xDD, 0xF8, 0x22, 0x52, 0x00, 0xB0, 0x18, 0xFA, 0x23
	.byte 0x5B, 0x00, 0xF1, 0x18, 0x09, 0x68, 0x22, 0x88, 0xAE, 0xF7, 0x92, 0xFD, 0x20, 0x88, 0x01, 0x38
	.byte 0x20, 0x80, 0x19, 0x4B, 0x19, 0x68, 0xF8, 0x22, 0x52, 0x00, 0xB0, 0x18, 0x00, 0x68, 0x00, 0x12
	.byte 0x08, 0x76, 0x48, 0x46, 0xC1, 0x68, 0x00, 0x69, 0x81, 0x42, 0x27, 0xDB, 0x49, 0x46, 0x2C, 0x22
	.byte 0x88, 0x5E, 0x00, 0x28, 0x22, 0xDD, 0x48, 0x46, 0xE8, 0x30, 0x00, 0x68, 0x02, 0x28, 0x1D, 0xD0
	.byte 0x48, 0x6B, 0x89, 0x6B, 0x10, 0x22, 0x10, 0x40, 0x00, 0x21, 0x08, 0x43, 0x00, 0x28, 0x15, 0xD1
	.byte 0x18, 0x68, 0x01, 0x7E, 0x00, 0x20, 0xAE, 0xF7, 0xFF, 0xFC, 0xFE, 0x23, 0x5B, 0x00, 0xF2, 0x18
	.byte 0x00, 0x04, 0x80, 0x12, 0x11, 0x68, 0x40, 0x1A, 0x00, 0x11, 0x09, 0x18, 0x11, 0x60, 0x4A, 0x46
	.byte 0x50, 0x68, 0x40, 0x1A, 0x50, 0x60, 0x06, 0xE0, 0x84, 0x9B, 0x03, 0x02, 0xFE, 0x23, 0x5B, 0x00
	.byte 0xF1, 0x18, 0x00, 0x20, 0x08, 0x60, 0xEC, 0x21, 0x49, 0x00, 0x70, 0x18, 0xAA, 0xF7, 0x24, 0xF8
	.byte 0x28, 0x1C, 0xB7, 0xF7, 0xC7, 0xFB, 0x00, 0x06, 0x00, 0x0E, 0x17, 0xB0, 0x18, 0xBC, 0x98, 0x46
	.byte 0xA1, 0x46, 0xF0, 0xBC, 0x02, 0xBC, 0x08, 0x47
	thumb_func_start task_hum_lexceus_2
task_hum_lexceus_2: @ 08056E74
	push {r4, r5, lr}
	adds r4, r0, #0x0
	bl func_0800EFE8
	movs r0, #0xE6
	lsls r0, r0, #0x01
	adds r5, r4, r0
	movs r1, #0x00
	ldsh r0, [r5, r1]
	cmp r0, #0x00
	ble _08056EB6
	movs r2, #0xB4
	lsls r2, r2, #0x01
	adds r0, r4, r2
	adds r2, #0x68
	adds r1, r4, r2
	ldr r1, [r1, #0x00]
	ldrh r2, [r5, #0x00]
	bl func_080058FC
	movs r1, #0xB6
	lsls r1, r1, #0x01
	adds r0, r4, r1
	movs r2, #0xEA
	lsls r2, r2, #0x01
	adds r1, r4, r2
	ldr r1, [r1, #0x00]
	ldrh r2, [r5, #0x00]
	bl func_080058FC
	ldrh r0, [r5, #0x00]
	subs r0, #0x01
	strh r0, [r5, #0x00]
_08056EB6:
	movs r1, #0xEC
	lsls r1, r1, #0x01
	adds r0, r4, r1
	bl func_08000EE0
	pop {r4, r5}
	pop {r0}
	bx r0
	.byte 0x00, 0x00
	thumb_func_start task_hum_lexceus_3
task_hum_lexceus_3: @ 08056EC8
	push {r4, lr}
	adds r4, r0, #0x0
	bl func_0800E380
	movs r0, #0xEC
	lsls r0, r0, #0x01
	adds r4, r4, r0
	adds r0, r4, #0x0
	bl func_08000F0C
	pop {r4}
	pop {r0}
	bx r0
	.byte 0x00, 0x00
	thumb_func_start task_hum_lex_tmh_0
task_hum_lex_tmh_0: @ 08056EE4
	push {r4, r5, r6, lr}
	adds r6, r0, #0x0
	adds r5, r1, #0x0
	ldr r0, _08056F2C @ =0x09618478
	movs r1, #0x20
	bl func_08002A14
	str r0, [r6, #0x04]
	movs r0, #0x80
	lsls r0, r0, #0x03
	ldr r1, _08056F30 @ =0x08C3724C
	bl func_080028F8
	str r0, [r6, #0x00]
	adds r4, r6, #0x0
	adds r4, #0x08
	ldr r1, _08056F34 @ =0x09EE22B0
	ldr r2, _08056F38 @ =0x09EE2298
	adds r0, r4, #0x0
	bl func_08005968
	adds r0, r4, #0x0
	movs r1, #0x00
	movs r2, #0x01
	bl func_080059A4
	movs r0, #0x12
	ldsh r1, [r5, r0]
	cmp r1, #0x00
	beq _08056F3C
	adds r1, r6, #0x0
	adds r1, #0x2C
	movs r0, #0x01
	strb r0, [r1, #0x00]
	b _08056F42
	.byte 0x00, 0x00
_08056F2C: .4byte 0x09618478
_08056F30: .4byte 0x08C3724C
_08056F34: .4byte 0x09EE22B0
_08056F38: .4byte 0x09EE2298
_08056F3C:
	adds r0, r6, #0x0
	adds r0, #0x2C
	strb r1, [r0, #0x00]
_08056F42:
	ldr r0, [r5, #0x00]
	str r0, [r6, #0x20]
	ldr r0, [r5, #0x04]
	str r0, [r6, #0x24]
	ldr r0, [r5, #0x08]
	str r0, [r6, #0x28]
	bl func_080065A4
	ldr r5, _08056FD0 @ =0x02039B84
	ldr r4, [r5, #0x00]
	movs r1, #0x98
	lsls r1, r1, #0x01
	adds r4, r4, r1
	lsls r0, r0, #0x10
	lsrs r0, r0, #0x10
	movs r1, #0x41
	bl func_0811D7CC
	lsls r0, r0, #0x10
	lsrs r0, r0, #0x08
	ldr r1, _08056FD4 @ =0xFFFFE000
	adds r0, r0, r1
	ldr r1, [r4, #0x00]
	adds r1, r1, r0
	str r1, [r6, #0x34]
	bl func_080065A4
	ldr r4, [r5, #0x00]
	movs r1, #0x9A
	lsls r1, r1, #0x01
	adds r4, r4, r1
	lsls r0, r0, #0x10
	lsrs r0, r0, #0x10
	movs r1, #0x21
	bl func_0811D7CC
	lsls r0, r0, #0x10
	lsrs r0, r0, #0x08
	ldr r1, _08056FD8 @ =0xFFFFF000
	adds r0, r0, r1
	ldr r1, [r4, #0x00]
	adds r1, r1, r0
	str r1, [r6, #0x38]
	movs r0, #0x00
	str r0, [r6, #0x30]
	adds r2, r6, #0x0
	adds r2, #0x4A
	movs r1, #0x00
	strh r0, [r2, #0x00]
	adds r0, r6, #0x0
	adds r0, #0x2D
	strb r1, [r0, #0x00]
	ldr r0, _08056FDC @ =0xFFFFF680
	str r0, [r6, #0x3C]
	ldr r0, _08056FE0 @ =0x08B22BBC
	movs r1, #0x80
	lsls r1, r1, #0x01
	bl func_080026A4
	str r0, [r6, #0x40]
	ldr r0, _08056FE4 @ =0x08F69BA4
	movs r1, #0x20
	bl func_08002A14
	str r0, [r6, #0x44]
	ldr r0, _08056FE8 @ =0x000002B1
	bl func_0811FE70
	pop {r4, r5, r6}
	pop {r0}
	bx r0
_08056FD0: .4byte 0x02039B84
_08056FD4: .4byte 0xFFFFE000
_08056FD8: .4byte 0xFFFFF000
_08056FDC: .4byte 0xFFFFF680
_08056FE0: .4byte 0x08B22BBC
_08056FE4: .4byte 0x08F69BA4
_08056FE8: .4byte 0x000002B1
	thumb_func_start task_hum_lex_tmh_1
task_hum_lex_tmh_1: @ 08056FEC
	push {r4, r5, r6, r7, lr}
	mov r7, r8
	push {r7}
	add sp, #-0x00C
	adds r6, r0, #0x0
	ldr r3, _0805701C @ =0x02039B84
	ldr r5, [r3, #0x00]
	ldr r0, [r5, #0x68]
	ldr r1, [r5, #0x6C]
	movs r2, #0x40
	ands r0, r2
	movs r1, #0x00
	orrs r0, r1
	mov r12, r3
	cmp r0, #0x00
	beq _08057018
	adds r0, r6, #0x0
	adds r0, #0x2D
	ldrb r1, [r0, #0x00]
	adds r3, r0, #0x0
	cmp r1, #0x00
	beq _08057020
_08057018:
	movs r0, #0x00
	b _08057170
_0805701C: .4byte 0x02039B84
_08057020:
	ldr r7, [r6, #0x30]
	cmp r7, #0x00
	beq _0805702C
	cmp r7, #0x01
	beq _08057092
	b _08057166
_0805702C:
	ldr r0, [r6, #0x34]
	ldr r1, [r6, #0x20]
	subs r0, r0, r1
	asrs r0, r0, #0x04
	adds r1, r1, r0
	str r1, [r6, #0x20]
	ldr r0, [r6, #0x38]
	ldr r2, [r6, #0x24]
	subs r0, r0, r2
	asrs r0, r0, #0x04
	adds r2, r2, r0
	str r2, [r6, #0x24]
	ldr r3, [r6, #0x28]
	ldr r0, [r6, #0x3C]
	adds r3, r3, r0
	str r3, [r6, #0x28]
	adds r0, #0x40
	str r0, [r6, #0x3C]
	movs r0, #0xA3
	lsls r0, r0, #0x01
	movs r5, #0x10
	str r5, [sp, #0x000]
	movs r4, #0x0C
	str r4, [sp, #0x004]
	str r5, [sp, #0x008]
	bl func_08011F78
	cmp r0, #0x00
	beq _08057070
	ldr r0, _0805706C @ =0x000002B3
	b _08057078
	.byte 0x00, 0x00
_0805706C: .4byte 0x000002B3
_08057070:
	ldr r0, [r6, #0x28]
	cmp r0, #0x00
	blt _0805708C
	ldr r0, _08057088 @ =0x000002B2
_08057078:
	bl func_0811FE70
	adds r0, r6, #0x0
	adds r0, #0x4A
	strh r7, [r0, #0x00]
	movs r0, #0x01
	str r0, [r6, #0x30]
	b _08057166
_08057088: .4byte 0x000002B2
_0805708C:
	adds r1, r6, #0x0
	adds r1, #0x4A
	b _08057160
_08057092:
	adds r0, r6, #0x0
	adds r0, #0x4A
	movs r1, #0x00
	ldsh r2, [r0, r1]
	mov r8, r0
	adds r4, r6, #0x0
	adds r4, #0x48
	cmp r2, #0x00
	bne _080570C0
	ldr r0, [r6, #0x3C]
	negs r0, r0
	asrs r0, r0, #0x01
	str r0, [r6, #0x3C]
	movs r1, #0x98
	lsls r1, r1, #0x01
	adds r0, r5, r1
	ldr r1, [r0, #0x00]
	ldr r0, [r6, #0x20]
	cmp r1, r0
	bge _080570BE
	strb r7, [r4, #0x00]
	b _080570C0
_080570BE:
	strb r2, [r4, #0x00]
_080570C0:
	mov r0, r12
	ldr r2, [r0, #0x00]
	adds r0, r2, #0x0
	adds r0, #0xDA
	movs r1, #0x00
	ldsh r0, [r0, r1]
	subs r0, #0x20
	lsls r0, r0, #0x08
	ldr r1, [r6, #0x20]
	cmp r1, r0
	blt _080570E6
	adds r0, r2, #0x0
	adds r0, #0xDC
	movs r2, #0x00
	ldsh r0, [r0, r2]
	adds r0, #0x20
	lsls r0, r0, #0x08
	cmp r1, r0
	ble _080570EA
_080570E6:
	movs r0, #0x01
	strb r0, [r3, #0x00]
_080570EA:
	ldrb r0, [r4, #0x00]
	cmp r0, #0x00
	beq _080570FC
	ldr r0, [r6, #0x20]
	ldr r1, _080570F8 @ =0xFFFFFC00
	adds r0, r0, r1
	b _08057104
_080570F8: .4byte 0xFFFFFC00
_080570FC:
	ldr r0, [r6, #0x20]
	movs r2, #0x80
	lsls r2, r2, #0x03
	adds r0, r0, r2
_08057104:
	str r0, [r6, #0x20]
	mov r1, r12
	ldr r0, [r1, #0x00]
	movs r2, #0x9A
	lsls r2, r2, #0x01
	adds r0, r0, r2
	ldr r0, [r0, #0x00]
	ldr r2, [r6, #0x24]
	subs r0, r0, r2
	asrs r0, r0, #0x04
	adds r2, r2, r0
	str r2, [r6, #0x24]
	ldr r3, [r6, #0x28]
	ldr r0, [r6, #0x3C]
	adds r3, r3, r0
	str r3, [r6, #0x28]
	adds r0, #0x40
	str r0, [r6, #0x3C]
	movs r0, #0xA3
	lsls r0, r0, #0x01
	ldr r1, [r6, #0x20]
	movs r5, #0x10
	str r5, [sp, #0x000]
	movs r4, #0x0C
	str r4, [sp, #0x004]
	str r5, [sp, #0x008]
	bl func_08011F78
	cmp r0, #0x00
	beq _08057146
	ldr r0, _0805717C @ =0x000002B3
	bl func_0811FE70
_08057146:
	ldr r0, [r6, #0x28]
	cmp r0, #0x00
	blt _0805715E
	ldr r0, _08057180 @ =0x000002B2
	bl func_0811FE70
	ldr r0, [r6, #0x3C]
	negs r0, r0
	asrs r0, r0, #0x01
	str r0, [r6, #0x3C]
	movs r0, #0x00
	str r0, [r6, #0x28]
_0805715E:
	mov r1, r8
_08057160:
	ldrh r0, [r1, #0x00]
	adds r0, #0x01
	strh r0, [r1, #0x00]
_08057166:
	adds r0, r6, #0x0
	adds r0, #0x08
	bl func_08005A64
	movs r0, #0x01
_08057170:
	add sp, #0x00C
	pop {r3}
	mov r8, r3
	pop {r4, r5, r6, r7}
	pop {r1}
	bx r1
_0805717C: .4byte 0x000002B3
_08057180: .4byte 0x000002B2
	thumb_func_start task_hum_lex_tmh_2
task_hum_lex_tmh_2: @ 08057184
	push {r4, r5, r6, r7, lr}
	mov r7, r8
	push {r7}
	add sp, #-0x014
	adds r6, r0, #0x0
	adds r0, #0x08
	bl func_08005AFC
	mov r8, r0
	adds r0, r6, #0x0
	adds r0, #0x2C
	ldrb r0, [r0, #0x00]
	cmp r0, #0x00
	beq _080571A8
	ldr r0, [r6, #0x24]
	bl func_0801AF1C
	b _080571B2
_080571A8:
	ldr r0, [r6, #0x24]
	bl func_0801AF1C
	movs r1, #0x01
	orrs r0, r1
_080571B2:
	lsls r0, r0, #0x10
	lsrs r7, r0, #0x10
	mov r5, sp
	adds r5, #0x12
	ldr r2, [r6, #0x20]
	ldr r3, [r6, #0x24]
	ldr r0, [r6, #0x28]
	str r0, [sp, #0x000]
	add r0, sp, #0x010
	adds r1, r5, #0x0
	bl func_0801909C
	add r0, sp, #0x010
	movs r1, #0x00
	ldsh r0, [r0, r1]
	movs r2, #0x00
	ldsh r1, [r5, r2]
	ldr r3, [r6, #0x00]
	ldr r2, [r6, #0x04]
	str r2, [sp, #0x000]
	movs r2, #0x00
	str r2, [sp, #0x004]
	str r7, [sp, #0x008]
	ldr r4, [r6, #0x24]
	asrs r4, r4, #0x08
	lsls r4, r4, #0x02
	mov r12, r4
	ldr r4, _08057208 @ =0xFFFFEFFC
	adds r2, r4, #0x0
	mov r4, r12
	subs r2, r2, r4
	lsls r2, r2, #0x10
	lsrs r2, r2, #0x10
	str r2, [sp, #0x00C]
	mov r2, r8
	bl func_080023E0
	ldr r1, [r6, #0x28]
	adds r4, r5, #0x0
	cmp r1, #0x00
	blt _0805720C
	movs r5, #0x00
	b _0805722E
_08057208: .4byte 0xFFFFEFFC
_0805720C:
	negs r1, r1
	cmp r1, #0x00
	bge _08057214
	adds r1, #0xFF
_08057214:
	asrs r1, r1, #0x08
	movs r0, #0x80
	lsls r0, r0, #0x01
	subs r2, r0, r1
	cmp r2, #0x4B
	bgt _08057222
	movs r2, #0x4C
_08057222:
	movs r0, #0x00
	adds r1, r2, #0x0
	movs r3, #0x00
	bl func_08002CB4
	adds r5, r0, #0x0
_0805722E:
	ldr r2, [r6, #0x20]
	ldr r3, [r6, #0x24]
	movs r0, #0x00
	str r0, [sp, #0x000]
	add r0, sp, #0x010
	adds r1, r4, #0x0
	bl func_0801909C
	add r0, sp, #0x010
	movs r1, #0x00
	ldsh r0, [r0, r1]
	movs r2, #0x00
	ldsh r1, [r4, r2]
	ldr r2, _08057268 @ =0x08B22BA8
	ldr r3, [r6, #0x40]
	ldr r4, [r6, #0x44]
	str r4, [sp, #0x000]
	str r5, [sp, #0x004]
	str r7, [sp, #0x008]
	ldr r4, _0805726C @ =0x0000FFF0
	str r4, [sp, #0x00C]
	bl func_080023E0
	add sp, #0x014
	pop {r3}
	mov r8, r3
	pop {r4, r5, r6, r7}
	pop {r0}
	bx r0
_08057268: .4byte 0x08B22BA8
_0805726C: .4byte 0x0000FFF0
	thumb_func_start task_hum_lex_tmh_3
task_hum_lex_tmh_3: @ 08057270
	push {r4, lr}
	adds r4, r0, #0x0
	ldr r0, [r4, #0x40]
	bl func_080028C0
	ldr r0, [r4, #0x44]
	bl func_08002C10
	ldr r0, [r4, #0x00]
	bl func_080028C0
	ldr r0, [r4, #0x04]
	bl func_08002C10
	pop {r4}
	pop {r0}
	bx r0
	.byte 0x00, 0x00
	thumb_func_start task_hum_lex_tmh0_0
task_hum_lex_tmh0_0: @ 08057294
	push {r4, r5, r6, lr}
	adds r5, r0, #0x0
	adds r6, r1, #0x0
	ldr r0, _080572DC @ =0x09618478
	movs r1, #0x20
	bl func_08002A14
	str r0, [r5, #0x04]
	movs r0, #0x80
	lsls r0, r0, #0x03
	ldr r1, _080572E0 @ =0x08C3151E
	bl func_080028F8
	str r0, [r5, #0x00]
	adds r4, r5, #0x0
	adds r4, #0x08
	ldr r1, _080572E4 @ =0x09EE2288
	ldr r2, _080572E8 @ =0x09EE2250
	adds r0, r4, #0x0
	bl func_08005968
	adds r0, r4, #0x0
	movs r1, #0x02
	movs r2, #0x01
	bl func_080059A4
	movs r0, #0x12
	ldsh r1, [r6, r0]
	cmp r1, #0x00
	beq _080572EC
	adds r1, r5, #0x0
	adds r1, #0x2C
	movs r0, #0x01
	strb r0, [r1, #0x00]
	b _080572F2
	.byte 0x00, 0x00
_080572DC: .4byte 0x09618478
_080572E0: .4byte 0x08C3151E
_080572E4: .4byte 0x09EE2288
_080572E8: .4byte 0x09EE2250
_080572EC:
	adds r0, r5, #0x0
	adds r0, #0x2C
	strb r1, [r0, #0x00]
_080572F2:
	ldr r0, [r6, #0x00]
	str r0, [r5, #0x20]
	ldr r0, [r6, #0x04]
	str r0, [r5, #0x24]
	ldr r0, [r6, #0x08]
	str r0, [r5, #0x28]
	movs r0, #0x0A
	str r0, [r5, #0x30]
	movs r0, #0x15
	strh r0, [r5, #0x34]
	movs r0, #0xAD
	lsls r0, r0, #0x02
	bl func_0811FE70
	pop {r4, r5, r6}
	pop {r0}
	bx r0
	thumb_func_start task_hum_lex_tmh0_1
task_hum_lex_tmh0_1: @ 08057314
	push {r4, lr}
	adds r4, r0, #0x0
	ldr r0, _08057358 @ =0x02039B84
	ldr r0, [r0, #0x00]
	ldr r1, [r0, #0x6C]
	ldr r0, [r0, #0x68]
	movs r2, #0x40
	ands r0, r2
	movs r1, #0x00
	orrs r0, r1
	cmp r0, #0x00
	beq _0805735C
	adds r0, r4, #0x0
	adds r0, #0x30
	movs r1, #0x80
	lsls r1, r1, #0x01
	ldrh r2, [r4, #0x34]
	subs r3, r2, #0x1
	strh r3, [r4, #0x34]
	lsls r2, r2, #0x10
	lsrs r2, r2, #0x10
	bl func_080058FC
	movs r1, #0x34
	ldsh r0, [r4, r1]
	cmp r0, #0x00
	ble _0805735C
	adds r0, r4, #0x0
	adds r0, #0x08
	bl func_08005A64
	movs r0, #0x01
	b _0805735E
	.byte 0x00, 0x00
_08057358: .4byte 0x02039B84
_0805735C:
	movs r0, #0x00
_0805735E:
	pop {r4}
	pop {r1}
	bx r1
	thumb_func_start task_hum_lex_tmh0_2
task_hum_lex_tmh0_2: @ 08057364
	push {r4, r5, r6, r7, lr}
	mov r7, r8
	push {r7}
	add sp, #-0x014
	adds r6, r0, #0x0
	adds r0, #0x08
	bl func_08005AFC
	mov r8, r0
	ldr r0, [r6, #0x24]
	bl func_0801AF1C
	lsls r0, r0, #0x10
	lsrs r7, r0, #0x10
	ldr r2, [r6, #0x30]
	movs r0, #0x80
	lsls r0, r0, #0x01
	cmp r2, r0
	bne _0805739A
	adds r0, r6, #0x0
	adds r0, #0x2C
	ldrb r0, [r0, #0x00]
	cmp r0, #0x00
	bne _080573A6
	movs r0, #0x01
	orrs r7, r0
	b _080573A6
_0805739A:
	adds r0, r6, #0x0
	adds r0, #0x2C
	ldrb r0, [r0, #0x00]
	negs r1, r2
	cmp r0, #0x00
	beq _080573A8
_080573A6:
	adds r1, r2, #0x0
_080573A8:
	movs r2, #0x80
	lsls r2, r2, #0x01
	movs r0, #0x00
	movs r3, #0x00
	bl func_08002CB4
	adds r5, r0, #0x0
	mov r4, sp
	adds r4, #0x12
	ldr r2, [r6, #0x20]
	ldr r3, [r6, #0x24]
	ldr r0, [r6, #0x28]
	str r0, [sp, #0x000]
	add r0, sp, #0x010
	adds r1, r4, #0x0
	bl func_0801909C
	add r0, sp, #0x010
	movs r1, #0x00
	ldsh r0, [r0, r1]
	movs r2, #0x00
	ldsh r1, [r4, r2]
	ldr r3, [r6, #0x00]
	ldr r2, [r6, #0x04]
	str r2, [sp, #0x000]
	str r5, [sp, #0x004]
	str r7, [sp, #0x008]
	ldr r4, [r6, #0x24]
	asrs r4, r4, #0x08
	lsls r4, r4, #0x02
	ldr r5, _08057404 @ =0xFFFFEFF4
	adds r2, r5, #0x0
	subs r2, r2, r4
	lsls r2, r2, #0x10
	lsrs r2, r2, #0x10
	str r2, [sp, #0x00C]
	mov r2, r8
	bl func_080023E0
	add sp, #0x014
	pop {r3}
	mov r8, r3
	pop {r4, r5, r6, r7}
	pop {r0}
	bx r0
	.byte 0x00, 0x00
_08057404: .4byte 0xFFFFEFF4
	thumb_func_start task_hum_lex_tmh0_3
task_hum_lex_tmh0_3: @ 08057408
	push {r4, lr}
	adds r4, r0, #0x0
	ldr r0, [r4, #0x00]
	bl func_080028C0
	ldr r0, [r4, #0x04]
	bl func_08002C10
	pop {r4}
	pop {r0}
	bx r0
	.byte 0x00, 0x00
	thumb_func_start task_hum_lex_rock_0
task_hum_lex_rock_0: @ 08057420
	push {r4, r5, lr}
	adds r5, r0, #0x0
	adds r2, r1, #0x0
	movs r0, #0x12
	ldsh r1, [r2, r0]
	cmp r1, #0x00
	beq _0805743A
	movs r3, #0xB0
	lsls r3, r3, #0x01
	adds r1, r5, r3
	movs r0, #0x01
	strb r0, [r1, #0x00]
	b _08057442
_0805743A:
	movs r3, #0xB0
	lsls r3, r3, #0x01
	adds r0, r5, r3
	strb r1, [r0, #0x00]
_08057442:
	movs r0, #0xAA
	lsls r0, r0, #0x01
	adds r1, r5, r0
	ldr r0, [r2, #0x00]
	str r0, [r1, #0x00]
	movs r3, #0xAC
	lsls r3, r3, #0x01
	adds r1, r5, r3
	ldr r0, [r2, #0x04]
	str r0, [r1, #0x00]
	movs r0, #0xAE
	lsls r0, r0, #0x01
	adds r1, r5, r0
	ldr r0, [r2, #0x08]
	str r0, [r1, #0x00]
	movs r1, #0xB1
	lsls r1, r1, #0x01
	adds r0, r5, r1
	movs r4, #0x00
	movs r1, #0x00
	strh r1, [r0, #0x00]
	movs r2, #0xB2
	lsls r2, r2, #0x01
	adds r0, r5, r2
	strh r1, [r0, #0x00]
	ldr r0, _080574A4 @ =0x08B22CE4
	movs r1, #0x80
	lsls r1, r1, #0x02
	bl func_080026A4
	movs r3, #0xAE
	lsls r3, r3, #0x02
	adds r1, r5, r3
	str r0, [r1, #0x00]
	ldr r0, _080574A8 @ =0x08F69BA4
	movs r1, #0x20
	bl func_08002A14
	movs r2, #0xAF
	lsls r2, r2, #0x02
	adds r1, r5, r2
	str r0, [r1, #0x00]
	movs r3, #0xB0
	lsls r3, r3, #0x02
	adds r0, r5, r3
	strb r4, [r0, #0x00]
	pop {r4, r5}
	pop {r0}
	bx r0
_080574A4: .4byte 0x08B22CE4
_080574A8: .4byte 0x08F69BA4
	thumb_func_start task_hum_lex_rock_1
task_hum_lex_rock_1: @ 080574AC
	push {r4, r5, r6, r7, lr}
	mov r7, r8
	push {r7}
	add sp, #-0x00C
	adds r6, r0, #0x0
	ldr r3, _080574E4 @ =0x02039B84
	ldr r0, [r3, #0x00]
	ldr r1, [r0, #0x6C]
	ldr r0, [r0, #0x68]
	movs r2, #0x40
	ands r0, r2
	movs r1, #0x00
	orrs r0, r1
	cmp r0, #0x00
	bne _080574CC
	b _08057890
_080574CC:
	movs r1, #0xB1
	lsls r1, r1, #0x01
	adds r0, r6, r1
	ldrh r0, [r0, #0x00]
	cmp r0, #0x06
	bls _080574DA
	b _0805789C
_080574DA:
	lsls r0, r0, #0x02
	ldr r1, _080574E8 @ =0x080574EC
	adds r0, r0, r1
	ldr r0, [r0, #0x00]
	mov pc, r0
_080574E4: .4byte 0x02039B84
_080574E8: .4byte 0x080574EC
	.byte 0x08, 0x75, 0x05, 0x08, 0x58, 0x75, 0x05, 0x08, 0x70, 0x75, 0x05, 0x08, 0xDC, 0x75, 0x05, 0x08
	.byte 0x08, 0x76, 0x05, 0x08, 0x26, 0x76, 0x05, 0x08, 0xC0, 0x77, 0x05, 0x08, 0xB2, 0x22, 0x52, 0x00
	.byte 0xB1, 0x18, 0x01, 0x20, 0x08, 0x80, 0x0D, 0x48, 0x20, 0x21, 0xAB, 0xF7, 0x7D, 0xFA, 0x30, 0x63
	.byte 0xDC, 0x20, 0x00, 0x01, 0x0A, 0x49, 0xAB, 0xF7, 0xE9, 0xF9, 0x30, 0x60, 0x34, 0x1C, 0x34, 0x34
	.byte 0x08, 0x49, 0x09, 0x4A, 0x20, 0x1C, 0xAE, 0xF7, 0x19, 0xFA, 0x20, 0x1C, 0x00, 0x21, 0x00, 0x22
	.byte 0xAE, 0xF7, 0x32, 0xFA, 0xB1, 0x23, 0x5B, 0x00, 0xF1, 0x18, 0x6A, 0xE0, 0xC4, 0xDC, 0xF6, 0x08
	.byte 0xBE, 0x2B, 0xC4, 0x08, 0x38, 0x23, 0xEE, 0x09, 0x0C, 0x23, 0xEE, 0x09, 0x30, 0x1C, 0x34, 0x30
	.byte 0xAE, 0xF7, 0xDE, 0xFA, 0x00, 0x06, 0x00, 0x28, 0x00, 0xD1, 0x99, 0xE1, 0xB1, 0x20, 0x40, 0x00
	.byte 0x31, 0x18, 0x56, 0xE0, 0x30, 0x68, 0xAB, 0xF7, 0xA5, 0xF9, 0x30, 0x6B, 0xAB, 0xF7, 0x4A, 0xFB
	.byte 0xB2, 0x22, 0x52, 0x00, 0xB1, 0x18, 0x01, 0x20, 0x08, 0x80, 0x10, 0x48, 0x20, 0x21, 0xAB, 0xF7
	.byte 0x43, 0xFA, 0x30, 0x63, 0xDC, 0x20, 0x00, 0x01, 0x0D, 0x49, 0xAB, 0xF7, 0xAF, 0xF9, 0x30, 0x60
	.byte 0x34, 0x1C, 0x34, 0x34, 0x0B, 0x49, 0x0C, 0x4A, 0x20, 0x1C, 0xAE, 0xF7, 0xDF, 0xF9, 0x20, 0x1C
	.byte 0x00, 0x21, 0x00, 0x22, 0xAE, 0xF7, 0xF8, 0xF9, 0xAE, 0x23, 0x5B, 0x00, 0xF1, 0x18, 0x08, 0x68
	.byte 0x06, 0x4A, 0x80, 0x18, 0x08, 0x60, 0x06, 0x33, 0xF1, 0x18, 0x2A, 0xE0, 0xE4, 0xDC, 0xF6, 0x08
	.byte 0x90, 0x67, 0xC4, 0x08, 0x9C, 0x23, 0xEE, 0x09, 0x3C, 0x23, 0xEE, 0x09, 0x00, 0xC0, 0xFF, 0xFF
	.byte 0x18, 0x68, 0xC1, 0x6E, 0x80, 0x6E, 0x80, 0x22, 0x52, 0x03, 0x10, 0x40, 0x00, 0x21, 0x08, 0x43
	.byte 0x00, 0x28, 0x00, 0xD1, 0x54, 0xE1, 0xAE, 0x20, 0x80, 0x00, 0xC8, 0xF0, 0x3B, 0xFC, 0xB1, 0x20
	.byte 0x40, 0x00, 0x31, 0x18, 0x08, 0x88, 0x02, 0x30, 0x08, 0x80, 0x49, 0xE1, 0x30, 0x1C, 0x34, 0x30
	.byte 0xAE, 0xF7, 0x86, 0xFA, 0x00, 0x06, 0x00, 0x28, 0x00, 0xD1, 0x41, 0xE1, 0xB1, 0x22, 0x52, 0x00
	.byte 0xB1, 0x18, 0x08, 0x88, 0x01, 0x30, 0x08, 0x80, 0x3A, 0xE1, 0xB2, 0x23, 0x5B, 0x00, 0xF0, 0x18
	.byte 0x0C, 0x21, 0x01, 0x80, 0x30, 0x68, 0xAB, 0xF7, 0x45, 0xF9, 0x00, 0x27, 0xB4, 0x20, 0x40, 0x00
	.byte 0x35, 0x18, 0x34, 0x21, 0x89, 0x19, 0x88, 0x46, 0xC0, 0x20, 0x17, 0x49, 0xAB, 0xF7, 0x56, 0xF9
	.byte 0xB9, 0x00, 0x71, 0x18, 0x08, 0x60, 0x40, 0x46, 0x14, 0x49, 0x15, 0x4A, 0xAE, 0xF7, 0x86, 0xF9
	.byte 0xAE, 0xF7, 0xA2, 0xFF, 0x00, 0x04, 0x00, 0x0C, 0x05, 0x21, 0xC6, 0xF0, 0xB1, 0xF8, 0x01, 0x1C
	.byte 0x02, 0x31, 0x09, 0x04, 0x09, 0x0C, 0x40, 0x46, 0x03, 0x22, 0xAE, 0xF7, 0x95, 0xF9, 0xB0, 0x22
	.byte 0x52, 0x00, 0xB0, 0x18, 0x00, 0x78, 0x00, 0x28, 0x16, 0xD0, 0xAE, 0xF7, 0x8D, 0xFF, 0x00, 0x04
	.byte 0x00, 0x0C, 0x08, 0x49, 0xC6, 0xF0, 0x9C, 0xF8, 0x00, 0x04, 0x00, 0x0C, 0xC0, 0x23, 0x9B, 0x00
	.byte 0xC0, 0x18, 0x40, 0x42, 0x14, 0xE0, 0x00, 0x00, 0x90, 0x67, 0xC4, 0x08, 0x9C, 0x23, 0xEE, 0x09
	.byte 0x3C, 0x23, 0xEE, 0x09, 0x01, 0x05, 0x00, 0x00, 0xAE, 0xF7, 0x76, 0xFF, 0x00, 0x04, 0x00, 0x0C
	.byte 0x2F, 0x49, 0xC6, 0xF0, 0x85, 0xF8, 0x00, 0x04, 0x00, 0x0C, 0xC0, 0x21, 0x89, 0x00, 0x40, 0x18
	.byte 0x68, 0x61, 0xAE, 0xF7, 0x69, 0xFF, 0x00, 0x04, 0x00, 0x0C, 0x2A, 0x49, 0xC6, 0xF0, 0x78, 0xF8
	.byte 0x00, 0x04, 0x00, 0x0C, 0x28, 0x4A, 0x80, 0x18, 0xA8, 0x61, 0xAE, 0xF7, 0x5D, 0xFF, 0xAA, 0x23
	.byte 0x5B, 0x00, 0xF4, 0x18, 0x00, 0x04, 0x00, 0x0C, 0x11, 0x21, 0xC6, 0xF0, 0x69, 0xF8, 0x00, 0x04
	.byte 0x00, 0x0A, 0x22, 0x49, 0x40, 0x18, 0x21, 0x68, 0x09, 0x18, 0x69, 0x60, 0xAE, 0xF7, 0x4C, 0xFF
	.byte 0xAC, 0x22, 0x52, 0x00, 0xB4, 0x18, 0x00, 0x04, 0x00, 0x0C, 0x11, 0x21, 0xC6, 0xF0, 0x58, 0xF8
	.byte 0x00, 0x04, 0x00, 0x0A, 0x19, 0x4B, 0xC0, 0x18, 0x21, 0x68, 0x09, 0x18, 0xA9, 0x60, 0xAE, 0xF7
	.byte 0x3B, 0xFF, 0xAE, 0x21, 0x49, 0x00, 0x74, 0x18, 0x00, 0x04, 0x00, 0x0C, 0x11, 0x21, 0xC6, 0xF0
	.byte 0x47, 0xF8, 0x00, 0x04, 0x00, 0x0A, 0x11, 0x4A, 0x80, 0x18, 0x21, 0x68, 0x09, 0x18, 0xE9, 0x60
	.byte 0x00, 0x20, 0x28, 0x70, 0xAE, 0xF7, 0x28, 0xFF, 0x00, 0x04, 0x00, 0x0C, 0x01, 0x21, 0x08, 0x40
	.byte 0x00, 0x28, 0x17, 0xD0, 0xAE, 0xF7, 0x20, 0xFF, 0x00, 0x04, 0x00, 0x0C, 0x08, 0x49, 0xC6, 0xF0
	.byte 0x2F, 0xF8, 0x00, 0x04, 0x00, 0x0C, 0x80, 0x23, 0x5B, 0x00, 0xC0, 0x18, 0x40, 0x42, 0x0D, 0xE0
	.byte 0x01, 0x05, 0x00, 0x00, 0x01, 0x08, 0x00, 0x00, 0x00, 0xFC, 0xFF, 0xFF, 0x00, 0xF8, 0xFF, 0xFF
	.byte 0x01, 0x07, 0x00, 0x00, 0xAE, 0xF7, 0x08, 0xFF, 0xC0, 0x20, 0x80, 0x00, 0x28, 0x61, 0x1C, 0x35
	.byte 0x18, 0x20, 0x80, 0x44, 0x01, 0x37, 0x0B, 0x2F, 0x00, 0xDC, 0x4D, 0xE7, 0xB1, 0x21, 0x49, 0x00
	.byte 0x72, 0x18, 0x10, 0x88, 0x01, 0x30, 0x00, 0x21, 0x10, 0x80, 0xB3, 0x22, 0x52, 0x00, 0xB0, 0x18
	.byte 0x01, 0x80, 0x6D, 0xE0, 0xB0, 0x23, 0x9B, 0x00, 0xF0, 0x18, 0x00, 0x78, 0x00, 0x28, 0x50, 0xD1
	.byte 0xC2, 0xF7, 0x30, 0xF9, 0xB4, 0x20, 0x40, 0x00, 0x34, 0x18, 0xB8, 0x21, 0x49, 0x00, 0x89, 0x19
	.byte 0x88, 0x46, 0xB6, 0x22, 0x52, 0x00, 0xB5, 0x18, 0x0B, 0x27, 0x60, 0x68, 0x61, 0x69, 0x40, 0x18
	.byte 0x60, 0x60, 0xA0, 0x68, 0xA1, 0x69, 0x40, 0x18, 0xA0, 0x60, 0xE0, 0x68, 0x21, 0x69, 0x40, 0x18
	.byte 0xE0, 0x60, 0x40, 0x31, 0x21, 0x61, 0x00, 0x28, 0x04, 0xDD, 0x00, 0x20, 0xE0, 0x60, 0x48, 0x10
	.byte 0x40, 0x42, 0x20, 0x61, 0x28, 0x1C, 0x41, 0x46, 0x00, 0x22, 0x00, 0x23, 0xC3, 0xF7, 0x44, 0xF8
	.byte 0x01, 0x28, 0x0A, 0xD3, 0x02, 0x28, 0x05, 0xD9, 0x04, 0x28, 0x06, 0xD8, 0xA0, 0x69, 0x40, 0x42
	.byte 0xA0, 0x61, 0x02, 0xE0, 0x60, 0x69, 0x40, 0x42, 0x60, 0x61, 0x20, 0x78, 0x00, 0x28, 0x11, 0xD1
	.byte 0x61, 0x68, 0xA2, 0x68, 0xE3, 0x68, 0x04, 0x20, 0x00, 0x90, 0x01, 0x90, 0x02, 0x90, 0xA4, 0x20
	.byte 0x40, 0x00, 0xBA, 0xF7, 0x93, 0xFB, 0x00, 0x28, 0x04, 0xD0, 0x0F, 0x48, 0xC8, 0xF0, 0x0A, 0xFB
	.byte 0x01, 0x20, 0x20, 0x70, 0x1C, 0x34, 0x1C, 0x23, 0x98, 0x44, 0x1C, 0x35, 0x01, 0x3F, 0x00, 0x2F
	.byte 0xBB, 0xDA, 0xB3, 0x20, 0x40, 0x00, 0x32, 0x18, 0x00, 0x21, 0x50, 0x5E, 0x50, 0x28, 0x04, 0xD1
	.byte 0xB0, 0x23, 0x9B, 0x00, 0xF1, 0x18, 0x01, 0x20, 0x08, 0x70, 0x11, 0x88, 0x00, 0x23, 0xD0, 0x5E
	.byte 0x64, 0x28, 0x03, 0xDD
_08057890:
	movs r0, #0x00
	b _080578C2
	.byte 0x21, 0x02, 0x00, 0x00, 0x48, 0x1C, 0x10, 0x80
_0805789C:
	movs r7, #0x00
	movs r1, #0xB2
	lsls r1, r1, #0x01
	adds r0, r6, r1
	ldrh r0, [r0, #0x00]
	cmp r7, r0
	bge _080578C0
	adds r5, r6, r1
	adds r4, r6, #0x0
	adds r4, #0x34
_080578B0:
	adds r0, r4, #0x0
	bl func_08005A64
	adds r4, #0x18
	adds r7, #0x01
	ldrh r2, [r5, #0x00]
	cmp r7, r2
	blt _080578B0
_080578C0:
	movs r0, #0x01
_080578C2:
	add sp, #0x00C
	pop {r3}
	mov r8, r3
	pop {r4, r5, r6, r7}
	pop {r1}
	bx r1
	.byte 0x00, 0x00
	thumb_func_start task_hum_lex_rock_2
task_hum_lex_rock_2: @ 080578D0
	push {r4, r5, r6, r7, lr}
	mov r7, r10
	mov r6, r9
	mov r5, r8
	push {r5, r6, r7}
	add sp, #-0x018
	adds r6, r0, #0x0
	movs r1, #0xB0
	lsls r1, r1, #0x02
	adds r0, r6, r1
	ldrb r0, [r0, #0x00]
	cmp r0, #0x00
	beq _080578FC
	movs r2, #0xB3
	lsls r2, r2, #0x01
	adds r0, r6, r2
	ldrh r1, [r0, #0x00]
	movs r0, #0x01
	ands r0, r1
	cmp r0, #0x00
	beq _080578FC
	b _08057A82
_080578FC:
	movs r3, #0xB2
	lsls r3, r3, #0x01
	adds r1, r6, r3
	ldrh r0, [r1, #0x00]
	cmp r0, #0x01
	bne _0805799C
	adds r0, r6, #0x0
	adds r0, #0x34
	bl func_08005AFC
	str r0, [sp, #0x014]
	movs r4, #0xB0
	lsls r4, r4, #0x01
	adds r0, r6, r4
	ldrb r0, [r0, #0x00]
	cmp r0, #0x00
	beq _0805792C
	movs r5, #0xAC
	lsls r5, r5, #0x01
	adds r0, r6, r5
	ldr r0, [r0, #0x00]
	bl func_0801AF1C
	b _0805793C
_0805792C:
	movs r1, #0xAC
	lsls r1, r1, #0x01
	adds r0, r6, r1
	ldr r0, [r0, #0x00]
	bl func_0801AF1C
	movs r1, #0x01
	orrs r0, r1
_0805793C:
	lsls r0, r0, #0x10
	lsrs r7, r0, #0x10
	mov r4, sp
	adds r4, #0x12
	movs r2, #0xAA
	lsls r2, r2, #0x01
	adds r0, r6, r2
	ldr r2, [r0, #0x00]
	movs r3, #0xAC
	lsls r3, r3, #0x01
	adds r5, r6, r3
	ldr r3, [r5, #0x00]
	movs r1, #0xAE
	lsls r1, r1, #0x01
	adds r0, r6, r1
	ldr r0, [r0, #0x00]
	str r0, [sp, #0x000]
	add r0, sp, #0x010
	adds r1, r4, #0x0
	bl func_0801909C
	add r0, sp, #0x010
	movs r2, #0x00
	ldsh r0, [r0, r2]
	movs r3, #0x00
	ldsh r1, [r4, r3]
	ldr r3, [r6, #0x00]
	ldr r2, [r6, #0x30]
	str r2, [sp, #0x000]
	movs r2, #0x00
	str r2, [sp, #0x004]
	str r7, [sp, #0x008]
	ldr r4, [r5, #0x00]
	asrs r4, r4, #0x08
	lsls r4, r4, #0x02
	ldr r5, _08057998 @ =0xFFFFEFFA
	adds r2, r5, #0x0
	subs r2, r2, r4
	lsls r2, r2, #0x10
	lsrs r2, r2, #0x10
	str r2, [sp, #0x00C]
	ldr r2, [sp, #0x014]
	bl func_080023E0
	b _08057A82
	.byte 0x00, 0x00
_08057998: .4byte 0xFFFFEFFA
_0805799C:
	cmp r0, #0x0C
	bne _08057A82
	movs r0, #0x00
	mov r10, r0
	ldrh r1, [r1, #0x00]
	cmp r10, r1
	bge _08057A82
	movs r1, #0x12
	add r1, sp
	mov r8, r1
	movs r2, #0xB6
	lsls r2, r2, #0x01
	adds r5, r6, r2
	movs r3, #0x34
	adds r3, r3, r6
	mov r9, r3
_080579BC:
	mov r0, r9
	bl func_08005AFC
	str r0, [sp, #0x014]
	movs r4, #0xB0
	lsls r4, r4, #0x01
	adds r0, r6, r4
	ldrb r0, [r0, #0x00]
	cmp r0, #0x00
	beq _080579D8
	ldr r0, [r5, #0x04]
	bl func_0801AF1C
	b _080579E2
_080579D8:
	ldr r0, [r5, #0x04]
	bl func_0801AF1C
	movs r1, #0x01
	orrs r0, r1
_080579E2:
	lsls r0, r0, #0x10
	lsrs r7, r0, #0x10
	ldr r2, [r5, #0x00]
	ldr r3, [r5, #0x04]
	ldr r0, [r5, #0x08]
	str r0, [sp, #0x000]
	add r0, sp, #0x010
	mov r1, r8
	bl func_0801909C
	add r0, sp, #0x010
	movs r1, #0x00
	ldsh r0, [r0, r1]
	mov r2, r8
	movs r3, #0x00
	ldsh r1, [r2, r3]
	mov r4, r10
	lsls r2, r4, #0x02
	adds r2, r6, r2
	ldr r3, [r2, #0x00]
	ldr r2, [r6, #0x30]
	str r2, [sp, #0x000]
	movs r2, #0x00
	str r2, [sp, #0x004]
	str r7, [sp, #0x008]
	ldr r4, [r5, #0x04]
	asrs r4, r4, #0x08
	lsls r4, r4, #0x02
	mov r12, r4
	ldr r4, _08057A94 @ =0xFFFFEFFA
	adds r2, r4, #0x0
	mov r4, r12
	subs r2, r2, r4
	lsls r2, r2, #0x10
	lsrs r2, r2, #0x10
	str r2, [sp, #0x00C]
	ldr r2, [sp, #0x014]
	bl func_080023E0
	ldr r2, [r5, #0x00]
	ldr r3, [r5, #0x04]
	movs r0, #0x00
	str r0, [sp, #0x000]
	add r0, sp, #0x010
	mov r1, r8
	bl func_0801909C
	add r0, sp, #0x010
	movs r1, #0x00
	ldsh r0, [r0, r1]
	mov r2, r8
	movs r3, #0x00
	ldsh r1, [r2, r3]
	movs r4, #0xAE
	lsls r4, r4, #0x02
	adds r2, r6, r4
	ldr r3, [r2, #0x00]
	adds r4, #0x04
	adds r2, r6, r4
	ldr r2, [r2, #0x00]
	str r2, [sp, #0x000]
	movs r2, #0x00
	str r2, [sp, #0x004]
	str r7, [sp, #0x008]
	ldr r2, _08057A98 @ =0x0000FFFE
	str r2, [sp, #0x00C]
	ldr r2, _08057A9C @ =0x08B22CBC
	bl func_080023E0
	adds r5, #0x1C
	movs r3, #0x18
	add r9, r3
	movs r4, #0x01
	add r10, r4
	movs r1, #0xB2
	lsls r1, r1, #0x01
	adds r0, r6, r1
	ldrh r0, [r0, #0x00]
	cmp r10, r0
	blt _080579BC
_08057A82:
	add sp, #0x018
	pop {r3, r4, r5}
	mov r8, r3
	mov r9, r4
	mov r10, r5
	pop {r4, r5, r6, r7}
	pop {r0}
	bx r0
	.byte 0x00, 0x00
_08057A94: .4byte 0xFFFFEFFA
_08057A98: .4byte 0x0000FFFE
_08057A9C: .4byte 0x08B22CBC
	thumb_func_start task_hum_lex_rock_3
task_hum_lex_rock_3: @ 08057AA0
	push {r4, r5, r6, lr}
	adds r5, r0, #0x0
	movs r1, #0xAE
	lsls r1, r1, #0x02
	adds r0, r5, r1
	ldr r0, [r0, #0x00]
	bl func_080028C0
	movs r1, #0xAF
	lsls r1, r1, #0x02
	adds r0, r5, r1
	ldr r0, [r0, #0x00]
	bl func_08002C10
	movs r0, #0xB2
	lsls r0, r0, #0x01
	adds r6, r5, r0
	ldrh r0, [r6, #0x00]
	cmp r0, #0x00
	beq _08057AEA
	ldr r0, [r5, #0x30]
	bl func_08002C10
	movs r4, #0x00
	ldrh r6, [r6, #0x00]
	cmp r4, r6
	bge _08057AEA
	movs r1, #0xB2
	lsls r1, r1, #0x01
	adds r6, r5, r1
_08057ADC:
	ldm r5!, {r0}
	bl func_080028C0
	adds r4, #0x01
	ldrh r0, [r6, #0x00]
	cmp r4, r0
	blt _08057ADC
_08057AEA:
	pop {r4, r5, r6}
	pop {r0}
	bx r0
	thumb_func_start task_hum_mahluxia_flw_0
task_hum_mahluxia_flw_0: @ 08057AF0
	push {r4, r5, lr}
	adds r4, r0, #0x0
	adds r5, r1, #0x0
	ldr r0, _08057B70 @ =0x08F6DC84
	movs r1, #0x20
	bl func_08002A14
	str r0, [r4, #0x08]
	ldr r0, _08057B74 @ =0x08BCB3D8
	movs r1, #0x80
	lsls r1, r1, #0x01
	bl func_080026A4
	str r0, [r4, #0x04]
	movs r0, #0x00
	str r0, [r4, #0x00]
	ldr r0, [r5, #0x00]
	str r0, [r4, #0x30]
	ldr r0, [r5, #0x04]
	str r0, [r4, #0x34]
	ldr r0, [r5, #0x08]
	str r0, [r4, #0x38]
	bl func_080065A4
	lsls r0, r0, #0x10
	lsrs r0, r0, #0x10
	ldr r1, _08057B78 @ =0x000002CD
	bl func_0811D7CC
	lsls r0, r0, #0x10
	lsrs r0, r0, #0x10
	ldr r1, _08057B7C @ =0xFFFFFE9A
	adds r0, r0, r1
	str r0, [r4, #0x2C]
	bl func_080065A4
	lsls r0, r0, #0x10
	lsrs r0, r0, #0x10
	ldr r1, _08057B80 @ =0x0000021B
	bl func_0811D7CC
	lsls r0, r0, #0x10
	lsrs r0, r0, #0x10
	adds r0, #0x66
	negs r0, r0
	str r0, [r4, #0x28]
	adds r4, #0x0C
	ldr r1, _08057B84 @ =0x09EE1CB4
	ldr r2, _08057B88 @ =0x09EE1C94
	adds r0, r4, #0x0
	bl func_08005968
	bl func_080065A4
	movs r1, #0x01
	ands r1, r0
	adds r0, r4, #0x0
	movs r2, #0x01
	bl func_080059A4
	pop {r4, r5}
	pop {r0}
	bx r0
	.byte 0x00, 0x00
_08057B70: .4byte 0x08F6DC84
_08057B74: .4byte 0x08BCB3D8
_08057B78: .4byte 0x000002CD
_08057B7C: .4byte 0xFFFFFE9A
_08057B80: .4byte 0x0000021B
_08057B84: .4byte 0x09EE1CB4
_08057B88: .4byte 0x09EE1C94
	thumb_func_start task_hum_mahluxia_flw_1
task_hum_mahluxia_flw_1: @ 08057B8C
	push {r4, lr}
	adds r4, r0, #0x0
	ldr r0, [r4, #0x00]
	cmp r0, #0x00
	beq _08057B9C
	cmp r0, #0x01
	beq _08057BBE
	b _08057C34
_08057B9C:
	ldr r0, [r4, #0x30]
	ldr r1, [r4, #0x2C]
	adds r0, r0, r1
	str r0, [r4, #0x30]
	ldr r0, [r4, #0x38]
	ldr r1, [r4, #0x28]
	adds r0, r0, r1
	str r0, [r4, #0x38]
	adds r1, #0x11
	str r1, [r4, #0x28]
	movs r0, #0xE6
	lsls r0, r0, #0x01
	cmp r1, r0
	ble _08057C34
	movs r0, #0x01
	str r0, [r4, #0x00]
	b _08057C34
_08057BBE:
	ldr r0, [r4, #0x30]
	ldr r1, [r4, #0x2C]
	adds r0, r0, r1
	str r0, [r4, #0x30]
	ldr r0, [r4, #0x38]
	ldr r1, [r4, #0x28]
	adds r0, r0, r1
	str r0, [r4, #0x38]
	subs r1, #0x0C
	str r1, [r4, #0x28]
	cmp r1, #0x00
	bge _08057C26
	bl func_080065A4
	lsls r0, r0, #0x10
	lsrs r0, r0, #0x10
	movs r1, #0xB5
	bl func_0811D7CC
	lsls r0, r0, #0x10
	lsrs r0, r0, #0x10
	adds r0, #0xCC
	str r0, [r4, #0x28]
	ldr r0, [r4, #0x2C]
	cmp r0, #0x00
	ble _08057C10
	bl func_080065A4
	lsls r0, r0, #0x10
	lsrs r0, r0, #0x10
	ldr r1, _08057C0C @ =0x00000101
	bl func_0811D7CC
	lsls r0, r0, #0x10
	lsrs r0, r0, #0x10
	adds r0, #0x80
	negs r0, r0
	b _08057C24
	.byte 0x00, 0x00
_08057C0C: .4byte 0x00000101
_08057C10:
	bl func_080065A4
	lsls r0, r0, #0x10
	lsrs r0, r0, #0x10
	ldr r1, _08057C30 @ =0x00000101
	bl func_0811D7CC
	lsls r0, r0, #0x10
	lsrs r0, r0, #0x10
	adds r0, #0x80
_08057C24:
	str r0, [r4, #0x2C]
_08057C26:
	ldr r0, [r4, #0x38]
	cmp r0, #0x00
	blt _08057C34
	movs r0, #0x00
	b _08057C3E
_08057C30: .4byte 0x00000101
_08057C34:
	adds r0, r4, #0x0
	adds r0, #0x0C
	bl func_08005A64
	movs r0, #0x01
_08057C3E:
	pop {r4}
	pop {r1}
	bx r1
	thumb_func_start task_hum_mahluxia_flw_2
task_hum_mahluxia_flw_2: @ 08057C44
	push {r4, r5, r6, lr}
	add sp, #-0x014
	adds r4, r0, #0x0
	adds r0, #0x0C
	bl func_08005AFC
	adds r6, r0, #0x0
	mov r5, sp
	adds r5, #0x12
	ldr r2, [r4, #0x30]
	ldr r3, [r4, #0x34]
	ldr r0, [r4, #0x38]
	str r0, [sp, #0x000]
	add r0, sp, #0x010
	adds r1, r5, #0x0
	bl func_0801909C
	add r0, sp, #0x010
	movs r1, #0x00
	ldsh r0, [r0, r1]
	movs r2, #0x00
	ldsh r1, [r5, r2]
	ldr r3, [r4, #0x04]
	ldr r2, [r4, #0x08]
	str r2, [sp, #0x000]
	movs r2, #0x00
	str r2, [sp, #0x004]
	movs r2, #0x80
	lsls r2, r2, #0x04
	str r2, [sp, #0x008]
	ldr r4, [r4, #0x34]
	asrs r4, r4, #0x08
	lsls r4, r4, #0x02
	ldr r5, _08057CA0 @ =0xFFFFEFFC
	adds r2, r5, #0x0
	subs r2, r2, r4
	lsls r2, r2, #0x10
	lsrs r2, r2, #0x10
	str r2, [sp, #0x00C]
	adds r2, r6, #0x0
	bl func_080023E0
	add sp, #0x014
	pop {r4, r5, r6}
	pop {r0}
	bx r0
_08057CA0: .4byte 0xFFFFEFFC
	thumb_func_start task_hum_mahluxia_flw_3
task_hum_mahluxia_flw_3: @ 08057CA4
	push {r4, lr}
	adds r4, r0, #0x0
	ldr r0, [r4, #0x04]
	bl func_080028C0
	ldr r0, [r4, #0x08]
	bl func_08002C10
	pop {r4}
	pop {r0}
	bx r0
	.byte 0x00, 0x00
	thumb_func_start func_08057CBC
func_08057CBC: @ 08057CBC
	push {r4, r5, r6, lr}
	mov r12, r0
	adds r6, r2, #0x0
	lsls r1, r1, #0x10
	lsrs r5, r1, #0x10
	mov r4, r12
	mov r3, r12
	adds r3, #0x40
	ldr r0, [r3, #0x34]
	ldr r1, [r3, #0x38]
	movs r2, #0x04
	ands r0, r2
	movs r1, #0x00
	orrs r0, r1
	cmp r0, #0x00
	beq _08057CEC
	movs r2, #0xAE
	lsls r2, r2, #0x01
	add r2, r12
	lsls r1, r5, #0x10
	asrs r1, r1, #0x08
	ldr r0, [r3, #0x04]
	subs r0, r0, r1
	b _08057CFA
_08057CEC:
	movs r2, #0xAE
	lsls r2, r2, #0x01
	add r2, r12
	lsls r1, r5, #0x10
	asrs r1, r1, #0x08
	ldr r0, [r3, #0x04]
	adds r0, r0, r1
_08057CFA:
	str r0, [r2, #0x00]
	movs r0, #0xB0
	lsls r0, r0, #0x01
	adds r1, r4, r0
	ldr r0, [r3, #0x08]
	str r0, [r1, #0x00]
	movs r0, #0xB8
	lsls r0, r0, #0x01
	adds r1, r4, r0
	movs r0, #0x13
	str r0, [r1, #0x00]
	movs r1, #0xA8
	lsls r1, r1, #0x01
	adds r0, r4, r1
	movs r2, #0x00
	strh r2, [r0, #0x00]
	adds r1, #0x74
	add r1, r12
	negs r0, r6
	str r0, [r1, #0x00]
	movs r0, #0xE4
	lsls r0, r0, #0x01
	add r0, r12
	strh r2, [r0, #0x00]
	pop {r4, r5, r6}
	pop {r0}
	bx r0
	thumb_func_start func_08057D30
func_08057D30: @ 08057D30
	push {r4, lr}
	adds r3, r0, #0x0
	movs r4, #0xAE
	lsls r4, r4, #0x01
	adds r0, r3, r4
	str r1, [r0, #0x00]
	movs r1, #0xB0
	lsls r1, r1, #0x01
	adds r0, r3, r1
	str r2, [r0, #0x00]
	adds r4, #0x14
	adds r1, r3, r4
	movs r0, #0x13
	str r0, [r1, #0x00]
	movs r0, #0xA8
	lsls r0, r0, #0x01
	adds r1, r3, r0
	movs r0, #0x00
	strh r0, [r1, #0x00]
	adds r4, #0x54
	adds r1, r3, r4
	ldr r0, _08057D64 @ =0xFFFFFB00
	str r0, [r1, #0x00]
	pop {r4}
	pop {r0}
	bx r0
_08057D64: .4byte 0xFFFFFB00
	thumb_func_start func_08057D68
func_08057D68: @ 08057D68
	push {r4, r5, r6, lr}
	add sp, #-0x008
	adds r4, r0, #0x0
	ldr r5, _08057DD4 @ =0x02039B84
	ldr r0, [r5, #0x00]
	ldr r6, [r0, #0x7C]
	bl func_080065A4
	lsls r0, r0, #0x10
	lsrs r0, r0, #0x10
	movs r1, #0x1E
	bl func_0811D7CC
	lsls r0, r0, #0x10
	cmp r0, #0x00
	bne _08057E22
	adds r0, r4, #0x0
	adds r0, #0x40
	add r2, sp, #0x004
	mov r1, sp
	movs r3, #0x00
	bl func_0801C700
	adds r0, r4, #0x0
	movs r1, #0x01
	bl func_0800F368
	movs r3, #0x80
	lsls r3, r3, #0x01
	adds r0, r4, #0x0
	adds r1, r3, #0x0
	adds r2, r3, #0x0
	bl func_0800F504
	lsls r0, r0, #0x18
	cmp r0, #0x00
	beq _08057E22
	ldr r0, [r5, #0x00]
	ldr r1, [r0, #0x6C]
	ldr r0, [r0, #0x68]
	movs r2, #0x80
	lsls r2, r2, #0x08
	ands r0, r2
	movs r1, #0x00
	orrs r0, r1
	cmp r0, #0x00
	beq _08057DD8
	subs r1, #0x63
	movs r2, #0xA0
	lsls r2, r2, #0x02
	adds r0, r4, #0x0
	bl func_08057CBC
	b _08057E1E
_08057DD4: .4byte 0x02039B84
_08057DD8:
	bl func_080065A4
	movs r1, #0x01
	ands r1, r0
	cmp r1, #0x00
	beq _08057E10
	ldr r0, [r6, #0x34]
	ldr r1, [r6, #0x38]
	movs r2, #0x04
	ands r0, r2
	movs r1, #0x00
	orrs r0, r1
	cmp r0, #0x00
	beq _08057DFC
	ldr r1, [sp, #0x000]
	movs r0, #0xA0
	lsls r0, r0, #0x06
	b _08057E00
_08057DFC:
	ldr r1, [sp, #0x000]
	ldr r0, _08057E0C @ =0xFFFFD800
_08057E00:
	adds r1, r1, r0
	ldr r2, [sp, #0x004]
	adds r0, r4, #0x0
	bl func_08057D30
	b _08057E1E
_08057E0C: .4byte 0xFFFFD800
_08057E10:
	movs r1, #0x50
	negs r1, r1
	movs r2, #0xA0
	lsls r2, r2, #0x03
	adds r0, r4, #0x0
	bl func_08057CBC
_08057E1E:
	movs r0, #0x01
	b _08057E24
_08057E22:
	movs r0, #0x00
_08057E24:
	add sp, #0x008
	pop {r4, r5, r6}
	pop {r1}
	bx r1
	thumb_func_start func_08057E2C
func_08057E2C: @ 08057E2C
	push {r4, r5, lr}
	mov r12, r0
	adds r3, r1, #0x0
	mov r1, r12
	adds r1, #0x40
	ldr r0, [r1, #0x04]
	str r0, [r3, #0x00]
	ldr r0, [r1, #0x08]
	str r0, [r3, #0x04]
	ldr r0, [r1, #0x0C]
	str r0, [r3, #0x08]
	ldr r0, [r1, #0x34]
	ldr r1, [r1, #0x38]
	movs r2, #0x04
	ands r0, r2
	movs r1, #0x00
	orrs r0, r1
	cmp r0, #0x00
	beq _08057E5A
	ldrh r1, [r3, #0x0C]
	movs r0, #0x01
	orrs r0, r1
	b _08057E60
_08057E5A:
	ldrh r1, [r3, #0x0C]
	ldr r0, _08057E88 @ =0x0000FFFE
	ands r0, r1
_08057E60:
	strh r0, [r3, #0x0C]
	adds r1, r3, #0x0
	adds r1, #0x10
	mov r0, r12
	adds r0, #0x14
	ldm r0!, {r2, r4, r5}
	stm r1!, {r2, r4, r5}
	ldm r0!, {r2, r4, r5}
	stm r1!, {r2, r4, r5}
	mov r1, r12
	ldr r0, [r1, #0x04]
	ldr r0, [r0, #0x00]
	str r0, [r3, #0x28]
	ldr r0, _08057E8C @ =0x02039B84
	ldr r0, [r0, #0x00]
	ldr r0, [r0, #0x24]
	str r0, [r3, #0x2C]
	pop {r4, r5}
	pop {r0}
	bx r0
_08057E88: .4byte 0x0000FFFE
_08057E8C: .4byte 0x02039B84
	thumb_func_start func_08057E90
func_08057E90: @ 08057E90
	push {r4, r5, r6, r7, lr}
	mov r7, r10
	mov r6, r9
	mov r5, r8
	push {r5, r6, r7}
	add sp, #-0x018
	adds r5, r0, #0x0
	adds r6, r1, #0x0
	ldr r0, [r5, #0x0C]
	mov r10, r0
	adds r0, r6, #0x0
	adds r0, #0x10
	bl func_08005AFC
	str r0, [sp, #0x014]
	adds r4, r5, #0x0
	adds r4, #0x40
	bl func_080128EC
	lsls r0, r0, #0x18
	cmp r0, #0x00
	bne _08057EDC
	ldr r1, _08057ED4 @ =0x03007554
	movs r2, #0xF1
	lsls r2, r2, #0x04
	adds r0, r2, #0x0
	strh r0, [r1, #0x00]
	movs r0, #0x06
	movs r1, #0x0C
	bl func_08005810
	ldr r3, _08057ED8 @ =0x00000804
	mov r8, r3
	b _08057EE8
_08057ED4: .4byte 0x03007554
_08057ED8: .4byte 0x00000804
_08057EDC:
	ldr r0, [r4, #0x08]
	bl func_0801AF1C
	lsls r0, r0, #0x10
	lsrs r0, r0, #0x10
	mov r8, r0
_08057EE8:
	ldrh r1, [r6, #0x0C]
	movs r0, #0x01
	ands r0, r1
	cmp r0, #0x00
	beq _08057EF8
	ldr r2, [r6, #0x2C]
	adds r1, r2, #0x0
	b _08057F18
_08057EF8:
	ldr r2, [r6, #0x2C]
	movs r0, #0x80
	lsls r0, r0, #0x01
	cmp r2, r0
	bne _08057F0E
	adds r1, r2, #0x0
	movs r0, #0x01
	mov r3, r8
	orrs r3, r0
	mov r8, r3
	b _08057F18
_08057F0E:
	ldr r0, _08057F28 @ =0x02039B84
	ldr r0, [r0, #0x00]
	ldr r0, [r0, #0x24]
	negs r1, r0
	adds r2, r0, #0x0
_08057F18:
	movs r0, #0x80
	lsls r0, r0, #0x01
	cmp r2, r0
	bne _08057F2C
	cmp r1, r2
	bne _08057F2C
	movs r7, #0x00
	b _08057F40
_08057F28: .4byte 0x02039B84
_08057F2C:
	cmp r2, #0xFF
	bgt _08057F36
	movs r0, #0x00
	movs r3, #0x00
	b _08057F3A
_08057F36:
	movs r0, #0x00
	movs r3, #0x01
_08057F3A:
	bl func_08002CB4
	adds r7, r0, #0x0
_08057F40:
	ldr r0, _08057F94 @ =0x0000FFF0
	mov r9, r0
	mov r4, sp
	adds r4, #0x12
	ldr r2, [r6, #0x00]
	ldr r3, [r6, #0x04]
	ldr r0, [r6, #0x08]
	str r0, [sp, #0x000]
	add r0, sp, #0x010
	adds r1, r4, #0x0
	bl func_0801909C
	mov r1, r10
	ldr r0, [r1, #0x04]
	ldr r1, [r6, #0x28]
	bl func_08002A10
	add r0, sp, #0x010
	movs r2, #0x00
	ldsh r0, [r0, r2]
	movs r3, #0x00
	ldsh r1, [r4, r3]
	mov r2, r10
	ldr r3, [r2, #0x04]
	ldr r2, [r5, #0x08]
	str r2, [sp, #0x000]
	str r7, [sp, #0x004]
	mov r2, r8
	str r2, [sp, #0x008]
	mov r2, r9
	str r2, [sp, #0x00C]
	ldr r2, [sp, #0x014]
	bl func_080023E0
	add sp, #0x018
	pop {r3, r4, r5}
	mov r8, r3
	mov r9, r4
	mov r10, r5
	pop {r4, r5, r6, r7}
	pop {r0}
	bx r0
_08057F94: .4byte 0x0000FFF0
	thumb_func_start task_hum_riku_0
task_hum_riku_0: @ 08057F98
	push {r4, r5, r6, lr}
	adds r5, r0, #0x0
	ldr r1, _080580C4 @ =0x0813FD24
	bl func_0800E168
	movs r0, #0xC4
	lsls r0, r0, #0x01
	adds r1, r5, r0
	ldr r2, _080580C8 @ =0x0813FD40
	adds r0, r5, #0x0
	bl func_0800E314
	movs r1, #0xE2
	lsls r1, r1, #0x01
	adds r0, r5, r1
	movs r2, #0x00
	str r2, [r0, #0x00]
	movs r3, #0xE5
	lsls r3, r3, #0x01
	adds r0, r5, r3
	strh r2, [r0, #0x00]
	movs r6, #0xDE
	lsls r6, r6, #0x01
	adds r3, r5, r6
	ldrh r1, [r3, #0x00]
	movs r0, #0x03
	orrs r0, r1
	strh r0, [r3, #0x00]
	movs r1, #0xE6
	lsls r1, r1, #0x01
	adds r0, r5, r1
	strh r2, [r0, #0x00]
	ldr r0, _080580CC @ =0x02039B84
	ldr r0, [r0, #0x00]
	movs r2, #0x86
	lsls r2, r2, #0x01
	adds r0, r0, r2
	ldr r0, [r0, #0x00]
	cmp r0, #0xA1
	beq _08057FF2
	movs r3, #0xC2
	lsls r3, r3, #0x01
	adds r1, r5, r3
	ldr r0, _080580D0 @ =0x0813FBBC
	str r0, [r1, #0x00]
_08057FF2:
	movs r6, #0xE8
	lsls r6, r6, #0x01
	adds r4, r5, r6
	adds r0, r5, #0x0
	adds r1, r4, #0x0
	bl func_08057E2C
	movs r0, #0x80
	lsls r0, r0, #0x02
	adds r1, r5, r0
	adds r0, r4, #0x0
	ldm r0!, {r2, r3, r6}
	stm r1!, {r2, r3, r6}
	ldm r0!, {r2, r3, r6}
	stm r1!, {r2, r3, r6}
	ldm r0!, {r2, r3, r6}
	stm r1!, {r2, r3, r6}
	ldm r0!, {r2, r3, r6}
	stm r1!, {r2, r3, r6}
	movs r0, #0x8C
	lsls r0, r0, #0x02
	adds r1, r5, r0
	adds r0, r4, #0x0
	ldm r0!, {r2, r3, r6}
	stm r1!, {r2, r3, r6}
	ldm r0!, {r2, r3, r6}
	stm r1!, {r2, r3, r6}
	ldm r0!, {r2, r3, r6}
	stm r1!, {r2, r3, r6}
	ldm r0!, {r2, r3, r6}
	stm r1!, {r2, r3, r6}
	movs r0, #0x98
	lsls r0, r0, #0x02
	adds r1, r5, r0
	adds r0, r4, #0x0
	ldm r0!, {r2, r3, r6}
	stm r1!, {r2, r3, r6}
	ldm r0!, {r2, r3, r6}
	stm r1!, {r2, r3, r6}
	ldm r0!, {r2, r3, r6}
	stm r1!, {r2, r3, r6}
	ldm r0!, {r2, r3, r6}
	stm r1!, {r2, r3, r6}
	movs r0, #0xA4
	lsls r0, r0, #0x02
	adds r1, r5, r0
	adds r0, r4, #0x0
	ldm r0!, {r2, r3, r6}
	stm r1!, {r2, r3, r6}
	ldm r0!, {r2, r3, r6}
	stm r1!, {r2, r3, r6}
	ldm r0!, {r2, r3, r6}
	stm r1!, {r2, r3, r6}
	ldm r0!, {r2, r3, r6}
	stm r1!, {r2, r3, r6}
	movs r0, #0xB0
	lsls r0, r0, #0x02
	adds r1, r5, r0
	adds r0, r4, #0x0
	ldm r0!, {r2, r3, r6}
	stm r1!, {r2, r3, r6}
	ldm r0!, {r2, r3, r6}
	stm r1!, {r2, r3, r6}
	ldm r0!, {r2, r3, r6}
	stm r1!, {r2, r3, r6}
	ldm r0!, {r2, r3, r6}
	stm r1!, {r2, r3, r6}
	movs r0, #0xBC
	lsls r0, r0, #0x02
	adds r1, r5, r0
	adds r0, r4, #0x0
	ldm r0!, {r2, r3, r6}
	stm r1!, {r2, r3, r6}
	ldm r0!, {r2, r3, r6}
	stm r1!, {r2, r3, r6}
	ldm r0!, {r2, r3, r6}
	stm r1!, {r2, r3, r6}
	ldm r0!, {r2, r3, r6}
	stm r1!, {r2, r3, r6}
	movs r0, #0xC8
	lsls r0, r0, #0x02
	adds r1, r5, r0
	adds r0, r4, #0x0
	ldm r0!, {r2, r3, r6}
	stm r1!, {r2, r3, r6}
	ldm r0!, {r2, r3, r6}
	stm r1!, {r2, r3, r6}
	ldm r0!, {r2, r3, r6}
	stm r1!, {r2, r3, r6}
	ldm r0!, {r2, r3, r6}
	stm r1!, {r2, r3, r6}
	movs r1, #0xD4
	lsls r1, r1, #0x02
	adds r0, r5, r1
	ldm r4!, {r2, r3, r6}
	stm r0!, {r2, r3, r6}
	ldm r4!, {r1, r2, r3}
	stm r0!, {r1, r2, r3}
	ldm r4!, {r1, r2, r6}
	stm r0!, {r1, r2, r6}
	ldm r4!, {r1, r3, r6}
	stm r0!, {r1, r3, r6}
	pop {r4, r5, r6}
	pop {r0}
	bx r0
_080580C4: .4byte 0x0813FD24
_080580C8: .4byte 0x0813FD40
_080580CC: .4byte 0x02039B84
_080580D0: .4byte 0x0813FBBC
	thumb_func_start task_hum_riku_1
task_hum_riku_1: @ 080580D4
	push {r4, r5, r6, r7, lr}
	mov r7, r9
	mov r6, r8
	push {r6, r7}
	add sp, #-0x020
	adds r7, r0, #0x0
	adds r6, r7, #0x0
	adds r5, r7, #0x0
	adds r5, #0x40
	add r2, sp, #0x018
	add r3, sp, #0x01C
	adds r0, r5, #0x0
	add r1, sp, #0x014
	bl func_0801C700
	movs r0, #0xE5
	lsls r0, r0, #0x01
	adds r2, r7, r0
	ldrh r1, [r2, #0x00]
	ldr r0, _08058134 @ =0x0000FFFB
	ands r0, r1
	strh r0, [r2, #0x00]
	adds r0, r7, #0x0
	bl _0800E434
	cmp r0, #0x04
	beq _08058194
	cmp r0, #0x05
	bne _080581B0
	movs r2, #0xA8
	lsls r2, r2, #0x01
	adds r1, r7, r2
	movs r0, #0x00
	strh r0, [r1, #0x00]
	adds r0, r7, #0x0
	bl _0800F84C
	adds r1, r0, #0x0
	cmp r1, #0x26
	beq _0805816C
	cmp r1, #0x26
	bhi _08058138
	cmp r1, #0x24
	beq _08058158
	cmp r1, #0x25
	beq _08058162
	b _080581B0
	.byte 0x00, 0x00
_08058134: .4byte 0x0000FFFB
_08058138:
	ldr r0, _08058148 @ =0xF0DBE6F9
	cmp r1, r0
	beq _08058180
	cmp r1, r0
	bhi _0805814C
	cmp r1, #0x27
	beq _08058176
	b _080581B0
_08058148: .4byte 0xF0DBE6F9
_0805814C:
	ldr r0, _08058154 @ =0xF17C0F03
	cmp r1, r0
	beq _0805818A
	b _080581B0
_08058154: .4byte 0xF17C0F03
_08058158:
	movs r3, #0xB8
	lsls r3, r3, #0x01
	adds r1, r7, r3
	movs r0, #0x18
	b _080581AE
_08058162:
	movs r4, #0xB8
	lsls r4, r4, #0x01
	adds r1, r7, r4
	movs r0, #0x16
	b _080581AE
_0805816C:
	movs r0, #0xB8
	lsls r0, r0, #0x01
	adds r1, r7, r0
	movs r0, #0x17
	b _080581AE
_08058176:
	movs r2, #0xB8
	lsls r2, r2, #0x01
	adds r1, r7, r2
	movs r0, #0x19
	b _080581AE
_08058180:
	movs r3, #0xB8
	lsls r3, r3, #0x01
	adds r1, r7, r3
	movs r0, #0x1D
	b _080581AE
_0805818A:
	movs r4, #0xB8
	lsls r4, r4, #0x01
	adds r1, r7, r4
	movs r0, #0x1E
	b _080581AE
_08058194:
	movs r0, #0xAA
	lsls r0, r0, #0x01
	adds r2, r7, r0
	ldr r0, [r2, #0x00]
	movs r1, #0x09
	negs r1, r1
	ands r0, r1
	str r0, [r2, #0x00]
	movs r2, #0xB4
	lsls r2, r2, #0x01
	adds r1, r7, r2
	movs r0, #0x80
	lsls r0, r0, #0x01
_080581AE:
	str r0, [r1, #0x00]
_080581B0:
	ldr r0, _080581CC @ =0x02039B84
	ldr r0, [r0, #0x00]
	movs r3, #0x86
	lsls r3, r3, #0x01
	adds r0, r0, r3
	ldr r0, [r0, #0x00]
	subs r0, #0xA1
	cmp r0, #0x0B
	bhi _0805829E
	lsls r0, r0, #0x02
	ldr r1, _080581D0 @ =0x080581D4
	adds r0, r0, r1
	ldr r0, [r0, #0x00]
	mov pc, r0
_080581CC: .4byte 0x02039B84
_080581D0: .4byte 0x080581D4
	.byte 0x04, 0x82, 0x05, 0x08, 0x9E, 0x82, 0x05, 0x08, 0x9E, 0x82, 0x05, 0x08, 0x9E, 0x82, 0x05, 0x08
	.byte 0x9E, 0x82, 0x05, 0x08, 0x9E, 0x82, 0x05, 0x08, 0x9E, 0x82, 0x05, 0x08, 0x16, 0x82, 0x05, 0x08
	.byte 0x3C, 0x82, 0x05, 0x08, 0x60, 0x82, 0x05, 0x08, 0x16, 0x82, 0x05, 0x08, 0x60, 0x82, 0x05, 0x08
	.byte 0x14, 0x20, 0x00, 0x90, 0x38, 0x1C, 0x14, 0x21, 0x28, 0x22, 0x28, 0x23, 0xB7, 0xF7, 0xC8, 0xF9
	.byte 0x43, 0xE0, 0x14, 0x20, 0x00, 0x90, 0x38, 0x1C, 0x0F, 0x21, 0x28, 0x22, 0x28, 0x23, 0xB7, 0xF7
	.byte 0xBF, 0xF9, 0x00, 0x06, 0x00, 0x28, 0x38, 0xD0, 0xC2, 0x24, 0x64, 0x00, 0x39, 0x19, 0x01, 0x48
	.byte 0x32, 0xE0, 0x00, 0x00, 0xBC, 0xFB, 0x13, 0x08, 0x14, 0x20, 0x00, 0x90, 0x38, 0x1C, 0x0A, 0x21
	.byte 0x28, 0x22, 0x28, 0x23, 0xB7, 0xF7, 0xAC, 0xF9, 0x00, 0x06, 0x00, 0x28, 0x25, 0xD0, 0xC2, 0x20
	.byte 0x40, 0x00, 0x39, 0x18, 0x00, 0x48, 0x1F, 0xE0, 0xBC, 0xFB, 0x13, 0x08, 0x14, 0x20, 0x00, 0x90
	.byte 0x38, 0x1C, 0x03, 0x21, 0x28, 0x22, 0x28, 0x23, 0xB7, 0xF7, 0x9A, 0xF9, 0x00, 0x06, 0x00, 0x28
	.byte 0x13, 0xD0, 0xAE, 0xF7, 0x95, 0xF9, 0x00, 0x04, 0x00, 0x0C, 0x01, 0x21, 0x08, 0x40, 0x00, 0x28
	.byte 0x06, 0xD0, 0xC2, 0x22, 0x52, 0x00, 0xB9, 0x18, 0x00, 0x48, 0x05, 0xE0, 0xBC, 0xFB, 0x13, 0x08
	.byte 0xC2, 0x23, 0x5B, 0x00, 0xF9, 0x18, 0x07, 0x48, 0x08, 0x60
_0805829E:
	movs r4, #0xB8
	lsls r4, r4, #0x01
	adds r0, r7, r4
	ldr r0, [r0, #0x00]
	cmp r0, #0x23
	bls _080582AE
	bl _080597DA
_080582AE:
	lsls r0, r0, #0x02
	ldr r1, _080582BC @ =0x080582C0
	adds r0, r0, r1
	ldr r0, [r0, #0x00]
	mov pc, r0
	.byte 0xC8, 0xFB, 0x13, 0x08
_080582BC: .4byte 0x080582C0
	.byte 0x24, 0x84, 0x05, 0x08, 0xDC, 0x85, 0x05, 0x08, 0xDA, 0x97, 0x05, 0x08, 0xC2, 0x85, 0x05, 0x08
	.byte 0xDA, 0x97, 0x05, 0x08, 0xDA, 0x97, 0x05, 0x08, 0xDA, 0x97, 0x05, 0x08, 0xDA, 0x97, 0x05, 0x08
	.byte 0xFA, 0x84, 0x05, 0x08, 0xC2, 0x85, 0x05, 0x08, 0xDA, 0x97, 0x05, 0x08, 0xC2, 0x85, 0x05, 0x08
	.byte 0x50, 0x83, 0x05, 0x08, 0xDA, 0x97, 0x05, 0x08, 0xC2, 0x85, 0x05, 0x08, 0xDA, 0x97, 0x05, 0x08
	.byte 0xDA, 0x97, 0x05, 0x08, 0x6C, 0x83, 0x05, 0x08, 0x50, 0x83, 0x05, 0x08, 0x84, 0x96, 0x05, 0x08
	.byte 0xD8, 0x96, 0x05, 0x08, 0x92, 0x97, 0x05, 0x08, 0xC8, 0x91, 0x05, 0x08, 0x2C, 0x90, 0x05, 0x08
	.byte 0xAE, 0x8C, 0x05, 0x08, 0x2C, 0x94, 0x05, 0x08, 0x94, 0x94, 0x05, 0x08, 0x0A, 0x95, 0x05, 0x08
	.byte 0xD4, 0x95, 0x05, 0x08, 0xDC, 0x8D, 0x05, 0x08, 0x4C, 0x86, 0x05, 0x08, 0xC8, 0x86, 0x05, 0x08
	.byte 0x7C, 0x87, 0x05, 0x08, 0x42, 0x88, 0x05, 0x08, 0xC2, 0x8A, 0x05, 0x08, 0xCC, 0x8B, 0x05, 0x08
	.byte 0x05, 0x48, 0x31, 0x1C, 0x14, 0x31, 0x72, 0x68, 0x00, 0x92, 0x00, 0x22, 0x01, 0x23, 0xC0, 0xF7
	.byte 0x83, 0xFE, 0x01, 0xF0, 0x3A, 0xFA, 0x00, 0x00, 0xD4, 0xFB, 0x13, 0x08, 0x13, 0x48, 0x31, 0x1C
	.byte 0x14, 0x31, 0x72, 0x68, 0x00, 0x92, 0x00, 0x22, 0x03, 0x23, 0xC0, 0xF7, 0x75, 0xFE, 0x10, 0x48
	.byte 0x00, 0x68, 0xC1, 0x6E, 0x80, 0x6E, 0x80, 0x22, 0x92, 0x05, 0x10, 0x40, 0x00, 0x21, 0x08, 0x43
	.byte 0x00, 0x28, 0x07, 0xD0, 0x30, 0x1C, 0xFF, 0xF7, 0xE7, 0xFC, 0x00, 0x06, 0x00, 0x28, 0x01, 0xD0
	.byte 0x01, 0xF0, 0x1B, 0xFA, 0x6A, 0x68, 0x05, 0x98, 0x11, 0x1A, 0x03, 0x1C, 0x00, 0x29, 0x0B, 0xDB
	.byte 0x04, 0x48, 0x81, 0x42, 0x0E, 0xDD, 0x01, 0xF0, 0x10, 0xFA, 0x00, 0x00, 0xD4, 0xFB, 0x13, 0x08
	.byte 0x84, 0x9B, 0x03, 0x02, 0xFF, 0x4F, 0x00, 0x00, 0x99, 0x1A, 0x0A, 0x48, 0x81, 0x42, 0x01, 0xDD
	.byte 0x01, 0xF0, 0x03, 0xFA, 0x08, 0x48, 0x83, 0x42, 0x12, 0xDC, 0x08, 0x48, 0x03, 0x68, 0x18, 0x1C
	.byte 0xDC, 0x30, 0x00, 0x22, 0x81, 0x5E, 0x28, 0x39, 0x09, 0x02, 0x02, 0x30, 0x00, 0x24, 0x02, 0x5F
	.byte 0x02, 0x30, 0x57, 0xE0, 0xFF, 0x4F, 0x00, 0x00, 0xFF, 0xFF, 0x00, 0x00, 0x84, 0x9B, 0x03, 0x02
	.byte 0x07, 0x48, 0x00, 0x68, 0x01, 0x1C, 0xDA, 0x31, 0x00, 0x24, 0x09, 0x5F, 0x28, 0x31, 0x09, 0x02
	.byte 0x02, 0x1C, 0xDE, 0x32, 0x00, 0x23, 0xD2, 0x5E, 0xE0, 0x30, 0x00, 0x24, 0x00, 0x5F, 0x43, 0xE0
	.byte 0x84, 0x9B, 0x03, 0x02, 0x16, 0x48, 0x31, 0x1C, 0x14, 0x31, 0x72, 0x68, 0x00, 0x92, 0x00, 0x22
	.byte 0x01, 0x23, 0xC0, 0xF7, 0x19, 0xFE, 0x29, 0xF0, 0xF7, 0xF9, 0x00, 0x06, 0x00, 0x28, 0x01, 0xD0
	.byte 0x01, 0xF0, 0xCB, 0xF9, 0x38, 0x1C, 0x14, 0x30, 0xAD, 0xF7, 0x68, 0xFB, 0x00, 0x06, 0x00, 0x28
	.byte 0x18, 0xD0, 0xAE, 0xF7, 0xA7, 0xF8, 0x00, 0x04, 0x00, 0x0C, 0x3C, 0x21, 0xC5, 0xF0, 0xB6, 0xF9
	.byte 0x00, 0x04, 0x02, 0x0C, 0x00, 0x2A, 0x0D, 0xD1, 0xB8, 0x21, 0x49, 0x00, 0x78, 0x18, 0x08, 0x21
	.byte 0x01, 0x60, 0xA8, 0x23, 0x5B, 0x00, 0xF8, 0x18, 0x02, 0x80, 0x01, 0xF0, 0xAE, 0xF9, 0x00, 0x00
	.byte 0xD4, 0xFB, 0x13, 0x08, 0x38, 0x1C, 0x28, 0x21, 0xB7, 0xF7, 0x1E, 0xF8, 0x00, 0x06, 0x00, 0x28
	.byte 0x14, 0xD0, 0x80, 0x21, 0x49, 0x02, 0x08, 0x48, 0x00, 0x68, 0x02, 0x1C, 0xDE, 0x32, 0x00, 0x24
	.byte 0x12, 0x5F, 0xE0, 0x30, 0x00, 0x23, 0xC0, 0x5E, 0x12, 0x18, 0xD2, 0x01, 0x30, 0x1C, 0xFF, 0xF7
	.byte 0x3F, 0xFC, 0x01, 0xF0, 0x92, 0xF9, 0x00, 0x00, 0x84, 0x9B, 0x03, 0x02, 0x09, 0x48, 0x00, 0x68
	.byte 0xC1, 0x6E, 0x80, 0x6E, 0x80, 0x22, 0x92, 0x05, 0x10, 0x40, 0x00, 0x21, 0x08, 0x43, 0x00, 0x28
	.byte 0x0A, 0xD0, 0x30, 0x1C, 0xFF, 0xF7, 0x48, 0xFC, 0x00, 0x06, 0x00, 0x28, 0x01, 0xD0, 0x01, 0xF0
	.byte 0x7C, 0xF9, 0x05, 0xE0, 0x84, 0x9B, 0x03, 0x02, 0x38, 0x1C, 0x3C, 0x21, 0xB6, 0xF7, 0x3C, 0xFF
	.byte 0xA8, 0x24, 0x64, 0x00, 0x39, 0x19, 0x01, 0xF0, 0x48, 0xF9, 0x1C, 0x48, 0x31, 0x1C, 0x14, 0x31
	.byte 0x72, 0x68, 0x00, 0x92, 0x01, 0x22, 0x01, 0x23, 0xC0, 0xF7, 0xAE, 0xFD, 0xAE, 0x20, 0x40, 0x00
	.byte 0x39, 0x18, 0x05, 0x98, 0x08, 0x60, 0xB0, 0x22, 0x52, 0x00, 0xB8, 0x18, 0x06, 0x9A, 0x02, 0x60
	.byte 0x09, 0x68, 0x80, 0x23, 0x9B, 0x00, 0x38, 0x1C, 0xB6, 0xF7, 0x48, 0xFF, 0x00, 0x06, 0x00, 0x28
	.byte 0x08, 0xD0, 0x38, 0x1C, 0x14, 0x30, 0xAD, 0xF7, 0xF1, 0xFA, 0x00, 0x06, 0x00, 0x28, 0x01, 0xD0
	.byte 0x00, 0xF0, 0x34, 0xFE, 0xAE, 0xF7, 0x2E, 0xF8, 0x00, 0x04, 0x00, 0x0C, 0xFA, 0x21, 0x49, 0x00
	.byte 0xC5, 0xF0, 0x3C, 0xF9, 0x00, 0x04, 0x00, 0x28, 0x14, 0xD1, 0x69, 0x68, 0x05, 0x98, 0x0A, 0x1A
	.byte 0x03, 0x1C, 0x00, 0x2A, 0x04, 0xDB, 0x46, 0x2A, 0x05, 0xDC, 0x0B, 0xE0, 0xD4, 0xFB, 0x13, 0x08
	.byte 0x58, 0x1A, 0x46, 0x28, 0x06, 0xDD, 0x06, 0x9A, 0x30, 0x1C, 0x19, 0x1C, 0xFF, 0xF7, 0xD8, 0xFB
	.byte 0x01, 0xF0, 0x2B, 0xF9, 0x09, 0x48, 0x00, 0x68, 0xC1, 0x6E, 0x80, 0x6E, 0x80, 0x22, 0x92, 0x05
	.byte 0x10, 0x40, 0x00, 0x21, 0x08, 0x43, 0x00, 0x28, 0x0A, 0xD0, 0x30, 0x1C, 0xFF, 0xF7, 0xE4, 0xFB
	.byte 0x00, 0x06, 0x00, 0x28, 0x01, 0xD0, 0x01, 0xF0, 0x18, 0xF9, 0x05, 0xE0, 0x84, 0x9B, 0x03, 0x02
	.byte 0x38, 0x1C, 0x01, 0x21, 0xB6, 0xF7, 0xD8, 0xFE, 0xA8, 0x20, 0x40, 0x00, 0x39, 0x18, 0x01, 0xF0
	.byte 0xE4, 0xF8, 0x05, 0x48, 0x31, 0x1C, 0x14, 0x31, 0x72, 0x68, 0x00, 0x92, 0x02, 0x22, 0x00, 0x23
	.byte 0xC0, 0xF7, 0x4A, 0xFD, 0x01, 0xF0, 0x01, 0xF9, 0xD4, 0xFB, 0x13, 0x08, 0x12, 0x48, 0x31, 0x1C
	.byte 0x14, 0x31, 0x72, 0x68, 0x00, 0x92, 0x02, 0x22, 0x00, 0x23, 0xC0, 0xF7, 0x3D, 0xFD, 0xA8, 0x21
	.byte 0x49, 0x00, 0x78, 0x18, 0x00, 0x22, 0x80, 0x5E, 0x03, 0x28, 0x01, 0xD0, 0x01, 0xF0, 0xED, 0xF8
	.byte 0xAD, 0xF7, 0xD0, 0xFF, 0x00, 0x04, 0x00, 0x0C, 0x03, 0x21, 0xC5, 0xF0, 0xDF, 0xF8, 0x00, 0x04
	.byte 0x00, 0x0C, 0x01, 0x28, 0x0C, 0xD0, 0x01, 0x28, 0x10, 0xDC, 0x00, 0x28, 0x0E, 0xD1, 0x03, 0x48
	.byte 0xC7, 0xF0, 0x26, 0xFC, 0x01, 0xF0, 0xD9, 0xF8, 0xD4, 0xFB, 0x13, 0x08, 0x07, 0x01, 0x00, 0x00
	.byte 0x84, 0x20, 0x40, 0x00, 0xC7, 0xF0, 0x1C, 0xFC, 0x01, 0xF0, 0xCF, 0xF8, 0x02, 0x48, 0xC7, 0xF0
	.byte 0x17, 0xFC, 0x01, 0xF0, 0xCA, 0xF8, 0x00, 0x00, 0x09, 0x01, 0x00, 0x00, 0xA8, 0x23, 0x5B, 0x00
	.byte 0xFC, 0x18, 0x00, 0x21, 0x60, 0x5E, 0x00, 0x28, 0x13, 0xD1, 0x18, 0x48, 0x31, 0x1C, 0x14, 0x31
	.byte 0x72, 0x68, 0x00, 0x92, 0x0E, 0x22, 0x00, 0x23, 0xC0, 0xF7, 0xFE, 0xFC, 0x83, 0x20, 0x40, 0x00
	.byte 0xC7, 0xF0, 0xFE, 0xFB, 0x12, 0x48, 0xC7, 0xF0, 0xFB, 0xFB, 0x09, 0x20, 0x50, 0x21, 0xAD, 0xF7
	.byte 0x81, 0xFD, 0xAC, 0x22, 0x52, 0x00, 0xB8, 0x18, 0x00, 0x26, 0x06, 0x60, 0xE9, 0x68, 0x0D, 0x48
	.byte 0x40, 0x1A, 0x40, 0x11, 0x09, 0x18, 0xE9, 0x60, 0x38, 0x1C, 0x14, 0x30, 0xAD, 0xF7, 0x3E, 0xFA
	.byte 0x00, 0x06, 0x00, 0x28, 0x01, 0xD1, 0x01, 0xF0, 0x95, 0xF8, 0xB8, 0x23, 0x5B, 0x00, 0xF9, 0x18
	.byte 0x1F, 0x20, 0x08, 0x60, 0x26, 0x80, 0x01, 0xF0, 0x90, 0xF8, 0x00, 0x00, 0xD4, 0xFB, 0x13, 0x08
	.byte 0x71, 0x02, 0x00, 0x00, 0x00, 0xD8, 0xFF, 0xFF, 0xA8, 0x24, 0x64, 0x00, 0x38, 0x19, 0x00, 0x21
	.byte 0x40, 0x5E, 0x00, 0x28, 0x08, 0xD1, 0x17, 0x48, 0x31, 0x1C, 0x14, 0x31, 0x72, 0x68, 0x00, 0x92
	.byte 0x0F, 0x22, 0x00, 0x23, 0xC0, 0xF7, 0xC0, 0xFC, 0x3C, 0x1C, 0x14, 0x34, 0x20, 0x1C, 0xAD, 0xF7
	.byte 0x21, 0xFA, 0x00, 0x04, 0x00, 0x0C, 0xA0, 0x46, 0x02, 0x28, 0x07, 0xDC, 0x01, 0x28, 0x05, 0xDB
	.byte 0xAC, 0x22, 0x52, 0x00, 0xB9, 0x18, 0x08, 0x68, 0xB3, 0x38, 0x08, 0x60, 0xE5, 0x23, 0x5B, 0x00
	.byte 0xF2, 0x18, 0x11, 0x88, 0x04, 0x20, 0x08, 0x43, 0x10, 0x80, 0x68, 0x6B, 0xA9, 0x6B, 0x04, 0x22
	.byte 0x10, 0x40, 0x00, 0x21, 0x08, 0x43, 0x00, 0x28, 0x08, 0xD0, 0x68, 0x68, 0x02, 0x4C, 0x02, 0x19
	.byte 0x08, 0xE0, 0x00, 0x00, 0xD4, 0xFB, 0x13, 0x08, 0x00, 0xD0, 0xFF, 0xFF, 0x68, 0x68, 0xC0, 0x21
	.byte 0x89, 0x01, 0x42, 0x18, 0x69, 0x69, 0x89, 0x1A, 0xC9, 0x10, 0x40, 0x18, 0x68, 0x60, 0x40, 0x46
	.byte 0xAD, 0xF7, 0xE4, 0xF9, 0x00, 0x06, 0x00, 0x28, 0x0B, 0xD0, 0xB8, 0x22, 0x52, 0x00, 0xB9, 0x18
	.byte 0x20, 0x20, 0x08, 0x60, 0xA8, 0x23, 0x5B, 0x00, 0xF9, 0x18, 0x00, 0x20, 0x08, 0x80, 0x01, 0xF0
	.byte 0x34, 0xF8, 0xA8, 0x24, 0x64, 0x00, 0x39, 0x19, 0x01, 0xF0, 0x07, 0xF8, 0xA8, 0x21, 0x49, 0x00
	.byte 0x78, 0x18, 0x00, 0x22, 0x80, 0x5E, 0x00, 0x28, 0x0F, 0xD1, 0x14, 0x48, 0x31, 0x1C, 0x14, 0x31
	.byte 0x72, 0x68, 0x00, 0x92, 0x10, 0x22, 0x00, 0x23, 0xC0, 0xF7, 0x66, 0xFC, 0xAA, 0x23, 0x5B, 0x00
	.byte 0xFA, 0x18, 0x10, 0x68, 0x08, 0x21, 0x08, 0x43, 0x10, 0x60, 0xAC, 0x24, 0x64, 0x00, 0x39, 0x19
	.byte 0x00, 0x20, 0x08, 0x60, 0xE5, 0x20, 0x40, 0x00, 0x32, 0x18, 0x11, 0x88, 0x04, 0x20, 0x08, 0x43
	.byte 0x10, 0x80, 0x68, 0x6B, 0xA9, 0x6B, 0x04, 0x22, 0x10, 0x40, 0x00, 0x21, 0x08, 0x43, 0x00, 0x28
	.byte 0x08, 0xD0, 0x68, 0x68, 0x02, 0x49, 0x40, 0x18, 0x08, 0xE0, 0x00, 0x00, 0xD4, 0xFB, 0x13, 0x08
	.byte 0x00, 0xF4, 0xFF, 0xFF, 0x68, 0x68, 0xC0, 0x22, 0x12, 0x01, 0x80, 0x18, 0x68, 0x60, 0x11, 0x48
	.byte 0x02, 0x68, 0x10, 0x1C, 0xDA, 0x30, 0x00, 0x23, 0xC0, 0x5E, 0x30, 0x38, 0x00, 0x02, 0x69, 0x68
	.byte 0x81, 0x42, 0x07, 0xDB, 0x10, 0x1C, 0xDC, 0x30, 0x00, 0x24, 0x00, 0x5F, 0x30, 0x30, 0x00, 0x02
	.byte 0x81, 0x42, 0x11, 0xDD, 0xB8, 0x20, 0x40, 0x00, 0x39, 0x18, 0x21, 0x20, 0x08, 0x60, 0xA8, 0x21
	.byte 0x49, 0x00, 0x78, 0x18, 0x00, 0x21, 0x01, 0x80, 0xE0, 0x22, 0x92, 0x00, 0xB0, 0x18, 0x01, 0x80
	.byte 0x00, 0xF0, 0xD3, 0xFF, 0x84, 0x9B, 0x03, 0x02, 0xA8, 0x23, 0x5B, 0x00, 0xF9, 0x18, 0x00, 0xF0
	.byte 0xA4, 0xFF, 0xA8, 0x24, 0x64, 0x00, 0x38, 0x19, 0x00, 0x21, 0x40, 0x5E, 0x00, 0x28, 0x00, 0xD0
	.byte 0x03, 0xE1, 0x68, 0x6B, 0xA9, 0x6B, 0x04, 0x22, 0x00, 0x23, 0x50, 0x40, 0x68, 0x63, 0xA9, 0x63
	.byte 0xAD, 0xF7, 0xA0, 0xFE, 0x00, 0x04, 0x00, 0x0C, 0x03, 0x21, 0xC4, 0xF0, 0xAF, 0xFF, 0x00, 0x04
	.byte 0x00, 0x0C, 0x01, 0x28, 0x48, 0xD0, 0x01, 0x28, 0x02, 0xDC, 0x00, 0x28, 0x04, 0xD0, 0xC0, 0xE0
	.byte 0x02, 0x28, 0x00, 0xD1, 0x7F, 0xE0, 0xBC, 0xE0, 0x0F, 0x48, 0x31, 0x1C, 0x14, 0x31, 0x72, 0x68
	.byte 0x00, 0x92, 0x11, 0x22, 0x01, 0x23, 0xC0, 0xF7, 0xE7, 0xFB, 0x68, 0x6B, 0xA9, 0x6B, 0x04, 0x22
	.byte 0x10, 0x40, 0x00, 0x21, 0x08, 0x43, 0x00, 0x28, 0x10, 0xD0, 0xAD, 0xF7, 0x7B, 0xFE, 0xE2, 0x22
	.byte 0x52, 0x00, 0xB4, 0x18, 0x00, 0x04, 0x00, 0x0C, 0x11, 0x21, 0xC4, 0xF0, 0x87, 0xFF, 0x00, 0x04
	.byte 0x00, 0x0C, 0xB8, 0x30, 0x0F, 0xE0, 0x00, 0x00, 0xD4, 0xFB, 0x13, 0x08, 0xAD, 0xF7, 0x6A, 0xFE
	.byte 0xE2, 0x23, 0x5B, 0x00, 0xF4, 0x18, 0x00, 0x04, 0x00, 0x0C, 0x11, 0x21, 0xC4, 0xF0, 0x76, 0xFF
	.byte 0x00, 0x04, 0x00, 0x0C, 0x38, 0x30, 0x20, 0x60, 0xAD, 0xF7, 0x5C, 0xFE, 0x00, 0x04, 0x00, 0x0C
	.byte 0x21, 0x21, 0xC4, 0xF0, 0x6B, 0xFF, 0x00, 0x04, 0x00, 0x0A, 0x02, 0x4C, 0x00, 0x19, 0x06, 0x99
	.byte 0x09, 0x18, 0x7D, 0xE0, 0x00, 0xF0, 0xFF, 0xFF, 0x0F, 0x48, 0x31, 0x1C, 0x14, 0x31, 0x72, 0x68
	.byte 0x00, 0x92, 0x12, 0x22, 0x01, 0x23, 0xC0, 0xF7, 0xA7, 0xFB, 0x68, 0x6B, 0xA9, 0x6B, 0x04, 0x22
	.byte 0x10, 0x40, 0x00, 0x21, 0x08, 0x43, 0x00, 0x28, 0x10, 0xD0, 0xAD, 0xF7, 0x3B, 0xFE, 0xE2, 0x21
	.byte 0x49, 0x00, 0x74, 0x18, 0x00, 0x04, 0x00, 0x0C, 0x11, 0x21, 0xC4, 0xF0, 0x47, 0xFF, 0x00, 0x04
	.byte 0x00, 0x0C, 0xCB, 0x30, 0x0F, 0xE0, 0x00, 0x00, 0xD4, 0xFB, 0x13, 0x08, 0xAD, 0xF7, 0x2A, 0xFE
	.byte 0xE2, 0x22, 0x52, 0x00, 0xB4, 0x18, 0x00, 0x04, 0x00, 0x0C, 0x11, 0x21, 0xC4, 0xF0, 0x36, 0xFF
	.byte 0x00, 0x04, 0x00, 0x0C, 0x25, 0x30, 0x20, 0x60, 0xAD, 0xF7, 0x1C, 0xFE, 0x00, 0x04, 0x00, 0x0C
	.byte 0x11, 0x21, 0xC4, 0xF0, 0x2B, 0xFF, 0x00, 0x04, 0x00, 0x0A, 0x80, 0x23, 0x5B, 0x01, 0xC0, 0x18
	.byte 0x06, 0x99, 0x09, 0x18, 0x3C, 0xE0, 0x0F, 0x48, 0x31, 0x1C, 0x14, 0x31, 0x72, 0x68, 0x00, 0x92
	.byte 0x13, 0x22, 0x01, 0x23, 0xC0, 0xF7, 0x68, 0xFB, 0x68, 0x6B, 0xA9, 0x6B, 0x04, 0x22, 0x10, 0x40
	.byte 0x00, 0x21, 0x08, 0x43, 0x00, 0x28, 0x0F, 0xD0, 0xAD, 0xF7, 0xFC, 0xFD, 0xE2, 0x21, 0x49, 0x00
	.byte 0x74, 0x18, 0x00, 0x04, 0x00, 0x0C, 0x11, 0x21, 0xC4, 0xF0, 0x08, 0xFF, 0x00, 0x04, 0x00, 0x0C
	.byte 0xA5, 0x30, 0x0E, 0xE0, 0xD4, 0xFB, 0x13, 0x08, 0xAD, 0xF7, 0xEC, 0xFD, 0xE2, 0x22, 0x52, 0x00
	.byte 0xB4, 0x18, 0x00, 0x04, 0x00, 0x0C, 0x11, 0x21, 0xC4, 0xF0, 0xF8, 0xFE, 0x00, 0x04, 0x00, 0x0C
	.byte 0x4B, 0x30, 0x20, 0x60, 0xAD, 0xF7, 0xDE, 0xFD, 0x00, 0x04, 0x00, 0x0C, 0x11, 0x21, 0xC4, 0xF0
	.byte 0xED, 0xFE, 0x00, 0x04, 0x00, 0x0A, 0x80, 0x23, 0x5B, 0x01, 0xC0, 0x18, 0x06, 0x99, 0x09, 0x1A
	.byte 0xA9, 0x60, 0x0A, 0x4B, 0xEB, 0x60, 0x68, 0x6B, 0xA9, 0x6B, 0x04, 0x22, 0x10, 0x40, 0x00, 0x21
	.byte 0x08, 0x43, 0x00, 0x28, 0x0C, 0xD0, 0x05, 0x98, 0xC6, 0x24, 0xE4, 0x01, 0x00, 0x19, 0x68, 0x60
	.byte 0xA9, 0x68, 0x1A, 0x1C, 0xC0, 0x23, 0xBF, 0xF7, 0x4D, 0xFD, 0x0A, 0xE0, 0x00, 0xF0, 0xFF, 0xFF
	.byte 0x05, 0x98, 0x1E, 0x49, 0x40, 0x18, 0x68, 0x60, 0xA9, 0x68, 0x1A, 0x1C, 0x40, 0x23, 0xBF, 0xF7
	.byte 0x41, 0xFD, 0x1B, 0x48, 0xC7, 0xF0, 0x14, 0xFA, 0xA9, 0x22, 0x52, 0x00, 0xB8, 0x18, 0x0A, 0x21
	.byte 0x01, 0x80, 0xB4, 0x23, 0x5B, 0x00, 0xF8, 0x18, 0x01, 0x60, 0xAC, 0x24, 0x64, 0x00, 0x38, 0x19
	.byte 0x00, 0x25, 0x05, 0x60, 0x13, 0x48, 0x00, 0x68, 0xC2, 0x6F, 0x50, 0x68, 0x91, 0x68, 0xD2, 0x68
	.byte 0xD6, 0xF7, 0x08, 0xFC, 0xB4, 0x21, 0x49, 0x00, 0x78, 0x18, 0x68, 0x39, 0xA9, 0x22, 0x52, 0x00
	.byte 0xBC, 0x18, 0x22, 0x88, 0xAC, 0xF7, 0x3A, 0xFF, 0x20, 0x88, 0x01, 0x38, 0x20, 0x80, 0x00, 0x04
	.byte 0x00, 0x28, 0x11, 0xDC, 0xB8, 0x23, 0x5B, 0x00, 0xF8, 0x18, 0x22, 0x21, 0x01, 0x60, 0xA8, 0x24
	.byte 0x64, 0x00, 0x38, 0x19, 0x05, 0x80, 0x00, 0xF0, 0x98, 0xFE, 0x00, 0x00, 0x00, 0x9D, 0xFF, 0xFF
	.byte 0x9E, 0x02, 0x00, 0x00, 0x84, 0x9B, 0x03, 0x02, 0xA8, 0x20, 0x40, 0x00, 0x39, 0x18, 0x00, 0xF0
	.byte 0x64, 0xFE, 0xA8, 0x21, 0x49, 0x00, 0xC9, 0x19, 0x88, 0x46, 0x00, 0x22, 0x88, 0x5E, 0x00, 0x28
	.byte 0x04, 0xD1, 0x2D, 0x48, 0xC7, 0xF0, 0xCC, 0xF9, 0xC0, 0xF7, 0xAA, 0xFF, 0xE5, 0x23, 0x5B, 0x00
	.byte 0xF2, 0x18, 0x11, 0x88, 0x04, 0x20, 0x00, 0x24, 0xA1, 0x46, 0x08, 0x43, 0x10, 0x80, 0x27, 0x4B
	.byte 0xE2, 0x20, 0x40, 0x00, 0x32, 0x18, 0x10, 0x78, 0x40, 0x00, 0xC0, 0x18, 0x00, 0x24, 0x01, 0x5F
	.byte 0x48, 0x00, 0x40, 0x18, 0x80, 0x00, 0x69, 0x68, 0x09, 0x18, 0x69, 0x60, 0x10, 0x78, 0x40, 0x30
	.byte 0x40, 0x00, 0xC0, 0x18, 0x00, 0x22, 0x80, 0x5E, 0x40, 0x42, 0x43, 0x00, 0x1B, 0x18, 0x9B, 0x00
	.byte 0xAA, 0x68, 0xD2, 0x18, 0xAA, 0x60, 0x1A, 0x48, 0xEB, 0x68, 0x18, 0x25, 0x00, 0x95, 0x10, 0x24
	.byte 0x01, 0x94, 0x02, 0x95, 0xB9, 0xF7, 0x20, 0xFA, 0x00, 0x28, 0x02, 0xD0, 0x15, 0x48, 0xC7, 0xF0
	.byte 0x97, 0xF9, 0xAC, 0x23, 0x5B, 0x00, 0xF8, 0x18, 0x4C, 0x46, 0x04, 0x60, 0x12, 0x48, 0x00, 0x68
	.byte 0xC2, 0x6F, 0x50, 0x68, 0x91, 0x68, 0xD2, 0x68, 0xD6, 0xF7, 0x94, 0xFB, 0x41, 0x46, 0x00, 0x22
	.byte 0x88, 0x5E, 0x0F, 0x28, 0x1A, 0xD1, 0xE0, 0x23, 0x9B, 0x00, 0xF0, 0x18, 0x00, 0x24, 0x00, 0x5F
	.byte 0x04, 0x28, 0x13, 0xDD, 0xB8, 0x20, 0x40, 0x00, 0x39, 0x18, 0x23, 0x20, 0x08, 0x60, 0x4A, 0x46
	.byte 0x41, 0x46, 0x0A, 0x80, 0x00, 0xF0, 0x29, 0xFE, 0x9F, 0x02, 0x00, 0x00, 0x00, 0x14, 0x12, 0x08
	.byte 0x27, 0x01, 0x00, 0x00, 0x92, 0x02, 0x00, 0x00, 0x84, 0x9B, 0x03, 0x02, 0xA8, 0x23, 0x5B, 0x00
	.byte 0xFA, 0x18, 0x11, 0x88, 0x00, 0x24, 0x10, 0x5F, 0x1E, 0x28, 0x0B, 0xDD, 0xB8, 0x20, 0x40, 0x00
	.byte 0x39, 0x18, 0x21, 0x20, 0x08, 0x60, 0x00, 0x20, 0x10, 0x80, 0xE0, 0x22, 0x92, 0x00, 0xB1, 0x18
	.byte 0x00, 0xF0, 0xE3, 0xFD, 0x48, 0x1C, 0x10, 0x80, 0x00, 0xF0, 0x07, 0xFE, 0xA8, 0x23, 0x5B, 0x00
	.byte 0xF8, 0x18, 0x00, 0x24, 0x00, 0x5F, 0x00, 0x28, 0x0D, 0xD1, 0x30, 0x48, 0x31, 0x1C, 0x14, 0x31
	.byte 0x72, 0x68, 0x00, 0x92, 0x14, 0x22, 0x00, 0x23, 0xC0, 0xF7, 0x3E, 0xFA, 0xA9, 0x20, 0x40, 0x00
	.byte 0x39, 0x18, 0x28, 0x20, 0x08, 0x80, 0xA9, 0x21, 0x49, 0x00, 0x7C, 0x18, 0x00, 0x22, 0xA0, 0x5E
	.byte 0x00, 0x28, 0x1D, 0xDD, 0x28, 0x1D, 0x69, 0x69, 0x22, 0x88, 0xAC, 0xF7, 0x77, 0xFE, 0x28, 0x1C
	.byte 0x08, 0x30, 0xA9, 0x69, 0x22, 0x88, 0xAC, 0xF7, 0x71, 0xFE, 0x28, 0x1C, 0x0C, 0x30, 0xE9, 0x69
	.byte 0x22, 0x88, 0xAC, 0xF7, 0x6B, 0xFE, 0x20, 0x88, 0x01, 0x38, 0x20, 0x80, 0x00, 0x04, 0x00, 0x28
	.byte 0x06, 0xDC, 0x68, 0x68, 0xA9, 0x68, 0x1A, 0x4B, 0xC9, 0x18, 0x00, 0x22, 0xC0, 0xF7, 0x74, 0xF9
	.byte 0xB9, 0xF7, 0x54, 0xFE, 0x00, 0x06, 0x04, 0x0E, 0x00, 0x2C, 0x2B, 0xD1, 0xA9, 0x21, 0x49, 0x00
	.byte 0x78, 0x18, 0x00, 0x22, 0x80, 0x5E, 0x00, 0x28, 0x24, 0xDC, 0x38, 0x1C, 0x14, 0x30, 0xAC, 0xF7
	.byte 0x5D, 0xFF, 0x00, 0x06, 0x00, 0x28, 0x1D, 0xD0, 0xAA, 0x23, 0x5B, 0x00, 0xFA, 0x18, 0x10, 0x68
	.byte 0x09, 0x21, 0x49, 0x42, 0x08, 0x40, 0x10, 0x60, 0x28, 0x1C, 0xC2, 0xF7, 0x45, 0xF9, 0xB8, 0x21
	.byte 0x49, 0x00, 0x78, 0x18, 0x04, 0x60, 0x09, 0x20, 0x1E, 0x21, 0xAD, 0xF7, 0x49, 0xFA, 0xA8, 0x22
	.byte 0x52, 0x00, 0xB8, 0x18, 0x04, 0x80, 0x00, 0xF0, 0xA0, 0xFD, 0x00, 0x00, 0xD4, 0xFB, 0x13, 0x08
	.byte 0x00, 0xE0, 0xFF, 0xFF, 0xA8, 0x23, 0x5B, 0x00, 0xF9, 0x18, 0x00, 0xF0, 0x6E, 0xFD, 0xA8, 0x24
	.byte 0x64, 0x00, 0x38, 0x19, 0x00, 0x21, 0x40, 0x5E, 0x00, 0x28, 0x0B, 0xD1, 0x0D, 0x48, 0x31, 0x1C
	.byte 0x14, 0x31, 0x72, 0x68, 0x00, 0x92, 0x0A, 0x22, 0x00, 0x23, 0xC0, 0xF7, 0xCD, 0xF9, 0x0A, 0x48
	.byte 0xC7, 0xF0, 0xCE, 0xF8, 0xF8, 0x8B, 0x14, 0x22, 0xD2, 0x19, 0x90, 0x46, 0x00, 0x28, 0x4A, 0xD1
	.byte 0x40, 0x46, 0xAC, 0xF7, 0x29, 0xFF, 0x00, 0x04, 0x02, 0x0C, 0x01, 0x2A, 0x06, 0xD0, 0x04, 0x2A
	.byte 0x0C, 0xD0, 0x40, 0xE0, 0xD4, 0xFB, 0x13, 0x08, 0x05, 0x01, 0x00, 0x00, 0xAC, 0x23, 0x5B, 0x00
	.byte 0xF9, 0x18, 0x01, 0x48, 0x08, 0x60, 0x36, 0xE0, 0x34, 0xFC, 0xFF, 0xFF, 0xAC, 0x24, 0x64, 0x00
	.byte 0x39, 0x19, 0x80, 0x20, 0x40, 0x01, 0x08, 0x60, 0x68, 0x6B, 0xA9, 0x6B, 0x10, 0x40, 0x00, 0x21
	.byte 0x08, 0x43, 0x00, 0x28, 0x14, 0xD0, 0x08, 0x48, 0x69, 0x68, 0x08, 0x4A, 0x89, 0x18, 0xAA, 0x68
	.byte 0xEB, 0x68, 0x1C, 0x24, 0x00, 0x94, 0x10, 0x24, 0x01, 0x94, 0x02, 0x94, 0xB9, 0xF7, 0x1C, 0xF9
	.byte 0x00, 0x28, 0x15, 0xD1, 0x17, 0xE0, 0x00, 0x00, 0x25, 0x01, 0x00, 0x00, 0x00, 0xE0, 0xFF, 0xFF
	.byte 0x14, 0x48, 0x69, 0x68, 0x80, 0x23, 0x9B, 0x01, 0xC9, 0x18, 0xAA, 0x68, 0xEB, 0x68, 0x1C, 0x24
	.byte 0x00, 0x94, 0x10, 0x24, 0x01, 0x94, 0x02, 0x94, 0xB9, 0xF7, 0x06, 0xF9, 0x00, 0x28, 0x02, 0xD0
	.byte 0x0D, 0x48, 0xC7, 0xF0, 0x7D, 0xF8, 0x40, 0x46, 0xAC, 0xF7, 0xDC, 0xFE, 0x00, 0x04, 0x00, 0x0C
	.byte 0x03, 0x28, 0x1B, 0xDC, 0x01, 0x28, 0x19, 0xDB, 0x68, 0x6B, 0xA9, 0x6B, 0x04, 0x22, 0x10, 0x40
	.byte 0x00, 0x21, 0x08, 0x43, 0x00, 0x28, 0x09, 0xD0, 0x68, 0x68, 0xC8, 0x24, 0xA4, 0x01, 0x02, 0x19
	.byte 0x07, 0xE0, 0x00, 0x00, 0x25, 0x01, 0x00, 0x00, 0x8F, 0x02, 0x00, 0x00, 0x68, 0x68, 0x0A, 0x49
	.byte 0x42, 0x18, 0x69, 0x69, 0x89, 0x1A, 0xC9, 0x10, 0x40, 0x18, 0x68, 0x60, 0x40, 0x46, 0xAC, 0xF7
	.byte 0xAD, 0xFE, 0x00, 0x06, 0x00, 0x28, 0x01, 0xD0, 0x00, 0xF0, 0x49, 0xFC, 0xA8, 0x24, 0x64, 0x00
	.byte 0x39, 0x19, 0x00, 0xF0, 0xDA, 0xFC, 0x00, 0x00, 0x00, 0xCE, 0xFF, 0xFF, 0xA8, 0x21, 0x49, 0x00
	.byte 0x78, 0x18, 0x00, 0x22, 0x80, 0x5E, 0x00, 0x28, 0x17, 0xD1, 0x1B, 0x48, 0x31, 0x1C, 0x14, 0x31
	.byte 0x72, 0x68, 0x00, 0x92, 0x0D, 0x22, 0x00, 0x23, 0xC0, 0xF7, 0x36, 0xF9, 0x83, 0x20, 0x40, 0x00
	.byte 0xC7, 0xF0, 0x36, 0xF8, 0xE5, 0x23, 0x5B, 0x00, 0xF2, 0x18, 0x11, 0x88, 0x13, 0x48, 0x08, 0x40
	.byte 0x10, 0x80, 0x38, 0x1C, 0x01, 0x21, 0xB6, 0xF7, 0xA7, 0xFA, 0xE5, 0x24, 0x64, 0x00, 0x30, 0x19
	.byte 0x01, 0x88, 0x02, 0x20, 0x08, 0x40, 0x00, 0x28, 0x41, 0xD0, 0x0D, 0x48, 0x00, 0x68, 0xC4, 0x6F
	.byte 0x00, 0x2C, 0x30, 0xD0, 0x00, 0x20, 0x80, 0x46, 0x68, 0x6B, 0xA9, 0x6B, 0x04, 0x22, 0x10, 0x40
	.byte 0x00, 0x21, 0x08, 0x43, 0x00, 0x28, 0x0F, 0xD0, 0x68, 0x68, 0x06, 0x49, 0x40, 0x18, 0x63, 0x68
	.byte 0x83, 0x42, 0x12, 0xDA, 0x14, 0xE0, 0x00, 0x00, 0xD4, 0xFB, 0x13, 0x08, 0xFD, 0xFF, 0x00, 0x00
	.byte 0x84, 0x9B, 0x03, 0x02, 0x00, 0xE0, 0xFF, 0xFF, 0x68, 0x68, 0x80, 0x22, 0x92, 0x01, 0x80, 0x18
	.byte 0x63, 0x68, 0x83, 0x42, 0x01, 0xDD, 0x01, 0x20, 0x80, 0x46, 0x41, 0x46, 0x00, 0x29, 0x0A, 0xD0
	.byte 0xA1, 0x68, 0x20, 0x1C, 0xA2, 0x30, 0x00, 0x22, 0x80, 0x5E, 0x00, 0x02, 0xE2, 0x68, 0x12, 0x1A
	.byte 0x18, 0x1C, 0xBB, 0xF7, 0x89, 0xFC, 0xE5, 0x23, 0x5B, 0x00, 0xF0, 0x18, 0x01, 0x88, 0x02, 0x20
	.byte 0x08, 0x40, 0x14, 0x24, 0xE4, 0x19, 0xA0, 0x46, 0x00, 0x28, 0x00, 0xD0, 0x8F, 0xE0, 0xF8, 0x8B
	.byte 0x14, 0x21, 0xC9, 0x19, 0x88, 0x46, 0x00, 0x28, 0x00, 0xD0, 0x88, 0xE0, 0x00, 0x24, 0xA1, 0x46
	.byte 0x40, 0x46, 0xAC, 0xF7, 0x37, 0xFE, 0x00, 0x04, 0x00, 0x0C, 0x06, 0x28, 0x23, 0xD8, 0x80, 0x00
	.byte 0x01, 0x49, 0x40, 0x18, 0x00, 0x68, 0x87, 0x46, 0xDC, 0x8E, 0x05, 0x08, 0xF8, 0x8E, 0x05, 0x08
	.byte 0x00, 0x8F, 0x05, 0x08, 0x16, 0x8F, 0x05, 0x08, 0x16, 0x8F, 0x05, 0x08, 0x08, 0x8F, 0x05, 0x08
	.byte 0x0C, 0x8F, 0x05, 0x08, 0x10, 0x8F, 0x05, 0x08, 0x00, 0x4C, 0x0C, 0xE0, 0xF6, 0xFF, 0x00, 0x00
	.byte 0x00, 0x4C, 0x08, 0xE0, 0xE8, 0xFF, 0x00, 0x00, 0x0C, 0x24, 0x04, 0xE0, 0x0F, 0x24, 0x02, 0xE0
	.byte 0x07, 0x24, 0x01, 0x22, 0x91, 0x46, 0x68, 0x6B, 0xA9, 0x6B, 0x04, 0x22, 0x10, 0x40, 0x00, 0x21
	.byte 0x08, 0x43, 0x00, 0x28, 0x04, 0xD0, 0x21, 0x04, 0x09, 0x12, 0x68, 0x68, 0x40, 0x1A, 0x03, 0xE0
	.byte 0x21, 0x04, 0x09, 0x12, 0x68, 0x68, 0x40, 0x18, 0x68, 0x60, 0x4B, 0x46, 0x00, 0x2B, 0x46, 0xD0
	.byte 0xE5, 0x24, 0x64, 0x00, 0x32, 0x19, 0x11, 0x88, 0x02, 0x20, 0x08, 0x43, 0x10, 0x80, 0x68, 0x6B
	.byte 0xA9, 0x6B, 0x04, 0x22, 0x10, 0x40, 0x00, 0x21, 0x0C, 0x1C, 0x04, 0x43, 0x00, 0x2C, 0x1D, 0xD0
	.byte 0x69, 0x68, 0x0B, 0x48, 0x09, 0x18, 0xAA, 0x68, 0xEB, 0x68, 0x0A, 0x4C, 0x1B, 0x19, 0x68, 0x69
	.byte 0x09, 0x4C, 0x00, 0x19, 0x00, 0x90, 0xA8, 0x69, 0x01, 0x90, 0x02, 0x93, 0x01, 0x20, 0x03, 0x90
	.byte 0x94, 0x20, 0x40, 0x00, 0x04, 0x90, 0x03, 0x20, 0xB9, 0xF7, 0x5C, 0xFF, 0x1F, 0xE0, 0x00, 0x00
	.byte 0x00, 0xB6, 0xFF, 0xFF, 0x00, 0xE8, 0xFF, 0xFF, 0x00, 0x38, 0xFF, 0xFF, 0x69, 0x68, 0x94, 0x20
	.byte 0xC0, 0x01, 0x09, 0x18, 0xAA, 0x68, 0x91, 0x46, 0xEB, 0x68, 0x1E, 0x48, 0x1B, 0x18, 0x68, 0x69
	.byte 0xC8, 0x22, 0x12, 0x02, 0x80, 0x18, 0x00, 0x90, 0xA8, 0x69, 0x01, 0x90, 0x02, 0x93, 0x03, 0x94
	.byte 0x94, 0x20, 0x40, 0x00, 0x04, 0x90, 0x03, 0x20, 0x4A, 0x46, 0xB9, 0xF7, 0x3B, 0xFF, 0x40, 0x46
	.byte 0xAC, 0xF7, 0xA4, 0xFD, 0x00, 0x06, 0x00, 0x28, 0x08, 0xD0, 0x13, 0x48, 0x31, 0x1C, 0x14, 0x31
	.byte 0x72, 0x68, 0x00, 0x92, 0x00, 0x22, 0x01, 0x23, 0xC0, 0xF7, 0x3E, 0xF8, 0x40, 0x46, 0xAC, 0xF7
	.byte 0x95, 0xFD, 0x00, 0x06, 0x00, 0x28, 0x00, 0xD1, 0xC4, 0xE3, 0xB9, 0xF7, 0x77, 0xFC, 0x00, 0x06
	.byte 0x04, 0x0E, 0x00, 0x2C, 0x00, 0xD0, 0xBD, 0xE3, 0x28, 0x1C, 0xC1, 0xF7, 0x7D, 0xFF, 0xB8, 0x23
	.byte 0x5B, 0x00, 0xF8, 0x18, 0x04, 0x60, 0xA8, 0x21, 0x49, 0x00, 0x78, 0x18, 0x04, 0x80, 0x00, 0xF0
	.byte 0xDC, 0xFB, 0x00, 0x00, 0x00, 0xE8, 0xFF, 0xFF, 0xD4, 0xFB, 0x13, 0x08, 0xA8, 0x23, 0x5B, 0x00
	.byte 0xF8, 0x18, 0x00, 0x24, 0x00, 0x5F, 0x00, 0x28, 0x12, 0xD1, 0x14, 0x48, 0x31, 0x1C, 0x14, 0x31
	.byte 0x72, 0x68, 0x00, 0x92, 0x09, 0x22, 0x00, 0x23, 0xC0, 0xF7, 0x0E, 0xF8, 0xAD, 0xF7, 0xAA, 0xFA
	.byte 0x00, 0x04, 0x00, 0x0C, 0x01, 0x21, 0x08, 0x40, 0x0D, 0x49, 0x40, 0x18, 0xC6, 0xF0, 0x08, 0xFF
	.byte 0xF8, 0x8B, 0x14, 0x22, 0xD2, 0x19, 0x90, 0x46, 0x00, 0x28, 0x00, 0xD0, 0x79, 0xE0, 0x00, 0x24
	.byte 0x00, 0x26, 0x40, 0x46, 0xAC, 0xF7, 0x60, 0xFD, 0x00, 0x04, 0x00, 0x0C, 0x02, 0x38, 0x08, 0x28
	.byte 0x2B, 0xD8, 0x80, 0x00, 0x03, 0x49, 0x40, 0x18, 0x00, 0x68, 0x87, 0x46, 0xD4, 0xFB, 0x13, 0x08
	.byte 0x03, 0x01, 0x00, 0x00, 0x98, 0x90, 0x05, 0x08, 0xBC, 0x90, 0x05, 0x08, 0xC0, 0x90, 0x05, 0x08
	.byte 0xC6, 0x90, 0x05, 0x08, 0xDA, 0x90, 0x05, 0x08, 0xCA, 0x90, 0x05, 0x08, 0xCE, 0x90, 0x05, 0x08
	.byte 0xD4, 0x90, 0x05, 0x08, 0xD8, 0x90, 0x05, 0x08, 0xD8, 0x90, 0x05, 0x08, 0x04, 0x24, 0x0C, 0xE0
	.byte 0x10, 0x24, 0x01, 0x26, 0x09, 0xE0, 0x05, 0x24, 0x07, 0xE0, 0x01, 0x24, 0x05, 0xE0, 0x04, 0x24
	.byte 0x01, 0x26, 0x02, 0xE0, 0x06, 0x24, 0x00, 0xE0, 0x02, 0x24, 0x68, 0x6B, 0xA9, 0x6B, 0x04, 0x22
	.byte 0x10, 0x40, 0x00, 0x21, 0x08, 0x43, 0x00, 0x28, 0x03, 0xD0, 0x21, 0x02, 0x68, 0x68, 0x40, 0x1A
	.byte 0x02, 0xE0, 0x21, 0x02, 0x68, 0x68, 0x40, 0x18, 0x68, 0x60, 0x00, 0x2E, 0x31, 0xD0, 0xC0, 0xF7
	.byte 0x97, 0xFC, 0x68, 0x6B, 0xA9, 0x6B, 0x04, 0x22, 0x10, 0x40, 0x00, 0x21, 0x08, 0x43, 0x00, 0x28
	.byte 0x12, 0xD0, 0x92, 0x20, 0x40, 0x00, 0x69, 0x68, 0x06, 0x4B, 0xC9, 0x18, 0xAA, 0x68, 0xEB, 0x68
	.byte 0x1E, 0x24, 0x00, 0x94, 0x10, 0x24, 0x01, 0x94, 0x02, 0x94, 0xB8, 0xF7, 0x25, 0xFF, 0x00, 0x28
	.byte 0x13, 0xD1, 0x16, 0xE0, 0x00, 0xEC, 0xFF, 0xFF, 0x92, 0x20, 0x40, 0x00, 0x69, 0x68, 0xA0, 0x24
	.byte 0x64, 0x01, 0x09, 0x19, 0xAA, 0x68, 0xEB, 0x68, 0x1E, 0x24, 0x00, 0x94, 0x10, 0x24, 0x01, 0x94
	.byte 0x02, 0x94, 0xB8, 0xF7, 0x11, 0xFF, 0x00, 0x28, 0x03, 0xD0, 0xA4, 0x20, 0x80, 0x00, 0xC6, 0xF0
	.byte 0x87, 0xFE, 0x40, 0x46, 0xAC, 0xF7, 0xE6, 0xFC, 0x00, 0x04, 0x00, 0x0C, 0x08, 0x28, 0x14, 0xDC
	.byte 0x02, 0x28, 0x12, 0xDB, 0x68, 0x6B, 0xA9, 0x6B, 0x04, 0x22, 0x10, 0x40, 0x00, 0x21, 0x08, 0x43
	.byte 0x00, 0x28, 0x05, 0xD0, 0x68, 0x68, 0x01, 0x49, 0x40, 0x18, 0x05, 0xE0, 0x00, 0xFF, 0xFF, 0xFF
	.byte 0x68, 0x68, 0x80, 0x22, 0x52, 0x00, 0x80, 0x18, 0x68, 0x60, 0x40, 0x46, 0xAC, 0xF7, 0xBE, 0xFC
	.byte 0x00, 0x06, 0x00, 0x28, 0x0C, 0xD0, 0x28, 0x1C, 0xC1, 0xF7, 0xAE, 0xFE, 0xB8, 0x23, 0x5B, 0x00
	.byte 0xF8, 0x18, 0x00, 0x21, 0x01, 0x60, 0xA8, 0x24, 0x64, 0x00, 0x38, 0x19, 0x01, 0x80, 0x0C, 0xE3
	.byte 0xA8, 0x20, 0x40, 0x00, 0x39, 0x18, 0xE0, 0xE2, 0xA8, 0x21, 0x49, 0x00, 0x78, 0x18, 0x00, 0x22
	.byte 0x80, 0x5E, 0x00, 0x28, 0x12, 0xD1, 0x18, 0x48, 0x31, 0x1C, 0x14, 0x31, 0x72, 0x68, 0x00, 0x92
	.byte 0x08, 0x22, 0x00, 0x23, 0xBF, 0xF7, 0x40, 0xFF, 0xAD, 0xF7, 0xDC, 0xF9, 0x00, 0x04, 0x00, 0x0C
	.byte 0x01, 0x21, 0x08, 0x40, 0x11, 0x4B, 0xC0, 0x18, 0xC6, 0xF0, 0x3A, 0xFE, 0x3C, 0x1C, 0x14, 0x34
	.byte 0x20, 0x1C, 0xAC, 0xF7, 0x99, 0xFC, 0x00, 0x04, 0x00, 0x0C, 0xA0, 0x46, 0x06, 0x28, 0x1F, 0xD1
	.byte 0xE5, 0x24, 0x64, 0x00, 0x32, 0x19, 0x11, 0x88, 0x04, 0x20, 0x08, 0x43, 0x10, 0x80, 0x68, 0x6B
	.byte 0xA9, 0x6B, 0x04, 0x22, 0x10, 0x40, 0x00, 0x21, 0x08, 0x43, 0x00, 0x28, 0x08, 0xD0, 0x68, 0x68
	.byte 0xB0, 0x21, 0xC9, 0x01, 0x42, 0x18, 0x06, 0xE0, 0xD4, 0xFB, 0x13, 0x08, 0x03, 0x01, 0x00, 0x00
	.byte 0x68, 0x68, 0x0E, 0x4B, 0xC2, 0x18, 0x69, 0x69, 0x89, 0x1A, 0x89, 0x10, 0x40, 0x18, 0x68, 0x60
	.byte 0xF8, 0x8B, 0x00, 0x28, 0x00, 0xD0, 0xBB, 0xE0, 0x00, 0x24, 0x00, 0x26, 0x91, 0x20, 0x40, 0x00
	.byte 0x81, 0x46, 0x40, 0x46, 0xAC, 0xF7, 0x68, 0xFC, 0x00, 0x04, 0x00, 0x0C, 0x01, 0x38, 0x08, 0x28
	.byte 0x37, 0xD8, 0x80, 0x00, 0x02, 0x49, 0x40, 0x18, 0x00, 0x68, 0x87, 0x46, 0x00, 0xA8, 0xFF, 0xFF
	.byte 0x84, 0x92, 0x05, 0x08, 0xA8, 0x92, 0x05, 0x08, 0xAC, 0x92, 0x05, 0x08, 0xE2, 0x92, 0x05, 0x08
	.byte 0xB8, 0x92, 0x05, 0x08, 0xC0, 0x92, 0x05, 0x08, 0xC4, 0x92, 0x05, 0x08, 0xD4, 0x92, 0x05, 0x08
	.byte 0xDC, 0x92, 0x05, 0x08, 0xE0, 0x92, 0x05, 0x08, 0x0F, 0x24, 0x1A, 0xE0, 0x05, 0x24, 0x01, 0x26
	.byte 0x91, 0x21, 0x49, 0x00, 0x89, 0x46, 0x14, 0xE0, 0x00, 0x4C, 0x12, 0xE0, 0xFB, 0xFF, 0x00, 0x00
	.byte 0x0A, 0x24, 0x0E, 0xE0, 0x14, 0x24, 0x01, 0x26, 0x01, 0x4A, 0x91, 0x46, 0x09, 0xE0, 0x00, 0x00
	.byte 0x23, 0x01, 0x00, 0x00, 0x00, 0x4C, 0x04, 0xE0, 0xF7, 0xFF, 0x00, 0x00, 0x06, 0x24, 0x00, 0xE0
	.byte 0x01, 0x24, 0x68, 0x6B, 0xA9, 0x6B, 0x04, 0x22, 0x10, 0x40, 0x00, 0x21, 0x08, 0x43, 0x00, 0x28
	.byte 0x04, 0xD0, 0x21, 0x04, 0x09, 0x12, 0x68, 0x68, 0x40, 0x1A, 0x03, 0xE0, 0x21, 0x04, 0x09, 0x12
	.byte 0x68, 0x68, 0x40, 0x18, 0x68, 0x60, 0x00, 0x2E, 0x62, 0xD0, 0xC0, 0xF7, 0x91, 0xFB, 0x68, 0x6B
	.byte 0xA9, 0x6B, 0x04, 0x22, 0x10, 0x40, 0x00, 0x21, 0x08, 0x43, 0x00, 0x28, 0x12, 0xD0, 0x69, 0x68
	.byte 0x07, 0x4B, 0xC9, 0x18, 0xAA, 0x68, 0xEB, 0x68, 0x14, 0x20, 0x00, 0x90, 0x08, 0x20, 0x01, 0x90
	.byte 0x10, 0x20, 0x02, 0x90, 0x48, 0x46, 0xB8, 0xF7, 0x1F, 0xFE, 0x00, 0x28, 0x13, 0xD1, 0x47, 0xE0
	.byte 0x00, 0xEC, 0xFF, 0xFF, 0x69, 0x68, 0xA0, 0x24, 0x64, 0x01, 0x09, 0x19, 0xAA, 0x68, 0xEB, 0x68
	.byte 0x14, 0x20, 0x00, 0x90, 0x08, 0x20, 0x01, 0x90, 0x10, 0x20, 0x02, 0x90, 0x48, 0x46, 0xB8, 0xF7
	.byte 0x0B, 0xFE, 0x00, 0x28, 0x34, 0xD0, 0xA4, 0x20, 0x80, 0x00, 0xC6, 0xF0, 0x81, 0xFD, 0x0E, 0x48
	.byte 0x81, 0x45, 0x2D, 0xD1, 0x02, 0x20, 0x2D, 0x21, 0xAC, 0xF7, 0xD2, 0xFE, 0x68, 0x6B, 0xA9, 0x6B
	.byte 0x04, 0x22, 0x10, 0x40, 0x00, 0x21, 0x08, 0x43, 0x00, 0x28, 0x13, 0xD0, 0xA6, 0x21, 0x49, 0x00
	.byte 0x6A, 0x68, 0x06, 0x48, 0x12, 0x18, 0xE8, 0x68, 0x05, 0x4B, 0xC0, 0x18, 0xAB, 0x68, 0x1B, 0x18
	.byte 0x06, 0x20, 0xBF, 0xF7, 0x55, 0xFE, 0x13, 0xE0, 0x23, 0x01, 0x00, 0x00, 0x00, 0xE0, 0xFF, 0xFF
	.byte 0x00, 0xE8, 0xFF, 0xFF, 0xA6, 0x21, 0x49, 0x00, 0x6A, 0x68, 0x80, 0x24, 0xA4, 0x01, 0x12, 0x19
	.byte 0xE8, 0x68, 0x16, 0x4B, 0xC0, 0x18, 0xAB, 0x68, 0x1B, 0x18, 0x06, 0x20, 0xBF, 0xF7, 0x40, 0xFE
	.byte 0xF8, 0x8B, 0x02, 0x28, 0x0F, 0xD1, 0x40, 0x46, 0xAC, 0xF7, 0xAE, 0xFB, 0x00, 0x04, 0x00, 0x0C
	.byte 0x06, 0x28, 0x08, 0xD1, 0x80, 0x21, 0x49, 0x00, 0x0D, 0x48, 0x00, 0x68, 0x02, 0x69, 0x43, 0x69
	.byte 0x08, 0x20, 0xBF, 0xF7, 0x2D, 0xFE, 0x40, 0x46, 0xAC, 0xF7, 0x90, 0xFB, 0x00, 0x06, 0x00, 0x28
	.byte 0x10, 0xD0, 0x28, 0x1C, 0xC1, 0xF7, 0x80, 0xFD, 0xB8, 0x24, 0x64, 0x00, 0x38, 0x19, 0x00, 0x21
	.byte 0x01, 0x60, 0xA8, 0x22, 0x52, 0x00, 0xB8, 0x18, 0x01, 0x80, 0xDE, 0xE1, 0x00, 0xE8, 0xFF, 0xFF
	.byte 0x84, 0x9B, 0x03, 0x02, 0xA8, 0x23, 0x5B, 0x00, 0xF9, 0x18, 0xAE, 0xE1, 0xE9, 0x68, 0x28, 0x69
	.byte 0x81, 0x42, 0x00, 0xDA, 0xD1, 0xE1, 0xA8, 0x20, 0x40, 0x00, 0x3C, 0x18, 0x00, 0x21, 0x60, 0x5E
	.byte 0x00, 0x28, 0x0B, 0xD1, 0x10, 0x48, 0x31, 0x1C, 0x14, 0x31, 0x72, 0x68, 0x00, 0x92, 0x03, 0x22
	.byte 0x00, 0x23, 0xBF, 0xF7, 0x09, 0xFE, 0x0D, 0x48, 0xC6, 0xF0, 0x0A, 0xFD, 0x38, 0x1C, 0x14, 0x30
	.byte 0xAC, 0xF7, 0x5C, 0xFB, 0x00, 0x06, 0x00, 0x28, 0x00, 0xD1, 0xB3, 0xE1, 0x00, 0x20, 0x20, 0x80
	.byte 0xB8, 0x22, 0x52, 0x00, 0xB9, 0x18, 0x1A, 0x20, 0x08, 0x60, 0xAC, 0x23, 0x5B, 0x00, 0xF9, 0x18
	.byte 0x03, 0x48, 0x08, 0x60, 0xA9, 0xE1, 0x00, 0x00, 0xD4, 0xFB, 0x13, 0x08, 0x05, 0x01, 0x00, 0x00
	.byte 0x00, 0xFA, 0xFF, 0xFF, 0x05, 0x98, 0x69, 0x68, 0x40, 0x1A, 0x00, 0x11, 0x09, 0x18, 0x69, 0x60
	.byte 0x06, 0x98, 0xA9, 0x68, 0x40, 0x1A, 0x00, 0x11, 0x09, 0x18, 0xA9, 0x60, 0xAC, 0x24, 0x64, 0x00
	.byte 0x38, 0x19, 0x01, 0x68, 0x00, 0x29, 0x19, 0xDA, 0x04, 0x48, 0x81, 0x42, 0x0A, 0xDD, 0x04, 0x48
	.byte 0x31, 0x1C, 0x14, 0x31, 0x72, 0x68, 0x00, 0x92, 0x05, 0x22, 0x09, 0xE0, 0x00, 0xFE, 0xFF, 0xFF
	.byte 0xD4, 0xFB, 0x13, 0x08, 0x04, 0x48, 0x31, 0x1C, 0x14, 0x31, 0x72, 0x68, 0x00, 0x92, 0x04, 0x22
	.byte 0x00, 0x23, 0xBF, 0xF7, 0xC1, 0xFD, 0x0C, 0xE0, 0xD4, 0xFB, 0x13, 0x08, 0xA8, 0x20, 0x40, 0x00
	.byte 0x39, 0x18, 0x00, 0x20, 0x08, 0x80, 0xB8, 0x22, 0x52, 0x00, 0xB9, 0x18, 0x1B, 0x20, 0x08, 0x60
	.byte 0x6B, 0xE1, 0xA8, 0x23, 0x5B, 0x00, 0xF9, 0x18, 0x3F, 0xE1, 0xA8, 0x24, 0x64, 0x00, 0x38, 0x19
	.byte 0x00, 0x21, 0x40, 0x5E, 0x00, 0x28, 0x0F, 0xD1, 0x29, 0x48, 0x31, 0x1C, 0x14, 0x31, 0x72, 0x68
	.byte 0x00, 0x92, 0x0B, 0x22, 0x00, 0x23, 0xBF, 0xF7, 0x9F, 0xFD, 0xE5, 0x23, 0x5B, 0x00, 0xF2, 0x18
	.byte 0x11, 0x88, 0x24, 0x48, 0x08, 0x40, 0x10, 0x80, 0x05, 0x98, 0x69, 0x68, 0x40, 0x1A, 0x00, 0x11
	.byte 0x09, 0x18, 0x69, 0x60, 0x06, 0x98, 0xA9, 0x68, 0x40, 0x1A, 0x00, 0x11, 0x09, 0x18, 0xA9, 0x60
	.byte 0x38, 0x1C, 0x14, 0x30, 0xAC, 0xF7, 0xEE, 0xFA, 0x00, 0x04, 0x00, 0x0C, 0x01, 0x28, 0x17, 0xD9
	.byte 0x93, 0x20, 0x40, 0x00, 0x69, 0x68, 0xAA, 0x68, 0xEB, 0x68, 0x0A, 0x24, 0x00, 0x94, 0x01, 0x94
	.byte 0x04, 0x24, 0x02, 0x94, 0xB8, 0xF7, 0x00, 0xFD, 0x00, 0x28, 0x09, 0xD0, 0x12, 0x48, 0xC6, 0xF0
	.byte 0x77, 0xFC, 0xE5, 0x24, 0x64, 0x00, 0x32, 0x19, 0x11, 0x88, 0x01, 0x20, 0x08, 0x43, 0x10, 0x80
	.byte 0xE5, 0x21, 0x49, 0x00, 0x70, 0x18, 0x01, 0x88, 0x01, 0x20, 0x08, 0x40, 0x00, 0x28, 0x03, 0xD1
	.byte 0xE9, 0x68, 0x28, 0x69, 0x81, 0x42, 0x11, 0xDB, 0xA8, 0x22, 0x52, 0x00, 0xB9, 0x18, 0x00, 0x20
	.byte 0x08, 0x80, 0xB8, 0x23, 0x5B, 0x00, 0xF9, 0x18, 0x1C, 0x20, 0x08, 0x60, 0x0D, 0xE1, 0x00, 0x00
	.byte 0xD4, 0xFB, 0x13, 0x08, 0xFE, 0xFF, 0x00, 0x00, 0x91, 0x02, 0x00, 0x00, 0xA8, 0x24, 0x64, 0x00
	.byte 0x39, 0x19, 0xDA, 0xE0, 0xA8, 0x21, 0x49, 0x00, 0x78, 0x18, 0x00, 0x22, 0x80, 0x5E, 0x00, 0x28
	.byte 0x29, 0xD1, 0x0F, 0x48, 0x31, 0x1C, 0x14, 0x31, 0x72, 0x68, 0x00, 0x92, 0x0C, 0x22, 0x00, 0x23
	.byte 0xBF, 0xF7, 0x3A, 0xFD, 0xAC, 0x23, 0x5B, 0x00, 0xF9, 0x18, 0x0A, 0x48, 0x08, 0x60, 0x68, 0x6B
	.byte 0xA9, 0x6B, 0x04, 0x22, 0x10, 0x40, 0x00, 0x21, 0x08, 0x43, 0x00, 0x28, 0x0C, 0xD0, 0xAE, 0x24
	.byte 0x64, 0x00, 0x39, 0x19, 0x68, 0x68, 0xC0, 0x22, 0x92, 0x01, 0x80, 0x18, 0x0A, 0xE0, 0x00, 0x00
	.byte 0xD4, 0xFB, 0x13, 0x08, 0x00, 0xFC, 0xFF, 0xFF, 0xAE, 0x23, 0x5B, 0x00, 0xF9, 0x18, 0x68, 0x68
	.byte 0x11, 0x4C, 0x00, 0x19, 0x08, 0x60, 0xAE, 0x21, 0x49, 0x00, 0x78, 0x18, 0x00, 0x68, 0x69, 0x68
	.byte 0x40, 0x1A, 0xC0, 0x10, 0x09, 0x18, 0x69, 0x60, 0x38, 0x1C, 0x14, 0x30, 0xAC, 0xF7, 0x66, 0xFA
	.byte 0x00, 0x06, 0x00, 0x28, 0x12, 0xD0, 0xE9, 0x68, 0x28, 0x69, 0x81, 0x42, 0x0E, 0xDB, 0x28, 0x1C
	.byte 0xC1, 0xF7, 0x52, 0xFC, 0xB8, 0x22, 0x52, 0x00, 0xB8, 0x18, 0x00, 0x21, 0x01, 0x60, 0xA8, 0x23
	.byte 0x5B, 0x00, 0xF8, 0x18, 0x01, 0x80, 0xB0, 0xE0, 0x00, 0xD0, 0xFF, 0xFF, 0xA8, 0x24, 0x64, 0x00
	.byte 0x39, 0x19, 0x82, 0xE0, 0xA8, 0x20, 0x40, 0x00, 0x3C, 0x18, 0x00, 0x21, 0x60, 0x5E, 0x00, 0x28
	.byte 0x08, 0xD1, 0x10, 0x48, 0x31, 0x1C, 0x14, 0x31, 0x72, 0x68, 0x00, 0x92, 0x03, 0x22, 0x00, 0x23
	.byte 0xBF, 0xF7, 0xE2, 0xFC, 0x38, 0x1C, 0x14, 0x30, 0xAC, 0xF7, 0x38, 0xFA, 0x00, 0x06, 0x00, 0x28
	.byte 0x00, 0xD1, 0x8F, 0xE0, 0x00, 0x20, 0x20, 0x80, 0xB8, 0x22, 0x52, 0x00, 0xB9, 0x18, 0x14, 0x20
	.byte 0x08, 0x60, 0xAC, 0x23, 0x5B, 0x00, 0xF9, 0x18, 0xE2, 0x24, 0x64, 0x00, 0x30, 0x19, 0x00, 0x68
	.byte 0x08, 0x60, 0x82, 0xE0, 0xD4, 0xFB, 0x13, 0x08, 0xAE, 0x21, 0x49, 0x00, 0x78, 0x18, 0x00, 0x68
	.byte 0x69, 0x68, 0x40, 0x1A, 0x00, 0x11, 0x09, 0x18, 0x69, 0x60, 0xB0, 0x22, 0x52, 0x00, 0xB8, 0x18
	.byte 0x00, 0x68, 0xA9, 0x68, 0x40, 0x1A, 0x00, 0x11, 0x09, 0x18, 0xA9, 0x60, 0xAC, 0x23, 0x5B, 0x00
	.byte 0xF8, 0x18, 0x01, 0x68, 0x00, 0x29, 0x0D, 0xDA, 0x04, 0x48, 0x81, 0x42, 0x0D, 0xDC, 0x04, 0x48
	.byte 0x31, 0x1C, 0x14, 0x31, 0x72, 0x68, 0x00, 0x92, 0x04, 0x22, 0x0C, 0xE0, 0x00, 0xFE, 0xFF, 0xFF
	.byte 0xD4, 0xFB, 0x13, 0x08, 0x06, 0x48, 0x81, 0x42, 0x0E, 0xDC, 0x06, 0x48, 0x31, 0x1C, 0x14, 0x31
	.byte 0x72, 0x68, 0x00, 0x92, 0x05, 0x22, 0x00, 0x23, 0xBF, 0xF7, 0x96, 0xFC, 0x0D, 0xE0, 0x00, 0x00
	.byte 0xFF, 0x01, 0x00, 0x00, 0xD4, 0xFB, 0x13, 0x08, 0x0B, 0x48, 0x31, 0x1C, 0x14, 0x31, 0x72, 0x68
	.byte 0x00, 0x92, 0x06, 0x22, 0x00, 0x23, 0xBF, 0xF7, 0x87, 0xFC, 0xE8, 0x68, 0x00, 0x28, 0x0D, 0xDB
	.byte 0xA8, 0x24, 0x64, 0x00, 0x39, 0x19, 0x00, 0x20, 0x08, 0x80, 0xB8, 0x20, 0x40, 0x00, 0x39, 0x18
	.byte 0x15, 0x20, 0x08, 0x60, 0x31, 0xE0, 0x00, 0x00, 0xD4, 0xFB, 0x13, 0x08, 0x38, 0x1C, 0x01, 0x21
	.byte 0xB5, 0xF7, 0xF2, 0xFD, 0xA8, 0x22, 0x52, 0x00, 0xB9, 0x18, 0x08, 0x88, 0x01, 0x30, 0x08, 0x80
	.byte 0x23, 0xE0, 0xA8, 0x23, 0x5B, 0x00, 0xFC, 0x18, 0x00, 0x21, 0x60, 0x5E, 0x00, 0x28, 0x08, 0xD1
	.byte 0x0B, 0x48, 0x31, 0x1C, 0x14, 0x31, 0x72, 0x68, 0x00, 0x92, 0x07, 0x22, 0x00, 0x23, 0xBF, 0xF7
	.byte 0x5B, 0xFC, 0x38, 0x1C, 0x14, 0x30, 0xAC, 0xF7, 0xB1, 0xF9, 0x00, 0x06, 0x00, 0x28, 0x09, 0xD0
	.byte 0x00, 0x21, 0x21, 0x80, 0xB8, 0x22, 0x52, 0x00, 0xB8, 0x18, 0x01, 0x60, 0x05, 0xE0, 0x00, 0x00
	.byte 0xD4, 0xFB, 0x13, 0x08, 0x20, 0x88, 0x01, 0x30, 0x20, 0x80
_080597DA:
	.byte 0x38, 0x1C, 0xB4, 0xF7, 0x08, 0xFF, 0x00, 0x06, 0x00, 0x0E, 0x08, 0xB0, 0x18, 0xBC, 0x98, 0x46
	.byte 0xA1, 0x46, 0xF0, 0xBC, 0x02, 0xBC, 0x08, 0x47, 0x00, 0x00
	thumb_func_start task_hum_riku_2
task_hum_riku_2: @ 080597F4
	push {r4, r5, r6, lr}
	adds r4, r0, #0x0
	bl func_0800EFE8
	movs r1, #0xE5
	lsls r1, r1, #0x01
	adds r0, r4, r1
	ldrh r1, [r0, #0x00]
	movs r0, #0x04
	ands r0, r1
	cmp r0, #0x00
	beq _08059864
	movs r2, #0xDE
	lsls r2, r2, #0x01
	adds r0, r4, r2
	ldrh r1, [r0, #0x00]
	movs r0, #0x02
	ands r0, r1
	cmp r0, #0x00
	beq _08059864
	movs r3, #0xE6
	lsls r3, r3, #0x01
	adds r0, r4, r3
	movs r5, #0x00
	ldsh r1, [r0, r5]
	lsrs r0, r1, #0x1F
	adds r0, r1, r0
	asrs r0, r0, #0x01
	lsls r0, r0, #0x01
	subs r1, r1, r0
	lsls r1, r1, #0x10
	asrs r1, r1, #0x10
	cmp r1, #0x00
	beq _0805983E
	cmp r1, #0x01
	beq _0805984C
	b _08059858
_0805983E:
	movs r6, #0x8C
	lsls r6, r6, #0x02
	adds r1, r4, r6
	adds r0, r4, #0x0
	bl func_08057E90
	b _08059858
_0805984C:
	movs r0, #0xA4
	lsls r0, r0, #0x02
	adds r1, r4, r0
	adds r0, r4, #0x0
	bl func_08057E90
_08059858:
	movs r2, #0xE6
	lsls r2, r2, #0x01
	adds r1, r4, r2
	ldrh r0, [r1, #0x00]
	adds r0, #0x01
	strh r0, [r1, #0x00]
_08059864:
	movs r3, #0x98
	lsls r3, r3, #0x02
	adds r2, r4, r3
	movs r5, #0xA4
	lsls r5, r5, #0x02
	adds r1, r4, r5
	adds r0, r2, #0x0
	ldm r0!, {r3, r5, r6}
	stm r1!, {r3, r5, r6}
	ldm r0!, {r3, r5, r6}
	stm r1!, {r3, r5, r6}
	ldm r0!, {r3, r5, r6}
	stm r1!, {r3, r5, r6}
	ldm r0!, {r3, r5, r6}
	stm r1!, {r3, r5, r6}
	movs r6, #0x8C
	lsls r6, r6, #0x02
	adds r1, r4, r6
	adds r0, r1, #0x0
	ldm r0!, {r3, r5, r6}
	stm r2!, {r3, r5, r6}
	ldm r0!, {r3, r5, r6}
	stm r2!, {r3, r5, r6}
	ldm r0!, {r3, r5, r6}
	stm r2!, {r3, r5, r6}
	ldm r0!, {r3, r5, r6}
	stm r2!, {r3, r5, r6}
	movs r0, #0x80
	lsls r0, r0, #0x02
	adds r2, r4, r0
	adds r0, r2, #0x0
	ldm r0!, {r3, r5, r6}
	stm r1!, {r3, r5, r6}
	ldm r0!, {r3, r5, r6}
	stm r1!, {r3, r5, r6}
	ldm r0!, {r3, r5, r6}
	stm r1!, {r3, r5, r6}
	ldm r0!, {r3, r5, r6}
	stm r1!, {r3, r5, r6}
	movs r0, #0xE8
	lsls r0, r0, #0x01
	adds r1, r4, r0
	adds r0, r1, #0x0
	ldm r0!, {r3, r5, r6}
	stm r2!, {r3, r5, r6}
	ldm r0!, {r3, r5, r6}
	stm r2!, {r3, r5, r6}
	ldm r0!, {r3, r5, r6}
	stm r2!, {r3, r5, r6}
	ldm r0!, {r3, r5, r6}
	stm r2!, {r3, r5, r6}
	adds r0, r4, #0x0
	bl func_08057E2C
	pop {r4, r5, r6}
	pop {r0}
	bx r0
	.byte 0x00, 0x00
	thumb_func_start task_hum_riku_3
task_hum_riku_3: @ 080598D8
	push {lr}
	bl func_0800E380
	pop {r0}
	bx r0
	.byte 0x00, 0x00
	thumb_func_start task_hum_leon_0
task_hum_leon_0: @ 080598E4
	push {r4, r5, lr}
	add sp, #-0x004
	adds r5, r0, #0x0
	ldr r1, _08059954 @ =0x0813FDA8
	bl func_0800E168
	movs r0, #0xC4
	lsls r0, r0, #0x01
	adds r1, r5, r0
	movs r2, #0x00
	movs r0, #0x00
	strh r0, [r1, #0x00]
	movs r1, #0xC5
	lsls r1, r1, #0x01
	adds r0, r5, r1
	strb r2, [r0, #0x00]
	ldr r0, _08059958 @ =0x0813FD58
	adds r1, r5, #0x0
	adds r1, #0x14
	ldr r2, [r5, #0x04]
	str r2, [sp, #0x000]
	movs r2, #0x00
	movs r3, #0x01
	bl func_08019068
	movs r0, #0xC6
	lsls r0, r0, #0x01
	adds r2, r5, r0
	ldr r3, _0805995C @ =0x02039BB0
	movs r1, #0x86
	lsls r1, r1, #0x01
	adds r4, r3, r1
	ldr r0, [r4, #0x00]
	ldr r1, [r4, #0x04]
	str r0, [r2, #0x00]
	str r1, [r2, #0x04]
	movs r0, #0xCA
	lsls r0, r0, #0x01
	adds r2, r5, r0
	movs r1, #0x8A
	lsls r1, r1, #0x01
	adds r3, r3, r1
	ldr r0, [r3, #0x00]
	ldr r1, [r3, #0x04]
	str r0, [r2, #0x00]
	str r1, [r2, #0x04]
	movs r0, #0x00
	movs r1, #0x00
	str r0, [r4, #0x00]
	str r1, [r4, #0x04]
	str r0, [r3, #0x00]
	str r1, [r3, #0x04]
	add sp, #0x004
	pop {r4, r5}
	pop {r0}
	bx r0
_08059954: .4byte 0x0813FDA8
_08059958: .4byte 0x0813FD58
_0805995C: .4byte 0x02039BB0
	thumb_func_start task_hum_leon_1
task_hum_leon_1: @ 08059960
	push {r4, r5, r6, r7, lr}
	mov r7, r8
	push {r7}
	add sp, #-0x010
	adds r7, r0, #0x0
	adds r5, r7, #0x0
	movs r0, #0x40
	adds r0, r0, r7
	mov r8, r0
	add r2, sp, #0x008
	add r3, sp, #0x00C
	add r1, sp, #0x004
	bl func_0801C700
	adds r0, r7, #0x0
	bl _0800E434
	cmp r0, #0x04
	beq _0805999E
	cmp r0, #0x05
	bne _0805999E
	movs r2, #0xB8
	lsls r2, r2, #0x01
	adds r1, r7, r2
	movs r0, #0x13
	str r0, [r1, #0x00]
	movs r3, #0xA8
	lsls r3, r3, #0x01
	adds r1, r7, r3
	movs r0, #0x00
	strh r0, [r1, #0x00]
_0805999E:
	adds r0, r7, #0x0
	movs r1, #0x01
	bl func_0800F368
	movs r1, #0xB8
	lsls r1, r1, #0x01
	adds r0, r7, r1
	ldr r0, [r0, #0x00]
	cmp r0, #0x14
	bls _080599B4
	b _08059BFA
_080599B4:
	lsls r0, r0, #0x02
	ldr r1, _080599C0 @ =0x080599C4
	adds r0, r0, r1
	ldr r0, [r0, #0x00]
	mov pc, r0
	.byte 0x00, 0x00
_080599C0: .4byte 0x080599C4
	.byte 0x30, 0x9A, 0x05, 0x08, 0x2C, 0x9B, 0x05, 0x08, 0x5C, 0x9B, 0x05, 0x08, 0xFA, 0x9B, 0x05, 0x08
	.byte 0xFA, 0x9B, 0x05, 0x08, 0xFA, 0x9B, 0x05, 0x08, 0xFA, 0x9B, 0x05, 0x08, 0xFA, 0x9B, 0x05, 0x08
	.byte 0xFA, 0x9B, 0x05, 0x08, 0xFA, 0x9B, 0x05, 0x08, 0xFA, 0x9B, 0x05, 0x08, 0xFA, 0x9B, 0x05, 0x08
	.byte 0x18, 0x9A, 0x05, 0x08, 0xFA, 0x9B, 0x05, 0x08, 0xFA, 0x9B, 0x05, 0x08, 0xFA, 0x9B, 0x05, 0x08
	.byte 0xFA, 0x9B, 0x05, 0x08, 0xFA, 0x9B, 0x05, 0x08, 0xFA, 0x9B, 0x05, 0x08, 0xD0, 0x9B, 0x05, 0x08
	.byte 0xA0, 0x9B, 0x05, 0x08, 0x04, 0x48, 0x29, 0x1C, 0x14, 0x31, 0x6A, 0x68, 0x00, 0x92, 0x00, 0x22
	.byte 0x01, 0x23, 0xBF, 0xF7, 0x1F, 0xFB, 0xF3, 0xE0, 0x58, 0xFD, 0x13, 0x08, 0x0E, 0x48, 0x00, 0x68
	.byte 0xC1, 0x6E, 0x80, 0x6E, 0x80, 0x22, 0x92, 0x00, 0x00, 0x20, 0x11, 0x40, 0x0E, 0x1C, 0x06, 0x43
	.byte 0x00, 0x2E, 0x29, 0xD0, 0x76, 0x3A, 0xAC, 0x18, 0x20, 0x78, 0x00, 0x28, 0x10, 0xD1, 0x07, 0x48
	.byte 0x29, 0x1C, 0x14, 0x31, 0x6A, 0x68, 0x00, 0x92, 0x01, 0x22, 0x00, 0x23, 0xBF, 0xF7, 0x02, 0xFB
	.byte 0x01, 0x20, 0x20, 0x70, 0x3C, 0xE0, 0x00, 0x00, 0x84, 0x9B, 0x03, 0x02, 0x58, 0xFD, 0x13, 0x08
	.byte 0x38, 0x1C, 0x14, 0x30, 0xAC, 0xF7, 0x50, 0xF8, 0x00, 0x06, 0x00, 0x28, 0x30, 0xD0, 0x05, 0x48
	.byte 0x29, 0x1C, 0x14, 0x31, 0x6A, 0x68, 0x00, 0x92, 0x03, 0x22, 0x00, 0x23, 0xBF, 0xF7, 0xEA, 0xFA
	.byte 0x26, 0xE0, 0x00, 0x00, 0x58, 0xFD, 0x13, 0x08, 0xC5, 0x23, 0x5B, 0x00, 0xEC, 0x18, 0x20, 0x78
	.byte 0x00, 0x28, 0x0D, 0xD0, 0x05, 0x48, 0x29, 0x1C, 0x14, 0x31, 0x6A, 0x68, 0x00, 0x92, 0x02, 0x22
	.byte 0x00, 0x23, 0xBF, 0xF7, 0xD7, 0xFA, 0x26, 0x70, 0x12, 0xE0, 0x00, 0x00, 0x58, 0xFD, 0x13, 0x08
	.byte 0x38, 0x1C, 0x14, 0x30, 0xAC, 0xF7, 0x28, 0xF8, 0x00, 0x06, 0x00, 0x28, 0x08, 0xD0, 0x14, 0x48
	.byte 0x29, 0x1C, 0x14, 0x31, 0x6A, 0x68, 0x00, 0x92, 0x00, 0x22, 0x01, 0x23, 0xBF, 0xF7, 0xC2, 0xFA
	.byte 0x10, 0x48, 0x00, 0x68, 0x83, 0x6E, 0xC4, 0x6E, 0x80, 0x22, 0x52, 0x03, 0x18, 0x1C, 0x10, 0x40
	.byte 0x00, 0x21, 0x08, 0x43, 0x00, 0x28, 0x00, 0xD1, 0x8A, 0xE0, 0x80, 0x20, 0x80, 0x05, 0x19, 0x1C
	.byte 0x01, 0x40, 0x00, 0x22, 0x10, 0x1C, 0x08, 0x43, 0x00, 0x28, 0x00, 0xD1, 0x80, 0xE0, 0xB8, 0x20
	.byte 0x40, 0x00, 0x39, 0x18, 0x14, 0x20, 0x08, 0x60, 0xA8, 0x22, 0x52, 0x00, 0xB9, 0x18, 0x38, 0xE0
	.byte 0x58, 0xFD, 0x13, 0x08, 0x84, 0x9B, 0x03, 0x02, 0xA8, 0x23, 0x5B, 0x00, 0xFC, 0x18, 0x00, 0x21
	.byte 0x60, 0x5E, 0x00, 0x28, 0x6C, 0xD1, 0x40, 0x46, 0xC1, 0xF7, 0xE4, 0xF9, 0x05, 0x48, 0x29, 0x1C
	.byte 0x14, 0x31, 0x6A, 0x68, 0x00, 0x92, 0x04, 0x22, 0x00, 0x23, 0xBF, 0xF7, 0x8B, 0xFA, 0x08, 0x20
	.byte 0x20, 0x80, 0x5D, 0xE0, 0x58, 0xFD, 0x13, 0x08, 0x0F, 0x48, 0x00, 0x68, 0x83, 0x6E, 0xC4, 0x6E
	.byte 0x80, 0x22, 0x52, 0x03, 0x18, 0x1C, 0x10, 0x40, 0x00, 0x21, 0x08, 0x43, 0x00, 0x28, 0x4F, 0xD0
	.byte 0x80, 0x20, 0x80, 0x05, 0x19, 0x1C, 0x01, 0x40, 0x00, 0x22, 0x10, 0x1C, 0x08, 0x43, 0x00, 0x28
	.byte 0x46, 0xD0, 0xB8, 0x22, 0x52, 0x00, 0xB9, 0x18, 0x14, 0x20, 0x08, 0x60, 0xA8, 0x23, 0x5B, 0x00
	.byte 0xF9, 0x18, 0x00, 0x20, 0x08, 0x80, 0x3B, 0xE0, 0x84, 0x9B, 0x03, 0x02, 0xA8, 0x20, 0x40, 0x00
	.byte 0x3C, 0x18, 0x21, 0x88, 0x00, 0x22, 0xA0, 0x5E, 0x0A, 0x28, 0x21, 0xDD, 0x06, 0x48, 0x01, 0x68
	.byte 0xEF, 0x31, 0x0A, 0x78, 0x20, 0x20, 0x00, 0x23, 0x10, 0x43, 0x08, 0x70, 0xB8, 0x21, 0x49, 0x00
	.byte 0x78, 0x18, 0x03, 0x60, 0x23, 0x80, 0x23, 0xE0, 0x84, 0x9B, 0x03, 0x02, 0xA8, 0x22, 0x52, 0x00
	.byte 0xBC, 0x18, 0x21, 0x88, 0x00, 0x23, 0xE0, 0x5E, 0x50, 0x28, 0x09, 0xDD, 0x40, 0x46, 0xC1, 0xF7
	.byte 0x91, 0xF9, 0xB8, 0x20, 0x40, 0x00, 0x39, 0x18, 0x00, 0x20, 0x08, 0x60, 0x20, 0x80, 0x0F, 0xE0
	.byte 0x48, 0x1C, 0x20, 0x80, 0x0C, 0xE0
_08059BFA:
	ldr r0, _08059C38 @ =0x0813FD58
	adds r1, r5, #0x0
	adds r1, #0x14
	ldr r2, [r5, #0x04]
	str r2, [sp, #0x000]
	movs r2, #0x03
	movs r3, #0x00
	bl func_08019068
	adds r0, r7, #0x0
	movs r1, #0x01
	bl func_0800F368
	movs r2, #0xC4
	lsls r2, r2, #0x01
	adds r1, r5, r2
	ldrh r2, [r1, #0x00]
	movs r3, #0x00
	ldsh r0, [r1, r3]
	cmp r0, #0x00
	ble _08059C44
	subs r0, r2, #0x1
	strh r0, [r1, #0x00]
	mov r2, r8
	ldr r0, [r2, #0x34]
	ldr r1, [r2, #0x38]
	ldr r2, _08059C3C @ =0x00002000
	ldr r3, _08059C40 @ =0x00000000
	orrs r0, r2
	b _08059C4E
	.byte 0x00, 0x00
_08059C38: .4byte 0x0813FD58
_08059C3C: .4byte 0x00002000
_08059C40: .4byte 0x00000000
_08059C44:
	mov r2, r8
	ldr r0, [r2, #0x34]
	ldr r1, [r2, #0x38]
	ldr r2, _08059C7C @ =0xFFFFDFFF
	ands r0, r2
_08059C4E:
	mov r3, r8
	str r0, [r3, #0x34]
	str r1, [r3, #0x38]
	mov r0, r8
	ldr r4, [r0, #0x04]
	ldr r5, [r0, #0x08]
	ldr r6, [r0, #0x0C]
	adds r0, r7, #0x0
	bl func_0800E5F0
	lsls r0, r0, #0x18
	lsrs r0, r0, #0x18
	mov r1, r8
	str r4, [r1, #0x04]
	str r5, [r1, #0x08]
	str r6, [r1, #0x0C]
	add sp, #0x010
	pop {r3}
	mov r8, r3
	pop {r4, r5, r6, r7}
	pop {r1}
	bx r1
	.byte 0x00, 0x00
_08059C7C: .4byte 0xFFFFDFFF
	thumb_func_start task_hum_leon_2
task_hum_leon_2: @ 08059C80
	push {lr}
	bl func_0800EFE8
	pop {r0}
	bx r0
	.byte 0x00, 0x00
	thumb_func_start task_hum_leon_3
task_hum_leon_3: @ 08059C8C
	push {lr}
	ldr r1, _08059CC4 @ =0x02039BB0
	mov r12, r1
	movs r3, #0x86
	lsls r3, r3, #0x01
	add r3, r12
	movs r2, #0xC6
	lsls r2, r2, #0x01
	adds r1, r0, r2
	ldr r2, [r1, #0x04]
	ldr r1, [r1, #0x00]
	str r1, [r3, #0x00]
	str r2, [r3, #0x04]
	movs r3, #0x8A
	lsls r3, r3, #0x01
	add r3, r12
	movs r2, #0xCA
	lsls r2, r2, #0x01
	adds r1, r0, r2
	ldr r2, [r1, #0x04]
	ldr r1, [r1, #0x00]
	str r1, [r3, #0x00]
	str r2, [r3, #0x04]
	bl func_0800E380
	pop {r0}
	bx r0
	.byte 0x00, 0x00
_08059CC4: .4byte 0x02039BB0
	thumb_func_start task_hum_robe_0
task_hum_robe_0: @ 08059CC8
	push {r4, lr}
	add sp, #-0x004
	adds r4, r0, #0x0
	ldr r1, _08059CF8 @ =0x0813FDF4
	bl func_0800E168
	movs r0, #0xC4
	lsls r0, r0, #0x01
	adds r1, r4, r0
	movs r0, #0x01
	strh r0, [r1, #0x00]
	ldr r0, _08059CFC @ =0x0813FDD4
	adds r1, r4, #0x0
	adds r1, #0x14
	ldr r2, [r4, #0x04]
	str r2, [sp, #0x000]
	movs r2, #0x00
	movs r3, #0x01
	bl func_08019068
	add sp, #0x004
	pop {r4}
	pop {r0}
	bx r0
_08059CF8: .4byte 0x0813FDF4
_08059CFC: .4byte 0x0813FDD4
	thumb_func_start task_hum_robe_1
task_hum_robe_1: @ 08059D00
	push {r4, r5, r6, r7, lr}
	mov r7, r8
	push {r7}
	add sp, #-0x004
	adds r7, r0, #0x0
	movs r0, #0x40
	adds r0, r0, r7
	mov r8, r0
	adds r0, r7, #0x0
	bl _0800E434
	adds r1, r0, #0x0
	cmp r1, #0x01
	bne _08059D24
	movs r2, #0xA8
	lsls r2, r2, #0x01
	adds r0, r7, r2
	strh r1, [r0, #0x00]
_08059D24:
	ldr r0, _08059D60 @ =0x02039B84
	ldr r0, [r0, #0x00]
	ldr r1, [r0, #0x6C]
	ldr r0, [r0, #0x68]
	movs r2, #0x80
	lsls r2, r2, #0x16
	ands r0, r2
	movs r1, #0x00
	orrs r0, r1
	cmp r0, #0x00
	beq _08059D68
	movs r0, #0xC4
	lsls r0, r0, #0x01
	adds r4, r7, r0
	ldrh r0, [r4, #0x00]
	cmp r0, #0x01
	bne _08059D92
	ldr r0, _08059D64 @ =0x0813FDD4
	adds r1, r7, #0x0
	adds r1, #0x14
	ldr r2, [r7, #0x04]
	str r2, [sp, #0x000]
	movs r2, #0x01
	movs r3, #0x00
	bl func_08019068
	movs r0, #0x00
	strh r0, [r4, #0x00]
	b _08059D92
	.byte 0x00, 0x00
_08059D60: .4byte 0x02039B84
_08059D64: .4byte 0x0813FDD4
_08059D68:
	adds r4, r7, #0x0
	adds r4, #0x14
	adds r0, r4, #0x0
	bl func_08005B1C
	lsls r0, r0, #0x18
	cmp r0, #0x00
	beq _08059D92
	ldr r0, _08059DC0 @ =0x0813FDD4
	ldr r1, [r7, #0x04]
	str r1, [sp, #0x000]
	adds r1, r4, #0x0
	movs r2, #0x00
	movs r3, #0x01
	bl func_08019068
	movs r2, #0xC4
	lsls r2, r2, #0x01
	adds r1, r7, r2
	movs r0, #0x01
	strh r0, [r1, #0x00]
_08059D92:
	adds r0, r7, #0x0
	movs r1, #0x01
	bl func_0800F368
	mov r0, r8
	ldr r4, [r0, #0x04]
	ldr r5, [r0, #0x08]
	ldr r6, [r0, #0x0C]
	adds r0, r7, #0x0
	bl func_0800E5F0
	lsls r0, r0, #0x18
	lsrs r0, r0, #0x18
	mov r1, r8
	str r4, [r1, #0x04]
	str r5, [r1, #0x08]
	str r6, [r1, #0x0C]
	add sp, #0x004
	pop {r3}
	mov r8, r3
	pop {r4, r5, r6, r7}
	pop {r1}
	bx r1
_08059DC0: .4byte 0x0813FDD4
	thumb_func_start task_hum_robe_2
task_hum_robe_2: @ 08059DC4
	push {lr}
	bl func_0800EFE8
	pop {r0}
	bx r0
	.byte 0x00, 0x00
	thumb_func_start task_hum_robe_3
task_hum_robe_3: @ 08059DD0
	push {lr}
	bl func_0800E380
	pop {r0}
	bx r0
	.byte 0x00, 0x00
	thumb_func_start func_08059DDC
func_08059DDC: @ 08059DDC
	push {r4, r5, r6, r7, lr}
	mov r7, r10
	mov r6, r9
	mov r5, r8
	push {r5, r6, r7}
	add sp, #-0x004
	adds r4, r0, #0x0
	lsls r1, r1, #0x10
	lsrs r6, r1, #0x10
	movs r5, #0x00
	movs r0, #0x00
	strh r0, [r4, #0x00]
	ldr r1, _08059E2C @ =0x02039BB0
	ldr r0, [r1, #0x08]
	movs r3, #0x20
	ands r0, r3
	cmp r0, #0x00
	beq _08059E04
	movs r0, #0x01
	strh r0, [r4, #0x00]
_08059E04:
	ldr r2, [r1, #0x08]
	movs r0, #0x80
	lsls r0, r0, #0x04
	ands r0, r2
	cmp r0, #0x00
	beq _08059E3C
	ldrh r0, [r4, #0x00]
	movs r1, #0x04
	orrs r1, r0
	orrs r1, r5
	strh r1, [r4, #0x00]
	movs r0, #0x08
	ands r2, r0
	cmp r2, #0x00
	beq _08059E30
	movs r0, #0x02
	orrs r1, r0
	strh r1, [r4, #0x00]
	b _08059E4A
	.byte 0x00, 0x00
_08059E2C: .4byte 0x02039BB0
_08059E30:
	ldr r0, _08059E38 @ =0x0000FFFD
	ands r1, r0
	strh r1, [r4, #0x00]
	b _08059E4A
_08059E38: .4byte 0x0000FFFD
_08059E3C:
	ands r2, r3
	cmp r2, #0x00
	beq _08059E4A
	ldrh r0, [r4, #0x00]
	movs r1, #0x02
	orrs r0, r1
	strh r0, [r4, #0x00]
_08059E4A:
	movs r1, #0x00
	lsls r0, r6, #0x10
	asrs r0, r0, #0x10
	mov r8, r0
	lsls r0, r0, #0x03
	adds r6, r4, r0
	ldr r5, _08059E8C @ =0x02039BB0
	movs r2, #0x08
	adds r2, r2, r4
	mov r12, r2
	add r0, r12
	mov r9, r0
	movs r7, #0xE0
	lsls r7, r7, #0x01
	adds r7, r7, r5
	mov r10, r7
_08059E6A:
	lsls r0, r1, #0x10
	asrs r1, r0, #0x10
	str r0, [sp, #0x000]
	cmp r8, r1
	bne _08059E98
	ldrb r0, [r5, #0x0E]
	strb r0, [r6, #0x04]
	ldrb r0, [r5, #0x0C]
	strb r0, [r6, #0x05]
	ldr r1, _08059E90 @ =0x02039CB8
	ldrb r0, [r1, #0x00]
	strb r0, [r6, #0x06]
	ldr r2, _08059E94 @ =0x02039D8C
	ldr r0, [r2, #0x00]
	mov r7, r9
	str r0, [r7, #0x00]
	b _08059EC2
_08059E8C: .4byte 0x02039BB0
_08059E90: .4byte 0x02039CB8
_08059E94: .4byte 0x02039D8C
_08059E98:
	lsls r1, r1, #0x03
	adds r2, r4, r1
	adds r3, r1, r5
	movs r7, #0xDE
	lsls r7, r7, #0x01
	adds r0, r3, r7
	ldrb r0, [r0, #0x00]
	strb r0, [r2, #0x04]
	adds r7, #0x01
	adds r0, r3, r7
	ldrb r0, [r0, #0x00]
	strb r0, [r2, #0x05]
	adds r7, #0x01
	adds r0, r3, r7
	ldrb r0, [r0, #0x00]
	strb r0, [r2, #0x06]
	mov r0, r12
	adds r2, r0, r1
	add r1, r10
	ldr r0, [r1, #0x00]
	str r0, [r2, #0x00]
_08059EC2:
	ldr r1, [sp, #0x000]
	movs r2, #0x80
	lsls r2, r2, #0x09
	adds r0, r1, r2
	lsrs r1, r0, #0x10
	asrs r0, r0, #0x10
	cmp r0, #0x03
	ble _08059E6A
	add sp, #0x004
	pop {r3, r4, r5}
	mov r8, r3
	mov r9, r4
	mov r10, r5
	pop {r4, r5, r6, r7}
	pop {r0}
	bx r0
	.byte 0x00, 0x00, 0x30, 0xB5, 0x05, 0x1C, 0x1C, 0x4C, 0xA0, 0x68, 0x28, 0x60, 0x60, 0x8E, 0x29, 0x1C
	.byte 0x8E, 0x31, 0x08, 0x80, 0x21, 0x1C, 0xF8, 0x31, 0x28, 0x1D, 0x88, 0x22, 0xC5, 0xF0, 0x97, 0xF8
	.byte 0xC0, 0x21, 0x49, 0x00, 0x60, 0x18, 0x01, 0x88, 0x28, 0x1C, 0x8C, 0x30, 0x01, 0x80, 0xA1, 0x7B
	.byte 0x04, 0x30, 0x01, 0x70, 0x20, 0x7B, 0x29, 0x1C, 0x91, 0x31, 0x08, 0x70, 0x03, 0x31, 0xEE, 0x22
	.byte 0x52, 0x00, 0xA0, 0x18, 0x00, 0x68, 0x08, 0x60, 0x28, 0x1C, 0x98, 0x30, 0x8F, 0xF0, 0xC3, 0xF9
	.byte 0xBB, 0x21, 0x89, 0x00, 0x68, 0x18, 0x49, 0xF0, 0x88, 0xF9, 0x08, 0x4A, 0xA8, 0x18, 0x6D, 0xF0
	.byte 0x64, 0xF8, 0xE7, 0x21, 0x09, 0x01, 0x68, 0x18, 0x83, 0xF0, 0xB1, 0xFF, 0x05, 0x4A, 0xA8, 0x18
	.byte 0xAF, 0xF0, 0x6B, 0xFB, 0x30, 0xBC, 0x01, 0xBC, 0x00, 0x47, 0xB0, 0x9B, 0x03, 0x02, 0x6C, 0x0E
	.byte 0x00, 0x00, 0xB4, 0x0E, 0x00, 0x00
	thumb_func_start func_08059F68
func_08059F68: @ 08059F68
	push {r4, r5, r6, lr}
	adds r5, r0, #0x0
	ldr r4, _0805A00C @ =0x02039BB0
	ldr r0, [r4, #0x08]
	str r0, [r5, #0x00]
	ldrh r0, [r4, #0x32]
	adds r1, r5, #0x0
	adds r1, #0x8E
	strh r0, [r1, #0x00]
	adds r1, r4, #0x0
	adds r1, #0xF8
	adds r0, r5, #0x4
	movs r2, #0x88
	bl _0811F030
	movs r1, #0xC0
	lsls r1, r1, #0x01
	adds r0, r4, r1
	ldrh r1, [r0, #0x00]
	adds r0, r5, #0x0
	adds r0, #0x8C
	strh r1, [r0, #0x00]
	ldrb r1, [r4, #0x0E]
	adds r0, #0x04
	strb r1, [r0, #0x00]
	ldrb r0, [r4, #0x0C]
	adds r1, r5, #0x0
	adds r1, #0x91
	strb r0, [r1, #0x00]
	adds r1, #0x03
	movs r2, #0xEE
	lsls r2, r2, #0x01
	adds r6, r4, r2
	ldr r0, [r6, #0x00]
	str r0, [r1, #0x00]
	adds r0, r5, #0x0
	adds r0, #0x98
	bl func_080E92B8
	movs r1, #0xBB
	lsls r1, r1, #0x02
	adds r0, r5, r1
	bl func_080A324C
	ldr r2, _0805A010 @ =0x00000E6C
	adds r0, r5, r2
	bl func_080C700C
	movs r1, #0xE7
	lsls r1, r1, #0x04
	adds r0, r5, r1
	bl func_080DDEB0
	ldr r2, _0805A014 @ =0x00000EB4
	adds r0, r5, r2
	bl func_0810962C
	ldr r0, [r4, #0x08]
	movs r1, #0x10
	ands r0, r1
	cmp r0, #0x00
	beq _0805A018
	ldrb r1, [r4, #0x0E]
	movs r2, #0xE2
	lsls r2, r2, #0x01
	adds r0, r4, r2
	strb r1, [r0, #0x00]
	ldrb r0, [r4, #0x0C]
	adds r2, #0x01
	adds r1, r4, r2
	strb r0, [r1, #0x00]
	movs r1, #0x84
	lsls r1, r1, #0x01
	adds r0, r4, r1
	ldrb r0, [r0, #0x00]
	adds r2, #0x01
	adds r1, r4, r2
	strb r0, [r1, #0x00]
	movs r0, #0xE4
	lsls r0, r0, #0x01
	b _0805A03C
	.byte 0x00, 0x00
_0805A00C: .4byte 0x02039BB0
_0805A010: .4byte 0x00000E6C
_0805A014: .4byte 0x00000EB4
_0805A018:
	ldrb r1, [r4, #0x0E]
	movs r2, #0xDE
	lsls r2, r2, #0x01
	adds r0, r4, r2
	strb r1, [r0, #0x00]
	ldrb r0, [r4, #0x0C]
	adds r2, #0x01
	adds r1, r4, r2
	strb r0, [r1, #0x00]
	movs r1, #0x84
	lsls r1, r1, #0x01
	adds r0, r4, r1
	ldrb r0, [r0, #0x00]
	adds r2, #0x01
	adds r1, r4, r2
	strb r0, [r1, #0x00]
	movs r0, #0xE0
	lsls r0, r0, #0x01
_0805A03C:
	adds r1, r4, r0
	ldr r0, [r6, #0x00]
	str r0, [r1, #0x00]
	pop {r4, r5, r6}
	pop {r0}
	bx r0
	thumb_func_start func_0805A048
func_0805A048: @ 0805A048
	push {r4, r5, r6, lr}
	adds r5, r0, #0x0
	ldr r4, _0805A0D0 @ =0x02039BB0
	ldr r0, [r4, #0x08]
	str r0, [r5, #0x00]
	ldrh r0, [r4, #0x32]
	adds r1, r5, #0x0
	adds r1, #0x8E
	strh r0, [r1, #0x00]
	adds r1, r4, #0x0
	adds r1, #0xF8
	adds r0, r5, #0x4
	movs r2, #0x88
	bl _0811F030
	movs r1, #0xC0
	lsls r1, r1, #0x01
	adds r0, r4, r1
	ldrh r1, [r0, #0x00]
	adds r0, r5, #0x0
	adds r0, #0x8C
	strh r1, [r0, #0x00]
	ldrb r1, [r4, #0x0E]
	adds r0, #0x04
	strb r1, [r0, #0x00]
	ldrb r0, [r4, #0x0C]
	adds r1, r5, #0x0
	adds r1, #0x91
	strb r0, [r1, #0x00]
	adds r1, #0x03
	movs r2, #0xEE
	lsls r2, r2, #0x01
	adds r6, r4, r2
	ldr r0, [r6, #0x00]
	str r0, [r1, #0x00]
	adds r0, r5, #0x0
	adds r0, #0x98
	bl func_080E92B8
	movs r1, #0xBB
	lsls r1, r1, #0x02
	adds r0, r5, r1
	bl func_080A3370
	ldr r0, [r4, #0x08]
	movs r1, #0x10
	ands r0, r1
	cmp r0, #0x00
	beq _0805A0D4
	ldrb r1, [r4, #0x0E]
	movs r2, #0xEA
	lsls r2, r2, #0x01
	adds r0, r4, r2
	strb r1, [r0, #0x00]
	ldrb r0, [r4, #0x0C]
	adds r2, #0x01
	adds r1, r4, r2
	strb r0, [r1, #0x00]
	movs r1, #0x84
	lsls r1, r1, #0x01
	adds r0, r4, r1
	ldrb r0, [r0, #0x00]
	adds r2, #0x01
	adds r1, r4, r2
	strb r0, [r1, #0x00]
	movs r0, #0xEC
	lsls r0, r0, #0x01
	b _0805A0F8
_0805A0D0: .4byte 0x02039BB0
_0805A0D4:
	ldrb r1, [r4, #0x0E]
	movs r2, #0xE6
	lsls r2, r2, #0x01
	adds r0, r4, r2
	strb r1, [r0, #0x00]
	ldrb r0, [r4, #0x0C]
	adds r2, #0x01
	adds r1, r4, r2
	strb r0, [r1, #0x00]
	movs r1, #0x84
	lsls r1, r1, #0x01
	adds r0, r4, r1
	ldrb r0, [r0, #0x00]
	adds r2, #0x01
	adds r1, r4, r2
	strb r0, [r1, #0x00]
	movs r0, #0xE8
	lsls r0, r0, #0x01
_0805A0F8:
	adds r1, r4, r0
	ldr r0, [r6, #0x00]
	str r0, [r1, #0x00]
	pop {r4, r5, r6}
	pop {r0}
	bx r0
	thumb_func_start func_0805A104
func_0805A104: @ 0805A104
	push {r4, r5, r6, lr}
	adds r4, r0, #0x0
	bl func_08008BBC
	adds r3, r0, #0x0
	cmp r3, #0x02
	bne _0805A150
	ldrh r5, [r4, #0x00]
	movs r0, #0x01
	ands r0, r5
	adds r6, r5, #0x0
	cmp r0, #0x00
	beq _0805A128
	ldr r0, _0805A184 @ =0x02039BB0
	ldr r1, [r0, #0x08]
	movs r2, #0x20
	orrs r1, r2
	str r1, [r0, #0x08]
_0805A128:
	movs r0, #0x04
	ands r0, r6
	cmp r0, #0x00
	beq _0805A13C
	ldr r0, _0805A184 @ =0x02039BB0
	ldr r1, [r0, #0x08]
	movs r2, #0x80
	lsls r2, r2, #0x04
	orrs r1, r2
	str r1, [r0, #0x08]
_0805A13C:
	ands r3, r5
	lsls r0, r3, #0x10
	cmp r0, #0x00
	beq _0805A150
	ldr r0, _0805A184 @ =0x02039BB0
	ldr r1, [r0, #0x08]
	movs r2, #0x80
	lsls r2, r2, #0x02
	orrs r1, r2
	str r1, [r0, #0x08]
_0805A150:
	movs r0, #0x00
	bl func_08009150
	cmp r0, #0x02
	bne _0805A188
	ldr r2, _0805A184 @ =0x02039BB0
	ldrb r1, [r4, #0x04]
	movs r3, #0xDE
	lsls r3, r3, #0x01
	adds r0, r2, r3
	strb r1, [r0, #0x00]
	ldrb r0, [r4, #0x05]
	adds r3, #0x01
	adds r1, r2, r3
	strb r0, [r1, #0x00]
	ldrb r0, [r4, #0x06]
	adds r3, #0x01
	adds r1, r2, r3
	strb r0, [r1, #0x00]
	movs r0, #0xE0
	lsls r0, r0, #0x01
	adds r1, r2, r0
	ldr r0, [r4, #0x08]
	str r0, [r1, #0x00]
	b _0805A1A6
	.byte 0x00, 0x00
_0805A184: .4byte 0x02039BB0
_0805A188:
	ldr r2, _0805A1D8 @ =0x02039BB0
	movs r1, #0xDE
	lsls r1, r1, #0x01
	adds r0, r2, r1
	movs r1, #0x00
	strb r1, [r0, #0x00]
	ldr r3, _0805A1DC @ =0x000001BD
	adds r0, r2, r3
	strb r1, [r0, #0x00]
	adds r3, #0x01
	adds r0, r2, r3
	strb r1, [r0, #0x00]
	adds r3, #0x02
	adds r0, r2, r3
	str r1, [r0, #0x00]
_0805A1A6:
	movs r0, #0x01
	bl func_08009150
	cmp r0, #0x02
	bne _0805A1E0
	ldr r2, _0805A1D8 @ =0x02039BB0
	ldrb r1, [r4, #0x0C]
	movs r3, #0xE2
	lsls r3, r3, #0x01
	adds r0, r2, r3
	strb r1, [r0, #0x00]
	ldrb r0, [r4, #0x0D]
	adds r3, #0x01
	adds r1, r2, r3
	strb r0, [r1, #0x00]
	ldrb r0, [r4, #0x0E]
	adds r3, #0x01
	adds r1, r2, r3
	strb r0, [r1, #0x00]
	movs r0, #0xE4
	lsls r0, r0, #0x01
	adds r1, r2, r0
	ldr r0, [r4, #0x10]
	str r0, [r1, #0x00]
	b _0805A1FE
_0805A1D8: .4byte 0x02039BB0
_0805A1DC: .4byte 0x000001BD
_0805A1E0:
	ldr r2, _0805A230 @ =0x02039BB0
	movs r1, #0xE2
	lsls r1, r1, #0x01
	adds r0, r2, r1
	movs r1, #0x00
	strb r1, [r0, #0x00]
	ldr r3, _0805A234 @ =0x000001C5
	adds r0, r2, r3
	strb r1, [r0, #0x00]
	adds r3, #0x01
	adds r0, r2, r3
	strb r1, [r0, #0x00]
	adds r3, #0x02
	adds r0, r2, r3
	str r1, [r0, #0x00]
_0805A1FE:
	movs r0, #0x00
	bl func_080094EC
	cmp r0, #0x02
	bne _0805A238
	ldr r2, _0805A230 @ =0x02039BB0
	ldrb r1, [r4, #0x14]
	movs r3, #0xE6
	lsls r3, r3, #0x01
	adds r0, r2, r3
	strb r1, [r0, #0x00]
	ldrb r0, [r4, #0x15]
	adds r3, #0x01
	adds r1, r2, r3
	strb r0, [r1, #0x00]
	ldrb r0, [r4, #0x16]
	adds r3, #0x01
	adds r1, r2, r3
	strb r0, [r1, #0x00]
	movs r0, #0xE8
	lsls r0, r0, #0x01
	adds r1, r2, r0
	ldr r0, [r4, #0x18]
	str r0, [r1, #0x00]
	b _0805A256
_0805A230: .4byte 0x02039BB0
_0805A234: .4byte 0x000001C5
_0805A238:
	ldr r2, _0805A288 @ =0x02039BB0
	movs r1, #0xE6
	lsls r1, r1, #0x01
	adds r0, r2, r1
	movs r1, #0x00
	strb r1, [r0, #0x00]
	ldr r3, _0805A28C @ =0x000001CD
	adds r0, r2, r3
	strb r1, [r0, #0x00]
	adds r3, #0x01
	adds r0, r2, r3
	strb r1, [r0, #0x00]
	adds r3, #0x02
	adds r0, r2, r3
	str r1, [r0, #0x00]
_0805A256:
	movs r0, #0x01
	bl func_080094EC
	cmp r0, #0x02
	bne _0805A290
	ldr r2, _0805A288 @ =0x02039BB0
	ldrb r1, [r4, #0x1C]
	movs r3, #0xEA
	lsls r3, r3, #0x01
	adds r0, r2, r3
	strb r1, [r0, #0x00]
	ldrb r0, [r4, #0x1D]
	adds r3, #0x01
	adds r1, r2, r3
	strb r0, [r1, #0x00]
	ldrb r0, [r4, #0x1E]
	adds r3, #0x01
	adds r1, r2, r3
	strb r0, [r1, #0x00]
	movs r0, #0xEC
	lsls r0, r0, #0x01
	adds r1, r2, r0
	ldr r0, [r4, #0x20]
	str r0, [r1, #0x00]
	b _0805A2AE
_0805A288: .4byte 0x02039BB0
_0805A28C: .4byte 0x000001CD
_0805A290:
	ldr r2, _0805A2B4 @ =0x02039BB0
	movs r1, #0xEA
	lsls r1, r1, #0x01
	adds r0, r2, r1
	movs r1, #0x00
	strb r1, [r0, #0x00]
	ldr r3, _0805A2B8 @ =0x000001D5
	adds r0, r2, r3
	strb r1, [r0, #0x00]
	adds r3, #0x01
	adds r0, r2, r3
	strb r1, [r0, #0x00]
	adds r3, #0x02
	adds r0, r2, r3
	str r1, [r0, #0x00]
_0805A2AE:
	pop {r4, r5, r6}
	pop {r0}
	bx r0
_0805A2B4: .4byte 0x02039BB0
_0805A2B8: .4byte 0x000001D5
	.byte 0x30, 0xB5, 0x05, 0x1C, 0x21, 0x4C, 0xA2, 0x68, 0xA2, 0x20, 0x00, 0x01, 0x02, 0x40, 0x28, 0x68
	.byte 0x1F, 0x49, 0x08, 0x40, 0x28, 0x60, 0x10, 0x43, 0xA0, 0x60, 0x28, 0x1C, 0x8E, 0x30, 0x00, 0x88
	.byte 0x60, 0x86, 0x20, 0x1C, 0xF8, 0x30, 0x29, 0x1D, 0x88, 0x22, 0xC4, 0xF0, 0xA3, 0xFE, 0x28, 0x1C
	.byte 0x8C, 0x30, 0x01, 0x88, 0xC0, 0x22, 0x52, 0x00, 0xA0, 0x18, 0x01, 0x80, 0x28, 0x1C, 0x90, 0x30
	.byte 0x00, 0x78, 0xA0, 0x73, 0x28, 0x1C, 0x91, 0x30, 0x00, 0x78, 0x20, 0x73, 0xEE, 0x20, 0x40, 0x00
	.byte 0x21, 0x18, 0x28, 0x1C, 0x94, 0x30, 0x00, 0x68, 0x08, 0x60, 0x28, 0x1C, 0x98, 0x30, 0x8E, 0xF0
	.byte 0xED, 0xFF, 0xBB, 0x21, 0x89, 0x00, 0x68, 0x18, 0x48, 0xF0, 0xDA, 0xFF, 0x09, 0x4A, 0xA8, 0x18
	.byte 0x6C, 0xF0, 0x7A, 0xFE, 0xE7, 0x21, 0x09, 0x01, 0x68, 0x18, 0x83, 0xF0, 0xC1, 0xFD, 0x06, 0x4A
	.byte 0xA8, 0x18, 0xAF, 0xF0, 0x7B, 0xF9, 0x30, 0xBC, 0x01, 0xBC, 0x00, 0x47, 0xB0, 0x9B, 0x03, 0x02
	.byte 0xDF, 0xF5, 0xFF, 0xFF, 0x6C, 0x0E, 0x00, 0x00, 0xB4, 0x0E, 0x00, 0x00, 0x30, 0xB5, 0x04, 0x1C
	.byte 0x24, 0x4D, 0xAA, 0x68, 0xA2, 0x20, 0x00, 0x01, 0x02, 0x40, 0x20, 0x68, 0x22, 0x49, 0x08, 0x40
	.byte 0x20, 0x60, 0x10, 0x43, 0xA8, 0x60, 0x20, 0x1C, 0x8E, 0x30, 0x00, 0x88, 0x68, 0x86, 0x28, 0x1C
	.byte 0xF8, 0x30, 0x21, 0x1D, 0x88, 0x22, 0xC4, 0xF0, 0x55, 0xFE, 0x20, 0x1C, 0x8C, 0x30, 0x01, 0x88
	.byte 0xC0, 0x22, 0x52, 0x00, 0xA8, 0x18, 0x01, 0x80, 0x20, 0x1C, 0x90, 0x30, 0x00, 0x78, 0xA8, 0x73
	.byte 0x20, 0x1C, 0x91, 0x30, 0x00, 0x78, 0x28, 0x73, 0xEE, 0x20, 0x40, 0x00, 0x29, 0x18, 0x20, 0x1C
	.byte 0x94, 0x30, 0x00, 0x68, 0x08, 0x60, 0x20, 0x1C, 0x98, 0x30, 0x8E, 0xF0, 0x9F, 0xFF, 0xBB, 0x21
	.byte 0x89, 0x00, 0x60, 0x18, 0x48, 0xF0, 0x8C, 0xFF, 0x0C, 0x4A, 0xA0, 0x18, 0x6C, 0xF0, 0x2C, 0xFE
	.byte 0xE7, 0x21, 0x09, 0x01, 0x60, 0x18, 0x83, 0xF0, 0x73, 0xFD, 0x09, 0x4A, 0xA0, 0x18, 0xAF, 0xF0
	.byte 0x2D, 0xF9, 0xA8, 0x68, 0x09, 0x21, 0x49, 0x42, 0x08, 0x40, 0xA8, 0x60, 0x30, 0xBC, 0x01, 0xBC
	.byte 0x00, 0x47, 0x00, 0x00, 0xB0, 0x9B, 0x03, 0x02, 0xDF, 0xF5, 0xFF, 0xFF, 0x6C, 0x0E, 0x00, 0x00
	.byte 0xB4, 0x0E, 0x00, 0x00, 0x30, 0xB5, 0x04, 0x1C, 0x1D, 0x4D, 0xAA, 0x68, 0xA2, 0x20, 0x00, 0x01
	.byte 0x02, 0x40, 0x20, 0x68, 0x1B, 0x49, 0x08, 0x40, 0x20, 0x60, 0x10, 0x43, 0xA8, 0x60, 0x20, 0x1C
	.byte 0x8E, 0x30, 0x00, 0x88, 0x68, 0x86, 0x28, 0x1C, 0xF8, 0x30, 0x21, 0x1D, 0x88, 0x22, 0xC4, 0xF0
	.byte 0x01, 0xFE, 0x20, 0x1C, 0x8C, 0x30, 0x01, 0x88, 0xC0, 0x22, 0x52, 0x00, 0xA8, 0x18, 0x01, 0x80
	.byte 0x20, 0x1C, 0x90, 0x30, 0x00, 0x78, 0xA8, 0x73, 0x20, 0x1C, 0x91, 0x30, 0x00, 0x78, 0x28, 0x73
	.byte 0xEE, 0x20, 0x40, 0x00, 0x29, 0x18, 0x20, 0x1C, 0x94, 0x30, 0x00, 0x68, 0x08, 0x60, 0x20, 0x1C
	.byte 0x98, 0x30, 0x8E, 0xF0, 0x4B, 0xFF, 0xBB, 0x21, 0x89, 0x00, 0x60, 0x18, 0x48, 0xF0, 0x96, 0xFF
	.byte 0xA8, 0x68, 0x08, 0x21, 0x08, 0x43, 0xA8, 0x60, 0x30, 0xBC, 0x01, 0xBC, 0x00, 0x47, 0x00, 0x00
	.byte 0xB0, 0x9B, 0x03, 0x02, 0xDF, 0xF5, 0xFF, 0xFF
	thumb_func_start func_0805A484
func_0805A484: @ 0805A484
	push {r4, r5, r6, r7, lr}
	movs r5, #0x00
	ldr r6, _0805A4D0 @ =0x02034934
	movs r7, #0x00
_0805A48C:
	ldr r0, [r6, #0x00]
	ldr r1, _0805A4D4 @ =0x00000C68
	adds r0, r0, r1
	adds r0, r0, r5
	strb r7, [r0, #0x00]
	lsls r4, r5, #0x01
	adds r4, r4, r5
	lsls r4, r4, #0x07
	adds r1, r4, #0x0
	adds r1, #0x60
	ldr r0, [r6, #0x00]
	adds r0, r0, r1
	movs r1, #0x30
	bl func_08065AE0
	adds r3, r5, #0x1
	movs r2, #0x2F
_0805A4AE:
	ldr r0, [r6, #0x00]
	adds r0, #0x60
	adds r1, r0, r4
	ldr r0, [r1, #0x00]
	cmp r0, #0x00
	beq _0805A4BC
	str r7, [r1, #0x00]
_0805A4BC:
	adds r4, #0x08
	subs r2, #0x01
	cmp r2, #0x00
	bge _0805A4AE
	adds r5, r3, #0x0
	cmp r5, #0x07
	ble _0805A48C
	pop {r4, r5, r6, r7}
	pop {r0}
	bx r0
_0805A4D0: .4byte 0x02034934
_0805A4D4: .4byte 0x00000C68
	thumb_func_start func_0805A4D8
func_0805A4D8: @ 0805A4D8
	push {r4, r5, lr}
	ldr r3, _0805A50C @ =0x02034934
	ldr r5, [r3, #0x00]
	movs r3, #0xCC
	lsls r3, r3, #0x04
	adds r4, r5, r3
	movs r3, #0x00
	strh r3, [r4, #0x00]
	lsls r0, r0, #0x10
	asrs r0, r0, #0x08
	str r0, [r5, #0x58]
	lsls r1, r1, #0x10
	asrs r1, r1, #0x10
	ldr r3, _0805A510 @ =0x00000C74
	adds r0, r5, r3
	movs r3, #0x00
	ldsh r0, [r0, r3]
	lsls r2, r2, #0x10
	asrs r2, r2, #0x10
	muls r0, r2
	adds r1, r1, r0
	lsls r1, r1, #0x08
	str r1, [r5, #0x5C]
	pop {r4, r5}
	pop {r0}
	bx r0
_0805A50C: .4byte 0x02034934
_0805A510: .4byte 0x00000C74
	.byte 0x30, 0xB5, 0x09, 0x04, 0x09, 0x14, 0x0E, 0x4C, 0x20, 0x68, 0x0E, 0x4D, 0x43, 0x19, 0x00, 0x25
	.byte 0x5B, 0x5F, 0x12, 0x04, 0x12, 0x14, 0x5A, 0x43, 0x89, 0x18, 0x09, 0x02, 0x5C, 0x30, 0x04, 0xF0
	.byte 0x45, 0xFE, 0x20, 0x68, 0xCC, 0x22, 0x12, 0x01, 0x81, 0x18, 0x0A, 0x88, 0x00, 0x23, 0xC8, 0x5E
	.byte 0x00, 0x28, 0x01, 0xDD, 0x50, 0x1E, 0x08, 0x80, 0x30, 0xBC, 0x01, 0xBC, 0x00, 0x47, 0x00, 0x00
	.byte 0x34, 0x49, 0x03, 0x02, 0x74, 0x0C, 0x00, 0x00
	thumb_func_start func_0805A55C
func_0805A55C: @ 0805A55C
	movs r2, #0x00
	adds r1, r0, #0x0
_0805A560:
	ldrh r0, [r1, #0x00]
	cmp r0, #0x00
	beq _0805A56C
	adds r1, #0x02
	adds r2, #0x01
	b _0805A560
_0805A56C:
	lsls r0, r2, #0x10
	lsrs r0, r0, #0x10
	bx lr
	.byte 0x00, 0x00
	thumb_func_start func_0805A574
func_0805A574: @ 0805A574
	push {r4, r5, r6, r7, lr}
	mov r7, r8
	push {r7}
	lsls r1, r0, #0x01
	adds r1, r1, r0
	lsls r1, r1, #0x03
	ldr r0, _0805A594 @ =0x08155554
	adds r6, r1, r0
	ldr r0, [r6, #0x10]
	cmp r0, #0x00
	beq _0805A5D6
	movs r7, #0x01
	movs r0, #0x01
	mov r8, r0
	movs r5, #0x00
	b _0805A5C4
_0805A594: .4byte 0x08155554
_0805A598:
	ldr r0, [r6, #0x10]
	lsls r4, r5, #0x01
	adds r0, r4, r0
	ldrh r0, [r0, #0x00]
	bl func_0800FF70
	lsls r0, r0, #0x18
	cmp r0, #0x00
	bne _0805A628
	ldr r0, [r6, #0x10]
	adds r0, r4, r0
	ldrh r0, [r0, #0x00]
	bl func_0800FF00
	lsls r0, r0, #0x18
	cmp r0, #0x00
	bne _0805A5BE
	movs r7, #0x00
	b _0805A5C2
_0805A5BE:
	movs r0, #0x00
	mov r8, r0
_0805A5C2:
	adds r5, #0x01
_0805A5C4:
	ldrh r0, [r6, #0x08]
	cmp r5, r0
	blt _0805A598
	cmp r7, #0x00
	bne _0805A61C
	mov r0, r8
	cmp r0, #0x00
	bne _0805A62C
	b _0805A624
_0805A5D6:
	ldr r0, [r6, #0x0C]
	cmp r0, #0x00
	beq _0805A62C
	movs r4, #0x01
	movs r7, #0x01
	movs r5, #0x00
	b _0805A612
_0805A5E4:
	ldr r0, [r6, #0x0C]
	lsls r1, r5, #0x01
	adds r1, r1, r0
	ldrh r0, [r1, #0x00]
	bl func_0805A574
	cmp r0, #0x01
	beq _0805A628
	cmp r0, #0x01
	bgt _0805A5FE
	cmp r0, #0x00
	beq _0805A608
	b _0805A610
_0805A5FE:
	cmp r0, #0x02
	beq _0805A60A
	cmp r0, #0x03
	beq _0805A60E
	b _0805A610
_0805A608:
	movs r4, #0x00
_0805A60A:
	movs r7, #0x00
	b _0805A610
_0805A60E:
	movs r4, #0x00
_0805A610:
	adds r5, #0x01
_0805A612:
	ldrh r0, [r6, #0x08]
	cmp r5, r0
	blt _0805A5E4
	cmp r4, #0x00
	beq _0805A620
_0805A61C:
	movs r0, #0x02
	b _0805A62E
_0805A620:
	cmp r7, #0x00
	bne _0805A62C
_0805A624:
	movs r0, #0x00
	b _0805A62E
_0805A628:
	movs r0, #0x01
	b _0805A62E
_0805A62C:
	movs r0, #0x03
_0805A62E:
	pop {r3}
	mov r8, r3
	pop {r4, r5, r6, r7}
	pop {r1}
	bx r1
	thumb_func_start func_0805A638
func_0805A638: @ 0805A638
	push {r4, r5, lr}
	adds r5, r0, #0x0
	lsls r0, r5, #0x02
	adds r0, r0, r1
	ldr r0, [r0, #0x00]
	bl func_0805A55C
	lsls r0, r0, #0x10
	ldr r1, _0805A68C @ =0xFFFF0000
	adds r0, r0, r1
	lsrs r2, r0, #0x10
	cmp r0, #0x00
	bge _0805A654
	movs r2, #0x00
_0805A654:
	lsls r0, r2, #0x10
	asrs r0, r0, #0x10
	cmp r0, #0x0C
	ble _0805A65E
	movs r2, #0x0C
_0805A65E:
	ldr r1, _0805A690 @ =0x09EDE3FC
	lsls r0, r2, #0x10
	asrs r0, r0, #0x0E
	adds r0, r0, r1
	ldr r0, [r0, #0x00]
	ldr r4, _0805A694 @ =0x02034934
	lsls r2, r5, #0x01
	adds r2, r2, r5
	lsls r2, r2, #0x07
	adds r2, #0x60
	ldr r1, [r4, #0x00]
	adds r1, r1, r2
	bl func_08065B6C
	ldr r1, [r4, #0x00]
	movs r2, #0xC6
	lsls r2, r2, #0x04
	adds r1, r1, r2
	adds r1, r1, r5
	strb r0, [r1, #0x00]
	pop {r4, r5}
	pop {r0}
	bx r0
_0805A68C: .4byte 0xFFFF0000
_0805A690: .4byte 0x09EDE3FC
_0805A694: .4byte 0x02034934
	thumb_func_start func_0805A698
func_0805A698: @ 0805A698
	push {r4, r5, r6, r7, lr}
	mov r7, r10
	mov r6, r9
	mov r5, r8
	push {r5, r6, r7}
	mov r10, r2
	lsls r0, r0, #0x10
	lsrs r0, r0, #0x10
	lsls r1, r1, #0x10
	adds r2, r0, #0x0
	lsls r0, r0, #0x10
	lsrs r4, r1, #0x10
	cmp r0, r1
	ble _0805A6B6
	adds r2, r4, #0x0
_0805A6B6:
	adds r0, r2, #0x0
	cmp r3, #0x00
	bne _0805A74C
	lsls r0, r0, #0x10
	movs r4, #0x00
	mov r8, r0
	cmp r0, #0x00
	bgt _0805A6C8
	b _0805A7C0
_0805A6C8:
	movs r7, #0x60
	mov r9, r4
	mov r6, r10
_0805A6CE:
	ldr r0, [sp, #0x020]
	cmp r0, #0x00
	beq _0805A714
	add r0, r9
	ldrh r0, [r0, #0x00]
	bl func_0805A574
	ldr r5, _0805A700 @ =0x02034934
	ldr r1, [r5, #0x00]
	ldr r2, _0805A704 @ =0x00000C68
	adds r1, r1, r2
	adds r1, r1, r4
	strb r0, [r1, #0x00]
	ldr r1, [r5, #0x00]
	adds r0, r1, r2
	adds r0, r0, r4
	ldrb r0, [r0, #0x00]
	cmp r0, #0x03
	bne _0805A708
	adds r0, r4, #0x0
	mov r1, r10
	bl func_0805A638
	b _0805A72E
	.byte 0x00, 0x00
_0805A700: .4byte 0x02034934
_0805A704: .4byte 0x00000C68
_0805A708:
	ldr r0, [r6, #0x00]
	adds r1, r1, r7
	bl func_08065B6C
	ldr r1, [r5, #0x00]
	b _0805A724
_0805A714:
	ldr r0, [r6, #0x00]
	ldr r2, _0805A748 @ =0x02034934
	ldr r1, [r2, #0x00]
	adds r1, r1, r7
	bl func_08065B6C
	ldr r2, _0805A748 @ =0x02034934
	ldr r1, [r2, #0x00]
_0805A724:
	movs r2, #0xC6
	lsls r2, r2, #0x04
	adds r1, r1, r2
	adds r1, r1, r4
	strb r0, [r1, #0x00]
_0805A72E:
	movs r0, #0xC0
	lsls r0, r0, #0x01
	adds r7, r7, r0
	movs r1, #0x02
	add r9, r1
	adds r6, #0x04
	adds r4, #0x01
	mov r2, r8
	asrs r0, r2, #0x10
	cmp r4, r0
	blt _0805A6CE
	b _0805A7C0
	.byte 0x00, 0x00
_0805A748: .4byte 0x02034934
_0805A74C:
	lsls r0, r0, #0x10
	movs r4, #0x00
	mov r8, r0
	cmp r0, #0x00
	ble _0805A7C0
	adds r6, r3, #0x0
	movs r0, #0x60
	mov r9, r0
	mov r7, r10
_0805A75E:
	ldrh r0, [r6, #0x00]
	bl func_0800FF00
	lsls r0, r0, #0x18
	cmp r0, #0x00
	beq _0805A7A4
	ldr r0, [r7, #0x00]
	ldr r5, _0805A79C @ =0x02034934
	ldr r1, [r5, #0x00]
	add r1, r9
	bl func_08065B6C
	ldr r1, [r5, #0x00]
	movs r2, #0xC6
	lsls r2, r2, #0x04
	adds r1, r1, r2
	adds r1, r1, r4
	strb r0, [r1, #0x00]
	ldrh r0, [r6, #0x00]
	bl func_0800FF70
	lsls r0, r0, #0x18
	cmp r0, #0x00
	beq _0805A7AC
	ldr r0, [r5, #0x00]
	ldr r1, _0805A7A0 @ =0x00000C68
	adds r0, r0, r1
	adds r0, r0, r4
	movs r1, #0x01
	strb r1, [r0, #0x00]
	b _0805A7AC
_0805A79C: .4byte 0x02034934
_0805A7A0: .4byte 0x00000C68
_0805A7A4:
	adds r0, r4, #0x0
	mov r1, r10
	bl func_0805A638
_0805A7AC:
	adds r6, #0x02
	movs r2, #0xC0
	lsls r2, r2, #0x01
	add r9, r2
	adds r7, #0x04
	adds r4, #0x01
	mov r1, r8
	asrs r0, r1, #0x10
	cmp r4, r0
	blt _0805A75E
_0805A7C0:
	pop {r3, r4, r5}
	mov r8, r3
	mov r9, r4
	mov r10, r5
	pop {r4, r5, r6, r7}
	pop {r0}
	bx r0
	.byte 0x00, 0x00
	thumb_func_start func_0805A7D0
func_0805A7D0: @ 0805A7D0
	push {r4, r5, r6, r7, lr}
	add sp, #-0x010
	ldr r4, _0805A848 @ =0x02034934
	ldr r1, [r4, #0x00]
	ldr r2, _0805A84C @ =0x00000C72
	adds r0, r1, r2
	ldr r3, _0805A850 @ =0x00000C74
	adds r1, r1, r3
	ldrh r0, [r0, #0x00]
	ldrh r1, [r1, #0x00]
	subs r0, r0, r1
	lsls r0, r0, #0x10
	lsrs r7, r0, #0x10
	bl func_0805A484
	ldr r5, [r4, #0x00]
	ldr r4, _0805A854 @ =0x00000CB8
	adds r0, r5, r4
	ldr r6, [r0, #0x00]
	cmp r6, #0x00
	beq _0805A868
	ldr r1, _0805A858 @ =0x00000C78
	adds r0, r5, r1
	movs r2, #0x00
	ldsh r0, [r0, r2]
	ldr r3, _0805A85C @ =0x00000C76
	adds r1, r5, r3
	movs r4, #0x00
	ldsh r1, [r1, r4]
	adds r3, #0x3E
	adds r2, r5, r3
	lsls r3, r7, #0x10
	asrs r3, r3, #0x10
	lsls r4, r3, #0x02
	ldr r2, [r2, #0x00]
	adds r2, r2, r4
	lsls r3, r3, #0x01
	adds r3, r6, r3
	movs r4, #0x00
	str r4, [sp, #0x000]
	ldr r6, _0805A860 @ =0x00000CAE
	adds r4, r5, r6
	movs r6, #0x00
	ldsh r4, [r4, r6]
	str r4, [sp, #0x004]
	movs r6, #0xCB
	lsls r6, r6, #0x04
	adds r4, r5, r6
	movs r6, #0x00
	ldsh r4, [r4, r6]
	str r4, [sp, #0x008]
	ldr r6, _0805A864 @ =0x00000CB2
	adds r4, r5, r6
	movs r5, #0x00
	ldsh r4, [r4, r5]
	str r4, [sp, #0x00C]
	bl func_0805A698
	b _0805A8B6
	.byte 0x00, 0x00
_0805A848: .4byte 0x02034934
_0805A84C: .4byte 0x00000C72
_0805A850: .4byte 0x00000C74
_0805A854: .4byte 0x00000CB8
_0805A858: .4byte 0x00000C78
_0805A85C: .4byte 0x00000C76
_0805A860: .4byte 0x00000CAE
_0805A864: .4byte 0x00000CB2
_0805A868:
	ldr r6, _0805A8C0 @ =0x00000C78
	adds r0, r5, r6
	movs r1, #0x00
	ldsh r0, [r0, r1]
	ldr r2, _0805A8C4 @ =0x00000C76
	adds r1, r5, r2
	movs r3, #0x00
	ldsh r1, [r1, r3]
	ldr r4, _0805A8C8 @ =0x00000CB4
	adds r2, r5, r4
	lsls r4, r7, #0x10
	asrs r4, r4, #0x10
	lsls r3, r4, #0x02
	ldr r2, [r2, #0x00]
	adds r2, r2, r3
	adds r6, #0x44
	adds r3, r5, r6
	lsls r4, r4, #0x01
	ldr r3, [r3, #0x00]
	adds r3, r3, r4
	str r3, [sp, #0x000]
	ldr r4, _0805A8CC @ =0x00000CAE
	adds r3, r5, r4
	movs r6, #0x00
	ldsh r3, [r3, r6]
	str r3, [sp, #0x004]
	adds r4, #0x02
	adds r3, r5, r4
	movs r6, #0x00
	ldsh r3, [r3, r6]
	str r3, [sp, #0x008]
	adds r4, #0x02
	adds r3, r5, r4
	movs r5, #0x00
	ldsh r3, [r3, r5]
	str r3, [sp, #0x00C]
	movs r3, #0x00
	bl func_0805A698
_0805A8B6:
	add sp, #0x010
	pop {r4, r5, r6, r7}
	pop {r0}
	bx r0
	.byte 0x00, 0x00
_0805A8C0: .4byte 0x00000C78
_0805A8C4: .4byte 0x00000C76
_0805A8C8: .4byte 0x00000CB4
_0805A8CC: .4byte 0x00000CAE
	thumb_func_start func_0805A8D0
func_0805A8D0: @ 0805A8D0
	push {r4, r5, lr}
	add sp, #-0x010
	ldr r5, _0805A940 @ =0x02034934
	ldr r0, [r5, #0x00]
	ldr r2, _0805A944 @ =0x00000C72
	adds r1, r0, r2
	ldr r3, _0805A948 @ =0x00000C74
	adds r0, r0, r3
	ldrh r4, [r1, #0x00]
	ldrh r0, [r0, #0x00]
	subs r4, r4, r0
	lsls r4, r4, #0x10
	lsrs r4, r4, #0x10
	bl func_0805A484
	ldr r5, [r5, #0x00]
	ldr r1, _0805A94C @ =0x00000C78
	adds r0, r5, r1
	movs r2, #0x00
	ldsh r0, [r0, r2]
	ldr r3, _0805A950 @ =0x00000C76
	adds r1, r5, r3
	movs r2, #0x00
	ldsh r1, [r1, r2]
	adds r3, #0x3E
	adds r2, r5, r3
	lsls r4, r4, #0x10
	asrs r4, r4, #0x0E
	ldr r2, [r2, #0x00]
	adds r2, r2, r4
	movs r3, #0x00
	str r3, [sp, #0x000]
	ldr r4, _0805A954 @ =0x00000CAE
	adds r3, r5, r4
	movs r4, #0x00
	ldsh r3, [r3, r4]
	str r3, [sp, #0x004]
	movs r4, #0xCB
	lsls r4, r4, #0x04
	adds r3, r5, r4
	movs r4, #0x00
	ldsh r3, [r3, r4]
	str r3, [sp, #0x008]
	ldr r3, _0805A958 @ =0x00000CB2
	adds r5, r5, r3
	movs r4, #0x00
	ldsh r3, [r5, r4]
	str r3, [sp, #0x00C]
	movs r3, #0x00
	bl func_0805A698
	add sp, #0x010
	pop {r4, r5}
	pop {r0}
	bx r0
	.byte 0x00, 0x00
_0805A940: .4byte 0x02034934
_0805A944: .4byte 0x00000C72
_0805A948: .4byte 0x00000C74
_0805A94C: .4byte 0x00000C78
_0805A950: .4byte 0x00000C76
_0805A954: .4byte 0x00000CAE
_0805A958: .4byte 0x00000CB2
	thumb_func_start func_0805A95C
func_0805A95C: @ 0805A95C
	push {r4, r5, r6, r7, lr}
	mov r7, r10
	mov r6, r9
	mov r5, r8
	push {r5, r6, r7}
	add sp, #-0x008
	str r3, [sp, #0x004]
	ldr r3, [sp, #0x02C]
	ldr r6, [sp, #0x030]
	ldr r4, [sp, #0x034]
	lsls r0, r0, #0x10
	lsrs r0, r0, #0x10
	lsls r3, r3, #0x10
	lsrs r3, r3, #0x10
	mov r8, r3
	lsls r6, r6, #0x10
	lsrs r6, r6, #0x10
	lsls r4, r4, #0x10
	lsrs r4, r4, #0x10
	mov r9, r4
	ldr r7, _0805AA70 @ =0x02034934
	ldr r5, [r7, #0x00]
	ldr r3, _0805AA74 @ =0x00000CAE
	mov r10, r3
	adds r4, r5, #0x0
	add r4, r10
	mov r3, r8
	strh r3, [r4, #0x00]
	movs r4, #0xCB
	lsls r4, r4, #0x04
	mov r12, r4
	mov r3, r12
	adds r3, r5, r3
	strh r6, [r3, #0x00]
	adds r4, #0x02
	adds r4, r5, r4
	str r4, [sp, #0x000]
	mov r3, r9
	strh r3, [r4, #0x00]
	ldr r4, _0805AA78 @ =0x00000C76
	adds r4, r5, r4
	strh r1, [r4, #0x00]
	ldr r3, _0805AA7C @ =0x00000C78
	adds r1, r5, r3
	strh r0, [r1, #0x00]
	ldr r4, _0805AA80 @ =0x00000CB4
	adds r1, r5, r4
	str r2, [r1, #0x00]
	ldr r2, _0805AA84 @ =0x00000CB8
	adds r1, r5, r2
	ldr r3, [sp, #0x004]
	str r3, [r1, #0x00]
	adds r4, #0x08
	adds r1, r5, r4
	ldr r2, [sp, #0x028]
	str r2, [r1, #0x00]
	mov r3, r8
	lsls r3, r3, #0x10
	asrs r3, r3, #0x10
	mov r8, r3
	movs r4, #0x38
	add r8, r4
	ldr r2, _0805AA88 @ =0x00000CC2
	adds r1, r5, r2
	mov r3, r8
	strh r3, [r1, #0x00]
	ldr r4, _0805AA8C @ =0x00000CC6
	adds r1, r5, r4
	strh r3, [r1, #0x00]
	lsls r6, r6, #0x10
	asrs r6, r6, #0x10
	adds r2, r6, #0x0
	subs r2, #0x0A
	ldr r3, _0805AA90 @ =0x00000CC4
	adds r1, r5, r3
	strh r2, [r1, #0x00]
	mov r4, r9
	lsls r4, r4, #0x10
	asrs r4, r4, #0x10
	mov r9, r4
	lsls r0, r0, #0x10
	asrs r0, r0, #0x10
	subs r0, #0x01
	mov r1, r9
	muls r1, r0
	adds r0, r1, #0x0
	adds r6, r6, r0
	adds r6, #0x0C
	ldr r2, _0805AA94 @ =0x00000CC8
	adds r0, r5, r2
	strh r6, [r0, #0x00]
	subs r3, #0x18
	adds r2, r5, r3
	ldrh r1, [r2, #0x00]
	ldr r0, _0805AA98 @ =0x0000FFE5
	ands r0, r1
	movs r1, #0x04
	orrs r0, r1
	strh r0, [r2, #0x00]
	movs r4, #0xC7
	lsls r4, r4, #0x04
	adds r5, r5, r4
	movs r0, #0x00
	strb r0, [r5, #0x00]
	ldr r2, [r7, #0x00]
	add r10, r2
	mov r1, r10
	ldrh r0, [r1, #0x00]
	subs r0, #0x18
	lsls r0, r0, #0x10
	asrs r0, r0, #0x10
	add r12, r2
	mov r3, r12
	ldrh r1, [r3, #0x00]
	subs r1, #0x04
	lsls r1, r1, #0x10
	asrs r1, r1, #0x10
	adds r4, #0x42
	adds r2, r2, r4
	movs r3, #0x00
	ldsh r2, [r2, r3]
	bl func_0805A4D8
	bl func_0805A7D0
	ldr r0, [r7, #0x00]
	adds r4, #0x8C
	adds r0, r0, r4
	movs r1, #0x00
	strh r1, [r0, #0x00]
	add sp, #0x008
	pop {r3, r4, r5}
	mov r8, r3
	mov r9, r4
	mov r10, r5
	pop {r4, r5, r6, r7}
	pop {r0}
	bx r0
_0805AA70: .4byte 0x02034934
_0805AA74: .4byte 0x00000CAE
_0805AA78: .4byte 0x00000C76
_0805AA7C: .4byte 0x00000C78
_0805AA80: .4byte 0x00000CB4
_0805AA84: .4byte 0x00000CB8
_0805AA88: .4byte 0x00000CC2
_0805AA8C: .4byte 0x00000CC6
_0805AA90: .4byte 0x00000CC4
_0805AA94: .4byte 0x00000CC8
_0805AA98: .4byte 0x0000FFE5
	.byte 0x70, 0xB5, 0xAB, 0xF7, 0x39, 0xFC, 0x00, 0x06, 0x00, 0x28, 0x00, 0xD0, 0x18, 0xE1, 0x13, 0x4C
	.byte 0x22, 0x68, 0xC7, 0x25, 0x2D, 0x01, 0x50, 0x19, 0x11, 0x4B, 0xD1, 0x18, 0x00, 0x78, 0x09, 0x78
	.byte 0x88, 0x42, 0x21, 0xD2, 0x0F, 0x4E, 0x90, 0x19, 0x01, 0x21, 0x01, 0x22, 0xAA, 0xF7, 0x9A, 0xFF
	.byte 0xAB, 0xF7, 0x22, 0xFC, 0x00, 0x06, 0x00, 0x28, 0x1C, 0xD1, 0x24, 0x68, 0x20, 0x1C, 0x48, 0x30
	.byte 0x00, 0x21, 0x40, 0x5E, 0x05, 0x21, 0xC2, 0xF0, 0xCF, 0xFD, 0x00, 0x04, 0x00, 0x28, 0x11, 0xD1
	.byte 0x61, 0x19, 0x08, 0x78, 0x01, 0x30, 0x08, 0x70, 0x0C, 0xE0, 0x00, 0x00, 0x34, 0x49, 0x03, 0x02
	.byte 0x71, 0x0C, 0x00, 0x00, 0x7C, 0x0C, 0x00, 0x00, 0x0B, 0x4B, 0xD0, 0x18, 0x00, 0x21, 0x01, 0x22
	.byte 0xAA, 0xF7, 0x78, 0xFF, 0x09, 0x4B, 0x1C, 0x68, 0x09, 0x4D, 0x60, 0x19, 0x09, 0x4E, 0xA1, 0x19
	.byte 0x00, 0x25, 0x42, 0x5F, 0x00, 0x26, 0x88, 0x5F, 0x82, 0x42, 0x0F, 0xDA, 0x06, 0x48, 0x22, 0x18
	.byte 0x11, 0x88, 0x08, 0x20, 0x08, 0x43, 0x0E, 0xE0, 0x7C, 0x0C, 0x00, 0x00, 0x34, 0x49, 0x03, 0x02
	.byte 0x74, 0x0C, 0x00, 0x00, 0x72, 0x0C, 0x00, 0x00, 0xAC, 0x0C, 0x00, 0x00, 0x10, 0x49, 0x62, 0x18
	.byte 0x11, 0x88, 0x10, 0x48, 0x08, 0x40, 0x10, 0x80, 0x1B, 0x68, 0x0F, 0x4A, 0x98, 0x18, 0x00, 0x24
	.byte 0x02, 0x5F, 0x0E, 0x4D, 0x58, 0x19, 0x00, 0x26, 0x80, 0x5F, 0x12, 0x1A, 0x0C, 0x49, 0x58, 0x18
	.byte 0x00, 0x24, 0x00, 0x5F, 0x02, 0x3D, 0x59, 0x19, 0x00, 0x26, 0x89, 0x5F, 0x40, 0x1A, 0x82, 0x42
	.byte 0x10, 0xDA, 0x03, 0x48, 0x1A, 0x18, 0x11, 0x88, 0x10, 0x20, 0x08, 0x43, 0x0F, 0xE0, 0x00, 0x00
	.byte 0xAC, 0x0C, 0x00, 0x00, 0xF7, 0xFF, 0x00, 0x00, 0x78, 0x0C, 0x00, 0x00, 0x74, 0x0C, 0x00, 0x00
	.byte 0x76, 0x0C, 0x00, 0x00, 0x17, 0x49, 0x5A, 0x18, 0x11, 0x88, 0x17, 0x48, 0x08, 0x40, 0x10, 0x80
	.byte 0x16, 0x4C, 0x20, 0x68, 0xCC, 0x25, 0x2D, 0x01, 0x40, 0x19, 0x00, 0x22, 0x80, 0x5E, 0x00, 0x28
	.byte 0x60, 0xDC, 0xA6, 0xF7, 0xED, 0xFB, 0x40, 0x21, 0x01, 0x40, 0x00, 0x29, 0x27, 0xD0, 0x21, 0x68
	.byte 0x0F, 0x4B, 0xCA, 0x18, 0x00, 0x26, 0x90, 0x5F, 0x00, 0x28, 0x53, 0xDD, 0x49, 0x19, 0x01, 0x20
	.byte 0x08, 0x80, 0x10, 0x88, 0x01, 0x38, 0x10, 0x80, 0x65, 0x20, 0xC5, 0xF0, 0x43, 0xF9, 0x20, 0x68
	.byte 0x08, 0x4A, 0x81, 0x18, 0x0A, 0x88, 0x00, 0x23, 0xC8, 0x5E, 0x00, 0x28, 0x0C, 0xDD, 0x50, 0x1E
	.byte 0x08, 0x80, 0x3F, 0xE0, 0xAC, 0x0C, 0x00, 0x00, 0xEF, 0xFF, 0x00, 0x00, 0x34, 0x49, 0x03, 0x02
	.byte 0x72, 0x0C, 0x00, 0x00, 0x74, 0x0C, 0x00, 0x00, 0xFF, 0xF7, 0xDC, 0xFD, 0x32, 0xE0, 0xA6, 0xF7
	.byte 0xBF, 0xFB, 0x80, 0x21, 0x01, 0x40, 0x00, 0x29, 0x2C, 0xD0, 0x22, 0x68, 0x11, 0x4E, 0x93, 0x19
	.byte 0x00, 0x20, 0x19, 0x5E, 0x04, 0x36, 0x90, 0x19, 0x00, 0x26, 0x80, 0x5F, 0x01, 0x38, 0x81, 0x42
	.byte 0x20, 0xDA, 0x51, 0x19, 0x01, 0x20, 0x08, 0x80, 0x18, 0x88, 0x01, 0x30, 0x18, 0x80, 0x65, 0x20
	.byte 0xC5, 0xF0, 0x10, 0xF9, 0x20, 0x68, 0x08, 0x49, 0x42, 0x18, 0x00, 0x23, 0xD1, 0x5E, 0x07, 0x4C
	.byte 0x00, 0x19, 0x00, 0x25, 0x40, 0x5F, 0x01, 0x38, 0x81, 0x42, 0x09, 0xDA, 0x10, 0x88, 0x01, 0x30
	.byte 0x10, 0x80, 0x07, 0xE0, 0x72, 0x0C, 0x00, 0x00, 0x74, 0x0C, 0x00, 0x00, 0x78, 0x0C, 0x00, 0x00
	.byte 0xFF, 0xF7, 0xA8, 0xFD, 0x0E, 0x4C, 0x22, 0x68, 0x0E, 0x4E, 0x90, 0x19, 0x00, 0x88, 0x18, 0x38
	.byte 0x00, 0x04, 0x00, 0x14, 0xCB, 0x23, 0x1B, 0x01, 0xD1, 0x18, 0x09, 0x88, 0x04, 0x39, 0x09, 0x04
	.byte 0x09, 0x14, 0x09, 0x4D, 0x52, 0x19, 0x00, 0x26, 0x92, 0x5F, 0xFF, 0xF7, 0x35, 0xFC, 0xA6, 0xF7
	.byte 0x71, 0xFB, 0x08, 0x21, 0x01, 0x40, 0x00, 0x29, 0x08, 0xD1, 0x00, 0x20, 0x11, 0xE0, 0x00, 0x00
	.byte 0x34, 0x49, 0x03, 0x02, 0xAE, 0x0C, 0x00, 0x00, 0xB2, 0x0C, 0x00, 0x00, 0x22, 0x68, 0x11, 0x1C
	.byte 0x48, 0x31, 0x00, 0x20, 0x08, 0x80, 0x05, 0x20, 0x10, 0x60, 0x68, 0x20, 0xC5, 0xF0, 0xCA, 0xF8
	.byte 0x01, 0x20, 0x70, 0xBC, 0x02, 0xBC, 0x08, 0x47
