@ Generated with Luvdis v0.8.0
.syntax unified
.text
@ Begin embedded Luvdis macros
	.macro arm_func_start name
	.align 2, 0
	.global \name
	.arm
	.type \name, %function
	.endm

	.macro arm_func_end name
	.size \name, .-\name
	.endm

	.macro thumb_func_start name
	.align 2, 0
	.global \name
	.thumb
	.thumb_func
	.type \name, %function
	.endm

	.macro non_word_aligned_thumb_func_start name
	.global \name
	.thumb
	.thumb_func
	.type \name, %function
	.endm

	.macro thumb_func_end name
	.size \name, .-\name
	.endm
@ End embedded Luvdis macros

	thumb_func_start mode_sio_btl_connect_0
mode_sio_btl_connect_0: @ 080AEBA0
	push {r4, r5, lr}
	ldr r4, _080AEC70 @ =0x02034B3C
	movs r0, #0xB7
	lsls r0, r0, #0x02
	bl func_08000918
	str r0, [r4, #0x00]
	movs r0, #0x00
	movs r1, #0x10
	bl func_08006120
	bl func_08004DB0
	movs r0, #0x00
	movs r1, #0x00
	movs r2, #0x07
	movs r3, #0x0F
	bl func_08005074
	movs r0, #0x01
	movs r1, #0x01
	movs r2, #0x1F
	movs r3, #0x00
	bl func_08005074
	movs r0, #0x00
	bl func_08004FC8
	movs r0, #0x01
	bl func_08004FC8
	ldr r1, _080AEC74 @ =0x096AD604
	movs r2, #0xA0
	lsls r2, r2, #0x01
	movs r0, #0x00
	bl func_080050B8
	ldr r1, _080AEC78 @ =0x096F6464
	movs r5, #0x80
	lsls r5, r5, #0x04
	movs r0, #0x00
	adds r2, r5, #0x0
	bl func_0800510C
	ldr r1, _080AEC7C @ =0x09611AB8
	movs r0, #0x00
	movs r2, #0x20
	bl func_080050DC
	ldr r1, _080AEC80 @ =0x096ACA44
	movs r2, #0xBC
	lsls r2, r2, #0x04
	movs r0, #0x01
	bl func_080050B8
	ldr r1, _080AEC84 @ =0x096FBA04
	movs r0, #0x01
	movs r2, #0x40
	bl func_080050DC
	ldr r1, _080AEC88 @ =0x096F5C64
	movs r0, #0x01
	adds r2, r5, #0x0
	bl func_0800510C
	ldr r0, [r4, #0x00]
	movs r2, #0x00
	movs r1, #0x00
	strh r1, [r0, #0x00]
	strh r1, [r0, #0x02]
	strb r2, [r0, #0x04]
	ldr r0, [r4, #0x00]
	strb r2, [r0, #0x05]
	ldr r0, [r4, #0x00]
	adds r0, #0x08
	movs r1, #0x5A
	bl func_08065ACC
	ldr r0, _080AEC8C @ =0x08159E4A
	ldr r1, [r4, #0x00]
	adds r1, #0x08
	bl func_08065B6C
	ldr r1, [r4, #0x00]
	strb r0, [r1, #0x05]
	ldr r0, _080AEC90 @ =0x096FBAA4
	movs r1, #0x20
	bl func_08002A14
	ldr r1, [r4, #0x00]
	movs r2, #0xB6
	lsls r2, r2, #0x02
	adds r1, r1, r2
	str r0, [r1, #0x00]
	bl func_08006E60
	ldr r0, _080AEC94 @ =0x080AEE51
	ldr r1, _080AEC98 @ =0x080AEE6D
	movs r2, #0x00
	bl func_080C5A3C
	pop {r4, r5}
	pop {r0}
	bx r0
_080AEC70: .4byte 0x02034B3C
_080AEC74: .4byte 0x096AD604
_080AEC78: .4byte 0x096F6464
_080AEC7C: .4byte 0x09611AB8
_080AEC80: .4byte 0x096ACA44
_080AEC84: .4byte 0x096FBA04
_080AEC88: .4byte 0x096F5C64
_080AEC8C: .4byte 0x08159E4A
_080AEC90: .4byte 0x096FBAA4
_080AEC94: .4byte 0x080AEE51
_080AEC98: .4byte 0x080AEE6D
	thumb_func_start mode_sio_btl_connect_1
mode_sio_btl_connect_1: @ 080AEC9C
	push {r4, r5, r6, r7, lr}
	mov r7, r10
	mov r6, r9
	mov r5, r8
	push {r5, r6, r7}
	add sp, #-0x008
	ldr r4, _080AECC0 @ =0x02034B3C
	ldr r1, [r4, #0x00]
	movs r0, #0x04
	ldsb r0, [r1, r0]
	cmp r0, #0x01
	beq _080AECD4
	cmp r0, #0x01
	bgt _080AECC4
	cmp r0, #0x00
	beq _080AECCE
	b _080AEDF0
	.byte 0x00, 0x00
_080AECC0: .4byte 0x02034B3C
_080AECC4:
	cmp r0, #0x02
	beq _080AED18
	cmp r0, #0x03
	beq _080AED38
	b _080AEDF0
_080AECCE:
	bl func_080C54B4
	b _080AEDF0
_080AECD4:
	bl func_080C54B4
	ldr r1, [r4, #0x00]
	ldrh r0, [r1, #0x02]
	adds r0, #0x01
	strh r0, [r1, #0x02]
	lsls r0, r0, #0x10
	asrs r0, r0, #0x10
	cmp r0, #0x04
	bgt _080AECEA
	b _080AEDF0
_080AECEA:
	ldr r0, _080AED0C @ =0x080C6009
	ldr r1, _080AED10 @ =0x080C60D9
	bl func_080C5DC0
	bl func_080C61D4
	ldr r2, _080AED14 @ =0x03006C78
	ldrh r0, [r2, #0x00]
	movs r1, #0x01
	orrs r0, r1
	strh r0, [r2, #0x00]
	ldrh r0, [r2, #0x00]
	movs r1, #0x10
	orrs r0, r1
	strh r0, [r2, #0x00]
	b _080AED28
	.byte 0x00, 0x00
_080AED0C: .4byte 0x080C6009
_080AED10: .4byte 0x080C60D9
_080AED14: .4byte 0x03006C78
_080AED18:
	ldr r0, _080AED34 @ =0x02039B60
	ldrb r0, [r0, #0x00]
	cmp r0, #0x02
	bne _080AEDF0
	movs r0, #0x00
	strh r0, [r1, #0x02]
	bl func_080AEE84
_080AED28:
	ldr r1, [r4, #0x00]
	ldrb r0, [r1, #0x04]
	adds r0, #0x01
	strb r0, [r1, #0x04]
	b _080AEDF0
	.byte 0x00, 0x00
_080AED34: .4byte 0x02039B60
_080AED38:
	ldrh r0, [r1, #0x02]
	adds r0, #0x01
	strh r0, [r1, #0x02]
	lsls r0, r0, #0x10
	asrs r0, r0, #0x10
	cmp r0, #0x04
	ble _080AEDF0
	ldr r0, _080AEDC0 @ =0x080C5D51
	ldr r1, _080AEDC4 @ =0x080C5D81
	bl func_080C5DC0
	bl func_080C5D00
	ldr r0, _080AEDC8 @ =0x0203AA00
	movs r1, #0x01
	strb r1, [r0, #0x00]
	ldr r0, _080AEDCC @ =0x0203AA90
	strb r1, [r0, #0x00]
	ldr r0, _080AEDD0 @ =0x0203AA8C
	strb r1, [r0, #0x00]
	ldr r1, _080AEDD4 @ =0x0203AA58
	movs r0, #0x06
	strb r0, [r1, #0x00]
	strb r0, [r1, #0x01]
	movs r1, #0x00
	ldr r0, _080AEDD8 @ =0x0203A9EC
	mov r8, r0
	ldr r3, _080AEDDC @ =0x0203A9F0
	mov r9, r3
	ldr r0, _080AEDE0 @ =0x09EF14DC
	mov r10, r0
	ldr r3, _080AEDE4 @ =0x0203AA60
	mov r12, r3
	movs r4, #0x00
	ldr r7, _080AEDE8 @ =0x0203AAE0
	ldr r6, _080AEDEC @ =0x0203AA30
_080AED80:
	movs r3, #0x00
	lsls r0, r1, #0x02
	adds r5, r1, #0x1
	adds r0, r0, r1
	lsls r0, r0, #0x02
	mov r1, r12
	adds r2, r0, r1
	adds r1, r0, r6
	adds r0, r0, r7
_080AED92:
	strb r4, [r2, #0x00]
	strb r4, [r0, #0x00]
	strb r4, [r1, #0x00]
	adds r2, #0x01
	adds r1, #0x01
	adds r0, #0x01
	adds r3, #0x01
	cmp r3, #0x13
	ble _080AED92
	adds r1, r5, #0x0
	cmp r1, #0x01
	ble _080AED80
	movs r0, #0x00
	mov r3, r8
	strh r0, [r3, #0x00]
	mov r1, r9
	strh r0, [r1, #0x00]
	mov r0, r10
	movs r1, #0x00
	bl func_080010CC
	b _080AEE10
	.byte 0x00, 0x00
_080AEDC0: .4byte 0x080C5D51
_080AEDC4: .4byte 0x080C5D81
_080AEDC8: .4byte 0x0203AA00
_080AEDCC: .4byte 0x0203AA90
_080AEDD0: .4byte 0x0203AA8C
_080AEDD4: .4byte 0x0203AA58
_080AEDD8: .4byte 0x0203A9EC
_080AEDDC: .4byte 0x0203A9F0
_080AEDE0: .4byte 0x09EF14DC
_080AEDE4: .4byte 0x0203AA60
_080AEDE8: .4byte 0x0203AAE0
_080AEDEC: .4byte 0x0203AA30
_080AEDF0:
	ldr r0, _080AEE20 @ =0x02034B3C
	ldr r1, [r0, #0x00]
	adds r2, r1, #0x0
	adds r2, #0x08
	movs r3, #0xB6
	lsls r3, r3, #0x02
	adds r0, r1, r3
	ldr r3, [r0, #0x00]
	movs r0, #0x14
	str r0, [sp, #0x000]
	ldrb r0, [r1, #0x05]
	str r0, [sp, #0x004]
	movs r0, #0x42
	movs r1, #0x3F
	bl func_080664D8
_080AEE10:
	add sp, #0x008
	pop {r3, r4, r5}
	mov r8, r3
	mov r9, r4
	mov r10, r5
	pop {r4, r5, r6, r7}
	pop {r0}
	bx r0
_080AEE20: .4byte 0x02034B3C
	thumb_func_start mode_sio_btl_connect_2
mode_sio_btl_connect_2: @ 080AEE24
	push {r4, lr}
	ldr r4, _080AEE4C @ =0x02034B3C
	ldr r0, [r4, #0x00]
	movs r1, #0xB6
	lsls r1, r1, #0x02
	adds r0, r0, r1
	ldr r0, [r0, #0x00]
	bl func_08002C10
	ldr r0, [r4, #0x00]
	adds r0, #0x08
	movs r1, #0x5A
	bl func_08065AE0
	ldr r0, [r4, #0x00]
	bl func_080009C4
	pop {r4}
	pop {r0}
	bx r0
_080AEE4C: .4byte 0x02034B3C
	.byte 0x00, 0xB5, 0x6A, 0x20, 0x71, 0xF0, 0x0C, 0xF8, 0x03, 0x48, 0x01, 0x68, 0x08, 0x79, 0x01, 0x30
	.byte 0x08, 0x71, 0x01, 0xBC, 0x00, 0x47, 0x00, 0x00, 0x3C, 0x4B, 0x03, 0x02, 0x00, 0xB5, 0x68, 0x20
	.byte 0x70, 0xF0, 0xFE, 0xFF, 0x02, 0x48, 0x02, 0x21, 0x52, 0xF7, 0x28, 0xF9, 0x01, 0xBC, 0x00, 0x47
	.byte 0xF8, 0x12, 0xEF, 0x09
	thumb_func_start func_080AEE84
func_080AEE84: @ 080AEE84
	push {r4, r5, lr}
	ldr r1, _080AEECC @ =0x0203AA88
	movs r0, #0x00
	strb r0, [r1, #0x00]
	ldr r1, _080AEED0 @ =0x0203AAA0
	movs r2, #0x00
	adds r0, r1, #0x0
	adds r0, #0x0C
_080AEE94:
	strb r2, [r0, #0x00]
	subs r0, #0x01
	cmp r0, r1
	bge _080AEE94
	ldr r5, _080AEED4 @ =0x00001FFE
	movs r1, #0x01
	movs r4, #0x01
	ldr r3, _080AEED0 @ =0x0203AAA0
	ldr r2, _080AEECC @ =0x0203AA88
_080AEEA6:
	adds r0, r5, #0x0
	asrs r0, r1
	ands r0, r4
	cmp r0, #0x00
	beq _080AEEBE
	ldrb r0, [r2, #0x00]
	adds r0, #0x01
	adds r0, r0, r3
	strb r1, [r0, #0x00]
	ldrb r0, [r2, #0x00]
	adds r0, #0x01
	strb r0, [r2, #0x00]
_080AEEBE:
	adds r1, #0x01
	cmp r1, #0x0D
	ble _080AEEA6
	pop {r4, r5}
	pop {r0}
	bx r0
	.byte 0x00, 0x00
_080AEECC: .4byte 0x0203AA88
_080AEED0: .4byte 0x0203AAA0
_080AEED4: .4byte 0x00001FFE
	thumb_func_start func_080AEED8
func_080AEED8: @ 080AEED8
	push {r4, r5, r6, lr}
	mov r6, r8
	push {r6}
	add sp, #-0x004
	adds r6, r0, #0x0
	adds r5, r1, #0x0
	lsls r6, r6, #0x10
	lsrs r6, r6, #0x10
	lsls r5, r5, #0x10
	lsls r2, r2, #0x10
	lsrs r2, r2, #0x10
	lsrs r5, r5, #0x0C
	ldr r0, _080AEF30 @ =0x096193E0
	adds r5, r5, r0
	ldr r0, _080AEF34 @ =0x02034B40
	mov r8, r0
	lsls r1, r6, #0x01
	adds r1, r1, r6
	lsls r1, r1, #0x03
	adds r1, #0x20
	ldr r0, [r0, #0x00]
	adds r0, r0, r1
	ldrb r1, [r5, #0x0C]
	ldr r3, [r5, #0x04]
	ldr r4, [r5, #0x00]
	str r4, [sp, #0x000]
	bl func_08005974
	mov r1, r8
	ldr r0, [r1, #0x00]
	lsls r6, r6, #0x02
	adds r0, #0x08
	adds r0, r0, r6
	ldr r0, [r0, #0x00]
	ldr r1, [r5, #0x08]
	bl func_08002A10
	add sp, #0x004
	pop {r3}
	mov r8, r3
	pop {r4, r5, r6}
	pop {r0}
	bx r0
	.byte 0x00, 0x00
_080AEF30: .4byte 0x096193E0
_080AEF34: .4byte 0x02034B40
	thumb_func_start mode_sio_btl_option_0
mode_sio_btl_option_0: @ 080AEF38
	push {r4, r5, r6, lr}
	mov r6, r8
	push {r6}
	mov r8, r0
	ldr r5, _080AF08C @ =0x02034B40
	ldr r0, _080AF090 @ =0x0000041C
	bl func_08000918
	str r0, [r5, #0x00]
	bl func_08004E64
	movs r0, #0x00
	movs r1, #0x00
	movs r2, #0x07
	movs r3, #0x0A
	bl func_08005074
	movs r0, #0x00
	movs r1, #0x00
	bl func_080055C8
	movs r0, #0x00
	movs r1, #0x01
	bl func_08005654
	movs r0, #0x00
	movs r1, #0x00
	bl func_080055EC
	movs r0, #0x01
	movs r1, #0x00
	movs r2, #0x0F
	movs r3, #0x0A
	bl func_08005074
	movs r0, #0x01
	movs r1, #0x01
	bl func_080055C8
	movs r0, #0x01
	movs r1, #0x01
	bl func_08005654
	movs r0, #0x01
	movs r1, #0x00
	bl func_080055EC
	movs r0, #0x02
	movs r1, #0x02
	movs r2, #0x18
	movs r3, #0x00
	bl func_08005074
	movs r0, #0x02
	movs r1, #0x02
	bl func_080055C8
	movs r0, #0x02
	movs r1, #0x01
	bl func_08005654
	movs r1, #0x80
	lsls r1, r1, #0x08
	movs r0, #0x02
	bl func_080055EC
	ldr r4, _080AF094 @ =0x096AD744
	movs r0, #0x00
	bl func_08005130
	adds r1, r0, #0x0
	movs r2, #0x80
	lsls r2, r2, #0x06
	adds r0, r4, #0x0
	bl func_080043B4
	ldr r0, [r5, #0x00]
	adds r0, #0x54
	movs r1, #0x14
	bl func_08065ACC
	ldr r0, [r5, #0x00]
	adds r0, #0xFC
	movs r1, #0x0A
	bl func_08065ACC
	ldr r0, [r5, #0x00]
	movs r6, #0xAA
	lsls r6, r6, #0x01
	adds r0, r0, r6
	movs r1, #0x0A
	bl func_08065ACC
	ldr r4, _080AF098 @ =0x0203AA30
	ldr r1, [r5, #0x00]
	adds r1, #0xFC
	adds r0, r4, #0x0
	bl func_08065B6C
	ldr r1, [r5, #0x00]
	adds r1, #0xF8
	strb r0, [r1, #0x00]
	adds r4, #0x14
	ldr r1, [r5, #0x00]
	adds r1, r1, r6
	adds r0, r4, #0x0
	bl func_08065B6C
	ldr r1, [r5, #0x00]
	movs r2, #0xA8
	lsls r2, r2, #0x01
	adds r1, r1, r2
	strb r0, [r1, #0x00]
	ldr r4, _080AF09C @ =0x096FBCC4
	adds r0, r4, #0x0
	movs r1, #0x20
	bl func_08002A14
	ldr r1, [r5, #0x00]
	adds r1, #0xF4
	str r0, [r1, #0x00]
	adds r0, r4, #0x0
	adds r0, #0x40
	movs r1, #0x20
	bl func_08002A14
	ldr r1, [r5, #0x00]
	movs r3, #0xA6
	lsls r3, r3, #0x01
	adds r1, r1, r3
	str r0, [r1, #0x00]
	adds r4, #0x20
	adds r0, r4, #0x0
	movs r1, #0x20
	bl func_08002A14
	ldr r2, [r5, #0x00]
	movs r3, #0xD2
	lsls r3, r3, #0x01
	adds r1, r2, r3
	str r0, [r1, #0x00]
	ldr r1, _080AF0A0 @ =0x0203AAA0
	ldr r0, _080AF0A4 @ =0x0203AA00
	ldrb r0, [r0, #0x00]
	lsls r0, r0, #0x18
	asrs r0, r0, #0x18
	adds r0, r0, r1
	ldrb r0, [r0, #0x00]
	ldr r1, _080AF0A8 @ =0x00000417
	adds r2, r2, r1
	strb r0, [r2, #0x00]
	movs r0, #0x00
	bl func_0800501C
	movs r0, #0x01
	bl func_0800501C
	ldr r2, [r5, #0x00]
	ldr r3, _080AF0AC @ =0x0000021A
	adds r0, r2, r3
	movs r1, #0x00
	mov r3, r8
	strh r3, [r0, #0x00]
	strb r1, [r2, #0x02]
	pop {r3}
	mov r8, r3
	pop {r4, r5, r6}
	pop {r0}
	bx r0
	.byte 0x00, 0x00
_080AF08C: .4byte 0x02034B40
_080AF090: .4byte 0x0000041C
_080AF094: .4byte 0x096AD744
_080AF098: .4byte 0x0203AA30
_080AF09C: .4byte 0x096FBCC4
_080AF0A0: .4byte 0x0203AAA0
_080AF0A4: .4byte 0x0203AA00
_080AF0A8: .4byte 0x00000417
_080AF0AC: .4byte 0x0000021A
	.byte 0x30, 0xB5, 0x15, 0x4D, 0x00, 0x20, 0x56, 0xF7, 0x3B, 0xF8, 0x01, 0x1C, 0x80, 0x20, 0x80, 0x01
	.byte 0x09, 0x18, 0x80, 0x24, 0x24, 0x01, 0x28, 0x1C, 0x22, 0x1C, 0x55, 0xF7, 0x73, 0xF9, 0x0F, 0x49
	.byte 0x00, 0x20, 0x22, 0x1C, 0x56, 0xF7, 0x1A, 0xF8, 0x0D, 0x49, 0x00, 0x20, 0xC0, 0x22, 0x55, 0xF7
	.byte 0xFD, 0xFF, 0x0C, 0x49, 0x01, 0x20, 0x22, 0x1C, 0x56, 0xF7, 0x10, 0xF8, 0x00, 0x20, 0x55, 0xF7
	.byte 0x95, 0xFF, 0x01, 0x20, 0x55, 0xF7, 0x92, 0xFF, 0x07, 0x48, 0x01, 0x68, 0x01, 0x20, 0x88, 0x70
	.byte 0x30, 0xBC, 0x01, 0xBC, 0x00, 0x47, 0x00, 0x00, 0x44, 0xF7, 0x6A, 0x09, 0x64, 0x6C, 0x6F, 0x09
	.byte 0x04, 0xBC, 0x6F, 0x09, 0x64, 0x74, 0x6F, 0x09, 0x40, 0x4B, 0x03, 0x02, 0xF0, 0xB5, 0x47, 0x46
	.byte 0x80, 0xB4, 0x82, 0xB0, 0x0D, 0x49, 0x0B, 0x68, 0x0D, 0x4A, 0x98, 0x18, 0x02, 0x88, 0x0C, 0x1C
	.byte 0x01, 0x2A, 0x17, 0xD1, 0xDA, 0x25, 0x6D, 0x00, 0x58, 0x19, 0x02, 0x70, 0x20, 0x68, 0x02, 0x70
	.byte 0x20, 0x68, 0xEE, 0x21, 0x49, 0x00, 0x42, 0x18, 0x00, 0x21, 0x41, 0x56, 0xC8, 0x00, 0x40, 0x18
	.byte 0x40, 0x02, 0xA8, 0x23, 0x9B, 0x01, 0xC0, 0x18, 0x10, 0x60, 0x11, 0xE0, 0x40, 0x4B, 0x03, 0x02
	.byte 0x1A, 0x02, 0x00, 0x00, 0xDA, 0x25, 0x6D, 0x00, 0x58, 0x19, 0x00, 0x21, 0x01, 0x70, 0x20, 0x68
	.byte 0x01, 0x70, 0x20, 0x68, 0xEE, 0x21, 0x49, 0x00, 0x40, 0x18, 0xA8, 0x21, 0x89, 0x01, 0x01, 0x60
	.byte 0x20, 0x68, 0x00, 0x21, 0x00, 0x22, 0x82, 0x80, 0xC2, 0x80, 0x2C, 0x4B, 0xC0, 0x18, 0x01, 0x70
	.byte 0x20, 0x68, 0x86, 0x25, 0xAD, 0x00, 0x40, 0x19, 0x01, 0x70, 0x20, 0x68, 0x82, 0x23, 0xDB, 0x00
	.byte 0xC0, 0x18, 0x01, 0x70, 0x20, 0x68, 0x1E, 0x3D, 0x43, 0x19, 0x1A, 0x80, 0x24, 0x4B, 0xC0, 0x18
	.byte 0x01, 0x70, 0x20, 0x68, 0x83, 0x25, 0xED, 0x00, 0x40, 0x19, 0x02, 0x80, 0x80, 0x23, 0x5B, 0x00
	.byte 0x80, 0x20, 0x40, 0x02, 0x00, 0x90, 0xB4, 0x20, 0x40, 0x02, 0x01, 0x90, 0x02, 0x20, 0x00, 0x21
	.byte 0x1A, 0x1C, 0x56, 0xF7, 0x5D, 0xFA, 0x00, 0x25, 0x27, 0x1C, 0x20, 0x26, 0xC8, 0x20, 0x00, 0x01
	.byte 0x00, 0x21, 0x53, 0xF7, 0x89, 0xFB, 0x02, 0x1C, 0x38, 0x68, 0xAC, 0x00, 0x01, 0x1C, 0x08, 0x31
	.byte 0x09, 0x19, 0x0A, 0x60, 0x80, 0x19, 0x00, 0x21, 0x00, 0x22, 0x56, 0xF7, 0xB5, 0xFB, 0x28, 0x04
	.byte 0x00, 0x0C, 0x00, 0x21, 0x00, 0x22, 0xFF, 0xF7, 0x67, 0xFE, 0x38, 0x68, 0x80, 0x19, 0x56, 0xF7
	.byte 0x75, 0xFC, 0x39, 0x68, 0x18, 0x31, 0x09, 0x19, 0x08, 0x60, 0x18, 0x36, 0x01, 0x35, 0x01, 0x2D
	.byte 0xDC, 0xDD, 0x08, 0x48, 0x00, 0x68, 0x00, 0x28, 0x14, 0xD1, 0x07, 0x48, 0x20, 0x21, 0x53, 0xF7
	.byte 0xF1, 0xFB, 0x06, 0x4C, 0x21, 0x68, 0x08, 0x61, 0x05, 0x48, 0x13, 0xE0, 0x17, 0x02, 0x00, 0x00
	.byte 0x16, 0x04, 0x00, 0x00, 0x28, 0x98, 0x03, 0x02, 0xA4, 0x83, 0xF6, 0x08, 0x40, 0x4B, 0x03, 0x02
	.byte 0x64, 0xAC, 0x6F, 0x09, 0x7E, 0x48, 0x20, 0x21, 0x53, 0xF7, 0xDC, 0xFB, 0x7D, 0x4C, 0x21, 0x68
	.byte 0x08, 0x61, 0x7D, 0x48, 0x20, 0x21, 0x53, 0xF7, 0xD5, 0xFB, 0x21, 0x68, 0x48, 0x61, 0x7B, 0x48
	.byte 0xC0, 0x26, 0x36, 0x01, 0x31, 0x1C, 0x53, 0xF7, 0x15, 0xFA, 0x76, 0x4F, 0x39, 0x68, 0xD4, 0x22
	.byte 0x52, 0x00, 0x89, 0x18, 0x08, 0x60, 0x76, 0x48, 0x20, 0x21, 0x53, 0xF7, 0xC3, 0xFB, 0x3A, 0x68
	.byte 0xD6, 0x23, 0x5B, 0x00, 0xD1, 0x18, 0x08, 0x60, 0xD8, 0x25, 0x6D, 0x00, 0x51, 0x19, 0x71, 0x48
	.byte 0x00, 0x68, 0x08, 0x60, 0x70, 0x48, 0x10, 0x35, 0x29, 0x1C, 0x53, 0xF7, 0xFB, 0xF9, 0x39, 0x68
	.byte 0xDC, 0x22, 0x52, 0x00, 0x89, 0x18, 0x08, 0x60, 0x6C, 0x4B, 0x98, 0x46, 0x40, 0x46, 0x20, 0x21
	.byte 0x53, 0xF7, 0xA8, 0xFB, 0x02, 0x1C, 0x38, 0x68, 0xDE, 0x23, 0x5B, 0x00, 0xC1, 0x18, 0x0A, 0x60
	.byte 0xE2, 0x24, 0x64, 0x00, 0x00, 0x19, 0x66, 0x49, 0x66, 0x4A, 0x56, 0xF7, 0x45, 0xFB, 0x38, 0x68
	.byte 0x00, 0x19, 0x01, 0x21, 0x01, 0x22, 0x56, 0xF7, 0x5D, 0xFB, 0x38, 0x68, 0x00, 0x19, 0x56, 0xF7
	.byte 0x05, 0xFC, 0x39, 0x68, 0x4D, 0x19, 0x28, 0x60, 0xF0, 0x25, 0x6D, 0x00, 0x49, 0x19, 0x00, 0x24
	.byte 0x01, 0x20, 0x08, 0x70, 0x5C, 0x48, 0x31, 0x1C, 0x53, 0xF7, 0xCC, 0xF9, 0x39, 0x68, 0x87, 0x22
	.byte 0x92, 0x00, 0x89, 0x18, 0x08, 0x60, 0x59, 0x48, 0x20, 0x21, 0x53, 0xF7, 0x7B, 0xFB, 0x3A, 0x68
	.byte 0x88, 0x23, 0x9B, 0x00, 0xD1, 0x18, 0x08, 0x60, 0x44, 0x35, 0x51, 0x19, 0x54, 0x48, 0x00, 0x68
	.byte 0x08, 0x60, 0x8A, 0x21, 0x89, 0x00, 0x50, 0x18, 0x04, 0x70, 0x38, 0x68, 0x8B, 0x24, 0xA4, 0x00
	.byte 0x00, 0x19, 0x3C, 0x21, 0xB6, 0xF7, 0xC2, 0xFB, 0x4E, 0x48, 0x39, 0x68, 0x09, 0x19, 0xB6, 0xF7
	.byte 0x0D, 0xFC, 0x39, 0x68, 0x4C, 0x4A, 0x89, 0x18, 0x08, 0x70, 0x39, 0x68, 0x4B, 0x4B, 0xCA, 0x18
	.byte 0x00, 0x24, 0x41, 0x20, 0x10, 0x80, 0x4A, 0x4D, 0x49, 0x19, 0x7C, 0x20, 0x08, 0x80, 0x40, 0x46
	.byte 0x20, 0x21, 0x53, 0xF7, 0x4F, 0xFB, 0x39, 0x68, 0x46, 0x4A, 0x89, 0x18, 0x08, 0x60, 0x46, 0x48
	.byte 0x90, 0x21, 0x49, 0x00, 0x53, 0xF7, 0x8E, 0xF9, 0x39, 0x68, 0xF2, 0x23, 0x5B, 0x00, 0xC9, 0x18
	.byte 0x08, 0x60, 0x42, 0x48, 0x20, 0x21, 0x53, 0xF7, 0x3D, 0xFB, 0x3B, 0x68, 0xF4, 0x25, 0x6D, 0x00
	.byte 0x59, 0x19, 0x08, 0x60, 0xF6, 0x20, 0x40, 0x00, 0x1A, 0x18, 0x3D, 0x49, 0x08, 0x68, 0x10, 0x60
	.byte 0x08, 0x35, 0x5A, 0x19, 0x48, 0x68, 0x10, 0x60, 0xFA, 0x20, 0x40, 0x00, 0x1A, 0x18, 0x88, 0x68
	.byte 0x10, 0x60, 0xFC, 0x21, 0x49, 0x00, 0x58, 0x18, 0x04, 0x70, 0x36, 0x48, 0xA0, 0x24, 0xA4, 0x00
	.byte 0x21, 0x1C, 0x53, 0xF7, 0x67, 0xF9, 0x39, 0x68, 0xFE, 0x22, 0x52, 0x00, 0x89, 0x18, 0x08, 0x60
	.byte 0x31, 0x48, 0x20, 0x21, 0x53, 0xF7, 0x16, 0xFB, 0x3A, 0x68, 0x83, 0x23, 0x9B, 0x00, 0xD1, 0x18
	.byte 0x08, 0x60, 0x14, 0x35, 0x51, 0x19, 0x2D, 0x48, 0x00, 0x68, 0x08, 0x60, 0x2C, 0x4D, 0x29, 0x78
	.byte 0x08, 0x33, 0xD0, 0x18, 0x01, 0x70, 0x2B, 0x48, 0x21, 0x1C, 0x53, 0xF7, 0x4B, 0xF9, 0x39, 0x68
	.byte 0x80, 0x22, 0x92, 0x00, 0x89, 0x18, 0x08, 0x60, 0x27, 0x48, 0x20, 0x21, 0x53, 0xF7, 0xFA, 0xFA
	.byte 0x3A, 0x68, 0x84, 0x23, 0x9B, 0x00, 0xD1, 0x18, 0x08, 0x60, 0x82, 0x20, 0x80, 0x00, 0x11, 0x18
	.byte 0x22, 0x48, 0x00, 0x68, 0x08, 0x60, 0x68, 0x78, 0x21, 0x49, 0x52, 0x18, 0x10, 0x70, 0x21, 0x48
	.byte 0x00, 0x68, 0x00, 0x28, 0x42, 0xD1, 0x38, 0x68, 0x29, 0x78, 0x1F, 0x4A, 0x80, 0x18, 0x41, 0xE0
	.byte 0x64, 0xAC, 0x6F, 0x09, 0x40, 0x4B, 0x03, 0x02, 0xA4, 0x83, 0xF6, 0x08, 0xDA, 0xBE, 0x62, 0x09
	.byte 0x24, 0xBD, 0x6F, 0x09, 0xD4, 0x38, 0xEF, 0x09, 0x90, 0xB0, 0x62, 0x09, 0xA4, 0xBA, 0x6F, 0x09
	.byte 0xB4, 0x38, 0xEF, 0x09, 0x94, 0x38, 0xEF, 0x09, 0x8E, 0x8C, 0x3F, 0x09, 0xB8, 0x1A, 0x61, 0x09
	.byte 0x78, 0x12, 0xEF, 0x09, 0x0C, 0xA2, 0x15, 0x08, 0x29, 0x02, 0x00, 0x00, 0x12, 0x04, 0x00, 0x00
	.byte 0x14, 0x04, 0x00, 0x00, 0x0C, 0x04, 0x00, 0x00, 0xC0, 0xD7, 0x62, 0x09, 0x44, 0xBD, 0x6F, 0x09
	.byte 0xEC, 0x38, 0xEF, 0x09, 0x00, 0xD9, 0x62, 0x09, 0x64, 0xBD, 0x6F, 0x09, 0xFC, 0x38, 0xEF, 0x09
	.byte 0x58, 0xAA, 0x03, 0x02, 0xA0, 0xDB, 0x62, 0x09, 0xA4, 0xBD, 0x6F, 0x09, 0x04, 0x39, 0xEF, 0x09
	.byte 0x15, 0x02, 0x00, 0x00, 0x28, 0x98, 0x03, 0x02, 0x16, 0x02, 0x00, 0x00, 0x38, 0x68, 0x69, 0x78
	.byte 0x07, 0x4B, 0xC0, 0x18, 0x01, 0x70, 0x01, 0xF0, 0x73, 0xFA, 0x06, 0x48, 0x01, 0x68, 0x02, 0x20
	.byte 0x88, 0x70, 0x02, 0xB0, 0x08, 0xBC, 0x98, 0x46, 0xF0, 0xBC, 0x01, 0xBC, 0x00, 0x47, 0x00, 0x00
	.byte 0x16, 0x02, 0x00, 0x00, 0x40, 0x4B, 0x03, 0x02, 0x70, 0xB5, 0x46, 0x46, 0x40, 0xB4, 0x1F, 0x49
	.byte 0x1F, 0x48, 0x00, 0x78, 0x00, 0x06, 0x00, 0x16, 0x40, 0x18, 0x1E, 0x4D, 0x00, 0x24, 0x04, 0x57
	.byte 0x64, 0x01, 0x60, 0x19, 0x80, 0x46, 0x06, 0x68, 0x02, 0x20, 0x55, 0xF7, 0x09, 0xFE, 0x01, 0x1C
	.byte 0x80, 0x22, 0x92, 0x01, 0x30, 0x1C, 0x54, 0xF7, 0x45, 0xFF, 0x28, 0x1C, 0x10, 0x30, 0x20, 0x18
	.byte 0x01, 0x68, 0x40, 0x46, 0x82, 0x8A, 0x02, 0x20, 0x55, 0xF7, 0xD0, 0xFD, 0x28, 0x1C, 0x08, 0x30
	.byte 0x20, 0x18, 0x01, 0x68, 0x40, 0x46, 0x82, 0x89, 0x02, 0x20, 0x55, 0xF7, 0xDF, 0xFD, 0x18, 0x35
	.byte 0x64, 0x19, 0x20, 0x68, 0x0C, 0x4C, 0x21, 0x68, 0x54, 0x31, 0xB6, 0xF7, 0x07, 0xFB, 0x21, 0x68
	.byte 0x50, 0x31, 0x08, 0x70, 0x02, 0x20, 0x55, 0xF7, 0x59, 0xFD, 0x21, 0x68, 0x88, 0x78, 0x01, 0x30
	.byte 0x88, 0x70, 0x08, 0xBC, 0x98, 0x46, 0x70, 0xBC, 0x01, 0xBC, 0x00, 0x47, 0xA0, 0xAA, 0x03, 0x02
	.byte 0x00, 0xAA, 0x03, 0x02, 0x18, 0x13, 0xEF, 0x09, 0x40, 0x4B, 0x03, 0x02, 0x70, 0xB5, 0x1A, 0x49
	.byte 0x1A, 0x48, 0x00, 0x78, 0x00, 0x06, 0x00, 0x16, 0x40, 0x18, 0x04, 0x78, 0x00, 0x20, 0x10, 0x21
	.byte 0x56, 0xF7, 0xBE, 0xFD, 0x16, 0x48, 0x24, 0x06, 0xE4, 0x14, 0x24, 0x18, 0x25, 0x68, 0x80, 0x26
	.byte 0xB6, 0x01, 0xAD, 0x19, 0x02, 0x20, 0x55, 0xF7, 0xBB, 0xFD, 0x01, 0x1C, 0x89, 0x19, 0x11, 0x48
	.byte 0x02, 0x1C, 0xA4, 0x88, 0x12, 0x19, 0x12, 0x04, 0x12, 0x0C, 0x28, 0x1C, 0x54, 0xF7, 0xF2, 0xFE
	.byte 0x00, 0x20, 0x55, 0xF7, 0xF9, 0xFC, 0x01, 0x20, 0x55, 0xF7, 0xF6, 0xFC, 0x02, 0x20, 0x55, 0xF7
	.byte 0xF3, 0xFC, 0x01, 0xF0, 0xF5, 0xFE, 0x08, 0x4A, 0x10, 0x68, 0x04, 0x21, 0x41, 0x70, 0x10, 0x68
	.byte 0x81, 0x70, 0x70, 0xBC, 0x01, 0xBC, 0x00, 0x47, 0xA0, 0xAA, 0x03, 0x02, 0x00, 0xAA, 0x03, 0x02
	.byte 0x18, 0x13, 0xEF, 0x09, 0x00, 0xE0, 0xFF, 0xFF, 0x40, 0x4B, 0x03, 0x02
	thumb_func_start mode_sio_btl_option_1
mode_sio_btl_option_1: @ 080AF60C
	push {lr}
	ldr r0, _080AF628 @ =0x02034B40
	ldr r0, [r0, #0x00]
	ldrb r0, [r0, #0x02]
	lsls r0, r0, #0x18
	asrs r0, r0, #0x18
	cmp r0, #0x10
	bhi _080AF708
	lsls r0, r0, #0x02
	ldr r1, _080AF62C @ =0x080AF630
	adds r0, r0, r1
	ldr r0, [r0, #0x00]
	mov pc, r0
	.byte 0x00, 0x00
_080AF628: .4byte 0x02034B40
_080AF62C: .4byte 0x080AF630
	.byte 0x74, 0xF6, 0x0A, 0x08, 0x7A, 0xF6, 0x0A, 0x08, 0x80, 0xF6, 0x0A, 0x08, 0x86, 0xF6, 0x0A, 0x08
	.byte 0x8C, 0xF6, 0x0A, 0x08, 0x92, 0xF6, 0x0A, 0x08, 0x9C, 0xF6, 0x0A, 0x08, 0xA6, 0xF6, 0x0A, 0x08
	.byte 0xB0, 0xF6, 0x0A, 0x08, 0xBA, 0xF6, 0x0A, 0x08, 0xC4, 0xF6, 0x0A, 0x08, 0xCE, 0xF6, 0x0A, 0x08
	.byte 0xD8, 0xF6, 0x0A, 0x08, 0xE2, 0xF6, 0x0A, 0x08, 0xEC, 0xF6, 0x0A, 0x08, 0xF6, 0xF6, 0x0A, 0x08
	.byte 0x00, 0xF7, 0x0A, 0x08, 0xFF, 0xF7, 0x1C, 0xFD, 0x46, 0xE0, 0xFF, 0xF7, 0x4F, 0xFD, 0x43, 0xE0
	.byte 0xFF, 0xF7, 0x3A, 0xFF, 0x40, 0xE0, 0xFF, 0xF7, 0x81, 0xFF, 0x3D, 0xE0, 0x00, 0xF0, 0x00, 0xFA
	.byte 0x3A, 0xE0, 0x00, 0xF0, 0x23, 0xFA, 0x00, 0xF0, 0x39, 0xF8, 0x35, 0xE0, 0x00, 0xF0, 0x1A, 0xFB
	.byte 0x00, 0xF0, 0x34, 0xF8, 0x30, 0xE0, 0x00, 0xF0, 0x29, 0xFC, 0x00, 0xF0, 0x2F, 0xF8, 0x2B, 0xE0
	.byte 0x00, 0xF0, 0xAE, 0xFC, 0x00, 0xF0, 0x2A, 0xF8, 0x26, 0xE0, 0x00, 0xF0, 0x9F, 0xFD, 0x00, 0xF0
	.byte 0x25, 0xF8, 0x21, 0xE0, 0x00, 0xF0, 0xEE, 0xFD, 0x00, 0xF0, 0x20, 0xF8, 0x1C, 0xE0, 0x00, 0xF0
	.byte 0x57, 0xFE, 0x00, 0xF0, 0x1B, 0xF8, 0x17, 0xE0, 0x00, 0xF0, 0x70, 0xFE, 0x00, 0xF0, 0x16, 0xF8
	.byte 0x12, 0xE0, 0x00, 0xF0, 0x7B, 0xFE, 0x00, 0xF0, 0x11, 0xF8, 0x0D, 0xE0, 0x00, 0xF0, 0x96, 0xFE
	.byte 0x00, 0xF0, 0x0C, 0xF8, 0x08, 0xE0, 0x00, 0xF0, 0xA3, 0xFE, 0x00, 0xF0, 0x07, 0xF8, 0x03, 0xE0
	.byte 0x00, 0xF0, 0xC8, 0xFE, 0x00, 0xF0, 0x02, 0xF8
_080AF708:
	pop {r0}
	bx r0
	thumb_func_start func_080AF70C
func_080AF70C: @ 080AF70C
	push {r4, r5, r6, r7, lr}
	mov r7, r10
	mov r6, r9
	mov r5, r8
	push {r5, r6, r7}
	add sp, #-0x010
	ldr r7, _080AFA64 @ =0x02034B40
	ldr r0, [r7, #0x00]
	adds r0, #0x20
	bl func_08005A64
	adds r1, r0, #0x0
	ldr r0, [r7, #0x00]
	str r1, [r0, #0x18]
	adds r0, #0x38
	bl func_08005A64
	adds r1, r0, #0x0
	ldr r0, [r7, #0x00]
	str r1, [r0, #0x1C]
	movs r1, #0xE2
	lsls r1, r1, #0x01
	adds r0, r0, r1
	bl func_08005A64
	ldr r4, [r7, #0x00]
	movs r2, #0xE0
	lsls r2, r2, #0x01
	adds r1, r4, r2
	str r0, [r1, #0x00]
	ldr r2, [r4, #0x18]
	ldr r3, [r4, #0x08]
	ldr r0, [r4, #0x10]
	str r0, [sp, #0x000]
	movs r4, #0x00
	str r4, [sp, #0x004]
	movs r0, #0x01
	str r0, [sp, #0x008]
	ldr r4, _080AFA68 @ =0x0000FFF0
	str r4, [sp, #0x00C]
	movs r0, #0x3C
	movs r1, #0x58
	bl func_080023E0
	ldr r0, [r7, #0x00]
	ldr r2, [r0, #0x1C]
	ldr r3, [r0, #0x0C]
	ldr r0, [r0, #0x14]
	str r0, [sp, #0x000]
	movs r5, #0x00
	str r5, [sp, #0x004]
	str r5, [sp, #0x008]
	str r4, [sp, #0x00C]
	movs r0, #0xB4
	movs r1, #0x58
	bl func_080023E0
	ldr r1, _080AFA6C @ =0x09EF1318
	ldr r4, [r7, #0x00]
	ldr r2, _080AFA70 @ =0x00000417
	adds r0, r4, r2
	ldrb r0, [r0, #0x00]
	lsls r0, r0, #0x18
	asrs r0, r0, #0x18
	lsls r0, r0, #0x05
	adds r0, r0, r1
	ldrh r0, [r0, #0x1E]
	adds r0, #0x6C
	lsls r0, r0, #0x10
	asrs r0, r0, #0x10
	adds r2, r4, #0x0
	adds r2, #0x54
	adds r1, r4, #0x0
	adds r1, #0xF4
	ldr r3, [r1, #0x00]
	movs r1, #0x14
	str r1, [sp, #0x000]
	adds r4, #0x50
	ldrb r1, [r4, #0x00]
	str r1, [sp, #0x004]
	movs r1, #0x04
	bl func_080664D8
	ldr r1, [r7, #0x00]
	adds r2, r1, #0x0
	adds r2, #0xFC
	movs r3, #0xA6
	lsls r3, r3, #0x01
	adds r0, r1, r3
	ldr r3, [r0, #0x00]
	movs r4, #0xF2
	lsls r4, r4, #0x08
	str r4, [sp, #0x000]
	adds r0, r1, #0x0
	adds r0, #0xF8
	ldrb r0, [r0, #0x00]
	str r0, [sp, #0x004]
	movs r0, #0x10
	movs r1, #0x90
	bl func_080664D8
	ldr r1, [r7, #0x00]
	movs r5, #0xAA
	lsls r5, r5, #0x01
	adds r2, r1, r5
	movs r3, #0xD2
	lsls r3, r3, #0x01
	adds r0, r1, r3
	ldr r3, [r0, #0x00]
	str r4, [sp, #0x000]
	movs r4, #0xA8
	lsls r4, r4, #0x01
	adds r0, r1, r4
	ldrb r0, [r0, #0x00]
	str r0, [sp, #0x004]
	movs r0, #0x88
	movs r1, #0x90
	bl func_080664D8
	ldr r4, [r7, #0x00]
	movs r6, #0xFD
	lsls r6, r6, #0x01
	adds r0, r4, r6
	ldrh r0, [r0, #0x00]
	lsrs r0, r0, #0x03
	movs r5, #0x03
	mov r10, r5
	ands r0, r5
	negs r0, r0
	adds r0, #0x58
	movs r2, #0xF6
	lsls r2, r2, #0x01
	adds r1, r4, r2
	ldr r2, [r1, #0x00]
	movs r5, #0xF2
	lsls r5, r5, #0x01
	adds r1, r4, r5
	ldr r3, [r1, #0x00]
	movs r1, #0xF4
	lsls r1, r1, #0x01
	mov r9, r1
	add r4, r9
	ldr r1, [r4, #0x00]
	str r1, [sp, #0x000]
	movs r4, #0x00
	str r4, [sp, #0x004]
	str r4, [sp, #0x008]
	movs r1, #0xFF
	lsls r1, r1, #0x08
	mov r8, r1
	str r1, [sp, #0x00C]
	movs r1, #0x02
	bl func_080023E0
	ldr r4, [r7, #0x00]
	adds r6, r4, r6
	ldrh r0, [r6, #0x00]
	lsrs r0, r0, #0x03
	mov r2, r10
	ands r0, r2
	adds r0, #0xE0
	movs r3, #0xF8
	lsls r3, r3, #0x01
	adds r1, r4, r3
	ldr r2, [r1, #0x00]
	adds r5, r4, r5
	ldr r3, [r5, #0x00]
	add r4, r9
	ldr r1, [r4, #0x00]
	str r1, [sp, #0x000]
	movs r4, #0x00
	str r4, [sp, #0x004]
	str r4, [sp, #0x008]
	mov r5, r8
	str r5, [sp, #0x00C]
	movs r1, #0x02
	bl func_080023E0
	ldr r1, [r7, #0x00]
	movs r2, #0xDA
	lsls r2, r2, #0x01
	adds r0, r1, r2
	ldrb r0, [r0, #0x00]
	lsls r0, r0, #0x18
	asrs r0, r0, #0x18
	cmp r0, #0x01
	bne _080AF910
	movs r3, #0xD8
	lsls r3, r3, #0x01
	adds r0, r1, r3
	ldr r2, [r0, #0x00]
	movs r4, #0xD4
	lsls r4, r4, #0x01
	adds r0, r1, r4
	ldr r3, [r0, #0x00]
	movs r5, #0xD6
	lsls r5, r5, #0x01
	adds r0, r1, r5
	ldr r0, [r0, #0x00]
	str r0, [sp, #0x000]
	movs r0, #0x00
	str r0, [sp, #0x004]
	str r0, [sp, #0x008]
	movs r0, #0x80
	lsls r0, r0, #0x02
	str r0, [sp, #0x00C]
	movs r0, #0x48
	movs r1, #0x26
	bl func_080023E0
	ldr r1, [r7, #0x00]
	movs r2, #0xF0
	lsls r2, r2, #0x01
	adds r0, r1, r2
	ldrb r0, [r0, #0x00]
	lsls r0, r0, #0x18
	asrs r0, r0, #0x18
	cmp r0, #0x01
	bne _080AF910
	adds r5, #0x30
	adds r0, r1, r5
	movs r2, #0x00
	ldsb r2, [r1, r2]
	lsls r1, r2, #0x03
	adds r1, r1, r2
	lsls r1, r1, #0x09
	movs r3, #0xA8
	lsls r3, r3, #0x06
	adds r1, r1, r3
	bl func_0805F1C0
	ldr r4, [r7, #0x00]
	adds r5, r4, r5
	ldr r1, [r5, #0x00]
	lsls r1, r1, #0x08
	asrs r1, r1, #0x10
	movs r5, #0xE0
	lsls r5, r5, #0x01
	adds r0, r4, r5
	ldr r2, [r0, #0x00]
	movs r7, #0xDC
	lsls r7, r7, #0x01
	adds r0, r4, r7
	ldr r3, [r0, #0x00]
	movs r0, #0xDE
	lsls r0, r0, #0x01
	adds r4, r4, r0
	ldr r0, [r4, #0x00]
	str r0, [sp, #0x000]
	movs r4, #0x00
	str r4, [sp, #0x004]
	str r4, [sp, #0x008]
	movs r0, #0x80
	lsls r0, r0, #0x01
	str r0, [sp, #0x00C]
	movs r0, #0x40
	bl func_080023E0
_080AF910:
	ldr r6, _080AFA64 @ =0x02034B40
	ldr r1, [r6, #0x00]
	movs r5, #0x8A
	lsls r5, r5, #0x02
	adds r0, r1, r5
	ldrb r0, [r0, #0x00]
	lsls r0, r0, #0x18
	asrs r0, r0, #0x18
	cmp r0, #0x01
	bne _080AF980
	movs r7, #0x89
	lsls r7, r7, #0x02
	adds r0, r1, r7
	ldr r2, [r0, #0x00]
	movs r3, #0x87
	lsls r3, r3, #0x02
	adds r0, r1, r3
	ldr r3, [r0, #0x00]
	movs r4, #0x88
	lsls r4, r4, #0x02
	adds r0, r1, r4
	ldr r0, [r0, #0x00]
	str r0, [sp, #0x000]
	movs r0, #0x00
	str r0, [sp, #0x004]
	str r0, [sp, #0x008]
	movs r0, #0xF0
	lsls r0, r0, #0x08
	str r0, [sp, #0x00C]
	movs r0, #0x78
	movs r1, #0x83
	bl func_080023E0
	ldr r4, [r6, #0x00]
	ldr r5, _080AFA74 @ =0x00000412
	adds r0, r4, r5
	movs r7, #0x00
	ldsh r0, [r0, r7]
	ldr r2, _080AFA78 @ =0x00000414
	adds r1, r4, r2
	movs r3, #0x00
	ldsh r1, [r1, r3]
	movs r5, #0x8B
	lsls r5, r5, #0x02
	adds r2, r4, r5
	ldr r7, _080AFA7C @ =0x0000040C
	adds r3, r4, r7
	ldr r3, [r3, #0x00]
	movs r5, #0x14
	str r5, [sp, #0x000]
	ldr r5, _080AFA80 @ =0x00000229
	adds r4, r4, r5
	ldrb r4, [r4, #0x00]
	str r4, [sp, #0x004]
	bl func_080664D8
_080AF980:
	ldr r1, [r6, #0x00]
	movs r7, #0x81
	lsls r7, r7, #0x02
	adds r0, r1, r7
	ldr r2, [r0, #0x00]
	movs r3, #0xFE
	lsls r3, r3, #0x01
	adds r0, r1, r3
	ldr r3, [r0, #0x00]
	movs r4, #0x83
	lsls r4, r4, #0x02
	adds r0, r1, r4
	ldr r0, [r0, #0x00]
	str r0, [sp, #0x000]
	movs r5, #0x00
	str r5, [sp, #0x004]
	str r5, [sp, #0x008]
	movs r4, #0xF1
	lsls r4, r4, #0x08
	str r4, [sp, #0x00C]
	movs r0, #0x20
	movs r1, #0x18
	bl func_080023E0
	ldr r1, [r6, #0x00]
	adds r7, #0x04
	adds r0, r1, r7
	ldr r2, [r0, #0x00]
	movs r3, #0x80
	lsls r3, r3, #0x02
	adds r0, r1, r3
	ldr r3, [r0, #0x00]
	adds r7, #0x08
	adds r0, r1, r7
	ldr r0, [r0, #0x00]
	str r0, [sp, #0x000]
	str r5, [sp, #0x004]
	str r5, [sp, #0x008]
	str r4, [sp, #0x00C]
	movs r0, #0x84
	movs r1, #0x18
	bl func_080023E0
	ldr r4, [r6, #0x00]
	movs r1, #0xFC
	lsls r1, r1, #0x01
	adds r0, r4, r1
	ldrb r0, [r0, #0x00]
	lsls r0, r0, #0x18
	asrs r0, r0, #0x18
	cmp r0, #0x01
	bne _080AFA44
	ldr r0, _080AFA84 @ =0x02039828
	ldr r1, [r0, #0x00]
	movs r0, #0x65
	muls r1, r0
	adds r1, #0x2C
	ldr r2, _080AFA88 @ =0x09EF14B8
	ldr r3, _080AFA8C @ =0x00000216
	adds r0, r4, r3
	ldrb r0, [r0, #0x00]
	lsls r0, r0, #0x18
	asrs r0, r0, #0x18
	adds r0, r0, r2
	ldrb r0, [r0, #0x00]
	lsls r0, r0, #0x18
	asrs r0, r0, #0x18
	adds r0, r0, r1
	lsls r0, r0, #0x10
	asrs r0, r0, #0x10
	subs r7, #0x16
	adds r1, r4, r7
	ldrh r1, [r1, #0x00]
	lsrs r1, r1, #0x03
	movs r2, #0x03
	ands r1, r2
	negs r1, r1
	lsrs r2, r1, #0x1F
	adds r1, r1, r2
	asrs r1, r1, #0x01
	adds r1, #0x16
	subs r3, #0x22
	adds r2, r4, r3
	ldr r2, [r2, #0x00]
	subs r7, #0x16
	adds r3, r4, r7
	ldr r3, [r3, #0x00]
	adds r7, #0x04
	adds r4, r4, r7
	ldr r4, [r4, #0x00]
	str r4, [sp, #0x000]
	str r5, [sp, #0x004]
	str r5, [sp, #0x008]
	movs r4, #0xF0
	lsls r4, r4, #0x08
	str r4, [sp, #0x00C]
	bl func_080023E0
_080AFA44:
	ldr r0, [r6, #0x00]
	movs r2, #0xFD
	lsls r2, r2, #0x01
	adds r1, r0, r2
	ldrh r0, [r1, #0x00]
	adds r0, #0x01
	strh r0, [r1, #0x00]
	add sp, #0x010
	pop {r3, r4, r5}
	mov r8, r3
	mov r9, r4
	mov r10, r5
	pop {r4, r5, r6, r7}
	pop {r0}
	bx r0
	.byte 0x00, 0x00
_080AFA64: .4byte 0x02034B40
_080AFA68: .4byte 0x0000FFF0
_080AFA6C: .4byte 0x09EF1318
_080AFA70: .4byte 0x00000417
_080AFA74: .4byte 0x00000412
_080AFA78: .4byte 0x00000414
_080AFA7C: .4byte 0x0000040C
_080AFA80: .4byte 0x00000229
_080AFA84: .4byte 0x02039828
_080AFA88: .4byte 0x09EF14B8
_080AFA8C: .4byte 0x00000216
	.byte 0x00, 0xB5, 0x08, 0x48, 0x01, 0x68, 0xCA, 0x88, 0x06, 0x23, 0xC8, 0x5E, 0x04, 0x28, 0x10, 0xDD
	.byte 0x00, 0x20, 0xC8, 0x80, 0x04, 0x4A, 0x88, 0x18, 0x00, 0x88, 0x01, 0x28, 0x06, 0xD1, 0x06, 0x20
	.byte 0x88, 0x70, 0x08, 0xE0, 0x40, 0x4B, 0x03, 0x02, 0x1A, 0x02, 0x00, 0x00, 0x05, 0x20, 0x88, 0x70
	.byte 0x01, 0xE0, 0x50, 0x1C, 0xC8, 0x80, 0x00, 0xF0, 0xB5, 0xFD, 0x01, 0xF0, 0xCB, 0xFA, 0x00, 0xF0
	.byte 0x01, 0xFE, 0x00, 0xF0, 0xCF, 0xFE, 0x01, 0xBC, 0x00, 0x47, 0x00, 0x00, 0x30, 0xB5, 0x08, 0x4C
	.byte 0x61, 0x88, 0x05, 0x20, 0x00, 0x25, 0x08, 0x43, 0x60, 0x80, 0x51, 0xF7, 0x51, 0xFC, 0x01, 0x21
	.byte 0x01, 0x40, 0x00, 0x29, 0x06, 0xD0, 0x60, 0x88, 0xF9, 0x22, 0x52, 0x01, 0x0A, 0xE0, 0x00, 0x00
	.byte 0x58, 0x9B, 0x03, 0x02, 0x51, 0xF7, 0x44, 0xFC, 0x02, 0x21, 0x01, 0x40, 0x00, 0x29, 0x04, 0xD0
	.byte 0x60, 0x88, 0x0D, 0x4A, 0x11, 0x1C, 0x08, 0x43, 0x60, 0x80, 0x51, 0xF7, 0x39, 0xFC, 0x80, 0x21
	.byte 0x89, 0x00, 0x01, 0x40, 0x00, 0x29, 0x15, 0xD0, 0x08, 0x49, 0x08, 0x78, 0x01, 0x28, 0x1C, 0xD0
	.byte 0x07, 0x48, 0x00, 0x78, 0x00, 0x06, 0x00, 0x16, 0x01, 0x38, 0x00, 0x06, 0x02, 0x0E, 0x00, 0x28
	.byte 0x26, 0xDC, 0x0A, 0x78, 0x24, 0xE0, 0x00, 0x00, 0xF0, 0xC2, 0x00, 0x00, 0x88, 0xAA, 0x03, 0x02
	.byte 0x00, 0xAA, 0x03, 0x02, 0x51, 0xF7, 0x1C, 0xFC, 0x80, 0x21, 0x49, 0x00, 0x01, 0x40, 0x00, 0x29
	.byte 0x22, 0xD0, 0x04, 0x49, 0x08, 0x78, 0x01, 0x28, 0x06, 0xD1, 0x69, 0x20, 0x70, 0xF0, 0x80, 0xF9
	.byte 0x1F, 0xE0, 0x00, 0x00, 0x88, 0xAA, 0x03, 0x02, 0x09, 0x48, 0x00, 0x78, 0x00, 0x06, 0x00, 0x16
	.byte 0x01, 0x30, 0x00, 0x06, 0x02, 0x0E, 0x00, 0x16, 0x09, 0x78, 0x88, 0x42, 0x00, 0xDD, 0x01, 0x22
	.byte 0x04, 0x48, 0x0F, 0x21, 0x11, 0x40, 0x82, 0x88, 0x11, 0x43, 0x81, 0x80, 0x09, 0xE0, 0x00, 0x00
	.byte 0x00, 0xAA, 0x03, 0x02, 0x58, 0x9B, 0x03, 0x02, 0x17, 0x4A, 0x91, 0x88, 0x17, 0x48, 0x08, 0x40
	.byte 0x90, 0x80, 0x17, 0x4C, 0xA5, 0x88, 0x15, 0x49, 0x0A, 0x1C, 0x2A, 0x40, 0x15, 0x4B, 0x9A, 0x42
	.byte 0x03, 0xD0, 0xE0, 0x88, 0x01, 0x40, 0x99, 0x42, 0x30, 0xD1, 0x0F, 0x22, 0x10, 0x1C, 0x28, 0x40
	.byte 0x05, 0x28, 0x62, 0xD1, 0xE1, 0x88, 0x10, 0x1C, 0x08, 0x40, 0x05, 0x28, 0x5D, 0xD1, 0x0E, 0x48
	.byte 0x00, 0x68, 0x0E, 0x49, 0x40, 0x18, 0x00, 0x24, 0x04, 0x57, 0x00, 0x2C, 0x55, 0xD1, 0x15, 0xF0
	.byte 0xE1, 0xFD, 0x70, 0xF0, 0xD7, 0xF9, 0x0A, 0x48, 0x04, 0x80, 0x0A, 0x48, 0x04, 0x80, 0x0A, 0x48
	.byte 0x00, 0x21, 0x51, 0xF7, 0x63, 0xFA, 0x48, 0xE0, 0x58, 0x9B, 0x03, 0x02, 0xF0, 0xFF, 0x00, 0x00
	.byte 0x10, 0x98, 0x03, 0x02, 0xF0, 0xC2, 0x00, 0x00, 0x40, 0x4B, 0x03, 0x02, 0x16, 0x04, 0x00, 0x00
	.byte 0xEC, 0xA9, 0x03, 0x02, 0xF0, 0xA9, 0x03, 0x02, 0x08, 0x13, 0xEF, 0x09, 0xF9, 0x20, 0x40, 0x01
	.byte 0x82, 0x42, 0x1B, 0xD1, 0x0A, 0x4C, 0x20, 0x68, 0x0A, 0x4A, 0x80, 0x18, 0x0A, 0x21, 0x01, 0x70
	.byte 0x09, 0x48, 0x00, 0x68, 0x00, 0x28, 0x28, 0xD1, 0x67, 0x20, 0x70, 0xF0, 0x11, 0xF9, 0x20, 0x68
	.byte 0xDA, 0x21, 0x49, 0x00, 0x40, 0x18, 0x01, 0x21, 0x01, 0x70, 0x21, 0x68, 0x1B, 0xE0, 0x00, 0x00
	.byte 0x40, 0x4B, 0x03, 0x02, 0x16, 0x04, 0x00, 0x00, 0x28, 0x98, 0x03, 0x02, 0x81, 0x42, 0x14, 0xD1
	.byte 0x15, 0x4D, 0x28, 0x68, 0x15, 0x4A, 0x80, 0x18, 0x0A, 0x21, 0x01, 0x70, 0x14, 0x48, 0x04, 0x68
	.byte 0x01, 0x2C, 0x0A, 0xD1, 0x67, 0x20, 0x70, 0xF0, 0xF3, 0xF8, 0x28, 0x68, 0xDA, 0x21, 0x49, 0x00
	.byte 0x40, 0x18, 0x04, 0x70, 0x29, 0x68, 0x06, 0x20, 0x88, 0x70, 0x00, 0xF0, 0xCB, 0xFC, 0x01, 0xF0
	.byte 0xE1, 0xF9, 0x00, 0xF0, 0x17, 0xFD, 0x00, 0xF0, 0xE5, 0xFD, 0x07, 0x48, 0x00, 0x68, 0x07, 0x4A
	.byte 0x81, 0x18, 0x0A, 0x78, 0x00, 0x20, 0x08, 0x56, 0x00, 0x28, 0x01, 0xDD, 0x50, 0x1E, 0x08, 0x70
	.byte 0x30, 0xBC, 0x01, 0xBC, 0x00, 0x47, 0x00, 0x00, 0x40, 0x4B, 0x03, 0x02, 0x16, 0x04, 0x00, 0x00
	.byte 0x28, 0x98, 0x03, 0x02, 0x10, 0xB5, 0x0C, 0x49, 0x06, 0x20, 0x48, 0x80, 0x51, 0xF7, 0x58, 0xFB
	.byte 0x40, 0x21, 0x01, 0x40, 0x00, 0x29, 0x13, 0xD0, 0x65, 0x20, 0x70, 0xF0, 0xC1, 0xF8, 0x07, 0x4A
	.byte 0x11, 0x68, 0x08, 0x78, 0x01, 0x38, 0x08, 0x70, 0x12, 0x68, 0x00, 0x20, 0x10, 0x56, 0x00, 0x28
	.byte 0x1B, 0xDA, 0x02, 0x20, 0x18, 0xE0, 0x00, 0x00, 0x58, 0x9B, 0x03, 0x02, 0x40, 0x4B, 0x03, 0x02
	.byte 0x51, 0xF7, 0x3E, 0xFB, 0x80, 0x21, 0x01, 0x40, 0x00, 0x29, 0x0E, 0xD0, 0x65, 0x20, 0x70, 0xF0
	.byte 0xA7, 0xF8, 0x11, 0x4A, 0x11, 0x68, 0x08, 0x78, 0x01, 0x30, 0x08, 0x70, 0x12, 0x68, 0x00, 0x20
	.byte 0x10, 0x56, 0x02, 0x28, 0x01, 0xDD, 0x00, 0x20, 0x10, 0x70, 0x51, 0xF7, 0x29, 0xFB, 0x80, 0x21
	.byte 0x89, 0x00, 0x01, 0x40, 0x00, 0x29, 0x15, 0xD0, 0x08, 0x49, 0x08, 0x78, 0x01, 0x28, 0x1C, 0xD0
	.byte 0x07, 0x48, 0x00, 0x78, 0x00, 0x06, 0x00, 0x16, 0x01, 0x38, 0x00, 0x06, 0x02, 0x0E, 0x00, 0x28
	.byte 0x26, 0xDC, 0x0A, 0x78, 0x24, 0xE0, 0x00, 0x00, 0x40, 0x4B, 0x03, 0x02, 0x88, 0xAA, 0x03, 0x02
	.byte 0x00, 0xAA, 0x03, 0x02, 0x51, 0xF7, 0x0C, 0xFB, 0x80, 0x21, 0x49, 0x00, 0x01, 0x40, 0x00, 0x29
	.byte 0x22, 0xD0, 0x04, 0x49, 0x08, 0x78, 0x01, 0x28, 0x06, 0xD1, 0x69, 0x20, 0x70, 0xF0, 0x70, 0xF8
	.byte 0x1F, 0xE0, 0x00, 0x00, 0x88, 0xAA, 0x03, 0x02, 0x09, 0x48, 0x00, 0x78, 0x00, 0x06, 0x00, 0x16
	.byte 0x01, 0x30, 0x00, 0x06, 0x02, 0x0E, 0x00, 0x16, 0x09, 0x78, 0x88, 0x42, 0x00, 0xDD, 0x01, 0x22
	.byte 0x04, 0x48, 0x0F, 0x21, 0x11, 0x40, 0x82, 0x88, 0x11, 0x43, 0x81, 0x80, 0x09, 0xE0, 0x00, 0x00
	.byte 0x00, 0xAA, 0x03, 0x02, 0x58, 0x9B, 0x03, 0x02, 0x0C, 0x4A, 0x91, 0x88, 0x0C, 0x48, 0x08, 0x40
	.byte 0x90, 0x80, 0x51, 0xF7, 0xDD, 0xFA, 0x01, 0x24, 0x04, 0x40, 0x00, 0x2C, 0x6E, 0xD0, 0x66, 0x20
	.byte 0x70, 0xF0, 0x46, 0xF8, 0x07, 0x4A, 0x11, 0x68, 0x00, 0x20, 0x08, 0x56, 0x01, 0x28, 0x4F, 0xD0
	.byte 0x01, 0x28, 0x09, 0xDC, 0x00, 0x28, 0x0A, 0xD0, 0x72, 0xE0, 0x00, 0x00, 0x58, 0x9B, 0x03, 0x02
	.byte 0xF0, 0xFF, 0x00, 0x00, 0x40, 0x4B, 0x03, 0x02, 0x02, 0x28, 0x49, 0xD0, 0x68, 0xE0, 0x03, 0x48
	.byte 0x00, 0x68, 0x00, 0x28, 0x08, 0xD1, 0x02, 0x49, 0x02, 0x48, 0x07, 0xE0, 0x28, 0x98, 0x03, 0x02
	.byte 0x58, 0x9B, 0x03, 0x02, 0xCF, 0x2F, 0x00, 0x00, 0x12, 0x49, 0x13, 0x48, 0x48, 0x80, 0x13, 0x4C
	.byte 0x20, 0x68, 0xDA, 0x21, 0x49, 0x00, 0x40, 0x18, 0x00, 0x21, 0x01, 0x70, 0x20, 0x68, 0x8A, 0x22
	.byte 0x92, 0x00, 0x80, 0x18, 0x01, 0x21, 0x01, 0x70, 0x0D, 0x48, 0x21, 0x68, 0x04, 0x32, 0x89, 0x18
	.byte 0xB5, 0xF7, 0x8C, 0xFE, 0x21, 0x68, 0x0B, 0x4A, 0x89, 0x18, 0x08, 0x70, 0x21, 0x68, 0x0A, 0x48
	.byte 0x0A, 0x18, 0x41, 0x20, 0x10, 0x80, 0x09, 0x48, 0x0A, 0x18, 0x7C, 0x20, 0x10, 0x80, 0x09, 0x20
	.byte 0x35, 0xE0, 0x00, 0x00, 0x58, 0x9B, 0x03, 0x02, 0xD6, 0x6A, 0x00, 0x00, 0x40, 0x4B, 0x03, 0x02
	.byte 0x0C, 0xA2, 0x15, 0x08, 0x29, 0x02, 0x00, 0x00, 0x12, 0x04, 0x00, 0x00, 0x14, 0x04, 0x00, 0x00
	.byte 0x02, 0x48, 0x00, 0x21, 0x51, 0xF7, 0x1A, 0xF9, 0x22, 0xE0, 0x00, 0x00, 0x04, 0x27, 0xEE, 0x09
	.byte 0xF0, 0x20, 0x40, 0x00, 0x09, 0x18, 0x00, 0x20, 0x08, 0x70, 0x10, 0x68, 0xFC, 0x21, 0x49, 0x00
	.byte 0x40, 0x18, 0x01, 0x21, 0x01, 0x70, 0x11, 0x68, 0x07, 0x20, 0x10, 0xE0, 0x51, 0xF7, 0x68, 0xFA
	.byte 0x02, 0x21, 0x01, 0x40, 0x00, 0x29, 0x0B, 0xD0, 0x68, 0x20, 0x6F, 0xF0, 0xD1, 0xFF, 0x0A, 0x49
	.byte 0x08, 0x68, 0xDA, 0x22, 0x52, 0x00, 0x80, 0x18, 0x04, 0x70, 0x09, 0x68, 0x05, 0x20, 0x88, 0x70
	.byte 0x00, 0xF0, 0xA8, 0xFB, 0x01, 0xF0, 0xBE, 0xF8, 0x00, 0xF0, 0xF4, 0xFB, 0x00, 0xF0, 0xC2, 0xFC
	.byte 0x10, 0xBC, 0x01, 0xBC, 0x00, 0x47, 0x00, 0x00, 0x40, 0x4B, 0x03, 0x02, 0x10, 0xB5, 0x51, 0xF7
	.byte 0x47, 0xFA, 0x20, 0x21, 0x01, 0x40, 0x00, 0x29, 0x1A, 0xD0, 0x09, 0x4C, 0x20, 0x68, 0x09, 0x49
	.byte 0x40, 0x18, 0x00, 0x78, 0x00, 0x06, 0x00, 0x16, 0x01, 0x28, 0x0D, 0xDD, 0x65, 0x20, 0x6F, 0xF0
	.byte 0xA7, 0xFF, 0x21, 0x68, 0x03, 0x4A, 0x89, 0x18, 0x08, 0x78, 0x01, 0x38, 0x08, 0x70, 0x28, 0xE0
	.byte 0x40, 0x4B, 0x03, 0x02, 0x16, 0x02, 0x00, 0x00, 0x69, 0x20, 0x6F, 0xF0, 0x99, 0xFF, 0x20, 0xE0
	.byte 0x51, 0xF7, 0x26, 0xFA, 0x10, 0x21, 0x01, 0x40, 0x00, 0x29, 0x1A, 0xD0, 0x09, 0x4C, 0x20, 0x68
	.byte 0x09, 0x49, 0x40, 0x18, 0x00, 0x78, 0x00, 0x06, 0x00, 0x16, 0x0A, 0x28, 0x0E, 0xDC, 0x65, 0x20
	.byte 0x6F, 0xF0, 0x86, 0xFF, 0x21, 0x68, 0x04, 0x4A, 0x89, 0x18, 0x08, 0x78, 0x01, 0x30, 0x08, 0x70
	.byte 0x07, 0xE0, 0x00, 0x00, 0x40, 0x4B, 0x03, 0x02, 0x16, 0x02, 0x00, 0x00, 0x69, 0x20, 0x6F, 0xF0
	.byte 0x77, 0xFF, 0x06, 0x48, 0x00, 0x68, 0x00, 0x28, 0x10, 0xD1, 0x05, 0x49, 0x05, 0x48, 0x00, 0x68
	.byte 0x05, 0x4A, 0x80, 0x18, 0x00, 0x78, 0x08, 0x70, 0x0F, 0xE0, 0x00, 0x00, 0x28, 0x98, 0x03, 0x02
	.byte 0x58, 0xAA, 0x03, 0x02, 0x40, 0x4B, 0x03, 0x02, 0x16, 0x02, 0x00, 0x00, 0x15, 0x49, 0x16, 0x48
	.byte 0x00, 0x68, 0x16, 0x4A, 0x80, 0x18, 0x00, 0x78, 0x48, 0x70, 0x51, 0xF7, 0xE9, 0xF9, 0x03, 0x21
	.byte 0x01, 0x40, 0x00, 0x29, 0x12, 0xD0, 0x68, 0x20, 0x6F, 0xF0, 0x52, 0xFF, 0x0E, 0x4A, 0x10, 0x68
	.byte 0xF0, 0x21, 0x49, 0x00, 0x40, 0x18, 0x00, 0x23, 0x01, 0x21, 0x01, 0x70, 0x10, 0x68, 0xFC, 0x21
	.byte 0x49, 0x00, 0x40, 0x18, 0x03, 0x70, 0x11, 0x68, 0x06, 0x20, 0x88, 0x70, 0x00, 0xF0, 0x22, 0xFB
	.byte 0x01, 0xF0, 0x38, 0xF8, 0x00, 0xF0, 0x6E, 0xFB, 0x00, 0xF0, 0x3C, 0xFC, 0x10, 0xBC, 0x01, 0xBC
	.byte 0x00, 0x47, 0x00, 0x00, 0x58, 0xAA, 0x03, 0x02, 0x40, 0x4B, 0x03, 0x02, 0x16, 0x02, 0x00, 0x00
	.byte 0xF0, 0xB5, 0x57, 0x46, 0x4E, 0x46, 0x45, 0x46, 0xE0, 0xB4, 0x0E, 0x49, 0x0E, 0x48, 0x00, 0x78
	.byte 0x00, 0x06, 0x00, 0x16, 0x40, 0x18, 0x02, 0x78, 0x0C, 0x48, 0x00, 0x78, 0x00, 0x06, 0x00, 0x16
	.byte 0x40, 0x18, 0x07, 0x78, 0x0A, 0x48, 0x06, 0x68, 0x82, 0x21, 0xC9, 0x00, 0x74, 0x18, 0x00, 0x23
	.byte 0xE3, 0x56, 0x82, 0x46, 0x01, 0x2B, 0x2F, 0xD0, 0x01, 0x2B, 0x0B, 0xDC, 0x00, 0x2B, 0x0E, 0xD0
	.byte 0xC2, 0xE0, 0x00, 0x00, 0xA0, 0xAA, 0x03, 0x02, 0x90, 0xAA, 0x03, 0x02, 0x00, 0xAA, 0x03, 0x02
	.byte 0x40, 0x4B, 0x03, 0x02, 0x02, 0x2B, 0x41, 0xD0, 0x03, 0x2B, 0x73, 0xD0, 0xB4, 0xE0, 0xF0, 0x88
	.byte 0x01, 0x30, 0xF0, 0x80, 0x00, 0x04, 0x00, 0x14, 0x01, 0x28, 0x00, 0xDC, 0xB0, 0xE0, 0xF3, 0x80
	.byte 0xB1, 0x88, 0x04, 0x23, 0xF0, 0x5E, 0x1F, 0x28, 0x05, 0xDD, 0x20, 0x20, 0xB0, 0x80, 0x20, 0x78
	.byte 0x01, 0x30, 0x20, 0x70, 0xA4, 0xE0, 0x08, 0x1C, 0x08, 0x30, 0xB0, 0x80, 0x01, 0x4B, 0x12, 0x06
	.byte 0x8A, 0xE0, 0x00, 0x00, 0x18, 0x13, 0xEF, 0x09, 0x0F, 0x4D, 0x3C, 0x06, 0xE4, 0x14, 0x28, 0x1C
	.byte 0x10, 0x30, 0x20, 0x18, 0x00, 0x68, 0xA0, 0x21, 0xC9, 0x04, 0x66, 0x19, 0xB2, 0x8A, 0x20, 0x23
	.byte 0x57, 0xF7, 0x1C, 0xFC, 0x08, 0x35, 0x64, 0x19, 0x21, 0x68, 0xB2, 0x89, 0x02, 0x20, 0x55, 0xF7
	.byte 0x1D, 0xF8, 0x34, 0x68, 0x02, 0x20, 0x55, 0xF7, 0x2B, 0xF8, 0x01, 0x1C, 0x80, 0x22, 0x92, 0x01
	.byte 0x20, 0x1C, 0x54, 0xF7, 0x67, 0xF9, 0x46, 0xE0, 0x18, 0x13, 0xEF, 0x09, 0x16, 0x4B, 0x98, 0x46
	.byte 0x3D, 0x06, 0xED, 0x14, 0x28, 0x1C, 0x40, 0x44, 0x81, 0x46, 0x04, 0x68, 0x80, 0x26, 0xB6, 0x01
	.byte 0xA4, 0x19, 0x02, 0x20, 0x55, 0xF7, 0x14, 0xF8, 0x01, 0x1C, 0x89, 0x19, 0x0F, 0x4B, 0x1A, 0x1C
	.byte 0x48, 0x46, 0x80, 0x88, 0x12, 0x18, 0x12, 0x04, 0x12, 0x0C, 0x20, 0x1C, 0x54, 0xF7, 0x4A, 0xF9
	.byte 0x18, 0x21, 0x88, 0x44, 0x45, 0x44, 0x28, 0x68, 0x52, 0x46, 0x11, 0x68, 0x54, 0x31, 0xB5, 0xF7
	.byte 0x1D, 0xFD, 0x53, 0x46, 0x19, 0x68, 0x50, 0x31, 0x08, 0x70, 0x18, 0x68, 0x04, 0x49, 0x40, 0x18
	.byte 0x07, 0x70, 0x19, 0x68, 0x19, 0xE0, 0x00, 0x00, 0x18, 0x13, 0xEF, 0x09, 0x00, 0xE0, 0xFF, 0xFF
	.byte 0x17, 0x04, 0x00, 0x00, 0xF0, 0x88, 0x01, 0x30, 0x00, 0x22, 0xF0, 0x80, 0x00, 0x04, 0x00, 0x14
	.byte 0x01, 0x28, 0x3D, 0xDD, 0xF2, 0x80, 0xB1, 0x88, 0x04, 0x23, 0xF0, 0x5E, 0x00, 0x28, 0x0B, 0xDC
	.byte 0xB2, 0x80, 0x01, 0xF0, 0x2D, 0xF9, 0x50, 0x46, 0x01, 0x68, 0x82, 0x22, 0xD2, 0x00, 0x89, 0x18
	.byte 0x08, 0x78, 0x01, 0x30, 0x08, 0x70, 0x2B, 0xE0, 0x08, 0x1C, 0x08, 0x38, 0xB0, 0x80, 0x00, 0x04
	.byte 0x00, 0x28, 0x0F, 0xD1, 0x06, 0x4B, 0x3A, 0x06, 0xD2, 0x14, 0x18, 0x1C, 0x10, 0x30, 0x10, 0x18
	.byte 0x00, 0x68, 0xA0, 0x21, 0xC9, 0x04, 0xD2, 0x18, 0x92, 0x8A, 0x57, 0xF7, 0x29, 0xFE, 0x17, 0xE0
	.byte 0x18, 0x13, 0xEF, 0x09, 0x07, 0x4B, 0x3A, 0x06, 0xD2, 0x14, 0x18, 0x1C, 0x10, 0x30, 0x10, 0x18
	.byte 0x00, 0x68, 0xA0, 0x21, 0xC9, 0x04, 0xD2, 0x18, 0x92, 0x8A, 0xB3, 0x88, 0x57, 0xF7, 0x96, 0xFB
	.byte 0x06, 0xE0, 0x00, 0x00, 0x18, 0x13, 0xEF, 0x09, 0x53, 0x46, 0x19, 0x68, 0x48, 0x78, 0x88, 0x70
	.byte 0x00, 0xF0, 0x28, 0xFA, 0x00, 0xF0, 0x3E, 0xFF, 0x00, 0xF0, 0x44, 0xFB, 0x38, 0xBC, 0x98, 0x46
	.byte 0xA1, 0x46, 0xAA, 0x46, 0xF0, 0xBC, 0x01, 0xBC, 0x00, 0x47, 0x00, 0x00, 0x10, 0xB5, 0x03, 0x48
	.byte 0x00, 0x68, 0x00, 0x28, 0x08, 0xD1, 0x02, 0x49, 0x02, 0x48, 0x07, 0xE0, 0x28, 0x98, 0x03, 0x02
	.byte 0x58, 0x9B, 0x03, 0x02, 0xCF, 0x2F, 0x00, 0x00, 0x1A, 0x49, 0x1B, 0x48, 0x48, 0x80, 0x1B, 0x4C
	.byte 0x21, 0x68, 0x1B, 0x4A, 0x88, 0x18, 0x00, 0x78, 0x00, 0x06, 0x00, 0x16, 0x01, 0x28, 0x1D, 0xD1
	.byte 0x01, 0x32, 0x88, 0x18, 0x00, 0x78, 0x00, 0x06, 0x00, 0x16, 0x01, 0x28, 0x16, 0xD1, 0x00, 0x20
	.byte 0xC8, 0x80, 0x14, 0x48, 0x14, 0x32, 0x89, 0x18, 0xB5, 0xF7, 0x90, 0xFC, 0x21, 0x68, 0x12, 0x4A
	.byte 0x89, 0x18, 0x08, 0x70, 0x21, 0x68, 0x11, 0x48, 0x0A, 0x18, 0x44, 0x20, 0x10, 0x80, 0x10, 0x48
	.byte 0x0A, 0x18, 0x77, 0x20, 0x10, 0x80, 0x88, 0x78, 0x01, 0x30, 0x88, 0x70, 0x00, 0xF0, 0xE2, 0xF9
	.byte 0x00, 0xF0, 0xF8, 0xFE, 0x00, 0xF0, 0x2E, 0xFA, 0x00, 0xF0, 0xFC, 0xFA, 0x10, 0xBC, 0x01, 0xBC
	.byte 0x00, 0x47, 0x00, 0x00, 0x58, 0x9B, 0x03, 0x02, 0xD6, 0x6A, 0x00, 0x00, 0x40, 0x4B, 0x03, 0x02
	.byte 0x17, 0x02, 0x00, 0x00, 0x3C, 0xA2, 0x15, 0x08, 0x29, 0x02, 0x00, 0x00, 0x12, 0x04, 0x00, 0x00
	.byte 0x14, 0x04, 0x00, 0x00, 0x30, 0xB5, 0x51, 0xF7, 0x73, 0xF8, 0x01, 0x21, 0x01, 0x40, 0x00, 0x29
	.byte 0x06, 0xD0, 0x01, 0x49, 0x01, 0x48, 0x0B, 0xE0, 0x58, 0x9B, 0x03, 0x02, 0x26, 0xA9, 0x00, 0x00
	.byte 0x51, 0xF7, 0x66, 0xF8, 0x02, 0x21, 0x01, 0x40, 0x00, 0x29, 0x02, 0xD0, 0x13, 0x49, 0x14, 0x48
	.byte 0x48, 0x80, 0x14, 0x49, 0x8A, 0x88, 0x14, 0x48, 0x82, 0x42, 0x02, 0xD0, 0xC9, 0x88, 0x81, 0x42
	.byte 0x2E, 0xD1, 0x6A, 0x20, 0x6F, 0xF0, 0xC4, 0xFD, 0x10, 0x4C, 0x21, 0x68, 0x00, 0x20, 0xC8, 0x80
	.byte 0x0F, 0x48, 0x8B, 0x22, 0x92, 0x00, 0x89, 0x18, 0xB5, 0xF7, 0x38, 0xFC, 0x21, 0x68, 0x0D, 0x4A
	.byte 0x89, 0x18, 0x08, 0x70, 0x21, 0x68, 0x0C, 0x48, 0x0A, 0x18, 0x48, 0x20, 0x10, 0x80, 0x0B, 0x48
	.byte 0x0A, 0x18, 0x7C, 0x20, 0x10, 0x80, 0x88, 0x78, 0x01, 0x30, 0x26, 0xE0, 0x58, 0x9B, 0x03, 0x02
	.byte 0x42, 0xDD, 0x00, 0x00, 0x10, 0x98, 0x03, 0x02, 0x26, 0xA9, 0x00, 0x00, 0x40, 0x4B, 0x03, 0x02
	.byte 0xD4, 0xB3, 0x15, 0x08, 0x29, 0x02, 0x00, 0x00, 0x12, 0x04, 0x00, 0x00, 0x14, 0x04, 0x00, 0x00
	.byte 0x0C, 0x48, 0x82, 0x42, 0x01, 0xD0, 0x81, 0x42, 0x10, 0xD1, 0x0B, 0x4C, 0x20, 0x68, 0x0B, 0x49
	.byte 0x40, 0x18, 0x00, 0x25, 0x0A, 0x21, 0x01, 0x70, 0x68, 0x20, 0x6F, 0xF0, 0x89, 0xFD, 0x20, 0x68
	.byte 0xC5, 0x80, 0x00, 0xF0, 0xFF, 0xFF, 0x21, 0x68, 0x05, 0x20, 0x88, 0x70, 0x30, 0xBC, 0x01, 0xBC
	.byte 0x00, 0x47, 0x00, 0x00, 0x42, 0xDD, 0x00, 0x00, 0x40, 0x4B, 0x03, 0x02, 0x16, 0x04, 0x00, 0x00
	.byte 0x10, 0xB5, 0x0B, 0x4C, 0x21, 0x68, 0xC8, 0x88, 0x01, 0x30, 0xC8, 0x80, 0x00, 0x04, 0x00, 0x14
	.byte 0x09, 0x28, 0x09, 0xDD, 0x07, 0x48, 0x08, 0x49, 0x15, 0xF0, 0x12, 0xFD, 0x15, 0xF0, 0xFA, 0xFD
	.byte 0x21, 0x68, 0x88, 0x78, 0x01, 0x30, 0x88, 0x70, 0x10, 0xBC, 0x01, 0xBC, 0x00, 0x47, 0x00, 0x00
	.byte 0x40, 0x4B, 0x03, 0x02, 0x09, 0x60, 0x0C, 0x08, 0xD9, 0x60, 0x0C, 0x08, 0x05, 0x48, 0x00, 0x78
	.byte 0x02, 0x28, 0x06, 0xD1, 0x04, 0x48, 0x01, 0x68, 0x00, 0x20, 0xC8, 0x80, 0x88, 0x78, 0x01, 0x30
	.byte 0x88, 0x70, 0x70, 0x47, 0x60, 0x9B, 0x03, 0x02, 0x40, 0x4B, 0x03, 0x02, 0x10, 0xB5, 0x0C, 0x4C
	.byte 0x21, 0x68, 0xC8, 0x88, 0x01, 0x30, 0xC8, 0x80, 0x00, 0x04, 0x00, 0x14, 0x04, 0x28, 0x0B, 0xDD
	.byte 0x00, 0x20, 0xC8, 0x80, 0x07, 0x48, 0x08, 0x49, 0x15, 0xF0, 0xE2, 0xFC, 0x15, 0xF0, 0x80, 0xFC
	.byte 0x21, 0x68, 0x88, 0x78, 0x01, 0x30, 0x88, 0x70, 0x10, 0xBC, 0x01, 0xBC, 0x00, 0x47, 0x00, 0x00
	.byte 0x40, 0x4B, 0x03, 0x02, 0x51, 0x5D, 0x0C, 0x08, 0x81, 0x5D, 0x0C, 0x08, 0x07, 0x48, 0x01, 0x68
	.byte 0xC8, 0x88, 0x01, 0x30, 0xC8, 0x80, 0x00, 0x04, 0x00, 0x14, 0x1E, 0x28, 0x04, 0xDD, 0x00, 0x20
	.byte 0xC8, 0x80, 0x88, 0x78, 0x01, 0x30, 0x88, 0x70, 0x70, 0x47, 0x00, 0x00, 0x40, 0x4B, 0x03, 0x02
	.byte 0x0E, 0x48, 0x03, 0x68, 0xD8, 0x88, 0x01, 0x30, 0xD8, 0x80, 0x00, 0x04, 0x00, 0x14, 0x14, 0x28
	.byte 0x13, 0xDD, 0x0B, 0x48, 0x0B, 0x49, 0x41, 0x80, 0x0B, 0x48, 0x82, 0x88, 0x8A, 0x42, 0x0C, 0xD1
	.byte 0xC0, 0x88, 0x90, 0x42, 0x09, 0xD1, 0x00, 0x20, 0xD8, 0x80, 0x08, 0x4A, 0x11, 0x88, 0x08, 0x48
	.byte 0x08, 0x40, 0x10, 0x80, 0x98, 0x78, 0x01, 0x30, 0x98, 0x70, 0x70, 0x47, 0x40, 0x4B, 0x03, 0x02
	.byte 0x58, 0x9B, 0x03, 0x02, 0xD2, 0x7C, 0x00, 0x00, 0x10, 0x98, 0x03, 0x02, 0x78, 0x6C, 0x00, 0x03
	.byte 0xEF, 0xFF, 0x00, 0x00, 0x00, 0xB5, 0x0D, 0x48, 0x01, 0x68, 0xC8, 0x88, 0x01, 0x30, 0xC8, 0x80
	.byte 0x00, 0x04, 0x00, 0x14, 0x04, 0x28, 0x1F, 0xDD, 0x00, 0x20, 0xC8, 0x80, 0x08, 0x48, 0x09, 0x49
	.byte 0x15, 0xF0, 0x86, 0xFC, 0x00, 0xF0, 0x30, 0xFD, 0x07, 0x48, 0x00, 0x68, 0x00, 0x28, 0x0F, 0xD1
	.byte 0x06, 0x48, 0x00, 0x21, 0x50, 0xF7, 0x02, 0xFE, 0x0E, 0xE0, 0x00, 0x00, 0x40, 0x4B, 0x03, 0x02
	.byte 0x59, 0x5E, 0x0C, 0x08, 0xCD, 0x5E, 0x0C, 0x08, 0x28, 0x98, 0x03, 0x02, 0x98, 0x9B, 0xED, 0x09
	.byte 0x02, 0x48, 0x01, 0x21, 0x50, 0xF7, 0xF2, 0xFD, 0x01, 0xBC, 0x00, 0x47, 0x98, 0x9B, 0xED, 0x09
	thumb_func_start mode_sio_btl_option_2
mode_sio_btl_option_2: @ 080B04F0
	push {r4, lr}
	ldr r4, _080B062C @ =0x02034B40
	ldr r0, [r4, #0x00]
	ldr r0, [r0, #0x08]
	bl func_080028C0
	ldr r0, [r4, #0x00]
	ldr r0, [r0, #0x10]
	bl func_08002C10
	ldr r0, [r4, #0x00]
	ldr r0, [r0, #0x0C]
	bl func_080028C0
	ldr r0, [r4, #0x00]
	ldr r0, [r0, #0x14]
	bl func_08002C10
	ldr r0, [r4, #0x00]
	adds r0, #0xF4
	ldr r0, [r0, #0x00]
	bl func_08002C10
	ldr r0, [r4, #0x00]
	movs r1, #0xA6
	lsls r1, r1, #0x01
	adds r0, r0, r1
	ldr r0, [r0, #0x00]
	bl func_08002C10
	ldr r0, [r4, #0x00]
	movs r1, #0xD2
	lsls r1, r1, #0x01
	adds r0, r0, r1
	ldr r0, [r0, #0x00]
	bl func_08002C10
	ldr r0, [r4, #0x00]
	ldr r1, _080B0630 @ =0x0000040C
	adds r0, r0, r1
	ldr r0, [r0, #0x00]
	bl func_08002C10
	ldr r0, [r4, #0x00]
	adds r0, #0x54
	movs r1, #0x14
	bl func_08065AE0
	ldr r0, [r4, #0x00]
	adds r0, #0xFC
	movs r1, #0x0A
	bl func_08065AE0
	ldr r0, [r4, #0x00]
	movs r1, #0xAA
	lsls r1, r1, #0x01
	adds r0, r0, r1
	movs r1, #0x0A
	bl func_08065AE0
	ldr r0, [r4, #0x00]
	movs r1, #0x8B
	lsls r1, r1, #0x02
	adds r0, r0, r1
	movs r1, #0x3C
	bl func_08065AE0
	ldr r0, [r4, #0x00]
	movs r1, #0xD4
	lsls r1, r1, #0x01
	adds r0, r0, r1
	ldr r0, [r0, #0x00]
	bl func_080028C0
	ldr r0, [r4, #0x00]
	movs r1, #0xD6
	lsls r1, r1, #0x01
	adds r0, r0, r1
	ldr r0, [r0, #0x00]
	bl func_08002C10
	ldr r0, [r4, #0x00]
	movs r1, #0xDC
	lsls r1, r1, #0x01
	adds r0, r0, r1
	ldr r0, [r0, #0x00]
	bl func_080028C0
	ldr r0, [r4, #0x00]
	movs r1, #0xDE
	lsls r1, r1, #0x01
	adds r0, r0, r1
	ldr r0, [r0, #0x00]
	bl func_08002C10
	ldr r0, [r4, #0x00]
	movs r1, #0x87
	lsls r1, r1, #0x02
	adds r0, r0, r1
	ldr r0, [r0, #0x00]
	bl func_080028C0
	ldr r0, [r4, #0x00]
	movs r1, #0x88
	lsls r1, r1, #0x02
	adds r0, r0, r1
	ldr r0, [r0, #0x00]
	bl func_08002C10
	ldr r0, [r4, #0x00]
	movs r1, #0xF2
	lsls r1, r1, #0x01
	adds r0, r0, r1
	ldr r0, [r0, #0x00]
	bl func_080028C0
	ldr r0, [r4, #0x00]
	movs r1, #0xF4
	lsls r1, r1, #0x01
	adds r0, r0, r1
	ldr r0, [r0, #0x00]
	bl func_08002C10
	ldr r0, [r4, #0x00]
	movs r1, #0xFE
	lsls r1, r1, #0x01
	adds r0, r0, r1
	ldr r0, [r0, #0x00]
	bl func_080028C0
	ldr r0, [r4, #0x00]
	movs r1, #0x83
	lsls r1, r1, #0x02
	adds r0, r0, r1
	ldr r0, [r0, #0x00]
	bl func_08002C10
	ldr r0, [r4, #0x00]
	movs r1, #0x80
	lsls r1, r1, #0x02
	adds r0, r0, r1
	ldr r0, [r0, #0x00]
	bl func_080028C0
	ldr r0, [r4, #0x00]
	movs r1, #0x84
	lsls r1, r1, #0x02
	adds r0, r0, r1
	ldr r0, [r0, #0x00]
	bl func_08002C10
	ldr r0, [r4, #0x00]
	bl func_080009C4
	pop {r4}
	pop {r0}
	bx r0
	.byte 0x00, 0x00
_080B062C: .4byte 0x02034B40
_080B0630: .4byte 0x0000040C
	thumb_func_start func_080B0634
func_080B0634: @ 080B0634
	push {r4, r5, r6, lr}
	ldr r0, _080B06B0 @ =0x02039810
	ldrh r2, [r0, #0x04]
	ldr r1, _080B06B4 @ =0x00002FCF
	adds r6, r0, #0x0
	cmp r2, r1
	bne _080B0670
	ldr r0, _080B06B8 @ =0x096B2724
	ldr r1, _080B06BC @ =0x06000020
	movs r2, #0xC0
	bl func_080043B4
	ldr r5, _080B06C0 @ =0x02034B40
	ldr r0, [r5, #0x00]
	ldr r4, _080B06C4 @ =0x00000217
	adds r0, r0, r4
	ldrb r0, [r0, #0x00]
	lsls r0, r0, #0x18
	asrs r0, r0, #0x18
	cmp r0, #0x00
	bne _080B0668
	movs r0, #0x00
	movs r1, #0x01
	movs r2, #0x01
	bl func_080AEED8
_080B0668:
	ldr r0, [r5, #0x00]
	adds r0, r0, r4
	movs r1, #0x01
	strb r1, [r0, #0x00]
_080B0670:
	ldrh r1, [r6, #0x06]
	ldr r0, _080B06C8 @ =0x00006AD6
	cmp r1, r0
	bne _080B06A8
	ldr r0, _080B06CC @ =0x096B2B24
	ldr r1, _080B06D0 @ =0x06000300
	movs r2, #0xC0
	bl func_080043B4
	ldr r5, _080B06C0 @ =0x02034B40
	ldr r0, [r5, #0x00]
	movs r4, #0x86
	lsls r4, r4, #0x02
	adds r0, r0, r4
	ldrb r0, [r0, #0x00]
	lsls r0, r0, #0x18
	asrs r0, r0, #0x18
	cmp r0, #0x00
	bne _080B06A0
	movs r0, #0x01
	movs r1, #0x01
	movs r2, #0x01
	bl func_080AEED8
_080B06A0:
	ldr r0, [r5, #0x00]
	adds r0, r0, r4
	movs r1, #0x01
	strb r1, [r0, #0x00]
_080B06A8:
	pop {r4, r5, r6}
	pop {r0}
	bx r0
	.byte 0x00, 0x00
_080B06B0: .4byte 0x02039810
_080B06B4: .4byte 0x00002FCF
_080B06B8: .4byte 0x096B2724
_080B06BC: .4byte 0x06000020
_080B06C0: .4byte 0x02034B40
_080B06C4: .4byte 0x00000217
_080B06C8: .4byte 0x00006AD6
_080B06CC: .4byte 0x096B2B24
_080B06D0: .4byte 0x06000300
	thumb_func_start func_080B06D4
func_080B06D4: @ 080B06D4
	push {r4, r5, r6, r7, lr}
	ldr r2, _080B070C @ =0x02039810
	ldrb r0, [r2, #0x08]
	movs r1, #0x0F
	adds r5, r1, #0x0
	ands r5, r0
	adds r7, r5, #0x0
	ldrb r0, [r2, #0x0A]
	ands r1, r0
	adds r6, r1, #0x0
	adds r3, r5, #0x0
	cmp r3, #0x00
	bne _080B06F2
	cmp r1, #0x00
	beq _080B0748
_080B06F2:
	cmp r3, #0x0C
	bgt _080B0748
	adds r2, r1, #0x0
	cmp r2, #0x0C
	bgt _080B0748
	ldr r1, _080B0710 @ =0x0203AA90
	ldr r4, _080B0714 @ =0x0203AA00
	ldrb r0, [r4, #0x00]
	strb r0, [r1, #0x00]
	cmp r3, r2
	ble _080B0718
	strb r5, [r4, #0x00]
	b _080B0722
_080B070C: .4byte 0x02039810
_080B0710: .4byte 0x0203AA90
_080B0714: .4byte 0x0203AA00
_080B0718:
	cmp r3, r2
	bge _080B0720
	strb r6, [r4, #0x00]
	b _080B0722
_080B0720:
	strb r7, [r4, #0x00]
_080B0722:
	ldr r2, _080B0750 @ =0x02034B40
	ldr r0, [r2, #0x00]
	movs r3, #0x00
	movs r1, #0x00
	strh r1, [r0, #0x06]
	strh r1, [r0, #0x04]
	movs r1, #0x82
	lsls r1, r1, #0x03
	adds r0, r0, r1
	strb r3, [r0, #0x00]
	ldr r1, [r2, #0x00]
	ldrb r0, [r1, #0x02]
	strb r0, [r1, #0x01]
	ldr r1, [r2, #0x00]
	movs r0, #0x08
	strb r0, [r1, #0x02]
	movs r0, #0x67
	bl func_0811FE70
_080B0748:
	pop {r4, r5, r6, r7}
	pop {r0}
	bx r0
	.byte 0x00, 0x00
_080B0750: .4byte 0x02034B40
	.byte 0x70, 0xB5, 0x81, 0xB0, 0x6C, 0x46, 0x38, 0x4B, 0x1A, 0x89, 0xF0, 0x21, 0x08, 0x1C, 0x10, 0x40
	.byte 0x00, 0x09, 0x20, 0x70, 0x6A, 0x46, 0x58, 0x89, 0x01, 0x40, 0x09, 0x09, 0x51, 0x70, 0x68, 0x46
	.byte 0x01, 0x78, 0x48, 0x1E, 0x00, 0x06, 0x00, 0x0E, 0x1E, 0x1C, 0x0A, 0x28, 0x01, 0xD8, 0x2F, 0x48
	.byte 0x01, 0x70, 0x68, 0x46, 0x41, 0x78, 0x48, 0x1E, 0x00, 0x06, 0x00, 0x0E, 0x0A, 0x28, 0x01, 0xD8
	.byte 0x2A, 0x48, 0x41, 0x70, 0x30, 0x89, 0x00, 0x0B, 0x00, 0x28, 0x18, 0xD0, 0x42, 0x1E, 0x12, 0x04
	.byte 0x12, 0x0C, 0x27, 0x4C, 0x51, 0x00, 0x0B, 0x19, 0xB0, 0x89, 0x18, 0x70, 0x01, 0x31, 0x09, 0x19
	.byte 0xB0, 0x89, 0x00, 0x0A, 0x08, 0x70, 0x09, 0x2A, 0x09, 0xD1, 0x00, 0x22, 0x21, 0x4D, 0x23, 0x1C
	.byte 0x50, 0x19, 0xD1, 0x18, 0x09, 0x78, 0x01, 0x70, 0x01, 0x32, 0x13, 0x2A, 0xF8, 0xDD, 0x70, 0x89
	.byte 0x00, 0x0B, 0x00, 0x28, 0x1A, 0xD0, 0x42, 0x1E, 0x12, 0x04, 0x12, 0x0C, 0x18, 0x48, 0x51, 0x00
	.byte 0x04, 0x1C, 0x14, 0x34, 0x0B, 0x19, 0xF0, 0x89, 0x18, 0x70, 0x01, 0x31, 0x09, 0x19, 0xF0, 0x89
	.byte 0x00, 0x0A, 0x08, 0x70, 0x09, 0x2A, 0x09, 0xD1, 0x00, 0x22, 0x13, 0x4D, 0x23, 0x1C, 0x50, 0x19
	.byte 0xD1, 0x18, 0x09, 0x78, 0x01, 0x70, 0x01, 0x32, 0x13, 0x2A, 0xF8, 0xDD, 0x30, 0x7A, 0x0F, 0x21
	.byte 0x0A, 0x1C, 0x02, 0x40, 0x14, 0x1C, 0xB0, 0x7A, 0x01, 0x40, 0x0B, 0x1C, 0x10, 0x1C, 0x00, 0x28
	.byte 0x01, 0xD1, 0x00, 0x29, 0x1E, 0xD0, 0x0C, 0x28, 0x1C, 0xDC, 0x0C, 0x29, 0x1A, 0xDC, 0x88, 0x42
	.byte 0x0E, 0xDD, 0x06, 0x48, 0x02, 0x70, 0x15, 0xE0, 0x10, 0x98, 0x03, 0x02, 0x58, 0xAA, 0x03, 0x02
	.byte 0xE0, 0xAA, 0x03, 0x02, 0x60, 0xAA, 0x03, 0x02, 0x74, 0xAA, 0x03, 0x02, 0x00, 0xAA, 0x03, 0x02
	.byte 0x88, 0x42, 0x05, 0xDA, 0x01, 0x48, 0x03, 0x70, 0x04, 0xE0, 0x00, 0x00, 0x00, 0xAA, 0x03, 0x02
	.byte 0x02, 0x48, 0x04, 0x70, 0x01, 0xB0, 0x70, 0xBC, 0x01, 0xBC, 0x00, 0x47, 0x00, 0xAA, 0x03, 0x02
	thumb_func_start func_080B0874
func_080B0874: @ 080B0874
	push {r4, r5, r6, r7, lr}
	mov r7, r8
	push {r7}
	bl func_08085FA4
	lsls r0, r0, #0x18
	lsrs r0, r0, #0x18
	ldr r6, _080B099C @ =0x02039B58
	ldr r7, _080B09A0 @ =0x0203AA8C
	ldrb r4, [r7, #0x00]
	movs r1, #0x0F
	ands r1, r4
	lsls r1, r1, #0x0C
	ldrh r2, [r6, #0x04]
	orrs r1, r2
	strh r1, [r6, #0x04]
	ldr r5, _080B09A4 @ =0x02039DE0
	movs r2, #0x00
	ldsb r2, [r7, r2]
	subs r2, #0x01
	lsls r2, r2, #0x01
	lsls r1, r0, #0x03
	subs r1, r1, r0
	lsls r1, r1, #0x05
	adds r0, r2, r1
	adds r5, #0xC6
	adds r0, r0, r5
	ldrb r3, [r0, #0x00]
	adds r1, #0x01
	adds r2, r2, r1
	adds r2, r2, r5
	ldrb r0, [r2, #0x00]
	lsls r0, r0, #0x08
	orrs r3, r0
	strh r3, [r6, #0x06]
	adds r4, #0x01
	strb r4, [r7, #0x00]
	lsls r4, r4, #0x18
	asrs r4, r4, #0x18
	cmp r4, #0x0A
	ble _080B08CA
	movs r0, #0x01
	strb r0, [r7, #0x00]
_080B08CA:
	ldr r5, _080B09A8 @ =0x02039810
	ldrh r0, [r5, #0x08]
	lsrs r0, r0, #0x0C
	cmp r0, #0x00
	beq _080B0926
	subs r2, r0, #0x1
	lsls r2, r2, #0x10
	lsrs r2, r2, #0x10
	ldr r4, _080B09AC @ =0x0203AAE0
	lsls r1, r2, #0x01
	adds r3, r1, r4
	ldrh r0, [r5, #0x0C]
	strb r0, [r3, #0x00]
	adds r1, #0x01
	adds r1, r1, r4
	ldrh r0, [r5, #0x0C]
	lsrs r0, r0, #0x08
	strb r0, [r1, #0x00]
	cmp r2, #0x09
	bne _080B0926
	movs r3, #0x00
	ldr r7, _080B09B0 @ =0x0203AA30
	ldr r0, _080B09B4 @ =0x02034B40
	mov r8, r0
	ldr r6, _080B09B8 @ =0x0203AA60
	adds r5, r4, #0x0
	adds r4, r7, #0x0
_080B0900:
	adds r2, r3, r6
	adds r0, r3, r5
	ldrb r1, [r0, #0x00]
	strb r1, [r2, #0x00]
	adds r0, r3, r4
	strb r1, [r0, #0x00]
	adds r3, #0x01
	cmp r3, #0x13
	ble _080B0900
	mov r2, r8
	ldr r1, [r2, #0x00]
	adds r1, #0xFC
	adds r0, r7, #0x0
	bl func_08065B6C
	mov r2, r8
	ldr r1, [r2, #0x00]
	adds r1, #0xF8
	strb r0, [r1, #0x00]
_080B0926:
	ldr r5, _080B09A8 @ =0x02039810
	ldrh r0, [r5, #0x0A]
	lsrs r0, r0, #0x0C
	cmp r0, #0x00
	beq _080B0990
	subs r2, r0, #0x1
	lsls r2, r2, #0x10
	lsrs r2, r2, #0x10
	ldr r0, _080B09AC @ =0x0203AAE0
	lsls r1, r2, #0x01
	adds r4, r0, #0x0
	adds r4, #0x14
	adds r3, r1, r4
	ldrh r0, [r5, #0x0E]
	strb r0, [r3, #0x00]
	adds r1, #0x01
	adds r1, r1, r4
	ldrh r0, [r5, #0x0E]
	lsrs r0, r0, #0x08
	strb r0, [r1, #0x00]
	cmp r2, #0x09
	bne _080B0990
	movs r3, #0x00
	ldr r7, _080B09B0 @ =0x0203AA30
	ldr r0, _080B09B4 @ =0x02034B40
	mov r8, r0
	adds r7, #0x14
	ldr r6, _080B09BC @ =0x0203AA74
	adds r5, r4, #0x0
	adds r4, r7, #0x0
_080B0962:
	adds r2, r3, r6
	adds r0, r3, r5
	ldrb r1, [r0, #0x00]
	strb r1, [r2, #0x00]
	adds r0, r3, r4
	strb r1, [r0, #0x00]
	adds r3, #0x01
	cmp r3, #0x13
	ble _080B0962
	mov r2, r8
	ldr r1, [r2, #0x00]
	movs r0, #0xAA
	lsls r0, r0, #0x01
	adds r1, r1, r0
	adds r0, r7, #0x0
	bl func_08065B6C
	mov r2, r8
	ldr r1, [r2, #0x00]
	movs r2, #0xA8
	lsls r2, r2, #0x01
	adds r1, r1, r2
	strb r0, [r1, #0x00]
_080B0990:
	pop {r3}
	mov r8, r3
	pop {r4, r5, r6, r7}
	pop {r0}
	bx r0
	.byte 0x00, 0x00
_080B099C: .4byte 0x02039B58
_080B09A0: .4byte 0x0203AA8C
_080B09A4: .4byte 0x02039DE0
_080B09A8: .4byte 0x02039810
_080B09AC: .4byte 0x0203AAE0
_080B09B0: .4byte 0x0203AA30
_080B09B4: .4byte 0x02034B40
_080B09B8: .4byte 0x0203AA60
_080B09BC: .4byte 0x0203AA74
	.byte 0xF0, 0xB5, 0x57, 0x46, 0x4E, 0x46, 0x45, 0x46, 0xE0, 0xB4, 0x85, 0xB0, 0x03, 0x48, 0x00, 0x68
	.byte 0x00, 0x28, 0x09, 0xD1, 0x02, 0x49, 0x8C, 0x88, 0x02, 0x48, 0x08, 0xE0, 0x28, 0x98, 0x03, 0x02
	.byte 0xC0, 0xAA, 0x03, 0x02, 0x10, 0xAA, 0x03, 0x02, 0xFA, 0x49, 0x8C, 0x88, 0xFA, 0x48, 0x82, 0x88
	.byte 0x92, 0x46, 0x4F, 0x88, 0x42, 0x88, 0x02, 0x92, 0xCA, 0x88, 0x90, 0x46, 0xC2, 0x88, 0x03, 0x92
	.byte 0x09, 0x89, 0x89, 0x46, 0x00, 0x89, 0x04, 0x90, 0x6D, 0x46, 0x24, 0x04, 0x24, 0x14, 0x20, 0x1C
	.byte 0x64, 0x21, 0x6C, 0xF0, 0xEB, 0xFD, 0x28, 0x80, 0x20, 0x1C, 0x64, 0x21, 0x6C, 0xF0, 0x32, 0xFE
	.byte 0x04, 0x1C, 0x6D, 0x46, 0x24, 0x04, 0x24, 0x14, 0x20, 0x1C, 0x0A, 0x21, 0x6C, 0xF0, 0xDE, 0xFD
	.byte 0x68, 0x80, 0x20, 0x1C, 0x0A, 0x21, 0x6C, 0xF0, 0x25, 0xFE, 0x69, 0x46, 0x88, 0x80, 0x68, 0x46
	.byte 0x02, 0x21, 0x40, 0x5E, 0x40, 0x01, 0xE5, 0x4D, 0x40, 0x19, 0xE5, 0x49, 0x20, 0x22, 0x53, 0xF7
	.byte 0xB1, 0xFC, 0x68, 0x46, 0x04, 0x22, 0x80, 0x5E, 0x40, 0x01, 0x40, 0x19, 0xE1, 0x49, 0x20, 0x22
	.byte 0x53, 0xF7, 0xA8, 0xFC, 0x6E, 0x46, 0x3C, 0x04, 0x24, 0x14, 0x20, 0x1C, 0x64, 0x21, 0x6C, 0xF0
	.byte 0xBD, 0xFD, 0x30, 0x80, 0x20, 0x1C, 0x64, 0x21, 0x6C, 0xF0, 0x04, 0xFE, 0x04, 0x1C, 0x6E, 0x46
	.byte 0x24, 0x04, 0x24, 0x14, 0x20, 0x1C, 0x0A, 0x21, 0x6C, 0xF0, 0xB0, 0xFD, 0x70, 0x80, 0x20, 0x1C
	.byte 0x0A, 0x21, 0x6C, 0xF0, 0xF7, 0xFD, 0x69, 0x46, 0x88, 0x80, 0x68, 0x46, 0x00, 0x21, 0x40, 0x5E
	.byte 0x40, 0x01, 0x40, 0x19, 0xD0, 0x49, 0x20, 0x22, 0x53, 0xF7, 0x84, 0xFC, 0x68, 0x46, 0x02, 0x22
	.byte 0x80, 0x5E, 0x40, 0x01, 0x40, 0x19, 0xCD, 0x49, 0x20, 0x22, 0x53, 0xF7, 0x7B, 0xFC, 0x68, 0x46
	.byte 0x04, 0x21, 0x40, 0x5E, 0x40, 0x01, 0x40, 0x19, 0xC9, 0x49, 0x20, 0x22, 0x53, 0xF7, 0x72, 0xFC
	.byte 0x68, 0x46, 0x00, 0x22, 0x80, 0x5E, 0x40, 0x01, 0x40, 0x19, 0xC6, 0x49, 0x20, 0x22, 0x53, 0xF7
	.byte 0x69, 0xFC, 0x68, 0x46, 0x02, 0x21, 0x40, 0x5E, 0x40, 0x01, 0x40, 0x19, 0xC2, 0x49, 0x20, 0x22
	.byte 0x53, 0xF7, 0x60, 0xFC, 0x68, 0x46, 0x04, 0x22, 0x80, 0x5E, 0x40, 0x01, 0x40, 0x19, 0xBF, 0x49
	.byte 0x20, 0x22, 0x53, 0xF7, 0x57, 0xFC, 0x6E, 0x46, 0x40, 0x46, 0x04, 0x04, 0x24, 0x14, 0xFA, 0x21
	.byte 0x89, 0x00, 0x88, 0x46, 0x20, 0x1C, 0x6C, 0xF0, 0x69, 0xFD, 0x30, 0x80, 0x20, 0x1C, 0x41, 0x46
	.byte 0x6C, 0xF0, 0xB0, 0xFD, 0x04, 0x1C, 0x6E, 0x46, 0x24, 0x04, 0x24, 0x14, 0x20, 0x1C, 0x64, 0x21
	.byte 0x6C, 0xF0, 0x5C, 0xFD, 0x70, 0x80, 0x20, 0x1C, 0x64, 0x21, 0x6C, 0xF0, 0xA3, 0xFD, 0x04, 0x1C
	.byte 0x6E, 0x46, 0x24, 0x04, 0x24, 0x14, 0x20, 0x1C, 0x0A, 0x21, 0x6C, 0xF0, 0x4F, 0xFD, 0xB0, 0x80
	.byte 0x20, 0x1C, 0x0A, 0x21, 0x6C, 0xF0, 0x96, 0xFD, 0x69, 0x46, 0xC8, 0x80, 0x68, 0x46, 0x00, 0x22
	.byte 0x80, 0x5E, 0x40, 0x01, 0x40, 0x19, 0xA6, 0x49, 0x20, 0x22, 0x53, 0xF7, 0x23, 0xFC, 0x68, 0x46
	.byte 0x02, 0x21, 0x40, 0x5E, 0x40, 0x01, 0x40, 0x19, 0xA2, 0x49, 0x20, 0x22, 0x53, 0xF7, 0x1A, 0xFC
	.byte 0x68, 0x46, 0x04, 0x22, 0x80, 0x5E, 0x40, 0x01, 0x40, 0x19, 0x9F, 0x49, 0x20, 0x22, 0x53, 0xF7
	.byte 0x11, 0xFC, 0x68, 0x46, 0x06, 0x21, 0x40, 0x5E, 0x40, 0x01, 0x40, 0x19, 0x9B, 0x49, 0x20, 0x22
	.byte 0x53, 0xF7, 0x08, 0xFC, 0x6E, 0x46, 0x4A, 0x46, 0x14, 0x04, 0x24, 0x14, 0x20, 0x1C, 0x41, 0x46
	.byte 0x6C, 0xF0, 0x1C, 0xFD, 0x30, 0x80, 0x20, 0x1C, 0x41, 0x46, 0x6C, 0xF0, 0x63, 0xFD, 0x04, 0x1C
	.byte 0x6E, 0x46, 0x24, 0x04, 0x24, 0x14, 0x20, 0x1C, 0x64, 0x21, 0x6C, 0xF0, 0x0F, 0xFD, 0x70, 0x80
	.byte 0x20, 0x1C, 0x64, 0x21, 0x6C, 0xF0, 0x56, 0xFD, 0x04, 0x1C, 0x6E, 0x46, 0x24, 0x04, 0x24, 0x14
	.byte 0x20, 0x1C, 0x0A, 0x21, 0x6C, 0xF0, 0x02, 0xFD, 0xB0, 0x80, 0x20, 0x1C, 0x0A, 0x21, 0x6C, 0xF0
	.byte 0x49, 0xFD, 0x69, 0x46, 0xC8, 0x80, 0x68, 0x46, 0x00, 0x21, 0x40, 0x5E, 0x40, 0x01, 0x40, 0x19
	.byte 0x83, 0x49, 0x20, 0x22, 0x53, 0xF7, 0xD6, 0xFB, 0x68, 0x46, 0x02, 0x22, 0x80, 0x5E, 0x40, 0x01
	.byte 0x40, 0x19, 0x80, 0x49, 0x20, 0x22, 0x53, 0xF7, 0xCD, 0xFB, 0x68, 0x46, 0x04, 0x21, 0x40, 0x5E
	.byte 0x40, 0x01, 0x40, 0x19, 0x7C, 0x49, 0x20, 0x22, 0x53, 0xF7, 0xC4, 0xFB, 0x68, 0x46, 0x06, 0x22
	.byte 0x80, 0x5E, 0x40, 0x01, 0x40, 0x19, 0x79, 0x49, 0x20, 0x22, 0x53, 0xF7, 0xBB, 0xFB, 0x6E, 0x46
	.byte 0x50, 0x46, 0x04, 0x04, 0x24, 0x14, 0x20, 0x1C, 0x64, 0x21, 0x6C, 0xF0, 0xCF, 0xFC, 0x30, 0x80
	.byte 0x20, 0x1C, 0x64, 0x21, 0x6C, 0xF0, 0x16, 0xFD, 0x04, 0x1C, 0x6E, 0x46, 0x24, 0x04, 0x24, 0x14
	.byte 0x20, 0x1C, 0x0A, 0x21, 0x6C, 0xF0, 0xC2, 0xFC, 0x70, 0x80, 0x20, 0x1C, 0x0A, 0x21, 0x6C, 0xF0
	.byte 0x09, 0xFD, 0x69, 0x46, 0x88, 0x80, 0x68, 0x46, 0x02, 0x21, 0x40, 0x5E, 0x40, 0x01, 0x80, 0x22
	.byte 0xD2, 0x00, 0xAD, 0x18, 0x40, 0x19, 0x66, 0x49, 0x20, 0x22, 0x53, 0xF7, 0x93, 0xFB, 0x68, 0x46
	.byte 0x04, 0x21, 0x40, 0x5E, 0x40, 0x01, 0x40, 0x19, 0x62, 0x49, 0x20, 0x22, 0x53, 0xF7, 0x8A, 0xFB
	.byte 0x6E, 0x46, 0x02, 0x9A, 0x14, 0x04, 0x24, 0x14, 0x20, 0x1C, 0x64, 0x21, 0x6C, 0xF0, 0x9E, 0xFC
	.byte 0x30, 0x80, 0x20, 0x1C, 0x64, 0x21, 0x6C, 0xF0, 0xE5, 0xFC, 0x04, 0x1C, 0x6E, 0x46, 0x24, 0x04
	.byte 0x24, 0x14, 0x20, 0x1C, 0x0A, 0x21, 0x6C, 0xF0, 0x91, 0xFC, 0x70, 0x80, 0x20, 0x1C, 0x0A, 0x21
	.byte 0x6C, 0xF0, 0xD8, 0xFC, 0x69, 0x46, 0x88, 0x80, 0x68, 0x46, 0x00, 0x21, 0x40, 0x5E, 0x40, 0x01
	.byte 0x40, 0x19, 0x51, 0x49, 0x20, 0x22, 0x53, 0xF7, 0x65, 0xFB, 0x68, 0x46, 0x02, 0x22, 0x80, 0x5E
	.byte 0x40, 0x01, 0x40, 0x19, 0x4D, 0x49, 0x20, 0x22, 0x53, 0xF7, 0x5C, 0xFB, 0x68, 0x46, 0x04, 0x21
	.byte 0x40, 0x5E, 0x40, 0x01, 0x40, 0x19, 0x4A, 0x49, 0x20, 0x22, 0x53, 0xF7, 0x53, 0xFB, 0x68, 0x46
	.byte 0x00, 0x22, 0x80, 0x5E, 0x40, 0x01, 0x40, 0x19, 0x46, 0x49, 0x20, 0x22, 0x53, 0xF7, 0x4A, 0xFB
	.byte 0x68, 0x46, 0x02, 0x21, 0x40, 0x5E, 0x40, 0x01, 0x40, 0x19, 0x43, 0x49, 0x20, 0x22, 0x53, 0xF7
	.byte 0x41, 0xFB, 0x68, 0x46, 0x04, 0x22, 0x80, 0x5E, 0x40, 0x01, 0x40, 0x19, 0x3F, 0x49, 0x20, 0x22
	.byte 0x53, 0xF7, 0x38, 0xFB, 0x6E, 0x46, 0x03, 0x98, 0x04, 0x04, 0x24, 0x14, 0x20, 0x1C, 0x41, 0x46
	.byte 0x6C, 0xF0, 0x4C, 0xFC, 0x30, 0x80, 0x20, 0x1C, 0x41, 0x46, 0x6C, 0xF0, 0x93, 0xFC, 0x04, 0x1C
	.byte 0x6E, 0x46, 0x24, 0x04, 0x24, 0x14, 0x20, 0x1C, 0x64, 0x21, 0x6C, 0xF0, 0x3F, 0xFC, 0x70, 0x80
	.byte 0x20, 0x1C, 0x64, 0x21, 0x6C, 0xF0, 0x86, 0xFC, 0x04, 0x1C, 0x6E, 0x46, 0x24, 0x04, 0x24, 0x14
	.byte 0x20, 0x1C, 0x0A, 0x21, 0x6C, 0xF0, 0x32, 0xFC, 0xB0, 0x80, 0x20, 0x1C, 0x0A, 0x21, 0x6C, 0xF0
	.byte 0x79, 0xFC, 0x69, 0x46, 0xC8, 0x80, 0x68, 0x46, 0x00, 0x21, 0x40, 0x5E, 0x40, 0x01, 0x40, 0x19
	.byte 0x27, 0x49, 0x20, 0x22, 0x53, 0xF7, 0x06, 0xFB, 0x68, 0x46, 0x02, 0x22, 0x80, 0x5E, 0x40, 0x01
	.byte 0x40, 0x19, 0x24, 0x49, 0x20, 0x22, 0x53, 0xF7, 0xFD, 0xFA, 0x68, 0x46, 0x04, 0x21, 0x40, 0x5E
	.byte 0x40, 0x01, 0x40, 0x19, 0x20, 0x49, 0x20, 0x22, 0x53, 0xF7, 0xF4, 0xFA, 0x68, 0x46, 0x06, 0x22
	.byte 0x80, 0x5E, 0x3B, 0xE0, 0x10, 0xAA, 0x03, 0x02, 0xC0, 0xAA, 0x03, 0x02, 0x24, 0x21, 0x6B, 0x09
	.byte 0x00, 0x01, 0x00, 0x06, 0x20, 0x01, 0x00, 0x06, 0x40, 0x01, 0x00, 0x06, 0x60, 0x01, 0x00, 0x06
	.byte 0x80, 0x01, 0x00, 0x06, 0xA0, 0x01, 0x00, 0x06, 0xC0, 0x01, 0x00, 0x06, 0xE0, 0x01, 0x00, 0x06
	.byte 0x00, 0x02, 0x00, 0x06, 0x20, 0x02, 0x00, 0x06, 0x40, 0x02, 0x00, 0x06, 0x60, 0x02, 0x00, 0x06
	.byte 0x80, 0x02, 0x00, 0x06, 0xA0, 0x02, 0x00, 0x06, 0xC0, 0x02, 0x00, 0x06, 0xE0, 0x02, 0x00, 0x06
	.byte 0xE0, 0x03, 0x00, 0x06, 0x00, 0x04, 0x00, 0x06, 0x20, 0x04, 0x00, 0x06, 0x40, 0x04, 0x00, 0x06
	.byte 0x60, 0x04, 0x00, 0x06, 0x80, 0x04, 0x00, 0x06, 0xA0, 0x04, 0x00, 0x06, 0xC0, 0x04, 0x00, 0x06
	.byte 0xE0, 0x04, 0x00, 0x06, 0x00, 0x05, 0x00, 0x06, 0x20, 0x05, 0x00, 0x06, 0x40, 0x01, 0x40, 0x19
	.byte 0x2C, 0x49, 0x20, 0x22, 0x53, 0xF7, 0xAE, 0xFA, 0x6E, 0x46, 0x04, 0x98, 0x04, 0x04, 0x24, 0x14
	.byte 0x20, 0x1C, 0x41, 0x46, 0x6C, 0xF0, 0xC2, 0xFB, 0x30, 0x80, 0x20, 0x1C, 0x41, 0x46, 0x6C, 0xF0
	.byte 0x09, 0xFC, 0x04, 0x1C, 0x6E, 0x46, 0x24, 0x04, 0x24, 0x14, 0x20, 0x1C, 0x64, 0x21, 0x6C, 0xF0
	.byte 0xB5, 0xFB, 0x70, 0x80, 0x20, 0x1C, 0x64, 0x21, 0x6C, 0xF0, 0xFC, 0xFB, 0x04, 0x1C, 0x6E, 0x46
	.byte 0x24, 0x04, 0x24, 0x14, 0x20, 0x1C, 0x0A, 0x21, 0x6C, 0xF0, 0xA8, 0xFB, 0xB0, 0x80, 0x20, 0x1C
	.byte 0x0A, 0x21, 0x6C, 0xF0, 0xEF, 0xFB, 0x69, 0x46, 0xC8, 0x80, 0x68, 0x46, 0x00, 0x21, 0x40, 0x5E
	.byte 0x40, 0x01, 0x40, 0x19, 0x14, 0x49, 0x20, 0x22, 0x53, 0xF7, 0x7C, 0xFA, 0x68, 0x46, 0x02, 0x22
	.byte 0x80, 0x5E, 0x40, 0x01, 0x40, 0x19, 0x11, 0x49, 0x20, 0x22, 0x53, 0xF7, 0x73, 0xFA, 0x68, 0x46
	.byte 0x04, 0x21, 0x40, 0x5E, 0x40, 0x01, 0x40, 0x19, 0x0D, 0x49, 0x20, 0x22, 0x53, 0xF7, 0x6A, 0xFA
	.byte 0x68, 0x46, 0x06, 0x22, 0x80, 0x5E, 0x40, 0x01, 0x40, 0x19, 0x0A, 0x49, 0x20, 0x22, 0x53, 0xF7
	.byte 0x61, 0xFA, 0x05, 0xB0, 0x38, 0xBC, 0x98, 0x46, 0xA1, 0x46, 0xAA, 0x46, 0xF0, 0xBC, 0x01, 0xBC
	.byte 0x00, 0x47, 0x00, 0x00, 0x40, 0x05, 0x00, 0x06, 0x60, 0x05, 0x00, 0x06, 0x80, 0x05, 0x00, 0x06
	.byte 0xA0, 0x05, 0x00, 0x06, 0xC0, 0x05, 0x00, 0x06, 0x10, 0xB5, 0x15, 0x49, 0x15, 0x48, 0x00, 0x78
	.byte 0x00, 0x06, 0x00, 0x16, 0x40, 0x18, 0x14, 0x4B, 0x14, 0x4A, 0x00, 0x21, 0x41, 0x56, 0x49, 0x01
	.byte 0x89, 0x18, 0x08, 0x7F, 0x58, 0x73, 0x12, 0x4A, 0x18, 0x7B, 0x10, 0x70, 0x08, 0x7F, 0x18, 0x73
	.byte 0x10, 0x48, 0x00, 0x68, 0x9C, 0x46, 0x00, 0x28, 0x28, 0xD1, 0x0F, 0x4B, 0x0F, 0x4C, 0x10, 0x48
	.byte 0x01, 0x68, 0x85, 0x22, 0x92, 0x00, 0x88, 0x18, 0x00, 0x78, 0x00, 0x06, 0x00, 0x16, 0x40, 0x00
	.byte 0x00, 0x19, 0x00, 0x88, 0x5A, 0x89, 0x80, 0x18, 0x58, 0x81, 0x0A, 0x4A, 0x0A, 0x48, 0x27, 0xE0
	.byte 0xA0, 0xAA, 0x03, 0x02, 0x00, 0xAA, 0x03, 0x02, 0xB0, 0x9B, 0x03, 0x02, 0x18, 0x13, 0xEF, 0x09
	.byte 0xB0, 0xAA, 0x03, 0x02, 0x28, 0x98, 0x03, 0x02, 0xC0, 0xAA, 0x03, 0x02, 0xC4, 0x14, 0xEF, 0x09
	.byte 0x40, 0x4B, 0x03, 0x02, 0x10, 0xAA, 0x03, 0x02, 0x15, 0x02, 0x00, 0x00, 0x2C, 0x4B, 0x2D, 0x4C
	.byte 0x2D, 0x48, 0x01, 0x68, 0x2D, 0x4A, 0x88, 0x18, 0x00, 0x78, 0x00, 0x06, 0x00, 0x16, 0x40, 0x00
	.byte 0x00, 0x19, 0x00, 0x88, 0x5A, 0x89, 0x80, 0x18, 0x58, 0x81, 0x29, 0x4A, 0x85, 0x20, 0x80, 0x00
	.byte 0x09, 0x18, 0x00, 0x20, 0x08, 0x56, 0x40, 0x00, 0x00, 0x19, 0x00, 0x88, 0x51, 0x89, 0x40, 0x18
	.byte 0x50, 0x81, 0x14, 0x1C, 0x59, 0x88, 0xF0, 0x20, 0x40, 0x00, 0x60, 0x44, 0x01, 0x80, 0x58, 0x89
	.byte 0xF1, 0x21, 0x49, 0x00, 0x61, 0x44, 0x08, 0x80, 0x99, 0x88, 0xF2, 0x20, 0x40, 0x00, 0x60, 0x44
	.byte 0x01, 0x70, 0xF4, 0x22, 0x52, 0x00, 0x62, 0x44, 0xD8, 0x68, 0x19, 0x69, 0x10, 0x60, 0x51, 0x60
	.byte 0xF8, 0x22, 0x52, 0x00, 0x62, 0x44, 0x58, 0x69, 0x99, 0x69, 0x10, 0x60, 0x51, 0x60, 0x61, 0x88
	.byte 0xFC, 0x20, 0x40, 0x00, 0x60, 0x44, 0x01, 0x80, 0x60, 0x89, 0xFD, 0x21, 0x49, 0x00, 0x61, 0x44
	.byte 0x08, 0x80, 0xA1, 0x88, 0xFE, 0x20, 0x40, 0x00, 0x60, 0x44, 0x01, 0x70, 0x80, 0x22, 0x92, 0x00
	.byte 0x62, 0x44, 0xE0, 0x68, 0x21, 0x69, 0x10, 0x60, 0x51, 0x60, 0x82, 0x22, 0x92, 0x00, 0x62, 0x44
	.byte 0x60, 0x69, 0xA1, 0x69, 0x10, 0x60, 0x51, 0x60, 0x10, 0xBC, 0x01, 0xBC, 0x00, 0x47, 0x00, 0x00
	.byte 0xC0, 0xAA, 0x03, 0x02, 0xC4, 0x14, 0xEF, 0x09, 0x40, 0x4B, 0x03, 0x02, 0x15, 0x02, 0x00, 0x00
	.byte 0x10, 0xAA, 0x03, 0x02
	thumb_func_start func_080B1064
func_080B1064: @ 080B1064
	push {r4, r5, lr}
	add sp, #-0x004
	ldr r0, _080B1078 @ =0x02039828
	ldr r0, [r0, #0x00]
	cmp r0, #0x00
	bne _080B1084
	ldr r2, _080B107C @ =0x02039B58
	ldr r3, _080B1080 @ =0x0203AA58
	ldrb r1, [r3, #0x00]
	b _080B108A
_080B1078: .4byte 0x02039828
_080B107C: .4byte 0x02039B58
_080B1080: .4byte 0x0203AA58
_080B1084:
	ldr r2, _080B1120 @ =0x02039B58
	ldr r3, _080B1124 @ =0x0203AA58
	ldrb r1, [r3, #0x01]
_080B108A:
	movs r0, #0x0F
	ands r0, r1
	lsls r0, r0, #0x04
	ldrh r1, [r2, #0x04]
	orrs r0, r1
	strh r0, [r2, #0x04]
	adds r5, r3, #0x0
	mov r4, sp
	ldr r3, _080B1128 @ =0x02039810
	ldrh r2, [r3, #0x08]
	movs r1, #0xF0
	adds r0, r1, #0x0
	ands r0, r2
	lsrs r0, r0, #0x04
	strb r0, [r4, #0x00]
	mov r2, sp
	ldrh r0, [r3, #0x0A]
	ands r1, r0
	lsrs r1, r1, #0x04
	strb r1, [r2, #0x01]
	mov r0, sp
	ldrb r2, [r0, #0x00]
	subs r0, r2, #0x1
	lsls r0, r0, #0x18
	lsrs r0, r0, #0x18
	ldr r3, _080B112C @ =0x02034B40
	cmp r0, #0x0A
	bhi _080B10D4
	ldr r0, [r3, #0x00]
	movs r1, #0x85
	lsls r1, r1, #0x02
	adds r0, r0, r1
	strb r2, [r0, #0x00]
	ldr r0, [r3, #0x00]
	adds r0, r0, r1
	ldrb r0, [r0, #0x00]
	strb r0, [r5, #0x00]
_080B10D4:
	mov r0, sp
	ldrb r2, [r0, #0x01]
	subs r0, r2, #0x1
	lsls r0, r0, #0x18
	lsrs r0, r0, #0x18
	cmp r0, #0x0A
	bhi _080B10F2
	ldr r0, [r3, #0x00]
	ldr r1, _080B1130 @ =0x00000215
	adds r0, r0, r1
	strb r2, [r0, #0x00]
	ldr r0, [r3, #0x00]
	adds r0, r0, r1
	ldrb r0, [r0, #0x00]
	strb r0, [r5, #0x01]
_080B10F2:
	ldr r1, [r3, #0x00]
	movs r2, #0x85
	lsls r2, r2, #0x02
	adds r0, r1, r2
	ldrb r0, [r0, #0x00]
	lsls r0, r0, #0x18
	asrs r0, r0, #0x18
	lsls r0, r0, #0x10
	lsrs r0, r0, #0x10
	adds r2, #0x01
	adds r1, r1, r2
	ldrb r1, [r1, #0x00]
	lsls r1, r1, #0x18
	asrs r1, r1, #0x18
	lsls r1, r1, #0x10
	lsrs r1, r1, #0x10
	bl _080B1134
	add sp, #0x004
	pop {r4, r5}
	pop {r0}
	bx r0
	.byte 0x00, 0x00
_080B1120: .4byte 0x02039B58
_080B1124: .4byte 0x0203AA58
_080B1128: .4byte 0x02039810
_080B112C: .4byte 0x02034B40
_080B1130: .4byte 0x00000215
_080B1134:
	.byte 0xF0, 0xB5, 0x47, 0x46, 0x80, 0xB4, 0x00, 0x04, 0x07, 0x0C, 0x09, 0x04, 0x09, 0x0C, 0x88, 0x46
	.byte 0x78, 0x1E, 0x0A, 0x28, 0x77, 0xD8, 0x80, 0x00, 0x01, 0x49, 0x40, 0x18, 0x00, 0x68, 0x87, 0x46
	.byte 0x58, 0x11, 0x0B, 0x08, 0x84, 0x11, 0x0B, 0x08, 0x84, 0x11, 0x0B, 0x08, 0x84, 0x11, 0x0B, 0x08
	.byte 0x84, 0x11, 0x0B, 0x08, 0x84, 0x11, 0x0B, 0x08, 0xD4, 0x11, 0x0B, 0x08, 0x00, 0x12, 0x0B, 0x08
	.byte 0x00, 0x12, 0x0B, 0x08, 0x00, 0x12, 0x0B, 0x08, 0x00, 0x12, 0x0B, 0x08, 0x00, 0x12, 0x0B, 0x08
	.byte 0x0F, 0x4C, 0x10, 0x4E, 0x30, 0x68, 0x83, 0x25, 0xAD, 0x00, 0x40, 0x19, 0x00, 0x68, 0xC1, 0x88
	.byte 0x49, 0x01, 0x0D, 0x48, 0x09, 0x18, 0x20, 0x1C, 0x20, 0x22, 0x54, 0xF7, 0x23, 0xFD, 0x22, 0x34
	.byte 0x30, 0x68, 0x40, 0x19, 0x00, 0x68, 0xC1, 0x88, 0x49, 0x01, 0x08, 0x4A, 0x89, 0x18, 0x06, 0x22
	.byte 0xD2, 0x1B, 0x52, 0x04, 0x12, 0x0C, 0x20, 0x1C, 0x54, 0xF7, 0x14, 0xFD, 0x3B, 0xE0, 0x00, 0x00
	.byte 0x64, 0xBD, 0x6F, 0x09, 0x40, 0x4B, 0x03, 0x02, 0x00, 0x02, 0x00, 0x05, 0x02, 0x02, 0x00, 0x05
	.byte 0x07, 0x48, 0x08, 0x49, 0x09, 0x68, 0x83, 0x22, 0x92, 0x00, 0x89, 0x18, 0x09, 0x68, 0xC9, 0x88
	.byte 0x49, 0x01, 0x05, 0x4A, 0x89, 0x18, 0x20, 0x22, 0x54, 0xF7, 0xFC, 0xFC, 0x23, 0xE0, 0x00, 0x00
	.byte 0x64, 0xBD, 0x6F, 0x09, 0x40, 0x4B, 0x03, 0x02, 0x00, 0x02, 0x00, 0x05, 0x13, 0x4C, 0x14, 0x4E
	.byte 0x30, 0x68, 0x83, 0x25, 0xAD, 0x00, 0x40, 0x19, 0x00, 0x68, 0xC1, 0x88, 0x49, 0x01, 0x11, 0x48
	.byte 0x09, 0x18, 0x20, 0x1C, 0x20, 0x22, 0x54, 0xF7, 0xE5, 0xFC, 0x2C, 0x34, 0x30, 0x68, 0x40, 0x19
	.byte 0x00, 0x68, 0xC1, 0x88, 0x49, 0x01, 0x0C, 0x4A, 0x89, 0x18, 0xBA, 0x1F, 0x52, 0x04, 0x12, 0x0C
	.byte 0x20, 0x1C, 0x54, 0xF7, 0xD7, 0xFC, 0x40, 0x46, 0x01, 0x38, 0x0A, 0x28, 0x00, 0xD9, 0x81, 0xE0
	.byte 0x80, 0x00, 0x06, 0x49, 0x40, 0x18, 0x00, 0x68, 0x87, 0x46, 0x00, 0x00, 0x64, 0xBD, 0x6F, 0x09
	.byte 0x40, 0x4B, 0x03, 0x02, 0x00, 0x02, 0x00, 0x05, 0x0C, 0x02, 0x00, 0x05, 0x64, 0x12, 0x0B, 0x08
	.byte 0x90, 0x12, 0x0B, 0x08, 0x90, 0x12, 0x0B, 0x08, 0x90, 0x12, 0x0B, 0x08, 0x90, 0x12, 0x0B, 0x08
	.byte 0x90, 0x12, 0x0B, 0x08, 0xE0, 0x12, 0x0B, 0x08, 0x0C, 0x13, 0x0B, 0x08, 0x0C, 0x13, 0x0B, 0x08
	.byte 0x0C, 0x13, 0x0B, 0x08, 0x0C, 0x13, 0x0B, 0x08, 0x0C, 0x13, 0x0B, 0x08, 0x0F, 0x4C, 0x10, 0x4E
	.byte 0x30, 0x68, 0x84, 0x25, 0xAD, 0x00, 0x40, 0x19, 0x00, 0x68, 0xC1, 0x88, 0x49, 0x01, 0x0D, 0x48
	.byte 0x09, 0x18, 0x20, 0x1C, 0x20, 0x22, 0x54, 0xF7, 0x9D, 0xFC, 0x22, 0x34, 0x30, 0x68, 0x40, 0x19
	.byte 0x00, 0x68, 0xC1, 0x88, 0x49, 0x01, 0x08, 0x4A, 0x89, 0x18, 0x06, 0x22, 0x40, 0x46, 0x12, 0x1A
	.byte 0x52, 0x04, 0x12, 0x0C, 0x20, 0x1C, 0x54, 0xF7, 0x8D, 0xFC, 0x3B, 0xE0, 0xA4, 0xBD, 0x6F, 0x09
	.byte 0x40, 0x4B, 0x03, 0x02, 0x00, 0x02, 0x00, 0x05, 0x02, 0x02, 0x00, 0x05, 0x07, 0x48, 0x08, 0x49
	.byte 0x09, 0x68, 0x84, 0x22, 0x92, 0x00, 0x89, 0x18, 0x09, 0x68, 0xC9, 0x88, 0x49, 0x01, 0x05, 0x4A
	.byte 0x89, 0x18, 0x20, 0x22, 0x54, 0xF7, 0x76, 0xFC, 0x24, 0xE0, 0x00, 0x00, 0xA4, 0xBD, 0x6F, 0x09
	.byte 0x40, 0x4B, 0x03, 0x02, 0x00, 0x02, 0x00, 0x05, 0x11, 0x4C, 0x12, 0x4E, 0x30, 0x68, 0x84, 0x25
	.byte 0xAD, 0x00, 0x40, 0x19, 0x00, 0x68, 0xC1, 0x88, 0x49, 0x01, 0x0F, 0x48, 0x09, 0x18, 0x20, 0x1C
	.byte 0x20, 0x22, 0x54, 0xF7, 0x5F, 0xFC, 0x2C, 0x34, 0x30, 0x68, 0x40, 0x19, 0x00, 0x68, 0xC1, 0x88
	.byte 0x49, 0x01, 0x0A, 0x4A, 0x89, 0x18, 0x42, 0x46, 0x06, 0x3A, 0x52, 0x04, 0x12, 0x0C, 0x20, 0x1C
	.byte 0x54, 0xF7, 0x50, 0xFC, 0x08, 0xBC, 0x98, 0x46, 0xF0, 0xBC, 0x01, 0xBC, 0x00, 0x47, 0x00, 0x00
	.byte 0xA4, 0xBD, 0x6F, 0x09, 0x40, 0x4B, 0x03, 0x02, 0x00, 0x02, 0x00, 0x05, 0x0C, 0x02, 0x00, 0x05
	.byte 0x70, 0xB5, 0x15, 0x4E, 0x30, 0x68, 0x8A, 0x21, 0x89, 0x00, 0x40, 0x18, 0x00, 0x25, 0x05, 0x70
	.byte 0x12, 0x4C, 0x13, 0x49, 0x20, 0x1C, 0xC0, 0x22, 0x53, 0xF7, 0x1A, 0xF8, 0x80, 0x20, 0xC0, 0x00
	.byte 0x24, 0x18, 0x10, 0x49, 0x20, 0x1C, 0xC0, 0x22, 0x53, 0xF7, 0x12, 0xF8, 0x30, 0x68, 0x0E, 0x49
	.byte 0x40, 0x18, 0x05, 0x70, 0x30, 0x68, 0x01, 0x31, 0x40, 0x18, 0x05, 0x70, 0x00, 0x20, 0x00, 0x21
	.byte 0x00, 0x22, 0xFD, 0xF7, 0x97, 0xFD, 0x01, 0x20, 0x00, 0x21, 0x00, 0x22, 0xFD, 0xF7, 0x92, 0xFD
	.byte 0x70, 0xBC, 0x01, 0xBC, 0x00, 0x47, 0x00, 0x00, 0x40, 0x4B, 0x03, 0x02, 0x64, 0x26, 0x6B, 0x09
	.byte 0x20, 0x00, 0x00, 0x06, 0x00, 0x03, 0x00, 0x06, 0x17, 0x02, 0x00, 0x00, 0x00, 0xB5, 0x09, 0x49
	.byte 0x09, 0x48, 0x00, 0x78, 0x00, 0x06, 0x00, 0x16, 0x40, 0x18, 0x00, 0x78, 0x00, 0x06, 0x00, 0x16
	.byte 0x01, 0x38, 0x00, 0x06, 0x00, 0x16, 0x0B, 0x28, 0x51, 0xD8, 0x80, 0x00, 0x03, 0x49, 0x40, 0x18
	.byte 0x00, 0x68, 0x87, 0x46, 0xA0, 0xAA, 0x03, 0x02, 0x00, 0xAA, 0x03, 0x02, 0x04, 0x14, 0x0B, 0x08
	.byte 0x34, 0x14, 0x0B, 0x08, 0x3C, 0x14, 0x0B, 0x08, 0x44, 0x14, 0x0B, 0x08, 0x4C, 0x14, 0x0B, 0x08
	.byte 0x54, 0x14, 0x0B, 0x08, 0x5C, 0x14, 0x0B, 0x08, 0x64, 0x14, 0x0B, 0x08, 0x6C, 0x14, 0x0B, 0x08
	.byte 0x74, 0x14, 0x0B, 0x08, 0x7C, 0x14, 0x0B, 0x08, 0x84, 0x14, 0x0B, 0x08, 0x8C, 0x14, 0x0B, 0x08
	.byte 0x17, 0x20, 0x6E, 0xF0, 0x1B, 0xFD, 0x2A, 0xE0, 0x11, 0x20, 0x6E, 0xF0, 0x17, 0xFD, 0x26, 0xE0
	.byte 0x14, 0x20, 0x6E, 0xF0, 0x13, 0xFD, 0x22, 0xE0, 0x01, 0x20, 0x6E, 0xF0, 0x0F, 0xFD, 0x1E, 0xE0
	.byte 0x09, 0x20, 0x6E, 0xF0, 0x0B, 0xFD, 0x1A, 0xE0, 0x10, 0x20, 0x6E, 0xF0, 0x07, 0xFD, 0x16, 0xE0
	.byte 0x0B, 0x20, 0x6E, 0xF0, 0x03, 0xFD, 0x12, 0xE0, 0x1A, 0x20, 0x6E, 0xF0, 0xFF, 0xFC, 0x0E, 0xE0
	.byte 0x28, 0x20, 0x6E, 0xF0, 0xFB, 0xFC, 0x0A, 0xE0, 0x0C, 0x20, 0x6E, 0xF0, 0xF7, 0xFC, 0x06, 0xE0
	.byte 0x2B, 0x20, 0x6E, 0xF0, 0xF3, 0xFC, 0x02, 0xE0, 0x27, 0x20, 0x6E, 0xF0, 0xEF, 0xFC, 0x01, 0xBC
	.byte 0x00, 0x47, 0x00, 0x00
	thumb_func_start mode_sio_btl_cardget_0
mode_sio_btl_cardget_0: @ 080B1498
	push {r4, r5, lr}
	adds r5, r0, #0x0
	ldr r2, _080B14CC @ =0x03006C78
	ldrh r0, [r2, #0x00]
	movs r1, #0x10
	orrs r0, r1
	strh r0, [r2, #0x00]
	ldr r4, _080B14D0 @ =0x0203C374
	movs r0, #0x00
	ldsb r0, [r4, r0]
	cmp r0, #0x01
	bne _080B14B8
	bl func_080C57A4
	movs r0, #0x00
	strb r0, [r4, #0x00]
_080B14B8:
	ldr r4, _080B14D4 @ =0x02034B44
	movs r0, #0x44
	bl func_08000918
	adds r1, r0, #0x0
	str r1, [r4, #0x00]
	cmp r5, #0x00
	bne _080B14D8
	strb r5, [r1, #0x06]
	b _080B14DC
_080B14CC: .4byte 0x03006C78
_080B14D0: .4byte 0x0203C374
_080B14D4: .4byte 0x02034B44
_080B14D8:
	movs r0, #0x01
	strb r0, [r1, #0x06]
_080B14DC:
	bl func_08004DB0
	movs r0, #0x01
	movs r1, #0x00
	movs r2, #0x10
	movs r3, #0x00
	bl func_08005074
	movs r0, #0x01
	movs r1, #0x01
	bl func_080055C8
	movs r0, #0x02
	movs r1, #0x00
	movs r2, #0x18
	movs r3, #0x00
	bl func_08005074
	movs r0, #0x02
	movs r1, #0x02
	bl func_080055C8
	ldr r4, _080B152C @ =0x096AD744
	movs r0, #0x01
	bl func_08005130
	adds r1, r0, #0x0
	movs r2, #0x80
	lsls r2, r2, #0x06
	adds r0, r4, #0x0
	bl func_080043B4
	ldr r0, _080B1530 @ =0x02034B44
	ldr r1, [r0, #0x00]
	movs r0, #0x00
	strb r0, [r1, #0x00]
	pop {r4, r5}
	pop {r0}
	bx r0
	.byte 0x00, 0x00
_080B152C: .4byte 0x096AD744
_080B1530: .4byte 0x02034B44
	.byte 0x10, 0xB5, 0x07, 0x4C, 0x01, 0x20, 0x53, 0xF7, 0xF9, 0xFD, 0x01, 0x1C, 0x80, 0x22, 0x92, 0x01
	.byte 0x89, 0x18, 0x20, 0x1C, 0x52, 0xF7, 0x34, 0xFF, 0x10, 0xBC, 0x01, 0xBC, 0x00, 0x47, 0x00, 0x00
	.byte 0x44, 0xF7, 0x6A, 0x09, 0x10, 0xB5, 0x0F, 0x4C, 0x01, 0x20, 0x53, 0xF7, 0xE7, 0xFD, 0x01, 0x1C
	.byte 0x80, 0x20, 0xC0, 0x01, 0x09, 0x18, 0x9E, 0x22, 0x12, 0x01, 0x20, 0x1C, 0x52, 0xF7, 0x20, 0xFF
	.byte 0x09, 0x49, 0x80, 0x22, 0x92, 0x00, 0x01, 0x20, 0x53, 0xF7, 0xAE, 0xFD, 0x07, 0x49, 0x80, 0x22
	.byte 0x12, 0x01, 0x01, 0x20, 0x53, 0xF7, 0xC0, 0xFD, 0x01, 0x20, 0x53, 0xF7, 0x45, 0xFD, 0x10, 0xBC
	.byte 0x01, 0xBC, 0x00, 0x47, 0x44, 0x17, 0x6B, 0x09, 0xC4, 0xBA, 0x6F, 0x09, 0x64, 0x7C, 0x6F, 0x09
	.byte 0x10, 0xB5, 0x00, 0x20, 0x10, 0x21, 0x54, 0xF7, 0xB9, 0xFD, 0x00, 0x20, 0x53, 0xF7, 0x34, 0xFD
	.byte 0x01, 0x20, 0x53, 0xF7, 0x07, 0xFD, 0x02, 0x20, 0x53, 0xF7, 0x04, 0xFD, 0x03, 0x20, 0x53, 0xF7
	.byte 0x2B, 0xFD, 0x0F, 0x4C, 0x20, 0x68, 0x80, 0x79, 0x00, 0x06, 0x00, 0x16, 0x00, 0x28, 0x26, 0xD1
	.byte 0x0C, 0x4A, 0x10, 0x88, 0x01, 0x30, 0x10, 0x80, 0x00, 0x04, 0x00, 0x0C, 0x0A, 0x49, 0x88, 0x42
	.byte 0x00, 0xD9, 0x11, 0x80, 0x09, 0x48, 0x00, 0x68, 0x00, 0x28, 0x15, 0xD1, 0x00, 0xF0, 0x68, 0xF9
	.byte 0x07, 0x48, 0x20, 0x21, 0x51, 0xF7, 0x0C, 0xFA, 0x21, 0x68, 0x08, 0x61, 0x05, 0x48, 0x3A, 0xE0
	.byte 0x44, 0x4B, 0x03, 0x02, 0xEC, 0xA9, 0x03, 0x02, 0x0F, 0x27, 0x00, 0x00, 0x28, 0x98, 0x03, 0x02
	.byte 0xA4, 0x83, 0xF6, 0x08, 0x64, 0xAC, 0x6F, 0x09, 0x00, 0xF0, 0xAA, 0xF9, 0x24, 0xE0, 0x0C, 0x4A
	.byte 0x10, 0x88, 0x01, 0x30, 0x10, 0x80, 0x00, 0x04, 0x00, 0x0C, 0x0A, 0x49, 0x88, 0x42, 0x00, 0xD9
	.byte 0x11, 0x80, 0x09, 0x48, 0x00, 0x68, 0x00, 0x28, 0x14, 0xD1, 0x00, 0xF0, 0x99, 0xF9, 0x07, 0x48
	.byte 0x20, 0x21, 0x51, 0xF7, 0xE5, 0xF9, 0x21, 0x68, 0x08, 0x61, 0x05, 0x48, 0x13, 0xE0, 0x00, 0x00
	.byte 0xF0, 0xA9, 0x03, 0x02, 0x0F, 0x27, 0x00, 0x00, 0x28, 0x98, 0x03, 0x02, 0xA4, 0x83, 0xF6, 0x08
	.byte 0x64, 0xAC, 0x6F, 0x09, 0x00, 0xF0, 0x2C, 0xF9, 0x0A, 0x48, 0x20, 0x21, 0x51, 0xF7, 0xD0, 0xF9
	.byte 0x21, 0x68, 0x08, 0x61, 0x08, 0x48, 0x20, 0x21, 0x51, 0xF7, 0xCA, 0xF9, 0x21, 0x68, 0x48, 0x61
	.byte 0x06, 0x48, 0x00, 0x68, 0x00, 0x28, 0x0D, 0xD1, 0x05, 0x4A, 0x11, 0x68, 0xF0, 0x20, 0x80, 0x01
	.byte 0x0C, 0xE0, 0x00, 0x00, 0x64, 0xAC, 0x6F, 0x09, 0xA4, 0x83, 0xF6, 0x08, 0x28, 0x98, 0x03, 0x02
	.byte 0x44, 0x4B, 0x03, 0x02, 0x0A, 0x4A, 0x11, 0x68, 0xB4, 0x20, 0x00, 0x02, 0x08, 0x62, 0xC0, 0x20
	.byte 0xC0, 0x01, 0x48, 0x62, 0x11, 0x68, 0x00, 0x20, 0x48, 0x80, 0x88, 0x80, 0x05, 0x49, 0x06, 0x48
	.byte 0x00, 0x88, 0x48, 0x86, 0x05, 0x48, 0x00, 0x78, 0x08, 0x73, 0x10, 0xBC, 0x01, 0xBC, 0x00, 0x47
	.byte 0x44, 0x4B, 0x03, 0x02, 0xB0, 0x9B, 0x03, 0x02, 0xC0, 0xAA, 0x03, 0x02, 0xB0, 0xAA, 0x03, 0x02
	thumb_func_start mode_sio_btl_cardget_1
mode_sio_btl_cardget_1: @ 080B16E4
	push {r4, lr}
	ldr r1, _080B1704 @ =0x02034B44
	ldr r0, [r1, #0x00]
	ldrb r0, [r0, #0x00]
	lsls r0, r0, #0x18
	asrs r0, r0, #0x18
	adds r4, r1, #0x0
	cmp r0, #0x09
	bls _080B16F8
	b _080B1836
_080B16F8:
	lsls r0, r0, #0x02
	ldr r1, _080B1708 @ =0x080B170C
	adds r0, r0, r1
	ldr r0, [r0, #0x00]
	mov pc, r0
	.byte 0x00, 0x00
_080B1704: .4byte 0x02034B44
_080B1708: .4byte 0x080B170C
	.byte 0x34, 0x17, 0x0B, 0x08, 0x3A, 0x17, 0x0B, 0x08, 0x40, 0x17, 0x0B, 0x08, 0x46, 0x17, 0x0B, 0x08
	.byte 0x5C, 0x17, 0x0B, 0x08, 0x72, 0x17, 0x0B, 0x08, 0xB4, 0x17, 0x0B, 0x08, 0xDC, 0x17, 0x0B, 0x08
	.byte 0xF0, 0x17, 0x0B, 0x08, 0x24, 0x18, 0x0B, 0x08, 0xFF, 0xF7, 0xFE, 0xFE, 0x78, 0xE0, 0xFF, 0xF7
	.byte 0x0D, 0xFF, 0x75, 0xE0, 0xFF, 0xF7, 0x30, 0xFF, 0x72, 0xE0, 0x21, 0x68, 0x88, 0x88, 0x01, 0x30
	.byte 0x88, 0x80, 0x00, 0x04, 0x00, 0x14, 0x04, 0x28, 0x5E, 0xDD, 0x00, 0x20, 0x88, 0x80, 0x51, 0xE0
	.byte 0x21, 0x68, 0x88, 0x88, 0x01, 0x30, 0x88, 0x80, 0x00, 0x04, 0x00, 0x14, 0x04, 0x28, 0x53, 0xDD
	.byte 0x00, 0x20, 0x88, 0x80, 0x4D, 0xE0, 0x4F, 0xF7, 0x0D, 0xFE, 0x0B, 0x21, 0x01, 0x40, 0x00, 0x29
	.byte 0x02, 0xD0, 0x09, 0x49, 0x09, 0x48, 0x48, 0x80, 0x09, 0x4A, 0x90, 0x88, 0x07, 0x49, 0x88, 0x42
	.byte 0x02, 0xD0, 0xD0, 0x88, 0x88, 0x42, 0x3F, 0xD1, 0x6A, 0x20, 0x6E, 0xF0, 0x6B, 0xFB, 0x05, 0x48
	.byte 0x01, 0x68, 0x00, 0x20, 0x88, 0x80, 0x34, 0xE0, 0x58, 0x9B, 0x03, 0x02, 0xFC, 0x45, 0x00, 0x00
	.byte 0x10, 0x98, 0x03, 0x02, 0x44, 0x4B, 0x03, 0x02, 0x21, 0x68, 0x88, 0x88, 0x01, 0x30, 0x88, 0x80
	.byte 0x00, 0x04, 0x00, 0x14, 0x04, 0x28, 0x27, 0xDD, 0x03, 0x48, 0x04, 0x49, 0x14, 0xF0, 0xFA, 0xFA
	.byte 0x14, 0xF0, 0x02, 0xFD, 0x1C, 0xE0, 0x00, 0x00, 0x09, 0x60, 0x0C, 0x08, 0xD9, 0x60, 0x0C, 0x08
	.byte 0x03, 0x48, 0x00, 0x78, 0x02, 0x28, 0x17, 0xD1, 0x21, 0x68, 0x00, 0x20, 0x88, 0x80, 0x10, 0xE0
	.byte 0x60, 0x9B, 0x03, 0x02, 0x21, 0x68, 0x88, 0x88, 0x01, 0x30, 0x88, 0x80, 0x00, 0x04, 0x00, 0x14
	.byte 0x04, 0x28, 0x09, 0xDD, 0x06, 0x48, 0x07, 0x49, 0x14, 0xF0, 0xDC, 0xFA, 0x14, 0xF0, 0x7A, 0xFA
	.byte 0x21, 0x68, 0x08, 0x78, 0x01, 0x30, 0x08, 0x70, 0x00, 0xF0, 0x18, 0xF8, 0x0D, 0xE0, 0x00, 0x00
	.byte 0x51, 0x5D, 0x0C, 0x08, 0x81, 0x5D, 0x0C, 0x08, 0x05, 0x48, 0x00, 0x21, 0x4F, 0xF7, 0x5A, 0xFC
	.byte 0x04, 0x48, 0x01, 0x68, 0x08, 0x78, 0x01, 0x30, 0x08, 0x70
_080B1836:
	pop {r4}
	pop {r0}
	bx r0
	.byte 0xDC, 0x14, 0xEF, 0x09, 0x44, 0x4B, 0x03, 0x02
	thumb_func_start mode_sio_btl_cardget_2
mode_sio_btl_cardget_2: @ 080B1844
	bx lr
	.byte 0x00, 0x00, 0x70, 0xB5, 0x84, 0xB0, 0x1B, 0x4D, 0x28, 0x68, 0x82, 0x69, 0x83, 0x68, 0x00, 0x69
	.byte 0x00, 0x90, 0x00, 0x24, 0x01, 0x94, 0x02, 0x94, 0x18, 0x4E, 0x03, 0x96, 0x3C, 0x20, 0x74, 0x21
	.byte 0x50, 0xF7, 0xBB, 0xFD, 0x28, 0x68, 0xC2, 0x69, 0xC3, 0x68, 0x40, 0x69, 0x00, 0x90, 0x01, 0x94
	.byte 0x02, 0x94, 0x03, 0x96, 0xB4, 0x20, 0x74, 0x21, 0x50, 0xF7, 0xAF, 0xFD, 0x28, 0x68, 0x82, 0x6B
	.byte 0x83, 0x6A, 0x00, 0x6B, 0x00, 0x90, 0x01, 0x94, 0x02, 0x94, 0xF0, 0x3E, 0x03, 0x96, 0x0D, 0x20
	.byte 0x24, 0x21, 0x50, 0xF7, 0xA2, 0xFD, 0x28, 0x68, 0xC2, 0x6B, 0xC3, 0x6A, 0x40, 0x6B, 0x00, 0x90
	.byte 0x01, 0x94, 0x02, 0x94, 0x03, 0x96, 0x87, 0x20, 0x24, 0x21, 0x50, 0xF7, 0x96, 0xFD, 0x04, 0xB0
	.byte 0x70, 0xBC, 0x01, 0xBC, 0x00, 0x47, 0x44, 0x4B, 0x03, 0x02, 0xF0, 0xFF, 0x00, 0x00
	thumb_func_start func_080B18C4
func_080B18C4: @ 080B18C4
	push {r4, r5, lr}
	ldr r1, _080B1944 @ =0x096F8C64
	movs r2, #0x80
	lsls r2, r2, #0x04
	movs r0, #0x02
	bl func_0800510C
	movs r5, #0xC8
	lsls r5, r5, #0x04
	ldr r1, _080B1948 @ =0x088B6560
	adds r0, r5, #0x0
	bl func_080028F8
	ldr r4, _080B194C @ =0x02034B44
	ldr r1, [r4, #0x00]
	str r0, [r1, #0x08]
	ldr r0, _080B1950 @ =0x09EDE8CC
	ldr r0, [r0, #0x48]
	str r0, [r1, #0x18]
	ldr r1, _080B1954 @ =0x091CF5D4
	adds r0, r5, #0x0
	bl func_080028F8
	ldr r1, [r4, #0x00]
	str r0, [r1, #0x0C]
	ldr r0, _080B1958 @ =0x09EEE4C8
	ldr r0, [r0, #0x18]
	str r0, [r1, #0x1C]
	ldr r0, _080B195C @ =0x0962CAFC
	movs r1, #0xD0
	lsls r1, r1, #0x03
	bl func_080026A4
	ldr r1, [r4, #0x00]
	str r0, [r1, #0x28]
	ldr r0, _080B1960 @ =0x096FBDE4
	movs r1, #0x20
	bl func_08002A14
	ldr r1, [r4, #0x00]
	str r0, [r1, #0x30]
	ldr r0, _080B1964 @ =0x09EF38DC
	ldr r0, [r0, #0x00]
	str r0, [r1, #0x38]
	ldr r0, _080B1968 @ =0x0962D196
	movs r1, #0xC0
	lsls r1, r1, #0x03
	bl func_080026A4
	ldr r1, [r4, #0x00]
	str r0, [r1, #0x2C]
	ldr r0, _080B196C @ =0x096FBE04
	movs r1, #0x20
	bl func_08002A14
	ldr r1, [r4, #0x00]
	str r0, [r1, #0x34]
	ldr r0, _080B1970 @ =0x09EF38E4
	ldr r0, [r0, #0x00]
	str r0, [r1, #0x3C]
	pop {r4, r5}
	pop {r0}
	bx r0
	.byte 0x00, 0x00
_080B1944: .4byte 0x096F8C64
_080B1948: .4byte 0x088B6560
_080B194C: .4byte 0x02034B44
_080B1950: .4byte 0x09EDE8CC
_080B1954: .4byte 0x091CF5D4
_080B1958: .4byte 0x09EEE4C8
_080B195C: .4byte 0x0962CAFC
_080B1960: .4byte 0x096FBDE4
_080B1964: .4byte 0x09EF38DC
_080B1968: .4byte 0x0962D196
_080B196C: .4byte 0x096FBE04
_080B1970: .4byte 0x09EF38E4
	thumb_func_start func_080B1974
func_080B1974: @ 080B1974
	push {r4, r5, lr}
	ldr r1, _080B19F4 @ =0x096F8464
	movs r2, #0x80
	lsls r2, r2, #0x04
	movs r0, #0x02
	bl func_0800510C
	movs r5, #0xC8
	lsls r5, r5, #0x04
	ldr r1, _080B19F8 @ =0x091CF5D4
	adds r0, r5, #0x0
	bl func_080028F8
	ldr r4, _080B19FC @ =0x02034B44
	ldr r1, [r4, #0x00]
	str r0, [r1, #0x08]
	ldr r0, _080B1A00 @ =0x09EEE4C8
	ldr r0, [r0, #0x18]
	str r0, [r1, #0x18]
	ldr r1, _080B1A04 @ =0x088B6560
	adds r0, r5, #0x0
	bl func_080028F8
	ldr r1, [r4, #0x00]
	str r0, [r1, #0x0C]
	ldr r0, _080B1A08 @ =0x09EDE8CC
	ldr r0, [r0, #0x48]
	str r0, [r1, #0x1C]
	ldr r0, _080B1A0C @ =0x0962D196
	movs r1, #0xC0
	lsls r1, r1, #0x03
	bl func_080026A4
	ldr r1, [r4, #0x00]
	str r0, [r1, #0x28]
	ldr r0, _080B1A10 @ =0x096FBE04
	movs r1, #0x20
	bl func_08002A14
	ldr r1, [r4, #0x00]
	str r0, [r1, #0x30]
	ldr r0, _080B1A14 @ =0x09EF38E4
	ldr r0, [r0, #0x00]
	str r0, [r1, #0x38]
	ldr r0, _080B1A18 @ =0x0962CAFC
	movs r1, #0xD0
	lsls r1, r1, #0x03
	bl func_080026A4
	ldr r1, [r4, #0x00]
	str r0, [r1, #0x2C]
	ldr r0, _080B1A1C @ =0x096FBDE4
	movs r1, #0x20
	bl func_08002A14
	ldr r1, [r4, #0x00]
	str r0, [r1, #0x34]
	ldr r0, _080B1A20 @ =0x09EF38DC
	ldr r0, [r0, #0x00]
	str r0, [r1, #0x3C]
	pop {r4, r5}
	pop {r0}
	bx r0
	.byte 0x00, 0x00
_080B19F4: .4byte 0x096F8464
_080B19F8: .4byte 0x091CF5D4
_080B19FC: .4byte 0x02034B44
_080B1A00: .4byte 0x09EEE4C8
_080B1A04: .4byte 0x088B6560
_080B1A08: .4byte 0x09EDE8CC
_080B1A0C: .4byte 0x0962D196
_080B1A10: .4byte 0x096FBE04
_080B1A14: .4byte 0x09EF38E4
_080B1A18: .4byte 0x0962CAFC
_080B1A1C: .4byte 0x096FBDE4
_080B1A20: .4byte 0x09EF38DC
	thumb_func_start mode_sio_chg_connect_0
mode_sio_chg_connect_0: @ 080B1A24
	push {r4, r5, lr}
	ldr r4, _080B1AF4 @ =0x02034B48
	movs r0, #0xB7
	lsls r0, r0, #0x02
	bl func_08000918
	str r0, [r4, #0x00]
	movs r0, #0x00
	movs r1, #0x10
	bl func_08006120
	bl func_08004DB0
	movs r0, #0x00
	movs r1, #0x00
	movs r2, #0x07
	movs r3, #0x0F
	bl func_08005074
	movs r0, #0x01
	movs r1, #0x01
	movs r2, #0x1F
	movs r3, #0x00
	bl func_08005074
	movs r0, #0x00
	bl func_08004FC8
	movs r0, #0x01
	bl func_08004FC8
	ldr r1, _080B1AF8 @ =0x096AD604
	movs r2, #0xA0
	lsls r2, r2, #0x01
	movs r0, #0x00
	bl func_080050B8
	ldr r1, _080B1AFC @ =0x096F6464
	movs r5, #0x80
	lsls r5, r5, #0x04
	movs r0, #0x00
	adds r2, r5, #0x0
	bl func_0800510C
	ldr r1, _080B1B00 @ =0x09611AB8
	movs r0, #0x00
	movs r2, #0x20
	bl func_080050DC
	ldr r1, _080B1B04 @ =0x096ACA44
	movs r2, #0xBC
	lsls r2, r2, #0x04
	movs r0, #0x01
	bl func_080050B8
	ldr r1, _080B1B08 @ =0x096FBA04
	movs r0, #0x01
	movs r2, #0x40
	bl func_080050DC
	ldr r1, _080B1B0C @ =0x096F5C64
	movs r0, #0x01
	adds r2, r5, #0x0
	bl func_0800510C
	ldr r0, [r4, #0x00]
	movs r2, #0x00
	movs r1, #0x00
	strh r1, [r0, #0x00]
	strh r1, [r0, #0x02]
	strb r2, [r0, #0x04]
	ldr r0, [r4, #0x00]
	strb r2, [r0, #0x05]
	ldr r0, [r4, #0x00]
	adds r0, #0x08
	movs r1, #0x5A
	bl func_08065ACC
	ldr r0, _080B1B10 @ =0x08159EC4
	ldr r1, [r4, #0x00]
	adds r1, #0x08
	bl func_08065B6C
	ldr r1, [r4, #0x00]
	strb r0, [r1, #0x05]
	ldr r0, _080B1B14 @ =0x096FBAA4
	movs r1, #0x20
	bl func_08002A14
	ldr r1, [r4, #0x00]
	movs r2, #0xB6
	lsls r2, r2, #0x02
	adds r1, r1, r2
	str r0, [r1, #0x00]
	bl func_08006E60
	ldr r0, _080B1B18 @ =0x080B1BE1
	ldr r1, _080B1B1C @ =0x080B1BFD
	movs r2, #0x01
	bl func_080C5A3C
	pop {r4, r5}
	pop {r0}
	bx r0
_080B1AF4: .4byte 0x02034B48
_080B1AF8: .4byte 0x096AD604
_080B1AFC: .4byte 0x096F6464
_080B1B00: .4byte 0x09611AB8
_080B1B04: .4byte 0x096ACA44
_080B1B08: .4byte 0x096FBA04
_080B1B0C: .4byte 0x096F5C64
_080B1B10: .4byte 0x08159EC4
_080B1B14: .4byte 0x096FBAA4
_080B1B18: .4byte 0x080B1BE1
_080B1B1C: .4byte 0x080B1BFD
	thumb_func_start mode_sio_chg_connect_1
mode_sio_chg_connect_1: @ 080B1B20
	push {r4, lr}
	add sp, #-0x008
	ldr r4, _080B1B38 @ =0x02034B48
	ldr r0, [r4, #0x00]
	ldrb r0, [r0, #0x04]
	lsls r0, r0, #0x18
	asrs r0, r0, #0x18
	cmp r0, #0x00
	beq _080B1B3C
	cmp r0, #0x01
	beq _080B1B42
	b _080B1B88
_080B1B38: .4byte 0x02034B48
_080B1B3C:
	bl func_080C54B4
	b _080B1B88
_080B1B42:
	bl func_080C54B4
	ldr r1, [r4, #0x00]
	ldrh r0, [r1, #0x02]
	adds r0, #0x01
	strh r0, [r1, #0x02]
	lsls r0, r0, #0x10
	asrs r0, r0, #0x10
	cmp r0, #0x04
	ble _080B1B88
	ldr r0, _080B1B7C @ =0x080C5D51
	ldr r1, _080B1B80 @ =0x080C5D81
	bl func_080C5DC0
	bl func_080C5D00
	ldr r2, _080B1B84 @ =0x03006C78
	ldrh r0, [r2, #0x00]
	movs r1, #0x01
	orrs r0, r1
	strh r0, [r2, #0x00]
	ldrh r0, [r2, #0x00]
	movs r1, #0x10
	orrs r0, r1
	strh r0, [r2, #0x00]
	bl func_080B1C14
	b _080B1BA8
	.byte 0x00, 0x00
_080B1B7C: .4byte 0x080C5D51
_080B1B80: .4byte 0x080C5D81
_080B1B84: .4byte 0x03006C78
_080B1B88:
	ldr r0, _080B1BB0 @ =0x02034B48
	ldr r1, [r0, #0x00]
	adds r2, r1, #0x0
	adds r2, #0x08
	movs r3, #0xB6
	lsls r3, r3, #0x02
	adds r0, r1, r3
	ldr r3, [r0, #0x00]
	movs r0, #0x14
	str r0, [sp, #0x000]
	ldrb r0, [r1, #0x05]
	str r0, [sp, #0x004]
	movs r0, #0x3D
	movs r1, #0x44
	bl func_080664D8
_080B1BA8:
	add sp, #0x008
	pop {r4}
	pop {r0}
	bx r0
_080B1BB0: .4byte 0x02034B48
	thumb_func_start mode_sio_chg_connect_2
mode_sio_chg_connect_2: @ 080B1BB4
	push {r4, lr}
	ldr r4, _080B1BDC @ =0x02034B48
	ldr r0, [r4, #0x00]
	movs r1, #0xB6
	lsls r1, r1, #0x02
	adds r0, r0, r1
	ldr r0, [r0, #0x00]
	bl func_08002C10
	ldr r0, [r4, #0x00]
	adds r0, #0x08
	movs r1, #0x5A
	bl func_08065AE0
	ldr r0, [r4, #0x00]
	bl func_080009C4
	pop {r4}
	pop {r0}
	bx r0
_080B1BDC: .4byte 0x02034B48
	.byte 0x00, 0xB5, 0x6A, 0x20, 0x6E, 0xF0, 0x44, 0xF9, 0x03, 0x48, 0x01, 0x68, 0x08, 0x79, 0x01, 0x30
	.byte 0x08, 0x71, 0x01, 0xBC, 0x00, 0x47, 0x00, 0x00, 0x48, 0x4B, 0x03, 0x02, 0x00, 0xB5, 0x68, 0x20
	.byte 0x6E, 0xF0, 0x36, 0xF9, 0x02, 0x48, 0x03, 0x21, 0x4F, 0xF7, 0x60, 0xFA, 0x01, 0xBC, 0x00, 0x47
	.byte 0xF8, 0x12, 0xEF, 0x09
	thumb_func_start func_080B1C14
func_080B1C14: @ 080B1C14
	push {lr}
	ldr r0, _080B1C24 @ =0x02039828
	ldr r1, [r0, #0x00]
	cmp r1, #0x00
	bne _080B1C2C
	ldr r0, _080B1C28 @ =0x0203AB10
	strb r1, [r0, #0x00]
	b _080B1C32
_080B1C24: .4byte 0x02039828
_080B1C28: .4byte 0x0203AB10
_080B1C2C:
	ldr r1, _080B1C60 @ =0x0203AB10
	movs r0, #0x05
	strb r0, [r1, #0x00]
_080B1C32:
	ldr r0, _080B1C64 @ =0x09EF15A8
	ldr r2, _080B1C68 @ =0x0203AB20
	movs r3, #0x80
	lsls r3, r3, #0x04
	adds r1, r2, #0x0
	adds r1, #0x12
_080B1C3E:
	strh r3, [r1, #0x00]
	subs r1, #0x02
	cmp r1, r2
	bge _080B1C3E
	ldr r2, _080B1C6C @ =0x0203AB34
	movs r3, #0x00
	adds r1, r2, #0x1
_080B1C4C:
	strb r3, [r1, #0x00]
	subs r1, #0x01
	cmp r1, r2
	bge _080B1C4C
	movs r1, #0x80
	lsls r1, r1, #0x04
	bl func_080010CC
	pop {r0}
	bx r0
_080B1C60: .4byte 0x0203AB10
_080B1C64: .4byte 0x09EF15A8
_080B1C68: .4byte 0x0203AB20
_080B1C6C: .4byte 0x0203AB34
	thumb_func_start func_080B1C70
func_080B1C70: @ 080B1C70
	push {r4, r5, r6, lr}
	mov r6, r8
	push {r6}
	add sp, #-0x004
	adds r6, r0, #0x0
	adds r5, r1, #0x0
	lsls r6, r6, #0x10
	lsrs r6, r6, #0x10
	lsls r5, r5, #0x10
	lsls r2, r2, #0x10
	lsrs r2, r2, #0x10
	lsrs r5, r5, #0x0C
	ldr r0, _080B1CC8 @ =0x09619444
	adds r5, r5, r0
	ldr r0, _080B1CCC @ =0x02034B4C
	mov r8, r0
	lsls r1, r6, #0x01
	adds r1, r1, r6
	lsls r1, r1, #0x03
	adds r1, #0x20
	ldr r0, [r0, #0x00]
	adds r0, r0, r1
	ldrb r1, [r5, #0x0C]
	ldr r3, [r5, #0x04]
	ldr r4, [r5, #0x00]
	str r4, [sp, #0x000]
	bl func_08005974
	mov r1, r8
	ldr r0, [r1, #0x00]
	lsls r6, r6, #0x02
	adds r0, #0x08
	adds r0, r0, r6
	ldr r0, [r0, #0x00]
	ldr r1, [r5, #0x08]
	bl func_08002A10
	add sp, #0x004
	pop {r3}
	mov r8, r3
	pop {r4, r5, r6}
	pop {r0}
	bx r0
	.byte 0x00, 0x00
_080B1CC8: .4byte 0x09619444
_080B1CCC: .4byte 0x02034B4C
	thumb_func_start mode_sio_chg_card_0
mode_sio_chg_card_0: @ 080B1CD0
	push {r4, r5, r6, lr}
	adds r5, r0, #0x0
	ldr r6, _080B1DBC @ =0x02034B4C
	ldr r0, _080B1DC0 @ =0x00000BF8
	bl func_08000918
	str r0, [r6, #0x00]
	bl func_08004DB0
	movs r0, #0x00
	movs r1, #0x00
	movs r2, #0x07
	movs r3, #0x00
	bl func_08005074
	movs r0, #0x00
	movs r1, #0x00
	bl func_080055C8
	movs r0, #0x00
	movs r1, #0x01
	bl func_08005654
	movs r0, #0x00
	movs r1, #0x00
	bl func_080055EC
	movs r0, #0x01
	movs r1, #0x00
	movs r2, #0x0F
	movs r3, #0x00
	bl func_08005074
	movs r0, #0x01
	movs r1, #0x01
	bl func_080055C8
	movs r0, #0x01
	movs r1, #0x01
	bl func_08005654
	movs r0, #0x01
	movs r1, #0x00
	bl func_080055EC
	movs r0, #0x02
	movs r1, #0x00
	movs r2, #0x18
	movs r3, #0x00
	bl func_08005074
	movs r0, #0x02
	movs r1, #0x02
	bl func_080055C8
	movs r0, #0x02
	movs r1, #0x01
	bl func_08005654
	movs r0, #0x02
	movs r1, #0x00
	bl func_080055EC
	ldr r4, _080B1DC4 @ =0x096B2BE4
	movs r0, #0x00
	bl func_08005130
	adds r1, r0, #0x0
	movs r2, #0x80
	lsls r2, r2, #0x06
	adds r0, r4, #0x0
	bl func_080043B4
	movs r0, #0x00
	bl func_0800501C
	movs r0, #0x01
	bl func_0800501C
	movs r0, #0x02
	bl func_0800501C
	ldr r0, [r6, #0x00]
	movs r3, #0x00
	movs r2, #0x00
	strh r2, [r0, #0x02]
	strh r2, [r0, #0x04]
	adds r0, #0xA4
	strb r3, [r0, #0x00]
	ldr r0, [r6, #0x00]
	strb r3, [r0, #0x01]
	ldr r0, [r6, #0x00]
	ldr r4, _080B1DC8 @ =0x00000404
	adds r1, r0, r4
	strh r2, [r1, #0x00]
	movs r1, #0xBE
	lsls r1, r1, #0x04
	adds r0, r0, r1
	strb r3, [r0, #0x00]
	ldr r0, [r6, #0x00]
	ldr r3, _080B1DCC @ =0x00000202
	adds r0, r0, r3
	strh r5, [r0, #0x00]
	ldr r2, _080B1DD0 @ =0x02039B58
	ldr r0, _080B1DD4 @ =0x0203AB10
	ldrb r1, [r0, #0x00]
	movs r0, #0x0F
	ands r0, r1
	lsls r0, r0, #0x0C
	adds r5, #0x01
	ldr r4, _080B1DD8 @ =0x00000FFF
	adds r1, r4, #0x0
	ands r5, r1
	orrs r0, r5
	strh r0, [r2, #0x06]
	pop {r4, r5, r6}
	pop {r0}
	bx r0
_080B1DBC: .4byte 0x02034B4C
_080B1DC0: .4byte 0x00000BF8
_080B1DC4: .4byte 0x096B2BE4
_080B1DC8: .4byte 0x00000404
_080B1DCC: .4byte 0x00000202
_080B1DD0: .4byte 0x02039B58
_080B1DD4: .4byte 0x0203AB10
_080B1DD8: .4byte 0x00000FFF
	.byte 0x30, 0xB5, 0x1C, 0x4C, 0x00, 0x20, 0x53, 0xF7, 0xA5, 0xF9, 0x01, 0x1C, 0x80, 0x20, 0x80, 0x01
	.byte 0x09, 0x18, 0x8E, 0x22, 0x52, 0x01, 0x20, 0x1C, 0x52, 0xF7, 0xDE, 0xFA, 0x16, 0x49, 0x00, 0x20
	.byte 0xE0, 0x22, 0x53, 0xF7, 0x6D, 0xF9, 0x15, 0x49, 0x80, 0x22, 0x12, 0x01, 0x00, 0x20, 0x53, 0xF7
	.byte 0x7F, 0xF9, 0x00, 0x20, 0x53, 0xF7, 0x04, 0xF9, 0x01, 0x20, 0x53, 0xF7, 0x01, 0xF9, 0x02, 0x20
	.byte 0x53, 0xF7, 0xFE, 0xF8, 0x0E, 0x4C, 0x0F, 0x48, 0x00, 0x78, 0x0F, 0x21, 0x01, 0x40, 0x09, 0x03
	.byte 0x0D, 0x48, 0x03, 0x68, 0x0D, 0x4A, 0x98, 0x18, 0x00, 0x88, 0x01, 0x30, 0x0C, 0x4D, 0x2A, 0x1C
	.byte 0x10, 0x40, 0x01, 0x43, 0xE1, 0x80, 0x58, 0x78, 0x01, 0x30, 0x58, 0x70, 0x30, 0xBC, 0x01, 0xBC
	.byte 0x00, 0x47, 0x00, 0x00, 0xE4, 0x4B, 0x6B, 0x09, 0x24, 0xBE, 0x6F, 0x09, 0x64, 0xA4, 0x6F, 0x09
	.byte 0x58, 0x9B, 0x03, 0x02, 0x10, 0xAB, 0x03, 0x02, 0x4C, 0x4B, 0x03, 0x02, 0x02, 0x02, 0x00, 0x00
	.byte 0xFF, 0x0F, 0x00, 0x00, 0xF0, 0xB5, 0x57, 0x46, 0x4E, 0x46, 0x45, 0x46, 0xE0, 0xB4, 0x00, 0x20
	.byte 0x10, 0x21, 0x54, 0xF7, 0x4F, 0xF9, 0x2E, 0x49, 0x80, 0x24, 0x24, 0x01, 0x01, 0x20, 0x22, 0x1C
	.byte 0x53, 0xF7, 0x3E, 0xF9, 0x2B, 0x49, 0x02, 0x20, 0x22, 0x1C, 0x53, 0xF7, 0x39, 0xF9, 0x00, 0x20
	.byte 0x53, 0xF7, 0xBE, 0xF8, 0x01, 0x20, 0x53, 0xF7, 0x91, 0xF8, 0x02, 0x20, 0x53, 0xF7, 0x8E, 0xF8
	.byte 0x25, 0x4B, 0x1D, 0x68, 0x25, 0x48, 0x00, 0x78, 0x00, 0x06, 0x00, 0x16, 0x2C, 0x1C, 0x76, 0x34
	.byte 0x20, 0x80, 0x23, 0x4A, 0x00, 0x20, 0x21, 0x5E, 0x48, 0x00, 0x40, 0x18, 0x80, 0x00, 0x80, 0x18
	.byte 0x00, 0x88, 0x29, 0x1C, 0x7A, 0x31, 0x08, 0x80, 0x00, 0x20, 0x21, 0x5E, 0x48, 0x00, 0x40, 0x18
	.byte 0x80, 0x00, 0x80, 0x18, 0x41, 0x88, 0x28, 0x1C, 0x7C, 0x30, 0x01, 0x80, 0x21, 0x88, 0x04, 0x38
	.byte 0x01, 0x80, 0x29, 0x1C, 0x74, 0x31, 0x01, 0x20, 0x08, 0x70, 0x00, 0x27, 0x98, 0x46, 0x00, 0x26
	.byte 0x20, 0x25, 0x00, 0x24, 0xC8, 0x20, 0x00, 0x01, 0x00, 0x21, 0x50, 0xF7, 0xF7, 0xFC, 0x02, 0x1C
	.byte 0x41, 0x46, 0x08, 0x68, 0x01, 0x1C, 0x08, 0x31, 0x89, 0x19, 0x0A, 0x60, 0x40, 0x19, 0x00, 0x21
	.byte 0x00, 0x22, 0x53, 0xF7, 0x23, 0xFD, 0x0B, 0x48, 0x38, 0x18, 0x00, 0x78, 0x00, 0x06, 0x00, 0x16
	.byte 0x00, 0x28, 0x11, 0xD1, 0x20, 0x0C, 0x00, 0x21, 0x00, 0x22, 0xFF, 0xF7, 0x9B, 0xFE, 0x10, 0xE0
	.byte 0x64, 0x9C, 0x6F, 0x09, 0x64, 0x94, 0x6F, 0x09, 0x4C, 0x4B, 0x03, 0x02, 0x10, 0xAB, 0x03, 0x02
	.byte 0x0C, 0x15, 0xEF, 0x09, 0x34, 0xAB, 0x03, 0x02, 0x20, 0x0C, 0x02, 0x21, 0x00, 0x22, 0xFF, 0xF7
	.byte 0x89, 0xFE, 0x42, 0x46, 0x10, 0x68, 0x40, 0x19, 0x53, 0xF7, 0xCA, 0xFD, 0x43, 0x46, 0x19, 0x68
	.byte 0x18, 0x31, 0x89, 0x19, 0x08, 0x60, 0x04, 0x36, 0x18, 0x35, 0x80, 0x20, 0x40, 0x02, 0x24, 0x18
	.byte 0x01, 0x37, 0x01, 0x2F, 0xBE, 0xDD, 0x06, 0x48, 0x00, 0x68, 0x00, 0x28, 0x10, 0xD1, 0x05, 0x48
	.byte 0x20, 0x21, 0x50, 0xF7, 0x41, 0xFD, 0x04, 0x4C, 0x21, 0x68, 0x08, 0x61, 0x03, 0x48, 0x0F, 0xE0
	.byte 0x28, 0x98, 0x03, 0x02, 0xA4, 0x83, 0xF6, 0x08, 0x4C, 0x4B, 0x03, 0x02, 0x64, 0xAC, 0x6F, 0x09
	.byte 0x54, 0x48, 0x20, 0x21, 0x50, 0xF7, 0x30, 0xFD, 0x53, 0x4C, 0x21, 0x68, 0x08, 0x61, 0x53, 0x48
	.byte 0x20, 0x21, 0x50, 0xF7, 0x29, 0xFD, 0x21, 0x68, 0x48, 0x61, 0x51, 0x48, 0xF0, 0x21, 0xC9, 0x00
	.byte 0x50, 0xF7, 0x6A, 0xFB, 0x4C, 0x4C, 0x21, 0x68, 0x08, 0x65, 0x4E, 0x48, 0x20, 0x21, 0x50, 0xF7
	.byte 0x1B, 0xFD, 0x01, 0x1C, 0x20, 0x68, 0x41, 0x65, 0x5C, 0x30, 0x4B, 0x49, 0x4B, 0x4A, 0x53, 0xF7
	.byte 0xBD, 0xFC, 0x20, 0x68, 0x5C, 0x30, 0x00, 0x21, 0x01, 0x22, 0x53, 0xF7, 0xD5, 0xFC, 0x20, 0x68
	.byte 0x5C, 0x30, 0x53, 0xF7, 0x7D, 0xFD, 0x21, 0x68, 0x88, 0x65, 0x45, 0x48, 0xE0, 0x21, 0x49, 0x00
	.byte 0x50, 0xF7, 0x4A, 0xFB, 0x21, 0x68, 0x80, 0x31, 0x08, 0x60, 0x42, 0x48, 0x20, 0x21, 0x50, 0xF7
	.byte 0xFB, 0xFC, 0x02, 0x1C, 0x20, 0x68, 0x01, 0x1C, 0x84, 0x31, 0x0A, 0x60, 0x8C, 0x30, 0x3E, 0x49
	.byte 0x3E, 0x4A, 0x53, 0xF7, 0x9B, 0xFC, 0x20, 0x68, 0x8C, 0x30, 0x00, 0x21, 0x01, 0x22, 0x53, 0xF7
	.byte 0xB3, 0xFC, 0x20, 0x68, 0x8C, 0x30, 0x53, 0xF7, 0x5B, 0xFD, 0x21, 0x68, 0x88, 0x31, 0x08, 0x60
	.byte 0x00, 0x27, 0xA0, 0x46, 0x36, 0x4E, 0x80, 0x21, 0x49, 0x00, 0x89, 0x46, 0x00, 0x22, 0x92, 0x46
	.byte 0x00, 0x25, 0x34, 0x49, 0x78, 0x00, 0x44, 0x18, 0x21, 0x88, 0x80, 0x20, 0x00, 0x01, 0x81, 0x42
	.byte 0x66, 0xD1, 0x43, 0x46, 0x18, 0x68, 0xA5, 0x30, 0xC0, 0x19, 0x00, 0x24, 0x04, 0x70, 0x1B, 0x68
	.byte 0x1A, 0x1C, 0xB0, 0x32, 0x52, 0x19, 0x2C, 0x49, 0x51, 0x44, 0x00, 0x24, 0x08, 0x5F, 0x00, 0x02
	.byte 0x10, 0x60, 0xD8, 0x33, 0x5B, 0x19, 0x02, 0x22, 0x88, 0x5E, 0x00, 0x02, 0x18, 0x60, 0x70, 0x69
	.byte 0x80, 0x21, 0x89, 0x00, 0x50, 0xF7, 0x00, 0xFB, 0x43, 0x46, 0x19, 0x68, 0x49, 0x44, 0x49, 0x19
	.byte 0x08, 0x60, 0xB0, 0x69, 0x20, 0x21, 0x50, 0xF7, 0xAF, 0xFC, 0x44, 0x46, 0x22, 0x68, 0x94, 0x23
	.byte 0x5B, 0x00, 0xD1, 0x18, 0x49, 0x19, 0x08, 0x60, 0xA8, 0x24, 0x64, 0x00, 0x10, 0x19, 0x40, 0x19
	.byte 0x31, 0x69, 0x01, 0x60, 0xC0, 0x21, 0x49, 0x00, 0x50, 0x18, 0x40, 0x19, 0x17, 0x4B, 0x19, 0x68
	.byte 0x01, 0x60, 0x58, 0x34, 0x10, 0x19, 0x40, 0x19, 0x49, 0x46, 0x01, 0x60, 0xE8, 0x23, 0x5B, 0x00
	.byte 0xD0, 0x18, 0x40, 0x19, 0x01, 0x60, 0x50, 0x34, 0x10, 0x19, 0xC0, 0x19, 0x00, 0x21, 0x01, 0x70
	.byte 0x7A, 0xE0, 0x00, 0x00, 0x64, 0xAC, 0x6F, 0x09, 0x4C, 0x4B, 0x03, 0x02, 0xA4, 0x83, 0xF6, 0x08
	.byte 0xA8, 0xDE, 0x62, 0x09, 0x04, 0xBF, 0x6F, 0x09, 0x20, 0x39, 0xEF, 0x09, 0x0C, 0x39, 0xEF, 0x09
	.byte 0x90, 0xB0, 0x62, 0x09, 0xA4, 0xBA, 0x6F, 0x09, 0xB4, 0x38, 0xEF, 0x09, 0x94, 0x38, 0xEF, 0x09
	.byte 0xB0, 0x0A, 0xF7, 0x08, 0x20, 0xAB, 0x03, 0x02, 0x0C, 0x15, 0xEF, 0x09, 0x1C, 0x98, 0xEE, 0x09
	.byte 0x42, 0x46, 0x10, 0x68, 0xA5, 0x30, 0xC0, 0x19, 0x01, 0x21, 0x01, 0x70, 0x13, 0x68, 0x1A, 0x1C
	.byte 0xB0, 0x32, 0x52, 0x19, 0x94, 0x46, 0x68, 0x49, 0x51, 0x44, 0x00, 0x22, 0x88, 0x5E, 0x00, 0x02
	.byte 0x62, 0x46, 0x10, 0x60, 0xD8, 0x33, 0x5B, 0x19, 0x02, 0x22, 0x88, 0x5E, 0x00, 0x02, 0x18, 0x60
	.byte 0x00, 0x23, 0xE1, 0x5E, 0x34, 0x20, 0x0C, 0x1C, 0x44, 0x43, 0x30, 0x1C, 0x14, 0x30, 0x20, 0x18
	.byte 0x00, 0x68, 0x80, 0x21, 0x89, 0x00, 0x50, 0xF7, 0x8F, 0xFA, 0x42, 0x46, 0x11, 0x68, 0x49, 0x44
	.byte 0x49, 0x19, 0x08, 0x60, 0x30, 0x1C, 0x18, 0x30, 0x20, 0x18, 0x00, 0x68, 0x20, 0x21, 0x50, 0xF7
	.byte 0x3B, 0xFC, 0x43, 0x46, 0x1A, 0x68, 0x94, 0x23, 0x5B, 0x00, 0xD1, 0x18, 0x49, 0x19, 0x08, 0x60
	.byte 0xA8, 0x20, 0x40, 0x00, 0x11, 0x18, 0x49, 0x19, 0x30, 0x1C, 0x10, 0x30, 0x20, 0x18, 0x00, 0x68
	.byte 0x08, 0x60, 0x58, 0x33, 0xD1, 0x18, 0x49, 0x19, 0xA4, 0x19, 0x20, 0x34, 0x20, 0x78, 0x80, 0x00
	.byte 0x4A, 0x4C, 0x00, 0x19, 0x00, 0x68, 0x08, 0x60, 0xD4, 0x21, 0x49, 0x00, 0x50, 0x18, 0x40, 0x19
	.byte 0x4B, 0x46, 0x03, 0x60, 0xE8, 0x24, 0x64, 0x00, 0x10, 0x19, 0x40, 0x19, 0x03, 0x60, 0x50, 0x31
	.byte 0x50, 0x18, 0xC0, 0x19, 0x00, 0x22, 0x02, 0x70, 0x0C, 0x23, 0x9A, 0x44, 0x04, 0x35, 0x01, 0x37
	.byte 0x09, 0x2F, 0x00, 0xDC, 0x2D, 0xE7, 0x00, 0x25, 0x3D, 0x48, 0xF0, 0x21, 0x49, 0x00, 0x50, 0xF7
	.byte 0x4B, 0xFA, 0x3C, 0x4C, 0x21, 0x68, 0xBC, 0x22, 0x52, 0x00, 0x89, 0x18, 0x08, 0x60, 0x3A, 0x48
	.byte 0x20, 0x21, 0x50, 0xF7, 0xF9, 0xFB, 0x21, 0x68, 0xBE, 0x23, 0x5B, 0x00, 0xC9, 0x18, 0x08, 0x60
	.byte 0x36, 0x48, 0xC0, 0x21, 0x09, 0x01, 0x50, 0xF7, 0x37, 0xFA, 0x22, 0x68, 0x81, 0x23, 0x9B, 0x00
	.byte 0xD1, 0x18, 0x08, 0x60, 0x82, 0x20, 0x80, 0x00, 0x11, 0x18, 0x31, 0x48, 0x00, 0x68, 0x08, 0x60
	.byte 0x83, 0x21, 0x89, 0x00, 0x50, 0x18, 0x05, 0x70, 0x20, 0x68, 0x84, 0x25, 0xAD, 0x00, 0x40, 0x19
	.byte 0x2A, 0x21, 0xB3, 0xF7, 0x35, 0xFC, 0x2B, 0x48, 0x21, 0x68, 0x49, 0x19, 0xB3, 0xF7, 0x80, 0xFC
	.byte 0x21, 0x68, 0x29, 0x4A, 0x89, 0x18, 0x08, 0x70, 0x20, 0x68, 0x28, 0x4B, 0xC2, 0x18, 0x00, 0x26
	.byte 0x44, 0x21, 0x11, 0x80, 0x26, 0x49, 0x42, 0x18, 0x7C, 0x21, 0x11, 0x80, 0xD9, 0x25, 0xAD, 0x00
	.byte 0x40, 0x19, 0x14, 0x21, 0xB3, 0xF7, 0x1C, 0xFC, 0x22, 0x48, 0xC0, 0x68, 0x21, 0x68, 0x49, 0x19
	.byte 0xB3, 0xF7, 0x66, 0xFC, 0x21, 0x68, 0x20, 0x4A, 0x89, 0x18, 0x08, 0x70, 0x20, 0x68, 0xD8, 0x23
	.byte 0x9B, 0x00, 0xC0, 0x18, 0x06, 0x70, 0x20, 0x68, 0x1C, 0x49, 0x40, 0x18, 0x0B, 0x21, 0x4E, 0xF7
	.byte 0xD3, 0xFD, 0x1B, 0x4D, 0x1B, 0x48, 0x00, 0x78, 0x0F, 0x21, 0x01, 0x40, 0x09, 0x03, 0x23, 0x68
	.byte 0x19, 0x4A, 0x98, 0x18, 0x00, 0x88, 0x01, 0x30, 0x18, 0x4C, 0x22, 0x1C, 0x10, 0x40, 0x01, 0x43
	.byte 0xE9, 0x80, 0x58, 0x78, 0x01, 0x30, 0x58, 0x70, 0x38, 0xBC, 0x98, 0x46, 0xA1, 0x46, 0xAA, 0x46
	.byte 0xF0, 0xBC, 0x01, 0xBC, 0x00, 0x47, 0x00, 0x00, 0x0C, 0x15, 0xEF, 0x09, 0x1C, 0x98, 0xEE, 0x09
	.byte 0xE8, 0xEA, 0x05, 0x09, 0x4C, 0x4B, 0x03, 0x02, 0xB8, 0x1A, 0x61, 0x09, 0x8E, 0x8C, 0x3F, 0x09
	.byte 0x78, 0x12, 0xEF, 0x09, 0x94, 0xA3, 0x15, 0x08, 0x0D, 0x02, 0x00, 0x00, 0xDC, 0x0B, 0x00, 0x00
	.byte 0xDE, 0x0B, 0x00, 0x00, 0xB0, 0x0A, 0xF7, 0x08, 0x61, 0x03, 0x00, 0x00, 0xE4, 0x0B, 0x00, 0x00
	.byte 0x58, 0x9B, 0x03, 0x02, 0x10, 0xAB, 0x03, 0x02, 0x02, 0x02, 0x00, 0x00, 0xFF, 0x0F, 0x00, 0x00
	thumb_func_start mode_sio_chg_card_1
mode_sio_chg_card_1: @ 080B233C
	push {lr}
	ldr r0, _080B2358 @ =0x02034B4C
	ldr r0, [r0, #0x00]
	ldrb r0, [r0, #0x01]
	lsls r0, r0, #0x18
	asrs r0, r0, #0x18
	cmp r0, #0x0D
	bhi _080B241A
	lsls r0, r0, #0x02
	ldr r1, _080B235C @ =0x080B2360
	adds r0, r0, r1
	ldr r0, [r0, #0x00]
	mov pc, r0
	.byte 0x00, 0x00
_080B2358: .4byte 0x02034B4C
_080B235C: .4byte 0x080B2360
	.byte 0x98, 0x23, 0x0B, 0x08, 0x9E, 0x23, 0x0B, 0x08, 0xA4, 0x23, 0x0B, 0x08, 0xAE, 0x23, 0x0B, 0x08
	.byte 0xB8, 0x23, 0x0B, 0x08, 0xC2, 0x23, 0x0B, 0x08, 0xCC, 0x23, 0x0B, 0x08, 0xD6, 0x23, 0x0B, 0x08
	.byte 0xE0, 0x23, 0x0B, 0x08, 0xEA, 0x23, 0x0B, 0x08, 0xF4, 0x23, 0x0B, 0x08, 0xFE, 0x23, 0x0B, 0x08
	.byte 0x08, 0x24, 0x0B, 0x08, 0x12, 0x24, 0x0B, 0x08, 0xFF, 0xF7, 0x20, 0xFD, 0x3D, 0xE0, 0xFF, 0xF7
	.byte 0x67, 0xFD, 0x3A, 0xE0, 0x00, 0xF0, 0x3C, 0xF8, 0x00, 0xF0, 0x92, 0xFC, 0x35, 0xE0, 0x00, 0xF0
	.byte 0x67, 0xF8, 0x00, 0xF0, 0x8D, 0xFC, 0x30, 0xE0, 0x00, 0xF0, 0xE6, 0xF9, 0x00, 0xF0, 0x88, 0xFC
	.byte 0x2B, 0xE0, 0x00, 0xF0, 0x47, 0xFA, 0x00, 0xF0, 0x83, 0xFC, 0x26, 0xE0, 0x00, 0xF0, 0x6C, 0xFA
	.byte 0x00, 0xF0, 0x7E, 0xFC, 0x21, 0xE0, 0x00, 0xF0, 0xD9, 0xFA, 0x00, 0xF0, 0x79, 0xFC, 0x1C, 0xE0
	.byte 0x00, 0xF0, 0xEC, 0xFA, 0x00, 0xF0, 0x74, 0xFC, 0x17, 0xE0, 0x00, 0xF0, 0xF5, 0xFA, 0x00, 0xF0
	.byte 0x6F, 0xFC, 0x12, 0xE0, 0x00, 0xF0, 0x32, 0xFB, 0x00, 0xF0, 0x6A, 0xFC, 0x0D, 0xE0, 0x00, 0xF0
	.byte 0x73, 0xFB, 0x00, 0xF0, 0x65, 0xFC, 0x08, 0xE0, 0x00, 0xF0, 0x9E, 0xFB, 0x00, 0xF0, 0x60, 0xFC
	.byte 0x03, 0xE0, 0x00, 0xF0, 0xB1, 0xFB, 0x00, 0xF0, 0x5B, 0xFC
_080B241A:
	pop {r0}
	bx r0
	.byte 0x00, 0x00, 0x10, 0xB5, 0x12, 0x4C, 0x21, 0x68, 0x88, 0x88, 0x01, 0x30, 0x88, 0x80, 0x00, 0x04
	.byte 0x00, 0x14, 0x05, 0x28, 0x07, 0xDD, 0x00, 0xF0, 0xC4, 0xFD, 0x00, 0xF0, 0xE4, 0xFE, 0x21, 0x68
	.byte 0x48, 0x78, 0x01, 0x30, 0x48, 0x70, 0x0A, 0x4B, 0x0B, 0x48, 0x00, 0x78, 0x0F, 0x21, 0x01, 0x40
	.byte 0x09, 0x03, 0x20, 0x68, 0x09, 0x4A, 0x80, 0x18, 0x00, 0x88, 0x01, 0x30, 0x08, 0x4C, 0x22, 0x1C
	.byte 0x10, 0x40, 0x01, 0x43, 0xD9, 0x80, 0x10, 0xBC, 0x01, 0xBC, 0x00, 0x47, 0x00, 0x00, 0x4C, 0x4B
	.byte 0x03, 0x02, 0x58, 0x9B, 0x03, 0x02, 0x10, 0xAB, 0x03, 0x02, 0x02, 0x02, 0x00, 0x00, 0xFF, 0x0F
	.byte 0x00, 0x00, 0x70, 0xB5, 0x4E, 0xF7, 0x85, 0xFF, 0x10, 0x4C, 0x10, 0x4B, 0x19, 0x1C, 0x01, 0x40
	.byte 0xA0, 0x22, 0xD2, 0x01, 0x10, 0x1C, 0x00, 0x25, 0x01, 0x43, 0xA1, 0x80, 0x0D, 0x48, 0x00, 0x78
	.byte 0x0F, 0x21, 0x01, 0x40, 0x09, 0x03, 0x0B, 0x48, 0x02, 0x68, 0x0B, 0x4E, 0x90, 0x19, 0x00, 0x88
	.byte 0x01, 0x30, 0x18, 0x40, 0x01, 0x43, 0xE1, 0x80, 0xA4, 0x32, 0x00, 0x20, 0x10, 0x56, 0x00, 0x28
	.byte 0x0D, 0xD1, 0x00, 0xF0, 0x48, 0xFF, 0x0E, 0xE0, 0x00, 0x00, 0x58, 0x9B, 0x03, 0x02, 0xFF, 0x0F
	.byte 0x00, 0x00, 0x10, 0xAB, 0x03, 0x02, 0x4C, 0x4B, 0x03, 0x02, 0x02, 0x02, 0x00, 0x00, 0x01, 0xF0
	.byte 0x8C, 0xFC, 0x0D, 0x48, 0x60, 0x80, 0x0D, 0x48, 0x81, 0x88, 0x0B, 0x48, 0x81, 0x42, 0x1E, 0xD1
	.byte 0x0C, 0x4C, 0x00, 0x20, 0x20, 0x56, 0x00, 0x28, 0x07, 0xD1, 0x00, 0x20, 0x01, 0x21, 0x00, 0x22
	.byte 0xFF, 0xF7, 0xB7, 0xFB, 0x66, 0x20, 0x6D, 0xF0, 0xB4, 0xFC, 0x06, 0x48, 0x07, 0x49, 0xC0, 0x22
	.byte 0x51, 0xF7, 0x51, 0xFF, 0x01, 0x20, 0x27, 0xE0, 0x00, 0x00, 0xC7, 0x1A, 0x00, 0x00, 0x10, 0x98
	.byte 0x03, 0x02, 0x34, 0xAB, 0x03, 0x02, 0xA4, 0x5F, 0x6B, 0x09, 0x20, 0x00, 0x00, 0x06, 0x1B, 0x48
	.byte 0x81, 0x42, 0x1A, 0xD1, 0x1B, 0x4C, 0x00, 0x20, 0x20, 0x56, 0x01, 0x28, 0x0E, 0xD1, 0x00, 0x20
	.byte 0x00, 0x21, 0x00, 0x22, 0xFF, 0xF7, 0x95, 0xFB, 0x68, 0x20, 0x6D, 0xF0, 0x92, 0xFC, 0x15, 0x48
	.byte 0x00, 0x68, 0x83, 0x21, 0x89, 0x00, 0x40, 0x18, 0x00, 0x21, 0x01, 0x70, 0x13, 0x48, 0x13, 0x49
	.byte 0xC0, 0x22, 0x51, 0xF7, 0x28, 0xFF, 0x00, 0x20, 0x20, 0x70, 0x11, 0x48, 0xC1, 0x88, 0x11, 0x48
	.byte 0x81, 0x42, 0x26, 0xD1, 0x0B, 0x4C, 0x01, 0x20, 0x20, 0x56, 0x00, 0x28, 0x07, 0xD1, 0x01, 0x20
	.byte 0x01, 0x21, 0x00, 0x22, 0xFF, 0xF7, 0x75, 0xFB, 0x66, 0x20, 0x6D, 0xF0, 0x72, 0xFC, 0x0A, 0x48
	.byte 0x0B, 0x49, 0xC0, 0x22, 0x51, 0xF7, 0x0F, 0xFF, 0x01, 0x20, 0x2F, 0xE0, 0x00, 0x00, 0x9A, 0x2B
	.byte 0x00, 0x00, 0x34, 0xAB, 0x03, 0x02, 0x4C, 0x4B, 0x03, 0x02, 0xE4, 0x5E, 0x6B, 0x09, 0x20, 0x00
	.byte 0x00, 0x06, 0x10, 0x98, 0x03, 0x02, 0xC7, 0x1A, 0x00, 0x00, 0xA4, 0x63, 0x6B, 0x09, 0xE0, 0x00
	.byte 0x00, 0x06, 0x38, 0x48, 0x81, 0x42, 0x1A, 0xD1, 0x38, 0x4C, 0x01, 0x20, 0x20, 0x56, 0x01, 0x28
	.byte 0x0E, 0xD1, 0x01, 0x20, 0x00, 0x21, 0x00, 0x22, 0xFF, 0xF7, 0x4B, 0xFB, 0x68, 0x20, 0x6D, 0xF0
	.byte 0x48, 0xFC, 0x32, 0x48, 0x00, 0x68, 0x83, 0x22, 0x92, 0x00, 0x80, 0x18, 0x00, 0x21, 0x01, 0x70
	.byte 0x30, 0x48, 0x30, 0x49, 0xC0, 0x22, 0x51, 0xF7, 0xDE, 0xFE, 0x00, 0x20, 0x60, 0x70, 0x2A, 0x49
	.byte 0x00, 0x20, 0x08, 0x56, 0x01, 0x28, 0x21, 0xD1, 0x01, 0x20, 0x08, 0x56, 0x01, 0x28, 0x1D, 0xD1
	.byte 0x27, 0x4C, 0x21, 0x68, 0x00, 0x20, 0x88, 0x80, 0x6A, 0x20, 0x6D, 0xF0, 0x2A, 0xFC, 0x26, 0x48
	.byte 0x21, 0x68, 0x84, 0x26, 0xB6, 0x00, 0x89, 0x19, 0xB3, 0xF7, 0xA1, 0xFA, 0x21, 0x68, 0x23, 0x4A
	.byte 0x89, 0x18, 0x08, 0x70, 0x21, 0x68, 0x22, 0x4E, 0x8A, 0x19, 0x40, 0x20, 0x10, 0x80, 0x21, 0x48
	.byte 0x0A, 0x18, 0x72, 0x20, 0x10, 0x80, 0x48, 0x78, 0x01, 0x30, 0x48, 0x70, 0x1F, 0x4B, 0x9A, 0x88
	.byte 0x1F, 0x48, 0x82, 0x42, 0x02, 0xD0, 0xD9, 0x88, 0x81, 0x42, 0x3C, 0xD1, 0x18, 0x89, 0xF0, 0x24
	.byte 0x24, 0x02, 0x22, 0x1C, 0x02, 0x40, 0xA0, 0x20, 0xC0, 0x01, 0x82, 0x42, 0x72, 0xD1, 0x59, 0x89
	.byte 0x20, 0x1C, 0x08, 0x40, 0x90, 0x42, 0x6D, 0xD1, 0x0D, 0x48, 0x00, 0x68, 0xBE, 0x21, 0x09, 0x01
	.byte 0x40, 0x18, 0x00, 0x78, 0x00, 0x06, 0x00, 0x16, 0x00, 0x28, 0x63, 0xD1, 0x68, 0x20, 0x6D, 0xF0
	.byte 0xF0, 0xFB, 0x01, 0xF0, 0x86, 0xFB, 0x13, 0xF0, 0x8E, 0xF8, 0x0D, 0x48, 0x03, 0x21, 0x4E, 0xF7
	.byte 0x16, 0xFD, 0x57, 0xE0, 0x00, 0x00, 0x9A, 0x2B, 0x00, 0x00, 0x34, 0xAB, 0x03, 0x02, 0x4C, 0x4B
	.byte 0x03, 0x02, 0xE4, 0x62, 0x6B, 0x09, 0xE0, 0x00, 0x00, 0x06, 0xC0, 0xA3, 0x15, 0x08, 0x0D, 0x02
	.byte 0x00, 0x00, 0xDC, 0x0B, 0x00, 0x00, 0xDE, 0x0B, 0x00, 0x00, 0x10, 0x98, 0x03, 0x02, 0xCA, 0xA4
	.byte 0x00, 0x00, 0xFC, 0x14, 0xEF, 0x09, 0x0D, 0x48, 0x82, 0x42, 0x22, 0xD1, 0x0D, 0x4C, 0x20, 0x68
	.byte 0xBE, 0x22, 0x12, 0x01, 0x80, 0x18, 0x0A, 0x21, 0x01, 0x70, 0x0A, 0x48, 0x00, 0x68, 0x00, 0x28
	.byte 0x30, 0xD1, 0x66, 0x20, 0x6D, 0xF0, 0xBD, 0xFB, 0x08, 0x49, 0x20, 0x68, 0x76, 0x30, 0x00, 0x88
	.byte 0x08, 0x70, 0x06, 0x48, 0x00, 0x21, 0x4E, 0xF7, 0xE2, 0xFC, 0x23, 0xE0, 0x00, 0x00, 0x58, 0x1D
	.byte 0x00, 0x00, 0x4C, 0x4B, 0x03, 0x02, 0x28, 0x98, 0x03, 0x02, 0x10, 0xAB, 0x03, 0x02, 0x20, 0x8F
	.byte 0xEE, 0x09, 0x81, 0x42, 0x16, 0xD1, 0x14, 0x4C, 0x20, 0x68, 0xBE, 0x26, 0x36, 0x01, 0x80, 0x19
	.byte 0x0A, 0x21, 0x01, 0x70, 0x12, 0x48, 0x00, 0x68, 0x01, 0x28, 0x0B, 0xD1, 0x66, 0x20, 0x6D, 0xF0
	.byte 0x98, 0xFB, 0x0F, 0x49, 0x20, 0x68, 0x76, 0x30, 0x00, 0x88, 0x08, 0x70, 0x0E, 0x48, 0x00, 0x21
	.byte 0x4E, 0xF7, 0xBD, 0xFC, 0x00, 0xF0, 0x35, 0xFC, 0x00, 0xF0, 0x55, 0xFD, 0x07, 0x48, 0x00, 0x68
	.byte 0xBE, 0x22, 0x12, 0x01, 0x81, 0x18, 0x0A, 0x78, 0x00, 0x20, 0x08, 0x56, 0x00, 0x28, 0x01, 0xDD
	.byte 0x50, 0x1E, 0x08, 0x70, 0x70, 0xBC, 0x01, 0xBC, 0x00, 0x47, 0x4C, 0x4B, 0x03, 0x02, 0x28, 0x98
	.byte 0x03, 0x02, 0x10, 0xAB, 0x03, 0x02, 0x20, 0x8F, 0xEE, 0x09, 0x10, 0xB5, 0x4E, 0xF7, 0x01, 0xFE
	.byte 0x01, 0x21, 0x01, 0x40, 0x00, 0x29, 0x06, 0xD0, 0x01, 0x49, 0x01, 0x48, 0x0B, 0xE0, 0x58, 0x9B
	.byte 0x03, 0x02, 0x01, 0xEF, 0x00, 0x00, 0x4E, 0xF7, 0xF4, 0xFD, 0x02, 0x21, 0x01, 0x40, 0x00, 0x29
	.byte 0x02, 0xD0, 0x1F, 0x49, 0x20, 0x48, 0x48, 0x80, 0x20, 0x4A, 0x90, 0x88, 0x20, 0x49, 0x88, 0x42
	.byte 0x02, 0xD0, 0xD0, 0x88, 0x88, 0x42, 0x19, 0xD1, 0x1E, 0x4C, 0x21, 0x68, 0x00, 0x20, 0x88, 0x80
	.byte 0x1D, 0x48, 0x84, 0x22, 0x92, 0x00, 0x89, 0x18, 0xB3, 0xF7, 0xC9, 0xF9, 0x21, 0x68, 0x1A, 0x4A
	.byte 0x89, 0x18, 0x08, 0x70, 0x21, 0x68, 0x19, 0x48, 0x0A, 0x18, 0x47, 0x20, 0x10, 0x80, 0x18, 0x48
	.byte 0x0A, 0x18, 0x7C, 0x20, 0x10, 0x80, 0x48, 0x78, 0x01, 0x30, 0x48, 0x70, 0x0F, 0x4A, 0x90, 0x88
	.byte 0x0D, 0x49, 0x88, 0x42, 0x02, 0xD0, 0xD0, 0x88, 0x88, 0x42, 0x0B, 0xD1, 0x68, 0x20, 0x6D, 0xF0
	.byte 0x30, 0xFB, 0x0B, 0x4C, 0x21, 0x68, 0x00, 0x20, 0x88, 0x80, 0x01, 0xF0, 0x26, 0xF9, 0x21, 0x68
	.byte 0x03, 0x20, 0x48, 0x70, 0x00, 0xF0, 0xCD, 0xFB, 0x00, 0xF0, 0xED, 0xFC, 0x10, 0xBC, 0x01, 0xBC
	.byte 0x00, 0x47, 0x58, 0x9B, 0x03, 0x02, 0xFA, 0x58, 0x00, 0x00, 0x10, 0x98, 0x03, 0x02, 0x01, 0xEF
	.byte 0x00, 0x00, 0x4C, 0x4B, 0x03, 0x02, 0x04, 0xA4, 0x15, 0x08, 0x0D, 0x02, 0x00, 0x00, 0xDC, 0x0B
	.byte 0x00, 0x00, 0xDE, 0x0B, 0x00, 0x00, 0x00, 0xB5, 0x01, 0xF0, 0x05, 0xFA, 0x01, 0xF0, 0x65, 0xFA
	.byte 0x06, 0x49, 0x09, 0x68, 0x06, 0x4A, 0x89, 0x18, 0x00, 0x22, 0x08, 0x80, 0x00, 0x04, 0x00, 0x14
	.byte 0x01, 0x28, 0x0A, 0xD1, 0x03, 0x49, 0x03, 0x48, 0x09, 0xE0, 0x4C, 0x4B, 0x03, 0x02, 0x04, 0x04
	.byte 0x00, 0x00, 0x58, 0x9B, 0x03, 0x02, 0x23, 0xEF, 0x00, 0x00, 0x04, 0x49, 0x05, 0x48, 0x48, 0x80
	.byte 0x05, 0x48, 0x01, 0x68, 0x48, 0x78, 0x01, 0x30, 0x48, 0x70, 0x01, 0xBC, 0x00, 0x47, 0x58, 0x9B
	.byte 0x03, 0x02, 0x69, 0x12, 0x00, 0x00, 0x4C, 0x4B, 0x03, 0x02, 0x30, 0xB5, 0x05, 0x48, 0x00, 0x68
	.byte 0x05, 0x49, 0x40, 0x18, 0x00, 0x22, 0x80, 0x5E, 0x01, 0x28, 0x0A, 0xD1, 0x03, 0x49, 0x03, 0x48
	.byte 0x09, 0xE0, 0x4C, 0x4B, 0x03, 0x02, 0x04, 0x04, 0x00, 0x00, 0x58, 0x9B, 0x03, 0x02, 0x23, 0xEF
	.byte 0x00, 0x00, 0x23, 0x49, 0x24, 0x48, 0x48, 0x80, 0x24, 0x4A, 0x91, 0x88, 0x24, 0x48, 0x81, 0x42
	.byte 0x15, 0xD1, 0xD0, 0x88, 0x88, 0x42, 0x12, 0xD1, 0x6A, 0x20, 0x6D, 0xF0, 0xC2, 0xFA, 0x20, 0x48
	.byte 0x03, 0x68, 0x00, 0x20, 0x98, 0x80, 0x1F, 0x4A, 0x96, 0x20, 0x40, 0x00, 0x12, 0x18, 0x1E, 0x49
	.byte 0x58, 0x18, 0x41, 0x68, 0x00, 0x68, 0x10, 0x60, 0x51, 0x60, 0x08, 0x20, 0x58, 0x70, 0x16, 0x4A
	.byte 0x90, 0x88, 0x14, 0x49, 0x88, 0x42, 0x02, 0xD0, 0xD0, 0x88, 0x88, 0x42, 0x1E, 0xD1, 0x69, 0x20
	.byte 0x6D, 0xF0, 0xA7, 0xFA, 0x16, 0x48, 0x12, 0x4C, 0x21, 0x68, 0x84, 0x22, 0x92, 0x00, 0x89, 0x18
	.byte 0xB3, 0xF7, 0x1D, 0xF9, 0x21, 0x68, 0x12, 0x4A, 0x89, 0x18, 0x00, 0x25, 0x08, 0x70, 0x21, 0x68
	.byte 0x11, 0x48, 0x0A, 0x18, 0x3F, 0x20, 0x10, 0x80, 0x10, 0x4A, 0x89, 0x18, 0x76, 0x20, 0x08, 0x80
	.byte 0x01, 0xF0, 0xB7, 0xF9, 0x21, 0x68, 0x8D, 0x80, 0x07, 0x20, 0x48, 0x70, 0x30, 0xBC, 0x01, 0xBC
	.byte 0x00, 0x47, 0x58, 0x9B, 0x03, 0x02, 0x69, 0x12, 0x00, 0x00, 0x10, 0x98, 0x03, 0x02, 0x23, 0xEF
	.byte 0x00, 0x00, 0x4C, 0x4B, 0x03, 0x02, 0xB0, 0x9B, 0x03, 0x02, 0xD4, 0x0B, 0x00, 0x00, 0xB6, 0xA4
	.byte 0x15, 0x08, 0x0D, 0x02, 0x00, 0x00, 0xDC, 0x0B, 0x00, 0x00, 0xDE, 0x0B, 0x00, 0x00, 0x10, 0xB5
	.byte 0x07, 0x4C, 0x21, 0x68, 0x8A, 0x88, 0x04, 0x23, 0xC8, 0x5E, 0xB3, 0x28, 0x09, 0xDD, 0x00, 0x20
	.byte 0x88, 0x80, 0x01, 0xF0, 0x62, 0xF8, 0x21, 0x68, 0x03, 0x20, 0x48, 0x70, 0x03, 0xE0, 0x4C, 0x4B
	.byte 0x03, 0x02, 0x50, 0x1C, 0x88, 0x80, 0x10, 0xBC, 0x01, 0xBC, 0x00, 0x47, 0x00, 0x00, 0x00, 0xB5
	.byte 0x01, 0xF0, 0xCD, 0xF8, 0x04, 0x48, 0x01, 0x68, 0x00, 0x20, 0x88, 0x80, 0x48, 0x78, 0x01, 0x30
	.byte 0x48, 0x70, 0x01, 0xBC, 0x00, 0x47, 0x4C, 0x4B, 0x03, 0x02, 0x00, 0xB5, 0x0D, 0x48, 0x00, 0x68
	.byte 0x0D, 0x49, 0x40, 0x18, 0x4E, 0xF7, 0x5F, 0xFA, 0x12, 0xF0, 0xA3, 0xFF, 0x00, 0x06, 0x00, 0x28
	.byte 0x1B, 0xD1, 0x09, 0x48, 0x00, 0x78, 0x00, 0x06, 0x00, 0x16, 0x00, 0x28, 0x1E, 0xD1, 0x07, 0x48
	.byte 0x80, 0x68, 0x10, 0x21, 0x08, 0x40, 0x00, 0x28, 0x0B, 0xD0, 0x01, 0x20, 0x56, 0xF7, 0x45, 0xFC
	.byte 0x14, 0xE0, 0x4C, 0x4B, 0x03, 0x02, 0xE4, 0x0B, 0x00, 0x00, 0xE4, 0xA9, 0x03, 0x02, 0xB0, 0x9B
	.byte 0x03, 0x02, 0x00, 0x20, 0x56, 0xF7, 0x39, 0xFC, 0x08, 0xE0, 0x08, 0x4A, 0x11, 0x88, 0x08, 0x48
	.byte 0x08, 0x40, 0x10, 0x80, 0x08, 0x48, 0x00, 0x21, 0x4E, 0xF7, 0x49, 0xFB, 0x07, 0x48, 0x01, 0x68
	.byte 0x00, 0x20, 0x88, 0x80, 0x48, 0x78, 0x01, 0x30, 0x48, 0x70, 0x01, 0xBC, 0x00, 0x47, 0x78, 0x6C
	.byte 0x00, 0x03, 0xFE, 0xFF, 0x00, 0x00, 0xB8, 0x15, 0xEF, 0x09, 0x4C, 0x4B, 0x03, 0x02, 0x10, 0xB5
	.byte 0x1C, 0x4C, 0x20, 0x68, 0x1C, 0x49, 0x40, 0x18, 0x4E, 0xF7, 0x1D, 0xFA, 0x21, 0x68, 0x04, 0x22
	.byte 0x88, 0x5E, 0x50, 0x28, 0x04, 0xD1, 0x83, 0x20, 0x80, 0x00, 0x09, 0x18, 0x00, 0x20, 0x08, 0x70
	.byte 0x21, 0x68, 0x88, 0x88, 0x01, 0x30, 0x88, 0x80, 0x00, 0x04, 0x00, 0x14, 0xC7, 0x28, 0x1C, 0xDD
	.byte 0x00, 0x20, 0x88, 0x80, 0x83, 0x22, 0x92, 0x00, 0x89, 0x18, 0x01, 0x20, 0x08, 0x70, 0x0E, 0x48
	.byte 0x21, 0x68, 0x04, 0x32, 0x89, 0x18, 0xB3, 0xF7, 0x62, 0xF8, 0x21, 0x68, 0x0C, 0x4A, 0x89, 0x18
	.byte 0x08, 0x70, 0x21, 0x68, 0x0B, 0x48, 0x0A, 0x18, 0x46, 0x20, 0x10, 0x80, 0x0A, 0x48, 0x0A, 0x18
	.byte 0x77, 0x20, 0x10, 0x80, 0x48, 0x78, 0x01, 0x30, 0x48, 0x70, 0x10, 0xBC, 0x01, 0xBC, 0x00, 0x47
	.byte 0x00, 0x00, 0x4C, 0x4B, 0x03, 0x02, 0xE4, 0x0B, 0x00, 0x00, 0x28, 0xA4, 0x15, 0x08, 0x0D, 0x02
	.byte 0x00, 0x00, 0xDC, 0x0B, 0x00, 0x00, 0xDE, 0x0B, 0x00, 0x00, 0x10, 0xB5, 0x12, 0x4C, 0x21, 0x68
	.byte 0x88, 0x88, 0x01, 0x30, 0x88, 0x80, 0x00, 0x04, 0x00, 0x14, 0x77, 0x28, 0x17, 0xDD, 0x00, 0x20
	.byte 0x88, 0x80, 0x0D, 0x48, 0x84, 0x22, 0x92, 0x00, 0x89, 0x18, 0xB3, 0xF7, 0x30, 0xF8, 0x21, 0x68
	.byte 0x0B, 0x4A, 0x89, 0x18, 0x08, 0x70, 0x21, 0x68, 0x0A, 0x48, 0x0A, 0x18, 0x53, 0x20, 0x10, 0x80
	.byte 0x09, 0x48, 0x0A, 0x18, 0x7C, 0x20, 0x10, 0x80, 0x48, 0x78, 0x01, 0x30, 0x48, 0x70, 0x10, 0xBC
	.byte 0x01, 0xBC, 0x00, 0x47, 0x00, 0x00, 0x4C, 0x4B, 0x03, 0x02, 0xFA, 0xB3, 0x15, 0x08, 0x0D, 0x02
	.byte 0x00, 0x00, 0xDC, 0x0B, 0x00, 0x00, 0xDE, 0x0B, 0x00, 0x00, 0x0A, 0x4A, 0x11, 0x68, 0x88, 0x88
	.byte 0x01, 0x30, 0x88, 0x80, 0x00, 0x04, 0x00, 0x14, 0x77, 0x28, 0x0A, 0xDD, 0x00, 0x20, 0x88, 0x80
	.byte 0x83, 0x20, 0x80, 0x00, 0x09, 0x18, 0x00, 0x20, 0x08, 0x70, 0x11, 0x68, 0x48, 0x78, 0x01, 0x30
	.byte 0x48, 0x70, 0x70, 0x47, 0x00, 0x00, 0x4C, 0x4B, 0x03, 0x02, 0x10, 0xB5, 0x08, 0x48, 0x08, 0x49
	.byte 0x41, 0x80, 0x08, 0x4A, 0x90, 0x88, 0x88, 0x42, 0x02, 0xD0, 0xD0, 0x88, 0x88, 0x42, 0x26, 0xD1
	.byte 0x06, 0x48, 0x00, 0x68, 0x00, 0x28, 0x0C, 0xD1, 0x05, 0x49, 0x00, 0x20, 0x0B, 0xE0, 0x58, 0x9B
	.byte 0x03, 0x02, 0xFD, 0x25, 0x00, 0x00, 0x10, 0x98, 0x03, 0x02, 0x28, 0x98, 0x03, 0x02, 0x10, 0xAB
	.byte 0x03, 0x02, 0x0C, 0x49, 0x05, 0x20, 0x08, 0x70, 0x0C, 0x4B, 0x0C, 0x4C, 0x0D, 0x49, 0x80, 0x22
	.byte 0x12, 0x01, 0x08, 0x1C, 0x12, 0x30, 0x02, 0x80, 0x02, 0x38, 0x88, 0x42, 0xFB, 0xDA, 0x00, 0x20
	.byte 0x18, 0x70, 0x58, 0x70, 0x80, 0x21, 0x09, 0x01, 0x20, 0x1C, 0x4E, 0xF7, 0x78, 0xFA, 0x10, 0xBC
	.byte 0x01, 0xBC, 0x00, 0x47, 0x00, 0x00, 0x10, 0xAB, 0x03, 0x02, 0x34, 0xAB, 0x03, 0x02, 0xA8, 0x15
	.byte 0xEF, 0x09, 0x20, 0xAB, 0x03, 0x02
	thumb_func_start mode_sio_chg_card_2
mode_sio_chg_card_2: @ 080B2BF4
	push {r4, r5, r6, lr}
	ldr r4, _080B2CC8 @ =0x02034B4C
	ldr r0, [r4, #0x00]
	ldr r0, [r0, #0x08]
	bl func_080028C0
	ldr r0, [r4, #0x00]
	ldr r0, [r0, #0x0C]
	bl func_080028C0
	ldr r0, [r4, #0x00]
	ldr r0, [r0, #0x10]
	bl func_08002C10
	ldr r0, [r4, #0x00]
	ldr r0, [r0, #0x14]
	bl func_08002C10
	ldr r0, [r4, #0x00]
	ldr r0, [r0, #0x50]
	bl func_080028C0
	ldr r0, [r4, #0x00]
	ldr r0, [r0, #0x54]
	bl func_08002C10
	ldr r0, [r4, #0x00]
	adds r0, #0x80
	ldr r0, [r0, #0x00]
	bl func_080028C0
	ldr r0, [r4, #0x00]
	adds r0, #0x84
	ldr r0, [r0, #0x00]
	bl func_08002C10
	movs r5, #0x00
	adds r6, r4, #0x0
_080B2C40:
	ldr r0, [r6, #0x00]
	lsls r4, r5, #0x02
	movs r1, #0x80
	lsls r1, r1, #0x01
	adds r0, r0, r1
	adds r0, r0, r4
	ldr r0, [r0, #0x00]
	bl func_080028C0
	ldr r0, [r6, #0x00]
	movs r1, #0x94
	lsls r1, r1, #0x01
	adds r0, r0, r1
	adds r0, r0, r4
	ldr r0, [r0, #0x00]
	bl func_08002C10
	adds r5, #0x01
	cmp r5, #0x09
	ble _080B2C40
	ldr r4, _080B2CC8 @ =0x02034B4C
	ldr r0, [r4, #0x00]
	movs r1, #0xBC
	lsls r1, r1, #0x01
	adds r0, r0, r1
	ldr r0, [r0, #0x00]
	bl func_080028C0
	ldr r0, [r4, #0x00]
	movs r1, #0xBE
	lsls r1, r1, #0x01
	adds r0, r0, r1
	ldr r0, [r0, #0x00]
	bl func_08002C10
	ldr r0, [r4, #0x00]
	movs r1, #0x81
	lsls r1, r1, #0x02
	adds r0, r0, r1
	ldr r0, [r0, #0x00]
	bl func_080028C0
	ldr r0, [r4, #0x00]
	movs r1, #0x84
	lsls r1, r1, #0x02
	adds r0, r0, r1
	movs r1, #0x2A
	bl func_08065AE0
	ldr r0, [r4, #0x00]
	movs r1, #0xD9
	lsls r1, r1, #0x02
	adds r0, r0, r1
	movs r1, #0x14
	bl func_08065AE0
	ldr r0, [r4, #0x00]
	ldr r1, _080B2CCC @ =0x00000BE4
	adds r0, r0, r1
	bl func_08000F0C
	ldr r0, [r4, #0x00]
	bl func_080009C4
	pop {r4, r5, r6}
	pop {r0}
	bx r0
	.byte 0x00, 0x00
_080B2CC8: .4byte 0x02034B4C
_080B2CCC: .4byte 0x00000BE4
	thumb_func_start func_080B2CD0
func_080B2CD0: @ 080B2CD0
	push {r4, r5, r6, r7, lr}
	mov r7, r10
	mov r6, r9
	mov r5, r8
	push {r5, r6, r7}
	add sp, #-0x010
	ldr r5, _080B2F8C @ =0x02034B4C
	ldr r0, [r5, #0x00]
	adds r0, #0x20
	bl func_08005A64
	adds r1, r0, #0x0
	ldr r0, [r5, #0x00]
	str r1, [r0, #0x18]
	adds r0, #0x38
	bl func_08005A64
	adds r1, r0, #0x0
	ldr r0, [r5, #0x00]
	str r1, [r0, #0x1C]
	adds r0, #0x5C
	bl func_08005A64
	adds r1, r0, #0x0
	ldr r0, [r5, #0x00]
	str r1, [r0, #0x58]
	adds r0, #0x8C
	bl func_08005A64
	ldr r1, [r5, #0x00]
	adds r2, r1, #0x0
	adds r2, #0x88
	str r0, [r2, #0x00]
	ldr r2, [r1, #0x18]
	ldr r3, [r1, #0x08]
	ldr r0, [r1, #0x10]
	str r0, [sp, #0x000]
	movs r7, #0x00
	str r7, [sp, #0x004]
	ldr r0, _080B2F90 @ =0x00000401
	str r0, [sp, #0x008]
	ldr r4, _080B2F94 @ =0x0000FFFF
	str r4, [sp, #0x00C]
	movs r0, #0x48
	movs r1, #0x48
	bl func_080023E0
	ldr r0, [r5, #0x00]
	ldr r2, [r0, #0x1C]
	ldr r3, [r0, #0x0C]
	ldr r0, [r0, #0x14]
	str r0, [sp, #0x000]
	str r7, [sp, #0x004]
	movs r6, #0x80
	lsls r6, r6, #0x03
	str r6, [sp, #0x008]
	str r4, [sp, #0x00C]
	movs r0, #0xA8
	movs r1, #0x48
	bl func_080023E0
	ldr r4, [r5, #0x00]
	adds r0, r4, #0x0
	adds r0, #0x74
	ldrb r0, [r0, #0x00]
	lsls r0, r0, #0x18
	asrs r0, r0, #0x18
	cmp r0, #0x01
	bne _080B2DB6
	adds r0, r4, #0x0
	adds r0, #0x7A
	movs r1, #0x00
	ldsh r0, [r0, r1]
	adds r1, r4, #0x0
	adds r1, #0x7C
	movs r2, #0x00
	ldsh r1, [r1, r2]
	ldr r2, [r4, #0x58]
	ldr r3, [r4, #0x50]
	ldr r4, [r4, #0x54]
	str r4, [sp, #0x000]
	str r7, [sp, #0x004]
	str r6, [sp, #0x008]
	ldr r4, _080B2F98 @ =0x0000FFC0
	str r4, [sp, #0x00C]
	bl func_080023E0
	ldr r4, [r5, #0x00]
	adds r0, r4, #0x0
	adds r0, #0x7A
	ldrh r0, [r0, #0x00]
	adds r0, #0x02
	lsls r0, r0, #0x10
	asrs r0, r0, #0x10
	adds r1, r4, #0x0
	adds r1, #0x7C
	ldrh r1, [r1, #0x00]
	subs r1, #0x08
	lsls r1, r1, #0x10
	asrs r1, r1, #0x10
	adds r2, r4, #0x0
	adds r2, #0x88
	ldr r2, [r2, #0x00]
	adds r3, r4, #0x0
	adds r3, #0x80
	ldr r3, [r3, #0x00]
	adds r4, #0x84
	ldr r4, [r4, #0x00]
	str r4, [sp, #0x000]
	str r7, [sp, #0x004]
	str r6, [sp, #0x008]
	ldr r4, _080B2F9C @ =0x0000FFA0
	str r4, [sp, #0x00C]
	bl func_080023E0
_080B2DB6:
	movs r6, #0x00
	mov r9, r5
_080B2DBA:
	mov r3, r9
	ldr r2, [r3, #0x00]
	adds r0, r2, #0x0
	adds r0, #0xA5
	adds r0, r0, r6
	ldrb r0, [r0, #0x00]
	lsls r0, r0, #0x18
	asrs r0, r0, #0x18
	cmp r0, #0x01
	bne _080B2EB6
	movs r4, #0xFC
	lsls r4, r4, #0x01
	adds r0, r2, r4
	adds r0, r0, r6
	ldrb r0, [r0, #0x00]
	lsls r5, r6, #0x02
	movs r7, #0xD4
	lsls r7, r7, #0x01
	adds r1, r2, r7
	adds r1, r1, r5
	ldr r1, [r1, #0x00]
	movs r3, #0xE8
	lsls r3, r3, #0x01
	adds r2, r2, r3
	adds r2, r2, r5
	ldr r2, [r2, #0x00]
	movs r3, #0x01
	bl func_08002CB4
	mov r10, r0
	mov r7, r9
	ldr r4, [r7, #0x00]
	adds r0, r4, #0x0
	adds r0, #0xB0
	adds r0, r0, r5
	ldr r0, [r0, #0x00]
	asrs r0, r0, #0x08
	adds r0, #0x10
	lsls r0, r0, #0x10
	asrs r0, r0, #0x10
	adds r1, r4, #0x0
	adds r1, #0xD8
	adds r1, r1, r5
	ldr r1, [r1, #0x00]
	asrs r1, r1, #0x08
	adds r1, #0x14
	lsls r1, r1, #0x10
	asrs r1, r1, #0x10
	movs r3, #0xA8
	lsls r3, r3, #0x01
	adds r2, r4, r3
	adds r2, r2, r5
	ldr r2, [r2, #0x00]
	movs r7, #0x80
	lsls r7, r7, #0x01
	adds r3, r4, r7
	adds r3, r3, r5
	ldr r3, [r3, #0x00]
	adds r7, #0x28
	adds r4, r4, r7
	adds r4, r4, r5
	ldr r4, [r4, #0x00]
	str r4, [sp, #0x000]
	mov r4, r10
	str r4, [sp, #0x004]
	movs r7, #0x80
	lsls r7, r7, #0x03
	mov r8, r7
	mov r4, r8
	str r4, [sp, #0x008]
	ldr r4, _080B2FA0 @ =0x0000FFF0
	str r4, [sp, #0x00C]
	bl func_080023E0
	ldr r2, _080B2FA4 @ =0x08F70AB0
	ldr r1, _080B2FA8 @ =0x0203AB20
	lsls r0, r6, #0x01
	adds r0, r0, r1
	ldrh r1, [r0, #0x00]
	movs r0, #0x34
	muls r0, r1
	adds r0, r0, r2
	adds r0, #0x2A
	ldrb r0, [r0, #0x00]
	cmp r0, #0x03
	beq _080B2EB6
	mov r7, r9
	ldr r4, [r7, #0x00]
	adds r0, r4, #0x0
	adds r0, #0xB0
	adds r0, r0, r5
	ldr r0, [r0, #0x00]
	asrs r0, r0, #0x08
	adds r0, #0x0D
	lsls r0, r0, #0x10
	asrs r0, r0, #0x10
	adds r1, r4, #0x0
	adds r1, #0xD8
	adds r1, r1, r5
	ldr r1, [r1, #0x00]
	asrs r1, r1, #0x08
	adds r1, #0x10
	lsls r1, r1, #0x10
	asrs r1, r1, #0x10
	movs r3, #0xC0
	lsls r3, r3, #0x01
	adds r2, r4, r3
	adds r2, r2, r5
	ldr r2, [r2, #0x00]
	movs r5, #0xBC
	lsls r5, r5, #0x01
	adds r3, r4, r5
	ldr r3, [r3, #0x00]
	movs r7, #0xBE
	lsls r7, r7, #0x01
	adds r4, r4, r7
	ldr r4, [r4, #0x00]
	str r4, [sp, #0x000]
	mov r4, r10
	str r4, [sp, #0x004]
	mov r5, r8
	str r5, [sp, #0x008]
	ldr r4, _080B2FAC @ =0x0000FFE0
	str r4, [sp, #0x00C]
	bl func_080023E0
_080B2EB6:
	adds r6, #0x01
	cmp r6, #0x09
	bgt _080B2EBE
	b _080B2DBA
_080B2EBE:
	ldr r6, _080B2F8C @ =0x02034B4C
	ldr r1, [r6, #0x00]
	movs r7, #0x83
	lsls r7, r7, #0x02
	adds r0, r1, r7
	ldrb r0, [r0, #0x00]
	lsls r0, r0, #0x18
	asrs r0, r0, #0x18
	cmp r0, #0x01
	bne _080B2F2E
	movs r2, #0x82
	lsls r2, r2, #0x02
	adds r0, r1, r2
	ldr r2, [r0, #0x00]
	movs r3, #0x81
	lsls r3, r3, #0x02
	adds r0, r1, r3
	ldr r3, [r0, #0x00]
	movs r4, #0xBE
	lsls r4, r4, #0x01
	adds r0, r1, r4
	ldr r0, [r0, #0x00]
	str r0, [sp, #0x000]
	movs r0, #0x00
	str r0, [sp, #0x004]
	str r0, [sp, #0x008]
	movs r0, #0xFF
	lsls r0, r0, #0x08
	str r0, [sp, #0x00C]
	movs r0, #0x78
	movs r1, #0x83
	bl func_080023E0
	ldr r4, [r6, #0x00]
	ldr r5, _080B2FB0 @ =0x00000BDC
	adds r0, r4, r5
	movs r7, #0x00
	ldsh r0, [r0, r7]
	ldr r2, _080B2FB4 @ =0x00000BDE
	adds r1, r4, r2
	movs r3, #0x00
	ldsh r1, [r1, r3]
	movs r5, #0x84
	lsls r5, r5, #0x02
	adds r2, r4, r5
	adds r3, r4, #0x0
	adds r3, #0x84
	ldr r3, [r3, #0x00]
	movs r5, #0x14
	str r5, [sp, #0x000]
	ldr r7, _080B2FB8 @ =0x0000020D
	adds r4, r4, r7
	ldrb r4, [r4, #0x00]
	str r4, [sp, #0x004]
	bl func_080664D8
_080B2F2E:
	ldr r1, [r6, #0x00]
	movs r2, #0xD8
	lsls r2, r2, #0x02
	adds r0, r1, r2
	ldrb r0, [r0, #0x00]
	lsls r0, r0, #0x18
	asrs r0, r0, #0x18
	cmp r0, #0x01
	bne _080B2F7C
	movs r3, #0xD9
	lsls r3, r3, #0x02
	adds r2, r1, r3
	ldr r3, [r1, #0x54]
	movs r4, #0x12
	str r4, [sp, #0x000]
	ldr r5, _080B2FBC @ =0x00000361
	adds r0, r1, r5
	ldrb r0, [r0, #0x00]
	str r0, [sp, #0x004]
	movs r0, #0x3A
	movs r1, #0x1B
	bl func_080664D8
	ldr r0, [r6, #0x00]
	movs r7, #0x84
	lsls r7, r7, #0x02
	adds r2, r0, r7
	adds r1, r0, #0x0
	adds r1, #0x84
	ldr r3, [r1, #0x00]
	str r4, [sp, #0x000]
	ldr r1, _080B2FB8 @ =0x0000020D
	adds r0, r0, r1
	ldrb r0, [r0, #0x00]
	str r0, [sp, #0x004]
	movs r0, #0x34
	movs r1, #0x2A
	bl func_080664D8
_080B2F7C:
	add sp, #0x010
	pop {r3, r4, r5}
	mov r8, r3
	mov r9, r4
	mov r10, r5
	pop {r4, r5, r6, r7}
	pop {r0}
	bx r0
_080B2F8C: .4byte 0x02034B4C
_080B2F90: .4byte 0x00000401
_080B2F94: .4byte 0x0000FFFF
_080B2F98: .4byte 0x0000FFC0
_080B2F9C: .4byte 0x0000FFA0
_080B2FA0: .4byte 0x0000FFF0
_080B2FA4: .4byte 0x08F70AB0
_080B2FA8: .4byte 0x0203AB20
_080B2FAC: .4byte 0x0000FFE0
_080B2FB0: .4byte 0x00000BDC
_080B2FB4: .4byte 0x00000BDE
_080B2FB8: .4byte 0x0000020D
_080B2FBC: .4byte 0x00000361
	thumb_func_start func_080B2FC0
func_080B2FC0: @ 080B2FC0
	push {r4, r5, lr}
	ldr r4, _080B2FE4 @ =0x02039810
	ldrh r0, [r4, #0x00]
	ldr r5, _080B2FE8 @ =0x00000ACD
	cmp r0, r5
	bne _080B2FD2
	ldrh r0, [r4, #0x0C]
	bl func_080B2FEC
_080B2FD2:
	ldrh r0, [r4, #0x02]
	cmp r0, r5
	bne _080B2FDE
	ldrh r0, [r4, #0x0E]
	bl func_080B2FEC
_080B2FDE:
	pop {r4, r5}
	pop {r0}
	bx r0
_080B2FE4: .4byte 0x02039810
_080B2FE8: .4byte 0x00000ACD
	thumb_func_start func_080B2FEC
func_080B2FEC: @ 080B2FEC
	push {r4, r5, r6, r7, lr}
	mov r7, r10
	mov r6, r9
	mov r5, r8
	push {r5, r6, r7}
	add sp, #-0x004
	lsls r0, r0, #0x10
	lsrs r1, r0, #0x10
	cmp r1, #0x00
	bne _080B3002
	b _080B3180
_080B3002:
	lsrs r0, r1, #0x0C
	mov r10, r0
	ldr r0, _080B30C4 @ =0x00000FFF
	ands r0, r1
	subs r0, #0x01
	lsls r0, r0, #0x10
	lsrs r0, r0, #0x10
	str r0, [sp, #0x000]
	movs r0, #0x80
	lsls r0, r0, #0x04
	ldr r1, [sp, #0x000]
	cmp r1, r0
	bne _080B30D8
	ldr r2, _080B30C8 @ =0x02034B4C
	mov r8, r2
	ldr r0, [r2, #0x00]
	adds r0, #0xA5
	add r0, r10
	movs r1, #0x00
	strb r1, [r0, #0x00]
	ldr r0, [r2, #0x00]
	mov r3, r10
	lsls r6, r3, #0x02
	movs r1, #0x80
	lsls r1, r1, #0x01
	mov r9, r1
	add r0, r9
	adds r0, r0, r6
	ldr r0, [r0, #0x00]
	bl func_080028C0
	mov r2, r8
	ldr r0, [r2, #0x00]
	movs r4, #0x94
	lsls r4, r4, #0x01
	adds r0, r0, r4
	adds r0, r0, r6
	ldr r0, [r0, #0x00]
	bl func_08002C10
	ldr r5, _080B30CC @ =0x08F70AB0
	ldr r0, [r5, #0x14]
	movs r1, #0x80
	lsls r1, r1, #0x02
	bl func_080026A4
	mov r3, r8
	ldr r1, [r3, #0x00]
	add r1, r9
	adds r1, r1, r6
	str r0, [r1, #0x00]
	ldr r0, [r5, #0x18]
	movs r1, #0x20
	bl func_08002A14
	mov r1, r8
	ldr r2, [r1, #0x00]
	adds r4, r2, r4
	adds r4, r4, r6
	str r0, [r4, #0x00]
	movs r3, #0xA8
	lsls r3, r3, #0x01
	adds r0, r2, r3
	adds r0, r0, r6
	ldr r1, [r5, #0x10]
	str r1, [r0, #0x00]
	movs r1, #0xC0
	lsls r1, r1, #0x01
	adds r0, r2, r1
	adds r0, r0, r6
	ldr r1, _080B30D0 @ =0x09EE981C
	ldr r1, [r1, #0x00]
	str r1, [r0, #0x00]
	ldr r1, _080B30D4 @ =0x0203AB20
	mov r3, r10
	lsls r0, r3, #0x01
	adds r0, r0, r1
	mov r1, sp
	ldrh r1, [r1, #0x00]
	strh r1, [r0, #0x00]
	movs r3, #0xD8
	lsls r3, r3, #0x02
	adds r0, r2, r3
	ldrb r0, [r0, #0x00]
	lsls r0, r0, #0x18
	asrs r0, r0, #0x18
	cmp r0, #0x01
	bne _080B3180
	adds r0, r2, #0x0
	adds r0, #0x76
	movs r1, #0x00
	ldsh r0, [r0, r1]
	cmp r10, r0
	bne _080B3180
	bl func_080B3A48
	b _080B3180
_080B30C4: .4byte 0x00000FFF
_080B30C8: .4byte 0x02034B4C
_080B30CC: .4byte 0x08F70AB0
_080B30D0: .4byte 0x09EE981C
_080B30D4: .4byte 0x0203AB20
_080B30D8:
	ldr r2, _080B3190 @ =0x02034B4C
	mov r8, r2
	ldr r0, [r2, #0x00]
	adds r0, #0xA5
	add r0, r10
	movs r1, #0x01
	strb r1, [r0, #0x00]
	ldr r0, [r2, #0x00]
	mov r3, r10
	lsls r6, r3, #0x02
	adds r1, #0xFF
	mov r9, r1
	add r0, r9
	adds r0, r0, r6
	ldr r0, [r0, #0x00]
	bl func_080028C0
	mov r2, r8
	ldr r0, [r2, #0x00]
	movs r5, #0x94
	lsls r5, r5, #0x01
	adds r0, r0, r5
	adds r0, r0, r6
	ldr r0, [r0, #0x00]
	bl func_08002C10
	ldr r7, _080B3194 @ =0x08F70AB0
	movs r0, #0x34
	ldr r3, [sp, #0x000]
	adds r4, r3, #0x0
	muls r4, r0
	adds r0, r7, #0x0
	adds r0, #0x14
	adds r0, r4, r0
	ldr r0, [r0, #0x00]
	movs r1, #0x80
	lsls r1, r1, #0x02
	bl func_080026A4
	mov r2, r8
	ldr r1, [r2, #0x00]
	add r1, r9
	adds r1, r1, r6
	str r0, [r1, #0x00]
	adds r0, r7, #0x0
	adds r0, #0x18
	adds r0, r4, r0
	ldr r0, [r0, #0x00]
	movs r1, #0x20
	bl func_08002A14
	mov r3, r8
	ldr r2, [r3, #0x00]
	adds r5, r2, r5
	adds r5, r5, r6
	str r0, [r5, #0x00]
	movs r0, #0xA8
	lsls r0, r0, #0x01
	adds r1, r2, r0
	adds r1, r1, r6
	adds r0, r7, #0x0
	adds r0, #0x10
	adds r0, r4, r0
	ldr r0, [r0, #0x00]
	str r0, [r1, #0x00]
	movs r1, #0xC0
	lsls r1, r1, #0x01
	adds r2, r2, r1
	adds r2, r2, r6
	ldr r1, _080B3198 @ =0x09EE981C
	adds r4, r4, r7
	adds r4, #0x20
	ldrb r0, [r4, #0x00]
	lsls r0, r0, #0x02
	adds r0, r0, r1
	ldr r0, [r0, #0x00]
	str r0, [r2, #0x00]
	ldr r1, _080B319C @ =0x0203AB20
	mov r2, r10
	lsls r0, r2, #0x01
	adds r0, r0, r1
	mov r3, sp
	ldrh r3, [r3, #0x00]
	strh r3, [r0, #0x00]
_080B3180:
	add sp, #0x004
	pop {r3, r4, r5}
	mov r8, r3
	mov r9, r4
	mov r10, r5
	pop {r4, r5, r6, r7}
	pop {r0}
	bx r0
_080B3190: .4byte 0x02034B4C
_080B3194: .4byte 0x08F70AB0
_080B3198: .4byte 0x09EE981C
_080B319C: .4byte 0x0203AB20
	.byte 0x30, 0xB5, 0x0A, 0x48, 0xC0, 0x21, 0xC9, 0x01, 0x81, 0x80, 0x09, 0x4C, 0x20, 0x88, 0x09, 0x4D
	.byte 0xA8, 0x42, 0x02, 0xD1, 0xA0, 0x89, 0x00, 0xF0, 0x0F, 0xF8, 0x60, 0x88, 0xA8, 0x42, 0x02, 0xD1
	.byte 0xE0, 0x89, 0x00, 0xF0, 0x09, 0xF8, 0x30, 0xBC, 0x01, 0xBC, 0x00, 0x47, 0x58, 0x9B, 0x03, 0x02
	.byte 0x10, 0x98, 0x03, 0x02, 0xCD, 0x0A, 0x00, 0x00, 0x00, 0x04, 0x01, 0x0C, 0x00, 0x29, 0x0B, 0xD0
	.byte 0x0B, 0x0B, 0x06, 0x48, 0x08, 0x40, 0x01, 0x38, 0x00, 0x04, 0x02, 0x0C, 0x80, 0x20, 0x00, 0x01
	.byte 0x03, 0x49, 0x58, 0x00, 0x40, 0x18, 0x02, 0x80, 0x70, 0x47, 0x00, 0x00, 0xFF, 0x0F, 0x00, 0x00
	.byte 0x20, 0xAB, 0x03, 0x02
	thumb_func_start func_080B3204
func_080B3204: @ 080B3204
	push {r4, r5, r6, r7, lr}
	add sp, #-0x008
	movs r4, #0x00
	movs r7, #0x80
	lsls r7, r7, #0x04
	ldr r6, _080B3334 @ =0x0203AB20
	movs r5, #0x04
_080B3212:
	ldrh r0, [r6, #0x00]
	lsls r1, r0, #0x10
	asrs r0, r1, #0x10
	cmp r0, r7
	beq _080B3228
	lsrs r0, r1, #0x10
	bl func_08060A2C
	adds r0, r0, r4
	lsls r0, r0, #0x10
	lsrs r4, r0, #0x10
_080B3228:
	adds r6, #0x02
	subs r5, #0x01
	cmp r5, #0x00
	bge _080B3212
	lsls r0, r4, #0x10
	asrs r5, r0, #0x10
	mov r4, sp
	adds r0, r5, #0x0
	movs r1, #0x64
	bl func_0811D5EC
	strh r0, [r4, #0x00]
	adds r0, r5, #0x0
	movs r1, #0x64
	bl func_0811D684
	adds r5, r0, #0x0
	mov r4, sp
	movs r1, #0x0A
	bl func_0811D5EC
	strh r0, [r4, #0x02]
	adds r0, r5, #0x0
	movs r1, #0x0A
	bl func_0811D684
	adds r5, r0, #0x0
	mov r0, sp
	strh r5, [r0, #0x04]
	movs r1, #0x00
	ldsh r0, [r0, r1]
	lsls r0, r0, #0x05
	ldr r4, _080B3338 @ =0x096B5DA4
	adds r0, r0, r4
	ldr r1, _080B333C @ =0x060001A0
	movs r2, #0x20
	bl func_080043B4
	mov r0, sp
	movs r1, #0x02
	ldsh r0, [r0, r1]
	lsls r0, r0, #0x05
	adds r0, r0, r4
	ldr r1, _080B3340 @ =0x060001C0
	movs r2, #0x20
	bl func_080043B4
	mov r0, sp
	movs r1, #0x04
	ldsh r0, [r0, r1]
	lsls r0, r0, #0x05
	adds r0, r0, r4
	ldr r1, _080B3344 @ =0x060001E0
	movs r2, #0x20
	bl func_080043B4
	movs r4, #0x00
	ldr r0, _080B3334 @ =0x0203AB20
	movs r7, #0x80
	lsls r7, r7, #0x04
	adds r6, r0, #0x0
	adds r6, #0x0A
	movs r5, #0x04
_080B32A6:
	ldrh r0, [r6, #0x00]
	lsls r1, r0, #0x10
	asrs r0, r1, #0x10
	cmp r0, r7
	beq _080B32BC
	lsrs r0, r1, #0x10
	bl func_08060A2C
	adds r0, r0, r4
	lsls r0, r0, #0x10
	lsrs r4, r0, #0x10
_080B32BC:
	adds r6, #0x02
	subs r5, #0x01
	cmp r5, #0x00
	bge _080B32A6
	lsls r0, r4, #0x10
	asrs r5, r0, #0x10
	mov r4, sp
	adds r0, r5, #0x0
	movs r1, #0x64
	bl func_0811D5EC
	strh r0, [r4, #0x00]
	adds r0, r5, #0x0
	movs r1, #0x64
	bl func_0811D684
	adds r5, r0, #0x0
	mov r4, sp
	movs r1, #0x0A
	bl func_0811D5EC
	strh r0, [r4, #0x02]
	adds r0, r5, #0x0
	movs r1, #0x0A
	bl func_0811D684
	adds r5, r0, #0x0
	mov r0, sp
	strh r5, [r0, #0x04]
	movs r1, #0x00
	ldsh r0, [r0, r1]
	lsls r0, r0, #0x05
	ldr r4, _080B3338 @ =0x096B5DA4
	adds r0, r0, r4
	ldr r1, _080B3348 @ =0x06000200
	movs r2, #0x20
	bl func_080043B4
	mov r0, sp
	movs r1, #0x02
	ldsh r0, [r0, r1]
	lsls r0, r0, #0x05
	adds r0, r0, r4
	ldr r1, _080B334C @ =0x06000220
	movs r2, #0x20
	bl func_080043B4
	mov r0, sp
	movs r1, #0x04
	ldsh r0, [r0, r1]
	lsls r0, r0, #0x05
	adds r0, r0, r4
	ldr r1, _080B3350 @ =0x06000240
	movs r2, #0x20
	bl func_080043B4
	add sp, #0x008
	pop {r4, r5, r6, r7}
	pop {r0}
	bx r0
_080B3334: .4byte 0x0203AB20
_080B3338: .4byte 0x096B5DA4
_080B333C: .4byte 0x060001A0
_080B3340: .4byte 0x060001C0
_080B3344: .4byte 0x060001E0
_080B3348: .4byte 0x06000200
_080B334C: .4byte 0x06000220
_080B3350: .4byte 0x06000240
	.byte 0xF0, 0xB5, 0x47, 0x46, 0x80, 0xB4, 0x4E, 0xF7, 0x19, 0xF8, 0x00, 0x04, 0x06, 0x0C, 0x4E, 0xF7
	.byte 0x15, 0xF8, 0x00, 0x04, 0x05, 0x0C, 0x0E, 0x4C, 0x20, 0x68, 0xD8, 0x27, 0xBF, 0x00, 0xC0, 0x19
	.byte 0x00, 0x78, 0x00, 0x06, 0x00, 0x16, 0x01, 0x28, 0x14, 0xD1, 0x4E, 0xF7, 0x07, 0xF8, 0x02, 0x21
	.byte 0x01, 0x40, 0x00, 0x29, 0x00, 0xD1, 0x24, 0xE2, 0x20, 0x68, 0xC0, 0x19, 0x00, 0x78, 0x00, 0x06
	.byte 0x00, 0x16, 0x01, 0x28, 0x00, 0xD0, 0x1C, 0xE2, 0x00, 0xF0, 0x54, 0xFB, 0x19, 0xE2, 0x00, 0x00
	.byte 0x4C, 0x4B, 0x03, 0x02, 0x0E, 0x48, 0x00, 0x68, 0x00, 0x28, 0x00, 0xD0, 0xF4, 0xE0, 0xF0, 0x20
	.byte 0x30, 0x40, 0x00, 0x28, 0x02, 0xD0, 0x65, 0x20, 0x6C, 0xF0, 0x58, 0xFD, 0x40, 0x20, 0x30, 0x40
	.byte 0x00, 0x28, 0x11, 0xD0, 0x22, 0x68, 0x07, 0x4B, 0x10, 0x1C, 0x76, 0x30, 0x00, 0x24, 0x01, 0x5F
	.byte 0x48, 0x00, 0x40, 0x18, 0x80, 0x00, 0xC0, 0x18, 0x40, 0x79, 0x00, 0x06, 0x00, 0x16, 0x14, 0xE0
	.byte 0x28, 0x98, 0x03, 0x02, 0x0C, 0x15, 0xEF, 0x09, 0x80, 0x20, 0x30, 0x40, 0x00, 0x28, 0x0E, 0xD0
	.byte 0x22, 0x68, 0x10, 0x4B, 0x10, 0x1C, 0x76, 0x30, 0x00, 0x24, 0x01, 0x5F, 0x48, 0x00, 0x40, 0x18
	.byte 0x80, 0x00, 0xC0, 0x18, 0x80, 0x79, 0x00, 0x06, 0x00, 0x16, 0x78, 0x32, 0x10, 0x80, 0x20, 0x20
	.byte 0x30, 0x40, 0x00, 0x28, 0x12, 0xD0, 0x08, 0x48, 0x02, 0x68, 0x06, 0x4B, 0x10, 0x1C, 0x76, 0x30
	.byte 0x00, 0x24, 0x01, 0x5F, 0x48, 0x00, 0x40, 0x18, 0x80, 0x00, 0xC0, 0x18, 0xC0, 0x79, 0x00, 0x06
	.byte 0x00, 0x16, 0x15, 0xE0, 0x0C, 0x15, 0xEF, 0x09, 0x4C, 0x4B, 0x03, 0x02, 0x10, 0x20, 0x30, 0x40
	.byte 0x00, 0x28, 0x0F, 0xD0, 0x37, 0x48, 0x02, 0x68, 0x37, 0x4B, 0x10, 0x1C, 0x76, 0x30, 0x00, 0x24
	.byte 0x01, 0x5F, 0x48, 0x00, 0x40, 0x18, 0x80, 0x00, 0xC0, 0x18, 0x00, 0x7A, 0x00, 0x06, 0x00, 0x16
	.byte 0x78, 0x32, 0x10, 0x80, 0x2F, 0x4D, 0x29, 0x68, 0x08, 0x1C, 0x78, 0x30, 0x02, 0x88, 0x00, 0x23
	.byte 0xC0, 0x5E, 0x0B, 0x28, 0x02, 0xD0, 0x08, 0x1C, 0x76, 0x30, 0x02, 0x80, 0x08, 0x20, 0x30, 0x40
	.byte 0x00, 0x28, 0x09, 0xD0, 0x65, 0x20, 0x6C, 0xF0, 0xF1, 0xFC, 0x28, 0x68, 0x01, 0x1C, 0x78, 0x31
	.byte 0x0A, 0x22, 0x0A, 0x80, 0x76, 0x30, 0x02, 0x80, 0x2C, 0x68, 0xA4, 0x46, 0x22, 0x4A, 0x63, 0x46
	.byte 0x76, 0x33, 0x00, 0x20, 0x19, 0x5E, 0x48, 0x00, 0x40, 0x18, 0x80, 0x00, 0x80, 0x18, 0x00, 0x88
	.byte 0x61, 0x46, 0x7A, 0x31, 0x00, 0x24, 0xA0, 0x46, 0x08, 0x80, 0x00, 0x20, 0x19, 0x5E, 0x48, 0x00
	.byte 0x40, 0x18, 0x80, 0x00, 0x80, 0x18, 0x41, 0x88, 0x60, 0x46, 0x7C, 0x30, 0x01, 0x80, 0x00, 0x21
	.byte 0x58, 0x5E, 0x41, 0x00, 0x08, 0x18, 0x80, 0x00, 0x80, 0x18, 0x00, 0x79, 0x00, 0x06, 0x00, 0x16
	.byte 0x00, 0x04, 0x04, 0x0C, 0x01, 0x27, 0x01, 0x20, 0x30, 0x40, 0x00, 0x28, 0x30, 0xD0, 0x20, 0x04
	.byte 0x02, 0x14, 0x02, 0x2A, 0x1E, 0xD1, 0x00, 0xF0, 0x05, 0xFA, 0x00, 0x06, 0x00, 0x16, 0x01, 0x28
	.byte 0x00, 0xD0, 0x1B, 0xE1, 0x28, 0x68, 0xA4, 0x30, 0x07, 0x70, 0x08, 0x48, 0x29, 0x68, 0x84, 0x22
	.byte 0x92, 0x00, 0x89, 0x18, 0xB2, 0xF7, 0x28, 0xFB, 0x29, 0x68, 0x05, 0x4B, 0xC9, 0x18, 0x08, 0x70
	.byte 0x29, 0x68, 0xF1, 0xE0, 0x4C, 0x4B, 0x03, 0x02, 0x0C, 0x15, 0xEF, 0x09, 0x94, 0xA3, 0x15, 0x08
	.byte 0x0D, 0x02, 0x00, 0x00, 0x05, 0x48, 0x08, 0x18, 0x01, 0x88, 0x80, 0x20, 0x00, 0x01, 0x81, 0x42
	.byte 0x00, 0xD0, 0x13, 0xE1, 0x00, 0x2A, 0x00, 0xD0, 0x43, 0xE1, 0x04, 0xE1, 0x20, 0xAB, 0x03, 0x02
	.byte 0x02, 0x20, 0x30, 0x40, 0x00, 0x28, 0x00, 0xD1, 0x3B, 0xE1, 0x00, 0xF0, 0xFB, 0xF9, 0x00, 0x06
	.byte 0x00, 0x16, 0x01, 0x28, 0x00, 0xD1, 0x19, 0xE1, 0x00, 0x2C, 0x00, 0xD0, 0x31, 0xE1, 0x09, 0x49
	.byte 0x28, 0x68, 0x76, 0x30, 0x00, 0x23, 0xC0, 0x5E, 0x40, 0x00, 0x40, 0x18, 0x01, 0x88, 0x80, 0x20
	.byte 0x00, 0x01, 0x81, 0x42, 0x00, 0xD1, 0x24, 0xE1, 0x68, 0x20, 0x6C, 0xF0, 0x6F, 0xFC, 0x00, 0xF0
	.byte 0x87, 0xF9, 0x1E, 0xE1, 0x20, 0xAB, 0x03, 0x02, 0xF0, 0x20, 0x28, 0x40, 0x00, 0x28, 0x02, 0xD0
	.byte 0x65, 0x20, 0x6C, 0xF0, 0x63, 0xFC, 0x40, 0x20, 0x28, 0x40, 0x00, 0x28, 0x10, 0xD0, 0x22, 0x68
	.byte 0x06, 0x4B, 0x10, 0x1C, 0x76, 0x30, 0x00, 0x24, 0x01, 0x5F, 0x48, 0x00, 0x40, 0x18, 0x80, 0x00
	.byte 0xC0, 0x18, 0x40, 0x79, 0x00, 0x06, 0x00, 0x16, 0x13, 0xE0, 0x00, 0x00, 0x0C, 0x15, 0xEF, 0x09
	.byte 0x80, 0x20, 0x28, 0x40, 0x00, 0x28, 0x0E, 0xD0, 0x22, 0x68, 0x10, 0x4B, 0x10, 0x1C, 0x76, 0x30
	.byte 0x00, 0x24, 0x01, 0x5F, 0x48, 0x00, 0x40, 0x18, 0x80, 0x00, 0xC0, 0x18, 0x80, 0x79, 0x00, 0x06
	.byte 0x00, 0x16, 0x78, 0x32, 0x10, 0x80, 0x20, 0x20, 0x28, 0x40, 0x00, 0x28, 0x12, 0xD0, 0x08, 0x48
	.byte 0x02, 0x68, 0x06, 0x4B, 0x10, 0x1C, 0x76, 0x30, 0x00, 0x24, 0x01, 0x5F, 0x48, 0x00, 0x40, 0x18
	.byte 0x80, 0x00, 0xC0, 0x18, 0xC0, 0x79, 0x00, 0x06, 0x00, 0x16, 0x15, 0xE0, 0x0C, 0x15, 0xEF, 0x09
	.byte 0x4C, 0x4B, 0x03, 0x02, 0x10, 0x20, 0x28, 0x40, 0x00, 0x28, 0x0F, 0xD0, 0x3D, 0x48, 0x02, 0x68
	.byte 0x3D, 0x4B, 0x10, 0x1C, 0x76, 0x30, 0x00, 0x24, 0x01, 0x5F, 0x48, 0x00, 0x40, 0x18, 0x80, 0x00
	.byte 0xC0, 0x18, 0x00, 0x7A, 0x00, 0x06, 0x00, 0x16, 0x78, 0x32, 0x10, 0x80, 0x35, 0x4E, 0x31, 0x68
	.byte 0x08, 0x1C, 0x78, 0x30, 0x02, 0x88, 0x00, 0x23, 0xC0, 0x5E, 0x0A, 0x28, 0x02, 0xD0, 0x08, 0x1C
	.byte 0x76, 0x30, 0x02, 0x80, 0x08, 0x20, 0x28, 0x40, 0x00, 0x28, 0x09, 0xD0, 0x65, 0x20, 0x6C, 0xF0
	.byte 0xFD, 0xFB, 0x30, 0x68, 0x01, 0x1C, 0x78, 0x31, 0x0B, 0x22, 0x0A, 0x80, 0x76, 0x30, 0x02, 0x80
	.byte 0x34, 0x68, 0xA4, 0x46, 0x28, 0x4A, 0x63, 0x46, 0x76, 0x33, 0x00, 0x20, 0x19, 0x5E, 0x48, 0x00
	.byte 0x40, 0x18, 0x80, 0x00, 0x80, 0x18, 0x00, 0x88, 0x61, 0x46, 0x7A, 0x31, 0x00, 0x24, 0xA0, 0x46
	.byte 0x08, 0x80, 0x00, 0x20, 0x19, 0x5E, 0x48, 0x00, 0x40, 0x18, 0x80, 0x00, 0x80, 0x18, 0x41, 0x88
	.byte 0x60, 0x46, 0x7C, 0x30, 0x01, 0x80, 0x00, 0x21, 0x58, 0x5E, 0x41, 0x00, 0x08, 0x18, 0x80, 0x00
	.byte 0x80, 0x18, 0x00, 0x79, 0x00, 0x06, 0x00, 0x16, 0x00, 0x04, 0x04, 0x0C, 0x01, 0x27, 0x01, 0x20
	.byte 0x28, 0x40, 0x00, 0x28, 0x58, 0xD0, 0x20, 0x04, 0x02, 0x14, 0x02, 0x2A, 0x32, 0xD1, 0x00, 0xF0
	.byte 0x11, 0xF9, 0x00, 0x06, 0x00, 0x16, 0x01, 0x28, 0x28, 0xD1, 0x30, 0x68, 0xA4, 0x30, 0x07, 0x70
	.byte 0x0E, 0x48, 0x31, 0x68, 0x84, 0x22, 0x92, 0x00, 0x89, 0x18, 0xB2, 0xF7, 0x35, 0xFA, 0x31, 0x68
	.byte 0x0B, 0x4B, 0xC9, 0x18, 0x08, 0x70, 0x31, 0x68, 0x0A, 0x4C, 0x0A, 0x19, 0x44, 0x20, 0x10, 0x80
	.byte 0x09, 0x48, 0x0A, 0x18, 0x7C, 0x20, 0x10, 0x80, 0x83, 0x22, 0x92, 0x00, 0x89, 0x18, 0x0F, 0x70
	.byte 0x57, 0xE0, 0x00, 0x00, 0x4C, 0x4B, 0x03, 0x02, 0x0C, 0x15, 0xEF, 0x09, 0x94, 0xA3, 0x15, 0x08
	.byte 0x0D, 0x02, 0x00, 0x00, 0xDC, 0x0B, 0x00, 0x00, 0xDE, 0x0B, 0x00, 0x00, 0x69, 0x20, 0x6C, 0xF0
	.byte 0x95, 0xFB, 0x46, 0xE0, 0x06, 0x48, 0x08, 0x18, 0x01, 0x88, 0x80, 0x20, 0x00, 0x01, 0x81, 0x42
	.byte 0x0C, 0xD1, 0x01, 0x2A, 0x3D, 0xD1, 0x03, 0x49, 0x03, 0x48, 0x48, 0x80, 0x39, 0xE0, 0x00, 0x00
	.byte 0x20, 0xAB, 0x03, 0x02, 0x58, 0x9B, 0x03, 0x02, 0x58, 0x1D, 0x00, 0x00, 0xD8, 0x20, 0x80, 0x00
	.byte 0x60, 0x44, 0x00, 0x78, 0x00, 0x06, 0x00, 0x16, 0x00, 0x28, 0x2A, 0xD1, 0x66, 0x20, 0x6C, 0xF0
	.byte 0x75, 0xFB, 0x00, 0xF0, 0xF9, 0xF8, 0x24, 0xE0, 0x02, 0x20, 0x28, 0x40, 0x00, 0x28, 0x20, 0xD0
	.byte 0x00, 0xF0, 0xE0, 0xF8, 0x00, 0x06, 0x00, 0x16, 0x01, 0x28, 0x07, 0xD1, 0x01, 0x49, 0x02, 0x48
	.byte 0x48, 0x80, 0x16, 0xE0, 0x58, 0x9B, 0x03, 0x02, 0xCA, 0xA4, 0x00, 0x00, 0x01, 0x2C, 0x10, 0xD1
	.byte 0x16, 0x49, 0x30, 0x68, 0x76, 0x30, 0x00, 0x23, 0xC0, 0x5E, 0x40, 0x00, 0x40, 0x18, 0x01, 0x88
	.byte 0x80, 0x20, 0x00, 0x01, 0x81, 0x42, 0x04, 0xD0, 0x68, 0x20, 0x6C, 0xF0, 0x4F, 0xFB, 0x00, 0xF0
	.byte 0x67, 0xF8, 0x0F, 0x4C, 0x21, 0x68, 0x08, 0x1C, 0x76, 0x30, 0x00, 0x22, 0x80, 0x5E, 0x0A, 0x28
	.byte 0x1E, 0xD1, 0x74, 0x31, 0x00, 0x20, 0x08, 0x70, 0x0A, 0x48, 0x00, 0x68, 0x0A, 0x21, 0x69, 0xF0
	.byte 0xEB, 0xFF, 0x00, 0x28, 0x49, 0xD1, 0x20, 0x68, 0x02, 0x23, 0xC1, 0x5E, 0x48, 0x00, 0x40, 0x18
	.byte 0x80, 0x01, 0x05, 0x49, 0x40, 0x18, 0x05, 0x49, 0x1F, 0xE0, 0x00, 0x00, 0x20, 0xAB, 0x03, 0x02
	.byte 0x4C, 0x4B, 0x03, 0x02, 0x80, 0x74, 0x00, 0x03, 0xE4, 0x5E, 0x6B, 0x09, 0x20, 0x00, 0x00, 0x06
	.byte 0x0B, 0x28, 0x21, 0xD1, 0x74, 0x31, 0x00, 0x20, 0x08, 0x70, 0x0C, 0x48, 0x00, 0x68, 0x0A, 0x21
	.byte 0x69, 0xF0, 0xCA, 0xFF, 0x00, 0x28, 0x28, 0xD1, 0x20, 0x68, 0x02, 0x22, 0x81, 0x5E, 0x48, 0x00
	.byte 0x40, 0x18, 0x80, 0x01, 0x06, 0x49, 0x40, 0x18, 0x06, 0x49, 0xC0, 0x22, 0x50, 0xF7, 0xB0, 0xFD
	.byte 0x22, 0x68, 0x51, 0x88, 0x01, 0x20, 0x40, 0x1A, 0x50, 0x80, 0x16, 0xE0, 0x80, 0x74, 0x00, 0x03
	.byte 0xE4, 0x62, 0x6B, 0x09, 0xE0, 0x00, 0x00, 0x06, 0x74, 0x31, 0x01, 0x20, 0x08, 0x70, 0x09, 0x4C
	.byte 0x09, 0x49, 0x20, 0x1C, 0xC0, 0x22, 0x50, 0xF7, 0x9B, 0xFD, 0x80, 0x23, 0xDB, 0x00, 0xE4, 0x18
	.byte 0x06, 0x49, 0x20, 0x1C, 0xC0, 0x22, 0x50, 0xF7, 0x93, 0xFD, 0x08, 0xBC, 0x98, 0x46, 0xF0, 0xBC
	.byte 0x01, 0xBC, 0x00, 0x47, 0xE4, 0x5E, 0x6B, 0x09, 0x20, 0x00, 0x00, 0x06, 0xE0, 0x00, 0x00, 0x06
	thumb_func_start func_080B38A4
func_080B38A4: @ 080B38A4
	push {r4, r5, lr}
	ldr r5, _080B38F4 @ =0x0203AB20
	ldr r4, _080B38F8 @ =0x02034B4C
	ldr r0, [r4, #0x00]
	adds r0, #0x76
	movs r1, #0x00
	ldsh r0, [r0, r1]
	lsls r0, r0, #0x01
	adds r0, r0, r5
	ldrh r0, [r0, #0x00]
	bl func_08084068
	ldr r1, [r4, #0x00]
	adds r4, r1, #0x0
	adds r4, #0x76
	movs r2, #0x00
	ldsh r0, [r4, r2]
	lsls r0, r0, #0x01
	adds r0, r0, r5
	movs r2, #0x80
	lsls r2, r2, #0x04
	strh r2, [r0, #0x00]
	ldr r3, _080B38FC @ =0x0203AB10
	ldrh r0, [r4, #0x00]
	strb r0, [r3, #0x00]
	ldr r0, _080B3900 @ =0x00000202
	adds r1, r1, r0
	strh r2, [r1, #0x00]
	ldr r4, _080B3904 @ =0x02039B58
	ldrb r1, [r3, #0x00]
	movs r0, #0x0F
	ands r0, r1
	lsls r0, r0, #0x0C
	adds r2, #0x01
	orrs r0, r2
	strh r0, [r4, #0x06]
	pop {r4, r5}
	pop {r0}
	bx r0
	.byte 0x00, 0x00
_080B38F4: .4byte 0x0203AB20
_080B38F8: .4byte 0x02034B4C
_080B38FC: .4byte 0x0203AB10
_080B3900: .4byte 0x00000202
_080B3904: .4byte 0x02039B58
	.byte 0x07, 0x48, 0x00, 0x68, 0x00, 0x28, 0x11, 0xD1, 0x00, 0x21, 0x80, 0x23, 0x1B, 0x01, 0x05, 0x4A
	.byte 0x10, 0x88, 0x98, 0x42, 0x08, 0xD1, 0x02, 0x32, 0x01, 0x31, 0x04, 0x29, 0xF8, 0xDD, 0x12, 0xE0
	.byte 0x28, 0x98, 0x03, 0x02, 0x20, 0xAB, 0x03, 0x02, 0x01, 0x20, 0x0D, 0xE0, 0x05, 0x21, 0x07, 0x48
	.byte 0x80, 0x23, 0x1B, 0x01, 0x02, 0x1C, 0x0A, 0x32, 0x10, 0x88, 0x98, 0x42, 0xF4, 0xD1, 0x02, 0x32
	.byte 0x01, 0x31, 0x09, 0x29, 0xF8, 0xDD, 0x00, 0x20, 0x70, 0x47, 0x00, 0x00, 0x20, 0xAB, 0x03, 0x02
	.byte 0x00, 0x22, 0x80, 0x23, 0x1B, 0x01, 0x03, 0x49, 0x08, 0x88, 0x98, 0x42, 0x04, 0xD0, 0x00, 0x20
	.byte 0x07, 0xE0, 0x00, 0x00, 0x20, 0xAB, 0x03, 0x02, 0x02, 0x31, 0x01, 0x32, 0x09, 0x2A, 0xF3, 0xDD
	.byte 0x01, 0x20, 0x70, 0x47, 0x70, 0xB5, 0x4E, 0x46, 0x45, 0x46, 0x60, 0xB4, 0x27, 0x49, 0x28, 0x4E
	.byte 0x30, 0x68, 0x76, 0x30, 0x00, 0x22, 0x80, 0x5E, 0x40, 0x00, 0x40, 0x18, 0x25, 0x49, 0x88, 0x46
	.byte 0x00, 0x22, 0x81, 0x5E, 0x34, 0x20, 0x0D, 0x1C, 0x45, 0x43, 0x28, 0x1C, 0x40, 0x44, 0x81, 0x46
	.byte 0x2A, 0x30, 0x04, 0x78, 0x64, 0x01, 0x20, 0x48, 0x20, 0x18, 0x20, 0x49, 0x20, 0x22, 0x52, 0xF7
	.byte 0x17, 0xF9, 0x30, 0x68, 0x40, 0x6D, 0xC0, 0x88, 0x1D, 0x49, 0x64, 0x18, 0x21, 0x1C, 0x4F, 0xF7
	.byte 0xF1, 0xF8, 0x49, 0x46, 0x8C, 0x8B, 0x0C, 0x22, 0x90, 0x44, 0x45, 0x44, 0x28, 0x68, 0x31, 0x68
	.byte 0xD9, 0x22, 0x92, 0x00, 0x89, 0x18, 0xB2, 0xF7, 0xC5, 0xF8, 0x31, 0x68, 0x15, 0x4A, 0x89, 0x18
	.byte 0x08, 0x70, 0x15, 0x48, 0xA4, 0x00, 0x24, 0x18, 0x20, 0x68, 0x31, 0x68, 0x84, 0x22, 0x92, 0x00
	.byte 0x89, 0x18, 0xB2, 0xF7, 0xB7, 0xF8, 0x31, 0x68, 0x10, 0x4A, 0x89, 0x18, 0x08, 0x70, 0x00, 0x20
	.byte 0x51, 0xF7, 0xDE, 0xFA, 0x30, 0x68, 0xD8, 0x21, 0x89, 0x00, 0x40, 0x18, 0x01, 0x21, 0x01, 0x70
	.byte 0x18, 0xBC, 0x98, 0x46, 0xA1, 0x46, 0x70, 0xBC, 0x01, 0xBC, 0x00, 0x47, 0x20, 0xAB, 0x03, 0x02
	.byte 0x4C, 0x4B, 0x03, 0x02, 0xB0, 0x0A, 0xF7, 0x08, 0x84, 0xBF, 0x6F, 0x09, 0xA0, 0x00, 0x00, 0x05
	.byte 0x04, 0xBF, 0x6F, 0x09, 0x61, 0x03, 0x00, 0x00, 0x48, 0x8F, 0xEE, 0x09, 0x0D, 0x02, 0x00, 0x00
	thumb_func_start func_080B3A48
func_080B3A48: @ 080B3A48
	push {lr}
	movs r0, #0x00
	bl func_0800501C
	ldr r0, _080B3A64 @ =0x02034B4C
	ldr r0, [r0, #0x00]
	movs r1, #0xD8
	lsls r1, r1, #0x02
	adds r0, r0, r1
	movs r1, #0x00
	strb r1, [r0, #0x00]
	pop {r0}
	bx r0
	.byte 0x00, 0x00
_080B3A64: .4byte 0x02034B4C
	thumb_func_start func_080B3A68
func_080B3A68: @ 080B3A68
	push {r4, r5, r6, lr}
	ldr r2, _080B3A84 @ =0x02034B4C
	ldr r0, [r2, #0x00]
	adds r0, #0xA4
	movs r1, #0x00
	strb r1, [r0, #0x00]
	ldr r0, _080B3A88 @ =0x02039828
	ldr r3, [r0, #0x00]
	adds r6, r2, #0x0
	cmp r3, #0x00
	bne _080B3A90
	ldr r0, _080B3A8C @ =0x0203AB10
	strb r3, [r0, #0x00]
	b _080B3A98
_080B3A84: .4byte 0x02034B4C
_080B3A88: .4byte 0x02039828
_080B3A8C: .4byte 0x0203AB10
_080B3A90:
	ldr r1, _080B3B3C @ =0x0203AB10
	movs r0, #0x05
	strb r0, [r1, #0x00]
	adds r0, r1, #0x0
_080B3A98:
	ldr r4, [r6, #0x00]
	movs r1, #0x00
	ldsb r1, [r0, r1]
	adds r3, r4, #0x0
	adds r3, #0x76
	movs r5, #0x00
	strh r1, [r3, #0x00]
	adds r0, r4, #0x0
	adds r0, #0x78
	strh r1, [r0, #0x00]
	ldr r2, _080B3B40 @ =0x09EF150C
	movs r0, #0x00
	ldsh r1, [r3, r0]
	lsls r0, r1, #0x01
	adds r0, r0, r1
	lsls r0, r0, #0x02
	adds r0, r0, r2
	ldrh r0, [r0, #0x00]
	adds r1, r4, #0x0
	adds r1, #0x7A
	strh r0, [r1, #0x00]
	movs r0, #0x00
	ldsh r1, [r3, r0]
	lsls r0, r1, #0x01
	adds r0, r0, r1
	lsls r0, r0, #0x02
	adds r0, r0, r2
	ldrh r1, [r0, #0x02]
	adds r0, r4, #0x0
	adds r0, #0x7C
	strh r1, [r0, #0x00]
	adds r1, r4, #0x0
	adds r1, #0x74
	movs r0, #0x01
	strb r0, [r1, #0x00]
	ldr r1, [r6, #0x00]
	ldr r2, _080B3B44 @ =0x0203AB20
	adds r0, r1, #0x0
	adds r0, #0x76
	movs r3, #0x00
	ldsh r0, [r0, r3]
	lsls r0, r0, #0x01
	adds r0, r0, r2
	ldrh r0, [r0, #0x00]
	ldr r2, _080B3B48 @ =0x00000202
	adds r1, r1, r2
	strh r0, [r1, #0x00]
	movs r0, #0x00
	movs r1, #0x00
	movs r2, #0x00
	bl func_080B1C70
	movs r0, #0x01
	movs r1, #0x00
	movs r2, #0x00
	bl func_080B1C70
	ldr r4, _080B3B4C @ =0x096B5EE4
	ldr r1, _080B3B50 @ =0x06000020
	adds r0, r4, #0x0
	movs r2, #0xC0
	bl func_080043B4
	movs r3, #0x80
	lsls r3, r3, #0x03
	adds r4, r4, r3
	ldr r1, _080B3B54 @ =0x060000E0
	adds r0, r4, #0x0
	movs r2, #0xC0
	bl func_080043B4
	ldr r0, _080B3B58 @ =0x0203AB34
	strb r5, [r0, #0x00]
	strb r5, [r0, #0x01]
	ldr r0, [r6, #0x00]
	movs r1, #0x83
	lsls r1, r1, #0x02
	adds r0, r0, r1
	strb r5, [r0, #0x00]
	pop {r4, r5, r6}
	pop {r0}
	bx r0
_080B3B3C: .4byte 0x0203AB10
_080B3B40: .4byte 0x09EF150C
_080B3B44: .4byte 0x0203AB20
_080B3B48: .4byte 0x00000202
_080B3B4C: .4byte 0x096B5EE4
_080B3B50: .4byte 0x06000020
_080B3B54: .4byte 0x060000E0
_080B3B58: .4byte 0x0203AB34
	.byte 0xF0, 0xB5, 0x89, 0xB0, 0x00, 0x24, 0x80, 0x26, 0x36, 0x01, 0xB0, 0x25, 0x6F, 0x46, 0x3A, 0x48
	.byte 0x61, 0x00, 0x09, 0x18, 0x08, 0x88, 0xB0, 0x42, 0x2A, 0xD0, 0x38, 0x48, 0xA2, 0x00, 0x00, 0x68
	.byte 0x41, 0x19, 0x00, 0x91, 0x11, 0x1C, 0xD8, 0x31, 0x41, 0x18, 0x01, 0x91, 0xD4, 0x23, 0x5B, 0x00
	.byte 0xD1, 0x18, 0x41, 0x18, 0x02, 0x91, 0x28, 0x33, 0xD1, 0x18, 0x41, 0x18, 0x03, 0x91, 0xFC, 0x22
	.byte 0x52, 0x00, 0xA1, 0x18, 0x41, 0x18, 0x04, 0x91, 0x21, 0x1C, 0xA5, 0x31, 0x41, 0x18, 0x05, 0x91
	.byte 0xA0, 0x21, 0x09, 0x02, 0x06, 0x91, 0x07, 0x96, 0x05, 0x22, 0x12, 0x1B, 0x91, 0x00, 0x89, 0x18
	.byte 0x89, 0x00, 0x39, 0x84, 0x26, 0x4B, 0xC0, 0x18, 0x26, 0x49, 0x6A, 0x46, 0x4D, 0xF7, 0x24, 0xF9
	.byte 0x04, 0x35, 0x01, 0x34, 0x04, 0x2C, 0xCA, 0xDD, 0x05, 0x24, 0x80, 0x26, 0x36, 0x01, 0xC4, 0x25
	.byte 0x6F, 0x46, 0x1D, 0x48, 0x61, 0x00, 0x09, 0x18, 0x08, 0x88, 0xB0, 0x42, 0x2B, 0xD0, 0x1B, 0x48
	.byte 0xA2, 0x00, 0x00, 0x68, 0x41, 0x19, 0x00, 0x91, 0x11, 0x1C, 0xD8, 0x31, 0x41, 0x18, 0x01, 0x91
	.byte 0xD4, 0x23, 0x5B, 0x00, 0xD1, 0x18, 0x41, 0x18, 0x02, 0x91, 0x28, 0x33, 0xD1, 0x18, 0x41, 0x18
	.byte 0x03, 0x91, 0xFC, 0x22, 0x52, 0x00, 0xA1, 0x18, 0x41, 0x18, 0x04, 0x91, 0x21, 0x1C, 0xA5, 0x31
	.byte 0x41, 0x18, 0x05, 0x91, 0x80, 0x21, 0xC9, 0x01, 0x06, 0x91, 0x07, 0x96, 0x0A, 0x22, 0x12, 0x1B
	.byte 0x91, 0x00, 0x89, 0x18, 0x89, 0x00, 0x0A, 0x31, 0x39, 0x84, 0x09, 0x4B, 0xC0, 0x18, 0x09, 0x49
	.byte 0x6A, 0x46, 0x4D, 0xF7, 0xE9, 0xF8, 0x04, 0x35, 0x01, 0x34, 0x09, 0x2C, 0xC9, 0xDD, 0x09, 0xB0
	.byte 0xF0, 0xBC, 0x01, 0xBC, 0x00, 0x47, 0x00, 0x00, 0x20, 0xAB, 0x03, 0x02, 0x4C, 0x4B, 0x03, 0x02
	.byte 0xE4, 0x0B, 0x00, 0x00, 0xC0, 0x34, 0xEF, 0x09, 0xF0, 0xB5, 0x00, 0x22, 0x0F, 0x4F, 0x10, 0x48
	.byte 0x84, 0x46, 0x3E, 0x1C, 0x0F, 0x4D, 0x10, 0x4C, 0x10, 0x4B, 0x31, 0x68, 0x50, 0x00, 0x49, 0x19
	.byte 0x09, 0x18, 0x00, 0x19, 0x00, 0x88, 0x08, 0x80, 0x50, 0x1C, 0x00, 0x04, 0x02, 0x0C, 0x9A, 0x42
	.byte 0xF3, 0xD9, 0x38, 0x68, 0x0A, 0x49, 0x40, 0x18, 0x96, 0x21, 0x49, 0x00, 0x61, 0x44, 0x4A, 0x68
	.byte 0x09, 0x68, 0x01, 0x60, 0x42, 0x60, 0xF0, 0xBC, 0x01, 0xBC, 0x00, 0x47, 0x4C, 0x4B, 0x03, 0x02
	.byte 0xB0, 0x9B, 0x03, 0x02, 0x06, 0x04, 0x00, 0x00, 0x80, 0xA0, 0x03, 0x02, 0xE6, 0x03, 0x00, 0x00
	.byte 0xD4, 0x0B, 0x00, 0x00, 0xF0, 0xB5, 0x47, 0x46, 0x80, 0xB4, 0x00, 0x23, 0x11, 0x48, 0x84, 0x46
	.byte 0x11, 0x4A, 0x90, 0x46, 0x11, 0x4F, 0x66, 0x46, 0x11, 0x4D, 0x12, 0x4C, 0x59, 0x00, 0xCA, 0x19
	.byte 0x30, 0x68, 0x40, 0x19, 0x40, 0x18, 0x00, 0x88, 0x10, 0x80, 0x58, 0x1C, 0x00, 0x04, 0x03, 0x0C
	.byte 0xA3, 0x42, 0xF3, 0xD9, 0x96, 0x20, 0x40, 0x00, 0x40, 0x44, 0x62, 0x46, 0x11, 0x68, 0x0A, 0x4A
	.byte 0x89, 0x18, 0x4A, 0x68, 0x09, 0x68, 0x01, 0x60, 0x42, 0x60, 0x08, 0xBC, 0x98, 0x46, 0xF0, 0xBC
	.byte 0x01, 0xBC, 0x00, 0x47, 0x4C, 0x4B, 0x03, 0x02, 0xB0, 0x9B, 0x03, 0x02, 0x80, 0xA0, 0x03, 0x02
	.byte 0x06, 0x04, 0x00, 0x00, 0xE6, 0x03, 0x00, 0x00, 0xD4, 0x0B, 0x00, 0x00, 0xF0, 0xB5, 0x0D, 0x48
	.byte 0x00, 0x68, 0x00, 0x28, 0x1C, 0xD1, 0x05, 0x25, 0x80, 0x27, 0x3F, 0x01, 0x01, 0x26, 0x76, 0x42
	.byte 0x09, 0x48, 0x04, 0x1C, 0x0A, 0x34, 0x20, 0x88, 0xB8, 0x42, 0x05, 0xD0, 0xD0, 0xF7, 0x8E, 0xF9
	.byte 0x00, 0x04, 0x00, 0x14, 0xB0, 0x42, 0x09, 0xD0, 0x02, 0x34, 0x01, 0x35, 0x09, 0x2D, 0xF2, 0xDD
	.byte 0x19, 0xE0, 0x00, 0x00, 0x28, 0x98, 0x03, 0x02, 0x20, 0xAB, 0x03, 0x02, 0x00, 0x20, 0x13, 0xE0
	.byte 0x00, 0x25, 0x80, 0x27, 0x3F, 0x01, 0x01, 0x26, 0x76, 0x42, 0x09, 0x4C, 0x20, 0x88, 0xB8, 0x42
	.byte 0x05, 0xD0, 0xD0, 0xF7, 0x73, 0xF9, 0x00, 0x04, 0x00, 0x14, 0xB0, 0x42, 0xEE, 0xD0, 0x02, 0x34
	.byte 0x01, 0x35, 0x04, 0x2D, 0xF2, 0xDD, 0x01, 0x20, 0xF0, 0xBC, 0x02, 0xBC, 0x08, 0x47, 0x00, 0x00
	.byte 0x20, 0xAB, 0x03, 0x02, 0x70, 0xB5, 0x09, 0x48, 0x00, 0x68, 0x00, 0x28, 0x12, 0xD1, 0x80, 0x26
	.byte 0x36, 0x01, 0x07, 0x4C, 0x04, 0x25, 0x20, 0x88, 0xB0, 0x42, 0x01, 0xD0, 0xD0, 0xF7, 0x56, 0xF9
	.byte 0x02, 0x34, 0x01, 0x3D, 0x00, 0x2D, 0xF6, 0xDA, 0x13, 0xE0, 0x00, 0x00, 0x28, 0x98, 0x03, 0x02
	.byte 0x20, 0xAB, 0x03, 0x02, 0x08, 0x48, 0x80, 0x26, 0x36, 0x01, 0x04, 0x1C, 0x0A, 0x34, 0x04, 0x25
	.byte 0x20, 0x88, 0xB0, 0x42, 0x01, 0xD0, 0xD0, 0xF7, 0x41, 0xF9, 0x02, 0x34, 0x01, 0x3D, 0x00, 0x2D
	.byte 0xF6, 0xDA, 0x70, 0xBC, 0x01, 0xBC, 0x00, 0x47, 0x20, 0xAB, 0x03, 0x02, 0x70, 0x47, 0x00, 0x00
	.byte 0x30, 0xB5, 0x3A, 0x4A, 0x10, 0x88, 0x20, 0x21, 0x08, 0x43, 0x10, 0x80, 0x38, 0x4C, 0xDB, 0x20
	.byte 0x80, 0x00, 0x4C, 0xF7, 0x83, 0xFD, 0x20, 0x60, 0x6C, 0xF0, 0xC6, 0xF8, 0x00, 0x20, 0x10, 0x21
	.byte 0x52, 0xF7, 0x80, 0xF9, 0x11, 0xF0, 0xC8, 0xFC, 0x50, 0xF7, 0xC4, 0xFF, 0x00, 0x20, 0x00, 0x21
	.byte 0x07, 0x22, 0x0F, 0x23, 0x51, 0xF7, 0x20, 0xF9, 0x01, 0x20, 0x01, 0x21, 0x1F, 0x22, 0x00, 0x23
	.byte 0x51, 0xF7, 0x1A, 0xF9, 0x01, 0x20, 0x00, 0x21, 0x51, 0xF7, 0xD2, 0xFB, 0x29, 0x49, 0xBC, 0x22
	.byte 0x12, 0x01, 0x01, 0x20, 0x51, 0xF7, 0x32, 0xF9, 0x27, 0x49, 0x01, 0x20, 0x40, 0x22, 0x51, 0xF7
	.byte 0x3F, 0xF9, 0x26, 0x49, 0x80, 0x25, 0x2D, 0x01, 0x01, 0x20, 0x2A, 0x1C, 0x51, 0xF7, 0x50, 0xF9
	.byte 0x00, 0x20, 0x51, 0xF7, 0xAB, 0xF8, 0x01, 0x20, 0x51, 0xF7, 0xA8, 0xF8, 0x02, 0x20, 0x51, 0xF7
	.byte 0xCF, 0xF8, 0x03, 0x20, 0x51, 0xF7, 0xCC, 0xF8, 0x21, 0x68, 0x00, 0x20, 0x08, 0x70, 0x21, 0x68
	.byte 0x48, 0x80, 0x88, 0x80, 0x1A, 0x49, 0xA0, 0x22, 0x52, 0x00, 0x51, 0xF7, 0x0F, 0xF9, 0x19, 0x49
	.byte 0x00, 0x20, 0x2A, 0x1C, 0x51, 0xF7, 0x34, 0xF9, 0x17, 0x49, 0x00, 0x20, 0x20, 0x22, 0x51, 0xF7
	.byte 0x17, 0xF9, 0x16, 0x49, 0x16, 0x4A, 0x00, 0x20, 0x51, 0xF7, 0x1A, 0xFB, 0x20, 0x68, 0x08, 0x30
	.byte 0x6C, 0x21, 0xB1, 0xF7, 0x05, 0xFE, 0x13, 0x48, 0x21, 0x68, 0x08, 0x31, 0xB1, 0xF7, 0x50, 0xFE
	.byte 0x21, 0x68, 0x88, 0x71, 0x10, 0x48, 0x20, 0x21, 0x4E, 0xF7, 0x9E, 0xFD, 0x21, 0x68, 0xDA, 0x22
	.byte 0x92, 0x00, 0x89, 0x18, 0x08, 0x60, 0x30, 0xBC, 0x01, 0xBC, 0x00, 0x47, 0x78, 0x6C, 0x00, 0x03
	.byte 0x50, 0x4B, 0x03, 0x02, 0x44, 0xCA, 0x6A, 0x09, 0x04, 0xBA, 0x6F, 0x09, 0x64, 0x5C, 0x6F, 0x09
	.byte 0xF8, 0xE2, 0x50, 0x09, 0xB8, 0x12, 0x61, 0x09, 0xB8, 0x1A, 0x61, 0x09, 0xE9, 0xFF, 0x00, 0x00
	.byte 0xD0, 0xFF, 0x00, 0x00, 0xBE, 0xA2, 0x15, 0x08, 0xA4, 0xBA, 0x6F, 0x09, 0x00, 0xB5, 0x00, 0xF0
	.byte 0x03, 0xF8, 0x01, 0xBC, 0x00, 0x47, 0x00, 0x00, 0x00, 0xB5, 0x82, 0xB0, 0x09, 0x48, 0x01, 0x68
	.byte 0x0A, 0x1C, 0x08, 0x32, 0xDA, 0x23, 0x9B, 0x00, 0xC8, 0x18, 0x03, 0x68, 0x14, 0x20, 0x00, 0x90
	.byte 0x88, 0x79, 0x01, 0x90, 0x24, 0x20, 0x39, 0x21, 0xB2, 0xF7, 0xC8, 0xFA, 0x02, 0xB0, 0x01, 0xBC
	.byte 0x00, 0x47, 0x00, 0x00, 0x50, 0x4B, 0x03, 0x02, 0x10, 0xB5, 0x09, 0x4C, 0x20, 0x68, 0xDA, 0x21
	.byte 0x89, 0x00, 0x40, 0x18, 0x00, 0x68, 0x4E, 0xF7, 0x55, 0xFE, 0x20, 0x68, 0x08, 0x30, 0x6C, 0x21
	.byte 0xB1, 0xF7, 0xB8, 0xFD, 0x20, 0x68, 0x4C, 0xF7, 0x27, 0xFD, 0x10, 0xBC, 0x01, 0xBC, 0x00, 0x47
	.byte 0x50, 0x4B, 0x03, 0x02, 0x00, 0xB5, 0x03, 0x49, 0x08, 0x70, 0x00, 0xF0, 0xE5, 0xF8, 0x01, 0xBC
	.byte 0x00, 0x47, 0x00, 0x00, 0x59, 0x4B, 0x03, 0x02, 0x30, 0xB5, 0x82, 0xB0, 0x04, 0x4C, 0x20, 0x78
	.byte 0x01, 0x28, 0x00, 0xD1, 0x7C, 0xE0, 0x01, 0x28, 0x04, 0xDC, 0x00, 0x28, 0x09, 0xD0, 0xAC, 0xE0
	.byte 0x58, 0x4B, 0x03, 0x02, 0x02, 0x28, 0x00, 0xD1, 0x80, 0xE0, 0x03, 0x28, 0x00, 0xD1, 0x95, 0xE0
	.byte 0xA3, 0xE0, 0x30, 0x4D, 0x30, 0x48, 0x03, 0x68, 0x14, 0x20, 0x00, 0x90, 0x2F, 0x4C, 0x20, 0x78
	.byte 0x01, 0x90, 0x23, 0x20, 0x4B, 0x21, 0x2A, 0x1C, 0xB2, 0xF7, 0x80, 0xFA, 0x4D, 0xF7, 0xDA, 0xF9
	.byte 0x20, 0x21, 0x01, 0x40, 0x00, 0x29, 0x12, 0xD0, 0x29, 0x4A, 0x10, 0x78, 0x01, 0x38, 0x10, 0x70
	.byte 0x00, 0x06, 0x00, 0x28, 0x01, 0xDA, 0x0C, 0x20, 0x10, 0x70, 0x26, 0x49, 0x00, 0x20, 0x10, 0x56
	.byte 0x80, 0x00, 0x40, 0x18, 0x00, 0x68, 0x29, 0x1C, 0xB1, 0xF7, 0xB2, 0xFD, 0x20, 0x70, 0x4D, 0xF7
	.byte 0xC1, 0xF9, 0x10, 0x21, 0x01, 0x40, 0x00, 0x29, 0x14, 0xD0, 0x1D, 0x4A, 0x10, 0x78, 0x01, 0x30
	.byte 0x10, 0x70, 0x00, 0x06, 0x00, 0x16, 0x0C, 0x28, 0x01, 0xDD, 0x00, 0x20, 0x10, 0x70, 0x17, 0x4C
	.byte 0x18, 0x49, 0x00, 0x20, 0x10, 0x56, 0x80, 0x00, 0x40, 0x18, 0x00, 0x68, 0x11, 0x49, 0xB1, 0xF7
	.byte 0x97, 0xFD, 0x20, 0x70, 0x4D, 0xF7, 0xA6, 0xF9, 0x01, 0x21, 0x01, 0x40, 0x00, 0x29, 0x0D, 0xD0
	.byte 0x00, 0x20, 0x10, 0x21, 0x52, 0xF7, 0x98, 0xF8, 0x00, 0x20, 0x50, 0xF7, 0xE1, 0xFF, 0x01, 0x20
	.byte 0x50, 0xF7, 0xDE, 0xFF, 0x0C, 0x49, 0x08, 0x78, 0x01, 0x30, 0x08, 0x70, 0x4D, 0xF7, 0x92, 0xF9
	.byte 0x02, 0x21, 0x01, 0x40, 0x00, 0x29, 0x48, 0xD0, 0x08, 0x48, 0x00, 0x21, 0x4D, 0xF7, 0x28, 0xF8
	.byte 0x43, 0xE0, 0x00, 0x00, 0x60, 0x4B, 0x03, 0x02, 0x00, 0x4C, 0x03, 0x02, 0x5B, 0x4B, 0x03, 0x02
	.byte 0x59, 0x4B, 0x03, 0x02, 0xC8, 0x15, 0xEF, 0x09, 0x58, 0x4B, 0x03, 0x02, 0x64, 0xEB, 0xEC, 0x09
	.byte 0x04, 0x49, 0x05, 0x48, 0x00, 0x78, 0x00, 0x06, 0x00, 0x16, 0x40, 0x18, 0x00, 0x78, 0x00, 0xF0
	.byte 0xB1, 0xF8, 0x17, 0xE0, 0xFC, 0x15, 0xEF, 0x09, 0x59, 0x4B, 0x03, 0x02, 0x07, 0x48, 0x00, 0x68
	.byte 0x4C, 0xF7, 0x44, 0xFF, 0x00, 0x06, 0x00, 0x28, 0x0C, 0xD0, 0x05, 0x4C, 0x20, 0x1C, 0x4C, 0xF7
	.byte 0xEB, 0xFE, 0x20, 0x1C, 0x4C, 0xF7, 0x06, 0xFF, 0x17, 0xE0, 0x00, 0x00, 0x1C, 0x4C, 0x03, 0x02
	.byte 0x08, 0x4C, 0x03, 0x02, 0x20, 0x78, 0x01, 0x30, 0x20, 0x70, 0x0E, 0xE0, 0x09, 0x49, 0x08, 0x78
	.byte 0x01, 0x30, 0x08, 0x70, 0x00, 0x06, 0x00, 0x0E, 0x0A, 0x28, 0x06, 0xD9, 0x06, 0x48, 0x07, 0x49
	.byte 0x09, 0x78, 0x09, 0x06, 0x09, 0x16, 0x4C, 0xF7, 0xE3, 0xFF, 0x02, 0xB0, 0x30, 0xBC, 0x01, 0xBC
	.byte 0x00, 0x47, 0x00, 0x00, 0x5A, 0x4B, 0x03, 0x02, 0x0C, 0x16, 0xEF, 0x09, 0x59, 0x4B, 0x03, 0x02
	.byte 0x00, 0xB5, 0x09, 0x48, 0x14, 0x21, 0xB1, 0xF7, 0xDD, 0xFC, 0x08, 0x48, 0x00, 0x68, 0x4E, 0xF7
	.byte 0x71, 0xFD, 0x07, 0x48, 0x00, 0x78, 0x00, 0x28, 0x04, 0xD0, 0x03, 0x28, 0x02, 0xD1, 0x05, 0x48
	.byte 0x4C, 0xF7, 0xE6, 0xFE, 0x01, 0xBC, 0x00, 0x47, 0x60, 0x4B, 0x03, 0x02, 0x00, 0x4C, 0x03, 0x02
	.byte 0x58, 0x4B, 0x03, 0x02, 0x08, 0x4C, 0x03, 0x02, 0x30, 0xB5, 0x00, 0x20, 0x10, 0x21, 0x51, 0xF7
	.byte 0xE1, 0xFF, 0x50, 0xF7, 0x27, 0xFE, 0x01, 0x20, 0x02, 0x21, 0x1F, 0x22, 0x00, 0x23, 0x50, 0xF7
	.byte 0x83, 0xFF, 0x01, 0x20, 0x00, 0x21, 0x51, 0xF7, 0x3B, 0xFA, 0x1B, 0x49, 0xBC, 0x22, 0x12, 0x01
	.byte 0x01, 0x20, 0x50, 0xF7, 0x9B, 0xFF, 0x19, 0x49, 0x01, 0x20, 0x40, 0x22, 0x50, 0xF7, 0xA8, 0xFF
	.byte 0x17, 0x49, 0x80, 0x22, 0x12, 0x01, 0x01, 0x20, 0x50, 0xF7, 0xBA, 0xFF, 0x00, 0x20, 0x50, 0xF7
	.byte 0x3F, 0xFF, 0x01, 0x20, 0x50, 0xF7, 0x12, 0xFF, 0x12, 0x48, 0x00, 0x21, 0x01, 0x70, 0x12, 0x48
	.byte 0x01, 0x70, 0x12, 0x4C, 0x20, 0x1C, 0x14, 0x21, 0xB1, 0xF7, 0x8A, 0xFC, 0x10, 0x4D, 0x11, 0x49
	.byte 0x11, 0x48, 0x00, 0x78, 0x00, 0x06, 0x00, 0x16, 0x80, 0x00, 0x40, 0x18, 0x00, 0x68, 0x21, 0x1C
	.byte 0xB1, 0xF7, 0xCE, 0xFC, 0x28, 0x70, 0x0D, 0x48, 0x20, 0x21, 0x4E, 0xF7, 0x1D, 0xFC, 0x0C, 0x49
	.byte 0x08, 0x60, 0x30, 0xBC, 0x01, 0xBC, 0x00, 0x47, 0x44, 0xCA, 0x6A, 0x09, 0x04, 0xBA, 0x6F, 0x09
	.byte 0x64, 0x54, 0x6F, 0x09, 0x58, 0x4B, 0x03, 0x02, 0x5A, 0x4B, 0x03, 0x02, 0x60, 0x4B, 0x03, 0x02
	.byte 0x5B, 0x4B, 0x03, 0x02, 0xC8, 0x15, 0xEF, 0x09, 0x59, 0x4B, 0x03, 0x02, 0xC4, 0xBC, 0x6F, 0x09
	.byte 0x00, 0x4C, 0x03, 0x02, 0x10, 0xB5, 0x82, 0xB0, 0x00, 0x06, 0x04, 0x0E, 0x00, 0x20, 0x10, 0x21
	.byte 0x51, 0xF7, 0x80, 0xFF, 0x50, 0xF7, 0x20, 0xFE, 0x00, 0x20, 0x00, 0x21, 0x07, 0x22, 0x0E, 0x23
	.byte 0x50, 0xF7, 0x22, 0xFF, 0x00, 0x20, 0x00, 0x21, 0x51, 0xF7, 0xC8, 0xF9, 0x00, 0x20, 0x01, 0x21
	.byte 0x51, 0xF7, 0x0A, 0xFA, 0x00, 0x20, 0x00, 0x21, 0x51, 0xF7, 0xD2, 0xF9, 0x02, 0x20, 0x02, 0x21
	.byte 0x18, 0x22, 0x00, 0x23, 0x50, 0xF7, 0x10, 0xFF, 0x02, 0x20, 0x02, 0x21, 0x51, 0xF7, 0xB6, 0xF9
	.byte 0x02, 0x20, 0x01, 0x21, 0x51, 0xF7, 0xF8, 0xF9, 0x80, 0x21, 0x09, 0x02, 0x02, 0x20, 0x51, 0xF7
	.byte 0xBF, 0xF9, 0x06, 0x48, 0x02, 0x21, 0x4C, 0xF7, 0xF7, 0xFD, 0x0C, 0x2C, 0x00, 0xD9, 0xAD, 0xE1
	.byte 0xA0, 0x00, 0x03, 0x49, 0x40, 0x18, 0x00, 0x68, 0x87, 0x46, 0x00, 0x00, 0x08, 0x4C, 0x03, 0x02
	.byte 0x90, 0x42, 0x0B, 0x08, 0x2C, 0x45, 0x0B, 0x08, 0xB0, 0x44, 0x0B, 0x08, 0x7C, 0x43, 0x0B, 0x08
	.byte 0xF8, 0x43, 0x0B, 0x08, 0xC4, 0x42, 0x0B, 0x08, 0x00, 0x43, 0x0B, 0x08, 0x40, 0x43, 0x0B, 0x08
	.byte 0xB8, 0x43, 0x0B, 0x08, 0x34, 0x44, 0x0B, 0x08, 0x70, 0x44, 0x0B, 0x08, 0xF0, 0x44, 0x0B, 0x08
	.byte 0x68, 0x45, 0x0B, 0x08, 0xA8, 0x45, 0x0B, 0x08, 0x09, 0x49, 0x80, 0x22, 0xD2, 0x01, 0x02, 0x20
	.byte 0x50, 0xF7, 0xF4, 0xFE, 0x07, 0x49, 0x02, 0x20, 0xC0, 0x22, 0x50, 0xF7, 0x01, 0xFF, 0x06, 0x49
	.byte 0x80, 0x22, 0x52, 0x01, 0x02, 0x20, 0x50, 0xF7, 0x13, 0xFF, 0x04, 0x48, 0x04, 0x49, 0x70, 0xE1
	.byte 0x24, 0x48, 0xC8, 0x08, 0x04, 0x89, 0xF6, 0x08, 0x84, 0x23, 0xEF, 0x08, 0x08, 0x4C, 0x03, 0x02
	.byte 0x5C, 0x18, 0xEF, 0x09, 0x0A, 0x49, 0x80, 0x22, 0xD2, 0x01, 0x02, 0x20, 0x50, 0xF7, 0xD6, 0xFE
	.byte 0x08, 0x49, 0x80, 0x22, 0x52, 0x00, 0x02, 0x20, 0x50, 0xF7, 0xE2, 0xFE, 0x06, 0x49, 0x80, 0x22
	.byte 0x52, 0x01, 0x02, 0x20, 0x50, 0xF7, 0xF4, 0xFE, 0x04, 0x48, 0x05, 0x49, 0x51, 0xE1, 0x00, 0x00
	.byte 0x24, 0xC8, 0xC8, 0x08, 0x84, 0x8A, 0xF6, 0x08, 0x84, 0x43, 0xEF, 0x08, 0x08, 0x4C, 0x03, 0x02
	.byte 0x34, 0x16, 0xEF, 0x09, 0x09, 0x49, 0x80, 0x22, 0xD2, 0x01, 0x02, 0x20, 0x50, 0xF7, 0xB6, 0xFE
	.byte 0x07, 0x49, 0x02, 0x20, 0xE0, 0x22, 0x50, 0xF7, 0xC3, 0xFE, 0x06, 0x49, 0x80, 0x22, 0x52, 0x01
	.byte 0x02, 0x20, 0x50, 0xF7, 0xD5, 0xFE, 0x04, 0x48, 0x04, 0x49, 0x32, 0xE1, 0x24, 0x48, 0xC9, 0x08
	.byte 0x84, 0x8C, 0xF6, 0x08, 0x84, 0x63, 0xEF, 0x08, 0x08, 0x4C, 0x03, 0x02, 0x4C, 0x16, 0xEF, 0x09
	.byte 0x09, 0x49, 0x80, 0x22, 0xD2, 0x01, 0x02, 0x20, 0x50, 0xF7, 0x98, 0xFE, 0x07, 0x49, 0x02, 0x20
	.byte 0xC0, 0x22, 0x50, 0xF7, 0xA5, 0xFE, 0x06, 0x49, 0x80, 0x22, 0x52, 0x01, 0x02, 0x20, 0x50, 0xF7
	.byte 0xB7, 0xFE, 0x04, 0x48, 0x04, 0x49, 0x14, 0xE1, 0x24, 0x88, 0xC8, 0x08, 0xC4, 0x89, 0xF6, 0x08
	.byte 0x84, 0x33, 0xEF, 0x08, 0x08, 0x4C, 0x03, 0x02, 0x74, 0x18, 0xEF, 0x09, 0x0A, 0x49, 0xFB, 0x22
	.byte 0x92, 0x01, 0x02, 0x20, 0x50, 0xF7, 0x7A, 0xFE, 0x08, 0x49, 0xA0, 0x22, 0x52, 0x00, 0x02, 0x20
	.byte 0x50, 0xF7, 0x86, 0xFE, 0x06, 0x49, 0x80, 0x22, 0x52, 0x01, 0x02, 0x20, 0x50, 0xF7, 0x98, 0xFE
	.byte 0x04, 0x48, 0x05, 0x49, 0xF5, 0xE0, 0x00, 0x00, 0x24, 0x88, 0xC9, 0x08, 0x64, 0x8D, 0xF6, 0x08
	.byte 0x84, 0x73, 0xEF, 0x08, 0x08, 0x4C, 0x03, 0x02, 0x8C, 0x18, 0xEF, 0x09, 0x09, 0x49, 0x80, 0x22
	.byte 0xD2, 0x01, 0x02, 0x20, 0x50, 0xF7, 0x5A, 0xFE, 0x07, 0x49, 0x02, 0x20, 0xE0, 0x22, 0x50, 0xF7
	.byte 0x67, 0xFE, 0x06, 0x49, 0x80, 0x22, 0x52, 0x01, 0x02, 0x20, 0x50, 0xF7, 0x79, 0xFE, 0x04, 0x48
	.byte 0x04, 0x49, 0xD6, 0xE0, 0x24, 0xC8, 0xC7, 0x08, 0xE4, 0x86, 0xF6, 0x08, 0x84, 0x03, 0xEF, 0x08
	.byte 0x08, 0x4C, 0x03, 0x02, 0xD4, 0x18, 0xEF, 0x09, 0x09, 0x49, 0x80, 0x22, 0xD2, 0x01, 0x02, 0x20
	.byte 0x50, 0xF7, 0x3C, 0xFE, 0x07, 0x49, 0x02, 0x20, 0xE0, 0x22, 0x50, 0xF7, 0x49, 0xFE, 0x06, 0x49
	.byte 0x80, 0x22, 0x52, 0x01, 0x02, 0x20, 0x50, 0xF7, 0x5B, 0xFE, 0x04, 0x48, 0x04, 0x49, 0xB8, 0xE0
	.byte 0xE4, 0x06, 0xCA, 0x08, 0xC4, 0x8F, 0xF6, 0x08, 0x84, 0x93, 0xEF, 0x08, 0x08, 0x4C, 0x03, 0x02
	.byte 0xEC, 0x18, 0xEF, 0x09, 0x0A, 0x49, 0x80, 0x22, 0xD2, 0x01, 0x02, 0x20, 0x50, 0xF7, 0x1E, 0xFE
	.byte 0x08, 0x49, 0x90, 0x22, 0x52, 0x00, 0x02, 0x20, 0x50, 0xF7, 0x2A, 0xFE, 0x06, 0x49, 0x80, 0x22
	.byte 0x52, 0x01, 0x02, 0x20, 0x50, 0xF7, 0x3C, 0xFE, 0x04, 0x48, 0x05, 0x49, 0x99, 0xE0, 0x00, 0x00
	.byte 0xE4, 0xC6, 0xC9, 0x08, 0xA4, 0x8E, 0xF6, 0x08, 0x84, 0x83, 0xEF, 0x08, 0x08, 0x4C, 0x03, 0x02
	.byte 0x04, 0x19, 0xEF, 0x09, 0x0A, 0x49, 0x80, 0x22, 0xD2, 0x01, 0x02, 0x20, 0x50, 0xF7, 0xFE, 0xFD
	.byte 0x08, 0x49, 0x80, 0x22, 0x52, 0x00, 0x02, 0x20, 0x50, 0xF7, 0x0A, 0xFE, 0x06, 0x49, 0x80, 0x22
	.byte 0x52, 0x01, 0x02, 0x20, 0x50, 0xF7, 0x1C, 0xFE, 0x04, 0x48, 0x05, 0x49, 0x79, 0xE0, 0x00, 0x00
	.byte 0x24, 0x08, 0xC9, 0x08, 0x84, 0x8B, 0xF6, 0x08, 0x84, 0x53, 0xEF, 0x08, 0x08, 0x4C, 0x03, 0x02
	.byte 0x5C, 0x1A, 0xEF, 0x09, 0x09, 0x49, 0x80, 0x22, 0xD2, 0x01, 0x02, 0x20, 0x50, 0xF7, 0xDE, 0xFD
	.byte 0x07, 0x49, 0x02, 0x20, 0xC0, 0x22, 0x50, 0xF7, 0xEB, 0xFD, 0x06, 0x49, 0x80, 0x22, 0x52, 0x01
	.byte 0x02, 0x20, 0x50, 0xF7, 0xFD, 0xFD, 0x04, 0x48, 0x04, 0x49, 0x5A, 0xE0, 0x24, 0x88, 0xC7, 0x08
	.byte 0x24, 0x86, 0xF6, 0x08, 0x84, 0xF3, 0xEE, 0x08, 0x08, 0x4C, 0x03, 0x02, 0xBC, 0x1A, 0xEF, 0x09
	.byte 0x09, 0x49, 0x80, 0x22, 0xD2, 0x01, 0x02, 0x20, 0x50, 0xF7, 0xC0, 0xFD, 0x07, 0x49, 0x02, 0x20
	.byte 0xC0, 0x22, 0x50, 0xF7, 0xCD, 0xFD, 0x06, 0x49, 0x80, 0x22, 0x52, 0x01, 0x02, 0x20, 0x50, 0xF7
	.byte 0xDF, 0xFD, 0x04, 0x48, 0x04, 0x49, 0x3C, 0xE0, 0x24, 0x48, 0xC8, 0x08, 0x04, 0x89, 0xF6, 0x08
	.byte 0x84, 0x23, 0xEF, 0x08, 0x08, 0x4C, 0x03, 0x02, 0xD4, 0x1A, 0xEF, 0x09, 0x0A, 0x49, 0x80, 0x22
	.byte 0xD2, 0x01, 0x02, 0x20, 0x50, 0xF7, 0xA2, 0xFD, 0x08, 0x49, 0xA0, 0x22, 0x52, 0x00, 0x02, 0x20
	.byte 0x50, 0xF7, 0xAE, 0xFD, 0x06, 0x49, 0x80, 0x22, 0x52, 0x01, 0x02, 0x20, 0x50, 0xF7, 0xC0, 0xFD
	.byte 0x04, 0x48, 0x05, 0x49, 0x1D, 0xE0, 0x00, 0x00, 0xE4, 0x46, 0xCA, 0x08, 0xA4, 0x90, 0xF6, 0x08
	.byte 0x84, 0xA3, 0xEF, 0x08, 0x08, 0x4C, 0x03, 0x02, 0x38, 0x1B, 0xEF, 0x09, 0x14, 0x49, 0x80, 0x22
	.byte 0xD2, 0x01, 0x02, 0x20, 0x50, 0xF7, 0x82, 0xFD, 0x12, 0x49, 0x02, 0x20, 0xE0, 0x22, 0x50, 0xF7
	.byte 0x8F, 0xFD, 0x11, 0x49, 0x80, 0x22, 0x52, 0x01, 0x02, 0x20, 0x50, 0xF7, 0xA1, 0xFD, 0x0F, 0x48
	.byte 0x0F, 0x49, 0x00, 0x22, 0x4C, 0xF7, 0x20, 0xFC, 0x0E, 0x49, 0x08, 0x60, 0x80, 0x23, 0x5B, 0x00
	.byte 0x80, 0x20, 0x40, 0x02, 0x00, 0x90, 0xB4, 0x20, 0x40, 0x02, 0x01, 0x90, 0x02, 0x20, 0x00, 0x21
	.byte 0x1A, 0x1C, 0x51, 0xF7, 0x4F, 0xF8, 0x02, 0xB0, 0x10, 0xBC, 0x01, 0xBC, 0x00, 0x47, 0x00, 0x00
	.byte 0xE4, 0x86, 0xCA, 0x08, 0xE4, 0x91, 0xF6, 0x08, 0x84, 0xB3, 0xEF, 0x08, 0x08, 0x4C, 0x03, 0x02
	.byte 0x58, 0x1C, 0xEF, 0x09, 0x1C, 0x4C, 0x03, 0x02, 0x30, 0xB5, 0x05, 0x1C, 0x00, 0x22, 0x29, 0x70
	.byte 0x08, 0x48, 0x68, 0x60, 0x2A, 0x81, 0x08, 0x4C, 0x20, 0x1C, 0x02, 0x21, 0x4C, 0xF7, 0x1C, 0xFC
	.byte 0x28, 0x78, 0x0C, 0x28, 0x00, 0xD9, 0x8D, 0xE0, 0x80, 0x00, 0x04, 0x49, 0x40, 0x18, 0x00, 0x68
	.byte 0x87, 0x46, 0x00, 0x00, 0x00, 0xA6, 0xFF, 0xFF, 0x20, 0x4C, 0x03, 0x02, 0x4C, 0x46, 0x0B, 0x08
	.byte 0x20, 0x47, 0x0B, 0x08, 0xF0, 0x46, 0x0B, 0x08, 0xB0, 0x46, 0x0B, 0x08, 0xD0, 0x46, 0x0B, 0x08
	.byte 0x80, 0x46, 0x0B, 0x08, 0x90, 0x46, 0x0B, 0x08, 0xA0, 0x46, 0x0B, 0x08, 0xC0, 0x46, 0x0B, 0x08
	.byte 0xE0, 0x46, 0x0B, 0x08, 0x00, 0x47, 0x0B, 0x08, 0x10, 0x47, 0x0B, 0x08, 0x30, 0x47, 0x0B, 0x08
	.byte 0x40, 0x47, 0x0B, 0x08, 0x01, 0x48, 0x02, 0x49, 0x66, 0xE0, 0x00, 0x00, 0x20, 0x4C, 0x03, 0x02
	.byte 0x5C, 0x18, 0xEF, 0x09, 0x01, 0x48, 0x02, 0x49, 0x5E, 0xE0, 0x00, 0x00, 0x20, 0x4C, 0x03, 0x02
	.byte 0x34, 0x16, 0xEF, 0x09, 0x01, 0x48, 0x02, 0x49, 0x56, 0xE0, 0x00, 0x00, 0x20, 0x4C, 0x03, 0x02
	.byte 0x4C, 0x16, 0xEF, 0x09, 0x01, 0x48, 0x02, 0x49, 0x4E, 0xE0, 0x00, 0x00, 0x20, 0x4C, 0x03, 0x02
	.byte 0x74, 0x18, 0xEF, 0x09, 0x01, 0x48, 0x02, 0x49, 0x46, 0xE0, 0x00, 0x00, 0x20, 0x4C, 0x03, 0x02
	.byte 0x8C, 0x18, 0xEF, 0x09, 0x01, 0x48, 0x02, 0x49, 0x3E, 0xE0, 0x00, 0x00, 0x20, 0x4C, 0x03, 0x02
	.byte 0xD4, 0x18, 0xEF, 0x09, 0x01, 0x48, 0x02, 0x49, 0x36, 0xE0, 0x00, 0x00, 0x20, 0x4C, 0x03, 0x02
	.byte 0xEC, 0x18, 0xEF, 0x09, 0x01, 0x48, 0x02, 0x49, 0x2E, 0xE0, 0x00, 0x00, 0x20, 0x4C, 0x03, 0x02
	.byte 0x5C, 0x1A, 0xEF, 0x09, 0x01, 0x48, 0x02, 0x49, 0x26, 0xE0, 0x00, 0x00, 0x20, 0x4C, 0x03, 0x02
	.byte 0x04, 0x19, 0xEF, 0x09, 0x01, 0x48, 0x02, 0x49, 0x1E, 0xE0, 0x00, 0x00, 0x20, 0x4C, 0x03, 0x02
	.byte 0xBC, 0x1A, 0xEF, 0x09, 0x01, 0x48, 0x02, 0x49, 0x16, 0xE0, 0x00, 0x00, 0x20, 0x4C, 0x03, 0x02
	.byte 0xD4, 0x1A, 0xEF, 0x09, 0x01, 0x48, 0x02, 0x49, 0x0E, 0xE0, 0x00, 0x00, 0x20, 0x4C, 0x03, 0x02
	.byte 0x38, 0x1B, 0xEF, 0x09, 0x01, 0x48, 0x02, 0x49, 0x06, 0xE0, 0x00, 0x00, 0x20, 0x4C, 0x03, 0x02
	.byte 0x58, 0x1C, 0xEF, 0x09, 0x07, 0x49, 0x20, 0x1C, 0x00, 0x22, 0x4C, 0xF7, 0x5D, 0xFB, 0x06, 0x49
	.byte 0x08, 0x60, 0x28, 0x78, 0x00, 0x28, 0x09, 0xD1, 0x69, 0x68, 0x00, 0x20, 0x15, 0xF0, 0x9E, 0xFF
	.byte 0x08, 0xE0, 0x00, 0x00, 0x5C, 0x18, 0xEF, 0x09, 0x34, 0x4C, 0x03, 0x02, 0x69, 0x68, 0x00, 0x20
	.byte 0x2B, 0xF0, 0x94, 0xFD, 0x30, 0xBC, 0x01, 0xBC, 0x00, 0x47, 0x00, 0x00, 0x10, 0xB5, 0x01, 0x1C
	.byte 0x08, 0x78, 0x00, 0x28, 0x0C, 0xD1, 0x08, 0x89, 0x01, 0x30, 0x08, 0x81, 0x00, 0x04, 0x9D, 0x21
	.byte 0x49, 0x04, 0x88, 0x42, 0x10, 0xDC, 0x00, 0x20, 0x4C, 0x21, 0x15, 0xF0, 0x7F, 0xFF, 0x0B, 0xE0
	.byte 0x08, 0x89, 0x01, 0x30, 0x08, 0x81, 0x00, 0x04, 0x9D, 0x21, 0x49, 0x04, 0x88, 0x42, 0x03, 0xDC
	.byte 0x00, 0x20, 0x4C, 0x21, 0x2B, 0xF0, 0x72, 0xFD, 0x04, 0x48, 0x00, 0x68, 0x4C, 0xF7, 0xBE, 0xFB
	.byte 0x00, 0x06, 0x00, 0x28, 0x04, 0xD1, 0x00, 0x20, 0x0A, 0xE0, 0x00, 0x00, 0x34, 0x4C, 0x03, 0x02
	.byte 0x05, 0x4C, 0x20, 0x1C, 0x4C, 0xF7, 0x60, 0xFB, 0x20, 0x1C, 0x4C, 0xF7, 0x7B, 0xFB, 0x01, 0x20
	.byte 0x10, 0xBC, 0x02, 0xBC, 0x08, 0x47, 0x00, 0x00, 0x20, 0x4C, 0x03, 0x02, 0x70, 0x47, 0x00, 0x00
	.byte 0x00, 0xB5, 0x05, 0x48, 0x4C, 0xF7, 0x84, 0xFB, 0x00, 0x20, 0x00, 0x21, 0x10, 0x22, 0x50, 0xF7
	.byte 0xC9, 0xFF, 0x01, 0xBC, 0x00, 0x47, 0x00, 0x00, 0x20, 0x4C, 0x03, 0x02
