@ Generated with Luvdis v0.8.0
.syntax unified
.text
@ Begin embedded Luvdis macros
	.macro arm_func_start name
	.align 2, 0
	.global \name
	.arm
	.type \name, %function
	.endm

	.macro arm_func_end name
	.size \name, .-\name
	.endm

	.macro thumb_func_start name
	.align 2, 0
	.global \name
	.thumb
	.thumb_func
	.type \name, %function
	.endm

	.macro non_word_aligned_thumb_func_start name
	.global \name
	.thumb
	.thumb_func
	.type \name, %function
	.endm

	.macro thumb_func_end name
	.size \name, .-\name
	.endm
@ End embedded Luvdis macros

	thumb_func_start task_poo_pooh_0
task_poo_pooh_0: @ 080C85C4
	push {r4, r5, r6, r7, lr}
	mov r7, r10
	mov r6, r9
	mov r5, r8
	push {r5, r6, r7}
	add sp, #-0x00C
	adds r7, r0, #0x0
	ldr r0, _080C86F8 @ =0x02034DA8
	str r7, [r0, #0x00]
	adds r0, r7, #0x0
	adds r0, #0xCC
	movs r5, #0x00
	strb r5, [r0, #0x00]
	ldr r0, _080C86FC @ =0x0203C3E4
	ldr r1, _080C8700 @ =0x0203C3E0
	bl func_080D2CD0
	adds r0, r7, #0x0
	adds r0, #0xD0
	str r5, [r0, #0x00]
	adds r0, #0x04
	movs r1, #0x00
	mov r10, r1
	strh r5, [r0, #0x00]
	ldr r0, _080C8704 @ =0x0203C3F0
	str r5, [r0, #0x00]
	adds r0, r7, #0x0
	adds r0, #0xDC
	strh r5, [r0, #0x00]
	adds r0, #0x1C
	strh r5, [r0, #0x00]
	adds r1, r7, #0x0
	adds r1, #0x38
	movs r0, #0x2D
	strb r0, [r1, #0x00]
	adds r2, r7, #0x0
	adds r2, #0x3A
	strb r0, [r2, #0x00]
	ldrb r0, [r1, #0x00]
	adds r1, #0x03
	strb r0, [r1, #0x00]
	adds r0, r7, #0x0
	bl _080C7CC8
	str r5, [r7, #0x3C]
	adds r0, r7, #0x0
	adds r0, #0x24
	mov r1, r10
	strb r1, [r0, #0x00]
	ldr r0, _080C8708 @ =0x0000FFFF
	strh r0, [r7, #0x26]
	movs r0, #0x28
	adds r0, r0, r7
	mov r9, r0
	ldr r6, _080C870C @ =0x02034DAC
	adds r1, r6, #0x0
	bl func_080D2CA8
	str r5, [r7, #0x34]
	ldr r0, [r7, #0x28]
	str r0, [r7, #0x40]
	ldr r0, [r7, #0x2C]
	str r0, [r7, #0x44]
	ldr r0, _080C8710 @ =0x0203C3EC
	mov r1, r9
	str r1, [r0, #0x00]
	ldr r4, _080C8714 @ =0x096FC010
	ldrh r0, [r4, #0x04]
	lsls r0, r0, #0x15
	lsrs r0, r0, #0x10
	movs r1, #0x00
	bl func_080028F8
	str r0, [r7, #0x00]
	ldr r0, [r4, #0x00]
	movs r1, #0x20
	bl func_08002A14
	str r0, [r7, #0x04]
	movs r0, #0x0C
	adds r0, r0, r7
	mov r8, r0
	movs r1, #0x00
	movs r2, #0x00
	bl func_08005968
	ldr r1, [r6, #0x00]
	adds r0, r7, #0x0
	bl func_080C84E0
	adds r0, r7, #0x0
	adds r0, #0xFA
	mov r1, r10
	strb r1, [r0, #0x00]
	ldr r1, [r6, #0x00]
	adds r0, r7, #0x0
	bl _080C7FEC
	mov r0, r8
	bl func_08005AFC
	str r0, [r7, #0x08]
	adds r6, r7, #0x0
	adds r6, #0x4C
	ldrh r2, [r4, #0x08]
	ldrh r3, [r4, #0x06]
	adds r0, r6, #0x0
	movs r1, #0x09
	bl func_080122AC
	ldr r1, [r7, #0x28]
	ldr r2, [r7, #0x2C]
	ldr r3, [r7, #0x30]
	adds r0, r6, #0x0
	bl func_08012324
	adds r4, r7, #0x0
	adds r4, #0xB0
	adds r0, r4, #0x0
	movs r1, #0x0A
	bl func_08000E64
	mov r0, r9
	str r0, [sp, #0x000]
	adds r0, r7, #0x0
	adds r0, #0xE0
	str r0, [sp, #0x004]
	ldr r1, _080C8718 @ =0x09EF4940
	adds r0, r4, #0x0
	mov r2, sp
	bl func_08000E14
	adds r0, r7, #0x0
	adds r0, #0xC4
	str r5, [r0, #0x00]
	adds r0, #0x04
	str r5, [r0, #0x00]
	adds r2, r7, #0x0
	adds r2, #0xE8
	adds r0, r6, #0x0
	mov r1, r9
	bl func_080C8B38
	adds r1, r7, #0x0
	adds r1, #0xEC
	str r0, [r1, #0x00]
	add sp, #0x00C
	pop {r3, r4, r5}
	mov r8, r3
	mov r9, r4
	mov r10, r5
	pop {r4, r5, r6, r7}
	pop {r0}
	bx r0
_080C86F8: .4byte 0x02034DA8
_080C86FC: .4byte 0x0203C3E4
_080C8700: .4byte 0x0203C3E0
_080C8704: .4byte 0x0203C3F0
_080C8708: .4byte 0x0000FFFF
_080C870C: .4byte 0x02034DAC
_080C8710: .4byte 0x0203C3EC
_080C8714: .4byte 0x096FC010
_080C8718: .4byte 0x09EF4940
	thumb_func_start func_080C871C
func_080C871C: @ 080C871C
	push {r4, lr}
	adds r4, r0, #0x0
	ldr r1, _080C8740 @ =0x0203C3F0
	ldr r0, [r1, #0x00]
	cmp r0, #0x01
	bne _080C874C
	adds r0, r4, #0x0
	movs r1, #0x10
	bl func_080C84E0
	ldr r0, _080C8744 @ =0x0203C3DC
	ldr r0, [r0, #0x00]
	str r0, [r4, #0x28]
	ldr r0, _080C8748 @ =0x0203C3E8
	ldr r0, [r0, #0x00]
	str r0, [r4, #0x2C]
	b _080C886A
	.byte 0x00, 0x00
_080C8740: .4byte 0x0203C3F0
_080C8744: .4byte 0x0203C3DC
_080C8748: .4byte 0x0203C3E8
_080C874C:
	cmp r0, #0x02
	bne _080C8770
	ldr r0, _080C8768 @ =0x0203C3DC
	ldr r0, [r0, #0x00]
	str r0, [r4, #0x28]
	ldr r0, _080C876C @ =0x0203C3E8
	ldr r0, [r0, #0x00]
	str r0, [r4, #0x2C]
	adds r0, r4, #0x0
	movs r1, #0x26
	bl func_080C84E0
	b _080C886A
	.byte 0x00, 0x00
_080C8768: .4byte 0x0203C3DC
_080C876C: .4byte 0x0203C3E8
_080C8770:
	cmp r0, #0x07
	bne _080C8794
	ldr r0, _080C878C @ =0x0203C3DC
	ldr r0, [r0, #0x00]
	str r0, [r4, #0x28]
	ldr r0, _080C8790 @ =0x0203C3E8
	ldr r0, [r0, #0x00]
	str r0, [r4, #0x2C]
	adds r0, r4, #0x0
	movs r1, #0x27
	bl func_080C84E0
	b _080C886A
	.byte 0x00, 0x00
_080C878C: .4byte 0x0203C3DC
_080C8790: .4byte 0x0203C3E8
_080C8794:
	cmp r0, #0x08
	bne _080C87CC
	ldr r0, [r4, #0x28]
	ldr r1, [r4, #0x2C]
	ldr r2, _080C87C4 @ =0x0203C3DC
	ldr r2, [r2, #0x00]
	ldr r3, _080C87C8 @ =0x0203C3E8
	ldr r3, [r3, #0x00]
	bl func_0801CB6C
	adds r1, r4, #0x0
	adds r1, #0x38
	strb r0, [r1, #0x00]
	adds r2, r4, #0x0
	adds r2, #0x3A
	strb r0, [r2, #0x00]
	ldrb r0, [r1, #0x00]
	adds r1, #0x03
	strb r0, [r1, #0x00]
	adds r0, r4, #0x0
	movs r1, #0x14
	bl func_080C84E0
	b _080C886A
_080C87C4: .4byte 0x0203C3DC
_080C87C8: .4byte 0x0203C3E8
_080C87CC:
	cmp r0, #0x0B
	bne _080C880C
	ldr r0, [r4, #0x28]
	ldr r1, [r4, #0x2C]
	ldr r2, _080C8804 @ =0x0203C3DC
	ldr r2, [r2, #0x00]
	ldr r3, _080C8808 @ =0x0203C3E8
	ldr r3, [r3, #0x00]
	bl func_0801CB6C
	adds r1, r4, #0x0
	adds r1, #0x38
	movs r2, #0x00
	strb r0, [r1, #0x00]
	adds r3, r4, #0x0
	adds r3, #0x3A
	strb r0, [r3, #0x00]
	ldrb r0, [r1, #0x00]
	adds r1, #0x03
	strb r0, [r1, #0x00]
	adds r0, r4, #0x0
	adds r0, #0xF6
	strb r2, [r0, #0x00]
	adds r0, r4, #0x0
	movs r1, #0x15
	bl func_080C84E0
	b _080C886A
_080C8804: .4byte 0x0203C3DC
_080C8808: .4byte 0x0203C3E8
_080C880C:
	cmp r0, #0x03
	bne _080C881A
	adds r0, r4, #0x0
	movs r1, #0x20
	bl func_080C84E0
	b _080C886A
_080C881A:
	cmp r0, #0x04
	beq _080C8822
	cmp r0, #0x06
	bne _080C882C
_080C8822:
	adds r0, r4, #0x0
	movs r1, #0x00
	bl func_080C84E0
	b _080C886A
_080C882C:
	cmp r0, #0x05
	bne _080C883A
	adds r0, r4, #0x0
	movs r1, #0x0A
	bl func_080C84E0
	b _080C886A
_080C883A:
	cmp r0, #0x09
	bne _080C8848
	adds r0, r4, #0x0
	movs r1, #0x0C
	bl func_080C84E0
	b _080C886A
_080C8848:
	ldr r0, [r1, #0x00]
	cmp r0, #0x0A
	bne _080C8858
	adds r0, r4, #0x0
	movs r1, #0x0B
	bl func_080C84E0
	b _080C886A
_080C8858:
	cmp r0, #0x0C
	bne _080C8862
	movs r0, #0x00
	str r0, [r1, #0x00]
	b _080C8872
_080C8862:
	adds r0, r4, #0x0
	movs r1, #0x0A
	bl func_080C84E0
_080C886A:
	ldr r1, _080C8878 @ =0x0203C3F0
	movs r0, #0x00
	str r0, [r1, #0x00]
	movs r0, #0x01
_080C8872:
	pop {r4}
	pop {r1}
	bx r1
_080C8878: .4byte 0x0203C3F0
	.byte 0x10, 0xB5, 0x04, 0x1C, 0x4C, 0x30, 0x01, 0x21, 0x49, 0xF7, 0xEC, 0xFE, 0x00, 0x06, 0x00, 0x28
	.byte 0x0A, 0xD0, 0x07, 0xF0, 0x4F, 0xFB, 0x00, 0x06, 0x00, 0x28, 0x05, 0xD1, 0x20, 0x1C, 0x0A, 0x21
	.byte 0xFF, 0xF7, 0x20, 0xFE, 0x01, 0x20, 0x0C, 0xE0, 0x02, 0x48, 0x00, 0x68, 0x00, 0x28, 0x03, 0xD1
	.byte 0x00, 0x20, 0x06, 0xE0, 0xF0, 0xC3, 0x03, 0x02, 0x20, 0x1C, 0xFF, 0xF7, 0x31, 0xFF, 0x00, 0x06
	.byte 0x00, 0x0E, 0x10, 0xBC, 0x02, 0xBC, 0x08, 0x47
	thumb_func_start func_080C88C4
func_080C88C4: @ 080C88C4
	push {r4, r5, lr}
	adds r4, r0, #0x0
	adds r5, r1, #0x0
	cmp r5, #0x00
	beq _080C899C
	bl func_080CBA4C
	lsls r0, r0, #0x18
	adds r3, r4, #0x0
	adds r3, #0xDC
	cmp r0, #0x00
	beq _080C891C
	ldrh r0, [r3, #0x00]
	cmp r0, #0x00
	bne _080C88F0
	adds r0, r4, #0x0
	adds r0, #0xD0
	ldr r1, _080C8914 @ =0x0203C410
	ldr r2, [r0, #0x00]
	ldr r0, [r1, #0x00]
	cmp r2, r0
	bne _080C8918
_080C88F0:
	adds r1, r4, #0x0
	adds r1, #0xF8
	ldrh r0, [r1, #0x00]
	adds r0, #0x01
	movs r2, #0x00
	strh r0, [r1, #0x00]
	lsls r0, r0, #0x10
	lsrs r0, r0, #0x10
	cmp r0, #0x0A
	bls _080C89AC
	strh r2, [r3, #0x00]
	strh r2, [r1, #0x00]
	adds r0, r4, #0x0
	movs r1, #0x1D
	bl func_080C84E0
	b _080C89AC
	.byte 0x00, 0x00
_080C8914: .4byte 0x0203C410
_080C8918:
	movs r0, #0x5A
	strh r0, [r3, #0x00]
_080C891C:
	ldrh r0, [r3, #0x00]
	cmp r0, #0x00
	beq _080C892A
	subs r0, #0x01
	strh r0, [r3, #0x00]
	ldr r0, _080C8978 @ =0x0203C410
	ldr r5, [r0, #0x00]
_080C892A:
	adds r0, r4, #0x0
	adds r0, #0xD0
	ldr r1, [r0, #0x00]
	adds r2, r0, #0x0
	adds r3, r4, #0x0
	adds r3, #0xD4
	cmp r1, r5
	beq _080C897C
	ldrh r0, [r3, #0x00]
	cmp r0, #0x3B
	bhi _080C897C
	adds r1, r4, #0x0
	adds r1, #0x38
	ldrb r0, [r1, #0x00]
	adds r2, r4, #0x0
	adds r2, #0x3A
	strb r0, [r2, #0x00]
	ldrb r0, [r1, #0x00]
	adds r1, #0x03
	strb r0, [r1, #0x00]
	ldr r0, [r4, #0x28]
	ldr r1, [r4, #0x2C]
	ldr r3, [r5, #0x08]
	ldr r2, [r3, #0x00]
	ldr r3, [r3, #0x04]
	bl func_0801CB6C
	adds r1, r4, #0x0
	adds r1, #0x39
	strb r0, [r1, #0x00]
	ldr r0, [r4, #0x28]
	str r0, [r4, #0x40]
	ldr r0, [r4, #0x2C]
	str r0, [r4, #0x44]
	adds r0, r4, #0x0
	movs r1, #0x09
	bl func_080C84E0
	b _080C89AC
_080C8978: .4byte 0x0203C410
_080C897C:
	str r5, [r2, #0x00]
	movs r0, #0x00
	strh r0, [r3, #0x00]
	ldr r0, [r2, #0x00]
	ldr r0, [r0, #0x08]
	ldr r0, [r0, #0x00]
	str r0, [r4, #0x40]
	ldr r0, [r2, #0x00]
	ldr r0, [r0, #0x08]
	ldr r0, [r0, #0x04]
	str r0, [r4, #0x44]
	adds r0, r4, #0x0
	movs r1, #0x03
	bl func_080C84E0
	b _080C89AC
_080C899C:
	ldr r0, [r4, #0x28]
	str r0, [r4, #0x40]
	ldr r0, [r4, #0x2C]
	str r0, [r4, #0x44]
	adds r0, r4, #0x0
	movs r1, #0x17
	bl func_080C84E0
_080C89AC:
	pop {r4, r5}
	pop {r0}
	bx r0
	.byte 0x00, 0x00
	thumb_func_start func_080C89B4
func_080C89B4: @ 080C89B4
	push {r4, r5, r6, lr}
	adds r4, r0, #0x0
	adds r6, r1, #0x0
	lsls r2, r2, #0x10
	lsrs r5, r2, #0x10
	adds r0, #0x0C
	bl func_08005B34
	adds r0, #0x01
	lsls r0, r0, #0x10
	lsrs r2, r0, #0x10
	adds r0, r4, #0x0
	adds r0, #0x78
	ldrb r0, [r0, #0x00]
	cmp r0, #0x00
	bne _080C8A04
	adds r0, r4, #0x0
	adds r0, #0xA8
	ldr r0, [r0, #0x00]
	adds r1, r0, #0x0
	muls r1, r5
	adds r1, r1, r2
	lsls r0, r1, #0x01
	adds r0, r0, r1
	lsls r0, r0, #0x02
	adds r3, r0, r6
	ldr r1, [r3, #0x00]
	adds r0, r4, #0x0
	adds r0, #0x24
	ldrb r0, [r0, #0x00]
	cmp r0, #0x00
	beq _080C89F6
	negs r1, r1
_080C89F6:
	ldr r0, [r4, #0x28]
	adds r0, r0, r1
	str r0, [r4, #0x28]
	ldr r1, [r3, #0x04]
	ldr r0, [r4, #0x2C]
	adds r0, r0, r1
	str r0, [r4, #0x2C]
_080C8A04:
	adds r0, r4, #0x0
	adds r0, #0xA8
	ldr r0, [r0, #0x00]
	adds r1, r0, #0x0
	muls r1, r5
	adds r1, r1, r2
	lsls r0, r1, #0x01
	adds r0, r0, r1
	lsls r0, r0, #0x02
	adds r0, r0, r6
	ldr r1, [r4, #0x30]
	ldr r0, [r0, #0x08]
	adds r1, r1, r0
	str r1, [r4, #0x30]
	pop {r4, r5, r6}
	pop {r0}
	bx r0
	.byte 0x00, 0x00, 0x00, 0xB5, 0x03, 0x49, 0x0B, 0x22, 0xFF, 0xF7, 0xC1, 0xFF, 0x01, 0xBC, 0x00, 0x47
	.byte 0x00, 0x00, 0x5C, 0xC0, 0x6F, 0x09
	thumb_func_start func_080C8A3C
func_080C8A3C: @ 080C8A3C
	push {lr}
	ldr r1, _080C8A4C @ =0x096FC2F0
	movs r2, #0x10
	bl func_080C89B4
	pop {r0}
	bx r0
	.byte 0x00, 0x00
_080C8A4C: .4byte 0x096FC2F0
	thumb_func_start func_080C8A50
func_080C8A50: @ 080C8A50
	push {r4, lr}
	add sp, #-0x020
	mov r12, r0
	mov r1, sp
	ldr r0, _080C8AB4 @ =0x096FC6B0
	ldm r0!, {r2, r3, r4}
	stm r1!, {r2, r3, r4}
	ldm r0!, {r2, r3, r4}
	stm r1!, {r2, r3, r4}
	ldm r0!, {r2, r3}
	stm r1!, {r2, r3}
	movs r3, #0x00
	mov r0, r12
	adds r0, #0x90
	ldr r1, [r0, #0x00]
	ldr r0, [sp, #0x000]
	cmp r1, r0
	bne _080C8A80
	mov r0, r12
	adds r0, #0x94
	ldr r1, [r0, #0x00]
	ldr r0, [sp, #0x004]
	cmp r1, r0
	beq _080C8AA8
_080C8A80:
	adds r3, #0x01
	cmp r3, #0x03
	bhi _080C8AA8
	mov r1, r12
	adds r1, #0x90
	lsls r2, r3, #0x03
	mov r4, sp
	adds r0, r4, r2
	ldr r1, [r1, #0x00]
	ldr r0, [r0, #0x00]
	cmp r1, r0
	bne _080C8A80
	mov r1, r12
	adds r1, #0x94
	add r0, sp, #0x004
	adds r0, r0, r2
	ldr r1, [r1, #0x00]
	ldr r0, [r0, #0x00]
	cmp r1, r0
	bne _080C8A80
_080C8AA8:
	adds r0, r3, #0x0
	add sp, #0x020
	pop {r4}
	pop {r1}
	bx r1
	.byte 0x00, 0x00
_080C8AB4: .4byte 0x096FC6B0
	thumb_func_start func_080C8AB8
func_080C8AB8: @ 080C8AB8
	push {r4, lr}
	adds r4, r0, #0x0
	adds r1, r4, #0x0
	adds r1, #0xF4
	movs r0, #0x00
	strh r0, [r1, #0x00]
	adds r0, r4, #0x0
	bl func_080C8A50
	adds r4, #0xF0
	str r0, [r4, #0x00]
	pop {r4}
	pop {r0}
	bx r0
	.byte 0x01, 0x30, 0x03, 0x28, 0x00, 0xD9, 0x00, 0x20, 0x70, 0x47, 0x00, 0x00, 0x70, 0xB5, 0x04, 0x1C
	.byte 0xFF, 0xF7, 0xB4, 0xFF, 0x06, 0x1C, 0x25, 0x1C, 0xF0, 0x35, 0x28, 0x68, 0xFF, 0xF7, 0xF0, 0xFF
	.byte 0x86, 0x42, 0x19, 0xD1, 0x2E, 0x60, 0x21, 0x1C, 0xF4, 0x31, 0x08, 0x88, 0x01, 0x30, 0x08, 0x80
	.byte 0x00, 0x04, 0x00, 0x0C, 0x03, 0x28, 0x12, 0xD9, 0x01, 0x20, 0x0A, 0xF0, 0x1F, 0xF9, 0x00, 0x06
	.byte 0x00, 0x28, 0x0C, 0xD1, 0x8D, 0x20, 0xFF, 0xF7, 0x33, 0xF8, 0x01, 0x20, 0x0A, 0xF0, 0x0C, 0xF9
	.byte 0x52, 0x20, 0x47, 0xF7, 0x53, 0xF9, 0x02, 0xE0, 0x20, 0x1C, 0xFF, 0xF7, 0xC3, 0xFF, 0x70, 0xBC
	.byte 0x01, 0xBC, 0x00, 0x47
	thumb_func_start func_080C8B38
func_080C8B38: @ 080C8B38
	push {r4, r5, lr}
	adds r4, r0, #0x0
	ldrh r0, [r4, #0x2E]
	movs r5, #0x01
	adds r3, r5, #0x0
	ands r3, r0
	cmp r3, #0x00
	beq _080C8B56
	ldr r1, [r1, #0x0C]
	ldr r0, [r4, #0x40]
	cmp r1, r0
	bge _080C8B52
	adds r0, r1, #0x0
_080C8B52:
	strb r5, [r2, #0x00]
	b _080C8B5A
_080C8B56:
	strb r3, [r2, #0x00]
	ldr r0, [r1, #0x0C]
_080C8B5A:
	pop {r4, r5}
	pop {r1}
	bx r1
	thumb_func_start func_080C8B60
func_080C8B60: @ 080C8B60
	push {r4, r5, lr}
	adds r4, r0, #0x0
	lsls r2, r2, #0x18
	lsrs r2, r2, #0x18
	ldr r0, [r4, #0x3C]
	adds r0, #0x06
	str r0, [r4, #0x3C]
	cmp r0, r1
	ble _080C8B74
	str r1, [r4, #0x3C]
_080C8B74:
	adds r5, r4, #0x0
	adds r5, #0x38
	cmp r2, #0x00
	beq _080C8B96
	ldr r0, [r4, #0x28]
	ldr r1, [r4, #0x2C]
	ldr r2, [r4, #0x40]
	ldr r3, [r4, #0x44]
	bl func_0801CB6C
	strb r0, [r5, #0x00]
	adds r1, r4, #0x0
	adds r1, #0x3A
	strb r0, [r1, #0x00]
	ldrb r0, [r5, #0x00]
	adds r1, #0x01
	strb r0, [r1, #0x00]
_080C8B96:
	ldr r3, _080C8BD0 @ =0x08121400
	ldrb r0, [r5, #0x00]
	lsls r0, r0, #0x01
	adds r0, r0, r3
	movs r1, #0x00
	ldsh r0, [r0, r1]
	ldr r2, [r4, #0x3C]
	adds r1, r0, #0x0
	muls r1, r2
	asrs r1, r1, #0x08
	ldr r0, [r4, #0x28]
	adds r0, r0, r1
	str r0, [r4, #0x28]
	ldrb r0, [r5, #0x00]
	adds r0, #0x40
	lsls r0, r0, #0x01
	adds r0, r0, r3
	movs r1, #0x00
	ldsh r0, [r0, r1]
	negs r0, r0
	adds r1, r0, #0x0
	muls r1, r2
	asrs r1, r1, #0x08
	ldr r0, [r4, #0x2C]
	adds r0, r0, r1
	str r0, [r4, #0x2C]
	pop {r4, r5}
	pop {r0}
	bx r0
_080C8BD0: .4byte 0x08121400
	thumb_func_start func_080C8BD4
func_080C8BD4: @ 080C8BD4
	push {r4, lr}
	ldr r0, _080C8C28 @ =0x0203C3EC
	ldr r3, [r0, #0x00]
	ldr r2, [r3, #0x00]
	asrs r2, r2, #0x08
	ldr r0, _080C8C2C @ =0x0203C40C
	ldrh r0, [r0, #0x00]
	subs r2, r2, r0
	ldr r1, [r3, #0x04]
	asrs r1, r1, #0x08
	ldr r0, [r3, #0x08]
	asrs r0, r0, #0x08
	adds r1, r1, r0
	ldr r0, _080C8C30 @ =0x0203C3F8
	ldrh r0, [r0, #0x00]
	subs r1, r1, r0
	lsls r1, r1, #0x10
	lsrs r1, r1, #0x10
	lsls r2, r2, #0x10
	asrs r2, r2, #0x10
	ldr r4, _080C8C34 @ =0x096FC010
	movs r3, #0x08
	ldsh r0, [r4, r3]
	lsls r3, r0, #0x01
	cmp r2, r3
	blt _080C8C22
	movs r0, #0xF0
	subs r0, r0, r3
	cmp r0, r2
	blt _080C8C22
	lsls r0, r1, #0x10
	asrs r1, r0, #0x10
	movs r2, #0x06
	ldsh r0, [r4, r2]
	lsls r0, r0, #0x01
	cmp r1, r0
	blt _080C8C22
	cmp r1, #0x98
	ble _080C8C38
_080C8C22:
	movs r0, #0x01
	b _080C8C3A
	.byte 0x00, 0x00
_080C8C28: .4byte 0x0203C3EC
_080C8C2C: .4byte 0x0203C40C
_080C8C30: .4byte 0x0203C3F8
_080C8C34: .4byte 0x096FC010
_080C8C38:
	movs r0, #0x00
_080C8C3A:
	pop {r4}
	pop {r1}
	bx r1
_080C8C40:
	.byte 0xF0, 0xB5, 0x47, 0x46, 0x80, 0xB4, 0x82, 0xB0, 0x05, 0x1C, 0x0F, 0x1C, 0x05, 0x48, 0x00, 0x68
	.byte 0x27, 0x28, 0x01, 0xD9, 0x00, 0xF0, 0x28, 0xFE, 0x80, 0x00, 0x03, 0x49, 0x40, 0x18, 0x00, 0x68
	.byte 0x87, 0x46, 0x00, 0x00, 0xAC, 0x4D, 0x03, 0x02, 0x6C, 0x8C, 0x0C, 0x08, 0x70, 0x8F, 0x0C, 0x08
	.byte 0xAC, 0x96, 0x0C, 0x08, 0xDC, 0x93, 0x0C, 0x08, 0x0C, 0x8D, 0x0C, 0x08, 0x56, 0x95, 0x0C, 0x08
	.byte 0xC4, 0x8E, 0x0C, 0x08, 0x14, 0x8F, 0x0C, 0x08, 0x76, 0x95, 0x0C, 0x08, 0xC4, 0x94, 0x0C, 0x08
	.byte 0x5C, 0x90, 0x0C, 0x08, 0xC2, 0x8D, 0x0C, 0x08, 0xEE, 0x94, 0x0C, 0x08, 0x30, 0x8E, 0x0C, 0x08
	.byte 0x18, 0x94, 0x0C, 0x08, 0xA8, 0x98, 0x0C, 0x08, 0x9C, 0x8E, 0x0C, 0x08, 0xA6, 0x90, 0x0C, 0x08
	.byte 0x70, 0x92, 0x0C, 0x08, 0xC0, 0x92, 0x0C, 0x08, 0xD0, 0x95, 0x0C, 0x08, 0x64, 0x94, 0x0C, 0x08
	.byte 0xE8, 0x92, 0x0C, 0x08, 0x34, 0x92, 0x0C, 0x08, 0xCC, 0x96, 0x0C, 0x08, 0xE6, 0x96, 0x0C, 0x08
	.byte 0x26, 0x97, 0x0C, 0x08, 0x64, 0x97, 0x0C, 0x08, 0x14, 0x98, 0x0C, 0x08, 0x2C, 0x98, 0x0C, 0x08
	.byte 0xC4, 0x8F, 0x0C, 0x08, 0xE2, 0x8F, 0x0C, 0x08, 0x3E, 0x90, 0x0C, 0x08, 0x44, 0x98, 0x0C, 0x08
	.byte 0x80, 0x98, 0x0C, 0x08, 0x80, 0x98, 0x0C, 0x08, 0x80, 0x98, 0x0C, 0x08, 0x2C, 0x91, 0x0C, 0x08
	.byte 0x02, 0x91, 0x0C, 0x08, 0x46, 0x91, 0x0C, 0x08, 0xFC, 0x91, 0x0C, 0x08, 0x28, 0x1C, 0x0C, 0x30
	.byte 0x3C, 0xF7, 0x12, 0xFF, 0x00, 0x04, 0x00, 0x0C, 0x08, 0x28, 0x29, 0xD1, 0x12, 0x48, 0x00, 0x68
	.byte 0x41, 0x68, 0x12, 0x48, 0x81, 0x42, 0x23, 0xDD, 0x38, 0xF7, 0x32, 0xFB, 0x01, 0x21, 0x01, 0x40
	.byte 0x00, 0x29, 0x1D, 0xD0, 0x80, 0x24, 0x08, 0xF0, 0xFF, 0xFC, 0x00, 0x06, 0x00, 0x28, 0x00, 0xD0
	.byte 0x02, 0x24, 0x3D, 0xF7, 0x2F, 0xFC, 0x00, 0x04, 0x00, 0x0C, 0x21, 0x1C, 0x54, 0xF0, 0x3E, 0xFD
	.byte 0x00, 0x04, 0x00, 0x28, 0x01, 0xD0, 0x00, 0xF0, 0xA7, 0xFD, 0x28, 0x1C, 0x11, 0x21, 0xFF, 0xF7
	.byte 0xBF, 0xFB, 0x00, 0xF0, 0xA1, 0xFD, 0x00, 0x00, 0xEC, 0xC3, 0x03, 0x02, 0x00, 0xBD, 0x01, 0x00
	.byte 0x4C, 0x24, 0x02, 0xF0, 0x7F, 0xFE, 0x00, 0x06, 0x00, 0x28, 0x0D, 0xD0, 0x28, 0x1C, 0xD0, 0x30
	.byte 0x00, 0x68, 0xB8, 0x42, 0x08, 0xD1, 0x03, 0x48, 0x00, 0x68, 0x87, 0x42, 0x04, 0xD1, 0x98, 0x24
	.byte 0xEC, 0x63, 0x05, 0xE0, 0x10, 0xC4, 0x03, 0x02, 0xE8, 0x6B, 0x52, 0x28, 0x00, 0xDD, 0x84, 0x1F
	.byte 0x28, 0x1C, 0x21, 0x1C, 0x01, 0x22, 0xFF, 0xF7, 0xDB, 0xFE, 0x28, 0x1C, 0x39, 0x1C, 0xFF, 0xF7
	.byte 0x65, 0xFD, 0x00, 0x06, 0x00, 0x28, 0x00, 0xD1, 0x6F, 0xE1, 0x00, 0x20, 0xE8, 0x63, 0x00, 0xF0
	.byte 0x73, 0xFD, 0x28, 0x1C, 0x78, 0x30, 0x00, 0x78, 0x00, 0x28, 0x21, 0xD0, 0x28, 0x1C, 0x4C, 0x30
	.byte 0x01, 0x21, 0x49, 0xF7, 0x45, 0xFC, 0x00, 0x06, 0x04, 0x0E, 0x00, 0x2C, 0x01, 0xD0, 0x00, 0xF0
	.byte 0x63, 0xFD, 0x02, 0xF0, 0x33, 0xFE, 0x00, 0x06, 0x00, 0x28, 0x01, 0xD1, 0x00, 0xF0, 0x5C, 0xFD
	.byte 0x29, 0x1C, 0x84, 0x31, 0xA8, 0x6A, 0x09, 0x68, 0x40, 0x18, 0xA8, 0x62, 0x29, 0x1C, 0x88, 0x31
	.byte 0xE8, 0x6A, 0x09, 0x68, 0x40, 0x18, 0xE8, 0x62, 0x28, 0x1C, 0xD0, 0x30, 0x04, 0x60, 0x44, 0xE1
	.byte 0x28, 0x1C, 0x28, 0x30, 0x05, 0x49, 0xFF, 0xF7, 0xF5, 0xFA, 0xD8, 0x21, 0x49, 0x01, 0x88, 0x42
	.byte 0x01, 0xDC, 0x00, 0xF0, 0x41, 0xFD, 0x00, 0xF0, 0x08, 0xFD, 0x00, 0x00, 0x20, 0xC4, 0x03, 0x02
	.byte 0x2C, 0x1C, 0x3A, 0x34, 0x21, 0x78, 0x68, 0x46, 0x01, 0x80, 0xA8, 0x6A, 0xE9, 0x6A, 0x15, 0x4A
	.byte 0x15, 0x4B, 0x53, 0xF7, 0x93, 0xFE, 0x29, 0x1C, 0x39, 0x31, 0x08, 0x70, 0x09, 0x78, 0x68, 0x46
	.byte 0x04, 0x22, 0x3C, 0xF7, 0x23, 0xFD, 0x68, 0x46, 0x00, 0x88, 0x20, 0x70, 0x29, 0x1C, 0xD4, 0x31
	.byte 0x08, 0x88, 0x01, 0x30, 0x08, 0x80, 0x07, 0xF0, 0xE9, 0xFF, 0x00, 0x06, 0x00, 0x28, 0x01, 0xD1
	.byte 0x00, 0xF0, 0x1A, 0xFD, 0x28, 0x1C, 0x0F, 0x21, 0xFF, 0xF7, 0x32, 0xFB, 0x29, 0x1C, 0x38, 0x31
	.byte 0x40, 0x20, 0x08, 0x70, 0x20, 0x70, 0x09, 0x78, 0x28, 0x1C, 0x3B, 0x30, 0x01, 0x70, 0x00, 0xF0
	.byte 0x0B, 0xFD, 0x00, 0x00, 0x00, 0xDE, 0x08, 0x00, 0x00, 0x5C, 0x04, 0x00, 0x29, 0x6B, 0xA8, 0x6C
	.byte 0x09, 0x18, 0x29, 0x63, 0x47, 0x30, 0xA8, 0x64, 0x00, 0x29, 0x01, 0xDA, 0x00, 0xF0, 0xFC, 0xFC
	.byte 0x00, 0x20, 0x28, 0x63, 0x28, 0x1C, 0x05, 0x21, 0xFF, 0xF7, 0x12, 0xFB, 0xE4, 0x20, 0xE8, 0x63
	.byte 0x00, 0xF0, 0xF2, 0xFC, 0x11, 0x48, 0x28, 0x64, 0x11, 0x48, 0x68, 0x64, 0xE4, 0x21, 0x49, 0x00
	.byte 0x28, 0x1C, 0x01, 0x22, 0xFF, 0xF7, 0x44, 0xFE, 0x28, 0x6C, 0x00, 0x02, 0x00, 0x0C, 0x69, 0x6C
	.byte 0x09, 0x02, 0x09, 0x0C, 0xAA, 0x6A, 0x12, 0x02, 0x12, 0x0C, 0xEB, 0x6A, 0x1B, 0x02, 0x1B, 0x0C
	.byte 0xFF, 0xF7, 0x68, 0xFA, 0x00, 0x06, 0x00, 0x28, 0x01, 0xD1, 0x00, 0xF0, 0xD5, 0xFC, 0x28, 0x1C
	.byte 0x06, 0x21, 0xFF, 0xF7, 0xED, 0xFA, 0x00, 0xF0, 0xCF, 0xFC, 0x00, 0x00, 0x00, 0x7F, 0x08, 0x00
	.byte 0x00, 0xB7, 0x04, 0x00, 0x14, 0x48, 0x28, 0x64, 0x14, 0x48, 0x68, 0x64, 0xE4, 0x21, 0x49, 0x00
	.byte 0x28, 0x1C, 0x01, 0x22, 0xFF, 0xF7, 0x1C, 0xFE, 0x28, 0x6C, 0x00, 0x02, 0x00, 0x0C, 0x69, 0x6C
	.byte 0x09, 0x02, 0x09, 0x0C, 0xAA, 0x6A, 0x12, 0x02, 0x12, 0x0C, 0xEB, 0x6A, 0x1B, 0x02, 0x1B, 0x0C
	.byte 0xFF, 0xF7, 0x40, 0xFA, 0x00, 0x06, 0x00, 0x28, 0x01, 0xD1, 0x00, 0xF0, 0xAD, 0xFC, 0x28, 0x1C
	.byte 0x0E, 0x21, 0xFF, 0xF7, 0xC5, 0xFA, 0x66, 0xF7, 0x47, 0xF9, 0xBA, 0x20, 0x40, 0x00, 0x56, 0xF0
	.byte 0x87, 0xFF, 0x00, 0xF0, 0xA1, 0xFC, 0x00, 0x00, 0x00, 0x5D, 0x07, 0x00, 0x00, 0x9E, 0x04, 0x00
	.byte 0x28, 0x6B, 0x00, 0x28, 0x05, 0xDA, 0x28, 0x1C, 0x01, 0x21, 0xFF, 0xF7, 0xB1, 0xFA, 0x00, 0xF0
	.byte 0x93, 0xFC, 0x28, 0x1C, 0x39, 0x1C, 0xFF, 0xF7, 0x9D, 0xFC, 0x0D, 0x48, 0x00, 0x68, 0x00, 0x28
	.byte 0x01, 0xD0, 0x00, 0xF0, 0x89, 0xFC, 0x2C, 0x1C, 0xD0, 0x34, 0x20, 0x68, 0x00, 0x28, 0x01, 0xD1
	.byte 0x00, 0xF0, 0x82, 0xFC, 0x03, 0xF0, 0xEC, 0xFD, 0x01, 0x04, 0x08, 0x0C, 0x01, 0x28, 0x01, 0xD8
	.byte 0x00, 0xF0, 0x7A, 0xFC, 0x49, 0x0C, 0x20, 0x68, 0x03, 0xF0, 0xE4, 0xFD, 0x00, 0xF0, 0x74, 0xFC
	.byte 0xAC, 0x4D, 0x03, 0x02, 0x28, 0x1C, 0x0C, 0x30, 0x3C, 0xF7, 0xA8, 0xFD, 0x00, 0x06, 0x00, 0x28
	.byte 0x01, 0xD1, 0x00, 0xF0, 0x69, 0xFC, 0x28, 0x1C, 0x1E, 0x21, 0xFF, 0xF7, 0x81, 0xFA, 0x00, 0xF0
	.byte 0x63, 0xFC, 0x2C, 0x1C, 0x0C, 0x34, 0x20, 0x1C, 0x3C, 0xF7, 0x98, 0xFD, 0x00, 0x06, 0x00, 0x28
	.byte 0x01, 0xD1, 0x00, 0xF0, 0x59, 0xFC, 0x29, 0x1C, 0xDA, 0x31, 0x0A, 0x88, 0x00, 0x23, 0xC8, 0x5E
	.byte 0x01, 0x28, 0x06, 0xDC, 0x50, 0x1C, 0x08, 0x80, 0x20, 0x1C, 0x3C, 0xF7, 0xAB, 0xFD, 0x00, 0xF0
	.byte 0x4B, 0xFC, 0x20, 0x1C, 0x3C, 0xF7, 0x56, 0xFD, 0x00, 0x06, 0x00, 0x28, 0x01, 0xD1, 0x00, 0xF0
	.byte 0x43, 0xFC, 0x20, 0x1C, 0x3C, 0xF7, 0x86, 0xFD, 0x00, 0x04, 0x00, 0x28, 0x01, 0xD0, 0x00, 0xF0
	.byte 0x3B, 0xFC, 0x28, 0x1C, 0x1F, 0x21, 0xFF, 0xF7, 0x53, 0xFA, 0x00, 0xF0, 0x35, 0xFC, 0x28, 0x1C
	.byte 0x0C, 0x30, 0x3C, 0xF7, 0x6B, 0xFD, 0x00, 0x06, 0x00, 0x28, 0x01, 0xD1, 0x00, 0xF0, 0x2C, 0xFC
	.byte 0x28, 0x1C, 0x09, 0x21, 0xFF, 0xF7, 0x44, 0xFA, 0x00, 0xF0, 0x26, 0xFC, 0x2E, 0x1C, 0xD4, 0x36
	.byte 0x30, 0x88, 0x3B, 0x28, 0x19, 0xD8, 0x3A, 0x20, 0x40, 0x19, 0x80, 0x46, 0x00, 0x78, 0x6C, 0x46
	.byte 0x02, 0x34, 0x20, 0x80, 0xA8, 0x6A, 0xE9, 0x6A, 0xBB, 0x68, 0x1A, 0x68, 0x5B, 0x68, 0x53, 0xF7
	.byte 0x75, 0xFD, 0x29, 0x1C, 0x39, 0x31, 0x08, 0x70, 0x09, 0x78, 0x20, 0x1C, 0x04, 0x22, 0x3C, 0xF7
	.byte 0x05, 0xFC, 0x20, 0x88, 0x41, 0x46, 0x08, 0x70, 0x44, 0xE2, 0x28, 0x1C, 0x39, 0x1C, 0xFF, 0xF7
	.byte 0x11, 0xFC, 0x00, 0xF0, 0x01, 0xFC, 0x28, 0x1C, 0x0C, 0x30, 0x3C, 0xF7, 0x37, 0xFD, 0x00, 0x06
	.byte 0x00, 0x28, 0x01, 0xD1, 0x00, 0xF0, 0xF8, 0xFB, 0xA9, 0x6A, 0x0C, 0x48, 0x81, 0x42, 0x1B, 0xD1
	.byte 0xE9, 0x6A, 0x0B, 0x48, 0x81, 0x42, 0x17, 0xD1, 0x05, 0x20, 0x09, 0xF0, 0x41, 0xFE, 0x00, 0x06
	.byte 0x00, 0x28, 0x11, 0xD1, 0x28, 0x1C, 0x25, 0x21, 0xFF, 0xF7, 0x02, 0xFA, 0x28, 0x1C, 0xB0, 0x30
	.byte 0x04, 0x49, 0x2A, 0x1C, 0x28, 0x32, 0x37, 0xF7, 0x95, 0xFE, 0xDD, 0xE3, 0x00, 0xA7, 0x04, 0x00
	.byte 0x00, 0x8E, 0x02, 0x00, 0xD8, 0x4A, 0xEF, 0x09, 0x28, 0x1C, 0x24, 0x21, 0xFF, 0xF7, 0xF0, 0xF9
	.byte 0xD2, 0xE3, 0x28, 0x1C, 0x0C, 0x30, 0x3C, 0xF7, 0x09, 0xFD, 0x00, 0x06, 0x00, 0x28, 0x00, 0xD1
	.byte 0xCA, 0xE3, 0x28, 0x1C, 0x26, 0x21, 0xFF, 0xF7, 0xE3, 0xF9, 0x28, 0x6B, 0x02, 0x4A, 0x80, 0x18
	.byte 0x28, 0x63, 0x00, 0xF0, 0xC7, 0xFF, 0xBF, 0xE3, 0x00, 0xE9, 0xFF, 0xFF, 0x28, 0x1C, 0x0C, 0x30
	.byte 0x3C, 0xF7, 0xF4, 0xFC, 0x00, 0x06, 0x00, 0x28, 0x00, 0xD1, 0xB5, 0xE3, 0x28, 0x1C, 0x26, 0x21
	.byte 0xFF, 0xF7, 0xCE, 0xF9, 0xB0, 0xE3, 0x28, 0x1C, 0xAC, 0x30, 0x01, 0x88, 0x02, 0x1C, 0x3B, 0x29
	.byte 0x02, 0xD8, 0x28, 0x6B, 0xCC, 0x38, 0x06, 0xE0, 0x4F, 0x29, 0x02, 0xD8, 0x28, 0x6B, 0xCC, 0x38
	.byte 0x01, 0xE0, 0x28, 0x6B, 0xCC, 0x30, 0x28, 0x63, 0x10, 0x88, 0x3C, 0x28, 0x05, 0xD9, 0xA8, 0x6A
	.byte 0x80, 0x30, 0xA8, 0x62, 0xE8, 0x6A, 0x40, 0x30, 0xE8, 0x62, 0x10, 0x88, 0x01, 0x30, 0x10, 0x80
	.byte 0x00, 0x04, 0x00, 0x0C, 0x50, 0x28, 0x1A, 0xD9, 0x29, 0x6B, 0x19, 0x48, 0x81, 0x42, 0x16, 0xDB
	.byte 0x2E, 0x1C, 0xC4, 0x36, 0x30, 0x68, 0x37, 0xF7, 0xD7, 0xFE, 0x00, 0x06, 0x00, 0x28, 0x0E, 0xD0
	.byte 0x2C, 0x1C, 0xB0, 0x34, 0x31, 0x68, 0x20, 0x1C, 0x37, 0xF7, 0x1E, 0xFE, 0x11, 0x49, 0x2A, 0x1C
	.byte 0x28, 0x32, 0x20, 0x1C, 0x37, 0xF7, 0x2E, 0xFE, 0x0F, 0x49, 0x00, 0x20, 0x08, 0x60, 0x28, 0x6B
	.byte 0x00, 0x28, 0x00, 0xDA, 0x70, 0xE3, 0x00, 0x20, 0x28, 0x63, 0x28, 0x1C, 0x4C, 0x30, 0x01, 0x21
	.byte 0x49, 0xF7, 0x46, 0xFA, 0x00, 0x06, 0x00, 0x28, 0x00, 0xD0, 0x2E, 0xE3, 0x06, 0x48, 0x00, 0x68
	.byte 0x00, 0x28, 0x00, 0xD1, 0x29, 0xE3, 0x28, 0x1C, 0xFF, 0xF7, 0x98, 0xFA, 0x5C, 0xE3, 0x00, 0x00
	.byte 0x00, 0xF8, 0xFF, 0xFF, 0x70, 0x49, 0xEF, 0x09, 0xF0, 0xC3, 0x03, 0x02, 0x28, 0x6B, 0xCC, 0x38
	.byte 0x28, 0x63, 0x0B, 0x49, 0x88, 0x42, 0x00, 0xDD, 0x4E, 0xE3, 0x2C, 0x1C, 0xC4, 0x34, 0x20, 0x68
	.byte 0x37, 0xF7, 0x9A, 0xFE, 0x00, 0x06, 0x00, 0x28, 0x04, 0xD0, 0x28, 0x1C, 0xB0, 0x30, 0x21, 0x68
	.byte 0x37, 0xF7, 0xE2, 0xFD, 0x28, 0x1C, 0x16, 0x21, 0xFF, 0xF7, 0x5A, 0xF9, 0x3C, 0xE3, 0x00, 0x00
	.byte 0x00, 0x2B, 0xFF, 0xFF, 0x29, 0x6B, 0x03, 0x48, 0x81, 0x42, 0x05, 0xDA, 0x08, 0x1C, 0xCC, 0x30
	.byte 0x28, 0x63, 0x31, 0xE3, 0x00, 0xF0, 0xFF, 0xFF, 0x03, 0x20, 0x09, 0xF0, 0x81, 0xFD, 0x00, 0x06
	.byte 0x00, 0x28, 0x09, 0xD1, 0x89, 0x20, 0xFE, 0xF7, 0x95, 0xFC, 0x03, 0x20, 0x09, 0xF0, 0x6E, 0xFD
	.byte 0x4F, 0x20, 0x46, 0xF7, 0xB5, 0xFD, 0x1F, 0xE3, 0x8A, 0x20, 0xFE, 0xF7, 0x8B, 0xFC, 0x1B, 0xE3
	.byte 0x2C, 0x1C, 0x0C, 0x34, 0x20, 0x1C, 0x3C, 0xF7, 0x51, 0xFC, 0x00, 0x06, 0x06, 0x0E, 0x00, 0x2E
	.byte 0x11, 0xD0, 0xCE, 0x34, 0x00, 0x23, 0xE0, 0x5E, 0x28, 0x28, 0x08, 0xDD, 0x28, 0x1C, 0x12, 0x21
	.byte 0xFF, 0xF7, 0x26, 0xF9, 0x28, 0x1C, 0xFF, 0xF7, 0xD1, 0xFB, 0x00, 0x20, 0x28, 0x63, 0x20, 0x88
	.byte 0x01, 0x30, 0x20, 0x80, 0x00, 0xE3, 0x20, 0x1C, 0x3C, 0xF7, 0x0C, 0xFC, 0x00, 0x06, 0x00, 0x28
	.byte 0x02, 0xD0, 0x28, 0x1C, 0xFF, 0xF7, 0xB8, 0xFB, 0x28, 0x1C, 0xDA, 0x30, 0x06, 0x80, 0xF3, 0xE2
	.byte 0x2C, 0x1C, 0x0C, 0x34, 0x20, 0x1C, 0x3C, 0xF7, 0x29, 0xFC, 0x00, 0x06, 0x00, 0x28, 0x00, 0xD0
	.byte 0xB3, 0xE2, 0x20, 0x1C, 0x3C, 0xF7, 0xF6, 0xFB, 0x00, 0x06, 0x00, 0x28, 0x00, 0xD1, 0xE3, 0xE2
	.byte 0x28, 0x1C, 0xFF, 0xF7, 0xAB, 0xFB, 0xDF, 0xE2, 0x28, 0x1C, 0x0C, 0x30, 0x3C, 0xF7, 0x16, 0xFC
	.byte 0x00, 0x06, 0x00, 0x28, 0x00, 0xD1, 0xD7, 0xE2, 0x28, 0x1C, 0xA8, 0x30, 0x00, 0x68, 0x00, 0x28
	.byte 0x0D, 0xD1, 0x28, 0x1C, 0x24, 0x30, 0x01, 0x78, 0x07, 0x1C, 0x00, 0x29, 0x03, 0xD0, 0x29, 0x1C
	.byte 0x38, 0x31, 0x13, 0x20, 0x10, 0xE0, 0x29, 0x1C, 0x38, 0x31, 0xE0, 0x20, 0x0C, 0xE0, 0x28, 0x1C
	.byte 0x24, 0x30, 0x01, 0x78, 0x07, 0x1C, 0x00, 0x29, 0x03, 0xD0, 0x29, 0x1C, 0x38, 0x31, 0x53, 0x20
	.byte 0x02, 0xE0, 0x29, 0x1C, 0x38, 0x31, 0x93, 0x20, 0x08, 0x70, 0x0E, 0x1C, 0x30, 0x78, 0x29, 0x1C
	.byte 0x3A, 0x31, 0x00, 0x24, 0x08, 0x70, 0x30, 0x78, 0x01, 0x31, 0x08, 0x70, 0x30, 0x78, 0xC0, 0x31
	.byte 0x08, 0x70, 0x28, 0x1C, 0x02, 0x21, 0xFF, 0xF7, 0xC3, 0xF8, 0xAC, 0x64, 0x04, 0x48, 0x28, 0x63
	.byte 0x38, 0x78, 0x00, 0x28, 0x08, 0xD1, 0xA8, 0x6A, 0x02, 0x49, 0x40, 0x18, 0x08, 0xE0, 0x00, 0x00
	.byte 0x00, 0xF3, 0xFF, 0xFF, 0x00, 0xF7, 0xFF, 0xFF, 0xA8, 0x6A, 0x90, 0x22, 0x12, 0x01, 0x80, 0x18
	.byte 0xA8, 0x62, 0x28, 0x1C, 0xF6, 0x30, 0x00, 0x78, 0x00, 0x28, 0x07, 0xD1, 0x28, 0x1C, 0x28, 0x30
	.byte 0x29, 0x1C, 0x2C, 0x31, 0x01, 0x22, 0x06, 0xF0, 0x75, 0xFE, 0x85, 0xE2, 0x2C, 0x1C, 0x28, 0x34
	.byte 0x13, 0xE0, 0x0D, 0x4A, 0x30, 0x78, 0x40, 0x00, 0x80, 0x18, 0x00, 0x23, 0xC1, 0x5E, 0x49, 0x00
	.byte 0xA8, 0x6A, 0x40, 0x18, 0xA8, 0x62, 0x30, 0x78, 0x40, 0x30, 0x40, 0x00, 0x80, 0x18, 0x00, 0x22
	.byte 0x81, 0x5E, 0x49, 0x00, 0xE8, 0x6A, 0x40, 0x1A, 0xE8, 0x62, 0x20, 0x1C, 0x06, 0xF0, 0x68, 0xFD
	.byte 0x00, 0x06, 0x00, 0x28, 0xE5, 0xD1, 0x67, 0xE2, 0x00, 0x14, 0x12, 0x08, 0x29, 0x6B, 0xA8, 0x6C
	.byte 0x09, 0x18, 0x29, 0x63, 0x11, 0x30, 0xA8, 0x64, 0x00, 0x29, 0x00, 0xDA, 0x5C, 0xE2, 0x00, 0x24
	.byte 0x2C, 0x63, 0x28, 0x1C, 0xF6, 0x30, 0x00, 0x78, 0x00, 0x28, 0x04, 0xD1, 0x28, 0x1C, 0x0D, 0x21
	.byte 0xFF, 0xF7, 0x6E, 0xF8, 0x50, 0xE2, 0x28, 0x1C, 0x00, 0x21, 0xFF, 0xF7, 0x69, 0xF8, 0x01, 0x48
	.byte 0x04, 0x60, 0x49, 0xE2, 0xF0, 0xC3, 0x03, 0x02, 0x02, 0xF0, 0x18, 0xFB, 0x00, 0x06, 0x00, 0x28
	.byte 0x00, 0xD1, 0x41, 0xE2, 0x0E, 0x48, 0x06, 0xF0, 0x05, 0xFD, 0x00, 0x06, 0x00, 0x28, 0x00, 0xD0
	.byte 0x3A, 0xE2, 0x28, 0x1C, 0xFB, 0x30, 0x00, 0x78, 0x80, 0x30, 0x29, 0x1C, 0x38, 0x31, 0x08, 0x70
	.byte 0x2A, 0x1C, 0x3A, 0x32, 0x10, 0x70, 0x08, 0x78, 0x03, 0x31, 0x08, 0x70, 0x28, 0x1C, 0x15, 0x21
	.byte 0xFF, 0xF7, 0x46, 0xF8, 0x29, 0x1C, 0xF6, 0x31, 0x01, 0x20, 0x08, 0x70, 0x24, 0xE2, 0x00, 0x00
	.byte 0x20, 0xC4, 0x03, 0x02, 0x28, 0x1C, 0x0C, 0x30, 0x3C, 0xF7, 0x58, 0xFB, 0x00, 0x06, 0x00, 0x28
	.byte 0x00, 0xD1, 0x19, 0xE2, 0x28, 0x1C, 0x08, 0x21, 0xFF, 0xF7, 0x32, 0xF8, 0x28, 0x1C, 0xFF, 0xF7
	.byte 0x1B, 0xFB, 0x28, 0x6B, 0x0A, 0x4B, 0xC0, 0x18, 0x28, 0x63, 0x29, 0x1C, 0x38, 0x31, 0x08, 0x78
	.byte 0x2A, 0x1C, 0x3A, 0x32, 0x10, 0x70, 0x08, 0x78, 0x03, 0x31, 0x08, 0x70, 0x28, 0x1C, 0x24, 0x30
	.byte 0x00, 0x78, 0x00, 0x28, 0x08, 0xD1, 0xA8, 0x6A, 0x02, 0x49, 0x40, 0x18, 0xA8, 0x62, 0xFB, 0xE1
	.byte 0x00, 0xF2, 0xFF, 0xFF, 0x00, 0xF7, 0xFF, 0xFF, 0xA8, 0x6A, 0x90, 0x22, 0x12, 0x01, 0x80, 0x18
	.byte 0xA8, 0x62, 0xF1, 0xE1, 0x29, 0x1C, 0xE8, 0x31, 0x01, 0x20, 0x08, 0x70, 0x02, 0xF0, 0xBE, 0xFA
	.byte 0x00, 0x06, 0x00, 0x28, 0x00, 0xD1, 0xE7, 0xE1, 0xFF, 0xF7, 0x7C, 0xFB, 0x00, 0x06, 0x00, 0x28
	.byte 0x00, 0xD0, 0xE1, 0xE1, 0x28, 0x1C, 0x07, 0x21, 0xFE, 0xF7, 0xFA, 0xFF, 0xDC, 0xE1, 0x2E, 0x1C
	.byte 0xDA, 0x36, 0x00, 0x23, 0xF0, 0x5E, 0xB3, 0x28, 0x1C, 0xDC, 0x2F, 0x1C, 0x3A, 0x37, 0x38, 0x78
	.byte 0x01, 0xAC, 0x20, 0x80, 0xA8, 0x6A, 0xE9, 0x6A, 0x08, 0x4A, 0x09, 0x4B, 0x53, 0xF7, 0x2E, 0xFB
	.byte 0x29, 0x1C, 0x39, 0x31, 0x08, 0x70, 0x09, 0x78, 0x20, 0x1C, 0x04, 0x22, 0x3C, 0xF7, 0xBE, 0xF9
	.byte 0x20, 0x88, 0x38, 0x70, 0x30, 0x88, 0x01, 0x30, 0x30, 0x80, 0xBD, 0xE1, 0x00, 0xDE, 0x08, 0x00
	.byte 0x00, 0x5C, 0x04, 0x00, 0x28, 0x1C, 0x38, 0x30, 0x01, 0x78, 0x80, 0x31, 0x01, 0x70, 0x2A, 0x1C
	.byte 0x3A, 0x32, 0x11, 0x70, 0x00, 0x78, 0x29, 0x1C, 0x3B, 0x31, 0x08, 0x70, 0x28, 0x1C, 0x04, 0x21
	.byte 0xFE, 0xF7, 0xC6, 0xFF, 0xA8, 0xE1, 0x29, 0x1C, 0xDA, 0x31, 0x0A, 0x88, 0x00, 0x23, 0xC8, 0x5E
	.byte 0x77, 0x28, 0x00, 0xDD, 0x69, 0xE1, 0x50, 0x1C, 0x08, 0x80, 0x28, 0x1C, 0x4C, 0x21, 0x00, 0x22
	.byte 0xFF, 0xF7, 0xF6, 0xFA, 0x98, 0xE1, 0x28, 0x1C, 0xE8, 0x30, 0x00, 0x78, 0x00, 0x28, 0x0D, 0xD0
	.byte 0x05, 0x48, 0x01, 0x68, 0x29, 0x64, 0x40, 0x68, 0x68, 0x64, 0x28, 0x1C, 0x4C, 0x21, 0x01, 0x22
	.byte 0xFF, 0xF7, 0xE6, 0xFA, 0x88, 0xE1, 0x00, 0x00, 0x20, 0xC4, 0x03, 0x02, 0x0A, 0x48, 0x02, 0x68
	.byte 0x2A, 0x64, 0x43, 0x68, 0x6B, 0x64, 0xA8, 0x6A, 0xE9, 0x6A, 0x53, 0xF7, 0xDF, 0xFA, 0x29, 0x1C
	.byte 0x38, 0x31, 0x08, 0x70, 0x05, 0x48, 0xA8, 0x64, 0xED, 0x20, 0xE8, 0x63, 0x28, 0x1C, 0x13, 0x21
	.byte 0xFE, 0xF7, 0x8E, 0xFF, 0x70, 0xE1, 0x00, 0x00, 0x20, 0xC4, 0x03, 0x02, 0xD0, 0xFE, 0xFF, 0xFF
	.byte 0x2C, 0x1C, 0x0C, 0x34, 0x20, 0x1C, 0x3C, 0xF7, 0xA1, 0xFA, 0x00, 0x06, 0x26, 0x1C, 0x00, 0x28
	.byte 0x12, 0xD0, 0x28, 0x1C, 0xE8, 0x30, 0x00, 0x78, 0x00, 0x28, 0x0D, 0xD0, 0x29, 0x6B, 0x05, 0x48
	.byte 0x81, 0x42, 0x09, 0xDA, 0x28, 0x1C, 0x08, 0x21, 0xFE, 0xF7, 0x72, 0xFF, 0x28, 0x1C, 0xFF, 0xF7
	.byte 0x6F, 0xFA, 0x51, 0xE1, 0x00, 0xFF, 0xFF, 0xFF, 0x30, 0x1C, 0x3C, 0xF7, 0x93, 0xFA, 0x00, 0x04
	.byte 0x00, 0x0C, 0x02, 0x28, 0x06, 0xD1, 0xE8, 0x8A, 0x00, 0x28, 0x03, 0xD1, 0xF0, 0x20, 0x80, 0x00
	.byte 0x56, 0xF0, 0x26, 0xFC, 0x30, 0x1C, 0x3C, 0xF7, 0x85, 0xFA, 0x00, 0x04, 0x00, 0x0C, 0x01, 0x28
	.byte 0x06, 0xD9, 0x30, 0x1C, 0x3C, 0xF7, 0x7E, 0xFA, 0x00, 0x04, 0x00, 0x0C, 0x04, 0x28, 0x11, 0xD9
	.byte 0x30, 0x1C, 0x3C, 0xF7, 0x77, 0xFA, 0x00, 0x04, 0x00, 0x0C, 0x04, 0x28, 0x26, 0xD9, 0x28, 0x1C
	.byte 0xE8, 0x30, 0x00, 0x78, 0x00, 0x28, 0x21, 0xD1, 0x28, 0x1C, 0xEC, 0x30, 0x29, 0x6B, 0x00, 0x68
	.byte 0x81, 0x42, 0x1B, 0xDA, 0x18, 0x4C, 0x2A, 0x1C, 0x38, 0x32, 0x10, 0x78, 0x40, 0x00, 0x00, 0x19
	.byte 0x00, 0x21, 0x40, 0x5E, 0xEB, 0x6B, 0x01, 0x1C, 0x59, 0x43, 0x09, 0x12, 0xA8, 0x6A, 0x40, 0x18
	.byte 0xA8, 0x62, 0x10, 0x78, 0x40, 0x30, 0x40, 0x00, 0x00, 0x19, 0x00, 0x22, 0x80, 0x5E, 0x40, 0x42
	.byte 0x01, 0x1C, 0x59, 0x43, 0x09, 0x12, 0xE8, 0x6A, 0x40, 0x18, 0xE8, 0x62, 0x30, 0x1C, 0x3C, 0xF7
	.byte 0x49, 0xFA, 0x00, 0x04, 0x00, 0x0C, 0x01, 0x28, 0x00, 0xD8, 0xFD, 0xE0, 0x28, 0x6B, 0xA9, 0x6C
	.byte 0x40, 0x18, 0x28, 0x63, 0x11, 0x31, 0xA9, 0x64, 0x29, 0x1C, 0xEC, 0x31, 0x09, 0x68, 0x88, 0x42
	.byte 0x00, 0xDA, 0xB3, 0xE0, 0x29, 0x63, 0xB1, 0xE0, 0x00, 0x14, 0x12, 0x08, 0x28, 0x1C, 0x0C, 0x30
	.byte 0x3C, 0xF7, 0x24, 0xFA, 0x00, 0x06, 0x00, 0x28, 0x00, 0xD1, 0xE5, 0xE0, 0x28, 0x1C, 0x18, 0x21
	.byte 0xFE, 0xF7, 0xFE, 0xFE, 0xE0, 0xE0, 0x29, 0x1C, 0xDA, 0x31, 0x0A, 0x88, 0x00, 0x23, 0xC8, 0x5E
	.byte 0x77, 0x28, 0x13, 0xDC, 0x50, 0x1C, 0x08, 0x80, 0x02, 0xF0, 0xA8, 0xF9, 0x00, 0x06, 0x00, 0x28
	.byte 0x00, 0xD1, 0xD1, 0xE0, 0xFF, 0xF7, 0x66, 0xFA, 0x00, 0x06, 0x00, 0x28, 0x00, 0xD0, 0xCB, 0xE0
	.byte 0x01, 0x48, 0x00, 0x88, 0x83, 0xE0, 0x00, 0x00, 0xE4, 0xC3, 0x03, 0x02, 0x28, 0x1C, 0x19, 0x21
	.byte 0xFE, 0xF7, 0xDE, 0xFE, 0xC0, 0xE0, 0x28, 0x1C, 0x0C, 0x30, 0x3C, 0xF7, 0xF7, 0xF9, 0x00, 0x06
	.byte 0x00, 0x28, 0x00, 0xD1, 0xB8, 0xE0, 0x28, 0x1C, 0x1A, 0x21, 0xFE, 0xF7, 0xD1, 0xFE, 0x07, 0x48
	.byte 0x01, 0x88, 0xC8, 0x00, 0x40, 0x1A, 0x40, 0x01, 0x40, 0x18, 0xC0, 0x00, 0x04, 0x49, 0x53, 0xF0
	.byte 0x4D, 0xFF, 0x29, 0x1C, 0xD8, 0x31, 0x08, 0x80, 0xA6, 0xE0, 0x00, 0x00, 0xE0, 0xC3, 0x03, 0x02
	.byte 0x3B, 0x07, 0x00, 0x00, 0x02, 0xF0, 0x72, 0xF9, 0x00, 0x06, 0x00, 0x28, 0x1E, 0xD0, 0xFF, 0xF7
	.byte 0x31, 0xFA, 0x00, 0x06, 0x00, 0x28, 0x19, 0xD1, 0x0B, 0x48, 0x00, 0x88, 0x00, 0x28, 0x15, 0xD0
	.byte 0x28, 0x1C, 0x1B, 0x21, 0xFE, 0xF7, 0xAC, 0xFE, 0x2C, 0x1C, 0xC8, 0x34, 0x20, 0x68, 0x37, 0xF7
	.byte 0xDB, 0xFB, 0x00, 0x06, 0x00, 0x28, 0x00, 0xD1, 0x86, 0xE0, 0x28, 0x1C, 0xB0, 0x30, 0x21, 0x68
	.byte 0x37, 0xF7, 0x22, 0xFB, 0x80, 0xE0, 0x00, 0x00, 0xE4, 0xC3, 0x03, 0x02, 0x2C, 0x1C, 0xC8, 0x34
	.byte 0x20, 0x68, 0x37, 0xF7, 0xC9, 0xFB, 0x00, 0x06, 0x00, 0x28, 0x07, 0xD1, 0x28, 0x1C, 0xB0, 0x30
	.byte 0x10, 0x49, 0x2A, 0x1C, 0x24, 0x32, 0x37, 0xF7, 0x25, 0xFB, 0x20, 0x60, 0x0E, 0x4C, 0x23, 0x88
	.byte 0x1E, 0x1C, 0x00, 0x2E, 0x68, 0xD1, 0x2A, 0x1C, 0xD8, 0x32, 0x10, 0x88, 0x01, 0x30, 0x10, 0x80
	.byte 0x00, 0x04, 0xE1, 0x21, 0xC9, 0x04, 0x88, 0x42, 0x06, 0xD9, 0x58, 0x1C, 0x20, 0x80, 0x07, 0x49
	.byte 0x07, 0x4B, 0x18, 0x1C, 0x08, 0x80, 0x16, 0x80, 0x20, 0x88, 0x03, 0x28, 0x54, 0xD9, 0x03, 0x20
	.byte 0x20, 0x80, 0x51, 0xE0, 0x70, 0x4C, 0xEF, 0x09, 0xE4, 0xC3, 0x03, 0x02, 0xE0, 0xC3, 0x03, 0x02
	.byte 0x3B, 0x07, 0x00, 0x00, 0x28, 0x1C, 0x0C, 0x30, 0x3C, 0xF7, 0x80, 0xF9, 0x00, 0x06, 0x00, 0x28
	.byte 0x42, 0xD0, 0x28, 0x1C, 0x1C, 0x21, 0xFE, 0xF7, 0x5B, 0xFE, 0x3D, 0xE0, 0x28, 0x1C, 0x0C, 0x30
	.byte 0x3C, 0xF7, 0x74, 0xF9, 0x00, 0x06, 0x00, 0x28, 0x36, 0xD0, 0x28, 0x1C, 0x00, 0x21, 0xFE, 0xF7
	.byte 0x4F, 0xFE, 0x31, 0xE0, 0x28, 0x1C, 0x0C, 0x30, 0x3C, 0xF7, 0x68, 0xF9, 0x00, 0x06, 0x00, 0x28
	.byte 0x2A, 0xD0, 0x04, 0x48, 0x00, 0x88, 0x01, 0x28, 0x06, 0xD1, 0x28, 0x1C, 0x21, 0x21, 0xFE, 0xF7
	.byte 0x3F, 0xFE, 0x21, 0xE0, 0xE4, 0xC3, 0x03, 0x02, 0x02, 0x28, 0x04, 0xD1, 0x28, 0x1C, 0x22, 0x21
	.byte 0xFE, 0xF7, 0x36, 0xFE, 0x18, 0xE0, 0x28, 0x1C, 0x23, 0x21, 0xFE, 0xF7, 0x31, 0xFE, 0x13, 0xE0
	.byte 0x28, 0x1C, 0x0C, 0x30, 0x3C, 0xF7, 0x4A, 0xF9, 0x00, 0x06, 0x00, 0x28, 0x0C, 0xD0, 0x28, 0x1C
	.byte 0x1C, 0x21, 0xFE, 0xF7, 0x25, 0xFE, 0xA8, 0x6A, 0x06, 0x49, 0x40, 0x18, 0xA8, 0x62, 0xE8, 0x6A
	.byte 0xC0, 0x22, 0x92, 0x00, 0x80, 0x18, 0xE8, 0x62, 0x02, 0xB0, 0x08, 0xBC, 0x98, 0x46, 0xF0, 0xBC
	.byte 0x01, 0xBC, 0x00, 0x47, 0x00, 0xFC, 0xFF, 0xFF
	thumb_func_start func_080C98B8
func_080C98B8: @ 080C98B8
	push {lr}
	adds r3, r0, #0x0
	ldr r0, _080C98F4 @ =0x02034DAC
	ldr r0, [r0, #0x00]
	cmp r0, #0x03
	bne _080C9906
	ldr r1, _080C98F8 @ =0x0203C3E4
	ldrh r0, [r1, #0x00]
	ldr r2, _080C98FC @ =0x0203C3E0
	cmp r0, #0x00
	beq _080C98D4
	ldrh r0, [r2, #0x00]
	subs r0, #0x01
	strh r0, [r2, #0x00]
_080C98D4:
	ldrh r0, [r2, #0x00]
	cmp r0, #0x00
	bne _080C9906
	ldrh r0, [r1, #0x00]
	cmp r0, #0x00
	beq _080C98EA
	subs r0, #0x01
	strh r0, [r1, #0x00]
	lsls r0, r0, #0x10
	cmp r0, #0x00
	bne _080C9900
_080C98EA:
	adds r0, r3, #0x0
	movs r1, #0x17
	bl func_080C84E0
	b _080C9906
_080C98F4: .4byte 0x02034DAC
_080C98F8: .4byte 0x0203C3E4
_080C98FC: .4byte 0x0203C3E0
_080C9900:
	ldr r1, _080C990C @ =0x0000073B
	adds r0, r1, #0x0
	strh r0, [r2, #0x00]
_080C9906:
	pop {r0}
	bx r0
	.byte 0x00, 0x00
_080C990C: .4byte 0x0000073B
	thumb_func_start func_080C9910
func_080C9910: @ 080C9910
	push {r4, lr}
	add sp, #-0x008
	ldr r0, _080C9958 @ =0x0203C3EC
	ldr r2, [r0, #0x00]
	ldr r0, [r2, #0x00]
	asrs r0, r0, #0x08
	ldr r1, _080C995C @ =0x0203C40C
	ldrh r1, [r1, #0x00]
	subs r0, r0, r1
	ldr r1, [r2, #0x04]
	asrs r1, r1, #0x08
	ldr r2, [r2, #0x08]
	asrs r2, r2, #0x08
	adds r1, r1, r2
	ldr r2, _080C9960 @ =0x0203C3F8
	ldrh r2, [r2, #0x00]
	subs r1, r1, r2
	lsls r0, r0, #0x10
	asrs r0, r0, #0x10
	lsls r1, r1, #0x10
	asrs r1, r1, #0x10
	ldr r3, _080C9964 @ =0x096FC010
	movs r4, #0x06
	ldsh r2, [r3, r4]
	movs r4, #0x08
	ldsh r3, [r3, r4]
	str r3, [sp, #0x000]
	str r3, [sp, #0x004]
	movs r3, #0x00
	bl func_080035CC
	lsls r0, r0, #0x18
	cmp r0, #0x00
	bne _080C9968
	movs r0, #0x00
	b _080C996A
_080C9958: .4byte 0x0203C3EC
_080C995C: .4byte 0x0203C40C
_080C9960: .4byte 0x0203C3F8
_080C9964: .4byte 0x096FC010
_080C9968:
	movs r0, #0x01
_080C996A:
	add sp, #0x008
	pop {r4}
	pop {r1}
	bx r1
	.byte 0x00, 0x00
	thumb_func_start task_poo_pooh_1
task_poo_pooh_1: @ 080C9974
	push {r4, r5, r6, lr}
	adds r5, r0, #0x0
	adds r0, #0x4C
	adds r1, r5, #0x0
	adds r1, #0x28
	adds r2, r5, #0x0
	adds r2, #0xE8
	bl func_080C8B38
	adds r1, r5, #0x0
	adds r1, #0xEC
	str r0, [r1, #0x00]
	bl func_080C8BD4
	lsls r0, r0, #0x18
	cmp r0, #0x00
	beq _080C999A
	movs r1, #0x00
	b _080C99A0
_080C999A:
	bl func_080CCC98
	adds r1, r0, #0x0
_080C99A0:
	adds r2, r5, #0x0
	adds r2, #0xFA
	movs r0, #0x00
	strb r0, [r2, #0x00]
	adds r0, r5, #0x0
	bl _080C8C40
	adds r0, r5, #0x0
	bl func_080C98B8
	ldr r4, _080C99F4 @ =0x02034DAC
	ldr r1, [r4, #0x00]
	adds r0, r5, #0x0
	bl _080C7FEC
	adds r6, r5, #0x0
	adds r6, #0x0C
	adds r0, r6, #0x0
	bl func_08005A64
	str r0, [r5, #0x08]
	ldr r4, [r4, #0x00]
	cmp r4, #0x03
	beq _080C99D4
	cmp r4, #0x07
	bne _080C9A02
_080C99D4:
	ldrh r0, [r5, #0x16]
	cmp r0, #0x00
	bne _080C9A02
	adds r0, r6, #0x0
	bl func_08005B34
	lsls r0, r0, #0x10
	lsrs r0, r0, #0x10
	cmp r0, #0x03
	beq _080C99FC
	cmp r0, #0x09
	bne _080C9A02
	ldr r0, _080C99F8 @ =0x0000039E
	bl func_0811FE70
	b _080C9A02
_080C99F4: .4byte 0x02034DAC
_080C99F8: .4byte 0x0000039E
_080C99FC:
	ldr r0, _080C9A20 @ =0x0000039F
	bl func_0811FE70
_080C9A02:
	adds r0, r5, #0x0
	adds r0, #0x4C
	ldr r1, [r5, #0x28]
	ldr r2, [r5, #0x2C]
	ldr r3, [r5, #0x30]
	bl func_08012324
	adds r0, r5, #0x0
	adds r0, #0xB0
	bl func_08000EA4
	movs r0, #0x01
	pop {r4, r5, r6}
	pop {r1}
	bx r1
_080C9A20: .4byte 0x0000039F
	thumb_func_start task_poo_pooh_2
task_poo_pooh_2: @ 080C9A24
	push {r4, r5, r6, r7, lr}
	mov r7, r9
	mov r6, r8
	push {r6, r7}
	add sp, #-0x010
	adds r5, r0, #0x0
	ldr r0, [r5, #0x28]
	asrs r0, r0, #0x08
	ldr r1, _080C9AA4 @ =0x0203C40C
	ldrh r1, [r1, #0x00]
	subs r0, r0, r1
	lsls r0, r0, #0x10
	lsrs r0, r0, #0x10
	mov r8, r0
	ldr r1, [r5, #0x2C]
	asrs r1, r1, #0x08
	ldr r0, [r5, #0x30]
	asrs r0, r0, #0x08
	adds r1, r1, r0
	ldr r0, _080C9AA8 @ =0x0203C3F8
	ldrh r0, [r0, #0x00]
	subs r1, r1, r0
	lsls r1, r1, #0x10
	lsrs r7, r1, #0x10
	adds r0, r5, #0x0
	adds r0, #0x24
	ldrb r0, [r0, #0x00]
	movs r1, #0x80
	lsls r1, r1, #0x04
	mov r9, r1
	cmp r0, #0x00
	beq _080C9A68
	ldr r2, _080C9AAC @ =0x00000801
	mov r9, r2
_080C9A68:
	ldr r0, _080C9AB0 @ =0x02034DAC
	ldr r0, [r0, #0x00]
	cmp r0, #0x14
	bne _080C9AEC
	adds r0, r5, #0x0
	adds r0, #0xA8
	ldr r0, [r0, #0x00]
	cmp r0, #0x01
	bne _080C9AEC
	adds r0, r5, #0x0
	adds r0, #0x0C
	bl func_08005B34
	lsls r0, r0, #0x10
	lsrs r0, r0, #0x10
	cmp r0, #0x04
	bhi _080C9AC0
	ldr r0, _080C9AB4 @ =0x0203C3E8
	ldr r0, [r0, #0x00]
	ldr r3, _080C9AB8 @ =0xFFFFFB00
	adds r0, r0, r3
	asrs r0, r0, #0x08
	lsls r0, r0, #0x02
	ldr r4, _080C9ABC @ =0xFFFFEFFD
	adds r1, r4, #0x0
	subs r1, r1, r0
	lsls r1, r1, #0x10
	lsrs r6, r1, #0x10
	b _080C9C2A
	.byte 0x00, 0x00
_080C9AA4: .4byte 0x0203C40C
_080C9AA8: .4byte 0x0203C3F8
_080C9AAC: .4byte 0x00000801
_080C9AB0: .4byte 0x02034DAC
_080C9AB4: .4byte 0x0203C3E8
_080C9AB8: .4byte 0xFFFFFB00
_080C9ABC: .4byte 0xFFFFEFFD
_080C9AC0:
	ldr r0, _080C9AE0 @ =0x0203C3E8
	ldr r0, [r0, #0x00]
	ldr r1, _080C9AE4 @ =0xFFFFFB00
	adds r0, r0, r1
	asrs r0, r0, #0x08
	lsls r0, r0, #0x02
	ldr r2, _080C9AE8 @ =0xFFFFEFFB
	adds r1, r2, #0x0
	subs r1, r1, r0
	lsls r1, r1, #0x10
	lsrs r6, r1, #0x10
	adds r1, r5, #0x0
	adds r1, #0xE0
	movs r0, #0x00
	b _080C9C7A
	.byte 0x00, 0x00
_080C9AE0: .4byte 0x0203C3E8
_080C9AE4: .4byte 0xFFFFFB00
_080C9AE8: .4byte 0xFFFFEFFB
_080C9AEC:
	bl func_080C9DAC
	lsls r0, r0, #0x18
	cmp r0, #0x00
	beq _080C9AFE
	bl func_080D06C8
	subs r0, #0x04
	b _080C9BA6
_080C9AFE:
	ldr r0, _080C9B34 @ =0x0203C3EC
	ldr r1, [r0, #0x00]
	ldr r0, [r1, #0x00]
	ldr r1, [r1, #0x04]
	bl func_080D0210
	lsls r0, r0, #0x18
	cmp r0, #0x00
	beq _080C9BBA
	ldr r0, _080C9B38 @ =0x02034DAC
	ldr r0, [r0, #0x00]
	cmp r0, #0x15
	bne _080C9B3C
	adds r0, r5, #0x0
	adds r0, #0xA8
	ldr r0, [r0, #0x00]
	cmp r0, #0x01
	bne _080C9B3C
	adds r0, r5, #0x0
	adds r0, #0xF6
	ldrb r0, [r0, #0x00]
	cmp r0, #0x00
	beq _080C9B3C
	bl func_080D06BC
	subs r0, #0x03
	b _080C9BA6
_080C9B34: .4byte 0x0203C3EC
_080C9B38: .4byte 0x02034DAC
_080C9B3C:
	ldr r4, _080C9B78 @ =0x0203C3EC
	ldr r1, [r4, #0x00]
	ldr r0, [r1, #0x00]
	ldr r1, [r1, #0x04]
	bl func_080D0210
	lsls r0, r0, #0x18
	lsrs r0, r0, #0x18
	cmp r0, #0x53
	beq _080C9B62
	ldr r1, [r4, #0x00]
	ldr r0, [r1, #0x00]
	ldr r1, [r1, #0x04]
	bl func_080D0210
	lsls r0, r0, #0x18
	lsrs r0, r0, #0x18
	cmp r0, #0xAD
	bne _080C9B88
_080C9B62:
	ldr r0, [r4, #0x00]
	ldr r1, _080C9B7C @ =0x0203C420
	ldr r2, [r0, #0x04]
	ldr r0, [r1, #0x04]
	cmp r2, r0
	bge _080C9B80
	bl func_080D06C8
	adds r0, #0x05
	b _080C9BA6
	.byte 0x00, 0x00
_080C9B78: .4byte 0x0203C3EC
_080C9B7C: .4byte 0x0203C420
_080C9B80:
	bl func_080D06C8
	adds r0, #0x01
	b _080C9BA6
_080C9B88:
	ldr r0, [r4, #0x00]
	ldr r1, _080C9B9C @ =0x0203C420
	ldr r2, [r0, #0x04]
	ldr r0, [r1, #0x04]
	cmp r2, r0
	bge _080C9BA0
	bl func_080D06BC
	subs r0, #0x02
	b _080C9BA6
_080C9B9C: .4byte 0x0203C420
_080C9BA0:
	bl func_080D06BC
	subs r0, #0x06
_080C9BA6:
	lsls r0, r0, #0x10
	lsrs r6, r0, #0x10
	adds r1, r6, #0x1
	adds r0, r5, #0x0
	adds r0, #0xE0
	movs r2, #0x00
	strh r1, [r0, #0x00]
	adds r0, #0x04
	str r2, [r0, #0x00]
	b _080C9C7C
_080C9BBA:
	adds r0, r5, #0x0
	adds r0, #0xE8
	ldrb r2, [r0, #0x00]
	cmp r2, #0x00
	beq _080C9C4A
	subs r0, #0x54
	ldr r1, [r0, #0x00]
	asrs r1, r1, #0x08
	lsls r1, r1, #0x02
	ldr r3, _080C9BE4 @ =0xFFFFEFF8
	adds r0, r3, #0x0
	subs r0, r0, r1
	lsls r0, r0, #0x10
	lsrs r6, r0, #0x10
	ldr r0, _080C9BE8 @ =0x0203C420
	ldr r1, [r5, #0x2C]
	ldr r0, [r0, #0x04]
	cmp r1, r0
	blt _080C9BEC
	subs r0, r6, #0x2
	b _080C9BEE
_080C9BE4: .4byte 0xFFFFEFF8
_080C9BE8: .4byte 0x0203C420
_080C9BEC:
	adds r0, r6, #0x2
_080C9BEE:
	lsls r0, r0, #0x10
	lsrs r6, r0, #0x10
	adds r0, r5, #0x0
	adds r0, #0x98
	ldr r1, [r0, #0x00]
	ldr r0, [r5, #0x5C]
	cmp r1, r0
	ble _080C9C0E
	adds r0, r5, #0x0
	adds r0, #0x9C
	ldr r0, [r0, #0x00]
	ldr r1, [r0, #0x10]
	movs r0, #0x80
	lsls r0, r0, #0x03
	cmp r1, r0
	bne _080C9C34
_080C9C0E:
	adds r0, r5, #0x0
	adds r0, #0x8C
	ldr r0, [r0, #0x00]
	cmp r0, #0x00
	beq _080C9C22
	adds r1, r5, #0x0
	adds r1, #0xE0
	movs r0, #0x00
	strh r0, [r1, #0x00]
	b _080C9C2A
_080C9C22:
	adds r1, r6, #0x1
	adds r0, r5, #0x0
	adds r0, #0xE0
	strh r1, [r0, #0x00]
_080C9C2A:
	adds r1, r5, #0x0
	adds r1, #0xE4
	movs r0, #0x00
	str r0, [r1, #0x00]
	b _080C9C7C
_080C9C34:
	adds r1, r5, #0x0
	adds r1, #0xE4
	adds r0, r5, #0x0
	adds r0, #0x8C
	ldr r0, [r0, #0x00]
	str r0, [r1, #0x00]
	adds r1, r6, #0x1
	adds r0, r5, #0x0
	adds r0, #0xE0
	strh r1, [r0, #0x00]
	b _080C9C7C
_080C9C4A:
	ldr r1, [r5, #0x2C]
	asrs r1, r1, #0x08
	lsls r1, r1, #0x02
	ldr r4, _080C9C70 @ =0xFFFFEFFC
	adds r0, r4, #0x0
	subs r0, r0, r1
	lsls r0, r0, #0x10
	lsrs r6, r0, #0x10
	adds r0, r5, #0x0
	adds r0, #0xE4
	str r2, [r0, #0x00]
	ldr r0, [r5, #0x34]
	cmp r2, r0
	beq _080C9C74
	adds r0, r5, #0x0
	adds r0, #0xE0
	strh r2, [r0, #0x00]
	b _080C9C7C
	.byte 0x00, 0x00
_080C9C70: .4byte 0xFFFFEFFC
_080C9C74:
	adds r1, r5, #0x0
	adds r1, #0xE0
	ldr r0, _080C9CC4 @ =0x0000FFF0
_080C9C7A:
	strh r0, [r1, #0x00]
_080C9C7C:
	adds r0, r5, #0x0
	adds r0, #0xFA
	ldrb r0, [r0, #0x00]
	cmp r0, #0x00
	beq _080C9C8E
	adds r1, r5, #0x0
	adds r1, #0xE0
	movs r0, #0x00
	strh r0, [r1, #0x00]
_080C9C8E:
	mov r1, r8
	lsls r0, r1, #0x10
	asrs r0, r0, #0x10
	lsls r1, r7, #0x10
	asrs r1, r1, #0x10
	ldr r2, [r5, #0x08]
	ldr r3, [r5, #0x00]
	ldr r4, [r5, #0x04]
	str r4, [sp, #0x000]
	movs r4, #0x00
	str r4, [sp, #0x004]
	mov r4, r9
	str r4, [sp, #0x008]
	str r6, [sp, #0x00C]
	bl func_080023E0
	adds r0, r5, #0x0
	adds r0, #0xB0
	bl func_08000EE0
	add sp, #0x010
	pop {r3, r4}
	mov r8, r3
	mov r9, r4
	pop {r4, r5, r6, r7}
	pop {r0}
	bx r0
_080C9CC4: .4byte 0x0000FFF0
	thumb_func_start task_poo_pooh_3
task_poo_pooh_3: @ 080C9CC8
	push {r4, lr}
	adds r4, r0, #0x0
	ldr r0, _080C9CE8 @ =0x02034DAC
	ldr r2, [r0, #0x00]
	adds r3, r0, #0x0
	cmp r2, #0x16
	bne _080C9CEC
	movs r0, #0x00
	str r0, [r3, #0x00]
	str r0, [r4, #0x30]
	ldr r0, [r4, #0x2C]
	movs r1, #0x80
	lsls r1, r1, #0x06
	adds r0, r0, r1
	str r0, [r4, #0x2C]
	b _080C9CFE
_080C9CE8: .4byte 0x02034DAC
_080C9CEC:
	cmp r2, #0x0E
	bne _080C9CFE
	movs r0, #0x00
	str r0, [r3, #0x00]
	ldr r1, _080C9D38 @ =0x0007F700
	str r1, [r4, #0x28]
	ldr r1, _080C9D3C @ =0x00047E00
	str r1, [r4, #0x2C]
	str r0, [r4, #0x30]
_080C9CFE:
	adds r0, r4, #0x0
	adds r0, #0x28
	ldr r1, [r3, #0x00]
	bl func_080D2C8C
	ldr r0, _080C9D40 @ =0x0203C3E4
	ldrh r0, [r0, #0x00]
	ldr r1, _080C9D44 @ =0x0203C3E0
	ldrh r1, [r1, #0x00]
	bl func_080D2CC4
	ldr r0, [r4, #0x00]
	bl func_080028C0
	ldr r0, [r4, #0x04]
	bl func_08002C10
	adds r0, r4, #0x0
	adds r0, #0x4C
	bl func_08012304
	adds r0, r4, #0x0
	adds r0, #0xB0
	bl func_08000F0C
	pop {r4}
	pop {r0}
	bx r0
	.byte 0x00, 0x00
_080C9D38: .4byte 0x0007F700
_080C9D3C: .4byte 0x00047E00
_080C9D40: .4byte 0x0203C3E4
_080C9D44: .4byte 0x0203C3E0
	thumb_func_start func_080C9D48
func_080C9D48: @ 080C9D48
	ldr r0, _080C9D54 @ =0x02034DAC
	ldr r0, [r0, #0x00]
	cmp r0, #0x16
	beq _080C9D58
	movs r0, #0x00
	b _080C9D5A
_080C9D54: .4byte 0x02034DAC
_080C9D58:
	movs r0, #0x01
_080C9D5A:
	bx lr
	thumb_func_start func_080C9D5C
func_080C9D5C: @ 080C9D5C
	ldr r0, _080C9D68 @ =0x02034DAC
	ldr r0, [r0, #0x00]
	cmp r0, #0x27
	beq _080C9D6C
	movs r0, #0x00
	b _080C9D6E
_080C9D68: .4byte 0x02034DAC
_080C9D6C:
	movs r0, #0x01
_080C9D6E:
	bx lr
	thumb_func_start func_080C9D70
func_080C9D70: @ 080C9D70
	ldr r0, _080C9D7C @ =0x02034DAC
	ldr r0, [r0, #0x00]
	cmp r0, #0x03
	beq _080C9D80
	movs r0, #0x00
	b _080C9D82
_080C9D7C: .4byte 0x02034DAC
_080C9D80:
	movs r0, #0x01
_080C9D82:
	bx lr
	thumb_func_start func_080C9D84
func_080C9D84: @ 080C9D84
	ldr r0, _080C9D90 @ =0x02034DAC
	ldr r0, [r0, #0x00]
	cmp r0, #0x0E
	beq _080C9D94
	movs r0, #0x00
	b _080C9D96
_080C9D90: .4byte 0x02034DAC
_080C9D94:
	movs r0, #0x01
_080C9D96:
	bx lr
	thumb_func_start func_080C9D98
func_080C9D98: @ 080C9D98
	ldr r0, _080C9DA4 @ =0x02034DAC
	ldr r0, [r0, #0x00]
	cmp r0, #0x0D
	beq _080C9DA8
	movs r0, #0x00
	b _080C9DAA
_080C9DA4: .4byte 0x02034DAC
_080C9DA8:
	movs r0, #0x01
_080C9DAA:
	bx lr
	thumb_func_start func_080C9DAC
func_080C9DAC: @ 080C9DAC
	push {lr}
	ldr r0, _080C9DC8 @ =0x02034DAC
	ldr r0, [r0, #0x00]
	cmp r0, #0x0D
	beq _080C9E1E
	cmp r0, #0x02
	bne _080C9DD0
	ldr r0, _080C9DCC @ =0x02034DA8
	ldr r0, [r0, #0x00]
	adds r0, #0xF6
	ldrb r0, [r0, #0x00]
	cmp r0, #0x00
	bne _080C9E22
	b _080C9E1E
_080C9DC8: .4byte 0x02034DAC
_080C9DCC: .4byte 0x02034DA8
_080C9DD0:
	cmp r0, #0x15
	bne _080C9E22
	ldr r0, _080C9E00 @ =0x02034DA8
	ldr r1, [r0, #0x00]
	adds r0, r1, #0x0
	adds r0, #0xF6
	ldrb r0, [r0, #0x00]
	cmp r0, #0x00
	beq _080C9E04
	adds r0, r1, #0x0
	adds r0, #0xA8
	ldr r0, [r0, #0x00]
	cmp r0, #0x01
	bne _080C9E1E
	adds r0, r1, #0x0
	adds r0, #0x0C
	bl func_08005B34
	lsls r0, r0, #0x10
	lsrs r0, r0, #0x10
	cmp r0, #0x04
	bhi _080C9E22
	b _080C9E1E
	.byte 0x00, 0x00
_080C9E00: .4byte 0x02034DA8
_080C9E04:
	adds r0, r1, #0x0
	adds r0, #0xA8
	ldr r0, [r0, #0x00]
	cmp r0, #0x00
	beq _080C9E22
	adds r0, r1, #0x0
	adds r0, #0x0C
	bl func_08005B34
	lsls r0, r0, #0x10
	lsrs r0, r0, #0x10
	cmp r0, #0x04
	bls _080C9E22
_080C9E1E:
	movs r0, #0x01
	b _080C9E24
_080C9E22:
	movs r0, #0x00
_080C9E24:
	pop {r1}
	bx r1
	.byte 0x00, 0xB5, 0x05, 0x48, 0x00, 0x68, 0x00, 0xF0, 0x25, 0xFC, 0x00, 0x04, 0x00, 0x0C, 0x02, 0x28
	.byte 0x04, 0xD0, 0x00, 0x20, 0x03, 0xE0, 0x00, 0x00, 0xEC, 0xC3, 0x03, 0x02, 0x01, 0x20, 0x02, 0xBC
	.byte 0x08, 0x47, 0x00, 0x00
	thumb_func_start func_080C9E4C
func_080C9E4C: @ 080C9E4C
	ldr r0, _080C9E58 @ =0x02034DAC
	ldr r0, [r0, #0x00]
	cmp r0, #0x21
	bne _080C9E5C
	movs r0, #0x00
	b _080C9E6E
_080C9E58: .4byte 0x02034DAC
_080C9E5C:
	cmp r0, #0x22
	bne _080C9E64
	movs r0, #0x01
	b _080C9E6E
_080C9E64:
	cmp r0, #0x23
	beq _080C9E6C
	movs r0, #0x03
	b _080C9E6E
_080C9E6C:
	movs r0, #0x02
_080C9E6E:
	bx lr
	thumb_func_start func_080C9E70
func_080C9E70: @ 080C9E70
	ldr r0, _080C9E7C @ =0x02034DAC
	ldr r0, [r0, #0x00]
	cmp r0, #0x0C
	beq _080C9E80
	movs r0, #0x00
	b _080C9E82
_080C9E7C: .4byte 0x02034DAC
_080C9E80:
	movs r0, #0x01
_080C9E82:
	bx lr
	thumb_func_start func_080C9E84
func_080C9E84: @ 080C9E84
	push {r4, r5, r6, lr}
	adds r6, r0, #0x0
	movs r5, #0x00
	ldr r4, _080C9EA8 @ =0x096FCAF4
_080C9E8C:
	ldrh r1, [r4, #0x08]
	ldr r2, [r4, #0x00]
	ldr r3, [r4, #0x04]
	adds r0, r6, #0x0
	bl func_080CD550
	adds r4, #0x0C
	adds r5, #0x01
	cmp r5, #0x0B
	bls _080C9E8C
	pop {r4, r5, r6}
	pop {r0}
	bx r0
	.byte 0x00, 0x00
_080C9EA8: .4byte 0x096FCAF4
	thumb_func_start func_080C9EAC
func_080C9EAC: @ 080C9EAC
	push {r4, r5, r6, r7, lr}
	mov r7, r9
	mov r6, r8
	push {r6, r7}
	add sp, #-0x004
	mov r8, r0
	lsls r1, r1, #0x10
	lsrs r4, r1, #0x10
	movs r7, #0x00
	ldr r5, _080C9EF8 @ =0x096FCB84
	mov r9, r5
	movs r6, #0x00
_080C9EC4:
	mov r0, r9
	adds r0, #0x08
	adds r0, r6, r0
	ldr r1, [r0, #0x00]
	ldr r2, [r5, #0x00]
	ldr r3, [r5, #0x04]
	str r4, [sp, #0x000]
	mov r0, r8
	bl func_080D1990
	adds r0, r4, #0x1
	lsls r0, r0, #0x10
	lsrs r4, r0, #0x10
	adds r5, #0x0C
	adds r6, #0x0C
	adds r7, #0x01
	cmp r7, #0x4F
	bls _080C9EC4
	adds r0, r4, #0x0
	add sp, #0x004
	pop {r3, r4}
	mov r8, r3
	mov r9, r4
	pop {r4, r5, r6, r7}
	pop {r1}
	bx r1
_080C9EF8: .4byte 0x096FCB84
	thumb_func_start func_080C9EFC
func_080C9EFC: @ 080C9EFC
	push {r4, r5, r6, r7, lr}
	mov r7, r10
	mov r6, r9
	mov r5, r8
	push {r5, r6, r7}
	add sp, #-0x008
	str r0, [sp, #0x000]
	lsls r1, r1, #0x10
	lsrs r4, r1, #0x10
	movs r0, #0x00
	mov r10, r0
	ldr r5, _080C9F64 @ =0x02034DC8
	ldr r1, _080C9F68 @ =0x096FC6F8
	str r1, [sp, #0x004]
	mov r9, r0
	ldr r3, _080C9F6C @ =0x02034DB0
	mov r8, r3
_080C9F1E:
	ldr r6, [sp, #0x004]
	ldr r0, [r6, #0x00]
	str r0, [r5, #0x00]
	ldr r0, _080C9F68 @ =0x096FC6F8
	adds r0, #0x04
	add r0, r9
	ldr r0, [r0, #0x00]
	str r0, [r5, #0x04]
	movs r0, #0x00
	str r0, [r5, #0x08]
	ldr r2, [r6, #0x08]
	ldr r0, _080C9F70 @ =0x09EF4B20
	cmp r2, r0
	beq _080C9F40
	ldr r0, _080C9F74 @ =0x09EF4B08
	cmp r2, r0
	bne _080C9F78
_080C9F40:
	mov r1, r8
	adds r0, r5, #0x0
	ldm r0!, {r3, r6, r7}
	stm r1!, {r3, r6, r7}
	ldr r0, [r0, #0x00]
	str r0, [r1, #0x00]
	mov r7, r8
	strh r4, [r7, #0x10]
	ldr r0, [sp, #0x000]
	adds r1, r2, #0x0
	mov r2, r8
	bl func_08000E14
	adds r0, r4, #0x1
	lsls r0, r0, #0x10
	lsrs r4, r0, #0x10
	b _080C9F82
	.byte 0x00, 0x00
_080C9F64: .4byte 0x02034DC8
_080C9F68: .4byte 0x096FC6F8
_080C9F6C: .4byte 0x02034DB0
_080C9F70: .4byte 0x09EF4B20
_080C9F74: .4byte 0x09EF4B08
_080C9F78:
	ldr r0, [sp, #0x000]
	adds r1, r2, #0x0
	adds r2, r5, #0x0
	bl func_08000E14
_080C9F82:
	ldr r0, [sp, #0x004]
	adds r0, #0x0C
	str r0, [sp, #0x004]
	movs r1, #0x0C
	add r9, r1
	movs r3, #0x01
	add r10, r3
	mov r6, r10
	cmp r6, #0x54
	bls _080C9F1E
	adds r0, r4, #0x0
	add sp, #0x008
	pop {r3, r4, r5}
	mov r8, r3
	mov r9, r4
	mov r10, r5
	pop {r4, r5, r6, r7}
	pop {r1}
	bx r1
	thumb_func_start func_080C9FA8
func_080C9FA8: @ 080C9FA8
	ldr r2, _080C9FB4 @ =0x0203C404
	str r0, [r2, #0x00]
	ldr r0, _080C9FB8 @ =0x0203C400
	str r1, [r0, #0x00]
	bx lr
	.byte 0x00, 0x00
_080C9FB4: .4byte 0x0203C404
_080C9FB8: .4byte 0x0203C400
	thumb_func_start func_080C9FBC
func_080C9FBC: @ 080C9FBC
	push {r4, r5, r6, lr}
	ldr r0, _080CA004 @ =0x02034DE0
	ldrb r0, [r0, #0x00]
	cmp r0, #0x00
	bne _080CA08C
	ldr r0, _080CA008 @ =0x02034DE1
	ldrb r0, [r0, #0x00]
	cmp r0, #0x00
	beq _080C9FDE
	ldr r0, _080CA00C @ =0x0203C3EC
	ldr r2, [r0, #0x00]
	ldr r0, [r2, #0x00]
	ldr r1, [r2, #0x04]
	ldr r2, [r2, #0x08]
	adds r1, r1, r2
	bl func_080C9FA8
_080C9FDE:
	ldr r3, _080CA00C @ =0x0203C3EC
	ldr r1, [r3, #0x00]
	ldr r2, [r1, #0x04]
	ldr r0, [r1, #0x08]
	adds r5, r2, r0
	ldr r0, _080CA010 @ =0x0203C404
	ldr r4, [r0, #0x00]
	ldr r1, [r1, #0x00]
	subs r2, r4, r1
	adds r6, r3, #0x0
	adds r3, r0, #0x0
	cmp r2, #0x00
	blt _080CA01C
	ldr r0, _080CA014 @ =0x0000EFFF
	cmp r2, r0
	ble _080CA026
	ldr r4, _080CA018 @ =0x0203C400
	b _080CA080
	.byte 0x00, 0x00
_080CA004: .4byte 0x02034DE0
_080CA008: .4byte 0x02034DE1
_080CA00C: .4byte 0x0203C3EC
_080CA010: .4byte 0x0203C404
_080CA014: .4byte 0x0000EFFF
_080CA018: .4byte 0x0203C400
_080CA01C:
	subs r1, r1, r4
	ldr r0, _080CA03C @ =0x0000EFFF
	ldr r4, _080CA040 @ =0x0203C400
	cmp r1, r0
	bgt _080CA080
_080CA026:
	ldr r0, _080CA040 @ =0x0203C400
	ldr r1, [r0, #0x00]
	subs r2, r1, r5
	adds r4, r0, #0x0
	cmp r2, #0x00
	blt _080CA048
	ldr r0, _080CA044 @ =0x00009FFF
	cmp r2, r0
	ble _080CA050
	b _080CA080
	.byte 0x00, 0x00
_080CA03C: .4byte 0x0000EFFF
_080CA040: .4byte 0x0203C400
_080CA044: .4byte 0x00009FFF
_080CA048:
	subs r1, r5, r1
	ldr r0, _080CA074 @ =0x00009FFF
	cmp r1, r0
	bgt _080CA080
_080CA050:
	ldr r2, _080CA078 @ =0x0203C3FC
	ldr r1, [r6, #0x00]
	ldr r0, [r3, #0x00]
	ldr r1, [r1, #0x00]
	adds r0, r0, r1
	lsrs r1, r0, #0x1F
	adds r0, r0, r1
	asrs r0, r0, #0x01
	str r0, [r2, #0x00]
	ldr r2, _080CA07C @ =0x0203C408
	ldr r0, [r4, #0x00]
	adds r0, r0, r5
	lsrs r1, r0, #0x1F
	adds r0, r0, r1
	asrs r0, r0, #0x01
	str r0, [r2, #0x00]
	b _080CA08C
	.byte 0x00, 0x00
_080CA074: .4byte 0x00009FFF
_080CA078: .4byte 0x0203C3FC
_080CA07C: .4byte 0x0203C408
_080CA080:
	ldr r1, _080CA094 @ =0x0203C3FC
	ldr r0, [r3, #0x00]
	str r0, [r1, #0x00]
	ldr r1, _080CA098 @ =0x0203C408
	ldr r0, [r4, #0x00]
	str r0, [r1, #0x00]
_080CA08C:
	pop {r4, r5, r6}
	pop {r0}
	bx r0
	.byte 0x00, 0x00
_080CA094: .4byte 0x0203C3FC
_080CA098: .4byte 0x0203C408
	thumb_func_start func_080CA09C
func_080CA09C: @ 080CA09C
	ldr r1, _080CA0A4 @ =0x02034DE0
	movs r0, #0x01
	strb r0, [r1, #0x00]
	bx lr
_080CA0A4: .4byte 0x02034DE0
	thumb_func_start func_080CA0A8
func_080CA0A8: @ 080CA0A8
	ldr r1, _080CA0B0 @ =0x02034DE0
	movs r0, #0x00
	strb r0, [r1, #0x00]
	bx lr
_080CA0B0: .4byte 0x02034DE0
	.byte 0x01, 0x49, 0x01, 0x20, 0x08, 0x70, 0x70, 0x47, 0xE1, 0x4D, 0x03, 0x02
	thumb_func_start func_080CA0C0
func_080CA0C0: @ 080CA0C0
	ldr r1, _080CA0C8 @ =0x02034DE1
	movs r0, #0x00
	strb r0, [r1, #0x00]
	bx lr
_080CA0C8: .4byte 0x02034DE1
	thumb_func_start task_poo_map_0
task_poo_map_0: @ 080CA0CC
	push {r4, r5, r6, lr}
	mov r6, r9
	mov r5, r8
	push {r5, r6}
	add sp, #-0x014
	adds r6, r0, #0x0
	bl func_080CA0A8
	bl func_080CA0C0
	add r1, sp, #0x010
	mov r0, sp
	bl func_080D2CA8
	ldr r0, _080CA1E0 @ =0x0203C3EC
	mov r1, sp
	str r1, [r0, #0x00]
	bl func_080C9FBC
	ldr r2, _080CA1E4 @ =0x02034DE4
	ldr r0, _080CA1E8 @ =0x0203C408
	ldr r1, [r0, #0x00]
	str r1, [r2, #0x00]
	ldr r2, _080CA1EC @ =0x0203C40C
	mov r9, r2
	ldr r0, _080CA1F0 @ =0x0203C3FC
	ldr r0, [r0, #0x00]
	asrs r0, r0, #0x08
	subs r0, #0x78
	strh r0, [r2, #0x00]
	ldr r0, _080CA1F4 @ =0x0203C3F8
	mov r8, r0
	asrs r1, r1, #0x08
	subs r1, #0x50
	strh r1, [r0, #0x00]
	ldr r0, _080CA1F8 @ =0x02039BA0
	ldr r1, [r0, #0x00]
	ldrh r0, [r2, #0x00]
	lsls r0, r0, #0x08
	str r0, [r1, #0x00]
	mov r2, r8
	ldrh r0, [r2, #0x00]
	lsls r0, r0, #0x08
	str r0, [r1, #0x04]
	ldr r5, _080CA1FC @ =0x096FC6E0
	ldrb r0, [r5, #0x16]
	strb r0, [r6, #0x00]
	ldrb r0, [r5, #0x17]
	strb r0, [r6, #0x01]
	adds r4, r6, #0x4
	adds r0, r4, #0x0
	movs r1, #0xB2
	bl func_08000E64
	adds r0, r4, #0x0
	movs r1, #0x00
	bl func_080C9EFC
	adds r1, r0, #0x0
	lsls r1, r1, #0x10
	lsrs r1, r1, #0x10
	adds r0, r4, #0x0
	bl func_080C9EAC
	adds r0, r4, #0x0
	bl func_080C9E84
	ldr r1, _080CA200 @ =0x09EF49E8
	adds r0, r4, #0x0
	movs r2, #0x00
	bl func_08000E14
	ldr r1, [r5, #0x00]
	ldrh r2, [r5, #0x04]
	movs r0, #0x03
	bl func_080050B8
	ldr r1, [r5, #0x10]
	ldrh r2, [r5, #0x14]
	movs r0, #0x02
	bl func_080050B8
	ldr r1, [r5, #0x08]
	ldrh r2, [r5, #0x0C]
	movs r0, #0x03
	bl func_080050DC
	ldr r1, _080CA204 @ =0x09EF4208
	ldrb r2, [r6, #0x00]
	ldrb r3, [r6, #0x01]
	movs r0, #0x03
	bl func_0800516C
	mov r0, r9
	ldrh r1, [r0, #0x00]
	mov r0, r8
	ldrh r2, [r0, #0x00]
	movs r0, #0x03
	bl func_080051C4
	bl func_080CA35C
	ldr r1, _080CA208 @ =0x09EF4448
	ldrb r2, [r6, #0x00]
	ldrb r3, [r6, #0x01]
	movs r0, #0x01
	bl func_0800516C
	mov r2, r9
	ldrh r1, [r2, #0x00]
	mov r0, r8
	ldrh r2, [r0, #0x00]
	movs r0, #0x01
	bl func_080051C4
	ldr r1, _080CA20C @ =0x09EF4688
	ldrb r2, [r6, #0x00]
	ldrb r3, [r6, #0x01]
	movs r0, #0x02
	bl func_0800516C
	mov r2, r9
	ldrh r1, [r2, #0x00]
	mov r0, r8
	ldrh r2, [r0, #0x00]
	movs r0, #0x02
	bl func_080051C4
	bl func_0802F1C8
	add sp, #0x014
	pop {r3, r4}
	mov r8, r3
	mov r9, r4
	pop {r4, r5, r6}
	pop {r0}
	bx r0
	.byte 0x00, 0x00
_080CA1E0: .4byte 0x0203C3EC
_080CA1E4: .4byte 0x02034DE4
_080CA1E8: .4byte 0x0203C408
_080CA1EC: .4byte 0x0203C40C
_080CA1F0: .4byte 0x0203C3FC
_080CA1F4: .4byte 0x0203C3F8
_080CA1F8: .4byte 0x02039BA0
_080CA1FC: .4byte 0x096FC6E0
_080CA200: .4byte 0x09EF49E8
_080CA204: .4byte 0x09EF4208
_080CA208: .4byte 0x09EF4448
_080CA20C: .4byte 0x09EF4688
	thumb_func_start task_poo_map_1
task_poo_map_1: @ 080CA210
	push {r4, r5, r6, lr}
	adds r6, r0, #0x0
	bl func_080C9FBC
	adds r0, r6, #0x0
	bl func_080CA270
	ldr r5, _080CA250 @ =0x0203C40C
	ldrh r1, [r5, #0x00]
	ldr r4, _080CA254 @ =0x0203C3F8
	ldrh r2, [r4, #0x00]
	movs r0, #0x03
	bl func_08005244
	ldrh r1, [r5, #0x00]
	ldrh r2, [r4, #0x00]
	movs r0, #0x01
	bl func_08005244
	ldrh r1, [r5, #0x00]
	ldrh r2, [r4, #0x00]
	movs r0, #0x02
	bl func_08005244
	adds r6, #0x04
	adds r0, r6, #0x0
	bl func_08000EA4
	movs r0, #0x01
	pop {r4, r5, r6}
	pop {r1}
	bx r1
_080CA250: .4byte 0x0203C40C
_080CA254: .4byte 0x0203C3F8
	thumb_func_start task_poo_map_2
task_poo_map_2: @ 080CA258
	push {lr}
	adds r0, #0x04
	bl func_08000EE0
	pop {r0}
	bx r0
	thumb_func_start task_poo_map_3
task_poo_map_3: @ 080CA264
	push {lr}
	adds r0, #0x04
	bl func_08000F0C
	pop {r0}
	bx r0
	thumb_func_start func_080CA270
func_080CA270: @ 080CA270
	push {r4, r5, r6, lr}
	bl func_0802F208
	ldr r0, _080CA334 @ =0x0203C3FC
	ldr r1, [r0, #0x00]
	ldr r0, _080CA338 @ =0xFFFF8800
	adds r4, r1, r0
	ldr r0, _080CA33C @ =0x0203C408
	ldr r0, [r0, #0x00]
	ldr r2, _080CA340 @ =0xFFFFB000
	adds r3, r0, r2
	cmp r3, #0x00
	bge _080CA28C
	movs r3, #0x00
_080CA28C:
	movs r0, #0xF0
	lsls r0, r0, #0x07
	adds r1, r1, r0
	ldr r0, _080CA344 @ =0x000EDF00
	cmp r1, r0
	ble _080CA29A
	ldr r4, _080CA348 @ =0x000DEF00
_080CA29A:
	movs r2, #0xA0
	lsls r2, r2, #0x08
	adds r1, r3, r2
	movs r0, #0x83
	lsls r0, r0, #0x0C
	cmp r1, r0
	ble _080CA2AC
	movs r3, #0xF2
	lsls r3, r3, #0x0B
_080CA2AC:
	ldr r2, _080CA34C @ =0x0203C40C
	ldrh r0, [r2, #0x00]
	lsls r0, r0, #0x08
	subs r0, r4, r0
	asrs r4, r0, #0x03
	ldr r1, _080CA350 @ =0x0203C3F8
	ldrh r0, [r1, #0x00]
	lsls r0, r0, #0x08
	subs r0, r3, r0
	asrs r3, r0, #0x03
	movs r0, #0xC0
	lsls r0, r0, #0x02
	adds r6, r2, #0x0
	adds r5, r1, #0x0
	cmp r4, r0
	bgt _080CA2D2
	ldr r0, _080CA354 @ =0xFFFFFD00
	cmp r4, r0
	bge _080CA2D4
_080CA2D2:
	adds r4, r0, #0x0
_080CA2D4:
	movs r0, #0xC0
	lsls r0, r0, #0x02
	cmp r3, r0
	bgt _080CA2E2
	ldr r0, _080CA354 @ =0xFFFFFD00
	cmp r3, r0
	bge _080CA2E4
_080CA2E2:
	adds r3, r0, #0x0
_080CA2E4:
	adds r0, r4, #0x0
	cmp r4, #0x00
	bge _080CA2EC
	negs r0, r4
_080CA2EC:
	cmp r0, #0x32
	bgt _080CA2F2
	movs r4, #0x00
_080CA2F2:
	adds r0, r3, #0x0
	cmp r3, #0x00
	bge _080CA2FA
	negs r0, r3
_080CA2FA:
	cmp r0, #0x32
	bgt _080CA300
	movs r3, #0x00
_080CA300:
	asrs r0, r4, #0x08
	ldrh r1, [r6, #0x00]
	adds r0, r0, r1
	strh r0, [r6, #0x00]
	asrs r0, r3, #0x08
	ldrh r2, [r5, #0x00]
	adds r0, r0, r2
	strh r0, [r5, #0x00]
	bl func_0802F268
	asrs r0, r0, #0x08
	ldrh r1, [r5, #0x00]
	adds r0, r0, r1
	strh r0, [r5, #0x00]
	ldr r0, _080CA358 @ =0x02039BA0
	ldr r1, [r0, #0x00]
	ldrh r0, [r6, #0x00]
	lsls r0, r0, #0x08
	str r0, [r1, #0x00]
	ldrh r0, [r5, #0x00]
	lsls r0, r0, #0x08
	str r0, [r1, #0x04]
	pop {r4, r5, r6}
	pop {r0}
	bx r0
	.byte 0x00, 0x00
_080CA334: .4byte 0x0203C3FC
_080CA338: .4byte 0xFFFF8800
_080CA33C: .4byte 0x0203C408
_080CA340: .4byte 0xFFFFB000
_080CA344: .4byte 0x000EDF00
_080CA348: .4byte 0x000DEF00
_080CA34C: .4byte 0x0203C40C
_080CA350: .4byte 0x0203C3F8
_080CA354: .4byte 0xFFFFFD00
_080CA358: .4byte 0x02039BA0
	thumb_func_start func_080CA35C
func_080CA35C: @ 080CA35C
	ldr r1, _080CA364 @ =0x0203C3F4
	movs r0, #0x00
	str r0, [r1, #0x00]
	bx lr
_080CA364: .4byte 0x0203C3F4
	.byte 0x70, 0x47, 0x00, 0x00
	thumb_func_start func_080CA36C
func_080CA36C: @ 080CA36C
	push {r4, r5, lr}
	lsls r0, r0, #0x10
	lsls r1, r1, #0x10
	ldr r5, _080CA39C @ =0x09EF4208
	lsrs r4, r0, #0x18
	lsrs r2, r1, #0x18
	lsrs r0, r0, #0x13
	movs r3, #0x1F
	ands r0, r3
	lsrs r1, r1, #0x13
	ands r1, r3
	lsls r2, r2, #0x04
	adds r2, r2, r4
	lsls r2, r2, #0x02
	adds r2, r2, r5
	lsls r1, r1, #0x05
	adds r1, r1, r0
	ldr r0, [r2, #0x00]
	lsls r1, r1, #0x01
	adds r1, r1, r0
	ldrh r0, [r1, #0x00]
	pop {r4, r5}
	pop {r1}
	bx r1
_080CA39C: .4byte 0x09EF4208
	thumb_func_start func_080CA3A0
func_080CA3A0: @ 080CA3A0
	push {lr}
	adds r1, r0, #0x0
	ldr r0, [r1, #0x00]
	lsls r0, r0, #0x08
	lsrs r0, r0, #0x10
	ldr r1, [r1, #0x04]
	lsls r1, r1, #0x08
	lsrs r1, r1, #0x10
	bl func_080CA36C
	ldr r1, _080CA3EC @ =0x000003FF
	ands r1, r0
	subs r0, r1, #0x1
	lsls r0, r0, #0x10
	lsrs r0, r0, #0x10
	cmp r0, #0x08
	bls _080CA3E6
	adds r0, r1, #0x0
	subs r0, #0x20
	lsls r0, r0, #0x10
	lsrs r0, r0, #0x10
	cmp r0, #0x09
	bls _080CA3E6
	adds r0, r1, #0x0
	subs r0, #0x40
	lsls r0, r0, #0x10
	lsrs r0, r0, #0x10
	cmp r0, #0x09
	bls _080CA3E6
	ldr r2, _080CA3F0 @ =0xFFFFFE20
	adds r0, r1, r2
	lsls r0, r0, #0x10
	lsrs r0, r0, #0x10
	cmp r0, #0x5F
	bhi _080CA3F4
_080CA3E6:
	movs r0, #0x00
	b _080CA3F6
	.byte 0x00, 0x00
_080CA3EC: .4byte 0x000003FF
_080CA3F0: .4byte 0xFFFFFE20
_080CA3F4:
	movs r0, #0x01
_080CA3F6:
	pop {r1}
	bx r1
	.byte 0x00, 0x00
	thumb_func_start func_080CA3FC
func_080CA3FC: @ 080CA3FC
	push {r4, r5, r6, r7, lr}
	mov r7, r10
	mov r6, r9
	mov r5, r8
	push {r5, r6, r7}
	add sp, #-0x014
	adds r5, r0, #0x0
	mov r9, r1
	mov r10, r2
	mov r8, r3
	bl func_080CA3A0
	lsls r0, r0, #0x18
	cmp r0, #0x00
	beq _080CA4D6
	ldrb r0, [r5, #0x14]
	adds r0, #0x40
	lsls r0, r0, #0x18
	lsrs r1, r0, #0x18
	ldr r2, _080CA47C @ =0x08121400
	lsls r0, r1, #0x01
	adds r0, r0, r2
	movs r3, #0x00
	ldsh r7, [r0, r3]
	adds r0, r1, #0x0
	adds r0, #0x40
	lsls r0, r0, #0x01
	adds r0, r0, r2
	movs r1, #0x00
	ldsh r0, [r0, r1]
	negs r6, r0
	lsls r0, r7, #0x02
	add r0, r9
	str r0, [sp, #0x000]
	lsls r0, r6, #0x02
	add r0, r10
	str r0, [sp, #0x004]
	ldr r0, [r5, #0x08]
	str r0, [sp, #0x008]
	ldr r0, [r5, #0x0C]
	str r0, [sp, #0x00C]
	ldr r4, [r5, #0x10]
	movs r0, #0x80
	lsls r0, r0, #0x02
	cmp r4, r0
	ble _080CA45A
	adds r4, r0, #0x0
_080CA45A:
	mov r0, sp
	str r2, [sp, #0x010]
	bl func_080CA3A0
	lsls r0, r0, #0x18
	ldr r2, [sp, #0x010]
	cmp r0, #0x00
	bne _080CA480
	adds r0, r7, #0x0
	muls r0, r4
	asrs r0, r0, #0x08
	mov r3, r8
	str r0, [r3, #0x00]
	adds r0, r6, #0x0
	muls r0, r4
	asrs r0, r0, #0x08
	b _080CA4CE
_080CA47C: .4byte 0x08121400
_080CA480:
	ldrb r0, [r5, #0x14]
	subs r0, #0x40
	lsls r0, r0, #0x18
	lsrs r1, r0, #0x18
	lsls r0, r1, #0x01
	adds r0, r0, r2
	movs r3, #0x00
	ldsh r7, [r0, r3]
	adds r0, r1, #0x0
	adds r0, #0x40
	lsls r0, r0, #0x01
	adds r0, r0, r2
	movs r1, #0x00
	ldsh r0, [r0, r1]
	negs r6, r0
	lsls r0, r7, #0x02
	add r0, r9
	str r0, [sp, #0x000]
	lsls r0, r6, #0x02
	add r0, r10
	str r0, [sp, #0x004]
	mov r0, sp
	bl func_080CA3A0
	lsls r0, r0, #0x18
	cmp r0, #0x00
	bne _080CA4C8
	adds r0, r7, #0x0
	muls r0, r4
	asrs r0, r0, #0x08
	mov r3, r8
	str r0, [r3, #0x00]
	adds r0, r6, #0x0
	muls r0, r4
	asrs r0, r0, #0x08
	b _080CA4CE
_080CA4C8:
	movs r0, #0x00
	mov r3, r8
	str r0, [r3, #0x00]
_080CA4CE:
	ldr r1, [sp, #0x034]
	str r0, [r1, #0x00]
	movs r0, #0x01
	b _080CA4D8
_080CA4D6:
	movs r0, #0x00
_080CA4D8:
	add sp, #0x014
	pop {r3, r4, r5}
	mov r8, r3
	mov r9, r4
	mov r10, r5
	pop {r4, r5, r6, r7}
	pop {r1}
	bx r1
	thumb_func_start func_080CA4E8
func_080CA4E8: @ 080CA4E8
	push {r4, r5, r6, r7, lr}
	mov r7, r8
	push {r7}
	ldr r4, [sp, #0x018]
	ldr r5, [sp, #0x01C]
	ldr r6, [sp, #0x020]
	ldr r7, [sp, #0x024]
	lsls r1, r1, #0x10
	lsrs r1, r1, #0x10
	mov r12, r1
	lsls r2, r2, #0x10
	lsrs r2, r2, #0x10
	mov r8, r2
	lsls r3, r3, #0x10
	lsrs r3, r3, #0x10
	lsls r4, r4, #0x10
	lsrs r4, r4, #0x10
	movs r1, #0x00
	str r1, [r7, #0x00]
	str r1, [r6, #0x00]
	lsls r0, r0, #0x10
	asrs r2, r0, #0x10
	lsls r5, r5, #0x10
	asrs r5, r5, #0x10
	adds r0, r2, r5
	cmp r0, #0x00
	blt _080CA52A
	lsls r0, r4, #0x10
	asrs r0, r0, #0x10
	subs r0, r2, r0
	cmp r0, #0xF0
	ble _080CA530
	subs r0, #0xF0
_080CA52A:
	lsls r0, r0, #0x08
	str r0, [r6, #0x00]
	movs r1, #0x01
_080CA530:
	mov r2, r12
	lsls r0, r2, #0x10
	asrs r4, r0, #0x10
	lsls r0, r3, #0x10
	asrs r0, r0, #0x10
	adds r0, r4, r0
	cmp r0, #0x00
	blt _080CA54E
	mov r2, r8
	lsls r0, r2, #0x10
	asrs r0, r0, #0x10
	subs r0, r4, r0
	cmp r0, #0xA0
	ble _080CA554
	subs r0, #0xA0
_080CA54E:
	lsls r0, r0, #0x08
	str r0, [r7, #0x00]
	movs r1, #0x01
_080CA554:
	adds r0, r1, #0x0
	pop {r3}
	mov r8, r3
	pop {r4, r5, r6, r7}
	pop {r1}
	bx r1
	thumb_func_start func_080CA560
func_080CA560: @ 080CA560
	push {r4, r5, r6, r7, lr}
	mov r7, r10
	mov r6, r9
	mov r5, r8
	push {r5, r6, r7}
	add sp, #-0x010
	adds r4, r0, #0x0
	adds r5, r1, #0x0
	adds r6, r2, #0x0
	ldr r0, _080CA620 @ =0x02034DD8
	mov r8, r0
	ldr r1, _080CA624 @ =0x02034DDC
	mov r9, r1
	str r1, [sp, #0x000]
	adds r0, r4, #0x0
	adds r1, r5, #0x0
	mov r3, r8
	bl func_080CA3FC
	lsls r0, r0, #0x18
	cmp r0, #0x00
	beq _080CA59C
	mov r2, r8
	ldr r0, [r2, #0x00]
	adds r0, r5, r0
	str r0, [r4, #0x00]
	mov r3, r9
	ldr r0, [r3, #0x00]
	adds r0, r6, r0
	str r0, [r4, #0x04]
_080CA59C:
	asrs r0, r5, #0x08
	ldr r1, _080CA628 @ =0x0203C40C
	mov r10, r1
	ldrh r1, [r1, #0x00]
	subs r0, r0, r1
	asrs r1, r6, #0x08
	ldr r3, _080CA62C @ =0x0203C3F8
	ldrh r2, [r3, #0x00]
	subs r1, r1, r2
	lsls r0, r0, #0x10
	asrs r0, r0, #0x10
	lsls r1, r1, #0x10
	asrs r1, r1, #0x10
	movs r7, #0x12
	str r7, [sp, #0x000]
	str r7, [sp, #0x004]
	mov r2, r8
	str r2, [sp, #0x008]
	mov r3, r9
	str r3, [sp, #0x00C]
	movs r2, #0x30
	movs r3, #0x00
	bl func_080CA4E8
	lsls r0, r0, #0x18
	cmp r0, #0x00
	bne _080CA630
	ldr r0, [r4, #0x00]
	asrs r0, r0, #0x08
	mov r2, r10
	ldrh r1, [r2, #0x00]
	subs r0, r0, r1
	ldr r1, [r4, #0x04]
	asrs r1, r1, #0x08
	ldr r3, _080CA62C @ =0x0203C3F8
	ldrh r2, [r3, #0x00]
	subs r1, r1, r2
	lsls r0, r0, #0x10
	asrs r0, r0, #0x10
	lsls r1, r1, #0x10
	asrs r1, r1, #0x10
	str r7, [sp, #0x000]
	str r7, [sp, #0x004]
	mov r2, r8
	str r2, [sp, #0x008]
	mov r3, r9
	str r3, [sp, #0x00C]
	movs r2, #0x30
	movs r3, #0x00
	bl func_080CA4E8
	lsls r0, r0, #0x18
	cmp r0, #0x00
	beq _080CA634
	ldr r0, [r4, #0x00]
	mov r2, r8
	ldr r1, [r2, #0x00]
	subs r0, r0, r1
	str r0, [r4, #0x00]
	ldr r0, [r4, #0x04]
	mov r3, r9
	ldr r1, [r3, #0x00]
	subs r0, r0, r1
	str r0, [r4, #0x04]
	b _080CA634
	.byte 0x00, 0x00
_080CA620: .4byte 0x02034DD8
_080CA624: .4byte 0x02034DDC
_080CA628: .4byte 0x0203C40C
_080CA62C: .4byte 0x0203C3F8
_080CA630:
	str r5, [r4, #0x00]
	str r6, [r4, #0x04]
_080CA634:
	movs r0, #0x01
	add sp, #0x010
	pop {r3, r4, r5}
	mov r8, r3
	mov r9, r4
	mov r10, r5
	pop {r4, r5, r6, r7}
	pop {r1}
	bx r1
	.byte 0x00, 0x00
	thumb_func_start func_080CA648
func_080CA648: @ 080CA648
	push {lr}
	adds r1, r0, #0x0
	ldr r0, [r1, #0x00]
	lsls r0, r0, #0x08
	lsrs r0, r0, #0x10
	ldr r1, [r1, #0x04]
	lsls r1, r1, #0x08
	lsrs r1, r1, #0x10
	bl func_080CA36C
	ldr r1, _080CA66C @ =0x000003FF
	ands r1, r0
	ldr r0, _080CA670 @ =0x000003BA
	cmp r1, r0
	bhi _080CA674
	movs r0, #0x00
	b _080CA676
	.byte 0x00, 0x00
_080CA66C: .4byte 0x000003FF
_080CA670: .4byte 0x000003BA
_080CA674:
	movs r0, #0x01
_080CA676:
	pop {r1}
	bx r1
	.byte 0x00, 0x00
	thumb_func_start func_080CA67C
func_080CA67C: @ 080CA67C
	push {r4, lr}
	adds r4, r0, #0x0
	bl func_080CA648
	lsls r0, r0, #0x18
	cmp r0, #0x00
	beq _080CA6A0
	ldr r1, [r4, #0x04]
	ldr r0, _080CA698 @ =0x0001FFFF
	cmp r1, r0
	bgt _080CA69C
	movs r0, #0x01
	b _080CA6A2
	.byte 0x00, 0x00
_080CA698: .4byte 0x0001FFFF
_080CA69C:
	movs r0, #0x02
	b _080CA6A2
_080CA6A0:
	movs r0, #0x00
_080CA6A2:
	pop {r4}
	pop {r1}
	bx r1
	thumb_func_start func_080CA6A8
func_080CA6A8: @ 080CA6A8
	push {r4, r5, lr}
	ldr r3, _080CA70C @ =0x0203C3FC
	ldr r2, [r3, #0x00]
	adds r2, r2, r0
	str r2, [r3, #0x00]
	ldr r3, _080CA710 @ =0x0203C408
	ldr r0, [r3, #0x00]
	adds r0, r0, r1
	str r0, [r3, #0x00]
	ldr r1, _080CA714 @ =0x02034DE4
	ldr r1, [r1, #0x00]
	cmp r1, r0
	bge _080CA6C4
	str r1, [r3, #0x00]
_080CA6C4:
	ldr r5, _080CA718 @ =0x0203C40C
	asrs r0, r2, #0x08
	subs r0, #0x78
	strh r0, [r5, #0x00]
	ldr r4, _080CA71C @ =0x0203C3F8
	ldr r0, [r3, #0x00]
	asrs r0, r0, #0x08
	subs r0, #0x50
	strh r0, [r4, #0x00]
	ldr r0, _080CA720 @ =0x02039BA0
	ldr r1, [r0, #0x00]
	ldrh r0, [r5, #0x00]
	lsls r0, r0, #0x08
	str r0, [r1, #0x00]
	ldrh r0, [r4, #0x00]
	lsls r0, r0, #0x08
	str r0, [r1, #0x04]
	ldrh r1, [r5, #0x00]
	ldrh r2, [r4, #0x00]
	movs r0, #0x03
	bl func_08005244
	ldrh r1, [r5, #0x00]
	ldrh r2, [r4, #0x00]
	movs r0, #0x01
	bl func_08005244
	ldrh r1, [r5, #0x00]
	ldrh r2, [r4, #0x00]
	movs r0, #0x02
	bl func_08005244
	pop {r4, r5}
	pop {r0}
	bx r0
	.byte 0x00, 0x00
_080CA70C: .4byte 0x0203C3FC
_080CA710: .4byte 0x0203C408
_080CA714: .4byte 0x02034DE4
_080CA718: .4byte 0x0203C40C
_080CA71C: .4byte 0x0203C3F8
_080CA720: .4byte 0x02039BA0
	thumb_func_start func_080CA724
func_080CA724: @ 080CA724
	push {r4, r5, lr}
	adds r4, r0, #0x0
	bl func_08001384
	movs r1, #0x20
	ands r1, r0
	cmp r1, #0x00
	beq _080CA744
	bl func_08001384
	movs r1, #0x80
	ands r1, r0
	cmp r1, #0x00
	beq _080CA744
	movs r0, #0xAD
	b _080CA8CC
_080CA744:
	bl func_08001384
	movs r1, #0x40
	ands r1, r0
	cmp r1, #0x00
	beq _080CA760
	bl func_08001384
	movs r1, #0x20
	ands r1, r0
	cmp r1, #0x00
	beq _080CA760
	movs r0, #0xD3
	b _080CA8CC
_080CA760:
	bl func_08001384
	movs r1, #0x40
	ands r1, r0
	cmp r1, #0x00
	beq _080CA77C
	bl func_08001384
	movs r1, #0x10
	ands r1, r0
	cmp r1, #0x00
	beq _080CA77C
	movs r0, #0x2D
	b _080CA8CC
_080CA77C:
	bl func_08001384
	movs r1, #0x10
	ands r1, r0
	cmp r1, #0x00
	beq _080CA798
	bl func_08001384
	movs r1, #0x80
	ands r1, r0
	cmp r1, #0x00
	beq _080CA798
	movs r0, #0x53
	b _080CA8CC
_080CA798:
	bl func_08001384
	movs r1, #0x80
	ands r1, r0
	cmp r1, #0x00
	beq _080CA7B6
	movs r0, #0x20
	bl func_08001534
	lsls r0, r0, #0x18
	lsrs r0, r0, #0x18
	cmp r0, #0x04
	bhi _080CA7B6
	movs r0, #0xAD
	b _080CA8CC
_080CA7B6:
	bl func_08001384
	movs r1, #0x80
	ands r1, r0
	cmp r1, #0x00
	beq _080CA7D4
	movs r0, #0x10
	bl func_08001534
	lsls r0, r0, #0x18
	lsrs r0, r0, #0x18
	cmp r0, #0x04
	bhi _080CA7D4
	movs r0, #0x53
	b _080CA8CC
_080CA7D4:
	bl func_08001384
	movs r1, #0x40
	ands r1, r0
	cmp r1, #0x00
	beq _080CA7F2
	movs r0, #0x20
	bl func_08001534
	lsls r0, r0, #0x18
	lsrs r0, r0, #0x18
	cmp r0, #0x04
	bhi _080CA7F2
	movs r0, #0xD3
	b _080CA8CC
_080CA7F2:
	bl func_08001384
	movs r1, #0x40
	ands r1, r0
	cmp r1, #0x00
	beq _080CA810
	movs r0, #0x10
	bl func_08001534
	lsls r0, r0, #0x18
	lsrs r0, r0, #0x18
	cmp r0, #0x04
	bhi _080CA810
	movs r0, #0x2D
	b _080CA8CC
_080CA810:
	bl func_08001384
	movs r1, #0x20
	ands r1, r0
	cmp r1, #0x00
	beq _080CA82E
	movs r0, #0x40
	bl func_08001534
	lsls r0, r0, #0x18
	lsrs r0, r0, #0x18
	cmp r0, #0x04
	bhi _080CA82E
	movs r0, #0xD3
	b _080CA8CC
_080CA82E:
	bl func_08001384
	movs r1, #0x20
	ands r1, r0
	cmp r1, #0x00
	beq _080CA84C
	movs r0, #0x80
	bl func_08001534
	lsls r0, r0, #0x18
	lsrs r0, r0, #0x18
	cmp r0, #0x04
	bhi _080CA84C
	movs r0, #0xAD
	b _080CA8CC
_080CA84C:
	bl func_08001384
	movs r1, #0x10
	ands r1, r0
	cmp r1, #0x00
	beq _080CA86A
	movs r0, #0x40
	bl func_08001534
	lsls r0, r0, #0x18
	lsrs r0, r0, #0x18
	cmp r0, #0x04
	bhi _080CA86A
	movs r0, #0x2D
	b _080CA8CC
_080CA86A:
	bl func_08001384
	movs r1, #0x10
	ands r1, r0
	cmp r1, #0x00
	beq _080CA888
	movs r0, #0x80
	bl func_08001534
	lsls r0, r0, #0x18
	lsrs r0, r0, #0x18
	cmp r0, #0x04
	bhi _080CA888
	movs r0, #0x53
	b _080CA8CC
_080CA888:
	bl func_08001384
	movs r2, #0x80
	adds r1, r2, #0x0
	ands r1, r0
	lsls r1, r1, #0x10
	lsrs r5, r1, #0x10
	cmp r5, #0x00
	beq _080CA89E
	strb r2, [r4, #0x14]
	b _080CA8CE
_080CA89E:
	bl func_08001384
	movs r1, #0x40
	ands r1, r0
	cmp r1, #0x00
	beq _080CA8AE
	strb r5, [r4, #0x14]
	b _080CA8CE
_080CA8AE:
	bl func_08001384
	movs r1, #0x20
	ands r1, r0
	cmp r1, #0x00
	beq _080CA8BE
	movs r0, #0xC0
	b _080CA8CC
_080CA8BE:
	bl func_08001384
	movs r1, #0x10
	ands r1, r0
	cmp r1, #0x00
	beq _080CA8CE
	movs r0, #0x40
_080CA8CC:
	strb r0, [r4, #0x14]
_080CA8CE:
	pop {r4, r5}
	pop {r0}
	bx r0
	thumb_func_start func_080CA8D4
func_080CA8D4: @ 080CA8D4
	push {r4, r5, r6, lr}
	adds r6, r0, #0x0
	adds r4, r1, #0x0
	adds r0, #0x64
	ldrb r0, [r0, #0x00]
	cmp r0, #0x00
	beq _080CA958
	adds r5, r6, #0x0
	adds r5, #0x38
	adds r0, r5, #0x0
	movs r1, #0x05
	bl func_08012660
	lsls r0, r0, #0x18
	cmp r0, #0x00
	bne _080CA958
	adds r0, r5, #0x0
	movs r1, #0x03
	bl func_08012660
	lsls r0, r0, #0x18
	cmp r0, #0x00
	bne _080CA958
	adds r0, r5, #0x0
	movs r1, #0x05
	bl func_08012660
	lsls r0, r0, #0x18
	cmp r0, #0x00
	bne _080CA958
	adds r0, r5, #0x0
	movs r1, #0x0B
	bl func_08012660
	lsls r0, r0, #0x18
	cmp r0, #0x00
	bne _080CA958
	bl func_080CFF30
	lsls r0, r0, #0x18
	cmp r0, #0x00
	beq _080CA944
	ldr r0, [r4, #0x00]
	ldr r1, [r6, #0x70]
	adds r0, r0, r1
	str r0, [r4, #0x00]
	ldr r0, [r4, #0x04]
	ldr r1, [r6, #0x74]
	adds r0, r0, r1
	str r0, [r4, #0x04]
	adds r1, r4, #0x4
	adds r0, r4, #0x0
	movs r2, #0x01
	bl func_080CFF58
	b _080CA954
_080CA944:
	ldr r0, [r4, #0x00]
	ldr r1, [r6, #0x70]
	adds r0, r0, r1
	str r0, [r4, #0x00]
	ldr r0, [r4, #0x04]
	ldr r1, [r6, #0x74]
	adds r0, r0, r1
	str r0, [r4, #0x04]
_080CA954:
	movs r0, #0x01
	b _080CA95A
_080CA958:
	movs r0, #0x00
_080CA95A:
	pop {r4, r5, r6}
	pop {r1}
	bx r1
_080CA960:
	.byte 0x10, 0xB5, 0x04, 0x68, 0x41, 0x68, 0x0A, 0x48, 0x00, 0x68, 0x02, 0x68, 0x43, 0x68, 0x20, 0x1C
	.byte 0x52, 0xF7, 0xFC, 0xF8, 0x00, 0x06, 0x00, 0x0E, 0x10, 0x30, 0xFF, 0x21, 0x08, 0x40, 0x40, 0x11
	.byte 0x07, 0x28, 0x27, 0xD8, 0x80, 0x00, 0x03, 0x49, 0x40, 0x18, 0x00, 0x68, 0x87, 0x46, 0x00, 0x00
	.byte 0xEC, 0xC3, 0x03, 0x02, 0x98, 0xA9, 0x0C, 0x08, 0xD4, 0xA9, 0x0C, 0x08, 0xB8, 0xA9, 0x0C, 0x08
	.byte 0xBC, 0xA9, 0x0C, 0x08, 0xC0, 0xA9, 0x0C, 0x08, 0xC4, 0xA9, 0x0C, 0x08, 0xC8, 0xA9, 0x0C, 0x08
	.byte 0xCC, 0xA9, 0x0C, 0x08, 0xD0, 0xA9, 0x0C, 0x08, 0x2D, 0x20, 0x0C, 0xE0, 0x40, 0x20, 0x0A, 0xE0
	.byte 0x53, 0x20, 0x08, 0xE0, 0x80, 0x20, 0x06, 0xE0, 0xAD, 0x20, 0x04, 0xE0, 0xC0, 0x20, 0x02, 0xE0
	.byte 0xD3, 0x20, 0x00, 0xE0, 0x00, 0x20, 0x10, 0xBC, 0x02, 0xBC, 0x08, 0x47
	thumb_func_start func_080CA9DC
func_080CA9DC: @ 080CA9DC
	push {r4, r5, lr}
	adds r4, r0, #0x0
	ldrb r5, [r4, #0x14]
	bl func_080CA724
	ldrb r0, [r4, #0x14]
	cmp r5, r0
	beq _080CAA0C
	ldrb r1, [r4, #0x14]
	adds r0, r5, #0x0
	bl func_08005824
	lsls r0, r0, #0x18
	asrs r0, r0, #0x18
	cmp r0, #0x00
	bge _080CA9FE
	negs r0, r0
_080CA9FE:
	cmp r0, #0x64
	ble _080CAA06
	movs r0, #0x00
	b _080CAA0A
_080CAA06:
	ldr r0, [r4, #0x10]
	asrs r0, r0, #0x01
_080CAA0A:
	str r0, [r4, #0x10]
_080CAA0C:
	pop {r4, r5}
	pop {r0}
	bx r0
	.byte 0x00, 0x00
	thumb_func_start func_080CAA14
func_080CAA14: @ 080CAA14
	push {r4, lr}
	adds r2, r0, #0x0
	ldr r3, _080CAA3C @ =0x0203C420
	adds r0, #0x66
	ldrh r0, [r0, #0x00]
	movs r4, #0x01
	adds r1, r4, #0x0
	ands r1, r0
	cmp r1, #0x00
	beq _080CAA40
	ldr r0, [r3, #0x0C]
	ldr r1, [r2, #0x78]
	cmp r0, r1
	bge _080CAA32
	adds r1, r0, #0x0
_080CAA32:
	adds r0, r2, #0x0
	adds r0, #0xAC
	strb r4, [r0, #0x00]
	b _080CAA48
	.byte 0x00, 0x00
_080CAA3C: .4byte 0x0203C420
_080CAA40:
	adds r0, r2, #0x0
	adds r0, #0xAC
	strb r1, [r0, #0x00]
	ldr r1, [r3, #0x0C]
_080CAA48:
	adds r0, r1, #0x0
	pop {r4}
	pop {r1}
	bx r1
	thumb_func_start func_080CAA50
func_080CAA50: @ 080CAA50
	push {r4, r5, r6, r7, lr}
	add sp, #-0x004
	adds r5, r0, #0x0
	adds r6, r1, #0x0
	lsls r2, r2, #0x10
	lsrs r7, r2, #0x10
	ldr r0, _080CAA78 @ =0x0203C420
	ldrb r0, [r0, #0x14]
	cmp r0, #0x53
	beq _080CAAB0
	cmp r0, #0x53
	bgt _080CAA7C
	cmp r0, #0x2D
	beq _080CAA94
	cmp r0, #0x2D
	ble _080CAACE
	cmp r0, #0x40
	beq _080CAAA2
	b _080CAACE
	.byte 0x00, 0x00
_080CAA78: .4byte 0x0203C420
_080CAA7C:
	cmp r0, #0xAD
	beq _080CAAC2
	cmp r0, #0xAD
	bgt _080CAA8A
	cmp r0, #0x80
	beq _080CAABE
	b _080CAACE
_080CAA8A:
	cmp r0, #0xC0
	beq _080CAAC6
	cmp r0, #0xD3
	beq _080CAACA
	b _080CAACE
_080CAA94:
	movs r3, #0x04
	adds r2, r5, #0x0
	adds r2, #0xA0
	ldrh r1, [r2, #0x00]
	movs r0, #0x02
	orrs r0, r1
	b _080CAADA
_080CAAA2:
	movs r3, #0x03
	adds r2, r5, #0x0
	adds r2, #0xA0
	ldrh r1, [r2, #0x00]
	movs r0, #0x02
	orrs r0, r1
	b _080CAADA
_080CAAB0:
	movs r3, #0x02
	adds r2, r5, #0x0
	adds r2, #0xA0
	ldrh r1, [r2, #0x00]
	movs r0, #0x02
	orrs r0, r1
	b _080CAADA
_080CAABE:
	movs r3, #0x01
	b _080CAAD0
_080CAAC2:
	movs r3, #0x02
	b _080CAAD0
_080CAAC6:
	movs r3, #0x03
	b _080CAAD0
_080CAACA:
	movs r3, #0x04
	b _080CAAD0
_080CAACE:
	movs r3, #0x00
_080CAAD0:
	adds r2, r5, #0x0
	adds r2, #0xA0
	ldrh r1, [r2, #0x00]
	ldr r0, _080CAB1C @ =0x0000FFFD
	ands r0, r1
_080CAADA:
	strh r0, [r2, #0x00]
	adds r1, r5, #0x0
	adds r1, #0xA4
	ldr r0, [r1, #0x00]
	cmp r0, r6
	bne _080CAAEA
	movs r0, #0x04
	orrs r7, r0
_080CAAEA:
	str r6, [r1, #0x00]
	lsls r4, r6, #0x02
	adds r4, r4, r6
	lsls r4, r4, #0x04
	lsls r0, r3, #0x04
	ldr r1, _080CAB20 @ =0x096FCF54
	adds r0, r0, r1
	adds r4, r4, r0
	adds r0, r5, #0x0
	adds r0, #0x08
	ldrb r1, [r4, #0x0C]
	ldr r3, [r4, #0x04]
	ldr r2, [r4, #0x00]
	str r2, [sp, #0x000]
	adds r2, r7, #0x0
	bl func_08005974
	ldr r0, [r5, #0x00]
	ldr r1, [r4, #0x08]
	bl func_08002A10
	add sp, #0x004
	pop {r4, r5, r6, r7}
	pop {r0}
	bx r0
_080CAB1C: .4byte 0x0000FFFD
_080CAB20: .4byte 0x096FCF54
	thumb_func_start func_080CAB24
func_080CAB24: @ 080CAB24
	push {r4, r5, lr}
	adds r4, r0, #0x0
	ldrb r0, [r4, #0x14]
	cmp r0, #0x53
	beq _080CABB4
	cmp r0, #0x53
	bgt _080CAB40
	cmp r0, #0x2D
	beq _080CAB50
	cmp r0, #0x2D
	ble _080CABB4
	cmp r0, #0x40
	beq _080CAB7C
	b _080CABB4
_080CAB40:
	cmp r0, #0xAD
	beq _080CABB4
	cmp r0, #0xAD
	ble _080CABB4
	cmp r0, #0xC0
	beq _080CAB7C
	cmp r0, #0xD3
	bne _080CABB4
_080CAB50:
	ldr r3, _080CAB78 @ =0x08121400
	ldrb r1, [r4, #0x14]
	lsls r0, r1, #0x01
	adds r0, r0, r3
	movs r5, #0x00
	ldsh r2, [r0, r5]
	lsls r0, r2, #0x01
	adds r0, r0, r2
	lsls r0, r0, #0x02
	ldr r2, [r4, #0x00]
	adds r5, r2, r0
	adds r1, #0x40
	lsls r1, r1, #0x01
	adds r1, r1, r3
	movs r2, #0x00
	ldsh r0, [r1, r2]
	negs r0, r0
	lsls r1, r0, #0x01
	b _080CABD8
	.byte 0x00, 0x00
_080CAB78: .4byte 0x08121400
_080CAB7C:
	ldr r3, _080CABB0 @ =0x08121400
	ldrb r1, [r4, #0x14]
	lsls r0, r1, #0x01
	adds r0, r0, r3
	movs r5, #0x00
	ldsh r2, [r0, r5]
	lsls r0, r2, #0x03
	subs r0, r0, r2
	lsls r0, r0, #0x02
	subs r0, r0, r2
	ldr r2, [r4, #0x00]
	adds r5, r2, r0
	adds r1, #0x40
	lsls r1, r1, #0x01
	adds r1, r1, r3
	movs r0, #0x00
	ldsh r1, [r1, r0]
	negs r1, r1
	lsls r0, r1, #0x03
	subs r0, r0, r1
	lsls r0, r0, #0x02
	subs r0, r0, r1
	ldr r1, [r4, #0x04]
	adds r1, r1, r0
	b _080CABE0
	.byte 0x00, 0x00
_080CABB0: .4byte 0x08121400
_080CABB4:
	ldr r3, _080CABF4 @ =0x08121400
	ldrb r1, [r4, #0x14]
	lsls r0, r1, #0x01
	adds r0, r0, r3
	movs r5, #0x00
	ldsh r2, [r0, r5]
	lsls r0, r2, #0x02
	adds r0, r0, r2
	lsls r0, r0, #0x02
	ldr r2, [r4, #0x00]
	adds r5, r2, r0
	adds r1, #0x40
	lsls r1, r1, #0x01
	adds r1, r1, r3
	movs r2, #0x00
	ldsh r0, [r1, r2]
	negs r0, r0
	lsls r1, r0, #0x02
_080CABD8:
	adds r1, r1, r0
	lsls r1, r1, #0x02
	ldr r0, [r4, #0x04]
	adds r1, r0, r1
_080CABE0:
	ldr r2, [r4, #0x08]
	ldr r0, _080CABF8 @ =0xFFFFF800
	adds r2, r2, r0
	adds r0, r5, #0x0
	bl func_080C7684
	pop {r4, r5}
	pop {r0}
	bx r0
	.byte 0x00, 0x00
_080CABF4: .4byte 0x08121400
_080CABF8: .4byte 0xFFFFF800
	thumb_func_start task_poo_sora_0
task_poo_sora_0: @ 080CABFC
	push {r4, r5, r6, lr}
	mov r6, r9
	mov r5, r8
	push {r5, r6}
	adds r6, r0, #0x0
	ldr r5, _080CACE8 @ =0x0203C420
	ldr r0, _080CACEC @ =0x0203C414
	movs r1, #0x38
	adds r1, r1, r6
	mov r8, r1
	str r1, [r0, #0x00]
	ldr r0, _080CACF0 @ =0x0203C410
	movs r1, #0xB0
	adds r1, r1, r6
	mov r9, r1
	str r1, [r0, #0x00]
	ldr r0, _080CACF4 @ =0x02034DE8
	str r6, [r0, #0x00]
	movs r0, #0xA0
	lsls r0, r0, #0x04
	movs r1, #0x00
	bl func_080028F8
	str r0, [r6, #0x00]
	ldr r0, _080CACF8 @ =0x08F683A4
	movs r1, #0x20
	bl func_08002A14
	str r0, [r6, #0x04]
	movs r1, #0x00
	movs r4, #0x00
	movs r0, #0x10
	strh r0, [r5, #0x1A]
	adds r0, r6, #0x0
	adds r0, #0xAC
	strb r1, [r0, #0x00]
	subs r0, #0x14
	strh r4, [r0, #0x00]
	adds r0, #0x08
	strh r4, [r0, #0x00]
	adds r1, r6, #0x0
	adds r1, #0xA4
	movs r0, #0x0C
	str r0, [r1, #0x00]
	strh r4, [r5, #0x32]
	strh r4, [r5, #0x30]
	adds r0, r5, #0x0
	bl func_080D2D24
	movs r0, #0xAD
	strb r0, [r5, #0x14]
	str r4, [r5, #0x0C]
	str r4, [r5, #0x10]
	ldr r0, [r5, #0x00]
	ldr r1, [r5, #0x04]
	ldr r2, [r5, #0x08]
	adds r1, r1, r2
	bl func_080C9FA8
	adds r4, r6, #0x0
	adds r4, #0x08
	adds r0, r4, #0x0
	movs r1, #0x00
	movs r2, #0x00
	bl func_08005968
	adds r0, r6, #0x0
	movs r1, #0x00
	movs r2, #0x01
	bl func_080CAA50
	adds r0, r4, #0x0
	bl func_08005AFC
	str r0, [r6, #0x20]
	adds r1, r6, #0x0
	adds r1, #0xA8
	ldr r0, _080CACFC @ =0x096FD2C4
	str r0, [r1, #0x00]
	adds r6, #0x24
	adds r0, r6, #0x0
	movs r1, #0x02
	bl func_08000E64
	ldr r4, _080CAD00 @ =0x02039BA0
	movs r0, #0xE8
	bl func_08000918
	str r0, [r4, #0x00]
	ldr r1, _080CAD04 @ =0x09EDAF90
	adds r0, r6, #0x0
	adds r2, r5, #0x0
	bl func_08000E14
	mov r0, r9
	movs r1, #0x01
	adds r2, r5, #0x0
	bl func_080CCB90
	mov r0, r8
	movs r1, #0x01
	movs r2, #0x12
	movs r3, #0x30
	bl func_080122AC
	ldr r1, [r5, #0x00]
	ldr r2, [r5, #0x04]
	ldr r3, [r5, #0x08]
	mov r0, r8
	bl func_08012324
	pop {r3, r4}
	mov r8, r3
	mov r9, r4
	pop {r4, r5, r6}
	pop {r0}
	bx r0
	.byte 0x00, 0x00
_080CACE8: .4byte 0x0203C420
_080CACEC: .4byte 0x0203C414
_080CACF0: .4byte 0x0203C410
_080CACF4: .4byte 0x02034DE8
_080CACF8: .4byte 0x08F683A4
_080CACFC: .4byte 0x096FD2C4
_080CAD00: .4byte 0x02039BA0
_080CAD04: .4byte 0x09EDAF90
	.byte 0xF0, 0xB5, 0x57, 0x46, 0x4E, 0x46, 0x45, 0x46, 0xE0, 0xB4, 0x84, 0xB0, 0x06, 0x1C, 0x88, 0x46
	.byte 0x0B, 0x4D, 0xFF, 0xF7, 0x7B, 0xFE, 0x07, 0x1C, 0x28, 0x68, 0x81, 0x46, 0x69, 0x68, 0x8A, 0x46
	.byte 0x28, 0x1C, 0xFF, 0xF7, 0x57, 0xFE, 0x30, 0x1C, 0x94, 0x30, 0x00, 0x68, 0x02, 0x38, 0x05, 0x28
	.byte 0x00, 0xD9, 0xE1, 0xE1, 0x80, 0x00, 0x03, 0x49, 0x40, 0x18, 0x00, 0x68, 0x87, 0x46, 0x00, 0x00
	.byte 0x20, 0xC4, 0x03, 0x02, 0x50, 0xAD, 0x0C, 0x08, 0x40, 0xAE, 0x0C, 0x08, 0xE4, 0xAE, 0x0C, 0x08
	.byte 0xC0, 0xAF, 0x0C, 0x08, 0x98, 0xB0, 0x0C, 0x08, 0x00, 0xB1, 0x0C, 0x08, 0x68, 0xAD, 0x0C, 0x08
	.byte 0x30, 0x1C, 0x98, 0x30, 0x00, 0x22, 0x81, 0x5E, 0x80, 0x46, 0x00, 0x29, 0x04, 0xD1, 0x30, 0x1C
	.byte 0x0A, 0x21, 0x00, 0x22, 0xFF, 0xF7, 0x68, 0xFE, 0x19, 0x4B, 0x28, 0x7D, 0x40, 0x00, 0xC0, 0x18
	.byte 0x00, 0x21, 0x40, 0x5E, 0x2A, 0x69, 0x01, 0x1C, 0x51, 0x43, 0x09, 0x12, 0x28, 0x68, 0x40, 0x18
	.byte 0x28, 0x60, 0x28, 0x7D, 0x40, 0x30, 0x40, 0x00, 0xC0, 0x18, 0x00, 0x23, 0xC0, 0x5E, 0x40, 0x42
	.byte 0x01, 0x1C, 0x51, 0x43, 0x09, 0x12, 0x68, 0x68, 0x40, 0x18, 0x68, 0x60, 0x34, 0x1C, 0x08, 0x34
	.byte 0x20, 0x1C, 0x3A, 0xF7, 0xBB, 0xFE, 0x00, 0x04, 0x00, 0x0C, 0x23, 0x1C, 0x03, 0x28, 0x11, 0xD9
	.byte 0x32, 0x1C, 0x9C, 0x32, 0xA9, 0x68, 0x10, 0x68, 0x09, 0x18, 0xA9, 0x60, 0x42, 0x30, 0x10, 0x60
	.byte 0x14, 0x1C, 0xB9, 0x42, 0x0B, 0xDD, 0xAF, 0x60, 0x00, 0x20, 0x20, 0x60, 0x07, 0xE0, 0x00, 0x00
	.byte 0x00, 0x14, 0x12, 0x08, 0x31, 0x1C, 0x9C, 0x31, 0x00, 0x20, 0x08, 0x60, 0x0C, 0x1C, 0x28, 0x69
	.byte 0x26, 0x38, 0x28, 0x61, 0x00, 0x28, 0x01, 0xDA, 0x00, 0x20, 0x28, 0x61, 0x18, 0x1C, 0x3A, 0xF7
	.byte 0x95, 0xFE, 0x00, 0x04, 0x00, 0x0C, 0x04, 0x28, 0x04, 0xDC, 0x03, 0x28, 0x02, 0xDB, 0x28, 0x1C
	.byte 0xFF, 0xF7, 0x84, 0xFE, 0x30, 0x1C, 0x08, 0x30, 0x3A, 0xF7, 0x7C, 0xFE, 0x00, 0x06, 0x00, 0x28
	.byte 0x08, 0xD0, 0x20, 0x68, 0x00, 0x28, 0x00, 0xDB, 0xB9, 0xE0, 0x31, 0x1C, 0x94, 0x31, 0x03, 0x20
	.byte 0x08, 0x60, 0x61, 0xE1, 0x41, 0x46, 0xBB, 0xE0, 0x34, 0x1C, 0x98, 0x34, 0x00, 0x22, 0xA0, 0x5E
	.byte 0xA0, 0x46, 0x00, 0x28, 0x07, 0xD1, 0x30, 0x1C, 0x03, 0x21, 0x00, 0x22, 0xFF, 0xF7, 0xFC, 0xFD
	.byte 0x28, 0x69, 0x40, 0x10, 0x28, 0x61, 0x15, 0x4B, 0x28, 0x7D, 0x40, 0x00, 0xC0, 0x18, 0x00, 0x21
	.byte 0x40, 0x5E, 0x2A, 0x69, 0x01, 0x1C, 0x51, 0x43, 0x09, 0x12, 0x28, 0x68, 0x40, 0x18, 0x28, 0x60
	.byte 0x28, 0x7D, 0x40, 0x30, 0x40, 0x00, 0xC0, 0x18, 0x00, 0x23, 0xC0, 0x5E, 0x40, 0x42, 0x01, 0x1C
	.byte 0x51, 0x43, 0x09, 0x12, 0x68, 0x68, 0x40, 0x18, 0x68, 0x60, 0x21, 0x88, 0x00, 0x22, 0xA0, 0x5E
	.byte 0x03, 0x28, 0x21, 0xDD, 0x3B, 0xF7, 0x82, 0xFB, 0x00, 0x04, 0x00, 0x0C, 0x01, 0x21, 0x08, 0x40
	.byte 0x00, 0x28, 0x05, 0xD0, 0x71, 0x20, 0x54, 0xF0, 0xDF, 0xFF, 0x04, 0xE0, 0x00, 0x14, 0x12, 0x08
	.byte 0x72, 0x20, 0x54, 0xF0, 0xD9, 0xFF, 0x31, 0x1C, 0x94, 0x31, 0x03, 0x20, 0x08, 0x60, 0x08, 0x31
	.byte 0x04, 0x48, 0x08, 0x60, 0x28, 0x69, 0x40, 0x00, 0x28, 0x61, 0x00, 0x20, 0x43, 0x46, 0x18, 0x80
	.byte 0x12, 0xE1, 0x00, 0x00, 0xCD, 0xFA, 0xFF, 0xFF, 0x48, 0x1C, 0x0C, 0xE1, 0x36, 0xF7, 0x4E, 0xFA
	.byte 0xF0, 0x21, 0x01, 0x40, 0x00, 0x29, 0x07, 0xD0, 0x28, 0x69, 0x11, 0x30, 0x28, 0x61, 0x80, 0x21
	.byte 0x89, 0x00, 0x88, 0x42, 0x06, 0xDD, 0x04, 0xE0, 0x28, 0x69, 0x26, 0x38, 0x28, 0x61, 0x00, 0x28
	.byte 0x00, 0xDA, 0x29, 0x61, 0x30, 0x1C, 0x9C, 0x30, 0x02, 0x68, 0x05, 0x49, 0x04, 0x1C, 0x8A, 0x42
	.byte 0x08, 0xDD, 0x30, 0x1C, 0x05, 0x21, 0x00, 0x22, 0xFF, 0xF7, 0x96, 0xFD, 0x07, 0xE0, 0x00, 0x00
	.byte 0x00, 0xFE, 0xFF, 0xFF, 0x30, 0x1C, 0x04, 0x21, 0x00, 0x22, 0xFF, 0xF7, 0x8D, 0xFD, 0x1E, 0x4B
	.byte 0x28, 0x7D, 0x40, 0x00, 0xC0, 0x18, 0x00, 0x21, 0x40, 0x5E, 0x2A, 0x69, 0x01, 0x1C, 0x51, 0x43
	.byte 0x09, 0x12, 0x28, 0x68, 0x40, 0x18, 0x28, 0x60, 0x28, 0x7D, 0x40, 0x30, 0x40, 0x00, 0xC0, 0x18
	.byte 0x00, 0x23, 0xC0, 0x5E, 0x40, 0x42, 0x01, 0x1C, 0x51, 0x43, 0x09, 0x12, 0x68, 0x68, 0x40, 0x18
	.byte 0x68, 0x60, 0xA8, 0x68, 0x21, 0x68, 0x40, 0x18, 0xA8, 0x60, 0x20, 0x68, 0x42, 0x30, 0x20, 0x60
	.byte 0x00, 0x28, 0x08, 0xDA, 0x36, 0xF7, 0x02, 0xFA, 0x02, 0x21, 0x01, 0x40, 0x00, 0x29, 0x02, 0xD1
	.byte 0x20, 0x68, 0x40, 0x30, 0x20, 0x60, 0x36, 0xF7, 0xFF, 0xF9, 0x01, 0x21, 0x01, 0x40, 0x00, 0x29
	.byte 0x63, 0xD1, 0x20, 0x68, 0x00, 0x28, 0x09, 0xDD, 0x30, 0x1C, 0x98, 0x30, 0x01, 0x80, 0x31, 0x1C
	.byte 0x94, 0x31, 0x04, 0x20, 0x08, 0x60, 0xA7, 0xE0, 0x00, 0x14, 0x12, 0x08, 0x31, 0x1C, 0x98, 0x31
	.byte 0x08, 0x88, 0x01, 0x30, 0x08, 0x80, 0x9F, 0xE0, 0x36, 0xF7, 0xE0, 0xF9, 0xF0, 0x21, 0x01, 0x40
	.byte 0x00, 0x29, 0x07, 0xD0, 0x28, 0x69, 0x11, 0x30, 0x28, 0x61, 0x80, 0x21, 0x89, 0x00, 0x88, 0x42
	.byte 0x06, 0xDD, 0x04, 0xE0, 0x28, 0x69, 0x26, 0x38, 0x28, 0x61, 0x00, 0x28, 0x00, 0xDA, 0x29, 0x61
	.byte 0x30, 0x1C, 0x9C, 0x30, 0x02, 0x68, 0x05, 0x49, 0x04, 0x1C, 0x8A, 0x42, 0x08, 0xDC, 0x30, 0x1C
	.byte 0x05, 0x21, 0x00, 0x22, 0xFF, 0xF7, 0x28, 0xFD, 0x07, 0xE0, 0x00, 0x00, 0xFF, 0x01, 0x00, 0x00
	.byte 0x30, 0x1C, 0x06, 0x21, 0x00, 0x22, 0xFF, 0xF7, 0x1F, 0xFD, 0x18, 0x4B, 0x28, 0x7D, 0x40, 0x00
	.byte 0xC0, 0x18, 0x00, 0x21, 0x40, 0x5E, 0x2A, 0x69, 0x01, 0x1C, 0x51, 0x43, 0x09, 0x12, 0x28, 0x68
	.byte 0x40, 0x18, 0x28, 0x60, 0x28, 0x7D, 0x40, 0x30, 0x40, 0x00, 0xC0, 0x18, 0x00, 0x23, 0xC0, 0x5E
	.byte 0x40, 0x42, 0x01, 0x1C, 0x51, 0x43, 0x09, 0x12, 0x68, 0x68, 0x40, 0x18, 0x68, 0x60, 0x22, 0x1C
	.byte 0xA8, 0x68, 0x11, 0x68, 0x40, 0x18, 0xA8, 0x60, 0x10, 0x68, 0x42, 0x30, 0x10, 0x60, 0x36, 0xF7
	.byte 0x9B, 0xF9, 0x01, 0x22, 0x02, 0x40, 0x00, 0x2A, 0x0A, 0xD0, 0x31, 0x1C, 0x98, 0x31, 0x00, 0x20
	.byte 0x08, 0x80, 0x04, 0x39, 0x07, 0x20, 0x08, 0x60, 0x46, 0xE0, 0x00, 0x00, 0x00, 0x14, 0x12, 0x08
	.byte 0xA8, 0x68, 0xB8, 0x42, 0x40, 0xDD, 0xAF, 0x60, 0x22, 0x60, 0x31, 0x1C, 0x94, 0x31, 0x08, 0x68
	.byte 0x05, 0x28, 0x39, 0xD0, 0x05, 0x20, 0x08, 0x60, 0x30, 0x1C, 0x98, 0x30, 0x02, 0x80, 0x33, 0xE0
	.byte 0x34, 0x1C, 0x98, 0x34, 0x00, 0x21, 0x60, 0x5E, 0x00, 0x28, 0x0A, 0xD1, 0x30, 0x1C, 0x07, 0x21
	.byte 0x00, 0x22, 0xFF, 0xF7, 0xD1, 0xFC, 0x30, 0x1C, 0xA8, 0x30, 0x00, 0x68, 0xC0, 0x88, 0x54, 0xF0
	.byte 0xDB, 0xFE, 0x00, 0x27, 0x2F, 0x61, 0x36, 0xF7, 0x67, 0xF9, 0x02, 0x22, 0x11, 0x1C, 0x01, 0x40
	.byte 0x09, 0x04, 0x09, 0x0C, 0x00, 0x29, 0x04, 0xD0, 0x27, 0x80, 0x30, 0x1C, 0x94, 0x30, 0x02, 0x60
	.byte 0x12, 0xE0, 0x22, 0x88, 0x00, 0x23, 0xE0, 0x5E, 0x06, 0x28, 0x0B, 0xDD, 0x30, 0x1C, 0x94, 0x30
	.byte 0x01, 0x60, 0x21, 0x80, 0x02, 0x49, 0x40, 0x46, 0x35, 0xF7, 0x4C, 0xFF, 0x04, 0xE0, 0x00, 0x00
	.byte 0x8D, 0xB6, 0x0C, 0x08, 0x50, 0x1C, 0x20, 0x80, 0x30, 0x1C, 0x29, 0x1C, 0xFF, 0xF7, 0xE6, 0xFB
	.byte 0x00, 0x06, 0x00, 0x28, 0x04, 0xD0, 0x29, 0x69, 0xE6, 0x20, 0x48, 0x43, 0x00, 0x12, 0x28, 0x61
	.byte 0x28, 0x1C, 0x49, 0x46, 0x52, 0x46, 0xFF, 0xF7, 0x1F, 0xFA, 0x28, 0x1C, 0x04, 0xF0, 0x86, 0xFE
	.byte 0x00, 0x06, 0x00, 0x28, 0x27, 0xD0, 0xA9, 0x68, 0x09, 0x48, 0x81, 0x42, 0x23, 0xDD, 0x48, 0x46
	.byte 0x00, 0x90, 0x51, 0x46, 0x01, 0x91, 0x68, 0x46, 0x04, 0xF0, 0x78, 0xFE, 0x00, 0x06, 0x00, 0x0E
	.byte 0x00, 0x28, 0x07, 0xD1, 0x4A, 0x46, 0x2A, 0x60, 0x53, 0x46, 0x6B, 0x60, 0x28, 0x61, 0x12, 0xE0
	.byte 0x00, 0xF6, 0xFF, 0xFF, 0x30, 0x1C, 0x9C, 0x30, 0x00, 0x68, 0x00, 0x28, 0x0B, 0xDB, 0x00, 0x20
	.byte 0x28, 0x61, 0xAA, 0x68, 0x52, 0x42, 0x12, 0x12, 0x01, 0x32, 0x12, 0x04, 0x12, 0x0C, 0x29, 0x1D
	.byte 0x28, 0x1C, 0x04, 0xF0, 0xED, 0xFE, 0x30, 0x1C, 0x38, 0x30, 0x29, 0x68, 0x6A, 0x68, 0xAB, 0x68
	.byte 0x47, 0xF7, 0xCC, 0xF8, 0x28, 0x68, 0x69, 0x68, 0xAA, 0x68, 0x89, 0x18, 0xFE, 0xF7, 0x08, 0xFF
	.byte 0x30, 0x1C, 0x08, 0x30, 0x3A, 0xF7, 0x62, 0xFC, 0x30, 0x62, 0x30, 0x1C, 0x24, 0x30, 0x35, 0xF7
	.byte 0x7D, 0xFE, 0x01, 0x20, 0x04, 0xB0, 0x38, 0xBC, 0x98, 0x46, 0xA1, 0x46, 0xAA, 0x46, 0xF0, 0xBC
	.byte 0x02, 0xBC, 0x08, 0x47, 0xF0, 0xB5, 0x57, 0x46, 0x4E, 0x46, 0x45, 0x46, 0xE0, 0xB4, 0x06, 0x1C
	.byte 0x8A, 0x46, 0x16, 0x4C, 0x20, 0x68, 0x80, 0x46, 0x61, 0x68, 0x89, 0x46, 0x30, 0x1C, 0x94, 0x30
	.byte 0x00, 0x68, 0x06, 0x28, 0x00, 0xD0, 0xB0, 0xE1, 0x30, 0x1C, 0x98, 0x30, 0x00, 0x21, 0x45, 0x5E
	.byte 0x07, 0x1C, 0x00, 0x2D, 0x08, 0xD1, 0x30, 0x1C, 0x09, 0x21, 0x00, 0x22, 0xFF, 0xF7, 0x2C, 0xFC
	.byte 0x25, 0x61, 0x73, 0x20, 0x54, 0xF0, 0x38, 0xFE, 0x70, 0x8A, 0x00, 0x28, 0x00, 0xD0, 0x45, 0xE1
	.byte 0x20, 0x7D, 0x53, 0x28, 0x40, 0xD0, 0x53, 0x28, 0x0E, 0xDC, 0x2D, 0x28, 0x00, 0xD1, 0x7B, 0xE0
	.byte 0x2D, 0x28, 0x05, 0xDC, 0x00, 0x28, 0x00, 0xD1, 0x0C, 0xE1, 0x37, 0xE1, 0x20, 0xC4, 0x03, 0x02
	.byte 0x40, 0x28, 0x00, 0xD1, 0xBD, 0xE0, 0x31, 0xE1, 0xAD, 0x28, 0x0B, 0xD0, 0xAD, 0x28, 0x03, 0xDC
	.byte 0x80, 0x28, 0x00, 0xD1, 0x8A, 0xE0, 0x29, 0xE1, 0xC0, 0x28, 0x00, 0xD1, 0xD2, 0xE0, 0xD3, 0x28
	.byte 0x43, 0xD0, 0x23, 0xE1, 0x30, 0x1C, 0x08, 0x30, 0x3A, 0xF7, 0x70, 0xFC, 0x00, 0x04, 0x00, 0x0C
	.byte 0x01, 0x28, 0x00, 0xD1, 0xE6, 0xE0, 0x01, 0x28, 0x02, 0xDC, 0x00, 0x28, 0x03, 0xD0, 0x15, 0xE1
	.byte 0x02, 0x28, 0x0B, 0xD0, 0x12, 0xE1, 0x20, 0x68, 0x03, 0x49, 0x40, 0x18, 0x20, 0x60, 0x60, 0x68
	.byte 0x80, 0x21, 0xC9, 0x00, 0x08, 0xE1, 0x00, 0x00, 0x00, 0xFB, 0xFF, 0xFF, 0x20, 0x68, 0x01, 0x49
	.byte 0xD2, 0xE0, 0x00, 0x00, 0x00, 0xFD, 0xFF, 0xFF, 0x30, 0x1C, 0x08, 0x30, 0x3A, 0xF7, 0x4E, 0xFC
	.byte 0x00, 0x04, 0x00, 0x0C, 0x01, 0x28, 0x10, 0xD0, 0x01, 0x28, 0x02, 0xDC, 0x00, 0x28, 0x03, 0xD0
	.byte 0xF4, 0xE0, 0x02, 0x28, 0x0D, 0xD0, 0xF1, 0xE0, 0x20, 0x68, 0xA0, 0x21, 0xC9, 0x00, 0x40, 0x18
	.byte 0x20, 0x60, 0x60, 0x68, 0x80, 0x21, 0xC9, 0x00, 0xE6, 0xE0, 0x20, 0x68, 0x80, 0x21, 0x89, 0x00
	.byte 0xB2, 0xE0, 0x20, 0x68, 0xC0, 0x21, 0x89, 0x00, 0xAE, 0xE0, 0x30, 0x1C, 0x08, 0x30, 0x3A, 0xF7
	.byte 0x2D, 0xFC, 0x00, 0x04, 0x00, 0x0C, 0x01, 0x28, 0x10, 0xD0, 0x01, 0x28, 0x00, 0xDD, 0x8E, 0xE0
	.byte 0x00, 0x28, 0x00, 0xD0, 0xD2, 0xE0, 0x20, 0x68, 0x02, 0x49, 0x40, 0x18, 0x20, 0x60, 0x60, 0x68
	.byte 0x01, 0x49, 0xC9, 0xE0, 0x00, 0xFB, 0xFF, 0xFF, 0x00, 0xFE, 0xFF, 0xFF, 0x20, 0x68, 0x01, 0x49
	.byte 0x92, 0xE0, 0x00, 0x00, 0x00, 0xFB, 0xFF, 0xFF, 0x30, 0x1C, 0x08, 0x30, 0x3A, 0xF7, 0x0E, 0xFC
	.byte 0x00, 0x04, 0x00, 0x0C, 0x01, 0x28, 0x11, 0xD0, 0x01, 0x28, 0x02, 0xDC, 0x00, 0x28, 0x03, 0xD0
	.byte 0xB4, 0xE0, 0x02, 0x28, 0x0E, 0xD0, 0xB1, 0xE0, 0x20, 0x68, 0xA0, 0x21, 0xC9, 0x00, 0x40, 0x18
	.byte 0x20, 0x60, 0x60, 0x68, 0x00, 0x49, 0xA7, 0xE0, 0x00, 0xFE, 0xFF, 0xFF, 0x20, 0x68, 0xA0, 0x21
	.byte 0xC9, 0x00, 0x71, 0xE0, 0x20, 0x68, 0x80, 0x21, 0x89, 0x00, 0x6D, 0xE0, 0x30, 0x1C, 0x08, 0x30
	.byte 0x3A, 0xF7, 0xEC, 0xFB, 0x00, 0x04, 0x00, 0x0C, 0x01, 0x28, 0x13, 0xD0, 0x01, 0x28, 0x02, 0xDC
	.byte 0x00, 0x28, 0x05, 0xD0, 0x92, 0xE0, 0x02, 0x28, 0x13, 0xD0, 0x03, 0x28, 0x15, 0xD0, 0x8D, 0xE0
	.byte 0x20, 0x68, 0x03, 0x49, 0x40, 0x18, 0x20, 0x60, 0x60, 0x68, 0x80, 0x21, 0xC9, 0x00, 0x83, 0xE0
	.byte 0x00, 0xFD, 0xFF, 0xFF, 0x20, 0x68, 0x80, 0x21, 0x49, 0x00, 0x40, 0x18, 0x20, 0x60, 0x60, 0x68
	.byte 0x7A, 0xE0, 0x60, 0x68, 0x80, 0x21, 0x89, 0x00, 0x76, 0xE0, 0x60, 0x68, 0x80, 0x21, 0x49, 0x00
	.byte 0x72, 0xE0, 0x30, 0x1C, 0x08, 0x30, 0x3A, 0xF7, 0xC1, 0xFB, 0x00, 0x04, 0x00, 0x0C, 0x01, 0x28
	.byte 0x10, 0xD0, 0x01, 0x28, 0x02, 0xDC, 0x00, 0x28, 0x03, 0xD0, 0x67, 0xE0, 0x02, 0x28, 0x0D, 0xD0
	.byte 0x64, 0xE0, 0x20, 0x68, 0xE0, 0x21, 0xC9, 0x00, 0x40, 0x18, 0x20, 0x60, 0x60, 0x68, 0x80, 0x21
	.byte 0x49, 0x00, 0x59, 0xE0, 0x20, 0x68, 0xC0, 0x21, 0x89, 0x00, 0x25, 0xE0, 0x20, 0x68, 0x80, 0x21
	.byte 0x89, 0x00, 0x21, 0xE0, 0x30, 0x1C, 0x08, 0x30, 0x3A, 0xF7, 0xA0, 0xFB, 0x00, 0x04, 0x00, 0x0C
	.byte 0x01, 0x28, 0x11, 0xD0, 0x01, 0x28, 0x02, 0xDC, 0x00, 0x28, 0x03, 0xD0, 0x46, 0xE0, 0x02, 0x28
	.byte 0x10, 0xD0, 0x43, 0xE0, 0x20, 0x68, 0x03, 0x49, 0x40, 0x18, 0x20, 0x60, 0x60, 0x68, 0x80, 0x21
	.byte 0x49, 0x00, 0x39, 0xE0, 0x00, 0xF9, 0xFF, 0xFF, 0x20, 0x68, 0x01, 0x49, 0x04, 0xE0, 0x00, 0x00
	.byte 0x00, 0xFD, 0xFF, 0xFF, 0x20, 0x68, 0x02, 0x49, 0x40, 0x18, 0x20, 0x60, 0x2E, 0xE0, 0x00, 0x00
	.byte 0x00, 0xFE, 0xFF, 0xFF, 0x30, 0x1C, 0x08, 0x30, 0x3A, 0xF7, 0x78, 0xFB, 0x00, 0x04, 0x00, 0x0C
	.byte 0x01, 0x28, 0x0F, 0xD0, 0x01, 0x28, 0x02, 0xDC, 0x00, 0x28, 0x05, 0xD0, 0x1E, 0xE0, 0x02, 0x28
	.byte 0x0E, 0xD0, 0x03, 0x28, 0x16, 0xD0, 0x19, 0xE0, 0x60, 0x68, 0x01, 0x49, 0x14, 0xE0, 0x00, 0x00
	.byte 0x00, 0xFC, 0xFF, 0xFF, 0x60, 0x68, 0x01, 0x49, 0x0E, 0xE0, 0x00, 0x00, 0x00, 0xFC, 0xFF, 0xFF
	.byte 0x20, 0x68, 0x03, 0x49, 0x40, 0x18, 0x20, 0x60, 0x60, 0x68, 0x80, 0x21, 0x49, 0x00, 0x03, 0xE0
	.byte 0x00, 0xFF, 0xFF, 0xFF, 0x60, 0x68, 0x0D, 0x49, 0x40, 0x18, 0x60, 0x60, 0x00, 0x21, 0x78, 0x5E
	.byte 0x0E, 0x28, 0x02, 0xDD, 0x20, 0x1C, 0xFF, 0xF7, 0x41, 0xFB, 0x30, 0x1C, 0x08, 0x30, 0x3A, 0xF7
	.byte 0x39, 0xFB, 0x00, 0x06, 0x00, 0x28, 0x45, 0xD0, 0x20, 0x7D, 0x53, 0x28, 0x1C, 0xD0, 0x53, 0x28
	.byte 0x06, 0xDC, 0x00, 0x28, 0x28, 0xD0, 0x2D, 0x28, 0x1D, 0xD0, 0x29, 0xE0, 0x00, 0xFF, 0xFF, 0xFF
	.byte 0xAD, 0x28, 0x07, 0xD0, 0xAD, 0x28, 0x02, 0xDC, 0x80, 0x28, 0x19, 0xD0, 0x20, 0xE0, 0xD3, 0x28
	.byte 0x11, 0xD0, 0x1D, 0xE0, 0x20, 0x68, 0x03, 0x49, 0x40, 0x18, 0x20, 0x60, 0x60, 0x68, 0x80, 0x21
	.byte 0x89, 0x00, 0x13, 0xE0, 0x00, 0xFE, 0xFF, 0xFF, 0x20, 0x68, 0x80, 0x21, 0x89, 0x00, 0x40, 0x18
	.byte 0x20, 0x60, 0x60, 0x68, 0x0A, 0xE0, 0x60, 0x68, 0x00, 0x49, 0x07, 0xE0, 0x00, 0xFC, 0xFF, 0xFF
	.byte 0x60, 0x68, 0x80, 0x21, 0x89, 0x00, 0x01, 0xE0, 0x60, 0x68, 0x08, 0x49, 0x40, 0x18, 0x60, 0x60
	.byte 0x30, 0x1C, 0x00, 0x21, 0x00, 0x22, 0xFF, 0xF7, 0x97, 0xFA, 0x30, 0x1C, 0x94, 0x30, 0x00, 0x21
	.byte 0x01, 0x60, 0x03, 0x49, 0x50, 0x46, 0x35, 0xF7, 0x2D, 0xFD, 0x06, 0xE0, 0x00, 0xFE, 0xFF, 0xFF
	.byte 0x8D, 0xB6, 0x0C, 0x08, 0x38, 0x88, 0x01, 0x30, 0x38, 0x80, 0x30, 0x1C, 0x21, 0x1C, 0xFF, 0xF7
	.byte 0xC5, 0xF9, 0x20, 0x1C, 0x41, 0x46, 0x4A, 0x46, 0xFF, 0xF7, 0x06, 0xF8, 0x20, 0x1C, 0x04, 0xF0
	.byte 0x6D, 0xFC, 0x00, 0x06, 0x00, 0x28, 0x05, 0xD0, 0x40, 0x46, 0x20, 0x60, 0x49, 0x46, 0x61, 0x60
	.byte 0x00, 0x20, 0x20, 0x61, 0x30, 0x1C, 0x38, 0x30, 0x21, 0x68, 0x62, 0x68, 0xA3, 0x68, 0x46, 0xF7
	.byte 0xD5, 0xFE, 0x20, 0x68, 0x61, 0x68, 0xA2, 0x68, 0x89, 0x18, 0xFE, 0xF7, 0x11, 0xFD, 0x30, 0x1C
	.byte 0x08, 0x30, 0x3A, 0xF7, 0x6B, 0xFA, 0x30, 0x62, 0x30, 0x1C, 0x24, 0x30, 0x35, 0xF7, 0x86, 0xFC
	.byte 0x01, 0x20, 0x38, 0xBC, 0x98, 0x46, 0xA1, 0x46, 0xAA, 0x46, 0xF0, 0xBC, 0x02, 0xBC, 0x08, 0x47
	.byte 0xF0, 0xB5, 0x57, 0x46, 0x4E, 0x46, 0x45, 0x46, 0xE0, 0xB4, 0x81, 0xB0, 0x07, 0x1C, 0x89, 0x46
	.byte 0x13, 0x4D, 0x28, 0x68, 0x82, 0x46, 0x69, 0x68, 0x00, 0x91, 0x94, 0x22, 0xD2, 0x19, 0x90, 0x46
	.byte 0x10, 0x68, 0x08, 0x28, 0x2A, 0xD1, 0x3C, 0x1C, 0x98, 0x34, 0x00, 0x20, 0x26, 0x5E, 0x00, 0x2E
	.byte 0x05, 0xD1, 0x38, 0x1C, 0x08, 0x21, 0x01, 0x22, 0xFF, 0xF7, 0x36, 0xFA, 0x2E, 0x61, 0x21, 0x88
	.byte 0x00, 0x22, 0xA0, 0x5E, 0x1D, 0x28, 0x17, 0xDD, 0x35, 0xF7, 0xC8, 0xFE, 0x80, 0x21, 0x49, 0x00
	.byte 0x01, 0x40, 0x09, 0x04, 0x09, 0x0C, 0x00, 0x29, 0x04, 0xD0, 0x00, 0x20, 0x0D, 0xE0, 0x00, 0x00
	.byte 0x20, 0xC4, 0x03, 0x02, 0x21, 0x80, 0x40, 0x46, 0x01, 0x60, 0x02, 0x49, 0x48, 0x46, 0x35, 0xF7
	.byte 0xB9, 0xFC, 0x03, 0xE0, 0x8D, 0xB6, 0x0C, 0x08, 0x48, 0x1C, 0x20, 0x80, 0x38, 0x1C, 0x29, 0x1C
	.byte 0xFF, 0xF7, 0x54, 0xF9, 0x28, 0x1C, 0x51, 0x46, 0x00, 0x9A, 0xFE, 0xF7, 0x95, 0xFF, 0x28, 0x1C
	.byte 0x04, 0xF0, 0xFC, 0xFB, 0x00, 0x06, 0x00, 0x28, 0x05, 0xD0, 0x51, 0x46, 0x29, 0x60, 0x00, 0x9A
	.byte 0x6A, 0x60, 0x00, 0x20, 0x28, 0x61, 0x38, 0x1C, 0x38, 0x30, 0x29, 0x68, 0x6A, 0x68, 0xAB, 0x68
	.byte 0x46, 0xF7, 0x64, 0xFE, 0x28, 0x68, 0x69, 0x68, 0xAA, 0x68, 0x89, 0x18, 0xFE, 0xF7, 0xA0, 0xFC
	.byte 0x38, 0x1C, 0x08, 0x30, 0x3A, 0xF7, 0xFA, 0xF9, 0x38, 0x62, 0x38, 0x1C, 0x24, 0x30, 0x35, 0xF7
	.byte 0x15, 0xFC, 0x01, 0x20, 0x01, 0xB0, 0x38, 0xBC, 0x98, 0x46, 0xA1, 0x46, 0xAA, 0x46, 0xF0, 0xBC
	.byte 0x02, 0xBC, 0x08, 0x47
	thumb_func_start task_poo_sora_1
task_poo_sora_1: @ 080CB68C
	push {r4, r5, r6, r7, lr}
	mov r7, r10
	mov r6, r9
	mov r5, r8
	push {r5, r6, r7}
	add sp, #-0x004
	adds r5, r0, #0x0
	mov r8, r1
	ldr r6, _080CB6F8 @ =0x0203C420
	bl func_080CAA14
	str r0, [sp, #0x000]
	ldr r0, [r6, #0x00]
	mov r9, r0
	ldr r1, [r6, #0x04]
	mov r10, r1
	adds r7, r5, #0x0
	adds r7, #0x94
	ldr r0, [r7, #0x00]
	cmp r0, #0x01
	bls _080CB6B8
	b _080CB828
_080CB6B8:
	adds r0, r6, #0x0
	bl func_080CA9DC
	bl func_08001384
	movs r4, #0xF0
	ands r4, r0
	cmp r4, #0x00
	beq _080CB71C
	ldr r0, [r6, #0x10]
	adds r0, #0x80
	str r0, [r6, #0x10]
	adds r0, r5, #0x0
	movs r1, #0x02
	movs r2, #0x01
	bl func_080CAA50
	ldr r0, [r6, #0x10]
	ldr r1, _080CB6FC @ =0x00000266
	cmp r0, r1
	ble _080CB6E4
	str r1, [r6, #0x10]
_080CB6E4:
	ldrh r0, [r5, #0x12]
	cmp r0, #0x00
	bne _080CB732
	ldrh r0, [r5, #0x16]
	cmp r0, #0x03
	beq _080CB700
	cmp r0, #0x07
	beq _080CB70E
	b _080CB732
	.byte 0x00, 0x00
_080CB6F8: .4byte 0x0203C420
_080CB6FC: .4byte 0x00000266
_080CB700:
	adds r0, r5, #0x0
	adds r0, #0xA8
	ldr r0, [r0, #0x00]
	ldrh r0, [r0, #0x00]
	bl func_0811FE70
	b _080CB732
_080CB70E:
	adds r0, r5, #0x0
	adds r0, #0xA8
	ldr r0, [r0, #0x00]
	ldrh r0, [r0, #0x02]
	bl func_0811FE70
	b _080CB732
_080CB71C:
	adds r0, r5, #0x0
	movs r1, #0x00
	movs r2, #0x01
	bl func_080CAA50
	ldr r0, [r6, #0x10]
	subs r0, #0x80
	str r0, [r6, #0x10]
	cmp r0, #0x00
	bge _080CB732
	str r4, [r6, #0x10]
_080CB732:
	ldr r3, _080CB79C @ =0x08121400
	ldrb r0, [r6, #0x14]
	lsls r0, r0, #0x01
	adds r0, r0, r3
	movs r1, #0x00
	ldsh r0, [r0, r1]
	ldr r2, [r6, #0x10]
	adds r1, r0, #0x0
	muls r1, r2
	asrs r1, r1, #0x08
	ldr r0, [r6, #0x00]
	adds r0, r0, r1
	str r0, [r6, #0x00]
	ldrb r0, [r6, #0x14]
	adds r0, #0x40
	lsls r0, r0, #0x01
	adds r0, r0, r3
	movs r1, #0x00
	ldsh r0, [r0, r1]
	negs r0, r0
	adds r1, r0, #0x0
	muls r1, r2
	asrs r1, r1, #0x08
	ldr r0, [r6, #0x04]
	adds r0, r0, r1
	str r0, [r6, #0x04]
	bl func_08001390
	movs r2, #0x02
	adds r1, r2, #0x0
	ands r1, r0
	lsls r1, r1, #0x10
	lsrs r4, r1, #0x10
	cmp r4, #0x00
	beq _080CB7A4
	adds r1, r5, #0x0
	adds r1, #0x98
	movs r0, #0x00
	strh r0, [r1, #0x00]
	adds r0, r5, #0x0
	adds r0, #0x94
	str r2, [r0, #0x00]
	ldr r1, _080CB7A0 @ =0x080CAD09
	mov r0, r8
	bl func_08000F8C
	adds r0, r5, #0x0
	adds r0, #0xA8
	ldr r0, [r0, #0x00]
	ldrh r0, [r0, #0x04]
	bl func_0811FE70
	b _080CB7E6
_080CB79C: .4byte 0x08121400
_080CB7A0: .4byte 0x080CAD09
_080CB7A4:
	bl func_08001390
	movs r7, #0x01
	ands r7, r0
	cmp r7, #0x00
	beq _080CB7F0
	adds r0, r6, #0x0
	bl func_080CAB24
	ldr r0, _080CB7CC @ =0x0203C3D8
	strb r4, [r0, #0x00]
	bl func_080D2EB8
	lsls r0, r0, #0x10
	lsrs r0, r0, #0x10
	cmp r0, #0xB4
	beq _080CB7D0
	bl func_080C7BCC
	b _080CB7E6
_080CB7CC: .4byte 0x0203C3D8
_080CB7D0:
	adds r0, r5, #0x0
	adds r0, #0x98
	strh r4, [r0, #0x00]
	adds r1, r5, #0x0
	adds r1, #0x94
	movs r0, #0x06
	str r0, [r1, #0x00]
	ldr r1, _080CB7EC @ =0x080CB1BD
	mov r0, r8
	bl func_08000F8C
_080CB7E6:
	adds r4, r5, #0x0
	adds r4, #0x08
	b _080CB83C
_080CB7EC: .4byte 0x080CB1BD
_080CB7F0:
	bl func_08001390
	movs r1, #0x80
	lsls r1, r1, #0x01
	ands r1, r0
	adds r4, r5, #0x0
	adds r4, #0x08
	cmp r1, #0x00
	beq _080CB83C
	adds r0, r5, #0x0
	adds r0, #0x98
	strh r7, [r0, #0x00]
	adds r1, r5, #0x0
	adds r1, #0x94
	movs r0, #0x08
	str r0, [r1, #0x00]
	ldr r1, _080CB824 @ =0x080CB5A9
	mov r0, r8
	bl func_08000F8C
	adds r0, r6, #0x0
	bl _080CA960
	strb r0, [r6, #0x14]
	b _080CB83C
	.byte 0x00, 0x00
_080CB824: .4byte 0x080CB5A9
_080CB828:
	adds r4, r5, #0x0
	adds r4, #0x08
	adds r0, r4, #0x0
	bl func_08005B1C
	lsls r0, r0, #0x18
	cmp r0, #0x00
	beq _080CB83C
	movs r0, #0x00
	str r0, [r7, #0x00]
_080CB83C:
	adds r0, r6, #0x0
	bl func_080CBAB0
	lsls r0, r0, #0x10
	cmp r0, #0x00
	beq _080CB84C
	movs r0, #0x00
	str r0, [r6, #0x10]
_080CB84C:
	adds r0, r5, #0x0
	adds r1, r6, #0x0
	bl func_080CA8D4
	lsls r0, r0, #0x18
	cmp r0, #0x00
	beq _080CB864
	ldr r1, [r6, #0x10]
	movs r0, #0xE6
	muls r0, r1
	asrs r0, r0, #0x08
	str r0, [r6, #0x10]
_080CB864:
	adds r0, r6, #0x0
	mov r1, r9
	mov r2, r10
	bl func_080CA560
	adds r0, r6, #0x0
	bl func_080CFE34
	lsls r0, r0, #0x18
	cmp r0, #0x00
	beq _080CB886
	mov r0, r9
	str r0, [r6, #0x00]
	mov r1, r10
	str r1, [r6, #0x04]
	movs r0, #0x00
	str r0, [r6, #0x10]
_080CB886:
	ldr r0, [r6, #0x08]
	ldr r1, [sp, #0x000]
	cmp r1, r0
	beq _080CB8B0
	ldr r0, [r6, #0x10]
	asrs r0, r0, #0x02
	str r0, [r6, #0x10]
	adds r0, r5, #0x0
	adds r0, #0x9C
	movs r1, #0x00
	str r1, [r0, #0x00]
	subs r0, #0x04
	strh r1, [r0, #0x00]
	adds r1, r5, #0x0
	adds r1, #0x94
	movs r0, #0x04
	str r0, [r1, #0x00]
	ldr r1, _080CB8EC @ =0x080CAD09
	mov r0, r8
	bl func_08000F8C
_080CB8B0:
	adds r0, r5, #0x0
	adds r0, #0x38
	ldr r1, [r6, #0x00]
	ldr r2, [r6, #0x04]
	ldr r3, [r6, #0x08]
	bl func_08012324
	ldr r0, [r6, #0x00]
	ldr r1, [r6, #0x04]
	ldr r2, [r6, #0x08]
	adds r1, r1, r2
	bl func_080C9FA8
	adds r0, r4, #0x0
	bl func_08005A64
	str r0, [r5, #0x20]
	adds r0, r5, #0x0
	adds r0, #0x24
	bl func_08000EA4
	movs r0, #0x01
	add sp, #0x004
	pop {r3, r4, r5}
	mov r8, r3
	mov r9, r4
	mov r10, r5
	pop {r4, r5, r6, r7}
	pop {r1}
	bx r1
_080CB8EC: .4byte 0x080CAD09
	thumb_func_start task_poo_sora_2
task_poo_sora_2: @ 080CB8F0
	push {r4, r5, r6, r7, lr}
	mov r7, r8
	push {r7}
	add sp, #-0x010
	adds r5, r0, #0x0
	ldr r6, _080CB958 @ =0x0203C420
	adds r0, #0xA0
	ldrh r1, [r0, #0x00]
	movs r0, #0x02
	ands r0, r1
	movs r1, #0x80
	lsls r1, r1, #0x04
	mov r8, r1
	cmp r0, #0x00
	beq _080CB912
	ldr r3, _080CB95C @ =0x00000801
	mov r8, r3
_080CB912:
	adds r0, r5, #0x0
	adds r0, #0xAC
	ldrb r4, [r0, #0x00]
	cmp r4, #0x00
	beq _080CB980
	ldr r2, _080CB960 @ =0x02034DEC
	subs r0, #0x2C
	ldr r0, [r0, #0x00]
	asrs r0, r0, #0x08
	lsls r0, r0, #0x02
	ldr r4, _080CB964 @ =0xFFFFEFF8
	adds r1, r4, #0x0
	subs r3, r1, r0
	strh r3, [r2, #0x00]
	adds r0, r5, #0x0
	adds r0, #0x84
	ldr r1, [r0, #0x00]
	ldr r0, [r5, #0x48]
	mov r12, r2
	cmp r1, r0
	ble _080CB94C
	adds r0, r5, #0x0
	adds r0, #0x88
	ldr r0, [r0, #0x00]
	ldr r1, [r0, #0x10]
	movs r0, #0x80
	lsls r0, r0, #0x03
	cmp r1, r0
	bne _080CB974
_080CB94C:
	ldr r0, [r5, #0x78]
	cmp r0, #0x00
	beq _080CB968
	movs r0, #0x00
	b _080CB96A
	.byte 0x00, 0x00
_080CB958: .4byte 0x0203C420
_080CB95C: .4byte 0x00000801
_080CB960: .4byte 0x02034DEC
_080CB964: .4byte 0xFFFFEFF8
_080CB968:
	adds r0, r3, #0x1
_080CB96A:
	strh r0, [r6, #0x3A]
	movs r0, #0x00
	str r0, [r6, #0x3C]
	ldr r3, [r6, #0x04]
	b _080CB9AC
_080CB974:
	ldr r0, [r5, #0x78]
	str r0, [r6, #0x3C]
	adds r0, r3, #0x1
	strh r0, [r6, #0x3A]
	ldr r3, [r6, #0x04]
	b _080CB9AC
_080CB980:
	ldr r2, _080CB9A0 @ =0x02034DEC
	ldr r3, [r6, #0x04]
	asrs r0, r3, #0x08
	lsls r0, r0, #0x02
	ldr r7, _080CB9A4 @ =0xFFFFEFF8
	adds r1, r7, #0x0
	subs r1, r1, r0
	strh r1, [r2, #0x00]
	str r4, [r6, #0x3C]
	ldr r0, [r6, #0x0C]
	mov r12, r2
	cmp r4, r0
	beq _080CB9A8
	strh r4, [r6, #0x3A]
	b _080CB9AC
	.byte 0x00, 0x00
_080CB9A0: .4byte 0x02034DEC
_080CB9A4: .4byte 0xFFFFEFF8
_080CB9A8:
	adds r0, r1, #0x1
	strh r0, [r6, #0x3A]
_080CB9AC:
	ldr r0, [r6, #0x00]
	asrs r0, r0, #0x08
	ldr r1, _080CBA00 @ =0x0203C40C
	ldrh r1, [r1, #0x00]
	subs r0, r0, r1
	asrs r1, r3, #0x08
	ldr r2, [r6, #0x08]
	asrs r2, r2, #0x08
	adds r1, r1, r2
	ldr r2, _080CBA04 @ =0x0203C3F8
	ldrh r2, [r2, #0x00]
	subs r1, r1, r2
	lsls r0, r0, #0x10
	asrs r0, r0, #0x10
	lsls r1, r1, #0x10
	asrs r1, r1, #0x10
	ldr r2, [r5, #0x20]
	ldr r3, [r5, #0x00]
	ldr r4, [r5, #0x04]
	str r4, [sp, #0x000]
	movs r4, #0x00
	str r4, [sp, #0x004]
	mov r4, r8
	str r4, [sp, #0x008]
	mov r6, r12
	ldrh r4, [r6, #0x00]
	subs r4, #0x01
	lsls r4, r4, #0x10
	lsrs r4, r4, #0x10
	str r4, [sp, #0x00C]
	bl func_080023E0
	adds r0, r5, #0x0
	adds r0, #0x24
	bl func_08000EE0
	add sp, #0x010
	pop {r3}
	mov r8, r3
	pop {r4, r5, r6, r7}
	pop {r0}
	bx r0
_080CBA00: .4byte 0x0203C40C
_080CBA04: .4byte 0x0203C3F8
	thumb_func_start task_poo_sora_3
task_poo_sora_3: @ 080CBA08
	push {r4, lr}
	adds r4, r0, #0x0
	ldr r0, _080CBA44 @ =0x0203C420
	bl func_080D2D0C
	ldr r0, [r4, #0x00]
	bl func_080028C0
	ldr r0, [r4, #0x04]
	bl func_08002C10
	adds r0, r4, #0x0
	adds r0, #0x38
	bl func_08012304
	adds r0, r4, #0x0
	adds r0, #0x24
	bl func_08000F0C
	ldr r0, _080CBA48 @ =0x02039BA0
	ldr r0, [r0, #0x00]
	bl func_080009C4
	adds r0, r4, #0x0
	adds r0, #0xB0
	bl func_080CCBD4
	pop {r4}
	pop {r0}
	bx r0
_080CBA44: .4byte 0x0203C420
_080CBA48: .4byte 0x02039BA0
	thumb_func_start func_080CBA4C
func_080CBA4C: @ 080CBA4C
	ldr r0, _080CBA6C @ =0x02034DE8
	ldr r1, [r0, #0x00]
	adds r0, r1, #0x0
	adds r0, #0x94
	ldr r0, [r0, #0x00]
	cmp r0, #0x08
	bne _080CBA70
	adds r0, r1, #0x0
	adds r0, #0x98
	movs r1, #0x00
	ldsh r0, [r0, r1]
	cmp r0, #0x00
	bne _080CBA70
	movs r0, #0x01
	b _080CBA72
	.byte 0x00, 0x00
_080CBA6C: .4byte 0x02034DE8
_080CBA70:
	movs r0, #0x00
_080CBA72:
	bx lr
	.byte 0x03, 0x48, 0x00, 0x68, 0x94, 0x30, 0x00, 0x68, 0x08, 0x28, 0x03, 0xD0, 0x00, 0x20, 0x02, 0xE0
	.byte 0xE8, 0x4D, 0x03, 0x02, 0x01, 0x20, 0x70, 0x47
	thumb_func_start func_080CBA8C
func_080CBA8C: @ 080CBA8C
	push {r4, lr}
	movs r4, #0x00
_080CBA90:
	adds r0, r4, #0x0
	bl func_080D2D50
	lsls r0, r0, #0x18
	cmp r0, #0x00
	bne _080CBAA0
	movs r0, #0x00
	b _080CBAA8
_080CBAA0:
	adds r4, #0x01
	cmp r4, #0x05
	ble _080CBA90
	movs r0, #0x01
_080CBAA8:
	pop {r4}
	pop {r1}
	bx r1
	.byte 0x00, 0x00
	thumb_func_start func_080CBAB0
func_080CBAB0: @ 080CBAB0
	push {r4, lr}
	bl func_080CA67C
	lsls r0, r0, #0x10
	lsrs r4, r0, #0x10
	movs r0, #0x03
	bl func_080D2D80
	cmp r4, #0x01
	bne _080CBAD0
	ldr r0, _080CBACC @ =0x0000FFFE
	bl func_080C7BCC
	b _080CBB70
_080CBACC: .4byte 0x0000FFFE
_080CBAD0:
	cmp r4, #0x02
	bne _080CBB70
	movs r0, #0x0D
	bl func_0800FDD0
	bl func_080C9910
	lsls r0, r0, #0x18
	cmp r0, #0x00
	bne _080CBB6A
	movs r0, #0x03
	bl func_080D2D6C
	bl func_080CBA8C
	lsls r0, r0, #0x18
	cmp r0, #0x00
	beq _080CBB42
	movs r0, #0x01
	bl func_080D2D94
	lsls r0, r0, #0x18
	cmp r0, #0x00
	beq _080CBB08
	movs r0, #0x93
	bl func_080C7B84
	b _080CBB70
_080CBB08:
	movs r0, #0x00
	bl func_080D2D94
	lsls r0, r0, #0x18
	cmp r0, #0x00
	bne _080CBB2E
	movs r0, #0x00
	bl func_080D2D6C
	movs r0, #0x01
	bl func_080D2D6C
	movs r0, #0x4D
	bl func_0800FDD0
	movs r0, #0x8F
	bl func_080C7B84
	b _080CBB70
_080CBB2E:
	movs r0, #0x01
	bl func_080D2D6C
	movs r0, #0x4D
	bl func_0800FDD0
	movs r0, #0x91
	bl func_080C7B84
	b _080CBB70
_080CBB42:
	movs r0, #0x00
	bl func_080D2D94
	lsls r0, r0, #0x18
	cmp r0, #0x00
	bne _080CBB62
	movs r0, #0x00
	bl func_080D2D6C
	movs r0, #0x4D
	bl func_0800FDD0
	movs r0, #0x90
	bl func_080C7B84
	b _080CBB70
_080CBB62:
	movs r0, #0x92
	bl func_080C7B84
	b _080CBB70
_080CBB6A:
	ldr r0, _080CBB78 @ =0x0000FFFD
	bl func_080C7BCC
_080CBB70:
	adds r0, r4, #0x0
	pop {r4}
	pop {r1}
	bx r1
_080CBB78: .4byte 0x0000FFFD
	thumb_func_start func_080CBB7C
func_080CBB7C: @ 080CBB7C
	ldr r0, _080CBB88 @ =0x02034DEC
	ldrh r0, [r0, #0x00]
	subs r0, #0x01
	lsls r0, r0, #0x10
	lsrs r0, r0, #0x10
	bx lr
_080CBB88: .4byte 0x02034DEC
	thumb_func_start task_poo_trap_0
task_poo_trap_0: @ 080CBB8C
	push {r4, r5, lr}
	adds r4, r0, #0x0
	ldr r0, [r1, #0x00]
	str r0, [r4, #0x0C]
	ldr r0, [r1, #0x04]
	str r0, [r4, #0x10]
	movs r5, #0x00
	str r5, [r4, #0x14]
	ldr r0, _080CBBD0 @ =0x0972BD8C
	movs r1, #0x80
	lsls r1, r1, #0x01
	bl func_080026A4
	str r0, [r4, #0x00]
	ldr r0, _080CBBD4 @ =0x09849AB8
	movs r1, #0x20
	bl func_08002A14
	str r0, [r4, #0x04]
	ldr r0, _080CBBD8 @ =0x0972BD78
	str r0, [r4, #0x08]
	adds r0, r4, #0x0
	adds r0, #0x1C
	ldr r1, [r4, #0x0C]
	ldr r2, [r4, #0x10]
	ldr r3, [r4, #0x14]
	bl func_08012324
	adds r4, #0x8C
	strb r5, [r4, #0x00]
	pop {r4, r5}
	pop {r0}
	bx r0
	.byte 0x00, 0x00
_080CBBD0: .4byte 0x0972BD8C
_080CBBD4: .4byte 0x09849AB8
_080CBBD8: .4byte 0x0972BD78
	thumb_func_start task_poo_trap_1
task_poo_trap_1: @ 080CBBDC
	push {r4, lr}
	adds r4, r0, #0x0
	adds r0, #0x8C
	ldrb r0, [r0, #0x00]
	cmp r0, #0x00
	beq _080CBC0A
	adds r0, r4, #0x0
	adds r0, #0x1C
	movs r1, #0x09
	bl func_08012660
	lsls r0, r0, #0x18
	cmp r0, #0x00
	beq _080CBC0A
	ldr r1, _080CBC14 @ =0x0203C3DC
	ldr r0, [r4, #0x0C]
	str r0, [r1, #0x00]
	ldr r1, _080CBC18 @ =0x0203C3E8
	ldr r0, [r4, #0x10]
	str r0, [r1, #0x00]
	ldr r1, _080CBC1C @ =0x0203C3F0
	movs r0, #0x01
	str r0, [r1, #0x00]
_080CBC0A:
	movs r0, #0x01
	pop {r4}
	pop {r1}
	bx r1
	.byte 0x00, 0x00
_080CBC14: .4byte 0x0203C3DC
_080CBC18: .4byte 0x0203C3E8
_080CBC1C: .4byte 0x0203C3F0
	thumb_func_start task_poo_trap_2
task_poo_trap_2: @ 080CBC20
	push {r4, r5, r6, r7, lr}
	add sp, #-0x010
	adds r4, r0, #0x0
	ldr r1, [r4, #0x0C]
	asrs r1, r1, #0x08
	ldr r0, _080CBC78 @ =0x0203C40C
	ldrh r0, [r0, #0x00]
	subs r1, r1, r0
	ldr r0, [r4, #0x10]
	asrs r0, r0, #0x08
	ldr r2, _080CBC7C @ =0x0203C3F8
	ldrh r2, [r2, #0x00]
	subs r0, r0, r2
	lsls r0, r0, #0x10
	lsrs r2, r0, #0x10
	lsls r1, r1, #0x10
	asrs r7, r1, #0x10
	movs r0, #0x80
	lsls r0, r0, #0x0D
	adds r1, r1, r0
	movs r0, #0x88
	lsls r0, r0, #0x11
	cmp r1, r0
	bhi _080CBC60
	lsls r0, r2, #0x10
	asrs r5, r0, #0x10
	movs r0, #0x10
	negs r0, r0
	cmp r5, r0
	blt _080CBC60
	cmp r5, #0xB0
	ble _080CBC80
_080CBC60:
	adds r5, r4, #0x0
	adds r5, #0x8C
	ldrb r0, [r5, #0x00]
	cmp r0, #0x00
	beq _080CBCBA
	adds r0, r4, #0x0
	adds r0, #0x1C
	bl func_08012304
	movs r0, #0x00
	strb r0, [r5, #0x00]
	b _080CBCBA
_080CBC78: .4byte 0x0203C40C
_080CBC7C: .4byte 0x0203C3F8
_080CBC80:
	adds r6, r4, #0x0
	adds r6, #0x8C
	ldrb r0, [r6, #0x00]
	cmp r0, #0x00
	bne _080CBC9C
	adds r0, r4, #0x0
	adds r0, #0x1C
	movs r1, #0x0A
	movs r2, #0x08
	movs r3, #0x10
	bl func_080122AC
	movs r0, #0x01
	strb r0, [r6, #0x00]
_080CBC9C:
	ldr r2, [r4, #0x08]
	ldr r3, [r4, #0x00]
	ldr r0, [r4, #0x04]
	str r0, [sp, #0x000]
	movs r0, #0x00
	str r0, [sp, #0x004]
	movs r0, #0x80
	lsls r0, r0, #0x04
	str r0, [sp, #0x008]
	ldr r0, _080CBCC4 @ =0x0000FFEF
	str r0, [sp, #0x00C]
	adds r0, r7, #0x0
	adds r1, r5, #0x0
	bl func_080023E0
_080CBCBA:
	add sp, #0x010
	pop {r4, r5, r6, r7}
	pop {r0}
	bx r0
	.byte 0x00, 0x00
_080CBCC4: .4byte 0x0000FFEF
	thumb_func_start task_poo_trap_3
task_poo_trap_3: @ 080CBCC8
	push {r4, lr}
	adds r4, r0, #0x0
	ldr r0, [r4, #0x00]
	bl func_080028C0
	ldr r0, [r4, #0x04]
	bl func_08002C10
	adds r0, r4, #0x0
	adds r0, #0x8C
	ldrb r0, [r0, #0x00]
	cmp r0, #0x00
	beq _080CBCEA
	adds r0, r4, #0x0
	adds r0, #0x1C
	bl func_08012304
_080CBCEA:
	pop {r4}
	pop {r0}
	bx r0
	.byte 0x70, 0xB5, 0x04, 0x1C, 0xFF, 0xF7, 0x4A, 0xFF, 0x25, 0x1C, 0x78, 0x35, 0x28, 0x1C, 0x01, 0x21
	.byte 0x35, 0xF7, 0xB0, 0xF8, 0x08, 0x49, 0x26, 0x1C, 0x0C, 0x36, 0x28, 0x1C, 0x32, 0x1C, 0x35, 0xF7
	.byte 0x81, 0xF8, 0x90, 0x34, 0xE1, 0x21, 0x09, 0x01, 0x20, 0x1C, 0x32, 0x1C, 0x00, 0xF0, 0x38, 0xFF
	.byte 0x70, 0xBC, 0x01, 0xBC, 0x00, 0x47, 0x00, 0x00, 0xD8, 0x4C, 0xEF, 0x09, 0x10, 0xB5, 0x04, 0x1C
	.byte 0xFF, 0xF7, 0x54, 0xFF, 0x20, 0x1C, 0x8C, 0x30, 0x00, 0x78, 0x00, 0x28, 0x0C, 0xD0, 0x20, 0x1C
	.byte 0x1C, 0x30, 0x09, 0x21, 0x46, 0xF7, 0x8C, 0xFC, 0x00, 0x06, 0x00, 0x28, 0x04, 0xD0, 0x20, 0x1C
	.byte 0x90, 0x30, 0x00, 0x21, 0x00, 0xF0, 0x16, 0xFF, 0x01, 0x20, 0x10, 0xBC, 0x02, 0xBC, 0x08, 0x47
	.byte 0x10, 0xB5, 0x04, 0x1C, 0xFF, 0xF7, 0x5C, 0xFF, 0x20, 0x1C, 0x8C, 0x30, 0x00, 0x78, 0x00, 0x28
	.byte 0x06, 0xD0, 0x78, 0x34, 0x20, 0x1C, 0x35, 0xF7, 0x95, 0xF8, 0x20, 0x1C, 0x35, 0xF7, 0xB0, 0xF8
	.byte 0x10, 0xBC, 0x01, 0xBC, 0x00, 0x47, 0x00, 0x00, 0x10, 0xB5, 0x04, 0x1C, 0xFF, 0xF7, 0x9C, 0xFF
	.byte 0x20, 0x1C, 0x78, 0x30, 0x35, 0xF7, 0xBA, 0xF8, 0x90, 0x34, 0x20, 0x1C, 0x00, 0xF0, 0x1A, 0xFF
	.byte 0x10, 0xBC, 0x01, 0xBC, 0x00, 0x47, 0x00, 0x00
	thumb_func_start task_poo_balloon_0
task_poo_balloon_0: @ 080CBDA8
	push {r4, r5, r6, lr}
	adds r6, r0, #0x0
	adds r2, r1, #0x0
	str r2, [r6, #0x24]
	ldr r1, [r2, #0x00]
	ldr r0, _080CBDFC @ =0x0003FD00
	cmp r1, r0
	bne _080CBE14
	ldr r1, [r2, #0x04]
	ldr r0, _080CBE00 @ =0x00021B00
	cmp r1, r0
	bne _080CBE14
	ldr r5, _080CBE04 @ =0x09EF5E38
	adds r0, r5, #0x0
	movs r1, #0x03
	bl func_08003524
	lsls r0, r0, #0x10
	lsrs r0, r0, #0x10
	ldr r1, _080CBE08 @ =0x0974B4D8
	bl func_080028F8
	str r0, [r6, #0x00]
	ldr r0, _080CBE0C @ =0x09849C98
	movs r1, #0x20
	bl func_08002A14
	str r0, [r6, #0x04]
	adds r4, r6, #0x0
	adds r4, #0x0C
	ldr r1, _080CBE10 @ =0x09EF5E44
	adds r0, r4, #0x0
	adds r2, r5, #0x0
	bl func_08005968
	adds r0, r4, #0x0
	movs r1, #0x00
	movs r2, #0x01
	bl func_080059A4
	b _080CBE4C
	.byte 0x00, 0x00
_080CBDFC: .4byte 0x0003FD00
_080CBE00: .4byte 0x00021B00
_080CBE04: .4byte 0x09EF5E38
_080CBE08: .4byte 0x0974B4D8
_080CBE0C: .4byte 0x09849C98
_080CBE10: .4byte 0x09EF5E44
_080CBE14:
	ldr r5, _080CBE5C @ =0x09EF5AD0
	adds r0, r5, #0x0
	movs r1, #0x04
	bl func_08003524
	lsls r0, r0, #0x10
	lsrs r0, r0, #0x10
	ldr r1, _080CBE60 @ =0x09732FB6
	bl func_080028F8
	str r0, [r6, #0x00]
	ldr r0, _080CBE64 @ =0x09849B78
	movs r1, #0x20
	bl func_08002A14
	str r0, [r6, #0x04]
	adds r4, r6, #0x0
	adds r4, #0x0C
	ldr r1, _080CBE68 @ =0x09EF5AE0
	adds r0, r4, #0x0
	adds r2, r5, #0x0
	bl func_08005968
	adds r0, r4, #0x0
	movs r1, #0x00
	movs r2, #0x01
	bl func_080059A4
_080CBE4C:
	adds r0, r4, #0x0
	bl func_08005AFC
	str r0, [r6, #0x08]
	pop {r4, r5, r6}
	pop {r0}
	bx r0
	.byte 0x00, 0x00
_080CBE5C: .4byte 0x09EF5AD0
_080CBE60: .4byte 0x09732FB6
_080CBE64: .4byte 0x09849B78
_080CBE68: .4byte 0x09EF5AE0
	thumb_func_start task_poo_balloon_1
task_poo_balloon_1: @ 080CBE6C
	movs r0, #0x01
	bx lr
	thumb_func_start task_poo_balloon_2
task_poo_balloon_2: @ 080CBE70
	push {r4, r5, r6, lr}
	add sp, #-0x010
	adds r4, r0, #0x0
	ldr r3, [r4, #0x24]
	ldr r2, [r3, #0x00]
	asrs r2, r2, #0x08
	ldr r0, _080CBEF8 @ =0x0203C40C
	ldrh r0, [r0, #0x00]
	subs r2, r2, r0
	ldr r1, [r3, #0x04]
	asrs r1, r1, #0x08
	ldr r0, [r3, #0x08]
	asrs r0, r0, #0x08
	adds r1, r1, r0
	ldr r0, _080CBEFC @ =0x0203C3F8
	ldrh r0, [r0, #0x00]
	subs r1, r1, r0
	lsls r1, r1, #0x10
	lsrs r1, r1, #0x10
	lsls r2, r2, #0x10
	asrs r6, r2, #0x10
	movs r0, #0x80
	lsls r0, r0, #0x0D
	adds r2, r2, r0
	movs r0, #0x88
	lsls r0, r0, #0x11
	cmp r2, r0
	bhi _080CBEF0
	lsls r0, r1, #0x10
	asrs r5, r0, #0x10
	movs r0, #0x10
	negs r0, r0
	cmp r5, r0
	blt _080CBEF0
	cmp r5, #0xB0
	bgt _080CBEF0
	adds r0, r4, #0x0
	adds r0, #0x0C
	bl func_08005A64
	adds r2, r0, #0x0
	str r2, [r4, #0x08]
	ldr r3, [r4, #0x00]
	ldr r0, [r4, #0x04]
	str r0, [sp, #0x000]
	movs r0, #0x00
	str r0, [sp, #0x004]
	movs r0, #0x80
	lsls r0, r0, #0x04
	str r0, [sp, #0x008]
	ldr r0, [r4, #0x24]
	ldr r1, [r0, #0x04]
	asrs r1, r1, #0x08
	lsls r1, r1, #0x02
	ldr r4, _080CBF00 @ =0xFFFFEFFC
	adds r0, r4, #0x0
	subs r0, r0, r1
	lsls r0, r0, #0x10
	lsrs r0, r0, #0x10
	str r0, [sp, #0x00C]
	adds r0, r6, #0x0
	adds r1, r5, #0x0
	bl func_080023E0
_080CBEF0:
	add sp, #0x010
	pop {r4, r5, r6}
	pop {r0}
	bx r0
_080CBEF8: .4byte 0x0203C40C
_080CBEFC: .4byte 0x0203C3F8
_080CBF00: .4byte 0xFFFFEFFC
	thumb_func_start task_poo_balloon_3
task_poo_balloon_3: @ 080CBF04
	push {r4, lr}
	adds r4, r0, #0x0
	ldr r0, [r4, #0x00]
	bl func_080028C0
	ldr r0, [r4, #0x04]
	bl func_08002C10
	pop {r4}
	pop {r0}
	bx r0
	.byte 0x00, 0x00
	thumb_func_start task_poo_shadow_0
task_poo_shadow_0: @ 080CBF1C
	push {r4, lr}
	add sp, #-0x00C
	adds r4, r0, #0x0
	str r1, [sp, #0x000]
	movs r0, #0xA6
	str r0, [sp, #0x008]
	adds r0, r4, #0x0
	movs r1, #0x01
	bl func_08000E64
	ldr r1, _080CBF44 @ =0x09EF4958
	adds r0, r4, #0x0
	mov r2, sp
	bl func_08000E14
	add sp, #0x00C
	pop {r4}
	pop {r0}
	bx r0
	.byte 0x00, 0x00
_080CBF44: .4byte 0x09EF4958
	thumb_func_start task_poo_shadow_1
task_poo_shadow_1: @ 080CBF48
	push {lr}
	bl func_08000EA4
	movs r0, #0x01
	pop {r1}
	bx r1
	thumb_func_start task_poo_shadow_2
task_poo_shadow_2: @ 080CBF54
	push {lr}
	bl func_08000EE0
	pop {r0}
	bx r0
	.byte 0x00, 0x00
	thumb_func_start task_poo_shadow_3
task_poo_shadow_3: @ 080CBF60
	push {lr}
	bl func_08000F0C
	pop {r0}
	bx r0
	.byte 0x00, 0x00
	thumb_func_start task_poo_shadowdodai_0
task_poo_shadowdodai_0: @ 080CBF6C
	push {r4, r5, lr}
	adds r4, r0, #0x0
	ldr r2, [r1, #0x00]
	str r2, [r4, #0x14]
	ldr r0, [r1, #0x04]
	str r0, [r4, #0x18]
	ldr r0, [r2, #0x00]
	str r0, [r4, #0x00]
	ldr r0, [r2, #0x04]
	str r0, [r4, #0x04]
	ldr r0, _080CBFBC @ =0x08B22BBC
	movs r1, #0x80
	lsls r1, r1, #0x01
	bl func_080026A4
	str r0, [r4, #0x08]
	ldr r0, _080CBFC0 @ =0x08F69BE4
	movs r1, #0x20
	bl func_08002A14
	str r0, [r4, #0x0C]
	adds r5, r4, #0x0
	adds r5, #0x1C
	ldr r1, _080CBFC4 @ =0x09EE1384
	ldr r2, _080CBFC8 @ =0x09EE1380
	adds r0, r5, #0x0
	bl func_08005968
	adds r0, r5, #0x0
	movs r1, #0x00
	movs r2, #0x01
	bl func_080059A4
	adds r0, r5, #0x0
	bl func_08005A64
	str r0, [r4, #0x10]
	pop {r4, r5}
	pop {r0}
	bx r0
_080CBFBC: .4byte 0x08B22BBC
_080CBFC0: .4byte 0x08F69BE4
_080CBFC4: .4byte 0x09EE1384
_080CBFC8: .4byte 0x09EE1380
	thumb_func_start task_poo_shadowdodai_1
task_poo_shadowdodai_1: @ 080CBFCC
	ldr r2, [r0, #0x14]
	ldr r1, [r2, #0x00]
	str r1, [r0, #0x00]
	ldr r1, [r2, #0x04]
	str r1, [r0, #0x04]
	movs r0, #0x01
	bx lr
	.byte 0x00, 0x00
	thumb_func_start task_poo_shadowdodai_2
task_poo_shadowdodai_2: @ 080CBFDC
	push {r4, r5, r6, lr}
	add sp, #-0x010
	adds r6, r0, #0x0
	ldr r2, [r6, #0x18]
	ldrh r0, [r2, #0x00]
	cmp r0, #0x00
	beq _080CC052
	ldr r4, [r2, #0x04]
	ldr r0, [r6, #0x14]
	ldr r1, [r0, #0x08]
	cmp r1, r4
	blt _080CBFF8
	movs r2, #0xA6
	b _080CC00C
_080CBFF8:
	subs r1, r4, r1
	cmp r1, #0x00
	bge _080CC000
	adds r1, #0x7F
_080CC000:
	asrs r1, r1, #0x07
	movs r0, #0xA6
	subs r2, r0, r1
	cmp r2, #0x18
	bgt _080CC00C
	movs r2, #0x19
_080CC00C:
	movs r0, #0x00
	adds r1, r2, #0x0
	movs r3, #0x00
	bl func_08002CB4
	adds r5, r0, #0x0
	ldr r0, [r6, #0x00]
	asrs r0, r0, #0x08
	ldr r1, _080CC05C @ =0x0203C40C
	ldrh r1, [r1, #0x00]
	subs r0, r0, r1
	ldr r1, [r6, #0x04]
	asrs r1, r1, #0x08
	asrs r2, r4, #0x08
	adds r1, r1, r2
	ldr r2, _080CC060 @ =0x0203C3F8
	ldrh r2, [r2, #0x00]
	subs r1, r1, r2
	lsls r0, r0, #0x10
	asrs r0, r0, #0x10
	lsls r1, r1, #0x10
	asrs r1, r1, #0x10
	ldr r2, [r6, #0x10]
	ldr r3, [r6, #0x08]
	ldr r4, [r6, #0x0C]
	str r4, [sp, #0x000]
	str r5, [sp, #0x004]
	movs r4, #0x80
	lsls r4, r4, #0x04
	str r4, [sp, #0x008]
	ldr r4, [r6, #0x18]
	ldrh r4, [r4, #0x00]
	str r4, [sp, #0x00C]
	bl func_080023E0
_080CC052:
	add sp, #0x010
	pop {r4, r5, r6}
	pop {r0}
	bx r0
	.byte 0x00, 0x00
_080CC05C: .4byte 0x0203C40C
_080CC060: .4byte 0x0203C3F8
	thumb_func_start task_poo_shadowdodai_3
task_poo_shadowdodai_3: @ 080CC064
	push {r4, lr}
	adds r4, r0, #0x0
	ldr r0, [r4, #0x08]
	bl func_080028C0
	ldr r0, [r4, #0x0C]
	bl func_08002C10
	pop {r4}
	pop {r0}
	bx r0
	.byte 0x00, 0x00
	thumb_func_start task_poo_shadowscale_0
task_poo_shadowscale_0: @ 080CC07C
	push {r4, r5, lr}
	adds r4, r0, #0x0
	ldr r0, [r1, #0x00]
	str r0, [r4, #0x10]
	ldr r2, [r0, #0x00]
	str r2, [r4, #0x00]
	ldr r0, [r0, #0x04]
	str r0, [r4, #0x04]
	ldr r0, [r1, #0x08]
	str r0, [r4, #0x2C]
	ldr r0, _080CC0CC @ =0x08B22BBC
	movs r1, #0x80
	lsls r1, r1, #0x01
	bl func_080026A4
	str r0, [r4, #0x08]
	ldr r0, _080CC0D0 @ =0x08F69BE4
	movs r1, #0x20
	bl func_08002A14
	str r0, [r4, #0x0C]
	adds r5, r4, #0x0
	adds r5, #0x14
	ldr r1, _080CC0D4 @ =0x09EE1384
	ldr r2, _080CC0D8 @ =0x09EE1380
	adds r0, r5, #0x0
	bl func_08005968
	adds r0, r5, #0x0
	movs r1, #0x00
	movs r2, #0x01
	bl func_080059A4
	adds r0, r5, #0x0
	bl func_08005A64
	str r0, [r4, #0x30]
	pop {r4, r5}
	pop {r0}
	bx r0
_080CC0CC: .4byte 0x08B22BBC
_080CC0D0: .4byte 0x08F69BE4
_080CC0D4: .4byte 0x09EE1384
_080CC0D8: .4byte 0x09EE1380
	thumb_func_start task_poo_shadowscale_1
task_poo_shadowscale_1: @ 080CC0DC
	ldr r2, [r0, #0x10]
	ldr r1, [r2, #0x00]
	str r1, [r0, #0x00]
	ldr r1, [r2, #0x04]
	str r1, [r0, #0x04]
	movs r0, #0x01
	bx lr
	.byte 0x00, 0x00
	thumb_func_start task_poo_shadowscale_2
task_poo_shadowscale_2: @ 080CC0EC
	push {r4, r5, lr}
	add sp, #-0x010
	adds r4, r0, #0x0
	ldr r0, [r4, #0x10]
	ldr r0, [r0, #0x08]
	cmp r0, #0x00
	blt _080CC0FE
	ldr r2, [r4, #0x2C]
	b _080CC10C
_080CC0FE:
	adds r0, #0x7F
	asrs r0, r0, #0x07
	ldr r1, [r4, #0x2C]
	adds r2, r1, r0
	cmp r2, #0x18
	bgt _080CC10C
	movs r2, #0x19
_080CC10C:
	movs r0, #0x00
	adds r1, r2, #0x0
	movs r3, #0x00
	bl func_08002CB4
	adds r5, r0, #0x0
	ldr r0, [r4, #0x00]
	asrs r0, r0, #0x08
	ldr r1, _080CC154 @ =0x0203C40C
	ldrh r1, [r1, #0x00]
	subs r0, r0, r1
	ldr r1, [r4, #0x04]
	asrs r1, r1, #0x08
	ldr r2, _080CC158 @ =0x0203C3F8
	ldrh r2, [r2, #0x00]
	subs r1, r1, r2
	lsls r0, r0, #0x10
	asrs r0, r0, #0x10
	lsls r1, r1, #0x10
	asrs r1, r1, #0x10
	ldr r2, [r4, #0x30]
	ldr r3, [r4, #0x08]
	ldr r4, [r4, #0x0C]
	str r4, [sp, #0x000]
	str r5, [sp, #0x004]
	movs r4, #0x80
	lsls r4, r4, #0x04
	str r4, [sp, #0x008]
	ldr r4, _080CC15C @ =0x0000FFF0
	str r4, [sp, #0x00C]
	bl func_080023E0
	add sp, #0x010
	pop {r4, r5}
	pop {r0}
	bx r0
_080CC154: .4byte 0x0203C40C
_080CC158: .4byte 0x0203C3F8
_080CC15C: .4byte 0x0000FFF0
	thumb_func_start task_poo_shadowscale_3
task_poo_shadowscale_3: @ 080CC160
	push {r4, lr}
	adds r4, r0, #0x0
	ldr r0, [r4, #0x08]
	bl func_080028C0
	ldr r0, [r4, #0x0C]
	bl func_08002C10
	pop {r4}
	pop {r0}
	bx r0
	.byte 0x00, 0x00
	thumb_func_start func_080CC178
func_080CC178: @ 080CC178
	push {lr}
	add sp, #-0x00C
	str r1, [sp, #0x000]
	str r2, [sp, #0x008]
	ldr r1, _080CC190 @ =0x09EF4958
	mov r2, sp
	bl func_08000E14
	add sp, #0x00C
	pop {r0}
	bx r0
	.byte 0x00, 0x00
_080CC190: .4byte 0x09EF4958
	thumb_func_start task_poo_freeballoon_0
task_poo_freeballoon_0: @ 080CC194
	push {r4, r5, r6, lr}
	adds r6, r0, #0x0
	adds r2, r6, #0x0
	adds r2, #0x24
	adds r0, r1, #0x0
	ldm r0!, {r3, r4, r5}
	stm r2!, {r3, r4, r5}
	ldr r0, [r0, #0x00]
	str r0, [r2, #0x00]
	adds r2, r6, #0x0
	adds r2, #0x6C
	adds r0, r1, #0x0
	ldm r0!, {r3, r4, r5}
	stm r2!, {r3, r4, r5}
	ldr r0, [r0, #0x00]
	str r0, [r2, #0x00]
	adds r2, r6, #0x0
	adds r2, #0x34
	adds r0, r1, #0x0
	ldm r0!, {r3, r4, r5}
	stm r2!, {r3, r4, r5}
	ldr r0, [r0, #0x00]
	str r0, [r2, #0x00]
	adds r2, r6, #0x0
	adds r2, #0x7C
	adds r0, r1, #0x0
	ldm r0!, {r3, r4, r5}
	stm r2!, {r3, r4, r5}
	ldr r0, [r0, #0x00]
	str r0, [r2, #0x00]
	adds r0, r6, #0x0
	adds r0, #0x94
	str r1, [r0, #0x00]
	ldr r5, _080CC264 @ =0x09EF5AA0
	adds r0, r5, #0x0
	movs r1, #0x04
	bl func_08003524
	lsls r0, r0, #0x10
	lsrs r0, r0, #0x10
	ldr r1, _080CC268 @ =0x09732272
	bl func_080028F8
	str r0, [r6, #0x00]
	ldr r0, _080CC26C @ =0x09849B38
	movs r1, #0x20
	bl func_08002A14
	str r0, [r6, #0x04]
	adds r4, r6, #0x0
	adds r4, #0x0C
	ldr r1, _080CC270 @ =0x09EF5AB4
	adds r0, r4, #0x0
	adds r2, r5, #0x0
	bl func_08005968
	adds r0, r4, #0x0
	movs r1, #0x00
	movs r2, #0x01
	bl func_080059A4
	adds r0, r4, #0x0
	bl func_08005AFC
	str r0, [r6, #0x08]
	ldr r5, _080CC274 @ =0x09EF5AB8
	adds r0, r5, #0x0
	movs r1, #0x04
	bl func_08003524
	lsls r0, r0, #0x10
	lsrs r0, r0, #0x10
	ldr r1, _080CC278 @ =0x0973291E
	bl func_080028F8
	str r0, [r6, #0x48]
	ldr r0, _080CC27C @ =0x09849B58
	movs r1, #0x20
	bl func_08002A14
	str r0, [r6, #0x4C]
	adds r4, #0x48
	ldr r1, _080CC280 @ =0x09EF5ACC
	adds r0, r4, #0x0
	adds r2, r5, #0x0
	bl func_08005968
	adds r0, r4, #0x0
	movs r1, #0x00
	movs r2, #0x01
	bl func_080059A4
	adds r0, r4, #0x0
	bl func_08005AFC
	str r0, [r6, #0x50]
	adds r1, r6, #0x0
	adds r1, #0x90
	movs r0, #0x00
	strh r0, [r1, #0x00]
	pop {r4, r5, r6}
	pop {r0}
	bx r0
	.byte 0x00, 0x00
_080CC264: .4byte 0x09EF5AA0
_080CC268: .4byte 0x09732272
_080CC26C: .4byte 0x09849B38
_080CC270: .4byte 0x09EF5AB4
_080CC274: .4byte 0x09EF5AB8
_080CC278: .4byte 0x0973291E
_080CC27C: .4byte 0x09849B58
_080CC280: .4byte 0x09EF5ACC
	thumb_func_start func_080CC284
func_080CC284: @ 080CC284
	lsls r1, r1, #0x10
	lsrs r2, r1, #0x10
	lsls r0, r0, #0x10
	movs r1, #0x80
	lsls r1, r1, #0x0F
	adds r0, r0, r1
	movs r1, #0xB8
	lsls r1, r1, #0x11
	cmp r0, r1
	bhi _080CC2A8
	lsls r0, r2, #0x10
	asrs r1, r0, #0x10
	movs r0, #0x40
	negs r0, r0
	cmp r1, r0
	blt _080CC2A8
	cmp r1, #0xE0
	ble _080CC2AC
_080CC2A8:
	movs r0, #0x00
	b _080CC2AE
_080CC2AC:
	movs r0, #0x01
_080CC2AE:
	bx lr
	thumb_func_start task_poo_freeballoon_1
task_poo_freeballoon_1: @ 080CC2B0
	push {r4, r5, r6, r7, lr}
	adds r7, r0, #0x0
	adds r1, r7, #0x0
	adds r1, #0x90
	ldrh r2, [r1, #0x00]
	adds r0, r2, #0x1
	strh r0, [r1, #0x00]
	lsls r0, r0, #0x10
	lsrs r0, r0, #0x10
	cmp r0, #0x05
	bls _080CC2EE
	subs r1, r2, #0x4
	lsls r1, r1, #0x10
	lsrs r1, r1, #0x10
	lsls r2, r1, #0x08
	ldr r0, [r7, #0x7C]
	subs r0, r0, r2
	str r0, [r7, #0x6C]
	adds r2, r7, #0x0
	adds r2, #0x80
	adds r0, r1, #0x0
	muls r0, r1
	lsls r0, r0, #0x08
	cmp r0, #0x00
	bge _080CC2E4
	adds r0, #0x1F
_080CC2E4:
	asrs r1, r0, #0x05
	ldr r0, [r2, #0x00]
	subs r0, r0, r1
	str r0, [r7, #0x70]
	b _080CC30E
_080CC2EE:
	adds r2, r7, #0x0
	adds r2, #0x94
	adds r1, r7, #0x0
	adds r1, #0x6C
	ldr r0, [r2, #0x00]
	ldm r0!, {r3, r4, r5}
	stm r1!, {r3, r4, r5}
	ldr r0, [r0, #0x00]
	str r0, [r1, #0x00]
	adds r1, r7, #0x0
	adds r1, #0x7C
	ldr r0, [r2, #0x00]
	ldm r0!, {r2, r3, r4}
	stm r1!, {r2, r3, r4}
	ldr r0, [r0, #0x00]
	str r0, [r1, #0x00]
_080CC30E:
	adds r2, r7, #0x0
	adds r2, #0x90
	ldrh r1, [r2, #0x00]
	lsls r1, r1, #0x08
	ldr r0, [r7, #0x34]
	adds r0, r0, r1
	str r0, [r7, #0x24]
	ldrh r0, [r2, #0x00]
	adds r5, r0, #0x0
	muls r5, r0
	adds r0, r5, #0x0
	lsls r0, r0, #0x08
	cmp r0, #0x00
	bge _080CC32C
	adds r0, #0x1F
_080CC32C:
	asrs r1, r0, #0x05
	ldr r0, [r7, #0x38]
	subs r0, r0, r1
	str r0, [r7, #0x28]
	ldr r0, [r7, #0x6C]
	asrs r0, r0, #0x08
	ldr r1, _080CC3C8 @ =0x0203C40C
	ldrh r3, [r1, #0x00]
	subs r0, r0, r3
	adds r6, r7, #0x0
	adds r6, #0x8C
	strh r0, [r6, #0x00]
	ldr r1, [r7, #0x70]
	asrs r1, r1, #0x08
	ldr r0, [r7, #0x74]
	asrs r0, r0, #0x08
	adds r1, r1, r0
	ldr r0, _080CC3CC @ =0x0203C3F8
	ldrh r2, [r0, #0x00]
	subs r1, r1, r2
	movs r0, #0x8E
	adds r0, r0, r7
	mov r12, r0
	strh r1, [r0, #0x00]
	ldr r0, [r7, #0x24]
	asrs r0, r0, #0x08
	subs r0, r0, r3
	adds r5, r7, #0x0
	adds r5, #0x44
	strh r0, [r5, #0x00]
	ldr r1, [r7, #0x28]
	asrs r1, r1, #0x08
	ldr r0, [r7, #0x2C]
	asrs r0, r0, #0x08
	adds r1, r1, r0
	subs r1, r1, r2
	adds r4, r7, #0x0
	adds r4, #0x46
	strh r1, [r4, #0x00]
	movs r1, #0x00
	ldsh r0, [r6, r1]
	mov r2, r12
	movs r3, #0x00
	ldsh r1, [r2, r3]
	bl func_080CC284
	lsls r0, r0, #0x18
	lsrs r0, r0, #0x18
	cmp r0, #0x00
	beq _080CC398
	adds r0, r7, #0x0
	adds r0, #0x54
	bl func_08005A64
_080CC398:
	str r0, [r7, #0x50]
	movs r1, #0x00
	ldsh r0, [r5, r1]
	movs r2, #0x00
	ldsh r1, [r4, r2]
	bl func_080CC284
	lsls r0, r0, #0x18
	lsrs r0, r0, #0x18
	cmp r0, #0x00
	beq _080CC3B6
	adds r0, r7, #0x0
	adds r0, #0x0C
	bl func_08005A64
_080CC3B6:
	str r0, [r7, #0x08]
	ldr r0, [r7, #0x08]
	cmp r0, #0x00
	bne _080CC3D0
	ldr r0, [r7, #0x50]
	cmp r0, #0x00
	bne _080CC3D0
	movs r0, #0x00
	b _080CC3D2
_080CC3C8: .4byte 0x0203C40C
_080CC3CC: .4byte 0x0203C3F8
_080CC3D0:
	movs r0, #0x01
_080CC3D2:
	pop {r4, r5, r6, r7}
	pop {r1}
	bx r1
	thumb_func_start task_poo_freeballoon_2
task_poo_freeballoon_2: @ 080CC3D8
	push {r4, r5, r6, r7, lr}
	add sp, #-0x010
	adds r5, r0, #0x0
	ldr r6, [r5, #0x50]
	cmp r6, #0x00
	beq _080CC41A
	adds r0, #0x8C
	movs r1, #0x00
	ldsh r0, [r0, r1]
	adds r1, r5, #0x0
	adds r1, #0x8E
	movs r2, #0x00
	ldsh r1, [r1, r2]
	ldr r3, [r5, #0x48]
	ldr r2, [r5, #0x4C]
	str r2, [sp, #0x000]
	movs r2, #0x00
	str r2, [sp, #0x004]
	movs r2, #0x80
	lsls r2, r2, #0x04
	str r2, [sp, #0x008]
	ldr r4, [r5, #0x70]
	asrs r4, r4, #0x08
	lsls r4, r4, #0x02
	ldr r7, _080CC460 @ =0xFFFFEFFC
	adds r2, r7, #0x0
	subs r2, r2, r4
	lsls r2, r2, #0x10
	lsrs r2, r2, #0x10
	str r2, [sp, #0x00C]
	adds r2, r6, #0x0
	bl func_080023E0
_080CC41A:
	ldr r6, [r5, #0x08]
	cmp r6, #0x00
	beq _080CC458
	adds r0, r5, #0x0
	adds r0, #0x44
	movs r1, #0x00
	ldsh r0, [r0, r1]
	adds r1, r5, #0x0
	adds r1, #0x46
	movs r2, #0x00
	ldsh r1, [r1, r2]
	ldr r3, [r5, #0x00]
	ldr r2, [r5, #0x04]
	str r2, [sp, #0x000]
	movs r2, #0x00
	str r2, [sp, #0x004]
	movs r2, #0x80
	lsls r2, r2, #0x04
	str r2, [sp, #0x008]
	ldr r4, [r5, #0x28]
	asrs r4, r4, #0x08
	lsls r4, r4, #0x02
	ldr r5, _080CC460 @ =0xFFFFEFFC
	adds r2, r5, #0x0
	subs r2, r2, r4
	lsls r2, r2, #0x10
	lsrs r2, r2, #0x10
	str r2, [sp, #0x00C]
	adds r2, r6, #0x0
	bl func_080023E0
_080CC458:
	add sp, #0x010
	pop {r4, r5, r6, r7}
	pop {r0}
	bx r0
_080CC460: .4byte 0xFFFFEFFC
	thumb_func_start task_poo_freeballoon_3
task_poo_freeballoon_3: @ 080CC464
	push {r4, lr}
	adds r4, r0, #0x0
	ldr r0, [r4, #0x48]
	bl func_080028C0
	ldr r0, [r4, #0x4C]
	bl func_08002C10
	ldr r0, [r4, #0x00]
	bl func_080028C0
	ldr r0, [r4, #0x04]
	bl func_08002C10
	pop {r4}
	pop {r0}
	bx r0
	.byte 0x00, 0x00
	thumb_func_start func_080CC488
func_080CC488: @ 080CC488
	push {r4, lr}
	lsls r0, r0, #0x10
	lsrs r2, r0, #0x10
	ldr r0, _080CC4C0 @ =0x0203C3E4
	ldrh r1, [r0, #0x00]
	movs r0, #0x03
	subs r4, r0, r1
	ldr r0, _080CC4C4 @ =0x0203C3E0
	ldrh r1, [r0, #0x00]
	ldr r0, _080CC4C8 @ =0x000001CD
	cmp r1, r0
	bhi _080CC4B6
	adds r0, r2, #0x0
	movs r1, #0x14
	bl _0811D754
	movs r1, #0x01
	ands r0, r1
	cmp r0, #0x00
	beq _080CC4B6
	cmp r4, #0x02
	bgt _080CC4B6
	adds r4, #0x01
_080CC4B6:
	adds r0, r4, #0x0
	pop {r4}
	pop {r1}
	bx r1
	.byte 0x00, 0x00
_080CC4C0: .4byte 0x0203C3E4
_080CC4C4: .4byte 0x0203C3E0
_080CC4C8: .4byte 0x000001CD
	thumb_func_start task_poo_gauge_0
task_poo_gauge_0: @ 080CC4CC
	push {r4, r5, r6, lr}
	mov r6, r8
	push {r6}
	adds r4, r0, #0x0
	movs r0, #0x00
	mov r8, r0
	movs r0, #0x00
	strh r0, [r4, #0x12]
	ldr r6, _080CC51C @ =0x09EF5B2C
	adds r0, r6, #0x0
	movs r1, #0x04
	bl func_08003524
	lsls r0, r0, #0x10
	lsrs r0, r0, #0x10
	ldr r1, _080CC520 @ =0x097356F4
	bl func_080028F8
	str r0, [r4, #0x00]
	ldr r5, _080CC524 @ =0x09849B98
	adds r0, r5, #0x0
	movs r1, #0x20
	bl func_08002A14
	str r0, [r4, #0x04]
	str r5, [r4, #0x0C]
	ldrh r0, [r4, #0x12]
	bl func_080CC488
	lsls r0, r0, #0x02
	adds r0, r0, r6
	ldr r0, [r0, #0x00]
	str r0, [r4, #0x08]
	mov r0, r8
	strb r0, [r4, #0x10]
	pop {r3}
	mov r8, r3
	pop {r4, r5, r6}
	pop {r0}
	bx r0
_080CC51C: .4byte 0x09EF5B2C
_080CC520: .4byte 0x097356F4
_080CC524: .4byte 0x09849B98
	thumb_func_start task_poo_gauge_1
task_poo_gauge_1: @ 080CC528
	push {r4, r5, lr}
	adds r4, r0, #0x0
	ldrh r0, [r4, #0x12]
	adds r0, #0x01
	strh r0, [r4, #0x12]
	ldrh r0, [r4, #0x12]
	bl func_080CC488
	ldr r1, _080CC558 @ =0x09EF5B2C
	lsls r0, r0, #0x02
	adds r0, r0, r1
	ldr r0, [r0, #0x00]
	str r0, [r4, #0x08]
	ldr r0, _080CC55C @ =0x0203C3E4
	ldrh r0, [r0, #0x00]
	cmp r0, #0x01
	bhi _080CC568
	ldr r0, _080CC560 @ =0x0203C3E0
	ldrh r1, [r0, #0x00]
	ldr r0, _080CC564 @ =0x000001CD
	cmp r1, r0
	bhi _080CC568
	movs r0, #0x01
	b _080CC56A
_080CC558: .4byte 0x09EF5B2C
_080CC55C: .4byte 0x0203C3E4
_080CC560: .4byte 0x0203C3E0
_080CC564: .4byte 0x000001CD
_080CC568:
	movs r0, #0x00
_080CC56A:
	strb r0, [r4, #0x10]
	ldrb r0, [r4, #0x10]
	cmp r0, #0x00
	beq _080CC58C
	ldr r0, [r4, #0x0C]
	ldr r5, _080CC5A8 @ =0x09849BB8
	cmp r0, r5
	beq _080CC586
	ldr r0, [r4, #0x04]
	ldrh r0, [r0, #0x06]
	adds r1, r5, #0x0
	bl func_08002BAC
	str r5, [r4, #0x0C]
_080CC586:
	ldrb r0, [r4, #0x10]
	cmp r0, #0x00
	bne _080CC5A0
_080CC58C:
	ldr r0, [r4, #0x0C]
	ldr r5, _080CC5AC @ =0x09849B98
	cmp r0, r5
	beq _080CC5A0
	ldr r0, [r4, #0x04]
	ldrh r0, [r0, #0x06]
	adds r1, r5, #0x0
	bl func_08002BAC
	str r5, [r4, #0x0C]
_080CC5A0:
	movs r0, #0x01
	pop {r4, r5}
	pop {r1}
	bx r1
_080CC5A8: .4byte 0x09849BB8
_080CC5AC: .4byte 0x09849B98
	thumb_func_start task_poo_gauge_2
task_poo_gauge_2: @ 080CC5B0
	push {lr}
	add sp, #-0x010
	ldr r2, [r0, #0x08]
	ldr r3, [r0, #0x00]
	ldr r0, [r0, #0x04]
	str r0, [sp, #0x000]
	movs r1, #0x00
	str r1, [sp, #0x004]
	movs r0, #0x80
	lsls r0, r0, #0x03
	str r0, [sp, #0x008]
	str r1, [sp, #0x00C]
	movs r0, #0xDC
	movs r1, #0x18
	bl func_080023E0
	add sp, #0x010
	pop {r0}
	bx r0
	.byte 0x00, 0x00
	thumb_func_start task_poo_gauge_3
task_poo_gauge_3: @ 080CC5D8
	push {r4, lr}
	adds r4, r0, #0x0
	ldr r0, [r4, #0x00]
	bl func_080028C0
	ldr r0, [r4, #0x04]
	bl func_08002C10
	pop {r4}
	pop {r0}
	bx r0
	.byte 0x00, 0x00
	thumb_func_start task_poo_trapballoon_0
task_poo_trapballoon_0: @ 080CC5F0
	push {r4, r5, r6, r7, lr}
	adds r7, r0, #0x0
	adds r0, #0x24
	ldm r1!, {r2, r3, r4}
	stm r0!, {r2, r3, r4}
	ldr r1, [r1, #0x00]
	str r1, [r0, #0x00]
	movs r5, #0x00
	str r5, [r7, #0x2C]
	str r5, [r7, #0x30]
	ldr r6, _080CC678 @ =0x09EF5AD0
	adds r0, r6, #0x0
	movs r1, #0x04
	bl func_08003524
	adds r1, r7, #0x0
	adds r1, #0xCC
	strh r0, [r1, #0x00]
	str r5, [r7, #0x04]
	adds r4, r7, #0x0
	adds r4, #0x0C
	ldr r1, _080CC67C @ =0x09EF5AE0
	adds r0, r4, #0x0
	adds r2, r6, #0x0
	bl func_08005968
	adds r0, r4, #0x0
	movs r1, #0x00
	movs r2, #0x01
	bl func_080059A4
	adds r0, r4, #0x0
	bl func_08005AFC
	str r0, [r7, #0x08]
	adds r4, #0xA4
	adds r0, r4, #0x0
	movs r1, #0x03
	bl func_08000E64
	ldr r1, _080CC680 @ =0x09EF4928
	adds r2, r7, #0x0
	adds r2, #0x24
	adds r0, r4, #0x0
	bl func_08000E14
	adds r1, r7, #0x0
	adds r1, #0xC4
	str r0, [r1, #0x00]
	adds r0, r7, #0x0
	adds r0, #0xC8
	str r5, [r0, #0x00]
	bl func_080065A4
	adds r1, r7, #0x0
	adds r1, #0xCE
	strh r0, [r1, #0x00]
	adds r0, r7, #0x0
	adds r0, #0x34
	ldr r1, [r7, #0x24]
	ldr r2, [r7, #0x28]
	ldr r3, [r7, #0x2C]
	bl func_08012324
	pop {r4, r5, r6, r7}
	pop {r0}
	bx r0
	.byte 0x00, 0x00
_080CC678: .4byte 0x09EF5AD0
_080CC67C: .4byte 0x09EF5AE0
_080CC680: .4byte 0x09EF4928
	thumb_func_start task_poo_trapballoon_1
task_poo_trapballoon_1: @ 080CC684
	push {r4, r5, r6, r7, lr}
	mov r7, r8
	push {r7}
	add sp, #-0x010
	adds r5, r0, #0x0
	ldr r0, [r5, #0x04]
	cmp r0, #0x00
	bne _080CC696
	b _080CC7AA
_080CC696:
	adds r4, r5, #0x0
	adds r4, #0xC8
	ldr r0, [r4, #0x00]
	bl func_08000F48
	lsls r0, r0, #0x18
	adds r7, r4, #0x0
	cmp r0, #0x00
	beq _080CC6AA
	b _080CC7AA
_080CC6AA:
	adds r4, r5, #0x0
	adds r4, #0xC4
	ldr r0, [r4, #0x00]
	bl func_08000F48
	lsls r0, r0, #0x18
	mov r8, r4
	cmp r0, #0x00
	bne _080CC6CC
	ldr r0, [r7, #0x00]
	bl func_08000F48
	lsls r0, r0, #0x18
	cmp r0, #0x00
	bne _080CC6CC
	movs r0, #0x00
	b _080CC7AC
_080CC6CC:
	adds r4, r5, #0x0
	adds r4, #0x34
	adds r0, r4, #0x0
	movs r1, #0x09
	bl func_08012660
	lsls r0, r0, #0x18
	adds r6, r4, #0x0
	cmp r0, #0x00
	beq _080CC718
	bl func_080C9D70
	lsls r0, r0, #0x18
	cmp r0, #0x00
	beq _080CC718
	ldr r1, _080CC70C @ =0x0203C3DC
	ldr r0, [r5, #0x24]
	str r0, [r1, #0x00]
	ldr r1, _080CC710 @ =0x0203C3E8
	ldr r0, [r5, #0x28]
	str r0, [r1, #0x00]
	ldr r1, _080CC714 @ =0x0203C3F0
	movs r0, #0x02
	str r0, [r1, #0x00]
	adds r0, r5, #0x0
	adds r0, #0x90
	movs r1, #0x00
	bl func_080CCB84
	movs r0, #0x00
	b _080CC7AC
	.byte 0x00, 0x00
_080CC70C: .4byte 0x0203C3DC
_080CC710: .4byte 0x0203C3E8
_080CC714: .4byte 0x0203C3F0
_080CC718:
	ldr r0, _080CC7B8 @ =0x0203C3D8
	ldrb r0, [r0, #0x00]
	cmp r0, #0x00
	bne _080CC738
	adds r0, r6, #0x0
	movs r1, #0x09
	bl func_08012660
	lsls r0, r0, #0x18
	cmp r0, #0x00
	beq _080CC7AA
	bl func_080C9D70
	lsls r0, r0, #0x18
	cmp r0, #0x00
	bne _080CC7AA
_080CC738:
	adds r0, r6, #0x0
	bl func_080C76B0
	lsls r0, r0, #0x18
	cmp r0, #0x00
	beq _080CC7AA
	mov r1, sp
	adds r0, r5, #0x0
	adds r0, #0x24
	ldm r0!, {r2, r3, r4}
	stm r1!, {r2, r3, r4}
	ldr r0, [r0, #0x00]
	str r0, [r1, #0x00]
	ldr r0, [sp, #0x008]
	ldr r1, _080CC7BC @ =0xFFFFF000
	adds r0, r0, r1
	str r0, [sp, #0x008]
	adds r4, r5, #0x0
	adds r4, #0xB0
	ldr r1, _080CC7C0 @ =0x09EF4BC8
	adds r0, r4, #0x0
	mov r2, sp
	bl func_08000E14
	adds r0, r5, #0x0
	adds r0, #0x90
	movs r1, #0x00
	bl func_080CCB84
	adds r0, r6, #0x0
	movs r1, #0x01
	bl func_08012614
	mov r2, r8
	ldr r1, [r2, #0x00]
	adds r0, r4, #0x0
	bl func_08000DE8
	ldr r0, [r5, #0x24]
	ldr r3, _080CC7C4 @ =0xFFFFF800
	adds r0, r0, r3
	str r0, [r5, #0x24]
	ldr r0, [r5, #0x28]
	movs r1, #0x80
	lsls r1, r1, #0x05
	adds r0, r0, r1
	str r0, [r5, #0x28]
	ldr r1, _080CC7C8 @ =0x09EF4970
	adds r2, r5, #0x0
	adds r2, #0x24
	adds r0, r4, #0x0
	bl func_08000E14
	str r0, [r7, #0x00]
	ldr r0, _080CC7CC @ =0x00000147
	bl func_0811FE70
_080CC7AA:
	movs r0, #0x01
_080CC7AC:
	add sp, #0x010
	pop {r3}
	mov r8, r3
	pop {r4, r5, r6, r7}
	pop {r1}
	bx r1
_080CC7B8: .4byte 0x0203C3D8
_080CC7BC: .4byte 0xFFFFF000
_080CC7C0: .4byte 0x09EF4BC8
_080CC7C4: .4byte 0xFFFFF800
_080CC7C8: .4byte 0x09EF4970
_080CC7CC: .4byte 0x00000147
	thumb_func_start task_poo_trapballoon_2
task_poo_trapballoon_2: @ 080CC7D0
	push {r4, r5, r6, r7, lr}
	mov r7, r8
	push {r7}
	add sp, #-0x010
	adds r4, r0, #0x0
	adds r0, #0xC8
	ldr r0, [r0, #0x00]
	bl func_08000F48
	lsls r0, r0, #0x18
	lsrs r0, r0, #0x18
	mov r8, r0
	cmp r0, #0x00
	beq _080CC7FC
	adds r4, #0xB0
	adds r0, r4, #0x0
	bl func_08000EA4
	adds r0, r4, #0x0
	bl func_08000EE0
	b _080CC914
_080CC7FC:
	adds r0, r4, #0x0
	adds r0, #0x0C
	bl func_08005A64
	str r0, [r4, #0x08]
	adds r1, r4, #0x0
	adds r1, #0xCE
	ldrh r0, [r1, #0x00]
	adds r0, #0x02
	strh r0, [r1, #0x00]
	ldr r2, _080CC890 @ =0x08121400
	movs r1, #0xFF
	ands r0, r1
	lsls r0, r0, #0x01
	adds r0, r0, r2
	movs r1, #0x00
	ldsh r3, [r0, r1]
	lsls r3, r3, #0x01
	ldr r2, [r4, #0x24]
	ldr r5, _080CC894 @ =0xFFFFF800
	adds r2, r2, r5
	asrs r2, r2, #0x08
	ldr r0, _080CC898 @ =0x0203C40C
	ldrh r0, [r0, #0x00]
	subs r2, r2, r0
	movs r0, #0x90
	lsls r0, r0, #0x05
	adds r3, r3, r0
	ldr r1, [r4, #0x28]
	adds r1, r1, r3
	asrs r1, r1, #0x08
	ldr r0, [r4, #0x2C]
	asrs r0, r0, #0x08
	adds r1, r1, r0
	ldr r0, _080CC89C @ =0x0203C3F8
	ldrh r0, [r0, #0x00]
	subs r1, r1, r0
	lsls r2, r2, #0x10
	asrs r7, r2, #0x10
	lsls r1, r1, #0x10
	asrs r6, r1, #0x10
	movs r0, #0x18
	str r0, [sp, #0x000]
	str r0, [sp, #0x004]
	adds r0, r7, #0x0
	adds r1, r6, #0x0
	movs r2, #0x40
	movs r3, #0x08
	bl func_080035CC
	lsls r0, r0, #0x18
	lsrs r5, r0, #0x18
	cmp r5, #0x00
	beq _080CC8A0
	ldr r0, [r4, #0x04]
	cmp r0, #0x00
	beq _080CC914
	ldr r0, [r4, #0x00]
	bl func_080028C0
	ldr r0, [r4, #0x04]
	bl func_08002C10
	mov r1, r8
	str r1, [r4, #0x04]
	adds r0, r4, #0x0
	adds r0, #0x34
	bl func_08012304
	adds r0, r4, #0x0
	adds r0, #0x90
	bl func_080CCBD4
	b _080CC914
_080CC890: .4byte 0x08121400
_080CC894: .4byte 0xFFFFF800
_080CC898: .4byte 0x0203C40C
_080CC89C: .4byte 0x0203C3F8
_080CC8A0:
	ldr r0, [r4, #0x04]
	cmp r0, #0x00
	bne _080CC8DC
	adds r0, r4, #0x0
	adds r0, #0xCC
	ldrh r0, [r0, #0x00]
	ldr r1, _080CC920 @ =0x09732FB6
	bl func_080028F8
	str r0, [r4, #0x00]
	ldr r0, _080CC924 @ =0x09849B78
	movs r1, #0x20
	bl func_08002A14
	str r0, [r4, #0x04]
	adds r0, r4, #0x0
	adds r0, #0x34
	movs r1, #0x0A
	movs r2, #0x08
	movs r3, #0x10
	bl func_080122AC
	adds r0, r4, #0x0
	adds r0, #0x90
	movs r1, #0x80
	lsls r1, r1, #0x03
	adds r2, r4, #0x0
	adds r2, #0x24
	bl func_080CCB90
_080CC8DC:
	ldr r2, [r4, #0x08]
	ldr r3, [r4, #0x00]
	ldr r0, [r4, #0x04]
	str r0, [sp, #0x000]
	str r5, [sp, #0x004]
	movs r0, #0x80
	lsls r0, r0, #0x04
	str r0, [sp, #0x008]
	ldr r1, [r4, #0x28]
	asrs r1, r1, #0x08
	lsls r1, r1, #0x02
	ldr r5, _080CC928 @ =0xFFFFEFFC
	adds r0, r5, #0x0
	subs r0, r0, r1
	lsls r0, r0, #0x10
	lsrs r0, r0, #0x10
	str r0, [sp, #0x00C]
	adds r0, r7, #0x0
	adds r1, r6, #0x0
	bl func_080023E0
	adds r4, #0xB0
	adds r0, r4, #0x0
	bl func_08000EA4
	adds r0, r4, #0x0
	bl func_08000EE0
_080CC914:
	add sp, #0x010
	pop {r3}
	mov r8, r3
	pop {r4, r5, r6, r7}
	pop {r0}
	bx r0
_080CC920: .4byte 0x09732FB6
_080CC924: .4byte 0x09849B78
_080CC928: .4byte 0xFFFFEFFC
	thumb_func_start task_poo_trapballoon_3
task_poo_trapballoon_3: @ 080CC92C
	push {r4, lr}
	adds r4, r0, #0x0
	ldr r0, [r4, #0x04]
	cmp r0, #0x00
	beq _080CC952
	ldr r0, [r4, #0x00]
	bl func_080028C0
	ldr r0, [r4, #0x04]
	bl func_08002C10
	adds r0, r4, #0x0
	adds r0, #0x34
	bl func_08012304
	adds r0, r4, #0x0
	adds r0, #0x90
	bl func_080CCBD4
_080CC952:
	adds r0, r4, #0x0
	adds r0, #0xB0
	bl func_08000F0C
	pop {r4}
	pop {r0}
	bx r0
	thumb_func_start task_poo_owlballoon_0
task_poo_owlballoon_0: @ 080CC960
	push {r4, r5, r6, lr}
	adds r6, r0, #0x0
	adds r0, #0x24
	ldm r1!, {r2, r3, r4}
	stm r0!, {r2, r3, r4}
	ldr r1, [r1, #0x00]
	str r1, [r0, #0x00]
	movs r4, #0x00
	str r4, [r6, #0x2C]
	str r4, [r6, #0x30]
	ldr r5, _080CC9E8 @ =0x09EF5E38
	adds r0, r5, #0x0
	movs r1, #0x03
	bl func_08003524
	adds r1, r6, #0x0
	adds r1, #0xC8
	strh r0, [r1, #0x00]
	str r4, [r6, #0x04]
	adds r4, r6, #0x0
	adds r4, #0x0C
	ldr r1, _080CC9EC @ =0x09EF5E44
	adds r0, r4, #0x0
	adds r2, r5, #0x0
	bl func_08005968
	adds r0, r4, #0x0
	movs r1, #0x00
	movs r2, #0x01
	bl func_080059A4
	adds r0, r4, #0x0
	bl func_08005AFC
	str r0, [r6, #0x08]
	adds r4, #0xA4
	adds r0, r4, #0x0
	movs r1, #0x02
	bl func_08000E64
	ldr r1, _080CC9F0 @ =0x09EF4928
	adds r5, r6, #0x0
	adds r5, #0x24
	adds r0, r4, #0x0
	adds r2, r5, #0x0
	bl func_08000E14
	adds r1, r6, #0x0
	adds r1, #0xC4
	str r0, [r1, #0x00]
	adds r0, r6, #0x0
	adds r0, #0x34
	ldr r1, [r6, #0x24]
	ldr r2, [r6, #0x28]
	ldr r3, [r6, #0x2C]
	bl func_08012324
	adds r0, r6, #0x0
	adds r0, #0x90
	movs r1, #0x90
	lsls r1, r1, #0x02
	adds r2, r5, #0x0
	bl func_080CCB90
	pop {r4, r5, r6}
	pop {r0}
	bx r0
	.byte 0x00, 0x00
_080CC9E8: .4byte 0x09EF5E38
_080CC9EC: .4byte 0x09EF5E44
_080CC9F0: .4byte 0x09EF4928
	thumb_func_start task_poo_owlballoon_1
task_poo_owlballoon_1: @ 080CC9F4
	push {r4, lr}
	adds r4, r0, #0x0
	ldr r0, [r4, #0x04]
	cmp r0, #0x00
	beq _080CCA50
	adds r0, r4, #0x0
	adds r0, #0x34
	movs r1, #0x09
	bl func_08012660
	lsls r0, r0, #0x18
	cmp r0, #0x00
	beq _080CCA50
	bl func_080C9D70
	lsls r0, r0, #0x18
	cmp r0, #0x00
	beq _080CCA50
	ldr r1, _080CCA40 @ =0x0203C3DC
	ldr r0, [r4, #0x24]
	str r0, [r1, #0x00]
	ldr r1, _080CCA44 @ =0x0203C3E8
	ldr r0, [r4, #0x28]
	str r0, [r1, #0x00]
	ldr r1, _080CCA48 @ =0x0203C3F0
	movs r0, #0x07
	str r0, [r1, #0x00]
	adds r0, r4, #0x0
	adds r0, #0x90
	movs r1, #0x00
	bl func_080CCB84
	ldr r0, _080CCA4C @ =0x00000181
	bl func_0811FE70
	movs r0, #0x00
	b _080CCA52
	.byte 0x00, 0x00
_080CCA40: .4byte 0x0203C3DC
_080CCA44: .4byte 0x0203C3E8
_080CCA48: .4byte 0x0203C3F0
_080CCA4C: .4byte 0x00000181
_080CCA50:
	movs r0, #0x01
_080CCA52:
	pop {r4}
	pop {r1}
	bx r1
	thumb_func_start task_poo_owlballoon_2
task_poo_owlballoon_2: @ 080CCA58
	push {r4, r5, r6, r7, lr}
	add sp, #-0x010
	adds r4, r0, #0x0
	adds r0, #0x0C
	bl func_08005A64
	str r0, [r4, #0x08]
	ldr r1, [r4, #0x24]
	ldr r0, _080CCAC8 @ =0xFFFFF800
	adds r1, r1, r0
	asrs r1, r1, #0x08
	ldr r0, _080CCACC @ =0x0203C40C
	ldrh r0, [r0, #0x00]
	subs r1, r1, r0
	ldr r0, [r4, #0x28]
	movs r2, #0x80
	lsls r2, r2, #0x05
	adds r0, r0, r2
	asrs r0, r0, #0x08
	ldr r2, _080CCAD0 @ =0x0203C3F8
	ldrh r2, [r2, #0x00]
	subs r0, r0, r2
	lsls r1, r1, #0x10
	asrs r7, r1, #0x10
	lsls r0, r0, #0x10
	asrs r6, r0, #0x10
	movs r0, #0x18
	str r0, [sp, #0x000]
	str r0, [sp, #0x004]
	adds r0, r7, #0x0
	adds r1, r6, #0x0
	movs r2, #0x40
	movs r3, #0x08
	bl func_080035CC
	lsls r0, r0, #0x18
	lsrs r5, r0, #0x18
	cmp r5, #0x00
	beq _080CCAD4
	ldr r0, [r4, #0x04]
	cmp r0, #0x00
	beq _080CCB38
	ldr r0, [r4, #0x00]
	bl func_080028C0
	ldr r0, [r4, #0x04]
	bl func_08002C10
	movs r0, #0x00
	str r0, [r4, #0x04]
	adds r0, r4, #0x0
	adds r0, #0x34
	bl func_08012304
	b _080CCB38
	.byte 0x00, 0x00
_080CCAC8: .4byte 0xFFFFF800
_080CCACC: .4byte 0x0203C40C
_080CCAD0: .4byte 0x0203C3F8
_080CCAD4:
	ldr r0, [r4, #0x04]
	cmp r0, #0x00
	bne _080CCB00
	adds r0, r4, #0x0
	adds r0, #0xC8
	ldrh r0, [r0, #0x00]
	ldr r1, _080CCB40 @ =0x0974B4D8
	bl func_080028F8
	str r0, [r4, #0x00]
	ldr r0, _080CCB44 @ =0x09849C98
	movs r1, #0x20
	bl func_08002A14
	str r0, [r4, #0x04]
	adds r0, r4, #0x0
	adds r0, #0x34
	movs r1, #0x0A
	movs r2, #0x08
	movs r3, #0x10
	bl func_080122AC
_080CCB00:
	ldr r2, [r4, #0x08]
	ldr r3, [r4, #0x00]
	ldr r0, [r4, #0x04]
	str r0, [sp, #0x000]
	str r5, [sp, #0x004]
	movs r0, #0x80
	lsls r0, r0, #0x04
	str r0, [sp, #0x008]
	ldr r1, [r4, #0x28]
	asrs r1, r1, #0x08
	lsls r1, r1, #0x02
	ldr r5, _080CCB48 @ =0xFFFFEFFD
	adds r0, r5, #0x0
	subs r0, r0, r1
	lsls r0, r0, #0x10
	lsrs r0, r0, #0x10
	str r0, [sp, #0x00C]
	adds r0, r7, #0x0
	adds r1, r6, #0x0
	bl func_080023E0
	adds r4, #0xB0
	adds r0, r4, #0x0
	bl func_08000EA4
	adds r0, r4, #0x0
	bl func_08000EE0
_080CCB38:
	add sp, #0x010
	pop {r4, r5, r6, r7}
	pop {r0}
	bx r0
_080CCB40: .4byte 0x0974B4D8
_080CCB44: .4byte 0x09849C98
_080CCB48: .4byte 0xFFFFEFFD
	thumb_func_start task_poo_owlballoon_3
task_poo_owlballoon_3: @ 080CCB4C
	push {r4, lr}
	adds r4, r0, #0x0
	ldr r0, [r4, #0x04]
	cmp r0, #0x00
	beq _080CCB6A
	ldr r0, [r4, #0x00]
	bl func_080028C0
	ldr r0, [r4, #0x04]
	bl func_08002C10
	adds r0, r4, #0x0
	adds r0, #0x34
	bl func_08012304
_080CCB6A:
	adds r0, r4, #0x0
	adds r0, #0xB0
	bl func_08000F0C
	adds r0, r4, #0x0
	adds r0, #0x90
	bl func_080CCBD4
	pop {r4}
	pop {r0}
	bx r0
	thumb_func_start func_080CCB80
func_080CCB80: @ 080CCB80
	ldrh r0, [r0, #0x00]
	bx lr
	thumb_func_start func_080CCB84
func_080CCB84: @ 080CCB84
	strh r1, [r0, #0x00]
	bx lr
	.byte 0x40, 0x88, 0x70, 0x47
	thumb_func_start func_080CCB8C
func_080CCB8C: @ 080CCB8C
	strh r1, [r0, #0x02]
	bx lr
	thumb_func_start func_080CCB90
func_080CCB90: @ 080CCB90
	push {r4, r5, r6, lr}
	adds r5, r0, #0x0
	adds r4, r1, #0x0
	adds r6, r2, #0x0
	lsls r4, r4, #0x10
	lsrs r4, r4, #0x10
	adds r1, r4, #0x0
	bl func_080CCB84
	adds r0, r5, #0x0
	adds r1, r4, #0x0
	bl func_080CCB8C
	str r6, [r5, #0x08]
	movs r0, #0x00
	strh r0, [r5, #0x04]
	adds r4, r5, #0x0
	adds r4, #0x0C
	ldr r6, _080CCBD0 @ =0x02034DF8
	adds r0, r4, #0x0
	adds r1, r6, #0x0
	adds r2, r5, #0x0
	bl func_08000D20
	adds r0, r4, #0x0
	adds r1, r6, #0x0
	bl func_08000D28
	pop {r4, r5, r6}
	pop {r0}
	bx r0
	.byte 0x00, 0x00
_080CCBD0: .4byte 0x02034DF8
	thumb_func_start func_080CCBD4
func_080CCBD4: @ 080CCBD4
	push {lr}
	adds r0, #0x0C
	ldr r1, _080CCBE4 @ =0x02034DF8
	bl func_08000D90
	pop {r0}
	bx r0
	.byte 0x00, 0x00
_080CCBE4: .4byte 0x02034DF8
	.byte 0x00, 0xB5, 0x02, 0x48, 0x33, 0xF7, 0xDA, 0xFF, 0x01, 0xBC, 0x00, 0x47, 0xF8, 0x4D, 0x03, 0x02
	thumb_func_start func_080CCBF8
func_080CCBF8: @ 080CCBF8
	push {r4, r5, r6, r7, lr}
	ldr r1, _080CCC40 @ =0x0203C3EC
	ldr r3, [r1, #0x00]
	ldr r4, [r0, #0x08]
	ldr r1, [r3, #0x00]
	ldr r2, [r4, #0x00]
	subs r1, r1, r2
	lsls r1, r1, #0x08
	lsrs r6, r1, #0x10
	ldr r1, [r3, #0x04]
	ldr r2, [r4, #0x04]
	subs r1, r1, r2
	lsls r1, r1, #0x08
	lsrs r5, r1, #0x10
	bl func_080CCB80
	lsls r0, r0, #0x10
	lsrs r4, r0, #0x10
	lsls r0, r6, #0x10
	asrs r0, r0, #0x10
	adds r1, r0, #0x0
	muls r1, r0
	movs r0, #0xE1
	lsls r0, r0, #0x06
	cmp r1, r0
	ble _080CCC44
	lsls r0, r5, #0x10
	asrs r0, r0, #0x10
	adds r1, r0, #0x0
	muls r1, r0
	movs r0, #0xC8
	lsls r0, r0, #0x05
	cmp r1, r0
	ble _080CCC44
	movs r0, #0x00
	b _080CCC92
_080CCC40: .4byte 0x0203C3EC
_080CCC44:
	lsls r3, r6, #0x10
	asrs r0, r3, #0x10
	adds r2, r0, #0x0
	muls r2, r0
	lsls r1, r5, #0x10
	asrs r0, r1, #0x10
	adds r5, r0, #0x0
	muls r5, r0
	adds r0, r5, #0x0
	adds r2, r2, r0
	adds r6, r3, #0x0
	adds r7, r1, #0x0
	cmp r2, #0x00
	bne _080CCC64
	lsls r0, r4, #0x08
	b _080CCC92
_080CCC64:
	lsls r5, r4, #0x08
	cmp r4, #0x00
	beq _080CCC7A
	lsls r1, r2, #0x08
	adds r0, r5, #0x0
	bl func_0811D5EC
	cmp r0, #0x00
	bne _080CCC7A
	movs r0, #0x01
	b _080CCC92
_080CCC7A:
	asrs r0, r6, #0x10
	adds r1, r0, #0x0
	muls r1, r0
	asrs r0, r7, #0x10
	adds r2, r0, #0x0
	muls r2, r0
	adds r0, r2, #0x0
	adds r1, r1, r0
	lsls r1, r1, #0x08
	adds r0, r5, #0x0
	bl func_0811D5EC
_080CCC92:
	pop {r4, r5, r6, r7}
	pop {r1}
	bx r1
	thumb_func_start func_080CCC98
func_080CCC98: @ 080CCC98
	push {r4, r5, r6, lr}
	ldr r0, _080CCCEC @ =0x02034DF8
	bl func_08000C8C
	adds r5, r0, #0x0
	adds r4, r5, #0x0
	ldr r1, _080CCCF0 @ =0x02034DF0
	movs r0, #0x00
	str r0, [r1, #0x00]
	cmp r5, #0x00
	beq _080CCCD4
	adds r6, r1, #0x0
_080CCCB0:
	adds r0, r4, #0x0
	bl func_080CCBF8
	adds r1, r0, #0x0
	ldr r0, _080CCCF4 @ =0x02034DF4
	str r1, [r0, #0x00]
	ldr r0, [r6, #0x00]
	cmp r1, r0
	ble _080CCCC6
	str r1, [r6, #0x00]
	adds r5, r4, #0x0
_080CCCC6:
	adds r0, r4, #0x0
	adds r0, #0x0C
	bl func_08000CD4
	adds r4, r0, #0x0
	cmp r4, #0x00
	bne _080CCCB0
_080CCCD4:
	ldr r0, _080CCCF0 @ =0x02034DF0
	ldr r0, [r0, #0x00]
	cmp r0, #0x00
	bne _080CCCF8
	ldr r0, _080CCCEC @ =0x02034DF8
	bl func_08000C8C
	cmp r5, r0
	bne _080CCCF8
	movs r0, #0x00
	b _080CCCFA
	.byte 0x00, 0x00
_080CCCEC: .4byte 0x02034DF8
_080CCCF0: .4byte 0x02034DF0
_080CCCF4: .4byte 0x02034DF4
_080CCCF8:
	adds r0, r5, #0x0
_080CCCFA:
	pop {r4, r5, r6}
	pop {r1}
	bx r1
	thumb_func_start task_poo_honey_0
task_poo_honey_0: @ 080CCD00
	push {r4, r5, r6, r7, lr}
	adds r7, r0, #0x0
	ldr r0, [r1, #0x00]
	str r0, [r7, #0x24]
	ldr r0, [r1, #0x04]
	str r0, [r7, #0x28]
	movs r6, #0x00
	str r6, [r7, #0x2C]
	str r6, [r7, #0x04]
	ldr r5, _080CCDD0 @ =0x09EF5AE4
	adds r0, r5, #0x0
	movs r1, #0x0E
	bl func_08003524
	strh r0, [r7, #0x20]
	adds r4, r7, #0x0
	adds r4, #0x08
	ldr r1, _080CCDD4 @ =0x09EF5B1C
	adds r0, r4, #0x0
	adds r2, r5, #0x0
	bl func_08005968
	adds r0, r4, #0x0
	movs r1, #0x03
	movs r2, #0x01
	bl func_080059A4
	adds r0, r7, #0x0
	adds r0, #0x74
	ldr r1, [r7, #0x24]
	ldr r2, [r7, #0x28]
	ldr r3, [r7, #0x2C]
	bl func_08012324
	adds r1, r7, #0x0
	adds r1, #0x34
	adds r0, r7, #0x0
	adds r0, #0x24
	ldm r0!, {r2, r3, r4}
	stm r1!, {r2, r3, r4}
	ldr r0, [r0, #0x00]
	str r0, [r1, #0x00]
	ldr r0, [r7, #0x34]
	movs r1, #0xB0
	lsls r1, r1, #0x04
	adds r0, r0, r1
	str r0, [r7, #0x34]
	ldr r0, [r7, #0x38]
	ldr r2, _080CCDD8 @ =0xFFFFF600
	adds r0, r0, r2
	str r0, [r7, #0x38]
	adds r1, r7, #0x0
	adds r1, #0x54
	adds r0, r7, #0x0
	adds r0, #0x34
	ldm r0!, {r2, r3, r4}
	stm r1!, {r2, r3, r4}
	ldr r0, [r0, #0x00]
	str r0, [r1, #0x00]
	ldr r0, [r7, #0x54]
	ldr r1, _080CCDDC @ =0xFFFFFF00
	adds r0, r0, r1
	str r0, [r7, #0x54]
	ldr r0, [r7, #0x58]
	adds r0, r0, r1
	str r0, [r7, #0x58]
	adds r1, r7, #0x0
	adds r1, #0x64
	adds r0, r7, #0x0
	adds r0, #0x34
	ldm r0!, {r2, r3, r4}
	stm r1!, {r2, r3, r4}
	ldr r0, [r0, #0x00]
	str r0, [r1, #0x00]
	ldr r0, [r7, #0x64]
	movs r1, #0x80
	lsls r1, r1, #0x01
	adds r0, r0, r1
	str r0, [r7, #0x64]
	ldr r0, [r7, #0x68]
	adds r0, r0, r1
	str r0, [r7, #0x68]
	adds r4, r7, #0x0
	adds r4, #0xF4
	adds r0, r4, #0x0
	movs r1, #0x01
	bl func_08000E64
	adds r1, r7, #0x0
	adds r1, #0x24
	adds r0, r4, #0x0
	movs r2, #0xCC
	bl func_080CC178
	adds r0, r7, #0x0
	adds r0, #0xF0
	str r6, [r0, #0x00]
	movs r3, #0x84
	lsls r3, r3, #0x01
	adds r0, r7, r3
	strh r6, [r0, #0x00]
	pop {r4, r5, r6, r7}
	pop {r0}
	bx r0
_080CCDD0: .4byte 0x09EF5AE4
_080CCDD4: .4byte 0x09EF5B1C
_080CCDD8: .4byte 0xFFFFF600
_080CCDDC: .4byte 0xFFFFFF00
	thumb_func_start task_poo_honey_1
task_poo_honey_1: @ 080CCDE0
	push {r4, r5, lr}
	adds r4, r0, #0x0
	adds r5, r4, #0x0
	adds r5, #0xF0
	ldr r0, [r5, #0x00]
	cmp r0, #0x01
	beq _080CCE3C
	cmp r0, #0x01
	bcc _080CCDF8
	cmp r0, #0x02
	beq _080CCE6C
	b _080CCFE8
_080CCDF8:
	ldr r0, _080CCE34 @ =0x0203C3EC
	ldr r2, [r0, #0x00]
	ldr r0, [r4, #0x54]
	ldr r1, [r2, #0x00]
	cmp r0, r1
	ble _080CCE06
	b _080CCFE8
_080CCE06:
	ldr r0, [r4, #0x64]
	cmp r1, r0
	ble _080CCE0E
	b _080CCFE8
_080CCE0E:
	ldr r0, [r4, #0x58]
	ldr r1, [r2, #0x04]
	cmp r0, r1
	ble _080CCE18
	b _080CCFE8
_080CCE18:
	ldr r0, [r4, #0x68]
	cmp r1, r0
	ble _080CCE20
	b _080CCFE8
_080CCE20:
	ldr r1, _080CCE38 @ =0x0203C3F0
	movs r0, #0x03
	str r0, [r1, #0x00]
	adds r0, r4, #0x0
	adds r0, #0xD0
	movs r1, #0x00
	bl func_080CCB84
	b _080CCE64
	.byte 0x00, 0x00
_080CCE34: .4byte 0x0203C3EC
_080CCE38: .4byte 0x0203C3F0
_080CCE3C:
	bl func_080C9E4C
	lsls r0, r0, #0x10
	lsrs r0, r0, #0x10
	cmp r0, #0x02
	bls _080CCE4A
	b _080CCFE8
_080CCE4A:
	adds r4, #0x08
	bl func_080C9E4C
	adds r1, r0, #0x0
	lsls r1, r1, #0x10
	lsrs r1, r1, #0x10
	adds r0, r4, #0x0
	movs r2, #0x00
	bl func_080059A4
	adds r0, r4, #0x0
	bl func_08005A64
_080CCE64:
	ldr r0, [r5, #0x00]
	adds r0, #0x01
	str r0, [r5, #0x00]
	b _080CCFE8
_080CCE6C:
	adds r5, r4, #0x0
	adds r5, #0x08
	adds r0, r5, #0x0
	bl func_08005A64
	adds r0, r5, #0x0
	bl func_08005B1C
	lsls r0, r0, #0x18
	cmp r0, #0x00
	beq _080CCE86
	movs r0, #0x00
	b _080CCFEA
_080CCE86:
	adds r0, r5, #0x0
	bl func_08005B38
	lsls r0, r0, #0x10
	lsrs r0, r0, #0x10
	cmp r0, #0x0D
	bls _080CCE96
	b _080CCFE8
_080CCE96:
	lsls r0, r0, #0x02
	ldr r1, _080CCEA0 @ =0x080CCEA4
	adds r0, r0, r1
	ldr r0, [r0, #0x00]
	mov pc, r0
_080CCEA0: .4byte 0x080CCEA4
	.byte 0xE8, 0xCF, 0x0C, 0x08, 0xDC, 0xCE, 0x0C, 0x08, 0x1C, 0xCF, 0x0C, 0x08, 0x1C, 0xCF, 0x0C, 0x08
	.byte 0x1C, 0xCF, 0x0C, 0x08, 0x1C, 0xCF, 0x0C, 0x08, 0x1C, 0xCF, 0x0C, 0x08, 0x38, 0xCF, 0x0C, 0x08
	.byte 0x5C, 0xCF, 0x0C, 0x08, 0x98, 0xCF, 0x0C, 0x08, 0xB4, 0xCF, 0x0C, 0x08, 0xD0, 0xCF, 0x0C, 0x08
	.byte 0xD0, 0xCF, 0x0C, 0x08, 0xD0, 0xCF, 0x0C, 0x08, 0x0D, 0x48, 0x21, 0x1C, 0x24, 0x31, 0x00, 0x68
	.byte 0x2C, 0xC8, 0x2C, 0xC1, 0x00, 0x68, 0x08, 0x60, 0x60, 0x6A, 0x0A, 0x49, 0x40, 0x18, 0x60, 0x62
	.byte 0xA0, 0x6A, 0xA0, 0x22, 0x12, 0x01, 0x80, 0x18, 0xA0, 0x62, 0x00, 0x20, 0xE0, 0x62, 0x21, 0x1C
	.byte 0x44, 0x31, 0x20, 0x1C, 0x24, 0x30, 0x38, 0xC8, 0x38, 0xC1, 0x00, 0x68, 0x08, 0x60, 0x69, 0xE0
	.byte 0xEC, 0xC3, 0x03, 0x02, 0x00, 0xF5, 0xFF, 0xFF, 0x60, 0x6C, 0x80, 0x21, 0x89, 0x00, 0x40, 0x18
	.byte 0x60, 0x62, 0xA0, 0x6C, 0xA0, 0x62, 0xE0, 0x6C, 0x01, 0x4A, 0x80, 0x18, 0xE0, 0x62, 0x59, 0xE0
	.byte 0x00, 0xFE, 0xFF, 0xFF, 0x60, 0x6C, 0x05, 0x4B, 0xC0, 0x18, 0x60, 0x62, 0xA0, 0x6C, 0x04, 0x4D
	.byte 0x40, 0x19, 0xA0, 0x62, 0xE0, 0x6C, 0x03, 0x49, 0x3B, 0xE0, 0x00, 0x00, 0x00, 0xFE, 0xFF, 0xFF
	.byte 0x00, 0xFB, 0xFF, 0xFF, 0x00, 0xF5, 0xFF, 0xFF, 0x09, 0x49, 0x03, 0x20, 0x08, 0x80, 0x09, 0x49
	.byte 0x09, 0x4A, 0x10, 0x1C, 0x08, 0x80, 0x60, 0x6C, 0xA0, 0x23, 0x1B, 0x01, 0xC0, 0x18, 0x60, 0x62
	.byte 0xA0, 0x6C, 0x06, 0x4D, 0x40, 0x19, 0xA0, 0x62, 0xE0, 0x6C, 0x05, 0x49, 0x21, 0xE0, 0x00, 0x00
	.byte 0xE4, 0xC3, 0x03, 0x02, 0xE0, 0xC3, 0x03, 0x02, 0x3B, 0x07, 0x00, 0x00, 0x00, 0xF7, 0xFF, 0xFF
	.byte 0x00, 0xF0, 0xFF, 0xFF, 0x60, 0x6C, 0x80, 0x22, 0x92, 0x00, 0x80, 0x18, 0x60, 0x62, 0xA0, 0x6C
	.byte 0xA0, 0x62, 0xE0, 0x6C, 0x01, 0x4B, 0xC0, 0x18, 0xE0, 0x62, 0x1B, 0xE0, 0x00, 0xFD, 0xFF, 0xFF
	.byte 0x60, 0x6C, 0x80, 0x25, 0xAD, 0x00, 0x40, 0x19, 0x60, 0x62, 0xA0, 0x6C, 0xA0, 0x62, 0xE0, 0x6C
	.byte 0x01, 0x49, 0x40, 0x18, 0xE0, 0x62, 0x0D, 0xE0, 0x00, 0xFF, 0xFF, 0xFF, 0x60, 0x6C, 0x60, 0x62
	.byte 0xA0, 0x6C, 0xA0, 0x62, 0xE0, 0x6C, 0xE0, 0x62, 0x84, 0x22, 0x52, 0x00, 0xA1, 0x18, 0x08, 0x88
	.byte 0x01, 0x30, 0x08, 0x80
_080CCFE8:
	movs r0, #0x01
_080CCFEA:
	pop {r4, r5}
	pop {r1}
	bx r1
	thumb_func_start task_poo_honey_2
task_poo_honey_2: @ 080CCFF0
	push {r4, r5, r6, r7, lr}
	add sp, #-0x010
	adds r4, r0, #0x0
	movs r1, #0x84
	lsls r1, r1, #0x01
	adds r0, r4, r1
	ldrh r1, [r0, #0x00]
	cmp r1, #0x1D
	bls _080CD00A
	movs r0, #0x01
	ands r0, r1
	cmp r0, #0x00
	bne _080CD0EE
_080CD00A:
	ldr r2, [r4, #0x24]
	asrs r2, r2, #0x08
	ldr r0, _080CD070 @ =0x0203C40C
	ldrh r0, [r0, #0x00]
	subs r2, r2, r0
	ldr r1, [r4, #0x28]
	asrs r1, r1, #0x08
	ldr r0, [r4, #0x2C]
	asrs r0, r0, #0x08
	adds r1, r1, r0
	ldr r0, _080CD074 @ =0x0203C3F8
	ldrh r0, [r0, #0x00]
	subs r1, r1, r0
	lsls r2, r2, #0x10
	asrs r7, r2, #0x10
	lsls r1, r1, #0x10
	asrs r6, r1, #0x10
	movs r0, #0x10
	str r0, [sp, #0x000]
	str r0, [sp, #0x004]
	adds r0, r7, #0x0
	adds r1, r6, #0x0
	movs r2, #0x18
	movs r3, #0x08
	bl func_080035CC
	lsls r0, r0, #0x18
	lsrs r5, r0, #0x18
	cmp r5, #0x00
	beq _080CD078
	ldr r0, [r4, #0x04]
	cmp r0, #0x00
	beq _080CD0EE
	ldr r0, [r4, #0x00]
	bl func_080028C0
	ldr r0, [r4, #0x04]
	bl func_08002C10
	movs r0, #0x00
	str r0, [r4, #0x04]
	adds r0, r4, #0x0
	adds r0, #0x74
	bl func_08012304
	adds r0, r4, #0x0
	adds r0, #0xD0
	bl func_080CCBD4
	b _080CD0EE
	.byte 0x00, 0x00
_080CD070: .4byte 0x0203C40C
_080CD074: .4byte 0x0203C3F8
_080CD078:
	ldr r0, [r4, #0x04]
	cmp r0, #0x00
	bne _080CD0AE
	ldrh r0, [r4, #0x20]
	ldr r1, _080CD0F8 @ =0x097339E8
	bl func_080028F8
	str r0, [r4, #0x00]
	ldr r0, _080CD0FC @ =0x09849B98
	movs r1, #0x20
	bl func_08002A14
	str r0, [r4, #0x04]
	adds r0, r4, #0x0
	adds r0, #0x74
	movs r1, #0x0A
	movs r2, #0x08
	movs r3, #0x10
	bl func_080122AC
	adds r0, r4, #0x0
	adds r0, #0xD0
	ldr r1, _080CD100 @ =0x00001FA4
	adds r2, r4, #0x0
	adds r2, #0x34
	bl func_080CCB90
_080CD0AE:
	adds r0, r4, #0x0
	adds r0, #0x08
	bl func_08005AFC
	adds r2, r0, #0x0
	ldr r3, [r4, #0x00]
	ldr r0, [r4, #0x04]
	str r0, [sp, #0x000]
	str r5, [sp, #0x004]
	movs r0, #0x80
	lsls r0, r0, #0x04
	str r0, [sp, #0x008]
	ldr r1, [r4, #0x28]
	asrs r1, r1, #0x08
	lsls r1, r1, #0x02
	ldr r5, _080CD104 @ =0xFFFFEFFC
	adds r0, r5, #0x0
	subs r0, r0, r1
	lsls r0, r0, #0x10
	lsrs r0, r0, #0x10
	str r0, [sp, #0x00C]
	adds r0, r7, #0x0
	adds r1, r6, #0x0
	bl func_080023E0
	adds r4, #0xF4
	adds r0, r4, #0x0
	bl func_08000EA4
	adds r0, r4, #0x0
	bl func_08000EE0
_080CD0EE:
	add sp, #0x010
	pop {r4, r5, r6, r7}
	pop {r0}
	bx r0
	.byte 0x00, 0x00
_080CD0F8: .4byte 0x097339E8
_080CD0FC: .4byte 0x09849B98
_080CD100: .4byte 0x00001FA4
_080CD104: .4byte 0xFFFFEFFC
	thumb_func_start task_poo_honey_3
task_poo_honey_3: @ 080CD108
	push {r4, lr}
	adds r4, r0, #0x0
	ldr r0, [r4, #0x04]
	cmp r0, #0x00
	beq _080CD12E
	ldr r0, [r4, #0x00]
	bl func_080028C0
	ldr r0, [r4, #0x04]
	bl func_08002C10
	adds r0, r4, #0x0
	adds r0, #0x74
	bl func_08012304
	adds r0, r4, #0x0
	adds r0, #0xD0
	bl func_080CCBD4
_080CD12E:
	adds r0, r4, #0x0
	adds r0, #0xF4
	bl func_08000F0C
	pop {r4}
	pop {r0}
	bx r0
	thumb_func_start task_poo_mapanime_0
task_poo_mapanime_0: @ 080CD13C
	push {r4, lr}
	adds r4, r0, #0x0
	ldr r1, _080CD158 @ =0x096FD3E8
	bl func_080DDDDC
	adds r4, #0x0C
	ldr r1, _080CD15C @ =0x096FD400
	adds r0, r4, #0x0
	bl func_080DDDDC
	pop {r4}
	pop {r0}
	bx r0
	.byte 0x00, 0x00
_080CD158: .4byte 0x096FD3E8
_080CD15C: .4byte 0x096FD400
	thumb_func_start task_poo_mapanime_1
task_poo_mapanime_1: @ 080CD160
	push {r4, r5, r6, r7, lr}
	adds r6, r0, #0x0
	movs r2, #0x00
	movs r7, #0x00
	adds r4, r6, #0x0
	movs r5, #0x00
_080CD16C:
	adds r0, r6, #0x0
	adds r0, #0x08
	adds r0, r0, r5
	ldr r1, [r0, #0x00]
	adds r0, r4, #0x0
	bl func_080DDDEC
	lsls r0, r0, #0x18
	lsrs r2, r0, #0x18
	adds r4, #0x0C
	adds r5, #0x0C
	adds r7, #0x01
	cmp r7, #0x01
	bls _080CD16C
	movs r0, #0x01
	pop {r4, r5, r6, r7}
	pop {r1}
	bx r1
	thumb_func_start task_poo_mapanime_2
task_poo_mapanime_2: @ 080CD190
	bx lr
	.byte 0x00, 0x00
	thumb_func_start task_poo_mapanime_3
task_poo_mapanime_3: @ 080CD194
	bx lr
	.byte 0x00, 0x00
	thumb_func_start func_080CD198
func_080CD198: @ 080CD198
	push {lr}
	bl func_080065A4
	lsls r0, r0, #0x10
	lsrs r0, r0, #0x10
	movs r1, #0x28
	bl func_0811D7CC
	lsls r0, r0, #0x10
	lsrs r0, r0, #0x10
	movs r1, #0x0A
	bl _0811D754
	lsls r0, r0, #0x10
	lsrs r0, r0, #0x10
	cmp r0, #0x01
	beq _080CD1CE
	cmp r0, #0x01
	bgt _080CD1C4
	cmp r0, #0x00
	beq _080CD1CA
	b _080CD1D6
_080CD1C4:
	cmp r0, #0x02
	beq _080CD1D2
	b _080CD1D6
_080CD1CA:
	movs r0, #0x00
	b _080CD1D8
_080CD1CE:
	movs r0, #0x02
	b _080CD1D8
_080CD1D2:
	movs r0, #0x04
	b _080CD1D8
_080CD1D6:
	movs r0, #0x06
_080CD1D8:
	pop {r1}
	bx r1
	thumb_func_start func_080CD1DC
func_080CD1DC: @ 080CD1DC
	cmp r0, #0x00
	bne _080CD1E4
	movs r0, #0x01
	b _080CD1F6
_080CD1E4:
	cmp r0, #0x02
	bhi _080CD1EC
	movs r0, #0x03
	b _080CD1F6
_080CD1EC:
	cmp r0, #0x04
	bls _080CD1F4
	movs r0, #0x07
	b _080CD1F6
_080CD1F4:
	movs r0, #0x05
_080CD1F6:
	bx lr
	thumb_func_start func_080CD1F8
func_080CD1F8: @ 080CD1F8
	cmp r0, #0x00
	bne _080CD200
	movs r0, #0x20
	b _080CD212
_080CD200:
	cmp r0, #0x02
	bhi _080CD208
	movs r0, #0x18
	b _080CD212
_080CD208:
	cmp r0, #0x04
	bls _080CD210
	movs r0, #0x09
	b _080CD212
_080CD210:
	movs r0, #0x10
_080CD212:
	bx lr
	thumb_func_start task_poo_pile_0
task_poo_pile_0: @ 080CD214
	push {r4, r5, lr}
	adds r5, r0, #0x0
	adds r4, r1, #0x0
	ldr r0, [r4, #0x00]
	str r0, [r5, #0x24]
	ldr r0, [r4, #0x04]
	str r0, [r5, #0x28]
	movs r0, #0x00
	str r0, [r5, #0x2C]
	str r0, [r5, #0x04]
	adds r0, r5, #0x0
	adds r0, #0x0C
	ldr r1, _080CD248 @ =0x09EF5C8C
	ldr r2, _080CD24C @ =0x09EF5C6C
	bl func_08005968
	ldr r1, [r4, #0x10]
	cmp r1, #0x08
	bne _080CD250
	bl func_080CD198
	adds r1, r5, #0x0
	adds r1, #0xB0
	strh r0, [r1, #0x00]
	adds r0, r1, #0x0
	b _080CD256
_080CD248: .4byte 0x09EF5C8C
_080CD24C: .4byte 0x09EF5C6C
_080CD250:
	adds r0, r5, #0x0
	adds r0, #0xB0
	strh r1, [r0, #0x00]
_080CD256:
	adds r4, r5, #0x0
	adds r4, #0x0C
	ldrh r1, [r0, #0x00]
	adds r0, r4, #0x0
	movs r2, #0x00
	bl func_080059A4
	adds r0, r4, #0x0
	bl func_08005AFC
	str r0, [r5, #0x08]
	adds r0, r5, #0x0
	adds r0, #0x34
	ldr r1, [r5, #0x24]
	ldr r2, [r5, #0x28]
	ldr r3, [r5, #0x2C]
	bl func_08012324
	adds r0, r5, #0x0
	adds r0, #0xCC
	movs r4, #0x00
	strb r4, [r0, #0x00]
	subs r0, #0x18
	movs r1, #0x01
	bl func_08000E64
	adds r0, r5, #0x0
	adds r0, #0xC8
	str r4, [r0, #0x00]
	pop {r4, r5}
	pop {r0}
	bx r0
	.byte 0x00, 0x00
	thumb_func_start task_poo_pile_1
task_poo_pile_1: @ 080CD298
	push {r4, r5, r6, r7, lr}
	mov r7, r10
	mov r6, r9
	mov r5, r8
	push {r5, r6, r7}
	add sp, #-0x010
	adds r6, r0, #0x0
	adds r7, r6, #0x0
	adds r7, #0xB0
	ldrh r0, [r7, #0x00]
	cmp r0, #0x07
	beq _080CD396
	movs r0, #0xCC
	adds r0, r0, r6
	mov r10, r0
	ldrb r0, [r0, #0x00]
	cmp r0, #0x00
	beq _080CD396
	movs r1, #0x34
	adds r1, r1, r6
	mov r8, r1
	mov r0, r8
	movs r1, #0x09
	bl func_08012660
	lsls r0, r0, #0x18
	cmp r0, #0x00
	beq _080CD2D6
	ldr r1, _080CD378 @ =0x0203C3F0
	movs r0, #0x05
	str r0, [r1, #0x00]
_080CD2D6:
	ldr r0, _080CD37C @ =0x0203C3D8
	ldrb r0, [r0, #0x00]
	cmp r0, #0x00
	beq _080CD396
	mov r0, r8
	bl func_080C76B0
	lsls r0, r0, #0x18
	cmp r0, #0x00
	beq _080CD396
	movs r2, #0x0C
	adds r2, r2, r6
	mov r9, r2
	mov r0, r9
	bl func_08005B1C
	lsls r0, r0, #0x18
	cmp r0, #0x00
	beq _080CD396
	mov r1, sp
	adds r0, r6, #0x0
	adds r0, #0x24
	ldm r0!, {r2, r3, r4}
	stm r1!, {r2, r3, r4}
	ldr r0, [r0, #0x00]
	str r0, [r1, #0x00]
	ldrh r0, [r7, #0x00]
	bl func_080CD1F8
	lsls r0, r0, #0x10
	lsrs r0, r0, #0x08
	ldr r1, [sp, #0x008]
	subs r1, r1, r0
	str r1, [sp, #0x008]
	adds r4, r6, #0x0
	adds r4, #0xC8
	ldr r0, [r4, #0x00]
	bl func_08000F48
	lsls r0, r0, #0x18
	adds r5, r6, #0x0
	adds r5, #0xB4
	cmp r0, #0x00
	beq _080CD336
	ldr r1, [r4, #0x00]
	adds r0, r5, #0x0
	bl func_08000DE8
_080CD336:
	ldr r1, _080CD380 @ =0x09EF4BC8
	adds r0, r5, #0x0
	mov r2, sp
	bl func_08000E14
	str r0, [r4, #0x00]
	ldrh r0, [r7, #0x00]
	bl func_080CD1DC
	strh r0, [r7, #0x00]
	ldrh r1, [r7, #0x00]
	mov r0, r9
	movs r2, #0x00
	bl func_080059A4
	movs r0, #0xA3
	lsls r0, r0, #0x01
	bl func_0811FE70
	ldrh r0, [r7, #0x00]
	cmp r0, #0x07
	bne _080CD384
	mov r0, r8
	bl func_08012304
	movs r0, #0x00
	mov r3, r10
	strb r0, [r3, #0x00]
	adds r0, r6, #0x0
	adds r0, #0x90
	bl func_080CCBD4
	b _080CD396
_080CD378: .4byte 0x0203C3F0
_080CD37C: .4byte 0x0203C3D8
_080CD380: .4byte 0x09EF4BC8
_080CD384:
	ldrh r0, [r7, #0x00]
	bl func_080CD1F8
	adds r1, r0, #0x0
	lsls r1, r1, #0x10
	lsrs r1, r1, #0x10
	mov r0, r8
	bl func_08012658
_080CD396:
	movs r0, #0x01
	add sp, #0x010
	pop {r3, r4, r5}
	mov r8, r3
	mov r9, r4
	mov r10, r5
	pop {r4, r5, r6, r7}
	pop {r1}
	bx r1
	thumb_func_start task_poo_pile_2
task_poo_pile_2: @ 080CD3A8
	push {r4, r5, r6, r7, lr}
	mov r7, r9
	mov r6, r8
	push {r6, r7}
	add sp, #-0x010
	adds r5, r0, #0x0
	ldr r1, [r5, #0x24]
	asrs r1, r1, #0x08
	ldr r0, _080CD438 @ =0x0203C40C
	ldrh r0, [r0, #0x00]
	subs r1, r1, r0
	lsls r1, r1, #0x10
	ldr r0, [r5, #0x28]
	asrs r0, r0, #0x08
	ldr r2, _080CD43C @ =0x0203C3F8
	ldrh r2, [r2, #0x00]
	subs r0, r0, r2
	lsls r0, r0, #0x10
	lsrs r2, r0, #0x10
	lsrs r0, r1, #0x10
	mov r9, r0
	movs r3, #0x80
	lsls r3, r3, #0x0D
	adds r1, r1, r3
	movs r0, #0x88
	lsls r0, r0, #0x11
	cmp r1, r0
	bhi _080CD3F2
	lsls r0, r2, #0x10
	asrs r2, r0, #0x10
	movs r1, #0x24
	negs r1, r1
	mov r8, r0
	cmp r2, r1
	blt _080CD3F2
	cmp r2, #0xC4
	ble _080CD440
_080CD3F2:
	ldr r0, [r5, #0x04]
	cmp r0, #0x00
	beq _080CD408
	ldr r0, [r5, #0x00]
	bl func_080028C0
	ldr r0, [r5, #0x04]
	bl func_08002C10
	movs r0, #0x00
	str r0, [r5, #0x04]
_080CD408:
	adds r4, r5, #0x0
	adds r4, #0xCC
	ldrb r0, [r4, #0x00]
	cmp r0, #0x00
	beq _080CD426
	adds r0, r5, #0x0
	adds r0, #0x34
	bl func_08012304
	adds r0, r5, #0x0
	adds r0, #0x90
	bl func_080CCBD4
	movs r0, #0x00
	strb r0, [r4, #0x00]
_080CD426:
	adds r4, r5, #0x0
	adds r4, #0xB4
	adds r0, r4, #0x0
	bl func_08000EA4
	adds r0, r4, #0x0
	bl func_08000EE0
	b _080CD4FC
_080CD438: .4byte 0x0203C40C
_080CD43C: .4byte 0x0203C3F8
_080CD440:
	adds r0, r5, #0x0
	adds r0, #0x0C
	bl func_08005A64
	str r0, [r5, #0x08]
	ldr r0, [r5, #0x04]
	cmp r0, #0x00
	bne _080CD466
	ldr r0, _080CD4BC @ =0x09742CC2
	movs r1, #0xC0
	lsls r1, r1, #0x02
	bl func_080026A4
	str r0, [r5, #0x00]
	ldr r0, _080CD4C0 @ =0x09849BF8
	movs r1, #0x20
	bl func_08002A14
	str r0, [r5, #0x04]
_080CD466:
	adds r2, r5, #0x0
	adds r2, #0xB0
	ldrh r0, [r2, #0x00]
	cmp r0, #0x07
	beq _080CD4C8
	ldr r0, [r5, #0x28]
	asrs r0, r0, #0x08
	lsls r0, r0, #0x02
	ldr r3, _080CD4C4 @ =0xFFFFEFFC
	adds r1, r3, #0x0
	subs r1, r1, r0
	lsls r1, r1, #0x10
	lsrs r7, r1, #0x10
	adds r6, r5, #0x0
	adds r6, #0xCC
	ldrb r0, [r6, #0x00]
	cmp r0, #0x00
	bne _080CD4CA
	adds r4, r5, #0x0
	adds r4, #0x34
	ldrh r0, [r2, #0x00]
	bl func_080CD1F8
	adds r3, r0, #0x0
	lsls r3, r3, #0x10
	lsrs r3, r3, #0x10
	adds r0, r4, #0x0
	movs r1, #0x07
	movs r2, #0x04
	bl func_080122AC
	adds r0, r5, #0x0
	adds r0, #0x90
	movs r1, #0x90
	lsls r1, r1, #0x02
	adds r2, r5, #0x0
	adds r2, #0x24
	bl func_080CCB90
	movs r0, #0x01
	strb r0, [r6, #0x00]
	b _080CD4CA
	.byte 0x00, 0x00
_080CD4BC: .4byte 0x09742CC2
_080CD4C0: .4byte 0x09849BF8
_080CD4C4: .4byte 0xFFFFEFFC
_080CD4C8:
	ldr r7, _080CD50C @ =0x0000FFF1
_080CD4CA:
	mov r1, r9
	lsls r0, r1, #0x10
	asrs r0, r0, #0x10
	mov r2, r8
	asrs r1, r2, #0x10
	ldr r2, [r5, #0x08]
	ldr r3, [r5, #0x00]
	ldr r4, [r5, #0x04]
	str r4, [sp, #0x000]
	movs r4, #0x00
	str r4, [sp, #0x004]
	movs r4, #0x80
	lsls r4, r4, #0x04
	str r4, [sp, #0x008]
	str r7, [sp, #0x00C]
	bl func_080023E0
	adds r4, r5, #0x0
	adds r4, #0xB4
	adds r0, r4, #0x0
	bl func_08000EA4
	adds r0, r4, #0x0
	bl func_08000EE0
_080CD4FC:
	add sp, #0x010
	pop {r3, r4}
	mov r8, r3
	mov r9, r4
	pop {r4, r5, r6, r7}
	pop {r0}
	bx r0
	.byte 0x00, 0x00
_080CD50C: .4byte 0x0000FFF1
	thumb_func_start task_poo_pile_3
task_poo_pile_3: @ 080CD510
	push {r4, lr}
	adds r4, r0, #0x0
	ldr r0, [r4, #0x04]
	cmp r0, #0x00
	beq _080CD526
	ldr r0, [r4, #0x00]
	bl func_080028C0
	ldr r0, [r4, #0x04]
	bl func_08002C10
_080CD526:
	adds r0, r4, #0x0
	adds r0, #0xCC
	ldrb r0, [r0, #0x00]
	cmp r0, #0x00
	beq _080CD540
	adds r0, r4, #0x0
	adds r0, #0x34
	bl func_08012304
	adds r0, r4, #0x0
	adds r0, #0x90
	bl func_080CCBD4
_080CD540:
	adds r0, r4, #0x0
	adds r0, #0xB4
	bl func_08000F0C
	pop {r4}
	pop {r0}
	bx r0
	.byte 0x00, 0x00
	thumb_func_start func_080CD550
func_080CD550: @ 080CD550
	push {r4, r5, r6, r7, lr}
	add sp, #-0x02C
	mov r12, r2
	lsls r1, r1, #0x10
	mov r4, sp
	ldr r2, _080CD584 @ =0x096FD43C
	ldm r2!, {r5, r6, r7}
	stm r4!, {r5, r6, r7}
	ldm r2!, {r5, r6, r7}
	stm r4!, {r5, r6, r7}
	add r2, sp, #0x018
	mov r4, r12
	str r4, [sp, #0x018]
	str r3, [r2, #0x04]
	lsrs r1, r1, #0x0E
	add r1, sp
	ldr r1, [r1, #0x00]
	str r1, [r2, #0x10]
	ldr r1, _080CD588 @ =0x09EF4A00
	bl func_08000E14
	add sp, #0x02C
	pop {r4, r5, r6, r7}
	pop {r0}
	bx r0
	.byte 0x00, 0x00
_080CD584: .4byte 0x096FD43C
_080CD588: .4byte 0x09EF4A00
	thumb_func_start task_poo_tigerstump_0
task_poo_tigerstump_0: @ 080CD58C
	push {lr}
	ldr r3, [r1, #0x00]
	str r3, [r0, #0x24]
	ldr r2, [r1, #0x04]
	movs r1, #0x80
	lsls r1, r1, #0x04
	adds r2, r2, r1
	str r2, [r0, #0x28]
	movs r1, #0x00
	str r1, [r0, #0x2C]
	str r1, [r0, #0x04]
	ldr r1, _080CD5B4 @ =0x097561D4
	str r1, [r0, #0x08]
	adds r0, #0x34
	adds r1, r3, #0x0
	movs r3, #0x00
	bl func_08012324
	pop {r0}
	bx r0
_080CD5B4: .4byte 0x097561D4
	thumb_func_start task_poo_tigerstump_1
task_poo_tigerstump_1: @ 080CD5B8
	push {lr}
	adds r1, r0, #0x0
	ldr r0, [r1, #0x04]
	cmp r0, #0x00
	beq _080CD5D8
	adds r0, r1, #0x0
	adds r0, #0x34
	movs r1, #0x09
	bl func_08012660
	lsls r0, r0, #0x18
	cmp r0, #0x00
	beq _080CD5D8
	ldr r1, _080CD5E0 @ =0x0203C3F0
	movs r0, #0x05
	str r0, [r1, #0x00]
_080CD5D8:
	movs r0, #0x01
	pop {r1}
	bx r1
	.byte 0x00, 0x00
_080CD5E0: .4byte 0x0203C3F0
	thumb_func_start task_poo_tigerstump_2
task_poo_tigerstump_2: @ 080CD5E4
	push {r4, r5, r6, lr}
	add sp, #-0x010
	adds r4, r0, #0x0
	ldr r2, [r4, #0x24]
	asrs r2, r2, #0x08
	ldr r0, _080CD648 @ =0x0203C40C
	ldrh r0, [r0, #0x00]
	subs r2, r2, r0
	ldr r0, [r4, #0x28]
	ldr r1, _080CD64C @ =0xFFFFF800
	adds r0, r0, r1
	asrs r0, r0, #0x08
	ldr r1, _080CD650 @ =0x0203C3F8
	ldrh r1, [r1, #0x00]
	subs r0, r0, r1
	lsls r0, r0, #0x10
	lsrs r1, r0, #0x10
	lsls r2, r2, #0x10
	asrs r6, r2, #0x10
	movs r0, #0xC0
	lsls r0, r0, #0x0F
	adds r2, r2, r0
	movs r0, #0xD8
	lsls r0, r0, #0x11
	cmp r2, r0
	bhi _080CD628
	lsls r0, r1, #0x10
	asrs r5, r0, #0x10
	movs r0, #0x40
	negs r0, r0
	cmp r5, r0
	blt _080CD628
	cmp r5, #0xE0
	ble _080CD654
_080CD628:
	ldr r0, [r4, #0x04]
	cmp r0, #0x00
	beq _080CD6AE
	ldr r0, [r4, #0x00]
	bl func_080028C0
	ldr r0, [r4, #0x04]
	bl func_08002C10
	movs r0, #0x00
	str r0, [r4, #0x04]
	adds r0, r4, #0x0
	adds r0, #0x34
	bl func_08012304
	b _080CD6AE
_080CD648: .4byte 0x0203C40C
_080CD64C: .4byte 0xFFFFF800
_080CD650: .4byte 0x0203C3F8
_080CD654:
	ldr r0, [r4, #0x04]
	cmp r0, #0x00
	bne _080CD67E
	ldr r0, _080CD6B8 @ =0x097561E8
	movs r1, #0x80
	lsls r1, r1, #0x03
	bl func_080026A4
	str r0, [r4, #0x00]
	ldr r0, _080CD6BC @ =0x09849D38
	movs r1, #0x20
	bl func_08002A14
	str r0, [r4, #0x04]
	adds r0, r4, #0x0
	adds r0, #0x34
	movs r1, #0x07
	movs r2, #0x0F
	movs r3, #0x18
	bl func_080122AC
_080CD67E:
	ldr r2, [r4, #0x08]
	ldr r3, [r4, #0x00]
	ldr r0, [r4, #0x04]
	str r0, [sp, #0x000]
	movs r0, #0x00
	str r0, [sp, #0x004]
	movs r0, #0x80
	lsls r0, r0, #0x04
	str r0, [sp, #0x008]
	ldr r1, [r4, #0x28]
	ldr r4, _080CD6C0 @ =0xFFFFF900
	adds r1, r1, r4
	asrs r1, r1, #0x08
	lsls r1, r1, #0x02
	ldr r4, _080CD6C4 @ =0xFFFFEFFC
	adds r0, r4, #0x0
	subs r0, r0, r1
	lsls r0, r0, #0x10
	lsrs r0, r0, #0x10
	str r0, [sp, #0x00C]
	adds r0, r6, #0x0
	adds r1, r5, #0x0
	bl func_080023E0
_080CD6AE:
	add sp, #0x010
	pop {r4, r5, r6}
	pop {r0}
	bx r0
	.byte 0x00, 0x00
_080CD6B8: .4byte 0x097561E8
_080CD6BC: .4byte 0x09849D38
_080CD6C0: .4byte 0xFFFFF900
_080CD6C4: .4byte 0xFFFFEFFC
	thumb_func_start task_poo_tigerstump_3
task_poo_tigerstump_3: @ 080CD6C8
	push {r4, lr}
	adds r4, r0, #0x0
	ldr r0, [r4, #0x04]
	cmp r0, #0x00
	beq _080CD6E6
	ldr r0, [r4, #0x00]
	bl func_080028C0
	ldr r0, [r4, #0x04]
	bl func_08002C10
	adds r0, r4, #0x0
	adds r0, #0x34
	bl func_08012304
_080CD6E6:
	pop {r4}
	pop {r0}
	bx r0
	thumb_func_start task_poo_poohstump_0
task_poo_poohstump_0: @ 080CD6EC
	push {lr}
	ldr r3, [r1, #0x00]
	str r3, [r0, #0x24]
	ldr r2, [r1, #0x04]
	str r2, [r0, #0x28]
	movs r1, #0x00
	str r1, [r0, #0x2C]
	str r1, [r0, #0x04]
	ldr r1, _080CD710 @ =0x09755F34
	str r1, [r0, #0x08]
	adds r0, #0x34
	adds r1, r3, #0x0
	movs r3, #0x00
	bl func_08012324
	pop {r0}
	bx r0
	.byte 0x00, 0x00
_080CD710: .4byte 0x09755F34
	thumb_func_start task_poo_poohstump_1
task_poo_poohstump_1: @ 080CD714
	push {r4, lr}
	adds r4, r0, #0x0
	ldr r0, [r4, #0x04]
	cmp r0, #0x00
	beq _080CD740
	adds r0, r4, #0x0
	adds r0, #0x34
	movs r1, #0x09
	bl func_08012660
	lsls r0, r0, #0x18
	cmp r0, #0x00
	beq _080CD740
	ldr r1, _080CD748 @ =0x0203C3DC
	ldr r0, [r4, #0x24]
	str r0, [r1, #0x00]
	ldr r1, _080CD74C @ =0x0203C3E8
	ldr r0, [r4, #0x28]
	str r0, [r1, #0x00]
	ldr r1, _080CD750 @ =0x0203C3F0
	movs r0, #0x08
	str r0, [r1, #0x00]
_080CD740:
	movs r0, #0x01
	pop {r4}
	pop {r1}
	bx r1
_080CD748: .4byte 0x0203C3DC
_080CD74C: .4byte 0x0203C3E8
_080CD750: .4byte 0x0203C3F0
	thumb_func_start task_poo_poohstump_2
task_poo_poohstump_2: @ 080CD754
	push {r4, r5, r6, lr}
	add sp, #-0x010
	adds r4, r0, #0x0
	ldr r1, [r4, #0x24]
	asrs r1, r1, #0x08
	ldr r0, _080CD7B4 @ =0x0203C40C
	ldrh r0, [r0, #0x00]
	subs r1, r1, r0
	ldr r0, [r4, #0x28]
	asrs r0, r0, #0x08
	ldr r2, _080CD7B8 @ =0x0203C3F8
	ldrh r2, [r2, #0x00]
	subs r0, r0, r2
	lsls r0, r0, #0x10
	lsrs r2, r0, #0x10
	lsls r1, r1, #0x10
	asrs r6, r1, #0x10
	movs r0, #0xA0
	lsls r0, r0, #0x0F
	adds r1, r1, r0
	movs r0, #0xC8
	lsls r0, r0, #0x11
	cmp r1, r0
	bhi _080CD794
	lsls r0, r2, #0x10
	asrs r5, r0, #0x10
	movs r0, #0x18
	negs r0, r0
	cmp r5, r0
	blt _080CD794
	cmp r5, #0xB8
	ble _080CD7BC
_080CD794:
	ldr r0, [r4, #0x04]
	cmp r0, #0x00
	beq _080CD816
	ldr r0, [r4, #0x00]
	bl func_080028C0
	ldr r0, [r4, #0x04]
	bl func_08002C10
	movs r0, #0x00
	str r0, [r4, #0x04]
	adds r0, r4, #0x0
	adds r0, #0x34
	bl func_08012304
	b _080CD816
_080CD7B4: .4byte 0x0203C40C
_080CD7B8: .4byte 0x0203C3F8
_080CD7BC:
	ldr r0, [r4, #0x04]
	cmp r0, #0x00
	bne _080CD7E6
	ldr r0, _080CD820 @ =0x09755F54
	movs r1, #0xA0
	lsls r1, r1, #0x02
	bl func_080026A4
	str r0, [r4, #0x00]
	ldr r0, _080CD824 @ =0x09849D38
	movs r1, #0x20
	bl func_08002A14
	str r0, [r4, #0x04]
	adds r0, r4, #0x0
	adds r0, #0x34
	movs r1, #0x07
	movs r2, #0x07
	movs r3, #0x0E
	bl func_080122AC
_080CD7E6:
	ldr r2, [r4, #0x08]
	ldr r3, [r4, #0x00]
	ldr r0, [r4, #0x04]
	str r0, [sp, #0x000]
	movs r0, #0x00
	str r0, [sp, #0x004]
	movs r0, #0x80
	lsls r0, r0, #0x04
	str r0, [sp, #0x008]
	ldr r1, [r4, #0x28]
	ldr r4, _080CD828 @ =0xFFFFFB00
	adds r1, r1, r4
	asrs r1, r1, #0x08
	lsls r1, r1, #0x02
	ldr r4, _080CD82C @ =0xFFFFEFFC
	adds r0, r4, #0x0
	subs r0, r0, r1
	lsls r0, r0, #0x10
	lsrs r0, r0, #0x10
	str r0, [sp, #0x00C]
	adds r0, r6, #0x0
	adds r1, r5, #0x0
	bl func_080023E0
_080CD816:
	add sp, #0x010
	pop {r4, r5, r6}
	pop {r0}
	bx r0
	.byte 0x00, 0x00
_080CD820: .4byte 0x09755F54
_080CD824: .4byte 0x09849D38
_080CD828: .4byte 0xFFFFFB00
_080CD82C: .4byte 0xFFFFEFFC
	thumb_func_start task_poo_poohstump_3
task_poo_poohstump_3: @ 080CD830
	push {r4, lr}
	adds r4, r0, #0x0
	ldr r0, [r4, #0x04]
	cmp r0, #0x00
	beq _080CD84E
	ldr r0, [r4, #0x00]
	bl func_080028C0
	ldr r0, [r4, #0x04]
	bl func_08002C10
	adds r0, r4, #0x0
	adds r0, #0x34
	bl func_08012304
_080CD84E:
	pop {r4}
	pop {r0}
	bx r0
	thumb_func_start func_080CD854
func_080CD854: @ 080CD854
	push {r4, r5, r6, r7, lr}
	add sp, #-0x004
	adds r6, r0, #0x0
	lsls r2, r2, #0x10
	lsrs r7, r2, #0x10
	ldrh r0, [r6, #0x26]
	cmp r0, r1
	beq _080CD88E
	strh r1, [r6, #0x26]
	adds r0, r6, #0x0
	adds r0, #0x0C
	ldr r4, _080CD898 @ =0x096FD47C
	lsls r5, r1, #0x04
	adds r2, r5, r4
	ldrh r1, [r2, #0x0C]
	ldr r3, [r2, #0x00]
	adds r2, r4, #0x4
	adds r2, r5, r2
	ldr r2, [r2, #0x00]
	str r2, [sp, #0x000]
	adds r2, r7, #0x0
	bl func_08005974
	ldr r0, [r6, #0x00]
	adds r4, #0x08
	adds r5, r5, r4
	ldr r1, [r5, #0x00]
	bl func_08002A10
_080CD88E:
	add sp, #0x004
	pop {r4, r5, r6, r7}
	pop {r0}
	bx r0
	.byte 0x00, 0x00
_080CD898: .4byte 0x096FD47C
	thumb_func_start task_poo_piglet_0
task_poo_piglet_0: @ 080CD89C
	push {r4, r5, r6, r7, lr}
	adds r6, r0, #0x0
	ldr r0, _080CD958 @ =0x0002A500
	str r0, [r6, #0x28]
	ldr r0, _080CD95C @ =0x00021100
	str r0, [r6, #0x2C]
	movs r1, #0x00
	str r1, [r6, #0x30]
	adds r0, r6, #0x0
	adds r0, #0xA8
	str r1, [r0, #0x00]
	adds r0, #0x04
	strh r1, [r0, #0x00]
	str r1, [r6, #0x04]
	movs r5, #0x00
	movs r4, #0x00
	ldr r7, _080CD960 @ =0x096FD4BC
_080CD8BE:
	lsls r1, r4, #0x03
	adds r1, r1, r7
	ldr r0, [r1, #0x00]
	ldrh r1, [r1, #0x04]
	bl func_08003524
	lsls r0, r0, #0x10
	lsrs r0, r0, #0x10
	cmp r5, r0
	bcs _080CD8D4
	adds r5, r0, #0x0
_080CD8D4:
	adds r0, r4, #0x1
	lsls r0, r0, #0x18
	lsrs r4, r0, #0x18
	cmp r4, #0x03
	bls _080CD8BE
	adds r0, r5, #0x0
	movs r1, #0x00
	bl func_080028F8
	str r0, [r6, #0x00]
	adds r5, r6, #0x0
	adds r5, #0x0C
	adds r0, r5, #0x0
	movs r1, #0x00
	movs r2, #0x00
	bl func_08005968
	movs r4, #0x00
	movs r0, #0x04
	strh r0, [r6, #0x26]
	adds r0, r6, #0x0
	movs r1, #0x00
	movs r2, #0x01
	bl func_080CD854
	adds r0, r6, #0x0
	adds r0, #0x24
	strb r4, [r0, #0x00]
	adds r0, r5, #0x0
	bl func_08005AFC
	str r0, [r6, #0x08]
	adds r4, r6, #0x0
	adds r4, #0x94
	adds r0, r4, #0x0
	movs r1, #0x01
	bl func_08000E64
	ldr r1, _080CD964 @ =0x09EF4928
	adds r2, r6, #0x0
	adds r2, #0x28
	adds r0, r4, #0x0
	bl func_08000E14
	movs r0, #0x00
	bl func_080D2D50
	lsls r0, r0, #0x18
	cmp r0, #0x00
	beq _080CD950
	adds r0, r6, #0x0
	adds r0, #0x38
	movs r1, #0x36
	bl func_080D2E28
	adds r1, r6, #0x0
	adds r1, #0xB4
	strh r0, [r1, #0x00]
	ldrh r0, [r1, #0x00]
	movs r1, #0x00
	bl func_080D2E70
_080CD950:
	pop {r4, r5, r6, r7}
	pop {r0}
	bx r0
	.byte 0x00, 0x00
_080CD958: .4byte 0x0002A500
_080CD95C: .4byte 0x00021100
_080CD960: .4byte 0x096FD4BC
_080CD964: .4byte 0x09EF4928
	thumb_func_start task_poo_piglet_1
task_poo_piglet_1: @ 080CD968
	push {r4, r5, r6, lr}
	adds r4, r0, #0x0
	ldr r0, [r4, #0x04]
	cmp r0, #0x00
	beq _080CD9C0
	adds r0, r4, #0x0
	adds r0, #0x64
	ldrb r0, [r0, #0x00]
	cmp r0, #0x00
	beq _080CD9C0
	adds r0, r4, #0x0
	adds r0, #0x38
	movs r1, #0x09
	bl func_08012660
	lsls r0, r0, #0x18
	cmp r0, #0x00
	bne _080CD98E
	b _080CDB9E
_080CD98E:
	movs r0, #0x00
	bl func_080D2D50
	lsls r0, r0, #0x18
	cmp r0, #0x00
	beq _080CD99C
	b _080CDB9E
_080CD99C:
	ldr r1, _080CD9D8 @ =0x0203C3DC
	ldr r0, [r4, #0x28]
	str r0, [r1, #0x00]
	ldr r1, _080CD9DC @ =0x0203C3E8
	ldr r0, [r4, #0x2C]
	str r0, [r1, #0x00]
	ldr r1, _080CD9E0 @ =0x0203C3F0
	movs r0, #0x04
	str r0, [r1, #0x00]
	movs r0, #0x88
	bl func_080C7B84
	movs r0, #0x00
	bl func_080D2D3C
	movs r0, #0x4E
	bl func_0800FDD0
_080CD9C0:
	adds r0, r4, #0x0
	adds r0, #0xA8
	ldr r1, [r0, #0x00]
	adds r5, r0, #0x0
	cmp r1, #0x06
	bls _080CD9CE
	b _080CDB94
_080CD9CE:
	lsls r0, r1, #0x02
	ldr r1, _080CD9E4 @ =0x080CD9E8
	adds r0, r0, r1
	ldr r0, [r0, #0x00]
	mov pc, r0
_080CD9D8: .4byte 0x0203C3DC
_080CD9DC: .4byte 0x0203C3E8
_080CD9E0: .4byte 0x0203C3F0
_080CD9E4: .4byte 0x080CD9E8
	.byte 0x04, 0xDA, 0x0C, 0x08, 0x2C, 0xDA, 0x0C, 0x08, 0x98, 0xDA, 0x0C, 0x08, 0xB6, 0xDA, 0x0C, 0x08
	.byte 0xD4, 0xDA, 0x0C, 0x08, 0xF8, 0xDA, 0x0C, 0x08, 0x26, 0xDB, 0x0C, 0x08, 0x20, 0x1C, 0x00, 0x21
	.byte 0x01, 0x22, 0xFF, 0xF7, 0x23, 0xFF, 0x20, 0x1C, 0x24, 0x30, 0x00, 0x22, 0x02, 0x70, 0x21, 0x1C
	.byte 0xAC, 0x31, 0x08, 0x88, 0xD1, 0x28, 0x78, 0xD9, 0x01, 0x20, 0x28, 0x60, 0x20, 0x1C, 0xB0, 0x30
	.byte 0x02, 0x60, 0xB3, 0xE0, 0x20, 0x1C, 0x03, 0x21, 0x01, 0x22, 0xFF, 0xF7, 0x0F, 0xFF, 0x21, 0x1C
	.byte 0x24, 0x31, 0x01, 0x20, 0x08, 0x70, 0x23, 0x1C, 0xB0, 0x33, 0x18, 0x68, 0xC0, 0x21, 0xC9, 0x00
	.byte 0x40, 0x18, 0x18, 0x60, 0x80, 0x28, 0x01, 0xDD, 0x80, 0x20, 0x18, 0x60, 0x0E, 0x49, 0x08, 0x1C
	.byte 0x40, 0x30, 0x00, 0x26, 0x82, 0x5F, 0x18, 0x68, 0x50, 0x43, 0x00, 0x12, 0xA2, 0x6A, 0x12, 0x18
	.byte 0xA2, 0x62, 0xC0, 0x31, 0x00, 0x26, 0x88, 0x5F, 0x40, 0x42, 0x19, 0x68, 0x41, 0x43, 0x09, 0x12
	.byte 0xE0, 0x6A, 0x40, 0x18, 0xE0, 0x62, 0x05, 0x48, 0x82, 0x42, 0x00, 0xDC, 0x86, 0xE0, 0x02, 0x20
	.byte 0x28, 0x60, 0x21, 0x1C, 0xAC, 0x31, 0x30, 0xE0, 0x00, 0x14, 0x12, 0x08, 0xFF, 0xC8, 0x02, 0x00
	.byte 0x20, 0x1C, 0x01, 0x21, 0x01, 0x22, 0xFF, 0xF7, 0xD9, 0xFE, 0x21, 0x1C, 0x24, 0x31, 0x01, 0x20
	.byte 0x08, 0x70, 0x88, 0x31, 0x08, 0x88, 0x27, 0x28, 0x2F, 0xD9, 0x03, 0x20, 0x1C, 0xE0, 0x20, 0x1C
	.byte 0x00, 0x21, 0x01, 0x22, 0xFF, 0xF7, 0xCA, 0xFE, 0x21, 0x1C, 0x24, 0x31, 0x01, 0x20, 0x08, 0x70
	.byte 0x88, 0x31, 0x08, 0x88, 0x1D, 0x28, 0x20, 0xD9, 0x04, 0x20, 0x0D, 0xE0, 0x20, 0x1C, 0x01, 0x21
	.byte 0x01, 0x22, 0xFF, 0xF7, 0xBB, 0xFE, 0x21, 0x1C, 0x24, 0x31, 0x01, 0x20, 0x08, 0x70, 0x88, 0x31
	.byte 0x08, 0x88, 0x1D, 0x28, 0x11, 0xD9, 0x05, 0x20, 0x28, 0x60, 0x00, 0x20, 0x08, 0x80, 0x4D, 0xE0
	.byte 0x20, 0x1C, 0x00, 0x21, 0x01, 0x22, 0xFF, 0xF7, 0xA9, 0xFE, 0x21, 0x1C, 0x24, 0x31, 0x01, 0x20
	.byte 0x08, 0x70, 0x88, 0x31, 0x08, 0x88, 0x3B, 0x28, 0x02, 0xD8, 0x01, 0x30, 0x08, 0x80, 0x3D, 0xE0
	.byte 0x06, 0x20, 0x28, 0x60, 0x21, 0x1C, 0xB0, 0x31, 0x00, 0x20, 0x08, 0x60, 0x36, 0xE0, 0x20, 0x1C
	.byte 0x02, 0x21, 0x01, 0x22, 0xFF, 0xF7, 0x92, 0xFE, 0x20, 0x1C, 0x24, 0x30, 0x00, 0x26, 0x06, 0x70
	.byte 0x23, 0x1C, 0xB0, 0x33, 0x18, 0x68, 0xC0, 0x21, 0xC9, 0x00, 0x40, 0x18, 0x18, 0x60, 0x80, 0x28
	.byte 0x01, 0xDD, 0x80, 0x20, 0x18, 0x60, 0x16, 0x4A, 0x94, 0x46, 0xA0, 0x20, 0x40, 0x00, 0x60, 0x44
	.byte 0x00, 0x22, 0x81, 0x5E, 0x18, 0x68, 0x48, 0x43, 0x00, 0x12, 0xA2, 0x6A, 0x12, 0x18, 0xA2, 0x62
	.byte 0xE0, 0x20, 0x40, 0x00, 0x60, 0x44, 0x00, 0x21, 0x40, 0x5E, 0x40, 0x42, 0x19, 0x68, 0x41, 0x43
	.byte 0x09, 0x12, 0xE0, 0x6A, 0x40, 0x18, 0xE0, 0x62, 0x0A, 0x48, 0x82, 0x42, 0x06, 0xDC, 0xA0, 0x62
	.byte 0x09, 0x48, 0xE0, 0x62, 0x2E, 0x60, 0x20, 0x1C, 0xAC, 0x30, 0x06, 0x80
_080CDB94:
	adds r0, r4, #0x0
	adds r0, #0x0C
	bl func_08005A64
	str r0, [r4, #0x08]
_080CDB9E:
	movs r0, #0x01
	pop {r4, r5, r6}
	pop {r1}
	bx r1
	.byte 0x00, 0x00, 0x00, 0x14, 0x12, 0x08, 0x00, 0xA5, 0x02, 0x00, 0x00, 0x11, 0x02, 0x00
	thumb_func_start task_poo_piglet_2
task_poo_piglet_2: @ 080CDBB4
	push {r4, r5, r6, r7, lr}
	mov r7, r9
	mov r6, r8
	push {r6, r7}
	add sp, #-0x010
	adds r5, r0, #0x0
	ldr r0, [r5, #0x28]
	asrs r0, r0, #0x08
	ldr r1, _080CDC1C @ =0x0203C40C
	ldrh r1, [r1, #0x00]
	subs r0, r0, r1
	lsls r0, r0, #0x10
	ldr r1, [r5, #0x2C]
	asrs r1, r1, #0x08
	ldr r2, _080CDC20 @ =0x0203C3F8
	ldrh r2, [r2, #0x00]
	subs r1, r1, r2
	lsls r1, r1, #0x10
	lsrs r2, r0, #0x10
	mov r9, r2
	asrs r0, r0, #0x10
	lsrs r6, r1, #0x10
	mov r8, r6
	asrs r1, r1, #0x10
	movs r2, #0x08
	str r2, [sp, #0x000]
	str r2, [sp, #0x004]
	movs r2, #0x18
	movs r3, #0x08
	bl func_080035CC
	lsls r0, r0, #0x18
	cmp r0, #0x00
	beq _080CDC24
	ldr r0, [r5, #0x04]
	cmp r0, #0x00
	beq _080CDCCE
	bl func_08002C10
	adds r0, r5, #0x0
	adds r0, #0x38
	bl func_08012304
	adds r0, r5, #0x0
	adds r0, #0xB4
	ldrh r0, [r0, #0x00]
	movs r1, #0x00
	bl func_080D2E70
	movs r0, #0x00
	str r0, [r5, #0x04]
	b _080CDCCE
_080CDC1C: .4byte 0x0203C40C
_080CDC20: .4byte 0x0203C3F8
_080CDC24:
	adds r4, r5, #0x0
	adds r4, #0x94
	adds r0, r4, #0x0
	bl func_08000EA4
	ldr r0, [r5, #0x04]
	adds r6, r5, #0x0
	adds r6, #0x38
	adds r7, r4, #0x0
	cmp r0, #0x00
	bne _080CDC7C
	ldr r0, _080CDC60 @ =0x09849C18
	movs r1, #0x20
	bl func_08002A14
	str r0, [r5, #0x04]
	movs r0, #0x00
	bl func_080D2D50
	lsls r0, r0, #0x18
	cmp r0, #0x00
	beq _080CDC64
	adds r0, r6, #0x0
	movs r1, #0x0A
	movs r2, #0x04
	movs r3, #0x10
	bl func_080122AC
	b _080CDC70
	.byte 0x00, 0x00
_080CDC60: .4byte 0x09849C18
_080CDC64:
	adds r0, r6, #0x0
	movs r1, #0x0A
	movs r2, #0x10
	movs r3, #0x10
	bl func_080122AC
_080CDC70:
	adds r0, r5, #0x0
	adds r0, #0xB4
	ldrh r0, [r0, #0x00]
	movs r1, #0x01
	bl func_080D2E70
_080CDC7C:
	ldr r1, [r5, #0x28]
	ldr r2, [r5, #0x2C]
	ldr r3, [r5, #0x30]
	adds r0, r6, #0x0
	bl func_08012324
	adds r0, r5, #0x0
	adds r0, #0x24
	ldrb r0, [r0, #0x00]
	movs r6, #0x80
	lsls r6, r6, #0x04
	cmp r0, #0x00
	beq _080CDC98
	adds r6, #0x01
_080CDC98:
	mov r1, r9
	lsls r0, r1, #0x10
	asrs r0, r0, #0x10
	mov r2, r8
	lsls r1, r2, #0x10
	asrs r1, r1, #0x10
	ldr r2, [r5, #0x08]
	ldr r3, [r5, #0x00]
	ldr r4, [r5, #0x04]
	str r4, [sp, #0x000]
	movs r4, #0x00
	str r4, [sp, #0x004]
	str r6, [sp, #0x008]
	ldr r5, [r5, #0x2C]
	asrs r5, r5, #0x08
	lsls r5, r5, #0x02
	ldr r6, _080CDCDC @ =0xFFFFEFFC
	adds r4, r6, #0x0
	subs r4, r4, r5
	lsls r4, r4, #0x10
	lsrs r4, r4, #0x10
	str r4, [sp, #0x00C]
	bl func_080023E0
	adds r0, r7, #0x0
	bl func_08000EE0
_080CDCCE:
	add sp, #0x010
	pop {r3, r4}
	mov r8, r3
	mov r9, r4
	pop {r4, r5, r6, r7}
	pop {r0}
	bx r0
_080CDCDC: .4byte 0xFFFFEFFC
	thumb_func_start task_poo_piglet_3
task_poo_piglet_3: @ 080CDCE0
	push {r4, lr}
	adds r4, r0, #0x0
	ldr r0, [r4, #0x00]
	bl func_080028C0
	ldr r0, [r4, #0x04]
	cmp r0, #0x00
	beq _080CDCFC
	bl func_08002C10
	adds r0, r4, #0x0
	adds r0, #0x38
	bl func_08012304
_080CDCFC:
	adds r0, r4, #0x0
	adds r0, #0x94
	bl func_08000F0C
	pop {r4}
	pop {r0}
	bx r0
	.byte 0x00, 0x00
	thumb_func_start task_poo_eeyore_0
task_poo_eeyore_0: @ 080CDD0C
	push {r4, r5, r6, lr}
	adds r5, r0, #0x0
	ldr r0, _080CDD48 @ =0x00082700
	str r0, [r5, #0x24]
	ldr r0, _080CDD4C @ =0x00047E00
	str r0, [r5, #0x28]
	movs r4, #0x00
	str r4, [r5, #0x2C]
	str r4, [r5, #0x30]
	ldr r0, _080CDD50 @ =0x09EF5D68
	movs r1, #0x10
	bl func_08003524
	adds r1, r5, #0x0
	adds r1, #0xA8
	strh r0, [r1, #0x00]
	str r4, [r5, #0x00]
	str r4, [r5, #0x04]
	movs r0, #0x02
	bl func_080D2D50
	lsls r0, r0, #0x18
	cmp r0, #0x00
	beq _080CDD54
	adds r0, r5, #0x0
	adds r0, #0xA4
	str r4, [r0, #0x00]
	adds r6, r0, #0x0
	b _080CDD5E
	.byte 0x00, 0x00
_080CDD48: .4byte 0x00082700
_080CDD4C: .4byte 0x00047E00
_080CDD50: .4byte 0x09EF5D68
_080CDD54:
	adds r1, r5, #0x0
	adds r1, #0xA4
	movs r0, #0x04
	str r0, [r1, #0x00]
	adds r6, r1, #0x0
_080CDD5E:
	adds r4, r5, #0x0
	adds r4, #0x0C
	ldr r1, _080CDDC8 @ =0x09EF5DA8
	ldr r2, _080CDDCC @ =0x09EF5D68
	adds r0, r4, #0x0
	bl func_08005968
	ldrh r1, [r6, #0x00]
	adds r0, r4, #0x0
	movs r2, #0x01
	bl func_080059A4
	adds r0, r4, #0x0
	bl func_08005AFC
	str r0, [r5, #0x08]
	adds r4, #0x84
	adds r0, r4, #0x0
	movs r1, #0x01
	bl func_08000E64
	ldr r1, _080CDDD0 @ =0x09EF4928
	adds r2, r5, #0x0
	adds r2, #0x24
	adds r0, r4, #0x0
	bl func_08000E14
	subs r4, #0x5C
	adds r0, r4, #0x0
	movs r1, #0x0A
	movs r2, #0x10
	movs r3, #0x10
	bl func_080122AC
	ldr r1, [r5, #0x24]
	ldr r2, [r5, #0x28]
	ldr r3, [r5, #0x2C]
	adds r0, r4, #0x0
	bl func_08012324
	adds r1, r5, #0x0
	adds r1, #0xAC
	movs r0, #0x01
	strb r0, [r1, #0x00]
	movs r0, #0x02
	bl func_080D2D50
	lsls r0, r0, #0x18
	cmp r0, #0x00
	bne _080CDDD4
	adds r0, r4, #0x0
	movs r1, #0x38
	b _080CDDD8
_080CDDC8: .4byte 0x09EF5DA8
_080CDDCC: .4byte 0x09EF5D68
_080CDDD0: .4byte 0x09EF4928
_080CDDD4:
	adds r0, r4, #0x0
	movs r1, #0x39
_080CDDD8:
	bl func_080D2E28
	adds r1, r5, #0x0
	adds r1, #0xAE
	strh r0, [r1, #0x00]
	ldrh r0, [r1, #0x00]
	movs r1, #0x01
	bl func_080D2E70
	adds r1, r5, #0x0
	adds r1, #0xAA
	movs r0, #0x00
	strh r0, [r1, #0x00]
	pop {r4, r5, r6}
	pop {r0}
	bx r0
	thumb_func_start task_poo_eeyore_1
task_poo_eeyore_1: @ 080CDDF8
	push {r4, r5, lr}
	adds r4, r0, #0x0
	adds r0, #0xAC
	ldrb r0, [r0, #0x00]
	cmp r0, #0x00
	beq _080CDE1A
	adds r0, r4, #0x0
	adds r0, #0x34
	movs r1, #0x09
	bl func_08012660
	lsls r0, r0, #0x18
	cmp r0, #0x00
	beq _080CDE1A
	ldr r1, _080CDEA8 @ =0x0203C3F0
	movs r0, #0x05
	str r0, [r1, #0x00]
_080CDE1A:
	bl func_080CFA70
	lsls r0, r0, #0x18
	adds r5, r4, #0x0
	adds r5, #0xAA
	cmp r0, #0x00
	beq _080CDE46
	adds r1, r4, #0x0
	adds r1, #0xA4
	ldr r0, [r1, #0x00]
	cmp r0, #0x04
	bne _080CDE46
	movs r0, #0x05
	str r0, [r1, #0x00]
	adds r0, r4, #0x0
	adds r0, #0x0C
	movs r1, #0x05
	movs r2, #0x01
	bl func_080059A4
	movs r0, #0xB4
	strh r0, [r5, #0x00]
_080CDE46:
	ldrh r0, [r5, #0x00]
	cmp r0, #0x00
	beq _080CDE9E
	adds r0, r4, #0x0
	adds r0, #0x24
	ldr r1, _080CDEAC @ =0x00080B00
	ldrh r2, [r5, #0x00]
	bl func_080058FC
	adds r0, r4, #0x0
	adds r0, #0x28
	ldr r1, _080CDEB0 @ =0x00048C00
	ldrh r2, [r5, #0x00]
	bl func_080058FC
	ldr r0, [r4, #0x24]
	ldr r1, [r4, #0x28]
	ldr r2, [r4, #0x2C]
	adds r1, r1, r2
	bl func_080C9FA8
	ldrh r0, [r5, #0x00]
	subs r0, #0x01
	strh r0, [r5, #0x00]
	lsls r0, r0, #0x10
	cmp r0, #0x00
	bne _080CDE9E
	movs r0, #0x8C
	bl func_080C7B84
	movs r0, #0x02
	bl func_080D2D3C
	movs r0, #0x51
	bl func_0800FDD0
	adds r0, r4, #0x0
	adds r0, #0xA4
	movs r1, #0x01
	str r1, [r0, #0x00]
	subs r0, #0x98
	movs r2, #0x01
	bl func_080059A4
_080CDE9E:
	movs r0, #0x01
	pop {r4, r5}
	pop {r1}
	bx r1
	.byte 0x00, 0x00
_080CDEA8: .4byte 0x0203C3F0
_080CDEAC: .4byte 0x00080B00
_080CDEB0: .4byte 0x00048C00
	thumb_func_start task_poo_eeyore_2
task_poo_eeyore_2: @ 080CDEB4
	push {r4, r5, r6, r7, lr}
	mov r7, r9
	mov r6, r8
	push {r6, r7}
	add sp, #-0x010
	adds r4, r0, #0x0
	ldr r1, [r4, #0x24]
	asrs r1, r1, #0x08
	ldr r0, _080CDF34 @ =0x0203C40C
	ldrh r0, [r0, #0x00]
	subs r1, r1, r0
	ldr r0, [r4, #0x28]
	asrs r0, r0, #0x08
	ldr r2, _080CDF38 @ =0x0203C3F8
	ldrh r2, [r2, #0x00]
	subs r0, r0, r2
	lsls r1, r1, #0x10
	asrs r1, r1, #0x10
	mov r9, r1
	lsls r0, r0, #0x10
	asrs r0, r0, #0x10
	mov r8, r0
	movs r0, #0x18
	str r0, [sp, #0x000]
	str r0, [sp, #0x004]
	mov r0, r9
	mov r1, r8
	movs r2, #0x18
	movs r3, #0x0A
	bl func_080035CC
	lsls r0, r0, #0x18
	lsrs r7, r0, #0x18
	cmp r7, #0x00
	beq _080CDF3C
	ldr r0, [r4, #0x04]
	cmp r0, #0x00
	beq _080CDF0E
	bl func_08002C10
	movs r0, #0x00
	str r0, [r4, #0x04]
	ldr r0, [r4, #0x00]
	bl func_080028C0
_080CDF0E:
	adds r5, r4, #0x0
	adds r5, #0xAC
	ldrb r0, [r5, #0x00]
	cmp r0, #0x00
	beq _080CDFD2
	adds r0, r4, #0x0
	adds r0, #0x34
	bl func_08012304
	adds r0, r4, #0x0
	adds r0, #0xAE
	ldrh r0, [r0, #0x00]
	movs r1, #0x00
	bl func_080D2E70
	movs r0, #0x00
	strb r0, [r5, #0x00]
	b _080CDFD2
	.byte 0x00, 0x00
_080CDF34: .4byte 0x0203C40C
_080CDF38: .4byte 0x0203C3F8
_080CDF3C:
	adds r5, r4, #0x0
	adds r5, #0xAC
	ldrb r0, [r5, #0x00]
	adds r6, r4, #0x0
	adds r6, #0x34
	cmp r0, #0x00
	bne _080CDF66
	adds r0, r6, #0x0
	movs r1, #0x0A
	movs r2, #0x10
	movs r3, #0x10
	bl func_080122AC
	adds r0, r4, #0x0
	adds r0, #0xAE
	ldrh r0, [r0, #0x00]
	movs r1, #0x01
	bl func_080D2E70
	movs r0, #0x01
	strb r0, [r5, #0x00]
_080CDF66:
	ldr r1, [r4, #0x24]
	ldr r2, [r4, #0x28]
	ldr r3, [r4, #0x2C]
	adds r0, r6, #0x0
	bl func_08012324
	adds r0, r4, #0x0
	adds r0, #0x0C
	bl func_08005A64
	str r0, [r4, #0x08]
	ldr r0, [r4, #0x04]
	cmp r0, #0x00
	bne _080CDF9A
	ldr r0, _080CDFE0 @ =0x09849C58
	movs r1, #0x20
	bl func_08002A14
	str r0, [r4, #0x04]
	adds r0, r4, #0x0
	adds r0, #0xA8
	ldrh r0, [r0, #0x00]
	ldr r1, _080CDFE4 @ =0x097448BA
	bl func_080028F8
	str r0, [r4, #0x00]
_080CDF9A:
	ldr r2, [r4, #0x08]
	ldr r3, [r4, #0x00]
	ldr r0, [r4, #0x04]
	str r0, [sp, #0x000]
	str r7, [sp, #0x004]
	movs r0, #0x80
	lsls r0, r0, #0x04
	str r0, [sp, #0x008]
	ldr r1, [r4, #0x28]
	asrs r1, r1, #0x08
	lsls r1, r1, #0x02
	ldr r5, _080CDFE8 @ =0xFFFFEFFC
	adds r0, r5, #0x0
	subs r0, r0, r1
	lsls r0, r0, #0x10
	lsrs r0, r0, #0x10
	str r0, [sp, #0x00C]
	mov r0, r9
	mov r1, r8
	bl func_080023E0
	adds r4, #0x90
	adds r0, r4, #0x0
	bl func_08000EA4
	adds r0, r4, #0x0
	bl func_08000EE0
_080CDFD2:
	add sp, #0x010
	pop {r3, r4}
	mov r8, r3
	mov r9, r4
	pop {r4, r5, r6, r7}
	pop {r0}
	bx r0
_080CDFE0: .4byte 0x09849C58
_080CDFE4: .4byte 0x097448BA
_080CDFE8: .4byte 0xFFFFEFFC
	thumb_func_start task_poo_eeyore_3
task_poo_eeyore_3: @ 080CDFEC
	push {r4, lr}
	adds r4, r0, #0x0
	ldr r0, [r4, #0x04]
	cmp r0, #0x00
	beq _080CE002
	ldr r0, [r4, #0x00]
	bl func_080028C0
	ldr r0, [r4, #0x04]
	bl func_08002C10
_080CE002:
	adds r0, r4, #0x0
	adds r0, #0xAC
	ldrb r0, [r0, #0x00]
	cmp r0, #0x00
	beq _080CE014
	adds r0, r4, #0x0
	adds r0, #0x34
	bl func_08012304
_080CE014:
	adds r0, r4, #0x0
	adds r0, #0x90
	bl func_08000F0C
	pop {r4}
	pop {r0}
	bx r0
	.byte 0x00, 0x00
	thumb_func_start task_poo_owl_0
task_poo_owl_0: @ 080CE024
	push {r4, r5, r6, r7, lr}
	adds r7, r0, #0x0
	ldr r0, _080CE08C @ =0x00041500
	str r0, [r7, #0x24]
	ldr r0, _080CE090 @ =0x00020700
	str r0, [r7, #0x28]
	ldr r0, _080CE094 @ =0xFFFFD000
	str r0, [r7, #0x2C]
	movs r4, #0x00
	str r4, [r7, #0x30]
	ldr r6, _080CE098 @ =0x09EF5DC4
	adds r0, r6, #0x0
	movs r1, #0x12
	bl func_08003524
	adds r1, r7, #0x0
	adds r1, #0x4C
	movs r5, #0x00
	strh r0, [r1, #0x00]
	str r4, [r7, #0x04]
	ldr r0, _080CE09C @ =0x09746EDC
	str r0, [r7, #0x08]
	adds r0, r7, #0x0
	adds r0, #0x0C
	ldr r1, _080CE0A0 @ =0x09EF5E24
	adds r2, r6, #0x0
	bl func_08005968
	adds r0, r7, #0x0
	adds r0, #0x48
	strb r5, [r0, #0x00]
	adds r0, #0x01
	strb r5, [r0, #0x00]
	ldr r4, _080CE0A4 @ =0x02034E08
	ldr r0, _080CE0A8 @ =0x0003FD00
	str r0, [r4, #0x00]
	ldr r0, _080CE0AC @ =0x00021B00
	str r0, [r4, #0x04]
	adds r5, r7, #0x0
	adds r5, #0x34
	adds r0, r5, #0x0
	movs r1, #0x01
	bl func_08000E64
	ldr r1, _080CE0B0 @ =0x09EF49B8
	adds r0, r5, #0x0
	adds r2, r4, #0x0
	bl func_08000E14
	pop {r4, r5, r6, r7}
	pop {r0}
	bx r0
_080CE08C: .4byte 0x00041500
_080CE090: .4byte 0x00020700
_080CE094: .4byte 0xFFFFD000
_080CE098: .4byte 0x09EF5DC4
_080CE09C: .4byte 0x09746EDC
_080CE0A0: .4byte 0x09EF5E24
_080CE0A4: .4byte 0x02034E08
_080CE0A8: .4byte 0x0003FD00
_080CE0AC: .4byte 0x00021B00
_080CE0B0: .4byte 0x09EF49B8
	thumb_func_start task_poo_owl_1
task_poo_owl_1: @ 080CE0B4
	push {r4, r5, r6, lr}
	adds r5, r0, #0x0
	bl func_080C9D5C
	lsls r0, r0, #0x18
	cmp r0, #0x00
	beq _080CE168
	ldr r4, _080CE148 @ =0x0203C3EC
	ldr r2, [r4, #0x00]
	ldr r0, [r2, #0x00]
	ldr r1, [r2, #0x04]
	ldr r2, [r2, #0x08]
	adds r1, r1, r2
	bl func_080C9FA8
	ldr r0, [r4, #0x00]
	ldr r1, [r0, #0x08]
	ldr r0, _080CE14C @ =0xFFFFC800
	cmp r1, r0
	bgt _080CE0E0
	bl func_080CA09C
_080CE0E0:
	bl func_080C9910
	lsls r0, r0, #0x18
	cmp r0, #0x00
	beq _080CE168
	adds r1, r5, #0x0
	adds r1, #0x48
	ldrb r0, [r1, #0x00]
	adds r6, r5, #0x0
	adds r6, #0x0C
	cmp r0, #0x00
	bne _080CE114
	movs r0, #0x01
	strb r0, [r1, #0x00]
	adds r0, r6, #0x0
	movs r1, #0x01
	movs r2, #0x00
	bl func_080059A4
	adds r1, r5, #0x0
	adds r1, #0x4A
	movs r0, #0x3C
	strh r0, [r1, #0x00]
	ldr r0, _080CE150 @ =0x0000015F
	bl func_0811FE70
_080CE114:
	adds r0, r6, #0x0
	bl func_08005B34
	lsls r0, r0, #0x10
	lsrs r0, r0, #0x10
	cmp r0, #0x03
	bls _080CE160
	adds r4, r5, #0x0
	adds r4, #0x4A
	ldrh r0, [r4, #0x00]
	cmp r0, #0x00
	beq _080CE158
	adds r0, r5, #0x0
	adds r0, #0x2C
	ldr r1, _080CE154 @ =0xFFFF7000
	ldrh r2, [r4, #0x00]
	bl func_0800592C
	ldrh r0, [r4, #0x00]
	subs r0, #0x01
	strh r0, [r4, #0x00]
	ldr r0, [r5, #0x24]
	subs r0, #0xCC
	str r0, [r5, #0x24]
	b _080CE160
	.byte 0x00, 0x00
_080CE148: .4byte 0x0203C3EC
_080CE14C: .4byte 0xFFFFC800
_080CE150: .4byte 0x0000015F
_080CE154: .4byte 0xFFFF7000
_080CE158:
	ldr r0, [r5, #0x2C]
	ldr r1, _080CE1D0 @ =0xFFFFFF00
	adds r0, r0, r1
	str r0, [r5, #0x2C]
_080CE160:
	adds r0, r6, #0x0
	bl func_08005A64
	str r0, [r5, #0x08]
_080CE168:
	bl func_080C9D48
	lsls r0, r0, #0x18
	cmp r0, #0x00
	beq _080CE1C0
	adds r1, r5, #0x0
	adds r1, #0x49
	ldrb r0, [r1, #0x00]
	adds r6, r5, #0x0
	adds r6, #0x0C
	cmp r0, #0x00
	bne _080CE18E
	movs r0, #0x01
	strb r0, [r1, #0x00]
	adds r0, r6, #0x0
	movs r1, #0x04
	movs r2, #0x01
	bl func_080059A4
_080CE18E:
	adds r0, r6, #0x0
	bl func_08005B34
	lsls r0, r0, #0x10
	cmp r0, #0x00
	bne _080CE1A8
	ldrh r0, [r5, #0x16]
	cmp r0, #0x00
	bne _080CE1A8
	movs r0, #0xAC
	lsls r0, r0, #0x01
	bl func_0811FE70
_080CE1A8:
	ldr r0, _080CE1D4 @ =0x0203C3EC
	adds r1, r5, #0x0
	adds r1, #0x24
	ldr r0, [r0, #0x00]
	ldm r0!, {r2, r3, r4}
	stm r1!, {r2, r3, r4}
	ldr r0, [r0, #0x00]
	str r0, [r1, #0x00]
	adds r0, r6, #0x0
	bl func_08005A64
	str r0, [r5, #0x08]
_080CE1C0:
	adds r0, r5, #0x0
	adds r0, #0x34
	bl func_08000EA4
	movs r0, #0x01
	pop {r4, r5, r6}
	pop {r1}
	bx r1
_080CE1D0: .4byte 0xFFFFFF00
_080CE1D4: .4byte 0x0203C3EC
	thumb_func_start task_poo_owl_2
task_poo_owl_2: @ 080CE1D8
	push {r4, r5, r6, r7, lr}
	add sp, #-0x010
	adds r4, r0, #0x0
	adds r0, #0x34
	bl func_08000EE0
	ldr r2, [r4, #0x24]
	asrs r2, r2, #0x08
	ldr r0, _080CE238 @ =0x0203C40C
	ldrh r0, [r0, #0x00]
	subs r2, r2, r0
	ldr r1, [r4, #0x28]
	asrs r1, r1, #0x08
	ldr r0, [r4, #0x2C]
	asrs r0, r0, #0x08
	adds r1, r1, r0
	ldr r0, _080CE23C @ =0x0203C3F8
	ldrh r0, [r0, #0x00]
	subs r1, r1, r0
	lsls r2, r2, #0x10
	asrs r7, r2, #0x10
	lsls r1, r1, #0x10
	asrs r6, r1, #0x10
	movs r0, #0x08
	str r0, [sp, #0x000]
	str r0, [sp, #0x004]
	adds r0, r7, #0x0
	adds r1, r6, #0x0
	movs r2, #0x18
	movs r3, #0x08
	bl func_080035CC
	lsls r0, r0, #0x18
	lsrs r5, r0, #0x18
	cmp r5, #0x00
	beq _080CE240
	ldr r0, [r4, #0x04]
	cmp r0, #0x00
	beq _080CE28C
	ldr r0, [r4, #0x00]
	bl func_080028C0
	ldr r0, [r4, #0x04]
	bl func_08002C10
	movs r0, #0x00
	str r0, [r4, #0x04]
	b _080CE28C
_080CE238: .4byte 0x0203C40C
_080CE23C: .4byte 0x0203C3F8
_080CE240:
	ldr r0, [r4, #0x04]
	cmp r0, #0x00
	bne _080CE25E
	adds r0, r4, #0x0
	adds r0, #0x4C
	ldrh r0, [r0, #0x00]
	ldr r1, _080CE294 @ =0x097471E2
	bl func_080028F8
	str r0, [r4, #0x00]
	ldr r0, _080CE298 @ =0x09849C78
	movs r1, #0x20
	bl func_08002A14
	str r0, [r4, #0x04]
_080CE25E:
	ldr r2, [r4, #0x08]
	ldr r3, [r4, #0x00]
	ldr r0, [r4, #0x04]
	str r0, [sp, #0x000]
	str r5, [sp, #0x004]
	movs r0, #0x80
	lsls r0, r0, #0x04
	str r0, [sp, #0x008]
	ldr r1, [r4, #0x28]
	ldr r0, [r4, #0x2C]
	adds r1, r1, r0
	asrs r1, r1, #0x08
	lsls r1, r1, #0x02
	ldr r4, _080CE29C @ =0xFFFFEFFC
	adds r0, r4, #0x0
	subs r0, r0, r1
	lsls r0, r0, #0x10
	lsrs r0, r0, #0x10
	str r0, [sp, #0x00C]
	adds r0, r7, #0x0
	adds r1, r6, #0x0
	bl func_080023E0
_080CE28C:
	add sp, #0x010
	pop {r4, r5, r6, r7}
	pop {r0}
	bx r0
_080CE294: .4byte 0x097471E2
_080CE298: .4byte 0x09849C78
_080CE29C: .4byte 0xFFFFEFFC
	thumb_func_start task_poo_owl_3
task_poo_owl_3: @ 080CE2A0
	push {r4, lr}
	adds r4, r0, #0x0
	ldr r0, [r4, #0x04]
	cmp r0, #0x00
	beq _080CE2B6
	ldr r0, [r4, #0x00]
	bl func_080028C0
	ldr r0, [r4, #0x04]
	bl func_08002C10
_080CE2B6:
	adds r0, r4, #0x0
	adds r0, #0x34
	bl func_08000F0C
	pop {r4}
	pop {r0}
	bx r0
	thumb_func_start func_080CE2C4
func_080CE2C4: @ 080CE2C4
	push {r4, r5, r6, r7, lr}
	add sp, #-0x004
	adds r6, r0, #0x0
	lsls r2, r2, #0x10
	lsrs r7, r2, #0x10
	adds r2, r6, #0x0
	adds r2, #0xA8
	ldr r0, [r2, #0x00]
	cmp r0, r1
	beq _080CE302
	str r1, [r2, #0x00]
	adds r0, r6, #0x0
	adds r0, #0x0C
	ldr r4, _080CE30C @ =0x096FD50C
	lsls r5, r1, #0x04
	adds r2, r5, r4
	ldrh r1, [r2, #0x0C]
	ldr r3, [r2, #0x00]
	adds r2, r4, #0x4
	adds r2, r5, r2
	ldr r2, [r2, #0x00]
	str r2, [sp, #0x000]
	adds r2, r7, #0x0
	bl func_08005974
	ldr r0, [r6, #0x00]
	adds r4, #0x08
	adds r5, r5, r4
	ldr r1, [r5, #0x00]
	bl func_08002A10
_080CE302:
	add sp, #0x004
	pop {r4, r5, r6, r7}
	pop {r0}
	bx r0
	.byte 0x00, 0x00
_080CE30C: .4byte 0x096FD50C
	thumb_func_start task_poo_rabbit_0
task_poo_rabbit_0: @ 080CE310
	push {r4, r5, r6, r7, lr}
	adds r5, r0, #0x0
	ldr r0, _080CE3CC @ =0x0001B700
	str r0, [r5, #0x28]
	movs r0, #0xB7
	lsls r0, r0, #0x09
	str r0, [r5, #0x2C]
	movs r0, #0x00
	str r0, [r5, #0x30]
	str r0, [r5, #0x34]
	str r0, [r5, #0x04]
	movs r6, #0x00
	movs r4, #0x00
	ldr r7, _080CE3D0 @ =0x096FD57C
_080CE32C:
	lsls r1, r4, #0x03
	adds r1, r1, r7
	ldr r0, [r1, #0x00]
	ldrh r1, [r1, #0x04]
	bl func_08003524
	lsls r0, r0, #0x10
	lsrs r0, r0, #0x10
	cmp r6, r0
	bcs _080CE342
	adds r6, r0, #0x0
_080CE342:
	adds r0, r4, #0x1
	lsls r0, r0, #0x18
	lsrs r4, r0, #0x18
	cmp r4, #0x01
	bls _080CE32C
	adds r0, r6, #0x0
	movs r1, #0x00
	bl func_080028F8
	str r0, [r5, #0x00]
	adds r4, r5, #0x0
	adds r4, #0x0C
	adds r0, r4, #0x0
	movs r1, #0x00
	movs r2, #0x00
	bl func_08005968
	adds r1, r5, #0x0
	adds r1, #0xA8
	movs r0, #0x07
	str r0, [r1, #0x00]
	adds r0, r5, #0x0
	movs r1, #0x01
	movs r2, #0x00
	bl func_080CE2C4
	adds r0, r5, #0x0
	adds r0, #0x24
	movs r1, #0x00
	strb r1, [r0, #0x00]
	adds r0, #0x88
	strh r1, [r0, #0x00]
	adds r0, r4, #0x0
	bl func_08005AFC
	str r0, [r5, #0x08]
	adds r4, #0x2C
	adds r0, r4, #0x0
	movs r1, #0x01
	bl func_08000E64
	adds r1, r5, #0x0
	adds r1, #0x28
	movs r2, #0x80
	lsls r2, r2, #0x01
	adds r0, r4, #0x0
	bl func_080CC178
	adds r4, #0x14
	ldr r1, [r5, #0x28]
	ldr r2, [r5, #0x2C]
	ldr r3, [r5, #0x30]
	adds r0, r4, #0x0
	bl func_08012324
	adds r0, r4, #0x0
	movs r1, #0x3B
	bl func_080D2E28
	adds r1, r5, #0x0
	adds r1, #0xAE
	strh r0, [r1, #0x00]
	ldrh r0, [r1, #0x00]
	movs r1, #0x00
	bl func_080D2E70
	pop {r4, r5, r6, r7}
	pop {r0}
	bx r0
_080CE3CC: .4byte 0x0001B700
_080CE3D0: .4byte 0x096FD57C
	thumb_func_start task_poo_rabbit_1
task_poo_rabbit_1: @ 080CE3D4
	push {r4, r5, r6, lr}
	adds r5, r0, #0x0
	adds r0, #0xA8
	ldr r0, [r0, #0x00]
	cmp r0, #0x06
	bls _080CE3E2
	b _080CE5C8
_080CE3E2:
	lsls r0, r0, #0x02
	ldr r1, _080CE3EC @ =0x080CE3F0
	adds r0, r0, r1
	ldr r0, [r0, #0x00]
	mov pc, r0
_080CE3EC: .4byte 0x080CE3F0
	.byte 0x98, 0xE5, 0x0C, 0x08, 0x0C, 0xE4, 0x0C, 0x08, 0xF2, 0xE4, 0x0C, 0x08, 0xC8, 0xE5, 0x0C, 0x08
	.byte 0x52, 0xE4, 0x0C, 0x08, 0xC8, 0xE4, 0x0C, 0x08, 0x6C, 0xE5, 0x0C, 0x08, 0x2E, 0x1C, 0x0C, 0x36
	.byte 0x30, 0x1C, 0x37, 0xF7, 0x83, 0xFB, 0x00, 0x06, 0x00, 0x28, 0x00, 0xD1, 0xD4, 0xE0, 0x2C, 0x1C
	.byte 0xAC, 0x34, 0x20, 0x88, 0x01, 0x30, 0x20, 0x80, 0x00, 0x04, 0x00, 0x0C, 0x03, 0x28, 0x03, 0xD8
	.byte 0x30, 0x1C, 0x37, 0xF7, 0x97, 0xFB, 0xC7, 0xE0, 0x28, 0x1C, 0x04, 0x21, 0x01, 0x22, 0xFF, 0xF7
	.byte 0x41, 0xFF, 0x28, 0x1C, 0x24, 0x30, 0x01, 0x21, 0x01, 0x70, 0x9C, 0x20, 0x40, 0x00, 0x20, 0x80
	.byte 0xBA, 0xE0, 0x68, 0x68, 0x00, 0x28, 0x16, 0xD0, 0x28, 0x1C, 0x78, 0x30, 0x00, 0x78, 0x00, 0x28
	.byte 0x11, 0xD0, 0x28, 0x1C, 0x4C, 0x30, 0x09, 0x21, 0x44, 0xF7, 0xFA, 0xF8, 0x00, 0x06, 0x00, 0x28
	.byte 0x09, 0xD0, 0x28, 0x1C, 0x06, 0x21, 0x00, 0x22, 0xFF, 0xF7, 0x24, 0xFF, 0x29, 0x1C, 0xB0, 0x31
	.byte 0x14, 0x20, 0x08, 0x80, 0xA0, 0xE0, 0x28, 0x1C, 0x28, 0x30, 0x8C, 0x21, 0x89, 0x02, 0x2C, 0x1C
	.byte 0xAC, 0x34, 0x22, 0x88, 0x37, 0xF7, 0x32, 0xFA, 0x28, 0x1C, 0x2C, 0x30, 0x92, 0x21, 0x49, 0x02
	.byte 0x22, 0x88, 0x37, 0xF7, 0x2B, 0xFA, 0x20, 0x88, 0x01, 0x38, 0x20, 0x80, 0x00, 0x04, 0x00, 0x28
	.byte 0x00, 0xD0, 0x89, 0xE0, 0x28, 0x1C, 0x05, 0x21, 0x00, 0x22, 0xFF, 0xF7, 0x03, 0xFF, 0x29, 0x1C
	.byte 0x24, 0x31, 0x01, 0x20, 0x08, 0x70, 0x7F, 0xE0, 0x28, 0x1C, 0x0C, 0x30, 0x37, 0xF7, 0x26, 0xFB
	.byte 0x00, 0x06, 0x00, 0x28, 0x78, 0xD0, 0x28, 0x1C, 0x02, 0x21, 0x01, 0x22, 0xFF, 0xF7, 0xF2, 0xFE
	.byte 0x29, 0x1C, 0x24, 0x31, 0x00, 0x20, 0x08, 0x70, 0x88, 0x31, 0x82, 0x20, 0x40, 0x00, 0x08, 0x80
	.byte 0x6A, 0xE0, 0x68, 0x68, 0x00, 0x28, 0x16, 0xD0, 0x28, 0x1C, 0x78, 0x30, 0x00, 0x78, 0x00, 0x28
	.byte 0x11, 0xD0, 0x28, 0x1C, 0x4C, 0x30, 0x09, 0x21, 0x44, 0xF7, 0xAA, 0xF8, 0x00, 0x06, 0x00, 0x28
	.byte 0x09, 0xD0, 0x29, 0x1C, 0xB0, 0x31, 0x14, 0x20, 0x08, 0x80, 0x28, 0x1C, 0x00, 0x21, 0x00, 0x22
	.byte 0xFF, 0xF7, 0xD0, 0xFE, 0x50, 0xE0, 0x28, 0x1C, 0x28, 0x30, 0x0F, 0x49, 0x2C, 0x1C, 0xAC, 0x34
	.byte 0x22, 0x88, 0x37, 0xF7, 0xE3, 0xF9, 0x28, 0x1C, 0x2C, 0x30, 0xB7, 0x21, 0x49, 0x02, 0x22, 0x88
	.byte 0x37, 0xF7, 0xDC, 0xF9, 0x20, 0x88, 0x01, 0x38, 0x20, 0x80, 0x00, 0x04, 0x06, 0x0C, 0x00, 0x2E
	.byte 0x3A, 0xD1, 0x28, 0x1C, 0x01, 0x21, 0x00, 0x22, 0xFF, 0xF7, 0xB4, 0xFE, 0x29, 0x1C, 0x24, 0x31
	.byte 0x00, 0x20, 0x08, 0x70, 0x26, 0x80, 0x2F, 0xE0, 0x00, 0xB7, 0x01, 0x00, 0x29, 0x1C, 0xB0, 0x31
	.byte 0x08, 0x88, 0x00, 0x28, 0x15, 0xD1, 0x68, 0x68, 0x00, 0x28, 0x25, 0xD0, 0x28, 0x1C, 0x4C, 0x30
	.byte 0x09, 0x21, 0x44, 0xF7, 0x6D, 0xF8, 0x00, 0x06, 0x00, 0x28, 0x1D, 0xD1, 0x28, 0x1C, 0x04, 0x21
	.byte 0x01, 0x22, 0xFF, 0xF7, 0x97, 0xFE, 0x17, 0xE0, 0x29, 0x1C, 0xB0, 0x31, 0x08, 0x88, 0x00, 0x28
	.byte 0x02, 0xD0, 0x01, 0x38, 0x08, 0x80, 0x0F, 0xE0, 0x68, 0x68, 0x00, 0x28, 0x0C, 0xD0, 0x28, 0x1C
	.byte 0x4C, 0x30, 0x09, 0x21, 0x44, 0xF7, 0x54, 0xF8, 0x00, 0x06, 0x00, 0x28, 0x04, 0xD1, 0x28, 0x1C
	.byte 0x02, 0x21, 0x01, 0x22, 0xFF, 0xF7, 0x7E, 0xFE
_080CE5C8:
	adds r0, r5, #0x0
	adds r0, #0x0C
	bl func_08005A64
	str r0, [r5, #0x08]
	movs r0, #0x01
	pop {r4, r5, r6}
	pop {r1}
	bx r1
	.byte 0x00, 0x00
	thumb_func_start task_poo_rabbit_2
task_poo_rabbit_2: @ 080CE5DC
	push {r4, r5, r6, r7, lr}
	mov r7, r9
	mov r6, r8
	push {r6, r7}
	add sp, #-0x010
	adds r4, r0, #0x0
	ldr r1, [r4, #0x28]
	asrs r1, r1, #0x08
	ldr r0, _080CE648 @ =0x0203C40C
	ldrh r0, [r0, #0x00]
	subs r1, r1, r0
	ldr r0, [r4, #0x2C]
	asrs r0, r0, #0x08
	ldr r2, _080CE64C @ =0x0203C3F8
	ldrh r2, [r2, #0x00]
	subs r0, r0, r2
	lsls r1, r1, #0x10
	asrs r1, r1, #0x10
	mov r9, r1
	lsls r0, r0, #0x10
	asrs r0, r0, #0x10
	mov r8, r0
	movs r0, #0x10
	str r0, [sp, #0x000]
	str r0, [sp, #0x004]
	mov r0, r9
	mov r1, r8
	movs r2, #0x30
	movs r3, #0x08
	bl func_080035CC
	lsls r0, r0, #0x18
	lsrs r6, r0, #0x18
	cmp r6, #0x00
	beq _080CE650
	ldr r0, [r4, #0x04]
	cmp r0, #0x00
	beq _080CE6CE
	bl func_08002C10
	adds r0, r4, #0x0
	adds r0, #0x4C
	bl func_08012304
	adds r0, r4, #0x0
	adds r0, #0xAE
	ldrh r0, [r0, #0x00]
	movs r1, #0x00
	bl func_080D2E70
	movs r0, #0x00
	str r0, [r4, #0x04]
	b _080CE6CE
	.byte 0x00, 0x00
_080CE648: .4byte 0x0203C40C
_080CE64C: .4byte 0x0203C3F8
_080CE650:
	adds r7, r4, #0x0
	adds r7, #0x38
	adds r0, r7, #0x0
	bl func_08000EA4
	ldr r0, [r4, #0x04]
	adds r5, r4, #0x0
	adds r5, #0x4C
	cmp r0, #0x00
	bne _080CE686
	ldr r0, _080CE6DC @ =0x09849CB8
	movs r1, #0x40
	bl func_08002A14
	str r0, [r4, #0x04]
	adds r0, r5, #0x0
	movs r1, #0x0A
	movs r2, #0x04
	movs r3, #0x30
	bl func_080122AC
	adds r0, r4, #0x0
	adds r0, #0xAE
	ldrh r0, [r0, #0x00]
	movs r1, #0x01
	bl func_080D2E70
_080CE686:
	ldr r1, [r4, #0x28]
	ldr r2, [r4, #0x2C]
	ldr r3, [r4, #0x30]
	adds r0, r5, #0x0
	bl func_08012324
	adds r0, r4, #0x0
	adds r0, #0x24
	ldrb r0, [r0, #0x00]
	movs r1, #0x80
	lsls r1, r1, #0x04
	cmp r0, #0x00
	beq _080CE6A2
	adds r1, #0x01
_080CE6A2:
	ldr r2, [r4, #0x08]
	ldr r3, [r4, #0x00]
	ldr r0, [r4, #0x04]
	str r0, [sp, #0x000]
	str r6, [sp, #0x004]
	str r1, [sp, #0x008]
	ldr r1, [r4, #0x2C]
	asrs r1, r1, #0x08
	lsls r1, r1, #0x02
	ldr r4, _080CE6E0 @ =0xFFFFEFFC
	adds r0, r4, #0x0
	subs r0, r0, r1
	lsls r0, r0, #0x10
	lsrs r0, r0, #0x10
	str r0, [sp, #0x00C]
	mov r0, r9
	mov r1, r8
	bl func_080023E0
	adds r0, r7, #0x0
	bl func_08000EE0
_080CE6CE:
	add sp, #0x010
	pop {r3, r4}
	mov r8, r3
	mov r9, r4
	pop {r4, r5, r6, r7}
	pop {r0}
	bx r0
_080CE6DC: .4byte 0x09849CB8
_080CE6E0: .4byte 0xFFFFEFFC
	thumb_func_start task_poo_rabbit_3
task_poo_rabbit_3: @ 080CE6E4
	push {r4, lr}
	adds r4, r0, #0x0
	ldr r0, [r4, #0x04]
	cmp r0, #0x00
	beq _080CE702
	ldr r0, [r4, #0x00]
	bl func_080028C0
	ldr r0, [r4, #0x04]
	bl func_08002C10
	adds r0, r4, #0x0
	adds r0, #0x4C
	bl func_08012304
_080CE702:
	adds r0, r4, #0x0
	adds r0, #0x38
	bl func_08000F0C
	pop {r4}
	pop {r0}
	bx r0
	thumb_func_start func_080CE710
func_080CE710: @ 080CE710
	push {r4, r5, lr}
	adds r4, r0, #0x0
	lsls r1, r1, #0x10
	lsrs r5, r1, #0x10
	adds r0, #0x0C
	bl func_08005B64
	adds r0, r4, #0x0
	adds r0, #0xC0
	ldr r0, [r0, #0x00]
	cmp r0, #0x02
	bne _080CE760
	adds r0, r4, #0x0
	adds r0, #0xB8
	ldrb r0, [r0, #0x00]
	cmp r0, #0x53
	beq _080CE744
	cmp r0, #0x53
	ble _080CE754
	cmp r0, #0xAD
	beq _080CE740
	cmp r0, #0xD3
	beq _080CE748
	b _080CE754
_080CE740:
	movs r2, #0x02
	b _080CE74A
_080CE744:
	movs r2, #0x02
	b _080CE756
_080CE748:
	movs r2, #0x03
_080CE74A:
	adds r1, r4, #0x0
	adds r1, #0x24
	movs r0, #0x00
	strb r0, [r1, #0x00]
	b _080CE762
_080CE754:
	movs r2, #0x03
_080CE756:
	adds r1, r4, #0x0
	adds r1, #0x24
	movs r0, #0x01
	strb r0, [r1, #0x00]
	b _080CE762
_080CE760:
	movs r2, #0x00
_080CE762:
	ldrh r0, [r4, #0x26]
	cmp r0, r2
	beq _080CE776
	strh r2, [r4, #0x26]
	adds r0, r4, #0x0
	adds r0, #0x0C
	adds r1, r2, #0x0
	adds r2, r5, #0x0
	bl func_080059A4
_080CE776:
	pop {r4, r5}
	pop {r0}
	bx r0
	thumb_func_start func_080CE77C
func_080CE77C: @ 080CE77C
	push {r4, r5, r6, r7, lr}
	add sp, #-0x004
	adds r6, r0, #0x0
	lsls r1, r1, #0x10
	lsrs r7, r1, #0x10
	adds r0, #0x0C
	bl func_08005B64
	adds r0, r6, #0x0
	adds r0, #0xC0
	ldr r0, [r0, #0x00]
	cmp r0, #0x00
	beq _080CE7DA
	cmp r0, #0x01
	bne _080CE79E
	movs r5, #0x01
	b _080CE7DC
_080CE79E:
	cmp r0, #0x02
	bne _080CE7DA
	adds r0, r6, #0x0
	adds r0, #0xB8
	ldrb r0, [r0, #0x00]
	cmp r0, #0x53
	beq _080CE7BE
	cmp r0, #0x53
	ble _080CE7CE
	cmp r0, #0xAD
	beq _080CE7BA
	cmp r0, #0xD3
	beq _080CE7C2
	b _080CE7CE
_080CE7BA:
	movs r5, #0x02
	b _080CE7C4
_080CE7BE:
	movs r5, #0x02
	b _080CE7D0
_080CE7C2:
	movs r5, #0x03
_080CE7C4:
	adds r1, r6, #0x0
	adds r1, #0x24
	movs r0, #0x00
	strb r0, [r1, #0x00]
	b _080CE7DC
_080CE7CE:
	movs r5, #0x03
_080CE7D0:
	adds r1, r6, #0x0
	adds r1, #0x24
	movs r0, #0x01
	strb r0, [r1, #0x00]
	b _080CE7DC
_080CE7DA:
	movs r5, #0x00
_080CE7DC:
	ldrh r0, [r6, #0x26]
	cmp r0, r5
	beq _080CE80C
	strh r5, [r6, #0x26]
	adds r0, r6, #0x0
	adds r0, #0x0C
	ldr r4, _080CE814 @ =0x096FD59C
	lsls r5, r5, #0x04
	adds r2, r5, r4
	ldrh r1, [r2, #0x0C]
	ldr r3, [r2, #0x00]
	adds r2, r4, #0x4
	adds r2, r5, r2
	ldr r2, [r2, #0x00]
	str r2, [sp, #0x000]
	adds r2, r7, #0x0
	bl func_08005974
	ldr r0, [r6, #0x00]
	adds r4, #0x08
	adds r5, r5, r4
	ldr r1, [r5, #0x00]
	bl func_08002A10
_080CE80C:
	add sp, #0x004
	pop {r4, r5, r6, r7}
	pop {r0}
	bx r0
_080CE814: .4byte 0x096FD59C
	thumb_func_start func_080CE818
func_080CE818: @ 080CE818
	push {r4, r5, lr}
	add sp, #-0x020
	adds r3, r0, #0x0
	mov r1, sp
	ldr r0, _080CE874 @ =0x096FD61C
	ldm r0!, {r2, r4, r5}
	stm r1!, {r2, r4, r5}
	ldm r0!, {r2, r4, r5}
	stm r1!, {r2, r4, r5}
	ldm r0!, {r2, r4}
	stm r1!, {r2, r4}
	ldr r1, _080CE878 @ =0x096FD59C
	ldrh r0, [r3, #0x26]
	lsls r0, r0, #0x04
	adds r0, r0, r1
	ldrh r1, [r0, #0x0C]
	ldr r0, [r0, #0x00]
	lsls r1, r1, #0x02
	adds r1, r1, r0
	ldr r1, [r1, #0x00]
	adds r2, r3, #0x0
	adds r2, #0xBE
	ldrh r0, [r2, #0x00]
	lsls r0, r0, #0x02
	adds r0, r0, r1
	ldrh r1, [r0, #0x08]
	adds r0, r3, #0x0
	adds r0, #0xBC
	strh r1, [r0, #0x00]
	adds r1, r3, #0x0
	adds r1, #0xB0
	ldrh r0, [r2, #0x00]
	lsls r0, r0, #0x02
	add r0, sp
	ldr r0, [r0, #0x00]
	ldr r5, _080CE87C @ =0xFFFFE800
	adds r0, r0, r5
	str r0, [r1, #0x00]
	ldrh r0, [r2, #0x00]
	adds r0, #0x01
	strh r0, [r2, #0x00]
	add sp, #0x020
	pop {r4, r5}
	pop {r0}
	bx r0
	.byte 0x00, 0x00
_080CE874: .4byte 0x096FD61C
_080CE878: .4byte 0x096FD59C
_080CE87C: .4byte 0xFFFFE800
	thumb_func_start func_080CE880
func_080CE880: @ 080CE880
	ldr r1, _080CE8B0 @ =0x096FD59C
	ldrh r0, [r0, #0x26]
	lsls r0, r0, #0x04
	adds r0, r0, r1
	ldrh r1, [r0, #0x0C]
	ldr r0, [r0, #0x00]
	lsls r1, r1, #0x02
	adds r1, r1, r0
	ldr r1, [r1, #0x00]
	movs r3, #0x00
	ldrh r0, [r1, #0x04]
	cmp r3, r0
	bge _080CE8AC
	adds r2, r0, #0x0
_080CE89C:
	ldrh r0, [r1, #0x08]
	adds r0, r3, r0
	lsls r0, r0, #0x10
	lsrs r3, r0, #0x10
	adds r1, #0x04
	subs r2, #0x01
	cmp r2, #0x00
	bne _080CE89C
_080CE8AC:
	adds r0, r3, #0x0
	bx lr
_080CE8B0: .4byte 0x096FD59C
	thumb_func_start func_080CE8B4
func_080CE8B4: @ 080CE8B4
	push {r4, lr}
	adds r4, r0, #0x0
	bl func_080CE880
	adds r1, r4, #0x0
	adds r1, #0xBA
	strh r0, [r1, #0x00]
	adds r0, r4, #0x0
	adds r0, #0xB8
	ldrb r0, [r0, #0x00]
	cmp r0, #0xAD
	bne _080CE8E8
	ldr r1, _080CE8E4 @ =0x096FD5FC
	ldr r0, [r1, #0x00]
	str r0, [r4, #0x28]
	ldr r0, [r1, #0x04]
	str r0, [r4, #0x2C]
	adds r2, r4, #0x0
	adds r2, #0xA8
	ldr r0, [r1, #0x08]
	str r0, [r2, #0x00]
	adds r2, #0x04
	ldr r0, [r1, #0x0C]
	b _080CE93E
_080CE8E4: .4byte 0x096FD5FC
_080CE8E8:
	cmp r0, #0x53
	bne _080CE908
	ldr r1, _080CE904 @ =0x096FD5FC
	ldr r0, [r1, #0x08]
	str r0, [r4, #0x28]
	ldr r0, [r1, #0x0C]
	str r0, [r4, #0x2C]
	adds r2, r4, #0x0
	adds r2, #0xA8
	ldr r0, [r1, #0x10]
	str r0, [r2, #0x00]
	adds r2, #0x04
	ldr r0, [r1, #0x14]
	b _080CE93E
_080CE904: .4byte 0x096FD5FC
_080CE908:
	cmp r0, #0x2D
	bne _080CE928
	ldr r1, _080CE924 @ =0x096FD5FC
	ldr r0, [r1, #0x10]
	str r0, [r4, #0x28]
	ldr r0, [r1, #0x14]
	str r0, [r4, #0x2C]
	adds r2, r4, #0x0
	adds r2, #0xA8
	ldr r0, [r1, #0x18]
	str r0, [r2, #0x00]
	adds r2, #0x04
	ldr r0, [r1, #0x1C]
	b _080CE93E
_080CE924: .4byte 0x096FD5FC
_080CE928:
	ldr r1, _080CE958 @ =0x096FD5FC
	ldr r0, [r1, #0x18]
	str r0, [r4, #0x28]
	ldr r0, [r1, #0x1C]
	str r0, [r4, #0x2C]
	adds r2, r4, #0x0
	adds r2, #0xA8
	ldr r0, [r1, #0x00]
	str r0, [r2, #0x00]
	adds r2, #0x04
	ldr r0, [r1, #0x04]
_080CE93E:
	str r0, [r2, #0x00]
	ldr r0, _080CE95C @ =0xFFFFE800
	str r0, [r4, #0x30]
	adds r1, r4, #0x0
	adds r1, #0xBE
	movs r0, #0x00
	strh r0, [r1, #0x00]
	adds r0, r4, #0x0
	bl func_080CE818
	pop {r4}
	pop {r0}
	bx r0
_080CE958: .4byte 0x096FD5FC
_080CE95C: .4byte 0xFFFFE800
	thumb_func_start func_080CE960
func_080CE960: @ 080CE960
	push {r4, lr}
	add sp, #-0x008
	lsls r3, r3, #0x18
	lsrs r4, r3, #0x18
	asrs r0, r0, #0x08
	ldr r3, _080CE9A4 @ =0x0203C40C
	ldrh r3, [r3, #0x00]
	subs r0, r0, r3
	asrs r1, r1, #0x08
	asrs r2, r2, #0x08
	adds r1, r1, r2
	ldr r2, _080CE9A8 @ =0x0203C3F8
	ldrh r2, [r2, #0x00]
	subs r1, r1, r2
	lsls r0, r0, #0x10
	asrs r0, r0, #0x10
	lsls r1, r1, #0x10
	asrs r1, r1, #0x10
	movs r2, #0x18
	str r2, [sp, #0x000]
	str r2, [sp, #0x004]
	movs r2, #0x78
	movs r3, #0x08
	bl func_080035CC
	lsls r0, r0, #0x18
	cmp r0, #0x00
	bne _080CE9B6
	cmp r4, #0x00
	beq _080CE9B0
	ldr r0, _080CE9AC @ =0x000003C1
	bl func_0811FE70
	b _080CE9B6
_080CE9A4: .4byte 0x0203C40C
_080CE9A8: .4byte 0x0203C3F8
_080CE9AC: .4byte 0x000003C1
_080CE9B0:
	ldr r0, _080CE9C0 @ =0x000003B9
	bl func_0811FE70
_080CE9B6:
	add sp, #0x008
	pop {r4}
	pop {r0}
	bx r0
	.byte 0x00, 0x00
_080CE9C0: .4byte 0x000003B9
	.byte 0xF0, 0xB5, 0x83, 0xB0, 0x05, 0x1C, 0x29, 0x1C, 0xC0, 0x31, 0x02, 0x20, 0x08, 0x60, 0x08, 0x39
	.byte 0x00, 0x22, 0xAD, 0x20, 0x08, 0x70, 0x19, 0x31, 0x01, 0x20, 0x08, 0x70, 0x6A, 0x60, 0x00, 0x26
	.byte 0x00, 0x24, 0x22, 0x4F, 0xE1, 0x00, 0xC9, 0x19, 0x08, 0x68, 0x89, 0x88, 0x34, 0xF7, 0x98, 0xFD
	.byte 0x00, 0x04, 0x00, 0x0C, 0x86, 0x42, 0x00, 0xD2, 0x06, 0x1C, 0x60, 0x1C, 0x00, 0x06, 0x04, 0x0E
	.byte 0x03, 0x2C, 0xEF, 0xD9, 0x30, 0x1C, 0x00, 0x21, 0x33, 0xF7, 0x74, 0xFF, 0x28, 0x60, 0x2C, 0x1C
	.byte 0x0C, 0x34, 0x20, 0x1C, 0x00, 0x21, 0x00, 0x22, 0x36, 0xF7, 0xA4, 0xFF, 0x04, 0x20, 0xE8, 0x84
	.byte 0x28, 0x1C, 0x00, 0x21, 0xFF, 0xF7, 0xA8, 0xFE, 0x28, 0x1C, 0xFF, 0xF7, 0x41, 0xFF, 0x20, 0x1C
	.byte 0x37, 0xF7, 0x62, 0xF8, 0xA8, 0x60, 0x88, 0x34, 0x20, 0x1C, 0x01, 0x21, 0x32, 0xF7, 0x10, 0xFA
	.byte 0x28, 0x1C, 0x28, 0x30, 0x00, 0x90, 0xA0, 0x30, 0x01, 0x90, 0x09, 0x49, 0x20, 0x1C, 0x6A, 0x46
	.byte 0x32, 0xF7, 0xDE, 0xF9, 0x28, 0x1C, 0x38, 0x30, 0xA9, 0x6A, 0xEA, 0x6A, 0x2B, 0x6B, 0x43, 0xF7
	.byte 0x5F, 0xFC, 0x03, 0xB0, 0xF0, 0xBC, 0x01, 0xBC, 0x00, 0x47, 0x00, 0x00, 0xDC, 0xD5, 0x6F, 0x09
	.byte 0x40, 0x49, 0xEF, 0x09
	thumb_func_start task_poo_tiggerroo_1
task_poo_tiggerroo_1: @ 080CEA78
	push {r4, r5, r6, lr}
	adds r5, r0, #0x0
	adds r0, #0x38
	adds r6, r5, #0x0
	adds r6, #0x28
	adds r2, r5, #0x0
	adds r2, #0xD0
	adds r1, r6, #0x0
	bl func_080C8B38
	adds r0, r5, #0x0
	adds r0, #0xC0
	ldr r0, [r0, #0x00]
	cmp r0, #0x02
	bne _080CEB4A
	adds r4, r5, #0x0
	adds r4, #0xBA
	movs r1, #0x00
	ldsh r0, [r4, r1]
	cmp r0, #0x00
	ble _080CEAEC
	adds r0, r5, #0x0
	adds r0, #0xA8
	ldr r1, [r0, #0x00]
	ldrh r2, [r4, #0x00]
	adds r0, r6, #0x0
	bl func_0800592C
	adds r0, r5, #0x0
	adds r0, #0x2C
	adds r1, r5, #0x0
	adds r1, #0xAC
	ldr r1, [r1, #0x00]
	ldrh r2, [r4, #0x00]
	bl func_0800592C
	ldrh r0, [r4, #0x00]
	subs r0, #0x01
	strh r0, [r4, #0x00]
	adds r0, r5, #0x0
	adds r0, #0x30
	adds r1, r5, #0x0
	adds r1, #0xB0
	ldr r1, [r1, #0x00]
	adds r4, #0x02
	ldrh r2, [r4, #0x00]
	bl func_080058FC
	ldrh r0, [r4, #0x00]
	subs r0, #0x01
	strh r0, [r4, #0x00]
	lsls r0, r0, #0x10
	cmp r0, #0x00
	bne _080CEB4A
	adds r0, r5, #0x0
	bl func_080CE818
	b _080CEB4A
_080CEAEC:
	adds r1, r5, #0x0
	adds r1, #0xB8
	ldrb r0, [r1, #0x00]
	cmp r0, #0x53
	beq _080CEB0E
	cmp r0, #0x53
	bgt _080CEB00
	cmp r0, #0x2D
	beq _080CEB12
	b _080CEB1A
_080CEB00:
	cmp r0, #0xAD
	beq _080CEB0A
	cmp r0, #0xD3
	beq _080CEB16
	b _080CEB1A
_080CEB0A:
	movs r0, #0x53
	b _080CEB18
_080CEB0E:
	movs r0, #0x2D
	b _080CEB18
_080CEB12:
	movs r0, #0xD3
	b _080CEB18
_080CEB16:
	movs r0, #0xAD
_080CEB18:
	strb r0, [r1, #0x00]
_080CEB1A:
	adds r0, r5, #0x0
	adds r0, #0xD1
	ldrb r1, [r0, #0x00]
	adds r4, r0, #0x0
	cmp r1, #0x00
	beq _080CEB30
	adds r0, r5, #0x0
	movs r1, #0x00
	bl func_080CE77C
	b _080CEB38
_080CEB30:
	adds r0, r5, #0x0
	movs r1, #0x00
	bl func_080CE710
_080CEB38:
	adds r0, r5, #0x0
	bl func_080CE8B4
	ldr r0, [r5, #0x28]
	ldr r1, [r5, #0x2C]
	ldr r2, [r5, #0x30]
	ldrb r3, [r4, #0x00]
	bl func_080CE960
_080CEB4A:
	adds r0, r5, #0x0
	adds r0, #0x0C
	bl func_08005A64
	str r0, [r5, #0x08]
	adds r0, r5, #0x0
	adds r0, #0x94
	bl func_08000EA4
	movs r0, #0x01
	pop {r4, r5, r6}
	pop {r1}
	bx r1
	thumb_func_start task_poo_tiggerroo_2
task_poo_tiggerroo_2: @ 080CEB64
	push {r4, r5, r6, r7, lr}
	mov r7, r9
	mov r6, r8
	push {r6, r7}
	add sp, #-0x010
	adds r5, r0, #0x0
	ldr r0, [r5, #0x28]
	asrs r0, r0, #0x08
	ldr r1, _080CEBE4 @ =0x0203C40C
	ldrh r1, [r1, #0x00]
	subs r0, r0, r1
	lsls r0, r0, #0x10
	ldr r1, [r5, #0x2C]
	asrs r1, r1, #0x08
	ldr r2, [r5, #0x30]
	asrs r2, r2, #0x08
	adds r1, r1, r2
	ldr r2, _080CEBE8 @ =0x0203C3F8
	ldrh r2, [r2, #0x00]
	subs r1, r1, r2
	lsls r1, r1, #0x10
	lsrs r2, r0, #0x10
	mov r9, r2
	asrs r0, r0, #0x10
	lsrs r3, r1, #0x10
	mov r8, r3
	asrs r1, r1, #0x10
	movs r2, #0x18
	str r2, [sp, #0x000]
	str r2, [sp, #0x004]
	movs r2, #0x38
	movs r3, #0x08
	bl func_080035CC
	lsls r0, r0, #0x18
	cmp r0, #0x00
	beq _080CEBEC
	ldr r0, [r5, #0x04]
	cmp r0, #0x00
	bne _080CEBB6
	b _080CED18
_080CEBB6:
	bl func_08002C10
	movs r0, #0x00
	str r0, [r5, #0x04]
	adds r0, r5, #0x0
	adds r0, #0x38
	bl func_08012304
	adds r0, r5, #0x0
	adds r0, #0xD1
	ldrb r4, [r0, #0x00]
	cmp r4, #0x00
	beq _080CEBD2
	b _080CED18
_080CEBD2:
	ldr r0, [r5, #0x00]
	cmp r0, #0x00
	bne _080CEBDA
	b _080CED18
_080CEBDA:
	bl func_080028C0
	str r4, [r5, #0x00]
	b _080CED18
	.byte 0x00, 0x00
_080CEBE4: .4byte 0x0203C40C
_080CEBE8: .4byte 0x0203C3F8
_080CEBEC:
	ldr r0, [r5, #0x04]
	adds r4, r5, #0x0
	adds r4, #0x38
	cmp r0, #0x00
	bne _080CEC40
	adds r0, r5, #0x0
	adds r0, #0xD1
	ldrb r0, [r0, #0x00]
	cmp r0, #0x00
	beq _080CEC1C
	ldr r0, _080CEC18 @ =0x09849BD8
	movs r1, #0x20
	bl func_08002A14
	str r0, [r5, #0x04]
	adds r0, r4, #0x0
	movs r1, #0x04
	movs r2, #0x08
	movs r3, #0x08
	bl func_080122AC
	b _080CEC40
_080CEC18: .4byte 0x09849BD8
_080CEC1C:
	ldr r0, _080CEC88 @ =0x09849CF8
	movs r1, #0x20
	bl func_08002A14
	str r0, [r5, #0x04]
	adds r0, r5, #0x0
	adds r0, #0xD2
	ldrh r0, [r0, #0x00]
	ldr r1, _080CEC8C @ =0x09753154
	bl func_080028F8
	str r0, [r5, #0x00]
	adds r0, r4, #0x0
	movs r1, #0x04
	movs r2, #0x08
	movs r3, #0x08
	bl func_080122AC
_080CEC40:
	ldr r1, [r5, #0x28]
	ldr r2, [r5, #0x2C]
	ldr r3, [r5, #0x30]
	adds r0, r4, #0x0
	bl func_08012324
	adds r0, r5, #0x0
	adds r0, #0x24
	ldrb r0, [r0, #0x00]
	movs r7, #0x80
	lsls r7, r7, #0x04
	cmp r0, #0x00
	beq _080CEC5C
	adds r7, #0x01
_080CEC5C:
	adds r0, r5, #0x0
	adds r0, #0xD0
	ldrb r2, [r0, #0x00]
	cmp r2, #0x00
	beq _080CECC0
	subs r0, #0x50
	ldr r1, [r0, #0x00]
	asrs r1, r1, #0x08
	lsls r1, r1, #0x02
	ldr r2, _080CEC90 @ =0xFFFFEFF8
	adds r0, r2, #0x0
	subs r0, r0, r1
	lsls r0, r0, #0x10
	lsrs r6, r0, #0x10
	ldr r0, _080CEC94 @ =0x0203C420
	ldr r1, [r5, #0x2C]
	ldr r0, [r0, #0x04]
	cmp r1, r0
	blt _080CEC98
	subs r0, r6, #0x2
	b _080CEC9A
	.byte 0x00, 0x00
_080CEC88: .4byte 0x09849CF8
_080CEC8C: .4byte 0x09753154
_080CEC90: .4byte 0xFFFFEFF8
_080CEC94: .4byte 0x0203C420
_080CEC98:
	adds r0, r6, #0x2
_080CEC9A:
	lsls r0, r0, #0x10
	lsrs r6, r0, #0x10
	adds r0, r5, #0x0
	adds r0, #0x84
	ldr r1, [r0, #0x00]
	ldr r0, [r5, #0x48]
	cmp r1, r0
	bgt _080CECB6
	adds r0, r5, #0x0
	adds r0, #0xCC
	movs r1, #0x00
	str r1, [r0, #0x00]
	subs r0, #0x04
	b _080CECEE
_080CECB6:
	adds r1, r5, #0x0
	adds r1, #0xCC
	ldr r0, [r5, #0x78]
	str r0, [r1, #0x00]
	b _080CECE8
_080CECC0:
	ldr r1, [r5, #0x2C]
	asrs r1, r1, #0x08
	lsls r1, r1, #0x02
	ldr r3, _080CECE4 @ =0xFFFFEFFC
	adds r0, r3, #0x0
	subs r0, r0, r1
	lsls r0, r0, #0x10
	lsrs r6, r0, #0x10
	adds r0, r5, #0x0
	adds r0, #0xCC
	str r2, [r0, #0x00]
	ldr r0, [r5, #0x34]
	cmp r2, r0
	beq _080CECE8
	adds r0, r5, #0x0
	adds r0, #0xC8
	strh r2, [r0, #0x00]
	b _080CECF0
_080CECE4: .4byte 0xFFFFEFFC
_080CECE8:
	adds r1, r6, #0x1
	adds r0, r5, #0x0
	adds r0, #0xC8
_080CECEE:
	strh r1, [r0, #0x00]
_080CECF0:
	mov r1, r9
	lsls r0, r1, #0x10
	asrs r0, r0, #0x10
	mov r2, r8
	lsls r1, r2, #0x10
	asrs r1, r1, #0x10
	ldr r2, [r5, #0x08]
	ldr r3, [r5, #0x00]
	ldr r4, [r5, #0x04]
	str r4, [sp, #0x000]
	movs r4, #0x00
	str r4, [sp, #0x004]
	str r7, [sp, #0x008]
	str r6, [sp, #0x00C]
	bl func_080023E0
	adds r0, r5, #0x0
	adds r0, #0x94
	bl func_08000EE0
_080CED18:
	add sp, #0x010
	pop {r3, r4}
	mov r8, r3
	mov r9, r4
	pop {r4, r5, r6, r7}
	pop {r0}
	bx r0
	.byte 0x00, 0x00
	thumb_func_start task_poo_tiggerroo_3
task_poo_tiggerroo_3: @ 080CED28
	push {r4, lr}
	adds r4, r0, #0x0
	ldr r0, [r4, #0x00]
	cmp r0, #0x00
	beq _080CED36
	bl func_080028C0
_080CED36:
	ldr r0, [r4, #0x04]
	cmp r0, #0x00
	beq _080CED48
	bl func_08002C10
	adds r0, r4, #0x0
	adds r0, #0x38
	bl func_08012304
_080CED48:
	adds r0, r4, #0x0
	adds r0, #0x94
	bl func_08000F0C
	pop {r4}
	pop {r0}
	bx r0
	.byte 0x00, 0x00
	thumb_func_start task_poo_tiggerroo_0
task_poo_tiggerroo_0: @ 080CED58
	push {r4, r5, r6, lr}
	add sp, #-0x00C
	adds r6, r0, #0x0
	adds r1, r6, #0x0
	adds r1, #0xC0
	movs r0, #0x02
	str r0, [r1, #0x00]
	adds r2, r6, #0x0
	adds r2, #0xB8
	movs r1, #0x00
	movs r0, #0x2D
	strb r0, [r2, #0x00]
	adds r0, r6, #0x0
	adds r0, #0xD1
	strb r1, [r0, #0x00]
	str r1, [r6, #0x04]
	str r1, [r6, #0x00]
	ldr r4, _080CEDE8 @ =0x09EF5EF8
	adds r0, r4, #0x0
	movs r1, #0x12
	bl func_08003524
	adds r1, r6, #0x0
	adds r1, #0xD2
	strh r0, [r1, #0x00]
	adds r5, r6, #0x0
	adds r5, #0x0C
	ldr r1, _080CEDEC @ =0x09EF5FA0
	adds r0, r5, #0x0
	adds r2, r4, #0x0
	bl func_08005968
	movs r0, #0x04
	strh r0, [r6, #0x26]
	adds r0, r6, #0x0
	movs r1, #0x00
	bl func_080CE710
	adds r0, r6, #0x0
	bl func_080CE8B4
	adds r0, r5, #0x0
	bl func_08005AFC
	str r0, [r6, #0x08]
	adds r4, r6, #0x0
	adds r4, #0x94
	adds r0, r4, #0x0
	movs r1, #0x01
	bl func_08000E64
	adds r0, r6, #0x0
	adds r0, #0x28
	str r0, [sp, #0x000]
	adds r0, #0xA0
	str r0, [sp, #0x004]
	ldr r1, _080CEDF0 @ =0x09EF4940
	adds r0, r4, #0x0
	mov r2, sp
	bl func_08000E14
	adds r0, r6, #0x0
	adds r0, #0x38
	ldr r1, [r6, #0x28]
	ldr r2, [r6, #0x2C]
	ldr r3, [r6, #0x30]
	bl func_08012324
	add sp, #0x00C
	pop {r4, r5, r6}
	pop {r0}
	bx r0
_080CEDE8: .4byte 0x09EF5EF8
_080CEDEC: .4byte 0x09EF5FA0
_080CEDF0: .4byte 0x09EF4940
	thumb_func_start task_poo_roo_0
task_poo_roo_0: @ 080CEDF4
	push {r4, r5, r6, r7, lr}
	adds r5, r0, #0x0
	ldr r0, _080CEE64 @ =0x0203C460
	str r5, [r0, #0x00]
	str r1, [r5, #0x38]
	ldr r4, _080CEE68 @ =0x09EF5EF8
	adds r0, r4, #0x0
	movs r1, #0x08
	bl func_08003524
	lsls r0, r0, #0x10
	lsrs r0, r0, #0x10
	ldr r1, _080CEE6C @ =0x09753154
	bl func_080028F8
	str r0, [r5, #0x00]
	ldr r0, _080CEE70 @ =0x09849CF8
	movs r1, #0x20
	bl func_08002A14
	str r0, [r5, #0x04]
	adds r6, r5, #0x0
	adds r6, #0x0C
	ldr r1, _080CEE74 @ =0x09EF5FA0
	adds r0, r6, #0x0
	adds r2, r4, #0x0
	bl func_08005968
	movs r0, #0x05
	bl func_080D2D50
	lsls r0, r0, #0x18
	lsrs r4, r0, #0x18
	cmp r4, #0x00
	beq _080CEE80
	ldr r0, _080CEE78 @ =0x00095F00
	str r0, [r5, #0x28]
	ldr r0, _080CEE7C @ =0x0004EE00
	str r0, [r5, #0x2C]
	movs r4, #0x00
	str r4, [r5, #0x30]
	adds r0, r6, #0x0
	movs r1, #0x00
	movs r2, #0x00
	bl func_080059A4
	adds r0, r5, #0x0
	adds r0, #0x24
	strb r4, [r0, #0x00]
	adds r1, r5, #0x0
	adds r1, #0xB4
	movs r0, #0x03
	str r0, [r1, #0x00]
	adds r6, #0x1C
	b _080CEEA6
	.byte 0x00, 0x00
_080CEE64: .4byte 0x0203C460
_080CEE68: .4byte 0x09EF5EF8
_080CEE6C: .4byte 0x09753154
_080CEE70: .4byte 0x09849CF8
_080CEE74: .4byte 0x09EF5FA0
_080CEE78: .4byte 0x00095F00
_080CEE7C: .4byte 0x0004EE00
_080CEE80:
	adds r1, r5, #0x0
	adds r1, #0x28
	ldr r0, [r5, #0x38]
	ldm r0!, {r2, r3, r7}
	stm r1!, {r2, r3, r7}
	ldr r0, [r0, #0x00]
	str r0, [r1, #0x00]
	adds r0, r6, #0x0
	movs r1, #0x04
	movs r2, #0x00
	bl func_080059A4
	adds r0, r5, #0x0
	adds r0, #0x24
	strb r4, [r0, #0x00]
	adds r0, #0x90
	str r4, [r0, #0x00]
	adds r6, r5, #0x0
	adds r6, #0x28
_080CEEA6:
	adds r0, r5, #0x0
	adds r0, #0x0C
	bl func_08005AFC
	str r0, [r5, #0x08]
	adds r4, r5, #0x0
	adds r4, #0x98
	adds r0, r4, #0x0
	movs r1, #0x01
	bl func_08000E64
	ldr r1, _080CEF00 @ =0x09EF4928
	adds r0, r4, #0x0
	adds r2, r6, #0x0
	bl func_08000E14
	subs r4, #0x5C
	adds r0, r4, #0x0
	movs r1, #0x0A
	movs r2, #0x04
	movs r3, #0x20
	bl func_080122AC
	ldr r1, [r5, #0x28]
	ldr r2, [r5, #0x2C]
	ldr r3, [r5, #0x30]
	adds r0, r4, #0x0
	bl func_08012324
	movs r0, #0x05
	bl func_080D2D50
	lsls r0, r0, #0x18
	cmp r0, #0x00
	beq _080CEEFA
	adds r0, r4, #0x0
	movs r1, #0x3A
	bl func_080D2E28
	adds r1, r5, #0x0
	adds r1, #0xB8
	strh r0, [r1, #0x00]
_080CEEFA:
	pop {r4, r5, r6, r7}
	pop {r0}
	bx r0
_080CEF00: .4byte 0x09EF4928
	thumb_func_start task_poo_roo_1
task_poo_roo_1: @ 080CEF04
	push {r4, r5, r6, r7, lr}
	adds r5, r0, #0x0
	adds r7, r5, #0x0
	adds r7, #0xB4
	ldr r0, [r7, #0x00]
	cmp r0, #0x01
	beq _080CEF74
	cmp r0, #0x01
	bcc _080CEF2A
	cmp r0, #0x02
	beq _080CEFD0
	cmp r0, #0x03
	bne _080CEF20
	b _080CF01E
_080CEF20:
	adds r6, r5, #0x0
	adds r6, #0x0C
	adds r4, r5, #0x0
	adds r4, #0x3C
	b _080CF03A
_080CEF2A:
	adds r4, r5, #0x0
	adds r4, #0x0C
	adds r0, r4, #0x0
	bl func_08005B1C
	lsls r0, r0, #0x18
	adds r6, r4, #0x0
	adds r4, #0x30
	cmp r0, #0x00
	bne _080CEF40
	b _080CF03A
_080CEF40:
	adds r0, r6, #0x0
	movs r1, #0x05
	movs r2, #0x00
	bl func_080059A4
	movs r0, #0x01
	str r0, [r7, #0x00]
	adds r1, r5, #0x0
	adds r1, #0x28
	ldr r0, [r5, #0x38]
	ldm r0!, {r2, r3, r7}
	stm r1!, {r2, r3, r7}
	ldr r0, [r0, #0x00]
	str r0, [r1, #0x00]
	ldr r0, [r5, #0x28]
	ldr r1, _080CEF70 @ =0xFFFFFA00
	adds r0, r0, r1
	str r0, [r5, #0x28]
	ldr r0, [r5, #0x30]
	movs r2, #0xF8
	lsls r2, r2, #0x05
	adds r0, r0, r2
	str r0, [r5, #0x30]
	b _080CF03A
_080CEF70: .4byte 0xFFFFFA00
_080CEF74:
	adds r2, r5, #0x0
	adds r2, #0xB0
	ldr r0, [r5, #0x30]
	str r0, [r2, #0x00]
	adds r1, r5, #0x0
	adds r1, #0x28
	ldr r0, [r5, #0x38]
	ldm r0!, {r3, r4, r6}
	stm r1!, {r3, r4, r6}
	ldr r0, [r0, #0x00]
	str r0, [r1, #0x00]
	ldr r0, [r5, #0x28]
	ldr r1, _080CEFC8 @ =0xFFFFFA00
	adds r0, r0, r1
	str r0, [r5, #0x28]
	ldr r0, [r5, #0x30]
	movs r3, #0xF8
	lsls r3, r3, #0x05
	adds r1, r0, r3
	str r1, [r5, #0x30]
	ldr r0, [r2, #0x00]
	subs r0, r0, r1
	adds r6, r5, #0x0
	adds r6, #0x0C
	adds r4, r5, #0x0
	adds r4, #0x3C
	cmp r0, #0x00
	bge _080CF03A
	ldr r0, _080CEFCC @ =0xFFFFDF00
	cmp r1, r0
	blt _080CF03A
	adds r0, r6, #0x0
	movs r1, #0x06
	movs r2, #0x00
	bl func_080059A4
	movs r0, #0x02
	str r0, [r7, #0x00]
	adds r1, r5, #0x0
	adds r1, #0xAC
	movs r0, #0x00
	b _080CF038
_080CEFC8: .4byte 0xFFFFFA00
_080CEFCC: .4byte 0xFFFFDF00
_080CEFD0:
	adds r2, r5, #0x0
	adds r2, #0xAC
	ldr r0, [r5, #0x30]
	ldr r1, [r2, #0x00]
	adds r0, r0, r1
	str r0, [r5, #0x30]
	ldr r0, [r2, #0x00]
	adds r0, #0x07
	str r0, [r2, #0x00]
	ldr r0, [r5, #0x30]
	cmp r0, #0x00
	blt _080CEFEE
	movs r0, #0x00
	str r0, [r5, #0x30]
	b _080CEFFA
_080CEFEE:
	ldr r0, [r5, #0x28]
	subs r0, #0x40
	str r0, [r5, #0x28]
	ldr r0, [r5, #0x2C]
	adds r0, #0x40
	str r0, [r5, #0x2C]
_080CEFFA:
	ldr r0, [r5, #0x38]
	ldr r0, [r0, #0x08]
	adds r6, r5, #0x0
	adds r6, #0x0C
	adds r4, r5, #0x0
	adds r4, #0x3C
	cmp r0, #0x00
	blt _080CF03A
	movs r0, #0x8B
	bl func_080C7B84
	movs r0, #0x05
	bl func_080D2D3C
	movs r0, #0x50
	bl func_0800FDD0
	b _080CF03A
_080CF01E:
	adds r4, r5, #0x0
	adds r4, #0x3C
	adds r0, r4, #0x0
	movs r1, #0x09
	bl func_08012660
	lsls r0, r0, #0x18
	adds r6, r5, #0x0
	adds r6, #0x0C
	cmp r0, #0x00
	beq _080CF03A
	ldr r1, _080CF060 @ =0x0203C3F0
	movs r0, #0x05
_080CF038:
	str r0, [r1, #0x00]
_080CF03A:
	adds r0, r6, #0x0
	bl func_08005A64
	str r0, [r5, #0x08]
	ldr r1, [r5, #0x28]
	ldr r2, [r5, #0x2C]
	ldr r3, [r5, #0x30]
	adds r0, r4, #0x0
	bl func_08012324
	adds r0, r5, #0x0
	adds r0, #0x98
	bl func_08000EA4
	movs r0, #0x01
	pop {r4, r5, r6, r7}
	pop {r1}
	bx r1
	.byte 0x00, 0x00
_080CF060: .4byte 0x0203C3F0
	thumb_func_start task_poo_roo_2
task_poo_roo_2: @ 080CF064
	push {r4, r5, r6, r7, lr}
	add sp, #-0x010
	adds r6, r0, #0x0
	ldr r0, [r6, #0x28]
	asrs r0, r0, #0x08
	ldr r1, _080CF0E0 @ =0x0203C40C
	ldrh r1, [r1, #0x00]
	subs r0, r0, r1
	lsls r0, r0, #0x10
	lsrs r2, r0, #0x10
	ldr r0, [r6, #0x2C]
	asrs r7, r0, #0x08
	ldr r0, [r6, #0x30]
	asrs r0, r0, #0x08
	adds r0, r7, r0
	ldr r1, _080CF0E4 @ =0x0203C3F8
	ldrh r1, [r1, #0x00]
	subs r0, r0, r1
	lsls r0, r0, #0x10
	lsrs r1, r0, #0x10
	adds r0, r6, #0x0
	adds r0, #0x24
	ldrb r0, [r0, #0x00]
	movs r5, #0x80
	lsls r5, r5, #0x04
	cmp r0, #0x00
	beq _080CF09C
	adds r5, #0x01
_080CF09C:
	lsls r0, r2, #0x10
	asrs r0, r0, #0x10
	lsls r1, r1, #0x10
	asrs r1, r1, #0x10
	ldr r2, [r6, #0x08]
	ldr r3, [r6, #0x00]
	ldr r4, [r6, #0x04]
	str r4, [sp, #0x000]
	movs r4, #0x00
	str r4, [sp, #0x004]
	str r5, [sp, #0x008]
	lsls r5, r7, #0x02
	ldr r7, _080CF0E8 @ =0xFFFFEFFA
	adds r4, r7, #0x0
	subs r4, r4, r5
	lsls r4, r4, #0x10
	lsrs r4, r4, #0x10
	str r4, [sp, #0x00C]
	bl func_080023E0
	adds r0, r6, #0x0
	adds r0, #0xB4
	ldr r0, [r0, #0x00]
	cmp r0, #0x00
	beq _080CF0D6
	adds r0, r6, #0x0
	adds r0, #0x98
	bl func_08000EE0
_080CF0D6:
	add sp, #0x010
	pop {r4, r5, r6, r7}
	pop {r0}
	bx r0
	.byte 0x00, 0x00
_080CF0E0: .4byte 0x0203C40C
_080CF0E4: .4byte 0x0203C3F8
_080CF0E8: .4byte 0xFFFFEFFA
	thumb_func_start task_poo_roo_3
task_poo_roo_3: @ 080CF0EC
	push {r4, lr}
	adds r4, r0, #0x0
	ldr r0, [r4, #0x00]
	bl func_080028C0
	ldr r0, [r4, #0x04]
	bl func_08002C10
	adds r0, r4, #0x0
	adds r0, #0x3C
	bl func_08012304
	adds r4, #0x98
	adds r0, r4, #0x0
	bl func_08000F0C
	pop {r4}
	pop {r0}
	bx r0
	.byte 0x00, 0x00, 0x00, 0xB5, 0x04, 0x48, 0x00, 0x68, 0x0C, 0x30, 0x36, 0xF7, 0xD2, 0xFC, 0x00, 0x06
	.byte 0x00, 0x0E, 0x02, 0xBC, 0x08, 0x47, 0x60, 0xC4, 0x03, 0x02, 0x00, 0xB5, 0x04, 0x48, 0x00, 0x68
	.byte 0x0C, 0x30, 0x36, 0xF7, 0xF2, 0xFC, 0x00, 0x06, 0x00, 0x0E, 0x02, 0xBC, 0x08, 0x47, 0x60, 0xC4
	.byte 0x03, 0x02
	thumb_func_start task_poo_roo_footmark_0
task_poo_roo_footmark_0: @ 080CF144
	push {r4, r5, lr}
	adds r5, r0, #0x0
	ldr r0, _080CF174 @ =0x0004A700
	str r0, [r5, #0x0C]
	ldr r0, _080CF178 @ =0x00028E00
	str r0, [r5, #0x10]
	movs r4, #0x00
	str r4, [r5, #0x14]
	ldr r0, _080CF17C @ =0x09755A34
	movs r1, #0xA0
	lsls r1, r1, #0x03
	bl func_080026A4
	str r0, [r5, #0x00]
	str r4, [r5, #0x04]
	movs r0, #0x05
	bl func_080D2D50
	lsls r0, r0, #0x18
	cmp r0, #0x00
	bne _080CF184
	ldr r0, _080CF180 @ =0x097559F4
	b _080CF186
	.byte 0x00, 0x00
_080CF174: .4byte 0x0004A700
_080CF178: .4byte 0x00028E00
_080CF17C: .4byte 0x09755A34
_080CF180: .4byte 0x097559F4
_080CF184:
	ldr r0, _080CF190 @ =0x09755A04
_080CF186:
	str r0, [r5, #0x08]
	pop {r4, r5}
	pop {r0}
	bx r0
	.byte 0x00, 0x00
_080CF190: .4byte 0x09755A04
	thumb_func_start task_poo_roo_footmark_1
task_poo_roo_footmark_1: @ 080CF194
	movs r0, #0x01
	bx lr
	thumb_func_start task_poo_roo_footmark_2
task_poo_roo_footmark_2: @ 080CF198
	push {r4, r5, r6, r7, lr}
	add sp, #-0x010
	adds r4, r0, #0x0
	ldr r0, [r4, #0x0C]
	asrs r0, r0, #0x08
	ldr r1, _080CF1EC @ =0x0203C40C
	ldrh r1, [r1, #0x00]
	subs r0, r0, r1
	lsls r0, r0, #0x10
	ldr r1, [r4, #0x10]
	asrs r1, r1, #0x08
	ldr r2, _080CF1F0 @ =0x0203C3F8
	ldrh r2, [r2, #0x00]
	subs r1, r1, r2
	lsls r1, r1, #0x10
	lsrs r7, r0, #0x10
	asrs r0, r0, #0x10
	lsrs r6, r1, #0x10
	asrs r1, r1, #0x10
	movs r5, #0x00
	str r5, [sp, #0x000]
	movs r2, #0x30
	str r2, [sp, #0x004]
	movs r2, #0x00
	movs r3, #0x30
	bl func_080035CC
	lsls r0, r0, #0x18
	cmp r0, #0x00
	beq _080CF1F4
	ldr r0, [r4, #0x04]
	cmp r0, #0x00
	beq _080CF24C
	bl func_08002C10
	adds r0, r4, #0x0
	adds r0, #0x1C
	bl func_080CCBD4
	str r5, [r4, #0x04]
	b _080CF24C
	.byte 0x00, 0x00
_080CF1EC: .4byte 0x0203C40C
_080CF1F0: .4byte 0x0203C3F8
_080CF1F4:
	ldr r0, [r4, #0x04]
	cmp r0, #0x00
	bne _080CF22A
	ldr r0, _080CF254 @ =0x09849D18
	movs r1, #0x20
	bl func_08002A14
	str r0, [r4, #0x04]
	adds r5, r4, #0x0
	adds r5, #0x1C
	movs r1, #0x90
	lsls r1, r1, #0x02
	adds r2, r4, #0x0
	adds r2, #0x0C
	adds r0, r5, #0x0
	bl func_080CCB90
	movs r0, #0x05
	bl func_080D2D50
	lsls r0, r0, #0x18
	cmp r0, #0x00
	beq _080CF22A
	adds r0, r5, #0x0
	movs r1, #0x00
	bl func_080CCB84
_080CF22A:
	lsls r0, r7, #0x10
	asrs r0, r0, #0x10
	lsls r1, r6, #0x10
	asrs r1, r1, #0x10
	ldr r2, [r4, #0x08]
	ldr r3, [r4, #0x00]
	ldr r4, [r4, #0x04]
	str r4, [sp, #0x000]
	movs r4, #0x00
	str r4, [sp, #0x004]
	movs r4, #0x80
	lsls r4, r4, #0x04
	str r4, [sp, #0x008]
	ldr r4, _080CF258 @ =0x0000FFF1
	str r4, [sp, #0x00C]
	bl func_080023E0
_080CF24C:
	add sp, #0x010
	pop {r4, r5, r6, r7}
	pop {r0}
	bx r0
_080CF254: .4byte 0x09849D18
_080CF258: .4byte 0x0000FFF1
	thumb_func_start task_poo_roo_footmark_3
task_poo_roo_footmark_3: @ 080CF25C
	push {r4, lr}
	adds r4, r0, #0x0
	ldr r0, [r4, #0x00]
	bl func_080028C0
	ldr r0, [r4, #0x04]
	cmp r0, #0x00
	beq _080CF278
	bl func_08002C10
	adds r0, r4, #0x0
	adds r0, #0x1C
	bl func_080CCBD4
_080CF278:
	pop {r4}
	pop {r0}
	bx r0
	.byte 0x00, 0x00
	thumb_func_start task_poo_leaf_0
task_poo_leaf_0: @ 080CF280
	push {r4, r5, r6, r7, lr}
	adds r7, r0, #0x0
	ldr r0, [r1, #0x00]
	str r0, [r7, #0x24]
	ldr r0, [r1, #0x04]
	str r0, [r7, #0x28]
	movs r4, #0x00
	str r4, [r7, #0x2C]
	ldrh r1, [r1, #0x10]
	adds r0, r7, #0x0
	adds r0, #0x94
	movs r6, #0x00
	strh r1, [r0, #0x00]
	ldr r5, _080CF2F4 @ =0x09EF610C
	adds r0, r5, #0x0
	movs r1, #0x05
	bl func_08003524
	adds r1, r7, #0x0
	adds r1, #0x92
	strh r0, [r1, #0x00]
	str r4, [r7, #0x04]
	adds r4, r7, #0x0
	adds r4, #0x0C
	ldr r1, _080CF2F8 @ =0x09EF612C
	adds r0, r4, #0x0
	adds r2, r5, #0x0
	bl func_08005968
	adds r0, r4, #0x0
	movs r1, #0x00
	movs r2, #0x00
	bl func_080059A4
	adds r0, r4, #0x0
	bl func_08005AFC
	str r0, [r7, #0x08]
	adds r0, r7, #0x0
	adds r0, #0x34
	ldr r1, [r7, #0x24]
	movs r2, #0xE0
	lsls r2, r2, #0x05
	adds r1, r1, r2
	ldr r2, [r7, #0x28]
	movs r3, #0x80
	lsls r3, r3, #0x05
	adds r2, r2, r3
	ldr r3, [r7, #0x2C]
	bl func_08012324
	adds r0, r7, #0x0
	adds r0, #0x90
	strb r6, [r0, #0x00]
	pop {r4, r5, r6, r7}
	pop {r0}
	bx r0
	.byte 0x00, 0x00
_080CF2F4: .4byte 0x09EF610C
_080CF2F8: .4byte 0x09EF612C
	thumb_func_start task_poo_leaf_1
task_poo_leaf_1: @ 080CF2FC
	push {r4, r5, lr}
	add sp, #-0x004
	adds r4, r0, #0x0
	ldr r0, [r4, #0x04]
	cmp r0, #0x00
	beq _080CF36A
	adds r0, r4, #0x0
	adds r0, #0x62
	ldrh r1, [r0, #0x00]
	movs r0, #0x02
	ands r0, r1
	cmp r0, #0x00
	beq _080CF36A
	adds r1, r4, #0x0
	adds r1, #0x90
	ldrb r0, [r1, #0x00]
	cmp r0, #0x00
	bne _080CF36A
	movs r0, #0x01
	strb r0, [r1, #0x00]
	adds r0, r4, #0x0
	adds r0, #0x0C
	bl func_08005B64
	movs r0, #0xE0
	bl func_0811FE70
	adds r5, r4, #0x0
	adds r5, #0x94
	ldrh r0, [r5, #0x00]
	bl func_080D2C1C
	lsls r0, r0, #0x18
	cmp r0, #0x00
	bne _080CF36A
	ldr r2, [r4, #0x24]
	movs r0, #0xE0
	lsls r0, r0, #0x05
	adds r2, r2, r0
	ldr r3, [r4, #0x28]
	movs r0, #0x80
	lsls r0, r0, #0x06
	adds r3, r3, r0
	ldr r0, [r4, #0x2C]
	str r0, [sp, #0x000]
	movs r0, #0x02
	movs r1, #0x03
	bl func_080C7BF8
	lsls r0, r0, #0x10
	cmp r0, #0x00
	beq _080CF36A
	ldrh r0, [r5, #0x00]
	bl func_080D2BF8
_080CF36A:
	movs r0, #0x01
	add sp, #0x004
	pop {r4, r5}
	pop {r1}
	bx r1
	thumb_func_start task_poo_leaf_2
task_poo_leaf_2: @ 080CF374
	push {r4, r5, r6, r7, lr}
	mov r7, r8
	push {r7}
	add sp, #-0x010
	adds r5, r0, #0x0
	ldr r1, [r5, #0x24]
	asrs r1, r1, #0x08
	ldr r0, _080CF3DC @ =0x0203C40C
	ldrh r0, [r0, #0x00]
	subs r1, r1, r0
	ldr r0, [r5, #0x28]
	asrs r0, r0, #0x08
	ldr r2, _080CF3E0 @ =0x0203C3F8
	ldrh r2, [r2, #0x00]
	subs r0, r0, r2
	lsls r1, r1, #0x10
	asrs r1, r1, #0x10
	mov r8, r1
	lsls r0, r0, #0x10
	asrs r7, r0, #0x10
	movs r4, #0x00
	str r4, [sp, #0x000]
	movs r0, #0x38
	str r0, [sp, #0x004]
	mov r0, r8
	adds r1, r7, #0x0
	movs r2, #0x00
	movs r3, #0x20
	bl func_080035CC
	lsls r0, r0, #0x18
	cmp r0, #0x00
	beq _080CF3E4
	ldr r0, [r5, #0x04]
	cmp r0, #0x00
	beq _080CF474
	ldr r0, [r5, #0x00]
	bl func_080028C0
	ldr r0, [r5, #0x04]
	bl func_08002C10
	str r4, [r5, #0x04]
	adds r0, r5, #0x0
	adds r0, #0x34
	bl func_08012304
	adds r0, r5, #0x0
	adds r0, #0x90
	strb r4, [r0, #0x00]
	b _080CF474
	.byte 0x00, 0x00
_080CF3DC: .4byte 0x0203C40C
_080CF3E0: .4byte 0x0203C3F8
_080CF3E4:
	ldr r0, [r5, #0x04]
	cmp r0, #0x00
	bne _080CF410
	adds r0, r5, #0x0
	adds r0, #0x92
	ldrh r0, [r0, #0x00]
	ldr r1, _080CF454 @ =0x0975C3E2
	bl func_080028F8
	str r0, [r5, #0x00]
	ldr r0, _080CF458 @ =0x09849DF8
	movs r1, #0x20
	bl func_08002A14
	str r0, [r5, #0x04]
	adds r0, r5, #0x0
	adds r0, #0x34
	movs r1, #0x06
	movs r2, #0x1C
	movs r3, #0x00
	bl func_080122AC
_080CF410:
	adds r6, r5, #0x0
	adds r6, #0x90
	ldrb r0, [r6, #0x00]
	cmp r0, #0x00
	beq _080CF474
	adds r4, r5, #0x0
	adds r4, #0x0C
	adds r0, r4, #0x0
	bl func_08005A64
	str r0, [r5, #0x08]
	adds r0, r4, #0x0
	bl func_08005B1C
	lsls r0, r0, #0x18
	lsrs r1, r0, #0x18
	cmp r1, #0x00
	bne _080CF460
	ldr r2, [r5, #0x08]
	ldr r3, [r5, #0x00]
	ldr r0, [r5, #0x04]
	str r0, [sp, #0x000]
	str r1, [sp, #0x004]
	movs r0, #0x80
	lsls r0, r0, #0x04
	str r0, [sp, #0x008]
	ldr r0, _080CF45C @ =0x0000FFF1
	str r0, [sp, #0x00C]
	mov r0, r8
	adds r1, r7, #0x0
	bl func_080023E0
	b _080CF474
	.byte 0x00, 0x00
_080CF454: .4byte 0x0975C3E2
_080CF458: .4byte 0x09849DF8
_080CF45C: .4byte 0x0000FFF1
_080CF460:
	adds r0, r5, #0x0
	adds r0, #0x62
	ldrh r1, [r0, #0x00]
	movs r0, #0x02
	ands r0, r1
	lsls r0, r0, #0x10
	lsrs r0, r0, #0x10
	cmp r0, #0x00
	bne _080CF474
	strb r0, [r6, #0x00]
_080CF474:
	add sp, #0x010
	pop {r3}
	mov r8, r3
	pop {r4, r5, r6, r7}
	pop {r0}
	bx r0
	thumb_func_start task_poo_leaf_3
task_poo_leaf_3: @ 080CF480
	push {r4, lr}
	adds r4, r0, #0x0
	ldr r0, [r4, #0x04]
	cmp r0, #0x00
	beq _080CF49E
	ldr r0, [r4, #0x00]
	bl func_080028C0
	ldr r0, [r4, #0x04]
	bl func_08002C10
	adds r0, r4, #0x0
	adds r0, #0x34
	bl func_08012304
_080CF49E:
	pop {r4}
	pop {r0}
	bx r0
	thumb_func_start task_poo_tanpopo_0
task_poo_tanpopo_0: @ 080CF4A4
	push {r4, r5, r6, r7, lr}
	mov r7, r8
	push {r7}
	adds r7, r0, #0x0
	ldr r0, [r1, #0x00]
	str r0, [r7, #0x44]
	ldr r0, [r1, #0x04]
	str r0, [r7, #0x48]
	movs r4, #0x00
	str r4, [r7, #0x4C]
	ldrh r0, [r1, #0x10]
	adds r1, r7, #0x0
	adds r1, #0xB6
	movs r2, #0x00
	mov r8, r2
	strh r0, [r1, #0x00]
	ldr r5, _080CF550 @ =0x09EF6130
	adds r0, r5, #0x0
	movs r1, #0x02
	bl func_08003524
	adds r1, r7, #0x0
	adds r1, #0xB2
	strh r0, [r1, #0x00]
	ldr r6, _080CF554 @ =0x09EF613C
	adds r0, r6, #0x0
	movs r1, #0x06
	bl func_08003524
	adds r1, r7, #0x0
	adds r1, #0xB4
	strh r0, [r1, #0x00]
	str r4, [r7, #0x04]
	adds r4, r7, #0x0
	adds r4, #0x0C
	ldr r1, _080CF558 @ =0x09EF6138
	adds r0, r4, #0x0
	adds r2, r5, #0x0
	bl func_08005968
	adds r0, r4, #0x0
	movs r1, #0x00
	movs r2, #0x00
	bl func_080059A4
	adds r0, r4, #0x0
	bl func_08005AFC
	str r0, [r7, #0x08]
	adds r4, #0x20
	ldr r1, _080CF55C @ =0x09EF6154
	adds r0, r4, #0x0
	adds r2, r6, #0x0
	bl func_08005968
	adds r0, r4, #0x0
	movs r1, #0x00
	movs r2, #0x00
	bl func_080059A4
	adds r0, r4, #0x0
	bl func_08005AFC
	str r0, [r7, #0x28]
	adds r0, r7, #0x0
	adds r0, #0x54
	ldr r1, [r7, #0x44]
	movs r3, #0xC0
	lsls r3, r3, #0x05
	adds r1, r1, r3
	ldr r2, [r7, #0x48]
	movs r3, #0x80
	lsls r3, r3, #0x05
	adds r2, r2, r3
	ldr r3, [r7, #0x4C]
	bl func_08012324
	adds r0, r7, #0x0
	adds r0, #0xB0
	mov r1, r8
	strb r1, [r0, #0x00]
	pop {r3}
	mov r8, r3
	pop {r4, r5, r6, r7}
	pop {r0}
	bx r0
_080CF550: .4byte 0x09EF6130
_080CF554: .4byte 0x09EF613C
_080CF558: .4byte 0x09EF6138
_080CF55C: .4byte 0x09EF6154
	thumb_func_start task_poo_tanpopo_1
task_poo_tanpopo_1: @ 080CF560
	push {r4, r5, lr}
	add sp, #-0x004
	adds r4, r0, #0x0
	ldr r0, [r4, #0x04]
	cmp r0, #0x00
	beq _080CF5D0
	adds r0, r4, #0x0
	adds r0, #0x82
	ldrh r1, [r0, #0x00]
	movs r0, #0x02
	ands r0, r1
	cmp r0, #0x00
	beq _080CF5D0
	adds r1, r4, #0x0
	adds r1, #0xB0
	ldrb r0, [r1, #0x00]
	cmp r0, #0x00
	bne _080CF5D0
	movs r0, #0x01
	strb r0, [r1, #0x00]
	adds r0, r4, #0x0
	adds r0, #0x0C
	bl func_08005B64
	adds r0, r4, #0x0
	adds r0, #0x2C
	bl func_08005B64
	adds r5, r4, #0x0
	adds r5, #0xB6
	ldrh r0, [r5, #0x00]
	bl func_080D2C1C
	lsls r0, r0, #0x18
	cmp r0, #0x00
	bne _080CF5D0
	ldr r2, [r4, #0x44]
	movs r0, #0xC0
	lsls r0, r0, #0x05
	adds r2, r2, r0
	ldr r3, [r4, #0x48]
	movs r0, #0x80
	lsls r0, r0, #0x06
	adds r3, r3, r0
	ldr r0, [r4, #0x4C]
	str r0, [sp, #0x000]
	movs r0, #0x02
	movs r1, #0x01
	bl func_080C7BF8
	lsls r0, r0, #0x10
	cmp r0, #0x00
	beq _080CF5D0
	ldrh r0, [r5, #0x00]
	bl func_080D2BF8
_080CF5D0:
	movs r0, #0x01
	add sp, #0x004
	pop {r4, r5}
	pop {r1}
	bx r1
	.byte 0x00, 0x00
	thumb_func_start task_poo_tanpopo_2
task_poo_tanpopo_2: @ 080CF5DC
	push {r4, r5, r6, r7, lr}
	mov r7, r9
	mov r6, r8
	push {r6, r7}
	add sp, #-0x010
	adds r5, r0, #0x0
	ldr r1, [r5, #0x44]
	asrs r1, r1, #0x08
	ldr r0, _080CF64C @ =0x0203C40C
	ldrh r0, [r0, #0x00]
	subs r1, r1, r0
	ldr r0, [r5, #0x48]
	asrs r0, r0, #0x08
	ldr r2, _080CF650 @ =0x0203C3F8
	ldrh r2, [r2, #0x00]
	subs r0, r0, r2
	lsls r1, r1, #0x10
	asrs r7, r1, #0x10
	lsls r0, r0, #0x10
	asrs r6, r0, #0x10
	movs r4, #0x00
	str r4, [sp, #0x000]
	movs r0, #0x30
	str r0, [sp, #0x004]
	adds r0, r7, #0x0
	adds r1, r6, #0x0
	movs r2, #0x00
	movs r3, #0x20
	bl func_080035CC
	lsls r0, r0, #0x18
	lsrs r0, r0, #0x18
	mov r8, r0
	cmp r0, #0x00
	beq _080CF654
	ldr r0, [r5, #0x04]
	cmp r0, #0x00
	beq _080CF71E
	ldr r0, [r5, #0x00]
	bl func_080028C0
	ldr r0, [r5, #0x24]
	bl func_080028C0
	ldr r0, [r5, #0x04]
	bl func_08002C10
	str r4, [r5, #0x04]
	adds r0, r5, #0x0
	adds r0, #0x54
	bl func_08012304
	adds r0, r5, #0x0
	adds r0, #0xB0
	strb r4, [r0, #0x00]
	b _080CF71E
_080CF64C: .4byte 0x0203C40C
_080CF650: .4byte 0x0203C3F8
_080CF654:
	ldr r0, [r5, #0x04]
	cmp r0, #0x00
	bne _080CF68A
	ldr r0, _080CF6F8 @ =0x0975E40E
	movs r1, #0x80
	lsls r1, r1, #0x04
	bl func_080026A4
	str r0, [r5, #0x00]
	ldr r0, _080CF6FC @ =0x0975EC8E
	movs r1, #0xC0
	lsls r1, r1, #0x05
	bl func_080026A4
	str r0, [r5, #0x24]
	ldr r0, _080CF700 @ =0x09849E18
	movs r1, #0x20
	bl func_08002A14
	str r0, [r5, #0x04]
	adds r0, r5, #0x0
	adds r0, #0x54
	movs r1, #0x06
	movs r2, #0x18
	movs r3, #0x00
	bl func_080122AC
_080CF68A:
	movs r0, #0xB0
	adds r0, r0, r5
	mov r9, r0
	ldrb r0, [r0, #0x00]
	cmp r0, #0x00
	beq _080CF71E
	adds r0, r5, #0x0
	adds r0, #0x0C
	bl func_08005A64
	str r0, [r5, #0x08]
	adds r4, r5, #0x0
	adds r4, #0x2C
	adds r0, r4, #0x0
	bl func_08005A64
	str r0, [r5, #0x28]
	ldr r2, [r5, #0x08]
	ldr r3, [r5, #0x00]
	ldr r0, [r5, #0x04]
	str r0, [sp, #0x000]
	mov r1, r8
	str r1, [sp, #0x004]
	movs r0, #0x80
	lsls r0, r0, #0x04
	mov r8, r0
	str r0, [sp, #0x008]
	ldr r0, _080CF704 @ =0x0000FFF1
	str r0, [sp, #0x00C]
	adds r0, r7, #0x0
	adds r1, r6, #0x0
	bl func_080023E0
	adds r0, r4, #0x0
	bl func_08005B1C
	lsls r0, r0, #0x18
	lsrs r1, r0, #0x18
	cmp r1, #0x00
	bne _080CF708
	ldr r2, [r5, #0x28]
	ldr r3, [r5, #0x24]
	ldr r0, [r5, #0x04]
	str r0, [sp, #0x000]
	str r1, [sp, #0x004]
	mov r1, r8
	str r1, [sp, #0x008]
	movs r0, #0x64
	str r0, [sp, #0x00C]
	adds r0, r7, #0x0
	adds r1, r6, #0x0
	bl func_080023E0
	b _080CF71E
	.byte 0x00, 0x00
_080CF6F8: .4byte 0x0975E40E
_080CF6FC: .4byte 0x0975EC8E
_080CF700: .4byte 0x09849E18
_080CF704: .4byte 0x0000FFF1
_080CF708:
	adds r0, r5, #0x0
	adds r0, #0x82
	ldrh r1, [r0, #0x00]
	movs r0, #0x02
	ands r0, r1
	lsls r0, r0, #0x10
	lsrs r0, r0, #0x10
	cmp r0, #0x00
	bne _080CF71E
	mov r1, r9
	strb r0, [r1, #0x00]
_080CF71E:
	add sp, #0x010
	pop {r3, r4}
	mov r8, r3
	mov r9, r4
	pop {r4, r5, r6, r7}
	pop {r0}
	bx r0
	thumb_func_start task_poo_tanpopo_3
task_poo_tanpopo_3: @ 080CF72C
	push {r4, lr}
	adds r4, r0, #0x0
	ldr r0, [r4, #0x04]
	cmp r0, #0x00
	beq _080CF74E
	bl func_08002C10
	ldr r0, [r4, #0x00]
	bl func_080028C0
	ldr r0, [r4, #0x24]
	bl func_080028C0
	adds r0, r4, #0x0
	adds r0, #0x54
	bl func_08012304
_080CF74E:
	pop {r4}
	pop {r0}
	bx r0
	thumb_func_start task_poo_ti_board_0
task_poo_ti_board_0: @ 080CF754
	push {r4, r5, lr}
	adds r4, r0, #0x0
	ldr r0, [r1, #0x00]
	str r0, [r4, #0x0C]
	ldr r0, [r1, #0x04]
	str r0, [r4, #0x10]
	movs r5, #0x00
	str r5, [r4, #0x14]
	ldr r0, _080CF78C @ =0x097565FC
	movs r1, #0x80
	lsls r1, r1, #0x02
	bl func_080026A4
	str r0, [r4, #0x00]
	str r5, [r4, #0x04]
	ldr r0, _080CF790 @ =0x097565E8
	str r0, [r4, #0x08]
	adds r0, r4, #0x0
	adds r0, #0x1C
	ldr r1, [r4, #0x0C]
	ldr r2, [r4, #0x10]
	ldr r3, [r4, #0x14]
	bl func_08012324
	pop {r4, r5}
	pop {r0}
	bx r0
	.byte 0x00, 0x00
_080CF78C: .4byte 0x097565FC
_080CF790: .4byte 0x097565E8
	thumb_func_start task_poo_ti_board_1
task_poo_ti_board_1: @ 080CF794
	push {lr}
	adds r1, r0, #0x0
	ldr r0, [r1, #0x04]
	cmp r0, #0x00
	beq _080CF7B4
	adds r0, r1, #0x0
	adds r0, #0x1C
	movs r1, #0x09
	bl func_08012660
	lsls r0, r0, #0x18
	cmp r0, #0x00
	beq _080CF7B4
	ldr r1, _080CF7BC @ =0x0203C3F0
	movs r0, #0x05
	str r0, [r1, #0x00]
_080CF7B4:
	movs r0, #0x01
	pop {r1}
	bx r1
	.byte 0x00, 0x00
_080CF7BC: .4byte 0x0203C3F0
	thumb_func_start task_poo_ti_board_2
task_poo_ti_board_2: @ 080CF7C0
	push {r4, r5, r6, r7, lr}
	add sp, #-0x010
	adds r4, r0, #0x0
	ldr r1, [r4, #0x0C]
	asrs r1, r1, #0x08
	ldr r0, _080CF814 @ =0x0203C40C
	ldrh r0, [r0, #0x00]
	subs r1, r1, r0
	ldr r0, [r4, #0x10]
	asrs r0, r0, #0x08
	ldr r2, _080CF818 @ =0x0203C3F8
	ldrh r2, [r2, #0x00]
	subs r0, r0, r2
	lsls r1, r1, #0x10
	asrs r7, r1, #0x10
	lsls r0, r0, #0x10
	asrs r6, r0, #0x10
	movs r0, #0x08
	str r0, [sp, #0x000]
	str r0, [sp, #0x004]
	adds r0, r7, #0x0
	adds r1, r6, #0x0
	movs r2, #0x10
	movs r3, #0x01
	bl func_080035CC
	lsls r0, r0, #0x18
	lsrs r5, r0, #0x18
	cmp r5, #0x00
	beq _080CF81C
	ldr r0, [r4, #0x04]
	cmp r0, #0x00
	beq _080CF864
	bl func_08002C10
	movs r0, #0x00
	str r0, [r4, #0x04]
	adds r0, r4, #0x0
	adds r0, #0x1C
	bl func_08012304
	b _080CF864
_080CF814: .4byte 0x0203C40C
_080CF818: .4byte 0x0203C3F8
_080CF81C:
	ldr r0, [r4, #0x04]
	cmp r0, #0x00
	bne _080CF83A
	ldr r0, _080CF86C @ =0x09849D58
	movs r1, #0x20
	bl func_08002A14
	str r0, [r4, #0x04]
	adds r0, r4, #0x0
	adds r0, #0x1C
	movs r1, #0x07
	movs r2, #0x08
	movs r3, #0x10
	bl func_080122AC
_080CF83A:
	ldr r2, [r4, #0x08]
	ldr r3, [r4, #0x00]
	ldr r0, [r4, #0x04]
	str r0, [sp, #0x000]
	str r5, [sp, #0x004]
	movs r0, #0x80
	lsls r0, r0, #0x04
	str r0, [sp, #0x008]
	ldr r1, [r4, #0x10]
	asrs r1, r1, #0x08
	lsls r1, r1, #0x02
	ldr r4, _080CF870 @ =0xFFFFEFFC
	adds r0, r4, #0x0
	subs r0, r0, r1
	lsls r0, r0, #0x10
	lsrs r0, r0, #0x10
	str r0, [sp, #0x00C]
	adds r0, r7, #0x0
	adds r1, r6, #0x0
	bl func_080023E0
_080CF864:
	add sp, #0x010
	pop {r4, r5, r6, r7}
	pop {r0}
	bx r0
_080CF86C: .4byte 0x09849D58
_080CF870: .4byte 0xFFFFEFFC
	thumb_func_start task_poo_ti_board_3
task_poo_ti_board_3: @ 080CF874
	push {r4, lr}
	adds r4, r0, #0x0
	ldr r0, [r4, #0x00]
	bl func_080028C0
	ldr r0, [r4, #0x04]
	cmp r0, #0x00
	beq _080CF890
	bl func_08002C10
	adds r0, r4, #0x0
	adds r0, #0x1C
	bl func_08012304
_080CF890:
	pop {r4}
	pop {r0}
	bx r0
	.byte 0x00, 0x00
	thumb_func_start task_poo_eeyoretail_0
task_poo_eeyoretail_0: @ 080CF898
	push {r4, r5, lr}
	adds r5, r0, #0x0
	ldr r0, _080CF8E8 @ =0x0007CD00
	str r0, [r5, #0x0C]
	ldr r0, _080CF8EC @ =0x00049E00
	str r0, [r5, #0x10]
	ldr r0, _080CF8F0 @ =0xFFFFE000
	str r0, [r5, #0x14]
	movs r4, #0x00
	str r4, [r5, #0x18]
	ldr r0, _080CF8F4 @ =0x09EF5D68
	movs r1, #0x10
	bl func_08003524
	strh r0, [r5, #0x1C]
	str r4, [r5, #0x04]
	ldr r0, _080CF8F8 @ =0x09744842
	str r0, [r5, #0x08]
	adds r4, r5, #0x0
	adds r4, #0x24
	adds r0, r4, #0x0
	movs r1, #0x01
	bl func_08000E64
	adds r1, r5, #0x0
	adds r1, #0x0C
	adds r0, r4, #0x0
	movs r2, #0x66
	bl func_080CC178
	ldr r1, _080CF8FC @ =0x02034E18
	movs r0, #0x1E
	strh r0, [r1, #0x00]
	ldr r0, [r5, #0x14]
	negs r0, r0
	str r0, [r5, #0x20]
	pop {r4, r5}
	pop {r0}
	bx r0
	.byte 0x00, 0x00
_080CF8E8: .4byte 0x0007CD00
_080CF8EC: .4byte 0x00049E00
_080CF8F0: .4byte 0xFFFFE000
_080CF8F4: .4byte 0x09EF5D68
_080CF8F8: .4byte 0x09744842
_080CF8FC: .4byte 0x02034E18
	thumb_func_start task_poo_eeyoretail_1
task_poo_eeyoretail_1: @ 080CF900
	push {r4, r5, lr}
	adds r4, r0, #0x0
	bl func_080C9D84
	lsls r0, r0, #0x18
	cmp r0, #0x00
	beq _080CF958
	ldr r5, _080CF960 @ =0x02034E18
	ldrh r0, [r5, #0x00]
	cmp r0, #0x00
	beq _080CF950
	adds r0, r4, #0x0
	adds r0, #0x0C
	ldr r1, _080CF964 @ =0x0007FD00
	ldrh r2, [r5, #0x00]
	bl func_080058FC
	adds r0, r4, #0x0
	adds r0, #0x10
	ldr r1, _080CF968 @ =0x00049300
	ldrh r2, [r5, #0x00]
	bl func_080058FC
	adds r0, r4, #0x0
	adds r0, #0x20
	ldrh r2, [r5, #0x00]
	movs r1, #0x00
	bl func_080058FC
	ldr r2, [r4, #0x20]
	negs r2, r2
	str r2, [r4, #0x14]
	ldrh r0, [r5, #0x00]
	subs r0, #0x01
	strh r0, [r5, #0x00]
	ldr r0, [r4, #0x0C]
	ldr r1, [r4, #0x10]
	adds r1, r1, r2
	bl func_080C9FA8
_080CF950:
	adds r0, r4, #0x0
	adds r0, #0x24
	bl func_08000EA4
_080CF958:
	movs r0, #0x01
	pop {r4, r5}
	pop {r1}
	bx r1
_080CF960: .4byte 0x02034E18
_080CF964: .4byte 0x0007FD00
_080CF968: .4byte 0x00049300
	thumb_func_start task_poo_eeyoretail_2
task_poo_eeyoretail_2: @ 080CF96C
	push {r4, r5, r6, r7, lr}
	mov r7, r8
	push {r7}
	add sp, #-0x010
	adds r5, r0, #0x0
	ldr r0, [r5, #0x0C]
	asrs r0, r0, #0x08
	ldr r1, _080CF9C8 @ =0x0203C40C
	ldrh r1, [r1, #0x00]
	subs r0, r0, r1
	lsls r0, r0, #0x10
	ldr r1, [r5, #0x10]
	asrs r1, r1, #0x08
	ldr r2, [r5, #0x14]
	asrs r2, r2, #0x08
	adds r1, r1, r2
	ldr r2, _080CF9CC @ =0x0203C3F8
	ldrh r2, [r2, #0x00]
	subs r1, r1, r2
	lsls r1, r1, #0x10
	lsrs r2, r0, #0x10
	mov r8, r2
	asrs r0, r0, #0x10
	lsrs r4, r1, #0x10
	asrs r1, r1, #0x10
	movs r2, #0x08
	str r2, [sp, #0x000]
	str r2, [sp, #0x004]
	movs r3, #0x08
	bl func_080035CC
	lsls r0, r0, #0x18
	cmp r0, #0x00
	beq _080CF9D0
	ldr r0, [r5, #0x04]
	cmp r0, #0x00
	beq _080CFA3E
	ldr r0, [r5, #0x00]
	bl func_080028C0
	ldr r0, [r5, #0x04]
	bl func_08002C10
	movs r0, #0x00
	str r0, [r5, #0x04]
	b _080CFA3E
_080CF9C8: .4byte 0x0203C40C
_080CF9CC: .4byte 0x0203C3F8
_080CF9D0:
	ldr r0, [r5, #0x04]
	cmp r0, #0x00
	bne _080CF9EA
	ldrh r0, [r5, #0x1C]
	ldr r1, _080CF9FC @ =0x097448BA
	bl func_080028F8
	str r0, [r5, #0x00]
	ldr r0, _080CFA00 @ =0x09849C58
	movs r1, #0x20
	bl func_08002A14
	str r0, [r5, #0x04]
_080CF9EA:
	bl func_080CFA70
	lsls r0, r0, #0x18
	cmp r0, #0x00
	beq _080CFA08
	movs r7, #0x80
	lsls r7, r7, #0x04
	ldr r6, _080CFA04 @ =0x0000FFEF
	b _080CFA0E
_080CF9FC: .4byte 0x097448BA
_080CFA00: .4byte 0x09849C58
_080CFA04: .4byte 0x0000FFEF
_080CFA08:
	movs r7, #0x80
	lsls r7, r7, #0x03
	movs r6, #0x0A
_080CFA0E:
	mov r1, r8
	lsls r0, r1, #0x10
	asrs r0, r0, #0x10
	lsls r1, r4, #0x10
	asrs r1, r1, #0x10
	ldr r2, [r5, #0x08]
	ldr r3, [r5, #0x00]
	ldr r4, [r5, #0x04]
	str r4, [sp, #0x000]
	movs r4, #0x00
	str r4, [sp, #0x004]
	str r7, [sp, #0x008]
	str r6, [sp, #0x00C]
	bl func_080023E0
	bl func_080C9D84
	lsls r0, r0, #0x18
	cmp r0, #0x00
	beq _080CFA3E
	adds r0, r5, #0x0
	adds r0, #0x24
	bl func_08000EE0
_080CFA3E:
	add sp, #0x010
	pop {r3}
	mov r8, r3
	pop {r4, r5, r6, r7}
	pop {r0}
	bx r0
	.byte 0x00, 0x00
	thumb_func_start task_poo_eeyoretail_3
task_poo_eeyoretail_3: @ 080CFA4C
	push {r4, lr}
	adds r4, r0, #0x0
	ldr r0, [r4, #0x04]
	cmp r0, #0x00
	beq _080CFA62
	ldr r0, [r4, #0x00]
	bl func_080028C0
	ldr r0, [r4, #0x04]
	bl func_08002C10
_080CFA62:
	adds r0, r4, #0x0
	adds r0, #0x24
	bl func_08000F0C
	pop {r4}
	pop {r0}
	bx r0
	thumb_func_start func_080CFA70
func_080CFA70: @ 080CFA70
	ldr r0, _080CFA7C @ =0x02034E18
	ldrh r0, [r0, #0x00]
	cmp r0, #0x00
	beq _080CFA80
	movs r0, #0x00
	b _080CFA82
_080CFA7C: .4byte 0x02034E18
_080CFA80:
	movs r0, #0x01
_080CFA82:
	bx lr
	thumb_func_start task_poo_honeycomb_0
task_poo_honeycomb_0: @ 080CFA84
	push {r4, r5, r6, lr}
	adds r6, r0, #0x0
	ldr r0, _080CFAD4 @ =0x0008DE00
	str r0, [r6, #0x24]
	ldr r0, _080CFAD8 @ =0x00046600
	str r0, [r6, #0x28]
	ldr r0, _080CFADC @ =0xFFFFF600
	str r0, [r6, #0x2C]
	movs r4, #0x00
	str r4, [r6, #0x30]
	ldr r0, _080CFAE0 @ =0x09EF5FF0
	movs r1, #0x01
	bl func_08003524
	movs r5, #0x00
	strh r0, [r6, #0x34]
	str r4, [r6, #0x04]
	ldr r0, _080CFAE4 @ =0x097567FC
	str r0, [r6, #0x08]
	adds r0, r6, #0x0
	adds r0, #0x38
	ldr r1, [r6, #0x24]
	ldr r2, [r6, #0x28]
	movs r3, #0x00
	bl func_08012324
	adds r0, r6, #0x0
	adds r0, #0x9C
	strb r5, [r0, #0x00]
	ldr r0, _080CFAE8 @ =0x02034E1C
	str r4, [r0, #0x00]
	adds r0, r6, #0x0
	adds r0, #0x98
	str r4, [r0, #0x00]
	subs r0, #0x02
	strh r4, [r0, #0x00]
	pop {r4, r5, r6}
	pop {r0}
	bx r0
	.byte 0x00, 0x00
_080CFAD4: .4byte 0x0008DE00
_080CFAD8: .4byte 0x00046600
_080CFADC: .4byte 0xFFFFF600
_080CFAE0: .4byte 0x09EF5FF0
_080CFAE4: .4byte 0x097567FC
_080CFAE8: .4byte 0x02034E1C
	thumb_func_start task_poo_honeycomb_1
task_poo_honeycomb_1: @ 080CFAEC
	push {r4, r5, r6, lr}
	adds r4, r0, #0x0
	adds r0, #0x9C
	ldrb r0, [r0, #0x00]
	cmp r0, #0x00
	beq _080CFB90
	ldr r6, _080CFB40 @ =0x02034E1C
	ldr r0, [r6, #0x00]
	cmp r0, #0x01
	beq _080CFB54
	cmp r0, #0x01
	bcs _080CFB90
	adds r0, r4, #0x0
	adds r0, #0x38
	movs r1, #0x09
	bl func_08012660
	lsls r0, r0, #0x18
	cmp r0, #0x00
	beq _080CFB90
	movs r0, #0x02
	bl func_080D2D50
	lsls r0, r0, #0x18
	lsrs r5, r0, #0x18
	cmp r5, #0x00
	bne _080CFB48
	ldr r1, _080CFB44 @ =0x0203C3F0
	movs r0, #0x09
	str r0, [r1, #0x00]
	bl func_080C9E70
	lsls r0, r0, #0x18
	cmp r0, #0x00
	beq _080CFB90
	movs r0, #0x01
	str r0, [r6, #0x00]
	adds r0, r4, #0x0
	adds r0, #0x94
	strh r5, [r0, #0x00]
	b _080CFB90
	.byte 0x00, 0x00
_080CFB40: .4byte 0x02034E1C
_080CFB44: .4byte 0x0203C3F0
_080CFB48:
	ldr r1, _080CFB50 @ =0x0203C3F0
	movs r0, #0x0A
	str r0, [r1, #0x00]
	b _080CFB90
_080CFB50: .4byte 0x0203C3F0
_080CFB54:
	adds r3, r4, #0x0
	adds r3, #0x98
	ldr r1, _080CFB98 @ =0x08121400
	adds r2, r4, #0x0
	adds r2, #0x96
	ldrb r0, [r2, #0x00]
	lsls r0, r0, #0x01
	adds r0, r0, r1
	movs r1, #0x00
	ldsh r0, [r0, r1]
	str r0, [r3, #0x00]
	ldrh r0, [r2, #0x00]
	adds r0, #0x10
	strh r0, [r2, #0x00]
	adds r1, r4, #0x0
	adds r1, #0x94
	ldrh r0, [r1, #0x00]
	adds r0, #0x01
	strh r0, [r1, #0x00]
	lsls r0, r0, #0x10
	lsrs r0, r0, #0x10
	cmp r0, #0x3C
	bls _080CFB90
	movs r0, #0x00
	str r0, [r3, #0x00]
	movs r0, #0x02
	str r0, [r6, #0x00]
	ldr r0, _080CFB9C @ =0x00000173
	bl func_0811FE70
_080CFB90:
	movs r0, #0x01
	pop {r4, r5, r6}
	pop {r1}
	bx r1
_080CFB98: .4byte 0x08121400
_080CFB9C: .4byte 0x00000173
	thumb_func_start task_poo_honeycomb_2
task_poo_honeycomb_2: @ 080CFBA0
	push {r4, r5, r6, r7, lr}
	mov r7, r8
	push {r7}
	add sp, #-0x010
	adds r4, r0, #0x0
	adds r0, #0x98
	ldr r2, [r4, #0x24]
	ldr r0, [r0, #0x00]
	adds r2, r2, r0
	asrs r2, r2, #0x08
	ldr r0, _080CFC1C @ =0x0203C40C
	ldrh r0, [r0, #0x00]
	subs r2, r2, r0
	ldr r1, [r4, #0x28]
	asrs r1, r1, #0x08
	ldr r0, [r4, #0x2C]
	asrs r0, r0, #0x08
	adds r1, r1, r0
	ldr r0, _080CFC20 @ =0x0203C3F8
	ldrh r0, [r0, #0x00]
	subs r1, r1, r0
	lsls r2, r2, #0x10
	asrs r2, r2, #0x10
	mov r8, r2
	lsls r1, r1, #0x10
	asrs r7, r1, #0x10
	movs r0, #0x10
	str r0, [sp, #0x000]
	str r0, [sp, #0x004]
	mov r0, r8
	adds r1, r7, #0x0
	movs r2, #0x10
	movs r3, #0x10
	bl func_080035CC
	lsls r0, r0, #0x18
	lsrs r6, r0, #0x18
	cmp r6, #0x00
	beq _080CFC24
	ldr r0, [r4, #0x04]
	cmp r0, #0x00
	beq _080CFC02
	bl func_08002C10
	ldr r0, [r4, #0x00]
	bl func_080028C0
	movs r0, #0x00
	str r0, [r4, #0x04]
_080CFC02:
	adds r5, r4, #0x0
	adds r5, #0x9C
	ldrb r0, [r5, #0x00]
	cmp r0, #0x00
	beq _080CFC76
	adds r0, r4, #0x0
	adds r0, #0x38
	bl func_08012304
	movs r0, #0x00
	strb r0, [r5, #0x00]
	b _080CFC76
	.byte 0x00, 0x00
_080CFC1C: .4byte 0x0203C40C
_080CFC20: .4byte 0x0203C3F8
_080CFC24:
	ldr r0, [r4, #0x04]
	cmp r0, #0x00
	bne _080CFC3E
	ldr r0, _080CFC84 @ =0x09849D78
	movs r1, #0x20
	bl func_08002A14
	str r0, [r4, #0x04]
	ldrh r0, [r4, #0x34]
	ldr r1, _080CFC88 @ =0x09756810
	bl func_080028F8
	str r0, [r4, #0x00]
_080CFC3E:
	adds r5, r4, #0x0
	adds r5, #0x9C
	ldrb r0, [r5, #0x00]
	cmp r0, #0x00
	bne _080CFC5A
	adds r0, r4, #0x0
	adds r0, #0x38
	movs r1, #0x06
	movs r2, #0x40
	movs r3, #0x00
	bl func_080122AC
	movs r0, #0x01
	strb r0, [r5, #0x00]
_080CFC5A:
	ldr r2, [r4, #0x08]
	ldr r3, [r4, #0x00]
	ldr r0, [r4, #0x04]
	str r0, [sp, #0x000]
	str r6, [sp, #0x004]
	movs r0, #0xC0
	lsls r0, r0, #0x04
	str r0, [sp, #0x008]
	ldr r0, _080CFC8C @ =0x0000FFF0
	str r0, [sp, #0x00C]
	mov r0, r8
	adds r1, r7, #0x0
	bl func_080023E0
_080CFC76:
	add sp, #0x010
	pop {r3}
	mov r8, r3
	pop {r4, r5, r6, r7}
	pop {r0}
	bx r0
	.byte 0x00, 0x00
_080CFC84: .4byte 0x09849D78
_080CFC88: .4byte 0x09756810
_080CFC8C: .4byte 0x0000FFF0
	thumb_func_start task_poo_honeycomb_3
task_poo_honeycomb_3: @ 080CFC90
	push {r4, lr}
	adds r4, r0, #0x0
	ldr r0, [r4, #0x04]
	cmp r0, #0x00
	beq _080CFCA6
	ldr r0, [r4, #0x00]
	bl func_080028C0
	ldr r0, [r4, #0x04]
	bl func_08002C10
_080CFCA6:
	adds r0, r4, #0x0
	adds r0, #0x9C
	ldrb r0, [r0, #0x00]
	cmp r0, #0x00
	beq _080CFCB8
	adds r0, r4, #0x0
	adds r0, #0x38
	bl func_08012304
_080CFCB8:
	pop {r4}
	pop {r0}
	bx r0
	.byte 0x00, 0x00
	thumb_func_start func_080CFCC0
func_080CFCC0: @ 080CFCC0
	ldr r0, _080CFCCC @ =0x02034E1C
	ldr r0, [r0, #0x00]
	cmp r0, #0x02
	beq _080CFCD0
	movs r0, #0x00
	b _080CFCD2
_080CFCCC: .4byte 0x02034E1C
_080CFCD0:
	movs r0, #0x01
_080CFCD2:
	bx lr
	thumb_func_start task_poo_vegetable_0
task_poo_vegetable_0: @ 080CFCD4
	push {r4, r5, lr}
	adds r4, r0, #0x0
	movs r0, #0xD6
	lsls r0, r0, #0x09
	str r0, [r4, #0x24]
	movs r0, #0xC0
	lsls r0, r0, #0x09
	str r0, [r4, #0x28]
	movs r5, #0x00
	str r5, [r4, #0x2C]
	str r5, [r4, #0x30]
	ldr r0, _080CFD10 @ =0x09EF602C
	movs r1, #0x01
	bl func_08003524
	strh r0, [r4, #0x34]
	str r5, [r4, #0x04]
	ldr r0, _080CFD14 @ =0x09756C50
	str r0, [r4, #0x08]
	adds r0, r4, #0x0
	adds r0, #0x38
	ldr r1, [r4, #0x24]
	ldr r2, [r4, #0x28]
	ldr r3, [r4, #0x2C]
	bl func_08012324
	pop {r4, r5}
	pop {r0}
	bx r0
	.byte 0x00, 0x00
_080CFD10: .4byte 0x09EF602C
_080CFD14: .4byte 0x09756C50
	thumb_func_start task_poo_vegetable_1
task_poo_vegetable_1: @ 080CFD18
	push {lr}
	adds r1, r0, #0x0
	ldr r0, [r1, #0x04]
	cmp r0, #0x00
	beq _080CFD38
	adds r0, r1, #0x0
	adds r0, #0x38
	movs r1, #0x09
	bl func_08012660
	lsls r0, r0, #0x18
	cmp r0, #0x00
	beq _080CFD38
	ldr r1, _080CFD40 @ =0x0203C3F0
	movs r0, #0x05
	str r0, [r1, #0x00]
_080CFD38:
	movs r0, #0x01
	pop {r1}
	bx r1
	.byte 0x00, 0x00
_080CFD40: .4byte 0x0203C3F0
	thumb_func_start task_poo_vegetable_2
task_poo_vegetable_2: @ 080CFD44
	push {r4, r5, r6, r7, lr}
	add sp, #-0x010
	adds r4, r0, #0x0
	ldr r1, [r4, #0x24]
	asrs r1, r1, #0x08
	ldr r0, _080CFDA0 @ =0x0203C40C
	ldrh r0, [r0, #0x00]
	subs r1, r1, r0
	ldr r0, [r4, #0x28]
	asrs r0, r0, #0x08
	ldr r2, _080CFDA4 @ =0x0203C3F8
	ldrh r2, [r2, #0x00]
	subs r0, r0, r2
	lsls r1, r1, #0x10
	asrs r7, r1, #0x10
	lsls r0, r0, #0x10
	asrs r6, r0, #0x10
	movs r0, #0x30
	str r0, [sp, #0x000]
	str r0, [sp, #0x004]
	adds r0, r7, #0x0
	adds r1, r6, #0x0
	movs r2, #0x20
	movs r3, #0x28
	bl func_080035CC
	lsls r0, r0, #0x18
	lsrs r5, r0, #0x18
	cmp r5, #0x00
	beq _080CFDA8
	ldr r0, [r4, #0x04]
	cmp r0, #0x00
	beq _080CFDFA
	ldr r0, [r4, #0x00]
	bl func_080028C0
	ldr r0, [r4, #0x04]
	bl func_08002C10
	movs r0, #0x00
	str r0, [r4, #0x04]
	adds r0, r4, #0x0
	adds r0, #0x38
	bl func_08012304
	b _080CFDFA
_080CFDA0: .4byte 0x0203C40C
_080CFDA4: .4byte 0x0203C3F8
_080CFDA8:
	ldr r0, [r4, #0x04]
	cmp r0, #0x00
	bne _080CFDD0
	ldrh r0, [r4, #0x34]
	ldr r1, _080CFE04 @ =0x09756E28
	bl func_080028F8
	str r0, [r4, #0x00]
	ldr r0, _080CFE08 @ =0x09849DB8
	movs r1, #0x20
	bl func_08002A14
	str r0, [r4, #0x04]
	adds r0, r4, #0x0
	adds r0, #0x38
	movs r1, #0x07
	movs r2, #0x26
	movs r3, #0x0C
	bl func_080122AC
_080CFDD0:
	ldr r2, [r4, #0x08]
	ldr r3, [r4, #0x00]
	ldr r0, [r4, #0x04]
	str r0, [sp, #0x000]
	str r5, [sp, #0x004]
	movs r0, #0x80
	lsls r0, r0, #0x04
	str r0, [sp, #0x008]
	ldr r1, [r4, #0x28]
	asrs r1, r1, #0x08
	lsls r1, r1, #0x02
	ldr r4, _080CFE0C @ =0xFFFFEFFC
	adds r0, r4, #0x0
	subs r0, r0, r1
	lsls r0, r0, #0x10
	lsrs r0, r0, #0x10
	str r0, [sp, #0x00C]
	adds r0, r7, #0x0
	adds r1, r6, #0x0
	bl func_080023E0
_080CFDFA:
	add sp, #0x010
	pop {r4, r5, r6, r7}
	pop {r0}
	bx r0
	.byte 0x00, 0x00
_080CFE04: .4byte 0x09756E28
_080CFE08: .4byte 0x09849DB8
_080CFE0C: .4byte 0xFFFFEFFC
	thumb_func_start task_poo_vegetable_3
task_poo_vegetable_3: @ 080CFE10
	push {r4, lr}
	adds r4, r0, #0x0
	ldr r0, [r4, #0x04]
	cmp r0, #0x00
	beq _080CFE2E
	ldr r0, [r4, #0x00]
	bl func_080028C0
	ldr r0, [r4, #0x04]
	bl func_08002C10
	adds r0, r4, #0x0
	adds r0, #0x38
	bl func_08012304
_080CFE2E:
	pop {r4}
	pop {r0}
	bx r0
	thumb_func_start func_080CFE34
func_080CFE34: @ 080CFE34
	push {r4, r5, lr}
	adds r4, r0, #0x0
	movs r5, #0x94
	lsls r5, r5, #0x06
	movs r0, #0x06
	bl func_080D2D50
	lsls r0, r0, #0x18
	cmp r0, #0x00
	beq _080CFE4C
	movs r5, #0x84
	lsls r5, r5, #0x06
_080CFE4C:
	ldr r0, _080CFE88 @ =0x02034E20
	ldr r2, [r0, #0x00]
	ldr r1, [r4, #0x00]
	ldr r0, [r2, #0x1C]
	subs r3, r1, r0
	ldr r1, [r4, #0x04]
	ldr r0, [r2, #0x20]
	subs r1, r1, r0
	adds r2, r1, r3
	ldr r0, _080CFE8C @ =0xFFFFE600
	cmp r2, r0
	blt _080CFE98
	lsrs r0, r3, #0x1F
	adds r0, r3, r0
	asrs r0, r0, #0x01
	subs r1, r1, r0
	ldr r3, _080CFE90 @ =0xFFFFF480
	adds r0, r5, r3
	cmp r1, r0
	bgt _080CFE98
	movs r3, #0xB8
	lsls r3, r3, #0x05
	adds r0, r5, r3
	cmp r2, r0
	bgt _080CFE98
	ldr r0, _080CFE94 @ =0xFFFFEE80
	cmp r1, r0
	blt _080CFE98
	movs r0, #0x01
	b _080CFE9A
_080CFE88: .4byte 0x02034E20
_080CFE8C: .4byte 0xFFFFE600
_080CFE90: .4byte 0xFFFFF480
_080CFE94: .4byte 0xFFFFEE80
_080CFE98:
	movs r0, #0x00
_080CFE9A:
	pop {r4, r5}
	pop {r1}
	bx r1
	thumb_func_start func_080CFEA0
func_080CFEA0: @ 080CFEA0
	push {r4, r5, lr}
	adds r4, r0, #0x0
	movs r5, #0x94
	lsls r5, r5, #0x06
	movs r0, #0x06
	bl func_080D2D50
	lsls r0, r0, #0x18
	cmp r0, #0x00
	beq _080CFEB8
	movs r5, #0x84
	lsls r5, r5, #0x06
_080CFEB8:
	ldr r0, _080CFEF4 @ =0x02034E20
	ldr r2, [r0, #0x00]
	ldr r1, [r4, #0x00]
	ldr r0, [r2, #0x1C]
	subs r3, r1, r0
	ldr r1, [r4, #0x04]
	ldr r0, [r2, #0x20]
	subs r1, r1, r0
	adds r2, r1, r3
	ldr r0, _080CFEF8 @ =0xFFFFE600
	cmp r2, r0
	blt _080CFF04
	lsrs r0, r3, #0x1F
	adds r0, r3, r0
	asrs r0, r0, #0x01
	subs r1, r1, r0
	ldr r3, _080CFEFC @ =0xFFFFF480
	adds r0, r5, r3
	cmp r1, r0
	bgt _080CFF04
	movs r0, #0xC4
	lsls r0, r0, #0x06
	cmp r2, r0
	bgt _080CFF04
	ldr r0, _080CFF00 @ =0xFFFFEE80
	cmp r1, r0
	blt _080CFF04
	movs r0, #0x01
	b _080CFF06
	.byte 0x00, 0x00
_080CFEF4: .4byte 0x02034E20
_080CFEF8: .4byte 0xFFFFE600
_080CFEFC: .4byte 0xFFFFF480
_080CFF00: .4byte 0xFFFFEE80
_080CFF04:
	movs r0, #0x00
_080CFF06:
	pop {r4, r5}
	pop {r1}
	bx r1
	thumb_func_start func_080CFF0C
func_080CFF0C: @ 080CFF0C
	push {lr}
	ldr r1, _080CFF24 @ =0x0203C420
	ldr r0, [r1, #0x08]
	cmp r0, #0x00
	blt _080CFF28
	adds r0, r1, #0x0
	bl func_080CFE34
	lsls r0, r0, #0x18
	lsrs r0, r0, #0x18
	b _080CFF2A
	.byte 0x00, 0x00
_080CFF24: .4byte 0x0203C420
_080CFF28:
	movs r0, #0x00
_080CFF2A:
	pop {r1}
	bx r1
	.byte 0x00, 0x00
	thumb_func_start func_080CFF30
func_080CFF30: @ 080CFF30
	push {lr}
	ldr r2, _080CFF48 @ =0x0203C420
	ldr r1, [r2, #0x08]
	ldr r0, _080CFF4C @ =0xFFFFE000
	cmp r1, r0
	blt _080CFF50
	adds r0, r2, #0x0
	bl func_080CFE34
	lsls r0, r0, #0x18
	lsrs r0, r0, #0x18
	b _080CFF52
_080CFF48: .4byte 0x0203C420
_080CFF4C: .4byte 0xFFFFE000
_080CFF50:
	movs r0, #0x00
_080CFF52:
	pop {r1}
	bx r1
	.byte 0x00, 0x00
	thumb_func_start func_080CFF58
func_080CFF58: @ 080CFF58
	push {r4, r5, r6, r7, lr}
	mov r7, r8
	push {r7}
	adds r5, r0, #0x0
	mov r8, r1
	lsls r2, r2, #0x10
	lsrs r6, r2, #0x10
	ldr r2, _080CFFB4 @ =0x02034E20
	ldr r0, [r2, #0x00]
	ldr r1, [r5, #0x00]
	ldr r0, [r0, #0x1C]
	subs r3, r1, r0
	ldr r0, _080CFFB8 @ =0xFFFFFA00
	adds r7, r2, #0x0
	cmp r3, r0
	blt _080CFF80
	movs r0, #0xA0
	lsls r0, r0, #0x04
	cmp r3, r0
	ble _080CFF82
_080CFF80:
	adds r3, r0, #0x0
_080CFF82:
	lsrs r4, r3, #0x1F
	adds r4, r3, r4
	asrs r4, r4, #0x01
	ldr r0, _080CFFBC @ =0xFFFFFD00
	adds r4, r4, r0
	ldr r0, [r7, #0x00]
	ldr r1, [r0, #0x1C]
	adds r1, r3, r1
	adds r0, r5, #0x0
	adds r2, r6, #0x0
	bl func_080058FC
	ldr r0, [r7, #0x00]
	ldr r0, [r0, #0x20]
	adds r4, r4, r0
	mov r0, r8
	adds r1, r4, #0x0
	adds r2, r6, #0x0
	bl func_080058FC
	pop {r3}
	mov r8, r3
	pop {r4, r5, r6, r7}
	pop {r0}
	bx r0
_080CFFB4: .4byte 0x02034E20
_080CFFB8: .4byte 0xFFFFFA00
_080CFFBC: .4byte 0xFFFFFD00
	thumb_func_start func_080CFFC0
func_080CFFC0: @ 080CFFC0
	push {r4, r5, lr}
	adds r4, r0, #0x0
	adds r5, r1, #0x0
	ldr r0, [r4, #0x00]
	ldr r1, [r5, #0x00]
	ldr r2, _080CFFE8 @ =0xFFFFBA00
	adds r0, r0, r2
	lsls r1, r1, #0x01
	subs r0, r0, r1
	movs r1, #0x05
	bl func_0811D5EC
	str r0, [r4, #0x00]
	lsls r0, r0, #0x01
	ldr r1, _080CFFEC @ =0xFFFFDD00
	subs r1, r1, r0
	str r1, [r5, #0x00]
	pop {r4, r5}
	pop {r0}
	bx r0
_080CFFE8: .4byte 0xFFFFBA00
_080CFFEC: .4byte 0xFFFFDD00
	thumb_func_start func_080CFFF0
func_080CFFF0: @ 080CFFF0
	push {r4, r5, lr}
	adds r4, r0, #0x0
	adds r5, r1, #0x0
	ldr r0, [r4, #0x00]
	ldr r1, [r5, #0x00]
	movs r2, #0xA0
	lsls r2, r2, #0x07
	adds r0, r0, r2
	lsls r1, r1, #0x01
	subs r0, r0, r1
	movs r1, #0x05
	bl func_0811D5EC
	str r0, [r4, #0x00]
	lsls r0, r0, #0x01
	movs r1, #0xA0
	lsls r1, r1, #0x06
	subs r1, r1, r0
	str r1, [r5, #0x00]
	pop {r4, r5}
	pop {r0}
	bx r0
	thumb_func_start func_080D001C
func_080D001C: @ 080D001C
	push {r4, r5, lr}
	adds r4, r0, #0x0
	adds r5, r1, #0x0
	ldr r1, [r4, #0x00]
	ldr r0, [r5, #0x00]
	lsls r0, r0, #0x01
	lsls r1, r1, #0x02
	adds r0, r0, r1
	movs r1, #0xF0
	lsls r1, r1, #0x04
	adds r0, r0, r1
	movs r1, #0x05
	bl func_0811D5EC
	str r0, [r4, #0x00]
	lsrs r1, r0, #0x1F
	adds r0, r0, r1
	asrs r0, r0, #0x01
	ldr r1, _080D004C @ =0xFFFFF800
	adds r0, r0, r1
	str r0, [r5, #0x00]
	pop {r4, r5}
	pop {r0}
	bx r0
_080D004C: .4byte 0xFFFFF800
	thumb_func_start func_080D0050
func_080D0050: @ 080D0050
	push {r4, r5, lr}
	adds r4, r0, #0x0
	adds r5, r1, #0x0
	ldr r1, [r4, #0x00]
	ldr r0, [r5, #0x00]
	lsls r0, r0, #0x01
	lsls r1, r1, #0x02
	adds r0, r0, r1
	ldr r1, _080D0080 @ =0xFFFFFB00
	adds r0, r0, r1
	movs r1, #0x05
	bl func_0811D5EC
	str r0, [r4, #0x00]
	lsrs r1, r0, #0x1F
	adds r0, r0, r1
	asrs r0, r0, #0x01
	movs r1, #0xC0
	lsls r1, r1, #0x02
	adds r0, r0, r1
	str r0, [r5, #0x00]
	pop {r4, r5}
	pop {r0}
	bx r0
_080D0080: .4byte 0xFFFFFB00
	.byte 0xF0, 0xB5, 0x47, 0x46, 0x80, 0xB4, 0x82, 0xB0, 0x06, 0x1C, 0x88, 0x46, 0x12, 0x04, 0x17, 0x0C
	.byte 0x0D, 0x48, 0x03, 0x68, 0x31, 0x68, 0xD8, 0x69, 0x09, 0x1A, 0x00, 0x91, 0x40, 0x46, 0x02, 0x68
	.byte 0x18, 0x6A, 0x12, 0x1A, 0x01, 0x92, 0x09, 0x48, 0x81, 0x42, 0x13, 0xDA, 0x08, 0x4D, 0xAA, 0x42
	.byte 0x10, 0xDA, 0x01, 0xAC, 0x68, 0x46, 0x21, 0x1C, 0xFF, 0xF7, 0x80, 0xFF, 0x01, 0x98, 0xA8, 0x42
	.byte 0x1B, 0xDB, 0xA8, 0x42, 0x5E, 0xDD, 0x23, 0xE0, 0x20, 0x4E, 0x03, 0x02, 0x00, 0xF5, 0xFF, 0xFF
	.byte 0x00, 0xF3, 0xFF, 0xFF, 0x00, 0x99, 0xF0, 0x20, 0x00, 0x01, 0x01, 0x9A, 0x81, 0x42, 0x1C, 0xDD
	.byte 0xC0, 0x20, 0xC0, 0x00, 0x82, 0x42, 0x18, 0xDD, 0x01, 0xAC, 0x68, 0x46, 0x21, 0x1C, 0xFF, 0xF7
	.byte 0x7D, 0xFF, 0x01, 0x99, 0x03, 0x48, 0x81, 0x42, 0x06, 0xDC, 0x68, 0x46, 0x21, 0x1C, 0xFF, 0xF7
	.byte 0x8B, 0xFF, 0x3F, 0xE0, 0xFF, 0x05, 0x00, 0x00, 0xA0, 0x20, 0x00, 0x01, 0x81, 0x42, 0x39, 0xDD
	.byte 0x68, 0x46, 0x21, 0x1C, 0xFF, 0xF7, 0x9A, 0xFF, 0x34, 0xE0, 0x00, 0x98, 0x40, 0x42, 0xC1, 0x0F
	.byte 0x40, 0x18, 0x40, 0x10, 0x80, 0x18, 0x00, 0x28, 0x14, 0xDD, 0x01, 0xAC, 0x68, 0x46, 0x21, 0x1C
	.byte 0xFF, 0xF7, 0x8C, 0xFF, 0x00, 0x99, 0x06, 0x48, 0x81, 0x42, 0x14, 0xDB, 0xF0, 0x20, 0x00, 0x01
	.byte 0x81, 0x42, 0x1F, 0xDD, 0x68, 0x46, 0x21, 0x1C, 0xFF, 0xF7, 0x50, 0xFF, 0x1A, 0xE0, 0x00, 0x00
	.byte 0x00, 0xE9, 0xFF, 0xFF, 0x01, 0xAC, 0x68, 0x46, 0x21, 0x1C, 0xFF, 0xF7, 0x5D, 0xFF, 0x00, 0x99
	.byte 0x03, 0x48, 0x81, 0x42, 0x06, 0xDA, 0x68, 0x46, 0x21, 0x1C, 0xFF, 0xF7, 0x27, 0xFF, 0x09, 0xE0
	.byte 0x00, 0xF5, 0xFF, 0xFF, 0xC0, 0x20, 0x40, 0x01, 0x81, 0x42, 0x03, 0xDD, 0x68, 0x46, 0x21, 0x1C
	.byte 0xFF, 0xF7, 0x34, 0xFF, 0x0B, 0x4C, 0x20, 0x68, 0x00, 0x99, 0xC0, 0x69, 0x09, 0x18, 0x30, 0x1C
	.byte 0x3A, 0x1C, 0x35, 0xF7, 0xB1, 0xFB, 0x20, 0x68, 0x01, 0x99, 0x00, 0x6A, 0x09, 0x18, 0x40, 0x46
	.byte 0x3A, 0x1C, 0x35, 0xF7, 0xA9, 0xFB, 0x02, 0xB0, 0x08, 0xBC, 0x98, 0x46, 0xF0, 0xBC, 0x01, 0xBC
	.byte 0x00, 0x47, 0x00, 0x00, 0x20, 0x4E, 0x03, 0x02, 0x06, 0x4A, 0x13, 0x68, 0xDA, 0x69, 0x82, 0x1A
	.byte 0x18, 0x6A, 0x0B, 0x1A, 0x04, 0x48, 0x82, 0x42, 0x0A, 0xDA, 0x04, 0x48, 0x83, 0x42, 0x07, 0xDA
	.byte 0x53, 0x20, 0x19, 0xE0, 0x20, 0x4E, 0x03, 0x02, 0x00, 0xF5, 0xFF, 0xFF, 0x00, 0xF3, 0xFF, 0xFF
	.byte 0xF0, 0x20, 0x00, 0x01, 0x82, 0x42, 0x05, 0xDD, 0xC0, 0x20, 0xC0, 0x00, 0x83, 0x42, 0x01, 0xDD
	.byte 0xD3, 0x20, 0x09, 0xE0, 0x50, 0x42, 0xC1, 0x0F, 0x40, 0x18, 0x40, 0x10, 0xC0, 0x18, 0x00, 0x28
	.byte 0x01, 0xDC, 0xAD, 0x20, 0x00, 0xE0, 0x2D, 0x20, 0x70, 0x47, 0x00, 0x00
	thumb_func_start func_080D0210
func_080D0210: @ 080D0210
	push {r4, lr}
	ldr r2, _080D0240 @ =0x02034E20
	ldr r3, [r2, #0x00]
	ldr r2, [r3, #0x1C]
	subs r4, r0, r2
	ldr r0, [r3, #0x20]
	subs r2, r1, r0
	movs r0, #0xF4
	lsls r0, r0, #0x06
	adds r1, r4, r0
	movs r0, #0x80
	lsls r0, r0, #0x08
	cmp r1, r0
	bhi _080D023A
	ldr r0, _080D0244 @ =0xFFFFE100
	cmp r2, r0
	blt _080D023A
	movs r0, #0xE0
	lsls r0, r0, #0x06
	cmp r2, r0
	ble _080D0248
_080D023A:
	movs r0, #0x00
	b _080D0288
	.byte 0x00, 0x00
_080D0240: .4byte 0x02034E20
_080D0244: .4byte 0xFFFFE100
_080D0248:
	ldr r0, _080D0258 @ =0xFFFFEF00
	cmp r4, r0
	bge _080D0260
	ldr r0, _080D025C @ =0x000002FF
	cmp r2, r0
	bgt _080D0260
	movs r0, #0x53
	b _080D0288
_080D0258: .4byte 0xFFFFEF00
_080D025C: .4byte 0x000002FF
_080D0260:
	movs r0, #0xB8
	lsls r0, r0, #0x05
	cmp r4, r0
	ble _080D0274
	movs r0, #0xA0
	lsls r0, r0, #0x03
	cmp r2, r0
	ble _080D0274
	movs r0, #0xD3
	b _080D0288
_080D0274:
	negs r0, r4
	lsrs r1, r0, #0x1F
	adds r0, r0, r1
	asrs r0, r0, #0x01
	adds r0, r0, r2
	cmp r0, #0x00
	bgt _080D0286
	movs r0, #0xAD
	b _080D0288
_080D0286:
	movs r0, #0x2D
_080D0288:
	pop {r4}
	pop {r1}
	bx r1
	.byte 0x00, 0x00
	thumb_func_start task_poo_wagon_0
task_poo_wagon_0: @ 080D0290
	push {r4, r5, r6, lr}
	adds r4, r0, #0x0
	ldr r0, _080D02EC @ =0x02034E20
	str r4, [r0, #0x00]
	ldr r0, _080D02F0 @ =0x0002AE00
	str r0, [r4, #0x1C]
	ldr r0, _080D02F4 @ =0x00017700
	str r0, [r4, #0x20]
	movs r5, #0x00
	str r5, [r4, #0x24]
	str r5, [r4, #0x28]
	adds r1, r4, #0x0
	adds r1, #0x2C
	adds r0, r4, #0x0
	adds r0, #0x1C
	ldm r0!, {r2, r3, r6}
	stm r1!, {r2, r3, r6}
	ldr r0, [r0, #0x00]
	str r0, [r1, #0x00]
	movs r0, #0x06
	bl func_080D2D50
	lsls r0, r0, #0x18
	cmp r0, #0x00
	beq _080D02CC
	ldr r0, [r4, #0x20]
	movs r1, #0xC0
	lsls r1, r1, #0x04
	adds r0, r0, r1
	str r0, [r4, #0x20]
_080D02CC:
	str r5, [r4, #0x04]
	ldr r0, _080D02F8 @ =0x09758C04
	str r0, [r4, #0x08]
	ldr r0, _080D02FC @ =0x09758B70
	str r0, [r4, #0x10]
	ldr r0, _080D0300 @ =0x09758C20
	str r0, [r4, #0x18]
	adds r0, r4, #0x0
	adds r0, #0x3C
	strb r5, [r0, #0x00]
	strh r5, [r4, #0x3E]
	adds r0, #0x04
	strh r5, [r0, #0x00]
	pop {r4, r5, r6}
	pop {r0}
	bx r0
_080D02EC: .4byte 0x02034E20
_080D02F0: .4byte 0x0002AE00
_080D02F4: .4byte 0x00017700
_080D02F8: .4byte 0x09758C04
_080D02FC: .4byte 0x09758B70
_080D0300: .4byte 0x09758C20
	thumb_func_start task_poo_wagon_1
task_poo_wagon_1: @ 080D0304
	push {r4, r5, lr}
	adds r4, r0, #0x0
	bl func_080CFF0C
	lsls r0, r0, #0x18
	cmp r0, #0x00
	beq _080D0324
	ldr r1, [r4, #0x20]
	ldr r0, [r4, #0x30]
	adds r5, r4, #0x0
	adds r5, #0x3C
	cmp r1, r0
	bne _080D035A
	movs r2, #0x80
	lsls r2, r2, #0x01
	b _080D033E
_080D0324:
	movs r0, #0x06
	bl func_080D2D50
	lsls r0, r0, #0x18
	adds r5, r4, #0x0
	adds r5, #0x3C
	cmp r0, #0x00
	bne _080D035A
	ldr r1, [r4, #0x20]
	ldr r0, [r4, #0x30]
	cmp r1, r0
	beq _080D035A
	ldr r2, _080D03F0 @ =0xFFFFFF00
_080D033E:
	adds r0, r1, r2
	str r0, [r4, #0x20]
	ldr r1, _080D03F4 @ =0x0203C420
	ldr r0, [r1, #0x04]
	adds r0, r0, r2
	str r0, [r1, #0x04]
	ldrb r0, [r5, #0x00]
	cmp r0, #0x00
	beq _080D035A
	ldr r0, _080D03F8 @ =0x0203C3EC
	ldr r1, [r0, #0x00]
	ldr r0, [r1, #0x04]
	adds r0, r0, r2
	str r0, [r1, #0x04]
_080D035A:
	ldr r0, _080D03F8 @ =0x0203C3EC
	ldr r0, [r0, #0x00]
	bl func_080CFEA0
	lsls r0, r0, #0x18
	lsrs r0, r0, #0x18
	cmp r0, #0x00
	beq _080D0384
	ldrb r0, [r5, #0x00]
	cmp r0, #0x00
	bne _080D0386
	ldr r1, _080D03FC @ =0x0203C3DC
	ldr r0, [r4, #0x1C]
	str r0, [r1, #0x00]
	ldr r1, _080D0400 @ =0x0203C3E8
	ldr r0, [r4, #0x20]
	str r0, [r1, #0x00]
	ldr r1, _080D0404 @ =0x0203C3F0
	movs r0, #0x0B
	str r0, [r1, #0x00]
	movs r0, #0x01
_080D0384:
	strb r0, [r5, #0x00]
_080D0386:
	bl func_080CFF0C
	lsls r0, r0, #0x18
	cmp r0, #0x00
	beq _080D040C
	bl func_080C9D98
	lsls r0, r0, #0x18
	cmp r0, #0x00
	beq _080D040C
	movs r0, #0x06
	bl func_080D2D50
	lsls r0, r0, #0x18
	lsrs r5, r0, #0x18
	cmp r5, #0x00
	bne _080D040C
	ldrh r0, [r4, #0x3E]
	adds r0, #0x01
	strh r0, [r4, #0x3E]
	lsls r0, r0, #0x10
	lsrs r0, r0, #0x10
	cmp r0, #0x64
	bls _080D0410
	ldr r3, [r4, #0x30]
	movs r1, #0xC0
	lsls r1, r1, #0x04
	adds r0, r3, r1
	ldr r2, [r4, #0x20]
	cmp r2, r0
	beq _080D0410
	ldr r0, _080D0408 @ =0xFFFFF400
	adds r1, r2, r0
	subs r1, r3, r1
	adds r0, r2, r1
	str r0, [r4, #0x20]
	ldr r2, _080D03F4 @ =0x0203C420
	ldr r0, [r2, #0x04]
	adds r0, r0, r1
	str r0, [r2, #0x04]
	ldr r0, _080D03F8 @ =0x0203C3EC
	ldr r2, [r0, #0x00]
	ldr r0, [r2, #0x04]
	adds r0, r0, r1
	str r0, [r2, #0x04]
	movs r0, #0x06
	bl func_080D2D3C
	movs r0, #0x90
	bl func_0811FE70
	strh r5, [r4, #0x3E]
	b _080D0410
_080D03F0: .4byte 0xFFFFFF00
_080D03F4: .4byte 0x0203C420
_080D03F8: .4byte 0x0203C3EC
_080D03FC: .4byte 0x0203C3DC
_080D0400: .4byte 0x0203C3E8
_080D0404: .4byte 0x0203C3F0
_080D0408: .4byte 0xFFFFF400
_080D040C:
	movs r0, #0x00
	strh r0, [r4, #0x3E]
_080D0410:
	movs r0, #0x01
	pop {r4, r5}
	pop {r1}
	bx r1
	thumb_func_start task_poo_wagon_2
task_poo_wagon_2: @ 080D0418
	push {r4, r5, r6, r7, lr}
	mov r7, r10
	mov r6, r9
	mov r5, r8
	push {r5, r6, r7}
	add sp, #-0x018
	adds r7, r0, #0x0
	movs r0, #0x00
	str r0, [sp, #0x010]
	ldrh r0, [r7, #0x3E]
	cmp r0, #0x00
	beq _080D044C
	ldr r3, _080D0448 @ =0x08121400
	adds r2, r7, #0x0
	adds r2, #0x40
	ldrh r1, [r2, #0x00]
	ldrb r0, [r2, #0x00]
	lsls r0, r0, #0x01
	adds r0, r0, r3
	movs r4, #0x00
	ldsh r3, [r0, r4]
	adds r1, #0x10
	strh r1, [r2, #0x00]
	b _080D044E
_080D0448: .4byte 0x08121400
_080D044C:
	movs r3, #0x00
_080D044E:
	ldr r0, [r7, #0x1C]
	adds r0, r0, r3
	asrs r0, r0, #0x08
	ldr r1, _080D04B4 @ =0x0203C40C
	ldrh r1, [r1, #0x00]
	subs r0, r0, r1
	lsls r0, r0, #0x10
	ldr r1, [r7, #0x20]
	asrs r1, r1, #0x08
	ldr r2, [r7, #0x24]
	asrs r2, r2, #0x08
	adds r1, r1, r2
	ldr r2, _080D04B8 @ =0x0203C3F8
	ldrh r2, [r2, #0x00]
	subs r1, r1, r2
	lsls r1, r1, #0x10
	lsrs r2, r0, #0x10
	mov r8, r2
	asrs r0, r0, #0x10
	lsrs r6, r1, #0x10
	asrs r1, r1, #0x10
	movs r2, #0x30
	str r2, [sp, #0x000]
	str r2, [sp, #0x004]
	movs r2, #0x20
	movs r3, #0x28
	bl func_080035CC
	lsls r0, r0, #0x18
	cmp r0, #0x00
	beq _080D04BC
	ldr r0, [r7, #0x04]
	cmp r0, #0x00
	bne _080D0494
	b _080D0674
_080D0494:
	ldr r0, [r7, #0x00]
	bl func_080028C0
	ldr r0, [r7, #0x0C]
	bl func_080028C0
	ldr r0, [r7, #0x14]
	bl func_080028C0
	ldr r0, [r7, #0x04]
	bl func_08002C10
	movs r0, #0x00
	str r0, [r7, #0x04]
	b _080D0674
	.byte 0x00, 0x00
_080D04B4: .4byte 0x0203C40C
_080D04B8: .4byte 0x0203C3F8
_080D04BC:
	ldr r0, [r7, #0x04]
	cmp r0, #0x00
	bne _080D04F0
	movs r0, #0xAC
	lsls r0, r0, #0x03
	ldr r4, _080D0534 @ =0x09758C94
	adds r1, r4, #0x0
	bl func_080028F8
	str r0, [r7, #0x00]
	movs r0, #0x98
	lsls r0, r0, #0x03
	adds r1, r4, #0x0
	bl func_080028F8
	str r0, [r7, #0x0C]
	movs r0, #0xA0
	adds r1, r4, #0x0
	bl func_080028F8
	str r0, [r7, #0x14]
	ldr r0, _080D0538 @ =0x09849DD8
	movs r1, #0x20
	bl func_08002A14
	str r0, [r7, #0x04]
_080D04F0:
	bl func_080CBB7C
	lsls r0, r0, #0x10
	lsrs r0, r0, #0x10
	mov r10, r0
	bl func_080CFF30
	lsls r0, r0, #0x18
	cmp r0, #0x00
	beq _080D055C
	ldr r5, _080D053C @ =0x02034E26
	mov r0, r10
	adds r0, #0x03
	strh r0, [r5, #0x00]
	ldr r4, _080D0540 @ =0x02034E24
	subs r0, #0x04
	strh r0, [r4, #0x00]
	bl func_080C9DAC
	lsls r0, r0, #0x18
	cmp r0, #0x00
	beq _080D05D6
	ldr r1, _080D0544 @ =0x0203C420
	ldr r0, _080D0548 @ =0x0203C3EC
	ldr r0, [r0, #0x00]
	ldr r1, [r1, #0x04]
	ldr r0, [r0, #0x04]
	cmp r1, r0
	blt _080D054C
	ldrh r0, [r5, #0x00]
	adds r0, #0x06
	strh r0, [r5, #0x00]
	b _080D05D6
	.byte 0x00, 0x00
_080D0534: .4byte 0x09758C94
_080D0538: .4byte 0x09849DD8
_080D053C: .4byte 0x02034E26
_080D0540: .4byte 0x02034E24
_080D0544: .4byte 0x0203C420
_080D0548: .4byte 0x0203C3EC
_080D054C:
	ldr r3, _080D0558 @ =0x0000FFFC
	adds r0, r3, #0x0
	ldrh r1, [r4, #0x00]
	adds r0, r0, r1
	strh r0, [r4, #0x00]
	b _080D05D6
_080D0558: .4byte 0x0000FFFC
_080D055C:
	ldr r1, _080D0594 @ =0x0203C420
	ldr r0, [r1, #0x00]
	ldr r1, [r1, #0x04]
	bl func_080D0210
	lsls r0, r0, #0x18
	lsrs r0, r0, #0x18
	str r0, [sp, #0x010]
	cmp r0, #0x00
	bne _080D05A8
	ldr r1, [r7, #0x20]
	movs r2, #0xC0
	lsls r2, r2, #0x02
	adds r1, r1, r2
	ldr r2, _080D0598 @ =0x02034E26
	asrs r1, r1, #0x08
	lsls r1, r1, #0x02
	ldr r3, _080D059C @ =0xFFFFEFFC
	adds r0, r3, #0x0
	subs r0, r0, r1
	strh r0, [r2, #0x00]
	ldr r2, _080D05A0 @ =0x02034E24
	ldr r4, _080D05A4 @ =0xFFFFEFF7
	adds r0, r4, #0x0
	subs r0, r0, r1
	strh r0, [r2, #0x00]
	b _080D05D6
	.byte 0x00, 0x00
_080D0594: .4byte 0x0203C420
_080D0598: .4byte 0x02034E26
_080D059C: .4byte 0xFFFFEFFC
_080D05A0: .4byte 0x02034E24
_080D05A4: .4byte 0xFFFFEFF7
_080D05A8:
	ldr r0, [sp, #0x010]
	cmp r0, #0x53
	beq _080D05B2
	cmp r0, #0xAD
	bne _080D05C8
_080D05B2:
	ldr r1, _080D05C0 @ =0x02034E26
	mov r0, r10
	subs r0, #0x03
	strh r0, [r1, #0x00]
	ldr r1, _080D05C4 @ =0x02034E24
	subs r0, #0x05
	b _080D05D4
_080D05C0: .4byte 0x02034E26
_080D05C4: .4byte 0x02034E24
_080D05C8:
	ldr r1, _080D0684 @ =0x02034E24
	mov r0, r10
	adds r0, #0x04
	strh r0, [r1, #0x00]
	ldr r1, _080D0688 @ =0x02034E26
	adds r0, #0x05
_080D05D4:
	strh r0, [r1, #0x00]
_080D05D6:
	mov r1, r8
	lsls r1, r1, #0x10
	str r1, [sp, #0x014]
	asrs r1, r1, #0x10
	mov r8, r1
	lsls r6, r6, #0x10
	mov r9, r6
	asrs r6, r6, #0x10
	ldr r2, [r7, #0x08]
	ldr r3, [r7, #0x00]
	ldr r0, [r7, #0x04]
	str r0, [sp, #0x000]
	movs r5, #0x00
	str r5, [sp, #0x004]
	movs r4, #0x80
	lsls r4, r4, #0x04
	str r4, [sp, #0x008]
	ldr r0, _080D0688 @ =0x02034E26
	ldrh r0, [r0, #0x00]
	str r0, [sp, #0x00C]
	mov r0, r8
	adds r1, r6, #0x0
	bl func_080023E0
	ldr r2, [r7, #0x10]
	ldr r3, [r7, #0x0C]
	ldr r0, [r7, #0x04]
	str r0, [sp, #0x000]
	str r5, [sp, #0x004]
	str r4, [sp, #0x008]
	ldr r0, _080D0684 @ =0x02034E24
	ldrh r0, [r0, #0x00]
	str r0, [sp, #0x00C]
	mov r0, r8
	adds r1, r6, #0x0
	bl func_080023E0
	ldr r0, [r7, #0x20]
	ldr r2, _080D068C @ =0xFFFFF200
	adds r0, r0, r2
	asrs r0, r0, #0x08
	lsls r0, r0, #0x02
	ldr r3, _080D0690 @ =0xFFFFEFFE
	adds r1, r3, #0x0
	subs r1, r1, r0
	lsls r1, r1, #0x10
	lsrs r5, r1, #0x10
	bl func_080CFF30
	lsls r0, r0, #0x18
	ldr r2, [sp, #0x014]
	mov r1, r9
	cmp r0, #0x00
	bne _080D0658
	cmp r10, r5
	bls _080D0658
	ldr r4, [sp, #0x010]
	cmp r4, #0x53
	beq _080D0650
	cmp r4, #0xAD
	bne _080D0658
_080D0650:
	mov r0, r10
	subs r0, #0x01
	lsls r0, r0, #0x10
	lsrs r5, r0, #0x10
_080D0658:
	asrs r0, r2, #0x10
	asrs r1, r1, #0x10
	ldr r2, [r7, #0x18]
	ldr r3, [r7, #0x14]
	ldr r4, [r7, #0x04]
	str r4, [sp, #0x000]
	movs r4, #0x00
	str r4, [sp, #0x004]
	movs r4, #0x80
	lsls r4, r4, #0x04
	str r4, [sp, #0x008]
	str r5, [sp, #0x00C]
	bl func_080023E0
_080D0674:
	add sp, #0x018
	pop {r3, r4, r5}
	mov r8, r3
	mov r9, r4
	mov r10, r5
	pop {r4, r5, r6, r7}
	pop {r0}
	bx r0
_080D0684: .4byte 0x02034E24
_080D0688: .4byte 0x02034E26
_080D068C: .4byte 0xFFFFF200
_080D0690: .4byte 0xFFFFEFFE
	thumb_func_start task_poo_wagon_3
task_poo_wagon_3: @ 080D0694
	push {r4, lr}
	adds r4, r0, #0x0
	ldr r0, [r4, #0x04]
	cmp r0, #0x00
	beq _080D06B6
	ldr r0, [r4, #0x00]
	bl func_080028C0
	ldr r0, [r4, #0x0C]
	bl func_080028C0
	ldr r0, [r4, #0x14]
	bl func_080028C0
	ldr r0, [r4, #0x04]
	bl func_08002C10
_080D06B6:
	pop {r4}
	pop {r0}
	bx r0
	thumb_func_start func_080D06BC
func_080D06BC: @ 080D06BC
	ldr r0, _080D06C4 @ =0x02034E24
	ldrh r0, [r0, #0x00]
	bx lr
	.byte 0x00, 0x00
_080D06C4: .4byte 0x02034E24
	thumb_func_start func_080D06C8
func_080D06C8: @ 080D06C8
	ldr r0, _080D06D0 @ =0x02034E26
	ldrh r0, [r0, #0x00]
	bx lr
	.byte 0x00, 0x00
_080D06D0: .4byte 0x02034E26
	thumb_func_start task_poo_wagonwheel_0
task_poo_wagonwheel_0: @ 080D06D4
	push {r4, r5, r6, r7, lr}
	add sp, #-0x004
	adds r7, r0, #0x0
	movs r0, #0x06
	bl func_080D2D50
	lsls r0, r0, #0x18
	cmp r0, #0x00
	bne _080D0700
	movs r0, #0xAA
	lsls r0, r0, #0x0A
	str r0, [r7, #0x24]
	ldr r0, _080D06F8 @ =0x00018D00
	str r0, [r7, #0x28]
	movs r0, #0x02
	strh r0, [r7, #0x36]
	ldr r0, _080D06FC @ =0x09758B9C
	b _080D0724
_080D06F8: .4byte 0x00018D00
_080D06FC: .4byte 0x09758B9C
_080D0700:
	mov r4, sp
	adds r4, #0x02
	mov r0, sp
	adds r1, r4, #0x0
	bl func_080D2CF4
	mov r0, sp
	movs r1, #0x00
	ldsh r0, [r0, r1]
	lsls r0, r0, #0x08
	str r0, [r7, #0x24]
	movs r1, #0x00
	ldsh r0, [r4, r1]
	lsls r0, r0, #0x08
	str r0, [r7, #0x28]
	movs r0, #0x04
	strh r0, [r7, #0x36]
	ldr r0, _080D0764 @ =0x09758BF4
_080D0724:
	str r0, [r7, #0x08]
	ldr r0, [r7, #0x24]
	str r0, [r7, #0x3C]
	movs r4, #0x00
	str r4, [r7, #0x2C]
	str r4, [r7, #0x30]
	movs r6, #0x00
	movs r0, #0xC0
	lsls r0, r0, #0x01
	strh r0, [r7, #0x34]
	str r4, [r7, #0x04]
	adds r5, r7, #0x0
	adds r5, #0x0C
	ldr r1, _080D0768 @ =0x09EF60AC
	ldr r2, _080D076C @ =0x09EF6078
	adds r0, r5, #0x0
	bl func_08005968
	ldrh r1, [r7, #0x36]
	adds r0, r5, #0x0
	movs r2, #0x01
	bl func_080059A4
	str r4, [r7, #0x38]
	adds r0, r7, #0x0
	adds r0, #0x40
	strb r6, [r0, #0x00]
	add sp, #0x004
	pop {r4, r5, r6, r7}
	pop {r0}
	bx r0
	.byte 0x00, 0x00
_080D0764: .4byte 0x09758BF4
_080D0768: .4byte 0x09EF60AC
_080D076C: .4byte 0x09EF6078
	thumb_func_start task_poo_wagonwheel_1
task_poo_wagonwheel_1: @ 080D0770
	push {r4, lr}
	adds r4, r0, #0x0
	ldrh r0, [r4, #0x36]
	cmp r0, #0x02
	bne _080D0796
	movs r0, #0x06
	bl func_080D2D50
	lsls r0, r0, #0x18
	cmp r0, #0x00
	beq _080D0796
	movs r0, #0x03
	strh r0, [r4, #0x36]
	adds r0, r4, #0x0
	adds r0, #0x0C
	movs r1, #0x03
	movs r2, #0x01
	bl func_080059A4
_080D0796:
	ldrh r0, [r4, #0x36]
	cmp r0, #0x03
	bne _080D07CE
	adds r0, r4, #0x0
	adds r0, #0x0C
	bl func_08005A64
	str r0, [r4, #0x08]
	ldr r1, [r4, #0x38]
	ldr r0, _080D07E4 @ =0x000004FF
	cmp r1, r0
	bgt _080D07B2
	adds r0, r1, #0x6
	str r0, [r4, #0x38]
_080D07B2:
	ldr r0, [r4, #0x28]
	ldr r1, [r4, #0x38]
	adds r0, r0, r1
	str r0, [r4, #0x28]
	ldr r0, [r4, #0x24]
	adds r0, r0, r1
	str r0, [r4, #0x24]
	ldr r1, [r4, #0x3C]
	movs r2, #0x90
	lsls r2, r2, #0x07
	adds r1, r1, r2
	cmp r0, r1
	ble _080D07CE
	str r1, [r4, #0x24]
_080D07CE:
	adds r0, r4, #0x0
	adds r0, #0x40
	ldrb r0, [r0, #0x00]
	cmp r0, #0x00
	beq _080D07E8
	ldr r0, [r4, #0x04]
	cmp r0, #0x00
	bne _080D07E8
	movs r0, #0x00
	b _080D07EA
	.byte 0x00, 0x00
_080D07E4: .4byte 0x000004FF
_080D07E8:
	movs r0, #0x01
_080D07EA:
	pop {r4}
	pop {r1}
	bx r1
	thumb_func_start task_poo_wagonwheel_2
task_poo_wagonwheel_2: @ 080D07F0
	push {r4, r5, r6, r7, lr}
	add sp, #-0x010
	adds r5, r0, #0x0
	ldr r0, [r5, #0x24]
	asrs r0, r0, #0x08
	ldr r1, _080D0858 @ =0x0203C40C
	ldrh r1, [r1, #0x00]
	subs r0, r0, r1
	lsls r0, r0, #0x10
	ldr r1, [r5, #0x28]
	asrs r1, r1, #0x08
	ldr r2, [r5, #0x2C]
	asrs r2, r2, #0x08
	adds r1, r1, r2
	ldr r2, _080D085C @ =0x0203C3F8
	ldrh r2, [r2, #0x00]
	subs r1, r1, r2
	lsls r1, r1, #0x10
	lsrs r7, r0, #0x10
	asrs r0, r0, #0x10
	lsrs r6, r1, #0x10
	asrs r1, r1, #0x10
	movs r2, #0x10
	str r2, [sp, #0x000]
	str r2, [sp, #0x004]
	movs r2, #0x20
	movs r3, #0x00
	bl func_080035CC
	lsls r0, r0, #0x18
	cmp r0, #0x00
	beq _080D0864
	ldr r0, [r5, #0x04]
	cmp r0, #0x00
	beq _080D08D8
	ldr r0, [r5, #0x00]
	bl func_080028C0
	ldr r0, [r5, #0x04]
	bl func_08002C10
	movs r0, #0x00
	str r0, [r5, #0x04]
	ldrh r0, [r5, #0x36]
	cmp r0, #0x03
	bne _080D08D8
	movs r0, #0x04
	strh r0, [r5, #0x36]
	ldr r0, _080D0860 @ =0x09758BF4
	str r0, [r5, #0x08]
	b _080D08D8
	.byte 0x00, 0x00
_080D0858: .4byte 0x0203C40C
_080D085C: .4byte 0x0203C3F8
_080D0860: .4byte 0x09758BF4
_080D0864:
	ldr r0, [r5, #0x04]
	cmp r0, #0x00
	bne _080D087E
	ldrh r0, [r5, #0x34]
	ldr r1, _080D0898 @ =0x09758C94
	bl func_080028F8
	str r0, [r5, #0x00]
	ldr r0, _080D089C @ =0x09849DD8
	movs r1, #0x20
	bl func_08002A14
	str r0, [r5, #0x04]
_080D087E:
	movs r0, #0x06
	bl func_080D2D50
	lsls r0, r0, #0x18
	cmp r0, #0x00
	bne _080D08A4
	ldr r4, _080D08A0 @ =0x02034E28
	bl func_080D06BC
	subs r0, #0x01
	strh r0, [r4, #0x00]
	b _080D08B4
	.byte 0x00, 0x00
_080D0898: .4byte 0x09758C94
_080D089C: .4byte 0x09849DD8
_080D08A0: .4byte 0x02034E28
_080D08A4:
	ldr r2, _080D08E0 @ =0x02034E28
	ldr r1, [r5, #0x28]
	asrs r1, r1, #0x08
	lsls r1, r1, #0x02
	ldr r3, _080D08E4 @ =0xFFFFEFFC
	adds r0, r3, #0x0
	subs r0, r0, r1
	strh r0, [r2, #0x00]
_080D08B4:
	lsls r0, r7, #0x10
	asrs r0, r0, #0x10
	lsls r1, r6, #0x10
	asrs r1, r1, #0x10
	ldr r2, [r5, #0x08]
	ldr r3, [r5, #0x00]
	ldr r4, [r5, #0x04]
	str r4, [sp, #0x000]
	movs r4, #0x00
	str r4, [sp, #0x004]
	movs r4, #0x80
	lsls r4, r4, #0x04
	str r4, [sp, #0x008]
	ldr r4, _080D08E0 @ =0x02034E28
	ldrh r4, [r4, #0x00]
	str r4, [sp, #0x00C]
	bl func_080023E0
_080D08D8:
	add sp, #0x010
	pop {r4, r5, r6, r7}
	pop {r0}
	bx r0
_080D08E0: .4byte 0x02034E28
_080D08E4: .4byte 0xFFFFEFFC
	thumb_func_start task_poo_wagonwheel_3
task_poo_wagonwheel_3: @ 080D08E8
	push {r4, lr}
	adds r4, r0, #0x0
	movs r0, #0x06
	bl func_080D2D50
	lsls r0, r0, #0x18
	cmp r0, #0x00
	beq _080D0908
	ldr r0, [r4, #0x24]
	lsls r0, r0, #0x08
	asrs r0, r0, #0x10
	ldr r1, [r4, #0x28]
	lsls r1, r1, #0x08
	asrs r1, r1, #0x10
	bl func_080D2CE0
_080D0908:
	ldr r0, [r4, #0x04]
	cmp r0, #0x00
	beq _080D091A
	ldr r0, [r4, #0x00]
	bl func_080028C0
	ldr r0, [r4, #0x04]
	bl func_08002C10
_080D091A:
	pop {r4}
	pop {r0}
	bx r0
	thumb_func_start task_poo_spark_0
task_poo_spark_0: @ 080D0920
	push {r4, r5, lr}
	adds r4, r0, #0x0
	ldm r1!, {r2, r3, r5}
	stm r0!, {r2, r3, r5}
	ldr r1, [r1, #0x00]
	str r1, [r0, #0x00]
	movs r0, #0x80
	lsls r0, r0, #0x02
	ldr r1, _080D0960 @ =0x098A4B68
	bl func_080028F8
	str r0, [r4, #0x28]
	ldr r0, _080D0964 @ =0x08F69BE4
	movs r1, #0x20
	bl func_08002A14
	str r0, [r4, #0x2C]
	adds r4, #0x10
	ldr r1, _080D0968 @ =0x09EF8CC0
	ldr r2, _080D096C @ =0x09EF8CA0
	adds r0, r4, #0x0
	bl func_08005968
	adds r0, r4, #0x0
	movs r1, #0x00
	movs r2, #0x01
	bl func_080059A4
	pop {r4, r5}
	pop {r0}
	bx r0
	.byte 0x00, 0x00
_080D0960: .4byte 0x098A4B68
_080D0964: .4byte 0x08F69BE4
_080D0968: .4byte 0x09EF8CC0
_080D096C: .4byte 0x09EF8CA0
	thumb_func_start task_poo_spark_1
task_poo_spark_1: @ 080D0970
	push {r4, lr}
	adds r4, r0, #0x0
	adds r4, #0x10
	adds r0, r4, #0x0
	bl func_08005A64
	adds r0, r4, #0x0
	bl func_08005B1C
	lsls r0, r0, #0x18
	cmp r0, #0x00
	bne _080D098C
	movs r0, #0x01
	b _080D098E
_080D098C:
	movs r0, #0x00
_080D098E:
	pop {r4}
	pop {r1}
	bx r1
	thumb_func_start task_poo_spark_2
task_poo_spark_2: @ 080D0994
	push {r4, r5, r6, lr}
	add sp, #-0x010
	adds r6, r0, #0x0
	ldr r5, [r6, #0x00]
	asrs r5, r5, #0x08
	ldr r0, _080D09F4 @ =0x0203C40C
	ldrh r0, [r0, #0x00]
	subs r5, r5, r0
	lsls r5, r5, #0x10
	lsrs r5, r5, #0x10
	ldr r4, [r6, #0x04]
	asrs r4, r4, #0x08
	ldr r0, [r6, #0x08]
	asrs r0, r0, #0x08
	adds r4, r4, r0
	ldr r0, _080D09F8 @ =0x0203C3F8
	ldrh r0, [r0, #0x00]
	subs r4, r4, r0
	lsls r4, r4, #0x10
	lsrs r4, r4, #0x10
	adds r0, r6, #0x0
	adds r0, #0x10
	bl func_08005AFC
	adds r2, r0, #0x0
	lsls r5, r5, #0x10
	asrs r5, r5, #0x10
	lsls r4, r4, #0x10
	asrs r4, r4, #0x10
	ldr r3, [r6, #0x28]
	ldr r0, [r6, #0x2C]
	str r0, [sp, #0x000]
	movs r0, #0x00
	str r0, [sp, #0x004]
	movs r0, #0x80
	lsls r0, r0, #0x03
	str r0, [sp, #0x008]
	movs r0, #0x50
	str r0, [sp, #0x00C]
	adds r0, r5, #0x0
	adds r1, r4, #0x0
	bl func_080023E0
	add sp, #0x010
	pop {r4, r5, r6}
	pop {r0}
	bx r0
	.byte 0x00, 0x00
_080D09F4: .4byte 0x0203C40C
_080D09F8: .4byte 0x0203C3F8
	thumb_func_start task_poo_spark_3
task_poo_spark_3: @ 080D09FC
	push {r4, lr}
	adds r4, r0, #0x0
	ldr r0, [r4, #0x28]
	bl func_080028C0
	ldr r0, [r4, #0x2C]
	bl func_08002C10
	pop {r4}
	pop {r0}
	bx r0
	.byte 0x00, 0x00
	thumb_func_start task_poo_bee_0
task_poo_bee_0: @ 080D0A14
	push {r4, r5, r6, r7, lr}
	mov r7, r10
	mov r6, r9
	mov r5, r8
	push {r5, r6, r7}
	adds r5, r0, #0x0
	adds r1, r5, #0x0
	adds r1, #0xA4
	ldr r0, _080D0AC8 @ =0x0008DE00
	str r0, [r1, #0x00]
	adds r1, #0x04
	ldr r0, _080D0ACC @ =0x00046600
	str r0, [r1, #0x00]
	adds r1, #0x04
	ldr r0, _080D0AD0 @ =0xFFFFF600
	str r0, [r1, #0x00]
	adds r1, #0x04
	movs r0, #0x00
	str r0, [r1, #0x00]
	movs r7, #0x00
	ldr r0, _080D0AD4 @ =0x09EF6024
	mov r9, r0
	ldr r0, _080D0AD8 @ =0x09EF5FF8
	mov r10, r0
	ldr r6, _080D0ADC @ =0x096FD730
	adds r4, r5, #0x0
	adds r4, #0x24
	ldr r0, _080D0AE0 @ =0xFFFFFB00
	mov r8, r0
	movs r0, #0xA0
	lsls r0, r0, #0x03
	mov r12, r0
	adds r3, r5, #0x0
	adds r3, #0x28
_080D0A58:
	lsls r2, r7, #0x05
	mov r0, r8
	str r0, [r4, #0x00]
	mov r0, r12
	str r0, [r3, #0x00]
	adds r0, r5, #0x0
	adds r0, #0x34
	adds r0, r0, r2
	ldr r1, [r6, #0x00]
	str r1, [r0, #0x00]
	adds r0, r5, #0x0
	adds r0, #0x38
	adds r0, r0, r2
	ldr r1, [r6, #0x04]
	str r1, [r0, #0x00]
	adds r6, #0x08
	adds r4, #0x20
	adds r3, #0x20
	adds r7, #0x01
	cmp r7, #0x03
	ble _080D0A58
	adds r4, r5, #0x0
	adds r4, #0x0C
	adds r0, r4, #0x0
	mov r1, r9
	mov r2, r10
	bl func_08005968
	adds r0, r4, #0x0
	movs r1, #0x00
	movs r2, #0x01
	bl func_080059A4
	adds r0, r4, #0x0
	bl func_08005AFC
	str r0, [r5, #0x08]
	movs r1, #0x00
	str r1, [r5, #0x04]
	ldr r0, _080D0AE4 @ =0x02034E2C
	str r1, [r0, #0x00]
	adds r1, r5, #0x0
	adds r1, #0xC6
	movs r0, #0x08
	strh r0, [r1, #0x00]
	adds r1, #0x02
	movs r0, #0x01
	strb r0, [r1, #0x00]
	pop {r3, r4, r5}
	mov r8, r3
	mov r9, r4
	mov r10, r5
	pop {r4, r5, r6, r7}
	pop {r0}
	bx r0
	.byte 0x00, 0x00
_080D0AC8: .4byte 0x0008DE00
_080D0ACC: .4byte 0x00046600
_080D0AD0: .4byte 0xFFFFF600
_080D0AD4: .4byte 0x09EF6024
_080D0AD8: .4byte 0x09EF5FF8
_080D0ADC: .4byte 0x096FD730
_080D0AE0: .4byte 0xFFFFFB00
_080D0AE4: .4byte 0x02034E2C
	thumb_func_start task_poo_bee_1
task_poo_bee_1: @ 080D0AE8
	push {r4, r5, r6, r7, lr}
	mov r7, r10
	mov r6, r9
	mov r5, r8
	push {r5, r6, r7}
	add sp, #-0x018
	adds r6, r0, #0x0
	bl func_080CFCC0
	lsls r0, r0, #0x18
	cmp r0, #0x00
	bne _080D0B02
	b _080D0CCE
_080D0B02:
	adds r1, r6, #0x0
	adds r1, #0xC8
	ldrb r0, [r1, #0x00]
	movs r2, #0xA4
	adds r2, r2, r6
	mov r8, r2
	movs r3, #0xA8
	adds r3, r3, r6
	mov r9, r3
	adds r2, r6, #0x0
	adds r2, #0x0C
	str r2, [sp, #0x00C]
	cmp r0, #0x00
	beq _080D0B9C
	movs r0, #0x00
	strb r0, [r1, #0x00]
	movs r5, #0x00
	adds r3, r6, #0x0
	adds r3, #0x24
	str r3, [sp, #0x010]
	adds r0, r6, #0x0
	adds r0, #0x28
	str r0, [sp, #0x014]
	subs r1, #0x9C
	str r1, [sp, #0x000]
	adds r2, #0xA0
	str r2, [sp, #0x008]
	adds r3, #0x10
	str r3, [sp, #0x004]
	movs r0, #0x38
	adds r0, r0, r6
	mov r10, r0
	movs r1, #0x80
	lsls r1, r1, #0x06
	mov r12, r1
	ldr r7, _080D0C30 @ =0x096FD730
_080D0B4A:
	lsls r2, r5, #0x05
	ldr r3, [sp, #0x010]
	adds r1, r3, r2
	mov r3, r8
	ldr r0, [r3, #0x00]
	ldr r3, _080D0C34 @ =0xFFFFFB00
	adds r0, r0, r3
	str r0, [r1, #0x00]
	ldr r0, [sp, #0x014]
	adds r1, r0, r2
	mov r3, r9
	ldr r0, [r3, #0x00]
	movs r3, #0xA0
	lsls r3, r3, #0x03
	adds r0, r0, r3
	str r0, [r1, #0x00]
	ldr r0, [sp, #0x000]
	adds r1, r0, r2
	ldr r3, [sp, #0x008]
	ldr r0, [r3, #0x00]
	str r0, [r1, #0x00]
	ldr r0, [sp, #0x004]
	adds r3, r0, r2
	ldr r1, _080D0C38 @ =0x0203C3EC
	ldr r4, [r1, #0x00]
	ldr r1, [r7, #0x00]
	add r1, r12
	ldr r0, [r4, #0x00]
	adds r0, r0, r1
	str r0, [r3, #0x00]
	add r2, r10
	ldr r1, [r7, #0x04]
	mov r3, r12
	subs r1, r1, r3
	ldr r0, [r4, #0x04]
	adds r0, r0, r1
	str r0, [r2, #0x00]
	adds r7, #0x08
	adds r5, #0x01
	cmp r5, #0x03
	ble _080D0B4A
_080D0B9C:
	ldr r0, _080D0C3C @ =0x02034E2C
	ldr r2, [r0, #0x00]
	cmp r2, #0x03
	bhi _080D0C44
	lsls r2, r2, #0x05
	adds r0, r2, #0x0
	adds r0, #0x24
	adds r0, r6, r0
	adds r1, r6, #0x0
	adds r1, #0x34
	adds r1, r1, r2
	ldr r1, [r1, #0x00]
	adds r4, r6, #0x0
	adds r4, #0xC6
	ldrh r2, [r4, #0x00]
	bl func_080058FC
	ldr r1, _080D0C3C @ =0x02034E2C
	ldr r2, [r1, #0x00]
	lsls r2, r2, #0x05
	adds r0, r2, r6
	adds r0, #0x28
	adds r1, r6, #0x0
	adds r1, #0x38
	adds r1, r1, r2
	ldr r1, [r1, #0x00]
	ldrh r2, [r4, #0x00]
	bl func_080058FC
	ldrh r0, [r4, #0x00]
	subs r0, #0x01
	strh r0, [r4, #0x00]
	lsls r0, r0, #0x10
	lsrs r2, r0, #0x10
	cmp r2, #0x00
	bne _080D0C1A
	movs r0, #0x08
	strh r0, [r4, #0x00]
	ldr r3, _080D0C3C @ =0x02034E2C
	ldr r0, [r3, #0x00]
	adds r0, #0x01
	str r0, [r3, #0x00]
	cmp r0, #0x03
	bls _080D0C1A
	ldr r0, _080D0C38 @ =0x0203C3EC
	ldr r1, [r0, #0x00]
	ldr r0, [r1, #0x00]
	movs r3, #0x80
	lsls r3, r3, #0x06
	adds r0, r0, r3
	mov r3, r8
	str r0, [r3, #0x00]
	ldr r0, [r1, #0x04]
	ldr r1, _080D0C40 @ =0xFFFFE000
	adds r0, r0, r1
	mov r3, r9
	str r0, [r3, #0x00]
	adds r1, r6, #0x0
	adds r1, #0xB4
	adds r0, r6, #0x0
	adds r0, #0xB8
	str r2, [r0, #0x00]
	str r2, [r1, #0x00]
_080D0C1A:
	mov r1, r8
	ldr r0, [r1, #0x00]
	adds r2, r6, #0x0
	adds r2, #0xAC
	mov r3, r9
	ldr r1, [r3, #0x00]
	ldr r2, [r2, #0x00]
	adds r1, r1, r2
	bl func_080C9FA8
	b _080D0CC6
_080D0C30: .4byte 0x096FD730
_080D0C34: .4byte 0xFFFFFB00
_080D0C38: .4byte 0x0203C3EC
_080D0C3C: .4byte 0x02034E2C
_080D0C40: .4byte 0xFFFFE000
_080D0C44:
	adds r4, r6, #0x0
	adds r4, #0xB4
	mov r1, r8
	ldr r0, [r1, #0x00]
	ldr r2, _080D0CE0 @ =0xFFFFE000
	adds r0, r0, r2
	ldr r1, _080D0CE4 @ =0x0203C3EC
	ldr r3, [r1, #0x00]
	ldr r1, [r3, #0x00]
	subs r0, r0, r1
	str r0, [r4, #0x00]
	adds r2, r6, #0x0
	adds r2, #0xB8
	mov r1, r9
	ldr r0, [r1, #0x00]
	movs r1, #0x80
	lsls r1, r1, #0x06
	adds r0, r0, r1
	ldr r1, [r3, #0x04]
	subs r0, r0, r1
	str r0, [r2, #0x00]
	mov r3, r8
	ldr r0, [r3, #0x00]
	ldr r1, [r4, #0x00]
	subs r0, r0, r1
	str r0, [r3, #0x00]
	mov r1, r9
	ldr r0, [r1, #0x00]
	ldr r1, [r2, #0x00]
	subs r0, r0, r1
	mov r3, r9
	str r0, [r3, #0x00]
	adds r7, r2, #0x0
	subs r2, #0x90
	adds r3, r6, #0x0
	adds r3, #0x24
	movs r5, #0x03
_080D0C8E:
	ldr r0, [r3, #0x00]
	ldr r1, [r4, #0x00]
	subs r0, r0, r1
	str r0, [r3, #0x00]
	ldr r0, [r2, #0x00]
	ldr r1, [r7, #0x00]
	subs r0, r0, r1
	str r0, [r2, #0x00]
	adds r2, #0x20
	adds r3, #0x20
	subs r5, #0x01
	cmp r5, #0x00
	bge _080D0C8E
	bl func_080C9D84
	lsls r0, r0, #0x18
	cmp r0, #0x00
	bne _080D0CC6
	mov r1, r8
	ldr r0, [r1, #0x00]
	adds r2, r6, #0x0
	adds r2, #0xAC
	mov r3, r9
	ldr r1, [r3, #0x00]
	ldr r2, [r2, #0x00]
	adds r1, r1, r2
	bl func_080C9FA8
_080D0CC6:
	ldr r0, [sp, #0x00C]
	bl func_08005A64
	str r0, [r6, #0x08]
_080D0CCE:
	movs r0, #0x01
	add sp, #0x018
	pop {r3, r4, r5}
	mov r8, r3
	mov r9, r4
	mov r10, r5
	pop {r4, r5, r6, r7}
	pop {r1}
	bx r1
_080D0CE0: .4byte 0xFFFFE000
_080D0CE4: .4byte 0x0203C3EC
	thumb_func_start task_poo_bee_2
task_poo_bee_2: @ 080D0CE8
	push {r4, r5, r6, r7, lr}
	mov r7, r8
	push {r7}
	add sp, #-0x010
	adds r5, r0, #0x0
	bl func_080CFCC0
	lsls r0, r0, #0x18
	cmp r0, #0x00
	bne _080D0CFE
	b _080D0DFC
_080D0CFE:
	adds r0, r5, #0x0
	adds r0, #0xA4
	ldr r0, [r0, #0x00]
	asrs r0, r0, #0x08
	ldr r1, _080D0D5C @ =0x0203C40C
	ldrh r1, [r1, #0x00]
	subs r0, r0, r1
	adds r4, r5, #0x0
	adds r4, #0xA8
	ldr r1, [r4, #0x00]
	asrs r1, r1, #0x08
	adds r2, r5, #0x0
	adds r2, #0xAC
	ldr r2, [r2, #0x00]
	asrs r2, r2, #0x08
	adds r1, r1, r2
	ldr r2, _080D0D60 @ =0x0203C3F8
	ldrh r2, [r2, #0x00]
	subs r1, r1, r2
	lsls r0, r0, #0x10
	asrs r0, r0, #0x10
	lsls r1, r1, #0x10
	asrs r1, r1, #0x10
	movs r2, #0x2E
	str r2, [sp, #0x000]
	movs r2, #0x10
	str r2, [sp, #0x004]
	movs r2, #0x13
	movs r3, #0x11
	bl func_080035CC
	lsls r0, r0, #0x18
	mov r8, r4
	cmp r0, #0x00
	beq _080D0D64
	ldr r0, [r5, #0x04]
	cmp r0, #0x00
	beq _080D0DFC
	bl func_08002C10
	ldr r0, [r5, #0x00]
	bl func_080028C0
	movs r0, #0x00
	str r0, [r5, #0x04]
	b _080D0DFC
	.byte 0x00, 0x00
_080D0D5C: .4byte 0x0203C40C
_080D0D60: .4byte 0x0203C3F8
_080D0D64:
	ldr r0, [r5, #0x04]
	cmp r0, #0x00
	bne _080D0D80
	ldr r0, _080D0E08 @ =0x09849D98
	movs r1, #0x20
	bl func_08002A14
	str r0, [r5, #0x04]
	ldr r0, _080D0E0C @ =0x09756ACE
	movs r1, #0xC0
	lsls r1, r1, #0x01
	bl func_080026A4
	str r0, [r5, #0x00]
_080D0D80:
	movs r6, #0x00
	ldr r0, _080D0E10 @ =0x02034E2C
	ldr r0, [r0, #0x00]
	adds r0, #0x01
	cmp r6, r0
	bcs _080D0DFC
_080D0D8C:
	lsls r3, r6, #0x05
	adds r0, r5, #0x0
	adds r0, #0x24
	adds r0, r0, r3
	ldr r0, [r0, #0x00]
	asrs r0, r0, #0x08
	ldr r1, _080D0E14 @ =0x0203C40C
	ldrh r1, [r1, #0x00]
	subs r0, r0, r1
	adds r1, r5, #0x0
	adds r1, #0x28
	adds r1, r1, r3
	ldr r1, [r1, #0x00]
	asrs r1, r1, #0x08
	adds r2, r5, #0x0
	adds r2, #0x2C
	adds r2, r2, r3
	ldr r2, [r2, #0x00]
	asrs r2, r2, #0x08
	adds r1, r1, r2
	ldr r2, _080D0E18 @ =0x0203C3F8
	ldrh r2, [r2, #0x00]
	subs r1, r1, r2
	lsls r0, r0, #0x10
	asrs r0, r0, #0x10
	lsls r1, r1, #0x10
	asrs r1, r1, #0x10
	ldr r2, [r5, #0x08]
	ldr r3, [r5, #0x00]
	ldr r4, [r5, #0x04]
	str r4, [sp, #0x000]
	movs r4, #0x00
	str r4, [sp, #0x004]
	movs r4, #0x80
	lsls r4, r4, #0x04
	str r4, [sp, #0x008]
	mov r7, r8
	ldr r4, [r7, #0x00]
	asrs r4, r4, #0x08
	lsls r4, r4, #0x02
	ldr r7, _080D0E1C @ =0x00001003
	adds r4, r4, r7
	subs r4, r6, r4
	lsls r4, r4, #0x10
	lsrs r4, r4, #0x10
	str r4, [sp, #0x00C]
	bl func_080023E0
	adds r6, #0x01
	ldr r0, _080D0E10 @ =0x02034E2C
	ldr r0, [r0, #0x00]
	adds r0, #0x01
	cmp r6, r0
	bcs _080D0DFC
	cmp r6, #0x03
	ble _080D0D8C
_080D0DFC:
	add sp, #0x010
	pop {r3}
	mov r8, r3
	pop {r4, r5, r6, r7}
	pop {r0}
	bx r0
_080D0E08: .4byte 0x09849D98
_080D0E0C: .4byte 0x09756ACE
_080D0E10: .4byte 0x02034E2C
_080D0E14: .4byte 0x0203C40C
_080D0E18: .4byte 0x0203C3F8
_080D0E1C: .4byte 0x00001003
	thumb_func_start task_poo_bee_3
task_poo_bee_3: @ 080D0E20
	push {r4, lr}
	adds r4, r0, #0x0
	ldr r0, [r4, #0x04]
	cmp r0, #0x00
	beq _080D0E36
	ldr r0, [r4, #0x00]
	bl func_080028C0
	ldr r0, [r4, #0x04]
	bl func_08002C10
_080D0E36:
	pop {r4}
	pop {r0}
	bx r0
	.byte 0x02, 0x48, 0x00, 0x68, 0x03, 0x28, 0x03, 0xD9, 0x01, 0x20, 0x02, 0xE0, 0x2C, 0x4E, 0x03, 0x02
	.byte 0x00, 0x20, 0x70, 0x47, 0x70, 0xB5, 0x4E, 0x46, 0x45, 0x46, 0x60, 0xB4, 0x05, 0x1C, 0x1A, 0x48
	.byte 0x05, 0x60, 0x1A, 0x48, 0x68, 0x64, 0x1A, 0x48, 0xA8, 0x64, 0x1A, 0x48, 0xE8, 0x64, 0x00, 0x20
	.byte 0x81, 0x46, 0x28, 0x65, 0x2C, 0x1C, 0x14, 0x34, 0x17, 0x4E, 0x18, 0x48, 0x80, 0x46, 0x20, 0x1C
	.byte 0x31, 0x1C, 0x42, 0x46, 0x34, 0xF7, 0x72, 0xFD, 0x20, 0x1C, 0x01, 0x21, 0x01, 0x22, 0x34, 0xF7
	.byte 0x8B, 0xFD, 0x20, 0x1C, 0x34, 0xF7, 0x34, 0xFE, 0xE8, 0x60, 0x18, 0x34, 0x20, 0x1C, 0x31, 0x1C
	.byte 0x42, 0x46, 0x34, 0xF7, 0x63, 0xFD, 0x20, 0x1C, 0x00, 0x21, 0x01, 0x22, 0x34, 0xF7, 0x7C, 0xFD
	.byte 0x20, 0x1C, 0x34, 0xF7, 0x25, 0xFE, 0x28, 0x61, 0x48, 0x46, 0xA8, 0x60, 0x18, 0xBC, 0x98, 0x46
	.byte 0xA1, 0x46, 0x70, 0xBC, 0x01, 0xBC, 0x00, 0x47, 0x30, 0x4E, 0x03, 0x02, 0x00, 0xDE, 0x08, 0x00
	.byte 0x00, 0x66, 0x04, 0x00, 0x00, 0xF6, 0xFF, 0xFF, 0x24, 0x60, 0xEF, 0x09, 0xF8, 0x5F, 0xEF, 0x09
	.byte 0x10, 0xB5, 0x04, 0x1C, 0x14, 0x30, 0x34, 0xF7, 0xBF, 0xFD, 0xE0, 0x60, 0x20, 0x1C, 0x2C, 0x30
	.byte 0x34, 0xF7, 0xBA, 0xFD, 0x20, 0x61, 0x01, 0x20, 0x10, 0xBC, 0x02, 0xBC, 0x08, 0x47, 0x00, 0x00
	.byte 0xF0, 0xB5, 0x4F, 0x46, 0x46, 0x46, 0xC0, 0xB4, 0x84, 0xB0, 0x06, 0x1C, 0x72, 0x6C, 0x12, 0x12
	.byte 0x1A, 0x48, 0x00, 0x88, 0x12, 0x1A, 0xB1, 0x6C, 0x09, 0x12, 0xF0, 0x6C, 0x00, 0x12, 0x09, 0x18
	.byte 0x17, 0x48, 0x00, 0x88, 0x09, 0x1A, 0x12, 0x04, 0x12, 0x14, 0x90, 0x46, 0x09, 0x04, 0x09, 0x14
	.byte 0x89, 0x46, 0x2E, 0x20, 0x00, 0x90, 0x10, 0x20, 0x01, 0x90, 0x40, 0x46, 0x13, 0x22, 0x11, 0x23
	.byte 0x32, 0xF7, 0x46, 0xFB, 0x00, 0x06, 0x07, 0x0E, 0x00, 0x2F, 0x1B, 0xD0, 0xB0, 0x68, 0x00, 0x28
	.byte 0x5F, 0xD0, 0x31, 0xF7, 0x5F, 0xFE, 0x30, 0x68, 0x31, 0xF7, 0xB4, 0xFC, 0x70, 0x68, 0x31, 0xF7
	.byte 0xB1, 0xFC, 0x00, 0x20, 0xB0, 0x60, 0xF6, 0xF7, 0xAB, 0xFE, 0x00, 0x06, 0x00, 0x28, 0x50, 0xD1
	.byte 0xC1, 0x20, 0x40, 0x00, 0x4E, 0xF0, 0xE4, 0xFF, 0x4B, 0xE0, 0x00, 0x00, 0x0C, 0xC4, 0x03, 0x02
	.byte 0xF8, 0xC3, 0x03, 0x02, 0xB0, 0x68, 0x00, 0x28, 0x15, 0xD1, 0x25, 0x48, 0x20, 0x21, 0x31, 0xF7
	.byte 0x43, 0xFD, 0xB0, 0x60, 0x23, 0x4C, 0xC0, 0x25, 0x6D, 0x00, 0x20, 0x1C, 0x29, 0x1C, 0x31, 0xF7
	.byte 0x83, 0xFB, 0x30, 0x60, 0x20, 0x1C, 0x29, 0x1C, 0x31, 0xF7, 0x7E, 0xFB, 0x70, 0x60, 0xC1, 0x20
	.byte 0x40, 0x00, 0x4E, 0xF0, 0x5F, 0xFF, 0xF2, 0x68, 0x33, 0x68, 0xB0, 0x68, 0x00, 0x90, 0x01, 0x97
	.byte 0x80, 0x25, 0x2D, 0x01, 0x02, 0x95, 0xB1, 0x6C, 0x09, 0x12, 0x89, 0x00, 0x16, 0x4C, 0x20, 0x1C
	.byte 0x40, 0x1A, 0x00, 0x04, 0x00, 0x0C, 0x03, 0x90, 0x40, 0x46, 0x49, 0x46, 0x31, 0xF7, 0x02, 0xFA
	.byte 0x40, 0x46, 0x05, 0x38, 0x00, 0x04, 0x00, 0x14, 0x49, 0x46, 0x05, 0x31, 0x09, 0x04, 0x09, 0x14
	.byte 0x32, 0x69, 0x73, 0x68, 0xB4, 0x68, 0x00, 0x94, 0x01, 0x97, 0x02, 0x95, 0xB5, 0x6C, 0x2D, 0x12
	.byte 0xAD, 0x00, 0x0A, 0x4E, 0x34, 0x1C, 0x64, 0x1B, 0x24, 0x04, 0x24, 0x0C, 0x03, 0x94, 0x31, 0xF7
	.byte 0xE9, 0xF9, 0x04, 0xB0, 0x18, 0xBC, 0x98, 0x46, 0xA1, 0x46, 0xF0, 0xBC, 0x01, 0xBC, 0x00, 0x47
	.byte 0x98, 0x9D, 0x84, 0x09, 0xCE, 0x6A, 0x75, 0x09, 0xFE, 0xEF, 0xFF, 0xFF, 0xFD, 0xEF, 0xFF, 0xFF
	.byte 0x10, 0xB5, 0x04, 0x1C, 0xA0, 0x68, 0x00, 0x28, 0x08, 0xD0, 0x20, 0x68, 0x31, 0xF7, 0x42, 0xFC
	.byte 0x60, 0x68, 0x31, 0xF7, 0x3F, 0xFC, 0xA0, 0x68, 0x31, 0xF7, 0xE4, 0xFD, 0x10, 0xBC, 0x01, 0xBC
	.byte 0x00, 0x47, 0x00, 0x00
	thumb_func_start func_080D1050
func_080D1050: @ 080D1050
	push {lr}
	movs r0, #0x02
	bl func_080D2D50
	lsls r0, r0, #0x18
	cmp r0, #0x00
	beq _080D1070
	ldr r0, _080D106C @ =0x02034E30
	ldr r0, [r0, #0x00]
	ldr r0, [r0, #0x08]
	cmp r0, #0x00
	beq _080D1070
	movs r0, #0x01
	b _080D1072
_080D106C: .4byte 0x02034E30
_080D1070:
	movs r0, #0x00
_080D1072:
	pop {r1}
	bx r1
	.byte 0x00, 0x00
	thumb_func_start func_080D1078
func_080D1078: @ 080D1078
	push {r4, r5, lr}
	add sp, #-0x0D8
	adds r5, r0, #0x0
	ldr r1, _080D10D4 @ =0x096FD778
	mov r0, sp
	movs r2, #0xD8
	bl _0811F030
	bl func_080D1710
	lsls r0, r0, #0x10
	lsrs r4, r0, #0x10
	cmp r4, #0x0D
	bls _080D10A6
	bl func_080065A4
	lsls r0, r0, #0x10
	lsrs r0, r0, #0x10
	movs r1, #0x03
	ands r0, r1
	adds r0, r4, r0
	lsls r0, r0, #0x10
	lsrs r4, r0, #0x10
_080D10A6:
	lsls r1, r4, #0x01
	adds r1, r1, r4
	lsls r1, r1, #0x02
	mov r2, sp
	adds r0, r2, r1
	ldr r0, [r0, #0x00]
	ldr r2, _080D10D8 @ =0x000AB300
	adds r0, r0, r2
	str r0, [r5, #0x00]
	add r0, sp, #0x004
	adds r0, r0, r1
	ldr r0, [r0, #0x00]
	ldr r2, _080D10DC @ =0x00057100
	adds r0, r0, r2
	str r0, [r5, #0x04]
	add r0, sp, #0x008
	adds r0, r0, r1
	ldr r0, [r0, #0x00]
	str r0, [r5, #0x08]
	add sp, #0x0D8
	pop {r4, r5}
	pop {r0}
	bx r0
_080D10D4: .4byte 0x096FD778
_080D10D8: .4byte 0x000AB300
_080D10DC: .4byte 0x00057100
	thumb_func_start task_poo_cabbage_0
task_poo_cabbage_0: @ 080D10E0
	push {r4, r5, r6, r7, lr}
	mov r7, r8
	push {r7}
	adds r7, r0, #0x0
	ldr r0, _080D119C @ =0x00098300
	str r0, [r7, #0x24]
	ldr r0, _080D11A0 @ =0x0004D100
	str r0, [r7, #0x28]
	movs r6, #0x00
	str r6, [r7, #0x2C]
	adds r1, r7, #0x0
	adds r1, #0xC4
	ldr r0, _080D11A4 @ =0x000004CC
	str r0, [r1, #0x00]
	bl func_080065A4
	lsls r0, r0, #0x10
	lsrs r0, r0, #0x10
	movs r1, #0x0F
	ands r0, r1
	adds r0, #0x58
	adds r1, r7, #0x0
	adds r1, #0xC8
	strb r0, [r1, #0x00]
	subs r1, #0x08
	movs r0, #0xE6
	lsls r0, r0, #0x01
	str r0, [r1, #0x00]
	str r6, [r7, #0x04]
	adds r4, r7, #0x0
	adds r4, #0x0C
	ldr r1, _080D11A8 @ =0x09EF6060
	ldr r2, _080D11AC @ =0x09EF602C
	adds r0, r4, #0x0
	bl func_08005968
	adds r1, r7, #0x0
	adds r1, #0xA4
	movs r0, #0x00
	mov r8, r0
	movs r0, #0x02
	strh r0, [r1, #0x00]
	adds r0, r4, #0x0
	movs r1, #0x02
	movs r2, #0x01
	bl func_080059A4
	adds r0, r4, #0x0
	bl func_08005AFC
	str r0, [r7, #0x08]
	adds r4, #0x38
	adds r0, r4, #0x0
	movs r1, #0x0A
	movs r2, #0x08
	movs r3, #0x10
	bl func_080122AC
	ldr r1, [r7, #0x24]
	ldr r2, [r7, #0x28]
	ldr r3, [r7, #0x2C]
	adds r0, r4, #0x0
	bl func_08012324
	adds r0, r7, #0x0
	adds r0, #0xD0
	movs r5, #0x01
	strb r5, [r0, #0x00]
	adds r4, #0x64
	adds r0, r4, #0x0
	movs r1, #0x02
	bl func_08000E64
	adds r1, r7, #0x0
	adds r1, #0x24
	adds r0, r4, #0x0
	movs r2, #0x80
	bl func_080CC178
	adds r0, r7, #0x0
	adds r0, #0xBC
	str r6, [r0, #0x00]
	adds r0, #0x12
	strh r6, [r0, #0x00]
	adds r0, #0x03
	mov r1, r8
	strb r1, [r0, #0x00]
	adds r0, #0x01
	strb r5, [r0, #0x00]
	pop {r3}
	mov r8, r3
	pop {r4, r5, r6, r7}
	pop {r0}
	bx r0
_080D119C: .4byte 0x00098300
_080D11A0: .4byte 0x0004D100
_080D11A4: .4byte 0x000004CC
_080D11A8: .4byte 0x09EF6060
_080D11AC: .4byte 0x09EF602C
	thumb_func_start task_poo_cabbage_1
task_poo_cabbage_1: @ 080D11B0
	push {r4, r5, r6, r7, lr}
	mov r7, r8
	push {r7}
	add sp, #-0x020
	adds r5, r0, #0x0
	ldr r1, _080D11E4 @ =0x096FD850
	mov r0, sp
	movs r2, #0x1E
	bl _0811F030
	adds r1, r5, #0x0
	adds r1, #0xCE
	ldrh r0, [r1, #0x00]
	adds r0, #0x01
	strh r0, [r1, #0x00]
	adds r7, r5, #0x0
	adds r7, #0xA4
	ldrh r0, [r7, #0x00]
	cmp r0, #0x02
	beq _080D11F6
	cmp r0, #0x02
	bgt _080D11E8
	cmp r0, #0x01
	bne _080D11E2
	b _080D1474
_080D11E2:
	b _080D1492
_080D11E4: .4byte 0x096FD850
_080D11E8:
	cmp r0, #0x03
	bne _080D11EE
	b _080D1358
_080D11EE:
	cmp r0, #0x04
	bne _080D11F4
	b _080D13CA
_080D11F4:
	b _080D1492
_080D11F6:
	ldr r0, _080D1290 @ =0x0203C3D8
	ldrb r0, [r0, #0x00]
	cmp r0, #0x00
	beq _080D129C
	movs r0, #0x44
	adds r0, r0, r5
	mov r8, r0
	bl func_080C76B0
	lsls r0, r0, #0x18
	cmp r0, #0x00
	beq _080D129C
	adds r4, r5, #0x0
	adds r4, #0xBC
	ldr r0, [r4, #0x00]
	bl func_08000F48
	lsls r0, r0, #0x18
	adds r6, r5, #0x0
	adds r6, #0xA8
	cmp r0, #0x00
	beq _080D122A
	ldr r1, [r4, #0x00]
	adds r0, r6, #0x0
	bl func_08000DE8
_080D122A:
	ldr r1, _080D1294 @ =0x09EF4BC8
	adds r2, r5, #0x0
	adds r2, #0x24
	adds r0, r6, #0x0
	bl func_08000E14
	str r0, [r4, #0x00]
	movs r0, #0x03
	strh r0, [r7, #0x00]
	adds r0, r5, #0x0
	adds r0, #0x0C
	movs r1, #0x03
	movs r2, #0x00
	bl func_080059A4
	movs r0, #0xDE
	bl func_0811FE70
	adds r1, r5, #0x0
	adds r1, #0xCA
	movs r0, #0x1E
	strh r0, [r1, #0x00]
	adds r1, #0x02
	movs r0, #0x14
	strh r0, [r1, #0x00]
	subs r1, #0x2C
	ldr r0, _080D1298 @ =0xFFFFE000
	str r0, [r1, #0x00]
	adds r0, r5, #0x0
	adds r0, #0x34
	bl func_080D1078
	bl func_080D1710
	adds r1, r5, #0x0
	adds r1, #0xD4
	strh r0, [r1, #0x00]
	bl func_080D16FC
	adds r4, r5, #0x0
	adds r4, #0xD0
	ldrb r0, [r4, #0x00]
	cmp r0, #0x00
	bne _080D1284
	b _080D1492
_080D1284:
	mov r0, r8
	bl func_08012304
	movs r0, #0x00
	strb r0, [r4, #0x00]
	b _080D1492
_080D1290: .4byte 0x0203C3D8
_080D1294: .4byte 0x09EF4BC8
_080D1298: .4byte 0xFFFFE000
_080D129C:
	ldr r4, _080D134C @ =0x08121400
	adds r2, r5, #0x0
	adds r2, #0xC8
	ldrb r0, [r2, #0x00]
	lsls r0, r0, #0x01
	adds r0, r0, r4
	movs r3, #0x00
	ldsh r1, [r0, r3]
	adds r3, r5, #0x0
	adds r3, #0xC0
	ldr r0, [r3, #0x00]
	muls r1, r0
	asrs r1, r1, #0x08
	ldr r0, [r5, #0x24]
	adds r0, r0, r1
	str r0, [r5, #0x24]
	ldrb r0, [r2, #0x00]
	adds r0, #0x40
	lsls r0, r0, #0x01
	adds r0, r0, r4
	movs r1, #0x00
	ldsh r0, [r0, r1]
	negs r0, r0
	ldr r1, [r3, #0x00]
	muls r1, r0
	asrs r1, r1, #0x08
	ldr r0, [r5, #0x28]
	adds r0, r0, r1
	str r0, [r5, #0x28]
	subs r2, #0x04
	ldr r1, [r2, #0x00]
	adds r1, #0x33
	str r1, [r2, #0x00]
	ldr r0, [r5, #0x2C]
	adds r0, r0, r1
	str r0, [r5, #0x2C]
	cmp r0, #0x00
	ble _080D12F8
	movs r0, #0x00
	str r0, [r5, #0x2C]
	ldr r1, [r2, #0x00]
	movs r0, #0xB3
	muls r0, r1
	asrs r0, r0, #0x08
	negs r0, r0
	str r0, [r2, #0x00]
_080D12F8:
	adds r0, r5, #0x0
	adds r0, #0xD1
	ldrb r0, [r0, #0x00]
	cmp r0, #0x00
	bne _080D1304
	b _080D1492
_080D1304:
	ldr r2, [r5, #0x24]
	asrs r2, r2, #0x08
	ldr r0, _080D1350 @ =0x0203C40C
	ldrh r0, [r0, #0x00]
	subs r2, r2, r0
	ldr r1, [r5, #0x28]
	asrs r1, r1, #0x08
	ldr r0, [r5, #0x2C]
	asrs r0, r0, #0x08
	adds r1, r1, r0
	ldr r0, _080D1354 @ =0x0203C3F8
	ldrh r0, [r0, #0x00]
	subs r1, r1, r0
	lsls r1, r1, #0x10
	lsrs r1, r1, #0x10
	lsls r2, r2, #0x10
	movs r3, #0x80
	lsls r3, r3, #0x0D
	adds r2, r2, r3
	movs r0, #0x88
	lsls r0, r0, #0x11
	cmp r2, r0
	bls _080D1334
	b _080D148E
_080D1334:
	lsls r0, r1, #0x10
	asrs r1, r0, #0x10
	movs r0, #0x24
	negs r0, r0
	cmp r1, r0
	bge _080D1342
	b _080D148E
_080D1342:
	cmp r1, #0xC4
	bgt _080D1348
	b _080D1492
_080D1348:
	b _080D148E
	.byte 0x00, 0x00
_080D134C: .4byte 0x08121400
_080D1350: .4byte 0x0203C40C
_080D1354: .4byte 0x0203C3F8
_080D1358:
	adds r4, r5, #0x0
	adds r4, #0xCC
	ldrh r0, [r4, #0x00]
	cmp r0, #0x00
	beq _080D1390
	adds r0, r5, #0x0
	adds r0, #0x2C
	adds r6, r5, #0x0
	adds r6, #0xA0
	ldr r1, [r5, #0x3C]
	ldr r2, [r6, #0x00]
	adds r1, r1, r2
	ldrh r2, [r4, #0x00]
	bl func_080058FC
	ldrh r0, [r4, #0x00]
	subs r0, #0x01
	strh r0, [r4, #0x00]
	lsls r0, r0, #0x10
	lsrs r1, r0, #0x10
	cmp r1, #0x00
	bne _080D1390
	ldr r0, [r6, #0x00]
	cmp r0, #0x00
	bge _080D1390
	movs r0, #0x0A
	strh r0, [r4, #0x00]
	str r1, [r6, #0x00]
_080D1390:
	adds r0, r5, #0x0
	adds r0, #0x24
	ldr r1, [r5, #0x34]
	adds r4, r5, #0x0
	adds r4, #0xCA
	ldrh r2, [r4, #0x00]
	bl func_080058FC
	adds r0, r5, #0x0
	adds r0, #0x28
	ldr r1, [r5, #0x38]
	ldrh r2, [r4, #0x00]
	bl func_080058FC
	ldrh r0, [r4, #0x00]
	subs r0, #0x01
	strh r0, [r4, #0x00]
	lsls r0, r0, #0x10
	cmp r0, #0x00
	bne _080D1492
	adds r0, r5, #0x0
	adds r0, #0xA4
	movs r1, #0x04
	strh r1, [r0, #0x00]
	subs r0, #0x98
	movs r2, #0x00
	bl func_080059A4
	b _080D1492
_080D13CA:
	movs r0, #0x04
	bl func_080D2D50
	lsls r0, r0, #0x18
	cmp r0, #0x00
	bne _080D13F2
	adds r0, r5, #0x0
	adds r0, #0xD4
	ldrh r0, [r0, #0x00]
	cmp r0, #0x0D
	bne _080D13F2
	movs r0, #0x8E
	bl func_080C7B84
	movs r0, #0x04
	bl func_080D2D3C
	movs r0, #0x53
	bl func_0800FDD0
_080D13F2:
	adds r6, r5, #0x0
	adds r6, #0x0C
	adds r0, r6, #0x0
	bl func_08005B1C
	lsls r0, r0, #0x18
	cmp r0, #0x00
	beq _080D1492
	adds r1, r5, #0x0
	adds r1, #0xA4
	movs r4, #0x00
	movs r7, #0x00
	movs r0, #0x01
	strh r0, [r1, #0x00]
	adds r0, r6, #0x0
	movs r1, #0x01
	movs r2, #0x00
	bl func_080059A4
	bl func_080D171C
	adds r0, r5, #0x0
	adds r0, #0xD2
	strb r4, [r0, #0x00]
	adds r0, #0x02
	ldrh r0, [r0, #0x00]
	cmp r0, #0x05
	bne _080D1448
	ldr r0, _080D143C @ =0x000AB300
	str r0, [r5, #0x24]
	ldr r0, _080D1440 @ =0x00057100
	str r0, [r5, #0x28]
	str r7, [r5, #0x2C]
	ldr r0, _080D1444 @ =0x09756D86
	str r0, [r5, #0x08]
	b _080D1492
	.byte 0x00, 0x00
_080D143C: .4byte 0x000AB300
_080D1440: .4byte 0x00057100
_080D1444: .4byte 0x09756D86
_080D1448:
	cmp r0, #0x08
	bne _080D1468
	ldr r0, _080D145C @ =0x000AB300
	str r0, [r5, #0x24]
	ldr r0, _080D1460 @ =0x00057100
	str r0, [r5, #0x28]
	str r7, [r5, #0x2C]
	ldr r0, _080D1464 @ =0x09756D90
	str r0, [r5, #0x08]
	b _080D1492
_080D145C: .4byte 0x000AB300
_080D1460: .4byte 0x00057100
_080D1464: .4byte 0x09756D90
_080D1468:
	ldr r0, _080D1470 @ =0x09756C78
	str r0, [r5, #0x08]
	b _080D1492
	.byte 0x00, 0x00
_080D1470: .4byte 0x09756C78
_080D1474:
	adds r0, r5, #0x0
	adds r0, #0xD4
	ldrh r0, [r0, #0x00]
	lsls r0, r0, #0x01
	mov r1, sp
	adds r4, r1, r0
	bl func_080D172C
	ldrh r1, [r4, #0x00]
	lsls r0, r0, #0x10
	lsrs r0, r0, #0x10
	cmp r1, r0
	bcs _080D1492
_080D148E:
	movs r0, #0x00
	b _080D1494
_080D1492:
	movs r0, #0x01
_080D1494:
	add sp, #0x020
	pop {r3}
	mov r8, r3
	pop {r4, r5, r6, r7}
	pop {r1}
	bx r1
	thumb_func_start task_poo_cabbage_2
task_poo_cabbage_2: @ 080D14A0
	push {r4, r5, r6, r7, lr}
	add sp, #-0x01C
	adds r5, r0, #0x0
	ldr r1, _080D150C @ =0x096FD86E
	add r0, sp, #0x010
	movs r2, #0x0A
	bl _0811F030
	ldr r2, [r5, #0x24]
	asrs r2, r2, #0x08
	ldr r0, _080D1510 @ =0x0203C40C
	ldrh r0, [r0, #0x00]
	subs r2, r2, r0
	lsls r2, r2, #0x10
	ldr r1, [r5, #0x28]
	asrs r1, r1, #0x08
	ldr r0, [r5, #0x2C]
	asrs r0, r0, #0x08
	adds r1, r1, r0
	ldr r0, _080D1514 @ =0x0203C3F8
	ldrh r0, [r0, #0x00]
	subs r1, r1, r0
	lsls r1, r1, #0x10
	lsrs r1, r1, #0x10
	lsrs r7, r2, #0x10
	movs r0, #0x80
	lsls r0, r0, #0x0D
	adds r2, r2, r0
	movs r0, #0x88
	lsls r0, r0, #0x11
	cmp r2, r0
	bhi _080D14F2
	lsls r0, r1, #0x10
	asrs r2, r0, #0x10
	movs r1, #0x24
	negs r1, r1
	adds r4, r0, #0x0
	cmp r2, r1
	blt _080D14F2
	cmp r2, #0xC4
	ble _080D1518
_080D14F2:
	ldr r0, [r5, #0x04]
	cmp r0, #0x00
	beq _080D15E2
	ldr r0, [r5, #0x00]
	bl func_080028C0
	ldr r0, [r5, #0x04]
	bl func_08002C10
	movs r0, #0x00
	str r0, [r5, #0x04]
	b _080D15E2
	.byte 0x00, 0x00
_080D150C: .4byte 0x096FD86E
_080D1510: .4byte 0x0203C40C
_080D1514: .4byte 0x0203C3F8
_080D1518:
	ldr r0, [r5, #0x04]
	cmp r0, #0x00
	bne _080D1534
	ldr r0, _080D1584 @ =0x09756E28
	movs r1, #0xE9
	lsls r1, r1, #0x05
	bl func_080026A4
	str r0, [r5, #0x00]
	ldr r0, _080D1588 @ =0x09849DB8
	movs r1, #0x20
	bl func_08002A14
	str r0, [r5, #0x04]
_080D1534:
	adds r0, r5, #0x0
	adds r0, #0xD2
	ldrb r0, [r0, #0x00]
	cmp r0, #0x00
	beq _080D1548
	adds r0, r5, #0x0
	adds r0, #0x0C
	bl func_08005A64
	str r0, [r5, #0x08]
_080D1548:
	adds r1, r5, #0x0
	adds r1, #0xD1
	movs r0, #0x01
	strb r0, [r1, #0x00]
	adds r0, r5, #0x0
	adds r0, #0xD0
	ldrb r0, [r0, #0x00]
	cmp r0, #0x00
	beq _080D1568
	adds r0, r5, #0x0
	adds r0, #0x44
	ldr r1, [r5, #0x24]
	ldr r2, [r5, #0x28]
	ldr r3, [r5, #0x2C]
	bl func_08012324
_080D1568:
	adds r1, r5, #0x0
	adds r1, #0xD4
	ldrh r0, [r1, #0x00]
	subs r0, #0x09
	lsls r0, r0, #0x10
	lsrs r0, r0, #0x10
	cmp r0, #0x04
	bls _080D1590
	ldr r1, [r5, #0x28]
	asrs r1, r1, #0x08
	lsls r1, r1, #0x02
	ldr r2, _080D158C @ =0xFFFFEFFC
	b _080D159E
	.byte 0x00, 0x00
_080D1584: .4byte 0x09756E28
_080D1588: .4byte 0x09849DB8
_080D158C: .4byte 0xFFFFEFFC
_080D1590:
	ldrh r0, [r1, #0x00]
	subs r0, #0x09
	lsls r0, r0, #0x01
	add r0, sp
	adds r0, #0x10
	ldrh r1, [r0, #0x00]
	ldr r2, _080D15EC @ =0x0000DA38
_080D159E:
	adds r0, r2, #0x0
	subs r0, r0, r1
	lsls r0, r0, #0x10
	lsrs r6, r0, #0x10
	lsls r0, r7, #0x10
	asrs r0, r0, #0x10
	asrs r1, r4, #0x10
	ldr r2, [r5, #0x08]
	ldr r3, [r5, #0x00]
	ldr r4, [r5, #0x04]
	str r4, [sp, #0x000]
	movs r4, #0x00
	str r4, [sp, #0x004]
	movs r4, #0x80
	lsls r4, r4, #0x04
	str r4, [sp, #0x008]
	str r6, [sp, #0x00C]
	bl func_080023E0
	adds r0, r5, #0x0
	adds r0, #0xA4
	ldrh r0, [r0, #0x00]
	cmp r0, #0x04
	beq _080D15E2
	cmp r0, #0x01
	beq _080D15E2
	adds r4, r5, #0x0
	adds r4, #0xA8
	adds r0, r4, #0x0
	bl func_08000EA4
	adds r0, r4, #0x0
	bl func_08000EE0
_080D15E2:
	add sp, #0x01C
	pop {r4, r5, r6, r7}
	pop {r0}
	bx r0
	.byte 0x00, 0x00
_080D15EC: .4byte 0x0000DA38
	thumb_func_start task_poo_cabbage_3
task_poo_cabbage_3: @ 080D15F0
	push {r4, lr}
	adds r4, r0, #0x0
	ldr r0, [r4, #0x04]
	cmp r0, #0x00
	beq _080D1606
	ldr r0, [r4, #0x00]
	bl func_080028C0
	ldr r0, [r4, #0x04]
	bl func_08002C10
_080D1606:
	adds r0, r4, #0x0
	adds r0, #0xD0
	ldrb r0, [r0, #0x00]
	cmp r0, #0x00
	beq _080D1618
	adds r0, r4, #0x0
	adds r0, #0x44
	bl func_08012304
_080D1618:
	adds r0, r4, #0x0
	adds r0, #0xA8
	bl func_08000F0C
	pop {r4}
	pop {r0}
	bx r0
	.byte 0x00, 0x00
	thumb_func_start task_poo_cabbageborn_0
task_poo_cabbageborn_0: @ 080D1628
	push {r4, lr}
	adds r4, r0, #0x0
	movs r1, #0x20
	bl func_08000E64
	movs r1, #0x00
	strh r1, [r4, #0x14]
	strh r1, [r4, #0x16]
	ldr r0, _080D1648 @ =0x02034E34
	strh r1, [r0, #0x00]
	ldr r0, _080D164C @ =0x02034E36
	strh r1, [r0, #0x00]
	pop {r4}
	pop {r0}
	bx r0
	.byte 0x00, 0x00
_080D1648: .4byte 0x02034E34
_080D164C: .4byte 0x02034E36
	thumb_func_start func_080D1650
func_080D1650: @ 080D1650
	push {lr}
	movs r0, #0x06
	bl func_080D2D50
	lsls r0, r0, #0x18
	cmp r0, #0x00
	beq _080D169C
	bl func_080C9910
	lsls r0, r0, #0x18
	cmp r0, #0x00
	bne _080D169C
	ldr r0, _080D1690 @ =0x0203C40C
	ldrh r1, [r0, #0x00]
	ldr r0, _080D1694 @ =0x000009EB
	cmp r1, r0
	bls _080D169C
	adds r0, #0x9F
	cmp r1, r0
	bhi _080D169C
	ldr r0, _080D1698 @ =0x0203C3F8
	ldrh r1, [r0, #0x00]
	movs r0, #0xA9
	lsls r0, r0, #0x03
	cmp r1, r0
	bhi _080D169C
	subs r0, #0x4F
	cmp r1, r0
	bls _080D169C
	movs r0, #0x01
	b _080D169E
	.byte 0x00, 0x00
_080D1690: .4byte 0x0203C40C
_080D1694: .4byte 0x000009EB
_080D1698: .4byte 0x0203C3F8
_080D169C:
	movs r0, #0x00
_080D169E:
	pop {r1}
	bx r1
	.byte 0x00, 0x00
	thumb_func_start task_poo_cabbageborn_1
task_poo_cabbageborn_1: @ 080D16A4
	push {r4, lr}
	adds r4, r0, #0x0
	bl func_080D1650
	lsls r0, r0, #0x18
	cmp r0, #0x00
	beq _080D16C6
	ldrh r0, [r4, #0x16]
	cmp r0, #0x00
	bne _080D16CC
	ldr r1, _080D16E0 @ =0x09EF4C10
	adds r0, r4, #0x0
	movs r2, #0x00
	bl func_08000E14
	movs r0, #0x28
	strh r0, [r4, #0x16]
_080D16C6:
	ldrh r0, [r4, #0x16]
	cmp r0, #0x00
	beq _080D16D0
_080D16CC:
	subs r0, #0x01
	strh r0, [r4, #0x16]
_080D16D0:
	adds r0, r4, #0x0
	bl func_08000EA4
	movs r0, #0x01
	pop {r4}
	pop {r1}
	bx r1
	.byte 0x00, 0x00
_080D16E0: .4byte 0x09EF4C10
	thumb_func_start task_poo_cabbageborn_2
task_poo_cabbageborn_2: @ 080D16E4
	push {lr}
	bl func_08000EE0
	pop {r0}
	bx r0
	.byte 0x00, 0x00
	thumb_func_start task_poo_cabbageborn_3
task_poo_cabbageborn_3: @ 080D16F0
	push {lr}
	bl func_08000F0C
	pop {r0}
	bx r0
	.byte 0x00, 0x00
	thumb_func_start func_080D16FC
func_080D16FC: @ 080D16FC
	ldr r1, _080D170C @ =0x02034E34
	ldrh r0, [r1, #0x00]
	cmp r0, #0x0D
	bhi _080D1708
	adds r0, #0x01
	strh r0, [r1, #0x00]
_080D1708:
	bx lr
	.byte 0x00, 0x00
_080D170C: .4byte 0x02034E34
	thumb_func_start func_080D1710
func_080D1710: @ 080D1710
	ldr r0, _080D1718 @ =0x02034E34
	ldrh r0, [r0, #0x00]
	bx lr
	.byte 0x00, 0x00
_080D1718: .4byte 0x02034E34
	thumb_func_start func_080D171C
func_080D171C: @ 080D171C
	ldr r1, _080D1728 @ =0x02034E36
	ldrh r0, [r1, #0x00]
	adds r0, #0x01
	strh r0, [r1, #0x00]
	bx lr
	.byte 0x00, 0x00
_080D1728: .4byte 0x02034E36
	thumb_func_start func_080D172C
func_080D172C: @ 080D172C
	ldr r0, _080D1734 @ =0x02034E36
	ldrh r0, [r0, #0x00]
	bx lr
	.byte 0x00, 0x00
_080D1734: .4byte 0x02034E36
	.byte 0x00, 0xB5, 0x04, 0x20, 0x01, 0xF0, 0x08, 0xFB, 0x00, 0x06, 0x00, 0x28, 0x10, 0xD1, 0x06, 0x20
	.byte 0x01, 0xF0, 0x02, 0xFB, 0x00, 0x06, 0x00, 0x28, 0x0A, 0xD0, 0x03, 0x48, 0x01, 0x88, 0x03, 0x48
	.byte 0x81, 0x42, 0x05, 0xD9, 0x01, 0x20, 0x04, 0xE0, 0xF8, 0xC3, 0x03, 0x02, 0xF9, 0x04, 0x00, 0x00
	.byte 0x00, 0x20, 0x02, 0xBC, 0x08, 0x47, 0x00, 0x00, 0x70, 0xB5, 0x06, 0x1C, 0x08, 0x68, 0x70, 0x62
	.byte 0x48, 0x68, 0xB0, 0x62, 0x00, 0x24, 0xF4, 0x62, 0x32, 0x1C, 0x98, 0x32, 0x48, 0x69, 0x10, 0x60
	.byte 0x0A, 0x8B, 0x30, 0x1C, 0x9C, 0x30, 0x00, 0x25, 0x02, 0x80, 0x09, 0x69, 0x71, 0x63, 0xC8, 0x68
	.byte 0x89, 0x88, 0x31, 0xF7, 0xC3, 0xFE, 0x70, 0x87, 0x74, 0x60, 0x34, 0x1C, 0x0C, 0x34, 0x70, 0x6B
	.byte 0x81, 0x68, 0xC2, 0x68, 0x20, 0x1C, 0x34, 0xF7, 0xDB, 0xF8, 0x20, 0x1C, 0x00, 0x21, 0x01, 0x22
	.byte 0x34, 0xF7, 0xF4, 0xF8, 0x20, 0x1C, 0x34, 0xF7, 0x9D, 0xF9, 0xB0, 0x60, 0x80, 0x22, 0x52, 0x01
	.byte 0xF2, 0x64, 0xC0, 0x20, 0x40, 0x01, 0x30, 0x65, 0x30, 0x1C, 0x3C, 0x30, 0x71, 0x6A, 0x89, 0x18
	.byte 0xB2, 0x6A, 0xC0, 0x23, 0x1B, 0x01, 0xD2, 0x18, 0xF3, 0x6A, 0x40, 0xF7, 0x9F, 0xFD, 0x30, 0x1C
	.byte 0x38, 0x30, 0x05, 0x70, 0x70, 0xBC, 0x01, 0xBC, 0x00, 0x47, 0x00, 0x00, 0x70, 0xB5, 0x81, 0xB0
	.byte 0x05, 0x1C, 0x00, 0x20, 0x01, 0xF0, 0x88, 0xFB, 0x1E, 0x48, 0x00, 0x78, 0x00, 0x28, 0x3E, 0xD0
	.byte 0x28, 0x1C, 0x3C, 0x30, 0xF5, 0xF7, 0x50, 0xFF, 0x00, 0x06, 0x00, 0x28, 0x37, 0xD0, 0x28, 0x1C
	.byte 0x38, 0x30, 0x01, 0x78, 0x06, 0x1C, 0x00, 0x29, 0x37, 0xD1, 0x01, 0x20, 0x30, 0x70, 0x28, 0x1C
	.byte 0x0C, 0x30, 0x34, 0xF7, 0x9B, 0xF9, 0x2C, 0x1C, 0x9C, 0x34, 0x20, 0x88, 0x01, 0xF0, 0xF2, 0xF9
	.byte 0x00, 0x06, 0x00, 0x28, 0x13, 0xD1, 0x6A, 0x6A, 0x80, 0x20, 0x40, 0x01, 0x12, 0x18, 0xAB, 0x6A
	.byte 0xC0, 0x20, 0x40, 0x01, 0x1B, 0x18, 0xE8, 0x6A, 0x00, 0x90, 0x02, 0x20, 0x01, 0x21, 0xF6, 0xF7
	.byte 0xCF, 0xF9, 0x00, 0x04, 0x00, 0x28, 0x02, 0xD0, 0x20, 0x88, 0x01, 0xF0, 0xC9, 0xF9, 0x28, 0x1C
	.byte 0x98, 0x30, 0x00, 0x68, 0x04, 0x28, 0x07, 0xD1, 0xA3, 0x20, 0x40, 0x00, 0x4E, 0xF0, 0xFC, 0xFA
	.byte 0x05, 0xE0, 0x00, 0x00, 0xD8, 0xC3, 0x03, 0x02, 0xE0, 0x20, 0x4E, 0xF0, 0xF5, 0xFA, 0x28, 0x1C
	.byte 0x38, 0x30, 0x01, 0x78, 0x06, 0x1C, 0x00, 0x29, 0x0D, 0xD0, 0x2C, 0x1C, 0x0C, 0x34, 0x20, 0x1C
	.byte 0x34, 0xF7, 0xE4, 0xF8, 0xA8, 0x60, 0x20, 0x1C, 0x34, 0xF7, 0x3C, 0xF9, 0x00, 0x06, 0x00, 0x28
	.byte 0x01, 0xD0, 0x00, 0x20, 0x30, 0x70, 0x01, 0x20, 0x01, 0xB0, 0x70, 0xBC, 0x02, 0xBC, 0x08, 0x47
	.byte 0xF0, 0xB5, 0x84, 0xB0, 0x04, 0x1C, 0x60, 0x6A, 0x00, 0x12, 0x17, 0x49, 0x09, 0x88, 0x40, 0x1A
	.byte 0x00, 0x04, 0x02, 0x0C, 0xA0, 0x6A, 0x00, 0x12, 0x14, 0x49, 0x09, 0x88, 0x40, 0x1A, 0x00, 0x04
	.byte 0x01, 0x0C, 0x20, 0x1C, 0x38, 0x30, 0x00, 0x78, 0x00, 0x28, 0x11, 0xD0, 0x10, 0x04, 0x07, 0x14
	.byte 0x08, 0x04, 0x06, 0x14, 0x00, 0x20, 0x00, 0x90, 0x20, 0x20, 0x01, 0x90, 0x38, 0x1C, 0x31, 0x1C
	.byte 0x00, 0x22, 0x18, 0x23, 0x31, 0xF7, 0x66, 0xFE, 0x00, 0x06, 0x05, 0x0E, 0x00, 0x2D, 0x0F, 0xD0
	.byte 0x60, 0x68, 0x00, 0x28, 0x2C, 0xD0, 0x20, 0x68, 0x30, 0xF7, 0xD6, 0xFF, 0x60, 0x68, 0x31, 0xF7
	.byte 0x7B, 0xF9, 0x00, 0x20, 0x60, 0x60, 0x23, 0xE0, 0x0C, 0xC4, 0x03, 0x02, 0xF8, 0xC3, 0x03, 0x02
	.byte 0x60, 0x68, 0x00, 0x28, 0x0B, 0xD1, 0x60, 0x8F, 0x61, 0x6B, 0x09, 0x68, 0x30, 0xF7, 0xE0, 0xFF
	.byte 0x20, 0x60, 0x60, 0x6B, 0x00, 0x69, 0x20, 0x21, 0x31, 0xF7, 0x68, 0xF8, 0x60, 0x60, 0x80, 0x21
	.byte 0x09, 0x01, 0xA2, 0x68, 0x23, 0x68, 0x60, 0x68, 0x00, 0x90, 0x01, 0x95, 0x02, 0x91, 0x06, 0x48
	.byte 0x03, 0x90, 0x38, 0x1C, 0x31, 0x1C, 0x30, 0xF7, 0x3F, 0xFD, 0x01, 0x20, 0x01, 0xF0, 0xD4, 0xFA
	.byte 0x04, 0xB0, 0xF0, 0xBC, 0x01, 0xBC, 0x00, 0x47, 0xF1, 0xFF, 0x00, 0x00, 0x10, 0xB5, 0x04, 0x1C
	.byte 0x60, 0x68, 0x00, 0x28, 0x04, 0xD0, 0x31, 0xF7, 0x47, 0xF9, 0x20, 0x68, 0x30, 0xF7, 0x9C, 0xFF
	.byte 0x10, 0xBC, 0x01, 0xBC, 0x00, 0x47, 0x00, 0x00
	thumb_func_start func_080D1990
func_080D1990: @ 080D1990
	push {r4, lr}
	add sp, #-0x01C
	ldr r4, [sp, #0x024]
	str r2, [sp, #0x000]
	str r3, [sp, #0x004]
	lsls r2, r1, #0x02
	adds r2, r2, r1
	lsls r2, r2, #0x02
	ldr r3, _080D19BC @ =0x096FD8A4
	adds r2, r2, r3
	str r2, [sp, #0x010]
	str r1, [sp, #0x014]
	mov r1, sp
	strh r4, [r1, #0x18]
	ldr r1, _080D19C0 @ =0x09EF4C40
	mov r2, sp
	bl func_08000E14
	add sp, #0x01C
	pop {r4}
	pop {r0}
	bx r0
_080D19BC: .4byte 0x096FD8A4
_080D19C0: .4byte 0x09EF4C40
	.byte 0x70, 0xB5, 0x05, 0x1C, 0x84, 0x30, 0x01, 0x68, 0x38, 0x31, 0x01, 0x60, 0xA8, 0x68, 0x40, 0x18
	.byte 0xA8, 0x60, 0x18, 0x4B, 0x2E, 0x1C, 0x8C, 0x36, 0x30, 0x78, 0x40, 0x00, 0xC0, 0x18, 0x00, 0x22
	.byte 0x81, 0x5E, 0x2A, 0x1C, 0x88, 0x32, 0x10, 0x68, 0x41, 0x43, 0x09, 0x12, 0x28, 0x68, 0x40, 0x18
	.byte 0x28, 0x60, 0x30, 0x78, 0x40, 0x30, 0x40, 0x00, 0xC0, 0x18, 0x00, 0x24, 0x00, 0x5F, 0x40, 0x42
	.byte 0x11, 0x68, 0x41, 0x43, 0x09, 0x12, 0x68, 0x68, 0x40, 0x18, 0x68, 0x60, 0x28, 0x1C, 0xF8, 0xF7
	.byte 0xC5, 0xFC, 0x00, 0x06, 0x00, 0x0E, 0x00, 0x28, 0x0E, 0xD0, 0x34, 0xF7, 0xC1, 0xFD, 0x34, 0x78
	.byte 0x64, 0x34, 0x00, 0x04, 0x00, 0x0C, 0x39, 0x21, 0x4B, 0xF0, 0xCE, 0xFE, 0x00, 0x19, 0x30, 0x70
	.byte 0x03, 0xE0, 0x00, 0x00, 0x00, 0x14, 0x12, 0x08, 0xE8, 0x60, 0xA8, 0x68, 0xE9, 0x68, 0x88, 0x42
	.byte 0x0E, 0xDD, 0xA9, 0x60, 0x2A, 0x1C, 0x84, 0x32, 0x11, 0x68, 0xB3, 0x20, 0x48, 0x43, 0x00, 0x12
	.byte 0x40, 0x42, 0x10, 0x60, 0x04, 0x32, 0x11, 0x68, 0xD4, 0x20, 0x48, 0x43, 0x00, 0x12, 0x10, 0x60
	.byte 0x28, 0x1C, 0x3C, 0x30, 0x00, 0x78, 0x2E, 0x1C, 0x10, 0x36, 0x00, 0x28, 0x66, 0xD0, 0x30, 0x1C
	.byte 0x01, 0x21, 0x40, 0xF7, 0xF3, 0xFD, 0x00, 0x06, 0x00, 0x28, 0x5F, 0xD0, 0x28, 0x1C, 0x80, 0x30
	.byte 0x00, 0x88, 0x00, 0x28, 0x1A, 0xDB, 0x01, 0x28, 0x18, 0xDD, 0x03, 0x28, 0x16, 0xDC, 0x6B, 0x20
	.byte 0x4E, 0xF0, 0xEC, 0xF9, 0x07, 0x48, 0xBA, 0x21, 0x49, 0x00, 0x42, 0x18, 0x28, 0x1C, 0x94, 0x30
	.byte 0x01, 0x88, 0x10, 0x68, 0x40, 0x18, 0x10, 0x60, 0x03, 0x49, 0x88, 0x42, 0x1A, 0xD9, 0x11, 0x60
	.byte 0x18, 0xE0, 0x00, 0x00, 0xB0, 0x9B, 0x03, 0x02, 0x9F, 0x86, 0x01, 0x00, 0x6B, 0x20, 0x4E, 0xF0
	.byte 0xD5, 0xF9, 0x1B, 0x4A, 0x28, 0x1C, 0x94, 0x30, 0x00, 0x88, 0x54, 0x8E, 0x00, 0x19, 0x50, 0x86
	.byte 0x11, 0x1C, 0xF8, 0x31, 0x00, 0x04, 0x00, 0x14, 0x0B, 0x88, 0x00, 0x24, 0x09, 0x5F, 0x88, 0x42
	.byte 0x00, 0xDD, 0x53, 0x86, 0x13, 0x48, 0xE8, 0x67, 0x29, 0x1C, 0x82, 0x31, 0x00, 0x20, 0x08, 0x80
	.byte 0x11, 0x49, 0x08, 0x68, 0x49, 0x68, 0x2A, 0x68, 0x6B, 0x68, 0x4B, 0xF7, 0x35, 0xF8, 0x29, 0x1C
	.byte 0x8C, 0x31, 0x08, 0x70, 0x0B, 0x31, 0x01, 0x20, 0x08, 0x70, 0x01, 0x39, 0x08, 0x70, 0x34, 0xF7
	.byte 0x47, 0xFD, 0x00, 0x04, 0x00, 0x0C, 0x06, 0x21, 0x4B, 0xF0, 0x56, 0xFE, 0x05, 0x30, 0x29, 0x1C
	.byte 0x8D, 0x31, 0x08, 0x70, 0x30, 0x1C, 0x01, 0x21, 0x40, 0xF7, 0x72, 0xFD, 0x2D, 0xE0, 0x00, 0x00
	.byte 0xB0, 0x9B, 0x03, 0x02, 0x95, 0x1B, 0x0D, 0x08, 0x20, 0xC4, 0x03, 0x02, 0x29, 0x68, 0x6A, 0x68
	.byte 0xAB, 0x68, 0x30, 0x1C, 0x40, 0xF7, 0xEC, 0xFB, 0x28, 0x1C, 0x82, 0x30, 0x01, 0x88, 0x04, 0x1C
	.byte 0x14, 0x29, 0x03, 0xD1, 0x30, 0x1C, 0x00, 0x21, 0x40, 0xF7, 0x5A, 0xFD, 0x21, 0x88, 0xD2, 0x20
	.byte 0x40, 0x00, 0x81, 0x42, 0x07, 0xD9, 0x00, 0x22, 0x29, 0x1C, 0x96, 0x31, 0x08, 0x78, 0x00, 0x28
	.byte 0x00, 0xD1, 0x01, 0x22, 0x0A, 0x70, 0x20, 0x88, 0x41, 0x1C, 0x21, 0x80, 0x00, 0x04, 0xF0, 0x21
	.byte 0x49, 0x04, 0x88, 0x42, 0x01, 0xD9, 0x00, 0x20, 0xE8, 0x67, 0x70, 0xBC, 0x01, 0xBC, 0x00, 0x47
	.byte 0xF0, 0xB5, 0x47, 0x46, 0x80, 0xB4, 0x84, 0x46, 0x22, 0x4D, 0x23, 0x49, 0x8C, 0x20, 0x60, 0x44
	.byte 0x80, 0x46, 0x04, 0x78, 0x60, 0x00, 0x40, 0x18, 0x00, 0x22, 0x80, 0x5E, 0x40, 0x01, 0x66, 0x46
	.byte 0x90, 0x36, 0x32, 0x68, 0x50, 0x43, 0x00, 0x12, 0x2B, 0x68, 0x1B, 0x18, 0x20, 0x1C, 0x40, 0x30
	.byte 0x40, 0x00, 0x40, 0x18, 0x00, 0x21, 0x40, 0x5E, 0x40, 0x42, 0x16, 0x21, 0x48, 0x43, 0x50, 0x43
	.byte 0x00, 0x12, 0x6A, 0x68, 0x12, 0x18, 0x67, 0x46, 0x82, 0x37, 0x38, 0x88, 0x40, 0x08, 0x00, 0x02
	.byte 0xA9, 0x68, 0x09, 0x1A, 0x60, 0x46, 0x8D, 0x30, 0x00, 0x78, 0x24, 0x18, 0x00, 0x25, 0x40, 0x46
	.byte 0x04, 0x70, 0x64, 0x46, 0x20, 0x68, 0x1B, 0x1A, 0x9B, 0x10, 0xC0, 0x18, 0x20, 0x60, 0x60, 0x68
	.byte 0x12, 0x1A, 0x92, 0x10, 0x80, 0x18, 0x60, 0x60, 0xA0, 0x68, 0x09, 0x1A, 0x89, 0x10, 0x40, 0x18
	.byte 0xA0, 0x60, 0xE5, 0x60, 0x30, 0x68, 0x02, 0x38, 0x30, 0x60, 0x38, 0x88, 0x3C, 0x28, 0x05, 0xD9
	.byte 0xE5, 0x67, 0x05, 0xE0, 0x20, 0xC4, 0x03, 0x02, 0x00, 0x14, 0x12, 0x08, 0x01, 0x30, 0x38, 0x80
	.byte 0x08, 0xBC, 0x98, 0x46, 0xF0, 0xBC, 0x01, 0xBC, 0x00, 0x47, 0x00, 0x00
	thumb_func_start task_poo_prize_0
task_poo_prize_0: @ 080D1C40
	push {r4, r5, r6, lr}
	adds r6, r0, #0x0
	adds r5, r1, #0x0
	ldr r0, [r5, #0x04]
	str r0, [r6, #0x00]
	ldr r0, [r5, #0x08]
	str r0, [r6, #0x04]
	ldr r0, [r5, #0x0C]
	str r0, [r6, #0x08]
	movs r0, #0x00
	str r0, [r6, #0x0C]
	bl func_080065A4
	adds r4, r6, #0x0
	adds r4, #0x84
	lsls r0, r0, #0x10
	lsrs r0, r0, #0x10
	ldr r1, _080D1CD4 @ =0x00000301
	bl func_0811D7CC
	lsls r0, r0, #0x10
	lsrs r0, r0, #0x10
	movs r1, #0x80
	lsls r1, r1, #0x02
	adds r0, r0, r1
	negs r0, r0
	str r0, [r4, #0x00]
	bl func_080065A4
	adds r4, #0x04
	lsls r0, r0, #0x10
	lsrs r0, r0, #0x10
	movs r1, #0x9B
	bl func_0811D7CC
	lsls r0, r0, #0x10
	lsrs r0, r0, #0x10
	adds r0, #0x99
	str r0, [r4, #0x00]
	bl func_080065A4
	adds r1, r6, #0x0
	adds r1, #0x8C
	strb r0, [r1, #0x00]
	ldr r0, _080D1CD8 @ =0x098A5CF4
	movs r1, #0xB0
	lsls r1, r1, #0x01
	bl func_080026A4
	str r0, [r6, #0x6C]
	ldr r0, _080D1CDC @ =0x08F69BE4
	movs r1, #0x20
	bl func_08002A14
	str r0, [r6, #0x70]
	ldrh r1, [r5, #0x14]
	adds r0, r6, #0x0
	adds r0, #0x80
	strh r1, [r0, #0x00]
	ldrh r0, [r0, #0x00]
	cmp r0, #0x01
	beq _080D1CF4
	cmp r0, #0x01
	ble _080D1D04
	cmp r0, #0x02
	beq _080D1CE4
	cmp r0, #0x03
	bne _080D1D04
	ldr r0, _080D1CE0 @ =0x098A5CAE
	str r0, [r6, #0x74]
	adds r1, r6, #0x0
	adds r1, #0x94
	movs r0, #0x0A
	b _080D1D0E
_080D1CD4: .4byte 0x00000301
_080D1CD8: .4byte 0x098A5CF4
_080D1CDC: .4byte 0x08F69BE4
_080D1CE0: .4byte 0x098A5CAE
_080D1CE4:
	ldr r0, _080D1CF0 @ =0x098A5CA4
	str r0, [r6, #0x74]
	adds r1, r6, #0x0
	adds r1, #0x94
	movs r0, #0x04
	b _080D1D0E
_080D1CF0: .4byte 0x098A5CA4
_080D1CF4:
	ldr r0, _080D1D00 @ =0x098A5C9A
	str r0, [r6, #0x74]
	adds r1, r6, #0x0
	adds r1, #0x94
	movs r0, #0x0A
	b _080D1D0E
_080D1D00: .4byte 0x098A5C9A
_080D1D04:
	ldr r0, _080D1D64 @ =0x098A5C90
	str r0, [r6, #0x74]
	adds r1, r6, #0x0
	adds r1, #0x94
	movs r0, #0x03
_080D1D0E:
	strh r0, [r1, #0x00]
	ldr r0, _080D1D68 @ =0x098A5CB8
	str r0, [r6, #0x78]
	adds r0, r6, #0x0
	adds r0, #0x97
	movs r1, #0x00
	strb r1, [r0, #0x00]
	adds r2, r6, #0x0
	adds r2, #0x96
	movs r0, #0x01
	strb r0, [r2, #0x00]
	adds r0, r6, #0x0
	adds r0, #0x82
	strh r1, [r0, #0x00]
	ldr r0, _080D1D6C @ =0x080D19C5
	str r0, [r6, #0x7C]
	adds r1, r6, #0x0
	adds r1, #0x90
	movs r0, #0x80
	lsls r0, r0, #0x01
	str r0, [r1, #0x00]
	adds r4, r6, #0x0
	adds r4, #0x10
	adds r0, r4, #0x0
	movs r1, #0x05
	movs r2, #0x10
	movs r3, #0x32
	bl func_080122AC
	ldr r1, [r6, #0x00]
	ldr r2, [r6, #0x04]
	ldr r3, [r6, #0x08]
	adds r0, r4, #0x0
	bl func_08012324
	adds r0, r4, #0x0
	movs r1, #0x01
	bl func_08012614
	pop {r4, r5, r6}
	pop {r0}
	bx r0
	.byte 0x00, 0x00
_080D1D64: .4byte 0x098A5C90
_080D1D68: .4byte 0x098A5CB8
_080D1D6C: .4byte 0x080D19C5
	thumb_func_start task_poo_prize_1
task_poo_prize_1: @ 080D1D70
	push {r4, lr}
	adds r4, r0, #0x0
	ldr r1, [r4, #0x7C]
	cmp r1, #0x00
	beq _080D1D88
	bl _0811D5B4
	ldr r0, [r4, #0x7C]
	cmp r0, #0x00
	beq _080D1D88
	movs r0, #0x01
	b _080D1D8A
_080D1D88:
	movs r0, #0x00
_080D1D8A:
	pop {r4}
	pop {r1}
	bx r1
	thumb_func_start task_poo_prize_2
task_poo_prize_2: @ 080D1D90
	push {r4, r5, r6, r7, lr}
	mov r7, r9
	mov r6, r8
	push {r6, r7}
	add sp, #-0x010
	adds r5, r0, #0x0
	adds r0, #0x96
	ldrb r0, [r0, #0x00]
	cmp r0, #0x00
	beq _080D1E6C
	ldr r0, [r5, #0x00]
	asrs r0, r0, #0x08
	ldr r1, _080D1DF8 @ =0x0203C40C
	ldrh r1, [r1, #0x00]
	subs r0, r0, r1
	lsls r0, r0, #0x10
	ldr r1, [r5, #0x04]
	asrs r1, r1, #0x08
	ldr r2, [r5, #0x08]
	asrs r2, r2, #0x08
	adds r1, r1, r2
	ldr r2, _080D1DFC @ =0x0203C3F8
	ldrh r2, [r2, #0x00]
	subs r1, r1, r2
	lsls r1, r1, #0x10
	lsrs r7, r0, #0x10
	asrs r0, r0, #0x10
	lsrs r4, r1, #0x10
	asrs r1, r1, #0x10
	movs r2, #0x08
	str r2, [sp, #0x000]
	str r2, [sp, #0x004]
	movs r3, #0x08
	bl func_080035CC
	lsls r0, r0, #0x18
	cmp r0, #0x00
	bne _080D1E6C
	adds r0, r5, #0x0
	adds r0, #0x90
	ldr r2, [r0, #0x00]
	movs r0, #0x80
	lsls r0, r0, #0x01
	cmp r2, r0
	beq _080D1E00
	movs r0, #0x00
	adds r1, r2, #0x0
	movs r3, #0x00
	bl func_08002CB4
	adds r6, r0, #0x0
	b _080D1E02
_080D1DF8: .4byte 0x0203C40C
_080D1DFC: .4byte 0x0203C3F8
_080D1E00:
	movs r6, #0x00
_080D1E02:
	lsls r0, r7, #0x10
	asrs r0, r0, #0x10
	mov r9, r0
	lsls r1, r4, #0x10
	asrs r1, r1, #0x10
	ldr r2, [r5, #0x74]
	ldr r3, [r5, #0x6C]
	ldr r0, [r5, #0x70]
	str r0, [sp, #0x000]
	str r6, [sp, #0x004]
	movs r0, #0x80
	lsls r0, r0, #0x04
	mov r8, r0
	str r0, [sp, #0x008]
	ldr r4, [r5, #0x04]
	asrs r4, r4, #0x08
	lsls r4, r4, #0x02
	ldr r7, _080D1E7C @ =0xFFFFEFFC
	adds r0, r7, #0x0
	subs r0, r0, r4
	lsls r0, r0, #0x10
	lsrs r0, r0, #0x10
	str r0, [sp, #0x00C]
	mov r0, r9
	bl func_080023E0
	adds r0, r5, #0x0
	adds r0, #0x97
	ldrb r0, [r0, #0x00]
	cmp r0, #0x00
	bne _080D1E6C
	ldr r1, [r5, #0x04]
	asrs r1, r1, #0x08
	ldr r0, [r5, #0x0C]
	asrs r0, r0, #0x08
	adds r1, r1, r0
	ldr r0, _080D1E80 @ =0x0203C3F8
	ldrh r0, [r0, #0x00]
	subs r1, r1, r0
	lsls r1, r1, #0x10
	asrs r1, r1, #0x10
	ldr r2, [r5, #0x78]
	ldr r3, [r5, #0x6C]
	ldr r0, [r5, #0x70]
	str r0, [sp, #0x000]
	str r6, [sp, #0x004]
	mov r0, r8
	str r0, [sp, #0x008]
	ldr r0, _080D1E84 @ =0x0000FFF0
	str r0, [sp, #0x00C]
	mov r0, r9
	bl func_080023E0
_080D1E6C:
	add sp, #0x010
	pop {r3, r4}
	mov r8, r3
	mov r9, r4
	pop {r4, r5, r6, r7}
	pop {r0}
	bx r0
	.byte 0x00, 0x00
_080D1E7C: .4byte 0xFFFFEFFC
_080D1E80: .4byte 0x0203C3F8
_080D1E84: .4byte 0x0000FFF0
	thumb_func_start task_poo_prize_3
task_poo_prize_3: @ 080D1E88
	push {r4, lr}
	adds r4, r0, #0x0
	ldr r0, [r4, #0x6C]
	bl func_080028C0
	ldr r0, [r4, #0x70]
	bl func_08002C10
	adds r4, #0x10
	adds r0, r4, #0x0
	bl func_08012304
	pop {r4}
	pop {r0}
	bx r0
	.byte 0x00, 0x00
	thumb_func_start task_poo_zzz_0
task_poo_zzz_0: @ 080D1EA8
	push {r4, r5, r6, lr}
	adds r6, r0, #0x0
	adds r4, r1, #0x0
	ldr r0, _080D1EEC @ =0x0203C3EC
	ldr r0, [r0, #0x00]
	str r0, [r6, #0x24]
	movs r0, #0x80
	lsls r0, r0, #0x01
	ldr r1, _080D1EF0 @ =0x097257D8
	bl func_080028F8
	str r0, [r6, #0x00]
	ldr r0, _080D1EF4 @ =0x09849A98
	movs r1, #0x20
	bl func_08002A14
	str r0, [r6, #0x04]
	adds r5, r6, #0x0
	adds r5, #0x0C
	ldr r1, _080D1EF8 @ =0x09EF5904
	ldr r2, _080D1EFC @ =0x09EF5844
	adds r0, r5, #0x0
	bl func_08005968
	ldrb r0, [r4, #0x00]
	cmp r0, #0x00
	beq _080D1F00
	adds r0, r5, #0x0
	movs r1, #0x08
	movs r2, #0x01
	bl func_080059A4
	b _080D1F0A
	.byte 0x00, 0x00
_080D1EEC: .4byte 0x0203C3EC
_080D1EF0: .4byte 0x097257D8
_080D1EF4: .4byte 0x09849A98
_080D1EF8: .4byte 0x09EF5904
_080D1EFC: .4byte 0x09EF5844
_080D1F00:
	adds r0, r5, #0x0
	movs r1, #0x07
	movs r2, #0x01
	bl func_080059A4
_080D1F0A:
	adds r0, r6, #0x0
	adds r0, #0x0C
	bl func_08005AFC
	str r0, [r6, #0x08]
	pop {r4, r5, r6}
	pop {r0}
	bx r0
	.byte 0x00, 0x00
	thumb_func_start task_poo_zzz_1
task_poo_zzz_1: @ 080D1F1C
	movs r0, #0x01
	bx lr
	thumb_func_start task_poo_zzz_2
task_poo_zzz_2: @ 080D1F20
	push {r4, r5, r6, lr}
	add sp, #-0x010
	adds r5, r0, #0x0
	ldr r3, [r5, #0x24]
	ldr r2, [r3, #0x00]
	asrs r2, r2, #0x08
	ldr r0, _080D1F98 @ =0x0203C40C
	ldrh r0, [r0, #0x00]
	subs r2, r2, r0
	ldr r1, [r3, #0x04]
	asrs r1, r1, #0x08
	ldr r0, [r3, #0x08]
	asrs r0, r0, #0x08
	adds r1, r1, r0
	ldr r0, _080D1F9C @ =0x0203C3F8
	ldrh r0, [r0, #0x00]
	subs r1, r1, r0
	lsls r1, r1, #0x10
	lsrs r1, r1, #0x10
	lsls r2, r2, #0x10
	asrs r6, r2, #0x10
	movs r0, #0x80
	lsls r0, r0, #0x0E
	adds r2, r2, r0
	movs r0, #0x98
	lsls r0, r0, #0x11
	cmp r2, r0
	bhi _080D1F90
	lsls r0, r1, #0x10
	asrs r4, r0, #0x10
	movs r0, #0x20
	negs r0, r0
	cmp r4, r0
	blt _080D1F90
	cmp r4, #0xC0
	bgt _080D1F90
	adds r0, r5, #0x0
	adds r0, #0x0C
	bl func_08005A64
	adds r2, r0, #0x0
	str r2, [r5, #0x08]
	ldr r3, [r5, #0x00]
	ldr r0, [r5, #0x04]
	str r0, [sp, #0x000]
	movs r0, #0x00
	str r0, [sp, #0x004]
	movs r0, #0x80
	lsls r0, r0, #0x03
	str r0, [sp, #0x008]
	movs r0, #0x0B
	str r0, [sp, #0x00C]
	adds r0, r6, #0x0
	adds r1, r4, #0x0
	bl func_080023E0
_080D1F90:
	add sp, #0x010
	pop {r4, r5, r6}
	pop {r0}
	bx r0
_080D1F98: .4byte 0x0203C40C
_080D1F9C: .4byte 0x0203C3F8
	thumb_func_start task_poo_zzz_3
task_poo_zzz_3: @ 080D1FA0
	push {r4, lr}
	adds r4, r0, #0x0
	ldr r0, [r4, #0x00]
	bl func_080028C0
	ldr r0, [r4, #0x04]
	bl func_08002C10
	pop {r4}
	pop {r0}
	bx r0
	.byte 0x00, 0x00
_080D1FB8:
	.byte 0x02, 0x1C, 0x48, 0x30, 0x00, 0x78, 0x10, 0x30, 0xFF, 0x21, 0x08, 0x40, 0x40, 0x11, 0x07, 0x28
	.byte 0x2E, 0xD8, 0x80, 0x00, 0x01, 0x49, 0x40, 0x18, 0x00, 0x68, 0x87, 0x46, 0xD8, 0x1F, 0x0D, 0x08
	.byte 0x28, 0x20, 0x0D, 0x08, 0xF8, 0x1F, 0x0D, 0x08, 0xFC, 0x1F, 0x0D, 0x08, 0x00, 0x20, 0x0D, 0x08
	.byte 0x0E, 0x20, 0x0D, 0x08, 0x12, 0x20, 0x0D, 0x08, 0x16, 0x20, 0x0D, 0x08, 0x1A, 0x20, 0x0D, 0x08
	.byte 0x04, 0x20, 0x02, 0xE0, 0x03, 0x20, 0x00, 0xE0, 0x02, 0x20, 0xD0, 0x64, 0x11, 0x1C, 0x50, 0x31
	.byte 0x01, 0x20, 0x08, 0x70, 0x11, 0xE0, 0x01, 0x20, 0x04, 0xE0, 0x02, 0x20, 0x02, 0xE0, 0x03, 0x20
	.byte 0x00, 0xE0, 0x04, 0x20, 0xD0, 0x64, 0x11, 0x1C, 0x50, 0x31, 0x00, 0x20, 0x08, 0x70, 0x04, 0xE0
	.byte 0x00, 0x21, 0xD1, 0x64, 0x10, 0x1C, 0x50, 0x30, 0x01, 0x70, 0x70, 0x47
	thumb_func_start func_080D2034
func_080D2034: @ 080D2034
	push {r4, r5, lr}
	add sp, #-0x004
	adds r5, r0, #0x0
	bl _080D1FB8
	ldr r4, [r5, #0x4C]
	lsls r4, r4, #0x04
	ldr r0, _080D2068 @ =0x09EF4C88
	adds r4, r4, r0
	adds r0, r5, #0x0
	adds r0, #0x08
	ldrb r1, [r4, #0x0C]
	ldr r3, [r4, #0x04]
	ldr r2, [r4, #0x00]
	str r2, [sp, #0x000]
	movs r2, #0x01
	bl func_08005974
	ldr r0, [r5, #0x00]
	ldr r1, [r4, #0x08]
	bl func_08002A10
	add sp, #0x004
	pop {r4, r5}
	pop {r0}
	bx r0
_080D2068: .4byte 0x09EF4C88
	thumb_func_start func_080D206C
func_080D206C: @ 080D206C
	push {r4, r5, lr}
	adds r5, r0, #0x0
	adds r0, #0x48
	ldrb r0, [r0, #0x00]
	lsls r0, r0, #0x18
	asrs r0, r0, #0x18
	cmp r0, #0x00
	blt _080D2084
	ldr r0, [r5, #0x38]
	str r0, [r5, #0x40]
	ldr r0, [r5, #0x3C]
	b _080D208A
_080D2084:
	ldr r0, [r5, #0x30]
	str r0, [r5, #0x40]
	ldr r0, [r5, #0x34]
_080D208A:
	str r0, [r5, #0x44]
	movs r0, #0x40
	movs r1, #0x00
	bl func_080028F8
	str r0, [r5, #0x00]
	adds r4, r5, #0x0
	adds r4, #0x08
	adds r0, r4, #0x0
	movs r1, #0x00
	movs r2, #0x00
	bl func_08005968
	adds r0, r5, #0x0
	bl func_080D2034
	adds r0, r4, #0x0
	bl func_08005AFC
	str r0, [r5, #0x04]
	pop {r4, r5}
	pop {r0}
	bx r0
	thumb_func_start task_poo_butterfly_0
task_poo_butterfly_0: @ 080D20B8
	push {r4, r5, r6, r7, lr}
	adds r7, r0, #0x0
	adds r4, r7, #0x0
	adds r4, #0xD4
	ldr r0, [r1, #0x00]
	str r0, [r4, #0x00]
	adds r5, r7, #0x0
	adds r5, #0xD8
	ldr r0, [r1, #0x04]
	str r0, [r5, #0x00]
	adds r6, r7, #0x0
	adds r6, #0xDC
	ldr r0, [r1, #0x08]
	ldr r1, _080D217C @ =0xFFFFF200
	adds r0, r0, r1
	str r0, [r6, #0x00]
	ldr r0, _080D2180 @ =0x09849C38
	movs r1, #0x20
	bl func_08002A14
	adds r1, r7, #0x0
	adds r1, #0xD0
	str r0, [r1, #0x00]
	ldr r0, [r4, #0x00]
	ldr r1, _080D2184 @ =0xFFFFF000
	adds r0, r0, r1
	str r0, [r7, #0x20]
	ldr r0, [r5, #0x00]
	str r0, [r7, #0x24]
	ldr r0, [r6, #0x00]
	str r0, [r7, #0x28]
	ldr r0, [r4, #0x00]
	adds r0, r0, r1
	str r0, [r7, #0x30]
	ldr r0, [r5, #0x00]
	str r0, [r7, #0x34]
	ldr r0, [r4, #0x00]
	movs r2, #0xC0
	lsls r2, r2, #0x03
	adds r0, r0, r2
	str r0, [r7, #0x38]
	ldr r0, [r5, #0x00]
	movs r1, #0xE0
	lsls r1, r1, #0x03
	adds r0, r0, r1
	str r0, [r7, #0x3C]
	adds r0, r7, #0x0
	adds r0, #0x48
	movs r3, #0x60
	strb r3, [r0, #0x00]
	adds r0, #0x0A
	strh r3, [r0, #0x00]
	adds r1, r7, #0x0
	adds r1, #0x88
	ldr r0, [r4, #0x00]
	movs r2, #0x90
	lsls r2, r2, #0x05
	adds r0, r0, r2
	str r0, [r1, #0x00]
	adds r1, #0x04
	ldr r0, [r5, #0x00]
	str r0, [r1, #0x00]
	adds r1, #0x04
	ldr r0, [r6, #0x00]
	str r0, [r1, #0x00]
	adds r1, #0x10
	ldr r0, [r4, #0x00]
	adds r0, r0, r2
	str r0, [r1, #0x00]
	adds r1, #0x04
	ldr r0, [r5, #0x00]
	str r0, [r1, #0x00]
	subs r1, #0x0C
	ldr r0, [r4, #0x00]
	ldr r2, _080D2188 @ =0xFFFFFF00
	adds r0, r0, r2
	str r0, [r1, #0x00]
	adds r1, #0x04
	ldr r0, [r5, #0x00]
	ldr r2, _080D218C @ =0xFFFFF900
	adds r0, r0, r2
	str r0, [r1, #0x00]
	adds r1, #0x14
	movs r0, #0xE0
	strb r0, [r1, #0x00]
	adds r0, r7, #0x0
	adds r0, #0xBA
	strh r3, [r0, #0x00]
	adds r0, r7, #0x0
	bl func_080D206C
	adds r0, r7, #0x0
	adds r0, #0x68
	bl func_080D206C
	pop {r4, r5, r6, r7}
	pop {r0}
	bx r0
_080D217C: .4byte 0xFFFFF200
_080D2180: .4byte 0x09849C38
_080D2184: .4byte 0xFFFFF000
_080D2188: .4byte 0xFFFFFF00
_080D218C: .4byte 0xFFFFF900
	thumb_func_start func_080D2190
func_080D2190: @ 080D2190
	push {r4, r5, lr}
	adds r4, r0, #0x0
	adds r5, r4, #0x0
	adds r5, #0x52
	ldrh r0, [r5, #0x00]
	cmp r0, #0x00
	beq _080D21BE
	adds r0, r4, #0x0
	adds r0, #0x20
	ldr r1, [r4, #0x40]
	ldrh r2, [r5, #0x00]
	bl func_080058FC
	adds r0, r4, #0x0
	adds r0, #0x24
	ldr r1, [r4, #0x44]
	ldrh r2, [r5, #0x00]
	bl func_080058FC
	ldrh r0, [r5, #0x00]
	subs r0, #0x01
	strh r0, [r5, #0x00]
	b _080D21E2
_080D21BE:
	movs r0, #0x60
	strh r0, [r5, #0x00]
	adds r1, r4, #0x0
	adds r1, #0x48
	ldrb r0, [r1, #0x00]
	adds r0, #0x80
	strb r0, [r1, #0x00]
	lsls r0, r0, #0x18
	cmp r0, #0x00
	blt _080D21DA
	ldr r0, [r4, #0x38]
	str r0, [r4, #0x40]
	ldr r0, [r4, #0x3C]
	b _080D21E0
_080D21DA:
	ldr r0, [r4, #0x30]
	str r0, [r4, #0x40]
	ldr r0, [r4, #0x34]
_080D21E0:
	str r0, [r4, #0x44]
_080D21E2:
	adds r0, r4, #0x0
	adds r0, #0x08
	bl func_08005A64
	str r0, [r4, #0x04]
	pop {r4, r5}
	pop {r0}
	bx r0
	.byte 0x00, 0x00
	thumb_func_start task_poo_butterfly_1
task_poo_butterfly_1: @ 080D21F4
	push {r4, lr}
	adds r4, r0, #0x0
	bl func_080D2190
	adds r4, #0x68
	adds r0, r4, #0x0
	bl func_080D2190
	movs r0, #0x01
	pop {r4}
	pop {r1}
	bx r1
	thumb_func_start func_080D220C
func_080D220C: @ 080D220C
	push {r4, r5, r6, r7, lr}
	mov r7, r8
	push {r7}
	add sp, #-0x010
	adds r4, r0, #0x0
	mov r8, r1
	ldr r2, [r4, #0x20]
	asrs r2, r2, #0x08
	ldr r0, _080D225C @ =0x0203C40C
	ldrh r0, [r0, #0x00]
	subs r2, r2, r0
	ldr r1, [r4, #0x24]
	asrs r1, r1, #0x08
	ldr r0, [r4, #0x28]
	asrs r0, r0, #0x08
	adds r1, r1, r0
	ldr r0, _080D2260 @ =0x0203C3F8
	ldrh r0, [r0, #0x00]
	subs r1, r1, r0
	lsls r1, r1, #0x10
	lsrs r1, r1, #0x10
	lsls r2, r2, #0x10
	asrs r7, r2, #0x10
	movs r0, #0x80
	lsls r0, r0, #0x0C
	adds r2, r2, r0
	movs r0, #0x80
	lsls r0, r0, #0x11
	cmp r2, r0
	bhi _080D2258
	lsls r0, r1, #0x10
	asrs r5, r0, #0x10
	movs r0, #0x08
	negs r0, r0
	cmp r5, r0
	blt _080D2258
	cmp r5, #0xA8
	ble _080D2264
_080D2258:
	movs r0, #0x00
	b _080D22A4
_080D225C: .4byte 0x0203C40C
_080D2260: .4byte 0x0203C3F8
_080D2264:
	adds r0, r4, #0x0
	adds r0, #0x50
	ldrb r0, [r0, #0x00]
	movs r6, #0x80
	lsls r6, r6, #0x04
	cmp r0, #0x00
	beq _080D2274
	adds r6, #0x01
_080D2274:
	adds r0, r4, #0x0
	bl func_080D2034
	ldr r2, [r4, #0x04]
	ldr r3, [r4, #0x00]
	mov r0, r8
	str r0, [sp, #0x000]
	movs r0, #0x00
	str r0, [sp, #0x004]
	str r6, [sp, #0x008]
	ldr r1, [r4, #0x24]
	asrs r1, r1, #0x08
	lsls r1, r1, #0x02
	ldr r4, _080D22B0 @ =0xFFFFEFFC
	adds r0, r4, #0x0
	subs r0, r0, r1
	lsls r0, r0, #0x10
	lsrs r0, r0, #0x10
	str r0, [sp, #0x00C]
	adds r0, r7, #0x0
	adds r1, r5, #0x0
	bl func_080023E0
	movs r0, #0x01
_080D22A4:
	add sp, #0x010
	pop {r3}
	mov r8, r3
	pop {r4, r5, r6, r7}
	pop {r1}
	bx r1
_080D22B0: .4byte 0xFFFFEFFC
	thumb_func_start task_poo_butterfly_2
task_poo_butterfly_2: @ 080D22B4
	push {r4, r5, lr}
	adds r4, r0, #0x0
	adds r5, r4, #0x0
	adds r5, #0xD0
	ldr r1, [r5, #0x00]
	bl func_080D220C
	adds r4, #0x68
	ldr r1, [r5, #0x00]
	adds r0, r4, #0x0
	bl func_080D220C
	pop {r4, r5}
	pop {r0}
	bx r0
	.byte 0x00, 0x00
	thumb_func_start task_poo_butterfly_3
task_poo_butterfly_3: @ 080D22D4
	push {r4, lr}
	adds r4, r0, #0x0
	ldr r0, [r4, #0x00]
	bl func_080028C0
	ldr r0, [r4, #0x68]
	bl func_080028C0
	adds r4, #0xD0
	ldr r0, [r4, #0x00]
	bl func_08002C10
	pop {r4}
	pop {r0}
	bx r0
	.byte 0x00, 0x00, 0x00, 0xB5, 0x68, 0x30, 0xFF, 0xF7, 0x4A, 0xFF, 0x01, 0x20, 0x02, 0xBC, 0x08, 0x47
	.byte 0x00, 0x00, 0x00, 0xB5, 0x02, 0x1C, 0x68, 0x32, 0xD0, 0x30, 0x01, 0x68, 0x10, 0x1C, 0xFF, 0xF7
	.byte 0x7C, 0xFF, 0x01, 0xBC, 0x00, 0x47, 0x00, 0xB5, 0xFF, 0xF7, 0x39, 0xFF, 0x01, 0x20, 0x02, 0xBC
	.byte 0x08, 0x47, 0x00, 0xB5, 0x01, 0x1C, 0xD0, 0x31, 0x09, 0x68, 0xFF, 0xF7, 0x6E, 0xFF, 0x01, 0xBC
	.byte 0x00, 0x47
	thumb_func_start task_poo_mapbee_0
task_poo_mapbee_0: @ 080D2334
	push {r4, r5, r6, r7, lr}
	adds r7, r0, #0x0
	ldr r0, [r1, #0x00]
	str r0, [r7, #0x24]
	ldr r0, [r1, #0x04]
	str r0, [r7, #0x28]
	movs r6, #0x00
	str r6, [r7, #0x2C]
	ldr r5, _080D239C @ =0x09EF6158
	adds r0, r5, #0x0
	movs r1, #0x01
	bl func_08003524
	lsls r0, r0, #0x10
	lsrs r0, r0, #0x10
	ldr r1, _080D23A0 @ =0x097606E8
	bl func_080028F8
	str r0, [r7, #0x00]
	ldr r0, _080D23A4 @ =0x09849E38
	movs r1, #0x20
	bl func_08002A14
	str r0, [r7, #0x04]
	adds r4, r7, #0x0
	adds r4, #0x0C
	ldr r1, _080D23A8 @ =0x09EF6200
	adds r0, r4, #0x0
	adds r2, r5, #0x0
	bl func_08005968
	adds r0, r4, #0x0
	movs r1, #0x00
	movs r2, #0x00
	bl func_080059A4
	adds r0, r4, #0x0
	bl func_08005AFC
	str r0, [r7, #0x08]
	adds r1, r7, #0x0
	adds r1, #0x34
	movs r0, #0x01
	strb r0, [r1, #0x00]
	strh r6, [r7, #0x36]
	movs r0, #0xC1
	lsls r0, r0, #0x01
	bl func_0811FE70
	pop {r4, r5, r6, r7}
	pop {r0}
	bx r0
_080D239C: .4byte 0x09EF6158
_080D23A0: .4byte 0x097606E8
_080D23A4: .4byte 0x09849E38
_080D23A8: .4byte 0x09EF6200
	thumb_func_start task_poo_mapbee_1
task_poo_mapbee_1: @ 080D23AC
	push {r4, r5, lr}
	adds r5, r0, #0x0
	adds r0, #0x34
	ldrb r0, [r0, #0x00]
	cmp r0, #0x00
	bne _080D23BC
	movs r0, #0x00
	b _080D23FC
_080D23BC:
	ldrh r0, [r5, #0x36]
	cmp r0, #0x00
	beq _080D23C8
	cmp r0, #0x01
	beq _080D23E8
	b _080D23EE
_080D23C8:
	adds r4, r5, #0x0
	adds r4, #0x0C
	adds r0, r4, #0x0
	bl func_08005B1C
	lsls r0, r0, #0x18
	cmp r0, #0x00
	beq _080D23F2
	adds r0, r4, #0x0
	movs r1, #0x01
	movs r2, #0x01
	bl func_080059A4
	movs r0, #0x01
	strh r0, [r5, #0x36]
	b _080D23F2
_080D23E8:
	ldr r0, [r5, #0x2C]
	subs r0, #0xCC
	str r0, [r5, #0x2C]
_080D23EE:
	adds r4, r5, #0x0
	adds r4, #0x0C
_080D23F2:
	adds r0, r4, #0x0
	bl func_08005A64
	str r0, [r5, #0x08]
	movs r0, #0x01
_080D23FC:
	pop {r4, r5}
	pop {r1}
	bx r1
	.byte 0x00, 0x00
	thumb_func_start task_poo_mapbee_2
task_poo_mapbee_2: @ 080D2404
	push {r4, r5, r6, r7, lr}
	add sp, #-0x010
	adds r4, r0, #0x0
	ldr r2, [r4, #0x24]
	asrs r2, r2, #0x08
	ldr r0, _080D2450 @ =0x0203C40C
	ldrh r0, [r0, #0x00]
	subs r2, r2, r0
	ldr r1, [r4, #0x28]
	asrs r1, r1, #0x08
	ldr r0, [r4, #0x2C]
	asrs r0, r0, #0x08
	adds r1, r1, r0
	ldr r0, _080D2454 @ =0x0203C3F8
	ldrh r0, [r0, #0x00]
	subs r1, r1, r0
	lsls r2, r2, #0x10
	asrs r7, r2, #0x10
	lsls r1, r1, #0x10
	asrs r6, r1, #0x10
	movs r0, #0x08
	str r0, [sp, #0x000]
	str r0, [sp, #0x004]
	adds r0, r7, #0x0
	adds r1, r6, #0x0
	movs r2, #0x08
	movs r3, #0x08
	bl func_080035CC
	lsls r0, r0, #0x18
	lsrs r5, r0, #0x18
	cmp r5, #0x00
	beq _080D2458
	adds r1, r4, #0x0
	adds r1, #0x34
	movs r0, #0x00
	strb r0, [r1, #0x00]
	b _080D2488
_080D2450: .4byte 0x0203C40C
_080D2454: .4byte 0x0203C3F8
_080D2458:
	movs r0, #0x01
	bl func_080C7CB0
	ldr r2, [r4, #0x08]
	ldr r3, [r4, #0x00]
	ldr r0, [r4, #0x04]
	str r0, [sp, #0x000]
	str r5, [sp, #0x004]
	movs r0, #0x80
	lsls r0, r0, #0x04
	str r0, [sp, #0x008]
	ldr r1, [r4, #0x28]
	asrs r1, r1, #0x08
	lsls r1, r1, #0x02
	ldr r4, _080D2490 @ =0xFFFFEFFC
	adds r0, r4, #0x0
	subs r0, r0, r1
	lsls r0, r0, #0x10
	lsrs r0, r0, #0x10
	str r0, [sp, #0x00C]
	adds r0, r7, #0x0
	adds r1, r6, #0x0
	bl func_080023E0
_080D2488:
	add sp, #0x010
	pop {r4, r5, r6, r7}
	pop {r0}
	bx r0
_080D2490: .4byte 0xFFFFEFFC
	thumb_func_start task_poo_mapbee_3
task_poo_mapbee_3: @ 080D2494
	push {r4, lr}
	adds r4, r0, #0x0
	ldr r0, [r4, #0x00]
	bl func_080028C0
	ldr r0, [r4, #0x04]
	bl func_08002C10
	bl func_080D1050
	lsls r0, r0, #0x18
	cmp r0, #0x00
	bne _080D24B6
	movs r0, #0xC1
	lsls r0, r0, #0x01
	bl func_0811FF3C
_080D24B6:
	pop {r4}
	pop {r0}
	bx r0
	thumb_func_start task_poo_mapbeeborn_0
task_poo_mapbeeborn_0: @ 080D24BC
	push {r4, r5, r6, lr}
	adds r5, r0, #0x0
	adds r2, r1, #0x0
	adds r1, r5, #0x0
	adds r1, #0x10
	adds r0, r2, #0x0
	ldm r0!, {r3, r4, r6}
	stm r1!, {r3, r4, r6}
	ldr r0, [r0, #0x00]
	str r0, [r1, #0x00]
	movs r4, #0x00
	str r4, [r5, #0x18]
	ldr r1, [r2, #0x00]
	movs r0, #0x80
	lsls r0, r0, #0x03
	adds r1, r1, r0
	str r1, [r5, #0x00]
	ldr r2, [r2, #0x04]
	movs r3, #0xC0
	lsls r3, r3, #0x05
	adds r2, r2, r3
	str r2, [r5, #0x04]
	str r4, [r5, #0x08]
	adds r0, r5, #0x0
	adds r0, #0x20
	movs r3, #0x00
	bl func_08012324
	adds r0, r5, #0x0
	adds r0, #0x98
	strb r4, [r0, #0x00]
	subs r0, #0x1C
	strb r4, [r0, #0x00]
	adds r0, #0x1D
	strb r4, [r0, #0x00]
	subs r0, #0x19
	movs r1, #0x01
	bl func_08000E64
	adds r0, r5, #0x0
	adds r0, #0x94
	str r4, [r0, #0x00]
	pop {r4, r5, r6}
	pop {r0}
	bx r0
	.byte 0x00, 0x00
	thumb_func_start task_poo_mapbeeborn_1
task_poo_mapbeeborn_1: @ 080D2518
	push {r4, r5, lr}
	adds r4, r0, #0x0
	adds r0, #0x98
	ldrb r0, [r0, #0x00]
	cmp r0, #0x00
	beq _080D2570
	adds r0, r4, #0x0
	adds r0, #0x4E
	ldrh r1, [r0, #0x00]
	movs r0, #0x02
	ands r0, r1
	cmp r0, #0x00
	beq _080D2568
	adds r5, r4, #0x0
	adds r5, #0x94
	ldr r0, [r5, #0x00]
	bl func_08000F48
	lsls r0, r0, #0x18
	lsrs r2, r0, #0x18
	cmp r2, #0x00
	bne _080D2570
	adds r1, r4, #0x0
	adds r1, #0x99
	ldrb r0, [r1, #0x00]
	cmp r0, #0x00
	beq _080D2570
	strb r2, [r1, #0x00]
	adds r0, r4, #0x0
	adds r0, #0x80
	ldr r1, _080D2564 @ =0x09EF4D20
	adds r2, r4, #0x0
	adds r2, #0x10
	bl func_08000E14
	str r0, [r5, #0x00]
	b _080D2570
	.byte 0x00, 0x00
_080D2564: .4byte 0x09EF4D20
_080D2568:
	adds r1, r4, #0x0
	adds r1, #0x99
	movs r0, #0x01
	strb r0, [r1, #0x00]
_080D2570:
	movs r0, #0x01
	pop {r4, r5}
	pop {r1}
	bx r1
	thumb_func_start task_poo_mapbeeborn_2
task_poo_mapbeeborn_2: @ 080D2578
	push {r4, r5, lr}
	add sp, #-0x008
	adds r4, r0, #0x0
	ldr r0, [r4, #0x00]
	asrs r0, r0, #0x08
	ldr r1, _080D25CC @ =0x0203C40C
	ldrh r1, [r1, #0x00]
	subs r0, r0, r1
	ldr r1, [r4, #0x04]
	asrs r1, r1, #0x08
	ldr r2, _080D25D0 @ =0x0203C3F8
	ldrh r2, [r2, #0x00]
	subs r1, r1, r2
	lsls r0, r0, #0x10
	asrs r0, r0, #0x10
	lsls r1, r1, #0x10
	asrs r1, r1, #0x10
	movs r5, #0x00
	str r5, [sp, #0x000]
	movs r2, #0x20
	str r2, [sp, #0x004]
	movs r2, #0x00
	movs r3, #0x18
	bl func_080035CC
	lsls r0, r0, #0x18
	cmp r0, #0x00
	beq _080D25D4
	adds r1, r4, #0x0
	adds r1, #0x98
	ldrb r0, [r1, #0x00]
	cmp r0, #0x00
	beq _080D2604
	strb r5, [r1, #0x00]
	adds r0, r4, #0x0
	adds r0, #0x20
	bl func_08012304
	adds r0, r4, #0x0
	adds r0, #0x99
	strb r5, [r0, #0x00]
	b _080D2604
_080D25CC: .4byte 0x0203C40C
_080D25D0: .4byte 0x0203C3F8
_080D25D4:
	adds r5, r4, #0x0
	adds r5, #0x98
	ldrb r0, [r5, #0x00]
	cmp r0, #0x00
	bne _080D25F6
	adds r0, r4, #0x0
	adds r0, #0x20
	movs r1, #0x06
	movs r2, #0x1C
	movs r3, #0x00
	bl func_080122AC
	movs r0, #0x01
	strb r0, [r5, #0x00]
	adds r1, r4, #0x0
	adds r1, #0x99
	strb r0, [r1, #0x00]
_080D25F6:
	adds r4, #0x80
	adds r0, r4, #0x0
	bl func_08000EA4
	adds r0, r4, #0x0
	bl func_08000EE0
_080D2604:
	add sp, #0x008
	pop {r4, r5}
	pop {r0}
	bx r0
	thumb_func_start task_poo_mapbeeborn_3
task_poo_mapbeeborn_3: @ 080D260C
	push {r4, lr}
	adds r4, r0, #0x0
	adds r0, #0x98
	ldrb r0, [r0, #0x00]
	cmp r0, #0x00
	beq _080D2620
	adds r0, r4, #0x0
	adds r0, #0x20
	bl func_08012304
_080D2620:
	adds r0, r4, #0x0
	adds r0, #0x80
	bl func_08000F0C
	pop {r4}
	pop {r0}
	bx r0
	.byte 0x00, 0x00
	thumb_func_start task_poo_mapbutterfly_0
task_poo_mapbutterfly_0: @ 080D2630
	push {r4, r5, lr}
	adds r4, r0, #0x0
	ldr r0, [r1, #0x00]
	str r0, [r4, #0x24]
	ldr r0, [r1, #0x04]
	str r0, [r4, #0x28]
	movs r0, #0x00
	str r0, [r4, #0x2C]
	ldr r1, _080D2680 @ =0x09760986
	movs r0, #0x40
	bl func_080028F8
	str r0, [r4, #0x00]
	ldr r0, _080D2684 @ =0x09849E58
	movs r1, #0x20
	bl func_08002A14
	str r0, [r4, #0x04]
	adds r5, r4, #0x0
	adds r5, #0x0C
	ldr r1, _080D2688 @ =0x09EF6298
	ldr r2, _080D268C @ =0x09EF6208
	adds r0, r5, #0x0
	bl func_08005968
	adds r0, r5, #0x0
	movs r1, #0x00
	movs r2, #0x00
	bl func_080059A4
	adds r0, r5, #0x0
	bl func_08005AFC
	str r0, [r4, #0x08]
	adds r4, #0x34
	movs r0, #0x01
	strb r0, [r4, #0x00]
	pop {r4, r5}
	pop {r0}
	bx r0
_080D2680: .4byte 0x09760986
_080D2684: .4byte 0x09849E58
_080D2688: .4byte 0x09EF6298
_080D268C: .4byte 0x09EF6208
	thumb_func_start task_poo_mapbutterfly_1
task_poo_mapbutterfly_1: @ 080D2690
	push {r4, lr}
	adds r4, r0, #0x0
	adds r0, #0x34
	ldrb r0, [r0, #0x00]
	cmp r0, #0x00
	beq _080D26B0
	ldr r0, [r4, #0x2C]
	subs r0, #0x80
	str r0, [r4, #0x2C]
	adds r0, r4, #0x0
	adds r0, #0x0C
	bl func_08005A64
	str r0, [r4, #0x08]
	movs r0, #0x01
	b _080D26B2
_080D26B0:
	movs r0, #0x00
_080D26B2:
	pop {r4}
	pop {r1}
	bx r1
	thumb_func_start task_poo_mapbutterfly_2
task_poo_mapbutterfly_2: @ 080D26B8
	push {r4, r5, r6, lr}
	add sp, #-0x010
	adds r4, r0, #0x0
	ldr r2, [r4, #0x24]
	asrs r2, r2, #0x08
	ldr r0, _080D2704 @ =0x0203C40C
	ldrh r0, [r0, #0x00]
	subs r2, r2, r0
	ldr r1, [r4, #0x28]
	asrs r1, r1, #0x08
	ldr r0, [r4, #0x2C]
	asrs r0, r0, #0x08
	adds r1, r1, r0
	ldr r0, _080D2708 @ =0x0203C3F8
	ldrh r0, [r0, #0x00]
	subs r1, r1, r0
	lsls r2, r2, #0x10
	asrs r6, r2, #0x10
	lsls r1, r1, #0x10
	asrs r5, r1, #0x10
	movs r0, #0x08
	str r0, [sp, #0x000]
	str r0, [sp, #0x004]
	adds r0, r6, #0x0
	adds r1, r5, #0x0
	movs r2, #0x08
	movs r3, #0x08
	bl func_080035CC
	lsls r0, r0, #0x18
	lsrs r1, r0, #0x18
	cmp r1, #0x00
	beq _080D270C
	adds r1, r4, #0x0
	adds r1, #0x34
	movs r0, #0x00
	strb r0, [r1, #0x00]
	b _080D2736
_080D2704: .4byte 0x0203C40C
_080D2708: .4byte 0x0203C3F8
_080D270C:
	ldr r2, [r4, #0x08]
	ldr r3, [r4, #0x00]
	ldr r0, [r4, #0x04]
	str r0, [sp, #0x000]
	str r1, [sp, #0x004]
	movs r0, #0x80
	lsls r0, r0, #0x04
	str r0, [sp, #0x008]
	ldr r1, [r4, #0x28]
	asrs r1, r1, #0x08
	lsls r1, r1, #0x02
	ldr r4, _080D2740 @ =0xFFFFEFFC
	adds r0, r4, #0x0
	subs r0, r0, r1
	lsls r0, r0, #0x10
	lsrs r0, r0, #0x10
	str r0, [sp, #0x00C]
	adds r0, r6, #0x0
	adds r1, r5, #0x0
	bl func_080023E0
_080D2736:
	add sp, #0x010
	pop {r4, r5, r6}
	pop {r0}
	bx r0
	.byte 0x00, 0x00
_080D2740: .4byte 0xFFFFEFFC
	thumb_func_start task_poo_mapbutterfly_3
task_poo_mapbutterfly_3: @ 080D2744
	push {r4, lr}
	adds r4, r0, #0x0
	ldr r0, [r4, #0x00]
	bl func_080028C0
	ldr r0, [r4, #0x04]
	bl func_08002C10
	pop {r4}
	pop {r0}
	bx r0
	.byte 0x00, 0x00
	thumb_func_start task_poo_mapbutterflyborn_0
task_poo_mapbutterflyborn_0: @ 080D275C
	push {r4, r5, r6, lr}
	adds r5, r0, #0x0
	adds r2, r1, #0x0
	adds r1, r5, #0x0
	adds r1, #0x10
	adds r0, r2, #0x0
	ldm r0!, {r3, r4, r6}
	stm r1!, {r3, r4, r6}
	ldr r0, [r0, #0x00]
	str r0, [r1, #0x00]
	movs r4, #0x00
	str r4, [r5, #0x18]
	ldr r1, [r2, #0x00]
	movs r0, #0x80
	lsls r0, r0, #0x05
	adds r1, r1, r0
	str r1, [r5, #0x00]
	ldr r2, [r2, #0x04]
	movs r3, #0xC0
	lsls r3, r3, #0x05
	adds r2, r2, r3
	str r2, [r5, #0x04]
	str r4, [r5, #0x08]
	adds r0, r5, #0x0
	adds r0, #0x20
	movs r3, #0x00
	bl func_08012324
	adds r0, r5, #0x0
	adds r0, #0x98
	strb r4, [r0, #0x00]
	subs r0, #0x1C
	strb r4, [r0, #0x00]
	adds r0, #0x1D
	strb r4, [r0, #0x00]
	subs r0, #0x19
	movs r1, #0x01
	bl func_08000E64
	adds r0, r5, #0x0
	adds r0, #0x94
	str r4, [r0, #0x00]
	pop {r4, r5, r6}
	pop {r0}
	bx r0
	.byte 0x00, 0x00
	thumb_func_start task_poo_mapbutterflyborn_1
task_poo_mapbutterflyborn_1: @ 080D27B8
	push {r4, r5, lr}
	adds r4, r0, #0x0
	adds r0, #0x98
	ldrb r0, [r0, #0x00]
	cmp r0, #0x00
	beq _080D2810
	adds r0, r4, #0x0
	adds r0, #0x4E
	ldrh r1, [r0, #0x00]
	movs r0, #0x02
	ands r0, r1
	cmp r0, #0x00
	beq _080D2808
	adds r5, r4, #0x0
	adds r5, #0x94
	ldr r0, [r5, #0x00]
	bl func_08000F48
	lsls r0, r0, #0x18
	lsrs r2, r0, #0x18
	cmp r2, #0x00
	bne _080D2810
	adds r1, r4, #0x0
	adds r1, #0x99
	ldrb r0, [r1, #0x00]
	cmp r0, #0x00
	beq _080D2810
	strb r2, [r1, #0x00]
	adds r0, r4, #0x0
	adds r0, #0x80
	ldr r1, _080D2804 @ =0x09EF4D50
	adds r2, r4, #0x0
	adds r2, #0x10
	bl func_08000E14
	str r0, [r5, #0x00]
	b _080D2810
	.byte 0x00, 0x00
_080D2804: .4byte 0x09EF4D50
_080D2808:
	adds r1, r4, #0x0
	adds r1, #0x99
	movs r0, #0x01
	strb r0, [r1, #0x00]
_080D2810:
	movs r0, #0x01
	pop {r4, r5}
	pop {r1}
	bx r1
	thumb_func_start task_poo_mapbutterflyborn_2
task_poo_mapbutterflyborn_2: @ 080D2818
	push {r4, r5, lr}
	add sp, #-0x008
	adds r4, r0, #0x0
	ldr r0, [r4, #0x00]
	asrs r0, r0, #0x08
	ldr r1, _080D286C @ =0x0203C40C
	ldrh r1, [r1, #0x00]
	subs r0, r0, r1
	ldr r1, [r4, #0x04]
	asrs r1, r1, #0x08
	ldr r2, _080D2870 @ =0x0203C3F8
	ldrh r2, [r2, #0x00]
	subs r1, r1, r2
	lsls r0, r0, #0x10
	asrs r0, r0, #0x10
	lsls r1, r1, #0x10
	asrs r1, r1, #0x10
	movs r5, #0x00
	str r5, [sp, #0x000]
	movs r2, #0x20
	str r2, [sp, #0x004]
	movs r2, #0x00
	movs r3, #0x18
	bl func_080035CC
	lsls r0, r0, #0x18
	cmp r0, #0x00
	beq _080D2874
	adds r1, r4, #0x0
	adds r1, #0x98
	ldrb r0, [r1, #0x00]
	cmp r0, #0x00
	beq _080D28A4
	strb r5, [r1, #0x00]
	adds r0, r4, #0x0
	adds r0, #0x20
	bl func_08012304
	adds r0, r4, #0x0
	adds r0, #0x99
	strb r5, [r0, #0x00]
	b _080D28A4
_080D286C: .4byte 0x0203C40C
_080D2870: .4byte 0x0203C3F8
_080D2874:
	adds r5, r4, #0x0
	adds r5, #0x98
	ldrb r0, [r5, #0x00]
	cmp r0, #0x00
	bne _080D2896
	adds r0, r4, #0x0
	adds r0, #0x20
	movs r1, #0x06
	movs r2, #0x28
	movs r3, #0x00
	bl func_080122AC
	movs r0, #0x01
	strb r0, [r5, #0x00]
	adds r1, r4, #0x0
	adds r1, #0x99
	strb r0, [r1, #0x00]
_080D2896:
	adds r4, #0x80
	adds r0, r4, #0x0
	bl func_08000EA4
	adds r0, r4, #0x0
	bl func_08000EE0
_080D28A4:
	add sp, #0x008
	pop {r4, r5}
	pop {r0}
	bx r0
	thumb_func_start task_poo_mapbutterflyborn_3
task_poo_mapbutterflyborn_3: @ 080D28AC
	push {r4, lr}
	adds r4, r0, #0x0
	adds r0, #0x98
	ldrb r0, [r0, #0x00]
	cmp r0, #0x00
	beq _080D28C0
	adds r0, r4, #0x0
	adds r0, #0x20
	bl func_08012304
_080D28C0:
	adds r0, r4, #0x0
	adds r0, #0x80
	bl func_08000F0C
	pop {r4}
	pop {r0}
	bx r0
	.byte 0x00, 0x00, 0x70, 0xB5, 0x06, 0x1C, 0x20, 0x48, 0x70, 0x62, 0x20, 0x48, 0xB0, 0x62, 0x00, 0x20
	.byte 0xF0, 0x62, 0x30, 0x63, 0x70, 0x60, 0x1E, 0x4D, 0x28, 0x1C, 0x0F, 0x21, 0x30, 0xF7, 0x1B, 0xFE
	.byte 0x31, 0x1C, 0xA4, 0x31, 0x08, 0x80, 0x34, 0x1C, 0x0C, 0x34, 0x1A, 0x49, 0x20, 0x1C, 0x2A, 0x1C
	.byte 0x33, 0xF7, 0x33, 0xF8, 0x20, 0x1C, 0x00, 0x21, 0x01, 0x22, 0x33, 0xF7, 0x4C, 0xF8, 0x20, 0x1C
	.byte 0x33, 0xF7, 0xF5, 0xF8, 0xB0, 0x60, 0x28, 0x34, 0x20, 0x1C, 0x01, 0x21, 0x2E, 0xF7, 0xA3, 0xFA
	.byte 0x31, 0x1C, 0x24, 0x31, 0x80, 0x22, 0x52, 0x00, 0x20, 0x1C, 0xF9, 0xF7, 0x26, 0xFC, 0x14, 0x34
	.byte 0x71, 0x6A, 0xB2, 0x6A, 0xF3, 0x6A, 0x20, 0x1C, 0x3F, 0xF7, 0xF5, 0xFC, 0x20, 0x1C, 0x3C, 0x21
	.byte 0x00, 0xF0, 0x73, 0xFA, 0x31, 0x1C, 0xA6, 0x31, 0x08, 0x80, 0x08, 0x88, 0x00, 0x21, 0x00, 0xF0
	.byte 0x90, 0xFA, 0x70, 0xBC, 0x01, 0xBC, 0x00, 0x47, 0x00, 0x00, 0x00, 0x9B, 0x0A, 0x00, 0x00, 0x72
	.byte 0x05, 0x00, 0xA8, 0x5E, 0xEF, 0x09, 0xE4, 0x5E, 0xEF, 0x09, 0x00, 0xB5, 0x01, 0x1C, 0x48, 0x68
	.byte 0x00, 0x28, 0x0A, 0xD0, 0x08, 0x1C, 0x48, 0x30, 0x09, 0x21, 0x3F, 0xF7, 0x72, 0xFE, 0x00, 0x06
	.byte 0x00, 0x28, 0x02, 0xD0, 0x03, 0x49, 0x05, 0x20, 0x08, 0x60, 0x01, 0x20, 0x02, 0xBC, 0x08, 0x47
	.byte 0x00, 0x00, 0xF0, 0xC3, 0x03, 0x02, 0xF0, 0xB5, 0x47, 0x46, 0x80, 0xB4, 0x84, 0xB0, 0x04, 0x1C
	.byte 0x61, 0x6A, 0x09, 0x12, 0x18, 0x48, 0x00, 0x88, 0x09, 0x1A, 0xA0, 0x6A, 0x00, 0x12, 0x16, 0x4A
	.byte 0x12, 0x88, 0x80, 0x1A, 0x09, 0x04, 0x09, 0x14, 0x88, 0x46, 0x00, 0x04, 0x07, 0x14, 0x10, 0x20
	.byte 0x00, 0x90, 0x01, 0x90, 0x40, 0x46, 0x39, 0x1C, 0x30, 0x22, 0x08, 0x23, 0x30, 0xF7, 0xFF, 0xFD
	.byte 0x00, 0x06, 0x05, 0x0E, 0x00, 0x2D, 0x1A, 0xD0, 0x60, 0x68, 0x00, 0x28, 0x54, 0xD0, 0x20, 0x68
	.byte 0x2F, 0xF7, 0x6F, 0xFF, 0x60, 0x68, 0x30, 0xF7, 0x14, 0xF9, 0x20, 0x1C, 0x48, 0x30, 0x3F, 0xF7
	.byte 0x8A, 0xFC, 0x20, 0x1C, 0xA6, 0x30, 0x00, 0x88, 0x00, 0x21, 0x00, 0xF0, 0x3A, 0xFA, 0x00, 0x20
	.byte 0x60, 0x60, 0x41, 0xE0, 0x00, 0x00, 0x0C, 0xC4, 0x03, 0x02, 0xF8, 0xC3, 0x03, 0x02, 0x20, 0x1C
	.byte 0x0C, 0x30, 0x33, 0xF7, 0x28, 0xF8, 0xA0, 0x60, 0x26, 0x1C, 0x34, 0x36, 0x30, 0x1C, 0x2E, 0xF7
	.byte 0x42, 0xFA, 0x60, 0x68, 0x00, 0x28, 0x18, 0xD1, 0x1B, 0x48, 0x40, 0x21, 0x2F, 0xF7, 0xF3, 0xFF
	.byte 0x60, 0x60, 0x20, 0x1C, 0xA4, 0x30, 0x00, 0x88, 0x18, 0x49, 0x2F, 0xF7, 0x5E, 0xFF, 0x20, 0x60
	.byte 0x20, 0x1C, 0x48, 0x30, 0x0A, 0x21, 0x04, 0x22, 0x30, 0x23, 0x3F, 0xF7, 0x30, 0xFC, 0x20, 0x1C
	.byte 0xA6, 0x30, 0x00, 0x88, 0x01, 0x21, 0x00, 0xF0, 0x0C, 0xFA, 0xA2, 0x68, 0x23, 0x68, 0x60, 0x68
	.byte 0x00, 0x90, 0x01, 0x95, 0x0E, 0x48, 0x02, 0x90, 0xA1, 0x6A, 0x09, 0x12, 0x89, 0x00, 0x0C, 0x4C
	.byte 0x20, 0x1C, 0x40, 0x1A, 0x00, 0x04, 0x00, 0x0C, 0x03, 0x90, 0x40, 0x46, 0x39, 0x1C, 0x2F, 0xF7
	.byte 0xB0, 0xFC, 0x30, 0x1C, 0x2E, 0xF7, 0x2D, 0xFA, 0x04, 0xB0, 0x08, 0xBC, 0x98, 0x46, 0xF0, 0xBC
	.byte 0x01, 0xBC, 0x00, 0x47, 0x00, 0x00, 0xB8, 0x9C, 0x84, 0x09, 0x26, 0xFB, 0x74, 0x09, 0x01, 0x08
	.byte 0x00, 0x00, 0xFC, 0xEF, 0xFF, 0xFF, 0x10, 0xB5, 0x04, 0x1C, 0x60, 0x68, 0x00, 0x28, 0x09, 0xD0
	.byte 0x20, 0x68, 0x2F, 0xF7, 0x06, 0xFF, 0x60, 0x68, 0x30, 0xF7, 0xAB, 0xF8, 0x20, 0x1C, 0x48, 0x30
	.byte 0x3F, 0xF7, 0x21, 0xFC, 0x20, 0x1C, 0x34, 0x30, 0x2E, 0xF7, 0x21, 0xFA, 0x10, 0xBC, 0x01, 0xBC
	.byte 0x00, 0x47, 0x10, 0xB5, 0x04, 0x1C, 0x08, 0x48, 0xE0, 0x60, 0x08, 0x48, 0x20, 0x61, 0x00, 0x20
	.byte 0x60, 0x61, 0xA0, 0x61, 0x60, 0x60, 0x06, 0x48, 0x0D, 0x21, 0x30, 0xF7, 0x1C, 0xFD, 0xA0, 0x83
	.byte 0x05, 0x48, 0xA0, 0x60, 0x10, 0xBC, 0x01, 0xBC, 0x00, 0x47, 0x00, 0xB3, 0x0A, 0x00, 0x00, 0x71
	.byte 0x05, 0x00, 0x2C, 0x60, 0xEF, 0x09, 0x16, 0x6D, 0x75, 0x09, 0x40, 0x68, 0x01, 0x20, 0x70, 0x47
	.byte 0x00, 0x00, 0xF0, 0xB5, 0x84, 0xB0, 0x04, 0x1C, 0xE1, 0x68, 0x09, 0x12, 0x12, 0x48, 0x00, 0x88
	.byte 0x09, 0x1A, 0x20, 0x69, 0x00, 0x12, 0x10, 0x4A, 0x12, 0x88, 0x80, 0x1A, 0x09, 0x04, 0x0F, 0x14
	.byte 0x00, 0x04, 0x06, 0x14, 0x10, 0x20, 0x00, 0x90, 0x01, 0x90, 0x38, 0x1C, 0x31, 0x1C, 0x30, 0x22
	.byte 0x08, 0x23, 0x30, 0xF7, 0x44, 0xFD, 0x00, 0x06, 0x05, 0x0E, 0x00, 0x2D, 0x0F, 0xD0, 0x60, 0x68
	.byte 0x00, 0x28, 0x2E, 0xD0, 0x20, 0x68, 0x2F, 0xF7, 0xB4, 0xFE, 0x60, 0x68, 0x30, 0xF7, 0x59, 0xF8
	.byte 0x00, 0x20, 0x60, 0x60, 0x25, 0xE0, 0x0C, 0xC4, 0x03, 0x02, 0xF8, 0xC3, 0x03, 0x02, 0x60, 0x68
	.byte 0x00, 0x28, 0x09, 0xD1, 0x11, 0x48, 0x20, 0x21, 0x2F, 0xF7, 0x4D, 0xFF, 0x60, 0x60, 0xA0, 0x8B
	.byte 0x0F, 0x49, 0x2F, 0xF7, 0xBA, 0xFE, 0x20, 0x60, 0xA2, 0x68, 0x23, 0x68, 0x60, 0x68, 0x00, 0x90
	.byte 0x01, 0x95, 0x80, 0x20, 0x00, 0x01, 0x02, 0x90, 0x21, 0x69, 0x09, 0x12, 0x89, 0x00, 0x08, 0x4C
	.byte 0x20, 0x1C, 0x40, 0x1A, 0x00, 0x04, 0x00, 0x0C, 0x03, 0x90, 0x38, 0x1C, 0x31, 0x1C, 0x2F, 0xF7
	.byte 0x18, 0xFC, 0x04, 0xB0, 0xF0, 0xBC, 0x01, 0xBC, 0x00, 0x47, 0xB8, 0x9D, 0x84, 0x09, 0x28, 0x6E
	.byte 0x75, 0x09, 0xFC, 0xEF, 0xFF, 0xFF, 0x10, 0xB5, 0x04, 0x1C, 0x60, 0x68, 0x00, 0x28, 0x05, 0xD0
	.byte 0x20, 0x68, 0x2F, 0xF7, 0x76, 0xFE, 0x60, 0x68, 0x30, 0xF7, 0x1B, 0xF8, 0x10, 0xBC, 0x01, 0xBC
	.byte 0x00, 0x47
	thumb_func_start func_080D2BE0
func_080D2BE0: @ 080D2BE0
	ldr r0, _080D2BF4 @ =0x0203C470
	movs r2, #0x00
	movs r1, #0x03
	adds r0, #0x38
_080D2BE8:
	str r2, [r0, #0x00]
	subs r0, #0x04
	subs r1, #0x01
	cmp r1, #0x00
	bge _080D2BE8
	bx lr
_080D2BF4: .4byte 0x0203C470
	thumb_func_start func_080D2BF8
func_080D2BF8: @ 080D2BF8
	lsls r0, r0, #0x10
	lsrs r3, r0, #0x15
	movs r2, #0xF8
	lsls r2, r2, #0x0D
	ands r2, r0
	lsrs r2, r2, #0x10
	ldr r0, _080D2C18 @ =0x0203C470
	lsls r3, r3, #0x02
	adds r0, #0x2C
	adds r3, r3, r0
	movs r1, #0x01
	lsls r1, r2
	ldr r0, [r3, #0x00]
	orrs r0, r1
	str r0, [r3, #0x00]
	bx lr
_080D2C18: .4byte 0x0203C470
	thumb_func_start func_080D2C1C
func_080D2C1C: @ 080D2C1C
	lsls r0, r0, #0x10
	lsrs r3, r0, #0x15
	movs r2, #0xF8
	lsls r2, r2, #0x0D
	ands r2, r0
	lsrs r2, r2, #0x10
	ldr r0, _080D2C40 @ =0x0203C470
	lsls r3, r3, #0x02
	adds r0, #0x2C
	adds r3, r3, r0
	movs r1, #0x01
	lsls r1, r2
	ldr r0, [r3, #0x00]
	ands r0, r1
	cmp r0, #0x00
	bne _080D2C44
	movs r0, #0x00
	b _080D2C46
_080D2C40: .4byte 0x0203C470
_080D2C44:
	movs r0, #0x01
_080D2C46:
	bx lr
	thumb_func_start func_080D2C48
func_080D2C48: @ 080D2C48
	push {lr}
	bl func_080D2BE0
	ldr r1, _080D2C68 @ =0x0203C470
	movs r0, #0x00
	strh r0, [r1, #0x28]
	movs r2, #0x03
	strh r2, [r1, #0x3C]
	ldr r3, _080D2C6C @ =0x0000073B
	strh r3, [r1, #0x3E]
	ldr r0, _080D2C70 @ =0x0203C3E4
	strh r2, [r0, #0x00]
	ldr r0, _080D2C74 @ =0x0203C3E0
	strh r3, [r0, #0x00]
	pop {r0}
	bx r0
_080D2C68: .4byte 0x0203C470
_080D2C6C: .4byte 0x0000073B
_080D2C70: .4byte 0x0203C3E4
_080D2C74: .4byte 0x0203C3E0
	thumb_func_start func_080D2C78
func_080D2C78: @ 080D2C78
	push {lr}
	ldr r1, _080D2C88 @ =0x0203C470
	movs r0, #0x00
	str r0, [r1, #0x24]
	bl func_080D2C48
	pop {r0}
	bx r0
_080D2C88: .4byte 0x0203C470
	thumb_func_start func_080D2C8C
func_080D2C8C: @ 080D2C8C
	push {r4, r5, r6, lr}
	ldr r3, _080D2CA4 @ =0x0203C470
	adds r2, r3, #0x0
	ldm r0!, {r4, r5, r6}
	stm r2!, {r4, r5, r6}
	ldr r0, [r0, #0x00]
	str r0, [r2, #0x00]
	str r1, [r3, #0x20]
	pop {r4, r5, r6}
	pop {r0}
	bx r0
	.byte 0x00, 0x00
_080D2CA4: .4byte 0x0203C470
	thumb_func_start func_080D2CA8
func_080D2CA8: @ 080D2CA8
	push {r4, r5, r6, lr}
	ldr r3, _080D2CC0 @ =0x0203C470
	adds r2, r3, #0x0
	ldm r2!, {r4, r5, r6}
	stm r0!, {r4, r5, r6}
	ldr r2, [r2, #0x00]
	str r2, [r0, #0x00]
	ldr r0, [r3, #0x20]
	str r0, [r1, #0x00]
	pop {r4, r5, r6}
	pop {r0}
	bx r0
_080D2CC0: .4byte 0x0203C470
	thumb_func_start func_080D2CC4
func_080D2CC4: @ 080D2CC4
	ldr r2, _080D2CCC @ =0x0203C470
	strh r0, [r2, #0x3C]
	strh r1, [r2, #0x3E]
	bx lr
_080D2CCC: .4byte 0x0203C470
	thumb_func_start func_080D2CD0
func_080D2CD0: @ 080D2CD0
	ldr r3, _080D2CDC @ =0x0203C470
	ldrh r2, [r3, #0x3C]
	strh r2, [r0, #0x00]
	ldrh r0, [r3, #0x3E]
	strh r0, [r1, #0x00]
	bx lr
_080D2CDC: .4byte 0x0203C470
	thumb_func_start func_080D2CE0
func_080D2CE0: @ 080D2CE0
	ldr r2, _080D2CF0 @ =0x0203C470
	adds r3, r2, #0x0
	adds r3, #0x40
	strh r0, [r3, #0x00]
	adds r2, #0x42
	strh r1, [r2, #0x00]
	bx lr
	.byte 0x00, 0x00
_080D2CF0: .4byte 0x0203C470
	thumb_func_start func_080D2CF4
func_080D2CF4: @ 080D2CF4
	ldr r2, _080D2D08 @ =0x0203C470
	adds r3, r2, #0x0
	adds r3, #0x40
	ldrh r3, [r3, #0x00]
	strh r3, [r0, #0x00]
	adds r2, #0x42
	ldrh r0, [r2, #0x00]
	strh r0, [r1, #0x00]
	bx lr
	.byte 0x00, 0x00
_080D2D08: .4byte 0x0203C470
	thumb_func_start func_080D2D0C
func_080D2D0C: @ 080D2D0C
	push {r4, lr}
	ldr r1, _080D2D20 @ =0x0203C470
	adds r1, #0x10
	ldm r0!, {r2, r3, r4}
	stm r1!, {r2, r3, r4}
	ldr r0, [r0, #0x00]
	str r0, [r1, #0x00]
	pop {r4}
	pop {r0}
	bx r0
_080D2D20: .4byte 0x0203C470
	thumb_func_start func_080D2D24
func_080D2D24: @ 080D2D24
	push {r4, lr}
	ldr r1, _080D2D38 @ =0x0203C470
	adds r1, #0x10
	ldm r1!, {r2, r3, r4}
	stm r0!, {r2, r3, r4}
	ldr r1, [r1, #0x00]
	str r1, [r0, #0x00]
	pop {r4}
	pop {r0}
	bx r0
_080D2D38: .4byte 0x0203C470
	thumb_func_start func_080D2D3C
func_080D2D3C: @ 080D2D3C
	ldr r2, _080D2D4C @ =0x0203C470
	movs r1, #0x01
	lsls r1, r0
	ldrh r0, [r2, #0x28]
	orrs r1, r0
	strh r1, [r2, #0x28]
	bx lr
	.byte 0x00, 0x00
_080D2D4C: .4byte 0x0203C470
	thumb_func_start func_080D2D50
func_080D2D50: @ 080D2D50
	ldr r1, _080D2D64 @ =0x0203C470
	ldrh r1, [r1, #0x28]
	asrs r1, r0
	movs r0, #0x01
	ands r1, r0
	cmp r1, #0x00
	bne _080D2D68
	movs r0, #0x00
	b _080D2D6A
	.byte 0x00, 0x00
_080D2D64: .4byte 0x0203C470
_080D2D68:
	movs r0, #0x01
_080D2D6A:
	bx lr
	thumb_func_start func_080D2D6C
func_080D2D6C: @ 080D2D6C
	ldr r2, _080D2D7C @ =0x0203C470
	movs r1, #0x01
	lsls r1, r0
	ldr r0, [r2, #0x24]
	orrs r0, r1
	str r0, [r2, #0x24]
	bx lr
	.byte 0x00, 0x00
_080D2D7C: .4byte 0x0203C470
	thumb_func_start func_080D2D80
func_080D2D80: @ 080D2D80
	ldr r2, _080D2D90 @ =0x0203C470
	movs r1, #0x01
	lsls r1, r0
	ldr r0, [r2, #0x24]
	bics r0, r1
	str r0, [r2, #0x24]
	bx lr
	.byte 0x00, 0x00
_080D2D90: .4byte 0x0203C470
	thumb_func_start func_080D2D94
func_080D2D94: @ 080D2D94
	ldr r2, _080D2DA8 @ =0x0203C470
	movs r1, #0x01
	lsls r1, r0
	ldr r0, [r2, #0x24]
	ands r0, r1
	cmp r0, #0x00
	bne _080D2DAC
	movs r0, #0x00
	b _080D2DAE
	.byte 0x00, 0x00
_080D2DA8: .4byte 0x0203C470
_080D2DAC:
	movs r0, #0x01
_080D2DAE:
	bx lr
	thumb_func_start func_080D2DB0
func_080D2DB0: @ 080D2DB0
	push {lr}
	ldr r1, _080D2DC0 @ =0x0203C470
	movs r2, #0x44
	bl _0811F030
	pop {r0}
	bx r0
	.byte 0x00, 0x00
_080D2DC0: .4byte 0x0203C470
	thumb_func_start func_080D2DC4
func_080D2DC4: @ 080D2DC4
	push {lr}
	adds r1, r0, #0x0
	ldr r0, _080D2DD4 @ =0x0203C470
	movs r2, #0x44
	bl _0811F030
	pop {r0}
	bx r0
_080D2DD4: .4byte 0x0203C470
	thumb_func_start func_080D2DD8
func_080D2DD8: @ 080D2DD8
	push {r4, r5, r6, lr}
	add sp, #-0x018
	mov r0, sp
	ldr r1, _080D2E18 @ =0x096FDA74
	ldm r1!, {r2, r3, r4}
	stm r0!, {r2, r3, r4}
	ldm r1!, {r2, r3, r4}
	stm r0!, {r2, r3, r4}
	movs r0, #0x01
	bl func_080D2D94
	lsls r0, r0, #0x18
	cmp r0, #0x00
	bne _080D2E14
	movs r6, #0x00
	movs r5, #0x00
	mov r4, sp
_080D2DFA:
	ldr r0, [r4, #0x00]
	bl func_080D2D50
	lsls r0, r0, #0x18
	cmp r0, #0x00
	beq _080D2E08
	adds r6, #0x01
_080D2E08:
	adds r4, #0x04
	adds r5, #0x01
	cmp r5, #0x05
	bls _080D2DFA
	cmp r6, #0x04
	ble _080D2E1C
_080D2E14:
	movs r0, #0x01
	b _080D2E1E
_080D2E18: .4byte 0x096FDA74
_080D2E1C:
	movs r0, #0x00
_080D2E1E:
	add sp, #0x018
	pop {r4, r5, r6}
	pop {r1}
	bx r1
	.byte 0x00, 0x00
	thumb_func_start func_080D2E28
func_080D2E28: @ 080D2E28
	push {r4, lr}
	adds r2, r0, #0x0
	lsls r1, r1, #0x10
	lsrs r1, r1, #0x10
	ldr r4, _080D2E60 @ =0x0203C4B4
	ldr r3, [r4, #0x00]
	ldrh r0, [r3, #0x30]
	cmp r0, #0x05
	bhi _080D2E64
	lsls r0, r0, #0x03
	adds r0, r3, r0
	str r2, [r0, #0x00]
	ldrh r0, [r3, #0x30]
	lsls r0, r0, #0x03
	adds r0, r3, r0
	strh r1, [r0, #0x04]
	ldrh r0, [r3, #0x30]
	lsls r0, r0, #0x03
	adds r0, r3, r0
	movs r1, #0x01
	strb r1, [r0, #0x06]
	ldr r2, [r4, #0x00]
	ldrh r0, [r2, #0x30]
	adds r1, r0, #0x1
	strh r1, [r2, #0x30]
	lsls r0, r0, #0x10
	lsrs r0, r0, #0x10
	b _080D2E66
_080D2E60: .4byte 0x0203C4B4
_080D2E64:
	ldr r0, _080D2E6C @ =0x0000FFFF
_080D2E66:
	pop {r4}
	pop {r1}
	bx r1
_080D2E6C: .4byte 0x0000FFFF
	thumb_func_start func_080D2E70
func_080D2E70: @ 080D2E70
	lsls r0, r0, #0x10
	ldr r2, _080D2E80 @ =0x0203C4B4
	ldr r2, [r2, #0x00]
	lsrs r0, r0, #0x0D
	adds r2, r2, r0
	strb r1, [r2, #0x06]
	bx lr
	.byte 0x00, 0x00
_080D2E80: .4byte 0x0203C4B4
	.byte 0x00, 0xB5, 0x03, 0x48, 0x00, 0x68, 0x2D, 0xF7, 0x9B, 0xFD, 0x01, 0xBC, 0x00, 0x47, 0x00, 0x00
	.byte 0xB4, 0xC4, 0x03, 0x02, 0x10, 0xB5, 0x06, 0x4C, 0x34, 0x20, 0x2D, 0xF7, 0x3B, 0xFD, 0x20, 0x60
	.byte 0x00, 0x21, 0x01, 0x86, 0x00, 0x20, 0x00, 0xF0, 0x31, 0xF8, 0x10, 0xBC, 0x01, 0xBC, 0x00, 0x47
	.byte 0xB4, 0xC4, 0x03, 0x02
	thumb_func_start func_080D2EB8
func_080D2EB8: @ 080D2EB8
	push {r4, r5, r6, r7, lr}
	movs r5, #0x00
	ldr r7, _080D2EF8 @ =0x0203C4B4
	ldr r0, [r7, #0x00]
	ldrh r0, [r0, #0x30]
	cmp r5, r0
	bge _080D2F06
	adds r6, r7, #0x0
_080D2EC8:
	ldr r1, [r6, #0x00]
	lsls r4, r5, #0x03
	adds r2, r1, r4
	ldrh r0, [r2, #0x04]
	cmp r0, #0x3B
	bne _080D2EDE
	adds r0, r1, #0x0
	adds r0, #0x32
	ldrb r0, [r0, #0x00]
	cmp r0, #0x00
	bne _080D2EFC
_080D2EDE:
	ldrb r0, [r2, #0x06]
	cmp r0, #0x00
	beq _080D2EFC
	ldr r0, [r2, #0x00]
	bl func_080C76B0
	lsls r0, r0, #0x18
	cmp r0, #0x00
	beq _080D2EFC
	ldr r0, [r6, #0x00]
	adds r0, r0, r4
	ldrh r0, [r0, #0x04]
	b _080D2F08
_080D2EF8: .4byte 0x0203C4B4
_080D2EFC:
	adds r5, #0x01
	ldr r0, [r7, #0x00]
	ldrh r0, [r0, #0x30]
	cmp r5, r0
	blt _080D2EC8
_080D2F06:
	movs r0, #0xB4
_080D2F08:
	pop {r4, r5, r6, r7}
	pop {r1}
	bx r1
	.byte 0x00, 0x00, 0x02, 0x49, 0x09, 0x68, 0x32, 0x31, 0x08, 0x70, 0x70, 0x47, 0x00, 0x00, 0xB4, 0xC4
	.byte 0x03, 0x02, 0x0C, 0x4A, 0x11, 0x88, 0x02, 0x20, 0x08, 0x40, 0x00, 0x28, 0x05, 0xD1, 0x02, 0x23
	.byte 0x11, 0x88, 0x18, 0x1C, 0x08, 0x40, 0x00, 0x28, 0xFA, 0xD0, 0x07, 0x4A, 0x11, 0x88, 0x07, 0x48
	.byte 0x08, 0x40, 0x10, 0x80, 0x10, 0x88, 0x02, 0x21, 0x08, 0x43, 0x10, 0x80, 0x05, 0x49, 0x00, 0x20
	.byte 0x08, 0x80, 0x70, 0x47, 0x00, 0x00, 0x04, 0x00, 0x00, 0x04, 0x0C, 0x00, 0x00, 0x04, 0xFC, 0xFF
	.byte 0x00, 0x00, 0x18, 0x00, 0x00, 0x04
	thumb_func_start func_080D2F64
func_080D2F64: @ 080D2F64
	push {r4, r5, r6, r7, lr}
	mov r7, r10
	mov r6, r9
	mov r5, r8
	push {r5, r6, r7}
	ldr r6, _080D2FF4 @ =0x0203C530
	movs r4, #0x80
	lsls r4, r4, #0x07
	adds r0, r4, #0x0
	bl func_08000918
	str r0, [r6, #0x00]
	ldr r5, _080D2FF8 @ =0x0203C504
	adds r0, r4, #0x0
	bl func_08000918
	str r0, [r5, #0x00]
	movs r2, #0x00
	ldr r4, _080D2FFC @ =0x00001FFF
	movs r3, #0x00
_080D2F8C:
	ldr r0, [r6, #0x00]
	lsls r1, r2, #0x01
	adds r0, r1, r0
	strh r3, [r0, #0x00]
	ldr r0, [r5, #0x00]
	adds r1, r1, r0
	strh r3, [r1, #0x00]
	adds r2, #0x01
	cmp r2, r4
	bls _080D2F8C
	movs r0, #0x00
	ldr r1, _080D3000 @ =0x0203C4C0
	mov r9, r1
	ldr r3, _080D2FF4 @ =0x0203C530
	mov r8, r3
	ldr r7, _080D3004 @ =0x0203C510
	mov r12, r7
	ldr r1, _080D2FF8 @ =0x0203C504
	mov r10, r1
_080D2FB2:
	movs r4, #0x00
	adds r6, r0, #0x1
	lsls r5, r0, #0x01
_080D2FB8:
	adds r1, r5, r4
	lsls r2, r1, #0x02
	mov r7, r9
	adds r3, r2, r7
	lsls r1, r1, #0x0B
	mov r7, r8
	ldr r0, [r7, #0x00]
	adds r0, r0, r1
	str r0, [r3, #0x00]
	add r2, r12
	mov r3, r10
	ldr r0, [r3, #0x00]
	adds r0, r0, r1
	str r0, [r2, #0x00]
	adds r0, r4, #0x1
	lsls r0, r0, #0x10
	lsrs r4, r0, #0x10
	cmp r4, #0x01
	bls _080D2FB8
	lsls r0, r6, #0x10
	lsrs r0, r0, #0x10
	cmp r0, #0x03
	bls _080D2FB2
	pop {r3, r4, r5}
	mov r8, r3
	mov r9, r4
	mov r10, r5
	pop {r4, r5, r6, r7}
	pop {r0}
	bx r0
_080D2FF4: .4byte 0x0203C530
_080D2FF8: .4byte 0x0203C504
_080D2FFC: .4byte 0x00001FFF
_080D3000: .4byte 0x0203C4C0
_080D3004: .4byte 0x0203C510
	thumb_func_start func_080D3008
func_080D3008: @ 080D3008
	push {r4, lr}
	movs r4, #0x00
_080D300C:
	lsls r0, r4, #0x10
	lsrs r0, r0, #0x10
	movs r1, #0x01
	bl func_080062F4
	adds r4, #0x01
	cmp r4, #0x1F
	ble _080D300C
	movs r0, #0x0A
	movs r1, #0x00
	bl func_080062F4
	movs r0, #0x00
	movs r1, #0x10
	movs r2, #0x10
	bl func_08006238
	pop {r4}
	pop {r0}
	bx r0
	thumb_func_start func_080D3034
func_080D3034: @ 080D3034
	push {lr}
	lsls r0, r0, #0x10
	lsrs r2, r0, #0x10
	movs r1, #0x10
	asrs r0, r0, #0x10
	subs r1, r1, r0
	lsls r1, r1, #0x10
	lsrs r1, r1, #0x10
	adds r0, r2, #0x0
	bl func_08005810
	pop {r0}
	bx r0
	.byte 0x00, 0x00
	thumb_func_start func_080D3050
func_080D3050: @ 080D3050
	push {r4, lr}
	add sp, #-0x024
	mov r1, sp
	ldr r0, _080D30B4 @ =0x096FDB40
	ldm r0!, {r2, r3, r4}
	stm r1!, {r2, r3, r4}
	ldm r0!, {r2, r3, r4}
	stm r1!, {r2, r3, r4}
	ldm r0!, {r2, r3, r4}
	stm r1!, {r2, r3, r4}
	ldr r3, _080D30B8 @ =0x02034E38
	ldrh r1, [r3, #0x00]
	adds r1, #0x01
	strh r1, [r3, #0x00]
	ldr r2, _080D30BC @ =0x02034E3A
	ldrh r0, [r2, #0x00]
	lsls r0, r0, #0x02
	add r0, sp
	ldrh r0, [r0, #0x02]
	lsls r1, r1, #0x10
	lsrs r1, r1, #0x10
	cmp r1, r0
	bcc _080D30AC
	movs r1, #0x00
	strh r1, [r3, #0x00]
	ldrh r0, [r2, #0x00]
	adds r0, #0x01
	strh r0, [r2, #0x00]
	ldrh r0, [r2, #0x00]
	lsls r0, r0, #0x02
	add r0, sp
	ldrh r0, [r0, #0x00]
	cmp r0, #0xFF
	bne _080D3096
	strh r1, [r2, #0x00]
_080D3096:
	ldrh r0, [r2, #0x00]
	lsls r0, r0, #0x02
	add r0, sp
	ldrh r0, [r0, #0x00]
	lsls r0, r0, #0x05
	ldr r1, _080D30C0 @ =0x0984A138
	adds r0, r0, r1
	ldr r1, _080D30C4 @ =0x05000040
	movs r2, #0x20
	bl func_08005BE8
_080D30AC:
	add sp, #0x024
	pop {r4}
	pop {r0}
	bx r0
_080D30B4: .4byte 0x096FDB40
_080D30B8: .4byte 0x02034E38
_080D30BC: .4byte 0x02034E3A
_080D30C0: .4byte 0x0984A138
_080D30C4: .4byte 0x05000040
	thumb_func_start func_080D30C8
func_080D30C8: @ 080D30C8
	push {r4, r5, r6, lr}
	ldr r5, _080D3130 @ =0x096FDA8C
	ldr r6, _080D3134 @ =0x02039BB0
	ldrb r1, [r6, #0x0C]
	lsls r0, r1, #0x01
	adds r0, r0, r1
	lsls r0, r0, #0x02
	adds r0, r0, r5
	ldr r4, [r0, #0x00]
	movs r0, #0x02
	bl func_0800514C
	adds r1, r0, #0x0
	movs r0, #0x80
	lsls r0, r0, #0x02
	adds r1, r1, r0
	movs r2, #0xC0
	lsls r2, r2, #0x02
	adds r0, r4, #0x0
	bl func_080043B4
	ldrb r1, [r6, #0x0C]
	lsls r0, r1, #0x01
	adds r0, r0, r1
	lsls r0, r0, #0x02
	adds r1, r5, #0x4
	adds r0, r0, r1
	ldr r4, [r0, #0x00]
	movs r0, #0x02
	bl func_08005130
	adds r1, r0, #0x0
	movs r2, #0x80
	lsls r2, r2, #0x06
	adds r1, r1, r2
	adds r0, r4, #0x0
	bl func_080043B4
	ldrb r1, [r6, #0x0C]
	lsls r0, r1, #0x01
	adds r0, r0, r1
	lsls r0, r0, #0x02
	adds r5, #0x08
	adds r0, r0, r5
	ldr r0, [r0, #0x00]
	ldr r1, _080D3138 @ =0x05000140
	movs r2, #0x20
	bl func_08005BE8
	pop {r4, r5, r6}
	pop {r0}
	bx r0
_080D3130: .4byte 0x096FDA8C
_080D3134: .4byte 0x02039BB0
_080D3138: .4byte 0x05000140
	thumb_func_start func_080D313C
func_080D313C: @ 080D313C
	push {r4, lr}
	movs r0, #0x02
	bl func_08005130
	adds r3, r0, #0x0
	adds r3, #0x20
	ldr r2, _080D3164 @ =0x02039BB0
	ldr r0, [r2, #0x08]
	movs r1, #0x08
	ands r0, r1
	cmp r0, #0x00
	beq _080D316C
	movs r0, #0x0E
	ldsb r0, [r2, r0]
	lsls r1, r0, #0x02
	adds r1, r1, r0
	lsls r1, r1, #0x06
	ldr r0, _080D3168 @ =0x097B8258
	b _080D3178
	.byte 0x00, 0x00
_080D3164: .4byte 0x02039BB0
_080D3168: .4byte 0x097B8258
_080D316C:
	movs r0, #0x0E
	ldsb r0, [r2, r0]
	lsls r1, r0, #0x02
	adds r1, r1, r0
	lsls r1, r1, #0x06
	ldr r0, _080D31BC @ =0x097B7218
_080D3178:
	adds r4, r1, r0
	movs r2, #0xA0
	lsls r2, r2, #0x01
	adds r0, r4, #0x0
	adds r1, r3, #0x0
	bl func_080043B4
	movs r0, #0x02
	bl func_0800514C
	movs r1, #0x90
	lsls r1, r1, #0x03
	adds r3, r0, r1
	ldr r4, _080D31C0 @ =0x0983BC18
	adds r0, r4, #0x0
	adds r1, r3, #0x0
	movs r2, #0x0A
	bl func_080043B4
	movs r0, #0x02
	bl func_0800514C
	movs r1, #0x98
	lsls r1, r1, #0x03
	adds r3, r0, r1
	adds r4, #0x40
	adds r0, r4, #0x0
	adds r1, r3, #0x0
	movs r2, #0x0A
	bl func_080043B4
	pop {r4}
	pop {r0}
	bx r0
_080D31BC: .4byte 0x097B7218
_080D31C0: .4byte 0x0983BC18
