@ Generated with Luvdis v0.8.0
.syntax unified
.text
@ Begin embedded Luvdis macros
	.macro arm_func_start name
	.align 2, 0
	.global \name
	.arm
	.type \name, %function
	.endm

	.macro arm_func_end name
	.size \name, .-\name
	.endm

	.macro thumb_func_start name
	.align 2, 0
	.global \name
	.thumb
	.thumb_func
	.type \name, %function
	.endm

	.macro non_word_aligned_thumb_func_start name
	.global \name
	.thumb
	.thumb_func
	.type \name, %function
	.endm

	.macro thumb_func_end name
	.size \name, .-\name
	.endm
@ End embedded Luvdis macros

	thumb_func_start task_sroll_a_name_0
task_sroll_a_name_0: @ 08114758
	push {r4, r5, r6, lr}
	adds r5, r0, #0x0
	adds r6, r1, #0x0
	ldrh r0, [r6, #0x00]
	movs r1, #0x00
	strh r0, [r5, #0x02]
	ldr r0, [r6, #0x08]
	str r0, [r5, #0x08]
	ldr r0, [r6, #0x0C]
	str r0, [r5, #0x0C]
	ldr r0, [r6, #0x10]
	str r0, [r5, #0x10]
	ldr r0, [r6, #0x14]
	str r0, [r5, #0x14]
	strh r1, [r5, #0x00]
	strh r1, [r5, #0x04]
	movs r1, #0x00
	ldsh r0, [r6, r1]
	cmp r0, #0x01
	beq _081147B4
	cmp r0, #0x01
	bgt _0811478A
	cmp r0, #0x00
	beq _08114790
	b _08114850
_0811478A:
	cmp r0, #0x02
	beq _081147F0
	b _08114850
_08114790:
	ldr r0, _081147A8 @ =0x09C638BE
	movs r1, #0x8C
	lsls r1, r1, #0x03
	bl func_080026A4
	str r0, [r5, #0x18]
	adds r4, r5, #0x0
	adds r4, #0x20
	ldr r1, _081147AC @ =0x09EFB200
	ldr r2, _081147B0 @ =0x09EFB1F8
	b _081147D2
	.byte 0x00, 0x00
_081147A8: .4byte 0x09C638BE
_081147AC: .4byte 0x09EFB200
_081147B0: .4byte 0x09EFB1F8
_081147B4:
	ldr r2, _081147E4 @ =0x09A54218
	ldrh r1, [r6, #0x04]
	lsls r1, r1, #0x03
	adds r0, r1, r2
	ldr r0, [r0, #0x00]
	adds r2, #0x04
	adds r1, r1, r2
	ldrh r1, [r1, #0x00]
	bl func_080026A4
	str r0, [r5, #0x18]
	adds r4, r5, #0x0
	adds r4, #0x20
	ldr r1, _081147E8 @ =0x09EFB244
	ldr r2, _081147EC @ =0x09EFB208
_081147D2:
	adds r0, r4, #0x0
	bl func_08005968
	ldrh r1, [r6, #0x02]
	adds r0, r4, #0x0
	movs r2, #0x00
	bl func_080059A4
	b _08114850
_081147E4: .4byte 0x09A54218
_081147E8: .4byte 0x09EFB244
_081147EC: .4byte 0x09EFB208
_081147F0:
	ldr r2, _0811481C @ =0x09A54218
	ldrh r1, [r6, #0x04]
	lsls r1, r1, #0x03
	adds r0, r1, r2
	ldr r0, [r0, #0x00]
	adds r2, #0x04
	adds r1, r1, r2
	ldrh r1, [r1, #0x00]
	bl func_080026A4
	str r0, [r5, #0x18]
	ldrh r0, [r6, #0x02]
	cmp r0, #0x01
	bne _08114828
	adds r4, r5, #0x0
	adds r4, #0x20
	ldr r1, _08114820 @ =0x09EFB5EC
	ldr r2, _08114824 @ =0x09EFB5B0
	adds r0, r4, #0x0
	bl func_08005968
	b _08114836
_0811481C: .4byte 0x09A54218
_08114820: .4byte 0x09EFB5EC
_08114824: .4byte 0x09EFB5B0
_08114828:
	adds r4, r5, #0x0
	adds r4, #0x20
	ldr r1, _08114860 @ =0x09EFB244
	ldr r2, _08114864 @ =0x09EFB208
	adds r0, r4, #0x0
	bl func_08005968
_08114836:
	adds r0, r4, #0x0
	movs r1, #0x02
	movs r2, #0x00
	bl func_080059A4
	ldr r1, _08114868 @ =0x03007554
	movs r2, #0xA0
	lsls r2, r2, #0x01
	adds r0, r2, #0x0
	strh r0, [r1, #0x00]
	ldr r1, _0811486C @ =0x03007564
	movs r0, #0x00
	strh r0, [r1, #0x00]
_08114850:
	ldr r0, _08114870 @ =0x09D6CD74
	movs r1, #0x40
	bl func_08002A14
	str r0, [r5, #0x1C]
	pop {r4, r5, r6}
	pop {r0}
	bx r0
_08114860: .4byte 0x09EFB244
_08114864: .4byte 0x09EFB208
_08114868: .4byte 0x03007554
_0811486C: .4byte 0x03007564
_08114870: .4byte 0x09D6CD74
	thumb_func_start task_sroll_a_name_1
task_sroll_a_name_1: @ 08114874
	push {r4, lr}
	adds r1, r0, #0x0
	ldrh r0, [r1, #0x04]
	adds r2, r0, #0x1
	movs r3, #0x00
	strh r2, [r1, #0x04]
	movs r4, #0x02
	ldsh r0, [r1, r4]
	cmp r0, #0x02
	bne _081148C4
	lsls r0, r2, #0x10
	asrs r0, r0, #0x10
	cmp r0, #0x2F
	bgt _081148A4
	ldr r4, _081148A0 @ =0x03007564
	movs r2, #0x04
	ldsh r0, [r1, r2]
	movs r1, #0x03
	bl func_0811D5EC
	strh r0, [r4, #0x00]
	b _081148CC
_081148A0: .4byte 0x03007564
_081148A4:
	cmp r0, #0x30
	bne _081148B0
	ldr r0, _081148BC @ =0x03007554
	strh r3, [r0, #0x00]
	ldr r0, _081148C0 @ =0x03007564
	strh r3, [r0, #0x00]
_081148B0:
	adds r0, r1, #0x0
	adds r0, #0x20
	bl func_08005A64
	b _081148CC
	.byte 0x00, 0x00
_081148BC: .4byte 0x03007554
_081148C0: .4byte 0x03007564
_081148C4:
	adds r0, r1, #0x0
	adds r0, #0x20
	bl func_08005A64
_081148CC:
	movs r0, #0x01
	pop {r4}
	pop {r1}
	bx r1
	thumb_func_start task_sroll_a_name_2
task_sroll_a_name_2: @ 081148D4
	push {r4, r5, r6, r7, lr}
	mov r7, r8
	push {r7}
	add sp, #-0x010
	adds r6, r0, #0x0
	movs r1, #0x04
	ldsh r0, [r6, r1]
	cmp r0, #0x1D
	bgt _0811490C
	ldr r0, [r6, #0x10]
	ldr r4, [r6, #0x08]
	subs r0, r0, r4
	movs r2, #0x04
	ldsh r5, [r6, r2]
	muls r0, r5
	movs r1, #0x1E
	bl func_0811D5EC
	adds r7, r4, r0
	ldr r0, [r6, #0x14]
	ldr r4, [r6, #0x0C]
	subs r0, r0, r4
	muls r0, r5
	movs r1, #0x1E
	bl func_0811D5EC
	adds r4, r4, r0
	b _08114910
_0811490C:
	ldr r7, [r6, #0x10]
	ldr r4, [r6, #0x14]
_08114910:
	movs r0, #0x00
	mov r8, r0
	movs r1, #0x02
	ldsh r0, [r6, r1]
	adds r5, r6, #0x0
	adds r5, #0x20
	cmp r0, #0x02
	bne _08114948
	movs r2, #0x04
	mov r8, r2
	adds r0, r5, #0x0
	bl func_08005B34
	lsls r0, r0, #0x10
	lsrs r0, r0, #0x0B
	adds r0, #0x20
	ldr r1, _08114988 @ =0x09D6CD74
	adds r0, r0, r1
	ldr r1, [r6, #0x1C]
	ldrh r2, [r1, #0x06]
	movs r1, #0x0F
	ands r1, r2
	lsls r1, r1, #0x05
	ldr r2, _0811498C @ =0x05000220
	adds r1, r1, r2
	movs r2, #0x20
	bl func_08005BE8
_08114948:
	adds r0, r5, #0x0
	bl func_08005AFC
	adds r2, r0, #0x0
	lsls r0, r7, #0x08
	asrs r0, r0, #0x10
	lsls r1, r4, #0x08
	asrs r1, r1, #0x10
	ldr r3, [r6, #0x18]
	ldr r4, [r6, #0x1C]
	str r4, [sp, #0x000]
	movs r4, #0x00
	str r4, [sp, #0x004]
	mov r4, r8
	str r4, [sp, #0x008]
	ldrh r5, [r6, #0x02]
	movs r6, #0xFF
	lsls r6, r6, #0x04
	adds r4, r6, #0x0
	subs r4, r4, r5
	lsls r4, r4, #0x10
	lsrs r4, r4, #0x10
	str r4, [sp, #0x00C]
	bl func_080023E0
	add sp, #0x010
	pop {r3}
	mov r8, r3
	pop {r4, r5, r6, r7}
	pop {r0}
	bx r0
	.byte 0x00, 0x00
_08114988: .4byte 0x09D6CD74
_0811498C: .4byte 0x05000220
	thumb_func_start task_sroll_a_name_3
task_sroll_a_name_3: @ 08114990
	push {r4, lr}
	adds r4, r0, #0x0
	ldr r0, [r4, #0x18]
	bl func_080028C0
	ldr r0, [r4, #0x1C]
	bl func_08002C10
	pop {r4}
	pop {r0}
	bx r0
	.byte 0x00, 0x00, 0x01, 0x1C, 0x41, 0x43, 0x08, 0x1C, 0x70, 0x47, 0x40, 0x68, 0x01, 0x60, 0x70, 0x47
	.byte 0x00, 0x00
	thumb_func_start func_081149B8
func_081149B8: @ 081149B8
	push {r4, r5, r6, lr}
	add sp, #-0x004
	adds r6, r0, #0x0
	ldr r0, [r6, #0x08]
	ldr r2, [r0, #0x00]
	ldr r5, [r2, #0x00]
	adds r0, r6, #0x0
	adds r0, #0x14
	ldrh r1, [r2, #0x0C]
	ldrh r2, [r2, #0x0E]
	ldr r3, [r5, #0x04]
	ldr r4, [r5, #0x00]
	str r4, [sp, #0x000]
	bl func_08005974
	ldr r0, [r6, #0x0C]
	ldr r1, [r5, #0x08]
	bl func_08002A10
	ldr r2, [r6, #0x08]
	ldrh r1, [r2, #0x14]
	ldr r0, _081149F0 @ =0x0000FFFE
	ands r0, r1
	strh r0, [r2, #0x14]
	add sp, #0x004
	pop {r4, r5, r6}
	pop {r0}
	bx r0
_081149F0: .4byte 0x0000FFFE
	thumb_func_start task_sroll_b_char_0
task_sroll_b_char_0: @ 081149F4
	push {r4, r5, lr}
	adds r4, r0, #0x0
	ldr r5, [r1, #0x00]
	movs r0, #0x00
	str r0, [r4, #0x00]
	str r0, [r4, #0x04]
	ldr r0, [r1, #0x04]
	str r0, [r4, #0x08]
	ldrh r0, [r5, #0x00]
	lsls r0, r0, #0x15
	lsrs r0, r0, #0x10
	movs r1, #0x00
	bl func_080028F8
	str r0, [r4, #0x0C]
	ldr r0, [r5, #0x08]
	movs r1, #0x20
	bl func_08002A14
	str r0, [r4, #0x10]
	adds r5, r4, #0x0
	adds r5, #0x14
	adds r0, r5, #0x0
	movs r1, #0x00
	movs r2, #0x00
	bl func_08005968
	ldr r1, [r4, #0x08]
	str r5, [r1, #0x18]
	ldr r0, [r4, #0x10]
	ldrh r0, [r0, #0x06]
	strh r0, [r1, #0x1C]
	adds r0, r4, #0x0
	bl func_081149B8
	adds r4, #0x2C
	adds r0, r4, #0x0
	movs r1, #0x04
	bl func_08000E64
	pop {r4, r5}
	pop {r0}
	bx r0
	.byte 0x00, 0x00
	thumb_func_start task_sroll_b_char_1
task_sroll_b_char_1: @ 08114A4C
	push {r4, r5, lr}
	add sp, #-0x00C
	adds r5, r0, #0x0
	ldr r0, [r5, #0x08]
	ldrh r1, [r0, #0x14]
	movs r0, #0x01
	ands r0, r1
	cmp r0, #0x00
	beq _08114A64
	adds r0, r5, #0x0
	bl func_081149B8
_08114A64:
	ldr r0, [r5, #0x08]
	ldrh r1, [r0, #0x16]
	movs r0, #0x04
	ands r0, r1
	cmp r0, #0x00
	bne _08114A82
	ldr r0, [r5, #0x10]
	ldrh r1, [r0, #0x06]
	movs r0, #0x0F
	ands r0, r1
	adds r0, #0x10
	movs r1, #0x00
	bl func_080062F4
	b _08114A92
_08114A82:
	ldr r0, [r5, #0x10]
	ldrh r1, [r0, #0x06]
	movs r0, #0x0F
	ands r0, r1
	adds r0, #0x10
	movs r1, #0x01
	bl func_080062F4
_08114A92:
	adds r0, r5, #0x0
	adds r0, #0x14
	bl func_08005A64
	adds r4, r5, #0x0
	adds r4, #0x2C
	adds r0, r4, #0x0
	bl func_08000EA4
	ldr r0, [r5, #0x00]
	subs r0, #0x01
	cmp r0, #0x04
	bhi _08114B76
	lsls r0, r0, #0x02
	ldr r1, _08114AB8 @ =0x08114ABC
	adds r0, r0, r1
	ldr r0, [r0, #0x00]
	mov pc, r0
	.byte 0x00, 0x00
_08114AB8: .4byte 0x08114ABC
	.byte 0xD0, 0x4A, 0x11, 0x08, 0xE0, 0x4A, 0x11, 0x08, 0xFC, 0x4A, 0x11, 0x08, 0x44, 0x4B, 0x11, 0x08
	.byte 0x54, 0x4B, 0x11, 0x08, 0xA8, 0x68, 0x41, 0x68, 0x80, 0x39, 0x41, 0x60, 0x81, 0x68, 0x80, 0x31
	.byte 0x81, 0x60, 0x4A, 0xE0, 0xAB, 0x68, 0x05, 0x4A, 0x68, 0x68, 0x80, 0x10, 0x0F, 0x21, 0x08, 0x40
	.byte 0x80, 0x00, 0x80, 0x18, 0x00, 0x68, 0x00, 0x02, 0xD8, 0x60, 0x3B, 0xE0, 0x0C, 0x43, 0xA5, 0x09
	.byte 0x68, 0x68, 0x03, 0x21, 0x08, 0x40, 0x00, 0x28, 0x0C, 0xD1, 0x69, 0x46, 0x02, 0x20, 0x08, 0x80
	.byte 0xA9, 0x68, 0x48, 0x68, 0x01, 0x90, 0x88, 0x68, 0x02, 0x90, 0x09, 0x49, 0x20, 0x1C, 0x6A, 0x46
	.byte 0xEC, 0xF6, 0x7A, 0xF9, 0xAB, 0x68, 0x07, 0x4A, 0x68, 0x68, 0x80, 0x10, 0x0F, 0x21, 0x08, 0x40
	.byte 0x80, 0x00, 0x80, 0x18, 0x00, 0x68, 0x00, 0x02, 0x80, 0x10, 0xD8, 0x60, 0x1A, 0xE0, 0x00, 0x00
	.byte 0x34, 0xAA, 0xEF, 0x09, 0x0C, 0x43, 0xA5, 0x09, 0xA8, 0x68, 0x41, 0x68, 0x80, 0x31, 0x41, 0x60
	.byte 0x81, 0x68, 0x80, 0x39, 0x81, 0x60, 0x10, 0xE0, 0xAB, 0x68, 0x0A, 0x4A, 0x68, 0x68, 0x80, 0x10
	.byte 0x0F, 0x21, 0x08, 0x40, 0x80, 0x00, 0x80, 0x18, 0x01, 0x68, 0x09, 0x02, 0x89, 0x10, 0x58, 0x68
	.byte 0x40, 0x18, 0x58, 0x60, 0x68, 0x68, 0x01, 0x30, 0x68, 0x60
_08114B76:
	movs r0, #0x01
	add sp, #0x00C
	pop {r4, r5}
	pop {r1}
	bx r1
	.byte 0xCC, 0x42, 0xA5, 0x09
	thumb_func_start task_sroll_b_char_2
task_sroll_b_char_2: @ 08114B84
	push {r4, r5, r6, r7, lr}
	mov r7, r8
	push {r7}
	add sp, #-0x010
	adds r6, r0, #0x0
	ldr r7, [r6, #0x08]
	ldrh r1, [r7, #0x14]
	movs r0, #0x02
	ands r0, r1
	cmp r0, #0x00
	bne _08114BF0
	ldr r5, [r7, #0x04]
	lsls r5, r5, #0x08
	lsrs r5, r5, #0x10
	ldr r4, [r7, #0x08]
	ldr r0, [r7, #0x0C]
	adds r4, r4, r0
	lsls r4, r4, #0x08
	lsrs r4, r4, #0x10
	adds r0, r6, #0x0
	adds r0, #0x14
	bl func_08005AFC
	mov r8, r0
	adds r0, r7, #0x0
	adds r0, #0x28
	ldrb r0, [r0, #0x00]
	ldr r1, [r7, #0x20]
	ldr r2, [r7, #0x24]
	movs r3, #0x01
	bl func_08002CB4
	lsls r5, r5, #0x10
	asrs r5, r5, #0x10
	lsls r4, r4, #0x10
	asrs r4, r4, #0x10
	ldr r3, [r6, #0x0C]
	ldr r1, [r6, #0x10]
	str r1, [sp, #0x000]
	str r0, [sp, #0x004]
	ldrh r0, [r7, #0x16]
	str r0, [sp, #0x008]
	movs r0, #0xFF
	lsls r0, r0, #0x04
	str r0, [sp, #0x00C]
	adds r0, r5, #0x0
	adds r1, r4, #0x0
	mov r2, r8
	bl func_080023E0
	adds r0, r6, #0x0
	adds r0, #0x2C
	bl func_08000EE0
_08114BF0:
	add sp, #0x010
	pop {r3}
	mov r8, r3
	pop {r4, r5, r6, r7}
	pop {r0}
	bx r0
	thumb_func_start task_sroll_b_char_3
task_sroll_b_char_3: @ 08114BFC
	push {r4, lr}
	adds r4, r0, #0x0
	ldr r0, [r4, #0x0C]
	bl func_080028C0
	ldr r0, [r4, #0x10]
	bl func_08002C10
	adds r4, #0x2C
	adds r0, r4, #0x0
	bl func_08000F0C
	pop {r4}
	pop {r0}
	bx r0
	.byte 0x00, 0x00, 0x01, 0x1C, 0x41, 0x43, 0x08, 0x1C, 0x70, 0x47
	thumb_func_start task_sroll_b_logo_0
task_sroll_b_logo_0: @ 08114C24
	push {r4, r5, r6, lr}
	adds r6, r0, #0x0
	adds r4, r1, #0x0
	ldr r0, [r4, #0x00]
	str r0, [r6, #0x00]
	ldr r0, [r4, #0x04]
	str r0, [r6, #0x04]
	ldr r0, [r4, #0x08]
	str r0, [r6, #0x08]
	ldr r0, [r4, #0x0C]
	str r0, [r6, #0x0C]
	ldr r0, _08114C88 @ =0x09C5CC7C
	movs r1, #0xBC
	lsls r1, r1, #0x04
	bl func_080026A4
	str r0, [r6, #0x10]
	ldr r0, _08114C8C @ =0x09D6BE34
	movs r1, #0x40
	bl func_08002A14
	str r0, [r6, #0x14]
	adds r5, r6, #0x0
	adds r5, #0x18
	ldr r1, _08114C90 @ =0x09EFAF6C
	ldr r2, _08114C94 @ =0x09EFAF60
	adds r0, r5, #0x0
	bl func_08005968
	ldrh r1, [r4, #0x10]
	adds r0, r5, #0x0
	movs r2, #0x00
	bl func_080059A4
	movs r4, #0x00
_08114C6A:
	ldr r0, [r6, #0x14]
	ldrh r0, [r0, #0x06]
	adds r0, r0, r4
	movs r1, #0x0F
	ands r0, r1
	adds r0, #0x10
	movs r1, #0x01
	bl func_080062F4
	adds r4, #0x01
	cmp r4, #0x01
	bls _08114C6A
	pop {r4, r5, r6}
	pop {r0}
	bx r0
_08114C88: .4byte 0x09C5CC7C
_08114C8C: .4byte 0x09D6BE34
_08114C90: .4byte 0x09EFAF6C
_08114C94: .4byte 0x09EFAF60
	thumb_func_start task_sroll_b_logo_1
task_sroll_b_logo_1: @ 08114C98
	push {r4, lr}
	adds r2, r0, #0x0
	movs r4, #0x01
	ldr r1, [r2, #0x04]
	asrs r1, r1, #0x08
	ldr r0, [r2, #0x08]
	ldr r0, [r0, #0x00]
	asrs r0, r0, #0x08
	subs r1, r1, r0
	lsls r1, r1, #0x10
	asrs r1, r1, #0x10
	movs r0, #0x20
	negs r0, r0
	cmp r1, r0
	bgt _08114CB8
	movs r4, #0x00
_08114CB8:
	adds r0, r2, #0x0
	adds r0, #0x18
	bl func_08005A64
	adds r0, r4, #0x0
	pop {r4}
	pop {r1}
	bx r1
	thumb_func_start task_sroll_b_logo_2
task_sroll_b_logo_2: @ 08114CC8
	push {r4, r5, lr}
	add sp, #-0x010
	adds r5, r0, #0x0
	ldr r4, [r5, #0x04]
	asrs r4, r4, #0x08
	ldr r0, [r5, #0x08]
	ldr r0, [r0, #0x00]
	asrs r0, r0, #0x08
	subs r4, r4, r0
	lsls r4, r4, #0x10
	lsrs r4, r4, #0x10
	adds r0, r5, #0x0
	adds r0, #0x18
	bl func_08005AFC
	adds r2, r0, #0x0
	ldr r0, [r5, #0x00]
	lsls r0, r0, #0x08
	asrs r0, r0, #0x10
	lsls r4, r4, #0x10
	asrs r4, r4, #0x10
	ldr r3, [r5, #0x10]
	ldr r1, [r5, #0x14]
	str r1, [sp, #0x000]
	movs r1, #0x00
	str r1, [sp, #0x004]
	str r1, [sp, #0x008]
	movs r1, #0xFF
	lsls r1, r1, #0x04
	str r1, [sp, #0x00C]
	adds r1, r4, #0x0
	bl func_080023E0
	add sp, #0x010
	pop {r4, r5}
	pop {r0}
	bx r0
	.byte 0x00, 0x00
	thumb_func_start task_sroll_b_logo_3
task_sroll_b_logo_3: @ 08114D14
	push {r4, lr}
	adds r4, r0, #0x0
	ldr r0, [r4, #0x10]
	bl func_080028C0
	ldr r0, [r4, #0x14]
	bl func_08002C10
	pop {r4}
	pop {r0}
	bx r0
	.byte 0x00, 0x00, 0x01, 0x1C, 0x41, 0x43, 0x08, 0x1C, 0x70, 0x47, 0xF0, 0xB5, 0x47, 0x46, 0x80, 0xB4
	.byte 0x81, 0xB0, 0x07, 0x1C, 0x0D, 0x1C, 0x00, 0x20, 0x38, 0x60, 0x68, 0x68, 0x78, 0x60, 0xA8, 0x68
	.byte 0xB8, 0x60, 0xE8, 0x68, 0xF8, 0x60, 0x28, 0x69, 0x38, 0x61, 0x29, 0x68, 0x00, 0x29, 0x2E, 0xDA
	.byte 0x12, 0x48, 0x12, 0x49, 0xED, 0xF6, 0xA1, 0xFC, 0x78, 0x61, 0x11, 0x48, 0x20, 0x21, 0xED, 0xF6
	.byte 0x54, 0xFE, 0xB8, 0x61, 0x3C, 0x1C, 0x1C, 0x34, 0x0F, 0x48, 0x80, 0x46, 0x0F, 0x4E, 0x20, 0x1C
	.byte 0x41, 0x46, 0x32, 0x1C, 0xF0, 0xF6, 0xF3, 0xFD, 0x20, 0x1C, 0x00, 0x21, 0x00, 0x22, 0xF0, 0xF6
	.byte 0x0C, 0xFE, 0x18, 0x34, 0x20, 0x1C, 0x41, 0x46, 0x32, 0x1C, 0xF0, 0xF6, 0xE8, 0xFD, 0x20, 0x1C
	.byte 0x00, 0x21, 0x00, 0x22, 0xF0, 0xF6, 0x01, 0xFE, 0x3D, 0xE0, 0x10, 0x7A, 0xC8, 0x09, 0xC0, 0x4B
	.byte 0x00, 0x00, 0x34, 0xCF, 0xD6, 0x09, 0x34, 0xB8, 0xEF, 0x09, 0x28, 0xB8, 0xEF, 0x09, 0x23, 0x4C
	.byte 0x09, 0x01, 0x08, 0x19, 0x00, 0x68, 0x22, 0x1D, 0x89, 0x18, 0x09, 0x88, 0xED, 0xF6, 0x6D, 0xFC
	.byte 0x78, 0x61, 0x1F, 0x48, 0x80, 0x21, 0x49, 0x00, 0xED, 0xF6, 0x1F, 0xFE, 0xB8, 0x61, 0x3E, 0x1C
	.byte 0x1C, 0x36, 0x28, 0x68, 0x00, 0x01, 0x08, 0x21, 0x09, 0x19, 0x88, 0x46, 0x41, 0x18, 0x09, 0x68
	.byte 0x0C, 0x34, 0x00, 0x19, 0x02, 0x68, 0x30, 0x1C, 0xF0, 0xF6, 0xB9, 0xFD, 0x30, 0x1C, 0x00, 0x21
	.byte 0x00, 0x22, 0xF0, 0xF6, 0xD2, 0xFD, 0x18, 0x36, 0x28, 0x68, 0x00, 0x01, 0x42, 0x46, 0x82, 0x18
	.byte 0x11, 0x68, 0x00, 0x19, 0x02, 0x68, 0x30, 0x1C, 0xF0, 0xF6, 0xA9, 0xFD, 0x30, 0x1C, 0x01, 0x21
	.byte 0x00, 0x22, 0xF0, 0xF6, 0xC2, 0xFD, 0x00, 0x24, 0xB8, 0x69, 0xC0, 0x88, 0x00, 0x19, 0x0F, 0x21
	.byte 0x08, 0x40, 0x10, 0x30, 0x01, 0x21, 0xF1, 0xF6, 0x60, 0xFA, 0x01, 0x34, 0x07, 0x2C, 0xF3, 0xD9
	.byte 0x01, 0xB0, 0x08, 0xBC, 0x98, 0x46, 0xF0, 0xBC, 0x01, 0xBC, 0x00, 0x47, 0x00, 0x00, 0x74, 0x43
	.byte 0xA5, 0x09, 0x74, 0xBE, 0xD6, 0x09, 0x70, 0xB5, 0x04, 0x1C, 0x01, 0x26, 0xA1, 0x68, 0x09, 0x12
	.byte 0xE0, 0x68, 0x00, 0x68, 0x00, 0x12, 0x09, 0x1A, 0x09, 0x04, 0x09, 0x14, 0x20, 0x20, 0x40, 0x42
	.byte 0x81, 0x42, 0x00, 0xDC, 0x00, 0x26, 0x9F, 0x29, 0x1A, 0xDC, 0x20, 0x1D, 0xF0, 0x25, 0xED, 0x01
	.byte 0x29, 0x1C, 0x14, 0x22, 0xF0, 0xF6, 0x55, 0xFD, 0x60, 0x68, 0x0C, 0x49, 0x40, 0x18, 0x00, 0x28
	.byte 0x00, 0xDA, 0x40, 0x42, 0xFF, 0x28, 0x00, 0xDC, 0x65, 0x60, 0x60, 0x68, 0xA8, 0x42, 0x07, 0xD1
	.byte 0x20, 0x1C, 0x1C, 0x30, 0xF0, 0xF6, 0xE1, 0xFD, 0x20, 0x1C, 0x34, 0x30, 0xF0, 0xF6, 0xDD, 0xFD
	.byte 0x20, 0x68, 0x01, 0x30, 0x20, 0x60, 0x30, 0x1C, 0x70, 0xBC, 0x02, 0xBC, 0x08, 0x47, 0x00, 0x88
	.byte 0xFF, 0xFF, 0x70, 0xB5, 0x84, 0xB0, 0x06, 0x1C, 0xB4, 0x68, 0x24, 0x12, 0xF0, 0x68, 0x00, 0x68
	.byte 0x00, 0x12, 0x24, 0x1A, 0x24, 0x04, 0x24, 0x0C, 0x30, 0x1C, 0x1C, 0x30, 0xF0, 0xF6, 0x11, 0xFE
	.byte 0x02, 0x1C, 0x24, 0x04, 0x24, 0x14, 0x73, 0x69, 0xB0, 0x69, 0x00, 0x90, 0x00, 0x25, 0x01, 0x95
	.byte 0x02, 0x95, 0xEF, 0x20, 0x00, 0x01, 0x03, 0x90, 0x78, 0x20, 0x21, 0x1C, 0xED, 0xF6, 0x73, 0xFA
	.byte 0x30, 0x1C, 0x34, 0x30, 0xF0, 0xF6, 0xFD, 0xFD, 0x02, 0x1C, 0x73, 0x69, 0xB0, 0x69, 0x00, 0x90
	.byte 0x01, 0x95, 0x02, 0x95, 0xEE, 0x20, 0x00, 0x01, 0x03, 0x90, 0x78, 0x20, 0x21, 0x1C, 0xED, 0xF6
	.byte 0x62, 0xFA, 0x04, 0xB0, 0x70, 0xBC, 0x01, 0xBC, 0x00, 0x47, 0x10, 0xB5, 0x04, 0x1C, 0x60, 0x69
	.byte 0xED, 0xF6, 0xC9, 0xFC, 0xA0, 0x69, 0xED, 0xF6, 0x6E, 0xFE, 0x10, 0xBC, 0x01, 0xBC, 0x00, 0x47
	.byte 0x00, 0x00, 0x01, 0x1C, 0x41, 0x43, 0x08, 0x1C, 0x70, 0x47
	thumb_func_start task_sroll_b_crtn_0
task_sroll_b_crtn_0: @ 08114F44
	push {r4, r5, lr}
	adds r5, r0, #0x0
	adds r4, r1, #0x0
	movs r0, #0x00
	str r0, [r5, #0x00]
	ldrh r0, [r4, #0x00]
	strh r0, [r5, #0x04]
	ldrh r0, [r5, #0x04]
	cmp r0, #0x05
	bls _08114F5A
	b _0811507C
_08114F5A:
	lsls r0, r0, #0x02
	ldr r1, _08114F64 @ =0x08114F68
	adds r0, r0, r1
	ldr r0, [r0, #0x00]
	mov pc, r0
_08114F64: .4byte 0x08114F68
	.byte 0x80, 0x4F, 0x11, 0x08, 0x80, 0x4F, 0x11, 0x08, 0x18, 0x50, 0x11, 0x08, 0xC8, 0x4F, 0x11, 0x08
	.byte 0x7C, 0x50, 0x11, 0x08, 0x80, 0x4F, 0x11, 0x08, 0x60, 0x68, 0xA8, 0x60, 0xA0, 0x68, 0x0B, 0x49
	.byte 0x40, 0x18, 0xE8, 0x60, 0x0A, 0x49, 0x80, 0x20, 0xED, 0xF6, 0xB2, 0xFC, 0x28, 0x61, 0x09, 0x48
	.byte 0x20, 0x21, 0xED, 0xF6, 0x3B, 0xFD, 0x68, 0x61, 0x2C, 0x1C, 0x18, 0x34, 0x06, 0x49, 0x07, 0x4A
	.byte 0x20, 0x1C, 0xF0, 0xF6, 0xDD, 0xFC, 0xA9, 0x88, 0x20, 0x1C, 0x22, 0xE0, 0x00, 0xE0, 0xFF, 0xFF
	.byte 0x96, 0x07, 0x32, 0x09, 0xE4, 0x9B, 0xF6, 0x08, 0x38, 0xFD, 0xEE, 0x09, 0xAC, 0xFC, 0xEE, 0x09
	.byte 0x60, 0x68, 0xA8, 0x60, 0xA0, 0x68, 0x0D, 0x49, 0x40, 0x18, 0xE8, 0x60, 0x0C, 0x49, 0x80, 0x20
	.byte 0xED, 0xF6, 0x8E, 0xFC, 0x28, 0x61, 0x0B, 0x48, 0x20, 0x21, 0xED, 0xF6, 0x17, 0xFD, 0x68, 0x61
	.byte 0x2C, 0x1C, 0x18, 0x34, 0x08, 0x49, 0x09, 0x4A, 0x20, 0x1C, 0xF0, 0xF6, 0xB9, 0xFC, 0x20, 0x1C
	.byte 0x00, 0x21, 0x00, 0x22, 0xF0, 0xF6, 0xD2, 0xFC, 0x3C, 0xE0, 0x00, 0x00, 0x00, 0xD0, 0xFF, 0xFF
	.byte 0x96, 0x07, 0x32, 0x09, 0xE4, 0x9B, 0xF6, 0x08, 0x38, 0xFD, 0xEE, 0x09, 0xAC, 0xFC, 0xEE, 0x09
	.byte 0xF1, 0xF6, 0xC4, 0xFA, 0x00, 0x04, 0x00, 0x0C, 0x09, 0x21, 0x08, 0xF0, 0xD3, 0xFB, 0x00, 0x04
	.byte 0x00, 0x0A, 0x1A, 0x49, 0x40, 0x18, 0x61, 0x68, 0x09, 0x18, 0xA9, 0x60, 0xF1, 0xF6, 0xB6, 0xFA
	.byte 0x00, 0x04, 0x00, 0x0C, 0x09, 0x21, 0x08, 0xF0, 0xC5, 0xFB, 0x00, 0x04, 0x00, 0x0A, 0x13, 0x49
	.byte 0x40, 0x18, 0xA1, 0x68, 0x09, 0x18, 0xE9, 0x60, 0x11, 0x49, 0x80, 0x20, 0xED, 0xF6, 0x50, 0xFC
	.byte 0x28, 0x61, 0x10, 0x48, 0x20, 0x21, 0xED, 0xF6, 0xD9, 0xFC, 0x68, 0x61, 0x2C, 0x1C, 0x18, 0x34
	.byte 0x0D, 0x49, 0x0E, 0x4A, 0x20, 0x1C, 0xF0, 0xF6, 0x7B, 0xFC, 0xA9, 0x88, 0x20, 0x1C, 0x00, 0x22
	.byte 0xF0, 0xF6, 0x94, 0xFC
_0811507C:
	ldr r0, [r5, #0x14]
	ldrh r1, [r0, #0x06]
	movs r0, #0x0F
	ands r0, r1
	adds r0, #0x10
	movs r1, #0x00
	bl func_080062F4
	pop {r4, r5}
	pop {r0}
	bx r0
	.byte 0x00, 0x00, 0x00, 0xFC, 0xFF, 0xFF, 0x7A, 0x5D, 0x8A, 0x08, 0xE4, 0x9B, 0xF6, 0x08, 0xE4, 0xE7
	.byte 0xED, 0x09, 0xB4, 0xE7, 0xED, 0x09
	thumb_func_start task_sroll_b_crtn_1
task_sroll_b_crtn_1: @ 081150A8
	push {r4, r5, lr}
	adds r4, r0, #0x0
	movs r5, #0x01
	adds r0, #0x18
	bl func_08005A64
	ldr r0, [r4, #0x00]
	adds r0, #0x01
	str r0, [r4, #0x00]
	ldrh r0, [r4, #0x04]
	cmp r0, #0x05
	bhi _0811511C
	lsls r0, r0, #0x02
	ldr r1, _081150CC @ =0x081150D0
	adds r0, r0, r1
	ldr r0, [r0, #0x00]
	mov pc, r0
	.byte 0x00, 0x00
_081150CC: .4byte 0x081150D0
	.byte 0x14, 0x51, 0x11, 0x08, 0xE8, 0x50, 0x11, 0x08, 0xF0, 0x50, 0x11, 0x08, 0x14, 0x51, 0x11, 0x08
	.byte 0x1C, 0x51, 0x11, 0x08, 0x02, 0x51, 0x11, 0x08, 0x20, 0x68, 0x78, 0x28, 0x16, 0xDD, 0x14, 0xE0
	.byte 0xE0, 0x68, 0x80, 0x21, 0x49, 0x00, 0x40, 0x18, 0xE0, 0x60, 0x20, 0x68, 0x14, 0x28, 0x0D, 0xDD
	.byte 0x0B, 0xE0, 0x20, 0x68, 0x0C, 0x28, 0x05, 0xD1, 0x20, 0x1C, 0x18, 0x30, 0x06, 0x21, 0x01, 0x22
	.byte 0xF0, 0xF6, 0x48, 0xFC, 0x20, 0x68, 0x32, 0x28, 0x00, 0xDD, 0x00, 0x25
_0811511C:
	adds r0, r5, #0x0
	pop {r4, r5}
	pop {r1}
	bx r1
	thumb_func_start task_sroll_b_crtn_2
task_sroll_b_crtn_2: @ 08115124
	push {r4, lr}
	add sp, #-0x010
	adds r4, r0, #0x0
	adds r0, #0x18
	bl func_08005AFC
	adds r2, r0, #0x0
	ldr r0, [r4, #0x08]
	lsls r0, r0, #0x08
	asrs r0, r0, #0x10
	ldr r1, [r4, #0x0C]
	lsls r1, r1, #0x08
	asrs r1, r1, #0x10
	ldr r3, [r4, #0x10]
	ldr r4, [r4, #0x14]
	str r4, [sp, #0x000]
	movs r4, #0x00
	str r4, [sp, #0x004]
	movs r4, #0x80
	lsls r4, r4, #0x03
	str r4, [sp, #0x008]
	movs r4, #0xFE
	lsls r4, r4, #0x04
	str r4, [sp, #0x00C]
	bl func_080023E0
	add sp, #0x010
	pop {r4}
	pop {r0}
	bx r0
	thumb_func_start task_sroll_b_crtn_3
task_sroll_b_crtn_3: @ 08115160
	push {r4, lr}
	adds r4, r0, #0x0
	ldr r0, [r4, #0x10]
	bl func_080028C0
	ldr r0, [r4, #0x14]
	bl func_08002C10
	pop {r4}
	pop {r0}
	bx r0
	.byte 0x00, 0x00, 0x01, 0x1C, 0x41, 0x43, 0x08, 0x1C, 0x70, 0x47
	thumb_func_start task_sroll_c_char_0
task_sroll_c_char_0: @ 08115180
	push {r4, r5, lr}
	adds r4, r0, #0x0
	cmp r1, #0x00
	bne _081151D4
	ldr r0, _081151C4 @ =0x09C8D47A
	movs r1, #0x9A
	lsls r1, r1, #0x05
	bl func_080026A4
	str r0, [r4, #0x18]
	ldr r0, _081151C8 @ =0x09D6CF54
	movs r1, #0xE0
	bl func_08002A14
	str r0, [r4, #0x1C]
	movs r5, #0x00
	adds r4, #0x20
_081151A2:
	adds r0, r4, #0x0
	ldr r1, _081151CC @ =0x09EFB9B8
	ldr r2, _081151D0 @ =0x09EFB840
	bl func_08005968
	lsls r1, r5, #0x10
	lsrs r1, r1, #0x10
	adds r0, r4, #0x0
	movs r2, #0x00
	bl func_080059A4
	adds r4, #0x18
	adds r5, #0x01
	cmp r5, #0x04
	ble _081151A2
	b _0811520C
	.byte 0x00, 0x00
_081151C4: .4byte 0x09C8D47A
_081151C8: .4byte 0x09D6CF54
_081151CC: .4byte 0x09EFB9B8
_081151D0: .4byte 0x09EFB840
_081151D4:
	ldr r0, _08115214 @ =0x09C8F1FA
	movs r1, #0x92
	lsls r1, r1, #0x05
	bl func_080026A4
	str r0, [r4, #0x18]
	ldr r0, _08115218 @ =0x09D6D034
	movs r1, #0xE0
	bl func_08002A14
	str r0, [r4, #0x1C]
	movs r5, #0x00
	adds r4, #0x20
_081151EE:
	adds r0, r4, #0x0
	ldr r1, _0811521C @ =0x09EFBAD4
	ldr r2, _08115220 @ =0x09EFB9CC
	bl func_08005968
	lsls r1, r5, #0x10
	lsrs r1, r1, #0x10
	adds r0, r4, #0x0
	movs r2, #0x00
	bl func_080059A4
	adds r4, #0x18
	adds r5, #0x01
	cmp r5, #0x04
	ble _081151EE
_0811520C:
	pop {r4, r5}
	pop {r0}
	bx r0
	.byte 0x00, 0x00
_08115214: .4byte 0x09C8F1FA
_08115218: .4byte 0x09D6D034
_0811521C: .4byte 0x09EFBAD4
_08115220: .4byte 0x09EFB9CC
	thumb_func_start task_sroll_c_char_1
task_sroll_c_char_1: @ 08115224
	push {r4, r5, lr}
	adds r4, r0, #0x0
	adds r4, #0x20
	movs r5, #0x04
_0811522C:
	adds r0, r4, #0x0
	bl func_08005A64
	adds r4, #0x18
	subs r5, #0x01
	cmp r5, #0x00
	bge _0811522C
	movs r0, #0x01
	pop {r4, r5}
	pop {r1}
	bx r1
	.byte 0x00, 0x00
	thumb_func_start task_sroll_c_char_2
task_sroll_c_char_2: @ 08115244
	push {r4, r5, r6, r7, lr}
	add sp, #-0x010
	adds r5, r0, #0x0
	movs r7, #0x00
	adds r4, r5, #0x0
	adds r4, #0x20
	movs r6, #0x04
_08115252:
	adds r0, r4, #0x0
	bl func_08005AFC
	adds r2, r0, #0x0
	ldr r3, [r5, #0x18]
	ldr r0, [r5, #0x1C]
	str r0, [sp, #0x000]
	movs r0, #0x00
	str r0, [sp, #0x004]
	str r7, [sp, #0x008]
	movs r0, #0xFF
	lsls r0, r0, #0x04
	str r0, [sp, #0x00C]
	movs r0, #0x78
	movs r1, #0x50
	bl func_080023E0
	adds r4, #0x18
	subs r6, #0x01
	cmp r6, #0x00
	bge _08115252
	add sp, #0x010
	pop {r4, r5, r6, r7}
	pop {r0}
	bx r0
	thumb_func_start task_sroll_c_char_3
task_sroll_c_char_3: @ 08115284
	push {r4, lr}
	adds r4, r0, #0x0
	ldr r0, [r4, #0x18]
	bl func_080028C0
	ldr r0, [r4, #0x1C]
	bl func_08002C10
	pop {r4}
	pop {r0}
	bx r0
	.byte 0x00, 0x00, 0x01, 0x1C, 0x41, 0x43, 0x08, 0x1C, 0x70, 0x47
	thumb_func_start task_sroll_tmr_0
task_sroll_tmr_0: @ 081152A4
	push {r4, lr}
	adds r4, r0, #0x0
	movs r0, #0x00
	strb r0, [r4, #0x00]
	str r0, [r4, #0x04]
	ldr r0, _081152CC @ =0x09C904B4
	movs r1, #0xB0
	lsls r1, r1, #0x01
	bl func_080026A4
	str r0, [r4, #0x08]
	ldr r0, _081152D0 @ =0x09D6D114
	movs r1, #0x20
	bl func_08002A14
	str r0, [r4, #0x0C]
	pop {r4}
	pop {r0}
	bx r0
	.byte 0x00, 0x00
_081152CC: .4byte 0x09C904B4
_081152D0: .4byte 0x09D6D114
	thumb_func_start task_sroll_tmr_1
task_sroll_tmr_1: @ 081152D4
	push {r4, r5, lr}
	adds r4, r0, #0x0
	movs r5, #0x01
	bl func_08001390
	movs r1, #0x04
	ands r1, r0
	cmp r1, #0x00
	beq _081152F4
	ldrb r0, [r4, #0x00]
	cmp r0, #0x01
	bne _081152F2
	movs r0, #0x00
	strb r0, [r4, #0x00]
	b _081152F4
_081152F2:
	strb r5, [r4, #0x00]
_081152F4:
	ldr r0, [r4, #0x0C]
	ldrh r1, [r0, #0x06]
	movs r0, #0x0F
	ands r0, r1
	adds r0, #0x10
	movs r1, #0x01
	bl func_080062F4
	ldr r0, [r4, #0x04]
	adds r0, #0x01
	str r0, [r4, #0x04]
	adds r0, r5, #0x0
	pop {r4, r5}
	pop {r1}
	bx r1
	.byte 0x00, 0x00
	thumb_func_start task_sroll_tmr_2
task_sroll_tmr_2: @ 08115314
	push {r4, r5, r6, r7, lr}
	mov r7, r9
	mov r6, r8
	push {r6, r7}
	add sp, #-0x010
	adds r7, r0, #0x0
	ldrb r0, [r7, #0x00]
	cmp r0, #0x00
	bne _08115328
	b _08115472
_08115328:
	ldr r4, [r7, #0x04]
	movs r1, #0xE1
	lsls r1, r1, #0x04
	adds r0, r4, #0x0
	bl func_0811D5EC
	adds r5, r0, #0x0
	lsls r5, r5, #0x10
	lsrs r5, r5, #0x10
	adds r0, r4, #0x0
	movs r1, #0x3C
	bl func_0811D5EC
	movs r1, #0x3C
	bl func_0811D684
	mov r8, r0
	lsls r0, r0, #0x10
	lsrs r0, r0, #0x10
	mov r8, r0
	adds r0, r4, #0x0
	movs r1, #0x3C
	bl func_0811D684
	mov r9, r0
	lsls r0, r0, #0x10
	lsrs r0, r0, #0x10
	mov r9, r0
	movs r4, #0x00
	ldr r6, _08115480 @ =0x09EFBAE8
	adds r0, r5, #0x0
	movs r1, #0x0A
	bl _0811D754
	lsls r0, r0, #0x10
	lsrs r0, r0, #0x10
	movs r1, #0x0A
	bl func_0811D7CC
	lsls r0, r0, #0x10
	lsrs r0, r0, #0x0E
	adds r0, r0, r6
	ldr r2, [r0, #0x00]
	ldr r3, [r7, #0x08]
	ldr r0, [r7, #0x0C]
	str r0, [sp, #0x000]
	str r4, [sp, #0x004]
	str r4, [sp, #0x008]
	str r4, [sp, #0x00C]
	movs r0, #0x08
	movs r1, #0x08
	bl func_080023E0
	adds r0, r5, #0x0
	movs r1, #0x0A
	bl func_0811D7CC
	lsls r0, r0, #0x10
	lsrs r0, r0, #0x0E
	adds r0, r0, r6
	ldr r2, [r0, #0x00]
	ldr r3, [r7, #0x08]
	ldr r0, [r7, #0x0C]
	str r0, [sp, #0x000]
	str r4, [sp, #0x004]
	str r4, [sp, #0x008]
	str r4, [sp, #0x00C]
	movs r0, #0x10
	movs r1, #0x08
	bl func_080023E0
	ldr r2, [r6, #0x28]
	ldr r3, [r7, #0x08]
	ldr r0, [r7, #0x0C]
	str r0, [sp, #0x000]
	str r4, [sp, #0x004]
	str r4, [sp, #0x008]
	str r4, [sp, #0x00C]
	movs r0, #0x18
	movs r1, #0x08
	bl func_080023E0
	mov r0, r8
	movs r1, #0x0A
	bl _0811D754
	lsls r0, r0, #0x10
	lsrs r0, r0, #0x0E
	adds r0, r0, r6
	ldr r2, [r0, #0x00]
	ldr r3, [r7, #0x08]
	ldr r0, [r7, #0x0C]
	str r0, [sp, #0x000]
	str r4, [sp, #0x004]
	str r4, [sp, #0x008]
	str r4, [sp, #0x00C]
	movs r0, #0x20
	movs r1, #0x08
	bl func_080023E0
	mov r0, r8
	movs r1, #0x0A
	bl func_0811D7CC
	lsls r0, r0, #0x10
	lsrs r0, r0, #0x0E
	adds r0, r0, r6
	ldr r2, [r0, #0x00]
	ldr r3, [r7, #0x08]
	ldr r0, [r7, #0x0C]
	str r0, [sp, #0x000]
	str r4, [sp, #0x004]
	str r4, [sp, #0x008]
	str r4, [sp, #0x00C]
	movs r0, #0x28
	movs r1, #0x08
	bl func_080023E0
	ldr r2, [r6, #0x28]
	ldr r3, [r7, #0x08]
	ldr r0, [r7, #0x0C]
	str r0, [sp, #0x000]
	str r4, [sp, #0x004]
	str r4, [sp, #0x008]
	str r4, [sp, #0x00C]
	movs r0, #0x30
	movs r1, #0x08
	bl func_080023E0
	mov r0, r9
	movs r1, #0x0A
	bl _0811D754
	lsls r0, r0, #0x10
	lsrs r0, r0, #0x0E
	adds r0, r0, r6
	ldr r2, [r0, #0x00]
	ldr r3, [r7, #0x08]
	ldr r0, [r7, #0x0C]
	str r0, [sp, #0x000]
	str r4, [sp, #0x004]
	str r4, [sp, #0x008]
	str r4, [sp, #0x00C]
	movs r0, #0x38
	movs r1, #0x08
	bl func_080023E0
	mov r0, r9
	movs r1, #0x0A
	bl func_0811D7CC
	lsls r0, r0, #0x10
	lsrs r0, r0, #0x0E
	adds r0, r0, r6
	ldr r2, [r0, #0x00]
	ldr r3, [r7, #0x08]
	ldr r0, [r7, #0x0C]
	str r0, [sp, #0x000]
	str r4, [sp, #0x004]
	str r4, [sp, #0x008]
	str r4, [sp, #0x00C]
	movs r0, #0x40
	movs r1, #0x08
	bl func_080023E0
_08115472:
	add sp, #0x010
	pop {r3, r4}
	mov r8, r3
	mov r9, r4
	pop {r4, r5, r6, r7}
	pop {r0}
	bx r0
_08115480: .4byte 0x09EFBAE8
	thumb_func_start task_sroll_tmr_3
task_sroll_tmr_3: @ 08115484
	push {r4, lr}
	adds r4, r0, #0x0
	ldr r0, [r4, #0x08]
	bl func_080028C0
	ldr r0, [r4, #0x0C]
	bl func_08002C10
	pop {r4}
	pop {r0}
	bx r0
	.byte 0x00, 0x00, 0x70, 0x47, 0x00, 0x00, 0xF0, 0xB5, 0x0F, 0x1C, 0x16, 0x1C, 0xDB, 0x00, 0x0F, 0x49
	.byte 0x5D, 0x18, 0x00, 0x24, 0x01, 0x21, 0x8C, 0x46, 0x03, 0x1C, 0x38, 0x19, 0x00, 0x78, 0xC0, 0x09
	.byte 0x61, 0x46, 0x08, 0x40, 0x80, 0x00, 0x80, 0x19, 0x02, 0x68, 0x28, 0x68, 0x11, 0x1C, 0x81, 0x40
	.byte 0x18, 0x68, 0x08, 0x43, 0x18, 0x60, 0x68, 0x68, 0xC2, 0x40, 0x18, 0x6A, 0x10, 0x43, 0x18, 0x62
	.byte 0x04, 0x33, 0x01, 0x34, 0x07, 0x2C, 0xE8, 0xDD, 0xF0, 0xBC, 0x01, 0xBC, 0x00, 0x47, 0x78, 0x4C
	.byte 0xA5, 0x09, 0xF0, 0xB5, 0x8C, 0x46, 0x16, 0x1C, 0xDB, 0x00, 0x13, 0x49, 0x5D, 0x18, 0x00, 0x24
	.byte 0x01, 0x27, 0x03, 0x1C, 0x61, 0x46, 0x08, 0x19, 0x01, 0x78, 0x09, 0x06, 0xC8, 0x0F, 0x38, 0x40
	.byte 0x80, 0x00, 0x80, 0x19, 0x02, 0x68, 0x89, 0x0F, 0x39, 0x40, 0x89, 0x00, 0x89, 0x19, 0x08, 0x68
	.byte 0x00, 0x01, 0x02, 0x43, 0x28, 0x68, 0x11, 0x1C, 0x81, 0x40, 0x18, 0x68, 0x08, 0x43, 0x18, 0x60
	.byte 0x68, 0x68, 0xC2, 0x40, 0x18, 0x6A, 0x10, 0x43, 0x18, 0x62, 0x04, 0x33, 0x01, 0x34, 0x07, 0x2C
	.byte 0xE0, 0xDD, 0xF0, 0xBC, 0x01, 0xBC, 0x00, 0x47, 0x00, 0x00, 0x78, 0x4C, 0xA5, 0x09, 0xF0, 0xB5
	.byte 0x8C, 0x46, 0x15, 0x1C, 0xDB, 0x00, 0x16, 0x49, 0x5E, 0x18, 0x00, 0x24, 0x01, 0x27, 0x03, 0x1C
	.byte 0x61, 0x46, 0x08, 0x19, 0x01, 0x78, 0x09, 0x06, 0xC8, 0x0F, 0x38, 0x40, 0x80, 0x00, 0x40, 0x19
	.byte 0x02, 0x68, 0x88, 0x0F, 0x38, 0x40, 0x80, 0x00, 0x40, 0x19, 0x00, 0x68, 0x00, 0x01, 0x02, 0x43
	.byte 0x49, 0x0F, 0x39, 0x40, 0x89, 0x00, 0x49, 0x19, 0x08, 0x68, 0x00, 0x02, 0x02, 0x43, 0x30, 0x68
	.byte 0x11, 0x1C, 0x81, 0x40, 0x18, 0x68, 0x08, 0x43, 0x18, 0x60, 0x70, 0x68, 0xC2, 0x40, 0x18, 0x6A
	.byte 0x10, 0x43, 0x18, 0x62, 0x04, 0x33, 0x01, 0x34, 0x07, 0x2C, 0xD9, 0xDD, 0xF0, 0xBC, 0x01, 0xBC
	.byte 0x00, 0x47, 0x78, 0x4C, 0xA5, 0x09, 0xF0, 0xB5, 0x8C, 0x46, 0x14, 0x1C, 0xDB, 0x00, 0x1A, 0x49
	.byte 0x5F, 0x18, 0x00, 0x26, 0x01, 0x25, 0x03, 0x1C, 0x61, 0x46, 0x88, 0x19, 0x01, 0x78, 0x09, 0x06
	.byte 0xC8, 0x0F, 0x28, 0x40, 0x80, 0x00, 0x00, 0x19, 0x02, 0x68, 0x88, 0x0F, 0x28, 0x40, 0x80, 0x00
	.byte 0x00, 0x19, 0x00, 0x68, 0x00, 0x01, 0x02, 0x43, 0x48, 0x0F, 0x28, 0x40, 0x80, 0x00, 0x00, 0x19
	.byte 0x00, 0x68, 0x00, 0x02, 0x02, 0x43, 0x09, 0x0F, 0x29, 0x40, 0x89, 0x00, 0x09, 0x19, 0x08, 0x68
	.byte 0x00, 0x03, 0x02, 0x43, 0x38, 0x68, 0x11, 0x1C, 0x81, 0x40, 0x18, 0x68, 0x08, 0x43, 0x18, 0x60
	.byte 0x78, 0x68, 0xC2, 0x40, 0x18, 0x6A, 0x10, 0x43, 0x18, 0x62, 0x04, 0x33, 0x01, 0x36, 0x07, 0x2E
	.byte 0xD2, 0xDD, 0xF0, 0xBC, 0x01, 0xBC, 0x00, 0x47, 0x00, 0x00, 0x78, 0x4C, 0xA5, 0x09, 0xF0, 0xB5
	.byte 0x8C, 0x46, 0x14, 0x1C, 0xDB, 0x00, 0x1D, 0x49, 0x5F, 0x18, 0x00, 0x26, 0x01, 0x25, 0x03, 0x1C
	.byte 0x61, 0x46, 0x88, 0x19, 0x01, 0x78, 0x09, 0x06, 0xC8, 0x0F, 0x28, 0x40, 0x80, 0x00, 0x00, 0x19
	.byte 0x02, 0x68, 0x88, 0x0F, 0x28, 0x40, 0x80, 0x00, 0x00, 0x19, 0x00, 0x68, 0x00, 0x01, 0x02, 0x43
	.byte 0x48, 0x0F, 0x28, 0x40, 0x80, 0x00, 0x00, 0x19, 0x00, 0x68, 0x00, 0x02, 0x02, 0x43, 0x08, 0x0F
	.byte 0x28, 0x40, 0x80, 0x00, 0x00, 0x19, 0x00, 0x68, 0x00, 0x03, 0x02, 0x43, 0xC9, 0x0E, 0x29, 0x40
	.byte 0x89, 0x00, 0x09, 0x19, 0x08, 0x68, 0x00, 0x04, 0x02, 0x43, 0x38, 0x68, 0x11, 0x1C, 0x81, 0x40
	.byte 0x18, 0x68, 0x08, 0x43, 0x18, 0x60, 0x78, 0x68, 0xC2, 0x40, 0x18, 0x6A, 0x10, 0x43, 0x18, 0x62
	.byte 0x04, 0x33, 0x01, 0x36, 0x07, 0x2E, 0xCB, 0xDD, 0xF0, 0xBC, 0x01, 0xBC, 0x00, 0x47, 0x78, 0x4C
	.byte 0xA5, 0x09, 0xF0, 0xB5, 0x8C, 0x46, 0x14, 0x1C, 0xDB, 0x00, 0x21, 0x49, 0x5F, 0x18, 0x00, 0x26
	.byte 0x01, 0x25, 0x03, 0x1C, 0x61, 0x46, 0x88, 0x19, 0x01, 0x78, 0x09, 0x06, 0xC8, 0x0F, 0x28, 0x40
	.byte 0x80, 0x00, 0x00, 0x19, 0x02, 0x68, 0x88, 0x0F, 0x28, 0x40, 0x80, 0x00, 0x00, 0x19, 0x00, 0x68
	.byte 0x00, 0x01, 0x02, 0x43, 0x48, 0x0F, 0x28, 0x40, 0x80, 0x00, 0x00, 0x19, 0x00, 0x68, 0x00, 0x02
	.byte 0x02, 0x43, 0x08, 0x0F, 0x28, 0x40, 0x80, 0x00, 0x00, 0x19, 0x00, 0x68, 0x00, 0x03, 0x02, 0x43
	.byte 0xC8, 0x0E, 0x28, 0x40, 0x80, 0x00, 0x00, 0x19, 0x00, 0x68, 0x00, 0x04, 0x02, 0x43, 0x89, 0x0E
	.byte 0x29, 0x40, 0x89, 0x00, 0x09, 0x19, 0x08, 0x68, 0x00, 0x05, 0x02, 0x43, 0x38, 0x68, 0x11, 0x1C
	.byte 0x81, 0x40, 0x18, 0x68, 0x08, 0x43, 0x18, 0x60, 0x78, 0x68, 0xC2, 0x40, 0x18, 0x6A, 0x10, 0x43
	.byte 0x18, 0x62, 0x04, 0x33, 0x01, 0x36, 0x07, 0x2E, 0xC4, 0xDD, 0xF0, 0xBC, 0x01, 0xBC, 0x00, 0x47
	.byte 0x00, 0x00, 0x78, 0x4C, 0xA5, 0x09, 0xF0, 0xB5, 0x8C, 0x46, 0x14, 0x1C, 0xDB, 0x00, 0x24, 0x49
	.byte 0x5F, 0x18, 0x00, 0x26, 0x01, 0x25, 0x03, 0x1C, 0x61, 0x46, 0x88, 0x19, 0x01, 0x78, 0x09, 0x06
	.byte 0xC8, 0x0F, 0x28, 0x40, 0x80, 0x00, 0x00, 0x19, 0x02, 0x68, 0x88, 0x0F, 0x28, 0x40, 0x80, 0x00
	.byte 0x00, 0x19, 0x00, 0x68, 0x00, 0x01, 0x02, 0x43, 0x48, 0x0F, 0x28, 0x40, 0x80, 0x00, 0x00, 0x19
	.byte 0x00, 0x68, 0x00, 0x02, 0x02, 0x43, 0x08, 0x0F, 0x28, 0x40, 0x80, 0x00, 0x00, 0x19, 0x00, 0x68
	.byte 0x00, 0x03, 0x02, 0x43, 0xC8, 0x0E, 0x28, 0x40, 0x80, 0x00, 0x00, 0x19, 0x00, 0x68, 0x00, 0x04
	.byte 0x02, 0x43, 0x88, 0x0E, 0x28, 0x40, 0x80, 0x00, 0x00, 0x19, 0x00, 0x68, 0x00, 0x05, 0x02, 0x43
	.byte 0x49, 0x0E, 0x29, 0x40, 0x89, 0x00, 0x09, 0x19, 0x08, 0x68, 0x00, 0x06, 0x02, 0x43, 0x38, 0x68
	.byte 0x11, 0x1C, 0x81, 0x40, 0x18, 0x68, 0x08, 0x43, 0x18, 0x60, 0x78, 0x68, 0xC2, 0x40, 0x18, 0x6A
	.byte 0x10, 0x43, 0x18, 0x62, 0x04, 0x33, 0x01, 0x36, 0x07, 0x2E, 0xBD, 0xDD, 0xF0, 0xBC, 0x01, 0xBC
	.byte 0x00, 0x47, 0x78, 0x4C, 0xA5, 0x09, 0xF0, 0xB5, 0x47, 0x46, 0x80, 0xB4, 0x88, 0x46, 0x14, 0x1C
	.byte 0xDB, 0x00, 0x2A, 0x49, 0x5B, 0x18, 0x9C, 0x46, 0x00, 0x27, 0x01, 0x26, 0x05, 0x1C, 0x41, 0x46
	.byte 0xC8, 0x19, 0x03, 0x78, 0x19, 0x06, 0xC8, 0x0F, 0x30, 0x40, 0x80, 0x00, 0x00, 0x19, 0x02, 0x68
	.byte 0x88, 0x0F, 0x30, 0x40, 0x80, 0x00, 0x00, 0x19, 0x00, 0x68, 0x00, 0x01, 0x02, 0x43, 0x48, 0x0F
	.byte 0x30, 0x40, 0x80, 0x00, 0x00, 0x19, 0x00, 0x68, 0x00, 0x02, 0x02, 0x43, 0x08, 0x0F, 0x30, 0x40
	.byte 0x80, 0x00, 0x00, 0x19, 0x00, 0x68, 0x00, 0x03, 0x02, 0x43, 0xC8, 0x0E, 0x30, 0x40, 0x80, 0x00
	.byte 0x00, 0x19, 0x00, 0x68, 0x00, 0x04, 0x02, 0x43, 0x88, 0x0E, 0x30, 0x40, 0x80, 0x00, 0x00, 0x19
	.byte 0x00, 0x68, 0x00, 0x05, 0x02, 0x43, 0x49, 0x0E, 0x31, 0x40, 0x89, 0x00, 0x09, 0x19, 0x08, 0x68
	.byte 0x00, 0x06, 0x02, 0x43, 0x01, 0x20, 0x18, 0x40, 0x80, 0x00, 0x00, 0x19, 0x00, 0x68, 0x00, 0x07
	.byte 0x02, 0x43, 0x61, 0x46, 0x08, 0x68, 0x11, 0x1C, 0x81, 0x40, 0x28, 0x68, 0x08, 0x43, 0x28, 0x60
	.byte 0x61, 0x46, 0x48, 0x68, 0xC2, 0x40, 0x28, 0x6A, 0x10, 0x43, 0x28, 0x62, 0x04, 0x35, 0x01, 0x37
	.byte 0x07, 0x2F, 0xB4, 0xDD, 0x08, 0xBC, 0x98, 0x46, 0xF0, 0xBC, 0x01, 0xBC, 0x00, 0x47, 0x78, 0x4C
	.byte 0xA5, 0x09
	thumb_func_start func_0811589C
func_0811589C: @ 0811589C
	push {r4, r5, r6, r7, lr}
	mov r7, r8
	push {r7}
	adds r7, r0, #0x0
	ldr r1, [r7, #0x00]
	ldr r0, [r7, #0x04]
	adds r2, r1, r0
	mov r8, r2
	adds r6, r7, #0x0
	adds r6, #0x14
	ldr r5, [r7, #0x0C]
	lsls r2, r0, #0x01
	adds r2, r2, r0
	lsls r2, r2, #0x05
	lsls r0, r1, #0x01
	adds r0, r0, r1
	lsls r0, r0, #0x02
	ldr r1, _081159A4 @ =0x09A54918
	adds r0, r0, r1
	adds r2, r2, r0
	ldr r1, [r2, #0x00]
	ldr r0, [r2, #0x08]
	orrs r1, r0
	ldr r0, [r5, #0x00]
	ands r0, r1
	str r0, [r7, #0x14]
	ldr r0, [r5, #0x04]
	ands r0, r1
	str r0, [r6, #0x04]
	ldr r0, [r5, #0x08]
	ands r0, r1
	str r0, [r6, #0x08]
	ldr r0, [r5, #0x0C]
	ands r0, r1
	str r0, [r6, #0x0C]
	ldr r0, [r5, #0x10]
	ands r0, r1
	str r0, [r6, #0x10]
	ldr r0, [r5, #0x14]
	ands r0, r1
	str r0, [r6, #0x14]
	ldr r0, [r5, #0x18]
	ands r0, r1
	str r0, [r6, #0x18]
	ldr r0, [r5, #0x1C]
	ands r0, r1
	str r0, [r6, #0x1C]
	mov r0, r8
	cmp r0, #0x08
	ble _08115932
	ldr r1, [r2, #0x04]
	ldr r0, [r5, #0x20]
	ands r0, r1
	str r0, [r6, #0x20]
	ldr r0, [r5, #0x24]
	ands r0, r1
	str r0, [r6, #0x24]
	ldr r0, [r5, #0x28]
	ands r0, r1
	str r0, [r6, #0x28]
	ldr r0, [r5, #0x2C]
	ands r0, r1
	str r0, [r6, #0x2C]
	ldr r0, [r5, #0x30]
	ands r0, r1
	str r0, [r6, #0x30]
	ldr r0, [r5, #0x34]
	ands r0, r1
	str r0, [r6, #0x34]
	ldr r0, [r5, #0x38]
	ands r0, r1
	str r0, [r6, #0x38]
	ldr r0, [r5, #0x3C]
	ands r0, r1
	str r0, [r6, #0x3C]
_08115932:
	ldr r1, _081159A8 @ =0x09A54CB8
	ldr r0, [r7, #0x04]
	lsls r0, r0, #0x02
	adds r0, r0, r1
	ldr r1, [r7, #0x08]
	ldr r2, [r7, #0x10]
	ldr r3, [r7, #0x00]
	ldr r4, [r0, #0x00]
	adds r0, r6, #0x0
	bl _0811D5C0
	ldr r0, [r7, #0x14]
	str r0, [r5, #0x00]
	ldr r0, [r6, #0x04]
	str r0, [r5, #0x04]
	ldr r0, [r6, #0x08]
	str r0, [r5, #0x08]
	ldr r0, [r6, #0x0C]
	str r0, [r5, #0x0C]
	ldr r0, [r6, #0x10]
	str r0, [r5, #0x10]
	ldr r0, [r6, #0x14]
	str r0, [r5, #0x14]
	ldr r0, [r6, #0x18]
	str r0, [r5, #0x18]
	ldr r0, [r6, #0x1C]
	str r0, [r5, #0x1C]
	mov r1, r8
	cmp r1, #0x08
	ble _0811598E
	ldr r0, [r6, #0x20]
	str r0, [r5, #0x20]
	ldr r0, [r6, #0x24]
	str r0, [r5, #0x24]
	ldr r0, [r6, #0x28]
	str r0, [r5, #0x28]
	ldr r0, [r6, #0x2C]
	str r0, [r5, #0x2C]
	ldr r0, [r6, #0x30]
	str r0, [r5, #0x30]
	ldr r0, [r6, #0x34]
	str r0, [r5, #0x34]
	ldr r0, [r6, #0x38]
	str r0, [r5, #0x38]
	ldr r0, [r6, #0x3C]
	str r0, [r5, #0x3C]
_0811598E:
	movs r0, #0x01
	mov r2, r8
	cmp r2, #0x08
	ble _08115998
	movs r0, #0x02
_08115998:
	pop {r3}
	mov r8, r3
	pop {r4, r5, r6, r7}
	pop {r1}
	bx r1
	.byte 0x00, 0x00
_081159A4: .4byte 0x09A54918
_081159A8: .4byte 0x09A54CB8
	.byte 0x70, 0x47, 0x00, 0x00, 0xF0, 0xB5, 0x17, 0x1C, 0xDB, 0x00, 0x10, 0x4A, 0x9D, 0x18, 0x03, 0x1C
	.byte 0x0C, 0x1C, 0x03, 0x20, 0x84, 0x46, 0x07, 0x26, 0x20, 0x88, 0x80, 0x09, 0x61, 0x46, 0x08, 0x40
	.byte 0x80, 0x00, 0xC0, 0x19, 0x02, 0x68, 0x28, 0x68, 0x11, 0x1C, 0x81, 0x40, 0x18, 0x68, 0x08, 0x43
	.byte 0x18, 0x60, 0x68, 0x68, 0xC2, 0x40, 0x18, 0x6A, 0x10, 0x43, 0x18, 0x62, 0x04, 0x33, 0x02, 0x34
	.byte 0x01, 0x3E, 0x00, 0x2E, 0xE8, 0xDA, 0xF0, 0xBC, 0x01, 0xBC, 0x00, 0x47, 0x78, 0x4C, 0xA5, 0x09
	.byte 0xF0, 0xB5, 0x16, 0x1C, 0xDB, 0x00, 0x15, 0x4A, 0x9D, 0x18, 0x03, 0x22, 0x94, 0x46, 0x03, 0x1C
	.byte 0x0C, 0x1C, 0x07, 0x27, 0x21, 0x88, 0x09, 0x04, 0x88, 0x0D, 0x62, 0x46, 0x10, 0x40, 0x80, 0x00
	.byte 0x80, 0x19, 0x02, 0x68, 0x09, 0x0D, 0x60, 0x46, 0x01, 0x40, 0x89, 0x00, 0x89, 0x19, 0x08, 0x68
	.byte 0x00, 0x01, 0x02, 0x43, 0x28, 0x68, 0x11, 0x1C, 0x81, 0x40, 0x18, 0x68, 0x08, 0x43, 0x18, 0x60
	.byte 0x68, 0x68, 0xC2, 0x40, 0x18, 0x6A, 0x10, 0x43, 0x18, 0x62, 0x04, 0x33, 0x02, 0x34, 0x01, 0x3F
	.byte 0x00, 0x2F, 0xDF, 0xDA, 0xF0, 0xBC, 0x01, 0xBC, 0x00, 0x47, 0x00, 0x00, 0x78, 0x4C, 0xA5, 0x09
	.byte 0xF0, 0xB5, 0x47, 0x46, 0x80, 0xB4, 0x15, 0x1C, 0xDB, 0x00, 0x1A, 0x4A, 0x9B, 0x18, 0x98, 0x46
	.byte 0x03, 0x22, 0x94, 0x46, 0x03, 0x1C, 0x0C, 0x1C, 0x07, 0x27, 0x21, 0x88, 0x09, 0x04, 0x88, 0x0D
	.byte 0x66, 0x46, 0x30, 0x40, 0x80, 0x00, 0x40, 0x19, 0x02, 0x68, 0x08, 0x0D, 0x30, 0x40, 0x80, 0x00
	.byte 0x40, 0x19, 0x00, 0x68, 0x00, 0x01, 0x02, 0x43, 0x89, 0x0C, 0x31, 0x40, 0x89, 0x00, 0x49, 0x19
	.byte 0x08, 0x68, 0x00, 0x02, 0x02, 0x43, 0x41, 0x46, 0x08, 0x68, 0x11, 0x1C, 0x81, 0x40, 0x18, 0x68
	.byte 0x08, 0x43, 0x18, 0x60, 0x46, 0x46, 0x70, 0x68, 0xC2, 0x40, 0x18, 0x6A, 0x10, 0x43, 0x18, 0x62
	.byte 0x04, 0x33, 0x02, 0x34, 0x01, 0x3F, 0x00, 0x2F, 0xD7, 0xDA, 0x08, 0xBC, 0x98, 0x46, 0xF0, 0xBC
	.byte 0x01, 0xBC, 0x00, 0x47, 0x78, 0x4C, 0xA5, 0x09, 0xF0, 0xB5, 0x4F, 0x46, 0x46, 0x46, 0xC0, 0xB4
	.byte 0x15, 0x1C, 0xDB, 0x00, 0x21, 0x4A, 0x9B, 0x18, 0x99, 0x46, 0x03, 0x22, 0x90, 0x46, 0x04, 0x1C
	.byte 0x0E, 0x1C, 0x07, 0x27, 0xBC, 0x46, 0x33, 0x88, 0x19, 0x04, 0x88, 0x0D, 0x42, 0x46, 0x10, 0x40
	.byte 0x80, 0x00, 0x40, 0x19, 0x02, 0x68, 0x08, 0x0D, 0x47, 0x46, 0x38, 0x40, 0x80, 0x00, 0x40, 0x19
	.byte 0x00, 0x68, 0x00, 0x01, 0x02, 0x43, 0x89, 0x0C, 0x40, 0x46, 0x01, 0x40, 0x89, 0x00, 0x49, 0x19
	.byte 0x08, 0x68, 0x00, 0x02, 0x02, 0x43, 0x03, 0x20, 0x18, 0x40, 0x80, 0x00, 0x40, 0x19, 0x00, 0x68
	.byte 0x00, 0x03, 0x02, 0x43, 0x49, 0x46, 0x08, 0x68, 0x11, 0x1C, 0x81, 0x40, 0x20, 0x68, 0x08, 0x43
	.byte 0x20, 0x60, 0x4F, 0x46, 0x78, 0x68, 0xC2, 0x40, 0x20, 0x6A, 0x10, 0x43, 0x20, 0x62, 0x04, 0x34
	.byte 0x02, 0x36, 0x01, 0x20, 0x40, 0x42, 0x84, 0x44, 0x61, 0x46, 0x00, 0x29, 0xCB, 0xDA, 0x18, 0xBC
	.byte 0x98, 0x46, 0xA1, 0x46, 0xF0, 0xBC, 0x01, 0xBC, 0x00, 0x47, 0x00, 0x00, 0x78, 0x4C, 0xA5, 0x09
	.byte 0xF0, 0xB5, 0x47, 0x46, 0x80, 0xB4, 0x15, 0x1C, 0xDB, 0x00, 0x22, 0x4A, 0x9B, 0x18, 0x9C, 0x46
	.byte 0x03, 0x27, 0x04, 0x1C, 0x0E, 0x1C, 0x07, 0x20, 0x80, 0x46, 0x33, 0x88, 0x19, 0x04, 0x88, 0x0D
	.byte 0x38, 0x40, 0x80, 0x00, 0x40, 0x19, 0x02, 0x68, 0x08, 0x0D, 0x38, 0x40, 0x80, 0x00, 0x40, 0x19
	.byte 0x00, 0x68, 0x00, 0x01, 0x02, 0x43, 0x88, 0x0C, 0x38, 0x40, 0x80, 0x00, 0x40, 0x19, 0x00, 0x68
	.byte 0x00, 0x02, 0x02, 0x43, 0x03, 0x20, 0x18, 0x40, 0x80, 0x00, 0x40, 0x19, 0x00, 0x68, 0x00, 0x03
	.byte 0x02, 0x43, 0x89, 0x0F, 0x39, 0x40, 0x89, 0x00, 0x49, 0x19, 0x08, 0x68, 0x00, 0x04, 0x02, 0x43
	.byte 0x61, 0x46, 0x08, 0x68, 0x11, 0x1C, 0x81, 0x40, 0x20, 0x68, 0x08, 0x43, 0x20, 0x60, 0x61, 0x46
	.byte 0x48, 0x68, 0xC2, 0x40, 0x20, 0x6A, 0x10, 0x43, 0x20, 0x62, 0x04, 0x34, 0x02, 0x36, 0x01, 0x20
	.byte 0x40, 0x42, 0x80, 0x44, 0x41, 0x46, 0x00, 0x29, 0xC7, 0xDA, 0x08, 0xBC, 0x98, 0x46, 0xF0, 0xBC
	.byte 0x01, 0xBC, 0x00, 0x47, 0x78, 0x4C, 0xA5, 0x09, 0xF0, 0xB5, 0x47, 0x46, 0x80, 0xB4, 0x15, 0x1C
	.byte 0xDB, 0x00, 0x26, 0x4A, 0x9B, 0x18, 0x9C, 0x46, 0x03, 0x26, 0x04, 0x1C, 0x0F, 0x1C, 0x07, 0x20
	.byte 0x80, 0x46, 0x3B, 0x88, 0x19, 0x04, 0x88, 0x0D, 0x30, 0x40, 0x80, 0x00, 0x40, 0x19, 0x02, 0x68
	.byte 0x08, 0x0D, 0x30, 0x40, 0x80, 0x00, 0x40, 0x19, 0x00, 0x68, 0x00, 0x01, 0x02, 0x43, 0x88, 0x0C
	.byte 0x30, 0x40, 0x80, 0x00, 0x40, 0x19, 0x00, 0x68, 0x00, 0x02, 0x02, 0x43, 0x03, 0x20, 0x18, 0x40
	.byte 0x80, 0x00, 0x40, 0x19, 0x00, 0x68, 0x00, 0x03, 0x02, 0x43, 0x88, 0x0F, 0x30, 0x40, 0x80, 0x00
	.byte 0x40, 0x19, 0x00, 0x68, 0x00, 0x04, 0x02, 0x43, 0x09, 0x0F, 0x31, 0x40, 0x89, 0x00, 0x49, 0x19
	.byte 0x08, 0x68, 0x00, 0x05, 0x02, 0x43, 0x61, 0x46, 0x08, 0x68, 0x11, 0x1C, 0x81, 0x40, 0x20, 0x68
	.byte 0x08, 0x43, 0x20, 0x60, 0x61, 0x46, 0x48, 0x68, 0xC2, 0x40, 0x20, 0x6A, 0x10, 0x43, 0x20, 0x62
	.byte 0x04, 0x34, 0x02, 0x37, 0x01, 0x20, 0x40, 0x42, 0x80, 0x44, 0x41, 0x46, 0x00, 0x29, 0xC0, 0xDA
	.byte 0x08, 0xBC, 0x98, 0x46, 0xF0, 0xBC, 0x01, 0xBC, 0x00, 0x47, 0x00, 0x00, 0x78, 0x4C, 0xA5, 0x09
	.byte 0xF0, 0xB5, 0x47, 0x46, 0x80, 0xB4, 0x14, 0x1C, 0xDB, 0x00, 0x29, 0x4A, 0x9B, 0x18, 0x9C, 0x46
	.byte 0x03, 0x26, 0x05, 0x1C, 0x0F, 0x1C, 0x07, 0x20, 0x80, 0x46, 0x3B, 0x88, 0x19, 0x04, 0x88, 0x0D
	.byte 0x30, 0x40, 0x80, 0x00, 0x00, 0x19, 0x02, 0x68, 0x08, 0x0D, 0x30, 0x40, 0x80, 0x00, 0x00, 0x19
	.byte 0x00, 0x68, 0x00, 0x01, 0x02, 0x43, 0x88, 0x0C, 0x30, 0x40, 0x80, 0x00, 0x00, 0x19, 0x00, 0x68
	.byte 0x00, 0x02, 0x02, 0x43, 0x03, 0x20, 0x18, 0x40, 0x80, 0x00, 0x00, 0x19, 0x00, 0x68, 0x00, 0x03
	.byte 0x02, 0x43, 0x88, 0x0F, 0x30, 0x40, 0x80, 0x00, 0x00, 0x19, 0x00, 0x68, 0x00, 0x04, 0x02, 0x43
	.byte 0x08, 0x0F, 0x30, 0x40, 0x80, 0x00, 0x00, 0x19, 0x00, 0x68, 0x00, 0x05, 0x02, 0x43, 0x89, 0x0E
	.byte 0x31, 0x40, 0x89, 0x00, 0x09, 0x19, 0x08, 0x68, 0x00, 0x06, 0x02, 0x43, 0x61, 0x46, 0x08, 0x68
	.byte 0x11, 0x1C, 0x81, 0x40, 0x28, 0x68, 0x08, 0x43, 0x28, 0x60, 0x61, 0x46, 0x48, 0x68, 0xC2, 0x40
	.byte 0x28, 0x6A, 0x10, 0x43, 0x28, 0x62, 0x04, 0x35, 0x02, 0x37, 0x01, 0x20, 0x40, 0x42, 0x80, 0x44
	.byte 0x41, 0x46, 0x00, 0x29, 0xB9, 0xDA, 0x08, 0xBC, 0x98, 0x46, 0xF0, 0xBC, 0x01, 0xBC, 0x00, 0x47
	.byte 0x78, 0x4C, 0xA5, 0x09, 0xF0, 0xB5, 0x47, 0x46, 0x80, 0xB4, 0x14, 0x1C, 0xDB, 0x00, 0x2D, 0x4A
	.byte 0x9B, 0x18, 0x9C, 0x46, 0x03, 0x26, 0x05, 0x1C, 0x0F, 0x1C, 0x07, 0x20, 0x80, 0x46, 0x3B, 0x88
	.byte 0x19, 0x04, 0x88, 0x0D, 0x30, 0x40, 0x80, 0x00, 0x00, 0x19, 0x02, 0x68, 0x08, 0x0D, 0x30, 0x40
	.byte 0x80, 0x00, 0x00, 0x19, 0x00, 0x68, 0x00, 0x01, 0x02, 0x43, 0x88, 0x0C, 0x30, 0x40, 0x80, 0x00
	.byte 0x00, 0x19, 0x00, 0x68, 0x00, 0x02, 0x02, 0x43, 0x03, 0x20, 0x18, 0x40, 0x80, 0x00, 0x00, 0x19
	.byte 0x00, 0x68, 0x00, 0x03, 0x02, 0x43, 0x88, 0x0F, 0x30, 0x40, 0x80, 0x00, 0x00, 0x19, 0x00, 0x68
	.byte 0x00, 0x04, 0x02, 0x43, 0x08, 0x0F, 0x30, 0x40, 0x80, 0x00, 0x00, 0x19, 0x00, 0x68, 0x00, 0x05
	.byte 0x02, 0x43, 0x88, 0x0E, 0x30, 0x40, 0x80, 0x00, 0x00, 0x19, 0x00, 0x68, 0x00, 0x06, 0x02, 0x43
	.byte 0x09, 0x0E, 0x31, 0x40, 0x89, 0x00, 0x09, 0x19, 0x08, 0x68, 0x00, 0x07, 0x02, 0x43, 0x61, 0x46
	.byte 0x08, 0x68, 0x11, 0x1C, 0x81, 0x40, 0x28, 0x68, 0x08, 0x43, 0x28, 0x60, 0x61, 0x46, 0x48, 0x68
	.byte 0xC2, 0x40, 0x28, 0x6A, 0x10, 0x43, 0x28, 0x62, 0x04, 0x35, 0x02, 0x37, 0x01, 0x20, 0x40, 0x42
	.byte 0x80, 0x44, 0x41, 0x46, 0x00, 0x29, 0xB2, 0xDA, 0x08, 0xBC, 0x98, 0x46, 0xF0, 0xBC, 0x01, 0xBC
	.byte 0x00, 0x47, 0x00, 0x00, 0x78, 0x4C, 0xA5, 0x09
	thumb_func_start func_08115E24
func_08115E24: @ 08115E24
	push {r4, r5, r6, r7, lr}
	mov r7, r8
	push {r7}
	adds r7, r0, #0x0
	ldr r1, [r7, #0x00]
	ldr r0, [r7, #0x04]
	adds r2, r1, r0
	mov r8, r2
	adds r6, r7, #0x0
	adds r6, #0x14
	ldr r5, [r7, #0x0C]
	lsls r2, r0, #0x01
	adds r2, r2, r0
	lsls r2, r2, #0x05
	lsls r0, r1, #0x01
	adds r0, r0, r1
	lsls r0, r0, #0x02
	ldr r1, _08115F2C @ =0x09A54918
	adds r0, r0, r1
	adds r2, r2, r0
	ldr r1, [r2, #0x00]
	ldr r0, [r2, #0x08]
	orrs r1, r0
	ldr r0, [r5, #0x00]
	ands r0, r1
	str r0, [r7, #0x14]
	ldr r0, [r5, #0x04]
	ands r0, r1
	str r0, [r6, #0x04]
	ldr r0, [r5, #0x08]
	ands r0, r1
	str r0, [r6, #0x08]
	ldr r0, [r5, #0x0C]
	ands r0, r1
	str r0, [r6, #0x0C]
	ldr r0, [r5, #0x10]
	ands r0, r1
	str r0, [r6, #0x10]
	ldr r0, [r5, #0x14]
	ands r0, r1
	str r0, [r6, #0x14]
	ldr r0, [r5, #0x18]
	ands r0, r1
	str r0, [r6, #0x18]
	ldr r0, [r5, #0x1C]
	ands r0, r1
	str r0, [r6, #0x1C]
	mov r0, r8
	cmp r0, #0x08
	ble _08115EBA
	ldr r1, [r2, #0x04]
	ldr r0, [r5, #0x20]
	ands r0, r1
	str r0, [r6, #0x20]
	ldr r0, [r5, #0x24]
	ands r0, r1
	str r0, [r6, #0x24]
	ldr r0, [r5, #0x28]
	ands r0, r1
	str r0, [r6, #0x28]
	ldr r0, [r5, #0x2C]
	ands r0, r1
	str r0, [r6, #0x2C]
	ldr r0, [r5, #0x30]
	ands r0, r1
	str r0, [r6, #0x30]
	ldr r0, [r5, #0x34]
	ands r0, r1
	str r0, [r6, #0x34]
	ldr r0, [r5, #0x38]
	ands r0, r1
	str r0, [r6, #0x38]
	ldr r0, [r5, #0x3C]
	ands r0, r1
	str r0, [r6, #0x3C]
_08115EBA:
	ldr r1, _08115F30 @ =0x09A54CDC
	ldr r0, [r7, #0x04]
	lsls r0, r0, #0x02
	adds r0, r0, r1
	ldr r1, [r7, #0x08]
	ldr r2, [r7, #0x10]
	ldr r3, [r7, #0x00]
	ldr r4, [r0, #0x00]
	adds r0, r6, #0x0
	bl _0811D5C0
	ldr r0, [r7, #0x14]
	str r0, [r5, #0x00]
	ldr r0, [r6, #0x04]
	str r0, [r5, #0x04]
	ldr r0, [r6, #0x08]
	str r0, [r5, #0x08]
	ldr r0, [r6, #0x0C]
	str r0, [r5, #0x0C]
	ldr r0, [r6, #0x10]
	str r0, [r5, #0x10]
	ldr r0, [r6, #0x14]
	str r0, [r5, #0x14]
	ldr r0, [r6, #0x18]
	str r0, [r5, #0x18]
	ldr r0, [r6, #0x1C]
	str r0, [r5, #0x1C]
	mov r1, r8
	cmp r1, #0x08
	ble _08115F16
	ldr r0, [r6, #0x20]
	str r0, [r5, #0x20]
	ldr r0, [r6, #0x24]
	str r0, [r5, #0x24]
	ldr r0, [r6, #0x28]
	str r0, [r5, #0x28]
	ldr r0, [r6, #0x2C]
	str r0, [r5, #0x2C]
	ldr r0, [r6, #0x30]
	str r0, [r5, #0x30]
	ldr r0, [r6, #0x34]
	str r0, [r5, #0x34]
	ldr r0, [r6, #0x38]
	str r0, [r5, #0x38]
	ldr r0, [r6, #0x3C]
	str r0, [r5, #0x3C]
_08115F16:
	movs r0, #0x01
	mov r2, r8
	cmp r2, #0x08
	ble _08115F20
	movs r0, #0x02
_08115F20:
	pop {r3}
	mov r8, r3
	pop {r4, r5, r6, r7}
	pop {r1}
	bx r1
	.byte 0x00, 0x00
_08115F2C: .4byte 0x09A54918
_08115F30: .4byte 0x09A54CDC
	thumb_func_start func_08115F34
func_08115F34: @ 08115F34
	push {r4, r5, r6, lr}
	adds r5, r1, #0x0
	lsls r0, r0, #0x10
	lsrs r4, r0, #0x10
	movs r6, #0x00
	movs r0, #0xFE
	lsls r0, r0, #0x07
	ands r0, r4
	lsrs r0, r0, #0x06
	adds r0, r0, r5
	ldrb r1, [r0, #0x01]
	lsls r1, r1, #0x08
	ldrb r2, [r0, #0x00]
	orrs r2, r1
	ldrb r1, [r0, #0x03]
	lsls r1, r1, #0x08
	ldrb r3, [r0, #0x02]
	orrs r3, r1
	ldr r0, _08115F84 @ =0x0000FFFF
	cmp r2, r0
	beq _08115F7A
	ldr r1, _08115F88 @ =0x0000FFC0
	adds r0, r2, r1
	movs r1, #0xFF
	ands r1, r4
	adds r0, r0, r1
	lsls r0, r0, #0x10
	lsrs r0, r0, #0x10
	adds r1, r5, r0
	ldrb r0, [r1, #0x00]
	cmp r0, #0xFF
	beq _08115F7A
	adds r0, r3, r0
	lsls r0, r0, #0x10
	lsrs r6, r0, #0x10
_08115F7A:
	adds r0, r6, #0x0
	pop {r4, r5, r6}
	pop {r1}
	bx r1
	.byte 0x00, 0x00
_08115F84: .4byte 0x0000FFFF
_08115F88: .4byte 0x0000FFC0
	thumb_func_start func_08115F8C
func_08115F8C: @ 08115F8C
	push {r4, r5, r6, lr}
	adds r5, r2, #0x0
	adds r6, r3, #0x0
	lsls r0, r0, #0x10
	lsrs r0, r0, #0x10
	movs r4, #0x00
	cmp r5, #0x00
	beq _08115FAC
	bl func_08115F34
	lsls r0, r0, #0x10
	lsrs r0, r0, #0x10
	cmp r0, r6
	bcs _08115FAC
	adds r0, r5, r0
	ldrb r4, [r0, #0x00]
_08115FAC:
	cmp r4, #0x00
	bne _08115FB2
	movs r4, #0x08
_08115FB2:
	adds r0, r4, #0x0
	pop {r4, r5, r6}
	pop {r1}
	bx r1
	.byte 0x00, 0x00
	thumb_func_start func_08115FBC
func_08115FBC: @ 08115FBC
	push {r4, r5, r6, r7, lr}
	adds r6, r0, #0x0
	adds r5, r1, #0x0
	movs r7, #0x00
	b _08115FF8
_08115FC6:
	movs r0, #0x80
	ands r0, r1
	cmp r0, #0x00
	beq _08115FDA
	ldrb r0, [r5, #0x00]
	lsls r0, r0, #0x08
	ldrb r4, [r5, #0x01]
	orrs r4, r0
	adds r5, #0x02
	b _08115FE6
_08115FDA:
	ldrb r0, [r5, #0x00]
	bl func_08116CDC
	lsls r0, r0, #0x10
	lsrs r4, r0, #0x10
	adds r5, #0x01
_08115FE6:
	ldr r1, [r6, #0x34]
	ldr r2, [r6, #0x3C]
	ldr r3, [r6, #0x40]
	adds r0, r4, #0x0
	bl func_08115F8C
	lsls r0, r0, #0x18
	lsrs r0, r0, #0x18
	adds r7, r7, r0
_08115FF8:
	ldrb r1, [r5, #0x00]
	cmp r1, #0x00
	bne _08115FC6
	adds r0, r7, #0x0
	pop {r4, r5, r6, r7}
	pop {r1}
	bx r1
	.byte 0x00, 0x00
	thumb_func_start func_08116008
func_08116008: @ 08116008
	push {r4, r5, r6, lr}
	adds r6, r2, #0x0
	adds r4, r3, #0x0
	ldr r5, [sp, #0x010]
	lsls r0, r0, #0x10
	lsrs r0, r0, #0x10
	lsls r4, r4, #0x10
	lsrs r4, r4, #0x10
	lsls r5, r5, #0x10
	lsrs r5, r5, #0x10
	bl func_08115F34
	lsls r0, r0, #0x10
	lsrs r0, r0, #0x10
	lsls r4, r4, #0x03
	muls r0, r4
	muls r0, r5
	adds r6, r6, r0
	adds r0, r6, #0x0
	pop {r4, r5, r6}
	pop {r1}
	bx r1
	thumb_func_start func_08116034
func_08116034: @ 08116034
	push {r4, r5, r6, r7, lr}
	mov r7, r9
	mov r6, r8
	push {r6, r7}
	add sp, #-0x0D8
	adds r6, r0, #0x0
	movs r0, #0x00
	mov r8, r0
	add r5, sp, #0x094
	ldrh r4, [r6, #0x06]
	str r4, [r5, #0x00]
	ldrh r0, [r6, #0x02]
	str r0, [r5, #0x04]
	ldrh r0, [r6, #0x04]
	str r0, [r5, #0x08]
	ldrh r0, [r6, #0x08]
	str r0, [r5, #0x0C]
	lsls r7, r4, #0x04
	orrs r7, r4
	lsls r0, r7, #0x08
	orrs r7, r0
	lsls r0, r7, #0x10
	orrs r7, r0
	ldrh r4, [r6, #0x20]
	movs r0, #0x07
	ands r0, r4
	str r0, [sp, #0x000]
	str r3, [sp, #0x004]
	str r2, [sp, #0x008]
	str r1, [sp, #0x00C]
	str r5, [sp, #0x010]
	ldrh r4, [r6, #0x24]
	subs r0, r4, #0x1
	lsls r0, r0, #0x10
	lsrs r4, r0, #0x10
	ldr r0, _081160A4 @ =0x0000FFFF
	cmp r4, r0
	beq _081160DA
	add r5, sp, #0x0D4
	mov r9, r0
_08116084:
	ldr r0, [sp, #0x000]
	cmp r0, #0x00
	bne _08116096
	str r7, [r5, #0x00]
	ldr r1, [sp, #0x00C]
	adds r0, r5, #0x0
	ldr r2, _081160A8 @ =0x01000008
	bl func_08117FE4
_08116096:
	ldrh r0, [r6, #0x26]
	cmp r0, #0x01
	beq _081160AC
	cmp r0, #0x02
	beq _081160B4
	b _081160BC
	.byte 0x00, 0x00
_081160A4: .4byte 0x0000FFFF
_081160A8: .4byte 0x01000008
_081160AC:
	mov r0, sp
	bl func_0811589C
	b _081160BA
_081160B4:
	mov r0, sp
	bl func_08115E24
_081160BA:
	mov r8, r0
_081160BC:
	ldrh r1, [r6, #0x26]
	lsls r1, r1, #0x03
	ldr r0, [sp, #0x008]
	adds r0, r0, r1
	str r0, [sp, #0x008]
	ldrh r1, [r6, #0x1C]
	lsls r1, r1, #0x05
	ldr r0, [sp, #0x00C]
	adds r0, r0, r1
	str r0, [sp, #0x00C]
	subs r0, r4, #0x1
	lsls r0, r0, #0x10
	lsrs r4, r0, #0x10
	cmp r4, r9
	bne _08116084
_081160DA:
	mov r0, r8
	add sp, #0x0D8
	pop {r3, r4}
	mov r8, r3
	mov r9, r4
	pop {r4, r5, r6, r7}
	pop {r1}
	bx r1
	.byte 0x00, 0x00
	thumb_func_start func_081160EC
func_081160EC: @ 081160EC
	push {r4, lr}
	adds r4, r0, #0x0
	adds r0, r1, #0x0
	cmp r0, #0x01
	bls _081160F8
	movs r0, #0x00
_081160F8:
	ldr r2, _08116148 @ =0x09A5B440
	lsls r1, r0, #0x01
	adds r1, r1, r0
	lsls r1, r1, #0x03
	adds r3, r1, r2
	ldrh r0, [r3, #0x00]
	strh r0, [r4, #0x26]
	ldrh r0, [r3, #0x02]
	strh r0, [r4, #0x24]
	adds r0, r2, #0x4
	adds r0, r1, r0
	ldr r0, [r0, #0x00]
	str r0, [r4, #0x34]
	adds r0, r2, #0x0
	adds r0, #0x08
	adds r0, r1, r0
	ldr r0, [r0, #0x00]
	str r0, [r4, #0x38]
	adds r0, r2, #0x0
	adds r0, #0x0C
	adds r0, r1, r0
	ldr r0, [r0, #0x00]
	str r0, [r4, #0x3C]
	adds r2, #0x10
	adds r1, r1, r2
	ldr r0, [r1, #0x00]
	str r0, [r4, #0x40]
	ldrb r1, [r3, #0x14]
	adds r0, r4, #0x0
	adds r0, #0x44
	strb r1, [r0, #0x00]
	ldrh r1, [r4, #0x20]
	ldrh r2, [r4, #0x22]
	adds r0, r4, #0x0
	bl func_08116228
	pop {r4}
	pop {r0}
	bx r0
	.byte 0x00, 0x00
_08116148: .4byte 0x09A5B440
	.byte 0x30, 0xB5, 0x81, 0xB0, 0x05, 0x1C, 0x0C, 0x1C, 0x61, 0x68, 0xFF, 0xF7, 0xC9, 0xFF, 0x21, 0x8C
	.byte 0x62, 0x8C, 0xA3, 0x8C, 0xE0, 0x8C, 0x00, 0x90, 0x28, 0x1C, 0x00, 0xF0, 0x7F, 0xF8, 0x00, 0x21
	.byte 0x20, 0x20, 0x68, 0x81, 0x29, 0x80, 0xA0, 0x6A, 0xE8, 0x60, 0xA0, 0x8D, 0x28, 0x82, 0xE0, 0x8D
	.byte 0x68, 0x82, 0x20, 0x8E, 0xA8, 0x82, 0x60, 0x8E, 0xE8, 0x82, 0xA0, 0x8E, 0x28, 0x83, 0xE0, 0x8E
	.byte 0x68, 0x83, 0x20, 0x8F, 0xA8, 0x83, 0x60, 0x8F, 0xE8, 0x83, 0x20, 0x89, 0xA8, 0x85, 0x60, 0x89
	.byte 0xE8, 0x85, 0xA0, 0x89, 0x28, 0x86, 0x20, 0x69, 0xA8, 0x64, 0x60, 0x69, 0xE8, 0x64, 0xA0, 0x69
	.byte 0x28, 0x65, 0xE0, 0x69, 0x68, 0x65, 0x28, 0x1C, 0x00, 0xF0, 0x0E, 0xF8, 0x28, 0x1C, 0x01, 0x21
	.byte 0x00, 0xF0, 0x6C, 0xFA, 0x01, 0xB0, 0x30, 0xBC, 0x01, 0xBC, 0x00, 0x47, 0x00, 0xB5, 0x01, 0x21
	.byte 0x00, 0xF0, 0x56, 0xF8, 0x01, 0xBC, 0x00, 0x47, 0x00, 0x21, 0x01, 0x85, 0x41, 0x85, 0x70, 0x47
	thumb_func_start func_081161DC
func_081161DC: @ 081161DC
	movs r2, #0x00
	ldrh r1, [r0, #0x28]
	ldrh r0, [r0, #0x2A]
	cmp r1, r0
	bne _081161E8
	movs r2, #0x01
_081161E8:
	adds r0, r2, #0x0
	bx lr
	thumb_func_start func_081161EC
func_081161EC: @ 081161EC
	ldrh r3, [r0, #0x28]
	lsls r3, r3, #0x01
	adds r2, r0, #0x0
	adds r2, #0x58
	adds r2, r2, r3
	strh r1, [r2, #0x00]
	ldrh r1, [r0, #0x28]
	adds r1, #0x01
	movs r2, #0xFF
	ands r1, r2
	strh r1, [r0, #0x28]
	bx lr
	thumb_func_start sub_08116204
sub_08116204:
	adds r3, r0, #0x0
	ldrh r0, [r3, #0x28]
	ldrh r1, [r3, #0x2A]
	cmp r0, r1
	beq _08116224
	ldrh r2, [r3, #0x2A]
	lsls r1, r2, #0x01
	adds r0, r3, #0x0
	adds r0, #0x58
	adds r0, r0, r1
	ldrh r0, [r0, #0x00]
	adds r2, #0x01
	movs r1, #0xFF
	ands r2, r1
	strh r2, [r3, #0x2A]
	b _08116226
_08116224:
	movs r0, #0x00
_08116226:
	bx lr
	thumb_func_start func_08116228
func_08116228: @ 08116228
	push {r4, lr}
	adds r3, r0, #0x0
	lsls r1, r1, #0x10
	lsrs r1, r1, #0x10
	lsls r2, r2, #0x10
	lsrs r2, r2, #0x10
	ldrh r0, [r3, #0x1C]
	cmp r1, r0
	bcc _0811623C
	movs r1, #0x00
_0811623C:
	ldrh r0, [r3, #0x24]
	adds r0, r2, r0
	ldrh r4, [r3, #0x1E]
	cmp r0, r4
	ble _08116248
	movs r2, #0x00
_08116248:
	lsls r0, r1, #0x03
	strh r0, [r3, #0x20]
	strh r2, [r3, #0x22]
	pop {r4}
	pop {r0}
	bx r0
	thumb_func_start func_08116254
func_08116254: @ 08116254
	adds r2, r0, #0x0
	lsls r1, r1, #0x10
	lsrs r1, r1, #0x10
	ldrh r0, [r2, #0x1C]
	lsls r0, r0, #0x03
	cmp r1, r0
	blt _08116264
	movs r1, #0x00
_08116264:
	strh r1, [r2, #0x20]
	bx lr
	thumb_func_start func_08116268
func_08116268: @ 08116268
	push {r4, lr}
	ldr r4, [sp, #0x008]
	strh r1, [r0, #0x02]
	strh r2, [r0, #0x04]
	strh r3, [r0, #0x06]
	strh r4, [r0, #0x08]
	pop {r4}
	pop {r0}
	bx r0
	.byte 0x00, 0x00, 0xF0, 0xB5, 0x47, 0x46, 0x80, 0xB4, 0x81, 0xB0, 0x04, 0x1C, 0x09, 0x06, 0x09, 0x0E
	.byte 0x88, 0x46, 0x00, 0xF0, 0x40, 0xFC, 0x62, 0x8A, 0x61, 0x89, 0x51, 0x43, 0x49, 0x00, 0x40, 0x18
	.byte 0x21, 0x8A, 0x49, 0x00, 0x45, 0x18, 0x00, 0x26, 0xE0, 0x8A, 0x86, 0x42, 0x13, 0xD2, 0x6F, 0x46
	.byte 0xA0, 0x8D, 0x38, 0x80, 0xA2, 0x8A, 0x80, 0x20, 0x40, 0x04, 0x02, 0x43, 0x68, 0x46, 0x29, 0x1C
	.byte 0x01, 0xF0, 0x95, 0xFE, 0x60, 0x89, 0x40, 0x00, 0x2D, 0x18, 0x70, 0x1C, 0x00, 0x04, 0x06, 0x0C
	.byte 0xE0, 0x8A, 0x86, 0x42, 0xEC, 0xD3, 0x40, 0x46, 0x01, 0x28, 0x02, 0xD1, 0x20, 0x1C, 0x00, 0xF0
	.byte 0x20, 0xFC, 0x01, 0xB0, 0x08, 0xBC, 0x98, 0x46, 0xF0, 0xBC, 0x01, 0xBC, 0x00, 0x47, 0xF0, 0xB5
	.byte 0x47, 0x46, 0x80, 0xB4, 0x83, 0xB0, 0x05, 0x1C, 0x00, 0xF0, 0x0D, 0xFC, 0x6A, 0x8A, 0x69, 0x89
	.byte 0x51, 0x43, 0x49, 0x00, 0x40, 0x18, 0x29, 0x8A, 0x49, 0x00, 0x44, 0x18, 0xE8, 0x8D, 0x01, 0x30
	.byte 0x00, 0x04, 0x06, 0x0C, 0x69, 0x46, 0xB0, 0x1C, 0x08, 0x80, 0xA1, 0x1C, 0xAA, 0x8A, 0x02, 0x3A
	.byte 0xD2, 0x02, 0xD2, 0x0A, 0x80, 0x20, 0x40, 0x04, 0x02, 0x43, 0x68, 0x46, 0x01, 0xF0, 0x5F, 0xFE
	.byte 0x70, 0x1C, 0x20, 0x80, 0xA8, 0x8A, 0x40, 0x00, 0x00, 0x19, 0x02, 0x38, 0xF1, 0x1C, 0x01, 0x80
	.byte 0x68, 0x89, 0x40, 0x00, 0x24, 0x18, 0x01, 0x27, 0xE8, 0x8A, 0x01, 0x38, 0x01, 0xA9, 0x88, 0x46
	.byte 0x87, 0x42, 0x21, 0xDA, 0x6B, 0x46, 0x02, 0x33, 0x1E, 0x80, 0xA1, 0x1C, 0xAA, 0x8A, 0x02, 0x3A
	.byte 0xD2, 0x02, 0xD2, 0x0A, 0x80, 0x20, 0x40, 0x04, 0x02, 0x43, 0x18, 0x1C, 0x02, 0x93, 0x01, 0xF0
	.byte 0x3E, 0xFE, 0x30, 0x1D, 0x20, 0x80, 0xA8, 0x8A, 0x40, 0x00, 0x00, 0x19, 0x02, 0x38, 0x71, 0x1D
	.byte 0x01, 0x80, 0x68, 0x89, 0x40, 0x00, 0x24, 0x18, 0x78, 0x1C, 0x00, 0x04, 0x07, 0x0C, 0xE8, 0x8A
	.byte 0x01, 0x38, 0x02, 0x9B, 0x87, 0x42, 0xDF, 0xDB, 0xF0, 0x1D, 0x41, 0x46, 0x08, 0x80, 0xA1, 0x1C
	.byte 0xAA, 0x8A, 0x02, 0x3A, 0xD2, 0x02, 0xD2, 0x0A, 0x80, 0x20, 0x40, 0x04, 0x02, 0x43, 0x40, 0x46
	.byte 0x01, 0xF0, 0x1D, 0xFE, 0xB0, 0x1D, 0x20, 0x80, 0xA8, 0x8A, 0x40, 0x00, 0x00, 0x19, 0x02, 0x38
	.byte 0x31, 0x1C, 0x08, 0x31, 0x01, 0x80, 0x03, 0xB0, 0x08, 0xBC, 0x98, 0x46, 0xF0, 0xBC, 0x01, 0xBC
	.byte 0x00, 0x47, 0xF0, 0xB5, 0x4F, 0x46, 0x46, 0x46, 0xC0, 0xB4, 0x83, 0xB0, 0x07, 0x1C, 0x00, 0xF0
	.byte 0x9A, 0xFB, 0x7A, 0x8A, 0x79, 0x89, 0x51, 0x43, 0x49, 0x00, 0x40, 0x18, 0x39, 0x8A, 0x49, 0x00
	.byte 0x46, 0x18, 0xF8, 0x8D, 0x01, 0x30, 0x00, 0x04, 0x03, 0x0C, 0x69, 0x46, 0x98, 0x1C, 0x08, 0x80
	.byte 0x31, 0x1D, 0xBA, 0x8A, 0x03, 0x3A, 0xD2, 0x02, 0xD2, 0x0A, 0x80, 0x20, 0x40, 0x04, 0x02, 0x43
	.byte 0x68, 0x46, 0x02, 0x93, 0x01, 0xF0, 0xEB, 0xFD, 0x02, 0x9B, 0x58, 0x1C, 0x70, 0x80, 0xB8, 0x8A
	.byte 0x40, 0x00, 0x80, 0x19, 0x02, 0x38, 0xD9, 0x1C, 0x01, 0x80, 0x78, 0x89, 0x40, 0x00, 0x36, 0x18
	.byte 0x01, 0x24, 0xF8, 0x8A, 0x02, 0x38, 0x01, 0xA9, 0x88, 0x46, 0x06, 0x21, 0x69, 0x44, 0x89, 0x46
	.byte 0x84, 0x42, 0x21, 0xDA, 0x6D, 0x46, 0x02, 0x35, 0x2B, 0x80, 0x31, 0x1D, 0xBA, 0x8A, 0x03, 0x3A
	.byte 0xD2, 0x02, 0xD2, 0x0A, 0x80, 0x20, 0x40, 0x04, 0x02, 0x43, 0x28, 0x1C, 0x02, 0x93, 0x01, 0xF0
	.byte 0xC6, 0xFD, 0x02, 0x9B, 0x18, 0x1D, 0x70, 0x80, 0xB8, 0x8A, 0x40, 0x00, 0x80, 0x19, 0x02, 0x38
	.byte 0x59, 0x1D, 0x01, 0x80, 0x78, 0x89, 0x40, 0x00, 0x36, 0x18, 0x60, 0x1C, 0x00, 0x04, 0x04, 0x0C
	.byte 0xF8, 0x8A, 0x02, 0x38, 0x84, 0x42, 0xDF, 0xDB, 0x40, 0x46, 0x03, 0x80, 0x31, 0x1D, 0xBA, 0x8A
	.byte 0x03, 0x3A, 0x52, 0x00, 0x52, 0x08, 0x1A, 0x4D, 0x2A, 0x40, 0x80, 0x24, 0x64, 0x04, 0x22, 0x43
	.byte 0x02, 0x93, 0x01, 0xF0, 0xA4, 0xFD, 0x02, 0x9B, 0x18, 0x1C, 0x0A, 0x30, 0x30, 0x80, 0x01, 0x30
	.byte 0x70, 0x80, 0xB8, 0x8A, 0x40, 0x00, 0x80, 0x19, 0x02, 0x38, 0x59, 0x1D, 0x01, 0x80, 0x78, 0x89
	.byte 0x40, 0x00, 0x36, 0x18, 0xD8, 0x1D, 0x49, 0x46, 0x08, 0x80, 0x31, 0x1D, 0xBA, 0x8A, 0x03, 0x3A
	.byte 0x52, 0x00, 0x52, 0x08, 0x2A, 0x40, 0x22, 0x43, 0x48, 0x46, 0x02, 0x93, 0x01, 0xF0, 0x87, 0xFD
	.byte 0x02, 0x9B, 0x98, 0x1D, 0x70, 0x80, 0xB8, 0x8A, 0x40, 0x00, 0x80, 0x19, 0x02, 0x38, 0x19, 0x1C
	.byte 0x08, 0x31, 0x01, 0x80, 0x03, 0xB0, 0x18, 0xBC, 0x98, 0x46, 0xA1, 0x46, 0xF0, 0xBC, 0x01, 0xBC
	.byte 0x00, 0x47, 0xFF, 0xFF, 0x1F, 0x00, 0xF0, 0xB5, 0x57, 0x46, 0x4E, 0x46, 0x45, 0x46, 0xE0, 0xB4
	.byte 0x83, 0xB0, 0x07, 0x1C, 0x00, 0xF0, 0xFF, 0xFA, 0x7A, 0x8A, 0x79, 0x89, 0x51, 0x43, 0x49, 0x00
	.byte 0x40, 0x18, 0x39, 0x8A, 0x49, 0x00, 0x46, 0x18, 0xF8, 0x8D, 0x01, 0x30, 0x00, 0x04, 0x05, 0x0C
	.byte 0x69, 0x46, 0xA8, 0x1C, 0x08, 0x80, 0xB1, 0x1C, 0xBA, 0x8A, 0x03, 0x3A, 0xD2, 0x02, 0xD2, 0x0A
	.byte 0x80, 0x20, 0x40, 0x04, 0x02, 0x43, 0x68, 0x46, 0x01, 0xF0, 0x51, 0xFD, 0x68, 0x1C, 0x30, 0x80
	.byte 0xB8, 0x8A, 0x40, 0x00, 0x80, 0x19, 0x04, 0x38, 0xE9, 0x1C, 0x01, 0x80, 0x78, 0x89, 0x40, 0x00
	.byte 0x36, 0x18, 0x01, 0x24, 0xF8, 0x8A, 0x02, 0x38, 0x01, 0xA9, 0x88, 0x46, 0x06, 0x22, 0x6A, 0x44
	.byte 0x92, 0x46, 0x84, 0x42, 0x21, 0xDA, 0x6B, 0x46, 0x02, 0x33, 0x1D, 0x80, 0xB1, 0x1C, 0xBA, 0x8A
	.byte 0x03, 0x3A, 0xD2, 0x02, 0xD2, 0x0A, 0x80, 0x20, 0x40, 0x04, 0x02, 0x43, 0x18, 0x1C, 0x02, 0x93
	.byte 0x01, 0xF0, 0x2D, 0xFD, 0x28, 0x1D, 0x30, 0x80, 0xB8, 0x8A, 0x40, 0x00, 0x80, 0x19, 0x04, 0x38
	.byte 0x69, 0x1D, 0x01, 0x80, 0x78, 0x89, 0x40, 0x00, 0x36, 0x18, 0x60, 0x1C, 0x00, 0x04, 0x04, 0x0C
	.byte 0xF8, 0x8A, 0x02, 0x38, 0x02, 0x9B, 0x84, 0x42, 0xDF, 0xDB, 0x40, 0x46, 0x05, 0x80, 0xB1, 0x1C
	.byte 0xBA, 0x8A, 0x03, 0x3A, 0x52, 0x00, 0x52, 0x08, 0x1F, 0x48, 0x81, 0x46, 0x02, 0x40, 0x80, 0x24
	.byte 0x64, 0x04, 0x22, 0x43, 0x40, 0x46, 0x01, 0xF0, 0x0A, 0xFD, 0x28, 0x1D, 0x30, 0x80, 0xB8, 0x8A
	.byte 0x40, 0x00, 0x80, 0x19, 0x04, 0x38, 0x80, 0x22, 0xD2, 0x00, 0x11, 0x1C, 0x2A, 0x1C, 0x0A, 0x43
	.byte 0x11, 0x1C, 0x0B, 0x31, 0x01, 0x80, 0xB8, 0x8A, 0x40, 0x00, 0x80, 0x19, 0x02, 0x38, 0x0A, 0x32
	.byte 0x02, 0x80, 0x78, 0x89, 0x40, 0x00, 0x36, 0x18, 0xE8, 0x1D, 0x51, 0x46, 0x08, 0x80, 0xB1, 0x1C
	.byte 0xBA, 0x8A, 0x03, 0x3A, 0x52, 0x00, 0x52, 0x08, 0x48, 0x46, 0x02, 0x40, 0x22, 0x43, 0x50, 0x46
	.byte 0x01, 0xF0, 0xE5, 0xFC, 0xA8, 0x1D, 0x30, 0x80, 0xB8, 0x8A, 0x40, 0x00, 0x80, 0x19, 0x04, 0x38
	.byte 0x29, 0x1C, 0x08, 0x31, 0x01, 0x80, 0x03, 0xB0, 0x38, 0xBC, 0x98, 0x46, 0xA1, 0x46, 0xAA, 0x46
	.byte 0xF0, 0xBC, 0x01, 0xBC, 0x00, 0x47, 0xFF, 0xFF, 0x1F, 0x00, 0xF0, 0xB5, 0x81, 0xB0, 0x04, 0x1C
	.byte 0x00, 0xF0, 0x61, 0xFA, 0x62, 0x8B, 0x61, 0x89, 0x51, 0x43, 0x49, 0x00, 0x40, 0x18, 0x21, 0x8B
	.byte 0x49, 0x00, 0x46, 0x18, 0xE0, 0x8D, 0x01, 0x30, 0x00, 0x04, 0x07, 0x0C, 0x00, 0x25, 0x0F, 0xE0
	.byte 0x68, 0x46, 0x07, 0x80, 0xA2, 0x8B, 0x80, 0x20, 0x40, 0x04, 0x02, 0x43, 0x68, 0x46, 0x31, 0x1C
	.byte 0x01, 0xF0, 0xB5, 0xFC, 0x60, 0x89, 0x40, 0x00, 0x36, 0x18, 0x68, 0x1C, 0x00, 0x04, 0x05, 0x0C
	.byte 0xE0, 0x8B, 0x85, 0x42, 0xEC, 0xD3, 0x01, 0xB0, 0xF0, 0xBC, 0x01, 0xBC, 0x00, 0x47, 0x30, 0xB5
	.byte 0x04, 0x1C, 0x09, 0x06, 0x0D, 0x0E, 0xE0, 0x68, 0x02, 0x28, 0x0B, 0xD0, 0x02, 0x28, 0x02, 0xD8
	.byte 0x01, 0x28, 0x03, 0xD0, 0x0E, 0xE0, 0x03, 0x28, 0x08, 0xD0, 0x0B, 0xE0, 0x20, 0x1C, 0xFF, 0xF7
	.byte 0x16, 0xFE, 0x0A, 0xE0, 0x20, 0x1C, 0xFF, 0xF7, 0x84, 0xFE, 0x06, 0xE0, 0x20, 0x1C, 0xFF, 0xF7
	.byte 0x1A, 0xFF, 0x02, 0xE0, 0x20, 0x1C, 0xFF, 0xF7, 0xB8, 0xFF, 0x20, 0x1C, 0x00, 0x21, 0x00, 0x22
	.byte 0xFF, 0xF7, 0xA5, 0xFD, 0x01, 0x2D, 0x03, 0xD1, 0x20, 0x1C, 0x00, 0xF0, 0x1A, 0xFA, 0x03, 0xE0
	.byte 0x21, 0x88, 0x01, 0x20, 0x08, 0x43, 0x20, 0x80, 0x30, 0xBC, 0x01, 0xBC, 0x00, 0x47, 0xF0, 0xB5
	.byte 0x57, 0x46, 0x4E, 0x46, 0x45, 0x46, 0xE0, 0xB4, 0x82, 0xB0, 0x05, 0x1C, 0x0A, 0x98, 0x0B, 0x9C
	.byte 0x09, 0x04, 0x09, 0x0C, 0x89, 0x46, 0x12, 0x04, 0x12, 0x0C, 0x16, 0x1C, 0x1B, 0x04, 0x1B, 0x0C
	.byte 0x98, 0x46, 0x00, 0x04, 0x07, 0x0C, 0x24, 0x06, 0x24, 0x0E, 0x01, 0x94, 0xA8, 0x8B, 0x81, 0x42
	.byte 0x46, 0xD2, 0xEB, 0x8B, 0x9A, 0x42, 0x43, 0xD2, 0x43, 0x46, 0xC8, 0x18, 0xAB, 0x8B, 0x98, 0x42
	.byte 0x03, 0xDD, 0x58, 0x1A, 0x00, 0x04, 0x00, 0x0C, 0x80, 0x46, 0xD0, 0x19, 0xE9, 0x8B, 0x88, 0x42
	.byte 0x02, 0xDD, 0x88, 0x1A, 0x00, 0x04, 0x07, 0x0C, 0x28, 0x1C, 0x00, 0xF0, 0xDC, 0xF9, 0x69, 0x8B
	.byte 0x89, 0x19, 0x6A, 0x89, 0x51, 0x43, 0x49, 0x00, 0x40, 0x18, 0x29, 0x8B, 0x49, 0x44, 0x49, 0x00
	.byte 0x46, 0x18, 0xE8, 0x8D, 0x01, 0x30, 0x00, 0x04, 0x00, 0x0C, 0x81, 0x46, 0x00, 0x24, 0xBC, 0x42
	.byte 0x13, 0xD2, 0x80, 0x20, 0x40, 0x04, 0x82, 0x46, 0x68, 0x46, 0x49, 0x46, 0x01, 0x80, 0x31, 0x1C
	.byte 0x42, 0x46, 0x53, 0x46, 0x1A, 0x43, 0x01, 0xF0, 0x2A, 0xFC, 0x68, 0x89, 0x40, 0x00, 0x36, 0x18
	.byte 0x60, 0x1C, 0x00, 0x04, 0x04, 0x0C, 0xBC, 0x42, 0xEE, 0xD3, 0x01, 0x98, 0x01, 0x28, 0x03, 0xD1
	.byte 0x28, 0x1C, 0x00, 0xF0, 0xB6, 0xF9, 0x03, 0xE0, 0x29, 0x88, 0x01, 0x20, 0x08, 0x43, 0x28, 0x80
	.byte 0x02, 0xB0, 0x38, 0xBC, 0x98, 0x46, 0xA1, 0x46, 0xAA, 0x46, 0xF0, 0xBC, 0x01, 0xBC, 0x00, 0x47
	.byte 0x00, 0x00, 0x70, 0x47, 0x00, 0x00, 0x00, 0x04, 0x01, 0x0C, 0x03, 0x4A, 0x80, 0x18, 0x00, 0x0C
	.byte 0x09, 0x28, 0x04, 0xD8, 0x01, 0x1C, 0x06, 0xE0, 0x00, 0x00, 0x00, 0x00, 0xD0, 0xFF, 0x08, 0x04
	.byte 0x02, 0x49, 0x40, 0x18, 0x01, 0x0C, 0x08, 0x1C, 0x70, 0x47, 0x00, 0x00, 0xA9, 0xFF
	thumb_func_start func_081167F8
func_081167F8: @ 081167F8
	push {r4, r5, lr}
	adds r5, r0, #0x0
	adds r4, r1, #0x0
	b _0811682E
_08116800:
	movs r0, #0x80
	ands r0, r1
	cmp r0, #0x00
	beq _0811681A
	ldrb r0, [r4, #0x00]
	lsls r0, r0, #0x08
	ldrb r1, [r4, #0x01]
	orrs r1, r0
	adds r0, r5, #0x0
	bl func_081161EC
	adds r4, #0x02
	b _0811682E
_0811681A:
	ldrb r0, [r4, #0x00]
	bl func_08116CDC
	adds r1, r0, #0x0
	lsls r1, r1, #0x10
	lsrs r1, r1, #0x10
	adds r0, r5, #0x0
	bl func_081161EC
	adds r4, #0x01
_0811682E:
	ldrb r1, [r4, #0x00]
	cmp r1, #0x00
	bne _08116800
	adds r0, r4, #0x1
	pop {r4, r5}
	pop {r1}
	bx r1
	thumb_func_start sub_0811683C
sub_0811683C:
	push {r4, r5, r6, r7, lr}
	mov r7, r8
	push {r7}
	add sp, #-0x008
	adds r6, r0, #0x0
	movs r0, #0x00
	mov r8, r0
	ldrh r1, [r6, #0x20]
	ldrh r0, [r6, #0x1C]
	lsls r0, r0, #0x03
	cmp r1, r0
	blt _08116858
	mov r1, r8
	strh r1, [r6, #0x20]
_08116858:
	adds r0, r6, #0x0
	bl sub_08116204
	lsls r0, r0, #0x10
	lsrs r7, r0, #0x10
	movs r0, #0xFF
	lsls r0, r0, #0x08
	ands r0, r7
	cmp r0, #0x00
	beq _08116928
	ldrh r1, [r6, #0x22]
	ldrh r0, [r6, #0x1C]
	adds r4, r1, #0x0
	muls r4, r0
	ldrh r0, [r6, #0x20]
	lsrs r0, r0, #0x03
	adds r4, r4, r0
	lsls r4, r4, #0x05
	ldr r1, [r6, #0x34]
	ldr r2, [r6, #0x38]
	ldrh r3, [r6, #0x26]
	ldrh r0, [r6, #0x24]
	str r0, [sp, #0x000]
	adds r0, r7, #0x0
	bl func_08116008
	adds r5, r0, #0x0
	ldr r1, [r6, #0x34]
	ldr r2, [r6, #0x3C]
	ldr r3, [r6, #0x40]
	adds r0, r7, #0x0
	bl func_08115F8C
	lsls r0, r0, #0x18
	lsrs r7, r0, #0x18
	ldr r1, [r6, #0x50]
	adds r1, r1, r4
	adds r0, r6, #0x0
	adds r2, r5, #0x0
	adds r3, r7, #0x0
	bl func_08116034
	adds r5, r0, #0x0
	ldrh r1, [r6, #0x22]
	ldrh r0, [r6, #0x1C]
	adds r2, r1, #0x0
	muls r2, r0
	adds r0, r2, #0x0
	ldrh r1, [r6, #0x20]
	lsrs r1, r1, #0x03
	adds r0, r0, r1
	ldrh r3, [r6, #0x30]
	adds r0, r0, r3
	lsls r0, r0, #0x10
	lsrs r4, r0, #0x10
	adds r0, r6, #0x0
	bl sub_08116B10
	ldrh r1, [r6, #0x1A]
	ldrh r2, [r6, #0x22]
	adds r1, r1, r2
	ldrh r2, [r6, #0x0A]
	muls r2, r1
	ldrh r1, [r6, #0x20]
	lsrs r1, r1, #0x03
	ldrh r3, [r6, #0x18]
	adds r1, r1, r3
	adds r2, r2, r1
	lsls r2, r2, #0x01
	adds r1, r0, r2
	movs r2, #0x00
	ldrh r0, [r6, #0x24]
	cmp r8, r0
	bcs _08116914
_081168EC:
	cmp r5, #0x01
	bne _081168F4
	strh r4, [r1, #0x00]
	b _081168FA
_081168F4:
	strh r4, [r1, #0x00]
	adds r0, r4, #0x1
	strh r0, [r1, #0x02]
_081168FA:
	ldrh r0, [r6, #0x0A]
	lsls r0, r0, #0x01
	adds r1, r1, r0
	ldrh r0, [r6, #0x1C]
	adds r0, r4, r0
	lsls r0, r0, #0x10
	lsrs r4, r0, #0x10
	adds r0, r2, #0x1
	lsls r0, r0, #0x10
	lsrs r2, r0, #0x10
	ldrh r3, [r6, #0x24]
	cmp r2, r3
	bcc _081168EC
_08116914:
	ldrh r0, [r6, #0x20]
	adds r0, r0, r7
	strh r0, [r6, #0x20]
	ldrh r1, [r6, #0x00]
	movs r0, #0x01
	orrs r0, r1
	strh r0, [r6, #0x00]
	movs r0, #0x01
	mov r8, r0
	b _08116A8A
_08116928:
	cmp r7, #0x40
	beq _08116940
	cmp r7, #0x40
	ble _08116932
	b _08116A8A
_08116932:
	cmp r7, #0x00
	bne _08116938
	b _08116A8A
_08116938:
	cmp r7, #0x0A
	bne _0811693E
	b _08116A6E
_0811693E:
	b _08116A8A
_08116940:
	adds r0, r6, #0x0
	bl sub_08116204
	add r1, sp, #0x004
	strh r0, [r1, #0x00]
	adds r0, r6, #0x0
	bl sub_08116204
	add r1, sp, #0x004
	strh r0, [r1, #0x02]
	adds r0, r1, #0x0
	ldrh r0, [r0, #0x00]
	subs r0, #0x46
	cmp r0, #0x2D
	bls _08116960
	b _08116A8A
_08116960:
	lsls r0, r0, #0x02
	ldr r1, _0811696C @ =0x08116970
	adds r0, r0, r1
	ldr r0, [r0, #0x00]
	mov pc, r0
	.byte 0x00, 0x00
_0811696C: .4byte 0x08116970
	.byte 0x28, 0x6A, 0x11, 0x08, 0x8A, 0x6A, 0x11, 0x08, 0x8A, 0x6A, 0x11, 0x08, 0x8A, 0x6A, 0x11, 0x08
	.byte 0x8A, 0x6A, 0x11, 0x08, 0x8A, 0x6A, 0x11, 0x08, 0x8A, 0x6A, 0x11, 0x08, 0x8A, 0x6A, 0x11, 0x08
	.byte 0x8A, 0x6A, 0x11, 0x08, 0x8A, 0x6A, 0x11, 0x08, 0x8A, 0x6A, 0x11, 0x08, 0x8A, 0x6A, 0x11, 0x08
	.byte 0x8A, 0x6A, 0x11, 0x08, 0x8A, 0x6A, 0x11, 0x08, 0x8A, 0x6A, 0x11, 0x08, 0x8A, 0x6A, 0x11, 0x08
	.byte 0x8A, 0x6A, 0x11, 0x08, 0x8A, 0x6A, 0x11, 0x08, 0x8A, 0x6A, 0x11, 0x08, 0x8A, 0x6A, 0x11, 0x08
	.byte 0x8A, 0x6A, 0x11, 0x08, 0x8A, 0x6A, 0x11, 0x08, 0x8A, 0x6A, 0x11, 0x08, 0x8A, 0x6A, 0x11, 0x08
	.byte 0x8A, 0x6A, 0x11, 0x08, 0x8A, 0x6A, 0x11, 0x08, 0x8A, 0x6A, 0x11, 0x08, 0x8A, 0x6A, 0x11, 0x08
	.byte 0x56, 0x6A, 0x11, 0x08, 0x8A, 0x6A, 0x11, 0x08, 0x8A, 0x6A, 0x11, 0x08, 0x62, 0x6A, 0x11, 0x08
	.byte 0x3E, 0x6A, 0x11, 0x08, 0x8A, 0x6A, 0x11, 0x08, 0x8A, 0x6A, 0x11, 0x08, 0x8A, 0x6A, 0x11, 0x08
	.byte 0x8A, 0x6A, 0x11, 0x08, 0x8A, 0x6A, 0x11, 0x08, 0x8A, 0x6A, 0x11, 0x08, 0x8A, 0x6A, 0x11, 0x08
	.byte 0x8A, 0x6A, 0x11, 0x08, 0x8A, 0x6A, 0x11, 0x08, 0x8A, 0x6A, 0x11, 0x08, 0x8A, 0x6A, 0x11, 0x08
	.byte 0x8A, 0x6A, 0x11, 0x08, 0x4A, 0x6A, 0x11, 0x08, 0x01, 0xA8, 0x40, 0x88, 0xFF, 0xF7, 0xD0, 0xFE
	.byte 0x01, 0x1C, 0x09, 0x04, 0x09, 0x0C, 0x30, 0x1C, 0xFF, 0xF7, 0x58, 0xFB, 0x25, 0xE0, 0x01, 0xA8
	.byte 0x40, 0x88, 0xFF, 0xF7, 0xC5, 0xFE, 0x70, 0x80, 0x1F, 0xE0, 0x01, 0xA8, 0x40, 0x88, 0xFF, 0xF7
	.byte 0xBF, 0xFE, 0xB0, 0x80, 0x19, 0xE0, 0x01, 0xA8, 0x40, 0x88, 0xFF, 0xF7, 0xB9, 0xFE, 0xF0, 0x80
	.byte 0x13, 0xE0, 0x01, 0xA8, 0x40, 0x88, 0xFF, 0xF7, 0xB3, 0xFE, 0x30, 0x81, 0x0D, 0xE0
_08116A6E:
	mov r1, r8
	strh r1, [r6, #0x20]
	ldrh r0, [r6, #0x24]
	ldrh r2, [r6, #0x22]
	adds r0, r0, r2
	strh r0, [r6, #0x22]
	ldrh r0, [r6, #0x22]
	ldrh r1, [r6, #0x24]
	adds r0, r0, r1
	ldrh r3, [r6, #0x1E]
	cmp r0, r3
	ble _08116A8A
	mov r0, r8
	strh r0, [r6, #0x22]
_08116A8A:
	mov r0, r8
	add sp, #0x008
	pop {r3}
	mov r8, r3
	pop {r4, r5, r6, r7}
	pop {r1}
	bx r1
	.byte 0x70, 0xB5, 0x04, 0x1C, 0x09, 0x06, 0x0E, 0x0E, 0x00, 0x25, 0x04, 0xE0, 0x20, 0x1C, 0xFF, 0xF7
	.byte 0xC9, 0xFE, 0x00, 0x06, 0x05, 0x0E, 0x20, 0x1C, 0xFF, 0xF7, 0x94, 0xFB, 0x00, 0x06, 0x00, 0x28
	.byte 0x01, 0xD1, 0x00, 0x2D, 0xF2, 0xD0, 0x01, 0x2E, 0x07, 0xD1, 0x21, 0x88, 0x30, 0x1C, 0x08, 0x40
	.byte 0x00, 0x28, 0x02, 0xD0, 0x20, 0x1C, 0x00, 0xF0, 0x25, 0xF8, 0x70, 0xBC, 0x01, 0xBC, 0x00, 0x47
	thumb_func_start func_08116AD8
func_08116AD8: @ 08116AD8
	push {r4, r5, lr}
	adds r4, r0, #0x0
	lsls r1, r1, #0x18
	lsrs r5, r1, #0x18
	b _08116AE8
_08116AE2:
	adds r0, r4, #0x0
	bl sub_0811683C
_08116AE8:
	adds r0, r4, #0x0
	bl func_081161DC
	lsls r0, r0, #0x18
	cmp r0, #0x00
	beq _08116AE2
	cmp r5, #0x01
	bne _08116B08
	ldrh r1, [r4, #0x00]
	adds r0, r5, #0x0
	ands r0, r1
	cmp r0, #0x00
	beq _08116B08
	adds r0, r4, #0x0
	bl func_08116B1C
_08116B08:
	pop {r4, r5}
	pop {r0}
	bx r0
	.byte 0x00, 0x00
	thumb_func_start sub_08116B10
sub_08116B10:
	adds r1, r0, #0x0
	ldr r0, [r1, #0x4C]
	cmp r0, #0x00
	bne _08116B1A
	ldr r0, [r1, #0x54]
_08116B1A:
	bx lr
	thumb_func_start func_08116B1C
func_08116B1C: @ 08116B1C
	push {r4, lr}
	adds r4, r0, #0x0
	ldr r1, [r4, #0x4C]
	cmp r1, #0x00
	beq _08116B42
	ldrh r0, [r4, #0x12]
	ldrh r3, [r4, #0x0A]
	adds r2, r0, #0x0
	muls r2, r3
	lsls r2, r2, #0x01
	adds r0, r1, r2
	ldr r1, [r4, #0x54]
	adds r1, r1, r2
	ldrh r2, [r4, #0x16]
	muls r2, r3
	lsls r2, r2, #0x11
	lsrs r2, r2, #0x10
	bl func_080043B4
_08116B42:
	ldrh r1, [r4, #0x00]
	ldr r0, _08116B50 @ =0x0000FFFE
	ands r0, r1
	strh r0, [r4, #0x00]
	pop {r4}
	pop {r0}
	bx r0
_08116B50: .4byte 0x0000FFFE
	.byte 0x70, 0xB5, 0x05, 0x1C, 0x0C, 0x1C, 0x12, 0x06, 0x16, 0x0E, 0x00, 0x21, 0xFF, 0xF7, 0xBA, 0xFF
	.byte 0x28, 0x1C, 0x21, 0x1C, 0xFF, 0xF7, 0x46, 0xFE, 0x28, 0x1C, 0x00, 0x21, 0xFF, 0xF7, 0xB2, 0xFF
	.byte 0x01, 0x2E, 0x07, 0xD1, 0x29, 0x88, 0x30, 0x1C, 0x08, 0x40, 0x00, 0x28, 0x02, 0xD0, 0x28, 0x1C
	.byte 0xFF, 0xF7, 0xCA, 0xFF, 0x70, 0xBC, 0x01, 0xBC, 0x00, 0x47, 0x00, 0x00, 0xF0, 0xB5, 0x47, 0x46
	.byte 0x80, 0xB4, 0x07, 0x1C, 0x0C, 0x1C, 0x15, 0x1C, 0x98, 0x46, 0x06, 0x98, 0x24, 0x04, 0x24, 0x0C
	.byte 0x2D, 0x04, 0x2D, 0x0C, 0x00, 0x06, 0x06, 0x0E, 0x38, 0x1C, 0x00, 0x21, 0xFF, 0xF7, 0x92, 0xFF
	.byte 0x38, 0x1C, 0x21, 0x1C, 0x2A, 0x1C, 0xFF, 0xF7, 0x35, 0xFB, 0x38, 0x1C, 0x41, 0x46, 0xFF, 0xF7
	.byte 0x19, 0xFE, 0x38, 0x1C, 0x00, 0x21, 0xFF, 0xF7, 0x85, 0xFF, 0x01, 0x2E, 0x07, 0xD1, 0x39, 0x88
	.byte 0x30, 0x1C, 0x08, 0x40, 0x00, 0x28, 0x02, 0xD0, 0x38, 0x1C, 0xFF, 0xF7, 0x9D, 0xFF, 0x08, 0xBC
	.byte 0x98, 0x46, 0xF0, 0xBC, 0x01, 0xBC, 0x00, 0x47
	thumb_func_start func_08116BEC
func_08116BEC: @ 08116BEC
	push {r4, r5, r6, r7, lr}
	mov r7, r10
	mov r6, r9
	mov r5, r8
	push {r5, r6, r7}
	add sp, #-0x008
	adds r6, r0, #0x0
	adds r5, r1, #0x0
	adds r4, r2, #0x0
	str r3, [sp, #0x004]
	ldr r1, [sp, #0x028]
	lsls r5, r5, #0x10
	lsrs r0, r5, #0x10
	mov r9, r0
	lsls r4, r4, #0x10
	lsrs r4, r4, #0x10
	lsls r1, r1, #0x18
	lsrs r1, r1, #0x18
	mov r8, r1
	adds r0, r6, #0x0
	movs r1, #0x00
	bl func_08116AD8
	lsrs r7, r5, #0x13
	adds r0, r6, #0x0
	adds r1, r7, #0x0
	adds r2, r4, #0x0
	bl func_08116228
	movs r0, #0x07
	mov r10, r0
	mov r5, r9
	ands r5, r0
	cmp r5, #0x00
	beq _08116C5C
	ldrh r1, [r6, #0x22]
	ldrh r0, [r6, #0x1C]
	muls r0, r1
	adds r0, r0, r7
	lsls r7, r0, #0x05
	ldr r0, _08116CD8 @ =0x00008140
	ldr r1, [r6, #0x34]
	ldr r2, [r6, #0x38]
	ldrh r3, [r6, #0x26]
	ldrh r4, [r6, #0x24]
	str r4, [sp, #0x000]
	bl func_08116008
	adds r4, r0, #0x0
	ldr r1, [r6, #0x50]
	adds r1, r1, r7
	adds r0, r6, #0x0
	adds r2, r4, #0x0
	adds r3, r5, #0x0
	bl func_08116034
_08116C5C:
	adds r0, r6, #0x0
	mov r1, r9
	bl func_08116254
	adds r0, r6, #0x0
	ldr r1, [sp, #0x004]
	bl func_081167F8
	adds r0, r6, #0x0
	movs r1, #0x00
	bl func_08116AD8
	ldrh r2, [r6, #0x20]
	mov r0, r10
	ands r0, r2
	cmp r0, #0x00
	beq _08116CB2
	ldrh r1, [r6, #0x22]
	ldrh r0, [r6, #0x1C]
	muls r0, r1
	lsrs r1, r2, #0x03
	adds r0, r0, r1
	lsls r7, r0, #0x05
	ldr r0, _08116CD8 @ =0x00008140
	ldr r1, [r6, #0x34]
	ldr r2, [r6, #0x38]
	ldrh r3, [r6, #0x26]
	ldrh r4, [r6, #0x24]
	str r4, [sp, #0x000]
	bl func_08116008
	adds r4, r0, #0x0
	ldr r1, [r6, #0x50]
	adds r1, r1, r7
	ldrh r2, [r6, #0x20]
	mov r0, r10
	ands r0, r2
	movs r3, #0x08
	subs r3, r3, r0
	adds r0, r6, #0x0
	adds r2, r4, #0x0
	bl func_08116034
_08116CB2:
	mov r1, r8
	cmp r1, #0x01
	bne _08116CC6
	ldrh r0, [r6, #0x00]
	ands r1, r0
	cmp r1, #0x00
	beq _08116CC6
	adds r0, r6, #0x0
	bl func_08116B1C
_08116CC6:
	add sp, #0x008
	pop {r3, r4, r5}
	mov r8, r3
	mov r9, r4
	mov r10, r5
	pop {r4, r5, r6, r7}
	pop {r0}
	bx r0
	.byte 0x00, 0x00
_08116CD8: .4byte 0x00008140
	thumb_func_start func_08116CDC
func_08116CDC: @ 08116CDC
	lsls r0, r0, #0x18
	ldr r1, _08116CE8 @ =0x09A5B470
	lsrs r0, r0, #0x17
	adds r0, r0, r1
	ldrh r0, [r0, #0x00]
	bx lr
_08116CE8: .4byte 0x09A5B470
	thumb_func_start func_08116CEC
func_08116CEC: @ 08116CEC
	ldr r1, _08116D18 @ =0x040000B0
	ldrh r2, [r1, #0x0A]
	ldr r0, _08116D1C @ =0x0000C5FF
	ands r0, r2
	strh r0, [r1, #0x0A]
	ldrh r2, [r1, #0x0A]
	ldr r0, _08116D20 @ =0x00007FFF
	ands r0, r2
	strh r0, [r1, #0x0A]
	ldrh r0, [r1, #0x0A]
	ldr r1, _08116D24 @ =0x02036028
	movs r0, #0x00
	strb r0, [r1, #0x00]
	strb r0, [r1, #0x01]
	str r0, [r1, #0x04]
	str r0, [r1, #0x08]
	str r0, [r1, #0x0C]
	str r0, [r1, #0x10]
	str r0, [r1, #0x14]
	str r0, [r1, #0x1C]
	bx lr
	.byte 0x00, 0x00
_08116D18: .4byte 0x040000B0
_08116D1C: .4byte 0x0000C5FF
_08116D20: .4byte 0x00007FFF
_08116D24: .4byte 0x02036028
	thumb_func_start func_08116D28
func_08116D28: @ 08116D28
	push {r4, lr}
	ldr r1, _08116D7C @ =0x040000B0
	ldrh r2, [r1, #0x0A]
	ldr r0, _08116D80 @ =0x0000C5FF
	ands r0, r2
	strh r0, [r1, #0x0A]
	ldrh r2, [r1, #0x0A]
	ldr r0, _08116D84 @ =0x00007FFF
	ands r0, r2
	strh r0, [r1, #0x0A]
	ldrh r0, [r1, #0x0A]
	ldr r1, _08116D88 @ =0x02036028
	ldrb r0, [r1, #0x00]
	adds r2, r1, #0x0
	cmp r0, #0x00
	beq _08116DC6
	ldrb r0, [r2, #0x01]
	cmp r0, #0x00
	beq _08116D94
	ldr r0, [r2, #0x0C]
	movs r1, #0x01
	eors r0, r1
	str r0, [r2, #0x0C]
	lsls r0, r0, #0x02
	adds r1, r2, #0x0
	adds r1, #0x10
	adds r0, r0, r1
	ldr r3, [r0, #0x00]
	str r3, [r2, #0x18]
	ldr r1, [r2, #0x1C]
	movs r0, #0x80
	lsls r0, r0, #0x11
	ands r0, r1
	cmp r0, #0x00
	bne _08116D90
	movs r0, #0x80
	lsls r0, r0, #0x13
	ands r1, r0
	cmp r1, #0x00
	beq _08116D8C
	adds r0, r3, #0x4
	b _08116D8E
_08116D7C: .4byte 0x040000B0
_08116D80: .4byte 0x0000C5FF
_08116D84: .4byte 0x00007FFF
_08116D88: .4byte 0x02036028
_08116D8C:
	adds r0, r3, #0x2
_08116D8E:
	str r0, [r2, #0x18]
_08116D90:
	movs r0, #0x00
	strb r0, [r2, #0x01]
_08116D94:
	ldr r0, [r2, #0x0C]
	lsls r0, r0, #0x02
	adds r1, r2, #0x0
	adds r1, #0x10
	adds r0, r0, r1
	ldr r0, [r0, #0x00]
	cmp r0, #0x00
	beq _08116DBC
	ldr r4, [r2, #0x08]
	cmp r4, #0x00
	beq _08116DBC
	ldr r3, [r2, #0x1C]
	cmp r3, #0x00
	beq _08116DBC
	ldr r0, _08116DCC @ =0x040000B0
	ldr r1, [r2, #0x18]
	str r1, [r0, #0x00]
	str r4, [r0, #0x04]
	str r3, [r0, #0x08]
	ldr r0, [r0, #0x08]
_08116DBC:
	ldr r1, [r2, #0x04]
	cmp r1, #0x00
	beq _08116DC6
	bl _0811D5B4
_08116DC6:
	pop {r4}
	pop {r0}
	bx r0
_08116DCC: .4byte 0x040000B0
	.byte 0x04, 0x49, 0x8A, 0x68, 0xC8, 0x68, 0x80, 0x00, 0x10, 0x31, 0x40, 0x18, 0x00, 0x68, 0x00, 0x68
	.byte 0x10, 0x80, 0x70, 0x47, 0x28, 0x60, 0x03, 0x02, 0x04, 0x49, 0x8A, 0x68, 0xC8, 0x68, 0x80, 0x00
	.byte 0x10, 0x31, 0x40, 0x18, 0x00, 0x68, 0x00, 0x88, 0x10, 0x80, 0x70, 0x47, 0x28, 0x60, 0x03, 0x02
	thumb_func_start func_08116E00
func_08116E00: @ 08116E00
	push {r4, r5, r6, lr}
	adds r6, r0, #0x0
	adds r4, r1, #0x0
	adds r5, r2, #0x0
	bl func_08116CEC
	ldr r1, _08116E30 @ =0x02036028
	str r4, [r1, #0x10]
	str r4, [r1, #0x14]
	str r4, [r1, #0x18]
	movs r0, #0x80
	lsls r0, r0, #0x13
	ands r0, r5
	cmp r0, #0x00
	beq _08116E38
	ldr r0, _08116E34 @ =0x08116DD1
	str r0, [r1, #0x04]
	movs r0, #0x80
	lsls r0, r0, #0x11
	ands r0, r5
	cmp r0, #0x00
	bne _08116E4A
	adds r0, r4, #0x4
	b _08116E48
_08116E30: .4byte 0x02036028
_08116E34: .4byte 0x08116DD1
_08116E38:
	ldr r0, _08116E58 @ =0x08116DE9
	str r0, [r1, #0x04]
	movs r0, #0x80
	lsls r0, r0, #0x11
	ands r0, r5
	cmp r0, #0x00
	bne _08116E4A
	adds r0, r4, #0x2
_08116E48:
	str r0, [r1, #0x18]
_08116E4A:
	ldr r0, _08116E5C @ =0x02036028
	str r6, [r0, #0x08]
	str r5, [r0, #0x1C]
	pop {r4, r5, r6}
	pop {r0}
	bx r0
	.byte 0x00, 0x00
_08116E58: .4byte 0x08116DE9
_08116E5C: .4byte 0x02036028
	thumb_func_start func_08116E60
func_08116E60: @ 08116E60
	push {r4, lr}
	ldr r3, _08116E7C @ =0x02036028
	ldr r1, [r3, #0x0C]
	movs r4, #0x01
	eors r1, r4
	lsls r1, r1, #0x02
	adds r2, r3, #0x0
	adds r2, #0x10
	adds r1, r1, r2
	str r0, [r1, #0x00]
	strb r4, [r3, #0x01]
	pop {r4}
	pop {r0}
	bx r0
_08116E7C: .4byte 0x02036028
	thumb_func_start func_08116E80
func_08116E80: @ 08116E80
	ldr r1, _08116E88 @ =0x02036028
	movs r0, #0x01
	strb r0, [r1, #0x00]
	bx lr
_08116E88: .4byte 0x02036028
	thumb_func_start func_08116E8C
func_08116E8C: @ 08116E8C
	ldr r1, _08116E94 @ =0x02036028
	movs r0, #0x00
	strb r0, [r1, #0x00]
	bx lr
_08116E94: .4byte 0x02036028
	.byte 0x00, 0xB5, 0x0A, 0x49, 0x01, 0x20, 0x08, 0x70, 0x00, 0xF0, 0x42, 0xF8, 0x00, 0xF0, 0x5E, 0xF8
	.byte 0x00, 0xF0, 0x3A, 0xF8, 0x00, 0x04, 0x00, 0x0C, 0x00, 0xF0, 0x06, 0xF9, 0x04, 0x48, 0xEF, 0xF6
	.byte 0xA1, 0xFE, 0x00, 0xF0, 0x4B, 0xF9, 0x01, 0xBC, 0x00, 0x47, 0x00, 0x00, 0x48, 0x60, 0x03, 0x02
	.byte 0x15, 0x07, 0x00, 0x08, 0x10, 0xB5, 0x07, 0x4C, 0x20, 0x78, 0x01, 0x28, 0x07, 0xD1, 0x00, 0xF0
	.byte 0x85, 0xF8, 0x20, 0x70, 0x00, 0x06, 0x00, 0x28, 0x01, 0xD1, 0x00, 0xF0, 0x11, 0xF8, 0x10, 0xBC
	.byte 0x01, 0xBC, 0x00, 0x47, 0x48, 0x60, 0x03, 0x02, 0x00, 0xB5, 0x04, 0x48, 0x00, 0x78, 0x01, 0x28
	.byte 0x01, 0xD1, 0x00, 0xF0, 0x4B, 0xF9, 0x01, 0xBC, 0x00, 0x47, 0x00, 0x00, 0x48, 0x60, 0x03, 0x02
	thumb_func_start func_08116F08
func_08116F08: @ 08116F08
	push {lr}
	bl func_08006C24
	bl func_08117170
	bl func_0811FDEC
	bl func_081204E0
	pop {r0}
	bx r0
	.byte 0x00, 0x00, 0x00, 0x48, 0x70, 0x47, 0x20, 0x52, 0x00, 0x00, 0x00, 0x48, 0x70, 0x47, 0x74, 0xB6
	.byte 0xA5, 0x09
	thumb_func_start func_08116F30
func_08116F30: @ 08116F30
	push {r4, r5, lr}
	adds r3, r0, #0x0
	ldr r4, [r3, #0x00]
	adds r5, r4, #0x0
	ldm r5!, {r2}
	movs r0, #0xFF
	ands r0, r2
	cmp r0, #0x53
	bne _08116F5A
	lsrs r0, r2, #0x08
	movs r1, #0xFF
	lsls r1, r1, #0x08
	ands r0, r1
	lsls r0, r0, #0x02
	adds r0, r4, r0
	lsrs r1, r2, #0x18
	lsls r1, r1, #0x02
	adds r0, r0, r1
	str r0, [r3, #0x00]
	adds r0, r5, #0x0
	b _08116F5E
_08116F5A:
	movs r0, #0x00
	str r0, [r3, #0x00]
_08116F5E:
	pop {r4, r5}
	pop {r1}
	bx r1
	.byte 0x70, 0xB5, 0x1A, 0x49, 0x81, 0x23, 0x9B, 0x01, 0xCA, 0x18, 0x19, 0x4C, 0x91, 0x42, 0x03, 0xD2
	.byte 0x00, 0x23, 0x08, 0xC1, 0x91, 0x42, 0xFC, 0xD3, 0x20, 0x60, 0x16, 0x49, 0x00, 0x20, 0x08, 0x60
	.byte 0x25, 0x1C, 0x0E, 0x1C, 0x34, 0x1C, 0x28, 0x68, 0x00, 0x28, 0x08, 0xD0, 0x28, 0x1C, 0xFF, 0xF7
	.byte 0xCD, 0xFF, 0x00, 0x28, 0x03, 0xD0, 0x22, 0x68, 0x0C, 0x49, 0x00, 0xF0, 0xDD, 0xFF, 0x20, 0x68
	.byte 0x80, 0x21, 0x89, 0x00, 0x40, 0x18, 0x20, 0x60, 0x0B, 0x49, 0x88, 0x42, 0xEB, 0xDD, 0x30, 0x68
	.byte 0x08, 0x40, 0x30, 0x60, 0x09, 0x49, 0x00, 0x20, 0x08, 0x60, 0x05, 0x48, 0x00, 0x68, 0x00, 0x28
	.byte 0x00, 0xD0, 0x01, 0x20, 0x70, 0xBC, 0x02, 0xBC, 0x08, 0x47, 0x00, 0x00, 0x50, 0x60, 0x03, 0x02
	.byte 0x90, 0x80, 0x03, 0x02, 0x94, 0x80, 0x03, 0x02, 0xFF, 0x07, 0x00, 0x00, 0x98, 0x80, 0x03, 0x02
	.byte 0x70, 0xB5, 0x12, 0x49, 0x12, 0x4C, 0x22, 0x68, 0x80, 0x26, 0xB6, 0x00, 0x90, 0x19, 0x09, 0x68
	.byte 0x81, 0x42, 0x02, 0xDC, 0x0F, 0x4D, 0x91, 0x42, 0x11, 0xDA, 0x0E, 0x48, 0x01, 0x68, 0x05, 0x1C
	.byte 0x00, 0x29, 0x0C, 0xD0, 0xFF, 0xF7, 0x92, 0xFF, 0x00, 0x28, 0x03, 0xD0, 0x0A, 0x49, 0x22, 0x68
	.byte 0x00, 0xF0, 0xA2, 0xFF, 0x20, 0x68, 0x80, 0x19, 0x08, 0x49, 0x08, 0x40, 0x20, 0x60, 0x28, 0x68
	.byte 0x00, 0x28, 0x00, 0xD0, 0x01, 0x20, 0x70, 0xBC, 0x02, 0xBC, 0x08, 0x47, 0x98, 0x80, 0x03, 0x02
	.byte 0x94, 0x80, 0x03, 0x02, 0x90, 0x80, 0x03, 0x02, 0x50, 0x60, 0x03, 0x02, 0xFF, 0x07, 0x00, 0x00
	.byte 0x00, 0x48, 0x70, 0x47, 0x50, 0x60, 0x03, 0x02, 0x01, 0x48, 0x00, 0x68, 0x70, 0x47, 0x00, 0x00
	.byte 0x98, 0x80, 0x03, 0x02, 0x01, 0x49, 0x08, 0x60, 0x70, 0x47, 0x00, 0x00, 0x98, 0x80, 0x03, 0x02
	.byte 0xF0, 0xB5, 0x47, 0x46, 0x80, 0xB4, 0x07, 0x1C, 0x8C, 0x46, 0x90, 0x46, 0x00, 0x25, 0x08, 0x4E
	.byte 0x32, 0x1C, 0x00, 0x24, 0x31, 0x1C, 0x08, 0x68, 0x23, 0x1C, 0xB8, 0x42, 0x0A, 0xD0, 0x0C, 0x32
	.byte 0x9C, 0x1C, 0x0C, 0x31, 0x01, 0x35, 0x10, 0x68, 0x00, 0x28, 0xF4, 0xD1, 0x00, 0x20, 0x0F, 0xE0
	.byte 0x7C, 0xAA, 0xEF, 0x09, 0x61, 0x19, 0x89, 0x00, 0x30, 0x1C, 0x08, 0x30, 0x08, 0x18, 0x00, 0x68
	.byte 0x62, 0x46, 0x10, 0x80, 0x30, 0x1D, 0x09, 0x18, 0x08, 0x68, 0x41, 0x46, 0x08, 0x60, 0x01, 0x20
	.byte 0x08, 0xBC, 0x98, 0x46, 0xF0, 0xBC, 0x02, 0xBC, 0x08, 0x47, 0x00, 0x00, 0xF0, 0xB5, 0x81, 0xB0
	.byte 0x04, 0x4C, 0x69, 0x46, 0x22, 0x1C, 0xFF, 0xF7, 0xCB, 0xFF, 0x00, 0x06, 0x00, 0x28, 0x03, 0xD1
	.byte 0x00, 0x20, 0x2B, 0xE0, 0xA4, 0x80, 0x03, 0x02, 0x16, 0x49, 0x17, 0x4A, 0x10, 0x1C, 0x08, 0x80
	.byte 0x02, 0x31, 0x80, 0x20, 0x08, 0x80, 0x3C, 0x31, 0x14, 0x48, 0x08, 0x60, 0x40, 0x31, 0x68, 0x46
	.byte 0x00, 0x88, 0x08, 0x80, 0x3C, 0x39, 0xD9, 0x20, 0x80, 0x05, 0x08, 0x60, 0x00, 0x23, 0x20, 0x68
	.byte 0x0F, 0x4F, 0x10, 0x49, 0x8C, 0x46, 0x83, 0x42, 0x0A, 0xDA, 0x3E, 0x1C, 0x0E, 0x4D, 0x00, 0x22
	.byte 0x98, 0x19, 0x59, 0x19, 0x0A, 0x70, 0x02, 0x70, 0x01, 0x33, 0x20, 0x68, 0x83, 0x42, 0xF7, 0xDB
	.byte 0x01, 0x20, 0x62, 0x46, 0x10, 0x60, 0x09, 0x48, 0x07, 0x60, 0x01, 0x20, 0x01, 0xB0, 0xF0, 0xBC
	.byte 0x02, 0xBC, 0x08, 0x47, 0x82, 0x00, 0x00, 0x04, 0x06, 0x0B, 0x00, 0x00, 0xA0, 0x00, 0x00, 0x04
	.byte 0xA8, 0x80, 0x03, 0x02, 0xA0, 0x80, 0x03, 0x02, 0x68, 0x83, 0x03, 0x02, 0xBC, 0x00, 0x00, 0x04
	.byte 0x04, 0x49, 0x80, 0x20, 0x08, 0x80, 0x04, 0x4A, 0x10, 0x68, 0x80, 0x21, 0x09, 0x06, 0x08, 0x43
	.byte 0x10, 0x60, 0x70, 0x47, 0x02, 0x01, 0x00, 0x04, 0xC4, 0x00, 0x00, 0x04
	thumb_func_start func_08117170
func_08117170: @ 08117170
	ldr r0, _0811718C @ =0x040000C4
	movs r1, #0x00
	str r1, [r0, #0x00]
	adds r0, #0x3E
	strh r1, [r0, #0x00]
	ldr r2, _08117190 @ =0x04000082
	ldrh r0, [r2, #0x00]
	movs r3, #0x80
	lsls r3, r3, #0x04
	adds r1, r3, #0x0
	orrs r0, r1
	strh r0, [r2, #0x00]
	bx lr
	.byte 0x00, 0x00
_0811718C: .4byte 0x040000C4
_08117190: .4byte 0x04000082
	.byte 0xF0, 0xB5, 0xFF, 0xF7, 0x55, 0xFF, 0x07, 0x1C, 0xFF, 0xF7, 0x56, 0xFF, 0x04, 0x1C, 0x19, 0x49
	.byte 0x08, 0x68, 0x80, 0x25, 0x2D, 0x06, 0x68, 0x40, 0x08, 0x60, 0x17, 0x4E, 0x33, 0x68, 0x17, 0x4A
	.byte 0x01, 0x2B, 0x00, 0xD1, 0x16, 0x4A, 0x17, 0x48, 0x02, 0x60, 0x08, 0x68, 0x68, 0x40, 0x08, 0x60
	.byte 0x01, 0x20, 0x01, 0x2B, 0x00, 0xD1, 0x02, 0x20, 0x30, 0x60, 0x10, 0x4E, 0x01, 0x28, 0x00, 0xD1
	.byte 0x0F, 0x4E, 0x11, 0x4D, 0x2A, 0x68, 0xA1, 0x18, 0x10, 0x48, 0xAC, 0x46, 0x81, 0x42, 0x1F, 0xDC
	.byte 0x00, 0x23, 0x93, 0x42, 0x0A, 0xDA, 0xA0, 0x00, 0xC2, 0x19, 0xF0, 0x18, 0x02, 0xCA, 0x09, 0x12
	.byte 0x01, 0x70, 0x01, 0x34, 0x01, 0x33, 0x28, 0x68, 0x83, 0x42, 0xF6, 0xDB, 0x20, 0x1C, 0xFF, 0xF7
	.byte 0x29, 0xFF, 0x36, 0xE0, 0xC4, 0x00, 0x00, 0x04, 0xA0, 0x80, 0x03, 0x02, 0xA8, 0x80, 0x03, 0x02
	.byte 0x68, 0x83, 0x03, 0x02, 0xBC, 0x00, 0x00, 0x04, 0xA4, 0x80, 0x03, 0x02, 0xFF, 0x07, 0x00, 0x00
	.byte 0x00, 0x23, 0x80, 0x20, 0x00, 0x01, 0x00, 0x1B, 0x83, 0x42, 0x09, 0xDA, 0x05, 0x1C, 0xA0, 0x00
	.byte 0xC2, 0x19, 0xF1, 0x18, 0x01, 0xCA, 0x00, 0x12, 0x08, 0x70, 0x01, 0x33, 0xAB, 0x42, 0xF8, 0xDB
	.byte 0x65, 0x46, 0x28, 0x68, 0x83, 0x42, 0x0D, 0xDA, 0x98, 0x00, 0xA1, 0x00, 0x0A, 0x4A, 0xBF, 0x18
	.byte 0xC9, 0x19, 0x42, 0x18, 0xF0, 0x18, 0x02, 0xCA, 0x09, 0x12, 0x01, 0x70, 0x01, 0x33, 0x28, 0x68
	.byte 0x83, 0x42, 0xF7, 0xDB, 0x61, 0x46, 0x08, 0x68, 0x20, 0x18, 0x04, 0x4A, 0x80, 0x18, 0xFF, 0xF7
	.byte 0xF1, 0xFE, 0xF0, 0xBC, 0x01, 0xBC, 0x00, 0x47, 0x00, 0xE0, 0xFF, 0xFF, 0x00, 0xF8, 0xFF, 0xFF
	.global _08117284
_08117284:
	.byte 0xF0, 0xB5, 0x57, 0x46, 0x4E, 0x46, 0x45, 0x46, 0xE0, 0xB4, 0x84, 0xB0, 0x00, 0x90, 0x25, 0x48
	.byte 0x05, 0x68, 0x04, 0x1C, 0x24, 0x4E, 0x06, 0x2D, 0x13, 0xDA, 0x32, 0x68, 0x12, 0x02, 0x32, 0x60
	.byte 0x22, 0x4B, 0x19, 0x68, 0x08, 0x78, 0x10, 0x43, 0x30, 0x60, 0x01, 0x31, 0x19, 0x60, 0x00, 0x02
	.byte 0x30, 0x60, 0x0A, 0x78, 0x10, 0x43, 0x30, 0x60, 0x01, 0x31, 0x19, 0x60, 0x28, 0x1C, 0x10, 0x30
	.byte 0x20, 0x60, 0x25, 0x68, 0xAA, 0x1F, 0x22, 0x60, 0x33, 0x68, 0x18, 0x1C, 0x10, 0x41, 0x01, 0x90
	.byte 0x3F, 0x20, 0x01, 0x99, 0x01, 0x40, 0x01, 0x91, 0x15, 0x49, 0x00, 0x20, 0x48, 0x60, 0x88, 0x60
	.byte 0xC8, 0x60, 0x08, 0x61, 0x48, 0x61, 0x88, 0x61, 0xC8, 0x61, 0x89, 0x46, 0x07, 0x2A, 0x0A, 0xDC
	.byte 0x1A, 0x02, 0x32, 0x60, 0x0D, 0x4B, 0x18, 0x68, 0x01, 0x78, 0x0A, 0x43, 0x32, 0x60, 0x01, 0x30
	.byte 0x18, 0x60, 0xA8, 0x1C, 0x20, 0x60, 0x21, 0x68, 0x08, 0x1C, 0x08, 0x38, 0x37, 0x68, 0x07, 0x41
	.byte 0xFF, 0x20, 0x07, 0x40, 0x80, 0x20, 0x38, 0x40, 0x00, 0x28, 0x0B, 0xD0, 0x48, 0x1E, 0x20, 0x60
	.byte 0x00, 0x27, 0x0D, 0xE0, 0x30, 0x86, 0x03, 0x02, 0x2C, 0x86, 0x03, 0x02, 0x28, 0x86, 0x03, 0x02
	.byte 0x38, 0x86, 0x03, 0x02, 0xC8, 0x1E, 0x20, 0x60, 0x78, 0x11, 0x03, 0x21, 0x08, 0x40, 0x47, 0x1C
	.byte 0x25, 0x68, 0x04, 0x2D, 0x13, 0xDA, 0x32, 0x68, 0x12, 0x02, 0x32, 0x60, 0xC3, 0x4B, 0x19, 0x68
	.byte 0x08, 0x78, 0x10, 0x43, 0x30, 0x60, 0x01, 0x31, 0x19, 0x60, 0x00, 0x02, 0x30, 0x60, 0x0A, 0x78
	.byte 0x10, 0x43, 0x30, 0x60, 0x01, 0x31, 0x19, 0x60, 0x28, 0x1C, 0x10, 0x30, 0x20, 0x60, 0x25, 0x68
	.byte 0x29, 0x1F, 0x21, 0x60, 0x32, 0x68, 0x10, 0x1C, 0x08, 0x41, 0x0F, 0x23, 0x98, 0x46, 0x00, 0x07
	.byte 0x00, 0x17, 0x4B, 0x46, 0x18, 0x60, 0x00, 0x2F, 0x00, 0xDC, 0x16, 0xE1, 0x01, 0x29, 0x12, 0xDA
	.byte 0x12, 0x02, 0x32, 0x60, 0xB1, 0x4B, 0x19, 0x68, 0x08, 0x78, 0x10, 0x43, 0x30, 0x60, 0x01, 0x31
	.byte 0x19, 0x60, 0x00, 0x02, 0x30, 0x60, 0x0A, 0x78, 0x10, 0x43, 0x30, 0x60, 0x01, 0x31, 0x19, 0x60
	.byte 0x28, 0x1C, 0x0C, 0x30, 0x20, 0x60, 0x25, 0x68, 0x6B, 0x1E, 0x23, 0x60, 0x32, 0x68, 0x10, 0x1C
	.byte 0x18, 0x41, 0x01, 0x21, 0x08, 0x40, 0x00, 0x28, 0x23, 0xD0, 0x04, 0x2B, 0x12, 0xDA, 0x12, 0x02
	.byte 0x32, 0x60, 0xA2, 0x4B, 0x19, 0x68, 0x08, 0x78, 0x10, 0x43, 0x30, 0x60, 0x01, 0x31, 0x19, 0x60
	.byte 0x00, 0x02, 0x30, 0x60, 0x0A, 0x78, 0x10, 0x43, 0x30, 0x60, 0x01, 0x31, 0x19, 0x60, 0x28, 0x1C
	.byte 0x0F, 0x30, 0x20, 0x60, 0x21, 0x68, 0x04, 0x39, 0x21, 0x60, 0x30, 0x68, 0x08, 0x41, 0x41, 0x46
	.byte 0x08, 0x40, 0x00, 0x07, 0x00, 0x17, 0x4B, 0x46, 0x58, 0x60, 0x00, 0x28, 0x01, 0xDB, 0x01, 0x30
	.byte 0x58, 0x60, 0x01, 0x2F, 0x00, 0xDC, 0xD0, 0xE0, 0x25, 0x68, 0x01, 0x2D, 0x13, 0xDA, 0x32, 0x68
	.byte 0x12, 0x02, 0x32, 0x60, 0x8D, 0x4B, 0x19, 0x68, 0x08, 0x78, 0x10, 0x43, 0x30, 0x60, 0x01, 0x31
	.byte 0x19, 0x60, 0x00, 0x02, 0x30, 0x60, 0x0A, 0x78, 0x10, 0x43, 0x30, 0x60, 0x01, 0x31, 0x19, 0x60
	.byte 0x28, 0x1C, 0x10, 0x30, 0x20, 0x60, 0x25, 0x68, 0x6B, 0x1E, 0x23, 0x60, 0x32, 0x68, 0x10, 0x1C
	.byte 0x18, 0x41, 0x01, 0x21, 0x08, 0x40, 0x00, 0x28, 0x21, 0xD0, 0x03, 0x2B, 0x12, 0xDA, 0x12, 0x02
	.byte 0x32, 0x60, 0x7E, 0x4B, 0x19, 0x68, 0x08, 0x78, 0x10, 0x43, 0x30, 0x60, 0x01, 0x31, 0x19, 0x60
	.byte 0x00, 0x02, 0x30, 0x60, 0x0A, 0x78, 0x10, 0x43, 0x30, 0x60, 0x01, 0x31, 0x19, 0x60, 0x28, 0x1C
	.byte 0x0F, 0x30, 0x20, 0x60, 0x21, 0x68, 0x03, 0x39, 0x21, 0x60, 0x30, 0x68, 0x08, 0x41, 0x40, 0x07
	.byte 0x40, 0x17, 0x49, 0x46, 0x88, 0x60, 0x00, 0x28, 0x01, 0xDB, 0x01, 0x30, 0x88, 0x60, 0x02, 0x2F
	.byte 0x00, 0xDC, 0x8A, 0xE0, 0x25, 0x68, 0x01, 0x2D, 0x13, 0xDA, 0x32, 0x68, 0x12, 0x02, 0x32, 0x60
	.byte 0x6A, 0x4B, 0x19, 0x68, 0x08, 0x78, 0x10, 0x43, 0x30, 0x60, 0x01, 0x31, 0x19, 0x60, 0x00, 0x02
	.byte 0x30, 0x60, 0x0A, 0x78, 0x10, 0x43, 0x30, 0x60, 0x01, 0x31, 0x19, 0x60, 0x28, 0x1C, 0x10, 0x30
	.byte 0x20, 0x60, 0x25, 0x68, 0x6B, 0x1E, 0x23, 0x60, 0x32, 0x68, 0x10, 0x1C, 0x18, 0x41, 0x01, 0x21
	.byte 0x08, 0x40, 0x00, 0x28, 0x21, 0xD0, 0x03, 0x2B, 0x12, 0xDA, 0x12, 0x02, 0x32, 0x60, 0x5B, 0x4B
	.byte 0x19, 0x68, 0x08, 0x78, 0x10, 0x43, 0x30, 0x60, 0x01, 0x31, 0x19, 0x60, 0x00, 0x02, 0x30, 0x60
	.byte 0x0A, 0x78, 0x10, 0x43, 0x30, 0x60, 0x01, 0x31, 0x19, 0x60, 0x28, 0x1C, 0x0F, 0x30, 0x20, 0x60
	.byte 0x21, 0x68, 0x03, 0x39, 0x21, 0x60, 0x30, 0x68, 0x08, 0x41, 0x40, 0x07, 0x40, 0x17, 0x4B, 0x46
	.byte 0xD8, 0x60, 0x00, 0x28, 0x01, 0xDB, 0x01, 0x30, 0xD8, 0x60, 0x03, 0x2F, 0x45, 0xDD, 0x27, 0x1C
	.byte 0x3D, 0x68, 0x01, 0x2D, 0x13, 0xDA, 0x32, 0x68, 0x12, 0x02, 0x32, 0x60, 0x47, 0x4B, 0x19, 0x68
	.byte 0x08, 0x78, 0x10, 0x43, 0x30, 0x60, 0x01, 0x31, 0x19, 0x60, 0x00, 0x02, 0x30, 0x60, 0x0A, 0x78
	.byte 0x10, 0x43, 0x30, 0x60, 0x01, 0x31, 0x19, 0x60, 0x28, 0x1C, 0x10, 0x30, 0x38, 0x60, 0x38, 0x68
	.byte 0x80, 0x46, 0x42, 0x46, 0x01, 0x3A, 0x3A, 0x60, 0x35, 0x1C, 0x2B, 0x68, 0x18, 0x1C, 0x10, 0x41
	.byte 0x01, 0x21, 0x08, 0x40, 0x00, 0x28, 0x20, 0xD0, 0x03, 0x2A, 0x11, 0xDA, 0x18, 0x02, 0x28, 0x60
	.byte 0x36, 0x4B, 0x19, 0x68, 0x0A, 0x78, 0x10, 0x43, 0x01, 0x31, 0x19, 0x60, 0x00, 0x02, 0x28, 0x60
	.byte 0x0A, 0x78, 0x10, 0x43, 0x28, 0x60, 0x01, 0x31, 0x19, 0x60, 0x40, 0x46, 0x0F, 0x30, 0x38, 0x60
	.byte 0x21, 0x68, 0x03, 0x39, 0x21, 0x60, 0x30, 0x68, 0x08, 0x41, 0x40, 0x07, 0x40, 0x17, 0x49, 0x46
	.byte 0x08, 0x61, 0x00, 0x28, 0x01, 0xDB, 0x01, 0x30, 0x08, 0x61, 0x29, 0x4C, 0x29, 0x4A, 0x20, 0x1C
	.byte 0x21, 0x1C, 0x09, 0xF0, 0xFD, 0xFE, 0x00, 0x25, 0x00, 0x98, 0x48, 0x38, 0x00, 0x9B, 0x01, 0x3B
	.byte 0x9A, 0x46, 0x01, 0x99, 0x40, 0x18, 0x84, 0x46, 0x23, 0x4B, 0x98, 0x46, 0x00, 0x98, 0x86, 0x00
	.byte 0x02, 0x94, 0x61, 0x46, 0x48, 0x19, 0x62, 0x46, 0x01, 0x3A, 0x43, 0x46, 0x18, 0x40, 0x57, 0x46
	.byte 0x1F, 0x40, 0x1A, 0x40, 0x1D, 0x4C, 0xA1, 0x46, 0x23, 0x68, 0xF1, 0x18, 0x03, 0x91, 0x80, 0x00
	.byte 0xC0, 0x18, 0x02, 0x9C, 0x02, 0xCC, 0x02, 0x94, 0x00, 0x68, 0x09, 0x18, 0xB8, 0x00, 0xC0, 0x18
	.byte 0x00, 0x68, 0x09, 0x18, 0x92, 0x00, 0xD2, 0x18, 0x10, 0x68, 0x09, 0x1A, 0x03, 0x98, 0x01, 0x60
	.byte 0x04, 0x36, 0x01, 0x35, 0x07, 0x2D, 0xDC, 0xDD, 0x00, 0x99, 0x0F, 0x29, 0x0D, 0xDC, 0x4B, 0x46
	.byte 0x80, 0x24, 0xA4, 0x01, 0x8A, 0x00, 0x07, 0x25, 0x18, 0x68, 0x10, 0x18, 0x01, 0x19, 0x00, 0x68
	.byte 0x08, 0x60, 0x04, 0x32, 0x01, 0x3D, 0x00, 0x2D, 0xF6, 0xDA, 0x04, 0xB0, 0x38, 0xBC, 0x98, 0x46
	.byte 0xA1, 0x46, 0xAA, 0x46, 0xF0, 0xBC, 0x01, 0xBC, 0x00, 0x47, 0x00, 0x00, 0x28, 0x86, 0x03, 0x02
	.byte 0x38, 0x86, 0x03, 0x02, 0x88, 0x36, 0xC4, 0x09, 0xFF, 0x07, 0x00, 0x00, 0x34, 0x86, 0x03, 0x02
	.global _08117674
_08117674:
	.byte 0xF0, 0xB5, 0x57, 0x46, 0x4E, 0x46, 0x45, 0x46, 0xE0, 0xB4, 0x82, 0x46, 0x25, 0x48, 0x05, 0x68
	.byte 0x04, 0x1C, 0x25, 0x4E, 0x06, 0x2D, 0x13, 0xDA, 0x32, 0x68, 0x12, 0x02, 0x32, 0x60, 0x23, 0x4B
	.byte 0x19, 0x68, 0x08, 0x78, 0x10, 0x43, 0x30, 0x60, 0x01, 0x31, 0x19, 0x60, 0x00, 0x02, 0x30, 0x60
	.byte 0x0A, 0x78, 0x10, 0x43, 0x30, 0x60, 0x01, 0x31, 0x19, 0x60, 0x28, 0x1C, 0x10, 0x30, 0x20, 0x60
	.byte 0x25, 0x68, 0xAA, 0x1F, 0x22, 0x60, 0x33, 0x68, 0x99, 0x46, 0x48, 0x46, 0x10, 0x41, 0x81, 0x46
	.byte 0x3F, 0x20, 0x49, 0x46, 0x01, 0x40, 0x89, 0x46, 0x15, 0x49, 0x00, 0x20, 0x48, 0x60, 0x88, 0x60
	.byte 0xC8, 0x60, 0x08, 0x61, 0x48, 0x61, 0x88, 0x61, 0xC8, 0x61, 0x88, 0x46, 0x07, 0x2A, 0x0A, 0xDC
	.byte 0x1A, 0x02, 0x32, 0x60, 0x0D, 0x4B, 0x18, 0x68, 0x01, 0x78, 0x0A, 0x43, 0x32, 0x60, 0x01, 0x30
	.byte 0x18, 0x60, 0xA8, 0x1C, 0x20, 0x60, 0x21, 0x68, 0x08, 0x1C, 0x08, 0x38, 0x35, 0x68, 0x05, 0x41
	.byte 0xFF, 0x20, 0x05, 0x40, 0x80, 0x20, 0x28, 0x40, 0x00, 0x28, 0x0B, 0xD0, 0x48, 0x1E, 0x20, 0x60
	.byte 0x00, 0x25, 0x0D, 0xE0, 0x30, 0x86, 0x03, 0x02, 0x2C, 0x86, 0x03, 0x02, 0x28, 0x86, 0x03, 0x02
	.byte 0x38, 0x86, 0x03, 0x02, 0xC8, 0x1E, 0x20, 0x60, 0x68, 0x11, 0x03, 0x21, 0x08, 0x40, 0x45, 0x1C
	.byte 0x27, 0x68, 0x04, 0x2F, 0x13, 0xDA, 0x32, 0x68, 0x12, 0x02, 0x32, 0x60, 0xBD, 0x4B, 0x19, 0x68
	.byte 0x08, 0x78, 0x10, 0x43, 0x30, 0x60, 0x01, 0x31, 0x19, 0x60, 0x00, 0x02, 0x30, 0x60, 0x0A, 0x78
	.byte 0x10, 0x43, 0x30, 0x60, 0x01, 0x31, 0x19, 0x60, 0x38, 0x1C, 0x10, 0x30, 0x20, 0x60, 0x27, 0x68
	.byte 0x39, 0x1F, 0x21, 0x60, 0x32, 0x68, 0x10, 0x1C, 0x08, 0x41, 0x0F, 0x23, 0x9C, 0x46, 0x00, 0x07
	.byte 0x00, 0x17, 0x43, 0x46, 0x18, 0x60, 0x00, 0x2D, 0x00, 0xDC, 0x16, 0xE1, 0x01, 0x29, 0x12, 0xDA
	.byte 0x12, 0x02, 0x32, 0x60, 0xAB, 0x4B, 0x19, 0x68, 0x08, 0x78, 0x10, 0x43, 0x30, 0x60, 0x01, 0x31
	.byte 0x19, 0x60, 0x00, 0x02, 0x30, 0x60, 0x0A, 0x78, 0x10, 0x43, 0x30, 0x60, 0x01, 0x31, 0x19, 0x60
	.byte 0x38, 0x1C, 0x0C, 0x30, 0x20, 0x60, 0x27, 0x68, 0x7B, 0x1E, 0x23, 0x60, 0x32, 0x68, 0x10, 0x1C
	.byte 0x18, 0x41, 0x01, 0x21, 0x08, 0x40, 0x00, 0x28, 0x23, 0xD0, 0x04, 0x2B, 0x12, 0xDA, 0x12, 0x02
	.byte 0x32, 0x60, 0x9C, 0x4B, 0x19, 0x68, 0x08, 0x78, 0x10, 0x43, 0x30, 0x60, 0x01, 0x31, 0x19, 0x60
	.byte 0x00, 0x02, 0x30, 0x60, 0x0A, 0x78, 0x10, 0x43, 0x30, 0x60, 0x01, 0x31, 0x19, 0x60, 0x38, 0x1C
	.byte 0x0F, 0x30, 0x20, 0x60, 0x21, 0x68, 0x04, 0x39, 0x21, 0x60, 0x30, 0x68, 0x08, 0x41, 0x61, 0x46
	.byte 0x08, 0x40, 0x00, 0x07, 0x00, 0x17, 0x43, 0x46, 0x58, 0x60, 0x00, 0x28, 0x01, 0xDB, 0x01, 0x30
	.byte 0x58, 0x60, 0x01, 0x2D, 0x00, 0xDC, 0xD0, 0xE0, 0x27, 0x68, 0x01, 0x2F, 0x13, 0xDA, 0x32, 0x68
	.byte 0x12, 0x02, 0x32, 0x60, 0x87, 0x4B, 0x19, 0x68, 0x08, 0x78, 0x10, 0x43, 0x30, 0x60, 0x01, 0x31
	.byte 0x19, 0x60, 0x00, 0x02, 0x30, 0x60, 0x0A, 0x78, 0x10, 0x43, 0x30, 0x60, 0x01, 0x31, 0x19, 0x60
	.byte 0x38, 0x1C, 0x10, 0x30, 0x20, 0x60, 0x27, 0x68, 0x7B, 0x1E, 0x23, 0x60, 0x32, 0x68, 0x10, 0x1C
	.byte 0x18, 0x41, 0x01, 0x21, 0x08, 0x40, 0x00, 0x28, 0x21, 0xD0, 0x03, 0x2B, 0x12, 0xDA, 0x12, 0x02
	.byte 0x32, 0x60, 0x78, 0x4B, 0x19, 0x68, 0x08, 0x78, 0x10, 0x43, 0x30, 0x60, 0x01, 0x31, 0x19, 0x60
	.byte 0x00, 0x02, 0x30, 0x60, 0x0A, 0x78, 0x10, 0x43, 0x30, 0x60, 0x01, 0x31, 0x19, 0x60, 0x38, 0x1C
	.byte 0x0F, 0x30, 0x20, 0x60, 0x21, 0x68, 0x03, 0x39, 0x21, 0x60, 0x30, 0x68, 0x08, 0x41, 0x40, 0x07
	.byte 0x40, 0x17, 0x41, 0x46, 0x88, 0x60, 0x00, 0x28, 0x01, 0xDB, 0x01, 0x30, 0x88, 0x60, 0x02, 0x2D
	.byte 0x00, 0xDC, 0x8A, 0xE0, 0x27, 0x68, 0x01, 0x2F, 0x13, 0xDA, 0x32, 0x68, 0x12, 0x02, 0x32, 0x60
	.byte 0x64, 0x4B, 0x19, 0x68, 0x08, 0x78, 0x10, 0x43, 0x30, 0x60, 0x01, 0x31, 0x19, 0x60, 0x00, 0x02
	.byte 0x30, 0x60, 0x0A, 0x78, 0x10, 0x43, 0x30, 0x60, 0x01, 0x31, 0x19, 0x60, 0x38, 0x1C, 0x10, 0x30
	.byte 0x20, 0x60, 0x27, 0x68, 0x7B, 0x1E, 0x23, 0x60, 0x32, 0x68, 0x10, 0x1C, 0x18, 0x41, 0x01, 0x21
	.byte 0x08, 0x40, 0x00, 0x28, 0x21, 0xD0, 0x03, 0x2B, 0x12, 0xDA, 0x12, 0x02, 0x32, 0x60, 0x55, 0x4B
	.byte 0x19, 0x68, 0x08, 0x78, 0x10, 0x43, 0x30, 0x60, 0x01, 0x31, 0x19, 0x60, 0x00, 0x02, 0x30, 0x60
	.byte 0x0A, 0x78, 0x10, 0x43, 0x30, 0x60, 0x01, 0x31, 0x19, 0x60, 0x38, 0x1C, 0x0F, 0x30, 0x20, 0x60
	.byte 0x21, 0x68, 0x03, 0x39, 0x21, 0x60, 0x30, 0x68, 0x08, 0x41, 0x40, 0x07, 0x40, 0x17, 0x43, 0x46
	.byte 0xD8, 0x60, 0x00, 0x28, 0x01, 0xDB, 0x01, 0x30, 0xD8, 0x60, 0x03, 0x2D, 0x45, 0xDD, 0x27, 0x1C
	.byte 0x3D, 0x68, 0x01, 0x2D, 0x13, 0xDA, 0x32, 0x68, 0x12, 0x02, 0x32, 0x60, 0x41, 0x4B, 0x19, 0x68
	.byte 0x08, 0x78, 0x10, 0x43, 0x30, 0x60, 0x01, 0x31, 0x19, 0x60, 0x00, 0x02, 0x30, 0x60, 0x0A, 0x78
	.byte 0x10, 0x43, 0x30, 0x60, 0x01, 0x31, 0x19, 0x60, 0x28, 0x1C, 0x10, 0x30, 0x38, 0x60, 0x38, 0x68
	.byte 0x84, 0x46, 0x62, 0x46, 0x01, 0x3A, 0x3A, 0x60, 0x35, 0x1C, 0x2B, 0x68, 0x18, 0x1C, 0x10, 0x41
	.byte 0x01, 0x21, 0x08, 0x40, 0x00, 0x28, 0x20, 0xD0, 0x03, 0x2A, 0x11, 0xDA, 0x18, 0x02, 0x28, 0x60
	.byte 0x30, 0x4B, 0x19, 0x68, 0x0A, 0x78, 0x10, 0x43, 0x01, 0x31, 0x19, 0x60, 0x00, 0x02, 0x28, 0x60
	.byte 0x0A, 0x78, 0x10, 0x43, 0x28, 0x60, 0x01, 0x31, 0x19, 0x60, 0x60, 0x46, 0x0F, 0x30, 0x38, 0x60
	.byte 0x21, 0x68, 0x03, 0x39, 0x21, 0x60, 0x30, 0x68, 0x08, 0x41, 0x40, 0x07, 0x40, 0x17, 0x41, 0x46
	.byte 0x08, 0x61, 0x00, 0x28, 0x01, 0xDB, 0x01, 0x30, 0x08, 0x61, 0x51, 0x46, 0x48, 0x39, 0x49, 0x44
	.byte 0x21, 0x48, 0x01, 0x40, 0x21, 0x4E, 0x89, 0x00, 0x30, 0x68, 0x40, 0x18, 0x20, 0x4C, 0x21, 0x1C
	.byte 0x09, 0xF0, 0x02, 0xFD, 0x1F, 0x4A, 0x20, 0x68, 0x11, 0x68, 0x40, 0x18, 0x20, 0x60, 0x60, 0x68
	.byte 0x51, 0x68, 0x40, 0x18, 0x60, 0x60, 0xA0, 0x68, 0x91, 0x68, 0x40, 0x18, 0xA0, 0x60, 0xE0, 0x68
	.byte 0xD1, 0x68, 0x40, 0x18, 0xE0, 0x60, 0x20, 0x69, 0x11, 0x69, 0x40, 0x18, 0x20, 0x61, 0x60, 0x69
	.byte 0x51, 0x69, 0x40, 0x18, 0x60, 0x61, 0x53, 0x46, 0x9D, 0x00, 0x31, 0x68, 0x49, 0x19, 0x20, 0x1C
	.byte 0x09, 0xF0, 0xE6, 0xFC, 0x50, 0x46, 0x0F, 0x28, 0x0C, 0xDC, 0x80, 0x24, 0xA4, 0x01, 0x2A, 0x1C
	.byte 0x07, 0x23, 0x30, 0x68, 0x10, 0x18, 0x01, 0x19, 0x00, 0x68, 0x08, 0x60, 0x04, 0x32, 0x01, 0x3B
	.byte 0x00, 0x2B, 0xF6, 0xDA, 0x38, 0xBC, 0x98, 0x46, 0xA1, 0x46, 0xAA, 0x46, 0xF0, 0xBC, 0x01, 0xBC
	.byte 0x00, 0x47, 0x00, 0x00, 0x28, 0x86, 0x03, 0x02, 0xFF, 0x07, 0x00, 0x00, 0x34, 0x86, 0x03, 0x02
	.byte 0x58, 0x86, 0x03, 0x02, 0x38, 0x86, 0x03, 0x02
	.global _08117A4C
_08117A4C:
	.byte 0xF0, 0xB5, 0x57, 0x46, 0x4E, 0x46, 0x45, 0x46, 0xE0, 0xB4, 0x82, 0xB0, 0x00, 0x90, 0x26, 0x48
	.byte 0x05, 0x68, 0x04, 0x1C, 0x25, 0x4E, 0x0A, 0x2D, 0x13, 0xDA, 0x32, 0x68, 0x12, 0x02, 0x32, 0x60
	.byte 0x23, 0x4B, 0x19, 0x68, 0x08, 0x78, 0x10, 0x43, 0x30, 0x60, 0x01, 0x31, 0x19, 0x60, 0x00, 0x02
	.byte 0x30, 0x60, 0x0A, 0x78, 0x10, 0x43, 0x30, 0x60, 0x01, 0x31, 0x19, 0x60, 0x28, 0x1C, 0x10, 0x30
	.byte 0x20, 0x60, 0x25, 0x68, 0x2A, 0x1C, 0x0A, 0x3A, 0x22, 0x60, 0x33, 0x68, 0x18, 0x1C, 0x10, 0x41
	.byte 0x01, 0x90, 0x18, 0x48, 0x01, 0x99, 0x01, 0x40, 0x01, 0x91, 0x17, 0x49, 0x00, 0x20, 0x48, 0x60
	.byte 0x88, 0x60, 0xC8, 0x60, 0x08, 0x61, 0x48, 0x61, 0x88, 0x61, 0xC8, 0x61, 0x89, 0x46, 0x07, 0x2A
	.byte 0x0A, 0xDC, 0x1A, 0x02, 0x32, 0x60, 0x0E, 0x4B, 0x18, 0x68, 0x01, 0x78, 0x0A, 0x43, 0x32, 0x60
	.byte 0x01, 0x30, 0x18, 0x60, 0xA8, 0x1E, 0x20, 0x60, 0x21, 0x68, 0x08, 0x1C, 0x08, 0x38, 0x37, 0x68
	.byte 0x07, 0x41, 0xFF, 0x20, 0x07, 0x40, 0x80, 0x20, 0x38, 0x40, 0x00, 0x28, 0x0E, 0xD0, 0x48, 0x1E
	.byte 0x20, 0x60, 0x00, 0x27, 0x10, 0xE0, 0x00, 0x00, 0x30, 0x86, 0x03, 0x02, 0x2C, 0x86, 0x03, 0x02
	.byte 0x28, 0x86, 0x03, 0x02, 0xFF, 0x03, 0x00, 0x00, 0x38, 0x86, 0x03, 0x02, 0xC8, 0x1E, 0x20, 0x60
	.byte 0x78, 0x11, 0x03, 0x21, 0x08, 0x40, 0x47, 0x1C, 0x25, 0x68, 0x04, 0x2D, 0x13, 0xDA, 0x32, 0x68
	.byte 0x12, 0x02, 0x32, 0x60, 0xC2, 0x4B, 0x19, 0x68, 0x08, 0x78, 0x10, 0x43, 0x30, 0x60, 0x01, 0x31
	.byte 0x19, 0x60, 0x00, 0x02, 0x30, 0x60, 0x0A, 0x78, 0x10, 0x43, 0x30, 0x60, 0x01, 0x31, 0x19, 0x60
	.byte 0x28, 0x1C, 0x10, 0x30, 0x20, 0x60, 0x25, 0x68, 0x29, 0x1F, 0x21, 0x60, 0x32, 0x68, 0x10, 0x1C
	.byte 0x08, 0x41, 0x0F, 0x23, 0x98, 0x46, 0x00, 0x07, 0x00, 0x17, 0x4B, 0x46, 0x18, 0x60, 0x00, 0x2F
	.byte 0x00, 0xDC, 0x15, 0xE1, 0x01, 0x29, 0x12, 0xDA, 0x12, 0x02, 0x32, 0x60, 0xB0, 0x4B, 0x19, 0x68
	.byte 0x08, 0x78, 0x10, 0x43, 0x30, 0x60, 0x01, 0x31, 0x19, 0x60, 0x00, 0x02, 0x30, 0x60, 0x0A, 0x78
	.byte 0x10, 0x43, 0x30, 0x60, 0x01, 0x31, 0x19, 0x60, 0x28, 0x1C, 0x0C, 0x30, 0x20, 0x60, 0x25, 0x68
	.byte 0x6B, 0x1E, 0x23, 0x60, 0x32, 0x68, 0x10, 0x1C, 0x18, 0x41, 0x01, 0x21, 0x08, 0x40, 0x00, 0x28
	.byte 0x23, 0xD0, 0x04, 0x2B, 0x12, 0xDA, 0x12, 0x02, 0x32, 0x60, 0xA1, 0x4B, 0x19, 0x68, 0x08, 0x78
	.byte 0x10, 0x43, 0x30, 0x60, 0x01, 0x31, 0x19, 0x60, 0x00, 0x02, 0x30, 0x60, 0x0A, 0x78, 0x10, 0x43
	.byte 0x30, 0x60, 0x01, 0x31, 0x19, 0x60, 0x28, 0x1C, 0x0F, 0x30, 0x20, 0x60, 0x21, 0x68, 0x04, 0x39
	.byte 0x21, 0x60, 0x30, 0x68, 0x08, 0x41, 0x41, 0x46, 0x08, 0x40, 0x00, 0x07, 0x00, 0x17, 0x4A, 0x46
	.byte 0x50, 0x60, 0x00, 0x28, 0x01, 0xDB, 0x01, 0x30, 0x50, 0x60, 0x01, 0x2F, 0x00, 0xDC, 0xCF, 0xE0
	.byte 0x25, 0x68, 0x01, 0x2D, 0x13, 0xDA, 0x32, 0x68, 0x12, 0x02, 0x32, 0x60, 0x8C, 0x4B, 0x19, 0x68
	.byte 0x08, 0x78, 0x10, 0x43, 0x30, 0x60, 0x01, 0x31, 0x19, 0x60, 0x00, 0x02, 0x30, 0x60, 0x0A, 0x78
	.byte 0x10, 0x43, 0x30, 0x60, 0x01, 0x31, 0x19, 0x60, 0x28, 0x1C, 0x10, 0x30, 0x20, 0x60, 0x25, 0x68
	.byte 0x6B, 0x1E, 0x23, 0x60, 0x32, 0x68, 0x10, 0x1C, 0x18, 0x41, 0x01, 0x21, 0x08, 0x40, 0x00, 0x28
	.byte 0x21, 0xD0, 0x04, 0x2B, 0x12, 0xDA, 0x12, 0x02, 0x32, 0x60, 0x7D, 0x4B, 0x19, 0x68, 0x08, 0x78
	.byte 0x10, 0x43, 0x30, 0x60, 0x01, 0x31, 0x19, 0x60, 0x00, 0x02, 0x30, 0x60, 0x0A, 0x78, 0x10, 0x43
	.byte 0x30, 0x60, 0x01, 0x31, 0x19, 0x60, 0x28, 0x1C, 0x0F, 0x30, 0x20, 0x60, 0x21, 0x68, 0x04, 0x39
	.byte 0x21, 0x60, 0x30, 0x68, 0x08, 0x41, 0x00, 0x07, 0x00, 0x17, 0x4B, 0x46, 0x98, 0x60, 0x00, 0x28
	.byte 0x01, 0xDB, 0x01, 0x30, 0x98, 0x60, 0x02, 0x2F, 0x00, 0xDC, 0x89, 0xE0, 0x25, 0x68, 0x01, 0x2D
	.byte 0x13, 0xDA, 0x32, 0x68, 0x12, 0x02, 0x32, 0x60, 0x69, 0x4B, 0x19, 0x68, 0x08, 0x78, 0x10, 0x43
	.byte 0x30, 0x60, 0x01, 0x31, 0x19, 0x60, 0x00, 0x02, 0x30, 0x60, 0x0A, 0x78, 0x10, 0x43, 0x30, 0x60
	.byte 0x01, 0x31, 0x19, 0x60, 0x28, 0x1C, 0x10, 0x30, 0x20, 0x60, 0x25, 0x68, 0x6B, 0x1E, 0x23, 0x60
	.byte 0x32, 0x68, 0x10, 0x1C, 0x18, 0x41, 0x01, 0x21, 0x08, 0x40, 0x00, 0x28, 0x21, 0xD0, 0x04, 0x2B
	.byte 0x12, 0xDA, 0x12, 0x02, 0x32, 0x60, 0x5A, 0x4B, 0x19, 0x68, 0x08, 0x78, 0x10, 0x43, 0x30, 0x60
	.byte 0x01, 0x31, 0x19, 0x60, 0x00, 0x02, 0x30, 0x60, 0x0A, 0x78, 0x10, 0x43, 0x30, 0x60, 0x01, 0x31
	.byte 0x19, 0x60, 0x28, 0x1C, 0x0F, 0x30, 0x20, 0x60, 0x21, 0x68, 0x04, 0x39, 0x21, 0x60, 0x30, 0x68
	.byte 0x08, 0x41, 0x00, 0x07, 0x00, 0x17, 0x49, 0x46, 0xC8, 0x60, 0x00, 0x28, 0x01, 0xDB, 0x01, 0x30
	.byte 0xC8, 0x60, 0x03, 0x2F, 0x44, 0xDD, 0x27, 0x1C, 0x3D, 0x68, 0x01, 0x2D, 0x13, 0xDA, 0x32, 0x68
	.byte 0x12, 0x02, 0x32, 0x60, 0x46, 0x4B, 0x19, 0x68, 0x08, 0x78, 0x10, 0x43, 0x30, 0x60, 0x01, 0x31
	.byte 0x19, 0x60, 0x00, 0x02, 0x30, 0x60, 0x0A, 0x78, 0x10, 0x43, 0x30, 0x60, 0x01, 0x31, 0x19, 0x60
	.byte 0x28, 0x1C, 0x10, 0x30, 0x38, 0x60, 0x3A, 0x68, 0x90, 0x46, 0x01, 0x3A, 0x3A, 0x60, 0x35, 0x1C
	.byte 0x2B, 0x68, 0x18, 0x1C, 0x10, 0x41, 0x01, 0x21, 0x08, 0x40, 0x00, 0x28, 0x20, 0xD0, 0x04, 0x2A
	.byte 0x11, 0xDA, 0x18, 0x02, 0x28, 0x60, 0x36, 0x4B, 0x19, 0x68, 0x0A, 0x78, 0x10, 0x43, 0x01, 0x31
	.byte 0x19, 0x60, 0x00, 0x02, 0x28, 0x60, 0x0A, 0x78, 0x10, 0x43, 0x28, 0x60, 0x01, 0x31, 0x19, 0x60
	.byte 0x40, 0x46, 0x0F, 0x30, 0x38, 0x60, 0x21, 0x68, 0x04, 0x39, 0x21, 0x60, 0x30, 0x68, 0x08, 0x41
	.byte 0x00, 0x07, 0x00, 0x17, 0x4B, 0x46, 0x18, 0x61, 0x00, 0x28, 0x01, 0xDB, 0x01, 0x30, 0x18, 0x61
	.byte 0x28, 0x4C, 0x29, 0x4A, 0x20, 0x1C, 0x21, 0x1C, 0x09, 0xF0, 0x16, 0xFB, 0x00, 0x25, 0x00, 0x99
	.byte 0x26, 0x4A, 0x88, 0x18, 0x01, 0x39, 0x8A, 0x46, 0x01, 0x9B, 0xC0, 0x18, 0x84, 0x46, 0x24, 0x48
	.byte 0x80, 0x46, 0x00, 0x99, 0x8E, 0x00, 0x62, 0x46, 0x51, 0x19, 0x01, 0x3A, 0x43, 0x46, 0x19, 0x40
	.byte 0x57, 0x46, 0x1F, 0x40, 0x1A, 0x40, 0x1F, 0x48, 0x81, 0x46, 0x03, 0x68, 0xF4, 0x18, 0x89, 0x00
	.byte 0xC9, 0x18, 0xB8, 0x00, 0xC0, 0x18, 0x09, 0x68, 0x00, 0x68, 0x09, 0x18, 0x92, 0x00, 0xD2, 0x18
	.byte 0x10, 0x68, 0x09, 0x1A, 0x68, 0x10, 0x80, 0x00, 0x12, 0x4A, 0x80, 0x18, 0x00, 0x68, 0x09, 0x18
	.byte 0x21, 0x60, 0x04, 0x36, 0x01, 0x35, 0x0F, 0x2D, 0xDD, 0xDD, 0x00, 0x9B, 0x0F, 0x2B, 0x0E, 0xDC
	.byte 0x4B, 0x46, 0x80, 0x24, 0xA4, 0x01, 0x00, 0x98, 0x82, 0x00, 0x0F, 0x25, 0x18, 0x68, 0x10, 0x18
	.byte 0x01, 0x19, 0x00, 0x68, 0x08, 0x60, 0x04, 0x32, 0x01, 0x3D, 0x00, 0x2D, 0xF6, 0xDA, 0x02, 0xB0
	.byte 0x38, 0xBC, 0x98, 0x46, 0xA1, 0x46, 0xAA, 0x46, 0xF0, 0xBC, 0x01, 0xBC, 0x00, 0x47, 0x00, 0x00
	.byte 0x28, 0x86, 0x03, 0x02, 0x38, 0x86, 0x03, 0x02, 0xA8, 0x36, 0xC4, 0x09, 0xF0, 0xFB, 0xFF, 0xFF
	.byte 0xFF, 0x07, 0x00, 0x00, 0x34, 0x86, 0x03, 0x02
