@ Generated with Luvdis v0.8.0
.syntax unified
.text
@ Begin embedded Luvdis macros
	.macro arm_func_start name
	.align 2, 0
	.global \name
	.arm
	.type \name, %function
	.endm

	.macro arm_func_end name
	.size \name, .-\name
	.endm

	.macro thumb_func_start name
	.align 2, 0
	.global \name
	.thumb
	.thumb_func
	.type \name, %function
	.endm

	.macro non_word_aligned_thumb_func_start name
	.global \name
	.thumb
	.thumb_func
	.type \name, %function
	.endm

	.macro thumb_func_end name
	.size \name, .-\name
	.endm
@ End embedded Luvdis macros

	thumb_func_start func_0806180C
func_0806180C: @ 0806180C
	push {lr}
	adds r1, r0, #0x0
	lsls r1, r1, #0x10
	lsrs r1, r1, #0x10
	ldr r0, _08061820 @ =0x09EE274C
	bl func_080010CC
	pop {r0}
	bx r0
	.byte 0x00, 0x00
_08061820: .4byte 0x09EE274C
	.byte 0x00, 0xB5, 0x00, 0x20, 0x00, 0x21, 0x00, 0x22, 0xA3, 0xF7, 0xA4, 0xFF, 0x06, 0x48, 0x00, 0x68
	.byte 0x06, 0x49, 0x08, 0x40, 0x03, 0x38, 0xBD, 0x28, 0x00, 0xD9, 0xBE, 0xE3, 0x80, 0x00, 0x04, 0x49
	.byte 0x40, 0x18, 0x00, 0x68, 0x87, 0x46, 0x00, 0x00, 0x78, 0x4A, 0x03, 0x02, 0xFF, 0x7F, 0x00, 0x00
	.byte 0x58, 0x18, 0x06, 0x08, 0x58, 0x1E, 0x06, 0x08, 0xBE, 0x1F, 0x06, 0x08, 0xC0, 0x1E, 0x06, 0x08
	.byte 0xF4, 0x1E, 0x06, 0x08, 0xBE, 0x1F, 0x06, 0x08, 0xBE, 0x1F, 0x06, 0x08, 0xBE, 0x1F, 0x06, 0x08
	.byte 0xBE, 0x1F, 0x06, 0x08, 0xBE, 0x1F, 0x06, 0x08, 0xBE, 0x1F, 0x06, 0x08, 0xBE, 0x1F, 0x06, 0x08
	.byte 0xBE, 0x1F, 0x06, 0x08, 0xBE, 0x1F, 0x06, 0x08, 0xBE, 0x1F, 0x06, 0x08, 0xBE, 0x1F, 0x06, 0x08
	.byte 0xBE, 0x1F, 0x06, 0x08, 0xBE, 0x1F, 0x06, 0x08, 0xBE, 0x1F, 0x06, 0x08, 0xBE, 0x1F, 0x06, 0x08
	.byte 0xBE, 0x1F, 0x06, 0x08, 0xBE, 0x1F, 0x06, 0x08, 0xBE, 0x1F, 0x06, 0x08, 0xBE, 0x1F, 0x06, 0x08
	.byte 0xBE, 0x1F, 0x06, 0x08, 0x90, 0x1F, 0x06, 0x08, 0xBE, 0x1F, 0x06, 0x08, 0xBE, 0x1F, 0x06, 0x08
	.byte 0xBE, 0x1F, 0x06, 0x08, 0xBE, 0x1F, 0x06, 0x08, 0xBE, 0x1F, 0x06, 0x08, 0xBE, 0x1F, 0x06, 0x08
	.byte 0x84, 0x1B, 0x06, 0x08, 0xBE, 0x1F, 0x06, 0x08, 0xBE, 0x1F, 0x06, 0x08, 0xBE, 0x1F, 0x06, 0x08
	.byte 0xBE, 0x1F, 0x06, 0x08, 0xBE, 0x1F, 0x06, 0x08, 0xBE, 0x1F, 0x06, 0x08, 0x50, 0x1B, 0x06, 0x08
	.byte 0xBE, 0x1F, 0x06, 0x08, 0xBE, 0x1F, 0x06, 0x08, 0x58, 0x1E, 0x06, 0x08, 0xBE, 0x1F, 0x06, 0x08
	.byte 0xBE, 0x1F, 0x06, 0x08, 0xBE, 0x1F, 0x06, 0x08, 0xBE, 0x1F, 0x06, 0x08, 0x50, 0x1B, 0x06, 0x08
	.byte 0xBE, 0x1F, 0x06, 0x08, 0xBE, 0x1F, 0x06, 0x08, 0xBE, 0x1F, 0x06, 0x08, 0x58, 0x1E, 0x06, 0x08
	.byte 0x8C, 0x1E, 0x06, 0x08, 0xBE, 0x1F, 0x06, 0x08, 0xBE, 0x1F, 0x06, 0x08, 0xC0, 0x1D, 0x06, 0x08
	.byte 0xBE, 0x1F, 0x06, 0x08, 0xBE, 0x1F, 0x06, 0x08, 0x5C, 0x1F, 0x06, 0x08, 0x24, 0x1D, 0x06, 0x08
	.byte 0xBE, 0x1F, 0x06, 0x08, 0xBE, 0x1F, 0x06, 0x08, 0xBE, 0x1F, 0x06, 0x08, 0xBE, 0x1F, 0x06, 0x08
	.byte 0xBE, 0x1F, 0x06, 0x08, 0xBE, 0x1F, 0x06, 0x08, 0xBE, 0x1F, 0x06, 0x08, 0xBE, 0x1F, 0x06, 0x08
	.byte 0xBE, 0x1F, 0x06, 0x08, 0xBE, 0x1F, 0x06, 0x08, 0xBE, 0x1F, 0x06, 0x08, 0xBE, 0x1F, 0x06, 0x08
	.byte 0x58, 0x1E, 0x06, 0x08, 0x8C, 0x1E, 0x06, 0x08, 0xBE, 0x1F, 0x06, 0x08, 0xBE, 0x1F, 0x06, 0x08
	.byte 0xBE, 0x1F, 0x06, 0x08, 0xBE, 0x1F, 0x06, 0x08, 0xF4, 0x1E, 0x06, 0x08, 0xBE, 0x1F, 0x06, 0x08
	.byte 0xBE, 0x1F, 0x06, 0x08, 0xBE, 0x1F, 0x06, 0x08, 0xBE, 0x1F, 0x06, 0x08, 0xBE, 0x1F, 0x06, 0x08
	.byte 0xBE, 0x1F, 0x06, 0x08, 0xBE, 0x1F, 0x06, 0x08, 0xB8, 0x1B, 0x06, 0x08, 0x8C, 0x1E, 0x06, 0x08
	.byte 0xF4, 0x1E, 0x06, 0x08, 0xBE, 0x1F, 0x06, 0x08, 0xBE, 0x1F, 0x06, 0x08, 0xBE, 0x1F, 0x06, 0x08
	.byte 0x58, 0x1E, 0x06, 0x08, 0xBE, 0x1F, 0x06, 0x08, 0x8C, 0x1E, 0x06, 0x08, 0xF4, 0x1E, 0x06, 0x08
	.byte 0xBE, 0x1F, 0x06, 0x08, 0xBE, 0x1F, 0x06, 0x08, 0xBE, 0x1F, 0x06, 0x08, 0x58, 0x1E, 0x06, 0x08
	.byte 0x8C, 0x1E, 0x06, 0x08, 0xF4, 0x1E, 0x06, 0x08, 0xBE, 0x1F, 0x06, 0x08, 0xBE, 0x1F, 0x06, 0x08
	.byte 0xBE, 0x1F, 0x06, 0x08, 0xBE, 0x1F, 0x06, 0x08, 0x58, 0x1E, 0x06, 0x08, 0x8C, 0x1E, 0x06, 0x08
	.byte 0xBE, 0x1F, 0x06, 0x08, 0xF4, 0x1E, 0x06, 0x08, 0xBE, 0x1F, 0x06, 0x08, 0xBE, 0x1F, 0x06, 0x08
	.byte 0x8C, 0x1D, 0x06, 0x08, 0x58, 0x1E, 0x06, 0x08, 0x8C, 0x1E, 0x06, 0x08, 0xF4, 0x1E, 0x06, 0x08
	.byte 0xBE, 0x1F, 0x06, 0x08, 0x28, 0x1F, 0x06, 0x08, 0x58, 0x1E, 0x06, 0x08, 0x8C, 0x1E, 0x06, 0x08
	.byte 0xBE, 0x1F, 0x06, 0x08, 0xF4, 0x1E, 0x06, 0x08, 0xBE, 0x1F, 0x06, 0x08, 0xBE, 0x1F, 0x06, 0x08
	.byte 0x58, 0x1D, 0x06, 0x08, 0xBE, 0x1F, 0x06, 0x08, 0xBE, 0x1F, 0x06, 0x08, 0x58, 0x1E, 0x06, 0x08
	.byte 0x8C, 0x1E, 0x06, 0x08, 0xF4, 0x1E, 0x06, 0x08, 0xBE, 0x1F, 0x06, 0x08, 0xBE, 0x1F, 0x06, 0x08
	.byte 0xBE, 0x1F, 0x06, 0x08, 0xBE, 0x1F, 0x06, 0x08, 0xEC, 0x1B, 0x06, 0x08, 0x20, 0x1C, 0x06, 0x08
	.byte 0xBE, 0x1F, 0x06, 0x08, 0x54, 0x1C, 0x06, 0x08, 0x88, 0x1C, 0x06, 0x08, 0xBC, 0x1C, 0x06, 0x08
	.byte 0xF0, 0x1C, 0x06, 0x08, 0xF4, 0x1D, 0x06, 0x08, 0xF4, 0x1D, 0x06, 0x08, 0x28, 0x1E, 0x06, 0x08
	.byte 0x28, 0x1E, 0x06, 0x08, 0x28, 0x1E, 0x06, 0x08, 0x28, 0x1E, 0x06, 0x08, 0xBE, 0x1F, 0x06, 0x08
	.byte 0xBE, 0x1F, 0x06, 0x08, 0x58, 0x1E, 0x06, 0x08, 0x8C, 0x1E, 0x06, 0x08, 0xF4, 0x1E, 0x06, 0x08
	.byte 0xBE, 0x1F, 0x06, 0x08, 0xBE, 0x1F, 0x06, 0x08, 0x90, 0x1F, 0x06, 0x08, 0xBE, 0x1F, 0x06, 0x08
	.byte 0xBE, 0x1F, 0x06, 0x08, 0xBE, 0x1F, 0x06, 0x08, 0xBE, 0x1F, 0x06, 0x08, 0xBE, 0x1F, 0x06, 0x08
	.byte 0xBE, 0x1F, 0x06, 0x08, 0xBE, 0x1F, 0x06, 0x08, 0xBE, 0x1F, 0x06, 0x08, 0xBE, 0x1F, 0x06, 0x08
	.byte 0x90, 0x1F, 0x06, 0x08, 0xBE, 0x1F, 0x06, 0x08, 0xBE, 0x1F, 0x06, 0x08, 0xBE, 0x1F, 0x06, 0x08
	.byte 0xBE, 0x1F, 0x06, 0x08, 0xBE, 0x1F, 0x06, 0x08, 0xBE, 0x1F, 0x06, 0x08, 0xBE, 0x1F, 0x06, 0x08
	.byte 0xBE, 0x1F, 0x06, 0x08, 0xBE, 0x1F, 0x06, 0x08, 0x50, 0x1B, 0x06, 0x08, 0x58, 0x1E, 0x06, 0x08
	.byte 0xBE, 0x1F, 0x06, 0x08, 0xBE, 0x1F, 0x06, 0x08, 0xBE, 0x1F, 0x06, 0x08, 0xBE, 0x1F, 0x06, 0x08
	.byte 0xBE, 0x1F, 0x06, 0x08, 0xBE, 0x1F, 0x06, 0x08, 0xBE, 0x1F, 0x06, 0x08, 0x50, 0x1B, 0x06, 0x08
	.byte 0x58, 0x1E, 0x06, 0x08, 0xBE, 0x1F, 0x06, 0x08, 0x8C, 0x1E, 0x06, 0x08, 0xBE, 0x1F, 0x06, 0x08
	.byte 0xBE, 0x1F, 0x06, 0x08, 0xBE, 0x1F, 0x06, 0x08, 0x58, 0x1E, 0x06, 0x08, 0x00, 0x20, 0xA3, 0xF7
	.byte 0x63, 0xFA, 0x01, 0x20, 0xA3, 0xF7, 0x60, 0xFA, 0x02, 0x20, 0xA3, 0xF7, 0x5D, 0xFA, 0x03, 0x20
	.byte 0xA3, 0xF7, 0x5A, 0xFA, 0x00, 0x20, 0x01, 0x21, 0xA4, 0xF7, 0xD8, 0xFA, 0x6A, 0x20, 0xBE, 0xF0
	.byte 0x7D, 0xF9, 0x02, 0x48, 0xAD, 0x21, 0x42, 0xF0, 0x05, 0xFB, 0x1E, 0xE2, 0x60, 0x4A, 0x03, 0x02
	.byte 0x00, 0x20, 0xA3, 0xF7, 0x49, 0xFA, 0x01, 0x20, 0xA3, 0xF7, 0x46, 0xFA, 0x02, 0x20, 0xA3, 0xF7
	.byte 0x43, 0xFA, 0x03, 0x20, 0xA3, 0xF7, 0x40, 0xFA, 0x00, 0x20, 0x01, 0x21, 0xA4, 0xF7, 0xBE, 0xFA
	.byte 0x6A, 0x20, 0xBE, 0xF0, 0x63, 0xF9, 0x02, 0x48, 0x85, 0x21, 0x42, 0xF0, 0xEB, 0xFA, 0x04, 0xE2
	.byte 0x60, 0x4A, 0x03, 0x02, 0x00, 0x20, 0xA3, 0xF7, 0x2F, 0xFA, 0x01, 0x20, 0xA3, 0xF7, 0x2C, 0xFA
	.byte 0x02, 0x20, 0xA3, 0xF7, 0x29, 0xFA, 0x03, 0x20, 0xA3, 0xF7, 0x26, 0xFA, 0x00, 0x20, 0x01, 0x21
	.byte 0xA4, 0xF7, 0xA4, 0xFA, 0x6A, 0x20, 0xBE, 0xF0, 0x49, 0xF9, 0x02, 0x48, 0x86, 0x21, 0x42, 0xF0
	.byte 0xD1, 0xFA, 0xEA, 0xE1, 0x60, 0x4A, 0x03, 0x02, 0x00, 0x20, 0xA3, 0xF7, 0x15, 0xFA, 0x01, 0x20
	.byte 0xA3, 0xF7, 0x12, 0xFA, 0x02, 0x20, 0xA3, 0xF7, 0x0F, 0xFA, 0x03, 0x20, 0xA3, 0xF7, 0x0C, 0xFA
	.byte 0x00, 0x20, 0x01, 0x21, 0xA4, 0xF7, 0x8A, 0xFA, 0x6A, 0x20, 0xBE, 0xF0, 0x2F, 0xF9, 0x02, 0x48
	.byte 0x8B, 0x21, 0x42, 0xF0, 0xB7, 0xFA, 0xD0, 0xE1, 0x60, 0x4A, 0x03, 0x02, 0x00, 0x20, 0xA3, 0xF7
	.byte 0xFB, 0xF9, 0x01, 0x20, 0xA3, 0xF7, 0xF8, 0xF9, 0x02, 0x20, 0xA3, 0xF7, 0xF5, 0xF9, 0x03, 0x20
	.byte 0xA3, 0xF7, 0xF2, 0xF9, 0x00, 0x20, 0x01, 0x21, 0xA4, 0xF7, 0x70, 0xFA, 0x6A, 0x20, 0xBE, 0xF0
	.byte 0x15, 0xF9, 0x02, 0x48, 0xA0, 0x21, 0x42, 0xF0, 0x9D, 0xFA, 0xB6, 0xE1, 0x60, 0x4A, 0x03, 0x02
	.byte 0x00, 0x20, 0xA3, 0xF7, 0xE1, 0xF9, 0x01, 0x20, 0xA3, 0xF7, 0xDE, 0xF9, 0x02, 0x20, 0xA3, 0xF7
	.byte 0xDB, 0xF9, 0x03, 0x20, 0xA3, 0xF7, 0xD8, 0xF9, 0x00, 0x20, 0x01, 0x21, 0xA4, 0xF7, 0x56, 0xFA
	.byte 0x6A, 0x20, 0xBE, 0xF0, 0xFB, 0xF8, 0x02, 0x48, 0x9F, 0x21, 0x42, 0xF0, 0x83, 0xFA, 0x9C, 0xE1
	.byte 0x60, 0x4A, 0x03, 0x02, 0x00, 0x20, 0xA3, 0xF7, 0xC7, 0xF9, 0x01, 0x20, 0xA3, 0xF7, 0xC4, 0xF9
	.byte 0x02, 0x20, 0xA3, 0xF7, 0xC1, 0xF9, 0x03, 0x20, 0xA3, 0xF7, 0xBE, 0xF9, 0x00, 0x20, 0x01, 0x21
	.byte 0xA4, 0xF7, 0x3C, 0xFA, 0x6A, 0x20, 0xBE, 0xF0, 0xE1, 0xF8, 0x02, 0x48, 0x88, 0x21, 0x42, 0xF0
	.byte 0x69, 0xFA, 0x82, 0xE1, 0x60, 0x4A, 0x03, 0x02, 0x00, 0x20, 0xA3, 0xF7, 0xAD, 0xF9, 0x01, 0x20
	.byte 0xA3, 0xF7, 0xAA, 0xF9, 0x02, 0x20, 0xA3, 0xF7, 0xA7, 0xF9, 0x03, 0x20, 0xA3, 0xF7, 0xA4, 0xF9
	.byte 0x00, 0x20, 0x01, 0x21, 0xA4, 0xF7, 0x22, 0xFA, 0x6A, 0x20, 0xBE, 0xF0, 0xC7, 0xF8, 0x02, 0x48
	.byte 0x89, 0x21, 0x42, 0xF0, 0x4F, 0xFA, 0x68, 0xE1, 0x60, 0x4A, 0x03, 0x02, 0x00, 0x20, 0xA3, 0xF7
	.byte 0x93, 0xF9, 0x01, 0x20, 0xA3, 0xF7, 0x90, 0xF9, 0x02, 0x20, 0xA3, 0xF7, 0x8D, 0xF9, 0x03, 0x20
	.byte 0xA3, 0xF7, 0x8A, 0xF9, 0x00, 0x20, 0x01, 0x21, 0xA4, 0xF7, 0x08, 0xFA, 0x6A, 0x20, 0xBE, 0xF0
	.byte 0xAD, 0xF8, 0x02, 0x48, 0x87, 0x21, 0x42, 0xF0, 0x35, 0xFA, 0x4E, 0xE1, 0x60, 0x4A, 0x03, 0x02
	.byte 0x00, 0x20, 0xA3, 0xF7, 0x79, 0xF9, 0x01, 0x20, 0xA3, 0xF7, 0x76, 0xF9, 0x02, 0x20, 0xA3, 0xF7
	.byte 0x73, 0xF9, 0x03, 0x20, 0xA3, 0xF7, 0x70, 0xF9, 0x00, 0x20, 0x01, 0x21, 0xA4, 0xF7, 0xEE, 0xF9
	.byte 0x6A, 0x20, 0xBE, 0xF0, 0x93, 0xF8, 0x02, 0x48, 0x8A, 0x21, 0x42, 0xF0, 0x1B, 0xFA, 0x34, 0xE1
	.byte 0x60, 0x4A, 0x03, 0x02, 0x6A, 0x20, 0xBE, 0xF0, 0x89, 0xF8, 0x00, 0x20, 0xA3, 0xF7, 0x5C, 0xF9
	.byte 0x01, 0x20, 0xA3, 0xF7, 0x59, 0xF9, 0x02, 0x20, 0xA3, 0xF7, 0x56, 0xF9, 0x03, 0x20, 0xA3, 0xF7
	.byte 0x53, 0xF9, 0x00, 0x20, 0x01, 0x21, 0xA4, 0xF7, 0xD1, 0xF9, 0x02, 0x48, 0xA2, 0x21, 0x42, 0xF0
	.byte 0x01, 0xFA, 0x1A, 0xE1, 0x60, 0x4A, 0x03, 0x02, 0x6A, 0x20, 0xBE, 0xF0, 0x6F, 0xF8, 0x00, 0x20
	.byte 0xA3, 0xF7, 0x42, 0xF9, 0x01, 0x20, 0xA3, 0xF7, 0x3F, 0xF9, 0x02, 0x20, 0xA3, 0xF7, 0x3C, 0xF9
	.byte 0x03, 0x20, 0xA3, 0xF7, 0x39, 0xF9, 0x00, 0x20, 0x01, 0x21, 0xA4, 0xF7, 0xB7, 0xF9, 0x02, 0x48
	.byte 0xA1, 0x21, 0x42, 0xF0, 0xE7, 0xF9, 0x00, 0xE1, 0x60, 0x4A, 0x03, 0x02, 0x6A, 0x20, 0xBE, 0xF0
	.byte 0x55, 0xF8, 0x00, 0x20, 0xA3, 0xF7, 0x28, 0xF9, 0x01, 0x20, 0xA3, 0xF7, 0x25, 0xF9, 0x02, 0x20
	.byte 0xA3, 0xF7, 0x22, 0xF9, 0x03, 0x20, 0xA3, 0xF7, 0x1F, 0xF9, 0x00, 0x20, 0x01, 0x21, 0xA4, 0xF7
	.byte 0x9D, 0xF9, 0x02, 0x48, 0xA3, 0x21, 0x42, 0xF0, 0xCD, 0xF9, 0xE6, 0xE0, 0x60, 0x4A, 0x03, 0x02
	.byte 0x6A, 0x20, 0xBE, 0xF0, 0x3B, 0xF8, 0x00, 0x20, 0xA3, 0xF7, 0x0E, 0xF9, 0x01, 0x20, 0xA3, 0xF7
	.byte 0x0B, 0xF9, 0x02, 0x20, 0xA3, 0xF7, 0x08, 0xF9, 0x03, 0x20, 0xA3, 0xF7, 0x05, 0xF9, 0x00, 0x20
	.byte 0x01, 0x21, 0xA4, 0xF7, 0x83, 0xF9, 0x02, 0x48, 0xA5, 0x21, 0x42, 0xF0, 0xB3, 0xF9, 0xCC, 0xE0
	.byte 0x60, 0x4A, 0x03, 0x02, 0x00, 0x20, 0xA3, 0xF7, 0xF7, 0xF8, 0x01, 0x20, 0xA3, 0xF7, 0xF4, 0xF8
	.byte 0x02, 0x20, 0xA3, 0xF7, 0xF1, 0xF8, 0x03, 0x20, 0xA3, 0xF7, 0xEE, 0xF8, 0x00, 0x20, 0x01, 0x21
	.byte 0xA4, 0xF7, 0x6C, 0xF9, 0x02, 0x48, 0xA6, 0x21, 0x42, 0xF0, 0x9C, 0xF9, 0xB5, 0xE0, 0x00, 0x00
	.byte 0x60, 0x4A, 0x03, 0x02, 0x6A, 0x20, 0xBE, 0xF0, 0x09, 0xF8, 0x00, 0x20, 0xA3, 0xF7, 0xDC, 0xF8
	.byte 0x01, 0x20, 0xA3, 0xF7, 0xD9, 0xF8, 0x02, 0x20, 0xA3, 0xF7, 0xD6, 0xF8, 0x03, 0x20, 0xA3, 0xF7
	.byte 0xD3, 0xF8, 0x00, 0x20, 0x01, 0x21, 0xA4, 0xF7, 0x51, 0xF9, 0x02, 0x48, 0xA8, 0x21, 0x42, 0xF0
	.byte 0x81, 0xF9, 0x9A, 0xE0, 0x60, 0x4A, 0x03, 0x02, 0x6A, 0x20, 0xBD, 0xF0, 0xEF, 0xFF, 0x00, 0x20
	.byte 0xA3, 0xF7, 0xC2, 0xF8, 0x01, 0x20, 0xA3, 0xF7, 0xBF, 0xF8, 0x02, 0x20, 0xA3, 0xF7, 0xBC, 0xF8
	.byte 0x03, 0x20, 0xA3, 0xF7, 0xB9, 0xF8, 0x00, 0x20, 0x01, 0x21, 0xA4, 0xF7, 0x37, 0xF9, 0x02, 0x48
	.byte 0xA9, 0x21, 0x42, 0xF0, 0x67, 0xF9, 0x80, 0xE0, 0x60, 0x4A, 0x03, 0x02, 0x6A, 0x20, 0xBD, 0xF0
	.byte 0xD5, 0xFF, 0x00, 0x20, 0xA3, 0xF7, 0xA8, 0xF8, 0x01, 0x20, 0xA3, 0xF7, 0xA5, 0xF8, 0x02, 0x20
	.byte 0xA3, 0xF7, 0xA2, 0xF8, 0x03, 0x20, 0xA3, 0xF7, 0x9F, 0xF8, 0x00, 0x20, 0x01, 0x21, 0xA4, 0xF7
	.byte 0x1D, 0xF9, 0x02, 0x48, 0xAF, 0x21, 0x42, 0xF0, 0x4D, 0xF9, 0x66, 0xE0, 0x60, 0x4A, 0x03, 0x02
	.byte 0x6A, 0x20, 0xBD, 0xF0, 0xBB, 0xFF, 0x00, 0x20, 0xA3, 0xF7, 0x8E, 0xF8, 0x01, 0x20, 0xA3, 0xF7
	.byte 0x8B, 0xF8, 0x02, 0x20, 0xA3, 0xF7, 0x88, 0xF8, 0x03, 0x20, 0xA3, 0xF7, 0x85, 0xF8, 0x00, 0x20
	.byte 0x01, 0x21, 0xA4, 0xF7, 0x03, 0xF9, 0x02, 0x48, 0xAA, 0x21, 0x42, 0xF0, 0x33, 0xF9, 0x4C, 0xE0
	.byte 0x60, 0x4A, 0x03, 0x02, 0x6A, 0x20, 0xBD, 0xF0, 0xA1, 0xFF, 0x00, 0x20, 0xA3, 0xF7, 0x74, 0xF8
	.byte 0x01, 0x20, 0xA3, 0xF7, 0x71, 0xF8, 0x02, 0x20, 0xA3, 0xF7, 0x6E, 0xF8, 0x03, 0x20, 0xA3, 0xF7
	.byte 0x6B, 0xF8, 0x00, 0x20, 0x01, 0x21, 0xA4, 0xF7, 0xE9, 0xF8, 0x02, 0x48, 0xAC, 0x21, 0x42, 0xF0
	.byte 0x19, 0xF9, 0x32, 0xE0, 0x60, 0x4A, 0x03, 0x02, 0x6A, 0x20, 0xBD, 0xF0, 0x87, 0xFF, 0x00, 0x20
	.byte 0xA3, 0xF7, 0x5A, 0xF8, 0x01, 0x20, 0xA3, 0xF7, 0x57, 0xF8, 0x02, 0x20, 0xA3, 0xF7, 0x54, 0xF8
	.byte 0x03, 0x20, 0xA3, 0xF7, 0x51, 0xF8, 0x00, 0x20, 0x01, 0x21, 0xA4, 0xF7, 0xCF, 0xF8, 0x02, 0x48
	.byte 0xA4, 0x21, 0x42, 0xF0, 0xFF, 0xF8, 0x18, 0xE0, 0x60, 0x4A, 0x03, 0x02, 0x6A, 0x20, 0xBD, 0xF0
	.byte 0x6D, 0xFF, 0x00, 0x20, 0xA3, 0xF7, 0x40, 0xF8, 0x01, 0x20, 0xA3, 0xF7, 0x3D, 0xF8, 0x02, 0x20
	.byte 0xA3, 0xF7, 0x3A, 0xF8, 0x03, 0x20, 0xA3, 0xF7, 0x37, 0xF8, 0x00, 0x20, 0x01, 0x21, 0xA4, 0xF7
	.byte 0xB5, 0xF8, 0x03, 0x48, 0xAE, 0x21, 0x42, 0xF0, 0xE5, 0xF8, 0x01, 0xBC, 0x00, 0x47, 0x00, 0x00
	.byte 0x60, 0x4A, 0x03, 0x02, 0x00, 0xB5, 0x05, 0x48, 0x00, 0x68, 0xBE, 0x28, 0x00, 0xD9, 0x95, 0xE2
	.byte 0x80, 0x00, 0x03, 0x49, 0x40, 0x18, 0x00, 0x68, 0x87, 0x46, 0x00, 0x00, 0x78, 0x4A, 0x03, 0x02
	.byte 0xE8, 0x1F, 0x06, 0x08, 0xE4, 0x22, 0x06, 0x08, 0x00, 0x25, 0x06, 0x08, 0x00, 0x25, 0x06, 0x08
	.byte 0x00, 0x25, 0x06, 0x08, 0x00, 0x25, 0x06, 0x08, 0x00, 0x25, 0x06, 0x08, 0x00, 0x25, 0x06, 0x08
	.byte 0x00, 0x25, 0x06, 0x08, 0x00, 0x25, 0x06, 0x08, 0x00, 0x25, 0x06, 0x08, 0x00, 0x25, 0x06, 0x08
	.byte 0x00, 0x25, 0x06, 0x08, 0x00, 0x25, 0x06, 0x08, 0x00, 0x25, 0x06, 0x08, 0x00, 0x25, 0x06, 0x08
	.byte 0x00, 0x25, 0x06, 0x08, 0x00, 0x25, 0x06, 0x08, 0x00, 0x25, 0x06, 0x08, 0x00, 0x25, 0x06, 0x08
	.byte 0x00, 0x25, 0x06, 0x08, 0x00, 0x25, 0x06, 0x08, 0x00, 0x25, 0x06, 0x08, 0x00, 0x25, 0x06, 0x08
	.byte 0x00, 0x25, 0x06, 0x08, 0x00, 0x25, 0x06, 0x08, 0x00, 0x25, 0x06, 0x08, 0x00, 0x25, 0x06, 0x08
	.byte 0x00, 0x25, 0x06, 0x08, 0x00, 0x25, 0x06, 0x08, 0x00, 0x25, 0x06, 0x08, 0x00, 0x25, 0x06, 0x08
	.byte 0x00, 0x25, 0x06, 0x08, 0x00, 0x25, 0x06, 0x08, 0x00, 0x25, 0x06, 0x08, 0x00, 0x25, 0x06, 0x08
	.byte 0x00, 0x25, 0x06, 0x08, 0x00, 0x25, 0x06, 0x08, 0x00, 0x25, 0x06, 0x08, 0x00, 0x25, 0x06, 0x08
	.byte 0x00, 0x25, 0x06, 0x08, 0x00, 0x25, 0x06, 0x08, 0x00, 0x25, 0x06, 0x08, 0x00, 0x25, 0x06, 0x08
	.byte 0x00, 0x25, 0x06, 0x08, 0x60, 0x24, 0x06, 0x08, 0x00, 0x25, 0x06, 0x08, 0x00, 0x25, 0x06, 0x08
	.byte 0x00, 0x25, 0x06, 0x08, 0x00, 0x25, 0x06, 0x08, 0x00, 0x25, 0x06, 0x08, 0x00, 0x25, 0x06, 0x08
	.byte 0x00, 0x25, 0x06, 0x08, 0x80, 0x24, 0x06, 0x08, 0x00, 0x25, 0x06, 0x08, 0x00, 0x25, 0x06, 0x08
	.byte 0x00, 0x25, 0x06, 0x08, 0x00, 0x25, 0x06, 0x08, 0x00, 0x25, 0x06, 0x08, 0x00, 0x25, 0x06, 0x08
	.byte 0x70, 0x24, 0x06, 0x08, 0x00, 0x25, 0x06, 0x08, 0x00, 0x25, 0x06, 0x08, 0x00, 0x25, 0x06, 0x08
	.byte 0x00, 0x25, 0x06, 0x08, 0x00, 0x25, 0x06, 0x08, 0x00, 0x25, 0x06, 0x08, 0x00, 0x25, 0x06, 0x08
	.byte 0x00, 0x25, 0x06, 0x08, 0x00, 0x25, 0x06, 0x08, 0x00, 0x25, 0x06, 0x08, 0x00, 0x25, 0x06, 0x08
	.byte 0x00, 0x25, 0x06, 0x08, 0x00, 0x25, 0x06, 0x08, 0x00, 0x25, 0x06, 0x08, 0x04, 0x23, 0x06, 0x08
	.byte 0x00, 0x25, 0x06, 0x08, 0x00, 0x25, 0x06, 0x08, 0x00, 0x25, 0x06, 0x08, 0x00, 0x25, 0x06, 0x08
	.byte 0x00, 0x25, 0x06, 0x08, 0x00, 0x25, 0x06, 0x08, 0x00, 0x25, 0x06, 0x08, 0x00, 0x25, 0x06, 0x08
	.byte 0x00, 0x25, 0x06, 0x08, 0x00, 0x25, 0x06, 0x08, 0x00, 0x25, 0x06, 0x08, 0x00, 0x25, 0x06, 0x08
	.byte 0x00, 0x25, 0x06, 0x08, 0x14, 0x23, 0x06, 0x08, 0x00, 0x25, 0x06, 0x08, 0x00, 0x25, 0x06, 0x08
	.byte 0x00, 0x25, 0x06, 0x08, 0x00, 0x25, 0x06, 0x08, 0x40, 0x23, 0x06, 0x08, 0xF4, 0x22, 0x06, 0x08
	.byte 0x00, 0x25, 0x06, 0x08, 0x00, 0x25, 0x06, 0x08, 0x00, 0x25, 0x06, 0x08, 0x00, 0x25, 0x06, 0x08
	.byte 0x00, 0x25, 0x06, 0x08, 0x00, 0x25, 0x06, 0x08, 0x00, 0x25, 0x06, 0x08, 0x00, 0x25, 0x06, 0x08
	.byte 0x8C, 0x23, 0x06, 0x08, 0x00, 0x25, 0x06, 0x08, 0x00, 0x25, 0x06, 0x08, 0xB8, 0x23, 0x06, 0x08
	.byte 0x50, 0x23, 0x06, 0x08, 0x00, 0x25, 0x06, 0x08, 0x00, 0x25, 0x06, 0x08, 0x00, 0x25, 0x06, 0x08
	.byte 0x00, 0x25, 0x06, 0x08, 0x00, 0x25, 0x06, 0x08, 0x00, 0x25, 0x06, 0x08, 0x7C, 0x23, 0x06, 0x08
	.byte 0x00, 0x25, 0x06, 0x08, 0x14, 0x24, 0x06, 0x08, 0x04, 0x24, 0x06, 0x08, 0x14, 0x24, 0x06, 0x08
	.byte 0x40, 0x24, 0x06, 0x08, 0x50, 0x24, 0x06, 0x08, 0x00, 0x25, 0x06, 0x08, 0x00, 0x25, 0x06, 0x08
	.byte 0x00, 0x25, 0x06, 0x08, 0x00, 0x25, 0x06, 0x08, 0x00, 0x25, 0x06, 0x08, 0x00, 0x25, 0x06, 0x08
	.byte 0x00, 0x25, 0x06, 0x08, 0x00, 0x25, 0x06, 0x08, 0x00, 0x25, 0x06, 0x08, 0x00, 0x25, 0x06, 0x08
	.byte 0xC8, 0x23, 0x06, 0x08, 0x00, 0x25, 0x06, 0x08, 0xF4, 0x23, 0x06, 0x08, 0x00, 0x25, 0x06, 0x08
	.byte 0x00, 0x25, 0x06, 0x08, 0x00, 0x25, 0x06, 0x08, 0x00, 0x25, 0x06, 0x08, 0x00, 0x25, 0x06, 0x08
	.byte 0x00, 0x25, 0x06, 0x08, 0x00, 0x25, 0x06, 0x08, 0x00, 0x25, 0x06, 0x08, 0x00, 0x25, 0x06, 0x08
	.byte 0x00, 0x25, 0x06, 0x08, 0x00, 0x25, 0x06, 0x08, 0x00, 0x25, 0x06, 0x08, 0x00, 0x25, 0x06, 0x08
	.byte 0x00, 0x25, 0x06, 0x08, 0x00, 0x25, 0x06, 0x08, 0x80, 0x24, 0x06, 0x08, 0x00, 0x25, 0x06, 0x08
	.byte 0x00, 0x25, 0x06, 0x08, 0x00, 0x25, 0x06, 0x08, 0x00, 0x25, 0x06, 0x08, 0x00, 0x25, 0x06, 0x08
	.byte 0xA4, 0x24, 0x06, 0x08, 0xE4, 0x24, 0x06, 0x08, 0x00, 0x25, 0x06, 0x08, 0x00, 0x25, 0x06, 0x08
	.byte 0x00, 0x25, 0x06, 0x08, 0x00, 0x25, 0x06, 0x08, 0x00, 0x25, 0x06, 0x08, 0x00, 0x25, 0x06, 0x08
	.byte 0x00, 0x25, 0x06, 0x08, 0x00, 0x25, 0x06, 0x08, 0x00, 0x25, 0x06, 0x08, 0x00, 0x25, 0x06, 0x08
	.byte 0x00, 0x25, 0x06, 0x08, 0x00, 0x25, 0x06, 0x08, 0x00, 0x25, 0x06, 0x08, 0x00, 0x25, 0x06, 0x08
	.byte 0x00, 0x25, 0x06, 0x08, 0x00, 0x25, 0x06, 0x08, 0x00, 0x25, 0x06, 0x08, 0xBC, 0x24, 0x06, 0x08
	.byte 0x00, 0x25, 0x06, 0x08, 0x00, 0x25, 0x06, 0x08, 0x00, 0x25, 0x06, 0x08, 0x00, 0x25, 0x06, 0x08
	.byte 0x00, 0x25, 0x06, 0x08, 0x00, 0x25, 0x06, 0x08, 0x00, 0x25, 0x06, 0x08, 0x00, 0x25, 0x06, 0x08
	.byte 0x00, 0x25, 0x06, 0x08, 0x00, 0x25, 0x06, 0x08, 0xD0, 0x24, 0x06, 0x08, 0xBC, 0x24, 0x06, 0x08
	.byte 0x00, 0x25, 0x06, 0x08, 0x00, 0x25, 0x06, 0x08, 0x00, 0x25, 0x06, 0x08, 0xD0, 0x24, 0x06, 0x08
	.byte 0x02, 0x48, 0xBE, 0x21, 0x49, 0x00, 0x40, 0x18, 0x03, 0x21, 0xCC, 0xE0, 0xB0, 0x9B, 0x03, 0x02
	.byte 0x02, 0x48, 0xBE, 0x21, 0x49, 0x00, 0x40, 0x18, 0x03, 0x21, 0xC4, 0xE0, 0xB0, 0x9B, 0x03, 0x02
	.byte 0x02, 0x48, 0xBE, 0x21, 0x49, 0x00, 0x40, 0x18, 0x03, 0x21, 0xBC, 0xE0, 0xB0, 0x9B, 0x03, 0x02
	.byte 0x09, 0x48, 0xBE, 0x21, 0x49, 0x00, 0x40, 0x18, 0x13, 0x21, 0x01, 0x80, 0x39, 0x20, 0xAD, 0xF7
	.byte 0x03, 0xFC, 0x3B, 0x20, 0xAD, 0xF7, 0x00, 0xFC, 0x3C, 0x20, 0xAD, 0xF7, 0xFD, 0xFB, 0x3E, 0x20
	.byte 0xAD, 0xF7, 0xFA, 0xFB, 0xE2, 0xE0, 0x00, 0x00, 0xB0, 0x9B, 0x03, 0x02, 0x02, 0x48, 0xBE, 0x21
	.byte 0x49, 0x00, 0x40, 0x18, 0x03, 0x21, 0x9E, 0xE0, 0xB0, 0x9B, 0x03, 0x02, 0x09, 0x48, 0xBE, 0x21
	.byte 0x49, 0x00, 0x40, 0x18, 0x07, 0x21, 0x01, 0x80, 0x39, 0x20, 0xAD, 0xF7, 0xE5, 0xFB, 0x3B, 0x20
	.byte 0xAD, 0xF7, 0xE2, 0xFB, 0x3C, 0x20, 0xAD, 0xF7, 0xDF, 0xFB, 0x3D, 0x20, 0xAD, 0xF7, 0xDC, 0xFB
	.byte 0xC4, 0xE0, 0x00, 0x00, 0xB0, 0x9B, 0x03, 0x02, 0x02, 0x48, 0xBE, 0x21, 0x49, 0x00, 0x40, 0x18
	.byte 0x03, 0x21, 0x80, 0xE0, 0xB0, 0x9B, 0x03, 0x02, 0x09, 0x48, 0xBE, 0x21, 0x49, 0x00, 0x40, 0x18
	.byte 0x0B, 0x21, 0x01, 0x80, 0x39, 0x20, 0xAD, 0xF7, 0xC7, 0xFB, 0x3B, 0x20, 0xAD, 0xF7, 0xC4, 0xFB
	.byte 0x3C, 0x20, 0xAD, 0xF7, 0xC1, 0xFB, 0x3F, 0x20, 0xAD, 0xF7, 0xBE, 0xFB, 0xA6, 0xE0, 0x00, 0x00
	.byte 0xB0, 0x9B, 0x03, 0x02, 0x02, 0x48, 0xBE, 0x21, 0x49, 0x00, 0x40, 0x18, 0x03, 0x21, 0x62, 0xE0
	.byte 0xB0, 0x9B, 0x03, 0x02, 0x09, 0x48, 0xBE, 0x21, 0x49, 0x00, 0x40, 0x18, 0x43, 0x21, 0x01, 0x80
	.byte 0x39, 0x20, 0xAD, 0xF7, 0xA9, 0xFB, 0x3B, 0x20, 0xAD, 0xF7, 0xA6, 0xFB, 0x3C, 0x20, 0xAD, 0xF7
	.byte 0xA3, 0xFB, 0x41, 0x20, 0xAD, 0xF7, 0xA0, 0xFB, 0x88, 0xE0, 0x00, 0x00, 0xB0, 0x9B, 0x03, 0x02
	.byte 0x02, 0x48, 0xBE, 0x21, 0x49, 0x00, 0x40, 0x18, 0x03, 0x21, 0x44, 0xE0, 0xB0, 0x9B, 0x03, 0x02
	.byte 0x02, 0x48, 0xBE, 0x21, 0x49, 0x00, 0x40, 0x18, 0x03, 0x21, 0x3C, 0xE0, 0xB0, 0x9B, 0x03, 0x02
	.byte 0x09, 0x48, 0xBE, 0x21, 0x49, 0x00, 0x40, 0x18, 0x23, 0x21, 0x01, 0x80, 0x39, 0x20, 0xAD, 0xF7
	.byte 0x83, 0xFB, 0x3B, 0x20, 0xAD, 0xF7, 0x80, 0xFB, 0x3C, 0x20, 0xAD, 0xF7, 0x7D, 0xFB, 0x40, 0x20
	.byte 0xAD, 0xF7, 0x7A, 0xFB, 0x62, 0xE0, 0x00, 0x00, 0xB0, 0x9B, 0x03, 0x02, 0x02, 0x48, 0xBE, 0x21
	.byte 0x49, 0x00, 0x40, 0x18, 0x03, 0x21, 0x1E, 0xE0, 0xB0, 0x9B, 0x03, 0x02, 0x02, 0x48, 0xBE, 0x21
	.byte 0x49, 0x00, 0x40, 0x18, 0x03, 0x21, 0x16, 0xE0, 0xB0, 0x9B, 0x03, 0x02, 0x02, 0x48, 0xBE, 0x21
	.byte 0x49, 0x00, 0x40, 0x18, 0x03, 0x21, 0x0E, 0xE0, 0xB0, 0x9B, 0x03, 0x02, 0x02, 0x48, 0xBE, 0x21
	.byte 0x49, 0x00, 0x40, 0x18, 0x03, 0x21, 0x06, 0xE0, 0xB0, 0x9B, 0x03, 0x02, 0x07, 0x48, 0xBE, 0x21
	.byte 0x49, 0x00, 0x40, 0x18, 0x00, 0x21, 0x01, 0x80, 0x39, 0x20, 0xAD, 0xF7, 0x4D, 0xFB, 0x3B, 0x20
	.byte 0xAD, 0xF7, 0x4A, 0xFB, 0x3C, 0x20, 0xAD, 0xF7, 0x47, 0xFB, 0x2F, 0xE0, 0xB0, 0x9B, 0x03, 0x02
	.byte 0x04, 0x48, 0xBE, 0x21, 0x49, 0x00, 0x40, 0x18, 0x80, 0x21, 0x01, 0x80, 0x45, 0x20, 0xAD, 0xF7
	.byte 0x3B, 0xFB, 0x23, 0xE0, 0xB0, 0x9B, 0x03, 0x02, 0x03, 0x48, 0xBE, 0x21, 0x49, 0x00, 0x40, 0x18
	.byte 0x00, 0x21, 0x01, 0x80, 0x1A, 0xE0, 0x00, 0x00, 0xB0, 0x9B, 0x03, 0x02, 0x03, 0x48, 0xBE, 0x21
	.byte 0x49, 0x00, 0x40, 0x18, 0x80, 0x21, 0x01, 0x80, 0x10, 0xE0, 0x00, 0x00, 0xB0, 0x9B, 0x03, 0x02
	.byte 0x07, 0x48, 0x81, 0x68, 0x07, 0x4A, 0x11, 0x40, 0x81, 0x60, 0x42, 0x20, 0xAD, 0xF7, 0x1C, 0xFB
	.byte 0x43, 0x20, 0xAD, 0xF7, 0x19, 0xFB, 0x44, 0x20, 0xAD, 0xF7, 0x16, 0xFB, 0x01, 0xBC, 0x00, 0x47
	.byte 0xB0, 0x9B, 0x03, 0x02, 0xFF, 0xFE, 0xFF, 0xFF, 0x00, 0xB5, 0x05, 0x48, 0x00, 0x68, 0xC0, 0x28
	.byte 0x00, 0xD9, 0x2C, 0xE2, 0x80, 0x00, 0x03, 0x49, 0x40, 0x18, 0x00, 0x68, 0x87, 0x46, 0x00, 0x00
	.byte 0x78, 0x4A, 0x03, 0x02, 0x2C, 0x25, 0x06, 0x08, 0x30, 0x28, 0x06, 0x08, 0x72, 0x29, 0x06, 0x08
	.byte 0x72, 0x29, 0x06, 0x08, 0xB8, 0x28, 0x06, 0x08, 0xC0, 0x28, 0x06, 0x08, 0x40, 0x28, 0x06, 0x08
	.byte 0xC8, 0x28, 0x06, 0x08, 0x72, 0x29, 0x06, 0x08, 0x72, 0x29, 0x06, 0x08, 0x72, 0x29, 0x06, 0x08
	.byte 0x72, 0x29, 0x06, 0x08, 0x4A, 0x28, 0x06, 0x08, 0x72, 0x29, 0x06, 0x08, 0x72, 0x29, 0x06, 0x08
	.byte 0x72, 0x29, 0x06, 0x08, 0x72, 0x29, 0x06, 0x08, 0x72, 0x29, 0x06, 0x08, 0x72, 0x29, 0x06, 0x08
	.byte 0x72, 0x29, 0x06, 0x08, 0x72, 0x29, 0x06, 0x08, 0x72, 0x29, 0x06, 0x08, 0x72, 0x29, 0x06, 0x08
	.byte 0x72, 0x29, 0x06, 0x08, 0x72, 0x29, 0x06, 0x08, 0x72, 0x29, 0x06, 0x08, 0x72, 0x29, 0x06, 0x08
	.byte 0x72, 0x29, 0x06, 0x08, 0x5C, 0x28, 0x06, 0x08, 0x72, 0x29, 0x06, 0x08, 0x72, 0x29, 0x06, 0x08
	.byte 0x72, 0x29, 0x06, 0x08, 0x72, 0x29, 0x06, 0x08, 0x72, 0x29, 0x06, 0x08, 0x72, 0x29, 0x06, 0x08
	.byte 0x72, 0x29, 0x06, 0x08, 0x72, 0x29, 0x06, 0x08, 0x72, 0x29, 0x06, 0x08, 0x72, 0x29, 0x06, 0x08
	.byte 0x72, 0x29, 0x06, 0x08, 0x72, 0x29, 0x06, 0x08, 0x72, 0x29, 0x06, 0x08, 0x70, 0x28, 0x06, 0x08
	.byte 0x72, 0x29, 0x06, 0x08, 0x72, 0x29, 0x06, 0x08, 0xB8, 0x28, 0x06, 0x08, 0x72, 0x29, 0x06, 0x08
	.byte 0x72, 0x29, 0x06, 0x08, 0x72, 0x29, 0x06, 0x08, 0x72, 0x29, 0x06, 0x08, 0x84, 0x28, 0x06, 0x08
	.byte 0x72, 0x29, 0x06, 0x08, 0x72, 0x29, 0x06, 0x08, 0x72, 0x29, 0x06, 0x08, 0xB8, 0x28, 0x06, 0x08
	.byte 0xC0, 0x28, 0x06, 0x08, 0x72, 0x29, 0x06, 0x08, 0x72, 0x29, 0x06, 0x08, 0xB0, 0x28, 0x06, 0x08
	.byte 0x72, 0x29, 0x06, 0x08, 0x72, 0x29, 0x06, 0x08, 0x94, 0x28, 0x06, 0x08, 0xB8, 0x28, 0x06, 0x08
	.byte 0x72, 0x29, 0x06, 0x08, 0x72, 0x29, 0x06, 0x08, 0x72, 0x29, 0x06, 0x08, 0x72, 0x29, 0x06, 0x08
	.byte 0x72, 0x29, 0x06, 0x08, 0x72, 0x29, 0x06, 0x08, 0x72, 0x29, 0x06, 0x08, 0x72, 0x29, 0x06, 0x08
	.byte 0x72, 0x29, 0x06, 0x08, 0x72, 0x29, 0x06, 0x08, 0x72, 0x29, 0x06, 0x08, 0x72, 0x29, 0x06, 0x08
	.byte 0xB8, 0x28, 0x06, 0x08, 0xC0, 0x28, 0x06, 0x08, 0x72, 0x29, 0x06, 0x08, 0x72, 0x29, 0x06, 0x08
	.byte 0x72, 0x29, 0x06, 0x08, 0x72, 0x29, 0x06, 0x08, 0xC8, 0x28, 0x06, 0x08, 0x72, 0x29, 0x06, 0x08
	.byte 0x72, 0x29, 0x06, 0x08, 0x72, 0x29, 0x06, 0x08, 0x72, 0x29, 0x06, 0x08, 0x72, 0x29, 0x06, 0x08
	.byte 0x72, 0x29, 0x06, 0x08, 0x72, 0x29, 0x06, 0x08, 0xB8, 0x28, 0x06, 0x08, 0xC0, 0x28, 0x06, 0x08
	.byte 0xC8, 0x28, 0x06, 0x08, 0x72, 0x29, 0x06, 0x08, 0x72, 0x29, 0x06, 0x08, 0x72, 0x29, 0x06, 0x08
	.byte 0xB8, 0x28, 0x06, 0x08, 0x72, 0x29, 0x06, 0x08, 0xC0, 0x28, 0x06, 0x08, 0xC8, 0x28, 0x06, 0x08
	.byte 0x72, 0x29, 0x06, 0x08, 0x72, 0x29, 0x06, 0x08, 0x72, 0x29, 0x06, 0x08, 0xB8, 0x28, 0x06, 0x08
	.byte 0xC0, 0x28, 0x06, 0x08, 0xC8, 0x28, 0x06, 0x08, 0x72, 0x29, 0x06, 0x08, 0x72, 0x29, 0x06, 0x08
	.byte 0x72, 0x29, 0x06, 0x08, 0x72, 0x29, 0x06, 0x08, 0xB8, 0x28, 0x06, 0x08, 0xC0, 0x28, 0x06, 0x08
	.byte 0x72, 0x29, 0x06, 0x08, 0xC8, 0x28, 0x06, 0x08, 0x72, 0x29, 0x06, 0x08, 0x72, 0x29, 0x06, 0x08
	.byte 0xD0, 0x28, 0x06, 0x08, 0xB8, 0x28, 0x06, 0x08, 0xC0, 0x28, 0x06, 0x08, 0xC8, 0x28, 0x06, 0x08
	.byte 0x72, 0x29, 0x06, 0x08, 0xDA, 0x28, 0x06, 0x08, 0xB8, 0x28, 0x06, 0x08, 0xC0, 0x28, 0x06, 0x08
	.byte 0x72, 0x29, 0x06, 0x08, 0xC8, 0x28, 0x06, 0x08, 0x72, 0x29, 0x06, 0x08, 0x72, 0x29, 0x06, 0x08
	.byte 0xE4, 0x28, 0x06, 0x08, 0x72, 0x29, 0x06, 0x08, 0x72, 0x29, 0x06, 0x08, 0xB8, 0x28, 0x06, 0x08
	.byte 0xC0, 0x28, 0x06, 0x08, 0xC8, 0x28, 0x06, 0x08, 0x72, 0x29, 0x06, 0x08, 0x72, 0x29, 0x06, 0x08
	.byte 0x72, 0x29, 0x06, 0x08, 0x72, 0x29, 0x06, 0x08, 0x72, 0x29, 0x06, 0x08, 0xEE, 0x28, 0x06, 0x08
	.byte 0x72, 0x29, 0x06, 0x08, 0xF6, 0x28, 0x06, 0x08, 0x72, 0x29, 0x06, 0x08, 0x72, 0x29, 0x06, 0x08
	.byte 0x72, 0x29, 0x06, 0x08, 0x04, 0x29, 0x06, 0x08, 0x04, 0x29, 0x06, 0x08, 0x72, 0x29, 0x06, 0x08
	.byte 0x72, 0x29, 0x06, 0x08, 0x72, 0x29, 0x06, 0x08, 0x72, 0x29, 0x06, 0x08, 0x10, 0x29, 0x06, 0x08
	.byte 0x72, 0x29, 0x06, 0x08, 0xB8, 0x28, 0x06, 0x08, 0xC0, 0x28, 0x06, 0x08, 0xC8, 0x28, 0x06, 0x08
	.byte 0x72, 0x29, 0x06, 0x08, 0x72, 0x29, 0x06, 0x08, 0x20, 0x29, 0x06, 0x08, 0x72, 0x29, 0x06, 0x08
	.byte 0x72, 0x29, 0x06, 0x08, 0x72, 0x29, 0x06, 0x08, 0x72, 0x29, 0x06, 0x08, 0x72, 0x29, 0x06, 0x08
	.byte 0x72, 0x29, 0x06, 0x08, 0x72, 0x29, 0x06, 0x08, 0x72, 0x29, 0x06, 0x08, 0x72, 0x29, 0x06, 0x08
	.byte 0x30, 0x29, 0x06, 0x08, 0x72, 0x29, 0x06, 0x08, 0x72, 0x29, 0x06, 0x08, 0x72, 0x29, 0x06, 0x08
	.byte 0x72, 0x29, 0x06, 0x08, 0x72, 0x29, 0x06, 0x08, 0x72, 0x29, 0x06, 0x08, 0x72, 0x29, 0x06, 0x08
	.byte 0x72, 0x29, 0x06, 0x08, 0x72, 0x29, 0x06, 0x08, 0x40, 0x29, 0x06, 0x08, 0xB8, 0x28, 0x06, 0x08
	.byte 0x72, 0x29, 0x06, 0x08, 0x72, 0x29, 0x06, 0x08, 0x72, 0x29, 0x06, 0x08, 0x72, 0x29, 0x06, 0x08
	.byte 0x72, 0x29, 0x06, 0x08, 0x72, 0x29, 0x06, 0x08, 0x72, 0x29, 0x06, 0x08, 0x50, 0x29, 0x06, 0x08
	.byte 0xB8, 0x28, 0x06, 0x08, 0x72, 0x29, 0x06, 0x08, 0xC0, 0x28, 0x06, 0x08, 0x72, 0x29, 0x06, 0x08
	.byte 0x72, 0x29, 0x06, 0x08, 0x64, 0x29, 0x06, 0x08, 0xB8, 0x28, 0x06, 0x08, 0x02, 0x48, 0xC0, 0x21
	.byte 0x49, 0x00, 0x40, 0x18, 0x80, 0x31, 0x99, 0xE0, 0xB0, 0x9B, 0x03, 0x02, 0x85, 0x20, 0x40, 0x00
	.byte 0x21, 0xF0, 0x08, 0xFE, 0x93, 0xE0, 0x03, 0x48, 0xC0, 0x21, 0x49, 0x00, 0x40, 0x18, 0x3D, 0x21
	.byte 0x8C, 0xE0, 0x00, 0x00, 0xB0, 0x9B, 0x03, 0x02, 0x02, 0x48, 0xC0, 0x21, 0x49, 0x00, 0x40, 0x18
	.byte 0x01, 0x49, 0x83, 0xE0, 0xB0, 0x9B, 0x03, 0x02, 0xC2, 0x04, 0x00, 0x00, 0x03, 0x48, 0xC0, 0x21
	.byte 0x49, 0x00, 0x40, 0x18, 0x80, 0x21, 0x09, 0x01, 0x78, 0xE0, 0x00, 0x00, 0xB0, 0x9B, 0x03, 0x02
	.byte 0x02, 0x48, 0xC0, 0x21, 0x49, 0x00, 0x40, 0x18, 0x80, 0x39, 0x6F, 0xE0, 0xB0, 0x9B, 0x03, 0x02
	.byte 0x05, 0x48, 0xC0, 0x21, 0x49, 0x00, 0x40, 0x18, 0x80, 0x21, 0x49, 0x01, 0x01, 0x80, 0x88, 0x20
	.byte 0x21, 0xF0, 0xD8, 0xFD, 0x63, 0xE0, 0x00, 0x00, 0xB0, 0x9B, 0x03, 0x02, 0x7C, 0x20, 0x21, 0xF0
	.byte 0xD1, 0xFD, 0x5C, 0xE0, 0xDD, 0x20, 0x31, 0xF0, 0x1D, 0xF8, 0x58, 0xE0, 0xE7, 0x20, 0x31, 0xF0
	.byte 0x19, 0xF8, 0x54, 0xE0, 0xF1, 0x20, 0x31, 0xF0, 0x15, 0xF8, 0x50, 0xE0, 0x8A, 0x20, 0x40, 0x00
	.byte 0x21, 0xF0, 0xC0, 0xFD, 0x4B, 0xE0, 0x98, 0x20, 0x40, 0x00, 0x21, 0xF0, 0xBB, 0xFD, 0x46, 0xE0
	.byte 0xA2, 0x20, 0x40, 0x00, 0x21, 0xF0, 0xB6, 0xFD, 0x41, 0xE0, 0x40, 0x20, 0x21, 0xF0, 0xB2, 0xFD
	.byte 0x3D, 0xE0, 0x02, 0x48, 0x21, 0xF0, 0xAE, 0xFD, 0x39, 0xE0, 0x00, 0x00, 0xAF, 0x01, 0x00, 0x00
	.byte 0x01, 0x48, 0x21, 0xF0, 0xA7, 0xFD, 0x32, 0xE0, 0x1D, 0x01, 0x00, 0x00, 0x02, 0x48, 0xC0, 0x21
	.byte 0x49, 0x00, 0x40, 0x18, 0x80, 0x21, 0x29, 0xE0, 0xB0, 0x9B, 0x03, 0x02, 0x02, 0x48, 0xC0, 0x21
	.byte 0x49, 0x00, 0x40, 0x18, 0xD1, 0x31, 0x21, 0xE0, 0xB0, 0x9B, 0x03, 0x02, 0x02, 0x48, 0xC0, 0x21
	.byte 0x49, 0x00, 0x40, 0x18, 0x2E, 0x21, 0x19, 0xE0, 0xB0, 0x9B, 0x03, 0x02, 0x02, 0x48, 0xC0, 0x21
	.byte 0x49, 0x00, 0x40, 0x18, 0x80, 0x39, 0x11, 0xE0, 0xB0, 0x9B, 0x03, 0x02, 0x03, 0x48, 0xC0, 0x21
	.byte 0x49, 0x00, 0x40, 0x18, 0x80, 0x21, 0x09, 0x01, 0x08, 0xE0, 0x00, 0x00, 0xB0, 0x9B, 0x03, 0x02
	.byte 0x04, 0x48, 0xC0, 0x21, 0x49, 0x00, 0x40, 0x18, 0x80, 0x21, 0x49, 0x01, 0x01, 0x80, 0x01, 0xBC
	.byte 0x00, 0x47, 0x00, 0x00, 0xB0, 0x9B, 0x03, 0x02, 0x00, 0xB5, 0x06, 0x49, 0x06, 0x48, 0x02, 0x68
	.byte 0x90, 0x00, 0x40, 0x18, 0x03, 0x68, 0x44, 0x2A, 0x0A, 0xD1, 0x04, 0x48, 0x45, 0x21, 0x9E, 0xF7
	.byte 0x9B, 0xFB, 0x12, 0xE0, 0xB4, 0x3F, 0xEE, 0x09, 0x78, 0x4A, 0x03, 0x02, 0x4C, 0x27, 0xEE, 0x09
	.byte 0x44, 0x2A, 0x0A, 0xD3, 0x54, 0x2A, 0x08, 0xD8, 0x53, 0x2A, 0x06, 0xD3, 0x04, 0x49, 0x05, 0x20
	.byte 0x48, 0x73, 0x04, 0x48, 0x19, 0x8C, 0x9E, 0xF7, 0x87, 0xFB, 0x01, 0xBC, 0x00, 0x47, 0x00, 0x00
	.byte 0xB0, 0x9B, 0x03, 0x02, 0x40, 0xEB, 0xEC, 0x09, 0x00, 0xB5, 0x07, 0x48, 0x00, 0x68, 0x44, 0x28
	.byte 0x05, 0xD0, 0x44, 0x28, 0x0A, 0xD3, 0x54, 0x28, 0x08, 0xD8, 0x53, 0x28, 0x06, 0xD3, 0x7D, 0xF0
	.byte 0x83, 0xFD, 0x01, 0x20, 0x03, 0xE0, 0x00, 0x00, 0x78, 0x4A, 0x03, 0x02, 0x00, 0x20, 0x02, 0xBC
	.byte 0x08, 0x47, 0x00, 0x00, 0x00, 0xB5, 0x05, 0x48, 0x00, 0x68, 0x02, 0x38, 0x8C, 0x28, 0x00, 0xD9
	.byte 0x6C, 0xE1, 0x80, 0x00, 0x02, 0x49, 0x40, 0x18, 0x00, 0x68, 0x87, 0x46, 0x78, 0x4A, 0x03, 0x02
	.byte 0x18, 0x2A, 0x06, 0x08, 0x4C, 0x2C, 0x06, 0x08, 0xE0, 0x2C, 0x06, 0x08, 0xE0, 0x2C, 0x06, 0x08
	.byte 0xE0, 0x2C, 0x06, 0x08, 0xE0, 0x2C, 0x06, 0x08, 0xE0, 0x2C, 0x06, 0x08, 0xE0, 0x2C, 0x06, 0x08
	.byte 0xE0, 0x2C, 0x06, 0x08, 0xE0, 0x2C, 0x06, 0x08, 0xE0, 0x2C, 0x06, 0x08, 0xE0, 0x2C, 0x06, 0x08
	.byte 0xE0, 0x2C, 0x06, 0x08, 0xE0, 0x2C, 0x06, 0x08, 0xE0, 0x2C, 0x06, 0x08, 0xE0, 0x2C, 0x06, 0x08
	.byte 0xE0, 0x2C, 0x06, 0x08, 0xE0, 0x2C, 0x06, 0x08, 0xE0, 0x2C, 0x06, 0x08, 0xE0, 0x2C, 0x06, 0x08
	.byte 0xE0, 0x2C, 0x06, 0x08, 0xE0, 0x2C, 0x06, 0x08, 0xE0, 0x2C, 0x06, 0x08, 0xE0, 0x2C, 0x06, 0x08
	.byte 0xE0, 0x2C, 0x06, 0x08, 0xE0, 0x2C, 0x06, 0x08, 0xE0, 0x2C, 0x06, 0x08, 0xE0, 0x2C, 0x06, 0x08
	.byte 0xE0, 0x2C, 0x06, 0x08, 0xE0, 0x2C, 0x06, 0x08, 0xE0, 0x2C, 0x06, 0x08, 0xE0, 0x2C, 0x06, 0x08
	.byte 0xE0, 0x2C, 0x06, 0x08, 0x74, 0x2C, 0x06, 0x08, 0xE0, 0x2C, 0x06, 0x08, 0xE0, 0x2C, 0x06, 0x08
	.byte 0xE0, 0x2C, 0x06, 0x08, 0xE0, 0x2C, 0x06, 0x08, 0xE0, 0x2C, 0x06, 0x08, 0xE0, 0x2C, 0x06, 0x08
	.byte 0xE0, 0x2C, 0x06, 0x08, 0xE0, 0x2C, 0x06, 0x08, 0xE0, 0x2C, 0x06, 0x08, 0xE0, 0x2C, 0x06, 0x08
	.byte 0xE0, 0x2C, 0x06, 0x08, 0xE0, 0x2C, 0x06, 0x08, 0xE0, 0x2C, 0x06, 0x08, 0xE0, 0x2C, 0x06, 0x08
	.byte 0xE0, 0x2C, 0x06, 0x08, 0xE0, 0x2C, 0x06, 0x08, 0xE0, 0x2C, 0x06, 0x08, 0xE0, 0x2C, 0x06, 0x08
	.byte 0xE0, 0x2C, 0x06, 0x08, 0xE0, 0x2C, 0x06, 0x08, 0xE0, 0x2C, 0x06, 0x08, 0xE0, 0x2C, 0x06, 0x08
	.byte 0xE0, 0x2C, 0x06, 0x08, 0xE0, 0x2C, 0x06, 0x08, 0xC4, 0x2C, 0x06, 0x08, 0xE0, 0x2C, 0x06, 0x08
	.byte 0xCC, 0x2C, 0x06, 0x08, 0xE0, 0x2C, 0x06, 0x08, 0xE0, 0x2C, 0x06, 0x08, 0xE0, 0x2C, 0x06, 0x08
	.byte 0xE0, 0x2C, 0x06, 0x08, 0xE0, 0x2C, 0x06, 0x08, 0xD4, 0x2C, 0x06, 0x08, 0xE0, 0x2C, 0x06, 0x08
	.byte 0xE0, 0x2C, 0x06, 0x08, 0xE0, 0x2C, 0x06, 0x08, 0xE0, 0x2C, 0x06, 0x08, 0xE0, 0x2C, 0x06, 0x08
	.byte 0xE0, 0x2C, 0x06, 0x08, 0x8C, 0x2C, 0x06, 0x08, 0xE0, 0x2C, 0x06, 0x08, 0xE0, 0x2C, 0x06, 0x08
	.byte 0xE0, 0x2C, 0x06, 0x08, 0xE0, 0x2C, 0x06, 0x08, 0xE0, 0x2C, 0x06, 0x08, 0xE0, 0x2C, 0x06, 0x08
	.byte 0xE0, 0x2C, 0x06, 0x08, 0xE0, 0x2C, 0x06, 0x08, 0xE0, 0x2C, 0x06, 0x08, 0xE0, 0x2C, 0x06, 0x08
	.byte 0xE0, 0x2C, 0x06, 0x08, 0xE0, 0x2C, 0x06, 0x08, 0xBC, 0x2C, 0x06, 0x08, 0x7C, 0x2C, 0x06, 0x08
	.byte 0xE0, 0x2C, 0x06, 0x08, 0xE0, 0x2C, 0x06, 0x08, 0xE0, 0x2C, 0x06, 0x08, 0xE0, 0x2C, 0x06, 0x08
	.byte 0xE0, 0x2C, 0x06, 0x08, 0x9C, 0x2C, 0x06, 0x08, 0xE0, 0x2C, 0x06, 0x08, 0xE0, 0x2C, 0x06, 0x08
	.byte 0xE0, 0x2C, 0x06, 0x08, 0xE0, 0x2C, 0x06, 0x08, 0xE0, 0x2C, 0x06, 0x08, 0xE0, 0x2C, 0x06, 0x08
	.byte 0xA4, 0x2C, 0x06, 0x08, 0xE0, 0x2C, 0x06, 0x08, 0xE0, 0x2C, 0x06, 0x08, 0xE0, 0x2C, 0x06, 0x08
	.byte 0xE0, 0x2C, 0x06, 0x08, 0xE0, 0x2C, 0x06, 0x08, 0xE0, 0x2C, 0x06, 0x08, 0x84, 0x2C, 0x06, 0x08
	.byte 0xE0, 0x2C, 0x06, 0x08, 0xE0, 0x2C, 0x06, 0x08, 0xE0, 0x2C, 0x06, 0x08, 0xE0, 0x2C, 0x06, 0x08
	.byte 0xE0, 0x2C, 0x06, 0x08, 0xE0, 0x2C, 0x06, 0x08, 0xAC, 0x2C, 0x06, 0x08, 0xE0, 0x2C, 0x06, 0x08
	.byte 0xE0, 0x2C, 0x06, 0x08, 0xE0, 0x2C, 0x06, 0x08, 0xE0, 0x2C, 0x06, 0x08, 0x94, 0x2C, 0x06, 0x08
	.byte 0xE0, 0x2C, 0x06, 0x08, 0xE0, 0x2C, 0x06, 0x08, 0xE0, 0x2C, 0x06, 0x08, 0xE0, 0x2C, 0x06, 0x08
	.byte 0xE0, 0x2C, 0x06, 0x08, 0xE0, 0x2C, 0x06, 0x08, 0xE0, 0x2C, 0x06, 0x08, 0xE0, 0x2C, 0x06, 0x08
	.byte 0xB4, 0x2C, 0x06, 0x08, 0xE0, 0x2C, 0x06, 0x08, 0xE0, 0x2C, 0x06, 0x08, 0xE0, 0x2C, 0x06, 0x08
	.byte 0xE0, 0x2C, 0x06, 0x08, 0xE0, 0x2C, 0x06, 0x08, 0xE0, 0x2C, 0x06, 0x08, 0x54, 0x2C, 0x06, 0x08
	.byte 0xE0, 0x2C, 0x06, 0x08, 0xE0, 0x2C, 0x06, 0x08, 0xE0, 0x2C, 0x06, 0x08, 0x5C, 0x2C, 0x06, 0x08
	.byte 0x64, 0x2C, 0x06, 0x08, 0x6C, 0x2C, 0x06, 0x08, 0x00, 0x20, 0xAC, 0xF7, 0xE1, 0xFF, 0x45, 0xE0
	.byte 0x29, 0x20, 0xAC, 0xF7, 0x69, 0xFF, 0x41, 0xE0, 0x28, 0x20, 0xAC, 0xF7, 0x65, 0xFF, 0x3D, 0xE0
	.byte 0x32, 0x20, 0xAC, 0xF7, 0x61, 0xFF, 0x39, 0xE0, 0x2B, 0x20, 0xAC, 0xF7, 0x5D, 0xFF, 0x35, 0xE0
	.byte 0x26, 0x20, 0xAC, 0xF7, 0x59, 0xFF, 0x31, 0xE0, 0x2A, 0x20, 0xAC, 0xF7, 0x55, 0xFF, 0x2D, 0xE0
	.byte 0x01, 0x20, 0xAC, 0xF7, 0xC5, 0xFF, 0x29, 0xE0, 0x05, 0x20, 0xAC, 0xF7, 0xC1, 0xFF, 0x25, 0xE0
	.byte 0x08, 0x20, 0xAC, 0xF7, 0xBD, 0xFF, 0x21, 0xE0, 0x0A, 0x20, 0xAC, 0xF7, 0xB9, 0xFF, 0x1D, 0xE0
	.byte 0x02, 0x20, 0xAC, 0xF7, 0xB5, 0xFF, 0x19, 0xE0, 0x04, 0x20, 0xAC, 0xF7, 0xB1, 0xFF, 0x15, 0xE0
	.byte 0x0B, 0x20, 0xAC, 0xF7, 0xAD, 0xFF, 0x11, 0xE0, 0x03, 0x20, 0xAC, 0xF7, 0xA9, 0xFF, 0x0D, 0xE0
	.byte 0x0D, 0x20, 0xAC, 0xF7, 0xA5, 0xFF, 0x09, 0xE0, 0x08, 0x20, 0xAC, 0xF7, 0x2D, 0xFF, 0x05, 0xE0
	.byte 0x0F, 0x20, 0xAC, 0xF7, 0x9D, 0xFF, 0x10, 0x20, 0xAC, 0xF7, 0x9A, 0xFF, 0x01, 0xBC, 0x00, 0x47
	.byte 0x00, 0xB5, 0x08, 0x48, 0x00, 0x68, 0x94, 0x28, 0x15, 0xD8, 0x8F, 0x28, 0x13, 0xD3, 0x06, 0x48
	.byte 0x80, 0x68, 0x10, 0x21, 0x08, 0x40, 0x00, 0x28, 0x08, 0xD0, 0x01, 0x20, 0xA6, 0xF7, 0xCA, 0xFA
	.byte 0x07, 0xE0, 0x00, 0x00, 0x78, 0x4A, 0x03, 0x02, 0xB0, 0x9B, 0x03, 0x02, 0x00, 0x20, 0xA6, 0xF7
	.byte 0xC1, 0xFA, 0x7C, 0xF0, 0x87, 0xFD, 0x01, 0xBC, 0x00, 0x47, 0x00, 0x00, 0x00, 0xB5, 0x05, 0x48
	.byte 0x00, 0x68, 0x94, 0x28, 0x03, 0xD8, 0x8F, 0x28, 0x01, 0xD3, 0x7C, 0xF0, 0x7B, 0xFD, 0x01, 0xBC
	.byte 0x00, 0x47, 0x00, 0x00, 0x78, 0x4A, 0x03, 0x02, 0x00, 0xB5, 0x05, 0x48, 0x00, 0x68, 0x3F, 0x28
	.byte 0x08, 0xD0, 0x43, 0x28, 0x09, 0xD1, 0x10, 0x20, 0xAD, 0xF7, 0x40, 0xF8, 0x05, 0xE0, 0x00, 0x00
	.byte 0x78, 0x4A, 0x03, 0x02, 0x29, 0x20, 0xAD, 0xF7, 0x39, 0xF8, 0x01, 0xBC, 0x00, 0x47, 0x00, 0x00
	.byte 0xF0, 0xB5, 0x15, 0x4C, 0x15, 0x48, 0x9D, 0xF7, 0xD5, 0xFD, 0x20, 0x60, 0x14, 0x49, 0x00, 0x20
	.byte 0x08, 0x70, 0x00, 0x23, 0x26, 0x1C, 0x58, 0x27, 0x00, 0x24, 0x30, 0x68, 0x19, 0x1C, 0x79, 0x43
	.byte 0x08, 0x18, 0x04, 0x60, 0x44, 0x60, 0x84, 0x64, 0x50, 0x30, 0x04, 0x70, 0x00, 0x22, 0x5D, 0x1C
	.byte 0x0B, 0x1C, 0x30, 0x68, 0x18, 0x18, 0x91, 0x00, 0x08, 0x30, 0x40, 0x18, 0x04, 0x60, 0x50, 0x1C
	.byte 0x00, 0x06, 0x02, 0x0E, 0x0F, 0x2A, 0xF4, 0xD9, 0x28, 0x06, 0x03, 0x0E, 0x2C, 0x2B, 0xE4, 0xD9
	.byte 0xF0, 0xBC, 0x01, 0xBC, 0x00, 0x47, 0x00, 0x00, 0x80, 0x4A, 0x03, 0x02, 0x78, 0x0F, 0x00, 0x00
	.byte 0x90, 0x4A, 0x03, 0x02
	thumb_func_start func_08062DC8
func_08062DC8: @ 08062DC8
	push {r4, r5, r6, r7, lr}
	mov r7, r9
	mov r6, r8
	push {r6, r7}
	adds r3, r0, #0x0
	mov r8, r2
	movs r4, #0x00
	ldr r6, _08062F04 @ =0x02034A90
	ldrb r0, [r6, #0x00]
	cmp r0, #0x2C
	bls _08062DE0
	b _08062EF6
_08062DE0:
	ldr r0, _08062F08 @ =0x02034A80
	mov r9, r0
	ldr r2, [r0, #0x00]
	cmp r2, #0x00
	bne _08062DEC
	b _08062EF6
_08062DEC:
	ldrb r0, [r6, #0x00]
	movs r5, #0x58
	muls r0, r5
	adds r0, r0, r2
	str r3, [r0, #0x00]
	ldrb r0, [r6, #0x00]
	muls r0, r5
	adds r0, r0, r2
	str r1, [r0, #0x04]
	ldrb r0, [r6, #0x00]
	muls r0, r5
	adds r0, r0, r2
	adds r0, #0x51
	strb r4, [r0, #0x00]
	mov r0, r8
	bl func_0809D280
	lsls r0, r0, #0x18
	lsrs r7, r0, #0x18
	cmp r7, #0x0F
	bls _08062E18
	movs r7, #0x10
_08062E18:
	ldrb r0, [r6, #0x00]
	mov r2, r9
	ldr r1, [r2, #0x00]
	muls r0, r5
	adds r0, r0, r1
	adds r0, #0x50
	strb r7, [r0, #0x00]
	movs r5, #0x00
	cmp r5, r7
	bcs _08062ED8
_08062E2C:
	movs r0, #0x20
	bl func_080038C8
	ldr r1, _08062F04 @ =0x02034A90
	ldrb r3, [r1, #0x00]
	ldr r1, _08062F08 @ =0x02034A80
	ldr r2, [r1, #0x00]
	movs r1, #0x58
	muls r1, r3
	adds r1, r1, r2
	lsls r2, r5, #0x02
	adds r1, #0x08
	adds r1, r1, r2
	str r0, [r1, #0x00]
	mov r0, r8
	adds r1, r0, r5
	ldrb r3, [r1, #0x00]
	adds r0, r3, #0x0
	subs r0, #0x30
	lsls r0, r0, #0x18
	lsrs r0, r0, #0x18
	adds r6, r2, #0x0
	cmp r0, #0x09
	bhi _08062E5E
	adds r4, r0, #0x0
_08062E5E:
	adds r0, r3, #0x0
	subs r0, #0x41
	lsls r0, r0, #0x18
	lsrs r0, r0, #0x18
	cmp r0, #0x19
	bhi _08062E72
	adds r0, r3, #0x0
	subs r0, #0x37
	lsls r0, r0, #0x18
	lsrs r4, r0, #0x18
_08062E72:
	adds r0, r3, #0x0
	cmp r0, #0x2F
	bne _08062E7A
	movs r4, #0x24
_08062E7A:
	cmp r0, #0x2D
	bne _08062E80
	movs r4, #0x25
_08062E80:
	cmp r0, #0x5F
	bne _08062E86
	movs r4, #0x26
_08062E86:
	cmp r0, #0x2E
	bne _08062E8C
	movs r4, #0x27
_08062E8C:
	cmp r0, #0x2B
	bne _08062E92
	movs r4, #0x28
_08062E92:
	cmp r0, #0x21
	bne _08062E98
	movs r4, #0x29
_08062E98:
	cmp r0, #0x3F
	bne _08062E9E
	movs r4, #0x2A
_08062E9E:
	cmp r0, #0x23
	bne _08062EA4
	movs r4, #0x2B
_08062EA4:
	ldrb r0, [r1, #0x00]
	cmp r0, #0x25
	bne _08062EAC
	movs r4, #0x2C
_08062EAC:
	ldr r0, _08062F04 @ =0x02034A90
	ldrb r2, [r0, #0x00]
	ldr r0, _08062F08 @ =0x02034A80
	ldr r1, [r0, #0x00]
	movs r0, #0x58
	muls r0, r2
	adds r0, r0, r1
	adds r0, #0x08
	adds r0, r0, r6
	ldr r0, [r0, #0x00]
	ldr r2, _08062F0C @ =0x09EEC538
	lsls r1, r4, #0x02
	adds r1, r1, r2
	ldr r1, [r1, #0x00]
	ldr r2, _08062F10 @ =0x090D4180
	bl func_080038E4
	adds r0, r5, #0x1
	lsls r0, r0, #0x18
	lsrs r5, r0, #0x18
	cmp r5, r7
	bcc _08062E2C
_08062ED8:
	ldr r0, _08062F14 @ =0x08F69BE4
	movs r1, #0x20
	bl func_08002A14
	ldr r2, _08062F04 @ =0x02034A90
	ldrb r4, [r2, #0x00]
	ldr r1, _08062F08 @ =0x02034A80
	ldr r3, [r1, #0x00]
	movs r1, #0x58
	muls r1, r4
	adds r1, r1, r3
	str r0, [r1, #0x48]
	ldrb r0, [r2, #0x00]
	adds r0, #0x01
	strb r0, [r2, #0x00]
_08062EF6:
	pop {r3, r4}
	mov r8, r3
	mov r9, r4
	pop {r4, r5, r6, r7}
	pop {r0}
	bx r0
	.byte 0x00, 0x00
_08062F04: .4byte 0x02034A90
_08062F08: .4byte 0x02034A80
_08062F0C: .4byte 0x09EEC538
_08062F10: .4byte 0x090D4180
_08062F14: .4byte 0x08F69BE4
	.byte 0xF0, 0xB5, 0x57, 0x46, 0x4E, 0x46, 0x45, 0x46, 0xE0, 0xB4, 0x03, 0x1C, 0x91, 0x46, 0x00, 0x20
	.byte 0x82, 0x46, 0x3D, 0x4E, 0x30, 0x78, 0x2C, 0x28, 0x6E, 0xD8, 0x3C, 0x4F, 0x3A, 0x68, 0x00, 0x2A
	.byte 0x6A, 0xD0, 0x58, 0x24, 0x60, 0x43, 0x80, 0x18, 0x03, 0x60, 0x30, 0x78, 0x60, 0x43, 0x80, 0x18
	.byte 0x41, 0x60, 0x30, 0x78, 0x60, 0x43, 0x80, 0x18, 0x51, 0x30, 0x01, 0x21, 0x01, 0x70, 0x48, 0x46
	.byte 0x3A, 0xF0, 0x92, 0xF9, 0x00, 0x06, 0x05, 0x0E, 0x0F, 0x2D, 0x00, 0xD9, 0x10, 0x25, 0x30, 0x78
	.byte 0x39, 0x68, 0x60, 0x43, 0x40, 0x18, 0x50, 0x30, 0x05, 0x70, 0x00, 0x24, 0x00, 0x27, 0xAC, 0x42
	.byte 0x3B, 0xD2, 0xB0, 0x46, 0x58, 0x26, 0x49, 0x46, 0x08, 0x19, 0x01, 0x78, 0x08, 0x1C, 0x30, 0x38
	.byte 0x00, 0x06, 0x00, 0x0E, 0x09, 0x28, 0x00, 0xD8, 0x82, 0x46, 0x08, 0x1C, 0x41, 0x38, 0x00, 0x06
	.byte 0x00, 0x0E, 0x19, 0x28, 0x04, 0xD8, 0x08, 0x1C, 0x34, 0x38, 0x00, 0x06, 0x00, 0x0E, 0x82, 0x46
	.byte 0x80, 0x20, 0xA0, 0xF7, 0x8D, 0xFC, 0x43, 0x46, 0x1A, 0x78, 0x1C, 0x49, 0x0B, 0x68, 0x11, 0x1C
	.byte 0x71, 0x43, 0xC9, 0x18, 0xBA, 0x00, 0x08, 0x31, 0x89, 0x18, 0x08, 0x60, 0x41, 0x46, 0x08, 0x78
	.byte 0x70, 0x43, 0xC0, 0x18, 0x08, 0x30, 0x80, 0x18, 0x00, 0x68, 0x15, 0x4A, 0x53, 0x46, 0x99, 0x00
	.byte 0x89, 0x18, 0x09, 0x68, 0x13, 0x4A, 0xA0, 0xF7, 0x81, 0xFC, 0x78, 0x1C, 0x00, 0x06, 0x07, 0x0E
	.byte 0x60, 0x1C, 0x00, 0x06, 0x04, 0x0E, 0xAC, 0x42, 0xC5, 0xD3, 0x0F, 0x48, 0x20, 0x21, 0x9F, 0xF7
	.byte 0x0D, 0xFD, 0x09, 0x4A, 0x14, 0x78, 0x09, 0x49, 0x0B, 0x68, 0x58, 0x21, 0x61, 0x43, 0xC9, 0x18
	.byte 0x88, 0x64, 0x10, 0x78, 0x01, 0x30, 0x10, 0x70, 0x38, 0xBC, 0x98, 0x46, 0xA1, 0x46, 0xAA, 0x46
	.byte 0xF0, 0xBC, 0x01, 0xBC, 0x00, 0x47, 0x00, 0x00, 0x90, 0x4A, 0x03, 0x02, 0x80, 0x4A, 0x03, 0x02
	.byte 0x04, 0xB2, 0xEE, 0x09, 0xB2, 0xB5, 0x0A, 0x09, 0xF8, 0x47, 0x61, 0x09, 0xF0, 0xB5, 0x57, 0x46
	.byte 0x4E, 0x46, 0x45, 0x46, 0xE0, 0xB4, 0x86, 0xB0, 0x82, 0x46, 0x05, 0x91, 0x17, 0x1C, 0x00, 0x2F
	.byte 0x00, 0xDA, 0x16, 0xE1, 0x6C, 0x46, 0x7E, 0x48, 0x81, 0x46, 0x38, 0x1C, 0x49, 0x46, 0xBA, 0xF0
	.byte 0xC9, 0xFA, 0x20, 0x70, 0x6C, 0x46, 0x7B, 0x49, 0x38, 0x1C, 0xBA, 0xF0, 0xC3, 0xFA, 0x69, 0x46
	.byte 0x0A, 0x78, 0x91, 0x00, 0x89, 0x18, 0x49, 0x00, 0x40, 0x1A, 0x60, 0x70, 0x6C, 0x46, 0x76, 0x49
	.byte 0x88, 0x46, 0x38, 0x1C, 0xBA, 0xF0, 0xB6, 0xFA, 0x69, 0x46, 0x09, 0x78, 0x64, 0x25, 0x69, 0x43
	.byte 0x40, 0x1A, 0x69, 0x46, 0x4A, 0x78, 0x91, 0x00, 0x89, 0x18, 0x49, 0x00, 0x40, 0x1A, 0xA0, 0x70
	.byte 0x6C, 0x46, 0x6E, 0x4E, 0x38, 0x1C, 0x31, 0x1C, 0xBA, 0xF0, 0xA4, 0xFA, 0x69, 0x46, 0x0A, 0x78
	.byte 0x51, 0x01, 0x89, 0x1A, 0x89, 0x00, 0x89, 0x18, 0xC9, 0x00, 0x40, 0x1A, 0x69, 0x46, 0x49, 0x78
	.byte 0x69, 0x43, 0x40, 0x1A, 0x69, 0x46, 0x8A, 0x78, 0x91, 0x00, 0x89, 0x18, 0x49, 0x00, 0x40, 0x1A
	.byte 0xE0, 0x70, 0x6C, 0x46, 0xFA, 0x21, 0x89, 0x00, 0x38, 0x1C, 0xBA, 0xF0, 0x8B, 0xFA, 0x69, 0x46
	.byte 0x09, 0x78, 0x71, 0x43, 0x40, 0x1A, 0x69, 0x46, 0x4A, 0x78, 0x51, 0x01, 0x89, 0x1A, 0x89, 0x00
	.byte 0x89, 0x18, 0xC9, 0x00, 0x40, 0x1A, 0x69, 0x46, 0x89, 0x78, 0x69, 0x43, 0x40, 0x1A, 0x69, 0x46
	.byte 0xCA, 0x78, 0x91, 0x00, 0x89, 0x18, 0x49, 0x00, 0x40, 0x1A, 0x20, 0x71, 0x6C, 0x46, 0x38, 0x1C
	.byte 0x64, 0x21, 0xBA, 0xF0, 0x6F, 0xFA, 0x69, 0x46, 0x09, 0x78, 0x42, 0x46, 0x4A, 0x43, 0x11, 0x1C
	.byte 0x40, 0x1A, 0x69, 0x46, 0x49, 0x78, 0x71, 0x43, 0x40, 0x1A, 0x69, 0x46, 0x8A, 0x78, 0x51, 0x01
	.byte 0x89, 0x1A, 0x89, 0x00, 0x89, 0x18, 0xC9, 0x00, 0x40, 0x1A, 0x69, 0x46, 0xC9, 0x78, 0x69, 0x43
	.byte 0x40, 0x1A, 0x69, 0x46, 0x0A, 0x79, 0x91, 0x00, 0x89, 0x18, 0x49, 0x00, 0x40, 0x1A, 0x60, 0x71
	.byte 0x6C, 0x46, 0x38, 0x1C, 0x0A, 0x21, 0xBA, 0xF0, 0x4D, 0xFA, 0x69, 0x46, 0x0B, 0x78, 0x5A, 0x01
	.byte 0xD2, 0x1A, 0x91, 0x01, 0x89, 0x1A, 0xC9, 0x00, 0xC9, 0x18, 0x89, 0x01, 0x40, 0x1A, 0x69, 0x46
	.byte 0x49, 0x78, 0x42, 0x46, 0x4A, 0x43, 0x11, 0x1C, 0x40, 0x1A, 0x69, 0x46, 0x89, 0x78, 0x71, 0x43
	.byte 0x40, 0x1A, 0x69, 0x46, 0xCA, 0x78, 0x51, 0x01, 0x89, 0x1A, 0x89, 0x00, 0x89, 0x18, 0xC9, 0x00
	.byte 0x40, 0x1A, 0x69, 0x46, 0x09, 0x79, 0x69, 0x43, 0x40, 0x1A, 0x69, 0x46, 0x4A, 0x79, 0x91, 0x00
	.byte 0x89, 0x18, 0x49, 0x00, 0x40, 0x1A, 0xA0, 0x71, 0x6C, 0x46, 0x68, 0x46, 0x00, 0x78, 0x4A, 0x46
	.byte 0x42, 0x43, 0x68, 0x46, 0x43, 0x78, 0x59, 0x01, 0xC9, 0x1A, 0x88, 0x01, 0x40, 0x1A, 0xC0, 0x00
	.byte 0xC0, 0x18, 0x80, 0x01, 0x12, 0x18, 0x68, 0x46, 0x80, 0x78, 0x41, 0x46, 0x41, 0x43, 0x08, 0x1C
	.byte 0x12, 0x18, 0x68, 0x46, 0xC0, 0x78, 0x70, 0x43, 0x12, 0x18, 0x68, 0x46, 0x01, 0x79, 0x48, 0x01
	.byte 0x40, 0x1A, 0x80, 0x00, 0x40, 0x18, 0xC0, 0x00, 0x12, 0x18, 0x68, 0x46, 0x40, 0x79, 0x68, 0x43
	.byte 0x12, 0x18, 0x68, 0x46, 0x81, 0x79, 0x88, 0x00, 0x40, 0x18, 0x40, 0x00, 0x12, 0x18, 0xBA, 0x1A
	.byte 0xE2, 0x71, 0x69, 0x46, 0x68, 0x46, 0x00, 0x78, 0x30, 0x30, 0x08, 0x70, 0x68, 0x46, 0x40, 0x78
	.byte 0x30, 0x30, 0x48, 0x70, 0x68, 0x46, 0x80, 0x78, 0x30, 0x30, 0x88, 0x70, 0x68, 0x46, 0xC0, 0x78
	.byte 0x30, 0x30, 0xC8, 0x70, 0x68, 0x46, 0x00, 0x79, 0x30, 0x30, 0x08, 0x71, 0x68, 0x46, 0x40, 0x79
	.byte 0x30, 0x30, 0x48, 0x71, 0x68, 0x46, 0x80, 0x79, 0x30, 0x30, 0x88, 0x71, 0x68, 0x46, 0xC0, 0x79
	.byte 0x30, 0x30, 0xC8, 0x71, 0x68, 0x46, 0x00, 0x22, 0x02, 0x72, 0x00, 0x21, 0x0F, 0xE0, 0x00, 0x00
	.byte 0x80, 0x96, 0x98, 0x00, 0x40, 0x42, 0x0F, 0x00, 0xA0, 0x86, 0x01, 0x00, 0x10, 0x27, 0x00, 0x00
	.byte 0x48, 0x1C, 0x00, 0x06, 0x01, 0x0E, 0x06, 0x29, 0x04, 0xD8, 0x6A, 0x46, 0x50, 0x18, 0x00, 0x78
	.byte 0x30, 0x28, 0xF5, 0xD9, 0x68, 0x46, 0x42, 0x18, 0x50, 0x46, 0x05, 0x99, 0xFF, 0xF7, 0xA8, 0xFD
	.byte 0x1B, 0xE1, 0x7F, 0x42, 0x6C, 0x46, 0x7F, 0x49, 0x89, 0x46, 0x38, 0x1C, 0xBA, 0xF0, 0xB2, 0xF9
	.byte 0x60, 0x70, 0x6C, 0x46, 0x7C, 0x49, 0x38, 0x1C, 0xBA, 0xF0, 0xAC, 0xF9, 0x69, 0x46, 0x4A, 0x78
	.byte 0x91, 0x00, 0x89, 0x18, 0x49, 0x00, 0x40, 0x1A, 0xA0, 0x70, 0x6C, 0x46, 0x77, 0x4A, 0x90, 0x46
	.byte 0x38, 0x1C, 0x41, 0x46, 0xBA, 0xF0, 0x9E, 0xF9, 0x69, 0x46, 0x49, 0x78, 0x64, 0x25, 0x69, 0x43
	.byte 0x40, 0x1A, 0x69, 0x46, 0x8A, 0x78, 0x91, 0x00, 0x89, 0x18, 0x49, 0x00, 0x40, 0x1A, 0xE0, 0x70
	.byte 0x6C, 0x46, 0x6F, 0x4E, 0x38, 0x1C, 0x31, 0x1C, 0xBA, 0xF0, 0x8C, 0xF9, 0x69, 0x46, 0x4A, 0x78
	.byte 0x51, 0x01, 0x89, 0x1A, 0x89, 0x00, 0x89, 0x18, 0xC9, 0x00, 0x40, 0x1A, 0x69, 0x46, 0x89, 0x78
	.byte 0x69, 0x43, 0x40, 0x1A, 0x69, 0x46, 0xCA, 0x78, 0x91, 0x00, 0x89, 0x18, 0x49, 0x00, 0x40, 0x1A
	.byte 0x20, 0x71, 0x6C, 0x46, 0xFA, 0x21, 0x89, 0x00, 0x38, 0x1C, 0xBA, 0xF0, 0x73, 0xF9, 0x69, 0x46
	.byte 0x49, 0x78, 0x71, 0x43, 0x40, 0x1A, 0x69, 0x46, 0x8A, 0x78, 0x51, 0x01, 0x89, 0x1A, 0x89, 0x00
	.byte 0x89, 0x18, 0xC9, 0x00, 0x40, 0x1A, 0x69, 0x46, 0xC9, 0x78, 0x69, 0x43, 0x40, 0x1A, 0x69, 0x46
	.byte 0x0A, 0x79, 0x91, 0x00, 0x89, 0x18, 0x49, 0x00, 0x40, 0x1A, 0x60, 0x71, 0x6C, 0x46, 0x38, 0x1C
	.byte 0x64, 0x21, 0xBA, 0xF0, 0x57, 0xF9, 0x69, 0x46, 0x49, 0x78, 0x42, 0x46, 0x4A, 0x43, 0x11, 0x1C
	.byte 0x40, 0x1A, 0x69, 0x46, 0x89, 0x78, 0x71, 0x43, 0x40, 0x1A, 0x69, 0x46, 0xCA, 0x78, 0x51, 0x01
	.byte 0x89, 0x1A, 0x89, 0x00, 0x89, 0x18, 0xC9, 0x00, 0x40, 0x1A, 0x69, 0x46, 0x09, 0x79, 0x69, 0x43
	.byte 0x40, 0x1A, 0x69, 0x46, 0x4A, 0x79, 0x91, 0x00, 0x89, 0x18, 0x49, 0x00, 0x40, 0x1A, 0xA0, 0x71
	.byte 0x6C, 0x46, 0x38, 0x1C, 0x0A, 0x21, 0xBA, 0xF0, 0x35, 0xF9, 0x69, 0x46, 0x4B, 0x78, 0x5A, 0x01
	.byte 0xD2, 0x1A, 0x91, 0x01, 0x89, 0x1A, 0xC9, 0x00, 0xC9, 0x18, 0x89, 0x01, 0x40, 0x1A, 0x69, 0x46
	.byte 0x89, 0x78, 0x42, 0x46, 0x4A, 0x43, 0x11, 0x1C, 0x40, 0x1A, 0x69, 0x46, 0xC9, 0x78, 0x71, 0x43
	.byte 0x40, 0x1A, 0x69, 0x46, 0x0A, 0x79, 0x51, 0x01, 0x89, 0x1A, 0x89, 0x00, 0x89, 0x18, 0xC9, 0x00
	.byte 0x40, 0x1A, 0x69, 0x46, 0x49, 0x79, 0x69, 0x43, 0x40, 0x1A, 0x69, 0x46, 0x8A, 0x79, 0x91, 0x00
	.byte 0x89, 0x18, 0x49, 0x00, 0x40, 0x1A, 0xE0, 0x71, 0x6C, 0x46, 0x68, 0x46, 0x40, 0x78, 0x4A, 0x46
	.byte 0x42, 0x43, 0x68, 0x46, 0x83, 0x78, 0x59, 0x01, 0xC9, 0x1A, 0x88, 0x01, 0x40, 0x1A, 0xC0, 0x00
	.byte 0xC0, 0x18, 0x80, 0x01, 0x12, 0x18, 0x68, 0x46, 0xC0, 0x78, 0x41, 0x46, 0x41, 0x43, 0x08, 0x1C
	.byte 0x12, 0x18, 0x68, 0x46, 0x00, 0x79, 0x70, 0x43, 0x12, 0x18, 0x68, 0x46, 0x41, 0x79, 0x48, 0x01
	.byte 0x40, 0x1A, 0x80, 0x00, 0x40, 0x18, 0xC0, 0x00, 0x12, 0x18, 0x68, 0x46, 0x80, 0x79, 0x68, 0x43
	.byte 0x12, 0x18, 0x68, 0x46, 0xC1, 0x79, 0x88, 0x00, 0x40, 0x18, 0x40, 0x00, 0x12, 0x18, 0xBA, 0x1A
	.byte 0x22, 0x72, 0x69, 0x46, 0x2D, 0x20, 0x08, 0x70, 0x68, 0x46, 0x40, 0x78, 0x30, 0x30, 0x48, 0x70
	.byte 0x68, 0x46, 0x80, 0x78, 0x30, 0x30, 0x88, 0x70, 0x68, 0x46, 0xC0, 0x78, 0x30, 0x30, 0xC8, 0x70
	.byte 0x68, 0x46, 0x00, 0x79, 0x30, 0x30, 0x08, 0x71, 0x68, 0x46, 0x40, 0x79, 0x30, 0x30, 0x48, 0x71
	.byte 0x68, 0x46, 0x80, 0x79, 0x30, 0x30, 0x88, 0x71, 0x68, 0x46, 0xC0, 0x79, 0x30, 0x30, 0xC8, 0x71
	.byte 0x68, 0x46, 0x00, 0x7A, 0x30, 0x30, 0x08, 0x72, 0x68, 0x46, 0x00, 0x22, 0x42, 0x72, 0x01, 0x21
	.byte 0x01, 0x30, 0x0E, 0xE0, 0x80, 0x96, 0x98, 0x00, 0x40, 0x42, 0x0F, 0x00, 0xA0, 0x86, 0x01, 0x00
	.byte 0x10, 0x27, 0x00, 0x00, 0x48, 0x1C, 0x00, 0x06, 0x01, 0x0E, 0x07, 0x29, 0x04, 0xD8, 0x6A, 0x46
	.byte 0x50, 0x18, 0x00, 0x78, 0x30, 0x28, 0xF5, 0xD9, 0x48, 0x1E, 0x69, 0x46, 0x0A, 0x18, 0x2D, 0x20
	.byte 0x10, 0x70, 0x50, 0x46, 0x05, 0x99, 0xFF, 0xF7, 0x8B, 0xFC, 0x06, 0xB0, 0x38, 0xBC, 0x98, 0x46
	.byte 0xA1, 0x46, 0xAA, 0x46, 0xF0, 0xBC, 0x01, 0xBC, 0x00, 0x47, 0x00, 0x00, 0xF0, 0xB5, 0x57, 0x46
	.byte 0x4E, 0x46, 0x45, 0x46, 0xE0, 0xB4, 0x86, 0xB0, 0x08, 0x20, 0x04, 0x90, 0x00, 0x21, 0x88, 0x46
	.byte 0x61, 0xE0, 0x06, 0x4A, 0x11, 0x68, 0x58, 0x23, 0x40, 0x46, 0x58, 0x43, 0x40, 0x18, 0x51, 0x30
	.byte 0x00, 0x78, 0x00, 0x28, 0x04, 0xD0, 0x01, 0x28, 0x05, 0xD0, 0x06, 0xE0, 0x80, 0x4A, 0x03, 0x02
	.byte 0x08, 0x20, 0x04, 0x90, 0x01, 0xE0, 0x0A, 0x21, 0x04, 0x91, 0x2E, 0x4A, 0x10, 0x68, 0x58, 0x23
	.byte 0x42, 0x46, 0x5A, 0x43, 0x10, 0x18, 0x01, 0x68, 0x8A, 0x46, 0x41, 0x68, 0x00, 0x26, 0x50, 0x30
	.byte 0x43, 0x46, 0x01, 0x33, 0x05, 0x93, 0x00, 0x78, 0x86, 0x42, 0x2F, 0xD2, 0x08, 0x12, 0x00, 0x04
	.byte 0x81, 0x46, 0x24, 0x4F, 0x15, 0x1C, 0x51, 0x46, 0x08, 0x12, 0x04, 0x9A, 0x31, 0x1C, 0x51, 0x43
	.byte 0x40, 0x18, 0x00, 0x04, 0x00, 0x14, 0x3A, 0x68, 0xAA, 0x18, 0xB4, 0x00, 0x11, 0x1C, 0x08, 0x31
	.byte 0x09, 0x19, 0x0B, 0x68, 0x91, 0x6C, 0x00, 0x91, 0x00, 0x21, 0x01, 0x91, 0x02, 0x91, 0x32, 0x21
	.byte 0x03, 0x91, 0x4A, 0x46, 0x11, 0x14, 0x00, 0x22, 0x9E, 0xF7, 0x3E, 0xFF, 0x38, 0x68, 0x28, 0x18
	.byte 0x08, 0x30, 0x00, 0x19, 0x00, 0x68, 0x9F, 0xF7, 0xA7, 0xF9, 0x70, 0x1C, 0x00, 0x06, 0x06, 0x0E
	.byte 0x38, 0x68, 0x28, 0x18, 0x50, 0x30, 0x00, 0x78, 0x86, 0x42, 0xD4, 0xD3, 0x0D, 0x4B, 0x19, 0x68
	.byte 0x58, 0x22, 0x40, 0x46, 0x50, 0x43, 0x40, 0x18, 0x80, 0x6C, 0x9F, 0xF7, 0x3D, 0xFB, 0x05, 0x9B
	.byte 0x18, 0x06, 0x00, 0x0E, 0x80, 0x46, 0x08, 0x48, 0x00, 0x78, 0x80, 0x45, 0x99, 0xD3, 0x06, 0x49
	.byte 0x00, 0x20, 0x08, 0x70, 0x06, 0xB0, 0x38, 0xBC, 0x98, 0x46, 0xA1, 0x46, 0xAA, 0x46, 0xF0, 0xBC
	.byte 0x01, 0xBC, 0x00, 0x47, 0x80, 0x4A, 0x03, 0x02, 0x90, 0x4A, 0x03, 0x02, 0xF0, 0xB5, 0x57, 0x46
	.byte 0x4E, 0x46, 0x45, 0x46, 0xE0, 0xB4, 0x00, 0x26, 0x1F, 0x48, 0x81, 0x46, 0x00, 0x78, 0x86, 0x42
	.byte 0x2F, 0xD2, 0x1E, 0x49, 0x88, 0x46, 0x58, 0x20, 0x82, 0x46, 0x41, 0x46, 0x08, 0x68, 0x54, 0x46
	.byte 0x74, 0x43, 0x20, 0x18, 0x00, 0x21, 0x01, 0x60, 0x41, 0x60, 0x80, 0x6C, 0x9F, 0xF7, 0x0C, 0xFB
	.byte 0x00, 0x25, 0x41, 0x46, 0x08, 0x68, 0x20, 0x18, 0x50, 0x30, 0x77, 0x1C, 0x00, 0x78, 0x85, 0x42
	.byte 0x11, 0xD2, 0x12, 0x4E, 0x30, 0x68, 0x20, 0x18, 0xA9, 0x00, 0x08, 0x30, 0x40, 0x18, 0x00, 0x68
	.byte 0x9F, 0xF7, 0x52, 0xF9, 0x68, 0x1C, 0x00, 0x06, 0x05, 0x0E, 0x30, 0x68, 0x20, 0x18, 0x50, 0x30
	.byte 0x00, 0x78, 0x85, 0x42, 0xEE, 0xD3, 0x38, 0x06, 0x06, 0x0E, 0x07, 0x48, 0x00, 0x78, 0x86, 0x42
	.byte 0xD3, 0xD3, 0x00, 0x20, 0x49, 0x46, 0x08, 0x70, 0x38, 0xBC, 0x98, 0x46, 0xA1, 0x46, 0xAA, 0x46
	.byte 0xF0, 0xBC, 0x01, 0xBC, 0x00, 0x47, 0x00, 0x00, 0x90, 0x4A, 0x03, 0x02, 0x80, 0x4A, 0x03, 0x02
	.byte 0x10, 0xB5, 0xFF, 0xF7, 0xB3, 0xFF, 0x05, 0x4C, 0x20, 0x68, 0x00, 0x28, 0x01, 0xD0, 0x9D, 0xF7
	.byte 0xAD, 0xF9, 0x00, 0x20, 0x20, 0x60, 0x10, 0xBC, 0x01, 0xBC, 0x00, 0x47, 0x80, 0x4A, 0x03, 0x02
	.byte 0xF0, 0xB5, 0x4F, 0x46, 0x46, 0x46, 0xC0, 0xB4, 0x07, 0x1C, 0x1A, 0x4C, 0x84, 0x20, 0x00, 0x01
	.byte 0x9D, 0xF7, 0x46, 0xF9, 0x20, 0x60, 0x18, 0x49, 0x00, 0x20, 0x08, 0x70, 0x00, 0x26, 0x25, 0x1C
	.byte 0x58, 0x20, 0x80, 0x46, 0x00, 0x24, 0x28, 0x68, 0x41, 0x46, 0x71, 0x43, 0x08, 0x18, 0x04, 0x60
	.byte 0x44, 0x60, 0x84, 0x64, 0x50, 0x30, 0x04, 0x70, 0x28, 0x68, 0x08, 0x18, 0x52, 0x30, 0x04, 0x70
	.byte 0x28, 0x68, 0x08, 0x18, 0x53, 0x30, 0x04, 0x70, 0x00, 0x22, 0x70, 0x1C, 0x81, 0x46, 0x0B, 0x1C
	.byte 0x28, 0x68, 0x18, 0x18, 0x91, 0x00, 0x08, 0x30, 0x40, 0x18, 0x04, 0x60, 0x50, 0x1C, 0x00, 0x06
	.byte 0x02, 0x0E, 0x0F, 0x2A, 0xF4, 0xD9, 0x01, 0x2F, 0x10, 0xD0, 0x01, 0x2F, 0x06, 0xDC, 0x00, 0x2F
	.byte 0x07, 0xD0, 0x18, 0xE0, 0x80, 0x4A, 0x03, 0x02, 0x90, 0x4A, 0x03, 0x02, 0x02, 0x2F, 0x09, 0xD0
	.byte 0x11, 0xE0, 0x01, 0x48, 0x07, 0xE0, 0x00, 0x00, 0x18, 0x47, 0x61, 0x09, 0x00, 0x48, 0x02, 0xE0
	.byte 0x38, 0x47, 0x61, 0x09, 0x0B, 0x48, 0x20, 0x21, 0x9F, 0xF7, 0x80, 0xF9, 0x2A, 0x68, 0x41, 0x46
	.byte 0x71, 0x43, 0x89, 0x18, 0x88, 0x64, 0x49, 0x46, 0x08, 0x06, 0x06, 0x0E, 0x17, 0x2E, 0xBA, 0xD9
	.byte 0x05, 0x48, 0x00, 0x68, 0x80, 0x6C, 0x18, 0xBC, 0x98, 0x46, 0xA1, 0x46, 0xF0, 0xBC, 0x02, 0xBC
	.byte 0x08, 0x47, 0x00, 0x00, 0x58, 0x47, 0x61, 0x09, 0x80, 0x4A, 0x03, 0x02, 0xF0, 0xB5, 0x57, 0x46
	.byte 0x4E, 0x46, 0x45, 0x46, 0xE0, 0xB4, 0x82, 0xB0, 0x04, 0x1C, 0x88, 0x46, 0x92, 0x46, 0x0A, 0x98
	.byte 0x1B, 0x06, 0x1B, 0x0E, 0x00, 0x93, 0x00, 0x06, 0x03, 0x0E, 0x00, 0x26, 0x00, 0x20, 0x01, 0x90
	.byte 0x81, 0x46, 0x00, 0x99, 0x17, 0x29, 0x00, 0xD9, 0xAB, 0xE3, 0x25, 0x48, 0x02, 0x68, 0x07, 0x1C
	.byte 0x00, 0x2A, 0x00, 0xD1, 0xA5, 0xE3, 0x58, 0x20, 0x0D, 0x1C, 0x29, 0x1C, 0x41, 0x43, 0x88, 0x18
	.byte 0x04, 0x60, 0x42, 0x46, 0x42, 0x60, 0x51, 0x30, 0x01, 0x22, 0x02, 0x70, 0x38, 0x68, 0x08, 0x18
	.byte 0x52, 0x30, 0x02, 0x70, 0x38, 0x68, 0x08, 0x18, 0x53, 0x30, 0x6C, 0x46, 0x24, 0x79, 0x04, 0x70
	.byte 0x38, 0x68, 0x09, 0x18, 0x54, 0x31, 0x0B, 0x70, 0x55, 0x46, 0x28, 0x88, 0x00, 0x28, 0x00, 0xD1
	.byte 0x5C, 0xE3, 0x50, 0x46, 0x01, 0x88, 0x08, 0x0A, 0x09, 0x02, 0x08, 0x43, 0x00, 0x04, 0x01, 0x0C
	.byte 0x04, 0x22, 0x92, 0x44, 0xFF, 0x22, 0x12, 0x02, 0x0A, 0x40, 0x8E, 0x20, 0x00, 0x02, 0x82, 0x42
	.byte 0x00, 0xD1, 0x2B, 0xE2, 0x82, 0x42, 0x38, 0xDC, 0x89, 0x20, 0x00, 0x02, 0x82, 0x42, 0x00, 0xD1
	.byte 0xC5, 0xE1, 0x82, 0x42, 0x19, 0xDC, 0x82, 0x20, 0x00, 0x02, 0x82, 0x42, 0x00, 0xD1, 0x67, 0xE1
	.byte 0x82, 0x42, 0x07, 0xDC, 0x81, 0x20, 0x00, 0x02, 0x82, 0x42, 0x5D, 0xD0, 0xED, 0xE2, 0x00, 0x00
	.byte 0x80, 0x4A, 0x03, 0x02, 0x83, 0x20, 0x00, 0x02, 0x82, 0x42, 0x00, 0xD1, 0x8C, 0xE1, 0x88, 0x20
	.byte 0x00, 0x02, 0x82, 0x42, 0x00, 0xD1, 0xA3, 0xE1, 0xDF, 0xE2, 0x8B, 0x20, 0x00, 0x02, 0x82, 0x42
	.byte 0x00, 0xD1, 0xC5, 0xE1, 0x82, 0x42, 0x05, 0xDC, 0x8A, 0x20, 0x00, 0x02, 0x82, 0x42, 0x00, 0xD1
	.byte 0xB3, 0xE1, 0xD2, 0xE2, 0x8C, 0x20, 0x00, 0x02, 0x82, 0x42, 0x00, 0xD1, 0xCA, 0xE1, 0x8D, 0x20
	.byte 0x00, 0x02, 0x82, 0x42, 0x00, 0xD1, 0xDF, 0xE1, 0xC7, 0xE2, 0x93, 0x20, 0x00, 0x02, 0x82, 0x42
	.byte 0x00, 0xD1, 0x6B, 0xE2, 0x82, 0x42, 0x17, 0xDC, 0x90, 0x20, 0x00, 0x02, 0x82, 0x42, 0x00, 0xD1
	.byte 0x26, 0xE2, 0x82, 0x42, 0x05, 0xDC, 0x8F, 0x20, 0x00, 0x02, 0x82, 0x42, 0x00, 0xD1, 0x09, 0xE2
	.byte 0xB3, 0xE2, 0x91, 0x20, 0x00, 0x02, 0x82, 0x42, 0x00, 0xD1, 0x2B, 0xE2, 0x92, 0x20, 0x00, 0x02
	.byte 0x82, 0x42, 0x00, 0xD1, 0x38, 0xE2, 0xA8, 0xE2, 0x95, 0x20, 0x00, 0x02, 0x82, 0x42, 0x00, 0xD1
	.byte 0x5C, 0xE2, 0x82, 0x42, 0x05, 0xDC, 0x94, 0x20, 0x00, 0x02, 0x82, 0x42, 0x00, 0xD1, 0x4B, 0xE2
	.byte 0x9B, 0xE2, 0x96, 0x20, 0x00, 0x02, 0x82, 0x42, 0x00, 0xD1, 0x5A, 0xE2, 0x97, 0x20, 0x00, 0x02
	.byte 0x82, 0x42, 0x00, 0xD1, 0x6F, 0xE2, 0x90, 0xE2, 0xFF, 0x20, 0x01, 0x40, 0x08, 0x1C, 0x40, 0x38
	.byte 0x69, 0x28, 0x00, 0xD9, 0x8A, 0xE2, 0x80, 0x00, 0x01, 0x49, 0x40, 0x18, 0x00, 0x68, 0x87, 0x46
	.byte 0xDC, 0x38, 0x06, 0x08, 0xE2, 0x3D, 0x06, 0x08, 0x84, 0x3A, 0x06, 0x08, 0x88, 0x3A, 0x06, 0x08
	.byte 0xE4, 0x3D, 0x06, 0x08, 0xE4, 0x3D, 0x06, 0x08, 0x8C, 0x3A, 0x06, 0x08, 0xE4, 0x3D, 0x06, 0x08
	.byte 0xE4, 0x3D, 0x06, 0x08, 0x90, 0x3A, 0x06, 0x08, 0x94, 0x3A, 0x06, 0x08, 0xE4, 0x3D, 0x06, 0x08
	.byte 0xE4, 0x3D, 0x06, 0x08, 0xE4, 0x3D, 0x06, 0x08, 0xE4, 0x3D, 0x06, 0x08, 0xE4, 0x3D, 0x06, 0x08
	.byte 0xE4, 0x3D, 0x06, 0x08, 0xE4, 0x3D, 0x06, 0x08, 0xE4, 0x3D, 0x06, 0x08, 0xE4, 0x3D, 0x06, 0x08
	.byte 0xE4, 0x3D, 0x06, 0x08, 0xE4, 0x3D, 0x06, 0x08, 0xE4, 0x3D, 0x06, 0x08, 0xE4, 0x3D, 0x06, 0x08
	.byte 0xE4, 0x3D, 0x06, 0x08, 0xE4, 0x3D, 0x06, 0x08, 0xE4, 0x3D, 0x06, 0x08, 0xE4, 0x3D, 0x06, 0x08
	.byte 0x98, 0x3A, 0x06, 0x08, 0x9C, 0x3A, 0x06, 0x08, 0xE4, 0x3D, 0x06, 0x08, 0xE4, 0x3D, 0x06, 0x08
	.byte 0xE4, 0x3D, 0x06, 0x08, 0xA0, 0x3A, 0x06, 0x08, 0xE4, 0x3D, 0x06, 0x08, 0xE4, 0x3D, 0x06, 0x08
	.byte 0xA4, 0x3A, 0x06, 0x08, 0xE4, 0x3D, 0x06, 0x08, 0xE4, 0x3D, 0x06, 0x08, 0xE4, 0x3D, 0x06, 0x08
	.byte 0xE4, 0x3D, 0x06, 0x08, 0xE4, 0x3D, 0x06, 0x08, 0xB8, 0x3A, 0x06, 0x08, 0xBC, 0x3A, 0x06, 0x08
	.byte 0xE4, 0x3D, 0x06, 0x08, 0xE4, 0x3D, 0x06, 0x08, 0xE4, 0x3D, 0x06, 0x08, 0xE4, 0x3D, 0x06, 0x08
	.byte 0xE4, 0x3D, 0x06, 0x08, 0xE4, 0x3D, 0x06, 0x08, 0xE4, 0x3D, 0x06, 0x08, 0xE4, 0x3D, 0x06, 0x08
	.byte 0xE4, 0x3D, 0x06, 0x08, 0xE4, 0x3D, 0x06, 0x08, 0xA8, 0x3A, 0x06, 0x08, 0xAC, 0x3A, 0x06, 0x08
	.byte 0xB0, 0x3A, 0x06, 0x08, 0xB4, 0x3A, 0x06, 0x08, 0xE4, 0x3D, 0x06, 0x08, 0xE4, 0x3D, 0x06, 0x08
	.byte 0xE4, 0x3D, 0x06, 0x08, 0xE4, 0x3D, 0x06, 0x08, 0xE4, 0x3D, 0x06, 0x08, 0xE4, 0x3D, 0x06, 0x08
	.byte 0xE4, 0x3D, 0x06, 0x08, 0xE4, 0x3D, 0x06, 0x08, 0xE4, 0x3D, 0x06, 0x08, 0xE4, 0x3D, 0x06, 0x08
	.byte 0xE4, 0x3D, 0x06, 0x08, 0xE4, 0x3D, 0x06, 0x08, 0xE4, 0x3D, 0x06, 0x08, 0xE4, 0x3D, 0x06, 0x08
	.byte 0xE4, 0x3D, 0x06, 0x08, 0xE4, 0x3D, 0x06, 0x08, 0xE4, 0x3D, 0x06, 0x08, 0xE4, 0x3D, 0x06, 0x08
	.byte 0xE4, 0x3D, 0x06, 0x08, 0xE4, 0x3D, 0x06, 0x08, 0xE4, 0x3D, 0x06, 0x08, 0xE4, 0x3D, 0x06, 0x08
	.byte 0xE4, 0x3D, 0x06, 0x08, 0xE4, 0x3D, 0x06, 0x08, 0xE4, 0x3D, 0x06, 0x08, 0xE4, 0x3D, 0x06, 0x08
	.byte 0xE4, 0x3D, 0x06, 0x08, 0xE4, 0x3D, 0x06, 0x08, 0xE4, 0x3D, 0x06, 0x08, 0xE4, 0x3D, 0x06, 0x08
	.byte 0xE4, 0x3D, 0x06, 0x08, 0xE4, 0x3D, 0x06, 0x08, 0xE4, 0x3D, 0x06, 0x08, 0xE4, 0x3D, 0x06, 0x08
	.byte 0xE4, 0x3D, 0x06, 0x08, 0xE4, 0x3D, 0x06, 0x08, 0xE4, 0x3D, 0x06, 0x08, 0xE4, 0x3D, 0x06, 0x08
	.byte 0xE4, 0x3D, 0x06, 0x08, 0xE4, 0x3D, 0x06, 0x08, 0xE4, 0x3D, 0x06, 0x08, 0xE4, 0x3D, 0x06, 0x08
	.byte 0xE4, 0x3D, 0x06, 0x08, 0xE4, 0x3D, 0x06, 0x08, 0xE4, 0x3D, 0x06, 0x08, 0xE4, 0x3D, 0x06, 0x08
	.byte 0xE4, 0x3D, 0x06, 0x08, 0xC0, 0x3A, 0x06, 0x08, 0xC4, 0x3A, 0x06, 0x08, 0xF5, 0x26, 0xAD, 0xE1
	.byte 0xF6, 0x26, 0xAB, 0xE1, 0xF9, 0x26, 0xA9, 0xE1, 0xF1, 0x26, 0xA7, 0xE1, 0xF0, 0x26, 0xA5, 0xE1
	.byte 0xFD, 0x26, 0xA3, 0xE1, 0xFC, 0x26, 0xA1, 0xE1, 0xFE, 0x26, 0x9F, 0xE1, 0xFB, 0x26, 0x9D, 0xE1
	.byte 0xE8, 0x26, 0x9B, 0xE1, 0xE9, 0x26, 0x99, 0xE1, 0xEA, 0x26, 0x97, 0xE1, 0xEB, 0x26, 0x95, 0xE1
	.byte 0xEC, 0x26, 0x93, 0xE1, 0xED, 0x26, 0x91, 0xE1, 0xE7, 0x26, 0x8F, 0xE1, 0xE6, 0x26, 0x8D, 0xE1
	.byte 0xFF, 0x22, 0x0A, 0x40, 0x10, 0x1C, 0x60, 0x38, 0x00, 0x04, 0x00, 0x0C, 0x19, 0x28, 0x03, 0xD8
	.byte 0x11, 0x4B, 0xC8, 0x18, 0x00, 0x04, 0x06, 0x0C, 0x10, 0x1C, 0x81, 0x38, 0x00, 0x04, 0x00, 0x0C
	.byte 0x19, 0x28, 0x03, 0xD8, 0x0D, 0x4C, 0x08, 0x19, 0x00, 0x04, 0x06, 0x0C, 0x10, 0x1C, 0x4F, 0x38
	.byte 0x00, 0x04, 0x00, 0x0C, 0x09, 0x28, 0x03, 0xD8, 0x09, 0x4D, 0x48, 0x19, 0x00, 0x04, 0x06, 0x0C
	.byte 0x10, 0x1C, 0x9F, 0x38, 0x00, 0x04, 0x00, 0x0C, 0x52, 0x28, 0x00, 0xD9, 0x66, 0xE1, 0x05, 0x4A
	.byte 0x88, 0x18, 0x00, 0x04, 0x06, 0x0C, 0x61, 0xE1, 0xAB, 0x7D, 0x00, 0x00, 0xA4, 0x7D, 0x00, 0x00
	.byte 0xB2, 0x7D, 0x00, 0x00, 0xA0, 0x7D, 0x00, 0x00, 0xFF, 0x22, 0x0A, 0x40, 0x10, 0x1C, 0x40, 0x38
	.byte 0x00, 0x04, 0x00, 0x0C, 0x3E, 0x28, 0x03, 0xD8, 0x07, 0x4B, 0xC8, 0x18, 0x00, 0x04, 0x06, 0x0C
	.byte 0x10, 0x1C, 0x80, 0x38, 0x00, 0x04, 0x00, 0x0C, 0x14, 0x28, 0x00, 0xD9, 0x46, 0xE1, 0x03, 0x4C
	.byte 0x08, 0x19, 0x00, 0x04, 0x06, 0x0C, 0x41, 0xE1, 0x52, 0x7D, 0x00, 0x00, 0x51, 0x7D, 0x00, 0x00
	.byte 0xFF, 0x20, 0x01, 0x40, 0xC5, 0x29, 0x00, 0xD0, 0x35, 0xE1, 0x09, 0x26, 0x33, 0xE1, 0xFF, 0x20
	.byte 0x08, 0x40, 0xA4, 0x28, 0x0B, 0xD0, 0xA4, 0x28, 0x02, 0xDC, 0x9C, 0x28, 0x05, 0xD0, 0x2A, 0xE1
	.byte 0xAF, 0x28, 0x06, 0xD0, 0xBD, 0x28, 0x06, 0xD0, 0x25, 0xE1, 0x04, 0x26, 0x23, 0xE1, 0x31, 0x26
	.byte 0x21, 0xE1, 0x1A, 0x26, 0x1F, 0xE1, 0x2F, 0x26, 0x1D, 0xE1, 0xFF, 0x20, 0x08, 0x40, 0x4F, 0x28
	.byte 0x02, 0xD0, 0x6D, 0x28, 0x02, 0xD0, 0x16, 0xE1, 0x08, 0x26, 0x14, 0xE1, 0x11, 0x26, 0x12, 0xE1
	.byte 0xFF, 0x20, 0x08, 0x40, 0x43, 0x28, 0x09, 0xD0, 0x43, 0x28, 0x02, 0xDC, 0x41, 0x28, 0x03, 0xD0
	.byte 0x09, 0xE1, 0x4C, 0x28, 0x04, 0xD0, 0x06, 0xE1, 0x1E, 0x26, 0x04, 0xE1, 0x26, 0x26, 0x02, 0xE1
	.byte 0x19, 0x26, 0x00, 0xE1, 0xFF, 0x20, 0x08, 0x40, 0xA9, 0x28, 0x13, 0xD0, 0xA9, 0x28, 0x04, 0xDC
	.byte 0x4E, 0x28, 0x07, 0xD0, 0x78, 0x28, 0x07, 0xD0, 0xF5, 0xE0, 0xAB, 0x28, 0x08, 0xD0, 0xF5, 0x28
	.byte 0x04, 0xD0, 0xF0, 0xE0, 0x06, 0x26, 0xEE, 0xE0, 0x16, 0x26, 0xEC, 0xE0, 0x0B, 0x26, 0xEA, 0xE0
	.byte 0x37, 0x26, 0xE8, 0xE0, 0x0C, 0x26, 0xE6, 0xE0, 0xFF, 0x20, 0x08, 0x40, 0x90, 0x28, 0x09, 0xD0
	.byte 0x90, 0x28, 0x02, 0xDC, 0x73, 0x28, 0x03, 0xD0, 0xDD, 0xE0, 0xDF, 0x28, 0x04, 0xD0, 0xDA, 0xE0
	.byte 0x1F, 0x26, 0xD8, 0xE0, 0x17, 0x26, 0xD6, 0xE0, 0x2E, 0x26, 0xD4, 0xE0, 0xFF, 0x20, 0x08, 0x40
	.byte 0xA1, 0x28, 0x1F, 0xD0, 0xA1, 0x28, 0x09, 0xDC, 0x84, 0x28, 0x17, 0xD0, 0x84, 0x28, 0x02, 0xDC
	.byte 0x76, 0x28, 0x11, 0xD0, 0xC7, 0xE0, 0x9E, 0x28, 0x12, 0xD0, 0xC4, 0xE0, 0xB8, 0x28, 0x09, 0xD0
	.byte 0xB8, 0x28, 0x02, 0xDC, 0xA9, 0x28, 0x0F, 0xD0, 0xBD, 0xE0, 0xD2, 0x28, 0x0E, 0xD0, 0xD7, 0x28
	.byte 0x0E, 0xD0, 0xB8, 0xE0, 0x0D, 0x26, 0xB6, 0xE0, 0x1C, 0x26, 0xB4, 0xE0, 0x2C, 0x26, 0xB2, 0xE0
	.byte 0x1B, 0x26, 0xB0, 0xE0, 0x36, 0x26, 0xAE, 0xE0, 0x0F, 0x26, 0xAC, 0xE0, 0x15, 0x26, 0xAA, 0xE0
	.byte 0x12, 0x26, 0xA8, 0xE0, 0xFF, 0x20, 0x08, 0x40, 0x8A, 0x28, 0x0B, 0xD0, 0x8A, 0x28, 0x02, 0xDC
	.byte 0x6F, 0x28, 0x05, 0xD0, 0x9F, 0xE0, 0x97, 0x28, 0x06, 0xD0, 0xEA, 0x28, 0x06, 0xD0, 0x9A, 0xE0
	.byte 0x1D, 0x26, 0x98, 0xE0, 0x21, 0x26, 0x96, 0xE0, 0x30, 0x26, 0x94, 0xE0, 0x20, 0x26, 0x92, 0xE0
	.byte 0xFF, 0x20, 0x08, 0x40, 0x6C, 0x28, 0x0B, 0xD0, 0x6C, 0x28, 0x02, 0xDC, 0x53, 0x28, 0x03, 0xD0
	.byte 0x89, 0xE0, 0xD8, 0x28, 0x02, 0xD0, 0x86, 0xE0, 0x03, 0x26, 0x84, 0xE0, 0x01, 0x26, 0x82, 0xE0
	.byte 0x2B, 0x26, 0x80, 0xE0, 0xFF, 0x20, 0x08, 0x40, 0xDE, 0x28, 0x07, 0xD0, 0xDE, 0x28, 0x02, 0xDC
	.byte 0x7A, 0x28, 0x07, 0xD0, 0x77, 0xE0, 0xE5, 0x28, 0x02, 0xD0, 0x74, 0xE0, 0x35, 0x26, 0x72, 0xE0
	.byte 0x00, 0x26, 0x70, 0xE0, 0x02, 0x26, 0x6E, 0xE0, 0xFF, 0x20, 0x08, 0x40, 0x4E, 0x28, 0x0F, 0xD0
	.byte 0x4E, 0x28, 0x04, 0xDC, 0x40, 0x28, 0x07, 0xD0, 0x42, 0x28, 0x07, 0xD0, 0x63, 0xE0, 0x6D, 0x28
	.byte 0x08, 0xD0, 0x86, 0x28, 0x08, 0xD0, 0x5E, 0xE0, 0x27, 0x26, 0x5C, 0xE0, 0x23, 0x26, 0x5A, 0xE0
	.byte 0x28, 0x26, 0x58, 0xE0, 0x0E, 0x26, 0x56, 0xE0, 0x0A, 0x26, 0x54, 0xE0, 0xFF, 0x20, 0x01, 0x40
	.byte 0x90, 0x29, 0x50, 0xD1, 0x2D, 0x26, 0x4E, 0xE0, 0xFF, 0x20, 0x08, 0x40, 0xC6, 0x28, 0x03, 0xD0
	.byte 0xDE, 0x28, 0x48, 0xD1, 0x29, 0x26, 0x46, 0xE0, 0x2A, 0x26, 0x44, 0xE0, 0xFF, 0x20, 0x08, 0x40
	.byte 0x7C, 0x28, 0x02, 0xD0, 0xAA, 0x28, 0x02, 0xD0, 0x3D, 0xE0, 0x25, 0x26, 0x3B, 0xE0, 0x10, 0x26
	.byte 0x39, 0xE0, 0xFF, 0x20, 0x08, 0x40, 0x82, 0x28, 0x0F, 0xD0, 0x82, 0x28, 0x04, 0xDC, 0x59, 0x28
	.byte 0x07, 0xD0, 0x6C, 0x28, 0x07, 0xD0, 0x2E, 0xE0, 0xB0, 0x28, 0x0A, 0xD0, 0xBD, 0x28, 0x06, 0xD0
	.byte 0x29, 0xE0, 0x05, 0x26, 0x27, 0xE0, 0x24, 0x26, 0x25, 0xE0, 0x13, 0x26, 0x23, 0xE0, 0x33, 0x26
	.byte 0x21, 0xE0, 0x18, 0x26, 0x1F, 0xE0, 0xFF, 0x20, 0x08, 0x40, 0x6C, 0x28, 0x14, 0xD0, 0x6C, 0x28
	.byte 0x04, 0xDC, 0x45, 0x28, 0x0C, 0xD0, 0x46, 0x28, 0x0C, 0xD0, 0x14, 0xE0, 0xDF, 0x28, 0x0F, 0xD0
	.byte 0xDF, 0x28, 0x02, 0xDC, 0x88, 0x28, 0x09, 0xD0, 0x0D, 0xE0, 0xE1, 0x28, 0x0A, 0xD0, 0x0A, 0xE0
	.byte 0x14, 0x26, 0x08, 0xE0, 0x22, 0x26, 0x06, 0xE0, 0x32, 0x26, 0x04, 0xE0, 0x38, 0x26, 0x02, 0xE0
	.byte 0x34, 0x26, 0x00, 0xE0, 0x07, 0x26, 0x01, 0x27, 0x01, 0xE0, 0x00, 0x26, 0x00, 0x27, 0x0D, 0x4D
	.byte 0xA8, 0x46, 0x28, 0x68, 0x58, 0x21, 0x00, 0x9A, 0x14, 0x1C, 0x4C, 0x43, 0x20, 0x18, 0x4B, 0x46
	.byte 0x9D, 0x00, 0x08, 0x30, 0x40, 0x19, 0x00, 0x68, 0x00, 0x28, 0x01, 0xD0, 0x9E, 0xF7, 0x5C, 0xFD
	.byte 0x05, 0x48, 0xB1, 0x00, 0x09, 0x18, 0x08, 0x68, 0xC6, 0x88, 0x00, 0x2F, 0x06, 0xD0, 0x01, 0x2F
	.byte 0x10, 0xD0, 0x1B, 0xE0, 0x80, 0x4A, 0x03, 0x02, 0x04, 0xB2, 0xEE, 0x09, 0x70, 0x01, 0x04, 0x49
	.byte 0x40, 0x18, 0x80, 0x21, 0x9E, 0xF7, 0x3A, 0xFC, 0x42, 0x46, 0x11, 0x68, 0x0A, 0xE0, 0x00, 0x00
	.byte 0xB2, 0xB5, 0x0A, 0x09, 0x70, 0x01, 0x27, 0x49, 0x40, 0x18, 0x80, 0x21, 0x9E, 0xF7, 0x2E, 0xFC
	.byte 0x43, 0x46, 0x19, 0x68, 0x61, 0x18, 0x08, 0x31, 0x49, 0x19, 0x08, 0x60, 0x48, 0x46, 0x01, 0x30
	.byte 0x00, 0x06, 0x00, 0x0E, 0x81, 0x46, 0x01, 0x98, 0x01, 0x30, 0x00, 0x06, 0x00, 0x0E, 0x01, 0x90
	.byte 0x54, 0x46, 0x20, 0x88, 0x1C, 0x4F, 0x00, 0x28, 0x00, 0xD0, 0xA2, 0xE4, 0x01, 0x9D, 0xA9, 0x46
	.byte 0x0F, 0x2D, 0x1D, 0xD8, 0x18, 0x4E, 0x58, 0x20, 0x00, 0x99, 0x0D, 0x1C, 0x45, 0x43, 0x37, 0x1C
	.byte 0x30, 0x68, 0x28, 0x18, 0x4A, 0x46, 0x94, 0x00, 0x08, 0x30, 0x00, 0x19, 0x00, 0x68, 0x00, 0x28
	.byte 0x07, 0xD0, 0x9E, 0xF7, 0x11, 0xFD, 0x30, 0x68, 0x28, 0x18, 0x08, 0x30, 0x00, 0x19, 0x00, 0x21
	.byte 0x01, 0x60, 0x48, 0x46, 0x01, 0x30, 0x00, 0x06, 0x00, 0x0E, 0x81, 0x46, 0x0F, 0x28, 0xE7, 0xD9
	.byte 0x39, 0x68, 0x58, 0x20, 0x00, 0x9B, 0x58, 0x43, 0x40, 0x18, 0x50, 0x30, 0x6C, 0x46, 0x24, 0x79
	.byte 0x04, 0x70, 0x02, 0xB0, 0x38, 0xBC, 0x98, 0x46, 0xA1, 0x46, 0xAA, 0x46, 0xF0, 0xBC, 0x01, 0xBC
	.byte 0x00, 0x47, 0x00, 0x00, 0xBE, 0x3F, 0x0B, 0x09, 0x80, 0x4A, 0x03, 0x02, 0x70, 0xB5, 0x56, 0x46
	.byte 0x4D, 0x46, 0x44, 0x46, 0x70, 0xB4, 0x83, 0xB0, 0x81, 0x46, 0x8A, 0x46, 0x14, 0x1C, 0x0A, 0x9E
	.byte 0x24, 0x06, 0x24, 0x0E, 0x1B, 0x06, 0x1B, 0x0E, 0x36, 0x06, 0x36, 0x0E, 0x01, 0xA9, 0x00, 0x20
	.byte 0x80, 0x46, 0x78, 0x20, 0x08, 0x70, 0x0D, 0x1C, 0x20, 0x1C, 0x0A, 0x21, 0x02, 0x93, 0xB9, 0xF0
	.byte 0x1D, 0xFC, 0x68, 0x70, 0x01, 0xAA, 0x10, 0x1C, 0x41, 0x78, 0x88, 0x00, 0x40, 0x18, 0x40, 0x00
	.byte 0x24, 0x1A, 0x94, 0x70, 0x10, 0x1C, 0x41, 0x46, 0xC1, 0x70, 0x01, 0x1C, 0x40, 0x78, 0x30, 0x30
	.byte 0x48, 0x70, 0x08, 0x1C, 0x80, 0x78, 0x30, 0x30, 0x88, 0x70, 0x00, 0x96, 0x48, 0x46, 0x51, 0x46
	.byte 0x02, 0x9B, 0x00, 0xF0, 0x09, 0xF8, 0x03, 0xB0, 0x38, 0xBC, 0x98, 0x46, 0xA1, 0x46, 0xAA, 0x46
	.byte 0x70, 0xBC, 0x01, 0xBC, 0x00, 0x47, 0x00, 0x00, 0xF0, 0xB5, 0x57, 0x46, 0x4E, 0x46, 0x45, 0x46
	.byte 0xE0, 0xB4, 0x83, 0xB0, 0x05, 0x1C, 0x00, 0x92, 0x0B, 0x98, 0x1B, 0x06, 0x1B, 0x0E, 0x9A, 0x46
	.byte 0x00, 0x06, 0x06, 0x0E, 0x00, 0x20, 0x80, 0x46, 0x17, 0x2B, 0x00, 0xD9, 0x9D, 0xE0, 0x53, 0x4C
	.byte 0x23, 0x68, 0x00, 0x2B, 0x00, 0xD1, 0x98, 0xE0, 0x58, 0x20, 0x52, 0x46, 0x42, 0x43, 0xD0, 0x18
	.byte 0x05, 0x60, 0x41, 0x60, 0x51, 0x30, 0x02, 0x21, 0x01, 0x70, 0x20, 0x68, 0x10, 0x18, 0x52, 0x30
	.byte 0x01, 0x21, 0x01, 0x70, 0x20, 0x68, 0x12, 0x18, 0x54, 0x32, 0x16, 0x70, 0x00, 0x98, 0x39, 0xF0
	.byte 0x63, 0xF9, 0x00, 0x06, 0x07, 0x0E, 0x0F, 0x2F, 0x00, 0xD9, 0x10, 0x27, 0x00, 0x22, 0x00, 0x26
	.byte 0x01, 0x97, 0xBE, 0x42, 0x51, 0xD2, 0x00, 0x99, 0x88, 0x18, 0x01, 0x78, 0x08, 0x1C, 0x30, 0x38
	.byte 0x00, 0x06, 0x00, 0x0E, 0x09, 0x28, 0x04, 0xD8, 0x08, 0x1C, 0xD1, 0x30, 0x00, 0x06, 0x00, 0x0E
	.byte 0x80, 0x46, 0x08, 0x1C, 0x41, 0x38, 0x00, 0x06, 0x00, 0x0E, 0x19, 0x28, 0x04, 0xD8, 0x08, 0x1C
	.byte 0xCA, 0x30, 0x00, 0x06, 0x00, 0x0E, 0x80, 0x46, 0x08, 0x1C, 0x61, 0x38, 0x00, 0x06, 0x00, 0x0E
	.byte 0x19, 0x28, 0x04, 0xD8, 0x08, 0x1C, 0xC4, 0x30, 0x00, 0x06, 0x00, 0x0E, 0x80, 0x46, 0x2F, 0x4B
	.byte 0x99, 0x46, 0x18, 0x68, 0x58, 0x21, 0x54, 0x46, 0x4C, 0x43, 0x20, 0x18, 0xB5, 0x00, 0x08, 0x30
	.byte 0x40, 0x19, 0x00, 0x68, 0x00, 0x28, 0x03, 0xD0, 0x02, 0x92, 0x9E, 0xF7, 0x45, 0xFC, 0x02, 0x9A
	.byte 0x27, 0x49, 0x43, 0x46, 0x98, 0x00, 0x40, 0x18, 0x00, 0x68, 0x80, 0x79, 0x80, 0x46, 0x40, 0x01
	.byte 0x24, 0x49, 0x40, 0x18, 0x80, 0x21, 0x02, 0x92, 0x9E, 0xF7, 0x28, 0xFB, 0x4B, 0x46, 0x19, 0x68
	.byte 0x61, 0x18, 0x08, 0x31, 0x49, 0x19, 0x08, 0x60, 0x70, 0x1C, 0x00, 0x06, 0x06, 0x0E, 0x02, 0x9A
	.byte 0x50, 0x1C, 0x00, 0x06, 0x02, 0x0E, 0xBA, 0x42, 0xAD, 0xD3, 0x01, 0x9F, 0x3E, 0x1C, 0x0F, 0x2F
	.byte 0x1A, 0xD8, 0x16, 0x4A, 0x58, 0x20, 0x55, 0x46, 0x45, 0x43, 0x10, 0x68, 0x28, 0x18, 0xB4, 0x00
	.byte 0x08, 0x30, 0x00, 0x19, 0x00, 0x68, 0x00, 0x28, 0x09, 0xD0, 0x02, 0x92, 0x9E, 0xF7, 0x14, 0xFC
	.byte 0x02, 0x9A, 0x10, 0x68, 0x28, 0x18, 0x08, 0x30, 0x00, 0x19, 0x00, 0x21, 0x01, 0x60, 0x70, 0x1C
	.byte 0x00, 0x06, 0x06, 0x0E, 0x0F, 0x2E, 0xE8, 0xD9, 0x08, 0x48, 0x01, 0x68, 0x58, 0x20, 0x52, 0x46
	.byte 0x42, 0x43, 0x10, 0x1C, 0x40, 0x18, 0x50, 0x30, 0x07, 0x70, 0x03, 0xB0, 0x38, 0xBC, 0x98, 0x46
	.byte 0xA1, 0x46, 0xAA, 0x46, 0xF0, 0xBC, 0x01, 0xBC, 0x00, 0x47, 0x00, 0x00, 0x80, 0x4A, 0x03, 0x02
	.byte 0x04, 0xB2, 0xEE, 0x09, 0xB2, 0xB5, 0x0A, 0x09, 0xF0, 0xB5, 0x57, 0x46, 0x4E, 0x46, 0x45, 0x46
	.byte 0xE0, 0xB4, 0x85, 0xB0, 0x00, 0x23, 0x0A, 0x49, 0x08, 0x68, 0x58, 0x22, 0x19, 0x1C, 0x51, 0x43
	.byte 0x09, 0x18, 0x08, 0x1C, 0x52, 0x30, 0x00, 0x78, 0x5F, 0x1C, 0xB9, 0x46, 0x01, 0x28, 0x50, 0xD1
	.byte 0x08, 0x1C, 0x54, 0x30, 0x00, 0x78, 0x00, 0x28, 0x04, 0xD1, 0x89, 0x6C, 0x03, 0xE0, 0x00, 0x00
	.byte 0x80, 0x4A, 0x03, 0x02, 0xC9, 0x6C, 0x8A, 0x46, 0x28, 0x49, 0x08, 0x68, 0x58, 0x22, 0x19, 0x1C
	.byte 0x51, 0x43, 0x08, 0x18, 0x07, 0x68, 0x04, 0x97, 0x42, 0x68, 0x00, 0x25, 0x00, 0x26, 0x50, 0x30
	.byte 0x01, 0x33, 0x99, 0x46, 0x00, 0x78, 0x86, 0x42, 0x33, 0xD2, 0x0C, 0x1C, 0x10, 0x12, 0x00, 0x04
	.byte 0x80, 0x46, 0x04, 0x99, 0x08, 0x12, 0x40, 0x19, 0x00, 0x04, 0x00, 0x14, 0x1C, 0x49, 0x0A, 0x68
	.byte 0x1A, 0x4B, 0x19, 0x68, 0x61, 0x18, 0xB3, 0x00, 0x08, 0x31, 0xC9, 0x18, 0x0B, 0x68, 0x57, 0x46
	.byte 0x00, 0x97, 0x00, 0x21, 0x01, 0x91, 0x02, 0x91, 0x32, 0x21, 0x03, 0x91, 0x47, 0x46, 0x39, 0x14
	.byte 0x9E, 0xF7, 0x32, 0xF9, 0x11, 0x49, 0x08, 0x68, 0x20, 0x18, 0x51, 0x30, 0x00, 0x78, 0x01, 0x28
	.byte 0x01, 0xD0, 0x02, 0x28, 0x03, 0xD1, 0x28, 0x1C, 0x0A, 0x30, 0x00, 0x06, 0x05, 0x0E, 0x70, 0x1C
	.byte 0x00, 0x06, 0x06, 0x0E, 0x09, 0x4A, 0x10, 0x68, 0x20, 0x18, 0x50, 0x30, 0x00, 0x78, 0x86, 0x42
	.byte 0xCF, 0xD3, 0x4B, 0x46, 0x18, 0x06, 0x03, 0x0E, 0x17, 0x2B, 0x9C, 0xD9, 0x05, 0xB0, 0x38, 0xBC
	.byte 0x98, 0x46, 0xA1, 0x46, 0xAA, 0x46, 0xF0, 0xBC, 0x01, 0xBC, 0x00, 0x47, 0x80, 0x4A, 0x03, 0x02
	.byte 0x04, 0xB2, 0xEE, 0x09, 0x00, 0x06, 0x00, 0x0E, 0x04, 0x49, 0x0A, 0x68, 0x58, 0x21, 0x48, 0x43
	.byte 0x80, 0x18, 0x52, 0x30, 0x00, 0x21, 0x01, 0x70, 0x70, 0x47, 0x00, 0x00, 0x80, 0x4A, 0x03, 0x02
	.byte 0x00, 0x06, 0x00, 0x0E, 0x06, 0x49, 0x0A, 0x68, 0x58, 0x21, 0x48, 0x43, 0x81, 0x18, 0x08, 0x1C
	.byte 0x50, 0x30, 0x00, 0x78, 0x00, 0x28, 0x02, 0xD0, 0x52, 0x31, 0x01, 0x20, 0x08, 0x70, 0x70, 0x47
	.byte 0x80, 0x4A, 0x03, 0x02, 0x10, 0xB5, 0x12, 0x06, 0x12, 0x0E, 0x05, 0x4B, 0x1C, 0x68, 0x58, 0x23
	.byte 0x5A, 0x43, 0x12, 0x19, 0x10, 0x60, 0x51, 0x60, 0x10, 0xBC, 0x01, 0xBC, 0x00, 0x47, 0x00, 0x00
	.byte 0x80, 0x4A, 0x03, 0x02, 0xF0, 0xB5, 0x4F, 0x46, 0x46, 0x46, 0xC0, 0xB4, 0x00, 0x25, 0x58, 0x20
	.byte 0x81, 0x46, 0x1A, 0x4F, 0x00, 0x24, 0x69, 0x1C, 0x88, 0x46, 0x4E, 0x46, 0x6E, 0x43, 0x38, 0x68
	.byte 0x30, 0x18, 0xA1, 0x00, 0x08, 0x30, 0x40, 0x18, 0x00, 0x68, 0x00, 0x28, 0x01, 0xD0, 0x9E, 0xF7
	.byte 0x33, 0xFB, 0x60, 0x1C, 0x00, 0x06, 0x04, 0x0E, 0x0F, 0x2C, 0xF0, 0xD9, 0x38, 0x68, 0x4C, 0x46
	.byte 0x6C, 0x43, 0x20, 0x18, 0x80, 0x6C, 0xC0, 0x88, 0x00, 0x21, 0xA2, 0xF7, 0x3F, 0xF8, 0x38, 0x68
	.byte 0x24, 0x18, 0xA0, 0x6C, 0x9E, 0xF7, 0xC8, 0xFC, 0x41, 0x46, 0x08, 0x06, 0x05, 0x0E, 0x17, 0x2D
	.byte 0xD8, 0xD9, 0x06, 0x4C, 0x20, 0x68, 0x9C, 0xF7, 0x99, 0xFB, 0x00, 0x20, 0x20, 0x60, 0x18, 0xBC
	.byte 0x98, 0x46, 0xA1, 0x46, 0xF0, 0xBC, 0x01, 0xBC, 0x00, 0x47, 0x00, 0x00, 0x80, 0x4A, 0x03, 0x02
	.byte 0xF0, 0xB5, 0x00, 0x06, 0x07, 0x0E, 0x38, 0x1C, 0xA0, 0xF7, 0x3E, 0xFF, 0x38, 0x1C, 0xA0, 0xF7
	.byte 0x49, 0xFF, 0x1D, 0x4C, 0xC8, 0x20, 0x40, 0x00, 0x9C, 0xF7, 0x2A, 0xFB, 0x20, 0x60, 0x00, 0x25
	.byte 0x00, 0x26, 0x1A, 0x48, 0x84, 0x46, 0x20, 0x68, 0xAA, 0x00, 0x52, 0x19, 0xD2, 0x00, 0x10, 0x18
	.byte 0x06, 0x70, 0x20, 0x68, 0x10, 0x18, 0x46, 0x70, 0x20, 0x68, 0x10, 0x18, 0x22, 0x30, 0x06, 0x70
	.byte 0x20, 0x68, 0x10, 0x18, 0x24, 0x30, 0x07, 0x70, 0x20, 0x68, 0x10, 0x18, 0x23, 0x30, 0x10, 0x21
	.byte 0x01, 0x70, 0x20, 0x68, 0x10, 0x18, 0x25, 0x30, 0x06, 0x70, 0x00, 0x23, 0x01, 0x35, 0x20, 0x68
	.byte 0x10, 0x18, 0x59, 0x00, 0x02, 0x30, 0x40, 0x18, 0x06, 0x80, 0x58, 0x1C, 0x00, 0x06, 0x03, 0x0E
	.byte 0x0F, 0x2B, 0xF4, 0xD9, 0x28, 0x06, 0x05, 0x0E, 0x09, 0x2D, 0xD4, 0xD9, 0x00, 0x20, 0x61, 0x46
	.byte 0x08, 0x70, 0xF0, 0xBC, 0x01, 0xBC, 0x00, 0x47, 0x8C, 0x4A, 0x03, 0x02, 0x91, 0x4A, 0x03, 0x02
	.byte 0x70, 0xB5, 0x56, 0x46, 0x4D, 0x46, 0x44, 0x46, 0x70, 0xB4, 0x85, 0xB0, 0x80, 0x46, 0x89, 0x46
	.byte 0x92, 0x46, 0x1C, 0x1C, 0x0C, 0x9E, 0x0D, 0x9B, 0x00, 0x06, 0x00, 0x0E, 0x80, 0x46, 0x09, 0x06
	.byte 0x09, 0x0E, 0x89, 0x46, 0x50, 0x46, 0x00, 0x06, 0x00, 0x0E, 0x82, 0x46, 0x24, 0x06, 0x24, 0x0E
	.byte 0x36, 0x06, 0x36, 0x0E, 0x1B, 0x06, 0x1B, 0x0E, 0x02, 0xAD, 0x20, 0x1C, 0x0A, 0x21, 0x04, 0x93
	.byte 0xB9, 0xF0, 0xEC, 0xF9, 0x00, 0x21, 0x8C, 0x46, 0x68, 0x70, 0x02, 0xAA, 0x10, 0x1C, 0x41, 0x78
	.byte 0x88, 0x00, 0x40, 0x18, 0x40, 0x00, 0x24, 0x1A, 0xD4, 0x70, 0x10, 0x1C, 0x82, 0x22, 0x02, 0x70
	.byte 0x01, 0x1C, 0x40, 0x78, 0x4F, 0x30, 0x48, 0x70, 0x08, 0x1C, 0x82, 0x70, 0xC0, 0x78, 0x4F, 0x30
	.byte 0xC8, 0x70, 0x08, 0x1C, 0x61, 0x46, 0x01, 0x71, 0x00, 0x96, 0x04, 0x9B, 0x01, 0x93, 0x40, 0x46
	.byte 0x49, 0x46, 0x52, 0x46, 0x02, 0xAB, 0x00, 0xF0, 0x09, 0xF8, 0x05, 0xB0, 0x38, 0xBC, 0x98, 0x46
	.byte 0xA1, 0x46, 0xAA, 0x46, 0x70, 0xBC, 0x01, 0xBC, 0x00, 0x47, 0x00, 0x00, 0xF0, 0xB5, 0x57, 0x46
	.byte 0x4E, 0x46, 0x45, 0x46, 0xE0, 0xB4, 0x82, 0xB0, 0x1D, 0x1C, 0x0A, 0x9B, 0x0B, 0x9C, 0x00, 0x06
	.byte 0x06, 0x0E, 0x09, 0x06, 0x0F, 0x0E, 0x12, 0x06, 0x12, 0x0E, 0x92, 0x46, 0x1B, 0x06, 0x1B, 0x0E
	.byte 0x9C, 0x46, 0x24, 0x06, 0x24, 0x0E, 0xA1, 0x46, 0x00, 0x24, 0x00, 0x20, 0x00, 0x90, 0x00, 0x21
	.byte 0x01, 0x91, 0x17, 0x2B, 0x00, 0xD9, 0xFB, 0xE0, 0x20, 0x48, 0x01, 0x68, 0x80, 0x46, 0x00, 0x29
	.byte 0x00, 0xD1, 0xF5, 0xE0, 0x9B, 0x00, 0x60, 0x46, 0x1A, 0x18, 0xD2, 0x00, 0x50, 0x18, 0x06, 0x70
	.byte 0x41, 0x46, 0x08, 0x68, 0x10, 0x18, 0x47, 0x70, 0x08, 0x68, 0x10, 0x18, 0x23, 0x30, 0x51, 0x46
	.byte 0x01, 0x70, 0x41, 0x46, 0x08, 0x68, 0x10, 0x18, 0x25, 0x30, 0x01, 0x21, 0x01, 0x70, 0x41, 0x46
	.byte 0x08, 0x68, 0x12, 0x18, 0x26, 0x32, 0x48, 0x46, 0x10, 0x70, 0x28, 0x78, 0x1E, 0x1C, 0x10, 0x49
	.byte 0x89, 0x46, 0x00, 0x28, 0x00, 0xD1, 0xBF, 0xE0, 0xFF, 0x27, 0x3F, 0x02, 0xFF, 0x23, 0x29, 0x88
	.byte 0x08, 0x0A, 0x09, 0x02, 0x08, 0x43, 0x00, 0x04, 0x01, 0x0C, 0x02, 0x35, 0x52, 0x46, 0x08, 0x2A
	.byte 0x6E, 0xD9, 0x0A, 0x1C, 0x3A, 0x40, 0x82, 0x20, 0x00, 0x02, 0x82, 0x42, 0x1C, 0xD0, 0x82, 0x42
	.byte 0x08, 0xDC, 0x81, 0x20, 0x00, 0x02, 0x82, 0x42, 0x09, 0xD0, 0x8C, 0xE0, 0x8C, 0x4A, 0x03, 0x02
	.byte 0x91, 0x4A, 0x03, 0x02, 0x83, 0x20, 0x00, 0x02, 0x82, 0x42, 0x3D, 0xD0, 0x83, 0xE0, 0x18, 0x1C
	.byte 0x08, 0x40, 0x5A, 0x28, 0x00, 0xD9, 0xFD, 0x24, 0x40, 0x28, 0x00, 0xD0, 0x7B, 0xE0, 0x01, 0x4C
	.byte 0x79, 0xE0, 0x00, 0x00, 0xFF, 0xFF, 0x00, 0x00, 0x0A, 0x1C, 0x1A, 0x40, 0x10, 0x1C, 0x60, 0x38
	.byte 0x00, 0x04, 0x00, 0x0C, 0x19, 0x28, 0x03, 0xD8, 0x0F, 0x4C, 0x08, 0x19, 0x00, 0x04, 0x04, 0x0C
	.byte 0x10, 0x1C, 0x81, 0x38, 0x00, 0x04, 0x00, 0x0C, 0x19, 0x28, 0x03, 0xD8, 0x0B, 0x4C, 0x08, 0x19
	.byte 0x00, 0x04, 0x04, 0x0C, 0x10, 0x1C, 0x4F, 0x38, 0x00, 0x04, 0x00, 0x0C, 0x09, 0x28, 0x03, 0xD8
	.byte 0x07, 0x4C, 0x08, 0x19, 0x00, 0x04, 0x04, 0x0C, 0x10, 0x1C, 0x9F, 0x38, 0x00, 0x04, 0x00, 0x0C
	.byte 0x52, 0x28, 0x50, 0xD8, 0x03, 0x4A, 0x1A, 0xE0, 0xAB, 0x7D, 0x00, 0x00, 0xA4, 0x7D, 0x00, 0x00
	.byte 0xB2, 0x7D, 0x00, 0x00, 0xA0, 0x7D, 0x00, 0x00, 0x0A, 0x1C, 0x1A, 0x40, 0x10, 0x1C, 0x40, 0x38
	.byte 0x00, 0x04, 0x00, 0x0C, 0x3E, 0x28, 0x03, 0xD8, 0x07, 0x4C, 0x08, 0x19, 0x00, 0x04, 0x04, 0x0C
	.byte 0x10, 0x1C, 0x80, 0x38, 0x00, 0x04, 0x00, 0x0C, 0x14, 0x28, 0x34, 0xD8, 0x03, 0x4A, 0x88, 0x18
	.byte 0x00, 0x04, 0x04, 0x0C, 0x2F, 0xE0, 0x00, 0x00, 0x52, 0x7D, 0x00, 0x00, 0x51, 0x7D, 0x00, 0x00
	.byte 0x0A, 0x1C, 0x3A, 0x40, 0x81, 0x20, 0x00, 0x02, 0x82, 0x42, 0x04, 0xD0, 0x82, 0x20, 0x00, 0x02
	.byte 0x82, 0x42, 0x07, 0xD0, 0x1F, 0xE0, 0x19, 0x40, 0x40, 0x29, 0x1C, 0xD1, 0x00, 0x4C, 0x1A, 0xE0
	.byte 0xFF, 0xFF, 0x00, 0x00, 0x0A, 0x1C, 0x1A, 0x40, 0x10, 0x1C, 0x4F, 0x38, 0x00, 0x04, 0x00, 0x0C
	.byte 0x09, 0x28, 0x03, 0xD8, 0x22, 0x4C, 0x08, 0x19, 0x00, 0x04, 0x04, 0x0C, 0x10, 0x1C, 0x81, 0x38
	.byte 0x00, 0x04, 0x00, 0x0C, 0x03, 0x28, 0x03, 0xD8, 0x1E, 0x4C, 0x08, 0x19, 0x00, 0x04, 0x04, 0x0C
	.byte 0x98, 0x2A, 0x00, 0xD1, 0x0F, 0x24, 0x40, 0x46, 0x01, 0x68, 0x62, 0x46, 0xB0, 0x18, 0xC0, 0x00
	.byte 0x40, 0x18, 0x01, 0x9A, 0x51, 0x00, 0x02, 0x30, 0x40, 0x18, 0x04, 0x80, 0x10, 0x1C, 0x01, 0x30
	.byte 0x00, 0x06, 0x00, 0x0E, 0x01, 0x90, 0x00, 0x98, 0x01, 0x30, 0x00, 0x06, 0x00, 0x0E, 0x00, 0x90
	.byte 0x28, 0x78, 0x00, 0x28, 0x00, 0xD0, 0x42, 0xE7, 0x44, 0x46, 0x20, 0x68, 0x62, 0x46, 0xB1, 0x18
	.byte 0xC9, 0x00, 0x09, 0x18, 0x22, 0x31, 0x6C, 0x46, 0x24, 0x78, 0x0C, 0x70, 0x49, 0x46, 0x08, 0x78
	.byte 0x00, 0x28, 0x05, 0xD1, 0x08, 0x48, 0xA0, 0xF7, 0x3B, 0xF8, 0x01, 0x20, 0x4A, 0x46, 0x10, 0x70
	.byte 0x02, 0xB0, 0x38, 0xBC, 0x98, 0x46, 0xA1, 0x46, 0xAA, 0x46, 0xF0, 0xBC, 0x01, 0xBC, 0x00, 0x47
	.byte 0xC1, 0x7D, 0x00, 0x00, 0x99, 0x7D, 0x00, 0x00, 0x25, 0x46, 0x06, 0x08, 0xF0, 0xB5, 0x57, 0x46
	.byte 0x4E, 0x46, 0x45, 0x46, 0xE0, 0xB4, 0x98, 0xB0, 0x00, 0x20, 0x01, 0x90, 0x0B, 0x49, 0x08, 0x68
	.byte 0x01, 0x9B, 0x9A, 0x00, 0xD1, 0x18, 0xC9, 0x00, 0x08, 0x18, 0x03, 0x1C, 0x25, 0x33, 0x18, 0x78
	.byte 0x13, 0x92, 0x01, 0x9C, 0x01, 0x34, 0x0F, 0x94, 0x01, 0x28, 0x00, 0xD0, 0x72, 0xE2, 0x00, 0x20
	.byte 0x18, 0x70, 0x00, 0x26, 0x01, 0x4F, 0x38, 0x68, 0x08, 0x18, 0x66, 0xE2, 0x8C, 0x4A, 0x03, 0x02
	.byte 0x2F, 0x48, 0x01, 0x68, 0x01, 0x9B, 0xD0, 0x18, 0xC5, 0x00, 0x6B, 0x18, 0x71, 0x00, 0x98, 0x1C
	.byte 0x40, 0x18, 0x00, 0x88, 0x08, 0x90, 0x18, 0x1C, 0x26, 0x30, 0x00, 0x78, 0x81, 0x46, 0x18, 0x1C
	.byte 0x23, 0x30, 0x00, 0x78, 0x07, 0x90, 0x08, 0x28, 0x00, 0xD8, 0x7E, 0xE1, 0x89, 0x19, 0x89, 0x00
	.byte 0x1C, 0x78, 0x09, 0x19, 0xC8, 0x10, 0x00, 0x06, 0x00, 0x0E, 0x04, 0x90, 0x5A, 0x78, 0xD7, 0x08
	.byte 0x05, 0x97, 0xC0, 0x00, 0x09, 0x1A, 0x09, 0x06, 0x09, 0x0E, 0x06, 0x91, 0xF8, 0x00, 0x12, 0x1A
	.byte 0x12, 0x06, 0x12, 0x0E, 0x90, 0x46, 0x18, 0x1C, 0x24, 0x30, 0x00, 0x78, 0xA0, 0xF7, 0x34, 0xFD
	.byte 0x04, 0x99, 0x01, 0x31, 0x49, 0x01, 0x40, 0x18, 0xB9, 0x02, 0x44, 0x18, 0x14, 0x49, 0x08, 0x68
	.byte 0x28, 0x18, 0x24, 0x30, 0x00, 0x78, 0xA0, 0xF7, 0x35, 0xFD, 0x00, 0x90, 0x11, 0x49, 0x08, 0x9A
	.byte 0x90, 0x00, 0x40, 0x18, 0x00, 0x68, 0xC1, 0x88, 0x49, 0x01, 0x0F, 0x48, 0x09, 0x18, 0x02, 0x91
	.byte 0x03, 0x94, 0x45, 0x46, 0x00, 0x27, 0x07, 0x98, 0x40, 0x44, 0x4B, 0x46, 0x1B, 0x03, 0x9A, 0x46
	.byte 0x01, 0x36, 0x10, 0x96, 0x80, 0x45, 0x4A, 0xDA, 0x08, 0x4C, 0xA4, 0x46, 0x07, 0x26, 0xB1, 0x46
	.byte 0x08, 0x98, 0x60, 0x45, 0x0C, 0xD1, 0x00, 0x24, 0x00, 0x26, 0xEA, 0x08, 0x1F, 0xE0, 0x00, 0x00
	.byte 0x8C, 0x4A, 0x03, 0x02, 0x04, 0xB2, 0xEE, 0x09, 0xB2, 0xB5, 0x0A, 0x09, 0xFF, 0xFF, 0x00, 0x00
	.byte 0x28, 0x1C, 0x49, 0x46, 0x08, 0x40, 0xEA, 0x08, 0x11, 0x06, 0x89, 0x0B, 0x80, 0x00, 0x03, 0x9B
	.byte 0xC0, 0x18, 0x09, 0x18, 0x0E, 0x68, 0x0F, 0x21, 0x39, 0x40, 0x38, 0x09, 0x40, 0x01, 0x09, 0x18
	.byte 0x49, 0x00, 0x02, 0x9C, 0x09, 0x19, 0x0C, 0x88, 0x48, 0x88, 0x00, 0x04, 0x04, 0x43, 0x28, 0x1C
	.byte 0x49, 0x46, 0x08, 0x40, 0x11, 0x06, 0x89, 0x0B, 0x80, 0x00, 0x03, 0x9A, 0x80, 0x18, 0x09, 0x18
	.byte 0x06, 0x98, 0x83, 0x00, 0x20, 0x1C, 0x98, 0x40, 0x06, 0x43, 0x0E, 0x60, 0x06, 0x9A, 0x00, 0x2A
	.byte 0x03, 0xD0, 0x20, 0x20, 0xC0, 0x1A, 0xC4, 0x40, 0x0C, 0x62, 0x68, 0x1C, 0x00, 0x06, 0x05, 0x0E
	.byte 0xB8, 0x1C, 0x00, 0x06, 0x07, 0x0E, 0x07, 0x98, 0x40, 0x44, 0x85, 0x42, 0xB8, 0xDB, 0x05, 0x9B
	.byte 0x5A, 0x01, 0x9B, 0x01, 0x04, 0x9E, 0x74, 0x00, 0x00, 0x9F, 0xE6, 0x19, 0x98, 0x19, 0x81, 0x46
	.byte 0x04, 0x9D, 0x01, 0x35, 0xA8, 0x18, 0x51, 0x46, 0x08, 0x43, 0x4F, 0x46, 0x38, 0x80, 0x05, 0x99
	.byte 0x01, 0x31, 0x48, 0x01, 0x17, 0x90, 0x88, 0x01, 0x80, 0x19, 0x84, 0x46, 0x17, 0x9F, 0xE8, 0x19
	.byte 0x57, 0x46, 0x38, 0x43, 0x67, 0x46, 0x38, 0x80, 0x15, 0x92, 0x16, 0x93, 0x14, 0x94, 0x11, 0x91
	.byte 0x40, 0x46, 0x00, 0x28, 0x08, 0xD0, 0x05, 0x99, 0x02, 0x31, 0x48, 0x01, 0x89, 0x01, 0x89, 0x19
	.byte 0x28, 0x18, 0x52, 0x46, 0x10, 0x43, 0x08, 0x80, 0x04, 0x9B, 0x02, 0x33, 0x12, 0x93, 0x06, 0x9C
	.byte 0x00, 0x2C, 0x16, 0xD0, 0x15, 0x9F, 0xD8, 0x19, 0x51, 0x46, 0x08, 0x43, 0x4A, 0x46, 0x50, 0x80
	.byte 0x17, 0x9C, 0x18, 0x19, 0x08, 0x43, 0x67, 0x46, 0x78, 0x80, 0x40, 0x46, 0x00, 0x28, 0x08, 0xD0
	.byte 0x05, 0x99, 0x02, 0x31, 0x48, 0x01, 0x89, 0x01, 0x89, 0x19, 0x18, 0x18, 0x52, 0x46, 0x10, 0x43
	.byte 0x48, 0x80, 0x45, 0x46, 0x00, 0x27, 0x07, 0x9B, 0x43, 0x44, 0x0E, 0x93, 0x98, 0x45, 0x76, 0xDA
	.byte 0x05, 0x98, 0x02, 0x30, 0x44, 0x01, 0xA4, 0x46, 0x80, 0x01, 0x09, 0x90, 0x14, 0x9E, 0x0A, 0x96
	.byte 0x00, 0x99, 0x70, 0x18, 0x09, 0x9A, 0x10, 0x18, 0x0B, 0x90, 0xD1, 0x46, 0x11, 0x9B, 0x0C, 0x93
	.byte 0x9C, 0x01, 0x0D, 0x94, 0x08, 0x9E, 0x03, 0x48, 0x86, 0x42, 0x05, 0xD1, 0x00, 0x26, 0x00, 0x24
	.byte 0xEA, 0x08, 0x17, 0xE0, 0xFF, 0xFF, 0x00, 0x00, 0x07, 0x20, 0x28, 0x40, 0xEA, 0x08, 0x11, 0x06
	.byte 0x89, 0x0B, 0x80, 0x00, 0x03, 0x9B, 0xC0, 0x18, 0x09, 0x18, 0x0E, 0x6A, 0x0F, 0x21, 0x39, 0x40
	.byte 0x38, 0x09, 0x40, 0x01, 0x40, 0x18, 0x40, 0x00, 0x02, 0x9C, 0x00, 0x19, 0x04, 0x8C, 0x40, 0x8C
	.byte 0x00, 0x04, 0x04, 0x43, 0x07, 0x20, 0x28, 0x40, 0x11, 0x06, 0x89, 0x0B, 0x80, 0x00, 0x03, 0x9A
	.byte 0x80, 0x18, 0x0A, 0x18, 0x06, 0x9B, 0x99, 0x00, 0x20, 0x1C, 0x88, 0x40, 0x06, 0x43, 0x16, 0x62
	.byte 0x46, 0x46, 0x00, 0x2E, 0x05, 0xD0, 0x12, 0x98, 0x60, 0x44, 0x4B, 0x46, 0x18, 0x43, 0x0B, 0x9E
	.byte 0x70, 0x80, 0x06, 0x98, 0x00, 0x28, 0x21, 0xD0, 0x20, 0x20, 0x40, 0x1A, 0xC4, 0x40, 0x14, 0x64
	.byte 0x0A, 0x99, 0x00, 0x9A, 0x8B, 0x18, 0x16, 0x9C, 0xE1, 0x18, 0x04, 0x9A, 0x03, 0x32, 0x15, 0x9E
	.byte 0x90, 0x19, 0x4C, 0x46, 0x20, 0x43, 0x88, 0x80, 0x0C, 0x9E, 0x70, 0x01, 0x0D, 0x9C, 0xE1, 0x18
	.byte 0x10, 0x18, 0x4E, 0x46, 0x30, 0x43, 0x88, 0x80, 0x40, 0x46, 0x00, 0x28, 0x06, 0xD0, 0x09, 0x9C
	.byte 0xE1, 0x18, 0x66, 0x46, 0x90, 0x19, 0x52, 0x46, 0x10, 0x43, 0x88, 0x80, 0x68, 0x1C, 0x00, 0x06
	.byte 0x05, 0x0E, 0xB8, 0x1C, 0x00, 0x06, 0x07, 0x0E, 0x0E, 0x9B, 0x9D, 0x42, 0x9A, 0xDB, 0x14, 0x9C
	.byte 0x00, 0x9E, 0xA2, 0x19, 0x16, 0x9F, 0xBB, 0x18, 0x12, 0x99, 0x15, 0x9C, 0x08, 0x19, 0x56, 0x46
	.byte 0x30, 0x43, 0x58, 0x80, 0x11, 0x9F, 0x7D, 0x01, 0xB8, 0x01, 0x81, 0x18, 0x12, 0x9C, 0x60, 0x19
	.byte 0x30, 0x43, 0x48, 0x80, 0x06, 0x9E, 0x00, 0x2E, 0x00, 0xD1, 0xDC, 0xE0, 0x04, 0x9C, 0x03, 0x34
	.byte 0x15, 0x9F, 0xE0, 0x19, 0x56, 0x46, 0x30, 0x43, 0x98, 0x80, 0x60, 0x19, 0x30, 0x43, 0x88, 0x80
	.byte 0x47, 0x46, 0x00, 0x2F, 0x00, 0xD1, 0xCE, 0xE0, 0x05, 0x99, 0x02, 0x31, 0x48, 0x01, 0x89, 0x01
	.byte 0x89, 0x18, 0x20, 0x18, 0x30, 0x43, 0x88, 0x80, 0xC5, 0xE0, 0xF1, 0x00, 0x18, 0x78, 0x09, 0x18
	.byte 0xC8, 0x10, 0x00, 0x06, 0x00, 0x0E, 0x04, 0x90, 0x5A, 0x78, 0xD4, 0x08, 0x05, 0x94, 0xC0, 0x00
	.byte 0x09, 0x1A, 0x09, 0x06, 0x09, 0x0E, 0x06, 0x91, 0xE0, 0x00, 0x12, 0x1A, 0x12, 0x06, 0x12, 0x0E
	.byte 0x90, 0x46, 0x18, 0x1C, 0x24, 0x30, 0x00, 0x78, 0xA0, 0xF7, 0xB6, 0xFB, 0x04, 0x99, 0x01, 0x31
	.byte 0x49, 0x01, 0x40, 0x18, 0xA1, 0x02, 0x44, 0x18, 0x14, 0x4F, 0x38, 0x68, 0x28, 0x18, 0x24, 0x30
	.byte 0x00, 0x78, 0xA0, 0xF7, 0xB7, 0xFB, 0x00, 0x90, 0x11, 0x49, 0x08, 0x9A, 0x90, 0x00, 0x40, 0x18
	.byte 0x00, 0x68, 0xC1, 0x88, 0x49, 0x01, 0x0F, 0x48, 0x09, 0x18, 0x02, 0x91, 0x03, 0x94, 0x45, 0x46
	.byte 0x00, 0x27, 0x07, 0x98, 0x40, 0x44, 0x4B, 0x46, 0x1B, 0x03, 0x9A, 0x46, 0x01, 0x36, 0x10, 0x96
	.byte 0x80, 0x45, 0x4A, 0xDA, 0x08, 0x4C, 0xA4, 0x46, 0x07, 0x26, 0xB1, 0x46, 0x08, 0x98, 0x60, 0x45
	.byte 0x0C, 0xD1, 0x00, 0x26, 0x00, 0x24, 0xEA, 0x08, 0x1F, 0xE0, 0x00, 0x00, 0x8C, 0x4A, 0x03, 0x02
	.byte 0x88, 0xB1, 0xEE, 0x09, 0x06, 0xA5, 0x0A, 0x09, 0xFF, 0xFF, 0x00, 0x00, 0x28, 0x1C, 0x49, 0x46
	.byte 0x08, 0x40, 0xEA, 0x08, 0x11, 0x06, 0x89, 0x0B, 0x80, 0x00, 0x03, 0x9B, 0xC0, 0x18, 0x09, 0x18
	.byte 0x0E, 0x68, 0x0F, 0x21, 0x39, 0x40, 0x38, 0x09, 0x40, 0x01, 0x09, 0x18, 0x49, 0x00, 0x02, 0x9C
	.byte 0x09, 0x19, 0x0C, 0x88, 0x48, 0x88, 0x00, 0x04, 0x04, 0x43, 0x28, 0x1C, 0x49, 0x46, 0x08, 0x40
	.byte 0x11, 0x06, 0x89, 0x0B, 0x80, 0x00, 0x03, 0x9A, 0x80, 0x18, 0x09, 0x18, 0x06, 0x98, 0x83, 0x00
	.byte 0x20, 0x1C, 0x98, 0x40, 0x06, 0x43, 0x0E, 0x60, 0x06, 0x9A, 0x00, 0x2A, 0x03, 0xD0, 0x20, 0x20
	.byte 0xC0, 0x1A, 0xC4, 0x40, 0x0C, 0x62, 0x68, 0x1C, 0x00, 0x06, 0x05, 0x0E, 0xB8, 0x1C, 0x00, 0x06
	.byte 0x07, 0x0E, 0x07, 0x98, 0x40, 0x44, 0x85, 0x42, 0xB8, 0xDB, 0x05, 0x9B, 0x5B, 0x01, 0x99, 0x46
	.byte 0x05, 0x9C, 0xA1, 0x01, 0x04, 0x9E, 0x70, 0x00, 0x00, 0x9A, 0x87, 0x18, 0xC9, 0x19, 0x8C, 0x46
	.byte 0x32, 0x1C, 0x01, 0x32, 0xD0, 0x18, 0x55, 0x46, 0x28, 0x43, 0x08, 0x80, 0x20, 0x1C, 0x01, 0x30
	.byte 0x46, 0x01, 0x80, 0x01, 0xC3, 0x19, 0x90, 0x19, 0x28, 0x43, 0x18, 0x80, 0x44, 0x46, 0x00, 0x2C
	.byte 0x07, 0xD0, 0x05, 0x99, 0x02, 0x31, 0x48, 0x01, 0x89, 0x01, 0xC9, 0x19, 0x10, 0x18, 0x28, 0x43
	.byte 0x08, 0x80, 0x06, 0x98, 0x00, 0x28, 0x16, 0xD0, 0x04, 0x9C, 0x02, 0x34, 0x49, 0x46, 0x60, 0x18
	.byte 0x52, 0x46, 0x10, 0x43, 0x61, 0x46, 0x48, 0x80, 0xA0, 0x19, 0x10, 0x43, 0x58, 0x80, 0x42, 0x46
	.byte 0x00, 0x2A, 0x08, 0xD0, 0x05, 0x99, 0x02, 0x31, 0x48, 0x01, 0x89, 0x01, 0xC9, 0x19, 0x20, 0x18
	.byte 0x53, 0x46, 0x18, 0x43, 0x48, 0x80, 0x10, 0x9C, 0x20, 0x06, 0x06, 0x0E, 0x0E, 0x4F, 0x39, 0x68
	.byte 0x13, 0x9A, 0x01, 0x9B, 0xD0, 0x18, 0xC0, 0x00, 0x40, 0x18, 0x22, 0x30, 0x00, 0x78, 0x86, 0x42
	.byte 0x00, 0xD2, 0x95, 0xE5, 0x0F, 0x9C, 0x20, 0x06, 0x00, 0x0E, 0x01, 0x90, 0x09, 0x28, 0x00, 0xD8
	.byte 0x74, 0xE5, 0x06, 0x49, 0x00, 0x20, 0x08, 0x70, 0x18, 0xB0, 0x38, 0xBC, 0x98, 0x46, 0xA1, 0x46
	.byte 0xAA, 0x46, 0xF0, 0xBC, 0x01, 0xBC, 0x00, 0x47, 0x8C, 0x4A, 0x03, 0x02, 0x91, 0x4A, 0x03, 0x02
	.byte 0x10, 0xB5, 0x04, 0x4C, 0x20, 0x68, 0x9B, 0xF7, 0x29, 0xFF, 0x00, 0x20, 0x20, 0x60, 0x10, 0xBC
	.byte 0x01, 0xBC, 0x00, 0x47, 0x8C, 0x4A, 0x03, 0x02
	thumb_func_start func_08064B80
func_08064B80: @ 08064B80
	push {r4, r5, r6, r7, lr}
	mov r7, r8
	push {r7}
	adds r5, r0, #0x0
	ldr r4, _08064BC4 @ =0x02034A84
	movs r0, #0xC0
	lsls r0, r0, #0x04
	bl func_08000918
	str r0, [r4, #0x00]
	adds r7, r4, #0x0
	movs r6, #0x00
	movs r4, #0x00
	movs r0, #0x7F
	mov r8, r0
_08064B9E:
	ldr r0, [r7, #0x00]
	adds r0, r4, r0
	str r6, [r0, #0x00]
	str r6, [r0, #0x04]
	str r6, [r0, #0x08]
	str r6, [r0, #0x0C]
	str r6, [r0, #0x10]
	strb r6, [r0, #0x15]
	ldr r0, [r7, #0x00]
	adds r0, r4, r0
	strb r6, [r0, #0x14]
	cmp r5, #0x01
	beq _08064BD8
	cmp r5, #0x01
	bgt _08064BC8
	cmp r5, #0x00
	beq _08064BCE
	b _08064BEE
	.byte 0x00, 0x00
_08064BC4: .4byte 0x02034A84
_08064BC8:
	cmp r5, #0x02
	beq _08064BE0
	b _08064BEE
_08064BCE:
	ldr r0, _08064BD4 @ =0x09614758
	b _08064BE2
	.byte 0x00, 0x00
_08064BD4: .4byte 0x09614758
_08064BD8:
	ldr r0, _08064BDC @ =0x09614718
	b _08064BE2
_08064BDC: .4byte 0x09614718
_08064BE0:
	ldr r0, _08064C28 @ =0x09614738
_08064BE2:
	movs r1, #0x20
	bl func_08002A14
	ldr r1, [r7, #0x00]
	adds r1, r4, r1
	str r0, [r1, #0x0C]
_08064BEE:
	ldr r0, [r7, #0x00]
	adds r0, r4, r0
	ldr r0, [r0, #0x0C]
	ldrh r0, [r0, #0x06]
	adds r0, #0x10
	lsls r0, r0, #0x10
	lsrs r0, r0, #0x10
	movs r1, #0x01
	bl func_080062F4
	adds r4, #0x18
	movs r0, #0x01
	negs r0, r0
	add r8, r0
	mov r0, r8
	cmp r0, #0x00
	bge _08064B9E
	movs r1, #0x00
	ldr r0, _08064C2C @ =0x02034A90
	strb r1, [r0, #0x00]
	ldr r0, _08064C30 @ =0x02034A84
	ldr r0, [r0, #0x00]
	ldr r0, [r0, #0x0C]
	ldrh r0, [r0, #0x06]
	pop {r3}
	mov r8, r3
	pop {r4, r5, r6, r7}
	pop {r1}
	bx r1
_08064C28: .4byte 0x09614738
_08064C2C: .4byte 0x02034A90
_08064C30: .4byte 0x02034A84
	.byte 0xF0, 0xB5, 0x47, 0x46, 0x80, 0xB4, 0x05, 0x1C, 0x0E, 0x4C, 0xC0, 0x20, 0x00, 0x01, 0x9B, 0xF7
	.byte 0x69, 0xFE, 0x20, 0x60, 0x27, 0x1C, 0x00, 0x26, 0x00, 0x24, 0x7F, 0x20, 0x80, 0x46, 0x38, 0x68
	.byte 0x20, 0x18, 0x06, 0x60, 0x46, 0x60, 0x86, 0x60, 0xC6, 0x60, 0x06, 0x61, 0x46, 0x75, 0x38, 0x68
	.byte 0x20, 0x18, 0x06, 0x75, 0x01, 0x2D, 0x0F, 0xD0, 0x01, 0x2D, 0x05, 0xDC, 0x00, 0x2D, 0x06, 0xD0
	.byte 0x15, 0xE0, 0x00, 0x00, 0x84, 0x4A, 0x03, 0x02, 0x02, 0x2D, 0x09, 0xD0, 0x0F, 0xE0, 0x01, 0x48
	.byte 0x07, 0xE0, 0x00, 0x00, 0x58, 0x47, 0x61, 0x09, 0x00, 0x48, 0x02, 0xE0, 0x18, 0x47, 0x61, 0x09
	.byte 0x18, 0x48, 0x20, 0x21, 0x9D, 0xF7, 0xBC, 0xFE, 0x39, 0x68, 0x61, 0x18, 0xC8, 0x60, 0x05, 0x20
	.byte 0x01, 0xF0, 0xE0, 0xFB, 0x39, 0x68, 0x61, 0x18, 0x08, 0x61, 0xC8, 0x68, 0xC0, 0x88, 0x10, 0x30
	.byte 0x00, 0x04, 0x00, 0x0C, 0x01, 0x21, 0xA1, 0xF7, 0x1B, 0xFB, 0x38, 0x68, 0x20, 0x18, 0x00, 0x69
	.byte 0xC0, 0x88, 0x10, 0x30, 0x00, 0x04, 0x00, 0x0C, 0x01, 0x21, 0xA1, 0xF7, 0x11, 0xFB, 0x18, 0x34
	.byte 0x01, 0x20, 0x40, 0x42, 0x80, 0x44, 0x40, 0x46, 0x00, 0x28, 0xB8, 0xDA, 0x00, 0x21, 0x06, 0x48
	.byte 0x01, 0x70, 0x06, 0x48, 0x00, 0x68, 0xC0, 0x68, 0xC0, 0x88, 0x08, 0xBC, 0x98, 0x46, 0xF0, 0xBC
	.byte 0x02, 0xBC, 0x08, 0x47, 0x38, 0x47, 0x61, 0x09, 0x90, 0x4A, 0x03, 0x02, 0x84, 0x4A, 0x03, 0x02
	.byte 0xF0, 0xB5, 0x47, 0x46, 0x80, 0xB4, 0x05, 0x1C, 0x0E, 0x4C, 0xC0, 0x20, 0x00, 0x01, 0x9B, 0xF7
	.byte 0x01, 0xFE, 0x20, 0x60, 0x27, 0x1C, 0x00, 0x26, 0x00, 0x24, 0x7F, 0x20, 0x80, 0x46, 0x38, 0x68
	.byte 0x20, 0x18, 0x06, 0x60, 0x46, 0x60, 0x86, 0x60, 0xC6, 0x60, 0x06, 0x61, 0x46, 0x75, 0x38, 0x68
	.byte 0x20, 0x18, 0x06, 0x75, 0x01, 0x2D, 0x0F, 0xD0, 0x01, 0x2D, 0x05, 0xDC, 0x00, 0x2D, 0x06, 0xD0
	.byte 0x15, 0xE0, 0x00, 0x00, 0x84, 0x4A, 0x03, 0x02, 0x02, 0x2D, 0x09, 0xD0, 0x0F, 0xE0, 0x01, 0x48
	.byte 0x07, 0xE0, 0x00, 0x00, 0x58, 0x47, 0x61, 0x09, 0x00, 0x48, 0x02, 0xE0, 0x18, 0x47, 0x61, 0x09
	.byte 0x18, 0x48, 0x20, 0x21, 0x9D, 0xF7, 0x54, 0xFE, 0x39, 0x68, 0x61, 0x18, 0xC8, 0x60, 0x03, 0x20
	.byte 0x01, 0xF0, 0x78, 0xFB, 0x39, 0x68, 0x61, 0x18, 0x08, 0x61, 0xC8, 0x68, 0xC0, 0x88, 0x10, 0x30
	.byte 0x00, 0x04, 0x00, 0x0C, 0x01, 0x21, 0xA1, 0xF7, 0xB3, 0xFA, 0x38, 0x68, 0x20, 0x18, 0x00, 0x69
	.byte 0xC0, 0x88, 0x10, 0x30, 0x00, 0x04, 0x00, 0x0C, 0x01, 0x21, 0xA1, 0xF7, 0xA9, 0xFA, 0x18, 0x34
	.byte 0x01, 0x20, 0x40, 0x42, 0x80, 0x44, 0x40, 0x46, 0x00, 0x28, 0xB8, 0xDA, 0x00, 0x21, 0x06, 0x48
	.byte 0x01, 0x70, 0x06, 0x48, 0x00, 0x68, 0xC0, 0x68, 0xC0, 0x88, 0x08, 0xBC, 0x98, 0x46, 0xF0, 0xBC
	.byte 0x02, 0xBC, 0x08, 0x47, 0x38, 0x47, 0x61, 0x09, 0x90, 0x4A, 0x03, 0x02, 0x84, 0x4A, 0x03, 0x02
	thumb_func_start func_08064DD4
func_08064DD4: @ 08064DD4
	push {r4, r5, lr}
	adds r3, r0, #0x0
	movs r4, #0x00
	ldrh r0, [r3, #0x00]
	cmp r0, #0x00
	bne _08064DE2
	b _08064EE8
_08064DE2:
	ldr r5, _08064DFC @ =0x08F7D438
_08064DE4:
	movs r1, #0x00
	cmp r0, #0x0A
	bne _08064DEC
	b _08064EDE
_08064DEC:
	subs r0, #0x20
	lsls r0, r0, #0x10
	lsrs r0, r0, #0x10
	cmp r0, #0xDF
	bhi _08064E00
	ldrh r1, [r3, #0x00]
	b _08064ECE
	.byte 0x00, 0x00
_08064DFC: .4byte 0x08F7D438
_08064E00:
	ldrh r2, [r3, #0x00]
	movs r0, #0x99
	lsls r0, r0, #0x06
	cmp r2, r0
	beq _08064EC8
	cmp r2, r0
	bgt _08064E50
	ldr r0, _08064E28 @ =0x00002191
	cmp r2, r0
	beq _08064E9C
	cmp r2, r0
	bgt _08064E34
	ldr r0, _08064E2C @ =0x0000203B
	cmp r2, r0
	beq _08064EBC
	ldr r0, _08064E30 @ =0x00002190
	cmp r2, r0
	beq _08064EA4
	b _08064ECE
	.byte 0x00, 0x00
_08064E28: .4byte 0x00002191
_08064E2C: .4byte 0x0000203B
_08064E30: .4byte 0x00002190
_08064E34:
	ldr r0, _08064E48 @ =0x00002193
	cmp r2, r0
	beq _08064EA0
	cmp r2, r0
	blt _08064EA8
	ldr r0, _08064E4C @ =0x00002605
	cmp r2, r0
	beq _08064ECC
	b _08064ECE
	.byte 0x00, 0x00
_08064E48: .4byte 0x00002193
_08064E4C: .4byte 0x00002605
_08064E50:
	ldr r0, _08064E6C @ =0x0000300D
	cmp r2, r0
	beq _08064EB0
	cmp r2, r0
	bgt _08064E80
	ldr r0, _08064E70 @ =0x0000266A
	cmp r2, r0
	beq _08064EC0
	cmp r2, r0
	bgt _08064E74
	subs r0, #0x28
	cmp r2, r0
	beq _08064EC4
	b _08064ECE
_08064E6C: .4byte 0x0000300D
_08064E70: .4byte 0x0000266A
_08064E74:
	ldr r0, _08064E7C @ =0x0000300C
	cmp r2, r0
	beq _08064EAC
	b _08064ECE
_08064E7C: .4byte 0x0000300C
_08064E80:
	ldr r0, _08064E98 @ =0x0000300F
	cmp r2, r0
	beq _08064EB8
	cmp r2, r0
	blt _08064EB4
	movs r0, #0xE0
	lsls r0, r0, #0x08
	cmp r2, r0
	bne _08064ECE
	movs r1, #0x19
	b _08064ECE
	.byte 0x00, 0x00
_08064E98: .4byte 0x0000300F
_08064E9C:
	movs r1, #0x0A
	b _08064ECE
_08064EA0:
	movs r1, #0x0B
	b _08064ECE
_08064EA4:
	movs r1, #0x0C
	b _08064ECE
_08064EA8:
	movs r1, #0x0D
	b _08064ECE
_08064EAC:
	movs r1, #0x01
	b _08064ECE
_08064EB0:
	movs r1, #0x02
	b _08064ECE
_08064EB4:
	movs r1, #0x03
	b _08064ECE
_08064EB8:
	movs r1, #0x04
	b _08064ECE
_08064EBC:
	movs r1, #0x06
	b _08064ECE
_08064EC0:
	movs r1, #0x12
	b _08064ECE
_08064EC4:
	movs r1, #0x08
	b _08064ECE
_08064EC8:
	movs r1, #0x09
	b _08064ECE
_08064ECC:
	movs r1, #0x15
_08064ECE:
	lsls r1, r1, #0x01
	adds r1, r1, r5
	lsls r0, r4, #0x10
	asrs r0, r0, #0x10
	ldrh r1, [r1, #0x00]
	adds r0, r0, r1
	lsls r0, r0, #0x10
	lsrs r4, r0, #0x10
_08064EDE:
	adds r3, #0x02
	ldrh r0, [r3, #0x00]
	cmp r0, #0x00
	beq _08064EE8
	b _08064DE4
_08064EE8:
	lsls r0, r4, #0x10
	asrs r0, r0, #0x10
	pop {r4, r5}
	pop {r1}
	bx r1
	.byte 0x00, 0x00
	thumb_func_start func_08064EF4
func_08064EF4: @ 08064EF4
	push {r4, r5, r6, r7, lr}
	mov r7, r10
	mov r6, r9
	mov r5, r8
	push {r5, r6, r7}
	add sp, #-0x010
	str r0, [sp, #0x000]
	str r1, [sp, #0x004]
	adds r6, r2, #0x0
	str r3, [sp, #0x008]
	movs r0, #0x00
	mov r10, r0
	mov r8, r0
	movs r1, #0x00
	str r1, [sp, #0x00C]
	ldr r3, _08064F20 @ =0x02034A84
	ldr r0, [r3, #0x00]
	cmp r0, #0x00
	bne _08064F2A
	movs r0, #0x00
	b _0806514A
	.byte 0x00, 0x00
_08064F20: .4byte 0x02034A84
_08064F24:
	ldr r2, [sp, #0x008]
	str r6, [r2, #0x00]
	b _08065148
_08064F2A:
	ldr r0, _08064FBC @ =0x02034A90
	mov r1, r8
	strb r1, [r0, #0x00]
	ldrh r1, [r6, #0x00]
	adds r5, r0, #0x0
	cmp r1, #0x00
	bne _08064F3A
	b _08065142
_08064F3A:
	mov r9, r5
_08064F3C:
	movs r4, #0x00
	mov r2, r9
	ldrb r1, [r2, #0x00]
	ldr r0, _08064FC0 @ =0x02034A84
	ldr r2, [r0, #0x00]
	lsls r0, r1, #0x01
	adds r0, r0, r1
	lsls r0, r0, #0x03
	adds r0, r0, r2
	ldr r1, [sp, #0x000]
	add r1, r10
	str r1, [r0, #0x00]
	mov r0, r9
	ldrb r1, [r0, #0x00]
	lsls r0, r1, #0x01
	adds r0, r0, r1
	lsls r0, r0, #0x03
	adds r0, r0, r2
	ldr r1, [sp, #0x004]
	add r1, r8
	str r1, [r0, #0x04]
	mov r0, r9
	ldrb r1, [r0, #0x00]
	lsls r0, r1, #0x01
	adds r0, r0, r1
	lsls r0, r0, #0x03
	adds r0, r0, r2
	movs r1, #0x01
	strb r1, [r0, #0x15]
	ldrh r1, [r6, #0x00]
	ldr r0, _08064FC4 @ =0x00004079
	cmp r1, r0
	bne _08064F84
	movs r1, #0x01
	str r1, [sp, #0x00C]
	adds r6, #0x02
_08064F84:
	ldrh r1, [r6, #0x00]
	movs r0, #0x80
	lsls r0, r0, #0x07
	cmp r1, r0
	bne _08064F94
	movs r2, #0x00
	str r2, [sp, #0x00C]
	adds r6, #0x02
_08064F94:
	mov r1, r9
	ldrb r0, [r1, #0x00]
	ldr r1, _08064FC0 @ =0x02034A84
	ldr r2, [r1, #0x00]
	lsls r1, r0, #0x01
	adds r1, r1, r0
	lsls r1, r1, #0x03
	adds r1, r1, r2
	mov r2, sp
	ldrb r2, [r2, #0x0C]
	strb r2, [r1, #0x14]
	ldrh r0, [r6, #0x00]
	cmp r0, #0x0A
	bne _08064FC8
	movs r0, #0x00
	mov r10, r0
	movs r1, #0xC0
	lsls r1, r1, #0x04
	add r8, r1
	b _0806512E
_08064FBC: .4byte 0x02034A90
_08064FC0: .4byte 0x02034A84
_08064FC4: .4byte 0x00004079
_08064FC8:
	subs r0, #0x20
	lsls r0, r0, #0x10
	lsrs r0, r0, #0x10
	cmp r0, #0xDF
	bhi _08064FD6
	ldrh r4, [r6, #0x00]
	b _080650B2
_08064FD6:
	ldrh r1, [r6, #0x00]
	movs r0, #0x99
	lsls r0, r0, #0x06
	cmp r1, r0
	beq _080650A8
	cmp r1, r0
	bgt _08065030
	ldr r0, _08065000 @ =0x00002192
	cmp r1, r0
	beq _08065088
	cmp r1, r0
	bgt _08065008
	subs r0, #0x02
	cmp r1, r0
	beq _08065084
	cmp r1, r0
	bgt _0806507C
	ldr r0, _08065004 @ =0x0000203B
	cmp r1, r0
	beq _0806509C
	b _080650B2
_08065000: .4byte 0x00002192
_08065004: .4byte 0x0000203B
_08065008:
	ldr r0, _0806501C @ =0x000025A0
	cmp r1, r0
	beq _080650B0
	cmp r1, r0
	bgt _08065024
	ldr r0, _08065020 @ =0x00002193
	cmp r1, r0
	beq _08065080
	b _080650B2
	.byte 0x00, 0x00
_0806501C: .4byte 0x000025A0
_08065020: .4byte 0x00002193
_08065024:
	ldr r0, _0806502C @ =0x00002605
	cmp r1, r0
	beq _080650AC
	b _080650B2
_0806502C: .4byte 0x00002605
_08065030:
	ldr r0, _0806504C @ =0x0000300D
	cmp r1, r0
	beq _08065090
	cmp r1, r0
	bgt _08065060
	ldr r0, _08065050 @ =0x0000266A
	cmp r1, r0
	beq _080650A0
	cmp r1, r0
	bgt _08065054
	subs r0, #0x28
	cmp r1, r0
	beq _080650A4
	b _080650B2
_0806504C: .4byte 0x0000300D
_08065050: .4byte 0x0000266A
_08065054:
	ldr r0, _0806505C @ =0x0000300C
	cmp r1, r0
	beq _0806508C
	b _080650B2
_0806505C: .4byte 0x0000300C
_08065060:
	ldr r0, _08065078 @ =0x0000300F
	cmp r1, r0
	beq _08065098
	cmp r1, r0
	blt _08065094
	movs r0, #0xE0
	lsls r0, r0, #0x08
	cmp r1, r0
	bne _080650B2
	movs r4, #0x19
	b _080650B2
	.byte 0x00, 0x00
_08065078: .4byte 0x0000300F
_0806507C:
	movs r4, #0x0A
	b _080650B2
_08065080:
	movs r4, #0x0B
	b _080650B2
_08065084:
	movs r4, #0x0C
	b _080650B2
_08065088:
	movs r4, #0x0D
	b _080650B2
_0806508C:
	movs r4, #0x01
	b _080650B2
_08065090:
	movs r4, #0x02
	b _080650B2
_08065094:
	movs r4, #0x03
	b _080650B2
_08065098:
	movs r4, #0x04
	b _080650B2
_0806509C:
	movs r4, #0x06
	b _080650B2
_080650A0:
	movs r4, #0x12
	b _080650B2
_080650A4:
	movs r4, #0x08
	b _080650B2
_080650A8:
	movs r4, #0x09
	b _080650B2
_080650AC:
	movs r4, #0x15
	b _080650B2
_080650B0:
	movs r4, #0x11
_080650B2:
	ldr r7, _0806515C @ =0x02034A90
	ldrb r0, [r7, #0x00]
	ldr r5, _08065160 @ =0x02034A84
	ldr r2, [r5, #0x00]
	lsls r1, r0, #0x01
	adds r1, r1, r0
	lsls r1, r1, #0x03
	adds r1, r1, r2
	ldr r0, [r1, #0x08]
	cmp r0, #0x00
	beq _080650DC
	bl func_080028C0
	ldrb r1, [r7, #0x00]
	ldr r2, [r5, #0x00]
	lsls r0, r1, #0x01
	adds r0, r0, r1
	lsls r0, r0, #0x03
	adds r0, r0, r2
	movs r1, #0x00
	str r1, [r0, #0x08]
_080650DC:
	ldr r0, _08065164 @ =0x08F7D438
	lsls r1, r4, #0x01
	adds r1, r1, r0
	movs r2, #0x00
	ldsh r0, [r1, r2]
	lsls r0, r0, #0x08
	add r10, r0
	cmp r4, #0x20
	beq _08065114
	ldr r1, _08065168 @ =0x09EEC134
	lsls r0, r4, #0x02
	adds r0, r0, r1
	ldr r0, [r0, #0x00]
	ldrh r4, [r0, #0x06]
	lsls r0, r4, #0x05
	ldr r1, _0806516C @ =0x090CBFB2
	adds r0, r0, r1
	movs r1, #0x80
	bl func_080026A4
	ldrb r2, [r7, #0x00]
	ldr r1, _08065160 @ =0x02034A84
	ldr r3, [r1, #0x00]
	lsls r1, r2, #0x01
	adds r1, r1, r2
	lsls r1, r1, #0x03
	adds r1, r1, r3
	str r0, [r1, #0x08]
_08065114:
	ldrb r0, [r7, #0x00]
	adds r0, #0x01
	strb r0, [r7, #0x00]
	movs r0, #0x9B
	lsls r0, r0, #0x08
	adds r5, r7, #0x0
	cmp r10, r0
	ble _0806512E
	movs r2, #0x00
	mov r10, r2
	movs r0, #0xC0
	lsls r0, r0, #0x04
	add r8, r0
_0806512E:
	adds r6, #0x02
	movs r0, #0xC0
	lsls r0, r0, #0x05
	cmp r8, r0
	ble _0806513A
	b _08064F24
_0806513A:
	ldrh r0, [r6, #0x00]
	cmp r0, #0x00
	beq _08065142
	b _08064F3C
_08065142:
	movs r0, #0x00
	ldr r1, [sp, #0x008]
	str r0, [r1, #0x00]
_08065148:
	ldrb r0, [r5, #0x00]
_0806514A:
	add sp, #0x010
	pop {r3, r4, r5}
	mov r8, r3
	mov r9, r4
	mov r10, r5
	pop {r4, r5, r6, r7}
	pop {r1}
	bx r1
	.byte 0x00, 0x00
_0806515C: .4byte 0x02034A90
_08065160: .4byte 0x02034A84
_08065164: .4byte 0x08F7D438
_08065168: .4byte 0x09EEC134
_0806516C: .4byte 0x090CBFB2
	thumb_func_start func_08065170
func_08065170: @ 08065170
	push {r4, r5, r6, r7, lr}
	mov r7, r10
	mov r6, r9
	mov r5, r8
	push {r5, r6, r7}
	add sp, #-0x00C
	str r0, [sp, #0x000]
	str r1, [sp, #0x004]
	adds r6, r2, #0x0
	movs r0, #0x00
	mov r10, r0
	mov r8, r0
	movs r1, #0x00
	str r1, [sp, #0x008]
	ldr r3, _08065198 @ =0x02034A84
	ldr r0, [r3, #0x00]
	cmp r0, #0x00
	bne _0806519C
	movs r0, #0x00
	b _080653AE
_08065198: .4byte 0x02034A84
_0806519C:
	ldr r0, _08065230 @ =0x02034A90
	mov r2, r8
	strb r2, [r0, #0x00]
	ldrh r1, [r6, #0x00]
	adds r5, r0, #0x0
	cmp r1, #0x00
	bne _080651AC
	b _080653AC
_080651AC:
	mov r9, r5
_080651AE:
	movs r4, #0x00
	mov r0, r9
	ldrb r1, [r0, #0x00]
	ldr r0, _08065234 @ =0x02034A84
	ldr r2, [r0, #0x00]
	lsls r0, r1, #0x01
	adds r0, r0, r1
	lsls r0, r0, #0x03
	adds r0, r0, r2
	ldr r1, [sp, #0x000]
	add r1, r10
	str r1, [r0, #0x00]
	mov r0, r9
	ldrb r1, [r0, #0x00]
	lsls r0, r1, #0x01
	adds r0, r0, r1
	lsls r0, r0, #0x03
	adds r0, r0, r2
	ldr r1, [sp, #0x004]
	add r1, r8
	str r1, [r0, #0x04]
	mov r0, r9
	ldrb r1, [r0, #0x00]
	lsls r0, r1, #0x01
	adds r0, r0, r1
	lsls r0, r0, #0x03
	adds r0, r0, r2
	movs r1, #0x01
	strb r1, [r0, #0x15]
	ldrh r1, [r6, #0x00]
	ldr r0, _08065238 @ =0x00004079
	cmp r1, r0
	bne _080651F6
	movs r1, #0x01
	str r1, [sp, #0x008]
	adds r6, #0x02
_080651F6:
	ldrh r1, [r6, #0x00]
	movs r0, #0x80
	lsls r0, r0, #0x07
	cmp r1, r0
	bne _08065206
	movs r2, #0x00
	str r2, [sp, #0x008]
	adds r6, #0x02
_08065206:
	mov r1, r9
	ldrb r0, [r1, #0x00]
	ldr r1, _08065234 @ =0x02034A84
	ldr r2, [r1, #0x00]
	lsls r1, r0, #0x01
	adds r1, r1, r0
	lsls r1, r1, #0x03
	adds r1, r1, r2
	mov r2, sp
	ldrb r2, [r2, #0x08]
	strb r2, [r1, #0x14]
	ldrh r0, [r6, #0x00]
	cmp r0, #0x0A
	bne _0806523C
	movs r0, #0x00
	mov r10, r0
	movs r1, #0xC0
	lsls r1, r1, #0x04
	add r8, r1
	b _080653A2
	.byte 0x00, 0x00
_08065230: .4byte 0x02034A90
_08065234: .4byte 0x02034A84
_08065238: .4byte 0x00004079
_0806523C:
	subs r0, #0x20
	lsls r0, r0, #0x10
	lsrs r0, r0, #0x10
	cmp r0, #0xDF
	bhi _0806524A
	ldrh r4, [r6, #0x00]
	b _08065326
_0806524A:
	ldrh r1, [r6, #0x00]
	movs r0, #0x99
	lsls r0, r0, #0x06
	cmp r1, r0
	beq _0806531C
	cmp r1, r0
	bgt _080652A4
	ldr r0, _08065274 @ =0x00002192
	cmp r1, r0
	beq _080652FC
	cmp r1, r0
	bgt _0806527C
	subs r0, #0x02
	cmp r1, r0
	beq _080652F8
	cmp r1, r0
	bgt _080652F0
	ldr r0, _08065278 @ =0x0000203B
	cmp r1, r0
	beq _08065310
	b _08065326
_08065274: .4byte 0x00002192
_08065278: .4byte 0x0000203B
_0806527C:
	ldr r0, _08065290 @ =0x000025A0
	cmp r1, r0
	beq _08065324
	cmp r1, r0
	bgt _08065298
	ldr r0, _08065294 @ =0x00002193
	cmp r1, r0
	beq _080652F4
	b _08065326
	.byte 0x00, 0x00
_08065290: .4byte 0x000025A0
_08065294: .4byte 0x00002193
_08065298:
	ldr r0, _080652A0 @ =0x00002605
	cmp r1, r0
	beq _08065320
	b _08065326
_080652A0: .4byte 0x00002605
_080652A4:
	ldr r0, _080652C0 @ =0x0000300D
	cmp r1, r0
	beq _08065304
	cmp r1, r0
	bgt _080652D4
	ldr r0, _080652C4 @ =0x0000266A
	cmp r1, r0
	beq _08065314
	cmp r1, r0
	bgt _080652C8
	subs r0, #0x28
	cmp r1, r0
	beq _08065318
	b _08065326
_080652C0: .4byte 0x0000300D
_080652C4: .4byte 0x0000266A
_080652C8:
	ldr r0, _080652D0 @ =0x0000300C
	cmp r1, r0
	beq _08065300
	b _08065326
_080652D0: .4byte 0x0000300C
_080652D4:
	ldr r0, _080652EC @ =0x0000300F
	cmp r1, r0
	beq _0806530C
	cmp r1, r0
	blt _08065308
	movs r0, #0xE0
	lsls r0, r0, #0x08
	cmp r1, r0
	bne _08065326
	movs r4, #0x19
	b _08065326
	.byte 0x00, 0x00
_080652EC: .4byte 0x0000300F
_080652F0:
	movs r4, #0x0A
	b _08065326
_080652F4:
	movs r4, #0x0B
	b _08065326
_080652F8:
	movs r4, #0x0C
	b _08065326
_080652FC:
	movs r4, #0x0D
	b _08065326
_08065300:
	movs r4, #0x01
	b _08065326
_08065304:
	movs r4, #0x02
	b _08065326
_08065308:
	movs r4, #0x03
	b _08065326
_0806530C:
	movs r4, #0x04
	b _08065326
_08065310:
	movs r4, #0x06
	b _08065326
_08065314:
	movs r4, #0x12
	b _08065326
_08065318:
	movs r4, #0x08
	b _08065326
_0806531C:
	movs r4, #0x09
	b _08065326
_08065320:
	movs r4, #0x15
	b _08065326
_08065324:
	movs r4, #0x11
_08065326:
	ldr r7, _080653C0 @ =0x02034A90
	ldrb r0, [r7, #0x00]
	ldr r5, _080653C4 @ =0x02034A84
	ldr r2, [r5, #0x00]
	lsls r1, r0, #0x01
	adds r1, r1, r0
	lsls r1, r1, #0x03
	adds r1, r1, r2
	ldr r0, [r1, #0x08]
	cmp r0, #0x00
	beq _08065350
	bl func_080028C0
	ldrb r1, [r7, #0x00]
	ldr r2, [r5, #0x00]
	lsls r0, r1, #0x01
	adds r0, r0, r1
	lsls r0, r0, #0x03
	adds r0, r0, r2
	movs r1, #0x00
	str r1, [r0, #0x08]
_08065350:
	ldr r0, _080653C8 @ =0x08F7D438
	lsls r1, r4, #0x01
	adds r1, r1, r0
	movs r2, #0x00
	ldsh r0, [r1, r2]
	lsls r0, r0, #0x08
	add r10, r0
	cmp r4, #0x20
	beq _08065388
	ldr r1, _080653CC @ =0x09EEC134
	lsls r0, r4, #0x02
	adds r0, r0, r1
	ldr r0, [r0, #0x00]
	ldrh r4, [r0, #0x06]
	lsls r0, r4, #0x05
	ldr r1, _080653D0 @ =0x090CBFB2
	adds r0, r0, r1
	movs r1, #0x80
	bl func_080026A4
	ldrb r2, [r7, #0x00]
	ldr r1, _080653C4 @ =0x02034A84
	ldr r3, [r1, #0x00]
	lsls r1, r2, #0x01
	adds r1, r1, r2
	lsls r1, r1, #0x03
	adds r1, r1, r3
	str r0, [r1, #0x08]
_08065388:
	ldrb r0, [r7, #0x00]
	adds r0, #0x01
	strb r0, [r7, #0x00]
	movs r0, #0x9B
	lsls r0, r0, #0x08
	adds r5, r7, #0x0
	cmp r10, r0
	ble _080653A2
	movs r2, #0x00
	mov r10, r2
	movs r0, #0xC0
	lsls r0, r0, #0x04
	add r8, r0
_080653A2:
	adds r6, #0x02
	ldrh r0, [r6, #0x00]
	cmp r0, #0x00
	beq _080653AC
	b _080651AE
_080653AC:
	ldrb r0, [r5, #0x00]
_080653AE:
	add sp, #0x00C
	pop {r3, r4, r5}
	mov r8, r3
	mov r9, r4
	mov r10, r5
	pop {r4, r5, r6, r7}
	pop {r1}
	bx r1
	.byte 0x00, 0x00
_080653C0: .4byte 0x02034A90
_080653C4: .4byte 0x02034A84
_080653C8: .4byte 0x08F7D438
_080653CC: .4byte 0x09EEC134
_080653D0: .4byte 0x090CBFB2
	.byte 0xF0, 0xB5, 0x57, 0x46, 0x4E, 0x46, 0x45, 0x46, 0xE0, 0xB4, 0x82, 0xB0, 0x82, 0x46, 0x89, 0x46
	.byte 0x16, 0x1C, 0x00, 0x21, 0x00, 0x22, 0x68, 0x46, 0x01, 0x80, 0x69, 0x46, 0x02, 0x31, 0x0A, 0x70
	.byte 0x00, 0x20, 0x80, 0x46, 0x00, 0x27, 0x00, 0x25, 0x01, 0x95, 0x03, 0x48, 0x00, 0x68, 0x0C, 0x1C
	.byte 0x00, 0x28, 0x03, 0xD1, 0x00, 0x20, 0x45, 0xE2, 0x84, 0x4A, 0x03, 0x02, 0x16, 0x48, 0x02, 0x70
	.byte 0x31, 0x78, 0x03, 0x1C, 0x00, 0x29, 0x00, 0xD1, 0x3B, 0xE2, 0x00, 0x21, 0x68, 0x46, 0x01, 0x80
	.byte 0x19, 0x78, 0x12, 0x48, 0x02, 0x68, 0x48, 0x00, 0x40, 0x18, 0xC0, 0x00, 0x80, 0x18, 0x51, 0x46
	.byte 0x41, 0x44, 0x01, 0x60, 0x19, 0x78, 0x48, 0x00, 0x40, 0x18, 0xC0, 0x00, 0x80, 0x18, 0x4D, 0x46
	.byte 0xE9, 0x19, 0x41, 0x60, 0x19, 0x78, 0x48, 0x00, 0x40, 0x18, 0xC0, 0x00, 0x80, 0x18, 0x01, 0x21
	.byte 0x41, 0x75, 0x31, 0x88, 0x06, 0x48, 0x81, 0x42, 0x0C, 0xD1, 0x00, 0x20, 0x80, 0x46, 0xC0, 0x21
	.byte 0x09, 0x01, 0x7F, 0x18, 0x02, 0x36, 0x10, 0xE2, 0x90, 0x4A, 0x03, 0x02, 0x84, 0x4A, 0x03, 0x02
	.byte 0x6E, 0x6E, 0x00, 0x00, 0x35, 0x88, 0x28, 0x0A, 0x29, 0x02, 0x08, 0x43, 0x00, 0x04, 0x05, 0x0C
	.byte 0x02, 0x36, 0xFF, 0x20, 0x00, 0x02, 0x28, 0x40, 0x81, 0x21, 0x09, 0x02, 0x88, 0x42, 0x00, 0xD0
	.byte 0x68, 0xE1, 0xFF, 0x20, 0x28, 0x40, 0x40, 0x38, 0x69, 0x28, 0x00, 0xD9, 0x20, 0xE1, 0x80, 0x00
	.byte 0x01, 0x49, 0x40, 0x18, 0x00, 0x68, 0x87, 0x46, 0xB0, 0x54, 0x06, 0x08, 0x58, 0x56, 0x06, 0x08
	.byte 0x64, 0x56, 0x06, 0x08, 0x68, 0x56, 0x06, 0x08, 0xD6, 0x56, 0x06, 0x08, 0x6C, 0x56, 0x06, 0x08
	.byte 0x70, 0x56, 0x06, 0x08, 0xE4, 0x56, 0x06, 0x08, 0xE4, 0x56, 0x06, 0x08, 0x74, 0x56, 0x06, 0x08
	.byte 0x78, 0x56, 0x06, 0x08, 0xE4, 0x56, 0x06, 0x08, 0xE4, 0x56, 0x06, 0x08, 0xE4, 0x56, 0x06, 0x08
	.byte 0xE4, 0x56, 0x06, 0x08, 0xE4, 0x56, 0x06, 0x08, 0xE4, 0x56, 0x06, 0x08, 0xE4, 0x56, 0x06, 0x08
	.byte 0xE4, 0x56, 0x06, 0x08, 0xE4, 0x56, 0x06, 0x08, 0xE4, 0x56, 0x06, 0x08, 0xE4, 0x56, 0x06, 0x08
	.byte 0xE4, 0x56, 0x06, 0x08, 0xE4, 0x56, 0x06, 0x08, 0xE4, 0x56, 0x06, 0x08, 0x7C, 0x56, 0x06, 0x08
	.byte 0xE4, 0x56, 0x06, 0x08, 0xE4, 0x56, 0x06, 0x08, 0x86, 0x56, 0x06, 0x08, 0x8A, 0x56, 0x06, 0x08
	.byte 0xE4, 0x56, 0x06, 0x08, 0xD2, 0x56, 0x06, 0x08, 0xE4, 0x56, 0x06, 0x08, 0x8E, 0x56, 0x06, 0x08
	.byte 0xE4, 0x56, 0x06, 0x08, 0xE4, 0x56, 0x06, 0x08, 0x92, 0x56, 0x06, 0x08, 0xE4, 0x56, 0x06, 0x08
	.byte 0xE4, 0x56, 0x06, 0x08, 0xA6, 0x56, 0x06, 0x08, 0xE4, 0x56, 0x06, 0x08, 0xE4, 0x56, 0x06, 0x08
	.byte 0xAA, 0x56, 0x06, 0x08, 0xAE, 0x56, 0x06, 0x08, 0xE4, 0x56, 0x06, 0x08, 0xE4, 0x56, 0x06, 0x08
	.byte 0xE4, 0x56, 0x06, 0x08, 0xE4, 0x56, 0x06, 0x08, 0xE4, 0x56, 0x06, 0x08, 0xE4, 0x56, 0x06, 0x08
	.byte 0xE4, 0x56, 0x06, 0x08, 0xE4, 0x56, 0x06, 0x08, 0xE4, 0x56, 0x06, 0x08, 0xE4, 0x56, 0x06, 0x08
	.byte 0x96, 0x56, 0x06, 0x08, 0x9A, 0x56, 0x06, 0x08, 0x9E, 0x56, 0x06, 0x08, 0xA2, 0x56, 0x06, 0x08
	.byte 0xE4, 0x56, 0x06, 0x08, 0xE4, 0x56, 0x06, 0x08, 0xBA, 0x56, 0x06, 0x08, 0xBE, 0x56, 0x06, 0x08
	.byte 0xE4, 0x56, 0x06, 0x08, 0xE4, 0x56, 0x06, 0x08, 0xE4, 0x56, 0x06, 0x08, 0xE4, 0x56, 0x06, 0x08
	.byte 0xC6, 0x56, 0x06, 0x08, 0xE4, 0x56, 0x06, 0x08, 0xE4, 0x56, 0x06, 0x08, 0xE4, 0x56, 0x06, 0x08
	.byte 0xE4, 0x56, 0x06, 0x08, 0xE4, 0x56, 0x06, 0x08, 0xE4, 0x56, 0x06, 0x08, 0xE4, 0x56, 0x06, 0x08
	.byte 0xE4, 0x56, 0x06, 0x08, 0xE4, 0x56, 0x06, 0x08, 0xE4, 0x56, 0x06, 0x08, 0xE4, 0x56, 0x06, 0x08
	.byte 0xE4, 0x56, 0x06, 0x08, 0xE4, 0x56, 0x06, 0x08, 0xE4, 0x56, 0x06, 0x08, 0xE4, 0x56, 0x06, 0x08
	.byte 0xE4, 0x56, 0x06, 0x08, 0xE4, 0x56, 0x06, 0x08, 0xCA, 0x56, 0x06, 0x08, 0xE4, 0x56, 0x06, 0x08
	.byte 0xE4, 0x56, 0x06, 0x08, 0xCE, 0x56, 0x06, 0x08, 0xE4, 0x56, 0x06, 0x08, 0xE4, 0x56, 0x06, 0x08
	.byte 0xE4, 0x56, 0x06, 0x08, 0xDA, 0x56, 0x06, 0x08, 0xE4, 0x56, 0x06, 0x08, 0xE4, 0x56, 0x06, 0x08
	.byte 0xE4, 0x56, 0x06, 0x08, 0xE4, 0x56, 0x06, 0x08, 0xE4, 0x56, 0x06, 0x08, 0xE4, 0x56, 0x06, 0x08
	.byte 0xE4, 0x56, 0x06, 0x08, 0xE4, 0x56, 0x06, 0x08, 0xE4, 0x56, 0x06, 0x08, 0xE4, 0x56, 0x06, 0x08
	.byte 0xE4, 0x56, 0x06, 0x08, 0xC2, 0x56, 0x06, 0x08, 0xE4, 0x56, 0x06, 0x08, 0xB2, 0x56, 0x06, 0x08
	.byte 0xB6, 0x56, 0x06, 0x08, 0x00, 0x20, 0x00, 0x22, 0x69, 0x46, 0x08, 0x80, 0x22, 0x70, 0x3F, 0xE0
	.byte 0xF5, 0x20, 0x39, 0xE0, 0xF6, 0x20, 0x37, 0xE0, 0xF7, 0x20, 0x35, 0xE0, 0xF9, 0x20, 0x33, 0xE0
	.byte 0xF1, 0x20, 0x31, 0xE0, 0xF0, 0x20, 0x2F, 0xE0, 0x14, 0x20, 0x69, 0x46, 0x08, 0x80, 0x02, 0x20
	.byte 0x2D, 0xE0, 0xFD, 0x20, 0x28, 0xE0, 0xFC, 0x20, 0x26, 0xE0, 0xFE, 0x20, 0x24, 0xE0, 0xFB, 0x20
	.byte 0x22, 0xE0, 0xE8, 0x20, 0x20, 0xE0, 0xE9, 0x20, 0x1E, 0xE0, 0xEA, 0x20, 0x1C, 0xE0, 0xEB, 0x20
	.byte 0x1A, 0xE0, 0xFF, 0x20, 0x18, 0xE0, 0xEC, 0x20, 0x16, 0xE0, 0xED, 0x20, 0x14, 0xE0, 0xE7, 0x20
	.byte 0x12, 0xE0, 0xE6, 0x20, 0x10, 0xE0, 0xDF, 0x20, 0x0E, 0xE0, 0xFC, 0x20, 0x0C, 0xE0, 0xEE, 0x20
	.byte 0x0A, 0xE0, 0xEF, 0x20, 0x08, 0xE0, 0xF2, 0x20, 0x06, 0xE0, 0xF4, 0x20, 0x04, 0xE0, 0xF3, 0x20
	.byte 0x02, 0xE0, 0xF8, 0x20, 0x00, 0xE0, 0x8E, 0x20, 0x69, 0x46, 0x08, 0x80, 0x00, 0x20, 0x20, 0x70
	.byte 0x18, 0x78, 0x00, 0x28, 0x43, 0xD0, 0x19, 0x4A, 0xA8, 0x18, 0x00, 0x04, 0x00, 0x0C, 0x01, 0x28
	.byte 0x0B, 0xD9, 0x17, 0x48, 0x85, 0x42, 0x08, 0xD8, 0x33, 0x38, 0x85, 0x42, 0x05, 0xD0, 0x15, 0x49
	.byte 0x68, 0x18, 0x00, 0x04, 0x00, 0x0C, 0x01, 0x28, 0x31, 0xD8, 0x42, 0x46, 0x00, 0x2A, 0x2E, 0xD1
	.byte 0x00, 0x2F, 0x2C, 0xDD, 0x01, 0x98, 0xA0, 0x21, 0x09, 0x01, 0x40, 0x18, 0x80, 0x46, 0x0E, 0x4A
	.byte 0xBF, 0x18, 0x0E, 0x4A, 0x11, 0x78, 0x0E, 0x48, 0x03, 0x68, 0x48, 0x00, 0x40, 0x18, 0xC0, 0x00
	.byte 0xC0, 0x18, 0x51, 0x46, 0x41, 0x44, 0x01, 0x60, 0x11, 0x78, 0x48, 0x00, 0x40, 0x18, 0xC0, 0x00
	.byte 0xC0, 0x18, 0x4A, 0x46, 0xD1, 0x19, 0x41, 0x60, 0x11, 0xE0, 0x00, 0x00, 0xBF, 0x7E, 0x00, 0x00
	.byte 0x77, 0x81, 0x00, 0x00, 0xB8, 0x7E, 0x00, 0x00, 0x00, 0xF4, 0xFF, 0xFF, 0x90, 0x4A, 0x03, 0x02
	.byte 0x84, 0x4A, 0x03, 0x02, 0x28, 0x1C, 0x69, 0x46, 0x22, 0x1C, 0x01, 0xF0, 0x67, 0xFB, 0x0C, 0x48
	.byte 0x01, 0x78, 0x0C, 0x48, 0x02, 0x68, 0x48, 0x00, 0x40, 0x18, 0xC0, 0x00, 0x80, 0x18, 0x80, 0x68
	.byte 0x00, 0x28, 0x01, 0xD0, 0x9D, 0xF7, 0x9A, 0xF8, 0x40, 0x46, 0x01, 0x90, 0x06, 0x49, 0x68, 0x18
	.byte 0x00, 0x04, 0x00, 0x0C, 0x3A, 0x28, 0x09, 0xD8, 0xA0, 0x22, 0x12, 0x01, 0x90, 0x44, 0x08, 0xE0
	.byte 0x90, 0x4A, 0x03, 0x02, 0x84, 0x4A, 0x03, 0x02, 0xA0, 0x7D, 0x00, 0x00, 0xA0, 0x25, 0x2D, 0x01
	.byte 0xA8, 0x44, 0x8C, 0x20, 0x00, 0x02, 0x80, 0x45, 0x04, 0xDD, 0x00, 0x20, 0x80, 0x46, 0xC0, 0x21
	.byte 0x09, 0x01, 0x7F, 0x18, 0x20, 0x78, 0x01, 0x28, 0x1C, 0xD0, 0x01, 0x28, 0x02, 0xDC, 0x00, 0x28
	.byte 0x05, 0xD0, 0x55, 0xE0, 0x02, 0x28, 0x27, 0xD0, 0x03, 0x28, 0x37, 0xD0, 0x50, 0xE0, 0x6A, 0x46
	.byte 0x06, 0x49, 0x68, 0x46, 0x00, 0x88, 0x80, 0x00, 0x40, 0x18, 0x00, 0x68, 0xC0, 0x88, 0x10, 0x80
	.byte 0x68, 0x46, 0x00, 0x88, 0x40, 0x01, 0x02, 0x49, 0x35, 0xE0, 0x00, 0x00, 0x04, 0xB2, 0xEE, 0x09
	.byte 0xB2, 0xB5, 0x0A, 0x09, 0x6A, 0x46, 0x06, 0x49, 0x68, 0x46, 0x00, 0x88, 0x80, 0x00, 0x40, 0x18
	.byte 0x00, 0x68, 0xC0, 0x88, 0x10, 0x80, 0x68, 0x46, 0x00, 0x88, 0x40, 0x01, 0x01, 0x49, 0x22, 0xE0
	.byte 0x08, 0xB6, 0xEE, 0x09, 0xBE, 0x3F, 0x0B, 0x09, 0x6A, 0x46, 0x06, 0x49, 0x68, 0x46, 0x00, 0x88
	.byte 0x80, 0x00, 0x40, 0x18, 0x00, 0x68, 0xC0, 0x88, 0x10, 0x80, 0x68, 0x46, 0x00, 0x88, 0x40, 0x01
	.byte 0x01, 0x49, 0x10, 0xE0, 0x0C, 0xBA, 0xEE, 0x09, 0xCA, 0xC9, 0x0B, 0x09, 0x6A, 0x46, 0x15, 0x49
	.byte 0x68, 0x46, 0x00, 0x88, 0x80, 0x00, 0x40, 0x18, 0x00, 0x68, 0xC0, 0x88, 0x10, 0x80, 0x68, 0x46
	.byte 0x00, 0x88, 0x40, 0x01, 0x10, 0x49, 0x40, 0x18, 0x80, 0x21, 0x9C, 0xF7, 0x19, 0xFF, 0x0F, 0x49
	.byte 0x0A, 0x78, 0x0F, 0x49, 0x0B, 0x68, 0x51, 0x00, 0x89, 0x18, 0xC9, 0x00, 0xC9, 0x18, 0x88, 0x60
	.byte 0x0A, 0x49, 0x08, 0x78, 0x01, 0x30, 0x08, 0x70, 0x0B, 0x1C, 0x30, 0x78, 0x00, 0x28, 0x00, 0xD0
	.byte 0xC3, 0xE5, 0x18, 0x78, 0x02, 0xB0, 0x38, 0xBC, 0x98, 0x46, 0xA1, 0x46, 0xAA, 0x46, 0xF0, 0xBC
	.byte 0x02, 0xBC, 0x08, 0x47, 0x10, 0xBE, 0xEE, 0x09, 0xA6, 0x51, 0x0C, 0x09, 0x90, 0x4A, 0x03, 0x02
	.byte 0x84, 0x4A, 0x03, 0x02
	thumb_func_start func_080658B8
func_080658B8: @ 080658B8
	push {r4, r5, r6, r7, lr}
	add sp, #-0x008
	lsls r0, r0, #0x18
	lsrs r7, r0, #0x18
	movs r6, #0x00
	cmp r6, r7
	bcs _08065934
_080658C6:
	ldr r0, _08065904 @ =0x02034A84
	ldr r1, [r0, #0x00]
	lsls r0, r6, #0x01
	adds r0, r0, r6
	lsls r0, r0, #0x03
	adds r3, r0, r1
	ldrb r0, [r3, #0x15]
	cmp r0, #0x01
	bne _0806592A
	ldr r0, [r3, #0x00]
	ldr r1, [r3, #0x04]
	ldrb r4, [r3, #0x14]
	cmp r4, #0x00
	beq _0806590C
	ldr r4, [r3, #0x08]
	cmp r4, #0x00
	beq _0806592A
	lsls r0, r0, #0x08
	asrs r0, r0, #0x10
	lsls r1, r1, #0x08
	asrs r1, r1, #0x10
	ldr r2, _08065908 @ =0x09EEB204
	ldr r2, [r2, #0x00]
	ldr r3, [r3, #0x10]
	str r3, [sp, #0x000]
	movs r3, #0x00
	str r3, [sp, #0x004]
	adds r3, r4, #0x0
	bl func_08002488
	b _0806592A
_08065904: .4byte 0x02034A84
_08065908: .4byte 0x09EEB204
_0806590C:
	ldr r5, [r3, #0x08]
	cmp r5, #0x00
	beq _0806592A
	lsls r0, r0, #0x08
	asrs r0, r0, #0x10
	lsls r1, r1, #0x08
	asrs r1, r1, #0x10
	ldr r2, _0806593C @ =0x09EEB204
	ldr r2, [r2, #0x00]
	ldr r3, [r3, #0x0C]
	str r3, [sp, #0x000]
	str r4, [sp, #0x004]
	adds r3, r5, #0x0
	bl func_08002488
_0806592A:
	adds r0, r6, #0x1
	lsls r0, r0, #0x18
	lsrs r6, r0, #0x18
	cmp r6, r7
	bcc _080658C6
_08065934:
	add sp, #0x008
	pop {r4, r5, r6, r7}
	pop {r0}
	bx r0
_0806593C: .4byte 0x09EEB204
	thumb_func_start func_08065940
func_08065940: @ 08065940
	push {r4, r5, r6, lr}
	movs r5, #0x00
	ldr r6, _08065990 @ =0x02034A84
_08065946:
	ldr r1, [r6, #0x00]
	lsls r0, r5, #0x01
	adds r0, r0, r5
	lsls r4, r0, #0x03
	adds r1, r4, r1
	ldr r0, [r1, #0x08]
	cmp r0, #0x00
	beq _0806595A
	bl func_080028C0
_0806595A:
	ldr r0, [r6, #0x00]
	adds r0, r4, r0
	ldr r0, [r0, #0x0C]
	cmp r0, #0x00
	beq _08065968
	bl func_08002C10
_08065968:
	ldr r0, [r6, #0x00]
	adds r0, r4, r0
	ldr r0, [r0, #0x10]
	cmp r0, #0x00
	beq _08065976
	bl func_08002C10
_08065976:
	adds r0, r5, #0x1
	lsls r0, r0, #0x18
	lsrs r5, r0, #0x18
	cmp r0, #0x00
	bge _08065946
	ldr r0, _08065990 @ =0x02034A84
	ldr r0, [r0, #0x00]
	bl func_080009C4
	pop {r4, r5, r6}
	pop {r0}
	bx r0
	.byte 0x00, 0x00
_08065990: .4byte 0x02034A84
	.byte 0x10, 0xB5, 0x00, 0x22, 0x07, 0x4C, 0x00, 0x23, 0x20, 0x68, 0x51, 0x00, 0x89, 0x18, 0xC9, 0x00
	.byte 0x09, 0x18, 0x4B, 0x75, 0x50, 0x1C, 0x00, 0x06, 0x02, 0x0E, 0x00, 0x28, 0xF4, 0xDA, 0x10, 0xBC
	.byte 0x01, 0xBC, 0x00, 0x47, 0x84, 0x4A, 0x03, 0x02, 0x30, 0xB5, 0x82, 0xB0, 0x0D, 0x1C, 0x00, 0x06
	.byte 0x04, 0x0E, 0x20, 0x1C, 0x0A, 0x21, 0xB7, 0xF0, 0xC3, 0xFE, 0x01, 0x1C, 0x08, 0x06, 0x02, 0x0E
	.byte 0x00, 0x2A, 0x18, 0xD0, 0x68, 0x46, 0x00, 0x23, 0x41, 0x70, 0x6A, 0x46, 0x41, 0x78, 0x88, 0x00
	.byte 0x40, 0x18, 0x40, 0x00, 0x20, 0x1A, 0xD0, 0x70, 0x68, 0x46, 0x82, 0x22, 0x02, 0x70, 0x69, 0x46
	.byte 0x40, 0x78, 0x4F, 0x30, 0x48, 0x70, 0x68, 0x46, 0x82, 0x70, 0xC0, 0x78, 0x4F, 0x30, 0xC8, 0x70
	.byte 0x68, 0x46, 0x03, 0x71, 0x07, 0xE0, 0x69, 0x46, 0x20, 0x1C, 0x4F, 0x30, 0x48, 0x70, 0x82, 0x20
	.byte 0x08, 0x70, 0x68, 0x46, 0x82, 0x70, 0x68, 0x46, 0x29, 0x1C, 0x00, 0xF0, 0x4F, 0xFB, 0x00, 0x04
	.byte 0x00, 0x0C, 0x02, 0xB0, 0x30, 0xBC, 0x02, 0xBC, 0x08, 0x47, 0x00, 0x00, 0x09, 0x06, 0x09, 0x0E
	.byte 0x00, 0x29, 0x04, 0xD0, 0x00, 0x22, 0x04, 0xC0, 0x01, 0x39, 0x00, 0x29, 0xFB, 0xD1, 0x70, 0x47
	.byte 0x70, 0xB5, 0x04, 0x1C, 0x09, 0x06, 0x09, 0x0E, 0x00, 0x29, 0x0B, 0xD0, 0x00, 0x26, 0x0D, 0x1C
	.byte 0x20, 0x68, 0x00, 0x28, 0x02, 0xD0, 0x9C, 0xF7, 0x31, 0xFF, 0x26, 0x60, 0x04, 0x34, 0x01, 0x3D
	.byte 0x00, 0x2D, 0xF5, 0xD1, 0x70, 0xBC, 0x01, 0xBC, 0x00, 0x47, 0x00, 0x00, 0x70, 0xB5, 0x82, 0xB0
	.byte 0x0E, 0x1C, 0x00, 0x06, 0x05, 0x0E, 0x09, 0x2D, 0x14, 0xD9, 0x6C, 0x46, 0x28, 0x1C, 0x0A, 0x21
	.byte 0xB7, 0xF0, 0x66, 0xFE, 0x00, 0x06, 0x00, 0x0E, 0x01, 0x1C, 0x30, 0x31, 0x00, 0x23, 0x21, 0x80
	.byte 0x6A, 0x46, 0x81, 0x00, 0x09, 0x18, 0x49, 0x00, 0x69, 0x1A, 0x30, 0x31, 0x51, 0x80, 0x68, 0x46
	.byte 0x83, 0x80, 0x06, 0xE0, 0x69, 0x46, 0x28, 0x1C, 0x30, 0x30, 0x00, 0x22, 0x08, 0x80, 0x68, 0x46
	.byte 0x42, 0x80, 0x68, 0x46, 0x31, 0x1C, 0x00, 0xF0, 0x57, 0xF8, 0x00, 0x04, 0x00, 0x0C, 0x02, 0xB0
	.byte 0x70, 0xBC, 0x02, 0xBC, 0x08, 0x47, 0x00, 0x00
	thumb_func_start func_08065ACC
func_08065ACC: @ 08065ACC
	cmp r1, #0x00
	ble _08065ADE
	movs r2, #0x00
_08065AD2:
	str r2, [r0, #0x00]
	strb r2, [r0, #0x05]
	adds r0, #0x08
	subs r1, #0x01
	cmp r1, #0x00
	bne _08065AD2
_08065ADE:
	bx lr
	thumb_func_start func_08065AE0
func_08065AE0: @ 08065AE0
	push {r4, r5, r6, lr}
	adds r4, r0, #0x0
	cmp r1, #0x00
	ble _08065B02
	movs r6, #0x00
	adds r5, r1, #0x0
_08065AEC:
	ldr r0, [r4, #0x00]
	cmp r0, #0x00
	beq _08065AF8
	bl func_080028C0
	str r6, [r4, #0x00]
_08065AF8:
	strb r6, [r4, #0x05]
	adds r4, #0x08
	subs r5, #0x01
	cmp r5, #0x00
	bne _08065AEC
_08065B02:
	pop {r4, r5, r6}
	pop {r0}
	bx r0
	thumb_func_start func_08065B08
func_08065B08: @ 08065B08
	push {r4, r5, r6, lr}
	lsls r1, r1, #0x18
	lsrs r4, r1, #0x18
	movs r3, #0x00
	movs r5, #0x00
	cmp r3, r4
	bge _08065B48
	movs r6, #0x01
	negs r6, r6
	adds r2, r0, #0x0
_08065B1C:
	ldr r0, [r2, #0x00]
	cmp r0, #0x00
	beq _08065B48
	movs r0, #0x05
	ldsb r0, [r2, r0]
	cmp r0, r6
	bne _08065B34
	lsls r0, r3, #0x10
	movs r1, #0xC0
	lsls r1, r1, #0x0A
	adds r0, r0, r1
	b _08065B3E
_08065B34:
	adds r1, r0, #0x0
	lsls r0, r3, #0x10
	asrs r0, r0, #0x10
	adds r0, r0, r1
	lsls r0, r0, #0x10
_08065B3E:
	lsrs r3, r0, #0x10
	adds r2, #0x08
	adds r5, #0x01
	cmp r5, r4
	blt _08065B1C
_08065B48:
	lsls r0, r3, #0x10
	asrs r0, r0, #0x10
	pop {r4, r5, r6}
	pop {r1}
	bx r1
	.byte 0x00, 0x00
	thumb_func_start func_08065B54
func_08065B54: @ 08065B54
	movs r2, #0x00
	adds r1, r0, #0x0
	b _08065B62
_08065B5A:
	adds r0, r2, #0x1
	lsls r0, r0, #0x10
	lsrs r2, r0, #0x10
	adds r1, #0x02
_08065B62:
	ldrh r0, [r1, #0x00]
	cmp r0, #0x00
	bne _08065B5A
	adds r0, r2, #0x0
	bx lr
	thumb_func_start func_08065B6C
func_08065B6C: @ 08065B6C
	push {lr}
	bl func_08065B7C
	lsls r0, r0, #0x10
	lsrs r0, r0, #0x10
	pop {r1}
	bx r1
	.byte 0x00, 0x00
	thumb_func_start func_08065B7C
func_08065B7C: @ 08065B7C
	push {r4, r5, r6, r7, lr}
	mov r7, r8
	push {r7}
	adds r6, r0, #0x0
	adds r5, r1, #0x0
	movs r7, #0x00
	ldr r0, _08065BAC @ =0x02034A90
	strb r7, [r0, #0x00]
	ldrh r1, [r6, #0x00]
	mov r8, r0
	cmp r1, #0x00
	bne _08065B96
	b _08065CF6
_08065B96:
	movs r4, #0x00
	cmp r1, #0x0A
	bne _08065BB0
	ldr r0, [r5, #0x00]
	cmp r0, #0x00
	beq _08065BA8
	bl func_080028C0
	str r4, [r5, #0x00]
_08065BA8:
	strb r4, [r5, #0x05]
	b _08065CE2
_08065BAC: .4byte 0x02034A90
_08065BB0:
	adds r0, r1, #0x0
	subs r0, #0x20
	lsls r0, r0, #0x10
	lsrs r0, r0, #0x10
	cmp r0, #0xDF
	bhi _08065BC0
	ldrh r4, [r6, #0x00]
	b _08065CA2
_08065BC0:
	ldrh r1, [r6, #0x00]
	movs r0, #0x99
	lsls r0, r0, #0x06
	cmp r1, r0
	beq _08065C94
	cmp r1, r0
	bgt _08065C1C
	ldr r0, _08065BEC @ =0x00002192
	cmp r1, r0
	beq _08065C74
	cmp r1, r0
	bgt _08065BF4
	subs r0, #0x02
	cmp r1, r0
	beq _08065C70
	cmp r1, r0
	bgt _08065C68
	ldr r0, _08065BF0 @ =0x0000203B
	cmp r1, r0
	beq _08065C88
	b _08065CA0
	.byte 0x00, 0x00
_08065BEC: .4byte 0x00002192
_08065BF0: .4byte 0x0000203B
_08065BF4:
	ldr r0, _08065C08 @ =0x000025A0
	cmp r1, r0
	beq _08065C9C
	cmp r1, r0
	bgt _08065C10
	ldr r0, _08065C0C @ =0x00002193
	cmp r1, r0
	beq _08065C6C
	b _08065CA0
	.byte 0x00, 0x00
_08065C08: .4byte 0x000025A0
_08065C0C: .4byte 0x00002193
_08065C10:
	ldr r0, _08065C18 @ =0x00002605
	cmp r1, r0
	beq _08065C98
	b _08065CA0
_08065C18: .4byte 0x00002605
_08065C1C:
	ldr r0, _08065C38 @ =0x0000300D
	cmp r1, r0
	beq _08065C7C
	cmp r1, r0
	bgt _08065C4C
	ldr r0, _08065C3C @ =0x0000266A
	cmp r1, r0
	beq _08065C8C
	cmp r1, r0
	bgt _08065C40
	subs r0, #0x28
	cmp r1, r0
	beq _08065C90
	b _08065CA0
_08065C38: .4byte 0x0000300D
_08065C3C: .4byte 0x0000266A
_08065C40:
	ldr r0, _08065C48 @ =0x0000300C
	cmp r1, r0
	beq _08065C78
	b _08065CA0
_08065C48: .4byte 0x0000300C
_08065C4C:
	ldr r0, _08065C64 @ =0x0000300F
	cmp r1, r0
	beq _08065C84
	cmp r1, r0
	blt _08065C80
	movs r0, #0xE0
	lsls r0, r0, #0x08
	cmp r1, r0
	bne _08065CA0
	movs r4, #0x19
	b _08065CA2
	.byte 0x00, 0x00
_08065C64: .4byte 0x0000300F
_08065C68:
	movs r4, #0x0A
	b _08065CA2
_08065C6C:
	movs r4, #0x0B
	b _08065CA2
_08065C70:
	movs r4, #0x0C
	b _08065CA2
_08065C74:
	movs r4, #0x0D
	b _08065CA2
_08065C78:
	movs r4, #0x01
	b _08065CA2
_08065C7C:
	movs r4, #0x02
	b _08065CA2
_08065C80:
	movs r4, #0x03
	b _08065CA2
_08065C84:
	movs r4, #0x04
	b _08065CA2
_08065C88:
	movs r4, #0x06
	b _08065CA2
_08065C8C:
	movs r4, #0x12
	b _08065CA2
_08065C90:
	movs r4, #0x08
	b _08065CA2
_08065C94:
	movs r4, #0x09
	b _08065CA2
_08065C98:
	movs r4, #0x15
	b _08065CA2
_08065C9C:
	movs r4, #0x11
	b _08065CA2
_08065CA0:
	movs r4, #0x00
_08065CA2:
	ldr r0, [r5, #0x00]
	cmp r0, #0x00
	beq _08065CB0
	bl func_080028C0
	movs r0, #0x00
	str r0, [r5, #0x00]
_08065CB0:
	cmp r4, #0x20
	beq _08065CC4
	ldr r0, _08065CC0 @ =0x08F7D438
	lsls r1, r4, #0x01
	adds r1, r1, r0
	ldrh r0, [r1, #0x00]
	b _08065CC6
	.byte 0x00, 0x00
_08065CC0: .4byte 0x08F7D438
_08065CC4:
	movs r0, #0xFF
_08065CC6:
	strb r0, [r5, #0x05]
	ldr r1, _08065D04 @ =0x09EEC134
	lsls r0, r4, #0x02
	adds r0, r0, r1
	ldr r0, [r0, #0x00]
	ldrh r4, [r0, #0x06]
	lsls r0, r4, #0x05
	ldr r1, _08065D08 @ =0x090CBFB2
	adds r0, r0, r1
	movs r1, #0x80
	bl func_080026A4
	str r0, [r5, #0x00]
	strb r7, [r5, #0x04]
_08065CE2:
	ldr r1, _08065D0C @ =0x02034A90
	ldrb r0, [r1, #0x00]
	adds r0, #0x01
	strb r0, [r1, #0x00]
	adds r5, #0x08
	adds r6, #0x02
	ldrh r1, [r6, #0x00]
	cmp r1, #0x00
	beq _08065CF6
	b _08065B96
_08065CF6:
	mov r1, r8
	ldrb r0, [r1, #0x00]
	pop {r3}
	mov r8, r3
	pop {r4, r5, r6, r7}
	pop {r1}
	bx r1
_08065D04: .4byte 0x09EEC134
_08065D08: .4byte 0x090CBFB2
_08065D0C: .4byte 0x02034A90
	.byte 0xF0, 0xB5, 0x4F, 0x46, 0x46, 0x46, 0xC0, 0xB4, 0x82, 0xB0, 0x80, 0x46, 0x0E, 0x1C, 0x01, 0xAA
	.byte 0x00, 0x20, 0x00, 0x21, 0x10, 0x80, 0x68, 0x46, 0x06, 0x30, 0x01, 0x70, 0x00, 0x21, 0x89, 0x46
	.byte 0x43, 0x46, 0x19, 0x88, 0x14, 0x1C, 0x05, 0x1C, 0x00, 0x29, 0x00, 0xD1, 0xB4, 0xE1, 0x68, 0x46
	.byte 0x00, 0x27, 0x01, 0x70, 0x69, 0x46, 0x42, 0x46, 0x50, 0x88, 0x48, 0x70, 0x6A, 0x46, 0x11, 0x88
	.byte 0x06, 0x48, 0x81, 0x42, 0x0C, 0xD1, 0x04, 0x23, 0x98, 0x44, 0x30, 0x68, 0x00, 0x28, 0x01, 0xD0
	.byte 0x9C, 0xF7, 0xAE, 0xFD, 0x37, 0x60, 0x77, 0x71, 0x93, 0xE1, 0x00, 0x00, 0x6E, 0x6E, 0x00, 0x00
	.byte 0x12, 0x88, 0x10, 0x0A, 0x11, 0x02, 0x08, 0x43, 0x00, 0x04, 0x02, 0x0C, 0x04, 0x20, 0x80, 0x44
	.byte 0xFF, 0x20, 0x00, 0x02, 0x10, 0x40, 0x81, 0x21, 0x09, 0x02, 0x88, 0x42, 0x00, 0xD0, 0x26, 0xE1
	.byte 0xFF, 0x20, 0x02, 0x40, 0x10, 0x1C, 0x40, 0x38, 0x69, 0x28, 0x00, 0xD9, 0x24, 0xE1, 0x80, 0x00
	.byte 0x01, 0x49, 0x40, 0x18, 0x00, 0x68, 0x87, 0x46, 0xAC, 0x5D, 0x06, 0x08, 0x54, 0x5F, 0x06, 0x08
	.byte 0x5E, 0x5F, 0x06, 0x08, 0x62, 0x5F, 0x06, 0x08, 0xD0, 0x5F, 0x06, 0x08, 0xE8, 0x5F, 0x06, 0x08
	.byte 0x66, 0x5F, 0x06, 0x08, 0x6A, 0x5F, 0x06, 0x08, 0xE8, 0x5F, 0x06, 0x08, 0x6E, 0x5F, 0x06, 0x08
	.byte 0x72, 0x5F, 0x06, 0x08, 0xE8, 0x5F, 0x06, 0x08, 0xE8, 0x5F, 0x06, 0x08, 0xE8, 0x5F, 0x06, 0x08
	.byte 0xE8, 0x5F, 0x06, 0x08, 0xE8, 0x5F, 0x06, 0x08, 0xE8, 0x5F, 0x06, 0x08, 0xE8, 0x5F, 0x06, 0x08
	.byte 0xE8, 0x5F, 0x06, 0x08, 0xE8, 0x5F, 0x06, 0x08, 0xE8, 0x5F, 0x06, 0x08, 0xE8, 0x5F, 0x06, 0x08
	.byte 0xE8, 0x5F, 0x06, 0x08, 0xE8, 0x5F, 0x06, 0x08, 0xE8, 0x5F, 0x06, 0x08, 0x76, 0x5F, 0x06, 0x08
	.byte 0xE8, 0x5F, 0x06, 0x08, 0xE8, 0x5F, 0x06, 0x08, 0x80, 0x5F, 0x06, 0x08, 0x84, 0x5F, 0x06, 0x08
	.byte 0xE8, 0x5F, 0x06, 0x08, 0xCC, 0x5F, 0x06, 0x08, 0xE8, 0x5F, 0x06, 0x08, 0x88, 0x5F, 0x06, 0x08
	.byte 0xE8, 0x5F, 0x06, 0x08, 0xE8, 0x5F, 0x06, 0x08, 0x8C, 0x5F, 0x06, 0x08, 0xE8, 0x5F, 0x06, 0x08
	.byte 0xE8, 0x5F, 0x06, 0x08, 0xA0, 0x5F, 0x06, 0x08, 0xE8, 0x5F, 0x06, 0x08, 0xE8, 0x5F, 0x06, 0x08
	.byte 0xA4, 0x5F, 0x06, 0x08, 0xA8, 0x5F, 0x06, 0x08, 0xE8, 0x5F, 0x06, 0x08, 0xE8, 0x5F, 0x06, 0x08
	.byte 0xE8, 0x5F, 0x06, 0x08, 0xE8, 0x5F, 0x06, 0x08, 0xE8, 0x5F, 0x06, 0x08, 0xE8, 0x5F, 0x06, 0x08
	.byte 0xE8, 0x5F, 0x06, 0x08, 0xE8, 0x5F, 0x06, 0x08, 0xE8, 0x5F, 0x06, 0x08, 0xE8, 0x5F, 0x06, 0x08
	.byte 0x90, 0x5F, 0x06, 0x08, 0x94, 0x5F, 0x06, 0x08, 0x98, 0x5F, 0x06, 0x08, 0x9C, 0x5F, 0x06, 0x08
	.byte 0xE8, 0x5F, 0x06, 0x08, 0xE8, 0x5F, 0x06, 0x08, 0xB4, 0x5F, 0x06, 0x08, 0xB8, 0x5F, 0x06, 0x08
	.byte 0xE8, 0x5F, 0x06, 0x08, 0xE8, 0x5F, 0x06, 0x08, 0xE8, 0x5F, 0x06, 0x08, 0xE8, 0x5F, 0x06, 0x08
	.byte 0xC0, 0x5F, 0x06, 0x08, 0xE8, 0x5F, 0x06, 0x08, 0xE8, 0x5F, 0x06, 0x08, 0xE8, 0x5F, 0x06, 0x08
	.byte 0xE8, 0x5F, 0x06, 0x08, 0xE8, 0x5F, 0x06, 0x08, 0xE8, 0x5F, 0x06, 0x08, 0xE8, 0x5F, 0x06, 0x08
	.byte 0xE8, 0x5F, 0x06, 0x08, 0xE8, 0x5F, 0x06, 0x08, 0xE8, 0x5F, 0x06, 0x08, 0xE8, 0x5F, 0x06, 0x08
	.byte 0xE8, 0x5F, 0x06, 0x08, 0xE8, 0x5F, 0x06, 0x08, 0xE8, 0x5F, 0x06, 0x08, 0xE8, 0x5F, 0x06, 0x08
	.byte 0xE8, 0x5F, 0x06, 0x08, 0xE8, 0x5F, 0x06, 0x08, 0xC4, 0x5F, 0x06, 0x08, 0xE8, 0x5F, 0x06, 0x08
	.byte 0xE8, 0x5F, 0x06, 0x08, 0xC8, 0x5F, 0x06, 0x08, 0xE8, 0x5F, 0x06, 0x08, 0xE8, 0x5F, 0x06, 0x08
	.byte 0xE8, 0x5F, 0x06, 0x08, 0xD4, 0x5F, 0x06, 0x08, 0xE8, 0x5F, 0x06, 0x08, 0xE8, 0x5F, 0x06, 0x08
	.byte 0xE8, 0x5F, 0x06, 0x08, 0xE8, 0x5F, 0x06, 0x08, 0xE8, 0x5F, 0x06, 0x08, 0xE8, 0x5F, 0x06, 0x08
	.byte 0xE8, 0x5F, 0x06, 0x08, 0xE8, 0x5F, 0x06, 0x08, 0xE8, 0x5F, 0x06, 0x08, 0xE8, 0x5F, 0x06, 0x08
	.byte 0xE8, 0x5F, 0x06, 0x08, 0xBC, 0x5F, 0x06, 0x08, 0xE8, 0x5F, 0x06, 0x08, 0xAC, 0x5F, 0x06, 0x08
	.byte 0xB0, 0x5F, 0x06, 0x08, 0x00, 0x20, 0x00, 0x21, 0x20, 0x80, 0x29, 0x70, 0x44, 0xE0, 0xF5, 0x20
	.byte 0x39, 0xE0, 0xF6, 0x20, 0x37, 0xE0, 0xF9, 0x20, 0x35, 0xE0, 0xFA, 0x20, 0x33, 0xE0, 0xF1, 0x20
	.byte 0x31, 0xE0, 0xF0, 0x20, 0x2F, 0xE0, 0x14, 0x20, 0x20, 0x80, 0x02, 0x20, 0x28, 0x70, 0x33, 0xE0
	.byte 0xFD, 0x20, 0x28, 0xE0, 0xFC, 0x20, 0x26, 0xE0, 0xFE, 0x20, 0x24, 0xE0, 0xFB, 0x20, 0x22, 0xE0
	.byte 0xE8, 0x20, 0x20, 0xE0, 0xE9, 0x20, 0x1E, 0xE0, 0xEA, 0x20, 0x1C, 0xE0, 0xEB, 0x20, 0x1A, 0xE0
	.byte 0xFF, 0x20, 0x18, 0xE0, 0xEC, 0x20, 0x16, 0xE0, 0xED, 0x20, 0x14, 0xE0, 0xE7, 0x20, 0x12, 0xE0
	.byte 0xE6, 0x20, 0x10, 0xE0, 0xDF, 0x20, 0x0E, 0xE0, 0xFC, 0x20, 0x0C, 0xE0, 0xEE, 0x20, 0x0A, 0xE0
	.byte 0xEF, 0x20, 0x08, 0xE0, 0xF2, 0x20, 0x06, 0xE0, 0xF4, 0x20, 0x04, 0xE0, 0xF3, 0x20, 0x02, 0xE0
	.byte 0xF8, 0x20, 0x00, 0xE0, 0x8E, 0x20, 0x20, 0x80, 0x00, 0x20, 0x28, 0x70, 0x04, 0xE0, 0x10, 0x1C
	.byte 0x21, 0x1C, 0x2A, 0x1C, 0x00, 0xF0, 0x2C, 0xFF, 0x30, 0x68, 0x00, 0x28, 0x03, 0xD0, 0x9C, 0xF7
	.byte 0x67, 0xFC, 0x00, 0x20, 0x30, 0x60, 0x28, 0x78, 0x01, 0x28, 0x19, 0xD0, 0x01, 0x28, 0x02, 0xDC
	.byte 0x00, 0x28, 0x05, 0xD0, 0x43, 0xE0, 0x02, 0x28, 0x22, 0xD0, 0x03, 0x28, 0x30, 0xD0, 0x3E, 0xE0
	.byte 0x05, 0x49, 0x20, 0x88, 0x80, 0x00, 0x40, 0x18, 0x00, 0x68, 0xC0, 0x88, 0x20, 0x80, 0x20, 0x88
	.byte 0x40, 0x01, 0x02, 0x49, 0x2E, 0xE0, 0x00, 0x00, 0x04, 0xB2, 0xEE, 0x09, 0xB2, 0xB5, 0x0A, 0x09
	.byte 0x05, 0x49, 0x20, 0x88, 0x80, 0x00, 0x40, 0x18, 0x00, 0x68, 0xC0, 0x88, 0x20, 0x80, 0x20, 0x88
	.byte 0x40, 0x01, 0x02, 0x49, 0x1E, 0xE0, 0x00, 0x00, 0x08, 0xB6, 0xEE, 0x09, 0xBE, 0x3F, 0x0B, 0x09
	.byte 0x05, 0x49, 0x20, 0x88, 0x80, 0x00, 0x40, 0x18, 0x00, 0x68, 0xC0, 0x88, 0x20, 0x80, 0x20, 0x88
	.byte 0x40, 0x01, 0x02, 0x49, 0x0E, 0xE0, 0x00, 0x00, 0x0C, 0xBA, 0xEE, 0x09, 0xCA, 0xC9, 0x0B, 0x09
	.byte 0x11, 0x49, 0x20, 0x88, 0x80, 0x00, 0x40, 0x18, 0x00, 0x68, 0xC0, 0x88, 0x20, 0x80, 0x20, 0x88
	.byte 0x40, 0x01, 0x0E, 0x49, 0x40, 0x18, 0x80, 0x21, 0x9C, 0xF7, 0x0C, 0xFB, 0x30, 0x60, 0x0A, 0x20
	.byte 0x70, 0x71, 0x08, 0x36, 0x48, 0x46, 0x01, 0x30, 0x00, 0x06, 0x00, 0x0E, 0x81, 0x46, 0x42, 0x46
	.byte 0x11, 0x88, 0x00, 0x29, 0x00, 0xD0, 0x4A, 0xE6, 0x48, 0x46, 0x02, 0xB0, 0x18, 0xBC, 0x98, 0x46
	.byte 0xA1, 0x46, 0xF0, 0xBC, 0x02, 0xBC, 0x08, 0x47, 0x10, 0xBE, 0xEE, 0x09, 0xA6, 0x51, 0x0C, 0x09
	.byte 0xF0, 0xB5, 0x4F, 0x46, 0x46, 0x46, 0xC0, 0xB4, 0x82, 0xB0, 0x80, 0x46, 0x0E, 0x1C, 0x01, 0xAA
	.byte 0x00, 0x20, 0x00, 0x21, 0x10, 0x80, 0x68, 0x46, 0x06, 0x30, 0x01, 0x70, 0x00, 0x21, 0x89, 0x46
	.byte 0x43, 0x46, 0x19, 0x88, 0x14, 0x1C, 0x05, 0x1C, 0x00, 0x29, 0x00, 0xD1, 0xB0, 0xE1, 0x68, 0x46
	.byte 0x00, 0x27, 0x01, 0x70, 0x69, 0x46, 0x42, 0x46, 0x50, 0x88, 0x48, 0x70, 0x6A, 0x46, 0x11, 0x88
	.byte 0x05, 0x48, 0x81, 0x42, 0x0A, 0xD1, 0x04, 0x23, 0x98, 0x44, 0x30, 0x68, 0x00, 0x28, 0x01, 0xD0
	.byte 0x9C, 0xF7, 0xD6, 0xFB, 0x80, 0xC6, 0x91, 0xE1, 0x6E, 0x6E, 0x00, 0x00, 0x12, 0x88, 0x10, 0x0A
	.byte 0x11, 0x02, 0x08, 0x43, 0x00, 0x04, 0x02, 0x0C, 0x04, 0x20, 0x80, 0x44, 0xFF, 0x20, 0x00, 0x02
	.byte 0x10, 0x40, 0x81, 0x21, 0x09, 0x02, 0x88, 0x42, 0x00, 0xD0, 0x26, 0xE1, 0xFF, 0x20, 0x02, 0x40
	.byte 0x10, 0x1C, 0x40, 0x38, 0x69, 0x28, 0x00, 0xD9, 0x24, 0xE1, 0x80, 0x00, 0x01, 0x49, 0x40, 0x18
	.byte 0x00, 0x68, 0x87, 0x46, 0x58, 0x61, 0x06, 0x08, 0x00, 0x63, 0x06, 0x08, 0x0A, 0x63, 0x06, 0x08
	.byte 0x0E, 0x63, 0x06, 0x08, 0x7C, 0x63, 0x06, 0x08, 0x94, 0x63, 0x06, 0x08, 0x12, 0x63, 0x06, 0x08
	.byte 0x16, 0x63, 0x06, 0x08, 0x94, 0x63, 0x06, 0x08, 0x1A, 0x63, 0x06, 0x08, 0x1E, 0x63, 0x06, 0x08
	.byte 0x94, 0x63, 0x06, 0x08, 0x94, 0x63, 0x06, 0x08, 0x94, 0x63, 0x06, 0x08, 0x94, 0x63, 0x06, 0x08
	.byte 0x94, 0x63, 0x06, 0x08, 0x94, 0x63, 0x06, 0x08, 0x94, 0x63, 0x06, 0x08, 0x94, 0x63, 0x06, 0x08
	.byte 0x94, 0x63, 0x06, 0x08, 0x94, 0x63, 0x06, 0x08, 0x94, 0x63, 0x06, 0x08, 0x94, 0x63, 0x06, 0x08
	.byte 0x94, 0x63, 0x06, 0x08, 0x94, 0x63, 0x06, 0x08, 0x22, 0x63, 0x06, 0x08, 0x94, 0x63, 0x06, 0x08
	.byte 0x94, 0x63, 0x06, 0x08, 0x2C, 0x63, 0x06, 0x08, 0x30, 0x63, 0x06, 0x08, 0x94, 0x63, 0x06, 0x08
	.byte 0x78, 0x63, 0x06, 0x08, 0x94, 0x63, 0x06, 0x08, 0x34, 0x63, 0x06, 0x08, 0x94, 0x63, 0x06, 0x08
	.byte 0x94, 0x63, 0x06, 0x08, 0x38, 0x63, 0x06, 0x08, 0x94, 0x63, 0x06, 0x08, 0x94, 0x63, 0x06, 0x08
	.byte 0x4C, 0x63, 0x06, 0x08, 0x94, 0x63, 0x06, 0x08, 0x94, 0x63, 0x06, 0x08, 0x50, 0x63, 0x06, 0x08
	.byte 0x54, 0x63, 0x06, 0x08, 0x94, 0x63, 0x06, 0x08, 0x94, 0x63, 0x06, 0x08, 0x94, 0x63, 0x06, 0x08
	.byte 0x94, 0x63, 0x06, 0x08, 0x94, 0x63, 0x06, 0x08, 0x94, 0x63, 0x06, 0x08, 0x94, 0x63, 0x06, 0x08
	.byte 0x94, 0x63, 0x06, 0x08, 0x94, 0x63, 0x06, 0x08, 0x94, 0x63, 0x06, 0x08, 0x3C, 0x63, 0x06, 0x08
	.byte 0x40, 0x63, 0x06, 0x08, 0x44, 0x63, 0x06, 0x08, 0x48, 0x63, 0x06, 0x08, 0x94, 0x63, 0x06, 0x08
	.byte 0x94, 0x63, 0x06, 0x08, 0x60, 0x63, 0x06, 0x08, 0x64, 0x63, 0x06, 0x08, 0x94, 0x63, 0x06, 0x08
	.byte 0x94, 0x63, 0x06, 0x08, 0x94, 0x63, 0x06, 0x08, 0x94, 0x63, 0x06, 0x08, 0x6C, 0x63, 0x06, 0x08
	.byte 0x94, 0x63, 0x06, 0x08, 0x94, 0x63, 0x06, 0x08, 0x94, 0x63, 0x06, 0x08, 0x94, 0x63, 0x06, 0x08
	.byte 0x94, 0x63, 0x06, 0x08, 0x94, 0x63, 0x06, 0x08, 0x94, 0x63, 0x06, 0x08, 0x94, 0x63, 0x06, 0x08
	.byte 0x94, 0x63, 0x06, 0x08, 0x94, 0x63, 0x06, 0x08, 0x94, 0x63, 0x06, 0x08, 0x94, 0x63, 0x06, 0x08
	.byte 0x94, 0x63, 0x06, 0x08, 0x94, 0x63, 0x06, 0x08, 0x94, 0x63, 0x06, 0x08, 0x94, 0x63, 0x06, 0x08
	.byte 0x94, 0x63, 0x06, 0x08, 0x70, 0x63, 0x06, 0x08, 0x94, 0x63, 0x06, 0x08, 0x94, 0x63, 0x06, 0x08
	.byte 0x74, 0x63, 0x06, 0x08, 0x94, 0x63, 0x06, 0x08, 0x94, 0x63, 0x06, 0x08, 0x94, 0x63, 0x06, 0x08
	.byte 0x80, 0x63, 0x06, 0x08, 0x94, 0x63, 0x06, 0x08, 0x94, 0x63, 0x06, 0x08, 0x94, 0x63, 0x06, 0x08
	.byte 0x94, 0x63, 0x06, 0x08, 0x94, 0x63, 0x06, 0x08, 0x94, 0x63, 0x06, 0x08, 0x94, 0x63, 0x06, 0x08
	.byte 0x94, 0x63, 0x06, 0x08, 0x94, 0x63, 0x06, 0x08, 0x94, 0x63, 0x06, 0x08, 0x94, 0x63, 0x06, 0x08
	.byte 0x68, 0x63, 0x06, 0x08, 0x94, 0x63, 0x06, 0x08, 0x58, 0x63, 0x06, 0x08, 0x5C, 0x63, 0x06, 0x08
	.byte 0x00, 0x20, 0x00, 0x21, 0x20, 0x80, 0x29, 0x70, 0x44, 0xE0, 0xF5, 0x20, 0x39, 0xE0, 0xF6, 0x20
	.byte 0x37, 0xE0, 0xF9, 0x20, 0x35, 0xE0, 0xFA, 0x20, 0x33, 0xE0, 0xF1, 0x20, 0x31, 0xE0, 0xF0, 0x20
	.byte 0x2F, 0xE0, 0x14, 0x20, 0x20, 0x80, 0x02, 0x20, 0x28, 0x70, 0x33, 0xE0, 0xFD, 0x20, 0x28, 0xE0
	.byte 0xFC, 0x20, 0x26, 0xE0, 0xFE, 0x20, 0x24, 0xE0, 0xFB, 0x20, 0x22, 0xE0, 0xE8, 0x20, 0x20, 0xE0
	.byte 0xE9, 0x20, 0x1E, 0xE0, 0xEA, 0x20, 0x1C, 0xE0, 0xEB, 0x20, 0x1A, 0xE0, 0xFF, 0x20, 0x18, 0xE0
	.byte 0xEC, 0x20, 0x16, 0xE0, 0xED, 0x20, 0x14, 0xE0, 0xE7, 0x20, 0x12, 0xE0, 0xE6, 0x20, 0x10, 0xE0
	.byte 0xDF, 0x20, 0x0E, 0xE0, 0xFC, 0x20, 0x0C, 0xE0, 0xEE, 0x20, 0x0A, 0xE0, 0xEF, 0x20, 0x08, 0xE0
	.byte 0xF2, 0x20, 0x06, 0xE0, 0xF4, 0x20, 0x04, 0xE0, 0xF3, 0x20, 0x02, 0xE0, 0xF8, 0x20, 0x00, 0xE0
	.byte 0x8E, 0x20, 0x20, 0x80, 0x00, 0x20, 0x28, 0x70, 0x04, 0xE0, 0x10, 0x1C, 0x21, 0x1C, 0x2A, 0x1C
	.byte 0x00, 0xF0, 0x56, 0xFD, 0x30, 0x68, 0x00, 0x28, 0x03, 0xD0, 0x9C, 0xF7, 0x91, 0xFA, 0x00, 0x20
	.byte 0x30, 0x60, 0x28, 0x78, 0x01, 0x28, 0x19, 0xD0, 0x01, 0x28, 0x02, 0xDC, 0x00, 0x28, 0x05, 0xD0
	.byte 0x43, 0xE0, 0x02, 0x28, 0x22, 0xD0, 0x03, 0x28, 0x30, 0xD0, 0x3E, 0xE0, 0x05, 0x49, 0x20, 0x88
	.byte 0x80, 0x00, 0x40, 0x18, 0x00, 0x68, 0xC0, 0x88, 0x20, 0x80, 0x20, 0x88, 0x40, 0x01, 0x02, 0x49
	.byte 0x2E, 0xE0, 0x00, 0x00, 0x04, 0xB2, 0xEE, 0x09, 0xB2, 0xB5, 0x0A, 0x09, 0x05, 0x49, 0x20, 0x88
	.byte 0x80, 0x00, 0x40, 0x18, 0x00, 0x68, 0xC0, 0x88, 0x20, 0x80, 0x20, 0x88, 0x40, 0x01, 0x02, 0x49
	.byte 0x1E, 0xE0, 0x00, 0x00, 0x08, 0xB6, 0xEE, 0x09, 0xBE, 0x3F, 0x0B, 0x09, 0x05, 0x49, 0x20, 0x88
	.byte 0x80, 0x00, 0x40, 0x18, 0x00, 0x68, 0xC0, 0x88, 0x20, 0x80, 0x20, 0x88, 0x40, 0x01, 0x02, 0x49
	.byte 0x0E, 0xE0, 0x00, 0x00, 0x0C, 0xBA, 0xEE, 0x09, 0xCA, 0xC9, 0x0B, 0x09, 0x10, 0x49, 0x20, 0x88
	.byte 0x80, 0x00, 0x40, 0x18, 0x00, 0x68, 0xC0, 0x88, 0x20, 0x80, 0x20, 0x88, 0x40, 0x01, 0x0D, 0x49
	.byte 0x40, 0x18, 0x80, 0x21, 0x9C, 0xF7, 0x36, 0xF9, 0x30, 0x60, 0x04, 0x36, 0x48, 0x46, 0x01, 0x30
	.byte 0x00, 0x06, 0x00, 0x0E, 0x81, 0x46, 0x42, 0x46, 0x11, 0x88, 0x00, 0x29, 0x00, 0xD0, 0x4E, 0xE6
	.byte 0x48, 0x46, 0x02, 0xB0, 0x18, 0xBC, 0x98, 0x46, 0xA1, 0x46, 0xF0, 0xBC, 0x02, 0xBC, 0x08, 0x47
	.byte 0x10, 0xBE, 0xEE, 0x09, 0xA6, 0x51, 0x0C, 0x09
	.global _08066468
_08066468:
	.byte 0x00, 0xB5, 0x01, 0x1C, 0x00, 0x20, 0x05, 0x29, 0x2E, 0xD8, 0x88, 0x00, 0x01, 0x49, 0x40, 0x18
	.byte 0x00, 0x68, 0x87, 0x46, 0x80, 0x64, 0x06, 0x08, 0x98, 0x64, 0x06, 0x08, 0xA0, 0x64, 0x06, 0x08
	.byte 0xA8, 0x64, 0x06, 0x08, 0xB0, 0x64, 0x06, 0x08, 0xB8, 0x64, 0x06, 0x08, 0xC8, 0x64, 0x06, 0x08
	.byte 0x00, 0x48, 0x0E, 0xE0, 0x58, 0x47, 0x61, 0x09, 0x00, 0x48, 0x0A, 0xE0, 0x18, 0x47, 0x61, 0x09
	.byte 0x00, 0x48, 0x06, 0xE0, 0x38, 0x47, 0x61, 0x09, 0x00, 0x48, 0x02, 0xE0, 0x98, 0x47, 0x61, 0x09
	.byte 0x02, 0x48, 0x20, 0x21, 0x9C, 0xF7, 0xAA, 0xFA, 0x06, 0xE0, 0x00, 0x00, 0xB8, 0x47, 0x61, 0x09
	.byte 0x02, 0x48, 0x20, 0x21, 0x9C, 0xF7, 0xA2, 0xFA, 0x02, 0xBC, 0x08, 0x47, 0x78, 0x47, 0x61, 0x09
	thumb_func_start func_080664D8
func_080664D8: @ 080664D8
	push {r4, r5, r6, r7, lr}
	mov r7, r10
	mov r6, r9
	mov r5, r8
	push {r5, r6, r7}
	add sp, #-0x014
	adds r5, r2, #0x0
	str r3, [sp, #0x010]
	ldr r2, [sp, #0x034]
	ldr r3, [sp, #0x038]
	lsls r0, r0, #0x10
	lsrs r4, r0, #0x10
	lsls r2, r2, #0x10
	lsrs r2, r2, #0x10
	mov r10, r2
	lsls r3, r3, #0x18
	lsrs r3, r3, #0x18
	mov r8, r3
	mov r9, r4
	lsls r1, r1, #0x10
	ldr r0, _08066520 @ =0xFFFE0000
	adds r1, r1, r0
	lsrs r6, r1, #0x10
	movs r7, #0x00
	cmp r7, r8
	bcs _08066576
_0806650C:
	ldr r3, [r5, #0x00]
	cmp r3, #0x00
	bne _08066524
	lsls r0, r6, #0x10
	movs r1, #0xC0
	lsls r1, r1, #0x0C
	adds r0, r0, r1
	lsrs r6, r0, #0x10
	mov r4, r9
	b _0806656A
_08066520: .4byte 0xFFFE0000
_08066524:
	movs r0, #0x05
	ldsb r0, [r5, r0]
	movs r1, #0x01
	negs r1, r1
	cmp r0, r1
	beq _08066560
	lsls r4, r4, #0x10
	asrs r4, r4, #0x10
	lsls r1, r6, #0x10
	asrs r1, r1, #0x10
	ldr r0, _0806655C @ =0x09EEB204
	ldr r2, [r0, #0x00]
	ldr r0, [sp, #0x010]
	str r0, [sp, #0x000]
	movs r0, #0x00
	str r0, [sp, #0x004]
	str r0, [sp, #0x008]
	mov r0, r10
	str r0, [sp, #0x00C]
	adds r0, r4, #0x0
	bl func_080023E0
	movs r0, #0x05
	ldsb r0, [r5, r0]
	adds r4, r4, r0
	lsls r4, r4, #0x10
	lsrs r4, r4, #0x10
	b _0806656A
_0806655C: .4byte 0x09EEB204
_08066560:
	lsls r0, r4, #0x10
	movs r1, #0xC0
	lsls r1, r1, #0x0A
	adds r0, r0, r1
	lsrs r4, r0, #0x10
_0806656A:
	adds r5, #0x08
	adds r0, r7, #0x1
	lsls r0, r0, #0x18
	lsrs r7, r0, #0x18
	cmp r7, r8
	bcc _0806650C
_08066576:
	add sp, #0x014
	pop {r3, r4, r5}
	mov r8, r3
	mov r9, r4
	mov r10, r5
	pop {r4, r5, r6, r7}
	pop {r0}
	bx r0
	.byte 0x00, 0x00, 0xF0, 0xB5, 0x57, 0x46, 0x4E, 0x46, 0x45, 0x46, 0xE0, 0xB4, 0x82, 0xB0, 0x15, 0x1C
	.byte 0x9A, 0x46, 0x0B, 0x9A, 0x00, 0x04, 0x04, 0x0C, 0x12, 0x06, 0x12, 0x0E, 0x90, 0x46, 0xA1, 0x46
	.byte 0x09, 0x04, 0x07, 0x48, 0x09, 0x18, 0x0E, 0x0C, 0x00, 0x27, 0x47, 0x45, 0x32, 0xD2, 0x2B, 0x68
	.byte 0x00, 0x2B, 0x08, 0xD1, 0x30, 0x04, 0xC0, 0x21, 0x09, 0x03, 0x40, 0x18, 0x06, 0x0C, 0x4C, 0x46
	.byte 0x22, 0xE0, 0x00, 0x00, 0xFE, 0xFF, 0x05, 0x20, 0x28, 0x56, 0x01, 0x21, 0x49, 0x42, 0x88, 0x42
	.byte 0x15, 0xD0, 0x24, 0x04, 0x24, 0x14, 0x31, 0x04, 0x09, 0x14, 0x07, 0x48, 0x02, 0x68, 0x50, 0x46
	.byte 0x00, 0x90, 0x00, 0x20, 0x01, 0x90, 0x20, 0x1C, 0x9B, 0xF7, 0x4B, 0xFF, 0x05, 0x20, 0x28, 0x56
	.byte 0x24, 0x18, 0x24, 0x04, 0x24, 0x0C, 0x07, 0xE0, 0x00, 0x00, 0x04, 0xB2, 0xEE, 0x09, 0x20, 0x04
	.byte 0xC0, 0x21, 0x89, 0x02, 0x40, 0x18, 0x04, 0x0C, 0x08, 0x35, 0x78, 0x1C, 0x00, 0x06, 0x07, 0x0E
	.byte 0x47, 0x45, 0xCC, 0xD3, 0x02, 0xB0, 0x38, 0xBC, 0x98, 0x46, 0xA1, 0x46, 0xAA, 0x46, 0xF0, 0xBC
	.byte 0x01, 0xBC, 0x00, 0x47, 0x00, 0x00, 0xF0, 0xB5, 0x57, 0x46, 0x4E, 0x46, 0x45, 0x46, 0xE0, 0xB4
	.byte 0x87, 0xB0, 0x16, 0x1C, 0x04, 0x93, 0x0F, 0x9A, 0x10, 0x9B, 0x11, 0x9C, 0x00, 0x04, 0x05, 0x0C
	.byte 0x12, 0x04, 0x12, 0x0C, 0x05, 0x92, 0x1B, 0x04, 0x1B, 0x0C, 0x06, 0x93, 0x24, 0x06, 0x24, 0x0E
	.byte 0xA1, 0x46, 0xAA, 0x46, 0x09, 0x04, 0x08, 0x48, 0x09, 0x18, 0x0F, 0x0C, 0x00, 0x21, 0x88, 0x46
	.byte 0xC8, 0x45, 0x39, 0xD2, 0x33, 0x68, 0x00, 0x2B, 0x09, 0xD1, 0x38, 0x04, 0xC0, 0x21, 0x09, 0x03
	.byte 0x40, 0x18, 0x07, 0x0C, 0x55, 0x46, 0x27, 0xE0, 0x00, 0x00, 0x00, 0x00, 0xFE, 0xFF, 0x05, 0x20
	.byte 0x30, 0x56, 0x01, 0x21, 0x49, 0x42, 0x88, 0x42, 0x19, 0xD0, 0x2C, 0x04, 0x24, 0x14, 0x39, 0x04
	.byte 0x09, 0x14, 0x09, 0x48, 0x02, 0x68, 0x04, 0x98, 0x00, 0x90, 0x00, 0x20, 0x01, 0x90, 0x05, 0x98
	.byte 0x02, 0x90, 0x06, 0x98, 0x03, 0x90, 0x20, 0x1C, 0x9B, 0xF7, 0x97, 0xFE, 0x05, 0x20, 0x30, 0x56
	.byte 0x24, 0x18, 0x24, 0x04, 0x25, 0x0C, 0x07, 0xE0, 0x00, 0x00, 0x04, 0xB2, 0xEE, 0x09, 0x28, 0x04
	.byte 0xC0, 0x21, 0x89, 0x02, 0x40, 0x18, 0x05, 0x0C, 0x08, 0x36, 0x40, 0x46, 0x01, 0x30, 0x00, 0x06
	.byte 0x00, 0x0E, 0x80, 0x46, 0xC8, 0x45, 0xC5, 0xD3, 0x07, 0xB0, 0x38, 0xBC, 0x98, 0x46, 0xA1, 0x46
	.byte 0xAA, 0x46, 0xF0, 0xBC, 0x01, 0xBC, 0x00, 0x47, 0x00, 0x00, 0xF0, 0xB5, 0x57, 0x46, 0x4E, 0x46
	.byte 0x45, 0x46, 0xE0, 0xB4, 0x86, 0xB0, 0x16, 0x1C, 0x04, 0x93, 0x0F, 0x9A, 0x10, 0x9B, 0x00, 0x04
	.byte 0x04, 0x0C, 0x12, 0x04, 0x12, 0x0C, 0x91, 0x46, 0x1B, 0x06, 0x1B, 0x0E, 0x9A, 0x46, 0x05, 0x94
	.byte 0x09, 0x04, 0x08, 0x48, 0x09, 0x18, 0x0F, 0x0C, 0x00, 0x21, 0x88, 0x46, 0xD0, 0x45, 0x4F, 0xD2
	.byte 0x35, 0x68, 0x00, 0x2D, 0x09, 0xD1, 0x38, 0x04, 0xC0, 0x22, 0x12, 0x03, 0x80, 0x18, 0x07, 0x0C
	.byte 0x05, 0x9C, 0x3D, 0xE0, 0x00, 0x00, 0x00, 0x00, 0xFE, 0xFF, 0x05, 0x20, 0x30, 0x56, 0x01, 0x23
	.byte 0x5B, 0x42, 0x98, 0x42, 0x2F, 0xD0, 0x33, 0x79, 0x00, 0x2B, 0x14, 0xD1, 0x24, 0x04, 0x20, 0x14
	.byte 0x39, 0x04, 0x09, 0x14, 0x07, 0x4A, 0x12, 0x68, 0x94, 0x46, 0x04, 0x9A, 0x00, 0x92, 0x01, 0x93
	.byte 0x02, 0x93, 0x4B, 0x46, 0x03, 0x93, 0x62, 0x46, 0x2B, 0x1C, 0x9B, 0xF7, 0x36, 0xFE, 0x12, 0xE0
	.byte 0x00, 0x00, 0x04, 0xB2, 0xEE, 0x09, 0x24, 0x04, 0x20, 0x14, 0x39, 0x04, 0x09, 0x14, 0x08, 0x4A
	.byte 0x12, 0x68, 0x0E, 0x9B, 0x00, 0x93, 0x00, 0x23, 0x01, 0x93, 0x02, 0x93, 0x4B, 0x46, 0x03, 0x93
	.byte 0x2B, 0x1C, 0x9B, 0xF7, 0x22, 0xFE, 0x05, 0x21, 0x71, 0x56, 0x20, 0x14, 0x40, 0x18, 0x00, 0x04
	.byte 0x05, 0xE0, 0x04, 0xB2, 0xEE, 0x09, 0x20, 0x04, 0xC0, 0x21, 0x89, 0x02, 0x40, 0x18, 0x04, 0x0C
	.byte 0x08, 0x36, 0x40, 0x46, 0x01, 0x30, 0x00, 0x06, 0x00, 0x0E, 0x80, 0x46, 0xD0, 0x45, 0xAF, 0xD3
	.byte 0x06, 0xB0, 0x38, 0xBC, 0x98, 0x46, 0xA1, 0x46, 0xAA, 0x46, 0xF0, 0xBC, 0x01, 0xBC, 0x00, 0x47
	.byte 0x00, 0x00, 0xF0, 0xB5, 0x57, 0x46, 0x4E, 0x46, 0x45, 0x46, 0xE0, 0xB4, 0x85, 0xB0, 0x17, 0x1C
	.byte 0x04, 0x93, 0x0D, 0x9A, 0x0E, 0x9B, 0x00, 0x04, 0x04, 0x0C, 0x12, 0x04, 0x12, 0x0C, 0x92, 0x46
	.byte 0x1B, 0x06, 0x1B, 0x0E, 0x98, 0x46, 0x09, 0x04, 0x0D, 0x0C, 0xA1, 0x46, 0x00, 0x26, 0x46, 0x45
	.byte 0x22, 0xD2, 0x3B, 0x68, 0x00, 0x2B, 0x06, 0xD1, 0x28, 0x04, 0xC0, 0x21, 0x09, 0x03, 0x40, 0x18
	.byte 0x05, 0x0C, 0x4C, 0x46, 0x12, 0xE0, 0x24, 0x04, 0x24, 0x14, 0x29, 0x04, 0x09, 0x14, 0x0E, 0x48
	.byte 0x02, 0x68, 0x04, 0x98, 0x00, 0x90, 0x00, 0x20, 0x01, 0x90, 0x02, 0x90, 0x50, 0x46, 0x03, 0x90
	.byte 0x20, 0x1C, 0x9B, 0xF7, 0xD2, 0xFD, 0x0A, 0x34, 0x24, 0x04, 0x24, 0x0C, 0x04, 0x37, 0x70, 0x1C
	.byte 0x00, 0x06, 0x06, 0x0E, 0x46, 0x45, 0xDC, 0xD3, 0x05, 0xB0, 0x38, 0xBC, 0x98, 0x46, 0xA1, 0x46
	.byte 0xAA, 0x46, 0xF0, 0xBC, 0x01, 0xBC, 0x00, 0x47, 0x00, 0x00, 0x04, 0xB2, 0xEE, 0x09, 0xF0, 0xB5
	.byte 0x57, 0x46, 0x4E, 0x46, 0x45, 0x46, 0xE0, 0xB4, 0x85, 0xB0, 0x17, 0x1C, 0x04, 0x93, 0x0E, 0x9A
	.byte 0x0F, 0x9B, 0x00, 0x04, 0x04, 0x0C, 0x12, 0x04, 0x12, 0x0C, 0x92, 0x46, 0x1B, 0x06, 0x1B, 0x0E
	.byte 0x98, 0x46, 0x09, 0x04, 0x0D, 0x0C, 0xA1, 0x46, 0x00, 0x26, 0x46, 0x45, 0x22, 0xD2, 0x3B, 0x68
	.byte 0x00, 0x2B, 0x06, 0xD1, 0x28, 0x04, 0xC0, 0x21, 0x09, 0x03, 0x40, 0x18, 0x05, 0x0C, 0x4C, 0x46
	.byte 0x12, 0xE0, 0x24, 0x04, 0x24, 0x14, 0x29, 0x04, 0x09, 0x14, 0x0E, 0x48, 0x02, 0x68, 0x04, 0x98
	.byte 0x00, 0x90, 0x00, 0x20, 0x01, 0x90, 0x02, 0x90, 0x50, 0x46, 0x03, 0x90, 0x20, 0x1C, 0x9B, 0xF7
	.byte 0x8C, 0xFD, 0x0A, 0x34, 0x24, 0x04, 0x24, 0x0C, 0x04, 0x37, 0x70, 0x1C, 0x00, 0x06, 0x06, 0x0E
	.byte 0x46, 0x45, 0xDC, 0xD3, 0x05, 0xB0, 0x38, 0xBC, 0x98, 0x46, 0xA1, 0x46, 0xAA, 0x46, 0xF0, 0xBC
	.byte 0x01, 0xBC, 0x00, 0x47, 0x00, 0x00, 0x04, 0xB2, 0xEE, 0x09
	thumb_func_start func_080668F0
func_080668F0: @ 080668F0
	push {lr}
	ldr r0, _08066900 @ =0x090D4180
	movs r1, #0xB4
	lsls r1, r1, #0x03
	bl func_080026A4
	pop {r1}
	bx r1
_08066900: .4byte 0x090D4180
	thumb_func_start func_08066904
func_08066904: @ 08066904
	push {lr}
	ldr r0, _08066914 @ =0x08F69BE4
	movs r1, #0x20
	bl func_08002A14
	pop {r1}
	bx r1
	.byte 0x00, 0x00
_08066914: .4byte 0x08F69BE4
	thumb_func_start func_08066918
func_08066918: @ 08066918
	push {r4, lr}
	adds r4, r1, #0x0
	bl func_080028C0
	adds r0, r4, #0x0
	bl func_08002C10
	pop {r4}
	pop {r0}
	bx r0
	thumb_func_start func_0806692C
func_0806692C: @ 0806692C
	push {r4, r5, r6, r7, lr}
	adds r7, r0, #0x0
	adds r5, r1, #0x0
	movs r4, #0x00
	cmp r5, #0x00
	bne _0806693C
	movs r0, #0x00
	b _080669D6
_0806693C:
	adds r0, r7, #0x0
	bl func_0809D280
	lsls r0, r0, #0x18
	lsrs r6, r0, #0x18
	movs r3, #0x00
	cmp r3, r6
	bcs _080669D4
_0806694C:
	adds r1, r7, r3
	ldrb r2, [r1, #0x00]
	adds r0, r2, #0x0
	subs r0, #0x30
	lsls r0, r0, #0x18
	lsrs r0, r0, #0x18
	cmp r0, #0x09
	bhi _08066964
	ldrb r0, [r1, #0x00]
	subs r0, #0x30
	lsls r0, r0, #0x10
	lsrs r4, r0, #0x10
_08066964:
	adds r0, r2, #0x0
	subs r0, #0x41
	lsls r0, r0, #0x18
	lsrs r0, r0, #0x18
	cmp r0, #0x19
	bhi _08066978
	ldrb r0, [r1, #0x00]
	subs r0, #0x37
	lsls r0, r0, #0x10
	lsrs r4, r0, #0x10
_08066978:
	adds r0, r2, #0x0
	subs r0, #0x61
	lsls r0, r0, #0x18
	lsrs r0, r0, #0x18
	cmp r0, #0x19
	bhi _0806698C
	ldrb r0, [r1, #0x00]
	subs r0, #0x57
	lsls r0, r0, #0x10
	lsrs r4, r0, #0x10
_0806698C:
	adds r0, r2, #0x0
	cmp r0, #0x2F
	bne _08066994
	movs r4, #0x24
_08066994:
	cmp r0, #0x2D
	bne _0806699A
	movs r4, #0x25
_0806699A:
	cmp r0, #0x5F
	bne _080669A0
	movs r4, #0x26
_080669A0:
	cmp r0, #0x2E
	bne _080669A6
	movs r4, #0x27
_080669A6:
	cmp r0, #0x2B
	bne _080669AC
	movs r4, #0x28
_080669AC:
	cmp r0, #0x21
	bne _080669B2
	movs r4, #0x29
_080669B2:
	cmp r0, #0x3F
	bne _080669B8
	movs r4, #0x2A
_080669B8:
	ldrb r1, [r1, #0x00]
	cmp r1, #0x23
	bne _080669C0
	movs r4, #0x2B
_080669C0:
	cmp r1, #0x25
	bne _080669C6
	movs r4, #0x2C
_080669C6:
	strh r4, [r5, #0x00]
	adds r5, #0x02
	adds r0, r3, #0x1
	lsls r0, r0, #0x18
	lsrs r3, r0, #0x18
	cmp r3, r6
	bcc _0806694C
_080669D4:
	adds r0, r6, #0x0
_080669D6:
	pop {r4, r5, r6, r7}
	pop {r1}
	bx r1
	.byte 0xF0, 0xB5, 0x57, 0x46, 0x4E, 0x46, 0x45, 0x46, 0xE0, 0xB4, 0x8F, 0xB0, 0x80, 0x46, 0x0E, 0x91
	.byte 0x00, 0x26, 0x00, 0x28, 0x36, 0xDB, 0x1A, 0x4D, 0x0B, 0xAF, 0xE9, 0x46, 0x09, 0x24, 0x40, 0x46
	.byte 0x29, 0x1C, 0xB6, 0xF0, 0xF5, 0xFD, 0x80, 0x1B, 0x49, 0x46, 0x04, 0x31, 0x89, 0x46, 0x04, 0x39
	.byte 0x01, 0xC1, 0x30, 0x18, 0x81, 0x00, 0x09, 0x18, 0x4E, 0x00, 0x28, 0x1C, 0x0A, 0x21, 0xB6, 0xF0
	.byte 0xE7, 0xFD, 0x05, 0x1C, 0x01, 0x3C, 0x00, 0x2C, 0xE9, 0xDA, 0x00, 0x24, 0x3A, 0x1C, 0x6B, 0x46
	.byte 0x11, 0x19, 0x01, 0xCB, 0x30, 0x30, 0x08, 0x70, 0x01, 0x34, 0x09, 0x2C, 0xF8, 0xDD, 0x00, 0x20
	.byte 0xB8, 0x72, 0x00, 0x24, 0x38, 0x78, 0x30, 0x28, 0x07, 0xD8, 0x39, 0x1C, 0x01, 0x34, 0x09, 0x2C
	.byte 0x03, 0xDC, 0x08, 0x19, 0x00, 0x78, 0x30, 0x28, 0xF8, 0xD9, 0x38, 0x19, 0x3F, 0xE0, 0x00, 0x00
	.byte 0x00, 0xCA, 0x9A, 0x3B, 0x24, 0x4D, 0x0B, 0xAF, 0x2D, 0x20, 0x68, 0x44, 0x82, 0x46, 0x01, 0xA9
	.byte 0x89, 0x46, 0x09, 0x24, 0x40, 0x46, 0x29, 0x1C, 0xB6, 0xF0, 0xBA, 0xFD, 0x80, 0x1B, 0x49, 0x46
	.byte 0x04, 0x31, 0x89, 0x46, 0x04, 0x39, 0x01, 0xC1, 0x30, 0x18, 0x81, 0x00, 0x09, 0x18, 0x4E, 0x00
	.byte 0x28, 0x1C, 0x0A, 0x21, 0xB6, 0xF0, 0xAC, 0xFD, 0x05, 0x1C, 0x01, 0x3C, 0x00, 0x2C, 0xE9, 0xDA
	.byte 0x2D, 0x20, 0x38, 0x70, 0x01, 0x24, 0x3A, 0x1C, 0x01, 0xAB, 0x11, 0x19, 0x01, 0xCB, 0x30, 0x30
	.byte 0x08, 0x70, 0x01, 0x34, 0x0A, 0x2C, 0xF8, 0xDD, 0x00, 0x20, 0xF8, 0x72, 0x01, 0x24, 0x51, 0x46
	.byte 0x08, 0x78, 0x30, 0x28, 0x07, 0xD8, 0x39, 0x1C, 0x01, 0x34, 0x0A, 0x2C, 0x03, 0xDC, 0x08, 0x19
	.byte 0x00, 0x78, 0x30, 0x28, 0xF8, 0xD9, 0x60, 0x1E, 0x38, 0x18, 0x2D, 0x21, 0x01, 0x70, 0x0E, 0x99
	.byte 0xFF, 0xF7, 0x26, 0xFF, 0x00, 0x04, 0x00, 0x0C, 0x0F, 0xB0, 0x38, 0xBC, 0x98, 0x46, 0xA1, 0x46
	.byte 0xAA, 0x46, 0xF0, 0xBC, 0x02, 0xBC, 0x08, 0x47, 0x00, 0x36, 0x65, 0xC4
	thumb_func_start func_08066AF8
func_08066AF8: @ 08066AF8
	push {r4, lr}
	add sp, #-0x00C
	adds r4, r1, #0x0
	mov r2, sp
	movs r3, #0x00
	movs r1, #0x30
	strb r1, [r2, #0x00]
	movs r1, #0x78
	strb r1, [r2, #0x01]
	lsrs r1, r0, #0x1C
	strb r1, [r2, #0x02]
	movs r1, #0xF0
	lsls r1, r1, #0x14
	ands r1, r0
	asrs r1, r1, #0x18
	strb r1, [r2, #0x03]
	movs r1, #0xF0
	lsls r1, r1, #0x10
	ands r1, r0
	asrs r1, r1, #0x14
	strb r1, [r2, #0x04]
	movs r1, #0xF0
	lsls r1, r1, #0x0C
	ands r1, r0
	asrs r1, r1, #0x10
	strb r1, [r2, #0x05]
	movs r1, #0xF0
	lsls r1, r1, #0x08
	ands r1, r0
	asrs r1, r1, #0x0C
	strb r1, [r2, #0x06]
	movs r1, #0xF0
	lsls r1, r1, #0x04
	ands r1, r0
	asrs r1, r1, #0x08
	strb r1, [r2, #0x07]
	movs r1, #0xF0
	ands r1, r0
	asrs r1, r1, #0x04
	strb r1, [r2, #0x08]
	movs r1, #0x0F
	ands r0, r1
	strb r0, [r2, #0x09]
	mov r0, sp
	strb r3, [r0, #0x0A]
	mov r1, sp
	adds r1, #0x02
	movs r2, #0x07
_08066B58:
	ldrb r0, [r1, #0x00]
	cmp r0, #0x09
	bhi _08066B62
	adds r0, #0x30
	b _08066B64
_08066B62:
	adds r0, #0x37
_08066B64:
	strb r0, [r1, #0x00]
	adds r1, #0x01
	subs r2, #0x01
	cmp r2, #0x00
	bge _08066B58
	mov r0, sp
	adds r1, r4, #0x0
	bl func_0806692C
	lsls r0, r0, #0x10
	lsrs r0, r0, #0x10
	add sp, #0x00C
	pop {r4}
	pop {r1}
	bx r1
	.byte 0x00, 0x00, 0x30, 0xB5, 0x92, 0xB0, 0x04, 0x1C, 0x0D, 0x1C, 0x12, 0x06, 0x12, 0x0E, 0x01, 0x2A
	.byte 0x18, 0xD0, 0x01, 0x2A, 0x02, 0xDC, 0x00, 0x2A, 0x06, 0xD0, 0x0B, 0xE1, 0x02, 0x2A, 0x3A, 0xD0
	.byte 0x03, 0x2A, 0x00, 0xD1, 0x80, 0xE0, 0x05, 0xE1, 0x68, 0x46, 0x04, 0x70, 0x69, 0x46, 0x20, 0x1C
	.byte 0x30, 0x30, 0x08, 0x70, 0x68, 0x46, 0x42, 0x70, 0x29, 0x1C, 0xFF, 0xF7, 0xB6, 0xFE, 0x00, 0x04
	.byte 0x00, 0x0C, 0xF7, 0xE0, 0x01, 0xA8, 0xE1, 0x09, 0x30, 0x31, 0x00, 0x23, 0x01, 0x70, 0xA1, 0x09
	.byte 0x01, 0x22, 0x11, 0x40, 0x30, 0x31, 0x41, 0x70, 0x61, 0x09, 0x11, 0x40, 0x30, 0x31, 0x81, 0x70
	.byte 0x21, 0x09, 0x11, 0x40, 0x30, 0x31, 0xC1, 0x70, 0xE1, 0x08, 0x11, 0x40, 0x30, 0x31, 0x01, 0x71
	.byte 0xA1, 0x08, 0x11, 0x40, 0x30, 0x31, 0x41, 0x71, 0x61, 0x08, 0x11, 0x40, 0x30, 0x31, 0x81, 0x71
	.byte 0x14, 0x40, 0x21, 0x1C, 0x30, 0x31, 0xC1, 0x71, 0x03, 0x72, 0x29, 0x1C, 0xFF, 0xF7, 0x8D, 0xFE
	.byte 0x00, 0x04, 0x00, 0x0C, 0xCE, 0xE0, 0x04, 0xA8, 0xE1, 0x0B, 0x30, 0x31, 0x00, 0x23, 0x01, 0x70
	.byte 0xA1, 0x0B, 0x01, 0x22, 0x11, 0x40, 0x30, 0x31, 0x41, 0x70, 0x61, 0x0B, 0x11, 0x40, 0x30, 0x31
	.byte 0x81, 0x70, 0x21, 0x0B, 0x11, 0x40, 0x30, 0x31, 0xC1, 0x70, 0xE1, 0x0A, 0x11, 0x40, 0x30, 0x31
	.byte 0x01, 0x71, 0xA1, 0x0A, 0x11, 0x40, 0x30, 0x31, 0x41, 0x71, 0x61, 0x0A, 0x11, 0x40, 0x30, 0x31
	.byte 0x81, 0x71, 0x21, 0x0A, 0x11, 0x40, 0x30, 0x31, 0xC1, 0x71, 0xE1, 0x09, 0x11, 0x40, 0x30, 0x31
	.byte 0x01, 0x72, 0xA1, 0x09, 0x11, 0x40, 0x30, 0x31, 0x41, 0x72, 0x61, 0x09, 0x11, 0x40, 0x30, 0x31
	.byte 0x81, 0x72, 0x21, 0x09, 0x11, 0x40, 0x30, 0x31, 0xC1, 0x72, 0xE1, 0x08, 0x11, 0x40, 0x30, 0x31
	.byte 0x01, 0x73, 0xA1, 0x08, 0x11, 0x40, 0x30, 0x31, 0x41, 0x73, 0x61, 0x08, 0x11, 0x40, 0x30, 0x31
	.byte 0x81, 0x73, 0x14, 0x40, 0x21, 0x1C, 0x30, 0x31, 0xC1, 0x73, 0x03, 0x74, 0x29, 0x1C, 0xFF, 0xF7
	.byte 0x44, 0xFE, 0x00, 0x04, 0x00, 0x0C, 0x85, 0xE0, 0x09, 0xA8, 0xE1, 0x0F, 0x30, 0x31, 0x01, 0x70
	.byte 0xA1, 0x0F, 0x01, 0x22, 0x11, 0x40, 0x30, 0x31, 0x41, 0x70, 0x61, 0x0F, 0x11, 0x40, 0x30, 0x31
	.byte 0x81, 0x70, 0x21, 0x0F, 0x11, 0x40, 0x30, 0x31, 0xC1, 0x70, 0xE1, 0x0E, 0x11, 0x40, 0x30, 0x31
	.byte 0x01, 0x71, 0xA1, 0x0E, 0x11, 0x40, 0x30, 0x31, 0x41, 0x71, 0x61, 0x0E, 0x11, 0x40, 0x30, 0x31
	.byte 0x81, 0x71, 0x21, 0x0E, 0x11, 0x40, 0x30, 0x31, 0xC1, 0x71, 0xE1, 0x0D, 0x11, 0x40, 0x30, 0x31
	.byte 0x01, 0x72, 0xA1, 0x0D, 0x11, 0x40, 0x30, 0x31, 0x41, 0x72, 0x61, 0x0D, 0x11, 0x40, 0x30, 0x31
	.byte 0x81, 0x72, 0x21, 0x0D, 0x11, 0x40, 0x30, 0x31, 0xC1, 0x72, 0xE1, 0x0C, 0x11, 0x40, 0x30, 0x31
	.byte 0x01, 0x73, 0xA1, 0x0C, 0x11, 0x40, 0x30, 0x31, 0x41, 0x73, 0x61, 0x0C, 0x11, 0x40, 0x30, 0x31
	.byte 0x81, 0x73, 0x21, 0x0C, 0x11, 0x40, 0x30, 0x31, 0xC1, 0x73, 0xE1, 0x0B, 0x11, 0x40, 0x30, 0x31
	.byte 0x01, 0x74, 0xA1, 0x0B, 0x11, 0x40, 0x30, 0x31, 0x41, 0x74, 0x61, 0x0B, 0x11, 0x40, 0x30, 0x31
	.byte 0x81, 0x74, 0x21, 0x0B, 0x11, 0x40, 0x30, 0x31, 0xC1, 0x74, 0xE1, 0x0A, 0x11, 0x40, 0x30, 0x31
	.byte 0x01, 0x75, 0xA1, 0x0A, 0x11, 0x40, 0x30, 0x31, 0x41, 0x75, 0x61, 0x0A, 0x11, 0x40, 0x30, 0x31
	.byte 0x81, 0x75, 0x21, 0x0A, 0x11, 0x40, 0x30, 0x31, 0xC1, 0x75, 0xE1, 0x09, 0x11, 0x40, 0x30, 0x31
	.byte 0x01, 0x76, 0xA1, 0x09, 0x11, 0x40, 0x30, 0x31, 0x41, 0x76, 0x61, 0x09, 0x11, 0x40, 0x30, 0x31
	.byte 0x81, 0x76, 0x21, 0x09, 0x11, 0x40, 0x30, 0x31, 0xC1, 0x76, 0xE1, 0x08, 0x11, 0x40, 0x30, 0x31
	.byte 0x01, 0x77, 0xA1, 0x08, 0x11, 0x40, 0x30, 0x31, 0x41, 0x77, 0x61, 0x08, 0x11, 0x40, 0x30, 0x31
	.byte 0x81, 0x77, 0x14, 0x40, 0x21, 0x1C, 0x30, 0x31, 0xC1, 0x77, 0x29, 0x1C, 0xFF, 0xF7, 0xBD, 0xFD
	.byte 0x00, 0x04, 0x00, 0x0C, 0x12, 0xB0, 0x30, 0xBC, 0x02, 0xBC, 0x08, 0x47, 0x00, 0x00
	thumb_func_start func_08066DC0
func_08066DC0: @ 08066DC0
	push {r4, r5, r6, r7, lr}
	mov r7, r10
	mov r6, r9
	mov r5, r8
	push {r5, r6, r7}
	add sp, #-0x010
	adds r4, r0, #0x0
	adds r5, r2, #0x0
	mov r10, r3
	ldr r2, [sp, #0x034]
	ldr r3, [sp, #0x038]
	lsls r4, r4, #0x10
	lsrs r7, r4, #0x10
	lsls r1, r1, #0x10
	lsrs r1, r1, #0x10
	lsls r2, r2, #0x10
	lsrs r2, r2, #0x10
	mov r9, r2
	lsls r3, r3, #0x18
	lsrs r6, r3, #0x18
	movs r4, #0x00
	cmp r4, r6
	bcs _08066E2A
	lsls r0, r7, #0x10
	asrs r0, r0, #0x10
	mov r8, r0
	lsls r7, r1, #0x10
_08066DF6:
	lsls r0, r4, #0x03
	add r0, r8
	lsls r0, r0, #0x10
	asrs r0, r0, #0x10
	ldrh r1, [r5, #0x00]
	lsls r1, r1, #0x02
	ldr r2, _08066E3C @ =0x09EEC538
	adds r1, r1, r2
	ldr r2, [r1, #0x00]
	ldr r1, [sp, #0x030]
	str r1, [sp, #0x000]
	movs r1, #0x00
	str r1, [sp, #0x004]
	str r1, [sp, #0x008]
	mov r1, r9
	str r1, [sp, #0x00C]
	asrs r1, r7, #0x10
	mov r3, r10
	bl func_080023E0
	adds r5, #0x02
	adds r1, r4, #0x1
	lsls r1, r1, #0x18
	lsrs r4, r1, #0x18
	cmp r4, r6
	bcc _08066DF6
_08066E2A:
	add sp, #0x010
	pop {r3, r4, r5}
	mov r8, r3
	mov r9, r4
	mov r10, r5
	pop {r4, r5, r6, r7}
	pop {r1}
	bx r1
	.byte 0x00, 0x00
_08066E3C: .4byte 0x09EEC538
	.byte 0x30, 0xB5, 0x0B, 0x1C, 0x00, 0x04, 0x04, 0x0C, 0xFF, 0x21, 0x09, 0x02, 0x21, 0x40, 0x8F, 0x20
	.byte 0x00, 0x02, 0x81, 0x42, 0x01, 0xD1, 0x02, 0xF0, 0xBF, 0xF8, 0x81, 0x42, 0x43, 0xDC, 0x89, 0x20
	.byte 0x00, 0x02, 0x81, 0x42, 0x00, 0xD1, 0x20, 0xE2, 0x81, 0x42, 0x18, 0xDC, 0x83, 0x20, 0x00, 0x02
	.byte 0x81, 0x42, 0x00, 0xD1, 0xB2, 0xE0, 0x81, 0x42, 0x05, 0xDC, 0x82, 0x20, 0x00, 0x02, 0x81, 0x42
	.byte 0x7B, 0xD0, 0x04, 0xF0, 0xBD, 0xFD, 0x87, 0x20, 0x00, 0x02, 0x81, 0x42, 0x00, 0xD1, 0xC1, 0xE0
	.byte 0x88, 0x20, 0x00, 0x02, 0x81, 0x42, 0x00, 0xD1, 0xCE, 0xE0, 0x04, 0xF0, 0xB1, 0xFD, 0x8C, 0x20
	.byte 0x00, 0x02, 0x81, 0x42, 0x01, 0xD1, 0x01, 0xF0, 0x44, 0xF9, 0x81, 0x42, 0x0D, 0xDC, 0x8A, 0x20
	.byte 0x00, 0x02, 0x81, 0x42, 0x01, 0xD1, 0x00, 0xF0, 0x60, 0xFC, 0x8B, 0x20, 0x00, 0x02, 0x81, 0x42
	.byte 0x01, 0xD1, 0x00, 0xF0, 0x86, 0xFE, 0x04, 0xF0, 0x9B, 0xFD, 0x8D, 0x20, 0x00, 0x02, 0x81, 0x42
	.byte 0x01, 0xD1, 0x01, 0xF0, 0xB4, 0xFB, 0x8E, 0x20, 0x00, 0x02, 0x81, 0x42, 0x01, 0xD1, 0x01, 0xF0
	.byte 0xE6, 0xFD, 0x04, 0xF0, 0x8D, 0xFD, 0x94, 0x20, 0x00, 0x02, 0x81, 0x42, 0x01, 0xD1, 0x03, 0xF0
	.byte 0x09, 0xFC, 0x81, 0x42, 0x1D, 0xDC, 0x91, 0x20, 0x00, 0x02, 0x81, 0x42, 0x01, 0xD1, 0x02, 0xF0
	.byte 0x08, 0xFD, 0x81, 0x42, 0x07, 0xDC, 0x90, 0x20, 0x00, 0x02, 0x81, 0x42, 0x01, 0xD1, 0x02, 0xF0
	.byte 0x9E, 0xFA, 0x04, 0xF0, 0x75, 0xFD, 0x92, 0x20, 0x00, 0x02, 0x81, 0x42, 0x01, 0xD1, 0x02, 0xF0
	.byte 0x5B, 0xFF, 0x93, 0x20, 0x00, 0x02, 0x81, 0x42, 0x01, 0xD1, 0x03, 0xF0, 0x94, 0xF9, 0x04, 0xF0
	.byte 0x67, 0xFD, 0x97, 0x20, 0x00, 0x02, 0x81, 0x42, 0x01, 0xD1, 0x04, 0xF0, 0xB9, 0xFA, 0x81, 0x42
	.byte 0x0D, 0xDC, 0x95, 0x20, 0x00, 0x02, 0x81, 0x42, 0x01, 0xD1, 0x03, 0xF0, 0x2A, 0xFE, 0x96, 0x20
	.byte 0x00, 0x02, 0x81, 0x42, 0x01, 0xD1, 0x04, 0xF0, 0x71, 0xF8, 0x04, 0xF0, 0x51, 0xFD, 0x98, 0x20
	.byte 0x00, 0x02, 0x81, 0x42, 0x01, 0xD1, 0x04, 0xF0, 0xA9, 0xFC, 0x9C, 0x20, 0x00, 0x02, 0x81, 0x42
	.byte 0x01, 0xD1, 0x04, 0xF0, 0x3D, 0xFD, 0x04, 0xF0, 0x43, 0xFD, 0xFF, 0x21, 0x21, 0x40, 0x08, 0x1C
	.byte 0x60, 0x38, 0x00, 0x04, 0x00, 0x0C, 0x19, 0x28, 0x02, 0xD8, 0x10, 0x4D, 0x60, 0x19, 0x18, 0x80
	.byte 0x08, 0x1C, 0x81, 0x38, 0x00, 0x04, 0x00, 0x0C, 0x19, 0x28, 0x02, 0xD8, 0x0C, 0x4D, 0x60, 0x19
	.byte 0x18, 0x80, 0x08, 0x1C, 0x4F, 0x38, 0x00, 0x04, 0x00, 0x0C, 0x09, 0x28, 0x02, 0xD8, 0x09, 0x4D
	.byte 0x60, 0x19, 0x18, 0x80, 0x08, 0x1C, 0x9F, 0x38, 0x00, 0x04, 0x00, 0x0C, 0x52, 0x28, 0x02, 0xD8
	.byte 0x05, 0x49, 0x60, 0x18, 0x18, 0x80, 0x00, 0x20, 0x04, 0xF0, 0x1C, 0xFD, 0xAB, 0x7D, 0x00, 0x00
	.byte 0xA4, 0x7D, 0x00, 0x00, 0xB2, 0x7D, 0x00, 0x00, 0xA0, 0x7D, 0x00, 0x00, 0xFF, 0x21, 0x21, 0x40
	.byte 0x08, 0x1C, 0x40, 0x38, 0x00, 0x04, 0x00, 0x0C, 0x3E, 0x28, 0x02, 0xD8, 0x07, 0x4D, 0x60, 0x19
	.byte 0x18, 0x80, 0x08, 0x1C, 0x80, 0x38, 0x00, 0x04, 0x00, 0x0C, 0x14, 0x28, 0x02, 0xD8, 0x04, 0x49
	.byte 0x60, 0x18, 0x18, 0x80, 0x00, 0x20, 0x04, 0xF0, 0xFD, 0xFC, 0x00, 0x00, 0x52, 0x7D, 0x00, 0x00
	.byte 0x51, 0x7D, 0x00, 0x00, 0xFF, 0x20, 0x20, 0x40, 0x56, 0x28, 0x03, 0xD0, 0x5D, 0x28, 0x06, 0xD0
	.byte 0x04, 0xF0, 0xEE, 0xFC, 0x8F, 0x20, 0x18, 0x80, 0x00, 0x20, 0x04, 0xF0, 0xEB, 0xFC, 0x8E, 0x20
	.byte 0x18, 0x80, 0x00, 0x20, 0x04, 0xF0, 0xE6, 0xFC, 0xFF, 0x20, 0x20, 0x40, 0xA3, 0x38, 0x56, 0x28
	.byte 0x01, 0xD9, 0x04, 0xF0, 0xDD, 0xFC, 0x80, 0x00, 0x01, 0x49, 0x40, 0x18, 0x00, 0x68, 0x87, 0x46
	.byte 0x54, 0x70, 0x06, 0x08, 0x5A, 0x72, 0x06, 0x08, 0x50, 0x72, 0x06, 0x08, 0x00, 0xBA, 0x06, 0x08
	.byte 0x00, 0xBA, 0x06, 0x08, 0x00, 0xBA, 0x06, 0x08, 0x00, 0xBA, 0x06, 0x08, 0x00, 0xBA, 0x06, 0x08
	.byte 0x00, 0xBA, 0x06, 0x08, 0xF6, 0x71, 0x06, 0x08, 0x6E, 0x72, 0x06, 0x08, 0x00, 0xBA, 0x06, 0x08
	.byte 0x00, 0xBA, 0x06, 0x08, 0x00, 0xBA, 0x06, 0x08, 0x00, 0xBA, 0x06, 0x08, 0x00, 0xBA, 0x06, 0x08
	.byte 0x00, 0xBA, 0x06, 0x08, 0x00, 0xBA, 0x06, 0x08, 0x00, 0xBA, 0x06, 0x08, 0x0A, 0x72, 0x06, 0x08
	.byte 0x00, 0xBA, 0x06, 0x08, 0x00, 0xBA, 0x06, 0x08, 0x00, 0xBA, 0x06, 0x08, 0x00, 0xBA, 0x06, 0x08
	.byte 0x00, 0xBA, 0x06, 0x08, 0x00, 0xBA, 0x06, 0x08, 0x00, 0xBA, 0x06, 0x08, 0x00, 0xBA, 0x06, 0x08
	.byte 0x00, 0xBA, 0x06, 0x08, 0x00, 0xBA, 0x06, 0x08, 0x1E, 0x72, 0x06, 0x08, 0x00, 0xBA, 0x06, 0x08
	.byte 0x00, 0xBA, 0x06, 0x08, 0xBA, 0x71, 0x06, 0x08, 0x64, 0x72, 0x06, 0x08, 0xB0, 0x71, 0x06, 0x08
	.byte 0x00, 0xBA, 0x06, 0x08, 0x00, 0xBA, 0x06, 0x08, 0xEC, 0x71, 0x06, 0x08, 0x00, 0xBA, 0x06, 0x08
	.byte 0x96, 0x72, 0x06, 0x08, 0x00, 0xBA, 0x06, 0x08, 0x00, 0xBA, 0x06, 0x08, 0x28, 0x72, 0x06, 0x08
	.byte 0x00, 0xBA, 0x06, 0x08, 0x00, 0xBA, 0x06, 0x08, 0xA0, 0x72, 0x06, 0x08, 0x00, 0xBA, 0x06, 0x08
	.byte 0x00, 0xBA, 0x06, 0x08, 0x14, 0x72, 0x06, 0x08, 0x00, 0xBA, 0x06, 0x08, 0x00, 0xBA, 0x06, 0x08
	.byte 0x00, 0xBA, 0x06, 0x08, 0x00, 0xBA, 0x06, 0x08, 0x00, 0xBA, 0x06, 0x08, 0x8C, 0x72, 0x06, 0x08
	.byte 0x82, 0x72, 0x06, 0x08, 0x00, 0xBA, 0x06, 0x08, 0x00, 0xBA, 0x06, 0x08, 0x00, 0xBA, 0x06, 0x08
	.byte 0x00, 0xBA, 0x06, 0x08, 0x78, 0x72, 0x06, 0x08, 0x00, 0xBA, 0x06, 0x08, 0xE2, 0x71, 0x06, 0x08
	.byte 0x00, 0xBA, 0x06, 0x08, 0x00, 0xBA, 0x06, 0x08, 0x00, 0xBA, 0x06, 0x08, 0x00, 0xBA, 0x06, 0x08
	.byte 0x00, 0xBA, 0x06, 0x08, 0x32, 0x72, 0x06, 0x08, 0x00, 0xBA, 0x06, 0x08, 0x00, 0xBA, 0x06, 0x08
	.byte 0xCE, 0x71, 0x06, 0x08, 0x00, 0xBA, 0x06, 0x08, 0x00, 0xBA, 0x06, 0x08, 0x00, 0xBA, 0x06, 0x08
	.byte 0x00, 0xBA, 0x06, 0x08, 0x00, 0xBA, 0x06, 0x08, 0x00, 0xBA, 0x06, 0x08, 0x00, 0xBA, 0x06, 0x08
	.byte 0x00, 0xBA, 0x06, 0x08, 0xC4, 0x71, 0x06, 0x08, 0x00, 0xBA, 0x06, 0x08, 0x46, 0x72, 0x06, 0x08
	.byte 0x00, 0x72, 0x06, 0x08, 0x00, 0xBA, 0x06, 0x08, 0x3C, 0x72, 0x06, 0x08, 0xD8, 0x71, 0x06, 0x08
	.byte 0x09, 0x20, 0x18, 0x80, 0x01, 0x20, 0x04, 0xF0, 0x25, 0xFC, 0x54, 0x20, 0x18, 0x80, 0x01, 0x20
	.byte 0x04, 0xF0, 0x20, 0xFC, 0x56, 0x20, 0x18, 0x80, 0x01, 0x20, 0x04, 0xF0, 0x1B, 0xFC, 0x68, 0x20
	.byte 0x18, 0x80, 0x01, 0x20, 0x04, 0xF0, 0x16, 0xFC, 0x99, 0x20, 0x18, 0x80, 0x01, 0x20, 0x04, 0xF0
	.byte 0x11, 0xFC, 0xB3, 0x20, 0x18, 0x80, 0x01, 0x20, 0x04, 0xF0, 0x0C, 0xFC, 0xB6, 0x20, 0x18, 0x80
	.byte 0x01, 0x20, 0x04, 0xF0, 0x07, 0xFC, 0xD0, 0x20, 0x18, 0x80, 0x01, 0x20, 0x04, 0xF0, 0x02, 0xFC
	.byte 0xF7, 0x20, 0x18, 0x80, 0x01, 0x20, 0x04, 0xF0, 0xFD, 0xFB, 0xFA, 0x20, 0x18, 0x80, 0x01, 0x20
	.byte 0x04, 0xF0, 0xF8, 0xFB, 0x03, 0x20, 0x18, 0x80, 0x02, 0x20, 0x04, 0xF0, 0xF3, 0xFB, 0x11, 0x20
	.byte 0x18, 0x80, 0x02, 0x20, 0x04, 0xF0, 0xEE, 0xFB, 0x39, 0x20, 0x18, 0x80, 0x02, 0x20, 0x04, 0xF0
	.byte 0xE9, 0xFB, 0x69, 0x20, 0x18, 0x80, 0x02, 0x20, 0x04, 0xF0, 0xE4, 0xFB, 0xA4, 0x20, 0x18, 0x80
	.byte 0x02, 0x20, 0x04, 0xF0, 0xDF, 0xFB, 0xB8, 0x20, 0x18, 0x80, 0x02, 0x20, 0x04, 0xF0, 0xDA, 0xFB
	.byte 0xC0, 0x20, 0x18, 0x80, 0x02, 0x20, 0x04, 0xF0, 0xD5, 0xFB, 0xCF, 0x20, 0x18, 0x80, 0x02, 0x20
	.byte 0x04, 0xF0, 0xD0, 0xFB, 0x3F, 0x20, 0x18, 0x80, 0x03, 0x20, 0x04, 0xF0, 0xCB, 0xFB, 0x4E, 0x20
	.byte 0x18, 0x80, 0x03, 0x20, 0x04, 0xF0, 0xC6, 0xFB, 0x66, 0x20, 0x18, 0x80, 0x03, 0x20, 0x04, 0xF0
	.byte 0xC1, 0xFB, 0x76, 0x20, 0x18, 0x80, 0x03, 0x20, 0x04, 0xF0, 0xBC, 0xFB, 0x87, 0x20, 0x18, 0x80
	.byte 0x03, 0x20, 0x04, 0xF0, 0xB7, 0xFB, 0x88, 0x20, 0x18, 0x80, 0x03, 0x20, 0x04, 0xF0, 0xB2, 0xFB
	.byte 0xBB, 0x20, 0x18, 0x80, 0x03, 0x20, 0x04, 0xF0, 0xAD, 0xFB, 0xFF, 0x20, 0x20, 0x40, 0x41, 0x38
	.byte 0xBB, 0x28, 0x01, 0xD9, 0x04, 0xF0, 0xA4, 0xFB, 0x80, 0x00, 0x02, 0x49, 0x40, 0x18, 0x00, 0x68
	.byte 0x87, 0x46, 0x00, 0x00, 0xC8, 0x72, 0x06, 0x08, 0x0C, 0x77, 0x06, 0x08, 0x30, 0x76, 0x06, 0x08
	.byte 0x00, 0xBA, 0x06, 0x08, 0x00, 0xBA, 0x06, 0x08, 0x2A, 0x77, 0x06, 0x08, 0x00, 0xBA, 0x06, 0x08
	.byte 0x00, 0xBA, 0x06, 0x08, 0x00, 0xBA, 0x06, 0x08, 0x00, 0xBA, 0x06, 0x08, 0x00, 0xBA, 0x06, 0x08
	.byte 0x00, 0xBA, 0x06, 0x08, 0x00, 0xBA, 0x06, 0x08, 0x00, 0xBA, 0x06, 0x08, 0x00, 0xBA, 0x06, 0x08
	.byte 0x00, 0xBA, 0x06, 0x08, 0x00, 0xBA, 0x06, 0x08, 0x00, 0xBA, 0x06, 0x08, 0x08, 0x76, 0x06, 0x08
	.byte 0x00, 0xBA, 0x06, 0x08, 0x00, 0xBA, 0x06, 0x08, 0x00, 0xBA, 0x06, 0x08, 0x00, 0xBA, 0x06, 0x08
	.byte 0x00, 0xBA, 0x06, 0x08, 0x00, 0xBA, 0x06, 0x08, 0x00, 0xBA, 0x06, 0x08, 0x00, 0xBA, 0x06, 0x08
	.byte 0x00, 0xBA, 0x06, 0x08, 0x00, 0xBA, 0x06, 0x08, 0x00, 0xBA, 0x06, 0x08, 0x26, 0x76, 0x06, 0x08
	.byte 0x00, 0xBA, 0x06, 0x08, 0x00, 0xBA, 0x06, 0x08, 0x00, 0xBA, 0x06, 0x08, 0x00, 0xBA, 0x06, 0x08
	.byte 0x00, 0xBA, 0x06, 0x08, 0x00, 0xBA, 0x06, 0x08, 0xEE, 0x76, 0x06, 0x08, 0x00, 0xBA, 0x06, 0x08
	.byte 0x00, 0xBA, 0x06, 0x08, 0x00, 0xBA, 0x06, 0x08, 0xE0, 0x75, 0x06, 0x08, 0x8A, 0x76, 0x06, 0x08
	.byte 0x00, 0xBA, 0x06, 0x08, 0x00, 0xBA, 0x06, 0x08, 0x00, 0xBA, 0x06, 0x08, 0x00, 0xBA, 0x06, 0x08
	.byte 0x00, 0xBA, 0x06, 0x08, 0xBC, 0x76, 0x06, 0x08, 0x00, 0xBA, 0x06, 0x08, 0x00, 0xBA, 0x06, 0x08
	.byte 0x00, 0xBA, 0x06, 0x08, 0x00, 0xBA, 0x06, 0x08, 0x00, 0xBA, 0x06, 0x08, 0x00, 0xBA, 0x06, 0x08
	.byte 0x00, 0xBA, 0x06, 0x08, 0x00, 0xBA, 0x06, 0x08, 0x00, 0xBA, 0x06, 0x08, 0xF8, 0x76, 0x06, 0x08
	.byte 0x00, 0xBA, 0x06, 0x08, 0x00, 0xBA, 0x06, 0x08, 0x00, 0xBA, 0x06, 0x08, 0x00, 0xBA, 0x06, 0x08
	.byte 0x00, 0xBA, 0x06, 0x08, 0x00, 0xBA, 0x06, 0x08, 0x00, 0xBA, 0x06, 0x08, 0x00, 0xBA, 0x06, 0x08
	.byte 0x00, 0xBA, 0x06, 0x08, 0x00, 0xBA, 0x06, 0x08, 0x00, 0xBA, 0x06, 0x08, 0x00, 0xBA, 0x06, 0x08
	.byte 0x00, 0xBA, 0x06, 0x08, 0x00, 0xBA, 0x06, 0x08, 0x00, 0xBA, 0x06, 0x08, 0x5C, 0x77, 0x06, 0x08
	.byte 0x00, 0xBA, 0x06, 0x08, 0x00, 0xBA, 0x06, 0x08, 0x00, 0xBA, 0x06, 0x08, 0x00, 0xBA, 0x06, 0x08
	.byte 0x16, 0x77, 0x06, 0x08, 0x00, 0xBA, 0x06, 0x08, 0x00, 0xBA, 0x06, 0x08, 0x00, 0xBA, 0x06, 0x08
	.byte 0xEA, 0x75, 0x06, 0x08, 0x00, 0xBA, 0x06, 0x08, 0x00, 0xBA, 0x06, 0x08, 0x00, 0xBA, 0x06, 0x08
	.byte 0x00, 0xBA, 0x06, 0x08, 0x58, 0x76, 0x06, 0x08, 0x00, 0xBA, 0x06, 0x08, 0x00, 0xBA, 0x06, 0x08
	.byte 0x00, 0xBA, 0x06, 0x08, 0xB8, 0x75, 0x06, 0x08, 0x00, 0xBA, 0x06, 0x08, 0x20, 0x77, 0x06, 0x08
	.byte 0x3E, 0x77, 0x06, 0x08, 0x00, 0xBA, 0x06, 0x08, 0x00, 0xBA, 0x06, 0x08, 0x00, 0xBA, 0x06, 0x08
	.byte 0x00, 0xBA, 0x06, 0x08, 0xD6, 0x75, 0x06, 0x08, 0x00, 0xBA, 0x06, 0x08, 0x00, 0xBA, 0x06, 0x08
	.byte 0x00, 0xBA, 0x06, 0x08, 0x00, 0xBA, 0x06, 0x08, 0x00, 0xBA, 0x06, 0x08, 0x00, 0xBA, 0x06, 0x08
	.byte 0x00, 0xBA, 0x06, 0x08, 0x00, 0xBA, 0x06, 0x08, 0x00, 0xBA, 0x06, 0x08, 0xA8, 0x76, 0x06, 0x08
	.byte 0xC2, 0x75, 0x06, 0x08, 0x00, 0xBA, 0x06, 0x08, 0x00, 0xBA, 0x06, 0x08, 0x00, 0xBA, 0x06, 0x08
	.byte 0x00, 0xBA, 0x06, 0x08, 0x12, 0x76, 0x06, 0x08, 0x00, 0xBA, 0x06, 0x08, 0x00, 0xBA, 0x06, 0x08
	.byte 0x00, 0xBA, 0x06, 0x08, 0x00, 0xBA, 0x06, 0x08, 0x9E, 0x76, 0x06, 0x08, 0x4E, 0x76, 0x06, 0x08
	.byte 0x3A, 0x76, 0x06, 0x08, 0x62, 0x76, 0x06, 0x08, 0xCC, 0x75, 0x06, 0x08, 0x00, 0xBA, 0x06, 0x08
	.byte 0xE4, 0x76, 0x06, 0x08, 0x00, 0xBA, 0x06, 0x08, 0xB2, 0x76, 0x06, 0x08, 0x52, 0x77, 0x06, 0x08
	.byte 0x00, 0xBA, 0x06, 0x08, 0x00, 0xBA, 0x06, 0x08, 0x00, 0xBA, 0x06, 0x08, 0x1C, 0x76, 0x06, 0x08
	.byte 0x00, 0xBA, 0x06, 0x08, 0x02, 0x77, 0x06, 0x08, 0x00, 0xBA, 0x06, 0x08, 0x80, 0x76, 0x06, 0x08
	.byte 0x00, 0xBA, 0x06, 0x08, 0x00, 0xBA, 0x06, 0x08, 0x00, 0xBA, 0x06, 0x08, 0x34, 0x77, 0x06, 0x08
	.byte 0x00, 0xBA, 0x06, 0x08, 0x00, 0xBA, 0x06, 0x08, 0x00, 0xBA, 0x06, 0x08, 0x00, 0xBA, 0x06, 0x08
	.byte 0x00, 0xBA, 0x06, 0x08, 0x66, 0x77, 0x06, 0x08, 0x00, 0xBA, 0x06, 0x08, 0x00, 0xBA, 0x06, 0x08
	.byte 0x48, 0x77, 0x06, 0x08, 0x00, 0xBA, 0x06, 0x08, 0x00, 0xBA, 0x06, 0x08, 0x00, 0xBA, 0x06, 0x08
	.byte 0x00, 0xBA, 0x06, 0x08, 0x00, 0xBA, 0x06, 0x08, 0x00, 0xBA, 0x06, 0x08, 0x00, 0xBA, 0x06, 0x08
	.byte 0xD0, 0x76, 0x06, 0x08, 0x00, 0xBA, 0x06, 0x08, 0x00, 0xBA, 0x06, 0x08, 0x00, 0xBA, 0x06, 0x08
	.byte 0x00, 0xBA, 0x06, 0x08, 0x94, 0x76, 0x06, 0x08, 0x00, 0xBA, 0x06, 0x08, 0xDA, 0x76, 0x06, 0x08
	.byte 0x00, 0xBA, 0x06, 0x08, 0x00, 0xBA, 0x06, 0x08, 0x00, 0xBA, 0x06, 0x08, 0x00, 0xBA, 0x06, 0x08
	.byte 0x00, 0xBA, 0x06, 0x08, 0x00, 0xBA, 0x06, 0x08, 0x00, 0xBA, 0x06, 0x08, 0x44, 0x76, 0x06, 0x08
	.byte 0xFE, 0x75, 0x06, 0x08, 0x6C, 0x76, 0x06, 0x08, 0x76, 0x76, 0x06, 0x08, 0x00, 0xBA, 0x06, 0x08
	.byte 0x00, 0xBA, 0x06, 0x08, 0x00, 0xBA, 0x06, 0x08, 0x00, 0xBA, 0x06, 0x08, 0xF4, 0x75, 0x06, 0x08
	.byte 0xC6, 0x76, 0x06, 0x08, 0x00, 0xBA, 0x06, 0x08, 0x00, 0xBA, 0x06, 0x08, 0x00, 0xBA, 0x06, 0x08
	.byte 0x00, 0xBA, 0x06, 0x08, 0x70, 0x77, 0x06, 0x08, 0x04, 0x20, 0x18, 0x80, 0x01, 0x20, 0x04, 0xF0
	.byte 0x21, 0xFA, 0x1A, 0x20, 0x18, 0x80, 0x01, 0x20, 0x04, 0xF0, 0x1C, 0xFA, 0x2F, 0x20, 0x18, 0x80
	.byte 0x01, 0x20, 0x04, 0xF0, 0x17, 0xFA, 0x31, 0x20, 0x18, 0x80, 0x01, 0x20, 0x04, 0xF0, 0x12, 0xFA
	.byte 0x4A, 0x20, 0x18, 0x80, 0x01, 0x20, 0x04, 0xF0, 0x0D, 0xFA, 0x4B, 0x20, 0x18, 0x80, 0x01, 0x20
	.byte 0x04, 0xF0, 0x08, 0xFA, 0x5F, 0x20, 0x18, 0x80, 0x01, 0x20, 0x04, 0xF0, 0x03, 0xFA, 0x62, 0x20
	.byte 0x18, 0x80, 0x01, 0x20, 0x04, 0xF0, 0xFE, 0xF9, 0x67, 0x20, 0x18, 0x80, 0x01, 0x20, 0x04, 0xF0
	.byte 0xF9, 0xF9, 0x6B, 0x20, 0x18, 0x80, 0x01, 0x20, 0x04, 0xF0, 0xF4, 0xF9, 0x79, 0x20, 0x18, 0x80
	.byte 0x01, 0x20, 0x04, 0xF0, 0xEF, 0xF9, 0x7C, 0x20, 0x18, 0x80, 0x01, 0x20, 0x04, 0xF0, 0xEA, 0xF9
	.byte 0xA0, 0x20, 0x18, 0x80, 0x01, 0x20, 0x04, 0xF0, 0xE5, 0xF9, 0xC6, 0x20, 0x18, 0x80, 0x01, 0x20
	.byte 0x04, 0xF0, 0xE0, 0xF9, 0xCD, 0x20, 0x18, 0x80, 0x01, 0x20, 0x04, 0xF0, 0xDB, 0xF9, 0x01, 0x20
	.byte 0x18, 0x80, 0x02, 0x20, 0x04, 0xF0, 0xD6, 0xF9, 0x08, 0x20, 0x18, 0x80, 0x02, 0x20, 0x04, 0xF0
	.byte 0xD1, 0xF9, 0x0F, 0x20, 0x18, 0x80, 0x02, 0x20, 0x04, 0xF0, 0xCC, 0xF9, 0x3D, 0x20, 0x18, 0x80
	.byte 0x02, 0x20, 0x04, 0xF0, 0xC7, 0xF9, 0x41, 0x20, 0x18, 0x80, 0x02, 0x20, 0x04, 0xF0, 0xC2, 0xF9
	.byte 0x59, 0x20, 0x18, 0x80, 0x02, 0x20, 0x04, 0xF0, 0xBD, 0xF9, 0x65, 0x20, 0x18, 0x80, 0x02, 0x20
	.byte 0x04, 0xF0, 0xB8, 0xF9, 0x68, 0x20, 0x18, 0x80, 0x02, 0x20, 0x04, 0xF0, 0xB3, 0xF9, 0x78, 0x20
	.byte 0x18, 0x80, 0x02, 0x20, 0x04, 0xF0, 0xAE, 0xF9, 0x7C, 0x20, 0x18, 0x80, 0x02, 0x20, 0x04, 0xF0
	.byte 0xA9, 0xF9, 0x98, 0x20, 0x18, 0x80, 0x02, 0x20, 0x04, 0xF0, 0xA4, 0xF9, 0x9B, 0x20, 0x18, 0x80
	.byte 0x02, 0x20, 0x04, 0xF0, 0x9F, 0xF9, 0xB1, 0x20, 0x18, 0x80, 0x02, 0x20, 0x04, 0xF0, 0x9A, 0xF9
	.byte 0xC8, 0x20, 0x18, 0x80, 0x02, 0x20, 0x04, 0xF0, 0x95, 0xF9, 0xC9, 0x20, 0x18, 0x80, 0x02, 0x20
	.byte 0x04, 0xF0, 0x90, 0xF9, 0xDA, 0x20, 0x18, 0x80, 0x02, 0x20, 0x04, 0xF0, 0x8B, 0xF9, 0xF0, 0x20
	.byte 0x18, 0x80, 0x02, 0x20, 0x04, 0xF0, 0x86, 0xF9, 0xF4, 0x20, 0x18, 0x80, 0x02, 0x20, 0x04, 0xF0
	.byte 0x81, 0xF9, 0x0D, 0x20, 0x18, 0x80, 0x03, 0x20, 0x04, 0xF0, 0x7C, 0xF9, 0x33, 0x20, 0x18, 0x80
	.byte 0x03, 0x20, 0x04, 0xF0, 0x77, 0xF9, 0x37, 0x20, 0x18, 0x80, 0x03, 0x20, 0x04, 0xF0, 0x72, 0xF9
	.byte 0x50, 0x20, 0x18, 0x80, 0x03, 0x20, 0x04, 0xF0, 0x6D, 0xF9, 0x71, 0x20, 0x18, 0x80, 0x03, 0x20
	.byte 0x04, 0xF0, 0x68, 0xF9, 0x81, 0x20, 0x18, 0x80, 0x03, 0x20, 0x04, 0xF0, 0x63, 0xF9, 0x8E, 0x20
	.byte 0x18, 0x80, 0x03, 0x20, 0x04, 0xF0, 0x5E, 0xF9, 0x94, 0x20, 0x18, 0x80, 0x03, 0x20, 0x04, 0xF0
	.byte 0x59, 0xF9, 0x96, 0x20, 0x18, 0x80, 0x03, 0x20, 0x04, 0xF0, 0x54, 0xF9, 0x9A, 0x20, 0x18, 0x80
	.byte 0x03, 0x20, 0x04, 0xF0, 0x4F, 0xF9, 0xB5, 0x20, 0x18, 0x80, 0x03, 0x20, 0x04, 0xF0, 0x4A, 0xF9
	.byte 0xBC, 0x20, 0x18, 0x80, 0x03, 0x20, 0x04, 0xF0, 0x45, 0xF9, 0xFF, 0x20, 0x20, 0x40, 0x43, 0x38
	.byte 0xB7, 0x28, 0x01, 0xD9, 0x04, 0xF0, 0x3C, 0xF9, 0x80, 0x00, 0x02, 0x49, 0x40, 0x18, 0x00, 0x68
	.byte 0x87, 0x46, 0x00, 0x00, 0x98, 0x77, 0x06, 0x08, 0xBE, 0x7A, 0x06, 0x08, 0x00, 0xBA, 0x06, 0x08
	.byte 0xAA, 0x7A, 0x06, 0x08, 0x00, 0xBA, 0x06, 0x08, 0x72, 0x7B, 0x06, 0x08, 0x00, 0xBA, 0x06, 0x08
	.byte 0x00, 0xBA, 0x06, 0x08, 0x4A, 0x7B, 0x06, 0x08, 0x96, 0x7A, 0x06, 0x08, 0x00, 0xBA, 0x06, 0x08
	.byte 0x00, 0xBA, 0x06, 0x08, 0x00, 0xBA, 0x06, 0x08, 0x78, 0x7A, 0x06, 0x08, 0x00, 0xBA, 0x06, 0x08
	.byte 0x54, 0x7B, 0x06, 0x08, 0x00, 0xBA, 0x06, 0x08, 0x00, 0xBA, 0x06, 0x08, 0x00, 0xBA, 0x06, 0x08
	.byte 0x00, 0xBA, 0x06, 0x08, 0x00, 0xBA, 0x06, 0x08, 0x00, 0xBA, 0x06, 0x08, 0xE6, 0x7A, 0x06, 0x08
	.byte 0x00, 0xBA, 0x06, 0x08, 0x00, 0xBA, 0x06, 0x08, 0x00, 0xBA, 0x06, 0x08, 0x00, 0xBA, 0x06, 0x08
	.byte 0x00, 0xBA, 0x06, 0x08, 0x00, 0xBA, 0x06, 0x08, 0x00, 0xBA, 0x06, 0x08, 0x00, 0xBA, 0x06, 0x08
	.byte 0x00, 0xBA, 0x06, 0x08, 0x00, 0xBA, 0x06, 0x08, 0x00, 0xBA, 0x06, 0x08, 0x00, 0xBA, 0x06, 0x08
	.byte 0x00, 0xBA, 0x06, 0x08, 0x00, 0xBA, 0x06, 0x08, 0x00, 0xBA, 0x06, 0x08, 0x00, 0xBA, 0x06, 0x08
	.byte 0x68, 0x7B, 0x06, 0x08, 0x00, 0xBA, 0x06, 0x08, 0x00, 0xBA, 0x06, 0x08, 0x00, 0xBA, 0x06, 0x08
	.byte 0x82, 0x7A, 0x06, 0x08, 0x00, 0xBA, 0x06, 0x08, 0x40, 0x7B, 0x06, 0x08, 0x00, 0xBA, 0x06, 0x08
	.byte 0x00, 0xBA, 0x06, 0x08, 0x00, 0xBA, 0x06, 0x08, 0x00, 0xBA, 0x06, 0x08, 0x00, 0xBA, 0x06, 0x08
	.byte 0x00, 0xBA, 0x06, 0x08, 0x00, 0xBA, 0x06, 0x08, 0x78, 0x7B, 0x06, 0x08, 0x00, 0xBA, 0x06, 0x08
	.byte 0xDC, 0x7A, 0x06, 0x08, 0x00, 0xBA, 0x06, 0x08, 0x00, 0xBA, 0x06, 0x08, 0x00, 0xBA, 0x06, 0x08
	.byte 0x00, 0xBA, 0x06, 0x08, 0x00, 0xBA, 0x06, 0x08, 0x00, 0xBA, 0x06, 0x08, 0x00, 0xBA, 0x06, 0x08
	.byte 0x00, 0xBA, 0x06, 0x08, 0x00, 0xBA, 0x06, 0x08, 0x00, 0xBA, 0x06, 0x08, 0x00, 0xBA, 0x06, 0x08
	.byte 0x00, 0xBA, 0x06, 0x08, 0x00, 0xBA, 0x06, 0x08, 0x00, 0xBA, 0x06, 0x08, 0xAA, 0x7B, 0x06, 0x08
	.byte 0x00, 0xBA, 0x06, 0x08, 0x00, 0xBA, 0x06, 0x08, 0x00, 0xBA, 0x06, 0x08, 0x00, 0xBA, 0x06, 0x08
	.byte 0x00, 0xBA, 0x06, 0x08, 0x00, 0xBA, 0x06, 0x08, 0x00, 0xBA, 0x06, 0x08, 0x00, 0xBA, 0x06, 0x08
	.byte 0x00, 0xBA, 0x06, 0x08, 0x00, 0xBA, 0x06, 0x08, 0x00, 0xBA, 0x06, 0x08, 0x00, 0xBA, 0x06, 0x08
	.byte 0x00, 0xBA, 0x06, 0x08, 0x00, 0xBA, 0x06, 0x08, 0x00, 0xBA, 0x06, 0x08, 0x00, 0xBA, 0x06, 0x08
	.byte 0x00, 0xBA, 0x06, 0x08, 0x00, 0xBA, 0x06, 0x08, 0x00, 0xBA, 0x06, 0x08, 0x00, 0xBA, 0x06, 0x08
	.byte 0x00, 0xBA, 0x06, 0x08, 0x00, 0xBA, 0x06, 0x08, 0x00, 0xBA, 0x06, 0x08, 0x00, 0xBA, 0x06, 0x08
	.byte 0x00, 0xBA, 0x06, 0x08, 0x00, 0xBA, 0x06, 0x08, 0xA0, 0x7A, 0x06, 0x08, 0x00, 0xBA, 0x06, 0x08
	.byte 0xB4, 0x7B, 0x06, 0x08, 0x00, 0xBA, 0x06, 0x08, 0x00, 0xBA, 0x06, 0x08, 0x00, 0xBA, 0x06, 0x08
	.byte 0x00, 0xBA, 0x06, 0x08, 0xF0, 0x7A, 0x06, 0x08, 0xC8, 0x7B, 0x06, 0x08, 0x00, 0xBA, 0x06, 0x08
	.byte 0x00, 0xBA, 0x06, 0x08, 0x8C, 0x7B, 0x06, 0x08, 0x00, 0xBA, 0x06, 0x08, 0x00, 0xBA, 0x06, 0x08
	.byte 0xFA, 0x7A, 0x06, 0x08, 0x00, 0xBA, 0x06, 0x08, 0x00, 0xBA, 0x06, 0x08, 0xD2, 0x7A, 0x06, 0x08
	.byte 0x8C, 0x7A, 0x06, 0x08, 0x00, 0xBA, 0x06, 0x08, 0xA0, 0x7B, 0x06, 0x08, 0x00, 0xBA, 0x06, 0x08
	.byte 0x00, 0xBA, 0x06, 0x08, 0x00, 0xBA, 0x06, 0x08, 0x00, 0xBA, 0x06, 0x08, 0x00, 0xBA, 0x06, 0x08
	.byte 0x00, 0xBA, 0x06, 0x08, 0x00, 0xBA, 0x06, 0x08, 0x00, 0xBA, 0x06, 0x08, 0x00, 0xBA, 0x06, 0x08
	.byte 0x00, 0xBA, 0x06, 0x08, 0x00, 0xBA, 0x06, 0x08, 0x22, 0x7B, 0x06, 0x08, 0x00, 0xBA, 0x06, 0x08
	.byte 0x00, 0xBA, 0x06, 0x08, 0x00, 0xBA, 0x06, 0x08, 0x00, 0xBA, 0x06, 0x08, 0x2C, 0x7B, 0x06, 0x08
	.byte 0x00, 0xBA, 0x06, 0x08, 0x00, 0xBA, 0x06, 0x08, 0x00, 0xBA, 0x06, 0x08, 0x00, 0xBA, 0x06, 0x08
	.byte 0x00, 0xBA, 0x06, 0x08, 0x00, 0xBA, 0x06, 0x08, 0x00, 0xBA, 0x06, 0x08, 0x00, 0xBA, 0x06, 0x08
	.byte 0x00, 0xBA, 0x06, 0x08, 0x00, 0xBA, 0x06, 0x08, 0x00, 0xBA, 0x06, 0x08, 0xB4, 0x7A, 0x06, 0x08
	.byte 0x00, 0xBA, 0x06, 0x08, 0x5E, 0x7B, 0x06, 0x08, 0x00, 0xBA, 0x06, 0x08, 0x00, 0xBA, 0x06, 0x08
	.byte 0x00, 0xBA, 0x06, 0x08, 0x00, 0xBA, 0x06, 0x08, 0x00, 0xBA, 0x06, 0x08, 0x00, 0xBA, 0x06, 0x08
	.byte 0x00, 0xBA, 0x06, 0x08, 0x00, 0xBA, 0x06, 0x08, 0x00, 0xBA, 0x06, 0x08, 0x00, 0xBA, 0x06, 0x08
	.byte 0x00, 0xBA, 0x06, 0x08, 0x00, 0xBA, 0x06, 0x08, 0x00, 0xBA, 0x06, 0x08, 0x00, 0xBA, 0x06, 0x08
	.byte 0x00, 0xBA, 0x06, 0x08, 0x00, 0xBA, 0x06, 0x08, 0x0E, 0x7B, 0x06, 0x08, 0x18, 0x7B, 0x06, 0x08
	.byte 0x00, 0xBA, 0x06, 0x08, 0x00, 0xBA, 0x06, 0x08, 0xC8, 0x7A, 0x06, 0x08, 0x82, 0x7B, 0x06, 0x08
	.byte 0x96, 0x7B, 0x06, 0x08, 0x00, 0xBA, 0x06, 0x08, 0x04, 0x7B, 0x06, 0x08, 0x00, 0xBA, 0x06, 0x08
	.byte 0x36, 0x7B, 0x06, 0x08, 0x00, 0xBA, 0x06, 0x08, 0x00, 0xBA, 0x06, 0x08, 0x00, 0xBA, 0x06, 0x08
	.byte 0x00, 0xBA, 0x06, 0x08, 0x00, 0xBA, 0x06, 0x08, 0x00, 0xBA, 0x06, 0x08, 0x00, 0xBA, 0x06, 0x08
	.byte 0x00, 0xBA, 0x06, 0x08, 0xBE, 0x7B, 0x06, 0x08, 0x08, 0x20, 0x18, 0x80, 0x01, 0x20, 0x03, 0xF0
	.byte 0xC1, 0xFF, 0x11, 0x20, 0x18, 0x80, 0x01, 0x20, 0x03, 0xF0, 0xBC, 0xFF, 0x3D, 0x20, 0x18, 0x80
	.byte 0x01, 0x20, 0x03, 0xF0, 0xB7, 0xFF, 0x4C, 0x20, 0x18, 0x80, 0x01, 0x20, 0x03, 0xF0, 0xB2, 0xFF
	.byte 0x51, 0x20, 0x18, 0x80, 0x01, 0x20, 0x03, 0xF0, 0xAD, 0xFF, 0x53, 0x20, 0x18, 0x80, 0x01, 0x20
	.byte 0x03, 0xF0, 0xA8, 0xFF, 0x65, 0x20, 0x18, 0x80, 0x01, 0x20, 0x03, 0xF0, 0xA3, 0xFF, 0x7B, 0x20
	.byte 0x18, 0x80, 0x01, 0x20, 0x03, 0xF0, 0x9E, 0xFF, 0x8B, 0x20, 0x18, 0x80, 0x01, 0x20, 0x03, 0xF0
	.byte 0x99, 0xFF, 0xA7, 0x20, 0x18, 0x80, 0x01, 0x20, 0x03, 0xF0, 0x94, 0xFF, 0xBC, 0x20, 0x18, 0x80
	.byte 0x01, 0x20, 0x03, 0xF0, 0x8F, 0xFF, 0xC7, 0x20, 0x18, 0x80, 0x01, 0x20, 0x03, 0xF0, 0x8A, 0xFF
	.byte 0xFC, 0x20, 0x18, 0x80, 0x01, 0x20, 0x03, 0xF0, 0x85, 0xFF, 0x09, 0x20, 0x18, 0x80, 0x02, 0x20
	.byte 0x03, 0xF0, 0x80, 0xFF, 0x0D, 0x20, 0x18, 0x80, 0x02, 0x20, 0x03, 0xF0, 0x7B, 0xFF, 0x36, 0x20
	.byte 0x18, 0x80, 0x02, 0x20, 0x03, 0xF0, 0x76, 0xFF, 0x3B, 0x20, 0x18, 0x80, 0x02, 0x20, 0x03, 0xF0
	.byte 0x71, 0xFF, 0x40, 0x20, 0x18, 0x80, 0x02, 0x20, 0x03, 0xF0, 0x6C, 0xFF, 0x54, 0x20, 0x18, 0x80
	.byte 0x02, 0x20, 0x03, 0xF0, 0x67, 0xFF, 0x8C, 0x20, 0x18, 0x80, 0x02, 0x20, 0x03, 0xF0, 0x62, 0xFF
	.byte 0x8F, 0x20, 0x18, 0x80, 0x02, 0x20, 0x03, 0xF0, 0x5D, 0xFF, 0x92, 0x20, 0x18, 0x80, 0x02, 0x20
	.byte 0x03, 0xF0, 0x58, 0xFF, 0x95, 0x20, 0x18, 0x80, 0x02, 0x20, 0x03, 0xF0, 0x53, 0xFF, 0xB2, 0x20
	.byte 0x18, 0x80, 0x02, 0x20, 0x03, 0xF0, 0x4E, 0xFF, 0xF8, 0x20, 0x18, 0x80, 0x02, 0x20, 0x03, 0xF0
	.byte 0x49, 0xFF, 0x03, 0x20, 0x03, 0xF0, 0x45, 0xFF, 0x0E, 0x20, 0x18, 0x80, 0x03, 0x20, 0x03, 0xF0
	.byte 0x41, 0xFF, 0x2E, 0x20, 0x18, 0x80, 0x03, 0x20, 0x03, 0xF0, 0x3C, 0xFF, 0x38, 0x20, 0x18, 0x80
	.byte 0x03, 0x20, 0x03, 0xF0, 0x37, 0xFF, 0x4C, 0x20, 0x18, 0x80, 0x03, 0x20, 0x03, 0xF0, 0x32, 0xFF
	.byte 0x55, 0x20, 0x18, 0x80, 0x03, 0x20, 0x03, 0xF0, 0x2D, 0xFF, 0x58, 0x20, 0x18, 0x80, 0x03, 0x20
	.byte 0x03, 0xF0, 0x28, 0xFF, 0x91, 0x20, 0x18, 0x80, 0x03, 0x20, 0x03, 0xF0, 0x23, 0xFF, 0xA2, 0x20
	.byte 0x18, 0x80, 0x03, 0x20, 0x03, 0xF0, 0x1E, 0xFF, 0xA6, 0x20, 0x18, 0x80, 0x03, 0x20, 0x03, 0xF0
	.byte 0x19, 0xFF, 0xFF, 0x20, 0x20, 0x40, 0x40, 0x38, 0xBC, 0x28, 0x01, 0xD9, 0x03, 0xF0, 0x10, 0xFF
	.byte 0x80, 0x00, 0x02, 0x49, 0x40, 0x18, 0x00, 0x68, 0x87, 0x46, 0x00, 0x00, 0xF0, 0x7B, 0x06, 0x08
	.byte 0x92, 0x80, 0x06, 0x08, 0xEE, 0x7E, 0x06, 0x08, 0x00, 0xBA, 0x06, 0x08, 0xF8, 0x7E, 0x06, 0x08
	.byte 0x00, 0xBA, 0x06, 0x08, 0x00, 0xBA, 0x06, 0x08, 0xB6, 0x7F, 0x06, 0x08, 0x00, 0xBA, 0x06, 0x08
	.byte 0x00, 0xBA, 0x06, 0x08, 0x00, 0xBA, 0x06, 0x08, 0x00, 0xBA, 0x06, 0x08, 0x00, 0xBA, 0x06, 0x08
	.byte 0xE4, 0x7E, 0x06, 0x08, 0xC4, 0x80, 0x06, 0x08, 0x84, 0x7F, 0x06, 0x08, 0x00, 0xBA, 0x06, 0x08
	.byte 0x42, 0x80, 0x06, 0x08, 0x00, 0xBA, 0x06, 0x08, 0x00, 0xBA, 0x06, 0x08, 0x00, 0xBA, 0x06, 0x08
	.byte 0x00, 0xBA, 0x06, 0x08, 0x00, 0xBA, 0x06, 0x08, 0x00, 0xBA, 0x06, 0x08, 0x00, 0xBA, 0x06, 0x08
	.byte 0x00, 0xBA, 0x06, 0x08, 0x00, 0xBA, 0x06, 0x08, 0xC0, 0x7F, 0x06, 0x08, 0x00, 0xBA, 0x06, 0x08
	.byte 0x00, 0xBA, 0x06, 0x08, 0x06, 0x80, 0x06, 0x08, 0x02, 0x7F, 0x06, 0x08, 0x00, 0xBA, 0x06, 0x08
	.byte 0x9C, 0x80, 0x06, 0x08, 0x00, 0xBA, 0x06, 0x08, 0x00, 0xBA, 0x06, 0x08, 0x2A, 0x7F, 0x06, 0x08
	.byte 0x00, 0xBA, 0x06, 0x08, 0x00, 0xBA, 0x06, 0x08, 0x00, 0xBA, 0x06, 0x08, 0x00, 0xBA, 0x06, 0x08
	.byte 0x00, 0xBA, 0x06, 0x08, 0x00, 0xBA, 0x06, 0x08, 0x00, 0xBA, 0x06, 0x08, 0x00, 0xBA, 0x06, 0x08
	.byte 0x00, 0xBA, 0x06, 0x08, 0x00, 0xBA, 0x06, 0x08, 0x00, 0xBA, 0x06, 0x08, 0x00, 0xBA, 0x06, 0x08
	.byte 0x60, 0x80, 0x06, 0x08, 0x00, 0xBA, 0x06, 0x08, 0x00, 0xBA, 0x06, 0x08, 0x00, 0xBA, 0x06, 0x08
	.byte 0x98, 0x7F, 0x06, 0x08, 0x00, 0xBA, 0x06, 0x08, 0x7E, 0x80, 0x06, 0x08, 0x00, 0xBA, 0x06, 0x08
	.byte 0x00, 0x81, 0x06, 0x08, 0x00, 0xBA, 0x06, 0x08, 0xE2, 0x80, 0x06, 0x08, 0xE8, 0x7F, 0x06, 0x08
	.byte 0x00, 0xBA, 0x06, 0x08, 0xCA, 0x7F, 0x06, 0x08, 0xA2, 0x7F, 0x06, 0x08, 0x00, 0xBA, 0x06, 0x08
	.byte 0x00, 0xBA, 0x06, 0x08, 0x24, 0x80, 0x06, 0x08, 0x00, 0xBA, 0x06, 0x08, 0xA6, 0x80, 0x06, 0x08
	.byte 0x00, 0xBA, 0x06, 0x08, 0x00, 0xBA, 0x06, 0x08, 0x8E, 0x7F, 0x06, 0x08, 0x00, 0xBA, 0x06, 0x08
	.byte 0x00, 0xBA, 0x06, 0x08, 0x00, 0xBA, 0x06, 0x08, 0x00, 0xBA, 0x06, 0x08, 0x00, 0xBA, 0x06, 0x08
	.byte 0x00, 0xBA, 0x06, 0x08, 0x00, 0xBA, 0x06, 0x08, 0x56, 0x80, 0x06, 0x08, 0x00, 0xBA, 0x06, 0x08
	.byte 0xD8, 0x80, 0x06, 0x08, 0x38, 0x80, 0x06, 0x08, 0xD4, 0x7F, 0x06, 0x08, 0x00, 0xBA, 0x06, 0x08
	.byte 0x00, 0xBA, 0x06, 0x08, 0xB0, 0x80, 0x06, 0x08, 0xDE, 0x7F, 0x06, 0x08, 0x00, 0xBA, 0x06, 0x08
	.byte 0x00, 0xBA, 0x06, 0x08, 0x00, 0xBA, 0x06, 0x08, 0x00, 0xBA, 0x06, 0x08, 0xEC, 0x80, 0x06, 0x08
	.byte 0x00, 0xBA, 0x06, 0x08, 0x00, 0xBA, 0x06, 0x08, 0x00, 0xBA, 0x06, 0x08, 0x34, 0x7F, 0x06, 0x08
	.byte 0x00, 0xBA, 0x06, 0x08, 0x00, 0xBA, 0x06, 0x08, 0x00, 0xBA, 0x06, 0x08, 0x1A, 0x80, 0x06, 0x08
	.byte 0x00, 0xBA, 0x06, 0x08, 0xF6, 0x80, 0x06, 0x08, 0x48, 0x7F, 0x06, 0x08, 0x00, 0xBA, 0x06, 0x08
	.byte 0x00, 0xBA, 0x06, 0x08, 0x00, 0xBA, 0x06, 0x08, 0x00, 0xBA, 0x06, 0x08, 0x00, 0xBA, 0x06, 0x08
	.byte 0x00, 0xBA, 0x06, 0x08, 0x20, 0x7F, 0x06, 0x08, 0x00, 0xBA, 0x06, 0x08, 0x00, 0xBA, 0x06, 0x08
	.byte 0x7A, 0x7F, 0x06, 0x08, 0x00, 0xBA, 0x06, 0x08, 0x00, 0xBA, 0x06, 0x08, 0x0C, 0x7F, 0x06, 0x08
	.byte 0x00, 0xBA, 0x06, 0x08, 0x74, 0x80, 0x06, 0x08, 0xF2, 0x7F, 0x06, 0x08, 0x00, 0xBA, 0x06, 0x08
	.byte 0x00, 0xBA, 0x06, 0x08, 0xAC, 0x7F, 0x06, 0x08, 0x00, 0xBA, 0x06, 0x08, 0x66, 0x7F, 0x06, 0x08
	.byte 0x00, 0xBA, 0x06, 0x08, 0xCE, 0x80, 0x06, 0x08, 0x00, 0xBA, 0x06, 0x08, 0x6A, 0x80, 0x06, 0x08
	.byte 0x00, 0xBA, 0x06, 0x08, 0x70, 0x7F, 0x06, 0x08, 0x00, 0xBA, 0x06, 0x08, 0x00, 0xBA, 0x06, 0x08
	.byte 0x00, 0xBA, 0x06, 0x08, 0x00, 0xBA, 0x06, 0x08, 0x00, 0xBA, 0x06, 0x08, 0x00, 0xBA, 0x06, 0x08
	.byte 0x10, 0x80, 0x06, 0x08, 0x14, 0x81, 0x06, 0x08, 0x1E, 0x81, 0x06, 0x08, 0x00, 0xBA, 0x06, 0x08
	.byte 0x00, 0xBA, 0x06, 0x08, 0x00, 0xBA, 0x06, 0x08, 0x00, 0xBA, 0x06, 0x08, 0x28, 0x81, 0x06, 0x08
	.byte 0x00, 0xBA, 0x06, 0x08, 0x00, 0xBA, 0x06, 0x08, 0x00, 0xBA, 0x06, 0x08, 0x00, 0xBA, 0x06, 0x08
	.byte 0x00, 0xBA, 0x06, 0x08, 0x00, 0xBA, 0x06, 0x08, 0x00, 0xBA, 0x06, 0x08, 0x00, 0xBA, 0x06, 0x08
	.byte 0x00, 0xBA, 0x06, 0x08, 0x00, 0xBA, 0x06, 0x08, 0x00, 0xBA, 0x06, 0x08, 0x00, 0xBA, 0x06, 0x08
	.byte 0x00, 0xBA, 0x06, 0x08, 0x00, 0xBA, 0x06, 0x08, 0x00, 0xBA, 0x06, 0x08, 0x3E, 0x7F, 0x06, 0x08
	.byte 0x0A, 0x81, 0x06, 0x08, 0x00, 0xBA, 0x06, 0x08, 0x00, 0xBA, 0x06, 0x08, 0x00, 0xBA, 0x06, 0x08
	.byte 0x00, 0xBA, 0x06, 0x08, 0x00, 0xBA, 0x06, 0x08, 0x5C, 0x7F, 0x06, 0x08, 0x00, 0xBA, 0x06, 0x08
	.byte 0x00, 0xBA, 0x06, 0x08, 0x00, 0xBA, 0x06, 0x08, 0x52, 0x7F, 0x06, 0x08, 0x00, 0xBA, 0x06, 0x08
	.byte 0x2E, 0x80, 0x06, 0x08, 0x00, 0xBA, 0x06, 0x08, 0x00, 0xBA, 0x06, 0x08, 0xBA, 0x80, 0x06, 0x08
	.byte 0x4C, 0x80, 0x06, 0x08, 0x00, 0xBA, 0x06, 0x08, 0x00, 0xBA, 0x06, 0x08, 0xFC, 0x7F, 0x06, 0x08
	.byte 0x88, 0x80, 0x06, 0x08, 0x00, 0xBA, 0x06, 0x08, 0x00, 0xBA, 0x06, 0x08, 0x00, 0xBA, 0x06, 0x08
	.byte 0x00, 0xBA, 0x06, 0x08, 0x00, 0xBA, 0x06, 0x08, 0x00, 0xBA, 0x06, 0x08, 0x00, 0xBA, 0x06, 0x08
	.byte 0x16, 0x7F, 0x06, 0x08, 0x19, 0x20, 0x18, 0x80, 0x01, 0x20, 0x03, 0xF0, 0x8B, 0xFD, 0x1E, 0x20
	.byte 0x18, 0x80, 0x01, 0x20, 0x03, 0xF0, 0x86, 0xFD, 0x26, 0x20, 0x18, 0x80, 0x01, 0x20, 0x03, 0xF0
	.byte 0x81, 0xFD, 0x3E, 0x20, 0x18, 0x80, 0x01, 0x20, 0x03, 0xF0, 0x7C, 0xFD, 0x46, 0x20, 0x18, 0x80
	.byte 0x01, 0x20, 0x03, 0xF0, 0x77, 0xFD, 0x48, 0x20, 0x18, 0x80, 0x01, 0x20, 0x03, 0xF0, 0x72, 0xFD
	.byte 0x49, 0x20, 0x18, 0x80, 0x01, 0x20, 0x03, 0xF0, 0x6D, 0xFD, 0x59, 0x20, 0x18, 0x80, 0x01, 0x20
	.byte 0x03, 0xF0, 0x68, 0xFD, 0x81, 0x20, 0x18, 0x80, 0x01, 0x20, 0x03, 0xF0, 0x63, 0xFD, 0x86, 0x20
	.byte 0x18, 0x80, 0x01, 0x20, 0x03, 0xF0, 0x5E, 0xFD, 0x9E, 0x20, 0x18, 0x80, 0x01, 0x20, 0x03, 0xF0
	.byte 0x59, 0xFD, 0xAD, 0x20, 0x18, 0x80, 0x01, 0x20, 0x03, 0xF0, 0x54, 0xFD, 0xB4, 0x20, 0x18, 0x80
	.byte 0x01, 0x20, 0x03, 0xF0, 0x4F, 0xFD, 0xBD, 0x20, 0x18, 0x80, 0x01, 0x20, 0x03, 0xF0, 0x4A, 0xFD
	.byte 0xC8, 0x20, 0x18, 0x80, 0x01, 0x20, 0x03, 0xF0, 0x45, 0xFD, 0xCF, 0x20, 0x18, 0x80, 0x01, 0x20
	.byte 0x03, 0xF0, 0x40, 0xFD, 0xD6, 0x20, 0x18, 0x80, 0x01, 0x20, 0x03, 0xF0, 0x3B, 0xFD, 0xDD, 0x20
	.byte 0x18, 0x80, 0x01, 0x20, 0x03, 0xF0, 0x36, 0xFD, 0xEF, 0x20, 0x18, 0x80, 0x01, 0x20, 0x03, 0xF0
	.byte 0x31, 0xFD, 0xFD, 0x20, 0x18, 0x80, 0x01, 0x20, 0x03, 0xF0, 0x2C, 0xFD, 0x07, 0x20, 0x18, 0x80
	.byte 0x02, 0x20, 0x03, 0xF0, 0x27, 0xFD, 0x13, 0x20, 0x18, 0x80, 0x02, 0x20, 0x03, 0xF0, 0x22, 0xFD
	.byte 0x18, 0x20, 0x18, 0x80, 0x02, 0x20, 0x03, 0xF0, 0x1D, 0xFD, 0x1B, 0x20, 0x18, 0x80, 0x02, 0x20
	.byte 0x03, 0xF0, 0x18, 0xFD, 0x28, 0x20, 0x18, 0x80, 0x02, 0x20, 0x03, 0xF0, 0x13, 0xFD, 0x2B, 0x20
	.byte 0x18, 0x80, 0x02, 0x20, 0x03, 0xF0, 0x0E, 0xFD, 0x42, 0x20, 0x18, 0x80, 0x02, 0x20, 0x03, 0xF0
	.byte 0x09, 0xFD, 0x58, 0x20, 0x18, 0x80, 0x02, 0x20, 0x03, 0xF0, 0x04, 0xFD, 0x63, 0x20, 0x18, 0x80
	.byte 0x02, 0x20, 0x03, 0xF0, 0xFF, 0xFC, 0x6C, 0x20, 0x18, 0x80, 0x02, 0x20, 0x03, 0xF0, 0xFA, 0xFC
	.byte 0x7E, 0x20, 0x18, 0x80, 0x02, 0x20, 0x03, 0xF0, 0xF5, 0xFC, 0x99, 0x20, 0x18, 0x80, 0x02, 0x20
	.byte 0x03, 0xF0, 0xF0, 0xFC, 0xC3, 0x20, 0x18, 0x80, 0x02, 0x20, 0x03, 0xF0, 0xEB, 0xFC, 0xC6, 0x20
	.byte 0x18, 0x80, 0x02, 0x20, 0x03, 0xF0, 0xE6, 0xFC, 0xCB, 0x20, 0x18, 0x80, 0x02, 0x20, 0x03, 0xF0
	.byte 0xE1, 0xFC, 0xCC, 0x20, 0x18, 0x80, 0x02, 0x20, 0x03, 0xF0, 0xDC, 0xFC, 0xD0, 0x20, 0x18, 0x80
	.byte 0x02, 0x20, 0x03, 0xF0, 0xD7, 0xFC, 0xD5, 0x20, 0x18, 0x80, 0x02, 0x20, 0x03, 0xF0, 0xD2, 0xFC
	.byte 0xD6, 0x20, 0x18, 0x80, 0x02, 0x20, 0x03, 0xF0, 0xCD, 0xFC, 0xDC, 0x20, 0x18, 0x80, 0x02, 0x20
	.byte 0x03, 0xF0, 0xC8, 0xFC, 0xEB, 0x20, 0x18, 0x80, 0x02, 0x20, 0x03, 0xF0, 0xC3, 0xFC, 0xED, 0x20
	.byte 0x18, 0x80, 0x02, 0x20, 0x03, 0xF0, 0xBE, 0xFC, 0xEF, 0x20, 0x18, 0x80, 0x02, 0x20, 0x03, 0xF0
	.byte 0xB9, 0xFC, 0xFE, 0x20, 0x18, 0x80, 0x02, 0x20, 0x03, 0xF0, 0xB4, 0xFC, 0xFF, 0x20, 0x18, 0x80
	.byte 0x02, 0x20, 0x03, 0xF0, 0xAF, 0xFC, 0x05, 0x20, 0x18, 0x80, 0x03, 0x20, 0x03, 0xF0, 0xAA, 0xFC
	.byte 0x2B, 0x20, 0x18, 0x80, 0x03, 0x20, 0x03, 0xF0, 0xA5, 0xFC, 0x2D, 0x20, 0x18, 0x80, 0x03, 0x20
	.byte 0x03, 0xF0, 0xA0, 0xFC, 0x42, 0x20, 0x18, 0x80, 0x03, 0x20, 0x03, 0xF0, 0x9B, 0xFC, 0x47, 0x20
	.byte 0x18, 0x80, 0x03, 0x20, 0x03, 0xF0, 0x96, 0xFC, 0x63, 0x20, 0x18, 0x80, 0x03, 0x20, 0x03, 0xF0
	.byte 0x91, 0xFC, 0x7B, 0x20, 0x18, 0x80, 0x03, 0x20, 0x03, 0xF0, 0x8C, 0xFC, 0x83, 0x20, 0x18, 0x80
	.byte 0x03, 0x20, 0x03, 0xF0, 0x87, 0xFC, 0x9E, 0x20, 0x18, 0x80, 0x03, 0x20, 0x03, 0xF0, 0x82, 0xFC
	.byte 0xA7, 0x20, 0x18, 0x80, 0x03, 0x20, 0x03, 0xF0, 0x7D, 0xFC, 0xA9, 0x20, 0x18, 0x80, 0x03, 0x20
	.byte 0x03, 0xF0, 0x78, 0xFC, 0xB3, 0x20, 0x18, 0x80, 0x03, 0x20, 0x03, 0xF0, 0x73, 0xFC, 0xB8, 0x20
	.byte 0x18, 0x80, 0x03, 0x20, 0x03, 0xF0, 0x6E, 0xFC, 0xBA, 0x20, 0x18, 0x80, 0x03, 0x20, 0x03, 0xF0
	.byte 0x69, 0xFC, 0xFF, 0x20, 0x20, 0x40, 0x41, 0x38, 0xBB, 0x28, 0x01, 0xD9, 0x03, 0xF0, 0x60, 0xFC
	.byte 0x80, 0x00, 0x02, 0x49, 0x40, 0x18, 0x00, 0x68, 0x87, 0x46, 0x00, 0x00, 0x50, 0x81, 0x06, 0x08
	.byte 0x26, 0x85, 0x06, 0x08, 0x00, 0xBA, 0x06, 0x08, 0x00, 0xBA, 0x06, 0x08, 0x00, 0xBA, 0x06, 0x08
	.byte 0x00, 0xBA, 0x06, 0x08, 0x00, 0xBA, 0x06, 0x08, 0x00, 0xBA, 0x06, 0x08, 0x00, 0xBA, 0x06, 0x08
	.byte 0x00, 0xBA, 0x06, 0x08, 0x00, 0xBA, 0x06, 0x08, 0x00, 0xBA, 0x06, 0x08, 0x00, 0xBA, 0x06, 0x08
	.byte 0x00, 0xBA, 0x06, 0x08, 0x40, 0x84, 0x06, 0x08, 0x00, 0xBA, 0x06, 0x08, 0x00, 0xBA, 0x06, 0x08
	.byte 0x00, 0xBA, 0x06, 0x08, 0x00, 0xBA, 0x06, 0x08, 0x00, 0xBA, 0x06, 0x08, 0x00, 0xBA, 0x06, 0x08
	.byte 0x00, 0xBA, 0x06, 0x08, 0x00, 0xBA, 0x06, 0x08, 0x58, 0x85, 0x06, 0x08, 0x00, 0xBA, 0x06, 0x08
	.byte 0x12, 0x85, 0x06, 0x08, 0x00, 0xBA, 0x06, 0x08, 0x00, 0xBA, 0x06, 0x08, 0x00, 0xBA, 0x06, 0x08
	.byte 0x00, 0xBA, 0x06, 0x08, 0x34, 0x86, 0x06, 0x08, 0x00, 0xBA, 0x06, 0x08, 0x9A, 0x84, 0x06, 0x08
	.byte 0x00, 0xBA, 0x06, 0x08, 0x00, 0xBA, 0x06, 0x08, 0x00, 0xBA, 0x06, 0x08, 0x00, 0xBA, 0x06, 0x08
	.byte 0x00, 0xBA, 0x06, 0x08, 0x00, 0xBA, 0x06, 0x08, 0x00, 0xBA, 0x06, 0x08, 0x00, 0xBA, 0x06, 0x08
	.byte 0xFE, 0x84, 0x06, 0x08, 0x00, 0xBA, 0x06, 0x08, 0x00, 0xBA, 0x06, 0x08, 0x00, 0xBA, 0x06, 0x08
	.byte 0x00, 0xBA, 0x06, 0x08, 0x20, 0x86, 0x06, 0x08, 0x00, 0xBA, 0x06, 0x08, 0x00, 0xBA, 0x06, 0x08
	.byte 0x00, 0xBA, 0x06, 0x08, 0x00, 0xBA, 0x06, 0x08, 0x00, 0xBA, 0x06, 0x08, 0x00, 0xBA, 0x06, 0x08
	.byte 0x00, 0xBA, 0x06, 0x08, 0x90, 0x84, 0x06, 0x08, 0x00, 0xBA, 0x06, 0x08, 0x5E, 0x84, 0x06, 0x08
	.byte 0xBC, 0x85, 0x06, 0x08, 0x00, 0xBA, 0x06, 0x08, 0x00, 0xBA, 0x06, 0x08, 0x00, 0xBA, 0x06, 0x08
	.byte 0x00, 0xBA, 0x06, 0x08, 0x00, 0xBA, 0x06, 0x08, 0x00, 0xBA, 0x06, 0x08, 0x00, 0xBA, 0x06, 0x08
	.byte 0x00, 0xBA, 0x06, 0x08, 0x0C, 0x86, 0x06, 0x08, 0x00, 0xBA, 0x06, 0x08, 0x00, 0xBA, 0x06, 0x08
	.byte 0x00, 0xBA, 0x06, 0x08, 0x00, 0xBA, 0x06, 0x08, 0x2A, 0x86, 0x06, 0x08, 0x08, 0x85, 0x06, 0x08
	.byte 0x00, 0xBA, 0x06, 0x08, 0xA8, 0x85, 0x06, 0x08, 0x3A, 0x85, 0x06, 0x08, 0xD0, 0x85, 0x06, 0x08
	.byte 0x00, 0xBA, 0x06, 0x08, 0x00, 0xBA, 0x06, 0x08, 0x94, 0x85, 0x06, 0x08, 0x00, 0xBA, 0x06, 0x08
	.byte 0x00, 0xBA, 0x06, 0x08, 0x00, 0xBA, 0x06, 0x08, 0x00, 0xBA, 0x06, 0x08, 0x00, 0xBA, 0x06, 0x08
	.byte 0xDA, 0x85, 0x06, 0x08, 0x00, 0xBA, 0x06, 0x08, 0x00, 0xBA, 0x06, 0x08, 0x00, 0xBA, 0x06, 0x08
	.byte 0x6C, 0x85, 0x06, 0x08, 0x00, 0xBA, 0x06, 0x08, 0x00, 0xBA, 0x06, 0x08, 0x00, 0xBA, 0x06, 0x08
	.byte 0x00, 0xBA, 0x06, 0x08, 0x00, 0xBA, 0x06, 0x08, 0xA4, 0x84, 0x06, 0x08, 0x00, 0xBA, 0x06, 0x08
	.byte 0x00, 0xBA, 0x06, 0x08, 0x00, 0xBA, 0x06, 0x08, 0x00, 0xBA, 0x06, 0x08, 0xD6, 0x84, 0x06, 0x08
	.byte 0x00, 0xBA, 0x06, 0x08, 0x00, 0xBA, 0x06, 0x08, 0x00, 0xBA, 0x06, 0x08, 0x00, 0xBA, 0x06, 0x08
	.byte 0x54, 0x84, 0x06, 0x08, 0x00, 0xBA, 0x06, 0x08, 0x68, 0x84, 0x06, 0x08, 0x00, 0xBA, 0x06, 0x08
	.byte 0x00, 0xBA, 0x06, 0x08, 0x7C, 0x84, 0x06, 0x08, 0x62, 0x85, 0x06, 0x08, 0x00, 0xBA, 0x06, 0x08
	.byte 0xF4, 0x84, 0x06, 0x08, 0x00, 0xBA, 0x06, 0x08, 0x86, 0x84, 0x06, 0x08, 0xEA, 0x84, 0x06, 0x08
	.byte 0x76, 0x85, 0x06, 0x08, 0x9E, 0x85, 0x06, 0x08, 0x00, 0xBA, 0x06, 0x08, 0x80, 0x85, 0x06, 0x08
	.byte 0x16, 0x86, 0x06, 0x08, 0x00, 0xBA, 0x06, 0x08, 0xCC, 0x84, 0x06, 0x08, 0x00, 0xBA, 0x06, 0x08
	.byte 0x00, 0xBA, 0x06, 0x08, 0x72, 0x84, 0x06, 0x08, 0x00, 0xBA, 0x06, 0x08, 0xE0, 0x84, 0x06, 0x08
	.byte 0x00, 0xBA, 0x06, 0x08, 0x00, 0xBA, 0x06, 0x08, 0xB2, 0x85, 0x06, 0x08, 0xC2, 0x84, 0x06, 0x08
	.byte 0x00, 0xBA, 0x06, 0x08, 0x00, 0xBA, 0x06, 0x08, 0x00, 0xBA, 0x06, 0x08, 0xB8, 0x84, 0x06, 0x08
	.byte 0x00, 0xBA, 0x06, 0x08, 0x00, 0xBA, 0x06, 0x08, 0x00, 0xBA, 0x06, 0x08, 0xEE, 0x85, 0x06, 0x08
	.byte 0x00, 0xBA, 0x06, 0x08, 0x00, 0xBA, 0x06, 0x08, 0x00, 0xBA, 0x06, 0x08, 0x00, 0xBA, 0x06, 0x08
	.byte 0x00, 0xBA, 0x06, 0x08, 0x00, 0xBA, 0x06, 0x08, 0x00, 0xBA, 0x06, 0x08, 0x00, 0xBA, 0x06, 0x08
	.byte 0x00, 0xBA, 0x06, 0x08, 0x00, 0xBA, 0x06, 0x08, 0x00, 0xBA, 0x06, 0x08, 0x00, 0xBA, 0x06, 0x08
	.byte 0x00, 0xBA, 0x06, 0x08, 0x00, 0xBA, 0x06, 0x08, 0x00, 0xBA, 0x06, 0x08, 0x00, 0xBA, 0x06, 0x08
	.byte 0x4E, 0x85, 0x06, 0x08, 0x00, 0xBA, 0x06, 0x08, 0x00, 0xBA, 0x06, 0x08, 0x00, 0xBA, 0x06, 0x08
	.byte 0x00, 0xBA, 0x06, 0x08, 0x00, 0xBA, 0x06, 0x08, 0x30, 0x85, 0x06, 0x08, 0x1C, 0x85, 0x06, 0x08
	.byte 0x8A, 0x85, 0x06, 0x08, 0x00, 0xBA, 0x06, 0x08, 0x00, 0xBA, 0x06, 0x08, 0x00, 0xBA, 0x06, 0x08
	.byte 0x00, 0xBA, 0x06, 0x08, 0x02, 0x86, 0x06, 0x08, 0xC6, 0x85, 0x06, 0x08, 0x00, 0xBA, 0x06, 0x08
	.byte 0x00, 0xBA, 0x06, 0x08, 0x00, 0xBA, 0x06, 0x08, 0x00, 0xBA, 0x06, 0x08, 0xE4, 0x85, 0x06, 0x08
	.byte 0x00, 0xBA, 0x06, 0x08, 0x00, 0xBA, 0x06, 0x08, 0x00, 0xBA, 0x06, 0x08, 0x00, 0xBA, 0x06, 0x08
	.byte 0x4A, 0x84, 0x06, 0x08, 0x00, 0xBA, 0x06, 0x08, 0x00, 0xBA, 0x06, 0x08, 0xF8, 0x85, 0x06, 0x08
	.byte 0x00, 0xBA, 0x06, 0x08, 0x00, 0xBA, 0x06, 0x08, 0xAE, 0x84, 0x06, 0x08, 0x44, 0x85, 0x06, 0x08
	.byte 0x06, 0x20, 0x18, 0x80, 0x01, 0x20, 0x03, 0xF0, 0xDD, 0xFA, 0x0B, 0x20, 0x18, 0x80, 0x01, 0x20
	.byte 0x03, 0xF0, 0xD8, 0xFA, 0x0C, 0x20, 0x18, 0x80, 0x01, 0x20, 0x03, 0xF0, 0xD3, 0xFA, 0x16, 0x20
	.byte 0x18, 0x80, 0x01, 0x20, 0x03, 0xF0, 0xCE, 0xFA, 0x37, 0x20, 0x18, 0x80, 0x01, 0x20, 0x03, 0xF0
	.byte 0xC9, 0xFA, 0x43, 0x20, 0x18, 0x80, 0x01, 0x20, 0x03, 0xF0, 0xC4, 0xFA, 0x50, 0x20, 0x18, 0x80
	.byte 0x01, 0x20, 0x03, 0xF0, 0xBF, 0xFA, 0x5B, 0x20, 0x18, 0x80, 0x01, 0x20, 0x03, 0xF0, 0xBA, 0xFA
	.byte 0x74, 0x20, 0x18, 0x80, 0x01, 0x20, 0x03, 0xF0, 0xB5, 0xFA, 0x80, 0x20, 0x18, 0x80, 0x01, 0x20
	.byte 0x03, 0xF0, 0xB0, 0xFA, 0x8A, 0x20, 0x18, 0x80, 0x01, 0x20, 0x03, 0xF0, 0xAB, 0xFA, 0x98, 0x20
	.byte 0x18, 0x80, 0x01, 0x20, 0x03, 0xF0, 0xA6, 0xFA, 0xCB, 0x20, 0x18, 0x80, 0x01, 0x20, 0x03, 0xF0
	.byte 0xA1, 0xFA, 0xD7, 0x20, 0x18, 0x80, 0x01, 0x20, 0x03, 0xF0, 0x9C, 0xFA, 0xD8, 0x20, 0x18, 0x80
	.byte 0x01, 0x20, 0x03, 0xF0, 0x97, 0xFA, 0xDC, 0x20, 0x18, 0x80, 0x01, 0x20, 0x03, 0xF0, 0x92, 0xFA
	.byte 0xE9, 0x20, 0x18, 0x80, 0x01, 0x20, 0x03, 0xF0, 0x8D, 0xFA, 0xF6, 0x20, 0x18, 0x80, 0x01, 0x20
	.byte 0x03, 0xF0, 0x88, 0xFA, 0x0C, 0x20, 0x18, 0x80, 0x02, 0x20, 0x03, 0xF0, 0x83, 0xFA, 0x21, 0x20
	.byte 0x18, 0x80, 0x02, 0x20, 0x03, 0xF0, 0x7E, 0xFA, 0x2E, 0x20, 0x18, 0x80, 0x02, 0x20, 0x03, 0xF0
	.byte 0x79, 0xFA, 0x31, 0x20, 0x18, 0x80, 0x02, 0x20, 0x03, 0xF0, 0x74, 0xFA, 0x3C, 0x20, 0x18, 0x80
	.byte 0x02, 0x20, 0x03, 0xF0, 0x6F, 0xFA, 0x49, 0x20, 0x18, 0x80, 0x02, 0x20, 0x03, 0xF0, 0x6A, 0xFA
	.byte 0x4C, 0x20, 0x18, 0x80, 0x02, 0x20, 0x03, 0xF0, 0x65, 0xFA, 0x5A, 0x20, 0x18, 0x80, 0x02, 0x20
	.byte 0x03, 0xF0, 0x60, 0xFA, 0x60, 0x20, 0x18, 0x80, 0x02, 0x20, 0x03, 0xF0, 0x5B, 0xFA, 0x61, 0x20
	.byte 0x18, 0x80, 0x02, 0x20, 0x03, 0xF0, 0x56, 0xFA, 0x6A, 0x20, 0x18, 0x80, 0x02, 0x20, 0x03, 0xF0
	.byte 0x51, 0xFA, 0x6F, 0x20, 0x18, 0x80, 0x02, 0x20, 0x03, 0xF0, 0x4C, 0xFA, 0x75, 0x20, 0x18, 0x80
	.byte 0x02, 0x20, 0x03, 0xF0, 0x47, 0xFA, 0x81, 0x20, 0x18, 0x80, 0x02, 0x20, 0x03, 0xF0, 0x42, 0xFA
	.byte 0xAF, 0x20, 0x18, 0x80, 0x02, 0x20, 0x03, 0xF0, 0x3D, 0xFA, 0xB7, 0x20, 0x18, 0x80, 0x02, 0x20
	.byte 0x03, 0xF0, 0x38, 0xFA, 0xD3, 0x20, 0x18, 0x80, 0x02, 0x20, 0x03, 0xF0, 0x33, 0xFA, 0xE2, 0x20
	.byte 0x18, 0x80, 0x02, 0x20, 0x03, 0xF0, 0x2E, 0xFA, 0xEE, 0x20, 0x18, 0x80, 0x02, 0x20, 0x03, 0xF0
	.byte 0x29, 0xFA, 0xFB, 0x20, 0x18, 0x80, 0x02, 0x20, 0x03, 0xF0, 0x24, 0xFA, 0x09, 0x20, 0x18, 0x80
	.byte 0x03, 0x20, 0x03, 0xF0, 0x1F, 0xFA, 0x13, 0x20, 0x18, 0x80, 0x03, 0x20, 0x03, 0xF0, 0x1A, 0xFA
	.byte 0x1F, 0x20, 0x18, 0x80, 0x03, 0x20, 0x03, 0xF0, 0x15, 0xFA, 0x25, 0x20, 0x18, 0x80, 0x03, 0x20
	.byte 0x03, 0xF0, 0x10, 0xFA, 0x39, 0x20, 0x18, 0x80, 0x03, 0x20, 0x03, 0xF0, 0x0B, 0xFA, 0x46, 0x20
	.byte 0x18, 0x80, 0x03, 0x20, 0x03, 0xF0, 0x06, 0xFA, 0x62, 0x20, 0x18, 0x80, 0x03, 0x20, 0x03, 0xF0
	.byte 0x01, 0xFA, 0x64, 0x20, 0x18, 0x80, 0x03, 0x20, 0x03, 0xF0, 0xFC, 0xF9, 0x7A, 0x20, 0x18, 0x80
	.byte 0x03, 0x20, 0x03, 0xF0, 0xF7, 0xF9, 0xAB, 0x20, 0x18, 0x80, 0x03, 0x20, 0x03, 0xF0, 0xF2, 0xF9
	.byte 0xAC, 0x20, 0x18, 0x80, 0x03, 0x20, 0x03, 0xF0, 0xED, 0xF9, 0xBD, 0x20, 0x18, 0x80, 0x03, 0x20
	.byte 0x03, 0xF0, 0xE8, 0xF9, 0xBF, 0x20, 0x18, 0x80, 0x03, 0x20, 0x03, 0xF0, 0xE3, 0xF9, 0xFF, 0x20
	.byte 0x20, 0x40, 0x44, 0x38, 0xB7, 0x28, 0x01, 0xD9, 0x03, 0xF0, 0xDA, 0xF9, 0x80, 0x00, 0x02, 0x49
	.byte 0x40, 0x18, 0x00, 0x68, 0x87, 0x46, 0x00, 0x00, 0x5C, 0x86, 0x06, 0x08, 0xD2, 0x89, 0x06, 0x08
	.byte 0x00, 0xBA, 0x06, 0x08, 0x00, 0xBA, 0x06, 0x08, 0x00, 0xBA, 0x06, 0x08, 0x40, 0x8A, 0x06, 0x08
	.byte 0x00, 0xBA, 0x06, 0x08, 0x00, 0xBA, 0x06, 0x08, 0x00, 0xBA, 0x06, 0x08, 0x4A, 0x8A, 0x06, 0x08
	.byte 0x00, 0xBA, 0x06, 0x08, 0x00, 0xBA, 0x06, 0x08, 0x00, 0xBA, 0x06, 0x08, 0x00, 0xBA, 0x06, 0x08
	.byte 0x00, 0xBA, 0x06, 0x08, 0xF0, 0x89, 0x06, 0x08, 0x00, 0xBA, 0x06, 0x08, 0x00, 0xBA, 0x06, 0x08
	.byte 0x90, 0x8A, 0x06, 0x08, 0x00, 0xBA, 0x06, 0x08, 0x00, 0xBA, 0x06, 0x08, 0x18, 0x8A, 0x06, 0x08
	.byte 0x00, 0xBA, 0x06, 0x08, 0x00, 0xBA, 0x06, 0x08, 0x00, 0xBA, 0x06, 0x08, 0x5E, 0x8A, 0x06, 0x08
	.byte 0x00, 0xBA, 0x06, 0x08, 0x00, 0xBA, 0x06, 0x08, 0x00, 0xBA, 0x06, 0x08, 0x00, 0xBA, 0x06, 0x08
	.byte 0x00, 0xBA, 0x06, 0x08, 0x00, 0xBA, 0x06, 0x08, 0x00, 0xBA, 0x06, 0x08, 0x00, 0xBA, 0x06, 0x08
	.byte 0x00, 0xBA, 0x06, 0x08, 0x00, 0xBA, 0x06, 0x08, 0x00, 0xBA, 0x06, 0x08, 0x00, 0xBA, 0x06, 0x08
	.byte 0x00, 0xBA, 0x06, 0x08, 0x00, 0xBA, 0x06, 0x08, 0x00, 0xBA, 0x06, 0x08, 0x78, 0x89, 0x06, 0x08
	.byte 0x00, 0xBA, 0x06, 0x08, 0x00, 0xBA, 0x06, 0x08, 0x00, 0xBA, 0x06, 0x08, 0x00, 0xBA, 0x06, 0x08
	.byte 0x00, 0xBA, 0x06, 0x08, 0xE6, 0x89, 0x06, 0x08, 0x46, 0x89, 0x06, 0x08, 0x00, 0xBA, 0x06, 0x08
	.byte 0x00, 0xBA, 0x06, 0x08, 0x00, 0xBA, 0x06, 0x08, 0x00, 0xBA, 0x06, 0x08, 0x00, 0xBA, 0x06, 0x08
	.byte 0x00, 0xBA, 0x06, 0x08, 0x00, 0xBA, 0x06, 0x08, 0x00, 0xBA, 0x06, 0x08, 0x00, 0xBA, 0x06, 0x08
	.byte 0x00, 0xBA, 0x06, 0x08, 0x00, 0xBA, 0x06, 0x08, 0x00, 0xBA, 0x06, 0x08, 0x00, 0xBA, 0x06, 0x08
	.byte 0x00, 0xBA, 0x06, 0x08, 0x22, 0x8A, 0x06, 0x08, 0x00, 0xBA, 0x06, 0x08, 0x00, 0xBA, 0x06, 0x08
	.byte 0x00, 0xBA, 0x06, 0x08, 0x00, 0xBA, 0x06, 0x08, 0xAA, 0x89, 0x06, 0x08, 0x00, 0xBA, 0x06, 0x08
	.byte 0x00, 0xBA, 0x06, 0x08, 0x00, 0xBA, 0x06, 0x08, 0x00, 0xBA, 0x06, 0x08, 0x00, 0xBA, 0x06, 0x08
	.byte 0x00, 0xBA, 0x06, 0x08, 0x00, 0xBA, 0x06, 0x08, 0xB4, 0x89, 0x06, 0x08, 0x3C, 0x89, 0x06, 0x08
	.byte 0xC8, 0x89, 0x06, 0x08, 0x00, 0xBA, 0x06, 0x08, 0x68, 0x8A, 0x06, 0x08, 0x00, 0xBA, 0x06, 0x08
	.byte 0x00, 0xBA, 0x06, 0x08, 0x00, 0xBA, 0x06, 0x08, 0x00, 0xBA, 0x06, 0x08, 0x00, 0xBA, 0x06, 0x08
	.byte 0x00, 0xBA, 0x06, 0x08, 0x00, 0xBA, 0x06, 0x08, 0x00, 0xBA, 0x06, 0x08, 0x00, 0xBA, 0x06, 0x08
	.byte 0x00, 0xBA, 0x06, 0x08, 0x5A, 0x89, 0x06, 0x08, 0x00, 0xBA, 0x06, 0x08, 0x00, 0xBA, 0x06, 0x08
	.byte 0x82, 0x89, 0x06, 0x08, 0x6E, 0x89, 0x06, 0x08, 0x00, 0xBA, 0x06, 0x08, 0x00, 0xBA, 0x06, 0x08
	.byte 0xDC, 0x89, 0x06, 0x08, 0x00, 0xBA, 0x06, 0x08, 0x00, 0xBA, 0x06, 0x08, 0x00, 0xBA, 0x06, 0x08
	.byte 0x00, 0xBA, 0x06, 0x08, 0xA4, 0x8A, 0x06, 0x08, 0x00, 0xBA, 0x06, 0x08, 0x7C, 0x8A, 0x06, 0x08
	.byte 0x00, 0xBA, 0x06, 0x08, 0x00, 0xBA, 0x06, 0x08, 0x00, 0xBA, 0x06, 0x08, 0x00, 0xBA, 0x06, 0x08
	.byte 0x00, 0xBA, 0x06, 0x08, 0x00, 0xBA, 0x06, 0x08, 0x00, 0xBA, 0x06, 0x08, 0x00, 0xBA, 0x06, 0x08
	.byte 0x00, 0xBA, 0x06, 0x08, 0xFA, 0x89, 0x06, 0x08, 0x00, 0xBA, 0x06, 0x08, 0x00, 0xBA, 0x06, 0x08
	.byte 0x00, 0xBA, 0x06, 0x08, 0x00, 0xBA, 0x06, 0x08, 0x9A, 0x8A, 0x06, 0x08, 0x00, 0xBA, 0x06, 0x08
	.byte 0x72, 0x8A, 0x06, 0x08, 0x00, 0xBA, 0x06, 0x08, 0x00, 0xBA, 0x06, 0x08, 0x00, 0xBA, 0x06, 0x08
	.byte 0x00, 0xBA, 0x06, 0x08, 0x00, 0xBA, 0x06, 0x08, 0x04, 0x8A, 0x06, 0x08, 0x8C, 0x89, 0x06, 0x08
	.byte 0x64, 0x89, 0x06, 0x08, 0x00, 0xBA, 0x06, 0x08, 0x00, 0xBA, 0x06, 0x08, 0x00, 0xBA, 0x06, 0x08
	.byte 0x00, 0xBA, 0x06, 0x08, 0x00, 0xBA, 0x06, 0x08, 0x96, 0x89, 0x06, 0x08, 0x00, 0xBA, 0x06, 0x08
	.byte 0x00, 0xBA, 0x06, 0x08, 0x00, 0xBA, 0x06, 0x08, 0x0E, 0x8A, 0x06, 0x08, 0x00, 0xBA, 0x06, 0x08
	.byte 0x00, 0xBA, 0x06, 0x08, 0x00, 0xBA, 0x06, 0x08, 0x00, 0xBA, 0x06, 0x08, 0x00, 0xBA, 0x06, 0x08
	.byte 0x00, 0xBA, 0x06, 0x08, 0x00, 0xBA, 0x06, 0x08, 0x36, 0x8A, 0x06, 0x08, 0x00, 0xBA, 0x06, 0x08
	.byte 0xBE, 0x89, 0x06, 0x08, 0x00, 0xBA, 0x06, 0x08, 0x86, 0x8A, 0x06, 0x08, 0x00, 0xBA, 0x06, 0x08
	.byte 0x2C, 0x8A, 0x06, 0x08, 0x00, 0xBA, 0x06, 0x08, 0x50, 0x89, 0x06, 0x08, 0x00, 0xBA, 0x06, 0x08
	.byte 0x00, 0xBA, 0x06, 0x08, 0x00, 0xBA, 0x06, 0x08, 0x00, 0xBA, 0x06, 0x08, 0x00, 0xBA, 0x06, 0x08
	.byte 0x00, 0xBA, 0x06, 0x08, 0x00, 0xBA, 0x06, 0x08, 0x00, 0xBA, 0x06, 0x08, 0x00, 0xBA, 0x06, 0x08
	.byte 0x00, 0xBA, 0x06, 0x08, 0x00, 0xBA, 0x06, 0x08, 0x00, 0xBA, 0x06, 0x08, 0xA0, 0x89, 0x06, 0x08
	.byte 0x00, 0xBA, 0x06, 0x08, 0x00, 0xBA, 0x06, 0x08, 0x00, 0xBA, 0x06, 0x08, 0x00, 0xBA, 0x06, 0x08
	.byte 0x00, 0xBA, 0x06, 0x08, 0x00, 0xBA, 0x06, 0x08, 0x00, 0xBA, 0x06, 0x08, 0x00, 0xBA, 0x06, 0x08
	.byte 0x00, 0xBA, 0x06, 0x08, 0x00, 0xBA, 0x06, 0x08, 0x00, 0xBA, 0x06, 0x08, 0x00, 0xBA, 0x06, 0x08
	.byte 0x00, 0xBA, 0x06, 0x08, 0x00, 0xBA, 0x06, 0x08, 0x54, 0x8A, 0x06, 0x08, 0x17, 0x20, 0x18, 0x80
	.byte 0x01, 0x20, 0x03, 0xF0, 0x5F, 0xF8, 0x1F, 0x20, 0x18, 0x80, 0x01, 0x20, 0x03, 0xF0, 0x5A, 0xF8
	.byte 0x2E, 0x20, 0x18, 0x80, 0x01, 0x20, 0x03, 0xF0, 0x55, 0xF8, 0x7F, 0x20, 0x18, 0x80, 0x01, 0x20
	.byte 0x03, 0xF0, 0x50, 0xF8, 0x85, 0x20, 0x18, 0x80, 0x01, 0x20, 0x03, 0xF0, 0x4B, 0xF8, 0x8F, 0x20
	.byte 0x18, 0x80, 0x01, 0x20, 0x03, 0xF0, 0x46, 0xF8, 0x9D, 0x20, 0x18, 0x80, 0x01, 0x20, 0x03, 0xF0
	.byte 0x41, 0xF8, 0xA4, 0x20, 0x18, 0x80, 0x01, 0x20, 0x03, 0xF0, 0x3C, 0xF8, 0xBB, 0x20, 0x18, 0x80
	.byte 0x01, 0x20, 0x03, 0xF0, 0x37, 0xF8, 0xE4, 0x20, 0x18, 0x80, 0x01, 0x20, 0x03, 0xF0, 0x32, 0xF8
	.byte 0xE6, 0x20, 0x18, 0x80, 0x01, 0x20, 0x03, 0xF0, 0x2D, 0xF8, 0x17, 0x20, 0x18, 0x80, 0x02, 0x20
	.byte 0x03, 0xF0, 0x28, 0xF8, 0x1A, 0x20, 0x18, 0x80, 0x02, 0x20, 0x03, 0xF0, 0x23, 0xF8, 0x1D, 0x20
	.byte 0x18, 0x80, 0x02, 0x20, 0x03, 0xF0, 0x1E, 0xF8, 0x26, 0x20, 0x18, 0x80, 0x02, 0x20, 0x03, 0xF0
	.byte 0x19, 0xF8, 0x51, 0x20, 0x18, 0x80, 0x02, 0x20, 0x03, 0xF0, 0x14, 0xF8, 0x5B, 0x20, 0x18, 0x80
	.byte 0x02, 0x20, 0x03, 0xF0, 0x0F, 0xF8, 0x86, 0x20, 0x18, 0x80, 0x02, 0x20, 0x03, 0xF0, 0x0A, 0xF8
	.byte 0x8B, 0x20, 0x18, 0x80, 0x02, 0x20, 0x03, 0xF0, 0x05, 0xF8, 0x8D, 0x20, 0x18, 0x80, 0x02, 0x20
	.byte 0x03, 0xF0, 0x00, 0xF8, 0x93, 0x20, 0x18, 0x80, 0x02, 0x20, 0x02, 0xF0, 0xFB, 0xFF, 0xB3, 0x20
	.byte 0x18, 0x80, 0x02, 0x20, 0x02, 0xF0, 0xF6, 0xFF, 0xCA, 0x20, 0x18, 0x80, 0x02, 0x20, 0x02, 0xF0
	.byte 0xF1, 0xFF, 0xD7, 0x20, 0x18, 0x80, 0x02, 0x20, 0x02, 0xF0, 0xEC, 0xFF, 0xE0, 0x20, 0x18, 0x80
	.byte 0x02, 0x20, 0x02, 0xF0, 0xE7, 0xFF, 0xE6, 0x20, 0x18, 0x80, 0x02, 0x20, 0x02, 0xF0, 0xE2, 0xFF
	.byte 0xE7, 0x20, 0x18, 0x80, 0x02, 0x20, 0x02, 0xF0, 0xDD, 0xFF, 0xF3, 0x20, 0x18, 0x80, 0x02, 0x20
	.byte 0x02, 0xF0, 0xD8, 0xFF, 0xFA, 0x20, 0x18, 0x80, 0x02, 0x20, 0x02, 0xF0, 0xD3, 0xFF, 0x0F, 0x20
	.byte 0x18, 0x80, 0x03, 0x20, 0x02, 0xF0, 0xCE, 0xFF, 0x27, 0x20, 0x18, 0x80, 0x03, 0x20, 0x02, 0xF0
	.byte 0xC9, 0xFF, 0x28, 0x20, 0x18, 0x80, 0x03, 0x20, 0x02, 0xF0, 0xC4, 0xFF, 0x5C, 0x20, 0x18, 0x80
	.byte 0x03, 0x20, 0x02, 0xF0, 0xBF, 0xFF, 0x6C, 0x20, 0x18, 0x80, 0x03, 0x20, 0x02, 0xF0, 0xBA, 0xFF
	.byte 0x79, 0x20, 0x18, 0x80, 0x03, 0x20, 0x02, 0xF0, 0xB5, 0xFF, 0x80, 0x20, 0x18, 0x80, 0x03, 0x20
	.byte 0x02, 0xF0, 0xB0, 0xFF, 0xB9, 0x20, 0x18, 0x80, 0x03, 0x20, 0x02, 0xF0, 0xAB, 0xFF, 0xFF, 0x20
	.byte 0x20, 0x40, 0x40, 0x38, 0xBB, 0x28, 0x01, 0xD9, 0x02, 0xF0, 0xA2, 0xFF, 0x80, 0x00, 0x02, 0x49
	.byte 0x40, 0x18, 0x00, 0x68, 0x87, 0x46, 0x00, 0x00, 0xCC, 0x8A, 0x06, 0x08, 0x60, 0x8F, 0x06, 0x08
	.byte 0x00, 0xBA, 0x06, 0x08, 0x00, 0xBA, 0x06, 0x08, 0x00, 0xBA, 0x06, 0x08, 0x00, 0xBA, 0x06, 0x08
	.byte 0x00, 0xBA, 0x06, 0x08, 0x00, 0xBA, 0x06, 0x08, 0x00, 0xBA, 0x06, 0x08, 0x00, 0xBA, 0x06, 0x08
	.byte 0x00, 0xBA, 0x06, 0x08, 0x00, 0xBA, 0x06, 0x08, 0x00, 0xBA, 0x06, 0x08, 0x00, 0xBA, 0x06, 0x08
	.byte 0x00, 0xBA, 0x06, 0x08, 0x00, 0xBA, 0x06, 0x08, 0xC0, 0x8E, 0x06, 0x08, 0x00, 0xBA, 0x06, 0x08
	.byte 0x10, 0x8F, 0x06, 0x08, 0x00, 0xBA, 0x06, 0x08, 0x00, 0xBA, 0x06, 0x08, 0x00, 0xBA, 0x06, 0x08
	.byte 0x4C, 0x8F, 0x06, 0x08, 0x00, 0xBA, 0x06, 0x08, 0x00, 0xBA, 0x06, 0x08, 0x00, 0xBA, 0x06, 0x08
	.byte 0x00, 0xBA, 0x06, 0x08, 0xDE, 0x8E, 0x06, 0x08, 0x00, 0xBA, 0x06, 0x08, 0x00, 0xBA, 0x06, 0x08
	.byte 0x00, 0xBA, 0x06, 0x08, 0x00, 0xBA, 0x06, 0x08, 0x00, 0xBA, 0x06, 0x08, 0x00, 0xBA, 0x06, 0x08
	.byte 0xBA, 0x8F, 0x06, 0x08, 0x00, 0xBA, 0x06, 0x08, 0x84, 0x8E, 0x06, 0x08, 0x8E, 0x8E, 0x06, 0x08
	.byte 0x00, 0xBA, 0x06, 0x08, 0x00, 0xBA, 0x06, 0x08, 0xD4, 0x8E, 0x06, 0x08, 0x00, 0xBA, 0x06, 0x08
	.byte 0x00, 0xBA, 0x06, 0x08, 0x00, 0xBA, 0x06, 0x08, 0x00, 0xBA, 0x06, 0x08, 0x00, 0xBA, 0x06, 0x08
	.byte 0x5C, 0x8E, 0x06, 0x08, 0x1A, 0x8F, 0x06, 0x08, 0x00, 0xBA, 0x06, 0x08, 0x66, 0x8E, 0x06, 0x08
	.byte 0x16, 0x8E, 0x06, 0x08, 0x00, 0xBA, 0x06, 0x08, 0x00, 0xBA, 0x06, 0x08, 0x00, 0xBA, 0x06, 0x08
	.byte 0x00, 0xBA, 0x06, 0x08, 0xEE, 0x8D, 0x06, 0x08, 0x6A, 0x8F, 0x06, 0x08, 0x42, 0x8F, 0x06, 0x08
	.byte 0x00, 0xBA, 0x06, 0x08, 0x00, 0xBA, 0x06, 0x08, 0x00, 0xBA, 0x06, 0x08, 0x00, 0xBA, 0x06, 0x08
	.byte 0x00, 0xBA, 0x06, 0x08, 0x24, 0x8F, 0x06, 0x08, 0x00, 0xBA, 0x06, 0x08, 0xAC, 0x8E, 0x06, 0x08
	.byte 0x00, 0xBA, 0x06, 0x08, 0x00, 0xBA, 0x06, 0x08, 0x00, 0xBA, 0x06, 0x08, 0xF8, 0x8D, 0x06, 0x08
	.byte 0x00, 0xBA, 0x06, 0x08, 0x00, 0xBA, 0x06, 0x08, 0x00, 0xBA, 0x06, 0x08, 0x00, 0xBA, 0x06, 0x08
	.byte 0x00, 0xBA, 0x06, 0x08, 0x00, 0xBA, 0x06, 0x08, 0x06, 0x8F, 0x06, 0x08, 0x00, 0xBA, 0x06, 0x08
	.byte 0x00, 0xBA, 0x06, 0x08, 0x48, 0x8E, 0x06, 0x08, 0x00, 0xBA, 0x06, 0x08, 0x00, 0xBA, 0x06, 0x08
	.byte 0x7E, 0x8F, 0x06, 0x08, 0x00, 0xBA, 0x06, 0x08, 0x00, 0xBA, 0x06, 0x08, 0x00, 0xBA, 0x06, 0x08
	.byte 0x00, 0xBA, 0x06, 0x08, 0x3E, 0x8E, 0x06, 0x08, 0xFC, 0x8E, 0x06, 0x08, 0x00, 0xBA, 0x06, 0x08
	.byte 0x00, 0xBA, 0x06, 0x08, 0xA6, 0x8F, 0x06, 0x08, 0x00, 0xBA, 0x06, 0x08, 0x00, 0xBA, 0x06, 0x08
	.byte 0x34, 0x8E, 0x06, 0x08, 0xE4, 0x8D, 0x06, 0x08, 0x2A, 0x8E, 0x06, 0x08, 0x00, 0xBA, 0x06, 0x08
	.byte 0x02, 0x8E, 0x06, 0x08, 0x00, 0xBA, 0x06, 0x08, 0x00, 0xBA, 0x06, 0x08, 0x00, 0xBA, 0x06, 0x08
	.byte 0x00, 0xBA, 0x06, 0x08, 0x0C, 0x8E, 0x06, 0x08, 0x00, 0xBA, 0x06, 0x08, 0x88, 0x8F, 0x06, 0x08
	.byte 0xC6, 0x8D, 0x06, 0x08, 0x00, 0xBA, 0x06, 0x08, 0x00, 0xBA, 0x06, 0x08, 0x00, 0xBA, 0x06, 0x08
	.byte 0x00, 0xBA, 0x06, 0x08, 0x00, 0xBA, 0x06, 0x08, 0x00, 0xBA, 0x06, 0x08, 0x00, 0xBA, 0x06, 0x08
	.byte 0x00, 0xBA, 0x06, 0x08, 0x00, 0xBA, 0x06, 0x08, 0x00, 0xBA, 0x06, 0x08, 0x00, 0xBA, 0x06, 0x08
	.byte 0x00, 0xBA, 0x06, 0x08, 0x98, 0x8E, 0x06, 0x08, 0x00, 0xBA, 0x06, 0x08, 0xBC, 0x8D, 0x06, 0x08
	.byte 0x00, 0xBA, 0x06, 0x08, 0x00, 0xBA, 0x06, 0x08, 0x00, 0xBA, 0x06, 0x08, 0x00, 0xBA, 0x06, 0x08
	.byte 0x00, 0xBA, 0x06, 0x08, 0x00, 0xBA, 0x06, 0x08, 0xCE, 0x8F, 0x06, 0x08, 0x20, 0x8E, 0x06, 0x08
	.byte 0x00, 0xBA, 0x06, 0x08, 0x00, 0xBA, 0x06, 0x08, 0x00, 0xBA, 0x06, 0x08, 0x00, 0xBA, 0x06, 0x08
	.byte 0x00, 0xBA, 0x06, 0x08, 0x00, 0xBA, 0x06, 0x08, 0x00, 0xBA, 0x06, 0x08, 0x00, 0xBA, 0x06, 0x08
	.byte 0x00, 0xBA, 0x06, 0x08, 0x00, 0xBA, 0x06, 0x08, 0xC4, 0x8F, 0x06, 0x08, 0x74, 0x8F, 0x06, 0x08
	.byte 0x00, 0xBA, 0x06, 0x08, 0x00, 0xBA, 0x06, 0x08, 0x00, 0xBA, 0x06, 0x08, 0x00, 0xBA, 0x06, 0x08
	.byte 0x00, 0xBA, 0x06, 0x08, 0xDA, 0x8D, 0x06, 0x08, 0xCA, 0x8E, 0x06, 0x08, 0x9C, 0x8F, 0x06, 0x08
	.byte 0x00, 0xBA, 0x06, 0x08, 0x00, 0xBA, 0x06, 0x08, 0xD0, 0x8D, 0x06, 0x08, 0xF2, 0x8E, 0x06, 0x08
	.byte 0x00, 0xBA, 0x06, 0x08, 0x00, 0xBA, 0x06, 0x08, 0x00, 0xBA, 0x06, 0x08, 0x00, 0xBA, 0x06, 0x08
	.byte 0x00, 0xBA, 0x06, 0x08, 0x00, 0xBA, 0x06, 0x08, 0x00, 0xBA, 0x06, 0x08, 0x00, 0xBA, 0x06, 0x08
	.byte 0x00, 0xBA, 0x06, 0x08, 0x00, 0xBA, 0x06, 0x08, 0x7A, 0x8E, 0x06, 0x08, 0x00, 0xBA, 0x06, 0x08
	.byte 0xB6, 0x8E, 0x06, 0x08, 0x70, 0x8E, 0x06, 0x08, 0xE8, 0x8E, 0x06, 0x08, 0x52, 0x8E, 0x06, 0x08
	.byte 0x00, 0xBA, 0x06, 0x08, 0xB0, 0x8F, 0x06, 0x08, 0x00, 0xBA, 0x06, 0x08, 0x00, 0xBA, 0x06, 0x08
	.byte 0x56, 0x8F, 0x06, 0x08, 0x00, 0xBA, 0x06, 0x08, 0x00, 0xBA, 0x06, 0x08, 0x00, 0xBA, 0x06, 0x08
	.byte 0xA2, 0x8E, 0x06, 0x08, 0x00, 0xBA, 0x06, 0x08, 0x2E, 0x8F, 0x06, 0x08, 0x38, 0x8F, 0x06, 0x08
	.byte 0x00, 0xBA, 0x06, 0x08, 0x00, 0xBA, 0x06, 0x08, 0x00, 0xBA, 0x06, 0x08, 0x00, 0xBA, 0x06, 0x08
	.byte 0x00, 0xBA, 0x06, 0x08, 0x00, 0xBA, 0x06, 0x08, 0x92, 0x8F, 0x06, 0x08, 0x0D, 0x20, 0x18, 0x80
	.byte 0x01, 0x20, 0x02, 0xF0, 0x1F, 0xFE, 0x0F, 0x20, 0x18, 0x80, 0x01, 0x20, 0x02, 0xF0, 0x1A, 0xFE
	.byte 0x12, 0x20, 0x18, 0x80, 0x01, 0x20, 0x02, 0xF0, 0x15, 0xFE, 0x15, 0x20, 0x18, 0x80, 0x01, 0x20
	.byte 0x02, 0xF0, 0x10, 0xFE, 0x1B, 0x20, 0x18, 0x80, 0x01, 0x20, 0x02, 0xF0, 0x0B, 0xFE, 0x1C, 0x20
	.byte 0x18, 0x80, 0x01, 0x20, 0x02, 0xF0, 0x06, 0xFE, 0x2C, 0x20, 0x18, 0x80, 0x01, 0x20, 0x02, 0xF0
	.byte 0x01, 0xFE, 0x36, 0x20, 0x18, 0x80, 0x01, 0x20, 0x02, 0xF0, 0xFC, 0xFD, 0x57, 0x20, 0x18, 0x80
	.byte 0x01, 0x20, 0x02, 0xF0, 0xF7, 0xFD, 0x66, 0x20, 0x18, 0x80, 0x01, 0x20, 0x02, 0xF0, 0xF2, 0xFD
	.byte 0x6F, 0x20, 0x18, 0x80, 0x01, 0x20, 0x02, 0xF0, 0xED, 0xFD, 0x9B, 0x20, 0x18, 0x80, 0x01, 0x20
	.byte 0x02, 0xF0, 0xE8, 0xFD, 0x9C, 0x20, 0x18, 0x80, 0x01, 0x20, 0x02, 0xF0, 0xE3, 0xFD, 0xA1, 0x20
	.byte 0x18, 0x80, 0x01, 0x20, 0x02, 0xF0, 0xDE, 0xFD, 0xBF, 0x20, 0x18, 0x80, 0x01, 0x20, 0x02, 0xF0
	.byte 0xD9, 0xFD, 0xC5, 0x20, 0x18, 0x80, 0x01, 0x20, 0x02, 0xF0, 0xD4, 0xFD, 0xDB, 0x20, 0x18, 0x80
	.byte 0x01, 0x20, 0x02, 0xF0, 0xCF, 0xFD, 0xE8, 0x20, 0x18, 0x80, 0x01, 0x20, 0x02, 0xF0, 0xCA, 0xFD
	.byte 0xF1, 0x20, 0x18, 0x80, 0x01, 0x20, 0x02, 0xF0, 0xC5, 0xFD, 0xF9, 0x20, 0x18, 0x80, 0x01, 0x20
	.byte 0x02, 0xF0, 0xC0, 0xFD, 0x0A, 0x20, 0x18, 0x80, 0x02, 0x20, 0x02, 0xF0, 0xBB, 0xFD, 0x16, 0x20
	.byte 0x18, 0x80, 0x02, 0x20, 0x02, 0xF0, 0xB6, 0xFD, 0x1C, 0x20, 0x18, 0x80, 0x02, 0x20, 0x02, 0xF0
	.byte 0xB1, 0xFD, 0x1F, 0x20, 0x18, 0x80, 0x02, 0x20, 0x02, 0xF0, 0xAC, 0xFD, 0x30, 0x20, 0x18, 0x80
	.byte 0x02, 0x20, 0x02, 0xF0, 0xA7, 0xFD, 0x4B, 0x20, 0x18, 0x80, 0x02, 0x20, 0x02, 0xF0, 0xA2, 0xFD
	.byte 0x4E, 0x20, 0x18, 0x80, 0x02, 0x20, 0x02, 0xF0, 0x9D, 0xFD, 0x50, 0x20, 0x18, 0x80, 0x02, 0x20
	.byte 0x02, 0xF0, 0x98, 0xFD, 0x56, 0x20, 0x18, 0x80, 0x02, 0x20, 0x02, 0xF0, 0x93, 0xFD, 0x57, 0x20
	.byte 0x18, 0x80, 0x02, 0x20, 0x02, 0xF0, 0x8E, 0xFD, 0x66, 0x20, 0x18, 0x80, 0x02, 0x20, 0x02, 0xF0
	.byte 0x89, 0xFD, 0x70, 0x20, 0x18, 0x80, 0x02, 0x20, 0x02, 0xF0, 0x84, 0xFD, 0x7A, 0x20, 0x18, 0x80
	.byte 0x02, 0x20, 0x02, 0xF0, 0x7F, 0xFD, 0x88, 0x20, 0x18, 0x80, 0x02, 0x20, 0x02, 0xF0, 0x7A, 0xFD
	.byte 0x97, 0x20, 0x18, 0x80, 0x02, 0x20, 0x02, 0xF0, 0x75, 0xFD, 0xA6, 0x20, 0x18, 0x80, 0x02, 0x20
	.byte 0x02, 0xF0, 0x70, 0xFD, 0xA9, 0x20, 0x18, 0x80, 0x02, 0x20, 0x02, 0xF0, 0x6B, 0xFD, 0xC2, 0x20
	.byte 0x18, 0x80, 0x02, 0x20, 0x02, 0xF0, 0x66, 0xFD, 0xC7, 0x20, 0x18, 0x80, 0x02, 0x20, 0x02, 0xF0
	.byte 0x61, 0xFD, 0xE3, 0x20, 0x18, 0x80, 0x02, 0x20, 0x02, 0xF0, 0x5C, 0xFD, 0xF2, 0x20, 0x18, 0x80
	.byte 0x02, 0x20, 0x02, 0xF0, 0x57, 0xFD, 0xF6, 0x20, 0x18, 0x80, 0x02, 0x20, 0x02, 0xF0, 0x52, 0xFD
	.byte 0x10, 0x20, 0x18, 0x80, 0x03, 0x20, 0x02, 0xF0, 0x4D, 0xFD, 0x19, 0x20, 0x18, 0x80, 0x03, 0x20
	.byte 0x02, 0xF0, 0x48, 0xFD, 0x2A, 0x20, 0x18, 0x80, 0x03, 0x20, 0x02, 0xF0, 0x43, 0xFD, 0x32, 0x20
	.byte 0x18, 0x80, 0x03, 0x20, 0x02, 0xF0, 0x3E, 0xFD, 0x51, 0x20, 0x18, 0x80, 0x03, 0x20, 0x02, 0xF0
	.byte 0x39, 0xFD, 0x7C, 0x20, 0x18, 0x80, 0x03, 0x20, 0x02, 0xF0, 0x34, 0xFD, 0x7D, 0x20, 0x18, 0x80
	.byte 0x03, 0x20, 0x02, 0xF0, 0x2F, 0xFD, 0x8C, 0x20, 0x18, 0x80, 0x03, 0x20, 0x02, 0xF0, 0x2A, 0xFD
	.byte 0x92, 0x20, 0x18, 0x80, 0x03, 0x20, 0x02, 0xF0, 0x25, 0xFD, 0x9F, 0x20, 0x18, 0x80, 0x03, 0x20
	.byte 0x02, 0xF0, 0x20, 0xFD, 0xA4, 0x20, 0x18, 0x80, 0x03, 0x20, 0x02, 0xF0, 0x1B, 0xFD, 0xC4, 0x20
	.byte 0x18, 0x80, 0x03, 0x20, 0x02, 0xF0, 0x16, 0xFD, 0xFF, 0x20, 0x20, 0x40, 0x49, 0x38, 0xAA, 0x28
	.byte 0x01, 0xD9, 0x02, 0xF0, 0x0D, 0xFD, 0x80, 0x00, 0x01, 0x49, 0x40, 0x18, 0x00, 0x68, 0x87, 0x46
	.byte 0xF4, 0x8F, 0x06, 0x08, 0xA4, 0x93, 0x06, 0x08, 0x00, 0xBA, 0x06, 0x08, 0x00, 0xBA, 0x06, 0x08
	.byte 0x00, 0xBA, 0x06, 0x08, 0x00, 0xBA, 0x06, 0x08, 0x00, 0xBA, 0x06, 0x08, 0x00, 0xBA, 0x06, 0x08
	.byte 0xFA, 0x92, 0x06, 0x08, 0x00, 0xBA, 0x06, 0x08, 0x00, 0xBA, 0x06, 0x08, 0x00, 0xBA, 0x06, 0x08
	.byte 0x00, 0xBA, 0x06, 0x08, 0x00, 0xBA, 0x06, 0x08, 0x00, 0xBA, 0x06, 0x08, 0x2C, 0x93, 0x06, 0x08
	.byte 0x00, 0xBA, 0x06, 0x08, 0x00, 0xBA, 0x06, 0x08, 0xF4, 0x93, 0x06, 0x08, 0xC2, 0x93, 0x06, 0x08
	.byte 0x30, 0x94, 0x06, 0x08, 0x5E, 0x93, 0x06, 0x08, 0x00, 0xBA, 0x06, 0x08, 0x00, 0xBA, 0x06, 0x08
	.byte 0x00, 0xBA, 0x06, 0x08, 0x00, 0xBA, 0x06, 0x08, 0x00, 0xBA, 0x06, 0x08, 0x00, 0xBA, 0x06, 0x08
	.byte 0x18, 0x93, 0x06, 0x08, 0x00, 0xBA, 0x06, 0x08, 0x00, 0xBA, 0x06, 0x08, 0x00, 0xBA, 0x06, 0x08
	.byte 0xD6, 0x93, 0x06, 0x08, 0x00, 0xBA, 0x06, 0x08, 0x00, 0xBA, 0x06, 0x08, 0x00, 0xBA, 0x06, 0x08
	.byte 0x00, 0xBA, 0x06, 0x08, 0x00, 0xBA, 0x06, 0x08, 0x00, 0xBA, 0x06, 0x08, 0xA0, 0x92, 0x06, 0x08
	.byte 0x1C, 0x94, 0x06, 0x08, 0x00, 0xBA, 0x06, 0x08, 0x00, 0xBA, 0x06, 0x08, 0x00, 0xBA, 0x06, 0x08
	.byte 0x00, 0xBA, 0x06, 0x08, 0xCC, 0x93, 0x06, 0x08, 0x00, 0xBA, 0x06, 0x08, 0x00, 0xBA, 0x06, 0x08
	.byte 0x00, 0xBA, 0x06, 0x08, 0x00, 0xBA, 0x06, 0x08, 0x00, 0xBA, 0x06, 0x08, 0x00, 0xBA, 0x06, 0x08
	.byte 0x00, 0xBA, 0x06, 0x08, 0x00, 0xBA, 0x06, 0x08, 0x00, 0xBA, 0x06, 0x08, 0x00, 0xBA, 0x06, 0x08
	.byte 0xE6, 0x92, 0x06, 0x08, 0x00, 0xBA, 0x06, 0x08, 0x00, 0xBA, 0x06, 0x08, 0x08, 0x94, 0x06, 0x08
	.byte 0x00, 0xBA, 0x06, 0x08, 0x00, 0xBA, 0x06, 0x08, 0x00, 0xBA, 0x06, 0x08, 0x00, 0xBA, 0x06, 0x08
	.byte 0x00, 0xBA, 0x06, 0x08, 0x4A, 0x93, 0x06, 0x08, 0xB4, 0x92, 0x06, 0x08, 0x00, 0xBA, 0x06, 0x08
	.byte 0x00, 0xBA, 0x06, 0x08, 0x00, 0xBA, 0x06, 0x08, 0x00, 0xBA, 0x06, 0x08, 0x54, 0x93, 0x06, 0x08
	.byte 0x00, 0xBA, 0x06, 0x08, 0x7C, 0x93, 0x06, 0x08, 0x00, 0xBA, 0x06, 0x08, 0x00, 0xBA, 0x06, 0x08
	.byte 0x0E, 0x93, 0x06, 0x08, 0xC8, 0x92, 0x06, 0x08, 0x00, 0xBA, 0x06, 0x08, 0xBE, 0x92, 0x06, 0x08
	.byte 0x00, 0xBA, 0x06, 0x08, 0x00, 0xBA, 0x06, 0x08, 0x00, 0xBA, 0x06, 0x08, 0x00, 0xBA, 0x06, 0x08
	.byte 0x00, 0xBA, 0x06, 0x08, 0xEA, 0x93, 0x06, 0x08, 0x00, 0xBA, 0x06, 0x08, 0x40, 0x93, 0x06, 0x08
	.byte 0x00, 0xBA, 0x06, 0x08, 0x00, 0xBA, 0x06, 0x08, 0x3A, 0x94, 0x06, 0x08, 0x00, 0xBA, 0x06, 0x08
	.byte 0x00, 0xBA, 0x06, 0x08, 0x00, 0xBA, 0x06, 0x08, 0x00, 0xBA, 0x06, 0x08, 0x00, 0xBA, 0x06, 0x08
	.byte 0x00, 0xBA, 0x06, 0x08, 0x00, 0xBA, 0x06, 0x08, 0x00, 0xBA, 0x06, 0x08, 0x00, 0xBA, 0x06, 0x08
	.byte 0xE0, 0x93, 0x06, 0x08, 0x22, 0x93, 0x06, 0x08, 0x00, 0xBA, 0x06, 0x08, 0x00, 0xBA, 0x06, 0x08
	.byte 0x00, 0xBA, 0x06, 0x08, 0x00, 0xBA, 0x06, 0x08, 0x00, 0xBA, 0x06, 0x08, 0x00, 0xBA, 0x06, 0x08
	.byte 0x00, 0xBA, 0x06, 0x08, 0x00, 0xBA, 0x06, 0x08, 0x00, 0xBA, 0x06, 0x08, 0x00, 0xBA, 0x06, 0x08
	.byte 0x00, 0xBA, 0x06, 0x08, 0x00, 0xBA, 0x06, 0x08, 0x00, 0xBA, 0x06, 0x08, 0x00, 0xBA, 0x06, 0x08
	.byte 0x00, 0xBA, 0x06, 0x08, 0x00, 0xBA, 0x06, 0x08, 0x00, 0xBA, 0x06, 0x08, 0x00, 0xBA, 0x06, 0x08
	.byte 0x00, 0xBA, 0x06, 0x08, 0x68, 0x93, 0x06, 0x08, 0x00, 0xBA, 0x06, 0x08, 0x00, 0xBA, 0x06, 0x08
	.byte 0x72, 0x93, 0x06, 0x08, 0x00, 0xBA, 0x06, 0x08, 0x26, 0x94, 0x06, 0x08, 0x00, 0xBA, 0x06, 0x08
	.byte 0x00, 0xBA, 0x06, 0x08, 0x00, 0xBA, 0x06, 0x08, 0x00, 0xBA, 0x06, 0x08, 0x00, 0xBA, 0x06, 0x08
	.byte 0x00, 0xBA, 0x06, 0x08, 0x00, 0xBA, 0x06, 0x08, 0xFE, 0x93, 0x06, 0x08, 0x00, 0xBA, 0x06, 0x08
	.byte 0xF0, 0x92, 0x06, 0x08, 0x00, 0xBA, 0x06, 0x08, 0x00, 0xBA, 0x06, 0x08, 0x00, 0xBA, 0x06, 0x08
	.byte 0x00, 0xBA, 0x06, 0x08, 0x00, 0xBA, 0x06, 0x08, 0x00, 0xBA, 0x06, 0x08, 0x00, 0xBA, 0x06, 0x08
	.byte 0x36, 0x93, 0x06, 0x08, 0x00, 0xBA, 0x06, 0x08, 0x00, 0xBA, 0x06, 0x08, 0x00, 0xBA, 0x06, 0x08
	.byte 0x00, 0xBA, 0x06, 0x08, 0x00, 0xBA, 0x06, 0x08, 0x00, 0xBA, 0x06, 0x08, 0x00, 0xBA, 0x06, 0x08
	.byte 0x00, 0xBA, 0x06, 0x08, 0x86, 0x93, 0x06, 0x08, 0x00, 0xBA, 0x06, 0x08, 0xD2, 0x92, 0x06, 0x08
	.byte 0xDC, 0x92, 0x06, 0x08, 0x00, 0xBA, 0x06, 0x08, 0xB8, 0x93, 0x06, 0x08, 0x04, 0x93, 0x06, 0x08
	.byte 0x00, 0xBA, 0x06, 0x08, 0x9A, 0x93, 0x06, 0x08, 0xAA, 0x92, 0x06, 0x08, 0x00, 0xBA, 0x06, 0x08
	.byte 0x00, 0xBA, 0x06, 0x08, 0x44, 0x94, 0x06, 0x08, 0xAE, 0x93, 0x06, 0x08, 0x00, 0xBA, 0x06, 0x08
	.byte 0x12, 0x94, 0x06, 0x08, 0x00, 0xBA, 0x06, 0x08, 0x00, 0xBA, 0x06, 0x08, 0x90, 0x93, 0x06, 0x08
	.byte 0x1D, 0x20, 0x18, 0x80, 0x01, 0x20, 0x02, 0xF0, 0xAD, 0xFB, 0x20, 0x20, 0x18, 0x80, 0x01, 0x20
	.byte 0x02, 0xF0, 0xA8, 0xFB, 0x21, 0x20, 0x18, 0x80, 0x01, 0x20, 0x02, 0xF0, 0xA3, 0xFB, 0x30, 0x20
	.byte 0x18, 0x80, 0x01, 0x20, 0x02, 0xF0, 0x9E, 0xFB, 0x44, 0x20, 0x18, 0x80, 0x01, 0x20, 0x02, 0xF0
	.byte 0x99, 0xFB, 0xB7, 0x20, 0x18, 0x80, 0x01, 0x20, 0x02, 0xF0, 0x94, 0xFB, 0xB9, 0x20, 0x18, 0x80
	.byte 0x01, 0x20, 0x02, 0xF0, 0x8F, 0xFB, 0xC2, 0x20, 0x18, 0x80, 0x01, 0x20, 0x02, 0xF0, 0x8A, 0xFB
	.byte 0xCC, 0x20, 0x18, 0x80, 0x01, 0x20, 0x02, 0xF0, 0x85, 0xFB, 0xD9, 0x20, 0x18, 0x80, 0x01, 0x20
	.byte 0x02, 0xF0, 0x80, 0xFB, 0xE0, 0x20, 0x18, 0x80, 0x01, 0x20, 0x02, 0xF0, 0x7B, 0xFB, 0xE2, 0x20
	.byte 0x18, 0x80, 0x01, 0x20, 0x02, 0xF0, 0x76, 0xFB, 0xEC, 0x20, 0x18, 0x80, 0x01, 0x20, 0x02, 0xF0
	.byte 0x71, 0xFB, 0x15, 0x20, 0x18, 0x80, 0x02, 0x20, 0x02, 0xF0, 0x6C, 0xFB, 0x23, 0x20, 0x18, 0x80
	.byte 0x02, 0x20, 0x02, 0xF0, 0x67, 0xFB, 0x27, 0x20, 0x18, 0x80, 0x02, 0x20, 0x02, 0xF0, 0x62, 0xFB
	.byte 0x2D, 0x20, 0x18, 0x80, 0x02, 0x20, 0x02, 0xF0, 0x5D, 0xFB, 0x3F, 0x20, 0x18, 0x80, 0x02, 0x20
	.byte 0x02, 0xF0, 0x58, 0xFB, 0x46, 0x20, 0x18, 0x80, 0x02, 0x20, 0x02, 0xF0, 0x53, 0xFB, 0x53, 0x20
	.byte 0x18, 0x80, 0x02, 0x20, 0x02, 0xF0, 0x4E, 0xFB, 0x8E, 0x20, 0x18, 0x80, 0x02, 0x20, 0x02, 0xF0
	.byte 0x49, 0xFB, 0x90, 0x20, 0x18, 0x80, 0x02, 0x20, 0x02, 0xF0, 0x44, 0xFB, 0x91, 0x20, 0x18, 0x80
	.byte 0x02, 0x20, 0x02, 0xF0, 0x3F, 0xFB, 0x94, 0x20, 0x18, 0x80, 0x02, 0x20, 0x02, 0xF0, 0x3A, 0xFB
	.byte 0xBA, 0x20, 0x18, 0x80, 0x02, 0x20, 0x02, 0xF0, 0x35, 0xFB, 0xBD, 0x20, 0x18, 0x80, 0x02, 0x20
	.byte 0x02, 0xF0, 0x30, 0xFB, 0xBE, 0x20, 0x18, 0x80, 0x02, 0x20, 0x02, 0xF0, 0x2B, 0xFB, 0xBF, 0x20
	.byte 0x18, 0x80, 0x02, 0x20, 0x02, 0xF0, 0x26, 0xFB, 0xC4, 0x20, 0x18, 0x80, 0x02, 0x20, 0x02, 0xF0
	.byte 0x21, 0xFB, 0xCE, 0x20, 0x18, 0x80, 0x02, 0x20, 0x02, 0xF0, 0x1C, 0xFB, 0xD1, 0x20, 0x18, 0x80
	.byte 0x02, 0x20, 0x02, 0xF0, 0x17, 0xFB, 0xE1, 0x20, 0x18, 0x80, 0x02, 0x20, 0x02, 0xF0, 0x12, 0xFB
	.byte 0xE5, 0x20, 0x18, 0x80, 0x02, 0x20, 0x02, 0xF0, 0x0D, 0xFB, 0xE9, 0x20, 0x18, 0x80, 0x02, 0x20
	.byte 0x02, 0xF0, 0x08, 0xFB, 0x00, 0x20, 0x18, 0x80, 0x03, 0x20, 0x02, 0xF0, 0x03, 0xFB, 0x02, 0x20
	.byte 0x18, 0x80, 0x03, 0x20, 0x02, 0xF0, 0xFE, 0xFA, 0x16, 0x20, 0x18, 0x80, 0x03, 0x20, 0x02, 0xF0
	.byte 0xF9, 0xFA, 0x1C, 0x20, 0x18, 0x80, 0x03, 0x20, 0x02, 0xF0, 0xF4, 0xFA, 0x54, 0x20, 0x18, 0x80
	.byte 0x03, 0x20, 0x02, 0xF0, 0xEF, 0xFA, 0x82, 0x20, 0x18, 0x80, 0x03, 0x20, 0x02, 0xF0, 0xEA, 0xFA
	.byte 0x8B, 0x20, 0x18, 0x80, 0x03, 0x20, 0x02, 0xF0, 0xE5, 0xFA, 0xA5, 0x20, 0x18, 0x80, 0x03, 0x20
	.byte 0x02, 0xF0, 0xE0, 0xFA, 0xAF, 0x20, 0x18, 0x80, 0x03, 0x20, 0x02, 0xF0, 0xDB, 0xFA, 0xFF, 0x20
	.byte 0x20, 0x40, 0x41, 0x38, 0xB4, 0x28, 0x01, 0xD9, 0x02, 0xF0, 0xD2, 0xFA, 0x80, 0x00, 0x02, 0x49
	.byte 0x40, 0x18, 0x00, 0x68, 0x87, 0x46, 0x00, 0x00, 0x6C, 0x94, 0x06, 0x08, 0xAE, 0x98, 0x06, 0x08
	.byte 0x00, 0xBA, 0x06, 0x08, 0x00, 0xBA, 0x06, 0x08, 0xEA, 0x98, 0x06, 0x08, 0xA0, 0x97, 0x06, 0x08
	.byte 0x0E, 0x98, 0x06, 0x08, 0x00, 0xBA, 0x06, 0x08, 0xC8, 0x97, 0x06, 0x08, 0x00, 0xBA, 0x06, 0x08
	.byte 0x00, 0xBA, 0x06, 0x08, 0x00, 0xBA, 0x06, 0x08, 0x00, 0xBA, 0x06, 0x08, 0xBE, 0x97, 0x06, 0x08
	.byte 0x00, 0xBA, 0x06, 0x08, 0x00, 0xBA, 0x06, 0x08, 0x00, 0xBA, 0x06, 0x08, 0x82, 0x97, 0x06, 0x08
	.byte 0x00, 0xBA, 0x06, 0x08, 0x46, 0x97, 0x06, 0x08, 0x00, 0xBA, 0x06, 0x08, 0xFE, 0x98, 0x06, 0x08
	.byte 0x04, 0x98, 0x06, 0x08, 0x00, 0xBA, 0x06, 0x08, 0x68, 0x98, 0x06, 0x08, 0x00, 0xBA, 0x06, 0x08
	.byte 0x00, 0xBA, 0x06, 0x08, 0x6E, 0x97, 0x06, 0x08, 0x00, 0xBA, 0x06, 0x08, 0x00, 0xBA, 0x06, 0x08
	.byte 0xE6, 0x97, 0x06, 0x08, 0xCC, 0x98, 0x06, 0x08, 0x00, 0xBA, 0x06, 0x08, 0x00, 0xBA, 0x06, 0x08
	.byte 0x40, 0x98, 0x06, 0x08, 0x00, 0xBA, 0x06, 0x08, 0x00, 0xBA, 0x06, 0x08, 0xF0, 0x97, 0x06, 0x08
	.byte 0x00, 0xBA, 0x06, 0x08, 0x22, 0x98, 0x06, 0x08, 0x00, 0xBA, 0x06, 0x08, 0x36, 0x98, 0x06, 0x08
	.byte 0x00, 0xBA, 0x06, 0x08, 0x00, 0xBA, 0x06, 0x08, 0x50, 0x97, 0x06, 0x08, 0x00, 0xBA, 0x06, 0x08
	.byte 0x00, 0xBA, 0x06, 0x08, 0x00, 0xBA, 0x06, 0x08, 0x00, 0xBA, 0x06, 0x08, 0x00, 0xBA, 0x06, 0x08
	.byte 0x00, 0xBA, 0x06, 0x08, 0x00, 0xBA, 0x06, 0x08, 0x00, 0xBA, 0x06, 0x08, 0x00, 0xBA, 0x06, 0x08
	.byte 0x00, 0xBA, 0x06, 0x08, 0x00, 0xBA, 0x06, 0x08, 0x00, 0xBA, 0x06, 0x08, 0x00, 0xBA, 0x06, 0x08
	.byte 0x00, 0xBA, 0x06, 0x08, 0x00, 0xBA, 0x06, 0x08, 0x00, 0xBA, 0x06, 0x08, 0x86, 0x98, 0x06, 0x08
	.byte 0x00, 0xBA, 0x06, 0x08, 0x00, 0xBA, 0x06, 0x08, 0x00, 0xBA, 0x06, 0x08, 0x00, 0xBA, 0x06, 0x08
	.byte 0x00, 0xBA, 0x06, 0x08, 0x00, 0xBA, 0x06, 0x08, 0x72, 0x98, 0x06, 0x08, 0x4A, 0x98, 0x06, 0x08
	.byte 0x00, 0xBA, 0x06, 0x08, 0x00, 0xBA, 0x06, 0x08, 0x00, 0xBA, 0x06, 0x08, 0x00, 0xBA, 0x06, 0x08
	.byte 0x00, 0xBA, 0x06, 0x08, 0x00, 0xBA, 0x06, 0x08, 0x00, 0xBA, 0x06, 0x08, 0x00, 0xBA, 0x06, 0x08
	.byte 0x00, 0xBA, 0x06, 0x08, 0x00, 0xBA, 0x06, 0x08, 0x00, 0xBA, 0x06, 0x08, 0x00, 0xBA, 0x06, 0x08
	.byte 0x00, 0xBA, 0x06, 0x08, 0x00, 0xBA, 0x06, 0x08, 0x5E, 0x98, 0x06, 0x08, 0x00, 0xBA, 0x06, 0x08
	.byte 0x00, 0xBA, 0x06, 0x08, 0x00, 0xBA, 0x06, 0x08, 0x00, 0xBA, 0x06, 0x08, 0x00, 0xBA, 0x06, 0x08
	.byte 0x00, 0xBA, 0x06, 0x08, 0x00, 0xBA, 0x06, 0x08, 0x00, 0xBA, 0x06, 0x08, 0x00, 0xBA, 0x06, 0x08
	.byte 0x00, 0xBA, 0x06, 0x08, 0x00, 0xBA, 0x06, 0x08, 0x00, 0xBA, 0x06, 0x08, 0x00, 0xBA, 0x06, 0x08
	.byte 0x78, 0x97, 0x06, 0x08, 0x00, 0xBA, 0x06, 0x08, 0x00, 0xBA, 0x06, 0x08, 0x00, 0xBA, 0x06, 0x08
	.byte 0x00, 0xBA, 0x06, 0x08, 0x08, 0x99, 0x06, 0x08, 0xD2, 0x97, 0x06, 0x08, 0x00, 0xBA, 0x06, 0x08
	.byte 0x00, 0xBA, 0x06, 0x08, 0xE0, 0x98, 0x06, 0x08, 0xDC, 0x97, 0x06, 0x08, 0x00, 0xBA, 0x06, 0x08
	.byte 0x00, 0xBA, 0x06, 0x08, 0x90, 0x98, 0x06, 0x08, 0x5A, 0x97, 0x06, 0x08, 0x00, 0xBA, 0x06, 0x08
	.byte 0x00, 0xBA, 0x06, 0x08, 0xB4, 0x97, 0x06, 0x08, 0x00, 0xBA, 0x06, 0x08, 0x54, 0x98, 0x06, 0x08
	.byte 0xAA, 0x97, 0x06, 0x08, 0x00, 0xBA, 0x06, 0x08, 0xC2, 0x98, 0x06, 0x08, 0x00, 0xBA, 0x06, 0x08
	.byte 0x8C, 0x97, 0x06, 0x08, 0x00, 0xBA, 0x06, 0x08, 0x00, 0xBA, 0x06, 0x08, 0x00, 0xBA, 0x06, 0x08
	.byte 0x00, 0xBA, 0x06, 0x08, 0x00, 0xBA, 0x06, 0x08, 0x00, 0xBA, 0x06, 0x08, 0x00, 0xBA, 0x06, 0x08
	.byte 0xB8, 0x98, 0x06, 0x08, 0xD6, 0x98, 0x06, 0x08, 0x00, 0xBA, 0x06, 0x08, 0x00, 0xBA, 0x06, 0x08
	.byte 0x00, 0xBA, 0x06, 0x08, 0x00, 0xBA, 0x06, 0x08, 0x00, 0xBA, 0x06, 0x08, 0x00, 0xBA, 0x06, 0x08
	.byte 0x00, 0xBA, 0x06, 0x08, 0x00, 0xBA, 0x06, 0x08, 0x7C, 0x98, 0x06, 0x08, 0x00, 0xBA, 0x06, 0x08
	.byte 0x00, 0xBA, 0x06, 0x08, 0x00, 0xBA, 0x06, 0x08, 0x00, 0xBA, 0x06, 0x08, 0x00, 0xBA, 0x06, 0x08
	.byte 0x00, 0xBA, 0x06, 0x08, 0x18, 0x98, 0x06, 0x08, 0x9A, 0x98, 0x06, 0x08, 0x00, 0xBA, 0x06, 0x08
	.byte 0x00, 0xBA, 0x06, 0x08, 0x00, 0xBA, 0x06, 0x08, 0x40, 0x97, 0x06, 0x08, 0x00, 0xBA, 0x06, 0x08
	.byte 0xF4, 0x98, 0x06, 0x08, 0x00, 0xBA, 0x06, 0x08, 0x00, 0xBA, 0x06, 0x08, 0x00, 0xBA, 0x06, 0x08
	.byte 0x00, 0xBA, 0x06, 0x08, 0x00, 0xBA, 0x06, 0x08, 0x96, 0x97, 0x06, 0x08, 0x00, 0xBA, 0x06, 0x08
	.byte 0xFA, 0x97, 0x06, 0x08, 0x00, 0xBA, 0x06, 0x08, 0x00, 0xBA, 0x06, 0x08, 0x00, 0xBA, 0x06, 0x08
	.byte 0x2C, 0x98, 0x06, 0x08, 0x00, 0xBA, 0x06, 0x08, 0x00, 0xBA, 0x06, 0x08, 0x00, 0xBA, 0x06, 0x08
	.byte 0x00, 0xBA, 0x06, 0x08, 0x00, 0xBA, 0x06, 0x08, 0x00, 0xBA, 0x06, 0x08, 0x64, 0x97, 0x06, 0x08
	.byte 0x00, 0xBA, 0x06, 0x08, 0x00, 0xBA, 0x06, 0x08, 0x00, 0xBA, 0x06, 0x08, 0x00, 0xBA, 0x06, 0x08
	.byte 0x00, 0xBA, 0x06, 0x08, 0x00, 0xBA, 0x06, 0x08, 0x00, 0xBA, 0x06, 0x08, 0xA4, 0x98, 0x06, 0x08
	.byte 0x01, 0x20, 0x02, 0xF0, 0x5E, 0xF9, 0x03, 0x20, 0x18, 0x80, 0x01, 0x20, 0x02, 0xF0, 0x5A, 0xF9
	.byte 0x2B, 0x20, 0x18, 0x80, 0x01, 0x20, 0x02, 0xF0, 0x55, 0xF9, 0x41, 0x20, 0x18, 0x80, 0x01, 0x20
	.byte 0x02, 0xF0, 0x50, 0xF9, 0x42, 0x20, 0x18, 0x80, 0x01, 0x20, 0x02, 0xF0, 0x4B, 0xF9, 0x45, 0x20
	.byte 0x18, 0x80, 0x01, 0x20, 0x02, 0xF0, 0x46, 0xF9, 0x52, 0x20, 0x18, 0x80, 0x01, 0x20, 0x02, 0xF0
	.byte 0x41, 0xF9, 0x5E, 0x20, 0x18, 0x80, 0x01, 0x20, 0x02, 0xF0, 0x3C, 0xF9, 0x61, 0x20, 0x18, 0x80
	.byte 0x01, 0x20, 0x02, 0xF0, 0x37, 0xF9, 0x70, 0x20, 0x18, 0x80, 0x01, 0x20, 0x02, 0xF0, 0x32, 0xF9
	.byte 0x75, 0x20, 0x18, 0x80, 0x01, 0x20, 0x02, 0xF0, 0x2D, 0xF9, 0x82, 0x20, 0x18, 0x80, 0x01, 0x20
	.byte 0x02, 0xF0, 0x28, 0xF9, 0x95, 0x20, 0x18, 0x80, 0x01, 0x20, 0x02, 0xF0, 0x23, 0xF9, 0x97, 0x20
	.byte 0x18, 0x80, 0x01, 0x20, 0x02, 0xF0, 0x1E, 0xF9, 0xA9, 0x20, 0x18, 0x80, 0x01, 0x20, 0x02, 0xF0
	.byte 0x19, 0xF9, 0xAF, 0x20, 0x18, 0x80, 0x01, 0x20, 0x02, 0xF0, 0x14, 0xF9, 0xB8, 0x20, 0x18, 0x80
	.byte 0x01, 0x20, 0x02, 0xF0, 0x0F, 0xF9, 0xE7, 0x20, 0x18, 0x80, 0x01, 0x20, 0x02, 0xF0, 0x0A, 0xF9
	.byte 0xFB, 0x20, 0x18, 0x80, 0x01, 0x20, 0x02, 0xF0, 0x05, 0xF9, 0xFF, 0x20, 0x18, 0x80, 0x01, 0x20
	.byte 0x02, 0xF0, 0x00, 0xF9, 0x04, 0x20, 0x18, 0x80, 0x02, 0x20, 0x02, 0xF0, 0xFB, 0xF8, 0x22, 0x20
	.byte 0x18, 0x80, 0x02, 0x20, 0x02, 0xF0, 0xF6, 0xF8, 0x29, 0x20, 0x18, 0x80, 0x02, 0x20, 0x02, 0xF0
	.byte 0xF1, 0xF8, 0x2C, 0x20, 0x18, 0x80, 0x02, 0x20, 0x02, 0xF0, 0xEC, 0xF8, 0x44, 0x20, 0x18, 0x80
	.byte 0x02, 0x20, 0x02, 0xF0, 0xE7, 0xF8, 0x45, 0x20, 0x18, 0x80, 0x02, 0x20, 0x02, 0xF0, 0xE2, 0xF8
	.byte 0x47, 0x20, 0x18, 0x80, 0x02, 0x20, 0x02, 0xF0, 0xDD, 0xF8, 0x64, 0x20, 0x18, 0x80, 0x02, 0x20
	.byte 0x02, 0xF0, 0xD8, 0xF8, 0x6D, 0x20, 0x18, 0x80, 0x02, 0x20, 0x02, 0xF0, 0xD3, 0xF8, 0xAD, 0x20
	.byte 0x18, 0x80, 0x02, 0x20, 0x02, 0xF0, 0xCE, 0xF8, 0xD2, 0x20, 0x18, 0x80, 0x02, 0x20, 0x02, 0xF0
	.byte 0xC9, 0xF8, 0x14, 0x20, 0x18, 0x80, 0x03, 0x20, 0x02, 0xF0, 0xC4, 0xF8, 0x15, 0x20, 0x18, 0x80
	.byte 0x03, 0x20, 0x02, 0xF0, 0xBF, 0xF8, 0x17, 0x20, 0x18, 0x80, 0x03, 0x20, 0x02, 0xF0, 0xBA, 0xF8
	.byte 0x23, 0x20, 0x18, 0x80, 0x03, 0x20, 0x02, 0xF0, 0xB5, 0xF8, 0x31, 0x20, 0x18, 0x80, 0x03, 0x20
	.byte 0x02, 0xF0, 0xB0, 0xF8, 0x49, 0x20, 0x18, 0x80, 0x03, 0x20, 0x02, 0xF0, 0xAB, 0xF8, 0x53, 0x20
	.byte 0x18, 0x80, 0x03, 0x20, 0x02, 0xF0, 0xA6, 0xF8, 0x5F, 0x20, 0x18, 0x80, 0x03, 0x20, 0x02, 0xF0
	.byte 0xA1, 0xF8, 0x61, 0x20, 0x18, 0x80, 0x03, 0x20, 0x02, 0xF0, 0x9C, 0xF8, 0x68, 0x20, 0x18, 0x80
	.byte 0x03, 0x20, 0x02, 0xF0, 0x97, 0xF8, 0x69, 0x20, 0x18, 0x80, 0x03, 0x20, 0x02, 0xF0, 0x92, 0xF8
	.byte 0x6A, 0x20, 0x18, 0x80, 0x03, 0x20, 0x02, 0xF0, 0x8D, 0xF8, 0x6D, 0x20, 0x18, 0x80, 0x03, 0x20
	.byte 0x02, 0xF0, 0x88, 0xF8, 0x7F, 0x20, 0x18, 0x80, 0x03, 0x20, 0x02, 0xF0, 0x83, 0xF8, 0x84, 0x20
	.byte 0x18, 0x80, 0x03, 0x20, 0x02, 0xF0, 0x7E, 0xF8, 0xA3, 0x20, 0x18, 0x80, 0x03, 0x20, 0x02, 0xF0
	.byte 0x79, 0xF8, 0xFF, 0x20, 0x20, 0x40, 0x44, 0x38, 0xAC, 0x28, 0x01, 0xD9, 0x02, 0xF0, 0x70, 0xF8
	.byte 0x80, 0x00, 0x02, 0x49, 0x40, 0x18, 0x00, 0x68, 0x87, 0x46, 0x00, 0x00, 0x30, 0x99, 0x06, 0x08
	.byte 0xCA, 0x9C, 0x06, 0x08, 0x00, 0xBA, 0x06, 0x08, 0x00, 0xBA, 0x06, 0x08, 0x00, 0xBA, 0x06, 0x08
	.byte 0x00, 0xBA, 0x06, 0x08, 0xFC, 0x9C, 0x06, 0x08, 0x00, 0xBA, 0x06, 0x08, 0x00, 0xBA, 0x06, 0x08
	.byte 0x00, 0xBA, 0x06, 0x08, 0x00, 0xBA, 0x06, 0x08, 0x7A, 0x9C, 0x06, 0x08, 0x84, 0x9C, 0x06, 0x08
	.byte 0x88, 0x9D, 0x06, 0x08, 0x00, 0xBA, 0x06, 0x08, 0x0C, 0x9C, 0x06, 0x08, 0x1A, 0x9D, 0x06, 0x08
	.byte 0x00, 0xBA, 0x06, 0x08, 0x00, 0xBA, 0x06, 0x08, 0x00, 0xBA, 0x06, 0x08, 0x00, 0xBA, 0x06, 0x08
	.byte 0x00, 0xBA, 0x06, 0x08, 0x00, 0xBA, 0x06, 0x08, 0x00, 0xBA, 0x06, 0x08, 0x00, 0xBA, 0x06, 0x08
	.byte 0x00, 0xBA, 0x06, 0x08, 0x00, 0xBA, 0x06, 0x08, 0x00, 0xBA, 0x06, 0x08, 0x24, 0x9D, 0x06, 0x08
	.byte 0x00, 0xBA, 0x06, 0x08, 0x00, 0xBA, 0x06, 0x08, 0x00, 0xBA, 0x06, 0x08, 0x00, 0xBA, 0x06, 0x08
	.byte 0x00, 0xBA, 0x06, 0x08, 0x00, 0xBA, 0x06, 0x08, 0x5C, 0x9C, 0x06, 0x08, 0x10, 0x9D, 0x06, 0x08
	.byte 0x00, 0xBA, 0x06, 0x08, 0x00, 0xBA, 0x06, 0x08, 0x00, 0xBA, 0x06, 0x08, 0x00, 0xBA, 0x06, 0x08
	.byte 0x00, 0xBA, 0x06, 0x08, 0x00, 0xBA, 0x06, 0x08, 0x00, 0xBA, 0x06, 0x08, 0x00, 0xBA, 0x06, 0x08
	.byte 0x00, 0xBA, 0x06, 0x08, 0x00, 0xBA, 0x06, 0x08, 0x00, 0xBA, 0x06, 0x08, 0x00, 0xBA, 0x06, 0x08
	.byte 0x00, 0xBA, 0x06, 0x08, 0x00, 0xBA, 0x06, 0x08, 0x00, 0xBA, 0x06, 0x08, 0xA6, 0x9D, 0x06, 0x08
	.byte 0x00, 0xBA, 0x06, 0x08, 0x00, 0xBA, 0x06, 0x08, 0xEE, 0x9B, 0x06, 0x08, 0x34, 0x9C, 0x06, 0x08
	.byte 0x00, 0xBA, 0x06, 0x08, 0x00, 0xBA, 0x06, 0x08, 0x00, 0xBA, 0x06, 0x08, 0x00, 0xBA, 0x06, 0x08
	.byte 0x00, 0xBA, 0x06, 0x08, 0x2A, 0x9C, 0x06, 0x08, 0x00, 0xBA, 0x06, 0x08, 0x00, 0xBA, 0x06, 0x08
	.byte 0xA2, 0x9C, 0x06, 0x08, 0x00, 0xBA, 0x06, 0x08, 0x00, 0xBA, 0x06, 0x08, 0x00, 0xBA, 0x06, 0x08
	.byte 0xF2, 0x9C, 0x06, 0x08, 0x00, 0xBA, 0x06, 0x08, 0x52, 0x9C, 0x06, 0x08, 0x00, 0xBA, 0x06, 0x08
	.byte 0x00, 0xBA, 0x06, 0x08, 0x00, 0xBA, 0x06, 0x08, 0x00, 0xBA, 0x06, 0x08, 0x00, 0xBA, 0x06, 0x08
	.byte 0x00, 0xBA, 0x06, 0x08, 0x00, 0xBA, 0x06, 0x08, 0x00, 0xBA, 0x06, 0x08, 0x00, 0xBA, 0x06, 0x08
	.byte 0x00, 0xBA, 0x06, 0x08, 0x70, 0x9C, 0x06, 0x08, 0xB0, 0x9D, 0x06, 0x08, 0x7E, 0x9D, 0x06, 0x08
	.byte 0x00, 0xBA, 0x06, 0x08, 0x00, 0xBA, 0x06, 0x08, 0x00, 0xBA, 0x06, 0x08, 0x8E, 0x9C, 0x06, 0x08
	.byte 0x48, 0x9C, 0x06, 0x08, 0xCE, 0x9D, 0x06, 0x08, 0x00, 0xBA, 0x06, 0x08, 0x00, 0xBA, 0x06, 0x08
	.byte 0x00, 0xBA, 0x06, 0x08, 0x00, 0xBA, 0x06, 0x08, 0x00, 0xBA, 0x06, 0x08, 0x00, 0xBA, 0x06, 0x08
	.byte 0x56, 0x9D, 0x06, 0x08, 0x00, 0xBA, 0x06, 0x08, 0x00, 0xBA, 0x06, 0x08, 0x98, 0x9C, 0x06, 0x08
	.byte 0x00, 0xBA, 0x06, 0x08, 0x3E, 0x9C, 0x06, 0x08, 0x00, 0xBA, 0x06, 0x08, 0x16, 0x9C, 0x06, 0x08
	.byte 0xBA, 0x9D, 0x06, 0x08, 0x00, 0xBA, 0x06, 0x08, 0xC0, 0x9C, 0x06, 0x08, 0xD4, 0x9C, 0x06, 0x08
	.byte 0x74, 0x9D, 0x06, 0x08, 0x4C, 0x9D, 0x06, 0x08, 0x00, 0xBA, 0x06, 0x08, 0x00, 0xBA, 0x06, 0x08
	.byte 0x00, 0xBA, 0x06, 0x08, 0x00, 0xBA, 0x06, 0x08, 0x42, 0x9D, 0x06, 0x08, 0x00, 0xBA, 0x06, 0x08
	.byte 0x00, 0xBA, 0x06, 0x08, 0x00, 0xBA, 0x06, 0x08, 0x00, 0xBA, 0x06, 0x08, 0x00, 0xBA, 0x06, 0x08
	.byte 0xE8, 0x9C, 0x06, 0x08, 0xAC, 0x9C, 0x06, 0x08, 0x92, 0x9D, 0x06, 0x08, 0x00, 0xBA, 0x06, 0x08
	.byte 0x00, 0xBA, 0x06, 0x08, 0x00, 0xBA, 0x06, 0x08, 0x00, 0xBA, 0x06, 0x08, 0x00, 0xBA, 0x06, 0x08
	.byte 0x00, 0xBA, 0x06, 0x08, 0x06, 0x9D, 0x06, 0x08, 0x00, 0xBA, 0x06, 0x08, 0x00, 0xBA, 0x06, 0x08
	.byte 0x00, 0xBA, 0x06, 0x08, 0x00, 0xBA, 0x06, 0x08, 0xDE, 0x9C, 0x06, 0x08, 0x00, 0xBA, 0x06, 0x08
	.byte 0x20, 0x9C, 0x06, 0x08, 0x00, 0xBA, 0x06, 0x08, 0x38, 0x9D, 0x06, 0x08, 0x00, 0xBA, 0x06, 0x08
	.byte 0x00, 0xBA, 0x06, 0x08, 0x00, 0xBA, 0x06, 0x08, 0x02, 0x9C, 0x06, 0x08, 0x00, 0xBA, 0x06, 0x08
	.byte 0x2E, 0x9D, 0x06, 0x08, 0x00, 0xBA, 0x06, 0x08, 0x00, 0xBA, 0x06, 0x08, 0x00, 0xBA, 0x06, 0x08
	.byte 0x00, 0xBA, 0x06, 0x08, 0x00, 0xBA, 0x06, 0x08, 0x00, 0xBA, 0x06, 0x08, 0x00, 0xBA, 0x06, 0x08
	.byte 0x00, 0xBA, 0x06, 0x08, 0xB6, 0x9C, 0x06, 0x08, 0xF8, 0x9B, 0x06, 0x08, 0x00, 0xBA, 0x06, 0x08
	.byte 0x00, 0xBA, 0x06, 0x08, 0x00, 0xBA, 0x06, 0x08, 0x00, 0xBA, 0x06, 0x08, 0x6A, 0x9D, 0x06, 0x08
	.byte 0x60, 0x9D, 0x06, 0x08, 0xE4, 0x9B, 0x06, 0x08, 0xC4, 0x9D, 0x06, 0x08, 0x00, 0xBA, 0x06, 0x08
	.byte 0x66, 0x9C, 0x06, 0x08, 0x00, 0xBA, 0x06, 0x08, 0x00, 0xBA, 0x06, 0x08, 0x00, 0xBA, 0x06, 0x08
	.byte 0x00, 0xBA, 0x06, 0x08, 0x00, 0xBA, 0x06, 0x08, 0x00, 0xBA, 0x06, 0x08, 0x00, 0xBA, 0x06, 0x08
	.byte 0x9C, 0x9D, 0x06, 0x08, 0x00, 0x20, 0x18, 0x80, 0x01, 0x20, 0x01, 0xF0, 0x0B, 0xFF, 0x02, 0x20
	.byte 0x18, 0x80, 0x01, 0x20, 0x01, 0xF0, 0x06, 0xFF, 0x35, 0x20, 0x18, 0x80, 0x01, 0x20, 0x01, 0xF0
	.byte 0x01, 0xFF, 0x3B, 0x20, 0x18, 0x80, 0x01, 0x20, 0x01, 0xF0, 0xFC, 0xFE, 0x40, 0x20, 0x18, 0x80
	.byte 0x01, 0x20, 0x01, 0xF0, 0xF7, 0xFE, 0x5A, 0x20, 0x18, 0x80, 0x01, 0x20, 0x01, 0xF0, 0xF2, 0xFE
	.byte 0x87, 0x20, 0x18, 0x80, 0x01, 0x20, 0x01, 0xF0, 0xED, 0xFE, 0x89, 0x20, 0x18, 0x80, 0x01, 0x20
	.byte 0x01, 0xF0, 0xE8, 0xFE, 0x91, 0x20, 0x18, 0x80, 0x01, 0x20, 0x01, 0xF0, 0xE3, 0xFE, 0xA3, 0x20
	.byte 0x18, 0x80, 0x01, 0x20, 0x01, 0xF0, 0xDE, 0xFE, 0xB5, 0x20, 0x18, 0x80, 0x01, 0x20, 0x01, 0xF0
	.byte 0xD9, 0xFE, 0xC4, 0x20, 0x18, 0x80, 0x01, 0x20, 0x01, 0xF0, 0xD4, 0xFE, 0xC9, 0x20, 0x18, 0x80
	.byte 0x01, 0x20, 0x01, 0xF0, 0xCF, 0xFE, 0xD4, 0x20, 0x18, 0x80, 0x01, 0x20, 0x01, 0xF0, 0xCA, 0xFE
	.byte 0xEB, 0x20, 0x18, 0x80, 0x01, 0x20, 0x01, 0xF0, 0xC5, 0xFE, 0x05, 0x20, 0x18, 0x80, 0x02, 0x20
	.byte 0x01, 0xF0, 0xC0, 0xFE, 0x32, 0x20, 0x18, 0x80, 0x02, 0x20, 0x01, 0xF0, 0xBB, 0xFE, 0x33, 0x20
	.byte 0x18, 0x80, 0x02, 0x20, 0x01, 0xF0, 0xB6, 0xFE, 0x62, 0x20, 0x18, 0x80, 0x02, 0x20, 0x01, 0xF0
	.byte 0xB1, 0xFE, 0x67, 0x20, 0x18, 0x80, 0x02, 0x20, 0x01, 0xF0, 0xAC, 0xFE, 0x6B, 0x20, 0x18, 0x80
	.byte 0x02, 0x20, 0x01, 0xF0, 0xA7, 0xFE, 0x71, 0x20, 0x18, 0x80, 0x02, 0x20, 0x01, 0xF0, 0xA2, 0xFE
	.byte 0x73, 0x20, 0x18, 0x80, 0x02, 0x20, 0x01, 0xF0, 0x9D, 0xFE, 0x79, 0x20, 0x18, 0x80, 0x02, 0x20
	.byte 0x01, 0xF0, 0x98, 0xFE, 0x7F, 0x20, 0x18, 0x80, 0x02, 0x20, 0x01, 0xF0, 0x93, 0xFE, 0x89, 0x20
	.byte 0x18, 0x80, 0x02, 0x20, 0x01, 0xF0, 0x8E, 0xFE, 0x96, 0x20, 0x18, 0x80, 0x02, 0x20, 0x01, 0xF0
	.byte 0x89, 0xFE, 0x9A, 0x20, 0x18, 0x80, 0x02, 0x20, 0x01, 0xF0, 0x84, 0xFE, 0x9E, 0x20, 0x18, 0x80
	.byte 0x02, 0x20, 0x01, 0xF0, 0x7F, 0xFE, 0xA5, 0x20, 0x18, 0x80, 0x02, 0x20, 0x01, 0xF0, 0x7A, 0xFE
	.byte 0xAA, 0x20, 0x18, 0x80, 0x02, 0x20, 0x01, 0xF0, 0x75, 0xFE, 0xAB, 0x20, 0x18, 0x80, 0x02, 0x20
	.byte 0x01, 0xF0, 0x70, 0xFE, 0xB0, 0x20, 0x18, 0x80, 0x02, 0x20, 0x01, 0xF0, 0x6B, 0xFE, 0xBB, 0x20
	.byte 0x18, 0x80, 0x02, 0x20, 0x01, 0xF0, 0x66, 0xFE, 0xD4, 0x20, 0x18, 0x80, 0x02, 0x20, 0x01, 0xF0
	.byte 0x61, 0xFE, 0xDF, 0x20, 0x18, 0x80, 0x02, 0x20, 0x01, 0xF0, 0x5C, 0xFE, 0x06, 0x20, 0x18, 0x80
	.byte 0x03, 0x20, 0x01, 0xF0, 0x57, 0xFE, 0x20, 0x20, 0x18, 0x80, 0x03, 0x20, 0x01, 0xF0, 0x52, 0xFE
	.byte 0x30, 0x20, 0x18, 0x80, 0x03, 0x20, 0x01, 0xF0, 0x4D, 0xFE, 0x48, 0x20, 0x18, 0x80, 0x03, 0x20
	.byte 0x01, 0xF0, 0x48, 0xFE, 0x4A, 0x20, 0x18, 0x80, 0x03, 0x20, 0x01, 0xF0, 0x43, 0xFE, 0x56, 0x20
	.byte 0x18, 0x80, 0x03, 0x20, 0x01, 0xF0, 0x3E, 0xFE, 0x67, 0x20, 0x18, 0x80, 0x03, 0x20, 0x01, 0xF0
	.byte 0x39, 0xFE, 0x77, 0x20, 0x18, 0x80, 0x03, 0x20, 0x01, 0xF0, 0x34, 0xFE, 0x89, 0x20, 0x18, 0x80
	.byte 0x03, 0x20, 0x01, 0xF0, 0x2F, 0xFE, 0x95, 0x20, 0x18, 0x80, 0x03, 0x20, 0x01, 0xF0, 0x2A, 0xFE
	.byte 0xA1, 0x20, 0x18, 0x80, 0x03, 0x20, 0x01, 0xF0, 0x25, 0xFE, 0xAD, 0x20, 0x18, 0x80, 0x03, 0x20
	.byte 0x01, 0xF0, 0x20, 0xFE, 0xC0, 0x20, 0x18, 0x80, 0x03, 0x20, 0x01, 0xF0, 0x1B, 0xFE, 0xC3, 0x20
	.byte 0x18, 0x80, 0x03, 0x20, 0x01, 0xF0, 0x16, 0xFE, 0xFF, 0x20, 0x20, 0x40, 0x40, 0x38, 0xB6, 0x28
	.byte 0x01, 0xD9, 0x01, 0xF0, 0x0D, 0xFE, 0x80, 0x00, 0x01, 0x49, 0x40, 0x18, 0x00, 0x68, 0x87, 0x46
	.byte 0xF4, 0x9D, 0x06, 0x08, 0xEE, 0xA0, 0x06, 0x08, 0x00, 0xBA, 0x06, 0x08, 0xE4, 0xA0, 0x06, 0x08
	.byte 0x00, 0xBA, 0x06, 0x08, 0xA2, 0xA1, 0x06, 0x08, 0x3E, 0xA1, 0x06, 0x08, 0x00, 0xBA, 0x06, 0x08
	.byte 0x00, 0xBA, 0x06, 0x08, 0x00, 0xBA, 0x06, 0x08, 0x00, 0xBA, 0x06, 0x08, 0x00, 0xBA, 0x06, 0x08
	.byte 0x00, 0xBA, 0x06, 0x08, 0x00, 0xBA, 0x06, 0x08, 0x00, 0xBA, 0x06, 0x08, 0xF8, 0xA0, 0x06, 0x08
	.byte 0x00, 0xBA, 0x06, 0x08, 0x98, 0xA1, 0x06, 0x08, 0x00, 0xBA, 0x06, 0x08, 0x00, 0xBA, 0x06, 0x08
	.byte 0x00, 0xBA, 0x06, 0x08, 0x2A, 0xA1, 0x06, 0x08, 0x00, 0xBA, 0x06, 0x08, 0x00, 0xBA, 0x06, 0x08
	.byte 0x00, 0xBA, 0x06, 0x08, 0x00, 0xBA, 0x06, 0x08, 0x00, 0xBA, 0x06, 0x08, 0x1A, 0xA2, 0x06, 0x08
	.byte 0x00, 0xBA, 0x06, 0x08, 0x00, 0xBA, 0x06, 0x08, 0x00, 0xBA, 0x06, 0x08, 0x00, 0xBA, 0x06, 0x08
	.byte 0x00, 0xBA, 0x06, 0x08, 0x00, 0xBA, 0x06, 0x08, 0x00, 0xBA, 0x06, 0x08, 0x00, 0xBA, 0x06, 0x08
	.byte 0x06, 0xA2, 0x06, 0x08, 0x00, 0xBA, 0x06, 0x08, 0x38, 0xA2, 0x06, 0x08, 0xFC, 0xA1, 0x06, 0x08
	.byte 0x00, 0xBA, 0x06, 0x08, 0x00, 0xBA, 0x06, 0x08, 0x02, 0xA1, 0x06, 0x08, 0xDE, 0xA1, 0x06, 0x08
	.byte 0x66, 0xA1, 0x06, 0x08, 0xCA, 0xA1, 0x06, 0x08, 0xDA, 0xA0, 0x06, 0x08, 0x0C, 0xA1, 0x06, 0x08
	.byte 0x00, 0xBA, 0x06, 0x08, 0x00, 0xBA, 0x06, 0x08, 0x00, 0xBA, 0x06, 0x08, 0x00, 0xBA, 0x06, 0x08
	.byte 0x00, 0xBA, 0x06, 0x08, 0x00, 0xBA, 0x06, 0x08, 0x48, 0xA1, 0x06, 0x08, 0x00, 0xBA, 0x06, 0x08
	.byte 0x00, 0xBA, 0x06, 0x08, 0x8E, 0xA1, 0x06, 0x08, 0x00, 0xBA, 0x06, 0x08, 0x00, 0xBA, 0x06, 0x08
	.byte 0x00, 0xBA, 0x06, 0x08, 0x00, 0xBA, 0x06, 0x08, 0x00, 0xBA, 0x06, 0x08, 0x00, 0xBA, 0x06, 0x08
	.byte 0x00, 0xBA, 0x06, 0x08, 0x00, 0xBA, 0x06, 0x08, 0x00, 0xBA, 0x06, 0x08, 0x00, 0xBA, 0x06, 0x08
	.byte 0x00, 0xBA, 0x06, 0x08, 0x00, 0xBA, 0x06, 0x08, 0xD4, 0xA1, 0x06, 0x08, 0xD0, 0xA0, 0x06, 0x08
	.byte 0xB6, 0xA1, 0x06, 0x08, 0x00, 0xBA, 0x06, 0x08, 0x00, 0xBA, 0x06, 0x08, 0x00, 0xBA, 0x06, 0x08
	.byte 0x16, 0xA1, 0x06, 0x08, 0x00, 0xBA, 0x06, 0x08, 0xAC, 0xA1, 0x06, 0x08, 0x24, 0xA2, 0x06, 0x08
	.byte 0x00, 0xBA, 0x06, 0x08, 0x00, 0xBA, 0x06, 0x08, 0x00, 0xBA, 0x06, 0x08, 0x00, 0xBA, 0x06, 0x08
	.byte 0x00, 0xBA, 0x06, 0x08, 0x00, 0xBA, 0x06, 0x08, 0x00, 0xBA, 0x06, 0x08, 0x00, 0xBA, 0x06, 0x08
	.byte 0x00, 0xBA, 0x06, 0x08, 0x00, 0xBA, 0x06, 0x08, 0x00, 0xBA, 0x06, 0x08, 0x00, 0xBA, 0x06, 0x08
	.byte 0x00, 0xBA, 0x06, 0x08, 0x00, 0xBA, 0x06, 0x08, 0x00, 0xBA, 0x06, 0x08, 0x00, 0xBA, 0x06, 0x08
	.byte 0x00, 0xBA, 0x06, 0x08, 0x00, 0xBA, 0x06, 0x08, 0x00, 0xBA, 0x06, 0x08, 0x00, 0xBA, 0x06, 0x08
	.byte 0x00, 0xBA, 0x06, 0x08, 0x00, 0xBA, 0x06, 0x08, 0x00, 0xBA, 0x06, 0x08, 0x00, 0xBA, 0x06, 0x08
	.byte 0x10, 0xA2, 0x06, 0x08, 0x00, 0xBA, 0x06, 0x08, 0x00, 0xBA, 0x06, 0x08, 0x00, 0xBA, 0x06, 0x08
	.byte 0x00, 0xBA, 0x06, 0x08, 0x00, 0xBA, 0x06, 0x08, 0x00, 0xBA, 0x06, 0x08, 0x00, 0xBA, 0x06, 0x08
	.byte 0x00, 0xBA, 0x06, 0x08, 0x00, 0xBA, 0x06, 0x08, 0x00, 0xBA, 0x06, 0x08, 0x70, 0xA1, 0x06, 0x08
	.byte 0x00, 0xBA, 0x06, 0x08, 0x42, 0xA2, 0x06, 0x08, 0x00, 0xBA, 0x06, 0x08, 0x00, 0xBA, 0x06, 0x08
	.byte 0x20, 0xA1, 0x06, 0x08, 0x00, 0xBA, 0x06, 0x08, 0x00, 0xBA, 0x06, 0x08, 0x00, 0xBA, 0x06, 0x08
	.byte 0x00, 0xBA, 0x06, 0x08, 0x34, 0xA1, 0x06, 0x08, 0x00, 0xBA, 0x06, 0x08, 0xF2, 0xA1, 0x06, 0x08
	.byte 0x00, 0xBA, 0x06, 0x08, 0x00, 0xBA, 0x06, 0x08, 0x00, 0xBA, 0x06, 0x08, 0x00, 0xBA, 0x06, 0x08
	.byte 0x00, 0xBA, 0x06, 0x08, 0x00, 0xBA, 0x06, 0x08, 0x00, 0xBA, 0x06, 0x08, 0x00, 0xBA, 0x06, 0x08
	.byte 0x84, 0xA1, 0x06, 0x08, 0x00, 0xBA, 0x06, 0x08, 0x7A, 0xA1, 0x06, 0x08, 0x5C, 0xA1, 0x06, 0x08
	.byte 0x00, 0xBA, 0x06, 0x08, 0x00, 0xBA, 0x06, 0x08, 0x00, 0xBA, 0x06, 0x08, 0x00, 0xBA, 0x06, 0x08
	.byte 0x00, 0xBA, 0x06, 0x08, 0x00, 0xBA, 0x06, 0x08, 0x00, 0xBA, 0x06, 0x08, 0x00, 0xBA, 0x06, 0x08
	.byte 0x00, 0xBA, 0x06, 0x08, 0x00, 0xBA, 0x06, 0x08, 0x00, 0xBA, 0x06, 0x08, 0x00, 0xBA, 0x06, 0x08
	.byte 0x00, 0xBA, 0x06, 0x08, 0x00, 0xBA, 0x06, 0x08, 0x00, 0xBA, 0x06, 0x08, 0x00, 0xBA, 0x06, 0x08
	.byte 0x00, 0xBA, 0x06, 0x08, 0x00, 0xBA, 0x06, 0x08, 0x00, 0xBA, 0x06, 0x08, 0x00, 0xBA, 0x06, 0x08
	.byte 0x00, 0xBA, 0x06, 0x08, 0x00, 0xBA, 0x06, 0x08, 0x4C, 0xA2, 0x06, 0x08, 0x00, 0xBA, 0x06, 0x08
	.byte 0x00, 0xBA, 0x06, 0x08, 0x00, 0xBA, 0x06, 0x08, 0x00, 0xBA, 0x06, 0x08, 0x00, 0xBA, 0x06, 0x08
	.byte 0x00, 0xBA, 0x06, 0x08, 0x2E, 0xA2, 0x06, 0x08, 0x00, 0xBA, 0x06, 0x08, 0x52, 0xA1, 0x06, 0x08
	.byte 0x00, 0xBA, 0x06, 0x08, 0x00, 0xBA, 0x06, 0x08, 0x00, 0xBA, 0x06, 0x08, 0x00, 0xBA, 0x06, 0x08
	.byte 0xC0, 0xA1, 0x06, 0x08, 0x00, 0xBA, 0x06, 0x08, 0x00, 0xBA, 0x06, 0x08, 0x00, 0xBA, 0x06, 0x08
	.byte 0x00, 0xBA, 0x06, 0x08, 0x00, 0xBA, 0x06, 0x08, 0x00, 0xBA, 0x06, 0x08, 0xE8, 0xA1, 0x06, 0x08
	.byte 0x0A, 0x20, 0x18, 0x80, 0x01, 0x20, 0x01, 0xF0, 0x95, 0xFC, 0x0E, 0x20, 0x18, 0x80, 0x01, 0x20
	.byte 0x01, 0xF0, 0x90, 0xFC, 0x23, 0x20, 0x18, 0x80, 0x01, 0x20, 0x01, 0xF0, 0x8B, 0xFC, 0x27, 0x20
	.byte 0x18, 0x80, 0x01, 0x20, 0x01, 0xF0, 0x86, 0xFC, 0x28, 0x20, 0x18, 0x80, 0x01, 0x20, 0x01, 0xF0
	.byte 0x81, 0xFC, 0x4D, 0x20, 0x18, 0x80, 0x01, 0x20, 0x01, 0xF0, 0x7C, 0xFC, 0x4F, 0x20, 0x18, 0x80
	.byte 0x01, 0x20, 0x01, 0xF0, 0x77, 0xFC, 0x5D, 0x20, 0x18, 0x80, 0x01, 0x20, 0x01, 0xF0, 0x72, 0xFC
	.byte 0x78, 0x20, 0x18, 0x80, 0x01, 0x20, 0x01, 0xF0, 0x6D, 0xFC, 0x7A, 0x20, 0x18, 0x80, 0x01, 0x20
	.byte 0x01, 0xF0, 0x68, 0xFC, 0x84, 0x20, 0x18, 0x80, 0x01, 0x20, 0x01, 0xF0, 0x63, 0xFC, 0xB1, 0x20
	.byte 0x18, 0x80, 0x01, 0x20, 0x01, 0xF0, 0x5E, 0xFC, 0xB2, 0x20, 0x18, 0x80, 0x01, 0x20, 0x01, 0xF0
	.byte 0x59, 0xFC, 0xCE, 0x20, 0x18, 0x80, 0x01, 0x20, 0x01, 0xF0, 0x54, 0xFC, 0xDE, 0x20, 0x18, 0x80
	.byte 0x01, 0x20, 0x01, 0xF0, 0x4F, 0xFC, 0xE1, 0x20, 0x18, 0x80, 0x01, 0x20, 0x01, 0xF0, 0x4A, 0xFC
	.byte 0xF5, 0x20, 0x18, 0x80, 0x01, 0x20, 0x01, 0xF0, 0x45, 0xFC, 0xFE, 0x20, 0x18, 0x80, 0x01, 0x20
	.byte 0x01, 0xF0, 0x40, 0xFC, 0x06, 0x20, 0x18, 0x80, 0x02, 0x20, 0x01, 0xF0, 0x3B, 0xFC, 0x19, 0x20
	.byte 0x18, 0x80, 0x02, 0x20, 0x01, 0xF0, 0x36, 0xFC, 0x55, 0x20, 0x18, 0x80, 0x02, 0x20, 0x01, 0xF0
	.byte 0x31, 0xFC, 0x5C, 0x20, 0x18, 0x80, 0x02, 0x20, 0x01, 0xF0, 0x2C, 0xFC, 0x85, 0x20, 0x18, 0x80
	.byte 0x02, 0x20, 0x01, 0xF0, 0x27, 0xFC, 0x87, 0x20, 0x18, 0x80, 0x02, 0x20, 0x01, 0xF0, 0x22, 0xFC
	.byte 0x8A, 0x20, 0x18, 0x80, 0x02, 0x20, 0x01, 0xF0, 0x1D, 0xFC, 0xDB, 0x20, 0x18, 0x80, 0x02, 0x20
	.byte 0x01, 0xF0, 0x18, 0xFC, 0xDD, 0x20, 0x18, 0x80, 0x02, 0x20, 0x01, 0xF0, 0x13, 0xFC, 0xDE, 0x20
	.byte 0x18, 0x80, 0x02, 0x20, 0x01, 0xF0, 0x0E, 0xFC, 0x0C, 0x20, 0x18, 0x80, 0x03, 0x20, 0x01, 0xF0
	.byte 0x09, 0xFC, 0x3A, 0x20, 0x18, 0x80, 0x03, 0x20, 0x01, 0xF0, 0x04, 0xFC, 0x45, 0x20, 0x18, 0x80
	.byte 0x03, 0x20, 0x01, 0xF0, 0xFF, 0xFB, 0x4D, 0x20, 0x18, 0x80, 0x03, 0x20, 0x01, 0xF0, 0xFA, 0xFB
	.byte 0x5E, 0x20, 0x18, 0x80, 0x03, 0x20, 0x01, 0xF0, 0xF5, 0xFB, 0x65, 0x20, 0x18, 0x80, 0x03, 0x20
	.byte 0x01, 0xF0, 0xF0, 0xFB, 0x6B, 0x20, 0x18, 0x80, 0x03, 0x20, 0x01, 0xF0, 0xEB, 0xFB, 0x8A, 0x20
	.byte 0x18, 0x80, 0x03, 0x20, 0x01, 0xF0, 0xE6, 0xFB, 0x99, 0x20, 0x18, 0x80, 0x03, 0x20, 0x01, 0xF0
	.byte 0xE1, 0xFB, 0x9D, 0x20, 0x18, 0x80, 0x03, 0x20, 0x01, 0xF0, 0xDC, 0xFB, 0xB2, 0x20, 0x18, 0x80
	.byte 0x03, 0x20, 0x01, 0xF0, 0xD7, 0xFB, 0xFF, 0x20, 0x20, 0x40, 0x47, 0x38, 0xB5, 0x28, 0x01, 0xD9
	.byte 0x01, 0xF0, 0xCE, 0xFB, 0x80, 0x00, 0x02, 0x49, 0x40, 0x18, 0x00, 0x68, 0x87, 0x46, 0x00, 0x00
	.byte 0x74, 0xA2, 0x06, 0x08, 0xC4, 0xA5, 0x06, 0x08, 0x00, 0xBA, 0x06, 0x08, 0x5A, 0xA6, 0x06, 0x08
	.byte 0x00, 0xBA, 0x06, 0x08, 0x00, 0xBA, 0x06, 0x08, 0x00, 0xBA, 0x06, 0x08, 0x00, 0xBA, 0x06, 0x08
	.byte 0x00, 0xBA, 0x06, 0x08, 0x00, 0xBA, 0x06, 0x08, 0x00, 0xBA, 0x06, 0x08, 0x00, 0xBA, 0x06, 0x08
	.byte 0x00, 0xBA, 0x06, 0x08, 0x00, 0xBA, 0x06, 0x08, 0x8C, 0xA6, 0x06, 0x08, 0x00, 0xBA, 0x06, 0x08
	.byte 0xCE, 0xA5, 0x06, 0x08, 0x00, 0xBA, 0x06, 0x08, 0xD2, 0xA6, 0x06, 0x08, 0x00, 0xBA, 0x06, 0x08
	.byte 0x00, 0xBA, 0x06, 0x08, 0x00, 0xBA, 0x06, 0x08, 0x00, 0xBA, 0x06, 0x08, 0x82, 0xA6, 0x06, 0x08
	.byte 0x00, 0xBA, 0x06, 0x08, 0xF0, 0xA6, 0x06, 0x08, 0xA6, 0xA5, 0x06, 0x08, 0xF6, 0xA5, 0x06, 0x08
	.byte 0x00, 0xBA, 0x06, 0x08, 0x00, 0xBA, 0x06, 0x08, 0xE6, 0xA6, 0x06, 0x08, 0x00, 0xBA, 0x06, 0x08
	.byte 0xBA, 0xA5, 0x06, 0x08, 0x00, 0xBA, 0x06, 0x08, 0x00, 0xBA, 0x06, 0x08, 0x00, 0xBA, 0x06, 0x08
	.byte 0x00, 0xBA, 0x06, 0x08, 0x00, 0xBA, 0x06, 0x08, 0x00, 0xBA, 0x06, 0x08, 0x00, 0xBA, 0x06, 0x08
	.byte 0xD8, 0xA5, 0x06, 0x08, 0x00, 0xBA, 0x06, 0x08, 0x00, 0xBA, 0x06, 0x08, 0x00, 0xBA, 0x06, 0x08
	.byte 0x96, 0xA6, 0x06, 0x08, 0x32, 0xA6, 0x06, 0x08, 0x00, 0xBA, 0x06, 0x08, 0x00, 0xBA, 0x06, 0x08
	.byte 0x00, 0xBA, 0x06, 0x08, 0x00, 0xBA, 0x06, 0x08, 0x74, 0xA5, 0x06, 0x08, 0xAA, 0xA6, 0x06, 0x08
	.byte 0x00, 0xBA, 0x06, 0x08, 0x9C, 0xA5, 0x06, 0x08, 0x3C, 0xA6, 0x06, 0x08, 0x00, 0xBA, 0x06, 0x08
	.byte 0x00, 0xBA, 0x06, 0x08, 0x00, 0xBA, 0x06, 0x08, 0x00, 0xBA, 0x06, 0x08, 0x00, 0xBA, 0x06, 0x08
	.byte 0x00, 0xBA, 0x06, 0x08, 0x00, 0xBA, 0x06, 0x08, 0x00, 0xBA, 0x06, 0x08, 0x00, 0xBA, 0x06, 0x08
	.byte 0x00, 0xBA, 0x06, 0x08, 0x64, 0xA6, 0x06, 0x08, 0x00, 0xBA, 0x06, 0x08, 0x00, 0xBA, 0x06, 0x08
	.byte 0xDC, 0xA6, 0x06, 0x08, 0x00, 0xBA, 0x06, 0x08, 0x00, 0xBA, 0x06, 0x08, 0x00, 0xBA, 0x06, 0x08
	.byte 0x00, 0xBA, 0x06, 0x08, 0x00, 0xBA, 0x06, 0x08, 0x4C, 0xA5, 0x06, 0x08, 0x00, 0xBA, 0x06, 0x08
	.byte 0x00, 0xBA, 0x06, 0x08, 0x00, 0xBA, 0x06, 0x08, 0x00, 0xBA, 0x06, 0x08, 0x00, 0xBA, 0x06, 0x08
	.byte 0x60, 0xA5, 0x06, 0x08, 0x00, 0xBA, 0x06, 0x08, 0x00, 0xBA, 0x06, 0x08, 0x00, 0xBA, 0x06, 0x08
	.byte 0x56, 0xA5, 0x06, 0x08, 0x00, 0xBA, 0x06, 0x08, 0x00, 0xBA, 0x06, 0x08, 0x00, 0xBA, 0x06, 0x08
	.byte 0x00, 0xBA, 0x06, 0x08, 0x00, 0xBA, 0x06, 0x08, 0x00, 0xBA, 0x06, 0x08, 0x00, 0xBA, 0x06, 0x08
	.byte 0x00, 0xBA, 0x06, 0x08, 0x00, 0xBA, 0x06, 0x08, 0x00, 0xBA, 0x06, 0x08, 0x00, 0xBA, 0x06, 0x08
	.byte 0xB0, 0xA5, 0x06, 0x08, 0x00, 0xBA, 0x06, 0x08, 0x00, 0xBA, 0x06, 0x08, 0x00, 0xBA, 0x06, 0x08
	.byte 0xEC, 0xA5, 0x06, 0x08, 0x00, 0xBA, 0x06, 0x08, 0xBE, 0xA6, 0x06, 0x08, 0x00, 0xBA, 0x06, 0x08
	.byte 0x6A, 0xA5, 0x06, 0x08, 0xE2, 0xA5, 0x06, 0x08, 0x00, 0xBA, 0x06, 0x08, 0x6E, 0xA6, 0x06, 0x08
	.byte 0x00, 0xBA, 0x06, 0x08, 0x00, 0xBA, 0x06, 0x08, 0x00, 0xA6, 0x06, 0x08, 0x00, 0xBA, 0x06, 0x08
	.byte 0x00, 0xBA, 0x06, 0x08, 0x00, 0xBA, 0x06, 0x08, 0x00, 0xBA, 0x06, 0x08, 0x78, 0xA6, 0x06, 0x08
	.byte 0x00, 0xBA, 0x06, 0x08, 0x00, 0xBA, 0x06, 0x08, 0x00, 0xBA, 0x06, 0x08, 0x00, 0xBA, 0x06, 0x08
	.byte 0xB4, 0xA6, 0x06, 0x08, 0x00, 0xBA, 0x06, 0x08, 0x00, 0xBA, 0x06, 0x08, 0x88, 0xA5, 0x06, 0x08
	.byte 0x00, 0xBA, 0x06, 0x08, 0x00, 0xBA, 0x06, 0x08, 0x00, 0xBA, 0x06, 0x08, 0x46, 0xA6, 0x06, 0x08
	.byte 0x00, 0xBA, 0x06, 0x08, 0xC8, 0xA6, 0x06, 0x08, 0x00, 0xBA, 0x06, 0x08, 0x00, 0xBA, 0x06, 0x08
	.byte 0x00, 0xBA, 0x06, 0x08, 0x1E, 0xA6, 0x06, 0x08, 0x00, 0xBA, 0x06, 0x08, 0x50, 0xA6, 0x06, 0x08
	.byte 0x00, 0xBA, 0x06, 0x08, 0x00, 0xBA, 0x06, 0x08, 0x00, 0xBA, 0x06, 0x08, 0x00, 0xBA, 0x06, 0x08
	.byte 0x00, 0xBA, 0x06, 0x08, 0x00, 0xBA, 0x06, 0x08, 0x00, 0xBA, 0x06, 0x08, 0x00, 0xBA, 0x06, 0x08
	.byte 0x00, 0xBA, 0x06, 0x08, 0x00, 0xBA, 0x06, 0x08, 0x00, 0xBA, 0x06, 0x08, 0x00, 0xBA, 0x06, 0x08
	.byte 0x00, 0xBA, 0x06, 0x08, 0x00, 0xBA, 0x06, 0x08, 0x00, 0xBA, 0x06, 0x08, 0x00, 0xBA, 0x06, 0x08
	.byte 0x00, 0xBA, 0x06, 0x08, 0x00, 0xBA, 0x06, 0x08, 0x92, 0xA5, 0x06, 0x08, 0x00, 0xBA, 0x06, 0x08
	.byte 0x00, 0xBA, 0x06, 0x08, 0x00, 0xBA, 0x06, 0x08, 0xA0, 0xA6, 0x06, 0x08, 0x00, 0xBA, 0x06, 0x08
	.byte 0x00, 0xBA, 0x06, 0x08, 0x00, 0xBA, 0x06, 0x08, 0x00, 0xBA, 0x06, 0x08, 0x00, 0xBA, 0x06, 0x08
	.byte 0x00, 0xBA, 0x06, 0x08, 0x00, 0xBA, 0x06, 0x08, 0x00, 0xBA, 0x06, 0x08, 0x00, 0xBA, 0x06, 0x08
	.byte 0x00, 0xBA, 0x06, 0x08, 0x0A, 0xA6, 0x06, 0x08, 0x00, 0xBA, 0x06, 0x08, 0x28, 0xA6, 0x06, 0x08
	.byte 0x00, 0xBA, 0x06, 0x08, 0x00, 0xBA, 0x06, 0x08, 0x00, 0xBA, 0x06, 0x08, 0x00, 0xBA, 0x06, 0x08
	.byte 0x00, 0xBA, 0x06, 0x08, 0xFA, 0xA6, 0x06, 0x08, 0x00, 0xBA, 0x06, 0x08, 0x00, 0xBA, 0x06, 0x08
	.byte 0x14, 0xA6, 0x06, 0x08, 0x00, 0xBA, 0x06, 0x08, 0x7E, 0xA5, 0x06, 0x08, 0x2D, 0x20, 0x18, 0x80
	.byte 0x01, 0x20, 0x01, 0xF0, 0x57, 0xFA, 0x39, 0x20, 0x18, 0x80, 0x01, 0x20, 0x01, 0xF0, 0x52, 0xFA
	.byte 0x3F, 0x20, 0x18, 0x80, 0x01, 0x20, 0x01, 0xF0, 0x4D, 0xFA, 0x64, 0x20, 0x18, 0x80, 0x01, 0x20
	.byte 0x01, 0xF0, 0x48, 0xFA, 0x69, 0x20, 0x18, 0x80, 0x01, 0x20, 0x01, 0xF0, 0x43, 0xFA, 0x6A, 0x20
	.byte 0x18, 0x80, 0x01, 0x20, 0x01, 0xF0, 0x3E, 0xFA, 0x6C, 0x20, 0x18, 0x80, 0x01, 0x20, 0x01, 0xF0
	.byte 0x39, 0xFA, 0x88, 0x20, 0x18, 0x80, 0x01, 0x20, 0x01, 0xF0, 0x34, 0xFA, 0x94, 0x20, 0x18, 0x80
	.byte 0x01, 0x20, 0x01, 0xF0, 0x2F, 0xFA, 0x96, 0x20, 0x18, 0x80, 0x01, 0x20, 0x01, 0xF0, 0x2A, 0xFA
	.byte 0xA8, 0x20, 0x18, 0x80, 0x01, 0x20, 0x01, 0xF0, 0x25, 0xFA, 0xAC, 0x20, 0x18, 0x80, 0x01, 0x20
	.byte 0x01, 0xF0, 0x20, 0xFA, 0xCA, 0x20, 0x18, 0x80, 0x01, 0x20, 0x01, 0xF0, 0x1B, 0xFA, 0xE3, 0x20
	.byte 0x18, 0x80, 0x01, 0x20, 0x01, 0xF0, 0x16, 0xFA, 0x2F, 0x20, 0x18, 0x80, 0x02, 0x20, 0x01, 0xF0
	.byte 0x11, 0xFA, 0x37, 0x20, 0x18, 0x80, 0x02, 0x20, 0x01, 0xF0, 0x0C, 0xFA, 0x3A, 0x20, 0x18, 0x80
	.byte 0x02, 0x20, 0x01, 0xF0, 0x07, 0xFA, 0x43, 0x20, 0x18, 0x80, 0x02, 0x20, 0x01, 0xF0, 0x02, 0xFA
	.byte 0x48, 0x20, 0x18, 0x80, 0x02, 0x20, 0x01, 0xF0, 0xFD, 0xF9, 0x52, 0x20, 0x18, 0x80, 0x02, 0x20
	.byte 0x01, 0xF0, 0xF8, 0xF9, 0x83, 0x20, 0x18, 0x80, 0x02, 0x20, 0x01, 0xF0, 0xF3, 0xF9, 0x9F, 0x20
	.byte 0x18, 0x80, 0x02, 0x20, 0x01, 0xF0, 0xEE, 0xF9, 0xA8, 0x20, 0x18, 0x80, 0x02, 0x20, 0x01, 0xF0
	.byte 0xE9, 0xF9, 0xB4, 0x20, 0x18, 0x80, 0x02, 0x20, 0x01, 0xF0, 0xE4, 0xF9, 0xB6, 0x20, 0x18, 0x80
	.byte 0x02, 0x20, 0x01, 0xF0, 0xDF, 0xF9, 0xE8, 0x20, 0x18, 0x80, 0x02, 0x20, 0x01, 0xF0, 0xDA, 0xF9
	.byte 0xF5, 0x20, 0x18, 0x80, 0x02, 0x20, 0x01, 0xF0, 0xD5, 0xF9, 0xFC, 0x20, 0x18, 0x80, 0x02, 0x20
	.byte 0x01, 0xF0, 0xD0, 0xF9, 0x01, 0x20, 0x18, 0x80, 0x03, 0x20, 0x01, 0xF0, 0xCB, 0xF9, 0x1A, 0x20
	.byte 0x18, 0x80, 0x03, 0x20, 0x01, 0xF0, 0xC6, 0xF9, 0x2C, 0x20, 0x18, 0x80, 0x03, 0x20, 0x01, 0xF0
	.byte 0xC1, 0xF9, 0x2F, 0x20, 0x18, 0x80, 0x03, 0x20, 0x01, 0xF0, 0xBC, 0xF9, 0x3D, 0x20, 0x18, 0x80
	.byte 0x03, 0x20, 0x01, 0xF0, 0xB7, 0xF9, 0x41, 0x20, 0x18, 0x80, 0x03, 0x20, 0x01, 0xF0, 0xB2, 0xF9
	.byte 0x59, 0x20, 0x18, 0x80, 0x03, 0x20, 0x01, 0xF0, 0xAD, 0xF9, 0x5A, 0x20, 0x18, 0x80, 0x03, 0x20
	.byte 0x01, 0xF0, 0xA8, 0xF9, 0x5D, 0x20, 0x18, 0x80, 0x03, 0x20, 0x01, 0xF0, 0xA3, 0xF9, 0x7E, 0x20
	.byte 0x18, 0x80, 0x03, 0x20, 0x01, 0xF0, 0x9E, 0xF9, 0x86, 0x20, 0x18, 0x80, 0x03, 0x20, 0x01, 0xF0
	.byte 0x99, 0xF9, 0x93, 0x20, 0x18, 0x80, 0x03, 0x20, 0x01, 0xF0, 0x94, 0xF9, 0x98, 0x20, 0x18, 0x80
	.byte 0x03, 0x20, 0x01, 0xF0, 0x8F, 0xF9, 0xAA, 0x20, 0x18, 0x80, 0x03, 0x20, 0x01, 0xF0, 0x8A, 0xF9
	.byte 0xBE, 0x20, 0x18, 0x80, 0x03, 0x20, 0x01, 0xF0, 0x85, 0xF9, 0xC5, 0x20, 0x18, 0x80, 0x03, 0x20
	.byte 0x01, 0xF0, 0x80, 0xF9, 0xFF, 0x20, 0x20, 0x40, 0x43, 0x38, 0xB9, 0x28, 0x01, 0xD9, 0x01, 0xF0
	.byte 0x77, 0xF9, 0x80, 0x00, 0x01, 0x49, 0x40, 0x18, 0x00, 0x68, 0x87, 0x46, 0x20, 0xA7, 0x06, 0x08
	.byte 0x94, 0xAA, 0x06, 0x08, 0x00, 0xBA, 0x06, 0x08, 0x00, 0xBA, 0x06, 0x08, 0xDA, 0xAA, 0x06, 0x08
	.byte 0x00, 0xBA, 0x06, 0x08, 0x00, 0xBA, 0x06, 0x08, 0x00, 0xBA, 0x06, 0x08, 0x00, 0xBA, 0x06, 0x08
	.byte 0x00, 0xBA, 0x06, 0x08, 0xA8, 0xAA, 0x06, 0x08, 0x5C, 0xAB, 0x06, 0x08, 0x66, 0xAB, 0x06, 0x08
	.byte 0x9E, 0xAA, 0x06, 0x08, 0x00, 0xBA, 0x06, 0x08, 0x00, 0xBA, 0x06, 0x08, 0x00, 0xBA, 0x06, 0x08
	.byte 0x00, 0xBA, 0x06, 0x08, 0x00, 0xBA, 0x06, 0x08, 0x00, 0xBA, 0x06, 0x08, 0x00, 0xBA, 0x06, 0x08
	.byte 0x00, 0xBA, 0x06, 0x08, 0x00, 0xBA, 0x06, 0x08, 0xB2, 0xAA, 0x06, 0x08, 0x00, 0xBA, 0x06, 0x08
	.byte 0x00, 0xBA, 0x06, 0x08, 0x02, 0xAB, 0x06, 0x08, 0x00, 0xBA, 0x06, 0x08, 0x00, 0xBA, 0x06, 0x08
	.byte 0x00, 0xBA, 0x06, 0x08, 0x00, 0xBA, 0x06, 0x08, 0x00, 0xBA, 0x06, 0x08, 0x00, 0xBA, 0x06, 0x08
	.byte 0x00, 0xBA, 0x06, 0x08, 0x00, 0xBA, 0x06, 0x08, 0x98, 0xAB, 0x06, 0x08, 0x00, 0xBA, 0x06, 0x08
	.byte 0xD0, 0xAA, 0x06, 0x08, 0x00, 0xBA, 0x06, 0x08, 0x00, 0xBA, 0x06, 0x08, 0x3A, 0xAA, 0x06, 0x08
	.byte 0x00, 0xBA, 0x06, 0x08, 0x00, 0xBA, 0x06, 0x08, 0x00, 0xBA, 0x06, 0x08, 0x00, 0xBA, 0x06, 0x08
	.byte 0x00, 0xBA, 0x06, 0x08, 0x00, 0xBA, 0x06, 0x08, 0x00, 0xBA, 0x06, 0x08, 0x00, 0xBA, 0x06, 0x08
	.byte 0x58, 0xAA, 0x06, 0x08, 0x00, 0xBA, 0x06, 0x08, 0x00, 0xBA, 0x06, 0x08, 0x00, 0xBA, 0x06, 0x08
	.byte 0x48, 0xAB, 0x06, 0x08, 0x00, 0xBA, 0x06, 0x08, 0x00, 0xBA, 0x06, 0x08, 0x1C, 0xAA, 0x06, 0x08
	.byte 0x7A, 0xAB, 0x06, 0x08, 0x00, 0xBA, 0x06, 0x08, 0x00, 0xBA, 0x06, 0x08, 0x00, 0xBA, 0x06, 0x08
	.byte 0x00, 0xBA, 0x06, 0x08, 0x00, 0xBA, 0x06, 0x08, 0x00, 0xBA, 0x06, 0x08, 0x00, 0xBA, 0x06, 0x08
	.byte 0xEE, 0xAA, 0x06, 0x08, 0x00, 0xBA, 0x06, 0x08, 0x00, 0xBA, 0x06, 0x08, 0x00, 0xBA, 0x06, 0x08
	.byte 0x00, 0xBA, 0x06, 0x08, 0x00, 0xBA, 0x06, 0x08, 0x00, 0xBA, 0x06, 0x08, 0x00, 0xBA, 0x06, 0x08
	.byte 0x00, 0xBA, 0x06, 0x08, 0x00, 0xBA, 0x06, 0x08, 0x00, 0xBA, 0x06, 0x08, 0x30, 0xAA, 0x06, 0x08
	.byte 0x00, 0xBA, 0x06, 0x08, 0x00, 0xBA, 0x06, 0x08, 0x00, 0xBA, 0x06, 0x08, 0x80, 0xAA, 0x06, 0x08
	.byte 0x00, 0xBA, 0x06, 0x08, 0x00, 0xBA, 0x06, 0x08, 0x00, 0xBA, 0x06, 0x08, 0x20, 0xAB, 0x06, 0x08
	.byte 0xC6, 0xAA, 0x06, 0x08, 0x00, 0xBA, 0x06, 0x08, 0x00, 0xBA, 0x06, 0x08, 0x52, 0xAB, 0x06, 0x08
	.byte 0x3E, 0xAB, 0x06, 0x08, 0x00, 0xBA, 0x06, 0x08, 0x00, 0xBA, 0x06, 0x08, 0x00, 0xBA, 0x06, 0x08
	.byte 0x00, 0xBA, 0x06, 0x08, 0x84, 0xAB, 0x06, 0x08, 0x00, 0xBA, 0x06, 0x08, 0x00, 0xBA, 0x06, 0x08
	.byte 0x00, 0xBA, 0x06, 0x08, 0x00, 0xBA, 0x06, 0x08, 0x00, 0xBA, 0x06, 0x08, 0x00, 0xBA, 0x06, 0x08
	.byte 0x00, 0xBA, 0x06, 0x08, 0x00, 0xBA, 0x06, 0x08, 0x00, 0xBA, 0x06, 0x08, 0x00, 0xBA, 0x06, 0x08
	.byte 0x00, 0xBA, 0x06, 0x08, 0x00, 0xBA, 0x06, 0x08, 0x44, 0xAA, 0x06, 0x08, 0x00, 0xBA, 0x06, 0x08
	.byte 0x00, 0xBA, 0x06, 0x08, 0x00, 0xBA, 0x06, 0x08, 0x2A, 0xAB, 0x06, 0x08, 0xBC, 0xAA, 0x06, 0x08
	.byte 0x00, 0xBA, 0x06, 0x08, 0x00, 0xBA, 0x06, 0x08, 0x00, 0xBA, 0x06, 0x08, 0x00, 0xBA, 0x06, 0x08
	.byte 0x00, 0xBA, 0x06, 0x08, 0x00, 0xBA, 0x06, 0x08, 0x00, 0xBA, 0x06, 0x08, 0x00, 0xBA, 0x06, 0x08
	.byte 0x6C, 0xAA, 0x06, 0x08, 0x16, 0xAB, 0x06, 0x08, 0x34, 0xAB, 0x06, 0x08, 0x00, 0xBA, 0x06, 0x08
	.byte 0x00, 0xBA, 0x06, 0x08, 0x00, 0xBA, 0x06, 0x08, 0x00, 0xBA, 0x06, 0x08, 0x00, 0xBA, 0x06, 0x08
	.byte 0x00, 0xBA, 0x06, 0x08, 0x00, 0xBA, 0x06, 0x08, 0x00, 0xBA, 0x06, 0x08, 0x12, 0xAA, 0x06, 0x08
	.byte 0x00, 0xBA, 0x06, 0x08, 0x00, 0xBA, 0x06, 0x08, 0x00, 0xBA, 0x06, 0x08, 0x00, 0xBA, 0x06, 0x08
	.byte 0x00, 0xBA, 0x06, 0x08, 0x00, 0xBA, 0x06, 0x08, 0x00, 0xBA, 0x06, 0x08, 0x00, 0xBA, 0x06, 0x08
	.byte 0x00, 0xBA, 0x06, 0x08, 0x00, 0xBA, 0x06, 0x08, 0x00, 0xBA, 0x06, 0x08, 0x00, 0xBA, 0x06, 0x08
	.byte 0x00, 0xBA, 0x06, 0x08, 0x0C, 0xAB, 0x06, 0x08, 0x00, 0xBA, 0x06, 0x08, 0x00, 0xBA, 0x06, 0x08
	.byte 0x00, 0xBA, 0x06, 0x08, 0x00, 0xBA, 0x06, 0x08, 0x00, 0xBA, 0x06, 0x08, 0x00, 0xBA, 0x06, 0x08
	.byte 0x00, 0xBA, 0x06, 0x08, 0x00, 0xBA, 0x06, 0x08, 0x00, 0xBA, 0x06, 0x08, 0x08, 0xAA, 0x06, 0x08
	.byte 0x62, 0xAA, 0x06, 0x08, 0xF8, 0xAA, 0x06, 0x08, 0x00, 0xBA, 0x06, 0x08, 0x00, 0xBA, 0x06, 0x08
	.byte 0x00, 0xBA, 0x06, 0x08, 0x00, 0xBA, 0x06, 0x08, 0x00, 0xBA, 0x06, 0x08, 0x00, 0xBA, 0x06, 0x08
	.byte 0x8E, 0xAB, 0x06, 0x08, 0x00, 0xBA, 0x06, 0x08, 0xE4, 0xAA, 0x06, 0x08, 0x00, 0xBA, 0x06, 0x08
	.byte 0x00, 0xBA, 0x06, 0x08, 0x00, 0xBA, 0x06, 0x08, 0x8A, 0xAA, 0x06, 0x08, 0x00, 0xBA, 0x06, 0x08
	.byte 0x00, 0xBA, 0x06, 0x08, 0x00, 0xBA, 0x06, 0x08, 0x70, 0xAB, 0x06, 0x08, 0x76, 0xAA, 0x06, 0x08
	.byte 0x00, 0xBA, 0x06, 0x08, 0x00, 0xBA, 0x06, 0x08, 0x26, 0xAA, 0x06, 0x08, 0x00, 0xBA, 0x06, 0x08
	.byte 0x00, 0xBA, 0x06, 0x08, 0x00, 0xBA, 0x06, 0x08, 0x00, 0xBA, 0x06, 0x08, 0x00, 0xBA, 0x06, 0x08
	.byte 0x00, 0xBA, 0x06, 0x08, 0x4E, 0xAA, 0x06, 0x08, 0x29, 0x20, 0x18, 0x80, 0x01, 0x20, 0x00, 0xF0
	.byte 0xF9, 0xFF, 0x2A, 0x20, 0x18, 0x80, 0x01, 0x20, 0x00, 0xF0, 0xF4, 0xFF, 0x90, 0x20, 0x18, 0x80
	.byte 0x01, 0x20, 0x00, 0xF0, 0xEF, 0xFF, 0xC3, 0x20, 0x18, 0x80, 0x01, 0x20, 0x00, 0xF0, 0xEA, 0xFF
	.byte 0xDA, 0x20, 0x18, 0x80, 0x01, 0x20, 0x00, 0xF0, 0xE5, 0xFF, 0xDF, 0x20, 0x18, 0x80, 0x01, 0x20
	.byte 0x00, 0xF0, 0xE0, 0xFF, 0xE5, 0x20, 0x18, 0x80, 0x01, 0x20, 0x00, 0xF0, 0xDB, 0xFF, 0xF0, 0x20
	.byte 0x18, 0x80, 0x01, 0x20, 0x00, 0xF0, 0xD6, 0xFF, 0xF4, 0x20, 0x18, 0x80, 0x01, 0x20, 0x00, 0xF0
	.byte 0xD1, 0xFF, 0x12, 0x20, 0x18, 0x80, 0x02, 0x20, 0x00, 0xF0, 0xCC, 0xFF, 0x1E, 0x20, 0x18, 0x80
	.byte 0x02, 0x20, 0x00, 0xF0, 0xC7, 0xFF, 0x20, 0x20, 0x18, 0x80, 0x02, 0x20, 0x00, 0xF0, 0xC2, 0xFF
	.byte 0x24, 0x20, 0x18, 0x80, 0x02, 0x20, 0x00, 0xF0, 0xBD, 0xFF, 0x25, 0x20, 0x18, 0x80, 0x02, 0x20
	.byte 0x00, 0xF0, 0xB8, 0xFF, 0x2A, 0x20, 0x18, 0x80, 0x02, 0x20, 0x00, 0xF0, 0xB3, 0xFF, 0x34, 0x20
	.byte 0x18, 0x80, 0x02, 0x20, 0x00, 0xF0, 0xAE, 0xFF, 0x35, 0x20, 0x18, 0x80, 0x02, 0x20, 0x00, 0xF0
	.byte 0xA9, 0xFF, 0x3E, 0x20, 0x18, 0x80, 0x02, 0x20, 0x00, 0xF0, 0xA4, 0xFF, 0x4A, 0x20, 0x18, 0x80
	.byte 0x02, 0x20, 0x00, 0xF0, 0x9F, 0xFF, 0x72, 0x20, 0x18, 0x80, 0x02, 0x20, 0x00, 0xF0, 0x9A, 0xFF
	.byte 0x77, 0x20, 0x18, 0x80, 0x02, 0x20, 0x00, 0xF0, 0x95, 0xFF, 0xA0, 0x20, 0x18, 0x80, 0x02, 0x20
	.byte 0x00, 0xF0, 0x90, 0xFF, 0xCD, 0x20, 0x18, 0x80, 0x02, 0x20, 0x00, 0xF0, 0x8B, 0xFF, 0xD8, 0x20
	.byte 0x18, 0x80, 0x02, 0x20, 0x00, 0xF0, 0x86, 0xFF, 0xE4, 0x20, 0x18, 0x80, 0x02, 0x20, 0x00, 0xF0
	.byte 0x81, 0xFF, 0xEC, 0x20, 0x18, 0x80, 0x02, 0x20, 0x00, 0xF0, 0x7C, 0xFF, 0x07, 0x20, 0x18, 0x80
	.byte 0x03, 0x20, 0x00, 0xF0, 0x77, 0xFF, 0x08, 0x20, 0x18, 0x80, 0x03, 0x20, 0x00, 0xF0, 0x72, 0xFF
	.byte 0x0A, 0x20, 0x18, 0x80, 0x03, 0x20, 0x00, 0xF0, 0x6D, 0xFF, 0x0B, 0x20, 0x18, 0x80, 0x03, 0x20
	.byte 0x00, 0xF0, 0x68, 0xFF, 0x18, 0x20, 0x18, 0x80, 0x03, 0x20, 0x00, 0xF0, 0x63, 0xFF, 0x29, 0x20
	.byte 0x18, 0x80, 0x03, 0x20, 0x00, 0xF0, 0x5E, 0xFF, 0x43, 0x20, 0x18, 0x80, 0x03, 0x20, 0x00, 0xF0
	.byte 0x59, 0xFF, 0x44, 0x20, 0x18, 0x80, 0x03, 0x20, 0x00, 0xF0, 0x54, 0xFF, 0x52, 0x20, 0x18, 0x80
	.byte 0x03, 0x20, 0x00, 0xF0, 0x4F, 0xFF, 0x60, 0x20, 0x18, 0x80, 0x03, 0x20, 0x00, 0xF0, 0x4A, 0xFF
	.byte 0x6E, 0x20, 0x18, 0x80, 0x03, 0x20, 0x00, 0xF0, 0x45, 0xFF, 0x97, 0x20, 0x18, 0x80, 0x03, 0x20
	.byte 0x00, 0xF0, 0x40, 0xFF, 0xB0, 0x20, 0x18, 0x80, 0x03, 0x20, 0x00, 0xF0, 0x3B, 0xFF, 0xB7, 0x20
	.byte 0x18, 0x80, 0x03, 0x20, 0x00, 0xF0, 0x36, 0xFF, 0xC1, 0x20, 0x18, 0x80, 0x03, 0x20, 0x00, 0xF0
	.byte 0x31, 0xFF, 0xFF, 0x20, 0x20, 0x40, 0x40, 0x38, 0xBB, 0x28, 0x01, 0xD9, 0x00, 0xF0, 0x28, 0xFF
	.byte 0x80, 0x00, 0x02, 0x49, 0x40, 0x18, 0x00, 0x68, 0x87, 0x46, 0x00, 0x00, 0xC0, 0xAB, 0x06, 0x08
	.byte 0x3C, 0xAF, 0x06, 0x08, 0x00, 0xBA, 0x06, 0x08, 0x00, 0xBA, 0x06, 0x08, 0x00, 0xBA, 0x06, 0x08
	.byte 0x00, 0xBA, 0x06, 0x08, 0x00, 0xBA, 0x06, 0x08, 0x00, 0xBA, 0x06, 0x08, 0x00, 0xBA, 0x06, 0x08
	.byte 0x00, 0xBA, 0x06, 0x08, 0x00, 0xBA, 0x06, 0x08, 0x00, 0xBA, 0x06, 0x08, 0x74, 0xAF, 0x06, 0x08
	.byte 0x00, 0xBA, 0x06, 0x08, 0x00, 0xBA, 0x06, 0x08, 0x00, 0xBA, 0x06, 0x08, 0x00, 0xBA, 0x06, 0x08
	.byte 0x00, 0xBA, 0x06, 0x08, 0x00, 0xBA, 0x06, 0x08, 0x00, 0xBA, 0x06, 0x08, 0x00, 0xBA, 0x06, 0x08
	.byte 0x00, 0xBA, 0x06, 0x08, 0x00, 0xBA, 0x06, 0x08, 0x00, 0xBA, 0x06, 0x08, 0x00, 0xBA, 0x06, 0x08
	.byte 0x1E, 0xB0, 0x06, 0x08, 0x00, 0xBA, 0x06, 0x08, 0x00, 0xBA, 0x06, 0x08, 0x00, 0xBA, 0x06, 0x08
	.byte 0x14, 0xB0, 0x06, 0x08, 0x00, 0xBA, 0x06, 0x08, 0x00, 0xBA, 0x06, 0x08, 0x00, 0xBA, 0x06, 0x08
	.byte 0xC4, 0xAF, 0x06, 0x08, 0x00, 0xBA, 0x06, 0x08, 0x00, 0xBA, 0x06, 0x08, 0x00, 0xBA, 0x06, 0x08
	.byte 0x00, 0xBA, 0x06, 0x08, 0x00, 0xBA, 0x06, 0x08, 0x00, 0xBA, 0x06, 0x08, 0x00, 0xBA, 0x06, 0x08
	.byte 0x00, 0xBA, 0x06, 0x08, 0x6E, 0xAF, 0x06, 0x08, 0x00, 0xBA, 0x06, 0x08, 0x00, 0xBA, 0x06, 0x08
	.byte 0x00, 0xBA, 0x06, 0x08, 0x00, 0xBA, 0x06, 0x08, 0x00, 0xBA, 0x06, 0x08, 0x00, 0xBA, 0x06, 0x08
	.byte 0x00, 0xBA, 0x06, 0x08, 0x00, 0xBA, 0x06, 0x08, 0x00, 0xBA, 0x06, 0x08, 0xCE, 0xAE, 0x06, 0x08
	.byte 0x00, 0xBA, 0x06, 0x08, 0x00, 0xBA, 0x06, 0x08, 0x50, 0xAF, 0x06, 0x08, 0x00, 0xBA, 0x06, 0x08
	.byte 0x00, 0xBA, 0x06, 0x08, 0x00, 0xBA, 0x06, 0x08, 0x00, 0xBA, 0x06, 0x08, 0x00, 0xBA, 0x06, 0x08
	.byte 0xBA, 0xAE, 0x06, 0x08, 0x00, 0xBA, 0x06, 0x08, 0x00, 0xBA, 0x06, 0x08, 0x00, 0xBA, 0x06, 0x08
	.byte 0x00, 0xBA, 0x06, 0x08, 0x00, 0xBA, 0x06, 0x08, 0xD8, 0xAF, 0x06, 0x08, 0x00, 0xAF, 0x06, 0x08
	.byte 0x00, 0xBA, 0x06, 0x08, 0x00, 0xBA, 0x06, 0x08, 0x00, 0xBA, 0x06, 0x08, 0x00, 0xBA, 0x06, 0x08
	.byte 0x00, 0xBA, 0x06, 0x08, 0xA6, 0xAF, 0x06, 0x08, 0x00, 0xBA, 0x06, 0x08, 0x00, 0xBA, 0x06, 0x08
	.byte 0x00, 0xBA, 0x06, 0x08, 0x00, 0xBA, 0x06, 0x08, 0x00, 0xBA, 0x06, 0x08, 0x00, 0xBA, 0x06, 0x08
	.byte 0xF6, 0xAF, 0x06, 0x08, 0x00, 0xBA, 0x06, 0x08, 0x00, 0xBA, 0x06, 0x08, 0x00, 0xBA, 0x06, 0x08
	.byte 0x9C, 0xAF, 0x06, 0x08, 0xC4, 0xAE, 0x06, 0x08, 0x00, 0xBA, 0x06, 0x08, 0xEC, 0xAF, 0x06, 0x08
	.byte 0x00, 0xBA, 0x06, 0x08, 0x00, 0xBA, 0x06, 0x08, 0x92, 0xAF, 0x06, 0x08, 0x00, 0xBA, 0x06, 0x08
	.byte 0x00, 0xB0, 0x06, 0x08, 0x00, 0xBA, 0x06, 0x08, 0x00, 0xBA, 0x06, 0x08, 0x00, 0xBA, 0x06, 0x08
	.byte 0x14, 0xAF, 0x06, 0x08, 0xB0, 0xAF, 0x06, 0x08, 0x00, 0xBA, 0x06, 0x08, 0x00, 0xBA, 0x06, 0x08
	.byte 0x00, 0xBA, 0x06, 0x08, 0x00, 0xBA, 0x06, 0x08, 0x00, 0xBA, 0x06, 0x08, 0x00, 0xBA, 0x06, 0x08
	.byte 0xE2, 0xAE, 0x06, 0x08, 0x00, 0xBA, 0x06, 0x08, 0xB0, 0xAE, 0x06, 0x08, 0x00, 0xBA, 0x06, 0x08
	.byte 0x00, 0xBA, 0x06, 0x08, 0x00, 0xBA, 0x06, 0x08, 0x00, 0xBA, 0x06, 0x08, 0x00, 0xBA, 0x06, 0x08
	.byte 0x00, 0xBA, 0x06, 0x08, 0x00, 0xBA, 0x06, 0x08, 0x00, 0xBA, 0x06, 0x08, 0x00, 0xBA, 0x06, 0x08
	.byte 0x00, 0xBA, 0x06, 0x08, 0x7E, 0xAF, 0x06, 0x08, 0x28, 0xB0, 0x06, 0x08, 0x0A, 0xAF, 0x06, 0x08
	.byte 0x00, 0xBA, 0x06, 0x08, 0x00, 0xBA, 0x06, 0x08, 0x0A, 0xB0, 0x06, 0x08, 0x00, 0xBA, 0x06, 0x08
	.byte 0x00, 0xBA, 0x06, 0x08, 0x46, 0xAF, 0x06, 0x08, 0x00, 0xBA, 0x06, 0x08, 0x00, 0xBA, 0x06, 0x08
	.byte 0x00, 0xBA, 0x06, 0x08, 0x00, 0xBA, 0x06, 0x08, 0x1E, 0xAF, 0x06, 0x08, 0x00, 0xBA, 0x06, 0x08
	.byte 0x00, 0xBA, 0x06, 0x08, 0x00, 0xBA, 0x06, 0x08, 0x00, 0xBA, 0x06, 0x08, 0x00, 0xBA, 0x06, 0x08
	.byte 0x00, 0xBA, 0x06, 0x08, 0x00, 0xBA, 0x06, 0x08, 0xEC, 0xAE, 0x06, 0x08, 0x00, 0xBA, 0x06, 0x08
	.byte 0x00, 0xBA, 0x06, 0x08, 0x00, 0xBA, 0x06, 0x08, 0x00, 0xBA, 0x06, 0x08, 0xD8, 0xAE, 0x06, 0x08
	.byte 0xE2, 0xAF, 0x06, 0x08, 0x00, 0xBA, 0x06, 0x08, 0x32, 0xB0, 0x06, 0x08, 0x00, 0xBA, 0x06, 0x08
	.byte 0x64, 0xAF, 0x06, 0x08, 0x00, 0xBA, 0x06, 0x08, 0xBA, 0xAF, 0x06, 0x08, 0x00, 0xBA, 0x06, 0x08
	.byte 0x00, 0xBA, 0x06, 0x08, 0x00, 0xBA, 0x06, 0x08, 0x00, 0xBA, 0x06, 0x08, 0x00, 0xBA, 0x06, 0x08
	.byte 0x00, 0xBA, 0x06, 0x08, 0x00, 0xBA, 0x06, 0x08, 0x00, 0xBA, 0x06, 0x08, 0x00, 0xBA, 0x06, 0x08
	.byte 0x28, 0xAF, 0x06, 0x08, 0x00, 0xBA, 0x06, 0x08, 0x00, 0xBA, 0x06, 0x08, 0x00, 0xBA, 0x06, 0x08
	.byte 0x00, 0xBA, 0x06, 0x08, 0x00, 0xBA, 0x06, 0x08, 0x00, 0xBA, 0x06, 0x08, 0x00, 0xBA, 0x06, 0x08
	.byte 0x00, 0xBA, 0x06, 0x08, 0x00, 0xBA, 0x06, 0x08, 0x00, 0xBA, 0x06, 0x08, 0x00, 0xBA, 0x06, 0x08
	.byte 0x00, 0xBA, 0x06, 0x08, 0x00, 0xBA, 0x06, 0x08, 0x00, 0xBA, 0x06, 0x08, 0x00, 0xBA, 0x06, 0x08
	.byte 0x00, 0xBA, 0x06, 0x08, 0xCE, 0xAF, 0x06, 0x08, 0x00, 0xBA, 0x06, 0x08, 0x32, 0xAF, 0x06, 0x08
	.byte 0x00, 0xBA, 0x06, 0x08, 0x00, 0xBA, 0x06, 0x08, 0x00, 0xBA, 0x06, 0x08, 0x00, 0xBA, 0x06, 0x08
	.byte 0x5A, 0xAF, 0x06, 0x08, 0x00, 0xBA, 0x06, 0x08, 0x88, 0xAF, 0x06, 0x08, 0xF6, 0xAE, 0x06, 0x08
	.byte 0x10, 0x20, 0x18, 0x80, 0x01, 0x20, 0x00, 0xF0, 0xA5, 0xFD, 0x25, 0x20, 0x18, 0x80, 0x01, 0x20
	.byte 0x00, 0xF0, 0xA0, 0xFD, 0x55, 0x20, 0x18, 0x80, 0x01, 0x20, 0x00, 0xF0, 0x9B, 0xFD, 0x58, 0x20
	.byte 0x18, 0x80, 0x01, 0x20, 0x00, 0xF0, 0x96, 0xFD, 0x5C, 0x20, 0x18, 0x80, 0x01, 0x20, 0x00, 0xF0
	.byte 0x91, 0xFD, 0x60, 0x20, 0x18, 0x80, 0x01, 0x20, 0x00, 0xF0, 0x8C, 0xFD, 0x6D, 0x20, 0x18, 0x80
	.byte 0x01, 0x20, 0x00, 0xF0, 0x87, 0xFD, 0x6E, 0x20, 0x18, 0x80, 0x01, 0x20, 0x00, 0xF0, 0x82, 0xFD
	.byte 0x72, 0x20, 0x18, 0x80, 0x01, 0x20, 0x00, 0xF0, 0x7D, 0xFD, 0x73, 0x20, 0x18, 0x80, 0x01, 0x20
	.byte 0x00, 0xF0, 0x78, 0xFD, 0x76, 0x20, 0x18, 0x80, 0x01, 0x20, 0x00, 0xF0, 0x73, 0xFD, 0x7E, 0x20
	.byte 0x18, 0x80, 0x01, 0x20, 0x00, 0xF0, 0x6E, 0xFD, 0x92, 0x20, 0x18, 0x80, 0x01, 0x20, 0x00, 0xF0
	.byte 0x69, 0xFD, 0x93, 0x20, 0x18, 0x80, 0x01, 0x20, 0x00, 0xF0, 0x64, 0xFD, 0xA5, 0x20, 0x18, 0x80
	.byte 0x01, 0x20, 0x00, 0xF0, 0x5F, 0xFD, 0xAB, 0x20, 0x18, 0x80, 0x01, 0x20, 0x00, 0xF0, 0x5A, 0xFD
	.byte 0xBA, 0x20, 0x18, 0x80, 0x01, 0x20, 0x00, 0xF0, 0x55, 0xFD, 0xD5, 0x20, 0x18, 0x80, 0x01, 0x20
	.byte 0x00, 0xF0, 0x50, 0xFD, 0xF8, 0x20, 0x18, 0x80, 0x01, 0x20, 0x00, 0xF0, 0x4B, 0xFD, 0x02, 0x20
	.byte 0x00, 0xF0, 0x47, 0xFD, 0x10, 0x20, 0x18, 0x80, 0x02, 0x20, 0x00, 0xF0, 0x43, 0xFD, 0x38, 0x20
	.byte 0x18, 0x80, 0x02, 0x20, 0x00, 0xF0, 0x3E, 0xFD, 0x6E, 0x20, 0x18, 0x80, 0x02, 0x20, 0x00, 0xF0
	.byte 0x39, 0xFD, 0x74, 0x20, 0x18, 0x80, 0x02, 0x20, 0x00, 0xF0, 0x34, 0xFD, 0x7B, 0x20, 0x18, 0x80
	.byte 0x02, 0x20, 0x00, 0xF0, 0x2F, 0xFD, 0x9D, 0x20, 0x18, 0x80, 0x02, 0x20, 0x00, 0xF0, 0x2A, 0xFD
	.byte 0xAC, 0x20, 0x18, 0x80, 0x02, 0x20, 0x00, 0xF0, 0x25, 0xFD, 0xEA, 0x20, 0x18, 0x80, 0x02, 0x20
	.byte 0x00, 0xF0, 0x20, 0xFD, 0x04, 0x20, 0x18, 0x80, 0x03, 0x20, 0x00, 0xF0, 0x1B, 0xFD, 0x1B, 0x20
	.byte 0x18, 0x80, 0x03, 0x20, 0x00, 0xF0, 0x16, 0xFD, 0x26, 0x20, 0x18, 0x80, 0x03, 0x20, 0x00, 0xF0
	.byte 0x11, 0xFD, 0x3B, 0x20, 0x18, 0x80, 0x03, 0x20, 0x00, 0xF0, 0x0C, 0xFD, 0x3E, 0x20, 0x18, 0x80
	.byte 0x03, 0x20, 0x00, 0xF0, 0x07, 0xFD, 0x4B, 0x20, 0x18, 0x80, 0x03, 0x20, 0x00, 0xF0, 0x02, 0xFD
	.byte 0x57, 0x20, 0x18, 0x80, 0x03, 0x20, 0x00, 0xF0, 0xFD, 0xFC, 0x6F, 0x20, 0x18, 0x80, 0x03, 0x20
	.byte 0x00, 0xF0, 0xF8, 0xFC, 0x74, 0x20, 0x18, 0x80, 0x03, 0x20, 0x00, 0xF0, 0xF3, 0xFC, 0x9B, 0x20
	.byte 0x18, 0x80, 0x03, 0x20, 0x00, 0xF0, 0xEE, 0xFC, 0xA0, 0x20, 0x18, 0x80, 0x03, 0x20, 0x00, 0xF0
	.byte 0xE9, 0xFC, 0xC2, 0x20, 0x18, 0x80, 0x03, 0x20, 0x00, 0xF0, 0xE4, 0xFC, 0xFF, 0x20, 0x20, 0x40
	.byte 0x40, 0x38, 0xBB, 0x28, 0x01, 0xD9, 0x00, 0xF0, 0xDB, 0xFC, 0x80, 0x00, 0x01, 0x49, 0x40, 0x18
	.byte 0x00, 0x68, 0x87, 0x46, 0x58, 0xB0, 0x06, 0x08, 0x80, 0xB3, 0x06, 0x08, 0x00, 0xBA, 0x06, 0x08
	.byte 0x00, 0xBA, 0x06, 0x08, 0x00, 0xBA, 0x06, 0x08, 0x00, 0xBA, 0x06, 0x08, 0x00, 0xBA, 0x06, 0x08
	.byte 0x00, 0xBA, 0x06, 0x08, 0x00, 0xBA, 0x06, 0x08, 0x00, 0xBA, 0x06, 0x08, 0x00, 0xBA, 0x06, 0x08
	.byte 0x00, 0xBA, 0x06, 0x08, 0x60, 0xB4, 0x06, 0x08, 0x00, 0xBA, 0x06, 0x08, 0x00, 0xBA, 0x06, 0x08
	.byte 0x00, 0xBA, 0x06, 0x08, 0x00, 0xBA, 0x06, 0x08, 0x00, 0xBA, 0x06, 0x08, 0x00, 0xBA, 0x06, 0x08
	.byte 0x00, 0xBA, 0x06, 0x08, 0x00, 0xBA, 0x06, 0x08, 0x00, 0xBA, 0x06, 0x08, 0x00, 0xBA, 0x06, 0x08
	.byte 0x00, 0xBA, 0x06, 0x08, 0x28, 0xB4, 0x06, 0x08, 0x00, 0xBA, 0x06, 0x08, 0x48, 0xB3, 0x06, 0x08
	.byte 0x00, 0xBA, 0x06, 0x08, 0x00, 0xBA, 0x06, 0x08, 0xA0, 0xB3, 0x06, 0x08, 0xE0, 0xB3, 0x06, 0x08
	.byte 0x00, 0xBA, 0x06, 0x08, 0x00, 0xBA, 0x06, 0x08, 0x88, 0xB4, 0x06, 0x08, 0x00, 0xBA, 0x06, 0x08
	.byte 0x00, 0xBA, 0x06, 0x08, 0x00, 0xBA, 0x06, 0x08, 0x70, 0xB4, 0x06, 0x08, 0x00, 0xBA, 0x06, 0x08
	.byte 0x00, 0xBA, 0x06, 0x08, 0x00, 0xBA, 0x06, 0x08, 0xA8, 0xB4, 0x06, 0x08, 0x00, 0xBA, 0x06, 0x08
	.byte 0x00, 0xBA, 0x06, 0x08, 0x00, 0xBA, 0x06, 0x08, 0x60, 0xB3, 0x06, 0x08, 0x00, 0xBA, 0x06, 0x08
	.byte 0x00, 0xBA, 0x06, 0x08, 0x00, 0xBA, 0x06, 0x08, 0x00, 0xBA, 0x06, 0x08, 0x00, 0xBA, 0x06, 0x08
	.byte 0x00, 0xBA, 0x06, 0x08, 0x00, 0xBA, 0x06, 0x08, 0x00, 0xBA, 0x06, 0x08, 0x00, 0xBA, 0x06, 0x08
	.byte 0x00, 0xBA, 0x06, 0x08, 0x00, 0xBA, 0x06, 0x08, 0x00, 0xBA, 0x06, 0x08, 0x00, 0xBA, 0x06, 0x08
	.byte 0x00, 0xBA, 0x06, 0x08, 0x70, 0xB3, 0x06, 0x08, 0x00, 0xBA, 0x06, 0x08, 0x00, 0xBA, 0x06, 0x08
	.byte 0x00, 0xBA, 0x06, 0x08, 0x00, 0xBA, 0x06, 0x08, 0x00, 0xBA, 0x06, 0x08, 0x00, 0xBA, 0x06, 0x08
	.byte 0x50, 0xB3, 0x06, 0x08, 0x00, 0xBA, 0x06, 0x08, 0x00, 0xBA, 0x06, 0x08, 0x00, 0xBA, 0x06, 0x08
	.byte 0x00, 0xBA, 0x06, 0x08, 0xA0, 0xB4, 0x06, 0x08, 0x08, 0xB4, 0x06, 0x08, 0x00, 0xBA, 0x06, 0x08
	.byte 0x00, 0xBA, 0x06, 0x08, 0x00, 0xBA, 0x06, 0x08, 0x00, 0xBA, 0x06, 0x08, 0x00, 0xBA, 0x06, 0x08
	.byte 0x00, 0xBA, 0x06, 0x08, 0x00, 0xBA, 0x06, 0x08, 0x00, 0xBA, 0x06, 0x08, 0x00, 0xBA, 0x06, 0x08
	.byte 0x00, 0xBA, 0x06, 0x08, 0x00, 0xBA, 0x06, 0x08, 0x00, 0xBA, 0x06, 0x08, 0x00, 0xBA, 0x06, 0x08
	.byte 0x20, 0xB4, 0x06, 0x08, 0x00, 0xBA, 0x06, 0x08, 0x00, 0xBA, 0x06, 0x08, 0x00, 0xBA, 0x06, 0x08
	.byte 0x00, 0xBA, 0x06, 0x08, 0x00, 0xBA, 0x06, 0x08, 0x30, 0xB4, 0x06, 0x08, 0x00, 0xBA, 0x06, 0x08
	.byte 0x88, 0xB3, 0x06, 0x08, 0x00, 0xBA, 0x06, 0x08, 0x00, 0xBA, 0x06, 0x08, 0xB0, 0xB3, 0x06, 0x08
	.byte 0x58, 0xB4, 0x06, 0x08, 0x00, 0xBA, 0x06, 0x08, 0x00, 0xBA, 0x06, 0x08, 0x00, 0xBA, 0x06, 0x08
	.byte 0x00, 0xBA, 0x06, 0x08, 0x48, 0xB4, 0x06, 0x08, 0x00, 0xBA, 0x06, 0x08, 0x00, 0xBA, 0x06, 0x08
	.byte 0x00, 0xBA, 0x06, 0x08, 0x00, 0xBA, 0x06, 0x08, 0x00, 0xBA, 0x06, 0x08, 0xE8, 0xB3, 0x06, 0x08
	.byte 0x00, 0xBA, 0x06, 0x08, 0x00, 0xBA, 0x06, 0x08, 0x58, 0xB3, 0x06, 0x08, 0x00, 0xBA, 0x06, 0x08
	.byte 0xC0, 0xB3, 0x06, 0x08, 0xA8, 0xB3, 0x06, 0x08, 0x00, 0xBA, 0x06, 0x08, 0x00, 0xBA, 0x06, 0x08
	.byte 0x00, 0xBA, 0x06, 0x08, 0x00, 0xBA, 0x06, 0x08, 0x00, 0xBA, 0x06, 0x08, 0x00, 0xBA, 0x06, 0x08
	.byte 0x80, 0xB4, 0x06, 0x08, 0x18, 0xB4, 0x06, 0x08, 0xB8, 0xB3, 0x06, 0x08, 0x68, 0xB3, 0x06, 0x08
	.byte 0x78, 0xB3, 0x06, 0x08, 0x00, 0xBA, 0x06, 0x08, 0x00, 0xB4, 0x06, 0x08, 0x00, 0xBA, 0x06, 0x08
	.byte 0x38, 0xB4, 0x06, 0x08, 0x00, 0xBA, 0x06, 0x08, 0x00, 0xBA, 0x06, 0x08, 0x78, 0xB4, 0x06, 0x08
	.byte 0x00, 0xBA, 0x06, 0x08, 0x00, 0xBA, 0x06, 0x08, 0x00, 0xBA, 0x06, 0x08, 0x00, 0xBA, 0x06, 0x08
	.byte 0xF8, 0xB3, 0x06, 0x08, 0x00, 0xBA, 0x06, 0x08, 0x00, 0xBA, 0x06, 0x08, 0x00, 0xBA, 0x06, 0x08
	.byte 0x00, 0xBA, 0x06, 0x08, 0x00, 0xBA, 0x06, 0x08, 0x00, 0xBA, 0x06, 0x08, 0x00, 0xBA, 0x06, 0x08
	.byte 0x00, 0xBA, 0x06, 0x08, 0x00, 0xBA, 0x06, 0x08, 0x00, 0xBA, 0x06, 0x08, 0x00, 0xBA, 0x06, 0x08
	.byte 0x00, 0xBA, 0x06, 0x08, 0x00, 0xBA, 0x06, 0x08, 0x90, 0xB4, 0x06, 0x08, 0x90, 0xB3, 0x06, 0x08
	.byte 0xF0, 0xB3, 0x06, 0x08, 0x00, 0xBA, 0x06, 0x08, 0x00, 0xBA, 0x06, 0x08, 0x00, 0xBA, 0x06, 0x08
	.byte 0x00, 0xBA, 0x06, 0x08, 0xD0, 0xB3, 0x06, 0x08, 0x00, 0xBA, 0x06, 0x08, 0x00, 0xBA, 0x06, 0x08
	.byte 0xC8, 0xB3, 0x06, 0x08, 0x00, 0xBA, 0x06, 0x08, 0x00, 0xBA, 0x06, 0x08, 0x00, 0xBA, 0x06, 0x08
	.byte 0x00, 0xBA, 0x06, 0x08, 0x00, 0xBA, 0x06, 0x08, 0x00, 0xBA, 0x06, 0x08, 0x68, 0xB4, 0x06, 0x08
	.byte 0x00, 0xBA, 0x06, 0x08, 0x00, 0xBA, 0x06, 0x08, 0x10, 0xB4, 0x06, 0x08, 0x00, 0xBA, 0x06, 0x08
	.byte 0x00, 0xBA, 0x06, 0x08, 0x00, 0xBA, 0x06, 0x08, 0x40, 0xB4, 0x06, 0x08, 0x98, 0xB3, 0x06, 0x08
	.byte 0xD8, 0xB3, 0x06, 0x08, 0x50, 0xB4, 0x06, 0x08, 0x00, 0xBA, 0x06, 0x08, 0x00, 0xBA, 0x06, 0x08
	.byte 0x00, 0xBA, 0x06, 0x08, 0x00, 0xBA, 0x06, 0x08, 0x00, 0xBA, 0x06, 0x08, 0x00, 0xBA, 0x06, 0x08
	.byte 0x00, 0xBA, 0x06, 0x08, 0x98, 0xB4, 0x06, 0x08, 0x05, 0x20, 0x18, 0x80, 0x01, 0x20, 0x59, 0xE3
	.byte 0x13, 0x20, 0x18, 0x80, 0x01, 0x20, 0x55, 0xE3, 0x18, 0x20, 0x18, 0x80, 0x01, 0x20, 0x51, 0xE3
	.byte 0x24, 0x20, 0x18, 0x80, 0x01, 0x20, 0x4D, 0xE3, 0x33, 0x20, 0x18, 0x80, 0x01, 0x20, 0x49, 0xE3
	.byte 0x47, 0x20, 0x18, 0x80, 0x01, 0x20, 0x45, 0xE3, 0x71, 0x20, 0x18, 0x80, 0x01, 0x20, 0x41, 0xE3
	.byte 0x7D, 0x20, 0x18, 0x80, 0x01, 0x20, 0x3D, 0xE3, 0x83, 0x20, 0x18, 0x80, 0x01, 0x20, 0x39, 0xE3
	.byte 0x8E, 0x20, 0x18, 0x80, 0x01, 0x20, 0x35, 0xE3, 0xA2, 0x20, 0x18, 0x80, 0x01, 0x20, 0x31, 0xE3
	.byte 0xAA, 0x20, 0x18, 0x80, 0x01, 0x20, 0x2D, 0xE3, 0xB0, 0x20, 0x18, 0x80, 0x01, 0x20, 0x29, 0xE3
	.byte 0xBE, 0x20, 0x18, 0x80, 0x01, 0x20, 0x25, 0xE3, 0xC1, 0x20, 0x18, 0x80, 0x01, 0x20, 0x21, 0xE3
	.byte 0xD1, 0x20, 0x18, 0x80, 0x01, 0x20, 0x1D, 0xE3, 0xD3, 0x20, 0x18, 0x80, 0x01, 0x20, 0x19, 0xE3
	.byte 0xF2, 0x20, 0x18, 0x80, 0x01, 0x20, 0x15, 0xE3, 0xF3, 0x20, 0x18, 0x80, 0x01, 0x20, 0x11, 0xE3
	.byte 0x00, 0x20, 0x18, 0x80, 0x02, 0x20, 0x0D, 0xE3, 0x0E, 0x20, 0x18, 0x80, 0x02, 0x20, 0x09, 0xE3
	.byte 0x4F, 0x20, 0x18, 0x80, 0x02, 0x20, 0x05, 0xE3, 0x5E, 0x20, 0x18, 0x80, 0x02, 0x20, 0x01, 0xE3
	.byte 0x7D, 0x20, 0x18, 0x80, 0x02, 0x20, 0xFD, 0xE2, 0x82, 0x20, 0x18, 0x80, 0x02, 0x20, 0xF9, 0xE2
	.byte 0xA1, 0x20, 0x18, 0x80, 0x02, 0x20, 0xF5, 0xE2, 0xA3, 0x20, 0x18, 0x80, 0x02, 0x20, 0xF1, 0xE2
	.byte 0xA7, 0x20, 0x18, 0x80, 0x02, 0x20, 0xED, 0xE2, 0xAE, 0x20, 0x18, 0x80, 0x02, 0x20, 0xE9, 0xE2
	.byte 0xB9, 0x20, 0x18, 0x80, 0x02, 0x20, 0xE5, 0xE2, 0xC5, 0x20, 0x18, 0x80, 0x02, 0x20, 0xE1, 0xE2
	.byte 0xD9, 0x20, 0x18, 0x80, 0x02, 0x20, 0xDD, 0xE2, 0xFD, 0x20, 0x18, 0x80, 0x02, 0x20, 0xD9, 0xE2
	.byte 0x12, 0x20, 0x18, 0x80, 0x03, 0x20, 0xD5, 0xE2, 0x1D, 0x20, 0x18, 0x80, 0x03, 0x20, 0xD1, 0xE2
	.byte 0x21, 0x20, 0x18, 0x80, 0x03, 0x20, 0xCD, 0xE2, 0x24, 0x20, 0x18, 0x80, 0x03, 0x20, 0xC9, 0xE2
	.byte 0x34, 0x20, 0x18, 0x80, 0x03, 0x20, 0xC5, 0xE2, 0x35, 0x20, 0x18, 0x80, 0x03, 0x20, 0xC1, 0xE2
	.byte 0x36, 0x20, 0x18, 0x80, 0x03, 0x20, 0xBD, 0xE2, 0x5B, 0x20, 0x18, 0x80, 0x03, 0x20, 0xB9, 0xE2
	.byte 0x75, 0x20, 0x18, 0x80, 0x03, 0x20, 0xB5, 0xE2, 0x78, 0x20, 0x18, 0x80, 0x03, 0x20, 0xB1, 0xE2
	.byte 0x8F, 0x20, 0x18, 0x80, 0x03, 0x20, 0xAD, 0xE2, 0xC7, 0x20, 0x18, 0x80, 0x03, 0x20, 0xA9, 0xE2
	.byte 0xFF, 0x20, 0x20, 0x40, 0x44, 0x38, 0xA3, 0x28, 0x00, 0xD9, 0xA1, 0xE2, 0x80, 0x00, 0x02, 0x49
	.byte 0x40, 0x18, 0x00, 0x68, 0x87, 0x46, 0x00, 0x00, 0xCC, 0xB4, 0x06, 0x08, 0xB4, 0xB7, 0x06, 0x08
	.byte 0x64, 0xB7, 0x06, 0x08, 0x6C, 0xB7, 0x06, 0x08, 0x00, 0xBA, 0x06, 0x08, 0x00, 0xBA, 0x06, 0x08
	.byte 0x00, 0xBA, 0x06, 0x08, 0x00, 0xBA, 0x06, 0x08, 0x00, 0xBA, 0x06, 0x08, 0x34, 0xB8, 0x06, 0x08
	.byte 0x00, 0xBA, 0x06, 0x08, 0x00, 0xBA, 0x06, 0x08, 0x00, 0xBA, 0x06, 0x08, 0x00, 0xBA, 0x06, 0x08
	.byte 0x00, 0xBA, 0x06, 0x08, 0xAC, 0xB7, 0x06, 0x08, 0x00, 0xBA, 0x06, 0x08, 0x00, 0xBA, 0x06, 0x08
	.byte 0x00, 0xBA, 0x06, 0x08, 0x14, 0xB8, 0x06, 0x08, 0x00, 0xBA, 0x06, 0x08, 0x00, 0xBA, 0x06, 0x08
	.byte 0x1C, 0xB8, 0x06, 0x08, 0x00, 0xBA, 0x06, 0x08, 0x00, 0xBA, 0x06, 0x08, 0xC4, 0xB7, 0x06, 0x08
	.byte 0x00, 0xBA, 0x06, 0x08, 0x6C, 0xB8, 0x06, 0x08, 0x00, 0xBA, 0x06, 0x08, 0x00, 0xBA, 0x06, 0x08
	.byte 0x00, 0xBA, 0x06, 0x08, 0x00, 0xBA, 0x06, 0x08, 0x4C, 0xB8, 0x06, 0x08, 0x84, 0xB8, 0x06, 0x08
	.byte 0x00, 0xBA, 0x06, 0x08, 0x00, 0xBA, 0x06, 0x08, 0x00, 0xBA, 0x06, 0x08, 0x04, 0xB8, 0x06, 0x08
	.byte 0x00, 0xBA, 0x06, 0x08, 0x00, 0xBA, 0x06, 0x08, 0x00, 0xBA, 0x06, 0x08, 0x74, 0xB7, 0x06, 0x08
	.byte 0x00, 0xBA, 0x06, 0x08, 0xB4, 0xB8, 0x06, 0x08, 0x00, 0xBA, 0x06, 0x08, 0x8C, 0xB7, 0x06, 0x08
	.byte 0x00, 0xBA, 0x06, 0x08, 0x00, 0xBA, 0x06, 0x08, 0x00, 0xBA, 0x06, 0x08, 0xEC, 0xB7, 0x06, 0x08
	.byte 0x00, 0xBA, 0x06, 0x08, 0xDC, 0xB7, 0x06, 0x08, 0x00, 0xBA, 0x06, 0x08, 0x00, 0xBA, 0x06, 0x08
	.byte 0x94, 0xB7, 0x06, 0x08, 0x7C, 0xB8, 0x06, 0x08, 0x00, 0xBA, 0x06, 0x08, 0x00, 0xBA, 0x06, 0x08
	.byte 0x00, 0xBA, 0x06, 0x08, 0x00, 0xBA, 0x06, 0x08, 0x00, 0xBA, 0x06, 0x08, 0x00, 0xBA, 0x06, 0x08
	.byte 0x00, 0xBA, 0x06, 0x08, 0x00, 0xBA, 0x06, 0x08, 0x64, 0xB8, 0x06, 0x08, 0x00, 0xBA, 0x06, 0x08
	.byte 0x00, 0xBA, 0x06, 0x08, 0x00, 0xBA, 0x06, 0x08, 0x00, 0xBA, 0x06, 0x08, 0x84, 0xB7, 0x06, 0x08
	.byte 0x00, 0xBA, 0x06, 0x08, 0xE4, 0xB7, 0x06, 0x08, 0x94, 0xB8, 0x06, 0x08, 0x00, 0xBA, 0x06, 0x08
	.byte 0x00, 0xBA, 0x06, 0x08, 0xF4, 0xB7, 0x06, 0x08, 0x00, 0xBA, 0x06, 0x08, 0x24, 0xB8, 0x06, 0x08
	.byte 0x00, 0xBA, 0x06, 0x08, 0x00, 0xBA, 0x06, 0x08, 0x00, 0xBA, 0x06, 0x08, 0x00, 0xBA, 0x06, 0x08
	.byte 0x00, 0xBA, 0x06, 0x08, 0x00, 0xBA, 0x06, 0x08, 0x00, 0xBA, 0x06, 0x08, 0xD4, 0xB7, 0x06, 0x08
	.byte 0x00, 0xBA, 0x06, 0x08, 0x00, 0xBA, 0x06, 0x08, 0x00, 0xBA, 0x06, 0x08, 0x00, 0xBA, 0x06, 0x08
	.byte 0xA4, 0xB7, 0x06, 0x08, 0x00, 0xBA, 0x06, 0x08, 0x00, 0xBA, 0x06, 0x08, 0x54, 0xB8, 0x06, 0x08
	.byte 0x00, 0xBA, 0x06, 0x08, 0x00, 0xBA, 0x06, 0x08, 0xCC, 0xB7, 0x06, 0x08, 0x00, 0xBA, 0x06, 0x08
	.byte 0x00, 0xBA, 0x06, 0x08, 0xAC, 0xB8, 0x06, 0x08, 0xFC, 0xB7, 0x06, 0x08, 0x00, 0xBA, 0x06, 0x08
	.byte 0x00, 0xBA, 0x06, 0x08, 0x9C, 0xB8, 0x06, 0x08, 0x00, 0xBA, 0x06, 0x08, 0x5C, 0xB8, 0x06, 0x08
	.byte 0x00, 0xBA, 0x06, 0x08, 0x00, 0xBA, 0x06, 0x08, 0x00, 0xBA, 0x06, 0x08, 0x00, 0xBA, 0x06, 0x08
	.byte 0x00, 0xBA, 0x06, 0x08, 0x00, 0xBA, 0x06, 0x08, 0x00, 0xBA, 0x06, 0x08, 0x00, 0xBA, 0x06, 0x08
	.byte 0x00, 0xBA, 0x06, 0x08, 0x00, 0xBA, 0x06, 0x08, 0x44, 0xB8, 0x06, 0x08, 0x00, 0xBA, 0x06, 0x08
	.byte 0x8C, 0xB8, 0x06, 0x08, 0x00, 0xBA, 0x06, 0x08, 0x00, 0xBA, 0x06, 0x08, 0x74, 0xB8, 0x06, 0x08
	.byte 0x00, 0xBA, 0x06, 0x08, 0x00, 0xBA, 0x06, 0x08, 0x00, 0xBA, 0x06, 0x08, 0x00, 0xBA, 0x06, 0x08
	.byte 0x00, 0xBA, 0x06, 0x08, 0x00, 0xBA, 0x06, 0x08, 0x00, 0xBA, 0x06, 0x08, 0x00, 0xBA, 0x06, 0x08
	.byte 0x00, 0xBA, 0x06, 0x08, 0x00, 0xBA, 0x06, 0x08, 0x9C, 0xB7, 0x06, 0x08, 0x00, 0xBA, 0x06, 0x08
	.byte 0x00, 0xBA, 0x06, 0x08, 0xA4, 0xB8, 0x06, 0x08, 0x00, 0xBA, 0x06, 0x08, 0x00, 0xBA, 0x06, 0x08
	.byte 0xBC, 0xB7, 0x06, 0x08, 0x00, 0xBA, 0x06, 0x08, 0x00, 0xBA, 0x06, 0x08, 0x00, 0xBA, 0x06, 0x08
	.byte 0x00, 0xBA, 0x06, 0x08, 0x00, 0xBA, 0x06, 0x08, 0x00, 0xBA, 0x06, 0x08, 0x00, 0xBA, 0x06, 0x08
	.byte 0x00, 0xBA, 0x06, 0x08, 0x00, 0xBA, 0x06, 0x08, 0x00, 0xBA, 0x06, 0x08, 0x00, 0xBA, 0x06, 0x08
	.byte 0x00, 0xBA, 0x06, 0x08, 0x00, 0xBA, 0x06, 0x08, 0x00, 0xBA, 0x06, 0x08, 0x00, 0xBA, 0x06, 0x08
	.byte 0x00, 0xBA, 0x06, 0x08, 0x3C, 0xB8, 0x06, 0x08, 0x7C, 0xB7, 0x06, 0x08, 0x00, 0xBA, 0x06, 0x08
	.byte 0x5C, 0xB7, 0x06, 0x08, 0x2C, 0xB8, 0x06, 0x08, 0x00, 0xBA, 0x06, 0x08, 0x00, 0xBA, 0x06, 0x08
	.byte 0x00, 0xBA, 0x06, 0x08, 0x00, 0xBA, 0x06, 0x08, 0x0C, 0xB8, 0x06, 0x08, 0x07, 0x20, 0x18, 0x80
	.byte 0x01, 0x20, 0x4F, 0xE1, 0x14, 0x20, 0x18, 0x80, 0x01, 0x20, 0x4B, 0xE1, 0x22, 0x20, 0x18, 0x80
	.byte 0x01, 0x20, 0x47, 0xE1, 0x32, 0x20, 0x18, 0x80, 0x01, 0x20, 0x43, 0xE1, 0x34, 0x20, 0x18, 0x80
	.byte 0x01, 0x20, 0x3F, 0xE1, 0x38, 0x20, 0x18, 0x80, 0x01, 0x20, 0x3B, 0xE1, 0x3C, 0x20, 0x18, 0x80
	.byte 0x01, 0x20, 0x37, 0xE1, 0x4E, 0x20, 0x18, 0x80, 0x01, 0x20, 0x33, 0xE1, 0x63, 0x20, 0x18, 0x80
	.byte 0x01, 0x20, 0x2F, 0xE1, 0x8C, 0x20, 0x18, 0x80, 0x01, 0x20, 0x2B, 0xE1, 0x8D, 0x20, 0x18, 0x80
	.byte 0x01, 0x20, 0x27, 0xE1, 0x9A, 0x20, 0x18, 0x80, 0x01, 0x20, 0x23, 0xE1, 0x9F, 0x20, 0x18, 0x80
	.byte 0x01, 0x20, 0x1F, 0xE1, 0xA6, 0x20, 0x18, 0x80, 0x01, 0x20, 0x1B, 0xE1, 0xAE, 0x20, 0x18, 0x80
	.byte 0x01, 0x20, 0x17, 0xE1, 0xC0, 0x20, 0x18, 0x80, 0x01, 0x20, 0x13, 0xE1, 0xED, 0x20, 0x18, 0x80
	.byte 0x01, 0x20, 0x0F, 0xE1, 0x0B, 0x20, 0x18, 0x80, 0x02, 0x20, 0x0B, 0xE1, 0x4D, 0x20, 0x18, 0x80
	.byte 0x02, 0x20, 0x07, 0xE1, 0x5D, 0x20, 0x18, 0x80, 0x02, 0x20, 0x03, 0xE1, 0x5F, 0x20, 0x18, 0x80
	.byte 0x02, 0x20, 0xFF, 0xE0, 0x76, 0x20, 0x18, 0x80, 0x02, 0x20, 0xFB, 0xE0, 0x80, 0x20, 0x18, 0x80
	.byte 0x02, 0x20, 0xF7, 0xE0, 0x84, 0x20, 0x18, 0x80, 0x02, 0x20, 0xF3, 0xE0, 0x9C, 0x20, 0x18, 0x80
	.byte 0x02, 0x20, 0xEF, 0xE0, 0xB5, 0x20, 0x18, 0x80, 0x02, 0x20, 0xEB, 0xE0, 0xC1, 0x20, 0x18, 0x80
	.byte 0x02, 0x20, 0xE7, 0xE0, 0xF1, 0x20, 0x18, 0x80, 0x02, 0x20, 0xE3, 0xE0, 0xF7, 0x20, 0x18, 0x80
	.byte 0x02, 0x20, 0xDF, 0xE0, 0xF9, 0x20, 0x18, 0x80, 0x02, 0x20, 0xDB, 0xE0, 0x11, 0x20, 0x18, 0x80
	.byte 0x03, 0x20, 0xD7, 0xE0, 0x1E, 0x20, 0x18, 0x80, 0x03, 0x20, 0xD3, 0xE0, 0x22, 0x20, 0x18, 0x80
	.byte 0x03, 0x20, 0xCF, 0xE0, 0x3C, 0x20, 0x18, 0x80, 0x03, 0x20, 0xCB, 0xE0, 0x40, 0x20, 0x18, 0x80
	.byte 0x03, 0x20, 0xC7, 0xE0, 0x4F, 0x20, 0x18, 0x80, 0x03, 0x20, 0xC3, 0xE0, 0x70, 0x20, 0x18, 0x80
	.byte 0x03, 0x20, 0xBF, 0xE0, 0x73, 0x20, 0x18, 0x80, 0x03, 0x20, 0xBB, 0xE0, 0x90, 0x20, 0x18, 0x80
	.byte 0x03, 0x20, 0xB7, 0xE0, 0x9C, 0x20, 0x18, 0x80, 0x03, 0x20, 0xB3, 0xE0, 0xAE, 0x20, 0x18, 0x80
	.byte 0x03, 0x20, 0xAF, 0xE0, 0xB4, 0x20, 0x18, 0x80, 0x03, 0x20, 0xAB, 0xE0, 0xB6, 0x20, 0x18, 0x80
	.byte 0x03, 0x20, 0xA7, 0xE0, 0xC6, 0x20, 0x18, 0x80, 0x03, 0x20, 0xA3, 0xE0, 0xFF, 0x20, 0x20, 0x40
	.byte 0x41, 0x38, 0x31, 0x28, 0x00, 0xD9, 0x9B, 0xE0, 0x80, 0x00, 0x02, 0x49, 0x40, 0x18, 0x00, 0x68
	.byte 0x87, 0x46, 0x00, 0x00, 0xD8, 0xB8, 0x06, 0x08, 0xA0, 0xB9, 0x06, 0x08, 0xE0, 0xB9, 0x06, 0x08
	.byte 0x00, 0xBA, 0x06, 0x08, 0x00, 0xBA, 0x06, 0x08, 0x00, 0xBA, 0x06, 0x08, 0x00, 0xBA, 0x06, 0x08
	.byte 0x00, 0xBA, 0x06, 0x08, 0xD8, 0xB9, 0x06, 0x08, 0x00, 0xBA, 0x06, 0x08, 0x00, 0xBA, 0x06, 0x08
	.byte 0x00, 0xBA, 0x06, 0x08, 0x00, 0xBA, 0x06, 0x08, 0x00, 0xBA, 0x06, 0x08, 0x00, 0xBA, 0x06, 0x08
	.byte 0x00, 0xBA, 0x06, 0x08, 0x00, 0xBA, 0x06, 0x08, 0x00, 0xBA, 0x06, 0x08, 0x00, 0xBA, 0x06, 0x08
	.byte 0x00, 0xBA, 0x06, 0x08, 0x00, 0xBA, 0x06, 0x08, 0x00, 0xBA, 0x06, 0x08, 0x00, 0xBA, 0x06, 0x08
	.byte 0x00, 0xBA, 0x06, 0x08, 0x00, 0xBA, 0x06, 0x08, 0xC0, 0xB9, 0x06, 0x08, 0x00, 0xBA, 0x06, 0x08
	.byte 0x00, 0xBA, 0x06, 0x08, 0x00, 0xBA, 0x06, 0x08, 0x00, 0xBA, 0x06, 0x08, 0xB0, 0xB9, 0x06, 0x08
	.byte 0x00, 0xBA, 0x06, 0x08, 0x00, 0xBA, 0x06, 0x08, 0xE8, 0xB9, 0x06, 0x08, 0xA8, 0xB9, 0x06, 0x08
	.byte 0xB8, 0xB9, 0x06, 0x08, 0x00, 0xBA, 0x06, 0x08, 0x00, 0xBA, 0x06, 0x08, 0xC8, 0xB9, 0x06, 0x08
	.byte 0x00, 0xBA, 0x06, 0x08, 0x00, 0xBA, 0x06, 0x08, 0x00, 0xBA, 0x06, 0x08, 0x00, 0xBA, 0x06, 0x08
	.byte 0x00, 0xBA, 0x06, 0x08, 0x00, 0xBA, 0x06, 0x08, 0x00, 0xBA, 0x06, 0x08, 0x00, 0xBA, 0x06, 0x08
	.byte 0x00, 0xBA, 0x06, 0x08, 0x00, 0xBA, 0x06, 0x08, 0x00, 0xBA, 0x06, 0x08, 0xD0, 0xB9, 0x06, 0x08
	.byte 0x3A, 0x20, 0x18, 0x80, 0x01, 0x20, 0x2D, 0xE0, 0x77, 0x20, 0x18, 0x80, 0x01, 0x20, 0x29, 0xE0
	.byte 0xEA, 0x20, 0x18, 0x80, 0x01, 0x20, 0x25, 0xE0, 0xEE, 0x20, 0x18, 0x80, 0x01, 0x20, 0x21, 0xE0
	.byte 0xA2, 0x20, 0x18, 0x80, 0x02, 0x20, 0x1D, 0xE0, 0xBC, 0x20, 0x18, 0x80, 0x02, 0x20, 0x19, 0xE0
	.byte 0x85, 0x20, 0x18, 0x80, 0x03, 0x20, 0x15, 0xE0, 0x8D, 0x20, 0x18, 0x80, 0x03, 0x20, 0x11, 0xE0
	.byte 0xA8, 0x20, 0x18, 0x80, 0x03, 0x20, 0x0D, 0xE0, 0xB1, 0x20, 0x18, 0x80, 0x03, 0x20, 0x09, 0xE0
	.byte 0xFF, 0x20, 0x20, 0x40, 0xC9, 0x28, 0x03, 0xD1, 0xD2, 0x20, 0x18, 0x80, 0x01, 0x20, 0x01, 0xE0
	.byte 0x00, 0x20, 0x18, 0x80, 0x10, 0x70, 0x30, 0xBC, 0x01, 0xBC, 0x00, 0x47
	thumb_func_start func_0806BA0C
func_0806BA0C: @ 0806BA0C
	push {r4, r5, r6, r7, lr}
	mov r7, r9
	mov r6, r8
	push {r6, r7}
	mov r9, r1
	movs r7, #0x00
	lsls r0, r0, #0x10
	asrs r0, r0, #0x10
	cmp r0, #0x00
	blt _0806BA66
	movs r5, #0xFA
	lsls r5, r5, #0x02
	movs r1, #0x00
	mov r8, r0
_0806BA28:
	lsls r4, r1, #0x10
	asrs r4, r4, #0x10
	mov r0, r9
	adds r6, r0, r4
	lsls r5, r5, #0x10
	asrs r5, r5, #0x10
	mov r0, r8
	adds r1, r5, #0x0
	bl func_0811D5EC
	subs r0, r0, r7
	strb r0, [r6, #0x00]
	lsls r1, r7, #0x10
	asrs r1, r1, #0x10
	adds r1, r1, r0
	lsls r0, r1, #0x02
	adds r0, r0, r1
	lsls r0, r0, #0x11
	lsrs r7, r0, #0x10
	adds r0, r5, #0x0
	movs r1, #0x0A
	bl func_0811D5EC
	lsls r0, r0, #0x10
	lsrs r5, r0, #0x10
	adds r4, #0x01
	lsls r4, r4, #0x10
	lsrs r1, r4, #0x10
	asrs r4, r4, #0x10
	cmp r4, #0x03
	ble _0806BA28
_0806BA66:
	pop {r3, r4}
	mov r8, r3
	mov r9, r4
	pop {r4, r5, r6, r7}
	pop {r0}
	bx r0
	.byte 0x00, 0x00
	thumb_func_start func_0806BA74
func_0806BA74: @ 0806BA74
	push {r4, r5, r6, r7, lr}
	mov r7, r8
	push {r7}
	adds r6, r0, #0x0
	mov r8, r1
	ldr r4, _0806BAB0 @ =0x02034A88
	movs r0, #0xC0
	lsls r0, r0, #0x04
	bl func_08000918
	str r0, [r4, #0x00]
	adds r5, r4, #0x0
	movs r4, #0x00
	movs r7, #0x7F
_0806BA90:
	ldr r0, [r5, #0x00]
	adds r0, r4, r0
	movs r1, #0x00
	str r1, [r0, #0x00]
	str r1, [r0, #0x04]
	str r1, [r0, #0x08]
	str r1, [r0, #0x0C]
	str r1, [r0, #0x10]
	strb r1, [r0, #0x15]
	cmp r6, #0x01
	beq _0806BAC4
	cmp r6, #0x01
	bgt _0806BAB4
	cmp r6, #0x00
	beq _0806BABA
	b _0806BADA
_0806BAB0: .4byte 0x02034A88
_0806BAB4:
	cmp r6, #0x02
	beq _0806BACC
	b _0806BADA
_0806BABA:
	ldr r0, _0806BAC0 @ =0x09614758
	b _0806BACE
	.byte 0x00, 0x00
_0806BAC0: .4byte 0x09614758
_0806BAC4:
	ldr r0, _0806BAC8 @ =0x09614718
	b _0806BACE
_0806BAC8: .4byte 0x09614718
_0806BACC:
	ldr r0, _0806BAE4 @ =0x09614738
_0806BACE:
	movs r1, #0x20
	bl func_08002A14
	ldr r1, [r5, #0x00]
	adds r1, r4, r1
	str r0, [r1, #0x0C]
_0806BADA:
	mov r0, r8
	cmp r0, #0x00
	bne _0806BAE8
	movs r0, #0x03
	b _0806BAEA
_0806BAE4: .4byte 0x09614738
_0806BAE8:
	movs r0, #0x05
_0806BAEA:
	bl _08066468
	ldr r1, [r5, #0x00]
	adds r1, r4, r1
	str r0, [r1, #0x10]
	ldr r0, [r5, #0x00]
	adds r0, r4, r0
	ldr r0, [r0, #0x0C]
	ldrh r0, [r0, #0x06]
	adds r0, #0x10
	lsls r0, r0, #0x10
	lsrs r0, r0, #0x10
	movs r1, #0x01
	bl func_080062F4
	ldr r0, [r5, #0x00]
	adds r0, r4, r0
	ldr r0, [r0, #0x10]
	ldrh r0, [r0, #0x06]
	adds r0, #0x10
	lsls r0, r0, #0x10
	lsrs r0, r0, #0x10
	movs r1, #0x01
	bl func_080062F4
	adds r4, #0x18
	subs r7, #0x01
	cmp r7, #0x00
	bge _0806BA90
	movs r1, #0x00
	ldr r0, _0806BB3C @ =0x02034A90
	strb r1, [r0, #0x00]
	ldr r0, _0806BB40 @ =0x02034A88
	ldr r0, [r0, #0x00]
	ldr r0, [r0, #0x0C]
	ldrh r0, [r0, #0x06]
	pop {r3}
	mov r8, r3
	pop {r4, r5, r6, r7}
	pop {r1}
	bx r1
_0806BB3C: .4byte 0x02034A90
_0806BB40: .4byte 0x02034A88
	thumb_func_start func_0806BB44
func_0806BB44: @ 0806BB44
	push {r4, r5, r6, r7, lr}
	mov r7, r10
	mov r6, r9
	mov r5, r8
	push {r5, r6, r7}
	add sp, #-0x010
	str r0, [sp, #0x000]
	str r1, [sp, #0x004]
	adds r7, r2, #0x0
	str r3, [sp, #0x008]
	movs r0, #0x00
	mov r10, r0
	mov r9, r0
	movs r1, #0x00
	str r1, [sp, #0x00C]
	ldr r3, _0806BB70 @ =0x02034A88
	ldr r0, [r3, #0x00]
	cmp r0, #0x00
	bne _0806BB7A
	movs r0, #0x00
	b _0806BD94
	.byte 0x00, 0x00
_0806BB70: .4byte 0x02034A88
_0806BB74:
	ldr r2, [sp, #0x008]
	str r7, [r2, #0x00]
	b _0806BD92
_0806BB7A:
	ldr r0, _0806BBEC @ =0x02034A90
	mov r1, r9
	strb r1, [r0, #0x00]
	ldrh r1, [r7, #0x00]
	adds r4, r0, #0x0
	cmp r1, #0x00
	bne _0806BB8A
	b _0806BD8C
_0806BB8A:
	ldrb r1, [r4, #0x00]
	ldr r0, _0806BBF0 @ =0x02034A88
	ldr r2, [r0, #0x00]
	lsls r0, r1, #0x01
	adds r0, r0, r1
	lsls r0, r0, #0x03
	adds r0, r0, r2
	ldr r1, [sp, #0x000]
	add r1, r10
	str r1, [r0, #0x00]
	ldrb r1, [r4, #0x00]
	lsls r0, r1, #0x01
	adds r0, r0, r1
	lsls r0, r0, #0x03
	adds r0, r0, r2
	ldr r1, [sp, #0x004]
	add r1, r9
	str r1, [r0, #0x04]
	ldrb r1, [r4, #0x00]
	lsls r0, r1, #0x01
	adds r0, r0, r1
	lsls r0, r0, #0x03
	adds r0, r0, r2
	movs r1, #0x01
	strb r1, [r0, #0x15]
	ldrh r1, [r7, #0x00]
	ldr r0, _0806BBF4 @ =0x00004079
	cmp r1, r0
	bne _0806BBCA
	movs r2, #0x01
	str r2, [sp, #0x00C]
	adds r7, #0x02
_0806BBCA:
	ldrh r1, [r7, #0x00]
	movs r0, #0x80
	lsls r0, r0, #0x07
	cmp r1, r0
	bne _0806BBDA
	movs r0, #0x00
	str r0, [sp, #0x00C]
	adds r7, #0x02
_0806BBDA:
	ldrh r0, [r7, #0x00]
	cmp r0, #0x0A
	bne _0806BBF8
	movs r1, #0x00
	mov r10, r1
	movs r2, #0xC0
	lsls r2, r2, #0x04
	add r9, r2
	b _0806BD78
_0806BBEC: .4byte 0x02034A90
_0806BBF0: .4byte 0x02034A88
_0806BBF4: .4byte 0x00004079
_0806BBF8:
	subs r0, #0x20
	lsls r0, r0, #0x10
	lsrs r0, r0, #0x10
	cmp r0, #0xDF
	bhi _0806BC06
	ldrh r4, [r7, #0x00]
	b _0806BCE6
_0806BC06:
	ldrh r1, [r7, #0x00]
	movs r0, #0x99
	lsls r0, r0, #0x06
	cmp r1, r0
	beq _0806BCD8
	cmp r1, r0
	bgt _0806BC60
	ldr r0, _0806BC30 @ =0x00002192
	cmp r1, r0
	beq _0806BCB8
	cmp r1, r0
	bgt _0806BC38
	subs r0, #0x02
	cmp r1, r0
	beq _0806BCB4
	cmp r1, r0
	bgt _0806BCAC
	ldr r0, _0806BC34 @ =0x0000203B
	cmp r1, r0
	beq _0806BCCC
	b _0806BCE4
_0806BC30: .4byte 0x00002192
_0806BC34: .4byte 0x0000203B
_0806BC38:
	ldr r0, _0806BC4C @ =0x000025A0
	cmp r1, r0
	beq _0806BCE0
	cmp r1, r0
	bgt _0806BC54
	ldr r0, _0806BC50 @ =0x00002193
	cmp r1, r0
	beq _0806BCB0
	b _0806BCE4
	.byte 0x00, 0x00
_0806BC4C: .4byte 0x000025A0
_0806BC50: .4byte 0x00002193
_0806BC54:
	ldr r0, _0806BC5C @ =0x00002605
	cmp r1, r0
	beq _0806BCDC
	b _0806BCE4
_0806BC5C: .4byte 0x00002605
_0806BC60:
	ldr r0, _0806BC7C @ =0x0000300D
	cmp r1, r0
	beq _0806BCC0
	cmp r1, r0
	bgt _0806BC90
	ldr r0, _0806BC80 @ =0x0000266A
	cmp r1, r0
	beq _0806BCD0
	cmp r1, r0
	bgt _0806BC84
	subs r0, #0x28
	cmp r1, r0
	beq _0806BCD4
	b _0806BCE4
_0806BC7C: .4byte 0x0000300D
_0806BC80: .4byte 0x0000266A
_0806BC84:
	ldr r0, _0806BC8C @ =0x0000300C
	cmp r1, r0
	beq _0806BCBC
	b _0806BCE4
_0806BC8C: .4byte 0x0000300C
_0806BC90:
	ldr r0, _0806BCA8 @ =0x0000300F
	cmp r1, r0
	beq _0806BCC8
	cmp r1, r0
	blt _0806BCC4
	movs r0, #0xE0
	lsls r0, r0, #0x08
	cmp r1, r0
	bne _0806BCE4
	movs r4, #0x19
	b _0806BCE6
	.byte 0x00, 0x00
_0806BCA8: .4byte 0x0000300F
_0806BCAC:
	movs r4, #0x0A
	b _0806BCE6
_0806BCB0:
	movs r4, #0x0B
	b _0806BCE6
_0806BCB4:
	movs r4, #0x0C
	b _0806BCE6
_0806BCB8:
	movs r4, #0x0D
	b _0806BCE6
_0806BCBC:
	movs r4, #0x01
	b _0806BCE6
_0806BCC0:
	movs r4, #0x02
	b _0806BCE6
_0806BCC4:
	movs r4, #0x03
	b _0806BCE6
_0806BCC8:
	movs r4, #0x04
	b _0806BCE6
_0806BCCC:
	movs r4, #0x06
	b _0806BCE6
_0806BCD0:
	movs r4, #0x12
	b _0806BCE6
_0806BCD4:
	movs r4, #0x08
	b _0806BCE6
_0806BCD8:
	movs r4, #0x09
	b _0806BCE6
_0806BCDC:
	movs r4, #0x15
	b _0806BCE6
_0806BCE0:
	movs r4, #0x11
	b _0806BCE6
_0806BCE4:
	movs r4, #0x00
_0806BCE6:
	ldr r6, _0806BDA4 @ =0x02034A90
	ldrb r1, [r6, #0x00]
	ldr r5, _0806BDA8 @ =0x02034A88
	ldr r2, [r5, #0x00]
	lsls r0, r1, #0x01
	adds r0, r0, r1
	lsls r0, r0, #0x03
	adds r0, r0, r2
	movs r1, #0x00
	mov r8, r1
	mov r2, sp
	ldrb r2, [r2, #0x0C]
	strb r2, [r0, #0x14]
	ldrb r1, [r6, #0x00]
	ldr r2, [r5, #0x00]
	lsls r0, r1, #0x01
	adds r0, r0, r1
	lsls r0, r0, #0x03
	adds r0, r0, r2
	ldr r0, [r0, #0x08]
	cmp r0, #0x00
	beq _0806BD26
	bl func_080028C0
	ldrb r0, [r6, #0x00]
	ldr r2, [r5, #0x00]
	lsls r1, r0, #0x01
	adds r1, r1, r0
	lsls r1, r1, #0x03
	adds r1, r1, r2
	mov r0, r8
	str r0, [r1, #0x08]
_0806BD26:
	ldr r0, _0806BDAC @ =0x08F7D438
	lsls r1, r4, #0x01
	adds r1, r1, r0
	movs r2, #0x00
	ldsh r0, [r1, r2]
	lsls r0, r0, #0x08
	add r10, r0
	cmp r4, #0x20
	beq _0806BD5E
	ldr r1, _0806BDB0 @ =0x09EEC134
	lsls r0, r4, #0x02
	adds r0, r0, r1
	ldr r0, [r0, #0x00]
	ldrh r4, [r0, #0x06]
	lsls r0, r4, #0x05
	ldr r1, _0806BDB4 @ =0x090CBFB2
	adds r0, r0, r1
	movs r1, #0x80
	bl func_080026A4
	ldrb r2, [r6, #0x00]
	ldr r1, _0806BDA8 @ =0x02034A88
	ldr r3, [r1, #0x00]
	lsls r1, r2, #0x01
	adds r1, r1, r2
	lsls r1, r1, #0x03
	adds r1, r1, r3
	str r0, [r1, #0x08]
_0806BD5E:
	ldrb r0, [r6, #0x00]
	adds r0, #0x01
	strb r0, [r6, #0x00]
	movs r0, #0x9B
	lsls r0, r0, #0x08
	adds r4, r6, #0x0
	cmp r10, r0
	ble _0806BD78
	movs r2, #0x00
	mov r10, r2
	movs r0, #0xC0
	lsls r0, r0, #0x04
	add r9, r0
_0806BD78:
	adds r7, #0x02
	movs r0, #0xC0
	lsls r0, r0, #0x05
	cmp r9, r0
	ble _0806BD84
	b _0806BB74
_0806BD84:
	ldrh r0, [r7, #0x00]
	cmp r0, #0x00
	beq _0806BD8C
	b _0806BB8A
_0806BD8C:
	movs r0, #0x00
	ldr r1, [sp, #0x008]
	str r0, [r1, #0x00]
_0806BD92:
	ldrb r0, [r4, #0x00]
_0806BD94:
	add sp, #0x010
	pop {r3, r4, r5}
	mov r8, r3
	mov r9, r4
	mov r10, r5
	pop {r4, r5, r6, r7}
	pop {r1}
	bx r1
_0806BDA4: .4byte 0x02034A90
_0806BDA8: .4byte 0x02034A88
_0806BDAC: .4byte 0x08F7D438
_0806BDB0: .4byte 0x09EEC134
_0806BDB4: .4byte 0x090CBFB2
	.byte 0xF0, 0xB5, 0x57, 0x46, 0x4E, 0x46, 0x45, 0x46, 0xE0, 0xB4, 0x84, 0xB0, 0x01, 0x90, 0x02, 0x91
	.byte 0x16, 0x1C, 0x99, 0x46, 0x00, 0x21, 0x00, 0x22, 0x68, 0x46, 0x01, 0x80, 0x69, 0x46, 0x02, 0x31
	.byte 0x0A, 0x70, 0x00, 0x20, 0x82, 0x46, 0x80, 0x46, 0x03, 0x90, 0x03, 0x48, 0x00, 0x68, 0x0D, 0x1C
	.byte 0x00, 0x28, 0x03, 0xD1, 0x00, 0x20, 0x5E, 0xE2, 0x88, 0x4A, 0x03, 0x02, 0x1A, 0x48, 0x02, 0x70
	.byte 0x31, 0x78, 0x07, 0x1C, 0x00, 0x29, 0x00, 0xD1, 0x51, 0xE2, 0x00, 0x21, 0x00, 0x24, 0x68, 0x46
	.byte 0x01, 0x80, 0x39, 0x78, 0x15, 0x4B, 0x1A, 0x68, 0x48, 0x00, 0x40, 0x18, 0xC0, 0x00, 0x80, 0x18
	.byte 0x01, 0x99, 0x51, 0x44, 0x01, 0x60, 0x39, 0x78, 0x48, 0x00, 0x40, 0x18, 0xC0, 0x00, 0x80, 0x18
	.byte 0x02, 0x99, 0x41, 0x44, 0x41, 0x60, 0x39, 0x78, 0x48, 0x00, 0x40, 0x18, 0xC0, 0x00, 0x80, 0x18
	.byte 0x01, 0x21, 0x41, 0x75, 0x39, 0x78, 0x1A, 0x68, 0x48, 0x00, 0x40, 0x18, 0xC0, 0x00, 0x80, 0x18
	.byte 0x04, 0x75, 0x31, 0x88, 0x06, 0x48, 0x81, 0x42, 0x0C, 0xD1, 0x00, 0x21, 0x8A, 0x46, 0xC0, 0x20
	.byte 0x00, 0x01, 0x80, 0x44, 0x02, 0x36, 0x00, 0xE2, 0x90, 0x4A, 0x03, 0x02, 0x88, 0x4A, 0x03, 0x02
	.byte 0x6E, 0x6E, 0x00, 0x00, 0x33, 0x88, 0x18, 0x0A, 0x19, 0x02, 0x08, 0x43, 0x00, 0x04, 0x03, 0x0C
	.byte 0x02, 0x36, 0xFF, 0x20, 0x00, 0x02, 0x18, 0x40, 0x81, 0x21, 0x09, 0x02, 0x88, 0x42, 0x00, 0xD0
	.byte 0x66, 0xE1, 0xFF, 0x20, 0x18, 0x40, 0x40, 0x38, 0x69, 0x28, 0x00, 0xD9, 0x20, 0xE1, 0x80, 0x00
	.byte 0x01, 0x49, 0x40, 0x18, 0x00, 0x68, 0x87, 0x46, 0xA4, 0xBE, 0x06, 0x08, 0x4C, 0xC0, 0x06, 0x08
	.byte 0x58, 0xC0, 0x06, 0x08, 0x5C, 0xC0, 0x06, 0x08, 0xCA, 0xC0, 0x06, 0x08, 0x60, 0xC0, 0x06, 0x08
	.byte 0x64, 0xC0, 0x06, 0x08, 0xD8, 0xC0, 0x06, 0x08, 0xD8, 0xC0, 0x06, 0x08, 0x68, 0xC0, 0x06, 0x08
	.byte 0x6C, 0xC0, 0x06, 0x08, 0xD8, 0xC0, 0x06, 0x08, 0xD8, 0xC0, 0x06, 0x08, 0xD8, 0xC0, 0x06, 0x08
	.byte 0xD8, 0xC0, 0x06, 0x08, 0xD8, 0xC0, 0x06, 0x08, 0xD8, 0xC0, 0x06, 0x08, 0xD8, 0xC0, 0x06, 0x08
	.byte 0xD8, 0xC0, 0x06, 0x08, 0xD8, 0xC0, 0x06, 0x08, 0xD8, 0xC0, 0x06, 0x08, 0xD8, 0xC0, 0x06, 0x08
	.byte 0xD8, 0xC0, 0x06, 0x08, 0xD8, 0xC0, 0x06, 0x08, 0xD8, 0xC0, 0x06, 0x08, 0x70, 0xC0, 0x06, 0x08
	.byte 0xD8, 0xC0, 0x06, 0x08, 0xD8, 0xC0, 0x06, 0x08, 0x7A, 0xC0, 0x06, 0x08, 0x7E, 0xC0, 0x06, 0x08
	.byte 0xD8, 0xC0, 0x06, 0x08, 0xC6, 0xC0, 0x06, 0x08, 0xD8, 0xC0, 0x06, 0x08, 0x82, 0xC0, 0x06, 0x08
	.byte 0xD8, 0xC0, 0x06, 0x08, 0xD8, 0xC0, 0x06, 0x08, 0x86, 0xC0, 0x06, 0x08, 0xD8, 0xC0, 0x06, 0x08
	.byte 0xD8, 0xC0, 0x06, 0x08, 0x9A, 0xC0, 0x06, 0x08, 0xD8, 0xC0, 0x06, 0x08, 0xD8, 0xC0, 0x06, 0x08
	.byte 0x9E, 0xC0, 0x06, 0x08, 0xA2, 0xC0, 0x06, 0x08, 0xD8, 0xC0, 0x06, 0x08, 0xD8, 0xC0, 0x06, 0x08
	.byte 0xD8, 0xC0, 0x06, 0x08, 0xD8, 0xC0, 0x06, 0x08, 0xD8, 0xC0, 0x06, 0x08, 0xD8, 0xC0, 0x06, 0x08
	.byte 0xD8, 0xC0, 0x06, 0x08, 0xD8, 0xC0, 0x06, 0x08, 0xD8, 0xC0, 0x06, 0x08, 0xD8, 0xC0, 0x06, 0x08
	.byte 0x8A, 0xC0, 0x06, 0x08, 0x8E, 0xC0, 0x06, 0x08, 0x92, 0xC0, 0x06, 0x08, 0x96, 0xC0, 0x06, 0x08
	.byte 0xD8, 0xC0, 0x06, 0x08, 0xD8, 0xC0, 0x06, 0x08, 0xAE, 0xC0, 0x06, 0x08, 0xB2, 0xC0, 0x06, 0x08
	.byte 0xD8, 0xC0, 0x06, 0x08, 0xD8, 0xC0, 0x06, 0x08, 0xD8, 0xC0, 0x06, 0x08, 0xD8, 0xC0, 0x06, 0x08
	.byte 0xBA, 0xC0, 0x06, 0x08, 0xD8, 0xC0, 0x06, 0x08, 0xD8, 0xC0, 0x06, 0x08, 0xD8, 0xC0, 0x06, 0x08
	.byte 0xD8, 0xC0, 0x06, 0x08, 0xD8, 0xC0, 0x06, 0x08, 0xD8, 0xC0, 0x06, 0x08, 0xD8, 0xC0, 0x06, 0x08
	.byte 0xD8, 0xC0, 0x06, 0x08, 0xD8, 0xC0, 0x06, 0x08, 0xD8, 0xC0, 0x06, 0x08, 0xD8, 0xC0, 0x06, 0x08
	.byte 0xD8, 0xC0, 0x06, 0x08, 0xD8, 0xC0, 0x06, 0x08, 0xD8, 0xC0, 0x06, 0x08, 0xD8, 0xC0, 0x06, 0x08
	.byte 0xD8, 0xC0, 0x06, 0x08, 0xD8, 0xC0, 0x06, 0x08, 0xBE, 0xC0, 0x06, 0x08, 0xD8, 0xC0, 0x06, 0x08
	.byte 0xD8, 0xC0, 0x06, 0x08, 0xC2, 0xC0, 0x06, 0x08, 0xD8, 0xC0, 0x06, 0x08, 0xD8, 0xC0, 0x06, 0x08
	.byte 0xD8, 0xC0, 0x06, 0x08, 0xCE, 0xC0, 0x06, 0x08, 0xD8, 0xC0, 0x06, 0x08, 0xD8, 0xC0, 0x06, 0x08
	.byte 0xD8, 0xC0, 0x06, 0x08, 0xD8, 0xC0, 0x06, 0x08, 0xD8, 0xC0, 0x06, 0x08, 0xD8, 0xC0, 0x06, 0x08
	.byte 0xD8, 0xC0, 0x06, 0x08, 0xD8, 0xC0, 0x06, 0x08, 0xD8, 0xC0, 0x06, 0x08, 0xD8, 0xC0, 0x06, 0x08
	.byte 0xD8, 0xC0, 0x06, 0x08, 0xB6, 0xC0, 0x06, 0x08, 0xD8, 0xC0, 0x06, 0x08, 0xA6, 0xC0, 0x06, 0x08
	.byte 0xAA, 0xC0, 0x06, 0x08, 0x00, 0x20, 0x00, 0x22, 0x69, 0x46, 0x08, 0x80, 0x2A, 0x70, 0x3F, 0xE0
	.byte 0xF5, 0x20, 0x39, 0xE0, 0xF6, 0x20, 0x37, 0xE0, 0xF7, 0x20, 0x35, 0xE0, 0xF9, 0x20, 0x33, 0xE0
	.byte 0xF1, 0x20, 0x31, 0xE0, 0xF0, 0x20, 0x2F, 0xE0, 0x14, 0x20, 0x69, 0x46, 0x08, 0x80, 0x02, 0x20
	.byte 0x2D, 0xE0, 0xFD, 0x20, 0x28, 0xE0, 0xFC, 0x20, 0x26, 0xE0, 0xFE, 0x20, 0x24, 0xE0, 0xFB, 0x20
	.byte 0x22, 0xE0, 0xE8, 0x20, 0x20, 0xE0, 0xE9, 0x20, 0x1E, 0xE0, 0xEA, 0x20, 0x1C, 0xE0, 0xEB, 0x20
	.byte 0x1A, 0xE0, 0xFF, 0x20, 0x18, 0xE0, 0xEC, 0x20, 0x16, 0xE0, 0xED, 0x20, 0x14, 0xE0, 0xE7, 0x20
	.byte 0x12, 0xE0, 0xE6, 0x20, 0x10, 0xE0, 0xDF, 0x20, 0x0E, 0xE0, 0xFC, 0x20, 0x0C, 0xE0, 0xEE, 0x20
	.byte 0x0A, 0xE0, 0xEF, 0x20, 0x08, 0xE0, 0xF2, 0x20, 0x06, 0xE0, 0xF4, 0x20, 0x04, 0xE0, 0xF3, 0x20
	.byte 0x02, 0xE0, 0xF8, 0x20, 0x00, 0xE0, 0x8E, 0x20, 0x69, 0x46, 0x08, 0x80, 0x00, 0x20, 0x28, 0x70
	.byte 0x38, 0x78, 0x00, 0x28, 0x41, 0xD0, 0x19, 0x49, 0x58, 0x18, 0x00, 0x04, 0x00, 0x0C, 0x01, 0x28
	.byte 0x0B, 0xD9, 0x17, 0x48, 0x83, 0x42, 0x08, 0xD8, 0x33, 0x38, 0x83, 0x42, 0x05, 0xD0, 0x07, 0x39
	.byte 0x58, 0x18, 0x00, 0x04, 0x00, 0x0C, 0x01, 0x28, 0x2F, 0xD8, 0x50, 0x46, 0x00, 0x28, 0x2C, 0xD1
	.byte 0x41, 0x46, 0x00, 0x29, 0x29, 0xDD, 0x03, 0x98, 0xA0, 0x21, 0x09, 0x01, 0x40, 0x18, 0x82, 0x46
	.byte 0x0C, 0x48, 0x80, 0x44, 0x0C, 0x4A, 0x11, 0x78, 0x0C, 0x48, 0x03, 0x68, 0x48, 0x00, 0x40, 0x18
	.byte 0xC0, 0x00, 0xC0, 0x18, 0x01, 0x99, 0x51, 0x44, 0x01, 0x60, 0x11, 0x78, 0x48, 0x00, 0x40, 0x18
	.byte 0xC0, 0x00, 0xC0, 0x18, 0x02, 0x99, 0x41, 0x44, 0x41, 0x60, 0x0E, 0xE0, 0xBF, 0x7E, 0x00, 0x00
	.byte 0x77, 0x81, 0x00, 0x00, 0x00, 0xF4, 0xFF, 0xFF, 0x90, 0x4A, 0x03, 0x02, 0x88, 0x4A, 0x03, 0x02
	.byte 0x18, 0x1C, 0x69, 0x46, 0x2A, 0x1C, 0xFA, 0xF7, 0x6F, 0xFE, 0x11, 0x4C, 0x20, 0x78, 0x11, 0x4F
	.byte 0x3A, 0x68, 0x41, 0x00, 0x09, 0x18, 0xC9, 0x00, 0x89, 0x18, 0x88, 0x68, 0x00, 0x28, 0x01, 0xD0
	.byte 0x96, 0xF7, 0xA2, 0xFB, 0x51, 0x46, 0x03, 0x91, 0xA0, 0x20, 0x00, 0x01, 0x82, 0x44, 0x8C, 0x20
	.byte 0x00, 0x02, 0x82, 0x45, 0x04, 0xDD, 0x00, 0x21, 0x8A, 0x46, 0xC0, 0x20, 0x00, 0x01, 0x80, 0x44
	.byte 0x28, 0x78, 0x01, 0x28, 0x20, 0xD0, 0x01, 0x28, 0x06, 0xDC, 0x00, 0x28, 0x09, 0xD0, 0x57, 0xE0
	.byte 0x90, 0x4A, 0x03, 0x02, 0x88, 0x4A, 0x03, 0x02, 0x02, 0x28, 0x27, 0xD0, 0x03, 0x28, 0x37, 0xD0
	.byte 0x4E, 0xE0, 0x6A, 0x46, 0x06, 0x49, 0x68, 0x46, 0x00, 0x88, 0x80, 0x00, 0x40, 0x18, 0x00, 0x68
	.byte 0xC0, 0x88, 0x10, 0x80, 0x68, 0x46, 0x00, 0x88, 0x40, 0x01, 0x02, 0x49, 0x35, 0xE0, 0x00, 0x00
	.byte 0x04, 0xB2, 0xEE, 0x09, 0xB2, 0xB5, 0x0A, 0x09, 0x6A, 0x46, 0x06, 0x49, 0x68, 0x46, 0x00, 0x88
	.byte 0x80, 0x00, 0x40, 0x18, 0x00, 0x68, 0xC0, 0x88, 0x10, 0x80, 0x68, 0x46, 0x00, 0x88, 0x40, 0x01
	.byte 0x01, 0x49, 0x22, 0xE0, 0x08, 0xB6, 0xEE, 0x09, 0xBE, 0x3F, 0x0B, 0x09, 0x6A, 0x46, 0x06, 0x49
	.byte 0x68, 0x46, 0x00, 0x88, 0x80, 0x00, 0x40, 0x18, 0x00, 0x68, 0xC0, 0x88, 0x10, 0x80, 0x68, 0x46
	.byte 0x00, 0x88, 0x40, 0x01, 0x01, 0x49, 0x10, 0xE0, 0x0C, 0xBA, 0xEE, 0x09, 0xCA, 0xC9, 0x0B, 0x09
	.byte 0x6A, 0x46, 0x17, 0x49, 0x68, 0x46, 0x00, 0x88, 0x80, 0x00, 0x40, 0x18, 0x00, 0x68, 0xC0, 0x88
	.byte 0x10, 0x80, 0x68, 0x46, 0x00, 0x88, 0x40, 0x01, 0x12, 0x49, 0x40, 0x18, 0x80, 0x21, 0x96, 0xF7
	.byte 0x2D, 0xFA, 0x22, 0x78, 0x3B, 0x68, 0x51, 0x00, 0x89, 0x18, 0xC9, 0x00, 0xC9, 0x18, 0x88, 0x60
	.byte 0x0D, 0x49, 0x08, 0x78, 0x01, 0x30, 0x08, 0x70, 0x0F, 0x1C, 0xC0, 0x20, 0x40, 0x01, 0x80, 0x45
	.byte 0x19, 0xDD, 0x30, 0x78, 0x00, 0x28, 0x14, 0xD0, 0x33, 0x88, 0x18, 0x0A, 0x19, 0x02, 0x08, 0x43
	.byte 0x00, 0x04, 0x06, 0x49, 0x88, 0x42, 0x0B, 0xD0, 0x48, 0x46, 0x06, 0x60, 0x12, 0xE0, 0x00, 0x00
	.byte 0x10, 0xBE, 0xEE, 0x09, 0xA6, 0x51, 0x0C, 0x09, 0x90, 0x4A, 0x03, 0x02, 0x00, 0x00, 0x42, 0x81
	.byte 0x00, 0x20, 0x49, 0x46, 0x08, 0x60, 0x30, 0x78, 0x00, 0x28, 0x00, 0xD0, 0xAD, 0xE5, 0x00, 0x20
	.byte 0x49, 0x46, 0x08, 0x60, 0x38, 0x78, 0x04, 0xB0, 0x38, 0xBC, 0x98, 0x46, 0xA1, 0x46, 0xAA, 0x46
	.byte 0xF0, 0xBC, 0x02, 0xBC, 0x08, 0x47, 0x00, 0x00
	thumb_func_start func_0806C2C0
func_0806C2C0: @ 0806C2C0
	push {r4, r5, r6, r7, lr}
	add sp, #-0x010
	lsls r0, r0, #0x18
	lsrs r7, r0, #0x18
	movs r6, #0x00
	cmp r6, r7
	bcs _0806C340
_0806C2CE:
	ldr r0, _0806C310 @ =0x02034A88
	ldr r1, [r0, #0x00]
	lsls r0, r6, #0x01
	adds r0, r0, r6
	lsls r0, r0, #0x03
	adds r3, r0, r1
	ldrb r0, [r3, #0x15]
	cmp r0, #0x01
	bne _0806C336
	ldr r0, [r3, #0x00]
	ldr r1, [r3, #0x04]
	ldr r5, [r3, #0x08]
	cmp r5, #0x00
	beq _0806C336
	ldrb r4, [r3, #0x14]
	cmp r4, #0x00
	bne _0806C318
	lsls r0, r0, #0x08
	asrs r0, r0, #0x10
	lsls r1, r1, #0x08
	asrs r1, r1, #0x10
	ldr r2, _0806C314 @ =0x09EEB204
	ldr r2, [r2, #0x00]
	ldr r3, [r3, #0x0C]
	str r3, [sp, #0x000]
	str r4, [sp, #0x004]
	str r4, [sp, #0x008]
	str r4, [sp, #0x00C]
	adds r3, r5, #0x0
	bl func_080023E0
	b _0806C336
	.byte 0x00, 0x00
_0806C310: .4byte 0x02034A88
_0806C314: .4byte 0x09EEB204
_0806C318:
	lsls r0, r0, #0x08
	asrs r0, r0, #0x10
	lsls r1, r1, #0x08
	asrs r1, r1, #0x10
	ldr r2, _0806C348 @ =0x09EEB204
	ldr r2, [r2, #0x00]
	ldr r3, [r3, #0x10]
	str r3, [sp, #0x000]
	movs r3, #0x00
	str r3, [sp, #0x004]
	str r3, [sp, #0x008]
	str r3, [sp, #0x00C]
	adds r3, r5, #0x0
	bl func_080023E0
_0806C336:
	adds r0, r6, #0x1
	lsls r0, r0, #0x18
	lsrs r6, r0, #0x18
	cmp r6, r7
	bcc _0806C2CE
_0806C340:
	add sp, #0x010
	pop {r4, r5, r6, r7}
	pop {r0}
	bx r0
_0806C348: .4byte 0x09EEB204
	thumb_func_start func_0806C34C
func_0806C34C: @ 0806C34C
	push {r4, r5, r6, lr}
	movs r5, #0x00
	ldr r6, _0806C39C @ =0x02034A88
_0806C352:
	ldr r1, [r6, #0x00]
	lsls r0, r5, #0x01
	adds r0, r0, r5
	lsls r4, r0, #0x03
	adds r1, r4, r1
	ldr r0, [r1, #0x08]
	cmp r0, #0x00
	beq _0806C366
	bl func_080028C0
_0806C366:
	ldr r0, [r6, #0x00]
	adds r0, r4, r0
	ldr r0, [r0, #0x0C]
	cmp r0, #0x00
	beq _0806C374
	bl func_08002C10
_0806C374:
	ldr r0, [r6, #0x00]
	adds r0, r4, r0
	ldr r0, [r0, #0x10]
	cmp r0, #0x00
	beq _0806C382
	bl func_08002C10
_0806C382:
	adds r0, r5, #0x1
	lsls r0, r0, #0x18
	lsrs r5, r0, #0x18
	cmp r0, #0x00
	bge _0806C352
	ldr r0, _0806C39C @ =0x02034A88
	ldr r0, [r0, #0x00]
	bl func_080009C4
	pop {r4, r5, r6}
	pop {r0}
	bx r0
	.byte 0x00, 0x00
_0806C39C: .4byte 0x02034A88
	.byte 0xF0, 0xB5, 0x47, 0x46, 0x80, 0xB4, 0x82, 0xB0, 0x88, 0x46, 0x00, 0x06, 0x07, 0x0E, 0x00, 0x26
	.byte 0xBE, 0x42, 0x33, 0xD2, 0x0E, 0x48, 0x01, 0x68, 0x70, 0x00, 0x80, 0x19, 0xC0, 0x00, 0x43, 0x18
	.byte 0x58, 0x7D, 0x01, 0x28, 0x25, 0xD1, 0x18, 0x68, 0x59, 0x68, 0x9D, 0x68, 0x00, 0x2D, 0x20, 0xD0
	.byte 0x1C, 0x7D, 0x00, 0x2C, 0x10, 0xD1, 0x00, 0x02, 0x00, 0x14, 0x09, 0x02, 0x09, 0x14, 0x05, 0x4A
	.byte 0x12, 0x68, 0x43, 0x46, 0x00, 0x93, 0x01, 0x94, 0x2B, 0x1C, 0x96, 0xF7, 0x4D, 0xF8, 0x10, 0xE0
	.byte 0x84, 0x4A, 0x03, 0x02, 0x04, 0xB2, 0xEE, 0x09, 0x00, 0x02, 0x00, 0x14, 0x09, 0x02, 0x09, 0x14
	.byte 0x09, 0x4A, 0x12, 0x68, 0x1B, 0x69, 0x00, 0x93, 0x00, 0x23, 0x01, 0x93, 0x2B, 0x1C, 0x96, 0xF7
	.byte 0x3B, 0xF8, 0x70, 0x1C, 0x00, 0x06, 0x06, 0x0E, 0xBE, 0x42, 0xCB, 0xD3, 0x02, 0xB0, 0x08, 0xBC
	.byte 0x98, 0x46, 0xF0, 0xBC, 0x01, 0xBC, 0x00, 0x47, 0x04, 0xB2, 0xEE, 0x09, 0x30, 0xB5, 0x82, 0xB0
	.byte 0x0D, 0x1C, 0x00, 0x04, 0x6A, 0x46, 0x03, 0x0C, 0x00, 0x14, 0xF0, 0x21, 0x09, 0x02, 0x01, 0x40
	.byte 0x09, 0x13, 0x00, 0x24, 0x11, 0x70, 0xF0, 0x21, 0x09, 0x01, 0x01, 0x40, 0x09, 0x0A, 0x51, 0x70
	.byte 0xF0, 0x21, 0x08, 0x40, 0x00, 0x09, 0x90, 0x70, 0x69, 0x46, 0x0F, 0x20, 0x03, 0x40, 0xCB, 0x70
	.byte 0x68, 0x46, 0x04, 0x71, 0x03, 0x22, 0x08, 0x78, 0x09, 0x28, 0x01, 0xD8, 0x30, 0x30, 0x00, 0xE0
	.byte 0x37, 0x30, 0x08, 0x70, 0x01, 0x31, 0x01, 0x3A, 0x00, 0x2A, 0xF4, 0xDA, 0x68, 0x46, 0x29, 0x1C
	.byte 0xFA, 0xF7, 0x54, 0xFA, 0x00, 0x04, 0x00, 0x0C, 0x02, 0xB0, 0x30, 0xBC, 0x02, 0xBC, 0x08, 0x47
	.byte 0xF0, 0xB5, 0x47, 0x46, 0x80, 0xB4, 0x82, 0xB0, 0x06, 0x1C, 0x01, 0xAA, 0x00, 0x20, 0x00, 0x21
	.byte 0x10, 0x80, 0x0C, 0x4F, 0x68, 0x46, 0x06, 0x30, 0x01, 0x70, 0x00, 0x21, 0x88, 0x46, 0x31, 0x88
	.byte 0x14, 0x1C, 0x05, 0x1C, 0x00, 0x29, 0x00, 0xD1, 0xA5, 0xE1, 0x68, 0x46, 0x01, 0x70, 0x69, 0x46
	.byte 0x70, 0x88, 0x48, 0x70, 0x6A, 0x46, 0x11, 0x88, 0x03, 0x48, 0x81, 0x42, 0x06, 0xD1, 0x04, 0x36
	.byte 0x90, 0xE1, 0x00, 0x00, 0x00, 0x40, 0x01, 0x06, 0x6E, 0x6E, 0x00, 0x00, 0x12, 0x88, 0x10, 0x0A
	.byte 0x11, 0x02, 0x08, 0x43, 0x00, 0x04, 0x02, 0x0C, 0x04, 0x36, 0xFF, 0x20, 0x00, 0x02, 0x10, 0x40
	.byte 0x81, 0x21, 0x09, 0x02, 0x88, 0x42, 0x00, 0xD0, 0x27, 0xE1, 0xFF, 0x20, 0x02, 0x40, 0x10, 0x1C
	.byte 0x40, 0x38, 0x69, 0x28, 0x00, 0xD9, 0x25, 0xE1, 0x80, 0x00, 0x02, 0x49, 0x40, 0x18, 0x00, 0x68
	.byte 0x87, 0x46, 0x00, 0x00, 0x18, 0xC5, 0x06, 0x08, 0xC0, 0xC6, 0x06, 0x08, 0xCA, 0xC6, 0x06, 0x08
	.byte 0xCE, 0xC6, 0x06, 0x08, 0x3C, 0xC7, 0x06, 0x08, 0x54, 0xC7, 0x06, 0x08, 0xD2, 0xC6, 0x06, 0x08
	.byte 0xD6, 0xC6, 0x06, 0x08, 0x54, 0xC7, 0x06, 0x08, 0xDA, 0xC6, 0x06, 0x08, 0xDE, 0xC6, 0x06, 0x08
	.byte 0x54, 0xC7, 0x06, 0x08, 0x54, 0xC7, 0x06, 0x08, 0x54, 0xC7, 0x06, 0x08, 0x54, 0xC7, 0x06, 0x08
	.byte 0x54, 0xC7, 0x06, 0x08, 0x54, 0xC7, 0x06, 0x08, 0x54, 0xC7, 0x06, 0x08, 0x54, 0xC7, 0x06, 0x08
	.byte 0x54, 0xC7, 0x06, 0x08, 0x54, 0xC7, 0x06, 0x08, 0x54, 0xC7, 0x06, 0x08, 0x54, 0xC7, 0x06, 0x08
	.byte 0x54, 0xC7, 0x06, 0x08, 0x54, 0xC7, 0x06, 0x08, 0xE2, 0xC6, 0x06, 0x08, 0x54, 0xC7, 0x06, 0x08
	.byte 0x54, 0xC7, 0x06, 0x08, 0xEC, 0xC6, 0x06, 0x08, 0xF0, 0xC6, 0x06, 0x08, 0x54, 0xC7, 0x06, 0x08
	.byte 0x38, 0xC7, 0x06, 0x08, 0x54, 0xC7, 0x06, 0x08, 0xF4, 0xC6, 0x06, 0x08, 0x54, 0xC7, 0x06, 0x08
	.byte 0x54, 0xC7, 0x06, 0x08, 0xF8, 0xC6, 0x06, 0x08, 0x54, 0xC7, 0x06, 0x08, 0x54, 0xC7, 0x06, 0x08
	.byte 0x0C, 0xC7, 0x06, 0x08, 0x54, 0xC7, 0x06, 0x08, 0x54, 0xC7, 0x06, 0x08, 0x10, 0xC7, 0x06, 0x08
	.byte 0x14, 0xC7, 0x06, 0x08, 0x54, 0xC7, 0x06, 0x08, 0x54, 0xC7, 0x06, 0x08, 0x54, 0xC7, 0x06, 0x08
	.byte 0x54, 0xC7, 0x06, 0x08, 0x54, 0xC7, 0x06, 0x08, 0x54, 0xC7, 0x06, 0x08, 0x54, 0xC7, 0x06, 0x08
	.byte 0x54, 0xC7, 0x06, 0x08, 0x54, 0xC7, 0x06, 0x08, 0x54, 0xC7, 0x06, 0x08, 0xFC, 0xC6, 0x06, 0x08
	.byte 0x00, 0xC7, 0x06, 0x08, 0x04, 0xC7, 0x06, 0x08, 0x08, 0xC7, 0x06, 0x08, 0x54, 0xC7, 0x06, 0x08
	.byte 0x54, 0xC7, 0x06, 0x08, 0x20, 0xC7, 0x06, 0x08, 0x24, 0xC7, 0x06, 0x08, 0x54, 0xC7, 0x06, 0x08
	.byte 0x54, 0xC7, 0x06, 0x08, 0x54, 0xC7, 0x06, 0x08, 0x54, 0xC7, 0x06, 0x08, 0x2C, 0xC7, 0x06, 0x08
	.byte 0x54, 0xC7, 0x06, 0x08, 0x54, 0xC7, 0x06, 0x08, 0x54, 0xC7, 0x06, 0x08, 0x54, 0xC7, 0x06, 0x08
	.byte 0x54, 0xC7, 0x06, 0x08, 0x54, 0xC7, 0x06, 0x08, 0x54, 0xC7, 0x06, 0x08, 0x54, 0xC7, 0x06, 0x08
	.byte 0x54, 0xC7, 0x06, 0x08, 0x54, 0xC7, 0x06, 0x08, 0x54, 0xC7, 0x06, 0x08, 0x54, 0xC7, 0x06, 0x08
	.byte 0x54, 0xC7, 0x06, 0x08, 0x54, 0xC7, 0x06, 0x08, 0x54, 0xC7, 0x06, 0x08, 0x54, 0xC7, 0x06, 0x08
	.byte 0x54, 0xC7, 0x06, 0x08, 0x30, 0xC7, 0x06, 0x08, 0x54, 0xC7, 0x06, 0x08, 0x54, 0xC7, 0x06, 0x08
	.byte 0x34, 0xC7, 0x06, 0x08, 0x54, 0xC7, 0x06, 0x08, 0x54, 0xC7, 0x06, 0x08, 0x54, 0xC7, 0x06, 0x08
	.byte 0x40, 0xC7, 0x06, 0x08, 0x54, 0xC7, 0x06, 0x08, 0x54, 0xC7, 0x06, 0x08, 0x54, 0xC7, 0x06, 0x08
	.byte 0x54, 0xC7, 0x06, 0x08, 0x54, 0xC7, 0x06, 0x08, 0x54, 0xC7, 0x06, 0x08, 0x54, 0xC7, 0x06, 0x08
	.byte 0x54, 0xC7, 0x06, 0x08, 0x54, 0xC7, 0x06, 0x08, 0x54, 0xC7, 0x06, 0x08, 0x54, 0xC7, 0x06, 0x08
	.byte 0x28, 0xC7, 0x06, 0x08, 0x54, 0xC7, 0x06, 0x08, 0x18, 0xC7, 0x06, 0x08, 0x1C, 0xC7, 0x06, 0x08
	.byte 0x00, 0x20, 0x00, 0x21, 0x20, 0x80, 0x29, 0x70, 0x44, 0xE0, 0xF5, 0x20, 0x39, 0xE0, 0xF6, 0x20
	.byte 0x37, 0xE0, 0xF9, 0x20, 0x35, 0xE0, 0xFA, 0x20, 0x33, 0xE0, 0xF1, 0x20, 0x31, 0xE0, 0xF0, 0x20
	.byte 0x2F, 0xE0, 0x14, 0x20, 0x20, 0x80, 0x02, 0x20, 0x28, 0x70, 0x33, 0xE0, 0xFD, 0x20, 0x28, 0xE0
	.byte 0xFC, 0x20, 0x26, 0xE0, 0xFE, 0x20, 0x24, 0xE0, 0xFB, 0x20, 0x22, 0xE0, 0xE8, 0x20, 0x20, 0xE0
	.byte 0xE9, 0x20, 0x1E, 0xE0, 0xEA, 0x20, 0x1C, 0xE0, 0xEB, 0x20, 0x1A, 0xE0, 0xFF, 0x20, 0x18, 0xE0
	.byte 0xEC, 0x20, 0x16, 0xE0, 0xED, 0x20, 0x14, 0xE0, 0xE7, 0x20, 0x12, 0xE0, 0xE6, 0x20, 0x10, 0xE0
	.byte 0xDF, 0x20, 0x0E, 0xE0, 0xFC, 0x20, 0x0C, 0xE0, 0xEE, 0x20, 0x0A, 0xE0, 0xEF, 0x20, 0x08, 0xE0
	.byte 0xF2, 0x20, 0x06, 0xE0, 0xF4, 0x20, 0x04, 0xE0, 0xF3, 0x20, 0x02, 0xE0, 0xF8, 0x20, 0x00, 0xE0
	.byte 0x8E, 0x20, 0x20, 0x80, 0x00, 0x20, 0x28, 0x70, 0x04, 0xE0, 0x10, 0x1C, 0x21, 0x1C, 0x2A, 0x1C
	.byte 0xFA, 0xF7, 0x76, 0xFB, 0x28, 0x78, 0x01, 0x28, 0x18, 0xD0, 0x01, 0x28, 0x02, 0xDC, 0x00, 0x28
	.byte 0x05, 0xD0, 0x46, 0xE0, 0x02, 0x28, 0x21, 0xD0, 0x03, 0x28, 0x33, 0xD0, 0x41, 0xE0, 0x05, 0x49
	.byte 0x20, 0x88, 0x80, 0x00, 0x40, 0x18, 0x00, 0x68, 0xC0, 0x88, 0x20, 0x80, 0x20, 0x88, 0x40, 0x01
	.byte 0x01, 0x49, 0x1D, 0xE0, 0x04, 0xB2, 0xEE, 0x09, 0xB2, 0xB5, 0x0A, 0x09, 0x05, 0x49, 0x20, 0x88
	.byte 0x80, 0x00, 0x40, 0x18, 0x00, 0x68, 0xC0, 0x88, 0x20, 0x80, 0x20, 0x88, 0x40, 0x01, 0x02, 0x49
	.byte 0x0E, 0xE0, 0x00, 0x00, 0x08, 0xB6, 0xEE, 0x09, 0xBE, 0x3F, 0x0B, 0x09, 0x07, 0x49, 0x20, 0x88
	.byte 0x80, 0x00, 0x40, 0x18, 0x00, 0x68, 0xC0, 0x88, 0x20, 0x80, 0x20, 0x88, 0x40, 0x01, 0x04, 0x49
	.byte 0x40, 0x18, 0x39, 0x1C, 0x40, 0x22, 0xAB, 0xF0, 0x0F, 0xFC, 0x12, 0xE0, 0x0C, 0xBA, 0xEE, 0x09
	.byte 0xCA, 0xC9, 0x0B, 0x09, 0x0F, 0x49, 0x20, 0x88, 0x80, 0x00, 0x40, 0x18, 0x00, 0x68, 0xC0, 0x88
	.byte 0x20, 0x80, 0x20, 0x88, 0x40, 0x01, 0x0C, 0x49, 0x40, 0x18, 0x39, 0x1C, 0x40, 0x22, 0xAB, 0xF0
	.byte 0xFB, 0xFB, 0x80, 0x37, 0x40, 0x46, 0x01, 0x30, 0x00, 0x06, 0x00, 0x0E, 0x80, 0x46, 0x31, 0x88
	.byte 0x00, 0x29, 0x00, 0xD0, 0x59, 0xE6, 0x40, 0x46, 0x02, 0xB0, 0x08, 0xBC, 0x98, 0x46, 0xF0, 0xBC
	.byte 0x02, 0xBC, 0x08, 0x47, 0x10, 0xBE, 0xEE, 0x09, 0xA6, 0x51, 0x0C, 0x09, 0xF0, 0xB5, 0x47, 0x46
	.byte 0x80, 0xB4, 0x82, 0xB0, 0x06, 0x1C, 0x09, 0x04, 0x01, 0xAB, 0x00, 0x20, 0x00, 0x22, 0x18, 0x80
	.byte 0xC9, 0x0A, 0x0C, 0x48, 0x0F, 0x18, 0x68, 0x46, 0x06, 0x30, 0x02, 0x70, 0x00, 0x21, 0x88, 0x46
	.byte 0x31, 0x88, 0x1C, 0x1C, 0x05, 0x1C, 0x00, 0x29, 0x00, 0xD1, 0xA4, 0xE1, 0x68, 0x46, 0x01, 0x70
	.byte 0x69, 0x46, 0x70, 0x88, 0x48, 0x70, 0x6A, 0x46, 0x11, 0x88, 0x03, 0x48, 0x81, 0x42, 0x05, 0xD1
	.byte 0x04, 0x36, 0x8F, 0xE1, 0x00, 0x40, 0x01, 0x06, 0x6E, 0x6E, 0x00, 0x00, 0x12, 0x88, 0x10, 0x0A
	.byte 0x11, 0x02, 0x08, 0x43, 0x00, 0x04, 0x02, 0x0C, 0x04, 0x36, 0xFF, 0x20, 0x00, 0x02, 0x10, 0x40
	.byte 0x81, 0x21, 0x09, 0x02, 0x88, 0x42, 0x00, 0xD0, 0x27, 0xE1, 0xFF, 0x20, 0x02, 0x40, 0x10, 0x1C
	.byte 0x40, 0x38, 0x69, 0x28, 0x00, 0xD9, 0x25, 0xE1, 0x80, 0x00, 0x02, 0x49, 0x40, 0x18, 0x00, 0x68
	.byte 0x87, 0x46, 0x00, 0x00, 0xA8, 0xC8, 0x06, 0x08, 0x50, 0xCA, 0x06, 0x08, 0x5A, 0xCA, 0x06, 0x08
	.byte 0x5E, 0xCA, 0x06, 0x08, 0xCC, 0xCA, 0x06, 0x08, 0xE4, 0xCA, 0x06, 0x08, 0x62, 0xCA, 0x06, 0x08
	.byte 0x66, 0xCA, 0x06, 0x08, 0xE4, 0xCA, 0x06, 0x08, 0x6A, 0xCA, 0x06, 0x08, 0x6E, 0xCA, 0x06, 0x08
	.byte 0xE4, 0xCA, 0x06, 0x08, 0xE4, 0xCA, 0x06, 0x08, 0xE4, 0xCA, 0x06, 0x08, 0xE4, 0xCA, 0x06, 0x08
	.byte 0xE4, 0xCA, 0x06, 0x08, 0xE4, 0xCA, 0x06, 0x08, 0xE4, 0xCA, 0x06, 0x08, 0xE4, 0xCA, 0x06, 0x08
	.byte 0xE4, 0xCA, 0x06, 0x08, 0xE4, 0xCA, 0x06, 0x08, 0xE4, 0xCA, 0x06, 0x08, 0xE4, 0xCA, 0x06, 0x08
	.byte 0xE4, 0xCA, 0x06, 0x08, 0xE4, 0xCA, 0x06, 0x08, 0x72, 0xCA, 0x06, 0x08, 0xE4, 0xCA, 0x06, 0x08
	.byte 0xE4, 0xCA, 0x06, 0x08, 0x7C, 0xCA, 0x06, 0x08, 0x80, 0xCA, 0x06, 0x08, 0xE4, 0xCA, 0x06, 0x08
	.byte 0xC8, 0xCA, 0x06, 0x08, 0xE4, 0xCA, 0x06, 0x08, 0x84, 0xCA, 0x06, 0x08, 0xE4, 0xCA, 0x06, 0x08
	.byte 0xE4, 0xCA, 0x06, 0x08, 0x88, 0xCA, 0x06, 0x08, 0xE4, 0xCA, 0x06, 0x08, 0xE4, 0xCA, 0x06, 0x08
	.byte 0x9C, 0xCA, 0x06, 0x08, 0xE4, 0xCA, 0x06, 0x08, 0xE4, 0xCA, 0x06, 0x08, 0xA0, 0xCA, 0x06, 0x08
	.byte 0xA4, 0xCA, 0x06, 0x08, 0xE4, 0xCA, 0x06, 0x08, 0xE4, 0xCA, 0x06, 0x08, 0xE4, 0xCA, 0x06, 0x08
	.byte 0xE4, 0xCA, 0x06, 0x08, 0xE4, 0xCA, 0x06, 0x08, 0xE4, 0xCA, 0x06, 0x08, 0xE4, 0xCA, 0x06, 0x08
	.byte 0xE4, 0xCA, 0x06, 0x08, 0xE4, 0xCA, 0x06, 0x08, 0xE4, 0xCA, 0x06, 0x08, 0x8C, 0xCA, 0x06, 0x08
	.byte 0x90, 0xCA, 0x06, 0x08, 0x94, 0xCA, 0x06, 0x08, 0x98, 0xCA, 0x06, 0x08, 0xE4, 0xCA, 0x06, 0x08
	.byte 0xE4, 0xCA, 0x06, 0x08, 0xB0, 0xCA, 0x06, 0x08, 0xB4, 0xCA, 0x06, 0x08, 0xE4, 0xCA, 0x06, 0x08
	.byte 0xE4, 0xCA, 0x06, 0x08, 0xE4, 0xCA, 0x06, 0x08, 0xE4, 0xCA, 0x06, 0x08, 0xBC, 0xCA, 0x06, 0x08
	.byte 0xE4, 0xCA, 0x06, 0x08, 0xE4, 0xCA, 0x06, 0x08, 0xE4, 0xCA, 0x06, 0x08, 0xE4, 0xCA, 0x06, 0x08
	.byte 0xE4, 0xCA, 0x06, 0x08, 0xE4, 0xCA, 0x06, 0x08, 0xE4, 0xCA, 0x06, 0x08, 0xE4, 0xCA, 0x06, 0x08
	.byte 0xE4, 0xCA, 0x06, 0x08, 0xE4, 0xCA, 0x06, 0x08, 0xE4, 0xCA, 0x06, 0x08, 0xE4, 0xCA, 0x06, 0x08
	.byte 0xE4, 0xCA, 0x06, 0x08, 0xE4, 0xCA, 0x06, 0x08, 0xE4, 0xCA, 0x06, 0x08, 0xE4, 0xCA, 0x06, 0x08
	.byte 0xE4, 0xCA, 0x06, 0x08, 0xC0, 0xCA, 0x06, 0x08, 0xE4, 0xCA, 0x06, 0x08, 0xE4, 0xCA, 0x06, 0x08
	.byte 0xC4, 0xCA, 0x06, 0x08, 0xE4, 0xCA, 0x06, 0x08, 0xE4, 0xCA, 0x06, 0x08, 0xE4, 0xCA, 0x06, 0x08
	.byte 0xD0, 0xCA, 0x06, 0x08, 0xE4, 0xCA, 0x06, 0x08, 0xE4, 0xCA, 0x06, 0x08, 0xE4, 0xCA, 0x06, 0x08
	.byte 0xE4, 0xCA, 0x06, 0x08, 0xE4, 0xCA, 0x06, 0x08, 0xE4, 0xCA, 0x06, 0x08, 0xE4, 0xCA, 0x06, 0x08
	.byte 0xE4, 0xCA, 0x06, 0x08, 0xE4, 0xCA, 0x06, 0x08, 0xE4, 0xCA, 0x06, 0x08, 0xE4, 0xCA, 0x06, 0x08
	.byte 0xB8, 0xCA, 0x06, 0x08, 0xE4, 0xCA, 0x06, 0x08, 0xA8, 0xCA, 0x06, 0x08, 0xAC, 0xCA, 0x06, 0x08
	.byte 0x00, 0x20, 0x00, 0x21, 0x20, 0x80, 0x29, 0x70, 0x44, 0xE0, 0xF5, 0x20, 0x39, 0xE0, 0xF6, 0x20
	.byte 0x37, 0xE0, 0xF9, 0x20, 0x35, 0xE0, 0xFA, 0x20, 0x33, 0xE0, 0xF1, 0x20, 0x31, 0xE0, 0xF0, 0x20
	.byte 0x2F, 0xE0, 0x14, 0x20, 0x20, 0x80, 0x02, 0x20, 0x28, 0x70, 0x33, 0xE0, 0xFD, 0x20, 0x28, 0xE0
	.byte 0xFC, 0x20, 0x26, 0xE0, 0xFE, 0x20, 0x24, 0xE0, 0xFB, 0x20, 0x22, 0xE0, 0xE8, 0x20, 0x20, 0xE0
	.byte 0xE9, 0x20, 0x1E, 0xE0, 0xEA, 0x20, 0x1C, 0xE0, 0xEB, 0x20, 0x1A, 0xE0, 0xFF, 0x20, 0x18, 0xE0
	.byte 0xEC, 0x20, 0x16, 0xE0, 0xED, 0x20, 0x14, 0xE0, 0xE7, 0x20, 0x12, 0xE0, 0xE6, 0x20, 0x10, 0xE0
	.byte 0xDF, 0x20, 0x0E, 0xE0, 0xFC, 0x20, 0x0C, 0xE0, 0xEE, 0x20, 0x0A, 0xE0, 0xEF, 0x20, 0x08, 0xE0
	.byte 0xF2, 0x20, 0x06, 0xE0, 0xF4, 0x20, 0x04, 0xE0, 0xF3, 0x20, 0x02, 0xE0, 0xF8, 0x20, 0x00, 0xE0
	.byte 0x8E, 0x20, 0x20, 0x80, 0x00, 0x20, 0x28, 0x70, 0x04, 0xE0, 0x10, 0x1C, 0x21, 0x1C, 0x2A, 0x1C
	.byte 0xFA, 0xF7, 0xAE, 0xF9, 0x28, 0x78, 0x01, 0x28, 0x18, 0xD0, 0x01, 0x28, 0x02, 0xDC, 0x00, 0x28
	.byte 0x05, 0xD0, 0x46, 0xE0, 0x02, 0x28, 0x21, 0xD0, 0x03, 0x28, 0x33, 0xD0, 0x41, 0xE0, 0x05, 0x49
	.byte 0x20, 0x88, 0x80, 0x00, 0x40, 0x18, 0x00, 0x68, 0xC0, 0x88, 0x20, 0x80, 0x20, 0x88, 0x40, 0x01
	.byte 0x01, 0x49, 0x1D, 0xE0, 0x04, 0xB2, 0xEE, 0x09, 0xB2, 0xB5, 0x0A, 0x09, 0x05, 0x49, 0x20, 0x88
	.byte 0x80, 0x00, 0x40, 0x18, 0x00, 0x68, 0xC0, 0x88, 0x20, 0x80, 0x20, 0x88, 0x40, 0x01, 0x02, 0x49
	.byte 0x0E, 0xE0, 0x00, 0x00, 0x08, 0xB6, 0xEE, 0x09, 0xBE, 0x3F, 0x0B, 0x09, 0x07, 0x49, 0x20, 0x88
	.byte 0x80, 0x00, 0x40, 0x18, 0x00, 0x68, 0xC0, 0x88, 0x20, 0x80, 0x20, 0x88, 0x40, 0x01, 0x04, 0x49
	.byte 0x40, 0x18, 0x39, 0x1C, 0x40, 0x22, 0xAB, 0xF0, 0x47, 0xFA, 0x12, 0xE0, 0x0C, 0xBA, 0xEE, 0x09
	.byte 0xCA, 0xC9, 0x0B, 0x09, 0x0F, 0x49, 0x20, 0x88, 0x80, 0x00, 0x40, 0x18, 0x00, 0x68, 0xC0, 0x88
	.byte 0x20, 0x80, 0x20, 0x88, 0x40, 0x01, 0x0C, 0x49, 0x40, 0x18, 0x39, 0x1C, 0x40, 0x22, 0xAB, 0xF0
	.byte 0x33, 0xFA, 0x80, 0x37, 0x40, 0x46, 0x01, 0x30, 0x00, 0x06, 0x00, 0x0E, 0x80, 0x46, 0x31, 0x88
	.byte 0x00, 0x29, 0x00, 0xD0, 0x5A, 0xE6, 0x40, 0x46, 0x02, 0xB0, 0x08, 0xBC, 0x98, 0x46, 0xF0, 0xBC
	.byte 0x02, 0xBC, 0x08, 0x47, 0x10, 0xBE, 0xEE, 0x09, 0xA6, 0x51, 0x0C, 0x09
	thumb_func_start func_0806CBAC
func_0806CBAC: @ 0806CBAC
	push {r4, r5, r6, lr}
	adds r5, r0, #0x0
	adds r4, r1, #0x0
	lsls r2, r2, #0x10
	lsrs r2, r2, #0x0B
	ldr r0, _0806CBC4 @ =0x06014000
	adds r6, r2, r0
	movs r3, #0x00
	ldr r0, _0806CBC8 @ =0x02034A90
	strb r3, [r0, #0x00]
	strh r3, [r4, #0x00]
	b _0806CD1A
_0806CBC4: .4byte 0x06014000
_0806CBC8: .4byte 0x02034A90
_0806CBCC:
	movs r2, #0x00
	cmp r0, #0x0A
	bne _0806CBD6
	strh r2, [r4, #0x00]
	b _0806CD18
_0806CBD6:
	subs r0, #0x20
	lsls r0, r0, #0x10
	lsrs r0, r0, #0x10
	cmp r0, #0xDF
	bhi _0806CBE4
	ldrh r2, [r5, #0x00]
	b _0806CCC6
_0806CBE4:
	ldrh r1, [r5, #0x00]
	movs r0, #0x99
	lsls r0, r0, #0x06
	cmp r1, r0
	beq _0806CCB8
	cmp r1, r0
	bgt _0806CC40
	ldr r0, _0806CC10 @ =0x00002192
	cmp r1, r0
	beq _0806CC98
	cmp r1, r0
	bgt _0806CC18
	subs r0, #0x02
	cmp r1, r0
	beq _0806CC94
	cmp r1, r0
	bgt _0806CC8C
	ldr r0, _0806CC14 @ =0x0000203B
	cmp r1, r0
	beq _0806CCAC
	b _0806CCC4
	.byte 0x00, 0x00
_0806CC10: .4byte 0x00002192
_0806CC14: .4byte 0x0000203B
_0806CC18:
	ldr r0, _0806CC2C @ =0x000025A0
	cmp r1, r0
	beq _0806CCC0
	cmp r1, r0
	bgt _0806CC34
	ldr r0, _0806CC30 @ =0x00002193
	cmp r1, r0
	beq _0806CC90
	b _0806CCC4
	.byte 0x00, 0x00
_0806CC2C: .4byte 0x000025A0
_0806CC30: .4byte 0x00002193
_0806CC34:
	ldr r0, _0806CC3C @ =0x00002605
	cmp r1, r0
	beq _0806CCBC
	b _0806CCC4
_0806CC3C: .4byte 0x00002605
_0806CC40:
	ldr r0, _0806CC5C @ =0x0000300D
	cmp r1, r0
	beq _0806CCA0
	cmp r1, r0
	bgt _0806CC70
	ldr r0, _0806CC60 @ =0x0000266A
	cmp r1, r0
	beq _0806CCB0
	cmp r1, r0
	bgt _0806CC64
	subs r0, #0x28
	cmp r1, r0
	beq _0806CCB4
	b _0806CCC4
_0806CC5C: .4byte 0x0000300D
_0806CC60: .4byte 0x0000266A
_0806CC64:
	ldr r0, _0806CC6C @ =0x0000300C
	cmp r1, r0
	beq _0806CC9C
	b _0806CCC4
_0806CC6C: .4byte 0x0000300C
_0806CC70:
	ldr r0, _0806CC88 @ =0x0000300F
	cmp r1, r0
	beq _0806CCA8
	cmp r1, r0
	blt _0806CCA4
	movs r0, #0xE0
	lsls r0, r0, #0x08
	cmp r1, r0
	bne _0806CCC4
	movs r2, #0x19
	b _0806CCC6
	.byte 0x00, 0x00
_0806CC88: .4byte 0x0000300F
_0806CC8C:
	movs r2, #0x0A
	b _0806CCC6
_0806CC90:
	movs r2, #0x0B
	b _0806CCC6
_0806CC94:
	movs r2, #0x0C
	b _0806CCC6
_0806CC98:
	movs r2, #0x0D
	b _0806CCC6
_0806CC9C:
	movs r2, #0x01
	b _0806CCC6
_0806CCA0:
	movs r2, #0x02
	b _0806CCC6
_0806CCA4:
	movs r2, #0x03
	b _0806CCC6
_0806CCA8:
	movs r2, #0x04
	b _0806CCC6
_0806CCAC:
	movs r2, #0x06
	b _0806CCC6
_0806CCB0:
	movs r2, #0x12
	b _0806CCC6
_0806CCB4:
	movs r2, #0x08
	b _0806CCC6
_0806CCB8:
	movs r2, #0x09
	b _0806CCC6
_0806CCBC:
	movs r2, #0x15
	b _0806CCC6
_0806CCC0:
	movs r2, #0x11
	b _0806CCC6
_0806CCC4:
	movs r2, #0x00
_0806CCC6:
	cmp r2, #0x20
	beq _0806CD0C
	ldr r1, _0806CCFC @ =0x08F7D438
	lsls r0, r2, #0x01
	adds r0, r0, r1
	ldrh r0, [r0, #0x00]
	strh r0, [r4, #0x00]
	ldr r1, _0806CD00 @ =0x09EEC134
	lsls r0, r2, #0x02
	adds r0, r0, r1
	ldr r0, [r0, #0x00]
	ldrh r2, [r0, #0x06]
	lsls r0, r2, #0x05
	ldr r1, _0806CD04 @ =0x090CBFB2
	adds r0, r0, r1
	adds r1, r6, #0x0
	movs r2, #0x40
	bl func_08117FE8
	adds r6, #0x80
	ldr r1, _0806CD08 @ =0x02034A90
	ldrb r0, [r1, #0x00]
	adds r0, #0x01
	strb r0, [r1, #0x00]
	adds r4, #0x02
	movs r3, #0x01
	b _0806CD18
_0806CCFC: .4byte 0x08F7D438
_0806CD00: .4byte 0x09EEC134
_0806CD04: .4byte 0x090CBFB2
_0806CD08: .4byte 0x02034A90
_0806CD0C:
	cmp r3, #0x00
	beq _0806CD18
	subs r1, r4, #0x2
	ldrh r0, [r1, #0x00]
	adds r0, #0x03
	strh r0, [r1, #0x00]
_0806CD18:
	adds r5, #0x02
_0806CD1A:
	ldrh r0, [r5, #0x00]
	cmp r0, #0x00
	beq _0806CD22
	b _0806CBCC
_0806CD22:
	ldr r0, _0806CD2C @ =0x02034A90
	ldrb r0, [r0, #0x00]
	pop {r4, r5, r6}
	pop {r1}
	bx r1
_0806CD2C: .4byte 0x02034A90
	thumb_func_start func_0806CD30
func_0806CD30: @ 0806CD30
	push {lr}
	cmp r0, #0x00
	beq _0806CD3C
	cmp r0, #0x01
	beq _0806CD4C
	b _0806CD56
_0806CD3C:
	ldr r1, _0806CD48 @ =0x096145D8
	movs r0, #0x00
	movs r2, #0x40
	bl func_080050DC
	b _0806CD56
_0806CD48: .4byte 0x096145D8
_0806CD4C:
	ldr r1, _0806CD5C @ =0x09614618
	movs r0, #0x00
	movs r2, #0x40
	bl func_080050DC
_0806CD56:
	pop {r0}
	bx r0
	.byte 0x00, 0x00
_0806CD5C: .4byte 0x09614618
	.byte 0x70, 0xB5, 0x06, 0x1C, 0x98, 0xF7, 0x7E, 0xF8, 0x00, 0x25, 0x35, 0x66, 0x00, 0x20, 0x00, 0x21
	.byte 0x00, 0x22, 0x98, 0xF7, 0x01, 0xFD, 0x00, 0x20, 0x00, 0x21, 0x1F, 0x22, 0x00, 0x23, 0x98, 0xF7
	.byte 0x79, 0xF9, 0x02, 0x20, 0x02, 0x21, 0x1C, 0x22, 0x0A, 0x23, 0x98, 0xF7, 0x73, 0xF9, 0x02, 0x20
	.byte 0x00, 0x21, 0x98, 0xF7, 0x19, 0xFC, 0x00, 0x20, 0x01, 0x21, 0x98, 0xF7, 0x15, 0xFC, 0x01, 0x20
	.byte 0x02, 0x21, 0x98, 0xF7, 0x11, 0xFC, 0x49, 0x49, 0xD5, 0x22, 0x52, 0x01, 0x00, 0x20, 0x98, 0xF7
	.byte 0x83, 0xF9, 0x47, 0x49, 0x80, 0x22, 0x12, 0x01, 0x00, 0x20, 0x98, 0xF7, 0xA7, 0xF9, 0x80, 0x21
	.byte 0x09, 0x02, 0x02, 0x20, 0x80, 0x22, 0x99, 0xF7, 0x19, 0xFC, 0x42, 0x48, 0x78, 0x21, 0x2E, 0x22
	.byte 0x99, 0xF7, 0xD2, 0xFC, 0x00, 0x20, 0x99, 0xF7, 0xAD, 0xFE, 0x3F, 0x48, 0xC0, 0x21, 0x95, 0xF7
	.byte 0x61, 0xFC, 0x30, 0x61, 0x3D, 0x48, 0x20, 0x21, 0x95, 0xF7, 0x14, 0xFE, 0x70, 0x61, 0x30, 0x6E
	.byte 0xFF, 0xF7, 0x9E, 0xFF, 0x80, 0x20, 0x80, 0x00, 0x00, 0x21, 0x95, 0xF7, 0x7D, 0xFD, 0x30, 0x60
	.byte 0x00, 0x20, 0x9B, 0xF7, 0x31, 0xF8, 0x36, 0x48, 0xA0, 0x21, 0x95, 0xF7, 0x03, 0xFE, 0x70, 0x60
	.byte 0x9B, 0xF7, 0x34, 0xF8, 0x30, 0x68, 0x33, 0x49, 0x95, 0xF7, 0xFA, 0xFD, 0x34, 0x1C, 0x20, 0x34
	.byte 0x31, 0x49, 0x32, 0x4A, 0x20, 0x1C, 0x98, 0xF7, 0x9F, 0xFD, 0x20, 0x1C, 0x00, 0x21, 0x01, 0x22
	.byte 0x98, 0xF7, 0xB8, 0xFD, 0x80, 0x20, 0xC0, 0x00, 0x00, 0x21, 0x95, 0xF7, 0x5D, 0xFD, 0xB0, 0x60
	.byte 0x2B, 0x48, 0x20, 0x21, 0x95, 0xF7, 0xE6, 0xFD, 0xF0, 0x60, 0xB0, 0x68, 0x29, 0x49, 0x95, 0xF7
	.byte 0xDF, 0xFD, 0x18, 0x34, 0x28, 0x49, 0x29, 0x4A, 0x20, 0x1C, 0x98, 0xF7, 0x85, 0xFD, 0x20, 0x1C
	.byte 0x00, 0x21, 0x01, 0x22, 0x98, 0xF7, 0x9E, 0xFD, 0x25, 0x48, 0xB0, 0x65, 0xA0, 0x20, 0x00, 0x02
	.byte 0xF0, 0x65, 0x31, 0x1C, 0x6B, 0x31, 0x10, 0x20, 0x08, 0x70, 0xBC, 0x20, 0x00, 0x02, 0x30, 0x65
	.byte 0x80, 0x20, 0xC0, 0x01, 0x70, 0x65, 0x30, 0x1C, 0x64, 0x30, 0x05, 0x70, 0x02, 0x30, 0x05, 0x80
	.byte 0x01, 0x20, 0x18, 0x21, 0x99, 0xF7, 0x44, 0xF9, 0x00, 0x24, 0x70, 0x68, 0xC0, 0x88, 0x00, 0x19
	.byte 0x00, 0x04, 0x00, 0x0C, 0x00, 0x21, 0x99, 0xF7, 0x25, 0xFA, 0x60, 0x1C, 0x00, 0x06, 0x04, 0x0E
	.byte 0x04, 0x2C, 0xF2, 0xD9, 0x32, 0x1C, 0x66, 0x32, 0x00, 0x20, 0x80, 0x21, 0x49, 0x01, 0x11, 0x80
	.byte 0x31, 0x1C, 0x6A, 0x31, 0x08, 0x70, 0x70, 0xBC, 0x01, 0xBC, 0x00, 0x47, 0x18, 0xA4, 0x41, 0x09
	.byte 0xB8, 0xCA, 0x51, 0x09, 0xE0, 0xA7, 0xED, 0x09, 0x9A, 0x7D, 0x0A, 0x09, 0xF8, 0x46, 0x61, 0x09
	.byte 0x58, 0x46, 0x61, 0x09, 0x26, 0x6B, 0x0A, 0x09, 0x08, 0xB1, 0xEE, 0x09, 0xC4, 0xB0, 0xEE, 0x09
	.byte 0xA4, 0x83, 0xF6, 0x08, 0x0A, 0x7F, 0x0A, 0x09, 0x4C, 0xB1, 0xEE, 0x09, 0x1C, 0xB1, 0xEE, 0x09
	.byte 0x00, 0xF8, 0xFF, 0xFF, 0x70, 0xB5, 0x06, 0x1C, 0x97, 0xF7, 0xAC, 0xFF, 0x00, 0x25, 0x35, 0x66
	.byte 0x00, 0x20, 0x00, 0x21, 0x00, 0x22, 0x98, 0xF7, 0x2F, 0xFC, 0x00, 0x20, 0x00, 0x21, 0x1F, 0x22
	.byte 0x00, 0x23, 0x98, 0xF7, 0xA7, 0xF8, 0x02, 0x20, 0x02, 0x21, 0x1C, 0x22, 0x0A, 0x23, 0x98, 0xF7
	.byte 0xA1, 0xF8, 0x02, 0x20, 0x00, 0x21, 0x98, 0xF7, 0x47, 0xFB, 0x00, 0x20, 0x01, 0x21, 0x98, 0xF7
	.byte 0x43, 0xFB, 0x01, 0x20, 0x02, 0x21, 0x98, 0xF7, 0x3F, 0xFB, 0x49, 0x49, 0xD5, 0x22, 0x52, 0x01
	.byte 0x00, 0x20, 0x98, 0xF7, 0xB1, 0xF8, 0x47, 0x49, 0x80, 0x22, 0x12, 0x01, 0x00, 0x20, 0x98, 0xF7
	.byte 0xD5, 0xF8, 0x80, 0x21, 0x09, 0x02, 0x02, 0x20, 0x80, 0x22, 0x99, 0xF7, 0x47, 0xFB, 0x42, 0x48
	.byte 0x78, 0x21, 0x2E, 0x22, 0x99, 0xF7, 0x00, 0xFC, 0x00, 0x20, 0x99, 0xF7, 0xDB, 0xFD, 0x3F, 0x48
	.byte 0xC0, 0x21, 0x95, 0xF7, 0x8F, 0xFB, 0x30, 0x61, 0x3D, 0x48, 0x20, 0x21, 0x95, 0xF7, 0x42, 0xFD
	.byte 0x70, 0x61, 0x30, 0x6E, 0xFF, 0xF7, 0xCC, 0xFE, 0x80, 0x20, 0x80, 0x00, 0x00, 0x21, 0x95, 0xF7
	.byte 0xAB, 0xFC, 0x30, 0x60, 0x00, 0x20, 0x9A, 0xF7, 0x5F, 0xFF, 0x36, 0x48, 0xA0, 0x21, 0x95, 0xF7
	.byte 0x31, 0xFD, 0x70, 0x60, 0x9A, 0xF7, 0x62, 0xFF, 0x30, 0x68, 0x33, 0x49, 0x95, 0xF7, 0x28, 0xFD
	.byte 0x34, 0x1C, 0x20, 0x34, 0x31, 0x49, 0x32, 0x4A, 0x20, 0x1C, 0x98, 0xF7, 0xCD, 0xFC, 0x20, 0x1C
	.byte 0x00, 0x21, 0x01, 0x22, 0x98, 0xF7, 0xE6, 0xFC, 0x80, 0x20, 0xC0, 0x00, 0x00, 0x21, 0x95, 0xF7
	.byte 0x8B, 0xFC, 0xB0, 0x60, 0x2B, 0x48, 0x20, 0x21, 0x95, 0xF7, 0x14, 0xFD, 0xF0, 0x60, 0xB0, 0x68
	.byte 0x29, 0x49, 0x95, 0xF7, 0x0D, 0xFD, 0x18, 0x34, 0x28, 0x49, 0x29, 0x4A, 0x20, 0x1C, 0x98, 0xF7
	.byte 0xB3, 0xFC, 0x20, 0x1C, 0x00, 0x21, 0x01, 0x22, 0x98, 0xF7, 0xCC, 0xFC, 0x25, 0x48, 0xB0, 0x65
	.byte 0xA0, 0x20, 0x00, 0x02, 0xF0, 0x65, 0x31, 0x1C, 0x6B, 0x31, 0x10, 0x20, 0x08, 0x70, 0xBC, 0x20
	.byte 0x00, 0x02, 0x30, 0x65, 0x80, 0x20, 0xC0, 0x01, 0x70, 0x65, 0x30, 0x1C, 0x64, 0x30, 0x05, 0x70
	.byte 0x02, 0x30, 0x05, 0x80, 0x01, 0x20, 0x18, 0x21, 0x99, 0xF7, 0x72, 0xF8, 0x00, 0x24, 0x70, 0x68
	.byte 0xC0, 0x88, 0x00, 0x19, 0x00, 0x04, 0x00, 0x0C, 0x00, 0x21, 0x99, 0xF7, 0x53, 0xF9, 0x60, 0x1C
	.byte 0x00, 0x06, 0x04, 0x0E, 0x04, 0x2C, 0xF2, 0xD9, 0x32, 0x1C, 0x66, 0x32, 0x00, 0x20, 0x80, 0x21
	.byte 0x49, 0x01, 0x11, 0x80, 0x31, 0x1C, 0x6A, 0x31, 0x08, 0x70, 0x70, 0xBC, 0x01, 0xBC, 0x00, 0x47
	.byte 0x18, 0xA4, 0x41, 0x09, 0xB8, 0xCA, 0x51, 0x09, 0xE0, 0xA7, 0xED, 0x09, 0x9A, 0x7D, 0x0A, 0x09
	.byte 0xF8, 0x46, 0x61, 0x09, 0x58, 0x46, 0x61, 0x09, 0x26, 0x6B, 0x0A, 0x09, 0x08, 0xB1, 0xEE, 0x09
	.byte 0xC4, 0xB0, 0xEE, 0x09, 0x18, 0x81, 0x61, 0x09, 0xC4, 0x8F, 0x0A, 0x09, 0x80, 0xB1, 0xEE, 0x09
	.byte 0x50, 0xB1, 0xEE, 0x09, 0x00, 0xF8, 0xFF, 0xFF, 0xF0, 0xB5, 0x06, 0x1C, 0x99, 0xF7, 0x52, 0xFC
	.byte 0x30, 0x1C, 0x20, 0x30, 0x98, 0xF7, 0xD6, 0xFC, 0xB0, 0x61, 0x30, 0x1C, 0x38, 0x30, 0x98, 0xF7
	.byte 0xD1, 0xFC, 0xF0, 0x61, 0x1E, 0x49, 0x1F, 0x4A, 0x10, 0x1C, 0x08, 0x80, 0x1E, 0x49, 0x30, 0x1C
	.byte 0x66, 0x30, 0x00, 0x88, 0x08, 0x80, 0x34, 0x1C, 0x6A, 0x34, 0x20, 0x78, 0x00, 0x28, 0x06, 0xD1
	.byte 0x99, 0xF7, 0x18, 0xF9, 0x00, 0x06, 0x00, 0x28, 0x01, 0xD1, 0x01, 0x20, 0x20, 0x70, 0x30, 0x1C
	.byte 0x6A, 0x30, 0x01, 0x78, 0x07, 0x1C, 0x01, 0x29, 0x66, 0xD1, 0x01, 0x30, 0x00, 0x21, 0x41, 0x56
	.byte 0x04, 0x1C, 0x00, 0x29, 0x14, 0xDD, 0x13, 0x38, 0x00, 0x22, 0xA2, 0x56, 0x12, 0x04, 0x12, 0x0C
	.byte 0x00, 0x21, 0x98, 0xF7, 0xF3, 0xFB, 0x30, 0x1C, 0x5C, 0x30, 0x98, 0x21, 0x09, 0x02, 0x00, 0x22
	.byte 0xA2, 0x56, 0x12, 0x04, 0x12, 0x0C, 0x98, 0xF7, 0xE9, 0xFB, 0x20, 0x78, 0x01, 0x38, 0x20, 0x70
	.byte 0x31, 0x1C, 0x66, 0x31, 0x0A, 0x88, 0x05, 0x48, 0x82, 0x42, 0x09, 0xD8, 0x50, 0x1C, 0x08, 0xE0
	.byte 0x54, 0x75, 0x00, 0x03, 0x54, 0x0B, 0x00, 0x00, 0x64, 0x75, 0x00, 0x03, 0x0F, 0x10, 0x00, 0x00
	.byte 0x14, 0x48, 0x08, 0x80, 0x94, 0xF7, 0x1C, 0xF9, 0x40, 0x21, 0x01, 0x40, 0x00, 0x29, 0x07, 0xD0
	.byte 0x30, 0x6E, 0x01, 0x28, 0x04, 0xD1, 0x00, 0x20, 0x30, 0x66, 0x65, 0x20, 0xB2, 0xF0, 0x80, 0xFE
	.byte 0x94, 0xF7, 0x0E, 0xF9, 0x80, 0x21, 0x01, 0x40, 0x00, 0x29, 0x07, 0xD0, 0x30, 0x6E, 0x00, 0x28
	.byte 0x04, 0xD1, 0x01, 0x20, 0x30, 0x66, 0x65, 0x20, 0xB2, 0xF0, 0x72, 0xFE, 0x94, 0xF7, 0xFA, 0xF8
	.byte 0x01, 0x21, 0x01, 0x40, 0x00, 0x29, 0x17, 0xD0, 0x30, 0x6E, 0x00, 0x28, 0x04, 0xD0, 0x01, 0x28
	.byte 0x07, 0xD0, 0x0A, 0xE0, 0x10, 0x10, 0x00, 0x00, 0x00, 0x20, 0x60, 0x21, 0x98, 0xF7, 0xEA, 0xFF
	.byte 0x03, 0xE0, 0x00, 0x20, 0x60, 0x21, 0x98, 0xF7, 0xE5, 0xFF, 0x66, 0x20, 0xB2, 0xF0, 0x58, 0xFE
	.byte 0x02, 0x20, 0x38, 0x70, 0x10, 0x20, 0x20, 0x70, 0x38, 0x78, 0x02, 0x28, 0x43, 0xD1, 0x34, 0x1C
	.byte 0x6B, 0x34, 0x00, 0x20, 0x20, 0x56, 0x00, 0x28, 0x15, 0xDD, 0x30, 0x1C, 0x58, 0x30, 0x0F, 0x49
	.byte 0x00, 0x22, 0xA2, 0x56, 0x12, 0x04, 0x12, 0x0C, 0x98, 0xF7, 0x88, 0xFB, 0x30, 0x1C, 0x5C, 0x30
	.byte 0xA0, 0x21, 0x09, 0x02, 0x00, 0x22, 0xA2, 0x56, 0x12, 0x04, 0x12, 0x0C, 0x98, 0xF7, 0x7E, 0xFB
	.byte 0x20, 0x78, 0x01, 0x38, 0x20, 0x70, 0x31, 0x1C, 0x66, 0x31, 0x08, 0x88, 0x80, 0x22, 0x52, 0x01
	.byte 0x90, 0x42, 0x05, 0xD9, 0x01, 0x38, 0x08, 0x80, 0x03, 0xE0, 0x00, 0x00, 0x00, 0xF8, 0xFF, 0xFF
	.byte 0x0A, 0x80, 0x99, 0xF7, 0x77, 0xF8, 0x00, 0x06, 0x00, 0x28, 0x14, 0xD1, 0x00, 0x20, 0x97, 0xF7
	.byte 0xF5, 0xFE, 0x02, 0x20, 0x97, 0xF7, 0xF2, 0xFE, 0x11, 0x4C, 0x80, 0x25, 0x2D, 0x01, 0x00, 0x20
	.byte 0x21, 0x1C, 0x2A, 0x1C, 0x97, 0xF7, 0x62, 0xFF, 0x02, 0x20, 0x21, 0x1C, 0x2A, 0x1C, 0x97, 0xF7
	.byte 0x5D, 0xFF, 0x03, 0x20, 0x38, 0x70, 0x30, 0x6E, 0xFF, 0xF7, 0x6A, 0xFD, 0x09, 0x4A, 0x31, 0x6E
	.byte 0x89, 0x00, 0x89, 0x18, 0x09, 0x68, 0x72, 0x6D, 0x89, 0x1A, 0xC9, 0x10, 0x52, 0x18, 0x72, 0x65
	.byte 0x32, 0x1C, 0x64, 0x32, 0x11, 0x78, 0x04, 0x31, 0x11, 0x70, 0xF0, 0xBC, 0x02, 0xBC, 0x08, 0x47
	.byte 0x24, 0x5E, 0x12, 0x08, 0xFC, 0xDA, 0xF7, 0x08, 0x70, 0xB5, 0x84, 0xB0, 0x05, 0x1C, 0x28, 0x6D
	.byte 0x00, 0x02, 0x00, 0x14, 0x69, 0x6D, 0x09, 0x02, 0x09, 0x14, 0xAA, 0x69, 0x2B, 0x68, 0x6C, 0x68
	.byte 0x00, 0x94, 0x00, 0x26, 0x01, 0x96, 0x04, 0x24, 0x02, 0x94, 0x64, 0x24, 0x03, 0x94, 0x95, 0xF7
	.byte 0x97, 0xF8, 0xEA, 0x69, 0xAB, 0x68, 0xE8, 0x68, 0x00, 0x90, 0x01, 0x96, 0x02, 0x96, 0x03, 0x94
	.byte 0x78, 0x20, 0x78, 0x21, 0x95, 0xF7, 0x8C, 0xF8, 0x04, 0xB0, 0x70, 0xBC, 0x01, 0xBC, 0x00, 0x47
	.byte 0x70, 0xB5, 0x04, 0x1C, 0x00, 0x20, 0x97, 0xF7, 0xA1, 0xFE, 0x02, 0x20, 0x97, 0xF7, 0x9E, 0xFE
	.byte 0x12, 0x4D, 0x80, 0x26, 0x36, 0x01, 0x00, 0x20, 0x29, 0x1C, 0x32, 0x1C, 0x97, 0xF7, 0x0E, 0xFF
	.byte 0x02, 0x20, 0x29, 0x1C, 0x32, 0x1C, 0x97, 0xF7, 0x09, 0xFF, 0xA0, 0x68, 0x95, 0xF7, 0xE0, 0xFA
	.byte 0xE0, 0x68, 0x95, 0xF7, 0x85, 0xFC, 0x60, 0x68, 0x95, 0xF7, 0x82, 0xFC, 0x20, 0x68, 0x95, 0xF7
	.byte 0xD7, 0xFA, 0x20, 0x69, 0x95, 0xF7, 0xD4, 0xFA, 0x60, 0x69, 0x95, 0xF7, 0x79, 0xFC, 0x04, 0x49
	.byte 0x00, 0x20, 0x08, 0x80, 0x70, 0xBC, 0x01, 0xBC, 0x00, 0x47, 0x00, 0x00, 0x24, 0x5E, 0x12, 0x08
	.byte 0x54, 0x75, 0x00, 0x03, 0x30, 0xB5, 0x04, 0x1C, 0x30, 0x48, 0x00, 0x25, 0x05, 0x60, 0x30, 0x48
	.byte 0x05, 0x60, 0xA5, 0x62, 0x08, 0x78, 0x00, 0x23, 0xA0, 0x85, 0x48, 0x78, 0x21, 0x1C, 0x2E, 0x31
	.byte 0x08, 0x70, 0x2C, 0x49, 0xA0, 0x8D, 0x80, 0x00, 0x40, 0x18, 0x00, 0x68, 0x60, 0x63, 0x20, 0x1C
	.byte 0x30, 0x30, 0x03, 0x70, 0x01, 0x30, 0x03, 0x70, 0x27, 0x4A, 0x10, 0x68, 0x8A, 0x30, 0x03, 0x70
	.byte 0x20, 0x1C, 0x2F, 0x30, 0x03, 0x70, 0x03, 0x30, 0x03, 0x70, 0x11, 0x68, 0x00, 0x29, 0x39, 0xD0
	.byte 0x7A, 0x31, 0x01, 0x20, 0x08, 0x70, 0x10, 0x68, 0x7B, 0x30, 0x03, 0x70, 0x10, 0x68, 0x78, 0x30
	.byte 0x03, 0x70, 0x10, 0x68, 0x79, 0x30, 0x03, 0x70, 0x10, 0x68, 0x7F, 0x30, 0x03, 0x70, 0x11, 0x68
	.byte 0x08, 0x1C, 0x68, 0x30, 0x05, 0x80, 0x02, 0x30, 0x05, 0x80, 0x16, 0x30, 0x03, 0x70, 0x10, 0x68
	.byte 0x82, 0x30, 0x03, 0x70, 0x10, 0x68, 0x84, 0x30, 0x03, 0x70, 0x10, 0x68, 0x85, 0x30, 0x03, 0x70
	.byte 0x10, 0x68, 0x83, 0x30, 0x03, 0x70, 0x01, 0x20, 0x97, 0xF7, 0xB2, 0xFE, 0x80, 0x21, 0x09, 0x02
	.byte 0x97, 0xF7, 0x34, 0xF8, 0x60, 0x6B, 0x80, 0x68, 0x40, 0x69, 0x80, 0x21, 0x08, 0x40, 0x00, 0x28
	.byte 0x08, 0xD0, 0x1F, 0x20, 0x1F, 0x21, 0x1F, 0x22, 0x98, 0xF7, 0xC6, 0xF9, 0x01, 0x20, 0x40, 0x21
	.byte 0x98, 0xF7, 0x96, 0xFE, 0x30, 0xBC, 0x01, 0xBC, 0x00, 0x47, 0x00, 0x00, 0xD0, 0x9D, 0x03, 0x02
	.byte 0x84, 0x9B, 0x03, 0x02, 0xB4, 0x3F, 0xEE, 0x09, 0xC8, 0x9D, 0x03, 0x02, 0xF0, 0xB5, 0x57, 0x46
	.byte 0x4E, 0x46, 0x45, 0x46, 0xE0, 0xB4, 0x84, 0xB0, 0x06, 0x1C, 0x8A, 0x46, 0x00, 0x20, 0x03, 0x90
	.byte 0x15, 0x49, 0xB0, 0x8D, 0x80, 0x00, 0x40, 0x18, 0x05, 0x68, 0x00, 0x2D, 0x00, 0xD1, 0xF6, 0xE0
	.byte 0x68, 0x68, 0x00, 0x28, 0x3A, 0xD0, 0x28, 0x1C, 0x2D, 0x30, 0x01, 0x78, 0x01, 0x20, 0x08, 0x40
	.byte 0x00, 0x28, 0x1B, 0xD0, 0x00, 0x20, 0x03, 0x21, 0x1F, 0x22, 0x0E, 0x23, 0x97, 0xF7, 0x12, 0xFE
	.byte 0x01, 0x20, 0x00, 0x21, 0x1D, 0x22, 0x00, 0x23, 0x97, 0xF7, 0x0C, 0xFE, 0x02, 0x20, 0x02, 0x21
	.byte 0x1E, 0x22, 0x00, 0x23, 0x97, 0xF7, 0x06, 0xFE, 0x03, 0x20, 0x00, 0x21, 0x1C, 0x22, 0x00, 0x23
	.byte 0x97, 0xF7, 0x00, 0xFE, 0x1A, 0xE0, 0x00, 0x00, 0xA0, 0x3C, 0xEE, 0x09, 0x00, 0x20, 0x03, 0x21
	.byte 0x1F, 0x22, 0x0E, 0x23, 0x97, 0xF7, 0xF6, 0xFD, 0x01, 0x20, 0x02, 0x21, 0x1E, 0x22, 0x00, 0x23
	.byte 0x97, 0xF7, 0xF0, 0xFD, 0x02, 0x20, 0x00, 0x21, 0x16, 0x22, 0x00, 0x23, 0x97, 0xF7, 0xEA, 0xFD
	.byte 0x03, 0x20, 0x00, 0x21, 0x17, 0x22, 0x00, 0x23, 0x97, 0xF7, 0xE4, 0xFD, 0x28, 0x1C, 0x24, 0x30
	.byte 0x00, 0x78, 0x00, 0x28, 0x24, 0xD0, 0x29, 0x68, 0x2A, 0x8B, 0x02, 0x20, 0x97, 0xF7, 0xFC, 0xFD
	.byte 0xA9, 0x68, 0xAA, 0x8B, 0x02, 0x20, 0x97, 0xF7, 0x09, 0xFE, 0x02, 0x20, 0x80, 0x21, 0x98, 0xF7
	.byte 0x9F, 0xF8, 0x80, 0x21, 0x09, 0x02, 0x02, 0x20, 0x98, 0xF7, 0x88, 0xF8, 0xE8, 0x68, 0x01, 0x68
	.byte 0x80, 0x22, 0x52, 0x01, 0x02, 0x20, 0x97, 0xF7, 0x11, 0xFE, 0x80, 0x23, 0x5B, 0x00, 0x00, 0x20
	.byte 0x00, 0x90, 0x01, 0x90, 0x02, 0x20, 0x00, 0x21, 0x1A, 0x1C, 0x98, 0xF7, 0xC9, 0xF8, 0x8E, 0xE0
	.byte 0x29, 0x68, 0x2A, 0x8B, 0x03, 0x20, 0x97, 0xF7, 0xD7, 0xFD, 0xA9, 0x68, 0xAA, 0x8B, 0x03, 0x20
	.byte 0x97, 0xF7, 0xE4, 0xFD, 0x6B, 0x68, 0x00, 0x2B, 0x11, 0xD0, 0x28, 0x1C, 0x2D, 0x30, 0x01, 0x78
	.byte 0x01, 0x20, 0x08, 0x40, 0x00, 0x28, 0x05, 0xD0, 0x6A, 0x8B, 0x02, 0x20, 0x19, 0x1C, 0x97, 0xF7
	.byte 0xC3, 0xFD, 0x04, 0xE0, 0x6A, 0x8B, 0x01, 0x20, 0x19, 0x1C, 0x97, 0xF7, 0xBD, 0xFD, 0xE9, 0x68
	.byte 0x00, 0x29, 0x09, 0xD0, 0xAA, 0x7F, 0xEB, 0x7F, 0x03, 0x20, 0x97, 0xF7, 0x0F, 0xFE, 0x03, 0x20
	.byte 0x00, 0x21, 0x00, 0x22, 0x97, 0xF7, 0x36, 0xFE, 0x29, 0x69, 0x00, 0x29, 0x12, 0xD0, 0xAA, 0x7F
	.byte 0xEB, 0x7F, 0x02, 0x20, 0x97, 0xF7, 0x02, 0xFE, 0x02, 0x20, 0x00, 0x21, 0x00, 0x22, 0x97, 0xF7
	.byte 0x29, 0xFE, 0x03, 0x48, 0x00, 0x68, 0x78, 0x30, 0x01, 0x21, 0x01, 0x70, 0x05, 0xE0, 0x00, 0x00
	.byte 0xC8, 0x9D, 0x03, 0x02, 0x02, 0x20, 0x97, 0xF7, 0x49, 0xFD, 0x68, 0x69, 0x00, 0x28, 0x43, 0xD0
	.byte 0x28, 0x1C, 0x2D, 0x30, 0x01, 0x78, 0x02, 0x20, 0x08, 0x40, 0x00, 0x06, 0x02, 0x0E, 0x00, 0x2A
	.byte 0x20, 0xD0, 0x0A, 0x49, 0x0A, 0x4A, 0x10, 0x1C, 0x08, 0x80, 0x0A, 0x48, 0x0A, 0x49, 0x0C, 0x1C
	.byte 0x04, 0x80, 0x02, 0x20, 0x01, 0x21, 0x98, 0xF7, 0x07, 0xF8, 0x08, 0x48, 0x00, 0x68, 0x02, 0x1C
	.byte 0x6E, 0x32, 0x07, 0x49, 0x11, 0x80, 0x70, 0x30, 0x04, 0x80, 0x12, 0xE0, 0x54, 0x75, 0x00, 0x03
	.byte 0x44, 0x18, 0x00, 0x00, 0x64, 0x75, 0x00, 0x03, 0x0E, 0x05, 0x00, 0x00, 0xC8, 0x9D, 0x03, 0x02
	.byte 0x42, 0x1D, 0x00, 0x00, 0x0B, 0x48, 0x00, 0x68, 0x01, 0x1C, 0x6E, 0x31, 0x0A, 0x80, 0x70, 0x30
	.byte 0x02, 0x80, 0x69, 0x69, 0xAA, 0x7F, 0xEB, 0x7F, 0x01, 0x20, 0x97, 0xF7, 0xB7, 0xFD, 0x01, 0x20
	.byte 0x00, 0x21, 0x00, 0x22, 0x97, 0xF7, 0xDE, 0xFD, 0x02, 0x48, 0x00, 0x68, 0x79, 0x30, 0x01, 0x21
	.byte 0x01, 0x70, 0x04, 0xE0, 0xC8, 0x9D, 0x03, 0x02, 0x01, 0x20, 0x97, 0xF7, 0xFF, 0xFC, 0x70, 0x6B
	.byte 0x82, 0x68, 0x17, 0x4B, 0x18, 0x68, 0x51, 0x68, 0x01, 0x65, 0x92, 0x68, 0x42, 0x65, 0x15, 0x4C
	.byte 0x09, 0x19, 0x81, 0x64, 0x14, 0x49, 0x52, 0x18, 0xC2, 0x64, 0x00, 0x24, 0x44, 0x66, 0x02, 0x1C
	.byte 0x6C, 0x32, 0x00, 0x21, 0x14, 0x80, 0x7C, 0x30, 0x01, 0x70, 0x18, 0x68, 0x87, 0x30, 0x01, 0x70
	.byte 0x18, 0x68, 0x81, 0x30, 0x01, 0x70, 0x18, 0x68, 0x88, 0x30, 0x01, 0x70, 0x18, 0x68, 0x89, 0x30
	.byte 0x01, 0x70, 0x18, 0x68, 0x7D, 0x30, 0x01, 0x70, 0x18, 0x68, 0x7E, 0x30, 0x01, 0x70, 0x1B, 0x68
	.byte 0x1C, 0x66, 0x28, 0x6A, 0x05, 0x28, 0x09, 0xD0, 0x58, 0x64, 0x01, 0x22, 0x03, 0x92, 0x06, 0xE0
	.byte 0xC8, 0x9D, 0x03, 0x02, 0x00, 0x88, 0xFF, 0xFF, 0x00, 0xB0, 0xFF, 0xFF, 0x58, 0x64, 0x00, 0x22
	.byte 0x77, 0x6B, 0x14, 0x24, 0xA4, 0x19, 0xA0, 0x46, 0x2C, 0x20, 0x80, 0x19, 0x81, 0x46, 0x36, 0x4C
	.byte 0x00, 0x23, 0x20, 0x68, 0x91, 0x00, 0x40, 0x18, 0x03, 0x60, 0x50, 0x1C, 0x00, 0x04, 0x02, 0x0C
	.byte 0x0F, 0x2A, 0xF6, 0xD9, 0x39, 0x78, 0x08, 0x31, 0x30, 0x1C, 0x93, 0xF7, 0xD3, 0xFB, 0x40, 0x46
	.byte 0x01, 0x21, 0x93, 0xF7, 0xCF, 0xFB, 0x2D, 0x49, 0x40, 0x46, 0x4A, 0x46, 0x93, 0xF7, 0xA2, 0xFB
	.byte 0xB0, 0x62, 0x00, 0x24, 0x39, 0x78, 0x8C, 0x42, 0x29, 0xD2, 0xB1, 0x8D, 0x28, 0x48, 0x02, 0x9A
	.byte 0x02, 0x40, 0x0A, 0x43, 0x02, 0x92, 0x79, 0x68, 0xE0, 0x00, 0x40, 0x18, 0x01, 0x79, 0x09, 0x04
	.byte 0x24, 0x48, 0x10, 0x40, 0x08, 0x43, 0x22, 0x06, 0x23, 0x49, 0x08, 0x40, 0x10, 0x43, 0x02, 0x90
	.byte 0x02, 0x02, 0x10, 0x0E, 0x5E, 0x28, 0x07, 0xD9, 0x31, 0x1C, 0x32, 0x31, 0x01, 0x20, 0x08, 0x70
	.byte 0x19, 0x48, 0x01, 0x68, 0x10, 0x0E, 0x08, 0x66, 0x30, 0x1C, 0x1C, 0x49, 0x02, 0xAA, 0x93, 0xF7
	.byte 0x79, 0xFB, 0x60, 0x1C, 0x00, 0x06, 0x04, 0x0E, 0x3A, 0x78, 0x94, 0x42, 0xD5, 0xD3, 0x18, 0x49
	.byte 0x30, 0x1C, 0x4A, 0x46, 0x93, 0xF7, 0x6E, 0xFB, 0x16, 0x49, 0x30, 0x1C, 0x4A, 0x46, 0x93, 0xF7
	.byte 0x69, 0xFB, 0x15, 0x49, 0x30, 0x1C, 0x4A, 0x46, 0x93, 0xF7, 0x64, 0xFB, 0x03, 0x9C, 0x00, 0x2C
	.byte 0x04, 0xD0, 0x12, 0x49, 0x30, 0x1C, 0x00, 0x22, 0x93, 0xF7, 0x5C, 0xFB, 0x70, 0x6B, 0x80, 0x68
	.byte 0x41, 0x69, 0xFF, 0x20, 0x00, 0x01, 0x01, 0x40, 0x00, 0x29, 0x19, 0xD1, 0x00, 0x20, 0x40, 0x21
	.byte 0x98, 0xF7, 0xD6, 0xFC, 0x1A, 0xE0, 0x00, 0x00, 0xC8, 0x9D, 0x03, 0x02, 0x34, 0x47, 0xEE, 0x09
	.byte 0x00, 0x00, 0xFF, 0xFF, 0xFF, 0xFF, 0x00, 0xFF, 0xFF, 0xFF, 0xFF, 0x00, 0xEC, 0x46, 0xEE, 0x09
	.byte 0x94, 0x47, 0xEE, 0x09, 0xC4, 0x48, 0xEE, 0x09, 0xD4, 0x79, 0xEE, 0x09, 0x50, 0x4A, 0xEE, 0x09
	.byte 0x80, 0x29, 0x03, 0xD1, 0x01, 0x20, 0x78, 0x21, 0x98, 0xF7, 0xBA, 0xFC, 0x00, 0x20, 0x30, 0x87
	.byte 0x00, 0x2D, 0x15, 0xD0, 0xA8, 0x6A, 0x00, 0x28, 0x04, 0xD0, 0x10, 0x49, 0x30, 0x1C, 0x4A, 0x46
	.byte 0x93, 0xF7, 0x28, 0xFB, 0x28, 0x1C, 0x2D, 0x30, 0x01, 0x78, 0x01, 0x20, 0x08, 0x40, 0x00, 0x28
	.byte 0x06, 0xD0, 0x5C, 0xF0, 0xC3, 0xFD, 0x0A, 0x49, 0x30, 0x1C, 0x00, 0x22, 0x93, 0xF7, 0x1A, 0xFB
	.byte 0x08, 0x49, 0x50, 0x46, 0x93, 0xF7, 0xD2, 0xFB, 0x01, 0x20, 0x04, 0xB0, 0x38, 0xBC, 0x98, 0x46
	.byte 0xA1, 0x46, 0xAA, 0x46, 0xF0, 0xBC, 0x02, 0xBC, 0x08, 0x47, 0x00, 0x00, 0x80, 0x79, 0xEE, 0x09
	.byte 0xE8, 0x49, 0xEF, 0x09, 0x31, 0xD8, 0x06, 0x08, 0x00, 0xB5, 0x98, 0xF7, 0x83, 0xFD, 0x00, 0x06
	.byte 0x01, 0x0E, 0x00, 0x29, 0x01, 0xD0, 0x01, 0x20, 0x06, 0xE0, 0x04, 0x48, 0x00, 0x68, 0x7A, 0x30
	.byte 0x01, 0x70, 0xB2, 0xF0, 0xBF, 0xFB, 0x00, 0x20, 0x02, 0xBC, 0x08, 0x47, 0xC8, 0x9D, 0x03, 0x02
	.byte 0x70, 0xB5, 0x05, 0x1C, 0x0E, 0x1C, 0x03, 0x4C, 0x20, 0x68, 0x00, 0x28, 0x04, 0xD1, 0x00, 0x20
	.byte 0xCF, 0xE0, 0x00, 0x00, 0xC8, 0x9D, 0x03, 0x02, 0x93, 0xF7, 0x9C, 0xFD, 0x08, 0x21, 0x01, 0x40
	.byte 0x09, 0x04, 0x09, 0x0C, 0x00, 0x29, 0x13, 0xD0, 0xA8, 0x8D, 0x22, 0x1C, 0x44, 0x28, 0x13, 0xD0
	.byte 0x44, 0x28, 0x03, 0xDB, 0x54, 0x28, 0x01, 0xDC, 0x53, 0x28, 0x0D, 0xDA, 0x03, 0x4A, 0x11, 0x68
	.byte 0x8A, 0x31, 0x08, 0x78, 0x01, 0x30, 0x08, 0x70, 0x06, 0xE0, 0x00, 0x00, 0xC8, 0x9D, 0x03, 0x02
	.byte 0x20, 0x68, 0x8A, 0x30, 0x01, 0x70, 0x22, 0x1C, 0x13, 0x68, 0x19, 0x1C, 0x8A, 0x31, 0x08, 0x78
	.byte 0x40, 0x28, 0x04, 0xD8, 0x18, 0x1C, 0x83, 0x30, 0x00, 0x78, 0x01, 0x28, 0x1E, 0xD1, 0x40, 0x20
	.byte 0x08, 0x70, 0x28, 0x1C, 0x2F, 0x30, 0x01, 0x21, 0x01, 0x70, 0x10, 0x68, 0x82, 0x30, 0x01, 0x70
	.byte 0x00, 0x20, 0x40, 0x21, 0x98, 0xF7, 0x66, 0xFC, 0x07, 0x49, 0x30, 0x1C, 0x93, 0xF7, 0x66, 0xFB
	.byte 0x00, 0x24, 0x20, 0x1C, 0x00, 0x21, 0x98, 0xF7, 0x15, 0xFD, 0x60, 0x1C, 0x00, 0x06, 0x04, 0x0E
	.byte 0x1F, 0x2C, 0xF6, 0xD9, 0x84, 0xE0, 0x00, 0x00, 0x09, 0xD8, 0x06, 0x08, 0x69, 0x6B, 0x28, 0x8F
	.byte 0x8A, 0x8C, 0x90, 0x42, 0x04, 0xD1, 0x58, 0x6E, 0x02, 0x21, 0x08, 0x43, 0x58, 0x66, 0x14, 0xE0
	.byte 0x88, 0x68, 0x41, 0x69, 0xFF, 0x20, 0x00, 0x01, 0x01, 0x40, 0x00, 0x29, 0x04, 0xD1, 0x00, 0x20
	.byte 0x40, 0x21, 0x98, 0xF7, 0x0D, 0xFC, 0x05, 0xE0, 0x80, 0x29, 0x03, 0xD1, 0x01, 0x20, 0x78, 0x21
	.byte 0x98, 0xF7, 0x06, 0xFC, 0x28, 0x8F, 0x01, 0x30, 0x28, 0x87, 0x28, 0x1C, 0x93, 0xF7, 0xC2, 0xFA
	.byte 0x28, 0x1C, 0x14, 0x30, 0x93, 0xF7, 0xBE, 0xFA, 0x28, 0x1C, 0x32, 0x30, 0x00, 0x78, 0x00, 0x28
	.byte 0x07, 0xD0, 0x28, 0x48, 0x02, 0x68, 0x28, 0x48, 0x01, 0x68, 0x88, 0x6C, 0x10, 0x60, 0xC8, 0x6C
	.byte 0x50, 0x60, 0x25, 0x4E, 0x32, 0x68, 0x50, 0x6E, 0x03, 0x21, 0x08, 0x40, 0x02, 0x28, 0x04, 0xD1
	.byte 0x11, 0x1C, 0x6C, 0x31, 0x08, 0x88, 0x01, 0x30, 0x08, 0x80, 0x20, 0x49, 0xA8, 0x8D, 0x80, 0x00
	.byte 0x40, 0x18, 0x01, 0x68, 0x30, 0x68, 0x6C, 0x30, 0x00, 0x88, 0x2C, 0x1C, 0x2F, 0x34, 0x09, 0x8B
	.byte 0x88, 0x42, 0x15, 0xD3, 0x20, 0x78, 0x00, 0x28, 0x12, 0xD1, 0x98, 0xF7, 0xCB, 0xFC, 0x00, 0x06
	.byte 0x00, 0x28, 0x0D, 0xD1, 0x30, 0x68, 0x7F, 0x30, 0x00, 0x78, 0x00, 0x28, 0x03, 0xD1, 0x00, 0x20
	.byte 0x40, 0x21, 0x98, 0xF7, 0xF7, 0xFB, 0x01, 0x21, 0x21, 0x70, 0x30, 0x68, 0x82, 0x30, 0x01, 0x70
	.byte 0x20, 0x78, 0x01, 0x28, 0x1C, 0xD1, 0x00, 0x24, 0x20, 0x1C, 0x00, 0x21, 0x98, 0xF7, 0xA2, 0xFC
	.byte 0x60, 0x1C, 0x00, 0x06, 0x04, 0x0E, 0x1F, 0x2C, 0xF6, 0xD9, 0x98, 0xF7, 0xAB, 0xFC, 0x00, 0x06
	.byte 0x01, 0x0E, 0x00, 0x29, 0x0C, 0xD1, 0x04, 0x48, 0x00, 0x68, 0x7A, 0x30, 0x01, 0x70, 0x00, 0x20
	.byte 0x07, 0xE0, 0x00, 0x00, 0x84, 0x9B, 0x03, 0x02, 0xC8, 0x9D, 0x03, 0x02, 0xB4, 0x3F, 0xEE, 0x09
	.byte 0x01, 0x20, 0x70, 0xBC, 0x02, 0xBC, 0x08, 0x47, 0x10, 0xB5, 0x04, 0x1C, 0x14, 0x30, 0x93, 0xF7
	.byte 0x77, 0xFA, 0x20, 0x1C, 0x32, 0x30, 0x00, 0x78, 0x00, 0x28, 0x04, 0xD0, 0x05, 0x48, 0x00, 0x68
	.byte 0x2C, 0x30, 0x93, 0xF7, 0x6D, 0xFA, 0x20, 0x1C, 0x93, 0xF7, 0x6A, 0xFA, 0x10, 0xBC, 0x01, 0xBC
	.byte 0x00, 0x47, 0x00, 0x00, 0x84, 0x9B, 0x03, 0x02, 0x10, 0xB5, 0x04, 0x1C, 0x93, 0xF7, 0x76, 0xFA
	.byte 0xA0, 0x6A, 0x00, 0x28, 0x03, 0xD0, 0x20, 0x1C, 0x14, 0x30, 0x93, 0xF7, 0x6F, 0xFA, 0x10, 0xBC
	.byte 0x01, 0xBC, 0x00, 0x47, 0x70, 0xB5, 0x83, 0xB0, 0x06, 0x1C, 0x0C, 0x1C, 0x10, 0x30, 0x08, 0x21
	.byte 0x93, 0xF7, 0x10, 0xFA, 0x20, 0x68, 0x70, 0x62, 0x2D, 0x49, 0xB0, 0x8C, 0x80, 0x00, 0x40, 0x18
	.byte 0x01, 0x68, 0x34, 0x1C, 0x27, 0x34, 0x20, 0x78, 0x49, 0x68, 0xC0, 0x00, 0x40, 0x18, 0x03, 0x68
	.byte 0x33, 0x60, 0xD0, 0x20, 0x40, 0x00, 0x31, 0x18, 0x00, 0x20, 0x08, 0x60, 0xD2, 0x21, 0x49, 0x00
	.byte 0x72, 0x18, 0x99, 0x88, 0x11, 0x60, 0xC4, 0x22, 0x52, 0x00, 0xB1, 0x18, 0x08, 0x60, 0xC6, 0x23
	.byte 0x5B, 0x00, 0xF1, 0x18, 0x08, 0x60, 0x10, 0x32, 0xB1, 0x18, 0x08, 0x60, 0x1D, 0x33, 0xF1, 0x18
	.byte 0x08, 0x70, 0x12, 0x32, 0xB1, 0x18, 0x08, 0x70, 0x29, 0x3B, 0xF1, 0x18, 0x08, 0x60, 0x26, 0x3A
	.byte 0xB1, 0x18, 0x08, 0x60, 0x70, 0x60, 0xB0, 0x60, 0xF0, 0x60, 0x31, 0x33, 0xF1, 0x18, 0x08, 0x70
	.byte 0x2E, 0x32, 0xB1, 0x18, 0x08, 0x70, 0x02, 0x33, 0xF1, 0x18, 0x08, 0x70, 0x03, 0x32, 0xB1, 0x18
	.byte 0x08, 0x70, 0x03, 0x3B, 0xF1, 0x18, 0x08, 0x70, 0xDB, 0x21, 0x49, 0x00, 0x72, 0x18, 0x01, 0x21
	.byte 0x11, 0x70, 0xDC, 0x22, 0x52, 0x00, 0xB1, 0x18, 0x08, 0x80, 0x0A, 0x48, 0x01, 0x68, 0x20, 0x78
	.byte 0x80, 0x00, 0x09, 0x18, 0x30, 0x1C, 0x28, 0x30, 0x08, 0x60, 0x02, 0x38, 0x00, 0x78, 0x5F, 0x38
	.byte 0x09, 0x28, 0x00, 0xD9, 0x14, 0xE3, 0x80, 0x00, 0x03, 0x49, 0x40, 0x18, 0x00, 0x68, 0x87, 0x46
	.byte 0xB4, 0x3F, 0xEE, 0x09, 0xC8, 0x9D, 0x03, 0x02, 0x0C, 0xDB, 0x06, 0x08, 0x34, 0xDB, 0x06, 0x08
	.byte 0xC8, 0xDB, 0x06, 0x08, 0x54, 0xDC, 0x06, 0x08, 0x70, 0xDF, 0x06, 0x08, 0xFC, 0xDF, 0x06, 0x08
	.byte 0x0C, 0xDD, 0x06, 0x08, 0xB0, 0xDD, 0x06, 0x08, 0x20, 0xE1, 0x06, 0x08, 0x7C, 0xDE, 0x06, 0x08
	.byte 0x88, 0xE0, 0x06, 0x08, 0x20, 0x4C, 0xE8, 0x20, 0x40, 0x00, 0x92, 0xF7, 0xED, 0xFE, 0x20, 0x60
	.byte 0xAB, 0xF7, 0x96, 0xFB, 0x20, 0x68, 0x2C, 0x30, 0x20, 0x21, 0x93, 0xF7, 0x8B, 0xF9, 0x20, 0x68
	.byte 0x40, 0x30, 0x01, 0x21, 0x93, 0xF7, 0x86, 0xF9, 0x22, 0x68, 0x00, 0x20, 0x00, 0x21, 0x90, 0x66
	.byte 0xD1, 0x66, 0x16, 0x4B, 0xF1, 0x18, 0x00, 0x25, 0x01, 0x20, 0x08, 0x70, 0x14, 0x4B, 0x19, 0x68
	.byte 0x88, 0x6C, 0x10, 0x60, 0xC8, 0x6C, 0x50, 0x60, 0x80, 0x20, 0x40, 0x00, 0x50, 0x62, 0x15, 0x76
	.byte 0x21, 0x68, 0x88, 0x62, 0x1A, 0x68, 0x90, 0x6C, 0x88, 0x60, 0xD0, 0x6C, 0xC8, 0x60, 0x80, 0x22
	.byte 0x52, 0x02, 0x0A, 0x61, 0xA0, 0x20, 0x40, 0x02, 0x48, 0x61, 0xCA, 0x61, 0x08, 0x62, 0x0F, 0x20
	.byte 0x48, 0x83, 0x31, 0x68, 0x88, 0x68, 0xF0, 0x62, 0xC8, 0x68, 0x30, 0x63, 0x08, 0x69, 0x70, 0x63
	.byte 0x30, 0x1C, 0x10, 0x30, 0x03, 0x49, 0xCA, 0xE1, 0x84, 0x9B, 0x03, 0x02, 0xB3, 0x01, 0x00, 0x00
	.byte 0xC8, 0x9D, 0x03, 0x02, 0x40, 0x1D, 0xEF, 0x09, 0x1F, 0x4C, 0xE8, 0x20, 0x40, 0x00, 0x92, 0xF7
	.byte 0xA3, 0xFE, 0x20, 0x60, 0x00, 0x20, 0x02, 0x21, 0x97, 0xF7, 0xF6, 0xFC, 0x01, 0x20, 0x01, 0x21
	.byte 0x97, 0xF7, 0xF2, 0xFC, 0x02, 0x20, 0x00, 0x21, 0x97, 0xF7, 0xEE, 0xFC, 0xAB, 0xF7, 0x40, 0xFB
	.byte 0x20, 0x68, 0x31, 0x1C, 0x54, 0x31, 0xC1, 0x67, 0x04, 0x21, 0x00, 0x22, 0x81, 0x66, 0xC2, 0x66
	.byte 0x2C, 0x30, 0x20, 0x21, 0x93, 0xF7, 0x2E, 0xF9, 0x20, 0x68, 0x40, 0x30, 0x01, 0x21, 0x93, 0xF7
	.byte 0x29, 0xF9, 0x0E, 0x48, 0x31, 0x18, 0x00, 0x22, 0x01, 0x20, 0x08, 0x70, 0x21, 0x68, 0xA8, 0x20
	.byte 0xC0, 0x01, 0x48, 0x60, 0x80, 0x20, 0x40, 0x00, 0x48, 0x62, 0x0A, 0x76, 0xD4, 0x21, 0x49, 0x00
	.byte 0x93, 0x22, 0x52, 0x00, 0xC0, 0x23, 0x5B, 0x00, 0x80, 0x20, 0xAC, 0xF7, 0x71, 0xFE, 0x30, 0x1C
	.byte 0x10, 0x30, 0x03, 0x49, 0x00, 0x22, 0xA5, 0xE0, 0x84, 0x9B, 0x03, 0x02, 0xB3, 0x01, 0x00, 0x00
	.byte 0xEC, 0x9D, 0xEF, 0x09, 0x29, 0x4C, 0xE8, 0x20, 0x40, 0x00, 0x92, 0xF7, 0x5D, 0xFE, 0x20, 0x60
	.byte 0x00, 0x20, 0x02, 0x21, 0x97, 0xF7, 0xB0, 0xFC, 0x01, 0x20, 0x01, 0x21, 0x97, 0xF7, 0xAC, 0xFC
	.byte 0x02, 0x20, 0x00, 0x21, 0x97, 0xF7, 0xA8, 0xFC, 0xAB, 0xF7, 0xFA, 0xFA, 0x20, 0x68, 0x31, 0x1C
	.byte 0x54, 0x31, 0xC1, 0x67, 0x04, 0x21, 0x00, 0x22, 0x81, 0x66, 0xC2, 0x66, 0x2C, 0x30, 0x20, 0x21
	.byte 0x93, 0xF7, 0xE8, 0xF8, 0x20, 0x68, 0x40, 0x30, 0x01, 0x21, 0x93, 0xF7, 0xE3, 0xF8, 0x18, 0x4A
	.byte 0xB1, 0x18, 0x00, 0x25, 0x01, 0x20, 0x08, 0x70, 0x21, 0x68, 0xA8, 0x20, 0xC0, 0x01, 0x48, 0x60
	.byte 0x80, 0x20, 0x40, 0x00, 0x48, 0x62, 0x0D, 0x76, 0xD4, 0x21, 0x49, 0x00, 0x8D, 0x3A, 0xC0, 0x23
	.byte 0x5B, 0x00, 0x80, 0x20, 0xAC, 0xF7, 0x2C, 0xFE, 0x32, 0x1C, 0x10, 0x32, 0x0D, 0x49, 0x10, 0x1C
	.byte 0x93, 0xF7, 0xA0, 0xF8, 0x0C, 0x49, 0x09, 0x68, 0x08, 0x64, 0xDA, 0x23, 0x5B, 0x00, 0xF0, 0x18
	.byte 0x05, 0x70, 0x22, 0x68, 0x14, 0x68, 0x8C, 0x64, 0x53, 0x68, 0xCB, 0x64, 0x90, 0x68, 0x08, 0x65
	.byte 0xD0, 0x68, 0x48, 0x65, 0x8C, 0x65, 0xCB, 0x65, 0x36, 0xE2, 0x00, 0x00, 0x84, 0x9B, 0x03, 0x02
	.byte 0xB3, 0x01, 0x00, 0x00, 0xEC, 0x9D, 0xEF, 0x09, 0xC8, 0x9D, 0x03, 0x02, 0x80, 0x21, 0xC9, 0x01
	.byte 0x01, 0x20, 0x97, 0xF7, 0x6B, 0xFC, 0x00, 0x20, 0x02, 0x21, 0x97, 0xF7, 0x55, 0xFC, 0x01, 0x20
	.byte 0x01, 0x21, 0x97, 0xF7, 0x51, 0xFC, 0x02, 0x20, 0x00, 0x21, 0x97, 0xF7, 0x4D, 0xFC, 0x1C, 0x4C
	.byte 0xE8, 0x20, 0x40, 0x00, 0x92, 0xF7, 0xF0, 0xFD, 0x20, 0x60, 0xAB, 0xF7, 0x99, 0xFA, 0x20, 0x68
	.byte 0x31, 0x1C, 0x54, 0x31, 0xC1, 0x67, 0x04, 0x21, 0x00, 0x22, 0x81, 0x66, 0xC2, 0x66, 0x2C, 0x30
	.byte 0x20, 0x21, 0x93, 0xF7, 0x87, 0xF8, 0x20, 0x68, 0x40, 0x30, 0x01, 0x21, 0x93, 0xF7, 0x82, 0xF8
	.byte 0x10, 0x48, 0x31, 0x18, 0x00, 0x22, 0x01, 0x20, 0x08, 0x70, 0x21, 0x68, 0xA8, 0x20, 0xC0, 0x01
	.byte 0x48, 0x60, 0x80, 0x20, 0x40, 0x00, 0x48, 0x62, 0x0A, 0x76, 0xB8, 0x21, 0x49, 0x00, 0xF0, 0x22
	.byte 0x52, 0x00, 0x80, 0x23, 0x9B, 0x00, 0x80, 0x20, 0xAC, 0xF7, 0xCA, 0xFD, 0x32, 0x1C, 0x10, 0x32
	.byte 0x05, 0x49, 0x10, 0x1C, 0x93, 0xF7, 0x3E, 0xF8, 0x04, 0x49, 0x09, 0x68, 0x08, 0x64, 0xE3, 0xE1
	.byte 0x84, 0x9B, 0x03, 0x02, 0xB3, 0x01, 0x00, 0x00, 0x54, 0x9E, 0xEF, 0x09, 0xC8, 0x9D, 0x03, 0x02
	.byte 0x00, 0x20, 0x00, 0x21, 0x18, 0x22, 0x00, 0x23, 0x97, 0xF7, 0x5C, 0xF9, 0x01, 0x20, 0x00, 0x21
	.byte 0x1A, 0x22, 0x00, 0x23, 0x97, 0xF7, 0x56, 0xF9, 0x02, 0x20, 0x02, 0x21, 0x1C, 0x22, 0x0E, 0x23
	.byte 0x97, 0xF7, 0x50, 0xF9, 0x00, 0x20, 0x02, 0x21, 0x97, 0xF7, 0xF6, 0xFB, 0x01, 0x20, 0x01, 0x21
	.byte 0x97, 0xF7, 0xF2, 0xFB, 0x02, 0x20, 0x00, 0x21, 0x97, 0xF7, 0xEE, 0xFB, 0x1D, 0x4C, 0xE8, 0x20
	.byte 0x40, 0x00, 0x92, 0xF7, 0x91, 0xFD, 0x20, 0x60, 0xAB, 0xF7, 0x3A, 0xFA, 0x20, 0x68, 0x31, 0x1C
	.byte 0x54, 0x31, 0xC1, 0x67, 0x04, 0x21, 0x00, 0x22, 0x81, 0x66, 0xC2, 0x66, 0x2C, 0x30, 0x20, 0x21
	.byte 0x93, 0xF7, 0x28, 0xF8, 0x20, 0x68, 0x40, 0x30, 0x01, 0x21, 0x93, 0xF7, 0x23, 0xF8, 0x12, 0x4A
	.byte 0xB1, 0x18, 0x01, 0x20, 0x08, 0x70, 0x20, 0x68, 0x10, 0x4A, 0x82, 0x60, 0x94, 0x21, 0x49, 0x02
	.byte 0xC1, 0x60, 0x02, 0x60, 0x41, 0x60, 0x02, 0x61, 0x41, 0x61, 0x0D, 0x48, 0xF0, 0x62, 0xAF, 0x20
	.byte 0x40, 0x02, 0x30, 0x63, 0x0B, 0x48, 0x70, 0x63, 0xD2, 0x20, 0x40, 0x00, 0x99, 0x21, 0x89, 0x00
	.byte 0xA4, 0x22, 0x52, 0x00, 0xC0, 0x23, 0x5B, 0x00, 0xAC, 0xF7, 0x62, 0xFD, 0x30, 0x1C, 0x10, 0x30
	.byte 0x05, 0x49, 0x74, 0xE0, 0x84, 0x9B, 0x03, 0x02, 0xB3, 0x01, 0x00, 0x00, 0x00, 0x66, 0x02, 0x00
	.byte 0x00, 0xA2, 0x02, 0x00, 0x00, 0xC8, 0xFF, 0xFF, 0x44, 0x27, 0xEF, 0x09, 0x00, 0x20, 0x00, 0x21
	.byte 0x18, 0x22, 0x00, 0x23, 0x97, 0xF7, 0xF6, 0xF8, 0x01, 0x20, 0x00, 0x21, 0x1A, 0x22, 0x00, 0x23
	.byte 0x97, 0xF7, 0xF0, 0xF8, 0x02, 0x20, 0x02, 0x21, 0x1C, 0x22, 0x0E, 0x23, 0x97, 0xF7, 0xEA, 0xF8
	.byte 0x00, 0x20, 0x02, 0x21, 0x97, 0xF7, 0x90, 0xFB, 0x01, 0x20, 0x01, 0x21, 0x97, 0xF7, 0x8C, 0xFB
	.byte 0x02, 0x20, 0x00, 0x21, 0x97, 0xF7, 0x88, 0xFB, 0x27, 0x4C, 0xE8, 0x20, 0x40, 0x00, 0x92, 0xF7
	.byte 0x2B, 0xFD, 0x20, 0x60, 0xAB, 0xF7, 0xD4, 0xF9, 0x20, 0x68, 0x2C, 0x30, 0x20, 0x21, 0x92, 0xF7
	.byte 0xC9, 0xFF, 0x20, 0x68, 0x40, 0x30, 0x01, 0x21, 0x92, 0xF7, 0xC4, 0xFF, 0x22, 0x68, 0x00, 0x20
	.byte 0x00, 0x21, 0x90, 0x66, 0xD1, 0x66, 0x1D, 0x4B, 0xF1, 0x18, 0x00, 0x24, 0x01, 0x20, 0x08, 0x70
	.byte 0x96, 0x23, 0x5B, 0x02, 0x93, 0x60, 0xB4, 0x20, 0x40, 0x02, 0xD0, 0x60, 0x13, 0x60, 0x50, 0x60
	.byte 0x13, 0x61, 0x50, 0x61, 0x16, 0x48, 0x01, 0x68, 0x16, 0x48, 0x1B, 0x18, 0x8B, 0x64, 0xD0, 0x68
	.byte 0x15, 0x4B, 0xC0, 0x18, 0xC8, 0x64, 0x90, 0x68, 0x08, 0x65, 0xD0, 0x68, 0x48, 0x65, 0x08, 0x1C
	.byte 0x68, 0x30, 0x04, 0x80, 0x6A, 0x31, 0x0C, 0x80, 0x31, 0x68, 0x88, 0x68, 0xF0, 0x62, 0xC8, 0x68
	.byte 0x30, 0x63, 0x08, 0x69, 0x70, 0x63, 0x80, 0x21, 0x49, 0x00, 0xA4, 0x22, 0x52, 0x00, 0xD4, 0x23
	.byte 0x5B, 0x00, 0x00, 0x20, 0xAC, 0xF7, 0xEC, 0xFC, 0x30, 0x1C, 0x10, 0x30, 0x07, 0x49, 0x32, 0x1C
	.byte 0x28, 0x32, 0x92, 0xF7, 0x5F, 0xFF, 0x07, 0xE1, 0x84, 0x9B, 0x03, 0x02, 0xB3, 0x01, 0x00, 0x00
	.byte 0xC8, 0x9D, 0x03, 0x02, 0x00, 0x88, 0xFF, 0xFF, 0x00, 0xB0, 0xFF, 0xFF, 0x8C, 0x2A, 0xEF, 0x09
	.byte 0x00, 0x20, 0x00, 0x21, 0x18, 0x22, 0x00, 0x23, 0x97, 0xF7, 0x7C, 0xF8, 0x01, 0x20, 0x00, 0x21
	.byte 0x1A, 0x22, 0x00, 0x23, 0x97, 0xF7, 0x76, 0xF8, 0x02, 0x20, 0x02, 0x21, 0x1C, 0x22, 0x0A, 0x23
	.byte 0x97, 0xF7, 0x70, 0xF8, 0x00, 0x20, 0x03, 0x21, 0x97, 0xF7, 0x16, 0xFB, 0x01, 0x20, 0x02, 0x21
	.byte 0x97, 0xF7, 0x12, 0xFB, 0x02, 0x20, 0x01, 0x21, 0x97, 0xF7, 0x0E, 0xFB, 0x10, 0x4C, 0xE8, 0x20
	.byte 0x40, 0x00, 0x92, 0xF7, 0xB1, 0xFC, 0x20, 0x60, 0xAB, 0xF7, 0x5A, 0xF9, 0x20, 0x68, 0x31, 0x1C
	.byte 0x54, 0x31, 0xC1, 0x67, 0x04, 0x21, 0x00, 0x22, 0x81, 0x66, 0xC2, 0x66, 0x2C, 0x30, 0x20, 0x21
	.byte 0x92, 0xF7, 0x48, 0xFF, 0x20, 0x68, 0x40, 0x30, 0x01, 0x21, 0x92, 0xF7, 0x43, 0xFF, 0x05, 0x48
	.byte 0x31, 0x18, 0x01, 0x20, 0x08, 0x70, 0x30, 0x1C, 0x10, 0x30, 0x03, 0x49, 0x00, 0x22, 0x8A, 0xE0
	.byte 0x84, 0x9B, 0x03, 0x02, 0xB3, 0x01, 0x00, 0x00, 0x10, 0x50, 0xEF, 0x09, 0x00, 0x20, 0x00, 0x21
	.byte 0x18, 0x22, 0x00, 0x23, 0x97, 0xF7, 0x36, 0xF8, 0x01, 0x20, 0x00, 0x21, 0x1A, 0x22, 0x00, 0x23
	.byte 0x97, 0xF7, 0x30, 0xF8, 0x02, 0x20, 0x02, 0x21, 0x1C, 0x22, 0x0A, 0x23, 0x97, 0xF7, 0x2A, 0xF8
	.byte 0x00, 0x20, 0x03, 0x21, 0x97, 0xF7, 0xD0, 0xFA, 0x01, 0x20, 0x02, 0x21, 0x97, 0xF7, 0xCC, 0xFA
	.byte 0x02, 0x20, 0x01, 0x21, 0x97, 0xF7, 0xC8, 0xFA, 0x10, 0x4C, 0xE8, 0x20, 0x40, 0x00, 0x92, 0xF7
	.byte 0x6B, 0xFC, 0x20, 0x60, 0xAB, 0xF7, 0x14, 0xF9, 0x20, 0x68, 0x31, 0x1C, 0x54, 0x31, 0xC1, 0x67
	.byte 0x04, 0x21, 0x00, 0x22, 0x81, 0x66, 0xC2, 0x66, 0x2C, 0x30, 0x20, 0x21, 0x92, 0xF7, 0x02, 0xFF
	.byte 0x20, 0x68, 0x40, 0x30, 0x01, 0x21, 0x92, 0xF7, 0xFD, 0xFE, 0x05, 0x4A, 0xB1, 0x18, 0x01, 0x20
	.byte 0x08, 0x70, 0x30, 0x1C, 0x10, 0x30, 0x03, 0x49, 0x00, 0x22, 0x44, 0xE0, 0x84, 0x9B, 0x03, 0x02
	.byte 0xB3, 0x01, 0x00, 0x00, 0xC0, 0x51, 0xEF, 0x09, 0x00, 0x20, 0x00, 0x21, 0x18, 0x22, 0x00, 0x23
	.byte 0x96, 0xF7, 0xF0, 0xFF, 0x01, 0x20, 0x00, 0x21, 0x1A, 0x22, 0x00, 0x23, 0x96, 0xF7, 0xEA, 0xFF
	.byte 0x02, 0x20, 0x02, 0x21, 0x1C, 0x22, 0x0A, 0x23, 0x96, 0xF7, 0xE4, 0xFF, 0x00, 0x20, 0x03, 0x21
	.byte 0x97, 0xF7, 0x8A, 0xFA, 0x01, 0x20, 0x02, 0x21, 0x97, 0xF7, 0x86, 0xFA, 0x02, 0x20, 0x01, 0x21
	.byte 0x97, 0xF7, 0x82, 0xFA, 0x13, 0x4C, 0xE8, 0x20, 0x40, 0x00, 0x92, 0xF7, 0x25, 0xFC, 0x20, 0x60
	.byte 0xAB, 0xF7, 0xCE, 0xF8, 0x20, 0x68, 0x31, 0x1C, 0x54, 0x31, 0xC1, 0x67, 0x04, 0x21, 0x00, 0x22
	.byte 0x81, 0x66, 0xC2, 0x66, 0x2C, 0x30, 0x20, 0x21, 0x92, 0xF7, 0xBC, 0xFE, 0x20, 0x68, 0x40, 0x30
	.byte 0x01, 0x21, 0x92, 0xF7, 0xB7, 0xFE, 0x08, 0x4B, 0xF1, 0x18, 0x01, 0x20, 0x08, 0x70, 0x30, 0x1C
	.byte 0x10, 0x30, 0x06, 0x49, 0x01, 0x22, 0x92, 0xF7, 0x85, 0xFE, 0x20, 0x68, 0xB3, 0x30, 0x05, 0x21
	.byte 0x01, 0x70, 0x29, 0xE0, 0x84, 0x9B, 0x03, 0x02, 0xB3, 0x01, 0x00, 0x00, 0x94, 0x8E, 0xEF, 0x09
	.byte 0x35, 0x68, 0xA8, 0x69, 0x80, 0x21, 0x89, 0x01, 0x08, 0x40, 0x00, 0x28, 0x14, 0xD1, 0x30, 0x1C
	.byte 0x10, 0x30, 0x31, 0x1C, 0x28, 0x31, 0x32, 0x1C, 0x26, 0x32, 0x12, 0x78, 0x2B, 0x68, 0xAC, 0x68
	.byte 0x00, 0x94, 0xEC, 0x68, 0x01, 0x94, 0x2C, 0x69, 0x02, 0x94, 0xAE, 0xF7, 0x25, 0xFE, 0xDA, 0x20
	.byte 0x40, 0x00, 0x31, 0x18, 0x01, 0x20, 0x03, 0xE0, 0xDA, 0x22, 0x52, 0x00, 0xB1, 0x18, 0x00, 0x20
	.byte 0x08, 0x70, 0x30, 0x1C, 0x04, 0xF0, 0x66, 0xFD, 0xDA, 0x23, 0x5B, 0x00, 0xF0, 0x18, 0x00, 0x78
	.byte 0x00, 0x28, 0x02, 0xD0, 0x30, 0x1C, 0x01, 0xF0, 0xE9, 0xFB, 0x03, 0xB0, 0x70, 0xBC, 0x01, 0xBC
	.byte 0x00, 0x47, 0x00, 0x00, 0x70, 0xB5, 0x05, 0x1C, 0x0E, 0x1C, 0x00, 0xF0, 0xF1, 0xF9, 0x00, 0x06
	.byte 0x04, 0x0E, 0xDA, 0x21, 0x49, 0x00, 0x68, 0x18, 0x00, 0x78, 0x00, 0x28, 0x02, 0xD0, 0x28, 0x1C
	.byte 0x00, 0xF0, 0x02, 0xFB, 0x28, 0x1C, 0x02, 0xF0, 0x95, 0xFC, 0x00, 0x2C, 0x2F, 0xD0, 0xD0, 0x22
	.byte 0x52, 0x00, 0xAC, 0x18, 0x20, 0x68, 0x2A, 0x68, 0xC1, 0x00, 0x09, 0x18, 0x89, 0x00, 0x89, 0x18
	.byte 0xC9, 0x69, 0x00, 0x29, 0x0D, 0xD0, 0x30, 0x1C, 0x92, 0xF7, 0xE0, 0xFE, 0x21, 0x68, 0x2A, 0x68
	.byte 0xC8, 0x00, 0x40, 0x18, 0x80, 0x00, 0x80, 0x18, 0xC2, 0x69, 0x28, 0x1C, 0x31, 0x1C, 0xAF, 0xF0
	.byte 0xEB, 0xF9, 0x20, 0x68, 0x2A, 0x68, 0xC1, 0x00, 0x09, 0x18, 0x89, 0x00, 0x89, 0x18, 0x09, 0x6A
	.byte 0x00, 0x29, 0x08, 0xD0, 0x28, 0x1C, 0xAF, 0xF0, 0xDD, 0xF9, 0xD9, 0x23, 0x5B, 0x00, 0xE9, 0x18
	.byte 0x01, 0x20, 0x08, 0x70, 0x03, 0xE0, 0xD9, 0x22, 0x52, 0x00, 0xA8, 0x18, 0x01, 0x70, 0xD0, 0x23
	.byte 0x5B, 0x00, 0xE8, 0x18, 0x01, 0x68, 0x2A, 0x68, 0xC8, 0x00, 0x40, 0x18, 0x80, 0x00, 0x80, 0x18
	.byte 0x80, 0x69, 0x80, 0x21, 0x49, 0x00, 0x08, 0x40, 0x00, 0x28, 0x03, 0xD0, 0xA9, 0x8F, 0x04, 0x20
	.byte 0x08, 0x43, 0x02, 0xE0, 0xA9, 0x8F, 0x1B, 0x48, 0x08, 0x40, 0xA8, 0x87, 0xD0, 0x21, 0x49, 0x00
	.byte 0x68, 0x18, 0x01, 0x68, 0xC8, 0x00, 0x40, 0x18, 0x80, 0x00, 0x80, 0x18, 0x80, 0x69, 0x80, 0x21
	.byte 0x89, 0x00, 0x08, 0x40, 0x00, 0x28, 0x10, 0xD0, 0x13, 0x48, 0x02, 0x68, 0x50, 0x6E, 0x01, 0x21
	.byte 0x08, 0x43, 0x04, 0x21, 0x08, 0x43, 0x50, 0x66, 0xCE, 0x22, 0x52, 0x00, 0xA9, 0x18, 0x00, 0x20
	.byte 0x08, 0x60, 0x0E, 0x49, 0x30, 0x1C, 0x92, 0xF7, 0x89, 0xFE, 0x28, 0x1C, 0x10, 0x30, 0x92, 0xF7
	.byte 0x11, 0xFE, 0x0B, 0x4B, 0xE8, 0x18, 0x00, 0x78, 0x2E, 0x1C, 0x26, 0x36, 0x00, 0x28, 0x67, 0xD0
	.byte 0x30, 0x78, 0x61, 0x38, 0x06, 0x28, 0x63, 0xD8, 0x80, 0x00, 0x06, 0x49, 0x40, 0x18, 0x00, 0x68
	.byte 0x87, 0x46, 0x00, 0x00, 0xFB, 0xFF, 0x00, 0x00, 0xC8, 0x9D, 0x03, 0x02, 0xD5, 0x00, 0x07, 0x08
	.byte 0xB3, 0x01, 0x00, 0x00, 0xB8, 0xE2, 0x06, 0x08, 0x50, 0xE3, 0x06, 0x08, 0xD4, 0xE2, 0x06, 0x08
	.byte 0xF4, 0xE2, 0x06, 0x08, 0x60, 0xE3, 0x06, 0x08, 0x28, 0xE3, 0x06, 0x08, 0x60, 0xE3, 0x06, 0x08
	.byte 0x60, 0xE3, 0x06, 0x08, 0x05, 0x48, 0x02, 0x68, 0x05, 0x48, 0x00, 0x68, 0x01, 0x69, 0x91, 0x64
	.byte 0x91, 0x65, 0x41, 0x69, 0xD1, 0x64, 0xD1, 0x65, 0x16, 0xE0, 0x00, 0x00, 0xC8, 0x9D, 0x03, 0x02
	.byte 0x84, 0x9B, 0x03, 0x02, 0x0A, 0x4C, 0x20, 0x68, 0xC1, 0x68, 0x41, 0x60, 0x09, 0x49, 0x0A, 0x68
	.byte 0x91, 0x6C, 0x01, 0x61, 0xD1, 0x6C, 0x41, 0x61, 0x91, 0x6C, 0x91, 0x65, 0xD1, 0x6C, 0xD1, 0x65
	.byte 0x2C, 0x30, 0x92, 0xF7, 0xC7, 0xFD, 0x20, 0x68, 0x40, 0x30, 0x92, 0xF7, 0xC3, 0xFD, 0x1F, 0xE0
	.byte 0x84, 0x9B, 0x03, 0x02, 0xC8, 0x9D, 0x03, 0x02, 0x07, 0x48, 0x02, 0x68, 0x07, 0x48, 0x01, 0x68
	.byte 0x0C, 0x68, 0x94, 0x64, 0x4B, 0x68, 0xD3, 0x64, 0x88, 0x68, 0x10, 0x65, 0xC8, 0x68, 0x50, 0x65
	.byte 0x94, 0x65, 0xD3, 0x65, 0x0C, 0xE0, 0x00, 0x00, 0xC8, 0x9D, 0x03, 0x02, 0x84, 0x9B, 0x03, 0x02
	.byte 0x0F, 0x48, 0x02, 0x68, 0x0F, 0x48, 0x01, 0x68, 0x08, 0x6D, 0x10, 0x61, 0x48, 0x6D, 0x50, 0x61
	.byte 0x32, 0x78, 0x00, 0x2A, 0x0D, 0xD1, 0x0A, 0x48, 0x00, 0x68, 0x00, 0x28, 0x09, 0xD0, 0xC0, 0x6F
	.byte 0xE9, 0x6A, 0x09, 0x4B, 0xC9, 0x18, 0x41, 0x60, 0x29, 0x6B, 0x08, 0x4B, 0xC9, 0x18, 0x81, 0x60
	.byte 0xC2, 0x60, 0x07, 0x49, 0x68, 0x18, 0x00, 0x78, 0x00, 0x28, 0x0B, 0xD0, 0x00, 0x20, 0x30, 0xE0
	.byte 0x84, 0x9B, 0x03, 0x02, 0xC8, 0x9D, 0x03, 0x02, 0x00, 0x88, 0xFF, 0xFF, 0x00, 0xB0, 0xFF, 0xFF
	.byte 0xB5, 0x01, 0x00, 0x00, 0xD0, 0x22, 0x52, 0x00, 0xA8, 0x18, 0x01, 0x68, 0x2A, 0x68, 0xC8, 0x00
	.byte 0x40, 0x18, 0x80, 0x00, 0x80, 0x18, 0x80, 0x69, 0x80, 0x21, 0x49, 0x03, 0x08, 0x40, 0x00, 0x28
	.byte 0x16, 0xD0, 0x0D, 0x48, 0x00, 0x68, 0x06, 0x21, 0xAF, 0xF0, 0x00, 0xFA, 0x00, 0x28, 0x0F, 0xD1
	.byte 0x98, 0xF7, 0xE8, 0xF8, 0x00, 0x04, 0x00, 0x0C, 0x07, 0x21, 0xAF, 0xF0, 0xF7, 0xF9, 0x04, 0x30
	.byte 0x00, 0x04, 0x00, 0x0C, 0x05, 0x4A, 0x10, 0x21, 0x09, 0x1A, 0x09, 0x02, 0x01, 0x43, 0x11, 0x80
	.byte 0x01, 0x20, 0x70, 0xBC, 0x02, 0xBC, 0x08, 0x47, 0x80, 0x74, 0x00, 0x03, 0x64, 0x75, 0x00, 0x03
	.byte 0xF0, 0xB5, 0x4F, 0x46, 0x46, 0x46, 0xC0, 0xB4, 0x84, 0xB0, 0x06, 0x1C, 0x70, 0x6B, 0x80, 0x46
	.byte 0xD0, 0x21, 0x49, 0x00, 0x70, 0x18, 0x00, 0x68, 0xC1, 0x00, 0x09, 0x18, 0x89, 0x00, 0x30, 0x68
	.byte 0x40, 0x18, 0x81, 0x69, 0x80, 0x20, 0x08, 0x40, 0x00, 0x28, 0x0D, 0xD0, 0x05, 0x49, 0xD8, 0x22
	.byte 0x52, 0x00, 0xB0, 0x18, 0x00, 0x78, 0x40, 0x00, 0x40, 0x18, 0x00, 0x23, 0xC0, 0x5E, 0x40, 0x00
	.byte 0x12, 0xE0, 0x00, 0x00, 0x00, 0x14, 0x12, 0x08, 0x80, 0x20, 0xC0, 0x02, 0x01, 0x40, 0x00, 0x29
	.byte 0x0C, 0xD0, 0x17, 0x49, 0xD8, 0x22, 0x52, 0x00, 0xB0, 0x18, 0x00, 0x78, 0x40, 0x00, 0x40, 0x18
	.byte 0x00, 0x23, 0xC1, 0x5E, 0x48, 0x00, 0x40, 0x18, 0x40, 0x44, 0x70, 0x63, 0xDB, 0x21, 0x49, 0x00
	.byte 0x70, 0x18, 0x00, 0x78, 0x00, 0x28, 0x03, 0xD0, 0x30, 0x1C, 0x10, 0x30, 0x92, 0xF7, 0x30, 0xFD
	.byte 0x30, 0x1C, 0x26, 0x30, 0x01, 0x78, 0x81, 0x46, 0x63, 0x29, 0x04, 0xD1, 0x09, 0x48, 0x00, 0x68
	.byte 0x2C, 0x30, 0x92, 0xF7, 0x25, 0xFD, 0x72, 0x68, 0x94, 0x46, 0x00, 0x2A, 0x3D, 0xD0, 0xF7, 0x8F
	.byte 0x05, 0x4B, 0xF0, 0x18, 0x00, 0x78, 0x00, 0x28, 0x0A, 0xD1, 0x04, 0x48, 0x07, 0x40, 0x09, 0xE0
	.byte 0x00, 0x14, 0x12, 0x08, 0x84, 0x9B, 0x03, 0x02, 0xB1, 0x01, 0x00, 0x00, 0xFE, 0xFF, 0x00, 0x00
	.byte 0x01, 0x20, 0x07, 0x43, 0xC0, 0x21, 0x49, 0x00, 0x70, 0x18, 0x00, 0x68, 0x00, 0x12, 0x17, 0x49
	.byte 0x0D, 0x68, 0xA9, 0x6D, 0x09, 0x12, 0x40, 0x1A, 0x00, 0x04, 0x00, 0x14, 0xC2, 0x22, 0x52, 0x00
	.byte 0xB1, 0x18, 0x09, 0x68, 0x09, 0x12, 0x12, 0x4C, 0x4A, 0x46, 0x13, 0x78, 0x5A, 0x00, 0xD2, 0x18
	.byte 0x92, 0x00, 0x12, 0x19, 0x00, 0x23, 0xD2, 0x5E, 0x89, 0x18, 0xEA, 0x6D, 0x12, 0x12, 0x89, 0x1A
	.byte 0x09, 0x04, 0x09, 0x14, 0xF2, 0x68, 0xB3, 0x68, 0x00, 0x93, 0x00, 0x23, 0x01, 0x93, 0x02, 0x97
	.byte 0x32, 0x23, 0x03, 0x93, 0x63, 0x46, 0x93, 0xF7, 0x63, 0xFF, 0x40, 0x46, 0x70, 0x63, 0x04, 0xB0
	.byte 0x18, 0xBC, 0x98, 0x46, 0xA1, 0x46, 0xF0, 0xBC, 0x01, 0xBC, 0x00, 0x47, 0xC8, 0x9D, 0x03, 0x02
	.byte 0x0C, 0x38, 0x03, 0x09, 0x10, 0xB5, 0x04, 0x1C, 0x10, 0x30, 0x92, 0xF7, 0xE7, 0xFC, 0x0A, 0x49
	.byte 0x60, 0x18, 0x00, 0x78, 0x00, 0x28, 0x0B, 0xD0, 0x08, 0x4C, 0x20, 0x68, 0x2C, 0x30, 0x92, 0xF7
	.byte 0xDD, 0xFC, 0x20, 0x68, 0x40, 0x30, 0x92, 0xF7, 0xD9, 0xFC, 0x20, 0x68, 0x92, 0xF7, 0x32, 0xFA
	.byte 0x10, 0xBC, 0x01, 0xBC, 0x00, 0x47, 0x00, 0x00, 0xB3, 0x01, 0x00, 0x00, 0x84, 0x9B, 0x03, 0x02
	thumb_func_start func_0806E570
func_0806E570: @ 0806E570
	push {r4, r5, r6, r7, lr}
	add sp, #-0x00C
	adds r5, r0, #0x0
	movs r0, #0xD0
	lsls r0, r0, #0x01
	adds r6, r5, r0
	ldr r2, [r6, #0x00]
	lsls r0, r2, #0x03
	adds r0, r0, r2
	lsls r0, r0, #0x02
	ldr r3, [r5, #0x00]
	adds r1, r0, r3
	ldr r0, _0806E66C @ =0x02039DC8
	ldr r0, [r0, #0x00]
	adds r4, r0, #0x0
	adds r4, #0x6C
	ldrh r0, [r1, #0x04]
	ldrh r7, [r4, #0x00]
	cmp r0, r7
	bls _0806E59A
	b _0806E792
_0806E59A:
	ldr r0, [r1, #0x18]
	movs r1, #0x80
	lsls r1, r1, #0x08
	ands r0, r1
	cmp r0, #0x00
	beq _0806E5A8
	b _0806E792
_0806E5A8:
	adds r1, r2, #0x1
	str r1, [r6, #0x00]
	movs r0, #0xD2
	lsls r0, r0, #0x01
	adds r2, r5, r0
	lsls r0, r1, #0x03
	adds r0, r0, r1
	lsls r0, r0, #0x02
	adds r0, r0, r3
	ldrh r0, [r0, #0x04]
	ldrh r1, [r4, #0x00]
	subs r0, r0, r1
	str r0, [r2, #0x00]
	movs r1, #0xBE
	lsls r1, r1, #0x01
	adds r2, r5, r1
	ldr r1, [r6, #0x00]
	lsls r0, r1, #0x03
	adds r0, r0, r1
	lsls r0, r0, #0x02
	adds r0, r0, r3
	ldr r0, [r0, #0x00]
	str r0, [r2, #0x00]
	ldr r1, [r6, #0x00]
	lsls r0, r1, #0x03
	adds r0, r0, r1
	lsls r0, r0, #0x02
	adds r4, r0, r3
	ldr r0, [r4, #0x18]
	movs r1, #0x80
	lsls r1, r1, #0x07
	ands r0, r1
	adds r7, r5, #0x0
	adds r7, #0x28
	cmp r0, #0x00
	beq _0806E61E
	adds r0, r5, #0x0
	adds r0, #0x10
	adds r1, r5, #0x0
	adds r1, #0x26
	ldrb r2, [r1, #0x00]
	ldr r3, [r4, #0x00]
	ldr r1, [r4, #0x08]
	str r1, [sp, #0x000]
	ldr r1, [r4, #0x0C]
	str r1, [sp, #0x004]
	ldr r1, [r4, #0x10]
	str r1, [sp, #0x008]
	adds r1, r7, #0x0
	bl func_0801CD98
	movs r2, #0xDA
	lsls r2, r2, #0x01
	adds r1, r5, r2
	movs r0, #0x01
	strb r0, [r1, #0x00]
	adds r0, r5, #0x0
	bl _08072C34
_0806E61E:
	ldr r1, [r6, #0x00]
	ldr r2, [r5, #0x00]
	lsls r0, r1, #0x03
	adds r0, r0, r1
	lsls r0, r0, #0x02
	adds r0, r0, r2
	ldr r0, [r0, #0x18]
	movs r1, #0x80
	lsls r1, r1, #0x09
	ands r0, r1
	cmp r0, #0x00
	beq _0806E63E
	ldr r0, _0806E670 @ =0x000001B5
	adds r1, r5, r0
	movs r0, #0x01
	strb r0, [r1, #0x00]
_0806E63E:
	ldr r1, [r6, #0x00]
	ldr r2, [r5, #0x00]
	lsls r0, r1, #0x03
	adds r0, r0, r1
	lsls r0, r0, #0x02
	adds r1, r0, r2
	ldr r0, [r1, #0x18]
	movs r2, #0x80
	lsls r2, r2, #0x04
	ands r0, r2
	cmp r0, #0x00
	beq _0806E67C
	ldr r0, _0806E674 @ =0x096149D8
	adds r1, r5, #0x0
	adds r1, #0x44
	ldrh r1, [r1, #0x00]
	lsls r1, r1, #0x05
	ldr r2, _0806E678 @ =0x05000200
	adds r1, r1, r2
	movs r2, #0x20
	bl func_08005BE8
	b _0806E6AA
_0806E66C: .4byte 0x02039DC8
_0806E670: .4byte 0x000001B5
_0806E674: .4byte 0x096149D8
_0806E678: .4byte 0x05000200
_0806E67C:
	adds r0, r1, #0x0
	subs r0, #0x24
	ldr r0, [r0, #0x18]
	ands r0, r2
	cmp r0, #0x00
	beq _0806E6AA
	ldr r1, _0806E6E0 @ =0x0813B09C
	adds r0, r5, #0x0
	adds r0, #0x26
	ldrb r0, [r0, #0x00]
	lsls r0, r0, #0x04
	adds r1, #0x08
	adds r0, r0, r1
	ldr r0, [r0, #0x00]
	adds r1, r5, #0x0
	adds r1, #0x44
	ldrh r1, [r1, #0x00]
	lsls r1, r1, #0x05
	ldr r2, _0806E6E4 @ =0x05000200
	adds r1, r1, r2
	movs r2, #0x20
	bl func_08005BE8
_0806E6AA:
	movs r1, #0xD0
	lsls r1, r1, #0x01
	adds r0, r5, r1
	ldr r1, [r0, #0x00]
	ldr r2, [r5, #0x00]
	lsls r0, r1, #0x03
	adds r0, r0, r1
	lsls r0, r0, #0x02
	adds r0, r0, r2
	ldr r4, [r0, #0x18]
	movs r0, #0x80
	lsls r0, r0, #0x0D
	ands r4, r0
	cmp r4, #0x00
	beq _0806E6EC
	ldr r1, _0806E6E8 @ =0x03007554
	movs r2, #0xF4
	lsls r2, r2, #0x04
	adds r0, r2, #0x0
	strh r0, [r1, #0x00]
	ldrh r1, [r5, #0x3E]
	movs r0, #0x04
	orrs r1, r0
	adds r0, r7, #0x0
	bl func_0801CE00
	b _0806E700
_0806E6E0: .4byte 0x0813B09C
_0806E6E4: .4byte 0x05000200
_0806E6E8: .4byte 0x03007554
_0806E6EC:
	ldrh r1, [r5, #0x3E]
	ldr r0, _0806E74C @ =0x0000FFFB
	ands r1, r0
	adds r0, r7, #0x0
	bl func_0801CE00
	movs r1, #0xDC
	lsls r1, r1, #0x01
	adds r0, r5, r1
	strh r4, [r0, #0x00]
_0806E700:
	movs r2, #0xDA
	lsls r2, r2, #0x01
	adds r0, r5, r2
	ldrb r0, [r0, #0x00]
	cmp r0, #0x00
	beq _0806E750
	movs r1, #0xD0
	lsls r1, r1, #0x01
	adds r0, r5, r1
	ldr r1, [r0, #0x00]
	ldr r2, [r5, #0x00]
	lsls r0, r1, #0x03
	adds r0, r0, r1
	lsls r0, r0, #0x02
	adds r3, r0, r2
	ldr r0, [r3, #0x18]
	movs r1, #0x0F
	ands r0, r1
	cmp r0, #0x02
	bne _0806E734
	ldr r1, [r3, #0x08]
	ldr r2, [r3, #0x0C]
	ldr r3, [r3, #0x10]
	adds r0, r7, #0x0
	bl func_0801CD8C
_0806E734:
	movs r2, #0xBE
	lsls r2, r2, #0x01
	adds r0, r5, r2
	ldr r1, [r0, #0x00]
	adds r0, r7, #0x0
	bl func_0801CD74
	adds r0, r5, #0x0
	bl func_0806F94C
	movs r0, #0x01
	b _0806E794
_0806E74C: .4byte 0x0000FFFB
_0806E750:
	movs r7, #0xD0
	lsls r7, r7, #0x01
	adds r4, r5, r7
	ldr r1, [r4, #0x00]
	ldr r2, [r5, #0x00]
	lsls r0, r1, #0x03
	adds r0, r0, r1
	lsls r0, r0, #0x02
	adds r0, r0, r2
	ldr r1, [r0, #0x00]
	ldr r0, _0806E79C @ =0x000003AF
	cmp r1, r0
	bne _0806E774
	ldr r0, _0806E7A0 @ =0x02039DC8
	ldr r0, [r0, #0x00]
	ldr r0, [r0, #0x40]
	bl func_0810B350
_0806E774:
	ldr r1, [r4, #0x00]
	ldr r2, [r5, #0x00]
	lsls r0, r1, #0x03
	adds r0, r0, r1
	lsls r0, r0, #0x02
	adds r0, r0, r2
	ldr r1, [r0, #0x00]
	ldr r0, _0806E7A4 @ =0x000003AB
	cmp r1, r0
	bne _0806E792
	ldr r0, _0806E7A0 @ =0x02039DC8
	ldr r0, [r0, #0x00]
	ldr r0, [r0, #0x40]
	bl func_0810C2C4
_0806E792:
	movs r0, #0x00
_0806E794:
	add sp, #0x00C
	pop {r4, r5, r6, r7}
	pop {r1}
	bx r1
_0806E79C: .4byte 0x000003AF
_0806E7A0: .4byte 0x02039DC8
_0806E7A4: .4byte 0x000003AB
	thumb_func_start func_0806E7A8
func_0806E7A8: @ 0806E7A8
	push {r4, r5, r6, r7, lr}
	adds r5, r0, #0x0
	movs r1, #0xD0
	lsls r1, r1, #0x01
	adds r0, r5, r1
	ldr r1, [r0, #0x00]
	lsls r0, r1, #0x03
	adds r0, r0, r1
	lsls r0, r0, #0x02
	ldr r1, [r5, #0x00]
	adds r7, r1, r0
	ldr r1, [r7, #0x00]
	ldr r0, _0806E7F8 @ =0x000003A7
	cmp r1, r0
	bne _0806E7E4
	ldr r0, _0806E7FC @ =0x02039B84
	ldr r0, [r0, #0x00]
	adds r0, #0x80
	bl func_08000C8C
	adds r4, r0, #0x0
	cmp r4, #0x00
	beq _0806E7E4
	ldr r0, [r4, #0x34]
	ldr r1, [r4, #0x38]
	movs r2, #0x02
	movs r3, #0x00
	orrs r0, r2
	str r0, [r4, #0x34]
	str r1, [r4, #0x38]
_0806E7E4:
	ldr r1, [r7, #0x18]
	movs r0, #0x0F
	ands r0, r1
	cmp r0, #0x03
	beq _0806E828
	cmp r0, #0x03
	bhi _0806E800
	cmp r0, #0x02
	beq _0806E806
	b _0806E95A
_0806E7F8: .4byte 0x000003A7
_0806E7FC: .4byte 0x02039B84
_0806E800:
	cmp r0, #0x04
	beq _0806E8A6
	b _0806E95A
_0806E806:
	adds r0, r5, #0x0
	adds r0, #0x28
	movs r2, #0xD0
	lsls r2, r2, #0x01
	adds r1, r5, r2
	ldr r1, [r1, #0x00]
	ldr r2, [r5, #0x00]
	lsls r3, r1, #0x03
	adds r3, r3, r1
	lsls r3, r3, #0x02
	adds r3, r3, r2
	ldr r1, [r3, #0x08]
	ldr r2, [r3, #0x0C]
	ldr r3, [r3, #0x10]
	bl func_0801CD8C
	b _0806E95A
_0806E828:
	adds r0, r5, #0x0
	adds r0, #0x2C
	movs r3, #0xD0
	lsls r3, r3, #0x01
	adds r6, r5, r3
	ldr r2, [r6, #0x00]
	ldr r3, [r5, #0x00]
	lsls r1, r2, #0x03
	adds r1, r1, r2
	lsls r1, r1, #0x02
	adds r1, r1, r3
	ldr r1, [r1, #0x08]
	movs r2, #0xD2
	lsls r2, r2, #0x01
	adds r4, r5, r2
	ldrh r2, [r4, #0x00]
	bl func_080058FC
	adds r0, r5, #0x0
	adds r0, #0x30
	ldr r2, [r6, #0x00]
	ldr r3, [r5, #0x00]
	lsls r1, r2, #0x03
	adds r1, r1, r2
	lsls r1, r1, #0x02
	adds r1, r1, r3
	ldr r1, [r1, #0x0C]
	ldrh r2, [r4, #0x00]
	bl func_080058FC
	adds r0, r5, #0x0
	adds r0, #0x34
	ldr r2, [r6, #0x00]
	ldr r3, [r5, #0x00]
	lsls r1, r2, #0x03
	adds r1, r1, r2
	lsls r1, r1, #0x02
	adds r1, r1, r3
	ldr r1, [r1, #0x10]
	ldrh r2, [r4, #0x00]
	bl func_080058FC
	ldr r0, [r4, #0x00]
	subs r0, #0x01
	str r0, [r4, #0x00]
	cmp r0, #0x00
	bne _0806E95A
	ldr r1, [r6, #0x00]
	ldr r2, [r5, #0x00]
	lsls r0, r1, #0x03
	adds r0, r0, r1
	lsls r0, r0, #0x02
	adds r0, r0, r2
	ldr r0, [r0, #0x18]
	movs r1, #0x80
	lsls r1, r1, #0x05
	ands r0, r1
	cmp r0, #0x00
	bne _0806E95A
	adds r0, r5, #0x0
	bl func_0806E9BC
	b _0806E95A
_0806E8A6:
	movs r0, #0x20
	ands r1, r0
	cmp r1, #0x00
	bne _0806E8D0
	movs r0, #0xCE
	lsls r0, r0, #0x01
	adds r3, r5, r0
	ldr r2, _0806E8CC @ =0x0903380C
	adds r0, r5, #0x0
	adds r0, #0x26
	ldrb r1, [r0, #0x00]
	lsls r0, r1, #0x01
	adds r0, r0, r1
	lsls r0, r0, #0x02
	adds r0, r0, r2
	movs r1, #0x02
	ldsh r0, [r0, r1]
	b _0806E8EA
	.byte 0x00, 0x00
_0806E8CC: .4byte 0x0903380C
_0806E8D0:
	movs r2, #0xCE
	lsls r2, r2, #0x01
	adds r3, r5, r2
	ldr r2, _0806E904 @ =0x0903380C
	adds r0, r5, #0x0
	adds r0, #0x26
	ldrb r1, [r0, #0x00]
	lsls r0, r1, #0x01
	adds r0, r0, r1
	lsls r0, r0, #0x02
	adds r0, r0, r2
	movs r1, #0x04
	ldsh r0, [r0, r1]
_0806E8EA:
	str r0, [r3, #0x00]
	ldrh r1, [r7, #0x14]
	adds r0, r1, #0x0
	cmp r0, #0x01
	bne _0806E908
	movs r2, #0xCE
	lsls r2, r2, #0x01
	adds r0, r5, r2
	ldr r1, [r5, #0x34]
	ldr r0, [r0, #0x00]
	subs r1, r1, r0
	str r1, [r5, #0x34]
	b _0806E95A
_0806E904: .4byte 0x0903380C
_0806E908:
	cmp r0, #0x02
	bne _0806E91C
	movs r3, #0xCE
	lsls r3, r3, #0x01
	adds r0, r5, r3
	ldr r1, [r5, #0x34]
	ldr r0, [r0, #0x00]
	adds r1, r1, r0
	str r1, [r5, #0x34]
	b _0806E95A
_0806E91C:
	ldr r4, _0806E96C @ =0x08121400
	movs r2, #0xFF
	adds r0, r2, #0x0
	ands r0, r1
	lsls r0, r0, #0x01
	adds r0, r0, r4
	movs r3, #0x00
	ldsh r1, [r0, r3]
	movs r0, #0xCE
	lsls r0, r0, #0x01
	adds r3, r5, r0
	ldr r0, [r3, #0x00]
	muls r1, r0
	asrs r1, r1, #0x08
	ldr r0, [r5, #0x2C]
	adds r0, r0, r1
	str r0, [r5, #0x2C]
	ldrh r0, [r7, #0x14]
	ands r2, r0
	adds r2, #0x40
	lsls r2, r2, #0x01
	adds r2, r2, r4
	movs r1, #0x00
	ldsh r0, [r2, r1]
	negs r0, r0
	ldr r1, [r3, #0x00]
	muls r1, r0
	asrs r1, r1, #0x08
	ldr r0, [r5, #0x30]
	adds r0, r0, r1
	str r0, [r5, #0x30]
_0806E95A:
	ldr r2, [r7, #0x18]
	movs r0, #0x80
	ands r0, r2
	cmp r0, #0x00
	beq _0806E970
	movs r2, #0xD8
	lsls r2, r2, #0x01
	adds r1, r5, r2
	b _0806E980
_0806E96C: .4byte 0x08121400
_0806E970:
	movs r1, #0x80
	lsls r1, r1, #0x0B
	ands r1, r2
	cmp r1, #0x00
	beq _0806E988
	movs r3, #0xD8
	lsls r3, r3, #0x01
	adds r1, r5, r3
_0806E980:
	ldrb r0, [r1, #0x00]
	adds r0, #0x04
	strb r0, [r1, #0x00]
	b _0806E990
_0806E988:
	movs r2, #0xD8
	lsls r2, r2, #0x01
	adds r0, r5, r2
	strb r1, [r0, #0x00]
_0806E990:
	ldr r0, [r7, #0x18]
	movs r1, #0x80
	lsls r1, r1, #0x0C
	ands r0, r1
	cmp r0, #0x00
	beq _0806E9AC
	movs r3, #0xDB
	lsls r3, r3, #0x01
	adds r2, r5, r3
	ldrb r0, [r2, #0x00]
	movs r1, #0x01
	eors r0, r1
	strb r0, [r2, #0x00]
	b _0806E9B6
_0806E9AC:
	movs r0, #0xDB
	lsls r0, r0, #0x01
	adds r1, r5, r0
	movs r0, #0x01
	strb r0, [r1, #0x00]
_0806E9B6:
	pop {r4, r5, r6, r7}
	pop {r0}
	bx r0
	thumb_func_start func_0806E9BC
func_0806E9BC: @ 0806E9BC
	push {lr}
	movs r2, #0xD0
	lsls r2, r2, #0x01
	adds r1, r0, r2
	ldr r2, [r1, #0x00]
	lsls r1, r2, #0x03
	adds r1, r1, r2
	lsls r1, r1, #0x02
	ldr r2, [r0, #0x00]
	adds r2, r2, r1
	adds r0, #0x28
	ldrh r1, [r2, #0x14]
	bl func_0801CD74
	pop {r0}
	bx r0
	.byte 0x10, 0xB5, 0x02, 0x1C, 0x0C, 0x1C, 0xC4, 0x20, 0x40, 0x00, 0x11, 0x18, 0x80, 0x20, 0x00, 0x01
	.byte 0x08, 0x60, 0xC6, 0x21, 0x49, 0x00, 0x50, 0x18, 0x00, 0x21, 0x01, 0x60, 0xD4, 0x23, 0x5B, 0x00
	.byte 0xD0, 0x18, 0x01, 0x70, 0xCC, 0x20, 0x40, 0x00, 0x11, 0x18, 0x50, 0x6B, 0x08, 0x60, 0x10, 0x1C
	.byte 0x10, 0x30, 0x92, 0xF7, 0x49, 0xFA, 0x04, 0x49, 0x20, 0x1C, 0x92, 0xF7, 0xB9, 0xFA, 0x01, 0x20
	.byte 0x10, 0xBC, 0x02, 0xBC, 0x08, 0x47, 0x00, 0x00, 0x29, 0xEA, 0x06, 0x08, 0xF0, 0xB5, 0x4F, 0x46
	.byte 0x46, 0x46, 0xC0, 0xB4, 0x05, 0x1C, 0x89, 0x46, 0xE9, 0x6A, 0x09, 0x12, 0x1E, 0x48, 0x02, 0x68
	.byte 0x90, 0x6D, 0x00, 0x12, 0x09, 0x1A, 0x09, 0x04, 0x0F, 0x0C, 0x29, 0x6B, 0x09, 0x12, 0x68, 0x6B
	.byte 0x00, 0x12, 0x09, 0x18, 0xD0, 0x6D, 0x00, 0x12, 0x09, 0x1A, 0x09, 0x04, 0x0E, 0x0C, 0x28, 0x1C
	.byte 0xFF, 0xF7, 0x88, 0xFD, 0x00, 0x06, 0x00, 0x0E, 0x80, 0x46, 0x28, 0x1C, 0xFF, 0xF7, 0x9E, 0xFE
	.byte 0x28, 0x1C, 0x02, 0xF0, 0x31, 0xF8, 0xD4, 0x20, 0x40, 0x00, 0x29, 0x18, 0x08, 0x78, 0x00, 0x28
	.byte 0x1C, 0xD1, 0xC4, 0x21, 0x49, 0x00, 0x6B, 0x18, 0x19, 0x68, 0x00, 0x29, 0x00, 0xDA, 0x03, 0x31
	.byte 0x89, 0x10, 0x68, 0x6B, 0x40, 0x1A, 0x68, 0x63, 0xC6, 0x20, 0x40, 0x00, 0x2A, 0x18, 0x10, 0x68
	.byte 0x00, 0x28, 0x00, 0xDA, 0x03, 0x30, 0x80, 0x10, 0x19, 0x68, 0x09, 0x1A, 0x19, 0x60, 0x10, 0x68
	.byte 0x33, 0x30, 0x10, 0x60, 0x18, 0xE0, 0x00, 0x00, 0xC8, 0x9D, 0x03, 0x02, 0x01, 0x38, 0x08, 0x70
	.byte 0x00, 0x06, 0x00, 0x28, 0x10, 0xD1, 0x28, 0x1C, 0x26, 0x30, 0x00, 0x78, 0x0A, 0x28, 0x0B, 0xD1
	.byte 0xA2, 0x24, 0x64, 0x00, 0x20, 0x1C, 0xB1, 0xF0, 0xCD, 0xF9, 0x39, 0x04, 0x09, 0x14, 0x32, 0x04
	.byte 0x12, 0x14, 0x20, 0x1C, 0x07, 0xF0, 0x16, 0xFB, 0xCC, 0x21, 0x49, 0x00, 0x6A, 0x18, 0x68, 0x6B
	.byte 0x11, 0x68, 0x88, 0x42, 0x10, 0xDD, 0x69, 0x63, 0xC4, 0x20, 0x40, 0x00, 0x29, 0x18, 0x80, 0x20
	.byte 0x00, 0x01, 0x08, 0x60, 0xC6, 0x20, 0x40, 0x00, 0x29, 0x18, 0x00, 0x20, 0x08, 0x60, 0xD4, 0x20
	.byte 0x40, 0x00, 0x29, 0x18, 0x11, 0x20, 0x08, 0x70, 0x41, 0x46, 0x00, 0x29, 0x30, 0xD0, 0x10, 0x68
	.byte 0x68, 0x63, 0xD0, 0x22, 0x52, 0x00, 0xA8, 0x18, 0x01, 0x68, 0x2A, 0x68, 0xC8, 0x00, 0x40, 0x18
	.byte 0x80, 0x00, 0x80, 0x18, 0xC1, 0x69, 0x00, 0x29, 0x03, 0xD0, 0x48, 0x46, 0x92, 0xF7, 0x28, 0xFA
	.byte 0x03, 0xE0, 0x0C, 0x49, 0x48, 0x46, 0x92, 0xF7, 0x23, 0xFA, 0xD0, 0x21, 0x49, 0x00, 0x68, 0x18
	.byte 0x01, 0x68, 0x2A, 0x68, 0xC8, 0x00, 0x40, 0x18, 0x80, 0x00, 0x80, 0x18, 0x01, 0x6A, 0x00, 0x29
	.byte 0x0A, 0xD0, 0x28, 0x1C, 0xAE, 0xF0, 0x28, 0xFD, 0xD9, 0x22, 0x52, 0x00, 0xA9, 0x18, 0x01, 0x20
	.byte 0x08, 0x70, 0x05, 0xE0, 0x85, 0xE1, 0x06, 0x08, 0xD9, 0x22, 0x52, 0x00, 0xA8, 0x18, 0x01, 0x70
	.byte 0x28, 0x1C, 0x10, 0x30, 0x92, 0xF7, 0x90, 0xF9, 0x01, 0x20, 0x18, 0xBC, 0x98, 0x46, 0xA1, 0x46
	.byte 0xF0, 0xBC, 0x02, 0xBC, 0x08, 0x47, 0x00, 0x00, 0x10, 0xB5, 0x02, 0x1C, 0x0C, 0x1C, 0xC4, 0x20
	.byte 0x40, 0x00, 0x11, 0x18, 0xC0, 0x20, 0x00, 0x01, 0x08, 0x60, 0xC6, 0x21, 0x49, 0x00, 0x50, 0x18
	.byte 0x00, 0x21, 0x01, 0x60, 0xD4, 0x23, 0x5B, 0x00, 0xD0, 0x18, 0x01, 0x70, 0xCC, 0x20, 0x40, 0x00
	.byte 0x11, 0x18, 0x50, 0x6B, 0x08, 0x60, 0x10, 0x1C, 0x10, 0x30, 0x92, 0xF7, 0x6D, 0xF9, 0x04, 0x49
	.byte 0x20, 0x1C, 0x92, 0xF7, 0xDD, 0xF9, 0x01, 0x20, 0x10, 0xBC, 0x02, 0xBC, 0x08, 0x47, 0x00, 0x00
	.byte 0xE1, 0xEB, 0x06, 0x08, 0x70, 0xB5, 0x04, 0x1C, 0x0D, 0x1C, 0xFF, 0xF7, 0xC3, 0xFC, 0x00, 0x06
	.byte 0x06, 0x0E, 0x20, 0x1C, 0xFF, 0xF7, 0xDA, 0xFD, 0x20, 0x1C, 0x01, 0xF0, 0x6D, 0xFF, 0xD4, 0x20
	.byte 0x40, 0x00, 0x21, 0x18, 0x08, 0x78, 0x00, 0x28, 0x19, 0xD1, 0xC4, 0x21, 0x49, 0x00, 0x63, 0x18
	.byte 0x19, 0x68, 0x00, 0x29, 0x00, 0xDA, 0x03, 0x31, 0x89, 0x10, 0x60, 0x6B, 0x40, 0x1A, 0x60, 0x63
	.byte 0xC6, 0x20, 0x40, 0x00, 0x22, 0x18, 0x10, 0x68, 0x00, 0x28, 0x00, 0xDA, 0x03, 0x30, 0x80, 0x10
	.byte 0x19, 0x68, 0x09, 0x1A, 0x19, 0x60, 0x10, 0x68, 0x33, 0x30, 0x10, 0x60, 0x01, 0xE0, 0x01, 0x38
	.byte 0x08, 0x70, 0xCC, 0x21, 0x49, 0x00, 0x62, 0x18, 0x60, 0x6B, 0x11, 0x68, 0x88, 0x42, 0x0D, 0xDD
	.byte 0x61, 0x63, 0xC4, 0x23, 0x5B, 0x00, 0xE0, 0x18, 0x00, 0x21, 0x01, 0x60, 0x04, 0x33, 0xE0, 0x18
	.byte 0x01, 0x60, 0xD4, 0x20, 0x40, 0x00, 0x21, 0x18, 0x11, 0x20, 0x08, 0x70, 0x00, 0x2E, 0x31, 0xD0
	.byte 0x10, 0x68, 0x60, 0x63, 0xD0, 0x21, 0x49, 0x00, 0x60, 0x18, 0x01, 0x68, 0x22, 0x68, 0xC8, 0x00
	.byte 0x40, 0x18, 0x80, 0x00, 0x80, 0x18, 0xC1, 0x69, 0x00, 0x29, 0x03, 0xD0, 0x28, 0x1C, 0x92, 0xF7
	.byte 0x7F, 0xF9, 0x03, 0xE0, 0x0C, 0x49, 0x28, 0x1C, 0x92, 0xF7, 0x7A, 0xF9, 0xD0, 0x22, 0x52, 0x00
	.byte 0xA0, 0x18, 0x01, 0x68, 0x22, 0x68, 0xC8, 0x00, 0x40, 0x18, 0x80, 0x00, 0x80, 0x18, 0x01, 0x6A
	.byte 0x00, 0x29, 0x0B, 0xD0, 0x20, 0x1C, 0xAE, 0xF0, 0x7F, 0xFC, 0xD9, 0x23, 0x5B, 0x00, 0xE1, 0x18
	.byte 0x01, 0x20, 0x08, 0x70, 0x06, 0xE0, 0x00, 0x00, 0x85, 0xE1, 0x06, 0x08, 0xD9, 0x22, 0x52, 0x00
	.byte 0xA0, 0x18, 0x01, 0x70, 0x20, 0x1C, 0x10, 0x30, 0x92, 0xF7, 0xE6, 0xF8, 0x01, 0x20, 0x70, 0xBC
	.byte 0x02, 0xBC, 0x08, 0x47, 0x10, 0xB5, 0x02, 0x1C, 0x0C, 0x1C, 0xC4, 0x20, 0x40, 0x00, 0x11, 0x18
	.byte 0xC0, 0x20, 0x80, 0x00, 0x08, 0x60, 0xC6, 0x21, 0x49, 0x00, 0x50, 0x18, 0x00, 0x21, 0x01, 0x60
	.byte 0xD4, 0x23, 0x5B, 0x00, 0xD0, 0x18, 0x01, 0x70, 0xCC, 0x20, 0x40, 0x00, 0x11, 0x18, 0x50, 0x6B
	.byte 0x08, 0x60, 0x10, 0x1C, 0x10, 0x30, 0x92, 0xF7, 0xC7, 0xF8, 0x04, 0x49, 0x20, 0x1C, 0x92, 0xF7
	.byte 0x37, 0xF9, 0x01, 0x20, 0x10, 0xBC, 0x02, 0xBC, 0x08, 0x47, 0x00, 0x00, 0x2D, 0xED, 0x06, 0x08
	.byte 0x70, 0xB5, 0x04, 0x1C, 0x0D, 0x1C, 0xFF, 0xF7, 0x1D, 0xFC, 0x00, 0x06, 0x06, 0x0E, 0x20, 0x1C
	.byte 0x01, 0xF0, 0xCA, 0xFE, 0x20, 0x1C, 0xFF, 0xF7, 0x31, 0xFD, 0xD4, 0x20, 0x40, 0x00, 0x21, 0x18
	.byte 0x08, 0x78, 0x00, 0x28, 0x11, 0xD1, 0xC4, 0x21, 0x49, 0x00, 0x63, 0x18, 0x60, 0x6B, 0x19, 0x68
	.byte 0x40, 0x1A, 0x60, 0x63, 0xC6, 0x20, 0x40, 0x00, 0x22, 0x18, 0x18, 0x68, 0x11, 0x68, 0x40, 0x1A
	.byte 0x18, 0x60, 0x10, 0x68, 0x33, 0x30, 0x10, 0x60, 0x01, 0xE0, 0x01, 0x38, 0x08, 0x70, 0xCC, 0x21
	.byte 0x49, 0x00, 0x62, 0x18, 0x60, 0x6B, 0x11, 0x68, 0x88, 0x42, 0x10, 0xDD, 0x61, 0x63, 0xC4, 0x20
	.byte 0x40, 0x00, 0x21, 0x18, 0x80, 0x20, 0x00, 0x01, 0x08, 0x60, 0xC6, 0x20, 0x40, 0x00, 0x21, 0x18
	.byte 0x00, 0x20, 0x08, 0x60, 0xD4, 0x20, 0x40, 0x00, 0x21, 0x18, 0x11, 0x20, 0x08, 0x70, 0x00, 0x2E
	.byte 0x30, 0xD0, 0x10, 0x68, 0x60, 0x63, 0xD0, 0x21, 0x49, 0x00, 0x60, 0x18, 0x01, 0x68, 0x22, 0x68
	.byte 0xC8, 0x00, 0x40, 0x18, 0x80, 0x00, 0x80, 0x18, 0xC1, 0x69, 0x00, 0x29, 0x03, 0xD0, 0x28, 0x1C
	.byte 0x92, 0xF7, 0xDE, 0xF8, 0x03, 0xE0, 0x0C, 0x49, 0x28, 0x1C, 0x92, 0xF7, 0xD9, 0xF8, 0xD0, 0x22
	.byte 0x52, 0x00, 0xA0, 0x18, 0x01, 0x68, 0x22, 0x68, 0xC8, 0x00, 0x40, 0x18, 0x80, 0x00, 0x80, 0x18
	.byte 0x01, 0x6A, 0x00, 0x29, 0x0A, 0xD0, 0x20, 0x1C, 0xAE, 0xF0, 0xDE, 0xFB, 0xD9, 0x20, 0x40, 0x00
	.byte 0x21, 0x18, 0x01, 0x20, 0x08, 0x70, 0x05, 0xE0, 0x85, 0xE1, 0x06, 0x08, 0xD9, 0x22, 0x52, 0x00
	.byte 0xA0, 0x18, 0x01, 0x70, 0x20, 0x1C, 0x10, 0x30, 0x92, 0xF7, 0x46, 0xF8, 0x01, 0x20, 0x70, 0xBC
	.byte 0x02, 0xBC, 0x08, 0x47, 0x10, 0xB5, 0x02, 0x1C, 0x0C, 0x1C, 0xC4, 0x20, 0x40, 0x00, 0x11, 0x18
	.byte 0xC0, 0x20, 0x80, 0x00, 0x08, 0x60, 0xC6, 0x21, 0x49, 0x00, 0x50, 0x18, 0x00, 0x21, 0x01, 0x60
	.byte 0xD4, 0x23, 0x5B, 0x00, 0xD0, 0x18, 0x01, 0x70, 0xCC, 0x20, 0x40, 0x00, 0x11, 0x18, 0x50, 0x6B
	.byte 0x08, 0x60, 0x10, 0x1C, 0x10, 0x30, 0x92, 0xF7, 0x27, 0xF8, 0x04, 0x49, 0x20, 0x1C, 0x92, 0xF7
	.byte 0x97, 0xF8, 0x01, 0x20, 0x10, 0xBC, 0x02, 0xBC, 0x08, 0x47, 0x00, 0x00, 0x6D, 0xEE, 0x06, 0x08
	.byte 0x70, 0xB5, 0x04, 0x1C, 0x0D, 0x1C, 0xFF, 0xF7, 0x7D, 0xFB, 0x00, 0x06, 0x06, 0x0E, 0x20, 0x1C
	.byte 0xFF, 0xF7, 0x94, 0xFC, 0x20, 0x1C, 0x01, 0xF0, 0x27, 0xFE, 0xD4, 0x20, 0x40, 0x00, 0x21, 0x18
	.byte 0x08, 0x78, 0x00, 0x28, 0x11, 0xD1, 0xC4, 0x21, 0x49, 0x00, 0x63, 0x18, 0x60, 0x6B, 0x19, 0x68
	.byte 0x40, 0x1A, 0x60, 0x63, 0xC6, 0x20, 0x40, 0x00, 0x22, 0x18, 0x18, 0x68, 0x11, 0x68, 0x40, 0x1A
	.byte 0x18, 0x60, 0x10, 0x68, 0x33, 0x30, 0x10, 0x60, 0x01, 0xE0, 0x01, 0x38, 0x08, 0x70, 0x60, 0x6B
	.byte 0x00, 0x28, 0x06, 0xDD, 0x00, 0x20, 0x60, 0x63, 0xD4, 0x22, 0x52, 0x00, 0xA1, 0x18, 0x11, 0x20
	.byte 0x08, 0x70, 0x00, 0x2E, 0x2E, 0xD0, 0xD0, 0x21, 0x49, 0x00, 0x60, 0x18, 0x01, 0x68, 0x22, 0x68
	.byte 0xC8, 0x00, 0x40, 0x18, 0x80, 0x00, 0x80, 0x18, 0xC1, 0x69, 0x00, 0x29, 0x03, 0xD0, 0x28, 0x1C
	.byte 0x92, 0xF7, 0x4E, 0xF8, 0x03, 0xE0, 0x0C, 0x49, 0x28, 0x1C, 0x92, 0xF7, 0x49, 0xF8, 0xD0, 0x22
	.byte 0x52, 0x00, 0xA0, 0x18, 0x01, 0x68, 0x22, 0x68, 0xC8, 0x00, 0x40, 0x18, 0x80, 0x00, 0x80, 0x18
	.byte 0x01, 0x6A, 0x00, 0x29, 0x0A, 0xD0, 0x20, 0x1C, 0xAE, 0xF0, 0x4E, 0xFB, 0xD9, 0x20, 0x40, 0x00
	.byte 0x21, 0x18, 0x01, 0x20, 0x08, 0x70, 0x05, 0xE0, 0x85, 0xE1, 0x06, 0x08, 0xD9, 0x22, 0x52, 0x00
	.byte 0xA0, 0x18, 0x01, 0x70, 0x20, 0x1C, 0x10, 0x30, 0x91, 0xF7, 0xB6, 0xFF, 0x01, 0x20, 0x70, 0xBC
	.byte 0x02, 0xBC, 0x08, 0x47, 0x70, 0xB5, 0x0E, 0x1C, 0x04, 0x1C, 0xFF, 0xF7, 0x2F, 0xFC, 0x20, 0x1C
	.byte 0x01, 0xF0, 0xC2, 0xFD, 0x20, 0x1C, 0xFF, 0xF7, 0x0D, 0xFB, 0x00, 0x06, 0x00, 0x28, 0x24, 0xD0
	.byte 0xD0, 0x20, 0x40, 0x00, 0x25, 0x18, 0x28, 0x68, 0x22, 0x68, 0xC1, 0x00, 0x09, 0x18, 0x89, 0x00
	.byte 0x89, 0x18, 0xC9, 0x69, 0x00, 0x29, 0x02, 0xD0, 0x30, 0x1C, 0x92, 0xF7, 0x09, 0xF8, 0x28, 0x68
	.byte 0x22, 0x68, 0xC1, 0x00, 0x09, 0x18, 0x89, 0x00, 0x89, 0x18, 0x09, 0x6A, 0x00, 0x29, 0x08, 0xD0
	.byte 0x20, 0x1C, 0xAE, 0xF0, 0x11, 0xFB, 0xD9, 0x22, 0x52, 0x00, 0xA1, 0x18, 0x01, 0x20, 0x08, 0x70
	.byte 0x03, 0xE0, 0xD9, 0x22, 0x52, 0x00, 0xA0, 0x18, 0x01, 0x70, 0xE1, 0x8F, 0x04, 0x20, 0x01, 0x43
	.byte 0x20, 0x1C, 0x28, 0x30, 0xAD, 0xF7, 0x26, 0xFF, 0x19, 0x49, 0xF4, 0x22, 0x12, 0x01, 0x10, 0x1C
	.byte 0x08, 0x80, 0x18, 0x48, 0x10, 0x21, 0x01, 0x80, 0xD5, 0x20, 0x40, 0x00, 0x22, 0x18, 0x00, 0x20
	.byte 0x10, 0x70, 0x15, 0x4A, 0xA0, 0x18, 0x01, 0x70, 0x14, 0x49, 0x30, 0x1C, 0x91, 0xF7, 0xD8, 0xFF
	.byte 0x20, 0x1C, 0x26, 0x30, 0x00, 0x78, 0x03, 0x28, 0x12, 0xD1, 0xD0, 0x21, 0x49, 0x00, 0x60, 0x18
	.byte 0x00, 0x68, 0xC1, 0x00, 0x09, 0x18, 0x89, 0x00, 0x20, 0x68, 0x40, 0x18, 0x80, 0x69, 0x80, 0x21
	.byte 0x09, 0x03, 0x08, 0x40, 0x00, 0x28, 0x03, 0xD1, 0xA5, 0x20, 0x40, 0x00, 0xB0, 0xF0, 0x32, 0xFF
	.byte 0x20, 0x1C, 0x10, 0x30, 0x91, 0xF7, 0x48, 0xFF, 0x01, 0x20, 0x70, 0xBC, 0x02, 0xBC, 0x08, 0x47
	.byte 0x54, 0x75, 0x00, 0x03, 0x64, 0x75, 0x00, 0x03, 0xA9, 0x01, 0x00, 0x00, 0x2D, 0xF0, 0x06, 0x08
	.byte 0x30, 0xB5, 0x04, 0x1C, 0x0D, 0x1C, 0xFF, 0xF7, 0xB9, 0xFB, 0x20, 0x1C, 0x01, 0xF0, 0x4C, 0xFD
	.byte 0xD5, 0x20, 0x40, 0x00, 0x21, 0x18, 0x08, 0x78, 0x01, 0x30, 0x08, 0x70, 0x08, 0x78, 0x01, 0x21
	.byte 0x08, 0x40, 0x00, 0x28, 0x06, 0xD1, 0x14, 0x4A, 0xA1, 0x18, 0x08, 0x78, 0x00, 0x28, 0x01, 0xD0
	.byte 0x01, 0x38, 0x08, 0x70, 0x11, 0x4A, 0x10, 0x49, 0x60, 0x18, 0x01, 0x78, 0x10, 0x20, 0x40, 0x1A
	.byte 0x00, 0x02, 0x01, 0x43, 0x11, 0x80, 0x20, 0x1C, 0xFF, 0xF7, 0x7C, 0xFA, 0x00, 0x06, 0x00, 0x28
	.byte 0x3F, 0xD0, 0x0B, 0x49, 0x00, 0x20, 0x08, 0x80, 0xD0, 0x22, 0x52, 0x00, 0xA0, 0x18, 0x01, 0x68
	.byte 0x22, 0x68, 0xC8, 0x00, 0x40, 0x18, 0x80, 0x00, 0x80, 0x18, 0xC1, 0x69, 0x00, 0x29, 0x09, 0xD0
	.byte 0x28, 0x1C, 0x91, 0xF7, 0x75, 0xFF, 0x09, 0xE0, 0xA9, 0x01, 0x00, 0x00, 0x64, 0x75, 0x00, 0x03
	.byte 0x54, 0x75, 0x00, 0x03, 0x0C, 0x49, 0x28, 0x1C, 0x91, 0xF7, 0x6A, 0xFF, 0xD0, 0x21, 0x49, 0x00
	.byte 0x60, 0x18, 0x01, 0x68, 0x22, 0x68, 0xC8, 0x00, 0x40, 0x18, 0x80, 0x00, 0x80, 0x18, 0x01, 0x6A
	.byte 0x00, 0x29, 0x0B, 0xD0, 0x20, 0x1C, 0xAE, 0xF0, 0x6F, 0xFA, 0xD9, 0x22, 0x52, 0x00, 0xA1, 0x18
	.byte 0x01, 0x20, 0x08, 0x70, 0x06, 0xE0, 0x00, 0x00, 0x85, 0xE1, 0x06, 0x08, 0xD9, 0x22, 0x52, 0x00
	.byte 0xA0, 0x18, 0x01, 0x70, 0xE1, 0x8F, 0x07, 0x48, 0x01, 0x40, 0x20, 0x1C, 0x28, 0x30, 0xAD, 0xF7
	.byte 0x81, 0xFE, 0x20, 0x1C, 0x10, 0x30, 0x91, 0xF7, 0xCF, 0xFE, 0x01, 0x20, 0x30, 0xBC, 0x02, 0xBC
	.byte 0x08, 0x47, 0x00, 0x00, 0xFB, 0xFF, 0x00, 0x00, 0x70, 0xB5, 0x0E, 0x1C, 0x04, 0x1C, 0xFF, 0xF7
	.byte 0x45, 0xFB, 0x20, 0x1C, 0x01, 0xF0, 0xD8, 0xFC, 0x20, 0x1C, 0xFF, 0xF7, 0x23, 0xFA, 0x00, 0x06
	.byte 0x00, 0x28, 0x24, 0xD0, 0xD0, 0x20, 0x40, 0x00, 0x25, 0x18, 0x28, 0x68, 0x22, 0x68, 0xC1, 0x00
	.byte 0x09, 0x18, 0x89, 0x00, 0x89, 0x18, 0xC9, 0x69, 0x00, 0x29, 0x02, 0xD0, 0x30, 0x1C, 0x91, 0xF7
	.byte 0x1F, 0xFF, 0x28, 0x68, 0x22, 0x68, 0xC1, 0x00, 0x09, 0x18, 0x89, 0x00, 0x89, 0x18, 0x09, 0x6A
	.byte 0x00, 0x29, 0x08, 0xD0, 0x20, 0x1C, 0xAE, 0xF0, 0x27, 0xFA, 0xD9, 0x22, 0x52, 0x00, 0xA1, 0x18
	.byte 0x01, 0x20, 0x08, 0x70, 0x03, 0xE0, 0xD9, 0x22, 0x52, 0x00, 0xA0, 0x18, 0x01, 0x70, 0xE1, 0x8F
	.byte 0x04, 0x20, 0x01, 0x43, 0x20, 0x1C, 0x28, 0x30, 0xAD, 0xF7, 0x3C, 0xFE, 0x19, 0x49, 0xF4, 0x22
	.byte 0x12, 0x01, 0x10, 0x1C, 0x08, 0x80, 0x18, 0x49, 0xC0, 0x32, 0x10, 0x1C, 0x08, 0x80, 0xD5, 0x20
	.byte 0x40, 0x00, 0x21, 0x18, 0x00, 0x20, 0x08, 0x70, 0x14, 0x4A, 0xA1, 0x18, 0x08, 0x70, 0x14, 0x49
	.byte 0x30, 0x1C, 0x91, 0xF7, 0xED, 0xFE, 0x20, 0x1C, 0x26, 0x30, 0x00, 0x78, 0x03, 0x28, 0x11, 0xD1
	.byte 0xD0, 0x21, 0x49, 0x00, 0x60, 0x18, 0x00, 0x68, 0xC1, 0x00, 0x09, 0x18, 0x89, 0x00, 0x20, 0x68
	.byte 0x40, 0x18, 0x80, 0x69, 0x80, 0x21, 0x09, 0x03, 0x08, 0x40, 0x00, 0x28, 0x02, 0xD1, 0x09, 0x48
	.byte 0xB0, 0xF0, 0x48, 0xFE, 0x20, 0x1C, 0x10, 0x30, 0x91, 0xF7, 0x5E, 0xFE, 0x01, 0x20, 0x70, 0xBC
	.byte 0x02, 0xBC, 0x08, 0x47, 0x54, 0x75, 0x00, 0x03, 0x64, 0x75, 0x00, 0x03, 0xA9, 0x01, 0x00, 0x00
	.byte 0x05, 0xF2, 0x06, 0x08, 0x4B, 0x01, 0x00, 0x00, 0x30, 0xB5, 0x04, 0x1C, 0x0D, 0x1C, 0xFF, 0xF7
	.byte 0xCD, 0xFA, 0x20, 0x1C, 0x01, 0xF0, 0x60, 0xFC, 0xD5, 0x20, 0x40, 0x00, 0x21, 0x18, 0x08, 0x78
	.byte 0x01, 0x30, 0x08, 0x70, 0x08, 0x78, 0x01, 0x21, 0x08, 0x40, 0x00, 0x28, 0x06, 0xD1, 0x14, 0x4A
	.byte 0xA1, 0x18, 0x08, 0x78, 0x0F, 0x28, 0x01, 0xD8, 0x01, 0x30, 0x08, 0x70, 0x11, 0x4A, 0x10, 0x49
	.byte 0x60, 0x18, 0x01, 0x78, 0x10, 0x20, 0x40, 0x1A, 0x00, 0x02, 0x01, 0x43, 0x11, 0x80, 0x20, 0x1C
	.byte 0xFF, 0xF7, 0x90, 0xF9, 0x00, 0x06, 0x00, 0x28, 0x3F, 0xD0, 0x0B, 0x49, 0x00, 0x20, 0x08, 0x80
	.byte 0xD0, 0x22, 0x52, 0x00, 0xA0, 0x18, 0x01, 0x68, 0x22, 0x68, 0xC8, 0x00, 0x40, 0x18, 0x80, 0x00
	.byte 0x80, 0x18, 0xC1, 0x69, 0x00, 0x29, 0x09, 0xD0, 0x28, 0x1C, 0x91, 0xF7, 0x89, 0xFE, 0x09, 0xE0
	.byte 0xA9, 0x01, 0x00, 0x00, 0x64, 0x75, 0x00, 0x03, 0x54, 0x75, 0x00, 0x03, 0x0C, 0x49, 0x28, 0x1C
	.byte 0x91, 0xF7, 0x7E, 0xFE, 0xD0, 0x21, 0x49, 0x00, 0x60, 0x18, 0x01, 0x68, 0x22, 0x68, 0xC8, 0x00
	.byte 0x40, 0x18, 0x80, 0x00, 0x80, 0x18, 0x01, 0x6A, 0x00, 0x29, 0x0B, 0xD0, 0x20, 0x1C, 0xAE, 0xF0
	.byte 0x83, 0xF9, 0xD9, 0x22, 0x52, 0x00, 0xA1, 0x18, 0x01, 0x20, 0x08, 0x70, 0x06, 0xE0, 0x00, 0x00
	.byte 0x85, 0xE1, 0x06, 0x08, 0xD9, 0x22, 0x52, 0x00, 0xA0, 0x18, 0x01, 0x70, 0xE1, 0x8F, 0x07, 0x48
	.byte 0x01, 0x40, 0x20, 0x1C, 0x28, 0x30, 0xAD, 0xF7, 0x95, 0xFD, 0x20, 0x1C, 0x10, 0x30, 0x91, 0xF7
	.byte 0xE3, 0xFD, 0x01, 0x20, 0x30, 0xBC, 0x02, 0xBC, 0x08, 0x47, 0x00, 0x00, 0xFB, 0xFF, 0x00, 0x00
	.byte 0x70, 0xB5, 0x0E, 0x1C, 0x04, 0x1C, 0xFF, 0xF7, 0x59, 0xFA, 0x20, 0x1C, 0x01, 0xF0, 0xEC, 0xFB
	.byte 0x20, 0x1C, 0xFF, 0xF7, 0x37, 0xF9, 0x00, 0x06, 0x00, 0x28, 0x24, 0xD0, 0xD0, 0x20, 0x40, 0x00
	.byte 0x25, 0x18, 0x28, 0x68, 0x22, 0x68, 0xC1, 0x00, 0x09, 0x18, 0x89, 0x00, 0x89, 0x18, 0xC9, 0x69
	.byte 0x00, 0x29, 0x02, 0xD0, 0x30, 0x1C, 0x91, 0xF7, 0x33, 0xFE, 0x28, 0x68, 0x22, 0x68, 0xC1, 0x00
	.byte 0x09, 0x18, 0x89, 0x00, 0x89, 0x18, 0x09, 0x6A, 0x00, 0x29, 0x08, 0xD0, 0x20, 0x1C, 0xAE, 0xF0
	.byte 0x3B, 0xF9, 0xD9, 0x22, 0x52, 0x00, 0xA1, 0x18, 0x01, 0x20, 0x08, 0x70, 0x03, 0xE0, 0xD9, 0x22
	.byte 0x52, 0x00, 0xA0, 0x18, 0x01, 0x70, 0xE1, 0x8F, 0x04, 0x20, 0x01, 0x43, 0x20, 0x1C, 0x28, 0x30
	.byte 0xAD, 0xF7, 0x50, 0xFD, 0x0D, 0x49, 0xF4, 0x22, 0x12, 0x01, 0x10, 0x1C, 0x08, 0x80, 0x0C, 0x49
	.byte 0x10, 0x20, 0x08, 0x80, 0xD5, 0x20, 0x40, 0x00, 0x21, 0x18, 0x00, 0x20, 0x08, 0x70, 0x09, 0x4A
	.byte 0xA1, 0x18, 0x08, 0x70, 0x08, 0x49, 0x30, 0x1C, 0x91, 0xF7, 0x02, 0xFE, 0x20, 0x1C, 0x10, 0x30
	.byte 0x91, 0xF7, 0x8A, 0xFD, 0x01, 0x20, 0x70, 0xBC, 0x02, 0xBC, 0x08, 0x47, 0x54, 0x75, 0x00, 0x03
	.byte 0x64, 0x75, 0x00, 0x03, 0xA9, 0x01, 0x00, 0x00, 0xA9, 0xF3, 0x06, 0x08, 0x30, 0xB5, 0x04, 0x1C
	.byte 0x0D, 0x1C, 0xFF, 0xF7, 0xFB, 0xF9, 0x20, 0x1C, 0x01, 0xF0, 0x8E, 0xFB, 0xD5, 0x20, 0x40, 0x00
	.byte 0x21, 0x18, 0x08, 0x78, 0x01, 0x30, 0x08, 0x70, 0x08, 0x78, 0x01, 0x21, 0x08, 0x40, 0x00, 0x28
	.byte 0x06, 0xD1, 0x14, 0x4A, 0xA1, 0x18, 0x08, 0x78, 0x0F, 0x28, 0x01, 0xD8, 0x01, 0x30, 0x08, 0x70
	.byte 0x11, 0x4A, 0x10, 0x49, 0x60, 0x18, 0x00, 0x78, 0x00, 0x02, 0x10, 0x21, 0x08, 0x43, 0x10, 0x80
	.byte 0x20, 0x1C, 0xFF, 0xF7, 0xBF, 0xF8, 0x00, 0x06, 0x00, 0x28, 0x39, 0xD0, 0x0B, 0x49, 0x00, 0x20
	.byte 0x08, 0x80, 0xD0, 0x22, 0x52, 0x00, 0xA0, 0x18, 0x01, 0x68, 0x22, 0x68, 0xC8, 0x00, 0x40, 0x18
	.byte 0x80, 0x00, 0x80, 0x18, 0xC1, 0x69, 0x00, 0x29, 0x0A, 0xD0, 0x28, 0x1C, 0x91, 0xF7, 0xB8, 0xFD
	.byte 0x0A, 0xE0, 0x00, 0x00, 0xA9, 0x01, 0x00, 0x00, 0x64, 0x75, 0x00, 0x03, 0x54, 0x75, 0x00, 0x03
	.byte 0x0C, 0x49, 0x28, 0x1C, 0x91, 0xF7, 0xAC, 0xFD, 0xD0, 0x21, 0x49, 0x00, 0x60, 0x18, 0x01, 0x68
	.byte 0x22, 0x68, 0xC8, 0x00, 0x40, 0x18, 0x80, 0x00, 0x80, 0x18, 0x01, 0x6A, 0x00, 0x29, 0x0B, 0xD0
	.byte 0x20, 0x1C, 0xAE, 0xF0, 0xB1, 0xF8, 0xD9, 0x22, 0x52, 0x00, 0xA1, 0x18, 0x01, 0x20, 0x08, 0x70
	.byte 0x06, 0xE0, 0x00, 0x00, 0x85, 0xE1, 0x06, 0x08, 0xD9, 0x22, 0x52, 0x00, 0xA0, 0x18, 0x01, 0x70
	.byte 0x20, 0x1C, 0x10, 0x30, 0x91, 0xF7, 0x18, 0xFD, 0x01, 0x20, 0x30, 0xBC, 0x02, 0xBC, 0x08, 0x47
	.byte 0x70, 0xB5, 0x0E, 0x1C, 0x04, 0x1C, 0xFF, 0xF7, 0x91, 0xF9, 0x20, 0x1C, 0x01, 0xF0, 0x24, 0xFB
	.byte 0x20, 0x1C, 0xFF, 0xF7, 0x6F, 0xF8, 0x00, 0x06, 0x00, 0x28, 0x24, 0xD0, 0xD0, 0x20, 0x40, 0x00
	.byte 0x25, 0x18, 0x28, 0x68, 0x22, 0x68, 0xC1, 0x00, 0x09, 0x18, 0x89, 0x00, 0x89, 0x18, 0xC9, 0x69
	.byte 0x00, 0x29, 0x02, 0xD0, 0x30, 0x1C, 0x91, 0xF7, 0x6B, 0xFD, 0x28, 0x68, 0x22, 0x68, 0xC1, 0x00
	.byte 0x09, 0x18, 0x89, 0x00, 0x89, 0x18, 0x09, 0x6A, 0x00, 0x29, 0x08, 0xD0, 0x20, 0x1C, 0xAE, 0xF0
	.byte 0x73, 0xF8, 0xD9, 0x22, 0x52, 0x00, 0xA1, 0x18, 0x01, 0x20, 0x08, 0x70, 0x03, 0xE0, 0xD9, 0x22
	.byte 0x52, 0x00, 0xA0, 0x18, 0x01, 0x70, 0xE1, 0x8F, 0x04, 0x20, 0x01, 0x43, 0x20, 0x1C, 0x28, 0x30
	.byte 0xAD, 0xF7, 0x88, 0xFC, 0x0E, 0x49, 0xF4, 0x22, 0x12, 0x01, 0x10, 0x1C, 0x08, 0x80, 0x0D, 0x49
	.byte 0xD0, 0x32, 0x10, 0x1C, 0x08, 0x80, 0xD5, 0x20, 0x40, 0x00, 0x21, 0x18, 0x00, 0x20, 0x08, 0x70
	.byte 0x09, 0x4A, 0xA1, 0x18, 0x10, 0x20, 0x08, 0x70, 0x08, 0x49, 0x30, 0x1C, 0x91, 0xF7, 0x38, 0xFD
	.byte 0x20, 0x1C, 0x10, 0x30, 0x91, 0xF7, 0xC0, 0xFC, 0x01, 0x20, 0x70, 0xBC, 0x02, 0xBC, 0x08, 0x47
	.byte 0x54, 0x75, 0x00, 0x03, 0x64, 0x75, 0x00, 0x03, 0xA9, 0x01, 0x00, 0x00, 0x3D, 0xF5, 0x06, 0x08
	.byte 0x30, 0xB5, 0x04, 0x1C, 0x0D, 0x1C, 0xFF, 0xF7, 0x31, 0xF9, 0x20, 0x1C, 0x01, 0xF0, 0xC4, 0xFA
	.byte 0xD5, 0x20, 0x40, 0x00, 0x21, 0x18, 0x08, 0x78, 0x01, 0x30, 0x08, 0x70, 0x08, 0x78, 0x01, 0x21
	.byte 0x08, 0x40, 0x00, 0x28, 0x06, 0xD1, 0x14, 0x4A, 0xA1, 0x18, 0x08, 0x78, 0x00, 0x28, 0x01, 0xD0
	.byte 0x01, 0x38, 0x08, 0x70, 0x11, 0x4A, 0x10, 0x49, 0x60, 0x18, 0x00, 0x78, 0x00, 0x02, 0x10, 0x21
	.byte 0x08, 0x43, 0x10, 0x80, 0x20, 0x1C, 0xFE, 0xF7, 0xF5, 0xFF, 0x00, 0x06, 0x00, 0x28, 0x39, 0xD0
	.byte 0x0B, 0x49, 0x00, 0x20, 0x08, 0x80, 0xD0, 0x22, 0x52, 0x00, 0xA0, 0x18, 0x01, 0x68, 0x22, 0x68
	.byte 0xC8, 0x00, 0x40, 0x18, 0x80, 0x00, 0x80, 0x18, 0xC1, 0x69, 0x00, 0x29, 0x0A, 0xD0, 0x28, 0x1C
	.byte 0x91, 0xF7, 0xEE, 0xFC, 0x0A, 0xE0, 0x00, 0x00, 0xA9, 0x01, 0x00, 0x00, 0x64, 0x75, 0x00, 0x03
	.byte 0x54, 0x75, 0x00, 0x03, 0x0C, 0x49, 0x28, 0x1C, 0x91, 0xF7, 0xE2, 0xFC, 0xD0, 0x21, 0x49, 0x00
	.byte 0x60, 0x18, 0x01, 0x68, 0x22, 0x68, 0xC8, 0x00, 0x40, 0x18, 0x80, 0x00, 0x80, 0x18, 0x01, 0x6A
	.byte 0x00, 0x29, 0x0B, 0xD0, 0x20, 0x1C, 0xAD, 0xF0, 0xE7, 0xFF, 0xD9, 0x22, 0x52, 0x00, 0xA1, 0x18
	.byte 0x01, 0x20, 0x08, 0x70, 0x06, 0xE0, 0x00, 0x00, 0x85, 0xE1, 0x06, 0x08, 0xD9, 0x22, 0x52, 0x00
	.byte 0xA0, 0x18, 0x01, 0x70, 0x20, 0x1C, 0x10, 0x30, 0x91, 0xF7, 0x4E, 0xFC, 0x01, 0x20, 0x30, 0xBC
	.byte 0x02, 0xBC, 0x08, 0x47, 0x10, 0xB5, 0x03, 0x1C, 0x08, 0x1C, 0xC6, 0x22, 0x52, 0x00, 0x99, 0x18
	.byte 0x00, 0x22, 0x0A, 0x60, 0xCC, 0x24, 0x64, 0x00, 0x19, 0x19, 0x0A, 0x60, 0xC8, 0x21, 0x49, 0x00
	.byte 0x5A, 0x18, 0xD9, 0x6A, 0x11, 0x60, 0x04, 0x3C, 0x1A, 0x19, 0x59, 0x6B, 0x11, 0x60, 0x03, 0x49
	.byte 0x91, 0xF7, 0xA6, 0xFC, 0x01, 0x20, 0x10, 0xBC, 0x02, 0xBC, 0x08, 0x47, 0x4D, 0xF6, 0x06, 0x08
	.byte 0x70, 0xB5, 0x04, 0x1C, 0x0E, 0x1C, 0xFF, 0xF7, 0xA9, 0xF8, 0x20, 0x1C, 0x01, 0xF0, 0x3C, 0xFA
	.byte 0x1F, 0x4B, 0xC6, 0x20, 0x40, 0x00, 0x22, 0x18, 0x10, 0x78, 0x40, 0x00, 0xC0, 0x18, 0x00, 0x25
	.byte 0x41, 0x5F, 0xCC, 0x20, 0x40, 0x00, 0x25, 0x18, 0x28, 0x68, 0x00, 0x12, 0x41, 0x43, 0xE0, 0x6A
	.byte 0x40, 0x18, 0xE0, 0x62, 0x10, 0x78, 0x40, 0x30, 0x40, 0x00, 0xC0, 0x18, 0x00, 0x23, 0xC1, 0x5E
	.byte 0x49, 0x42, 0x28, 0x68, 0x40, 0x12, 0x41, 0x43, 0x20, 0x6B, 0x40, 0x18, 0x20, 0x63, 0x10, 0x68
	.byte 0x02, 0x30, 0x10, 0x60, 0x29, 0x68, 0x0F, 0x48, 0x81, 0x42, 0x02, 0xDC, 0x08, 0x1C, 0x19, 0x30
	.byte 0x28, 0x60, 0x20, 0x1C, 0xFE, 0xF7, 0x5E, 0xFF, 0x00, 0x06, 0x00, 0x28, 0x34, 0xD0, 0xD0, 0x25
	.byte 0x6D, 0x00, 0x60, 0x19, 0x01, 0x68, 0x22, 0x68, 0xC8, 0x00, 0x40, 0x18, 0x80, 0x00, 0x80, 0x18
	.byte 0xC1, 0x69, 0x00, 0x29, 0x08, 0xD0, 0x30, 0x1C, 0x91, 0xF7, 0x5A, 0xFC, 0x08, 0xE0, 0x00, 0x00
	.byte 0x00, 0x14, 0x12, 0x08, 0xFF, 0x01, 0x00, 0x00, 0x0C, 0x49, 0x30, 0x1C, 0x91, 0xF7, 0x50, 0xFC
	.byte 0xD0, 0x21, 0x49, 0x00, 0x60, 0x18, 0x01, 0x68, 0x22, 0x68, 0xC8, 0x00, 0x40, 0x18, 0x80, 0x00
	.byte 0x80, 0x18, 0x01, 0x6A, 0x00, 0x29, 0x0B, 0xD0, 0x20, 0x1C, 0xAD, 0xF0, 0x55, 0xFF, 0xD9, 0x22
	.byte 0x52, 0x00, 0xA1, 0x18, 0x01, 0x20, 0x08, 0x70, 0x06, 0xE0, 0x00, 0x00, 0x85, 0xE1, 0x06, 0x08
	.byte 0xD9, 0x23, 0x5B, 0x00, 0xE0, 0x18, 0x01, 0x70, 0x20, 0x1C, 0x10, 0x30, 0x91, 0xF7, 0xBC, 0xFB
	.byte 0x01, 0x20, 0x70, 0xBC, 0x02, 0xBC, 0x08, 0x47, 0x10, 0xB5, 0x03, 0x1C, 0x08, 0x1C, 0xC6, 0x22
	.byte 0x52, 0x00, 0x99, 0x18, 0x00, 0x22, 0x0A, 0x60, 0xCC, 0x24, 0x64, 0x00, 0x19, 0x19, 0x0A, 0x60
	.byte 0xC8, 0x21, 0x49, 0x00, 0x5A, 0x18, 0xD9, 0x6A, 0x11, 0x60, 0x04, 0x3C, 0x1A, 0x19, 0x59, 0x6B
	.byte 0x11, 0x60, 0x03, 0x49, 0x91, 0xF7, 0x14, 0xFC, 0x01, 0x20, 0x10, 0xBC, 0x02, 0xBC, 0x08, 0x47
	.byte 0x71, 0xF7, 0x06, 0x08, 0x70, 0xB5, 0x04, 0x1C, 0x0E, 0x1C, 0xFF, 0xF7, 0x17, 0xF8, 0x20, 0x1C
	.byte 0x01, 0xF0, 0xAA, 0xF9, 0x1F, 0x4B, 0xC6, 0x20, 0x40, 0x00, 0x22, 0x18, 0x10, 0x78, 0x40, 0x00
	.byte 0xC0, 0x18, 0x00, 0x25, 0x41, 0x5F, 0xCC, 0x20, 0x40, 0x00, 0x25, 0x18, 0x28, 0x68, 0x00, 0x12
	.byte 0x41, 0x43, 0xE0, 0x6A, 0x40, 0x18, 0xE0, 0x62, 0x10, 0x78, 0x40, 0x30, 0x40, 0x00, 0xC0, 0x18
	.byte 0x00, 0x23, 0xC1, 0x5E, 0x49, 0x42, 0x28, 0x68, 0x40, 0x12, 0x41, 0x43, 0x20, 0x6B, 0x40, 0x18
	.byte 0x20, 0x63, 0x10, 0x68, 0x06, 0x30, 0x10, 0x60, 0x29, 0x68, 0x0F, 0x48, 0x81, 0x42, 0x02, 0xDC
	.byte 0x08, 0x1C, 0x19, 0x30, 0x28, 0x60, 0x20, 0x1C, 0xFE, 0xF7, 0xCC, 0xFE, 0x00, 0x06, 0x00, 0x28
	.byte 0x34, 0xD0, 0xD0, 0x25, 0x6D, 0x00, 0x60, 0x19, 0x01, 0x68, 0x22, 0x68, 0xC8, 0x00, 0x40, 0x18
	.byte 0x80, 0x00, 0x80, 0x18, 0xC1, 0x69, 0x00, 0x29, 0x08, 0xD0, 0x30, 0x1C, 0x91, 0xF7, 0xC8, 0xFB
	.byte 0x08, 0xE0, 0x00, 0x00, 0x00, 0x14, 0x12, 0x08, 0xFF, 0x01, 0x00, 0x00, 0x0C, 0x49, 0x30, 0x1C
	.byte 0x91, 0xF7, 0xBE, 0xFB, 0xD0, 0x21, 0x49, 0x00, 0x60, 0x18, 0x01, 0x68, 0x22, 0x68, 0xC8, 0x00
	.byte 0x40, 0x18, 0x80, 0x00, 0x80, 0x18, 0x01, 0x6A, 0x00, 0x29, 0x0B, 0xD0, 0x20, 0x1C, 0xAD, 0xF0
	.byte 0xC3, 0xFE, 0xD9, 0x22, 0x52, 0x00, 0xA1, 0x18, 0x01, 0x20, 0x08, 0x70, 0x06, 0xE0, 0x00, 0x00
	.byte 0x85, 0xE1, 0x06, 0x08, 0xD9, 0x23, 0x5B, 0x00, 0xE0, 0x18, 0x01, 0x70, 0x20, 0x1C, 0x10, 0x30
	.byte 0x91, 0xF7, 0x2A, 0xFB, 0x01, 0x20, 0x70, 0xBC, 0x02, 0xBC, 0x08, 0x47, 0x00, 0xB5, 0x03, 0x1C
	.byte 0x08, 0x1C, 0xC6, 0x21, 0x49, 0x00, 0x5A, 0x18, 0x01, 0x21, 0x11, 0x60, 0xCC, 0x21, 0x49, 0x00
	.byte 0x5A, 0x18, 0x00, 0x21, 0x11, 0x60, 0xC8, 0x21, 0x49, 0x00, 0x5A, 0x18, 0xD9, 0x6A, 0x11, 0x60
	.byte 0xCA, 0x21, 0x49, 0x00, 0x5A, 0x18, 0x59, 0x6B, 0x11, 0x60, 0x03, 0x49, 0x91, 0xF7, 0x80, 0xFB
	.byte 0x01, 0x20, 0x02, 0xBC, 0x08, 0x47, 0x00, 0x00, 0x99, 0xF8, 0x06, 0x08, 0x30, 0xB5, 0x04, 0x1C
	.byte 0x0D, 0x1C, 0xFE, 0xF7, 0x83, 0xFF, 0x20, 0x1C, 0x01, 0xF0, 0x16, 0xF9, 0xCC, 0x20, 0x40, 0x00
	.byte 0x23, 0x18, 0x18, 0x68, 0x02, 0x28, 0x0C, 0xD1, 0xC6, 0x21, 0x49, 0x00, 0x62, 0x18, 0x11, 0x68
	.byte 0x89, 0x02, 0x60, 0x6B, 0x40, 0x18, 0x60, 0x63, 0x10, 0x68, 0x40, 0x42, 0x10, 0x60, 0x00, 0x20
	.byte 0x00, 0xE0, 0x01, 0x30, 0x18, 0x60, 0x20, 0x1C, 0xFE, 0xF7, 0x4C, 0xFE, 0x00, 0x06, 0x00, 0x28
	.byte 0x2E, 0xD0, 0xD0, 0x22, 0x52, 0x00, 0xA0, 0x18, 0x01, 0x68, 0x22, 0x68, 0xC8, 0x00, 0x40, 0x18
	.byte 0x80, 0x00, 0x80, 0x18, 0xC1, 0x69, 0x00, 0x29, 0x03, 0xD0, 0x28, 0x1C, 0x91, 0xF7, 0x48, 0xFB
	.byte 0x03, 0xE0, 0x0C, 0x49, 0x28, 0x1C, 0x91, 0xF7, 0x43, 0xFB, 0xD0, 0x21, 0x49, 0x00, 0x60, 0x18
	.byte 0x01, 0x68, 0x22, 0x68, 0xC8, 0x00, 0x40, 0x18, 0x80, 0x00, 0x80, 0x18, 0x01, 0x6A, 0x00, 0x29
	.byte 0x0A, 0xD0, 0x20, 0x1C, 0xAD, 0xF0, 0x48, 0xFE, 0xD9, 0x22, 0x52, 0x00, 0xA1, 0x18, 0x01, 0x20
	.byte 0x08, 0x70, 0x05, 0xE0, 0x85, 0xE1, 0x06, 0x08, 0xD9, 0x22, 0x52, 0x00, 0xA0, 0x18, 0x01, 0x70
	.byte 0x20, 0x1C, 0x10, 0x30, 0x91, 0xF7, 0xB0, 0xFA, 0x01, 0x20, 0x30, 0xBC, 0x02, 0xBC, 0x08, 0x47
	thumb_func_start func_0806F94C
func_0806F94C: @ 0806F94C
	push {r4, r5, r6, r7, lr}
	mov r7, r9
	mov r6, r8
	push {r6, r7}
	adds r5, r0, #0x0
	ldrh r4, [r5, #0x3E]
	movs r0, #0xD0
	lsls r0, r0, #0x01
	adds r7, r5, r0
	ldr r1, [r7, #0x00]
	ldr r2, [r5, #0x00]
	lsls r0, r1, #0x03
	adds r0, r0, r1
	lsls r0, r0, #0x02
	adds r0, r0, r2
	ldr r1, [r0, #0x18]
	movs r0, #0x40
	ands r0, r1
	cmp r0, #0x00
	beq _0806F9E0
	movs r0, #0x10
	ands r1, r0
	cmp r1, #0x00
	beq _0806F990
	ldr r1, _0806F988 @ =0x00000401
	adds r0, r1, #0x0
	orrs r4, r0
	ldr r0, _0806F98C @ =0x0000F7FF
	ands r4, r0
	b _0806F9FC
_0806F988: .4byte 0x00000401
_0806F98C: .4byte 0x0000F7FF
_0806F990:
	ldr r0, _0806F9C8 @ =0x00000801
	mov r8, r0
	mov r1, r8
	orrs r4, r1
	ldr r0, _0806F9CC @ =0x0000FBFF
	ands r4, r0
	adds r6, r5, #0x0
	adds r6, #0x28
	adds r0, r6, #0x0
	adds r1, r4, #0x0
	bl func_0801CE00
	ldr r1, [r7, #0x00]
	ldr r2, [r5, #0x00]
	lsls r0, r1, #0x03
	adds r0, r0, r1
	lsls r0, r0, #0x02
	adds r0, r0, r2
	ldr r0, [r0, #0x18]
	movs r1, #0x80
	lsls r1, r1, #0x03
	ands r0, r1
	cmp r0, #0x00
	bne _0806F9D0
	mov r0, r8
	orrs r4, r0
	adds r0, r6, #0x0
	b _0806FA00
_0806F9C8: .4byte 0x00000801
_0806F9CC: .4byte 0x0000FBFF
_0806F9D0:
	movs r0, #0x01
	orrs r4, r0
	ldr r0, _0806F9DC @ =0x0000F7FF
	ands r4, r0
	adds r0, r6, #0x0
	b _0806FA00
_0806F9DC: .4byte 0x0000F7FF
_0806F9E0:
	movs r0, #0x10
	ands r1, r0
	cmp r1, #0x00
	beq _0806FA10
	movs r1, #0x80
	lsls r1, r1, #0x03
	adds r0, r1, #0x0
	orrs r4, r0
	lsls r0, r4, #0x10
	ldr r1, _0806FA08 @ =0xF7FF0000
	ands r1, r0
	ldr r0, _0806FA0C @ =0xFFFE0000
	ands r0, r1
	lsrs r4, r0, #0x10
_0806F9FC:
	adds r0, r5, #0x0
	adds r0, #0x28
_0806FA00:
	adds r1, r4, #0x0
	bl func_0801CE00
	b _0806FA74
_0806FA08: .4byte 0xF7FF0000
_0806FA0C: .4byte 0xFFFE0000
_0806FA10:
	movs r0, #0x80
	lsls r0, r0, #0x04
	mov r9, r0
	mov r1, r9
	orrs r4, r1
	lsls r1, r4, #0x10
	ldr r0, _0806FA5C @ =0xFBFF0000
	ands r0, r1
	ldr r1, _0806FA60 @ =0x0000FFFE
	mov r8, r1
	lsrs r4, r0, #0x10
	ands r4, r1
	adds r6, r5, #0x0
	adds r6, #0x28
	adds r0, r6, #0x0
	adds r1, r4, #0x0
	bl func_0801CE00
	ldr r1, [r7, #0x00]
	ldr r2, [r5, #0x00]
	lsls r0, r1, #0x03
	adds r0, r0, r1
	lsls r0, r0, #0x02
	adds r0, r0, r2
	ldr r0, [r0, #0x18]
	movs r1, #0x80
	lsls r1, r1, #0x03
	ands r0, r1
	cmp r0, #0x00
	bne _0806FA64
	mov r1, r9
	orrs r1, r4
	mov r0, r8
	ands r1, r0
	adds r0, r6, #0x0
	bl func_0801CE00
	b _0806FA74
_0806FA5C: .4byte 0xFBFF0000
_0806FA60: .4byte 0x0000FFFE
_0806FA64:
	ldr r0, _0806FA80 @ =0x0000F7FF
	ands r4, r0
	mov r1, r8
	ands r4, r1
	adds r0, r6, #0x0
	adds r1, r4, #0x0
	bl func_0801CE00
_0806FA74:
	pop {r3, r4}
	mov r8, r3
	mov r9, r4
	pop {r4, r5, r6, r7}
	pop {r0}
	bx r0
_0806FA80: .4byte 0x0000F7FF
	.byte 0x10, 0xB5, 0x04, 0x1C, 0x08, 0x1C, 0xD5, 0x21, 0x49, 0x00, 0x62, 0x18, 0x00, 0x21, 0x11, 0x70
	.byte 0x06, 0x4B, 0xE2, 0x18, 0x11, 0x70, 0x06, 0x49, 0x91, 0xF7, 0x76, 0xFA, 0x20, 0x1C, 0x10, 0x30
	.byte 0x91, 0xF7, 0xFE, 0xF9, 0x01, 0x20, 0x10, 0xBC, 0x02, 0xBC, 0x08, 0x47, 0xA9, 0x01, 0x00, 0x00
	.byte 0xB9, 0xFA, 0x06, 0x08, 0xF0, 0xB5, 0x81, 0xB0, 0x04, 0x1C, 0x0F, 0x1C, 0x20, 0x49, 0x68, 0x46
	.byte 0x04, 0x22, 0xAF, 0xF0, 0xB3, 0xFA, 0x20, 0x1C, 0x28, 0x30, 0x1E, 0x49, 0x65, 0x18, 0x29, 0x78
	.byte 0x49, 0x00, 0x69, 0x44, 0x09, 0x88, 0xAD, 0xF7, 0x4B, 0xF9, 0xD5, 0x20, 0x40, 0x00, 0x21, 0x18
	.byte 0x08, 0x78, 0x01, 0x30, 0x00, 0x26, 0x08, 0x70, 0x00, 0x06, 0x00, 0x0E, 0x0C, 0x28, 0x04, 0xD1
	.byte 0x0E, 0x70, 0x28, 0x78, 0x01, 0x21, 0x48, 0x40, 0x28, 0x70, 0x20, 0x1C, 0xFE, 0xF7, 0x36, 0xFD
	.byte 0x00, 0x06, 0x00, 0x28, 0x24, 0xD0, 0x60, 0x68, 0x00, 0x28, 0x01, 0xD0, 0x92, 0xF7, 0xD6, 0xFE
	.byte 0xA0, 0x68, 0x00, 0x28, 0x01, 0xD0, 0x93, 0xF7, 0x79, 0xF8, 0x66, 0x60, 0xA6, 0x60, 0xD0, 0x21
	.byte 0x49, 0x00, 0x60, 0x18, 0x01, 0x68, 0x22, 0x68, 0xC8, 0x00, 0x40, 0x18, 0x80, 0x00, 0x80, 0x18
	.byte 0xC1, 0x69, 0x00, 0x29, 0x08, 0xD0, 0x38, 0x1C, 0x91, 0xF7, 0x26, 0xFA, 0x08, 0xE0, 0x00, 0x00
	.byte 0x8C, 0x3C, 0x03, 0x09, 0xA9, 0x01, 0x00, 0x00, 0x06, 0x49, 0x38, 0x1C, 0x91, 0xF7, 0x1C, 0xFA
	.byte 0x20, 0x1C, 0x10, 0x30, 0x91, 0xF7, 0xA4, 0xF9, 0x01, 0x20, 0x01, 0xB0, 0xF0, 0xBC, 0x02, 0xBC
	.byte 0x08, 0x47, 0x00, 0x00, 0x85, 0xE1, 0x06, 0x08, 0x70, 0xB5, 0x0E, 0x1C, 0x04, 0x1C, 0xFE, 0xF7
	.byte 0x19, 0xFE, 0x20, 0x1C, 0x00, 0xF0, 0xAC, 0xFF, 0x20, 0x1C, 0xFE, 0xF7, 0xF7, 0xFC, 0x00, 0x06
	.byte 0x00, 0x28, 0x24, 0xD0, 0xD0, 0x20, 0x40, 0x00, 0x25, 0x18, 0x28, 0x68, 0x22, 0x68, 0xC1, 0x00
	.byte 0x09, 0x18, 0x89, 0x00, 0x89, 0x18, 0xC9, 0x69, 0x00, 0x29, 0x02, 0xD0, 0x30, 0x1C, 0x91, 0xF7
	.byte 0xF3, 0xF9, 0x28, 0x68, 0x22, 0x68, 0xC1, 0x00, 0x09, 0x18, 0x89, 0x00, 0x89, 0x18, 0x09, 0x6A
	.byte 0x00, 0x29, 0x08, 0xD0, 0x20, 0x1C, 0xAD, 0xF0, 0xFB, 0xFC, 0xD9, 0x22, 0x52, 0x00, 0xA1, 0x18
	.byte 0x01, 0x20, 0x08, 0x70, 0x03, 0xE0, 0xD9, 0x22, 0x52, 0x00, 0xA0, 0x18, 0x01, 0x70, 0xE1, 0x8F
	.byte 0x04, 0x20, 0x01, 0x43, 0x20, 0x1C, 0x28, 0x30, 0xAD, 0xF7, 0x10, 0xF9, 0x0D, 0x49, 0xF4, 0x22
	.byte 0x12, 0x01, 0x10, 0x1C, 0x08, 0x80, 0x0C, 0x48, 0x10, 0x21, 0x01, 0x80, 0xD5, 0x20, 0x40, 0x00
	.byte 0x22, 0x18, 0x00, 0x20, 0x10, 0x70, 0x09, 0x4A, 0xA0, 0x18, 0x01, 0x70, 0x08, 0x49, 0x30, 0x1C
	.byte 0x91, 0xF7, 0xC2, 0xF9, 0x20, 0x1C, 0x10, 0x30, 0x91, 0xF7, 0x4A, 0xF9, 0x01, 0x20, 0x70, 0xBC
	.byte 0x02, 0xBC, 0x08, 0x47, 0x54, 0x75, 0x00, 0x03, 0x64, 0x75, 0x00, 0x03, 0xA9, 0x01, 0x00, 0x00
	.byte 0x29, 0xFC, 0x06, 0x08, 0x30, 0xB5, 0x04, 0x1C, 0x0D, 0x1C, 0xFE, 0xF7, 0xBB, 0xFD, 0x20, 0x1C
	.byte 0x00, 0xF0, 0x4E, 0xFF, 0xD5, 0x20, 0x40, 0x00, 0x21, 0x18, 0x08, 0x78, 0x01, 0x30, 0x08, 0x70
	.byte 0x08, 0x78, 0x01, 0x21, 0x08, 0x40, 0x00, 0x28, 0x06, 0xD1, 0x12, 0x4A, 0xA1, 0x18, 0x08, 0x78
	.byte 0x00, 0x28, 0x01, 0xD0, 0x01, 0x38, 0x08, 0x70, 0x0F, 0x49, 0x0E, 0x4A, 0xA0, 0x18, 0x00, 0x78
	.byte 0x08, 0x80, 0x20, 0x1C, 0xFE, 0xF7, 0x82, 0xFC, 0x00, 0x06, 0x00, 0x28, 0x38, 0xD0, 0x0B, 0x49
	.byte 0x00, 0x20, 0x08, 0x80, 0xD0, 0x21, 0x49, 0x00, 0x60, 0x18, 0x01, 0x68, 0x22, 0x68, 0xC8, 0x00
	.byte 0x40, 0x18, 0x80, 0x00, 0x80, 0x18, 0xC1, 0x69, 0x00, 0x29, 0x09, 0xD0, 0x28, 0x1C, 0x91, 0xF7
	.byte 0x7B, 0xF9, 0x09, 0xE0, 0xA9, 0x01, 0x00, 0x00, 0x64, 0x75, 0x00, 0x03, 0x54, 0x75, 0x00, 0x03
	.byte 0x0C, 0x49, 0x28, 0x1C, 0x91, 0xF7, 0x70, 0xF9, 0xD0, 0x22, 0x52, 0x00, 0xA0, 0x18, 0x01, 0x68
	.byte 0x22, 0x68, 0xC8, 0x00, 0x40, 0x18, 0x80, 0x00, 0x80, 0x18, 0x01, 0x6A, 0x00, 0x29, 0x0B, 0xD0
	.byte 0x20, 0x1C, 0xAD, 0xF0, 0x75, 0xFC, 0xD9, 0x20, 0x40, 0x00, 0x21, 0x18, 0x01, 0x20, 0x08, 0x70
	.byte 0x06, 0xE0, 0x00, 0x00, 0x85, 0xE1, 0x06, 0x08, 0xD9, 0x22, 0x52, 0x00, 0xA0, 0x18, 0x01, 0x70
	.byte 0x20, 0x1C, 0x10, 0x30, 0x91, 0xF7, 0xDC, 0xF8, 0x01, 0x20, 0x30, 0xBC, 0x02, 0xBC, 0x08, 0x47
	.byte 0x70, 0xB5, 0x0E, 0x1C, 0x04, 0x1C, 0xFE, 0xF7, 0x55, 0xFD, 0x20, 0x1C, 0x00, 0xF0, 0xE8, 0xFE
	.byte 0x20, 0x1C, 0xFE, 0xF7, 0x33, 0xFC, 0x00, 0x06, 0x00, 0x28, 0x24, 0xD0, 0xD0, 0x20, 0x40, 0x00
	.byte 0x25, 0x18, 0x28, 0x68, 0x22, 0x68, 0xC1, 0x00, 0x09, 0x18, 0x89, 0x00, 0x89, 0x18, 0xC9, 0x69
	.byte 0x00, 0x29, 0x02, 0xD0, 0x30, 0x1C, 0x91, 0xF7, 0x2F, 0xF9, 0x28, 0x68, 0x22, 0x68, 0xC1, 0x00
	.byte 0x09, 0x18, 0x89, 0x00, 0x89, 0x18, 0x09, 0x6A, 0x00, 0x29, 0x08, 0xD0, 0x20, 0x1C, 0xAD, 0xF0
	.byte 0x37, 0xFC, 0xD9, 0x22, 0x52, 0x00, 0xA1, 0x18, 0x01, 0x20, 0x08, 0x70, 0x03, 0xE0, 0xD9, 0x22
	.byte 0x52, 0x00, 0xA0, 0x18, 0x01, 0x70, 0xE1, 0x8F, 0x04, 0x20, 0x01, 0x43, 0x20, 0x1C, 0x28, 0x30
	.byte 0xAD, 0xF7, 0x4C, 0xF8, 0x0D, 0x49, 0xF4, 0x22, 0x12, 0x01, 0x10, 0x1C, 0x08, 0x80, 0x0C, 0x48
	.byte 0x00, 0x21, 0x01, 0x80, 0xD5, 0x22, 0x52, 0x00, 0xA0, 0x18, 0x01, 0x70, 0x09, 0x48, 0x21, 0x18
	.byte 0x10, 0x20, 0x08, 0x70, 0x08, 0x49, 0x30, 0x1C, 0x91, 0xF7, 0xFE, 0xF8, 0x20, 0x1C, 0x10, 0x30
	.byte 0x91, 0xF7, 0x86, 0xF8, 0x01, 0x20, 0x70, 0xBC, 0x02, 0xBC, 0x08, 0x47, 0x54, 0x75, 0x00, 0x03
	.byte 0x64, 0x75, 0x00, 0x03, 0xA9, 0x01, 0x00, 0x00, 0xB1, 0xFD, 0x06, 0x08, 0x30, 0xB5, 0x04, 0x1C
	.byte 0x0D, 0x1C, 0xFE, 0xF7, 0xF7, 0xFC, 0x20, 0x1C, 0x00, 0xF0, 0x8A, 0xFE, 0xD5, 0x20, 0x40, 0x00
	.byte 0x21, 0x18, 0x08, 0x78, 0x01, 0x30, 0x08, 0x70, 0x08, 0x78, 0x01, 0x21, 0x08, 0x40, 0x00, 0x28
	.byte 0x06, 0xD1, 0x17, 0x4A, 0xA1, 0x18, 0x08, 0x78, 0x00, 0x28, 0x01, 0xD0, 0x01, 0x38, 0x08, 0x70
	.byte 0x14, 0x4B, 0x13, 0x48, 0x00, 0x19, 0x84, 0x46, 0x01, 0x78, 0x10, 0x22, 0x50, 0x1A, 0x09, 0x02
	.byte 0x08, 0x43, 0x18, 0x80, 0x61, 0x46, 0x08, 0x78, 0x00, 0x02, 0x10, 0x43, 0x18, 0x80, 0x20, 0x1C
	.byte 0xFE, 0xF7, 0xB4, 0xFB, 0x00, 0x06, 0x00, 0x28, 0x38, 0xD0, 0x0B, 0x49, 0x00, 0x20, 0x08, 0x80
	.byte 0xD0, 0x22, 0x52, 0x00, 0xA0, 0x18, 0x01, 0x68, 0x22, 0x68, 0xC8, 0x00, 0x40, 0x18, 0x80, 0x00
	.byte 0x80, 0x18, 0xC1, 0x69, 0x00, 0x29, 0x09, 0xD0, 0x28, 0x1C, 0x91, 0xF7, 0xAD, 0xF8, 0x09, 0xE0
	.byte 0xA9, 0x01, 0x00, 0x00, 0x64, 0x75, 0x00, 0x03, 0x54, 0x75, 0x00, 0x03, 0x0C, 0x49, 0x28, 0x1C
	.byte 0x91, 0xF7, 0xA2, 0xF8, 0xD0, 0x21, 0x49, 0x00, 0x60, 0x18, 0x01, 0x68, 0x22, 0x68, 0xC8, 0x00
	.byte 0x40, 0x18, 0x80, 0x00, 0x80, 0x18, 0x01, 0x6A, 0x00, 0x29, 0x0B, 0xD0, 0x20, 0x1C, 0xAD, 0xF0
	.byte 0xA7, 0xFB, 0xD9, 0x22, 0x52, 0x00, 0xA1, 0x18, 0x01, 0x20, 0x08, 0x70, 0x06, 0xE0, 0x00, 0x00
	.byte 0x85, 0xE1, 0x06, 0x08, 0xD9, 0x22, 0x52, 0x00, 0xA0, 0x18, 0x01, 0x70, 0x20, 0x1C, 0x10, 0x30
	.byte 0x91, 0xF7, 0x0E, 0xF8, 0x01, 0x20, 0x30, 0xBC, 0x02, 0xBC, 0x08, 0x47
	thumb_func_start func_0806FE90
func_0806FE90: @ 0806FE90
	push {r4, r5, lr}
	adds r5, r0, #0x0
	bl func_08001384
	lsls r0, r0, #0x10
	movs r1, #0xF0
	lsls r1, r1, #0x10
	ands r1, r0
	lsrs r4, r1, #0x10
	cmp r4, #0x50
	bne _0806FEA8
	b _0806FFD0
_0806FEA8:
	cmp r4, #0x50
	bgt _0806FEC0
	cmp r4, #0x20
	beq _0806FF54
	cmp r4, #0x20
	bgt _0806FEBA
	cmp r4, #0x10
	beq _0806FF8C
	b _0806FFFC
_0806FEBA:
	cmp r4, #0x40
	beq _0806FEDE
	b _0806FFFC
_0806FEC0:
	cmp r4, #0x80
	beq _0806FF20
	cmp r4, #0x80
	bgt _0806FED0
	cmp r4, #0x60
	bne _0806FECE
	b _0806FFDC
_0806FECE:
	b _0806FFFC
_0806FED0:
	cmp r4, #0x90
	bne _0806FED6
	b _0806FFE8
_0806FED6:
	cmp r4, #0xA0
	bne _0806FEDC
	b _0806FFF4
_0806FEDC:
	b _0806FFFC
_0806FEDE:
	movs r0, #0x20
	bl func_08001534
	lsls r0, r0, #0x18
	lsrs r0, r0, #0x18
	cmp r0, #0x04
	bhi _0806FEF8
	ldr r0, _0806FEF4 @ =0x000001AB
	adds r1, r5, r0
	movs r0, #0xD3
	b _0806FFFA
_0806FEF4: .4byte 0x000001AB
_0806FEF8:
	movs r0, #0x10
	bl func_08001534
	lsls r0, r0, #0x18
	lsrs r0, r0, #0x18
	cmp r0, #0x04
	bhi _0806FF14
	ldr r0, _0806FF10 @ =0x000001AB
	adds r1, r5, r0
	movs r0, #0x2D
	b _0806FFFA
	.byte 0x00, 0x00
_0806FF10: .4byte 0x000001AB
_0806FF14:
	ldr r0, _0806FF1C @ =0x000001AB
	adds r1, r5, r0
	movs r0, #0x00
	b _0806FFFA
_0806FF1C: .4byte 0x000001AB
_0806FF20:
	movs r0, #0x20
	bl func_08001534
	lsls r0, r0, #0x18
	lsrs r0, r0, #0x18
	cmp r0, #0x04
	bls _0806FFF4
	movs r0, #0x10
	bl func_08001534
	lsls r0, r0, #0x18
	lsrs r0, r0, #0x18
	cmp r0, #0x04
	bhi _0806FF48
	ldr r0, _0806FF44 @ =0x000001AB
	adds r1, r5, r0
	movs r0, #0x53
	b _0806FFFA
_0806FF44: .4byte 0x000001AB
_0806FF48:
	ldr r1, _0806FF50 @ =0x000001AB
	adds r0, r5, r1
	strb r4, [r0, #0x00]
	b _0806FFFC
_0806FF50: .4byte 0x000001AB
_0806FF54:
	movs r0, #0x40
	bl func_08001534
	lsls r0, r0, #0x18
	lsrs r0, r0, #0x18
	cmp r0, #0x04
	bhi _0806FF70
	ldr r0, _0806FF6C @ =0x000001AB
	adds r1, r5, r0
	movs r0, #0xD3
	b _0806FFFA
	.byte 0x00, 0x00
_0806FF6C: .4byte 0x000001AB
_0806FF70:
	movs r0, #0x80
	bl func_08001534
	lsls r0, r0, #0x18
	lsrs r0, r0, #0x18
	cmp r0, #0x04
	bls _0806FFF4
	ldr r0, _0806FF88 @ =0x000001AB
	adds r1, r5, r0
	movs r0, #0xC0
	b _0806FFFA
	.byte 0x00, 0x00
_0806FF88: .4byte 0x000001AB
_0806FF8C:
	movs r0, #0x40
	bl func_08001534
	lsls r0, r0, #0x18
	lsrs r0, r0, #0x18
	cmp r0, #0x04
	bhi _0806FFA8
	ldr r0, _0806FFA4 @ =0x000001AB
	adds r1, r5, r0
	movs r0, #0x2D
	b _0806FFFA
	.byte 0x00, 0x00
_0806FFA4: .4byte 0x000001AB
_0806FFA8:
	movs r0, #0x80
	bl func_08001534
	lsls r0, r0, #0x18
	lsrs r0, r0, #0x18
	cmp r0, #0x04
	bhi _0806FFC4
	ldr r0, _0806FFC0 @ =0x000001AB
	adds r1, r5, r0
	movs r0, #0x53
	b _0806FFFA
	.byte 0x00, 0x00
_0806FFC0: .4byte 0x000001AB
_0806FFC4:
	ldr r0, _0806FFCC @ =0x000001AB
	adds r1, r5, r0
	movs r0, #0x40
	b _0806FFFA
_0806FFCC: .4byte 0x000001AB
_0806FFD0:
	ldr r0, _0806FFD8 @ =0x000001AB
	adds r1, r5, r0
	movs r0, #0x2D
	b _0806FFFA
_0806FFD8: .4byte 0x000001AB
_0806FFDC:
	ldr r0, _0806FFE4 @ =0x000001AB
	adds r1, r5, r0
	movs r0, #0xD3
	b _0806FFFA
_0806FFE4: .4byte 0x000001AB
_0806FFE8:
	ldr r0, _0806FFF0 @ =0x000001AB
	adds r1, r5, r0
	movs r0, #0x53
	b _0806FFFA
_0806FFF0: .4byte 0x000001AB
_0806FFF4:
	ldr r0, _08070004 @ =0x000001AB
	adds r1, r5, r0
	movs r0, #0xAD
_0806FFFA:
	strb r0, [r1, #0x00]
_0806FFFC:
	pop {r4, r5}
	pop {r0}
	bx r0
	.byte 0x00, 0x00
_08070004: .4byte 0x000001AB
	thumb_func_start func_08070008
func_08070008: @ 08070008
	push {r4, r5, r6, lr}
	adds r5, r0, #0x0
	ldr r0, _08070040 @ =0x000001AB
	adds r4, r5, r0
	ldrb r6, [r4, #0x00]
	adds r0, r5, #0x0
	bl func_0806FE90
	ldrb r0, [r4, #0x00]
	cmp r6, r0
	beq _08070050
	ldrb r1, [r4, #0x00]
	adds r0, r6, #0x0
	bl func_08005824
	lsls r0, r0, #0x18
	asrs r0, r0, #0x18
	cmp r0, #0x00
	bge _08070030
	negs r0, r0
_08070030:
	cmp r0, #0x64
	ble _08070044
	movs r0, #0xCE
	lsls r0, r0, #0x01
	adds r1, r5, r0
	movs r0, #0x00
	b _0807004E
	.byte 0x00, 0x00
_08070040: .4byte 0x000001AB
_08070044:
	movs r0, #0xCE
	lsls r0, r0, #0x01
	adds r1, r5, r0
	ldr r0, [r1, #0x00]
	asrs r0, r0, #0x01
_0807004E:
	str r0, [r1, #0x00]
_08070050:
	pop {r4, r5, r6}
	pop {r0}
	bx r0
	.byte 0x00, 0x00
	thumb_func_start func_08070058
func_08070058: @ 08070058
	push {r4, r5, r6, r7, lr}
	adds r2, r0, #0x0
	adds r7, r1, #0x0
	ldrh r4, [r2, #0x3E]
	ldr r1, _0807007C @ =0x000001AB
	adds r0, r2, r1
	ldrb r0, [r0, #0x00]
	cmp r0, #0x53
	beq _0807009E
	cmp r0, #0x53
	bgt _08070086
	cmp r0, #0x2D
	beq _0807009E
	cmp r0, #0x2D
	bgt _08070080
	cmp r0, #0x00
	beq _080700A4
	b _080700A8
_0807007C: .4byte 0x000001AB
_08070080:
	cmp r0, #0x40
	beq _0807009E
	b _080700A8
_08070086:
	cmp r0, #0xAD
	beq _080700A4
	cmp r0, #0xAD
	bgt _08070094
	cmp r0, #0x80
	beq _080700A4
	b _080700A8
_08070094:
	cmp r0, #0xC0
	beq _080700A4
	cmp r0, #0xD3
	bne _080700A8
	b _080700A4
_0807009E:
	movs r0, #0x01
	orrs r4, r0
	b _080700A8
_080700A4:
	ldr r0, _080700D0 @ =0x0000FFFE
	ands r4, r0
_080700A8:
	movs r0, #0xBE
	lsls r0, r0, #0x01
	adds r6, r2, r0
	ldr r0, [r6, #0x00]
	adds r5, r2, #0x0
	adds r5, #0x28
	cmp r7, r0
	beq _080700C2
	adds r0, r5, #0x0
	adds r1, r7, #0x0
	bl func_0801CD74
	str r7, [r6, #0x00]
_080700C2:
	adds r0, r5, #0x0
	adds r1, r4, #0x0
	bl func_0801CE00
	pop {r4, r5, r6, r7}
	pop {r0}
	bx r0
_080700D0: .4byte 0x0000FFFE
	.byte 0xF0, 0xB5, 0x47, 0x46, 0x80, 0xB4, 0x04, 0x1C, 0x88, 0x46, 0x91, 0xF7, 0x51, 0xF9, 0x00, 0x04
	.byte 0x05, 0x0C, 0x20, 0x1C, 0xFF, 0xF7, 0xD2, 0xFE, 0x07, 0x49, 0x60, 0x18, 0x00, 0x78, 0x53, 0x28
	.byte 0x00, 0xD1, 0xC1, 0xE0, 0x53, 0x28, 0x0C, 0xDC, 0x2D, 0x28, 0x00, 0xD1, 0x8A, 0xE0, 0x2D, 0x28
	.byte 0x04, 0xDC, 0x00, 0x28, 0x12, 0xD0, 0xCF, 0xE0, 0xAB, 0x01, 0x00, 0x00, 0x40, 0x28, 0x55, 0xD0
	.byte 0xCA, 0xE0, 0xAD, 0x28, 0x00, 0xD1, 0x99, 0xE0, 0xAD, 0x28, 0x02, 0xDC, 0x80, 0x28, 0x21, 0xD0
	.byte 0xC2, 0xE0, 0xC0, 0x28, 0x3A, 0xD0, 0xD3, 0x28, 0x64, 0xD0, 0xBD, 0xE0, 0x01, 0x20, 0x28, 0x40
	.byte 0x00, 0x28, 0x0B, 0xD0, 0x04, 0x4A, 0xA1, 0x18, 0x01, 0x20, 0x08, 0x70, 0x20, 0x1C, 0x05, 0x21
	.byte 0xFF, 0xF7, 0x88, 0xFF, 0xB0, 0xE0, 0x00, 0x00, 0xAD, 0x01, 0x00, 0x00, 0x04, 0x4B, 0xE1, 0x18
	.byte 0x02, 0x20, 0x08, 0x70, 0x20, 0x1C, 0x0A, 0x21, 0xFF, 0xF7, 0x7C, 0xFF, 0xA4, 0xE0, 0x00, 0x00
	.byte 0xAD, 0x01, 0x00, 0x00, 0x01, 0x20, 0x28, 0x40, 0x00, 0x28, 0x0B, 0xD0, 0x04, 0x48, 0x21, 0x18
	.byte 0x01, 0x20, 0x08, 0x70, 0x20, 0x1C, 0x06, 0x21, 0xFF, 0xF7, 0x6C, 0xFF, 0x94, 0xE0, 0x00, 0x00
	.byte 0xAD, 0x01, 0x00, 0x00, 0x04, 0x4A, 0xA1, 0x18, 0x02, 0x20, 0x08, 0x70, 0x20, 0x1C, 0x0B, 0x21
	.byte 0xFF, 0xF7, 0x60, 0xFF, 0x88, 0xE0, 0x00, 0x00, 0xAD, 0x01, 0x00, 0x00, 0x01, 0x20, 0x28, 0x40
	.byte 0x00, 0x28, 0x05, 0xD0, 0x01, 0x4B, 0xE1, 0x18, 0x0E, 0xE0, 0x00, 0x00, 0xAD, 0x01, 0x00, 0x00
	.byte 0x01, 0x48, 0x21, 0x18, 0x14, 0xE0, 0x00, 0x00, 0xAD, 0x01, 0x00, 0x00, 0x01, 0x20, 0x28, 0x40
	.byte 0x00, 0x28, 0x0B, 0xD0, 0x04, 0x4A, 0xA1, 0x18, 0x01, 0x20, 0x08, 0x70, 0x20, 0x1C, 0x08, 0x21
	.byte 0xFF, 0xF7, 0x40, 0xFF, 0x68, 0xE0, 0x00, 0x00, 0xAD, 0x01, 0x00, 0x00, 0x04, 0x4B, 0xE1, 0x18
	.byte 0x02, 0x20, 0x08, 0x70, 0x20, 0x1C, 0x0D, 0x21, 0xFF, 0xF7, 0x34, 0xFF, 0x5C, 0xE0, 0x00, 0x00
	.byte 0xAD, 0x01, 0x00, 0x00, 0x01, 0x20, 0x28, 0x40, 0x00, 0x28, 0x05, 0xD0, 0x01, 0x48, 0x21, 0x18
	.byte 0x0E, 0xE0, 0x00, 0x00, 0xAD, 0x01, 0x00, 0x00, 0x01, 0x4A, 0xA1, 0x18, 0x14, 0xE0, 0x00, 0x00
	.byte 0xAD, 0x01, 0x00, 0x00, 0x01, 0x20, 0x28, 0x40, 0x00, 0x28, 0x0B, 0xD0, 0x04, 0x4B, 0xE1, 0x18
	.byte 0x01, 0x20, 0x08, 0x70, 0x20, 0x1C, 0x09, 0x21, 0xFF, 0xF7, 0x14, 0xFF, 0x3C, 0xE0, 0x00, 0x00
	.byte 0xAD, 0x01, 0x00, 0x00, 0x04, 0x48, 0x21, 0x18, 0x02, 0x20, 0x08, 0x70, 0x20, 0x1C, 0x0E, 0x21
	.byte 0xFF, 0xF7, 0x08, 0xFF, 0x30, 0xE0, 0x00, 0x00, 0xAD, 0x01, 0x00, 0x00, 0x01, 0x20, 0x28, 0x40
	.byte 0x00, 0x28, 0x05, 0xD0, 0x01, 0x4A, 0xA1, 0x18, 0x14, 0xE0, 0x00, 0x00, 0xAD, 0x01, 0x00, 0x00
	.byte 0x04, 0x4B, 0xE1, 0x18, 0x02, 0x20, 0x08, 0x70, 0x20, 0x1C, 0x0C, 0x21, 0xFF, 0xF7, 0xF2, 0xFE
	.byte 0x1A, 0xE0, 0x00, 0x00, 0xAD, 0x01, 0x00, 0x00, 0x01, 0x20, 0x28, 0x40, 0x00, 0x28, 0x0B, 0xD0
	.byte 0x04, 0x48, 0x21, 0x18, 0x01, 0x20, 0x08, 0x70, 0x20, 0x1C, 0x07, 0x21, 0xFF, 0xF7, 0xE2, 0xFE
	.byte 0x0A, 0xE0, 0x00, 0x00, 0xAD, 0x01, 0x00, 0x00, 0x0D, 0x4A, 0xA1, 0x18, 0x02, 0x20, 0x08, 0x70
	.byte 0x20, 0x1C, 0x0C, 0x21, 0xFF, 0xF7, 0xD6, 0xFE, 0xF0, 0x22, 0x2A, 0x40, 0x00, 0x2A, 0x31, 0xD0
	.byte 0xCE, 0x23, 0x5B, 0x00, 0xE6, 0x18, 0x30, 0x68, 0x07, 0x1C, 0x33, 0x37, 0x37, 0x60, 0x04, 0x49
	.byte 0x60, 0x18, 0x00, 0x78, 0x01, 0x28, 0x05, 0xD0, 0x02, 0x28, 0x11, 0xD0, 0x72, 0xE0, 0x00, 0x00
	.byte 0xAD, 0x01, 0x00, 0x00, 0x05, 0x4A, 0x23, 0x1C, 0x26, 0x33, 0x19, 0x78, 0x48, 0x00, 0x40, 0x18
	.byte 0x80, 0x00, 0x80, 0x18, 0x02, 0x22, 0x80, 0x5E, 0x0C, 0xE0, 0x00, 0x00, 0x0C, 0x38, 0x03, 0x09
	.byte 0x07, 0x4A, 0x23, 0x1C, 0x26, 0x33, 0x19, 0x78, 0x48, 0x00, 0x40, 0x18, 0x80, 0x00, 0x80, 0x18
	.byte 0x04, 0x21, 0x40, 0x5E, 0x1D, 0x1C, 0x87, 0x42, 0x56, 0xDD, 0x30, 0x60, 0x54, 0xE0, 0x00, 0x00
	.byte 0x0C, 0x38, 0x03, 0x09, 0xCE, 0x23, 0x5B, 0x00, 0xE1, 0x18, 0x08, 0x68, 0x66, 0x38, 0x08, 0x60
	.byte 0x00, 0x28, 0x00, 0xDA, 0x0A, 0x60, 0x07, 0x49, 0x60, 0x18, 0x00, 0x78, 0x53, 0x28, 0x33, 0xD0
	.byte 0x53, 0x28, 0x0C, 0xDC, 0x2D, 0x28, 0x39, 0xD0, 0x2D, 0x28, 0x05, 0xDC, 0x00, 0x28, 0x12, 0xD0
	.byte 0x38, 0xE0, 0x00, 0x00, 0xAB, 0x01, 0x00, 0x00, 0x40, 0x28, 0x1B, 0xD0, 0x32, 0xE0, 0xAD, 0x28
	.byte 0x1D, 0xD0, 0xAD, 0x28, 0x02, 0xDC, 0x80, 0x28, 0x0A, 0xD0, 0x2B, 0xE0, 0xC0, 0x28, 0x0C, 0xD0
	.byte 0xD3, 0x28, 0x1E, 0xD0, 0x26, 0xE0, 0x20, 0x1C, 0x00, 0x21, 0xFF, 0xF7, 0x73, 0xFE, 0x21, 0xE0
	.byte 0x20, 0x1C, 0x01, 0x21, 0xFF, 0xF7, 0x6E, 0xFE, 0x1C, 0xE0, 0x20, 0x1C, 0x03, 0x21, 0xFF, 0xF7
	.byte 0x69, 0xFE, 0x17, 0xE0, 0x20, 0x1C, 0x03, 0x21, 0xFF, 0xF7, 0x64, 0xFE, 0x12, 0xE0, 0x20, 0x1C
	.byte 0x02, 0x21, 0xFF, 0xF7, 0x5F, 0xFE, 0x0D, 0xE0, 0x20, 0x1C, 0x02, 0x21, 0xFF, 0xF7, 0x5A, 0xFE
	.byte 0x08, 0xE0, 0x20, 0x1C, 0x04, 0x21, 0xFF, 0xF7, 0x55, 0xFE, 0x03, 0xE0, 0x20, 0x1C, 0x04, 0x21
	.byte 0xFF, 0xF7, 0x50, 0xFE, 0x25, 0x1C, 0x26, 0x35, 0x90, 0xF7, 0xE8, 0xFF, 0x02, 0x21, 0x01, 0x40
	.byte 0x00, 0x29, 0x0B, 0xD0, 0x28, 0x4A, 0xA1, 0x18, 0x00, 0x20, 0x08, 0x70, 0xD4, 0x23, 0x5B, 0x00
	.byte 0xE1, 0x18, 0x08, 0x70, 0x25, 0x49, 0x40, 0x46, 0x90, 0xF7, 0xD6, 0xFD, 0x24, 0x4B, 0x25, 0x48
	.byte 0x26, 0x18, 0x30, 0x78, 0x40, 0x00, 0xC0, 0x18, 0x00, 0x22, 0x81, 0x5E, 0xCE, 0x20, 0x40, 0x00
	.byte 0x22, 0x18, 0x10, 0x68, 0x48, 0x43, 0x00, 0x12, 0xE1, 0x6A, 0x0F, 0x18, 0xE7, 0x62, 0x30, 0x78
	.byte 0x40, 0x30, 0x40, 0x00, 0xC0, 0x18, 0x00, 0x21, 0x40, 0x5E, 0x40, 0x42, 0x11, 0x68, 0x41, 0x43
	.byte 0x09, 0x12, 0x20, 0x6B, 0x40, 0x18, 0x20, 0x63, 0x2A, 0x78, 0x00, 0x2A, 0x0C, 0xD1, 0x16, 0x48
	.byte 0x00, 0x68, 0x00, 0x28, 0x08, 0xD0, 0xC1, 0x6F, 0x14, 0x4B, 0xF8, 0x18, 0x48, 0x60, 0x20, 0x6B
	.byte 0x13, 0x4B, 0xC0, 0x18, 0x88, 0x60, 0xCA, 0x60, 0x0E, 0x49, 0x60, 0x18, 0x01, 0x78, 0xD6, 0x22
	.byte 0x52, 0x00, 0xA0, 0x18, 0x01, 0x70, 0x0F, 0x4B, 0xE0, 0x18, 0x00, 0x78, 0x02, 0x32, 0xA1, 0x18
	.byte 0x08, 0x70, 0x20, 0x1C, 0x10, 0x30, 0x90, 0xF7, 0x23, 0xFD, 0x01, 0x20, 0x08, 0xBC, 0x98, 0x46
	.byte 0xF0, 0xBC, 0x02, 0xBC, 0x08, 0x47, 0x00, 0x00, 0xAF, 0x01, 0x00, 0x00, 0x8D, 0x04, 0x07, 0x08
	.byte 0x00, 0x14, 0x12, 0x08, 0xAB, 0x01, 0x00, 0x00, 0x84, 0x9B, 0x03, 0x02, 0x00, 0x88, 0xFF, 0xFF
	.byte 0x00, 0xB0, 0xFF, 0xFF, 0xAD, 0x01, 0x00, 0x00, 0x30, 0xB5, 0x04, 0x1C, 0x0D, 0x1C, 0x90, 0xF7
	.byte 0x77, 0xFF, 0x00, 0x04, 0xF0, 0x21, 0x09, 0x04, 0x01, 0x40, 0x00, 0x29, 0x05, 0xD0, 0xCE, 0x20
	.byte 0x40, 0x00, 0x21, 0x18, 0x08, 0x68, 0x05, 0x30, 0x08, 0x60, 0x05, 0x49, 0x60, 0x18, 0x00, 0x78
	.byte 0x05, 0x28, 0x00, 0xD9, 0x04, 0xE3, 0x80, 0x00, 0x02, 0x49, 0x40, 0x18, 0x00, 0x68, 0x87, 0x46
	.byte 0xAF, 0x01, 0x00, 0x00, 0xCC, 0x04, 0x07, 0x08, 0xE4, 0x04, 0x07, 0x08, 0xE2, 0x05, 0x07, 0x08
	.byte 0xEC, 0x06, 0x07, 0x08, 0xF4, 0x07, 0x07, 0x08, 0xF0, 0x08, 0x07, 0x08, 0xEC, 0x09, 0x07, 0x08
	.byte 0x06, 0x4A, 0xA0, 0x18, 0x00, 0x78, 0x53, 0x28, 0x28, 0xD0, 0x53, 0x28, 0x0B, 0xDC, 0x2D, 0x28
	.byte 0x2E, 0xD0, 0x2D, 0x28, 0x04, 0xDC, 0x00, 0x28, 0x11, 0xD0, 0x2D, 0xE0, 0xAB, 0x01, 0x00, 0x00
	.byte 0x40, 0x28, 0x16, 0xD0, 0x28, 0xE0, 0xAD, 0x28, 0x18, 0xD0, 0xAD, 0x28, 0x02, 0xDC, 0x80, 0x28
	.byte 0x0A, 0xD0, 0x21, 0xE0, 0xC0, 0x28, 0x0C, 0xD0, 0xD3, 0x28, 0x14, 0xD0, 0x1C, 0xE0, 0x20, 0x1C
	.byte 0x26, 0x21, 0xFF, 0xF7, 0x97, 0xFD, 0x17, 0xE0, 0x20, 0x1C, 0x2C, 0x21, 0xFF, 0xF7, 0x92, 0xFD
	.byte 0x12, 0xE0, 0x20, 0x1C, 0x38, 0x21, 0xFF, 0xF7, 0x8D, 0xFD, 0x0D, 0xE0, 0x20, 0x1C, 0x32, 0x21
	.byte 0xFF, 0xF7, 0x88, 0xFD, 0x08, 0xE0, 0x20, 0x1C, 0x3E, 0x21, 0xFF, 0xF7, 0x83, 0xFD, 0x03, 0xE0
	.byte 0x20, 0x1C, 0x3E, 0x21, 0xFF, 0xF7, 0x7E, 0xFD, 0x1B, 0x4B, 0x1C, 0x48, 0x25, 0x18, 0x28, 0x78
	.byte 0x40, 0x00, 0xC0, 0x18, 0x00, 0x22, 0x81, 0x5E, 0xCE, 0x20, 0x40, 0x00, 0x22, 0x18, 0x10, 0x68
	.byte 0x80, 0x10, 0x41, 0x43, 0x09, 0x12, 0xE0, 0x6A, 0x40, 0x18, 0xE0, 0x62, 0x28, 0x78, 0x40, 0x30
	.byte 0x40, 0x00, 0xC0, 0x18, 0x00, 0x23, 0xC1, 0x5E, 0x49, 0x42, 0x10, 0x68, 0x80, 0x10, 0x41, 0x43
	.byte 0x09, 0x12, 0x20, 0x6B, 0x40, 0x18, 0x20, 0x63, 0xD4, 0x20, 0x40, 0x00, 0x23, 0x18, 0x18, 0x78
	.byte 0x03, 0x28, 0x19, 0xD9, 0x0A, 0x4A, 0xA1, 0x18, 0x00, 0x22, 0x01, 0x20, 0x08, 0x70, 0xC6, 0x20
	.byte 0x40, 0x00, 0x21, 0x18, 0x07, 0x48, 0x08, 0x60, 0xCC, 0x20, 0x40, 0x00, 0x21, 0x18, 0x60, 0x6B
	.byte 0x08, 0x60, 0x1A, 0x70, 0x7C, 0xE2, 0x00, 0x00, 0x00, 0x14, 0x12, 0x08, 0xAB, 0x01, 0x00, 0x00
	.byte 0xAF, 0x01, 0x00, 0x00, 0xC0, 0xFA, 0xFF, 0xFF, 0x01, 0x30, 0x18, 0x70, 0x70, 0xE2, 0x20, 0x1C
	.byte 0xFF, 0xF7, 0x10, 0xFD, 0x06, 0x49, 0x60, 0x18, 0x00, 0x78, 0x53, 0x28, 0x28, 0xD0, 0x53, 0x28
	.byte 0x0B, 0xDC, 0x2D, 0x28, 0x2E, 0xD0, 0x2D, 0x28, 0x04, 0xDC, 0x00, 0x28, 0x11, 0xD0, 0x2D, 0xE0
	.byte 0xAB, 0x01, 0x00, 0x00, 0x40, 0x28, 0x16, 0xD0, 0x28, 0xE0, 0xAD, 0x28, 0x18, 0xD0, 0xAD, 0x28
	.byte 0x02, 0xDC, 0x80, 0x28, 0x0A, 0xD0, 0x21, 0xE0, 0xC0, 0x28, 0x0C, 0xD0, 0xD3, 0x28, 0x14, 0xD0
	.byte 0x1C, 0xE0, 0x20, 0x1C, 0x27, 0x21, 0xFF, 0xF7, 0x15, 0xFD, 0x17, 0xE0, 0x20, 0x1C, 0x2D, 0x21
	.byte 0xFF, 0xF7, 0x10, 0xFD, 0x12, 0xE0, 0x20, 0x1C, 0x39, 0x21, 0xFF, 0xF7, 0x0B, 0xFD, 0x0D, 0xE0
	.byte 0x20, 0x1C, 0x33, 0x21, 0xFF, 0xF7, 0x06, 0xFD, 0x08, 0xE0, 0x20, 0x1C, 0x3F, 0x21, 0xFF, 0xF7
	.byte 0x01, 0xFD, 0x03, 0xE0, 0x20, 0x1C, 0x3F, 0x21, 0xFF, 0xF7, 0xFC, 0xFC, 0x1E, 0x4B, 0x1F, 0x4A
	.byte 0xA5, 0x18, 0x28, 0x78, 0x40, 0x00, 0xC0, 0x18, 0x00, 0x22, 0x81, 0x5E, 0xCE, 0x20, 0x40, 0x00
	.byte 0x22, 0x18, 0x10, 0x68, 0x41, 0x43, 0x09, 0x12, 0xE0, 0x6A, 0x40, 0x18, 0xE0, 0x62, 0x28, 0x78
	.byte 0x40, 0x30, 0x40, 0x00, 0xC0, 0x18, 0x00, 0x21, 0x40, 0x5E, 0x40, 0x42, 0x11, 0x68, 0x41, 0x43
	.byte 0x09, 0x12, 0x20, 0x6B, 0x40, 0x18, 0x20, 0x63, 0xC6, 0x22, 0x52, 0x00, 0xA5, 0x18, 0x29, 0x68
	.byte 0x33, 0x31, 0x29, 0x60, 0x60, 0x6B, 0x40, 0x18, 0x60, 0x63, 0x90, 0xF7, 0x69, 0xFE, 0x02, 0x21
	.byte 0x01, 0x40, 0x00, 0x29, 0x02, 0xD1, 0x28, 0x68, 0x40, 0x30, 0x28, 0x60, 0x29, 0x68, 0x08, 0x48
	.byte 0x81, 0x42, 0x00, 0xDC, 0xFC, 0xE1, 0x07, 0x4B, 0xE2, 0x18, 0x00, 0x20, 0x02, 0x21, 0x11, 0x70
	.byte 0xD4, 0x22, 0x52, 0x00, 0xA1, 0x18, 0xF2, 0xE1, 0x00, 0x14, 0x12, 0x08, 0xAB, 0x01, 0x00, 0x00
	.byte 0x00, 0xFE, 0xFF, 0xFF, 0xAF, 0x01, 0x00, 0x00, 0x20, 0x1C, 0xFF, 0xF7, 0x8B, 0xFC, 0x07, 0x4B
	.byte 0xE0, 0x18, 0x00, 0x78, 0x53, 0x28, 0x29, 0xD0, 0x53, 0x28, 0x0C, 0xDC, 0x2D, 0x28, 0x2F, 0xD0
	.byte 0x2D, 0x28, 0x05, 0xDC, 0x00, 0x28, 0x12, 0xD0, 0x2E, 0xE0, 0x00, 0x00, 0xAB, 0x01, 0x00, 0x00
	.byte 0x40, 0x28, 0x16, 0xD0, 0x28, 0xE0, 0xAD, 0x28, 0x18, 0xD0, 0xAD, 0x28, 0x02, 0xDC, 0x80, 0x28
	.byte 0x0A, 0xD0, 0x21, 0xE0, 0xC0, 0x28, 0x0C, 0xD0, 0xD3, 0x28, 0x14, 0xD0, 0x1C, 0xE0, 0x20, 0x1C
	.byte 0x28, 0x21, 0xFF, 0xF7, 0x8F, 0xFC, 0x17, 0xE0, 0x20, 0x1C, 0x2E, 0x21, 0xFF, 0xF7, 0x8A, 0xFC
	.byte 0x12, 0xE0, 0x20, 0x1C, 0x3A, 0x21, 0xFF, 0xF7, 0x85, 0xFC, 0x0D, 0xE0, 0x20, 0x1C, 0x34, 0x21
	.byte 0xFF, 0xF7, 0x80, 0xFC, 0x08, 0xE0, 0x20, 0x1C, 0x40, 0x21, 0xFF, 0xF7, 0x7B, 0xFC, 0x03, 0xE0
	.byte 0x20, 0x1C, 0x40, 0x21, 0xFF, 0xF7, 0x76, 0xFC, 0x1E, 0x4B, 0x1F, 0x48, 0x25, 0x18, 0x28, 0x78
	.byte 0x40, 0x00, 0xC0, 0x18, 0x00, 0x22, 0x81, 0x5E, 0xCE, 0x20, 0x40, 0x00, 0x22, 0x18, 0x10, 0x68
	.byte 0x41, 0x43, 0x09, 0x12, 0xE0, 0x6A, 0x40, 0x18, 0xE0, 0x62, 0x28, 0x78, 0x40, 0x30, 0x40, 0x00
	.byte 0xC0, 0x18, 0x00, 0x21, 0x40, 0x5E, 0x40, 0x42, 0x11, 0x68, 0x41, 0x43, 0x09, 0x12, 0x20, 0x6B
	.byte 0x40, 0x18, 0x20, 0x63, 0xC6, 0x22, 0x52, 0x00, 0xA5, 0x18, 0x29, 0x68, 0x33, 0x31, 0x29, 0x60
	.byte 0x60, 0x6B, 0x40, 0x18, 0x60, 0x63, 0x90, 0xF7, 0xE3, 0xFD, 0x02, 0x21, 0x01, 0x40, 0x00, 0x29
	.byte 0x02, 0xD1, 0x28, 0x68, 0x40, 0x30, 0x28, 0x60, 0x28, 0x68, 0x00, 0x28, 0x00, 0xDC, 0x77, 0xE1
	.byte 0x06, 0x4B, 0xE2, 0x18, 0x00, 0x20, 0x03, 0x21, 0x11, 0x70, 0xD4, 0x22, 0x52, 0x00, 0xA1, 0x18
	.byte 0x6D, 0xE1, 0x00, 0x00, 0x00, 0x14, 0x12, 0x08, 0xAB, 0x01, 0x00, 0x00, 0xAF, 0x01, 0x00, 0x00
	.byte 0x20, 0x1C, 0xFF, 0xF7, 0x07, 0xFC, 0x07, 0x4B, 0xE0, 0x18, 0x00, 0x78, 0x53, 0x28, 0x29, 0xD0
	.byte 0x53, 0x28, 0x0C, 0xDC, 0x2D, 0x28, 0x2F, 0xD0, 0x2D, 0x28, 0x05, 0xDC, 0x00, 0x28, 0x12, 0xD0
	.byte 0x2E, 0xE0, 0x00, 0x00, 0xAB, 0x01, 0x00, 0x00, 0x40, 0x28, 0x16, 0xD0, 0x28, 0xE0, 0xAD, 0x28
	.byte 0x18, 0xD0, 0xAD, 0x28, 0x02, 0xDC, 0x80, 0x28, 0x0A, 0xD0, 0x21, 0xE0, 0xC0, 0x28, 0x0C, 0xD0
	.byte 0xD3, 0x28, 0x14, 0xD0, 0x1C, 0xE0, 0x20, 0x1C, 0x28, 0x21, 0xFF, 0xF7, 0x0B, 0xFC, 0x17, 0xE0
	.byte 0x20, 0x1C, 0x2E, 0x21, 0xFF, 0xF7, 0x06, 0xFC, 0x12, 0xE0, 0x20, 0x1C, 0x3A, 0x21, 0xFF, 0xF7
	.byte 0x01, 0xFC, 0x0D, 0xE0, 0x20, 0x1C, 0x34, 0x21, 0xFF, 0xF7, 0xFC, 0xFB, 0x08, 0xE0, 0x20, 0x1C
	.byte 0x40, 0x21, 0xFF, 0xF7, 0xF7, 0xFB, 0x03, 0xE0, 0x20, 0x1C, 0x40, 0x21, 0xFF, 0xF7, 0xF2, 0xFB
	.byte 0x1A, 0x4B, 0x1B, 0x48, 0x25, 0x18, 0x28, 0x78, 0x40, 0x00, 0xC0, 0x18, 0x00, 0x22, 0x81, 0x5E
	.byte 0xCE, 0x20, 0x40, 0x00, 0x22, 0x18, 0x10, 0x68, 0x41, 0x43, 0x09, 0x12, 0xE0, 0x6A, 0x40, 0x18
	.byte 0xE0, 0x62, 0x28, 0x78, 0x40, 0x30, 0x40, 0x00, 0xC0, 0x18, 0x00, 0x21, 0x40, 0x5E, 0x40, 0x42
	.byte 0x11, 0x68, 0x41, 0x43, 0x09, 0x12, 0x20, 0x6B, 0x40, 0x18, 0x20, 0x63, 0xC6, 0x23, 0x5B, 0x00
	.byte 0xE2, 0x18, 0x60, 0x6B, 0x11, 0x68, 0x40, 0x18, 0x60, 0x63, 0x10, 0x68, 0x33, 0x30, 0x10, 0x60
	.byte 0x08, 0x49, 0x88, 0x42, 0x00, 0xDC, 0xFB, 0xE0, 0x07, 0x48, 0x22, 0x18, 0x00, 0x20, 0x04, 0x21
	.byte 0x11, 0x70, 0xD4, 0x22, 0x52, 0x00, 0xA1, 0x18, 0xF1, 0xE0, 0x00, 0x00, 0x00, 0x14, 0x12, 0x08
	.byte 0xAB, 0x01, 0x00, 0x00, 0xFF, 0x01, 0x00, 0x00, 0xAF, 0x01, 0x00, 0x00, 0x20, 0x1C, 0xFF, 0xF7
	.byte 0x89, 0xFB, 0x07, 0x4B, 0xE0, 0x18, 0x00, 0x78, 0x53, 0x28, 0x29, 0xD0, 0x53, 0x28, 0x0C, 0xDC
	.byte 0x2D, 0x28, 0x2F, 0xD0, 0x2D, 0x28, 0x05, 0xDC, 0x00, 0x28, 0x12, 0xD0, 0x2E, 0xE0, 0x00, 0x00
	.byte 0xAB, 0x01, 0x00, 0x00, 0x40, 0x28, 0x16, 0xD0, 0x28, 0xE0, 0xAD, 0x28, 0x18, 0xD0, 0xAD, 0x28
	.byte 0x02, 0xDC, 0x80, 0x28, 0x0A, 0xD0, 0x21, 0xE0, 0xC0, 0x28, 0x0C, 0xD0, 0xD3, 0x28, 0x14, 0xD0
	.byte 0x1C, 0xE0, 0x20, 0x1C, 0x29, 0x21, 0xFF, 0xF7, 0x8D, 0xFB, 0x17, 0xE0, 0x20, 0x1C, 0x2F, 0x21
	.byte 0xFF, 0xF7, 0x88, 0xFB, 0x12, 0xE0, 0x20, 0x1C, 0x3B, 0x21, 0xFF, 0xF7, 0x83, 0xFB, 0x0D, 0xE0
	.byte 0x20, 0x1C, 0x35, 0x21, 0xFF, 0xF7, 0x7E, 0xFB, 0x08, 0xE0, 0x20, 0x1C, 0x41, 0x21, 0xFF, 0xF7
	.byte 0x79, 0xFB, 0x03, 0xE0, 0x20, 0x1C, 0x41, 0x21, 0xFF, 0xF7, 0x74, 0xFB, 0x1C, 0x4B, 0x1D, 0x48
	.byte 0x25, 0x18, 0x28, 0x78, 0x40, 0x00, 0xC0, 0x18, 0x00, 0x22, 0x81, 0x5E, 0xCE, 0x20, 0x40, 0x00
	.byte 0x22, 0x18, 0x10, 0x68, 0x41, 0x43, 0x09, 0x12, 0xE0, 0x6A, 0x40, 0x18, 0xE0, 0x62, 0x28, 0x78
	.byte 0x40, 0x30, 0x40, 0x00, 0xC0, 0x18, 0x00, 0x21, 0x40, 0x5E, 0x40, 0x42, 0x11, 0x68, 0x41, 0x43
	.byte 0x09, 0x12, 0x20, 0x6B, 0x40, 0x18, 0x20, 0x63, 0xC6, 0x23, 0x5B, 0x00, 0xE2, 0x18, 0x60, 0x6B
	.byte 0x11, 0x68, 0x40, 0x18, 0x60, 0x63, 0x10, 0x68, 0x33, 0x30, 0x10, 0x60, 0xCC, 0x21, 0x49, 0x00
	.byte 0x60, 0x18, 0x61, 0x6B, 0x00, 0x68, 0x81, 0x42, 0x00, 0xDC, 0x79, 0xE0, 0x60, 0x63, 0x23, 0x33
	.byte 0xE2, 0x18, 0x00, 0x20, 0x05, 0x21, 0x11, 0x70, 0xD4, 0x22, 0x52, 0x00, 0xA1, 0x18, 0x6E, 0xE0
	.byte 0x00, 0x14, 0x12, 0x08, 0xAB, 0x01, 0x00, 0x00, 0x06, 0x4B, 0xE0, 0x18, 0x00, 0x78, 0x53, 0x28
	.byte 0x28, 0xD0, 0x53, 0x28, 0x0B, 0xDC, 0x2D, 0x28, 0x2E, 0xD0, 0x2D, 0x28, 0x04, 0xDC, 0x00, 0x28
	.byte 0x11, 0xD0, 0x2D, 0xE0, 0xAB, 0x01, 0x00, 0x00, 0x40, 0x28, 0x16, 0xD0, 0x28, 0xE0, 0xAD, 0x28
	.byte 0x18, 0xD0, 0xAD, 0x28, 0x02, 0xDC, 0x80, 0x28, 0x0A, 0xD0, 0x21, 0xE0, 0xC0, 0x28, 0x0C, 0xD0
	.byte 0xD3, 0x28, 0x14, 0xD0, 0x1C, 0xE0, 0x20, 0x1C, 0x2A, 0x21, 0xFF, 0xF7, 0x13, 0xFB, 0x17, 0xE0
	.byte 0x20, 0x1C, 0x30, 0x21, 0xFF, 0xF7, 0x0E, 0xFB, 0x12, 0xE0, 0x20, 0x1C, 0x3C, 0x21, 0xFF, 0xF7
	.byte 0x09, 0xFB, 0x0D, 0xE0, 0x20, 0x1C, 0x36, 0x21, 0xFF, 0xF7, 0x04, 0xFB, 0x08, 0xE0, 0x20, 0x1C
	.byte 0x42, 0x21, 0xFF, 0xF7, 0xFF, 0xFA, 0x03, 0xE0, 0x20, 0x1C, 0x42, 0x21, 0xFF, 0xF7, 0xFA, 0xFA
	.byte 0xCE, 0x20, 0x40, 0x00, 0x22, 0x18, 0x11, 0x68, 0xCC, 0x20, 0x48, 0x43, 0x00, 0x12, 0x10, 0x60
	.byte 0x90, 0xF7, 0x8C, 0xFC, 0x02, 0x21, 0x01, 0x40, 0x00, 0x29, 0x0D, 0xD0, 0x04, 0x4A, 0xA1, 0x18
	.byte 0x01, 0x20, 0x08, 0x70, 0xC6, 0x23, 0x5B, 0x00, 0xE1, 0x18, 0x02, 0x48, 0x08, 0x60, 0x17, 0xE0
	.byte 0xAF, 0x01, 0x00, 0x00, 0xC0, 0xFA, 0xFF, 0xFF, 0xD4, 0x20, 0x40, 0x00, 0x21, 0x18, 0x08, 0x78
	.byte 0x0A, 0x28, 0x0B, 0xD9, 0xD6, 0x21, 0x49, 0x00, 0x60, 0x18, 0xFF, 0x21, 0x01, 0x70, 0x02, 0x49
	.byte 0x28, 0x1C, 0x90, 0xF7, 0x69, 0xFA, 0x03, 0xE0, 0xD5, 0x00, 0x07, 0x08, 0x01, 0x30, 0x08, 0x70
	.byte 0x20, 0x1C, 0x10, 0x30, 0x90, 0xF7, 0xEC, 0xF9, 0x01, 0x20, 0x30, 0xBC, 0x02, 0xBC, 0x08, 0x47
	.byte 0xF0, 0xB5, 0x05, 0x1C, 0xEA, 0x6A, 0x12, 0x12, 0x13, 0x49, 0x0B, 0x68, 0x99, 0x6D, 0x09, 0x12
	.byte 0x52, 0x1A, 0x12, 0x04, 0x16, 0x0C, 0x2A, 0x6B, 0x12, 0x12, 0x69, 0x6B, 0x09, 0x12, 0x52, 0x18
	.byte 0xD9, 0x6D, 0x09, 0x12, 0x52, 0x1A, 0x12, 0x04, 0x17, 0x0C, 0xD0, 0x22, 0x52, 0x00, 0xA9, 0x18
	.byte 0x0A, 0x68, 0x2B, 0x68, 0xD1, 0x00, 0x89, 0x18, 0x89, 0x00, 0xC9, 0x18, 0x09, 0x68, 0x4A, 0x1F
	.byte 0xE5, 0x21, 0x89, 0x00, 0x8A, 0x42, 0x01, 0xD9, 0x01, 0xF0, 0xF6, 0xFE, 0x91, 0x00, 0x03, 0x4A
	.byte 0x89, 0x18, 0x09, 0x68, 0x8F, 0x46, 0x00, 0x00, 0xC8, 0x9D, 0x03, 0x02, 0x34, 0x0B, 0x07, 0x08
	.byte 0x64, 0x23, 0x07, 0x08, 0x64, 0x23, 0x07, 0x08, 0x64, 0x23, 0x07, 0x08, 0x64, 0x23, 0x07, 0x08
	.byte 0x64, 0x23, 0x07, 0x08, 0x8C, 0x24, 0x07, 0x08, 0x8C, 0x24, 0x07, 0x08, 0x8C, 0x24, 0x07, 0x08
	.byte 0x8C, 0x24, 0x07, 0x08, 0x8C, 0x24, 0x07, 0x08, 0x0C, 0x29, 0x07, 0x08, 0x0C, 0x29, 0x07, 0x08
	.byte 0x0C, 0x29, 0x07, 0x08, 0x4C, 0x23, 0x07, 0x08, 0x4C, 0x23, 0x07, 0x08, 0x0C, 0x29, 0x07, 0x08
	.byte 0x0C, 0x29, 0x07, 0x08, 0x0C, 0x29, 0x07, 0x08, 0x0C, 0x29, 0x07, 0x08, 0x0C, 0x29, 0x07, 0x08
	.byte 0x0C, 0x29, 0x07, 0x08, 0x0C, 0x29, 0x07, 0x08, 0x0C, 0x29, 0x07, 0x08, 0x0C, 0x29, 0x07, 0x08
	.byte 0x0C, 0x29, 0x07, 0x08, 0x0C, 0x29, 0x07, 0x08, 0x0C, 0x29, 0x07, 0x08, 0x0C, 0x29, 0x07, 0x08
	.byte 0x0C, 0x29, 0x07, 0x08, 0x0C, 0x29, 0x07, 0x08, 0x0C, 0x29, 0x07, 0x08, 0x0C, 0x29, 0x07, 0x08
	.byte 0x0C, 0x29, 0x07, 0x08, 0x0C, 0x29, 0x07, 0x08, 0x0C, 0x29, 0x07, 0x08, 0x0C, 0x29, 0x07, 0x08
	.byte 0x0C, 0x29, 0x07, 0x08, 0x0C, 0x29, 0x07, 0x08, 0x0C, 0x29, 0x07, 0x08, 0x0C, 0x29, 0x07, 0x08
	.byte 0x0C, 0x29, 0x07, 0x08, 0x0C, 0x29, 0x07, 0x08, 0x0C, 0x29, 0x07, 0x08, 0x0C, 0x29, 0x07, 0x08
	.byte 0x0C, 0x29, 0x07, 0x08, 0x0C, 0x29, 0x07, 0x08, 0x0C, 0x29, 0x07, 0x08, 0x0C, 0x29, 0x07, 0x08
	.byte 0x0C, 0x29, 0x07, 0x08, 0x0C, 0x29, 0x07, 0x08, 0x0C, 0x29, 0x07, 0x08, 0x0C, 0x29, 0x07, 0x08
	.byte 0x0C, 0x29, 0x07, 0x08, 0x0C, 0x29, 0x07, 0x08, 0x0C, 0x29, 0x07, 0x08, 0x0C, 0x29, 0x07, 0x08
	.byte 0x0C, 0x29, 0x07, 0x08, 0x0C, 0x29, 0x07, 0x08, 0x0C, 0x29, 0x07, 0x08, 0x0C, 0x29, 0x07, 0x08
	.byte 0x0C, 0x29, 0x07, 0x08, 0x0C, 0x29, 0x07, 0x08, 0x0C, 0x29, 0x07, 0x08, 0x0C, 0x29, 0x07, 0x08
	.byte 0x0C, 0x29, 0x07, 0x08, 0x0C, 0x29, 0x07, 0x08, 0x0C, 0x29, 0x07, 0x08, 0x0C, 0x29, 0x07, 0x08
	.byte 0x0C, 0x29, 0x07, 0x08, 0x0C, 0x29, 0x07, 0x08, 0x0C, 0x29, 0x07, 0x08, 0x0C, 0x29, 0x07, 0x08
	.byte 0x0C, 0x29, 0x07, 0x08, 0x0C, 0x29, 0x07, 0x08, 0x0C, 0x29, 0x07, 0x08, 0x0C, 0x29, 0x07, 0x08
	.byte 0x0C, 0x29, 0x07, 0x08, 0x0C, 0x29, 0x07, 0x08, 0x0C, 0x29, 0x07, 0x08, 0x0C, 0x29, 0x07, 0x08
	.byte 0x0C, 0x29, 0x07, 0x08, 0x0C, 0x29, 0x07, 0x08, 0x0C, 0x29, 0x07, 0x08, 0x0C, 0x29, 0x07, 0x08
	.byte 0x0C, 0x29, 0x07, 0x08, 0x0C, 0x29, 0x07, 0x08, 0x0C, 0x29, 0x07, 0x08, 0x0C, 0x29, 0x07, 0x08
	.byte 0x0C, 0x29, 0x07, 0x08, 0x92, 0x1A, 0x07, 0x08, 0x0C, 0x29, 0x07, 0x08, 0x0C, 0x29, 0x07, 0x08
	.byte 0x0C, 0x29, 0x07, 0x08, 0x0C, 0x29, 0x07, 0x08, 0x0C, 0x29, 0x07, 0x08, 0x0C, 0x29, 0x07, 0x08
	.byte 0x0C, 0x29, 0x07, 0x08, 0x4C, 0x23, 0x07, 0x08, 0x0C, 0x29, 0x07, 0x08, 0x0C, 0x29, 0x07, 0x08
	.byte 0x0C, 0x29, 0x07, 0x08, 0x0C, 0x29, 0x07, 0x08, 0x0C, 0x29, 0x07, 0x08, 0x0C, 0x29, 0x07, 0x08
	.byte 0x0C, 0x29, 0x07, 0x08, 0x0C, 0x29, 0x07, 0x08, 0x0C, 0x29, 0x07, 0x08, 0x0C, 0x29, 0x07, 0x08
	.byte 0x0C, 0x29, 0x07, 0x08, 0x0C, 0x29, 0x07, 0x08, 0x0C, 0x29, 0x07, 0x08, 0x0C, 0x29, 0x07, 0x08
	.byte 0xA4, 0x23, 0x07, 0x08, 0x0C, 0x29, 0x07, 0x08, 0xA4, 0x23, 0x07, 0x08, 0xE4, 0x23, 0x07, 0x08
	.byte 0xE4, 0x23, 0x07, 0x08, 0x0C, 0x29, 0x07, 0x08, 0x0C, 0x29, 0x07, 0x08, 0x0C, 0x29, 0x07, 0x08
	.byte 0x0C, 0x29, 0x07, 0x08, 0x0C, 0x29, 0x07, 0x08, 0x0C, 0x29, 0x07, 0x08, 0x0C, 0x29, 0x07, 0x08
	.byte 0x0C, 0x29, 0x07, 0x08, 0x0C, 0x29, 0x07, 0x08, 0x34, 0x23, 0x07, 0x08, 0x0C, 0x29, 0x07, 0x08
	.byte 0x0C, 0x29, 0x07, 0x08, 0x0C, 0x29, 0x07, 0x08, 0x0C, 0x29, 0x07, 0x08, 0x34, 0x23, 0x07, 0x08
	.byte 0x0C, 0x29, 0x07, 0x08, 0x0C, 0x29, 0x07, 0x08, 0x0C, 0x29, 0x07, 0x08, 0x0C, 0x29, 0x07, 0x08
	.byte 0x0C, 0x29, 0x07, 0x08, 0x0C, 0x29, 0x07, 0x08, 0x0C, 0x29, 0x07, 0x08, 0x0C, 0x29, 0x07, 0x08
	.byte 0x0C, 0x29, 0x07, 0x08, 0x0C, 0x29, 0x07, 0x08, 0x0C, 0x29, 0x07, 0x08, 0x0C, 0x29, 0x07, 0x08
	.byte 0x38, 0x24, 0x07, 0x08, 0x0C, 0x29, 0x07, 0x08, 0x38, 0x24, 0x07, 0x08, 0x38, 0x24, 0x07, 0x08
	.byte 0x38, 0x24, 0x07, 0x08, 0x0C, 0x29, 0x07, 0x08, 0x0C, 0x29, 0x07, 0x08, 0x0C, 0x29, 0x07, 0x08
	.byte 0x0C, 0x29, 0x07, 0x08, 0x0C, 0x29, 0x07, 0x08, 0x0C, 0x29, 0x07, 0x08, 0x0C, 0x29, 0x07, 0x08
	.byte 0x0C, 0x29, 0x07, 0x08, 0x0C, 0x29, 0x07, 0x08, 0x0C, 0x29, 0x07, 0x08, 0x0C, 0x29, 0x07, 0x08
	.byte 0x0C, 0x29, 0x07, 0x08, 0x0C, 0x29, 0x07, 0x08, 0x0C, 0x29, 0x07, 0x08, 0x0C, 0x29, 0x07, 0x08
	.byte 0x0C, 0x29, 0x07, 0x08, 0x0C, 0x29, 0x07, 0x08, 0x0C, 0x29, 0x07, 0x08, 0x0C, 0x29, 0x07, 0x08
	.byte 0x0C, 0x29, 0x07, 0x08, 0x0C, 0x29, 0x07, 0x08, 0x0C, 0x29, 0x07, 0x08, 0x0C, 0x29, 0x07, 0x08
	.byte 0x0C, 0x29, 0x07, 0x08, 0x0C, 0x29, 0x07, 0x08, 0x0C, 0x29, 0x07, 0x08, 0x0C, 0x29, 0x07, 0x08
	.byte 0x0C, 0x29, 0x07, 0x08, 0x0C, 0x29, 0x07, 0x08, 0x0C, 0x29, 0x07, 0x08, 0xE0, 0x24, 0x07, 0x08
	.byte 0x0C, 0x29, 0x07, 0x08, 0xE0, 0x24, 0x07, 0x08, 0x1C, 0x25, 0x07, 0x08, 0x0C, 0x29, 0x07, 0x08
	.byte 0x0C, 0x29, 0x07, 0x08, 0x0C, 0x29, 0x07, 0x08, 0x0C, 0x29, 0x07, 0x08, 0x0C, 0x29, 0x07, 0x08
	.byte 0x34, 0x25, 0x07, 0x08, 0x0C, 0x29, 0x07, 0x08, 0x0C, 0x29, 0x07, 0x08, 0x0C, 0x29, 0x07, 0x08
	.byte 0x0C, 0x29, 0x07, 0x08, 0x0C, 0x29, 0x07, 0x08, 0x0C, 0x29, 0x07, 0x08, 0x0C, 0x29, 0x07, 0x08
	.byte 0x0C, 0x29, 0x07, 0x08, 0x80, 0x22, 0x07, 0x08, 0x80, 0x22, 0x07, 0x08, 0x0C, 0x29, 0x07, 0x08
	.byte 0x0C, 0x29, 0x07, 0x08, 0x0C, 0x29, 0x07, 0x08, 0x0C, 0x29, 0x07, 0x08, 0x0C, 0x29, 0x07, 0x08
	.byte 0x0C, 0x29, 0x07, 0x08, 0x0C, 0x29, 0x07, 0x08, 0xBC, 0x22, 0x07, 0x08, 0xBC, 0x22, 0x07, 0x08
	.byte 0x0C, 0x29, 0x07, 0x08, 0x44, 0x22, 0x07, 0x08, 0x0C, 0x29, 0x07, 0x08, 0x0C, 0x29, 0x07, 0x08
	.byte 0x44, 0x22, 0x07, 0x08, 0x0C, 0x29, 0x07, 0x08, 0x0C, 0x29, 0x07, 0x08, 0x0C, 0x29, 0x07, 0x08
	.byte 0x0C, 0x29, 0x07, 0x08, 0x0C, 0x29, 0x07, 0x08, 0xD4, 0x21, 0x07, 0x08, 0xD4, 0x21, 0x07, 0x08
	.byte 0xD4, 0x21, 0x07, 0x08, 0xD4, 0x21, 0x07, 0x08, 0x0C, 0x29, 0x07, 0x08, 0x0C, 0x29, 0x07, 0x08
	.byte 0x0C, 0x29, 0x07, 0x08, 0x0C, 0x29, 0x07, 0x08, 0x0C, 0x29, 0x07, 0x08, 0x0C, 0x29, 0x07, 0x08
	.byte 0x4C, 0x25, 0x07, 0x08, 0x4C, 0x25, 0x07, 0x08, 0x0C, 0x29, 0x07, 0x08, 0x0C, 0x29, 0x07, 0x08
	.byte 0x0C, 0x29, 0x07, 0x08, 0x0C, 0x29, 0x07, 0x08, 0x0C, 0x29, 0x07, 0x08, 0x0C, 0x29, 0x07, 0x08
	.byte 0x0C, 0x29, 0x07, 0x08, 0x64, 0x25, 0x07, 0x08, 0x64, 0x25, 0x07, 0x08, 0x64, 0x25, 0x07, 0x08
	.byte 0xA0, 0x25, 0x07, 0x08, 0xA0, 0x25, 0x07, 0x08, 0xA0, 0x25, 0x07, 0x08, 0x64, 0x25, 0x07, 0x08
	.byte 0x64, 0x25, 0x07, 0x08, 0x64, 0x25, 0x07, 0x08, 0xA0, 0x25, 0x07, 0x08, 0xA0, 0x25, 0x07, 0x08
	.byte 0xA0, 0x25, 0x07, 0x08, 0x0C, 0x29, 0x07, 0x08, 0x0C, 0x29, 0x07, 0x08, 0x0C, 0x29, 0x07, 0x08
	.byte 0x0C, 0x29, 0x07, 0x08, 0x0C, 0x29, 0x07, 0x08, 0x0C, 0x29, 0x07, 0x08, 0x0C, 0x29, 0x07, 0x08
	.byte 0x0C, 0x29, 0x07, 0x08, 0x0C, 0x29, 0x07, 0x08, 0x0C, 0x29, 0x07, 0x08, 0x0C, 0x29, 0x07, 0x08
	.byte 0x0C, 0x29, 0x07, 0x08, 0xF8, 0x22, 0x07, 0x08, 0xF8, 0x22, 0x07, 0x08, 0x0C, 0x29, 0x07, 0x08
	.byte 0x0C, 0x29, 0x07, 0x08, 0x0C, 0x29, 0x07, 0x08, 0x10, 0x28, 0x07, 0x08, 0x48, 0x28, 0x07, 0x08
	.byte 0x0C, 0x29, 0x07, 0x08, 0x0C, 0x29, 0x07, 0x08, 0x0C, 0x29, 0x07, 0x08, 0x0C, 0x29, 0x07, 0x08
	.byte 0x0C, 0x29, 0x07, 0x08, 0x0C, 0x29, 0x07, 0x08, 0x0C, 0x29, 0x07, 0x08, 0x80, 0x28, 0x07, 0x08
	.byte 0x0C, 0x29, 0x07, 0x08, 0x0C, 0x29, 0x07, 0x08, 0x10, 0x28, 0x07, 0x08, 0x48, 0x28, 0x07, 0x08
	.byte 0x0C, 0x29, 0x07, 0x08, 0x0C, 0x29, 0x07, 0x08, 0x0C, 0x29, 0x07, 0x08, 0x0C, 0x29, 0x07, 0x08
	.byte 0x0C, 0x29, 0x07, 0x08, 0x98, 0x21, 0x07, 0x08, 0x98, 0x21, 0x07, 0x08, 0x0C, 0x29, 0x07, 0x08
	.byte 0x0C, 0x29, 0x07, 0x08, 0x0C, 0x29, 0x07, 0x08, 0x0C, 0x29, 0x07, 0x08, 0x98, 0x21, 0x07, 0x08
	.byte 0x98, 0x21, 0x07, 0x08, 0x0C, 0x29, 0x07, 0x08, 0x0C, 0x29, 0x07, 0x08, 0x0C, 0x29, 0x07, 0x08
	.byte 0x0C, 0x29, 0x07, 0x08, 0x0C, 0x29, 0x07, 0x08, 0x0C, 0x29, 0x07, 0x08, 0x0C, 0x29, 0x07, 0x08
	.byte 0x0C, 0x29, 0x07, 0x08, 0x0C, 0x29, 0x07, 0x08, 0x0C, 0x29, 0x07, 0x08, 0x0C, 0x29, 0x07, 0x08
	.byte 0x0C, 0x29, 0x07, 0x08, 0x0C, 0x29, 0x07, 0x08, 0x0C, 0x29, 0x07, 0x08, 0x0C, 0x29, 0x07, 0x08
	.byte 0x0C, 0x29, 0x07, 0x08, 0x0C, 0x29, 0x07, 0x08, 0x0C, 0x29, 0x07, 0x08, 0x0C, 0x29, 0x07, 0x08
	.byte 0x0C, 0x29, 0x07, 0x08, 0x0C, 0x29, 0x07, 0x08, 0x0C, 0x29, 0x07, 0x08, 0x0C, 0x29, 0x07, 0x08
	.byte 0x0C, 0x29, 0x07, 0x08, 0x0C, 0x29, 0x07, 0x08, 0x0C, 0x29, 0x07, 0x08, 0x0C, 0x29, 0x07, 0x08
	.byte 0x0C, 0x29, 0x07, 0x08, 0x0C, 0x29, 0x07, 0x08, 0x0C, 0x29, 0x07, 0x08, 0x0C, 0x29, 0x07, 0x08
	.byte 0x0C, 0x29, 0x07, 0x08, 0x98, 0x20, 0x07, 0x08, 0x98, 0x20, 0x07, 0x08, 0x0C, 0x29, 0x07, 0x08
	.byte 0x0C, 0x29, 0x07, 0x08, 0x0C, 0x29, 0x07, 0x08, 0x0C, 0x29, 0x07, 0x08, 0x0C, 0x29, 0x07, 0x08
	.byte 0x0C, 0x29, 0x07, 0x08, 0x0C, 0x29, 0x07, 0x08, 0x0C, 0x29, 0x07, 0x08, 0x0C, 0x29, 0x07, 0x08
	.byte 0x0C, 0x29, 0x07, 0x08, 0x0C, 0x29, 0x07, 0x08, 0xDC, 0x20, 0x07, 0x08, 0x0C, 0x29, 0x07, 0x08
	.byte 0x74, 0x26, 0x07, 0x08, 0x0C, 0x29, 0x07, 0x08, 0x0C, 0x29, 0x07, 0x08, 0x0C, 0x29, 0x07, 0x08
	.byte 0x74, 0x26, 0x07, 0x08, 0xB0, 0x26, 0x07, 0x08, 0x0C, 0x29, 0x07, 0x08, 0x0C, 0x29, 0x07, 0x08
	.byte 0x0C, 0x29, 0x07, 0x08, 0x0C, 0x29, 0x07, 0x08, 0x0C, 0x29, 0x07, 0x08, 0x0C, 0x29, 0x07, 0x08
	.byte 0x0C, 0x29, 0x07, 0x08, 0x0C, 0x29, 0x07, 0x08, 0x0C, 0x29, 0x07, 0x08, 0x0C, 0x29, 0x07, 0x08
	.byte 0x0C, 0x29, 0x07, 0x08, 0x0C, 0x29, 0x07, 0x08, 0x0C, 0x29, 0x07, 0x08, 0x5C, 0x21, 0x07, 0x08
	.byte 0x0C, 0x29, 0x07, 0x08, 0x5C, 0x21, 0x07, 0x08, 0x0C, 0x29, 0x07, 0x08, 0x0C, 0x29, 0x07, 0x08
	.byte 0x0C, 0x29, 0x07, 0x08, 0x0C, 0x29, 0x07, 0x08, 0x0C, 0x29, 0x07, 0x08, 0x0C, 0x29, 0x07, 0x08
	.byte 0x0C, 0x29, 0x07, 0x08, 0x0C, 0x29, 0x07, 0x08, 0x0C, 0x29, 0x07, 0x08, 0x18, 0x20, 0x07, 0x08
	.byte 0x18, 0x20, 0x07, 0x08, 0xD8, 0x1F, 0x07, 0x08, 0x0C, 0x29, 0x07, 0x08, 0x0C, 0x29, 0x07, 0x08
	.byte 0x0C, 0x29, 0x07, 0x08, 0x0C, 0x29, 0x07, 0x08, 0x0C, 0x29, 0x07, 0x08, 0x0C, 0x29, 0x07, 0x08
	.byte 0x0C, 0x29, 0x07, 0x08, 0x0C, 0x29, 0x07, 0x08, 0x0C, 0x29, 0x07, 0x08, 0x0C, 0x29, 0x07, 0x08
	.byte 0xC8, 0x26, 0x07, 0x08, 0xC8, 0x26, 0x07, 0x08, 0x04, 0x27, 0x07, 0x08, 0x0C, 0x29, 0x07, 0x08
	.byte 0x0C, 0x29, 0x07, 0x08, 0x0C, 0x29, 0x07, 0x08, 0x0C, 0x29, 0x07, 0x08, 0x0C, 0x29, 0x07, 0x08
	.byte 0x18, 0x26, 0x07, 0x08, 0x18, 0x26, 0x07, 0x08, 0x54, 0x26, 0x07, 0x08, 0x0C, 0x29, 0x07, 0x08
	.byte 0x0C, 0x29, 0x07, 0x08, 0x0C, 0x29, 0x07, 0x08, 0x0C, 0x29, 0x07, 0x08, 0x0C, 0x29, 0x07, 0x08
	.byte 0x0C, 0x29, 0x07, 0x08, 0x0C, 0x29, 0x07, 0x08, 0x0C, 0x29, 0x07, 0x08, 0x0C, 0x29, 0x07, 0x08
	.byte 0x0C, 0x29, 0x07, 0x08, 0x0C, 0x29, 0x07, 0x08, 0x0C, 0x29, 0x07, 0x08, 0x58, 0x20, 0x07, 0x08
	.byte 0x58, 0x20, 0x07, 0x08, 0x0C, 0x29, 0x07, 0x08, 0x0C, 0x29, 0x07, 0x08, 0x0C, 0x29, 0x07, 0x08
	.byte 0x0C, 0x29, 0x07, 0x08, 0x0C, 0x29, 0x07, 0x08, 0x0C, 0x29, 0x07, 0x08, 0x0C, 0x29, 0x07, 0x08
	.byte 0x0C, 0x29, 0x07, 0x08, 0x0C, 0x29, 0x07, 0x08, 0x0C, 0x29, 0x07, 0x08, 0x0C, 0x29, 0x07, 0x08
	.byte 0x0C, 0x29, 0x07, 0x08, 0x0C, 0x29, 0x07, 0x08, 0x0C, 0x29, 0x07, 0x08, 0x0C, 0x29, 0x07, 0x08
	.byte 0x0C, 0x29, 0x07, 0x08, 0x0C, 0x29, 0x07, 0x08, 0x0C, 0x29, 0x07, 0x08, 0x0C, 0x29, 0x07, 0x08
	.byte 0x0C, 0x29, 0x07, 0x08, 0x0C, 0x29, 0x07, 0x08, 0x0C, 0x29, 0x07, 0x08, 0x0C, 0x29, 0x07, 0x08
	.byte 0x0C, 0x29, 0x07, 0x08, 0x0C, 0x29, 0x07, 0x08, 0x0C, 0x29, 0x07, 0x08, 0x0C, 0x29, 0x07, 0x08
	.byte 0x0C, 0x29, 0x07, 0x08, 0x0C, 0x29, 0x07, 0x08, 0x0C, 0x29, 0x07, 0x08, 0x0C, 0x29, 0x07, 0x08
	.byte 0x0C, 0x29, 0x07, 0x08, 0x0C, 0x29, 0x07, 0x08, 0x0C, 0x29, 0x07, 0x08, 0xF4, 0x1A, 0x07, 0x08
	.byte 0xF4, 0x1A, 0x07, 0x08, 0xB4, 0x1A, 0x07, 0x08, 0x0C, 0x29, 0x07, 0x08, 0x0C, 0x29, 0x07, 0x08
	.byte 0x98, 0x27, 0x07, 0x08, 0x98, 0x27, 0x07, 0x08, 0x0C, 0x29, 0x07, 0x08, 0x0C, 0x29, 0x07, 0x08
	.byte 0x0C, 0x29, 0x07, 0x08, 0x0C, 0x29, 0x07, 0x08, 0x0C, 0x29, 0x07, 0x08, 0x0C, 0x29, 0x07, 0x08
	.byte 0x0C, 0x29, 0x07, 0x08, 0x0C, 0x29, 0x07, 0x08, 0x0C, 0x29, 0x07, 0x08, 0x0C, 0x29, 0x07, 0x08
	.byte 0x0C, 0x29, 0x07, 0x08, 0x0C, 0x29, 0x07, 0x08, 0x0C, 0x29, 0x07, 0x08, 0x0C, 0x29, 0x07, 0x08
	.byte 0x0C, 0x29, 0x07, 0x08, 0x0C, 0x29, 0x07, 0x08, 0x0C, 0x29, 0x07, 0x08, 0x0C, 0x29, 0x07, 0x08
	.byte 0x0C, 0x29, 0x07, 0x08, 0x0C, 0x29, 0x07, 0x08, 0x0C, 0x29, 0x07, 0x08, 0x0C, 0x29, 0x07, 0x08
	.byte 0x0C, 0x29, 0x07, 0x08, 0xE8, 0x28, 0x07, 0x08, 0x0C, 0x29, 0x07, 0x08, 0x0C, 0x29, 0x07, 0x08
	.byte 0x0C, 0x29, 0x07, 0x08, 0x0C, 0x29, 0x07, 0x08, 0x0C, 0x29, 0x07, 0x08, 0x0C, 0x29, 0x07, 0x08
	.byte 0x0C, 0x29, 0x07, 0x08, 0x0C, 0x29, 0x07, 0x08, 0x0C, 0x29, 0x07, 0x08, 0x0C, 0x29, 0x07, 0x08
	.byte 0x0C, 0x29, 0x07, 0x08, 0x0C, 0x29, 0x07, 0x08, 0x0C, 0x29, 0x07, 0x08, 0x0C, 0x29, 0x07, 0x08
	.byte 0x0C, 0x29, 0x07, 0x08, 0xF4, 0x1C, 0x07, 0x08, 0x0C, 0x29, 0x07, 0x08, 0x0C, 0x29, 0x07, 0x08
	.byte 0x0C, 0x29, 0x07, 0x08, 0x0C, 0x29, 0x07, 0x08, 0x0C, 0x29, 0x07, 0x08, 0x0C, 0x29, 0x07, 0x08
	.byte 0x0C, 0x29, 0x07, 0x08, 0xF4, 0x1C, 0x07, 0x08, 0x0C, 0x29, 0x07, 0x08, 0x0C, 0x29, 0x07, 0x08
	.byte 0x0C, 0x29, 0x07, 0x08, 0x0C, 0x29, 0x07, 0x08, 0x0C, 0x29, 0x07, 0x08, 0x0C, 0x29, 0x07, 0x08
	.byte 0x0C, 0x29, 0x07, 0x08, 0x0C, 0x29, 0x07, 0x08, 0x0C, 0x29, 0x07, 0x08, 0x0C, 0x29, 0x07, 0x08
	.byte 0x0C, 0x29, 0x07, 0x08, 0x0C, 0x29, 0x07, 0x08, 0x0C, 0x29, 0x07, 0x08, 0xB4, 0x1B, 0x07, 0x08
	.byte 0x0C, 0x29, 0x07, 0x08, 0xB4, 0x1B, 0x07, 0x08, 0xB4, 0x1B, 0x07, 0x08, 0xB4, 0x1B, 0x07, 0x08
	.byte 0xB4, 0x1B, 0x07, 0x08, 0xB4, 0x1B, 0x07, 0x08, 0xB4, 0x1B, 0x07, 0x08, 0x0C, 0x29, 0x07, 0x08
	.byte 0x0C, 0x29, 0x07, 0x08, 0x0C, 0x29, 0x07, 0x08, 0x0C, 0x29, 0x07, 0x08, 0x0C, 0x29, 0x07, 0x08
	.byte 0x0C, 0x29, 0x07, 0x08, 0x0C, 0x29, 0x07, 0x08, 0x0C, 0x29, 0x07, 0x08, 0x0C, 0x29, 0x07, 0x08
	.byte 0x0C, 0x29, 0x07, 0x08, 0x0C, 0x29, 0x07, 0x08, 0x0C, 0x29, 0x07, 0x08, 0x0C, 0x29, 0x07, 0x08
	.byte 0x0C, 0x29, 0x07, 0x08, 0x0C, 0x29, 0x07, 0x08, 0x0C, 0x29, 0x07, 0x08, 0x0C, 0x29, 0x07, 0x08
	.byte 0x0C, 0x29, 0x07, 0x08, 0x0C, 0x29, 0x07, 0x08, 0x0C, 0x29, 0x07, 0x08, 0x0C, 0x29, 0x07, 0x08
	.byte 0x0C, 0x29, 0x07, 0x08, 0x0C, 0x29, 0x07, 0x08, 0x0C, 0x29, 0x07, 0x08, 0x0C, 0x29, 0x07, 0x08
	.byte 0x0C, 0x29, 0x07, 0x08, 0x0C, 0x29, 0x07, 0x08, 0x0C, 0x29, 0x07, 0x08, 0x0C, 0x29, 0x07, 0x08
	.byte 0x0C, 0x29, 0x07, 0x08, 0x0C, 0x29, 0x07, 0x08, 0x0C, 0x29, 0x07, 0x08, 0x0C, 0x29, 0x07, 0x08
	.byte 0x0C, 0x29, 0x07, 0x08, 0x0C, 0x29, 0x07, 0x08, 0x0C, 0x29, 0x07, 0x08, 0x0C, 0x29, 0x07, 0x08
	.byte 0x0C, 0x29, 0x07, 0x08, 0x0C, 0x29, 0x07, 0x08, 0x0C, 0x29, 0x07, 0x08, 0x0C, 0x29, 0x07, 0x08
	.byte 0x0C, 0x29, 0x07, 0x08, 0x0C, 0x29, 0x07, 0x08, 0x0C, 0x29, 0x07, 0x08, 0x0C, 0x29, 0x07, 0x08
	.byte 0x0C, 0x29, 0x07, 0x08, 0x0C, 0x29, 0x07, 0x08, 0x0C, 0x29, 0x07, 0x08, 0x0C, 0x29, 0x07, 0x08
	.byte 0x0C, 0x29, 0x07, 0x08, 0x1C, 0x21, 0x07, 0x08, 0x0C, 0x29, 0x07, 0x08, 0x0C, 0x29, 0x07, 0x08
	.byte 0x98, 0x1F, 0x07, 0x08, 0x0C, 0x29, 0x07, 0x08, 0x0C, 0x29, 0x07, 0x08, 0x0C, 0x29, 0x07, 0x08
	.byte 0x0C, 0x29, 0x07, 0x08, 0x0C, 0x29, 0x07, 0x08, 0x0C, 0x29, 0x07, 0x08, 0x0C, 0x29, 0x07, 0x08
	.byte 0x0C, 0x29, 0x07, 0x08, 0x0C, 0x29, 0x07, 0x08, 0x0C, 0x29, 0x07, 0x08, 0x0C, 0x29, 0x07, 0x08
	.byte 0x0C, 0x29, 0x07, 0x08, 0x0C, 0x29, 0x07, 0x08, 0x0C, 0x29, 0x07, 0x08, 0x0C, 0x29, 0x07, 0x08
	.byte 0x0C, 0x29, 0x07, 0x08, 0x0C, 0x29, 0x07, 0x08, 0x0C, 0x29, 0x07, 0x08, 0x0C, 0x29, 0x07, 0x08
	.byte 0x0C, 0x29, 0x07, 0x08, 0x0C, 0x29, 0x07, 0x08, 0x0C, 0x29, 0x07, 0x08, 0x0C, 0x29, 0x07, 0x08
	.byte 0x0C, 0x29, 0x07, 0x08, 0x0C, 0x29, 0x07, 0x08, 0x0C, 0x29, 0x07, 0x08, 0x0C, 0x29, 0x07, 0x08
	.byte 0x0C, 0x29, 0x07, 0x08, 0x0C, 0x29, 0x07, 0x08, 0x0C, 0x29, 0x07, 0x08, 0x0C, 0x29, 0x07, 0x08
	.byte 0x0C, 0x29, 0x07, 0x08, 0x0C, 0x29, 0x07, 0x08, 0x0C, 0x29, 0x07, 0x08, 0x0C, 0x29, 0x07, 0x08
	.byte 0x38, 0x24, 0x07, 0x08, 0x38, 0x24, 0x07, 0x08, 0x38, 0x24, 0x07, 0x08, 0x0C, 0x29, 0x07, 0x08
	.byte 0x0C, 0x29, 0x07, 0x08, 0x0C, 0x29, 0x07, 0x08, 0x0C, 0x29, 0x07, 0x08, 0x0C, 0x29, 0x07, 0x08
	.byte 0x0C, 0x29, 0x07, 0x08, 0x0C, 0x29, 0x07, 0x08, 0x0C, 0x29, 0x07, 0x08, 0x0C, 0x29, 0x07, 0x08
	.byte 0x54, 0x1F, 0x07, 0x08, 0x0C, 0x29, 0x07, 0x08, 0x0C, 0x29, 0x07, 0x08, 0x0C, 0x29, 0x07, 0x08
	.byte 0x48, 0x1E, 0x07, 0x08, 0x48, 0x1E, 0x07, 0x08, 0x8C, 0x1E, 0x07, 0x08, 0x0C, 0x29, 0x07, 0x08
	.byte 0x0C, 0x29, 0x07, 0x08, 0xD4, 0x27, 0x07, 0x08, 0x0C, 0x29, 0x07, 0x08, 0x0C, 0x29, 0x07, 0x08
	.byte 0xD4, 0x27, 0x07, 0x08, 0x0C, 0x29, 0x07, 0x08, 0x0C, 0x29, 0x07, 0x08, 0xDC, 0x25, 0x07, 0x08
	.byte 0xDC, 0x25, 0x07, 0x08, 0x0C, 0x29, 0x07, 0x08, 0x0C, 0x29, 0x07, 0x08, 0x0C, 0x29, 0x07, 0x08
	.byte 0x0C, 0x29, 0x07, 0x08, 0x0C, 0x29, 0x07, 0x08, 0x0C, 0x29, 0x07, 0x08, 0xA4, 0x23, 0x07, 0x08
	.byte 0xE4, 0x23, 0x07, 0x08, 0x0C, 0x29, 0x07, 0x08, 0x0C, 0x29, 0x07, 0x08, 0xA4, 0x23, 0x07, 0x08
	.byte 0xE4, 0x23, 0x07, 0x08, 0x0C, 0x29, 0x07, 0x08, 0x0C, 0x29, 0x07, 0x08, 0x0C, 0x29, 0x07, 0x08
	.byte 0x0C, 0x29, 0x07, 0x08, 0x0C, 0x29, 0x07, 0x08, 0x0C, 0x29, 0x07, 0x08, 0x0C, 0x29, 0x07, 0x08
	.byte 0x0C, 0x29, 0x07, 0x08, 0x0C, 0x29, 0x07, 0x08, 0x0C, 0x29, 0x07, 0x08, 0x0C, 0x29, 0x07, 0x08
	.byte 0x0C, 0x29, 0x07, 0x08, 0x0C, 0x29, 0x07, 0x08, 0x0C, 0x29, 0x07, 0x08, 0x0C, 0x29, 0x07, 0x08
	.byte 0x0C, 0x29, 0x07, 0x08, 0xA8, 0x28, 0x07, 0x08, 0x0C, 0x29, 0x07, 0x08, 0x0C, 0x29, 0x07, 0x08
	.byte 0x0C, 0x29, 0x07, 0x08, 0xCC, 0x28, 0x07, 0x08, 0x0C, 0x29, 0x07, 0x08, 0x0C, 0x29, 0x07, 0x08
	.byte 0xD0, 0x1E, 0x07, 0x08, 0x0C, 0x29, 0x07, 0x08, 0x0C, 0x29, 0x07, 0x08, 0x14, 0x1F, 0x07, 0x08
	.byte 0x0C, 0x29, 0x07, 0x08, 0x0C, 0x29, 0x07, 0x08, 0x0C, 0x29, 0x07, 0x08, 0x0C, 0x29, 0x07, 0x08
	.byte 0x0C, 0x29, 0x07, 0x08, 0x5C, 0x27, 0x07, 0x08, 0x5C, 0x27, 0x07, 0x08, 0x0C, 0x29, 0x07, 0x08
	.byte 0x0C, 0x29, 0x07, 0x08, 0x74, 0x1B, 0x07, 0x08, 0x0C, 0x29, 0x07, 0x08, 0x0C, 0x29, 0x07, 0x08
	.byte 0x0C, 0x29, 0x07, 0x08, 0x0C, 0x29, 0x07, 0x08, 0x0C, 0x29, 0x07, 0x08, 0x0C, 0x29, 0x07, 0x08
	.byte 0x0C, 0x29, 0x07, 0x08, 0x0C, 0x29, 0x07, 0x08, 0x0C, 0x29, 0x07, 0x08, 0x0C, 0x29, 0x07, 0x08
	.byte 0x0C, 0x29, 0x07, 0x08, 0x0C, 0x29, 0x07, 0x08, 0x0C, 0x29, 0x07, 0x08, 0x0C, 0x29, 0x07, 0x08
	.byte 0x0C, 0x29, 0x07, 0x08, 0x0C, 0x29, 0x07, 0x08, 0x0C, 0x29, 0x07, 0x08, 0x0C, 0x29, 0x07, 0x08
	.byte 0x34, 0x1C, 0x07, 0x08, 0x34, 0x1C, 0x07, 0x08, 0xB4, 0x1B, 0x07, 0x08, 0xB4, 0x1B, 0x07, 0x08
	.byte 0x0C, 0x29, 0x07, 0x08, 0x0C, 0x29, 0x07, 0x08, 0x0C, 0x29, 0x07, 0x08, 0x0C, 0x29, 0x07, 0x08
	.byte 0x0C, 0x29, 0x07, 0x08, 0x0C, 0x29, 0x07, 0x08, 0x0C, 0x29, 0x07, 0x08, 0x0C, 0x29, 0x07, 0x08
	.byte 0x0C, 0x29, 0x07, 0x08, 0x0C, 0x29, 0x07, 0x08, 0x0C, 0x29, 0x07, 0x08, 0x0C, 0x29, 0x07, 0x08
	.byte 0x0C, 0x29, 0x07, 0x08, 0x0C, 0x29, 0x07, 0x08, 0x0C, 0x29, 0x07, 0x08, 0x0C, 0x29, 0x07, 0x08
	.byte 0x0C, 0x29, 0x07, 0x08, 0x0C, 0x29, 0x07, 0x08, 0x0C, 0x29, 0x07, 0x08, 0x0C, 0x29, 0x07, 0x08
	.byte 0x0C, 0x29, 0x07, 0x08, 0x0C, 0x29, 0x07, 0x08, 0x0C, 0x29, 0x07, 0x08, 0x0C, 0x29, 0x07, 0x08
	.byte 0x0C, 0x29, 0x07, 0x08, 0x0C, 0x29, 0x07, 0x08, 0x0C, 0x29, 0x07, 0x08, 0x0C, 0x29, 0x07, 0x08
	.byte 0x0C, 0x29, 0x07, 0x08, 0xD4, 0x19, 0x07, 0x08, 0x40, 0x27, 0x07, 0x08, 0x40, 0x27, 0x07, 0x08
	.byte 0x0C, 0x29, 0x07, 0x08, 0x0C, 0x29, 0x07, 0x08, 0x88, 0x19, 0x07, 0x08, 0x0C, 0x29, 0x07, 0x08
	.byte 0x0C, 0x29, 0x07, 0x08, 0x0C, 0x29, 0x07, 0x08, 0x0C, 0x29, 0x07, 0x08, 0x0C, 0x29, 0x07, 0x08
	.byte 0x88, 0x19, 0x07, 0x08, 0x88, 0x19, 0x07, 0x08, 0x0C, 0x29, 0x07, 0x08, 0x0C, 0x29, 0x07, 0x08
	.byte 0x0C, 0x29, 0x07, 0x08, 0x0C, 0x29, 0x07, 0x08, 0x0C, 0x29, 0x07, 0x08, 0x0C, 0x29, 0x07, 0x08
	.byte 0x0C, 0x29, 0x07, 0x08, 0x0C, 0x29, 0x07, 0x08, 0x0C, 0x29, 0x07, 0x08, 0x0C, 0x29, 0x07, 0x08
	.byte 0x0C, 0x29, 0x07, 0x08, 0x0C, 0x29, 0x07, 0x08, 0x0C, 0x29, 0x07, 0x08, 0x0C, 0x29, 0x07, 0x08
	.byte 0x0C, 0x29, 0x07, 0x08, 0x0C, 0x29, 0x07, 0x08, 0x0C, 0x29, 0x07, 0x08, 0x0C, 0x29, 0x07, 0x08
	.byte 0x0C, 0x29, 0x07, 0x08, 0x0C, 0x29, 0x07, 0x08, 0x0C, 0x29, 0x07, 0x08, 0x0C, 0x29, 0x07, 0x08
	.byte 0x0C, 0x29, 0x07, 0x08, 0x0C, 0x29, 0x07, 0x08, 0x0C, 0x29, 0x07, 0x08, 0x04, 0x1E, 0x07, 0x08
	.byte 0x04, 0x1E, 0x07, 0x08, 0x04, 0x1E, 0x07, 0x08, 0x04, 0x1E, 0x07, 0x08, 0x04, 0x1E, 0x07, 0x08
	.byte 0x0C, 0x29, 0x07, 0x08, 0x0C, 0x29, 0x07, 0x08, 0x0C, 0x29, 0x07, 0x08, 0x0C, 0x29, 0x07, 0x08
	.byte 0x0C, 0x29, 0x07, 0x08, 0x0C, 0x29, 0x07, 0x08, 0x0C, 0x29, 0x07, 0x08, 0x0C, 0x29, 0x07, 0x08
	.byte 0x0C, 0x29, 0x07, 0x08, 0x0C, 0x29, 0x07, 0x08, 0x0C, 0x29, 0x07, 0x08, 0x0C, 0x29, 0x07, 0x08
	.byte 0x0C, 0x29, 0x07, 0x08, 0x0C, 0x29, 0x07, 0x08, 0x0C, 0x29, 0x07, 0x08, 0x0C, 0x29, 0x07, 0x08
	.byte 0x0C, 0x29, 0x07, 0x08, 0x0C, 0x29, 0x07, 0x08, 0x0C, 0x29, 0x07, 0x08, 0x0C, 0x29, 0x07, 0x08
	.byte 0x0C, 0x29, 0x07, 0x08, 0x0C, 0x29, 0x07, 0x08, 0x0C, 0x29, 0x07, 0x08, 0x0C, 0x29, 0x07, 0x08
	.byte 0x0C, 0x29, 0x07, 0x08, 0x0C, 0x29, 0x07, 0x08, 0x0C, 0x29, 0x07, 0x08, 0x0C, 0x29, 0x07, 0x08
	.byte 0x0C, 0x29, 0x07, 0x08, 0x0C, 0x29, 0x07, 0x08, 0x0C, 0x29, 0x07, 0x08, 0x0C, 0x29, 0x07, 0x08
	.byte 0x0C, 0x29, 0x07, 0x08, 0x0C, 0x29, 0x07, 0x08, 0x0C, 0x29, 0x07, 0x08, 0x0C, 0x29, 0x07, 0x08
	.byte 0x0C, 0x29, 0x07, 0x08, 0x0C, 0x29, 0x07, 0x08, 0x0C, 0x29, 0x07, 0x08, 0x0C, 0x29, 0x07, 0x08
	.byte 0x0C, 0x29, 0x07, 0x08, 0x0C, 0x29, 0x07, 0x08, 0x0C, 0x29, 0x07, 0x08, 0x0C, 0x29, 0x07, 0x08
	.byte 0x0C, 0x29, 0x07, 0x08, 0x0C, 0x29, 0x07, 0x08, 0x0C, 0x29, 0x07, 0x08, 0x0C, 0x29, 0x07, 0x08
	.byte 0xC0, 0x1D, 0x07, 0x08, 0x0C, 0x29, 0x07, 0x08, 0x0C, 0x29, 0x07, 0x08, 0x7C, 0x1D, 0x07, 0x08
	.byte 0x38, 0x1D, 0x07, 0x08, 0x0C, 0x29, 0x07, 0x08, 0x0C, 0x29, 0x07, 0x08, 0x0C, 0x29, 0x07, 0x08
	.byte 0x0C, 0x29, 0x07, 0x08, 0x0C, 0x29, 0x07, 0x08, 0x34, 0x1B, 0x07, 0x08, 0x34, 0x1B, 0x07, 0x08
	.byte 0x0C, 0x29, 0x07, 0x08, 0x0C, 0x29, 0x07, 0x08, 0x0C, 0x29, 0x07, 0x08, 0x0C, 0x29, 0x07, 0x08
	.byte 0x0C, 0x29, 0x07, 0x08, 0x0C, 0x29, 0x07, 0x08, 0x0C, 0x29, 0x07, 0x08, 0x0C, 0x29, 0x07, 0x08
	.byte 0x0C, 0x29, 0x07, 0x08, 0x0C, 0x29, 0x07, 0x08, 0x0C, 0x29, 0x07, 0x08, 0x0C, 0x29, 0x07, 0x08
	.byte 0x0C, 0x29, 0x07, 0x08, 0x0C, 0x29, 0x07, 0x08, 0x0C, 0x29, 0x07, 0x08, 0x0C, 0x29, 0x07, 0x08
	.byte 0x0C, 0x29, 0x07, 0x08, 0x0C, 0x29, 0x07, 0x08, 0x0C, 0x29, 0x07, 0x08, 0x0C, 0x29, 0x07, 0x08
	.byte 0x0C, 0x29, 0x07, 0x08, 0x0C, 0x29, 0x07, 0x08, 0x0C, 0x29, 0x07, 0x08, 0x0C, 0x29, 0x07, 0x08
	.byte 0x0C, 0x29, 0x07, 0x08, 0x0C, 0x29, 0x07, 0x08, 0x0C, 0x29, 0x07, 0x08, 0x0C, 0x29, 0x07, 0x08
	.byte 0x0C, 0x29, 0x07, 0x08, 0x0C, 0x29, 0x07, 0x08, 0x0C, 0x29, 0x07, 0x08, 0x0C, 0x29, 0x07, 0x08
	.byte 0x0C, 0x29, 0x07, 0x08, 0x0C, 0x29, 0x07, 0x08, 0x0C, 0x29, 0x07, 0x08, 0x0C, 0x29, 0x07, 0x08
	.byte 0xB4, 0x1C, 0x07, 0x08, 0xB4, 0x1C, 0x07, 0x08, 0x0C, 0x29, 0x07, 0x08, 0x0C, 0x29, 0x07, 0x08
	.byte 0x14, 0x1A, 0x07, 0x08, 0x0C, 0x29, 0x07, 0x08, 0x0C, 0x29, 0x07, 0x08, 0x0C, 0x29, 0x07, 0x08
	.byte 0x0C, 0x29, 0x07, 0x08, 0x0C, 0x29, 0x07, 0x08, 0x0C, 0x29, 0x07, 0x08, 0x0C, 0x29, 0x07, 0x08
	.byte 0x0C, 0x29, 0x07, 0x08, 0x0C, 0x29, 0x07, 0x08, 0x0C, 0x29, 0x07, 0x08, 0x0C, 0x29, 0x07, 0x08
	.byte 0x0C, 0x29, 0x07, 0x08, 0x0C, 0x29, 0x07, 0x08, 0x0C, 0x29, 0x07, 0x08, 0x0C, 0x29, 0x07, 0x08
	.byte 0x0C, 0x29, 0x07, 0x08, 0x0C, 0x29, 0x07, 0x08, 0x0C, 0x29, 0x07, 0x08, 0x0C, 0x29, 0x07, 0x08
	.byte 0x0C, 0x29, 0x07, 0x08, 0x0C, 0x29, 0x07, 0x08, 0x0C, 0x29, 0x07, 0x08, 0x0C, 0x29, 0x07, 0x08
	.byte 0x0C, 0x29, 0x07, 0x08, 0x0C, 0x29, 0x07, 0x08, 0x0C, 0x29, 0x07, 0x08, 0x0C, 0x29, 0x07, 0x08
	.byte 0x0C, 0x29, 0x07, 0x08, 0x0C, 0x29, 0x07, 0x08, 0x0C, 0x29, 0x07, 0x08, 0x0C, 0x29, 0x07, 0x08
	.byte 0x0C, 0x29, 0x07, 0x08, 0x0C, 0x29, 0x07, 0x08, 0x0C, 0x29, 0x07, 0x08, 0x54, 0x1A, 0x07, 0x08
	.byte 0x74, 0x1A, 0x07, 0x08, 0xA9, 0x8C, 0x9E, 0x29, 0x01, 0xD1, 0x00, 0xF0, 0xBD, 0xFF, 0x2A, 0x6C
	.byte 0x51, 0x89, 0x00, 0x29, 0x01, 0xD0, 0x00, 0xF0, 0xB7, 0xFF, 0xD1, 0x89, 0x02, 0x29, 0x0A, 0xD1
	.byte 0x09, 0x4C, 0x20, 0x1C, 0xAE, 0xF0, 0x62, 0xFA, 0x31, 0x04, 0x09, 0x14, 0x3A, 0x04, 0x12, 0x14
	.byte 0x20, 0x1C, 0x04, 0xF0, 0xAB, 0xFB, 0x29, 0x6C, 0xC9, 0x89, 0x06, 0x29, 0x01, 0xD0, 0x00, 0xF0
	.byte 0xA3, 0xFF, 0x02, 0x4C, 0x00, 0xF0, 0x63, 0xFF, 0xBE, 0x03, 0x00, 0x00, 0xBF, 0x03, 0x00, 0x00
	.byte 0x2A, 0x6C, 0x51, 0x89, 0x00, 0x29, 0x01, 0xD0, 0x00, 0xF0, 0x96, 0xFF, 0xD1, 0x89, 0x02, 0x29
	.byte 0x0B, 0xD1, 0xEB, 0x24, 0xA4, 0x00, 0x20, 0x1C, 0xAE, 0xF0, 0x40, 0xFA, 0x31, 0x04, 0x09, 0x14
	.byte 0x3A, 0x04, 0x12, 0x14, 0x20, 0x1C, 0x04, 0xF0, 0x89, 0xFB, 0x29, 0x6C, 0xC9, 0x89, 0x06, 0x29
	.byte 0x01, 0xD0, 0x00, 0xF0, 0x81, 0xFF, 0x01, 0x4C, 0x00, 0xF0, 0x41, 0xFF, 0xAD, 0x03, 0x00, 0x00
	.byte 0x2A, 0x6C, 0x51, 0x89, 0x01, 0x29, 0x01, 0xD0, 0x00, 0xF0, 0x76, 0xFF, 0xD1, 0x89, 0x00, 0x29
	.byte 0x0B, 0xD1, 0xED, 0x24, 0xA4, 0x00, 0x20, 0x1C, 0xAE, 0xF0, 0x20, 0xFA, 0x31, 0x04, 0x09, 0x14
	.byte 0x3A, 0x04, 0x12, 0x14, 0x20, 0x1C, 0x04, 0xF0, 0x69, 0xFB, 0x29, 0x6C, 0xC9, 0x89, 0x04, 0x29
	.byte 0x01, 0xD0, 0x00, 0xF0, 0x61, 0xFF, 0x01, 0x4C, 0x00, 0xF0, 0x21, 0xFF, 0xB5, 0x03, 0x00, 0x00
	.byte 0x2B, 0x6C, 0x59, 0x89, 0x00, 0x29, 0x01, 0xD0, 0x00, 0xF0, 0x56, 0xFF, 0xD9, 0x89, 0x02, 0x29
	.byte 0x01, 0xD0, 0x00, 0xF0, 0x51, 0xFF, 0x01, 0x4C, 0x00, 0xF0, 0x11, 0xFF, 0x75, 0x01, 0x00, 0x00
	.byte 0x2B, 0x6C, 0x59, 0x89, 0x00, 0x29, 0x01, 0xD0, 0x00, 0xF0, 0x46, 0xFF, 0xD9, 0x89, 0x02, 0x29
	.byte 0x01, 0xD0, 0x00, 0xF0, 0x41, 0xFF, 0xBB, 0x24, 0x64, 0x00, 0x00, 0xF0, 0x00, 0xFF, 0x2B, 0x6C
	.byte 0x59, 0x89, 0x09, 0x29, 0x01, 0xD0, 0x00, 0xF0, 0x37, 0xFF, 0xD9, 0x89, 0x03, 0x29, 0x01, 0xD0
	.byte 0x00, 0xF0, 0x32, 0xFF, 0x97, 0x20, 0x40, 0x00, 0xAE, 0xF0, 0xE0, 0xF9, 0x00, 0xF0, 0x2C, 0xFF
	.byte 0x2A, 0x6C, 0x51, 0x89, 0x00, 0x29, 0x01, 0xD0, 0x00, 0xF0, 0x26, 0xFF, 0xD1, 0x89, 0x01, 0x29
	.byte 0x0B, 0xD1, 0xEB, 0x24, 0xA4, 0x00, 0x20, 0x1C, 0xAE, 0xF0, 0xD0, 0xF9, 0x31, 0x04, 0x09, 0x14
	.byte 0x3A, 0x04, 0x12, 0x14, 0x20, 0x1C, 0x04, 0xF0, 0x19, 0xFB, 0x29, 0x6C, 0xC9, 0x89, 0x05, 0x29
	.byte 0x01, 0xD0, 0x00, 0xF0, 0x11, 0xFF, 0x01, 0x4C, 0x00, 0xF0, 0xD1, 0xFE, 0xAD, 0x03, 0x00, 0x00
	.byte 0x2A, 0x6C, 0x51, 0x89, 0x00, 0x29, 0x01, 0xD0, 0x00, 0xF0, 0x06, 0xFF, 0xD1, 0x89, 0x01, 0x29
	.byte 0x0B, 0xD1, 0xEB, 0x24, 0xA4, 0x00, 0x20, 0x1C, 0xAE, 0xF0, 0xB0, 0xF9, 0x31, 0x04, 0x09, 0x14
	.byte 0x3A, 0x04, 0x12, 0x14, 0x20, 0x1C, 0x04, 0xF0, 0xF9, 0xFA, 0x29, 0x6C, 0xC9, 0x89, 0x05, 0x29
	.byte 0x01, 0xD0, 0x00, 0xF0, 0xF1, 0xFE, 0x01, 0x4C, 0x00, 0xF0, 0xB1, 0xFE, 0xAD, 0x03, 0x00, 0x00
	.byte 0x2A, 0x6C, 0x51, 0x89, 0x01, 0x29, 0x01, 0xD0, 0x00, 0xF0, 0xE6, 0xFE, 0xD1, 0x89, 0x00, 0x29
	.byte 0x0B, 0xD1, 0xED, 0x24, 0xA4, 0x00, 0x20, 0x1C, 0xAE, 0xF0, 0x90, 0xF9, 0x31, 0x04, 0x09, 0x14
	.byte 0x3A, 0x04, 0x12, 0x14, 0x20, 0x1C, 0x04, 0xF0, 0xD9, 0xFA, 0x29, 0x6C, 0xC9, 0x89, 0x04, 0x29
	.byte 0x01, 0xD0, 0x00, 0xF0, 0xD1, 0xFE, 0x01, 0x4C, 0x00, 0xF0, 0x91, 0xFE, 0xB5, 0x03, 0x00, 0x00
	.byte 0x2A, 0x6C, 0x51, 0x89, 0x01, 0x29, 0x01, 0xD0, 0x00, 0xF0, 0xC6, 0xFE, 0xD1, 0x89, 0x00, 0x29
	.byte 0x0B, 0xD1, 0xED, 0x24, 0xA4, 0x00, 0x20, 0x1C, 0xAE, 0xF0, 0x70, 0xF9, 0x31, 0x04, 0x09, 0x14
	.byte 0x3A, 0x04, 0x12, 0x14, 0x20, 0x1C, 0x04, 0xF0, 0xB9, 0xFA, 0x29, 0x6C, 0xC9, 0x89, 0x04, 0x29
	.byte 0x01, 0xD0, 0x00, 0xF0, 0xB1, 0xFE, 0x01, 0x4C, 0x00, 0xF0, 0x71, 0xFE, 0xB5, 0x03, 0x00, 0x00
	.byte 0x2A, 0x6C, 0x51, 0x89, 0x00, 0x29, 0x01, 0xD0, 0x00, 0xF0, 0xA6, 0xFE, 0xD1, 0x89, 0x03, 0x29
	.byte 0x1D, 0xD1, 0xA8, 0x8C, 0xB1, 0x38, 0x00, 0x04, 0x00, 0x0C, 0x01, 0x28, 0x0C, 0xD8, 0xE1, 0x24
	.byte 0xA4, 0x00, 0x20, 0x1C, 0xAE, 0xF0, 0x4A, 0xF9, 0x31, 0x04, 0x09, 0x14, 0x3A, 0x04, 0x12, 0x14
	.byte 0x20, 0x1C, 0x04, 0xF0, 0x93, 0xFA, 0x0A, 0xE0, 0x0C, 0x4C, 0x20, 0x1C, 0xAE, 0xF0, 0x3E, 0xF9
	.byte 0x31, 0x04, 0x09, 0x14, 0x3A, 0x04, 0x12, 0x14, 0x20, 0x1C, 0x04, 0xF0, 0x87, 0xFA, 0x29, 0x6C
	.byte 0xC9, 0x89, 0x07, 0x29, 0x01, 0xD0, 0x00, 0xF0, 0x7F, 0xFE, 0xA8, 0x8C, 0xB1, 0x38, 0x00, 0x04
	.byte 0x00, 0x0C, 0x01, 0x28, 0x06, 0xD8, 0x02, 0x4C, 0x00, 0xF0, 0x39, 0xFE, 0xB2, 0x03, 0x00, 0x00
	.byte 0x85, 0x03, 0x00, 0x00, 0x01, 0x4C, 0x00, 0xF0, 0x32, 0xFE, 0x00, 0x00, 0xB3, 0x03, 0x00, 0x00
	.byte 0x2A, 0x6C, 0x51, 0x89, 0x00, 0x29, 0x01, 0xD0, 0x00, 0xF0, 0x66, 0xFE, 0xD1, 0x89, 0x02, 0x29
	.byte 0x1D, 0xD1, 0xA8, 0x8C, 0xB1, 0x38, 0x00, 0x04, 0x00, 0x0C, 0x01, 0x28, 0x0C, 0xD8, 0xE1, 0x24
	.byte 0xA4, 0x00, 0x20, 0x1C, 0xAE, 0xF0, 0x0A, 0xF9, 0x31, 0x04, 0x09, 0x14, 0x3A, 0x04, 0x12, 0x14
	.byte 0x20, 0x1C, 0x04, 0xF0, 0x53, 0xFA, 0x0A, 0xE0, 0x0C, 0x4C, 0x20, 0x1C, 0xAE, 0xF0, 0xFE, 0xF8
	.byte 0x31, 0x04, 0x09, 0x14, 0x3A, 0x04, 0x12, 0x14, 0x20, 0x1C, 0x04, 0xF0, 0x47, 0xFA, 0x29, 0x6C
	.byte 0xC9, 0x89, 0x05, 0x29, 0x01, 0xD0, 0x00, 0xF0, 0x3F, 0xFE, 0xA8, 0x8C, 0xB1, 0x38, 0x00, 0x04
	.byte 0x00, 0x0C, 0x01, 0x28, 0x06, 0xD8, 0x02, 0x4C, 0x00, 0xF0, 0xF9, 0xFD, 0xB2, 0x03, 0x00, 0x00
	.byte 0x85, 0x03, 0x00, 0x00, 0x01, 0x4C, 0x00, 0xF0, 0xF2, 0xFD, 0x00, 0x00, 0xB3, 0x03, 0x00, 0x00
	.byte 0x2A, 0x6C, 0x51, 0x89, 0x00, 0x29, 0x01, 0xD0, 0x00, 0xF0, 0x26, 0xFE, 0xD1, 0x89, 0x03, 0x29
	.byte 0x0B, 0xD1, 0xEC, 0x24, 0xA4, 0x00, 0x20, 0x1C, 0xAE, 0xF0, 0xD0, 0xF8, 0x31, 0x04, 0x09, 0x14
	.byte 0x3A, 0x04, 0x12, 0x14, 0x20, 0x1C, 0x04, 0xF0, 0x19, 0xFA, 0x29, 0x6C, 0xC9, 0x89, 0x07, 0x29
	.byte 0x01, 0xD0, 0x00, 0xF0, 0x11, 0xFE, 0x01, 0x4C, 0x00, 0xF0, 0xD1, 0xFD, 0xB1, 0x03, 0x00, 0x00
	.byte 0x2A, 0x6C, 0x51, 0x89, 0x00, 0x29, 0x01, 0xD0, 0x00, 0xF0, 0x06, 0xFE, 0xD1, 0x89, 0x01, 0x29
	.byte 0x0A, 0xD1, 0x0A, 0x4C, 0x20, 0x1C, 0xAE, 0xF0, 0xB1, 0xF8, 0x31, 0x04, 0x09, 0x14, 0x3A, 0x04
	.byte 0x12, 0x14, 0x20, 0x1C, 0x04, 0xF0, 0xFA, 0xF9, 0x29, 0x6C, 0xC9, 0x89, 0x04, 0x29, 0x01, 0xD0
	.byte 0x00, 0xF0, 0xF2, 0xFD, 0x02, 0x4C, 0x00, 0xF0, 0xB2, 0xFD, 0x00, 0x00, 0xA2, 0x03, 0x00, 0x00
	.byte 0xA3, 0x03, 0x00, 0x00, 0x2A, 0x6C, 0x51, 0x89, 0x01, 0x29, 0x01, 0xD0, 0x00, 0xF0, 0xE4, 0xFD
	.byte 0xD1, 0x89, 0x00, 0x29, 0x0A, 0xD1, 0x0A, 0x4C, 0x20, 0x1C, 0xAE, 0xF0, 0x8F, 0xF8, 0x31, 0x04
	.byte 0x09, 0x14, 0x3A, 0x04, 0x12, 0x14, 0x20, 0x1C, 0x04, 0xF0, 0xD8, 0xF9, 0x29, 0x6C, 0xC9, 0x89
	.byte 0x04, 0x29, 0x01, 0xD0, 0x00, 0xF0, 0xD0, 0xFD, 0x02, 0x4C, 0x00, 0xF0, 0x90, 0xFD, 0x00, 0x00
	.byte 0x9E, 0x03, 0x00, 0x00, 0x9F, 0x03, 0x00, 0x00, 0x2A, 0x6C, 0x51, 0x89, 0x00, 0x29, 0x01, 0xD0
	.byte 0x00, 0xF0, 0xC2, 0xFD, 0xD1, 0x89, 0x02, 0x29, 0x0A, 0xD1, 0x0A, 0x4C, 0x20, 0x1C, 0xAE, 0xF0
	.byte 0x6D, 0xF8, 0x31, 0x04, 0x09, 0x14, 0x3A, 0x04, 0x12, 0x14, 0x20, 0x1C, 0x04, 0xF0, 0xB6, 0xF9
	.byte 0x29, 0x6C, 0xC9, 0x89, 0x05, 0x29, 0x01, 0xD0, 0x00, 0xF0, 0xAE, 0xFD, 0x02, 0x4C, 0x00, 0xF0
	.byte 0x6E, 0xFD, 0x00, 0x00, 0x9E, 0x03, 0x00, 0x00, 0x9F, 0x03, 0x00, 0x00, 0x2A, 0x6C, 0x51, 0x89
	.byte 0x00, 0x29, 0x01, 0xD0, 0x00, 0xF0, 0xA0, 0xFD, 0xD1, 0x89, 0x03, 0x29, 0x0A, 0xD1, 0x0A, 0x4C
	.byte 0x20, 0x1C, 0xAE, 0xF0, 0x4B, 0xF8, 0x31, 0x04, 0x09, 0x14, 0x3A, 0x04, 0x12, 0x14, 0x20, 0x1C
	.byte 0x04, 0xF0, 0x94, 0xF9, 0x29, 0x6C, 0xC9, 0x89, 0x09, 0x29, 0x01, 0xD0, 0x00, 0xF0, 0x8C, 0xFD
	.byte 0x02, 0x4C, 0x00, 0xF0, 0x4C, 0xFD, 0x00, 0x00, 0x9E, 0x03, 0x00, 0x00, 0x9F, 0x03, 0x00, 0x00
	.byte 0x2A, 0x6C, 0x51, 0x89, 0x00, 0x29, 0x01, 0xD0, 0x00, 0xF0, 0x7E, 0xFD, 0xD1, 0x89, 0x03, 0x29
	.byte 0x0A, 0xD1, 0x0A, 0x4C, 0x20, 0x1C, 0xAE, 0xF0, 0x29, 0xF8, 0x31, 0x04, 0x09, 0x14, 0x3A, 0x04
	.byte 0x12, 0x14, 0x20, 0x1C, 0x04, 0xF0, 0x72, 0xF9, 0x29, 0x6C, 0xC9, 0x89, 0x09, 0x29, 0x01, 0xD0
	.byte 0x00, 0xF0, 0x6A, 0xFD, 0x02, 0x4C, 0x00, 0xF0, 0x2A, 0xFD, 0x00, 0x00, 0x9E, 0x03, 0x00, 0x00
	.byte 0x9F, 0x03, 0x00, 0x00, 0x2A, 0x6C, 0x51, 0x89, 0x00, 0x29, 0x01, 0xD0, 0x00, 0xF0, 0x5C, 0xFD
	.byte 0xD1, 0x89, 0x01, 0x29, 0x0A, 0xD1, 0x0A, 0x4C, 0x20, 0x1C, 0xAE, 0xF0, 0x07, 0xF8, 0x31, 0x04
	.byte 0x09, 0x14, 0x3A, 0x04, 0x12, 0x14, 0x20, 0x1C, 0x04, 0xF0, 0x50, 0xF9, 0x29, 0x6C, 0xC9, 0x89
	.byte 0x05, 0x29, 0x01, 0xD0, 0x00, 0xF0, 0x48, 0xFD, 0x02, 0x4C, 0x00, 0xF0, 0x08, 0xFD, 0x00, 0x00
	.byte 0xAE, 0x03, 0x00, 0x00, 0xAF, 0x03, 0x00, 0x00, 0x2A, 0x6C, 0x51, 0x89, 0x00, 0x29, 0x01, 0xD0
	.byte 0x00, 0xF0, 0x3A, 0xFD, 0xD1, 0x89, 0x03, 0x29, 0x0A, 0xD1, 0x0A, 0x4C, 0x20, 0x1C, 0xAD, 0xF0
	.byte 0xE5, 0xFF, 0x31, 0x04, 0x09, 0x14, 0x3A, 0x04, 0x12, 0x14, 0x20, 0x1C, 0x04, 0xF0, 0x2E, 0xF9
	.byte 0x29, 0x6C, 0xC9, 0x89, 0x07, 0x29, 0x01, 0xD0, 0x00, 0xF0, 0x26, 0xFD, 0x02, 0x4C, 0x00, 0xF0
	.byte 0xE6, 0xFC, 0x00, 0x00, 0xAE, 0x03, 0x00, 0x00, 0xAF, 0x03, 0x00, 0x00, 0x2A, 0x6C, 0x51, 0x89
	.byte 0x00, 0x29, 0x01, 0xD0, 0x00, 0xF0, 0x18, 0xFD, 0xD1, 0x89, 0x03, 0x29, 0x0A, 0xD1, 0x0A, 0x4C
	.byte 0x20, 0x1C, 0xAD, 0xF0, 0xC3, 0xFF, 0x31, 0x04, 0x09, 0x14, 0x3A, 0x04, 0x12, 0x14, 0x20, 0x1C
	.byte 0x04, 0xF0, 0x0C, 0xF9, 0x29, 0x6C, 0xC9, 0x89, 0x07, 0x29, 0x01, 0xD0, 0x00, 0xF0, 0x04, 0xFD
	.byte 0x02, 0x4C, 0x00, 0xF0, 0xC4, 0xFC, 0x00, 0x00, 0xAA, 0x03, 0x00, 0x00, 0xAB, 0x03, 0x00, 0x00
	.byte 0x2A, 0x6C, 0x51, 0x89, 0x00, 0x29, 0x01, 0xD0, 0x00, 0xF0, 0xF6, 0xFC, 0xD1, 0x89, 0x02, 0x29
	.byte 0x0B, 0xD1, 0xE8, 0x24, 0xA4, 0x00, 0x20, 0x1C, 0xAD, 0xF0, 0xA0, 0xFF, 0x31, 0x04, 0x09, 0x14
	.byte 0x3A, 0x04, 0x12, 0x14, 0x20, 0x1C, 0x04, 0xF0, 0xE9, 0xF8, 0x29, 0x6C, 0xC9, 0x89, 0x06, 0x29
	.byte 0x01, 0xD0, 0x00, 0xF0, 0xE1, 0xFC, 0x01, 0x4C, 0x00, 0xF0, 0xA1, 0xFC, 0xA1, 0x03, 0x00, 0x00
	.byte 0x2A, 0x6C, 0x51, 0x89, 0x00, 0x29, 0x01, 0xD0, 0x00, 0xF0, 0xD6, 0xFC, 0xD1, 0x89, 0x01, 0x29
	.byte 0x0A, 0xD1, 0x0A, 0x4C, 0x20, 0x1C, 0xAD, 0xF0, 0x81, 0xFF, 0x31, 0x04, 0x09, 0x14, 0x3A, 0x04
	.byte 0x12, 0x14, 0x20, 0x1C, 0x04, 0xF0, 0xCA, 0xF8, 0x29, 0x6C, 0xC9, 0x89, 0x05, 0x29, 0x01, 0xD0
	.byte 0x00, 0xF0, 0xC2, 0xFC, 0x02, 0x4C, 0x00, 0xF0, 0x82, 0xFC, 0x00, 0x00, 0xA2, 0x03, 0x00, 0x00
	.byte 0xA3, 0x03, 0x00, 0x00, 0x2A, 0x6C, 0x51, 0x89, 0x00, 0x29, 0x01, 0xD0, 0x00, 0xF0, 0xB4, 0xFC
	.byte 0xD1, 0x89, 0x01, 0x29, 0x0B, 0xD1, 0xEA, 0x24, 0xA4, 0x00, 0x20, 0x1C, 0xAD, 0xF0, 0x5E, 0xFF
	.byte 0x31, 0x04, 0x09, 0x14, 0x3A, 0x04, 0x12, 0x14, 0x20, 0x1C, 0x04, 0xF0, 0xA7, 0xF8, 0x29, 0x6C
	.byte 0xC9, 0x89, 0x04, 0x29, 0x01, 0xD0, 0x00, 0xF0, 0x9F, 0xFC, 0x01, 0x4C, 0x00, 0xF0, 0x5F, 0xFC
	.byte 0xA9, 0x03, 0x00, 0x00, 0x2A, 0x6C, 0x51, 0x89, 0x00, 0x29, 0x01, 0xD0, 0x00, 0xF0, 0x94, 0xFC
	.byte 0xD1, 0x89, 0x02, 0x29, 0x0B, 0xD1, 0xEC, 0x24, 0xA4, 0x00, 0x20, 0x1C, 0xAD, 0xF0, 0x3E, 0xFF
	.byte 0x31, 0x04, 0x09, 0x14, 0x3A, 0x04, 0x12, 0x14, 0x20, 0x1C, 0x04, 0xF0, 0x87, 0xF8, 0x29, 0x6C
	.byte 0xC9, 0x89, 0x05, 0x29, 0x01, 0xD0, 0x00, 0xF0, 0x7F, 0xFC, 0x01, 0x4C, 0x00, 0xF0, 0x3F, 0xFC
	.byte 0xB1, 0x03, 0x00, 0x00, 0x2A, 0x6C, 0x51, 0x89, 0x00, 0x29, 0x01, 0xD0, 0x00, 0xF0, 0x74, 0xFC
	.byte 0xD1, 0x89, 0x02, 0x29, 0x0B, 0xD1, 0xEC, 0x24, 0xA4, 0x00, 0x20, 0x1C, 0xAD, 0xF0, 0x1E, 0xFF
	.byte 0x31, 0x04, 0x09, 0x14, 0x3A, 0x04, 0x12, 0x14, 0x20, 0x1C, 0x04, 0xF0, 0x67, 0xF8, 0x29, 0x6C
	.byte 0xC9, 0x89, 0x06, 0x29, 0x01, 0xD0, 0x00, 0xF0, 0x5F, 0xFC, 0x01, 0x4C, 0x00, 0xF0, 0x1F, 0xFC
	.byte 0xB1, 0x03, 0x00, 0x00, 0x2A, 0x6C, 0x51, 0x89, 0x00, 0x29, 0x01, 0xD0, 0x00, 0xF0, 0x54, 0xFC
	.byte 0xD1, 0x89, 0x02, 0x29, 0x0B, 0xD1, 0xED, 0x24, 0xA4, 0x00, 0x20, 0x1C, 0xAD, 0xF0, 0xFE, 0xFE
	.byte 0x31, 0x04, 0x09, 0x14, 0x3A, 0x04, 0x12, 0x14, 0x20, 0x1C, 0x04, 0xF0, 0x47, 0xF8, 0x29, 0x6C
	.byte 0xC9, 0x89, 0x06, 0x29, 0x01, 0xD0, 0x00, 0xF0, 0x3F, 0xFC, 0x01, 0x4C, 0x00, 0xF0, 0xFF, 0xFB
	.byte 0xB5, 0x03, 0x00, 0x00, 0x2A, 0x6C, 0x51, 0x89, 0x00, 0x29, 0x01, 0xD0, 0x00, 0xF0, 0x34, 0xFC
	.byte 0xD1, 0x89, 0x00, 0x29, 0x0A, 0xD1, 0x0A, 0x4C, 0x20, 0x1C, 0xAD, 0xF0, 0xDF, 0xFE, 0x31, 0x04
	.byte 0x09, 0x14, 0x3A, 0x04, 0x12, 0x14, 0x20, 0x1C, 0x04, 0xF0, 0x28, 0xF8, 0x29, 0x6C, 0xC9, 0x89
	.byte 0x04, 0x29, 0x01, 0xD0, 0x00, 0xF0, 0x20, 0xFC, 0x02, 0x4C, 0x00, 0xF0, 0xE0, 0xFB, 0x00, 0x00
	.byte 0xB6, 0x03, 0x00, 0x00, 0xB7, 0x03, 0x00, 0x00, 0x2A, 0x6C, 0x51, 0x89, 0x00, 0x29, 0x01, 0xD0
	.byte 0x00, 0xF0, 0x12, 0xFC, 0xD1, 0x89, 0x00, 0x29, 0x0A, 0xD1, 0x09, 0x4C, 0x20, 0x1C, 0xAD, 0xF0
	.byte 0xBD, 0xFE, 0x31, 0x04, 0x09, 0x14, 0x3A, 0x04, 0x12, 0x14, 0x20, 0x1C, 0x04, 0xF0, 0x06, 0xF8
	.byte 0x29, 0x6C, 0xC9, 0x89, 0x04, 0x29, 0x01, 0xD0, 0x00, 0xF0, 0xFE, 0xFB, 0x01, 0x4C, 0xBE, 0xE3
	.byte 0xA6, 0x03, 0x00, 0x00, 0xA7, 0x03, 0x00, 0x00, 0x2A, 0x6C, 0x51, 0x89, 0x00, 0x29, 0x01, 0xD0
	.byte 0x00, 0xF0, 0xF2, 0xFB, 0xD1, 0x89, 0x01, 0x29, 0x0A, 0xD1, 0x09, 0x4C, 0x20, 0x1C, 0xAD, 0xF0
	.byte 0x9D, 0xFE, 0x31, 0x04, 0x09, 0x14, 0x3A, 0x04, 0x12, 0x14, 0x20, 0x1C, 0x03, 0xF0, 0xE6, 0xFF
	.byte 0x29, 0x6C, 0xC9, 0x89, 0x05, 0x29, 0x01, 0xD0, 0x00, 0xF0, 0xDE, 0xFB, 0x01, 0x4C, 0x9E, 0xE3
	.byte 0xB2, 0x03, 0x00, 0x00, 0xB3, 0x03, 0x00, 0x00, 0x2A, 0x6C, 0x51, 0x89, 0x00, 0x29, 0x00, 0xD0
	.byte 0xD2, 0xE3, 0xD1, 0x89, 0x01, 0x29, 0x0B, 0xD1, 0xE8, 0x24, 0xA4, 0x00, 0x20, 0x1C, 0xAD, 0xF0
	.byte 0x7D, 0xFE, 0x31, 0x04, 0x09, 0x14, 0x3A, 0x04, 0x12, 0x14, 0x20, 0x1C, 0x03, 0xF0, 0xC6, 0xFF
	.byte 0x29, 0x6C, 0xC9, 0x89, 0x05, 0x29, 0x00, 0xD0, 0xBE, 0xE3, 0x01, 0x4C, 0x7F, 0xE3, 0x00, 0x00
	.byte 0xA1, 0x03, 0x00, 0x00, 0x2A, 0x6C, 0x51, 0x89, 0x00, 0x29, 0x00, 0xD0, 0xB4, 0xE3, 0xD1, 0x89
	.byte 0x02, 0x29, 0x0A, 0xD1, 0x08, 0x4C, 0x20, 0x1C, 0xAD, 0xF0, 0x60, 0xFE, 0x31, 0x04, 0x09, 0x14
	.byte 0x3A, 0x04, 0x12, 0x14, 0x20, 0x1C, 0x03, 0xF0, 0xA9, 0xFF, 0x29, 0x6C, 0xC9, 0x89, 0x06, 0x29
	.byte 0x00, 0xD0, 0xA1, 0xE3, 0x01, 0x4C, 0x62, 0xE3, 0xA2, 0x03, 0x00, 0x00, 0xA3, 0x03, 0x00, 0x00
	.byte 0x2A, 0x6C, 0x51, 0x89, 0x00, 0x29, 0x00, 0xD0, 0x96, 0xE3, 0xD1, 0x89, 0x01, 0x29, 0x1C, 0xD1
	.byte 0xA8, 0x8C, 0x61, 0x28, 0x0E, 0xD1, 0x06, 0x4C, 0x20, 0x1C, 0xAD, 0xF0, 0x3F, 0xFE, 0x31, 0x04
	.byte 0x09, 0x14, 0x3A, 0x04, 0x12, 0x14, 0x20, 0x1C, 0x03, 0xF0, 0x88, 0xFF, 0x0D, 0xE0, 0x00, 0x00
	.byte 0xAE, 0x03, 0x00, 0x00, 0x0A, 0x4C, 0x20, 0x1C, 0xAD, 0xF0, 0x30, 0xFE, 0x31, 0x04, 0x09, 0x14
	.byte 0x3A, 0x04, 0x12, 0x14, 0x20, 0x1C, 0x03, 0xF0, 0x79, 0xFF, 0x29, 0x6C, 0xC9, 0x89, 0x05, 0x29
	.byte 0x00, 0xD0, 0x71, 0xE3, 0xA8, 0x8C, 0x61, 0x28, 0x06, 0xD1, 0x02, 0x4C, 0x2F, 0xE3, 0x00, 0x00
	.byte 0xB2, 0x03, 0x00, 0x00, 0xAF, 0x03, 0x00, 0x00, 0x00, 0x4C, 0x28, 0xE3, 0xB3, 0x03, 0x00, 0x00
	.byte 0x2A, 0x6C, 0x51, 0x89, 0x00, 0x29, 0x00, 0xD0, 0x5E, 0xE3, 0xD1, 0x89, 0x01, 0x29, 0x0B, 0xD1
	.byte 0xEC, 0x24, 0xA4, 0x00, 0x20, 0x1C, 0xAD, 0xF0, 0x09, 0xFE, 0x31, 0x04, 0x09, 0x14, 0x3A, 0x04
	.byte 0x12, 0x14, 0x20, 0x1C, 0x03, 0xF0, 0x52, 0xFF, 0x29, 0x6C, 0xC9, 0x89, 0x05, 0x29, 0x00, 0xD0
	.byte 0x4A, 0xE3, 0x01, 0x4C, 0x0B, 0xE3, 0x00, 0x00, 0xB1, 0x03, 0x00, 0x00, 0x2A, 0x6C, 0x51, 0x89
	.byte 0x00, 0x29, 0x00, 0xD0, 0x40, 0xE3, 0xD1, 0x89, 0x01, 0x29, 0x0A, 0xD1, 0x08, 0x4C, 0x20, 0x1C
	.byte 0xAD, 0xF0, 0xEC, 0xFD, 0x31, 0x04, 0x09, 0x14, 0x3A, 0x04, 0x12, 0x14, 0x20, 0x1C, 0x03, 0xF0
	.byte 0x35, 0xFF, 0x29, 0x6C, 0xC9, 0x89, 0x04, 0x29, 0x00, 0xD0, 0x2D, 0xE3, 0x01, 0x4C, 0xEE, 0xE2
	.byte 0xBA, 0x03, 0x00, 0x00, 0xBB, 0x03, 0x00, 0x00, 0x2A, 0x6C, 0x51, 0x89, 0x00, 0x29, 0x00, 0xD0
	.byte 0x22, 0xE3, 0xD1, 0x89, 0x01, 0x29, 0x0B, 0xD1, 0xEF, 0x24, 0xA4, 0x00, 0x20, 0x1C, 0xAD, 0xF0
	.byte 0xCD, 0xFD, 0x31, 0x04, 0x09, 0x14, 0x3A, 0x04, 0x12, 0x14, 0x20, 0x1C, 0x03, 0xF0, 0x16, 0xFF
	.byte 0x29, 0x6C, 0xC9, 0x89, 0x04, 0x29, 0x00, 0xD0, 0x0E, 0xE3, 0x01, 0x4C, 0xCF, 0xE2, 0x00, 0x00
	.byte 0xBD, 0x03, 0x00, 0x00, 0x2A, 0x6C, 0x51, 0x89, 0x00, 0x29, 0x00, 0xD0, 0x04, 0xE3, 0xD1, 0x89
	.byte 0x01, 0x29, 0x0A, 0xD1, 0x08, 0x4C, 0x20, 0x1C, 0xAD, 0xF0, 0xB0, 0xFD, 0x31, 0x04, 0x09, 0x14
	.byte 0x3A, 0x04, 0x12, 0x14, 0x20, 0x1C, 0x03, 0xF0, 0xF9, 0xFE, 0x29, 0x6C, 0xC9, 0x89, 0x04, 0x29
	.byte 0x00, 0xD0, 0xF1, 0xE2, 0x01, 0x4C, 0xB2, 0xE2, 0x9E, 0x03, 0x00, 0x00, 0x9F, 0x03, 0x00, 0x00
	.byte 0x2B, 0x6C, 0x59, 0x89, 0x00, 0x29, 0x00, 0xD0, 0xE6, 0xE2, 0xD9, 0x89, 0x03, 0x29, 0x00, 0xD0
	.byte 0xE2, 0xE2, 0x98, 0x24, 0x64, 0x00, 0xA2, 0xE2, 0x2B, 0x6C, 0x59, 0x89, 0x00, 0x29, 0x00, 0xD0
	.byte 0xDA, 0xE2, 0xD9, 0x89, 0x01, 0x29, 0x00, 0xD0, 0xD6, 0xE2, 0x97, 0x24, 0x64, 0x00, 0x96, 0xE2
	.byte 0x0E, 0x4C, 0xA9, 0x8C, 0x89, 0x00, 0x09, 0x19, 0x0B, 0x68, 0x00, 0x2B, 0x00, 0xD1, 0xCB, 0xE2
	.byte 0x2A, 0x6C, 0x51, 0x89, 0x00, 0x29, 0x00, 0xD0, 0xC6, 0xE2, 0xD1, 0x89, 0x01, 0x29, 0x06, 0xD1
	.byte 0x18, 0x1C, 0x2C, 0x30, 0x01, 0x78, 0x28, 0x1C, 0x01, 0x22, 0x00, 0xF0, 0xC3, 0xFA, 0x29, 0x6C
	.byte 0xC9, 0x89, 0x05, 0x29, 0x00, 0xD0, 0xB7, 0xE2, 0x92, 0xE0, 0x00, 0x00, 0xA0, 0x3C, 0xEE, 0x09
	.byte 0x0E, 0x4C, 0xA9, 0x8C, 0x89, 0x00, 0x09, 0x19, 0x0B, 0x68, 0x00, 0x2B, 0x00, 0xD1, 0xAB, 0xE2
	.byte 0x2A, 0x6C, 0x51, 0x89, 0x00, 0x29, 0x00, 0xD0, 0xA6, 0xE2, 0xD1, 0x89, 0x02, 0x29, 0x06, 0xD1
	.byte 0x18, 0x1C, 0x2C, 0x30, 0x01, 0x78, 0x28, 0x1C, 0x01, 0x22, 0x00, 0xF0, 0x49, 0xFB, 0x29, 0x6C
	.byte 0xC9, 0x89, 0x06, 0x29, 0x00, 0xD0, 0x97, 0xE2, 0x1E, 0xE0, 0x00, 0x00, 0xA0, 0x3C, 0xEE, 0x09
	.byte 0x13, 0x4C, 0xA9, 0x8C, 0x89, 0x00, 0x09, 0x19, 0x0B, 0x68, 0x00, 0x2B, 0x00, 0xD1, 0x8B, 0xE2
	.byte 0x2A, 0x6C, 0x51, 0x89, 0x00, 0x29, 0x00, 0xD0, 0x86, 0xE2, 0xD1, 0x89, 0x03, 0x29, 0x06, 0xD1
	.byte 0x18, 0x1C, 0x2C, 0x30, 0x01, 0x78, 0x28, 0x1C, 0x01, 0x22, 0x00, 0xF0, 0x29, 0xFB, 0x29, 0x6C
	.byte 0xC9, 0x89, 0x07, 0x29, 0x00, 0xD0, 0x77, 0xE2, 0xA8, 0x8C, 0x80, 0x00, 0x00, 0x19, 0x00, 0x68
	.byte 0x2C, 0x30, 0x01, 0x78, 0x28, 0x1C, 0x00, 0x22, 0x00, 0xF0, 0x1A, 0xFB, 0x6C, 0xE2, 0x00, 0x00
	.byte 0xA0, 0x3C, 0xEE, 0x09, 0x13, 0x4C, 0xA9, 0x8C, 0x89, 0x00, 0x09, 0x19, 0x0B, 0x68, 0x00, 0x2B
	.byte 0x00, 0xD1, 0x61, 0xE2, 0x2A, 0x6C, 0x51, 0x89, 0x00, 0x29, 0x00, 0xD0, 0x5C, 0xE2, 0xD1, 0x89
	.byte 0x03, 0x29, 0x06, 0xD1, 0x18, 0x1C, 0x2C, 0x30, 0x01, 0x78, 0x28, 0x1C, 0x01, 0x22, 0x00, 0xF0
	.byte 0x73, 0xFB, 0x29, 0x6C, 0xC9, 0x89, 0x07, 0x29, 0x00, 0xD0, 0x4D, 0xE2, 0xA8, 0x8C, 0x80, 0x00
	.byte 0x00, 0x19, 0x00, 0x68, 0x2C, 0x30, 0x01, 0x78, 0x28, 0x1C, 0x00, 0x22, 0x00, 0xF0, 0x64, 0xFB
	.byte 0x42, 0xE2, 0x00, 0x00, 0xA0, 0x3C, 0xEE, 0x09, 0x13, 0x4C, 0xA9, 0x8C, 0x89, 0x00, 0x09, 0x19
	.byte 0x0B, 0x68, 0x00, 0x2B, 0x00, 0xD1, 0x37, 0xE2, 0x2A, 0x6C, 0x51, 0x89, 0x00, 0x29, 0x00, 0xD0
	.byte 0x32, 0xE2, 0xD1, 0x89, 0x03, 0x29, 0x06, 0xD1, 0x18, 0x1C, 0x2C, 0x30, 0x01, 0x78, 0x28, 0x1C
	.byte 0x01, 0x22, 0x00, 0xF0, 0x2F, 0xFA, 0x29, 0x6C, 0xC9, 0x89, 0x07, 0x29, 0x00, 0xD0, 0x23, 0xE2
	.byte 0xA8, 0x8C, 0x80, 0x00, 0x00, 0x19, 0x00, 0x68, 0x2C, 0x30, 0x01, 0x78, 0x28, 0x1C, 0x00, 0x22
	.byte 0x00, 0xF0, 0x20, 0xFA, 0x18, 0xE2, 0x00, 0x00, 0xA0, 0x3C, 0xEE, 0x09, 0x2A, 0x6C, 0x51, 0x89
	.byte 0x00, 0x29, 0x00, 0xD0, 0x10, 0xE2, 0xD1, 0x89, 0x02, 0x29, 0x0B, 0xD1, 0xED, 0x24, 0xA4, 0x00
	.byte 0x20, 0x1C, 0xAD, 0xF0, 0xBB, 0xFC, 0x31, 0x04, 0x09, 0x14, 0x3A, 0x04, 0x12, 0x14, 0x20, 0x1C
	.byte 0x03, 0xF0, 0x04, 0xFE, 0x29, 0x6C, 0xC9, 0x89, 0x06, 0x29, 0x00, 0xD0, 0xFC, 0xE1, 0x01, 0x4C
	.byte 0xBD, 0xE1, 0x00, 0x00, 0xB5, 0x03, 0x00, 0x00, 0x2B, 0x6C, 0x59, 0x89, 0x00, 0x29, 0x00, 0xD0
	.byte 0xF2, 0xE1, 0xD9, 0x89, 0x00, 0x29, 0x00, 0xD0, 0xEE, 0xE1, 0xA0, 0x24, 0x64, 0x00, 0xAE, 0xE1
	.byte 0x2B, 0x6C, 0x59, 0x89, 0x00, 0x29, 0x00, 0xD0, 0xE6, 0xE1, 0xD9, 0x89, 0x00, 0x29, 0x00, 0xD0
	.byte 0xE2, 0xE1, 0xA7, 0x24, 0x64, 0x00, 0xA2, 0xE1, 0x2B, 0x6C, 0x59, 0x89, 0x00, 0x29, 0x00, 0xD0
	.byte 0xDA, 0xE1, 0xD9, 0x89, 0x01, 0x29, 0x00, 0xD0, 0xD6, 0xE1, 0xA2, 0x24, 0x64, 0x00, 0x96, 0xE1
	.byte 0x2A, 0x6C, 0x51, 0x89, 0x00, 0x29, 0x00, 0xD0, 0xCE, 0xE1, 0xD1, 0x89, 0x01, 0x29, 0x0A, 0xD1
	.byte 0x09, 0x4C, 0x20, 0x1C, 0xAD, 0xF0, 0x7A, 0xFC, 0x31, 0x04, 0x09, 0x14, 0x3A, 0x04, 0x12, 0x14
	.byte 0x20, 0x1C, 0x03, 0xF0, 0xC3, 0xFD, 0x29, 0x6C, 0xC9, 0x89, 0x05, 0x29, 0x00, 0xD0, 0xBB, 0xE1
	.byte 0xE7, 0x24, 0xA4, 0x00, 0x7B, 0xE1, 0x00, 0x00, 0x9D, 0x03, 0x00, 0x00, 0x2A, 0x6C, 0x51, 0x89
	.byte 0x00, 0x29, 0x00, 0xD0, 0xB0, 0xE1, 0xD1, 0x89, 0x01, 0x29, 0x0B, 0xD1, 0xE7, 0x24, 0xA4, 0x00
	.byte 0x20, 0x1C, 0xAD, 0xF0, 0x5B, 0xFC, 0x31, 0x04, 0x09, 0x14, 0x3A, 0x04, 0x12, 0x14, 0x20, 0x1C
	.byte 0x03, 0xF0, 0xA4, 0xFD, 0x29, 0x6C, 0xC9, 0x89, 0x04, 0x29, 0x00, 0xD0, 0x9C, 0xE1, 0x01, 0x4C
	.byte 0x5D, 0xE1, 0x00, 0x00, 0x9D, 0x03, 0x00, 0x00, 0x2A, 0x6C, 0x51, 0x89, 0x00, 0x29, 0x00, 0xD0
	.byte 0x92, 0xE1, 0xD1, 0x89, 0x07, 0x29, 0x0B, 0xD1, 0xEC, 0x24, 0xA4, 0x00, 0x20, 0x1C, 0xAD, 0xF0
	.byte 0x3D, 0xFC, 0x31, 0x04, 0x09, 0x14, 0x3A, 0x04, 0x12, 0x14, 0x20, 0x1C, 0x03, 0xF0, 0x86, 0xFD
	.byte 0x29, 0x6C, 0xC9, 0x89, 0x02, 0x29, 0x00, 0xD0, 0x7E, 0xE1, 0x01, 0x4C, 0x3F, 0xE1, 0x00, 0x00
	.byte 0xB1, 0x03, 0x00, 0x00, 0x2A, 0x6C, 0x51, 0x89, 0x00, 0x29, 0x00, 0xD0, 0x74, 0xE1, 0xD1, 0x89
	.byte 0x06, 0x29, 0x0A, 0xD1, 0x08, 0x4C, 0x20, 0x1C, 0xAD, 0xF0, 0x20, 0xFC, 0x31, 0x04, 0x09, 0x14
	.byte 0x3A, 0x04, 0x12, 0x14, 0x20, 0x1C, 0x03, 0xF0, 0x69, 0xFD, 0x29, 0x6C, 0xC9, 0x89, 0x02, 0x29
	.byte 0x00, 0xD0, 0x61, 0xE1, 0x01, 0x4C, 0x22, 0xE1, 0xA2, 0x03, 0x00, 0x00, 0xA3, 0x03, 0x00, 0x00
	.byte 0x2B, 0x6C, 0x59, 0x89, 0x00, 0x29, 0x00, 0xD0, 0x56, 0xE1, 0xD9, 0x89, 0x04, 0x29, 0x00, 0xD0
	.byte 0x52, 0xE1, 0x02, 0x48, 0xAD, 0xF0, 0x02, 0xFC, 0x4E, 0xE1, 0x00, 0x00, 0x6B, 0x02, 0x00, 0x00
	.byte 0x2A, 0x6C, 0x51, 0x89, 0x00, 0x29, 0x00, 0xD0, 0x46, 0xE1, 0xD1, 0x89, 0x06, 0x29, 0x0B, 0xD1
	.byte 0xEC, 0x24, 0xA4, 0x00, 0x20, 0x1C, 0xAD, 0xF0, 0xF1, 0xFB, 0x31, 0x04, 0x09, 0x14, 0x3A, 0x04
	.byte 0x12, 0x14, 0x20, 0x1C, 0x03, 0xF0, 0x3A, 0xFD, 0x29, 0x6C, 0xC9, 0x89, 0x02, 0x29, 0x00, 0xD0
	.byte 0x32, 0xE1, 0x01, 0x4C, 0xF3, 0xE0, 0x00, 0x00, 0xB1, 0x03, 0x00, 0x00, 0x2B, 0x6C, 0x59, 0x89
	.byte 0x00, 0x29, 0x00, 0xD0, 0x28, 0xE1, 0xD9, 0x89, 0x00, 0x29, 0x00, 0xD0, 0x24, 0xE1, 0xA7, 0x24
	.byte 0x64, 0x00, 0xE4, 0xE0, 0x2A, 0x6C, 0x51, 0x89, 0x00, 0x29, 0x00, 0xD0, 0x1C, 0xE1, 0xD1, 0x89
	.byte 0x06, 0x29, 0x0A, 0xD1, 0x08, 0x4C, 0x20, 0x1C, 0xAD, 0xF0, 0xC8, 0xFB, 0x31, 0x04, 0x09, 0x14
	.byte 0x3A, 0x04, 0x12, 0x14, 0x20, 0x1C, 0x03, 0xF0, 0x11, 0xFD, 0x29, 0x6C, 0xC9, 0x89, 0x02, 0x29
	.byte 0x00, 0xD0, 0x09, 0xE1, 0x01, 0x4C, 0xCA, 0xE0, 0xA2, 0x03, 0x00, 0x00, 0xA3, 0x03, 0x00, 0x00
	.byte 0x2A, 0x6C, 0x51, 0x89, 0x00, 0x29, 0x00, 0xD0, 0xFE, 0xE0, 0xD1, 0x89, 0x07, 0x29, 0x0A, 0xD1
	.byte 0x08, 0x4C, 0x20, 0x1C, 0xAD, 0xF0, 0xAA, 0xFB, 0x31, 0x04, 0x09, 0x14, 0x3A, 0x04, 0x12, 0x14
	.byte 0x20, 0x1C, 0x03, 0xF0, 0xF3, 0xFC, 0x29, 0x6C, 0xC9, 0x89, 0x03, 0x29, 0x00, 0xD0, 0xEB, 0xE0
	.byte 0x01, 0x4C, 0xAC, 0xE0, 0xA2, 0x03, 0x00, 0x00, 0xA3, 0x03, 0x00, 0x00, 0x2B, 0x6C, 0x59, 0x89
	.byte 0x01, 0x29, 0x00, 0xD0, 0xE0, 0xE0, 0xD9, 0x89, 0x00, 0x29, 0x00, 0xD0, 0xDC, 0xE0, 0x01, 0x4C
	.byte 0x9D, 0xE0, 0x00, 0x00, 0x55, 0x01, 0x00, 0x00, 0x2A, 0x6C, 0x51, 0x89, 0x00, 0x29, 0x00, 0xD0
	.byte 0xD2, 0xE0, 0xD1, 0x89, 0x06, 0x29, 0x0B, 0xD1, 0xEB, 0x24, 0xA4, 0x00, 0x20, 0x1C, 0xAD, 0xF0
	.byte 0x7D, 0xFB, 0x31, 0x04, 0x09, 0x14, 0x3A, 0x04, 0x12, 0x14, 0x20, 0x1C, 0x03, 0xF0, 0xC6, 0xFC
	.byte 0x29, 0x6C, 0xC9, 0x89, 0x02, 0x29, 0x00, 0xD0, 0xBE, 0xE0, 0x01, 0x4C, 0x7F, 0xE0, 0x00, 0x00
	.byte 0xAD, 0x03, 0x00, 0x00, 0x2A, 0x6C, 0x51, 0x89, 0x00, 0x29, 0x00, 0xD0, 0xB4, 0xE0, 0xD1, 0x89
	.byte 0x06, 0x29, 0x0B, 0xD1, 0xEB, 0x24, 0xA4, 0x00, 0x20, 0x1C, 0xAD, 0xF0, 0x5F, 0xFB, 0x31, 0x04
	.byte 0x09, 0x14, 0x3A, 0x04, 0x12, 0x14, 0x20, 0x1C, 0x03, 0xF0, 0xA8, 0xFC, 0x29, 0x6C, 0xC9, 0x89
	.byte 0x02, 0x29, 0x00, 0xD0, 0xA0, 0xE0, 0x01, 0x4C, 0x61, 0xE0, 0x00, 0x00, 0xAD, 0x03, 0x00, 0x00
	.byte 0x2A, 0x6C, 0x51, 0x89, 0x00, 0x29, 0x00, 0xD0, 0x96, 0xE0, 0xD1, 0x89, 0x06, 0x29, 0x0B, 0xD1
	.byte 0xED, 0x24, 0xA4, 0x00, 0x20, 0x1C, 0xAD, 0xF0, 0x41, 0xFB, 0x31, 0x04, 0x09, 0x14, 0x3A, 0x04
	.byte 0x12, 0x14, 0x20, 0x1C, 0x03, 0xF0, 0x8A, 0xFC, 0x29, 0x6C, 0xC9, 0x89, 0x02, 0x29, 0x00, 0xD0
	.byte 0x82, 0xE0, 0x01, 0x4C, 0x43, 0xE0, 0x00, 0x00, 0xB5, 0x03, 0x00, 0x00, 0x2A, 0x6C, 0x51, 0x89
	.byte 0x00, 0x29, 0x79, 0xD1, 0xD1, 0x89, 0x06, 0x29, 0x0A, 0xD1, 0x08, 0x4C, 0x20, 0x1C, 0xAD, 0xF0
	.byte 0x25, 0xFB, 0x31, 0x04, 0x09, 0x14, 0x3A, 0x04, 0x12, 0x14, 0x20, 0x1C, 0x03, 0xF0, 0x6E, 0xFC
	.byte 0x29, 0x6C, 0xC9, 0x89, 0x02, 0x29, 0x67, 0xD1, 0x01, 0x4C, 0x28, 0xE0, 0x9E, 0x03, 0x00, 0x00
	.byte 0x9F, 0x03, 0x00, 0x00, 0x2A, 0x6C, 0x51, 0x89, 0x00, 0x29, 0x5D, 0xD1, 0xD1, 0x89, 0x05, 0x29
	.byte 0x0A, 0xD1, 0x08, 0x4C, 0x20, 0x1C, 0xAD, 0xF0, 0x09, 0xFB, 0x31, 0x04, 0x09, 0x14, 0x3A, 0x04
	.byte 0x12, 0x14, 0x20, 0x1C, 0x03, 0xF0, 0x52, 0xFC, 0x29, 0x6C, 0xC9, 0x89, 0x02, 0x29, 0x4B, 0xD1
	.byte 0x01, 0x4C, 0x0C, 0xE0, 0x9E, 0x03, 0x00, 0x00, 0x9F, 0x03, 0x00, 0x00, 0x2B, 0x6C, 0x59, 0x89
	.byte 0x01, 0x29, 0x41, 0xD1, 0xD9, 0x89, 0x00, 0x29, 0x3E, 0xD1, 0xAB, 0x24, 0x64, 0x00, 0x20, 0x1C
	.byte 0xAD, 0xF0, 0xEC, 0xFA, 0x31, 0x04, 0x09, 0x14, 0x3A, 0x04, 0x12, 0x14, 0x20, 0x1C, 0x03, 0xF0
	.byte 0x35, 0xFC, 0x31, 0xE0, 0x2B, 0x6C, 0x59, 0x89, 0x00, 0x29, 0x2D, 0xD1, 0xD9, 0x89, 0x03, 0x29
	.byte 0x2A, 0xD1, 0xC5, 0x20, 0xAD, 0xF0, 0xDA, 0xFA, 0x31, 0x04, 0x09, 0x14, 0x3A, 0x04, 0x12, 0x14
	.byte 0xC5, 0x20, 0x03, 0xF0, 0x23, 0xFC, 0x1F, 0xE0, 0x2B, 0x6C, 0x59, 0x89, 0x00, 0x29, 0x1B, 0xD1
	.byte 0xD9, 0x89, 0x01, 0x29, 0x18, 0xD1, 0x02, 0x48, 0xAD, 0xF0, 0xC8, 0xFA, 0x14, 0xE0, 0x00, 0x00
	.byte 0x57, 0x01, 0x00, 0x00, 0x2B, 0x6C, 0x59, 0x89, 0x01, 0x29, 0x0D, 0xD1, 0xD9, 0x89, 0x00, 0x29
	.byte 0x0A, 0xD1, 0x07, 0x4C, 0x20, 0x1C, 0xAD, 0xF0, 0xB9, 0xFA, 0x31, 0x04, 0x09, 0x14, 0x3A, 0x04
	.byte 0x12, 0x14, 0x20, 0x1C, 0x03, 0xF0, 0x02, 0xFC, 0xF0, 0xBC, 0x02, 0xBC, 0x08, 0x47, 0x00, 0x00
	.byte 0x27, 0x02, 0x00, 0x00
	thumb_func_start func_08072918
func_08072918: @ 08072918
	push {r4, r5, r6, r7, lr}
	adds r4, r0, #0x0
	lsls r1, r1, #0x18
	lsrs r3, r1, #0x18
	mov r12, r3
	lsls r2, r2, #0x18
	lsrs r7, r2, #0x18
	ldr r1, [r4, #0x2C]
	asrs r1, r1, #0x08
	ldr r0, _0807295C @ =0x02039DC8
	ldr r2, [r0, #0x00]
	ldr r0, [r2, #0x58]
	asrs r0, r0, #0x08
	subs r1, r1, r0
	lsls r1, r1, #0x10
	lsrs r6, r1, #0x10
	ldr r1, [r4, #0x30]
	asrs r1, r1, #0x08
	ldr r0, [r4, #0x34]
	asrs r0, r0, #0x08
	adds r1, r1, r0
	ldr r0, [r2, #0x5C]
	asrs r0, r0, #0x08
	subs r1, r1, r0
	lsls r1, r1, #0x10
	lsrs r5, r1, #0x10
	cmp r3, #0x01
	beq _08072980
	cmp r3, #0x01
	bgt _08072960
	cmp r3, #0x00
	beq _0807296C
	b _08072A58
	.byte 0x00, 0x00
_0807295C: .4byte 0x02039DC8
_08072960:
	mov r0, r12
	cmp r0, #0x02
	beq _0807298C
	cmp r0, #0x03
	beq _08072A24
	b _08072A58
_0807296C:
	cmp r7, #0x00
	beq _08072976
	movs r4, #0xE1
	lsls r4, r4, #0x02
	b _08072A2C
_08072976:
	ldr r4, _0807297C @ =0x00000385
	b _08072A2C
	.byte 0x00, 0x00
_0807297C: .4byte 0x00000385
_08072980:
	cmp r7, #0x00
	bne _08072A28
	ldr r4, _08072988 @ =0x00000389
	b _08072A2C
_08072988: .4byte 0x00000389
_0807298C:
	ldrh r3, [r4, #0x24]
	cmp r3, #0x4B
	bne _080729A0
	adds r0, r2, #0x0
	adds r0, #0x6C
	ldrh r1, [r0, #0x00]
	movs r0, #0xAF
	lsls r0, r0, #0x02
	cmp r1, r0
	bhi _080729AE
_080729A0:
	cmp r3, #0x36
	bne _08072A10
	adds r0, r2, #0x0
	adds r0, #0x6C
	ldrh r0, [r0, #0x00]
	cmp r0, #0x4F
	bhi _08072A10
_080729AE:
	cmp r7, #0x00
	beq _080729CC
	movs r4, #0xE2
	lsls r4, r4, #0x02
	adds r0, r4, #0x0
	bl func_0811FE70
	lsls r6, r6, #0x10
	asrs r1, r6, #0x10
	lsls r5, r5, #0x10
	asrs r2, r5, #0x10
	adds r0, r4, #0x0
	bl func_08076110
	b _080729E2
_080729CC:
	ldr r4, _080729F8 @ =0x00000389
	adds r0, r4, #0x0
	bl func_0811FE70
	lsls r6, r6, #0x10
	asrs r1, r6, #0x10
	lsls r5, r5, #0x10
	asrs r2, r5, #0x10
	adds r0, r4, #0x0
	bl func_08076110
_080729E2:
	cmp r7, #0x00
	beq _080729FC
	movs r4, #0xE2
	lsls r4, r4, #0x02
	adds r0, r4, #0x0
	bl func_0811FE70
	asrs r1, r6, #0x10
	asrs r2, r5, #0x10
	b _08072A3A
	.byte 0x00, 0x00
_080729F8: .4byte 0x00000389
_080729FC:
	ldr r4, _08072A0C @ =0x00000389
	adds r0, r4, #0x0
	bl func_0811FE70
	asrs r1, r6, #0x10
	asrs r2, r5, #0x10
	b _08072A3A
	.byte 0x00, 0x00
_08072A0C: .4byte 0x00000389
_08072A10:
	cmp r7, #0x00
	beq _08072A1A
	movs r4, #0xE3
	lsls r4, r4, #0x02
	b _08072A2C
_08072A1A:
	ldr r4, _08072A20 @ =0x0000038D
	b _08072A2C
	.byte 0x00, 0x00
_08072A20: .4byte 0x0000038D
_08072A24:
	cmp r7, #0x00
	beq _08072A42
_08072A28:
	movs r4, #0xE2
	lsls r4, r4, #0x02
_08072A2C:
	adds r0, r4, #0x0
	bl func_0811FE70
	lsls r1, r6, #0x10
	asrs r1, r1, #0x10
	lsls r2, r5, #0x10
	asrs r2, r2, #0x10
_08072A3A:
	adds r0, r4, #0x0
	bl func_08076110
	b _08072A58
_08072A42:
	ldr r4, _08072A60 @ =0x00000389
	adds r0, r4, #0x0
	bl func_0811FE70
	lsls r1, r6, #0x10
	asrs r1, r1, #0x10
	lsls r2, r5, #0x10
	asrs r2, r2, #0x10
	adds r0, r4, #0x0
	bl func_08076110
_08072A58:
	pop {r4, r5, r6, r7}
	pop {r0}
	bx r0
	.byte 0x00, 0x00
_08072A60: .4byte 0x00000389
	thumb_func_start func_08072A64
func_08072A64: @ 08072A64
	push {r4, r5, r6, r7, lr}
	adds r4, r0, #0x0
	lsls r1, r1, #0x18
	lsrs r3, r1, #0x18
	mov r12, r3
	lsls r2, r2, #0x18
	lsrs r7, r2, #0x18
	ldr r1, [r4, #0x2C]
	asrs r1, r1, #0x08
	ldr r0, _08072AA8 @ =0x02039DC8
	ldr r2, [r0, #0x00]
	ldr r0, [r2, #0x58]
	asrs r0, r0, #0x08
	subs r1, r1, r0
	lsls r1, r1, #0x10
	lsrs r5, r1, #0x10
	ldr r1, [r4, #0x30]
	asrs r1, r1, #0x08
	ldr r0, [r4, #0x34]
	asrs r0, r0, #0x08
	adds r1, r1, r0
	ldr r0, [r2, #0x5C]
	asrs r0, r0, #0x08
	subs r1, r1, r0
	lsls r1, r1, #0x10
	lsrs r6, r1, #0x10
	cmp r3, #0x01
	beq _08072ACC
	cmp r3, #0x01
	bgt _08072AAC
	cmp r3, #0x00
	beq _08072AB8
	b _08072B40
	.byte 0x00, 0x00
_08072AA8: .4byte 0x02039DC8
_08072AAC:
	mov r0, r12
	cmp r0, #0x02
	beq _08072AD8
	cmp r0, #0x03
	beq _08072B0C
	b _08072B40
_08072AB8:
	cmp r7, #0x00
	beq _08072AC2
	movs r4, #0xE5
	lsls r4, r4, #0x02
	b _08072B14
_08072AC2:
	ldr r4, _08072AC8 @ =0x00000395
	b _08072B14
	.byte 0x00, 0x00
_08072AC8: .4byte 0x00000395
_08072ACC:
	cmp r7, #0x00
	bne _08072B10
	ldr r4, _08072AD4 @ =0x00000391
	b _08072B14
_08072AD4: .4byte 0x00000391
_08072AD8:
	ldrh r0, [r4, #0x24]
	cmp r0, #0x4B
	bne _08072AF8
	adds r0, r2, #0x0
	adds r0, #0x6C
	ldrh r1, [r0, #0x00]
	movs r0, #0xAF
	lsls r0, r0, #0x02
	cmp r1, r0
	bls _08072AF8
	cmp r7, #0x00
	bne _08072B10
	ldr r4, _08072AF4 @ =0x00000391
	b _08072B14
_08072AF4: .4byte 0x00000391
_08072AF8:
	cmp r7, #0x00
	beq _08072B02
	movs r4, #0xE6
	lsls r4, r4, #0x02
	b _08072B14
_08072B02:
	ldr r4, _08072B08 @ =0x00000399
	b _08072B14
	.byte 0x00, 0x00
_08072B08: .4byte 0x00000399
_08072B0C:
	cmp r7, #0x00
	beq _08072B2A
_08072B10:
	movs r4, #0xE4
	lsls r4, r4, #0x02
_08072B14:
	adds r0, r4, #0x0
	bl func_0811FE70
	lsls r1, r5, #0x10
	asrs r1, r1, #0x10
	lsls r2, r6, #0x10
	asrs r2, r2, #0x10
	adds r0, r4, #0x0
	bl func_08076110
	b _08072B40
_08072B2A:
	ldr r4, _08072B48 @ =0x00000391
	adds r0, r4, #0x0
	bl func_0811FE70
	lsls r1, r5, #0x10
	asrs r1, r1, #0x10
	lsls r2, r6, #0x10
	asrs r2, r2, #0x10
	adds r0, r4, #0x0
	bl func_08076110
_08072B40:
	pop {r4, r5, r6, r7}
	pop {r0}
	bx r0
	.byte 0x00, 0x00
_08072B48: .4byte 0x00000391
	thumb_func_start func_08072B4C
func_08072B4C: @ 08072B4C
	push {r4, r5, r6, r7, lr}
	adds r4, r0, #0x0
	lsls r1, r1, #0x18
	lsrs r3, r1, #0x18
	mov r12, r3
	lsls r2, r2, #0x18
	lsrs r7, r2, #0x18
	ldr r1, [r4, #0x2C]
	asrs r1, r1, #0x08
	ldr r0, _08072B90 @ =0x02039DC8
	ldr r2, [r0, #0x00]
	ldr r0, [r2, #0x58]
	asrs r0, r0, #0x08
	subs r1, r1, r0
	lsls r1, r1, #0x10
	lsrs r5, r1, #0x10
	ldr r1, [r4, #0x30]
	asrs r1, r1, #0x08
	ldr r0, [r4, #0x34]
	asrs r0, r0, #0x08
	adds r1, r1, r0
	ldr r0, [r2, #0x5C]
	asrs r0, r0, #0x08
	subs r1, r1, r0
	lsls r1, r1, #0x10
	lsrs r6, r1, #0x10
	cmp r3, #0x01
	beq _08072BB4
	cmp r3, #0x01
	bgt _08072B94
	cmp r3, #0x00
	beq _08072BA0
	b _08072C2A
	.byte 0x00, 0x00
_08072B90: .4byte 0x02039DC8
_08072B94:
	mov r0, r12
	cmp r0, #0x02
	beq _08072BC0
	cmp r0, #0x03
	beq _08072BF4
	b _08072C2A
_08072BA0:
	cmp r7, #0x00
	beq _08072BAC
	ldr r4, _08072BA8 @ =0x00000396
	b _08072BFA
_08072BA8: .4byte 0x00000396
_08072BAC:
	ldr r4, _08072BB0 @ =0x00000397
	b _08072BFA
_08072BB0: .4byte 0x00000397
_08072BB4:
	cmp r7, #0x00
	bne _08072BF8
	ldr r4, _08072BBC @ =0x00000393
	b _08072BFA
_08072BBC: .4byte 0x00000393
_08072BC0:
	ldrh r0, [r4, #0x24]
	cmp r0, #0x4B
	bne _08072BE0
	adds r0, r2, #0x0
	adds r0, #0x6C
	ldrh r1, [r0, #0x00]
	movs r0, #0xAF
	lsls r0, r0, #0x02
	cmp r1, r0
	bls _08072BE0
	cmp r7, #0x00
	bne _08072BF8
	ldr r4, _08072BDC @ =0x00000393
	b _08072BFA
_08072BDC: .4byte 0x00000393
_08072BE0:
	cmp r7, #0x00
	beq _08072BEC
	ldr r4, _08072BE8 @ =0x0000039A
	b _08072BFA
_08072BE8: .4byte 0x0000039A
_08072BEC:
	ldr r4, _08072BF0 @ =0x0000039B
	b _08072BFA
_08072BF0: .4byte 0x0000039B
_08072BF4:
	cmp r7, #0x00
	beq _08072C14
_08072BF8:
	ldr r4, _08072C10 @ =0x00000392
_08072BFA:
	adds r0, r4, #0x0
	bl func_0811FE70
	lsls r1, r5, #0x10
	asrs r1, r1, #0x10
	lsls r2, r6, #0x10
	asrs r2, r2, #0x10
	adds r0, r4, #0x0
	bl func_08076110
	b _08072C2A
_08072C10: .4byte 0x00000392
_08072C14:
	ldr r4, _08072C30 @ =0x00000393
	adds r0, r4, #0x0
	bl func_0811FE70
	lsls r1, r5, #0x10
	asrs r1, r1, #0x10
	lsls r2, r6, #0x10
	asrs r2, r2, #0x10
	adds r0, r4, #0x0
	bl func_08076110
_08072C2A:
	pop {r4, r5, r6, r7}
	pop {r0}
	bx r0
_08072C30: .4byte 0x00000393
_08072C34:
	.byte 0x10, 0xB5, 0x04, 0x1C, 0x26, 0x30, 0x00, 0x78, 0x4A, 0x28, 0x00, 0xD9, 0xA6, 0xE0, 0x80, 0x00
	.byte 0x01, 0x49, 0x40, 0x18, 0x00, 0x68, 0x87, 0x46, 0x50, 0x2C, 0x07, 0x08, 0x90, 0x2D, 0x07, 0x08
	.byte 0x90, 0x2D, 0x07, 0x08, 0x90, 0x2D, 0x07, 0x08, 0x90, 0x2D, 0x07, 0x08, 0x90, 0x2D, 0x07, 0x08
	.byte 0x90, 0x2D, 0x07, 0x08, 0x7C, 0x2D, 0x07, 0x08, 0x90, 0x2D, 0x07, 0x08, 0x88, 0x2D, 0x07, 0x08
	.byte 0x90, 0x2D, 0x07, 0x08, 0x88, 0x2D, 0x07, 0x08, 0x90, 0x2D, 0x07, 0x08, 0x90, 0x2D, 0x07, 0x08
	.byte 0x90, 0x2D, 0x07, 0x08, 0x90, 0x2D, 0x07, 0x08, 0x90, 0x2D, 0x07, 0x08, 0x7C, 0x2D, 0x07, 0x08
	.byte 0x90, 0x2D, 0x07, 0x08, 0x90, 0x2D, 0x07, 0x08, 0x90, 0x2D, 0x07, 0x08, 0x7C, 0x2D, 0x07, 0x08
	.byte 0x7C, 0x2D, 0x07, 0x08, 0x7C, 0x2D, 0x07, 0x08, 0x90, 0x2D, 0x07, 0x08, 0x90, 0x2D, 0x07, 0x08
	.byte 0x90, 0x2D, 0x07, 0x08, 0x90, 0x2D, 0x07, 0x08, 0x90, 0x2D, 0x07, 0x08, 0x90, 0x2D, 0x07, 0x08
	.byte 0x90, 0x2D, 0x07, 0x08, 0x90, 0x2D, 0x07, 0x08, 0x90, 0x2D, 0x07, 0x08, 0x7C, 0x2D, 0x07, 0x08
	.byte 0x88, 0x2D, 0x07, 0x08, 0x90, 0x2D, 0x07, 0x08, 0x90, 0x2D, 0x07, 0x08, 0x90, 0x2D, 0x07, 0x08
	.byte 0x82, 0x2D, 0x07, 0x08, 0x88, 0x2D, 0x07, 0x08, 0x88, 0x2D, 0x07, 0x08, 0x90, 0x2D, 0x07, 0x08
	.byte 0x90, 0x2D, 0x07, 0x08, 0x90, 0x2D, 0x07, 0x08, 0x90, 0x2D, 0x07, 0x08, 0x90, 0x2D, 0x07, 0x08
	.byte 0x90, 0x2D, 0x07, 0x08, 0x90, 0x2D, 0x07, 0x08, 0x90, 0x2D, 0x07, 0x08, 0x90, 0x2D, 0x07, 0x08
	.byte 0x90, 0x2D, 0x07, 0x08, 0x90, 0x2D, 0x07, 0x08, 0x90, 0x2D, 0x07, 0x08, 0x90, 0x2D, 0x07, 0x08
	.byte 0x90, 0x2D, 0x07, 0x08, 0x90, 0x2D, 0x07, 0x08, 0x90, 0x2D, 0x07, 0x08, 0x90, 0x2D, 0x07, 0x08
	.byte 0x90, 0x2D, 0x07, 0x08, 0x90, 0x2D, 0x07, 0x08, 0x90, 0x2D, 0x07, 0x08, 0x90, 0x2D, 0x07, 0x08
	.byte 0x90, 0x2D, 0x07, 0x08, 0x90, 0x2D, 0x07, 0x08, 0x90, 0x2D, 0x07, 0x08, 0x90, 0x2D, 0x07, 0x08
	.byte 0x90, 0x2D, 0x07, 0x08, 0x90, 0x2D, 0x07, 0x08, 0x90, 0x2D, 0x07, 0x08, 0x90, 0x2D, 0x07, 0x08
	.byte 0x90, 0x2D, 0x07, 0x08, 0x88, 0x2D, 0x07, 0x08, 0x88, 0x2D, 0x07, 0x08, 0x88, 0x2D, 0x07, 0x08
	.byte 0x88, 0x2D, 0x07, 0x08, 0x88, 0x2D, 0x07, 0x08, 0xA1, 0x8F, 0x08, 0x20, 0x04, 0xE0, 0x20, 0x1C
	.byte 0x03, 0xF0, 0x6C, 0xF8, 0xA1, 0x8F, 0x10, 0x20, 0x08, 0x43, 0xA0, 0x87, 0x10, 0xBC, 0x01, 0xBC
	.byte 0x00, 0x47, 0x00, 0x00, 0x70, 0xB5, 0x81, 0xB0, 0x04, 0x1C, 0x09, 0x78, 0x28, 0x30, 0x01, 0x70
	.byte 0x00, 0x78, 0x0B, 0x28, 0x09, 0xD0, 0x0B, 0x28, 0x02, 0xDC, 0x03, 0x28, 0x09, 0xD0, 0x0C, 0xE0
	.byte 0x86, 0x28, 0x06, 0xD0, 0x9C, 0x28, 0x04, 0xD0, 0x07, 0xE0, 0x00, 0x20, 0xF1, 0xF7, 0xA0, 0xFF
	.byte 0x06, 0xE0, 0x00, 0x20, 0xF1, 0xF7, 0x34, 0xFF, 0x02, 0xE0, 0x00, 0x20, 0xF1, 0xF7, 0xD6, 0xFE
	.byte 0xA0, 0x83, 0x06, 0x4A, 0x21, 0x1C, 0x28, 0x31, 0x08, 0x78, 0x80, 0x00, 0x80, 0x18, 0x00, 0x68
	.byte 0x0E, 0x1C, 0x00, 0x28, 0x04, 0xD0, 0x10, 0x31, 0x00, 0x20, 0x04, 0xE0, 0xA0, 0x3C, 0xEE, 0x09
	.byte 0x21, 0x1C, 0x38, 0x31, 0x02, 0x20, 0x08, 0x70, 0x0D, 0x1C, 0x28, 0x78, 0x25, 0x49, 0xA0, 0x22
	.byte 0xD2, 0x00, 0x92, 0xF7, 0x57, 0xF9, 0x28, 0x78, 0x23, 0x49, 0x20, 0x22, 0x92, 0xF7, 0x64, 0xF9
	.byte 0x28, 0x78, 0x22, 0x49, 0x80, 0x22, 0x12, 0x01, 0x92, 0xF7, 0x76, 0xF9, 0x28, 0x78, 0x00, 0x21
	.byte 0x92, 0xF7, 0xD0, 0xFB, 0x1E, 0x49, 0x30, 0x78, 0x80, 0x00, 0x40, 0x18, 0x02, 0x68, 0x00, 0x21
	.byte 0x61, 0x61, 0xA1, 0x77, 0x20, 0x1C, 0x24, 0x30, 0x01, 0x70, 0x01, 0x30, 0x01, 0x70, 0x01, 0x30
	.byte 0x01, 0x70, 0x01, 0x30, 0x01, 0x70, 0x02, 0x30, 0x01, 0x70, 0x01, 0x30, 0x01, 0x70, 0xD0, 0x68
	.byte 0xE0, 0x63, 0x20, 0x1C, 0x2B, 0x30, 0x01, 0x70, 0xA1, 0x61, 0x21, 0x64, 0x11, 0x4A, 0x10, 0x68
	.byte 0x81, 0x30, 0x01, 0x70, 0x10, 0x68, 0x7D, 0x30, 0x01, 0x70, 0x10, 0x68, 0x8B, 0x30, 0x01, 0x70
	.byte 0x20, 0x1C, 0x02, 0x21, 0x8D, 0xF7, 0xF4, 0xFF, 0x21, 0x1C, 0x2C, 0x31, 0xE0, 0x6B, 0x02, 0x78
	.byte 0x03, 0x79, 0x00, 0x7A, 0x00, 0x90, 0x20, 0x1C, 0x00, 0xF0, 0xBE, 0xFF, 0x01, 0xB0, 0x70, 0xBC
	.byte 0x01, 0xBC, 0x00, 0x47, 0xB8, 0x33, 0x42, 0x09, 0xD8, 0x48, 0x61, 0x09, 0x24, 0x5E, 0x12, 0x08
	.byte 0xB4, 0x3F, 0xEE, 0x09, 0xC8, 0x9D, 0x03, 0x02, 0xF0, 0xB5, 0x4F, 0x46, 0x46, 0x46, 0xC0, 0xB4
	.byte 0x06, 0x1C, 0x89, 0x46, 0x29, 0x30, 0x00, 0x78, 0x00, 0x28, 0x0B, 0xD1, 0x04, 0x48, 0x00, 0x68
	.byte 0x80, 0x30, 0x00, 0x78, 0x00, 0x28, 0x08, 0xD1, 0x30, 0x1C, 0x00, 0xF0, 0x1B, 0xFB, 0x04, 0xE0
	.byte 0xC8, 0x9D, 0x03, 0x02, 0x30, 0x1C, 0x00, 0xF0, 0x0D, 0xFC, 0x30, 0x1C, 0x2A, 0x30, 0x00, 0x78
	.byte 0x00, 0x28, 0x00, 0xD1, 0x0F, 0xE1, 0x0A, 0x48, 0x80, 0x46, 0x00, 0x68, 0x31, 0x6A, 0x87, 0x30
	.byte 0x01, 0x70, 0x40, 0x46, 0x01, 0x68, 0x08, 0x1C, 0x7C, 0x30, 0x05, 0x78, 0x00, 0x2D, 0x55, 0xD0
	.byte 0x89, 0x31, 0x08, 0x78, 0x05, 0x1C, 0x00, 0x2D, 0x04, 0xD0, 0x01, 0x38, 0x08, 0x70, 0xFA, 0xE0
	.byte 0xC8, 0x9D, 0x03, 0x02, 0x30, 0x1C, 0x27, 0x30, 0x01, 0x78, 0x48, 0x00, 0x40, 0x18, 0xC0, 0x00
	.byte 0xF1, 0x6B, 0x0F, 0x18, 0x38, 0x68, 0x3E, 0x28, 0x00, 0xD0, 0xB9, 0xE0, 0x15, 0x4D, 0x34, 0x1C
	.byte 0x38, 0x34, 0x20, 0x78, 0x14, 0x49, 0xA0, 0x22, 0x52, 0x00, 0x92, 0xF7, 0xBB, 0xF8, 0x20, 0x78
	.byte 0x12, 0x49, 0x80, 0x22, 0x12, 0x01, 0x92, 0xF7, 0xDF, 0xF8, 0x11, 0x48, 0x29, 0x1C, 0x20, 0x22
	.byte 0x92, 0xF7, 0x48, 0xFE, 0xB9, 0x8A, 0x80, 0x20, 0x08, 0x40, 0x00, 0x28, 0x03, 0xD0, 0x0F, 0x20
	.byte 0x01, 0x21, 0x93, 0xF7, 0xC5, 0xF9, 0x41, 0x46, 0x08, 0x68, 0x81, 0x30, 0x01, 0x21, 0x01, 0x70
	.byte 0xB8, 0x68, 0x01, 0x28, 0x14, 0xD0, 0x01, 0x28, 0x0C, 0xD3, 0x02, 0x28, 0x0A, 0xD0, 0x03, 0x28
	.byte 0x0E, 0xD0, 0x60, 0xE0, 0xE0, 0x01, 0x00, 0x05, 0xF8, 0xE2, 0x50, 0x09, 0xB8, 0x12, 0x61, 0x09
	.byte 0xB8, 0x1A, 0x61, 0x09, 0x20, 0x78, 0x01, 0x49, 0x4A, 0xE0, 0x00, 0x00, 0xD8, 0xFF, 0x00, 0x00
	.byte 0x20, 0x78, 0x01, 0x49, 0x4C, 0xE0, 0x00, 0x00, 0xD8, 0xFF, 0x00, 0x00, 0x30, 0x1C, 0x27, 0x30
	.byte 0x01, 0x78, 0x48, 0x00, 0x40, 0x18, 0xC0, 0x00, 0xF1, 0x6B, 0x0F, 0x18, 0x38, 0x68, 0x3E, 0x28
	.byte 0x6E, 0xD1, 0x16, 0x4D, 0x34, 0x1C, 0x38, 0x34, 0x20, 0x78, 0x15, 0x49, 0xA0, 0x22, 0x52, 0x00
	.byte 0x92, 0xF7, 0x70, 0xF8, 0x20, 0x78, 0x13, 0x49, 0x80, 0x22, 0x12, 0x01, 0x92, 0xF7, 0x94, 0xF8
	.byte 0x11, 0x48, 0x29, 0x1C, 0x20, 0x22, 0x92, 0xF7, 0xFD, 0xFD, 0xB9, 0x8A, 0x80, 0x20, 0x08, 0x40
	.byte 0x00, 0x28, 0x03, 0xD0, 0x0F, 0x20, 0x01, 0x21, 0x93, 0xF7, 0x7A, 0xF9, 0x41, 0x46, 0x08, 0x68
	.byte 0x81, 0x30, 0x01, 0x21, 0x01, 0x70, 0xB8, 0x68, 0x01, 0x28, 0x17, 0xD0, 0x01, 0x28, 0x0D, 0xD3
	.byte 0x02, 0x28, 0x0B, 0xD0, 0x03, 0x28, 0x11, 0xD0, 0x15, 0xE0, 0x00, 0x00, 0xE0, 0x01, 0x00, 0x05
	.byte 0xF8, 0xE2, 0x50, 0x09, 0xB8, 0x12, 0x61, 0x09, 0xB8, 0x1A, 0x61, 0x09, 0x20, 0x78, 0x02, 0x49
	.byte 0x00, 0x22, 0x92, 0xF7, 0x59, 0xFA, 0x06, 0xE0, 0xE8, 0xFF, 0x00, 0x00, 0x20, 0x78, 0x13, 0x49
	.byte 0x13, 0x4A, 0x92, 0xF7, 0x51, 0xFA, 0x70, 0x69, 0x00, 0x28, 0x11, 0xD1, 0x11, 0x48, 0x20, 0x21
	.byte 0x8F, 0xF7, 0xDE, 0xFC, 0x02, 0x1C, 0x72, 0x61, 0xB9, 0x8A, 0x80, 0x20, 0x08, 0x40, 0x00, 0x28
	.byte 0x06, 0xD0, 0xD0, 0x88, 0x10, 0x30, 0x00, 0x04, 0x00, 0x0C, 0x01, 0x21, 0x93, 0xF7, 0x40, 0xF9
	.byte 0x30, 0x1C, 0x2C, 0x30, 0x00, 0xF0, 0xF8, 0xFE, 0x07, 0x49, 0x48, 0x46, 0x8D, 0xF7, 0x84, 0xFF
	.byte 0x06, 0x48, 0x00, 0x68, 0x8B, 0x30, 0x01, 0x21, 0x01, 0x70, 0x3C, 0xE0, 0xE8, 0xFF, 0x00, 0x00
	.byte 0xA0, 0xFF, 0x00, 0x00, 0x18, 0x47, 0x61, 0x09, 0x95, 0x32, 0x07, 0x08, 0xC8, 0x9D, 0x03, 0x02
	.byte 0x34, 0x1C, 0x38, 0x34, 0x20, 0x78, 0x21, 0x49, 0xA0, 0x22, 0xD2, 0x00, 0x92, 0xF7, 0x02, 0xF8
	.byte 0x20, 0x78, 0x1F, 0x49, 0x20, 0x22, 0x92, 0xF7, 0x0F, 0xF8, 0x20, 0x78, 0x1D, 0x4A, 0x31, 0x6A
	.byte 0x89, 0x00, 0x89, 0x18, 0x09, 0x68, 0x02, 0x22, 0x01, 0x23, 0x92, 0xF7, 0x4D, 0xF8, 0x20, 0x78
	.byte 0x31, 0x8B, 0x00, 0x22, 0x92, 0xF7, 0x74, 0xF8, 0x17, 0x49, 0x48, 0x46, 0x8D, 0xF7, 0x54, 0xFF
	.byte 0x30, 0x1C, 0x2C, 0x30, 0x00, 0xF0, 0xC0, 0xFE, 0x41, 0x46, 0x08, 0x68, 0x81, 0x30, 0x01, 0x21
	.byte 0x01, 0x70, 0x70, 0x69, 0x00, 0x28, 0x02, 0xD0, 0x8F, 0xF7, 0x88, 0xFD, 0x75, 0x61, 0x41, 0x46
	.byte 0x08, 0x68, 0x8B, 0x30, 0x05, 0x70, 0x0D, 0x48, 0x00, 0x68, 0x82, 0x30, 0x00, 0x78, 0x01, 0x28
	.byte 0x16, 0xD1, 0xB0, 0x8B, 0x10, 0x30, 0x00, 0x04, 0x00, 0x0C, 0x00, 0x21, 0x93, 0xF7, 0xE8, 0xF8
	.byte 0x0E, 0x20, 0x00, 0x21, 0x93, 0xF7, 0xE4, 0xF8, 0x15, 0xE0, 0x00, 0x00, 0xB8, 0x33, 0x42, 0x09
	.byte 0xD8, 0x48, 0x61, 0x09, 0x24, 0x47, 0xEE, 0x09, 0x95, 0x32, 0x07, 0x08, 0xC8, 0x9D, 0x03, 0x02
	.byte 0xB0, 0x8B, 0x10, 0x30, 0x00, 0x04, 0x00, 0x0C, 0x01, 0x21, 0x93, 0xF7, 0xD1, 0xF8, 0x0E, 0x20
	.byte 0x01, 0x21, 0x93, 0xF7, 0xCD, 0xF8, 0x30, 0x1C, 0x8D, 0xF7, 0xA2, 0xFE, 0x01, 0x20, 0x18, 0xBC
	.byte 0x98, 0x46, 0xA1, 0x46, 0xF0, 0xBC, 0x02, 0xBC, 0x08, 0x47, 0x00, 0x00, 0x70, 0xB5, 0x04, 0x1C
	.byte 0x0E, 0x1C, 0x29, 0x30, 0x00, 0x78, 0x00, 0x28, 0x0C, 0xD1, 0x05, 0x48, 0x00, 0x68, 0x80, 0x30
	.byte 0x00, 0x78, 0x00, 0x28, 0x09, 0xD1, 0x20, 0x1C, 0x00, 0xF0, 0xBC, 0xF9, 0x05, 0xE0, 0x00, 0x00
	.byte 0xC8, 0x9D, 0x03, 0x02, 0x20, 0x1C, 0x00, 0xF0, 0xAD, 0xFA, 0x20, 0x1C, 0x2A, 0x30, 0x00, 0x78
	.byte 0x00, 0x28, 0x1F, 0xD0, 0x08, 0x4D, 0x28, 0x68, 0x21, 0x6A, 0x87, 0x30, 0x01, 0x70, 0x29, 0x68
	.byte 0x08, 0x1C, 0x7C, 0x30, 0x00, 0x78, 0x00, 0x28, 0x08, 0xD0, 0x89, 0x31, 0x08, 0x78, 0x00, 0x28
	.byte 0x04, 0xD0, 0x01, 0x38, 0x08, 0x70, 0x0D, 0xE0, 0xC8, 0x9D, 0x03, 0x02, 0x0E, 0x49, 0x30, 0x1C
	.byte 0x8D, 0xF7, 0xDA, 0xFE, 0x20, 0x1C, 0x2C, 0x30, 0x00, 0xF0, 0x46, 0xFE, 0x28, 0x68, 0x81, 0x30
	.byte 0x01, 0x21, 0x01, 0x70, 0x09, 0x48, 0x00, 0x68, 0x82, 0x30, 0x00, 0x78, 0x01, 0x28, 0x0F, 0xD1
	.byte 0xA0, 0x8B, 0x10, 0x30, 0x00, 0x04, 0x00, 0x0C, 0x00, 0x21, 0x93, 0xF7, 0x79, 0xF8, 0x0E, 0x20
	.byte 0x00, 0x21, 0x93, 0xF7, 0x75, 0xF8, 0x0E, 0xE0, 0x95, 0x32, 0x07, 0x08, 0xC8, 0x9D, 0x03, 0x02
	.byte 0xA0, 0x8B, 0x10, 0x30, 0x00, 0x04, 0x00, 0x0C, 0x01, 0x21, 0x93, 0xF7, 0x69, 0xF8, 0x0E, 0x20
	.byte 0x01, 0x21, 0x93, 0xF7, 0x65, 0xF8, 0x20, 0x1C, 0x8D, 0xF7, 0x3A, 0xFE, 0x01, 0x20, 0x70, 0xBC
	.byte 0x02, 0xBC, 0x08, 0x47, 0x10, 0xB5, 0x04, 0x1C, 0x27, 0x30, 0x00, 0x78, 0x41, 0x00, 0x09, 0x18
	.byte 0xC9, 0x00, 0xE0, 0x6B, 0x40, 0x18, 0x00, 0x68, 0x3E, 0x28, 0x05, 0xD0, 0x20, 0x1C, 0x24, 0x30
	.byte 0x00, 0x78, 0xF2, 0xF7, 0x2F, 0xFB, 0x05, 0xE0, 0x20, 0x1C, 0x24, 0x30, 0x00, 0x78, 0x61, 0x69
	.byte 0xF9, 0xF7, 0x9C, 0xF8, 0x20, 0x1C, 0x8D, 0xF7, 0x39, 0xFE, 0x10, 0xBC, 0x01, 0xBC, 0x00, 0x47
	.byte 0x10, 0xB5, 0x04, 0x1C, 0x60, 0x69, 0x00, 0x28, 0x01, 0xD0, 0x8F, 0xF7, 0xC7, 0xFC, 0xF2, 0xF7
	.byte 0x5D, 0xFB, 0x20, 0x1C, 0x8D, 0xF7, 0x40, 0xFE, 0x10, 0xBC, 0x01, 0xBC, 0x00, 0x47, 0x00, 0x00
	.byte 0x70, 0xB5, 0x04, 0x1C, 0x0E, 0x1C, 0x27, 0x30, 0x01, 0x78, 0x48, 0x00, 0x40, 0x18, 0xC0, 0x00
	.byte 0xE1, 0x6B, 0x0D, 0x18, 0x20, 0x1C, 0x18, 0x30, 0x0C, 0x4A, 0x21, 0x6A, 0x49, 0x00, 0x89, 0x18
	.byte 0x09, 0x88, 0xA2, 0x7F, 0x92, 0xF7, 0x20, 0xFB, 0x28, 0x68, 0x3E, 0x28, 0x06, 0xD0, 0x20, 0x1C
	.byte 0x38, 0x30, 0x00, 0x78, 0x21, 0x8B, 0x00, 0x22, 0x91, 0xF7, 0xBA, 0xFF, 0xA0, 0x7F, 0x01, 0x1C
	.byte 0x00, 0x29, 0x05, 0xD0, 0x01, 0x38, 0xA0, 0x77, 0x11, 0xE0, 0x00, 0x00, 0xA0, 0x3C, 0x03, 0x09
	.byte 0xA1, 0x77, 0xA9, 0x8A, 0x0F, 0x20, 0x08, 0x40, 0x00, 0x28, 0x04, 0xD1, 0x07, 0x48, 0x00, 0x68
	.byte 0x7B, 0x30, 0x01, 0x21, 0x01, 0x70, 0x06, 0x49, 0x30, 0x1C, 0x8D, 0xF7, 0x45, 0xFE, 0x20, 0x1C
	.byte 0x8D, 0xF7, 0xCE, 0xFD, 0x01, 0x20, 0x70, 0xBC, 0x02, 0xBC, 0x08, 0x47, 0xC8, 0x9D, 0x03, 0x02
	.byte 0x19, 0x33, 0x07, 0x08, 0xF0, 0xB5, 0x57, 0x46, 0x4E, 0x46, 0x45, 0x46, 0xE0, 0xB4, 0x04, 0x1C
	.byte 0x0F, 0x1C, 0x27, 0x30, 0x01, 0x78, 0x48, 0x00, 0x40, 0x18, 0xC0, 0x00, 0xE1, 0x6B, 0x09, 0x18
	.byte 0x89, 0x46, 0x20, 0x1C, 0x00, 0xF0, 0x70, 0xF9, 0x49, 0x46, 0x08, 0x68, 0x3E, 0x28, 0x05, 0xD1
	.byte 0x20, 0x1C, 0x26, 0x30, 0x01, 0x78, 0x02, 0x38, 0x01, 0x70, 0x0E, 0xE0, 0x8E, 0xF7, 0x1E, 0xF8
	.byte 0x01, 0x21, 0x01, 0x40, 0x00, 0x29, 0x08, 0xD0, 0x22, 0x1C, 0x24, 0x32, 0x20, 0x1C, 0x26, 0x30
	.byte 0x01, 0x78, 0x10, 0x78, 0x88, 0x42, 0x00, 0xD2, 0x11, 0x70, 0x20, 0x1C, 0x2B, 0x30, 0x06, 0x78
	.byte 0x82, 0x46, 0x01, 0x2E, 0x5A, 0xD1, 0x0A, 0x48, 0x80, 0x46, 0x00, 0x68, 0x7D, 0x30, 0x01, 0x78
	.byte 0x00, 0x29, 0x53, 0xD1, 0x25, 0x6C, 0x00, 0x2D, 0x0E, 0xD0, 0xA1, 0x77, 0x20, 0x1C, 0x29, 0x30
	.byte 0x01, 0x70, 0x01, 0x30, 0x06, 0x70, 0x0A, 0x30, 0x06, 0x70, 0x02, 0x49, 0x2C, 0xE0, 0x00, 0x00
	.byte 0xC8, 0x9D, 0x03, 0x02, 0x71, 0x31, 0x07, 0x08, 0xF2, 0xF7, 0xF2, 0xFA, 0x48, 0x46, 0x81, 0x8A
	.byte 0x80, 0x20, 0x00, 0x02, 0x08, 0x40, 0x00, 0x28, 0x24, 0xD1, 0x23, 0x1C, 0x27, 0x33, 0x19, 0x78
	.byte 0xE2, 0x6B, 0x48, 0x00, 0x40, 0x18, 0xC0, 0x00, 0x80, 0x18, 0x00, 0x6A, 0x04, 0x28, 0x19, 0xD1
	.byte 0xA5, 0x77, 0x20, 0x1C, 0x29, 0x30, 0x05, 0x70, 0x01, 0x30, 0x05, 0x70, 0x18, 0x78, 0x01, 0x30
	.byte 0x18, 0x70, 0x40, 0x46, 0x02, 0x68, 0x50, 0x6E, 0x02, 0x21, 0x49, 0x42, 0x08, 0x40, 0x50, 0x66
	.byte 0x20, 0x1C, 0x34, 0x30, 0x06, 0x70, 0x02, 0x49, 0x38, 0x1C, 0x8D, 0xF7, 0xC5, 0xFD, 0x12, 0xE0
	.byte 0xAD, 0x2E, 0x07, 0x08, 0x08, 0x20, 0xA0, 0x77, 0x20, 0x1C, 0x2C, 0x30, 0x00, 0xF0, 0x30, 0xFD
	.byte 0x0C, 0x49, 0x38, 0x1C, 0x8D, 0xF7, 0xB8, 0xFD, 0x41, 0x46, 0x08, 0x68, 0x81, 0x30, 0x05, 0x70
	.byte 0x20, 0x1C, 0x34, 0x30, 0x05, 0x70, 0x00, 0x20, 0x51, 0x46, 0x08, 0x70, 0x20, 0x1C, 0x8D, 0xF7
	.byte 0x37, 0xFD, 0x01, 0x20, 0x38, 0xBC, 0x98, 0x46, 0xA1, 0x46, 0xAA, 0x46, 0xF0, 0xBC, 0x02, 0xBC
	.byte 0x08, 0x47, 0x00, 0x00, 0x4D, 0x34, 0x07, 0x08, 0xF0, 0xB5, 0x04, 0x1C, 0x0F, 0x1C, 0x27, 0x30
	.byte 0x01, 0x78, 0x48, 0x00, 0x40, 0x18, 0xC0, 0x00, 0xE1, 0x6B, 0x0E, 0x18, 0x20, 0x1C, 0x18, 0x30
	.byte 0x09, 0x4A, 0x21, 0x6A, 0x49, 0x00, 0x89, 0x18, 0x09, 0x88, 0xA2, 0x7F, 0x92, 0xF7, 0x44, 0xFA
	.byte 0x30, 0x68, 0x3E, 0x28, 0x0A, 0xD0, 0x20, 0x1C, 0x38, 0x30, 0x00, 0x78, 0x21, 0x8B, 0x00, 0x22
	.byte 0x91, 0xF7, 0xDE, 0xFE, 0x07, 0xE0, 0x00, 0x00, 0x98, 0x3C, 0x03, 0x09, 0x20, 0x1C, 0x38, 0x30
	.byte 0x00, 0x78, 0x91, 0xF7, 0xC1, 0xFD, 0xA0, 0x7F, 0x02, 0x1C, 0x00, 0x2A, 0x02, 0xD0, 0x01, 0x38
	.byte 0xA0, 0x77, 0x23, 0xE0, 0xA2, 0x77, 0x15, 0x4D, 0x2B, 0x68, 0x59, 0x6E, 0x04, 0x20, 0x08, 0x40
	.byte 0x00, 0x28, 0x03, 0xD1, 0x02, 0x20, 0x40, 0x42, 0x01, 0x40, 0x59, 0x66, 0x28, 0x68, 0x7C, 0x30
	.byte 0x02, 0x70, 0xB1, 0x8A, 0x80, 0x20, 0x00, 0x02, 0x08, 0x40, 0x00, 0x04, 0x00, 0x0C, 0x00, 0x28
	.byte 0x0C, 0xD1, 0x21, 0x1C, 0x2A, 0x31, 0x08, 0x70, 0x01, 0x39, 0x08, 0x70, 0x02, 0x39, 0x08, 0x78
	.byte 0x01, 0x30, 0x08, 0x70, 0x06, 0x49, 0x38, 0x1C, 0x8D, 0xF7, 0x4E, 0xFD, 0x20, 0x1C, 0x8D, 0xF7
	.byte 0xD7, 0xFC, 0x01, 0x20, 0xF0, 0xBC, 0x02, 0xBC, 0x08, 0x47, 0x00, 0x00, 0xC8, 0x9D, 0x03, 0x02
	.byte 0xAD, 0x2E, 0x07, 0x08
	thumb_func_start func_08073508
func_08073508: @ 08073508
	push {r4, r5, r6, lr}
	adds r4, r0, #0x0
	adds r0, #0x27
	ldrb r0, [r0, #0x00]
	lsls r1, r0, #0x01
	adds r1, r1, r0
	lsls r1, r1, #0x03
	ldr r0, [r4, #0x3C]
	adds r5, r0, r1
	ldr r1, [r5, #0x08]
	cmp r1, #0x04
	beq _0807352C
	str r1, [r4, #0x20]
	ldr r0, _08073544 @ =0x09033C98
	lsls r1, r1, #0x01
	adds r1, r1, r0
	ldrh r0, [r1, #0x00]
	str r0, [r4, #0x18]
_0807352C:
	ldrh r1, [r5, #0x14]
	movs r0, #0x20
	ands r0, r1
	lsls r0, r0, #0x10
	lsrs r0, r0, #0x10
	cmp r0, #0x00
	beq _08073548
	adds r1, r4, #0x0
	adds r1, #0x2F
	movs r0, #0x01
	b _0807354C
	.byte 0x00, 0x00
_08073544: .4byte 0x09033C98
_08073548:
	adds r1, r4, #0x0
	adds r1, #0x2F
_0807354C:
	strb r0, [r1, #0x00]
	adds r0, r4, #0x0
	adds r0, #0x2C
	ldrb r1, [r5, #0x00]
	ldrb r2, [r5, #0x04]
	ldr r3, [r4, #0x20]
	lsls r3, r3, #0x18
	lsrs r3, r3, #0x18
	bl func_08073E34
	ldr r0, [r5, #0x00]
	cmp r0, #0x3E
	bne _080735A0
	ldr r6, [r4, #0x40]
	cmp r6, #0x00
	beq _08073590
	movs r0, #0xB8
	lsls r0, r0, #0x06
	ldr r2, _08073588 @ =0x09033CB8
	ldr r1, [r4, #0x20]
	lsls r1, r1, #0x02
	adds r1, r1, r2
	ldr r1, [r1, #0x00]
	ldr r2, _0807358C @ =0xFFFFFE00
	adds r1, r1, r2
	adds r3, r4, #0x0
	adds r3, #0x40
	adds r2, r6, #0x0
	b _080735EA
	.byte 0x00, 0x00
_08073588: .4byte 0x09033CB8
_0807358C: .4byte 0xFFFFFE00
_08073590:
	movs r0, #0xB8
	lsls r0, r0, #0x06
	ldr r2, _0807359C @ =0x09033CB8
	ldr r1, [r4, #0x20]
	lsls r1, r1, #0x02
	b _080735DC
_0807359C: .4byte 0x09033CB8
_080735A0:
	ldr r6, [r4, #0x40]
	cmp r6, #0x00
	beq _080735D0
	ldr r0, _080735C4 @ =0x09033CA8
	ldr r1, [r4, #0x20]
	lsls r1, r1, #0x02
	adds r0, r1, r0
	ldr r0, [r0, #0x00]
	ldr r2, _080735C8 @ =0x09033CB8
	adds r1, r1, r2
	ldr r1, [r1, #0x00]
	ldr r2, _080735CC @ =0xFFFFFE00
	adds r1, r1, r2
	adds r3, r4, #0x0
	adds r3, #0x40
	adds r2, r6, #0x0
	b _080735EA
	.byte 0x00, 0x00
_080735C4: .4byte 0x09033CA8
_080735C8: .4byte 0x09033CB8
_080735CC: .4byte 0xFFFFFE00
_080735D0:
	ldr r0, _08073610 @ =0x09033CA8
	ldr r1, [r4, #0x20]
	lsls r1, r1, #0x02
	adds r0, r1, r0
	ldr r0, [r0, #0x00]
	ldr r2, _08073614 @ =0x09033CB8
_080735DC:
	adds r1, r1, r2
	ldr r1, [r1, #0x00]
	ldr r2, _08073618 @ =0xFFFFFE00
	adds r1, r1, r2
	ldr r2, [r5, #0x10]
	adds r3, r4, #0x0
	adds r3, #0x40
_080735EA:
	bl func_08064EF4
	adds r1, r4, #0x0
	adds r1, #0x26
	strb r0, [r1, #0x00]
	adds r0, r4, #0x0
	adds r0, #0x25
	movs r1, #0x00
	strb r1, [r0, #0x00]
	subs r0, #0x01
	strb r1, [r0, #0x00]
	adds r1, r4, #0x0
	adds r1, #0x29
	movs r0, #0x01
	strb r0, [r1, #0x00]
	pop {r4, r5, r6}
	pop {r0}
	bx r0
	.byte 0x00, 0x00
_08073610: .4byte 0x09033CA8
_08073614: .4byte 0x09033CB8
_08073618: .4byte 0xFFFFFE00
	.byte 0xF0, 0xB5, 0x81, 0xB0, 0x04, 0x1C, 0x23, 0x1C, 0x27, 0x33, 0x18, 0x78, 0x41, 0x00, 0x09, 0x18
	.byte 0xC9, 0x00, 0xE0, 0x6B, 0x40, 0x18, 0x22, 0x1C, 0x25, 0x32, 0x11, 0x78, 0x00, 0x7B, 0x81, 0x42
	.byte 0x56, 0xD3, 0x01, 0x3A, 0x21, 0x1C, 0x26, 0x31, 0x10, 0x78, 0x09, 0x78, 0x88, 0x42, 0x05, 0xD2
	.byte 0x01, 0x30, 0x10, 0x70, 0x74, 0x20, 0xAC, 0xF0, 0x0D, 0xFC, 0x42, 0xE0, 0x0E, 0x48, 0x00, 0x68
	.byte 0x7B, 0x30, 0x00, 0x21, 0x01, 0x70, 0x20, 0x1C, 0x2B, 0x30, 0x06, 0x78, 0x07, 0x1C, 0x00, 0x2E
	.byte 0x37, 0xD1, 0x18, 0x78, 0xE3, 0x6B, 0x41, 0x00, 0x09, 0x18, 0xCA, 0x00, 0xD5, 0x18, 0xA9, 0x8A
	.byte 0x80, 0x20, 0x00, 0x02, 0x08, 0x40, 0x00, 0x28, 0x14, 0xD1, 0x40, 0x20, 0x08, 0x40, 0x00, 0x28
	.byte 0x06, 0xD1, 0x02, 0x49, 0x2A, 0x1C, 0x05, 0xE0, 0xC8, 0x9D, 0x03, 0x02, 0x64, 0x47, 0xEE, 0x09
	.byte 0x03, 0x49, 0xD2, 0x18, 0x20, 0x32, 0x20, 0x1C, 0x8D, 0xF7, 0xB6, 0xFB, 0x17, 0xE0, 0x00, 0x00
	.byte 0x7C, 0x47, 0xEE, 0x09, 0x68, 0x46, 0x06, 0x70, 0xA9, 0x8A, 0x40, 0x20, 0x08, 0x40, 0x00, 0x28
	.byte 0x08, 0xD1, 0x03, 0x49, 0x20, 0x1C, 0x6A, 0x46, 0x8D, 0xF7, 0xA6, 0xFB, 0x07, 0xE0, 0x00, 0x00
	.byte 0x64, 0x47, 0xEE, 0x09, 0x05, 0x49, 0x20, 0x1C, 0x6A, 0x46, 0x8D, 0xF7, 0x9D, 0xFB, 0x01, 0x20
	.byte 0x38, 0x70, 0x21, 0x1C, 0x25, 0x31, 0x00, 0x20, 0x08, 0x70, 0x03, 0xE0, 0x7C, 0x47, 0xEE, 0x09
	.byte 0x48, 0x1C, 0x10, 0x70, 0x01, 0xB0, 0xF0, 0xBC, 0x01, 0xBC, 0x00, 0x47
	thumb_func_start func_080736F8
func_080736F8: @ 080736F8
	push {r4, r5, r6, lr}
	adds r3, r0, #0x0
	adds r0, #0x27
	ldrb r1, [r0, #0x00]
	lsls r0, r1, #0x01
	adds r0, r0, r1
	lsls r0, r0, #0x03
	ldr r1, [r3, #0x3C]
	adds r5, r1, r0
	ldr r6, _08073758 @ =0x02039DC8
	ldr r2, [r6, #0x00]
	adds r0, r2, #0x0
	adds r0, #0x6C
	ldrh r0, [r0, #0x00]
	ldrh r1, [r5, #0x16]
	cmp r0, r1
	bcc _08073762
	adds r1, r3, #0x0
	adds r1, #0x2A
	ldrb r0, [r1, #0x00]
	cmp r0, #0x00
	bne _08073762
	ldr r0, [r2, #0x64]
	movs r4, #0x01
	orrs r0, r4
	str r0, [r2, #0x64]
	strb r4, [r1, #0x00]
	movs r0, #0x08
	strb r0, [r3, #0x1E]
	ldrh r1, [r5, #0x14]
	movs r0, #0x10
	ands r0, r1
	lsls r0, r0, #0x10
	lsrs r1, r0, #0x10
	cmp r1, #0x00
	beq _0807375C
	adds r0, r2, #0x0
	adds r0, #0x7C
	strb r4, [r0, #0x00]
	ldr r0, [r6, #0x00]
	ldr r1, [r5, #0x00]
	adds r0, #0x88
	strb r1, [r0, #0x00]
	ldr r0, [r6, #0x00]
	adds r0, #0x89
	movs r1, #0x20
	b _08073760
	.byte 0x00, 0x00
_08073758: .4byte 0x02039DC8
_0807375C:
	adds r0, r2, #0x0
	adds r0, #0x7C
_08073760:
	strb r1, [r0, #0x00]
_08073762:
	pop {r4, r5, r6}
	pop {r0}
	bx r0
	.byte 0x70, 0xB5, 0x05, 0x1C, 0x0C, 0x1C, 0x96, 0x20, 0x40, 0x01, 0x00, 0x21, 0x8F, 0xF7, 0xC0, 0xF8
	.byte 0x28, 0x60, 0x20, 0x20, 0x90, 0xF7, 0xF8, 0xF8, 0x68, 0x60, 0xAC, 0x63, 0x28, 0x1C, 0x30, 0x30
	.byte 0x00, 0x22, 0x02, 0x70, 0x0F, 0x49, 0xA8, 0x6B, 0x40, 0x68, 0x80, 0x00, 0x41, 0x18, 0x09, 0x68
	.byte 0x69, 0x62, 0x0D, 0x49, 0x40, 0x18, 0x00, 0x68, 0xA8, 0x62, 0x80, 0x20, 0x40, 0x00, 0xE8, 0x62
	.byte 0x28, 0x1C, 0x31, 0x30, 0x02, 0x70, 0x01, 0x30, 0x02, 0x70, 0x29, 0x1C, 0x34, 0x31, 0x01, 0x20
	.byte 0x08, 0x70, 0xAA, 0x6B, 0x10, 0x78, 0x3E, 0x28, 0x0A, 0xD0, 0x04, 0x49, 0x80, 0x00, 0x40, 0x18
	.byte 0x07, 0xE0, 0x00, 0x00, 0xD0, 0x3C, 0x03, 0x09, 0xF0, 0x3C, 0x03, 0x09, 0xDC, 0x45, 0xEE, 0x09
	.byte 0x04, 0x48, 0x06, 0x68, 0xA8, 0x6B, 0x40, 0x68, 0x01, 0x28, 0x05, 0xD8, 0x29, 0x1C, 0x33, 0x31
	.byte 0x01, 0x20, 0x06, 0xE0, 0xDC, 0x45, 0xEE, 0x09, 0x03, 0x28, 0x03, 0xD8, 0x29, 0x1C, 0x33, 0x31
	.byte 0x00, 0x20, 0x08, 0x70, 0xA9, 0x6B, 0x08, 0x78, 0x3E, 0x28, 0x27, 0xD0, 0x28, 0x68, 0x4A, 0x78
	.byte 0x91, 0x00, 0x89, 0x18, 0x89, 0x00, 0x89, 0x19, 0x09, 0x68, 0x8F, 0xF7, 0xFD, 0xF8, 0x68, 0x68
	.byte 0xA9, 0x6B, 0x4A, 0x78, 0x91, 0x00, 0x89, 0x18, 0x89, 0x00, 0x89, 0x19, 0x49, 0x68, 0x90, 0xF7
	.byte 0x23, 0xF9, 0x2C, 0x1C, 0x0C, 0x34, 0xA8, 0x6B, 0x41, 0x78, 0x88, 0x00, 0x40, 0x18, 0x80, 0x00
	.byte 0x80, 0x19, 0xC1, 0x68, 0x82, 0x68, 0x20, 0x1C, 0x92, 0xF7, 0x92, 0xF8, 0xA8, 0x6B, 0x41, 0x78
	.byte 0x88, 0x00, 0x40, 0x18, 0x80, 0x00, 0x80, 0x19, 0x42, 0x7C, 0x0F, 0xE0, 0x28, 0x68, 0x31, 0x68
	.byte 0x8F, 0xF7, 0xDA, 0xF8, 0x68, 0x68, 0x71, 0x68, 0x90, 0xF7, 0x06, 0xF9, 0x2C, 0x1C, 0x0C, 0x34
	.byte 0xF1, 0x68, 0xB2, 0x68, 0x20, 0x1C, 0x92, 0xF7, 0x7B, 0xF8, 0x72, 0x7C, 0x20, 0x1C, 0x00, 0x21
	.byte 0x92, 0xF7, 0x94, 0xF8, 0x20, 0x1C, 0x92, 0xF7, 0x3D, 0xF9, 0xA8, 0x60, 0x70, 0xBC, 0x01, 0xBC
	.byte 0x00, 0x47, 0x00, 0x00, 0xF0, 0xB5, 0x81, 0xB0, 0x04, 0x1C, 0x0D, 0x1C, 0x00, 0x27, 0xA2, 0x6B
	.byte 0x10, 0x78, 0x3E, 0x28, 0x0A, 0xD0, 0x04, 0x49, 0x80, 0x00, 0x40, 0x18, 0x07, 0x68, 0x21, 0x1C
	.byte 0x34, 0x31, 0x01, 0x20, 0x08, 0x70, 0x04, 0xE0, 0xDC, 0x45, 0xEE, 0x09, 0x20, 0x1C, 0x34, 0x30
	.byte 0x07, 0x70, 0xA2, 0x6B, 0x91, 0x78, 0x02, 0x29, 0x3A, 0xD0, 0x02, 0x29, 0x02, 0xDC, 0x01, 0x29
	.byte 0x05, 0xD0, 0x65, 0xE0, 0x03, 0x29, 0x5F, 0xD0, 0x04, 0x29, 0x3D, 0xD0, 0x60, 0xE0, 0x10, 0x7A
	.byte 0x00, 0x28, 0x09, 0xD1, 0x0C, 0x48, 0x51, 0x68, 0x89, 0x00, 0x08, 0x18, 0x00, 0x68, 0x60, 0x62
	.byte 0x0A, 0x48, 0x09, 0x18, 0x08, 0x68, 0xA0, 0x62, 0x21, 0x1C, 0x30, 0x31, 0x08, 0x20, 0x08, 0x70
	.byte 0x00, 0x2F, 0x18, 0xD0, 0xA1, 0x6B, 0xC8, 0x78, 0x01, 0x28, 0x0B, 0xD1, 0x60, 0x68, 0x04, 0x49
	.byte 0x90, 0xF7, 0xB2, 0xF8, 0x0F, 0xE0, 0x00, 0x00, 0xD0, 0x3C, 0x03, 0x09, 0xF0, 0x3C, 0x03, 0x09
	.byte 0xD8, 0x49, 0x61, 0x09, 0x60, 0x68, 0x4A, 0x78, 0x91, 0x00, 0x89, 0x18, 0x89, 0x00, 0xC9, 0x19
	.byte 0x49, 0x68, 0x90, 0xF7, 0xA1, 0xF8, 0x01, 0x49, 0x25, 0xE0, 0x00, 0x00, 0x05, 0x3B, 0x07, 0x08
	.byte 0x21, 0x1C, 0x30, 0x31, 0x00, 0x22, 0x08, 0x20, 0x08, 0x70, 0x20, 0x1C, 0x31, 0x30, 0x02, 0x70
	.byte 0x00, 0x49, 0x18, 0xE0, 0x55, 0x3B, 0x07, 0x08, 0x20, 0x1C, 0x30, 0x30, 0x01, 0x70, 0xA0, 0x6B
	.byte 0x40, 0x68, 0x01, 0x28, 0x02, 0xD8, 0xFF, 0x20, 0x40, 0x42, 0x03, 0xE0, 0x03, 0x28, 0x02, 0xD8
	.byte 0x80, 0x20, 0x40, 0x00, 0xE0, 0x62, 0x06, 0x49, 0xA0, 0x6B, 0x40, 0x68, 0x80, 0x00, 0x40, 0x18
	.byte 0x00, 0x68, 0xA0, 0x62, 0x03, 0x49, 0x28, 0x1C, 0x8D, 0xF7, 0x04, 0xFB, 0x08, 0xE0, 0x00, 0x00
	.byte 0xF0, 0x3C, 0x03, 0x09, 0xA5, 0x3C, 0x07, 0x08, 0x13, 0x49, 0x28, 0x1C, 0x8D, 0xF7, 0xFA, 0xFA
	.byte 0x12, 0x48, 0x01, 0x68, 0x7B, 0x31, 0x09, 0x78, 0x03, 0x1C, 0x01, 0x29, 0x20, 0xD1, 0x20, 0x1C
	.byte 0x32, 0x30, 0x01, 0x78, 0x06, 0x1C, 0x25, 0x1C, 0x0C, 0x35, 0x00, 0x29, 0x30, 0xD1, 0x00, 0x2F
	.byte 0x0D, 0xD0, 0xA0, 0x6B, 0x41, 0x78, 0x88, 0x00, 0x40, 0x18, 0x80, 0x00, 0xC1, 0x19, 0x08, 0x7C
	.byte 0x01, 0x28, 0x04, 0xD9, 0x4A, 0x7C, 0x28, 0x1C, 0x01, 0x21, 0x91, 0xF7, 0xE7, 0xFF, 0x01, 0x20
	.byte 0x30, 0x70, 0x02, 0x4B, 0x1C, 0xE0, 0x00, 0x00, 0x9D, 0x3B, 0x07, 0x08, 0xC8, 0x9D, 0x03, 0x02
	.byte 0x26, 0x1C, 0x32, 0x36, 0x30, 0x78, 0x25, 0x1C, 0x0C, 0x35, 0x01, 0x28, 0x10, 0xD1, 0x00, 0x2F
	.byte 0x0C, 0xD0, 0xA0, 0x6B, 0x41, 0x78, 0x88, 0x00, 0x40, 0x18, 0x80, 0x00, 0xC0, 0x19, 0x42, 0x7C
	.byte 0x28, 0x1C, 0x00, 0x21, 0x00, 0x93, 0x91, 0xF7, 0xC9, 0xFF, 0x00, 0x9B, 0x00, 0x20, 0x30, 0x70
	.byte 0x18, 0x68, 0x82, 0x30, 0x00, 0x78, 0x01, 0x28, 0x08, 0xD1, 0x60, 0x68, 0xC0, 0x88, 0x10, 0x30
	.byte 0x00, 0x04, 0x00, 0x0C, 0x00, 0x21, 0x92, 0xF7, 0x61, 0xFC, 0x07, 0xE0, 0x60, 0x68, 0xC0, 0x88
	.byte 0x10, 0x30, 0x00, 0x04, 0x00, 0x0C, 0x01, 0x21, 0x92, 0xF7, 0x58, 0xFC, 0x28, 0x1C, 0x92, 0xF7
	.byte 0x0D, 0xF8, 0xA0, 0x60, 0x01, 0x20, 0x01, 0xB0, 0xF0, 0xBC, 0x02, 0xBC, 0x08, 0x47, 0x00, 0x00
	.byte 0x70, 0xB5, 0x84, 0xB0, 0x04, 0x1C, 0x34, 0x30, 0x00, 0x78, 0x00, 0x28, 0x3D, 0xD0, 0xE1, 0x6A
	.byte 0x80, 0x22, 0x52, 0x00, 0x00, 0x20, 0x00, 0x23, 0x8F, 0xF7, 0x20, 0xF9, 0x06, 0x1C, 0x00, 0x2E
	.byte 0x0C, 0xD0, 0x60, 0x6A, 0x00, 0x02, 0x00, 0x14, 0xA1, 0x6A, 0x09, 0x02, 0x09, 0x14, 0xA2, 0x68
	.byte 0x23, 0x68, 0x64, 0x68, 0x00, 0x94, 0x01, 0x96, 0x00, 0x24, 0x10, 0xE0, 0x20, 0x1C, 0x33, 0x30
	.byte 0x05, 0x78, 0x00, 0x2D, 0x11, 0xD0, 0x60, 0x6A, 0x00, 0x02, 0x00, 0x14, 0xA1, 0x6A, 0x09, 0x02
	.byte 0x09, 0x14, 0xA2, 0x68, 0x23, 0x68, 0x64, 0x68, 0x00, 0x94, 0x01, 0x96, 0x01, 0x24, 0x02, 0x94
	.byte 0x32, 0x24, 0x03, 0x94, 0x8E, 0xF7, 0x90, 0xFC, 0x0F, 0xE0, 0x60, 0x6A, 0x00, 0x02, 0x00, 0x14
	.byte 0xA1, 0x6A, 0x09, 0x02, 0x09, 0x14, 0xA2, 0x68, 0x23, 0x68, 0x64, 0x68, 0x00, 0x94, 0x01, 0x95
	.byte 0x02, 0x95, 0x32, 0x24, 0x03, 0x94, 0x8E, 0xF7, 0x7F, 0xFC, 0x04, 0xB0, 0x70, 0xBC, 0x01, 0xBC
	.byte 0x00, 0x47, 0x00, 0x00, 0x10, 0xB5, 0x04, 0x1C, 0x20, 0x68, 0x8E, 0xF7, 0xE5, 0xFE, 0x60, 0x68
	.byte 0x8F, 0xF7, 0x8A, 0xF8, 0x10, 0xBC, 0x01, 0xBC, 0x00, 0x47, 0x00, 0x00, 0x70, 0xB5, 0x05, 0x1C
	.byte 0x0E, 0x1C, 0x24, 0x30, 0x0F, 0x4A, 0xA9, 0x6B, 0x49, 0x68, 0x89, 0x00, 0x89, 0x18, 0x09, 0x68
	.byte 0x2C, 0x1C, 0x30, 0x34, 0x22, 0x78, 0x91, 0xF7, 0xED, 0xFE, 0x20, 0x78, 0x01, 0x38, 0x20, 0x70
	.byte 0x00, 0x06, 0x01, 0x0E, 0x00, 0x29, 0x09, 0xD1, 0xA8, 0x6B, 0x81, 0x70, 0x29, 0x1C, 0x31, 0x31
	.byte 0x01, 0x20, 0x08, 0x70, 0x04, 0x49, 0x30, 0x1C, 0x8D, 0xF7, 0x24, 0xFA, 0x01, 0x20, 0x70, 0xBC
	.byte 0x02, 0xBC, 0x08, 0x47, 0xE0, 0x3C, 0x03, 0x09, 0x8D, 0x38, 0x07, 0x08, 0x70, 0xB5, 0x05, 0x1C
	.byte 0x0E, 0x1C, 0x24, 0x30, 0x0D, 0x4A, 0xA9, 0x6B, 0x49, 0x68, 0x89, 0x00, 0x89, 0x18, 0x09, 0x68
	.byte 0x2C, 0x1C, 0x30, 0x34, 0x22, 0x78, 0x91, 0xF7, 0xC5, 0xFE, 0x20, 0x78, 0x01, 0x38, 0x20, 0x70
	.byte 0x00, 0x06, 0x01, 0x0E, 0x00, 0x29, 0x05, 0xD1, 0xA8, 0x6B, 0x81, 0x70, 0x04, 0x49, 0x30, 0x1C
	.byte 0x8D, 0xF7, 0x00, 0xFA, 0x01, 0x20, 0x70, 0xBC, 0x02, 0xBC, 0x08, 0x47, 0xD0, 0x3C, 0x03, 0x09
	.byte 0x8D, 0x38, 0x07, 0x08, 0xF0, 0xB5, 0x47, 0x46, 0x80, 0xB4, 0x05, 0x1C, 0x88, 0x46, 0x00, 0x26
	.byte 0xAA, 0x6B, 0x10, 0x78, 0x3E, 0x28, 0x0B, 0xD0, 0x04, 0x49, 0x80, 0x00, 0x40, 0x18, 0x06, 0x68
	.byte 0x29, 0x1C, 0x34, 0x31, 0x01, 0x20, 0x08, 0x70, 0x05, 0xE0, 0x00, 0x00, 0xDC, 0x45, 0xEE, 0x09
	.byte 0x28, 0x1C, 0x34, 0x30, 0x06, 0x70, 0xA8, 0x6B, 0x40, 0x68, 0x01, 0x28, 0x03, 0xD8, 0x29, 0x1C
	.byte 0x33, 0x31, 0x01, 0x20, 0x04, 0xE0, 0x03, 0x28, 0x03, 0xD8, 0x29, 0x1C, 0x33, 0x31, 0x00, 0x20
	.byte 0x08, 0x70, 0x2F, 0x1C, 0x30, 0x37, 0x00, 0x2E, 0x37, 0xD0, 0x28, 0x68, 0xA9, 0x6B, 0x4A, 0x78
	.byte 0x91, 0x00, 0x89, 0x18, 0x89, 0x00, 0x89, 0x19, 0x09, 0x68, 0x8E, 0xF7, 0x05, 0xFF, 0x68, 0x68
	.byte 0xA9, 0x6B, 0x4A, 0x78, 0x91, 0x00, 0x89, 0x18, 0x89, 0x00, 0x89, 0x19, 0x49, 0x68, 0x8F, 0xF7
	.byte 0x2B, 0xFF, 0x2C, 0x1C, 0x0C, 0x34, 0xA8, 0x6B, 0x41, 0x78, 0x88, 0x00, 0x40, 0x18, 0x80, 0x00
	.byte 0x80, 0x19, 0xC1, 0x68, 0x82, 0x68, 0x20, 0x1C, 0x91, 0xF7, 0x9A, 0xFE, 0xA8, 0x6B, 0x41, 0x78
	.byte 0x88, 0x00, 0x40, 0x18, 0x80, 0x00, 0x80, 0x19, 0x42, 0x7C, 0x20, 0x1C, 0x00, 0x21, 0x91, 0xF7
	.byte 0xAD, 0xFE, 0x20, 0x1C, 0x91, 0xF7, 0x56, 0xFF, 0xA8, 0x60, 0x28, 0x1C, 0x31, 0x30, 0x00, 0x21
	.byte 0x01, 0x70, 0x08, 0x20, 0x38, 0x70, 0xA8, 0x6B, 0x81, 0x70, 0x0D, 0x49, 0xA8, 0x6B, 0x40, 0x68
	.byte 0x80, 0x00, 0x41, 0x18, 0x09, 0x68, 0x69, 0x62, 0x0A, 0x49, 0x40, 0x18, 0x00, 0x68, 0xA8, 0x62
	.byte 0x80, 0x20, 0x40, 0x00, 0xE8, 0x62, 0x08, 0x20, 0x38, 0x70, 0x07, 0x49, 0x40, 0x46, 0x8D, 0xF7
	.byte 0x81, 0xF9, 0x01, 0x20, 0x08, 0xBC, 0x98, 0x46, 0xF0, 0xBC, 0x02, 0xBC, 0x08, 0x47, 0x00, 0x00
	.byte 0xD0, 0x3C, 0x03, 0x09, 0xF0, 0x3C, 0x03, 0x09, 0x8D, 0x38, 0x07, 0x08, 0xF0, 0xB5, 0x47, 0x46
	.byte 0x80, 0xB4, 0x05, 0x1C, 0x88, 0x46, 0xE8, 0x6A, 0x00, 0x28, 0x09, 0xDA, 0x28, 0x1C, 0x2C, 0x30
	.byte 0x02, 0x21, 0x49, 0x42, 0x2C, 0x1C, 0x30, 0x34, 0x22, 0x78, 0x91, 0xF7, 0x1B, 0xFE, 0x07, 0xE0
	.byte 0x28, 0x1C, 0x2C, 0x30, 0x2C, 0x1C, 0x30, 0x34, 0x22, 0x78, 0x02, 0x21, 0x91, 0xF7, 0x12, 0xFE
	.byte 0x27, 0x1C, 0x38, 0x78, 0x01, 0x38, 0x38, 0x70, 0x00, 0x06, 0x03, 0x0E, 0x00, 0x2B, 0x54, 0xD1
	.byte 0x00, 0x26, 0xAA, 0x6B, 0x10, 0x78, 0x3E, 0x28, 0x03, 0xD0, 0x06, 0x49, 0x80, 0x00, 0x40, 0x18
	.byte 0x06, 0x68, 0x50, 0x68, 0x01, 0x28, 0x07, 0xD8, 0x29, 0x1C, 0x33, 0x31, 0x01, 0x20, 0x08, 0x70
	.byte 0x07, 0xE0, 0x00, 0x00, 0xDC, 0x45, 0xEE, 0x09, 0x03, 0x28, 0x02, 0xD8, 0x28, 0x1C, 0x33, 0x30
	.byte 0x03, 0x70, 0x00, 0x2E, 0x35, 0xD0, 0x28, 0x68, 0xA9, 0x6B, 0x4A, 0x78, 0x91, 0x00, 0x89, 0x18
	.byte 0x89, 0x00, 0x89, 0x19, 0x09, 0x68, 0x8E, 0xF7, 0x6F, 0xFE, 0x68, 0x68, 0xA9, 0x6B, 0x4A, 0x78
	.byte 0x91, 0x00, 0x89, 0x18, 0x89, 0x00, 0x89, 0x19, 0x49, 0x68, 0x8F, 0xF7, 0x95, 0xFE, 0x2C, 0x1C
	.byte 0x0C, 0x34, 0xA8, 0x6B, 0x41, 0x78, 0x88, 0x00, 0x40, 0x18, 0x80, 0x00, 0x80, 0x19, 0xC1, 0x68
	.byte 0x82, 0x68, 0x20, 0x1C, 0x91, 0xF7, 0x04, 0xFE, 0xA8, 0x6B, 0x41, 0x78, 0x88, 0x00, 0x40, 0x18
	.byte 0x80, 0x00, 0x80, 0x19, 0x42, 0x7C, 0x20, 0x1C, 0x00, 0x21, 0x91, 0xF7, 0x17, 0xFE, 0x20, 0x1C
	.byte 0x91, 0xF7, 0xC0, 0xFE, 0xA8, 0x60, 0x29, 0x1C, 0x31, 0x31, 0x00, 0x20, 0x08, 0x70, 0x08, 0x20
	.byte 0x38, 0x70, 0x05, 0x49, 0x40, 0x46, 0x8D, 0xF7, 0xFD, 0xF8, 0x01, 0x20, 0x08, 0xBC, 0x98, 0x46
	.byte 0xF0, 0xBC, 0x02, 0xBC, 0x08, 0x47, 0x00, 0x00, 0xA5, 0x3D, 0x07, 0x08, 0x70, 0xB5, 0x05, 0x1C
	.byte 0x0E, 0x1C, 0xE8, 0x6A, 0x00, 0x28, 0x09, 0xDA, 0x28, 0x1C, 0x2C, 0x30, 0xFF, 0x21, 0x49, 0x42
	.byte 0x2C, 0x1C, 0x30, 0x34, 0x22, 0x78, 0x91, 0xF7, 0x9D, 0xFD, 0x08, 0xE0, 0x28, 0x1C, 0x2C, 0x30
	.byte 0x80, 0x21, 0x49, 0x00, 0x2C, 0x1C, 0x30, 0x34, 0x22, 0x78, 0x91, 0xF7, 0x93, 0xFD, 0x20, 0x78
	.byte 0x01, 0x38, 0x20, 0x70, 0x00, 0x06, 0x02, 0x0E, 0x00, 0x2A, 0x0C, 0xD1, 0x29, 0x1C, 0x31, 0x31
	.byte 0x01, 0x20, 0x08, 0x70, 0xA8, 0x6B, 0x82, 0x70, 0x80, 0x20, 0x40, 0x00, 0xE8, 0x62, 0x04, 0x49
	.byte 0x30, 0x1C, 0x8D, 0xF7, 0xC7, 0xF8, 0x01, 0x20, 0x70, 0xBC, 0x02, 0xBC, 0x08, 0x47, 0x00, 0x00
	.byte 0x8D, 0x38, 0x07, 0x08, 0x30, 0xB5, 0x0C, 0x1C, 0x03, 0x99, 0x09, 0x06, 0x09, 0x0E, 0x00, 0x25
	.byte 0x22, 0x70, 0x63, 0x70, 0x61, 0x60, 0xA5, 0x70, 0xE5, 0x70, 0x03, 0x49, 0x22, 0x1C, 0x8C, 0xF7
	.byte 0xF5, 0xFF, 0x30, 0xBC, 0x01, 0xBC, 0x00, 0x47, 0x4C, 0x47, 0xEE, 0x09
	thumb_func_start func_08073E34
func_08073E34: @ 08073E34
	push {r4, lr}
	adds r4, r0, #0x0
	lsls r1, r1, #0x18
	lsrs r1, r1, #0x18
	lsls r2, r2, #0x18
	lsrs r2, r2, #0x18
	lsls r3, r3, #0x18
	lsrs r3, r3, #0x18
	ldrb r0, [r4, #0x00]
	cmp r0, r1
	beq _08073E4E
	movs r0, #0x03
	b _08073E5C
_08073E4E:
	ldrb r0, [r4, #0x01]
	cmp r0, r2
	bne _08073E5A
	ldr r0, [r4, #0x04]
	cmp r0, r3
	beq _08073E64
_08073E5A:
	movs r0, #0x04
_08073E5C:
	strb r0, [r4, #0x02]
	strb r1, [r4, #0x00]
	strb r2, [r4, #0x01]
	str r3, [r4, #0x04]
_08073E64:
	pop {r4}
	pop {r0}
	bx r0
	.byte 0x00, 0x00, 0x01, 0x21, 0x81, 0x70, 0x70, 0x47, 0x00, 0x00, 0x02, 0x21, 0x81, 0x70, 0x70, 0x47
	.byte 0x00, 0x00, 0x70, 0xB5, 0x06, 0x1C, 0x08, 0x78, 0x1B, 0x4A, 0xB1, 0x18, 0x00, 0x25, 0x08, 0x70
	.byte 0x40, 0x20, 0x00, 0x21, 0x8E, 0xF7, 0x33, 0xFD, 0x30, 0x60, 0x17, 0x4C, 0x20, 0x1C, 0x20, 0x21
	.byte 0x8E, 0xF7, 0xBB, 0xFD, 0x70, 0x61, 0xC0, 0x88, 0x21, 0x1C, 0x8E, 0xF7, 0x82, 0xFE, 0x70, 0x69
	.byte 0xC0, 0x88, 0x10, 0x30, 0x00, 0x04, 0x00, 0x0C, 0x01, 0x21, 0x92, 0xF7, 0x1E, 0xFA, 0x30, 0x68
	.byte 0x0F, 0x49, 0x8E, 0xF7, 0xA8, 0xFD, 0x34, 0x1C, 0xDC, 0x34, 0x0D, 0x49, 0x0E, 0x4A, 0x20, 0x1C
	.byte 0x91, 0xF7, 0x4D, 0xFD, 0x20, 0x1C, 0x02, 0x21, 0x01, 0x22, 0x91, 0xF7, 0x66, 0xFD, 0x81, 0x21
	.byte 0x49, 0x00, 0x70, 0x18, 0x05, 0x70, 0x08, 0x48, 0x00, 0x68, 0x7D, 0x30, 0x01, 0x21, 0x01, 0x70
	.byte 0x70, 0xBC, 0x01, 0xBC, 0x00, 0x47, 0x03, 0x01, 0x00, 0x00, 0xA4, 0x9B, 0xF6, 0x08, 0x96, 0x07
	.byte 0x32, 0x09, 0x38, 0xFD, 0xEE, 0x09, 0xAC, 0xFC, 0xEE, 0x09, 0xC8, 0x9D, 0x03, 0x02, 0x70, 0xB5
	.byte 0x04, 0x1C, 0x0E, 0x1C, 0x25, 0x1C, 0xDC, 0x35, 0x28, 0x1C, 0x91, 0xF7, 0xA6, 0xFD, 0x21, 0x1C
	.byte 0xBC, 0x31, 0x08, 0x60, 0x8D, 0xF7, 0x37, 0xFA, 0x01, 0x21, 0x01, 0x40, 0x00, 0x29, 0x1F, 0xD0
	.byte 0x28, 0x1C, 0x03, 0x21, 0x01, 0x22, 0x91, 0xF7, 0x38, 0xFD, 0x07, 0x49, 0x60, 0x18, 0x00, 0x78
	.byte 0x04, 0x28, 0x0E, 0xD1, 0x06, 0x48, 0x00, 0x68, 0x7D, 0x30, 0x00, 0x21, 0x01, 0x70, 0x66, 0x20
	.byte 0xAB, 0xF0, 0x91, 0xFF, 0x00, 0x20, 0x0C, 0xE0, 0x00, 0x00, 0x03, 0x01, 0x00, 0x00, 0xC8, 0x9D
	.byte 0x03, 0x02, 0x05, 0x49, 0x30, 0x1C, 0x8D, 0xF7, 0x14, 0xF8, 0x66, 0x20, 0xAB, 0xF0, 0x83, 0xFF
	.byte 0x01, 0x20, 0x70, 0xBC, 0x02, 0xBC, 0x08, 0x47, 0x00, 0x00, 0x79, 0x3F, 0x07, 0x08, 0x10, 0xB5
	.byte 0x04, 0x1C, 0xDC, 0x30, 0x91, 0xF7, 0x71, 0xFD, 0x21, 0x1C, 0xBC, 0x31, 0x08, 0x60, 0x81, 0x20
	.byte 0x40, 0x00, 0x21, 0x18, 0x08, 0x78, 0x01, 0x30, 0x08, 0x70, 0x00, 0x06, 0x00, 0x0E, 0x0F, 0x28
	.byte 0x01, 0xD8, 0x01, 0x20, 0x05, 0xE0, 0x04, 0x48, 0x00, 0x68, 0x7D, 0x30, 0x00, 0x21, 0x01, 0x70
	.byte 0x00, 0x20, 0x10, 0xBC, 0x02, 0xBC, 0x08, 0x47, 0x00, 0x00, 0xC8, 0x9D, 0x03, 0x02, 0x30, 0xB5
	.byte 0x84, 0xB0, 0x04, 0x1C, 0x0F, 0x48, 0x00, 0x68, 0x01, 0x1C, 0x8B, 0x31, 0x0D, 0x78, 0x00, 0x2D
	.byte 0x1B, 0xD0, 0x0C, 0x49, 0x87, 0x30, 0x00, 0x78, 0xC0, 0x00, 0x04, 0x31, 0x40, 0x18, 0x01, 0x68
	.byte 0x09, 0x02, 0x09, 0x14, 0x20, 0x1C, 0xBC, 0x30, 0x02, 0x68, 0x23, 0x68, 0x60, 0x69, 0x00, 0x90
	.byte 0x00, 0x20, 0x01, 0x90, 0x02, 0x90, 0x03, 0x90, 0x78, 0x20, 0x8E, 0xF7, 0xF4, 0xF9, 0x1C, 0xE0
	.byte 0x00, 0x00, 0xC8, 0x9D, 0x03, 0x02, 0x08, 0x3D, 0x03, 0x09, 0x0D, 0x4A, 0x87, 0x30, 0x01, 0x78
	.byte 0xC9, 0x00, 0x88, 0x18, 0x00, 0x68, 0x00, 0x02, 0x00, 0x14, 0x04, 0x32, 0x89, 0x18, 0x09, 0x68
	.byte 0x09, 0x02, 0x09, 0x14, 0x22, 0x1C, 0xBC, 0x32, 0x12, 0x68, 0x23, 0x68, 0x64, 0x69, 0x00, 0x94
	.byte 0x01, 0x95, 0x02, 0x95, 0x03, 0x95, 0x8E, 0xF7, 0xD6, 0xF9, 0x04, 0xB0, 0x30, 0xBC, 0x01, 0xBC
	.byte 0x00, 0x47, 0x08, 0x3D, 0x03, 0x09, 0x10, 0xB5, 0x04, 0x1C, 0x60, 0x69, 0xC0, 0x88, 0x10, 0x30
	.byte 0x00, 0x04, 0x00, 0x0C, 0x00, 0x21, 0x92, 0xF7, 0x50, 0xF9, 0x20, 0x68, 0x8E, 0xF7, 0x33, 0xFC
	.byte 0x60, 0x69, 0x8E, 0xF7, 0xD8, 0xFD, 0x10, 0xBC, 0x01, 0xBC, 0x00, 0x47, 0x00, 0x00, 0xF0, 0xB5
	.byte 0x47, 0x46, 0x80, 0xB4, 0x07, 0x1C, 0x08, 0x78, 0x57, 0x4A, 0xB9, 0x18, 0x00, 0x26, 0x08, 0x70
	.byte 0x40, 0x20, 0x00, 0x21, 0x8E, 0xF7, 0x3B, 0xFC, 0x38, 0x60, 0x53, 0x4C, 0x20, 0x1C, 0x20, 0x21
	.byte 0x8E, 0xF7, 0xC3, 0xFC, 0x78, 0x61, 0xC0, 0x88, 0x21, 0x1C, 0x8E, 0xF7, 0x8A, 0xFD, 0x78, 0x69
	.byte 0xC0, 0x88, 0x10, 0x30, 0x00, 0x04, 0x00, 0x0C, 0x01, 0x21, 0x92, 0xF7, 0x26, 0xF9, 0x38, 0x68
	.byte 0x4B, 0x49, 0x8E, 0xF7, 0xB0, 0xFC, 0x3C, 0x1C, 0xDC, 0x34, 0x49, 0x49, 0x4A, 0x4A, 0x20, 0x1C
	.byte 0x91, 0xF7, 0x55, 0xFC, 0x20, 0x1C, 0x02, 0x21, 0x01, 0x22, 0x91, 0xF7, 0x6E, 0xFC, 0x81, 0x20
	.byte 0x40, 0x00, 0xC0, 0x19, 0x80, 0x46, 0x06, 0x70, 0x90, 0x20, 0x40, 0x00, 0x00, 0x21, 0x8E, 0xF7
	.byte 0x0E, 0xFC, 0x78, 0x60, 0x41, 0x4C, 0x20, 0x1C, 0x20, 0x21, 0x8E, 0xF7, 0x96, 0xFC, 0xB8, 0x60
	.byte 0xC0, 0x88, 0x21, 0x1C, 0x8E, 0xF7, 0x5D, 0xFD, 0x78, 0x68, 0x3C, 0x49, 0x8E, 0xF7, 0x8B, 0xFC
	.byte 0x3C, 0x1C, 0xC4, 0x34, 0x3B, 0x49, 0x3B, 0x4A, 0x20, 0x1C, 0x91, 0xF7, 0x30, 0xFC, 0x20, 0x1C
	.byte 0x02, 0x21, 0x01, 0x22, 0x91, 0xF7, 0x49, 0xFC, 0x20, 0x1C, 0x91, 0xF7, 0xF2, 0xFC, 0x39, 0x1C
	.byte 0xC0, 0x31, 0x08, 0x60, 0x35, 0x48, 0xFC, 0x21, 0x09, 0x01, 0x8E, 0xF7, 0xBE, 0xFA, 0xF8, 0x60
	.byte 0x33, 0x4C, 0x20, 0x1C, 0x20, 0x21, 0x8E, 0xF7, 0x70, 0xFC, 0x38, 0x61, 0xC0, 0x88, 0x21, 0x1C
	.byte 0x8E, 0xF7, 0x37, 0xFD, 0x78, 0x69, 0xC0, 0x88, 0x10, 0x30, 0x00, 0x04, 0x00, 0x0C, 0x01, 0x21
	.byte 0x92, 0xF7, 0xD3, 0xF8, 0x3C, 0x1C, 0x1C, 0x34, 0x20, 0x1C, 0x0A, 0x21, 0xF1, 0xF7, 0xB9, 0xFC
	.byte 0x3D, 0x1C, 0x6C, 0x35, 0x28, 0x1C, 0x0A, 0x21, 0xF1, 0xF7, 0xB3, 0xFC, 0x01, 0x20, 0xF2, 0xF7
	.byte 0x7E, 0xF9, 0xB8, 0x61, 0x23, 0x48, 0x21, 0x1C, 0xF1, 0xF7, 0xFB, 0xFC, 0x39, 0x1C, 0xF4, 0x31
	.byte 0x08, 0x70, 0x20, 0x48, 0x29, 0x1C, 0xF1, 0xF7, 0xF4, 0xFC, 0x39, 0x1C, 0xF5, 0x31, 0x08, 0x70
	.byte 0x03, 0x31, 0xB0, 0x20, 0xC0, 0x01, 0x08, 0x60, 0x80, 0x21, 0x49, 0x00, 0x78, 0x18, 0x01, 0x22
	.byte 0x02, 0x70, 0x39, 0x1C, 0xFC, 0x31, 0x18, 0x48, 0x40, 0x68, 0x08, 0x60, 0x40, 0x46, 0x06, 0x70
	.byte 0x17, 0x49, 0x08, 0x68, 0x7D, 0x30, 0x02, 0x70, 0x08, 0x68, 0x85, 0x30, 0x02, 0x70, 0x08, 0x68
	.byte 0x84, 0x30, 0x06, 0x70, 0x82, 0x21, 0x49, 0x00, 0x78, 0x18, 0x06, 0x70, 0x08, 0xBC, 0x98, 0x46
	.byte 0xF0, 0xBC, 0x01, 0xBC, 0x00, 0x47, 0x03, 0x01, 0x00, 0x00, 0xA4, 0x9B, 0xF6, 0x08, 0x96, 0x07
	.byte 0x32, 0x09, 0x38, 0xFD, 0xEE, 0x09, 0xAC, 0xFC, 0xEE, 0x09, 0x18, 0x44, 0x61, 0x09, 0x64, 0x46
	.byte 0x0A, 0x09, 0x3C, 0xB0, 0xEE, 0x09, 0x08, 0xB0, 0xEE, 0x09, 0x9C, 0x7C, 0x3F, 0x09, 0xB8, 0x1A
	.byte 0x61, 0x09, 0x10, 0x9E, 0x15, 0x08, 0x18, 0x9E, 0x15, 0x08, 0x28, 0x3D, 0x03, 0x09, 0xC8, 0x9D
	.byte 0x03, 0x02, 0x30, 0xB5, 0x05, 0x1C, 0x8D, 0xF7, 0xBE, 0xF8, 0x00, 0x04, 0x00, 0x0C, 0x08, 0x28
	.byte 0x24, 0xD0, 0x08, 0x28, 0x04, 0xDC, 0x01, 0x28, 0x20, 0xD0, 0x02, 0x28, 0x47, 0xD0, 0x60, 0xE0
	.byte 0x40, 0x28, 0x02, 0xD0, 0x80, 0x28, 0x08, 0xD0, 0x5B, 0xE0, 0x80, 0x20, 0x40, 0x00, 0x29, 0x18
	.byte 0x08, 0x78, 0x00, 0x28, 0x0C, 0xD0, 0x01, 0x38, 0x06, 0xE0, 0x80, 0x20, 0x40, 0x00, 0x29, 0x18
	.byte 0x08, 0x78, 0x00, 0x28, 0x04, 0xD1, 0x01, 0x30, 0x08, 0x70, 0x65, 0x20, 0xAB, 0xF0, 0x0B, 0xFE
	.byte 0x81, 0x23, 0x5B, 0x00, 0xE9, 0x18, 0x01, 0x20, 0x08, 0x70, 0x42, 0xE0, 0x80, 0x21, 0x49, 0x00
	.byte 0x68, 0x18, 0x00, 0x78, 0x00, 0x28, 0x06, 0xD1, 0x02, 0x48, 0x00, 0x68, 0x84, 0x30, 0x01, 0x21
	.byte 0x10, 0xE0, 0xC8, 0x9D, 0x03, 0x02, 0x0C, 0x4A, 0x10, 0x68, 0x84, 0x30, 0x00, 0x21, 0x01, 0x70
	.byte 0x11, 0x68, 0x48, 0x6F, 0x44, 0x28, 0x06, 0xD1, 0x83, 0x31, 0x01, 0x20, 0x08, 0x70, 0x10, 0x68
	.byte 0x8A, 0x30, 0xFF, 0x21, 0x01, 0x70, 0x66, 0x20, 0xAB, 0xF0, 0xE5, 0xFD, 0x03, 0x48, 0x00, 0x68
	.byte 0x7D, 0x30, 0x00, 0x21, 0x01, 0x70, 0x00, 0x20, 0x38, 0xE0, 0xC8, 0x9D, 0x03, 0x02, 0x0B, 0x4C
	.byte 0x20, 0x68, 0x84, 0x30, 0x00, 0x25, 0x05, 0x70, 0x21, 0x68, 0x48, 0x6F, 0x44, 0x28, 0x06, 0xD1
	.byte 0x83, 0x31, 0x01, 0x20, 0x08, 0x70, 0x20, 0x68, 0x8A, 0x30, 0xFF, 0x21, 0x01, 0x70, 0x66, 0x20
	.byte 0xAB, 0xF0, 0xC9, 0xFD, 0x20, 0x68, 0x7D, 0x30, 0x05, 0x70, 0x00, 0x20, 0x1E, 0xE0, 0xC8, 0x9D
	.byte 0x03, 0x02, 0x81, 0x23, 0x5B, 0x00, 0xEC, 0x18, 0x20, 0x78, 0x00, 0x28, 0x0E, 0xD0, 0x28, 0x1C
	.byte 0xFC, 0x30, 0x0B, 0x4A, 0x02, 0x3B, 0xE9, 0x18, 0x09, 0x78, 0x89, 0x00, 0x89, 0x18, 0x09, 0x68
	.byte 0x22, 0x78, 0x91, 0xF7, 0xF6, 0xFA, 0x20, 0x78, 0x01, 0x38, 0x20, 0x70, 0x28, 0x1C, 0xDC, 0x30
	.byte 0x91, 0xF7, 0xA3, 0xFB, 0x29, 0x1C, 0xBC, 0x31, 0x08, 0x60, 0x01, 0x20, 0x30, 0xBC, 0x02, 0xBC
	.byte 0x08, 0x47, 0x28, 0x3D, 0x03, 0x09, 0x70, 0xB5, 0x04, 0x1C, 0x0E, 0x1C, 0x25, 0x1C, 0xDC, 0x35
	.byte 0x28, 0x1C, 0x91, 0xF7, 0x92, 0xFB, 0x21, 0x1C, 0xBC, 0x31, 0x08, 0x60, 0x8D, 0xF7, 0x23, 0xF8
	.byte 0x01, 0x21, 0x01, 0x40, 0x00, 0x29, 0x10, 0xD0, 0x28, 0x1C, 0x03, 0x21, 0x01, 0x22, 0x91, 0xF7
	.byte 0x24, 0xFB, 0x82, 0x21, 0x49, 0x00, 0x60, 0x18, 0x01, 0x21, 0x01, 0x70, 0x67, 0x20, 0xAB, 0xF0
	.byte 0x82, 0xFD, 0x03, 0x49, 0x30, 0x1C, 0x8C, 0xF7, 0x0C, 0xFE, 0x01, 0x20, 0x70, 0xBC, 0x02, 0xBC
	.byte 0x08, 0x47, 0x0D, 0x42, 0x07, 0x08, 0xF0, 0xB5, 0x47, 0x46, 0x80, 0xB4, 0x84, 0xB0, 0x07, 0x1C
	.byte 0x82, 0x21, 0x49, 0x00, 0x78, 0x18, 0x05, 0x78, 0x00, 0x2D, 0x02, 0xD0, 0x01, 0x2D, 0x3E, 0xD0
	.byte 0x8C, 0xE0, 0x0E, 0x48, 0x03, 0x68, 0x18, 0x1C, 0x8B, 0x30, 0x00, 0x78, 0x00, 0x28, 0x1A, 0xD0
	.byte 0x0C, 0x49, 0x18, 0x1C, 0x87, 0x30, 0x00, 0x78, 0xC0, 0x00, 0x04, 0x31, 0x40, 0x18, 0x01, 0x68
	.byte 0x09, 0x02, 0x09, 0x14, 0x38, 0x1C, 0xBC, 0x30, 0x02, 0x68, 0x3B, 0x68, 0x78, 0x69, 0x00, 0x90
	.byte 0x01, 0x95, 0x02, 0x95, 0x03, 0x95, 0x78, 0x20, 0x8E, 0xF7, 0x05, 0xF8, 0x6E, 0xE0, 0xC8, 0x9D
	.byte 0x03, 0x02, 0x08, 0x3D, 0x03, 0x09, 0x0C, 0x4A, 0x18, 0x1C, 0x87, 0x30, 0x01, 0x78, 0xC9, 0x00
	.byte 0x88, 0x18, 0x00, 0x68, 0x00, 0x02, 0x00, 0x14, 0x04, 0x32, 0x89, 0x18, 0x09, 0x68, 0x09, 0x02
	.byte 0x09, 0x14, 0x3A, 0x1C, 0xBC, 0x32, 0x12, 0x68, 0x3B, 0x68, 0x7C, 0x69, 0x00, 0x94, 0x01, 0x95
	.byte 0x02, 0x95, 0x03, 0x95, 0x8D, 0xF7, 0xE7, 0xFF, 0x50, 0xE0, 0x08, 0x3D, 0x03, 0x09, 0x2A, 0x48
	.byte 0x42, 0x68, 0xFB, 0x68, 0x38, 0x69, 0x00, 0x90, 0x00, 0x26, 0x01, 0x96, 0x02, 0x96, 0x0A, 0x20
	.byte 0x03, 0x90, 0x78, 0x20, 0x50, 0x21, 0x8D, 0xF7, 0xD6, 0xFF, 0x38, 0x1C, 0xF8, 0x30, 0x00, 0x68
	.byte 0x00, 0x02, 0x00, 0x14, 0x39, 0x1C, 0xFC, 0x31, 0x09, 0x68, 0x09, 0x02, 0x09, 0x14, 0x3A, 0x1C
	.byte 0xC0, 0x32, 0x12, 0x68, 0x7B, 0x68, 0xBC, 0x68, 0x00, 0x94, 0x01, 0x96, 0x02, 0x95, 0x09, 0x24
	.byte 0x03, 0x94, 0x8D, 0xF7, 0xC0, 0xFF, 0x1C, 0x20, 0xC0, 0x19, 0x80, 0x46, 0x3D, 0x1C, 0xF4, 0x35
	.byte 0x29, 0x78, 0xF1, 0xF7, 0x4C, 0xFB, 0x00, 0x04, 0x00, 0x14, 0xF0, 0x24, 0x20, 0x1A, 0x40, 0x10
	.byte 0xBB, 0x69, 0x00, 0x96, 0x29, 0x78, 0x01, 0x91, 0x43, 0x21, 0x42, 0x46, 0xF2, 0xF7, 0x27, 0xF8
	.byte 0x88, 0x3D, 0xF5, 0x21, 0xC9, 0x19, 0x88, 0x46, 0x09, 0x78, 0x28, 0x1C, 0xF1, 0xF7, 0x37, 0xFB
	.byte 0x00, 0x04, 0x00, 0x14, 0x24, 0x1A, 0x64, 0x10, 0xBB, 0x69, 0x00, 0x96, 0x41, 0x46, 0x08, 0x78
	.byte 0x01, 0x90, 0x20, 0x1C, 0x52, 0x21, 0x2A, 0x1C, 0xF2, 0xF7, 0x11, 0xF8, 0x04, 0xB0, 0x08, 0xBC
	.byte 0x98, 0x46, 0xF0, 0xBC, 0x01, 0xBC, 0x00, 0x47, 0x00, 0x00, 0x6C, 0x12, 0xEF, 0x09, 0x10, 0xB5
	.byte 0x04, 0x1C, 0x60, 0x68, 0x8E, 0xF7, 0xF7, 0xF9, 0xE0, 0x68, 0x8E, 0xF7, 0xF4, 0xF9, 0x20, 0x69
	.byte 0x8E, 0xF7, 0x99, 0xFB, 0xA0, 0x68, 0x8E, 0xF7, 0x96, 0xFB, 0xA0, 0x69, 0x8E, 0xF7, 0x93, 0xFB
	.byte 0x20, 0x1C, 0x1C, 0x30, 0x0A, 0x21, 0xF1, 0xF7, 0xF6, 0xFA, 0x6C, 0x34, 0x20, 0x1C, 0x0A, 0x21
	.byte 0xF1, 0xF7, 0xF1, 0xFA, 0x10, 0xBC, 0x01, 0xBC, 0x00, 0x47, 0x10, 0xB5, 0x81, 0xB0, 0x69, 0x46
	.byte 0x13, 0x48, 0x00, 0x88, 0x08, 0x80, 0x6C, 0x46, 0x68, 0x46, 0x00, 0x88, 0x01, 0x30, 0xE4, 0x21
	.byte 0xA9, 0xF0, 0xB3, 0xF8, 0x20, 0x80, 0x68, 0x46, 0x00, 0x88, 0x9F, 0x28, 0x13, 0xD8, 0x0C, 0x48
	.byte 0x01, 0x68, 0x88, 0x78, 0x01, 0x28, 0x0E, 0xD1, 0x0B, 0x4A, 0x68, 0x46, 0x00, 0x88, 0x40, 0x00
	.byte 0x04, 0x31, 0x08, 0x18, 0x00, 0x88, 0x10, 0x80, 0x04, 0x32, 0x68, 0x46, 0x00, 0x88, 0x40, 0x00
	.byte 0x09, 0x18, 0x08, 0x88, 0x10, 0x80, 0x01, 0xB0, 0x10, 0xBC, 0x01, 0xBC, 0x00, 0x47, 0x06, 0x00
	.byte 0x00, 0x04, 0xCC, 0x9D, 0x03, 0x02, 0x18, 0x00, 0x00, 0x04, 0x00, 0xB5, 0x04, 0x48, 0x01, 0x88
	.byte 0x02, 0x22, 0x11, 0x43, 0x01, 0x80, 0xFF, 0xF7, 0xC8, 0xFF, 0x01, 0xBC, 0x00, 0x47, 0xF8, 0x7F
	.byte 0x00, 0x03, 0x30, 0xB5, 0x82, 0xB0, 0x04, 0x1C, 0x28, 0x4A, 0x18, 0x30, 0x10, 0x60, 0x00, 0x23
	.byte 0x00, 0x22, 0xE2, 0x82, 0xA3, 0x76, 0x08, 0x78, 0x20, 0x72, 0x63, 0x72, 0x22, 0x82, 0x62, 0x82
	.byte 0x23, 0x75, 0x63, 0x75, 0x22, 0x49, 0x20, 0x7A, 0x80, 0x00, 0x41, 0x18, 0x0A, 0x68, 0x20, 0x49
	.byte 0x40, 0x18, 0x05, 0x68, 0x91, 0x68, 0xE1, 0x60, 0x08, 0x7C, 0xFF, 0x28, 0x08, 0xD0, 0x20, 0x1C
	.byte 0x00, 0xF0, 0x41, 0xFC, 0x00, 0x06, 0x1B, 0x49, 0x09, 0x68, 0x80, 0x0D, 0x09, 0x18, 0x09, 0x68
	.byte 0x48, 0x68, 0x20, 0x60, 0x88, 0x68, 0x60, 0x60, 0x17, 0x48, 0x02, 0x68, 0x20, 0x68, 0x16, 0x49
	.byte 0x40, 0x18, 0x90, 0x64, 0x60, 0x68, 0x15, 0x49, 0x40, 0x18, 0xD0, 0x64, 0x20, 0x68, 0x10, 0x65
	.byte 0x60, 0x68, 0x50, 0x65, 0x13, 0x1C, 0x68, 0x33, 0x00, 0x20, 0x18, 0x80, 0x11, 0x1C, 0x6A, 0x31
	.byte 0x08, 0x80, 0x00, 0x2D, 0x65, 0xD0, 0x28, 0x1C, 0x24, 0x30, 0x00, 0x78, 0x00, 0x28, 0x18, 0xD0
	.byte 0x80, 0x23, 0x5B, 0x00, 0x10, 0x6D, 0x00, 0x90, 0x50, 0x6D, 0x01, 0x90, 0x02, 0x20, 0x00, 0x21
	.byte 0x1A, 0x1C, 0x91, 0xF7, 0x38, 0xF8, 0x54, 0xE0, 0x00, 0x00, 0xCC, 0x9D, 0x03, 0x02, 0xB4, 0x3F
	.byte 0xEE, 0x09, 0xA0, 0x3C, 0xEE, 0x09, 0xC8, 0x9D, 0x03, 0x02, 0x00, 0x88, 0xFF, 0xFF, 0x00, 0xB0
	.byte 0xFF, 0xFF, 0x20, 0x7A, 0x4D, 0x28, 0x0F, 0xD1, 0x91, 0x6C, 0x09, 0x12, 0x08, 0x31, 0x1B, 0x88
	.byte 0xC9, 0x18, 0x09, 0x04, 0x09, 0x0C, 0xD2, 0x6C, 0x12, 0x12, 0x28, 0x32, 0x12, 0x04, 0x12, 0x0C
	.byte 0x03, 0x20, 0x90, 0xF7, 0xF2, 0xFD, 0x0B, 0xE0, 0x91, 0x6C, 0x09, 0x12, 0x1B, 0x88, 0xC9, 0x18
	.byte 0x09, 0x04, 0x09, 0x0C, 0xD2, 0x6C, 0x12, 0x02, 0x12, 0x0C, 0x03, 0x20, 0x90, 0xF7, 0xE5, 0xFD
	.byte 0x16, 0x4C, 0x22, 0x68, 0x10, 0x1C, 0x78, 0x30, 0x00, 0x78, 0x00, 0x28, 0x0D, 0xD0, 0x91, 0x6C
	.byte 0x10, 0x1C, 0x68, 0x30, 0x09, 0x12, 0x00, 0x88, 0x09, 0x18, 0x09, 0x04, 0x09, 0x0C, 0xD2, 0x6C
	.byte 0x12, 0x02, 0x12, 0x0C, 0x02, 0x20, 0x90, 0xF7, 0xD0, 0xFD, 0x22, 0x68, 0x10, 0x1C, 0x79, 0x30
	.byte 0x00, 0x78, 0x00, 0x28, 0x0D, 0xD0, 0x91, 0x6C, 0x10, 0x1C, 0x68, 0x30, 0x09, 0x12, 0x00, 0x88
	.byte 0x09, 0x18, 0x09, 0x04, 0x09, 0x0C, 0xD2, 0x6C, 0x12, 0x02, 0x12, 0x0C, 0x01, 0x20, 0x90, 0xF7
	.byte 0xBC, 0xFD, 0x02, 0xB0, 0x30, 0xBC, 0x01, 0xBC, 0x00, 0x47, 0xC8, 0x9D, 0x03, 0x02
	thumb_func_start func_080746D8
func_080746D8: @ 080746D8
	push {r4, lr}
	movs r4, #0x00
_080746DC:
	adds r0, r4, #0x0
	adds r0, #0x10
	movs r1, #0x00
	bl func_080062F4
	adds r0, r4, #0x1
	lsls r0, r0, #0x18
	lsrs r4, r0, #0x18
	cmp r4, #0x0F
	bls _080746DC
	pop {r4}
	pop {r0}
	bx r0
	.byte 0x00, 0x00, 0xF0, 0xB5, 0x47, 0x46, 0x80, 0xB4, 0x82, 0xB0, 0x06, 0x1C, 0x88, 0x46, 0x1B, 0x49
	.byte 0x30, 0x7A, 0x80, 0x00, 0x40, 0x18, 0x07, 0x68, 0x1A, 0x4C, 0x21, 0x68, 0x08, 0x6E, 0x62, 0x28
	.byte 0x00, 0xD1, 0xE1, 0xE2, 0x65, 0x28, 0x00, 0xD1, 0xDE, 0xE2, 0x08, 0x1C, 0x7C, 0x30, 0x00, 0x78
	.byte 0x00, 0x28, 0x00, 0xD0, 0x05, 0xE2, 0x72, 0x7A, 0x50, 0x01, 0xF3, 0x68, 0x1C, 0x18, 0x08, 0x1C
	.byte 0x6C, 0x30, 0x00, 0x88, 0x21, 0x88, 0x88, 0x42, 0x22, 0xD3, 0x61, 0x69, 0x80, 0x20, 0x00, 0x02
	.byte 0x01, 0x40, 0x00, 0x29, 0x1C, 0xD1, 0x50, 0x1C, 0x70, 0x72, 0x70, 0x7A, 0x40, 0x01, 0x1C, 0x18
	.byte 0x71, 0x75, 0xE1, 0x69, 0x00, 0x29, 0x02, 0xD0, 0x30, 0x1C, 0xA8, 0xF0, 0x28, 0xFF, 0x61, 0x69
	.byte 0x0F, 0x20, 0x01, 0x40, 0x00, 0x29, 0x06, 0xD0, 0x01, 0x29, 0x06, 0xD0, 0x08, 0xE0, 0xA0, 0x3C
	.byte 0xEE, 0x09, 0xC8, 0x9D, 0x03, 0x02, 0x31, 0x75, 0x02, 0xE0, 0x31, 0x75, 0x20, 0x8B, 0x30, 0x82
	.byte 0x60, 0x69, 0x0F, 0x21, 0x08, 0x40, 0x02, 0x28, 0x17, 0xD0, 0x20, 0x7C, 0xFF, 0x28, 0x03, 0xD1
	.byte 0x60, 0x68, 0x30, 0x60, 0xA0, 0x68, 0x0F, 0xE0, 0x30, 0x1C, 0x00, 0xF0, 0x4E, 0xFB, 0x00, 0x06
	.byte 0x69, 0x49, 0x09, 0x68, 0x80, 0x0D, 0x09, 0x18, 0x09, 0x68, 0x48, 0x68, 0x30, 0x60, 0x88, 0x68
	.byte 0xC9, 0x68, 0x40, 0x18, 0xE1, 0x68, 0x40, 0x18, 0x70, 0x60, 0x60, 0x69, 0x10, 0x21, 0x08, 0x40
	.byte 0x00, 0x28, 0x17, 0xD0, 0x75, 0x7D, 0x00, 0x2D, 0x14, 0xD1, 0xFF, 0xF7, 0x82, 0xFF, 0x21, 0x8B
	.byte 0x02, 0x20, 0x91, 0xF7, 0xA2, 0xFC, 0x60, 0x69, 0x80, 0x21, 0x49, 0x02, 0x08, 0x40, 0x00, 0x28
	.byte 0x02, 0xD1, 0x59, 0x48, 0xAB, 0xF0, 0x41, 0xFB, 0x57, 0x48, 0x00, 0x68, 0x7F, 0x30, 0x05, 0x70
	.byte 0x01, 0x20, 0x70, 0x75, 0x60, 0x69, 0x20, 0x21, 0x08, 0x40, 0x00, 0x28, 0x17, 0xD0, 0x70, 0x7D
	.byte 0x00, 0x28, 0x14, 0xD1, 0xFF, 0xF7, 0x65, 0xFF, 0x21, 0x8B, 0x01, 0x20, 0x91, 0xF7, 0xB7, 0xFC
	.byte 0x4D, 0x48, 0x00, 0x68, 0x7F, 0x30, 0x01, 0x21, 0x01, 0x70, 0x71, 0x75, 0x60, 0x69, 0x80, 0x21
	.byte 0x09, 0x02, 0x08, 0x40, 0x00, 0x28, 0x02, 0xD0, 0x49, 0x48, 0xAB, 0xF0, 0x1E, 0xFB, 0x60, 0x69
	.byte 0x40, 0x21, 0x08, 0x40, 0x00, 0x28, 0x0E, 0xD0, 0x70, 0x7D, 0x00, 0x28, 0x0B, 0xD1, 0xFF, 0xF7
	.byte 0x48, 0xFF, 0x21, 0x8B, 0x00, 0x20, 0x91, 0xF7, 0x9A, 0xFC, 0x3E, 0x48, 0x00, 0x68, 0x7F, 0x30
	.byte 0x01, 0x21, 0x01, 0x70, 0x71, 0x75, 0x60, 0x69, 0x80, 0x21, 0x08, 0x40, 0x00, 0x28, 0x0C, 0xD0
	.byte 0x75, 0x7D, 0x00, 0x2D, 0x09, 0xD1, 0x21, 0x8B, 0x01, 0x20, 0x91, 0xF7, 0x56, 0xFC, 0x35, 0x48
	.byte 0x00, 0x68, 0x7F, 0x30, 0x05, 0x70, 0x01, 0x20, 0x70, 0x75, 0x60, 0x69, 0x80, 0x21, 0x49, 0x00
	.byte 0x08, 0x40, 0x00, 0x28, 0x0E, 0xD0, 0x75, 0x7D, 0x00, 0x2D, 0x0B, 0xD1, 0xFF, 0xF7, 0x21, 0xFF
	.byte 0x21, 0x8B, 0x00, 0x20, 0x91, 0xF7, 0x41, 0xFC, 0x2B, 0x48, 0x00, 0x68, 0x7F, 0x30, 0x05, 0x70
	.byte 0x01, 0x20, 0x70, 0x75, 0x60, 0x69, 0x80, 0x21, 0x89, 0x00, 0x08, 0x40, 0x00, 0x28, 0x15, 0xD0
	.byte 0x70, 0x7D, 0x00, 0x28, 0x12, 0xD1, 0xFF, 0xF7, 0x0C, 0xFF, 0x22, 0x8B, 0x02, 0x20, 0x10, 0x21
	.byte 0x91, 0xF7, 0xE3, 0xFC, 0x60, 0x69, 0x80, 0x21, 0x49, 0x02, 0x08, 0x40, 0x00, 0x28, 0x03, 0xD1
	.byte 0xA6, 0x20, 0x40, 0x00, 0xAB, 0xF0, 0xC9, 0xFA, 0x01, 0x20, 0x70, 0x75, 0x60, 0x69, 0x80, 0x21
	.byte 0x89, 0x02, 0x08, 0x40, 0x00, 0x28, 0x04, 0xD0, 0x1A, 0x48, 0x93, 0xF7, 0x62, 0xFC, 0x01, 0x20
	.byte 0xB0, 0x76, 0x60, 0x69, 0x80, 0x21, 0xC9, 0x02, 0x08, 0x40, 0x00, 0x28, 0x05, 0xD0, 0x00, 0x20
	.byte 0xB0, 0x76, 0x92, 0xF7, 0xD0, 0xF9, 0x8B, 0xF7, 0xF8, 0xFC, 0x60, 0x69, 0x80, 0x21, 0xC9, 0x01
	.byte 0x08, 0x40, 0x00, 0x28, 0x08, 0xD0, 0x70, 0x7D, 0x00, 0x28, 0x03, 0xD1, 0x21, 0x8B, 0x07, 0x20
	.byte 0x91, 0xF7, 0xFB, 0xFB, 0x01, 0x20, 0x70, 0x75, 0x61, 0x69, 0x80, 0x20, 0x80, 0x01, 0x08, 0x40
	.byte 0x00, 0x28, 0x10, 0xD0, 0x91, 0xF7, 0x33, 0xFE, 0x03, 0x4D, 0x29, 0x68, 0x00, 0x04, 0x00, 0x0C
	.byte 0x03, 0x24, 0x24, 0xE0, 0x00, 0x00, 0xC8, 0x9D, 0x03, 0x02, 0x4F, 0x01, 0x00, 0x00, 0x59, 0x01
	.byte 0x00, 0x00, 0x65, 0x45, 0x07, 0x08, 0x80, 0x20, 0xC0, 0x00, 0x08, 0x40, 0x00, 0x28, 0x0A, 0xD0
	.byte 0x91, 0xF7, 0x1D, 0xFE, 0x03, 0x4D, 0x29, 0x68, 0x00, 0x04, 0x00, 0x0C, 0x07, 0x24, 0x0E, 0xE0
	.byte 0x00, 0x00, 0xC8, 0x9D, 0x03, 0x02, 0x80, 0x23, 0x1B, 0x01, 0x0B, 0x40, 0x00, 0x2B, 0x14, 0xD0
	.byte 0x91, 0xF7, 0x0D, 0xFE, 0x08, 0x4D, 0x29, 0x68, 0x00, 0x04, 0x00, 0x0C, 0x0F, 0x24, 0x20, 0x40
	.byte 0x68, 0x31, 0x08, 0x80, 0x91, 0xF7, 0x03, 0xFE, 0x29, 0x68, 0x00, 0x04, 0x00, 0x0C, 0x20, 0x40
	.byte 0x6A, 0x31, 0x08, 0x80, 0x26, 0xE0, 0xC8, 0x9D, 0x03, 0x02, 0x80, 0x22, 0x52, 0x01, 0x0A, 0x40
	.byte 0x00, 0x2A, 0x18, 0xD0, 0x0A, 0x48, 0x02, 0x68, 0x10, 0x1C, 0x68, 0x30, 0x03, 0x80, 0x08, 0x4B
	.byte 0x70, 0x8A, 0xC0, 0x08, 0xFF, 0x21, 0x08, 0x40, 0x40, 0x00, 0xC0, 0x18, 0x00, 0x88, 0x00, 0x04
	.byte 0x40, 0x15, 0x6A, 0x32, 0x10, 0x80, 0x70, 0x8A, 0x04, 0x30, 0x70, 0x82, 0x0A, 0xE0, 0xC8, 0x9D
	.byte 0x03, 0x02, 0x00, 0x14, 0x12, 0x08, 0x06, 0x48, 0x00, 0x68, 0x01, 0x1C, 0x68, 0x31, 0x0A, 0x80
	.byte 0x6A, 0x30, 0x02, 0x80, 0x30, 0x7D, 0x00, 0x28, 0x05, 0xD0, 0x30, 0x1C, 0x00, 0xF0, 0xDF, 0xF9
	.byte 0x04, 0xE0, 0xC8, 0x9D, 0x03, 0x02, 0x30, 0x1C, 0x00, 0xF0, 0x81, 0xF9, 0x00, 0x2F, 0x1A, 0xD0
	.byte 0x38, 0x1C, 0x24, 0x30, 0x00, 0x78, 0x00, 0x28, 0x07, 0xD0, 0x80, 0x23, 0x5B, 0x00, 0x01, 0x48
	.byte 0x01, 0x68, 0xCF, 0xE0, 0x00, 0x00, 0xC8, 0x9D, 0x03, 0x02, 0x30, 0x7A, 0x4D, 0x28, 0x04, 0xD1
	.byte 0x01, 0x48, 0x00, 0x68, 0xD7, 0xE0, 0xC8, 0x9D, 0x03, 0x02, 0x01, 0x48, 0x00, 0x68, 0xE1, 0xE0
	.byte 0x00, 0x00, 0xC8, 0x9D, 0x03, 0x02, 0x30, 0x7A, 0x69, 0x28, 0x30, 0xD0, 0x69, 0x28, 0x03, 0xDD
	.byte 0xB4, 0x28, 0x00, 0xD1, 0x1F, 0xE1, 0x48, 0xE0, 0x4E, 0x28, 0x46, 0xDC, 0x4D, 0x28, 0x44, 0xDB
	.byte 0x11, 0x48, 0x01, 0x68, 0x11, 0x4C, 0x22, 0x68, 0x90, 0x6D, 0x08, 0x60, 0xD0, 0x6D, 0x48, 0x60
	.byte 0x90, 0x6D, 0x88, 0x60, 0xD0, 0x6D, 0xC8, 0x60, 0x90, 0x6D, 0x08, 0x61, 0xD0, 0x6D, 0x48, 0x61
	.byte 0x91, 0x6D, 0x09, 0x12, 0x08, 0x31, 0x09, 0x04, 0x09, 0x0C, 0xD2, 0x6D, 0x12, 0x12, 0x28, 0x32
	.byte 0x12, 0x04, 0x12, 0x0C, 0x00, 0x20, 0x90, 0xF7, 0xD2, 0xFB, 0x20, 0x68, 0x81, 0x6D, 0x09, 0x02
	.byte 0x09, 0x0C, 0xC2, 0x6D, 0xD1, 0xE0, 0x84, 0x9B, 0x03, 0x02, 0xC8, 0x9D, 0x03, 0x02, 0x0C, 0x48
	.byte 0x01, 0x68, 0x0C, 0x48, 0x02, 0x68, 0x90, 0x6D, 0x08, 0x60, 0xD0, 0x6D, 0x48, 0x60, 0x90, 0x6D
	.byte 0x88, 0x60, 0xD0, 0x6D, 0xC8, 0x60, 0x90, 0x6D, 0x08, 0x61, 0xD0, 0x6D, 0x48, 0x61, 0x91, 0x6D
	.byte 0x09, 0x02, 0x09, 0x0C, 0xD2, 0x6D, 0x12, 0x02, 0x12, 0x0C, 0x00, 0x20, 0x90, 0xF7, 0xAF, 0xFB
	.byte 0xD9, 0xE0, 0x84, 0x9B, 0x03, 0x02, 0xC8, 0x9D, 0x03, 0x02, 0x0F, 0x48, 0x01, 0x68, 0x0F, 0x4C
	.byte 0x22, 0x68, 0x90, 0x6D, 0x08, 0x60, 0xD0, 0x6D, 0x48, 0x60, 0x90, 0x6D, 0x88, 0x60, 0xD0, 0x6D
	.byte 0xC8, 0x60, 0x90, 0x6D, 0x08, 0x61, 0xD0, 0x6D, 0x48, 0x61, 0x91, 0x6D, 0x09, 0x02, 0x09, 0x0C
	.byte 0xD2, 0x6D, 0x12, 0x02, 0x12, 0x0C, 0x00, 0x20, 0x90, 0xF7, 0x91, 0xFB, 0x20, 0x68, 0x81, 0x6D
	.byte 0x09, 0x02, 0x09, 0x0C, 0xC2, 0x6D, 0x90, 0xE0, 0x00, 0x00, 0x84, 0x9B, 0x03, 0x02, 0xC8, 0x9D
	.byte 0x03, 0x02, 0x08, 0x1C, 0x88, 0x30, 0x01, 0x78, 0x30, 0x1C, 0x00, 0xF0, 0xA2, 0xF9, 0x00, 0x06
	.byte 0x02, 0x0E, 0x21, 0x68, 0x90, 0x00, 0x08, 0x18, 0x00, 0x68, 0x40, 0x68, 0x30, 0x60, 0x87, 0x31
	.byte 0x09, 0x78, 0x01, 0x29, 0x1B, 0xD0, 0x01, 0x29, 0x02, 0xDC, 0x00, 0x29, 0x05, 0xD0, 0x1F, 0xE0
	.byte 0x02, 0x29, 0x02, 0xD0, 0x03, 0x29, 0x12, 0xD0, 0x1A, 0xE0, 0x06, 0x48, 0x00, 0x68, 0x92, 0x00
	.byte 0x80, 0x18, 0x00, 0x68, 0x81, 0x68, 0xC0, 0x68, 0x09, 0x18, 0x03, 0x48, 0x12, 0x18, 0x10, 0x68
	.byte 0x09, 0x18, 0x71, 0x60, 0x0C, 0xE0, 0xC8, 0x9D, 0x03, 0x02, 0x58, 0x37, 0x03, 0x09, 0x12, 0x48
	.byte 0x00, 0x68, 0x91, 0x00, 0x40, 0x18, 0x01, 0x68, 0x88, 0x68, 0xC9, 0x68, 0x40, 0x18, 0x70, 0x60
	.byte 0x0E, 0x4C, 0x20, 0x68, 0x89, 0x30, 0x00, 0x78, 0x30, 0x82, 0x30, 0x1C, 0x00, 0xF0, 0x07, 0xF9
	.byte 0x00, 0x2F, 0x52, 0xD0, 0x38, 0x1C, 0x24, 0x30, 0x00, 0x78, 0x00, 0x28, 0x0F, 0xD0, 0x80, 0x23
	.byte 0x5B, 0x00, 0x21, 0x68, 0x08, 0x6D, 0x00, 0x90, 0x48, 0x6D, 0x01, 0x90, 0x02, 0x20, 0x00, 0x21
	.byte 0x1A, 0x1C, 0x90, 0xF7, 0x5A, 0xFD, 0x5E, 0xE0, 0x00, 0x00, 0xC8, 0x9D, 0x03, 0x02, 0x30, 0x7A
	.byte 0x4D, 0x28, 0x0E, 0xD1, 0x20, 0x68, 0x81, 0x6D, 0x09, 0x12, 0x08, 0x31, 0x09, 0x04, 0x09, 0x0C
	.byte 0xC2, 0x6D, 0x12, 0x12, 0x28, 0x32, 0x12, 0x04, 0x12, 0x0C, 0x03, 0x20, 0x90, 0xF7, 0x1F, 0xFB
	.byte 0x09, 0xE0, 0x20, 0x68, 0x81, 0x6D, 0x09, 0x02, 0x09, 0x0C, 0xC2, 0x6D, 0x12, 0x02, 0x12, 0x0C
	.byte 0x03, 0x20, 0x90, 0xF7, 0x14, 0xFB, 0x0F, 0x4C, 0x22, 0x68, 0x10, 0x1C, 0x78, 0x30, 0x00, 0x78
	.byte 0x00, 0x28, 0x08, 0xD0, 0x91, 0x6D, 0x09, 0x02, 0x09, 0x0C, 0xD2, 0x6D, 0x12, 0x02, 0x12, 0x0C
	.byte 0x02, 0x20, 0x90, 0xF7, 0x04, 0xFB, 0x22, 0x68, 0x10, 0x1C, 0x79, 0x30, 0x00, 0x78, 0x00, 0x28
	.byte 0x29, 0xD0, 0x91, 0x6D, 0x09, 0x02, 0x09, 0x0C, 0xD2, 0x6D, 0x12, 0x02, 0x12, 0x0C, 0x01, 0x20
	.byte 0x90, 0xF7, 0xF5, 0xFA, 0x1F, 0xE0, 0xC8, 0x9D, 0x03, 0x02, 0x22, 0x48, 0x01, 0x68, 0x22, 0x68
	.byte 0x90, 0x6D, 0x08, 0x60, 0xD0, 0x6D, 0x48, 0x60, 0x91, 0x6D, 0x09, 0x12, 0x08, 0x31, 0x09, 0x04
	.byte 0x09, 0x0C, 0xD2, 0x6D, 0x12, 0x12, 0x28, 0x32, 0x12, 0x04, 0x12, 0x0C, 0x00, 0x20, 0x90, 0xF7
	.byte 0xDE, 0xFA, 0x20, 0x68, 0x81, 0x6D, 0x09, 0x02, 0x09, 0x0C, 0xC2, 0x6D, 0x12, 0x02, 0x12, 0x0C
	.byte 0x01, 0x20, 0x90, 0xF7, 0xD4, 0xFA, 0x14, 0x4C, 0x20, 0x68, 0x40, 0x6E, 0x04, 0x21, 0x08, 0x40
	.byte 0x00, 0x28, 0x03, 0xD0, 0x12, 0x49, 0x40, 0x46, 0x8C, 0xF7, 0x6D, 0xF9, 0x00, 0x2F, 0x10, 0xD0
	.byte 0x38, 0x1C, 0x2D, 0x30, 0x01, 0x78, 0x01, 0x20, 0x08, 0x40, 0x00, 0x28, 0x09, 0xD0, 0x20, 0x68
	.byte 0x81, 0x6C, 0x09, 0x02, 0x09, 0x0C, 0xC2, 0x6C, 0x12, 0x02, 0x12, 0x0C, 0x03, 0x20, 0x55, 0xF0
	.byte 0x48, 0xFB, 0x30, 0x1C, 0x00, 0xF0, 0x99, 0xF9, 0x01, 0x20, 0x02, 0xB0, 0x08, 0xBC, 0x98, 0x46
	.byte 0xF0, 0xBC, 0x02, 0xBC, 0x08, 0x47, 0x84, 0x9B, 0x03, 0x02, 0xC8, 0x9D, 0x03, 0x02, 0xC9, 0x4E
	.byte 0x07, 0x08, 0x70, 0x47, 0x00, 0x00, 0x70, 0x47, 0x00, 0x00
	thumb_func_start func_08074D00
func_08074D00: @ 08074D00
	ldr r1, _08074D10 @ =0x02039DC8
	ldr r2, [r1, #0x00]
	ldr r1, [r0, #0x00]
	str r1, [r2, #0x50]
	ldr r0, [r0, #0x04]
	str r0, [r2, #0x54]
	bx lr
	.byte 0x00, 0x00
_08074D10: .4byte 0x02039DC8
	thumb_func_start func_08074D14
func_08074D14: @ 08074D14
	push {r4, r5, lr}
	adds r4, r0, #0x0
	bl func_08074D00
	ldr r0, _08074D48 @ =0x02039DC8
	ldr r2, [r0, #0x00]
	ldr r0, [r2, #0x50]
	ldr r1, _08074D4C @ =0xFFFF8800
	adds r3, r0, r1
	ldr r0, [r2, #0x54]
	ldr r1, _08074D50 @ =0xFFFFB000
	adds r5, r0, r1
	ldrb r1, [r4, #0x09]
	lsls r1, r1, #0x05
	ldr r0, [r4, #0x0C]
	adds r0, r0, r1
	ldr r0, [r0, #0x14]
	movs r1, #0xB0
	lsls r1, r1, #0x06
	ands r0, r1
	cmp r0, #0x00
	beq _08074D54
	str r3, [r2, #0x48]
	str r5, [r2, #0x4C]
	b _08074D68
	.byte 0x00, 0x00
_08074D48: .4byte 0x02039DC8
_08074D4C: .4byte 0xFFFF8800
_08074D50: .4byte 0xFFFFB000
_08074D54:
	ldr r1, [r2, #0x48]
	subs r0, r3, r1
	asrs r0, r0, #0x03
	adds r1, r1, r0
	str r1, [r2, #0x48]
	ldr r1, [r2, #0x4C]
	subs r0, r5, r1
	asrs r0, r0, #0x03
	adds r1, r1, r0
	str r1, [r2, #0x4C]
_08074D68:
	ldr r0, _08074D94 @ =0x02039DC8
	ldr r2, [r0, #0x00]
	adds r0, r2, #0x0
	adds r0, #0x68
	movs r3, #0x00
	ldsh r1, [r0, r3]
	lsls r1, r1, #0x08
	ldr r0, [r2, #0x48]
	adds r0, r0, r1
	str r0, [r2, #0x58]
	adds r0, r2, #0x0
	adds r0, #0x6A
	movs r3, #0x00
	ldsh r1, [r0, r3]
	lsls r1, r1, #0x08
	ldr r0, [r2, #0x4C]
	adds r0, r0, r1
	str r0, [r2, #0x5C]
	pop {r4, r5}
	pop {r0}
	bx r0
	.byte 0x00, 0x00
_08074D94: .4byte 0x02039DC8
	.byte 0x00, 0xB5, 0xFF, 0xF7, 0xB1, 0xFF, 0x06, 0x48, 0x02, 0x68, 0x11, 0x6D, 0x05, 0x48, 0x09, 0x18
	.byte 0x50, 0x6D, 0x05, 0x4B, 0xC0, 0x18, 0x91, 0x64, 0xD0, 0x64, 0x01, 0xBC, 0x00, 0x47, 0x00, 0x00
	.byte 0xC8, 0x9D, 0x03, 0x02, 0x00, 0x88, 0xFF, 0xFF, 0x00, 0xB0, 0xFF, 0xFF
	thumb_func_start func_08074DC4
func_08074DC4: @ 08074DC4
	push {r4, r5, r6, lr}
	adds r4, r0, #0x0
	bl func_08074D00
	ldr r6, _08074E00 @ =0x02039DC8
	ldr r2, [r6, #0x00]
	ldr r0, [r2, #0x50]
	ldr r3, _08074E04 @ =0xFFFF8800
	adds r1, r0, r3
	ldr r0, [r2, #0x54]
	ldr r3, _08074E08 @ =0xFFFFB000
	adds r5, r0, r3
	ldrh r0, [r4, #0x10]
	cmp r0, #0x00
	beq _08074E0C
	adds r0, r2, #0x0
	adds r0, #0x48
	ldrh r2, [r4, #0x10]
	bl func_080058FC
	ldr r0, [r6, #0x00]
	adds r0, #0x4C
	ldrh r2, [r4, #0x10]
	adds r1, r5, #0x0
	bl func_080058FC
	ldrh r0, [r4, #0x10]
	subs r0, #0x01
	strh r0, [r4, #0x10]
	b _08074E10
_08074E00: .4byte 0x02039DC8
_08074E04: .4byte 0xFFFF8800
_08074E08: .4byte 0xFFFFB000
_08074E0C:
	str r1, [r2, #0x48]
	str r5, [r2, #0x4C]
_08074E10:
	ldr r0, _08074E3C @ =0x02039DC8
	ldr r2, [r0, #0x00]
	adds r0, r2, #0x0
	adds r0, #0x68
	movs r3, #0x00
	ldsh r1, [r0, r3]
	lsls r1, r1, #0x08
	ldr r0, [r2, #0x48]
	adds r0, r0, r1
	str r0, [r2, #0x58]
	adds r0, r2, #0x0
	adds r0, #0x6A
	movs r3, #0x00
	ldsh r1, [r0, r3]
	lsls r1, r1, #0x08
	ldr r0, [r2, #0x4C]
	adds r0, r0, r1
	str r0, [r2, #0x5C]
	pop {r4, r5, r6}
	pop {r0}
	bx r0
	.byte 0x00, 0x00
_08074E3C: .4byte 0x02039DC8
	thumb_func_start func_08074E40
func_08074E40: @ 08074E40
	push {r4, lr}
	ldr r2, _08074E70 @ =0x09EE3FB4
	ldrb r1, [r0, #0x08]
	lsls r1, r1, #0x02
	adds r1, r1, r2
	ldr r1, [r1, #0x00]
	ldrb r2, [r1, #0x00]
	ldr r4, [r1, #0x04]
	ldrb r1, [r0, #0x09]
	lsls r1, r1, #0x05
	ldr r0, [r0, #0x0C]
	adds r0, r0, r1
	movs r1, #0x00
	cmp r1, r2
	bcs _08074E7E
	ldrb r3, [r0, #0x10]
_08074E60:
	lsls r0, r1, #0x03
	adds r0, r0, r4
	ldrb r0, [r0, #0x04]
	cmp r3, r0
	bne _08074E74
	adds r0, r1, #0x0
	b _08074E80
	.byte 0x00, 0x00
_08074E70: .4byte 0x09EE3FB4
_08074E74:
	adds r0, r1, #0x1
	lsls r0, r0, #0x18
	lsrs r1, r0, #0x18
	cmp r1, r2
	bcc _08074E60
_08074E7E:
	movs r0, #0xFF
_08074E80:
	pop {r4}
	pop {r1}
	bx r1
	.byte 0x00, 0x00
	thumb_func_start func_08074E88
func_08074E88: @ 08074E88
	push {r4, lr}
	lsls r1, r1, #0x18
	lsrs r4, r1, #0x18
	ldr r1, _08074EB0 @ =0x09EE3FB4
	ldrb r0, [r0, #0x08]
	lsls r0, r0, #0x02
	adds r0, r0, r1
	ldr r0, [r0, #0x00]
	ldrb r2, [r0, #0x00]
	ldr r3, [r0, #0x04]
	movs r1, #0x00
	cmp r1, r2
	bcs _08074EBE
_08074EA2:
	lsls r0, r1, #0x03
	adds r0, r0, r3
	ldrb r0, [r0, #0x04]
	cmp r4, r0
	bne _08074EB4
	adds r0, r1, #0x0
	b _08074EC0
_08074EB0: .4byte 0x09EE3FB4
_08074EB4:
	adds r0, r1, #0x1
	lsls r0, r0, #0x18
	lsrs r1, r0, #0x18
	cmp r1, r2
	bcc _08074EA2
_08074EBE:
	movs r0, #0xFF
_08074EC0:
	pop {r4}
	pop {r1}
	bx r1
	.byte 0x00, 0x00, 0x30, 0xB5, 0x82, 0xB0, 0x04, 0x1C, 0x00, 0x21, 0xFF, 0xF7, 0xDA, 0xFF, 0x00, 0x06
	.byte 0x13, 0x4A, 0x21, 0x7A, 0x89, 0x00, 0x89, 0x18, 0x0A, 0x68, 0x11, 0x4D, 0x29, 0x68, 0x80, 0x0D
	.byte 0x09, 0x18, 0x09, 0x68, 0x48, 0x68, 0x20, 0x60, 0x88, 0x68, 0xC9, 0x68, 0x40, 0x18, 0x60, 0x60
	.byte 0x00, 0x2A, 0x62, 0xD0, 0x10, 0x1C, 0x24, 0x30, 0x00, 0x78, 0x00, 0x28, 0x13, 0xD0, 0x20, 0x1C
	.byte 0xFF, 0xF7, 0x47, 0xFF, 0x80, 0x23, 0x5B, 0x00, 0x29, 0x68, 0x08, 0x6D, 0x00, 0x90, 0x48, 0x6D
	.byte 0x01, 0x90, 0x02, 0x20, 0x00, 0x21, 0x1A, 0x1C, 0x90, 0xF7, 0xB7, 0xFB, 0x6E, 0xE0, 0xA0, 0x3C
	.byte 0xEE, 0x09, 0xC8, 0x9D, 0x03, 0x02, 0x20, 0x1C, 0xFF, 0xF7, 0xF1, 0xFE, 0x20, 0x7A, 0x4D, 0x28
	.byte 0x12, 0xD1, 0x28, 0x68, 0x81, 0x6C, 0x09, 0x12, 0x02, 0x1C, 0x68, 0x32, 0x08, 0x31, 0x12, 0x88
	.byte 0x89, 0x18, 0x09, 0x04, 0x09, 0x0C, 0xC2, 0x6C, 0x12, 0x12, 0x28, 0x32, 0x12, 0x04, 0x12, 0x0C
	.byte 0x03, 0x20, 0x90, 0xF7, 0x74, 0xF9, 0x0E, 0xE0, 0x28, 0x68, 0x81, 0x6C, 0x02, 0x1C, 0x68, 0x32
	.byte 0x09, 0x12, 0x12, 0x88, 0x89, 0x18, 0x09, 0x04, 0x09, 0x0C, 0xC2, 0x6C, 0x12, 0x02, 0x12, 0x0C
	.byte 0x03, 0x20, 0x90, 0xF7, 0x64, 0xF9, 0x0F, 0x4C, 0x22, 0x68, 0x10, 0x1C, 0x78, 0x30, 0x00, 0x78
	.byte 0x00, 0x28, 0x08, 0xD0, 0x91, 0x6C, 0x09, 0x02, 0x09, 0x0C, 0xD2, 0x6C, 0x12, 0x02, 0x12, 0x0C
	.byte 0x02, 0x20, 0x90, 0xF7, 0x54, 0xF9, 0x22, 0x68, 0x10, 0x1C, 0x79, 0x30, 0x00, 0x78, 0x00, 0x28
	.byte 0x2C, 0xD0, 0x91, 0x6C, 0x09, 0x02, 0x09, 0x0C, 0xD2, 0x6C, 0x12, 0x02, 0x12, 0x0C, 0x01, 0x20
	.byte 0x90, 0xF7, 0x45, 0xF9, 0x22, 0xE0, 0xC8, 0x9D, 0x03, 0x02, 0x20, 0x1C, 0xFF, 0xF7, 0xA7, 0xFE
	.byte 0x11, 0x48, 0x01, 0x68, 0x2A, 0x68, 0x90, 0x6C, 0x08, 0x60, 0xD0, 0x6C, 0x48, 0x60, 0x91, 0x6C
	.byte 0x09, 0x12, 0x08, 0x31, 0x09, 0x04, 0x09, 0x0C, 0xD2, 0x6C, 0x12, 0x12, 0x28, 0x32, 0x12, 0x04
	.byte 0x12, 0x0C, 0x00, 0x20, 0x90, 0xF7, 0x2B, 0xF9, 0x28, 0x68, 0x81, 0x6C, 0x09, 0x02, 0x09, 0x0C
	.byte 0xC2, 0x6C, 0x12, 0x02, 0x12, 0x0C, 0x01, 0x20, 0x90, 0xF7, 0x21, 0xF9, 0x01, 0x20, 0x02, 0xB0
	.byte 0x30, 0xBC, 0x02, 0xBC, 0x08, 0x47, 0x84, 0x9B, 0x03, 0x02, 0xF0, 0xB5, 0x05, 0x1C, 0xA8, 0x7E
	.byte 0x01, 0x28, 0x1D, 0xD1, 0x00, 0x22, 0x2F, 0x1C, 0x1C, 0x37, 0x0E, 0x48, 0x06, 0x68, 0x0E, 0x48
	.byte 0x84, 0x46, 0x50, 0x00, 0x3C, 0x18, 0xB0, 0x6D, 0x03, 0x12, 0xE8, 0x8A, 0x10, 0x18, 0x40, 0x00
	.byte 0xFF, 0x21, 0x08, 0x40, 0x40, 0x00, 0x60, 0x44, 0x00, 0x78, 0x40, 0x11, 0x18, 0x18, 0x20, 0x80
	.byte 0x50, 0x1C, 0x00, 0x06, 0x02, 0x0E, 0x9F, 0x2A, 0xEB, 0xD9, 0xE8, 0x8A, 0x01, 0x30, 0xE8, 0x82
	.byte 0xF0, 0xBC, 0x01, 0xBC, 0x00, 0x47, 0xC8, 0x9D, 0x03, 0x02, 0x00, 0x14, 0x12, 0x08
	thumb_func_start func_08075064
func_08075064: @ 08075064
	push {r4, lr}
	lsls r0, r0, #0x18
	lsrs r0, r0, #0x18
	movs r2, #0x00
	cmp r0, #0x00
	beq _08075076
	cmp r0, #0x01
	beq _080750A0
	b _080750C4
_08075076:
	ldr r3, _0807509C @ =0x09033D50
	movs r1, #0x00
	ldsh r0, [r3, r1]
	movs r1, #0x01
	negs r1, r1
	cmp r0, r1
	beq _080750C4
_08075084:
	lsls r0, r2, #0x10
	movs r2, #0x80
	lsls r2, r2, #0x09
	adds r0, r0, r2
	lsrs r2, r0, #0x10
	asrs r0, r0, #0x0F
	adds r0, r0, r3
	movs r4, #0x00
	ldsh r0, [r0, r4]
	cmp r0, r1
	bne _08075084
	b _080750C4
_0807509C: .4byte 0x09033D50
_080750A0:
	ldr r3, _080750D0 @ =0x09033E76
	movs r1, #0x00
	ldsh r0, [r3, r1]
	movs r1, #0x01
	negs r1, r1
	cmp r0, r1
	beq _080750C4
_080750AE:
	lsls r0, r2, #0x10
	movs r2, #0x80
	lsls r2, r2, #0x09
	adds r0, r0, r2
	lsrs r2, r0, #0x10
	asrs r0, r0, #0x0F
	adds r0, r0, r3
	movs r4, #0x00
	ldsh r0, [r0, r4]
	cmp r0, r1
	bne _080750AE
_080750C4:
	lsls r0, r2, #0x10
	asrs r0, r0, #0x10
	pop {r4}
	pop {r1}
	bx r1
	.byte 0x00, 0x00
_080750D0: .4byte 0x09033E76
