@ Generated with Luvdis v0.8.0
.syntax unified
.text
@ Begin embedded Luvdis macros
	.macro arm_func_start name
	.align 2, 0
	.global \name
	.arm
	.type \name, %function
	.endm

	.macro arm_func_end name
	.size \name, .-\name
	.endm

	.macro thumb_func_start name
	.align 2, 0
	.global \name
	.thumb
	.thumb_func
	.type \name, %function
	.endm

	.macro non_word_aligned_thumb_func_start name
	.global \name
	.thumb
	.thumb_func
	.type \name, %function
	.endm

	.macro thumb_func_end name
	.size \name, .-\name
	.endm
@ End embedded Luvdis macros

	thumb_func_start func_080DFEBC
func_080DFEBC: @ 080DFEBC
	push {r4, r5, r6, r7, lr}
	adds r5, r0, #0x0
	adds r6, r1, #0x0
	adds r7, r2, #0x0
	bl func_080DFB8C
	adds r4, r0, #0x0
	cmp r4, #0x00
	bne _080DFED2
	movs r0, #0x00
	b _080DFF16
_080DFED2:
	ldr r0, [r4, #0x08]
	cmp r0, r7
	bge _080DFEF6
	ldrb r1, [r4, #0x02]
	cmp r1, #0x04
	beq _080DFEE2
	cmp r1, #0x06
	bne _080DFF16
_080DFEE2:
	adds r0, r4, #0x0
	adds r1, r5, #0x0
	adds r2, r6, #0x0
	bl func_080E86C8
	lsls r0, r0, #0x18
	cmp r0, #0x00
	beq _080DFF10
_080DFEF2:
	ldr r0, [r4, #0x08]
	b _080DFF16
_080DFEF6:
	ldrb r0, [r4, #0x02]
	cmp r0, #0x03
	beq _080DFF00
	cmp r0, #0x05
	bne _080DFF14
_080DFF00:
	adds r0, r4, #0x0
	adds r1, r5, #0x0
	adds r2, r6, #0x0
	bl func_080E86C8
	lsls r0, r0, #0x18
	cmp r0, #0x00
	beq _080DFEF2
_080DFF10:
	ldr r0, [r4, #0x0C]
	b _080DFF16
_080DFF14:
	ldr r0, [r4, #0x0C]
_080DFF16:
	pop {r4, r5, r6, r7}
	pop {r1}
	bx r1
	thumb_func_start func_080DFF1C
func_080DFF1C: @ 080DFF1C
	push {lr}
	ldr r3, [r0, #0x00]
	ldr r1, [r0, #0x04]
	ldr r2, [r0, #0x0C]
	adds r1, r1, r2
	adds r0, r3, #0x0
	bl func_080DFEBC
	pop {r1}
	bx r1
	thumb_func_start func_080DFF30
func_080DFF30: @ 080DFF30
	push {lr}
	ldr r3, [r0, #0x00]
	ldr r1, [r0, #0x04]
	ldr r0, [r0, #0x08]
	adds r1, r1, r0
	ldr r2, _080DFF48 @ =0xFFF00000
	adds r0, r3, #0x0
	bl func_080DFEBC
	pop {r1}
	bx r1
	.byte 0x00, 0x00
_080DFF48: .4byte 0xFFF00000
	thumb_func_start func_080DFF4C
func_080DFF4C: @ 080DFF4C
	push {r4, lr}
	adds r4, r0, #0x0
	bl func_080DFF30
	str r0, [r4, #0x0C]
	pop {r4}
	pop {r0}
	bx r0
	thumb_func_start func_080DFF5C
func_080DFF5C: @ 080DFF5C
	push {r4, lr}
	adds r4, r0, #0x0
	ldr r0, [sp, #0x008]
	lsls r3, r3, #0x18
	lsls r0, r0, #0x18
	lsls r1, r1, #0x10
	asrs r1, r1, #0x03
	lsrs r3, r3, #0x0C
	adds r1, r1, r3
	str r1, [r4, #0x00]
	lsls r2, r2, #0x10
	asrs r2, r2, #0x04
	lsrs r0, r0, #0x0D
	adds r2, r2, r0
	str r2, [r4, #0x04]
	movs r0, #0x00
	str r0, [r4, #0x08]
	adds r0, r4, #0x0
	bl func_080DFF30
	str r0, [r4, #0x0C]
	str r0, [r4, #0x08]
	ldr r1, [r4, #0x04]
	subs r1, r1, r0
	str r1, [r4, #0x04]
	pop {r4}
	pop {r0}
	bx r0
	.byte 0x00, 0xB5, 0x89, 0x18, 0xFF, 0xF7, 0xF8, 0xFD, 0x80, 0x78, 0x01, 0x38, 0x08, 0x28, 0x1F, 0xD8
	.byte 0x80, 0x00, 0x02, 0x49, 0x40, 0x18, 0x00, 0x68, 0x87, 0x46, 0x00, 0x00, 0xB4, 0xFF, 0x0D, 0x08
	.byte 0xD8, 0xFF, 0x0D, 0x08, 0xD8, 0xFF, 0x0D, 0x08, 0xDC, 0xFF, 0x0D, 0x08, 0xDC, 0xFF, 0x0D, 0x08
	.byte 0xE0, 0xFF, 0x0D, 0x08, 0xE0, 0xFF, 0x0D, 0x08, 0xD8, 0xFF, 0x0D, 0x08, 0xDC, 0xFF, 0x0D, 0x08
	.byte 0xE0, 0xFF, 0x0D, 0x08, 0x00, 0x20, 0x04, 0xE0, 0xD3, 0x20, 0x02, 0xE0, 0x2D, 0x20, 0x00, 0xE0
	.byte 0x80, 0x20, 0x02, 0xBC, 0x08, 0x47, 0x00, 0x00, 0x10, 0xB5, 0x04, 0x1C, 0x21, 0x1D, 0x05, 0xF0
	.byte 0x2B, 0xF9, 0x00, 0x20, 0xA0, 0x60, 0x20, 0x1C, 0xFF, 0xF7, 0x98, 0xFF, 0xE0, 0x60, 0xA0, 0x60
	.byte 0x61, 0x68, 0x09, 0x1A, 0x61, 0x60, 0x10, 0xBC, 0x01, 0xBC, 0x00, 0x47
	thumb_func_start func_080E0010
func_080E0010: @ 080E0010
	adds r1, r0, #0x0
	ldr r0, _080E002C @ =0xFFFF8800
	adds r1, r1, r0
	ldr r0, _080E0030 @ =0x02039BA0
	ldr r0, [r0, #0x00]
	ldrh r0, [r0, #0x10]
	lsls r0, r0, #0x0B
	ldr r2, _080E0034 @ =0xFFFF1000
	adds r0, r0, r2
	cmp r1, #0x00
	bge _080E0038
	movs r1, #0x00
	b _080E003E
	.byte 0x00, 0x00
_080E002C: .4byte 0xFFFF8800
_080E0030: .4byte 0x02039BA0
_080E0034: .4byte 0xFFFF1000
_080E0038:
	cmp r1, r0
	ble _080E003E
	adds r1, r0, #0x0
_080E003E:
	adds r0, r1, #0x0
	bx lr
	.byte 0x00, 0x00
	thumb_func_start func_080E0044
func_080E0044: @ 080E0044
	adds r1, r0, #0x0
	ldr r0, _080E0060 @ =0xFFFFA000
	adds r1, r1, r0
	ldr r0, _080E0064 @ =0x02039BA0
	ldr r0, [r0, #0x00]
	ldrh r0, [r0, #0x12]
	lsls r0, r0, #0x0B
	ldr r2, _080E0068 @ =0xFFFF6000
	adds r0, r0, r2
	cmp r1, #0x00
	bge _080E006C
	movs r1, #0x00
	b _080E0072
	.byte 0x00, 0x00
_080E0060: .4byte 0xFFFFA000
_080E0064: .4byte 0x02039BA0
_080E0068: .4byte 0xFFFF6000
_080E006C:
	cmp r1, r0
	ble _080E0072
	adds r1, r0, #0x0
_080E0072:
	adds r0, r1, #0x0
	bx lr
	.byte 0x00, 0x00
	thumb_func_start func_080E0078
func_080E0078: @ 080E0078
	push {r4, r5, lr}
	ldr r4, _080E00E0 @ =0x02039BA0
	ldr r0, [r4, #0x00]
	ldr r0, [r0, #0x08]
	bl func_080E0010
	ldr r1, [r4, #0x00]
	str r0, [r1, #0x00]
	ldr r0, [r1, #0x0C]
	bl func_080E0044
	ldr r1, [r4, #0x00]
	str r0, [r1, #0x04]
	ldr r1, [r1, #0x00]
	lsls r1, r1, #0x08
	lsrs r1, r1, #0x10
	lsls r0, r0, #0x08
	lsrs r5, r0, #0x10
	lsls r4, r1, #0x10
	asrs r0, r4, #0x10
	cmp r0, #0x00
	bge _080E00A6
	adds r0, #0x07
_080E00A6:
	asrs r0, r0, #0x03
	lsls r5, r5, #0x10
	asrs r1, r5, #0x10
	cmp r1, #0x00
	bge _080E00B2
	adds r1, #0x07
_080E00B2:
	asrs r1, r1, #0x03
	bl func_080E4B78
	lsrs r4, r4, #0x10
	lsrs r5, r5, #0x10
	movs r0, #0x03
	adds r1, r4, #0x0
	adds r2, r5, #0x0
	bl func_080054EC
	movs r0, #0x02
	adds r1, r4, #0x0
	adds r2, r5, #0x0
	bl func_080054EC
	movs r0, #0x01
	adds r1, r4, #0x0
	adds r2, r5, #0x0
	bl func_080054EC
	pop {r4, r5}
	pop {r0}
	bx r0
_080E00E0: .4byte 0x02039BA0
	.byte 0xF0, 0xB5, 0x47, 0x46, 0x80, 0xB4, 0x02, 0x1C, 0x0D, 0x1C, 0x08, 0x48, 0x00, 0x68, 0x00, 0x6F
	.byte 0x80, 0x21, 0xC9, 0x02, 0x08, 0x40, 0x00, 0x28, 0x0A, 0xD1, 0x10, 0x1C, 0xFF, 0xF7, 0x86, 0xFF
	.byte 0x04, 0x1C, 0x28, 0x1C, 0xFF, 0xF7, 0x9C, 0xFF, 0x03, 0x1C, 0x05, 0xE0, 0xA0, 0x9B, 0x03, 0x02
	.byte 0x29, 0x48, 0x14, 0x18, 0x29, 0x49, 0x6B, 0x18, 0x29, 0x49, 0x08, 0x68, 0x00, 0x68, 0x20, 0x1A
	.byte 0xC4, 0x10, 0x80, 0x22, 0x12, 0x01, 0x94, 0x42, 0x02, 0xDC, 0x26, 0x4A, 0x94, 0x42, 0x00, 0xDA
	.byte 0x14, 0x1C, 0x08, 0x68, 0x40, 0x68, 0x18, 0x1A, 0xC5, 0x10, 0x80, 0x20, 0x00, 0x01, 0x85, 0x42
	.byte 0x02, 0xDC, 0x20, 0x48, 0x85, 0x42, 0x00, 0xDA, 0x05, 0x1C, 0x20, 0x1C, 0x00, 0x2C, 0x00, 0xDA
	.byte 0x60, 0x42, 0x32, 0x28, 0x00, 0xDC, 0x00, 0x24, 0x28, 0x1C, 0x00, 0x2D, 0x00, 0xDA, 0x68, 0x42
	.byte 0x32, 0x28, 0x00, 0xDC, 0x00, 0x25, 0x16, 0x48, 0x01, 0x68, 0x0A, 0x68, 0x12, 0x19, 0x0A, 0x60
	.byte 0x48, 0x68, 0x43, 0x19, 0x4B, 0x60, 0x00, 0x2A, 0x01, 0xDA, 0x13, 0x48, 0x12, 0x18, 0x50, 0x01
	.byte 0x07, 0x0C, 0x18, 0x1C, 0x00, 0x28, 0x01, 0xDA, 0x0F, 0x49, 0x40, 0x18, 0x40, 0x01, 0x00, 0x0C
	.byte 0x80, 0x46, 0x05, 0xF0, 0xB5, 0xF9, 0x06, 0x1C, 0x00, 0x2C, 0x19, 0xDD, 0x39, 0x04, 0xF0, 0x20
	.byte 0x40, 0x03, 0x09, 0x18, 0x09, 0x14, 0x40, 0x46, 0x02, 0x04, 0x08, 0x48, 0x12, 0x18, 0x12, 0x14
	.byte 0x30, 0x1C, 0x04, 0xF0, 0x1B, 0xFF, 0x19, 0xE0, 0x00, 0x88, 0xFF, 0xFF, 0x00, 0xA0, 0xFF, 0xFF
	.byte 0xA0, 0x9B, 0x03, 0x02, 0x00, 0xF8, 0xFF, 0xFF, 0xFF, 0x07, 0x00, 0x00, 0x00, 0x00, 0xFF, 0xFF
	.byte 0x00, 0x2C, 0x0B, 0xDA, 0x39, 0x04, 0x0E, 0x48, 0x09, 0x18, 0x09, 0x14, 0x40, 0x46, 0x02, 0x04
	.byte 0x0B, 0x48, 0x12, 0x18, 0x12, 0x14, 0x30, 0x1C, 0x04, 0xF0, 0x00, 0xFF, 0xC0, 0x36, 0x00, 0x2D
	.byte 0x10, 0xDD, 0x39, 0x04, 0x06, 0x48, 0x09, 0x18, 0x09, 0x14, 0x40, 0x46, 0x02, 0x04, 0xA0, 0x20
	.byte 0x40, 0x03, 0x12, 0x18, 0x12, 0x14, 0x30, 0x1C, 0x04, 0xF0, 0xD8, 0xFF, 0x10, 0xE0, 0x00, 0x00
	.byte 0x00, 0x00, 0xFF, 0xFF, 0x00, 0x2D, 0x0B, 0xDA, 0x39, 0x04, 0x1B, 0x48, 0x09, 0x18, 0x09, 0x14
	.byte 0x40, 0x46, 0x02, 0x04, 0x18, 0x48, 0x12, 0x18, 0x12, 0x14, 0x30, 0x1C, 0x04, 0xF0, 0xC6, 0xFF
	.byte 0x16, 0x4C, 0x20, 0x68, 0x01, 0x68, 0x09, 0x02, 0x09, 0x0C, 0x42, 0x68, 0x12, 0x02, 0x12, 0x0C
	.byte 0x03, 0x20, 0x25, 0xF7, 0x51, 0xF9, 0x20, 0x68, 0x01, 0x68, 0x09, 0x02, 0x09, 0x0C, 0x42, 0x68
	.byte 0x12, 0x02, 0x12, 0x0C, 0x02, 0x20, 0x25, 0xF7, 0x47, 0xF9, 0x0D, 0x48, 0x00, 0x68, 0x00, 0x68
	.byte 0x01, 0x21, 0x08, 0x40, 0x00, 0x28, 0x09, 0xD1, 0x20, 0x68, 0x01, 0x68, 0x09, 0x02, 0x09, 0x0C
	.byte 0x42, 0x68, 0x12, 0x02, 0x12, 0x0C, 0x01, 0x20, 0x25, 0xF7, 0x36, 0xF9, 0x08, 0xBC, 0x98, 0x46
	.byte 0xF0, 0xBC, 0x01, 0xBC, 0x00, 0x47, 0x00, 0x00, 0x00, 0x00, 0xFF, 0xFF, 0xA0, 0x9B, 0x03, 0x02
	.byte 0xAC, 0xC7, 0x03, 0x02
	thumb_func_start func_080E0298
func_080E0298: @ 080E0298
	ldr r2, _080E02A4 @ =0x02039BA0
	ldr r2, [r2, #0x00]
	str r0, [r2, #0x08]
	str r1, [r2, #0x0C]
	bx lr
	.byte 0x00, 0x00
_080E02A4: .4byte 0x02039BA0
	.byte 0x04, 0x4A, 0x13, 0x68, 0x9A, 0x68, 0x12, 0x18, 0x9A, 0x60, 0xD8, 0x68, 0x40, 0x18, 0xD8, 0x60
	.byte 0x70, 0x47, 0x00, 0x00, 0xA0, 0x9B, 0x03, 0x02
	thumb_func_start func_080E02C0
func_080E02C0: @ 080E02C0
	push {r4, r5, lr}
	ldr r5, _080E02DC @ =0x0203C7AC
	ldr r3, [r5, #0x00]
	adds r3, #0x20
	movs r4, #0x01
	strb r4, [r3, #0x00]
	ldr r3, [r5, #0x00]
	str r0, [r3, #0x24]
	str r1, [r3, #0x28]
	str r2, [r3, #0x2C]
	pop {r4, r5}
	pop {r0}
	bx r0
	.byte 0x00, 0x00
_080E02DC: .4byte 0x0203C7AC
	thumb_func_start func_080E02E0
func_080E02E0: @ 080E02E0
	push {r4, r5, r6, r7, lr}
	adds r6, r0, #0x0
	lsls r1, r1, #0x10
	lsrs r3, r1, #0x10
	lsls r2, r2, #0x10
	lsrs r2, r2, #0x10
	mov r12, r2
	ldr r0, _080E0364 @ =0x0203C7AC
	ldr r5, [r0, #0x00]
	adds r0, r5, #0x0
	adds r0, #0x20
	ldrb r0, [r0, #0x00]
	cmp r0, #0x00
	beq _080E035E
	ldr r0, [r5, #0x00]
	movs r1, #0x80
	ands r0, r1
	cmp r0, #0x00
	bne _080E035E
	ldr r4, [r5, #0x24]
	ldr r1, _080E0368 @ =0xFFFFEC00
	adds r0, r4, r1
	lsls r1, r3, #0x10
	asrs r3, r1, #0x08
	ldr r2, [r6, #0x00]
	adds r1, r2, r3
	cmp r0, r1
	bgt _080E035E
	movs r7, #0xA0
	lsls r7, r7, #0x05
	adds r1, r4, r7
	subs r0, r2, r3
	cmp r1, r0
	blt _080E035E
	ldr r4, [r5, #0x28]
	ldr r2, _080E0368 @ =0xFFFFEC00
	adds r1, r4, r2
	ldr r2, [r6, #0x04]
	adds r0, r2, r3
	cmp r1, r0
	bgt _080E035E
	adds r1, r4, r7
	subs r0, r2, r3
	cmp r1, r0
	blt _080E035E
	ldr r3, [r5, #0x2C]
	ldr r1, _080E036C @ =0xFFFFE000
	adds r0, r3, r1
	ldr r4, [r6, #0x08]
	cmp r0, r4
	bgt _080E035E
	movs r2, #0x80
	lsls r2, r2, #0x04
	adds r1, r3, r2
	mov r2, r12
	lsls r0, r2, #0x10
	asrs r0, r0, #0x08
	subs r0, r4, r0
	cmp r1, r0
	blt _080E035E
	ldr r0, [r6, #0x0C]
	cmp r3, r0
	ble _080E0370
_080E035E:
	movs r0, #0x00
	b _080E0372
	.byte 0x00, 0x00
_080E0364: .4byte 0x0203C7AC
_080E0368: .4byte 0xFFFFEC00
_080E036C: .4byte 0xFFFFE000
_080E0370:
	movs r0, #0x01
_080E0372:
	pop {r4, r5, r6, r7}
	pop {r1}
	bx r1
	.byte 0x00, 0xB5, 0x04, 0x48, 0x80, 0x79, 0xFF, 0xF7, 0xE3, 0xF8, 0x00, 0x06, 0x00, 0x0E, 0x02, 0xBC
	.byte 0x08, 0x47, 0x00, 0x00, 0x90, 0xC5, 0x03, 0x02, 0x08, 0x48, 0x00, 0x68, 0x00, 0x6F, 0x84, 0x21
	.byte 0xC9, 0x02, 0x08, 0x40, 0x00, 0x28, 0x07, 0xD1, 0x05, 0x48, 0x00, 0x68, 0x00, 0x68, 0x80, 0x21
	.byte 0x89, 0x01, 0x08, 0x40, 0x00, 0x28, 0x05, 0xD0, 0x01, 0x20, 0x04, 0xE0, 0xA0, 0x9B, 0x03, 0x02
	.byte 0xAC, 0xC7, 0x03, 0x02, 0x00, 0x20, 0x70, 0x47
	thumb_func_start func_080E03C0
func_080E03C0: @ 080E03C0
	push {r4, lr}
	adds r4, r0, #0x0
	bl func_080A42C8
	lsls r0, r0, #0x18
	cmp r0, #0x00
	bne _080E03F2
	ldr r0, _080E03F8 @ =0x02039BA0
	ldr r2, [r0, #0x00]
	ldr r0, [r2, #0x70]
	ldr r1, _080E03FC @ =0x00841000
	ands r0, r1
	cmp r0, #0x00
	bne _080E03F2
	ldr r0, _080E0400 @ =0x0203C7AC
	ldr r0, [r0, #0x00]
	ldr r0, [r0, #0x00]
	movs r1, #0x84
	ands r0, r1
	cmp r0, #0x00
	bne _080E03F2
	ldr r1, [r2, #0x20]
	ldr r0, [r2, #0x24]
	cmp r1, r0
	beq _080E0404
_080E03F2:
	movs r0, #0x00
	b _080E0410
	.byte 0x00, 0x00
_080E03F8: .4byte 0x02039BA0
_080E03FC: .4byte 0x00841000
_080E0400: .4byte 0x0203C7AC
_080E0404:
	movs r1, #0x00
	ldr r0, [r2, #0x68]
	cmp r0, r4
	bne _080E040E
	movs r1, #0x01
_080E040E:
	adds r0, r1, #0x0
_080E0410:
	pop {r4}
	pop {r1}
	bx r1
	.byte 0x00, 0x00, 0x03, 0x48, 0x02, 0x68, 0x10, 0x68, 0x01, 0x21, 0x08, 0x43, 0x10, 0x60, 0x70, 0x47
	.byte 0x00, 0x00, 0xAC, 0xC7, 0x03, 0x02, 0x70, 0xB5, 0x0D, 0x4E, 0x30, 0x68, 0x00, 0x68, 0x00, 0x28
	.byte 0x19, 0xDA, 0x0B, 0x48, 0x04, 0x69, 0x21, 0x69, 0xA2, 0x8A, 0x01, 0x20, 0x24, 0xF7, 0x39, 0xFE
	.byte 0x21, 0x68, 0xA2, 0x88, 0x01, 0x20, 0x24, 0xF7, 0x46, 0xFE, 0x21, 0x6A, 0x20, 0x1C, 0x24, 0x30
	.byte 0x02, 0x78, 0x25, 0x34, 0x23, 0x78, 0x01, 0x20, 0x24, 0xF7, 0x85, 0xFE, 0x2E, 0xE0, 0xAC, 0xC7
	.byte 0x03, 0x02, 0x70, 0x83, 0xEF, 0x09, 0x19, 0x49, 0x1A, 0x48, 0x00, 0x79, 0x80, 0x00, 0x40, 0x18
	.byte 0x04, 0x68, 0x21, 0x69, 0xA2, 0x8A, 0x01, 0x20, 0x24, 0xF7, 0x1B, 0xFE, 0x21, 0x68, 0xA2, 0x88
	.byte 0x01, 0x20, 0x24, 0xF7, 0x28, 0xFE, 0x13, 0x48, 0x00, 0x68, 0x01, 0x68, 0x09, 0x02, 0x09, 0x0C
	.byte 0x40, 0x68, 0x00, 0x02, 0x02, 0x0C, 0x0D, 0x04, 0x28, 0x14, 0x00, 0x28, 0x00, 0xDA, 0x07, 0x30
	.byte 0xC0, 0x10, 0x14, 0x04, 0x21, 0x14, 0x00, 0x29, 0x00, 0xDA, 0x07, 0x31, 0xC9, 0x10, 0x04, 0xF0
	.byte 0x58, 0xFC, 0x29, 0x0C, 0x22, 0x0C, 0x01, 0x20, 0x25, 0xF7, 0x15, 0xF8, 0x32, 0x68, 0x10, 0x68
	.byte 0x02, 0x21, 0x49, 0x42, 0x08, 0x40, 0x10, 0x60, 0x70, 0xBC, 0x01, 0xBC, 0x00, 0x47, 0xD0, 0x70
	.byte 0xEF, 0x09, 0x90, 0xC5, 0x03, 0x02, 0xA0, 0x9B, 0x03, 0x02, 0x01, 0x48, 0x00, 0x68, 0x40, 0x69
	.byte 0x70, 0x47, 0xAC, 0xC7, 0x03, 0x02
	thumb_func_start func_080E04EC
func_080E04EC: @ 080E04EC
	push {lr}
	ldr r0, _080E0500 @ =0x0203C590
	ldrb r1, [r0, #0x06]
	cmp r1, #0xFE
	bgt _080E0508
	cmp r1, #0xFC
	blt _080E0508
	ldr r0, _080E0504 @ =0x09EF6AC0
	b _080E0510
	.byte 0x00, 0x00
_080E0500: .4byte 0x0203C590
_080E0504: .4byte 0x09EF6AC0
_080E0508:
	ldrb r0, [r0, #0x04]
	cmp r0, #0x0D
	beq _080E051C
	ldr r0, _080E0518 @ =0x09EF6AA0
_080E0510:
	movs r1, #0x00
	bl func_080010CC
	b _080E0524
_080E0518: .4byte 0x09EF6AA0
_080E051C:
	ldr r0, _080E0528 @ =0x09EF3C88
	movs r1, #0x01
	bl func_080010CC
_080E0524:
	pop {r0}
	bx r0
_080E0528: .4byte 0x09EF3C88
	thumb_func_start func_080E052C
func_080E052C: @ 080E052C
	push {lr}
	lsls r0, r0, #0x18
	lsrs r0, r0, #0x18
	cmp r0, #0x01
	beq _080E0548
	ldr r1, _080E0550 @ =0x02039BB0
	movs r0, #0xFF
	strb r0, [r1, #0x0F]
	ldr r0, _080E0554 @ =0x0203DB10
	movs r2, #0x80
	lsls r2, r2, #0x01
	movs r1, #0xFF
	bl func_08120EF8
_080E0548:
	bl func_080E04EC
	pop {r0}
	bx r0
_080E0550: .4byte 0x02039BB0
_080E0554: .4byte 0x0203DB10
	thumb_func_start func_080E0558
func_080E0558: @ 080E0558
	push {r4, r5, r6, lr}
	ldr r5, _080E05DC @ =0x02039BA0
	ldr r2, [r5, #0x00]
	movs r4, #0x00
	str r4, [r2, #0x00]
	str r4, [r2, #0x04]
	str r4, [r2, #0x08]
	str r4, [r2, #0x0C]
	movs r6, #0x00
	movs r0, #0x20
	strh r0, [r2, #0x10]
	strh r0, [r2, #0x12]
	str r4, [r2, #0x68]
	adds r1, r2, #0x0
	adds r1, #0x6C
	movs r0, #0x3C
	strh r0, [r1, #0x00]
	str r4, [r2, #0x70]
	adds r0, r2, #0x0
	adds r0, #0x74
	strh r4, [r0, #0x00]
	adds r0, #0x04
	movs r1, #0x32
	bl func_08000E64
	ldr r0, [r5, #0x00]
	adds r0, #0x8C
	movs r1, #0x01
	bl func_08000E64
	ldr r0, [r5, #0x00]
	adds r0, #0x58
	bl func_08000BA4
	ldr r0, [r5, #0x00]
	adds r0, #0xA0
	movs r1, #0x19
	bl func_08000E64
	ldr r0, [r5, #0x00]
	adds r0, #0xC8
	movs r1, #0x01
	bl func_08000E64
	ldr r0, [r5, #0x00]
	adds r0, #0xB4
	movs r1, #0x08
	bl func_08000E64
	ldr r1, _080E05E0 @ =0x0203C7AC
	ldr r0, [r1, #0x00]
	str r4, [r0, #0x00]
	strb r6, [r0, #0x18]
	ldr r0, [r1, #0x00]
	str r4, [r0, #0x1C]
	adds r0, #0x20
	strb r6, [r0, #0x00]
	ldr r0, [r1, #0x00]
	adds r0, #0x30
	movs r1, #0x01
	bl func_08000E64
	pop {r4, r5, r6}
	pop {r0}
	bx r0
	.byte 0x00, 0x00
_080E05DC: .4byte 0x02039BA0
_080E05E0: .4byte 0x0203C7AC
	thumb_func_start func_080E05E4
func_080E05E4: @ 080E05E4
	push {r4, lr}
	ldr r4, _080E061C @ =0x0203C7AC
	ldr r0, [r4, #0x00]
	ldr r1, _080E0620 @ =0x0203C590
	ldrb r1, [r1, #0x06]
	bl func_080DF6D0
	ldr r0, [r4, #0x00]
	ldrb r0, [r0, #0x0D]
	cmp r0, #0x05
	bne _080E0608
	ldr r0, _080E0624 @ =0x02039BA0
	ldr r2, [r0, #0x00]
	ldr r0, [r2, #0x70]
	movs r1, #0x80
	lsls r1, r1, #0x02
	orrs r0, r1
	str r0, [r2, #0x70]
_080E0608:
	ldr r0, _080E0624 @ =0x02039BA0
	ldr r0, [r0, #0x00]
	adds r0, #0x78
	ldr r1, _080E0628 @ =0x09EF6B00
	movs r2, #0x00
	bl func_08000E14
	pop {r4}
	pop {r0}
	bx r0
_080E061C: .4byte 0x0203C7AC
_080E0620: .4byte 0x0203C590
_080E0624: .4byte 0x02039BA0
_080E0628: .4byte 0x09EF6B00
	thumb_func_start func_080E062C
func_080E062C: @ 080E062C
	push {r4, r5, r6, lr}
	ldr r5, _080E065C @ =0x0203C590
	ldrb r0, [r5, #0x07]
	cmp r0, #0x03
	bhi _080E0724
	bl func_080DFB7C
	ldrh r1, [r0, #0x02]
	lsls r1, r1, #0x05
	adds r4, r1, #0x0
	adds r4, #0x10
	ldrh r0, [r0, #0x04]
	lsls r0, r0, #0x04
	adds r6, r0, #0x0
	adds r6, #0x0A
	ldrb r0, [r5, #0x07]
	cmp r0, #0x01
	beq _080E0698
	cmp r0, #0x01
	bgt _080E0660
	cmp r0, #0x00
	beq _080E066A
	b _080E073A
	.byte 0x00, 0x00
_080E065C: .4byte 0x0203C590
_080E0660:
	cmp r0, #0x02
	beq _080E06C8
	cmp r0, #0x03
	beq _080E06F8
	b _080E073A
_080E066A:
	ldr r0, _080E0690 @ =0x02039BA0
	ldr r2, [r0, #0x00]
	adds r1, r2, #0x0
	adds r1, #0xDC
	lsls r0, r4, #0x08
	ldr r3, _080E0694 @ =0xFFFFF400
	adds r0, r0, r3
	str r0, [r1, #0x00]
	adds r1, #0x04
	lsls r0, r6, #0x08
	movs r3, #0x80
	lsls r3, r3, #0x04
	adds r0, r0, r3
	str r0, [r1, #0x00]
	adds r1, #0x04
	movs r0, #0xAD
	strb r0, [r1, #0x00]
	b _080E073A
	.byte 0x00, 0x00
_080E0690: .4byte 0x02039BA0
_080E0694: .4byte 0xFFFFF400
_080E0698:
	ldr r0, _080E06C0 @ =0x02039BA0
	ldr r3, [r0, #0x00]
	adds r2, r3, #0x0
	adds r2, #0xDC
	lsls r0, r4, #0x08
	movs r1, #0xC0
	lsls r1, r1, #0x04
	adds r0, r0, r1
	str r0, [r2, #0x00]
	adds r1, r3, #0x0
	adds r1, #0xE0
	lsls r0, r6, #0x08
	ldr r2, _080E06C4 @ =0xFFFFF800
	adds r0, r0, r2
	str r0, [r1, #0x00]
	adds r1, #0x04
	movs r0, #0x2D
	strb r0, [r1, #0x00]
	b _080E073A
	.byte 0x00, 0x00
_080E06C0: .4byte 0x02039BA0
_080E06C4: .4byte 0xFFFFF800
_080E06C8:
	ldr r0, _080E06EC @ =0x02039BA0
	ldr r2, [r0, #0x00]
	adds r1, r2, #0x0
	adds r1, #0xDC
	lsls r0, r4, #0x08
	ldr r3, _080E06F0 @ =0xFFFFF400
	adds r0, r0, r3
	str r0, [r1, #0x00]
	adds r1, #0x04
	lsls r0, r6, #0x08
	ldr r3, _080E06F4 @ =0xFFFFF800
	adds r0, r0, r3
	str r0, [r1, #0x00]
	adds r1, #0x04
	movs r0, #0xD3
	strb r0, [r1, #0x00]
	b _080E073A
	.byte 0x00, 0x00
_080E06EC: .4byte 0x02039BA0
_080E06F0: .4byte 0xFFFFF400
_080E06F4: .4byte 0xFFFFF800
_080E06F8:
	ldr r0, _080E0720 @ =0x02039BA0
	ldr r3, [r0, #0x00]
	adds r2, r3, #0x0
	adds r2, #0xDC
	lsls r0, r4, #0x08
	movs r1, #0xC0
	lsls r1, r1, #0x04
	adds r0, r0, r1
	str r0, [r2, #0x00]
	adds r1, r3, #0x0
	adds r1, #0xE0
	lsls r0, r6, #0x08
	movs r2, #0x80
	lsls r2, r2, #0x04
	adds r0, r0, r2
	str r0, [r1, #0x00]
	adds r1, #0x04
	movs r0, #0x53
	strb r0, [r1, #0x00]
	b _080E073A
_080E0720: .4byte 0x02039BA0
_080E0724:
	ldr r4, _080E0758 @ =0x02039BA0
	ldr r1, [r4, #0x00]
	adds r0, r1, #0x0
	adds r0, #0xDC
	adds r1, #0xE0
	bl func_080E524C
	ldr r0, [r4, #0x00]
	adds r0, #0xE4
	movs r1, #0x80
	strb r1, [r0, #0x00]
_080E073A:
	ldr r0, _080E075C @ =0x02039BB0
	ldr r0, [r0, #0x08]
	movs r1, #0x08
	ands r0, r1
	cmp r0, #0x00
	beq _080E0764
	ldr r0, _080E0758 @ =0x02039BA0
	ldr r0, [r0, #0x00]
	adds r0, #0x8C
	ldr r1, _080E0760 @ =0x09EDAF78
	movs r2, #0x00
	bl func_08000E14
	b _080E0772
	.byte 0x00, 0x00
_080E0758: .4byte 0x02039BA0
_080E075C: .4byte 0x02039BB0
_080E0760: .4byte 0x09EDAF78
_080E0764:
	ldr r0, _080E0778 @ =0x02039BA0
	ldr r0, [r0, #0x00]
	adds r0, #0x8C
	ldr r1, _080E077C @ =0x09EDAF60
	movs r2, #0x00
	bl func_08000E14
_080E0772:
	pop {r4, r5, r6}
	pop {r0}
	bx r0
_080E0778: .4byte 0x02039BA0
_080E077C: .4byte 0x09EDAF60
	thumb_func_start func_080E0780
func_080E0780: @ 080E0780
	push {r4, r5, r6, lr}
	ldr r0, _080E07A4 @ =0x02039BA0
	ldr r2, [r0, #0x00]
	adds r3, r2, #0x0
	adds r3, #0x6C
	movs r1, #0x00
	ldsh r0, [r3, r1]
	cmp r0, #0x00
	ble _080E07A8
	ldr r0, [r2, #0x70]
	movs r1, #0x01
	orrs r0, r1
	str r0, [r2, #0x70]
	ldrh r0, [r3, #0x00]
	subs r0, #0x01
	strh r0, [r3, #0x00]
	b _080E07B2
	.byte 0x00, 0x00
_080E07A4: .4byte 0x02039BA0
_080E07A8:
	ldr r0, [r2, #0x70]
	movs r1, #0x02
	negs r1, r1
	ands r0, r1
	str r0, [r2, #0x70]
_080E07B2:
	ldr r6, _080E0818 @ =0x0203C7AC
	ldr r0, [r6, #0x00]
	movs r5, #0x00
	str r5, [r0, #0x1C]
	ldr r4, _080E081C @ =0x02039BA0
	ldr r0, [r4, #0x00]
	adds r0, #0x78
	bl func_08000EA4
	ldr r0, [r6, #0x00]
	adds r0, #0x20
	strb r5, [r0, #0x00]
	ldr r4, [r4, #0x00]
	ldr r0, [r4, #0x70]
	movs r1, #0x80
	lsls r1, r1, #0x05
	ands r0, r1
	cmp r0, #0x00
	bne _080E07EC
	ldr r0, [r6, #0x00]
	ldr r0, [r0, #0x00]
	movs r1, #0x04
	ands r0, r1
	cmp r0, #0x00
	bne _080E07EC
	adds r0, r4, #0x0
	adds r0, #0x8C
	bl func_08000EA4
_080E07EC:
	ldr r4, _080E081C @ =0x02039BA0
	ldr r2, [r4, #0x00]
	ldr r0, [r2, #0x70]
	movs r1, #0x80
	ands r0, r1
	cmp r0, #0x00
	bne _080E0802
	adds r0, r2, #0x0
	adds r0, #0xB4
	bl func_08000EA4
_080E0802:
	ldr r0, [r4, #0x00]
	adds r0, #0xA0
	bl func_08000EA4
	ldr r0, [r4, #0x00]
	adds r0, #0xC8
	bl func_08000EA4
	pop {r4, r5, r6}
	pop {r0}
	bx r0
_080E0818: .4byte 0x0203C7AC
_080E081C: .4byte 0x02039BA0
	thumb_func_start func_080E0820
func_080E0820: @ 080E0820
	push {r4, lr}
	ldr r4, _080E0870 @ =0x02039BA0
	ldr r0, [r4, #0x00]
	adds r0, #0x78
	bl func_08000EE0
	ldr r0, _080E0874 @ =0x0203C7AC
	ldr r0, [r0, #0x00]
	ldr r0, [r0, #0x00]
	movs r1, #0x80
	lsls r1, r1, #0x05
	ands r0, r1
	cmp r0, #0x00
	bne _080E0844
	ldr r0, [r4, #0x00]
	adds r0, #0x8C
	bl func_08000EE0
_080E0844:
	ldr r2, [r4, #0x00]
	ldr r0, [r2, #0x70]
	movs r1, #0x80
	lsls r1, r1, #0x01
	ands r0, r1
	cmp r0, #0x00
	bne _080E085A
	adds r0, r2, #0x0
	adds r0, #0xB4
	bl func_08000EE0
_080E085A:
	ldr r0, [r4, #0x00]
	adds r0, #0xA0
	bl func_08000EE0
	ldr r0, [r4, #0x00]
	adds r0, #0xC8
	bl func_08000EE0
	pop {r4}
	pop {r0}
	bx r0
_080E0870: .4byte 0x02039BA0
_080E0874: .4byte 0x0203C7AC
	thumb_func_start func_080E0878
func_080E0878: @ 080E0878
	push {r4, lr}
	ldr r4, _080E08B4 @ =0x02039BA0
	ldr r0, [r4, #0x00]
	adds r0, #0x78
	bl func_08000F0C
	ldr r0, [r4, #0x00]
	adds r0, #0x8C
	bl func_08000F0C
	ldr r0, [r4, #0x00]
	adds r0, #0xA0
	bl func_08000F0C
	ldr r0, [r4, #0x00]
	adds r0, #0xC8
	bl func_08000F0C
	ldr r0, [r4, #0x00]
	adds r0, #0xB4
	bl func_08000F0C
	ldr r0, _080E08B8 @ =0x0203C7AC
	ldr r0, [r0, #0x00]
	adds r0, #0x30
	bl func_08000F0C
	pop {r4}
	pop {r0}
	bx r0
_080E08B4: .4byte 0x02039BA0
_080E08B8: .4byte 0x0203C7AC
	thumb_func_start func_080E08BC
func_080E08BC: @ 080E08BC
	lsls r0, r0, #0x10
	lsrs r2, r0, #0x10
	lsls r1, r1, #0x10
	asrs r3, r1, #0x10
	cmp r3, #0x00
	blt _080E08E0
	ldr r0, _080E08E4 @ =0x02034F2A
	ldrh r0, [r0, #0x00]
	cmp r3, r0
	bge _080E08E0
	lsls r0, r2, #0x10
	asrs r2, r0, #0x10
	cmp r2, #0x00
	blt _080E08E0
	ldr r0, _080E08E8 @ =0x02034F28
	ldrh r1, [r0, #0x00]
	cmp r2, r1
	blt _080E08EC
_080E08E0:
	movs r0, #0x00
	b _080E08F8
_080E08E4: .4byte 0x02034F2A
_080E08E8: .4byte 0x02034F28
_080E08EC:
	ldr r0, _080E08FC @ =0x02034F1C
	muls r1, r3
	adds r1, r1, r2
	lsls r1, r1, #0x05
	ldr r0, [r0, #0x00]
	adds r0, r0, r1
_080E08F8:
	bx lr
	.byte 0x00, 0x00
_080E08FC: .4byte 0x02034F1C
	thumb_func_start func_080E0900
func_080E0900: @ 080E0900
	push {r4, r5, lr}
	adds r4, r0, #0x0
	adds r5, r2, #0x0
	cmp r4, #0x00
	beq _080E0918
	strb r1, [r4, #0x02]
	lsls r0, r1, #0x18
	lsrs r0, r0, #0x18
	bl _080E8668
	str r0, [r4, #0x10]
	str r5, [r4, #0x08]
_080E0918:
	pop {r4, r5}
	pop {r0}
	bx r0
	.byte 0x00, 0x00, 0x09, 0x04, 0xC2, 0x68, 0x80, 0x68, 0x12, 0x1A, 0x12, 0x02, 0x12, 0x0C, 0x00, 0x20
	.byte 0x09, 0x0B, 0x8A, 0x42, 0x00, 0xDD, 0x01, 0x20, 0x70, 0x47
	thumb_func_start func_080E0938
func_080E0938: @ 080E0938
	push {r4, lr}
	adds r4, r0, #0x0
	lsls r4, r4, #0x18
	lsrs r4, r4, #0x16
	ldr r0, _080E095C @ =0x0984D32C
	adds r4, r4, r0
	bl func_080065A4
	lsls r0, r0, #0x10
	lsrs r0, r0, #0x10
	ldrb r1, [r4, #0x03]
	bl func_0811D684
	lsls r0, r0, #0x18
	lsrs r0, r0, #0x18
	pop {r4}
	pop {r1}
	bx r1
_080E095C: .4byte 0x0984D32C
	thumb_func_start func_080E0960
func_080E0960: @ 080E0960
	push {r4, r5, r6, r7, lr}
	adds r6, r0, #0x0
	adds r7, r1, #0x0
	cmp r6, #0x00
	beq _080E09A6
	ldr r0, _080E09AC @ =0x02034F34
	ldr r0, [r0, #0x00]
	ldr r5, [r0, #0x18]
	lsls r4, r7, #0x02
	ldr r0, _080E09B0 @ =0x0984D314
	adds r4, r4, r0
	bl func_080065A4
	lsls r0, r0, #0x10
	lsrs r0, r0, #0x10
	ldrb r1, [r4, #0x03]
	bl func_0811D684
	lsls r0, r0, #0x18
	movs r1, #0xE0
	lsls r1, r1, #0x13
	ands r1, r0
	lsrs r1, r1, #0x18
	ldrb r2, [r4, #0x01]
	adds r1, r1, r2
	lsls r1, r1, #0x02
	lsrs r0, r0, #0x1B
	ldrb r4, [r4, #0x02]
	adds r0, r0, r4
	strb r7, [r6, #0x03]
	lsls r0, r0, #0x06
	adds r0, r0, r1
	lsls r0, r0, #0x01
	adds r5, r5, r0
	str r5, [r6, #0x14]
_080E09A6:
	pop {r4, r5, r6, r7}
	pop {r0}
	bx r0
_080E09AC: .4byte 0x02034F34
_080E09B0: .4byte 0x0984D314
	thumb_func_start func_080E09B4
func_080E09B4: @ 080E09B4
	push {r4, r5, r6, lr}
	adds r4, r0, #0x0
	lsls r1, r1, #0x18
	lsrs r6, r1, #0x18
	lsls r2, r2, #0x18
	lsrs r2, r2, #0x18
	cmp r4, #0x00
	beq _080E0A2C
	lsls r1, r6, #0x02
	ldr r0, _080E09DC @ =0x0984D32C
	adds r3, r1, r0
	ldrb r0, [r3, #0x00]
	cmp r0, #0x00
	beq _080E09E4
	cmp r0, #0x01
	bne _080E09E4
	ldr r0, _080E09E0 @ =0x02034F34
	ldr r0, [r0, #0x00]
	ldr r5, [r0, #0x1C]
	b _080E09EA
_080E09DC: .4byte 0x0984D32C
_080E09E0: .4byte 0x02034F34
_080E09E4:
	ldr r0, _080E0A34 @ =0x02034F34
	ldr r0, [r0, #0x00]
	ldr r5, [r0, #0x18]
_080E09EA:
	movs r0, #0x07
	ands r0, r2
	ldrb r1, [r3, #0x01]
	adds r0, r0, r1
	lsls r0, r0, #0x02
	lsrs r1, r2, #0x03
	ldrb r2, [r3, #0x02]
	adds r1, r1, r2
	lsls r1, r1, #0x06
	adds r1, r0, r1
	ldrh r2, [r4, #0x00]
	movs r0, #0x04
	ands r0, r2
	cmp r0, #0x00
	beq _080E0A12
	ldrb r0, [r3, #0x03]
	lsls r0, r0, #0x02
	adds r0, r1, r0
	lsls r0, r0, #0x10
	lsrs r1, r0, #0x10
_080E0A12:
	movs r0, #0x08
	ands r0, r2
	cmp r0, #0x00
	beq _080E0A24
	ldrb r0, [r3, #0x03]
	lsls r0, r0, #0x03
	adds r0, r1, r0
	lsls r0, r0, #0x10
	lsrs r1, r0, #0x10
_080E0A24:
	strb r6, [r4, #0x04]
	lsls r0, r1, #0x01
	adds r0, r5, r0
	str r0, [r4, #0x18]
_080E0A2C:
	pop {r4, r5, r6}
	pop {r0}
	bx r0
	.byte 0x00, 0x00
_080E0A34: .4byte 0x02034F34
	thumb_func_start func_080E0A38
func_080E0A38: @ 080E0A38
	push {lr}
	adds r1, r0, #0x0
	ldrh r2, [r1, #0x00]
	movs r0, #0x01
	ands r0, r2
	cmp r0, #0x00
	beq _080E0A50
	adds r0, r1, #0x0
	movs r1, #0x01
	bl func_080E0960
	b _080E0A6A
_080E0A50:
	movs r0, #0x02
	ands r0, r2
	cmp r0, #0x00
	beq _080E0A62
	adds r0, r1, #0x0
	movs r1, #0x02
	bl func_080E0960
	b _080E0A6A
_080E0A62:
	adds r0, r1, #0x0
	movs r1, #0x00
	bl func_080E0960
_080E0A6A:
	pop {r0}
	bx r0
	.byte 0x00, 0x00
	thumb_func_start func_080E0A70
func_080E0A70: @ 080E0A70
	push {r4, r5, r6, r7, lr}
	mov r7, r8
	push {r7}
	adds r5, r0, #0x0
	adds r6, r1, #0x0
	cmp r5, #0x00
	beq _080E0AEC
	ldrh r1, [r5, #0x00]
	movs r0, #0x0C
	ands r0, r1
	cmp r0, #0x00
	bne _080E0A8C
	strb r6, [r5, #0x04]
	b _080E0AEC
_080E0A8C:
	ldr r0, _080E0AF8 @ =0x02034F34
	ldr r0, [r0, #0x00]
	ldr r0, [r0, #0x18]
	mov r8, r0
	lsls r4, r6, #0x02
	ldr r0, _080E0AFC @ =0x0984D32C
	adds r4, r4, r0
	bl func_080065A4
	lsls r0, r0, #0x10
	lsrs r0, r0, #0x10
	ldrb r7, [r4, #0x03]
	adds r1, r7, #0x0
	bl func_0811D684
	lsls r0, r0, #0x18
	movs r1, #0xE0
	lsls r1, r1, #0x13
	ands r1, r0
	lsrs r1, r1, #0x18
	ldrb r2, [r4, #0x01]
	adds r1, r1, r2
	lsls r1, r1, #0x02
	lsrs r0, r0, #0x1B
	ldrb r4, [r4, #0x02]
	adds r0, r0, r4
	lsls r0, r0, #0x06
	adds r1, r1, r0
	ldrh r3, [r5, #0x00]
	movs r0, #0x08
	ands r0, r3
	cmp r0, #0x00
	beq _080E0AE4
	lsls r2, r7, #0x02
	adds r0, r1, r2
	lsls r0, r0, #0x10
	lsrs r1, r0, #0x10
	movs r0, #0x04
	ands r0, r3
	cmp r0, #0x00
	beq _080E0AE4
	adds r0, r1, r2
	lsls r0, r0, #0x10
	lsrs r1, r0, #0x10
_080E0AE4:
	strb r6, [r5, #0x04]
	lsls r0, r1, #0x01
	add r0, r8
	str r0, [r5, #0x18]
_080E0AEC:
	pop {r3}
	mov r8, r3
	pop {r4, r5, r6, r7}
	pop {r0}
	bx r0
	.byte 0x00, 0x00
_080E0AF8: .4byte 0x02034F34
_080E0AFC: .4byte 0x0984D32C
	thumb_func_start sub_080E0B00
sub_080E0B00:
	push {r4, r5, r6, lr}
	adds r4, r0, #0x0
	adds r5, r1, #0x0
	cmp r4, #0x00
	beq _080E0B92
	lsls r1, r5, #0x02
	ldr r0, _080E0B34 @ =0x0984D32C
	adds r3, r1, r0
	ldrb r1, [r3, #0x01]
	lsls r1, r1, #0x02
	ldrb r0, [r3, #0x02]
	lsls r0, r0, #0x06
	adds r2, r1, r0
	ldr r0, _080E0B38 @ =0x02034F34
	ldr r0, [r0, #0x00]
	ldr r6, [r0, #0x1C]
	adds r0, r5, #0x0
	subs r0, #0x17
	cmp r0, #0x0B
	bhi _080E0B8A
	lsls r0, r0, #0x02
	ldr r1, _080E0B3C @ =0x080E0B40
	adds r0, r0, r1
	ldr r0, [r0, #0x00]
	mov pc, r0
	.byte 0x00, 0x00
_080E0B34: .4byte 0x0984D32C
_080E0B38: .4byte 0x02034F34
_080E0B3C: .4byte 0x080E0B40
	.byte 0x76, 0x0B, 0x0E, 0x08, 0x76, 0x0B, 0x0E, 0x08, 0x76, 0x0B, 0x0E, 0x08, 0x70, 0x0B, 0x0E, 0x08
	.byte 0x70, 0x0B, 0x0E, 0x08, 0x70, 0x0B, 0x0E, 0x08, 0x70, 0x0B, 0x0E, 0x08, 0x70, 0x0B, 0x0E, 0x08
	.byte 0x70, 0x0B, 0x0E, 0x08, 0x76, 0x0B, 0x0E, 0x08, 0x76, 0x0B, 0x0E, 0x08, 0x76, 0x0B, 0x0E, 0x08
	.byte 0x21, 0x88, 0x08, 0x20, 0x01, 0xE0, 0x21, 0x88, 0x04, 0x20, 0x08, 0x40, 0x00, 0x28, 0x04, 0xD0
	.byte 0xD8, 0x78, 0x80, 0x00, 0x10, 0x18, 0x00, 0x04, 0x02, 0x0C
_080E0B8A:
	strb r5, [r4, #0x04]
	lsls r0, r2, #0x01
	adds r0, r6, r0
	str r0, [r4, #0x18]
_080E0B92:
	pop {r4, r5, r6}
	pop {r0}
	bx r0
	thumb_func_start func_080E0B98
func_080E0B98: @ 080E0B98
	push {r4, r5, r6, r7, lr}
	adds r5, r0, #0x0
	adds r6, r1, #0x0
	lsls r2, r2, #0x18
	lsrs r2, r2, #0x18
	cmp r5, #0x00
	beq _080E0BE4
	ldr r0, _080E0BEC @ =0x02034F34
	ldr r0, [r0, #0x00]
	ldr r7, [r0, #0x1C]
	lsls r1, r6, #0x02
	ldr r0, _080E0BF0 @ =0x0984D32C
	adds r4, r1, r0
	cmp r2, #0xFF
	bne _080E0BC8
	bl func_080065A4
	lsls r0, r0, #0x10
	lsrs r0, r0, #0x10
	ldrb r1, [r4, #0x03]
	bl func_0811D684
	lsls r0, r0, #0x18
	lsrs r2, r0, #0x18
_080E0BC8:
	movs r1, #0x07
	ands r1, r2
	ldrb r0, [r4, #0x01]
	adds r1, r1, r0
	lsls r1, r1, #0x02
	lsrs r0, r2, #0x03
	ldrb r4, [r4, #0x02]
	adds r0, r0, r4
	lsls r0, r0, #0x06
	adds r1, r1, r0
	strb r6, [r5, #0x04]
	lsls r1, r1, #0x01
	adds r1, r7, r1
	str r1, [r5, #0x18]
_080E0BE4:
	pop {r4, r5, r6, r7}
	pop {r0}
	bx r0
	.byte 0x00, 0x00
_080E0BEC: .4byte 0x02034F34
_080E0BF0: .4byte 0x0984D32C
	thumb_func_start func_080E0BF4
func_080E0BF4: @ 080E0BF4
	push {r4, r5, r6, lr}
	adds r5, r2, #0x0
	adds r6, r3, #0x0
	lsls r0, r0, #0x10
	asrs r0, r0, #0x10
	lsls r1, r1, #0x10
	asrs r1, r1, #0x10
	bl func_080E08BC
	adds r4, r0, #0x0
	adds r1, r5, #0x0
	bl func_080E0960
	adds r0, r4, #0x0
	adds r1, r6, #0x0
	bl sub_080E0B00
	pop {r4, r5, r6}
	pop {r0}
	bx r0
	.byte 0xF0, 0xB5, 0x57, 0x46, 0x4E, 0x46, 0x45, 0x46, 0xE0, 0xB4, 0x82, 0xB0, 0x00, 0x04, 0x00, 0x0C
	.byte 0x00, 0x90, 0x09, 0x04, 0x09, 0x0C, 0x8A, 0x46, 0x01, 0x20, 0x01, 0x90, 0x00, 0x99, 0x0D, 0x04
	.byte 0x28, 0x14, 0x52, 0x46, 0x14, 0x04, 0x21, 0x14, 0xFF, 0xF7, 0x3A, 0xFE, 0x07, 0x1C, 0xB8, 0x78
	.byte 0x03, 0x38, 0xA1, 0x46, 0x06, 0x28, 0x00, 0xD9, 0x2C, 0xE1, 0x80, 0x00, 0x01, 0x49, 0x40, 0x18
	.byte 0x00, 0x68, 0x87, 0x46, 0x64, 0x0C, 0x0E, 0x08, 0x80, 0x0C, 0x0E, 0x08, 0xAC, 0x0D, 0x0E, 0x08
	.byte 0x02, 0x0D, 0x0E, 0x08, 0x2A, 0x0E, 0x0E, 0x08, 0xB0, 0x0E, 0x0E, 0x08, 0x8A, 0x0D, 0x0E, 0x08
	.byte 0x98, 0x0D, 0x0E, 0x08, 0x2D, 0x14, 0xA8, 0x46, 0x55, 0x46, 0x01, 0x3D, 0x2D, 0x04, 0x2D, 0x14
	.byte 0x40, 0x46, 0x29, 0x1C, 0xFF, 0xF7, 0x14, 0xFE, 0x01, 0x88, 0x80, 0x22, 0x12, 0x01, 0x16, 0x1C
	.byte 0x31, 0x43, 0x01, 0x80, 0x00, 0x9C, 0x01, 0x3C, 0x24, 0x04, 0x24, 0x14, 0x48, 0x46, 0x01, 0x14
	.byte 0x20, 0x1C, 0xFF, 0xF7, 0x05, 0xFE, 0x01, 0x88, 0x31, 0x43, 0x01, 0x80, 0x20, 0x1C, 0x29, 0x1C
	.byte 0xFF, 0xF7, 0xFE, 0xFD, 0x01, 0x88, 0x31, 0x43, 0x01, 0x80, 0x26, 0x20, 0xFF, 0xF7, 0x36, 0xFE
	.byte 0x00, 0x06, 0x05, 0x0E, 0x38, 0x88, 0x20, 0x24, 0x20, 0x43, 0x38, 0x80, 0x38, 0x1C, 0x26, 0x21
	.byte 0x2A, 0x1C, 0xFF, 0xF7, 0x5B, 0xFF, 0x51, 0x46, 0x01, 0x31, 0x09, 0x04, 0x0A, 0x0C, 0x92, 0x46
	.byte 0x09, 0x14, 0x40, 0x46, 0xFF, 0xF7, 0xE4, 0xFD, 0x07, 0x1C, 0x38, 0x88, 0x04, 0x43, 0x3C, 0x80
	.byte 0x38, 0x1C, 0x27, 0x21, 0x3F, 0xE0, 0x2D, 0x14, 0xA8, 0x46, 0x55, 0x46, 0x01, 0x3D, 0x2D, 0x04
	.byte 0x2D, 0x14, 0x40, 0x46, 0x29, 0x1C, 0xFF, 0xF7, 0xD3, 0xFD, 0x01, 0x88, 0x80, 0x22, 0x12, 0x01
	.byte 0x16, 0x1C, 0x31, 0x43, 0x01, 0x80, 0x00, 0x9C, 0x01, 0x34, 0x24, 0x04, 0x24, 0x14, 0x48, 0x46
	.byte 0x01, 0x14, 0x20, 0x1C, 0xFF, 0xF7, 0xC4, 0xFD, 0x01, 0x88, 0x31, 0x43, 0x01, 0x80, 0x20, 0x1C
	.byte 0x29, 0x1C, 0xFF, 0xF7, 0xBD, 0xFD, 0x01, 0x88, 0x31, 0x43, 0x01, 0x80, 0x2B, 0x20, 0xFF, 0xF7
	.byte 0xF5, 0xFD, 0x00, 0x06, 0x05, 0x0E, 0x38, 0x88, 0x20, 0x24, 0x20, 0x43, 0x38, 0x80, 0x38, 0x1C
	.byte 0x2B, 0x21, 0x2A, 0x1C, 0xFF, 0xF7, 0x1A, 0xFF, 0x51, 0x46, 0x01, 0x31, 0x09, 0x04, 0x0A, 0x0C
	.byte 0x92, 0x46, 0x09, 0x14, 0x40, 0x46, 0xFF, 0xF7, 0xA3, 0xFD, 0x07, 0x1C, 0x38, 0x88, 0x04, 0x43
	.byte 0x3C, 0x80, 0x38, 0x1C, 0x2C, 0x21, 0x2A, 0x1C, 0xFF, 0xF7, 0x08, 0xFF, 0x92, 0xE0, 0x39, 0x88
	.byte 0x20, 0x20, 0x08, 0x43, 0x38, 0x80, 0x38, 0x1C, 0x25, 0x21, 0x05, 0xE0, 0x39, 0x88, 0x20, 0x20
	.byte 0x08, 0x43, 0x38, 0x80, 0x38, 0x1C, 0x2A, 0x21, 0xFF, 0x22, 0xFF, 0xF7, 0xF7, 0xFE, 0x81, 0xE0
	.byte 0x2D, 0x14, 0xA8, 0x46, 0x55, 0x46, 0x01, 0x35, 0x2D, 0x04, 0x2D, 0x14, 0x40, 0x46, 0x29, 0x1C
	.byte 0xFF, 0xF7, 0x7E, 0xFD, 0x01, 0x88, 0x80, 0x22, 0x12, 0x01, 0x16, 0x1C, 0x31, 0x43, 0x01, 0x80
	.byte 0x00, 0x9C, 0x01, 0x34, 0x24, 0x04, 0x24, 0x14, 0x48, 0x46, 0x01, 0x14, 0x20, 0x1C, 0xFF, 0xF7
	.byte 0x6F, 0xFD, 0x01, 0x88, 0x31, 0x43, 0x01, 0x80, 0x20, 0x1C, 0x29, 0x1C, 0xFF, 0xF7, 0x68, 0xFD
	.byte 0x01, 0x88, 0x31, 0x43, 0x01, 0x80, 0x28, 0x20, 0xFF, 0xF7, 0xA0, 0xFD, 0x00, 0x06, 0x05, 0x0E
	.byte 0x38, 0x88, 0x20, 0x24, 0x20, 0x43, 0x38, 0x80, 0x38, 0x1C, 0x28, 0x21, 0x2A, 0x1C, 0xFF, 0xF7
	.byte 0xC5, 0xFE, 0x51, 0x46, 0x01, 0x39, 0x09, 0x04, 0x09, 0x14, 0x40, 0x46, 0xFF, 0xF7, 0x50, 0xFD
	.byte 0x07, 0x1C, 0x38, 0x88, 0x04, 0x43, 0x3C, 0x80, 0x38, 0x1C, 0x29, 0x21, 0x3D, 0xE0, 0x2D, 0x14
	.byte 0xA8, 0x46, 0x55, 0x46, 0x01, 0x35, 0x2D, 0x04, 0x2D, 0x14, 0x40, 0x46, 0x29, 0x1C, 0xFF, 0xF7
	.byte 0x3F, 0xFD, 0x01, 0x88, 0x80, 0x22, 0x12, 0x01, 0x16, 0x1C, 0x31, 0x43, 0x01, 0x80, 0x00, 0x9C
	.byte 0x01, 0x3C, 0x24, 0x04, 0x24, 0x14, 0x48, 0x46, 0x01, 0x14, 0x20, 0x1C, 0xFF, 0xF7, 0x30, 0xFD
	.byte 0x01, 0x88, 0x31, 0x43, 0x01, 0x80, 0x20, 0x1C, 0x29, 0x1C, 0xFF, 0xF7, 0x29, 0xFD, 0x01, 0x88
	.byte 0x31, 0x43, 0x01, 0x80, 0x2D, 0x20, 0xFF, 0xF7, 0x61, 0xFD, 0x00, 0x06, 0x05, 0x0E, 0x38, 0x88
	.byte 0x20, 0x24, 0x20, 0x43, 0x38, 0x80, 0x38, 0x1C, 0x2D, 0x21, 0x2A, 0x1C, 0xFF, 0xF7, 0x86, 0xFE
	.byte 0x51, 0x46, 0x01, 0x39, 0x09, 0x04, 0x09, 0x14, 0x40, 0x46, 0xFF, 0xF7, 0x11, 0xFD, 0x07, 0x1C
	.byte 0x38, 0x88, 0x04, 0x43, 0x3C, 0x80, 0x38, 0x1C, 0x2E, 0x21, 0x2A, 0x1C, 0xFF, 0xF7, 0x76, 0xFE
	.byte 0x00, 0x21, 0x01, 0x91, 0x50, 0x46, 0x01, 0x30, 0x00, 0x04, 0x00, 0x0C, 0x82, 0x46, 0x01, 0x9A
	.byte 0x00, 0x2A, 0x00, 0xD0, 0xBA, 0xE6, 0x02, 0xB0, 0x38, 0xBC, 0x98, 0x46, 0xA1, 0x46, 0xAA, 0x46
	.byte 0xF0, 0xBC, 0x01, 0xBC, 0x00, 0x47, 0x00, 0x00, 0xF0, 0xB5, 0x57, 0x46, 0x4E, 0x46, 0x45, 0x46
	.byte 0xE0, 0xB4, 0x84, 0xB0, 0x82, 0x46, 0x01, 0x24, 0x85, 0x89, 0x40, 0x89, 0x00, 0x90, 0x51, 0x46
	.byte 0x0A, 0x22, 0x89, 0x5E, 0x01, 0x91, 0x40, 0x20, 0x81, 0x46, 0x00, 0x99, 0x01, 0x31, 0x02, 0x91
	.byte 0x08, 0x04, 0x00, 0x14, 0x03, 0x90, 0x28, 0x04, 0x07, 0x14, 0x01, 0x98, 0x39, 0x1C, 0xFF, 0xF7
	.byte 0xD7, 0xFC, 0x80, 0x46, 0x80, 0x78, 0x04, 0x28, 0x03, 0xD0, 0x06, 0x28, 0x27, 0xD0, 0x01, 0x35
	.byte 0x4F, 0xE0, 0x01, 0x35, 0x2C, 0x04, 0x24, 0x14, 0x01, 0x98, 0x21, 0x1C, 0xFF, 0xF7, 0xC8, 0xFC
	.byte 0x01, 0x88, 0x4A, 0x46, 0x11, 0x43, 0x01, 0x80, 0x03, 0x98, 0x39, 0x1C, 0xFF, 0xF7, 0xC0, 0xFC
	.byte 0x01, 0x88, 0x4A, 0x46, 0x11, 0x43, 0x01, 0x80, 0x03, 0x98, 0x21, 0x1C, 0xFF, 0xF7, 0xB8, 0xFC
	.byte 0x01, 0x88, 0x4A, 0x46, 0x11, 0x43, 0x01, 0x80, 0x41, 0x46, 0x08, 0x88, 0x10, 0x43, 0x08, 0x80
	.byte 0x6A, 0x46, 0x10, 0x89, 0x52, 0x46, 0x50, 0x81, 0x95, 0x81, 0x00, 0x24, 0x29, 0xE0, 0x6E, 0x1C
	.byte 0x35, 0x04, 0x2D, 0x14, 0x01, 0x98, 0x29, 0x1C, 0xFF, 0xF7, 0xA2, 0xFC, 0x01, 0x88, 0x4A, 0x46
	.byte 0x11, 0x43, 0x01, 0x80, 0x00, 0x9C, 0x01, 0x3C, 0x24, 0x04, 0x24, 0x14, 0x20, 0x1C, 0x39, 0x1C
	.byte 0xFF, 0xF7, 0x96, 0xFC, 0x01, 0x88, 0x4A, 0x46, 0x11, 0x43, 0x01, 0x80, 0x20, 0x1C, 0x29, 0x1C
	.byte 0xFF, 0xF7, 0x8E, 0xFC, 0x01, 0x88, 0x4A, 0x46, 0x11, 0x43, 0x01, 0x80, 0x41, 0x46, 0x08, 0x88
	.byte 0x10, 0x43, 0x08, 0x80, 0x6A, 0x46, 0x10, 0x88, 0x52, 0x46, 0x50, 0x81, 0x96, 0x81, 0x00, 0x24
	.byte 0x35, 0x1C, 0x28, 0x04, 0x05, 0x0C, 0x00, 0x2C, 0x9D, 0xD1, 0x04, 0xB0, 0x38, 0xBC, 0x98, 0x46
	.byte 0xA1, 0x46, 0xAA, 0x46, 0xF0, 0xBC, 0x01, 0xBC, 0x00, 0x47, 0x00, 0x00, 0xF0, 0xB5, 0x57, 0x46
	.byte 0x4E, 0x46, 0x45, 0x46, 0xE0, 0xB4, 0x81, 0xB0, 0x05, 0x1C, 0x28, 0x88, 0x80, 0x46, 0x69, 0x88
	.byte 0x88, 0x45, 0x00, 0xD3, 0x97, 0xE0, 0x30, 0x48, 0x00, 0x88, 0x81, 0x46, 0x2F, 0x48, 0x41, 0x46
	.byte 0x01, 0x31, 0x00, 0x91, 0x00, 0x88, 0x81, 0x45, 0x00, 0xD3, 0x84, 0xE0, 0x41, 0x46, 0x08, 0x04
	.byte 0x00, 0x14, 0x82, 0x46, 0x48, 0x46, 0x01, 0x04, 0x09, 0x14, 0x50, 0x46, 0xFF, 0xF7, 0x50, 0xFC
	.byte 0x06, 0x1C, 0xB0, 0x78, 0x04, 0x28, 0x01, 0xD0, 0x06, 0x28, 0x6A, 0xD1, 0xB2, 0x68, 0x24, 0x48
	.byte 0x82, 0x42, 0x66, 0xD0, 0x69, 0x68, 0xF0, 0x68, 0x81, 0x42, 0x62, 0xD1, 0x88, 0x1A, 0x00, 0x12
	.byte 0x00, 0x28, 0x00, 0xDA, 0x0F, 0x30, 0x00, 0x03, 0x04, 0x0C, 0x30, 0x1C, 0x03, 0x21, 0xFF, 0xF7
	.byte 0x69, 0xFC, 0x00, 0x06, 0x00, 0x28, 0x54, 0xD0, 0x49, 0x46, 0x0C, 0x1B, 0x21, 0x04, 0x09, 0x14
	.byte 0x50, 0x46, 0xFF, 0xF7, 0x2D, 0xFC, 0x07, 0x1C, 0x31, 0x88, 0x1C, 0x22, 0x10, 0x1C, 0x08, 0x40
	.byte 0x26, 0x1C, 0x00, 0x28, 0x26, 0xD1, 0x39, 0x88, 0x10, 0x1C, 0x08, 0x40, 0x00, 0x28, 0x21, 0xD1
	.byte 0x28, 0x7A, 0x00, 0x28, 0x12, 0xD0, 0x29, 0x69, 0xB8, 0x68, 0x81, 0x42, 0x39, 0xDC, 0x81, 0x42
	.byte 0x0C, 0xDB, 0x25, 0xF7, 0x89, 0xFA, 0x2C, 0x88, 0x00, 0x04, 0x00, 0x0C, 0x69, 0x88, 0x09, 0x1B
	.byte 0x01, 0x31, 0x3C, 0xF0, 0xF1, 0xFA, 0x24, 0x18, 0x44, 0x45, 0x2A, 0xDD, 0x01, 0x20, 0x28, 0x72
	.byte 0x40, 0x46, 0x68, 0x81, 0x1E, 0xE0, 0x00, 0x00, 0x2C, 0x4F, 0x03, 0x02, 0x2E, 0x4F, 0x03, 0x02
	.byte 0x00, 0x00, 0xF0, 0xFF, 0x28, 0x7A, 0x00, 0x28, 0x1B, 0xD1, 0x29, 0x69, 0xB8, 0x68, 0x81, 0x42
	.byte 0x17, 0xDC, 0x81, 0x42, 0x0C, 0xDB, 0x25, 0xF7, 0x67, 0xFA, 0x2C, 0x88, 0x00, 0x04, 0x00, 0x0C
	.byte 0x69, 0x88, 0x09, 0x1B, 0x01, 0x31, 0x3C, 0xF0, 0xCF, 0xFA, 0x24, 0x18, 0x44, 0x45, 0x08, 0xDD
	.byte 0x41, 0x46, 0x69, 0x81, 0xAE, 0x81, 0xB8, 0x78, 0xA8, 0x73, 0xB8, 0x68, 0x28, 0x61, 0xF8, 0x68
	.byte 0x68, 0x61, 0x48, 0x46, 0x01, 0x30, 0x00, 0x04, 0x00, 0x0C, 0x81, 0x46, 0x0A, 0x48, 0x00, 0x88
	.byte 0x81, 0x45, 0x00, 0xD2, 0x7E, 0xE7, 0x00, 0x99, 0x08, 0x04, 0x00, 0x0C, 0x80, 0x46, 0x68, 0x88
	.byte 0x80, 0x45, 0x00, 0xD2, 0x67, 0xE7, 0x01, 0xB0, 0x38, 0xBC, 0x98, 0x46, 0xA1, 0x46, 0xAA, 0x46
	.byte 0xF0, 0xBC, 0x01, 0xBC, 0x00, 0x47, 0x00, 0x00, 0x2E, 0x4F, 0x03, 0x02, 0xF0, 0xB5, 0x47, 0x46
	.byte 0x80, 0xB4, 0x0B, 0x26, 0x0B, 0x48, 0x80, 0x46, 0x80, 0x27, 0x7F, 0x03, 0x84, 0x25, 0x6D, 0x00
	.byte 0x41, 0x46, 0x08, 0x68, 0x44, 0x19, 0x60, 0x68, 0xB8, 0x42, 0x02, 0xD0, 0x20, 0x1C, 0xFF, 0xF7
	.byte 0x3D, 0xFF, 0x20, 0x7A, 0x00, 0x28, 0x07, 0xD0, 0x60, 0x89, 0xA1, 0x89, 0xFF, 0xF7, 0x58, 0xFD
	.byte 0x08, 0xE0, 0x00, 0x00, 0x20, 0x4F, 0x03, 0x02, 0x60, 0x69, 0xB8, 0x42, 0x02, 0xD0, 0x20, 0x1C
	.byte 0xFF, 0xF7, 0xAA, 0xFE, 0x18, 0x3D, 0x01, 0x3E, 0x00, 0x2E, 0xE1, 0xDA, 0x08, 0xBC, 0x98, 0x46
	.byte 0xF0, 0xBC, 0x01, 0xBC, 0x00, 0x47, 0x00, 0x00
_080E1194:
	.byte 0x00, 0x06, 0x00, 0x0E, 0x09, 0x06, 0x0B, 0x0E, 0x12, 0x04, 0x12, 0x0C, 0x01, 0x38, 0x05, 0x28
	.byte 0x2B, 0xD8, 0x80, 0x00, 0x01, 0x49, 0x40, 0x18, 0x00, 0x68, 0x87, 0x46, 0xB4, 0x11, 0x0E, 0x08
	.byte 0xE0, 0x11, 0x0E, 0x08, 0xCC, 0x11, 0x0E, 0x08, 0xE0, 0x11, 0x0E, 0x08, 0xD2, 0x11, 0x0E, 0x08
	.byte 0xF0, 0x11, 0x0E, 0x08, 0xCC, 0x11, 0x0E, 0x08, 0x06, 0x2B, 0x16, 0xD1, 0x10, 0xE0, 0x06, 0x2B
	.byte 0x13, 0xD0, 0x10, 0x04, 0x00, 0x49, 0x0E, 0xE0, 0x00, 0x00, 0xFF, 0xFF, 0x03, 0x2B, 0x0C, 0xD1
	.byte 0x10, 0x04, 0x01, 0x49, 0x07, 0xE0, 0x00, 0x00, 0x00, 0x00, 0xFF, 0xFF, 0x03, 0x2B, 0x04, 0xD0
	.byte 0x10, 0x04, 0x80, 0x21, 0x49, 0x02, 0x40, 0x18, 0x02, 0x0C, 0x10, 0x04, 0x00, 0x14, 0x70, 0x47
_080E1204:
	.byte 0x00, 0x06, 0x00, 0x0E, 0x09, 0x06, 0x0B, 0x0E, 0x12, 0x04, 0x12, 0x0C, 0x01, 0x38, 0x05, 0x28
	.byte 0x2B, 0xD8, 0x80, 0x00, 0x01, 0x49, 0x40, 0x18, 0x00, 0x68, 0x87, 0x46, 0x24, 0x12, 0x0E, 0x08
	.byte 0x50, 0x12, 0x0E, 0x08, 0x3C, 0x12, 0x0E, 0x08, 0x60, 0x12, 0x0E, 0x08, 0x3C, 0x12, 0x0E, 0x08
	.byte 0x50, 0x12, 0x0E, 0x08, 0x42, 0x12, 0x0E, 0x08, 0x04, 0x2B, 0x16, 0xD1, 0x10, 0xE0, 0x04, 0x2B
	.byte 0x13, 0xD0, 0x10, 0x04, 0x00, 0x49, 0x0E, 0xE0, 0x00, 0x00, 0xFF, 0xFF, 0x05, 0x2B, 0x0C, 0xD1
	.byte 0x10, 0x04, 0x01, 0x49, 0x07, 0xE0, 0x00, 0x00, 0x00, 0x00, 0xFF, 0xFF, 0x05, 0x2B, 0x04, 0xD0
	.byte 0x10, 0x04, 0x80, 0x21, 0x49, 0x02, 0x40, 0x18, 0x02, 0x0C, 0x10, 0x04, 0x00, 0x14, 0x70, 0x47
	.byte 0xF0, 0xB5, 0x00, 0x26, 0x58, 0xE0, 0x0A, 0x25, 0x00, 0x24, 0x01, 0x48, 0x77, 0x1C, 0x3A, 0xE0
	.byte 0x2A, 0x4F, 0x03, 0x02, 0x30, 0x04, 0x00, 0x14, 0x21, 0x04, 0x09, 0x14, 0xFF, 0xF7, 0x14, 0xFB
	.byte 0x02, 0x1C, 0x90, 0x78, 0x01, 0x38, 0x0A, 0x28, 0x2B, 0xD8, 0x80, 0x00, 0x01, 0x49, 0x40, 0x18
	.byte 0x00, 0x68, 0x87, 0x46, 0xAC, 0x12, 0x0E, 0x08, 0xE4, 0x12, 0x0E, 0x08, 0xD8, 0x12, 0x0E, 0x08
	.byte 0xDC, 0x12, 0x0E, 0x08, 0xD8, 0x12, 0x0E, 0x08, 0xE0, 0x12, 0x0E, 0x08, 0xD8, 0x12, 0x0E, 0x08
	.byte 0xF6, 0x12, 0x0E, 0x08, 0xF6, 0x12, 0x0E, 0x08, 0xF6, 0x12, 0x0E, 0x08, 0xF6, 0x12, 0x0E, 0x08
	.byte 0xE8, 0x12, 0x0E, 0x08, 0x00, 0x25, 0x0C, 0xE0, 0x08, 0x25, 0x0A, 0xE0, 0x09, 0x25, 0x08, 0xE0
	.byte 0x07, 0x25, 0x06, 0xE0, 0x0A, 0x2D, 0x04, 0xD0, 0x10, 0x1C, 0x29, 0x1C, 0x00, 0x22, 0xFF, 0xF7
	.byte 0x05, 0xFB, 0x01, 0x34, 0x0F, 0x48, 0x01, 0x88, 0x8C, 0x42, 0xC3, 0xDB, 0x0B, 0x2D, 0x12, 0xD1
	.byte 0x00, 0x24, 0x00, 0x88, 0x84, 0x42, 0x0E, 0xDA, 0x35, 0x04, 0x21, 0x04, 0x09, 0x14, 0x28, 0x14
	.byte 0xFF, 0xF7, 0xD2, 0xFA, 0x07, 0x21, 0x00, 0x22, 0xFF, 0xF7, 0xF0, 0xFA, 0x01, 0x34, 0x05, 0x48
	.byte 0x00, 0x88, 0x84, 0x42, 0xF1, 0xDB, 0x3E, 0x1C, 0x03, 0x48, 0x01, 0x88, 0x8E, 0x42, 0xA2, 0xDB
	.byte 0x00, 0x26, 0x32, 0xE0, 0x2A, 0x4F, 0x03, 0x02, 0x28, 0x4F, 0x03, 0x02, 0x0A, 0x25, 0x0A, 0x48
	.byte 0x00, 0x88, 0x44, 0x1E, 0x77, 0x1C, 0x00, 0x2C, 0x25, 0xDB, 0x36, 0x04, 0x21, 0x04, 0x09, 0x14
	.byte 0x30, 0x14, 0xFF, 0xF7, 0xB1, 0xFA, 0x02, 0x1C, 0x90, 0x78, 0x04, 0x28, 0x0B, 0xD0, 0x04, 0x28
	.byte 0x04, 0xDC, 0x02, 0x28, 0x0B, 0xD0, 0x13, 0xE0, 0x2A, 0x4F, 0x03, 0x02, 0x06, 0x28, 0x04, 0xD0
	.byte 0x0B, 0x28, 0x06, 0xD0, 0x0C, 0xE0, 0x08, 0x25, 0x0A, 0xE0, 0x09, 0x25, 0x08, 0xE0, 0x07, 0x25
	.byte 0x06, 0xE0, 0x0A, 0x2D, 0x04, 0xD0, 0x10, 0x1C, 0x29, 0x1C, 0x00, 0x22, 0xFF, 0xF7, 0xB6, 0xFA
	.byte 0x01, 0x3C, 0x00, 0x2C, 0xDA, 0xDA, 0x3E, 0x1C, 0x03, 0x48, 0x00, 0x88, 0x86, 0x42, 0xCD, 0xDB
	.byte 0xF0, 0xBC, 0x01, 0xBC, 0x00, 0x47, 0x00, 0x00, 0x28, 0x4F, 0x03, 0x02, 0xF0, 0xB5, 0x57, 0x46
	.byte 0x4E, 0x46, 0x45, 0x46, 0xE0, 0xB4, 0x83, 0xB0, 0x0A, 0x48, 0x00, 0x88, 0x81, 0x46, 0x0A, 0x48
	.byte 0x00, 0x88, 0x49, 0x46, 0x08, 0x1A, 0x01, 0x30, 0x00, 0x04, 0x00, 0x0C, 0x00, 0x90, 0x00, 0x21
	.byte 0x81, 0x42, 0x72, 0xDA, 0x00, 0x25, 0x05, 0x48, 0x4A, 0x46, 0x01, 0x3A, 0x01, 0x92, 0x01, 0x31
	.byte 0x02, 0x91, 0x5F, 0xE0, 0x2E, 0x4F, 0x03, 0x02, 0x2C, 0x4F, 0x03, 0x02, 0x28, 0x4F, 0x03, 0x02
	.byte 0x28, 0x04, 0x00, 0x14, 0x4A, 0x46, 0x11, 0x04, 0x09, 0x14, 0xFF, 0xF7, 0x5D, 0xFA, 0x04, 0x1C
	.byte 0xA0, 0x78, 0x06, 0x28, 0x1B, 0xD8, 0x80, 0x00, 0x01, 0x49, 0x40, 0x18, 0x00, 0x68, 0x87, 0x46
	.byte 0x18, 0x14, 0x0E, 0x08, 0x34, 0x14, 0x0E, 0x08, 0x34, 0x14, 0x0E, 0x08, 0x38, 0x14, 0x0E, 0x08
	.byte 0x34, 0x14, 0x0E, 0x08, 0x38, 0x14, 0x0E, 0x08, 0x34, 0x14, 0x0E, 0x08, 0x38, 0x14, 0x0E, 0x08
	.byte 0xA3, 0x68, 0x06, 0xE0, 0xE3, 0x68, 0x04, 0xE0, 0x21, 0x88, 0x02, 0x20, 0x27, 0xE0, 0x80, 0x23
	.byte 0x5B, 0x03, 0x80, 0x20, 0x40, 0x03, 0x0C, 0x49, 0x8A, 0x46, 0x01, 0x35, 0xA8, 0x46, 0x83, 0x42
	.byte 0x24, 0xD0, 0x01, 0x26, 0x0B, 0x22, 0x09, 0x48, 0x84, 0x46, 0x01, 0x27, 0x84, 0x25, 0x6D, 0x00
	.byte 0x61, 0x46, 0x08, 0x68, 0x28, 0x18, 0x41, 0x68, 0x99, 0x42, 0x09, 0xD0, 0x80, 0x20, 0x40, 0x03
	.byte 0x81, 0x42, 0x0F, 0xD0, 0x00, 0x26, 0x0D, 0xE0, 0x28, 0x4F, 0x03, 0x02, 0x20, 0x4F, 0x03, 0x02
	.byte 0x00, 0x2E, 0x0B, 0xD1, 0x3A, 0x40, 0x00, 0x2A, 0xD6, 0xD1, 0x21, 0x88, 0x38, 0x1C, 0x08, 0x43
	.byte 0x20, 0x80, 0x03, 0xE0, 0x18, 0x3D, 0x01, 0x3A, 0x00, 0x2A, 0xE1, 0xDA, 0x42, 0x46, 0x10, 0x04
	.byte 0x05, 0x0C, 0x50, 0x46, 0x00, 0x88, 0x85, 0x42, 0xA2, 0xD3, 0x01, 0x99, 0x08, 0x04, 0x00, 0x0C
	.byte 0x81, 0x46, 0x02, 0x99, 0x00, 0x9A, 0x91, 0x42, 0x8C, 0xDB, 0x03, 0xB0, 0x38, 0xBC, 0x98, 0x46
	.byte 0xA1, 0x46, 0xAA, 0x46, 0xF0, 0xBC, 0x01, 0xBC, 0x00, 0x47, 0x00, 0x00, 0xF0, 0xB5, 0x4F, 0x46
	.byte 0x46, 0x46, 0xC0, 0xB4, 0x00, 0x20, 0x80, 0x46, 0xB9, 0xE0, 0x00, 0x27, 0x10, 0x48, 0x00, 0x88
	.byte 0x01, 0x38, 0x01, 0x21, 0x41, 0x44, 0x89, 0x46, 0x87, 0x42, 0x00, 0xDB, 0xAE, 0xE0, 0x38, 0x04
	.byte 0x00, 0x14, 0x42, 0x46, 0x14, 0x04, 0x24, 0x14, 0x21, 0x1C, 0xFF, 0xF7, 0xDD, 0xF9, 0x06, 0x1C
	.byte 0x7D, 0x1C, 0x28, 0x04, 0x00, 0x14, 0x21, 0x1C, 0xFF, 0xF7, 0xD6, 0xF9, 0x02, 0x1C, 0x00, 0x23
	.byte 0xB0, 0x78, 0x09, 0x28, 0x45, 0xD8, 0x80, 0x00, 0x02, 0x49, 0x40, 0x18, 0x00, 0x68, 0x87, 0x46
	.byte 0x28, 0x4F, 0x03, 0x02, 0x2C, 0x15, 0x0E, 0x08, 0x54, 0x15, 0x0E, 0x08, 0x9C, 0x15, 0x0E, 0x08
	.byte 0x9C, 0x15, 0x0E, 0x08, 0x74, 0x15, 0x0E, 0x08, 0x7C, 0x15, 0x0E, 0x08, 0x7C, 0x15, 0x0E, 0x08
	.byte 0x6C, 0x15, 0x0E, 0x08, 0x9C, 0x15, 0x0E, 0x08, 0x84, 0x15, 0x0E, 0x08, 0x90, 0x15, 0x0E, 0x08
	.byte 0x90, 0x78, 0x00, 0x28, 0x25, 0xD0, 0x03, 0x28, 0x23, 0xD0, 0x04, 0x28, 0x21, 0xD0, 0x05, 0x28
	.byte 0x1F, 0xD0, 0x06, 0x28, 0x1D, 0xD0, 0x1E, 0xE0, 0x90, 0x78, 0x09, 0x28, 0x19, 0xD0, 0x1A, 0xE0
	.byte 0x90, 0x78, 0x08, 0x28, 0x15, 0xD0, 0x16, 0xE0, 0x90, 0x78, 0x00, 0x28, 0x11, 0xD0, 0x12, 0xE0
	.byte 0x90, 0x78, 0x08, 0x28, 0x0D, 0xD0, 0x04, 0x28, 0x0B, 0xD0, 0x0C, 0xE0, 0x90, 0x78, 0x09, 0x28
	.byte 0x07, 0xD0, 0x05, 0x28, 0x05, 0xD0, 0x06, 0xE0, 0xB0, 0x78, 0x91, 0x78, 0x88, 0x42, 0x00, 0xD0
	.byte 0x01, 0x23, 0x00, 0x2B, 0x07, 0xD0, 0x31, 0x88, 0x08, 0x20, 0x08, 0x43, 0x30, 0x80, 0x11, 0x88
	.byte 0x04, 0x20, 0x08, 0x43, 0x10, 0x80, 0xB0, 0x78, 0x04, 0x28, 0x09, 0xD0, 0x04, 0x28, 0x02, 0xDC
	.byte 0x03, 0x28, 0x20, 0xD0, 0x3B, 0xE0, 0x05, 0x28, 0x2B, 0xD0, 0x06, 0x28, 0x0C, 0xD0, 0x36, 0xE0
	.byte 0x28, 0x04, 0x00, 0x14, 0x41, 0x46, 0x01, 0x39, 0x09, 0x04, 0x09, 0x14, 0xFF, 0xF7, 0x6C, 0xF9
	.byte 0x80, 0x78, 0x02, 0x28, 0x2B, 0xD1, 0x26, 0xE0, 0x78, 0x1E, 0x00, 0x04, 0x00, 0x14, 0x41, 0x46
	.byte 0x01, 0x39, 0x09, 0x04, 0x09, 0x14, 0xFF, 0xF7, 0x5F, 0xF9, 0x80, 0x78, 0x02, 0x28, 0x1E, 0xD1
	.byte 0x31, 0x88, 0x04, 0x20, 0x19, 0xE0, 0x78, 0x1E, 0x00, 0x04, 0x00, 0x14, 0x4A, 0x46, 0x11, 0x04
	.byte 0x09, 0x14, 0xFF, 0xF7, 0x51, 0xF9, 0x80, 0x78, 0x01, 0x28, 0x10, 0xD1, 0x31, 0x88, 0x04, 0x20
	.byte 0x0B, 0xE0, 0x28, 0x04, 0x00, 0x14, 0x4A, 0x46, 0x11, 0x04, 0x09, 0x14, 0xFF, 0xF7, 0x44, 0xF9
	.byte 0x80, 0x78, 0x01, 0x28, 0x03, 0xD1, 0x31, 0x88, 0x08, 0x20, 0x08, 0x43, 0x30, 0x80, 0x2F, 0x1C
	.byte 0x08, 0x48, 0x00, 0x88, 0x01, 0x38, 0x87, 0x42, 0x00, 0xDA, 0x50, 0xE7, 0xC8, 0x46, 0x06, 0x48
	.byte 0x00, 0x88, 0x80, 0x45, 0x00, 0xDA, 0x40, 0xE7, 0x18, 0xBC, 0x98, 0x46, 0xA1, 0x46, 0xF0, 0xBC
	.byte 0x01, 0xBC, 0x00, 0x47, 0x28, 0x4F, 0x03, 0x02, 0x2A, 0x4F, 0x03, 0x02, 0xF0, 0xB5, 0x57, 0x46
	.byte 0x4E, 0x46, 0x45, 0x46, 0xE0, 0xB4, 0x81, 0xB0, 0x00, 0x20, 0xDF, 0xE2, 0x00, 0x21, 0x89, 0x46
	.byte 0x02, 0x48, 0x52, 0x46, 0x01, 0x32, 0x00, 0x92, 0xD3, 0xE2, 0x00, 0x00, 0x2A, 0x4F, 0x03, 0x02
	.byte 0x50, 0x46, 0x04, 0x04, 0x20, 0x14, 0x4A, 0x46, 0x11, 0x04, 0x09, 0x14, 0xFF, 0xF7, 0x0C, 0xF9
	.byte 0x05, 0x1C, 0xE8, 0x78, 0x4E, 0x46, 0x01, 0x36, 0x07, 0x28, 0x00, 0xD0, 0xBF, 0xE2, 0xA8, 0x78
	.byte 0x09, 0x28, 0x00, 0xD9, 0xBB, 0xE2, 0x80, 0x00, 0x01, 0x49, 0x40, 0x18, 0x00, 0x68, 0x87, 0x46
	.byte 0xC8, 0x16, 0x0E, 0x08, 0xF0, 0x16, 0x0E, 0x08, 0x94, 0x17, 0x0E, 0x08, 0x2E, 0x17, 0x0E, 0x08
	.byte 0x04, 0x18, 0x0E, 0x08, 0x98, 0x1A, 0x0E, 0x08, 0x44, 0x19, 0x0E, 0x08, 0x62, 0x1B, 0x0E, 0x08
	.byte 0xF8, 0x16, 0x0E, 0x08, 0x0A, 0x17, 0x0E, 0x08, 0x1C, 0x17, 0x0E, 0x08, 0x28, 0x1C, 0xFF, 0xF7
	.byte 0xA1, 0xF9, 0x6E, 0xE2, 0x28, 0x1C, 0x03, 0x21, 0xFF, 0xF7, 0x30, 0xF9, 0x28, 0x1C, 0x04, 0x21
	.byte 0xFF, 0xF7, 0xB4, 0xF9, 0x65, 0xE2, 0x28, 0x1C, 0x04, 0x21, 0xFF, 0xF7, 0x27, 0xF9, 0x28, 0x1C
	.byte 0x05, 0x21, 0xFF, 0xF7, 0xAB, 0xF9, 0x5C, 0xE2, 0x28, 0x1C, 0x05, 0x21, 0xFF, 0xF7, 0x1E, 0xF9
	.byte 0x28, 0x1C, 0x06, 0x21, 0xFF, 0xF7, 0xA2, 0xF9, 0x53, 0xE2, 0x0A, 0x20, 0xFF, 0xF7, 0x02, 0xF9
	.byte 0x00, 0x06, 0x00, 0x0E, 0x80, 0x46, 0x28, 0x1C, 0x03, 0x21, 0xFF, 0xF7, 0xEF, 0xF8, 0x00, 0x06
	.byte 0x00, 0x28, 0x1C, 0xD0, 0x28, 0x1C, 0xFF, 0xF7, 0x75, 0xF9, 0x28, 0x1C, 0x0A, 0x21, 0x42, 0x46
	.byte 0xFF, 0xF7, 0x2E, 0xF9, 0x25, 0x14, 0x4C, 0x46, 0x01, 0x3C, 0x24, 0x04, 0x24, 0x14, 0x28, 0x1C
	.byte 0x21, 0x1C, 0xFF, 0xF7, 0xA9, 0xF8, 0x03, 0x21, 0xFF, 0xF7, 0xF8, 0xF8, 0x28, 0x1C, 0x21, 0x1C
	.byte 0xFF, 0xF7, 0xA2, 0xF8, 0x0B, 0x21, 0x42, 0x46, 0xFF, 0xF7, 0x1A, 0xF9, 0x29, 0xE2, 0x28, 0x1C
	.byte 0xFF, 0xF7, 0x58, 0xF9, 0x28, 0x1C, 0x0C, 0x21, 0x42, 0x46, 0xFF, 0xF7, 0x11, 0xF9, 0x20, 0xE2
	.byte 0x07, 0x20, 0xFF, 0xF7, 0xCF, 0xF8, 0x00, 0x06, 0x00, 0x0E, 0x80, 0x46, 0x26, 0x14, 0x49, 0x46
	.byte 0x01, 0x39, 0x09, 0x04, 0x09, 0x14, 0x30, 0x1C, 0xFF, 0xF7, 0x86, 0xF8, 0x30, 0x21, 0x42, 0x46
	.byte 0xFF, 0xF7, 0xFE, 0xF8, 0x28, 0x1C, 0xFF, 0xF7, 0x3D, 0xF9, 0x28, 0x1C, 0x03, 0x21, 0xFF, 0xF7
	.byte 0xAD, 0xF8, 0x00, 0x06, 0x00, 0x28, 0x15, 0xD0, 0x28, 0x1C, 0x07, 0x21, 0x42, 0x46, 0xFF, 0xF7
	.byte 0xEF, 0xF8, 0x4D, 0x46, 0x01, 0x35, 0x2C, 0x04, 0x24, 0x14, 0x30, 0x1C, 0x21, 0x1C, 0xFF, 0xF7
	.byte 0x6B, 0xF8, 0x03, 0x21, 0xFF, 0xF7, 0xBA, 0xF8, 0x30, 0x1C, 0x21, 0x1C, 0xFF, 0xF7, 0x64, 0xF8
	.byte 0x08, 0x21, 0x1D, 0xE1, 0x28, 0x1C, 0x09, 0x21, 0x42, 0x46, 0xFF, 0xF7, 0xD9, 0xF8, 0xE8, 0xE1
	.byte 0x29, 0x88, 0x10, 0x26, 0x30, 0x1C, 0x08, 0x40, 0x00, 0x28, 0x3A, 0xD0, 0x28, 0x1C, 0xFF, 0xF7
	.byte 0x11, 0xF9, 0x28, 0x1C, 0x17, 0x21, 0xFF, 0xF7, 0x71, 0xF9, 0x28, 0x1C, 0x02, 0x21, 0xFF, 0xF7
	.byte 0x7D, 0xF8, 0x00, 0x06, 0x00, 0x28, 0x07, 0xD0, 0x20, 0x14, 0x4C, 0x46, 0x01, 0x34, 0x21, 0x04
	.byte 0x09, 0x14, 0x04, 0x22, 0x18, 0x23, 0x9E, 0xE0, 0x27, 0x14, 0x4C, 0x46, 0x01, 0x34, 0x21, 0x04
	.byte 0x09, 0x14, 0x38, 0x1C, 0x04, 0x22, 0x19, 0x23, 0xFF, 0xF7, 0xD2, 0xF9, 0x48, 0x46, 0x02, 0x30
	.byte 0x00, 0x04, 0x05, 0x14, 0x38, 0x1C, 0x29, 0x1C, 0xFF, 0xF7, 0x2E, 0xF8, 0x01, 0x88, 0x30, 0x1C
	.byte 0x08, 0x40, 0x26, 0x1C, 0x00, 0x28, 0x00, 0xD0, 0xE1, 0xE1, 0x38, 0x1C, 0x29, 0x1C, 0xFF, 0xF7
	.byte 0x23, 0xF8, 0xFF, 0xF7, 0xDF, 0xF8, 0x38, 0x1C, 0x29, 0x1C, 0xFF, 0xF7, 0x1D, 0xF8, 0x0F, 0x21
	.byte 0xA1, 0xE0, 0x0D, 0x20, 0xFF, 0xF7, 0x56, 0xF8, 0x00, 0x06, 0x00, 0x0E, 0x80, 0x46, 0x28, 0x1C
	.byte 0xFF, 0xF7, 0xD0, 0xF8, 0x28, 0x1C, 0x0D, 0x21, 0x42, 0x46, 0xFF, 0xF7, 0x89, 0xF8, 0x27, 0x14
	.byte 0x49, 0x46, 0x01, 0x39, 0x09, 0x04, 0x09, 0x14, 0x38, 0x1C, 0xFF, 0xF7, 0x05, 0xF8, 0x2F, 0x21
	.byte 0x42, 0x46, 0xFF, 0xF7, 0x7D, 0xF8, 0x28, 0x1C, 0x02, 0x21, 0xFF, 0xF7, 0x2F, 0xF8, 0x00, 0x06
	.byte 0x00, 0x28, 0x10, 0xD0, 0x4D, 0x46, 0x01, 0x35, 0x2C, 0x04, 0x24, 0x14, 0x38, 0x1C, 0x21, 0x1C
	.byte 0xFE, 0xF7, 0xF2, 0xFF, 0x04, 0x21, 0xFF, 0xF7, 0x41, 0xF8, 0x38, 0x1C, 0x21, 0x1C, 0xFE, 0xF7
	.byte 0xEB, 0xFF, 0x0E, 0x21, 0xA4, 0xE0, 0x48, 0x46, 0x02, 0x30, 0x00, 0x04, 0x05, 0x14, 0x38, 0x1C
	.byte 0x29, 0x1C, 0xFE, 0xF7, 0xE1, 0xFF, 0x01, 0x88, 0x30, 0x1C, 0x08, 0x40, 0x4E, 0x46, 0x01, 0x36
	.byte 0x00, 0x28, 0x00, 0xD0, 0x93, 0xE1, 0x34, 0x04, 0x24, 0x14, 0x38, 0x1C, 0x21, 0x1C, 0xFE, 0xF7
	.byte 0xD3, 0xFF, 0x04, 0x21, 0xFF, 0xF7, 0x22, 0xF8, 0x38, 0x1C, 0x21, 0x1C, 0xFE, 0xF7, 0xCC, 0xFF
	.byte 0x11, 0x21, 0x42, 0x46, 0xFF, 0xF7, 0x44, 0xF8, 0x38, 0x1C, 0x29, 0x1C, 0xFE, 0xF7, 0xC4, 0xFF
	.byte 0xFF, 0xF7, 0x80, 0xF8, 0x38, 0x1C, 0x29, 0x1C, 0xFE, 0xF7, 0xBE, 0xFF, 0x0F, 0x21, 0x0A, 0xE1
	.byte 0x29, 0x88, 0x10, 0x26, 0x30, 0x1C, 0x08, 0x40, 0x00, 0x28, 0x40, 0xD0, 0x28, 0x1C, 0xFF, 0xF7
	.byte 0x71, 0xF8, 0x28, 0x1C, 0x1D, 0x21, 0xFF, 0xF7, 0xD1, 0xF8, 0x28, 0x1C, 0x02, 0x21, 0xFE, 0xF7
	.byte 0xDD, 0xFF, 0x00, 0x06, 0x00, 0x28, 0x0A, 0xD0, 0x20, 0x14, 0x4C, 0x46, 0x01, 0x34, 0x21, 0x04
	.byte 0x09, 0x14, 0x05, 0x22, 0x1E, 0x23, 0xFF, 0xF7, 0x3B, 0xF9, 0x26, 0x1C, 0x57, 0xE1, 0x27, 0x14
	.byte 0x4C, 0x46, 0x01, 0x34, 0x21, 0x04, 0x09, 0x14, 0x38, 0x1C, 0x05, 0x22, 0x1F, 0x23, 0xFF, 0xF7
	.byte 0x2F, 0xF9, 0x48, 0x46, 0x02, 0x30, 0x00, 0x04, 0x05, 0x14, 0x38, 0x1C, 0x29, 0x1C, 0xFE, 0xF7
	.byte 0x8B, 0xFF, 0x01, 0x88, 0x30, 0x1C, 0x08, 0x40, 0x26, 0x1C, 0x00, 0x28, 0x00, 0xD0, 0x3E, 0xE1
	.byte 0x38, 0x1C, 0x29, 0x1C, 0xFE, 0xF7, 0x80, 0xFF, 0xFF, 0xF7, 0x3C, 0xF8, 0x38, 0x1C, 0x29, 0x1C
	.byte 0xFE, 0xF7, 0x7A, 0xFF, 0x14, 0x21, 0x00, 0x22, 0xFE, 0xF7, 0xF2, 0xFF, 0x2F, 0xE1, 0x12, 0x20
	.byte 0xFE, 0xF7, 0xB0, 0xFF, 0x00, 0x06, 0x00, 0x0E, 0x80, 0x46, 0x28, 0x1C, 0xFF, 0xF7, 0x2A, 0xF8
	.byte 0x28, 0x1C, 0x12, 0x21, 0x42, 0x46, 0xFE, 0xF7, 0xE3, 0xFF, 0x27, 0x14, 0x49, 0x46, 0x01, 0x39
	.byte 0x09, 0x04, 0x09, 0x14, 0x38, 0x1C, 0xFE, 0xF7, 0x5F, 0xFF, 0x31, 0x21, 0x42, 0x46, 0xFE, 0xF7
	.byte 0xD7, 0xFF, 0x28, 0x1C, 0x02, 0x21, 0xFE, 0xF7, 0x89, 0xFF, 0x00, 0x06, 0x00, 0x28, 0x14, 0xD0
	.byte 0x4D, 0x46, 0x01, 0x35, 0x2C, 0x04, 0x24, 0x14, 0x38, 0x1C, 0x21, 0x1C, 0xFE, 0xF7, 0x4C, 0xFF
	.byte 0x05, 0x21, 0xFE, 0xF7, 0x9B, 0xFF, 0x38, 0x1C, 0x21, 0x1C, 0xFE, 0xF7, 0x45, 0xFF, 0x13, 0x21
	.byte 0x42, 0x46, 0xFE, 0xF7, 0xBD, 0xFF, 0x2E, 0x1C, 0xF9, 0xE0, 0x48, 0x46, 0x02, 0x30, 0x00, 0x04
	.byte 0x05, 0x14, 0x38, 0x1C, 0x29, 0x1C, 0xFE, 0xF7, 0x37, 0xFF, 0x01, 0x88, 0x30, 0x1C, 0x08, 0x40
	.byte 0x4E, 0x46, 0x01, 0x36, 0x00, 0x28, 0x00, 0xD0, 0xE9, 0xE0, 0x34, 0x04, 0x24, 0x14, 0x38, 0x1C
	.byte 0x21, 0x1C, 0xFE, 0xF7, 0x29, 0xFF, 0x05, 0x21, 0xFE, 0xF7, 0x78, 0xFF, 0x38, 0x1C, 0x21, 0x1C
	.byte 0xFE, 0xF7, 0x22, 0xFF, 0x16, 0x21, 0x42, 0x46, 0xFE, 0xF7, 0x9A, 0xFF, 0x38, 0x1C, 0x29, 0x1C
	.byte 0xFE, 0xF7, 0x1A, 0xFF, 0xFE, 0xF7, 0xD6, 0xFF, 0x38, 0x1C, 0x29, 0x1C, 0xFE, 0xF7, 0x14, 0xFF
	.byte 0x14, 0x21, 0x60, 0xE0, 0x29, 0x88, 0x10, 0x26, 0x30, 0x1C, 0x08, 0x40, 0x00, 0x28, 0x32, 0xD0
	.byte 0x28, 0x1C, 0xFE, 0xF7, 0xC7, 0xFF, 0x28, 0x1C, 0x1A, 0x21, 0xFF, 0xF7, 0x27, 0xF8, 0x28, 0x1C
	.byte 0x02, 0x21, 0xFE, 0xF7, 0x33, 0xFF, 0x00, 0x06, 0x00, 0x28, 0x07, 0xD0, 0x20, 0x14, 0x49, 0x46
	.byte 0x01, 0x39, 0x09, 0x04, 0x09, 0x14, 0x04, 0x22, 0x1B, 0x23, 0x80, 0xE0, 0x24, 0x14, 0x49, 0x46
	.byte 0x02, 0x39, 0x09, 0x04, 0x09, 0x14, 0x20, 0x1C, 0xFE, 0xF7, 0xEE, 0xFE, 0x01, 0x88, 0x30, 0x1C
	.byte 0x08, 0x40, 0x00, 0x28, 0x07, 0xD1, 0x49, 0x46, 0x01, 0x39, 0x09, 0x04, 0x09, 0x14, 0x20, 0x1C
	.byte 0x04, 0x22, 0x1C, 0x23, 0x6B, 0xE0, 0x49, 0x46, 0x01, 0x39, 0x09, 0x04, 0x09, 0x14, 0x20, 0x1C
	.byte 0x04, 0x22, 0x23, 0x23, 0x63, 0xE0, 0x0F, 0x20, 0xFE, 0xF7, 0x14, 0xFF, 0x00, 0x06, 0x00, 0x0E
	.byte 0x80, 0x46, 0x28, 0x1C, 0xFE, 0xF7, 0x8E, 0xFF, 0x28, 0x1C, 0x0F, 0x21, 0x42, 0x46, 0xFE, 0xF7
	.byte 0x47, 0xFF, 0x28, 0x1C, 0x02, 0x21, 0xFE, 0xF7, 0xF9, 0xFE, 0x00, 0x06, 0x4E, 0x46, 0x01, 0x36
	.byte 0x00, 0x28, 0x7C, 0xD0, 0x25, 0x14, 0x4C, 0x46, 0x01, 0x3C, 0x24, 0x04, 0x24, 0x14, 0x28, 0x1C
	.byte 0x21, 0x1C, 0xFE, 0xF7, 0xB9, 0xFE, 0x04, 0x21, 0xFE, 0xF7, 0x08, 0xFF, 0x28, 0x1C, 0x21, 0x1C
	.byte 0xFE, 0xF7, 0xB2, 0xFE, 0x10, 0x21, 0x42, 0x46, 0xFE, 0xF7, 0x2A, 0xFF, 0x67, 0xE0, 0x29, 0x88
	.byte 0x10, 0x26, 0x30, 0x1C, 0x08, 0x40, 0x00, 0x28, 0x36, 0xD0, 0x28, 0x1C, 0xFE, 0xF7, 0x62, 0xFF
	.byte 0x28, 0x1C, 0x20, 0x21, 0xFE, 0xF7, 0xC2, 0xFF, 0x28, 0x1C, 0x02, 0x21, 0xFE, 0xF7, 0xCE, 0xFE
	.byte 0x00, 0x06, 0x00, 0x28, 0x07, 0xD0, 0x20, 0x14, 0x49, 0x46, 0x01, 0x39, 0x09, 0x04, 0x09, 0x14
	.byte 0x05, 0x22, 0x21, 0x23, 0x1B, 0xE0, 0x24, 0x14, 0x49, 0x46, 0x02, 0x39, 0x09, 0x04, 0x09, 0x14
	.byte 0x20, 0x1C, 0xFE, 0xF7, 0x89, 0xFE, 0x01, 0x88, 0x30, 0x1C, 0x08, 0x40, 0x00, 0x28, 0x07, 0xD1
	.byte 0x49, 0x46, 0x01, 0x39, 0x09, 0x04, 0x09, 0x14, 0x20, 0x1C, 0x05, 0x22, 0x22, 0x23, 0x06, 0xE0
	.byte 0x49, 0x46, 0x01, 0x39, 0x09, 0x04, 0x09, 0x14, 0x20, 0x1C, 0x05, 0x22, 0x24, 0x23, 0xFF, 0xF7
	.byte 0x0F, 0xF8, 0x4E, 0x46, 0x01, 0x36, 0x2A, 0xE0, 0x14, 0x20, 0xFE, 0xF7, 0xAB, 0xFE, 0x00, 0x06
	.byte 0x00, 0x0E, 0x80, 0x46, 0x28, 0x1C, 0xFE, 0xF7, 0x25, 0xFF, 0x28, 0x1C, 0x14, 0x21, 0x42, 0x46
	.byte 0xFE, 0xF7, 0xDE, 0xFE, 0x28, 0x1C, 0x02, 0x21, 0xFE, 0xF7, 0x90, 0xFE, 0x00, 0x06, 0x4E, 0x46
	.byte 0x01, 0x36, 0x00, 0x28, 0x13, 0xD0, 0x25, 0x14, 0x4C, 0x46, 0x01, 0x3C, 0x24, 0x04, 0x24, 0x14
	.byte 0x28, 0x1C, 0x21, 0x1C, 0xFE, 0xF7, 0x50, 0xFE, 0x05, 0x21, 0xFE, 0xF7, 0x9F, 0xFE, 0x28, 0x1C
	.byte 0x21, 0x1C, 0xFE, 0xF7, 0x49, 0xFE, 0x15, 0x21, 0x42, 0x46, 0xFE, 0xF7, 0xC1, 0xFE, 0xB1, 0x46
	.byte 0x09, 0x48, 0x00, 0x88, 0x81, 0x45, 0x00, 0xDA, 0x2A, 0xE5, 0x00, 0x98, 0x82, 0x46, 0x07, 0x48
	.byte 0x00, 0x88, 0x82, 0x45, 0x00, 0xDA, 0x19, 0xE5, 0x01, 0xB0, 0x38, 0xBC, 0x98, 0x46, 0xA1, 0x46
	.byte 0xAA, 0x46, 0xF0, 0xBC, 0x01, 0xBC, 0x00, 0x47, 0x2A, 0x4F, 0x03, 0x02, 0x28, 0x4F, 0x03, 0x02
	thumb_func_start func_080E1C64
func_080E1C64: @ 080E1C64
	push {r4, lr}
	lsls r2, r2, #0x18
	lsrs r4, r2, #0x18
	lsls r0, r0, #0x10
	asrs r0, r0, #0x10
	lsls r1, r1, #0x10
	asrs r1, r1, #0x10
	bl func_080E08BC
	adds r3, r0, #0x0
	cmp r3, #0x00
	beq _080E1C9A
	ldr r0, _080E1CA0 @ =0x02034F34
	ldr r0, [r0, #0x00]
	ldr r2, [r0, #0x20]
	lsls r0, r4, #0x02
	ldr r1, _080E1CA4 @ =0x0984D3F8
	adds r0, r0, r1
	ldrb r1, [r0, #0x01]
	lsls r1, r1, #0x02
	ldrb r0, [r0, #0x02]
	lsls r0, r0, #0x06
	adds r1, r1, r0
	strb r4, [r3, #0x05]
	lsls r1, r1, #0x01
	adds r2, r2, r1
	str r2, [r3, #0x1C]
_080E1C9A:
	pop {r4}
	pop {r0}
	bx r0
_080E1CA0: .4byte 0x02034F34
_080E1CA4: .4byte 0x0984D3F8
	thumb_func_start func_080E1CA8
func_080E1CA8: @ 080E1CA8
	push {lr}
	lsls r0, r0, #0x10
	asrs r0, r0, #0x10
	lsls r1, r1, #0x10
	asrs r1, r1, #0x10
	bl func_080E08BC
	adds r2, r0, #0x0
	cmp r2, #0x00
	beq _080E1CCE
	ldr r1, [r2, #0x08]
	ldr r0, _080E1CD4 @ =0xFFF00000
	cmp r1, r0
	beq _080E1CCE
	ldr r1, [r2, #0x0C]
	movs r0, #0x80
	lsls r0, r0, #0x0D
	cmp r1, r0
	bne _080E1CD8
_080E1CCE:
	movs r0, #0x01
	b _080E1CDA
	.byte 0x00, 0x00
_080E1CD4: .4byte 0xFFF00000
_080E1CD8:
	movs r0, #0x00
_080E1CDA:
	pop {r1}
	bx r1
	.byte 0x00, 0x00
	thumb_func_start func_080E1CE0
func_080E1CE0: @ 080E1CE0
	push {r4, lr}
	lsls r2, r2, #0x18
	lsrs r4, r2, #0x18
	lsls r0, r0, #0x10
	asrs r0, r0, #0x10
	lsls r1, r1, #0x10
	asrs r1, r1, #0x10
	bl func_080E08BC
	cmp r0, #0x00
	beq _080E1D00
	ldrb r0, [r0, #0x02]
	cmp r0, r4
	bne _080E1D00
	movs r0, #0x01
	b _080E1D02
_080E1D00:
	movs r0, #0x00
_080E1D02:
	pop {r4}
	pop {r1}
	bx r1
	.byte 0xF0, 0xB5, 0x47, 0x46, 0x80, 0xB4, 0x00, 0x04, 0x09, 0x04, 0x04, 0x0C, 0x00, 0x14, 0x0E, 0x0C
	.byte 0xE0, 0x22, 0xD2, 0x02, 0x89, 0x18, 0x09, 0x14, 0xFE, 0xF7, 0xCC, 0xFD, 0x02, 0x1C, 0x91, 0x68
	.byte 0x06, 0x48, 0x81, 0x42, 0x00, 0xD0, 0x36, 0xE1, 0x90, 0x78, 0x02, 0x38, 0x07, 0x28, 0x00, 0xD9
	.byte 0x31, 0xE1, 0x80, 0x00, 0x02, 0x49, 0x40, 0x18, 0x00, 0x68, 0x87, 0x46, 0x00, 0x00, 0xF0, 0xFF
	.byte 0x4C, 0x1D, 0x0E, 0x08, 0x7A, 0x1E, 0x0E, 0x08, 0x9E, 0x1F, 0x0E, 0x08, 0x6C, 0x1D, 0x0E, 0x08
	.byte 0x9E, 0x1F, 0x0E, 0x08, 0xF2, 0x1D, 0x0E, 0x08, 0xFE, 0x1E, 0x0E, 0x08, 0xFE, 0x1E, 0x0E, 0x08
	.byte 0xFE, 0x1E, 0x0E, 0x08, 0x20, 0x04, 0x05, 0x14, 0x80, 0x21, 0x49, 0x02, 0x40, 0x18, 0x00, 0x14
	.byte 0x31, 0x04, 0x0C, 0x14, 0xC0, 0x22, 0xD2, 0x02, 0x89, 0x18, 0x09, 0x14, 0xFF, 0xF7, 0x90, 0xFF
	.byte 0x00, 0x06, 0x00, 0x28, 0x0C, 0xD1, 0x28, 0x1C, 0x21, 0x1C, 0x12, 0x22, 0xFF, 0xF7, 0x66, 0xFF
	.byte 0x61, 0x1C, 0x09, 0x04, 0x09, 0x14, 0x28, 0x1C, 0x13, 0x22, 0xFF, 0xF7, 0x5F, 0xFF, 0xFA, 0xE0
	.byte 0x68, 0x1E, 0x00, 0x04, 0x00, 0x14, 0xE1, 0x1D, 0x09, 0x04, 0x09, 0x14, 0xFF, 0xF7, 0x78, 0xFF
	.byte 0x00, 0x06, 0x00, 0x28, 0x0C, 0xD1, 0x28, 0x1C, 0x21, 0x1C, 0x1A, 0x22, 0xFF, 0xF7, 0x4E, 0xFF
	.byte 0x61, 0x1C, 0x09, 0x04, 0x09, 0x14, 0x28, 0x1C, 0x1B, 0x22, 0xFF, 0xF7, 0x47, 0xFF, 0xE2, 0xE0
	.byte 0x28, 0x1C, 0x21, 0x1C, 0x06, 0x22, 0xFF, 0xF7, 0x41, 0xFF, 0x61, 0x1C, 0x09, 0x04, 0x09, 0x14
	.byte 0x28, 0x1C, 0x07, 0x22, 0xFF, 0xF7, 0x3A, 0xFF, 0xD5, 0xE0, 0x20, 0x04, 0x05, 0x14, 0x0D, 0x49
	.byte 0x40, 0x18, 0x00, 0x14, 0x31, 0x04, 0x0C, 0x14, 0xC0, 0x22, 0xD2, 0x02, 0x89, 0x18, 0x09, 0x14
	.byte 0xFF, 0xF7, 0x4E, 0xFF, 0x00, 0x06, 0x00, 0x28, 0x0E, 0xD1, 0x28, 0x1C, 0x21, 0x1C, 0x14, 0x22
	.byte 0xFF, 0xF7, 0x24, 0xFF, 0x61, 0x1C, 0x09, 0x04, 0x09, 0x14, 0x28, 0x1C, 0x15, 0x22, 0xFF, 0xF7
	.byte 0x1D, 0xFF, 0xB8, 0xE0, 0x00, 0x00, 0xFF, 0xFF, 0x68, 0x1C, 0x00, 0x04, 0x00, 0x14, 0xE1, 0x1D
	.byte 0x09, 0x04, 0x09, 0x14, 0xFF, 0xF7, 0x34, 0xFF, 0x00, 0x06, 0x00, 0x28, 0x0C, 0xD1, 0x28, 0x1C
	.byte 0x21, 0x1C, 0x1C, 0x22, 0xFF, 0xF7, 0x0A, 0xFF, 0x61, 0x1C, 0x09, 0x04, 0x09, 0x14, 0x28, 0x1C
	.byte 0x1D, 0x22, 0xFF, 0xF7, 0x03, 0xFF, 0x9E, 0xE0, 0x28, 0x1C, 0x21, 0x1C, 0x08, 0x22, 0xFF, 0xF7
	.byte 0xFD, 0xFE, 0x61, 0x1C, 0x09, 0x04, 0x09, 0x14, 0x28, 0x1C, 0x09, 0x22, 0xFF, 0xF7, 0xF6, 0xFE
	.byte 0x91, 0xE0, 0x20, 0x04, 0x04, 0x14, 0x80, 0x21, 0x49, 0x02, 0x40, 0x18, 0x00, 0x14, 0x31, 0x04
	.byte 0x0D, 0x14, 0xE0, 0x22, 0xD2, 0x02, 0x89, 0x18, 0x0E, 0x14, 0x31, 0x1C, 0xFF, 0xF7, 0x08, 0xFF
	.byte 0x00, 0x06, 0x00, 0x28, 0x0C, 0xD1, 0x20, 0x1C, 0x29, 0x1C, 0x02, 0x22, 0xFF, 0xF7, 0xDE, 0xFE
	.byte 0x69, 0x1C, 0x09, 0x04, 0x09, 0x14, 0x20, 0x1C, 0x22, 0x22, 0xFF, 0xF7, 0xD7, 0xFE, 0x72, 0xE0
	.byte 0x60, 0x1E, 0x00, 0x04, 0x00, 0x14, 0x31, 0x1C, 0xFF, 0xF7, 0xF2, 0xFE, 0x00, 0x06, 0x00, 0x28
	.byte 0x0C, 0xD1, 0x20, 0x1C, 0x29, 0x1C, 0x03, 0x22, 0xFF, 0xF7, 0xC8, 0xFE, 0x69, 0x1C, 0x09, 0x04
	.byte 0x09, 0x14, 0x20, 0x1C, 0x23, 0x22, 0xFF, 0xF7, 0xC1, 0xFE, 0x5C, 0xE0, 0x20, 0x1C, 0x29, 0x1C
	.byte 0x01, 0x22, 0xFF, 0xF7, 0xBB, 0xFE, 0x69, 0x1C, 0x09, 0x04, 0x09, 0x14, 0x20, 0x1C, 0x04, 0x22
	.byte 0xFF, 0xF7, 0xB4, 0xFE, 0x4F, 0xE0, 0x20, 0x04, 0x05, 0x14, 0x0C, 0x49, 0x40, 0x18, 0x00, 0x14
	.byte 0x80, 0x46, 0x30, 0x04, 0x06, 0x14, 0xC0, 0x22, 0xD2, 0x02, 0x80, 0x18, 0x04, 0x14, 0x40, 0x46
	.byte 0x21, 0x1C, 0x06, 0x22, 0xFF, 0xF7, 0xE0, 0xFE, 0x00, 0x06, 0x00, 0x28, 0x08, 0xD0, 0x28, 0x1C
	.byte 0x31, 0x1C, 0x0F, 0x22, 0xFF, 0xF7, 0x9A, 0xFE, 0x35, 0xE0, 0x00, 0x00, 0x00, 0x00, 0xFF, 0xFF
	.byte 0x68, 0x1C, 0x00, 0x04, 0x07, 0x14, 0x38, 0x1C, 0x21, 0x1C, 0x04, 0x22, 0xFF, 0xF7, 0xCC, 0xFE
	.byte 0x00, 0x06, 0x00, 0x28, 0x05, 0xD0, 0x28, 0x1C, 0x31, 0x1C, 0x0E, 0x22, 0xFF, 0xF7, 0x86, 0xFE
	.byte 0x21, 0xE0, 0xF0, 0x1D, 0x00, 0x04, 0x04, 0x14, 0x38, 0x1C, 0x21, 0x1C, 0xFF, 0xF7, 0xA0, 0xFE
	.byte 0x00, 0x06, 0x00, 0x28, 0x05, 0xD1, 0x28, 0x1C, 0x31, 0x1C, 0x02, 0x22, 0xFF, 0xF7, 0x76, 0xFE
	.byte 0x11, 0xE0, 0x40, 0x46, 0x21, 0x1C, 0xFF, 0xF7, 0x93, 0xFE, 0x00, 0x06, 0x00, 0x28, 0x05, 0xD1
	.byte 0x28, 0x1C, 0x31, 0x1C, 0x03, 0x22, 0xFF, 0xF7, 0x69, 0xFE, 0x04, 0xE0, 0x28, 0x1C, 0x31, 0x1C
	.byte 0x01, 0x22, 0xFF, 0xF7, 0x63, 0xFE, 0x08, 0xBC, 0x98, 0x46, 0xF0, 0xBC, 0x01, 0xBC, 0x00, 0x47
	.byte 0xF0, 0xB5, 0x57, 0x46, 0x4E, 0x46, 0x45, 0x46, 0xE0, 0xB4, 0x00, 0x04, 0x09, 0x04, 0x05, 0x0C
	.byte 0x00, 0x14, 0x0C, 0x0C, 0x09, 0x14, 0xFE, 0xF7, 0x7D, 0xFC, 0x02, 0x1C, 0xD1, 0x68, 0x80, 0x20
	.byte 0x40, 0x03, 0x81, 0x42, 0x00, 0xD0, 0x9B, 0xE1, 0x50, 0x79, 0x00, 0x28, 0x00, 0xD0, 0x97, 0xE1
	.byte 0x90, 0x78, 0x01, 0x38, 0x08, 0x28, 0x00, 0xD9, 0x92, 0xE1, 0x80, 0x00, 0x01, 0x49, 0x40, 0x18
	.byte 0x00, 0x68, 0x87, 0x46, 0xF0, 0x1F, 0x0E, 0x08, 0x88, 0x21, 0x0E, 0x08, 0x08, 0x23, 0x0E, 0x08
	.byte 0x14, 0x20, 0x0E, 0x08, 0x08, 0x23, 0x0E, 0x08, 0xCE, 0x20, 0x0E, 0x08, 0x08, 0x23, 0x0E, 0x08
	.byte 0xFE, 0x21, 0x0E, 0x08, 0xFE, 0x21, 0x0E, 0x08, 0xFE, 0x21, 0x0E, 0x08, 0x28, 0x04, 0x06, 0x14
	.byte 0x20, 0x04, 0x04, 0x14, 0x30, 0x1C, 0x21, 0x1C, 0x0C, 0x22, 0xFF, 0xF7, 0x1F, 0xFE, 0x60, 0x1E
	.byte 0x00, 0x04, 0x00, 0x14, 0x80, 0x46, 0x30, 0x1C, 0x41, 0x46, 0x0D, 0x22, 0xFF, 0xF7, 0x16, 0xFE
	.byte 0x70, 0x1E, 0x00, 0x04, 0x05, 0x14, 0x60, 0x1C, 0x00, 0x04, 0x07, 0x14, 0x28, 0x1C, 0x39, 0x1C
	.byte 0xFF, 0xF7, 0x2E, 0xFE, 0x00, 0x06, 0x00, 0x28, 0x0E, 0xD1, 0x30, 0x1C, 0x39, 0x1C, 0x01, 0x22
	.byte 0xFF, 0xF7, 0x04, 0xFE, 0x28, 0x1C, 0x39, 0x1C, 0x18, 0x22, 0xFF, 0xF7, 0xFF, 0xFD, 0x28, 0x1C
	.byte 0x21, 0x1C, 0x19, 0x22, 0xFF, 0xF7, 0xFA, 0xFD, 0x70, 0x1C, 0x00, 0x04, 0x05, 0x14, 0x28, 0x1C
	.byte 0x21, 0x1C, 0xFF, 0xF7, 0x15, 0xFE, 0x00, 0x06, 0x00, 0x28, 0x00, 0xD0, 0x40, 0xE1, 0x28, 0x1C
	.byte 0x41, 0x46, 0x20, 0x22, 0xFF, 0xF7, 0xEA, 0xFD, 0xA1, 0x1E, 0x09, 0x04, 0x09, 0x14, 0x28, 0x1C
	.byte 0x21, 0x22, 0xFF, 0xF7, 0xE3, 0xFD, 0x28, 0x1C, 0x21, 0x1C, 0x02, 0x22, 0xFF, 0xF7, 0xDE, 0xFD
	.byte 0x28, 0x1C, 0x39, 0x1C, 0xFF, 0xF7, 0xFC, 0xFD, 0x00, 0x06, 0x00, 0x28, 0x05, 0xD0, 0x28, 0x1C
	.byte 0x39, 0x1C, 0x10, 0x22, 0xFF, 0xF7, 0xD2, 0xFD, 0x22, 0xE1, 0x28, 0x1C, 0x39, 0x1C, 0x02, 0x22
	.byte 0xFF, 0xF7, 0xCC, 0xFD, 0x1C, 0xE1, 0x28, 0x04, 0x06, 0x14, 0x20, 0x04, 0x04, 0x14, 0x30, 0x1C
	.byte 0x21, 0x1C, 0x0A, 0x22, 0xFF, 0xF7, 0xC2, 0xFD, 0x60, 0x1E, 0x00, 0x04, 0x00, 0x14, 0x80, 0x46
	.byte 0x30, 0x1C, 0x41, 0x46, 0x0B, 0x22, 0xFF, 0xF7, 0xB9, 0xFD, 0x70, 0x1C, 0x00, 0x04, 0x05, 0x14
	.byte 0x60, 0x1C, 0x00, 0x04, 0x07, 0x14, 0x28, 0x1C, 0x39, 0x1C, 0xFF, 0xF7, 0xD1, 0xFD, 0x00, 0x06
	.byte 0x00, 0x28, 0x0E, 0xD1, 0x30, 0x1C, 0x39, 0x1C, 0x01, 0x22, 0xFF, 0xF7, 0xA7, 0xFD, 0x28, 0x1C
	.byte 0x39, 0x1C, 0x16, 0x22, 0xFF, 0xF7, 0xA2, 0xFD, 0x28, 0x1C, 0x21, 0x1C, 0x17, 0x22, 0xFF, 0xF7
	.byte 0x9D, 0xFD, 0x70, 0x1E, 0x00, 0x04, 0x05, 0x14, 0x28, 0x1C, 0x21, 0x1C, 0xFF, 0xF7, 0xB8, 0xFD
	.byte 0x00, 0x06, 0x00, 0x28, 0x00, 0xD0, 0xE3, 0xE0, 0x28, 0x1C, 0x41, 0x46, 0x1E, 0x22, 0xFF, 0xF7
	.byte 0x8D, 0xFD, 0xA1, 0x1E, 0x09, 0x04, 0x09, 0x14, 0x28, 0x1C, 0x1F, 0x22, 0xFF, 0xF7, 0x86, 0xFD
	.byte 0x28, 0x1C, 0x21, 0x1C, 0x03, 0x22, 0xFF, 0xF7, 0x81, 0xFD, 0x28, 0x1C, 0x39, 0x1C, 0xFF, 0xF7
	.byte 0x9F, 0xFD, 0x00, 0x06, 0x00, 0x28, 0x05, 0xD0, 0x28, 0x1C, 0x39, 0x1C, 0x11, 0x22, 0xFF, 0xF7
	.byte 0x75, 0xFD, 0xC5, 0xE0, 0x28, 0x1C, 0x39, 0x1C, 0x03, 0x22, 0xFF, 0xF7, 0x6F, 0xFD, 0xBF, 0xE0
	.byte 0x28, 0x04, 0x05, 0x14, 0x20, 0x04, 0x06, 0x14, 0x28, 0x1C, 0x31, 0x1C, 0x01, 0x22, 0xFF, 0xF7
	.byte 0x65, 0xFD, 0x70, 0x1E, 0x00, 0x04, 0x07, 0x14, 0x28, 0x1C, 0x39, 0x1C, 0x05, 0x22, 0xFF, 0xF7
	.byte 0x5D, 0xFD, 0x68, 0x1E, 0x00, 0x04, 0x04, 0x14, 0x20, 0x1C, 0x31, 0x1C, 0xFF, 0xF7, 0x78, 0xFD
	.byte 0x00, 0x06, 0x00, 0x28, 0x09, 0xD1, 0x20, 0x1C, 0x31, 0x1C, 0x03, 0x22, 0xFF, 0xF7, 0x4E, 0xFD
	.byte 0x20, 0x1C, 0x39, 0x1C, 0x25, 0x22, 0xFF, 0xF7, 0x49, 0xFD, 0x68, 0x1C, 0x00, 0x04, 0x05, 0x14
	.byte 0x28, 0x1C, 0x31, 0x1C, 0xFF, 0xF7, 0x64, 0xFD, 0x00, 0x06, 0x00, 0x28, 0x00, 0xD0, 0x8F, 0xE0
	.byte 0x28, 0x1C, 0x31, 0x1C, 0x02, 0x22, 0xFF, 0xF7, 0x39, 0xFD, 0x28, 0x1C, 0x39, 0x1C, 0x24, 0x22
	.byte 0xFF, 0xF7, 0x34, 0xFD, 0x84, 0xE0, 0x2D, 0x04, 0x28, 0x14, 0x81, 0x46, 0x24, 0x04, 0x26, 0x14
	.byte 0x31, 0x1C, 0x01, 0x22, 0xFF, 0xF7, 0x2A, 0xFD, 0x48, 0x46, 0x01, 0x38, 0x00, 0x04, 0x07, 0x14
	.byte 0x70, 0x1C, 0x00, 0x04, 0x00, 0x14, 0x80, 0x46, 0x38, 0x1C, 0x41, 0x46, 0x03, 0x22, 0xFF, 0xF7
	.byte 0x5B, 0xFD, 0x00, 0x06, 0xA2, 0x46, 0x00, 0x28, 0x09, 0xD0, 0x38, 0x1C, 0x31, 0x1C, 0x03, 0x22
	.byte 0xFF, 0xF7, 0x14, 0xFD, 0x38, 0x1C, 0x41, 0x46, 0x11, 0x22, 0xFF, 0xF7, 0x0F, 0xFD, 0x48, 0x46
	.byte 0x01, 0x30, 0x00, 0x04, 0x04, 0x14, 0x20, 0x1C, 0x41, 0x46, 0x05, 0x22, 0xFF, 0xF7, 0x44, 0xFD
	.byte 0x00, 0x06, 0x00, 0x28, 0x09, 0xD0, 0x20, 0x1C, 0x31, 0x1C, 0x02, 0x22, 0xFF, 0xF7, 0xFE, 0xFC
	.byte 0x20, 0x1C, 0x41, 0x46, 0x10, 0x22, 0xFF, 0xF7, 0xF9, 0xFC, 0x38, 0x1C, 0x31, 0x1C, 0xFF, 0xF7
	.byte 0x17, 0xFD, 0x00, 0x06, 0x00, 0x28, 0x1A, 0xD1, 0x70, 0x1E, 0x00, 0x04, 0x04, 0x14, 0x48, 0x46
	.byte 0x21, 0x1C, 0x03, 0x22, 0xFF, 0xF7, 0x28, 0xFD, 0x00, 0x06, 0x00, 0x28, 0x0A, 0xD0, 0x38, 0x1C
	.byte 0x31, 0x1C, 0x18, 0x22, 0xFF, 0xF7, 0xE2, 0xFC, 0x38, 0x1C, 0x21, 0x1C, 0x19, 0x22, 0xFF, 0xF7
	.byte 0xDD, 0xFC, 0x04, 0xE0, 0x38, 0x1C, 0x31, 0x1C, 0x03, 0x22, 0xFF, 0xF7, 0xD7, 0xFC, 0x2F, 0x14
	.byte 0x80, 0x21, 0x49, 0x02, 0x68, 0x18, 0x05, 0x14, 0x50, 0x46, 0x04, 0x14, 0x28, 0x1C, 0x21, 0x1C
	.byte 0xFF, 0xF7, 0xEE, 0xFC, 0x00, 0x06, 0x00, 0x28, 0x1A, 0xD1, 0x60, 0x1E, 0x00, 0x04, 0x06, 0x14
	.byte 0x38, 0x1C, 0x31, 0x1C, 0x05, 0x22, 0xFF, 0xF7, 0xFF, 0xFC, 0x00, 0x06, 0x00, 0x28, 0x0A, 0xD0
	.byte 0x28, 0x1C, 0x21, 0x1C, 0x16, 0x22, 0xFF, 0xF7, 0xB9, 0xFC, 0x28, 0x1C, 0x31, 0x1C, 0x17, 0x22
	.byte 0xFF, 0xF7, 0xB4, 0xFC, 0x04, 0xE0, 0x28, 0x1C, 0x21, 0x1C, 0x02, 0x22, 0xFF, 0xF7, 0xAE, 0xFC
	.byte 0x38, 0xBC, 0x98, 0x46, 0xA1, 0x46, 0xAA, 0x46, 0xF0, 0xBC, 0x01, 0xBC, 0x00, 0x47, 0x00, 0x00
	.byte 0x10, 0xB5, 0x01, 0x1C, 0x09, 0x04, 0x0C, 0x0C, 0x09, 0x14, 0x00, 0x20, 0xFE, 0xF7, 0xCA, 0xFA
	.byte 0x40, 0x79, 0x17, 0x28, 0x4A, 0xD8, 0x80, 0x00, 0x01, 0x49, 0x40, 0x18, 0x00, 0x68, 0x87, 0x46
	.byte 0x3C, 0x23, 0x0E, 0x08, 0xB8, 0x23, 0x0E, 0x08, 0xC4, 0x23, 0x0E, 0x08, 0xC4, 0x23, 0x0E, 0x08
	.byte 0xC4, 0x23, 0x0E, 0x08, 0xC4, 0x23, 0x0E, 0x08, 0xC4, 0x23, 0x0E, 0x08, 0xAA, 0x23, 0x0E, 0x08
	.byte 0xB8, 0x23, 0x0E, 0x08, 0xC4, 0x23, 0x0E, 0x08, 0xC4, 0x23, 0x0E, 0x08, 0x9C, 0x23, 0x0E, 0x08
	.byte 0xB8, 0x23, 0x0E, 0x08, 0xC4, 0x23, 0x0E, 0x08, 0xC4, 0x23, 0x0E, 0x08, 0xC4, 0x23, 0x0E, 0x08
	.byte 0xC4, 0x23, 0x0E, 0x08, 0xC4, 0x23, 0x0E, 0x08, 0xC4, 0x23, 0x0E, 0x08, 0xB8, 0x23, 0x0E, 0x08
	.byte 0xB8, 0x23, 0x0E, 0x08, 0xC4, 0x23, 0x0E, 0x08, 0xC4, 0x23, 0x0E, 0x08, 0xB8, 0x23, 0x0E, 0x08
	.byte 0xB8, 0x23, 0x0E, 0x08, 0x21, 0x04, 0x09, 0x14, 0x00, 0x20, 0x10, 0x22, 0xFF, 0xF7, 0x5E, 0xFC
	.byte 0x0C, 0xE0, 0x21, 0x04, 0x09, 0x14, 0x00, 0x20, 0x0E, 0x22, 0xFF, 0xF7, 0x57, 0xFC, 0x05, 0xE0
	.byte 0x21, 0x04, 0x09, 0x14, 0x00, 0x20, 0x02, 0x22, 0xFF, 0xF7, 0x50, 0xFC, 0x10, 0xBC, 0x01, 0xBC
	.byte 0x00, 0x47, 0x00, 0x00, 0x30, 0xB5, 0x01, 0x1C, 0x09, 0x04, 0x09, 0x48, 0x00, 0x88, 0x01, 0x38
	.byte 0x00, 0x04, 0x04, 0x0C, 0x00, 0x14, 0x0D, 0x0C, 0x09, 0x14, 0xFE, 0xF7, 0x6B, 0xFA, 0x40, 0x79
	.byte 0x19, 0x28, 0x54, 0xD8, 0x80, 0x00, 0x03, 0x49, 0x40, 0x18, 0x00, 0x68, 0x87, 0x46, 0x00, 0x00
	.byte 0x28, 0x4F, 0x03, 0x02, 0x00, 0x24, 0x0E, 0x08, 0x88, 0x24, 0x0E, 0x08, 0x96, 0x24, 0x0E, 0x08
	.byte 0x96, 0x24, 0x0E, 0x08, 0x96, 0x24, 0x0E, 0x08, 0x96, 0x24, 0x0E, 0x08, 0x96, 0x24, 0x0E, 0x08
	.byte 0x96, 0x24, 0x0E, 0x08, 0x96, 0x24, 0x0E, 0x08, 0x78, 0x24, 0x0E, 0x08, 0x88, 0x24, 0x0E, 0x08
	.byte 0x96, 0x24, 0x0E, 0x08, 0x96, 0x24, 0x0E, 0x08, 0x68, 0x24, 0x0E, 0x08, 0x88, 0x24, 0x0E, 0x08
	.byte 0x96, 0x24, 0x0E, 0x08, 0x96, 0x24, 0x0E, 0x08, 0x96, 0x24, 0x0E, 0x08, 0x96, 0x24, 0x0E, 0x08
	.byte 0x96, 0x24, 0x0E, 0x08, 0x96, 0x24, 0x0E, 0x08, 0x88, 0x24, 0x0E, 0x08, 0x88, 0x24, 0x0E, 0x08
	.byte 0x96, 0x24, 0x0E, 0x08, 0x96, 0x24, 0x0E, 0x08, 0x88, 0x24, 0x0E, 0x08, 0x88, 0x24, 0x0E, 0x08
	.byte 0x20, 0x04, 0x00, 0x14, 0x29, 0x04, 0x09, 0x14, 0x11, 0x22, 0xFF, 0xF7, 0xF7, 0xFB, 0x0E, 0xE0
	.byte 0x20, 0x04, 0x00, 0x14, 0x29, 0x04, 0x09, 0x14, 0x0F, 0x22, 0xFF, 0xF7, 0xEF, 0xFB, 0x06, 0xE0
	.byte 0x20, 0x04, 0x00, 0x14, 0x29, 0x04, 0x09, 0x14, 0x03, 0x22, 0xFF, 0xF7, 0xE7, 0xFB, 0x30, 0xBC
	.byte 0x01, 0xBC, 0x00, 0x47, 0xF0, 0xB5, 0x47, 0x46, 0x80, 0xB4, 0x00, 0x21, 0x1C, 0x48, 0x00, 0x88
	.byte 0x81, 0x42, 0x1D, 0xDA, 0x1B, 0x48, 0x80, 0x46, 0x00, 0x26, 0x4F, 0x1C, 0x42, 0x46, 0x12, 0x88
	.byte 0x96, 0x42, 0x10, 0xDA, 0x08, 0x04, 0x05, 0x14, 0x34, 0x04, 0x24, 0x14, 0x28, 0x1C, 0x21, 0x1C
	.byte 0xFF, 0xF7, 0x1E, 0xFC, 0x28, 0x1C, 0x21, 0x1C, 0xFF, 0xF7, 0x6A, 0xFD, 0x01, 0x36, 0x40, 0x46
	.byte 0x00, 0x88, 0x86, 0x42, 0xF0, 0xDB, 0x39, 0x1C, 0x0D, 0x48, 0x00, 0x88, 0x81, 0x42, 0xE3, 0xDB
	.byte 0x00, 0x26, 0x0C, 0x48, 0x01, 0x88, 0x8E, 0x42, 0x0C, 0xDA, 0x05, 0x1C, 0x34, 0x04, 0x24, 0x14
	.byte 0x20, 0x1C, 0xFF, 0xF7, 0x0D, 0xFF, 0x20, 0x1C, 0xFF, 0xF7, 0x64, 0xFF, 0x01, 0x36, 0x2A, 0x88
	.byte 0x96, 0x42, 0xF3, 0xDB, 0x08, 0xBC, 0x98, 0x46, 0xF0, 0xBC, 0x01, 0xBC, 0x00, 0x47, 0x00, 0x00
	.byte 0x28, 0x4F, 0x03, 0x02, 0x2A, 0x4F, 0x03, 0x02, 0x70, 0xB5, 0x00, 0x22, 0x0D, 0x48, 0x01, 0x88
	.byte 0x8A, 0x42, 0x4A, 0xDA, 0x80, 0x25, 0x6D, 0x03, 0x0B, 0x48, 0x00, 0x88, 0x01, 0x38, 0x00, 0x04
	.byte 0x04, 0x0C, 0x21, 0x04, 0x16, 0x04, 0x00, 0x29, 0x36, 0xDB, 0x30, 0x14, 0x09, 0x14, 0xFE, 0xF7
	.byte 0xB9, 0xF9, 0x02, 0x1C, 0x90, 0x78, 0x09, 0x28, 0x26, 0xD8, 0x80, 0x00, 0x03, 0x49, 0x40, 0x18
	.byte 0x00, 0x68, 0x87, 0x46, 0x28, 0x4F, 0x03, 0x02, 0x2A, 0x4F, 0x03, 0x02, 0x68, 0x25, 0x0E, 0x08
	.byte 0x96, 0x25, 0x0E, 0x08, 0x90, 0x25, 0x0E, 0x08, 0x9A, 0x25, 0x0E, 0x08, 0x90, 0x25, 0x0E, 0x08
	.byte 0x9A, 0x25, 0x0E, 0x08, 0x90, 0x25, 0x0E, 0x08, 0x9A, 0x25, 0x0E, 0x08, 0xA0, 0x25, 0x0E, 0x08
	.byte 0xA0, 0x25, 0x0E, 0x08, 0xA0, 0x25, 0x0E, 0x08, 0xD5, 0x60, 0x95, 0x68, 0x05, 0xE0, 0x95, 0x60
	.byte 0x02, 0xE0, 0x90, 0x68, 0xD0, 0x60, 0x00, 0xE0, 0xD5, 0x60, 0x20, 0x04, 0x14, 0x4B, 0xC0, 0x18
	.byte 0x04, 0x0C, 0x21, 0x04, 0x00, 0x29, 0xC8, 0xDA, 0x80, 0x20, 0x40, 0x02, 0x31, 0x18, 0x0A, 0x0C
	.byte 0x09, 0x14, 0x10, 0x48, 0x03, 0x88, 0x99, 0x42, 0xB4, 0xDB, 0x00, 0x22, 0x00, 0x88, 0x82, 0x42
	.byte 0x47, 0xDA, 0x0D, 0x4D, 0x00, 0x24, 0x0D, 0x48, 0x16, 0x04, 0x00, 0x88, 0x84, 0x42, 0x37, 0xDA
	.byte 0x30, 0x14, 0x24, 0x04, 0x21, 0x14, 0xFE, 0xF7, 0x6D, 0xF9, 0x02, 0x1C, 0x90, 0x78, 0x01, 0x38
	.byte 0x08, 0x28, 0x24, 0xD8, 0x80, 0x00, 0x06, 0x49, 0x40, 0x18, 0x00, 0x68, 0x87, 0x46, 0x00, 0x00
	.byte 0x00, 0x00, 0xFF, 0xFF, 0x28, 0x4F, 0x03, 0x02, 0x00, 0x00, 0xF0, 0xFF, 0x2A, 0x4F, 0x03, 0x02
	.byte 0x0C, 0x26, 0x0E, 0x08, 0x30, 0x26, 0x0E, 0x08, 0x34, 0x26, 0x0E, 0x08, 0x30, 0x26, 0x0E, 0x08
	.byte 0x34, 0x26, 0x0E, 0x08, 0x30, 0x26, 0x0E, 0x08, 0x34, 0x26, 0x0E, 0x08, 0x34, 0x26, 0x0E, 0x08
	.byte 0x34, 0x26, 0x0E, 0x08, 0x34, 0x26, 0x0E, 0x08, 0x95, 0x68, 0x00, 0xE0, 0x95, 0x60, 0x80, 0x20
	.byte 0x40, 0x02, 0x21, 0x18, 0x0C, 0x0C, 0x09, 0x14, 0x07, 0x48, 0x00, 0x88, 0x81, 0x42, 0xC7, 0xDB
	.byte 0x80, 0x23, 0x5B, 0x02, 0xF1, 0x18, 0x0A, 0x0C, 0x09, 0x14, 0x04, 0x48, 0x00, 0x88, 0x81, 0x42
	.byte 0xB7, 0xDB, 0x70, 0xBC, 0x01, 0xBC, 0x00, 0x47, 0x2A, 0x4F, 0x03, 0x02, 0x28, 0x4F, 0x03, 0x02
	thumb_func_start func_080E2668
func_080E2668: @ 080E2668
	push {r4, r5, r6, r7, lr}
	mov r7, r10
	mov r6, r9
	mov r5, r8
	push {r5, r6, r7}
	add sp, #-0x00C
	adds r5, r0, #0x0
	lsls r1, r1, #0x18
	lsrs r1, r1, #0x18
	str r1, [sp, #0x000]
	adds r0, r1, #0x0
	bl func_080DFB7C
	mov r10, r0
	ldrh r1, [r0, #0x00]
	movs r0, #0x01
	ands r0, r1
	cmp r0, #0x00
	bne _080E2690
	b _080E2AF6
_080E2690:
	ldrh r0, [r5, #0x02]
	ldrh r1, [r5, #0x00]
	subs r0, r0, r1
	lsls r6, r0, #0x10
	lsrs r0, r6, #0x10
	str r0, [sp, #0x004]
	ldr r1, [sp, #0x000]
	cmp r1, #0x00
	bne _080E2786
	bl func_080065A4
	adds r1, r0, #0x0
	ldr r2, [sp, #0x004]
	lsls r0, r2, #0x02
	adds r0, r0, r2
	lsrs r4, r0, #0x03
	ldrh r0, [r5, #0x00]
	adds r4, r4, r0
	lsls r0, r1, #0x10
	lsrs r0, r0, #0x10
	lsrs r1, r6, #0x12
	bl func_0811D7CC
	adds r4, r4, r0
	lsls r4, r4, #0x10
	lsrs r4, r4, #0x10
	movs r1, #0x00
	mov r8, r1
	ldr r2, [sp, #0x004]
	cmp r8, r2
	bge _080E2786
_080E26CE:
	ldr r0, _080E2748 @ =0x02034F2C
	ldrh r6, [r0, #0x00]
	ldr r0, _080E274C @ =0x02034F2E
	ldrh r0, [r0, #0x00]
	cmp r6, r0
	bhi _080E2762
	lsls r0, r4, #0x10
	asrs r7, r0, #0x10
	movs r0, #0x80
	lsls r0, r0, #0x04
	mov r9, r0
_080E26E4:
	lsls r0, r6, #0x10
	asrs r3, r0, #0x10
	adds r0, r7, #0x0
	adds r1, r3, #0x0
	str r3, [sp, #0x008]
	bl func_080E08BC
	adds r2, r0, #0x0
	ldrb r0, [r2, #0x02]
	ldr r3, [sp, #0x008]
	cmp r0, #0x06
	bne _080E2754
	ldr r1, [r2, #0x0C]
	ldr r0, [r5, #0x04]
	cmp r1, r0
	bne _080E2754
	ldr r1, [r2, #0x08]
	ldr r0, _080E2750 @ =0xFFF00000
	cmp r1, r0
	bne _080E2754
	ldrh r1, [r2, #0x00]
	movs r0, #0x20
	ands r0, r1
	cmp r0, #0x00
	bne _080E2754
	mov r1, r10
	strh r4, [r1, #0x02]
	strh r6, [r1, #0x04]
	ldrh r0, [r2, #0x00]
	mov r1, r9
	orrs r0, r1
	movs r1, #0x80
	lsls r1, r1, #0x03
	orrs r0, r1
	strh r0, [r2, #0x00]
	adds r5, r6, #0x1
	lsls r5, r5, #0x10
	asrs r5, r5, #0x10
	adds r0, r7, #0x0
	adds r1, r5, #0x0
	str r3, [sp, #0x008]
	bl func_080E08BC
	ldrh r1, [r0, #0x00]
	mov r2, r9
	orrs r1, r2
	strh r1, [r0, #0x00]
	subs r4, #0x01
	b _080E2A4E
	.byte 0x00, 0x00
_080E2748: .4byte 0x02034F2C
_080E274C: .4byte 0x02034F2E
_080E2750: .4byte 0xFFF00000
_080E2754:
	adds r0, r6, #0x1
	lsls r0, r0, #0x10
	lsrs r6, r0, #0x10
	ldr r0, _080E2774 @ =0x02034F2E
	ldrh r0, [r0, #0x00]
	cmp r6, r0
	bls _080E26E4
_080E2762:
	ldrh r0, [r5, #0x02]
	subs r0, #0x01
	cmp r4, r0
	bge _080E2778
	adds r0, r4, #0x1
	lsls r0, r0, #0x10
	lsrs r0, r0, #0x10
	b _080E277A
	.byte 0x00, 0x00
_080E2774: .4byte 0x02034F2E
_080E2778:
	ldrh r0, [r5, #0x00]
_080E277A:
	adds r4, r0, #0x0
	movs r0, #0x01
	add r8, r0
	ldr r1, [sp, #0x004]
	cmp r8, r1
	blt _080E26CE
_080E2786:
	ldr r2, [sp, #0x000]
	cmp r2, #0x02
	beq _080E278E
	b _080E2892
_080E278E:
	bl func_080065A4
	adds r1, r0, #0x0
	ldr r2, [sp, #0x004]
	lsls r0, r2, #0x02
	adds r0, r0, r2
	lsrs r4, r0, #0x03
	ldrh r0, [r5, #0x00]
	adds r4, r4, r0
	lsls r0, r1, #0x10
	lsrs r0, r0, #0x10
	ldr r2, [sp, #0x004]
	lsrs r1, r2, #0x02
	bl func_0811D7CC
	adds r4, r4, r0
	lsls r4, r4, #0x10
	lsrs r4, r4, #0x10
	movs r0, #0x00
	mov r8, r0
	b _080E288C
_080E27B8:
	ldr r0, _080E2858 @ =0x02034F2C
	ldrh r6, [r0, #0x00]
	ldr r0, _080E285C @ =0x02034F2E
	ldrh r0, [r0, #0x00]
	cmp r6, r0
	bhi _080E286E
	lsls r0, r4, #0x10
	asrs r3, r0, #0x10
	movs r2, #0x80
	lsls r2, r2, #0x04
	mov r9, r2
_080E27CE:
	lsls r0, r6, #0x10
	asrs r7, r0, #0x10
	adds r0, r3, #0x0
	adds r1, r7, #0x0
	str r3, [sp, #0x008]
	bl func_080E08BC
	adds r2, r0, #0x0
	ldrb r0, [r2, #0x02]
	ldr r3, [sp, #0x008]
	cmp r0, #0x03
	bne _080E2860
	ldr r1, [r2, #0x08]
	ldr r0, [r5, #0x04]
	cmp r1, r0
	bne _080E2860
	ldr r1, [r2, #0x0C]
	movs r0, #0x80
	lsls r0, r0, #0x0D
	cmp r1, r0
	bne _080E2860
	ldrh r1, [r2, #0x00]
	movs r0, #0x20
	ands r0, r1
	cmp r0, #0x00
	bne _080E2860
	mov r0, r10
	strh r4, [r0, #0x02]
	strh r6, [r0, #0x04]
	adds r0, r3, #0x0
	adds r1, r7, #0x0
	str r3, [sp, #0x008]
	bl func_080E08BC
	ldrh r1, [r0, #0x00]
	mov r2, r9
	orrs r1, r2
	strh r1, [r0, #0x00]
	subs r5, r6, #0x1
	lsls r5, r5, #0x10
	asrs r5, r5, #0x10
	ldr r3, [sp, #0x008]
	adds r0, r3, #0x0
	adds r1, r5, #0x0
	bl func_080E08BC
	ldrh r1, [r0, #0x00]
	mov r2, r9
	orrs r1, r2
	strh r1, [r0, #0x00]
	subs r4, #0x01
	lsls r4, r4, #0x10
	asrs r4, r4, #0x10
	adds r0, r4, #0x0
	adds r1, r7, #0x0
	bl func_080E08BC
	ldrh r1, [r0, #0x00]
	mov r2, r9
	orrs r1, r2
	strh r1, [r0, #0x00]
	adds r0, r4, #0x0
	adds r1, r5, #0x0
	bl func_080E08BC
	ldrh r1, [r0, #0x00]
	mov r2, r9
	b _080E2AB2
	.byte 0x00, 0x00
_080E2858: .4byte 0x02034F2C
_080E285C: .4byte 0x02034F2E
_080E2860:
	adds r0, r6, #0x1
	lsls r0, r0, #0x10
	lsrs r6, r0, #0x10
	ldr r0, _080E2880 @ =0x02034F2E
	ldrh r0, [r0, #0x00]
	cmp r6, r0
	bls _080E27CE
_080E286E:
	ldrh r0, [r5, #0x02]
	subs r0, #0x01
	cmp r4, r0
	bge _080E2884
	adds r0, r4, #0x1
	lsls r0, r0, #0x10
	lsrs r0, r0, #0x10
	b _080E2886
	.byte 0x00, 0x00
_080E2880: .4byte 0x02034F2E
_080E2884:
	ldrh r0, [r5, #0x00]
_080E2886:
	adds r4, r0, #0x0
	movs r0, #0x01
	add r8, r0
_080E288C:
	ldr r1, [sp, #0x004]
	cmp r8, r1
	blt _080E27B8
_080E2892:
	ldr r2, [sp, #0x000]
	cmp r2, #0x01
	beq _080E289A
	b _080E29A0
_080E289A:
	bl func_080065A4
	adds r1, r0, #0x0
	ldr r2, [sp, #0x004]
	lsls r0, r2, #0x01
	adds r0, r0, r2
	lsrs r4, r0, #0x03
	ldrh r0, [r5, #0x00]
	adds r4, r4, r0
	lsls r0, r1, #0x10
	lsrs r0, r0, #0x10
	ldr r2, [sp, #0x004]
	lsrs r1, r2, #0x02
	bl func_0811D7CC
	subs r4, r4, r0
	lsls r4, r4, #0x10
	lsrs r4, r4, #0x10
	movs r0, #0x00
	mov r8, r0
	ldr r1, [sp, #0x004]
	cmp r8, r1
	bge _080E29A0
_080E28C8:
	ldr r0, _080E2968 @ =0x02034F2C
	ldrh r6, [r0, #0x00]
	ldr r0, _080E296C @ =0x02034F2E
	ldrh r0, [r0, #0x00]
	cmp r6, r0
	bhi _080E297E
	lsls r0, r4, #0x10
	asrs r3, r0, #0x10
	movs r2, #0x80
	lsls r2, r2, #0x04
	mov r9, r2
_080E28DE:
	lsls r0, r6, #0x10
	asrs r7, r0, #0x10
	adds r0, r3, #0x0
	adds r1, r7, #0x0
	str r3, [sp, #0x008]
	bl func_080E08BC
	adds r2, r0, #0x0
	ldrb r0, [r2, #0x02]
	ldr r3, [sp, #0x008]
	cmp r0, #0x05
	bne _080E2970
	ldr r1, [r2, #0x08]
	ldr r0, [r5, #0x04]
	cmp r1, r0
	bne _080E2970
	ldr r1, [r2, #0x0C]
	movs r0, #0x80
	lsls r0, r0, #0x0D
	cmp r1, r0
	bne _080E2970
	ldrh r1, [r2, #0x00]
	movs r0, #0x20
	ands r0, r1
	cmp r0, #0x00
	bne _080E2970
	mov r0, r10
	strh r4, [r0, #0x02]
	strh r6, [r0, #0x04]
	adds r0, r3, #0x0
	adds r1, r7, #0x0
	str r3, [sp, #0x008]
	bl func_080E08BC
	ldrh r1, [r0, #0x00]
	mov r2, r9
	orrs r1, r2
	strh r1, [r0, #0x00]
	subs r5, r6, #0x1
	lsls r5, r5, #0x10
	asrs r5, r5, #0x10
	ldr r3, [sp, #0x008]
	adds r0, r3, #0x0
	adds r1, r5, #0x0
	bl func_080E08BC
	ldrh r1, [r0, #0x00]
	mov r2, r9
	orrs r1, r2
	strh r1, [r0, #0x00]
	adds r4, #0x01
	lsls r4, r4, #0x10
	asrs r4, r4, #0x10
	adds r0, r4, #0x0
	adds r1, r7, #0x0
	bl func_080E08BC
	ldrh r1, [r0, #0x00]
	mov r2, r9
	orrs r1, r2
	strh r1, [r0, #0x00]
	adds r0, r4, #0x0
	adds r1, r5, #0x0
	bl func_080E08BC
	ldrh r1, [r0, #0x00]
	mov r2, r9
	b _080E2AB2
	.byte 0x00, 0x00
_080E2968: .4byte 0x02034F2C
_080E296C: .4byte 0x02034F2E
_080E2970:
	adds r0, r6, #0x1
	lsls r0, r0, #0x10
	lsrs r6, r0, #0x10
	ldr r0, _080E2988 @ =0x02034F2E
	ldrh r0, [r0, #0x00]
	cmp r6, r0
	bls _080E28DE
_080E297E:
	ldrh r0, [r5, #0x00]
	cmp r4, r0
	bls _080E298C
	subs r0, r4, #0x1
	b _080E2990
_080E2988: .4byte 0x02034F2E
_080E298C:
	ldrh r0, [r5, #0x02]
	subs r0, #0x01
_080E2990:
	lsls r0, r0, #0x10
	lsrs r0, r0, #0x10
	adds r4, r0, #0x0
	movs r1, #0x01
	add r8, r1
	ldr r2, [sp, #0x004]
	cmp r8, r2
	blt _080E28C8
_080E29A0:
	ldr r0, [sp, #0x000]
	cmp r0, #0x03
	beq _080E29A8
	b _080E2AF6
_080E29A8:
	bl func_080065A4
	adds r1, r0, #0x0
	ldr r2, [sp, #0x004]
	lsls r0, r2, #0x01
	adds r0, r0, r2
	lsrs r4, r0, #0x03
	ldrh r0, [r5, #0x00]
	adds r4, r4, r0
	lsls r0, r1, #0x10
	lsrs r0, r0, #0x10
	ldr r2, [sp, #0x004]
	lsrs r1, r2, #0x02
	bl func_0811D7CC
	subs r4, r4, r0
	lsls r4, r4, #0x10
	lsrs r4, r4, #0x10
	movs r0, #0x00
	mov r8, r0
	ldr r1, [sp, #0x004]
	cmp r8, r1
	blt _080E29D8
	b _080E2AF6
_080E29D8:
	ldr r0, _080E2AB8 @ =0x02034F2C
	ldrh r6, [r0, #0x00]
	ldr r0, _080E2ABC @ =0x02034F2E
	ldrh r0, [r0, #0x00]
	cmp r6, r0
	bhi _080E2AD2
	lsls r0, r4, #0x10
	asrs r7, r0, #0x10
	movs r2, #0x80
	lsls r2, r2, #0x04
	mov r9, r2
_080E29EE:
	lsls r0, r6, #0x10
	asrs r3, r0, #0x10
	adds r0, r7, #0x0
	adds r1, r3, #0x0
	str r3, [sp, #0x008]
	bl func_080E08BC
	adds r2, r0, #0x0
	ldrb r0, [r2, #0x02]
	ldr r3, [sp, #0x008]
	cmp r0, #0x04
	bne _080E2AC4
	ldr r1, [r2, #0x0C]
	ldr r0, [r5, #0x04]
	cmp r1, r0
	bne _080E2AC4
	ldr r1, [r2, #0x08]
	ldr r0, _080E2AC0 @ =0xFFF00000
	cmp r1, r0
	bne _080E2AC4
	ldrh r1, [r2, #0x00]
	movs r0, #0x20
	ands r0, r1
	cmp r0, #0x00
	bne _080E2AC4
	mov r0, r10
	strh r4, [r0, #0x02]
	strh r6, [r0, #0x04]
	ldrh r0, [r2, #0x00]
	mov r1, r9
	orrs r0, r1
	movs r1, #0x80
	lsls r1, r1, #0x03
	orrs r0, r1
	strh r0, [r2, #0x00]
	adds r5, r6, #0x1
	lsls r5, r5, #0x10
	asrs r5, r5, #0x10
	adds r0, r7, #0x0
	adds r1, r5, #0x0
	str r3, [sp, #0x008]
	bl func_080E08BC
	ldrh r1, [r0, #0x00]
	mov r2, r9
	orrs r1, r2
	strh r1, [r0, #0x00]
	adds r4, #0x01
_080E2A4E:
	lsls r4, r4, #0x10
	asrs r4, r4, #0x10
	adds r0, r4, #0x0
	ldr r3, [sp, #0x008]
	adds r1, r3, #0x0
	bl func_080E08BC
	ldrh r1, [r0, #0x00]
	mov r2, r9
	orrs r1, r2
	strh r1, [r0, #0x00]
	adds r0, r4, #0x0
	adds r1, r5, #0x0
	bl func_080E08BC
	ldrh r1, [r0, #0x00]
	mov r2, r9
	orrs r1, r2
	strh r1, [r0, #0x00]
	subs r1, r6, #0x1
	lsls r1, r1, #0x10
	asrs r1, r1, #0x10
	adds r0, r7, #0x0
	bl func_080E08BC
	ldrh r1, [r0, #0x00]
	movs r2, #0x80
	lsls r2, r2, #0x03
	orrs r1, r2
	strh r1, [r0, #0x00]
	subs r1, r6, #0x2
	lsls r1, r1, #0x10
	asrs r1, r1, #0x10
	adds r0, r7, #0x0
	bl func_080E08BC
	ldrh r1, [r0, #0x00]
	movs r2, #0x80
	lsls r2, r2, #0x03
	orrs r1, r2
	strh r1, [r0, #0x00]
	subs r1, r6, #0x3
	lsls r1, r1, #0x10
	asrs r1, r1, #0x10
	adds r0, r7, #0x0
	bl func_080E08BC
	ldrh r1, [r0, #0x00]
	movs r2, #0x80
	lsls r2, r2, #0x03
_080E2AB2:
	orrs r1, r2
	strh r1, [r0, #0x00]
	b _080E2AF6
_080E2AB8: .4byte 0x02034F2C
_080E2ABC: .4byte 0x02034F2E
_080E2AC0: .4byte 0xFFF00000
_080E2AC4:
	adds r0, r6, #0x1
	lsls r0, r0, #0x10
	lsrs r6, r0, #0x10
	ldr r0, _080E2ADC @ =0x02034F2E
	ldrh r0, [r0, #0x00]
	cmp r6, r0
	bls _080E29EE
_080E2AD2:
	ldrh r0, [r5, #0x00]
	cmp r4, r0
	bls _080E2AE0
	subs r0, r4, #0x1
	b _080E2AE4
_080E2ADC: .4byte 0x02034F2E
_080E2AE0:
	ldrh r0, [r5, #0x02]
	subs r0, #0x01
_080E2AE4:
	lsls r0, r0, #0x10
	lsrs r0, r0, #0x10
	adds r4, r0, #0x0
	movs r1, #0x01
	add r8, r1
	ldr r2, [sp, #0x004]
	cmp r8, r2
	bge _080E2AF6
	b _080E29D8
_080E2AF6:
	add sp, #0x00C
	pop {r3, r4, r5}
	mov r8, r3
	mov r9, r4
	mov r10, r5
	pop {r4, r5, r6, r7}
	pop {r0}
	bx r0
	.byte 0x00, 0x00, 0x30, 0xB5, 0x05, 0x25, 0x0F, 0x48, 0x00, 0x68, 0x84, 0x21, 0x49, 0x00, 0x44, 0x18
	.byte 0x60, 0x68, 0x80, 0x21, 0x49, 0x03, 0x0C, 0x4A, 0x88, 0x42, 0x03, 0xD1, 0x18, 0x3C, 0x60, 0x68
	.byte 0x88, 0x42, 0xFB, 0xD0, 0x10, 0x68, 0x01, 0x68, 0xC0, 0x22, 0xD2, 0x04, 0x11, 0x40, 0x80, 0x20
	.byte 0xC0, 0x04, 0x81, 0x42, 0x12, 0xD0, 0x81, 0x42, 0x09, 0xD8, 0x80, 0x20, 0x80, 0x04, 0x81, 0x42
	.byte 0x14, 0xD0, 0x1F, 0xE0, 0x00, 0x00, 0x20, 0x4F, 0x03, 0x02, 0xAC, 0xC7, 0x03, 0x02, 0x91, 0x42
	.byte 0x18, 0xD1, 0x03, 0x49, 0x60, 0x88, 0x09, 0x88, 0x88, 0x42, 0x04, 0xD1, 0x02, 0x25, 0x11, 0xE0
	.byte 0x00, 0x00, 0x28, 0x4F, 0x03, 0x02, 0x20, 0x88, 0x00, 0x28, 0x01, 0xD1, 0x01, 0x25, 0x09, 0xE0
	.byte 0x23, 0xF7, 0x15, 0xFD, 0x00, 0x04, 0x00, 0x0C, 0x01, 0x21, 0x08, 0x40, 0x00, 0x28, 0x00, 0xD0
	.byte 0x02, 0x21, 0x0D, 0x1C, 0x05, 0x2D, 0x03, 0xD0, 0x20, 0x1C, 0x29, 0x1C, 0xFF, 0xF7, 0x69, 0xFD
	.byte 0x28, 0x1C, 0x30, 0xBC, 0x02, 0xBC, 0x08, 0x47, 0x00, 0x00
	thumb_func_start func_080E2BA0
func_080E2BA0: @ 080E2BA0
	push {r4, lr}
	lsls r0, r0, #0x18
	lsrs r4, r0, #0x18
	ldr r0, _080E2BCC @ =0x02034F20
	ldr r3, [r0, #0x00]
	ldr r0, _080E2BD0 @ =0x0203C7AC
	ldr r0, [r0, #0x00]
	ldr r1, [r0, #0x00]
	movs r2, #0x90
	lsls r2, r2, #0x14
	ands r1, r2
	movs r0, #0x80
	lsls r0, r0, #0x14
	cmp r1, r0
	beq _080E2BDE
	cmp r1, r0
	bhi _080E2BD4
	movs r0, #0x80
	lsls r0, r0, #0x11
	cmp r1, r0
	beq _080E2BDA
	b _080E2BE2
_080E2BCC: .4byte 0x02034F20
_080E2BD0: .4byte 0x0203C7AC
_080E2BD4:
	cmp r1, r2
	beq _080E2BE4
	b _080E2BE2
_080E2BDA:
	movs r4, #0x00
	b _080E2BE4
_080E2BDE:
	movs r4, #0x03
	b _080E2BE4
_080E2BE2:
	movs r4, #0x05
_080E2BE4:
	cmp r4, #0x05
	beq _080E2BF0
	adds r0, r3, #0x0
	adds r1, r4, #0x0
	bl func_080E2668
_080E2BF0:
	adds r0, r4, #0x0
	pop {r4}
	pop {r1}
	bx r1
	thumb_func_start func_080E2BF8
func_080E2BF8: @ 080E2BF8
	push {lr}
	lsls r0, r0, #0x18
	lsrs r3, r0, #0x18
	ldr r0, _080E2C24 @ =0x02034F20
	ldr r2, [r0, #0x00]
	ldr r0, _080E2C28 @ =0x02034F28
	ldrh r1, [r2, #0x02]
	ldrh r0, [r0, #0x00]
	cmp r1, r0
	beq _080E2C16
	adds r1, r0, #0x0
_080E2C0E:
	adds r2, #0x18
	ldrh r0, [r2, #0x02]
	cmp r0, r1
	bne _080E2C0E
_080E2C16:
	adds r0, r2, #0x0
	adds r1, r3, #0x0
	bl func_080E2668
	pop {r0}
	bx r0
	.byte 0x00, 0x00
_080E2C24: .4byte 0x02034F20
_080E2C28: .4byte 0x02034F28
	thumb_func_start func_080E2C2C
func_080E2C2C: @ 080E2C2C
	push {lr}
	lsls r0, r0, #0x18
	lsrs r1, r0, #0x18
	ldr r0, _080E2C38 @ =0x02034F20
	ldr r2, [r0, #0x00]
	b _080E2C3E
_080E2C38: .4byte 0x02034F20
_080E2C3C:
	adds r2, #0x18
_080E2C3E:
	ldrh r0, [r2, #0x00]
	cmp r0, #0x00
	bne _080E2C3C
	adds r0, r2, #0x0
	bl func_080E2668
	pop {r0}
	bx r0
	.byte 0x00, 0x00, 0x10, 0xB5, 0x10, 0x48, 0x00, 0x68, 0x84, 0x21, 0x49, 0x00, 0x44, 0x18, 0x60, 0x68
	.byte 0x80, 0x21, 0x49, 0x03, 0x88, 0x42, 0x03, 0xD1, 0x18, 0x3C, 0x60, 0x68, 0x88, 0x42, 0xFB, 0xD0
	.byte 0x20, 0x1C, 0x00, 0x21, 0xFF, 0xF7, 0xF9, 0xFC, 0x20, 0x1C, 0x01, 0x21, 0xFF, 0xF7, 0xF5, 0xFC
	.byte 0x20, 0x1C, 0x02, 0x21, 0xFF, 0xF7, 0xF1, 0xFC, 0x20, 0x1C, 0x03, 0x21, 0xFF, 0xF7, 0xED, 0xFC
	.byte 0x10, 0xBC, 0x01, 0xBC, 0x00, 0x47, 0x20, 0x4F, 0x03, 0x02, 0xF0, 0xB5, 0x47, 0x46, 0x80, 0xB4
	.byte 0x00, 0x26, 0x0F, 0x48, 0x80, 0x46, 0x0F, 0x4F, 0x34, 0x06, 0x24, 0x0E, 0x20, 0x1C, 0xFC, 0xF7
	.byte 0x66, 0xFF, 0x05, 0x1C, 0x41, 0x46, 0x88, 0x79, 0x21, 0x1C, 0xFC, 0xF7, 0xB6, 0xF8, 0xE8, 0x71
	.byte 0xAE, 0x71, 0x41, 0x46, 0x88, 0x79, 0x21, 0x1C, 0xFC, 0xF7, 0xBD, 0xF8, 0x28, 0x80, 0xE8, 0x79
	.byte 0xFF, 0x28, 0x24, 0xD0, 0x01, 0x2E, 0x12, 0xD0, 0x01, 0x2E, 0x06, 0xDC, 0x00, 0x2E, 0x09, 0xD0
	.byte 0x1D, 0xE0, 0x90, 0xC5, 0x03, 0x02, 0xAC, 0xC7, 0x03, 0x02, 0x02, 0x2E, 0x0C, 0xD0, 0x03, 0x2E
	.byte 0x0F, 0xD0, 0x14, 0xE0, 0x38, 0x68, 0x01, 0x68, 0x80, 0x22, 0x52, 0x04, 0x0D, 0xE0, 0x38, 0x68
	.byte 0x01, 0x68, 0x80, 0x22, 0x92, 0x04, 0x08, 0xE0, 0x38, 0x68, 0x01, 0x68, 0x80, 0x22, 0xD2, 0x04
	.byte 0x03, 0xE0, 0x38, 0x68, 0x01, 0x68, 0x80, 0x22, 0x12, 0x05, 0x11, 0x43, 0x01, 0x60, 0x01, 0x36
	.byte 0x03, 0x2E, 0xC1, 0xDD, 0x0C, 0x48, 0x00, 0x68, 0x40, 0x7B, 0x03, 0x28, 0x22, 0xD0, 0xFF, 0xF7
	.byte 0xEC, 0xFE, 0x00, 0x06, 0x00, 0x0E, 0x02, 0x28, 0x0F, 0xD0, 0x02, 0x20, 0xFF, 0xF7, 0x5D, 0xFF
	.byte 0x00, 0x20, 0xFF, 0xF7, 0x2E, 0xFF, 0x00, 0x06, 0x00, 0x0E, 0x03, 0x28, 0x14, 0xD0, 0x03, 0x20
	.byte 0xFF, 0xF7, 0x6D, 0xFF, 0x10, 0xE0, 0xAC, 0xC7, 0x03, 0x02, 0x01, 0x20, 0xFF, 0xF7, 0x67, 0xFF
	.byte 0x03, 0x20, 0xFF, 0xF7, 0x1E, 0xFF, 0x00, 0x06, 0x00, 0x28, 0x05, 0xD0, 0x00, 0x20, 0xFF, 0xF7
	.byte 0x44, 0xFF, 0x01, 0xE0, 0xFF, 0xF7, 0x6D, 0xFF, 0x08, 0xBC, 0x98, 0x46, 0xF0, 0xBC, 0x01, 0xBC
	.byte 0x00, 0x47, 0x70, 0xB5, 0x04, 0x49, 0x04, 0x4A, 0x10, 0x88, 0x08, 0x80, 0x04, 0x49, 0x00, 0x20
	.byte 0x08, 0x80, 0x00, 0x25, 0x39, 0xE0, 0x2C, 0x4F, 0x03, 0x02, 0x2A, 0x4F, 0x03, 0x02, 0x2E, 0x4F
	.byte 0x03, 0x02, 0x00, 0x24, 0x6E, 0x1C, 0x2C, 0xE0, 0x28, 0x04, 0x00, 0x14, 0x21, 0x04, 0x09, 0x14
	.byte 0xFD, 0xF7, 0x85, 0xFD, 0x80, 0x78, 0x01, 0x38, 0x05, 0x28, 0x1F, 0xD8, 0x80, 0x00, 0x01, 0x49
	.byte 0x40, 0x18, 0x00, 0x68, 0x87, 0x46, 0xC8, 0x2D, 0x0E, 0x08, 0xF0, 0x2D, 0x0E, 0x08, 0xE0, 0x2D
	.byte 0x0E, 0x08, 0xF0, 0x2D, 0x0E, 0x08, 0xE0, 0x2D, 0x0E, 0x08, 0xF0, 0x2D, 0x0E, 0x08, 0xE0, 0x2D
	.byte 0x0E, 0x08, 0x02, 0x48, 0x01, 0x88, 0x8C, 0x42, 0x08, 0xDA, 0x06, 0xE0, 0x00, 0x00, 0x2C, 0x4F
	.byte 0x03, 0x02, 0x09, 0x48, 0x01, 0x88, 0x8C, 0x42, 0x00, 0xDD, 0x04, 0x80, 0x01, 0x34, 0x07, 0x48
	.byte 0x02, 0x1C, 0x10, 0x88, 0x84, 0x42, 0xCF, 0xDB, 0x35, 0x1C, 0x05, 0x48, 0x00, 0x88, 0x85, 0x42
	.byte 0xC7, 0xDB, 0x70, 0xBC, 0x01, 0xBC, 0x00, 0x47, 0x00, 0x00, 0x2E, 0x4F, 0x03, 0x02, 0x2A, 0x4F
	.byte 0x03, 0x02, 0x28, 0x4F, 0x03, 0x02
	thumb_func_start func_080E2E24
func_080E2E24: @ 080E2E24
	push {lr}
	lsls r2, r2, #0x10
	asrs r2, r2, #0x10
	lsls r0, r0, #0x10
	asrs r0, r0, #0x10
	subs r0, r2, r0
	lsls r1, r1, #0x10
	asrs r1, r1, #0x10
	subs r1, r1, r2
	cmp r0, r1
	bge _080E2E66
	bl func_080065A4
	lsls r0, r0, #0x10
	lsrs r0, r0, #0x10
	movs r1, #0x03
	bl func_0811D7CC
	lsls r0, r0, #0x10
	cmp r0, #0x00
	beq _080E2E52
	movs r1, #0x04
	b _080E2E96
_080E2E52:
	bl func_080065A4
	lsls r0, r0, #0x10
	lsrs r0, r0, #0x10
	movs r1, #0x05
	bl func_0811D7CC
	lsls r0, r0, #0x10
	movs r1, #0x06
	b _080E2E90
_080E2E66:
	bl func_080065A4
	lsls r0, r0, #0x10
	lsrs r0, r0, #0x10
	movs r1, #0x03
	bl func_0811D7CC
	lsls r0, r0, #0x10
	cmp r0, #0x00
	beq _080E2E7E
	movs r1, #0x06
	b _080E2E96
_080E2E7E:
	bl func_080065A4
	lsls r0, r0, #0x10
	lsrs r0, r0, #0x10
	movs r1, #0x05
	bl func_0811D7CC
	lsls r0, r0, #0x10
	movs r1, #0x04
_080E2E90:
	cmp r0, #0x00
	beq _080E2E96
	movs r1, #0x02
_080E2E96:
	adds r0, r1, #0x0
	pop {r1}
	bx r1
	thumb_func_start func_080E2E9C
func_080E2E9C: @ 080E2E9C
	push {lr}
	lsls r2, r2, #0x10
	asrs r2, r2, #0x10
	lsls r0, r0, #0x10
	asrs r0, r0, #0x10
	subs r0, r2, r0
	lsls r1, r1, #0x10
	asrs r1, r1, #0x10
	subs r1, r1, r2
	cmp r0, r1
	bge _080E2EDE
	bl func_080065A4
	lsls r0, r0, #0x10
	lsrs r0, r0, #0x10
	movs r1, #0x03
	bl func_0811D7CC
	lsls r0, r0, #0x10
	cmp r0, #0x00
	beq _080E2ECA
	movs r1, #0x05
	b _080E2F0E
_080E2ECA:
	bl func_080065A4
	lsls r0, r0, #0x10
	lsrs r0, r0, #0x10
	movs r1, #0x05
	bl func_0811D7CC
	lsls r0, r0, #0x10
	movs r1, #0x03
	b _080E2F08
_080E2EDE:
	bl func_080065A4
	lsls r0, r0, #0x10
	lsrs r0, r0, #0x10
	movs r1, #0x03
	bl func_0811D7CC
	lsls r0, r0, #0x10
	cmp r0, #0x00
	beq _080E2EF6
	movs r1, #0x03
	b _080E2F0E
_080E2EF6:
	bl func_080065A4
	lsls r0, r0, #0x10
	lsrs r0, r0, #0x10
	movs r1, #0x05
	bl func_0811D7CC
	lsls r0, r0, #0x10
	movs r1, #0x05
_080E2F08:
	cmp r0, #0x00
	beq _080E2F0E
	movs r1, #0x01
_080E2F0E:
	adds r0, r1, #0x0
	pop {r1}
	bx r1
	thumb_func_start func_080E2F14
func_080E2F14: @ 080E2F14
	push {lr}
	lsls r0, r0, #0x10
	asrs r0, r0, #0x10
	lsls r1, r1, #0x10
	asrs r1, r1, #0x10
	bl func_080E08BC
	ldrb r0, [r0, #0x02]
	cmp r0, #0x04
	beq _080E2F3E
	cmp r0, #0x04
	bgt _080E2F32
	cmp r0, #0x02
	beq _080E2F3A
	b _080E2F42
_080E2F32:
	cmp r0, #0x06
	bne _080E2F42
	movs r0, #0x05
	b _080E2F44
_080E2F3A:
	movs r0, #0x01
	b _080E2F44
_080E2F3E:
	movs r0, #0x03
	b _080E2F44
_080E2F42:
	movs r0, #0x0B
_080E2F44:
	pop {r1}
	bx r1
	thumb_func_start func_080E2F48
func_080E2F48: @ 080E2F48
	push {r4, lr}
	lsls r0, r0, #0x10
	lsrs r0, r0, #0x10
	lsls r1, r1, #0x10
	lsrs r4, r1, #0x10
	lsls r2, r2, #0x10
	lsrs r2, r2, #0x10
	lsls r3, r3, #0x18
	cmp r3, #0x00
	beq _080E2F78
	lsls r2, r2, #0x10
	asrs r2, r2, #0x10
	lsls r1, r0, #0x10
	asrs r1, r1, #0x10
	subs r1, r2, r1
	lsls r0, r4, #0x10
	asrs r0, r0, #0x10
	subs r0, r0, r2
	cmp r1, r0
	bge _080E2F74
	movs r0, #0x04
	b _080E2F92
_080E2F74:
	movs r0, #0x06
	b _080E2F92
_080E2F78:
	lsls r2, r2, #0x10
	asrs r2, r2, #0x10
	lsls r1, r0, #0x10
	asrs r1, r1, #0x10
	subs r1, r2, r1
	lsls r0, r4, #0x10
	asrs r0, r0, #0x10
	subs r0, r0, r2
	cmp r1, r0
	blt _080E2F90
	movs r0, #0x03
	b _080E2F92
_080E2F90:
	movs r0, #0x05
_080E2F92:
	pop {r4}
	pop {r1}
	bx r1
	thumb_func_start func_080E2F98
func_080E2F98: @ 080E2F98
	push {r4, r5, r6, lr}
	lsls r0, r0, #0x10
	lsrs r4, r0, #0x10
	lsls r1, r1, #0x10
	lsrs r1, r1, #0x10
	lsls r2, r2, #0x10
	lsrs r0, r2, #0x10
	lsls r3, r3, #0x18
	cmp r3, #0x00
	beq _080E2FDA
	lsls r0, r0, #0x10
	asrs r6, r0, #0x10
	lsls r0, r4, #0x10
	asrs r0, r0, #0x10
	subs r4, r6, r0
	lsls r1, r1, #0x10
	asrs r5, r1, #0x10
	subs r0, r5, r0
	movs r1, #0x03
	bl func_0811D5EC
	adds r1, r0, #0x0
	cmp r4, r1
	bge _080E2FCC
	movs r0, #0x04
	b _080E3006
_080E2FCC:
	subs r0, r5, r6
	cmp r0, r1
	ble _080E2FD6
	movs r0, #0x02
	b _080E3006
_080E2FD6:
	movs r0, #0x06
	b _080E3006
_080E2FDA:
	lsls r0, r0, #0x10
	asrs r6, r0, #0x10
	lsls r0, r4, #0x10
	asrs r0, r0, #0x10
	subs r4, r6, r0
	lsls r1, r1, #0x10
	asrs r5, r1, #0x10
	subs r0, r5, r0
	movs r1, #0x03
	bl func_0811D5EC
	adds r1, r0, #0x0
	cmp r4, r1
	bge _080E2FFA
	movs r0, #0x05
	b _080E3006
_080E2FFA:
	subs r0, r5, r6
	cmp r0, r1
	bgt _080E3004
	movs r0, #0x03
	b _080E3006
_080E3004:
	movs r0, #0x01
_080E3006:
	pop {r4, r5, r6}
	pop {r1}
	bx r1
	thumb_func_start func_080E300C
func_080E300C: @ 080E300C
	push {r4, r5, lr}
	lsls r0, r0, #0x18
	lsls r1, r1, #0x10
	lsrs r1, r1, #0x10
	lsls r2, r2, #0x10
	lsrs r2, r2, #0x10
	cmp r0, #0x00
	beq _080E3058
	lsls r0, r2, #0x10
	asrs r4, r0, #0x10
	cmp r4, #0x00
	blt _080E3058
	lsls r5, r1, #0x10
_080E3026:
	lsls r1, r4, #0x10
	asrs r1, r1, #0x10
	asrs r0, r5, #0x10
	bl func_080E08BC
	ldrb r0, [r0, #0x02]
	cmp r0, #0x03
	beq _080E3046
	cmp r0, #0x03
	bgt _080E3040
	cmp r0, #0x01
	beq _080E304E
	b _080E3052
_080E3040:
	cmp r0, #0x05
	beq _080E304A
	b _080E3052
_080E3046:
	movs r0, #0x04
	b _080E305A
_080E304A:
	movs r0, #0x06
	b _080E305A
_080E304E:
	movs r0, #0x02
	b _080E305A
_080E3052:
	subs r4, #0x01
	cmp r4, #0x00
	bge _080E3026
_080E3058:
	movs r0, #0x0B
_080E305A:
	pop {r4, r5}
	pop {r1}
	bx r1
	thumb_func_start func_080E3060
func_080E3060: @ 080E3060
	push {r4, r5, lr}
	lsls r0, r0, #0x18
	lsrs r0, r0, #0x18
	lsls r1, r1, #0x10
	lsrs r5, r1, #0x10
	lsls r2, r2, #0x10
	lsrs r4, r2, #0x10
	lsls r3, r3, #0x10
	lsrs r3, r3, #0x10
	ldr r1, _080E3098 @ =0x02034F20
	ldr r2, [r1, #0x00]
	lsls r1, r0, #0x01
	adds r1, r1, r0
	lsls r1, r1, #0x03
	adds r2, r1, r2
	ldr r1, [r2, #0x04]
	movs r0, #0x80
	lsls r0, r0, #0x0D
	cmp r1, r0
	bne _080E3092
	strh r5, [r2, #0x00]
	strh r4, [r2, #0x02]
	lsls r0, r3, #0x10
	asrs r0, r0, #0x04
	str r0, [r2, #0x04]
_080E3092:
	pop {r4, r5}
	pop {r0}
	bx r0
_080E3098: .4byte 0x02034F20
	thumb_func_start func_080E309C
func_080E309C: @ 080E309C
	push {r4, r5, r6, r7, lr}
	mov r7, r10
	mov r6, r9
	mov r5, r8
	push {r5, r6, r7}
	add sp, #-0x03C
	ldr r4, [sp, #0x05C]
	lsls r0, r0, #0x18
	lsrs r0, r0, #0x18
	str r0, [sp, #0x000]
	lsls r1, r1, #0x10
	lsrs r1, r1, #0x10
	str r1, [sp, #0x004]
	lsls r2, r2, #0x10
	lsrs r2, r2, #0x10
	str r2, [sp, #0x008]
	lsls r3, r3, #0x10
	lsrs r3, r3, #0x10
	str r3, [sp, #0x00C]
	lsls r4, r4, #0x18
	lsrs r4, r4, #0x18
	str r4, [sp, #0x010]
	ldr r0, _080E3154 @ =0x02034F20
	ldr r1, [r0, #0x00]
	ldr r2, [sp, #0x000]
	lsls r0, r2, #0x01
	adds r0, r0, r2
	lsls r0, r0, #0x03
	adds r0, r0, r1
	ldr r0, [r0, #0x04]
	str r0, [sp, #0x024]
	movs r0, #0x60
	bl func_08000918
	str r0, [sp, #0x01C]
	ldr r3, [sp, #0x00C]
	mov r10, r3
	movs r0, #0x04
	str r0, [sp, #0x014]
	ldr r1, [sp, #0x004]
	lsls r5, r1, #0x10
	asrs r4, r5, #0x10
	lsls r1, r3, #0x10
	asrs r1, r1, #0x10
	adds r0, r4, #0x0
	bl func_080E08BC
	adds r7, r0, #0x0
	movs r1, #0x04
	ldr r2, [sp, #0x024]
	bl func_080E0900
	ldrh r1, [r7, #0x00]
	movs r0, #0x10
	orrs r0, r1
	strh r0, [r7, #0x00]
	mov r3, r10
	ldr r2, [sp, #0x01C]
	strh r3, [r2, #0x00]
	adds r2, #0x02
	str r2, [sp, #0x020]
	adds r4, #0x01
	lsls r4, r4, #0x10
	lsrs r7, r4, #0x10
	lsls r2, r7, #0x10
	asrs r1, r2, #0x10
	ldr r0, [sp, #0x008]
	lsls r3, r0, #0x10
	asrs r0, r3, #0x10
	subs r0, #0x01
	cmp r1, r0
	bge _080E31EC
	mov r9, r5
	mov r8, r3
	str r0, [sp, #0x028]
_080E3132:
	asrs r5, r2, #0x10
	mov r1, r10
	lsls r0, r1, #0x10
	asrs r6, r0, #0x10
	ldr r0, [sp, #0x000]
	adds r1, r5, #0x0
	adds r2, r6, #0x0
	bl func_080E300C
	lsls r0, r0, #0x18
	lsrs r4, r0, #0x18
	cmp r4, #0x0B
	bne _080E31A0
	cmp r6, #0x03
	bgt _080E3158
	movs r4, #0x06
	b _080E31A0
_080E3154: .4byte 0x02034F20
_080E3158:
	ldr r2, [sp, #0x000]
	cmp r2, #0x00
	bne _080E318E
	ldr r3, [sp, #0x010]
	cmp r3, #0x02
	bne _080E3176
	mov r1, r9
	asrs r0, r1, #0x10
	mov r2, r8
	asrs r1, r2, #0x10
	adds r2, r5, #0x0
	movs r3, #0x01
	bl func_080E2F48
	b _080E319C
_080E3176:
	ldr r3, [sp, #0x010]
	cmp r3, #0x03
	bne _080E318E
	mov r1, r9
	asrs r0, r1, #0x10
	mov r2, r8
	asrs r1, r2, #0x10
	adds r2, r5, #0x0
	movs r3, #0x01
	bl func_080E2F98
	b _080E319C
_080E318E:
	mov r3, r9
	asrs r0, r3, #0x10
	mov r2, r8
	asrs r1, r2, #0x10
	adds r2, r5, #0x0
	bl func_080E2E24
_080E319C:
	lsls r0, r0, #0x18
	lsrs r4, r0, #0x18
_080E31A0:
	ldr r3, [sp, #0x014]
	lsls r0, r3, #0x18
	lsrs r0, r0, #0x18
	mov r1, r10
	lsls r2, r1, #0x10
	asrs r2, r2, #0x10
	adds r1, r4, #0x0
	bl _080E1194
	adds r1, r0, #0x0
	lsls r1, r1, #0x10
	str r4, [sp, #0x014]
	lsls r4, r7, #0x10
	asrs r4, r4, #0x10
	lsrs r2, r1, #0x10
	mov r10, r2
	asrs r1, r1, #0x10
	adds r0, r4, #0x0
	bl func_080E08BC
	adds r7, r0, #0x0
	ldr r1, [sp, #0x014]
	ldr r2, [sp, #0x024]
	bl func_080E0900
	mov r0, r10
	ldr r3, [sp, #0x020]
	strh r0, [r3, #0x00]
	adds r3, #0x02
	str r3, [sp, #0x020]
	adds r4, #0x01
	lsls r4, r4, #0x10
	lsrs r7, r4, #0x10
	lsls r2, r7, #0x10
	asrs r0, r2, #0x10
	ldr r1, [sp, #0x028]
	cmp r0, r1
	blt _080E3132
_080E31EC:
	ldr r2, [sp, #0x014]
	lsls r0, r2, #0x18
	lsrs r0, r0, #0x18
	mov r3, r10
	lsls r2, r3, #0x10
	asrs r2, r2, #0x10
	movs r1, #0x06
	bl _080E1194
	adds r4, r0, #0x0
	lsls r0, r7, #0x10
	asrs r0, r0, #0x10
	lsls r4, r4, #0x10
	asrs r4, r4, #0x10
	adds r1, r4, #0x0
	bl func_080E08BC
	adds r7, r0, #0x0
	movs r1, #0x06
	ldr r2, [sp, #0x024]
	bl func_080E0900
	ldrh r0, [r7, #0x00]
	movs r6, #0x10
	orrs r0, r6
	strh r0, [r7, #0x00]
	ldr r0, [sp, #0x008]
	lsls r0, r0, #0x10
	mov r9, r0
	asrs r0, r0, #0x10
	str r0, [sp, #0x02C]
	ldr r1, [sp, #0x004]
	lsls r1, r1, #0x10
	mov r8, r1
	asrs r5, r1, #0x10
	subs r0, r0, r5
	adds r4, r4, r0
	lsls r4, r4, #0x10
	lsrs r4, r4, #0x10
	str r4, [sp, #0x018]
	ldr r2, [sp, #0x00C]
	lsls r1, r2, #0x10
	movs r3, #0x80
	lsls r3, r3, #0x09
	adds r1, r1, r3
	lsrs r0, r1, #0x10
	mov r10, r0
	asrs r1, r1, #0x10
	adds r0, r5, #0x0
	bl func_080E08BC
	adds r7, r0, #0x0
	movs r1, #0x05
	str r1, [sp, #0x014]
	ldr r2, [sp, #0x024]
	bl func_080E0900
	ldrh r0, [r7, #0x00]
	orrs r6, r0
	strh r6, [r7, #0x00]
	ldr r2, [sp, #0x01C]
	adds r2, #0x02
	str r2, [sp, #0x020]
	adds r5, #0x01
	lsls r5, r5, #0x10
	lsrs r7, r5, #0x10
	asrs r5, r5, #0x10
	ldr r0, [sp, #0x02C]
	subs r0, #0x01
	mov r3, r8
	str r3, [sp, #0x038]
	cmp r5, r0
	blt _080E3280
	b _080E33AE
_080E3280:
	ldr r1, [sp, #0x02C]
	str r1, [sp, #0x034]
	str r0, [sp, #0x030]
_080E3286:
	ldr r2, [sp, #0x014]
	lsls r0, r2, #0x18
	lsrs r0, r0, #0x18
	mov r3, r10
	lsls r2, r3, #0x10
	asrs r2, r2, #0x10
	movs r1, #0x01
	bl _080E1194
	lsls r0, r0, #0x10
	lsrs r5, r0, #0x10
	lsls r1, r7, #0x10
	asrs r0, r1, #0x10
	ldr r2, [sp, #0x034]
	subs r0, r2, r0
	adds r4, r1, #0x0
	ldr r3, [sp, #0x018]
	lsls r6, r3, #0x10
	cmp r0, #0x02
	bne _080E32BC
	asrs r0, r6, #0x10
	lsls r2, r5, #0x10
	asrs r1, r2, #0x10
	subs r0, r0, r1
	mov r8, r2
	cmp r0, #0x02
	beq _080E32E0
_080E32BC:
	asrs r3, r6, #0x10
	lsls r0, r5, #0x10
	asrs r2, r0, #0x10
	subs r1, r3, r2
	mov r8, r0
	cmp r1, #0x01
	bne _080E32CE
	movs r4, #0x01
	b _080E334A
_080E32CE:
	cmp r2, r3
	bge _080E32EE
	ldr r1, [sp, #0x020]
	ldrh r0, [r1, #0x02]
	subs r0, r2, r0
	ldr r1, _080E32E4 @ =0x0203C7B0
	ldrb r2, [r1, #0x05]
	cmp r0, r2
	bge _080E32E8
_080E32E0:
	movs r4, #0x05
	b _080E334A
_080E32E4: .4byte 0x0203C7B0
_080E32E8:
	ldrb r1, [r1, #0x06]
	cmp r0, r1
	ble _080E32F2
_080E32EE:
	movs r4, #0x03
	b _080E334A
_080E32F2:
	cmp r0, r2
	beq _080E32FA
	cmp r0, r1
	bne _080E3308
_080E32FA:
	asrs r0, r4, #0x10
	ldr r2, [sp, #0x020]
	movs r3, #0x00
	ldsh r1, [r2, r3]
	bl func_080E2F14
	b _080E3346
_080E3308:
	ldr r0, [sp, #0x010]
	cmp r0, #0x02
	bne _080E3320
	asrs r2, r4, #0x10
	ldr r1, [sp, #0x038]
	asrs r0, r1, #0x10
	mov r3, r9
	asrs r1, r3, #0x10
	movs r3, #0x00
	bl func_080E2F48
	b _080E3346
_080E3320:
	ldr r0, [sp, #0x010]
	cmp r0, #0x03
	bne _080E3338
	asrs r2, r4, #0x10
	ldr r1, [sp, #0x038]
	asrs r0, r1, #0x10
	mov r3, r9
	asrs r1, r3, #0x10
	movs r3, #0x00
	bl func_080E2F98
	b _080E3346
_080E3338:
	asrs r2, r4, #0x10
	ldr r1, [sp, #0x038]
	asrs r0, r1, #0x10
	mov r3, r9
	asrs r1, r3, #0x10
	bl func_080E2E9C
_080E3346:
	lsls r0, r0, #0x18
	lsrs r4, r0, #0x18
_080E334A:
	mov r0, r8
	asrs r1, r0, #0x10
	ldr r0, _080E33F8 @ =0x02034F2A
	ldrh r0, [r0, #0x00]
	subs r0, #0x01
	cmp r1, r0
	blt _080E335E
	cmp r4, #0x05
	bne _080E335E
	movs r4, #0x01
_080E335E:
	ldr r1, [sp, #0x014]
	lsls r0, r1, #0x18
	lsrs r0, r0, #0x18
	mov r3, r10
	lsls r2, r3, #0x10
	asrs r2, r2, #0x10
	adds r1, r4, #0x0
	bl _080E1194
	adds r1, r0, #0x0
	lsls r1, r1, #0x10
	str r4, [sp, #0x014]
	lsls r4, r7, #0x10
	asrs r4, r4, #0x10
	lsrs r0, r1, #0x10
	mov r10, r0
	asrs r1, r1, #0x10
	adds r0, r4, #0x0
	bl func_080E08BC
	adds r7, r0, #0x0
	ldr r1, [sp, #0x014]
	ldr r2, [sp, #0x024]
	bl func_080E0900
	ldr r1, [sp, #0x020]
	adds r1, #0x02
	str r1, [sp, #0x020]
	ldr r2, _080E33FC @ =0xFFFF0000
	adds r0, r6, r2
	lsrs r0, r0, #0x10
	str r0, [sp, #0x018]
	adds r4, #0x01
	lsls r4, r4, #0x10
	lsrs r7, r4, #0x10
	asrs r4, r4, #0x10
	ldr r3, [sp, #0x030]
	cmp r4, r3
	bge _080E33AE
	b _080E3286
_080E33AE:
	ldr r1, [sp, #0x014]
	lsls r0, r1, #0x18
	lsrs r0, r0, #0x18
	mov r3, r10
	lsls r2, r3, #0x10
	asrs r2, r2, #0x10
	movs r1, #0x03
	bl _080E1194
	adds r1, r0, #0x0
	lsls r0, r7, #0x10
	asrs r0, r0, #0x10
	lsls r1, r1, #0x10
	asrs r1, r1, #0x10
	bl func_080E08BC
	adds r7, r0, #0x0
	movs r1, #0x03
	ldr r2, [sp, #0x024]
	bl func_080E0900
	ldrh r1, [r7, #0x00]
	movs r0, #0x10
	orrs r0, r1
	strh r0, [r7, #0x00]
	ldr r0, [sp, #0x01C]
	bl func_080009C4
	add sp, #0x03C
	pop {r3, r4, r5}
	mov r8, r3
	mov r9, r4
	mov r10, r5
	pop {r4, r5, r6, r7}
	pop {r0}
	bx r0
	.byte 0x00, 0x00
_080E33F8: .4byte 0x02034F2A
_080E33FC: .4byte 0xFFFF0000
	thumb_func_start func_080E3400
func_080E3400: @ 080E3400
	push {r4, r5, r6, r7, lr}
	mov r7, r10
	mov r6, r9
	mov r5, r8
	push {r5, r6, r7}
	add sp, #-0x030
	ldr r4, [sp, #0x050]
	lsls r0, r0, #0x18
	lsrs r0, r0, #0x18
	mov r10, r0
	lsls r1, r1, #0x10
	lsrs r1, r1, #0x10
	str r1, [sp, #0x000]
	lsls r2, r2, #0x10
	lsrs r2, r2, #0x10
	str r2, [sp, #0x004]
	lsls r3, r3, #0x10
	lsrs r3, r3, #0x10
	str r3, [sp, #0x008]
	lsls r4, r4, #0x18
	lsrs r4, r4, #0x18
	str r4, [sp, #0x00C]
	ldr r0, _080E34BC @ =0x02034F20
	ldr r1, [r0, #0x00]
	mov r2, r10
	lsls r0, r2, #0x01
	add r0, r10
	lsls r0, r0, #0x03
	adds r0, r0, r1
	ldr r0, [r0, #0x04]
	str r0, [sp, #0x020]
	movs r0, #0x60
	bl func_08000918
	str r0, [sp, #0x018]
	ldr r3, [sp, #0x008]
	str r3, [sp, #0x014]
	movs r0, #0x06
	str r0, [sp, #0x010]
	ldr r1, [sp, #0x004]
	lsls r5, r1, #0x10
	asrs r4, r5, #0x10
	ldr r2, _080E34C0 @ =0xFFFF0000
	adds r0, r5, r2
	asrs r0, r0, #0x10
	lsls r1, r3, #0x10
	asrs r1, r1, #0x10
	bl func_080E08BC
	adds r7, r0, #0x0
	movs r1, #0x06
	ldr r2, [sp, #0x020]
	bl func_080E0900
	ldrh r1, [r7, #0x00]
	movs r0, #0x10
	orrs r0, r1
	strh r0, [r7, #0x00]
	mov r3, sp
	ldrh r0, [r3, #0x14]
	ldr r3, [sp, #0x018]
	strh r0, [r3, #0x00]
	adds r3, #0x02
	str r3, [sp, #0x01C]
	subs r4, #0x02
	lsls r4, r4, #0x10
	lsrs r7, r4, #0x10
	lsls r1, r7, #0x10
	ldr r2, [sp, #0x000]
	lsls r0, r2, #0x10
	asrs r2, r0, #0x10
	cmp r1, r0
	ble _080E355A
	mov r9, r0
	mov r8, r5
	str r2, [sp, #0x024]
_080E3498:
	asrs r5, r1, #0x10
	ldr r3, [sp, #0x014]
	lsls r0, r3, #0x10
	asrs r6, r0, #0x10
	mov r0, r10
	adds r1, r5, #0x0
	adds r2, r6, #0x0
	bl func_080E300C
	lsls r0, r0, #0x18
	lsrs r4, r0, #0x18
	cmp r4, #0x0B
	bne _080E350C
	cmp r6, #0x03
	bgt _080E34C4
	movs r4, #0x04
	b _080E350C
	.byte 0x00, 0x00
_080E34BC: .4byte 0x02034F20
_080E34C0: .4byte 0xFFFF0000
_080E34C4:
	mov r0, r10
	cmp r0, #0x00
	bne _080E34FA
	ldr r1, [sp, #0x00C]
	cmp r1, #0x02
	bne _080E34E2
	mov r2, r9
	asrs r0, r2, #0x10
	mov r3, r8
	asrs r1, r3, #0x10
	adds r2, r5, #0x0
	movs r3, #0x01
	bl func_080E2F48
	b _080E3508
_080E34E2:
	ldr r0, [sp, #0x00C]
	cmp r0, #0x03
	bne _080E34FA
	mov r1, r9
	asrs r0, r1, #0x10
	mov r2, r8
	asrs r1, r2, #0x10
	adds r2, r5, #0x0
	movs r3, #0x01
	bl func_080E2F98
	b _080E3508
_080E34FA:
	mov r3, r9
	asrs r0, r3, #0x10
	mov r2, r8
	asrs r1, r2, #0x10
	adds r2, r5, #0x0
	bl func_080E2E24
_080E3508:
	lsls r0, r0, #0x18
	lsrs r4, r0, #0x18
_080E350C:
	ldr r3, [sp, #0x010]
	lsls r0, r3, #0x18
	lsrs r0, r0, #0x18
	ldr r1, [sp, #0x014]
	lsls r2, r1, #0x10
	asrs r2, r2, #0x10
	adds r1, r4, #0x0
	bl _080E1204
	adds r1, r0, #0x0
	lsls r1, r1, #0x10
	str r4, [sp, #0x010]
	lsls r4, r7, #0x10
	asrs r4, r4, #0x10
	lsrs r2, r1, #0x10
	str r2, [sp, #0x014]
	asrs r1, r1, #0x10
	adds r0, r4, #0x0
	bl func_080E08BC
	adds r7, r0, #0x0
	ldr r1, [sp, #0x010]
	ldr r2, [sp, #0x020]
	bl func_080E0900
	mov r3, sp
	ldrh r0, [r3, #0x14]
	ldr r3, [sp, #0x01C]
	strh r0, [r3, #0x00]
	adds r3, #0x02
	str r3, [sp, #0x01C]
	subs r4, #0x01
	lsls r4, r4, #0x10
	lsrs r7, r4, #0x10
	lsls r1, r7, #0x10
	asrs r0, r1, #0x10
	ldr r2, [sp, #0x024]
	cmp r0, r2
	bgt _080E3498
_080E355A:
	ldr r3, [sp, #0x010]
	lsls r0, r3, #0x18
	lsrs r0, r0, #0x18
	ldr r1, [sp, #0x014]
	lsls r2, r1, #0x10
	asrs r2, r2, #0x10
	movs r1, #0x04
	bl _080E1204
	adds r4, r0, #0x0
	lsls r0, r7, #0x10
	asrs r0, r0, #0x10
	lsls r4, r4, #0x10
	asrs r4, r4, #0x10
	adds r1, r4, #0x0
	bl func_080E08BC
	adds r7, r0, #0x0
	movs r1, #0x04
	ldr r2, [sp, #0x020]
	bl func_080E0900
	ldrh r0, [r7, #0x00]
	movs r6, #0x10
	orrs r0, r6
	strh r0, [r7, #0x00]
	ldr r2, [sp, #0x004]
	lsls r2, r2, #0x10
	str r2, [sp, #0x028]
	asrs r5, r2, #0x10
	ldr r3, [sp, #0x000]
	lsls r3, r3, #0x10
	mov r8, r3
	asrs r3, r3, #0x10
	mov r9, r3
	subs r0, r5, r3
	adds r4, r4, r0
	lsls r4, r4, #0x10
	lsrs r4, r4, #0x10
	mov r10, r4
	ldr r0, [sp, #0x008]
	lsls r1, r0, #0x10
	movs r2, #0x80
	lsls r2, r2, #0x09
	adds r1, r1, r2
	subs r0, r5, #0x1
	lsls r0, r0, #0x10
	asrs r0, r0, #0x10
	lsrs r3, r1, #0x10
	str r3, [sp, #0x014]
	asrs r1, r1, #0x10
	bl func_080E08BC
	adds r7, r0, #0x0
	movs r0, #0x03
	str r0, [sp, #0x010]
	adds r0, r7, #0x0
	movs r1, #0x03
	ldr r2, [sp, #0x020]
	bl func_080E0900
	ldrh r0, [r7, #0x00]
	orrs r6, r0
	strh r6, [r7, #0x00]
	ldr r1, [sp, #0x018]
	adds r1, #0x02
	str r1, [sp, #0x01C]
	subs r5, #0x02
	lsls r5, r5, #0x10
	lsrs r7, r5, #0x10
	asrs r5, r5, #0x10
	ldr r2, [sp, #0x028]
	str r2, [sp, #0x02C]
	mov r6, r8
	cmp r5, r9
	bgt _080E35F4
	b _080E3718
_080E35F4:
	ldr r3, [sp, #0x010]
	lsls r0, r3, #0x18
	lsrs r0, r0, #0x18
	ldr r1, [sp, #0x014]
	lsls r2, r1, #0x10
	asrs r2, r2, #0x10
	movs r1, #0x01
	bl _080E1204
	lsls r0, r0, #0x10
	lsrs r5, r0, #0x10
	lsls r2, r7, #0x10
	asrs r1, r2, #0x10
	asrs r0, r6, #0x10
	subs r1, r1, r0
	adds r4, r2, #0x0
	mov r2, r10
	lsls r2, r2, #0x10
	mov r8, r2
	cmp r1, #0x01
	bne _080E362C
	asrs r0, r2, #0x10
	lsls r2, r5, #0x10
	asrs r1, r2, #0x10
	subs r0, r0, r1
	mov r9, r2
	cmp r0, #0x02
	beq _080E3652
_080E362C:
	mov r0, r8
	asrs r3, r0, #0x10
	lsls r0, r5, #0x10
	asrs r2, r0, #0x10
	subs r1, r3, r2
	mov r9, r0
	cmp r1, #0x01
	bne _080E3640
	movs r4, #0x01
	b _080E36B8
_080E3640:
	cmp r2, r3
	bge _080E3662
	ldr r1, [sp, #0x01C]
	ldrh r0, [r1, #0x02]
	subs r0, r2, r0
	ldr r1, _080E3658 @ =0x0203C7B0
	ldrb r2, [r1, #0x05]
	cmp r0, r2
	bge _080E365C
_080E3652:
	movs r4, #0x03
	b _080E36B8
	.byte 0x00, 0x00
_080E3658: .4byte 0x0203C7B0
_080E365C:
	ldrb r1, [r1, #0x06]
	cmp r0, r1
	ble _080E3666
_080E3662:
	movs r4, #0x05
	b _080E36B8
_080E3666:
	cmp r0, r2
	beq _080E366E
	cmp r0, r1
	bne _080E367C
_080E366E:
	asrs r0, r4, #0x10
	ldr r2, [sp, #0x01C]
	movs r3, #0x00
	ldsh r1, [r2, r3]
	bl func_080E2F14
	b _080E36B4
_080E367C:
	ldr r0, [sp, #0x00C]
	cmp r0, #0x02
	bne _080E3692
	asrs r2, r4, #0x10
	asrs r0, r6, #0x10
	ldr r3, [sp, #0x02C]
	asrs r1, r3, #0x10
	movs r3, #0x00
	bl func_080E2F48
	b _080E36B4
_080E3692:
	ldr r0, [sp, #0x00C]
	cmp r0, #0x03
	bne _080E36A8
	asrs r2, r4, #0x10
	asrs r0, r6, #0x10
	ldr r3, [sp, #0x02C]
	asrs r1, r3, #0x10
	movs r3, #0x00
	bl func_080E2F98
	b _080E36B4
_080E36A8:
	asrs r2, r4, #0x10
	asrs r0, r6, #0x10
	ldr r3, [sp, #0x02C]
	asrs r1, r3, #0x10
	bl func_080E2E9C
_080E36B4:
	lsls r0, r0, #0x18
	lsrs r4, r0, #0x18
_080E36B8:
	mov r0, r9
	asrs r1, r0, #0x10
	ldr r0, _080E3760 @ =0x02034F2A
	ldrh r0, [r0, #0x00]
	subs r0, #0x01
	cmp r1, r0
	blt _080E36CC
	cmp r4, #0x03
	bne _080E36CC
	movs r4, #0x01
_080E36CC:
	ldr r1, [sp, #0x010]
	lsls r0, r1, #0x18
	lsrs r0, r0, #0x18
	ldr r3, [sp, #0x014]
	lsls r2, r3, #0x10
	asrs r2, r2, #0x10
	adds r1, r4, #0x0
	bl _080E1204
	adds r1, r0, #0x0
	lsls r1, r1, #0x10
	str r4, [sp, #0x010]
	lsls r4, r7, #0x10
	asrs r4, r4, #0x10
	lsrs r0, r1, #0x10
	str r0, [sp, #0x014]
	asrs r1, r1, #0x10
	adds r0, r4, #0x0
	bl func_080E08BC
	adds r7, r0, #0x0
	ldr r1, [sp, #0x010]
	ldr r2, [sp, #0x020]
	bl func_080E0900
	ldr r1, [sp, #0x01C]
	adds r1, #0x02
	str r1, [sp, #0x01C]
	ldr r0, _080E3764 @ =0xFFFF0000
	add r0, r8
	lsrs r0, r0, #0x10
	mov r10, r0
	subs r4, #0x01
	lsls r4, r4, #0x10
	lsrs r7, r4, #0x10
	cmp r4, r6
	ble _080E3718
	b _080E35F4
_080E3718:
	ldr r2, [sp, #0x010]
	lsls r0, r2, #0x18
	lsrs r0, r0, #0x18
	ldr r3, [sp, #0x014]
	lsls r2, r3, #0x10
	asrs r2, r2, #0x10
	movs r1, #0x05
	bl _080E1204
	adds r1, r0, #0x0
	lsls r0, r7, #0x10
	asrs r0, r0, #0x10
	lsls r1, r1, #0x10
	asrs r1, r1, #0x10
	bl func_080E08BC
	adds r7, r0, #0x0
	movs r1, #0x05
	ldr r2, [sp, #0x020]
	bl func_080E0900
	ldrh r1, [r7, #0x00]
	movs r0, #0x10
	orrs r0, r1
	strh r0, [r7, #0x00]
	ldr r0, [sp, #0x018]
	bl func_080009C4
	add sp, #0x030
	pop {r3, r4, r5}
	mov r8, r3
	mov r9, r4
	mov r10, r5
	pop {r4, r5, r6, r7}
	pop {r0}
	bx r0
_080E3760: .4byte 0x02034F2A
_080E3764: .4byte 0xFFFF0000
	.byte 0xF0, 0xB5, 0x57, 0x46, 0x4E, 0x46, 0x45, 0x46, 0xE0, 0xB4, 0x91, 0xB0, 0x19, 0x9C, 0x1A, 0x9D
	.byte 0x00, 0x06, 0x00, 0x0E, 0x00, 0x90, 0x09, 0x04, 0x09, 0x0C, 0x01, 0x91, 0x12, 0x04, 0x12, 0x0C
	.byte 0x02, 0x92, 0x1B, 0x04, 0x1B, 0x0C, 0x03, 0x93, 0x24, 0x04, 0x24, 0x0C, 0x04, 0x94, 0x2D, 0x06
	.byte 0x2D, 0x0E, 0x05, 0x95, 0x27, 0x48, 0x01, 0x68, 0x00, 0x9A, 0x50, 0x00, 0x80, 0x18, 0xC0, 0x00
	.byte 0x40, 0x18, 0x40, 0x68, 0x09, 0x90, 0x60, 0x20, 0x1D, 0xF7, 0xB2, 0xF8, 0x07, 0x90, 0x03, 0x9B
	.byte 0x1C, 0x04, 0x24, 0x14, 0x60, 0x00, 0x07, 0x99, 0x08, 0x18, 0x08, 0x90, 0x04, 0x9A, 0x90, 0x46
	.byte 0x15, 0x04, 0x2D, 0x14, 0x00, 0x98, 0x21, 0x1C, 0x2A, 0x1C, 0xFF, 0xF7, 0x1B, 0xFC, 0x00, 0x06
	.byte 0x00, 0x0E, 0x81, 0x46, 0x20, 0x1C, 0x29, 0x1C, 0xFD, 0xF7, 0x6C, 0xF8, 0x07, 0x1C, 0x49, 0x46
	.byte 0x09, 0x9A, 0xFD, 0xF7, 0x89, 0xF8, 0x40, 0x46, 0x08, 0x9B, 0x18, 0x80, 0x02, 0x33, 0x08, 0x93
	.byte 0x01, 0x34, 0x24, 0x04, 0x27, 0x0C, 0x3A, 0x04, 0x11, 0x14, 0x02, 0x98, 0x03, 0x04, 0x18, 0x14
	.byte 0x01, 0x38, 0x81, 0x42, 0x62, 0xDA, 0x01, 0x99, 0x09, 0x04, 0x0B, 0x91, 0x9A, 0x46, 0x0A, 0x90
	.byte 0x15, 0x14, 0x42, 0x46, 0x10, 0x04, 0x06, 0x14, 0x00, 0x98, 0x29, 0x1C, 0x32, 0x1C, 0xFF, 0xF7
	.byte 0xF1, 0xFB, 0x00, 0x06, 0x04, 0x0E, 0x0B, 0x2C, 0x2A, 0xD1, 0x03, 0x2E, 0x04, 0xDC, 0x06, 0x24
	.byte 0x26, 0xE0, 0x00, 0x00, 0x20, 0x4F, 0x03, 0x02, 0x00, 0x9B, 0x00, 0x2B, 0x17, 0xD1, 0x05, 0x98
	.byte 0x02, 0x28, 0x08, 0xD1, 0x0B, 0x99, 0x08, 0x14, 0x52, 0x46, 0x11, 0x14, 0x2A, 0x1C, 0x01, 0x23
	.byte 0xFF, 0xF7, 0x76, 0xFB, 0x12, 0xE0, 0x05, 0x9B, 0x03, 0x2B, 0x08, 0xD1, 0x0B, 0x99, 0x08, 0x14
	.byte 0x52, 0x46, 0x11, 0x14, 0x2A, 0x1C, 0x01, 0x23, 0xFF, 0xF7, 0x92, 0xFB, 0x06, 0xE0, 0x0B, 0x9B
	.byte 0x18, 0x14, 0x52, 0x46, 0x11, 0x14, 0x2A, 0x1C, 0xFF, 0xF7, 0xD0, 0xFA, 0x00, 0x06, 0x04, 0x0E
	.byte 0x4B, 0x46, 0x18, 0x06, 0x00, 0x0E, 0x41, 0x46, 0x0A, 0x04, 0x12, 0x14, 0x21, 0x1C, 0xFD, 0xF7
	.byte 0x7D, 0xFC, 0x01, 0x1C, 0x09, 0x04, 0xA1, 0x46, 0x3C, 0x04, 0x24, 0x14, 0x0A, 0x0C, 0x90, 0x46
	.byte 0x09, 0x14, 0x20, 0x1C, 0xFD, 0xF7, 0x06, 0xF8, 0x07, 0x1C, 0x49, 0x46, 0x09, 0x9A, 0xFD, 0xF7
	.byte 0x23, 0xF8, 0x40, 0x46, 0x08, 0x9B, 0x18, 0x80, 0x02, 0x33, 0x08, 0x93, 0x01, 0x34, 0x24, 0x04
	.byte 0x27, 0x0C, 0x3A, 0x04, 0x10, 0x14, 0x0A, 0x99, 0x88, 0x42, 0xA1, 0xDB, 0x4A, 0x46, 0x10, 0x06
	.byte 0x00, 0x0E, 0x43, 0x46, 0x1A, 0x04, 0x12, 0x14, 0x06, 0x21, 0xFD, 0xF7, 0x57, 0xFC, 0x01, 0x1C
	.byte 0x09, 0x04, 0x38, 0x04, 0x00, 0x14, 0x0A, 0x0C, 0x90, 0x46, 0x09, 0x14, 0xFC, 0xF7, 0xE2, 0xFF
	.byte 0x07, 0x1C, 0x06, 0x21, 0x09, 0x9A, 0xFC, 0xF7, 0xFF, 0xFF, 0x39, 0x88, 0x10, 0x20, 0x08, 0x43
	.byte 0x38, 0x80, 0x40, 0x46, 0x08, 0x9B, 0x18, 0x80, 0x03, 0x99, 0x0C, 0x04, 0x24, 0x14, 0x60, 0x00
	.byte 0x07, 0x9A, 0x10, 0x18, 0x08, 0x90, 0x04, 0x9B, 0x98, 0x46, 0x1A, 0x04, 0x12, 0x14, 0x00, 0x98
	.byte 0x21, 0x1C, 0xFF, 0xF7, 0x6F, 0xFB, 0x00, 0x06, 0x00, 0x0E, 0x81, 0x46, 0x08, 0x98, 0x02, 0x38
	.byte 0x08, 0x90, 0x01, 0x3C, 0x24, 0x04, 0x27, 0x0C, 0x39, 0x04, 0x01, 0x9A, 0x10, 0x04, 0x02, 0x9B
	.byte 0x1B, 0x04, 0x0F, 0x93, 0x0E, 0x90, 0x07, 0x98, 0x02, 0x30, 0x10, 0x90, 0x56, 0xE0, 0x0D, 0x14
	.byte 0x43, 0x46, 0x18, 0x04, 0x06, 0x14, 0x00, 0x98, 0x29, 0x1C, 0x32, 0x1C, 0xFF, 0xF7, 0x52, 0xFB
	.byte 0x00, 0x06, 0x04, 0x0E, 0x0B, 0x2C, 0x27, 0xD1, 0x03, 0x2E, 0x01, 0xDC, 0x04, 0x24, 0x23, 0xE0
	.byte 0x00, 0x98, 0x00, 0x28, 0x17, 0xD1, 0x05, 0x99, 0x02, 0x29, 0x08, 0xD1, 0x0E, 0x9A, 0x10, 0x14
	.byte 0x0F, 0x9B, 0x19, 0x14, 0x2A, 0x1C, 0x01, 0x23, 0xFF, 0xF7, 0xDA, 0xFA, 0x12, 0xE0, 0x05, 0x98
	.byte 0x03, 0x28, 0x08, 0xD1, 0x0E, 0x99, 0x08, 0x14, 0x0F, 0x9A, 0x11, 0x14, 0x2A, 0x1C, 0x01, 0x23
	.byte 0xFF, 0xF7, 0xF6, 0xFA, 0x06, 0xE0, 0x0E, 0x9B, 0x18, 0x14, 0x0F, 0x9A, 0x11, 0x14, 0x2A, 0x1C
	.byte 0xFF, 0xF7, 0x34, 0xFA, 0x00, 0x06, 0x04, 0x0E, 0x4B, 0x46, 0x18, 0x06, 0x00, 0x0E, 0x41, 0x46
	.byte 0x0A, 0x04, 0x12, 0x14, 0x21, 0x1C, 0xFD, 0xF7, 0x19, 0xFC, 0x01, 0x1C, 0x09, 0x04, 0xA1, 0x46
	.byte 0x3C, 0x04, 0x24, 0x14, 0x0A, 0x0C, 0x90, 0x46, 0x09, 0x14, 0x20, 0x1C, 0xFC, 0xF7, 0x6A, 0xFF
	.byte 0x07, 0x1C, 0x49, 0x46, 0x09, 0x9A, 0xFC, 0xF7, 0x87, 0xFF, 0x40, 0x46, 0x08, 0x9B, 0x18, 0x80
	.byte 0x02, 0x3B, 0x08, 0x93, 0x01, 0x3C, 0x24, 0x04, 0x27, 0x0C, 0x39, 0x04, 0x0E, 0x9A, 0x91, 0x42
	.byte 0xA5, 0xDC, 0x4B, 0x46, 0x18, 0x06, 0x00, 0x0E, 0x41, 0x46, 0x0A, 0x04, 0x12, 0x14, 0x04, 0x21
	.byte 0xFD, 0xF7, 0xF4, 0xFB, 0x04, 0x1C, 0x38, 0x04, 0x00, 0x14, 0x24, 0x04, 0x24, 0x14, 0x21, 0x1C
	.byte 0xFC, 0xF7, 0x48, 0xFF, 0x07, 0x1C, 0x04, 0x21, 0x09, 0x9A, 0xFC, 0xF7, 0x65, 0xFF, 0x38, 0x88
	.byte 0x10, 0x26, 0x30, 0x43, 0x38, 0x80, 0x0F, 0x9A, 0x12, 0x14, 0x92, 0x46, 0x51, 0x00, 0x07, 0x9B
	.byte 0x59, 0x18, 0x0E, 0x98, 0x05, 0x14, 0x68, 0x00, 0x09, 0x1A, 0x02, 0x39, 0x50, 0x1B, 0x09, 0x88
	.byte 0x40, 0x18, 0x00, 0x04, 0x00, 0x0C, 0x06, 0x90, 0x01, 0x34, 0x24, 0x04, 0x21, 0x0C, 0x88, 0x46
	.byte 0x24, 0x14, 0x28, 0x1C, 0x21, 0x1C, 0xFC, 0xF7, 0x25, 0xFF, 0x07, 0x1C, 0x05, 0x22, 0x91, 0x46
	.byte 0x05, 0x21, 0x09, 0x9A, 0xFC, 0xF7, 0x40, 0xFF, 0x38, 0x88, 0x06, 0x43, 0x3E, 0x80, 0x10, 0x9B
	.byte 0x08, 0x93, 0x01, 0x35, 0x2D, 0x04, 0x2F, 0x0C, 0x2D, 0x14, 0x50, 0x46, 0x01, 0x38, 0x85, 0x42
	.byte 0x00, 0xDB, 0x96, 0xE0, 0x51, 0x46, 0x0D, 0x91, 0x0C, 0x90, 0x4A, 0x46, 0x10, 0x06, 0x00, 0x0E
	.byte 0x43, 0x46, 0x1A, 0x04, 0x12, 0x14, 0x01, 0x21, 0xFD, 0xF7, 0x70, 0xFB, 0x00, 0x04, 0x05, 0x0C
	.byte 0x39, 0x04, 0x08, 0x14, 0x0D, 0x9A, 0x10, 0x1A, 0x0C, 0x1C, 0x06, 0x9B, 0x1E, 0x04, 0x02, 0x28
	.byte 0x06, 0xD1, 0x30, 0x14, 0x2A, 0x04, 0x11, 0x14, 0x40, 0x1A, 0x92, 0x46, 0x02, 0x28, 0x11, 0xD0
	.byte 0x33, 0x14, 0x28, 0x04, 0x02, 0x14, 0x99, 0x1A, 0x82, 0x46, 0x01, 0x29, 0x01, 0xD1, 0x01, 0x24
	.byte 0x3D, 0xE0, 0x9A, 0x42, 0x0D, 0xDA, 0x08, 0x99, 0x48, 0x88, 0x10, 0x1A, 0x02, 0x49, 0x4A, 0x79
	.byte 0x90, 0x42, 0x03, 0xDA, 0x05, 0x24, 0x32, 0xE0, 0xB0, 0xC7, 0x03, 0x02, 0x89, 0x79, 0x88, 0x42
	.byte 0x01, 0xDD, 0x03, 0x24, 0x2B, 0xE0, 0x90, 0x42, 0x01, 0xD0, 0x88, 0x42, 0x06, 0xD1, 0x20, 0x14
	.byte 0x08, 0x9A, 0x00, 0x23, 0xD1, 0x5E, 0xFF, 0xF7, 0xF9, 0xF9, 0x1E, 0xE0, 0x05, 0x98, 0x02, 0x28
	.byte 0x08, 0xD1, 0x22, 0x14, 0x0E, 0x99, 0x08, 0x14, 0x0F, 0x9B, 0x19, 0x14, 0x00, 0x23, 0xFF, 0xF7
	.byte 0x07, 0xFA, 0x12, 0xE0, 0x05, 0x98, 0x03, 0x28, 0x08, 0xD1, 0x22, 0x14, 0x0E, 0x99, 0x08, 0x14
	.byte 0x0F, 0x9B, 0x19, 0x14, 0x00, 0x23, 0xFF, 0xF7, 0x23, 0xFA, 0x06, 0xE0, 0x22, 0x14, 0x0E, 0x99
	.byte 0x08, 0x14, 0x0F, 0x9B, 0x19, 0x14, 0xFF, 0xF7, 0x9D, 0xF9, 0x00, 0x06, 0x04, 0x0E, 0x50, 0x46
	.byte 0x01, 0x14, 0x2A, 0x48, 0x00, 0x88, 0x01, 0x38, 0x81, 0x42, 0x02, 0xDB, 0x05, 0x2C, 0x00, 0xD1
	.byte 0x01, 0x24, 0x49, 0x46, 0x08, 0x06, 0x00, 0x0E, 0x43, 0x46, 0x1A, 0x04, 0x12, 0x14, 0x21, 0x1C
	.byte 0xFD, 0xF7, 0x04, 0xFB, 0x01, 0x1C, 0x09, 0x04, 0xA1, 0x46, 0x3C, 0x04, 0x24, 0x14, 0x08, 0x0C
	.byte 0x80, 0x46, 0x09, 0x14, 0x20, 0x1C, 0xFC, 0xF7, 0x8D, 0xFE, 0x07, 0x1C, 0x49, 0x46, 0x09, 0x9A
	.byte 0xFC, 0xF7, 0xAA, 0xFE, 0x08, 0x99, 0x02, 0x31, 0x08, 0x91, 0x19, 0x4A, 0xB0, 0x18, 0x00, 0x0C
	.byte 0x06, 0x90, 0x01, 0x34, 0x24, 0x04, 0x27, 0x0C, 0x24, 0x14, 0x0C, 0x9B, 0x9C, 0x42, 0x00, 0xDA
	.byte 0x6B, 0xE7, 0x49, 0x46, 0x08, 0x06, 0x00, 0x0E, 0x43, 0x46, 0x1A, 0x04, 0x12, 0x14, 0x03, 0x21
	.byte 0xFD, 0xF7, 0xDC, 0xFA, 0x01, 0x1C, 0x38, 0x04, 0x00, 0x14, 0x09, 0x04, 0x09, 0x14, 0xFC, 0xF7
	.byte 0x69, 0xFE, 0x07, 0x1C, 0x03, 0x21, 0x09, 0x9A, 0xFC, 0xF7, 0x86, 0xFE, 0x39, 0x88, 0x10, 0x20
	.byte 0x08, 0x43, 0x38, 0x80, 0x07, 0x98, 0x1C, 0xF7, 0xE1, 0xFE, 0x11, 0xB0, 0x38, 0xBC, 0x98, 0x46
	.byte 0xA1, 0x46, 0xAA, 0x46, 0xF0, 0xBC, 0x01, 0xBC, 0x00, 0x47, 0x00, 0x00, 0x2A, 0x4F, 0x03, 0x02
	.byte 0x00, 0x00, 0xFF, 0xFF
	thumb_func_start func_080E3C1C
func_080E3C1C: @ 080E3C1C
	push {r4, r5, r6, r7, lr}
	mov r7, r10
	mov r6, r9
	mov r5, r8
	push {r5, r6, r7}
	add sp, #-0x00C
	mov r10, r0
	str r1, [sp, #0x000]
	str r2, [sp, #0x004]
	str r3, [sp, #0x008]
	ldr r0, [sp, #0x02C]
	ldr r1, [sp, #0x030]
	lsls r0, r0, #0x10
	lsrs r0, r0, #0x10
	mov r9, r0
	lsls r1, r1, #0x10
	lsrs r1, r1, #0x10
	mov r8, r1
	bl func_080065A4
	mov r1, r9
	lsls r5, r1, #0x10
	asrs r5, r5, #0x10
	lsls r0, r0, #0x10
	lsrs r0, r0, #0x10
	mov r2, r8
	lsls r4, r2, #0x10
	asrs r4, r4, #0x10
	subs r1, r4, r5
	bl func_0811D684
	adds r6, r5, r0
	movs r7, #0x00
	subs r4, r4, r5
	cmp r7, r4
	bge _080E3CC2
_080E3C64:
	ldr r0, _080E3C98 @ =0x02034F2A
	ldrh r0, [r0, #0x00]
	subs r4, r0, #0x1
	cmp r4, #0x00
	blt _080E3CA6
	lsls r5, r6, #0x10
_080E3C70:
	lsls r1, r4, #0x10
	asrs r1, r1, #0x10
	asrs r0, r5, #0x10
	bl func_080E08BC
	ldrb r1, [r0, #0x02]
	cmp r1, r10
	bne _080E3C9C
	ldr r1, [sp, #0x000]
	strh r6, [r1, #0x00]
	ldr r2, [sp, #0x004]
	strh r4, [r2, #0x00]
	ldr r1, [r0, #0x08]
	asrs r0, r1, #0x0B
	lsrs r1, r1, #0x1F
	adds r0, r0, r1
	asrs r0, r0, #0x01
	ldr r1, [sp, #0x008]
	strh r0, [r1, #0x00]
	b _080E3CC2
_080E3C98: .4byte 0x02034F2A
_080E3C9C:
	cmp r1, #0x0B
	bne _080E3CA6
	subs r4, #0x01
	cmp r4, #0x00
	bge _080E3C70
_080E3CA6:
	adds r6, #0x01
	mov r2, r8
	lsls r0, r2, #0x10
	asrs r1, r0, #0x10
	mov r2, r9
	lsls r0, r2, #0x10
	cmp r6, r1
	bne _080E3CB8
	asrs r6, r0, #0x10
_080E3CB8:
	adds r7, #0x01
	asrs r0, r0, #0x10
	subs r0, r1, r0
	cmp r7, r0
	blt _080E3C64
_080E3CC2:
	add sp, #0x00C
	pop {r3, r4, r5}
	mov r8, r3
	mov r9, r4
	mov r10, r5
	pop {r4, r5, r6, r7}
	pop {r0}
	bx r0
	.byte 0x00, 0x00
	thumb_func_start func_080E3CD4
func_080E3CD4: @ 080E3CD4
	push {r4, r5, r6, r7, lr}
	mov r7, r10
	mov r6, r9
	mov r5, r8
	push {r5, r6, r7}
	add sp, #-0x010
	mov r9, r0
	mov r10, r1
	str r2, [sp, #0x000]
	str r3, [sp, #0x004]
	ldr r1, [sp, #0x030]
	ldr r0, [sp, #0x034]
	lsls r0, r0, #0x10
	asrs r6, r0, #0x10
	lsls r1, r1, #0x10
	asrs r4, r1, #0x10
	subs r0, r6, r4
	lsls r0, r0, #0x10
	lsrs r0, r0, #0x10
	mov r8, r0
	bl func_080065A4
	lsls r0, r0, #0x10
	lsrs r0, r0, #0x10
	subs r1, r6, r4
	bl func_0811D684
	adds r5, r4, r0
	movs r7, #0x00
	cmp r7, r8
	bge _080E3D6E
	str r4, [sp, #0x008]
	str r6, [sp, #0x00C]
_080E3D16:
	ldr r0, _080E3D4C @ =0x02034F2A
	ldrh r0, [r0, #0x00]
	subs r4, r0, #0x1
	cmp r4, #0x00
	blt _080E3D5A
	lsls r6, r5, #0x10
_080E3D22:
	lsls r1, r4, #0x10
	asrs r1, r1, #0x10
	asrs r0, r6, #0x10
	bl func_080E08BC
	ldrb r1, [r0, #0x02]
	cmp r1, r9
	bne _080E3D50
	mov r1, r10
	strh r5, [r1, #0x00]
	ldr r1, [sp, #0x000]
	strh r4, [r1, #0x00]
	ldr r0, [r0, #0x08]
	asrs r0, r0, #0x08
	cmp r0, #0x00
	bge _080E3D44
	adds r0, #0x0F
_080E3D44:
	asrs r0, r0, #0x04
	ldr r1, [sp, #0x004]
	strh r0, [r1, #0x00]
	b _080E3D6E
_080E3D4C: .4byte 0x02034F2A
_080E3D50:
	cmp r1, #0x0B
	bne _080E3D5A
	subs r4, #0x01
	cmp r4, #0x00
	bge _080E3D22
_080E3D5A:
	ldr r0, [sp, #0x00C]
	subs r0, #0x01
	ldr r1, [sp, #0x008]
	cmp r5, r1
	ble _080E3D66
	subs r0, r5, #0x1
_080E3D66:
	adds r5, r0, #0x0
	adds r7, #0x01
	cmp r7, r8
	blt _080E3D16
_080E3D6E:
	add sp, #0x010
	pop {r3, r4, r5}
	mov r8, r3
	mov r9, r4
	mov r10, r5
	pop {r4, r5, r6, r7}
	pop {r0}
	bx r0
	.byte 0x00, 0x00
	thumb_func_start func_080E3D80
func_080E3D80: @ 080E3D80
	push {r4, r5, r6, r7, lr}
	mov r7, r10
	mov r6, r9
	mov r5, r8
	push {r5, r6, r7}
	add sp, #-0x02C
	str r0, [sp, #0x000]
	str r1, [sp, #0x004]
	str r2, [sp, #0x008]
	str r3, [sp, #0x00C]
	movs r0, #0x00
	str r0, [sp, #0x010]
	movs r1, #0x00
	str r1, [sp, #0x014]
	movs r2, #0x00
	str r2, [sp, #0x018]
	mov r9, r2
	str r0, [sp, #0x01C]
	mov r10, r0
	mov r8, r0
	movs r7, #0x00
	ldr r0, _080E3DBC @ =0x02034F28
	adds r1, r0, #0x0
	ldrh r2, [r1, #0x00]
	cmp r9, r2
	bge _080E3E00
_080E3DB4:
	ldr r0, _080E3DC0 @ =0x02034F2A
	ldrh r0, [r0, #0x00]
	subs r4, r0, #0x1
	b _080E3DCA
_080E3DBC: .4byte 0x02034F28
_080E3DC0: .4byte 0x02034F2A
_080E3DC4:
	cmp r1, #0x0B
	bne _080E3DF0
	subs r4, #0x01
_080E3DCA:
	cmp r4, #0x00
	blt _080E3DF0
	lsls r6, r7, #0x10
	asrs r0, r6, #0x10
	lsls r5, r4, #0x10
	asrs r1, r5, #0x10
	bl func_080E08BC
	ldrb r1, [r0, #0x02]
	cmp r1, #0x03
	bne _080E3DC4
	lsrs r6, r6, #0x10
	str r6, [sp, #0x010]
	lsrs r5, r5, #0x10
	str r5, [sp, #0x014]
	ldr r0, [r0, #0x08]
	str r0, [sp, #0x01C]
	movs r0, #0x01
	mov r8, r0
_080E3DF0:
	ldr r1, _080E3E28 @ =0x02034F28
	mov r2, r8
	cmp r2, #0x00
	bne _080E3E00
	adds r7, #0x01
	ldrh r0, [r1, #0x00]
	cmp r7, r0
	blt _080E3DB4
_080E3E00:
	movs r0, #0x00
	mov r8, r0
	ldrh r0, [r1, #0x00]
	subs r7, r0, #0x1
	ldr r1, [sp, #0x014]
	lsls r1, r1, #0x10
	str r1, [sp, #0x020]
	cmp r7, #0x00
	blt _080E3E72
	lsls r0, r7, #0x10
	movs r2, #0x80
	lsls r2, r2, #0x09
	adds r3, r0, r2
_080E3E1A:
	ldr r0, _080E3E2C @ =0x02034F2A
	ldrh r0, [r0, #0x00]
	subs r4, r0, #0x1
	adds r2, r3, #0x0
	lsls r6, r7, #0x10
	b _080E3E36
	.byte 0x00, 0x00
_080E3E28: .4byte 0x02034F28
_080E3E2C: .4byte 0x02034F2A
_080E3E30:
	cmp r1, #0x0B
	bne _080E3E62
	subs r4, #0x01
_080E3E36:
	cmp r4, #0x00
	blt _080E3E62
	lsls r5, r4, #0x10
	asrs r1, r5, #0x10
	asrs r0, r6, #0x10
	str r2, [sp, #0x024]
	str r3, [sp, #0x028]
	bl func_080E08BC
	ldrb r1, [r0, #0x02]
	ldr r2, [sp, #0x024]
	ldr r3, [sp, #0x028]
	cmp r1, #0x05
	bne _080E3E30
	lsrs r2, r2, #0x10
	str r2, [sp, #0x018]
	lsrs r5, r5, #0x10
	mov r9, r5
	ldr r0, [r0, #0x08]
	mov r10, r0
	movs r0, #0x01
	mov r8, r0
_080E3E62:
	mov r1, r8
	cmp r1, #0x00
	bne _080E3E72
	ldr r2, _080E3EC8 @ =0xFFFF0000
	adds r3, r3, r2
	subs r7, #0x01
	cmp r7, #0x00
	bge _080E3E1A
_080E3E72:
	ldr r0, [sp, #0x020]
	asrs r2, r0, #0x10
	ldr r0, _080E3ECC @ =0x02034F2A
	ldrh r1, [r0, #0x00]
	lsrs r0, r1, #0x02
	subs r1, r1, r0
	cmp r2, r1
	bgt _080E3EE8
	mov r2, r9
	lsls r0, r2, #0x10
	asrs r0, r0, #0x10
	cmp r0, r1
	bgt _080E3EE8
	ldr r0, [sp, #0x018]
	lsls r1, r0, #0x10
	asrs r1, r1, #0x10
	ldr r2, [sp, #0x010]
	lsls r0, r2, #0x10
	asrs r0, r0, #0x10
	subs r1, r1, r0
	cmp r1, #0x04
	ble _080E3EE8
	ldr r0, [sp, #0x000]
	strh r2, [r0, #0x00]
	mov r1, sp
	ldrh r2, [r1, #0x18]
	ldr r1, [sp, #0x004]
	strh r2, [r1, #0x00]
	ldr r0, [sp, #0x01C]
	cmp r0, r10
	ble _080E3ED0
	cmp r0, #0x00
	bge _080E3EB6
	adds r0, #0x0F
_080E3EB6:
	asrs r0, r0, #0x0C
	ldr r1, [sp, #0x00C]
	strh r0, [r1, #0x00]
	mov r2, sp
	ldrh r0, [r2, #0x14]
	ldr r2, [sp, #0x008]
	strh r0, [r2, #0x00]
	movs r0, #0x01
	b _080E3EEA
_080E3EC8: .4byte 0xFFFF0000
_080E3ECC: .4byte 0x02034F2A
_080E3ED0:
	mov r0, r10
	cmp r0, #0x00
	bge _080E3ED8
	adds r0, #0x0F
_080E3ED8:
	asrs r0, r0, #0x0C
	ldr r1, [sp, #0x00C]
	strh r0, [r1, #0x00]
	mov r0, r9
	ldr r2, [sp, #0x008]
	strh r0, [r2, #0x00]
	movs r0, #0x02
	b _080E3EEA
_080E3EE8:
	movs r0, #0x00
_080E3EEA:
	add sp, #0x02C
	pop {r3, r4, r5}
	mov r8, r3
	mov r9, r4
	mov r10, r5
	pop {r4, r5, r6, r7}
	pop {r1}
	bx r1
	.byte 0x00, 0x00, 0x70, 0xB5, 0x4E, 0x46, 0x45, 0x46, 0x60, 0xB4, 0x84, 0xB0, 0x30, 0x4D, 0x29, 0x88
	.byte 0x49, 0x08, 0x2F, 0x48, 0x00, 0x88, 0x80, 0x08, 0x6E, 0x46, 0x0A, 0x36, 0x30, 0x80, 0x2C, 0x88
	.byte 0x64, 0x1A, 0x2A, 0x88, 0x02, 0xA8, 0x02, 0x80, 0x24, 0x04, 0x21, 0x0C, 0x00, 0x20, 0x00, 0x23
	.byte 0xFF, 0xF7, 0x99, 0xF8, 0x24, 0x14, 0x02, 0xA8, 0x00, 0x21, 0x42, 0x5E, 0x00, 0x20, 0x33, 0x5E
	.byte 0x02, 0x20, 0x00, 0x90, 0x00, 0x20, 0x21, 0x1C, 0xFF, 0xF7, 0xAB, 0xF8, 0x03, 0xA9, 0x88, 0x46
	.byte 0x00, 0x20, 0x81, 0x46, 0x00, 0x90, 0x00, 0x21, 0x68, 0x5E, 0x01, 0x90, 0x05, 0x20, 0x02, 0xA9
	.byte 0x32, 0x1C, 0x43, 0x46, 0xFF, 0xF7, 0xB9, 0xFE, 0x22, 0xF7, 0x1F, 0xFB, 0x1A, 0x49, 0xCC, 0x78
	.byte 0x00, 0x04, 0x00, 0x0C, 0x09, 0x79, 0x09, 0x1B, 0x01, 0x31, 0x39, 0xF0, 0x86, 0xFB, 0x24, 0x18
	.byte 0x02, 0xA8, 0x02, 0x88, 0x01, 0x32, 0x12, 0x04, 0x12, 0x0C, 0x40, 0x46, 0x03, 0x88, 0x24, 0x04
	.byte 0x24, 0x14, 0xE3, 0x18, 0x1B, 0x04, 0x1B, 0x14, 0x01, 0x20, 0x00, 0x21, 0xFF, 0xF7, 0x63, 0xF8
	.byte 0x02, 0xA8, 0x02, 0x88, 0x01, 0x32, 0x12, 0x04, 0x12, 0x14, 0x30, 0x88, 0x24, 0x18, 0x24, 0x04
	.byte 0x24, 0x14, 0x49, 0x46, 0x00, 0x91, 0x01, 0x20, 0x00, 0x21, 0x23, 0x1C, 0xFF, 0xF7, 0x23, 0xFA
	.byte 0x04, 0xB0, 0x18, 0xBC, 0x98, 0x46, 0xA1, 0x46, 0x70, 0xBC, 0x01, 0xBC, 0x00, 0x47, 0x28, 0x4F
	.byte 0x03, 0x02, 0x2A, 0x4F, 0x03, 0x02, 0xB0, 0xC7, 0x03, 0x02
	thumb_func_start func_080E3FD4
func_080E3FD4: @ 080E3FD4
	push {r4, r5, r6, r7, lr}
	mov r7, r10
	mov r6, r9
	mov r5, r8
	push {r5, r6, r7}
	add sp, #-0x010
	bl func_080065A4
	lsls r0, r0, #0x10
	lsrs r0, r0, #0x10
	ldr r1, _080E414C @ =0x02034F28
	mov r9, r1
	ldrh r1, [r1, #0x00]
	subs r1, #0x07
	bl func_0811D684
	adds r4, r0, #0x0
	adds r4, #0x04
	lsls r4, r4, #0x10
	lsrs r4, r4, #0x10
	bl func_080065A4
	lsls r0, r0, #0x10
	lsrs r0, r0, #0x10
	mov r2, r9
	ldrh r1, [r2, #0x00]
	lsls r4, r4, #0x10
	asrs r4, r4, #0x10
	subs r1, r1, r4
	subs r1, #0x03
	bl func_0811D684
	adds r0, #0x02
	lsls r0, r0, #0x10
	lsrs r0, r0, #0x10
	add r1, sp, #0x008
	strh r0, [r1, #0x00]
	lsls r0, r0, #0x10
	asrs r0, r0, #0x10
	adds r0, r0, r4
	mov r7, sp
	adds r7, #0x0E
	strh r0, [r7, #0x00]
	ldr r0, _080E4150 @ =0x02034F2A
	ldrh r0, [r0, #0x00]
	lsrs r0, r0, #0x02
	mov r5, sp
	adds r5, #0x0A
	strh r0, [r5, #0x00]
	adds r0, r1, #0x0
	ldrh r1, [r0, #0x00]
	ldrh r2, [r7, #0x00]
	movs r0, #0x00
	movs r3, #0x00
	bl func_080E3060
	add r0, sp, #0x008
	movs r3, #0x00
	ldsh r1, [r0, r3]
	movs r0, #0x00
	ldsh r2, [r7, r0]
	movs r0, #0x00
	ldsh r3, [r5, r0]
	movs r0, #0x00
	mov r10, r0
	str r0, [sp, #0x000]
	bl func_080E309C
	bl func_080065A4
	lsls r0, r0, #0x10
	lsrs r0, r0, #0x10
	movs r1, #0x64
	bl func_0811D7CC
	lsls r0, r0, #0x10
	lsrs r0, r0, #0x10
	cmp r0, #0x31
	bhi _080E4158
	add r6, sp, #0x00C
	mov r1, r10
	str r1, [sp, #0x000]
	mov r2, r9
	movs r3, #0x00
	ldsh r0, [r2, r3]
	str r0, [sp, #0x004]
	movs r0, #0x03
	add r1, sp, #0x008
	adds r2, r5, #0x0
	adds r3, r6, #0x0
	bl func_080E3C1C
	bl func_080065A4
	ldr r1, _080E4154 @ =0x0203C7B0
	mov r8, r1
	ldrb r4, [r1, #0x03]
	lsls r0, r0, #0x10
	lsrs r0, r0, #0x10
	ldrb r1, [r1, #0x04]
	subs r1, r1, r4
	adds r1, #0x01
	bl func_0811D684
	adds r4, r4, r0
	add r0, sp, #0x008
	ldrh r1, [r0, #0x00]
	mov r3, r9
	ldrh r2, [r3, #0x00]
	ldrh r3, [r6, #0x00]
	lsls r4, r4, #0x10
	asrs r4, r4, #0x10
	adds r3, r4, r3
	lsls r3, r3, #0x10
	asrs r3, r3, #0x10
	movs r0, #0x01
	bl func_080E3060
	add r0, sp, #0x008
	movs r2, #0x00
	ldsh r1, [r0, r2]
	mov r3, r9
	movs r0, #0x00
	ldsh r2, [r3, r0]
	ldrh r0, [r5, #0x00]
	adds r4, r4, r0
	lsls r4, r4, #0x10
	asrs r4, r4, #0x10
	mov r3, r10
	str r3, [sp, #0x000]
	movs r0, #0x01
	adds r3, r4, #0x0
	bl func_080E309C
	mov r0, r10
	str r0, [sp, #0x000]
	mov r1, r9
	movs r2, #0x00
	ldsh r0, [r1, r2]
	str r0, [sp, #0x004]
	movs r0, #0x05
	adds r1, r7, #0x0
	adds r2, r5, #0x0
	adds r3, r6, #0x0
	bl func_080E3CD4
	bl func_080065A4
	mov r3, r8
	ldrb r4, [r3, #0x03]
	lsls r0, r0, #0x10
	lsrs r0, r0, #0x10
	ldrb r1, [r3, #0x04]
	subs r1, r1, r4
	adds r1, #0x01
	bl func_0811D684
	adds r4, r4, r0
	ldrh r2, [r7, #0x00]
	adds r2, #0x01
	lsls r2, r2, #0x10
	lsrs r2, r2, #0x10
	ldrh r3, [r6, #0x00]
	lsls r4, r4, #0x10
	asrs r4, r4, #0x10
	adds r3, r4, r3
	lsls r3, r3, #0x10
	asrs r3, r3, #0x10
	movs r0, #0x02
	movs r1, #0x00
	bl func_080E3060
	ldrh r2, [r7, #0x00]
	adds r2, #0x01
	lsls r2, r2, #0x10
	asrs r2, r2, #0x10
	ldrh r0, [r5, #0x00]
	adds r4, r4, r0
	lsls r4, r4, #0x10
	asrs r4, r4, #0x10
	mov r0, r10
	str r0, [sp, #0x000]
	movs r0, #0x02
	movs r1, #0x00
	adds r3, r4, #0x0
	bl func_080E3400
	b _080E4230
_080E414C: .4byte 0x02034F28
_080E4150: .4byte 0x02034F2A
_080E4154: .4byte 0x0203C7B0
_080E4158:
	add r6, sp, #0x00C
	mov r1, r10
	str r1, [sp, #0x000]
	mov r2, r9
	movs r3, #0x00
	ldsh r0, [r2, r3]
	str r0, [sp, #0x004]
	movs r0, #0x05
	adds r1, r7, #0x0
	adds r2, r5, #0x0
	adds r3, r6, #0x0
	bl func_080E3CD4
	bl func_080065A4
	ldr r1, _080E4240 @ =0x0203C7B0
	mov r8, r1
	ldrb r4, [r1, #0x03]
	lsls r0, r0, #0x10
	lsrs r0, r0, #0x10
	ldrb r1, [r1, #0x04]
	subs r1, r1, r4
	adds r1, #0x01
	bl func_0811D684
	adds r4, r4, r0
	ldrh r2, [r7, #0x00]
	adds r2, #0x01
	lsls r2, r2, #0x10
	lsrs r2, r2, #0x10
	ldrh r3, [r6, #0x00]
	lsls r4, r4, #0x10
	asrs r4, r4, #0x10
	adds r3, r4, r3
	lsls r3, r3, #0x10
	asrs r3, r3, #0x10
	movs r0, #0x01
	movs r1, #0x00
	bl func_080E3060
	ldrh r2, [r7, #0x00]
	adds r2, #0x01
	lsls r2, r2, #0x10
	asrs r2, r2, #0x10
	ldrh r0, [r5, #0x00]
	adds r4, r4, r0
	lsls r4, r4, #0x10
	asrs r4, r4, #0x10
	mov r3, r10
	str r3, [sp, #0x000]
	movs r0, #0x01
	movs r1, #0x00
	adds r3, r4, #0x0
	bl func_080E3400
	mov r0, r10
	str r0, [sp, #0x000]
	mov r1, r9
	movs r2, #0x00
	ldsh r0, [r1, r2]
	str r0, [sp, #0x004]
	movs r0, #0x03
	add r1, sp, #0x008
	adds r2, r5, #0x0
	adds r3, r6, #0x0
	bl func_080E3C1C
	bl func_080065A4
	mov r3, r8
	ldrb r4, [r3, #0x03]
	lsls r0, r0, #0x10
	lsrs r0, r0, #0x10
	ldrb r1, [r3, #0x04]
	subs r1, r1, r4
	adds r1, #0x01
	bl func_0811D684
	adds r4, r4, r0
	add r0, sp, #0x008
	ldrh r1, [r0, #0x00]
	mov r0, r9
	ldrh r2, [r0, #0x00]
	ldrh r3, [r6, #0x00]
	lsls r4, r4, #0x10
	asrs r4, r4, #0x10
	adds r3, r4, r3
	lsls r3, r3, #0x10
	asrs r3, r3, #0x10
	movs r0, #0x02
	bl func_080E3060
	add r0, sp, #0x008
	movs r2, #0x00
	ldsh r1, [r0, r2]
	mov r3, r9
	movs r0, #0x00
	ldsh r2, [r3, r0]
	ldrh r0, [r5, #0x00]
	adds r4, r4, r0
	lsls r4, r4, #0x10
	asrs r4, r4, #0x10
	mov r3, r10
	str r3, [sp, #0x000]
	movs r0, #0x02
	adds r3, r4, #0x0
	bl func_080E309C
_080E4230:
	add sp, #0x010
	pop {r3, r4, r5}
	mov r8, r3
	mov r9, r4
	mov r10, r5
	pop {r4, r5, r6, r7}
	pop {r0}
	bx r0
_080E4240: .4byte 0x0203C7B0
	.byte 0xF0, 0xB5, 0x57, 0x46, 0x4E, 0x46, 0x45, 0x46, 0xE0, 0xB4, 0x84, 0xB0, 0x22, 0xF7, 0xA8, 0xF9
	.byte 0x00, 0x04, 0x00, 0x0C, 0x54, 0x49, 0x8A, 0x46, 0x0C, 0x88, 0x21, 0x1C, 0x09, 0x39, 0x39, 0xF0
	.byte 0x0F, 0xFA, 0x06, 0x30, 0x00, 0x04, 0x00, 0x14, 0x24, 0x1A, 0xE1, 0x0F, 0x64, 0x18, 0xE4, 0x03
	.byte 0x24, 0x0C, 0x02, 0xA9, 0x0C, 0x80, 0x24, 0x04, 0x24, 0x14, 0x24, 0x18, 0x6F, 0x46, 0x0E, 0x37
	.byte 0x3C, 0x80, 0x4A, 0x48, 0x00, 0x88, 0x80, 0x08, 0x6D, 0x46, 0x0A, 0x35, 0x28, 0x80, 0x08, 0x1C
	.byte 0x01, 0x88, 0x3A, 0x88, 0x00, 0x20, 0x00, 0x23, 0xFE, 0xF7, 0xE0, 0xFE, 0x02, 0xA8, 0x00, 0x22
	.byte 0x81, 0x5E, 0x00, 0x23, 0xFA, 0x5E, 0x00, 0x20, 0x2B, 0x5E, 0x02, 0x20, 0x00, 0x90, 0x00, 0x20
	.byte 0xFE, 0xF7, 0xF2, 0xFE, 0x22, 0xF7, 0x74, 0xF9, 0x00, 0x04, 0x00, 0x0C, 0x64, 0x21, 0x39, 0xF0
	.byte 0x83, 0xFA, 0x00, 0x04, 0x00, 0x0C, 0x31, 0x28, 0x74, 0xD8, 0x03, 0xAE, 0x00, 0x21, 0x88, 0x46
	.byte 0x00, 0x91, 0x52, 0x46, 0x00, 0x23, 0xD0, 0x5E, 0x01, 0x90, 0x03, 0x20, 0x02, 0xA9, 0x2A, 0x1C
	.byte 0x33, 0x1C, 0xFF, 0xF7, 0x99, 0xFC, 0x22, 0xF7, 0x5B, 0xF9, 0x31, 0x49, 0x89, 0x46, 0xCC, 0x78
	.byte 0x00, 0x04, 0x00, 0x0C, 0x09, 0x79, 0x09, 0x1B, 0x01, 0x31, 0x39, 0xF0, 0xC1, 0xF9, 0x24, 0x18
	.byte 0x0A, 0x34, 0x02, 0xA8, 0x01, 0x88, 0x53, 0x46, 0x1A, 0x88, 0x33, 0x88, 0x24, 0x04, 0x24, 0x14
	.byte 0xE3, 0x18, 0x1B, 0x04, 0x1B, 0x14, 0x01, 0x20, 0xFE, 0xF7, 0xA0, 0xFE, 0x02, 0xA8, 0x00, 0x22
	.byte 0x81, 0x5E, 0x53, 0x46, 0x00, 0x20, 0x1A, 0x5E, 0x28, 0x88, 0x24, 0x18, 0x24, 0x04, 0x24, 0x14
	.byte 0x02, 0x23, 0x00, 0x93, 0x01, 0x20, 0x23, 0x1C, 0xFE, 0xF7, 0xAE, 0xFE, 0x40, 0x46, 0x00, 0x90
	.byte 0x51, 0x46, 0x00, 0x22, 0x88, 0x5E, 0x01, 0x90, 0x05, 0x20, 0x39, 0x1C, 0x2A, 0x1C, 0x33, 0x1C
	.byte 0xFF, 0xF7, 0xBE, 0xFC, 0x22, 0xF7, 0x24, 0xF9, 0x4B, 0x46, 0xDC, 0x78, 0x00, 0x04, 0x00, 0x0C
	.byte 0x19, 0x79, 0x09, 0x1B, 0x01, 0x31, 0x39, 0xF0, 0x8B, 0xF9, 0x24, 0x18, 0x3A, 0x88, 0x01, 0x32
	.byte 0x12, 0x04, 0x12, 0x0C, 0x33, 0x88, 0x24, 0x04, 0x24, 0x14, 0xE3, 0x18, 0x1B, 0x04, 0x1B, 0x14
	.byte 0x02, 0x20, 0x00, 0x21, 0xFE, 0xF7, 0x6A, 0xFE, 0x3A, 0x88, 0x01, 0x32, 0x12, 0x04, 0x12, 0x14
	.byte 0x28, 0x88, 0x24, 0x18, 0x24, 0x04, 0x24, 0x14, 0x02, 0x20, 0x00, 0x90, 0x00, 0x21, 0x23, 0x1C
	.byte 0xFF, 0xF7, 0x2C, 0xF8, 0x74, 0xE0, 0x00, 0x00, 0x28, 0x4F, 0x03, 0x02, 0x2A, 0x4F, 0x03, 0x02
	.byte 0xB0, 0xC7, 0x03, 0x02, 0x03, 0xAE, 0x00, 0x21, 0x88, 0x46, 0x00, 0x91, 0x52, 0x46, 0x00, 0x23
	.byte 0xD0, 0x5E, 0x01, 0x90, 0x05, 0x20, 0x39, 0x1C, 0x2A, 0x1C, 0x33, 0x1C, 0xFF, 0xF7, 0x80, 0xFC
	.byte 0x22, 0xF7, 0xE6, 0xF8, 0x32, 0x49, 0x89, 0x46, 0xCC, 0x78, 0x00, 0x04, 0x00, 0x0C, 0x09, 0x79
	.byte 0x09, 0x1B, 0x01, 0x31, 0x39, 0xF0, 0x4C, 0xF9, 0x24, 0x18, 0x0A, 0x34, 0x3A, 0x88, 0x01, 0x32
	.byte 0x12, 0x04, 0x12, 0x0C, 0x33, 0x88, 0x24, 0x04, 0x24, 0x14, 0xE3, 0x18, 0x1B, 0x04, 0x1B, 0x14
	.byte 0x01, 0x20, 0x00, 0x21, 0xFE, 0xF7, 0x2A, 0xFE, 0x3A, 0x88, 0x01, 0x32, 0x12, 0x04, 0x12, 0x14
	.byte 0x28, 0x88, 0x24, 0x18, 0x24, 0x04, 0x24, 0x14, 0x02, 0x23, 0x00, 0x93, 0x01, 0x20, 0x00, 0x21
	.byte 0x23, 0x1C, 0xFE, 0xF7, 0xEB, 0xFF, 0x40, 0x46, 0x00, 0x90, 0x51, 0x46, 0x00, 0x22, 0x88, 0x5E
	.byte 0x01, 0x90, 0x03, 0x20, 0x02, 0xA9, 0x2A, 0x1C, 0x33, 0x1C, 0xFF, 0xF7, 0xED, 0xFB, 0x22, 0xF7
	.byte 0xAF, 0xF8, 0x4B, 0x46, 0xDC, 0x78, 0x00, 0x04, 0x00, 0x0C, 0x19, 0x79, 0x09, 0x1B, 0x01, 0x31
	.byte 0x39, 0xF0, 0x16, 0xF9, 0x24, 0x18, 0x02, 0xA8, 0x01, 0x88, 0x50, 0x46, 0x02, 0x88, 0x33, 0x88
	.byte 0x24, 0x04, 0x24, 0x14, 0xE3, 0x18, 0x1B, 0x04, 0x1B, 0x14, 0x02, 0x20, 0xFE, 0xF7, 0xF6, 0xFD
	.byte 0x02, 0xA8, 0x00, 0x22, 0x81, 0x5E, 0x53, 0x46, 0x00, 0x20, 0x1A, 0x5E, 0x28, 0x88, 0x24, 0x18
	.byte 0x24, 0x04, 0x24, 0x14, 0x02, 0x23, 0x00, 0x93, 0x02, 0x20, 0x23, 0x1C, 0xFE, 0xF7, 0x04, 0xFE
	.byte 0x04, 0xB0, 0x38, 0xBC, 0x98, 0x46, 0xA1, 0x46, 0xAA, 0x46, 0xF0, 0xBC, 0x01, 0xBC, 0x00, 0x47
	.byte 0xB0, 0xC7, 0x03, 0x02, 0xF0, 0xB5, 0x57, 0x46, 0x4E, 0x46, 0x45, 0x46, 0xE0, 0xB4, 0x84, 0xB0
	.byte 0x22, 0xF7, 0x76, 0xF8, 0x00, 0x04, 0x00, 0x0C, 0x54, 0x49, 0x8A, 0x46, 0x0C, 0x88, 0x21, 0x1C
	.byte 0x09, 0x39, 0x39, 0xF0, 0xDD, 0xF8, 0x06, 0x30, 0x00, 0x04, 0x00, 0x14, 0x24, 0x1A, 0xE1, 0x0F
	.byte 0x64, 0x18, 0xE4, 0x03, 0x24, 0x0C, 0x02, 0xA9, 0x0C, 0x80, 0x24, 0x04, 0x24, 0x14, 0x24, 0x18
	.byte 0x6F, 0x46, 0x0E, 0x37, 0x3C, 0x80, 0x4A, 0x48, 0x00, 0x88, 0x80, 0x08, 0x6D, 0x46, 0x0A, 0x35
	.byte 0x28, 0x80, 0x08, 0x1C, 0x01, 0x88, 0x3A, 0x88, 0x00, 0x20, 0x00, 0x23, 0xFE, 0xF7, 0xAE, 0xFD
	.byte 0x02, 0xA8, 0x00, 0x22, 0x81, 0x5E, 0x00, 0x23, 0xFA, 0x5E, 0x00, 0x20, 0x2B, 0x5E, 0x03, 0x20
	.byte 0x00, 0x90, 0x00, 0x20, 0xFE, 0xF7, 0xC0, 0xFD, 0x22, 0xF7, 0x42, 0xF8, 0x00, 0x04, 0x00, 0x0C
	.byte 0x64, 0x21, 0x39, 0xF0, 0x51, 0xF9, 0x00, 0x04, 0x00, 0x0C, 0x31, 0x28, 0x74, 0xD8, 0x03, 0xAE
	.byte 0x00, 0x21, 0x88, 0x46, 0x00, 0x91, 0x52, 0x46, 0x00, 0x23, 0xD0, 0x5E, 0x01, 0x90, 0x03, 0x20
	.byte 0x02, 0xA9, 0x2A, 0x1C, 0x33, 0x1C, 0xFF, 0xF7, 0x67, 0xFB, 0x22, 0xF7, 0x29, 0xF8, 0x31, 0x49
	.byte 0x89, 0x46, 0xCC, 0x78, 0x00, 0x04, 0x00, 0x0C, 0x09, 0x79, 0x09, 0x1B, 0x01, 0x31, 0x39, 0xF0
	.byte 0x8F, 0xF8, 0x24, 0x18, 0x02, 0xA8, 0x01, 0x88, 0x53, 0x46, 0x1A, 0x88, 0x33, 0x88, 0x24, 0x04
	.byte 0x24, 0x14, 0xE3, 0x18, 0x1B, 0x04, 0x1B, 0x14, 0x01, 0x20, 0xFE, 0xF7, 0x6F, 0xFD, 0x02, 0xA8
	.byte 0x00, 0x22, 0x81, 0x5E, 0x53, 0x46, 0x00, 0x20, 0x1A, 0x5E, 0x28, 0x88, 0x24, 0x18, 0x24, 0x04
	.byte 0x24, 0x14, 0x03, 0x23, 0x00, 0x93, 0x01, 0x20, 0x23, 0x1C, 0xFE, 0xF7, 0x7D, 0xFD, 0x40, 0x46
	.byte 0x00, 0x90, 0x51, 0x46, 0x00, 0x22, 0x88, 0x5E, 0x01, 0x90, 0x05, 0x20, 0x39, 0x1C, 0x2A, 0x1C
	.byte 0x33, 0x1C, 0xFF, 0xF7, 0x8D, 0xFB, 0x21, 0xF7, 0xF3, 0xFF, 0x4B, 0x46, 0xDC, 0x78, 0x00, 0x04
	.byte 0x00, 0x0C, 0x19, 0x79, 0x09, 0x1B, 0x01, 0x31, 0x39, 0xF0, 0x5A, 0xF8, 0x24, 0x18, 0x3A, 0x88
	.byte 0x01, 0x32, 0x12, 0x04, 0x12, 0x0C, 0x33, 0x88, 0x24, 0x04, 0x24, 0x14, 0xE3, 0x18, 0x1B, 0x04
	.byte 0x1B, 0x14, 0x02, 0x20, 0x00, 0x21, 0xFE, 0xF7, 0x39, 0xFD, 0x3A, 0x88, 0x01, 0x32, 0x12, 0x04
	.byte 0x12, 0x14, 0x28, 0x88, 0x24, 0x18, 0x24, 0x04, 0x24, 0x14, 0x03, 0x20, 0x00, 0x90, 0x02, 0x20
	.byte 0x00, 0x21, 0x23, 0x1C, 0xFE, 0xF7, 0xFA, 0xFE, 0x73, 0xE0, 0x00, 0x00, 0x28, 0x4F, 0x03, 0x02
	.byte 0x2A, 0x4F, 0x03, 0x02, 0xB0, 0xC7, 0x03, 0x02, 0x03, 0xAE, 0x00, 0x21, 0x88, 0x46, 0x00, 0x91
	.byte 0x52, 0x46, 0x00, 0x23, 0xD0, 0x5E, 0x01, 0x90, 0x05, 0x20, 0x39, 0x1C, 0x2A, 0x1C, 0x33, 0x1C
	.byte 0xFF, 0xF7, 0x4E, 0xFB, 0x21, 0xF7, 0xB4, 0xFF, 0x32, 0x49, 0x89, 0x46, 0xCC, 0x78, 0x00, 0x04
	.byte 0x00, 0x0C, 0x09, 0x79, 0x09, 0x1B, 0x01, 0x31, 0x39, 0xF0, 0x1A, 0xF8, 0x24, 0x18, 0x3A, 0x88
	.byte 0x01, 0x32, 0x12, 0x04, 0x12, 0x0C, 0x33, 0x88, 0x24, 0x04, 0x24, 0x14, 0xE3, 0x18, 0x1B, 0x04
	.byte 0x1B, 0x14, 0x01, 0x20, 0x00, 0x21, 0xFE, 0xF7, 0xF9, 0xFC, 0x3A, 0x88, 0x01, 0x32, 0x12, 0x04
	.byte 0x12, 0x14, 0x28, 0x88, 0x24, 0x18, 0x24, 0x04, 0x24, 0x14, 0x03, 0x23, 0x00, 0x93, 0x01, 0x20
	.byte 0x00, 0x21, 0x23, 0x1C, 0xFE, 0xF7, 0xBA, 0xFE, 0x40, 0x46, 0x00, 0x90, 0x51, 0x46, 0x00, 0x22
	.byte 0x88, 0x5E, 0x01, 0x90, 0x03, 0x20, 0x02, 0xA9, 0x2A, 0x1C, 0x33, 0x1C, 0xFF, 0xF7, 0xBC, 0xFA
	.byte 0x21, 0xF7, 0x7E, 0xFF, 0x4B, 0x46, 0xDC, 0x78, 0x00, 0x04, 0x00, 0x0C, 0x19, 0x79, 0x09, 0x1B
	.byte 0x01, 0x31, 0x38, 0xF0, 0xE5, 0xFF, 0x24, 0x18, 0x02, 0xA8, 0x01, 0x88, 0x50, 0x46, 0x02, 0x88
	.byte 0x33, 0x88, 0x24, 0x04, 0x24, 0x14, 0xE3, 0x18, 0x1B, 0x04, 0x1B, 0x14, 0x02, 0x20, 0xFE, 0xF7
	.byte 0xC5, 0xFC, 0x02, 0xA8, 0x00, 0x22, 0x81, 0x5E, 0x53, 0x46, 0x00, 0x20, 0x1A, 0x5E, 0x28, 0x88
	.byte 0x24, 0x18, 0x24, 0x04, 0x24, 0x14, 0x03, 0x23, 0x00, 0x93, 0x02, 0x20, 0x23, 0x1C, 0xFE, 0xF7
	.byte 0xD3, 0xFC, 0x04, 0xB0, 0x38, 0xBC, 0x98, 0x46, 0xA1, 0x46, 0xAA, 0x46, 0xF0, 0xBC, 0x01, 0xBC
	.byte 0x00, 0x47, 0x00, 0x00, 0xB0, 0xC7, 0x03, 0x02, 0xF0, 0xB5, 0x47, 0x46, 0x80, 0xB4, 0x84, 0xB0
	.byte 0x31, 0x4F, 0x3C, 0x88, 0xA0, 0x00, 0x00, 0x19, 0x41, 0x03, 0x09, 0x14, 0x64, 0x1A, 0xE0, 0x0F
	.byte 0x24, 0x18, 0xE4, 0x03, 0x24, 0x0C, 0x02, 0xA8, 0x04, 0x80, 0x24, 0x04, 0x24, 0x14, 0x64, 0x18
	.byte 0x2A, 0x48, 0x00, 0x88, 0x80, 0x08, 0x6D, 0x46, 0x0A, 0x35, 0x28, 0x80, 0x02, 0xA8, 0x01, 0x88
	.byte 0x24, 0x04, 0x22, 0x0C, 0x00, 0x20, 0x00, 0x23, 0xFE, 0xF7, 0x88, 0xFC, 0x02, 0xA8, 0x00, 0x22
	.byte 0x81, 0x5E, 0x24, 0x14, 0x00, 0x20, 0x2B, 0x5E, 0x03, 0x22, 0x90, 0x46, 0x00, 0x92, 0x00, 0x20
	.byte 0x22, 0x1C, 0xFE, 0xF7, 0x99, 0xFC, 0x03, 0xAE, 0x00, 0x20, 0x00, 0x90, 0x00, 0x21, 0x78, 0x5E
	.byte 0x01, 0x90, 0x03, 0x20, 0x02, 0xA9, 0x2A, 0x1C, 0x33, 0x1C, 0xFF, 0xF7, 0x4D, 0xFA, 0x21, 0xF7
	.byte 0x0F, 0xFF, 0x17, 0x49, 0xCC, 0x78, 0x00, 0x04, 0x00, 0x0C, 0x09, 0x79, 0x09, 0x1B, 0x01, 0x31
	.byte 0x38, 0xF0, 0x76, 0xFF, 0x24, 0x18, 0x3A, 0x88, 0x33, 0x88, 0x24, 0x04, 0x24, 0x14, 0xE3, 0x18
	.byte 0x1B, 0x04, 0x1B, 0x14, 0x01, 0x20, 0x00, 0x21, 0xFE, 0xF7, 0x58, 0xFC, 0x00, 0x20, 0x3A, 0x5E
	.byte 0x02, 0xA8, 0x00, 0x21, 0x43, 0x5E, 0x28, 0x88, 0x24, 0x18, 0x24, 0x04, 0x24, 0x14, 0x00, 0x94
	.byte 0x40, 0x46, 0x01, 0x90, 0x01, 0x20, 0x00, 0x21, 0xFE, 0xF7, 0xCC, 0xFF, 0x04, 0xB0, 0x08, 0xBC
	.byte 0x98, 0x46, 0xF0, 0xBC, 0x01, 0xBC, 0x00, 0x47, 0x28, 0x4F, 0x03, 0x02, 0x2A, 0x4F, 0x03, 0x02
	.byte 0xB0, 0xC7, 0x03, 0x02
	thumb_func_start func_080E47E8
func_080E47E8: @ 080E47E8
	push {r4, r5, r6, r7, lr}
	mov r7, r10
	mov r6, r9
	mov r5, r8
	push {r5, r6, r7}
	add sp, #-0x010
	lsls r0, r0, #0x18
	lsls r1, r1, #0x18
	lsrs r1, r1, #0x18
	str r1, [sp, #0x00C]
	lsrs r6, r0, #0x18
	cmp r6, r1
	bge _080E48EA
	mov r7, sp
	adds r7, #0x06
	add r0, sp, #0x008
	mov r10, r0
	movs r1, #0x0A
	add r1, sp
	mov r9, r1
	add r2, sp, #0x004
	mov r8, r2
_080E4814:
	add r0, sp, #0x004
	adds r1, r7, #0x0
	mov r2, r10
	mov r3, r9
	bl func_080E3D80
	lsls r0, r0, #0x18
	lsrs r0, r0, #0x18
	cmp r0, #0x01
	beq _080E482E
	cmp r0, #0x02
	beq _080E488C
	b _080E48EA
_080E482E:
	bl func_080065A4
	ldr r3, _080E4888 @ =0x0203C7B0
	ldrb r4, [r3, #0x03]
	lsls r0, r0, #0x10
	lsrs r0, r0, #0x10
	ldrb r1, [r3, #0x04]
	subs r1, r1, r4
	adds r1, #0x01
	bl func_0811D684
	adds r4, r4, r0
	lsls r5, r6, #0x18
	lsrs r5, r5, #0x18
	mov r0, r8
	ldrh r1, [r0, #0x00]
	ldrh r2, [r7, #0x00]
	mov r0, r9
	ldrh r3, [r0, #0x00]
	lsls r4, r4, #0x10
	asrs r4, r4, #0x10
	adds r3, r4, r3
	lsls r3, r3, #0x10
	asrs r3, r3, #0x10
	adds r0, r5, #0x0
	bl func_080E3060
	mov r2, r8
	movs r3, #0x00
	ldsh r1, [r2, r3]
	movs r0, #0x00
	ldsh r2, [r7, r0]
	mov r3, r10
	ldrh r0, [r3, #0x00]
	adds r4, r4, r0
	lsls r4, r4, #0x10
	asrs r4, r4, #0x10
	movs r0, #0x00
	str r0, [sp, #0x000]
	adds r0, r5, #0x0
	adds r3, r4, #0x0
	bl func_080E309C
	b _080E48E2
	.byte 0x00, 0x00
_080E4888: .4byte 0x0203C7B0
_080E488C:
	bl func_080065A4
	ldr r1, _080E48FC @ =0x0203C7B0
	ldrb r4, [r1, #0x03]
	lsls r0, r0, #0x10
	lsrs r0, r0, #0x10
	ldrb r1, [r1, #0x04]
	subs r1, r1, r4
	adds r1, #0x01
	bl func_0811D684
	adds r4, r4, r0
	lsls r5, r6, #0x18
	lsrs r5, r5, #0x18
	mov r2, r8
	ldrh r1, [r2, #0x00]
	ldrh r2, [r7, #0x00]
	mov r0, r9
	ldrh r3, [r0, #0x00]
	lsls r4, r4, #0x10
	asrs r4, r4, #0x10
	adds r3, r4, r3
	lsls r3, r3, #0x10
	asrs r3, r3, #0x10
	adds r0, r5, #0x0
	bl func_080E3060
	mov r2, r8
	movs r3, #0x00
	ldsh r1, [r2, r3]
	movs r0, #0x00
	ldsh r2, [r7, r0]
	mov r3, r10
	ldrh r0, [r3, #0x00]
	adds r4, r4, r0
	lsls r4, r4, #0x10
	asrs r4, r4, #0x10
	movs r0, #0x00
	str r0, [sp, #0x000]
	adds r0, r5, #0x0
	adds r3, r4, #0x0
	bl func_080E3400
_080E48E2:
	adds r6, #0x01
	ldr r0, [sp, #0x00C]
	cmp r6, r0
	blt _080E4814
_080E48EA:
	add sp, #0x010
	pop {r3, r4, r5}
	mov r8, r3
	mov r9, r4
	mov r10, r5
	pop {r4, r5, r6, r7}
	pop {r0}
	bx r0
	.byte 0x00, 0x00
_080E48FC: .4byte 0x0203C7B0
	.byte 0x10, 0xB5, 0x81, 0xB0, 0x04, 0x48, 0x00, 0x78, 0x07, 0x28, 0x5D, 0xD8, 0x80, 0x00, 0x03, 0x49
	.byte 0x40, 0x18, 0x00, 0x68, 0x87, 0x46, 0x00, 0x00, 0xB0, 0xC7, 0x03, 0x02, 0x20, 0x49, 0x0E, 0x08
	.byte 0x40, 0x49, 0x0E, 0x08, 0x6C, 0x49, 0x0E, 0x08, 0x72, 0x49, 0x0E, 0x08, 0xC8, 0x49, 0x0E, 0x08
	.byte 0x78, 0x49, 0x0E, 0x08, 0x7E, 0x49, 0x0E, 0x08, 0x8C, 0x49, 0x0E, 0x08, 0x92, 0x49, 0x0E, 0x08
	.byte 0x08, 0x4C, 0x22, 0x88, 0x00, 0x20, 0x00, 0x21, 0x00, 0x23, 0xFE, 0xF7, 0x89, 0xFB, 0x00, 0x20
	.byte 0x22, 0x5E, 0x05, 0x48, 0x03, 0x88, 0x9B, 0x08, 0x00, 0x20, 0x00, 0x90, 0x00, 0x21, 0xFE, 0xF7
	.byte 0x9D, 0xFB, 0x37, 0xE0, 0x28, 0x4F, 0x03, 0x02, 0x2A, 0x4F, 0x03, 0x02, 0xFF, 0xF7, 0xC6, 0xFA
	.byte 0x30, 0xE0, 0xFF, 0xF7, 0x2F, 0xFB, 0x2D, 0xE0, 0xFF, 0xF7, 0x64, 0xFC, 0x01, 0xE0, 0xFF, 0xF7
	.byte 0x93, 0xFD, 0x03, 0x20, 0x04, 0x21, 0xFF, 0xF7, 0x2F, 0xFF, 0x23, 0xE0, 0xFF, 0xF7, 0xBE, 0xFE
	.byte 0x20, 0xE0, 0x0B, 0x4C, 0x22, 0x88, 0x00, 0x20, 0x00, 0x21, 0x00, 0x23, 0xFE, 0xF7, 0x60, 0xFB
	.byte 0x00, 0x20, 0x22, 0x5E, 0x07, 0x48, 0x03, 0x88, 0x9B, 0x08, 0x03, 0x20, 0x00, 0x90, 0x00, 0x20
	.byte 0x00, 0x21, 0xFE, 0xF7, 0x73, 0xFB, 0x01, 0x20, 0x0C, 0x21, 0xFF, 0xF7, 0x15, 0xFF, 0x09, 0xE0
	.byte 0x28, 0x4F, 0x03, 0x02, 0x2A, 0x4F, 0x03, 0x02, 0xFF, 0xF7, 0x04, 0xFB, 0x03, 0x20, 0x0C, 0x21
	.byte 0xFF, 0xF7, 0x0A, 0xFF, 0x01, 0xB0, 0x10, 0xBC, 0x01, 0xBC, 0x00, 0x47, 0xF0, 0xB5, 0x47, 0x46
	.byte 0x80, 0xB4, 0x46, 0x4C, 0x46, 0x4B, 0x47, 0x4A, 0x12, 0x79, 0x92, 0x00, 0xD2, 0x18, 0x12, 0x68
	.byte 0x22, 0x60, 0x45, 0x4F, 0x38, 0x80, 0x45, 0x4E, 0x31, 0x80, 0x45, 0x4C, 0xC0, 0x20, 0x40, 0x01
	.byte 0x1B, 0xF7, 0x8A, 0xFF, 0x20, 0x60, 0x43, 0x48, 0x00, 0x78, 0x00, 0x28, 0x68, 0xD1, 0x42, 0x4D
	.byte 0xC0, 0x20, 0x40, 0x02, 0x1B, 0xF7, 0x80, 0xFF, 0x28, 0x60, 0x40, 0x4C, 0x90, 0x20, 0x40, 0x00
	.byte 0x1B, 0xF7, 0x7A, 0xFF, 0x20, 0x60, 0x3E, 0x4C, 0x20, 0x20, 0x1B, 0xF7, 0x75, 0xFF, 0x20, 0x60
	.byte 0x39, 0x88, 0x30, 0x88, 0x0E, 0x1C, 0x46, 0x43, 0x00, 0x23, 0xB3, 0x42, 0x1C, 0xDA, 0x2C, 0x1C
	.byte 0x00, 0x27, 0x00, 0x25, 0x0B, 0x20, 0x84, 0x46, 0x20, 0x68, 0x5A, 0x01, 0x10, 0x18, 0x05, 0x80
	.byte 0x61, 0x46, 0x81, 0x70, 0x20, 0x68, 0x10, 0x18, 0x07, 0x21, 0xC1, 0x70, 0x20, 0x68, 0x10, 0x18
	.byte 0x07, 0x71, 0x20, 0x68, 0x10, 0x18, 0x47, 0x71, 0x20, 0x68, 0x12, 0x18, 0x55, 0x61, 0x95, 0x61
	.byte 0xD5, 0x61, 0x01, 0x33, 0xB3, 0x42, 0xE7, 0xDB, 0x28, 0x4C, 0x00, 0x27, 0xBC, 0x46, 0x00, 0x22
	.byte 0x80, 0x25, 0x6D, 0x03, 0x00, 0x21, 0x0B, 0x20, 0x80, 0x46, 0x26, 0x4E, 0x0B, 0x23, 0x20, 0x68
	.byte 0x08, 0x18, 0x02, 0x80, 0x42, 0x80, 0x45, 0x60, 0x67, 0x46, 0x07, 0x72, 0x20, 0x68, 0x08, 0x18
	.byte 0x42, 0x81, 0x82, 0x81, 0x47, 0x46, 0x87, 0x73, 0x20, 0x68, 0x08, 0x18, 0x06, 0x61, 0x45, 0x61
	.byte 0x18, 0x31, 0x01, 0x3B, 0x00, 0x2B, 0xEA, 0xDA, 0xFF, 0xF7, 0x22, 0xFF, 0xFC, 0xF7, 0xDA, 0xFB
	.byte 0xFD, 0xF7, 0x2E, 0xFD, 0xFE, 0xF7, 0x5C, 0xF9, 0xFC, 0xF7, 0x02, 0xFD, 0xFC, 0xF7, 0x70, 0xFC
	.byte 0xFC, 0xF7, 0xCE, 0xFD, 0xFD, 0xF7, 0xE2, 0xFC, 0xFC, 0xF7, 0x2E, 0xFB, 0xFE, 0xF7, 0xDC, 0xF8
	.byte 0x11, 0x48, 0x01, 0x68, 0x11, 0x48, 0x00, 0x88, 0x08, 0x81, 0x11, 0x48, 0x00, 0x88, 0x48, 0x81
	.byte 0x08, 0xBC, 0x98, 0x46, 0xF0, 0xBC, 0x01, 0xBC, 0x00, 0x47, 0x00, 0x00, 0x34, 0x4F, 0x03, 0x02
	.byte 0xD0, 0x70, 0xEF, 0x09, 0x90, 0xC5, 0x03, 0x02, 0x28, 0x4F, 0x03, 0x02, 0x2A, 0x4F, 0x03, 0x02
	.byte 0x30, 0x4F, 0x03, 0x02, 0xB0, 0x9B, 0x03, 0x02, 0x1C, 0x4F, 0x03, 0x02, 0x20, 0x4F, 0x03, 0x02
	.byte 0x24, 0x4F, 0x03, 0x02, 0x00, 0x00, 0xF0, 0xFF, 0xAC, 0xC7, 0x03, 0x02, 0x2C, 0x4F, 0x03, 0x02
	.byte 0x2E, 0x4F, 0x03, 0x02, 0x00, 0xB5, 0x0B, 0x48, 0x00, 0x68, 0x1B, 0xF7, 0x43, 0xFF, 0x0A, 0x48
	.byte 0x00, 0x78, 0x00, 0x28, 0x0B, 0xD1, 0x09, 0x48, 0x00, 0x68, 0x1B, 0xF7, 0x3B, 0xFF, 0x08, 0x48
	.byte 0x00, 0x68, 0x1B, 0xF7, 0x37, 0xFF, 0x07, 0x48, 0x00, 0x68, 0x1B, 0xF7, 0x33, 0xFF, 0x01, 0xBC
	.byte 0x00, 0x47, 0x00, 0x00, 0x30, 0x4F, 0x03, 0x02, 0xB0, 0x9B, 0x03, 0x02, 0x1C, 0x4F, 0x03, 0x02
	.byte 0x20, 0x4F, 0x03, 0x02, 0x24, 0x4F, 0x03, 0x02
	thumb_func_start func_080E4B78
func_080E4B78: @ 080E4B78
	push {r4, r5, r6, r7, lr}
	mov r7, r10
	mov r6, r9
	mov r5, r8
	push {r5, r6, r7}
	add sp, #-0x028
	ldr r2, _080E4BC0 @ =0x02034F30
	ldr r2, [r2, #0x00]
	str r2, [sp, #0x004]
	movs r3, #0x80
	lsls r3, r3, #0x04
	adds r3, r2, r3
	str r3, [sp, #0x008]
	movs r4, #0x80
	lsls r4, r4, #0x05
	adds r4, r2, r4
	str r4, [sp, #0x00C]
	lsls r0, r0, #0x10
	ldr r2, _080E4BC4 @ =0xFFFF0000
	adds r0, r0, r2
	lsrs r0, r0, #0x10
	str r0, [sp, #0x000]
	lsls r1, r1, #0x10
	adds r1, r1, r2
	lsrs r0, r1, #0x10
	movs r2, #0x00
_080E4BAC:
	lsls r0, r0, #0x10
	asrs r1, r0, #0x10
	str r0, [sp, #0x024]
	cmp r1, #0x00
	bge _080E4BC8
	adds r0, r1, #0x0
	subs r0, #0x08
	lsrs r1, r0, #0x1F
	adds r0, r0, r1
	b _080E4BCE
_080E4BC0: .4byte 0x02034F30
_080E4BC4: .4byte 0xFFFF0000
_080E4BC8:
	ldr r3, [sp, #0x024]
	lsrs r0, r3, #0x1F
	adds r0, r1, r0
_080E4BCE:
	lsls r0, r0, #0x0F
	lsrs r0, r0, #0x10
	str r0, [sp, #0x010]
	ldr r4, [sp, #0x024]
	asrs r1, r4, #0x10
	lsrs r0, r4, #0x1F
	adds r0, r1, r0
	asrs r0, r0, #0x01
	lsls r0, r0, #0x01
	subs r0, r1, r0
	lsls r0, r0, #0x10
	lsrs r0, r0, #0x10
	str r0, [sp, #0x014]
	movs r0, #0x1F
	ands r0, r1
	str r0, [sp, #0x018]
	ldr r0, [sp, #0x000]
	adds r2, #0x01
	str r2, [sp, #0x020]
	ldr r1, [sp, #0x018]
	lsls r1, r1, #0x05
	mov r10, r1
	movs r2, #0x1F
	str r2, [sp, #0x01C]
_080E4BFE:
	lsls r0, r0, #0x10
	asrs r1, r0, #0x10
	mov r9, r0
	cmp r1, #0x00
	bge _080E4C16
	adds r0, r1, #0x0
	subs r0, #0x08
	cmp r0, #0x00
	bge _080E4C12
	subs r0, r1, #0x5
_080E4C12:
	lsls r0, r0, #0x0E
	b _080E4C1C
_080E4C16:
	mov r3, r9
	asrs r0, r3, #0x12
	lsls r0, r0, #0x10
_080E4C1C:
	lsrs r2, r0, #0x10
	mov r4, r9
	asrs r1, r4, #0x10
	adds r0, r1, #0x0
	cmp r1, #0x00
	bge _080E4C2A
	adds r0, r1, #0x3
_080E4C2A:
	asrs r0, r0, #0x02
	lsls r0, r0, #0x02
	subs r0, r1, r0
	lsls r0, r0, #0x10
	lsrs r6, r0, #0x10
	movs r5, #0x1F
	ands r5, r1
	lsls r0, r2, #0x10
	asrs r0, r0, #0x10
	ldr r2, [sp, #0x010]
	lsls r1, r2, #0x10
	asrs r1, r1, #0x10
	bl func_080E08BC
	adds r7, r0, #0x0
	cmp r7, #0x00
	beq _080E4CC8
	adds r0, r5, #0x0
	mov r3, r10
	orrs r0, r3
	lsls r4, r0, #0x01
	ldr r0, [sp, #0x004]
	adds r0, r0, r4
	mov r12, r0
	ldr r1, [sp, #0x014]
	lsls r2, r1, #0x10
	lsls r3, r6, #0x10
	asrs r1, r3, #0x10
	asrs r0, r2, #0x0B
	adds r0, r0, r1
	ldr r1, [r7, #0x14]
	lsls r6, r0, #0x01
	adds r1, r6, r1
	ldrh r0, [r1, #0x00]
	mov r1, r12
	strh r0, [r1, #0x00]
	ldr r1, [r7, #0x18]
	ldr r0, [sp, #0x018]
	lsls r0, r0, #0x10
	mov r12, r0
	lsls r5, r5, #0x10
	mov r8, r2
	adds r2, r3, #0x0
	cmp r1, #0x00
	beq _080E4C8E
	ldr r3, [sp, #0x008]
	adds r0, r4, r3
	adds r1, r6, r1
	ldrh r1, [r1, #0x00]
	b _080E4C92
_080E4C8E:
	ldr r3, [sp, #0x008]
	adds r0, r4, r3
_080E4C92:
	strh r1, [r0, #0x00]
	ldr r3, [r7, #0x1C]
	cmp r3, #0x00
	beq _080E4CB6
	asrs r0, r5, #0x10
	mov r4, r12
	lsrs r1, r4, #0x0B
	adds r1, r1, r0
	lsls r1, r1, #0x01
	ldr r0, [sp, #0x00C]
	adds r1, r1, r0
	asrs r2, r2, #0x10
	mov r4, r8
	asrs r0, r4, #0x0B
	adds r0, r0, r2
	lsls r0, r0, #0x01
	adds r0, r0, r3
	b _080E4CF4
_080E4CB6:
	asrs r1, r5, #0x10
	mov r2, r12
	lsrs r0, r2, #0x0B
	adds r0, r0, r1
	lsls r0, r0, #0x01
	ldr r4, [sp, #0x00C]
	adds r0, r0, r4
	strh r3, [r0, #0x00]
	b _080E4CF8
_080E4CC8:
	mov r0, r10
	orrs r5, r0
	lsls r1, r5, #0x01
	ldr r2, [sp, #0x004]
	adds r0, r1, r2
	strh r7, [r0, #0x00]
	ldr r4, [sp, #0x008]
	adds r3, r1, r4
	ldr r0, _080E4D64 @ =0x02034F34
	ldr r2, [r0, #0x00]
	ldr r0, [r2, #0x1C]
	movs r4, #0xD0
	lsls r4, r4, #0x03
	adds r0, r0, r4
	ldrh r0, [r0, #0x00]
	strh r0, [r3, #0x00]
	ldr r0, [sp, #0x00C]
	adds r1, r1, r0
	ldr r0, [r2, #0x20]
	movs r2, #0x88
	lsls r2, r2, #0x02
	adds r0, r0, r2
_080E4CF4:
	ldrh r0, [r0, #0x00]
	strh r0, [r1, #0x00]
_080E4CF8:
	movs r0, #0x80
	lsls r0, r0, #0x09
	add r0, r9
	lsrs r0, r0, #0x10
	ldr r3, [sp, #0x01C]
	subs r3, #0x01
	str r3, [sp, #0x01C]
	cmp r3, #0x00
	blt _080E4D0C
	b _080E4BFE
_080E4D0C:
	ldr r4, [sp, #0x024]
	movs r1, #0x80
	lsls r1, r1, #0x09
	adds r0, r4, r1
	lsrs r0, r0, #0x10
	ldr r2, [sp, #0x020]
	cmp r2, #0x1F
	bgt _080E4D1E
	b _080E4BAC
_080E4D1E:
	movs r0, #0x03
	bl func_0800514C
	adds r1, r0, #0x0
	movs r5, #0x80
	lsls r5, r5, #0x04
	ldr r0, [sp, #0x004]
	adds r2, r5, #0x0
	bl func_080043B4
	movs r0, #0x02
	bl func_0800514C
	adds r1, r0, #0x0
	ldr r0, [sp, #0x008]
	adds r2, r5, #0x0
	bl func_080043B4
	movs r0, #0x01
	bl func_0800514C
	adds r1, r0, #0x0
	ldr r0, [sp, #0x00C]
	adds r2, r5, #0x0
	bl func_080043B4
	add sp, #0x028
	pop {r3, r4, r5}
	mov r8, r3
	mov r9, r4
	mov r10, r5
	pop {r4, r5, r6, r7}
	pop {r0}
	bx r0
	.byte 0x00, 0x00
_080E4D64: .4byte 0x02034F34
	.byte 0xF0, 0xB5, 0x57, 0x46, 0x4E, 0x46, 0x45, 0x46, 0xE0, 0xB4, 0x84, 0xB0, 0x0C, 0x4A, 0x12, 0x68
	.byte 0x80, 0x23, 0x5B, 0x01, 0x9B, 0x18, 0x99, 0x46, 0x00, 0x04, 0x0A, 0x4A, 0x80, 0x18, 0x00, 0x0C
	.byte 0x00, 0x90, 0x09, 0x04, 0x89, 0x18, 0x08, 0x0C, 0x00, 0x24, 0x00, 0x04, 0x01, 0x14, 0x80, 0x46
	.byte 0x00, 0x29, 0x09, 0xDA, 0x08, 0x1C, 0x08, 0x38, 0xC1, 0x0F, 0x40, 0x18, 0x07, 0xE0, 0x00, 0x00
	.byte 0x30, 0x4F, 0x03, 0x02, 0x00, 0x00, 0xFF, 0xFF, 0x43, 0x46, 0xD8, 0x0F, 0x08, 0x18, 0xC0, 0x03
	.byte 0x00, 0x0C, 0x01, 0x90, 0x41, 0x46, 0x08, 0x14, 0xC9, 0x0F, 0x41, 0x18, 0x49, 0x10, 0x49, 0x00
	.byte 0x41, 0x1A, 0x1F, 0x22, 0x00, 0x9B, 0x01, 0x34, 0x03, 0x94, 0x02, 0x40, 0x57, 0x01, 0x1F, 0x22
	.byte 0x92, 0x46, 0x09, 0x04, 0xC9, 0x12, 0x02, 0x91, 0x18, 0x04, 0x01, 0x14, 0x06, 0x1C, 0x00, 0x29
	.byte 0x06, 0xDA, 0x08, 0x1C, 0x08, 0x38, 0x00, 0x28, 0x00, 0xDA, 0x48, 0x1F, 0x80, 0x03, 0x01, 0xE0
	.byte 0xB0, 0x14, 0x00, 0x04, 0x01, 0x0C, 0x32, 0x14, 0x10, 0x1C, 0x00, 0x2A, 0x00, 0xDA, 0xD0, 0x1C
	.byte 0x80, 0x10, 0x80, 0x00, 0x10, 0x1A, 0x00, 0x04, 0x05, 0x0C, 0x1F, 0x24, 0x14, 0x40, 0x08, 0x04
	.byte 0x00, 0x14, 0x01, 0x9B, 0x19, 0x04, 0x09, 0x14, 0xFB, 0xF7, 0x4C, 0xFD, 0x00, 0x28, 0x13, 0xD0
	.byte 0xC2, 0x69, 0x00, 0x2A, 0x0B, 0xD0, 0x3C, 0x43, 0x60, 0x00, 0x48, 0x44, 0x29, 0x04, 0x09, 0x14
	.byte 0x02, 0x9B, 0x59, 0x18, 0x49, 0x00, 0x89, 0x18, 0x09, 0x88, 0x01, 0x80, 0x0F, 0xE0, 0x3C, 0x43
	.byte 0x60, 0x00, 0x48, 0x44, 0x02, 0x80, 0x0A, 0xE0, 0x3C, 0x43, 0x61, 0x00, 0x49, 0x44, 0x15, 0x48
	.byte 0x00, 0x68, 0x00, 0x6A, 0x88, 0x22, 0x92, 0x00, 0x80, 0x18, 0x00, 0x88, 0x08, 0x80, 0x80, 0x23
	.byte 0x5B, 0x02, 0xF0, 0x18, 0x03, 0x0C, 0x01, 0x20, 0x40, 0x42, 0x82, 0x44, 0x51, 0x46, 0x00, 0x29
	.byte 0xB2, 0xDA, 0x80, 0x20, 0x40, 0x02, 0x40, 0x44, 0x00, 0x0C, 0x03, 0x9C, 0x1F, 0x2C, 0x84, 0xDD
	.byte 0x01, 0x20, 0x20, 0xF7, 0x5F, 0xF9, 0x01, 0x1C, 0x80, 0x22, 0x12, 0x01, 0x48, 0x46, 0x1F, 0xF7
	.byte 0x8D, 0xFA, 0x04, 0xB0, 0x38, 0xBC, 0x98, 0x46, 0xA1, 0x46, 0xAA, 0x46, 0xF0, 0xBC, 0x01, 0xBC
	.byte 0x00, 0x47, 0x00, 0x00, 0x34, 0x4F, 0x03, 0x02
	thumb_func_start func_080E4EB0
func_080E4EB0: @ 080E4EB0
	push {r4, r5, r6, r7, lr}
	mov r7, r10
	mov r6, r9
	mov r5, r8
	push {r5, r6, r7}
	add sp, #-0x014
	adds r4, r0, #0x0
	str r1, [sp, #0x000]
	str r2, [sp, #0x004]
	ldr r0, [sp, #0x034]
	lsls r3, r3, #0x10
	lsrs r3, r3, #0x10
	lsls r0, r0, #0x10
	lsrs r1, r0, #0x10
	lsls r0, r3, #0x10
	asrs r2, r0, #0x10
	cmp r2, #0x00
	bge _080E4EE2
	adds r0, r2, #0x0
	subs r0, #0x08
	cmp r0, #0x00
	bge _080E4EDE
	subs r0, r2, #0x5
_080E4EDE:
	lsls r0, r0, #0x0E
	b _080E4EE6
_080E4EE2:
	asrs r0, r0, #0x12
	lsls r0, r0, #0x10
_080E4EE6:
	lsrs r2, r0, #0x10
	lsls r0, r3, #0x10
	asrs r3, r0, #0x10
	adds r0, r3, #0x0
	cmp r3, #0x00
	bge _080E4EF4
	adds r0, r3, #0x3
_080E4EF4:
	asrs r0, r0, #0x02
	lsls r0, r0, #0x02
	subs r0, r3, r0
	lsls r0, r0, #0x10
	lsrs r0, r0, #0x10
	str r0, [sp, #0x008]
	lsls r2, r2, #0x10
	str r2, [sp, #0x00C]
	ldr r7, [sp, #0x004]
	ldr r0, [sp, #0x000]
	mov r10, r0
	movs r2, #0x00
	str r2, [sp, #0x010]
	mov r9, r4
_080E4F10:
	lsls r0, r1, #0x10
	asrs r1, r0, #0x10
	mov r8, r0
	cmp r1, #0x00
	bge _080E4F24
	adds r0, r1, #0x0
	subs r0, #0x08
	lsrs r1, r0, #0x1F
	adds r0, r0, r1
	b _080E4F2A
_080E4F24:
	mov r3, r8
	lsrs r0, r3, #0x1F
	adds r0, r1, r0
_080E4F2A:
	lsls r0, r0, #0x0F
	lsrs r2, r0, #0x10
	mov r5, r8
	asrs r0, r5, #0x10
	lsrs r1, r5, #0x1F
	adds r1, r0, r1
	asrs r1, r1, #0x01
	lsls r1, r1, #0x01
	subs r0, r0, r1
	lsls r0, r0, #0x10
	lsrs r5, r0, #0x10
	lsls r1, r2, #0x10
	asrs r1, r1, #0x10
	ldr r2, [sp, #0x00C]
	asrs r0, r2, #0x10
	bl func_080E08BC
	adds r4, r0, #0x0
	cmp r4, #0x00
	beq _080E4F9C
	lsls r2, r5, #0x10
	ldr r5, [sp, #0x008]
	lsls r3, r5, #0x10
	asrs r1, r3, #0x10
	asrs r0, r2, #0x0B
	adds r0, r0, r1
	ldr r1, [r4, #0x14]
	lsls r5, r0, #0x01
	adds r1, r5, r1
	ldrh r0, [r1, #0x00]
	mov r1, r9
	strh r0, [r1, #0x00]
	ldr r1, [r4, #0x18]
	adds r6, r2, #0x0
	cmp r1, #0x00
	beq _080E4F7C
	adds r0, r5, r1
	ldrh r0, [r0, #0x00]
	mov r2, r10
	strh r0, [r2, #0x00]
	b _080E4F84
_080E4F7C:
	ldr r5, [sp, #0x010]
	ldr r2, [sp, #0x000]
	adds r0, r5, r2
	strh r1, [r0, #0x00]
_080E4F84:
	ldr r2, [r4, #0x1C]
	cmp r2, #0x00
	beq _080E4F98
	asrs r0, r3, #0x10
	asrs r1, r6, #0x0B
	adds r1, r1, r0
	lsls r1, r1, #0x01
	adds r1, r1, r2
	ldrh r0, [r1, #0x00]
	b _080E4FBC
_080E4F98:
	strh r2, [r7, #0x00]
	b _080E4FBE
_080E4F9C:
	mov r3, r9
	strh r4, [r3, #0x00]
	ldr r0, _080E4FEC @ =0x02034F34
	ldr r1, [r0, #0x00]
	ldr r0, [r1, #0x1C]
	movs r5, #0xD0
	lsls r5, r5, #0x03
	adds r0, r0, r5
	ldrh r0, [r0, #0x00]
	mov r2, r10
	strh r0, [r2, #0x00]
	ldr r0, [r1, #0x20]
	movs r3, #0x88
	lsls r3, r3, #0x02
	adds r0, r0, r3
	ldrh r0, [r0, #0x00]
_080E4FBC:
	strh r0, [r7, #0x00]
_080E4FBE:
	movs r0, #0x80
	lsls r0, r0, #0x09
	add r0, r8
	lsrs r1, r0, #0x10
	adds r7, #0x02
	movs r5, #0x02
	add r10, r5
	ldr r0, [sp, #0x010]
	adds r0, #0x02
	str r0, [sp, #0x010]
	add r9, r5
	ldr r0, [sp, #0x004]
	adds r0, #0x3E
	cmp r7, r0
	ble _080E4F10
	add sp, #0x014
	pop {r3, r4, r5}
	mov r8, r3
	mov r9, r4
	mov r10, r5
	pop {r4, r5, r6, r7}
	pop {r0}
	bx r0
_080E4FEC: .4byte 0x02034F34
	thumb_func_start func_080E4FF0
func_080E4FF0: @ 080E4FF0
	push {r4, r5, r6, lr}
	mov r6, r10
	mov r5, r9
	mov r4, r8
	push {r4, r5, r6}
	add sp, #-0x004
	mov r8, r0
	adds r3, r1, #0x0
	lsls r3, r3, #0x10
	lsls r2, r2, #0x10
	movs r0, #0x40
	add r0, r8
	mov r9, r0
	movs r0, #0x80
	add r0, r8
	mov r10, r0
	lsrs r5, r3, #0x10
	asrs r3, r3, #0x10
	lsrs r4, r2, #0x10
	asrs r2, r2, #0x10
	str r2, [sp, #0x000]
	mov r0, r8
	mov r1, r9
	mov r2, r10
	bl func_080E4EB0
	movs r0, #0x03
	bl func_0800514C
	adds r1, r0, #0x0
	lsls r5, r5, #0x18
	lsrs r5, r5, #0x18
	lsls r4, r4, #0x18
	lsrs r4, r4, #0x18
	movs r6, #0x01
	str r6, [sp, #0x000]
	mov r0, r8
	adds r2, r5, #0x0
	adds r3, r4, #0x0
	bl func_080045AC
	movs r0, #0x02
	bl func_0800514C
	adds r1, r0, #0x0
	str r6, [sp, #0x000]
	mov r0, r9
	adds r2, r5, #0x0
	adds r3, r4, #0x0
	bl func_080045AC
	movs r0, #0x01
	bl func_0800514C
	adds r1, r0, #0x0
	str r6, [sp, #0x000]
	mov r0, r10
	adds r2, r5, #0x0
	adds r3, r4, #0x0
	bl func_080045AC
	add sp, #0x004
	pop {r3, r4, r5}
	mov r8, r3
	mov r9, r4
	mov r10, r5
	pop {r4, r5, r6}
	pop {r0}
	bx r0
	.byte 0x00, 0x00
	thumb_func_start func_080E507C
func_080E507C: @ 080E507C
	push {r4, r5, r6, r7, lr}
	mov r7, r10
	mov r6, r9
	mov r5, r8
	push {r5, r6, r7}
	add sp, #-0x018
	adds r4, r0, #0x0
	str r1, [sp, #0x000]
	str r2, [sp, #0x004]
	ldr r0, [sp, #0x038]
	lsls r3, r3, #0x10
	lsrs r3, r3, #0x10
	lsls r0, r0, #0x10
	lsrs r2, r0, #0x10
	lsls r0, r2, #0x10
	asrs r1, r0, #0x10
	cmp r1, #0x00
	bge _080E50AA
	adds r0, r1, #0x0
	subs r0, #0x08
	lsrs r1, r0, #0x1F
	adds r0, r0, r1
	b _080E50AE
_080E50AA:
	lsrs r0, r0, #0x1F
	adds r0, r1, r0
_080E50AE:
	lsls r0, r0, #0x0F
	lsrs r0, r0, #0x10
	str r0, [sp, #0x008]
	lsls r0, r2, #0x10
	asrs r1, r0, #0x10
	lsrs r0, r0, #0x1F
	adds r0, r1, r0
	asrs r0, r0, #0x01
	lsls r0, r0, #0x01
	subs r1, r1, r0
	lsls r1, r1, #0x10
	ldr r7, [sp, #0x004]
	ldr r0, [sp, #0x000]
	mov r10, r0
	movs r2, #0x00
	str r2, [sp, #0x014]
	mov r9, r4
	lsrs r4, r1, #0x10
	str r4, [sp, #0x00C]
	asrs r1, r1, #0x0B
	str r1, [sp, #0x010]
_080E50D8:
	lsls r0, r3, #0x10
	asrs r1, r0, #0x10
	mov r8, r0
	cmp r1, #0x00
	bge _080E50F0
	adds r0, r1, #0x0
	subs r0, #0x08
	cmp r0, #0x00
	bge _080E50EC
	subs r0, r1, #0x5
_080E50EC:
	lsls r0, r0, #0x0E
	b _080E50F6
_080E50F0:
	mov r1, r8
	asrs r0, r1, #0x12
	lsls r0, r0, #0x10
_080E50F6:
	lsrs r2, r0, #0x10
	mov r4, r8
	asrs r1, r4, #0x10
	adds r0, r1, #0x0
	cmp r1, #0x00
	bge _080E5104
	adds r0, r1, #0x3
_080E5104:
	asrs r0, r0, #0x02
	lsls r0, r0, #0x02
	subs r0, r1, r0
	lsls r0, r0, #0x10
	lsrs r4, r0, #0x10
	lsls r0, r2, #0x10
	asrs r0, r0, #0x10
	ldr r2, [sp, #0x008]
	lsls r1, r2, #0x10
	asrs r1, r1, #0x10
	bl func_080E08BC
	adds r3, r0, #0x0
	cmp r3, #0x00
	beq _080E516C
	lsls r2, r4, #0x10
	asrs r0, r2, #0x10
	ldr r4, [sp, #0x010]
	adds r0, r4, r0
	ldr r1, [r3, #0x14]
	lsls r4, r0, #0x01
	adds r1, r4, r1
	ldrh r0, [r1, #0x00]
	mov r1, r9
	strh r0, [r1, #0x00]
	ldr r1, [r3, #0x18]
	ldr r0, [sp, #0x00C]
	lsls r6, r0, #0x10
	adds r5, r2, #0x0
	cmp r1, #0x00
	beq _080E514C
	adds r0, r4, r1
	ldrh r0, [r0, #0x00]
	mov r1, r10
	strh r0, [r1, #0x00]
	b _080E5154
_080E514C:
	ldr r2, [sp, #0x014]
	ldr r4, [sp, #0x000]
	adds r0, r2, r4
	strh r1, [r0, #0x00]
_080E5154:
	ldr r2, [r3, #0x1C]
	cmp r2, #0x00
	beq _080E5168
	asrs r0, r5, #0x10
	asrs r1, r6, #0x0B
	adds r1, r1, r0
	lsls r1, r1, #0x01
	adds r1, r1, r2
	ldrh r0, [r1, #0x00]
	b _080E518C
_080E5168:
	strh r2, [r7, #0x00]
	b _080E518E
_080E516C:
	mov r0, r9
	strh r3, [r0, #0x00]
	ldr r0, _080E51BC @ =0x02034F34
	ldr r1, [r0, #0x00]
	ldr r0, [r1, #0x1C]
	movs r2, #0xD0
	lsls r2, r2, #0x03
	adds r0, r0, r2
	ldrh r0, [r0, #0x00]
	mov r4, r10
	strh r0, [r4, #0x00]
	ldr r0, [r1, #0x20]
	movs r1, #0x88
	lsls r1, r1, #0x02
	adds r0, r0, r1
	ldrh r0, [r0, #0x00]
_080E518C:
	strh r0, [r7, #0x00]
_080E518E:
	movs r0, #0x80
	lsls r0, r0, #0x09
	add r0, r8
	lsrs r3, r0, #0x10
	adds r7, #0x02
	movs r2, #0x02
	add r10, r2
	ldr r4, [sp, #0x014]
	adds r4, #0x02
	str r4, [sp, #0x014]
	add r9, r2
	ldr r0, [sp, #0x004]
	adds r0, #0x3E
	cmp r7, r0
	ble _080E50D8
	add sp, #0x018
	pop {r3, r4, r5}
	mov r8, r3
	mov r9, r4
	mov r10, r5
	pop {r4, r5, r6, r7}
	pop {r0}
	bx r0
_080E51BC: .4byte 0x02034F34
	thumb_func_start func_080E51C0
func_080E51C0: @ 080E51C0
	push {r4, r5, r6, lr}
	mov r6, r10
	mov r5, r9
	mov r4, r8
	push {r4, r5, r6}
	add sp, #-0x004
	mov r8, r0
	adds r3, r1, #0x0
	lsls r3, r3, #0x10
	lsls r2, r2, #0x10
	movs r0, #0x40
	add r0, r8
	mov r9, r0
	movs r0, #0x80
	add r0, r8
	mov r10, r0
	lsrs r5, r3, #0x10
	asrs r3, r3, #0x10
	lsrs r4, r2, #0x10
	asrs r2, r2, #0x10
	str r2, [sp, #0x000]
	mov r0, r8
	mov r1, r9
	mov r2, r10
	bl func_080E507C
	movs r0, #0x03
	bl func_0800514C
	adds r1, r0, #0x0
	lsls r5, r5, #0x18
	lsrs r5, r5, #0x18
	lsls r4, r4, #0x18
	lsrs r4, r4, #0x18
	movs r6, #0x00
	str r6, [sp, #0x000]
	mov r0, r8
	adds r2, r5, #0x0
	adds r3, r4, #0x0
	bl func_080045AC
	movs r0, #0x02
	bl func_0800514C
	adds r1, r0, #0x0
	str r6, [sp, #0x000]
	mov r0, r9
	adds r2, r5, #0x0
	adds r3, r4, #0x0
	bl func_080045AC
	movs r0, #0x01
	bl func_0800514C
	adds r1, r0, #0x0
	str r6, [sp, #0x000]
	mov r0, r10
	adds r2, r5, #0x0
	adds r3, r4, #0x0
	bl func_080045AC
	add sp, #0x004
	pop {r3, r4, r5}
	mov r8, r3
	mov r9, r4
	mov r10, r5
	pop {r4, r5, r6}
	pop {r0}
	bx r0
	.byte 0x00, 0x00
	thumb_func_start func_080E524C
func_080E524C: @ 080E524C
	push {r4, r5, r6, r7, lr}
	mov r7, r10
	mov r6, r9
	mov r5, r8
	push {r5, r6, r7}
	add sp, #-0x004
	mov r10, r0
	str r1, [sp, #0x000]
	ldr r0, _080E52E0 @ =0x02034F2E
	ldr r1, _080E52E4 @ =0x02034F2C
	ldrh r0, [r0, #0x00]
	ldrh r1, [r1, #0x00]
	subs r0, r0, r1
	lsls r0, r0, #0x10
	lsrs r0, r0, #0x10
	mov r9, r0
	bl func_080065A4
	ldr r1, _080E52E8 @ =0x02034F28
	lsls r0, r0, #0x10
	lsrs r0, r0, #0x10
	ldrh r1, [r1, #0x00]
	bl func_0811D7CC
	lsls r0, r0, #0x10
	lsrs r5, r0, #0x10
	bl func_080065A4
	lsls r0, r0, #0x10
	lsrs r0, r0, #0x10
	mov r1, r9
	bl func_0811D7CC
	lsls r0, r0, #0x10
	lsrs r6, r0, #0x10
	movs r0, #0x00
	mov r8, r0
	cmp r8, r9
	bge _080E5326
_080E529A:
	movs r7, #0x00
	ldr r0, _080E52E8 @ =0x02034F28
	ldrh r0, [r0, #0x00]
	cmp r7, r0
	bge _080E530C
_080E52A4:
	ldr r0, _080E52E4 @ =0x02034F2C
	ldrh r1, [r0, #0x00]
	adds r1, r6, r1
	lsls r1, r1, #0x10
	lsls r0, r5, #0x10
	asrs r0, r0, #0x10
	lsrs r4, r1, #0x10
	asrs r1, r1, #0x10
	bl func_080E08BC
	ldr r0, [r0, #0x00]
	ldr r1, _080E52EC @ =0x00FF0340
	ands r0, r1
	cmp r0, #0x00
	bne _080E52F0
	lsls r0, r5, #0x0D
	movs r1, #0x80
	lsls r1, r1, #0x05
	adds r0, r0, r1
	mov r2, r10
	str r0, [r2, #0x00]
	lsls r0, r4, #0x0C
	movs r1, #0x80
	lsls r1, r1, #0x04
	adds r0, r0, r1
	ldr r2, [sp, #0x000]
	str r0, [r2, #0x00]
	movs r0, #0x01
	b _080E533C
	.byte 0x00, 0x00
_080E52E0: .4byte 0x02034F2E
_080E52E4: .4byte 0x02034F2C
_080E52E8: .4byte 0x02034F28
_080E52EC: .4byte 0x00FF0340
_080E52F0:
	adds r0, r5, #0x1
	lsls r0, r0, #0x10
	lsrs r5, r0, #0x10
	ldr r0, _080E534C @ =0x02034F28
	ldrh r4, [r0, #0x00]
	adds r0, r5, #0x0
	adds r1, r4, #0x0
	bl func_0811D7CC
	lsls r0, r0, #0x10
	lsrs r5, r0, #0x10
	adds r7, #0x01
	cmp r7, r4
	blt _080E52A4
_080E530C:
	adds r0, r6, #0x1
	lsls r0, r0, #0x10
	lsrs r6, r0, #0x10
	adds r0, r6, #0x0
	mov r1, r9
	bl func_0811D7CC
	lsls r0, r0, #0x10
	lsrs r6, r0, #0x10
	movs r0, #0x01
	add r8, r0
	cmp r8, r9
	blt _080E529A
_080E5326:
	ldr r0, _080E5350 @ =0x02039BA0
	ldr r1, [r0, #0x00]
	ldr r0, [r1, #0x18]
	mov r2, r10
	str r0, [r2, #0x00]
	ldr r0, [r1, #0x1C]
	ldr r1, [r1, #0x24]
	adds r0, r0, r1
	ldr r1, [sp, #0x000]
	str r0, [r1, #0x00]
	movs r0, #0x00
_080E533C:
	add sp, #0x004
	pop {r3, r4, r5}
	mov r8, r3
	mov r9, r4
	mov r10, r5
	pop {r4, r5, r6, r7}
	pop {r1}
	bx r1
_080E534C: .4byte 0x02034F28
_080E5350: .4byte 0x02039BA0
	thumb_func_start func_080E5354
func_080E5354: @ 080E5354
	push {r4, r5, r6, r7, lr}
	mov r7, r10
	mov r6, r9
	mov r5, r8
	push {r5, r6, r7}
	add sp, #-0x00C
	str r0, [sp, #0x000]
	str r1, [sp, #0x004]
	movs r0, #0x06
	mov r10, r0
	bl func_080065A4
	lsls r0, r0, #0x10
	lsrs r0, r0, #0x10
	movs r1, #0x06
	bl func_0811D7CC
	lsls r0, r0, #0x10
	lsrs r5, r0, #0x10
	bl func_080065A4
	lsls r0, r0, #0x10
	lsrs r0, r0, #0x10
	movs r1, #0x08
	bl func_0811D7CC
	lsls r0, r0, #0x10
	lsrs r7, r0, #0x10
	movs r1, #0x00
	str r1, [sp, #0x008]
_080E5390:
	ldr r0, _080E5434 @ =0x02039BA0
	ldr r0, [r0, #0x00]
	ldr r0, [r0, #0x04]
	cmp r0, #0x00
	bge _080E539C
	adds r0, #0x0F
_080E539C:
	asrs r0, r0, #0x0C
	adds r0, #0x02
	adds r0, r7, r0
	lsls r0, r0, #0x10
	lsrs r6, r0, #0x10
	movs r0, #0x00
	mov r8, r0
	cmp r8, r10
	bge _080E5456
	lsls r0, r6, #0x0C
	movs r1, #0x80
	lsls r1, r1, #0x04
	adds r1, r1, r0
	mov r9, r1
_080E53B8:
	ldr r0, _080E5434 @ =0x02039BA0
	ldr r1, [r0, #0x00]
	ldr r0, [r1, #0x00]
	cmp r0, #0x00
	bge _080E53C4
	adds r0, #0x1F
_080E53C4:
	asrs r0, r0, #0x0D
	adds r0, #0x01
	adds r0, r5, r0
	lsls r0, r0, #0x10
	lsrs r4, r0, #0x10
	adds r3, r1, #0x0
	adds r3, #0x18
	lsls r2, r4, #0x05
	adds r0, r2, #0x0
	adds r0, #0x50
	lsls r0, r0, #0x08
	ldr r1, [r1, #0x18]
	cmp r1, r0
	bge _080E5402
	adds r0, r2, #0x0
	subs r0, #0x30
	lsls r0, r0, #0x08
	cmp r1, r0
	ble _080E5402
	lsls r2, r6, #0x04
	adds r0, r2, #0x0
	adds r0, #0x28
	lsls r0, r0, #0x08
	ldr r1, [r3, #0x04]
	cmp r1, r0
	bge _080E5402
	adds r0, r2, #0x0
	subs r0, #0x18
	lsls r0, r0, #0x08
	cmp r1, r0
	bgt _080E544E
_080E5402:
	lsls r0, r4, #0x10
	asrs r0, r0, #0x10
	lsls r1, r6, #0x10
	asrs r1, r1, #0x10
	bl func_080E08BC
	cmp r0, #0x00
	beq _080E543C
	ldr r0, [r0, #0x00]
	ldr r1, _080E5438 @ =0x00FF0340
	ands r0, r1
	cmp r0, #0x00
	bne _080E543C
	lsls r0, r4, #0x0D
	movs r1, #0x80
	lsls r1, r1, #0x05
	adds r0, r0, r1
	ldr r1, [sp, #0x000]
	str r0, [r1, #0x00]
	mov r0, r9
	ldr r1, [sp, #0x004]
	str r0, [r1, #0x00]
	movs r0, #0x01
	b _080E547C
	.byte 0x00, 0x00
_080E5434: .4byte 0x02039BA0
_080E5438: .4byte 0x00FF0340
_080E543C:
	adds r0, r5, #0x1
	lsls r0, r0, #0x10
	lsrs r5, r0, #0x10
	adds r0, r5, #0x0
	mov r1, r10
	bl func_0811D7CC
	lsls r0, r0, #0x10
	lsrs r5, r0, #0x10
_080E544E:
	movs r0, #0x01
	add r8, r0
	cmp r8, r10
	blt _080E53B8
_080E5456:
	adds r0, r7, #0x1
	lsls r0, r0, #0x10
	lsrs r7, r0, #0x10
	adds r0, r7, #0x0
	movs r1, #0x08
	bl func_0811D7CC
	lsls r0, r0, #0x10
	lsrs r7, r0, #0x10
	ldr r1, [sp, #0x008]
	adds r1, #0x01
	str r1, [sp, #0x008]
	cmp r1, #0x08
	blt _080E5390
	ldr r0, [sp, #0x000]
	ldr r1, [sp, #0x004]
	bl func_080E524C
	movs r0, #0x00
_080E547C:
	add sp, #0x00C
	pop {r3, r4, r5}
	mov r8, r3
	mov r9, r4
	mov r10, r5
	pop {r4, r5, r6, r7}
	pop {r1}
	bx r1
	thumb_func_start func_080E548C
func_080E548C: @ 080E548C
	push {lr}
	lsls r0, r0, #0x10
	asrs r0, r0, #0x10
	lsls r1, r1, #0x10
	asrs r1, r1, #0x10
	bl func_080E08BC
	pop {r1}
	bx r1
	.byte 0x00, 0x00
	thumb_func_start func_080E54A0
func_080E54A0: @ 080E54A0
	lsls r0, r0, #0x18
	lsrs r0, r0, #0x18
	ldr r2, _080E54B4 @ =0x02034F20
	lsls r1, r0, #0x01
	adds r1, r1, r0
	lsls r1, r1, #0x03
	ldr r0, [r2, #0x00]
	adds r0, r0, r1
	bx lr
	.byte 0x00, 0x00
_080E54B4: .4byte 0x02034F20
	thumb_func_start func_080E54B8
func_080E54B8: @ 080E54B8
	lsls r0, r0, #0x18
	lsrs r2, r0, #0x18
	ldr r0, _080E54DC @ =0x02039BB0
	ldr r0, [r0, #0x08]
	movs r1, #0x08
	ands r0, r1
	cmp r0, #0x00
	bne _080E54E8
	ldr r1, _080E54E0 @ =0x09EF70D0
	ldr r0, _080E54E4 @ =0x0203C590
	ldrb r0, [r0, #0x04]
	lsls r0, r0, #0x02
	adds r0, r0, r1
	ldr r0, [r0, #0x00]
	lsls r1, r2, #0x02
	ldr r0, [r0, #0x30]
	b _080E54F8
	.byte 0x00, 0x00
_080E54DC: .4byte 0x02039BB0
_080E54E0: .4byte 0x09EF70D0
_080E54E4: .4byte 0x0203C590
_080E54E8:
	ldr r1, _080E54FC @ =0x09EF70D0
	ldr r0, _080E5500 @ =0x0203C590
	ldrb r0, [r0, #0x04]
	lsls r0, r0, #0x02
	adds r0, r0, r1
	ldr r0, [r0, #0x00]
	lsls r1, r2, #0x02
	ldr r0, [r0, #0x34]
_080E54F8:
	adds r0, r0, r1
	bx lr
_080E54FC: .4byte 0x09EF70D0
_080E5500: .4byte 0x0203C590
	.byte 0x01, 0x48, 0x00, 0x68, 0x70, 0x47, 0x00, 0x00, 0x30, 0x4F, 0x03, 0x02
	thumb_func_start func_080E5510
func_080E5510: @ 080E5510
	push {r4, r5, lr}
	lsls r0, r0, #0x18
	lsrs r0, r0, #0x18
	cmp r0, #0x10
	beq _080E5534
	ldr r2, _080E552C @ =0x0203C7B0
	ldr r1, _080E5530 @ =0x0984D1F4
	lsls r0, r0, #0x03
	adds r0, r0, r1
	ldr r1, [r0, #0x04]
	ldr r0, [r0, #0x00]
	str r0, [r2, #0x00]
	str r1, [r2, #0x04]
	b _080E5554
_080E552C: .4byte 0x0203C7B0
_080E5530: .4byte 0x0984D1F4
_080E5534:
	ldr r5, _080E555C @ =0x0203C7B0
	ldr r4, _080E5560 @ =0x0984D1F4
	bl func_080065A4
	lsls r0, r0, #0x10
	lsrs r0, r0, #0x10
	movs r1, #0x0F
	bl func_0811D7CC
	lsls r0, r0, #0x10
	lsrs r0, r0, #0x0D
	adds r0, r0, r4
	ldr r1, [r0, #0x04]
	ldr r0, [r0, #0x00]
	str r0, [r5, #0x00]
	str r1, [r5, #0x04]
_080E5554:
	pop {r4, r5}
	pop {r0}
	bx r0
	.byte 0x00, 0x00
_080E555C: .4byte 0x0203C7B0
_080E5560: .4byte 0x0984D1F4
	.byte 0x10, 0xB5, 0x21, 0xF7, 0x1D, 0xF8, 0x08, 0x49, 0x4C, 0x78, 0x00, 0x04, 0x00, 0x0C, 0x89, 0x78
	.byte 0x09, 0x1B, 0x01, 0x31, 0x38, 0xF0, 0x84, 0xF8, 0x24, 0x18, 0x24, 0x04, 0x24, 0x0C, 0x20, 0x1C
	.byte 0x10, 0xBC, 0x02, 0xBC, 0x08, 0x47, 0x00, 0x00, 0xB0, 0xC7, 0x03, 0x02
	thumb_func_start func_080E5590
func_080E5590: @ 080E5590
	lsls r0, r0, #0x18
	ldr r1, _080E55A0 @ =0x02034F24
	lsrs r0, r0, #0x15
	ldr r1, [r1, #0x00]
	adds r1, r1, r0
	adds r0, r1, #0x0
	bx lr
	.byte 0x00, 0x00
_080E55A0: .4byte 0x02034F24
	thumb_func_start func_080E55A4
func_080E55A4: @ 080E55A4
	lsls r0, r0, #0x10
	lsrs r2, r0, #0x10
	lsls r1, r1, #0x10
	asrs r3, r1, #0x10
	cmp r3, #0x00
	blt _080E55C8
	ldr r0, _080E55CC @ =0x0203C7AC
	ldr r1, [r0, #0x00]
	ldrh r0, [r1, #0x06]
	cmp r3, r0
	bge _080E55C8
	lsls r0, r2, #0x10
	asrs r2, r0, #0x10
	cmp r2, #0x00
	blt _080E55C8
	ldrh r1, [r1, #0x04]
	cmp r2, r1
	blt _080E55D0
_080E55C8:
	movs r0, #0x00
	b _080E55DC
_080E55CC: .4byte 0x0203C7AC
_080E55D0:
	ldr r0, _080E55E0 @ =0x02034F38
	muls r1, r3
	adds r1, r1, r2
	lsls r1, r1, #0x05
	ldr r0, [r0, #0x00]
	adds r0, r0, r1
_080E55DC:
	bx lr
	.byte 0x00, 0x00
_080E55E0: .4byte 0x02034F38
	.byte 0xF0, 0xB5, 0x47, 0x46, 0x80, 0xB4, 0x80, 0x46, 0x00, 0x26, 0x02, 0x49, 0x08, 0x68, 0x0A, 0x1C
	.byte 0x51, 0xE0, 0x00, 0x00, 0xAC, 0xC7, 0x03, 0x02, 0x00, 0x25, 0x08, 0x68, 0x77, 0x1C, 0x80, 0x88
	.byte 0x85, 0x42, 0x45, 0xDA, 0x28, 0x04, 0x00, 0x14, 0x31, 0x04, 0x09, 0x14, 0xFF, 0xF7, 0xC8, 0xFF
	.byte 0x04, 0x1C, 0x0A, 0x48, 0x00, 0x68, 0x80, 0x88, 0x70, 0x43, 0x40, 0x19, 0x40, 0x44, 0x00, 0x78
	.byte 0xA0, 0x70, 0xA0, 0x78, 0x03, 0xF0, 0x1E, 0xF8, 0x20, 0x61, 0xA0, 0x78, 0x06, 0x28, 0x23, 0xD8
	.byte 0x80, 0x00, 0x03, 0x49, 0x40, 0x18, 0x00, 0x68, 0x87, 0x46, 0x00, 0x00, 0xAC, 0xC7, 0x03, 0x02
	.byte 0x48, 0x56, 0x0E, 0x08, 0x64, 0x56, 0x0E, 0x08, 0x6A, 0x56, 0x0E, 0x08, 0x6E, 0x56, 0x0E, 0x08
	.byte 0x6A, 0x56, 0x0E, 0x08, 0x6E, 0x56, 0x0E, 0x08, 0x6A, 0x56, 0x0E, 0x08, 0x6E, 0x56, 0x0E, 0x08
	.byte 0x00, 0x20, 0xA0, 0x60, 0x0C, 0xE0, 0x00, 0x20, 0x07, 0xE0, 0x02, 0x48, 0xA0, 0x60, 0x00, 0x20
	.byte 0x06, 0xE0, 0x00, 0x00, 0x00, 0x00, 0xF0, 0xFF, 0x0B, 0x48, 0xA0, 0x60, 0x80, 0x20, 0x40, 0x03
	.byte 0xE0, 0x60, 0x01, 0x35, 0x09, 0x48, 0x01, 0x68, 0x02, 0x1C, 0x89, 0x88, 0x8D, 0x42, 0xB9, 0xDB
	.byte 0x3E, 0x1C, 0x11, 0x1C, 0x08, 0x68, 0xC0, 0x88, 0x86, 0x42, 0xAD, 0xDB, 0x08, 0xBC, 0x98, 0x46
	.byte 0xF0, 0xBC, 0x01, 0xBC, 0x00, 0x47, 0x00, 0x00, 0x00, 0x00, 0xF0, 0xFF, 0xAC, 0xC7, 0x03, 0x02
	thumb_func_start func_080E56B4
func_080E56B4: @ 080E56B4
	push {r4, r5, r6, r7, lr}
	add sp, #-0x010
	adds r4, r0, #0x0
	cmp r4, #0x00
	bne _080E56C0
	b _080E57EE
_080E56C0:
	ldr r0, _080E5738 @ =0x0203C7B8
	ldr r5, [r0, #0x00]
	ldrb r0, [r4, #0x00]
	cmp r0, #0xFF
	beq _080E570E
	movs r6, #0x00
_080E56CC:
	ldr r0, [r4, #0x04]
	str r0, [sp, #0x000]
	ldr r0, [r4, #0x08]
	str r6, [sp, #0x00C]
	str r6, [sp, #0x008]
	str r0, [sp, #0x004]
	movs r0, #0x02
	strh r0, [r5, #0x00]
	ldrb r1, [r4, #0x00]
	lsls r0, r1, #0x02
	adds r0, r0, r1
	lsls r0, r0, #0x03
	ldr r1, _080E573C @ =0x09856FB4
	adds r0, r0, r1
	str r0, [r5, #0x14]
	adds r1, r5, #0x4
	mov r0, sp
	ldm r0!, {r2, r3, r7}
	stm r1!, {r2, r3, r7}
	ldr r0, [r0, #0x00]
	str r0, [r1, #0x00]
	ldr r0, _080E5740 @ =0x02039BA0
	ldr r0, [r0, #0x00]
	adds r0, #0x78
	ldr r1, _080E5744 @ =0x09EF6DBC
	adds r2, r5, #0x0
	bl func_08000E14
	adds r4, #0x0C
	adds r5, #0x18
	ldrb r0, [r4, #0x00]
	cmp r0, #0xFF
	bne _080E56CC
_080E570E:
	ldr r0, _080E5748 @ =0x0203C590
	ldrb r0, [r0, #0x06]
	cmp r0, #0xFE
	bne _080E57EE
	ldr r2, _080E574C @ =0x02039BB0
	ldr r0, [r2, #0x08]
	movs r1, #0x08
	ands r0, r1
	cmp r0, #0x00
	bne _080E572A
	movs r0, #0x0E
	ldsb r0, [r2, r0]
	cmp r0, #0x00
	beq _080E5750
_080E572A:
	movs r0, #0xC0
	lsls r0, r0, #0x09
	str r0, [sp, #0x000]
	movs r0, #0x88
	lsls r0, r0, #0x09
	b _080E575A
	.byte 0x00, 0x00
_080E5738: .4byte 0x0203C7B8
_080E573C: .4byte 0x09856FB4
_080E5740: .4byte 0x02039BA0
_080E5744: .4byte 0x09EF6DBC
_080E5748: .4byte 0x0203C590
_080E574C: .4byte 0x02039BB0
_080E5750:
	movs r0, #0x98
	lsls r0, r0, #0x0A
	str r0, [sp, #0x000]
	movs r0, #0x90
	lsls r0, r0, #0x09
_080E575A:
	str r0, [sp, #0x004]
	movs r1, #0x00
	str r1, [sp, #0x00C]
	str r1, [sp, #0x008]
	strh r1, [r5, #0x00]
	ldr r2, _080E57B0 @ =0x0984C1CC
	str r2, [r5, #0x14]
	adds r1, r5, #0x4
	mov r0, sp
	ldm r0!, {r3, r4, r6}
	stm r1!, {r3, r4, r6}
	ldr r0, [r0, #0x00]
	str r0, [r1, #0x00]
	ldr r0, _080E57B4 @ =0x02039BA0
	ldr r0, [r0, #0x00]
	adds r0, #0x78
	ldr r1, [r2, #0x24]
	adds r2, r5, #0x0
	bl func_08000E14
	adds r5, #0x18
	bl func_080DF750
	lsls r0, r0, #0x18
	cmp r0, #0x00
	beq _080E57EE
	ldr r2, _080E57B8 @ =0x02039BB0
	ldr r0, [r2, #0x08]
	movs r1, #0x08
	ands r0, r1
	cmp r0, #0x00
	bne _080E57A2
	movs r0, #0x0E
	ldsb r0, [r2, r0]
	cmp r0, #0x00
	beq _080E57BC
_080E57A2:
	movs r0, #0xF8
	lsls r0, r0, #0x09
	str r0, [sp, #0x000]
	movs r0, #0xA0
	lsls r0, r0, #0x09
	b _080E57C6
	.byte 0x00, 0x00
_080E57B0: .4byte 0x0984C1CC
_080E57B4: .4byte 0x02039BA0
_080E57B8: .4byte 0x02039BB0
_080E57BC:
	movs r0, #0xB4
	lsls r0, r0, #0x0A
	str r0, [sp, #0x000]
	movs r0, #0xA8
	lsls r0, r0, #0x09
_080E57C6:
	str r0, [sp, #0x004]
	movs r1, #0x00
	str r1, [sp, #0x00C]
	str r1, [sp, #0x008]
	strh r1, [r5, #0x00]
	ldr r2, _080E57F8 @ =0x0984C23C
	str r2, [r5, #0x14]
	adds r1, r5, #0x4
	mov r0, sp
	ldm r0!, {r3, r4, r7}
	stm r1!, {r3, r4, r7}
	ldr r0, [r0, #0x00]
	str r0, [r1, #0x00]
	ldr r0, _080E57FC @ =0x02039BA0
	ldr r0, [r0, #0x00]
	adds r0, #0x78
	ldr r1, [r2, #0x24]
	adds r2, r5, #0x0
	bl func_08000E14
_080E57EE:
	add sp, #0x010
	pop {r4, r5, r6, r7}
	pop {r0}
	bx r0
	.byte 0x00, 0x00
_080E57F8: .4byte 0x0984C23C
_080E57FC: .4byte 0x02039BA0
	.byte 0x30, 0xB5, 0x14, 0x48, 0x00, 0x68, 0x82, 0x68, 0x13, 0x4B, 0xD1, 0x18, 0x01, 0x60, 0xC3, 0x68
	.byte 0x12, 0x4D, 0x5C, 0x19, 0x44, 0x60, 0x00, 0x29, 0x01, 0xDA, 0x11, 0x48, 0x11, 0x18, 0x48, 0x01
	.byte 0x05, 0x0C, 0x00, 0x2C, 0x01, 0xDA, 0x0F, 0x48, 0x1C, 0x18, 0x64, 0x01, 0x24, 0x0C, 0x03, 0x20
	.byte 0x29, 0x1C, 0x22, 0x1C, 0x1F, 0xF7, 0xC6, 0xFC, 0x02, 0x20, 0x29, 0x1C, 0x22, 0x1C, 0x1F, 0xF7
	.byte 0xC1, 0xFC, 0x01, 0x20, 0x29, 0x1C, 0x22, 0x1C, 0x1F, 0xF7, 0xBC, 0xFC, 0x30, 0xBC, 0x01, 0xBC
	.byte 0x00, 0x47, 0x00, 0x00, 0xA0, 0x9B, 0x03, 0x02, 0x00, 0x88, 0xFF, 0xFF, 0x00, 0xA0, 0xFF, 0xFF
	.byte 0x07, 0x88, 0xFF, 0xFF, 0x07, 0xA0, 0xFF, 0xFF, 0xF0, 0xB5, 0x47, 0x46, 0x80, 0xB4, 0x80, 0x46
	.byte 0x1A, 0x4C, 0xC0, 0x20, 0x40, 0x02, 0x1B, 0xF7, 0x4F, 0xF8, 0x20, 0x60, 0x18, 0x48, 0x00, 0x68
	.byte 0x81, 0x88, 0xC0, 0x88, 0x0E, 0x1C, 0x46, 0x43, 0x00, 0x25, 0xB5, 0x42, 0x1C, 0xDA, 0x23, 0x1C
	.byte 0x00, 0x27, 0x00, 0x24, 0x0B, 0x20, 0x84, 0x46, 0x18, 0x68, 0x6A, 0x01, 0x10, 0x18, 0x04, 0x80
	.byte 0x61, 0x46, 0x81, 0x70, 0x18, 0x68, 0x10, 0x18, 0x07, 0x21, 0xC1, 0x70, 0x18, 0x68, 0x10, 0x18
	.byte 0x07, 0x71, 0x18, 0x68, 0x10, 0x18, 0x47, 0x71, 0x18, 0x68, 0x12, 0x18, 0x54, 0x61, 0x94, 0x61
	.byte 0xD4, 0x61, 0x01, 0x35, 0xB5, 0x42, 0xE7, 0xDB, 0x41, 0x46, 0x88, 0x6A, 0xFF, 0xF7, 0x8A, 0xFE
	.byte 0x08, 0xBC, 0x98, 0x46, 0xF0, 0xBC, 0x01, 0xBC, 0x00, 0x47, 0x00, 0x00, 0x38, 0x4F, 0x03, 0x02
	.byte 0xAC, 0xC7, 0x03, 0x02, 0x00, 0xB5, 0x03, 0x48, 0x00, 0x68, 0x1B, 0xF7, 0x6B, 0xF8, 0x01, 0xBC
	.byte 0x00, 0x47, 0x00, 0x00, 0x38, 0x4F, 0x03, 0x02
	thumb_func_start func_080E58F8
func_080E58F8: @ 080E58F8
	push {lr}
	lsls r0, r0, #0x10
	asrs r0, r0, #0x10
	lsls r1, r1, #0x10
	asrs r1, r1, #0x10
	bl func_080E55A4
	pop {r1}
	bx r1
	.byte 0x00, 0x00
	thumb_func_start func_080E590C
func_080E590C: @ 080E590C
	push {r4, lr}
	adds r1, r0, #0x0
	adds r4, r1, #0x0
	adds r4, #0x08
	adds r1, #0x0C
	adds r0, r4, #0x0
	bl func_080E5354
	movs r0, #0x00
	str r0, [r4, #0x08]
	adds r0, r4, #0x0
	bl func_080DFF30
	str r0, [r4, #0x0C]
	ldr r1, [r4, #0x04]
	subs r1, r1, r0
	str r1, [r4, #0x04]
	str r0, [r4, #0x08]
	pop {r4}
	pop {r0}
	bx r0
	.byte 0x00, 0x00
	thumb_func_start func_080E5938
func_080E5938: @ 080E5938
	push {r4, lr}
	adds r1, r0, #0x0
	adds r4, r1, #0x0
	adds r4, #0x08
	adds r1, #0x0C
	adds r0, r4, #0x0
	bl func_080E5354
	movs r0, #0x00
	str r0, [r4, #0x08]
	adds r0, r4, #0x0
	bl func_080DFF30
	str r0, [r4, #0x0C]
	ldr r1, [r4, #0x04]
	subs r1, r1, r0
	str r1, [r4, #0x04]
	ldr r0, _080E5964 @ =0xFFFF6000
	str r0, [r4, #0x08]
	pop {r4}
	pop {r0}
	bx r0
_080E5964: .4byte 0xFFFF6000
	thumb_func_start func_080E5968
func_080E5968: @ 080E5968
	push {r4, r5, r6, lr}
	adds r5, r0, #0x0
	adds r4, r5, #0x0
	adds r4, #0x08
	adds r1, r5, #0x0
	adds r1, #0x0C
	adds r0, r4, #0x0
	bl func_080E524C
	lsls r0, r0, #0x18
	cmp r0, #0x00
	beq _080E59D0
	movs r0, #0x00
	str r0, [r4, #0x08]
	adds r0, r4, #0x0
	bl func_080DFF30
	str r0, [r4, #0x0C]
	str r0, [r4, #0x08]
	ldr r1, [r4, #0x04]
	subs r1, r1, r0
	str r1, [r4, #0x04]
	movs r3, #0x00
	ldr r0, _080E59C8 @ =0x02034F40
	ldrb r1, [r0, #0x00]
	cmp r3, r1
	bge _080E59C2
	ldr r0, [r5, #0x08]
	asrs r6, r0, #0x08
	adds r5, r1, #0x0
	ldr r2, _080E59CC @ =0x02034F48
_080E59A6:
	ldr r0, [r2, #0x00]
	asrs r0, r0, #0x08
	cmp r0, r6
	bne _080E59BA
	ldr r1, [r2, #0x04]
	asrs r1, r1, #0x08
	ldr r0, [r4, #0x04]
	asrs r0, r0, #0x08
	cmp r1, r0
	beq _080E59D0
_080E59BA:
	adds r2, #0x10
	adds r3, #0x01
	cmp r3, r5
	blt _080E59A6
_080E59C2:
	movs r0, #0x01
	b _080E59D2
	.byte 0x00, 0x00
_080E59C8: .4byte 0x02034F40
_080E59CC: .4byte 0x02034F48
_080E59D0:
	movs r0, #0x00
_080E59D2:
	pop {r4, r5, r6}
	pop {r1}
	bx r1
	thumb_func_start func_080E59D8
func_080E59D8: @ 080E59D8
	push {r4, r5, r6, r7, lr}
	mov r7, r10
	mov r6, r9
	mov r5, r8
	push {r5, r6, r7}
	add sp, #-0x008
	mov r8, r0
	mov r5, r8
	adds r5, #0x08
	movs r0, #0x01
	bl func_080E54A0
	adds r3, r0, #0x0
	ldrh r0, [r3, #0x02]
	ldrh r1, [r3, #0x00]
	subs r0, r0, r1
	subs r0, #0x02
	lsls r0, r0, #0x10
	lsrs r0, r0, #0x10
	mov r10, r0
	ldr r0, _080E5A18 @ =0x0203C7AC
	ldr r1, [r0, #0x00]
	ldrh r0, [r1, #0x0A]
	ldrh r1, [r1, #0x08]
	subs r0, r0, r1
	subs r0, #0x02
	lsls r0, r0, #0x10
	lsrs r0, r0, #0x10
	str r0, [sp, #0x000]
	movs r0, #0x00
	mov r9, r0
	b _080E5AB0
_080E5A18: .4byte 0x0203C7AC
_080E5A1C:
	ldr r0, _080E5A6C @ =0x0203C7AC
	ldr r0, [r0, #0x00]
	ldrh r0, [r0, #0x08]
	add r0, r9
	lsls r0, r0, #0x10
	lsrs r0, r0, #0x10
	movs r6, #0x00
	cmp r6, r10
	bge _080E5AAC
	lsls r7, r0, #0x10
_080E5A30:
	ldrh r0, [r3, #0x00]
	adds r0, r0, r6
	lsls r0, r0, #0x10
	asrs r4, r0, #0x10
	adds r0, r4, #0x0
	asrs r1, r7, #0x10
	str r3, [sp, #0x004]
	bl func_080E548C
	adds r2, r0, #0x0
	ldr r1, [r2, #0x0C]
	ldr r3, [sp, #0x004]
	ldr r0, [r3, #0x04]
	cmp r1, r0
	bne _080E5AA6
	ldrh r1, [r2, #0x00]
	movs r0, #0x20
	ands r0, r1
	cmp r0, #0x00
	beq _080E5AA6
	ldrb r0, [r2, #0x02]
	cmp r0, #0x04
	bne _080E5A70
	movs r0, #0x53
	mov r1, r8
	strb r0, [r1, #0x18]
	lsls r0, r4, #0x0D
	movs r1, #0xC0
	lsls r1, r1, #0x05
	b _080E5A80
_080E5A6C: .4byte 0x0203C7AC
_080E5A70:
	cmp r0, #0x06
	bne _080E5AA6
	movs r0, #0xAD
	mov r1, r8
	strb r0, [r1, #0x18]
	lsls r0, r4, #0x0D
	movs r1, #0x80
	lsls r1, r1, #0x04
_080E5A80:
	adds r0, r0, r1
	str r0, [r5, #0x00]
	asrs r0, r7, #0x04
	movs r1, #0xC0
	lsls r1, r1, #0x05
	adds r0, r0, r1
	str r0, [r5, #0x04]
	movs r0, #0x00
	str r0, [r5, #0x08]
	adds r0, r5, #0x0
	bl func_080DFF30
	str r0, [r5, #0x0C]
	str r0, [r5, #0x08]
	ldr r1, [r5, #0x04]
	subs r1, r1, r0
	str r1, [r5, #0x04]
	movs r0, #0x01
	b _080E5AB8
_080E5AA6:
	adds r6, #0x01
	cmp r6, r10
	blt _080E5A30
_080E5AAC:
	movs r0, #0x01
	add r9, r0
_080E5AB0:
	ldr r1, [sp, #0x000]
	cmp r9, r1
	blt _080E5A1C
	movs r0, #0x00
_080E5AB8:
	add sp, #0x008
	pop {r3, r4, r5}
	mov r8, r3
	mov r9, r4
	mov r10, r5
	pop {r4, r5, r6, r7}
	pop {r1}
	bx r1
	thumb_func_start func_080E5AC8
func_080E5AC8: @ 080E5AC8
	push {r4, r5, r6, r7, lr}
	mov r7, r10
	mov r6, r9
	mov r5, r8
	push {r5, r6, r7}
	add sp, #-0x008
	adds r5, r0, #0x0
	adds r5, #0x08
	movs r0, #0x00
	bl func_080E54A0
	mov r9, r0
	ldrh r0, [r0, #0x02]
	mov r2, r9
	ldrh r1, [r2, #0x00]
	subs r0, r0, r1
	subs r0, #0x02
	lsls r0, r0, #0x10
	lsrs r0, r0, #0x10
	mov r8, r0
	ldr r0, _080E5B68 @ =0x0203C7AC
	ldr r1, [r0, #0x00]
	ldrh r0, [r1, #0x0A]
	ldrh r1, [r1, #0x08]
	subs r0, r0, r1
	subs r0, #0x02
	lsls r0, r0, #0x10
	lsrs r0, r0, #0x10
	mov r10, r0
	movs r3, #0x00
	cmp r3, r10
	bge _080E5B7C
_080E5B08:
	ldr r0, _080E5B68 @ =0x0203C7AC
	ldr r0, [r0, #0x00]
	ldrh r0, [r0, #0x08]
	adds r0, r0, r3
	lsls r0, r0, #0x10
	lsrs r0, r0, #0x10
	movs r6, #0x00
	cmp r6, r8
	bge _080E5B76
	lsls r0, r0, #0x10
	asrs r7, r0, #0x10
	lsls r2, r7, #0x0C
_080E5B20:
	mov r1, r9
	ldrh r0, [r1, #0x00]
	adds r0, r0, r6
	lsls r0, r0, #0x10
	asrs r4, r0, #0x10
	adds r0, r4, #0x0
	adds r1, r7, #0x0
	str r2, [sp, #0x000]
	str r3, [sp, #0x004]
	bl func_080E548C
	ldrh r1, [r0, #0x00]
	movs r0, #0x80
	ands r0, r1
	ldr r2, [sp, #0x000]
	ldr r3, [sp, #0x004]
	cmp r0, #0x00
	beq _080E5B70
	lsls r0, r4, #0x0D
	str r0, [r5, #0x00]
	str r2, [r5, #0x04]
	movs r0, #0x00
	str r0, [r5, #0x08]
	adds r0, r5, #0x0
	bl func_080DFF30
	str r0, [r5, #0x0C]
	ldr r1, [r5, #0x04]
	subs r1, r1, r0
	str r1, [r5, #0x04]
	ldr r2, _080E5B6C @ =0xFFFFE000
	adds r0, r0, r2
	str r0, [r5, #0x08]
	movs r0, #0x01
	b _080E5B7E
	.byte 0x00, 0x00
_080E5B68: .4byte 0x0203C7AC
_080E5B6C: .4byte 0xFFFFE000
_080E5B70:
	adds r6, #0x01
	cmp r6, r8
	blt _080E5B20
_080E5B76:
	adds r3, #0x01
	cmp r3, r10
	blt _080E5B08
_080E5B7C:
	movs r0, #0x00
_080E5B7E:
	add sp, #0x008
	pop {r3, r4, r5}
	mov r8, r3
	mov r9, r4
	mov r10, r5
	pop {r4, r5, r6, r7}
	pop {r1}
	bx r1
	.byte 0x00, 0x00
	thumb_func_start func_080E5B90
func_080E5B90: @ 080E5B90
	push {r4, r5, lr}
	adds r4, r0, #0x0
	adds r5, r1, #0x0
	ldrh r1, [r5, #0x14]
	movs r0, #0x04
	ands r0, r1
	cmp r0, #0x00
	beq _080E5BA8
	adds r0, r4, #0x0
	bl func_080E5968
	b _080E5BBE
_080E5BA8:
	movs r0, #0x02
	ands r0, r1
	cmp r0, #0x00
	beq _080E5BB8
	adds r0, r4, #0x0
	bl func_080E5938
	b _080E5BBE
_080E5BB8:
	adds r0, r4, #0x0
	bl func_080E590C
_080E5BBE:
	bl func_080065A4
	lsls r0, r0, #0x10
	movs r1, #0xC0
	lsls r1, r1, #0x0A
	ands r1, r0
	lsrs r1, r1, #0x10
	cmp r1, #0x01
	beq _080E5BE4
	cmp r1, #0x01
	bgt _080E5BDA
	cmp r1, #0x00
	beq _080E5BE0
	b _080E5BEC
_080E5BDA:
	cmp r1, #0x02
	beq _080E5BE8
	b _080E5BEC
_080E5BE0:
	movs r0, #0xAD
	b _080E5BEE
_080E5BE4:
	movs r0, #0x53
	b _080E5BEE
_080E5BE8:
	movs r0, #0xD3
	b _080E5BEE
_080E5BEC:
	movs r0, #0x2D
_080E5BEE:
	strb r0, [r4, #0x18]
	movs r0, #0x00
	str r0, [r4, #0x1C]
	str r5, [r4, #0x00]
	str r0, [r4, #0x04]
	pop {r4, r5}
	pop {r0}
	bx r0
	.byte 0x00, 0x00
	thumb_func_start func_080E5C00
func_080E5C00: @ 080E5C00
	push {r4, r5, r6, r7, lr}
	adds r5, r0, #0x0
	lsls r1, r1, #0x18
	lsrs r7, r1, #0x18
	lsls r2, r2, #0x18
	lsrs r6, r2, #0x18
	ldr r0, _080E5C4C @ =0x0203C7AC
	ldr r0, [r0, #0x00]
	ldrb r4, [r0, #0x0D]
	lsls r4, r4, #0x03
	ldr r0, _080E5C50 @ =0x0984D134
	adds r4, r4, r0
	ldr r0, _080E5C54 @ =0x0203C590
	ldrb r0, [r0, #0x06]
	bl func_080DEE18
	adds r1, r0, #0x0
	ldr r2, _080E5C58 @ =0x02034F40
	ldrb r0, [r2, #0x00]
	ldrb r4, [r4, #0x01]
	cmp r0, r4
	bcs _080E5CC0
	ldrb r0, [r1, #0x0B]
	ldrb r1, [r2, #0x00]
	subs r0, r0, r1
	cmp r0, #0x00
	ble _080E5CC0
	ldr r1, _080E5C5C @ =0x09EF83F8
	lsls r0, r7, #0x02
	adds r0, r0, r1
	ldr r7, [r0, #0x00]
	cmp r6, #0x02
	beq _080E5C60
	cmp r6, #0x02
	ble _080E5C74
	cmp r6, #0x03
	beq _080E5C68
	b _080E5C74
_080E5C4C: .4byte 0x0203C7AC
_080E5C50: .4byte 0x0984D134
_080E5C54: .4byte 0x0203C590
_080E5C58: .4byte 0x02034F40
_080E5C5C: .4byte 0x09EF83F8
_080E5C60:
	adds r0, r5, #0x0
	bl func_080E59D8
	b _080E5C6E
_080E5C68:
	adds r0, r5, #0x0
	bl func_080E5AC8
_080E5C6E:
	lsls r0, r0, #0x18
	lsrs r4, r0, #0x18
	b _080E5C90
_080E5C74:
	adds r0, r5, #0x0
	bl func_080E5968
	lsls r0, r0, #0x18
	lsrs r4, r0, #0x18
	ldr r0, [r5, #0x08]
	ldr r1, [r5, #0x0C]
	ldr r2, _080E5CC8 @ =0x02039BA0
	ldr r3, [r2, #0x00]
	ldr r2, [r3, #0x18]
	ldr r3, [r3, #0x1C]
	bl func_0801CB6C
	strb r0, [r5, #0x18]
_080E5C90:
	cmp r4, #0x00
	beq _080E5CC0
	ldr r2, _080E5CCC @ =0x02034F48
	ldr r0, _080E5CD0 @ =0x02034F40
	ldrb r1, [r0, #0x00]
	lsls r1, r1, #0x04
	adds r1, r1, r2
	adds r0, r5, #0x0
	adds r0, #0x08
	ldm r0!, {r2, r3, r4}
	stm r1!, {r2, r3, r4}
	ldr r0, [r0, #0x00]
	str r0, [r1, #0x00]
	movs r0, #0x00
	str r0, [r5, #0x1C]
	str r7, [r5, #0x00]
	str r0, [r5, #0x04]
	ldr r0, _080E5CC8 @ =0x02039BA0
	ldr r0, [r0, #0x00]
	adds r0, #0xB4
	ldr r1, [r7, #0x10]
	adds r2, r5, #0x0
	bl func_08000E14
_080E5CC0:
	pop {r4, r5, r6, r7}
	pop {r0}
	bx r0
	.byte 0x00, 0x00
_080E5CC8: .4byte 0x02039BA0
_080E5CCC: .4byte 0x02034F48
_080E5CD0: .4byte 0x02034F40
_080E5CD4:
	.byte 0x02, 0x1C, 0x05, 0x48, 0x00, 0x68, 0x40, 0x7B, 0x04, 0x38, 0x11, 0x28, 0x43, 0xD8, 0x80, 0x00
	.byte 0x02, 0x49, 0x40, 0x18, 0x00, 0x68, 0x87, 0x46, 0xAC, 0xC7, 0x03, 0x02, 0xF4, 0x5C, 0x0E, 0x08
	.byte 0x3C, 0x5D, 0x0E, 0x08, 0x42, 0x5D, 0x0E, 0x08, 0x6A, 0x5D, 0x0E, 0x08, 0x6A, 0x5D, 0x0E, 0x08
	.byte 0x6A, 0x5D, 0x0E, 0x08, 0x6A, 0x5D, 0x0E, 0x08, 0x6A, 0x5D, 0x0E, 0x08, 0x6A, 0x5D, 0x0E, 0x08
	.byte 0x6A, 0x5D, 0x0E, 0x08, 0x6A, 0x5D, 0x0E, 0x08, 0x6A, 0x5D, 0x0E, 0x08, 0x6A, 0x5D, 0x0E, 0x08
	.byte 0x6A, 0x5D, 0x0E, 0x08, 0x6A, 0x5D, 0x0E, 0x08, 0x50, 0x5D, 0x0E, 0x08, 0x6A, 0x5D, 0x0E, 0x08
	.byte 0x56, 0x5D, 0x0E, 0x08, 0x5E, 0x5D, 0x0E, 0x08, 0x91, 0x88, 0x08, 0x20, 0x11, 0xE0, 0x90, 0x88
	.byte 0x20, 0x21, 0x01, 0x43, 0x02, 0x20, 0x01, 0x43, 0x91, 0x80, 0x0C, 0xE0, 0x91, 0x88, 0x10, 0x20
	.byte 0x07, 0xE0, 0x91, 0x88, 0x80, 0x23, 0x5B, 0x00, 0x02, 0xE0, 0x91, 0x88, 0x80, 0x23, 0x9B, 0x00
	.byte 0x18, 0x1C, 0x08, 0x43, 0x90, 0x80, 0x70, 0x47
	thumb_func_start func_080E5D6C
func_080E5D6C: @ 080E5D6C
	push {r4, r5, r6, lr}
	add sp, #-0x004
	adds r5, r0, #0x0
	lsls r1, r1, #0x18
	lsrs r1, r1, #0x18
	lsls r2, r2, #0x10
	lsrs r6, r2, #0x10
	ldr r0, [r5, #0x00]
	ldr r4, [r0, #0x00]
	ldrb r0, [r5, #0x1C]
	lsrs r0, r0, #0x06
	cmp r0, #0x01
	beq _080E5DA2
	cmp r0, #0x01
	bgt _080E5D90
	cmp r0, #0x00
	beq _080E5D96
	b _080E5DB6
_080E5D90:
	cmp r0, #0x02
	beq _080E5DB0
	b _080E5DB6
_080E5D96:
	lsls r0, r1, #0x05
	adds r4, r4, r0
	ldrh r1, [r5, #0x04]
	movs r0, #0x01
	orrs r0, r1
	b _080E5DC0
_080E5DA2:
	lsls r0, r1, #0x05
	adds r0, #0x10
	adds r4, r4, r0
	ldrh r1, [r5, #0x04]
	movs r0, #0x01
	orrs r0, r1
	b _080E5DC0
_080E5DB0:
	lsls r0, r1, #0x05
	adds r0, #0x10
	b _080E5DB8
_080E5DB6:
	lsls r0, r1, #0x05
_080E5DB8:
	adds r4, r4, r0
	ldrh r1, [r5, #0x04]
	ldr r0, _080E5DE8 @ =0x0000FFFE
	ands r0, r1
_080E5DC0:
	strh r0, [r5, #0x04]
	adds r0, r5, #0x0
	adds r0, #0xA4
	ldrb r1, [r4, #0x0C]
	ldr r3, [r4, #0x04]
	ldr r2, [r4, #0x00]
	str r2, [sp, #0x000]
	adds r2, r6, #0x0
	bl func_08005974
	adds r0, r5, #0x0
	adds r0, #0xBC
	ldr r0, [r0, #0x00]
	ldr r1, [r4, #0x08]
	bl func_08002A10
	add sp, #0x004
	pop {r4, r5, r6}
	pop {r0}
	bx r0
_080E5DE8: .4byte 0x0000FFFE
	thumb_func_start func_080E5DEC
func_080E5DEC: @ 080E5DEC
	push {r4, r5, r6, r7, lr}
	adds r5, r0, #0x0
	ldr r7, _080E5E14 @ =0x02039BA0
	ldr r0, [r7, #0x00]
	ldr r0, [r0, #0x70]
	movs r6, #0x80
	lsls r6, r6, #0x09
	ands r0, r6
	cmp r0, #0x00
	beq _080E5E18
	adds r4, r5, #0x0
	adds r4, #0xA4
	adds r0, r4, #0x0
	bl func_08005AC4
	lsls r0, r0, #0x18
	cmp r0, #0x00
	bne _080E5E3C
	b _080E5E30
	.byte 0x00, 0x00
_080E5E14: .4byte 0x02039BA0
_080E5E18:
	adds r4, r5, #0x0
	adds r4, #0xA4
	adds r0, r4, #0x0
	bl func_08005AC4
	lsls r0, r0, #0x18
	cmp r0, #0x00
	beq _080E5E30
	ldr r1, [r7, #0x00]
	ldr r0, [r1, #0x70]
	orrs r0, r6
	str r0, [r1, #0x70]
_080E5E30:
	adds r0, r4, #0x0
	bl func_08005A64
	adds r1, r5, #0x0
	adds r1, #0xC4
	str r0, [r1, #0x00]
_080E5E3C:
	pop {r4, r5, r6, r7}
	pop {r0}
	bx r0
	.byte 0x00, 0x00
	thumb_func_start func_080E5E44
func_080E5E44: @ 080E5E44
	push {r4, lr}
	ldr r0, _080E5E7C @ =0x0203C7AC
	ldr r0, [r0, #0x00]
	ldrb r4, [r0, #0x0D]
	lsls r4, r4, #0x03
	ldr r0, _080E5E80 @ =0x0984D134
	adds r4, r4, r0
	bl func_080065A4
	lsls r0, r0, #0x10
	lsrs r0, r0, #0x10
	ldrb r1, [r4, #0x04]
	ldrb r4, [r4, #0x03]
	subs r1, r1, r4
	adds r1, #0x01
	bl func_0811D684
	adds r4, r4, r0
	lsls r4, r4, #0x18
	lsrs r4, r4, #0x18
	ldr r0, _080E5E84 @ =0x02039BB0
	ldr r0, [r0, #0x08]
	movs r1, #0x08
	ands r0, r1
	cmp r0, #0x00
	bne _080E5E8C
	ldr r1, _080E5E88 @ =0x09EF6A34
	b _080E5E8E
_080E5E7C: .4byte 0x0203C7AC
_080E5E80: .4byte 0x0984D134
_080E5E84: .4byte 0x02039BB0
_080E5E88: .4byte 0x09EF6A34
_080E5E8C:
	ldr r1, _080E5EA4 @ =0x09EF6A42
_080E5E8E:
	ldr r0, _080E5EA8 @ =0x0203C590
	ldrb r0, [r0, #0x04]
	adds r0, r0, r1
	ldrb r0, [r0, #0x00]
	adds r0, r4, r0
	lsls r0, r0, #0x18
	lsrs r0, r0, #0x18
	pop {r4}
	pop {r1}
	bx r1
	.byte 0x00, 0x00
_080E5EA4: .4byte 0x09EF6A42
_080E5EA8: .4byte 0x0203C590
	thumb_func_start func_080E5EAC
func_080E5EAC: @ 080E5EAC
	push {r4, r5, r6, r7, lr}
	adds r5, r0, #0x0
	ldr r6, _080E5F14 @ =0x02039BB0
	ldr r0, [r6, #0x08]
	movs r4, #0x02
	orrs r0, r4
	str r0, [r6, #0x08]
	adds r0, r5, #0x0
	adds r0, #0x48
	movs r1, #0x01
	bl func_08012614
	ldr r7, _080E5F18 @ =0x0203C7AC
	ldr r1, [r7, #0x00]
	ldr r0, [r1, #0x00]
	orrs r0, r4
	str r0, [r1, #0x00]
	ldr r0, _080E5F1C @ =0x02039BA0
	ldr r2, [r0, #0x00]
	ldr r0, [r2, #0x70]
	movs r1, #0x80
	orrs r0, r1
	str r0, [r2, #0x70]
	ldrh r1, [r5, #0x04]
	movs r0, #0x04
	orrs r0, r1
	strh r0, [r5, #0x04]
	movs r1, #0x40
	ands r0, r1
	cmp r0, #0x00
	beq _080E5EF2
	ldr r0, [r6, #0x08]
	movs r1, #0x04
	orrs r0, r1
	str r0, [r6, #0x08]
_080E5EF2:
	ldrh r1, [r5, #0x04]
	movs r0, #0x80
	lsls r0, r0, #0x01
	ands r0, r1
	cmp r0, #0x00
	beq _080E5F20
	bl func_080065A4
	ldr r4, [r7, #0x00]
	lsls r0, r0, #0x10
	lsrs r0, r0, #0x10
	movs r1, #0x03
	bl func_0811D7CC
	adds r0, #0x80
	strb r0, [r4, #0x0E]
	b _080E5F48
_080E5F14: .4byte 0x02039BB0
_080E5F18: .4byte 0x0203C7AC
_080E5F1C: .4byte 0x02039BA0
_080E5F20:
	movs r0, #0x80
	lsls r0, r0, #0x02
	ands r0, r1
	cmp r0, #0x00
	beq _080E5F40
	bl func_080065A4
	ldr r4, [r7, #0x00]
	lsls r0, r0, #0x10
	lsrs r0, r0, #0x10
	movs r1, #0x03
	bl func_0811D7CC
	adds r0, #0x83
	strb r0, [r4, #0x0E]
	b _080E5F48
_080E5F40:
	bl func_080E5E44
	ldr r1, [r7, #0x00]
	strb r0, [r1, #0x0E]
_080E5F48:
	pop {r4, r5, r6, r7}
	pop {r0}
	bx r0
	.byte 0x00, 0x00
	thumb_func_start func_080E5F50
func_080E5F50: @ 080E5F50
	push {r4, r5, lr}
	adds r4, r0, #0x0
	adds r0, #0x74
	ldrb r0, [r0, #0x00]
	cmp r0, #0x00
	beq _080E5FAE
	ldr r0, _080E5F84 @ =0x0203C7AC
	ldr r0, [r0, #0x00]
	ldr r0, [r0, #0x00]
	movs r1, #0x04
	ands r0, r1
	adds r5, r4, #0x0
	adds r5, #0x48
	cmp r0, #0x00
	bne _080E5F88
	adds r0, r5, #0x0
	movs r1, #0x01
	bl func_08012660
	lsls r0, r0, #0x18
	cmp r0, #0x00
	beq _080E5F88
	adds r0, r4, #0x0
	bl func_080E5EAC
	b _080E5FAE
_080E5F84: .4byte 0x0203C7AC
_080E5F88:
	adds r0, r5, #0x0
	movs r1, #0x06
	bl func_08012660
	lsls r0, r0, #0x18
	cmp r0, #0x00
	beq _080E5FAE
	adds r1, r4, #0x0
	adds r1, #0x80
	ldr r0, [r4, #0x08]
	ldr r1, [r1, #0x00]
	adds r0, r0, r1
	str r0, [r4, #0x08]
	adds r1, r4, #0x0
	adds r1, #0x84
	ldr r0, [r4, #0x0C]
	ldr r1, [r1, #0x00]
	adds r0, r0, r1
	str r0, [r4, #0x0C]
_080E5FAE:
	pop {r4, r5}
	pop {r0}
	bx r0
	thumb_func_start func_080E5FB4
func_080E5FB4: @ 080E5FB4
	push {r4, r5, lr}
	adds r4, r0, #0x0
	adds r5, r4, #0x0
	adds r5, #0x08
	adds r0, #0xC8
	movs r2, #0x00
	ldsh r1, [r0, r2]
	lsrs r0, r1, #0x1F
	adds r1, r1, r0
	asrs r1, r1, #0x01
	adds r0, r4, #0x0
	adds r0, #0xCA
	movs r3, #0x00
	ldsh r2, [r0, r3]
	lsrs r0, r2, #0x1F
	adds r2, r2, r0
	asrs r2, r2, #0x01
	adds r0, r5, #0x0
	bl func_080E02E0
	lsls r0, r0, #0x18
	cmp r0, #0x00
	beq _080E602A
	ldr r0, _080E6014 @ =0x0203C7AC
	ldr r2, [r0, #0x00]
	ldr r0, [r2, #0x00]
	movs r1, #0x80
	orrs r0, r1
	movs r1, #0x04
	orrs r0, r1
	str r0, [r2, #0x00]
	adds r0, r4, #0x0
	adds r0, #0xE4
	ldr r1, _080E6018 @ =0x09EF6EC4
	adds r2, r5, #0x0
	bl func_08000E14
	ldr r0, _080E601C @ =0x02039BB0
	ldr r0, [r0, #0x08]
	movs r1, #0x08
	ands r0, r1
	cmp r0, #0x00
	beq _080E6020
	movs r0, #0xE4
	bl func_0811FE70
	b _080E6026
	.byte 0x00, 0x00
_080E6014: .4byte 0x0203C7AC
_080E6018: .4byte 0x09EF6EC4
_080E601C: .4byte 0x02039BB0
_080E6020:
	movs r0, #0x75
	bl func_0811FE70
_080E6026:
	movs r0, #0x01
	b _080E602C
_080E602A:
	movs r0, #0x00
_080E602C:
	pop {r4, r5}
	pop {r1}
	bx r1
	.byte 0x00, 0x00
	thumb_func_start func_080E6034
func_080E6034: @ 080E6034
	push {r4, r5, r6, r7, lr}
	adds r4, r0, #0x0
	ldr r5, _080E6078 @ =0x02039C98
	adds r0, r5, #0x0
	bl func_08000D0C
	adds r2, r0, #0x0
	cmp r2, #0x00
	beq _080E6072
	ldr r0, [r4, #0x00]
	str r0, [r2, #0x30]
	adds r0, r4, #0x0
	adds r0, #0xCC
	ldr r0, [r0, #0x00]
	str r0, [r2, #0x34]
	adds r1, r2, #0x0
	adds r0, r4, #0x0
	adds r0, #0x08
	ldm r0!, {r3, r6, r7}
	stm r1!, {r3, r6, r7}
	ldr r0, [r0, #0x00]
	str r0, [r1, #0x00]
	ldrb r0, [r4, #0x1C]
	strb r0, [r2, #0x10]
	ldr r0, [r4, #0x18]
	str r0, [r2, #0x14]
	adds r0, r2, #0x0
	adds r0, #0x1C
	adds r1, r5, #0x0
	bl func_08000BC8
_080E6072:
	pop {r4, r5, r6, r7}
	pop {r0}
	bx r0
_080E6078: .4byte 0x02039C98
	thumb_func_start func_080E607C
func_080E607C: @ 080E607C
	push {r4, r5, r6, r7, lr}
	add sp, #-0x020
	ldr r0, _080E6088 @ =0x02039C98
	bl func_08000C8C
	b _080E60C0
_080E6088: .4byte 0x02039C98
_080E608C:
	ldr r2, [r4, #0x30]
	str r2, [sp, #0x000]
	ldr r0, [r4, #0x34]
	str r0, [sp, #0x004]
	add r1, sp, #0x008
	adds r0, r4, #0x0
	ldm r0!, {r3, r5, r6}
	stm r1!, {r3, r5, r6}
	ldr r0, [r0, #0x00]
	str r0, [r1, #0x00]
	mov r1, sp
	ldrb r0, [r4, #0x10]
	strb r0, [r1, #0x18]
	ldr r0, [r4, #0x14]
	str r0, [sp, #0x01C]
	ldr r0, _080E60F8 @ =0x02039BA0
	ldr r0, [r0, #0x00]
	adds r0, #0xB4
	ldr r1, [r2, #0x10]
	mov r2, sp
	bl func_08000E14
	adds r0, r4, #0x0
	adds r0, #0x1C
	bl func_08000CD4
_080E60C0:
	adds r4, r0, #0x0
	cmp r4, #0x00
	bne _080E608C
	ldr r4, _080E60FC @ =0x02039C98
	adds r0, r4, #0x0
	bl func_08000BA4
	adds r7, r4, #0x0
	subs r7, #0x8C
	adds r5, r4, #0x0
	subs r5, #0xA8
	adds r4, r7, #0x0
	movs r6, #0x02
_080E60DA:
	adds r0, r4, #0x0
	adds r1, r7, #0x0
	adds r1, #0x8C
	adds r2, r5, #0x0
	bl func_08000BB0
	adds r5, #0x38
	adds r4, #0x38
	subs r6, #0x01
	cmp r6, #0x00
	bge _080E60DA
	add sp, #0x020
	pop {r4, r5, r6, r7}
	pop {r0}
	bx r0
_080E60F8: .4byte 0x02039BA0
_080E60FC: .4byte 0x02039C98
	thumb_func_start func_080E6100
func_080E6100: @ 080E6100
	push {r4, lr}
	add sp, #-0x020
	ldr r0, _080E6114 @ =0x0203C7AC
	ldr r0, [r0, #0x00]
	ldrb r0, [r0, #0x0D]
	cmp r0, #0x03
	beq _080E6118
	cmp r0, #0x05
	beq _080E612E
	b _080E6170
_080E6114: .4byte 0x0203C7AC
_080E6118:
	mov r0, sp
	movs r1, #0x03
	movs r2, #0x03
	bl func_080E5C00
	mov r0, sp
	movs r1, #0x02
	movs r2, #0x02
	bl func_080E5C00
	b _080E6170
_080E612E:
	movs r4, #0x02
_080E6130:
	ldr r0, _080E6140 @ =0x0203C590
	ldrb r0, [r0, #0x04]
	cmp r0, #0x02
	bne _080E6144
	mov r0, sp
	movs r1, #0x04
	b _080E6158
	.byte 0x00, 0x00
_080E6140: .4byte 0x0203C590
_080E6144:
	bl func_080065A4
	lsls r0, r0, #0x10
	lsrs r0, r0, #0x10
	movs r1, #0x01
	ands r0, r1
	cmp r0, #0x00
	beq _080E6160
	mov r0, sp
	movs r1, #0x00
_080E6158:
	movs r2, #0x00
	bl func_080E5C00
	b _080E616A
_080E6160:
	mov r0, sp
	movs r1, #0x01
	movs r2, #0x00
	bl func_080E5C00
_080E616A:
	subs r4, #0x01
	cmp r4, #0x00
	bge _080E6130
_080E6170:
	add sp, #0x020
	pop {r4}
	pop {r0}
	bx r0
	thumb_func_start func_080E6178
func_080E6178: @ 080E6178
	push {r4, r5, r6, r7, lr}
	add sp, #-0x020
	ldr r0, _080E61A0 @ =0x02034F40
	movs r1, #0x00
	strb r1, [r0, #0x00]
	ldr r0, _080E61A4 @ =0x02034F41
	strb r1, [r0, #0x00]
	ldr r1, _080E61A8 @ =0x02034F42
	movs r0, #0x2E
	strb r0, [r1, #0x00]
	ldr r1, _080E61AC @ =0x02039BB0
	ldrb r0, [r1, #0x00]
	cmp r0, #0x00
	beq _080E6228
	adds r0, r1, #0x0
	adds r0, #0xE8
	bl func_08000C8C
	b _080E61E4
	.byte 0x00, 0x00
_080E61A0: .4byte 0x02034F40
_080E61A4: .4byte 0x02034F41
_080E61A8: .4byte 0x02034F42
_080E61AC: .4byte 0x02039BB0
_080E61B0:
	ldr r2, [r4, #0x30]
	str r2, [sp, #0x000]
	ldr r0, [r4, #0x34]
	str r0, [sp, #0x004]
	add r1, sp, #0x008
	adds r0, r4, #0x0
	ldm r0!, {r3, r5, r6}
	stm r1!, {r3, r5, r6}
	ldr r0, [r0, #0x00]
	str r0, [r1, #0x00]
	mov r1, sp
	ldrb r0, [r4, #0x10]
	strb r0, [r1, #0x18]
	ldr r0, [r4, #0x14]
	str r0, [sp, #0x01C]
	ldr r0, _080E621C @ =0x02039BA0
	ldr r0, [r0, #0x00]
	adds r0, #0xB4
	ldr r1, [r2, #0x10]
	mov r2, sp
	bl func_08000E14
	adds r0, r4, #0x0
	adds r0, #0x1C
	bl func_08000CD4
_080E61E4:
	adds r4, r0, #0x0
	cmp r4, #0x00
	bne _080E61B0
	ldr r2, _080E6220 @ =0x02039BB0
	ldr r1, [r2, #0x08]
	movs r0, #0x02
	ands r0, r1
	cmp r0, #0x00
	beq _080E622C
	movs r0, #0x03
	negs r0, r0
	ands r0, r1
	str r0, [r2, #0x08]
	movs r1, #0x40
	ands r0, r1
	cmp r0, #0x00
	bne _080E622C
	ldr r0, _080E6224 @ =0x0203C590
	ldrb r0, [r0, #0x06]
	bl func_080DEE18
	adds r1, r0, #0x0
	ldrb r0, [r1, #0x0B]
	cmp r0, #0x00
	beq _080E622C
	subs r0, #0x01
	strb r0, [r1, #0x0B]
	b _080E622C
_080E621C: .4byte 0x02039BA0
_080E6220: .4byte 0x02039BB0
_080E6224: .4byte 0x0203C590
_080E6228:
	bl func_080E6100
_080E622C:
	ldr r4, _080E6260 @ =0x02039C98
	adds r0, r4, #0x0
	bl func_08000BA4
	adds r7, r4, #0x0
	subs r7, #0x8C
	adds r5, r4, #0x0
	subs r5, #0xA8
	adds r4, r7, #0x0
	movs r6, #0x02
_080E6240:
	adds r0, r4, #0x0
	adds r1, r7, #0x0
	adds r1, #0x8C
	adds r2, r5, #0x0
	bl func_08000BB0
	adds r5, #0x38
	adds r4, #0x38
	subs r6, #0x01
	cmp r6, #0x00
	bge _080E6240
	add sp, #0x020
	pop {r4, r5, r6, r7}
	pop {r0}
	bx r0
	.byte 0x00, 0x00
_080E6260: .4byte 0x02039C98
	thumb_func_start func_080E6264
func_080E6264: @ 080E6264
	push {r4, r5, r6, r7, lr}
	add sp, #-0x020
	ldr r7, _080E6290 @ =0x0203C7AC
	ldr r0, [r7, #0x00]
	ldrb r0, [r0, #0x0D]
	lsls r0, r0, #0x03
	ldr r1, _080E6294 @ =0x0984D134
	adds r4, r0, r1
	ldr r5, _080E6298 @ =0x02039BA0
	ldr r2, [r5, #0x00]
	ldr r0, [r2, #0x70]
	ldr r1, _080E629C @ =0xFFFEFFFF
	ands r0, r1
	str r0, [r2, #0x70]
	ldr r1, _080E62A0 @ =0x02034F42
	ldrb r0, [r1, #0x00]
	cmp r0, #0x00
	beq _080E62A4
	subs r0, #0x01
	strb r0, [r1, #0x00]
	b _080E637C
	.byte 0x00, 0x00
_080E6290: .4byte 0x0203C7AC
_080E6294: .4byte 0x0984D134
_080E6298: .4byte 0x02039BA0
_080E629C: .4byte 0xFFFEFFFF
_080E62A0: .4byte 0x02034F42
_080E62A4:
	ldr r6, _080E62FC @ =0x0203C590
	ldrb r0, [r6, #0x06]
	bl func_080DEE18
	adds r1, r0, #0x0
	ldr r2, _080E6300 @ =0x02034F40
	ldrb r0, [r2, #0x00]
	ldrb r4, [r4, #0x01]
	cmp r0, r4
	bcs _080E637C
	ldrb r0, [r1, #0x0B]
	ldrb r1, [r2, #0x00]
	subs r0, r0, r1
	cmp r0, #0x00
	ble _080E637C
	ldr r0, [r5, #0x00]
	ldr r0, [r0, #0x70]
	ldr r1, _080E6304 @ =0x00040280
	ands r0, r1
	cmp r0, #0x00
	bne _080E637C
	bl func_080065A4
	lsls r0, r0, #0x10
	lsrs r0, r0, #0x10
	ldr r1, _080E6308 @ =0x00002710
	bl func_0811D7CC
	lsls r0, r0, #0x10
	ldr r1, _080E630C @ =0x1F3F0000
	cmp r0, r1
	bls _080E637C
	ldr r0, [r7, #0x00]
	ldrb r0, [r0, #0x0D]
	cmp r0, #0x14
	beq _080E6314
	cmp r0, #0x15
	beq _080E6320
	ldrb r0, [r6, #0x04]
	cmp r0, #0x02
	bne _080E632C
	ldr r0, _080E6310 @ =0x09EF83F8
	ldr r4, [r0, #0x10]
	b _080E6350
_080E62FC: .4byte 0x0203C590
_080E6300: .4byte 0x02034F40
_080E6304: .4byte 0x00040280
_080E6308: .4byte 0x00002710
_080E630C: .4byte 0x1F3F0000
_080E6310: .4byte 0x09EF83F8
_080E6314:
	ldr r0, _080E631C @ =0x09EF83F8
	ldr r4, [r0, #0x14]
	b _080E6350
	.byte 0x00, 0x00
_080E631C: .4byte 0x09EF83F8
_080E6320:
	ldr r0, _080E6328 @ =0x09EF83F8
	ldr r4, [r0, #0x18]
	b _080E6350
	.byte 0x00, 0x00
_080E6328: .4byte 0x09EF83F8
_080E632C:
	bl func_080065A4
	lsls r0, r0, #0x10
	lsrs r0, r0, #0x10
	movs r1, #0x03
	bl func_0811D7CC
	lsls r0, r0, #0x10
	cmp r0, #0x00
	beq _080E634C
	ldr r0, _080E6348 @ =0x09EF83F8
	ldr r4, [r0, #0x00]
	b _080E6350
	.byte 0x00, 0x00
_080E6348: .4byte 0x09EF83F8
_080E634C:
	ldr r0, _080E6384 @ =0x09EF83F8
	ldr r4, [r0, #0x04]
_080E6350:
	ldr r0, _080E6388 @ =0x02034F41
	ldrb r0, [r0, #0x00]
	ldrh r1, [r4, #0x08]
	adds r0, r0, r1
	movs r1, #0x80
	lsls r1, r1, #0x01
	cmp r0, r1
	bgt _080E637C
	ldr r1, _080E638C @ =0x02034F42
	movs r0, #0x1E
	strb r0, [r1, #0x00]
	mov r0, sp
	adds r1, r4, #0x0
	bl func_080E5B90
	ldr r0, _080E6390 @ =0x02039BA0
	ldr r0, [r0, #0x00]
	adds r0, #0xB4
	ldr r1, [r4, #0x10]
	mov r2, sp
	bl func_08000E14
_080E637C:
	add sp, #0x020
	pop {r4, r5, r6, r7}
	pop {r0}
	bx r0
_080E6384: .4byte 0x09EF83F8
_080E6388: .4byte 0x02034F41
_080E638C: .4byte 0x02034F42
_080E6390: .4byte 0x02039BA0
	thumb_func_start func_080E6394
func_080E6394: @ 080E6394
	push {r4, r5, r6, r7, lr}
	mov r7, r8
	push {r7}
	adds r6, r0, #0x0
	mov r12, r1
	adds r5, r6, #0x0
	adds r5, #0x08
	ldr r7, [r1, #0x00]
	str r7, [r6, #0x00]
	adds r2, r6, #0x0
	adds r2, #0xCC
	ldr r0, [r1, #0x04]
	str r0, [r2, #0x00]
	movs r0, #0x00
	mov r8, r0
	mov r1, r8
	strh r1, [r6, #0x04]
	adds r2, #0x14
	movs r0, #0x1E
	strh r0, [r2, #0x00]
	adds r2, r5, #0x0
	mov r0, r12
	adds r0, #0x08
	ldm r0!, {r1, r3, r4}
	stm r2!, {r1, r3, r4}
	ldr r0, [r0, #0x00]
	str r0, [r2, #0x00]
	mov r2, r12
	ldrb r0, [r2, #0x18]
	strb r0, [r5, #0x14]
	ldr r0, [r2, #0x1C]
	str r0, [r5, #0x10]
	ldrh r0, [r7, #0x0A]
	strh r0, [r5, #0x1A]
	mov r3, r8
	strh r3, [r5, #0x34]
	movs r4, #0x01
	strh r4, [r5, #0x30]
	ldrh r1, [r7, #0x0C]
	adds r0, r6, #0x0
	adds r0, #0xC8
	strh r1, [r0, #0x00]
	ldrh r0, [r7, #0x0A]
	adds r1, r6, #0x0
	adds r1, #0xCA
	strh r0, [r1, #0x00]
	adds r0, r6, #0x0
	adds r0, #0xD0
	strh r3, [r0, #0x00]
	adds r0, #0x02
	strh r3, [r0, #0x00]
	adds r1, #0x0A
	ldr r0, [r6, #0x08]
	str r0, [r1, #0x00]
	adds r1, #0x04
	ldr r0, [r5, #0x04]
	str r0, [r1, #0x00]
	adds r1, #0x04
	ldr r0, [r5, #0x08]
	str r0, [r1, #0x00]
	ldr r1, _080E6494 @ =0x02034F40
	ldrb r0, [r1, #0x00]
	adds r0, #0x01
	strb r0, [r1, #0x00]
	ldr r1, _080E6498 @ =0x02034F41
	ldrb r0, [r7, #0x08]
	ldrb r2, [r1, #0x00]
	adds r0, r0, r2
	strb r0, [r1, #0x00]
	ldrh r0, [r7, #0x08]
	lsls r0, r0, #0x15
	lsrs r0, r0, #0x10
	movs r1, #0x00
	bl func_080028F8
	adds r1, r6, #0x0
	adds r1, #0xBC
	str r0, [r1, #0x00]
	ldr r0, [r7, #0x04]
	movs r1, #0x20
	bl func_08002A14
	adds r1, r6, #0x0
	adds r1, #0xC0
	str r0, [r1, #0x00]
	adds r0, r6, #0x0
	adds r0, #0xC4
	mov r3, r8
	str r3, [r0, #0x00]
	subs r0, #0x20
	movs r1, #0x00
	movs r2, #0x00
	bl func_08005968
	movs r0, #0xE4
	adds r0, r0, r6
	mov r8, r0
	movs r1, #0x02
	bl func_08000E64
	ldrh r0, [r7, #0x14]
	ands r4, r0
	cmp r4, #0x00
	bne _080E646E
	ldr r1, _080E649C @ =0x09EDAF90
	mov r0, r8
	adds r2, r5, #0x0
	bl func_08000E14
_080E646E:
	ldrh r1, [r7, #0x14]
	movs r0, #0x08
	ands r0, r1
	cmp r0, #0x00
	beq _080E64A0
	ldrh r0, [r6, #0x04]
	movs r1, #0x02
	orrs r0, r1
	strh r0, [r6, #0x04]
	adds r4, r6, #0x0
	adds r4, #0x48
	ldrh r2, [r7, #0x0C]
	ldrh r3, [r7, #0x0A]
	adds r0, r4, #0x0
	movs r1, #0x0B
	bl func_080122AC
	b _080E64B0
	.byte 0x00, 0x00
_080E6494: .4byte 0x02034F40
_080E6498: .4byte 0x02034F41
_080E649C: .4byte 0x09EDAF90
_080E64A0:
	adds r4, r6, #0x0
	adds r4, #0x48
	ldrh r2, [r7, #0x0C]
	ldrh r3, [r7, #0x0A]
	adds r0, r4, #0x0
	movs r1, #0x03
	bl func_080122AC
_080E64B0:
	ldr r1, [r5, #0x00]
	ldr r2, [r5, #0x04]
	ldr r3, [r5, #0x08]
	adds r0, r4, #0x0
	bl func_08012324
	adds r0, r4, #0x0
	movs r1, #0x01
	bl func_08012614
	adds r0, r6, #0x0
	bl _080E5CD4
	pop {r3}
	mov r8, r3
	pop {r4, r5, r6, r7}
	pop {r0}
	bx r0
	thumb_func_start func_080E64D4
func_080E64D4: @ 080E64D4
	push {r4, r5, r6, r7, lr}
	mov r7, r8
	push {r7}
	add sp, #-0x010
	adds r7, r0, #0x0
	adds r4, r7, #0x0
	adds r4, #0x08
	adds r6, r7, #0x0
	adds r6, #0xC4
	ldr r0, [r6, #0x00]
	cmp r0, #0x00
	beq _080E6564
	ldrh r1, [r7, #0x04]
	movs r0, #0x01
	ands r0, r1
	movs r1, #0x80
	lsls r1, r1, #0x04
	mov r12, r1
	cmp r0, #0x00
	beq _080E6500
	ldr r2, _080E6570 @ =0x00000801
	mov r12, r2
_080E6500:
	ldr r1, [r4, #0x04]
	asrs r1, r1, #0x08
	lsls r0, r1, #0x02
	ldr r2, _080E6574 @ =0xFFFFEFFC
	adds r5, r2, #0x0
	subs r5, r5, r0
	lsls r5, r5, #0x10
	lsrs r5, r5, #0x10
	ldr r0, [r4, #0x0C]
	str r0, [r4, #0x3C]
	adds r0, r5, #0x1
	movs r2, #0x00
	mov r8, r2
	strh r0, [r4, #0x3A]
	ldr r0, [r7, #0x08]
	asrs r0, r0, #0x08
	ldr r2, _080E6578 @ =0x02039BA0
	ldr r3, [r2, #0x00]
	ldr r2, [r3, #0x00]
	asrs r2, r2, #0x08
	subs r0, r0, r2
	ldr r2, [r4, #0x08]
	asrs r2, r2, #0x08
	adds r1, r1, r2
	ldr r2, [r3, #0x04]
	asrs r2, r2, #0x08
	subs r1, r1, r2
	lsls r0, r0, #0x10
	asrs r0, r0, #0x10
	lsls r1, r1, #0x10
	asrs r1, r1, #0x10
	ldr r2, [r6, #0x00]
	adds r3, r7, #0x0
	adds r3, #0xBC
	ldr r3, [r3, #0x00]
	adds r4, r7, #0x0
	adds r4, #0xC0
	ldr r4, [r4, #0x00]
	str r4, [sp, #0x000]
	mov r4, r8
	str r4, [sp, #0x004]
	mov r4, r12
	str r4, [sp, #0x008]
	str r5, [sp, #0x00C]
	bl func_080023E0
	adds r0, r7, #0x0
	adds r0, #0xE4
	bl func_08000EE0
_080E6564:
	add sp, #0x010
	pop {r3}
	mov r8, r3
	pop {r4, r5, r6, r7}
	pop {r0}
	bx r0
_080E6570: .4byte 0x00000801
_080E6574: .4byte 0xFFFFEFFC
_080E6578: .4byte 0x02039BA0
	thumb_func_start func_080E657C
func_080E657C: @ 080E657C
	push {r4, r5, r6, r7, lr}
	adds r4, r0, #0x0
	ldr r1, _080E6624 @ =0x02039BB0
	ldrb r0, [r1, #0x00]
	cmp r0, #0x00
	beq _080E65E4
	ldrh r3, [r4, #0x04]
	movs r0, #0x04
	ands r0, r3
	cmp r0, #0x00
	bne _080E65E4
	ldr r0, _080E6628 @ =0x0203C7AC
	ldr r0, [r0, #0x00]
	ldr r0, [r0, #0x00]
	movs r2, #0x02
	ands r0, r2
	cmp r0, #0x00
	beq _080E65A8
	adds r0, r2, #0x0
	ands r0, r3
	cmp r0, #0x00
	beq _080E65E4
_080E65A8:
	adds r5, r1, #0x0
	adds r5, #0xE8
	adds r0, r5, #0x0
	bl func_08000D0C
	adds r2, r0, #0x0
	cmp r2, #0x00
	beq _080E65E4
	ldr r0, [r4, #0x00]
	str r0, [r2, #0x30]
	adds r0, r4, #0x0
	adds r0, #0xCC
	ldr r0, [r0, #0x00]
	str r0, [r2, #0x34]
	adds r1, r2, #0x0
	adds r0, r4, #0x0
	adds r0, #0x08
	ldm r0!, {r3, r6, r7}
	stm r1!, {r3, r6, r7}
	ldr r0, [r0, #0x00]
	str r0, [r1, #0x00]
	ldrb r0, [r4, #0x1C]
	strb r0, [r2, #0x10]
	ldr r0, [r4, #0x18]
	str r0, [r2, #0x14]
	adds r0, r2, #0x0
	adds r0, #0x1C
	adds r1, r5, #0x0
	bl func_08000BC8
_080E65E4:
	ldr r1, _080E662C @ =0x02034F40
	ldrb r0, [r1, #0x00]
	subs r0, #0x01
	strb r0, [r1, #0x00]
	ldr r2, _080E6630 @ =0x02034F41
	ldr r0, [r4, #0x00]
	ldrb r1, [r0, #0x08]
	ldrb r0, [r2, #0x00]
	subs r0, r0, r1
	strb r0, [r2, #0x00]
	adds r0, r4, #0x0
	adds r0, #0x48
	bl func_08012304
	adds r0, r4, #0x0
	adds r0, #0xBC
	ldr r0, [r0, #0x00]
	bl func_080028C0
	adds r0, r4, #0x0
	adds r0, #0xC0
	ldr r0, [r0, #0x00]
	bl func_08002C10
	adds r0, r4, #0x0
	adds r0, #0xE4
	bl func_08000F0C
	pop {r4, r5, r6, r7}
	pop {r0}
	bx r0
	.byte 0x00, 0x00
_080E6624: .4byte 0x02039BB0
_080E6628: .4byte 0x0203C7AC
_080E662C: .4byte 0x02034F40
_080E6630: .4byte 0x02034F41
_080E6634:
	.byte 0x00, 0xB5, 0x00, 0x06, 0x02, 0x0E, 0x05, 0x48, 0x00, 0x79, 0x01, 0x38, 0x0B, 0x28, 0x00, 0xD9
	.byte 0xB9, 0xE0, 0x80, 0x00, 0x02, 0x49, 0x40, 0x18, 0x00, 0x68, 0x87, 0x46, 0x90, 0xC5, 0x03, 0x02
	.byte 0x58, 0x66, 0x0E, 0x08, 0x88, 0x66, 0x0E, 0x08, 0x9A, 0x66, 0x0E, 0x08, 0xCC, 0x66, 0x0E, 0x08
	.byte 0xA8, 0x66, 0x0E, 0x08, 0xBA, 0x66, 0x0E, 0x08, 0x38, 0x67, 0x0E, 0x08, 0xF0, 0x66, 0x0E, 0x08
	.byte 0xDE, 0x66, 0x0E, 0x08, 0x02, 0x67, 0x0E, 0x08, 0x14, 0x67, 0x0E, 0x08, 0xBA, 0x67, 0x0E, 0x08
	.byte 0x26, 0x67, 0x0E, 0x08, 0x1F, 0xF7, 0x8C, 0xFF, 0x00, 0x04, 0x00, 0x0C, 0x0C, 0x21, 0x37, 0xF0
	.byte 0x9B, 0xF8, 0x02, 0x30, 0x97, 0xE0, 0x1F, 0xF7, 0x83, 0xFF, 0x00, 0x04, 0x01, 0x0C, 0x01, 0x20
	.byte 0x01, 0x40, 0x92, 0xE0, 0x1F, 0xF7, 0x7C, 0xFF, 0x00, 0x04, 0x00, 0x0C, 0x03, 0x21, 0x37, 0xF0
	.byte 0x8B, 0xF8, 0x0E, 0x30, 0x87, 0xE0, 0x1F, 0xF7, 0x73, 0xFF, 0x00, 0x04, 0x00, 0x0C, 0x05, 0x21
	.byte 0x37, 0xF0, 0x82, 0xF8, 0x11, 0x30, 0x7E, 0xE0, 0x1F, 0xF7, 0x6A, 0xFF, 0x00, 0x04, 0x00, 0x0C
	.byte 0x05, 0x21, 0x37, 0xF0, 0x79, 0xF8, 0x23, 0x30, 0x75, 0xE0, 0x1F, 0xF7, 0x61, 0xFF, 0x00, 0x04
	.byte 0x00, 0x0C, 0x05, 0x21, 0x37, 0xF0, 0x70, 0xF8, 0x28, 0x30, 0x6C, 0xE0, 0x1F, 0xF7, 0x58, 0xFF
	.byte 0x00, 0x04, 0x00, 0x0C, 0x07, 0x21, 0x37, 0xF0, 0x67, 0xF8, 0x2D, 0x30, 0x63, 0xE0, 0x1F, 0xF7
	.byte 0x4F, 0xFF, 0x00, 0x04, 0x00, 0x0C, 0x05, 0x21, 0x37, 0xF0, 0x5E, 0xF8, 0x34, 0x30, 0x5A, 0xE0
	.byte 0x1F, 0xF7, 0x46, 0xFF, 0x00, 0x04, 0x00, 0x0C, 0x01, 0x21, 0x08, 0x40, 0x01, 0x1C, 0x39, 0x31
	.byte 0x53, 0xE0, 0x1F, 0xF7, 0x3D, 0xFF, 0x00, 0x04, 0x00, 0x0C, 0x01, 0x21, 0x08, 0x40, 0x01, 0x1C
	.byte 0x3F, 0x31, 0x4A, 0xE0, 0x07, 0x2A, 0x35, 0xD8, 0x1F, 0xF7, 0x32, 0xFF, 0x00, 0x04, 0x00, 0x0C
	.byte 0x05, 0x21, 0x37, 0xF0, 0x41, 0xF8, 0x00, 0x04, 0x00, 0x0C, 0x00, 0x28, 0x1D, 0xDB, 0x01, 0x28
	.byte 0x0E, 0xDD, 0x03, 0x28, 0x19, 0xDC, 0x1F, 0xF7, 0x23, 0xFF, 0x00, 0x04, 0x00, 0x0C, 0x03, 0x21
	.byte 0x37, 0xF0, 0x32, 0xF8, 0x00, 0x04, 0x22, 0x21, 0x00, 0x28, 0x2E, 0xD0, 0x1F, 0x21, 0x2C, 0xE0
	.byte 0x1F, 0xF7, 0x16, 0xFF, 0x00, 0x04, 0x00, 0x0C, 0x03, 0x21, 0x37, 0xF0, 0x25, 0xF8, 0x00, 0x04
	.byte 0x21, 0x21, 0x00, 0x28, 0x21, 0xD0, 0x1E, 0x21, 0x1F, 0xE0, 0x1F, 0xF7, 0x09, 0xFF, 0x00, 0x04
	.byte 0x00, 0x0C, 0x03, 0x21, 0x37, 0xF0, 0x18, 0xF8, 0x00, 0x04, 0x20, 0x21, 0x00, 0x28, 0x14, 0xD0
	.byte 0x1D, 0x21, 0x12, 0xE0, 0x1F, 0xF7, 0xFC, 0xFE, 0x00, 0x04, 0x00, 0x0C, 0x07, 0x21, 0x37, 0xF0
	.byte 0x0B, 0xF8, 0x16, 0x30, 0x07, 0xE0, 0x1F, 0xF7, 0xF3, 0xFE, 0x00, 0x04, 0x00, 0x0C, 0x03, 0x21
	.byte 0x37, 0xF0, 0x02, 0xF8, 0x3B, 0x30, 0x00, 0x06, 0x01, 0x0E, 0x08, 0x1C, 0x02, 0xBC, 0x08, 0x47
	thumb_func_start func_080E67D4
func_080E67D4: @ 080E67D4
	push {lr}
	cmp r0, #0x00
	bge _080E67DE
	ldr r2, _080E67FC @ =0x00001FFF
	adds r0, r0, r2
_080E67DE:
	lsls r0, r0, #0x03
	lsrs r0, r0, #0x10
	cmp r1, #0x00
	bge _080E67EA
	ldr r2, _080E6800 @ =0x00000FFF
	adds r1, r1, r2
_080E67EA:
	lsls r1, r1, #0x04
	lsls r0, r0, #0x10
	asrs r0, r0, #0x10
	asrs r1, r1, #0x10
	bl func_080E548C
	pop {r1}
	bx r1
	.byte 0x00, 0x00
_080E67FC: .4byte 0x00001FFF
_080E6800: .4byte 0x00000FFF
	thumb_func_start func_080E6804
func_080E6804: @ 080E6804
	push {r4, r5, r6, r7, lr}
	mov r7, r8
	push {r7}
	lsls r0, r0, #0x10
	lsrs r0, r0, #0x10
	mov r8, r0
	lsls r1, r1, #0x10
	lsrs r1, r1, #0x10
	mov r12, r1
	movs r6, #0x00
	movs r5, #0x00
	ldr r0, _080E6888 @ =0x02034F78
	ldrb r1, [r0, #0x00]
	cmp r5, r1
	bge _080E6898
	ldr r0, _080E688C @ =0x0203C7B8
	ldr r0, [r0, #0x00]
	adds r7, r1, #0x0
	adds r3, r0, #0x4
_080E682A:
	ldr r0, [r3, #0x00]
	asrs r0, r0, #0x08
	cmp r0, #0x00
	bge _080E6834
	adds r0, #0x1F
_080E6834:
	lsls r0, r0, #0x0B
	lsrs r2, r0, #0x10
	ldr r0, [r3, #0x04]
	ldr r1, [r3, #0x08]
	adds r0, r0, r1
	asrs r0, r0, #0x08
	cmp r0, #0x00
	bge _080E6846
	adds r0, #0x0F
_080E6846:
	lsls r0, r0, #0x0C
	lsrs r4, r0, #0x10
	lsls r0, r2, #0x10
	asrs r2, r0, #0x10
	mov r1, r8
	lsls r0, r1, #0x10
	asrs r1, r0, #0x10
	adds r0, r1, #0x0
	subs r0, #0x09
	cmp r2, r0
	ble _080E6890
	adds r0, #0x12
	cmp r2, r0
	bge _080E6890
	lsls r0, r4, #0x10
	asrs r2, r0, #0x10
	mov r1, r12
	lsls r0, r1, #0x10
	asrs r1, r0, #0x10
	adds r0, r1, #0x0
	subs r0, #0x0B
	cmp r2, r0
	ble _080E6890
	adds r0, #0x16
	cmp r2, r0
	bge _080E6890
	adds r0, r6, #0x1
	lsls r0, r0, #0x18
	lsrs r6, r0, #0x18
	cmp r6, #0x02
	bls _080E6890
	movs r0, #0x00
	b _080E689A
_080E6888: .4byte 0x02034F78
_080E688C: .4byte 0x0203C7B8
_080E6890:
	adds r3, #0x18
	adds r5, #0x01
	cmp r5, r7
	blt _080E682A
_080E6898:
	movs r0, #0x01
_080E689A:
	pop {r3}
	mov r8, r3
	pop {r4, r5, r6, r7}
	pop {r1}
	bx r1
	thumb_func_start func_080E68A4
func_080E68A4: @ 080E68A4
	push {r4, lr}
	lsls r2, r2, #0x18
	lsrs r4, r2, #0x18
	lsls r0, r0, #0x10
	asrs r0, r0, #0x10
	lsls r1, r1, #0x10
	asrs r1, r1, #0x10
	bl func_080E548C
	adds r2, r0, #0x0
	cmp r2, #0x00
	beq _080E68DC
	ldr r1, [r2, #0x0C]
	movs r0, #0x80
	lsls r0, r0, #0x0D
	cmp r1, r0
	beq _080E68DC
	ldrb r0, [r2, #0x02]
	cmp r0, r4
	bne _080E68DC
	ldrh r1, [r2, #0x00]
	movs r0, #0x96
	lsls r0, r0, #0x04
	ands r0, r1
	cmp r0, #0x00
	bne _080E68DC
	movs r0, #0x01
	b _080E68DE
_080E68DC:
	movs r0, #0x00
_080E68DE:
	pop {r4}
	pop {r1}
	bx r1
	thumb_func_start func_080E68E4
func_080E68E4: @ 080E68E4
	push {r4, r5, r6, r7, lr}
	mov r7, r10
	mov r6, r9
	mov r5, r8
	push {r5, r6, r7}
	add sp, #-0x008
	ldr r4, [sp, #0x028]
	lsls r0, r0, #0x10
	lsrs r5, r0, #0x10
	lsls r1, r1, #0x10
	lsrs r0, r1, #0x10
	lsls r2, r2, #0x18
	lsrs r2, r2, #0x18
	mov r10, r2
	lsls r3, r3, #0x18
	lsrs r3, r3, #0x18
	mov r8, r3
	lsls r4, r4, #0x18
	lsrs r4, r4, #0x18
	mov r9, r4
	movs r3, #0x00
	cmp r3, r10
	bge _080E6956
	lsls r0, r0, #0x10
	asrs r0, r0, #0x10
	str r0, [sp, #0x000]
	lsls r7, r5, #0x10
_080E691A:
	movs r5, #0x00
	cmp r5, r8
	bge _080E694A
	adds r6, r7, #0x0
	ldr r0, [sp, #0x000]
	lsls r4, r0, #0x10
_080E6926:
	asrs r1, r4, #0x10
	asrs r0, r6, #0x10
	mov r2, r9
	str r3, [sp, #0x004]
	bl func_080E68A4
	lsls r0, r0, #0x18
	ldr r3, [sp, #0x004]
	cmp r0, #0x00
	bne _080E693E
	movs r0, #0x00
	b _080E6958
_080E693E:
	movs r0, #0x80
	lsls r0, r0, #0x09
	adds r4, r4, r0
	adds r5, #0x01
	cmp r5, r8
	blt _080E6926
_080E694A:
	movs r0, #0x80
	lsls r0, r0, #0x09
	adds r7, r7, r0
	adds r3, #0x01
	cmp r3, r10
	blt _080E691A
_080E6956:
	movs r0, #0x01
_080E6958:
	add sp, #0x008
	pop {r3, r4, r5}
	mov r8, r3
	mov r9, r4
	mov r10, r5
	pop {r4, r5, r6, r7}
	pop {r1}
	bx r1
	thumb_func_start func_080E6968
func_080E6968: @ 080E6968
	push {r4, lr}
	adds r4, r2, #0x0
	lsls r4, r4, #0x18
	lsrs r4, r4, #0x18
	lsls r0, r0, #0x10
	asrs r0, r0, #0x10
	lsls r1, r1, #0x10
	asrs r1, r1, #0x10
	bl func_080E548C
	ldr r1, [r0, #0x0C]
	ldr r0, [r0, #0x08]
	subs r1, r1, r0
	lsls r1, r1, #0x08
	lsrs r1, r1, #0x10
	movs r0, #0x00
	lsls r4, r4, #0x04
	cmp r1, r4
	ble _080E6990
	movs r0, #0x01
_080E6990:
	pop {r4}
	pop {r1}
	bx r1
	.byte 0x00, 0x00
	thumb_func_start func_080E6998
func_080E6998: @ 080E6998
	push {r4, r5, r6, r7, lr}
	mov r7, r10
	mov r6, r9
	mov r5, r8
	push {r5, r6, r7}
	add sp, #-0x004
	lsls r0, r0, #0x10
	lsrs r4, r0, #0x10
	lsls r1, r1, #0x10
	lsrs r0, r1, #0x10
	lsls r2, r2, #0x18
	lsrs r2, r2, #0x18
	mov r9, r2
	lsls r3, r3, #0x18
	lsrs r7, r3, #0x18
	movs r2, #0x00
	cmp r2, r9
	bge _080E6A02
	lsls r0, r0, #0x10
	asrs r0, r0, #0x10
	str r0, [sp, #0x000]
	lsls r0, r4, #0x10
	asrs r0, r0, #0x10
	mov r10, r0
_080E69C8:
	movs r5, #0x00
	adds r0, r2, #0x1
	mov r8, r0
	cmp r5, r7
	bge _080E69FC
	mov r1, r10
	adds r0, r1, r2
	lsls r6, r0, #0x10
	ldr r3, [sp, #0x000]
	lsls r4, r3, #0x10
_080E69DC:
	asrs r1, r4, #0x10
	asrs r0, r6, #0x10
	bl func_080E548C
	ldrh r2, [r0, #0x00]
	movs r3, #0x80
	lsls r3, r3, #0x01
	adds r1, r3, #0x0
	orrs r1, r2
	strh r1, [r0, #0x00]
	movs r0, #0x80
	lsls r0, r0, #0x09
	adds r4, r4, r0
	adds r5, #0x01
	cmp r5, r7
	blt _080E69DC
_080E69FC:
	mov r2, r8
	cmp r2, r9
	blt _080E69C8
_080E6A02:
	add sp, #0x004
	pop {r3, r4, r5}
	mov r8, r3
	mov r9, r4
	mov r10, r5
	pop {r4, r5, r6, r7}
	pop {r0}
	bx r0
	.byte 0x00, 0x00
	thumb_func_start func_080E6A14
func_080E6A14: @ 080E6A14
	push {r4, r5, r6, r7, lr}
	lsls r0, r0, #0x10
	lsrs r2, r0, #0x10
	lsls r1, r1, #0x10
	lsrs r1, r1, #0x10
	ldr r0, _080E6A6C @ =0x0203C7AC
	ldr r0, [r0, #0x00]
	ldrh r0, [r0, #0x06]
	subs r0, r0, r1
	lsls r0, r0, #0x10
	lsrs r5, r0, #0x10
	movs r4, #0x00
	cmp r4, r5
	bge _080E6A76
	lsls r0, r1, #0x10
	asrs r7, r0, #0x10
	lsls r6, r2, #0x10
_080E6A36:
	adds r1, r7, r4
	lsls r1, r1, #0x10
	asrs r1, r1, #0x10
	asrs r0, r6, #0x10
	bl func_080E548C
	adds r2, r0, #0x0
	ldrh r0, [r2, #0x00]
	movs r3, #0x80
	lsls r3, r3, #0x01
	adds r1, r3, #0x0
	ands r0, r1
	cmp r0, #0x00
	bne _080E6A76
	ldrb r0, [r2, #0x02]
	cmp r0, #0x00
	beq _080E6A64
	cmp r0, #0x04
	beq _080E6A64
	cmp r0, #0x02
	beq _080E6A64
	cmp r0, #0x06
	bne _080E6A70
_080E6A64:
	lsls r0, r4, #0x10
	asrs r0, r0, #0x10
	b _080E6A78
	.byte 0x00, 0x00
_080E6A6C: .4byte 0x0203C7AC
_080E6A70:
	adds r4, #0x01
	cmp r4, r5
	blt _080E6A36
_080E6A76:
	movs r0, #0x00
_080E6A78:
	pop {r4, r5, r6, r7}
	pop {r1}
	bx r1
	.byte 0x00, 0x00
	thumb_func_start func_080E6A80
func_080E6A80: @ 080E6A80
	push {r4, r5, r6, r7, lr}
	mov r7, r10
	mov r6, r9
	mov r5, r8
	push {r5, r6, r7}
	add sp, #-0x00C
	lsls r0, r0, #0x10
	lsrs r4, r0, #0x10
	lsls r1, r1, #0x10
	lsrs r1, r1, #0x10
	lsls r2, r2, #0x10
	lsrs r2, r2, #0x10
	mov r9, r2
	ldr r0, _080E6AE8 @ =0x0203C7AC
	ldr r0, [r0, #0x00]
	ldrh r0, [r0, #0x06]
	subs r0, r0, r1
	lsls r0, r0, #0x10
	lsrs r2, r0, #0x10
	movs r3, #0x00
	cmp r3, r9
	bge _080E6B0E
	lsls r0, r1, #0x10
	asrs r0, r0, #0x10
	mov r10, r0
	lsls r7, r4, #0x10
_080E6AB4:
	movs r5, #0x00
	cmp r5, r2
	bge _080E6B02
	str r7, [sp, #0x008]
	movs r0, #0x80
	lsls r0, r0, #0x01
	mov r8, r0
	mov r6, r10
	lsls r4, r6, #0x10
_080E6AC6:
	asrs r1, r4, #0x10
	ldr r6, [sp, #0x008]
	asrs r0, r6, #0x10
	str r2, [sp, #0x000]
	str r3, [sp, #0x004]
	bl func_080E548C
	adds r1, r0, #0x0
	ldrh r0, [r1, #0x00]
	mov r6, r8
	ands r0, r6
	ldr r2, [sp, #0x000]
	ldr r3, [sp, #0x004]
	cmp r0, #0x00
	beq _080E6AEC
	movs r0, #0x00
	b _080E6B10
_080E6AE8: .4byte 0x0203C7AC
_080E6AEC:
	ldrb r0, [r1, #0x02]
	subs r0, #0x07
	lsls r0, r0, #0x18
	lsrs r0, r0, #0x18
	cmp r0, #0x02
	bhi _080E6B02
	ldr r0, _080E6B20 @ =0xFFFF0000
	adds r4, r4, r0
	adds r5, #0x01
	cmp r5, r2
	blt _080E6AC6
_080E6B02:
	movs r6, #0x80
	lsls r6, r6, #0x09
	adds r7, r7, r6
	adds r3, #0x01
	cmp r3, r9
	blt _080E6AB4
_080E6B0E:
	movs r0, #0x01
_080E6B10:
	add sp, #0x00C
	pop {r3, r4, r5}
	mov r8, r3
	mov r9, r4
	mov r10, r5
	pop {r4, r5, r6, r7}
	pop {r1}
	bx r1
_080E6B20: .4byte 0xFFFF0000
	.byte 0xF0, 0xB5, 0x57, 0x46, 0x4E, 0x46, 0x45, 0x46, 0xE0, 0xB4, 0x83, 0xB0, 0x01, 0x90, 0x12, 0x48
	.byte 0x01, 0x68, 0x88, 0x88, 0x02, 0x38, 0x00, 0x04, 0x00, 0x0C, 0x80, 0x46, 0x48, 0x89, 0x09, 0x89
	.byte 0x40, 0x1A, 0x02, 0x38, 0x00, 0x04, 0x00, 0x0C, 0x02, 0x90, 0x1F, 0xF7, 0x29, 0xFD, 0x00, 0x04
	.byte 0x00, 0x0C, 0x41, 0x46, 0x36, 0xF0, 0x38, 0xFE, 0x00, 0x04, 0x04, 0x0C, 0x1F, 0xF7, 0x20, 0xFD
	.byte 0x00, 0x04, 0x00, 0x0C, 0x02, 0x99, 0x36, 0xF0, 0x2F, 0xFE, 0x00, 0x04, 0x00, 0x0C, 0x81, 0x46
	.byte 0x00, 0x20, 0x82, 0x46, 0x4C, 0xE0, 0x00, 0x00, 0xAC, 0xC7, 0x03, 0x02, 0x17, 0x48, 0x00, 0x68
	.byte 0x00, 0x89, 0x48, 0x44, 0x00, 0x04, 0x00, 0x0C, 0x00, 0x27, 0x47, 0x45, 0x34, 0xDA, 0x00, 0x04
	.byte 0x06, 0x14, 0x24, 0x04, 0x25, 0x14, 0x28, 0x1C, 0x31, 0x1C, 0xFF, 0xF7, 0x31, 0xFE, 0x00, 0x06
	.byte 0x00, 0x28, 0x1D, 0xD0, 0x00, 0x20, 0x00, 0x90, 0x28, 0x1C, 0x31, 0x1C, 0x02, 0x22, 0x02, 0x23
	.byte 0xFF, 0xF7, 0x96, 0xFE, 0x00, 0x06, 0x00, 0x28, 0x12, 0xD0, 0x28, 0x1C, 0x31, 0x1C, 0x02, 0x22
	.byte 0x02, 0x23, 0xFF, 0xF7, 0xE7, 0xFE, 0x02, 0x20, 0x00, 0x90, 0x01, 0x98, 0x29, 0x1C, 0x32, 0x1C
	.byte 0x02, 0x23, 0xF9, 0xF7, 0xC1, 0xF9, 0x01, 0x20, 0x1E, 0xE0, 0x00, 0x00, 0xAC, 0xC7, 0x03, 0x02
	.byte 0x80, 0x21, 0x49, 0x02, 0x60, 0x18, 0x00, 0x14, 0x41, 0x46, 0x36, 0xF0, 0x49, 0xFD, 0x00, 0x04
	.byte 0x04, 0x0C, 0x01, 0x37, 0x47, 0x45, 0xCC, 0xDB, 0x49, 0x46, 0x08, 0x04, 0x00, 0x14, 0x00, 0x28
	.byte 0x00, 0xD1, 0x02, 0x98, 0x01, 0x38, 0x00, 0x04, 0x00, 0x0C, 0x81, 0x46, 0x01, 0x20, 0x82, 0x44
	.byte 0x02, 0x99, 0x8A, 0x45, 0xB2, 0xDB, 0x00, 0x20, 0x03, 0xB0, 0x38, 0xBC, 0x98, 0x46, 0xA1, 0x46
	.byte 0xAA, 0x46, 0xF0, 0xBC, 0x02, 0xBC, 0x08, 0x47, 0xF0, 0xB5, 0x57, 0x46, 0x4E, 0x46, 0x45, 0x46
	.byte 0xE0, 0xB4, 0x86, 0xB0, 0x01, 0x90, 0x48, 0x48, 0x01, 0x68, 0x88, 0x88, 0x02, 0x38, 0x00, 0x04
	.byte 0x00, 0x0C, 0x81, 0x46, 0x48, 0x89, 0x09, 0x89, 0x40, 0x1A, 0x03, 0x38, 0x00, 0x04, 0x00, 0x0C
	.byte 0x03, 0x90, 0x1F, 0xF7, 0xA5, 0xFC, 0x00, 0x04, 0x00, 0x0C, 0x49, 0x46, 0x36, 0xF0, 0xB4, 0xFD
	.byte 0x00, 0x04, 0x04, 0x0C, 0x1F, 0xF7, 0x9C, 0xFC, 0x00, 0x04, 0x00, 0x0C, 0x03, 0x99, 0x36, 0xF0
	.byte 0xAB, 0xFD, 0x00, 0x04, 0x00, 0x0C, 0x02, 0x90, 0x00, 0x20, 0x04, 0x90, 0x03, 0x99, 0x88, 0x42
	.byte 0x00, 0xDB, 0x8A, 0xE0, 0x34, 0x48, 0x00, 0x68, 0x00, 0x89, 0x02, 0x9A, 0x80, 0x18, 0x00, 0x04
	.byte 0x00, 0x0C, 0x00, 0x21, 0x8A, 0x46, 0xCA, 0x45, 0x6E, 0xDA, 0x00, 0x04, 0x06, 0x14, 0x24, 0x04
	.byte 0x25, 0x14, 0x28, 0x1C, 0x31, 0x1C, 0xFF, 0xF7, 0xAB, 0xFD, 0x00, 0x06, 0x05, 0x94, 0x00, 0x28
	.byte 0x54, 0xD0, 0x28, 0x1C, 0x31, 0x1C, 0x08, 0x22, 0xFF, 0xF7, 0xF2, 0xFD, 0x00, 0x06, 0x00, 0x28
	.byte 0x4C, 0xD0, 0x70, 0x1C, 0x00, 0x04, 0x00, 0x14, 0x80, 0x46, 0x28, 0x1C, 0x41, 0x46, 0x04, 0x22
	.byte 0xFF, 0xF7, 0xE6, 0xFD, 0x00, 0x06, 0x00, 0x28, 0x40, 0xD0, 0xB0, 0x1C, 0x00, 0x04, 0x07, 0x14
	.byte 0x28, 0x1C, 0x39, 0x1C, 0x00, 0x22, 0xFF, 0xF7, 0xDB, 0xFD, 0x00, 0x06, 0x00, 0x28, 0x35, 0xD0
	.byte 0x68, 0x1C, 0x00, 0x04, 0x04, 0x14, 0x20, 0x1C, 0x31, 0x1C, 0x04, 0x22, 0xFF, 0xF7, 0xD0, 0xFD
	.byte 0x00, 0x06, 0x00, 0x28, 0x2A, 0xD0, 0x20, 0x1C, 0x41, 0x46, 0x00, 0x22, 0xFF, 0xF7, 0xC8, 0xFD
	.byte 0x00, 0x06, 0x00, 0x28, 0x22, 0xD0, 0x20, 0x1C, 0x39, 0x1C, 0x00, 0x22, 0xFF, 0xF7, 0xC0, 0xFD
	.byte 0x00, 0x06, 0x00, 0x28, 0x1A, 0xD0, 0x28, 0x1C, 0x31, 0x1C, 0x03, 0x22, 0xFF, 0xF7, 0x1A, 0xFE
	.byte 0x00, 0x06, 0x00, 0x28, 0x12, 0xD0, 0x28, 0x1C, 0x31, 0x1C, 0x02, 0x22, 0x03, 0x23, 0xFF, 0xF7
	.byte 0x29, 0xFE, 0x03, 0x20, 0x00, 0x90, 0x01, 0x98, 0x29, 0x1C, 0x32, 0x1C, 0x02, 0x23, 0xF9, 0xF7
	.byte 0x03, 0xF9, 0x01, 0x20, 0x22, 0xE0, 0x00, 0x00, 0xAC, 0xC7, 0x03, 0x02, 0x05, 0x9A, 0x80, 0x21
	.byte 0x49, 0x02, 0x50, 0x18, 0x00, 0x14, 0x49, 0x46, 0x36, 0xF0, 0x8A, 0xFC, 0x00, 0x04, 0x04, 0x0C
	.byte 0x01, 0x22, 0x92, 0x44, 0xCA, 0x45, 0x92, 0xDB, 0x02, 0x99, 0x08, 0x04, 0x00, 0x14, 0x00, 0x28
	.byte 0x00, 0xD1, 0x03, 0x98, 0x01, 0x38, 0x00, 0x04, 0x00, 0x0C, 0x02, 0x90, 0x04, 0x9A, 0x01, 0x32
	.byte 0x04, 0x92, 0x03, 0x98, 0x82, 0x42, 0x00, 0xDA, 0x74, 0xE7, 0x00, 0x20, 0x06, 0xB0, 0x38, 0xBC
	.byte 0x98, 0x46, 0xA1, 0x46, 0xAA, 0x46, 0xF0, 0xBC, 0x02, 0xBC, 0x08, 0x47, 0xF0, 0xB5, 0x57, 0x46
	.byte 0x4E, 0x46, 0x45, 0x46, 0xE0, 0xB4, 0x84, 0xB0, 0x01, 0x90, 0x11, 0x48, 0x01, 0x68, 0x88, 0x88
	.byte 0x01, 0x38, 0x00, 0x04, 0x00, 0x0C, 0x80, 0x46, 0x48, 0x89, 0x09, 0x89, 0x40, 0x1A, 0x04, 0x38
	.byte 0x00, 0x04, 0x00, 0x0C, 0x02, 0x90, 0x1F, 0xF7, 0xE3, 0xFB, 0x00, 0x04, 0x00, 0x0C, 0x41, 0x46
	.byte 0x36, 0xF0, 0xF2, 0xFC, 0x00, 0x04, 0x04, 0x0C, 0x1F, 0xF7, 0xDA, 0xFB, 0x00, 0x04, 0x00, 0x0C
	.byte 0x02, 0x99, 0x36, 0xF0, 0xE9, 0xFC, 0x00, 0x04, 0x00, 0x0C, 0x81, 0x46, 0x00, 0x20, 0x71, 0xE0
	.byte 0xAC, 0xC7, 0x03, 0x02, 0x2A, 0x48, 0x00, 0x68, 0x00, 0x89, 0x48, 0x44, 0x00, 0x04, 0x00, 0x0C
	.byte 0x00, 0x27, 0x47, 0x45, 0x5A, 0xDA, 0x00, 0x04, 0x06, 0x14, 0x80, 0x22, 0x52, 0x02, 0x12, 0x18
	.byte 0x92, 0x46, 0x24, 0x04, 0x25, 0x14, 0x28, 0x1C, 0x31, 0x1C, 0xFF, 0xF7, 0xE9, 0xFC, 0x00, 0x06
	.byte 0x00, 0x28, 0x3F, 0xD0, 0x28, 0x1C, 0x31, 0x1C, 0x04, 0x22, 0xFF, 0xF7, 0x31, 0xFD, 0x00, 0x06
	.byte 0x00, 0x28, 0x37, 0xD0, 0x28, 0x1C, 0x52, 0x46, 0x11, 0x14, 0x00, 0x22, 0xFF, 0xF7, 0x28, 0xFD
	.byte 0x00, 0x06, 0x00, 0x28, 0x2E, 0xD0, 0xB1, 0x1C, 0x09, 0x04, 0x28, 0x1C, 0x09, 0x14, 0x00, 0x22
	.byte 0xFF, 0xF7, 0x1E, 0xFD, 0x00, 0x06, 0x00, 0x28, 0x24, 0xD0, 0xF1, 0x1C, 0x09, 0x04, 0x28, 0x1C
	.byte 0x09, 0x14, 0x00, 0x22, 0xFF, 0xF7, 0x14, 0xFD, 0x00, 0x06, 0x00, 0x28, 0x1A, 0xD0, 0x28, 0x1C
	.byte 0x31, 0x1C, 0x03, 0x22, 0xFF, 0xF7, 0x6E, 0xFD, 0x00, 0x06, 0x00, 0x28, 0x12, 0xD0, 0x28, 0x1C
	.byte 0x31, 0x1C, 0x01, 0x22, 0x04, 0x23, 0xFF, 0xF7, 0x7D, 0xFD, 0x04, 0x20, 0x00, 0x90, 0x01, 0x98
	.byte 0x29, 0x1C, 0x32, 0x1C, 0x01, 0x23, 0xF9, 0xF7, 0x57, 0xF8, 0x01, 0x20, 0x1F, 0xE0, 0x00, 0x00
	.byte 0xAC, 0xC7, 0x03, 0x02, 0x80, 0x21, 0x49, 0x02, 0x60, 0x18, 0x00, 0x14, 0x41, 0x46, 0x36, 0xF0
	.byte 0xDF, 0xFB, 0x00, 0x04, 0x04, 0x0C, 0x01, 0x37, 0x47, 0x45, 0xAA, 0xDB, 0x4A, 0x46, 0x10, 0x04
	.byte 0x00, 0x14, 0x00, 0x28, 0x00, 0xD1, 0x02, 0x98, 0x01, 0x38, 0x00, 0x04, 0x00, 0x0C, 0x81, 0x46
	.byte 0x03, 0x98, 0x01, 0x30, 0x03, 0x90, 0x02, 0x99, 0x88, 0x42, 0x8B, 0xDB, 0x00, 0x20, 0x04, 0xB0
	.byte 0x38, 0xBC, 0x98, 0x46, 0xA1, 0x46, 0xAA, 0x46, 0xF0, 0xBC, 0x02, 0xBC, 0x08, 0x47, 0x00, 0x00
	.byte 0xF0, 0xB5, 0x57, 0x46, 0x4E, 0x46, 0x45, 0x46, 0xE0, 0xB4, 0x86, 0xB0, 0x01, 0x90, 0x48, 0x48
	.byte 0x01, 0x68, 0x88, 0x88, 0x02, 0x38, 0x00, 0x04, 0x00, 0x0C, 0x81, 0x46, 0x48, 0x89, 0x09, 0x89
	.byte 0x40, 0x1A, 0x03, 0x38, 0x00, 0x04, 0x00, 0x0C, 0x03, 0x90, 0x1F, 0xF7, 0x39, 0xFB, 0x00, 0x04
	.byte 0x00, 0x0C, 0x49, 0x46, 0x36, 0xF0, 0x48, 0xFC, 0x00, 0x04, 0x04, 0x0C, 0x1F, 0xF7, 0x30, 0xFB
	.byte 0x00, 0x04, 0x00, 0x0C, 0x03, 0x99, 0x36, 0xF0, 0x3F, 0xFC, 0x00, 0x04, 0x00, 0x0C, 0x02, 0x90
	.byte 0x00, 0x20, 0x04, 0x90, 0x03, 0x99, 0x88, 0x42, 0x00, 0xDB, 0x8A, 0xE0, 0x34, 0x48, 0x00, 0x68
	.byte 0x00, 0x89, 0x02, 0x9A, 0x80, 0x18, 0x00, 0x04, 0x00, 0x0C, 0x00, 0x21, 0x8A, 0x46, 0xCA, 0x45
	.byte 0x6E, 0xDA, 0x00, 0x04, 0x06, 0x14, 0x24, 0x04, 0x25, 0x14, 0x28, 0x1C, 0x31, 0x1C, 0xFF, 0xF7
	.byte 0x3F, 0xFC, 0x00, 0x06, 0x05, 0x94, 0x00, 0x28, 0x54, 0xD0, 0x28, 0x1C, 0x31, 0x1C, 0x06, 0x22
	.byte 0xFF, 0xF7, 0x86, 0xFC, 0x00, 0x06, 0x00, 0x28, 0x4C, 0xD0, 0x70, 0x1C, 0x00, 0x04, 0x00, 0x14
	.byte 0x80, 0x46, 0x28, 0x1C, 0x41, 0x46, 0x00, 0x22, 0xFF, 0xF7, 0x7A, 0xFC, 0x00, 0x06, 0x00, 0x28
	.byte 0x40, 0xD0, 0xB0, 0x1C, 0x00, 0x04, 0x07, 0x14, 0x28, 0x1C, 0x39, 0x1C, 0x00, 0x22, 0xFF, 0xF7
	.byte 0x6F, 0xFC, 0x00, 0x06, 0x00, 0x28, 0x35, 0xD0, 0x68, 0x1C, 0x00, 0x04, 0x04, 0x14, 0x20, 0x1C
	.byte 0x31, 0x1C, 0x09, 0x22, 0xFF, 0xF7, 0x64, 0xFC, 0x00, 0x06, 0x00, 0x28, 0x2A, 0xD0, 0x20, 0x1C
	.byte 0x41, 0x46, 0x06, 0x22, 0xFF, 0xF7, 0x5C, 0xFC, 0x00, 0x06, 0x00, 0x28, 0x22, 0xD0, 0x20, 0x1C
	.byte 0x39, 0x1C, 0x00, 0x22, 0xFF, 0xF7, 0x54, 0xFC, 0x00, 0x06, 0x00, 0x28, 0x1A, 0xD0, 0x28, 0x1C
	.byte 0x31, 0x1C, 0x03, 0x22, 0xFF, 0xF7, 0xAE, 0xFC, 0x00, 0x06, 0x00, 0x28, 0x12, 0xD0, 0x28, 0x1C
	.byte 0x31, 0x1C, 0x02, 0x22, 0x03, 0x23, 0xFF, 0xF7, 0xBD, 0xFC, 0x03, 0x20, 0x00, 0x90, 0x01, 0x98
	.byte 0x29, 0x1C, 0x32, 0x1C, 0x02, 0x23, 0xF8, 0xF7, 0x97, 0xFF, 0x01, 0x20, 0x22, 0xE0, 0x00, 0x00
	.byte 0xAC, 0xC7, 0x03, 0x02, 0x05, 0x9A, 0x80, 0x21, 0x49, 0x02, 0x50, 0x18, 0x00, 0x14, 0x49, 0x46
	.byte 0x36, 0xF0, 0x1E, 0xFB, 0x00, 0x04, 0x04, 0x0C, 0x01, 0x22, 0x92, 0x44, 0xCA, 0x45, 0x92, 0xDB
	.byte 0x02, 0x99, 0x08, 0x04, 0x00, 0x14, 0x00, 0x28, 0x00, 0xD1, 0x03, 0x98, 0x01, 0x38, 0x00, 0x04
	.byte 0x00, 0x0C, 0x02, 0x90, 0x04, 0x9A, 0x01, 0x32, 0x04, 0x92, 0x03, 0x98, 0x82, 0x42, 0x00, 0xDA
	.byte 0x74, 0xE7, 0x00, 0x20, 0x06, 0xB0, 0x38, 0xBC, 0x98, 0x46, 0xA1, 0x46, 0xAA, 0x46, 0xF0, 0xBC
	.byte 0x02, 0xBC, 0x08, 0x47, 0xF0, 0xB5, 0x57, 0x46, 0x4E, 0x46, 0x45, 0x46, 0xE0, 0xB4, 0x87, 0xB0
	.byte 0x82, 0x46, 0x41, 0x48, 0x01, 0x68, 0x88, 0x88, 0x03, 0x38, 0x00, 0x04, 0x00, 0x0C, 0x81, 0x46
	.byte 0x48, 0x89, 0x09, 0x89, 0x40, 0x1A, 0x03, 0x38, 0x00, 0x04, 0x00, 0x0C, 0x04, 0x90, 0x1F, 0xF7
	.byte 0x77, 0xFA, 0x00, 0x04, 0x00, 0x0C, 0x49, 0x46, 0x36, 0xF0, 0x86, 0xFB, 0x00, 0x04, 0x00, 0x0C
	.byte 0x02, 0x90, 0x1F, 0xF7, 0x6D, 0xFA, 0x00, 0x04, 0x00, 0x0C, 0x04, 0x99, 0x36, 0xF0, 0x7C, 0xFB
	.byte 0x00, 0x04, 0x00, 0x0C, 0x01, 0x90, 0x00, 0x20, 0x05, 0x90, 0x04, 0x99, 0x88, 0x42, 0x7B, 0xDA
	.byte 0x2D, 0x48, 0x00, 0x68, 0x00, 0x89, 0x01, 0x9A, 0x80, 0x18, 0x00, 0x04, 0x00, 0x0C, 0x03, 0x90
	.byte 0x00, 0x20, 0x80, 0x46, 0xC8, 0x45, 0x5F, 0xDA, 0x03, 0x99, 0x08, 0x04, 0x06, 0x14, 0x80, 0x22
	.byte 0x92, 0x02, 0x82, 0x18, 0x06, 0x92, 0x02, 0x98, 0x04, 0x04, 0x25, 0x14, 0x28, 0x1C, 0x31, 0x1C
	.byte 0xFF, 0xF7, 0x76, 0xFB, 0x00, 0x06, 0x27, 0x1C, 0x00, 0x28, 0x3F, 0xD0, 0x08, 0x20, 0x00, 0x90
	.byte 0x28, 0x1C, 0x31, 0x1C, 0x03, 0x22, 0x03, 0x23, 0xFF, 0xF7, 0xDA, 0xFB, 0x00, 0x06, 0x00, 0x28
	.byte 0x34, 0xD0, 0x28, 0x1C, 0x31, 0x1C, 0x03, 0x22, 0xFF, 0xF7, 0xA0, 0xFC, 0x00, 0x06, 0x00, 0x28
	.byte 0x36, 0xD0, 0x28, 0x1C, 0x06, 0x9A, 0x11, 0x14, 0xFF, 0xF7, 0x62, 0xFC, 0x00, 0x04, 0x04, 0x0C
	.byte 0xA8, 0x1C, 0x00, 0x04, 0x00, 0x14, 0x31, 0x1C, 0xFF, 0xF7, 0x5A, 0xFC, 0x00, 0x04, 0x00, 0x0C
	.byte 0x84, 0x42, 0x1B, 0xD1, 0x08, 0x2C, 0x19, 0xD9, 0x28, 0x1C, 0x31, 0x1C, 0x03, 0x22, 0x03, 0x23
	.byte 0xFF, 0xF7, 0x10, 0xFC, 0x03, 0x98, 0x22, 0x18, 0x12, 0x04, 0x12, 0x14, 0x03, 0x20, 0x00, 0x90
	.byte 0x50, 0x46, 0x29, 0x1C, 0x03, 0x23, 0xF8, 0xF7, 0xE7, 0xFE, 0x21, 0x03, 0x52, 0x46, 0x90, 0x68
	.byte 0x40, 0x1A, 0x90, 0x60, 0x01, 0x20, 0x20, 0xE0, 0xAC, 0xC7, 0x03, 0x02, 0x80, 0x21, 0x49, 0x02
	.byte 0x78, 0x18, 0x00, 0x14, 0x49, 0x46, 0x36, 0xF0, 0x6B, 0xFA, 0x00, 0x04, 0x00, 0x0C, 0x02, 0x90
	.byte 0x01, 0x22, 0x90, 0x44, 0xC8, 0x45, 0xA6, 0xDB, 0x01, 0x99, 0x08, 0x04, 0x00, 0x14, 0x00, 0x28
	.byte 0x00, 0xD1, 0x04, 0x98, 0x01, 0x38, 0x00, 0x04, 0x00, 0x0C, 0x01, 0x90, 0x05, 0x9A, 0x01, 0x32
	.byte 0x05, 0x92, 0x04, 0x98, 0x82, 0x42, 0x83, 0xDB, 0x00, 0x20, 0x07, 0xB0, 0x38, 0xBC, 0x98, 0x46
	.byte 0xA1, 0x46, 0xAA, 0x46, 0xF0, 0xBC, 0x02, 0xBC, 0x08, 0x47, 0x00, 0x00, 0xF0, 0xB5, 0x57, 0x46
	.byte 0x4E, 0x46, 0x45, 0x46, 0xE0, 0xB4, 0x87, 0xB0, 0x82, 0x46, 0x41, 0x48, 0x01, 0x68, 0x88, 0x88
	.byte 0x03, 0x38, 0x00, 0x04, 0x00, 0x0C, 0x81, 0x46, 0x48, 0x89, 0x09, 0x89, 0x40, 0x1A, 0x03, 0x38
	.byte 0x00, 0x04, 0x00, 0x0C, 0x04, 0x90, 0x1F, 0xF7, 0xC3, 0xF9, 0x00, 0x04, 0x00, 0x0C, 0x49, 0x46
	.byte 0x36, 0xF0, 0xD2, 0xFA, 0x00, 0x04, 0x00, 0x0C, 0x02, 0x90, 0x1F, 0xF7, 0xB9, 0xF9, 0x00, 0x04
	.byte 0x00, 0x0C, 0x04, 0x99, 0x36, 0xF0, 0xC8, 0xFA, 0x00, 0x04, 0x00, 0x0C, 0x01, 0x90, 0x00, 0x20
	.byte 0x05, 0x90, 0x04, 0x99, 0x88, 0x42, 0x7B, 0xDA, 0x2D, 0x48, 0x00, 0x68, 0x00, 0x89, 0x01, 0x9A
	.byte 0x80, 0x18, 0x00, 0x04, 0x00, 0x0C, 0x03, 0x90, 0x00, 0x20, 0x80, 0x46, 0xC8, 0x45, 0x5F, 0xDA
	.byte 0x03, 0x99, 0x08, 0x04, 0x06, 0x14, 0x80, 0x22, 0x92, 0x02, 0x82, 0x18, 0x06, 0x92, 0x02, 0x98
	.byte 0x04, 0x04, 0x25, 0x14, 0x28, 0x1C, 0x31, 0x1C, 0xFF, 0xF7, 0xC2, 0xFA, 0x00, 0x06, 0x27, 0x1C
	.byte 0x00, 0x28, 0x3F, 0xD0, 0x09, 0x20, 0x00, 0x90, 0x28, 0x1C, 0x31, 0x1C, 0x03, 0x22, 0x03, 0x23
	.byte 0xFF, 0xF7, 0x26, 0xFB, 0x00, 0x06, 0x00, 0x28, 0x34, 0xD0, 0x28, 0x1C, 0x31, 0x1C, 0x03, 0x22
	.byte 0xFF, 0xF7, 0xEC, 0xFB, 0x00, 0x06, 0x00, 0x28, 0x36, 0xD0, 0x28, 0x1C, 0x31, 0x1C, 0xFF, 0xF7
	.byte 0xAF, 0xFB, 0x00, 0x04, 0x04, 0x0C, 0xA8, 0x1C, 0x00, 0x04, 0x00, 0x14, 0x06, 0x9A, 0x11, 0x14
	.byte 0xFF, 0xF7, 0xA6, 0xFB, 0x00, 0x04, 0x00, 0x0C, 0x84, 0x42, 0x1B, 0xD1, 0x08, 0x2C, 0x19, 0xD9
	.byte 0x28, 0x1C, 0x31, 0x1C, 0x03, 0x22, 0x03, 0x23, 0xFF, 0xF7, 0x5C, 0xFB, 0x03, 0x98, 0x22, 0x18
	.byte 0x12, 0x04, 0x12, 0x14, 0x03, 0x20, 0x00, 0x90, 0x50, 0x46, 0x29, 0x1C, 0x03, 0x23, 0xF8, 0xF7
	.byte 0x33, 0xFE, 0x21, 0x03, 0x52, 0x46, 0x90, 0x68, 0x40, 0x1A, 0x90, 0x60, 0x01, 0x20, 0x20, 0xE0
	.byte 0xAC, 0xC7, 0x03, 0x02, 0x80, 0x21, 0x49, 0x02, 0x78, 0x18, 0x00, 0x14, 0x49, 0x46, 0x36, 0xF0
	.byte 0xB7, 0xF9, 0x00, 0x04, 0x00, 0x0C, 0x02, 0x90, 0x01, 0x22, 0x90, 0x44, 0xC8, 0x45, 0xA6, 0xDB
	.byte 0x01, 0x99, 0x08, 0x04, 0x00, 0x14, 0x00, 0x28, 0x00, 0xD1, 0x04, 0x98, 0x01, 0x38, 0x00, 0x04
	.byte 0x00, 0x0C, 0x01, 0x90, 0x05, 0x9A, 0x01, 0x32, 0x05, 0x92, 0x04, 0x98, 0x82, 0x42, 0x83, 0xDB
	.byte 0x00, 0x20, 0x07, 0xB0, 0x38, 0xBC, 0x98, 0x46, 0xA1, 0x46, 0xAA, 0x46, 0xF0, 0xBC, 0x02, 0xBC
	.byte 0x08, 0x47, 0x00, 0x00, 0xF0, 0xB5, 0x57, 0x46, 0x4E, 0x46, 0x45, 0x46, 0xE0, 0xB4, 0x86, 0xB0
	.byte 0x01, 0x90, 0x47, 0x48, 0x01, 0x68, 0x88, 0x88, 0x02, 0x38, 0x00, 0x04, 0x00, 0x0C, 0x81, 0x46
	.byte 0x48, 0x89, 0x09, 0x89, 0x40, 0x1A, 0x02, 0x38, 0x00, 0x04, 0x00, 0x0C, 0x04, 0x90, 0x1F, 0xF7
	.byte 0x0F, 0xF9, 0x00, 0x04, 0x00, 0x0C, 0x49, 0x46, 0x36, 0xF0, 0x1E, 0xFA, 0x00, 0x04, 0x04, 0x0C
	.byte 0x1F, 0xF7, 0x06, 0xF9, 0x00, 0x04, 0x00, 0x0C, 0x04, 0x99, 0x36, 0xF0, 0x15, 0xFA, 0x00, 0x04
	.byte 0x00, 0x0C, 0x02, 0x90, 0x00, 0x20, 0x05, 0x90, 0x04, 0x99, 0x88, 0x42, 0x00, 0xDB, 0x87, 0xE0
	.byte 0x33, 0x48, 0x00, 0x68, 0x00, 0x89, 0x02, 0x9A, 0x80, 0x18, 0x00, 0x04, 0x00, 0x0C, 0x03, 0x90
	.byte 0x00, 0x20, 0x80, 0x46, 0xC8, 0x45, 0x6A, 0xDA, 0x03, 0x99, 0x08, 0x04, 0x07, 0x14, 0x24, 0x04
	.byte 0x26, 0x14, 0x30, 0x1C, 0x39, 0x1C, 0xFF, 0xF7, 0x13, 0xFA, 0x00, 0x06, 0xA2, 0x46, 0x00, 0x28
	.byte 0x50, 0xD0, 0x30, 0x1C, 0x39, 0x1C, 0x00, 0x22, 0xFF, 0xF7, 0x5A, 0xFA, 0x00, 0x06, 0x00, 0x28
	.byte 0x48, 0xD0, 0x78, 0x1C, 0x00, 0x04, 0x04, 0x14, 0x30, 0x1C, 0x21, 0x1C, 0x03, 0x22, 0xFF, 0xF7
	.byte 0x4F, 0xFA, 0x00, 0x06, 0x00, 0x28, 0x3D, 0xD0, 0x70, 0x1C, 0x00, 0x04, 0x05, 0x14, 0x28, 0x1C
	.byte 0x39, 0x1C, 0x03, 0x22, 0xFF, 0xF7, 0x44, 0xFA, 0x00, 0x06, 0x00, 0x28, 0x32, 0xD0, 0x28, 0x1C
	.byte 0x21, 0x1C, 0x08, 0x22, 0xFF, 0xF7, 0x3C, 0xFA, 0x00, 0x06, 0x00, 0x28, 0x2A, 0xD0, 0x30, 0x1C
	.byte 0x21, 0x1C, 0xFF, 0xF7, 0xED, 0xFA, 0x00, 0x04, 0x04, 0x0C, 0x28, 0x1C, 0x39, 0x1C, 0xFF, 0xF7
	.byte 0xE7, 0xFA, 0x00, 0x04, 0x00, 0x0C, 0x84, 0x42, 0x1C, 0xD1, 0x08, 0x2C, 0x1A, 0xD9, 0x30, 0x1C
	.byte 0x39, 0x1C, 0x02, 0x22, 0x02, 0x23, 0xFF, 0xF7, 0x9D, 0xFA, 0x03, 0x98, 0x22, 0x18, 0x12, 0x04
	.byte 0x12, 0x14, 0x02, 0x20, 0x00, 0x90, 0x01, 0x98, 0x31, 0x1C, 0x02, 0x23, 0xF8, 0xF7, 0x74, 0xFD
	.byte 0x21, 0x03, 0x01, 0x9A, 0x90, 0x68, 0x40, 0x1A, 0x90, 0x60, 0x01, 0x20, 0x21, 0xE0, 0x00, 0x00
	.byte 0xAC, 0xC7, 0x03, 0x02, 0x80, 0x20, 0x40, 0x02, 0x50, 0x44, 0x00, 0x14, 0x49, 0x46, 0x36, 0xF0
	.byte 0xF7, 0xF8, 0x00, 0x04, 0x04, 0x0C, 0x01, 0x20, 0x80, 0x44, 0xC8, 0x45, 0x97, 0xDB, 0x02, 0x99
	.byte 0x08, 0x04, 0x00, 0x14, 0x00, 0x28, 0x00, 0xD1, 0x04, 0x98, 0x01, 0x38, 0x00, 0x04, 0x00, 0x0C
	.byte 0x02, 0x90, 0x05, 0x9A, 0x01, 0x32, 0x05, 0x92, 0x04, 0x98, 0x82, 0x42, 0x00, 0xDA, 0x77, 0xE7
	.byte 0x00, 0x20, 0x06, 0xB0, 0x38, 0xBC, 0x98, 0x46, 0xA1, 0x46, 0xAA, 0x46, 0xF0, 0xBC, 0x02, 0xBC
	.byte 0x08, 0x47, 0x00, 0x00, 0xF0, 0xB5, 0x57, 0x46, 0x4E, 0x46, 0x45, 0x46, 0xE0, 0xB4, 0x86, 0xB0
	.byte 0x82, 0x46, 0x3A, 0x48, 0x01, 0x68, 0x88, 0x88, 0x01, 0x38, 0x00, 0x04, 0x00, 0x0C, 0x81, 0x46
	.byte 0x48, 0x89, 0x09, 0x89, 0x40, 0x1A, 0x02, 0x38, 0x00, 0x04, 0x00, 0x0C, 0x03, 0x90, 0x1F, 0xF7
	.byte 0x4F, 0xF8, 0x00, 0x04, 0x00, 0x0C, 0x49, 0x46, 0x36, 0xF0, 0x5E, 0xF9, 0x00, 0x04, 0x04, 0x0C
	.byte 0x1F, 0xF7, 0x46, 0xF8, 0x00, 0x04, 0x00, 0x0C, 0x03, 0x99, 0x36, 0xF0, 0x55, 0xF9, 0x00, 0x04
	.byte 0x00, 0x0C, 0x01, 0x90, 0x00, 0x20, 0x04, 0x90, 0x03, 0x99, 0x88, 0x42, 0x6D, 0xDA, 0x27, 0x48
	.byte 0x00, 0x68, 0x00, 0x89, 0x01, 0x9A, 0x80, 0x18, 0x00, 0x04, 0x00, 0x0C, 0x02, 0x90, 0x00, 0x20
	.byte 0x80, 0x46, 0xC8, 0x45, 0x51, 0xDA, 0x02, 0x99, 0x08, 0x04, 0x06, 0x14, 0x80, 0x22, 0x52, 0x02
	.byte 0x82, 0x18, 0x05, 0x92, 0x24, 0x04, 0x25, 0x14, 0x28, 0x1C, 0x31, 0x1C, 0xFF, 0xF7, 0x50, 0xF9
	.byte 0x00, 0x06, 0x27, 0x1C, 0x00, 0x28, 0x33, 0xD0, 0x28, 0x1C, 0x31, 0x1C, 0x01, 0x22, 0xFF, 0xF7
	.byte 0x97, 0xF9, 0x00, 0x06, 0x00, 0x28, 0x2B, 0xD0, 0x28, 0x1C, 0x05, 0x9A, 0x11, 0x14, 0x07, 0x22
	.byte 0xFF, 0xF7, 0x8E, 0xF9, 0x00, 0x06, 0x00, 0x28, 0x22, 0xD0, 0x28, 0x1C, 0x31, 0x1C, 0xFF, 0xF7
	.byte 0x3F, 0xFA, 0x00, 0x04, 0x04, 0x0C, 0x08, 0x2C, 0x1A, 0xD9, 0x28, 0x1C, 0x31, 0x1C, 0x01, 0x22
	.byte 0x02, 0x23, 0xFF, 0xF7, 0xF7, 0xF9, 0x02, 0x98, 0x22, 0x18, 0x12, 0x04, 0x12, 0x14, 0x02, 0x20
	.byte 0x00, 0x90, 0x50, 0x46, 0x29, 0x1C, 0x01, 0x23, 0xF8, 0xF7, 0xCE, 0xFC, 0x21, 0x03, 0x52, 0x46
	.byte 0x90, 0x68, 0x40, 0x1A, 0x90, 0x60, 0x01, 0x20, 0x20, 0xE0, 0x00, 0x00, 0xAC, 0xC7, 0x03, 0x02
	.byte 0x80, 0x21, 0x49, 0x02, 0x78, 0x18, 0x00, 0x14, 0x49, 0x46, 0x36, 0xF0, 0x51, 0xF8, 0x00, 0x04
	.byte 0x04, 0x0C, 0x01, 0x22, 0x90, 0x44, 0xC8, 0x45, 0xB4, 0xDB, 0x01, 0x99, 0x08, 0x04, 0x00, 0x14
	.byte 0x00, 0x28, 0x00, 0xD1, 0x03, 0x98, 0x01, 0x38, 0x00, 0x04, 0x00, 0x0C, 0x01, 0x90, 0x04, 0x9A
	.byte 0x01, 0x32, 0x04, 0x92, 0x03, 0x98, 0x82, 0x42, 0x91, 0xDB, 0x00, 0x20, 0x06, 0xB0, 0x38, 0xBC
	.byte 0x98, 0x46, 0xA1, 0x46, 0xAA, 0x46, 0xF0, 0xBC, 0x02, 0xBC, 0x08, 0x47, 0xF0, 0xB5, 0x57, 0x46
	.byte 0x4E, 0x46, 0x45, 0x46, 0xE0, 0xB4, 0x87, 0xB0, 0x01, 0x90, 0x48, 0x48, 0x01, 0x68, 0x88, 0x88
	.byte 0x02, 0x38, 0x00, 0x04, 0x00, 0x0C, 0x82, 0x46, 0x48, 0x89, 0x09, 0x89, 0x40, 0x1A, 0x02, 0x38
	.byte 0x00, 0x04, 0x00, 0x0C, 0x04, 0x90, 0x1E, 0xF7, 0xAB, 0xFF, 0x00, 0x04, 0x00, 0x0C, 0x51, 0x46
	.byte 0x36, 0xF0, 0xBA, 0xF8, 0x00, 0x04, 0x04, 0x0C, 0x1E, 0xF7, 0xA2, 0xFF, 0x00, 0x04, 0x00, 0x0C
	.byte 0x04, 0x99, 0x36, 0xF0, 0xB1, 0xF8, 0x00, 0x04, 0x00, 0x0C, 0x02, 0x90, 0x00, 0x20, 0x05, 0x90
	.byte 0x04, 0x99, 0x88, 0x42, 0x00, 0xDB, 0x8A, 0xE0, 0x34, 0x48, 0x00, 0x68, 0x00, 0x89, 0x02, 0x9A
	.byte 0x80, 0x18, 0x00, 0x04, 0x00, 0x0C, 0x03, 0x90, 0x00, 0x20, 0x81, 0x46, 0xD1, 0x45, 0x6D, 0xDA
	.byte 0x03, 0x99, 0x08, 0x04, 0x00, 0x14, 0x80, 0x46, 0x24, 0x04, 0x26, 0x14, 0x30, 0x1C, 0x41, 0x46
	.byte 0xFF, 0xF7, 0xAE, 0xF8, 0x00, 0x06, 0x06, 0x94, 0x00, 0x28, 0x51, 0xD0, 0x30, 0x1C, 0x41, 0x46
	.byte 0x05, 0x22, 0xFF, 0xF7, 0xF5, 0xF8, 0x00, 0x06, 0x00, 0x28, 0x49, 0xD0, 0x40, 0x46, 0x01, 0x30
	.byte 0x00, 0x04, 0x07, 0x14, 0x30, 0x1C, 0x39, 0x1C, 0x09, 0x22, 0xFF, 0xF7, 0xE9, 0xF8, 0x00, 0x06
	.byte 0x00, 0x28, 0x3D, 0xD0, 0x70, 0x1C, 0x00, 0x04, 0x05, 0x14, 0x28, 0x1C, 0x41, 0x46, 0x00, 0x22
	.byte 0xFF, 0xF7, 0xDE, 0xF8, 0x00, 0x06, 0x00, 0x28, 0x32, 0xD0, 0x28, 0x1C, 0x39, 0x1C, 0x05, 0x22
	.byte 0xFF, 0xF7, 0xD6, 0xF8, 0x00, 0x06, 0x00, 0x28, 0x2A, 0xD0, 0x30, 0x1C, 0x41, 0x46, 0xFF, 0xF7
	.byte 0x87, 0xF9, 0x00, 0x04, 0x04, 0x0C, 0x28, 0x1C, 0x39, 0x1C, 0xFF, 0xF7, 0x81, 0xF9, 0x00, 0x04
	.byte 0x00, 0x0C, 0x84, 0x42, 0x1C, 0xD1, 0x08, 0x2C, 0x1A, 0xD9, 0x30, 0x1C, 0x41, 0x46, 0x02, 0x22
	.byte 0x02, 0x23, 0xFF, 0xF7, 0x37, 0xF9, 0x03, 0x98, 0x22, 0x18, 0x12, 0x04, 0x12, 0x14, 0x02, 0x20
	.byte 0x00, 0x90, 0x01, 0x98, 0x31, 0x1C, 0x02, 0x23, 0xF8, 0xF7, 0x0E, 0xFC, 0x21, 0x03, 0x01, 0x9A
	.byte 0x90, 0x68, 0x40, 0x1A, 0x90, 0x60, 0x01, 0x20, 0x22, 0xE0, 0x00, 0x00, 0xAC, 0xC7, 0x03, 0x02
	.byte 0x06, 0x99, 0x80, 0x22, 0x52, 0x02, 0x88, 0x18, 0x00, 0x14, 0x51, 0x46, 0x35, 0xF0, 0x90, 0xFF
	.byte 0x00, 0x04, 0x04, 0x0C, 0x01, 0x20, 0x81, 0x44, 0xD1, 0x45, 0x95, 0xDB, 0x02, 0x99, 0x08, 0x04
	.byte 0x00, 0x14, 0x00, 0x28, 0x00, 0xD1, 0x04, 0x98, 0x01, 0x38, 0x00, 0x04, 0x00, 0x0C, 0x02, 0x90
	.byte 0x05, 0x9A, 0x01, 0x32, 0x05, 0x92, 0x04, 0x98, 0x82, 0x42, 0x00, 0xDA, 0x74, 0xE7, 0x00, 0x20
	.byte 0x07, 0xB0, 0x38, 0xBC, 0x98, 0x46, 0xA1, 0x46, 0xAA, 0x46, 0xF0, 0xBC, 0x02, 0xBC, 0x08, 0x47
	.byte 0xF0, 0xB5, 0x57, 0x46, 0x4E, 0x46, 0x45, 0x46, 0xE0, 0xB4, 0x86, 0xB0, 0x01, 0x90, 0x48, 0x48
	.byte 0x01, 0x68, 0x88, 0x88, 0x02, 0x38, 0x00, 0x04, 0x00, 0x0C, 0x81, 0x46, 0x48, 0x89, 0x09, 0x89
	.byte 0x40, 0x1A, 0x03, 0x38, 0x00, 0x04, 0x00, 0x0C, 0x03, 0x90, 0x1E, 0xF7, 0xE9, 0xFE, 0x00, 0x04
	.byte 0x00, 0x0C, 0x49, 0x46, 0x35, 0xF0, 0xF8, 0xFF, 0x00, 0x04, 0x04, 0x0C, 0x1E, 0xF7, 0xE0, 0xFE
	.byte 0x00, 0x04, 0x00, 0x0C, 0x03, 0x99, 0x35, 0xF0, 0xEF, 0xFF, 0x00, 0x04, 0x00, 0x0C, 0x02, 0x90
	.byte 0x00, 0x20, 0x04, 0x90, 0x03, 0x99, 0x88, 0x42, 0x00, 0xDB, 0x8A, 0xE0, 0x34, 0x48, 0x00, 0x68
	.byte 0x00, 0x89, 0x02, 0x9A, 0x80, 0x18, 0x00, 0x04, 0x00, 0x0C, 0x00, 0x21, 0x8A, 0x46, 0xCA, 0x45
	.byte 0x6E, 0xDA, 0x00, 0x04, 0x06, 0x14, 0x24, 0x04, 0x25, 0x14, 0x28, 0x1C, 0x31, 0x1C, 0xFE, 0xF7
	.byte 0xEF, 0xFF, 0x00, 0x06, 0x05, 0x94, 0x00, 0x28, 0x54, 0xD0, 0x28, 0x1C, 0x31, 0x1C, 0x02, 0x22
	.byte 0xFF, 0xF7, 0x36, 0xF8, 0x00, 0x06, 0x00, 0x28, 0x4C, 0xD0, 0x70, 0x1C, 0x00, 0x04, 0x00, 0x14
	.byte 0x80, 0x46, 0x28, 0x1C, 0x41, 0x46, 0x00, 0x22, 0xFF, 0xF7, 0x2A, 0xF8, 0x00, 0x06, 0x00, 0x28
	.byte 0x40, 0xD0, 0xB0, 0x1C, 0x00, 0x04, 0x07, 0x14, 0x28, 0x1C, 0x39, 0x1C, 0x00, 0x22, 0xFF, 0xF7
	.byte 0x1F, 0xF8, 0x00, 0x06, 0x00, 0x28, 0x35, 0xD0, 0x68, 0x1C, 0x00, 0x04, 0x04, 0x14, 0x20, 0x1C
	.byte 0x31, 0x1C, 0x02, 0x22, 0xFF, 0xF7, 0x14, 0xF8, 0x00, 0x06, 0x00, 0x28, 0x2A, 0xD0, 0x20, 0x1C
	.byte 0x41, 0x46, 0x00, 0x22, 0xFF, 0xF7, 0x0C, 0xF8, 0x00, 0x06, 0x00, 0x28, 0x22, 0xD0, 0x20, 0x1C
	.byte 0x39, 0x1C, 0x00, 0x22, 0xFF, 0xF7, 0x04, 0xF8, 0x00, 0x06, 0x00, 0x28, 0x1A, 0xD0, 0x28, 0x1C
	.byte 0x31, 0x1C, 0x03, 0x22, 0xFF, 0xF7, 0x5E, 0xF8, 0x00, 0x06, 0x00, 0x28, 0x12, 0xD0, 0x28, 0x1C
	.byte 0x31, 0x1C, 0x02, 0x22, 0x03, 0x23, 0xFF, 0xF7, 0x6D, 0xF8, 0x03, 0x20, 0x00, 0x90, 0x01, 0x98
	.byte 0x29, 0x1C, 0x32, 0x1C, 0x02, 0x23, 0xF8, 0xF7, 0x47, 0xFB, 0x01, 0x20, 0x22, 0xE0, 0x00, 0x00
	.byte 0xAC, 0xC7, 0x03, 0x02, 0x05, 0x9A, 0x80, 0x21, 0x49, 0x02, 0x50, 0x18, 0x00, 0x14, 0x49, 0x46
	.byte 0x35, 0xF0, 0xCE, 0xFE, 0x00, 0x04, 0x04, 0x0C, 0x01, 0x22, 0x92, 0x44, 0xCA, 0x45, 0x92, 0xDB
	.byte 0x02, 0x99, 0x08, 0x04, 0x00, 0x14, 0x00, 0x28, 0x00, 0xD1, 0x03, 0x98, 0x01, 0x38, 0x00, 0x04
	.byte 0x00, 0x0C, 0x02, 0x90, 0x04, 0x9A, 0x01, 0x32, 0x04, 0x92, 0x03, 0x98, 0x82, 0x42, 0x00, 0xDA
	.byte 0x74, 0xE7, 0x00, 0x20, 0x06, 0xB0, 0x38, 0xBC, 0x98, 0x46, 0xA1, 0x46, 0xAA, 0x46, 0xF0, 0xBC
	.byte 0x02, 0xBC, 0x08, 0x47, 0xF0, 0xB5, 0x57, 0x46, 0x4E, 0x46, 0x45, 0x46, 0xE0, 0xB4, 0x83, 0xB0
	.byte 0x01, 0x90, 0x12, 0x48, 0x01, 0x68, 0x88, 0x88, 0x03, 0x38, 0x00, 0x04, 0x00, 0x0C, 0x80, 0x46
	.byte 0x48, 0x89, 0x09, 0x89, 0x40, 0x1A, 0x03, 0x38, 0x00, 0x04, 0x00, 0x0C, 0x02, 0x90, 0x1E, 0xF7
	.byte 0x27, 0xFE, 0x00, 0x04, 0x00, 0x0C, 0x41, 0x46, 0x35, 0xF0, 0x36, 0xFF, 0x00, 0x04, 0x04, 0x0C
	.byte 0x1E, 0xF7, 0x1E, 0xFE, 0x00, 0x04, 0x00, 0x0C, 0x02, 0x99, 0x35, 0xF0, 0x2D, 0xFF, 0x00, 0x04
	.byte 0x00, 0x0C, 0x81, 0x46, 0x00, 0x20, 0x82, 0x46, 0x4C, 0xE0, 0x00, 0x00, 0xAC, 0xC7, 0x03, 0x02
	.byte 0x17, 0x48, 0x00, 0x68, 0x00, 0x89, 0x48, 0x44, 0x00, 0x04, 0x00, 0x0C, 0x00, 0x27, 0x47, 0x45
	.byte 0x34, 0xDA, 0x00, 0x04, 0x06, 0x14, 0x24, 0x04, 0x25, 0x14, 0x28, 0x1C, 0x31, 0x1C, 0xFE, 0xF7
	.byte 0x2F, 0xFF, 0x00, 0x06, 0x00, 0x28, 0x1D, 0xD0, 0x00, 0x20, 0x00, 0x90, 0x28, 0x1C, 0x31, 0x1C
	.byte 0x03, 0x22, 0x03, 0x23, 0xFE, 0xF7, 0x94, 0xFF, 0x00, 0x06, 0x00, 0x28, 0x12, 0xD0, 0x28, 0x1C
	.byte 0x31, 0x1C, 0x03, 0x22, 0x03, 0x23, 0xFE, 0xF7, 0xE5, 0xFF, 0x03, 0x20, 0x00, 0x90, 0x01, 0x98
	.byte 0x29, 0x1C, 0x32, 0x1C, 0x03, 0x23, 0xF8, 0xF7, 0xBF, 0xFA, 0x01, 0x20, 0x1E, 0xE0, 0x00, 0x00
	.byte 0xAC, 0xC7, 0x03, 0x02, 0x80, 0x21, 0x49, 0x02, 0x60, 0x18, 0x00, 0x14, 0x41, 0x46, 0x35, 0xF0
	.byte 0x47, 0xFE, 0x00, 0x04, 0x04, 0x0C, 0x01, 0x37, 0x47, 0x45, 0xCC, 0xDB, 0x49, 0x46, 0x08, 0x04
	.byte 0x00, 0x14, 0x00, 0x28, 0x00, 0xD1, 0x02, 0x98, 0x01, 0x38, 0x00, 0x04, 0x00, 0x0C, 0x81, 0x46
	.byte 0x01, 0x20, 0x82, 0x44, 0x02, 0x99, 0x8A, 0x45, 0xB2, 0xDB, 0x00, 0x20, 0x03, 0xB0, 0x38, 0xBC
	.byte 0x98, 0x46, 0xA1, 0x46, 0xAA, 0x46, 0xF0, 0xBC, 0x02, 0xBC, 0x08, 0x47, 0xF0, 0xB5, 0x57, 0x46
	.byte 0x4E, 0x46, 0x45, 0x46, 0xE0, 0xB4, 0x83, 0xB0, 0x01, 0x90, 0x12, 0x48, 0x01, 0x68, 0x88, 0x88
	.byte 0x04, 0x38, 0x00, 0x04, 0x00, 0x0C, 0x80, 0x46, 0x48, 0x89, 0x09, 0x89, 0x40, 0x1A, 0x04, 0x38
	.byte 0x00, 0x04, 0x00, 0x0C, 0x02, 0x90, 0x1E, 0xF7, 0xA3, 0xFD, 0x00, 0x04, 0x00, 0x0C, 0x41, 0x46
	.byte 0x35, 0xF0, 0xB2, 0xFE, 0x00, 0x04, 0x04, 0x0C, 0x1E, 0xF7, 0x9A, 0xFD, 0x00, 0x04, 0x00, 0x0C
	.byte 0x02, 0x99, 0x35, 0xF0, 0xA9, 0xFE, 0x00, 0x04, 0x00, 0x0C, 0x81, 0x46, 0x00, 0x20, 0x82, 0x46
	.byte 0x4C, 0xE0, 0x00, 0x00, 0xAC, 0xC7, 0x03, 0x02, 0x17, 0x48, 0x00, 0x68, 0x00, 0x89, 0x48, 0x44
	.byte 0x00, 0x04, 0x00, 0x0C, 0x00, 0x27, 0x47, 0x45, 0x34, 0xDA, 0x00, 0x04, 0x06, 0x14, 0x24, 0x04
	.byte 0x25, 0x14, 0x28, 0x1C, 0x31, 0x1C, 0xFE, 0xF7, 0xAB, 0xFE, 0x00, 0x06, 0x00, 0x28, 0x1D, 0xD0
	.byte 0x00, 0x20, 0x00, 0x90, 0x28, 0x1C, 0x31, 0x1C, 0x04, 0x22, 0x04, 0x23, 0xFE, 0xF7, 0x10, 0xFF
	.byte 0x00, 0x06, 0x00, 0x28, 0x12, 0xD0, 0x28, 0x1C, 0x31, 0x1C, 0x04, 0x22, 0x04, 0x23, 0xFE, 0xF7
	.byte 0x61, 0xFF, 0x04, 0x20, 0x00, 0x90, 0x01, 0x98, 0x29, 0x1C, 0x32, 0x1C, 0x04, 0x23, 0xF8, 0xF7
	.byte 0x3B, 0xFA, 0x01, 0x20, 0x1E, 0xE0, 0x00, 0x00, 0xAC, 0xC7, 0x03, 0x02, 0x80, 0x21, 0x49, 0x02
	.byte 0x60, 0x18, 0x00, 0x14, 0x41, 0x46, 0x35, 0xF0, 0xC3, 0xFD, 0x00, 0x04, 0x04, 0x0C, 0x01, 0x37
	.byte 0x47, 0x45, 0xCC, 0xDB, 0x49, 0x46, 0x08, 0x04, 0x00, 0x14, 0x00, 0x28, 0x00, 0xD1, 0x02, 0x98
	.byte 0x01, 0x38, 0x00, 0x04, 0x00, 0x0C, 0x81, 0x46, 0x01, 0x20, 0x82, 0x44, 0x02, 0x99, 0x8A, 0x45
	.byte 0xB2, 0xDB, 0x00, 0x20, 0x03, 0xB0, 0x38, 0xBC, 0x98, 0x46, 0xA1, 0x46, 0xAA, 0x46, 0xF0, 0xBC
	.byte 0x02, 0xBC, 0x08, 0x47, 0xF0, 0xB5, 0x57, 0x46, 0x4E, 0x46, 0x45, 0x46, 0xE0, 0xB4, 0x83, 0xB0
	.byte 0x01, 0x90, 0x12, 0x48, 0x01, 0x68, 0x88, 0x88, 0x05, 0x38, 0x00, 0x04, 0x00, 0x0C, 0x80, 0x46
	.byte 0x48, 0x89, 0x09, 0x89, 0x40, 0x1A, 0x05, 0x38, 0x00, 0x04, 0x00, 0x0C, 0x02, 0x90, 0x1E, 0xF7
	.byte 0x1F, 0xFD, 0x00, 0x04, 0x00, 0x0C, 0x41, 0x46, 0x35, 0xF0, 0x2E, 0xFE, 0x00, 0x04, 0x04, 0x0C
	.byte 0x1E, 0xF7, 0x16, 0xFD, 0x00, 0x04, 0x00, 0x0C, 0x02, 0x99, 0x35, 0xF0, 0x25, 0xFE, 0x00, 0x04
	.byte 0x00, 0x0C, 0x81, 0x46, 0x00, 0x20, 0x82, 0x46, 0x4C, 0xE0, 0x00, 0x00, 0xAC, 0xC7, 0x03, 0x02
	.byte 0x17, 0x48, 0x00, 0x68, 0x00, 0x89, 0x48, 0x44, 0x00, 0x04, 0x00, 0x0C, 0x00, 0x27, 0x47, 0x45
	.byte 0x34, 0xDA, 0x00, 0x04, 0x06, 0x14, 0x24, 0x04, 0x25, 0x14, 0x28, 0x1C, 0x31, 0x1C, 0xFE, 0xF7
	.byte 0x27, 0xFE, 0x00, 0x06, 0x00, 0x28, 0x1D, 0xD0, 0x00, 0x20, 0x00, 0x90, 0x28, 0x1C, 0x31, 0x1C
	.byte 0x05, 0x22, 0x05, 0x23, 0xFE, 0xF7, 0x8C, 0xFE, 0x00, 0x06, 0x00, 0x28, 0x12, 0xD0, 0x28, 0x1C
	.byte 0x31, 0x1C, 0x05, 0x22, 0x05, 0x23, 0xFE, 0xF7, 0xDD, 0xFE, 0x05, 0x20, 0x00, 0x90, 0x01, 0x98
	.byte 0x29, 0x1C, 0x32, 0x1C, 0x05, 0x23, 0xF8, 0xF7, 0xB7, 0xF9, 0x01, 0x20, 0x1E, 0xE0, 0x00, 0x00
	.byte 0xAC, 0xC7, 0x03, 0x02, 0x80, 0x21, 0x49, 0x02, 0x60, 0x18, 0x00, 0x14, 0x41, 0x46, 0x35, 0xF0
	.byte 0x3F, 0xFD, 0x00, 0x04, 0x04, 0x0C, 0x01, 0x37, 0x47, 0x45, 0xCC, 0xDB, 0x49, 0x46, 0x08, 0x04
	.byte 0x00, 0x14, 0x00, 0x28, 0x00, 0xD1, 0x02, 0x98, 0x01, 0x38, 0x00, 0x04, 0x00, 0x0C, 0x81, 0x46
	.byte 0x01, 0x20, 0x82, 0x44, 0x02, 0x99, 0x8A, 0x45, 0xB2, 0xDB, 0x00, 0x20, 0x03, 0xB0, 0x38, 0xBC
	.byte 0x98, 0x46, 0xA1, 0x46, 0xAA, 0x46, 0xF0, 0xBC, 0x02, 0xBC, 0x08, 0x47, 0xF0, 0xB5, 0x57, 0x46
	.byte 0x4E, 0x46, 0x45, 0x46, 0xE0, 0xB4, 0x84, 0xB0, 0x01, 0x90, 0x00, 0x20, 0xFD, 0xF7, 0x26, 0xFC
	.byte 0x81, 0x46, 0x40, 0x88, 0x4A, 0x46, 0x11, 0x88, 0x40, 0x1A, 0x02, 0x38, 0x00, 0x04, 0x00, 0x0C
	.byte 0x80, 0x46, 0x2A, 0x48, 0x01, 0x68, 0x48, 0x89, 0x09, 0x89, 0x40, 0x1A, 0x02, 0x38, 0x00, 0x04
	.byte 0x00, 0x0C, 0x02, 0x90, 0x1E, 0xF7, 0x94, 0xFC, 0x00, 0x04, 0x00, 0x0C, 0x41, 0x46, 0x35, 0xF0
	.byte 0xA3, 0xFD, 0x00, 0x04, 0x06, 0x0C, 0x1E, 0xF7, 0x8B, 0xFC, 0x00, 0x04, 0x00, 0x0C, 0x02, 0x99
	.byte 0x35, 0xF0, 0x9A, 0xFD, 0x00, 0x04, 0x00, 0x0C, 0x82, 0x46, 0x00, 0x20, 0x03, 0x90, 0x02, 0x99
	.byte 0x88, 0x42, 0x54, 0xDA, 0x19, 0x48, 0x00, 0x68, 0x00, 0x89, 0x50, 0x44, 0x00, 0x04, 0x00, 0x0C
	.byte 0x00, 0x27, 0x47, 0x45, 0x39, 0xDA, 0x00, 0x04, 0x05, 0x14, 0x4A, 0x46, 0x10, 0x88, 0x80, 0x19
	.byte 0x00, 0x04, 0x04, 0x14, 0x00, 0x20, 0x00, 0x90, 0x20, 0x1C, 0x29, 0x1C, 0x02, 0x22, 0x02, 0x23
	.byte 0xFE, 0xF7, 0x06, 0xFE, 0x00, 0x06, 0x00, 0x28, 0x1A, 0xD0, 0x20, 0x1C, 0x29, 0x1C, 0xFD, 0xF7
	.byte 0xD3, 0xFB, 0x4A, 0x46, 0x51, 0x68, 0xC0, 0x68, 0x81, 0x42, 0x11, 0xD1, 0x20, 0x1C, 0x29, 0x1C
	.byte 0x02, 0x22, 0x02, 0x23, 0xFE, 0xF7, 0x4E, 0xFE, 0x02, 0x20, 0x00, 0x90, 0x01, 0x98, 0x21, 0x1C
	.byte 0x2A, 0x1C, 0x02, 0x23, 0xF8, 0xF7, 0x28, 0xF9, 0x01, 0x20, 0x21, 0xE0, 0xAC, 0xC7, 0x03, 0x02
	.byte 0x30, 0x04, 0x80, 0x21, 0x49, 0x02, 0x40, 0x18, 0x00, 0x14, 0x41, 0x46, 0x35, 0xF0, 0xB0, 0xFC
	.byte 0x00, 0x04, 0x06, 0x0C, 0x01, 0x37, 0x47, 0x45, 0xC7, 0xDB, 0x52, 0x46, 0x10, 0x04, 0x80, 0x21
	.byte 0x49, 0x02, 0x40, 0x18, 0x00, 0x14, 0x02, 0x99, 0x35, 0xF0, 0xA2, 0xFC, 0x00, 0x04, 0x00, 0x0C
	.byte 0x82, 0x46, 0x03, 0x9A, 0x01, 0x32, 0x03, 0x92, 0x02, 0x98, 0x82, 0x42, 0xAA, 0xDB, 0x00, 0x20
	.byte 0x04, 0xB0, 0x38, 0xBC, 0x98, 0x46, 0xA1, 0x46, 0xAA, 0x46, 0xF0, 0xBC, 0x02, 0xBC, 0x08, 0x47
	thumb_func_start func_080E7D64
func_080E7D64: @ 080E7D64
	push {lr}
	lsls r1, r1, #0x18
	ldr r2, _080E7D7C @ =0x09EF6A50
	lsrs r1, r1, #0x16
	adds r1, r1, r2
	ldr r1, [r1, #0x00]
	bl _0811D5B4
	lsls r0, r0, #0x18
	lsrs r0, r0, #0x18
	pop {r1}
	bx r1
_080E7D7C: .4byte 0x09EF6A50
	thumb_func_start func_080E7D80
func_080E7D80: @ 080E7D80
	push {r4, lr}
	adds r4, r0, #0x0
	movs r2, #0x00
	ldr r0, _080E7DA0 @ =0x02034F78
	ldrb r1, [r0, #0x00]
	cmp r2, r1
	bge _080E7DB0
	ldr r0, _080E7DA4 @ =0x0203C7B8
	adds r3, r1, #0x0
	ldr r1, [r0, #0x00]
_080E7D94:
	ldr r0, [r1, #0x14]
	ldr r0, [r0, #0x00]
	cmp r0, r4
	bne _080E7DA8
	movs r0, #0x00
	b _080E7DB2
_080E7DA0: .4byte 0x02034F78
_080E7DA4: .4byte 0x0203C7B8
_080E7DA8:
	adds r1, #0x18
	adds r2, #0x01
	cmp r2, r3
	blt _080E7D94
_080E7DB0:
	movs r0, #0x01
_080E7DB2:
	pop {r4}
	pop {r1}
	bx r1
	thumb_func_start func_080E7DB8
func_080E7DB8: @ 080E7DB8
	push {r4, lr}
	adds r4, r1, #0x0
	lsls r0, r0, #0x18
	cmp r0, #0x00
	beq _080E7DC8
	b _080E7DE8
_080E7DC4:
	movs r0, #0x00
	b _080E7DEA
_080E7DC8:
	movs r3, #0x00
	ldr r0, _080E7DF0 @ =0x02034F78
	ldrb r2, [r0, #0x00]
	cmp r3, r2
	bge _080E7DE8
	ldr r0, _080E7DF4 @ =0x0203C7B8
	adds r1, r2, #0x0
	ldr r2, [r0, #0x00]
_080E7DD8:
	ldr r0, [r2, #0x14]
	ldr r0, [r0, #0x04]
	cmp r0, r4
	beq _080E7DC4
	adds r2, #0x18
	adds r3, #0x01
	cmp r3, r1
	blt _080E7DD8
_080E7DE8:
	movs r0, #0x01
_080E7DEA:
	pop {r4}
	pop {r1}
	bx r1
_080E7DF0: .4byte 0x02034F78
_080E7DF4: .4byte 0x0203C7B8
	thumb_func_start func_080E7DF8
func_080E7DF8: @ 080E7DF8
	push {r4, r5, r6, lr}
	movs r4, #0x00
	ldr r5, _080E7E28 @ =0x02034F7A
	ldr r6, _080E7E2C @ =0x02034F79
_080E7E00:
	lsls r0, r4, #0x18
	lsrs r0, r0, #0x18
	bl func_080E54A0
	adds r1, r0, #0x0
	ldrb r0, [r1, #0x08]
	cmp r0, #0x00
	bne _080E7E30
	ldr r1, [r1, #0x14]
	movs r0, #0x80
	lsls r0, r0, #0x0D
	cmp r1, r0
	beq _080E7E30
	ldrh r0, [r5, #0x00]
	adds r0, #0x4C
	strh r0, [r5, #0x00]
	ldrb r0, [r6, #0x00]
	adds r0, #0x01
	strb r0, [r6, #0x00]
	b _080E7E36
_080E7E28: .4byte 0x02034F7A
_080E7E2C: .4byte 0x02034F79
_080E7E30:
	adds r4, #0x01
	cmp r4, #0x0B
	ble _080E7E00
_080E7E36:
	pop {r4, r5, r6}
	pop {r0}
	bx r0
	thumb_func_start func_080E7E3C
func_080E7E3C: @ 080E7E3C
	push {r4, r5, r6, r7, lr}
	mov r7, r8
	push {r7}
	add sp, #-0x010
	ldr r0, _080E7E84 @ =0x0203C590
	ldrb r0, [r0, #0x06]
	bl func_080DEE18
	mov r8, r0
	ldr r0, _080E7E88 @ =0x0203C7AC
	ldr r0, [r0, #0x00]
	ldrb r0, [r0, #0x0D]
	cmp r0, #0x0A
	bne _080E7EEE
	ldr r7, _080E7E8C @ =0x0984C158
	ldr r4, _080E7E90 @ =0x02034F78
	movs r5, #0x01
_080E7E5E:
	ldrb r1, [r7, #0x15]
	mov r0, sp
	bl func_080E7D64
	mov r0, r8
	ldrh r1, [r0, #0x00]
	movs r0, #0x10
	ands r0, r1
	cmp r0, #0x00
	beq _080E7E98
	ldrb r1, [r4, #0x00]
	ldr r3, _080E7E94 @ =0x0203C7B8
	ldr r2, [r3, #0x00]
	lsls r0, r1, #0x01
	adds r0, r0, r1
	lsls r0, r0, #0x03
	adds r0, r0, r2
	movs r1, #0x0A
	b _080E7EA8
_080E7E84: .4byte 0x0203C590
_080E7E88: .4byte 0x0203C7AC
_080E7E8C: .4byte 0x0984C158
_080E7E90: .4byte 0x02034F78
_080E7E94: .4byte 0x0203C7B8
_080E7E98:
	ldrb r1, [r4, #0x00]
	ldr r3, _080E7F34 @ =0x0203C7B8
	ldr r2, [r3, #0x00]
	lsls r0, r1, #0x01
	adds r0, r0, r1
	lsls r0, r0, #0x03
	adds r0, r0, r2
	movs r1, #0x08
_080E7EA8:
	strh r1, [r0, #0x00]
	ldrb r1, [r4, #0x00]
	ldr r2, [r3, #0x00]
	lsls r0, r1, #0x01
	adds r0, r0, r1
	lsls r0, r0, #0x03
	adds r0, r0, r2
	str r7, [r0, #0x14]
	ldrb r0, [r4, #0x00]
	lsls r1, r0, #0x01
	adds r1, r1, r0
	lsls r1, r1, #0x03
	adds r1, r1, r2
	adds r1, #0x04
	mov r0, sp
	ldm r0!, {r2, r3, r6}
	stm r1!, {r2, r3, r6}
	ldr r0, [r0, #0x00]
	str r0, [r1, #0x00]
	ldr r1, _080E7F38 @ =0x02034F7A
	ldrh r0, [r7, #0x08]
	lsrs r0, r0, #0x05
	ldrh r2, [r1, #0x00]
	adds r0, r0, r2
	strh r0, [r1, #0x00]
	ldr r1, _080E7F3C @ =0x02034F79
	ldrb r0, [r1, #0x00]
	adds r0, #0x01
	strb r0, [r1, #0x00]
	ldrb r0, [r4, #0x00]
	adds r0, #0x01
	strb r0, [r4, #0x00]
	subs r5, #0x01
	cmp r5, #0x00
	bge _080E7E5E
_080E7EEE:
	ldr r0, _080E7F40 @ =0x0203C7AC
	ldr r0, [r0, #0x00]
	ldrb r0, [r0, #0x0D]
	cmp r0, #0x03
	beq _080E7F04
	cmp r0, #0x09
	beq _080E7F04
	cmp r0, #0x0A
	beq _080E7F04
	cmp r0, #0x16
	bne _080E7FB0
_080E7F04:
	ldr r7, _080E7F44 @ =0x0984C158
	ldrb r1, [r7, #0x15]
	mov r0, sp
	bl func_080E7D64
	mov r3, r8
	ldrh r1, [r3, #0x00]
	movs r0, #0x10
	ands r0, r1
	lsls r0, r0, #0x10
	lsrs r5, r0, #0x10
	cmp r5, #0x00
	beq _080E7F4C
	ldr r4, _080E7F48 @ =0x02034F78
	ldrb r1, [r4, #0x00]
	ldr r3, _080E7F34 @ =0x0203C7B8
	ldr r2, [r3, #0x00]
	lsls r0, r1, #0x01
	adds r0, r0, r1
	lsls r0, r0, #0x03
	adds r0, r0, r2
	movs r1, #0x02
	strh r1, [r0, #0x00]
	b _080E7F5E
_080E7F34: .4byte 0x0203C7B8
_080E7F38: .4byte 0x02034F7A
_080E7F3C: .4byte 0x02034F79
_080E7F40: .4byte 0x0203C7AC
_080E7F44: .4byte 0x0984C158
_080E7F48: .4byte 0x02034F78
_080E7F4C:
	ldr r4, _080E7FBC @ =0x02034F78
	ldrb r1, [r4, #0x00]
	ldr r3, _080E7FC0 @ =0x0203C7B8
	ldr r2, [r3, #0x00]
	lsls r0, r1, #0x01
	adds r0, r0, r1
	lsls r0, r0, #0x03
	adds r0, r0, r2
	strh r5, [r0, #0x00]
_080E7F5E:
	ldrb r1, [r4, #0x00]
	ldr r2, [r3, #0x00]
	lsls r0, r1, #0x01
	adds r0, r0, r1
	lsls r0, r0, #0x03
	adds r0, r0, r2
	str r7, [r0, #0x14]
	ldrb r0, [r4, #0x00]
	lsls r1, r0, #0x01
	adds r1, r1, r0
	lsls r1, r1, #0x03
	adds r1, r1, r2
	adds r1, #0x04
	mov r0, sp
	ldm r0!, {r2, r5, r6}
	stm r1!, {r2, r5, r6}
	ldr r0, [r0, #0x00]
	str r0, [r1, #0x00]
	ldr r1, _080E7FC4 @ =0x02034F7A
	ldrh r0, [r7, #0x08]
	lsrs r0, r0, #0x05
	ldrh r3, [r1, #0x00]
	adds r0, r0, r3
	strh r0, [r1, #0x00]
	ldr r1, _080E7FC8 @ =0x02034F79
	ldrb r0, [r1, #0x00]
	adds r0, #0x01
	strb r0, [r1, #0x00]
	ldrb r0, [r4, #0x00]
	adds r0, #0x01
	strb r0, [r4, #0x00]
	ldr r0, [sp, #0x000]
	ldr r1, [sp, #0x004]
	ldr r2, [sp, #0x008]
	adds r1, r1, r2
	bl func_080E67D4
	ldrh r2, [r0, #0x00]
	movs r1, #0x80
	orrs r1, r2
	strh r1, [r0, #0x00]
_080E7FB0:
	add sp, #0x010
	pop {r3}
	mov r8, r3
	pop {r4, r5, r6, r7}
	pop {r0}
	bx r0
_080E7FBC: .4byte 0x02034F78
_080E7FC0: .4byte 0x0203C7B8
_080E7FC4: .4byte 0x02034F7A
_080E7FC8: .4byte 0x02034F79
	thumb_func_start func_080E7FCC
func_080E7FCC: @ 080E7FCC
	push {r4, r5, r6, lr}
	add sp, #-0x010
	ldr r0, _080E8040 @ =0x0203C7AC
	ldr r0, [r0, #0x00]
	ldrb r0, [r0, #0x0D]
	cmp r0, #0x06
	beq _080E7FDE
	cmp r0, #0x17
	bne _080E8038
_080E7FDE:
	ldr r4, _080E8044 @ =0x0984C1CC
	ldrb r1, [r4, #0x15]
	mov r0, sp
	bl func_080E7D64
	ldr r3, _080E8048 @ =0x02034F78
	ldrb r1, [r3, #0x00]
	ldr r0, _080E804C @ =0x0203C7B8
	ldr r2, [r0, #0x00]
	lsls r0, r1, #0x01
	adds r0, r0, r1
	lsls r0, r0, #0x03
	adds r0, r0, r2
	movs r1, #0x00
	strh r1, [r0, #0x00]
	ldrb r1, [r3, #0x00]
	lsls r0, r1, #0x01
	adds r0, r0, r1
	lsls r0, r0, #0x03
	adds r0, r0, r2
	str r4, [r0, #0x14]
	ldrb r0, [r3, #0x00]
	lsls r1, r0, #0x01
	adds r1, r1, r0
	lsls r1, r1, #0x03
	adds r1, r1, r2
	adds r1, #0x04
	mov r0, sp
	ldm r0!, {r2, r5, r6}
	stm r1!, {r2, r5, r6}
	ldr r0, [r0, #0x00]
	str r0, [r1, #0x00]
	ldr r1, _080E8050 @ =0x02034F7A
	ldrh r0, [r4, #0x08]
	lsrs r0, r0, #0x05
	ldrh r2, [r1, #0x00]
	adds r0, r0, r2
	strh r0, [r1, #0x00]
	ldr r1, _080E8054 @ =0x02034F79
	ldrb r0, [r1, #0x00]
	adds r0, #0x01
	strb r0, [r1, #0x00]
	ldrb r0, [r3, #0x00]
	adds r0, #0x01
	strb r0, [r3, #0x00]
_080E8038:
	add sp, #0x010
	pop {r4, r5, r6}
	pop {r0}
	bx r0
_080E8040: .4byte 0x0203C7AC
_080E8044: .4byte 0x0984C1CC
_080E8048: .4byte 0x02034F78
_080E804C: .4byte 0x0203C7B8
_080E8050: .4byte 0x02034F7A
_080E8054: .4byte 0x02034F79
	thumb_func_start func_080E8058
func_080E8058: @ 080E8058
	push {r4, r5, r6, lr}
	add sp, #-0x010
	ldr r0, _080E80C8 @ =0x0203C7AC
	ldr r0, [r0, #0x00]
	ldrb r0, [r0, #0x0D]
	cmp r0, #0x0B
	bne _080E80C0
	ldr r4, _080E80CC @ =0x0984C204
	ldrb r1, [r4, #0x15]
	mov r0, sp
	bl func_080E7D64
	ldr r3, _080E80D0 @ =0x02034F78
	ldrb r1, [r3, #0x00]
	ldr r0, _080E80D4 @ =0x0203C7B8
	ldr r2, [r0, #0x00]
	lsls r0, r1, #0x01
	adds r0, r0, r1
	lsls r0, r0, #0x03
	adds r0, r0, r2
	movs r1, #0x00
	strh r1, [r0, #0x00]
	ldrb r1, [r3, #0x00]
	lsls r0, r1, #0x01
	adds r0, r0, r1
	lsls r0, r0, #0x03
	adds r0, r0, r2
	str r4, [r0, #0x14]
	ldrb r0, [r3, #0x00]
	lsls r1, r0, #0x01
	adds r1, r1, r0
	lsls r1, r1, #0x03
	adds r1, r1, r2
	adds r1, #0x04
	mov r0, sp
	ldm r0!, {r2, r5, r6}
	stm r1!, {r2, r5, r6}
	ldr r0, [r0, #0x00]
	str r0, [r1, #0x00]
	ldr r1, _080E80D8 @ =0x02034F7A
	ldrh r0, [r4, #0x08]
	lsrs r0, r0, #0x05
	ldrh r2, [r1, #0x00]
	adds r0, r0, r2
	strh r0, [r1, #0x00]
	ldr r1, _080E80DC @ =0x02034F79
	ldrb r0, [r1, #0x00]
	adds r0, #0x01
	strb r0, [r1, #0x00]
	ldrb r0, [r3, #0x00]
	adds r0, #0x01
	strb r0, [r3, #0x00]
_080E80C0:
	add sp, #0x010
	pop {r4, r5, r6}
	pop {r0}
	bx r0
_080E80C8: .4byte 0x0203C7AC
_080E80CC: .4byte 0x0984C204
_080E80D0: .4byte 0x02034F78
_080E80D4: .4byte 0x0203C7B8
_080E80D8: .4byte 0x02034F7A
_080E80DC: .4byte 0x02034F79
_080E80E0:
	.byte 0xF0, 0xB5, 0x4F, 0x46, 0x46, 0x46, 0xC0, 0xB4, 0x84, 0xB0, 0x10, 0x48, 0x00, 0x68, 0x40, 0x7B
	.byte 0x06, 0x28, 0x00, 0xD1, 0xA9, 0xE0, 0x09, 0x28, 0x00, 0xD1, 0xA6, 0xE0, 0x0B, 0x28, 0x00, 0xD1
	.byte 0xA3, 0xE0, 0x16, 0x28, 0x00, 0xD1, 0xA0, 0xE0, 0x17, 0x28, 0x00, 0xD1, 0x9D, 0xE0, 0x08, 0x48
	.byte 0x06, 0x78, 0x0F, 0x2E, 0x00, 0xDD, 0x98, 0xE0, 0x06, 0x48, 0x00, 0x79, 0x02, 0x38, 0x0A, 0x28
	.byte 0x44, 0xD8, 0x80, 0x00, 0x04, 0x49, 0x40, 0x18, 0x00, 0x68, 0x87, 0x46, 0xAC, 0xC7, 0x03, 0x02
	.byte 0x78, 0x4F, 0x03, 0x02, 0x90, 0xC5, 0x03, 0x02, 0x3C, 0x81, 0x0E, 0x08, 0x78, 0x81, 0x0E, 0x08
	.byte 0xAC, 0x81, 0x0E, 0x08, 0x70, 0x81, 0x0E, 0x08, 0xAC, 0x81, 0x0E, 0x08, 0x80, 0x81, 0x0E, 0x08
	.byte 0xAC, 0x81, 0x0E, 0x08, 0x88, 0x81, 0x0E, 0x08, 0xAC, 0x81, 0x0E, 0x08, 0x68, 0x81, 0x0E, 0x08
	.byte 0xAC, 0x81, 0x0E, 0x08, 0xA4, 0x81, 0x0E, 0x08, 0x00, 0x4C, 0x20, 0xE0, 0x2C, 0x7A, 0x85, 0x09
	.byte 0x00, 0x4C, 0x1C, 0xE0, 0x54, 0x7A, 0x85, 0x09, 0x00, 0x4C, 0x18, 0xE0, 0x7C, 0x7A, 0x85, 0x09
	.byte 0x00, 0x4C, 0x14, 0xE0, 0xA4, 0x7A, 0x85, 0x09, 0x1E, 0xF7, 0x0C, 0xFA, 0x00, 0x04, 0x00, 0x0C
	.byte 0x01, 0x21, 0x08, 0x40, 0x02, 0x4C, 0x00, 0x28, 0x09, 0xD0, 0x28, 0x3C, 0x07, 0xE0, 0x00, 0x00
	.byte 0xF4, 0x7A, 0x85, 0x09, 0x00, 0x4C, 0x02, 0xE0, 0x1C, 0x7B, 0x85, 0x09, 0x2A, 0x4C, 0x2B, 0x48
	.byte 0x81, 0x46, 0x20, 0x89, 0x40, 0x09, 0x49, 0x46, 0x09, 0x88, 0x40, 0x18, 0x80, 0x21, 0x89, 0x00
	.byte 0x88, 0x42, 0x42, 0xDC, 0x20, 0x68, 0xFF, 0xF7, 0xDB, 0xFD, 0x00, 0x06, 0x00, 0x0E, 0x80, 0x46
	.byte 0x00, 0x28, 0x03, 0xD0, 0x22, 0x48, 0x00, 0x78, 0x05, 0x28, 0x36, 0xD8, 0x61, 0x7D, 0x68, 0x46
	.byte 0xFF, 0xF7, 0xC0, 0xFD, 0x00, 0x06, 0x00, 0x28, 0x2F, 0xD0, 0x1E, 0x4B, 0x19, 0x78, 0x1E, 0x48
	.byte 0x02, 0x68, 0x48, 0x00, 0x40, 0x18, 0xC0, 0x00, 0x80, 0x18, 0x00, 0x21, 0x01, 0x80, 0x19, 0x78
	.byte 0x48, 0x00, 0x40, 0x18, 0xC0, 0x00, 0x80, 0x18, 0x44, 0x61, 0x18, 0x78, 0x41, 0x00, 0x09, 0x18
	.byte 0xC9, 0x00, 0x89, 0x18, 0x04, 0x31, 0x68, 0x46, 0xA4, 0xC8, 0xA4, 0xC1, 0x00, 0x68, 0x08, 0x60
	.byte 0x20, 0x89, 0x40, 0x09, 0x49, 0x46, 0x09, 0x88, 0x40, 0x18, 0x4A, 0x46, 0x10, 0x80, 0x18, 0x78
	.byte 0x01, 0x30, 0x18, 0x70, 0x45, 0x46, 0x00, 0x2D, 0x03, 0xD0, 0x09, 0x49, 0x08, 0x78, 0x01, 0x30
	.byte 0x08, 0x70, 0x01, 0x36, 0x0F, 0x2E, 0x00, 0xDC, 0x66, 0xE7, 0x04, 0xB0, 0x18, 0xBC, 0x98, 0x46
	.byte 0xA1, 0x46, 0xF0, 0xBC, 0x01, 0xBC, 0x00, 0x47, 0x90, 0xC1, 0x84, 0x09, 0x7A, 0x4F, 0x03, 0x02
	.byte 0x79, 0x4F, 0x03, 0x02, 0x78, 0x4F, 0x03, 0x02, 0xB8, 0xC7, 0x03, 0x02
	thumb_func_start func_080E826C
func_080E826C: @ 080E826C
	push {r4, r5, r6, r7, lr}
	mov r7, r10
	mov r6, r9
	mov r5, r8
	push {r5, r6, r7}
	add sp, #-0x014
	ldr r0, _080E8360 @ =0x02034F78
	ldrb r5, [r0, #0x00]
	cmp r5, #0x0F
	bgt _080E834E
	ldr r1, _080E8364 @ =0x02034F7A
	mov r10, r1
	mov r8, r0
	ldr r2, _080E8368 @ =0x02034F79
	mov r9, r2
_080E828A:
	lsls r0, r5, #0x18
	lsrs r0, r0, #0x18
	bl _080E6634
	lsls r0, r0, #0x18
	lsrs r0, r0, #0x18
	lsls r1, r0, #0x02
	adds r1, r1, r0
	lsls r1, r1, #0x03
	ldr r0, _080E836C @ =0x09856FB4
	adds r4, r1, r0
	ldrb r0, [r4, #0x14]
	ldr r1, [r4, #0x04]
	bl func_080E7DB8
	lsls r0, r0, #0x18
	lsrs r0, r0, #0x18
	str r0, [sp, #0x010]
	cmp r0, #0x00
	beq _080E82C4
	ldrh r0, [r4, #0x08]
	lsrs r0, r0, #0x05
	mov r3, r10
	ldrh r3, [r3, #0x00]
	adds r0, r0, r3
	movs r1, #0x80
	lsls r1, r1, #0x02
	cmp r0, r1
	bgt _080E8348
_080E82C4:
	ldr r0, [r4, #0x00]
	bl func_080E7D80
	lsls r0, r0, #0x18
	lsrs r6, r0, #0x18
	cmp r6, #0x00
	beq _080E82DA
	mov r7, r9
	ldrb r0, [r7, #0x00]
	cmp r0, #0x05
	bhi _080E8348
_080E82DA:
	ldrb r1, [r4, #0x15]
	mov r0, sp
	bl func_080E7D64
	lsls r0, r0, #0x18
	cmp r0, #0x00
	beq _080E8348
	mov r0, r8
	ldrb r1, [r0, #0x00]
	ldr r0, _080E8370 @ =0x0203C7B8
	ldr r2, [r0, #0x00]
	lsls r0, r1, #0x01
	adds r0, r0, r1
	lsls r0, r0, #0x03
	adds r0, r0, r2
	movs r1, #0x00
	strh r1, [r0, #0x00]
	mov r3, r8
	ldrb r1, [r3, #0x00]
	lsls r0, r1, #0x01
	adds r0, r0, r1
	lsls r0, r0, #0x03
	adds r0, r0, r2
	str r4, [r0, #0x14]
	ldrb r0, [r3, #0x00]
	lsls r1, r0, #0x01
	adds r1, r1, r0
	lsls r1, r1, #0x03
	adds r1, r1, r2
	adds r1, #0x04
	mov r0, sp
	ldm r0!, {r2, r3, r7}
	stm r1!, {r2, r3, r7}
	ldr r0, [r0, #0x00]
	str r0, [r1, #0x00]
	mov r7, r8
	ldrb r0, [r7, #0x00]
	adds r0, #0x01
	strb r0, [r7, #0x00]
	ldr r0, [sp, #0x010]
	cmp r0, #0x00
	beq _080E833C
	ldrh r0, [r4, #0x08]
	lsrs r0, r0, #0x05
	mov r1, r10
	ldrh r1, [r1, #0x00]
	adds r0, r0, r1
	mov r2, r10
	strh r0, [r2, #0x00]
_080E833C:
	cmp r6, #0x00
	beq _080E8348
	mov r3, r9
	ldrb r0, [r3, #0x00]
	adds r0, #0x01
	strb r0, [r3, #0x00]
_080E8348:
	adds r5, #0x01
	cmp r5, #0x0F
	ble _080E828A
_080E834E:
	add sp, #0x014
	pop {r3, r4, r5}
	mov r8, r3
	mov r9, r4
	mov r10, r5
	pop {r4, r5, r6, r7}
	pop {r0}
	bx r0
	.byte 0x00, 0x00
_080E8360: .4byte 0x02034F78
_080E8364: .4byte 0x02034F7A
_080E8368: .4byte 0x02034F79
_080E836C: .4byte 0x09856FB4
_080E8370: .4byte 0x0203C7B8
	thumb_func_start func_080E8374
func_080E8374: @ 080E8374
	push {r4, r5, lr}
	adds r2, r0, #0x0
	ldr r0, _080E83B8 @ =0x02039BA0
	ldr r3, [r0, #0x00]
	ldr r1, [r3, #0x1C]
	ldr r0, [r3, #0x20]
	adds r1, r1, r0
	movs r4, #0x1A
	ldsh r0, [r2, r4]
	lsls r0, r0, #0x08
	movs r5, #0x80
	lsls r5, r5, #0x07
	adds r0, r0, r5
	adds r4, r1, r0
	ldr r1, [r2, #0x00]
	ldr r0, [r3, #0x00]
	cmp r1, r0
	blt _080E83B2
	movs r5, #0xF0
	lsls r5, r5, #0x08
	adds r0, r0, r5
	cmp r1, r0
	bgt _080E83B2
	ldr r0, [r2, #0x04]
	ldr r1, [r2, #0x08]
	adds r1, r0, r1
	ldr r0, [r3, #0x04]
	cmp r1, r0
	blt _080E83B2
	cmp r1, r4
	ble _080E83BC
_080E83B2:
	movs r0, #0x01
	b _080E83BE
	.byte 0x00, 0x00
_080E83B8: .4byte 0x02039BA0
_080E83BC:
	movs r0, #0x00
_080E83BE:
	pop {r4, r5}
	pop {r1}
	bx r1
	.byte 0x04, 0x48, 0x01, 0x88, 0x80, 0x22, 0x92, 0x00, 0x10, 0x1C, 0x40, 0x1A, 0x00, 0x04, 0x00, 0x0C
	.byte 0x70, 0x47, 0x00, 0x00, 0x7A, 0x4F, 0x03, 0x02
	thumb_func_start func_080E83DC
func_080E83DC: @ 080E83DC
	push {r4, r5, r6, lr}
	add sp, #-0x004
	adds r5, r0, #0x0
	adds r6, r1, #0x0
	adds r4, r2, #0x0
	ldr r0, _080E8414 @ =0x02039BB0
	ldr r0, [r0, #0x08]
	movs r1, #0x08
	ands r0, r1
	cmp r0, #0x00
	beq _080E844A
	bl func_080065A4
	lsls r0, r0, #0x10
	lsrs r0, r0, #0x10
	ldr r1, _080E8418 @ =0x00002710
	bl func_0811D7CC
	lsls r0, r0, #0x10
	lsrs r1, r0, #0x10
	ldr r0, _080E841C @ =0x000009C3
	cmp r1, r0
	bhi _080E8420
	str r4, [sp, #0x000]
	movs r0, #0x00
	movs r1, #0x02
	b _080E84B4
	.byte 0x00, 0x00
_080E8414: .4byte 0x02039BB0
_080E8418: .4byte 0x00002710
_080E841C: .4byte 0x000009C3
_080E8420:
	ldr r0, _080E842C @ =0x00001963
	cmp r1, r0
	bhi _080E8430
	str r4, [sp, #0x000]
	movs r0, #0x00
	b _080E84B2
_080E842C: .4byte 0x00001963
_080E8430:
	ldr r0, _080E8440 @ =0x00002327
	cmp r1, r0
	bhi _080E8444
	str r4, [sp, #0x000]
	movs r0, #0x01
	movs r1, #0x03
	b _080E84B4
	.byte 0x00, 0x00
_080E8440: .4byte 0x00002327
_080E8444:
	str r4, [sp, #0x000]
	movs r0, #0x01
	b _080E84B2
_080E844A:
	bl func_080065A4
	lsls r0, r0, #0x10
	lsrs r0, r0, #0x10
	ldr r1, _080E846C @ =0x00002710
	bl func_0811D7CC
	lsls r0, r0, #0x10
	lsrs r1, r0, #0x10
	ldr r0, _080E8470 @ =0x000007CF
	cmp r1, r0
	bhi _080E8474
	str r4, [sp, #0x000]
	movs r0, #0x00
	movs r1, #0x02
	b _080E84B4
	.byte 0x00, 0x00
_080E846C: .4byte 0x00002710
_080E8470: .4byte 0x000007CF
_080E8474:
	ldr r0, _080E8480 @ =0x00000F9F
	cmp r1, r0
	bhi _080E8484
	str r4, [sp, #0x000]
	movs r0, #0x00
	b _080E84B2
_080E8480: .4byte 0x00000F9F
_080E8484:
	ldr r0, _080E8494 @ =0x0000176F
	cmp r1, r0
	bhi _080E8498
	str r4, [sp, #0x000]
	movs r0, #0x01
	movs r1, #0x03
	b _080E84B4
	.byte 0x00, 0x00
_080E8494: .4byte 0x0000176F
_080E8498:
	ldr r0, _080E84A4 @ =0x00001963
	cmp r1, r0
	bhi _080E84A8
	str r4, [sp, #0x000]
	movs r0, #0x01
	b _080E84B2
_080E84A4: .4byte 0x00001963
_080E84A8:
	ldr r0, _080E84C0 @ =0x00001F3F
	cmp r1, r0
	bhi _080E84C4
	str r4, [sp, #0x000]
	movs r0, #0x02
_080E84B2:
	movs r1, #0x05
_080E84B4:
	adds r2, r5, #0x0
	adds r3, r6, #0x0
	bl func_080E9034
	b _080E84D2
	.byte 0x00, 0x00
_080E84C0: .4byte 0x00001F3F
_080E84C4:
	str r4, [sp, #0x000]
	movs r0, #0x03
	movs r1, #0x05
	adds r2, r5, #0x0
	adds r3, r6, #0x0
	bl func_080E9034
_080E84D2:
	add sp, #0x004
	pop {r4, r5, r6}
	pop {r0}
	bx r0
	.byte 0x00, 0x00
	thumb_func_start func_080E84DC
func_080E84DC: @ 080E84DC
	push {r4, lr}
	adds r4, r0, #0x0
	bl func_080065A4
	lsls r0, r0, #0x10
	lsrs r0, r0, #0x10
	ldr r1, _080E8518 @ =0x00002710
	bl func_0811D7CC
	lsls r0, r0, #0x10
	lsrs r1, r0, #0x10
	ldr r0, _080E851C @ =0x000005DB
	cmp r1, r0
	bhi _080E8520
	ldr r1, [r4, #0x00]
	ldr r2, [r4, #0x04]
	ldr r3, [r4, #0x08]
	movs r0, #0x00
	bl func_080E8FB8
	lsls r0, r0, #0x18
	lsrs r0, r0, #0x18
	cmp r0, #0x01
	beq _080E8530
	ldr r0, [r4, #0x00]
	ldr r1, [r4, #0x04]
	ldr r2, [r4, #0x08]
	bl func_080E83DC
	b _080E8530
_080E8518: .4byte 0x00002710
_080E851C: .4byte 0x000005DB
_080E8520:
	ldr r0, _080E8538 @ =0x00001D4B
	cmp r1, r0
	bhi _080E8530
	ldr r0, [r4, #0x00]
	ldr r1, [r4, #0x04]
	ldr r2, [r4, #0x08]
	bl func_080E83DC
_080E8530:
	pop {r4}
	pop {r0}
	bx r0
	.byte 0x00, 0x00
_080E8538: .4byte 0x00001D4B
	thumb_func_start func_080E853C
func_080E853C: @ 080E853C
	push {r4, r5, lr}
	ldr r0, _080E8580 @ =0x02039BB0
	ldrb r5, [r0, #0x00]
	cmp r5, #0x00
	bne _080E8576
	ldr r4, _080E8584 @ =0x0203C7B8
	movs r0, #0xC0
	lsls r0, r0, #0x01
	bl func_08000918
	str r0, [r4, #0x00]
	ldr r0, _080E8588 @ =0x02034F78
	strb r5, [r0, #0x00]
	ldr r0, _080E858C @ =0x02034F79
	strb r5, [r0, #0x00]
	ldr r0, _080E8590 @ =0x02034F7A
	strh r5, [r0, #0x00]
	bl func_080E7DF8
	bl func_080E7E3C
	bl func_080E7FCC
	bl func_080E8058
	bl func_080E826C
	bl _080E80E0
_080E8576:
	bl func_080E8594
	pop {r4, r5}
	pop {r0}
	bx r0
_080E8580: .4byte 0x02039BB0
_080E8584: .4byte 0x0203C7B8
_080E8588: .4byte 0x02034F78
_080E858C: .4byte 0x02034F79
_080E8590: .4byte 0x02034F7A
	thumb_func_start func_080E8594
func_080E8594: @ 080E8594
	push {r4, r5, lr}
	movs r4, #0x00
_080E8598:
	lsls r0, r4, #0x18
	lsrs r0, r0, #0x18
	bl func_080E54A0
	adds r2, r0, #0x0
	ldrb r0, [r2, #0x08]
	cmp r0, #0x00
	bne _080E85BE
	ldr r1, [r2, #0x14]
	movs r0, #0x80
	lsls r0, r0, #0x0D
	cmp r1, r0
	beq _080E85BE
	ldr r0, _080E8610 @ =0x02039BA0
	ldr r0, [r0, #0x00]
	adds r0, #0x78
	ldr r1, _080E8614 @ =0x09EF6C54
	bl func_08000E14
_080E85BE:
	adds r4, #0x01
	cmp r4, #0x0B
	ble _080E8598
	movs r4, #0x00
	ldr r0, _080E8618 @ =0x02034F78
	ldrb r0, [r0, #0x00]
	cmp r4, r0
	bge _080E85FA
	movs r5, #0x00
_080E85D0:
	ldr r0, _080E861C @ =0x0203C7B8
	ldr r0, [r0, #0x00]
	adds r2, r5, r0
	ldr r3, [r2, #0x14]
	ldrh r1, [r2, #0x00]
	movs r0, #0x01
	ands r0, r1
	cmp r0, #0x00
	bne _080E85EE
	ldr r0, _080E8610 @ =0x02039BA0
	ldr r0, [r0, #0x00]
	adds r0, #0x78
	ldr r1, [r3, #0x24]
	bl func_08000E14
_080E85EE:
	adds r5, #0x18
	adds r4, #0x01
	ldr r0, _080E8618 @ =0x02034F78
	ldrb r0, [r0, #0x00]
	cmp r4, r0
	blt _080E85D0
_080E85FA:
	ldr r0, _080E8610 @ =0x02039BA0
	ldr r0, [r0, #0x00]
	adds r0, #0x78
	ldr r1, _080E8620 @ =0x09EF6C84
	movs r2, #0x00
	bl func_08000E14
	pop {r4, r5}
	pop {r0}
	bx r0
	.byte 0x00, 0x00
_080E8610: .4byte 0x02039BA0
_080E8614: .4byte 0x09EF6C54
_080E8618: .4byte 0x02034F78
_080E861C: .4byte 0x0203C7B8
_080E8620: .4byte 0x09EF6C84
	thumb_func_start func_080E8624
func_080E8624: @ 080E8624
	push {lr}
	ldr r0, _080E863C @ =0x02039BB0
	ldrb r0, [r0, #0x00]
	cmp r0, #0x00
	bne _080E8636
	ldr r0, _080E8640 @ =0x0203C7B8
	ldr r0, [r0, #0x00]
	bl func_080009C4
_080E8636:
	pop {r0}
	bx r0
	.byte 0x00, 0x00
_080E863C: .4byte 0x02039BB0
_080E8640: .4byte 0x0203C7B8
	thumb_func_start func_080E8644
func_080E8644: @ 080E8644
	lsls r1, r1, #0x10
	lsls r2, r2, #0x10
	lsrs r1, r1, #0x13
	lsls r1, r1, #0x18
	lsrs r1, r1, #0x18
	lsrs r2, r2, #0x13
	lsls r2, r2, #0x18
	lsrs r2, r2, #0x16
	adds r2, r2, r1
	adds r0, r0, r2
	ldrb r0, [r0, #0x00]
	lsls r0, r0, #0x03
	ldr r1, _080E8664 @ =0x0984B860
	adds r0, r0, r1
	bx lr
	.byte 0x00, 0x00
_080E8664: .4byte 0x0984B860
_080E8668:
	.byte 0x00, 0x06, 0x00, 0x0E, 0x01, 0x38, 0x08, 0x28, 0x22, 0xD8, 0x80, 0x00, 0x01, 0x49, 0x40, 0x18
	.byte 0x00, 0x68, 0x87, 0x46, 0x80, 0x86, 0x0E, 0x08, 0xA4, 0x86, 0x0E, 0x08, 0xA4, 0x86, 0x0E, 0x08
	.byte 0xA8, 0x86, 0x0E, 0x08, 0xB0, 0x86, 0x0E, 0x08, 0xAC, 0x86, 0x0E, 0x08, 0xB4, 0x86, 0x0E, 0x08
	.byte 0xA4, 0x86, 0x0E, 0x08, 0xA4, 0x86, 0x0E, 0x08, 0xA4, 0x86, 0x0E, 0x08, 0x01, 0x20, 0x08, 0xE0
	.byte 0x02, 0x20, 0x06, 0xE0, 0x03, 0x20, 0x04, 0xE0, 0x04, 0x20, 0x02, 0xE0, 0x05, 0x20, 0x00, 0xE0
	.byte 0x00, 0x20, 0xC0, 0x00, 0x01, 0x49, 0x40, 0x18, 0x70, 0x47, 0x00, 0x00, 0xB0, 0xB8, 0x84, 0x09
	thumb_func_start func_080E86C8
func_080E86C8: @ 080E86C8
	push {r4, r5, lr}
	adds r3, r0, #0x0
	cmp r3, #0x00
	bne _080E86D4
	movs r0, #0x01
	b _080E871C
_080E86D4:
	asrs r1, r1, #0x08
	adds r0, r1, #0x0
	cmp r1, #0x00
	bge _080E86DE
	adds r0, #0x1F
_080E86DE:
	asrs r0, r0, #0x05
	lsls r0, r0, #0x05
	subs r0, r1, r0
	lsls r0, r0, #0x10
	lsrs r5, r0, #0x10
	asrs r2, r2, #0x08
	adds r4, r2, #0x0
	cmp r2, #0x00
	bge _080E86F2
	adds r4, #0x0F
_080E86F2:
	asrs r4, r4, #0x04
	lsls r4, r4, #0x04
	subs r4, r2, r4
	lsls r4, r4, #0x10
	lsrs r4, r4, #0x10
	ldr r0, [r3, #0x10]
	adds r1, r5, #0x0
	adds r2, r4, #0x0
	bl func_080E8644
	movs r1, #0x07
	adds r2, r5, #0x0
	ands r2, r1
	ands r4, r1
	adds r0, r0, r4
	ldrb r0, [r0, #0x00]
	movs r1, #0x07
	subs r1, r1, r2
	asrs r0, r1
	movs r1, #0x01
	ands r0, r1
_080E871C:
	pop {r4, r5}
	pop {r1}
	bx r1
	.byte 0x00, 0x00
	thumb_func_start func_080E8724
func_080E8724: @ 080E8724
	push {r4, r5, r6, r7, lr}
	mov r7, r10
	mov r6, r9
	mov r5, r8
	push {r5, r6, r7}
	add sp, #-0x008
	adds r5, r2, #0x0
	mov r9, r3
	lsls r0, r0, #0x10
	lsrs r0, r0, #0x10
	str r0, [sp, #0x000]
	lsls r1, r1, #0x10
	lsrs r4, r1, #0x10
	bl func_080065A4
	lsls r0, r0, #0x10
	lsrs r0, r0, #0x10
	movs r1, #0x64
	bl func_0811D7CC
	lsls r0, r0, #0x18
	lsrs r0, r0, #0x18
	b _080E8754
_080E8752:
	adds r5, #0x08
_080E8754:
	ldrb r1, [r5, #0x00]
	cmp r0, r1
	bcs _080E8752
	movs r7, #0x00
	ldrb r0, [r5, #0x03]
	cmp r7, r0
	bge _080E87DC
	lsls r0, r4, #0x10
	asrs r0, r0, #0x10
	mov r10, r0
_080E8768:
	movs r3, #0x00
	adds r1, r7, #0x1
	mov r8, r1
	ldrb r0, [r5, #0x04]
	cmp r3, r0
	bge _080E87D4
	ldr r1, [sp, #0x000]
	lsls r0, r1, #0x10
	asrs r0, r0, #0x10
	adds r0, r0, r7
	lsls r6, r0, #0x10
	mov r4, r10
_080E8780:
	ldrb r0, [r5, #0x05]
	cmp r0, #0x01
	beq _080E8790
	cmp r0, #0x01
	ble _080E87A2
	cmp r0, #0x02
	beq _080E879C
	b _080E87A2
_080E8790:
	mvns r1, r7
	ldrb r0, [r5, #0x03]
	adds r1, r1, r0
	adds r1, r4, r1
	lsls r1, r1, #0x10
	b _080E87A4
_080E879C:
	adds r1, r4, r7
	lsls r1, r1, #0x10
	b _080E87A4
_080E87A2:
	lsls r1, r4, #0x10
_080E87A4:
	asrs r1, r1, #0x10
	asrs r0, r6, #0x10
	str r3, [sp, #0x004]
	bl func_080E548C
	adds r2, r0, #0x0
	ldr r3, [sp, #0x004]
	ldrb r0, [r5, #0x02]
	adds r0, r0, r3
	lsls r0, r0, #0x06
	ldrb r1, [r5, #0x01]
	adds r1, r1, r7
	lsls r1, r1, #0x02
	adds r0, r0, r1
	movs r1, #0x32
	strb r1, [r2, #0x04]
	lsls r0, r0, #0x01
	add r0, r9
	str r0, [r2, #0x18]
	adds r4, #0x01
	adds r3, #0x01
	ldrb r1, [r5, #0x04]
	cmp r3, r1
	blt _080E8780
_080E87D4:
	mov r7, r8
	ldrb r0, [r5, #0x03]
	cmp r7, r0
	blt _080E8768
_080E87DC:
	add sp, #0x008
	pop {r3, r4, r5}
	mov r8, r3
	mov r9, r4
	mov r10, r5
	pop {r4, r5, r6, r7}
	pop {r0}
	bx r0
	thumb_func_start func_080E87EC
func_080E87EC: @ 080E87EC
	push {r4, r5, r6, lr}
	adds r4, r2, #0x0
	lsls r0, r0, #0x10
	lsrs r6, r0, #0x10
	lsls r1, r1, #0x10
	lsrs r5, r1, #0x10
	b _080E8856
_080E87FA:
	lsls r0, r6, #0x10
	asrs r0, r0, #0x10
	ldrh r1, [r4, #0x00]
	adds r0, r0, r1
	lsls r0, r0, #0x10
	asrs r0, r0, #0x10
	lsls r1, r5, #0x10
	asrs r1, r1, #0x10
	ldrh r2, [r4, #0x02]
	adds r1, r1, r2
	lsls r1, r1, #0x10
	asrs r1, r1, #0x10
	bl func_080E548C
	adds r2, r0, #0x0
	ldr r1, [r2, #0x0C]
	movs r0, #0x80
	lsls r0, r0, #0x0D
	cmp r1, r0
	beq _080E8850
	ldrb r1, [r4, #0x04]
	cmp r1, #0x07
	beq _080E882E
	ldrb r0, [r2, #0x03]
	cmp r0, r1
	bne _080E8850
_080E882E:
	ldrb r0, [r2, #0x04]
	ldrb r1, [r4, #0x05]
	cmp r0, r1
	bne _080E8850
	movs r1, #0xA4
	lsls r1, r1, #0x03
	ldrh r0, [r2, #0x00]
	ands r1, r0
	cmp r1, #0x00
	bne _080E8850
	movs r1, #0x0C
	ands r1, r0
	ldrh r0, [r4, #0x08]
	bics r1, r0
	ldrh r2, [r4, #0x06]
	cmp r1, r2
	beq _080E8854
_080E8850:
	movs r0, #0x00
	b _080E885E
_080E8854:
	adds r4, #0x0C
_080E8856:
	ldrb r0, [r4, #0x04]
	cmp r0, #0xFF
	bne _080E87FA
	movs r0, #0x01
_080E885E:
	pop {r4, r5, r6}
	pop {r1}
	bx r1
	thumb_func_start func_080E8864
func_080E8864: @ 080E8864
	push {r4, r5, r6, r7, lr}
	mov r7, r10
	mov r6, r9
	mov r5, r8
	push {r5, r6, r7}
	add sp, #-0x004
	adds r7, r0, #0x0
	ldr r0, _080E8918 @ =0x0203C7AC
	ldr r1, [r0, #0x00]
	ldrb r2, [r7, #0x04]
	ldrh r0, [r1, #0x04]
	subs r0, r0, r2
	adds r0, #0x01
	lsls r0, r0, #0x10
	lsrs r0, r0, #0x10
	mov r8, r0
	ldrh r0, [r1, #0x0A]
	ldrh r1, [r1, #0x08]
	subs r0, r0, r1
	adds r0, #0x07
	lsls r0, r0, #0x10
	lsrs r0, r0, #0x10
	mov r10, r0
	subs r1, #0x07
	lsls r1, r1, #0x10
	lsrs r1, r1, #0x10
	str r1, [sp, #0x000]
	movs r1, #0x00
	cmp r1, r10
	bge _080E8906
_080E88A0:
	ldr r2, [sp, #0x000]
	lsls r0, r2, #0x10
	asrs r0, r0, #0x10
	adds r0, r0, r1
	lsls r0, r0, #0x10
	lsrs r0, r0, #0x10
	movs r4, #0x00
	adds r1, #0x01
	mov r9, r1
	cmp r4, r8
	bge _080E8900
	lsls r0, r0, #0x10
	asrs r6, r0, #0x10
_080E88BA:
	lsls r4, r4, #0x10
	asrs r5, r4, #0x10
	ldr r2, [r7, #0x00]
	adds r0, r5, #0x0
	adds r1, r6, #0x0
	bl func_080E87EC
	lsls r0, r0, #0x18
	cmp r0, #0x00
	beq _080E88F2
	bl func_080065A4
	lsls r0, r0, #0x10
	lsrs r0, r0, #0x10
	movs r1, #0x64
	bl func_0811D7CC
	lsls r0, r0, #0x10
	lsrs r0, r0, #0x10
	ldrb r1, [r7, #0x06]
	cmp r0, r1
	bcs _080E88F2
	ldr r2, [r7, #0x08]
	ldr r3, [r7, #0x0C]
	adds r0, r5, #0x0
	adds r1, r6, #0x0
	bl func_080E8724
_080E88F2:
	movs r2, #0x80
	lsls r2, r2, #0x09
	adds r0, r4, r2
	lsrs r4, r0, #0x10
	asrs r0, r0, #0x10
	cmp r0, r8
	blt _080E88BA
_080E8900:
	mov r1, r9
	cmp r1, r10
	blt _080E88A0
_080E8906:
	add sp, #0x004
	pop {r3, r4, r5}
	mov r8, r3
	mov r9, r4
	mov r10, r5
	pop {r4, r5, r6, r7}
	pop {r0}
	bx r0
	.byte 0x00, 0x00
_080E8918: .4byte 0x0203C7AC
	thumb_func_start func_080E891C
func_080E891C: @ 080E891C
	push {r4, lr}
	adds r4, r0, #0x0
	cmp r4, #0x00
	beq _080E8934
	b _080E892E
_080E8926:
	adds r0, r4, #0x0
	bl func_080E8864
	adds r4, #0x10
_080E892E:
	ldr r0, [r4, #0x00]
	cmp r0, #0x00
	bne _080E8926
_080E8934:
	pop {r4}
	pop {r0}
	bx r0
	.byte 0x00, 0x00
	thumb_func_start func_080E893C
func_080E893C: @ 080E893C
	push {r4, r5, r6, r7, lr}
	mov r7, r10
	mov r6, r9
	mov r5, r8
	push {r5, r6, r7}
	add sp, #-0x008
	adds r5, r2, #0x0
	mov r9, r3
	lsls r0, r0, #0x10
	lsrs r6, r0, #0x10
	lsls r1, r1, #0x10
	lsrs r4, r1, #0x10
	bl func_080065A4
	lsls r0, r0, #0x10
	lsrs r0, r0, #0x10
	movs r1, #0x64
	bl func_0811D7CC
	lsls r0, r0, #0x18
	lsrs r0, r0, #0x18
	b _080E896A
_080E8968:
	adds r5, #0x08
_080E896A:
	ldrb r1, [r5, #0x00]
	cmp r0, r1
	bcs _080E8968
	movs r7, #0x00
	ldrb r0, [r5, #0x03]
	cmp r7, r0
	bge _080E89D4
	lsls r0, r4, #0x10
	asrs r0, r0, #0x10
	str r0, [sp, #0x000]
	lsls r0, r6, #0x10
	asrs r0, r0, #0x10
	mov r10, r0
_080E8984:
	movs r6, #0x00
	adds r1, r7, #0x1
	mov r8, r1
	ldrb r0, [r5, #0x04]
	cmp r6, r0
	bge _080E89CC
	mov r1, r10
	adds r0, r1, r7
	lsls r3, r0, #0x10
	ldr r0, [sp, #0x000]
	lsls r4, r0, #0x10
_080E899A:
	asrs r1, r4, #0x10
	asrs r0, r3, #0x10
	str r3, [sp, #0x004]
	bl func_080E548C
	ldrb r2, [r5, #0x02]
	adds r2, r2, r6
	lsls r2, r2, #0x06
	ldrb r1, [r5, #0x01]
	adds r1, r1, r7
	lsls r1, r1, #0x02
	adds r2, r2, r1
	movs r1, #0x26
	strb r1, [r0, #0x05]
	lsls r2, r2, #0x01
	add r2, r9
	str r2, [r0, #0x1C]
	movs r1, #0x80
	lsls r1, r1, #0x09
	adds r4, r4, r1
	adds r6, #0x01
	ldr r3, [sp, #0x004]
	ldrb r0, [r5, #0x04]
	cmp r6, r0
	blt _080E899A
_080E89CC:
	mov r7, r8
	ldrb r1, [r5, #0x03]
	cmp r7, r1
	blt _080E8984
_080E89D4:
	add sp, #0x008
	pop {r3, r4, r5}
	mov r8, r3
	mov r9, r4
	mov r10, r5
	pop {r4, r5, r6, r7}
	pop {r0}
	bx r0
	thumb_func_start func_080E89E4
func_080E89E4: @ 080E89E4
	push {r4, r5, r6, lr}
	adds r4, r2, #0x0
	lsls r0, r0, #0x10
	lsrs r6, r0, #0x10
	lsls r1, r1, #0x10
	lsrs r5, r1, #0x10
	b _080E8A14
_080E89F2:
	ldrb r0, [r4, #0x00]
	adds r0, r0, r6
	lsls r0, r0, #0x10
	asrs r0, r0, #0x10
	ldrb r1, [r4, #0x01]
	adds r1, r1, r5
	lsls r1, r1, #0x10
	asrs r1, r1, #0x10
	bl func_080E548C
	ldrb r0, [r0, #0x05]
	ldrb r1, [r4, #0x02]
	cmp r0, r1
	beq _080E8A12
	movs r0, #0x00
	b _080E8A1C
_080E8A12:
	adds r4, #0x04
_080E8A14:
	ldrb r0, [r4, #0x00]
	cmp r0, #0xFF
	bne _080E89F2
	movs r0, #0x01
_080E8A1C:
	pop {r4, r5, r6}
	pop {r1}
	bx r1
	.byte 0x00, 0x00
	thumb_func_start func_080E8A24
func_080E8A24: @ 080E8A24
	push {r4, r5, r6, r7, lr}
	mov r7, r10
	mov r6, r9
	mov r5, r8
	push {r5, r6, r7}
	adds r6, r0, #0x0
	ldr r0, _080E8AC4 @ =0x0203C7AC
	ldr r2, [r0, #0x00]
	ldrb r1, [r6, #0x04]
	ldrh r0, [r2, #0x04]
	subs r0, r0, r1
	adds r0, #0x01
	lsls r0, r0, #0x10
	lsrs r0, r0, #0x10
	mov r9, r0
	ldrb r1, [r6, #0x05]
	ldrh r0, [r2, #0x06]
	subs r0, r0, r1
	adds r0, #0x01
	lsls r0, r0, #0x10
	lsrs r0, r0, #0x10
	mov r10, r0
	movs r1, #0x00
	cmp r1, r10
	bge _080E8AB6
_080E8A56:
	movs r4, #0x00
	lsls r1, r1, #0x10
	mov r8, r1
	cmp r4, r9
	bge _080E8AA8
	asrs r7, r1, #0x10
_080E8A62:
	lsls r4, r4, #0x10
	asrs r5, r4, #0x10
	ldr r2, [r6, #0x00]
	adds r0, r5, #0x0
	adds r1, r7, #0x0
	bl func_080E89E4
	lsls r0, r0, #0x18
	cmp r0, #0x00
	beq _080E8A9A
	bl func_080065A4
	lsls r0, r0, #0x10
	lsrs r0, r0, #0x10
	movs r1, #0x64
	bl func_0811D7CC
	lsls r0, r0, #0x10
	lsrs r0, r0, #0x10
	ldrb r1, [r6, #0x06]
	cmp r0, r1
	bcs _080E8A9A
	ldr r2, [r6, #0x08]
	ldr r3, [r6, #0x0C]
	adds r0, r5, #0x0
	adds r1, r7, #0x0
	bl func_080E893C
_080E8A9A:
	movs r1, #0x80
	lsls r1, r1, #0x09
	adds r0, r4, r1
	lsrs r4, r0, #0x10
	asrs r0, r0, #0x10
	cmp r0, r9
	blt _080E8A62
_080E8AA8:
	movs r0, #0x80
	lsls r0, r0, #0x09
	add r0, r8
	lsrs r1, r0, #0x10
	asrs r0, r0, #0x10
	cmp r0, r10
	blt _080E8A56
_080E8AB6:
	pop {r3, r4, r5}
	mov r8, r3
	mov r9, r4
	mov r10, r5
	pop {r4, r5, r6, r7}
	pop {r0}
	bx r0
_080E8AC4: .4byte 0x0203C7AC
	thumb_func_start func_080E8AC8
func_080E8AC8: @ 080E8AC8
	push {r4, lr}
	adds r4, r0, #0x0
	cmp r4, #0x00
	beq _080E8AE0
	b _080E8ADA
_080E8AD2:
	adds r0, r4, #0x0
	bl func_080E8A24
	adds r4, #0x10
_080E8ADA:
	ldr r0, [r4, #0x00]
	cmp r0, #0x00
	bne _080E8AD2
_080E8AE0:
	pop {r4}
	pop {r0}
	bx r0
	.byte 0x00, 0x00
	thumb_func_start func_080E8AE8
func_080E8AE8: @ 080E8AE8
	push {r4, lr}
	ldr r0, _080E8B10 @ =0x02039BB0
	ldrb r0, [r0, #0x00]
	cmp r0, #0x00
	bne _080E8B0A
	ldr r1, _080E8B14 @ =0x09EF70D0
	ldr r0, _080E8B18 @ =0x0203C590
	ldrb r0, [r0, #0x04]
	lsls r0, r0, #0x02
	adds r0, r0, r1
	ldr r4, [r0, #0x00]
	ldr r0, [r4, #0x24]
	bl func_080E891C
	ldr r0, [r4, #0x28]
	bl func_080E8AC8
_080E8B0A:
	pop {r4}
	pop {r0}
	bx r0
_080E8B10: .4byte 0x02039BB0
_080E8B14: .4byte 0x09EF70D0
_080E8B18: .4byte 0x0203C590
	.byte 0x10, 0xB5, 0x4A, 0x68, 0x02, 0x60, 0x0A, 0x89, 0x00, 0x24, 0x82, 0x80, 0x8B, 0x7A, 0x5B, 0x01
	.byte 0x82, 0x68, 0xD2, 0x18, 0x82, 0x60, 0x04, 0x82, 0x09, 0x68, 0x41, 0x61, 0x81, 0x61, 0x10, 0xBC
	.byte 0x01, 0xBC, 0x00, 0x47, 0x30, 0xB5, 0x04, 0x1C, 0x60, 0x69, 0x00, 0x28, 0x17, 0xD0, 0x07, 0x4D
	.byte 0xA2, 0x69, 0x00, 0x21, 0x50, 0x5E, 0x80, 0x21, 0x09, 0x02, 0x08, 0x40, 0x00, 0x28, 0x07, 0xD0
	.byte 0x10, 0x78, 0x80, 0x00, 0x40, 0x19, 0x01, 0x68, 0x03, 0xE0, 0x00, 0x00, 0x88, 0x6A, 0xEF, 0x09
	.byte 0x04, 0x49, 0x20, 0x1C, 0x34, 0xF0, 0x20, 0xFD, 0x00, 0x06, 0x00, 0x28, 0xE8, 0xD1, 0x30, 0xBC
	.byte 0x01, 0xBC, 0x00, 0x47, 0xE5, 0x8B, 0x0E, 0x08, 0x10, 0xB5, 0x04, 0x1C, 0xE0, 0x68, 0x00, 0x28
	.byte 0x05, 0xD0, 0xA1, 0x68, 0xA2, 0x88, 0x1B, 0xF7, 0x0F, 0xFC, 0x00, 0x20, 0xE0, 0x60, 0x10, 0xBC
	.byte 0x01, 0xBC, 0x00, 0x47, 0x10, 0xB5, 0x04, 0x1C, 0xFF, 0xF7, 0xCC, 0xFF, 0x20, 0x1C, 0xFF, 0xF7
	.byte 0xEB, 0xFF, 0x10, 0xBC, 0x01, 0xBC, 0x00, 0x47, 0x30, 0xB5, 0x04, 0x1C, 0x00, 0x25, 0x25, 0x60
	.byte 0x02, 0x20, 0x1C, 0xF7, 0xB7, 0xFA, 0xF0, 0x21, 0xC9, 0x01, 0x40, 0x18, 0xA0, 0x60, 0xE5, 0x60
	.byte 0x25, 0x82, 0x65, 0x61, 0xA5, 0x61, 0x30, 0xBC, 0x01, 0xBC, 0x00, 0x47, 0x00, 0x21, 0x41, 0x61
	.byte 0x81, 0x61, 0x00, 0x20, 0x70, 0x47, 0x00, 0x00, 0x10, 0xB5, 0x02, 0x1C, 0x13, 0x1C, 0x10, 0x21
	.byte 0x50, 0x5E, 0x00, 0x28, 0x07, 0xD1, 0x91, 0x88, 0x90, 0x69, 0x02, 0x24, 0x00, 0x5F, 0x41, 0x43
	.byte 0x10, 0x68, 0x40, 0x18, 0xD0, 0x60, 0x9A, 0x69, 0x10, 0x88, 0x09, 0x49, 0x01, 0x40, 0x00, 0x29
	.byte 0x0A, 0xD0, 0x18, 0x8A, 0x01, 0x30, 0x18, 0x82, 0x00, 0x04, 0x00, 0x14, 0x88, 0x42, 0x03, 0xDB
	.byte 0x00, 0x20, 0x18, 0x82, 0x10, 0x1D, 0x98, 0x61, 0x00, 0x20, 0x10, 0xBC, 0x02, 0xBC, 0x08, 0x47
	.byte 0xFF, 0x7F, 0x00, 0x00, 0x41, 0x69, 0x81, 0x61, 0x01, 0x20, 0x70, 0x47
	thumb_func_start func_080E8C38
func_080E8C38: @ 080E8C38
	push {r4, r5, lr}
	lsls r0, r0, #0x18
	lsrs r5, r0, #0x18
	lsls r1, r1, #0x18
	lsrs r4, r1, #0x18
	ldr r0, _080E8C50 @ =0x0203C7AC
	ldr r0, [r0, #0x00]
	ldr r0, [r0, #0x00]
	cmp r0, #0x00
	bge _080E8C58
	b _080E8C7C
	.byte 0x00, 0x00
_080E8C50: .4byte 0x0203C7AC
_080E8C54:
	movs r0, #0x01
	b _080E8C7E
_080E8C58:
	movs r0, #0x00
	bl func_080DEDD8
	adds r1, r0, #0x0
	b _080E8C76
_080E8C62:
	ldrb r0, [r1, #0x01]
	cmp r0, #0xFF
	beq _080E8C74
	ldrb r0, [r1, #0x02]
	cmp r0, r5
	bne _080E8C74
	ldrb r0, [r1, #0x03]
	cmp r0, r4
	beq _080E8C54
_080E8C74:
	adds r1, #0x08
_080E8C76:
	ldrb r0, [r1, #0x00]
	cmp r0, #0x05
	bne _080E8C62
_080E8C7C:
	movs r0, #0x00
_080E8C7E:
	pop {r4, r5}
	pop {r1}
	bx r1
	thumb_func_start func_080E8C84
func_080E8C84: @ 080E8C84
	push {r4, r5, r6, lr}
	lsls r0, r0, #0x18
	lsrs r6, r0, #0x18
	lsls r1, r1, #0x18
	lsrs r5, r1, #0x18
	ldr r0, _080E8C9C @ =0x0203C7AC
	ldr r0, [r0, #0x00]
	ldr r0, [r0, #0x00]
	cmp r0, #0x00
	bge _080E8CCC
	b _080E8CF8
	.byte 0x00, 0x00
_080E8C9C: .4byte 0x0203C7AC
_080E8CA0:
	ldr r2, _080E8CBC @ =0x02034F7C
	ldrb r0, [r1, #0x01]
	lsls r0, r0, #0x03
	ldr r1, _080E8CC0 @ =0x0984CECC
	adds r0, r0, r1
	str r0, [r2, #0x00]
	ldr r2, _080E8CC4 @ =0x02034F84
	lsls r0, r4, #0x02
	ldr r1, _080E8CC8 @ =0x0203C598
	adds r0, r0, r1
	str r0, [r2, #0x00]
	movs r0, #0x01
	b _080E8CFA
	.byte 0x00, 0x00
_080E8CBC: .4byte 0x02034F7C
_080E8CC0: .4byte 0x0984CECC
_080E8CC4: .4byte 0x02034F84
_080E8CC8: .4byte 0x0203C598
_080E8CCC:
	movs r4, #0x00
	movs r0, #0x00
	bl func_080DEDD8
	adds r1, r0, #0x0
	b _080E8CF2
_080E8CD8:
	ldrb r0, [r1, #0x01]
	cmp r0, #0xFF
	beq _080E8CEA
	ldrb r0, [r1, #0x02]
	cmp r0, r6
	bne _080E8CEA
	ldrb r0, [r1, #0x03]
	cmp r0, r5
	beq _080E8CA0
_080E8CEA:
	adds r0, r4, #0x1
	lsls r0, r0, #0x18
	lsrs r4, r0, #0x18
	adds r1, #0x08
_080E8CF2:
	ldrb r0, [r1, #0x00]
	cmp r0, #0x05
	bne _080E8CD8
_080E8CF8:
	movs r0, #0x00
_080E8CFA:
	pop {r4, r5, r6}
	pop {r1}
	bx r1
	thumb_func_start func_080E8D00
func_080E8D00: @ 080E8D00
	ldr r0, _080E8D14 @ =0x02034F7C
	ldr r2, [r0, #0x00]
	ldr r0, _080E8D18 @ =0x02034F84
	ldr r1, [r0, #0x00]
	ldrb r0, [r2, #0x00]
	ldrb r1, [r1, #0x00]
	subs r0, r0, r1
	lsls r0, r0, #0x18
	lsrs r0, r0, #0x18
	bx lr
_080E8D14: .4byte 0x02034F7C
_080E8D18: .4byte 0x02034F84
	thumb_func_start func_080E8D1C
func_080E8D1C: @ 080E8D1C
	push {r4, lr}
	lsls r0, r0, #0x18
	lsrs r0, r0, #0x18
	ldr r1, _080E8D58 @ =0x02034F7C
	ldr r2, [r1, #0x00]
	ldr r1, _080E8D5C @ =0x02034F84
	ldr r3, [r1, #0x00]
	ldrb r1, [r3, #0x00]
	lsls r1, r1, #0x02
	ldr r2, [r2, #0x04]
	adds r2, r2, r1
	lsls r1, r0, #0x02
	adds r2, r2, r1
	ldr r4, _080E8D60 @ =0x02034F80
	ldr r1, [r2, #0x00]
	str r1, [r4, #0x00]
	cmp r0, #0x00
	bne _080E8D4E
	ldrb r0, [r2, #0x02]
	cmp r0, #0x04
	bne _080E8D4E
	ldrb r1, [r3, #0x01]
	cmp r1, #0x00
	beq _080E8D4E
	strb r1, [r4, #0x03]
_080E8D4E:
	ldr r0, _080E8D60 @ =0x02034F80
	pop {r4}
	pop {r1}
	bx r1
	.byte 0x00, 0x00
_080E8D58: .4byte 0x02034F7C
_080E8D5C: .4byte 0x02034F84
_080E8D60: .4byte 0x02034F80
	thumb_func_start func_080E8D64
func_080E8D64: @ 080E8D64
	push {r4, lr}
	adds r4, r0, #0x0
	ldr r0, _080E8D9C @ =0x0203C7AC
	ldr r1, [r0, #0x00]
	ldrb r0, [r1, #0x0F]
	ldrb r1, [r1, #0x10]
	bl func_080E8C38
	lsls r0, r0, #0x18
	cmp r0, #0x00
	bne _080E8DA4
	ldrh r0, [r4, #0x00]
	cmp r0, #0x15
	bhi _080E8DB8
	ldr r0, _080E8DA0 @ =0x0203C590
	ldrb r0, [r0, #0x06]
	bl func_080DF548
	lsls r0, r0, #0x18
	lsrs r1, r0, #0x18
	ldrh r0, [r4, #0x02]
	cmp r0, #0x00
	beq _080E8E1A
	movs r2, #0x00
	cmp r0, r1
	bls _080E8E0C
	b _080E8E0A
	.byte 0x00, 0x00
_080E8D9C: .4byte 0x0203C7AC
_080E8DA0: .4byte 0x0203C590
_080E8DA4:
	movs r0, #0x00
	bl func_080E8D1C
	adds r1, r0, #0x0
	ldrb r0, [r1, #0x00]
	cmp r0, #0xFF
	beq _080E8DBC
	ldrh r2, [r4, #0x00]
	cmp r0, r2
	beq _080E8DC2
_080E8DB8:
	movs r0, #0x00
	b _080E8E1C
_080E8DBC:
	ldrh r0, [r4, #0x00]
	cmp r0, #0x15
	bhi _080E8DB8
_080E8DC2:
	ldrb r0, [r1, #0x01]
	cmp r0, #0x00
	beq _080E8DCE
	ldrh r2, [r4, #0x04]
	cmp r0, r2
	bne _080E8DB8
_080E8DCE:
	ldrb r0, [r1, #0x02]
	cmp r0, #0x02
	beq _080E8DF4
	cmp r0, #0x02
	bgt _080E8DDE
	cmp r0, #0x01
	beq _080E8DE8
	b _080E8E1A
_080E8DDE:
	cmp r0, #0x03
	beq _080E8E00
	cmp r0, #0x04
	beq _080E8E10
	b _080E8E1A
_080E8DE8:
	movs r2, #0x00
	ldrh r0, [r4, #0x02]
	ldrb r1, [r1, #0x03]
	cmp r0, r1
	bcc _080E8E0C
	b _080E8E0A
_080E8DF4:
	movs r2, #0x00
	ldrh r0, [r4, #0x02]
	ldrb r1, [r1, #0x03]
	cmp r0, r1
	bhi _080E8E0C
	b _080E8E0A
_080E8E00:
	movs r2, #0x00
	ldrh r0, [r4, #0x02]
	ldrb r1, [r1, #0x03]
	cmp r0, r1
	bne _080E8E0C
_080E8E0A:
	movs r2, #0x01
_080E8E0C:
	adds r0, r2, #0x0
	b _080E8E1C
_080E8E10:
	ldrh r1, [r4, #0x02]
	negs r0, r1
	orrs r0, r1
	lsrs r0, r0, #0x1F
	b _080E8E1C
_080E8E1A:
	movs r0, #0x01
_080E8E1C:
	pop {r4}
	pop {r1}
	bx r1
	.byte 0x00, 0x00
	thumb_func_start func_080E8E24
func_080E8E24: @ 080E8E24
	push {r4, lr}
	adds r4, r0, #0x0
	movs r0, #0x00
	bl func_080E8D1C
	ldrb r0, [r0, #0x02]
	cmp r0, #0x04
	bne _080E8E5C
	ldr r2, _080E8E4C @ =0x02034F80
	ldrb r1, [r2, #0x03]
	ldrh r0, [r4, #0x02]
	cmp r1, r0
	bls _080E8E54
	subs r0, r1, r0
	strb r0, [r2, #0x03]
	ldr r1, _080E8E50 @ =0x02034F84
	ldr r1, [r1, #0x00]
	strb r0, [r1, #0x01]
	movs r0, #0x00
	b _080E8E68
_080E8E4C: .4byte 0x02034F80
_080E8E50: .4byte 0x02034F84
_080E8E54:
	ldr r0, _080E8E70 @ =0x02034F84
	ldr r1, [r0, #0x00]
	movs r0, #0x00
	strb r0, [r1, #0x01]
_080E8E5C:
	ldr r0, _080E8E70 @ =0x02034F84
	ldr r1, [r0, #0x00]
	ldrb r0, [r1, #0x00]
	adds r0, #0x01
	strb r0, [r1, #0x00]
	movs r0, #0x01
_080E8E68:
	pop {r4}
	pop {r1}
	bx r1
	.byte 0x00, 0x00
_080E8E70: .4byte 0x02034F84
	thumb_func_start func_080E8E74
func_080E8E74: @ 080E8E74
	push {r4, r5, r6, lr}
	lsls r0, r0, #0x18
	lsrs r6, r0, #0x18
	bl func_080065A4
	lsls r0, r0, #0x10
	lsrs r0, r0, #0x10
	ldr r1, _080E8E9C @ =0x00002710
	bl func_0811D7CC
	lsls r0, r0, #0x10
	lsrs r2, r0, #0x10
	ldr r1, _080E8EA0 @ =0x09EF8388
	ldr r0, _080E8EA4 @ =0x02039BB0
	ldrb r0, [r0, #0x0C]
	lsls r0, r0, #0x02
	adds r0, r0, r1
	ldr r4, [r0, #0x00]
	b _080E8EFC
	.byte 0x00, 0x00
_080E8E9C: .4byte 0x00002710
_080E8EA0: .4byte 0x09EF8388
_080E8EA4: .4byte 0x02039BB0
_080E8EA8:
	ldrb r0, [r4, #0x00]
	lsls r0, r0, #0x02
	ldr r1, _080E8EB8 @ =0x0985814C
	adds r5, r0, r1
	cmp r6, #0x00
	beq _080E8EBC
	ldrh r0, [r4, #0x04]
	b _080E8EBE
_080E8EB8: .4byte 0x0985814C
_080E8EBC:
	ldrh r0, [r4, #0x02]
_080E8EBE:
	cmp r2, r0
	bcs _080E8EF4
	ldrb r0, [r5, #0x00]
	bl func_0800FC5C
	lsls r0, r0, #0x18
	cmp r0, #0x00
	beq _080E8ED2
	adds r0, r5, #0x0
	b _080E8F04
_080E8ED2:
	ldrb r0, [r4, #0x00]
	cmp r0, #0x10
	bhi _080E8EE0
	ldr r0, _080E8EDC @ =0x0985814C
	b _080E8F04
_080E8EDC: .4byte 0x0985814C
_080E8EE0:
	cmp r0, #0x1E
	bhi _080E8EEC
	ldr r0, _080E8EE8 @ =0x0985819C
	b _080E8F04
_080E8EE8: .4byte 0x0985819C
_080E8EEC:
	ldr r0, _080E8EF0 @ =0x098581C8
	b _080E8F04
_080E8EF0: .4byte 0x098581C8
_080E8EF4:
	subs r0, r2, r0
	lsls r0, r0, #0x10
	lsrs r2, r0, #0x10
	adds r4, #0x08
_080E8EFC:
	ldrb r0, [r4, #0x00]
	cmp r0, #0x29
	bne _080E8EA8
	movs r0, #0x00
_080E8F04:
	pop {r4, r5, r6}
	pop {r1}
	bx r1
	.byte 0x00, 0x00
	thumb_func_start func_080E8F0C
func_080E8F0C: @ 080E8F0C
	push {r4, lr}
	movs r4, #0x00
	bl func_080065A4
	lsls r0, r0, #0x10
	lsrs r0, r0, #0x10
	ldr r1, _080E8F38 @ =0x00002710
	bl func_0811D7CC
	lsls r0, r0, #0x10
	lsrs r3, r0, #0x10
	movs r1, #0x00
	ldr r2, _080E8F3C @ =0x09858238
_080E8F26:
	ldrh r0, [r2, #0x00]
	adds r0, r4, r0
	lsls r0, r0, #0x10
	lsrs r4, r0, #0x10
	cmp r3, r4
	bcs _080E8F40
	lsls r0, r1, #0x18
	lsrs r0, r0, #0x18
	b _080E8F4A
_080E8F38: .4byte 0x00002710
_080E8F3C: .4byte 0x09858238
_080E8F40:
	adds r2, #0x02
	adds r1, #0x01
	cmp r1, #0x09
	ble _080E8F26
	movs r0, #0x00
_080E8F4A:
	pop {r4}
	pop {r1}
	bx r1
	thumb_func_start func_080E8F50
func_080E8F50: @ 080E8F50
	push {r4, r5, lr}
	add sp, #-0x018
	ldr r5, [sp, #0x024]
	mov r4, sp
	strb r1, [r4, #0x00]
	str r2, [sp, #0x004]
	str r3, [sp, #0x008]
	str r5, [sp, #0x00C]
	mov r1, sp
	ldrh r0, [r0, #0x02]
	strh r0, [r1, #0x14]
	lsls r0, r0, #0x10
	movs r1, #0xDC
	lsls r1, r1, #0x11
	cmp r0, r1
	bhi _080E8F82
	bl func_080E8F0C
	mov r2, sp
	mov r1, sp
	lsls r0, r0, #0x18
	lsrs r0, r0, #0x18
	ldrh r1, [r1, #0x14]
	adds r0, r0, r1
	strh r0, [r2, #0x14]
_080E8F82:
	mov r0, sp
	ldrh r0, [r0, #0x14]
	bl func_0808401C
	lsls r0, r0, #0x10
	lsrs r0, r0, #0x10
	cmp r0, #0x62
	bls _080E8F96
	movs r0, #0x00
	b _080E8FA6
_080E8F96:
	ldr r0, _080E8FB0 @ =0x02039BA0
	ldr r0, [r0, #0x00]
	adds r0, #0xC8
	ldr r1, _080E8FB4 @ =0x09EF6E64
	mov r2, sp
	bl func_08000E14
	movs r0, #0x01
_080E8FA6:
	add sp, #0x018
	pop {r4, r5}
	pop {r1}
	bx r1
	.byte 0x00, 0x00
_080E8FB0: .4byte 0x02039BA0
_080E8FB4: .4byte 0x09EF6E64
	thumb_func_start func_080E8FB8
func_080E8FB8: @ 080E8FB8
	push {r4, r5, r6, r7, lr}
	add sp, #-0x004
	adds r6, r1, #0x0
	adds r7, r2, #0x0
	adds r5, r3, #0x0
	lsls r0, r0, #0x18
	lsrs r4, r0, #0x18
	ldr r0, _080E901C @ =0x02039BB0
	ldr r0, [r0, #0x08]
	movs r1, #0x08
	ands r0, r1
	cmp r0, #0x00
	bne _080E9028
	bl func_080840E4
	lsls r0, r0, #0x18
	cmp r0, #0x00
	bne _080E9028
	ldr r0, _080E9020 @ =0x0203C7AC
	ldr r0, [r0, #0x00]
	ldr r1, [r0, #0x00]
	movs r0, #0x20
	ands r0, r1
	cmp r0, #0x00
	bne _080E9028
	movs r0, #0x10
	ands r1, r0
	cmp r1, #0x00
	bne _080E9028
	ldr r0, _080E9024 @ =0x0203C590
	ldrb r0, [r0, #0x06]
	bl func_080DEE18
	ldrb r0, [r0, #0x0C]
	cmp r0, #0x00
	beq _080E9028
	adds r0, r4, #0x0
	bl func_080E8E74
	cmp r0, #0x00
	beq _080E9028
	str r5, [sp, #0x000]
	movs r1, #0x00
	adds r2, r6, #0x0
	adds r3, r7, #0x0
	bl func_080E8F50
	lsls r0, r0, #0x18
	lsrs r0, r0, #0x18
	b _080E902A
_080E901C: .4byte 0x02039BB0
_080E9020: .4byte 0x0203C7AC
_080E9024: .4byte 0x0203C590
_080E9028:
	movs r0, #0x00
_080E902A:
	add sp, #0x004
	pop {r4, r5, r6, r7}
	pop {r1}
	bx r1
	.byte 0x00, 0x00
	thumb_func_start func_080E9034
func_080E9034: @ 080E9034
	push {r4, r5, r6, lr}
	add sp, #-0x018
	ldr r4, [sp, #0x028]
	lsls r0, r0, #0x18
	lsrs r0, r0, #0x18
	lsls r1, r1, #0x18
	lsrs r5, r1, #0x18
	str r2, [sp, #0x004]
	str r3, [sp, #0x008]
	str r4, [sp, #0x00C]
	mov r1, sp
	strh r0, [r1, #0x14]
	cmp r5, #0x00
	beq _080E9066
	ldr r6, _080E9070 @ =0x02039BA0
	adds r4, r5, #0x0
_080E9054:
	ldr r0, [r6, #0x00]
	adds r0, #0xA0
	ldr r1, _080E9074 @ =0x09EF6E4C
	mov r2, sp
	bl func_08000E14
	subs r4, #0x01
	cmp r4, #0x00
	bne _080E9054
_080E9066:
	add sp, #0x018
	pop {r4, r5, r6}
	pop {r0}
	bx r0
	.byte 0x00, 0x00
_080E9070: .4byte 0x02039BA0
_080E9074: .4byte 0x09EF6E4C
	.byte 0xF0, 0xB5, 0x4F, 0x46, 0x46, 0x46, 0xC0, 0xB4, 0x81, 0xB0, 0x80, 0x46, 0x89, 0x46, 0x16, 0x1C
	.byte 0x08, 0x49, 0x09, 0x48, 0x00, 0x7B, 0x80, 0x00, 0x40, 0x18, 0x05, 0x68, 0x28, 0x78, 0x04, 0x28
	.byte 0x75, 0xD0, 0x06, 0x4F, 0x28, 0x78, 0x01, 0x28, 0x22, 0xD0, 0x01, 0x28, 0x08, 0xDC, 0x00, 0x28
	.byte 0x0B, 0xD0, 0x68, 0xE0, 0xC0, 0x83, 0xEF, 0x09, 0xB0, 0x9B, 0x03, 0x02, 0xAC, 0xC7, 0x03, 0x02
	.byte 0x02, 0x28, 0x35, 0xD0, 0x03, 0x28, 0x4F, 0xD0, 0x5D, 0xE0, 0x38, 0x68, 0x40, 0x7B, 0x16, 0x28
	.byte 0x59, 0xD0, 0x68, 0x78, 0x80, 0x00, 0x05, 0x49, 0x44, 0x18, 0x20, 0x78, 0x26, 0xF7, 0xC2, 0xFD
	.byte 0x00, 0x06, 0x00, 0x0E, 0x01, 0x28, 0x4E, 0xD0, 0x79, 0xE0, 0x00, 0x00, 0x4C, 0x81, 0x85, 0x09
	.byte 0x38, 0x68, 0x40, 0x7B, 0x16, 0x28, 0x46, 0xD0, 0x68, 0x78, 0x80, 0x00, 0x09, 0x49, 0x44, 0x18
	.byte 0x20, 0x78, 0x26, 0xF7, 0x67, 0xFD, 0x00, 0x06, 0x00, 0x0E, 0x01, 0x28, 0x3B, 0xD0, 0x20, 0x78
	.byte 0x26, 0xF7, 0x10, 0xFD, 0x04, 0x48, 0x00, 0x68, 0xC8, 0x30, 0x04, 0x49, 0x22, 0x1C, 0x17, 0xF7
	.byte 0x7D, 0xFE, 0x8F, 0xE0, 0xEC, 0x81, 0x85, 0x09, 0xA0, 0x9B, 0x03, 0x02, 0x7C, 0x6E, 0xEF, 0x09
	.byte 0x38, 0x68, 0x40, 0x7B, 0x16, 0x28, 0x26, 0xD1, 0x68, 0x78, 0x80, 0x00, 0x09, 0x49, 0x44, 0x18
	.byte 0x20, 0x78, 0x26, 0xF7, 0x8F, 0xFD, 0x00, 0x06, 0x00, 0x0E, 0x01, 0x28, 0x1B, 0xD0, 0x20, 0x78
	.byte 0x26, 0xF7, 0x64, 0xFD, 0x00, 0x96, 0x20, 0x1C, 0x01, 0x21, 0x42, 0x46, 0x4B, 0x46, 0xFF, 0xF7
	.byte 0xFB, 0xFE, 0x57, 0xE0, 0x4C, 0x81, 0x85, 0x09, 0x38, 0x68, 0x40, 0x7B, 0x16, 0x28, 0x0A, 0xD1
	.byte 0x68, 0x78, 0x80, 0x00, 0x1F, 0x49, 0x44, 0x18, 0x20, 0x78, 0x26, 0xF7, 0x2B, 0xFD, 0x00, 0x06
	.byte 0x00, 0x0E, 0x01, 0x28, 0x3C, 0xD1, 0x04, 0x35, 0x28, 0x78, 0x04, 0x28, 0x8A, 0xD1, 0x1A, 0x4A
	.byte 0x90, 0x68, 0x80, 0x21, 0x09, 0x01, 0x08, 0x40, 0x00, 0x28, 0x47, 0xD0, 0x10, 0x7B, 0x0C, 0x28
	.byte 0x44, 0xD1, 0x10, 0x20, 0x26, 0xF7, 0x5E, 0xFD, 0x00, 0x06, 0x00, 0x28, 0x3E, 0xD0, 0x13, 0x4C
	.byte 0x20, 0x78, 0x26, 0xF7, 0x57, 0xFD, 0x00, 0x06, 0x00, 0x0E, 0x01, 0x28, 0x0F, 0xD1, 0x60, 0x34
	.byte 0x20, 0x78, 0x26, 0xF7, 0x4F, 0xFD, 0x00, 0x06, 0x00, 0x0E, 0x01, 0x28, 0x07, 0xD1, 0x04, 0x34
	.byte 0x20, 0x78, 0x26, 0xF7, 0x47, 0xFD, 0x00, 0x06, 0x00, 0x0E, 0x01, 0x28, 0x26, 0xD0, 0x20, 0x78
	.byte 0x26, 0xF7, 0x1C, 0xFD, 0x00, 0x96, 0x20, 0x1C, 0x01, 0x21, 0x42, 0x46, 0x4B, 0x46, 0xFF, 0xF7
	.byte 0xB3, 0xFE, 0x27, 0xE0, 0xEC, 0x81, 0x85, 0x09, 0xB0, 0x9B, 0x03, 0x02, 0x84, 0x81, 0x85, 0x09
	.byte 0x20, 0x78, 0x26, 0xF7, 0x97, 0xFC, 0x06, 0x48, 0x00, 0x68, 0xC8, 0x30, 0x05, 0x49, 0x22, 0x1C
	.byte 0x17, 0xF7, 0x04, 0xFE, 0x04, 0x4A, 0x51, 0x88, 0x40, 0x20, 0x08, 0x43, 0x50, 0x80, 0x11, 0xE0
	.byte 0xA0, 0x9B, 0x03, 0x02, 0x7C, 0x6E, 0xEF, 0x09, 0x90, 0xC5, 0x03, 0x02, 0x01, 0x20, 0xFF, 0xF7
	.byte 0x25, 0xFE, 0x04, 0x1C, 0x00, 0x2C, 0x05, 0xD0, 0x00, 0x96, 0x01, 0x21, 0x42, 0x46, 0x4B, 0x46
	.byte 0xFF, 0xF7, 0x8A, 0xFE, 0x01, 0xB0, 0x18, 0xBC, 0x98, 0x46, 0xA1, 0x46, 0xF0, 0xBC, 0x01, 0xBC
	.byte 0x00, 0x47, 0x00, 0x00, 0x30, 0xB5, 0x01, 0x25, 0x02, 0x48, 0xA9, 0x00, 0x09, 0x18, 0x0C, 0x68
	.byte 0x23, 0xE0, 0x00, 0x00, 0xC0, 0x83, 0xEF, 0x09, 0x20, 0x78, 0x02, 0x28, 0x02, 0xD0, 0x03, 0x28
	.byte 0x0A, 0xD0, 0x19, 0xE0, 0x60, 0x78, 0x80, 0x00, 0x02, 0x49, 0x40, 0x18, 0x00, 0x78, 0x26, 0xF7
	.byte 0xF1, 0xFC, 0x08, 0xE0, 0x4C, 0x81, 0x85, 0x09, 0x60, 0x78, 0x80, 0x00, 0x05, 0x49, 0x40, 0x18
	.byte 0x00, 0x78, 0x26, 0xF7, 0x9F, 0xFC, 0x00, 0x06, 0x00, 0x0E, 0x01, 0x28, 0x04, 0xD0, 0x00, 0x20
	.byte 0x0A, 0xE0, 0x00, 0x00, 0xEC, 0x81, 0x85, 0x09, 0x04, 0x34, 0x20, 0x78, 0x04, 0x28, 0xDB, 0xD1
	.byte 0x01, 0x35, 0x0B, 0x2D, 0xD0, 0xDD, 0x01, 0x20, 0x30, 0xBC, 0x02, 0xBC, 0x08, 0x47, 0x00, 0x00
	thumb_func_start func_080E92B8
func_080E92B8: @ 080E92B8
	push {r4, r5, lr}
	adds r4, r0, #0x0
	ldr r5, _080E92F0 @ =0x02039BB0
	ldrb r0, [r5, #0x0C]
	strb r0, [r4, #0x00]
	ldrb r0, [r5, #0x0E]
	strb r0, [r4, #0x01]
	ldr r1, _080E92F4 @ =0x0203C590
	adds r0, r4, #0x4
	movs r2, #0x87
	lsls r2, r2, #0x02
	bl _0811F030
	movs r0, #0xC2
	lsls r0, r0, #0x01
	adds r5, r5, r0
	adds r0, #0x9C
	adds r4, r4, r0
	movs r1, #0x0C
_080E92DE:
	ldm r5!, {r0}
	stm r4!, {r0}
	subs r1, #0x01
	cmp r1, #0x00
	bge _080E92DE
	pop {r4, r5}
	pop {r0}
	bx r0
	.byte 0x00, 0x00
_080E92F0: .4byte 0x02039BB0
_080E92F4: .4byte 0x0203C590
	thumb_func_start func_080E92F8
func_080E92F8: @ 080E92F8
	push {r4, r5, lr}
	adds r4, r0, #0x0
	ldr r5, _080E9330 @ =0x02039BB0
	ldrb r0, [r4, #0x00]
	strb r0, [r5, #0x0C]
	ldrb r0, [r4, #0x01]
	strb r0, [r5, #0x0E]
	ldr r0, _080E9334 @ =0x0203C590
	adds r1, r4, #0x4
	movs r2, #0x87
	lsls r2, r2, #0x02
	bl _0811F030
	movs r0, #0x88
	lsls r0, r0, #0x02
	adds r4, r4, r0
	subs r0, #0x9C
	adds r5, r5, r0
	movs r1, #0x0C
_080E931E:
	ldm r4!, {r0}
	stm r5!, {r0}
	subs r1, #0x01
	cmp r1, #0x00
	bge _080E931E
	pop {r4, r5}
	pop {r0}
	bx r0
	.byte 0x00, 0x00
_080E9330: .4byte 0x02039BB0
_080E9334: .4byte 0x0203C590
	thumb_func_start func_080E9338
func_080E9338: @ 080E9338
	ldr r1, _080E9340 @ =0x02034F88
	str r0, [r1, #0x00]
	bx lr
	.byte 0x00, 0x00
_080E9340: .4byte 0x02034F88
	thumb_func_start func_080E9344
func_080E9344: @ 080E9344
	push {lr}
	bl func_080E9338
	ldr r0, _080E9358 @ =0x02034F88
	ldr r0, [r0, #0x00]
	bl _0811D5B0
	pop {r0}
	bx r0
	.byte 0x00, 0x00
_080E9358: .4byte 0x02034F88
	.byte 0x30, 0xB5, 0x00, 0x25, 0x00, 0x24, 0x18, 0xF7, 0x0F, 0xF8, 0x20, 0x21, 0x01, 0x40, 0x00, 0x29
	.byte 0x00, 0xD0, 0x1F, 0x4C, 0x18, 0xF7, 0x08, 0xF8, 0x10, 0x21, 0x01, 0x40, 0x00, 0x29, 0x01, 0xD0
	.byte 0x80, 0x24, 0xE4, 0x00, 0x18, 0xF7, 0x00, 0xF8, 0x40, 0x21, 0x01, 0x40, 0x00, 0x29, 0x00, 0xD0
	.byte 0x17, 0x4D, 0x17, 0xF7, 0xF9, 0xFF, 0x80, 0x21, 0x01, 0x40, 0x00, 0x29, 0x01, 0xD0, 0x80, 0x25
	.byte 0xED, 0x00, 0x20, 0x1C, 0x29, 0x1C, 0xF6, 0xF7, 0x81, 0xFF, 0x17, 0xF7, 0xF3, 0xFF, 0x01, 0x21
	.byte 0x01, 0x40, 0x00, 0x29, 0x09, 0xD0, 0x0F, 0x4A, 0x10, 0x88, 0x0F, 0x49, 0x01, 0x40, 0x13, 0x88
	.byte 0x80, 0x20, 0x80, 0x00, 0x98, 0x43, 0x01, 0x43, 0x11, 0x80, 0x17, 0xF7, 0xE3, 0xFF, 0x02, 0x21
	.byte 0x01, 0x40, 0x00, 0x29, 0x09, 0xD0, 0x07, 0x4A, 0x10, 0x88, 0x08, 0x49, 0x01, 0x40, 0x13, 0x88
	.byte 0x80, 0x20, 0x40, 0x01, 0x98, 0x43, 0x01, 0x43, 0x11, 0x80, 0x30, 0xBC, 0x01, 0xBC, 0x00, 0x47
	.byte 0x00, 0xFC, 0xFF, 0xFF, 0x00, 0x75, 0x00, 0x03, 0xFF, 0xFD, 0x00, 0x00, 0xFF, 0xEF, 0x00, 0x00
	.byte 0x70, 0xB5, 0x0F, 0x4B, 0x1A, 0x68, 0x11, 0x68, 0x02, 0x20, 0x08, 0x40, 0x00, 0x28, 0x07, 0xD0
	.byte 0x03, 0x20, 0x40, 0x42, 0x01, 0x40, 0x02, 0x38, 0x01, 0x40, 0x7C, 0x38, 0x01, 0x40, 0x11, 0x60
	.byte 0x08, 0x48, 0x02, 0x68, 0x11, 0x6F, 0x10, 0x26, 0x0E, 0x40, 0x00, 0x2E, 0x0E, 0xD0, 0x00, 0x20
	.byte 0x10, 0x21, 0x1C, 0xF7, 0xA9, 0xFE, 0x04, 0x48, 0xFF, 0xF7, 0x86, 0xFF, 0x5F, 0xE0, 0x00, 0x00
	.byte 0xAC, 0xC7, 0x03, 0x02, 0xA0, 0x9B, 0x03, 0x02, 0x09, 0x95, 0x0E, 0x08, 0x18, 0x68, 0x05, 0x68
	.byte 0x80, 0x20, 0x80, 0x01, 0x05, 0x40, 0x00, 0x2D, 0x0E, 0xD0, 0x10, 0x1C, 0x78, 0x30, 0x04, 0x4C
	.byte 0x21, 0x68, 0x17, 0xF7, 0xC3, 0xFC, 0x26, 0x60, 0x02, 0x48, 0xFF, 0xF7, 0x6D, 0xFF, 0x46, 0xE0
	.byte 0xA8, 0x4F, 0x03, 0x02, 0xE9, 0x95, 0x0E, 0x08, 0x80, 0x20, 0xC0, 0x02, 0x01, 0x40, 0x00, 0x29
	.byte 0x0E, 0xD0, 0x10, 0x1C, 0x78, 0x30, 0x04, 0x4C, 0x21, 0x68, 0x17, 0xF7, 0xAF, 0xFC, 0x25, 0x60
	.byte 0x02, 0x48, 0xFF, 0xF7, 0x59, 0xFF, 0x32, 0xE0, 0xA8, 0x4F, 0x03, 0x02, 0x3D, 0x96, 0x0E, 0x08
	.byte 0x03, 0x48, 0x00, 0x78, 0x00, 0x28, 0x07, 0xD0, 0x02, 0x48, 0xFF, 0xF7, 0x4D, 0xFF, 0x26, 0xE0
	.byte 0xA4, 0x4F, 0x03, 0x02, 0xC5, 0x95, 0x0E, 0x08, 0xF7, 0xF7, 0x64, 0xF9, 0xF7, 0xF7, 0xB2, 0xF9
	.byte 0x29, 0xF7, 0x72, 0xF8, 0xFC, 0xF7, 0xD0, 0xFE, 0x17, 0xF7, 0x5E, 0xFF, 0xC0, 0x22, 0x92, 0x00
	.byte 0x11, 0x1C, 0x01, 0x40, 0x91, 0x42, 0x12, 0xD0, 0x17, 0xF7, 0x5C, 0xFF, 0x08, 0x21, 0x01, 0x40
	.byte 0x00, 0x29, 0x02, 0xD0, 0x07, 0x48, 0xFF, 0xF7, 0x29, 0xFF, 0x17, 0xF7, 0x53, 0xFF, 0x04, 0x21
	.byte 0x01, 0x40, 0x00, 0x29, 0x03, 0xD0, 0x04, 0x48, 0x00, 0x21, 0x17, 0xF7, 0xE9, 0xFD, 0x70, 0xBC
	.byte 0x01, 0xBC, 0x00, 0x47, 0x51, 0x95, 0x0E, 0x08, 0xD0, 0x69, 0xEF, 0x09, 0x10, 0xB5, 0xF7, 0xF7
	.byte 0x89, 0xF9, 0x1C, 0xF7, 0x01, 0xFF, 0x00, 0x06, 0x00, 0x28, 0x17, 0xD1, 0x08, 0x4C, 0x21, 0x68
	.byte 0xC8, 0x7B, 0x09, 0x7C, 0xF6, 0xF7, 0x06, 0xF9, 0x20, 0x68, 0xC0, 0x7B, 0x03, 0x30, 0x00, 0x06
	.byte 0x00, 0x0E, 0x01, 0x28, 0x08, 0xD9, 0x03, 0x48, 0x00, 0x21, 0x17, 0xF7, 0xC9, 0xFD, 0x05, 0xE0
	.byte 0xAC, 0xC7, 0x03, 0x02, 0x90, 0x6A, 0xEF, 0x09, 0xF6, 0xF7, 0xD2, 0xFF, 0x10, 0xBC, 0x01, 0xBC
	.byte 0x00, 0x47, 0x00, 0x00, 0x00, 0xB5, 0x04, 0x48, 0x00, 0x78, 0x00, 0x28, 0x08, 0xD0, 0x03, 0x48
	.byte 0xFF, 0xF7, 0xF2, 0xFE, 0x28, 0xE0, 0x00, 0x00, 0xA4, 0x4F, 0x03, 0x02, 0xC5, 0x95, 0x0E, 0x08
	.byte 0xFF, 0xF7, 0xF6, 0xFE, 0x11, 0x48, 0x00, 0x68, 0x78, 0x30, 0x17, 0xF7, 0x95, 0xFC, 0xF7, 0xF7
	.byte 0x51, 0xF9, 0x17, 0xF7, 0x01, 0xFF, 0xC0, 0x22, 0x92, 0x00, 0x11, 0x1C, 0x01, 0x40, 0x91, 0x42
	.byte 0x12, 0xD0, 0x17, 0xF7, 0xFF, 0xFE, 0x08, 0x21, 0x01, 0x40, 0x00, 0x29, 0x02, 0xD0, 0x08, 0x48
	.byte 0xFF, 0xF7, 0xCC, 0xFE, 0x17, 0xF7, 0xF6, 0xFE, 0x04, 0x21, 0x01, 0x40, 0x00, 0x29, 0x03, 0xD0
	.byte 0x04, 0x48, 0x00, 0x21, 0x17, 0xF7, 0x8C, 0xFD, 0x01, 0xBC, 0x00, 0x47, 0xA0, 0x9B, 0x03, 0x02
	.byte 0xFD, 0x93, 0x0E, 0x08, 0xD0, 0x69, 0xEF, 0x09, 0x00, 0xB5, 0xF7, 0xF7, 0x2B, 0xF9, 0x05, 0x48
	.byte 0x00, 0x78, 0x00, 0x28, 0x03, 0xD1, 0x04, 0x48, 0x00, 0x21, 0x17, 0xF7, 0x79, 0xFD, 0x01, 0xBC
	.byte 0x00, 0x47, 0x00, 0x00, 0xA4, 0x4F, 0x03, 0x02, 0x90, 0x6A, 0xEF, 0x09, 0x00, 0xB5, 0x0D, 0x48
	.byte 0x01, 0x68, 0x08, 0x6F, 0x80, 0x22, 0x92, 0x01, 0x10, 0x40, 0x00, 0x28, 0x1A, 0xD1, 0x0A, 0x48
	.byte 0x00, 0x68, 0x00, 0x68, 0x10, 0x40, 0x00, 0x28, 0x14, 0xD1, 0x08, 0x1C, 0x78, 0x30, 0xEA, 0xF7
	.byte 0x09, 0xFA, 0x06, 0x49, 0x08, 0x60, 0xFE, 0xF7, 0xBF, 0xFF, 0x05, 0x48, 0xFF, 0xF7, 0x94, 0xFE
	.byte 0x0C, 0xE0, 0x00, 0x00, 0xA0, 0x9B, 0x03, 0x02, 0xAC, 0xC7, 0x03, 0x02, 0xA8, 0x4F, 0x03, 0x02
	.byte 0xFD, 0x93, 0x0E, 0x08, 0xF7, 0xF7, 0xA6, 0xF8, 0xF7, 0xF7, 0xF4, 0xF8, 0x01, 0xBC, 0x00, 0x47
	.byte 0x10, 0xB5, 0x07, 0x4C, 0x20, 0x68, 0x02, 0x6F, 0x10, 0x20, 0x10, 0x40, 0x00, 0x28, 0x0B, 0xD0
	.byte 0x00, 0x20, 0x10, 0x21, 0x1C, 0xF7, 0x98, 0xFD, 0x02, 0x48, 0xFF, 0xF7, 0x75, 0xFE, 0x27, 0xE0
	.byte 0xA0, 0x9B, 0x03, 0x02, 0x09, 0x95, 0x0E, 0x08, 0x80, 0x21, 0xC9, 0x02, 0x11, 0x40, 0x00, 0x29
	.byte 0x1A, 0xD1, 0x0A, 0x48, 0x01, 0x80, 0x00, 0x20, 0x00, 0x21, 0x1B, 0xF7, 0xA7, 0xFF, 0x20, 0x68
	.byte 0x78, 0x30, 0xEA, 0xF7, 0xCF, 0xF9, 0x06, 0x49, 0x08, 0x60, 0xFE, 0xF7, 0x85, 0xFF, 0xFC, 0xF7
	.byte 0xF7, 0xFC, 0x04, 0x48, 0xFF, 0xF7, 0x58, 0xFE, 0x0A, 0xE0, 0x00, 0x00, 0x54, 0x75, 0x00, 0x03
	.byte 0xA8, 0x4F, 0x03, 0x02, 0xFD, 0x93, 0x0E, 0x08, 0xF7, 0xF7, 0x6C, 0xF8, 0xF7, 0xF7, 0xBA, 0xF8
	.byte 0x10, 0xBC, 0x01, 0xBC, 0x00, 0x47, 0x00, 0x00, 0x30, 0xB5, 0x39, 0x4D, 0xE8, 0x20, 0x17, 0xF7
	.byte 0x2D, 0xF9, 0x28, 0x60, 0x37, 0x4C, 0x44, 0x20, 0x17, 0xF7, 0x28, 0xF9, 0x20, 0x60, 0xF5, 0xF7
	.byte 0x29, 0xFC, 0x1B, 0xF7, 0x6F, 0xFB, 0x03, 0x20, 0x00, 0x21, 0x1C, 0x22, 0x00, 0x23, 0x1B, 0xF7
	.byte 0xCB, 0xFC, 0x02, 0x20, 0x00, 0x21, 0x1D, 0x22, 0x00, 0x23, 0x1B, 0xF7, 0xC5, 0xFC, 0x01, 0x20
	.byte 0x02, 0x21, 0x1E, 0x22, 0x00, 0x23, 0x1B, 0xF7, 0xBF, 0xFC, 0x00, 0x20, 0x03, 0x21, 0x1F, 0x22
	.byte 0x0E, 0x23, 0x1B, 0xF7, 0xB9, 0xFC, 0x03, 0x20, 0x03, 0x21, 0x1B, 0xF7, 0x5F, 0xFF, 0x02, 0x20
	.byte 0x03, 0x21, 0x1B, 0xF7, 0x5B, 0xFF, 0x01, 0x20, 0x01, 0x21, 0x1B, 0xF7, 0x57, 0xFF, 0x00, 0x20
	.byte 0x00, 0x21, 0x1B, 0xF7, 0x53, 0xFF, 0x06, 0x20, 0x1F, 0x21, 0x1F, 0x22, 0x1C, 0xF7, 0x26, 0xF8
	.byte 0x06, 0x20, 0x0A, 0x21, 0x1C, 0xF7, 0x6E, 0xF8, 0xF6, 0xF7, 0x10, 0xFF, 0x28, 0xF7, 0xA0, 0xFD
	.byte 0xF6, 0xF7, 0x52, 0xFF, 0xFE, 0xF7, 0xFC, 0xFE, 0xFC, 0xF7, 0x18, 0xFD, 0xFF, 0xF7, 0xCE, 0xF9
	.byte 0xF6, 0xF7, 0x6E, 0xFF, 0x14, 0x49, 0x15, 0x48, 0x00, 0x79, 0x80, 0x00, 0x40, 0x18, 0x04, 0x68
	.byte 0x28, 0x68, 0x78, 0x30, 0x12, 0x49, 0x00, 0x22, 0x17, 0xF7, 0x56, 0xFB, 0x28, 0x68, 0x78, 0x30
	.byte 0x10, 0x49, 0xE2, 0x6A, 0x17, 0xF7, 0x50, 0xFB, 0x28, 0x68, 0x78, 0x30, 0xEA, 0xF7, 0x52, 0xF9
	.byte 0x0D, 0x49, 0x08, 0x60, 0x0D, 0x48, 0xFF, 0xF7, 0xD9, 0xFD, 0x0D, 0x4A, 0x10, 0x78, 0x00, 0x28
	.byte 0x18, 0xD0, 0x50, 0x69, 0x91, 0x69, 0xD2, 0x69, 0x89, 0x18, 0xF6, 0xF7, 0x7F, 0xFD, 0x19, 0xE0
	.byte 0xA0, 0x9B, 0x03, 0x02, 0xAC, 0xC7, 0x03, 0x02, 0xD0, 0x70, 0xEF, 0x09, 0x90, 0xC5, 0x03, 0x02
	.byte 0xD4, 0x26, 0xEE, 0x09, 0x78, 0x6B, 0xEF, 0x09, 0xA8, 0x4F, 0x03, 0x02, 0xFD, 0x93, 0x0E, 0x08
	.byte 0xB0, 0x9B, 0x03, 0x02, 0x29, 0x68, 0x08, 0x1C, 0xDC, 0x30, 0x00, 0x68, 0xE0, 0x31, 0x09, 0x68
	.byte 0xF6, 0xF7, 0x64, 0xFD, 0xF6, 0xF7, 0x52, 0xFC, 0x33, 0xF7, 0x94, 0xF9, 0x0F, 0x48, 0x00, 0x68
	.byte 0x1C, 0xF7, 0xCC, 0xFE, 0x20, 0x8F, 0x36, 0xF0, 0x81, 0xFB, 0x0D, 0x4C, 0x20, 0x1C, 0x01, 0x21
	.byte 0x17, 0xF7, 0x3A, 0xFB, 0x0B, 0x49, 0x0C, 0x4A, 0x20, 0x1C, 0x17, 0xF7, 0x0D, 0xFB, 0x0B, 0x48
	.byte 0x00, 0x68, 0x78, 0x30, 0x0A, 0x49, 0x00, 0x22, 0x17, 0xF7, 0x06, 0xFB, 0x00, 0x20, 0x10, 0x21
	.byte 0x1C, 0xF7, 0x88, 0xFC, 0x30, 0xBC, 0x01, 0xBC, 0x00, 0x47, 0x00, 0x00, 0x80, 0x74, 0x00, 0x03
	.byte 0x90, 0x4F, 0x03, 0x02, 0x3C, 0x6C, 0xEF, 0x09, 0xA4, 0x4F, 0x03, 0x02, 0xA0, 0x9B, 0x03, 0x02
	.byte 0xB4, 0x6F, 0xEF, 0x09, 0x10, 0xB5, 0x08, 0x4C, 0x20, 0x1C, 0x17, 0xF7, 0x35, 0xFB, 0x20, 0x1C
	.byte 0x17, 0xF7, 0x50, 0xFB, 0x05, 0x48, 0x00, 0x68, 0x33, 0xF0, 0xB4, 0xFE, 0x33, 0xF7, 0x1A, 0xFA
	.byte 0x10, 0xBC, 0x01, 0xBC, 0x00, 0x47, 0x00, 0x00, 0x90, 0x4F, 0x03, 0x02, 0x88, 0x4F, 0x03, 0x02
	.byte 0x00, 0xB5, 0xF7, 0xF7, 0x0B, 0xF8, 0xFE, 0xF7, 0xDF, 0xFE, 0x06, 0x48, 0x00, 0x68, 0x17, 0xF7
	.byte 0xAB, 0xF8, 0x05, 0x48, 0x00, 0x68, 0x17, 0xF7, 0xA7, 0xF8, 0x04, 0x48, 0x17, 0xF7, 0x48, 0xFB
	.byte 0x01, 0xBC, 0x00, 0x47, 0xA0, 0x9B, 0x03, 0x02, 0xAC, 0xC7, 0x03, 0x02, 0x90, 0x4F, 0x03, 0x02
	thumb_func_start func_080E988C
func_080E988C: @ 080E988C
	ldr r1, _080E9894 @ =0x02034FB0
	str r0, [r1, #0x00]
	bx lr
	.byte 0x00, 0x00
_080E9894: .4byte 0x02034FB0
	thumb_func_start func_080E9898
func_080E9898: @ 080E9898
	push {lr}
	bl func_080E988C
	ldr r0, _080E98AC @ =0x02034FB0
	ldr r0, [r0, #0x00]
	bl _0811D5B0
	pop {r0}
	bx r0
	.byte 0x00, 0x00
_080E98AC: .4byte 0x02034FB0
	.byte 0x00, 0xB5, 0x05, 0x48, 0x00, 0x79, 0x01, 0x38, 0x0B, 0x28, 0x00, 0xD9, 0x8E, 0xE0, 0x80, 0x00
	.byte 0x02, 0x49, 0x40, 0x18, 0x00, 0x68, 0x87, 0x46, 0x90, 0xC5, 0x03, 0x02, 0xD0, 0x98, 0x0E, 0x08
	.byte 0x8C, 0x99, 0x0E, 0x08, 0x00, 0x99, 0x0E, 0x08, 0x50, 0x99, 0x0E, 0x08, 0xDC, 0x99, 0x0E, 0x08
	.byte 0x28, 0x99, 0x0E, 0x08, 0x14, 0x99, 0x0E, 0x08, 0x3C, 0x99, 0x0E, 0x08, 0x64, 0x99, 0x0E, 0x08
	.byte 0x78, 0x99, 0x0E, 0x08, 0xA0, 0x99, 0x0E, 0x08, 0xB4, 0x99, 0x0E, 0x08, 0xC8, 0x99, 0x0E, 0x08
	.byte 0x02, 0x48, 0x00, 0x68, 0x30, 0x30, 0x02, 0x49, 0x02, 0x22, 0x6C, 0xE0, 0xAC, 0xC7, 0x03, 0x02
	.byte 0x1C, 0x16, 0xEF, 0x09, 0x02, 0x48, 0x00, 0x68, 0x30, 0x30, 0x02, 0x49, 0x06, 0x22, 0x62, 0xE0
	.byte 0xAC, 0xC7, 0x03, 0x02, 0x1C, 0x16, 0xEF, 0x09, 0x02, 0x48, 0x00, 0x68, 0x30, 0x30, 0x02, 0x49
	.byte 0x05, 0x22, 0x58, 0xE0, 0xAC, 0xC7, 0x03, 0x02, 0x1C, 0x16, 0xEF, 0x09, 0x02, 0x48, 0x00, 0x68
	.byte 0x30, 0x30, 0x02, 0x49, 0x07, 0x22, 0x4E, 0xE0, 0xAC, 0xC7, 0x03, 0x02, 0x1C, 0x16, 0xEF, 0x09
	.byte 0x02, 0x48, 0x00, 0x68, 0x30, 0x30, 0x02, 0x49, 0x03, 0x22, 0x44, 0xE0, 0xAC, 0xC7, 0x03, 0x02
	.byte 0x1C, 0x16, 0xEF, 0x09, 0x02, 0x48, 0x00, 0x68, 0x30, 0x30, 0x02, 0x49, 0x08, 0x22, 0x3A, 0xE0
	.byte 0xAC, 0xC7, 0x03, 0x02, 0x1C, 0x16, 0xEF, 0x09, 0x02, 0x48, 0x00, 0x68, 0x30, 0x30, 0x02, 0x49
	.byte 0x09, 0x22, 0x30, 0xE0, 0xAC, 0xC7, 0x03, 0x02, 0x1C, 0x16, 0xEF, 0x09, 0x02, 0x48, 0x00, 0x68
	.byte 0x30, 0x30, 0x02, 0x49, 0x01, 0x22, 0x26, 0xE0, 0xAC, 0xC7, 0x03, 0x02, 0x1C, 0x16, 0xEF, 0x09
	.byte 0x02, 0x48, 0x00, 0x68, 0x30, 0x30, 0x02, 0x49, 0x0A, 0x22, 0x1C, 0xE0, 0xAC, 0xC7, 0x03, 0x02
	.byte 0x1C, 0x16, 0xEF, 0x09, 0x02, 0x48, 0x00, 0x68, 0x30, 0x30, 0x02, 0x49, 0x0B, 0x22, 0x12, 0xE0
	.byte 0xAC, 0xC7, 0x03, 0x02, 0x1C, 0x16, 0xEF, 0x09, 0x02, 0x48, 0x00, 0x68, 0x30, 0x30, 0x02, 0x49
	.byte 0x0C, 0x22, 0x08, 0xE0, 0xAC, 0xC7, 0x03, 0x02, 0x1C, 0x16, 0xEF, 0x09, 0x05, 0x48, 0x00, 0x68
	.byte 0x30, 0x30, 0x05, 0x49, 0x04, 0x22, 0x17, 0xF7, 0x15, 0xFA, 0x04, 0x49, 0x08, 0x60, 0x01, 0xBC
	.byte 0x00, 0x47, 0x00, 0x00, 0xAC, 0xC7, 0x03, 0x02, 0x1C, 0x16, 0xEF, 0x09, 0xB4, 0x4F, 0x03, 0x02
	thumb_func_start func_080E9A00
func_080E9A00: @ 080E9A00
	push {r4, lr}
	ldr r4, _080E9A20 @ =0x02034FB8
	ldr r1, [r4, #0x00]
	cmp r1, #0x00
	beq _080E9A18
	ldr r0, _080E9A24 @ =0x02039BA0
	ldr r0, [r0, #0x00]
	adds r0, #0x78
	bl func_08000DE8
	movs r0, #0x00
	str r0, [r4, #0x00]
_080E9A18:
	pop {r4}
	pop {r0}
	bx r0
	.byte 0x00, 0x00
_080E9A20: .4byte 0x02034FB8
_080E9A24: .4byte 0x02039BA0
	.byte 0x00, 0xB5, 0x05, 0x48, 0x00, 0x7B, 0x01, 0x38, 0x09, 0x28, 0x59, 0xD8, 0x80, 0x00, 0x03, 0x49
	.byte 0x40, 0x18, 0x00, 0x68, 0x87, 0x46, 0x00, 0x00, 0xB0, 0x9B, 0x03, 0x02, 0x48, 0x9A, 0x0E, 0x08
	.byte 0x80, 0x9A, 0x0E, 0x08, 0xC0, 0x9A, 0x0E, 0x08, 0xE0, 0x9A, 0x0E, 0x08, 0xD0, 0x9A, 0x0E, 0x08
	.byte 0x90, 0x9A, 0x0E, 0x08, 0xB0, 0x9A, 0x0E, 0x08, 0xA0, 0x9A, 0x0E, 0x08, 0xE8, 0x9A, 0x0E, 0x08
	.byte 0xE8, 0x9A, 0x0E, 0x08, 0x70, 0x9A, 0x0E, 0x08, 0x02, 0x48, 0x94, 0x21, 0x17, 0xF7, 0x2A, 0xFB
	.byte 0x36, 0xE0, 0x00, 0x00, 0x40, 0xEB, 0xEC, 0x09, 0x02, 0x48, 0x95, 0x21, 0x17, 0xF7, 0x22, 0xFB
	.byte 0x2E, 0xE0, 0x00, 0x00, 0x40, 0xEB, 0xEC, 0x09, 0x02, 0x48, 0x98, 0x21, 0x17, 0xF7, 0x1A, 0xFB
	.byte 0x26, 0xE0, 0x00, 0x00, 0x40, 0xEB, 0xEC, 0x09, 0x02, 0x48, 0x9E, 0x21, 0x17, 0xF7, 0x12, 0xFB
	.byte 0x1E, 0xE0, 0x00, 0x00, 0x40, 0xEB, 0xEC, 0x09, 0x02, 0x48, 0x9B, 0x21, 0x17, 0xF7, 0x0A, 0xFB
	.byte 0x16, 0xE0, 0x00, 0x00, 0x40, 0xEB, 0xEC, 0x09, 0x02, 0x48, 0x97, 0x21, 0x17, 0xF7, 0x02, 0xFB
	.byte 0x0E, 0xE0, 0x00, 0x00, 0x40, 0xEB, 0xEC, 0x09, 0x02, 0x48, 0x96, 0x21, 0x17, 0xF7, 0xFA, 0xFA
	.byte 0x06, 0xE0, 0x00, 0x00, 0x40, 0xEB, 0xEC, 0x09, 0x02, 0x48, 0xA0, 0x21, 0x17, 0xF7, 0xF2, 0xFA
	.byte 0x01, 0xBC, 0x00, 0x47, 0x40, 0xEB, 0xEC, 0x09, 0x10, 0xB5, 0x0C, 0x4C, 0x20, 0x68, 0x17, 0xF7
	.byte 0x27, 0xFA, 0x00, 0x06, 0x03, 0x0E, 0x00, 0x2B, 0x16, 0xD0, 0x09, 0x4C, 0x20, 0x68, 0x30, 0x30
	.byte 0x17, 0xF7, 0xCC, 0xF9, 0x20, 0x68, 0x30, 0x30, 0x17, 0xF7, 0xE6, 0xF9, 0x05, 0x48, 0x00, 0x68
	.byte 0x78, 0x30, 0x17, 0xF7, 0xC3, 0xF9, 0xF6, 0xF7, 0x7F, 0xFE, 0x1D, 0xE0, 0xB4, 0x4F, 0x03, 0x02
	.byte 0xAC, 0xC7, 0x03, 0x02, 0xA0, 0x9B, 0x03, 0x02, 0x0D, 0x4A, 0x51, 0x88, 0x10, 0x20, 0x08, 0x43
	.byte 0x50, 0x80, 0x23, 0x60, 0x0B, 0x4C, 0x20, 0x68, 0x78, 0x30, 0xE9, 0xF7, 0x6D, 0xFF, 0x0A, 0x49
	.byte 0x08, 0x60, 0x22, 0x68, 0x10, 0x6F, 0x09, 0x49, 0x08, 0x40, 0x02, 0x21, 0x49, 0x42, 0x08, 0x40
	.byte 0x10, 0x67, 0x07, 0x48, 0xFF, 0xF7, 0x9C, 0xFE, 0x10, 0xBC, 0x01, 0xBC, 0x00, 0x47, 0x00, 0x00
	.byte 0x90, 0xC5, 0x03, 0x02, 0xA0, 0x9B, 0x03, 0x02, 0xB8, 0x4F, 0x03, 0x02, 0xFF, 0xFD, 0xFF, 0xFF
	.byte 0x7D, 0x9B, 0x0E, 0x08, 0x30, 0xB5, 0x08, 0x4C, 0x20, 0x68, 0x00, 0x68, 0x02, 0x21, 0x08, 0x40
	.byte 0x00, 0x28, 0x0D, 0xD0, 0x00, 0x20, 0x10, 0x21, 0x1C, 0xF7, 0xF8, 0xFA, 0x1C, 0xF7, 0x08, 0xFC
	.byte 0x02, 0x48, 0xFF, 0xF7, 0x7D, 0xFE, 0x89, 0xE0, 0xAC, 0xC7, 0x03, 0x02, 0x95, 0x9D, 0x0E, 0x08
	.byte 0x07, 0x4D, 0x28, 0x68, 0x00, 0x6F, 0x10, 0x21, 0x08, 0x40, 0x00, 0x28, 0x0C, 0xD0, 0x00, 0x20
	.byte 0x1C, 0xF7, 0xE4, 0xFA, 0x1C, 0xF7, 0xF4, 0xFB, 0x02, 0x48, 0xFF, 0xF7, 0x69, 0xFE, 0x75, 0xE0
	.byte 0xA0, 0x9B, 0x03, 0x02, 0xBD, 0x9C, 0x0E, 0x08, 0x1C, 0xF7, 0xA0, 0xFB, 0x00, 0x06, 0x00, 0x28
	.byte 0x40, 0xD1, 0x15, 0x48, 0xBD, 0x21, 0x49, 0x00, 0x40, 0x18, 0x01, 0x88, 0x80, 0x20, 0x80, 0x00
	.byte 0x08, 0x40, 0x00, 0x28, 0x36, 0xD0, 0x28, 0x68, 0x00, 0x6F, 0x82, 0x21, 0xC9, 0x02, 0x08, 0x40
	.byte 0x00, 0x28, 0x2F, 0xD1, 0x20, 0x68, 0x00, 0x68, 0x04, 0x24, 0x20, 0x40, 0x00, 0x28, 0x29, 0xD1
	.byte 0x17, 0xF7, 0xC2, 0xFB, 0x21, 0x1C, 0x01, 0x40, 0x00, 0x29, 0x11, 0xD0, 0x67, 0x20, 0x36, 0xF0
	.byte 0x2B, 0xF9, 0x00, 0x20, 0x10, 0x21, 0x1C, 0xF7, 0xB1, 0xFA, 0x1C, 0xF7, 0xC1, 0xFB, 0x03, 0x48
	.byte 0xFF, 0xF7, 0x36, 0xFE, 0x42, 0xE0, 0x00, 0x00, 0xB0, 0x9B, 0x03, 0x02, 0x05, 0x9E, 0x0E, 0x08
	.byte 0x17, 0xF7, 0xAA, 0xFB, 0x08, 0x21, 0x01, 0x40, 0x00, 0x29, 0x0B, 0xD0, 0xFF, 0xF7, 0xDC, 0xFE
	.byte 0x28, 0x68, 0x78, 0x30, 0x02, 0x49, 0x00, 0x22, 0x17, 0xF7, 0xE0, 0xF8, 0x0C, 0xE0, 0x00, 0x00
	.byte 0x48, 0x6B, 0xEF, 0x09, 0x06, 0x48, 0x00, 0x68, 0x00, 0x68, 0x80, 0x21, 0x89, 0x01, 0x08, 0x40
	.byte 0x00, 0x28, 0x09, 0xD0, 0xFF, 0xF7, 0xC8, 0xFE, 0x02, 0x48, 0xFF, 0xF7, 0x11, 0xFE, 0x1D, 0xE0
	.byte 0xAC, 0xC7, 0x03, 0x02, 0x29, 0x9E, 0x0E, 0x08, 0x06, 0x48, 0x00, 0x68, 0x00, 0x6F, 0x80, 0x21
	.byte 0xC9, 0x02, 0x08, 0x40, 0x00, 0x28, 0x09, 0xD0, 0xFF, 0xF7, 0xB6, 0xFE, 0x02, 0x48, 0xFF, 0xF7
	.byte 0xFF, 0xFD, 0x0B, 0xE0, 0xA0, 0x9B, 0x03, 0x02, 0x95, 0x9E, 0x0E, 0x08, 0xF6, 0xF7, 0x6C, 0xFD
	.byte 0xF6, 0xF7, 0xBA, 0xFD, 0x28, 0xF7, 0x7A, 0xFC, 0xFC, 0xF7, 0xD8, 0xFA, 0x30, 0xBC, 0x01, 0xBC
	.byte 0x00, 0x47, 0x00, 0x00, 0x70, 0xB5, 0xF6, 0xF7, 0xAF, 0xFD, 0x1C, 0xF7, 0x27, 0xFB, 0x00, 0x06
	.byte 0x06, 0x0E, 0x00, 0x2E, 0x5E, 0xD1, 0x04, 0x4D, 0x28, 0x68, 0xC0, 0x7B, 0xFE, 0x28, 0x05, 0xD1
	.byte 0xF5, 0xF7, 0x9C, 0xFD, 0x56, 0xE0, 0x00, 0x00, 0xAC, 0xC7, 0x03, 0x02, 0xFD, 0x28, 0x02, 0xD1
	.byte 0xF5, 0xF7, 0x9E, 0xFD, 0x4E, 0xE0, 0x06, 0x48, 0x40, 0x79, 0xFB, 0xF7, 0xE1, 0xFB, 0x04, 0x1C
	.byte 0x20, 0x78, 0xFF, 0x28, 0x06, 0xD1, 0x29, 0x68, 0xC8, 0x7B, 0x09, 0x7C, 0x36, 0xE0, 0x00, 0x00
	.byte 0x90, 0xC5, 0x03, 0x02, 0x20, 0x78, 0xF5, 0xF7, 0x63, 0xF8, 0x03, 0x1C, 0x2A, 0x68, 0x98, 0x78
	.byte 0xD1, 0x7B, 0x88, 0x42, 0x28, 0xD1, 0xD8, 0x78, 0x15, 0x7C, 0xA8, 0x42, 0x24, 0xD1, 0x06, 0x49
	.byte 0xDC, 0x25, 0x6D, 0x00, 0x48, 0x19, 0x06, 0x60, 0x18, 0x78, 0x02, 0x28, 0x1C, 0xD0, 0x02, 0x28
	.byte 0x04, 0xDC, 0x01, 0x28, 0x07, 0xD0, 0x25, 0xE0, 0xB0, 0x9B, 0x03, 0x02, 0x03, 0x28, 0x02, 0xD0
	.byte 0x04, 0x28, 0x1D, 0xD0, 0x1E, 0xE0, 0x60, 0x78, 0x51, 0x28, 0x09, 0xD1, 0x88, 0x68, 0x80, 0x21
	.byte 0xC9, 0x00, 0x08, 0x40, 0x00, 0x28, 0x03, 0xD0, 0x55, 0x20, 0x77, 0xF7, 0x53, 0xFD, 0x11, 0xE0
	.byte 0x60, 0x78, 0x77, 0xF7, 0x4F, 0xFD, 0x0D, 0xE0, 0xD0, 0x7B, 0x11, 0x7C, 0xF5, 0xF7, 0xDC, 0xFC
	.byte 0x02, 0x48, 0x00, 0x21, 0x17, 0xF7, 0xA6, 0xF9, 0x04, 0xE0, 0x00, 0x00, 0xA0, 0x6A, 0xEF, 0x09
	.byte 0xFF, 0xF7, 0x4E, 0xFE, 0x70, 0xBC, 0x01, 0xBC, 0x00, 0x47, 0x00, 0x00, 0x00, 0xB5, 0xF6, 0xF7
	.byte 0x43, 0xFD, 0x1C, 0xF7, 0xBB, 0xFA, 0x00, 0x06, 0x00, 0x28, 0x29, 0xD1, 0x32, 0xF7, 0xB2, 0xFE
	.byte 0x08, 0x4A, 0x90, 0x68, 0x08, 0x21, 0x08, 0x40, 0x00, 0x28, 0x1B, 0xD0, 0xBD, 0x21, 0x49, 0x00
	.byte 0x50, 0x18, 0x01, 0x88, 0x80, 0x20, 0x40, 0x01, 0x08, 0x40, 0x00, 0x28, 0x06, 0xD0, 0x02, 0x48
	.byte 0x05, 0xE0, 0x00, 0x00, 0xB0, 0x9B, 0x03, 0x02, 0x40, 0xEB, 0xEC, 0x09, 0x03, 0x48, 0x04, 0x49
	.byte 0x09, 0x68, 0x89, 0x7B, 0x17, 0xF7, 0x76, 0xF9, 0x0A, 0xE0, 0x00, 0x00, 0x70, 0x91, 0xEE, 0x09
	.byte 0xAC, 0xC7, 0x03, 0x02, 0x03, 0x48, 0x04, 0x49, 0x09, 0x68, 0x89, 0x7B, 0x17, 0xF7, 0x6A, 0xF9
	.byte 0x01, 0xBC, 0x00, 0x47, 0x40, 0xEB, 0xEC, 0x09, 0xAC, 0xC7, 0x03, 0x02, 0x00, 0xB5, 0xF6, 0xF7
	.byte 0x0B, 0xFD, 0x1C, 0xF7, 0x83, 0xFA, 0x00, 0x06, 0x00, 0x28, 0x05, 0xD1, 0x32, 0xF7, 0x7A, 0xFE
	.byte 0x02, 0x48, 0x01, 0x21, 0x17, 0xF7, 0x56, 0xF9, 0x01, 0xBC, 0x00, 0x47, 0xB0, 0x4D, 0xEF, 0x09
	.byte 0x10, 0xB5, 0x12, 0x4C, 0x20, 0x68, 0x00, 0x6F, 0x80, 0x21, 0x89, 0x01, 0x08, 0x40, 0x00, 0x28
	.byte 0x24, 0xD1, 0x0F, 0x48, 0x00, 0x68, 0x00, 0x68, 0x08, 0x40, 0x00, 0x28, 0x1E, 0xD1, 0x00, 0x20
	.byte 0x03, 0x21, 0x1F, 0x22, 0x0E, 0x23, 0x1B, 0xF7, 0x11, 0xF9, 0x00, 0x20, 0x00, 0x21, 0x1B, 0xF7
	.byte 0xB7, 0xFB, 0xFE, 0xF7, 0x9B, 0xFB, 0x20, 0x68, 0x78, 0x30, 0xE9, 0xF7, 0xDD, 0xFD, 0x05, 0x49
	.byte 0x08, 0x60, 0x05, 0x48, 0xFF, 0xF7, 0x14, 0xFD, 0x0C, 0xE0, 0x00, 0x00, 0xA0, 0x9B, 0x03, 0x02
	.byte 0xAC, 0xC7, 0x03, 0x02, 0xB8, 0x4F, 0x03, 0x02, 0x7D, 0x9B, 0x0E, 0x08, 0xF6, 0xF7, 0x7C, 0xFC
	.byte 0xF6, 0xF7, 0xCA, 0xFC, 0x10, 0xBC, 0x01, 0xBC, 0x00, 0x47, 0x00, 0x00, 0x10, 0xB5, 0x0F, 0x4C
	.byte 0x20, 0x68, 0x02, 0x6F, 0x10, 0x20, 0x10, 0x40, 0x00, 0x28, 0x1D, 0xD0, 0x00, 0x20, 0x10, 0x21
	.byte 0x1C, 0xF7, 0x6C, 0xF9, 0x1C, 0xF7, 0x7C, 0xFA, 0x09, 0x48, 0xFF, 0xF7, 0xF1, 0xFC, 0x09, 0x48
	.byte 0xBD, 0x21, 0x49, 0x00, 0x43, 0x18, 0x19, 0x88, 0x80, 0x22, 0x92, 0x00, 0x10, 0x1C, 0x08, 0x40
	.byte 0x00, 0x28, 0x2D, 0xD1, 0x10, 0x1C, 0x08, 0x43, 0x18, 0x80, 0x29, 0xE0, 0xA0, 0x9B, 0x03, 0x02
	.byte 0xBD, 0x9C, 0x0E, 0x08, 0xB0, 0x9B, 0x03, 0x02, 0x80, 0x21, 0xC9, 0x02, 0x11, 0x40, 0x00, 0x29
	.byte 0x1A, 0xD1, 0x0A, 0x48, 0x01, 0x80, 0x00, 0x20, 0x00, 0x21, 0x1B, 0xF7, 0x69, 0xFB, 0xFE, 0xF7
	.byte 0x4D, 0xFB, 0xFC, 0xF7, 0xBF, 0xF8, 0x20, 0x68, 0x78, 0x30, 0xE9, 0xF7, 0x8D, 0xFD, 0x04, 0x49
	.byte 0x08, 0x60, 0x04, 0x48, 0xFF, 0xF7, 0xC4, 0xFC, 0x0A, 0xE0, 0x00, 0x00, 0x54, 0x75, 0x00, 0x03
	.byte 0xB8, 0x4F, 0x03, 0x02, 0x7D, 0x9B, 0x0E, 0x08, 0xF6, 0xF7, 0x2E, 0xFC, 0xF6, 0xF7, 0x7C, 0xFC
	.byte 0x10, 0xBC, 0x01, 0xBC, 0x00, 0x47, 0x00, 0x00, 0x00, 0xB5, 0xF6, 0xF7, 0x75, 0xFC, 0x05, 0x48
	.byte 0x00, 0x78, 0x00, 0x28, 0x03, 0xD1, 0x04, 0x48, 0x00, 0x21, 0x17, 0xF7, 0xC3, 0xF8, 0x01, 0xBC
	.byte 0x00, 0x47, 0x00, 0x00, 0xBC, 0x4F, 0x03, 0x02, 0xA0, 0x6A, 0xEF, 0x09, 0xF0, 0xB5, 0x47, 0x46
	.byte 0x80, 0xB4, 0x09, 0x4A, 0x51, 0x88, 0x10, 0x20, 0x08, 0x40, 0x00, 0x28, 0x23, 0xD0, 0x07, 0x49
	.byte 0x08, 0x78, 0x00, 0x28, 0x1F, 0xD1, 0xD0, 0x79, 0x01, 0x28, 0x11, 0xD0, 0x01, 0x28, 0x07, 0xDC
	.byte 0x00, 0x28, 0x0A, 0xD0, 0x15, 0xE0, 0x00, 0x00, 0x90, 0xC5, 0x03, 0x02, 0xB0, 0x9B, 0x03, 0x02
	.byte 0x02, 0x28, 0x08, 0xD0, 0x03, 0x28, 0x09, 0xD0, 0x0B, 0xE0, 0x24, 0x31, 0xAD, 0x20, 0x07, 0xE0
	.byte 0x24, 0x31, 0x2D, 0x20, 0x04, 0xE0, 0x24, 0x31, 0xD3, 0x20, 0x01, 0xE0, 0x24, 0x31, 0x53, 0x20
	.byte 0x08, 0x70, 0x26, 0xF7, 0xA3, 0xFA, 0x45, 0x4D, 0xE8, 0x20, 0x16, 0xF7, 0xB1, 0xFC, 0x28, 0x60
	.byte 0x43, 0x4C, 0x44, 0x20, 0x16, 0xF7, 0xAC, 0xFC, 0x20, 0x60, 0x42, 0x48, 0x00, 0x21, 0x01, 0x60
	.byte 0x41, 0x4F, 0x39, 0x60, 0xF4, 0xF7, 0xA8, 0xFF, 0x1A, 0xF7, 0xEE, 0xFE, 0x03, 0x20, 0x00, 0x21
	.byte 0x1C, 0x22, 0x00, 0x23, 0x1B, 0xF7, 0x4A, 0xF8, 0x02, 0x20, 0x00, 0x21, 0x1D, 0x22, 0x00, 0x23
	.byte 0x1B, 0xF7, 0x44, 0xF8, 0x01, 0x20, 0x02, 0x21, 0x1E, 0x22, 0x00, 0x23, 0x1B, 0xF7, 0x3E, 0xF8
	.byte 0x00, 0x20, 0x03, 0x21, 0x1F, 0x22, 0x0E, 0x23, 0x1B, 0xF7, 0x38, 0xF8, 0x03, 0x20, 0x03, 0x21
	.byte 0x1B, 0xF7, 0xDE, 0xFA, 0x02, 0x20, 0x03, 0x21, 0x1B, 0xF7, 0xDA, 0xFA, 0x01, 0x20, 0x01, 0x21
	.byte 0x1B, 0xF7, 0xD6, 0xFA, 0x00, 0x20, 0x00, 0x21, 0x1B, 0xF7, 0xD2, 0xFA, 0x06, 0x20, 0x1F, 0x21
	.byte 0x1F, 0x22, 0x1B, 0xF7, 0xA5, 0xFB, 0xF6, 0xF7, 0x93, 0xFA, 0x28, 0xF7, 0x23, 0xF9, 0xF6, 0xF7
	.byte 0xD5, 0xFA, 0xFE, 0xF7, 0x7F, 0xFA, 0xFC, 0xF7, 0x9B, 0xF8, 0xFE, 0xF7, 0x51, 0xFD, 0xF6, 0xF7
	.byte 0xF1, 0xFA, 0x22, 0x49, 0x22, 0x4E, 0x30, 0x79, 0x80, 0x00, 0x40, 0x18, 0x00, 0x68, 0x80, 0x46
	.byte 0x28, 0x68, 0x78, 0x30, 0x1F, 0x49, 0x00, 0x22, 0x16, 0xF7, 0xD8, 0xFE, 0x28, 0x68, 0x78, 0x30
	.byte 0x1D, 0x49, 0x43, 0x46, 0xDA, 0x6A, 0x16, 0xF7, 0xD1, 0xFE, 0x1C, 0x4C, 0xBD, 0x21, 0x49, 0x00
	.byte 0x60, 0x18, 0x01, 0x88, 0x20, 0x20, 0x08, 0x40, 0x00, 0x28, 0x05, 0xD1, 0x28, 0x68, 0x78, 0x30
	.byte 0x17, 0x49, 0x00, 0x22, 0x16, 0xF7, 0xC2, 0xFE, 0x71, 0x88, 0x10, 0x20, 0x08, 0x40, 0x00, 0x28
	.byte 0x2A, 0xD1, 0x14, 0x48, 0xFF, 0xF7, 0xF6, 0xFB, 0x2A, 0x68, 0x10, 0x6F, 0x80, 0x21, 0x89, 0x00
	.byte 0x08, 0x43, 0x01, 0x21, 0x08, 0x43, 0x10, 0x67, 0x10, 0x1C, 0xDC, 0x30, 0x00, 0x68, 0xE0, 0x32
	.byte 0x11, 0x68, 0xF6, 0xF7, 0xED, 0xF8, 0xFF, 0xF7, 0xF7, 0xFB, 0x57, 0xE0, 0xA0, 0x9B, 0x03, 0x02
	.byte 0xAC, 0xC7, 0x03, 0x02, 0xB4, 0x4F, 0x03, 0x02, 0xB8, 0x4F, 0x03, 0x02, 0xD0, 0x70, 0xEF, 0x09
	.byte 0x90, 0xC5, 0x03, 0x02, 0xD4, 0x26, 0xEE, 0x09, 0x78, 0x6B, 0xEF, 0x09, 0xB0, 0x9B, 0x03, 0x02
	.byte 0x6C, 0x6F, 0xEF, 0x09, 0xF1, 0x9A, 0x0E, 0x08, 0x20, 0x78, 0x00, 0x28, 0x2E, 0xD0, 0x60, 0x69
	.byte 0xA1, 0x69, 0xE2, 0x69, 0x89, 0x18, 0xF6, 0xF7, 0xCB, 0xF8, 0x0F, 0x21, 0x61, 0x56, 0x01, 0x20
	.byte 0x40, 0x42, 0x81, 0x42, 0x16, 0xD0, 0x07, 0x4A, 0x11, 0x88, 0x07, 0x48, 0x08, 0x40, 0x10, 0x80
	.byte 0x28, 0x68, 0x78, 0x30, 0x05, 0x49, 0x00, 0x22, 0x16, 0xF7, 0x78, 0xFE, 0x04, 0x48, 0xFF, 0xF7
	.byte 0xB1, 0xFB, 0x23, 0xE0, 0x00, 0x75, 0x00, 0x03, 0xFF, 0xEF, 0x00, 0x00, 0x48, 0x6B, 0xEF, 0x09
	.byte 0x29, 0x9E, 0x0E, 0x08, 0x28, 0x68, 0x78, 0x30, 0xE9, 0xF7, 0x6E, 0xFC, 0x38, 0x60, 0x02, 0x48
	.byte 0xFF, 0xF7, 0xA0, 0xFB, 0x12, 0xE0, 0x00, 0x00, 0x7D, 0x9B, 0x0E, 0x08, 0x28, 0x68, 0x78, 0x30
	.byte 0xE9, 0xF7, 0x62, 0xFC, 0x38, 0x60, 0x29, 0x68, 0x08, 0x1C, 0xDC, 0x30, 0x00, 0x68, 0xE0, 0x31
	.byte 0x09, 0x68, 0xF6, 0xF7, 0x95, 0xF8, 0x0C, 0x48, 0xFF, 0xF7, 0x8C, 0xFB, 0xF5, 0xF7, 0x80, 0xFF
	.byte 0x32, 0xF7, 0xC2, 0xFC, 0x09, 0x48, 0x00, 0x68, 0x1C, 0xF7, 0xFA, 0xF9, 0x43, 0x46, 0x18, 0x8F
	.byte 0x35, 0xF0, 0xAE, 0xFE, 0x00, 0x20, 0x10, 0x21, 0x1B, 0xF7, 0xC6, 0xFF, 0x08, 0xBC, 0x98, 0x46
	.byte 0xF0, 0xBC, 0x01, 0xBC, 0x00, 0x47, 0x00, 0x00, 0x7D, 0x9B, 0x0E, 0x08, 0x80, 0x74, 0x00, 0x03
	.byte 0x00, 0xB5, 0x04, 0x48, 0x00, 0x68, 0x33, 0xF0, 0xFF, 0xF9, 0x32, 0xF7, 0x65, 0xFD, 0x01, 0xBC
	.byte 0x00, 0x47, 0x00, 0x00, 0xB0, 0x4F, 0x03, 0x02, 0x00, 0xB5, 0xF6, 0xF7, 0x59, 0xFB, 0xFE, 0xF7
	.byte 0x2D, 0xFA, 0x05, 0x48, 0x00, 0x68, 0x16, 0xF7, 0xF9, 0xFB, 0x04, 0x48, 0x00, 0x68, 0x16, 0xF7
	.byte 0xF5, 0xFB, 0x01, 0xBC, 0x00, 0x47, 0x00, 0x00, 0xA0, 0x9B, 0x03, 0x02, 0xAC, 0xC7, 0x03, 0x02
	thumb_func_start func_080EA1E8
func_080EA1E8: @ 080EA1E8
	ldr r1, _080EA1F0 @ =0x02034FD4
	str r0, [r1, #0x00]
	bx lr
	.byte 0x00, 0x00
_080EA1F0: .4byte 0x02034FD4
	thumb_func_start func_080EA1F4
func_080EA1F4: @ 080EA1F4
	push {lr}
	bl func_080EA1E8
	ldr r0, _080EA208 @ =0x02034FD4
	ldr r0, [r0, #0x00]
	bl _0811D5B0
	pop {r0}
	bx r0
	.byte 0x00, 0x00
_080EA208: .4byte 0x02034FD4
	.byte 0x06, 0x4A, 0x91, 0x68, 0x08, 0x20, 0x01, 0x40, 0x05, 0x4B, 0x00, 0x29, 0x1E, 0xD0, 0x98, 0x79
	.byte 0xFD, 0x28, 0x09, 0xD1, 0x03, 0x48, 0x80, 0x68, 0x3E, 0xE0, 0x00, 0x00, 0xB0, 0x9B, 0x03, 0x02
	.byte 0x90, 0xC5, 0x03, 0x02, 0x70, 0x83, 0xEF, 0x09, 0xFE, 0x28, 0x0F, 0xD1, 0x0E, 0x20, 0x10, 0x56
	.byte 0x00, 0x28, 0x05, 0xD0, 0x01, 0x48, 0x40, 0x68, 0x2E, 0xE0, 0x00, 0x00, 0x70, 0x83, 0xEF, 0x09
	.byte 0x01, 0x48, 0x40, 0x69, 0x28, 0xE0, 0x00, 0x00, 0x70, 0x83, 0xEF, 0x09, 0x98, 0x79, 0xFD, 0x28
	.byte 0x0E, 0xD1, 0x0E, 0x20, 0x10, 0x56, 0x0C, 0x28, 0x04, 0xD0, 0x01, 0x48, 0x80, 0x68, 0x1B, 0xE0
	.byte 0x70, 0x83, 0xEF, 0x09, 0x01, 0x48, 0xC0, 0x68, 0x16, 0xE0, 0x00, 0x00, 0x70, 0x83, 0xEF, 0x09
	.byte 0xFE, 0x28, 0x0F, 0xD1, 0x0E, 0x20, 0x10, 0x56, 0x00, 0x28, 0x05, 0xD0, 0x01, 0x48, 0x40, 0x68
	.byte 0x0A, 0xE0, 0x00, 0x00, 0x70, 0x83, 0xEF, 0x09, 0x01, 0x48, 0x00, 0x68, 0x04, 0xE0, 0x00, 0x00
	.byte 0x70, 0x83, 0xEF, 0x09, 0x01, 0x48, 0x00, 0x69, 0x70, 0x47, 0x00, 0x00, 0x70, 0x83, 0xEF, 0x09
	.byte 0x30, 0xB5, 0x0E, 0x4C, 0xA0, 0x79, 0xFC, 0x28, 0x00, 0xD1, 0x98, 0xE0, 0x0C, 0x4A, 0x90, 0x68
	.byte 0x08, 0x21, 0x08, 0x40, 0x00, 0x28, 0x19, 0xD0, 0x20, 0x78, 0x14, 0x28, 0x08, 0xD0, 0x14, 0x28
	.byte 0x00, 0xDA, 0x8C, 0xE0, 0x18, 0x28, 0x00, 0xDD, 0x89, 0xE0, 0x16, 0x28, 0x00, 0xDA, 0x86, 0xE0
	.byte 0x04, 0x48, 0x00, 0x68, 0x78, 0x30, 0x04, 0x49, 0x60, 0xE0, 0x00, 0x00, 0x90, 0xC5, 0x03, 0x02
	.byte 0xB0, 0x9B, 0x03, 0x02, 0xA0, 0x9B, 0x03, 0x02, 0x54, 0x6F, 0xEF, 0x09, 0xBE, 0x20, 0x40, 0x00
	.byte 0x15, 0x18, 0x29, 0x88, 0x02, 0x20, 0x08, 0x40, 0x00, 0x28, 0x06, 0xD0, 0x0F, 0x48, 0x00, 0x68
	.byte 0x78, 0x30, 0x0F, 0x49, 0x00, 0x22, 0x16, 0xF7, 0x7F, 0xFD, 0x29, 0x88, 0x01, 0x20, 0x08, 0x40
	.byte 0x00, 0x28, 0x06, 0xD0, 0x09, 0x48, 0x00, 0x68, 0x78, 0x30, 0x0A, 0x49, 0x00, 0x22, 0x16, 0xF7
	.byte 0x73, 0xFD, 0xA0, 0x79, 0xFD, 0x28, 0x5A, 0xD1, 0x20, 0x78, 0x17, 0x38, 0x04, 0x28, 0x56, 0xD8
	.byte 0x80, 0x00, 0x05, 0x49, 0x40, 0x18, 0x00, 0x68, 0x87, 0x46, 0x00, 0x00, 0xA0, 0x9B, 0x03, 0x02
	.byte 0xF4, 0x6E, 0xEF, 0x09, 0x0C, 0x6F, 0xEF, 0x09, 0x58, 0xA3, 0x0E, 0x08, 0x6C, 0xA3, 0x0E, 0x08
	.byte 0x6C, 0xA3, 0x0E, 0x08, 0x80, 0xA3, 0x0E, 0x08, 0x80, 0xA3, 0x0E, 0x08, 0xC4, 0xA3, 0x0E, 0x08
	.byte 0x03, 0x48, 0x80, 0x7B, 0x00, 0x06, 0x00, 0x16, 0x0B, 0x28, 0x38, 0xD1, 0x0C, 0xE0, 0x00, 0x00
	.byte 0xB0, 0x9B, 0x03, 0x02, 0x0B, 0x49, 0x0E, 0x20, 0x08, 0x56, 0x0B, 0x28, 0x2F, 0xD1, 0x0A, 0x4A
	.byte 0x88, 0x18, 0x00, 0x78, 0x00, 0x28, 0x2A, 0xD1, 0x08, 0x4C, 0x20, 0x68, 0x78, 0x30, 0x08, 0x49
	.byte 0x00, 0x22, 0x16, 0xF7, 0x39, 0xFD, 0x20, 0x68, 0x78, 0x30, 0x06, 0x49, 0x00, 0x22, 0x16, 0xF7
	.byte 0x33, 0xFD, 0x1C, 0xE0, 0xB0, 0x9B, 0x03, 0x02, 0xB7, 0x01, 0x00, 0x00, 0xA0, 0x9B, 0x03, 0x02
	.byte 0x24, 0x6F, 0xEF, 0x09, 0x3C, 0x6F, 0xEF, 0x09, 0x0A, 0x48, 0x80, 0x7B, 0x00, 0x06, 0x00, 0x16
	.byte 0x0C, 0x28, 0x0C, 0xD1, 0x08, 0x4C, 0x20, 0x68, 0x78, 0x30, 0x08, 0x49, 0x00, 0x22, 0x16, 0xF7
	.byte 0x1B, 0xFD, 0x20, 0x68, 0x78, 0x30, 0x06, 0x49, 0x00, 0x22, 0x16, 0xF7, 0x15, 0xFD, 0x30, 0xBC
	.byte 0x01, 0xBC, 0x00, 0x47, 0xB0, 0x9B, 0x03, 0x02, 0xA0, 0x9B, 0x03, 0x02, 0x24, 0x6F, 0xEF, 0x09
	.byte 0x3C, 0x6F, 0xEF, 0x09, 0x03, 0x4A, 0x51, 0x88, 0x02, 0x20, 0x08, 0x40, 0x00, 0x28, 0x03, 0xD0
	.byte 0xFF, 0x20, 0x22, 0xE0, 0x90, 0xC5, 0x03, 0x02, 0x06, 0x48, 0x80, 0x68, 0x08, 0x21, 0x08, 0x40
	.byte 0x00, 0x28, 0x16, 0xD0, 0x10, 0x79, 0x09, 0x28, 0x0D, 0xD0, 0x09, 0x28, 0x04, 0xDC, 0x08, 0x28
	.byte 0x07, 0xD0, 0xED, 0xE7, 0xB0, 0x9B, 0x03, 0x02, 0x0B, 0x28, 0x06, 0xD0, 0x0C, 0x28, 0x06, 0xD0
	.byte 0xE6, 0xE7, 0x97, 0x20, 0x09, 0xE0, 0xB1, 0x20, 0x07, 0xE0, 0xBA, 0x20, 0x05, 0xE0, 0xC0, 0x20
	.byte 0x03, 0xE0, 0x02, 0x48, 0x11, 0x79, 0x09, 0x18, 0x08, 0x78, 0x70, 0x47, 0xB0, 0x6A, 0xEF, 0x09
	.byte 0x03, 0x48, 0x41, 0x88, 0x01, 0x20, 0x08, 0x40, 0x00, 0x28, 0x03, 0xD0, 0xFF, 0x20, 0x12, 0xE0
	.byte 0x90, 0xC5, 0x03, 0x02, 0x03, 0x4A, 0x90, 0x68, 0x08, 0x21, 0x08, 0x40, 0x00, 0x28, 0x05, 0xD1
	.byte 0x01, 0x48, 0x04, 0xE0, 0xB0, 0x9B, 0x03, 0x02, 0xF8, 0xB8, 0x84, 0x09, 0x02, 0x48, 0x0E, 0x21
	.byte 0x51, 0x56, 0x09, 0x18, 0x08, 0x78, 0x70, 0x47, 0x05, 0xB9, 0x84, 0x09, 0x30, 0xB5, 0x06, 0x4D
	.byte 0x28, 0x68, 0x02, 0x68, 0x80, 0x20, 0x40, 0x00, 0x10, 0x40, 0x00, 0x28, 0x08, 0xD0, 0x03, 0x48
	.byte 0xFF, 0xF7, 0xA2, 0xFE, 0x76, 0xE0, 0x00, 0x00, 0xAC, 0xC7, 0x03, 0x02, 0x8D, 0xA7, 0x0E, 0x08
	.byte 0xE0, 0x20, 0x00, 0x01, 0x10, 0x40, 0x00, 0x28, 0x1E, 0xD0, 0x00, 0x20, 0x10, 0x21, 0x1B, 0xF7
	.byte 0x5B, 0xFE, 0x04, 0x48, 0x80, 0x79, 0xFE, 0x28, 0x08, 0xD1, 0x03, 0x48, 0xFF, 0xF7, 0x8C, 0xFE
	.byte 0x60, 0xE0, 0x00, 0x00, 0x90, 0xC5, 0x03, 0x02, 0xCD, 0xA5, 0x0E, 0x08, 0xFD, 0x28, 0x05, 0xD1
	.byte 0x01, 0x48, 0xFF, 0xF7, 0x81, 0xFE, 0x55, 0xE0, 0x95, 0xA6, 0x0E, 0x08, 0x01, 0x48, 0xFF, 0xF7
	.byte 0x7B, 0xFE, 0x4F, 0xE0, 0xA9, 0xA5, 0x0E, 0x08, 0x05, 0x4C, 0x20, 0x68, 0x00, 0x6F, 0x80, 0x21
	.byte 0xC9, 0x02, 0x08, 0x40, 0x00, 0x28, 0x07, 0xD0, 0x02, 0x48, 0xFF, 0xF7, 0x6D, 0xFE, 0x41, 0xE0
	.byte 0xA0, 0x9B, 0x03, 0x02, 0xFD, 0xA7, 0x0E, 0x08, 0x80, 0x20, 0x80, 0x01, 0x02, 0x40, 0x00, 0x2A
	.byte 0x27, 0xD1, 0x1B, 0xF7, 0xF1, 0xFE, 0x00, 0x06, 0x00, 0x28, 0x2D, 0xD1, 0x13, 0x48, 0xBD, 0x21
	.byte 0x49, 0x00, 0x40, 0x18, 0x01, 0x88, 0x80, 0x20, 0x80, 0x00, 0x08, 0x40, 0x00, 0x28, 0x23, 0xD0
	.byte 0x20, 0x68, 0x00, 0x6F, 0x82, 0x21, 0xC9, 0x02, 0x08, 0x40, 0x00, 0x28, 0x1C, 0xD1, 0x28, 0x68
	.byte 0x00, 0x68, 0x04, 0x21, 0x08, 0x40, 0x00, 0x28, 0x16, 0xD1, 0x16, 0xF7, 0x13, 0xFF, 0x08, 0x21
	.byte 0x01, 0x40, 0x00, 0x29, 0x10, 0xD0, 0x20, 0x68, 0x78, 0x30, 0x05, 0x49, 0x00, 0x22, 0x16, 0xF7
	.byte 0x4B, 0xFC, 0x04, 0x48, 0xFF, 0xF7, 0x38, 0xFE, 0x0C, 0xE0, 0x00, 0x00, 0xB0, 0x9B, 0x03, 0x02
	.byte 0x48, 0x6B, 0xEF, 0x09, 0x31, 0xA7, 0x0E, 0x08, 0xF6, 0xF7, 0xF4, 0xF8, 0xF6, 0xF7, 0x42, 0xF9
	.byte 0x28, 0xF7, 0x02, 0xF8, 0x30, 0xBC, 0x01, 0xBC, 0x00, 0x47, 0x00, 0x00, 0x00, 0xB5, 0xF6, 0xF7
	.byte 0x39, 0xF9, 0x1B, 0xF7, 0xB1, 0xFE, 0x00, 0x06, 0x00, 0x28, 0x05, 0xD1, 0xF5, 0xF7, 0x40, 0xFA
	.byte 0x02, 0x48, 0x00, 0x21, 0x16, 0xF7, 0x84, 0xFD, 0x01, 0xBC, 0x00, 0x47, 0xA0, 0x6A, 0xEF, 0x09
	.byte 0x30, 0xB5, 0xF6, 0xF7, 0x27, 0xF9, 0x1B, 0xF7, 0x9F, 0xFE, 0x00, 0x06, 0x00, 0x28, 0x58, 0xD1
	.byte 0x15, 0x48, 0x00, 0x68, 0x00, 0x68, 0x80, 0x21, 0x89, 0x00, 0x08, 0x40, 0x00, 0x28, 0x4A, 0xD0
	.byte 0x12, 0x4D, 0x0E, 0x24, 0x2C, 0x57, 0xF5, 0xF7, 0xAD, 0xF8, 0x00, 0x06, 0x00, 0x0E, 0x84, 0x42
	.byte 0x10, 0xD1, 0xA8, 0x68, 0x81, 0x21, 0x49, 0x42, 0x08, 0x40, 0xA8, 0x60, 0xBE, 0x20, 0x40, 0x00
	.byte 0x2A, 0x18, 0x11, 0x88, 0x0A, 0x48, 0x08, 0x40, 0xBF, 0x23, 0x5B, 0x00, 0xE9, 0x18, 0x09, 0x88
	.byte 0x08, 0x43, 0x10, 0x80, 0x07, 0x49, 0x08, 0x79, 0x00, 0x28, 0x0F, 0xD1, 0xC8, 0x71, 0x06, 0x48
	.byte 0x00, 0x21, 0x16, 0xF7, 0x4D, 0xFD, 0x2C, 0xE0, 0xAC, 0xC7, 0x03, 0x02, 0xB0, 0x9B, 0x03, 0x02
	.byte 0x83, 0xFF, 0x00, 0x00, 0x90, 0xC5, 0x03, 0x02, 0x9C, 0x8F, 0xEF, 0x09, 0x0D, 0x28, 0x03, 0xD1
	.byte 0x87, 0x20, 0x77, 0xF7, 0xDD, 0xF8, 0x1C, 0xE0, 0xFF, 0xF7, 0xD4, 0xFE, 0x00, 0x06, 0x00, 0x0E
	.byte 0xFF, 0x28, 0x0B, 0xD0, 0x03, 0x48, 0x3C, 0x21, 0x01, 0x70, 0x03, 0x48, 0xFF, 0xF7, 0xC4, 0xFD
	.byte 0x0F, 0xE0, 0x00, 0x00, 0xD8, 0x4F, 0x03, 0x02, 0xD9, 0xA7, 0x0E, 0x08, 0xF5, 0xF7, 0xE0, 0xF9
	.byte 0xF5, 0xF7, 0x36, 0xFF, 0x05, 0xE0, 0xF5, 0xF7, 0x11, 0xFA, 0xF5, 0xF7, 0x9D, 0xF9, 0xF5, 0xF7
	.byte 0x2F, 0xFF, 0x30, 0xBC, 0x01, 0xBC, 0x00, 0x47, 0x10, 0xB5, 0xF6, 0xF7, 0xC3, 0xF8, 0x1B, 0xF7
	.byte 0x3B, 0xFE, 0x00, 0x06, 0x00, 0x28, 0x40, 0xD1, 0x09, 0x48, 0x00, 0x68, 0x00, 0x68, 0x80, 0x21
	.byte 0x89, 0x00, 0x08, 0x40, 0x00, 0x28, 0x1B, 0xD0, 0x06, 0x49, 0x08, 0x79, 0x0D, 0x28, 0x0D, 0xD0
	.byte 0xF5, 0xF7, 0xBE, 0xF9, 0x04, 0x48, 0x00, 0x21, 0x16, 0xF7, 0x02, 0xFD, 0x2D, 0xE0, 0x00, 0x00
	.byte 0xAC, 0xC7, 0x03, 0x02, 0x90, 0xC5, 0x03, 0x02, 0xA0, 0x6A, 0xEF, 0x09, 0x01, 0x20, 0xC8, 0x71
	.byte 0x02, 0x48, 0x02, 0x21, 0x16, 0xF7, 0xF4, 0xFC, 0x1F, 0xE0, 0x00, 0x00, 0x88, 0x3C, 0xEF, 0x09
	.byte 0xFF, 0xF7, 0xB6, 0xFE, 0x00, 0x06, 0x00, 0x0E, 0xFF, 0x28, 0x02, 0xD0, 0x77, 0xF7, 0x88, 0xF8
	.byte 0x13, 0xE0, 0x0B, 0x4C, 0x61, 0x88, 0x01, 0x20, 0x08, 0x40, 0x00, 0x28, 0x07, 0xD1, 0x01, 0x20
	.byte 0x08, 0x43, 0x60, 0x80, 0xF4, 0xF7, 0x98, 0xFD, 0x20, 0x78, 0x01, 0x30, 0x20, 0x70, 0xF5, 0xF7
	.byte 0xC5, 0xF9, 0xF5, 0xF7, 0x43, 0xF9, 0xF5, 0xF7, 0xE3, 0xFE, 0x10, 0xBC, 0x01, 0xBC, 0x00, 0x47
	.byte 0x90, 0xC5, 0x03, 0x02, 0x00, 0xB5, 0x10, 0x48, 0x00, 0x68, 0x00, 0x6F, 0x80, 0x21, 0x89, 0x01
	.byte 0x08, 0x40, 0x00, 0x28, 0x1E, 0xD1, 0x0D, 0x48, 0x00, 0x68, 0x00, 0x68, 0x08, 0x40, 0x00, 0x28
	.byte 0x18, 0xD1, 0x00, 0x20, 0x03, 0x21, 0x1F, 0x22, 0x0E, 0x23, 0x1A, 0xF7, 0x8D, 0xFC, 0x00, 0x20
	.byte 0x00, 0x21, 0x1A, 0xF7, 0x33, 0xFF, 0xFF, 0xF7, 0x53, 0xFD, 0xC0, 0x6A, 0xFA, 0xF7, 0xA4, 0xFF
	.byte 0x03, 0x48, 0xFF, 0xF7, 0x41, 0xFD, 0x09, 0xE0, 0xA0, 0x9B, 0x03, 0x02, 0xAC, 0xC7, 0x03, 0x02
	.byte 0x99, 0xA4, 0x0E, 0x08, 0xF5, 0xF7, 0xFE, 0xFF, 0xF6, 0xF7, 0x4C, 0xF8, 0x01, 0xBC, 0x00, 0x47
	.byte 0x10, 0xB5, 0x0C, 0x4C, 0x20, 0x68, 0x00, 0x68, 0x80, 0x21, 0x49, 0x00, 0x08, 0x40, 0x00, 0x28
	.byte 0x14, 0xD1, 0x02, 0x20, 0x3C, 0x21, 0x1B, 0xF7, 0xEF, 0xFC, 0x1B, 0xF7, 0xFF, 0xFD, 0x22, 0x68
	.byte 0x10, 0x68, 0x80, 0x21, 0x89, 0x00, 0x08, 0x43, 0x10, 0x60, 0x03, 0x48, 0xFF, 0xF7, 0x1C, 0xFD
	.byte 0x08, 0xE0, 0x00, 0x00, 0xAC, 0xC7, 0x03, 0x02, 0xCD, 0xA5, 0x0E, 0x08, 0xF5, 0xF7, 0xDA, 0xFF
	.byte 0xF6, 0xF7, 0x28, 0xF8, 0x10, 0xBC, 0x01, 0xBC, 0x00, 0x47, 0x00, 0x00, 0x00, 0xB5, 0x03, 0x49
	.byte 0x08, 0x78, 0x00, 0x28, 0x04, 0xD0, 0x01, 0x38, 0x08, 0x70, 0x07, 0xE0, 0xD8, 0x4F, 0x03, 0x02
	.byte 0xFF, 0xF7, 0x08, 0xFE, 0x00, 0x06, 0x00, 0x0E, 0x77, 0xF7, 0x0A, 0xF8, 0x01, 0xBC, 0x00, 0x47
	.byte 0x00, 0xB5, 0x07, 0x48, 0x00, 0x68, 0x02, 0x6F, 0x10, 0x20, 0x10, 0x40, 0x00, 0x28, 0x0B, 0xD0
	.byte 0x00, 0x20, 0x10, 0x21, 0x1B, 0xF7, 0xB8, 0xFC, 0x02, 0x48, 0xFF, 0xF7, 0xED, 0xFC, 0x21, 0xE0
	.byte 0xA0, 0x9B, 0x03, 0x02, 0xA9, 0xA5, 0x0E, 0x08, 0x80, 0x21, 0xC9, 0x02, 0x11, 0x40, 0x00, 0x29
	.byte 0x12, 0xD1, 0x07, 0x48, 0x01, 0x80, 0x00, 0x20, 0x00, 0x21, 0x1A, 0xF7, 0xC7, 0xFE, 0xFF, 0xF7
	.byte 0xE7, 0xFC, 0xC0, 0x6A, 0xFA, 0xF7, 0x38, 0xFF, 0x02, 0x48, 0xFF, 0xF7, 0xD5, 0xFC, 0x09, 0xE0
	.byte 0x54, 0x75, 0x00, 0x03, 0x99, 0xA4, 0x0E, 0x08, 0xF5, 0xF7, 0x94, 0xFF, 0xF5, 0xF7, 0xE2, 0xFF
	.byte 0x27, 0xF7, 0xA2, 0xFE, 0x01, 0xBC, 0x00, 0x47, 0x70, 0xB5, 0x18, 0x4C, 0xE8, 0x20, 0x16, 0xF7
	.byte 0x55, 0xF8, 0x20, 0x60, 0x16, 0x4C, 0x44, 0x20, 0x16, 0xF7, 0x50, 0xF8, 0x20, 0x60, 0x15, 0x4C
	.byte 0xC0, 0x20, 0x40, 0x00, 0x16, 0xF7, 0x4A, 0xF8, 0x20, 0x60, 0xF4, 0xF7, 0x4B, 0xFB, 0x1A, 0xF7
	.byte 0x91, 0xFA, 0x11, 0x48, 0x80, 0x79, 0xFE, 0x28, 0x20, 0xD1, 0x03, 0x20, 0x00, 0x21, 0x1C, 0x22
	.byte 0x00, 0x23, 0x1A, 0xF7, 0xE9, 0xFB, 0x02, 0x20, 0x00, 0x21, 0x1D, 0x22, 0x00, 0x23, 0x1A, 0xF7
	.byte 0xE3, 0xFB, 0x01, 0x20, 0x00, 0x21, 0x1E, 0x22, 0x00, 0x23, 0x1A, 0xF7, 0xDD, 0xFB, 0x00, 0x20
	.byte 0x03, 0x21, 0x1F, 0x22, 0x0E, 0x23, 0x1A, 0xF7, 0xD7, 0xFB, 0x1F, 0xE0, 0xA0, 0x9B, 0x03, 0x02
	.byte 0xAC, 0xC7, 0x03, 0x02, 0xB8, 0xC7, 0x03, 0x02, 0x90, 0xC5, 0x03, 0x02, 0x03, 0x20, 0x00, 0x21
	.byte 0x1C, 0x22, 0x00, 0x23, 0x1A, 0xF7, 0xC8, 0xFB, 0x02, 0x20, 0x00, 0x21, 0x1D, 0x22, 0x00, 0x23
	.byte 0x1A, 0xF7, 0xC2, 0xFB, 0x01, 0x20, 0x02, 0x21, 0x1E, 0x22, 0x00, 0x23, 0x1A, 0xF7, 0xBC, 0xFB
	.byte 0x00, 0x20, 0x03, 0x21, 0x1F, 0x22, 0x0E, 0x23, 0x1A, 0xF7, 0xB6, 0xFB, 0x03, 0x20, 0x03, 0x21
	.byte 0x1A, 0xF7, 0x5C, 0xFE, 0x02, 0x20, 0x03, 0x21, 0x1A, 0xF7, 0x58, 0xFE, 0x01, 0x20, 0x01, 0x21
	.byte 0x1A, 0xF7, 0x54, 0xFE, 0x00, 0x20, 0x00, 0x21, 0x1A, 0xF7, 0x50, 0xFE, 0x00, 0x20, 0x00, 0x21
	.byte 0x00, 0x22, 0x1A, 0xF7, 0x23, 0xFF, 0xF5, 0xF7, 0x11, 0xFE, 0x27, 0xF7, 0xA1, 0xFC, 0x13, 0x4B
	.byte 0x1A, 0x68, 0x10, 0x68, 0x80, 0x21, 0x09, 0x06, 0x08, 0x43, 0x10, 0x60, 0x00, 0x21, 0x1A, 0x20
	.byte 0x10, 0x73, 0x18, 0x68, 0x41, 0x73, 0xFF, 0xF7, 0x5B, 0xFC, 0x06, 0x1C, 0x0C, 0x4C, 0x20, 0x68
	.byte 0x78, 0x30, 0x0C, 0x49, 0x32, 0x1C, 0x16, 0xF7, 0x57, 0xFA, 0xF0, 0x6A, 0xFA, 0xF7, 0xA4, 0xFE
	.byte 0x09, 0x48, 0x80, 0x68, 0x08, 0x21, 0x08, 0x40, 0x00, 0x28, 0x11, 0xD0, 0x20, 0x68, 0x8C, 0x30
	.byte 0x06, 0x49, 0x00, 0x22, 0x16, 0xF7, 0x48, 0xFA, 0x10, 0xE0, 0x00, 0x00, 0xAC, 0xC7, 0x03, 0x02
	.byte 0xA0, 0x9B, 0x03, 0x02, 0x18, 0x6B, 0xEF, 0x09, 0xB0, 0x9B, 0x03, 0x02, 0x78, 0xAF, 0xED, 0x09
	.byte 0x20, 0x68, 0x8C, 0x30, 0x22, 0x49, 0x00, 0x22, 0x16, 0xF7, 0x36, 0xFA, 0x21, 0x4D, 0x28, 0x68
	.byte 0x78, 0x30, 0x21, 0x49, 0x00, 0x22, 0x16, 0xF7, 0x2F, 0xFA, 0x20, 0x4C, 0x61, 0x88, 0x80, 0x20
	.byte 0x40, 0x00, 0x08, 0x40, 0x00, 0x28, 0x08, 0xD0, 0x1D, 0x48, 0x08, 0x40, 0x60, 0x80, 0x28, 0x68
	.byte 0x78, 0x30, 0x1C, 0x49, 0x00, 0x22, 0x16, 0xF7, 0x1F, 0xFA, 0xA0, 0x79, 0xFC, 0x28, 0x05, 0xD1
	.byte 0x28, 0x68, 0x78, 0x30, 0x18, 0x49, 0x00, 0x22, 0x16, 0xF7, 0x16, 0xFA, 0xFF, 0xF7, 0x60, 0xFC
	.byte 0x16, 0x4C, 0x20, 0x78, 0x00, 0x28, 0x39, 0xD0, 0x60, 0x69, 0xA1, 0x69, 0xE2, 0x69, 0x89, 0x18
	.byte 0xF5, 0xF7, 0x4C, 0xFC, 0x0F, 0x21, 0x61, 0x56, 0x01, 0x20, 0x40, 0x42, 0x81, 0x42, 0x27, 0xD0
	.byte 0x0F, 0x4A, 0x11, 0x88, 0x0F, 0x48, 0x08, 0x40, 0x10, 0x80, 0x28, 0x68, 0x78, 0x30, 0x0E, 0x49
	.byte 0x00, 0x22, 0x16, 0xF7, 0xF9, 0xF9, 0x0D, 0x48, 0xFF, 0xF7, 0xE0, 0xFB, 0x29, 0xE0, 0x00, 0x00
	.byte 0x60, 0xAF, 0xED, 0x09, 0xA0, 0x9B, 0x03, 0x02, 0xD4, 0x26, 0xEE, 0x09, 0x90, 0xC5, 0x03, 0x02
	.byte 0xFF, 0xFE, 0x00, 0x00, 0x30, 0x70, 0xEF, 0x09, 0x9C, 0x6C, 0xEF, 0x09, 0xB0, 0x9B, 0x03, 0x02
	.byte 0x00, 0x75, 0x00, 0x03, 0xFF, 0xEF, 0x00, 0x00, 0x48, 0x6B, 0xEF, 0x09, 0x31, 0xA7, 0x0E, 0x08
	.byte 0x01, 0x48, 0xFF, 0xF7, 0xC3, 0xFB, 0x0C, 0xE0, 0x99, 0xA4, 0x0E, 0x08, 0x29, 0x68, 0x08, 0x1C
	.byte 0xDC, 0x30, 0x00, 0x68, 0xE0, 0x31, 0x09, 0x68, 0xF5, 0xF7, 0x10, 0xFC, 0x0F, 0x48, 0xFF, 0xF7
	.byte 0xB5, 0xFB, 0xFA, 0xF7, 0xBF, 0xFE, 0x32, 0xF7, 0x3D, 0xF8, 0x0D, 0x48, 0x00, 0x68, 0x1B, 0xF7
	.byte 0x75, 0xFD, 0xB0, 0x8E, 0x35, 0xF0, 0x2A, 0xFA, 0x0A, 0x4A, 0x51, 0x88, 0x80, 0x20, 0x08, 0x40
	.byte 0x00, 0x28, 0x13, 0xD0, 0x08, 0x48, 0x08, 0x40, 0x50, 0x80, 0x10, 0x20, 0x0F, 0x21, 0x1B, 0xF7
	.byte 0xF3, 0xFC, 0x00, 0x20, 0x10, 0x21, 0x1B, 0xF7, 0x35, 0xFB, 0x0B, 0xE0, 0x99, 0xA4, 0x0E, 0x08
	.byte 0x80, 0x74, 0x00, 0x03, 0x90, 0xC5, 0x03, 0x02, 0x7F, 0xFF, 0x00, 0x00, 0x00, 0x20, 0x10, 0x21
	.byte 0x1B, 0xF7, 0x28, 0xFB, 0x70, 0xBC, 0x01, 0xBC, 0x00, 0x47, 0x00, 0x00, 0x00, 0xB5, 0x04, 0x48
	.byte 0x00, 0x68, 0x32, 0xF0, 0x67, 0xFD, 0x32, 0xF7, 0xCD, 0xF8, 0x01, 0xBC, 0x00, 0x47, 0x00, 0x00
	.byte 0xD4, 0x4F, 0x03, 0x02, 0x00, 0xB5, 0xF5, 0xF7, 0xC1, 0xFE, 0x07, 0x48, 0x00, 0x68, 0x15, 0xF7
	.byte 0x63, 0xFF, 0x06, 0x48, 0x00, 0x68, 0x15, 0xF7, 0x5F, 0xFF, 0x05, 0x48, 0x00, 0x68, 0x15, 0xF7
	.byte 0x5B, 0xFF, 0x01, 0xBC, 0x00, 0x47, 0x00, 0x00, 0xA0, 0x9B, 0x03, 0x02, 0xAC, 0xC7, 0x03, 0x02
	.byte 0xB8, 0xC7, 0x03, 0x02
	thumb_func_start func_080EAB20
func_080EAB20: @ 080EAB20
	push {r4, r5, lr}
	lsls r0, r0, #0x18
	lsrs r5, r0, #0x18
	lsls r1, r1, #0x18
	lsls r2, r2, #0x18
	lsrs r2, r2, #0x18
	adds r3, r2, #0x0
	movs r0, #0x01
	ands r5, r0
	cmp r1, #0x00
	beq _080EAB64
	ldr r0, _080EAB4C @ =0x02039BB0
	ldr r0, [r0, #0x08]
	movs r1, #0x08
	ands r0, r1
	cmp r0, #0x00
	beq _080EAB54
	lsls r0, r2, #0x02
	adds r0, r0, r2
	lsls r0, r0, #0x06
	ldr r1, _080EAB50 @ =0x09963D64
	b _080EAB8C
_080EAB4C: .4byte 0x02039BB0
_080EAB50: .4byte 0x09963D64
_080EAB54:
	lsls r0, r2, #0x02
	adds r0, r0, r2
	lsls r0, r0, #0x06
	ldr r1, _080EAB60 @ =0x09961A64
	b _080EAB8C
	.byte 0x00, 0x00
_080EAB60: .4byte 0x09961A64
_080EAB64:
	ldr r0, _080EAB7C @ =0x02039BB0
	ldr r0, [r0, #0x08]
	movs r1, #0x08
	ands r0, r1
	cmp r0, #0x00
	beq _080EAB84
	lsls r0, r2, #0x02
	adds r0, r0, r2
	lsls r0, r0, #0x06
	ldr r1, _080EAB80 @ =0x09964EE4
	b _080EAB8C
	.byte 0x00, 0x00
_080EAB7C: .4byte 0x02039BB0
_080EAB80: .4byte 0x09964EE4
_080EAB84:
	lsls r0, r3, #0x02
	adds r0, r0, r3
	lsls r0, r0, #0x06
	ldr r1, _080EABB4 @ =0x09962BE4
_080EAB8C:
	adds r4, r0, r1
	movs r0, #0x01
	bl func_08005130
	adds r1, r0, #0x0
	lsls r0, r5, #0x02
	adds r0, r0, r5
	lsls r0, r0, #0x02
	subs r0, r0, r5
	lsls r0, r0, #0x05
	movs r2, #0xA0
	lsls r2, r2, #0x01
	adds r0, r0, r2
	adds r1, r1, r0
	adds r0, r4, #0x0
	bl func_080043B4
	pop {r4, r5}
	pop {r0}
	bx r0
_080EABB4: .4byte 0x09962BE4
	thumb_func_start func_080EABB8
func_080EABB8: @ 080EABB8
	push {r4, r5, r6, r7, lr}
	mov r7, r8
	push {r7}
	add sp, #-0x008
	adds r5, r0, #0x0
	adds r4, r1, #0x0
	lsls r5, r5, #0x18
	lsrs r5, r5, #0x18
	lsls r4, r4, #0x10
	lsrs r4, r4, #0x10
	movs r0, #0x01
	ands r5, r0
	mov r6, sp
	movs r0, #0x64
	mov r8, r0
	adds r0, r4, #0x0
	movs r1, #0x64
	bl _0811D754
	strh r0, [r6, #0x00]
	mov r6, sp
	adds r0, r4, #0x0
	movs r1, #0x0A
	bl _0811D754
	mov r1, sp
	ldrh r2, [r1, #0x00]
	lsls r1, r2, #0x02
	adds r1, r1, r2
	lsls r1, r1, #0x01
	subs r0, r0, r1
	strh r0, [r6, #0x02]
	mov r2, sp
	mov r0, sp
	ldrh r0, [r0, #0x00]
	mov r1, r8
	muls r1, r0
	adds r0, r1, #0x0
	subs r4, r4, r0
	mov r0, sp
	ldrh r1, [r0, #0x02]
	lsls r0, r1, #0x02
	adds r0, r0, r1
	lsls r0, r0, #0x01
	subs r4, r4, r0
	strh r4, [r2, #0x04]
	movs r6, #0x01
	lsls r0, r5, #0x02
	adds r0, r0, r5
	lsls r0, r0, #0x02
	subs r0, r0, r5
	lsls r0, r0, #0x05
	adds r7, r0, #0x0
	adds r7, #0x20
	mov r5, sp
	adds r5, #0x02
_080EAC28:
	ldrh r4, [r5, #0x00]
	lsls r4, r4, #0x05
	ldr r0, _080EAC5C @ =0x09966064
	adds r4, r4, r0
	movs r0, #0x01
	bl func_08005130
	adds r1, r0, #0x0
	adds r1, r1, r7
	lsls r0, r6, #0x05
	adds r1, r1, r0
	adds r0, r4, #0x0
	movs r2, #0x20
	bl func_080043B4
	adds r5, #0x02
	adds r6, #0x01
	cmp r6, #0x02
	ble _080EAC28
	add sp, #0x008
	pop {r3}
	mov r8, r3
	pop {r4, r5, r6, r7}
	pop {r0}
	bx r0
	.byte 0x00, 0x00
_080EAC5C: .4byte 0x09966064
	thumb_func_start func_080EAC60
func_080EAC60: @ 080EAC60
	push {r4, r5, r6, r7, lr}
	mov r7, r8
	push {r7}
	add sp, #-0x00C
	adds r6, r0, #0x0
	adds r5, r1, #0x0
	lsls r6, r6, #0x18
	lsrs r6, r6, #0x18
	movs r0, #0x01
	ands r6, r0
	movs r1, #0xE1
	lsls r1, r1, #0x04
	adds r0, r5, #0x0
	bl _0811D754
	adds r4, r0, #0x0
	mov r8, sp
	movs r1, #0x0A
	bl _0811D754
	mov r1, r8
	strh r0, [r1, #0x00]
	mov r2, sp
	mov r0, sp
	ldrh r1, [r0, #0x00]
	lsls r0, r1, #0x02
	adds r0, r0, r1
	lsls r0, r0, #0x01
	subs r0, r4, r0
	strh r0, [r2, #0x02]
	lsls r0, r4, #0x03
	subs r0, r0, r4
	lsls r0, r0, #0x05
	adds r0, r0, r4
	lsls r0, r0, #0x04
	subs r5, r5, r0
	adds r0, r5, #0x0
	movs r1, #0x3C
	bl _0811D754
	adds r4, r0, #0x0
	mov r8, sp
	movs r1, #0x0A
	bl _0811D754
	mov r1, r8
	strh r0, [r1, #0x04]
	mov r2, sp
	mov r0, sp
	ldrh r1, [r0, #0x04]
	lsls r0, r1, #0x02
	adds r0, r0, r1
	lsls r0, r0, #0x01
	subs r0, r4, r0
	strh r0, [r2, #0x06]
	lsls r0, r4, #0x04
	subs r0, r0, r4
	lsls r0, r0, #0x02
	subs r5, r5, r0
	mov r4, sp
	adds r0, r5, #0x0
	movs r1, #0x0A
	bl _0811D754
	strh r0, [r4, #0x08]
	mov r2, sp
	mov r0, sp
	ldrh r1, [r0, #0x08]
	lsls r0, r1, #0x02
	adds r0, r0, r1
	lsls r0, r0, #0x01
	subs r5, r5, r0
	strh r5, [r2, #0x0A]
	movs r7, #0x00
	lsls r0, r6, #0x02
	adds r0, r0, r6
	lsls r0, r0, #0x02
	subs r0, r0, r6
	lsls r0, r0, #0x05
	adds r6, r0, #0x0
	adds r6, #0x80
	mov r5, sp
_080EAD04:
	ldrh r4, [r5, #0x00]
	lsls r4, r4, #0x05
	ldr r0, _080EAD38 @ =0x09966064
	adds r4, r4, r0
	movs r0, #0x01
	bl func_08005130
	adds r1, r0, #0x0
	adds r1, r1, r6
	lsls r0, r7, #0x05
	adds r1, r1, r0
	adds r0, r4, #0x0
	movs r2, #0x20
	bl func_080043B4
	adds r5, #0x02
	adds r7, #0x01
	cmp r7, #0x05
	ble _080EAD04
	add sp, #0x00C
	pop {r3}
	mov r8, r3
	pop {r4, r5, r6, r7}
	pop {r0}
	bx r0
	.byte 0x00, 0x00
_080EAD38: .4byte 0x09966064
	thumb_func_start func_080EAD3C
func_080EAD3C: @ 080EAD3C
	push {r4, r5, lr}
	lsls r0, r0, #0x18
	lsrs r5, r0, #0x18
	lsls r1, r5, #0x03
	ldr r0, _080EAD5C @ =0x02039D6C
	adds r4, r1, r0
	ldrb r0, [r4, #0x02]
	cmp r0, #0x00
	bne _080EAD60
	adds r0, r5, #0x0
	movs r1, #0x00
	movs r2, #0x0D
	bl func_080EAB20
	movs r0, #0x00
	b _080EAD7C
_080EAD5C: .4byte 0x02039D6C
_080EAD60:
	ldrb r1, [r4, #0x02]
	adds r0, r5, #0x0
	bl func_080EABB8
	ldr r1, [r4, #0x04]
	adds r0, r5, #0x0
	bl func_080EAC60
	ldrb r2, [r4, #0x00]
	adds r0, r5, #0x0
	movs r1, #0x00
	bl func_080EAB20
	movs r0, #0x01
_080EAD7C:
	pop {r4, r5}
	pop {r1}
	bx r1
	.byte 0x00, 0x00
	thumb_func_start func_080EAD84
func_080EAD84: @ 080EAD84
	push {r4, r5, r6, r7, lr}
	lsls r0, r0, #0x18
	lsrs r1, r0, #0x18
	adds r2, r1, #0x0
	ldr r6, _080EADE4 @ =0x02034FDC
	ldr r0, [r6, #0x00]
	ldr r7, _080EADE8 @ =0x0000033D
	adds r0, r0, r7
	ldrb r0, [r0, #0x00]
	cmp r0, #0x00
	beq _080EAD9C
	adds r2, r1, #0x2
_080EAD9C:
	lsls r0, r2, #0x18
	lsrs r3, r0, #0x18
	lsls r1, r3, #0x03
	ldr r0, _080EADEC @ =0x02039D6C
	adds r4, r1, r0
	ldrb r5, [r4, #0x02]
	cmp r5, #0x00
	beq _080EAE04
	ldrb r2, [r4, #0x00]
	adds r0, r3, #0x0
	movs r1, #0x01
	bl func_080EAB20
	ldrb r0, [r4, #0x01]
	bl func_080DF804
	ldr r1, [r6, #0x00]
	adds r1, #0x40
	bl func_08065B6C
	ldr r1, [r6, #0x00]
	movs r2, #0xB0
	lsls r2, r2, #0x01
	adds r1, r1, r2
	strb r0, [r1, #0x00]
	ldr r1, [r6, #0x00]
	adds r0, r1, r7
	ldrb r0, [r0, #0x00]
	cmp r0, #0x00
	bne _080EADF4
	ldr r0, [r1, #0x3C]
	ldrh r0, [r0, #0x06]
	ldr r1, _080EADF0 @ =0x09991C04
	bl func_08002BAC
	b _080EAE18
_080EADE4: .4byte 0x02034FDC
_080EADE8: .4byte 0x0000033D
_080EADEC: .4byte 0x02039D6C
_080EADF0: .4byte 0x09991C04
_080EADF4:
	ldr r0, [r1, #0x3C]
	ldrh r0, [r0, #0x06]
	ldr r1, _080EAE00 @ =0x09991C44
	bl func_08002BAC
	b _080EAE18
_080EAE00: .4byte 0x09991C44
_080EAE04:
	adds r0, r3, #0x0
	movs r1, #0x01
	movs r2, #0x0D
	bl func_080EAB20
	ldr r0, [r6, #0x00]
	movs r1, #0xB0
	lsls r1, r1, #0x01
	adds r0, r0, r1
	strb r5, [r0, #0x00]
_080EAE18:
	ldr r0, _080EAE40 @ =0x02034FDC
	ldr r1, [r0, #0x00]
	ldr r2, _080EAE44 @ =0x0000033E
	adds r0, r1, r2
	ldrb r0, [r0, #0x00]
	cmp r0, #0x00
	bne _080EAE6C
	subs r2, #0x01
	adds r0, r1, r2
	ldrb r0, [r0, #0x00]
	cmp r0, #0x00
	beq _080EAE4C
	ldr r1, _080EAE48 @ =0x0998E744
	movs r2, #0x80
	lsls r2, r2, #0x04
	movs r0, #0x01
	bl func_0800510C
	b _080EAE58
	.byte 0x00, 0x00
_080EAE40: .4byte 0x02034FDC
_080EAE44: .4byte 0x0000033E
_080EAE48: .4byte 0x0998E744
_080EAE4C:
	ldr r1, _080EAE64 @ =0x0998D744
	movs r2, #0x80
	lsls r2, r2, #0x04
	movs r0, #0x01
	bl func_0800510C
_080EAE58:
	ldr r2, _080EAE68 @ =0x0000FFF7
	movs r0, #0x01
	movs r1, #0x00
	bl func_080054EC
	b _080EAEA2
_080EAE64: .4byte 0x0998D744
_080EAE68: .4byte 0x0000FFF7
_080EAE6C:
	ldr r2, _080EAE84 @ =0x0000033D
	adds r0, r1, r2
	ldrb r0, [r0, #0x00]
	cmp r0, #0x00
	beq _080EAE8C
	ldr r1, _080EAE88 @ =0x0998EF44
	movs r2, #0x80
	lsls r2, r2, #0x04
	movs r0, #0x01
	bl func_0800510C
	b _080EAE98
_080EAE84: .4byte 0x0000033D
_080EAE88: .4byte 0x0998EF44
_080EAE8C:
	ldr r1, _080EAEA8 @ =0x0998DF44
	movs r2, #0x80
	lsls r2, r2, #0x04
	movs r0, #0x01
	bl func_0800510C
_080EAE98:
	ldr r2, _080EAEAC @ =0x0000FFFA
	movs r0, #0x01
	movs r1, #0x00
	bl func_080054EC
_080EAEA2:
	pop {r4, r5, r6, r7}
	pop {r0}
	bx r0
_080EAEA8: .4byte 0x0998DF44
_080EAEAC: .4byte 0x0000FFFA
	.byte 0x00, 0xB5, 0x00, 0x06, 0x01, 0x0E, 0x0A, 0x1C, 0x0A, 0x48, 0x00, 0x68, 0x0A, 0x4B, 0xC0, 0x18
	.byte 0x00, 0x78, 0x00, 0x28, 0x00, 0xD0, 0x8A, 0x1C, 0x10, 0x06, 0x03, 0x0E, 0xD9, 0x00, 0x07, 0x48
	.byte 0x09, 0x18, 0x88, 0x78, 0x00, 0x28, 0x0B, 0xD0, 0x0A, 0x78, 0x18, 0x1C, 0x00, 0x21, 0xFF, 0xF7
	.byte 0x1F, 0xFE, 0x0A, 0xE0, 0xDC, 0x4F, 0x03, 0x02, 0x3D, 0x03, 0x00, 0x00, 0x6C, 0x9D, 0x03, 0x02
	.byte 0x18, 0x1C, 0x00, 0x21, 0x0D, 0x22, 0xFF, 0xF7, 0x13, 0xFE, 0x04, 0x48, 0x00, 0x68, 0xB0, 0x21
	.byte 0x49, 0x00, 0x40, 0x18, 0x00, 0x21, 0x01, 0x70, 0x01, 0xBC, 0x00, 0x47, 0xDC, 0x4F, 0x03, 0x02
	.byte 0xF0, 0xB5, 0x47, 0x46, 0x80, 0xB4, 0x84, 0xB0, 0x34, 0x48, 0x80, 0x46, 0x00, 0x68, 0x81, 0x68
	.byte 0x09, 0x02, 0x09, 0x14, 0x32, 0x4E, 0x72, 0x68, 0x43, 0x68, 0x00, 0x68, 0x00, 0x90, 0x00, 0x27
	.byte 0x01, 0x97, 0xC0, 0x25, 0x2D, 0x01, 0x02, 0x95, 0x5A, 0x24, 0x03, 0x94, 0x80, 0x20, 0x17, 0xF7
	.byte 0x4F, 0xFA, 0x41, 0x46, 0x08, 0x68, 0xC1, 0x68, 0x09, 0x02, 0x09, 0x14, 0xB2, 0x68, 0x43, 0x68
	.byte 0x00, 0x68, 0x00, 0x90, 0x01, 0x97, 0x02, 0x95, 0x03, 0x94, 0x80, 0x20, 0x17, 0xF7, 0x40, 0xFA
	.byte 0x42, 0x46, 0x11, 0x68, 0x23, 0x4B, 0xC8, 0x18, 0x00, 0x78, 0x00, 0x28, 0x4C, 0xD1, 0x22, 0x48
	.byte 0x02, 0x68, 0xC8, 0x24, 0xA4, 0x00, 0x08, 0x19, 0x03, 0x68, 0xC7, 0x26, 0xB6, 0x00, 0x88, 0x19
	.byte 0x00, 0x68, 0x00, 0x90, 0x01, 0x97, 0x80, 0x25, 0xED, 0x00, 0x02, 0x95, 0x50, 0x20, 0x03, 0x90
	.byte 0x38, 0x20, 0x70, 0x21, 0x17, 0xF7, 0x24, 0xFA, 0x18, 0x48, 0x02, 0x68, 0x40, 0x46, 0x01, 0x68
	.byte 0xCA, 0x23, 0x9B, 0x00, 0xC8, 0x18, 0x03, 0x68, 0x04, 0x34, 0x08, 0x19, 0x00, 0x68, 0x00, 0x90
	.byte 0x01, 0x97, 0x13, 0x48, 0x02, 0x90, 0x51, 0x24, 0x03, 0x94, 0x48, 0x20, 0x60, 0x21, 0x17, 0xF7
	.byte 0x0F, 0xFA, 0x10, 0x48, 0x02, 0x68, 0x46, 0x46, 0x31, 0x68, 0xCC, 0x23, 0x9B, 0x00, 0xC8, 0x18
	.byte 0x03, 0x68, 0xCB, 0x26, 0xB6, 0x00, 0x88, 0x19, 0x00, 0x68, 0x00, 0x90, 0x01, 0x97, 0x02, 0x95
	.byte 0x03, 0x94, 0x28, 0x20, 0x60, 0x21, 0x17, 0xF7, 0xFB, 0xF9, 0x22, 0xE0, 0xDC, 0x4F, 0x03, 0x02
	.byte 0x68, 0x8D, 0xEF, 0x09, 0x3D, 0x03, 0x00, 0x00, 0xCC, 0xE8, 0xED, 0x09, 0x84, 0xFF, 0xEE, 0x09
	.byte 0x01, 0x04, 0x00, 0x00, 0xC0, 0xFE, 0xEE, 0x09, 0x44, 0x48, 0x02, 0x68, 0xCE, 0x23, 0x9B, 0x00
	.byte 0xC8, 0x18, 0x03, 0x68, 0xCD, 0x24, 0xA4, 0x00, 0x08, 0x19, 0x00, 0x68, 0x00, 0x90, 0x01, 0x97
	.byte 0x80, 0x20, 0xC0, 0x00, 0x02, 0x90, 0x51, 0x20, 0x03, 0x90, 0x38, 0x20, 0x70, 0x21, 0x17, 0xF7
	.byte 0xD7, 0xF9, 0x3B, 0x4A, 0x3B, 0x4E, 0x30, 0x68, 0x43, 0x69, 0x00, 0x69, 0x00, 0x90, 0x00, 0x20
	.byte 0x80, 0x46, 0x01, 0x90, 0x80, 0x20, 0xC0, 0x00, 0x02, 0x90, 0x5A, 0x20, 0x03, 0x90, 0x00, 0x20
	.byte 0x10, 0x21, 0x17, 0xF7, 0xC5, 0xF9, 0x2D, 0x22, 0x31, 0x68, 0x33, 0x4B, 0xC8, 0x18, 0x00, 0x78
	.byte 0x04, 0x1C, 0x54, 0x43, 0x08, 0x1C, 0x38, 0x30, 0xB1, 0x25, 0x6D, 0x00, 0x49, 0x19, 0x09, 0x88
	.byte 0x09, 0x19, 0x09, 0x02, 0x74, 0xF7, 0xA4, 0xF8, 0x30, 0x68, 0x18, 0x30, 0x1A, 0xF7, 0x3E, 0xFD
	.byte 0x02, 0x1C, 0x30, 0x68, 0x81, 0x6B, 0x09, 0x02, 0x09, 0x14, 0x43, 0x6B, 0x00, 0x6B, 0x00, 0x90
	.byte 0x40, 0x46, 0x01, 0x90, 0x02, 0x90, 0x46, 0x20, 0x03, 0x90, 0x4C, 0x20, 0x17, 0xF7, 0xA0, 0xF9
	.byte 0x31, 0x68, 0x4D, 0x19, 0x28, 0x88, 0x16, 0x30, 0x24, 0x18, 0x24, 0x04, 0x24, 0x14, 0x0A, 0x1C
	.byte 0x40, 0x32, 0xCB, 0x6B, 0x32, 0x20, 0x80, 0x46, 0x00, 0x90, 0xB0, 0x20, 0x40, 0x00, 0x09, 0x18
	.byte 0x08, 0x78, 0x01, 0x90, 0x64, 0x20, 0x21, 0x1C, 0x7B, 0xF7, 0x06, 0xFA, 0x31, 0x68, 0xB4, 0x24
	.byte 0x64, 0x00, 0x08, 0x19, 0xC6, 0x25, 0xAD, 0x00, 0x49, 0x19, 0x09, 0x78, 0x7A, 0xF7, 0x14, 0xFD
	.byte 0x00, 0x04, 0x00, 0x14, 0xF0, 0x21, 0x09, 0x1A, 0xC8, 0x0F, 0x09, 0x18, 0xC9, 0x03, 0x09, 0x14
	.byte 0x30, 0x68, 0x04, 0x19, 0xB2, 0x23, 0x5B, 0x00, 0xC2, 0x18, 0x13, 0x68, 0x46, 0x46, 0x00, 0x96
	.byte 0x40, 0x19, 0x00, 0x78, 0x01, 0x90, 0x08, 0x1C, 0x86, 0x21, 0x22, 0x1C, 0x7B, 0xF7, 0xE4, 0xF9
	.byte 0x04, 0xB0, 0x08, 0xBC, 0x98, 0x46, 0xF0, 0xBC, 0x01, 0xBC, 0x00, 0x47, 0x9C, 0xF8, 0xEE, 0x09
	.byte 0x28, 0x8F, 0x8A, 0x09, 0xDC, 0x4F, 0x03, 0x02, 0x3E, 0x03, 0x00, 0x00, 0x70, 0xB5, 0x05, 0x1C
	.byte 0x06, 0x48, 0x2C, 0x18, 0x26, 0x78, 0x16, 0xF7, 0x31, 0xF9, 0x40, 0x21, 0x01, 0x40, 0x00, 0x29
	.byte 0x0D, 0xD0, 0x20, 0x78, 0x00, 0x28, 0x03, 0xD0, 0x41, 0x1E, 0x02, 0xE0, 0x3E, 0x03, 0x00, 0x00
	.byte 0x01, 0x21, 0x09, 0x4A, 0xA8, 0x18, 0x01, 0x70, 0x65, 0x20, 0x34, 0xF0, 0x89, 0xFE, 0x16, 0xF7
	.byte 0x1D, 0xF9, 0x80, 0x21, 0x01, 0x40, 0x00, 0x29, 0x0F, 0xD0, 0x03, 0x49, 0x68, 0x18, 0x00, 0x78
	.byte 0x00, 0x28, 0x03, 0xD1, 0x41, 0x1C, 0x02, 0xE0, 0x3E, 0x03, 0x00, 0x00, 0x00, 0x21, 0x0A, 0x4A
	.byte 0xA8, 0x18, 0x01, 0x70, 0x65, 0x20, 0x34, 0xF0, 0x73, 0xFE, 0x07, 0x48, 0x2C, 0x18, 0x21, 0x78
	.byte 0x8E, 0x42, 0x05, 0xD0, 0x30, 0x1C, 0xFF, 0xF7, 0x8B, 0xFE, 0x20, 0x78, 0xFF, 0xF7, 0xF2, 0xFD
	.byte 0x70, 0xBC, 0x01, 0xBC, 0x00, 0x47, 0x00, 0x00, 0x3E, 0x03, 0x00, 0x00, 0x30, 0xB5, 0x04, 0x1C
	.byte 0xD0, 0x20, 0x80, 0x00, 0x25, 0x18, 0x28, 0x88, 0x00, 0x28, 0x10, 0xD0, 0x20, 0x1C, 0x08, 0x30
	.byte 0x2A, 0x88, 0x00, 0x21, 0x1A, 0xF7, 0x9A, 0xFB, 0x20, 0x1C, 0x0C, 0x30, 0x98, 0x21, 0x09, 0x02
	.byte 0x2A, 0x88, 0x1A, 0xF7, 0x93, 0xFB, 0x28, 0x88, 0x01, 0x38, 0x28, 0x80, 0x04, 0xE0, 0xD1, 0x20
	.byte 0x80, 0x00, 0x21, 0x18, 0x02, 0x48, 0x08, 0x60, 0x30, 0xBC, 0x01, 0xBC, 0x00, 0x47, 0x00, 0x00
	.byte 0xF5, 0xB1, 0x0E, 0x08, 0x10, 0xB5, 0x04, 0x1C, 0xFF, 0xF7, 0x98, 0xFF, 0x16, 0xF7, 0xC8, 0xF8
	.byte 0x02, 0x21, 0x01, 0x40, 0x00, 0x29, 0x03, 0xD0, 0x68, 0x20, 0x34, 0xF0, 0x31, 0xFE, 0x24, 0xE0
	.byte 0x16, 0xF7, 0xBE, 0xF8, 0x09, 0x21, 0x01, 0x40, 0x00, 0x29, 0x28, 0xD0, 0x03, 0x49, 0x60, 0x18
	.byte 0x00, 0x78, 0x00, 0x28, 0x04, 0xD0, 0x01, 0x28, 0x0A, 0xD0, 0x0E, 0xE0, 0x3E, 0x03, 0x00, 0x00
	.byte 0x02, 0x48, 0x81, 0x68, 0x11, 0x22, 0x52, 0x42, 0x11, 0x40, 0x05, 0xE0, 0xB0, 0x9B, 0x03, 0x02
	.byte 0x0C, 0x48, 0x81, 0x68, 0x10, 0x22, 0x11, 0x43, 0x81, 0x60, 0xD3, 0x20, 0x34, 0xF0, 0x10, 0xFE
	.byte 0xCF, 0x20, 0x80, 0x00, 0x21, 0x18, 0x01, 0x20, 0x08, 0x70, 0xD0, 0x20, 0x80, 0x00, 0x21, 0x18
	.byte 0x10, 0x20, 0x08, 0x80, 0xD1, 0x20, 0x80, 0x00, 0x21, 0x18, 0x03, 0x48, 0x08, 0x60, 0x10, 0xBC
	.byte 0x01, 0xBC, 0x00, 0x47, 0xB0, 0x9B, 0x03, 0x02, 0x7D, 0xB2, 0x0E, 0x08, 0x30, 0xB5, 0x05, 0x1C
	.byte 0xD0, 0x20, 0x80, 0x00, 0x2C, 0x18, 0x20, 0x88, 0x00, 0x28, 0x13, 0xD0, 0x28, 0x1C, 0x08, 0x30
	.byte 0x07, 0x49, 0x22, 0x88, 0x1A, 0xF7, 0x32, 0xFB, 0x28, 0x1C, 0x0C, 0x30, 0xA0, 0x21, 0x09, 0x02
	.byte 0x22, 0x88, 0x1A, 0xF7, 0x2B, 0xFB, 0x20, 0x88, 0x01, 0x38, 0x20, 0x80, 0x0B, 0xE0, 0x00, 0x00
	.byte 0x00, 0xF8, 0xFF, 0xFF, 0x00, 0x20, 0x5A, 0x21, 0x1A, 0xF7, 0x64, 0xFF, 0xD1, 0x20, 0x80, 0x00
	.byte 0x29, 0x18, 0x02, 0x48, 0x08, 0x60, 0x30, 0xBC, 0x01, 0xBC, 0x00, 0x47, 0xD1, 0xB2, 0x0E, 0x08
	.byte 0x10, 0xB5, 0x04, 0x1C, 0x1B, 0xF7, 0x1E, 0xF8, 0x00, 0x06, 0x00, 0x28, 0x1E, 0xD1, 0xCF, 0x21
	.byte 0x89, 0x00, 0x60, 0x18, 0x00, 0x78, 0x00, 0x28, 0x14, 0xD0, 0x01, 0x31, 0x60, 0x18, 0x00, 0x78
	.byte 0x00, 0x28, 0x05, 0xD0, 0x31, 0xF7, 0xDE, 0xFC, 0x95, 0x20, 0x76, 0xF7, 0x87, 0xFA, 0x0D, 0xE0
	.byte 0x31, 0xF7, 0x0E, 0xFD, 0x02, 0x48, 0x01, 0x21, 0x15, 0xF7, 0xEA, 0xFE, 0x06, 0xE0, 0x00, 0x00
	.byte 0xD0, 0xE4, 0xED, 0x09, 0x03, 0x48, 0x00, 0x21, 0x15, 0xF7, 0xD8, 0xFE, 0x10, 0xBC, 0x01, 0xBC
	.byte 0x00, 0x47, 0x00, 0x00, 0x50, 0x4E, 0xEF, 0x09, 0xF0, 0xB5, 0x57, 0x46, 0x4E, 0x46, 0x45, 0x46
	.byte 0xE0, 0xB4, 0x9A, 0x4C, 0xD2, 0x20, 0x80, 0x00, 0x15, 0xF7, 0xEE, 0xFA, 0x20, 0x60, 0xCF, 0x21
	.byte 0x89, 0x00, 0x40, 0x18, 0x00, 0x21, 0x01, 0x70, 0x22, 0x68, 0x95, 0x48, 0x80, 0x68, 0xC0, 0x08
	.byte 0x01, 0x21, 0x08, 0x40, 0x93, 0x4B, 0xD2, 0x18, 0x10, 0x70, 0x21, 0x68, 0xB1, 0x20, 0x40, 0x00
	.byte 0x0A, 0x18, 0x21, 0x20, 0x10, 0x80, 0xD0, 0x27, 0xBF, 0x00, 0xCA, 0x19, 0x10, 0x20, 0x10, 0x80
	.byte 0xD1, 0x22, 0x92, 0x00, 0x89, 0x18, 0x8C, 0x48, 0x08, 0x60, 0x19, 0xF7, 0x19, 0xFD, 0x03, 0x20
	.byte 0x00, 0x21, 0x1C, 0x22, 0x00, 0x23, 0x19, 0xF7, 0x75, 0xFE, 0x01, 0x20, 0x00, 0x21, 0x1D, 0x22
	.byte 0x00, 0x23, 0x19, 0xF7, 0x6F, 0xFE, 0x00, 0x20, 0x00, 0x21, 0x1E, 0x22, 0x00, 0x23, 0x19, 0xF7
	.byte 0x69, 0xFE, 0x03, 0x20, 0x03, 0x21, 0x1A, 0xF7, 0x0F, 0xF9, 0x01, 0x20, 0x00, 0x21, 0x1A, 0xF7
	.byte 0x0B, 0xF9, 0x00, 0x20, 0x00, 0x21, 0x1A, 0xF7, 0x07, 0xF9, 0x7C, 0x4B, 0x98, 0x46, 0xFD, 0x20
	.byte 0x40, 0x01, 0x81, 0x46, 0x03, 0x20, 0x41, 0x46, 0x4A, 0x46, 0x19, 0xF7, 0x75, 0xFE, 0x78, 0x4D
	.byte 0x80, 0x26, 0xB6, 0x00, 0x03, 0x20, 0x29, 0x1C, 0x32, 0x1C, 0x19, 0xF7, 0x7F, 0xFE, 0x75, 0x49
	.byte 0x80, 0x22, 0x12, 0x01, 0x92, 0x46, 0x03, 0x20, 0x19, 0xF7, 0x90, 0xFE, 0x01, 0x20, 0x41, 0x46
	.byte 0x4A, 0x46, 0x19, 0xF7, 0x61, 0xFE, 0x01, 0x20, 0x29, 0x1C, 0x32, 0x1C, 0x19, 0xF7, 0x6E, 0xFE
	.byte 0x00, 0x20, 0x41, 0x46, 0x4A, 0x46, 0x19, 0xF7, 0x57, 0xFE, 0x00, 0x20, 0x29, 0x1C, 0x32, 0x1C
	.byte 0x19, 0xF7, 0x64, 0xFE, 0x68, 0x49, 0x00, 0x20, 0x52, 0x46, 0x19, 0xF7, 0x77, 0xFE, 0x67, 0x4A
	.byte 0x00, 0x20, 0x00, 0x21, 0x1A, 0xF7, 0x62, 0xF8, 0x65, 0x48, 0x20, 0x21, 0x17, 0xF7, 0xF2, 0xFA
	.byte 0x21, 0x68, 0x08, 0x60, 0x63, 0x48, 0xB0, 0x21, 0x89, 0x00, 0x17, 0xF7, 0x33, 0xF9, 0x21, 0x68
	.byte 0x48, 0x60, 0x61, 0x48, 0x88, 0x60, 0xA0, 0x20, 0x00, 0x02, 0xC8, 0x60, 0x5F, 0x49, 0x38, 0x1C
	.byte 0x17, 0xF7, 0x52, 0xFA, 0x21, 0x68, 0xC8, 0x23, 0x9B, 0x00, 0xC9, 0x18, 0x08, 0x60, 0x5C, 0x48
	.byte 0x20, 0x21, 0x17, 0xF7, 0xD7, 0xFA, 0x21, 0x68, 0xC7, 0x22, 0x92, 0x00, 0x89, 0x18, 0x08, 0x60
	.byte 0xA0, 0x20, 0x80, 0x00, 0x57, 0x49, 0x17, 0xF7, 0x3F, 0xFA, 0x21, 0x68, 0xCA, 0x23, 0x9B, 0x00
	.byte 0xC9, 0x18, 0x08, 0x60, 0x54, 0x48, 0x20, 0x21, 0x17, 0xF7, 0xC4, 0xFA, 0x21, 0x68, 0xC9, 0x22
	.byte 0x92, 0x00, 0x89, 0x18, 0x08, 0x60, 0x80, 0x25, 0xED, 0x00, 0x50, 0x49, 0x28, 0x1C, 0x17, 0xF7
	.byte 0x2B, 0xFA, 0x21, 0x68, 0xCC, 0x23, 0x9B, 0x00, 0xC9, 0x18, 0x08, 0x60, 0x4C, 0x48, 0x20, 0x21
	.byte 0x17, 0xF7, 0xB0, 0xFA, 0x21, 0x68, 0xCB, 0x22, 0x92, 0x00, 0x89, 0x18, 0x08, 0x60, 0x49, 0x49
	.byte 0x28, 0x1C, 0x17, 0xF7, 0x19, 0xFA, 0x21, 0x68, 0xCE, 0x23, 0x9B, 0x00, 0xC9, 0x18, 0x08, 0x60
	.byte 0x45, 0x48, 0x20, 0x21, 0x17, 0xF7, 0x9E, 0xFA, 0x21, 0x68, 0xCD, 0x22, 0x92, 0x00, 0x89, 0x18
	.byte 0x08, 0x60, 0x42, 0x48, 0x20, 0x21, 0x17, 0xF7, 0x95, 0xFA, 0x21, 0x68, 0x08, 0x61, 0x40, 0x48
	.byte 0x98, 0x21, 0xC9, 0x00, 0x17, 0xF7, 0xD6, 0xF8, 0x21, 0x68, 0x48, 0x61, 0x3D, 0x4E, 0x30, 0x1C
	.byte 0x20, 0x21, 0x17, 0xF7, 0x87, 0xFA, 0x21, 0x68, 0x08, 0x63, 0x90, 0x20, 0x40, 0x00, 0x3A, 0x49
	.byte 0x17, 0xF7, 0xF2, 0xF9, 0x01, 0x1C, 0x20, 0x68, 0x41, 0x63, 0x18, 0x30, 0x37, 0x49, 0x38, 0x4A
	.byte 0x1A, 0xF7, 0x22, 0xFA, 0x20, 0x68, 0x18, 0x30, 0x00, 0x21, 0x01, 0x22, 0x1A, 0xF7, 0x3A, 0xFA
	.byte 0x34, 0x48, 0x20, 0x21, 0x17, 0xF7, 0x6E, 0xFA, 0x21, 0x68, 0xC8, 0x63, 0xB0, 0x23, 0x5B, 0x00
	.byte 0xC9, 0x18, 0x00, 0x20, 0x08, 0x70, 0x20, 0x68, 0x40, 0x30, 0x24, 0x21, 0x7A, 0xF7, 0xBE, 0xFA
	.byte 0x20, 0x68, 0xB4, 0x25, 0x6D, 0x00, 0x40, 0x19, 0x36, 0x21, 0x7A, 0xF7, 0xB7, 0xFA, 0x30, 0x1C
	.byte 0x20, 0x21, 0x17, 0xF7, 0x57, 0xFA, 0x21, 0x68, 0xB2, 0x23, 0x5B, 0x00, 0xCA, 0x18, 0x10, 0x60
	.byte 0x25, 0x48, 0x49, 0x19, 0x7A, 0xF7, 0xFA, 0xFA, 0x21, 0x68, 0xC6, 0x22, 0x92, 0x00, 0x89, 0x18
	.byte 0x08, 0x70, 0x20, 0x68, 0x07, 0x4B, 0xC0, 0x18, 0x00, 0x78, 0x00, 0x28, 0x3E, 0xD0, 0x02, 0x20
	.byte 0xFF, 0xF7, 0xD4, 0xFB, 0x00, 0x06, 0x04, 0x0E, 0x03, 0x20, 0x3D, 0xE0, 0xDC, 0x4F, 0x03, 0x02
	.byte 0xB0, 0x9B, 0x03, 0x02, 0x3D, 0x03, 0x00, 0x00, 0xAD, 0xB1, 0x0E, 0x08, 0xA4, 0x61, 0x96, 0x09
	.byte 0x44, 0x1D, 0x99, 0x09, 0x44, 0xCF, 0x98, 0x09, 0x44, 0xF7, 0x98, 0x09, 0xFC, 0xFF, 0x00, 0x00
	.byte 0x04, 0x1D, 0x99, 0x09, 0x66, 0x8C, 0x8A, 0x09, 0x00, 0xF8, 0xFF, 0xFF, 0x60, 0x65, 0x8B, 0x08
	.byte 0xA4, 0x83, 0xF6, 0x08, 0xD8, 0xED, 0x32, 0x09, 0xD8, 0x81, 0x61, 0x09, 0x50, 0x2F, 0x32, 0x09
	.byte 0xB8, 0x81, 0x61, 0x09, 0x8A, 0xB7, 0x2E, 0x09, 0x18, 0x81, 0x61, 0x09, 0x24, 0x1D, 0x99, 0x09
	.byte 0x8A, 0x8F, 0x8A, 0x09, 0xE4, 0x1B, 0x99, 0x09, 0xE2, 0x8A, 0x8A, 0x09, 0x88, 0x8D, 0xEF, 0x09
	.byte 0x78, 0x8D, 0xEF, 0x09, 0x04, 0x1C, 0x99, 0x09, 0x1E, 0x9E, 0x15, 0x08, 0x00, 0x20, 0xFF, 0xF7
	.byte 0x95, 0xFB, 0x00, 0x06, 0x04, 0x0E, 0x01, 0x20, 0xFF, 0xF7, 0x90, 0xFB, 0x00, 0x06, 0x01, 0x0E
	.byte 0x00, 0x2C, 0x0F, 0xD0, 0x05, 0x48, 0x02, 0x68, 0x00, 0x23, 0x05, 0x1C, 0x00, 0x29, 0x00, 0xD1
	.byte 0x01, 0x23, 0x03, 0x49, 0x50, 0x18, 0x03, 0x70, 0x0A, 0xE0, 0x00, 0x00, 0xDC, 0x4F, 0x03, 0x02
	.byte 0x3E, 0x03, 0x00, 0x00, 0x12, 0x49, 0x08, 0x68, 0x12, 0x4A, 0x80, 0x18, 0x04, 0x70, 0x0D, 0x1C
	.byte 0x28, 0x68, 0x10, 0x4C, 0x00, 0x19, 0x00, 0x78, 0xFF, 0xF7, 0x94, 0xFB, 0x2A, 0x68, 0xB1, 0x20
	.byte 0x40, 0x00, 0x13, 0x18, 0x14, 0x19, 0x20, 0x78, 0x41, 0x00, 0x09, 0x18, 0x08, 0x01, 0x40, 0x1A
	.byte 0x1B, 0x88, 0xC0, 0x18, 0x00, 0x02, 0x90, 0x63, 0x00, 0x20, 0x08, 0x21, 0x1A, 0xF7, 0x50, 0xFD
	.byte 0x38, 0xBC, 0x98, 0x46, 0xA1, 0x46, 0xAA, 0x46, 0xF0, 0xBC, 0x01, 0xBC, 0x00, 0x47, 0x00, 0x00
	.byte 0xDC, 0x4F, 0x03, 0x02, 0x3E, 0x03, 0x00, 0x00, 0x00, 0xB5, 0x07, 0x48, 0x02, 0x68, 0xD1, 0x21
	.byte 0x89, 0x00, 0x50, 0x18, 0x01, 0x68, 0x00, 0x29, 0x02, 0xD0, 0x10, 0x1C, 0x31, 0xF0, 0x82, 0xFF
	.byte 0xFF, 0xF7, 0x2E, 0xFC, 0x01, 0xBC, 0x00, 0x47, 0xDC, 0x4F, 0x03, 0x02, 0x10, 0xB5, 0x37, 0x4C
	.byte 0x20, 0x68, 0x00, 0x68, 0x17, 0xF7, 0xA4, 0xFA, 0x20, 0x68, 0x40, 0x68, 0x17, 0xF7, 0xF8, 0xF8
	.byte 0x20, 0x68, 0x00, 0x69, 0x17, 0xF7, 0x9C, 0xFA, 0x20, 0x68, 0x40, 0x69, 0x17, 0xF7, 0xF0, 0xF8
	.byte 0x20, 0x68, 0x00, 0x6B, 0x17, 0xF7, 0x94, 0xFA, 0x20, 0x68, 0x40, 0x6B, 0x17, 0xF7, 0xE8, 0xF8
	.byte 0x20, 0x68, 0xC7, 0x21, 0x89, 0x00, 0x40, 0x18, 0x00, 0x68, 0x17, 0xF7, 0x89, 0xFA, 0x20, 0x68
	.byte 0xC8, 0x21, 0x89, 0x00, 0x40, 0x18, 0x00, 0x68, 0x17, 0xF7, 0xDA, 0xF8, 0x20, 0x68, 0xC9, 0x21
	.byte 0x89, 0x00, 0x40, 0x18, 0x00, 0x68, 0x17, 0xF7, 0x7B, 0xFA, 0x20, 0x68, 0xCA, 0x21, 0x89, 0x00
	.byte 0x40, 0x18, 0x00, 0x68, 0x17, 0xF7, 0xCC, 0xF8, 0x20, 0x68, 0xCB, 0x21, 0x89, 0x00, 0x40, 0x18
	.byte 0x00, 0x68, 0x17, 0xF7, 0x6D, 0xFA, 0x20, 0x68, 0xCC, 0x21, 0x89, 0x00, 0x40, 0x18, 0x00, 0x68
	.byte 0x17, 0xF7, 0xBE, 0xF8, 0x20, 0x68, 0xCD, 0x21, 0x89, 0x00, 0x40, 0x18, 0x00, 0x68, 0x17, 0xF7
	.byte 0x5F, 0xFA, 0x20, 0x68, 0xCE, 0x21, 0x89, 0x00, 0x40, 0x18, 0x00, 0x68, 0x17, 0xF7, 0xB0, 0xF8
	.byte 0x20, 0x68, 0xC0, 0x6B, 0x17, 0xF7, 0x54, 0xFA, 0x20, 0x68, 0x40, 0x30, 0x24, 0x21, 0x7A, 0xF7
	.byte 0xB7, 0xF9, 0x20, 0x68, 0xB2, 0x21, 0x49, 0x00, 0x40, 0x18, 0x00, 0x68, 0x17, 0xF7, 0x48, 0xFA
	.byte 0x20, 0x68, 0xB4, 0x21, 0x49, 0x00, 0x40, 0x18, 0x36, 0x21, 0x7A, 0xF7, 0xA9, 0xF9, 0x20, 0x68
	.byte 0x15, 0xF7, 0x18, 0xF9, 0x10, 0xBC, 0x01, 0xBC, 0x00, 0x47, 0x00, 0x00, 0xDC, 0x4F, 0x03, 0x02
	.byte 0x00, 0xB5, 0x00, 0x06, 0x00, 0x0E, 0x01, 0x1C, 0x01, 0x28, 0x10, 0xD0, 0x01, 0x28, 0x02, 0xDC
	.byte 0x00, 0x28, 0x05, 0xD0, 0x2C, 0xE0, 0x02, 0x29, 0x13, 0xD0, 0x03, 0x29, 0x18, 0xD0, 0x27, 0xE0
	.byte 0x00, 0x20, 0x1D, 0xF7, 0xC5, 0xFC, 0x02, 0x28, 0x22, 0xD1, 0x00, 0x20, 0x05, 0xE0, 0x01, 0x20
	.byte 0x1D, 0xF7, 0xBE, 0xFC, 0x02, 0x28, 0x1B, 0xD1, 0x01, 0x20, 0x1D, 0xF7, 0x21, 0xFD, 0x01, 0x20
	.byte 0x17, 0xE0, 0x00, 0x20, 0x1D, 0xF7, 0x82, 0xFE, 0x02, 0x28, 0x11, 0xD1, 0x00, 0x20, 0x05, 0xE0
	.byte 0x01, 0x20, 0x1D, 0xF7, 0x7B, 0xFE, 0x02, 0x28, 0x0A, 0xD1, 0x01, 0x20, 0x1D, 0xF7, 0xE4, 0xFE
	.byte 0x02, 0x48, 0x00, 0x7B, 0x9A, 0xF7, 0x7E, 0xFA, 0x01, 0x20, 0x02, 0xE0, 0xB0, 0x9B, 0x03, 0x02
	.byte 0x00, 0x20, 0x02, 0xBC, 0x08, 0x47, 0x00, 0x00
	thumb_func_start func_080EB818
func_080EB818: @ 080EB818
	push {r4, r5, lr}
	lsls r0, r0, #0x18
	lsrs r5, r0, #0x18
	lsls r1, r1, #0x18
	lsrs r1, r1, #0x18
	lsls r2, r2, #0x18
	lsrs r2, r2, #0x18
	adds r3, r2, #0x0
	cmp r5, #0x01
	bhi _080EB850
	cmp r1, #0x00
	beq _080EB840
	lsls r0, r2, #0x02
	adds r0, r0, r2
	lsls r0, r0, #0x06
	ldr r1, _080EB83C @ =0x09961A64
	b _080EB86C
	.byte 0x00, 0x00
_080EB83C: .4byte 0x09961A64
_080EB840:
	lsls r0, r2, #0x02
	adds r0, r0, r2
	lsls r0, r0, #0x06
	ldr r1, _080EB84C @ =0x09962BE4
	b _080EB86C
	.byte 0x00, 0x00
_080EB84C: .4byte 0x09962BE4
_080EB850:
	cmp r1, #0x00
	beq _080EB864
	lsls r0, r2, #0x02
	adds r0, r0, r2
	lsls r0, r0, #0x06
	ldr r1, _080EB860 @ =0x09963D64
	b _080EB86C
	.byte 0x00, 0x00
_080EB860: .4byte 0x09963D64
_080EB864:
	lsls r0, r3, #0x02
	adds r0, r0, r3
	lsls r0, r0, #0x06
	ldr r1, _080EB894 @ =0x09964EE4
_080EB86C:
	adds r4, r0, r1
	movs r0, #0x01
	bl func_08005130
	adds r1, r0, #0x0
	lsls r0, r5, #0x02
	adds r0, r0, r5
	lsls r0, r0, #0x02
	subs r0, r0, r5
	lsls r0, r0, #0x05
	movs r2, #0xA0
	lsls r2, r2, #0x01
	adds r0, r0, r2
	adds r1, r1, r0
	adds r0, r4, #0x0
	bl func_080043B4
	pop {r4, r5}
	pop {r0}
	bx r0
_080EB894: .4byte 0x09964EE4
	.byte 0xF0, 0xB5, 0x47, 0x46, 0x80, 0xB4, 0x82, 0xB0, 0x05, 0x1C, 0x0C, 0x1C, 0x2D, 0x06, 0x2D, 0x0E
	.byte 0x24, 0x04, 0x24, 0x0C, 0x6E, 0x46, 0x64, 0x20, 0x80, 0x46, 0x20, 0x1C, 0x64, 0x21, 0x31, 0xF0
	.byte 0x4D, 0xFF, 0x30, 0x80, 0x6E, 0x46, 0x20, 0x1C, 0x0A, 0x21, 0x31, 0xF0, 0x47, 0xFF, 0x69, 0x46
	.byte 0x0A, 0x88, 0x91, 0x00, 0x89, 0x18, 0x49, 0x00, 0x40, 0x1A, 0x70, 0x80, 0x6A, 0x46, 0x68, 0x46
	.byte 0x00, 0x88, 0x41, 0x46, 0x41, 0x43, 0x08, 0x1C, 0x24, 0x1A, 0x68, 0x46, 0x41, 0x88, 0x88, 0x00
	.byte 0x40, 0x18, 0x40, 0x00, 0x24, 0x1A, 0x94, 0x80, 0x01, 0x26, 0xA8, 0x00, 0x40, 0x19, 0x80, 0x00
	.byte 0x40, 0x1B, 0x40, 0x01, 0x07, 0x1C, 0x20, 0x37, 0x6D, 0x46, 0x02, 0x35, 0x2C, 0x88, 0x64, 0x01
	.byte 0x0B, 0x48, 0x24, 0x18, 0x01, 0x20, 0x19, 0xF7, 0x0F, 0xFC, 0x01, 0x1C, 0xC9, 0x19, 0x70, 0x01
	.byte 0x09, 0x18, 0x20, 0x1C, 0x20, 0x22, 0x18, 0xF7, 0x49, 0xFD, 0x02, 0x35, 0x01, 0x36, 0x02, 0x2E
	.byte 0xEC, 0xDD, 0x02, 0xB0, 0x08, 0xBC, 0x98, 0x46, 0xF0, 0xBC, 0x01, 0xBC, 0x00, 0x47, 0x00, 0x00
	.byte 0x64, 0x60, 0x96, 0x09, 0xF0, 0xB5, 0x47, 0x46, 0x80, 0xB4, 0x83, 0xB0, 0x80, 0x46, 0x0D, 0x1C
	.byte 0x00, 0x06, 0x00, 0x0E, 0x80, 0x46, 0xE1, 0x21, 0x09, 0x01, 0x28, 0x1C, 0x31, 0xF0, 0xFE, 0xFE
	.byte 0x04, 0x1C, 0x6E, 0x46, 0x0A, 0x21, 0x31, 0xF0, 0xF9, 0xFE, 0x30, 0x80, 0x6A, 0x46, 0x68, 0x46
	.byte 0x01, 0x88, 0x88, 0x00, 0x40, 0x18, 0x40, 0x00, 0x20, 0x1A, 0x50, 0x80, 0xE0, 0x00, 0x00, 0x1B
	.byte 0x40, 0x01, 0x00, 0x19, 0x00, 0x01, 0x2D, 0x1A, 0x28, 0x1C, 0x3C, 0x21, 0x31, 0xF0, 0xE6, 0xFE
	.byte 0x04, 0x1C, 0x6E, 0x46, 0x0A, 0x21, 0x31, 0xF0, 0xE1, 0xFE, 0xB0, 0x80, 0x6A, 0x46, 0x68, 0x46
	.byte 0x81, 0x88, 0x88, 0x00, 0x40, 0x18, 0x40, 0x00, 0x20, 0x1A, 0xD0, 0x80, 0x20, 0x01, 0x00, 0x1B
	.byte 0x80, 0x00, 0x2D, 0x1A, 0x6C, 0x46, 0x28, 0x1C, 0x0A, 0x21, 0x31, 0xF0, 0xCF, 0xFE, 0x20, 0x81
	.byte 0x6A, 0x46, 0x68, 0x46, 0x01, 0x89, 0x88, 0x00, 0x40, 0x18, 0x40, 0x00, 0x2D, 0x1A, 0x55, 0x81
	.byte 0x00, 0x26, 0x41, 0x46, 0x88, 0x00, 0x40, 0x44, 0x80, 0x00, 0x40, 0x1A, 0x40, 0x01, 0x07, 0x1C
	.byte 0x80, 0x37, 0x6D, 0x46, 0x2C, 0x88, 0x64, 0x01, 0x0B, 0x48, 0x24, 0x18, 0x01, 0x20, 0x19, 0xF7
	.byte 0xA3, 0xFB, 0x01, 0x1C, 0xC9, 0x19, 0x70, 0x01, 0x09, 0x18, 0x20, 0x1C, 0x20, 0x22, 0x18, 0xF7
	.byte 0xDD, 0xFC, 0x02, 0x35, 0x01, 0x36, 0x05, 0x2E, 0xEC, 0xDD, 0x03, 0xB0, 0x08, 0xBC, 0x98, 0x46
	.byte 0xF0, 0xBC, 0x01, 0xBC, 0x00, 0x47, 0x00, 0x00, 0x64, 0x60, 0x96, 0x09, 0x30, 0xB5, 0x00, 0x06
	.byte 0x05, 0x0E, 0xE9, 0x00, 0x09, 0x48, 0x0C, 0x18, 0xA0, 0x78, 0x00, 0x28, 0x10, 0xD0, 0x01, 0x1C
	.byte 0x28, 0x1C, 0xFF, 0xF7, 0x35, 0xFF, 0x61, 0x68, 0x28, 0x1C, 0xFF, 0xF7, 0x83, 0xFF, 0x22, 0x78
	.byte 0x28, 0x1C, 0x00, 0x21, 0xFF, 0xF7, 0xEC, 0xFE, 0x07, 0xE0, 0x00, 0x00, 0x6C, 0x9D, 0x03, 0x02
	.byte 0x28, 0x1C, 0x00, 0x21, 0x0D, 0x22, 0xFF, 0xF7, 0xE3, 0xFE, 0x30, 0xBC, 0x01, 0xBC, 0x00, 0x47
	thumb_func_start func_080EBA58
func_080EBA58: @ 080EBA58
	push {r4, r5, r6, lr}
	lsls r0, r0, #0x18
	lsrs r5, r0, #0x18
	lsls r1, r5, #0x03
	ldr r0, _080EBAA0 @ =0x02039D6C
	adds r4, r1, r0
	ldrb r6, [r4, #0x02]
	cmp r6, #0x00
	beq _080EBAC0
	ldrb r2, [r4, #0x00]
	adds r0, r5, #0x0
	movs r1, #0x01
	bl func_080EB818
	ldrb r0, [r4, #0x01]
	bl func_080DF804
	ldr r4, _080EBAA4 @ =0x02034FE0
	ldr r1, [r4, #0x00]
	adds r1, #0x3C
	bl func_08065B6C
	ldr r1, [r4, #0x00]
	movs r2, #0xAE
	lsls r2, r2, #0x01
	adds r1, r1, r2
	strb r0, [r1, #0x00]
	cmp r5, #0x01
	bhi _080EBAAC
	ldr r0, [r4, #0x00]
	ldr r0, [r0, #0x38]
	ldrh r0, [r0, #0x06]
	ldr r1, _080EBAA8 @ =0x09991C04
	bl func_08002BAC
	b _080EBAD6
_080EBAA0: .4byte 0x02039D6C
_080EBAA4: .4byte 0x02034FE0
_080EBAA8: .4byte 0x09991C04
_080EBAAC:
	ldr r0, [r4, #0x00]
	ldr r0, [r0, #0x38]
	ldrh r0, [r0, #0x06]
	ldr r1, _080EBABC @ =0x09991C44
	bl func_08002BAC
	b _080EBAD6
	.byte 0x00, 0x00
_080EBABC: .4byte 0x09991C44
_080EBAC0:
	adds r0, r5, #0x0
	movs r1, #0x01
	movs r2, #0x0D
	bl func_080EB818
	ldr r0, _080EBADC @ =0x02034FE0
	ldr r0, [r0, #0x00]
	movs r1, #0xAE
	lsls r1, r1, #0x01
	adds r0, r0, r1
	strb r6, [r0, #0x00]
_080EBAD6:
	pop {r4, r5, r6}
	pop {r0}
	bx r0
_080EBADC: .4byte 0x02034FE0
	.byte 0x00, 0xB5, 0x00, 0x06, 0x03, 0x0E, 0xD9, 0x00, 0x05, 0x48, 0x09, 0x18, 0x88, 0x78, 0x00, 0x28
	.byte 0x08, 0xD0, 0x0A, 0x78, 0x18, 0x1C, 0x00, 0x21, 0xFF, 0xF7, 0x8E, 0xFE, 0x07, 0xE0, 0x00, 0x00
	.byte 0x6C, 0x9D, 0x03, 0x02, 0x18, 0x1C, 0x00, 0x21, 0x0D, 0x22, 0xFF, 0xF7, 0x85, 0xFE, 0x04, 0x48
	.byte 0x00, 0x68, 0xAE, 0x21, 0x49, 0x00, 0x40, 0x18, 0x00, 0x21, 0x01, 0x70, 0x01, 0xBC, 0x00, 0x47
	.byte 0xE0, 0x4F, 0x03, 0x02, 0xF0, 0xB5, 0x47, 0x46, 0x80, 0xB4, 0x84, 0xB0, 0x3B, 0x48, 0x80, 0x46
	.byte 0x00, 0x68, 0x81, 0x68, 0x09, 0x02, 0x09, 0x14, 0x39, 0x4D, 0x6A, 0x68, 0x43, 0x68, 0x00, 0x68
	.byte 0x00, 0x90, 0x00, 0x27, 0x01, 0x97, 0xC0, 0x24, 0x24, 0x01, 0x02, 0x94, 0x5A, 0x26, 0x03, 0x96
	.byte 0x80, 0x20, 0x16, 0xF7, 0x45, 0xFC, 0x41, 0x46, 0x08, 0x68, 0xC1, 0x68, 0x09, 0x02, 0x09, 0x14
	.byte 0xAA, 0x68, 0x43, 0x68, 0x00, 0x68, 0x00, 0x90, 0x01, 0x97, 0x02, 0x94, 0x03, 0x96, 0x80, 0x20
	.byte 0x16, 0xF7, 0x36, 0xFC, 0x42, 0x46, 0x11, 0x68, 0x08, 0x69, 0x00, 0x02, 0x00, 0x14, 0x2A, 0x68
	.byte 0x4B, 0x68, 0x09, 0x68, 0x00, 0x91, 0x01, 0x97, 0x02, 0x94, 0x50, 0x24, 0x03, 0x94, 0x00, 0x21
	.byte 0x16, 0xF7, 0x26, 0xFC, 0x43, 0x46, 0x19, 0x68, 0x22, 0x4D, 0x48, 0x19, 0x00, 0x78, 0x01, 0x28
	.byte 0x4A, 0xD8, 0x21, 0x48, 0x02, 0x68, 0xB2, 0x26, 0x76, 0x00, 0x88, 0x19, 0x03, 0x68, 0x23, 0x3D
	.byte 0x48, 0x19, 0x00, 0x68, 0x00, 0x90, 0x01, 0x97, 0x80, 0x25, 0xED, 0x00, 0x02, 0x95, 0x03, 0x94
	.byte 0x38, 0x20, 0x70, 0x21, 0x16, 0xF7, 0x0C, 0xFC, 0x18, 0x48, 0x02, 0x68, 0x46, 0x46, 0x31, 0x68
	.byte 0xB6, 0x23, 0x5B, 0x00, 0xC8, 0x18, 0x03, 0x68, 0xB4, 0x24, 0x64, 0x00, 0x08, 0x19, 0x00, 0x68
	.byte 0x00, 0x90, 0x01, 0x97, 0x12, 0x48, 0x02, 0x90, 0x51, 0x24, 0x03, 0x94, 0x48, 0x20, 0x60, 0x21
	.byte 0x16, 0xF7, 0xF6, 0xFB, 0x0F, 0x48, 0x02, 0x68, 0x31, 0x68, 0xBA, 0x26, 0x76, 0x00, 0x88, 0x19
	.byte 0x03, 0x68, 0x04, 0x3E, 0x88, 0x19, 0x00, 0x68, 0x00, 0x90, 0x01, 0x97, 0x02, 0x95, 0x03, 0x94
	.byte 0x28, 0x20, 0x60, 0x21, 0x16, 0xF7, 0xE4, 0xFB, 0x23, 0xE0, 0x00, 0x00, 0xE0, 0x4F, 0x03, 0x02
	.byte 0x68, 0x8D, 0xEF, 0x09, 0x83, 0x01, 0x00, 0x00, 0xCC, 0xE8, 0xED, 0x09, 0x3C, 0xE0, 0xEE, 0x09
	.byte 0x01, 0x04, 0x00, 0x00, 0xC8, 0xE1, 0xEE, 0x09, 0x2E, 0x48, 0x02, 0x68, 0xBE, 0x23, 0x5B, 0x00
	.byte 0xC8, 0x18, 0x03, 0x68, 0xBC, 0x24, 0x64, 0x00, 0x08, 0x19, 0x00, 0x68, 0x00, 0x90, 0x01, 0x97
	.byte 0x80, 0x20, 0xC0, 0x00, 0x02, 0x90, 0x51, 0x20, 0x03, 0x90, 0x38, 0x20, 0x70, 0x21, 0x16, 0xF7
	.byte 0xBF, 0xFB, 0x25, 0x4E, 0x31, 0x68, 0xC0, 0x25, 0x6D, 0x00, 0x48, 0x19, 0x00, 0x78, 0x2D, 0x24
	.byte 0x00, 0x28, 0x00, 0xD0, 0x20, 0x24, 0x21, 0x4A, 0x88, 0x18, 0x00, 0x78, 0x44, 0x43, 0x08, 0x1C
	.byte 0x34, 0x30, 0xAF, 0x25, 0x6D, 0x00, 0x49, 0x19, 0x09, 0x88, 0x09, 0x19, 0x09, 0x02, 0x73, 0xF7
	.byte 0x97, 0xFA, 0x30, 0x68, 0x14, 0x30, 0x19, 0xF7, 0x31, 0xFF, 0x02, 0x1C, 0x30, 0x68, 0x41, 0x6B
	.byte 0x09, 0x02, 0x09, 0x14, 0x03, 0x6B, 0xC0, 0x6A, 0x00, 0x90, 0x00, 0x20, 0x01, 0x90, 0x80, 0x20
	.byte 0xC0, 0x00, 0x02, 0x90, 0x46, 0x20, 0x03, 0x90, 0x4C, 0x20, 0x16, 0xF7, 0x91, 0xFB, 0x31, 0x68
	.byte 0x4D, 0x19, 0x28, 0x88, 0x16, 0x30, 0x24, 0x18, 0x24, 0x04, 0x24, 0x14, 0x0A, 0x1C, 0x3C, 0x32
	.byte 0x8B, 0x6B, 0x32, 0x20, 0x00, 0x90, 0xAE, 0x25, 0x6D, 0x00, 0x49, 0x19, 0x08, 0x78, 0x01, 0x90
	.byte 0x64, 0x20, 0x21, 0x1C, 0x7A, 0xF7, 0xF8, 0xFB, 0x04, 0xB0, 0x08, 0xBC, 0x98, 0x46, 0xF0, 0xBC
	.byte 0x01, 0xBC, 0x00, 0x47, 0x9C, 0xF8, 0xEE, 0x09, 0xE0, 0x4F, 0x03, 0x02, 0x83, 0x01, 0x00, 0x00
	.byte 0x70, 0xB5, 0x05, 0x1C, 0x06, 0x48, 0x2C, 0x18, 0x26, 0x78, 0x15, 0xF7, 0x47, 0xFB, 0x40, 0x21
	.byte 0x01, 0x40, 0x00, 0x29, 0x10, 0xD0, 0x20, 0x78, 0x00, 0x28, 0x03, 0xD0, 0x01, 0x38, 0x05, 0xE0
	.byte 0x83, 0x01, 0x00, 0x00, 0xC2, 0x21, 0x49, 0x00, 0x68, 0x18, 0x00, 0x78, 0x0B, 0x4A, 0xA9, 0x18
	.byte 0x08, 0x70, 0x65, 0x20, 0x34, 0xF0, 0x9C, 0xF8, 0x15, 0xF7, 0x30, 0xFB, 0x80, 0x21, 0x01, 0x40
	.byte 0x00, 0x29, 0x14, 0xD0, 0x05, 0x48, 0x29, 0x18, 0xC2, 0x22, 0x52, 0x00, 0xA8, 0x18, 0x09, 0x78
	.byte 0x00, 0x78, 0x81, 0x42, 0x04, 0xD2, 0x01, 0x31, 0x03, 0xE0, 0x00, 0x00, 0x83, 0x01, 0x00, 0x00
	.byte 0x00, 0x21, 0x0C, 0x4A, 0xA8, 0x18, 0x01, 0x70, 0x65, 0x20, 0x34, 0xF0, 0x81, 0xF8, 0x09, 0x48
	.byte 0x2C, 0x18, 0x21, 0x78, 0x8E, 0x42, 0x5E, 0xD0, 0x30, 0x1C, 0xFF, 0xF7, 0xB1, 0xFE, 0x20, 0x78
	.byte 0xFF, 0xF7, 0x6A, 0xFE, 0x20, 0x78, 0x01, 0x28, 0x22, 0xD0, 0x01, 0x28, 0x04, 0xDC, 0x00, 0x28
	.byte 0x07, 0xD0, 0x50, 0xE0, 0x83, 0x01, 0x00, 0x00, 0x02, 0x28, 0x31, 0xD0, 0x03, 0x28, 0x3F, 0xD0
	.byte 0x49, 0xE0, 0xC0, 0x22, 0x52, 0x00, 0xA8, 0x18, 0x00, 0x78, 0x00, 0x28, 0x04, 0xD0, 0x01, 0x49
	.byte 0x27, 0xE0, 0x00, 0x00, 0x44, 0x8F, 0x98, 0x09, 0x03, 0x49, 0x80, 0x22, 0x12, 0x01, 0x01, 0x20
	.byte 0x19, 0xF7, 0xA4, 0xF9, 0x01, 0x4A, 0x22, 0xE0, 0x44, 0x7F, 0x98, 0x09, 0xFD, 0xFF, 0x00, 0x00
	.byte 0xC0, 0x21, 0x49, 0x00, 0x68, 0x18, 0x00, 0x78, 0x00, 0x28, 0x03, 0xD0, 0x00, 0x49, 0x10, 0xE0
	.byte 0x44, 0x97, 0x98, 0x09, 0x05, 0x49, 0x80, 0x22, 0x12, 0x01, 0x01, 0x20, 0x19, 0xF7, 0x8E, 0xF9
	.byte 0x01, 0x20, 0x00, 0x21, 0x00, 0x22, 0x19, 0xF7, 0x79, 0xFB, 0x1C, 0xE0, 0x44, 0x87, 0x98, 0x09
	.byte 0x05, 0x49, 0x80, 0x22, 0x12, 0x01, 0x01, 0x20, 0x19, 0xF7, 0x80, 0xF9, 0x03, 0x4A, 0x01, 0x20
	.byte 0x00, 0x21, 0x19, 0xF7, 0x6B, 0xFB, 0x0E, 0xE0, 0x44, 0x9F, 0x98, 0x09, 0xFF, 0xFF, 0x00, 0x00
	.byte 0x06, 0x49, 0x80, 0x22, 0x12, 0x01, 0x01, 0x20, 0x19, 0xF7, 0x70, 0xF9, 0x04, 0x4A, 0x01, 0x20
	.byte 0x00, 0x21, 0x19, 0xF7, 0x5B, 0xFB, 0x70, 0xBC, 0x01, 0xBC, 0x00, 0x47, 0x44, 0xA7, 0x98, 0x09
	.byte 0xFF, 0xFF, 0x00, 0x00, 0x30, 0xB5, 0x05, 0x1C, 0xC3, 0x20, 0x40, 0x00, 0x2C, 0x18, 0x20, 0x88
	.byte 0x00, 0x28, 0x10, 0xD0, 0x28, 0x1C, 0x08, 0x30, 0x22, 0x88, 0x00, 0x21, 0x19, 0xF7, 0x4E, 0xFD
	.byte 0x28, 0x1C, 0x0C, 0x30, 0x98, 0x21, 0x09, 0x02, 0x22, 0x88, 0x19, 0xF7, 0x47, 0xFD, 0x20, 0x88
	.byte 0x01, 0x38, 0x20, 0x80, 0x06, 0xE0, 0x10, 0x20, 0x20, 0x80, 0xC4, 0x20, 0x40, 0x00, 0x29, 0x18
	.byte 0x02, 0x48, 0x08, 0x60, 0x30, 0xBC, 0x01, 0xBC, 0x00, 0x47, 0x00, 0x00, 0x91, 0xBE, 0x0E, 0x08
	.byte 0x10, 0xB5, 0x01, 0x1C, 0xC3, 0x20, 0x40, 0x00, 0x0C, 0x18, 0x20, 0x88, 0x00, 0x28, 0x09, 0xD0
	.byte 0x08, 0x1C, 0x10, 0x30, 0x22, 0x88, 0x00, 0x21, 0x19, 0xF7, 0x28, 0xFD, 0x20, 0x88, 0x01, 0x38
	.byte 0x20, 0x80, 0x04, 0xE0, 0xC4, 0x20, 0x40, 0x00, 0x09, 0x18, 0x02, 0x48, 0x08, 0x60, 0x10, 0xBC
	.byte 0x01, 0xBC, 0x00, 0x47, 0xC9, 0xBE, 0x0E, 0x08, 0x30, 0xB5, 0x05, 0x1C, 0xFF, 0xF7, 0x18, 0xFF
	.byte 0x15, 0xF7, 0x5E, 0xFA, 0x02, 0x21, 0x01, 0x40, 0x00, 0x29, 0x0F, 0xD0, 0xC3, 0x20, 0x40, 0x00
	.byte 0x29, 0x18, 0x10, 0x20, 0x08, 0x80, 0xC4, 0x20, 0x40, 0x00, 0x29, 0x18, 0x02, 0x48, 0x08, 0x60
	.byte 0x68, 0x20, 0x33, 0xF0, 0xBD, 0xFF, 0x5C, 0xE0, 0xB9, 0xBF, 0x0E, 0x08, 0x15, 0xF7, 0x48, 0xFA
	.byte 0x09, 0x21, 0x01, 0x40, 0x00, 0x29, 0x54, 0xD0, 0x07, 0x48, 0x2C, 0x18, 0x20, 0x78, 0xFF, 0xF7
	.byte 0x47, 0xFC, 0x00, 0x06, 0x00, 0x28, 0x49, 0xD0, 0x20, 0x78, 0x01, 0x28, 0x16, 0xD0, 0x01, 0x28
	.byte 0x04, 0xDC, 0x00, 0x28, 0x07, 0xD0, 0x2A, 0xE0, 0x83, 0x01, 0x00, 0x00, 0x02, 0x28, 0x15, 0xD0
	.byte 0x03, 0x28, 0x1D, 0xD0, 0x23, 0xE0, 0x04, 0x4A, 0x90, 0x68, 0x09, 0x21, 0x49, 0x42, 0x08, 0x40
	.byte 0x08, 0x39, 0x08, 0x40, 0x1A, 0xE0, 0x00, 0x00, 0xB0, 0x9B, 0x03, 0x02, 0x02, 0x4A, 0x90, 0x68
	.byte 0x09, 0x21, 0x49, 0x42, 0x08, 0x40, 0x0F, 0xE0, 0xB0, 0x9B, 0x03, 0x02, 0x03, 0x4A, 0x90, 0x68
	.byte 0x08, 0x21, 0x08, 0x43, 0x19, 0x39, 0x08, 0x40, 0x08, 0xE0, 0x00, 0x00, 0xB0, 0x9B, 0x03, 0x02
	.byte 0x0C, 0x4A, 0x90, 0x68, 0x08, 0x21, 0x08, 0x43, 0x10, 0x21, 0x08, 0x43, 0x90, 0x60, 0xD3, 0x20
	.byte 0x33, 0xF0, 0x76, 0xFF, 0xC1, 0x20, 0x40, 0x00, 0x29, 0x18, 0x01, 0x20, 0x08, 0x70, 0xC3, 0x20
	.byte 0x40, 0x00, 0x29, 0x18, 0x10, 0x20, 0x08, 0x80, 0xC4, 0x20, 0x40, 0x00, 0x29, 0x18, 0x02, 0x48
	.byte 0x08, 0x60, 0x06, 0xE0, 0xB0, 0x9B, 0x03, 0x02, 0xB9, 0xBF, 0x0E, 0x08, 0x69, 0x20, 0x33, 0xF0
	.byte 0x5F, 0xFF, 0x30, 0xBC, 0x01, 0xBC, 0x00, 0x47, 0x10, 0xB5, 0x01, 0x1C, 0xC3, 0x20, 0x40, 0x00
	.byte 0x0C, 0x18, 0x20, 0x88, 0x00, 0x28, 0x0B, 0xD0, 0x08, 0x1C, 0x10, 0x30, 0x03, 0x49, 0x22, 0x88
	.byte 0x19, 0xF7, 0x94, 0xFC, 0x20, 0x88, 0x01, 0x38, 0x20, 0x80, 0x08, 0xE0, 0x00, 0x80, 0xFF, 0xFF
	.byte 0x10, 0x20, 0x20, 0x80, 0xC4, 0x20, 0x40, 0x00, 0x09, 0x18, 0x02, 0x48, 0x08, 0x60, 0x10, 0xBC
	.byte 0x01, 0xBC, 0x00, 0x47, 0xF9, 0xBF, 0x0E, 0x08, 0x30, 0xB5, 0x05, 0x1C, 0xC3, 0x20, 0x40, 0x00
	.byte 0x2C, 0x18, 0x20, 0x88, 0x00, 0x28, 0x13, 0xD0, 0x28, 0x1C, 0x08, 0x30, 0x07, 0x49, 0x22, 0x88
	.byte 0x19, 0xF7, 0x74, 0xFC, 0x28, 0x1C, 0x0C, 0x30, 0xA0, 0x21, 0x09, 0x02, 0x22, 0x88, 0x19, 0xF7
	.byte 0x6D, 0xFC, 0x20, 0x88, 0x01, 0x38, 0x20, 0x80, 0x0B, 0xE0, 0x00, 0x00, 0x00, 0xF8, 0xFF, 0xFF
	.byte 0x00, 0x20, 0x10, 0x21, 0x1A, 0xF7, 0xA6, 0xF8, 0xC4, 0x20, 0x40, 0x00, 0x29, 0x18, 0x02, 0x48
	.byte 0x08, 0x60, 0x30, 0xBC, 0x01, 0xBC, 0x00, 0x47, 0x4D, 0xC0, 0x0E, 0x08, 0x10, 0xB5, 0x04, 0x1C
	.byte 0x1A, 0xF7, 0x60, 0xF9, 0x00, 0x06, 0x00, 0x28, 0x36, 0xD1, 0x07, 0x49, 0x60, 0x18, 0x00, 0x78
	.byte 0x00, 0x28, 0x15, 0xD0, 0x01, 0x31, 0x60, 0x18, 0x00, 0x78, 0x00, 0x28, 0x08, 0xD0, 0x03, 0x48
	.byte 0x01, 0x21, 0x15, 0xF7, 0x2B, 0xF8, 0x27, 0xE0, 0x81, 0x01, 0x00, 0x00, 0xF8, 0x12, 0xEF, 0x09
	.byte 0x02, 0x48, 0x00, 0x21, 0x15, 0xF7, 0x22, 0xF8, 0x1E, 0xE0, 0x00, 0x00, 0xF8, 0x12, 0xEF, 0x09
	.byte 0xC1, 0x21, 0x49, 0x00, 0x60, 0x18, 0x00, 0x78, 0x00, 0x28, 0x11, 0xD0, 0x03, 0x48, 0x00, 0x79
	.byte 0x0D, 0x28, 0x05, 0xD0, 0xF4, 0xF7, 0x22, 0xFA, 0x0E, 0xE0, 0x00, 0x00, 0x90, 0xC5, 0x03, 0x02
	.byte 0x02, 0x48, 0x02, 0x21, 0x15, 0xF7, 0x0A, 0xF8, 0x06, 0xE0, 0x00, 0x00, 0x88, 0x3C, 0xEF, 0x09
	.byte 0x03, 0x48, 0x00, 0x21, 0x15, 0xF7, 0x02, 0xF8, 0x10, 0xBC, 0x01, 0xBC, 0x00, 0x47, 0x00, 0x00
	.byte 0x50, 0x4E, 0xEF, 0x09, 0xF0, 0xB5, 0x4F, 0x46, 0x46, 0x46, 0xC0, 0xB4, 0x04, 0x1C, 0x0B, 0x4D
	.byte 0xC6, 0x20, 0x40, 0x00, 0x14, 0xF7, 0x18, 0xFC, 0x28, 0x60, 0x61, 0x42, 0x21, 0x43, 0xC9, 0x0F
	.byte 0x07, 0x4A, 0x80, 0x18, 0x01, 0x70, 0x2D, 0x68, 0xAA, 0x18, 0x10, 0x78, 0x00, 0x28, 0x09, 0xD0
	.byte 0xC0, 0x20, 0x40, 0x00, 0x29, 0x18, 0x00, 0x20, 0x0C, 0xE0, 0x00, 0x00, 0xE0, 0x4F, 0x03, 0x02
	.byte 0x81, 0x01, 0x00, 0x00, 0x12, 0x48, 0x80, 0x68, 0x40, 0x09, 0x01, 0x21, 0x08, 0x40, 0xC0, 0x22
	.byte 0x52, 0x00, 0xA9, 0x18, 0x08, 0x70, 0x0F, 0x49, 0x08, 0x68, 0xC1, 0x23, 0x5B, 0x00, 0xC0, 0x18
	.byte 0x00, 0x22, 0x02, 0x70, 0x08, 0x68, 0x01, 0x33, 0xC0, 0x18, 0x02, 0x70, 0x0A, 0x68, 0x03, 0x3B
	.byte 0xD0, 0x18, 0x00, 0x78, 0x89, 0x46, 0x00, 0x28, 0x0E, 0xD0, 0xC2, 0x20, 0x40, 0x00, 0x11, 0x18
	.byte 0x03, 0x20, 0x08, 0x70, 0x4A, 0x46, 0x11, 0x68, 0x22, 0x3B, 0xCA, 0x18, 0x11, 0x20, 0x0E, 0xE0
	.byte 0xB0, 0x9B, 0x03, 0x02, 0xE0, 0x4F, 0x03, 0x02, 0xC2, 0x20, 0x40, 0x00, 0x11, 0x18, 0x01, 0x20
	.byte 0x08, 0x70, 0x4A, 0x46, 0x11, 0x68, 0xAF, 0x23, 0x5B, 0x00, 0xCA, 0x18, 0x2B, 0x20, 0x10, 0x80
	.byte 0x00, 0x02, 0x48, 0x63, 0x48, 0x46, 0x02, 0x68, 0xC3, 0x23, 0x5B, 0x00, 0xD1, 0x18, 0x10, 0x20
	.byte 0x08, 0x80, 0xC4, 0x20, 0x40, 0x00, 0x11, 0x18, 0x2F, 0x48, 0x08, 0x60, 0x18, 0xF7, 0x08, 0xFE
	.byte 0x03, 0x20, 0x00, 0x21, 0x1C, 0x22, 0x00, 0x23, 0x18, 0xF7, 0x64, 0xFF, 0x02, 0x20, 0x00, 0x21
	.byte 0x1D, 0x22, 0x00, 0x23, 0x18, 0xF7, 0x5E, 0xFF, 0x01, 0x20, 0x00, 0x21, 0x1E, 0x22, 0x00, 0x23
	.byte 0x18, 0xF7, 0x58, 0xFF, 0x00, 0x20, 0x03, 0x21, 0x1F, 0x22, 0x00, 0x23, 0x18, 0xF7, 0x52, 0xFF
	.byte 0x22, 0x4E, 0x80, 0x21, 0x09, 0x02, 0x88, 0x46, 0x03, 0x20, 0x31, 0x1C, 0x42, 0x46, 0x18, 0xF7
	.byte 0x6B, 0xFF, 0x1F, 0x4C, 0x80, 0x25, 0xAD, 0x00, 0x03, 0x20, 0x21, 0x1C, 0x2A, 0x1C, 0x18, 0xF7
	.byte 0x75, 0xFF, 0x1C, 0x49, 0x80, 0x27, 0x3F, 0x01, 0x03, 0x20, 0x3A, 0x1C, 0x18, 0xF7, 0x86, 0xFF
	.byte 0x02, 0x20, 0x31, 0x1C, 0x42, 0x46, 0x18, 0xF7, 0x57, 0xFF, 0x02, 0x20, 0x21, 0x1C, 0x2A, 0x1C
	.byte 0x18, 0xF7, 0x64, 0xFF, 0x14, 0x49, 0x02, 0x20, 0x3A, 0x1C, 0x18, 0xF7, 0x77, 0xFF, 0x01, 0x20
	.byte 0x31, 0x1C, 0x42, 0x46, 0x18, 0xF7, 0x48, 0xFF, 0x01, 0x20, 0x21, 0x1C, 0x2A, 0x1C, 0x18, 0xF7
	.byte 0x55, 0xFF, 0x4A, 0x46, 0x10, 0x68, 0xC0, 0x23, 0x5B, 0x00, 0xC0, 0x18, 0x00, 0x78, 0x00, 0x28
	.byte 0x18, 0xD0, 0x0A, 0x49, 0x01, 0x20, 0x3A, 0x1C, 0x18, 0xF7, 0x60, 0xFF, 0x08, 0x4A, 0x01, 0x20
	.byte 0x00, 0x21, 0x19, 0xF7, 0x4B, 0xF9, 0x17, 0xE0, 0x45, 0xBE, 0x0E, 0x08, 0x64, 0x9A, 0x95, 0x09
	.byte 0xC4, 0x19, 0x99, 0x09, 0x44, 0x6F, 0x98, 0x09, 0x44, 0x77, 0x98, 0x09, 0x44, 0x8F, 0x98, 0x09
	.byte 0xFF, 0xFF, 0x00, 0x00, 0x56, 0x49, 0x01, 0x20, 0x3A, 0x1C, 0x18, 0xF7, 0x47, 0xFF, 0x55, 0x4A
	.byte 0x01, 0x20, 0x00, 0x21, 0x19, 0xF7, 0x32, 0xF9, 0x53, 0x48, 0x20, 0x21, 0x16, 0xF7, 0xC2, 0xFB
	.byte 0x52, 0x4C, 0x21, 0x68, 0x08, 0x60, 0x52, 0x48, 0xB0, 0x21, 0x89, 0x00, 0x16, 0xF7, 0x02, 0xFA
	.byte 0x21, 0x68, 0x48, 0x60, 0x4F, 0x48, 0x88, 0x60, 0xA0, 0x20, 0x00, 0x02, 0xC8, 0x60, 0x4E, 0x48
	.byte 0x08, 0x61, 0xD0, 0x20, 0x80, 0x00, 0x4D, 0x49, 0x16, 0xF7, 0x1E, 0xFB, 0x21, 0x68, 0xB2, 0x22
	.byte 0x52, 0x00, 0x89, 0x18, 0x08, 0x60, 0x4A, 0x48, 0x20, 0x21, 0x16, 0xF7, 0xA3, 0xFB, 0x21, 0x68
	.byte 0xB0, 0x23, 0x5B, 0x00, 0xC9, 0x18, 0x08, 0x60, 0xA0, 0x20, 0x80, 0x00, 0x45, 0x49, 0x16, 0xF7
	.byte 0x0B, 0xFB, 0x21, 0x68, 0xB6, 0x22, 0x52, 0x00, 0x89, 0x18, 0x08, 0x60, 0x42, 0x48, 0x20, 0x21
	.byte 0x16, 0xF7, 0x90, 0xFB, 0x21, 0x68, 0xB4, 0x23, 0x5B, 0x00, 0xC9, 0x18, 0x08, 0x60, 0x80, 0x25
	.byte 0xED, 0x00, 0x3E, 0x49, 0x28, 0x1C, 0x16, 0xF7, 0xF7, 0xFA, 0x21, 0x68, 0xBA, 0x22, 0x52, 0x00
	.byte 0x89, 0x18, 0x08, 0x60, 0x3A, 0x48, 0x20, 0x21, 0x16, 0xF7, 0x7C, 0xFB, 0x21, 0x68, 0xB8, 0x23
	.byte 0x5B, 0x00, 0xC9, 0x18, 0x08, 0x60, 0x37, 0x49, 0x28, 0x1C, 0x16, 0xF7, 0xE5, 0xFA, 0x21, 0x68
	.byte 0xBE, 0x22, 0x52, 0x00, 0x89, 0x18, 0x08, 0x60, 0x33, 0x48, 0x20, 0x21, 0x16, 0xF7, 0x6A, 0xFB
	.byte 0x21, 0x68, 0xBC, 0x23, 0x5B, 0x00, 0xC9, 0x18, 0x08, 0x60, 0x30, 0x48, 0x20, 0x21, 0x16, 0xF7
	.byte 0x61, 0xFB, 0x21, 0x68, 0xC8, 0x62, 0x90, 0x20, 0x40, 0x00, 0x2D, 0x49, 0x16, 0xF7, 0xCC, 0xFA
	.byte 0x01, 0x1C, 0x20, 0x68, 0x01, 0x63, 0x14, 0x30, 0x2A, 0x49, 0x2B, 0x4A, 0x19, 0xF7, 0xFC, 0xFA
	.byte 0x20, 0x68, 0x14, 0x30, 0x00, 0x21, 0x01, 0x22, 0x19, 0xF7, 0x14, 0xFB, 0x27, 0x48, 0x20, 0x21
	.byte 0x16, 0xF7, 0x48, 0xFB, 0x21, 0x68, 0x88, 0x63, 0xAE, 0x20, 0x40, 0x00, 0x09, 0x18, 0x00, 0x20
	.byte 0x08, 0x70, 0x20, 0x68, 0x3C, 0x30, 0x24, 0x21, 0x79, 0xF7, 0x98, 0xFB, 0x00, 0x24, 0x20, 0x06
	.byte 0x00, 0x0E, 0xFF, 0xF7, 0x37, 0xFB, 0x01, 0x34, 0x03, 0x2C, 0xF8, 0xDD, 0x0B, 0x48, 0x00, 0x68
	.byte 0x1B, 0x49, 0x40, 0x18, 0x00, 0x78, 0xFF, 0xF7, 0x4F, 0xFB, 0x00, 0x20, 0x10, 0x21, 0x19, 0xF7
	.byte 0xAF, 0xFE, 0x18, 0xBC, 0x98, 0x46, 0xA1, 0x46, 0xF0, 0xBC, 0x01, 0xBC, 0x00, 0x47, 0x00, 0x00
	.byte 0x44, 0x7F, 0x98, 0x09, 0xFD, 0xFF, 0x00, 0x00, 0xC4, 0x1B, 0x99, 0x09, 0xE0, 0x4F, 0x03, 0x02
	.byte 0xAA, 0x87, 0x8A, 0x09, 0x00, 0xF8, 0xFF, 0xFF, 0x00, 0x80, 0xFF, 0xFF, 0x60, 0x65, 0x8B, 0x08
	.byte 0xA4, 0x83, 0xF6, 0x08, 0xF8, 0xFD, 0x19, 0x09, 0x58, 0x7C, 0x61, 0x09, 0xB8, 0xBD, 0x1A, 0x09
	.byte 0x84, 0x83, 0xF6, 0x08, 0x8A, 0xB7, 0x2E, 0x09, 0x18, 0x81, 0x61, 0x09, 0xE4, 0x1B, 0x99, 0x09
	.byte 0xE2, 0x8A, 0x8A, 0x09, 0x88, 0x8D, 0xEF, 0x09, 0x78, 0x8D, 0xEF, 0x09, 0x04, 0x1C, 0x99, 0x09
	.byte 0x83, 0x01, 0x00, 0x00, 0x00, 0xB5, 0x07, 0x48, 0x02, 0x68, 0xC4, 0x21, 0x49, 0x00, 0x50, 0x18
	.byte 0x01, 0x68, 0x00, 0x29, 0x02, 0xD0, 0x10, 0x1C, 0x31, 0xF0, 0xBC, 0xF8, 0xFF, 0xF7, 0x72, 0xFB
	.byte 0x01, 0xBC, 0x00, 0x47, 0xE0, 0x4F, 0x03, 0x02, 0x10, 0xB5, 0x2C, 0x4C, 0x20, 0x68, 0x00, 0x68
	.byte 0x16, 0xF7, 0xDE, 0xFB, 0x20, 0x68, 0x40, 0x68, 0x16, 0xF7, 0x32, 0xFA, 0x20, 0x68, 0xC0, 0x6A
	.byte 0x16, 0xF7, 0xD6, 0xFB, 0x20, 0x68, 0x00, 0x6B, 0x16, 0xF7, 0x2A, 0xFA, 0x20, 0x68, 0xB0, 0x21
	.byte 0x49, 0x00, 0x40, 0x18, 0x00, 0x68, 0x16, 0xF7, 0xCB, 0xFB, 0x20, 0x68, 0xB2, 0x21, 0x49, 0x00
	.byte 0x40, 0x18, 0x00, 0x68, 0x16, 0xF7, 0x1C, 0xFA, 0x20, 0x68, 0xB4, 0x21, 0x49, 0x00, 0x40, 0x18
	.byte 0x00, 0x68, 0x16, 0xF7, 0xBD, 0xFB, 0x20, 0x68, 0xB6, 0x21, 0x49, 0x00, 0x40, 0x18, 0x00, 0x68
	.byte 0x16, 0xF7, 0x0E, 0xFA, 0x20, 0x68, 0xB8, 0x21, 0x49, 0x00, 0x40, 0x18, 0x00, 0x68, 0x16, 0xF7
	.byte 0xAF, 0xFB, 0x20, 0x68, 0xBA, 0x21, 0x49, 0x00, 0x40, 0x18, 0x00, 0x68, 0x16, 0xF7, 0x00, 0xFA
	.byte 0x20, 0x68, 0xBC, 0x21, 0x49, 0x00, 0x40, 0x18, 0x00, 0x68, 0x16, 0xF7, 0xA1, 0xFB, 0x20, 0x68
	.byte 0xBE, 0x21, 0x49, 0x00, 0x40, 0x18, 0x00, 0x68, 0x16, 0xF7, 0xF2, 0xF9, 0x20, 0x68, 0x80, 0x6B
	.byte 0x16, 0xF7, 0x96, 0xFB, 0x20, 0x68, 0x3C, 0x30, 0x24, 0x21, 0x79, 0xF7, 0xF9, 0xFA, 0x20, 0x68
	.byte 0x14, 0xF7, 0x68, 0xFA, 0x10, 0xBC, 0x01, 0xBC, 0x00, 0x47, 0x00, 0x00, 0xE0, 0x4F, 0x03, 0x02
	.byte 0x10, 0xB5, 0x04, 0x1C, 0xB7, 0xF7, 0xE0, 0xFE, 0x00, 0x06, 0x00, 0x28, 0x15, 0xD1, 0x20, 0x78
	.byte 0x00, 0x28, 0x08, 0xD1, 0x01, 0x20, 0x10, 0x21, 0xDB, 0xF7, 0x44, 0xF8, 0x01, 0x20, 0x10, 0x21
	.byte 0x19, 0xF7, 0x30, 0xFE, 0x07, 0xE0, 0x00, 0x20, 0x10, 0x21, 0xDB, 0xF7, 0x3B, 0xF8, 0x00, 0x20
	.byte 0x10, 0x21, 0x19, 0xF7, 0x27, 0xFE, 0x02, 0x48, 0x60, 0x60, 0x10, 0xBC, 0x01, 0xBC, 0x00, 0x47
	.byte 0x45, 0xC5, 0x0E, 0x08, 0x10, 0xB5, 0x04, 0x1C, 0x19, 0xF7, 0xE4, 0xFE, 0x00, 0x06, 0x00, 0x28
	.byte 0x0E, 0xD1, 0x20, 0x78, 0x00, 0x28, 0x07, 0xD1, 0x02, 0x48, 0x00, 0x21, 0x14, 0xF7, 0xB6, 0xFD
	.byte 0x06, 0xE0, 0x00, 0x00, 0xC0, 0x4E, 0xEF, 0x09, 0x03, 0x48, 0x00, 0x21, 0x14, 0xF7, 0xAE, 0xFD
	.byte 0x10, 0xBC, 0x01, 0xBC, 0x00, 0x47, 0x00, 0x00, 0x50, 0x4E, 0xEF, 0x09, 0x30, 0xB5, 0x05, 0x1C
	.byte 0x13, 0x4C, 0x1C, 0x20, 0x14, 0xF7, 0xC8, 0xF9, 0x20, 0x60, 0x05, 0x70, 0x18, 0xF7, 0x10, 0xFC
	.byte 0x20, 0x68, 0x08, 0x30, 0x01, 0x21, 0x14, 0xF7, 0x65, 0xFC, 0x24, 0x68, 0x20, 0x78, 0x00, 0x28
	.byte 0x18, 0xD1, 0x20, 0x1C, 0x08, 0x30, 0xB0, 0x21, 0xB7, 0xF7, 0xEE, 0xFD, 0xDA, 0xF7, 0xDE, 0xFE
	.byte 0x00, 0x20, 0x00, 0x21, 0x00, 0x22, 0xDA, 0xF7, 0xF5, 0xFE, 0x01, 0x20, 0x10, 0x21, 0xDA, 0xF7
	.byte 0xD3, 0xFF, 0x01, 0x20, 0x10, 0x21, 0x19, 0xF7, 0xAB, 0xFD, 0x19, 0xF7, 0xED, 0xFE, 0x17, 0xE0
	.byte 0xE4, 0x4F, 0x03, 0x02, 0x20, 0x1C, 0x08, 0x30, 0xB3, 0x21, 0xB7, 0xF7, 0xD5, 0xFD, 0xDA, 0xF7
	.byte 0xC5, 0xFE, 0x00, 0x20, 0x00, 0x21, 0x00, 0x22, 0xDA, 0xF7, 0xDC, 0xFE, 0x00, 0x20, 0x01, 0x21
	.byte 0xDA, 0xF7, 0xBA, 0xFF, 0x00, 0x20, 0x01, 0x21, 0x19, 0xF7, 0x92, 0xFD, 0x19, 0xF7, 0xD4, 0xFE
	.byte 0x03, 0x48, 0x01, 0x68, 0x03, 0x48, 0x48, 0x60, 0x30, 0xBC, 0x01, 0xBC, 0x00, 0x47, 0x00, 0x00
	.byte 0xE4, 0x4F, 0x03, 0x02, 0x01, 0xC5, 0x0E, 0x08, 0x10, 0xB5, 0x09, 0x4C, 0x20, 0x68, 0x41, 0x68
	.byte 0x30, 0xF0, 0xC8, 0xFF, 0x20, 0x68, 0x08, 0x30, 0x14, 0xF7, 0x3C, 0xFC, 0x20, 0x68, 0x08, 0x30
	.byte 0x14, 0xF7, 0x56, 0xFC, 0xDA, 0xF7, 0xD0, 0xFE, 0x10, 0xBC, 0x01, 0xBC, 0x00, 0x47, 0x00, 0x00
	.byte 0xE4, 0x4F, 0x03, 0x02, 0x10, 0xB5, 0x05, 0x4C, 0x20, 0x68, 0x08, 0x30, 0x14, 0xF7, 0x5E, 0xFC
	.byte 0x20, 0x68, 0x14, 0xF7, 0xB7, 0xF9, 0x10, 0xBC, 0x01, 0xBC, 0x00, 0x47, 0xE4, 0x4F, 0x03, 0x02
	.byte 0x30, 0xB5, 0x05, 0x1C, 0x29, 0x49, 0x2A, 0x48, 0x00, 0x79, 0x80, 0x00, 0x40, 0x18, 0x04, 0x68
	.byte 0x28, 0x1C, 0x04, 0x21, 0x14, 0xF7, 0xF6, 0xFB, 0xA1, 0x68, 0xA2, 0x89, 0x03, 0x20, 0x18, 0xF7
	.byte 0x1B, 0xFD, 0xA1, 0x68, 0xA2, 0x89, 0x02, 0x20, 0x18, 0xF7, 0x16, 0xFD, 0x21, 0x69, 0xA2, 0x8A
	.byte 0x01, 0x20, 0x18, 0xF7, 0x11, 0xFD, 0x21, 0x68, 0xA2, 0x88, 0x03, 0x20, 0x18, 0xF7, 0x1E, 0xFD
	.byte 0x21, 0x68, 0xA2, 0x88, 0x02, 0x20, 0x18, 0xF7, 0x19, 0xFD, 0x21, 0x68, 0xA2, 0x88, 0x01, 0x20
	.byte 0x18, 0xF7, 0x14, 0xFD, 0xF8, 0xF7, 0x56, 0xFF, 0x16, 0x49, 0x09, 0x68, 0x88, 0x80, 0x40, 0x20
	.byte 0xC8, 0x80, 0x15, 0x48, 0x02, 0x68, 0x88, 0x88, 0x80, 0x00, 0x10, 0x82, 0xC8, 0x88, 0x40, 0x00
	.byte 0x50, 0x82, 0x88, 0x88, 0xC9, 0x88, 0xF8, 0xF7, 0x81, 0xF9, 0x00, 0x24, 0x20, 0x06, 0x00, 0x0E
	.byte 0xF3, 0xF7, 0x4C, 0xFA, 0x02, 0x1C, 0x11, 0x88, 0x01, 0x20, 0x08, 0x40, 0x00, 0x28, 0x07, 0xD0
	.byte 0x08, 0x20, 0x08, 0x40, 0x00, 0x28, 0x03, 0xD1, 0x28, 0x1C, 0x08, 0x49, 0x14, 0xF7, 0x8A, 0xFB
	.byte 0x01, 0x34, 0x03, 0x2C, 0xEA, 0xDD, 0x30, 0xBC, 0x01, 0xBC, 0x00, 0x47, 0xD0, 0x70, 0xEF, 0x09
	.byte 0x90, 0xC5, 0x03, 0x02, 0xAC, 0xC7, 0x03, 0x02, 0xA0, 0x9B, 0x03, 0x02, 0x30, 0x6B, 0xEF, 0x09
	.byte 0x10, 0xB5, 0x04, 0x1C, 0x06, 0x48, 0x01, 0x68, 0x88, 0x68, 0xC9, 0x68, 0xF3, 0xF7, 0xDA, 0xFC
	.byte 0x20, 0x1C, 0x14, 0xF7, 0xB7, 0xFB, 0x01, 0x20, 0x10, 0xBC, 0x02, 0xBC, 0x08, 0x47, 0x00, 0x00
	.byte 0xA0, 0x9B, 0x03, 0x02, 0x00, 0xB5, 0x14, 0xF7, 0xCB, 0xFB, 0x01, 0xBC, 0x00, 0x47, 0x00, 0x00
	.byte 0x00, 0xB5, 0x14, 0xF7, 0xDB, 0xFB, 0xF8, 0xF7, 0xED, 0xF9, 0x01, 0xBC, 0x00, 0x47, 0x00, 0x00
	.byte 0xF0, 0xB5, 0x06, 0x1C, 0x0D, 0x1C, 0x00, 0x20, 0x30, 0x70, 0x00, 0x2D, 0x1B, 0xD0, 0x00, 0x27
	.byte 0x28, 0x88, 0x00, 0x28, 0x17, 0xD0, 0x5C, 0x20, 0x3C, 0x1C, 0x44, 0x43, 0x04, 0x34, 0x34, 0x19
	.byte 0x2A, 0x88, 0x20, 0x1C, 0x06, 0x21, 0xA0, 0x23, 0x25, 0xF7, 0x90, 0xFD, 0x69, 0x68, 0xAA, 0x68
	.byte 0x20, 0x1C, 0x00, 0x23, 0x25, 0xF7, 0xC6, 0xFD, 0x30, 0x78, 0x01, 0x30, 0x30, 0x70, 0x0C, 0x35
	.byte 0x01, 0x37, 0x04, 0x2F, 0xE4, 0xDD, 0xF0, 0xBC, 0x01, 0xBC, 0x00, 0x47, 0xF0, 0xB5, 0x90, 0xB0
	.byte 0x07, 0x1C, 0x0E, 0x1C, 0x09, 0x48, 0xC0, 0x79, 0x00, 0x28, 0x13, 0xD0, 0x01, 0x28, 0x27, 0xD0
	.byte 0x07, 0x4A, 0x10, 0x68, 0xE4, 0x30, 0x2D, 0x21, 0x01, 0x70, 0x11, 0x68, 0x0A, 0x1C, 0xDC, 0x32
	.byte 0xB0, 0x6C, 0x10, 0x60, 0xE0, 0x31, 0xF0, 0x6C, 0x2B, 0xE0, 0x00, 0x00, 0x90, 0xC5, 0x03, 0x02
	.byte 0xA0, 0x9B, 0x03, 0x02, 0x08, 0x4A, 0x10, 0x68, 0xE4, 0x30, 0xAD, 0x21, 0x01, 0x70, 0x11, 0x68
	.byte 0x0A, 0x1C, 0xDC, 0x32, 0xB0, 0x6B, 0x05, 0x4B, 0xC0, 0x18, 0x10, 0x60, 0xE0, 0x31, 0xF0, 0x6B
	.byte 0x80, 0x22, 0x12, 0x01, 0x14, 0xE0, 0x00, 0x00, 0xA0, 0x9B, 0x03, 0x02, 0x00, 0xF4, 0xFF, 0xFF
	.byte 0x1C, 0x4A, 0x10, 0x68, 0xE4, 0x30, 0x2D, 0x21, 0x01, 0x70, 0x11, 0x68, 0x0A, 0x1C, 0xDC, 0x32
	.byte 0x30, 0x6C, 0xC0, 0x23, 0x1B, 0x01, 0xC0, 0x18, 0x10, 0x60, 0xE0, 0x31, 0x70, 0x6C, 0x16, 0x4A
	.byte 0x80, 0x18, 0x08, 0x60, 0xB1, 0x68, 0xB2, 0x89, 0x03, 0x20, 0x18, 0xF7, 0x3D, 0xFC, 0x31, 0x68
	.byte 0xB2, 0x88, 0x03, 0x20, 0x18, 0xF7, 0x4A, 0xFC, 0xB1, 0x69, 0x35, 0x1C, 0x24, 0x35, 0x2A, 0x78
	.byte 0x34, 0x1C, 0x25, 0x34, 0x23, 0x78, 0x03, 0x20, 0x18, 0xF7, 0x88, 0xFC, 0xF0, 0x69, 0x00, 0x28
	.byte 0x14, 0xD0, 0xB1, 0x68, 0xB2, 0x89, 0x02, 0x20, 0x18, 0xF7, 0x26, 0xFC, 0x31, 0x68, 0xB2, 0x88
	.byte 0x02, 0x20, 0x18, 0xF7, 0x33, 0xFC, 0xF1, 0x69, 0x2A, 0x78, 0x23, 0x78, 0x02, 0x20, 0x18, 0xF7
	.byte 0x75, 0xFC, 0x06, 0xE0, 0xA0, 0x9B, 0x03, 0x02, 0x00, 0xF8, 0xFF, 0xFF, 0x02, 0x20, 0x18, 0xF7
	.byte 0xC5, 0xFB, 0x30, 0x6A, 0x00, 0x28, 0x10, 0xD0, 0x31, 0x69, 0xB2, 0x8A, 0x01, 0x20, 0x18, 0xF7
	.byte 0x0B, 0xFC, 0x31, 0x68, 0xB2, 0x88, 0x01, 0x20, 0x18, 0xF7, 0x18, 0xFC, 0x31, 0x6A, 0x2A, 0x78
	.byte 0x23, 0x78, 0x01, 0x20, 0x18, 0xF7, 0x5A, 0xFC, 0x02, 0xE0, 0x01, 0x20, 0x18, 0xF7, 0xAE, 0xFB
	.byte 0x1F, 0x48, 0x01, 0x68, 0x28, 0x78, 0x40, 0x01, 0x08, 0x82, 0x20, 0x78, 0x40, 0x01, 0x48, 0x82
	.byte 0x1C, 0x48, 0x02, 0x68, 0x08, 0x8A, 0x80, 0x08, 0x90, 0x80, 0x48, 0x8A, 0x40, 0x08, 0xD0, 0x80
	.byte 0x30, 0x1C, 0xF8, 0xF7, 0xC1, 0xFF, 0xE8, 0x23, 0x5B, 0x00, 0xFC, 0x18, 0x20, 0x1C, 0x02, 0x21
	.byte 0x14, 0xF7, 0xB8, 0xFA, 0xB0, 0x6B, 0x00, 0x90, 0xF0, 0x6B, 0x01, 0x90, 0x69, 0x46, 0x2D, 0x20
	.byte 0x08, 0x75, 0x11, 0x4D, 0x20, 0x1C, 0x29, 0x1C, 0x6A, 0x46, 0x14, 0xF7, 0x83, 0xFA, 0x31, 0x6C
	.byte 0x00, 0x29, 0x02, 0xD1, 0x70, 0x6C, 0x00, 0x28, 0x0A, 0xD0, 0x00, 0x91, 0x70, 0x6C, 0x01, 0x90
	.byte 0x69, 0x46, 0xAD, 0x20, 0x08, 0x75, 0x20, 0x1C, 0x29, 0x1C, 0x6A, 0x46, 0x14, 0xF7, 0x72, 0xFA
	.byte 0x31, 0x6B, 0x38, 0x1C, 0xFF, 0xF7, 0x14, 0xFF, 0x10, 0xB0, 0xF0, 0xBC, 0x01, 0xBC, 0x00, 0x47
	.byte 0xA0, 0x9B, 0x03, 0x02, 0xAC, 0xC7, 0x03, 0x02, 0x84, 0x6F, 0xEF, 0x09, 0x70, 0xB5, 0x06, 0x1C
	.byte 0x21, 0x4D, 0x2A, 0x68, 0x91, 0x68, 0x21, 0x48, 0x09, 0x18, 0xD0, 0x68, 0x20, 0x4B, 0xC4, 0x18
	.byte 0x13, 0x68, 0xC8, 0x1A, 0x00, 0x28, 0x00, 0xDA, 0x07, 0x30, 0xC0, 0x10, 0x19, 0x18, 0x11, 0x60
	.byte 0x53, 0x68, 0xE0, 0x1A, 0x00, 0x28, 0x00, 0xDA, 0x07, 0x30, 0xC0, 0x10, 0x18, 0x18, 0x50, 0x60
	.byte 0x00, 0x29, 0x01, 0xDA, 0x00, 0x20, 0x10, 0x60, 0x29, 0x68, 0x48, 0x68, 0x00, 0x28, 0x01, 0xDA
	.byte 0x00, 0x20, 0x48, 0x60, 0x2A, 0x68, 0x10, 0x68, 0xF0, 0x21, 0x09, 0x02, 0x40, 0x18, 0x11, 0x8A
	.byte 0xC9, 0x02, 0x88, 0x42, 0x02, 0xDD, 0x0F, 0x4B, 0xC8, 0x18, 0x10, 0x60, 0x2A, 0x68, 0x50, 0x68
	.byte 0xA0, 0x21, 0x09, 0x02, 0x40, 0x18, 0x51, 0x8A, 0xC9, 0x02, 0x88, 0x42, 0x02, 0xDD, 0x0A, 0x4B
	.byte 0xC8, 0x18, 0x50, 0x60, 0xE8, 0x21, 0x49, 0x00, 0x70, 0x18, 0x14, 0xF7, 0x6B, 0xFA, 0x01, 0x20
	.byte 0x70, 0xBC, 0x02, 0xBC, 0x08, 0x47, 0x00, 0x00, 0xA0, 0x9B, 0x03, 0x02, 0x00, 0x88, 0xFF, 0xFF
	.byte 0x00, 0xA0, 0xFF, 0xFF, 0x00, 0x10, 0xFF, 0xFF, 0x00, 0x60, 0xFF, 0xFF, 0x30, 0xB5, 0x05, 0x1C
	.byte 0x16, 0x4C, 0x20, 0x68, 0x01, 0x68, 0x09, 0x02, 0x09, 0x0C, 0x42, 0x68, 0x12, 0x02, 0x12, 0x0C
	.byte 0x03, 0x20, 0x18, 0xF7, 0x1F, 0xFC, 0x20, 0x68, 0x01, 0x68, 0x09, 0x02, 0x09, 0x0C, 0x42, 0x68
	.byte 0x12, 0x02, 0x12, 0x0C, 0x02, 0x20, 0x18, 0xF7, 0x15, 0xFC, 0x0D, 0x48, 0x00, 0x68, 0x00, 0x68
	.byte 0x01, 0x21, 0x08, 0x40, 0x00, 0x28, 0x09, 0xD1, 0x20, 0x68, 0x01, 0x68, 0x09, 0x02, 0x09, 0x0C
	.byte 0x42, 0x68, 0x12, 0x02, 0x12, 0x0C, 0x01, 0x20, 0x18, 0xF7, 0x04, 0xFC, 0xE8, 0x21, 0x49, 0x00
	.byte 0x68, 0x18, 0x14, 0xF7, 0x4D, 0xFA, 0x30, 0xBC, 0x01, 0xBC, 0x00, 0x47, 0xA0, 0x9B, 0x03, 0x02
	.byte 0xAC, 0xC7, 0x03, 0x02, 0x70, 0xB5, 0x06, 0x1C, 0x00, 0x25, 0x30, 0x78, 0x85, 0x42, 0x08, 0xDA
	.byte 0x34, 0x1D, 0x20, 0x1C, 0x25, 0xF7, 0x4E, 0xFC, 0x5C, 0x34, 0x01, 0x35, 0x31, 0x78, 0x8D, 0x42
	.byte 0xF7, 0xDB, 0xE8, 0x21, 0x49, 0x00, 0x70, 0x18, 0x14, 0xF7, 0x48, 0xFA, 0xF8, 0xF7, 0x32, 0xFF
	.byte 0x70, 0xBC, 0x01, 0xBC, 0x00, 0x47, 0x00, 0x00
	thumb_func_start func_080ECA88
func_080ECA88: @ 080ECA88
	push {r4, lr}
	adds r4, r0, #0x0
	ldr r0, [r4, #0x44]
	ldr r1, [r4, #0x4C]
	ldr r2, [r4, #0x54]
	bl func_080038E4
	ldr r0, [r4, #0x58]
	ldr r1, [r4, #0x60]
	ldr r2, [r4, #0x64]
	bl func_080038E4
	pop {r4}
	pop {r0}
	bx r0
	.byte 0x00, 0x00, 0x10, 0xB5, 0x04, 0x1C, 0x60, 0x6C, 0xE1, 0x6C, 0x22, 0x6D, 0x16, 0xF7, 0x17, 0xFF
	.byte 0xA0, 0x6D, 0x21, 0x6E, 0xA2, 0x6E, 0x16, 0xF7, 0x12, 0xFF, 0x10, 0xBC, 0x01, 0xBC, 0x00, 0x47
	.byte 0x00, 0x00, 0xF0, 0xB5, 0x4F, 0x46, 0x46, 0x46, 0xC0, 0xB4, 0x06, 0x1C, 0x35, 0x1C, 0x80, 0xCD
	.byte 0x36, 0x48, 0x80, 0x46, 0x00, 0x68, 0x00, 0x6F, 0x80, 0x21, 0x89, 0x01, 0x08, 0x40, 0x00, 0x28
	.byte 0x5B, 0xD1, 0x32, 0x49, 0x89, 0x46, 0x08, 0x68, 0x00, 0x68, 0x31, 0x49, 0x08, 0x40, 0x00, 0x28
	.byte 0x53, 0xD1, 0xF8, 0x79, 0x03, 0x30, 0x00, 0x06, 0x00, 0x0E, 0x01, 0x28, 0x4D, 0xD9, 0x39, 0x88
	.byte 0x12, 0x20, 0x08, 0x40, 0x12, 0x28, 0x48, 0xD0, 0x28, 0x1C, 0x00, 0x21, 0x08, 0x22, 0xF3, 0xF7
	.byte 0xE4, 0xFB, 0x00, 0x06, 0x00, 0x28, 0x40, 0xD0, 0x40, 0x46, 0x02, 0x68, 0x10, 0x6F, 0x80, 0x21
	.byte 0x09, 0x04, 0x08, 0x40, 0x00, 0x28, 0x38, 0xD1, 0x11, 0x6A, 0x50, 0x6A, 0x81, 0x42, 0x34, 0xD1
	.byte 0xDC, 0x20, 0x33, 0xF0, 0x9A, 0xF9, 0x34, 0x1C, 0x74, 0x34, 0x1E, 0x49, 0x20, 0x1C, 0x2A, 0x1C
	.byte 0x14, 0xF7, 0x65, 0xF9, 0x49, 0x46, 0x0A, 0x68, 0x10, 0x68, 0x80, 0x21, 0x08, 0x43, 0x10, 0x60
	.byte 0x41, 0x46, 0x08, 0x68, 0x85, 0x66, 0x55, 0x61, 0x31, 0x1C, 0x71, 0x31, 0x01, 0x20, 0x08, 0x70
	.byte 0x16, 0x48, 0xF0, 0x66, 0xF8, 0x79, 0xD0, 0x73, 0x48, 0x46, 0x01, 0x68, 0xB8, 0x79, 0x08, 0x74
	.byte 0xB0, 0x6C, 0xC0, 0x88, 0x10, 0x30, 0x00, 0x04, 0x00, 0x0C, 0x01, 0x21, 0x19, 0xF7, 0xB7, 0xFB
	.byte 0xF0, 0x6D, 0xC0, 0x88, 0x10, 0x30, 0x00, 0x04, 0x00, 0x0C, 0x01, 0x21, 0x19, 0xF7, 0xAF, 0xFB
	.byte 0x0B, 0x49, 0x20, 0x1C, 0x00, 0x22, 0x14, 0xF7, 0x3A, 0xF9, 0x01, 0x20, 0x18, 0xBC, 0x98, 0x46
	.byte 0xA1, 0x46, 0xF0, 0xBC, 0x02, 0xBC, 0x08, 0x47, 0x00, 0x00, 0xA0, 0x9B, 0x03, 0x02, 0xAC, 0xC7
	.byte 0x03, 0x02, 0x04, 0x40, 0x00, 0x00, 0xC4, 0x6E, 0xEF, 0x09, 0xC9, 0xCB, 0x0E, 0x08, 0x68, 0xB3
	.byte 0xED, 0x09, 0x30, 0xB5, 0x05, 0x1C, 0x2C, 0x68, 0xA7, 0xF7, 0x13, 0xF8, 0x02, 0x1C, 0x00, 0x2A
	.byte 0x0F, 0xD0, 0x21, 0x88, 0x10, 0x20, 0x08, 0x40, 0x00, 0x28, 0x04, 0xD0, 0xE0, 0x79, 0x00, 0x21
	.byte 0xF2, 0xF7, 0x2B, 0xFD, 0x03, 0xE0, 0xE0, 0x79, 0x11, 0x1C, 0xF2, 0xF7, 0x26, 0xFD, 0x13, 0x48
	.byte 0xE8, 0x66, 0x13, 0x48, 0x00, 0x68, 0x00, 0x6F, 0x80, 0x21, 0xC9, 0x02, 0x08, 0x40, 0x00, 0x28
	.byte 0x18, 0xD1, 0x10, 0x48, 0x02, 0x68, 0x10, 0x68, 0x81, 0x21, 0x49, 0x42, 0x08, 0x40, 0x10, 0x60
	.byte 0xA8, 0x6C, 0xC0, 0x88, 0x10, 0x30, 0x00, 0x04, 0x00, 0x0C, 0x00, 0x21, 0x19, 0xF7, 0x67, 0xFB
	.byte 0xE8, 0x6D, 0xC0, 0x88, 0x10, 0x30, 0x00, 0x04, 0x00, 0x0C, 0x00, 0x21, 0x19, 0xF7, 0x5F, 0xFB
	.byte 0x06, 0x48, 0xE8, 0x66, 0x01, 0x20, 0x30, 0xBC, 0x02, 0xBC, 0x08, 0x47, 0x00, 0x00, 0x55, 0xCC
	.byte 0x0E, 0x08, 0xA0, 0x9B, 0x03, 0x02, 0xAC, 0xC7, 0x03, 0x02, 0xC9, 0xCA, 0x0E, 0x08, 0x30, 0xB5
	.byte 0x04, 0x1C, 0x25, 0x68, 0x0A, 0x48, 0x00, 0x68, 0x00, 0x6F, 0x80, 0x21, 0x89, 0x03, 0x08, 0x40
	.byte 0x00, 0x28, 0x08, 0xD0, 0x20, 0x1C, 0xFF, 0xF7, 0x0C, 0xFF, 0x28, 0x88, 0x02, 0x21, 0x01, 0x43
	.byte 0x29, 0x80, 0x03, 0x48, 0xE0, 0x66, 0x01, 0x20, 0x30, 0xBC, 0x02, 0xBC, 0x08, 0x47, 0xA0, 0x9B
	.byte 0x03, 0x02, 0x8D, 0xCC, 0x0E, 0x08, 0x01, 0x20, 0x70, 0x47, 0xF0, 0xB5, 0x47, 0x46, 0x80, 0xB4
	.byte 0x04, 0x1C, 0x88, 0x46, 0x25, 0x1D, 0x2E, 0x1C, 0x0C, 0x48, 0x01, 0x79, 0xC8, 0x00, 0x40, 0x18
	.byte 0x80, 0x00, 0x0A, 0x49, 0x47, 0x18, 0x40, 0x46, 0x20, 0x60, 0x21, 0x1C, 0x71, 0x31, 0x00, 0x20
	.byte 0x08, 0x70, 0x01, 0x39, 0x01, 0x20, 0x08, 0x70, 0x41, 0x46, 0x88, 0x79, 0x01, 0x28, 0x18, 0xD0
	.byte 0x01, 0x28, 0x06, 0xDC, 0x00, 0x28, 0x09, 0xD0, 0x4C, 0xE0, 0x90, 0xC5, 0x03, 0x02, 0x68, 0xB9
	.byte 0x84, 0x09, 0x02, 0x28, 0x21, 0xD0, 0x03, 0x28, 0x33, 0xD0, 0x43, 0xE0, 0x04, 0x48, 0xE0, 0x64
	.byte 0xB8, 0x68, 0x60, 0x65, 0x78, 0x68, 0x20, 0x65, 0xAD, 0x20, 0x31, 0xE0, 0x00, 0x00, 0xA0, 0x94
	.byte 0x8A, 0x09, 0x08, 0x48, 0xE0, 0x64, 0x38, 0x6A, 0x60, 0x65, 0xF8, 0x69, 0x20, 0x65, 0x2D, 0x20
	.byte 0x28, 0x75, 0x41, 0x46, 0x48, 0x88, 0x40, 0x01, 0x10, 0x30, 0x60, 0x60, 0x88, 0x88, 0x00, 0x01
	.byte 0x06, 0x30, 0x26, 0xE0, 0x00, 0x00, 0xB4, 0x94, 0x8A, 0x09, 0x08, 0x48, 0xE0, 0x64, 0xB8, 0x69
	.byte 0x60, 0x65, 0x78, 0x69, 0x20, 0x65, 0xD3, 0x20, 0x28, 0x75, 0x41, 0x46, 0x48, 0x88, 0x40, 0x01
	.byte 0x10, 0x30, 0x60, 0x60, 0x88, 0x88, 0x00, 0x01, 0x06, 0x30, 0x12, 0xE0, 0x00, 0x00, 0xC8, 0x94
	.byte 0x8A, 0x09, 0x21, 0x48, 0xE0, 0x64, 0x38, 0x69, 0x60, 0x65, 0xF8, 0x68, 0x20, 0x65, 0x53, 0x20
	.byte 0x28, 0x75, 0x41, 0x46, 0x48, 0x88, 0x40, 0x01, 0x10, 0x30, 0x60, 0x60, 0x88, 0x88, 0x00, 0x01
	.byte 0x0A, 0x30, 0x68, 0x60, 0x30, 0x68, 0x00, 0x02, 0x30, 0x60, 0x70, 0x68, 0x00, 0x02, 0x70, 0x60
	.byte 0x00, 0x20, 0xB0, 0x60, 0x30, 0x1C, 0xF3, 0xF7, 0xD8, 0xF8, 0xF0, 0x60, 0xB0, 0x60, 0x71, 0x68
	.byte 0x09, 0x1A, 0x71, 0x60, 0x20, 0x20, 0x68, 0x83, 0x03, 0x20, 0x28, 0x86, 0x80, 0x20, 0xC0, 0x00
	.byte 0x16, 0xF7, 0x97, 0xFD, 0x60, 0x64, 0x38, 0x68, 0x20, 0x21, 0x15, 0xF7, 0x38, 0xFE, 0xA0, 0x64
	.byte 0x0B, 0x48, 0x20, 0x21, 0x15, 0xF7, 0x33, 0xFE, 0xE0, 0x65, 0x80, 0x20, 0x40, 0x00, 0x16, 0xF7
	.byte 0x88, 0xFD, 0xA0, 0x65, 0x41, 0x46, 0x88, 0x79, 0x00, 0x28, 0x18, 0xDB, 0x01, 0x28, 0x0C, 0xDC
	.byte 0x04, 0x48, 0x20, 0x66, 0x04, 0x48, 0x0D, 0xE0, 0x00, 0x00, 0x8C, 0x94, 0x8A, 0x09, 0x84, 0x12
	.byte 0x99, 0x09, 0xDC, 0x94, 0x8A, 0x09, 0x64, 0x38, 0x95, 0x09, 0x03, 0x28, 0x07, 0xDC, 0x09, 0x48
	.byte 0x20, 0x66, 0x09, 0x48, 0x60, 0x66, 0x80, 0x21, 0x89, 0x00, 0x40, 0x18, 0xA0, 0x66, 0x40, 0x46
	.byte 0x01, 0x88, 0x02, 0x20, 0x08, 0x40, 0x00, 0x28, 0x0B, 0xD0, 0x04, 0x48, 0xE0, 0x66, 0x20, 0x1C
	.byte 0xFF, 0xF7, 0x3F, 0xFE, 0x0A, 0xE0, 0xFC, 0x94, 0x8A, 0x09, 0x64, 0x37, 0x95, 0x09, 0xC9, 0xCA
	.byte 0x0E, 0x08, 0x07, 0x48, 0xE0, 0x66, 0x20, 0x1C, 0xFF, 0xF7, 0x43, 0xFE, 0x20, 0x1C, 0x74, 0x30
	.byte 0x02, 0x21, 0x14, 0xF7, 0x1C, 0xF8, 0x08, 0xBC, 0x98, 0x46, 0xF0, 0xBC, 0x01, 0xBC, 0x00, 0x47
	.byte 0x00, 0x00, 0xC9, 0xCA, 0x0E, 0x08, 0x10, 0xB5, 0x04, 0x1C, 0x07, 0x48, 0x00, 0x68, 0x01, 0x6F
	.byte 0x80, 0x20, 0xC0, 0x02, 0x01, 0x40, 0x00, 0x29, 0x09, 0xD0, 0x20, 0x1C, 0x71, 0x30, 0x01, 0x78
	.byte 0x00, 0x29, 0x0B, 0xD1, 0x01, 0x38, 0x01, 0x70, 0x08, 0xE0, 0xA0, 0x9B, 0x03, 0x02, 0x20, 0x1C
	.byte 0x71, 0x30, 0x01, 0x70, 0x21, 0x1C, 0x70, 0x31, 0x01, 0x20, 0x08, 0x70, 0xE1, 0x6E, 0x00, 0x29
	.byte 0x07, 0xD0, 0x20, 0x1C, 0x30, 0xF0, 0x9B, 0xFB, 0x00, 0x06, 0x00, 0x28, 0x01, 0xD1, 0x00, 0x20
	.byte 0x04, 0xE0, 0x20, 0x1C, 0x74, 0x30, 0x14, 0xF7, 0x0A, 0xF8, 0x01, 0x20, 0x10, 0xBC, 0x02, 0xBC
	.byte 0x08, 0x47, 0xF0, 0xB5, 0x4F, 0x46, 0x46, 0x46, 0xC0, 0xB4, 0x84, 0xB0, 0x06, 0x1C, 0x30, 0x68
	.byte 0x80, 0x46, 0x30, 0x1C, 0x70, 0x30, 0x00, 0x78, 0x01, 0x28, 0x00, 0xD0, 0x7B, 0xE0, 0x71, 0x68
	.byte 0x09, 0x12, 0x0C, 0x48, 0x02, 0x68, 0x10, 0x68, 0x00, 0x12, 0x09, 0x1A, 0x09, 0x04, 0x0D, 0x0C
	.byte 0xB3, 0x68, 0x1F, 0x12, 0xF0, 0x68, 0x00, 0x12, 0x38, 0x18, 0x51, 0x68, 0x09, 0x12, 0x40, 0x1A
	.byte 0x00, 0x04, 0x04, 0x0C, 0x41, 0x46, 0x88, 0x79, 0x02, 0x28, 0x06, 0xDC, 0x01, 0x28, 0x0C, 0xDA
	.byte 0x00, 0x28, 0x04, 0xD0, 0x13, 0xE0, 0xA0, 0x9B, 0x03, 0x02, 0x03, 0x28, 0x0F, 0xD1, 0x19, 0x12
	.byte 0x89, 0x00, 0x00, 0x4A, 0x03, 0xE0, 0x1C, 0xF0, 0xFF, 0xFF, 0xB9, 0x00, 0x03, 0x4A, 0x10, 0x1C
	.byte 0x40, 0x1A, 0x00, 0x04, 0x07, 0x0C, 0x03, 0xE0, 0x00, 0x00, 0xDC, 0xEF, 0xFF, 0xFF, 0x00, 0x27
	.byte 0x80, 0x20, 0x00, 0x01, 0x81, 0x46, 0x2D, 0x04, 0x28, 0x14, 0x24, 0x04, 0x21, 0x14, 0x73, 0x6C
	.byte 0xB2, 0x6C, 0x00, 0x92, 0x00, 0x22, 0x01, 0x92, 0x4A, 0x46, 0x02, 0x92, 0x03, 0x97, 0x00, 0x22
	.byte 0x15, 0xF7, 0x53, 0xFA, 0x40, 0x46, 0x01, 0x88, 0x10, 0x20, 0x08, 0x40, 0x00, 0x28, 0x2E, 0xD0
	.byte 0x42, 0x46, 0x91, 0x79, 0x01, 0x29, 0x1A, 0xD0, 0x01, 0x29, 0x02, 0xDC, 0x00, 0x29, 0x05, 0xD0
	.byte 0x25, 0xE0, 0x02, 0x29, 0x02, 0xD0, 0x03, 0x29, 0x11, 0xD0, 0x20, 0xE0, 0x28, 0x14, 0x21, 0x14
	.byte 0xB3, 0x6D, 0xF2, 0x6D, 0x00, 0x92, 0x00, 0x22, 0x01, 0x92, 0x4A, 0x46, 0x02, 0x92, 0x7A, 0x1E
	.byte 0x12, 0x04, 0x12, 0x0C, 0x03, 0x92, 0x00, 0x22, 0x15, 0xF7, 0x2F, 0xFA, 0x0F, 0xE0, 0x28, 0x14
	.byte 0x21, 0x14, 0xB3, 0x6D, 0xF2, 0x6D, 0x00, 0x92, 0x00, 0x22, 0x01, 0x92, 0x4A, 0x46, 0x02, 0x92
	.byte 0x7A, 0x1E, 0x12, 0x04, 0x12, 0x0C, 0x03, 0x92, 0x00, 0x22, 0x15, 0xF7, 0x1E, 0xFA, 0x30, 0x1C
	.byte 0x74, 0x30, 0x13, 0xF7, 0x9A, 0xFF, 0x04, 0xB0, 0x18, 0xBC, 0x98, 0x46, 0xA1, 0x46, 0xF0, 0xBC
	.byte 0x01, 0xBC, 0x00, 0x47, 0x00, 0x00, 0x10, 0xB5, 0x04, 0x1C, 0x60, 0x6C, 0x15, 0xF7, 0x7D, 0xFC
	.byte 0xA0, 0x6C, 0x15, 0xF7, 0x22, 0xFE, 0xA0, 0x6D, 0x15, 0xF7, 0x77, 0xFC, 0xE0, 0x6D, 0x15, 0xF7
	.byte 0x1C, 0xFE, 0x74, 0x34, 0x20, 0x1C, 0x13, 0xF7, 0x96, 0xFF, 0x10, 0xBC, 0x01, 0xBC, 0x00, 0x47
	.byte 0x00, 0x00
	thumb_func_start func_080ECFE8
func_080ECFE8: @ 080ECFE8
	push {r4, r5, r6, lr}
	adds r6, r0, #0x0
	lsls r1, r1, #0x18
	lsrs r5, r1, #0x18
	ldr r0, [r6, #0x20]
	ldrh r0, [r0, #0x06]
	adds r0, #0x10
	lsls r0, r0, #0x10
	lsrs r0, r0, #0x10
	adds r1, r5, #0x0
	bl func_080062F4
	ldr r0, [r6, #0x70]
	ldrh r0, [r0, #0x06]
	adds r0, #0x10
	lsls r0, r0, #0x10
	lsrs r0, r0, #0x10
	adds r1, r5, #0x0
	bl func_080062F4
	ldr r0, [r6, #0x38]
	ldrh r0, [r0, #0x06]
	adds r0, #0x10
	lsls r0, r0, #0x10
	lsrs r0, r0, #0x10
	adds r1, r5, #0x0
	bl func_080062F4
	ldr r0, [r6, #0x3C]
	ldrh r0, [r0, #0x06]
	adds r0, #0x10
	lsls r0, r0, #0x10
	lsrs r0, r0, #0x10
	adds r1, r5, #0x0
	bl func_080062F4
	ldr r0, [r6, #0x60]
	ldrh r0, [r0, #0x06]
	adds r0, #0x10
	lsls r0, r0, #0x10
	lsrs r0, r0, #0x10
	adds r1, r5, #0x0
	bl func_080062F4
	movs r4, #0x00
_080ED042:
	lsls r1, r4, #0x02
	movs r2, #0xAC
	lsls r2, r2, #0x01
	adds r0, r6, r2
	adds r0, r0, r1
	ldr r0, [r0, #0x00]
	cmp r0, #0x00
	beq _080ED060
	ldrh r0, [r0, #0x06]
	adds r0, #0x10
	lsls r0, r0, #0x10
	lsrs r0, r0, #0x10
	adds r1, r5, #0x0
	bl func_080062F4
_080ED060:
	adds r4, #0x01
	cmp r4, #0x02
	ble _080ED042
	pop {r4, r5, r6}
	pop {r0}
	bx r0
	thumb_func_start func_080ED06C
func_080ED06C: @ 080ED06C
	push {r4, r5, lr}
	adds r5, r0, #0x0
	lsls r4, r1, #0x18
	lsrs r4, r4, #0x18
	ldr r0, [r5, #0x00]
	ldrh r0, [r0, #0x06]
	adds r0, #0x10
	lsls r0, r0, #0x10
	lsrs r0, r0, #0x10
	adds r1, r4, #0x0
	bl func_080062F4
	movs r1, #0x9C
	lsls r1, r1, #0x01
	adds r0, r5, r1
	ldr r0, [r0, #0x00]
	ldrh r0, [r0, #0x06]
	adds r0, #0x10
	lsls r0, r0, #0x10
	lsrs r0, r0, #0x10
	adds r1, r4, #0x0
	bl func_080062F4
	movs r1, #0xA0
	lsls r1, r1, #0x01
	adds r0, r5, r1
	ldr r0, [r0, #0x00]
	ldrh r0, [r0, #0x06]
	adds r0, #0x10
	lsls r0, r0, #0x10
	lsrs r0, r0, #0x10
	adds r1, r4, #0x0
	bl func_080062F4
	pop {r4, r5}
	pop {r0}
	bx r0
	.byte 0x00, 0x00
	thumb_func_start func_080ED0B8
func_080ED0B8: @ 080ED0B8
	push {r4, r5, r6, r7, lr}
	mov r7, r8
	push {r7}
	add sp, #-0x008
	adds r6, r0, #0x0
	adds r4, r2, #0x0
	lsls r1, r1, #0x18
	lsrs r7, r1, #0x18
	lsls r4, r4, #0x10
	lsrs r4, r4, #0x10
	mov r5, sp
	movs r0, #0x64
	mov r8, r0
	adds r0, r4, #0x0
	movs r1, #0x64
	bl _0811D754
	strh r0, [r5, #0x00]
	mov r5, sp
	adds r0, r4, #0x0
	movs r1, #0x0A
	bl _0811D754
	mov r1, sp
	ldrh r2, [r1, #0x00]
	lsls r1, r2, #0x02
	adds r1, r1, r2
	lsls r1, r1, #0x01
	subs r0, r0, r1
	strh r0, [r5, #0x02]
	mov r2, sp
	mov r0, sp
	ldrh r0, [r0, #0x00]
	mov r1, r8
	muls r1, r0
	adds r0, r1, #0x0
	subs r4, r4, r0
	mov r0, sp
	ldrh r1, [r0, #0x02]
	lsls r0, r1, #0x02
	adds r0, r0, r1
	lsls r0, r0, #0x01
	subs r4, r4, r0
	strh r4, [r2, #0x04]
	movs r5, #0x00
	mov r4, sp
_080ED114:
	ldrh r0, [r4, #0x00]
	lsls r0, r0, #0x05
	ldr r1, _080ED144 @ =0x099581A4
	adds r0, r0, r1
	ldrh r1, [r6, #0x06]
	adds r1, r1, r7
	adds r1, r1, r5
	lsls r1, r1, #0x05
	ldr r2, _080ED148 @ =0x06010000
	adds r1, r1, r2
	movs r2, #0x20
	bl func_080043B4
	adds r4, #0x02
	adds r5, #0x01
	cmp r5, #0x02
	ble _080ED114
	add sp, #0x008
	pop {r3}
	mov r8, r3
	pop {r4, r5, r6, r7}
	pop {r0}
	bx r0
	.byte 0x00, 0x00
_080ED144: .4byte 0x099581A4
_080ED148: .4byte 0x06010000
	.byte 0xF0, 0xB5, 0x4F, 0x46, 0x46, 0x46, 0xC0, 0xB4, 0x83, 0xB0, 0x81, 0x46, 0x14, 0x1C, 0x09, 0x06
	.byte 0x0F, 0x0E, 0x6D, 0x46, 0x38, 0x48, 0x80, 0x46, 0x20, 0x1C, 0x41, 0x46, 0x30, 0xF0, 0xF4, 0xFA
	.byte 0x28, 0x80, 0x6D, 0x46, 0xFA, 0x21, 0x89, 0x00, 0x20, 0x1C, 0x30, 0xF0, 0xED, 0xFA, 0x69, 0x46
	.byte 0x0A, 0x88, 0x91, 0x00, 0x89, 0x18, 0x49, 0x00, 0x40, 0x1A, 0x68, 0x80, 0x6E, 0x46, 0x64, 0x25
	.byte 0x20, 0x1C, 0x64, 0x21, 0x30, 0xF0, 0xE0, 0xFA, 0x69, 0x46, 0x09, 0x88, 0x69, 0x43, 0x40, 0x1A
	.byte 0x69, 0x46, 0x4A, 0x88, 0x91, 0x00, 0x89, 0x18, 0x49, 0x00, 0x40, 0x1A, 0xB0, 0x80, 0x6E, 0x46
	.byte 0x20, 0x1C, 0x0A, 0x21, 0x30, 0xF0, 0xD0, 0xFA, 0x69, 0x46, 0x0A, 0x88, 0x51, 0x01, 0x89, 0x1A
	.byte 0x89, 0x00, 0x89, 0x18, 0xC9, 0x00, 0x40, 0x1A, 0x69, 0x46, 0x49, 0x88, 0x69, 0x43, 0x40, 0x1A
	.byte 0x69, 0x46, 0x8A, 0x88, 0x91, 0x00, 0x89, 0x18, 0x49, 0x00, 0x40, 0x1A, 0xF0, 0x80, 0x6A, 0x46
	.byte 0x68, 0x46, 0x00, 0x88, 0x41, 0x46, 0x41, 0x43, 0x08, 0x1C, 0x24, 0x1A, 0x68, 0x46, 0x41, 0x88
	.byte 0x48, 0x01, 0x40, 0x1A, 0x80, 0x00, 0x40, 0x18, 0xC0, 0x00, 0x24, 0x1A, 0x68, 0x46, 0x80, 0x88
	.byte 0x68, 0x43, 0x24, 0x1A, 0x68, 0x46, 0xC1, 0x88, 0x88, 0x00, 0x40, 0x18, 0x40, 0x00, 0x24, 0x1A
	.byte 0x14, 0x81, 0x00, 0x25, 0x6C, 0x46, 0x20, 0x88, 0x40, 0x01, 0x0C, 0x49, 0x40, 0x18, 0x4A, 0x46
	.byte 0xD1, 0x88, 0xC9, 0x19, 0x49, 0x19, 0x49, 0x01, 0x09, 0x4A, 0x89, 0x18, 0x20, 0x22, 0x17, 0xF7
	.byte 0xC3, 0xF8, 0x02, 0x34, 0x01, 0x35, 0x04, 0x2D, 0xED, 0xDD, 0x03, 0xB0, 0x18, 0xBC, 0x98, 0x46
	.byte 0xA1, 0x46, 0xF0, 0xBC, 0x01, 0xBC, 0x00, 0x47, 0x10, 0x27, 0x00, 0x00, 0xA4, 0x81, 0x95, 0x09
	.byte 0x00, 0x00, 0x01, 0x06
	thumb_func_start func_080ED250
func_080ED250: @ 080ED250
	push {r4, r5, r6, r7, lr}
	adds r7, r0, #0x0
	ldr r1, _080ED2F8 @ =0x099597E4
	movs r2, #0xA0
	lsls r2, r2, #0x01
	movs r0, #0x00
	bl func_080050B8
	ldr r1, _080ED2FC @ =0x09985F44
	movs r2, #0x80
	lsls r2, r2, #0x04
	movs r0, #0x00
	bl func_0800510C
	ldr r0, _080ED300 @ =0x09611AB8
	ldr r1, _080ED304 @ =0x050001E0
	movs r2, #0x20
	bl func_08005BE8
	movs r0, #0x0F
	movs r1, #0x01
	bl func_080062F4
	movs r0, #0x00
	movs r1, #0x00
	movs r2, #0x00
	bl func_080054EC
	movs r0, #0x01
	bl _08066468
	movs r2, #0xBE
	lsls r2, r2, #0x01
	adds r1, r7, r2
	str r0, [r1, #0x00]
	movs r0, #0xC0
	lsls r0, r0, #0x01
	adds r4, r7, r0
	adds r0, r4, #0x0
	movs r1, #0x21
	bl func_08065ACC
	movs r2, #0xA3
	lsls r2, r2, #0x02
	adds r5, r7, r2
	adds r0, r5, #0x0
	movs r1, #0x06
	bl func_08065ACC
	movs r0, #0xB0
	lsls r0, r0, #0x02
	adds r6, r7, r0
	adds r0, r6, #0x0
	movs r1, #0x09
	bl func_08065ACC
	ldr r0, _080ED308 @ =0x0815A03A
	adds r1, r4, #0x0
	bl func_08065B6C
	movs r2, #0xA2
	lsls r2, r2, #0x02
	adds r1, r7, r2
	strb r0, [r1, #0x00]
	ldr r0, _080ED30C @ =0x08159E10
	adds r1, r5, #0x0
	bl func_08065B6C
	movs r2, #0xAF
	lsls r2, r2, #0x02
	adds r1, r7, r2
	strb r0, [r1, #0x00]
	ldr r0, _080ED310 @ =0x08159E18
	adds r1, r6, #0x0
	bl func_08065B6C
	movs r2, #0xC2
	lsls r2, r2, #0x02
	adds r1, r7, r2
	strb r0, [r1, #0x00]
	pop {r4, r5, r6, r7}
	pop {r0}
	bx r0
	.byte 0x00, 0x00
_080ED2F8: .4byte 0x099597E4
_080ED2FC: .4byte 0x09985F44
_080ED300: .4byte 0x09611AB8
_080ED304: .4byte 0x050001E0
_080ED308: .4byte 0x0815A03A
_080ED30C: .4byte 0x08159E10
_080ED310: .4byte 0x08159E18
	.byte 0x10, 0xB5, 0x04, 0x1C, 0x0F, 0x20, 0x00, 0x21, 0x18, 0xF7, 0xEA, 0xFF, 0x00, 0x20, 0x17, 0xF7
	.byte 0x7B, 0xFE, 0xBE, 0x21, 0x49, 0x00, 0x60, 0x18, 0x00, 0x68, 0x15, 0xF7, 0x6F, 0xFC, 0xC0, 0x21
	.byte 0x49, 0x00, 0x60, 0x18, 0x21, 0x21, 0x78, 0xF7, 0xD1, 0xFB, 0xA3, 0x21, 0x89, 0x00, 0x60, 0x18
	.byte 0x06, 0x21, 0x78, 0xF7, 0xCB, 0xFB, 0xB0, 0x21, 0x89, 0x00, 0x60, 0x18, 0x09, 0x21, 0x78, 0xF7
	.byte 0xC5, 0xFB, 0x10, 0xBC, 0x01, 0xBC, 0x00, 0x47, 0x30, 0xB5, 0x05, 0x1C, 0x0C, 0x48, 0x20, 0x21
	.byte 0x15, 0xF7, 0x56, 0xFB, 0x28, 0x60, 0x0B, 0x48, 0x80, 0x21, 0x15, 0xF7, 0x99, 0xF9, 0x68, 0x60
	.byte 0x09, 0x48, 0xA8, 0x60, 0xA0, 0x20, 0x00, 0x02, 0xE8, 0x60, 0x08, 0x48, 0x80, 0x68, 0x08, 0x21
	.byte 0x08, 0x40, 0x00, 0x28, 0x0E, 0xD0, 0x80, 0x20, 0xC0, 0x00, 0x05, 0x49, 0x0D, 0xE0, 0x00, 0x00
	.byte 0x84, 0x19, 0x99, 0x09, 0x24, 0x81, 0x95, 0x09, 0x00, 0xF8, 0xFF, 0xFF, 0xB0, 0x9B, 0x03, 0x02
	.byte 0x8A, 0xB7, 0x2E, 0x09, 0xD0, 0x20, 0x80, 0x00, 0x31, 0x49, 0x15, 0xF7, 0xA3, 0xFA, 0x9E, 0x22
	.byte 0x52, 0x00, 0xA9, 0x18, 0x08, 0x60, 0x2F, 0x48, 0x80, 0x21, 0x49, 0x00, 0x15, 0xF7, 0x70, 0xF9
	.byte 0xA2, 0x22, 0x52, 0x00, 0xA9, 0x18, 0x08, 0x60, 0x2B, 0x48, 0x20, 0x21, 0x15, 0xF7, 0x20, 0xFB
	.byte 0xA0, 0x22, 0x52, 0x00, 0xA9, 0x18, 0x08, 0x60, 0xA8, 0x20, 0x40, 0x00, 0x2C, 0x18, 0x27, 0x48
	.byte 0x02, 0x68, 0x90, 0x69, 0x11, 0x68, 0x40, 0x1A, 0x20, 0x60, 0xAA, 0x21, 0x49, 0x00, 0x6B, 0x18
	.byte 0xD0, 0x69, 0x11, 0x6A, 0x40, 0x18, 0x51, 0x68, 0x40, 0x1A, 0x18, 0x60, 0xA4, 0x22, 0x52, 0x00
	.byte 0xA9, 0x18, 0x20, 0x68, 0x08, 0x60, 0xA6, 0x20, 0x40, 0x00, 0x29, 0x18, 0x18, 0x68, 0x08, 0x60
	.byte 0x1B, 0x48, 0xC2, 0x7B, 0x1B, 0x49, 0x68, 0x18, 0x00, 0x21, 0x02, 0x70, 0x1A, 0x4A, 0xA8, 0x18
	.byte 0x01, 0x70, 0x28, 0x1C, 0x34, 0x30, 0x01, 0x70, 0x04, 0x32, 0xA8, 0x18, 0x01, 0x70, 0x17, 0x48
	.byte 0x2C, 0x18, 0x20, 0x78, 0x10, 0x21, 0x00, 0x28, 0x00, 0xD0, 0x01, 0x21, 0xC3, 0x22, 0x92, 0x00
	.byte 0xA8, 0x18, 0x01, 0x80, 0xC4, 0x20, 0x80, 0x00, 0x29, 0x18, 0x11, 0x48, 0x08, 0x60, 0x28, 0x1C
	.byte 0x01, 0x21, 0xFF, 0xF7, 0x09, 0xFE, 0x20, 0x78, 0x00, 0x28, 0x04, 0xD1, 0x00, 0x20, 0x10, 0x21
	.byte 0x10, 0x22, 0x18, 0xF7, 0xE7, 0xFE, 0x01, 0x20, 0x30, 0xBC, 0x02, 0xBC, 0x08, 0x47, 0x00, 0x00
	.byte 0x60, 0x65, 0x8B, 0x08, 0xBC, 0x2B, 0xB2, 0x08, 0xE4, 0x9B, 0xF6, 0x08, 0xA0, 0x9B, 0x03, 0x02
	.byte 0xB0, 0x9B, 0x03, 0x02, 0x09, 0x03, 0x00, 0x00, 0x0A, 0x03, 0x00, 0x00, 0x0F, 0x03, 0x00, 0x00
	.byte 0x99, 0xD4, 0x0E, 0x08, 0x30, 0xB5, 0x05, 0x1C, 0xC3, 0x20, 0x80, 0x00, 0x2C, 0x18, 0x20, 0x88
	.byte 0x00, 0x28, 0x10, 0xD0, 0x28, 0x1C, 0x08, 0x30, 0x22, 0x88, 0x00, 0x21, 0x18, 0xF7, 0x24, 0xFA
	.byte 0x28, 0x1C, 0x0C, 0x30, 0x98, 0x21, 0x09, 0x02, 0x22, 0x88, 0x18, 0xF7, 0x1D, 0xFA, 0x20, 0x88
	.byte 0x01, 0x38, 0x20, 0x80, 0xE4, 0xE0, 0x22, 0x48, 0x02, 0x68, 0x10, 0x68, 0x80, 0x21, 0x49, 0x01
	.byte 0x08, 0x43, 0x10, 0x60, 0x1F, 0x48, 0x02, 0x68, 0x10, 0x6F, 0x80, 0x21, 0x49, 0x00, 0x08, 0x43
	.byte 0x10, 0x67, 0x1D, 0x48, 0xDE, 0x21, 0x49, 0x01, 0x15, 0xF7, 0xDA, 0xF8, 0x68, 0x62, 0x1B, 0x48
	.byte 0x20, 0x21, 0x15, 0xF7, 0x8D, 0xFA, 0x28, 0x62, 0x8C, 0x20, 0x40, 0x02, 0xA8, 0x62, 0xF0, 0x20
	.byte 0x00, 0x02, 0xE8, 0x62, 0x80, 0x20, 0x40, 0x02, 0x28, 0x63, 0x68, 0x6A, 0x14, 0x4C, 0x84, 0x22
	.byte 0x52, 0x00, 0xA1, 0x18, 0x0A, 0x78, 0x00, 0x21, 0xFF, 0xF7, 0xCC, 0xFD, 0x68, 0x6A, 0x21, 0x1C
	.byte 0xF8, 0x31, 0x0A, 0x88, 0x06, 0x21, 0xFF, 0xF7, 0xC5, 0xFD, 0x68, 0x6A, 0x62, 0x8E, 0x03, 0x21
	.byte 0xFF, 0xF7, 0xC0, 0xFD, 0xA0, 0x68, 0x08, 0x21, 0x08, 0x40, 0x00, 0x28, 0x12, 0xD0, 0x68, 0x6A
	.byte 0x21, 0x1C, 0xFC, 0x31, 0x0A, 0x88, 0x09, 0x21, 0xFF, 0xF7, 0xB4, 0xFD, 0x12, 0xE0, 0x00, 0x00
	.byte 0xAC, 0xC7, 0x03, 0x02, 0xA0, 0x9B, 0x03, 0x02, 0x64, 0x4B, 0x95, 0x09, 0x24, 0x19, 0x99, 0x09
	.byte 0xB0, 0x9B, 0x03, 0x02, 0x68, 0x6A, 0xBA, 0x23, 0x5B, 0x00, 0xE1, 0x18, 0x0A, 0x68, 0x09, 0x21
	.byte 0xFF, 0xF7, 0xEA, 0xFD, 0x08, 0x48, 0x20, 0x21, 0x15, 0xF7, 0x4A, 0xFA, 0xA8, 0x63, 0x07, 0x48
	.byte 0x20, 0x21, 0x15, 0xF7, 0x45, 0xFA, 0xE8, 0x63, 0x05, 0x48, 0x80, 0x68, 0x08, 0x21, 0x08, 0x40
	.byte 0x00, 0x28, 0x09, 0xD0, 0x03, 0x48, 0x08, 0xE0, 0x64, 0x19, 0x99, 0x09, 0x44, 0x19, 0x99, 0x09
	.byte 0xB0, 0x9B, 0x03, 0x02, 0xE4, 0x82, 0x95, 0x09, 0x3B, 0x48, 0xA8, 0x21, 0x49, 0x01, 0x15, 0xF7
	.byte 0x77, 0xF8, 0x28, 0x64, 0x39, 0x48, 0x68, 0x64, 0x39, 0x48, 0x20, 0x21, 0x15, 0xF7, 0x28, 0xFA
	.byte 0x28, 0x66, 0x90, 0x20, 0x40, 0x00, 0x37, 0x49, 0x15, 0xF7, 0x94, 0xF9, 0x68, 0x66, 0x2C, 0x1C
	.byte 0x48, 0x34, 0x35, 0x49, 0x35, 0x4A, 0x20, 0x1C, 0x18, 0xF7, 0xC4, 0xF9, 0x20, 0x1C, 0x02, 0x21
	.byte 0x01, 0x22, 0x18, 0xF7, 0xDD, 0xF9, 0x2C, 0x34, 0x00, 0x22, 0xAC, 0x21, 0x49, 0x00, 0x68, 0x18
	.byte 0x02, 0x21, 0xC2, 0x60, 0x02, 0x60, 0x82, 0x61, 0x04, 0x30, 0x01, 0x39, 0x00, 0x29, 0xF8, 0xDA
	.byte 0xB2, 0x22, 0x52, 0x00, 0xA8, 0x18, 0xAC, 0x23, 0x5B, 0x00, 0xE9, 0x18, 0x18, 0x33, 0xEA, 0x18
	.byte 0xEB, 0xF7, 0xB6, 0xFA, 0x20, 0x1C, 0x18, 0x21, 0x78, 0xF7, 0x56, 0xFA, 0x01, 0x20, 0x78, 0xF7
	.byte 0x21, 0xFF, 0x28, 0x67, 0x98, 0xF7, 0xBC, 0xFC, 0x00, 0x06, 0x00, 0x0E, 0x98, 0xF7, 0xC4, 0xF8
	.byte 0x21, 0x1C, 0x78, 0xF7, 0x99, 0xFA, 0x9A, 0x22, 0x52, 0x00, 0xA9, 0x18, 0x08, 0x70, 0x1C, 0x48
	.byte 0x80, 0x21, 0x89, 0x00, 0x15, 0xF7, 0x2C, 0xF8, 0x28, 0x61, 0x1A, 0x48, 0x68, 0x61, 0x1A, 0x48
	.byte 0xC0, 0x21, 0x89, 0x00, 0x15, 0xF7, 0x24, 0xF8, 0xA8, 0x61, 0xF8, 0x20, 0x00, 0x02, 0xE8, 0x61
	.byte 0x28, 0x1C, 0x01, 0x21, 0xFF, 0xF7, 0xBE, 0xFC, 0x14, 0x4B, 0xE9, 0x18, 0x01, 0x20, 0x08, 0x70
	.byte 0x13, 0x49, 0x68, 0x18, 0x00, 0x78, 0x10, 0x21, 0x00, 0x28, 0x00, 0xD0, 0x01, 0x21, 0xC3, 0x22
	.byte 0x92, 0x00, 0xA8, 0x18, 0x01, 0x80, 0xC4, 0x23, 0x9B, 0x00, 0xE9, 0x18, 0x0D, 0x48, 0x08, 0x60
	.byte 0x01, 0x20, 0x30, 0xBC, 0x02, 0xBC, 0x08, 0x47, 0x24, 0x67, 0x95, 0x09, 0x00, 0x88, 0xFF, 0xFF
	.byte 0xA4, 0x19, 0x99, 0x09, 0x28, 0x86, 0x8A, 0x09, 0x58, 0x8D, 0xEF, 0x09, 0x48, 0x8D, 0xEF, 0x09
	.byte 0x24, 0x7F, 0x95, 0x09, 0x00, 0x80, 0xFF, 0xFF, 0x24, 0x7C, 0x95, 0x09, 0x0E, 0x03, 0x00, 0x00
	.byte 0x0F, 0x03, 0x00, 0x00, 0xCD, 0xD6, 0x0E, 0x08, 0x30, 0xB5, 0x04, 0x1C, 0xC3, 0x20, 0x80, 0x00
	.byte 0x25, 0x18, 0x2A, 0x88, 0x00, 0x2A, 0x3B, 0xD0, 0x20, 0x1C, 0x14, 0x30, 0x00, 0x21, 0x18, 0xF7
	.byte 0x0B, 0xF9, 0x20, 0x1C, 0x44, 0x30, 0x80, 0x21, 0x09, 0x01, 0x2A, 0x88, 0x18, 0xF7, 0x04, 0xF9
	.byte 0x20, 0x1C, 0x1C, 0x30, 0xF0, 0x21, 0xC9, 0x01, 0x2A, 0x88, 0x18, 0xF7, 0xFD, 0xF8, 0x20, 0x1C
	.byte 0x28, 0x30, 0x98, 0x21, 0x09, 0x02, 0x2A, 0x88, 0x18, 0xF7, 0xF6, 0xF8, 0x20, 0x1C, 0x2C, 0x30
	.byte 0xE0, 0x21, 0xC9, 0x01, 0x2A, 0x88, 0x18, 0xF7, 0xEF, 0xF8, 0x20, 0x1C, 0x30, 0x30, 0x80, 0x21
	.byte 0x09, 0x02, 0x2A, 0x88, 0x18, 0xF7, 0xE8, 0xF8, 0xA4, 0x21, 0x49, 0x00, 0x60, 0x18, 0xAC, 0x21
	.byte 0x09, 0x02, 0x2A, 0x88, 0x18, 0xF7, 0xE0, 0xF8, 0xA6, 0x21, 0x49, 0x00, 0x60, 0x18, 0xC0, 0x21
	.byte 0xC9, 0x01, 0x2A, 0x88, 0x18, 0xF7, 0xD8, 0xF8, 0x28, 0x88, 0x01, 0x38, 0x28, 0x80, 0x31, 0xE0
	.byte 0x21, 0x1C, 0x34, 0x31, 0x01, 0x20, 0x08, 0x70, 0x0D, 0x49, 0x60, 0x18, 0x01, 0x78, 0x88, 0x00
	.byte 0x40, 0x18, 0x80, 0x00, 0x40, 0x1A, 0x10, 0x30, 0x00, 0x02, 0xE0, 0x66, 0x09, 0x48, 0x21, 0x18
	.byte 0x08, 0x78, 0x00, 0x28, 0x12, 0xD0, 0x0A, 0x70, 0x00, 0x20, 0x10, 0x21, 0x01, 0x22, 0x18, 0xF7
	.byte 0x59, 0xFD, 0xC4, 0x20, 0x80, 0x00, 0x21, 0x18, 0x03, 0x48, 0x08, 0x60, 0x12, 0xE0, 0x00, 0x00
	.byte 0x09, 0x03, 0x00, 0x00, 0x0F, 0x03, 0x00, 0x00, 0x7D, 0xDD, 0x0E, 0x08, 0xC4, 0x21, 0x89, 0x00
	.byte 0x62, 0x18, 0x06, 0x48, 0x80, 0x68, 0x08, 0x21, 0x08, 0x40, 0x05, 0x49, 0x00, 0x28, 0x00, 0xD0
	.byte 0x04, 0x49, 0x11, 0x60, 0x01, 0x20, 0x30, 0xBC, 0x02, 0xBC, 0x08, 0x47, 0xB0, 0x9B, 0x03, 0x02
	.byte 0xCD, 0xD7, 0x0E, 0x08, 0x1D, 0xD9, 0x0E, 0x08, 0x10, 0xB5, 0x04, 0x1C, 0x13, 0xF7, 0xE4, 0xFD
	.byte 0x40, 0x21, 0x01, 0x40, 0x00, 0x29, 0x10, 0xD0, 0x03, 0x49, 0x60, 0x18, 0x00, 0x78, 0x00, 0x28
	.byte 0x04, 0xD0, 0x41, 0x1E, 0x03, 0xE0, 0x00, 0x00, 0x09, 0x03, 0x00, 0x00, 0x06, 0x21, 0x09, 0x4A
	.byte 0xA0, 0x18, 0x01, 0x70, 0x65, 0x20, 0x32, 0xF0, 0x39, 0xFB, 0x13, 0xF7, 0xCD, 0xFD, 0x80, 0x21
	.byte 0x01, 0x40, 0x00, 0x29, 0x0F, 0xD0, 0x03, 0x49, 0x60, 0x18, 0x00, 0x78, 0x05, 0x28, 0x03, 0xD8
	.byte 0x41, 0x1C, 0x02, 0xE0, 0x09, 0x03, 0x00, 0x00, 0x00, 0x21, 0x0F, 0x4A, 0xA0, 0x18, 0x01, 0x70
	.byte 0x65, 0x20, 0x32, 0xF0, 0x23, 0xFB, 0x13, 0xF7, 0xB1, 0xFD, 0x0A, 0x21, 0x01, 0x40, 0x00, 0x29
	.byte 0x16, 0xD0, 0x21, 0x1C, 0x34, 0x31, 0x00, 0x20, 0x08, 0x70, 0xC3, 0x20, 0x80, 0x00, 0x21, 0x18
	.byte 0x10, 0x20, 0x08, 0x80, 0xC4, 0x22, 0x92, 0x00, 0xA1, 0x18, 0x04, 0x48, 0x08, 0x60, 0x68, 0x20
	.byte 0x32, 0xF0, 0x0C, 0xFB, 0x58, 0xE0, 0x00, 0x00, 0x09, 0x03, 0x00, 0x00, 0x4D, 0xDB, 0x0E, 0x08
	.byte 0x13, 0xF7, 0x94, 0xFD, 0x01, 0x21, 0x01, 0x40, 0x00, 0x29, 0x4D, 0xD0, 0x04, 0x49, 0x60, 0x18
	.byte 0x00, 0x78, 0x06, 0x28, 0x48, 0xD8, 0x80, 0x00, 0x02, 0x49, 0x40, 0x18, 0x00, 0x68, 0x87, 0x46
	.byte 0x09, 0x03, 0x00, 0x00, 0x8C, 0xD8, 0x0E, 0x08, 0xA8, 0xD8, 0x0E, 0x08, 0xB4, 0xD8, 0x0E, 0x08
	.byte 0xA8, 0xD8, 0x0E, 0x08, 0xA8, 0xD8, 0x0E, 0x08, 0xA8, 0xD8, 0x0E, 0x08, 0xA8, 0xD8, 0x0E, 0x08
	.byte 0xE8, 0xD8, 0x0E, 0x08, 0x2F, 0xF7, 0x30, 0xF9, 0xC4, 0x22, 0x92, 0x00, 0xA1, 0x18, 0x0B, 0xE0
	.byte 0x08, 0x48, 0x80, 0x79, 0x04, 0x30, 0x00, 0x06, 0x00, 0x0E, 0x02, 0x28, 0x0E, 0xD9, 0x2F, 0xF7
	.byte 0x23, 0xF9, 0xC4, 0x20, 0x80, 0x00, 0x21, 0x18, 0x03, 0x48, 0x08, 0x60, 0x66, 0x20, 0x32, 0xF0
	.byte 0xCD, 0xFA, 0x19, 0xE0, 0x90, 0xC5, 0x03, 0x02, 0x91, 0xDA, 0x0E, 0x08, 0x69, 0x20, 0x32, 0xF0
	.byte 0xC5, 0xFA, 0x11, 0xE0, 0x66, 0x20, 0x32, 0xF0, 0xC1, 0xFA, 0x20, 0x1C, 0xFF, 0xF7, 0xAE, 0xFC
	.byte 0x07, 0x4A, 0xA1, 0x18, 0x02, 0x20, 0x08, 0x70, 0x88, 0x20, 0x00, 0x02, 0xA0, 0x66, 0xC4, 0x20
	.byte 0x80, 0x00, 0x21, 0x18, 0x03, 0x48, 0x08, 0x60, 0x01, 0x20, 0x10, 0xBC, 0x02, 0xBC, 0x08, 0x47
	.byte 0x0A, 0x03, 0x00, 0x00, 0x95, 0xDC, 0x0E, 0x08, 0x10, 0xB5, 0x04, 0x1C, 0x13, 0xF7, 0x3C, 0xFD
	.byte 0x40, 0x21, 0x01, 0x40, 0x00, 0x29, 0x10, 0xD0, 0x03, 0x49, 0x60, 0x18, 0x00, 0x78, 0x00, 0x28
	.byte 0x04, 0xD0, 0x41, 0x1E, 0x03, 0xE0, 0x00, 0x00, 0x09, 0x03, 0x00, 0x00, 0x06, 0x21, 0x09, 0x4A
	.byte 0xA0, 0x18, 0x01, 0x70, 0x65, 0x20, 0x32, 0xF0, 0x91, 0xFA, 0x13, 0xF7, 0x25, 0xFD, 0x80, 0x21
	.byte 0x01, 0x40, 0x00, 0x29, 0x0F, 0xD0, 0x03, 0x49, 0x60, 0x18, 0x00, 0x78, 0x05, 0x28, 0x03, 0xD8
	.byte 0x41, 0x1C, 0x02, 0xE0, 0x09, 0x03, 0x00, 0x00, 0x00, 0x21, 0x0F, 0x4A, 0xA0, 0x18, 0x01, 0x70
	.byte 0x65, 0x20, 0x32, 0xF0, 0x7B, 0xFA, 0x13, 0xF7, 0x09, 0xFD, 0x0A, 0x21, 0x01, 0x40, 0x00, 0x29
	.byte 0x16, 0xD0, 0x21, 0x1C, 0x34, 0x31, 0x00, 0x20, 0x08, 0x70, 0xC3, 0x20, 0x80, 0x00, 0x21, 0x18
	.byte 0x10, 0x20, 0x08, 0x80, 0xC4, 0x22, 0x92, 0x00, 0xA1, 0x18, 0x04, 0x48, 0x08, 0x60, 0x68, 0x20
	.byte 0x32, 0xF0, 0x64, 0xFA, 0x6A, 0xE0, 0x00, 0x00, 0x09, 0x03, 0x00, 0x00, 0x4D, 0xDB, 0x0E, 0x08
	.byte 0x13, 0xF7, 0xEC, 0xFC, 0x01, 0x21, 0x01, 0x40, 0x00, 0x29, 0x5F, 0xD0, 0x04, 0x49, 0x60, 0x18
	.byte 0x00, 0x78, 0x06, 0x28, 0x5A, 0xD8, 0x80, 0x00, 0x02, 0x49, 0x40, 0x18, 0x00, 0x68, 0x87, 0x46
	.byte 0x09, 0x03, 0x00, 0x00, 0xDC, 0xD9, 0x0E, 0x08, 0xF8, 0xD9, 0x0E, 0x08, 0x28, 0xDA, 0x0E, 0x08
	.byte 0xF8, 0xD9, 0x0E, 0x08, 0xF8, 0xD9, 0x0E, 0x08, 0xF8, 0xD9, 0x0E, 0x08, 0x10, 0xDA, 0x0E, 0x08
	.byte 0x5C, 0xDA, 0x0E, 0x08, 0x66, 0x20, 0x32, 0xF0, 0x39, 0xFA, 0x2F, 0xF7, 0x85, 0xF8, 0xC4, 0x22
	.byte 0x92, 0x00, 0xA1, 0x18, 0x00, 0x48, 0x38, 0xE0, 0x91, 0xDA, 0x0E, 0x08, 0x66, 0x20, 0x32, 0xF0
	.byte 0x2D, 0xFA, 0x2F, 0xF7, 0x79, 0xF8, 0xC4, 0x20, 0x80, 0x00, 0x21, 0x18, 0x00, 0x48, 0x2C, 0xE0
	.byte 0x91, 0xDA, 0x0E, 0x08, 0x08, 0x48, 0x80, 0x79, 0x04, 0x30, 0x00, 0x06, 0x00, 0x0E, 0x02, 0x28
	.byte 0x0E, 0xD9, 0x66, 0x20, 0x32, 0xF0, 0x1A, 0xFA, 0x2F, 0xF7, 0x66, 0xF8, 0xC4, 0x22, 0x92, 0x00
	.byte 0xA1, 0x18, 0x02, 0x48, 0x19, 0xE0, 0x00, 0x00, 0x90, 0xC5, 0x03, 0x02, 0x91, 0xDA, 0x0E, 0x08
	.byte 0x69, 0x20, 0x32, 0xF0, 0x0B, 0xFA, 0x11, 0xE0, 0x66, 0x20, 0x32, 0xF0, 0x07, 0xFA, 0x20, 0x1C
	.byte 0xFF, 0xF7, 0xF4, 0xFB, 0x07, 0x48, 0x21, 0x18, 0x02, 0x20, 0x08, 0x70, 0x88, 0x20, 0x00, 0x02
	.byte 0xA0, 0x66, 0xC4, 0x22, 0x92, 0x00, 0xA1, 0x18, 0x03, 0x48, 0x08, 0x60, 0x01, 0x20, 0x10, 0xBC
	.byte 0x02, 0xBC, 0x08, 0x47, 0x0A, 0x03, 0x00, 0x00, 0x95, 0xDC, 0x0E, 0x08, 0x00, 0xB5, 0x06, 0x4A
	.byte 0x06, 0x49, 0x40, 0x18, 0x01, 0x78, 0xD1, 0x73, 0x00, 0x78, 0x06, 0x28, 0x4E, 0xD8, 0x80, 0x00
	.byte 0x03, 0x49, 0x40, 0x18, 0x00, 0x68, 0x87, 0x46, 0xB0, 0x9B, 0x03, 0x02, 0x09, 0x03, 0x00, 0x00
	.byte 0xB8, 0xDA, 0x0E, 0x08, 0xD4, 0xDA, 0x0E, 0x08, 0x08, 0xDB, 0x0E, 0x08, 0x18, 0xDB, 0x0E, 0x08
	.byte 0x20, 0xDB, 0x0E, 0x08, 0x10, 0xDB, 0x0E, 0x08, 0x28, 0xDB, 0x0E, 0x08, 0x38, 0xDB, 0x0E, 0x08
	.byte 0x90, 0x68, 0x08, 0x21, 0x08, 0x40, 0x00, 0x28, 0x10, 0xD0, 0xBD, 0x21, 0x49, 0x00, 0x50, 0x18
	.byte 0x01, 0x88, 0x80, 0x20, 0x00, 0x01, 0x08, 0x40, 0x00, 0x28, 0x03, 0xD0, 0x00, 0x48, 0x1A, 0xE0
	.byte 0x04, 0x27, 0xEE, 0x09, 0x00, 0x48, 0x16, 0xE0, 0x80, 0x91, 0xEE, 0x09, 0x00, 0x48, 0x12, 0xE0
	.byte 0x04, 0x27, 0xEE, 0x09, 0x00, 0x48, 0x0E, 0xE0, 0xB0, 0x4D, 0xEF, 0x09, 0x00, 0x48, 0x0A, 0xE0
	.byte 0xE0, 0x4E, 0xEF, 0x09, 0x00, 0x48, 0x06, 0xE0, 0x40, 0x96, 0xEF, 0x09, 0x00, 0x48, 0x02, 0xE0
	.byte 0x74, 0x93, 0xEF, 0x09, 0x02, 0x48, 0x00, 0x21, 0x13, 0xF7, 0xCE, 0xFA, 0x06, 0xE0, 0x00, 0x00
	.byte 0x30, 0xE4, 0xED, 0x09, 0x03, 0x48, 0x01, 0x21, 0x13, 0xF7, 0xC6, 0xFA, 0x01, 0x20, 0x02, 0xBC
	.byte 0x08, 0x47, 0x00, 0x00, 0xF0, 0x6A, 0xEF, 0x09, 0x30, 0xB5, 0x04, 0x1C, 0xC3, 0x20, 0x80, 0x00
	.byte 0x25, 0x18, 0x28, 0x88, 0x00, 0x28, 0x43, 0xD0, 0x20, 0x1C, 0x14, 0x30, 0x1E, 0x49, 0x2A, 0x88
	.byte 0x17, 0xF7, 0xCA, 0xFE, 0x20, 0x1C, 0x44, 0x30, 0x1C, 0x49, 0x2A, 0x88, 0x17, 0xF7, 0xC4, 0xFE
	.byte 0x20, 0x1C, 0x1C, 0x30, 0xF8, 0x21, 0x09, 0x02, 0x2A, 0x88, 0x17, 0xF7, 0xBD, 0xFE, 0x20, 0x1C
	.byte 0x28, 0x30, 0x8C, 0x21, 0x49, 0x02, 0x2A, 0x88, 0x17, 0xF7, 0xB6, 0xFE, 0x20, 0x1C, 0x2C, 0x30
	.byte 0xF0, 0x21, 0x09, 0x02, 0x2A, 0x88, 0x17, 0xF7, 0xAF, 0xFE, 0x20, 0x1C, 0x30, 0x30, 0x80, 0x21
	.byte 0x49, 0x02, 0x2A, 0x88, 0x17, 0xF7, 0xA8, 0xFE, 0xA4, 0x21, 0x49, 0x00, 0x60, 0x18, 0xA8, 0x22
	.byte 0x52, 0x00, 0xA1, 0x18, 0x09, 0x68, 0x2A, 0x88, 0x17, 0xF7, 0x9E, 0xFE, 0xA6, 0x21, 0x49, 0x00
	.byte 0x60, 0x18, 0xAA, 0x22, 0x52, 0x00, 0xA1, 0x18, 0x09, 0x68, 0x2A, 0x88, 0x17, 0xF7, 0x94, 0xFE
	.byte 0x28, 0x88, 0x01, 0x38, 0x28, 0x80, 0x1E, 0xE0, 0x00, 0x80, 0xFF, 0xFF, 0x00, 0x88, 0xFF, 0xFF
	.byte 0x0F, 0x48, 0x02, 0x68, 0x10, 0x68, 0x0F, 0x49, 0x08, 0x40, 0x10, 0x60, 0x0E, 0x48, 0x02, 0x68
	.byte 0x10, 0x6F, 0x0E, 0x49, 0x08, 0x40, 0x10, 0x67, 0x20, 0x1C, 0x00, 0x21, 0xFF, 0xF7, 0xF2, 0xF9
	.byte 0x00, 0x20, 0x10, 0x21, 0x18, 0xF7, 0xEE, 0xFA, 0x10, 0x20, 0x28, 0x80, 0xC4, 0x20, 0x80, 0x00
	.byte 0x21, 0x18, 0x07, 0x48, 0x08, 0x60, 0x01, 0x20, 0x30, 0xBC, 0x02, 0xBC, 0x08, 0x47, 0x00, 0x00
	.byte 0xAC, 0xC7, 0x03, 0x02, 0xFF, 0xEF, 0xFF, 0xFF, 0xA0, 0x9B, 0x03, 0x02, 0xFF, 0xFE, 0xFF, 0xFF
	.byte 0x39, 0xDC, 0x0E, 0x08, 0x30, 0xB5, 0x05, 0x1C, 0xC3, 0x20, 0x80, 0x00, 0x2C, 0x18, 0x20, 0x88
	.byte 0x00, 0x28, 0x0F, 0xD1, 0x05, 0x49, 0xFF, 0x20, 0xC8, 0x73, 0x05, 0x48, 0x80, 0x22, 0x52, 0x00
	.byte 0xFF, 0x21, 0x33, 0xF0, 0x4F, 0xF9, 0x00, 0x20, 0x15, 0xE0, 0x00, 0x00, 0xB0, 0x9B, 0x03, 0x02
	.byte 0x10, 0xDB, 0x03, 0x02, 0x28, 0x1C, 0x08, 0x30, 0x08, 0x49, 0x22, 0x88, 0x17, 0xF7, 0x44, 0xFE
	.byte 0x28, 0x1C, 0x0C, 0x30, 0xA0, 0x21, 0x09, 0x02, 0x22, 0x88, 0x17, 0xF7, 0x3D, 0xFE, 0x20, 0x88
	.byte 0x01, 0x38, 0x20, 0x80, 0x01, 0x20, 0x30, 0xBC, 0x02, 0xBC, 0x08, 0x47, 0x00, 0xF8, 0xFF, 0xFF
	.byte 0x10, 0xB5, 0x04, 0x1C, 0x13, 0xF7, 0x7A, 0xFB, 0x20, 0x21, 0x01, 0x40, 0x00, 0x29, 0x09, 0xD0
	.byte 0x25, 0x48, 0x21, 0x18, 0x08, 0x78, 0x01, 0x28, 0x04, 0xD0, 0x01, 0x20, 0x08, 0x70, 0x65, 0x20
	.byte 0x32, 0xF0, 0xDC, 0xF8, 0x13, 0xF7, 0x6A, 0xFB, 0x10, 0x21, 0x01, 0x40, 0x00, 0x29, 0x09, 0xD0
	.byte 0x1D, 0x48, 0x21, 0x18, 0x08, 0x78, 0x02, 0x28, 0x04, 0xD0, 0x02, 0x20, 0x08, 0x70, 0x65, 0x20
	.byte 0x32, 0xF0, 0xCC, 0xF8, 0x13, 0xF7, 0x5A, 0xFB, 0x02, 0x21, 0x01, 0x40, 0x00, 0x29, 0x0A, 0xD1
	.byte 0x13, 0xF7, 0x54, 0xFB, 0x01, 0x21, 0x01, 0x40, 0x00, 0x29, 0x2F, 0xD0, 0x12, 0x49, 0x60, 0x18
	.byte 0x00, 0x78, 0x02, 0x28, 0x2A, 0xD1, 0x10, 0x48, 0x21, 0x18, 0x00, 0x20, 0x08, 0x70, 0x20, 0x1C
	.byte 0xFF, 0xF7, 0x06, 0xFB, 0x0D, 0x49, 0x60, 0x18, 0x01, 0x78, 0x88, 0x00, 0x40, 0x18, 0x80, 0x00
	.byte 0x40, 0x1A, 0x10, 0x30, 0x00, 0x02, 0xE0, 0x66, 0xC4, 0x20, 0x80, 0x00, 0x22, 0x18, 0x08, 0x48
	.byte 0x80, 0x68, 0x08, 0x21, 0x08, 0x40, 0x07, 0x49, 0x00, 0x28, 0x00, 0xD0, 0x06, 0x49, 0x11, 0x60
	.byte 0x68, 0x20, 0x32, 0xF0, 0x9B, 0xF8, 0x19, 0xE0, 0x0A, 0x03, 0x00, 0x00, 0x09, 0x03, 0x00, 0x00
	.byte 0xB0, 0x9B, 0x03, 0x02, 0xCD, 0xD7, 0x0E, 0x08, 0x1D, 0xD9, 0x0E, 0x08, 0x13, 0xF7, 0x1E, 0xFB
	.byte 0x01, 0x21, 0x01, 0x40, 0x00, 0x29, 0x09, 0xD0, 0x1B, 0xF7, 0xFC, 0xF8, 0xC4, 0x20, 0x80, 0x00
	.byte 0x21, 0x18, 0x04, 0x48, 0x08, 0x60, 0x66, 0x20, 0x32, 0xF0, 0x80, 0xF8, 0x01, 0x20, 0x10, 0xBC
	.byte 0x02, 0xBC, 0x08, 0x47, 0x91, 0xDA, 0x0E, 0x08, 0x10, 0xB5, 0x0B, 0x4B, 0x19, 0x88, 0x80, 0x24
	.byte 0x64, 0x01, 0x22, 0x1C, 0x11, 0x43, 0x19, 0x80, 0xC4, 0x21, 0x89, 0x00, 0x42, 0x18, 0x07, 0x48
	.byte 0x80, 0x68, 0x08, 0x21, 0x08, 0x40, 0x06, 0x49, 0x00, 0x28, 0x00, 0xD0, 0x05, 0x49, 0x11, 0x60
	.byte 0x01, 0x20, 0x10, 0xBC, 0x02, 0xBC, 0x08, 0x47, 0x00, 0x75, 0x00, 0x03, 0xB0, 0x9B, 0x03, 0x02
	.byte 0xCD, 0xD7, 0x0E, 0x08, 0x1D, 0xD9, 0x0E, 0x08, 0x10, 0xB5, 0x04, 0x1C, 0x09, 0x48, 0x02, 0x68
	.byte 0x10, 0x6F, 0x80, 0x21, 0x49, 0x01, 0x08, 0x43, 0x80, 0x21, 0x08, 0x43, 0x80, 0x21, 0x89, 0x01
	.byte 0x08, 0x43, 0x10, 0x67, 0x04, 0x48, 0x80, 0x68, 0x08, 0x21, 0x08, 0x40, 0x00, 0x28, 0x07, 0xD0
	.byte 0x02, 0x48, 0x06, 0xE0, 0xA0, 0x9B, 0x03, 0x02, 0xB0, 0x9B, 0x03, 0x02, 0x18, 0x81, 0x61, 0x09
	.byte 0x0F, 0x48, 0x20, 0x21, 0x14, 0xF7, 0x0C, 0xFE, 0x9C, 0x22, 0x52, 0x00, 0xA1, 0x18, 0x08, 0x60
	.byte 0x9C, 0x21, 0x49, 0x00, 0x60, 0x18, 0x00, 0x68, 0xC0, 0x88, 0x10, 0x30, 0x00, 0x04, 0x00, 0x0C
	.byte 0x01, 0x21, 0x18, 0xF7, 0x6D, 0xFA, 0x07, 0x4A, 0x0F, 0x21, 0x51, 0x56, 0x01, 0x20, 0x40, 0x42
	.byte 0x81, 0x42, 0x0B, 0xD0, 0x04, 0x4A, 0xA1, 0x18, 0x01, 0x20, 0x08, 0x70, 0x13, 0xE0, 0x00, 0x00
	.byte 0xA4, 0x83, 0xF6, 0x08, 0xB0, 0x9B, 0x03, 0x02, 0x0F, 0x03, 0x00, 0x00, 0x00, 0x20, 0xD0, 0x73
	.byte 0x09, 0x4A, 0xA1, 0x18, 0x08, 0x70, 0x67, 0x20, 0x32, 0xF0, 0x10, 0xF8, 0x07, 0x48, 0xFF, 0x21
	.byte 0x80, 0x22, 0x33, 0xF0, 0x4F, 0xF8, 0xC4, 0x20, 0x80, 0x00, 0x21, 0x18, 0x04, 0x48, 0x08, 0x60
	.byte 0x10, 0xBC, 0x01, 0xBC, 0x00, 0x47, 0x00, 0x00, 0x0F, 0x03, 0x00, 0x00, 0x10, 0xDB, 0x03, 0x02
	.byte 0x5D, 0xD3, 0x0E, 0x08, 0x10, 0xB5, 0x04, 0x1C, 0x0F, 0x49, 0x60, 0x18, 0x00, 0x78, 0x00, 0x28
	.byte 0x03, 0xD0, 0x00, 0x20, 0x10, 0x21, 0x18, 0xF7, 0x49, 0xF9, 0x0C, 0x49, 0x60, 0x18, 0x00, 0x78
	.byte 0x00, 0x28, 0x03, 0xD0, 0x20, 0x1C, 0x48, 0x30, 0x17, 0xF7, 0xE2, 0xFD, 0xC4, 0x21, 0x89, 0x00
	.byte 0x60, 0x18, 0x01, 0x68, 0x00, 0x29, 0x0B, 0xD0, 0x20, 0x1C, 0x2F, 0xF0, 0x81, 0xFB, 0x00, 0x06
	.byte 0x00, 0x28, 0x05, 0xD1, 0x00, 0x20, 0x04, 0xE0, 0x0F, 0x03, 0x00, 0x00, 0x0E, 0x03, 0x00, 0x00
	.byte 0x01, 0x20, 0x10, 0xBC, 0x02, 0xBC, 0x08, 0x47, 0xF0, 0xB5, 0x57, 0x46, 0x4E, 0x46, 0x45, 0x46
	.byte 0xE0, 0xB4, 0x84, 0xB0, 0x07, 0x1C, 0xB9, 0x68, 0x09, 0x02, 0x09, 0x14, 0x24, 0x4D, 0x2A, 0x68
	.byte 0x7B, 0x68, 0x38, 0x68, 0x00, 0x90, 0x00, 0x26, 0x01, 0x96, 0x80, 0x20, 0xC0, 0x00, 0x80, 0x46
	.byte 0x02, 0x90, 0x5A, 0x24, 0x03, 0x94, 0x80, 0x20, 0x14, 0xF7, 0x70, 0xFA, 0xF9, 0x68, 0x09, 0x02
	.byte 0x09, 0x14, 0x6A, 0x68, 0x7B, 0x68, 0x38, 0x68, 0x00, 0x90, 0x01, 0x96, 0x45, 0x46, 0x02, 0x95
	.byte 0x03, 0x94, 0x80, 0x20, 0x14, 0xF7, 0x62, 0xFA, 0x16, 0x48, 0x00, 0x68, 0x00, 0x68, 0x80, 0x21
	.byte 0x49, 0x01, 0x08, 0x40, 0x00, 0x28, 0x68, 0xD0, 0x13, 0x48, 0x85, 0x68, 0x08, 0x20, 0x05, 0x40
	.byte 0x00, 0x2D, 0x25, 0xD0, 0xA4, 0x21, 0x49, 0x00, 0x78, 0x18, 0x00, 0x68, 0x00, 0x02, 0x00, 0x14
	.byte 0xA6, 0x22, 0x52, 0x00, 0xB9, 0x18, 0x09, 0x68, 0x09, 0x02, 0x09, 0x14, 0x0B, 0x4A, 0x12, 0x68
	.byte 0xE2, 0x34, 0x3B, 0x19, 0x1B, 0x68, 0x9C, 0x25, 0x6D, 0x00, 0x7C, 0x19, 0x24, 0x68, 0x00, 0x94
	.byte 0x01, 0x96, 0x46, 0x46, 0x02, 0x96, 0x50, 0x24, 0x03, 0x94, 0x14, 0xF7, 0x37, 0xFA, 0x25, 0xE0
	.byte 0x74, 0x8E, 0xEF, 0x09, 0xAC, 0xC7, 0x03, 0x02, 0xB0, 0x9B, 0x03, 0x02, 0x9C, 0xF8, 0xEE, 0x09
	.byte 0xA4, 0x21, 0x49, 0x00, 0x78, 0x18, 0x00, 0x68, 0x00, 0x02, 0x00, 0x14, 0xA6, 0x22, 0x52, 0x00
	.byte 0xB9, 0x18, 0x09, 0x68, 0x09, 0x02, 0x09, 0x14, 0x58, 0x4A, 0x12, 0x68, 0x9E, 0x24, 0x64, 0x00
	.byte 0x3B, 0x19, 0x1B, 0x68, 0x9C, 0x26, 0x76, 0x00, 0xBC, 0x19, 0x24, 0x68, 0x00, 0x94, 0x01, 0x95
	.byte 0x44, 0x46, 0x02, 0x94, 0x50, 0x24, 0x03, 0x94, 0x14, 0xF7, 0x10, 0xFA, 0xA4, 0x25, 0x6D, 0x00
	.byte 0x78, 0x19, 0x00, 0x68, 0x00, 0x02, 0x00, 0x14, 0xA6, 0x26, 0x76, 0x00, 0xB9, 0x19, 0x09, 0x68
	.byte 0x09, 0x02, 0x09, 0x14, 0x4A, 0x4A, 0x12, 0x68, 0xA2, 0x24, 0x64, 0x00, 0x3B, 0x19, 0x1B, 0x68
	.byte 0x08, 0x3D, 0x7C, 0x19, 0x24, 0x68, 0x00, 0x94, 0x00, 0x24, 0x01, 0x94, 0x80, 0x24, 0xE4, 0x00
	.byte 0x02, 0x94, 0x51, 0x24, 0x03, 0x94, 0x14, 0xF7, 0xF1, 0xF9, 0x42, 0x4E, 0xB8, 0x19, 0x00, 0x78
	.byte 0x00, 0x28, 0x00, 0xD1, 0xF8, 0xE1, 0x78, 0x69, 0x00, 0x02, 0x00, 0x14, 0x3E, 0x49, 0x0A, 0x68
	.byte 0x3B, 0x69, 0x39, 0x68, 0x00, 0x91, 0x00, 0x21, 0x89, 0x46, 0x01, 0x91, 0x80, 0x24, 0xE4, 0x00
	.byte 0xA0, 0x46, 0x02, 0x94, 0x50, 0x25, 0x03, 0x95, 0x14, 0xF7, 0xD8, 0xF9, 0xF8, 0x69, 0x00, 0x02
	.byte 0x00, 0x14, 0x36, 0x49, 0x0A, 0x68, 0xBB, 0x69, 0x39, 0x68, 0x00, 0x91, 0x4E, 0x46, 0x01, 0x96
	.byte 0x02, 0x94, 0x5A, 0x21, 0x03, 0x91, 0x0E, 0x21, 0x14, 0xF7, 0xC8, 0xF9, 0x30, 0x48, 0x86, 0x68
	.byte 0x08, 0x20, 0x06, 0x40, 0x00, 0x2E, 0x5F, 0xD0, 0xB8, 0x6A, 0x00, 0x02, 0x00, 0x14, 0x2D, 0x4C
	.byte 0x22, 0x68, 0x7B, 0x6A, 0x39, 0x6A, 0x00, 0x91, 0x49, 0x46, 0x01, 0x91, 0x45, 0x46, 0x02, 0x95
	.byte 0x50, 0x26, 0x03, 0x96, 0x00, 0x21, 0x14, 0xF7, 0xB1, 0xF9, 0xB8, 0x6A, 0x00, 0x02, 0x00, 0x14
	.byte 0x62, 0x68, 0x7B, 0x6A, 0x39, 0x6A, 0x00, 0x91, 0x49, 0x46, 0x01, 0x91, 0x02, 0x95, 0x51, 0x25
	.byte 0x03, 0x95, 0x00, 0x21, 0x14, 0xF7, 0xA2, 0xF9, 0xF8, 0x6A, 0x00, 0x02, 0x00, 0x14, 0xA2, 0x68
	.byte 0x7B, 0x6A, 0x39, 0x6A, 0x00, 0x91, 0x4C, 0x46, 0x01, 0x94, 0x46, 0x46, 0x02, 0x96, 0x03, 0x95
	.byte 0x67, 0x21, 0x14, 0xF7, 0x93, 0xF9, 0xB2, 0x21, 0x49, 0x00, 0x78, 0x18, 0x03, 0x68, 0x34, 0x22
	.byte 0xD2, 0x19, 0x92, 0x46, 0x00, 0x2B, 0x00, 0xD1, 0x7E, 0xE0, 0xF8, 0x6A, 0x00, 0x12, 0x12, 0x30
	.byte 0x00, 0x04, 0x00, 0x14, 0xB8, 0x24, 0x64, 0x00, 0x39, 0x19, 0x0A, 0x68, 0xAC, 0x25, 0x6D, 0x00
	.byte 0x79, 0x19, 0x09, 0x68, 0x00, 0x91, 0x4E, 0x46, 0x01, 0x96, 0x41, 0x46, 0x02, 0x91, 0x50, 0x24
	.byte 0x03, 0x94, 0x7C, 0x21, 0x14, 0xF7, 0x72, 0xF9, 0x66, 0xE0, 0x00, 0x00, 0xCC, 0xE8, 0xED, 0x09
	.byte 0x80, 0x13, 0xEE, 0x09, 0x0E, 0x03, 0x00, 0x00, 0x6C, 0x8E, 0xEF, 0x09, 0x64, 0x8E, 0xEF, 0x09
	.byte 0xB0, 0x9B, 0x03, 0x02, 0x80, 0x8E, 0xEF, 0x09, 0xB8, 0x6A, 0x00, 0x02, 0x00, 0x14, 0x56, 0x4C
	.byte 0x22, 0x68, 0x7B, 0x6A, 0x39, 0x6A, 0x00, 0x91, 0x01, 0x96, 0x45, 0x46, 0x02, 0x95, 0x50, 0x21
	.byte 0x03, 0x91, 0x00, 0x21, 0x14, 0xF7, 0x52, 0xF9, 0xB8, 0x6A, 0x00, 0x02, 0x00, 0x14, 0x62, 0x68
	.byte 0x7B, 0x6A, 0x39, 0x6A, 0x00, 0x91, 0x01, 0x96, 0x02, 0x95, 0x51, 0x25, 0x03, 0x95, 0x00, 0x21
	.byte 0x14, 0xF7, 0x44, 0xF9, 0xF8, 0x6A, 0x00, 0x02, 0x00, 0x14, 0xA2, 0x68, 0x7B, 0x6A, 0x39, 0x6A
	.byte 0x00, 0x91, 0x01, 0x96, 0x44, 0x46, 0x02, 0x94, 0x03, 0x95, 0x67, 0x21, 0x14, 0xF7, 0x36, 0xF9
	.byte 0x00, 0x25, 0x34, 0x26, 0xF6, 0x19, 0xB2, 0x46, 0x0E, 0x26, 0xAC, 0x00, 0xB2, 0x21, 0x49, 0x00
	.byte 0x78, 0x18, 0x00, 0x19, 0x03, 0x68, 0x00, 0x2B, 0x1A, 0xD0, 0xF8, 0x6A, 0x00, 0x12, 0x80, 0x19
	.byte 0x00, 0x04, 0x00, 0x14, 0xB8, 0x22, 0x52, 0x00, 0xB9, 0x18, 0x09, 0x19, 0x09, 0x68, 0x88, 0x46
	.byte 0x18, 0x3A, 0xB9, 0x18, 0x09, 0x19, 0x09, 0x68, 0x00, 0x91, 0x00, 0x21, 0x01, 0x91, 0x80, 0x21
	.byte 0xC9, 0x00, 0x02, 0x91, 0x50, 0x21, 0x03, 0x91, 0x7C, 0x21, 0x42, 0x46, 0x14, 0xF7, 0x0E, 0xF9
	.byte 0x14, 0x36, 0x01, 0x35, 0x02, 0x2D, 0xD8, 0xDD, 0x2C, 0x48, 0x84, 0x68, 0x08, 0x20, 0x04, 0x40
	.byte 0x00, 0x2C, 0x22, 0xD1, 0x38, 0x6B, 0x00, 0x02, 0x00, 0x14, 0x27, 0x49, 0xCA, 0x68, 0x7B, 0x6A
	.byte 0x39, 0x6A, 0x00, 0x91, 0x01, 0x94, 0x80, 0x21, 0xC9, 0x00, 0x02, 0x91, 0x51, 0x21, 0x03, 0x91
	.byte 0x90, 0x21, 0x14, 0xF7, 0xF3, 0xF8, 0x38, 0x6B, 0x00, 0x12, 0x10, 0x30, 0x00, 0x04, 0x00, 0x14
	.byte 0x3A, 0x1C, 0x74, 0x32, 0x3B, 0x6F, 0x32, 0x21, 0x00, 0x91, 0x9A, 0x24, 0x64, 0x00, 0x39, 0x19
	.byte 0x09, 0x78, 0x01, 0x91, 0x91, 0x21, 0x78, 0xF7, 0x5D, 0xF9, 0x55, 0x46, 0x2C, 0x78, 0x00, 0x2C
	.byte 0x34, 0xD0, 0x78, 0x6C, 0x00, 0x02, 0x00, 0x14, 0x15, 0x4A, 0x16, 0x4E, 0xF6, 0x19, 0xB0, 0x46
	.byte 0x31, 0x78, 0x89, 0x00, 0x89, 0x18, 0x0A, 0x68, 0x3B, 0x6C, 0xF9, 0x6B, 0x00, 0x91, 0x00, 0x26
	.byte 0x01, 0x96, 0x80, 0x25, 0xED, 0x00, 0x02, 0x95, 0x51, 0x24, 0x03, 0x94, 0x1A, 0x21, 0x14, 0xF7
	.byte 0xC5, 0xF8, 0x78, 0x6C, 0x00, 0x02, 0x00, 0x14, 0x0B, 0x4A, 0x43, 0x46, 0x19, 0x78, 0x89, 0x00
	.byte 0x89, 0x18, 0x0A, 0x68, 0x3B, 0x6C, 0xB9, 0x6B, 0x00, 0x91, 0x01, 0x96, 0x02, 0x95, 0x03, 0x94
	.byte 0x1A, 0x21, 0x14, 0xF7, 0xB3, 0xF8, 0x1A, 0xE0, 0x0C, 0x8E, 0xEF, 0x09, 0xB0, 0x9B, 0x03, 0x02
	.byte 0x20, 0x8E, 0xEF, 0x09, 0x09, 0x03, 0x00, 0x00, 0x44, 0x8E, 0xEF, 0x09, 0x78, 0x6C, 0x00, 0x02
	.byte 0x00, 0x14, 0x0E, 0x49, 0xCA, 0x69, 0x3B, 0x6C, 0xF9, 0x6B, 0x00, 0x91, 0x01, 0x94, 0x80, 0x21
	.byte 0xC9, 0x00, 0x02, 0x91, 0x50, 0x21, 0x03, 0x91, 0x1A, 0x21, 0x14, 0xF7, 0x97, 0xF8, 0x54, 0x46
	.byte 0x20, 0x78, 0x00, 0x28, 0x5F, 0xD0, 0x06, 0x4D, 0x78, 0x19, 0x04, 0x78, 0x01, 0x2C, 0x09, 0xD0
	.byte 0x01, 0x2C, 0x37, 0xDD, 0x02, 0x2C, 0x1A, 0xD0, 0x34, 0xE0, 0x00, 0x00, 0x20, 0x8E, 0xEF, 0x09
	.byte 0x0A, 0x03, 0x00, 0x00, 0x38, 0x1C, 0x68, 0x30, 0x90, 0x21, 0xC9, 0x01, 0x70, 0xF7, 0x6E, 0xFF
	.byte 0x38, 0x1C, 0x48, 0x30, 0x17, 0xF7, 0x08, 0xFC, 0x02, 0x1C, 0xB8, 0x6E, 0x00, 0x02, 0x00, 0x14
	.byte 0x7B, 0x6E, 0x39, 0x6E, 0x00, 0x91, 0x00, 0x21, 0x01, 0x91, 0x02, 0x94, 0x14, 0xE0, 0x38, 0x1C
	.byte 0x68, 0x30, 0x88, 0x21, 0x09, 0x02, 0x70, 0xF7, 0x59, 0xFF, 0x38, 0x1C, 0x48, 0x30, 0x17, 0xF7
	.byte 0xF3, 0xFB, 0x02, 0x1C, 0xB8, 0x6E, 0x00, 0x02, 0x00, 0x14, 0x7B, 0x6E, 0x39, 0x6E, 0x00, 0x91
	.byte 0x00, 0x21, 0x01, 0x91, 0x01, 0x21, 0x02, 0x91, 0x3C, 0x21, 0x03, 0x91, 0x50, 0x21, 0x14, 0xF7
	.byte 0x55, 0xF8, 0x20, 0xE0, 0x38, 0x1C, 0x6C, 0x30, 0x33, 0x4E, 0xB9, 0x19, 0x0A, 0x78, 0x91, 0x00
	.byte 0x89, 0x18, 0x89, 0x00, 0x89, 0x1A, 0x10, 0x31, 0x09, 0x02, 0x70, 0xF7, 0x37, 0xFF, 0x38, 0x1C
	.byte 0x48, 0x30, 0x17, 0xF7, 0xD1, 0xFB, 0x02, 0x1C, 0xF9, 0x6E, 0x09, 0x02, 0x09, 0x14, 0x7B, 0x6E
	.byte 0x38, 0x6E, 0x00, 0x90, 0x00, 0x20, 0x01, 0x90, 0x28, 0x48, 0x02, 0x90, 0x3C, 0x20, 0x03, 0x90
	.byte 0x18, 0x20, 0x14, 0xF7, 0x33, 0xF8, 0x26, 0x49, 0x78, 0x18, 0x00, 0x78, 0x00, 0x28, 0x3B, 0xD0
	.byte 0xC0, 0x22, 0x52, 0x00, 0xD2, 0x19, 0x90, 0x46, 0xA2, 0x23, 0x9B, 0x00, 0xFE, 0x18, 0x31, 0x78
	.byte 0x40, 0x46, 0x77, 0xF7, 0xB7, 0xFB, 0x00, 0x04, 0x00, 0x14, 0xF0, 0x21, 0x09, 0x1A, 0xC8, 0x0F
	.byte 0x09, 0x18, 0xC9, 0x03, 0x09, 0x14, 0xBE, 0x24, 0x64, 0x00, 0x3D, 0x19, 0x2B, 0x68, 0x46, 0x24
	.byte 0x00, 0x94, 0x30, 0x78, 0x01, 0x90, 0x08, 0x1C, 0x40, 0x21, 0x42, 0x46, 0x78, 0xF7, 0x8A, 0xF8
	.byte 0xA3, 0x26, 0xB6, 0x00, 0xBA, 0x19, 0x2B, 0x68, 0x00, 0x94, 0xAF, 0x21, 0x89, 0x00, 0x78, 0x18
	.byte 0x00, 0x78, 0x01, 0x90, 0x50, 0x20, 0x54, 0x21, 0x78, 0xF7, 0x7C, 0xF8, 0xB0, 0x23, 0x9B, 0x00
	.byte 0xFA, 0x18, 0x2B, 0x68, 0x00, 0x94, 0xC2, 0x24, 0xA4, 0x00, 0x38, 0x19, 0x00, 0x78, 0x01, 0x90
	.byte 0x90, 0x20, 0x54, 0x21, 0x78, 0xF7, 0x6E, 0xF8, 0x04, 0xB0, 0x38, 0xBC, 0x98, 0x46, 0xA1, 0x46
	.byte 0xAA, 0x46, 0xF0, 0xBC, 0x01, 0xBC, 0x00, 0x47, 0x09, 0x03, 0x00, 0x00, 0x01, 0x04, 0x00, 0x00
	.byte 0x0A, 0x03, 0x00, 0x00, 0x70, 0xB5, 0x05, 0x1C, 0x00, 0x21, 0xFE, 0xF7, 0x25, 0xFE, 0x28, 0x1C
	.byte 0x00, 0x21, 0xFE, 0xF7, 0xDF, 0xFD, 0x28, 0x68, 0x14, 0xF7, 0xF0, 0xFB, 0x68, 0x68, 0x14, 0xF7
	.byte 0x45, 0xFA, 0x28, 0x69, 0x14, 0xF7, 0x42, 0xFA, 0xA8, 0x69, 0x14, 0xF7, 0x3F, 0xFA, 0x28, 0x6A
	.byte 0x14, 0xF7, 0xE4, 0xFB, 0x68, 0x6A, 0x14, 0xF7, 0x39, 0xFA, 0xA8, 0x6B, 0x14, 0xF7, 0xDE, 0xFB
	.byte 0xE8, 0x6B, 0x14, 0xF7, 0xDB, 0xFB, 0x28, 0x6C, 0x14, 0xF7, 0x30, 0xFA, 0x28, 0x6E, 0x14, 0xF7
	.byte 0xD5, 0xFB, 0x68, 0x6E, 0x14, 0xF7, 0x2A, 0xFA, 0x9C, 0x21, 0x49, 0x00, 0x68, 0x18, 0x00, 0x68
	.byte 0x14, 0xF7, 0xCC, 0xFB, 0x9E, 0x21, 0x49, 0x00, 0x68, 0x18, 0x00, 0x68, 0x14, 0xF7, 0x1E, 0xFA
	.byte 0xA0, 0x21, 0x49, 0x00, 0x68, 0x18, 0x00, 0x68, 0x14, 0xF7, 0xC0, 0xFB, 0xA2, 0x21, 0x49, 0x00
	.byte 0x68, 0x18, 0x00, 0x68, 0x14, 0xF7, 0x12, 0xFA, 0x00, 0x26, 0xB4, 0x00, 0xB2, 0x21, 0x49, 0x00
	.byte 0x68, 0x18, 0x00, 0x19, 0x00, 0x68, 0x00, 0x28, 0x08, 0xD0, 0x14, 0xF7, 0x07, 0xFA, 0xAC, 0x21
	.byte 0x49, 0x00, 0x68, 0x18, 0x00, 0x19, 0x00, 0x68, 0x14, 0xF7, 0xA8, 0xFB, 0x01, 0x36, 0x02, 0x2E
	.byte 0xEB, 0xDD, 0x28, 0x1C, 0x74, 0x30, 0x18, 0x21, 0x77, 0xF7, 0x08, 0xFB, 0x28, 0x6F, 0x14, 0xF7
	.byte 0x9D, 0xFB, 0x09, 0x48, 0x01, 0x68, 0x08, 0x68, 0x81, 0x23, 0x5B, 0x42, 0x18, 0x40, 0x08, 0x60
	.byte 0x06, 0x48, 0x02, 0x68, 0x10, 0x6F, 0x06, 0x49, 0x08, 0x40, 0x18, 0x40, 0x05, 0x49, 0x08, 0x40
	.byte 0x10, 0x67, 0x70, 0xBC, 0x01, 0xBC, 0x00, 0x47, 0xAC, 0xC7, 0x03, 0x02, 0xA0, 0x9B, 0x03, 0x02
	.byte 0xFF, 0xEF, 0xFF, 0xFF, 0xFF, 0xDF, 0xFF, 0xFF
	thumb_func_start func_080EE50C
func_080EE50C: @ 080EE50C
	push {r4, r5, lr}
	adds r5, r0, #0x0
	lsls r4, r1, #0x18
	lsrs r4, r4, #0x18
	movs r0, #0x0B
	adds r1, r4, #0x0
	bl func_080062F4
	movs r0, #0x0C
	adds r1, r4, #0x0
	bl func_080062F4
	movs r0, #0x0D
	adds r1, r4, #0x0
	bl func_080062F4
	movs r0, #0x0E
	adds r1, r4, #0x0
	bl func_080062F4
	ldr r0, [r5, #0x14]
	ldrh r0, [r0, #0x06]
	adds r0, #0x10
	lsls r0, r0, #0x10
	lsrs r0, r0, #0x10
	adds r1, r4, #0x0
	bl func_080062F4
	ldr r0, [r5, #0x34]
	ldrh r0, [r0, #0x06]
	adds r0, #0x10
	lsls r0, r0, #0x10
	lsrs r0, r0, #0x10
	adds r1, r4, #0x0
	bl func_080062F4
	ldr r0, [r5, #0x40]
	ldrh r0, [r0, #0x06]
	adds r0, #0x10
	lsls r0, r0, #0x10
	lsrs r0, r0, #0x10
	adds r1, r4, #0x0
	bl func_080062F4
	movs r0, #0xC8
	lsls r0, r0, #0x01
	adds r5, r5, r0
	ldr r0, [r5, #0x00]
	ldrh r0, [r0, #0x06]
	adds r0, #0x10
	lsls r0, r0, #0x10
	lsrs r0, r0, #0x10
	adds r1, r4, #0x0
	bl func_080062F4
	pop {r4, r5}
	pop {r0}
	bx r0
	thumb_func_start func_080EE580
func_080EE580: @ 080EE580
	push {r4, r5, lr}
	adds r5, r0, #0x0
	lsls r4, r1, #0x18
	lsrs r4, r4, #0x18
	ldr r0, [r5, #0x00]
	ldrh r0, [r0, #0x06]
	adds r0, #0x10
	lsls r0, r0, #0x10
	lsrs r0, r0, #0x10
	adds r1, r4, #0x0
	bl func_080062F4
	movs r1, #0xB4
	lsls r1, r1, #0x01
	adds r0, r5, r1
	ldr r0, [r0, #0x00]
	ldrh r0, [r0, #0x06]
	adds r0, #0x10
	lsls r0, r0, #0x10
	lsrs r0, r0, #0x10
	adds r1, r4, #0x0
	bl func_080062F4
	movs r1, #0xC0
	lsls r1, r1, #0x01
	adds r0, r5, r1
	ldr r0, [r0, #0x00]
	ldrh r0, [r0, #0x06]
	adds r0, #0x10
	lsls r0, r0, #0x10
	lsrs r0, r0, #0x10
	adds r1, r4, #0x0
	bl func_080062F4
	movs r1, #0xC4
	lsls r1, r1, #0x01
	adds r0, r5, r1
	ldr r0, [r0, #0x00]
	ldrh r0, [r0, #0x06]
	adds r0, #0x10
	lsls r0, r0, #0x10
	lsrs r0, r0, #0x10
	adds r1, r4, #0x0
	bl func_080062F4
	pop {r4, r5}
	pop {r0}
	bx r0
	thumb_func_start func_080EE5E0
func_080EE5E0: @ 080EE5E0
	push {r4, lr}
	lsls r0, r0, #0x18
	lsrs r2, r0, #0x18
	ldr r0, _080EE5FC @ =0x02039BB0
	ldr r0, [r0, #0x08]
	movs r1, #0x08
	ands r0, r1
	cmp r0, #0x00
	beq _080EE604
	lsls r0, r2, #0x02
	adds r0, r0, r2
	lsls r0, r0, #0x06
	ldr r1, _080EE600 @ =0x09963D64
	b _080EE60C
_080EE5FC: .4byte 0x02039BB0
_080EE600: .4byte 0x09963D64
_080EE604:
	lsls r0, r2, #0x02
	adds r0, r0, r2
	lsls r0, r0, #0x06
	ldr r1, _080EE628 @ =0x09961A64
_080EE60C:
	adds r4, r0, r1
	movs r0, #0x00
	bl func_08005130
	adds r1, r0, #0x0
	movs r2, #0xA0
	lsls r2, r2, #0x01
	adds r1, r1, r2
	adds r0, r4, #0x0
	bl func_080043B4
	pop {r4}
	pop {r0}
	bx r0
_080EE628: .4byte 0x09961A64
	thumb_func_start func_080EE62C
func_080EE62C: @ 080EE62C
	push {r4, r5, r6, r7, lr}
	add sp, #-0x008
	adds r4, r0, #0x0
	lsls r4, r4, #0x10
	lsrs r4, r4, #0x10
	mov r5, sp
	movs r6, #0x64
	adds r0, r4, #0x0
	movs r1, #0x64
	bl _0811D754
	strh r0, [r5, #0x00]
	mov r5, sp
	adds r0, r4, #0x0
	movs r1, #0x0A
	bl _0811D754
	mov r1, sp
	ldrh r2, [r1, #0x00]
	lsls r1, r2, #0x02
	adds r1, r1, r2
	lsls r1, r1, #0x01
	subs r0, r0, r1
	strh r0, [r5, #0x02]
	mov r2, sp
	mov r0, sp
	ldrh r0, [r0, #0x00]
	muls r0, r6
	subs r4, r4, r0
	mov r0, sp
	ldrh r1, [r0, #0x02]
	lsls r0, r1, #0x02
	adds r0, r0, r1
	lsls r0, r0, #0x01
	subs r4, r4, r0
	strh r4, [r2, #0x04]
	movs r6, #0x40
	mov r5, sp
	adds r5, #0x02
	movs r7, #0x01
_080EE67C:
	ldrh r4, [r5, #0x00]
	lsls r4, r4, #0x05
	ldr r0, _080EE6A8 @ =0x09966064
	adds r4, r4, r0
	movs r0, #0x00
	bl func_08005130
	adds r1, r0, #0x0
	adds r1, r1, r6
	adds r0, r4, #0x0
	movs r2, #0x20
	bl func_080043B4
	adds r6, #0x20
	adds r5, #0x02
	subs r7, #0x01
	cmp r7, #0x00
	bge _080EE67C
	add sp, #0x008
	pop {r4, r5, r6, r7}
	pop {r0}
	bx r0
_080EE6A8: .4byte 0x09966064
	thumb_func_start func_080EE6AC
func_080EE6AC: @ 080EE6AC
	push {r4, r5, r6, r7, lr}
	add sp, #-0x00C
	adds r5, r0, #0x0
	movs r1, #0xE1
	lsls r1, r1, #0x04
	bl _0811D754
	adds r4, r0, #0x0
	mov r6, sp
	movs r1, #0x0A
	bl _0811D754
	strh r0, [r6, #0x00]
	mov r2, sp
	mov r0, sp
	ldrh r1, [r0, #0x00]
	lsls r0, r1, #0x02
	adds r0, r0, r1
	lsls r0, r0, #0x01
	subs r0, r4, r0
	strh r0, [r2, #0x02]
	lsls r0, r4, #0x03
	subs r0, r0, r4
	lsls r0, r0, #0x05
	adds r0, r0, r4
	lsls r0, r0, #0x04
	subs r5, r5, r0
	adds r0, r5, #0x0
	movs r1, #0x3C
	bl _0811D754
	adds r4, r0, #0x0
	mov r6, sp
	movs r1, #0x0A
	bl _0811D754
	strh r0, [r6, #0x04]
	mov r2, sp
	mov r0, sp
	ldrh r1, [r0, #0x04]
	lsls r0, r1, #0x02
	adds r0, r0, r1
	lsls r0, r0, #0x01
	subs r0, r4, r0
	strh r0, [r2, #0x06]
	lsls r0, r4, #0x04
	subs r0, r0, r4
	lsls r0, r0, #0x02
	subs r5, r5, r0
	mov r4, sp
	adds r0, r5, #0x0
	movs r1, #0x0A
	bl _0811D754
	strh r0, [r4, #0x08]
	mov r2, sp
	mov r0, sp
	ldrh r1, [r0, #0x08]
	lsls r0, r1, #0x02
	adds r0, r0, r1
	lsls r0, r0, #0x01
	subs r5, r5, r0
	strh r5, [r2, #0x0A]
	movs r7, #0x80
	mov r5, sp
	movs r6, #0x05
_080EE730:
	ldrh r4, [r5, #0x00]
	lsls r4, r4, #0x05
	ldr r0, _080EE75C @ =0x09966064
	adds r4, r4, r0
	movs r0, #0x00
	bl func_08005130
	adds r1, r0, #0x0
	adds r1, r1, r7
	adds r0, r4, #0x0
	movs r2, #0x20
	bl func_080043B4
	adds r7, #0x20
	adds r5, #0x02
	subs r6, #0x01
	cmp r6, #0x00
	bge _080EE730
	add sp, #0x00C
	pop {r4, r5, r6, r7}
	pop {r0}
	bx r0
_080EE75C: .4byte 0x09966064
	thumb_func_start func_080EE760
func_080EE760: @ 080EE760
	push {r4, r5, lr}
	adds r5, r0, #0x0
	lsls r1, r1, #0x18
	lsrs r1, r1, #0x15
	ldr r0, _080EE77C @ =0x02039D6C
	adds r4, r1, r0
	ldrb r1, [r4, #0x02]
	cmp r1, #0x00
	bne _080EE780
	movs r2, #0xB2
	lsls r2, r2, #0x01
	adds r0, r5, r2
	strb r1, [r0, #0x00]
	b _080EE7A8
_080EE77C: .4byte 0x02039D6C
_080EE780:
	ldrb r0, [r4, #0x00]
	bl func_080EE5E0
	ldrb r0, [r4, #0x02]
	bl func_080EE62C
	ldr r0, [r4, #0x04]
	bl func_080EE6AC
	ldrb r0, [r4, #0x01]
	bl func_080DF804
	adds r1, r5, #0x0
	adds r1, #0x44
	bl func_08065B6C
	movs r2, #0xB2
	lsls r2, r2, #0x01
	adds r1, r5, r2
	strb r0, [r1, #0x00]
_080EE7A8:
	pop {r4, r5}
	pop {r0}
	bx r0
	.byte 0x00, 0x00, 0x30, 0xB5, 0x05, 0x1C, 0x0A, 0x48, 0x2C, 0x18, 0x20, 0x88, 0x00, 0x28, 0x12, 0xD0
	.byte 0x28, 0x1C, 0x08, 0x30, 0x22, 0x88, 0x00, 0x21, 0x17, 0xF7, 0x99, 0xF8, 0x28, 0x1C, 0x0C, 0x30
	.byte 0x98, 0x21, 0x09, 0x02, 0x22, 0x88, 0x17, 0xF7, 0x92, 0xF8, 0x20, 0x88, 0x01, 0x38, 0x20, 0x80
	.byte 0x16, 0xE0, 0xF6, 0x02, 0x00, 0x00, 0x0C, 0x48, 0x02, 0x68, 0x10, 0x68, 0x80, 0x21, 0x49, 0x01
	.byte 0x08, 0x43, 0x10, 0x60, 0x0A, 0x48, 0x02, 0x68, 0x10, 0x6F, 0x80, 0x21, 0x49, 0x00, 0x08, 0x43
	.byte 0x10, 0x67, 0x10, 0x20, 0x20, 0x80, 0xBC, 0x20, 0x80, 0x00, 0x29, 0x18, 0x05, 0x48, 0x08, 0x60
	.byte 0x01, 0x20, 0x30, 0xBC, 0x02, 0xBC, 0x08, 0x47, 0x00, 0x00, 0xAC, 0xC7, 0x03, 0x02, 0xA0, 0x9B
	.byte 0x03, 0x02, 0x25, 0xE8, 0x0E, 0x08, 0xF0, 0xB5, 0x07, 0x1C, 0x10, 0x48, 0x3C, 0x18, 0x20, 0x88
	.byte 0x00, 0x28, 0x38, 0xD0, 0x38, 0x1C, 0x10, 0x30, 0x22, 0x88, 0x00, 0x21, 0x17, 0xF7, 0x5F, 0xF8
	.byte 0x0C, 0x48, 0x80, 0x68, 0x08, 0x21, 0x08, 0x40, 0x00, 0x28, 0x14, 0xD0, 0xB8, 0x21, 0x49, 0x00
	.byte 0x78, 0x18, 0xE0, 0x21, 0x89, 0x01, 0x22, 0x88, 0x17, 0xF7, 0x51, 0xF8, 0xBA, 0x22, 0x52, 0x00
	.byte 0xB8, 0x18, 0xE0, 0x21, 0xC9, 0x01, 0x22, 0x88, 0x17, 0xF7, 0x49, 0xF8, 0x13, 0xE0, 0xF6, 0x02
	.byte 0x00, 0x00, 0xB0, 0x9B, 0x03, 0x02, 0xB8, 0x21, 0x49, 0x00, 0x78, 0x18, 0xE0, 0x21, 0x89, 0x01
	.byte 0x22, 0x88, 0x17, 0xF7, 0x3C, 0xF8, 0xBA, 0x22, 0x52, 0x00, 0xB8, 0x18, 0xE0, 0x21, 0xC9, 0x01
	.byte 0x22, 0x88, 0x17, 0xF7, 0x34, 0xF8, 0x02, 0x48, 0x39, 0x18, 0x08, 0x88, 0x01, 0x38, 0x08, 0x80
	.byte 0x0F, 0xE1, 0xF6, 0x02, 0x00, 0x00, 0x03, 0x48, 0x80, 0x68, 0x08, 0x21, 0x08, 0x40, 0x00, 0x28
	.byte 0x05, 0xD1, 0x01, 0x48, 0x04, 0xE0, 0xB0, 0x9B, 0x03, 0x02, 0x04, 0x1C, 0x99, 0x09, 0x1E, 0x48
	.byte 0x20, 0x21, 0x14, 0xF7, 0xA8, 0xF8, 0x38, 0x64, 0xB2, 0x22, 0x52, 0x00, 0xB9, 0x18, 0x00, 0x20
	.byte 0x08, 0x70, 0x38, 0x1C, 0x44, 0x30, 0x24, 0x21, 0x77, 0xF7, 0xF9, 0xF8, 0x00, 0x20, 0x03, 0x21
	.byte 0x1F, 0x22, 0x0B, 0x23, 0x16, 0xF7, 0xC7, 0xFB, 0x00, 0x20, 0x00, 0x21, 0x16, 0xF7, 0x6D, 0xFE
	.byte 0x13, 0x49, 0x00, 0x20, 0x80, 0x22, 0x16, 0xF7, 0xF2, 0xFB, 0x11, 0x49, 0xFD, 0x22, 0x52, 0x01
	.byte 0x00, 0x20, 0x16, 0xF7, 0xDA, 0xFB, 0x0F, 0x48, 0x81, 0x68, 0x08, 0x20, 0x08, 0x40, 0x00, 0x28
	.byte 0x2F, 0xD0, 0x10, 0x20, 0x01, 0x40, 0x00, 0x29, 0x19, 0xD0, 0x0B, 0x49, 0x80, 0x22, 0x12, 0x01
	.byte 0x00, 0x20, 0x16, 0xF7, 0xF4, 0xFB, 0x01, 0x20, 0x1A, 0xF7, 0xE1, 0xFD, 0x02, 0x28, 0x45, 0xD1
	.byte 0x38, 0x1C, 0x03, 0x21, 0xFF, 0xF7, 0x15, 0xFF, 0x40, 0xE0, 0x44, 0x1C, 0x99, 0x09, 0x84, 0x1C
	.byte 0x99, 0x09, 0xA4, 0x61, 0x96, 0x09, 0xB0, 0x9B, 0x03, 0x02, 0x44, 0xC7, 0x98, 0x09, 0x07, 0x49
	.byte 0x80, 0x22, 0x12, 0x01, 0x00, 0x20, 0x16, 0xF7, 0xDA, 0xFB, 0x00, 0x20, 0x1A, 0xF7, 0xC7, 0xFD
	.byte 0x02, 0x28, 0x2B, 0xD1, 0x38, 0x1C, 0x02, 0x21, 0xFF, 0xF7, 0xFB, 0xFE, 0x26, 0xE0, 0x44, 0xBF
	.byte 0x98, 0x09, 0x10, 0x20, 0x01, 0x40, 0x00, 0x29, 0x11, 0xD0, 0x07, 0x49, 0x80, 0x22, 0x12, 0x01
	.byte 0x00, 0x20, 0x16, 0xF7, 0xC4, 0xFB, 0x01, 0x20, 0x1A, 0xF7, 0xE3, 0xFB, 0x02, 0x28, 0x15, 0xD1
	.byte 0x38, 0x1C, 0x01, 0x21, 0xFF, 0xF7, 0xE5, 0xFE, 0x10, 0xE0, 0x44, 0xB7, 0x98, 0x09, 0x4A, 0x49
	.byte 0x80, 0x22, 0x12, 0x01, 0x00, 0x20, 0x16, 0xF7, 0xB2, 0xFB, 0x00, 0x20, 0x1A, 0xF7, 0xD1, 0xFB
	.byte 0x02, 0x28, 0x03, 0xD1, 0x38, 0x1C, 0x00, 0x21, 0xFF, 0xF7, 0xD3, 0xFE, 0x44, 0x4A, 0x00, 0x20
	.byte 0x00, 0x21, 0x16, 0xF7, 0x94, 0xFD, 0xA0, 0x20, 0x80, 0x00, 0x41, 0x49, 0x13, 0xF7, 0x95, 0xFF
	.byte 0xC2, 0x22, 0x52, 0x00, 0xB9, 0x18, 0x08, 0x60, 0x80, 0x20, 0xC0, 0x00, 0x3E, 0x49, 0x13, 0xF7
	.byte 0x8C, 0xFF, 0xC6, 0x22, 0x52, 0x00, 0xB9, 0x18, 0x08, 0x60, 0x3B, 0x48, 0x20, 0x21, 0x14, 0xF7
	.byte 0x12, 0xF8, 0x78, 0x61, 0x3A, 0x48, 0x98, 0x21, 0xC9, 0x00, 0x13, 0xF7, 0x54, 0xFE, 0xB8, 0x61
	.byte 0x38, 0x48, 0x20, 0x21, 0x14, 0xF7, 0x07, 0xF8, 0x78, 0x63, 0x90, 0x20, 0x40, 0x00, 0x35, 0x49
	.byte 0x13, 0xF7, 0x73, 0xFF, 0xB8, 0x63, 0x3C, 0x1C, 0x1C, 0x34, 0x33, 0x49, 0x34, 0x4A, 0x20, 0x1C
	.byte 0x16, 0xF7, 0xA3, 0xFF, 0x20, 0x1C, 0x02, 0x21, 0x01, 0x22, 0x16, 0xF7, 0xBC, 0xFF, 0x01, 0x20
	.byte 0x77, 0xF7, 0x1B, 0xFD, 0xC8, 0x22, 0x52, 0x00, 0xB9, 0x18, 0x08, 0x60, 0xCA, 0x20, 0x40, 0x00
	.byte 0x3C, 0x18, 0x20, 0x1C, 0x1B, 0x21, 0x77, 0xF7, 0x42, 0xF8, 0x9C, 0x21, 0x89, 0x00, 0x7D, 0x18
	.byte 0x28, 0x1C, 0x06, 0x21, 0x77, 0xF7, 0x3B, 0xF8, 0xA9, 0x22, 0x92, 0x00, 0xBE, 0x18, 0x30, 0x1C
	.byte 0x09, 0x21, 0x77, 0xF7, 0x34, 0xF8, 0x22, 0x48, 0x21, 0x1C, 0x77, 0xF7, 0x80, 0xF8, 0x9B, 0x22
	.byte 0x92, 0x00, 0xB9, 0x18, 0x08, 0x70, 0x1F, 0x48, 0x29, 0x1C, 0x77, 0xF7, 0x78, 0xF8, 0xA8, 0x22
	.byte 0x92, 0x00, 0xB9, 0x18, 0x08, 0x70, 0x1C, 0x48, 0x31, 0x1C, 0x77, 0xF7, 0x70, 0xF8, 0xBB, 0x22
	.byte 0x92, 0x00, 0xB9, 0x18, 0x08, 0x70, 0x38, 0x1C, 0x01, 0x21, 0xFF, 0xF7, 0x38, 0xFD, 0xBE, 0x20
	.byte 0x80, 0x00, 0x39, 0x18, 0x01, 0x20, 0x08, 0x70, 0xBD, 0x22, 0x92, 0x00, 0xB9, 0x18, 0x02, 0x20
	.byte 0x08, 0x70, 0xB0, 0x20, 0x00, 0x02, 0xF8, 0x63, 0xBC, 0x20, 0x80, 0x00, 0x39, 0x18, 0x0F, 0x48
	.byte 0x08, 0x60, 0x01, 0x20, 0xF0, 0xBC, 0x02, 0xBC, 0x08, 0x47, 0x44, 0xAF, 0x98, 0x09, 0xFB, 0xFF
	.byte 0x00, 0x00, 0xF8, 0xFD, 0x19, 0x09, 0xB8, 0xBD, 0x1A, 0x09, 0x24, 0x1D, 0x99, 0x09, 0x8A, 0x8F
	.byte 0x8A, 0x09, 0xA4, 0x19, 0x99, 0x09, 0x28, 0x86, 0x8A, 0x09, 0x58, 0x8D, 0xEF, 0x09, 0x48, 0x8D
	.byte 0xEF, 0x09, 0xF0, 0x9D, 0x15, 0x08, 0x10, 0x9E, 0x15, 0x08, 0x18, 0x9E, 0x15, 0x08, 0x01, 0xEB
	.byte 0x0E, 0x08, 0x10, 0xB5, 0x04, 0x1C, 0x12, 0xF7, 0x4A, 0xFC, 0x20, 0x21, 0x01, 0x40, 0x00, 0x29
	.byte 0x0A, 0xD0, 0xBD, 0x20, 0x80, 0x00, 0x21, 0x18, 0x08, 0x78, 0x01, 0x28, 0x04, 0xD0, 0x01, 0x20
	.byte 0x08, 0x70, 0x65, 0x20, 0x31, 0xF0, 0xA5, 0xF9, 0x12, 0xF7, 0x39, 0xFC, 0x10, 0x21, 0x01, 0x40
	.byte 0x00, 0x29, 0x0A, 0xD0, 0xBD, 0x22, 0x92, 0x00, 0xA1, 0x18, 0x08, 0x78, 0x02, 0x28, 0x04, 0xD0
	.byte 0x02, 0x20, 0x08, 0x70, 0x65, 0x20, 0x31, 0xF0, 0x94, 0xF9, 0x12, 0xF7, 0x22, 0xFC, 0x02, 0x21
	.byte 0x01, 0x40, 0x00, 0x29, 0x0B, 0xD1, 0x12, 0xF7, 0x1C, 0xFC, 0x01, 0x21, 0x01, 0x40, 0x00, 0x29
	.byte 0x21, 0xD0, 0xBD, 0x21, 0x89, 0x00, 0x60, 0x18, 0x00, 0x78, 0x01, 0x28, 0x1B, 0xD0, 0x68, 0x20
	.byte 0x31, 0xF0, 0x7F, 0xF9, 0xBD, 0x22, 0x92, 0x00, 0xA0, 0x18, 0x00, 0x21, 0x01, 0x70, 0x04, 0x32
	.byte 0xA0, 0x18, 0x01, 0x70, 0x06, 0x48, 0x21, 0x18, 0x10, 0x20, 0x08, 0x80, 0x08, 0x3A, 0xA1, 0x18
	.byte 0x04, 0x48, 0x08, 0x60, 0x00, 0x20, 0x16, 0xF7, 0x42, 0xFA, 0x57, 0xE0, 0x00, 0x00, 0xF6, 0x02
	.byte 0x00, 0x00, 0x9D, 0xEC, 0x0E, 0x08, 0x12, 0xF7, 0xF4, 0xFB, 0x01, 0x21, 0x01, 0x40, 0x00, 0x29
	.byte 0x4C, 0xD0, 0xD3, 0x20, 0x31, 0xF0, 0x5D, 0xF9, 0x09, 0x48, 0x81, 0x68, 0x08, 0x20, 0x08, 0x40
	.byte 0x00, 0x28, 0x16, 0xD0, 0x10, 0x20, 0x01, 0x40, 0x00, 0x29, 0x0A, 0xD0, 0x01, 0x20, 0x1A, 0xF7
	.byte 0x36, 0xFD, 0x20, 0x1C, 0x03, 0x21, 0xFF, 0xF7, 0xC4, 0xFD, 0x1D, 0xE0, 0x00, 0x00, 0xB0, 0x9B
	.byte 0x03, 0x02, 0x00, 0x20, 0x1A, 0xF7, 0x2B, 0xFD, 0x20, 0x1C, 0x02, 0x21, 0xFF, 0xF7, 0xB9, 0xFD
	.byte 0x12, 0xE0, 0x10, 0x20, 0x01, 0x40, 0x00, 0x29, 0x07, 0xD0, 0x01, 0x20, 0x1A, 0xF7, 0x4D, 0xFB
	.byte 0x20, 0x1C, 0x01, 0x21, 0xFF, 0xF7, 0xAD, 0xFD, 0x06, 0xE0, 0x00, 0x20, 0x1A, 0xF7, 0x45, 0xFB
	.byte 0x20, 0x1C, 0x00, 0x21, 0xFF, 0xF7, 0xA5, 0xFD, 0x0F, 0x48, 0xCA, 0x22, 0x52, 0x00, 0xA1, 0x18
	.byte 0x76, 0xF7, 0xA5, 0xFF, 0x9B, 0x21, 0x89, 0x00, 0x62, 0x18, 0x00, 0x21, 0x10, 0x70, 0xA8, 0x22
	.byte 0x92, 0x00, 0xA0, 0x18, 0x01, 0x70, 0x4C, 0x32, 0xA0, 0x18, 0x01, 0x70, 0x08, 0x32, 0xA0, 0x18
	.byte 0x01, 0x70, 0xBC, 0x20, 0x80, 0x00, 0x21, 0x18, 0x04, 0x48, 0x08, 0x60, 0x01, 0x20, 0x10, 0xBC
	.byte 0x02, 0xBC, 0x08, 0x47, 0x00, 0x00, 0xA6, 0xB5, 0x15, 0x08, 0x5D, 0xEC, 0x0E, 0x08, 0x10, 0xB5
	.byte 0x04, 0x1C, 0x12, 0xF7, 0x96, 0xFB, 0x03, 0x21, 0x01, 0x40, 0x00, 0x29, 0x0F, 0xD0, 0xBE, 0x20
	.byte 0x80, 0x00, 0x21, 0x18, 0x00, 0x20, 0x08, 0x70, 0x16, 0xF7, 0xD1, 0xF9, 0x06, 0x48, 0x21, 0x18
	.byte 0x10, 0x20, 0x08, 0x80, 0xBC, 0x20, 0x80, 0x00, 0x21, 0x18, 0x03, 0x48, 0x08, 0x60, 0x01, 0x20
	.byte 0x10, 0xBC, 0x02, 0xBC, 0x08, 0x47, 0xF6, 0x02, 0x00, 0x00, 0x9D, 0xEC, 0x0E, 0x08, 0x30, 0xB5
	.byte 0x04, 0x1C, 0x11, 0x48, 0x25, 0x18, 0x28, 0x88, 0x00, 0x28, 0x22, 0xD0, 0x20, 0x1C, 0x10, 0x30
	.byte 0x0F, 0x49, 0x2A, 0x88, 0x16, 0xF7, 0x23, 0xFE, 0xB8, 0x21, 0x49, 0x00, 0x60, 0x18, 0xBC, 0x22
	.byte 0x52, 0x00, 0xA1, 0x18, 0x09, 0x68, 0x2A, 0x88, 0x16, 0xF7, 0x19, 0xFE, 0xBA, 0x21, 0x49, 0x00
	.byte 0x60, 0x18, 0xBE, 0x22, 0x52, 0x00, 0xA1, 0x18, 0x09, 0x68, 0x2A, 0x88, 0x16, 0xF7, 0x0F, 0xFE
	.byte 0x28, 0x88, 0x01, 0x38, 0x28, 0x80, 0x1F, 0xE0, 0x00, 0x00, 0xF6, 0x02, 0x00, 0x00, 0x00, 0x80
	.byte 0xFF, 0xFF, 0x0F, 0x48, 0x02, 0x68, 0x10, 0x68, 0x0F, 0x49, 0x08, 0x40, 0x10, 0x60, 0x0E, 0x48
	.byte 0x02, 0x68, 0x10, 0x6F, 0x0E, 0x49, 0x08, 0x40, 0x10, 0x67, 0x20, 0x1C, 0x00, 0x21, 0xFF, 0xF7
	.byte 0xFE, 0xFB, 0x00, 0x20, 0x10, 0x21, 0x17, 0xF7, 0x68, 0xFA, 0x10, 0x20, 0x28, 0x80, 0xBC, 0x20
	.byte 0x80, 0x00, 0x21, 0x18, 0x07, 0x48, 0x08, 0x60, 0x01, 0x20, 0x30, 0xBC, 0x02, 0xBC, 0x08, 0x47
	.byte 0x00, 0x00, 0xAC, 0xC7, 0x03, 0x02, 0xFF, 0xEF, 0xFF, 0xFF, 0xA0, 0x9B, 0x03, 0x02, 0xFF, 0xFE
	.byte 0xFF, 0xFF, 0x45, 0xED, 0x0E, 0x08, 0x30, 0xB5, 0x05, 0x1C, 0x03, 0x48, 0x2C, 0x18, 0x20, 0x88
	.byte 0x00, 0x28, 0x04, 0xD1, 0x00, 0x20, 0x13, 0xE0, 0x00, 0x00, 0xF6, 0x02, 0x00, 0x00, 0x28, 0x1C
	.byte 0x08, 0x30, 0x08, 0x49, 0x22, 0x88, 0x16, 0xF7, 0xCA, 0xFD, 0x28, 0x1C, 0x0C, 0x30, 0xA0, 0x21
	.byte 0x09, 0x02, 0x22, 0x88, 0x16, 0xF7, 0xC3, 0xFD, 0x20, 0x88, 0x01, 0x38, 0x20, 0x80, 0x01, 0x20
	.byte 0x30, 0xBC, 0x02, 0xBC, 0x08, 0x47, 0x00, 0xF8, 0xFF, 0xFF, 0x30, 0xB5, 0x05, 0x1C, 0x1B, 0x48
	.byte 0x02, 0x68, 0x10, 0x6F, 0x80, 0x21, 0x49, 0x01, 0x08, 0x43, 0x80, 0x21, 0x08, 0x43, 0x10, 0x67
	.byte 0x18, 0x48, 0x02, 0x68, 0x10, 0x68, 0x80, 0x21, 0x89, 0x01, 0x08, 0x43, 0x10, 0x60, 0x15, 0x4C
	.byte 0x20, 0x1C, 0xF8, 0x30, 0x00, 0x88, 0x60, 0x86, 0x14, 0x48, 0x20, 0x21, 0x13, 0xF7, 0x2B, 0xFE
	.byte 0x28, 0x60, 0x12, 0x48, 0xB0, 0x21, 0x89, 0x00, 0x13, 0xF7, 0x6D, 0xFC, 0x68, 0x60, 0x10, 0x48
	.byte 0xA8, 0x60, 0xA0, 0x20, 0x00, 0x02, 0xE8, 0x60, 0x0F, 0x48, 0x28, 0x61, 0xA0, 0x68, 0x08, 0x21
	.byte 0x08, 0x40, 0x00, 0x28, 0x1D, 0xD0, 0x80, 0x20, 0xC0, 0x00, 0x0B, 0x49, 0x13, 0xF7, 0x85, 0xFD
	.byte 0xB6, 0x22, 0x52, 0x00, 0xA9, 0x18, 0x08, 0x60, 0x09, 0x48, 0x1C, 0xE0, 0x00, 0x00, 0xA0, 0x9B
	.byte 0x03, 0x02, 0xAC, 0xC7, 0x03, 0x02, 0xB0, 0x9B, 0x03, 0x02, 0x04, 0x1D, 0x99, 0x09, 0x66, 0x8C
	.byte 0x8A, 0x09, 0x00, 0xF8, 0xFF, 0xFF, 0x00, 0x80, 0xFF, 0xFF, 0x8A, 0xB7, 0x2E, 0x09, 0x18, 0x81
	.byte 0x61, 0x09, 0xD0, 0x20, 0x80, 0x00, 0x30, 0x49, 0x13, 0xF7, 0x67, 0xFD, 0xB6, 0x22, 0x52, 0x00
	.byte 0xA9, 0x18, 0x08, 0x60, 0x2E, 0x48, 0x20, 0x21, 0x13, 0xF7, 0xED, 0xFD, 0xB4, 0x22, 0x52, 0x00
	.byte 0xA9, 0x18, 0x08, 0x60, 0x2B, 0x48, 0x20, 0x21, 0x13, 0xF7, 0xE5, 0xFD, 0xC0, 0x22, 0x52, 0x00
	.byte 0xA9, 0x18, 0x08, 0x60, 0x28, 0x48, 0x20, 0x21, 0x13, 0xF7, 0xDD, 0xFD, 0xC4, 0x22, 0x52, 0x00
	.byte 0xA9, 0x18, 0x08, 0x60, 0xBC, 0x20, 0x40, 0x00, 0x2C, 0x18, 0x23, 0x48, 0x02, 0x68, 0x90, 0x69
	.byte 0x11, 0x68, 0x40, 0x1A, 0x20, 0x60, 0xBE, 0x21, 0x49, 0x00, 0x6B, 0x18, 0xD0, 0x69, 0x11, 0x6A
	.byte 0x40, 0x18, 0x51, 0x68, 0x40, 0x1A, 0x18, 0x60, 0xB8, 0x22, 0x52, 0x00, 0xA9, 0x18, 0x20, 0x68
	.byte 0x08, 0x60, 0xBA, 0x20, 0x40, 0x00, 0x29, 0x18, 0x18, 0x68, 0x08, 0x60, 0xBD, 0x21, 0x89, 0x00
	.byte 0x68, 0x18, 0x00, 0x21, 0x01, 0x70, 0xBE, 0x22, 0x92, 0x00, 0xA8, 0x18, 0x01, 0x70, 0x13, 0x48
	.byte 0x29, 0x18, 0x10, 0x20, 0x08, 0x80, 0x08, 0x3A, 0xA9, 0x18, 0x11, 0x48, 0x08, 0x60, 0xBF, 0x21
	.byte 0x89, 0x00, 0x68, 0x18, 0x01, 0x21, 0x11, 0xF7, 0xCE, 0xFF, 0x28, 0x1C, 0x01, 0x21, 0xFF, 0xF7
	.byte 0x58, 0xFB, 0x00, 0x20, 0x10, 0x21, 0x10, 0x22, 0x17, 0xF7, 0xAF, 0xF9, 0x67, 0x20, 0x30, 0xF0
	.byte 0xC8, 0xFF, 0x30, 0xBC, 0x01, 0xBC, 0x00, 0x47, 0x00, 0x00, 0x60, 0x65, 0x8B, 0x08, 0xA4, 0x83
	.byte 0xF6, 0x08, 0x58, 0x7C, 0x61, 0x09, 0x84, 0x83, 0xF6, 0x08, 0xA0, 0x9B, 0x03, 0x02, 0xF6, 0x02
	.byte 0x00, 0x00, 0xB1, 0xE7, 0x0E, 0x08, 0x10, 0xB5, 0x04, 0x1C, 0xBF, 0x21, 0x89, 0x00, 0x60, 0x18
	.byte 0x11, 0xF7, 0xC9, 0xFF, 0xBD, 0x21, 0x89, 0x00, 0x60, 0x18, 0x00, 0x78, 0x00, 0x28, 0x03, 0xD0
	.byte 0x20, 0x1C, 0x1C, 0x30, 0x16, 0xF7, 0x9F, 0xFD, 0xBC, 0x21, 0x89, 0x00, 0x60, 0x18, 0x01, 0x68
	.byte 0x00, 0x29, 0x07, 0xD0, 0x20, 0x1C, 0x2E, 0xF0, 0x3E, 0xFB, 0x00, 0x06, 0x00, 0x28, 0x01, 0xD1
	.byte 0x00, 0x20, 0x00, 0xE0, 0x01, 0x20, 0x10, 0xBC, 0x02, 0xBC, 0x08, 0x47, 0x00, 0x00, 0xF0, 0xB5
	.byte 0x4F, 0x46, 0x46, 0x46, 0xC0, 0xB4, 0x84, 0xB0, 0x06, 0x1C, 0xBF, 0x21, 0x89, 0x00, 0x70, 0x18
	.byte 0x11, 0xF7, 0xBF, 0xFF, 0xB1, 0x68, 0x09, 0x02, 0x09, 0x14, 0x2C, 0x4C, 0x62, 0x68, 0x73, 0x68
	.byte 0x30, 0x68, 0x00, 0x90, 0x00, 0x27, 0x01, 0x97, 0x80, 0x25, 0xED, 0x00, 0xA8, 0x46, 0x02, 0x95
	.byte 0x5A, 0x25, 0x03, 0x95, 0x80, 0x20, 0x13, 0xF7, 0x2C, 0xFA, 0xF1, 0x68, 0x09, 0x02, 0x09, 0x14
	.byte 0xA2, 0x68, 0x73, 0x68, 0x30, 0x68, 0x00, 0x90, 0x01, 0x97, 0x40, 0x46, 0x02, 0x90, 0x03, 0x95
	.byte 0x80, 0x20, 0x13, 0xF7, 0x1E, 0xFA, 0x30, 0x69, 0x00, 0x02, 0x00, 0x14, 0x22, 0x68, 0x73, 0x68
	.byte 0x31, 0x68, 0x00, 0x91, 0x01, 0x97, 0x41, 0x46, 0x02, 0x91, 0x50, 0x24, 0xA1, 0x46, 0x03, 0x94
	.byte 0x00, 0x21, 0x13, 0xF7, 0x0E, 0xFA, 0x16, 0x48, 0x00, 0x68, 0x00, 0x68, 0x80, 0x21, 0x49, 0x01
	.byte 0x08, 0x40, 0x00, 0x28, 0x48, 0xD0, 0x13, 0x48, 0x85, 0x68, 0x08, 0x20, 0x05, 0x40, 0x00, 0x2D
	.byte 0x25, 0xD0, 0xB8, 0x25, 0x6D, 0x00, 0x70, 0x19, 0x00, 0x68, 0x00, 0x02, 0x00, 0x14, 0xBA, 0x22
	.byte 0x52, 0x00, 0xB1, 0x18, 0x09, 0x68, 0x09, 0x02, 0x09, 0x14, 0x0B, 0x4A, 0x12, 0x68, 0xB6, 0x24
	.byte 0x64, 0x00, 0x33, 0x19, 0x1B, 0x68, 0x08, 0x3D, 0x74, 0x19, 0x24, 0x68, 0x00, 0x94, 0x01, 0x97
	.byte 0x47, 0x46, 0x02, 0x97, 0x4C, 0x46, 0x03, 0x94, 0x13, 0xF7, 0xE3, 0xF9, 0x24, 0xE0, 0x8C, 0x8D
	.byte 0xEF, 0x09, 0xAC, 0xC7, 0x03, 0x02, 0xB0, 0x9B, 0x03, 0x02, 0x9C, 0xF8, 0xEE, 0x09, 0xB8, 0x27
	.byte 0x7F, 0x00, 0xF0, 0x19, 0x00, 0x68, 0x00, 0x02, 0x00, 0x14, 0xBA, 0x22, 0x52, 0x00, 0xB1, 0x18
	.byte 0x09, 0x68, 0x09, 0x02, 0x09, 0x14, 0x4A, 0x4A, 0x12, 0x68, 0xB6, 0x24, 0x64, 0x00, 0x33, 0x19
	.byte 0x1B, 0x68, 0x08, 0x3F, 0xF4, 0x19, 0x24, 0x68, 0x00, 0x94, 0x01, 0x95, 0x44, 0x46, 0x02, 0x94
	.byte 0x4D, 0x46, 0x03, 0x95, 0x13, 0xF7, 0xBD, 0xF9, 0xBE, 0x27, 0xBF, 0x00, 0xF0, 0x19, 0x00, 0x78
	.byte 0x00, 0x28, 0x00, 0xD1, 0xD7, 0xE0, 0x3F, 0x48, 0x85, 0x68, 0x08, 0x20, 0x05, 0x40, 0x00, 0x2D
	.byte 0x27, 0xD1, 0x3D, 0x48, 0x02, 0x68, 0xC2, 0x21, 0x49, 0x00, 0x70, 0x18, 0x03, 0x68, 0xC0, 0x24
	.byte 0x64, 0x00, 0x30, 0x19, 0x00, 0x68, 0x00, 0x90, 0x01, 0x95, 0x38, 0x48, 0x02, 0x90, 0x51, 0x24
	.byte 0x03, 0x94, 0x48, 0x20, 0x60, 0x21, 0x13, 0xF7, 0x9C, 0xF9, 0x35, 0x48, 0x02, 0x68, 0xC6, 0x27
	.byte 0x7F, 0x00, 0xF0, 0x19, 0x03, 0x68, 0xC4, 0x21, 0x49, 0x00, 0x70, 0x18, 0x00, 0x68, 0x00, 0x90
	.byte 0x01, 0x95, 0x80, 0x20, 0xC0, 0x00, 0x02, 0x90, 0x03, 0x94, 0x28, 0x20, 0x60, 0x21, 0x13, 0xF7
	.byte 0x88, 0xF9, 0x2C, 0x4A, 0xB3, 0x69, 0x70, 0x69, 0x00, 0x90, 0x00, 0x20, 0x01, 0x90, 0x80, 0x20
	.byte 0xC0, 0x00, 0x02, 0x90, 0x5A, 0x20, 0x03, 0x90, 0x00, 0x20, 0x10, 0x21, 0x13, 0xF7, 0x79, 0xF9
	.byte 0x32, 0x1C, 0x44, 0x32, 0x33, 0x6C, 0x32, 0x25, 0x00, 0x95, 0xB2, 0x24, 0x64, 0x00, 0x30, 0x19
	.byte 0x00, 0x78, 0x01, 0x90, 0x64, 0x20, 0x3B, 0x21, 0x77, 0xF7, 0xE7, 0xF9, 0xBD, 0x27, 0xBF, 0x00
	.byte 0xF0, 0x19, 0x00, 0x78, 0x00, 0x28, 0x38, 0xD0, 0xCA, 0x20, 0x40, 0x00, 0x32, 0x18, 0xC8, 0x21
	.byte 0x49, 0x00, 0x74, 0x18, 0x23, 0x68, 0x00, 0x95, 0x88, 0x3F, 0xF0, 0x19, 0x00, 0x78, 0x01, 0x90
	.byte 0x7C, 0x20, 0x5C, 0x21, 0x77, 0xF7, 0xD1, 0xF9, 0x9C, 0x20, 0x80, 0x00, 0x32, 0x18, 0x23, 0x68
	.byte 0x00, 0x95, 0xA8, 0x21, 0x89, 0x00, 0x70, 0x18, 0x00, 0x78, 0x01, 0x90, 0x80, 0x20, 0x72, 0x21
	.byte 0x77, 0xF7, 0xC3, 0xF9, 0x38, 0x37, 0xF2, 0x19, 0x23, 0x68, 0x00, 0x95, 0xBB, 0x21, 0x89, 0x00
	.byte 0x70, 0x18, 0x00, 0x78, 0x01, 0x90, 0xB8, 0x20, 0x72, 0x21, 0x77, 0xF7, 0xB6, 0xF9, 0x1D, 0xE0
	.byte 0x00, 0x00, 0xCC, 0xE8, 0xED, 0x09, 0xB0, 0x9B, 0x03, 0x02, 0x3C, 0xE0, 0xEE, 0x09, 0x01, 0x04
	.byte 0x00, 0x00, 0xC8, 0xE1, 0xEE, 0x09, 0x28, 0x8F, 0x8A, 0x09, 0xCA, 0x24, 0x64, 0x00, 0x32, 0x19
	.byte 0xC8, 0x27, 0x7F, 0x00, 0xF0, 0x19, 0x03, 0x68, 0x00, 0x95, 0x9B, 0x21, 0x89, 0x00, 0x70, 0x18
	.byte 0x00, 0x78, 0x01, 0x90, 0x82, 0x20, 0x66, 0x21, 0x77, 0xF7, 0x97, 0xF9, 0xBD, 0x22, 0x92, 0x00
	.byte 0xB0, 0x18, 0x04, 0x78, 0x01, 0x2C, 0x02, 0xD0, 0x02, 0x2C, 0x1A, 0xD0, 0x33, 0xE0, 0x30, 0x1C
	.byte 0x3C, 0x30, 0xF0, 0x21, 0xC9, 0x01, 0x6F, 0xF7, 0xFC, 0xFF, 0x30, 0x1C, 0x1C, 0x30, 0x16, 0xF7
	.byte 0x96, 0xFC, 0x02, 0x1C, 0xF0, 0x6B, 0x00, 0x02, 0x00, 0x14, 0xB3, 0x6B, 0x71, 0x6B, 0x00, 0x91
	.byte 0x00, 0x21, 0x01, 0x91, 0x02, 0x94, 0x28, 0x21, 0x03, 0x91, 0x6E, 0x21, 0x13, 0xF7, 0xF9, 0xF8
	.byte 0x19, 0xE0, 0x30, 0x1C, 0x3C, 0x30, 0xB0, 0x21, 0x09, 0x02, 0x6F, 0xF7, 0xE2, 0xFF, 0x30, 0x1C
	.byte 0x1C, 0x30, 0x16, 0xF7, 0x7C, 0xFC, 0x02, 0x1C, 0xF0, 0x6B, 0x00, 0x02, 0x00, 0x14, 0xB3, 0x6B
	.byte 0x71, 0x6B, 0x00, 0x91, 0x00, 0x21, 0x01, 0x91, 0x01, 0x21, 0x02, 0x91, 0x28, 0x21, 0x03, 0x91
	.byte 0x6E, 0x21, 0x13, 0xF7, 0xDE, 0xF8, 0x04, 0xB0, 0x18, 0xBC, 0x98, 0x46, 0xA1, 0x46, 0xF0, 0xBC
	.byte 0x01, 0xBC, 0x00, 0x47, 0x00, 0x00, 0x70, 0xB5, 0x06, 0x1C, 0x00, 0x21, 0xFF, 0xF7, 0xA1, 0xF9
	.byte 0x30, 0x68, 0x13, 0xF7, 0xE6, 0xFC, 0x70, 0x68, 0x13, 0xF7, 0x3B, 0xFB, 0x70, 0x69, 0x13, 0xF7
	.byte 0xE0, 0xFC, 0xB0, 0x69, 0x13, 0xF7, 0x35, 0xFB, 0x70, 0x6B, 0x13, 0xF7, 0xDA, 0xFC, 0xB0, 0x6B
	.byte 0x13, 0xF7, 0x2F, 0xFB, 0xB4, 0x21, 0x49, 0x00, 0x70, 0x18, 0x00, 0x68, 0x13, 0xF7, 0xD1, 0xFC
	.byte 0xB6, 0x21, 0x49, 0x00, 0x70, 0x18, 0x00, 0x68, 0x13, 0xF7, 0x23, 0xFB, 0xC0, 0x21, 0x49, 0x00
	.byte 0x70, 0x18, 0x00, 0x68, 0x13, 0xF7, 0xC5, 0xFC, 0xC2, 0x21, 0x49, 0x00, 0x70, 0x18, 0x00, 0x68
	.byte 0x13, 0xF7, 0x17, 0xFB, 0xC4, 0x21, 0x49, 0x00, 0x70, 0x18, 0x00, 0x68, 0x13, 0xF7, 0xB9, 0xFC
	.byte 0xC6, 0x21, 0x49, 0x00, 0x70, 0x18, 0x00, 0x68, 0x13, 0xF7, 0x0B, 0xFB, 0x30, 0x6C, 0x13, 0xF7
	.byte 0xB0, 0xFC, 0x30, 0x1C, 0x44, 0x30, 0x24, 0x21, 0x76, 0xF7, 0x13, 0xFC, 0xC8, 0x21, 0x49, 0x00
	.byte 0x70, 0x18, 0x00, 0x68, 0x13, 0xF7, 0xA5, 0xFC, 0xCA, 0x21, 0x49, 0x00, 0x70, 0x18, 0x1B, 0x21
	.byte 0x76, 0xF7, 0x07, 0xFC, 0x9C, 0x21, 0x89, 0x00, 0x70, 0x18, 0x06, 0x21, 0x76, 0xF7, 0x01, 0xFC
	.byte 0xA9, 0x21, 0x89, 0x00, 0x70, 0x18, 0x09, 0x21, 0x76, 0xF7, 0xFB, 0xFB, 0x0C, 0x48, 0x04, 0x68
	.byte 0x22, 0x68, 0x81, 0x25, 0x6D, 0x42, 0x2A, 0x40, 0x22, 0x60, 0x09, 0x48, 0x03, 0x68, 0x18, 0x6F
	.byte 0x09, 0x49, 0x08, 0x40, 0x28, 0x40, 0x18, 0x67, 0x08, 0x48, 0x02, 0x40, 0x22, 0x60, 0xBF, 0x21
	.byte 0x89, 0x00, 0x70, 0x18, 0x11, 0xF7, 0xFB, 0xFD, 0x70, 0xBC, 0x01, 0xBC, 0x00, 0x47, 0xAC, 0xC7
	.byte 0x03, 0x02, 0xA0, 0x9B, 0x03, 0x02, 0xFF, 0xEF, 0xFF, 0xFF, 0xFF, 0xDF, 0xFF, 0xFF, 0xF0, 0xB5
	.byte 0x07, 0x1C, 0x0D, 0x1C, 0x3C, 0x1C, 0x07, 0x26, 0x20, 0x1C, 0xF9, 0xF7, 0x3C, 0xFC, 0x1C, 0x34
	.byte 0x01, 0x3E, 0x00, 0x2E, 0xF8, 0xDA, 0x00, 0x2D, 0x0C, 0xD0, 0x28, 0x68, 0x00, 0x28, 0x09, 0xD0
	.byte 0x3C, 0x1C, 0x20, 0x1C, 0x29, 0x1C, 0xF9, 0xF7, 0xE2, 0xFB, 0x1C, 0x34, 0x0C, 0x35, 0x28, 0x68
	.byte 0x00, 0x28, 0xF6, 0xD1, 0xF0, 0xBC, 0x01, 0xBC, 0x00, 0x47, 0xF0, 0xB5, 0x05, 0x1C, 0x2C, 0x1C
	.byte 0x00, 0x27, 0x07, 0x26, 0x28, 0x1C, 0x14, 0x30, 0xC0, 0x19, 0x00, 0x68, 0x00, 0x28, 0x02, 0xD0
	.byte 0x20, 0x1C, 0xF9, 0xF7, 0x0E, 0xFC, 0x1C, 0x34, 0x1C, 0x37, 0x01, 0x3E, 0x00, 0x2E, 0xF1, 0xDA
	.byte 0x01, 0x20, 0xF0, 0xBC, 0x02, 0xBC, 0x08, 0x47, 0x00, 0x00, 0x70, 0x47, 0x00, 0x00, 0x70, 0x47
	.byte 0x00, 0x00
	thumb_func_start func_080EF3A0
func_080EF3A0: @ 080EF3A0
	push {r4, r5, r6, lr}
	adds r3, r0, #0x0
	adds r4, r3, #0x0
	adds r4, #0x08
	ldr r0, _080EF3F0 @ =0x02039BA0
	ldr r5, [r0, #0x00]
	ldr r2, [r5, #0x00]
	ldr r1, _080EF3F4 @ =0xFFFFE800
	adds r0, r2, r1
	ldr r1, [r3, #0x08]
	cmp r1, r0
	blt _080EF3DC
	movs r6, #0x84
	lsls r6, r6, #0x09
	adds r0, r2, r6
	cmp r1, r0
	bgt _080EF3DC
	ldr r0, [r4, #0x04]
	ldr r1, [r4, #0x08]
	adds r2, r0, r1
	ldr r1, [r5, #0x04]
	ldr r4, _080EF3F8 @ =0xFFFFF800
	adds r0, r1, r4
	cmp r2, r0
	blt _080EF3DC
	movs r6, #0xC0
	lsls r6, r6, #0x08
	adds r0, r1, r6
	cmp r2, r0
	ble _080EF3FC
_080EF3DC:
	adds r0, r3, #0x0
	adds r0, #0xCC
	movs r1, #0x00
	str r1, [r0, #0x00]
	subs r0, #0x84
	movs r1, #0x01
	bl func_08012614
	movs r0, #0x01
	b _080EF3FE
_080EF3F0: .4byte 0x02039BA0
_080EF3F4: .4byte 0xFFFFE800
_080EF3F8: .4byte 0xFFFFF800
_080EF3FC:
	movs r0, #0x00
_080EF3FE:
	pop {r4, r5, r6}
	pop {r1}
	bx r1
	thumb_func_start func_080EF404
func_080EF404: @ 080EF404
	push {r4, r5, r6, r7, lr}
	adds r5, r0, #0x0
	adds r7, r1, #0x0
	adds r6, r2, #0x0
	adds r4, r5, #0x0
	adds r4, #0x08
	ldrh r1, [r5, #0x04]
	movs r0, #0x10
	ands r0, r1
	cmp r0, #0x00
	beq _080EF42E
	adds r0, r7, #0x0
	movs r1, #0x05
	bl func_0811D5EC
	adds r7, r0, #0x0
	adds r0, r6, #0x0
	movs r1, #0x05
	bl func_0811D5EC
	adds r6, r0, #0x0
_080EF42E:
	ldr r2, _080EF474 @ =0x08121400
	ldrb r0, [r4, #0x14]
	lsls r0, r0, #0x01
	adds r0, r0, r2
	movs r3, #0x00
	ldsh r1, [r0, r3]
	ldr r0, [r4, #0x10]
	muls r1, r0
	asrs r1, r1, #0x08
	ldr r0, [r5, #0x08]
	adds r0, r0, r1
	str r0, [r5, #0x08]
	ldrb r0, [r4, #0x14]
	adds r0, #0x40
	lsls r0, r0, #0x01
	adds r0, r0, r2
	movs r1, #0x00
	ldsh r0, [r0, r1]
	negs r0, r0
	ldr r2, [r4, #0x10]
	adds r1, r0, #0x0
	muls r1, r2
	asrs r1, r1, #0x08
	ldr r0, [r4, #0x04]
	adds r0, r0, r1
	str r0, [r4, #0x04]
	adds r2, r2, r7
	str r2, [r4, #0x10]
	cmp r2, r6
	ble _080EF46C
	str r6, [r4, #0x10]
_080EF46C:
	pop {r4, r5, r6, r7}
	pop {r0}
	bx r0
	.byte 0x00, 0x00
_080EF474: .4byte 0x08121400
	thumb_func_start func_080EF478
func_080EF478: @ 080EF478
	push {r4, r5, r6, r7, lr}
	adds r5, r0, #0x0
	adds r6, r1, #0x0
	adds r7, r2, #0x0
	adds r4, r5, #0x0
	adds r4, #0x08
	adds r0, r4, #0x0
	bl func_080DFBDC
	lsls r0, r0, #0x18
	cmp r0, #0x00
	bne _080EF49C
	adds r0, r4, #0x0
	bl func_080DFF1C
	ldr r1, [r4, #0x08]
	cmp r0, r1
	beq _080EF4B0
_080EF49C:
	str r6, [r5, #0x08]
	str r7, [r4, #0x04]
	adds r0, r5, #0x0
	adds r0, #0xCC
	ldr r1, _080EF4B8 @ =0x080EF84D
	str r1, [r0, #0x00]
	subs r0, #0x84
	movs r1, #0x01
	bl func_08012614
_080EF4B0:
	pop {r4, r5, r6, r7}
	pop {r0}
	bx r0
	.byte 0x00, 0x00
_080EF4B8: .4byte 0x080EF84D
	thumb_func_start func_080EF4BC
func_080EF4BC: @ 080EF4BC
	push {r4, r5, lr}
	adds r2, r0, #0x0
	adds r4, r2, #0x0
	adds r4, #0x08
	ldr r0, _080EF4FC @ =0x02039BA0
	ldr r3, [r0, #0x00]
	ldr r1, [r3, #0x24]
	ldr r0, [r4, #0x0C]
	cmp r1, r0
	bne _080EF500
	ldr r0, [r2, #0x08]
	ldr r1, [r4, #0x04]
	ldr r2, [r3, #0x18]
	ldr r3, [r3, #0x1C]
	bl func_0801CB6C
	lsls r0, r0, #0x18
	lsrs r5, r0, #0x18
	ldrb r1, [r4, #0x14]
	adds r0, r5, #0x0
	bl func_08005824
	lsls r0, r0, #0x10
	asrs r0, r0, #0x10
	cmp r0, #0x00
	bge _080EF4F2
	negs r0, r0
_080EF4F2:
	cmp r0, #0x18
	bgt _080EF500
	strb r5, [r4, #0x14]
	movs r0, #0x01
	b _080EF502
_080EF4FC: .4byte 0x02039BA0
_080EF500:
	movs r0, #0x00
_080EF502:
	pop {r4, r5}
	pop {r1}
	bx r1
	.byte 0x10, 0xB5, 0x04, 0x1C, 0x00, 0x21, 0x00, 0x22, 0xF6, 0xF7, 0x2C, 0xFC, 0x20, 0x1C, 0xE4, 0x30
	.byte 0x11, 0xF7, 0xC4, 0xFC, 0x20, 0x1C, 0xA4, 0x30, 0x16, 0xF7, 0xFC, 0xFA, 0x00, 0x06, 0x00, 0x28
	.byte 0x18, 0xD0, 0xA1, 0x88, 0x08, 0x20, 0x08, 0x40, 0x00, 0x28, 0x05, 0xD0, 0x21, 0x1C, 0xCC, 0x31
	.byte 0x00, 0x48, 0x04, 0xE0, 0xB9, 0xF7, 0x0E, 0x08, 0x21, 0x1C, 0xCC, 0x31, 0x04, 0x48, 0x08, 0x60
	.byte 0x20, 0x1C, 0xD0, 0x30, 0x00, 0x21, 0x01, 0x80, 0x88, 0x38, 0x23, 0xF7, 0x5F, 0xF8, 0x15, 0xE0
	.byte 0x8D, 0xF5, 0x0E, 0x08, 0x20, 0x1C, 0xF6, 0xF7, 0x45, 0xFC, 0x21, 0x1C, 0xE0, 0x31, 0x0A, 0x88
	.byte 0x00, 0x23, 0xC8, 0x5E, 0x00, 0x28, 0x09, 0xDD, 0x50, 0x1E, 0x08, 0x80, 0x00, 0x04, 0x00, 0x28
	.byte 0x04, 0xDC, 0x20, 0x1C, 0x48, 0x30, 0x00, 0x21, 0x23, 0xF7, 0x48, 0xF8, 0x10, 0xBC, 0x01, 0xBC
	.byte 0x00, 0x47, 0x00, 0x00, 0xF0, 0xB5, 0x04, 0x1C, 0x25, 0x1C, 0x08, 0x35, 0x01, 0x21, 0x01, 0x22
	.byte 0xF6, 0xF7, 0xE8, 0xFB, 0x20, 0x1C, 0xF6, 0xF7, 0x25, 0xFC, 0x20, 0x1C, 0xE4, 0x30, 0x11, 0xF7
	.byte 0x7D, 0xFC, 0xA6, 0x68, 0x6F, 0x68, 0x20, 0x1C, 0xFF, 0xF7, 0x84, 0xFF, 0x00, 0x06, 0x00, 0x28
	.byte 0x08, 0xD0, 0x21, 0x1C, 0xD0, 0x31, 0x00, 0x20, 0x08, 0x80, 0x04, 0x39, 0x00, 0x48, 0x2A, 0xE0
	.byte 0x19, 0xF7, 0x0E, 0x08, 0x16, 0xF7, 0xEA, 0xFF, 0x00, 0x04, 0x00, 0x0C, 0x50, 0x21, 0x2E, 0xF0
	.byte 0xF9, 0xF8, 0x00, 0x04, 0x00, 0x28, 0x1F, 0xD1, 0x16, 0xF7, 0xE0, 0xFF, 0x00, 0x04, 0xC0, 0x21
	.byte 0x89, 0x02, 0x01, 0x40, 0x09, 0x0C, 0x01, 0x29, 0x09, 0xD0, 0x01, 0x29, 0x02, 0xDC, 0x00, 0x29
	.byte 0x03, 0xD0, 0x08, 0xE0, 0x02, 0x29, 0x04, 0xD0, 0x05, 0xE0, 0xAD, 0x20, 0x04, 0xE0, 0x53, 0x20
	.byte 0x02, 0xE0, 0xD3, 0x20, 0x00, 0xE0, 0x2D, 0x20, 0x28, 0x75, 0x21, 0x1C, 0xD0, 0x31, 0x00, 0x20
	.byte 0x08, 0x80, 0x04, 0x39, 0x06, 0x48, 0x08, 0x60, 0x20, 0x1C, 0xF6, 0xF7, 0xC7, 0xFC, 0x00, 0x06
	.byte 0x00, 0x28, 0x09, 0xD0, 0x21, 0x1C, 0xCC, 0x31, 0x02, 0x48, 0x08, 0x60, 0x12, 0xE0, 0x00, 0x00
	.byte 0x65, 0xF6, 0x0E, 0x08, 0x8D, 0xF8, 0x0E, 0x08, 0x20, 0x1C, 0xF6, 0xF7, 0x85, 0xFC, 0x20, 0x1C
	.byte 0xFF, 0xF7, 0xAA, 0xFE, 0x00, 0x06, 0x00, 0x28, 0x04, 0xD1, 0x20, 0x1C, 0x31, 0x1C, 0x3A, 0x1C
	.byte 0xFF, 0xF7, 0x0E, 0xFF, 0xF0, 0xBC, 0x01, 0xBC, 0x00, 0x47, 0x00, 0x00, 0xF0, 0xB5, 0x04, 0x1C
	.byte 0x25, 0x1C, 0x08, 0x35, 0x02, 0x21, 0x01, 0x22, 0xF6, 0xF7, 0x7C, 0xFB, 0x20, 0x1C, 0xF6, 0xF7
	.byte 0xB9, 0xFB, 0x20, 0x1C, 0xE4, 0x30, 0x11, 0xF7, 0x11, 0xFC, 0xA6, 0x68, 0x6F, 0x68, 0x20, 0x1C
	.byte 0xFF, 0xF7, 0x18, 0xFF, 0x00, 0x06, 0x00, 0x28, 0x0A, 0xD0, 0x21, 0x1C, 0xD0, 0x31, 0x00, 0x20
	.byte 0x08, 0x80, 0x04, 0x39, 0x01, 0x48, 0x08, 0x60, 0x1B, 0xE0, 0x00, 0x00, 0x19, 0xF7, 0x0E, 0x08
	.byte 0x16, 0xF7, 0x7C, 0xFF, 0x00, 0x04, 0x00, 0x0C, 0x50, 0x21, 0x2E, 0xF0, 0x8B, 0xF8, 0x00, 0x04
	.byte 0x00, 0x0C, 0x00, 0x28, 0x08, 0xD1, 0x28, 0x61, 0x21, 0x1C, 0xCC, 0x31, 0x01, 0x48, 0x08, 0x60
	.byte 0x07, 0xE0, 0x00, 0x00, 0x8D, 0xF5, 0x0E, 0x08, 0x20, 0x1C, 0x0C, 0x21, 0x80, 0x22, 0xFF, 0xF7
	.byte 0x95, 0xFE, 0x20, 0x1C, 0xF6, 0xF7, 0x6A, 0xFC, 0x00, 0x06, 0x00, 0x28, 0x06, 0xD0, 0x21, 0x1C
	.byte 0xCC, 0x31, 0x01, 0x48, 0x08, 0x60, 0x0F, 0xE0, 0x8D, 0xF8, 0x0E, 0x08, 0x20, 0x1C, 0xF6, 0xF7
	.byte 0x2B, 0xFC, 0x20, 0x1C, 0xFF, 0xF7, 0x50, 0xFE, 0x00, 0x06, 0x00, 0x28, 0x04, 0xD1, 0x20, 0x1C
	.byte 0x31, 0x1C, 0x3A, 0x1C, 0xFF, 0xF7, 0xB4, 0xFE, 0xF0, 0xBC, 0x01, 0xBC, 0x00, 0x47, 0x00, 0x00
	.byte 0xF0, 0xB5, 0x04, 0x1C, 0x25, 0x1C, 0x08, 0x35, 0x02, 0x21, 0x01, 0x22, 0xF6, 0xF7, 0x22, 0xFB
	.byte 0x20, 0x1C, 0xF6, 0xF7, 0x5F, 0xFB, 0x20, 0x1C, 0xE4, 0x30, 0x11, 0xF7, 0xB7, 0xFB, 0xA6, 0x68
	.byte 0x6F, 0x68, 0x20, 0x1C, 0xD0, 0x30, 0x00, 0x88, 0x07, 0x21, 0x08, 0x40, 0x00, 0x28, 0x0B, 0xD1
	.byte 0x20, 0x1C, 0xFF, 0xF7, 0xB7, 0xFE, 0x00, 0x06, 0x00, 0x0E, 0x00, 0x28, 0x04, 0xD1, 0x28, 0x61
	.byte 0x21, 0x1C, 0xCC, 0x31, 0x0B, 0x48, 0x08, 0x60, 0xC0, 0x22, 0x52, 0x00, 0x20, 0x1C, 0x0C, 0x21
	.byte 0xFF, 0xF7, 0x4C, 0xFE, 0x21, 0x1C, 0xD0, 0x31, 0x08, 0x88, 0x01, 0x30, 0x08, 0x80, 0x20, 0x1C
	.byte 0xF6, 0xF7, 0x1C, 0xFC, 0x00, 0x06, 0x00, 0x28, 0x08, 0xD0, 0x21, 0x1C, 0xCC, 0x31, 0x02, 0x48
	.byte 0x08, 0x60, 0x11, 0xE0, 0x8D, 0xF5, 0x0E, 0x08, 0x8D, 0xF8, 0x0E, 0x08, 0x20, 0x1C, 0xF6, 0xF7
	.byte 0xDB, 0xFB, 0x20, 0x1C, 0xFF, 0xF7, 0x00, 0xFE, 0x00, 0x06, 0x00, 0x28, 0x04, 0xD1, 0x20, 0x1C
	.byte 0x31, 0x1C, 0x3A, 0x1C, 0xFF, 0xF7, 0x64, 0xFE, 0xF0, 0xBC, 0x01, 0xBC, 0x00, 0x47, 0x00, 0x00
	.byte 0xF0, 0xB5, 0x47, 0x46, 0x80, 0xB4, 0x04, 0x1C, 0x26, 0x1C, 0x08, 0x36, 0x02, 0x21, 0x01, 0x22
	.byte 0xF6, 0xF7, 0xD0, 0xFA, 0x20, 0x1C, 0xF6, 0xF7, 0x0D, 0xFB, 0x20, 0x1C, 0xE4, 0x30, 0x11, 0xF7
	.byte 0x65, 0xFB, 0xA7, 0x68, 0x70, 0x68, 0x80, 0x46, 0x25, 0x1C, 0xD0, 0x35, 0x28, 0x88, 0x07, 0x21
	.byte 0x08, 0x40, 0x00, 0x28, 0x08, 0xD1, 0x0D, 0x48, 0x00, 0x68, 0x82, 0x69, 0xC3, 0x69, 0x38, 0x1C
	.byte 0x41, 0x46, 0x2D, 0xF7, 0xB7, 0xF9, 0x30, 0x75, 0x80, 0x22, 0x92, 0x00, 0x20, 0x1C, 0x19, 0x21
	.byte 0xFF, 0xF7, 0xFC, 0xFD, 0x20, 0x1C, 0xF6, 0xF7, 0xD1, 0xFB, 0x00, 0x06, 0x00, 0x28, 0x09, 0xD0
	.byte 0x21, 0x1C, 0xCC, 0x31, 0x02, 0x48, 0x08, 0x60, 0x0F, 0xE0, 0x00, 0x00, 0xA0, 0x9B, 0x03, 0x02
	.byte 0x8D, 0xF8, 0x0E, 0x08, 0x20, 0x1C, 0xF6, 0xF7, 0x8F, 0xFB, 0x20, 0x1C, 0x39, 0x1C, 0x42, 0x46
	.byte 0xFF, 0xF7, 0x1E, 0xFE, 0x28, 0x88, 0x01, 0x30, 0x28, 0x80, 0x08, 0xBC, 0x98, 0x46, 0xF0, 0xBC
	.byte 0x01, 0xBC, 0x00, 0x47, 0x10, 0xB5, 0x04, 0x1C, 0xA1, 0x88, 0x04, 0x20, 0x08, 0x43, 0xA0, 0x80
	.byte 0x20, 0x1C, 0x03, 0x21, 0x00, 0x22, 0xF6, 0xF7, 0x85, 0xFA, 0x20, 0x1C, 0xF6, 0xF7, 0xC2, 0xFA
	.byte 0x20, 0x1C, 0xE4, 0x30, 0x11, 0xF7, 0x1A, 0xFB, 0x20, 0x1C, 0xA4, 0x30, 0x16, 0xF7, 0x52, 0xF9
	.byte 0x00, 0x06, 0x00, 0x28, 0x03, 0xD0, 0x21, 0x1C, 0xCC, 0x31, 0x00, 0x20, 0x08, 0x60, 0x10, 0xBC
	.byte 0x01, 0xBC, 0x00, 0x47, 0x10, 0xB5, 0x04, 0x1C, 0x04, 0x21, 0x00, 0x22, 0xF6, 0xF7, 0x6A, 0xFA
	.byte 0x20, 0x1C, 0xE4, 0x30, 0x11, 0xF7, 0x02, 0xFB, 0x20, 0x1C, 0xA4, 0x30, 0x16, 0xF7, 0x3A, 0xF9
	.byte 0x00, 0x06, 0x00, 0x28, 0x07, 0xD0, 0xA1, 0x88, 0x40, 0x20, 0x08, 0x43, 0xA0, 0x80, 0x20, 0x1C
	.byte 0xF6, 0xF7, 0xF8, 0xFA, 0x02, 0xE0, 0x20, 0x1C, 0xF6, 0xF7, 0x94, 0xFA, 0x10, 0xBC, 0x01, 0xBC
	.byte 0x00, 0x47, 0x00, 0x00, 0x10, 0xB5, 0x04, 0x1C, 0x01, 0x21, 0x00, 0x22, 0xF6, 0xF7, 0x4A, 0xFA
	.byte 0x20, 0x1C, 0xA4, 0x30, 0x16, 0xF7, 0x0E, 0xF9, 0x21, 0x1C, 0xC4, 0x31, 0x08, 0x60, 0x20, 0x1C
	.byte 0xE4, 0x30, 0x11, 0xF7, 0xDB, 0xFA, 0x20, 0x1C, 0xF6, 0xF7, 0x60, 0xFB, 0x00, 0x06, 0x00, 0x28
	.byte 0x06, 0xD0, 0x21, 0x1C, 0xCC, 0x31, 0x01, 0x48, 0x08, 0x60, 0x04, 0xE0, 0x8D, 0xF8, 0x0E, 0x08
	.byte 0x20, 0x1C, 0xF6, 0xF7, 0x21, 0xFB, 0x10, 0xBC, 0x01, 0xBC, 0x00, 0x47, 0x10, 0xB5, 0x04, 0x1C
	.byte 0xF6, 0xF7, 0x3C, 0xFD, 0x22, 0x1C, 0xCC, 0x32, 0x10, 0x68, 0x00, 0x28, 0x30, 0xD1, 0xA1, 0x88
	.byte 0x20, 0x20, 0x08, 0x40, 0x00, 0x28, 0x15, 0xD0, 0x09, 0x48, 0x10, 0x60, 0x20, 0x1C, 0x01, 0x21
	.byte 0x00, 0x22, 0xF6, 0xF7, 0x17, 0xFA, 0x20, 0x1C, 0xA4, 0x30, 0x16, 0xF7, 0xDB, 0xF8, 0x21, 0x1C
	.byte 0xC4, 0x31, 0x08, 0x60, 0x20, 0x1C, 0x48, 0x30, 0x00, 0x21, 0x22, 0xF7, 0x5F, 0xFE, 0x1C, 0xE0
	.byte 0xCD, 0xF8, 0x0E, 0x08, 0x09, 0x48, 0x10, 0x60, 0x20, 0x1C, 0x00, 0x21, 0x00, 0x22, 0xF6, 0xF7
	.byte 0x01, 0xFA, 0x20, 0x1C, 0xA4, 0x30, 0x16, 0xF7, 0xC5, 0xF8, 0x21, 0x1C, 0xC4, 0x31, 0x08, 0x60
	.byte 0x20, 0x1C, 0x48, 0x30, 0x01, 0x21, 0x22, 0xF7, 0x49, 0xFE, 0x06, 0xE0, 0x09, 0xF5, 0x0E, 0x08
	.byte 0x20, 0x1C, 0x48, 0x30, 0x00, 0x21, 0x22, 0xF7, 0x41, 0xFE, 0x21, 0x1C, 0xD0, 0x31, 0x00, 0x20
	.byte 0x08, 0x80, 0x10, 0xBC, 0x01, 0xBC, 0x00, 0x47, 0x70, 0xB5, 0x05, 0x1C, 0x2E, 0x1C, 0x08, 0x36
	.byte 0x05, 0x48, 0x00, 0x68, 0x00, 0x6F, 0x80, 0x21, 0xC9, 0x02, 0x08, 0x40, 0x00, 0x28, 0x05, 0xD0
	.byte 0x28, 0x1C, 0xF6, 0xF7, 0x3B, 0xFB, 0x27, 0xE0, 0xA0, 0x9B, 0x03, 0x02, 0x07, 0x48, 0x00, 0x68
	.byte 0x00, 0x68, 0x04, 0x21, 0x08, 0x40, 0x2C, 0x1C, 0xCC, 0x34, 0x00, 0x28, 0x0A, 0xD0, 0x21, 0x68
	.byte 0x03, 0x48, 0x81, 0x42, 0x06, 0xD0, 0x01, 0x20, 0x17, 0xE0, 0x00, 0x00, 0xAC, 0xC7, 0x03, 0x02
	.byte 0x8D, 0xF8, 0x0E, 0x08, 0x21, 0x68, 0x00, 0x29, 0x0E, 0xD0, 0x28, 0x1C, 0x2D, 0xF0, 0xDE, 0xFD
	.byte 0x20, 0x68, 0x00, 0x28, 0x08, 0xD0, 0x28, 0x1C, 0x48, 0x30, 0x31, 0x68, 0x72, 0x68, 0xB3, 0x68
	.byte 0x22, 0xF7, 0x8C, 0xFC, 0x01, 0x20, 0x00, 0xE0, 0x00, 0x20, 0x70, 0xBC, 0x02, 0xBC, 0x08, 0x47
	.byte 0x00, 0xB5, 0xF6, 0xF7, 0x5B, 0xFD, 0x01, 0xBC, 0x00, 0x47, 0x00, 0x00, 0x00, 0xB5, 0xF6, 0xF7
	.byte 0xA9, 0xFD, 0x01, 0xBC, 0x00, 0x47, 0x00, 0x00, 0x10, 0xB5, 0x01, 0x1C, 0x0A, 0x48, 0x00, 0x68
	.byte 0x03, 0x68, 0x0A, 0x4A, 0x98, 0x18, 0x8A, 0x68, 0x82, 0x42, 0x04, 0xDB, 0x84, 0x24, 0x64, 0x02
	.byte 0x18, 0x19, 0x82, 0x42, 0x0C, 0xDD, 0x08, 0x1C, 0xF8, 0x30, 0x00, 0x78, 0x00, 0x28, 0x0D, 0xD0
	.byte 0xCC, 0x31, 0x00, 0x20, 0x08, 0x60, 0x09, 0xE0, 0xA0, 0x9B, 0x03, 0x02, 0x00, 0xE8, 0xFF, 0xFF
	.byte 0xF8, 0x31, 0x08, 0x78, 0x00, 0x28, 0x01, 0xD1, 0x01, 0x20, 0x08, 0x70, 0x10, 0xBC, 0x01, 0xBC
	.byte 0x00, 0x47, 0x00, 0x00
	thumb_func_start func_080EFA7C
func_080EFA7C: @ 080EFA7C
	push {r4, r5, r6, r7, lr}
	adds r4, r0, #0x0
	lsls r1, r1, #0x18
	lsrs r1, r1, #0x18
	adds r5, r4, #0x0
	adds r5, #0x08
	ldr r7, [r5, #0x08]
	cmp r1, #0x00
	beq _080EFAB8
	cmp r1, #0x01
	bne _080EFAB8
	adds r3, r4, #0x0
	adds r3, #0xDC
	ldr r2, _080EFAB0 @ =0x08121400
	ldr r0, _080EFAB4 @ =0x03007480
	ldr r0, [r0, #0x00]
	movs r1, #0xFF
	ands r0, r1
	lsls r0, r0, #0x01
	adds r0, r0, r2
	movs r2, #0x00
	ldsh r1, [r0, r2]
	lsls r0, r1, #0x02
	adds r0, r0, r1
	lsls r0, r0, #0x01
	b _080EFAD6
_080EFAB0: .4byte 0x08121400
_080EFAB4: .4byte 0x03007480
_080EFAB8:
	adds r3, r4, #0x0
	adds r3, #0xDC
	ldr r2, _080EFAF8 @ =0x08121400
	ldr r0, _080EFAFC @ =0x03007480
	ldr r0, [r0, #0x00]
	lsls r0, r0, #0x01
	movs r1, #0xFF
	ands r0, r1
	lsls r0, r0, #0x01
	adds r0, r0, r2
	movs r2, #0x00
	ldsh r1, [r0, r2]
	lsls r0, r1, #0x01
	adds r0, r0, r1
	lsls r0, r0, #0x02
_080EFAD6:
	ldr r1, [r3, #0x00]
	adds r2, r1, r0
	adds r6, r3, #0x0
	ldrh r1, [r4, #0x04]
	movs r0, #0x10
	ands r0, r1
	cmp r0, #0x00
	beq _080EFB00
	ldr r4, [r5, #0x08]
	subs r0, r2, r4
	movs r1, #0x50
	bl func_0811D5EC
	adds r4, r4, r0
	str r4, [r5, #0x08]
	b _080EFB0A
	.byte 0x00, 0x00
_080EFAF8: .4byte 0x08121400
_080EFAFC: .4byte 0x03007480
_080EFB00:
	ldr r1, [r5, #0x08]
	subs r0, r2, r1
	asrs r0, r0, #0x04
	adds r1, r1, r0
	str r1, [r5, #0x08]
_080EFB0A:
	ldr r1, [r5, #0x0C]
	ldr r0, [r5, #0x08]
	cmp r1, r0
	bge _080EFB1A
	str r7, [r5, #0x08]
	ldr r1, _080EFB20 @ =0xFFFFE400
	adds r0, r7, r1
	str r0, [r6, #0x00]
_080EFB1A:
	pop {r4, r5, r6, r7}
	pop {r0}
	bx r0
_080EFB20: .4byte 0xFFFFE400
	thumb_func_start func_080EFB24
func_080EFB24: @ 080EFB24
	push {r4, r5, r6, lr}
	adds r3, r0, #0x0
	lsls r1, r1, #0x18
	cmp r1, #0x00
	beq _080EFB54
	adds r2, r3, #0x0
	adds r2, #0xD4
	ldr r0, _080EFB4C @ =0x02039BA0
	ldr r1, [r0, #0x00]
	ldr r0, [r1, #0x18]
	str r0, [r2, #0x00]
	adds r2, #0x04
	ldr r0, [r1, #0x1C]
	str r0, [r2, #0x00]
	adds r2, #0x04
	ldr r0, [r1, #0x20]
	ldr r1, _080EFB50 @ =0xFFFFF000
	adds r0, r0, r1
	str r0, [r2, #0x00]
	b _080EFBFC
_080EFB4C: .4byte 0x02039BA0
_080EFB50: .4byte 0xFFFFF000
_080EFB54:
	adds r6, r3, #0x0
	adds r6, #0xD4
	ldr r0, _080EFBA0 @ =0x02039BA0
	ldr r1, [r0, #0x00]
	ldr r0, [r1, #0x18]
	str r0, [r6, #0x00]
	adds r5, r3, #0x0
	adds r5, #0xD8
	ldr r0, [r1, #0x1C]
	str r0, [r5, #0x00]
	adds r4, r3, #0x0
	adds r4, #0xDC
	ldr r0, [r1, #0x20]
	str r0, [r4, #0x00]
	bl func_080065A4
	lsls r0, r0, #0x10
	lsrs r0, r0, #0x10
	movs r1, #0x01
	ands r0, r1
	cmp r0, #0x00
	beq _080EFBA4
	bl func_080065A4
	lsls r0, r0, #0x10
	lsrs r0, r0, #0x10
	movs r1, #0x41
	bl func_0811D7CC
	lsls r0, r0, #0x10
	lsrs r0, r0, #0x08
	movs r1, #0x80
	lsls r1, r1, #0x06
	adds r0, r0, r1
	ldr r1, [r6, #0x00]
	subs r1, r1, r0
	b _080EFBC0
	.byte 0x00, 0x00
_080EFBA0: .4byte 0x02039BA0
_080EFBA4:
	bl func_080065A4
	lsls r0, r0, #0x10
	lsrs r0, r0, #0x10
	movs r1, #0x41
	bl func_0811D7CC
	lsls r0, r0, #0x10
	lsrs r0, r0, #0x08
	movs r1, #0x80
	lsls r1, r1, #0x06
	adds r0, r0, r1
	ldr r1, [r6, #0x00]
	adds r1, r1, r0
_080EFBC0:
	str r1, [r6, #0x00]
	bl func_080065A4
	lsls r0, r0, #0x10
	lsrs r0, r0, #0x10
	movs r1, #0x79
	bl func_0811D7CC
	lsls r0, r0, #0x10
	lsrs r0, r0, #0x08
	ldr r1, _080EFC04 @ =0xFFFFC400
	adds r0, r0, r1
	ldr r1, [r5, #0x00]
	adds r1, r1, r0
	str r1, [r5, #0x00]
	bl func_080065A4
	lsls r0, r0, #0x10
	lsrs r0, r0, #0x10
	movs r1, #0x31
	bl func_0811D7CC
	lsls r0, r0, #0x10
	lsrs r0, r0, #0x08
	movs r1, #0x80
	lsls r1, r1, #0x05
	adds r0, r0, r1
	ldr r1, [r4, #0x00]
	subs r1, r1, r0
	str r1, [r4, #0x00]
_080EFBFC:
	pop {r4, r5, r6}
	pop {r0}
	bx r0
	.byte 0x00, 0x00
_080EFC04: .4byte 0xFFFFC400
	.byte 0x70, 0xB5, 0x04, 0x1C, 0x26, 0x1C, 0x25, 0x1C, 0x08, 0x35, 0x00, 0x21, 0x03, 0x22, 0xF6, 0xF7
	.byte 0xA9, 0xF8, 0x20, 0x1C, 0xF6, 0xF7, 0xE6, 0xF8, 0x20, 0x1C, 0xE4, 0x30, 0x11, 0xF7, 0x3E, 0xF9
	.byte 0x20, 0x1C, 0x00, 0x21, 0xFF, 0xF7, 0x26, 0xFF, 0x16, 0xF7, 0xB8, 0xFC, 0x00, 0x04, 0x00, 0x0C
	.byte 0x14, 0x21, 0x2D, 0xF0, 0xC7, 0xFD, 0x00, 0x04, 0x00, 0x28, 0x08, 0xD1, 0xA0, 0x68, 0x69, 0x68
	.byte 0x0A, 0x4A, 0x13, 0x68, 0x9A, 0x69, 0xDB, 0x69, 0x2C, 0xF7, 0x8C, 0xFF, 0x28, 0x75, 0x07, 0x48
	.byte 0x00, 0x68, 0x00, 0x6A, 0x06, 0x49, 0x40, 0x18, 0xA9, 0x68, 0x81, 0x42, 0x0A, 0xDA, 0x20, 0x1C
	.byte 0x00, 0x21, 0xFF, 0xF7, 0x5B, 0xFF, 0x21, 0x1C, 0x20, 0xE0, 0x00, 0x00, 0xA0, 0x9B, 0x03, 0x02
	.byte 0x00, 0xC0, 0xFF, 0xFF, 0x16, 0xF7, 0x92, 0xFC, 0x00, 0x04, 0x00, 0x0C, 0x82, 0x21, 0x2D, 0xF0
	.byte 0xA1, 0xFD, 0x00, 0x04, 0x00, 0x28, 0x18, 0xD1, 0x16, 0xF7, 0x88, 0xFC, 0x00, 0x04, 0x00, 0x0C
	.byte 0x01, 0x21, 0x08, 0x40, 0x00, 0x28, 0x04, 0xD0, 0x20, 0x1C, 0x00, 0x21, 0xFF, 0xF7, 0x3E, 0xFF
	.byte 0x03, 0xE0, 0x20, 0x1C, 0x01, 0x21, 0xFF, 0xF7, 0x39, 0xFF, 0x31, 0x1C, 0xD0, 0x31, 0x00, 0x20
	.byte 0x08, 0x80, 0x28, 0x61, 0x04, 0x39, 0x06, 0x48, 0x08, 0x60, 0x30, 0x1C, 0xF6, 0xF7, 0x76, 0xF9
	.byte 0x00, 0x06, 0x00, 0x28, 0x08, 0xD0, 0x31, 0x1C, 0xCC, 0x31, 0x02, 0x48, 0x08, 0x60, 0x09, 0xE0
	.byte 0xF5, 0xFC, 0x0E, 0x08, 0x55, 0xFE, 0x0E, 0x08, 0x30, 0x1C, 0xF6, 0xF7, 0x35, 0xF9, 0x20, 0x1C
	.byte 0xFF, 0xF7, 0xA2, 0xFE, 0x70, 0xBC, 0x01, 0xBC, 0x00, 0x47, 0x00, 0x00, 0xF0, 0xB5, 0x84, 0xB0
	.byte 0x05, 0x1C, 0x2C, 0x1C, 0x08, 0x34, 0x01, 0x21, 0x03, 0x22, 0xF6, 0xF7, 0x33, 0xF8, 0x28, 0x1C
	.byte 0xF6, 0xF7, 0x70, 0xF8, 0x28, 0x1C, 0xE4, 0x30, 0x11, 0xF7, 0xC8, 0xF8, 0x28, 0x1C, 0x01, 0x21
	.byte 0xFF, 0xF7, 0xB0, 0xFE, 0x69, 0x46, 0x20, 0x1C, 0x4C, 0xC8, 0x4C, 0xC1, 0x00, 0x68, 0x08, 0x60
	.byte 0x16, 0xF7, 0x3C, 0xFC, 0x00, 0x04, 0x00, 0x0C, 0x14, 0x21, 0x2D, 0xF0, 0x4B, 0xFD, 0x00, 0x04
	.byte 0x00, 0x28, 0x08, 0xD0, 0xA8, 0x68, 0x61, 0x68, 0x0E, 0x4A, 0x13, 0x68, 0x9A, 0x69, 0xDB, 0x69
	.byte 0x2C, 0xF7, 0x10, 0xFF, 0x20, 0x75, 0x28, 0x1C, 0xD4, 0x30, 0x03, 0x68, 0x2A, 0x1C, 0xD8, 0x32
	.byte 0x16, 0x68, 0xA9, 0x88, 0x10, 0x20, 0x08, 0x40, 0x17, 0x1C, 0x00, 0x28, 0x0C, 0xD0, 0xA0, 0x20
	.byte 0x40, 0x00, 0x84, 0x46, 0x20, 0x69, 0x0A, 0x30, 0x20, 0x61, 0x4C, 0x28, 0x0E, 0xDD, 0x4C, 0x20
	.byte 0x20, 0x61, 0x0B, 0xE0, 0xA0, 0x9B, 0x03, 0x02, 0x40, 0x21, 0x8C, 0x46, 0x20, 0x69, 0x33, 0x30
	.byte 0x20, 0x61, 0xC0, 0x21, 0x49, 0x00, 0x88, 0x42, 0x00, 0xDD, 0x21, 0x61, 0x21, 0x68, 0x58, 0x1A
	.byte 0x40, 0x11, 0x23, 0x69, 0x98, 0x42, 0x01, 0xDD, 0x18, 0x1C, 0x03, 0xE0, 0x5A, 0x42, 0x90, 0x42
	.byte 0x00, 0xDA, 0x10, 0x1C, 0x08, 0x18, 0x20, 0x60, 0x61, 0x68, 0x70, 0x1A, 0x40, 0x11, 0x98, 0x42
	.byte 0x01, 0xDD, 0x18, 0x1C, 0x03, 0xE0, 0x5A, 0x42, 0x90, 0x42, 0x00, 0xDA, 0x10, 0x1C, 0x08, 0x18
	.byte 0x60, 0x60, 0x29, 0x1C, 0xD0, 0x31, 0x08, 0x88, 0x60, 0x45, 0x05, 0xD9, 0x04, 0x39, 0x01, 0x48
	.byte 0x08, 0x60, 0x03, 0xE0, 0x09, 0xFC, 0x0E, 0x08, 0x01, 0x30, 0x08, 0x80, 0x20, 0x1C, 0xF0, 0xF7
	.byte 0x99, 0xF8, 0x01, 0x1C, 0xA0, 0x68, 0x81, 0x42, 0x09, 0xDA, 0x21, 0x1C, 0x68, 0x46, 0x4C, 0xC8
	.byte 0x4C, 0xC1, 0x00, 0x68, 0x08, 0x60, 0x60, 0x68, 0x80, 0x21, 0x49, 0x01, 0x0B, 0xE0, 0x80, 0x20
	.byte 0x40, 0x03, 0x81, 0x42, 0x0C, 0xD1, 0x21, 0x1C, 0x68, 0x46, 0x4C, 0xC8, 0x4C, 0xC1, 0x00, 0x68
	.byte 0x08, 0x60, 0x60, 0x68, 0x01, 0x49, 0x40, 0x18, 0x38, 0x60, 0x02, 0xE0, 0x00, 0xF0, 0xFF, 0xFF
	.byte 0xE1, 0x60, 0x28, 0x1C, 0xF6, 0xF7, 0xC2, 0xF8, 0x00, 0x06, 0x00, 0x28, 0x06, 0xD0, 0x29, 0x1C
	.byte 0xCC, 0x31, 0x01, 0x48, 0x08, 0x60, 0x04, 0xE0, 0x55, 0xFE, 0x0E, 0x08, 0x28, 0x1C, 0xF6, 0xF7
	.byte 0x83, 0xF8, 0x04, 0xB0, 0xF0, 0xBC, 0x01, 0xBC, 0x00, 0x47, 0x00, 0x00, 0x10, 0xB5, 0x04, 0x1C
	.byte 0x02, 0x21, 0x00, 0x22, 0xF5, 0xF7, 0x86, 0xFF, 0x20, 0x1C, 0xE4, 0x30, 0x11, 0xF7, 0x1E, 0xF8
	.byte 0x20, 0x1C, 0xA4, 0x30, 0x15, 0xF7, 0x56, 0xFE, 0x00, 0x06, 0x00, 0x28, 0x07, 0xD0, 0xA1, 0x88
	.byte 0x40, 0x20, 0x08, 0x43, 0xA0, 0x80, 0x20, 0x1C, 0xF6, 0xF7, 0x14, 0xF8, 0x02, 0xE0, 0x20, 0x1C
	.byte 0xF5, 0xF7, 0xB0, 0xFF, 0x10, 0xBC, 0x01, 0xBC, 0x00, 0x47, 0x00, 0x00, 0x10, 0xB5, 0x04, 0x1C
	.byte 0x00, 0x21, 0x00, 0x22, 0xF5, 0xF7, 0x66, 0xFF, 0x20, 0x1C, 0xA4, 0x30, 0x15, 0xF7, 0x2A, 0xFE
	.byte 0x21, 0x1C, 0xC4, 0x31, 0x08, 0x60, 0x20, 0x1C, 0xE4, 0x30, 0x10, 0xF7, 0xF7, 0xFF, 0x20, 0x1C
	.byte 0xF6, 0xF7, 0x7C, 0xF8, 0x00, 0x06, 0x00, 0x28, 0x06, 0xD0, 0x21, 0x1C, 0xCC, 0x31, 0x01, 0x48
	.byte 0x08, 0x60, 0x04, 0xE0, 0x55, 0xFE, 0x0E, 0x08, 0x20, 0x1C, 0xF6, 0xF7, 0x3D, 0xF8, 0x10, 0xBC
	.byte 0x01, 0xBC, 0x00, 0x47, 0x30, 0xB5, 0x04, 0x1C, 0x25, 0x1C, 0xF6, 0xF7, 0x57, 0xFA, 0xA1, 0x88
	.byte 0x20, 0x20, 0x08, 0x40, 0x00, 0x28, 0x17, 0xD0, 0x21, 0x1C, 0xCC, 0x31, 0x09, 0x48, 0x08, 0x60
	.byte 0x20, 0x1C, 0x00, 0x21, 0x00, 0x22, 0xF5, 0xF7, 0x35, 0xFF, 0x20, 0x1C, 0xA4, 0x30, 0x15, 0xF7
	.byte 0xF9, 0xFD, 0x21, 0x1C, 0xC4, 0x31, 0x08, 0x60, 0x20, 0x1C, 0x48, 0x30, 0x00, 0x21, 0x22, 0xF7
	.byte 0x7D, 0xFB, 0x16, 0xE0, 0x95, 0xFE, 0x0E, 0x08, 0x21, 0x1C, 0xCC, 0x31, 0x0E, 0x48, 0x08, 0x60
	.byte 0x20, 0x1C, 0x00, 0x21, 0x01, 0x22, 0xF5, 0xF7, 0x1D, 0xFF, 0x20, 0x1C, 0xA4, 0x30, 0x15, 0xF7
	.byte 0xE1, 0xFD, 0x21, 0x1C, 0xC4, 0x31, 0x08, 0x60, 0x20, 0x1C, 0x48, 0x30, 0x00, 0x21, 0x22, 0xF7
	.byte 0x65, 0xFB, 0x29, 0x1C, 0xD0, 0x31, 0x00, 0x22, 0x00, 0x20, 0x08, 0x80, 0x20, 0x1C, 0xF8, 0x30
	.byte 0x02, 0x70, 0x30, 0xBC, 0x01, 0xBC, 0x00, 0x47, 0x09, 0xFC, 0x0E, 0x08, 0x70, 0xB5, 0x05, 0x1C
	.byte 0x2A, 0x1C, 0x2E, 0x1C, 0x08, 0x36, 0x06, 0x48, 0x00, 0x68, 0x00, 0x6F, 0x80, 0x21, 0xC9, 0x02
	.byte 0x08, 0x40, 0x00, 0x28, 0x06, 0xD0, 0x28, 0x1C, 0xF6, 0xF7, 0x58, 0xF8, 0x28, 0xE0, 0x00, 0x00
	.byte 0xA0, 0x9B, 0x03, 0x02, 0x07, 0x48, 0x00, 0x68, 0x00, 0x68, 0x04, 0x21, 0x08, 0x40, 0x2C, 0x1C
	.byte 0xCC, 0x34, 0x00, 0x28, 0x0A, 0xD0, 0x21, 0x68, 0x03, 0x48, 0x81, 0x42, 0x06, 0xD0, 0x01, 0x20
	.byte 0x17, 0xE0, 0x00, 0x00, 0xAC, 0xC7, 0x03, 0x02, 0x55, 0xFE, 0x0E, 0x08, 0x21, 0x68, 0x00, 0x29
	.byte 0x0E, 0xD0, 0x10, 0x1C, 0x2D, 0xF0, 0xFA, 0xFA, 0x20, 0x68, 0x00, 0x28, 0x08, 0xD0, 0x28, 0x1C
	.byte 0x48, 0x30, 0x31, 0x68, 0x72, 0x68, 0xB3, 0x68, 0x22, 0xF7, 0xA8, 0xF9, 0x01, 0x20, 0x00, 0xE0
	.byte 0x00, 0x20, 0x70, 0xBC, 0x02, 0xBC, 0x08, 0x47, 0x00, 0xB5, 0xF6, 0xF7, 0x77, 0xFA, 0x01, 0xBC
	.byte 0x00, 0x47, 0x00, 0x00, 0x00, 0xB5, 0xF6, 0xF7, 0xC5, 0xFA, 0x01, 0xBC, 0x00, 0x47, 0x00, 0x00
	.byte 0x10, 0xB5, 0x04, 0x1C, 0x00, 0x21, 0x01, 0x22, 0xF5, 0xF7, 0xB4, 0xFE, 0x20, 0x1C, 0xF5, 0xF7
	.byte 0xF1, 0xFE, 0x20, 0x1C, 0xE4, 0x30, 0x10, 0xF7, 0x49, 0xFF, 0x20, 0x1C, 0x08, 0x30, 0x21, 0x1C
	.byte 0xC8, 0x31, 0x00, 0x22, 0x89, 0x5E, 0x22, 0x1C, 0xCA, 0x32, 0x00, 0x23, 0xD2, 0x5E, 0xF0, 0xF7
	.byte 0x5B, 0xF9, 0x00, 0x06, 0x00, 0x28, 0x0D, 0xD0, 0x75, 0x20, 0x2F, 0xF0, 0x1D, 0xFF, 0x08, 0x48
	.byte 0x02, 0x68, 0x10, 0x68, 0x80, 0x21, 0x08, 0x43, 0x04, 0x21, 0x08, 0x43, 0x10, 0x60, 0x20, 0x1C
	.byte 0xF5, 0xF7, 0x30, 0xFF, 0x20, 0x1C, 0xF5, 0xF7, 0x7F, 0xFF, 0x10, 0xBC, 0x01, 0xBC, 0x00, 0x47
	.byte 0xAC, 0xC7, 0x03, 0x02, 0x10, 0xB5, 0x04, 0x1C, 0xF6, 0xF7, 0x98, 0xF9, 0x21, 0x1C, 0xCC, 0x31
	.byte 0x0A, 0x48, 0x08, 0x60, 0x20, 0x1C, 0x00, 0x21, 0x01, 0x22, 0xF5, 0xF7, 0x7B, 0xFE, 0x20, 0x1C
	.byte 0xA4, 0x30, 0x15, 0xF7, 0x3F, 0xFD, 0x21, 0x1C, 0xC4, 0x31, 0x08, 0x60, 0x48, 0x34, 0x20, 0x1C
	.byte 0x00, 0x21, 0x22, 0xF7, 0xC3, 0xFA, 0x10, 0xBC, 0x01, 0xBC, 0x00, 0x47, 0xF9, 0xFF, 0x0E, 0x08
	.byte 0x70, 0xB5, 0x02, 0x1C, 0x14, 0x1C, 0x16, 0x1C, 0x08, 0x36, 0x0E, 0x48, 0x00, 0x68, 0x00, 0x6F
	.byte 0x80, 0x21, 0xC9, 0x02, 0x08, 0x40, 0x00, 0x28, 0x16, 0xD1, 0x25, 0x1C, 0xCC, 0x35, 0x29, 0x68
	.byte 0x00, 0x29, 0x14, 0xD0, 0x20, 0x1C, 0x2D, 0xF0, 0x79, 0xFA, 0x28, 0x68, 0x00, 0x28, 0x0E, 0xD0
	.byte 0x20, 0x1C, 0x48, 0x30, 0xA1, 0x68, 0x72, 0x68, 0xB3, 0x68, 0x22, 0xF7, 0x27, 0xF9, 0x01, 0x20
	.byte 0x06, 0xE0, 0x00, 0x00, 0xA0, 0x9B, 0x03, 0x02, 0x10, 0x1C, 0xF5, 0xF7, 0xA7, 0xFF, 0x00, 0x20
	.byte 0x70, 0xBC, 0x02, 0xBC, 0x08, 0x47, 0x00, 0x00, 0x00, 0xB5, 0xF6, 0xF7, 0xEF, 0xF9, 0x01, 0xBC
	.byte 0x00, 0x47, 0x00, 0x00, 0x00, 0xB5, 0xF6, 0xF7, 0x3D, 0xFA, 0x01, 0xBC, 0x00, 0x47, 0x00, 0x00
	thumb_func_start func_080F0108
func_080F0108: @ 080F0108
	push {r4, r5, r6, r7, lr}
	adds r4, r0, #0x0
	lsls r1, r1, #0x18
	lsrs r1, r1, #0x18
	adds r5, r4, #0x0
	adds r5, #0x08
	ldr r7, [r5, #0x08]
	cmp r1, #0x00
	beq _080F0144
	cmp r1, #0x01
	bne _080F0144
	adds r3, r4, #0x0
	adds r3, #0xDC
	ldr r2, _080F013C @ =0x08121400
	ldr r0, _080F0140 @ =0x03007480
	ldr r0, [r0, #0x00]
	movs r1, #0xFF
	ands r0, r1
	lsls r0, r0, #0x01
	adds r0, r0, r2
	movs r2, #0x00
	ldsh r1, [r0, r2]
	lsls r0, r1, #0x02
	adds r0, r0, r1
	lsls r0, r0, #0x01
	b _080F0162
_080F013C: .4byte 0x08121400
_080F0140: .4byte 0x03007480
_080F0144:
	adds r3, r4, #0x0
	adds r3, #0xDC
	ldr r2, _080F0184 @ =0x08121400
	ldr r0, _080F0188 @ =0x03007480
	ldr r0, [r0, #0x00]
	lsls r0, r0, #0x01
	movs r1, #0xFF
	ands r0, r1
	lsls r0, r0, #0x01
	adds r0, r0, r2
	movs r2, #0x00
	ldsh r1, [r0, r2]
	lsls r0, r1, #0x01
	adds r0, r0, r1
	lsls r0, r0, #0x02
_080F0162:
	ldr r1, [r3, #0x00]
	adds r2, r1, r0
	adds r6, r3, #0x0
	ldrh r1, [r4, #0x04]
	movs r0, #0x10
	ands r0, r1
	cmp r0, #0x00
	beq _080F018C
	ldr r4, [r5, #0x08]
	subs r0, r2, r4
	movs r1, #0x50
	bl func_0811D5EC
	adds r4, r4, r0
	str r4, [r5, #0x08]
	b _080F0196
	.byte 0x00, 0x00
_080F0184: .4byte 0x08121400
_080F0188: .4byte 0x03007480
_080F018C:
	ldr r1, [r5, #0x08]
	subs r0, r2, r1
	asrs r0, r0, #0x04
	adds r1, r1, r0
	str r1, [r5, #0x08]
_080F0196:
	ldr r1, [r5, #0x0C]
	ldr r0, [r5, #0x08]
	cmp r1, r0
	bge _080F01A6
	str r7, [r5, #0x08]
	ldr r1, _080F01AC @ =0xFFFFE400
	adds r0, r7, r1
	str r0, [r6, #0x00]
_080F01A6:
	pop {r4, r5, r6, r7}
	pop {r0}
	bx r0
_080F01AC: .4byte 0xFFFFE400
	thumb_func_start func_080F01B0
func_080F01B0: @ 080F01B0
	push {r4, lr}
	mov r12, r0
	mov r2, r12
	adds r2, #0x08
	ldr r0, [r2, #0x10]
	movs r1, #0x80
	lsls r1, r1, #0x01
	adds r0, r0, r1
	str r0, [r2, #0x10]
	movs r1, #0xA0
	lsls r1, r1, #0x03
	cmp r0, r1
	ble _080F01CC
	str r1, [r2, #0x10]
_080F01CC:
	mov r0, r12
	adds r0, #0xD4
	ldr r1, [r0, #0x00]
	mov r3, r12
	ldr r0, [r3, #0x08]
	subs r1, r1, r0
	cmp r1, #0x00
	bge _080F01DE
	adds r1, #0x1F
_080F01DE:
	asrs r1, r1, #0x05
	ldr r3, [r2, #0x10]
	cmp r1, r3
	ble _080F01EA
	adds r1, r3, #0x0
	b _080F01F2
_080F01EA:
	negs r0, r3
	cmp r1, r0
	bge _080F01F2
	adds r1, r0, #0x0
_080F01F2:
	ldr r0, [r2, #0x00]
	adds r0, r0, r1
	str r0, [r2, #0x00]
	mov r0, r12
	adds r0, #0xD8
	ldr r1, [r0, #0x00]
	ldr r0, [r2, #0x04]
	subs r1, r1, r0
	adds r4, r0, #0x0
	cmp r1, #0x00
	bge _080F020A
	adds r1, #0x1F
_080F020A:
	asrs r0, r1, #0x05
	cmp r0, r3
	ble _080F0214
	adds r0, r3, #0x0
	b _080F021C
_080F0214:
	negs r1, r3
	cmp r0, r1
	bge _080F021C
	adds r0, r1, #0x0
_080F021C:
	adds r0, r4, r0
	str r0, [r2, #0x04]
	mov r1, r12
	adds r1, #0xD0
	ldrh r0, [r1, #0x00]
	cmp r0, #0x40
	bhi _080F0232
	adds r0, #0x01
	strh r0, [r1, #0x00]
	movs r0, #0x00
	b _080F0234
_080F0232:
	movs r0, #0x01
_080F0234:
	pop {r4}
	pop {r1}
	bx r1
	.byte 0x00, 0x00
	thumb_func_start func_080F023C
func_080F023C: @ 080F023C
	push {r4, r5, lr}
	adds r3, r0, #0x0
	adds r5, r1, #0x0
	adds r1, r3, #0x0
	adds r1, #0xF8
	ldr r0, _080F0278 @ =0x02039BA0
	ldr r4, [r0, #0x00]
	ldr r1, [r1, #0x00]
	ldr r0, [r4, #0x18]
	subs r2, r1, r0
	cmp r2, #0x00
	bge _080F0256
	subs r2, r0, r1
_080F0256:
	adds r0, r3, #0x0
	adds r0, #0xFC
	ldr r3, [r0, #0x00]
	ldr r0, [r4, #0x1C]
	subs r1, r3, r0
	cmp r1, #0x00
	bge _080F0266
	subs r1, r0, r3
_080F0266:
	movs r0, #0x80
	lsls r0, r0, #0x08
	cmp r2, r0
	bgt _080F0272
	cmp r1, r0
	ble _080F027C
_080F0272:
	movs r0, #0x00
	b _080F029A
	.byte 0x00, 0x00
_080F0278: .4byte 0x02039BA0
_080F027C:
	adds r0, r2, #0x0
	muls r0, r2
	asrs r0, r0, #0x08
	adds r2, r1, #0x0
	muls r2, r1
	adds r1, r2, #0x0
	asrs r1, r1, #0x08
	adds r0, r0, r1
	bl func_08003C9C
	movs r1, #0x00
	cmp r0, r5
	bge _080F0298
	movs r1, #0x01
_080F0298:
	adds r0, r1, #0x0
_080F029A:
	pop {r4, r5}
	pop {r1}
	bx r1
	.byte 0x30, 0xB5, 0x04, 0x1C, 0x25, 0x1C, 0x08, 0x35, 0x00, 0x21, 0x03, 0x22, 0xF5, 0xF7, 0x5E, 0xFD
	.byte 0x20, 0x1C, 0xF5, 0xF7, 0x9B, 0xFD, 0x20, 0x1C, 0xE4, 0x30, 0x10, 0xF7, 0xF3, 0xFD, 0x20, 0x1C
	.byte 0x00, 0x21, 0xFF, 0xF7, 0x21, 0xFF, 0x16, 0xF7, 0x6D, 0xF9, 0x00, 0x04, 0x00, 0x0C, 0x14, 0x21
	.byte 0x2D, 0xF0, 0x7C, 0xFA, 0x00, 0x04, 0x00, 0x28, 0x08, 0xD1, 0xA0, 0x68, 0x69, 0x68, 0x17, 0x4A
	.byte 0x13, 0x68, 0x9A, 0x69, 0xDB, 0x69, 0x2C, 0xF7, 0x41, 0xFC, 0x28, 0x75, 0xC0, 0x21, 0xC9, 0x01
	.byte 0x20, 0x1C, 0xFF, 0xF7, 0xA3, 0xFF, 0x00, 0x06, 0x00, 0x28, 0x18, 0xD0, 0x0F, 0x48, 0x02, 0x68
	.byte 0xE9, 0x68, 0x50, 0x6A, 0x81, 0x42, 0x12, 0xD1, 0x21, 0x1C, 0xD4, 0x31, 0x90, 0x69, 0x08, 0x60
	.byte 0x04, 0x31, 0xD0, 0x69, 0x08, 0x60, 0x04, 0x31, 0x50, 0x6A, 0x09, 0x4A, 0x80, 0x18, 0x08, 0x60
	.byte 0x0C, 0x39, 0x00, 0x20, 0x08, 0x80, 0x28, 0x61, 0x04, 0x39, 0x06, 0x48, 0x08, 0x60, 0x20, 0x1C
	.byte 0xF5, 0xF7, 0x0E, 0xFE, 0x30, 0xBC, 0x01, 0xBC, 0x00, 0x47, 0x00, 0x00, 0xA0, 0x9B, 0x03, 0x02
	.byte 0x00, 0xF0, 0xFF, 0xFF, 0x49, 0x03, 0x0F, 0x08, 0xF0, 0xB5, 0x84, 0xB0, 0x04, 0x1C, 0x26, 0x1C
	.byte 0x25, 0x1C, 0x08, 0x35, 0x01, 0x21, 0x03, 0x22, 0xF5, 0xF7, 0x08, 0xFD, 0x20, 0x1C, 0xF5, 0xF7
	.byte 0x45, 0xFD, 0x20, 0x1C, 0xE4, 0x30, 0x10, 0xF7, 0x9D, 0xFD, 0x20, 0x1C, 0x01, 0x21, 0xFF, 0xF7
	.byte 0xCB, 0xFE, 0x69, 0x46, 0x28, 0x1C, 0x8C, 0xC8, 0x8C, 0xC1, 0x00, 0x68, 0x08, 0x60, 0x16, 0xF7
	.byte 0x11, 0xF9, 0x00, 0x04, 0x00, 0x0C, 0x14, 0x21, 0x2D, 0xF0, 0x20, 0xFA, 0x00, 0x04, 0x00, 0x28
	.byte 0x08, 0xD0, 0xA0, 0x68, 0x69, 0x68, 0x26, 0x4A, 0x13, 0x68, 0x9A, 0x69, 0xDB, 0x69, 0x2C, 0xF7
	.byte 0xE5, 0xFB, 0x28, 0x75, 0xC0, 0x21, 0xC9, 0x01, 0x20, 0x1C, 0xFF, 0xF7, 0x47, 0xFF, 0x00, 0x06
	.byte 0x00, 0x28, 0x0C, 0xD0, 0x1E, 0x48, 0x02, 0x68, 0xE9, 0x68, 0x50, 0x6A, 0x81, 0x42, 0x06, 0xD1
	.byte 0x21, 0x1C, 0xD4, 0x31, 0x90, 0x69, 0x08, 0x60, 0x04, 0x31, 0xD0, 0x69, 0x08, 0x60, 0x30, 0x1C
	.byte 0xFF, 0xF7, 0xEE, 0xFE, 0x00, 0x06, 0x00, 0x28, 0x17, 0xD0, 0x21, 0x1C, 0xD4, 0x31, 0x30, 0x1C
	.byte 0xF8, 0x30, 0x00, 0x68, 0x08, 0x60, 0x04, 0x31, 0x30, 0x1C, 0xFC, 0x30, 0x00, 0x68, 0x08, 0x60
	.byte 0x04, 0x31, 0x80, 0x22, 0x52, 0x00, 0xB0, 0x18, 0x00, 0x68, 0x08, 0x60, 0x0C, 0x39, 0x00, 0x20
	.byte 0x08, 0x80, 0x28, 0x61, 0x04, 0x39, 0x0B, 0x48, 0x08, 0x60, 0x28, 0x1C, 0xEF, 0xF7, 0x86, 0xFD
	.byte 0x01, 0x1C, 0xA8, 0x68, 0x81, 0x42, 0x0F, 0xDA, 0x29, 0x1C, 0x68, 0x46, 0xC8, 0xC8, 0xC8, 0xC1
	.byte 0x00, 0x68, 0x08, 0x60, 0x21, 0x1C, 0xD8, 0x31, 0x68, 0x68, 0x80, 0x22, 0x52, 0x01, 0x11, 0xE0
	.byte 0xA0, 0x9B, 0x03, 0x02, 0x71, 0x04, 0x0F, 0x08, 0x80, 0x20, 0x40, 0x03, 0x81, 0x42, 0x0F, 0xD1
	.byte 0x29, 0x1C, 0x68, 0x46, 0xC8, 0xC8, 0xC8, 0xC1, 0x00, 0x68, 0x08, 0x60, 0x21, 0x1C, 0xD8, 0x31
	.byte 0x68, 0x68, 0x02, 0x4A, 0x80, 0x18, 0x08, 0x60, 0x03, 0xE0, 0x00, 0x00, 0x00, 0xF0, 0xFF, 0xFF
	.byte 0xE9, 0x60, 0x20, 0x1C, 0xF5, 0xF7, 0x74, 0xFD, 0x04, 0xB0, 0xF0, 0xBC, 0x01, 0xBC, 0x00, 0x47
	.byte 0x70, 0xB5, 0x84, 0xB0, 0x05, 0x1C, 0x2C, 0x1C, 0x08, 0x34, 0x01, 0x21, 0x03, 0x22, 0xF5, 0xF7
	.byte 0x75, 0xFC, 0x28, 0x1C, 0xF5, 0xF7, 0xB2, 0xFC, 0x28, 0x1C, 0xE4, 0x30, 0x10, 0xF7, 0x0A, 0xFD
	.byte 0x28, 0x1C, 0x01, 0x21, 0xFF, 0xF7, 0x38, 0xFE, 0x69, 0x46, 0x20, 0x1C, 0x4C, 0xC8, 0x4C, 0xC1
	.byte 0x00, 0x68, 0x08, 0x60, 0x16, 0xF7, 0x7E, 0xF8, 0x00, 0x04, 0x00, 0x0C, 0x14, 0x21, 0x2D, 0xF0
	.byte 0x8D, 0xF9, 0x00, 0x04, 0x00, 0x28, 0x08, 0xD0, 0xA8, 0x68, 0x61, 0x68, 0x14, 0x4A, 0x13, 0x68
	.byte 0x9A, 0x69, 0xDB, 0x69, 0x2C, 0xF7, 0x52, 0xFB, 0x20, 0x75, 0x28, 0x1C, 0xFF, 0xF7, 0x70, 0xFE
	.byte 0x00, 0x06, 0x00, 0x28, 0x07, 0xD0, 0x29, 0x1C, 0xD0, 0x31, 0x00, 0x20, 0x08, 0x80, 0x20, 0x61
	.byte 0x04, 0x39, 0x0C, 0x48, 0x08, 0x60, 0x20, 0x1C, 0xEF, 0xF7, 0x18, 0xFD, 0x01, 0x1C, 0xA0, 0x68
	.byte 0x81, 0x42, 0x11, 0xDA, 0x21, 0x1C, 0x68, 0x46, 0x4C, 0xC8, 0x4C, 0xC1, 0x00, 0x68, 0x08, 0x60
	.byte 0x29, 0x1C, 0xD8, 0x31, 0x60, 0x68, 0x80, 0x22, 0x52, 0x01, 0x80, 0x18, 0x08, 0x60, 0x18, 0xE0
	.byte 0xA0, 0x9B, 0x03, 0x02, 0xA1, 0x02, 0x0F, 0x08, 0x80, 0x20, 0x40, 0x03, 0x81, 0x42, 0x0F, 0xD1
	.byte 0x21, 0x1C, 0x68, 0x46, 0x4C, 0xC8, 0x4C, 0xC1, 0x00, 0x68, 0x08, 0x60, 0x29, 0x1C, 0xD8, 0x31
	.byte 0x60, 0x68, 0x02, 0x4B, 0xC0, 0x18, 0x08, 0x60, 0x03, 0xE0, 0x00, 0x00, 0x00, 0xF0, 0xFF, 0xFF
	.byte 0xE1, 0x60, 0x28, 0x1C, 0xF5, 0xF7, 0x04, 0xFD, 0x04, 0xB0, 0x70, 0xBC, 0x01, 0xBC, 0x00, 0x47
	.byte 0x10, 0xB5, 0x04, 0x1C, 0xF5, 0xF7, 0x1E, 0xFF, 0x21, 0x1C, 0xCC, 0x31, 0x10, 0x48, 0x08, 0x60
	.byte 0x20, 0x1C, 0x00, 0x21, 0x01, 0x22, 0xF5, 0xF7, 0x01, 0xFC, 0x20, 0x1C, 0xA4, 0x30, 0x15, 0xF7
	.byte 0xC5, 0xFA, 0x21, 0x1C, 0xC4, 0x31, 0x08, 0x60, 0x20, 0x1C, 0x48, 0x30, 0x00, 0x21, 0x22, 0xF7
	.byte 0x49, 0xF8, 0x21, 0x1C, 0xD0, 0x31, 0x00, 0x20, 0x08, 0x80, 0x28, 0x31, 0x20, 0x1C, 0x08, 0x30
	.byte 0x1C, 0xC8, 0x1C, 0xC1, 0x00, 0x68, 0x08, 0x60, 0x10, 0xBC, 0x01, 0xBC, 0x00, 0x47, 0x00, 0x00
	.byte 0xA1, 0x02, 0x0F, 0x08, 0x70, 0xB5, 0x02, 0x1C, 0x14, 0x1C, 0x16, 0x1C, 0x08, 0x36, 0x0E, 0x48
	.byte 0x00, 0x68, 0x00, 0x6F, 0x80, 0x21, 0xC9, 0x02, 0x08, 0x40, 0x00, 0x28, 0x16, 0xD1, 0x25, 0x1C
	.byte 0xCC, 0x35, 0x29, 0x68, 0x00, 0x29, 0x14, 0xD0, 0x20, 0x1C, 0x2C, 0xF0, 0xF3, 0xFF, 0x28, 0x68
	.byte 0x00, 0x28, 0x0E, 0xD0, 0x20, 0x1C, 0x48, 0x30, 0xA1, 0x68, 0x72, 0x68, 0xB3, 0x68, 0x21, 0xF7
	.byte 0xA1, 0xFE, 0x01, 0x20, 0x06, 0xE0, 0x00, 0x00, 0xA0, 0x9B, 0x03, 0x02, 0x10, 0x1C, 0xF5, 0xF7
	.byte 0x21, 0xFD, 0x00, 0x20, 0x70, 0xBC, 0x02, 0xBC, 0x08, 0x47, 0x00, 0x00, 0x00, 0xB5, 0xF5, 0xF7
	.byte 0x69, 0xFF, 0x01, 0xBC, 0x00, 0x47, 0x00, 0x00, 0x00, 0xB5, 0xF5, 0xF7, 0xB7, 0xFF, 0x01, 0xBC
	.byte 0x00, 0x47, 0x00, 0x00, 0x10, 0xB5, 0x01, 0x1C, 0x0A, 0x48, 0x00, 0x68, 0x03, 0x68, 0x0A, 0x4A
	.byte 0x98, 0x18, 0x8A, 0x68, 0x82, 0x42, 0x04, 0xDB, 0x84, 0x24, 0x64, 0x02, 0x18, 0x19, 0x82, 0x42
	.byte 0x0C, 0xDD, 0x08, 0x1C, 0xF8, 0x30, 0x00, 0x78, 0x00, 0x28, 0x0D, 0xD0, 0xCC, 0x31, 0x00, 0x20
	.byte 0x08, 0x60, 0x09, 0xE0, 0xA0, 0x9B, 0x03, 0x02, 0x00, 0xE8, 0xFF, 0xFF, 0xF8, 0x31, 0x08, 0x78
	.byte 0x00, 0x28, 0x01, 0xD1, 0x01, 0x20, 0x08, 0x70, 0x10, 0xBC, 0x01, 0xBC, 0x00, 0x47, 0x00, 0x00
	thumb_func_start func_080F0660
func_080F0660: @ 080F0660
	push {r4, r5, r6, r7, lr}
	adds r4, r0, #0x0
	lsls r1, r1, #0x18
	lsrs r1, r1, #0x18
	adds r5, r4, #0x0
	adds r5, #0x08
	ldr r7, [r5, #0x08]
	cmp r1, #0x00
	beq _080F069C
	cmp r1, #0x01
	bne _080F069C
	adds r3, r4, #0x0
	adds r3, #0xDC
	ldr r2, _080F0694 @ =0x08121400
	ldr r0, _080F0698 @ =0x03007480
	ldr r0, [r0, #0x00]
	movs r1, #0xFF
	ands r0, r1
	lsls r0, r0, #0x01
	adds r0, r0, r2
	movs r2, #0x00
	ldsh r1, [r0, r2]
	lsls r0, r1, #0x02
	adds r0, r0, r1
	lsls r0, r0, #0x01
	b _080F06BA
_080F0694: .4byte 0x08121400
_080F0698: .4byte 0x03007480
_080F069C:
	adds r3, r4, #0x0
	adds r3, #0xDC
	ldr r2, _080F06DC @ =0x08121400
	ldr r0, _080F06E0 @ =0x03007480
	ldr r0, [r0, #0x00]
	lsls r0, r0, #0x01
	movs r1, #0xFF
	ands r0, r1
	lsls r0, r0, #0x01
	adds r0, r0, r2
	movs r2, #0x00
	ldsh r1, [r0, r2]
	lsls r0, r1, #0x01
	adds r0, r0, r1
	lsls r0, r0, #0x02
_080F06BA:
	ldr r1, [r3, #0x00]
	adds r2, r1, r0
	adds r6, r3, #0x0
	ldrh r1, [r4, #0x04]
	movs r0, #0x10
	ands r0, r1
	cmp r0, #0x00
	beq _080F06E4
	ldr r4, [r5, #0x08]
	subs r0, r2, r4
	movs r1, #0x50
	bl func_0811D5EC
	adds r4, r4, r0
	str r4, [r5, #0x08]
	b _080F06EE
	.byte 0x00, 0x00
_080F06DC: .4byte 0x08121400
_080F06E0: .4byte 0x03007480
_080F06E4:
	ldr r1, [r5, #0x08]
	subs r0, r2, r1
	asrs r0, r0, #0x04
	adds r1, r1, r0
	str r1, [r5, #0x08]
_080F06EE:
	ldr r1, [r5, #0x0C]
	ldr r0, [r5, #0x08]
	cmp r1, r0
	bge _080F06FE
	str r7, [r5, #0x08]
	ldr r1, _080F0704 @ =0xFFFFE400
	adds r0, r7, r1
	str r0, [r6, #0x00]
_080F06FE:
	pop {r4, r5, r6, r7}
	pop {r0}
	bx r0
_080F0704: .4byte 0xFFFFE400
	thumb_func_start func_080F0708
func_080F0708: @ 080F0708
	push {r4, r5, r6, lr}
	adds r3, r0, #0x0
	lsls r1, r1, #0x18
	cmp r1, #0x00
	beq _080F0738
	adds r2, r3, #0x0
	adds r2, #0xD4
	ldr r0, _080F0730 @ =0x02039BA0
	ldr r1, [r0, #0x00]
	ldr r0, [r1, #0x18]
	str r0, [r2, #0x00]
	adds r2, #0x04
	ldr r0, [r1, #0x1C]
	str r0, [r2, #0x00]
	adds r2, #0x04
	ldr r0, [r1, #0x20]
	ldr r1, _080F0734 @ =0xFFFFF000
	adds r0, r0, r1
	str r0, [r2, #0x00]
	b _080F07E0
_080F0730: .4byte 0x02039BA0
_080F0734: .4byte 0xFFFFF000
_080F0738:
	adds r6, r3, #0x0
	adds r6, #0xD4
	ldr r0, _080F0784 @ =0x02039BA0
	ldr r1, [r0, #0x00]
	ldr r0, [r1, #0x18]
	str r0, [r6, #0x00]
	adds r5, r3, #0x0
	adds r5, #0xD8
	ldr r0, [r1, #0x1C]
	str r0, [r5, #0x00]
	adds r4, r3, #0x0
	adds r4, #0xDC
	ldr r0, [r1, #0x20]
	str r0, [r4, #0x00]
	bl func_080065A4
	lsls r0, r0, #0x10
	lsrs r0, r0, #0x10
	movs r1, #0x01
	ands r0, r1
	cmp r0, #0x00
	beq _080F0788
	bl func_080065A4
	lsls r0, r0, #0x10
	lsrs r0, r0, #0x10
	movs r1, #0x41
	bl func_0811D7CC
	lsls r0, r0, #0x10
	lsrs r0, r0, #0x08
	movs r1, #0x80
	lsls r1, r1, #0x06
	adds r0, r0, r1
	ldr r1, [r6, #0x00]
	subs r1, r1, r0
	b _080F07A4
	.byte 0x00, 0x00
_080F0784: .4byte 0x02039BA0
_080F0788:
	bl func_080065A4
	lsls r0, r0, #0x10
	lsrs r0, r0, #0x10
	movs r1, #0x41
	bl func_0811D7CC
	lsls r0, r0, #0x10
	lsrs r0, r0, #0x08
	movs r1, #0x80
	lsls r1, r1, #0x06
	adds r0, r0, r1
	ldr r1, [r6, #0x00]
	adds r1, r1, r0
_080F07A4:
	str r1, [r6, #0x00]
	bl func_080065A4
	lsls r0, r0, #0x10
	lsrs r0, r0, #0x10
	movs r1, #0x79
	bl func_0811D7CC
	lsls r0, r0, #0x10
	lsrs r0, r0, #0x08
	ldr r1, _080F07E8 @ =0xFFFFC400
	adds r0, r0, r1
	ldr r1, [r5, #0x00]
	adds r1, r1, r0
	str r1, [r5, #0x00]
	bl func_080065A4
	lsls r0, r0, #0x10
	lsrs r0, r0, #0x10
	movs r1, #0x31
	bl func_0811D7CC
	lsls r0, r0, #0x10
	lsrs r0, r0, #0x08
	movs r1, #0x80
	lsls r1, r1, #0x05
	adds r0, r0, r1
	ldr r1, [r4, #0x00]
	subs r1, r1, r0
	str r1, [r4, #0x00]
_080F07E0:
	pop {r4, r5, r6}
	pop {r0}
	bx r0
	.byte 0x00, 0x00
_080F07E8: .4byte 0xFFFFC400
	.byte 0xF0, 0xB5, 0x84, 0xB0, 0x04, 0x1C, 0x26, 0x1C, 0x25, 0x1C, 0x08, 0x35, 0x00, 0x21, 0x03, 0x22
	.byte 0xF5, 0xF7, 0xB6, 0xFA, 0x20, 0x1C, 0xF5, 0xF7, 0xF3, 0xFA, 0x20, 0x1C, 0xE4, 0x30, 0x10, 0xF7
	.byte 0x4B, 0xFB, 0x69, 0x46, 0x28, 0x1C, 0x8C, 0xC8, 0x8C, 0xC1, 0x00, 0x68, 0x08, 0x60, 0x20, 0x1C
	.byte 0x00, 0x21, 0xFF, 0xF7, 0x1F, 0xFF, 0x15, 0xF7, 0xBF, 0xFE, 0x00, 0x04, 0x00, 0x0C, 0x14, 0x21
	.byte 0x2C, 0xF0, 0xCE, 0xFF, 0x00, 0x04, 0x00, 0x28, 0x08, 0xD1, 0xA0, 0x68, 0x69, 0x68, 0x0A, 0x4A
	.byte 0x13, 0x68, 0x9A, 0x69, 0xDB, 0x69, 0x2C, 0xF7, 0x93, 0xF9, 0x28, 0x75, 0x06, 0x48, 0x00, 0x68
	.byte 0x00, 0x6A, 0x06, 0x49, 0x40, 0x18, 0xA9, 0x68, 0x81, 0x42, 0x09, 0xDA, 0x20, 0x1C, 0x00, 0x21
	.byte 0xFF, 0xF7, 0x54, 0xFF, 0x21, 0x1C, 0x1F, 0xE0, 0xA0, 0x9B, 0x03, 0x02, 0x00, 0xC0, 0xFF, 0xFF
	.byte 0x15, 0xF7, 0x9A, 0xFE, 0x00, 0x04, 0x00, 0x0C, 0x82, 0x21, 0x2C, 0xF0, 0xA9, 0xFF, 0x00, 0x04
	.byte 0x00, 0x28, 0x18, 0xD1, 0x15, 0xF7, 0x90, 0xFE, 0x00, 0x04, 0x00, 0x0C, 0x01, 0x21, 0x08, 0x40
	.byte 0x00, 0x28, 0x04, 0xD0, 0x20, 0x1C, 0x00, 0x21, 0xFF, 0xF7, 0x38, 0xFF, 0x03, 0xE0, 0x20, 0x1C
	.byte 0x01, 0x21, 0xFF, 0xF7, 0x33, 0xFF, 0x31, 0x1C, 0xD0, 0x31, 0x00, 0x20, 0x08, 0x80, 0x28, 0x61
	.byte 0x04, 0x39, 0x06, 0x48, 0x08, 0x60, 0x30, 0x1C, 0xF5, 0xF7, 0x7E, 0xFB, 0x00, 0x06, 0x00, 0x28
	.byte 0x08, 0xD0, 0x31, 0x1C, 0xCC, 0x31, 0x02, 0x48, 0x08, 0x60, 0x09, 0xE0, 0xE5, 0x08, 0x0F, 0x08
	.byte 0x45, 0x0A, 0x0F, 0x08, 0x30, 0x1C, 0xF5, 0xF7, 0x3D, 0xFB, 0x20, 0x1C, 0xFF, 0xF7, 0x9C, 0xFE
	.byte 0x04, 0xB0, 0xF0, 0xBC, 0x01, 0xBC, 0x00, 0x47, 0xF0, 0xB5, 0x84, 0xB0, 0x05, 0x1C, 0x2C, 0x1C
	.byte 0x08, 0x34, 0x01, 0x21, 0x03, 0x22, 0xF5, 0xF7, 0x3B, 0xFA, 0x28, 0x1C, 0xF5, 0xF7, 0x78, 0xFA
	.byte 0x28, 0x1C, 0xE4, 0x30, 0x10, 0xF7, 0xD0, 0xFA, 0x28, 0x1C, 0x01, 0x21, 0xFF, 0xF7, 0xAA, 0xFE
	.byte 0x69, 0x46, 0x20, 0x1C, 0x4C, 0xC8, 0x4C, 0xC1, 0x00, 0x68, 0x08, 0x60, 0x15, 0xF7, 0x44, 0xFE
	.byte 0x00, 0x04, 0x00, 0x0C, 0x14, 0x21, 0x2C, 0xF0, 0x53, 0xFF, 0x00, 0x04, 0x00, 0x28, 0x08, 0xD0
	.byte 0xA8, 0x68, 0x61, 0x68, 0x0E, 0x4A, 0x13, 0x68, 0x9A, 0x69, 0xDB, 0x69, 0x2C, 0xF7, 0x18, 0xF9
	.byte 0x20, 0x75, 0x28, 0x1C, 0xD4, 0x30, 0x03, 0x68, 0x2A, 0x1C, 0xD8, 0x32, 0x16, 0x68, 0xA9, 0x88
	.byte 0x10, 0x20, 0x08, 0x40, 0x17, 0x1C, 0x00, 0x28, 0x0C, 0xD0, 0xA0, 0x20, 0x40, 0x00, 0x84, 0x46
	.byte 0x20, 0x69, 0x0A, 0x30, 0x20, 0x61, 0x4C, 0x28, 0x0E, 0xDD, 0x4C, 0x20, 0x20, 0x61, 0x0B, 0xE0
	.byte 0xA0, 0x9B, 0x03, 0x02, 0x40, 0x21, 0x8C, 0x46, 0x20, 0x69, 0x33, 0x30, 0x20, 0x61, 0xC0, 0x21
	.byte 0x49, 0x00, 0x88, 0x42, 0x00, 0xDD, 0x21, 0x61, 0x21, 0x68, 0x58, 0x1A, 0x40, 0x11, 0x23, 0x69
	.byte 0x98, 0x42, 0x01, 0xDD, 0x18, 0x1C, 0x03, 0xE0, 0x5A, 0x42, 0x90, 0x42, 0x00, 0xDA, 0x10, 0x1C
	.byte 0x08, 0x18, 0x20, 0x60, 0x61, 0x68, 0x70, 0x1A, 0x40, 0x11, 0x98, 0x42, 0x01, 0xDD, 0x18, 0x1C
	.byte 0x03, 0xE0, 0x5A, 0x42, 0x90, 0x42, 0x00, 0xDA, 0x10, 0x1C, 0x08, 0x18, 0x60, 0x60, 0x29, 0x1C
	.byte 0xD0, 0x31, 0x08, 0x88, 0x60, 0x45, 0x05, 0xD9, 0x04, 0x39, 0x01, 0x48, 0x08, 0x60, 0x03, 0xE0
	.byte 0xED, 0x07, 0x0F, 0x08, 0x01, 0x30, 0x08, 0x80, 0x20, 0x1C, 0xEF, 0xF7, 0xA1, 0xFA, 0x01, 0x1C
	.byte 0xA0, 0x68, 0x81, 0x42, 0x09, 0xDA, 0x21, 0x1C, 0x68, 0x46, 0x4C, 0xC8, 0x4C, 0xC1, 0x00, 0x68
	.byte 0x08, 0x60, 0x60, 0x68, 0x80, 0x21, 0x49, 0x01, 0x0B, 0xE0, 0x80, 0x20, 0x40, 0x03, 0x81, 0x42
	.byte 0x0C, 0xD1, 0x21, 0x1C, 0x68, 0x46, 0x4C, 0xC8, 0x4C, 0xC1, 0x00, 0x68, 0x08, 0x60, 0x60, 0x68
	.byte 0x01, 0x49, 0x40, 0x18, 0x38, 0x60, 0x02, 0xE0, 0x00, 0xF0, 0xFF, 0xFF, 0xE1, 0x60, 0x28, 0x1C
	.byte 0xF5, 0xF7, 0xCA, 0xFA, 0x00, 0x06, 0x00, 0x28, 0x06, 0xD0, 0x29, 0x1C, 0xCC, 0x31, 0x01, 0x48
	.byte 0x08, 0x60, 0x04, 0xE0, 0x45, 0x0A, 0x0F, 0x08, 0x28, 0x1C, 0xF5, 0xF7, 0x8B, 0xFA, 0x04, 0xB0
	.byte 0xF0, 0xBC, 0x01, 0xBC, 0x00, 0x47, 0x00, 0x00, 0x10, 0xB5, 0x04, 0x1C, 0x02, 0x21, 0x00, 0x22
	.byte 0xF5, 0xF7, 0x8E, 0xF9, 0x20, 0x1C, 0xE4, 0x30, 0x10, 0xF7, 0x26, 0xFA, 0x20, 0x1C, 0xA4, 0x30
	.byte 0x15, 0xF7, 0x5E, 0xF8, 0x00, 0x06, 0x00, 0x28, 0x07, 0xD0, 0xA1, 0x88, 0x40, 0x20, 0x08, 0x43
	.byte 0xA0, 0x80, 0x20, 0x1C, 0xF5, 0xF7, 0x1C, 0xFA, 0x02, 0xE0, 0x20, 0x1C, 0xF5, 0xF7, 0xB8, 0xF9
	.byte 0x10, 0xBC, 0x01, 0xBC, 0x00, 0x47, 0x00, 0x00, 0x10, 0xB5, 0x04, 0x1C, 0x00, 0x21, 0x00, 0x22
	.byte 0xF5, 0xF7, 0x6E, 0xF9, 0x20, 0x1C, 0xA4, 0x30, 0x15, 0xF7, 0x32, 0xF8, 0x21, 0x1C, 0xC4, 0x31
	.byte 0x08, 0x60, 0x20, 0x1C, 0xE4, 0x30, 0x10, 0xF7, 0xFF, 0xF9, 0x20, 0x1C, 0xF5, 0xF7, 0x84, 0xFA
	.byte 0x00, 0x06, 0x00, 0x28, 0x06, 0xD0, 0x21, 0x1C, 0xCC, 0x31, 0x01, 0x48, 0x08, 0x60, 0x04, 0xE0
	.byte 0x45, 0x0A, 0x0F, 0x08, 0x20, 0x1C, 0xF5, 0xF7, 0x45, 0xFA, 0x10, 0xBC, 0x01, 0xBC, 0x00, 0x47
	.byte 0x30, 0xB5, 0x04, 0x1C, 0x25, 0x1C, 0xF5, 0xF7, 0x5F, 0xFC, 0xA1, 0x88, 0x20, 0x20, 0x08, 0x40
	.byte 0x00, 0x28, 0x17, 0xD0, 0x21, 0x1C, 0xCC, 0x31, 0x09, 0x48, 0x08, 0x60, 0x20, 0x1C, 0x00, 0x21
	.byte 0x00, 0x22, 0xF5, 0xF7, 0x3D, 0xF9, 0x20, 0x1C, 0xA4, 0x30, 0x15, 0xF7, 0x01, 0xF8, 0x21, 0x1C
	.byte 0xC4, 0x31, 0x08, 0x60, 0x20, 0x1C, 0x48, 0x30, 0x00, 0x21, 0x21, 0xF7, 0x85, 0xFD, 0x16, 0xE0
	.byte 0x85, 0x0A, 0x0F, 0x08, 0x21, 0x1C, 0xCC, 0x31, 0x0E, 0x48, 0x08, 0x60, 0x20, 0x1C, 0x00, 0x21
	.byte 0x01, 0x22, 0xF5, 0xF7, 0x25, 0xF9, 0x20, 0x1C, 0xA4, 0x30, 0x14, 0xF7, 0xE9, 0xFF, 0x21, 0x1C
	.byte 0xC4, 0x31, 0x08, 0x60, 0x20, 0x1C, 0x48, 0x30, 0x00, 0x21, 0x21, 0xF7, 0x6D, 0xFD, 0x29, 0x1C
	.byte 0xD0, 0x31, 0x00, 0x22, 0x00, 0x20, 0x08, 0x80, 0x20, 0x1C, 0xF8, 0x30, 0x02, 0x70, 0x30, 0xBC
	.byte 0x01, 0xBC, 0x00, 0x47, 0xED, 0x07, 0x0F, 0x08, 0x70, 0xB5, 0x05, 0x1C, 0x2A, 0x1C, 0x2E, 0x1C
	.byte 0x08, 0x36, 0x06, 0x48, 0x00, 0x68, 0x00, 0x6F, 0x80, 0x21, 0xC9, 0x02, 0x08, 0x40, 0x00, 0x28
	.byte 0x06, 0xD0, 0x28, 0x1C, 0xF5, 0xF7, 0x60, 0xFA, 0x28, 0xE0, 0x00, 0x00, 0xA0, 0x9B, 0x03, 0x02
	.byte 0x07, 0x48, 0x00, 0x68, 0x00, 0x68, 0x04, 0x21, 0x08, 0x40, 0x2C, 0x1C, 0xCC, 0x34, 0x00, 0x28
	.byte 0x0A, 0xD0, 0x21, 0x68, 0x03, 0x48, 0x81, 0x42, 0x06, 0xD0, 0x01, 0x20, 0x17, 0xE0, 0x00, 0x00
	.byte 0xAC, 0xC7, 0x03, 0x02, 0x45, 0x0A, 0x0F, 0x08, 0x21, 0x68, 0x00, 0x29, 0x0E, 0xD0, 0x10, 0x1C
	.byte 0x2C, 0xF0, 0x02, 0xFD, 0x20, 0x68, 0x00, 0x28, 0x08, 0xD0, 0x28, 0x1C, 0x48, 0x30, 0x31, 0x68
	.byte 0x72, 0x68, 0xB3, 0x68, 0x21, 0xF7, 0xB0, 0xFB, 0x01, 0x20, 0x00, 0xE0, 0x00, 0x20, 0x70, 0xBC
	.byte 0x02, 0xBC, 0x08, 0x47, 0x00, 0xB5, 0xF5, 0xF7, 0x7F, 0xFC, 0x01, 0xBC, 0x00, 0x47, 0x00, 0x00
	.byte 0x00, 0xB5, 0xF5, 0xF7, 0xCD, 0xFC, 0x01, 0xBC, 0x00, 0x47, 0x00, 0x00, 0x30, 0xB5, 0x04, 0x1C
	.byte 0x25, 0x1C, 0x00, 0x21, 0x00, 0x22, 0xF5, 0xF7, 0xBB, 0xF8, 0x20, 0x1C, 0xE4, 0x30, 0x10, 0xF7
	.byte 0x53, 0xF9, 0x20, 0x1C, 0xA4, 0x30, 0x14, 0xF7, 0x8B, 0xFF, 0x00, 0x06, 0x00, 0x28, 0x15, 0xD0
	.byte 0x20, 0x1C, 0x48, 0x30, 0x00, 0x21, 0x21, 0xF7, 0xFF, 0xFC, 0x15, 0xF7, 0xC5, 0xFC, 0x00, 0x04
	.byte 0x00, 0x0C, 0x79, 0x21, 0x2C, 0xF0, 0xD4, 0xFD, 0x3C, 0x30, 0x21, 0x1C, 0xD0, 0x31, 0x08, 0x80
	.byte 0x04, 0x39, 0x01, 0x48, 0x08, 0x60, 0x15, 0xE0, 0x69, 0x0C, 0x0F, 0x08, 0x28, 0x1C, 0xF5, 0xF7
	.byte 0xD7, 0xF8, 0x29, 0x1C, 0xE0, 0x31, 0x0A, 0x88, 0x00, 0x23, 0xC8, 0x5E, 0x00, 0x28, 0x09, 0xDD
	.byte 0x50, 0x1E, 0x08, 0x80, 0x00, 0x04, 0x00, 0x28, 0x04, 0xDC, 0x28, 0x1C, 0x48, 0x30, 0x00, 0x21
	.byte 0x21, 0xF7, 0xDA, 0xFC, 0x30, 0xBC, 0x01, 0xBC, 0x00, 0x47, 0x00, 0x00, 0x70, 0xB5, 0x04, 0x1C
	.byte 0x26, 0x1C, 0x25, 0x1C, 0x08, 0x35, 0x01, 0x21, 0x01, 0x22, 0xF5, 0xF7, 0x79, 0xF8, 0x20, 0x1C
	.byte 0xF5, 0xF7, 0xB6, 0xF8, 0x20, 0x1C, 0xE4, 0x30, 0x10, 0xF7, 0x0E, 0xF9, 0x15, 0xF7, 0x8C, 0xFC
	.byte 0x00, 0x04, 0x00, 0x0C, 0x14, 0x21, 0x2C, 0xF0, 0x9B, 0xFD, 0x00, 0x04, 0x00, 0x28, 0x08, 0xD1
	.byte 0xA0, 0x68, 0x69, 0x68, 0x08, 0x4A, 0x13, 0x68, 0x9A, 0x69, 0xDB, 0x69, 0x2B, 0xF7, 0x60, 0xFF
	.byte 0x28, 0x75, 0x20, 0x1C, 0xF5, 0xF7, 0x80, 0xF9, 0x00, 0x06, 0x00, 0x28, 0x08, 0xD0, 0x21, 0x1C
	.byte 0xCC, 0x31, 0x02, 0x48, 0x17, 0xE0, 0x00, 0x00, 0xA0, 0x9B, 0x03, 0x02, 0x41, 0x0D, 0x0F, 0x08
	.byte 0x20, 0x1C, 0xF5, 0xF7, 0x3F, 0xF9, 0x21, 0x1C, 0xD0, 0x31, 0x08, 0x88, 0x00, 0x28, 0x02, 0xD0
	.byte 0x01, 0x38, 0x08, 0x80, 0x08, 0xE0, 0x30, 0x1C, 0x48, 0x30, 0x01, 0x21, 0x21, 0xF7, 0x94, 0xFC
	.byte 0x31, 0x1C, 0xCC, 0x31, 0x02, 0x48, 0x08, 0x60, 0x70, 0xBC, 0x01, 0xBC, 0x00, 0x47, 0x00, 0x00
	.byte 0x01, 0x0D, 0x0F, 0x08, 0x10, 0xB5, 0x04, 0x1C, 0xA1, 0x88, 0x04, 0x20, 0x08, 0x43, 0xA0, 0x80
	.byte 0x20, 0x1C, 0x02, 0x21, 0x00, 0x22, 0xF5, 0xF7, 0x2B, 0xF8, 0x20, 0x1C, 0xF5, 0xF7, 0x68, 0xF8
	.byte 0x20, 0x1C, 0xE4, 0x30, 0x10, 0xF7, 0xC0, 0xF8, 0x20, 0x1C, 0xA4, 0x30, 0x14, 0xF7, 0xF8, 0xFE
	.byte 0x00, 0x06, 0x00, 0x28, 0x03, 0xD0, 0x21, 0x1C, 0xCC, 0x31, 0x00, 0x20, 0x08, 0x60, 0x10, 0xBC
	.byte 0x01, 0xBC, 0x00, 0x47, 0x10, 0xB5, 0x04, 0x1C, 0x03, 0x21, 0x00, 0x22, 0xF5, 0xF7, 0x10, 0xF8
	.byte 0x20, 0x1C, 0xE4, 0x30, 0x10, 0xF7, 0xA8, 0xF8, 0x20, 0x1C, 0xA4, 0x30, 0x14, 0xF7, 0xE0, 0xFE
	.byte 0x00, 0x06, 0x00, 0x28, 0x07, 0xD0, 0xA1, 0x88, 0x40, 0x20, 0x08, 0x43, 0xA0, 0x80, 0x20, 0x1C
	.byte 0xF5, 0xF7, 0x9E, 0xF8, 0x02, 0xE0, 0x20, 0x1C, 0xF5, 0xF7, 0x3A, 0xF8, 0x10, 0xBC, 0x01, 0xBC
	.byte 0x00, 0x47, 0x00, 0x00, 0x10, 0xB5, 0x04, 0x1C, 0xF5, 0xF7, 0x06, 0xFB, 0x21, 0x1C, 0xCC, 0x31
	.byte 0x08, 0x68, 0x00, 0x28, 0x16, 0xD1, 0x0A, 0x48, 0x08, 0x60, 0x20, 0x1C, 0x00, 0x21, 0x00, 0x22
	.byte 0xF4, 0xF7, 0xE6, 0xFF, 0x20, 0x1C, 0xA4, 0x30, 0x14, 0xF7, 0xAA, 0xFE, 0x21, 0x1C, 0xC4, 0x31
	.byte 0x08, 0x60, 0x20, 0x1C, 0x48, 0x30, 0x01, 0x21, 0x21, 0xF7, 0x2E, 0xFC, 0x07, 0xE0, 0x00, 0x00
	.byte 0xE9, 0x0B, 0x0F, 0x08, 0x20, 0x1C, 0x48, 0x30, 0x00, 0x21, 0x21, 0xF7, 0x25, 0xFC, 0x21, 0x1C
	.byte 0xD0, 0x31, 0x00, 0x20, 0x08, 0x80, 0x10, 0xBC, 0x01, 0xBC, 0x00, 0x47, 0x70, 0xB5, 0x05, 0x1C
	.byte 0x2A, 0x1C, 0x2E, 0x1C, 0x08, 0x36, 0x06, 0x48, 0x00, 0x68, 0x00, 0x6F, 0x80, 0x21, 0xC9, 0x02
	.byte 0x08, 0x40, 0x00, 0x28, 0x06, 0xD0, 0x28, 0x1C, 0xF5, 0xF7, 0x1E, 0xF9, 0x28, 0xE0, 0x00, 0x00
	.byte 0xA0, 0x9B, 0x03, 0x02, 0x07, 0x48, 0x00, 0x68, 0x00, 0x68, 0x04, 0x21, 0x08, 0x40, 0x2C, 0x1C
	.byte 0xCC, 0x34, 0x00, 0x28, 0x0A, 0xD0, 0x21, 0x68, 0x03, 0x48, 0x81, 0x42, 0x06, 0xD0, 0x01, 0x20
	.byte 0x17, 0xE0, 0x00, 0x00, 0xAC, 0xC7, 0x03, 0x02, 0x41, 0x0D, 0x0F, 0x08, 0x21, 0x68, 0x00, 0x29
	.byte 0x0E, 0xD0, 0x10, 0x1C, 0x2C, 0xF0, 0xC0, 0xFB, 0x20, 0x68, 0x00, 0x28, 0x08, 0xD0, 0x28, 0x1C
	.byte 0x48, 0x30, 0x31, 0x68, 0x72, 0x68, 0xB3, 0x68, 0x21, 0xF7, 0x6E, 0xFA, 0x01, 0x20, 0x00, 0xE0
	.byte 0x00, 0x20, 0x70, 0xBC, 0x02, 0xBC, 0x08, 0x47, 0x00, 0xB5, 0xF5, 0xF7, 0x3D, 0xFB, 0x01, 0xBC
	.byte 0x00, 0x47, 0x00, 0x00, 0x00, 0xB5, 0xF5, 0xF7, 0x8B, 0xFB, 0x01, 0xBC, 0x00, 0x47, 0x00, 0x00
	.byte 0x30, 0xB5, 0x04, 0x1C, 0x25, 0x1C, 0x00, 0x21, 0x00, 0x22, 0xF4, 0xF7, 0x79, 0xFF, 0x20, 0x1C
	.byte 0xE4, 0x30, 0x10, 0xF7, 0x11, 0xF8, 0x20, 0x1C, 0xA4, 0x30, 0x14, 0xF7, 0x49, 0xFE, 0x00, 0x06
	.byte 0x00, 0x28, 0x15, 0xD0, 0x20, 0x1C, 0x48, 0x30, 0x00, 0x21, 0x21, 0xF7, 0xBD, 0xFB, 0x15, 0xF7
	.byte 0x83, 0xFB, 0x00, 0x04, 0x00, 0x0C, 0x79, 0x21, 0x2C, 0xF0, 0x92, 0xFC, 0x3C, 0x30, 0x21, 0x1C
	.byte 0xD0, 0x31, 0x08, 0x80, 0x04, 0x39, 0x01, 0x48, 0x08, 0x60, 0x15, 0xE0, 0xED, 0x0E, 0x0F, 0x08
	.byte 0x28, 0x1C, 0xF4, 0xF7, 0x95, 0xFF, 0x29, 0x1C, 0xE0, 0x31, 0x0A, 0x88, 0x00, 0x23, 0xC8, 0x5E
	.byte 0x00, 0x28, 0x09, 0xDD, 0x50, 0x1E, 0x08, 0x80, 0x00, 0x04, 0x00, 0x28, 0x04, 0xDC, 0x28, 0x1C
	.byte 0x48, 0x30, 0x00, 0x21, 0x21, 0xF7, 0x98, 0xFB, 0x30, 0xBC, 0x01, 0xBC, 0x00, 0x47, 0x00, 0x00
	.byte 0x70, 0xB5, 0x04, 0x1C, 0x26, 0x1C, 0x25, 0x1C, 0x08, 0x35, 0x01, 0x21, 0x01, 0x22, 0xF4, 0xF7
	.byte 0x37, 0xFF, 0x20, 0x1C, 0xF4, 0xF7, 0x74, 0xFF, 0x20, 0x1C, 0xE4, 0x30, 0x0F, 0xF7, 0xCC, 0xFF
	.byte 0x15, 0xF7, 0x4A, 0xFB, 0x00, 0x04, 0x00, 0x0C, 0x14, 0x21, 0x2C, 0xF0, 0x59, 0xFC, 0x00, 0x04
	.byte 0x00, 0x28, 0x08, 0xD1, 0xA0, 0x68, 0x69, 0x68, 0x08, 0x4A, 0x13, 0x68, 0x9A, 0x69, 0xDB, 0x69
	.byte 0x2B, 0xF7, 0x1E, 0xFE, 0x28, 0x75, 0x20, 0x1C, 0xF5, 0xF7, 0x3E, 0xF8, 0x00, 0x06, 0x00, 0x28
	.byte 0x08, 0xD0, 0x21, 0x1C, 0xCC, 0x31, 0x02, 0x48, 0x17, 0xE0, 0x00, 0x00, 0xA0, 0x9B, 0x03, 0x02
	.byte 0xC5, 0x0F, 0x0F, 0x08, 0x20, 0x1C, 0xF4, 0xF7, 0xFD, 0xFF, 0x21, 0x1C, 0xD0, 0x31, 0x08, 0x88
	.byte 0x00, 0x28, 0x02, 0xD0, 0x01, 0x38, 0x08, 0x80, 0x08, 0xE0, 0x30, 0x1C, 0x48, 0x30, 0x01, 0x21
	.byte 0x21, 0xF7, 0x52, 0xFB, 0x31, 0x1C, 0xCC, 0x31, 0x02, 0x48, 0x08, 0x60, 0x70, 0xBC, 0x01, 0xBC
	.byte 0x00, 0x47, 0x00, 0x00, 0x85, 0x0F, 0x0F, 0x08, 0x10, 0xB5, 0x04, 0x1C, 0xA1, 0x88, 0x04, 0x20
	.byte 0x08, 0x43, 0xA0, 0x80, 0x20, 0x1C, 0x02, 0x21, 0x00, 0x22, 0xF4, 0xF7, 0xE9, 0xFE, 0x20, 0x1C
	.byte 0xF4, 0xF7, 0x26, 0xFF, 0x20, 0x1C, 0xE4, 0x30, 0x0F, 0xF7, 0x7E, 0xFF, 0x20, 0x1C, 0xA4, 0x30
	.byte 0x14, 0xF7, 0xB6, 0xFD, 0x00, 0x06, 0x00, 0x28, 0x03, 0xD0, 0x21, 0x1C, 0xCC, 0x31, 0x00, 0x20
	.byte 0x08, 0x60, 0x10, 0xBC, 0x01, 0xBC, 0x00, 0x47, 0x10, 0xB5, 0x04, 0x1C, 0x03, 0x21, 0x00, 0x22
	.byte 0xF4, 0xF7, 0xCE, 0xFE, 0x20, 0x1C, 0xE4, 0x30, 0x0F, 0xF7, 0x66, 0xFF, 0x20, 0x1C, 0xA4, 0x30
	.byte 0x14, 0xF7, 0x9E, 0xFD, 0x00, 0x06, 0x00, 0x28, 0x07, 0xD0, 0xA1, 0x88, 0x40, 0x20, 0x08, 0x43
	.byte 0xA0, 0x80, 0x20, 0x1C, 0xF4, 0xF7, 0x5C, 0xFF, 0x02, 0xE0, 0x20, 0x1C, 0xF4, 0xF7, 0xF8, 0xFE
	.byte 0x10, 0xBC, 0x01, 0xBC, 0x00, 0x47, 0x00, 0x00, 0x10, 0xB5, 0x04, 0x1C, 0xF5, 0xF7, 0xC4, 0xF9
	.byte 0x21, 0x1C, 0xCC, 0x31, 0x08, 0x68, 0x00, 0x28, 0x16, 0xD1, 0x0A, 0x48, 0x08, 0x60, 0x20, 0x1C
	.byte 0x00, 0x21, 0x00, 0x22, 0xF4, 0xF7, 0xA4, 0xFE, 0x20, 0x1C, 0xA4, 0x30, 0x14, 0xF7, 0x68, 0xFD
	.byte 0x21, 0x1C, 0xC4, 0x31, 0x08, 0x60, 0x20, 0x1C, 0x48, 0x30, 0x01, 0x21, 0x21, 0xF7, 0xEC, 0xFA
	.byte 0x07, 0xE0, 0x00, 0x00, 0x6D, 0x0E, 0x0F, 0x08, 0x20, 0x1C, 0x48, 0x30, 0x00, 0x21, 0x21, 0xF7
	.byte 0xE3, 0xFA, 0x21, 0x1C, 0xD0, 0x31, 0x00, 0x20, 0x08, 0x80, 0x10, 0xBC, 0x01, 0xBC, 0x00, 0x47
	.byte 0x70, 0xB5, 0x05, 0x1C, 0x2A, 0x1C, 0x2E, 0x1C, 0x08, 0x36, 0x06, 0x48, 0x00, 0x68, 0x00, 0x6F
	.byte 0x80, 0x21, 0xC9, 0x02, 0x08, 0x40, 0x00, 0x28, 0x06, 0xD0, 0x28, 0x1C, 0xF4, 0xF7, 0xDC, 0xFF
	.byte 0x28, 0xE0, 0x00, 0x00, 0xA0, 0x9B, 0x03, 0x02, 0x07, 0x48, 0x00, 0x68, 0x00, 0x68, 0x04, 0x21
	.byte 0x08, 0x40, 0x2C, 0x1C, 0xCC, 0x34, 0x00, 0x28, 0x0A, 0xD0, 0x21, 0x68, 0x03, 0x48, 0x81, 0x42
	.byte 0x06, 0xD0, 0x01, 0x20, 0x17, 0xE0, 0x00, 0x00, 0xAC, 0xC7, 0x03, 0x02, 0xC5, 0x0F, 0x0F, 0x08
	.byte 0x21, 0x68, 0x00, 0x29, 0x0E, 0xD0, 0x10, 0x1C, 0x2C, 0xF0, 0x7E, 0xFA, 0x20, 0x68, 0x00, 0x28
	.byte 0x08, 0xD0, 0x28, 0x1C, 0x48, 0x30, 0x31, 0x68, 0x72, 0x68, 0xB3, 0x68, 0x21, 0xF7, 0x2C, 0xF9
	.byte 0x01, 0x20, 0x00, 0xE0, 0x00, 0x20, 0x70, 0xBC, 0x02, 0xBC, 0x08, 0x47, 0x00, 0xB5, 0xF5, 0xF7
	.byte 0xFB, 0xF9, 0x01, 0xBC, 0x00, 0x47, 0x00, 0x00, 0x00, 0xB5, 0xF5, 0xF7, 0x49, 0xFA, 0x01, 0xBC
	.byte 0x00, 0x47, 0x00, 0x00, 0x02, 0x1C, 0x0A, 0x48, 0x80, 0x7B, 0x00, 0x06, 0x00, 0x16, 0x00, 0x07
	.byte 0x51, 0x7A, 0x09, 0x05, 0x40, 0x18, 0x91, 0x7A, 0x09, 0x04, 0x40, 0x18, 0x05, 0x4A, 0x91, 0x79
	.byte 0x09, 0x02, 0x40, 0x18, 0x51, 0x79, 0x09, 0x01, 0x40, 0x18, 0x12, 0x79, 0x80, 0x18, 0x70, 0x47
	.byte 0xB0, 0x9B, 0x03, 0x02, 0x90, 0xC5, 0x03, 0x02, 0x10, 0xB5, 0x04, 0x1C, 0x10, 0xF7, 0x2C, 0xF9
	.byte 0xC0, 0x22, 0x92, 0x00, 0x11, 0x1C, 0x01, 0x40, 0x91, 0x42, 0x1A, 0xD1, 0x10, 0xF7, 0x2A, 0xF9
	.byte 0x04, 0x21, 0x01, 0x40, 0x00, 0x29, 0x08, 0xD0, 0x60, 0x68, 0x01, 0x21, 0x01, 0x70, 0x2B, 0xF7
	.byte 0xDF, 0xFC, 0x09, 0x48, 0x01, 0x21, 0x0F, 0xF7, 0xBB, 0xFF, 0x10, 0xF7, 0x1B, 0xF9, 0x08, 0x21
	.byte 0x01, 0x40, 0x00, 0x29, 0x05, 0xD0, 0x01, 0x20, 0x20, 0x70, 0x61, 0x68, 0x08, 0x70, 0x03, 0x48
	.byte 0xA0, 0x60, 0x10, 0xBC, 0x01, 0xBC, 0x00, 0x47, 0x88, 0x9B, 0xED, 0x09, 0x7D, 0x11, 0x0F, 0x08
	.byte 0x70, 0xB5, 0x05, 0x1C, 0x01, 0x24, 0x28, 0x7B, 0x13, 0x49, 0x00, 0x28, 0x03, 0xDD, 0x24, 0x01
	.byte 0x01, 0x38, 0x00, 0x28, 0xFB, 0xDC, 0x88, 0x79, 0xED, 0xF7, 0x40, 0xFE, 0x06, 0x1C, 0x10, 0xF7
	.byte 0xFF, 0xF8, 0x40, 0x21, 0x01, 0x40, 0x00, 0x29, 0x02, 0xD0, 0x70, 0x68, 0x00, 0x19, 0x70, 0x60
	.byte 0x10, 0xF7, 0xF6, 0xF8, 0x80, 0x21, 0x01, 0x40, 0x00, 0x29, 0x02, 0xD0, 0x70, 0x68, 0x00, 0x1B
	.byte 0x70, 0x60, 0x10, 0xF7, 0xE7, 0xF8, 0x20, 0x21, 0x01, 0x40, 0x00, 0x29, 0x08, 0xD0, 0x28, 0x7B
	.byte 0x07, 0x28, 0x03, 0xD0, 0x01, 0x30, 0x02, 0xE0, 0x90, 0xC5, 0x03, 0x02, 0x00, 0x20, 0x28, 0x73
	.byte 0x10, 0xF7, 0xD8, 0xF8, 0x10, 0x21, 0x01, 0x40, 0x00, 0x29, 0x06, 0xD0, 0x28, 0x7B, 0x00, 0x28
	.byte 0x01, 0xD0, 0x01, 0x38, 0x00, 0xE0, 0x07, 0x20, 0x28, 0x73, 0x70, 0x68, 0x29, 0x1C, 0x18, 0x31
	.byte 0x75, 0xF7, 0x7C, 0xFC, 0x29, 0x1C, 0x2C, 0x31, 0x08, 0x70, 0x10, 0xF7, 0xC3, 0xF8, 0x04, 0x21
	.byte 0x01, 0x40, 0x00, 0x29, 0x13, 0xD0, 0x0E, 0x49, 0x08, 0x79, 0x01, 0x30, 0x08, 0x71, 0x00, 0x06
	.byte 0x00, 0x0E, 0x0C, 0x28, 0x01, 0xD9, 0x00, 0x20, 0x08, 0x71, 0x30, 0x1C, 0xFF, 0xF7, 0x62, 0xFF
	.byte 0x29, 0x1C, 0x2E, 0x31, 0x75, 0xF7, 0x62, 0xFC, 0x29, 0x1C, 0x42, 0x31, 0x08, 0x70, 0x10, 0xF7
	.byte 0xA9, 0xF8, 0xC0, 0x24, 0xA4, 0x00, 0x04, 0x40, 0x00, 0x2C, 0x05, 0xD0, 0x01, 0x48, 0x0C, 0xE0
	.byte 0x90, 0xC5, 0x03, 0x02, 0x75, 0x12, 0x0F, 0x08, 0x10, 0xF7, 0x9C, 0xF8, 0x0B, 0x21, 0x01, 0x40
	.byte 0x00, 0x29, 0x03, 0xD0, 0x68, 0x68, 0x04, 0x70, 0x02, 0x48, 0xA8, 0x60, 0x70, 0xBC, 0x01, 0xBC
	.byte 0x00, 0x47, 0x00, 0x00, 0x25, 0x11, 0x0F, 0x08, 0x70, 0xB5, 0x04, 0x1C, 0x09, 0x4D, 0xA8, 0x79
	.byte 0xED, 0xF7, 0xCC, 0xFD, 0x06, 0x1C, 0x10, 0xF7, 0x8B, 0xF8, 0x40, 0x21, 0x01, 0x40, 0x00, 0x29
	.byte 0x0C, 0xD0, 0x60, 0x7B, 0x00, 0x28, 0x09, 0xD1, 0x29, 0x1C, 0x08, 0x79, 0x0B, 0x28, 0x03, 0xD8
	.byte 0x01, 0x30, 0x02, 0xE0, 0x90, 0xC5, 0x03, 0x02, 0x00, 0x20, 0x08, 0x71, 0x10, 0xF7, 0x78, 0xF8
	.byte 0x80, 0x21, 0x01, 0x40, 0x00, 0x29, 0x0D, 0xD0, 0x60, 0x7B, 0x00, 0x28, 0x0A, 0xD1, 0x03, 0x49
	.byte 0x08, 0x79, 0x00, 0x28, 0x04, 0xD0, 0x01, 0x38, 0x03, 0xE0, 0x00, 0x00, 0x90, 0xC5, 0x03, 0x02
	.byte 0x0C, 0x20, 0x08, 0x71, 0x30, 0x1C, 0xFF, 0xF7, 0x0D, 0xFF, 0x21, 0x1C, 0x2E, 0x31, 0x75, 0xF7
	.byte 0x0D, 0xFC, 0x21, 0x1C, 0x42, 0x31, 0x08, 0x70, 0x10, 0xF7, 0x54, 0xF8, 0xC0, 0x21, 0x89, 0x00
	.byte 0x01, 0x40, 0x00, 0x29, 0x01, 0xD0, 0x08, 0x48, 0xA0, 0x60, 0x10, 0xF7, 0x4B, 0xF8, 0x0B, 0x21
	.byte 0x01, 0x40, 0x00, 0x29, 0x04, 0xD0, 0x60, 0x68, 0x00, 0x21, 0x01, 0x70, 0x03, 0x48, 0xA0, 0x60
	.byte 0x70, 0xBC, 0x01, 0xBC, 0x00, 0x47, 0x00, 0x00, 0x7D, 0x11, 0x0F, 0x08, 0x25, 0x11, 0x0F, 0x08
	.byte 0x30, 0xB5, 0x05, 0x1C, 0x00, 0x22, 0x2A, 0x70, 0x69, 0x60, 0x0A, 0x70, 0x15, 0x48, 0xA8, 0x60
	.byte 0x2A, 0x73, 0x6A, 0x73, 0x14, 0x48, 0x80, 0x79, 0xED, 0xF7, 0x70, 0xFD, 0x04, 0x1C, 0x75, 0xF7
	.byte 0xD9, 0xFA, 0x28, 0x61, 0x75, 0xF7, 0xE0, 0xFA, 0x68, 0x61, 0x60, 0x68, 0x29, 0x1C, 0x18, 0x31
	.byte 0x75, 0xF7, 0xD4, 0xFB, 0x29, 0x1C, 0x2C, 0x31, 0x08, 0x70, 0x20, 0x1C, 0xFF, 0xF7, 0xCA, 0xFE
	.byte 0x29, 0x1C, 0x2E, 0x31, 0x75, 0xF7, 0xCA, 0xFB, 0x29, 0x1C, 0x42, 0x31, 0x08, 0x70, 0x07, 0x48
	.byte 0x02, 0x31, 0x75, 0xF7, 0xDD, 0xFA, 0x29, 0x1C, 0x46, 0x31, 0x08, 0x70, 0x30, 0xBC, 0x01, 0xBC
	.byte 0x00, 0x47, 0x00, 0x00, 0x25, 0x11, 0x0F, 0x08, 0x90, 0xC5, 0x03, 0x02, 0x38, 0x6C, 0xEF, 0x09
	.byte 0x00, 0xB5, 0x81, 0x68, 0x2C, 0xF0, 0x10, 0xF9, 0x01, 0x20, 0x02, 0xBC, 0x08, 0x47, 0x00, 0x00
	.byte 0xF0, 0xB5, 0x83, 0xB0, 0x05, 0x1C, 0x28, 0x78, 0x00, 0x28, 0x4E, 0xD0, 0x2C, 0x1C, 0x2C, 0x34
	.byte 0x20, 0x78, 0xC0, 0x00, 0xF0, 0x26, 0x30, 0x1A, 0x2A, 0x1C, 0x18, 0x32, 0x2B, 0x69, 0x69, 0x69
	.byte 0x00, 0x91, 0x00, 0x27, 0x01, 0x97, 0x21, 0x78, 0x02, 0x91, 0x8E, 0x21, 0x75, 0xF7, 0xFA, 0xFC
	.byte 0x16, 0x34, 0x20, 0x78, 0xC0, 0x00, 0x30, 0x1A, 0x2A, 0x1C, 0x2E, 0x32, 0x2B, 0x69, 0x69, 0x69
	.byte 0x00, 0x91, 0x01, 0x97, 0x21, 0x78, 0x02, 0x91, 0x96, 0x21, 0x75, 0xF7, 0xEB, 0xFC, 0x68, 0x68
	.byte 0x00, 0x78, 0x00, 0x28, 0x29, 0xD0, 0xA9, 0x68, 0x0A, 0x48, 0x81, 0x42, 0x14, 0xD1, 0x28, 0x7B
	.byte 0x01, 0x30, 0xC0, 0x00, 0x30, 0x1A, 0x2A, 0x1C, 0x44, 0x32, 0x2B, 0x69, 0x69, 0x69, 0x00, 0x91
	.byte 0x01, 0x97, 0x29, 0x1C, 0x46, 0x31, 0x09, 0x78, 0x02, 0x91, 0x90, 0x21, 0x75, 0xF7, 0xD2, 0xFC
	.byte 0x13, 0xE0, 0x00, 0x00, 0x7D, 0x11, 0x0F, 0x08, 0x68, 0x7B, 0x01, 0x30, 0xC0, 0x00, 0x30, 0x1A
	.byte 0x2A, 0x1C, 0x44, 0x32, 0x2B, 0x69, 0x69, 0x69, 0x00, 0x91, 0x01, 0x97, 0x29, 0x1C, 0x46, 0x31
	.byte 0x09, 0x78, 0x02, 0x91, 0x98, 0x21, 0x75, 0xF7, 0xBD, 0xFC, 0x03, 0xB0, 0xF0, 0xBC, 0x01, 0xBC
	.byte 0x00, 0x47, 0x00, 0x00, 0x00, 0xB5, 0x02, 0x69, 0x41, 0x69, 0x10, 0x1C, 0x75, 0xF7, 0x5E, 0xFA
	.byte 0x01, 0xBC, 0x00, 0x47, 0x10, 0xB5, 0x04, 0x1C, 0x40, 0x30, 0x01, 0x21, 0x21, 0xF7, 0xFA, 0xF8
	.byte 0x00, 0x06, 0x00, 0x28, 0x20, 0xD0, 0x20, 0x1C, 0x6E, 0x30, 0x01, 0x88, 0x02, 0x20, 0x08, 0x40
	.byte 0x00, 0x28, 0x19, 0xD0, 0x0A, 0x48, 0x01, 0x68, 0x20, 0x1C, 0xC4, 0x30, 0x00, 0x68, 0xC8, 0x61
	.byte 0x20, 0x7D, 0x08, 0x76, 0x21, 0x1C, 0xC8, 0x31, 0x06, 0x48, 0x08, 0x60, 0x08, 0x39, 0x01, 0x20
	.byte 0x08, 0x70, 0x20, 0x1C, 0x9C, 0x30, 0x01, 0x21, 0x01, 0x22, 0x14, 0xF7, 0x7D, 0xFA, 0x07, 0xE0
	.byte 0xAC, 0xC7, 0x03, 0x02, 0xC5, 0x14, 0x0F, 0x08, 0x20, 0x1C, 0x9C, 0x30, 0x14, 0xF7, 0xD4, 0xFA
	.byte 0x10, 0xBC, 0x01, 0xBC, 0x00, 0x47, 0x00, 0x00, 0x10, 0xB5, 0x04, 0x1C, 0x40, 0x30, 0x01, 0x21
	.byte 0x21, 0xF7, 0xC8, 0xF8, 0x00, 0x06, 0x02, 0x0E, 0x00, 0x2A, 0x0B, 0xD0, 0x04, 0x48, 0x01, 0x68
	.byte 0x20, 0x1C, 0xC4, 0x30, 0x00, 0x68, 0xC8, 0x61, 0x20, 0x7D, 0x08, 0x76, 0x26, 0xE0, 0x00, 0x00
	.byte 0xAC, 0xC7, 0x03, 0x02, 0x09, 0x48, 0x00, 0x68, 0x01, 0x6A, 0x40, 0x6A, 0x81, 0x42, 0x11, 0xD0
	.byte 0x21, 0x1C, 0xC8, 0x31, 0x06, 0x48, 0x08, 0x60, 0x08, 0x39, 0x02, 0x20, 0x08, 0x70, 0x20, 0x1C
	.byte 0x9C, 0x30, 0x02, 0x21, 0x01, 0x22, 0x14, 0xF7, 0x47, 0xFA, 0x0F, 0xE0, 0xA0, 0x9B, 0x03, 0x02
	.byte 0x45, 0x15, 0x0F, 0x08, 0x21, 0x1C, 0xC8, 0x31, 0x06, 0x48, 0x08, 0x60, 0x20, 0x1C, 0xC0, 0x30
	.byte 0x02, 0x70, 0x24, 0x38, 0x00, 0x21, 0x01, 0x22, 0x14, 0xF7, 0x36, 0xFA, 0x10, 0xBC, 0x01, 0xBC
	.byte 0x00, 0x47, 0x00, 0x00, 0x61, 0x14, 0x0F, 0x08, 0x30, 0xB5, 0x04, 0x1C, 0x25, 0x1C, 0x9C, 0x35
	.byte 0x28, 0x1C, 0x14, 0xF7, 0xE5, 0xFA, 0x00, 0x06, 0x00, 0x28, 0x0F, 0xD0, 0x21, 0x1C, 0xC8, 0x31
	.byte 0x05, 0x48, 0x08, 0x60, 0x08, 0x39, 0x00, 0x20, 0x08, 0x70, 0x28, 0x1C, 0x00, 0x21, 0x01, 0x22
	.byte 0x14, 0xF7, 0x1A, 0xFA, 0x05, 0xE0, 0x00, 0x00, 0x61, 0x14, 0x0F, 0x08, 0x28, 0x1C, 0x14, 0xF7
	.byte 0x73, 0xFA, 0x30, 0xBC, 0x01, 0xBC, 0x00, 0x47, 0x70, 0xB5, 0x06, 0x1C, 0x0C, 0x1C, 0x35, 0x1C
	.byte 0x60, 0x89, 0x40, 0x03, 0x28, 0x60, 0xA0, 0x89, 0x00, 0x03, 0x68, 0x60, 0x00, 0x20, 0xA8, 0x60
	.byte 0x28, 0x1C, 0xEE, 0xF7, 0xC7, 0xFC, 0xE8, 0x60, 0xA8, 0x60, 0x69, 0x68, 0x09, 0x1A, 0x69, 0x60
	.byte 0xA0, 0x7B, 0x03, 0x28, 0x04, 0xD0, 0x03, 0x28, 0x06, 0xDD, 0x05, 0x28, 0x02, 0xD0, 0x03, 0xE0
	.byte 0xD3, 0x20, 0x02, 0xE0, 0x2D, 0x20, 0x00, 0xE0, 0x00, 0x20, 0x28, 0x75, 0x32, 0x1C, 0xC4, 0x32
	.byte 0x60, 0x69, 0x21, 0x69, 0x40, 0x1A, 0x10, 0x60, 0x19, 0x48, 0x20, 0x21, 0x11, 0xF7, 0x1C, 0xFA
	.byte 0x31, 0x1C, 0xB8, 0x31, 0x08, 0x60, 0x17, 0x48, 0x98, 0x21, 0x09, 0x01, 0x11, 0xF7, 0x5C, 0xF8
	.byte 0x31, 0x1C, 0xB4, 0x31, 0x08, 0x60, 0x34, 0x1C, 0x9C, 0x34, 0x13, 0x49, 0x13, 0x4A, 0x20, 0x1C
	.byte 0x14, 0xF7, 0xB4, 0xF9, 0x31, 0x1C, 0xC0, 0x31, 0x00, 0x20, 0x08, 0x70, 0x20, 0x1C, 0x00, 0x21
	.byte 0x01, 0x22, 0x14, 0xF7, 0xC9, 0xF9, 0x31, 0x1C, 0xC8, 0x31, 0x0D, 0x48, 0x08, 0x60, 0x5C, 0x3C
	.byte 0x20, 0x1C, 0x06, 0x21, 0x10, 0x22, 0x00, 0x23, 0x20, 0xF7, 0x42, 0xFE, 0x29, 0x68, 0x6A, 0x68
	.byte 0xAB, 0x68, 0x20, 0x1C, 0x20, 0xF7, 0x78, 0xFE, 0x70, 0xBC, 0x01, 0xBC, 0x00, 0x47, 0x00, 0x00
	.byte 0x04, 0x13, 0x99, 0x09, 0xEA, 0xA3, 0x85, 0x09, 0x88, 0x84, 0xEF, 0x09, 0x68, 0x84, 0xEF, 0x09
	.byte 0x61, 0x14, 0x0F, 0x08, 0x10, 0xB5, 0x04, 0x1C, 0xEE, 0xF7, 0x9C, 0xFE, 0x00, 0x06, 0x00, 0x28
	.byte 0x01, 0xD0, 0x00, 0x20, 0x19, 0xE0, 0x20, 0x1C, 0xF6, 0xF7, 0x86, 0xFE, 0x00, 0x06, 0x00, 0x28
	.byte 0x05, 0xD0, 0x20, 0x1C, 0x40, 0x30, 0x01, 0x21, 0x20, 0xF7, 0xCE, 0xFF, 0x04, 0xE0, 0x20, 0x1C
	.byte 0x40, 0x30, 0x00, 0x21, 0x20, 0xF7, 0xC8, 0xFF, 0x20, 0x1C, 0xC8, 0x30, 0x01, 0x68, 0x00, 0x29
	.byte 0x02, 0xD0, 0x20, 0x1C, 0x2B, 0xF0, 0x90, 0xFF, 0x01, 0x20, 0x10, 0xBC, 0x02, 0xBC, 0x08, 0x47
	.byte 0xF0, 0xB5, 0x84, 0xB0, 0x07, 0x1C, 0x3E, 0x68, 0x36, 0x12, 0x1A, 0x48, 0x02, 0x68, 0x10, 0x68
	.byte 0x00, 0x12, 0x36, 0x1A, 0x36, 0x04, 0x36, 0x0C, 0x79, 0x68, 0x09, 0x12, 0xBC, 0x68, 0x24, 0x12
	.byte 0x0C, 0x19, 0x50, 0x68, 0x00, 0x12, 0x24, 0x1A, 0x24, 0x04, 0x24, 0x0C, 0x89, 0x00, 0x12, 0x48
	.byte 0x05, 0x1C, 0x6D, 0x1A, 0x2D, 0x04, 0x2D, 0x0C, 0x38, 0x1C, 0x9C, 0x30, 0x14, 0xF7, 0x10, 0xFA
	.byte 0x02, 0x1C, 0x36, 0x04, 0x36, 0x14, 0x24, 0x04, 0x24, 0x14, 0x38, 0x1C, 0xB4, 0x30, 0x03, 0x68
	.byte 0x04, 0x30, 0x00, 0x68, 0x00, 0x90, 0x00, 0x20, 0x01, 0x90, 0x80, 0x20, 0x00, 0x01, 0x02, 0x90
	.byte 0x03, 0x95, 0x30, 0x1C, 0x21, 0x1C, 0x10, 0xF7, 0x6D, 0xFE, 0x04, 0xB0, 0xF0, 0xBC, 0x01, 0xBC
	.byte 0x00, 0x47, 0x00, 0x00, 0xA0, 0x9B, 0x03, 0x02, 0xFC, 0xEF, 0xFF, 0xFF, 0x10, 0xB5, 0x04, 0x1C
	.byte 0xB4, 0x30, 0x00, 0x68, 0x11, 0xF7, 0xCE, 0xF8, 0x20, 0x1C, 0xB8, 0x30, 0x00, 0x68, 0x11, 0xF7
	.byte 0x71, 0xFA, 0x20, 0x1C, 0x40, 0x30, 0x20, 0xF7, 0xE7, 0xFD, 0x10, 0xBC, 0x01, 0xBC, 0x00, 0x47
	.byte 0x70, 0xB5, 0x05, 0x1C, 0x2C, 0x1C, 0x70, 0x34, 0x26, 0x88, 0x00, 0x2E, 0x0D, 0xD0, 0x40, 0x30
	.byte 0x14, 0xF7, 0x8A, 0xF9, 0x28, 0x66, 0x28, 0x1C, 0x08, 0x30, 0xE9, 0x6E, 0x22, 0x88, 0x14, 0xF7
	.byte 0xCF, 0xF8, 0x20, 0x88, 0x01, 0x38, 0x20, 0x80, 0x10, 0xE0, 0x0A, 0x4C, 0x22, 0x68, 0x10, 0x68
	.byte 0x02, 0x21, 0x08, 0x43, 0x10, 0x60, 0x08, 0x48, 0x02, 0x68, 0x10, 0x6F, 0x80, 0x21, 0x08, 0x43
	.byte 0x10, 0x67, 0xF4, 0xF7, 0x61, 0xFB, 0x21, 0x68, 0x88, 0x73, 0x6E, 0x66, 0x01, 0x20, 0x70, 0xBC
	.byte 0x02, 0xBC, 0x08, 0x47, 0xAC, 0xC7, 0x03, 0x02, 0xA0, 0x9B, 0x03, 0x02, 0x70, 0xB5, 0x05, 0x1C
	.byte 0x2E, 0x1C, 0x1C, 0xC9, 0x1C, 0xC0, 0x09, 0x68, 0x01, 0x60, 0x68, 0x68, 0x80, 0x21, 0x09, 0x01
	.byte 0x40, 0x18, 0x68, 0x60, 0xA8, 0x68, 0x0C, 0x4A, 0x80, 0x18, 0xA8, 0x60, 0x10, 0x20, 0x68, 0x83
	.byte 0x0A, 0x48, 0x00, 0x79, 0x02, 0x28, 0x1B, 0xD0, 0x88, 0x20, 0x80, 0x00, 0x08, 0x49, 0x11, 0xF7
	.byte 0x95, 0xF8, 0xA8, 0x65, 0x07, 0x48, 0x20, 0x21, 0x11, 0xF7, 0x1E, 0xF9, 0xE8, 0x65, 0x2C, 0x1C
	.byte 0x40, 0x34, 0x05, 0x49, 0x05, 0x4A, 0x1A, 0xE0, 0x00, 0xF0, 0xFF, 0xFF, 0x90, 0xC5, 0x03, 0x02
	.byte 0x80, 0x89, 0x98, 0x08, 0x04, 0x98, 0xF6, 0x08, 0x3C, 0xFC, 0xED, 0x09, 0x5C, 0xFB, 0xED, 0x09
	.byte 0x88, 0x20, 0xC0, 0x00, 0x18, 0x49, 0x11, 0xF7, 0x79, 0xF8, 0xA8, 0x65, 0x17, 0x48, 0x20, 0x21
	.byte 0x11, 0xF7, 0x02, 0xF9, 0xE8, 0x65, 0x2C, 0x1C, 0x40, 0x34, 0x15, 0x49, 0x15, 0x4A, 0x20, 0x1C
	.byte 0x14, 0xF7, 0xA4, 0xF8, 0x20, 0x1C, 0x00, 0x21, 0x01, 0x22, 0x14, 0xF7, 0xBD, 0xF8, 0x20, 0x1C
	.byte 0x14, 0xF7, 0x66, 0xF9, 0x28, 0x66, 0x10, 0x48, 0x68, 0x66, 0x00, 0x22, 0x0F, 0x48, 0x00, 0x68
	.byte 0x81, 0x69, 0x30, 0x68, 0x81, 0x42, 0x00, 0xDB, 0x01, 0x22, 0x28, 0x1C, 0x68, 0x30, 0x02, 0x70
	.byte 0x29, 0x1C, 0x70, 0x31, 0x08, 0x20, 0x08, 0x80, 0xB0, 0x68, 0x09, 0x4B, 0xC0, 0x18, 0xE8, 0x66
	.byte 0x70, 0xBC, 0x01, 0xBC, 0x00, 0x47, 0x00, 0x00, 0x48, 0x81, 0x9D, 0x08, 0x24, 0x99, 0xF6, 0x08
	.byte 0xF0, 0x00, 0xEE, 0x09, 0xD0, 0x00, 0xEE, 0x09, 0x3D, 0x17, 0x0F, 0x08, 0xA0, 0x9B, 0x03, 0x02
	.byte 0x00, 0xF0, 0xFF, 0xFF, 0x10, 0xB5, 0x04, 0x1C, 0xEE, 0xF7, 0x84, 0xFD, 0x00, 0x06, 0x00, 0x28
	.byte 0x01, 0xD0, 0x00, 0x20, 0x09, 0xE0, 0x61, 0x6E, 0x00, 0x29, 0x01, 0xD1, 0x01, 0x20, 0x04, 0xE0
	.byte 0x20, 0x1C, 0x2B, 0xF0, 0x89, 0xFE, 0x00, 0x06, 0x00, 0x0E, 0x10, 0xBC, 0x02, 0xBC, 0x08, 0x47
	.byte 0x70, 0xB5, 0x84, 0xB0, 0x04, 0x1C, 0x68, 0x30, 0x00, 0x78, 0x80, 0x26, 0x36, 0x01, 0x00, 0x28
	.byte 0x00, 0xD0, 0x01, 0x36, 0x20, 0x68, 0x00, 0x12, 0x12, 0x49, 0x0A, 0x68, 0x11, 0x68, 0x09, 0x12
	.byte 0x40, 0x1A, 0x65, 0x68, 0x2D, 0x12, 0xA1, 0x68, 0x09, 0x12, 0x69, 0x18, 0x52, 0x68, 0x12, 0x12
	.byte 0x89, 0x1A, 0x00, 0x04, 0x00, 0x14, 0x09, 0x04, 0x09, 0x14, 0x22, 0x6E, 0xA3, 0x6D, 0xE4, 0x6D
	.byte 0x00, 0x94, 0x00, 0x24, 0x01, 0x94, 0x02, 0x96, 0xAD, 0x00, 0x07, 0x4E, 0x34, 0x1C, 0x64, 0x1B
	.byte 0x24, 0x04, 0x24, 0x0C, 0x03, 0x94, 0x10, 0xF7, 0x6D, 0xFD, 0x04, 0xB0, 0x70, 0xBC, 0x01, 0xBC
	.byte 0x00, 0x47, 0x00, 0x00, 0xA0, 0x9B, 0x03, 0x02, 0xFC, 0xEF, 0xFF, 0xFF, 0x10, 0xB5, 0x04, 0x1C
	.byte 0xA0, 0x6D, 0x10, 0xF7, 0xCF, 0xFF, 0xE0, 0x6D, 0x11, 0xF7, 0x74, 0xF9, 0x10, 0xBC, 0x01, 0xBC
	.byte 0x00, 0x47, 0x00, 0x00, 0x10, 0xB5, 0x04, 0x1C, 0xF6, 0xF7, 0x46, 0xFD, 0x40, 0x05, 0x00, 0x0C
	.byte 0x00, 0x21, 0x10, 0xF7, 0xDB, 0xFF, 0x20, 0x60, 0x10, 0xBC, 0x01, 0xBC, 0x00, 0x47, 0x00, 0x00
	.byte 0x00, 0xB5, 0xEE, 0xF7, 0x1F, 0xFD, 0x00, 0x06, 0x00, 0x28, 0x01, 0xD1, 0x01, 0x20, 0x00, 0xE0
	.byte 0x00, 0x20, 0x02, 0xBC, 0x08, 0x47, 0x00, 0x00, 0x70, 0x47, 0x00, 0x00, 0x00, 0xB5, 0x00, 0x68
	.byte 0x00, 0x28, 0x01, 0xD0, 0x10, 0xF7, 0xA6, 0xFF, 0x01, 0xBC, 0x00, 0x47, 0xF0, 0xB5, 0x05, 0x1C
	.byte 0x00, 0x21, 0x08, 0x22, 0xEE, 0xF7, 0xAE, 0xFC, 0x00, 0x06, 0x00, 0x28, 0x34, 0xD0, 0x1C, 0x4F
	.byte 0x3A, 0x68, 0x16, 0x6F, 0x80, 0x20, 0x00, 0x04, 0x06, 0x40, 0x00, 0x2E, 0x2C, 0xD1, 0x11, 0x6A
	.byte 0x50, 0x6A, 0x81, 0x42, 0x28, 0xD1, 0x2C, 0x1C, 0xB0, 0x34, 0x16, 0x49, 0x20, 0x1C, 0x2A, 0x1C
	.byte 0x0F, 0xF7, 0x32, 0xFA, 0xDC, 0x20, 0x2E, 0xF0, 0x5D, 0xFA, 0x13, 0x4B, 0x1A, 0x68, 0x10, 0x68
	.byte 0x80, 0x21, 0x08, 0x43, 0x10, 0x60, 0x38, 0x68, 0x85, 0x66, 0x55, 0x61, 0x29, 0x1C, 0xAC, 0x31
	.byte 0x0E, 0x48, 0x08, 0x60, 0xD6, 0x73, 0x18, 0x68, 0x06, 0x74, 0x28, 0x1C, 0xA0, 0x30, 0x00, 0x68
	.byte 0xC0, 0x88, 0x10, 0x30, 0x00, 0x04, 0x00, 0x0C, 0x01, 0x21, 0x14, 0xF7, 0x85, 0xFC, 0x08, 0x49
	.byte 0x20, 0x1C, 0x00, 0x22, 0x0F, 0xF7, 0x10, 0xFA, 0x01, 0x20, 0xF0, 0xBC, 0x02, 0xBC, 0x08, 0x47
	.byte 0xA0, 0x9B, 0x03, 0x02, 0xC4, 0x6E, 0xEF, 0x09, 0xAC, 0xC7, 0x03, 0x02, 0x11, 0x1A, 0x0F, 0x08
	.byte 0x68, 0xB3, 0xED, 0x09, 0x10, 0xB5, 0x04, 0x1C, 0xA2, 0xF7, 0xF0, 0xF8, 0x01, 0x1C, 0x00, 0x29
	.byte 0x07, 0xD0, 0x14, 0x48, 0x00, 0x78, 0xED, 0xF7, 0x0D, 0xFE, 0x21, 0x1C, 0xAC, 0x31, 0x12, 0x48
	.byte 0x08, 0x60, 0x12, 0x48, 0x00, 0x68, 0x00, 0x6F, 0x80, 0x21, 0xC9, 0x02, 0x08, 0x40, 0x00, 0x28
	.byte 0x14, 0xD1, 0x0F, 0x48, 0x02, 0x68, 0x10, 0x68, 0x81, 0x21, 0x49, 0x42, 0x08, 0x40, 0x10, 0x60
	.byte 0x20, 0x1C, 0xA0, 0x30, 0x00, 0x68, 0xC0, 0x88, 0x10, 0x30, 0x00, 0x04, 0x00, 0x0C, 0x00, 0x21
	.byte 0x14, 0xF7, 0x4A, 0xFC, 0x21, 0x1C, 0xAC, 0x31, 0x06, 0x48, 0x08, 0x60, 0x01, 0x20, 0x10, 0xBC
	.byte 0x02, 0xBC, 0x08, 0x47, 0x68, 0xC8, 0x84, 0x09, 0x85, 0x1A, 0x0F, 0x08, 0xA0, 0x9B, 0x03, 0x02
	.byte 0xAC, 0xC7, 0x03, 0x02, 0x79, 0x19, 0x0F, 0x08, 0x10, 0xB5, 0x04, 0x1C, 0x0C, 0x48, 0x00, 0x68
	.byte 0x00, 0x6F, 0x80, 0x21, 0x89, 0x03, 0x08, 0x40, 0x00, 0x28, 0x0D, 0xD0, 0x20, 0x1C, 0x9C, 0x30
	.byte 0x00, 0x68, 0x08, 0x49, 0x08, 0x4A, 0x11, 0xF7, 0x1F, 0xFF, 0x21, 0x1C, 0xA8, 0x31, 0x01, 0x20
	.byte 0x08, 0x70, 0x04, 0x31, 0x05, 0x48, 0x08, 0x60, 0x01, 0x20, 0x10, 0xBC, 0x02, 0xBC, 0x08, 0x47
	.byte 0xA0, 0x9B, 0x03, 0x02, 0xA0, 0x94, 0x8A, 0x09, 0x64, 0xC3, 0x94, 0x09, 0xCD, 0x1A, 0x0F, 0x08
	.byte 0x01, 0x20, 0x70, 0x47, 0x70, 0xB5, 0x06, 0x1C, 0xC8, 0x20, 0x40, 0x02, 0x30, 0x60, 0xAA, 0x20
	.byte 0x00, 0x02, 0x70, 0x60, 0x00, 0x20, 0xB0, 0x60, 0x30, 0x1C, 0xEE, 0xF7, 0x23, 0xFA, 0xF0, 0x60
	.byte 0xB0, 0x60, 0x71, 0x68, 0x09, 0x1A, 0x71, 0x60, 0xAD, 0x20, 0x30, 0x75, 0x00, 0x25, 0x20, 0x20
	.byte 0x70, 0x83, 0x17, 0x48, 0x20, 0x21, 0x10, 0xF7, 0x87, 0xFF, 0x31, 0x1C, 0xA0, 0x31, 0x08, 0x60
	.byte 0x80, 0x20, 0xC0, 0x00, 0x11, 0xF7, 0xDA, 0xFE, 0x31, 0x1C, 0x9C, 0x31, 0x08, 0x60, 0x11, 0x49
	.byte 0x11, 0x4A, 0x11, 0xF7, 0xE1, 0xFE, 0x34, 0x1C, 0x40, 0x34, 0x20, 0x1C, 0x06, 0x21, 0x10, 0x22
	.byte 0x00, 0x23, 0x20, 0xF7, 0xBD, 0xFB, 0x31, 0x68, 0x72, 0x68, 0xB3, 0x68, 0x20, 0x1C, 0x20, 0xF7
	.byte 0xF3, 0xFB, 0x30, 0x1C, 0xA8, 0x30, 0x05, 0x70, 0x31, 0x1C, 0xAC, 0x31, 0x07, 0x48, 0x08, 0x60
	.byte 0x30, 0x1C, 0xB0, 0x30, 0x02, 0x21, 0x0F, 0xF7, 0x87, 0xF9, 0x70, 0xBC, 0x01, 0xBC, 0x00, 0x47
	.byte 0x04, 0x12, 0x99, 0x09, 0xA0, 0x94, 0x8A, 0x09, 0x64, 0xBF, 0x94, 0x09, 0x79, 0x19, 0x0F, 0x08
	.byte 0x10, 0xB5, 0x04, 0x1C, 0xA8, 0x30, 0x00, 0x78, 0x00, 0x28, 0x10, 0xD0, 0x20, 0x1C, 0x6E, 0x30
	.byte 0x01, 0x88, 0x02, 0x20, 0x08, 0x40, 0x00, 0x28, 0x09, 0xD0, 0x60, 0x6F, 0x01, 0x28, 0x06, 0xD1
	.byte 0x09, 0x48, 0x02, 0x68, 0x10, 0x68, 0x80, 0x21, 0x89, 0x00, 0x08, 0x43, 0x10, 0x60, 0x20, 0x1C
	.byte 0xAC, 0x30, 0x01, 0x68, 0x00, 0x29, 0x09, 0xD0, 0x20, 0x1C, 0x2B, 0xF0, 0x05, 0xFD, 0x00, 0x06
	.byte 0x00, 0x28, 0x03, 0xD1, 0x00, 0x20, 0x06, 0xE0, 0xAC, 0xC7, 0x03, 0x02, 0x20, 0x1C, 0xB0, 0x30
	.byte 0x0F, 0xF7, 0x72, 0xF9, 0x01, 0x20, 0x10, 0xBC, 0x02, 0xBC, 0x08, 0x47, 0x30, 0xB5, 0x84, 0xB0
	.byte 0x05, 0x1C, 0x28, 0x68, 0x00, 0x12, 0x17, 0x49, 0x0A, 0x68, 0x11, 0x68, 0x09, 0x12, 0x40, 0x1A
	.byte 0x6B, 0x68, 0x1B, 0x12, 0xA9, 0x68, 0x09, 0x12, 0x59, 0x18, 0x52, 0x68, 0x12, 0x12, 0x89, 0x1A
	.byte 0x9B, 0x00, 0x11, 0x4A, 0x14, 0x1C, 0xE4, 0x1A, 0x24, 0x04, 0x24, 0x0C, 0x00, 0x04, 0x00, 0x14
	.byte 0x09, 0x04, 0x09, 0x14, 0x2A, 0x1C, 0x9C, 0x32, 0x13, 0x68, 0x04, 0x32, 0x12, 0x68, 0x00, 0x92
	.byte 0x00, 0x22, 0x01, 0x92, 0x80, 0x22, 0x12, 0x01, 0x02, 0x92, 0x03, 0x94, 0x00, 0x22, 0x10, 0xF7
	.byte 0xE1, 0xFB, 0x28, 0x1C, 0xB0, 0x30, 0x0F, 0xF7, 0x5D, 0xF9, 0x04, 0xB0, 0x30, 0xBC, 0x01, 0xBC
	.byte 0x00, 0x47, 0x00, 0x00, 0xA0, 0x9B, 0x03, 0x02, 0x1C, 0xF0, 0xFF, 0xFF, 0x10, 0xB5, 0x04, 0x1C
	.byte 0x9C, 0x30, 0x00, 0x68, 0x10, 0xF7, 0x3E, 0xFE, 0x20, 0x1C, 0xA0, 0x30, 0x00, 0x68, 0x10, 0xF7
	.byte 0xE1, 0xFF, 0x20, 0x1C, 0x40, 0x30, 0x20, 0xF7, 0x57, 0xFB, 0x20, 0x1C, 0xB0, 0x30, 0x0F, 0xF7
	.byte 0x57, 0xF9, 0x10, 0xBC, 0x01, 0xBC, 0x00, 0x47, 0x30, 0xB5, 0x05, 0x1C, 0x2C, 0x1C, 0x9C, 0x34
	.byte 0x20, 0x1C, 0x13, 0xF7, 0x55, 0xFF, 0x00, 0x06, 0x00, 0x28, 0x1F, 0xD0, 0x0D, 0x4C, 0x22, 0x68
	.byte 0x10, 0x68, 0x02, 0x21, 0x08, 0x43, 0x10, 0x60, 0x0B, 0x48, 0x02, 0x68, 0x10, 0x6F, 0x80, 0x21
	.byte 0x08, 0x43, 0x10, 0x67, 0x14, 0xF7, 0x88, 0xFC, 0x24, 0x68, 0x00, 0x04, 0x00, 0x0C, 0x03, 0x21
	.byte 0x2B, 0xF0, 0x96, 0xFD, 0x7D, 0x30, 0x00, 0x21, 0xA0, 0x73, 0x28, 0x1C, 0xC0, 0x30, 0x01, 0x60
	.byte 0x0A, 0xE0, 0x00, 0x00, 0xAC, 0xC7, 0x03, 0x02, 0xA0, 0x9B, 0x03, 0x02, 0x20, 0x1C, 0x13, 0xF7
	.byte 0xD3, 0xFE, 0x29, 0x1C, 0xBC, 0x31, 0x08, 0x60, 0x01, 0x20, 0x30, 0xBC, 0x02, 0xBC, 0x08, 0x47
	.byte 0xF0, 0xB5, 0x07, 0x1C, 0x04, 0x31, 0x1C, 0xC9, 0x1C, 0xC0, 0x09, 0x68, 0x01, 0x60, 0x18, 0x20
	.byte 0x78, 0x83, 0xE4, 0x20, 0xC0, 0x00, 0x1B, 0x4E, 0x31, 0x1C, 0x10, 0xF7, 0x07, 0xFE, 0x3D, 0x1C
	.byte 0xB4, 0x35, 0x28, 0x60, 0x18, 0x48, 0x20, 0x21, 0x10, 0xF7, 0x8E, 0xFE, 0x39, 0x1C, 0xB8, 0x31
	.byte 0x08, 0x60, 0x3C, 0x1C, 0x9C, 0x34, 0x15, 0x49, 0x15, 0x4A, 0x20, 0x1C, 0x13, 0xF7, 0x2E, 0xFE
	.byte 0x20, 0x1C, 0x00, 0x21, 0x01, 0x22, 0x13, 0xF7, 0x47, 0xFE, 0x20, 0x1C, 0x13, 0xF7, 0xF0, 0xFE
	.byte 0x39, 0x1C, 0xBC, 0x31, 0x08, 0x60, 0x28, 0x68, 0x31, 0x1C, 0x10, 0xF7, 0x73, 0xFE, 0x39, 0x1C
	.byte 0xC0, 0x31, 0x0C, 0x48, 0x08, 0x60, 0x00, 0x22, 0x0B, 0x48, 0x00, 0x68, 0x81, 0x69, 0x38, 0x68
	.byte 0x81, 0x42, 0x00, 0xDB, 0x01, 0x22, 0x38, 0x1C, 0xC4, 0x30, 0x02, 0x70, 0xF0, 0xBC, 0x01, 0xBC
	.byte 0x00, 0x47, 0x00, 0x00, 0xBE, 0xA8, 0x99, 0x08, 0x84, 0x98, 0xF6, 0x08, 0xF4, 0xFC, 0xED, 0x09
	.byte 0xBC, 0xFC, 0xED, 0x09, 0x65, 0x1C, 0x0F, 0x08, 0xA0, 0x9B, 0x03, 0x02, 0x10, 0xB5, 0x04, 0x1C
	.byte 0xEE, 0xF7, 0x10, 0xFB, 0x00, 0x06, 0x00, 0x28, 0x01, 0xD0, 0x00, 0x20, 0x0B, 0xE0, 0x20, 0x1C
	.byte 0xC0, 0x30, 0x01, 0x68, 0x00, 0x29, 0x01, 0xD1, 0x01, 0x20, 0x04, 0xE0, 0x20, 0x1C, 0x2B, 0xF0
	.byte 0x13, 0xFC, 0x00, 0x06, 0x00, 0x0E, 0x10, 0xBC, 0x02, 0xBC, 0x08, 0x47, 0x70, 0xB5, 0x84, 0xB0
	.byte 0x04, 0x1C, 0xC4, 0x30, 0x00, 0x78, 0x80, 0x26, 0x36, 0x01, 0x00, 0x28, 0x00, 0xD0, 0x01, 0x36
	.byte 0x20, 0x68, 0x00, 0x12, 0x14, 0x49, 0x0A, 0x68, 0x11, 0x68, 0x09, 0x12, 0x40, 0x1A, 0x63, 0x68
	.byte 0x1B, 0x12, 0xA1, 0x68, 0x09, 0x12, 0x59, 0x18, 0x52, 0x68, 0x12, 0x12, 0x89, 0x1A, 0x9B, 0x00
	.byte 0x0E, 0x4A, 0x15, 0x1C, 0xED, 0x1A, 0x2D, 0x04, 0x2D, 0x0C, 0x00, 0x04, 0x00, 0x14, 0x09, 0x04
	.byte 0x09, 0x14, 0x22, 0x1C, 0xBC, 0x32, 0x12, 0x68, 0x23, 0x1C, 0xB4, 0x33, 0x1B, 0x68, 0xB8, 0x34
	.byte 0x24, 0x68, 0x00, 0x94, 0x00, 0x24, 0x01, 0x94, 0x02, 0x96, 0x03, 0x95, 0x10, 0xF7, 0xF2, 0xFA
	.byte 0x04, 0xB0, 0x70, 0xBC, 0x01, 0xBC, 0x00, 0x47, 0xA0, 0x9B, 0x03, 0x02, 0xFC, 0xEF, 0xFF, 0xFF
	.byte 0x10, 0xB5, 0x04, 0x1C, 0xB4, 0x30, 0x00, 0x68, 0x10, 0xF7, 0x54, 0xFD, 0xB8, 0x34, 0x20, 0x68
	.byte 0x10, 0xF7, 0xF8, 0xFE, 0x10, 0xBC, 0x01, 0xBC, 0x00, 0x47, 0x00, 0x00, 0x30, 0xB5, 0x04, 0x1C
	.byte 0x25, 0x1D, 0x28, 0x1C, 0x08, 0x21, 0x08, 0x22, 0xEE, 0xF7, 0x54, 0xFA, 0x00, 0x06, 0x00, 0x28
	.byte 0x24, 0xD0, 0x20, 0x1C, 0xC4, 0x30, 0x00, 0x88, 0x2E, 0xF0, 0x14, 0xF8, 0x11, 0x48, 0x00, 0x68
	.byte 0x78, 0x30, 0x11, 0x49, 0x2A, 0x1C, 0x0E, 0xF7, 0xDF, 0xFF, 0x22, 0x68, 0x11, 0x88, 0x02, 0x20
	.byte 0x08, 0x40, 0x00, 0x28, 0x05, 0xD1, 0x02, 0x20, 0x08, 0x43, 0x10, 0x80, 0x28, 0x1C, 0xF6, 0xF7
	.byte 0x37, 0xFB, 0x0A, 0x48, 0x02, 0x68, 0x10, 0x68, 0x80, 0x21, 0x08, 0x43, 0x10, 0x60, 0x21, 0x1C
	.byte 0xC6, 0x31, 0x14, 0x20, 0x08, 0x80, 0x02, 0x31, 0x05, 0x48, 0x08, 0x60, 0x01, 0x20, 0x30, 0xBC
	.byte 0x02, 0xBC, 0x08, 0x47, 0xA0, 0x9B, 0x03, 0x02, 0xC4, 0x6E, 0xEF, 0x09, 0xAC, 0xC7, 0x03, 0x02
	.byte 0xA1, 0x1E, 0x0F, 0x08, 0x03, 0x1C, 0x19, 0x1C, 0xC6, 0x31, 0x08, 0x88, 0x00, 0x28, 0x02, 0xD0
	.byte 0x01, 0x38, 0x08, 0x80, 0x0A, 0xE0, 0x06, 0x48, 0x02, 0x68, 0x10, 0x68, 0x81, 0x21, 0x49, 0x42
	.byte 0x08, 0x40, 0x10, 0x60, 0x19, 0x1C, 0xC8, 0x31, 0x02, 0x48, 0x08, 0x60, 0x01, 0x20, 0x70, 0x47
	.byte 0xAC, 0xC7, 0x03, 0x02, 0x29, 0x1E, 0x0F, 0x08, 0xF0, 0xB5, 0x47, 0x46, 0x80, 0xB4, 0x07, 0x1C
	.byte 0x3E, 0x1D, 0x4D, 0x69, 0x39, 0x60, 0x30, 0x1C, 0x04, 0x31, 0x1C, 0xC9, 0x1C, 0xC0, 0x09, 0x68
	.byte 0x01, 0x60, 0x16, 0x20, 0x29, 0x5E, 0x09, 0x02, 0x78, 0x68, 0x40, 0x18, 0x78, 0x60, 0x18, 0x22
	.byte 0xA9, 0x5E, 0x09, 0x02, 0x70, 0x68, 0x40, 0x18, 0x70, 0x60, 0x1A, 0x23, 0xE9, 0x5E, 0x09, 0x02
	.byte 0xB0, 0x68, 0x40, 0x18, 0xB0, 0x60, 0xE8, 0x8B, 0x00, 0x24, 0xA0, 0x46, 0x70, 0x83, 0x68, 0x68
	.byte 0x29, 0x89, 0x10, 0xF7, 0xC1, 0xFB, 0x39, 0x1C, 0xB8, 0x31, 0x08, 0x60, 0x28, 0x68, 0x20, 0x21
	.byte 0x10, 0xF7, 0x72, 0xFD, 0x39, 0x1C, 0xBC, 0x31, 0x08, 0x60, 0x3C, 0x1C, 0xA0, 0x34, 0x29, 0x69
	.byte 0xEA, 0x68, 0x20, 0x1C, 0x13, 0xF7, 0x12, 0xFD, 0x20, 0x1C, 0x00, 0x21, 0x01, 0x22, 0x13, 0xF7
	.byte 0x2B, 0xFD, 0x20, 0x1C, 0x13, 0xF7, 0xD4, 0xFD, 0x39, 0x1C, 0xC0, 0x31, 0x08, 0x60, 0x5C, 0x3C
	.byte 0xAA, 0x8B, 0xEB, 0x8B, 0x20, 0x1C, 0x06, 0x21, 0x20, 0xF7, 0xA2, 0xF9, 0x79, 0x68, 0x72, 0x68
	.byte 0xB3, 0x68, 0x20, 0x1C, 0x20, 0xF7, 0xD8, 0xF9, 0x29, 0x8C, 0x38, 0x1C, 0xC4, 0x30, 0x01, 0x80
	.byte 0x02, 0x30, 0x41, 0x46, 0x01, 0x80, 0x39, 0x1C, 0xC8, 0x31, 0x03, 0x48, 0x08, 0x60, 0x08, 0xBC
	.byte 0x98, 0x46, 0xF0, 0xBC, 0x01, 0xBC, 0x00, 0x47, 0x29, 0x1E, 0x0F, 0x08, 0x10, 0xB5, 0x04, 0x1C
	.byte 0xEE, 0xF7, 0xF8, 0xF9, 0x00, 0x06, 0x00, 0x28, 0x01, 0xD0, 0x00, 0x20, 0x1C, 0xE0, 0x20, 0x1D
	.byte 0xF6, 0xF7, 0xE2, 0xF9, 0x00, 0x06, 0x00, 0x28, 0x05, 0xD0, 0x20, 0x1C, 0x44, 0x30, 0x01, 0x21
	.byte 0x20, 0xF7, 0x2A, 0xFB, 0x04, 0xE0, 0x20, 0x1C, 0x44, 0x30, 0x00, 0x21, 0x20, 0xF7, 0x24, 0xFB
	.byte 0x20, 0x1C, 0xC8, 0x30, 0x01, 0x68, 0x00, 0x29, 0x01, 0xD1, 0x01, 0x20, 0x04, 0xE0, 0x20, 0x1C
	.byte 0x2B, 0xF0, 0xEA, 0xFA, 0x00, 0x06, 0x00, 0x0E, 0x10, 0xBC, 0x02, 0xBC, 0x08, 0x47, 0x00, 0x00
	.byte 0x30, 0xB5, 0x84, 0xB0, 0x04, 0x1C, 0x60, 0x68, 0x00, 0x12, 0x16, 0x49, 0x0A, 0x68, 0x11, 0x68
	.byte 0x09, 0x12, 0x40, 0x1A, 0xA3, 0x68, 0x1B, 0x12, 0xE1, 0x68, 0x09, 0x12, 0x59, 0x18, 0x52, 0x68
	.byte 0x12, 0x12, 0x89, 0x1A, 0x9B, 0x00, 0x10, 0x4A, 0x15, 0x1C, 0xED, 0x1A, 0x2D, 0x04, 0x2D, 0x0C
	.byte 0x00, 0x04, 0x00, 0x14, 0x09, 0x04, 0x09, 0x14, 0x22, 0x1C, 0xC0, 0x32, 0x12, 0x68, 0x23, 0x1C
	.byte 0xB8, 0x33, 0x1B, 0x68, 0xBC, 0x34, 0x24, 0x68, 0x00, 0x94, 0x00, 0x24, 0x01, 0x94, 0x80, 0x24
	.byte 0x24, 0x01, 0x02, 0x94, 0x03, 0x95, 0x10, 0xF7, 0xCD, 0xF9, 0x04, 0xB0, 0x30, 0xBC, 0x01, 0xBC
	.byte 0x00, 0x47, 0x00, 0x00, 0xA0, 0x9B, 0x03, 0x02, 0xFC, 0xEF, 0xFF, 0xFF, 0x10, 0xB5, 0x04, 0x1C
	.byte 0xB8, 0x30, 0x00, 0x68, 0x10, 0xF7, 0x2E, 0xFC, 0x20, 0x1C, 0xBC, 0x30, 0x00, 0x68, 0x10, 0xF7
	.byte 0xD1, 0xFD, 0x20, 0x1C, 0x44, 0x30, 0x20, 0xF7, 0x47, 0xF9, 0x10, 0xBC, 0x01, 0xBC, 0x00, 0x47
	.byte 0x70, 0xB5, 0x05, 0x1C, 0x2E, 0x1D, 0x30, 0x1C, 0xF6, 0xF7, 0x76, 0xF9, 0x00, 0x06, 0x00, 0x28
	.byte 0x06, 0xD0, 0x2C, 0x1C, 0x44, 0x34, 0x20, 0x1C, 0x01, 0x21, 0x20, 0xF7, 0xBD, 0xFA, 0x05, 0xE0
	.byte 0x2C, 0x1C, 0x44, 0x34, 0x20, 0x1C, 0x00, 0x21, 0x20, 0xF7, 0xB6, 0xFA, 0x30, 0x1C, 0x08, 0x21
	.byte 0x08, 0x22, 0xEE, 0xF7, 0x17, 0xF9, 0x00, 0x06, 0x00, 0x28, 0x06, 0xD1, 0x28, 0x1C, 0xA0, 0x30
	.byte 0x13, 0xF7, 0xD2, 0xFC, 0x29, 0x1C, 0xC0, 0x31, 0x26, 0xE0, 0x28, 0x1C, 0xC4, 0x30, 0x00, 0x88
	.byte 0x2D, 0xF0, 0xD0, 0xFE, 0x13, 0x48, 0x00, 0x68, 0x78, 0x30, 0x13, 0x49, 0x32, 0x1C, 0x0E, 0xF7
	.byte 0x9B, 0xFE, 0x28, 0x1D, 0xF6, 0xF7, 0xFC, 0xF9, 0x10, 0x48, 0x02, 0x68, 0x10, 0x68, 0x80, 0x21
	.byte 0x08, 0x43, 0x10, 0x60, 0x2A, 0x68, 0x11, 0x88, 0x01, 0x20, 0x08, 0x43, 0x10, 0x80, 0x20, 0x1C
	.byte 0x01, 0x21, 0x20, 0xF7, 0x89, 0xFA, 0x28, 0x1C, 0xA0, 0x30, 0x01, 0x21, 0x00, 0x22, 0x13, 0xF7
	.byte 0x4B, 0xFC, 0x29, 0x1C, 0xC8, 0x31, 0x06, 0x48, 0x08, 0x60, 0x01, 0x20, 0x70, 0xBC, 0x02, 0xBC
	.byte 0x08, 0x47, 0x00, 0x00, 0xA0, 0x9B, 0x03, 0x02, 0xC4, 0x6E, 0xEF, 0x09, 0xAC, 0xC7, 0x03, 0x02
	.byte 0x31, 0x21, 0x0F, 0x08, 0x30, 0xB5, 0x04, 0x1C, 0x25, 0x1C, 0xA0, 0x35, 0x28, 0x1C, 0x13, 0xF7
	.byte 0xEF, 0xFC, 0x00, 0x06, 0x00, 0x28, 0x06, 0xD1, 0x28, 0x1C, 0x13, 0xF7, 0x8D, 0xFC, 0x21, 0x1C
	.byte 0xC0, 0x31, 0x08, 0x60, 0x0C, 0xE0, 0x08, 0x48, 0x02, 0x68, 0x10, 0x68, 0x81, 0x21, 0x49, 0x42
	.byte 0x08, 0x40, 0x10, 0x60, 0x20, 0x1C, 0xC6, 0x30, 0x00, 0x21, 0x01, 0x70, 0x02, 0x30, 0x01, 0x60
	.byte 0x01, 0x20, 0x30, 0xBC, 0x02, 0xBC, 0x08, 0x47, 0xAC, 0xC7, 0x03, 0x02, 0xF0, 0xB5, 0x47, 0x46
	.byte 0x80, 0xB4, 0x07, 0x1C, 0x3E, 0x1D, 0x4D, 0x69, 0x39, 0x60, 0x30, 0x1C, 0x04, 0x31, 0x1C, 0xC9
	.byte 0x1C, 0xC0, 0x09, 0x68, 0x01, 0x60, 0x16, 0x20, 0x29, 0x5E, 0x09, 0x02, 0x78, 0x68, 0x40, 0x18
	.byte 0x78, 0x60, 0x18, 0x22, 0xA9, 0x5E, 0x09, 0x02, 0x70, 0x68, 0x40, 0x18, 0x70, 0x60, 0x1A, 0x23
	.byte 0xE9, 0x5E, 0x09, 0x02, 0xB0, 0x68, 0x40, 0x18, 0xB0, 0x60, 0xE8, 0x8B, 0x70, 0x83, 0x28, 0x89
	.byte 0x69, 0x68, 0x10, 0xF7, 0x9B, 0xFB, 0xB8, 0x24, 0xE4, 0x19, 0xA0, 0x46, 0x20, 0x60, 0x28, 0x68
	.byte 0x20, 0x21, 0x10, 0xF7, 0x21, 0xFC, 0x39, 0x1C, 0xBC, 0x31, 0x08, 0x60, 0x3C, 0x1C, 0xA0, 0x34
	.byte 0x29, 0x69, 0xEA, 0x68, 0x20, 0x1C, 0x13, 0xF7, 0xC1, 0xFB, 0x20, 0x1C, 0x00, 0x21, 0x01, 0x22
	.byte 0x13, 0xF7, 0xDA, 0xFB, 0x20, 0x1C, 0x13, 0xF7, 0x83, 0xFC, 0x39, 0x1C, 0xC0, 0x31, 0x08, 0x60
	.byte 0x41, 0x46, 0x08, 0x68, 0x69, 0x68, 0x10, 0xF7, 0x05, 0xFC, 0x5C, 0x3C, 0xAA, 0x8B, 0xEB, 0x8B
	.byte 0x20, 0x1C, 0x06, 0x21, 0x20, 0xF7, 0x4C, 0xF8, 0x79, 0x68, 0x72, 0x68, 0xB3, 0x68, 0x20, 0x1C
	.byte 0x20, 0xF7, 0x82, 0xF8, 0x29, 0x8C, 0x38, 0x1C, 0xC4, 0x30, 0x01, 0x80, 0x39, 0x1C, 0xC6, 0x31
	.byte 0x01, 0x20, 0x08, 0x70, 0x02, 0x31, 0x03, 0x48, 0x08, 0x60, 0x08, 0xBC, 0x98, 0x46, 0xF0, 0xBC
	.byte 0x01, 0xBC, 0x00, 0x47, 0x7D, 0x20, 0x0F, 0x08, 0x10, 0xB5, 0x04, 0x1C, 0xEE, 0xF7, 0xA2, 0xF8
	.byte 0x00, 0x06, 0x00, 0x28, 0x01, 0xD0, 0x00, 0x20, 0x0B, 0xE0, 0x20, 0x1C, 0xC8, 0x30, 0x01, 0x68
	.byte 0x00, 0x29, 0x01, 0xD1, 0x01, 0x20, 0x04, 0xE0, 0x20, 0x1C, 0x2B, 0xF0, 0xA5, 0xF9, 0x00, 0x06
	.byte 0x00, 0x0E, 0x10, 0xBC, 0x02, 0xBC, 0x08, 0x47, 0x30, 0xB5, 0x84, 0xB0, 0x04, 0x1C, 0xC6, 0x30
	.byte 0x00, 0x78, 0x00, 0x28, 0x29, 0xD0, 0x60, 0x68, 0x00, 0x12, 0x16, 0x49, 0x0A, 0x68, 0x11, 0x68
	.byte 0x09, 0x12, 0x40, 0x1A, 0xA3, 0x68, 0x1B, 0x12, 0xE1, 0x68, 0x09, 0x12, 0x59, 0x18, 0x52, 0x68
	.byte 0x12, 0x12, 0x89, 0x1A, 0x9B, 0x00, 0x10, 0x4A, 0x15, 0x1C, 0xED, 0x1A, 0x2D, 0x04, 0x2D, 0x0C
	.byte 0x00, 0x04, 0x00, 0x14, 0x09, 0x04, 0x09, 0x14, 0x22, 0x1C, 0xC0, 0x32, 0x12, 0x68, 0x23, 0x1C
	.byte 0xB8, 0x33, 0x1B, 0x68, 0xBC, 0x34, 0x24, 0x68, 0x00, 0x94, 0x00, 0x24, 0x01, 0x94, 0x80, 0x24
	.byte 0x24, 0x01, 0x02, 0x94, 0x03, 0x95, 0x10, 0xF7, 0x85, 0xF8, 0x04, 0xB0, 0x30, 0xBC, 0x01, 0xBC
	.byte 0x00, 0x47, 0x00, 0x00, 0xA0, 0x9B, 0x03, 0x02, 0xFC, 0xEF, 0xFF, 0xFF, 0x10, 0xB5, 0x04, 0x1C
	.byte 0xB8, 0x30, 0x00, 0x68, 0x10, 0xF7, 0xE6, 0xFA, 0x20, 0x1C, 0xBC, 0x30, 0x00, 0x68, 0x10, 0xF7
	.byte 0x89, 0xFC, 0x20, 0x1C, 0x44, 0x30, 0x1F, 0xF7, 0xFF, 0xFF, 0x10, 0xBC, 0x01, 0xBC, 0x00, 0x47
	.byte 0x30, 0xB5, 0x04, 0x1C, 0x25, 0x1D, 0x28, 0x1C, 0x08, 0x21, 0x08, 0x22, 0xED, 0xF7, 0xE2, 0xFF
	.byte 0x00, 0x06, 0x00, 0x28, 0x27, 0xD0, 0x20, 0x1C, 0xC4, 0x30, 0x00, 0x88, 0x2D, 0xF0, 0xA2, 0xFD
	.byte 0x13, 0x48, 0x00, 0x68, 0x78, 0x30, 0x13, 0x49, 0x2A, 0x1C, 0x0E, 0xF7, 0x6D, 0xFD, 0x22, 0x68
	.byte 0x11, 0x88, 0x02, 0x20, 0x08, 0x40, 0x00, 0x28, 0x05, 0xD1, 0x02, 0x20, 0x08, 0x43, 0x10, 0x80
	.byte 0x28, 0x1C, 0xF6, 0xF7, 0xC5, 0xF8, 0x0C, 0x48, 0x02, 0x68, 0x10, 0x68, 0x80, 0x21, 0x08, 0x43
	.byte 0x10, 0x60, 0x20, 0x1C, 0xA0, 0x30, 0x01, 0x21, 0x00, 0x22, 0x13, 0xF7, 0x1D, 0xFB, 0x21, 0x1C
	.byte 0xC8, 0x31, 0x06, 0x48, 0x08, 0x60, 0x01, 0x20, 0x30, 0xBC, 0x02, 0xBC, 0x08, 0x47, 0x00, 0x00
	.byte 0xA0, 0x9B, 0x03, 0x02, 0xC4, 0x6E, 0xEF, 0x09, 0xAC, 0xC7, 0x03, 0x02, 0x8D, 0x23, 0x0F, 0x08
	.byte 0x30, 0xB5, 0x05, 0x1C, 0x2C, 0x1C, 0xA0, 0x34, 0x20, 0x1C, 0x13, 0xF7, 0xC1, 0xFB, 0x00, 0x06
	.byte 0x00, 0x28, 0x05, 0xD1, 0x20, 0x1C, 0x13, 0xF7, 0x5F, 0xFB, 0x29, 0x1C, 0xC0, 0x31, 0x13, 0xE0
	.byte 0x0C, 0x48, 0x02, 0x68, 0x10, 0x68, 0x81, 0x21, 0x49, 0x42, 0x08, 0x40, 0x10, 0x60, 0x20, 0x1C
	.byte 0x00, 0x21, 0x00, 0x22, 0x13, 0xF7, 0xF0, 0xFA, 0x20, 0x1C, 0x13, 0xF7, 0x99, 0xFB, 0x29, 0x1C
	.byte 0xC0, 0x31, 0x08, 0x60, 0x08, 0x31, 0x04, 0x48, 0x08, 0x60, 0x01, 0x20, 0x30, 0xBC, 0x02, 0xBC
	.byte 0x08, 0x47, 0x00, 0x00, 0xAC, 0xC7, 0x03, 0x02, 0x0D, 0x23, 0x0F, 0x08, 0xF0, 0xB5, 0x47, 0x46
	.byte 0x80, 0xB4, 0x07, 0x1C, 0x3E, 0x1D, 0x4D, 0x69, 0x39, 0x60, 0x30, 0x1C, 0x04, 0x31, 0x1C, 0xC9
	.byte 0x1C, 0xC0, 0x09, 0x68, 0x01, 0x60, 0x16, 0x20, 0x29, 0x5E, 0x09, 0x02, 0x78, 0x68, 0x40, 0x18
	.byte 0x78, 0x60, 0x18, 0x22, 0xA9, 0x5E, 0x09, 0x02, 0x70, 0x68, 0x40, 0x18, 0x70, 0x60, 0x1A, 0x23
	.byte 0xE9, 0x5E, 0x09, 0x02, 0xB0, 0x68, 0x40, 0x18, 0xB0, 0x60, 0xE8, 0x8B, 0x70, 0x83, 0x28, 0x89
	.byte 0x69, 0x68, 0x10, 0xF7, 0x63, 0xFA, 0xB8, 0x24, 0xE4, 0x19, 0xA0, 0x46, 0x20, 0x60, 0x28, 0x68
	.byte 0x20, 0x21, 0x10, 0xF7, 0xE9, 0xFA, 0x39, 0x1C, 0xBC, 0x31, 0x08, 0x60, 0x3C, 0x1C, 0xA0, 0x34
	.byte 0x29, 0x69, 0xEA, 0x68, 0x20, 0x1C, 0x13, 0xF7, 0x89, 0xFA, 0x20, 0x1C, 0x00, 0x21, 0x01, 0x22
	.byte 0x13, 0xF7, 0xA2, 0xFA, 0x20, 0x1C, 0x13, 0xF7, 0x4B, 0xFB, 0x39, 0x1C, 0xC0, 0x31, 0x08, 0x60
	.byte 0x41, 0x46, 0x08, 0x68, 0x69, 0x68, 0x10, 0xF7, 0xCD, 0xFA, 0x5C, 0x3C, 0xAA, 0x8B, 0xEB, 0x8B
	.byte 0x20, 0x1C, 0x06, 0x21, 0x1F, 0xF7, 0x14, 0xFF, 0x79, 0x68, 0x72, 0x68, 0xB3, 0x68, 0x20, 0x1C
	.byte 0x1F, 0xF7, 0x4A, 0xFF, 0x29, 0x8C, 0x38, 0x1C, 0xC4, 0x30, 0x01, 0x80, 0x39, 0x1C, 0xC8, 0x31
	.byte 0x03, 0x48, 0x08, 0x60, 0x08, 0xBC, 0x98, 0x46, 0xF0, 0xBC, 0x01, 0xBC, 0x00, 0x47, 0x00, 0x00
	.byte 0x0D, 0x23, 0x0F, 0x08, 0x10, 0xB5, 0x04, 0x1C, 0xED, 0xF7, 0x6C, 0xFF, 0x00, 0x06, 0x00, 0x28
	.byte 0x01, 0xD0, 0x00, 0x20, 0x1C, 0xE0, 0x20, 0x1D, 0xF5, 0xF7, 0x56, 0xFF, 0x00, 0x06, 0x00, 0x28
	.byte 0x05, 0xD0, 0x20, 0x1C, 0x44, 0x30, 0x01, 0x21, 0x20, 0xF7, 0x9E, 0xF8, 0x04, 0xE0, 0x20, 0x1C
	.byte 0x44, 0x30, 0x00, 0x21, 0x20, 0xF7, 0x98, 0xF8, 0x20, 0x1C, 0xC8, 0x30, 0x01, 0x68, 0x00, 0x29
	.byte 0x01, 0xD1, 0x01, 0x20, 0x04, 0xE0, 0x20, 0x1C, 0x2B, 0xF0, 0x5E, 0xF8, 0x00, 0x06, 0x00, 0x0E
	.byte 0x10, 0xBC, 0x02, 0xBC, 0x08, 0x47, 0x00, 0x00, 0x30, 0xB5, 0x84, 0xB0, 0x04, 0x1C, 0x60, 0x68
	.byte 0x00, 0x12, 0x16, 0x49, 0x0A, 0x68, 0x11, 0x68, 0x09, 0x12, 0x40, 0x1A, 0xA3, 0x68, 0x1B, 0x12
	.byte 0xE1, 0x68, 0x09, 0x12, 0x59, 0x18, 0x52, 0x68, 0x12, 0x12, 0x89, 0x1A, 0x9B, 0x00, 0x10, 0x4A
	.byte 0x15, 0x1C, 0xED, 0x1A, 0x2D, 0x04, 0x2D, 0x0C, 0x00, 0x04, 0x00, 0x14, 0x09, 0x04, 0x09, 0x14
	.byte 0x22, 0x1C, 0xC0, 0x32, 0x12, 0x68, 0x23, 0x1C, 0xB8, 0x33, 0x1B, 0x68, 0xBC, 0x34, 0x24, 0x68
	.byte 0x00, 0x94, 0x00, 0x24, 0x01, 0x94, 0x80, 0x24, 0x24, 0x01, 0x02, 0x94, 0x03, 0x95, 0x0F, 0xF7
	.byte 0x41, 0xFF, 0x04, 0xB0, 0x30, 0xBC, 0x01, 0xBC, 0x00, 0x47, 0x00, 0x00, 0xA0, 0x9B, 0x03, 0x02
	.byte 0xFC, 0xEF, 0xFF, 0xFF, 0x10, 0xB5, 0x04, 0x1C, 0xB8, 0x30, 0x00, 0x68, 0x10, 0xF7, 0xA2, 0xF9
	.byte 0x20, 0x1C, 0xBC, 0x30, 0x00, 0x68, 0x10, 0xF7, 0x45, 0xFB, 0x20, 0x1C, 0x44, 0x30, 0x1F, 0xF7
	.byte 0xBB, 0xFE, 0x10, 0xBC, 0x01, 0xBC, 0x00, 0x47, 0x30, 0xB5, 0x04, 0x1C, 0x25, 0x1D, 0x28, 0x1C
	.byte 0x08, 0x21, 0x08, 0x22, 0xED, 0xF7, 0x9E, 0xFE, 0x00, 0x06, 0x00, 0x28, 0x1B, 0xD0, 0x20, 0x1C
	.byte 0xC4, 0x30, 0x00, 0x88, 0x2D, 0xF0, 0x5E, 0xFC, 0x0D, 0x48, 0x00, 0x68, 0x78, 0x30, 0x0D, 0x49
	.byte 0x2A, 0x1C, 0x0E, 0xF7, 0x29, 0xFC, 0x0C, 0x48, 0x02, 0x68, 0x10, 0x68, 0x80, 0x21, 0x08, 0x43
	.byte 0x10, 0x60, 0x20, 0x1C, 0xA0, 0x30, 0x01, 0x21, 0x00, 0x22, 0x13, 0xF7, 0xE5, 0xF9, 0x21, 0x1C
	.byte 0xC8, 0x31, 0x06, 0x48, 0x08, 0x60, 0x01, 0x20, 0x30, 0xBC, 0x02, 0xBC, 0x08, 0x47, 0x00, 0x00
	.byte 0xA0, 0x9B, 0x03, 0x02, 0xC4, 0x6E, 0xEF, 0x09, 0xAC, 0xC7, 0x03, 0x02, 0xFD, 0x25, 0x0F, 0x08
	.byte 0x30, 0xB5, 0x04, 0x1C, 0x25, 0x1C, 0xA0, 0x35, 0x28, 0x1C, 0x13, 0xF7, 0x89, 0xFA, 0x00, 0x06
	.byte 0x00, 0x28, 0x17, 0xD0, 0x22, 0x68, 0x11, 0x88, 0x02, 0x20, 0x08, 0x40, 0x00, 0x28, 0x05, 0xD1
	.byte 0x02, 0x20, 0x08, 0x43, 0x10, 0x80, 0x20, 0x1D, 0xF5, 0xF7, 0x5A, 0xFF, 0x28, 0x1C, 0x02, 0x21
	.byte 0x00, 0x22, 0x13, 0xF7, 0xB9, 0xF9, 0x21, 0x1C, 0xC8, 0x31, 0x01, 0x48, 0x07, 0xE0, 0x00, 0x00
	.byte 0x55, 0x26, 0x0F, 0x08, 0x28, 0x1C, 0x13, 0xF7, 0x0F, 0xFA, 0x21, 0x1C, 0xC0, 0x31, 0x08, 0x60
	.byte 0x01, 0x20, 0x30, 0xBC, 0x02, 0xBC, 0x08, 0x47, 0x30, 0xB5, 0x05, 0x1C, 0x2C, 0x1C, 0xA0, 0x34
	.byte 0x20, 0x1C, 0x13, 0xF7, 0x5D, 0xFA, 0x00, 0x06, 0x00, 0x28, 0x05, 0xD1, 0x20, 0x1C, 0x13, 0xF7
	.byte 0xFB, 0xF9, 0x29, 0x1C, 0xC0, 0x31, 0x13, 0xE0, 0x0C, 0x48, 0x02, 0x68, 0x10, 0x68, 0x81, 0x21
	.byte 0x49, 0x42, 0x08, 0x40, 0x10, 0x60, 0x20, 0x1C, 0x00, 0x21, 0x00, 0x22, 0x13, 0xF7, 0x8C, 0xF9
	.byte 0x20, 0x1C, 0x13, 0xF7, 0x35, 0xFA, 0x29, 0x1C, 0xC0, 0x31, 0x08, 0x60, 0x08, 0x31, 0x04, 0x48
	.byte 0x08, 0x60, 0x01, 0x20, 0x30, 0xBC, 0x02, 0xBC, 0x08, 0x47, 0x00, 0x00, 0xAC, 0xC7, 0x03, 0x02
	.byte 0x95, 0x25, 0x0F, 0x08, 0xF0, 0xB5, 0x47, 0x46, 0x80, 0xB4, 0x07, 0x1C, 0x3E, 0x1D, 0x4D, 0x69
	.byte 0x39, 0x60, 0x30, 0x1C, 0x04, 0x31, 0x1C, 0xC9, 0x1C, 0xC0, 0x09, 0x68, 0x01, 0x60, 0x16, 0x20
	.byte 0x29, 0x5E, 0x09, 0x02, 0x78, 0x68, 0x40, 0x18, 0x78, 0x60, 0x18, 0x22, 0xA9, 0x5E, 0x09, 0x02
	.byte 0x70, 0x68, 0x40, 0x18, 0x70, 0x60, 0x1A, 0x23, 0xE9, 0x5E, 0x09, 0x02, 0xB0, 0x68, 0x40, 0x18
	.byte 0xB0, 0x60, 0xE8, 0x8B, 0x70, 0x83, 0x28, 0x89, 0x69, 0x68, 0x10, 0xF7, 0xFF, 0xF8, 0xB8, 0x24
	.byte 0xE4, 0x19, 0xA0, 0x46, 0x20, 0x60, 0x28, 0x68, 0x20, 0x21, 0x10, 0xF7, 0x85, 0xF9, 0x39, 0x1C
	.byte 0xBC, 0x31, 0x08, 0x60, 0x3C, 0x1C, 0xA0, 0x34, 0x29, 0x69, 0xEA, 0x68, 0x20, 0x1C, 0x13, 0xF7
	.byte 0x25, 0xF9, 0x20, 0x1C, 0x00, 0x21, 0x01, 0x22, 0x13, 0xF7, 0x3E, 0xF9, 0x20, 0x1C, 0x13, 0xF7
	.byte 0xE7, 0xF9, 0x39, 0x1C, 0xC0, 0x31, 0x08, 0x60, 0x41, 0x46, 0x08, 0x68, 0x69, 0x68, 0x10, 0xF7
	.byte 0x69, 0xF9, 0x5C, 0x3C, 0xAA, 0x8B, 0xEB, 0x8B, 0x20, 0x1C, 0x06, 0x21, 0x1F, 0xF7, 0xB0, 0xFD
	.byte 0x79, 0x68, 0x72, 0x68, 0xB3, 0x68, 0x20, 0x1C, 0x1F, 0xF7, 0xE6, 0xFD, 0x29, 0x8C, 0x38, 0x1C
	.byte 0xC4, 0x30, 0x01, 0x80, 0x39, 0x1C, 0xC8, 0x31, 0x03, 0x48, 0x08, 0x60, 0x08, 0xBC, 0x98, 0x46
	.byte 0xF0, 0xBC, 0x01, 0xBC, 0x00, 0x47, 0x00, 0x00, 0x95, 0x25, 0x0F, 0x08, 0x10, 0xB5, 0x04, 0x1C
	.byte 0xED, 0xF7, 0x08, 0xFE, 0x00, 0x06, 0x00, 0x28, 0x01, 0xD0, 0x00, 0x20, 0x1C, 0xE0, 0x20, 0x1D
	.byte 0xF5, 0xF7, 0xF2, 0xFD, 0x00, 0x06, 0x00, 0x28, 0x05, 0xD0, 0x20, 0x1C, 0x44, 0x30, 0x01, 0x21
	.byte 0x1F, 0xF7, 0x3A, 0xFF, 0x04, 0xE0, 0x20, 0x1C, 0x44, 0x30, 0x00, 0x21, 0x1F, 0xF7, 0x34, 0xFF
	.byte 0x20, 0x1C, 0xC8, 0x30, 0x01, 0x68, 0x00, 0x29, 0x01, 0xD1, 0x01, 0x20, 0x04, 0xE0, 0x20, 0x1C
	.byte 0x2A, 0xF0, 0xFA, 0xFE, 0x00, 0x06, 0x00, 0x0E, 0x10, 0xBC, 0x02, 0xBC, 0x08, 0x47, 0x00, 0x00
	.byte 0x30, 0xB5, 0x84, 0xB0, 0x04, 0x1C, 0x60, 0x68, 0x00, 0x12, 0x16, 0x49, 0x0A, 0x68, 0x11, 0x68
	.byte 0x09, 0x12, 0x40, 0x1A, 0xA3, 0x68, 0x1B, 0x12, 0xE1, 0x68, 0x09, 0x12, 0x59, 0x18, 0x52, 0x68
	.byte 0x12, 0x12, 0x89, 0x1A, 0x9B, 0x00, 0x10, 0x4A, 0x15, 0x1C, 0xED, 0x1A, 0x2D, 0x04, 0x2D, 0x0C
	.byte 0x00, 0x04, 0x00, 0x14, 0x09, 0x04, 0x09, 0x14, 0x22, 0x1C, 0xC0, 0x32, 0x12, 0x68, 0x23, 0x1C
	.byte 0xB8, 0x33, 0x1B, 0x68, 0xBC, 0x34, 0x24, 0x68, 0x00, 0x94, 0x00, 0x24, 0x01, 0x94, 0x80, 0x24
	.byte 0x24, 0x01, 0x02, 0x94, 0x03, 0x95, 0x0F, 0xF7, 0xDD, 0xFD, 0x04, 0xB0, 0x30, 0xBC, 0x01, 0xBC
	.byte 0x00, 0x47, 0x00, 0x00, 0xA0, 0x9B, 0x03, 0x02, 0xFC, 0xEF, 0xFF, 0xFF, 0x10, 0xB5, 0x04, 0x1C
	.byte 0xB8, 0x30, 0x00, 0x68, 0x10, 0xF7, 0x3E, 0xF8, 0x20, 0x1C, 0xBC, 0x30, 0x00, 0x68, 0x10, 0xF7
	.byte 0xE1, 0xF9, 0x20, 0x1C, 0x44, 0x30, 0x1F, 0xF7, 0x57, 0xFD, 0x10, 0xBC, 0x01, 0xBC, 0x00, 0x47
	.byte 0x70, 0xB5, 0x04, 0x1C, 0x25, 0x1D, 0x26, 0x1C, 0xA0, 0x36, 0x30, 0x1C, 0x13, 0xF7, 0xFC, 0xF8
	.byte 0x21, 0x1C, 0xC0, 0x31, 0x08, 0x60, 0x20, 0x68, 0x01, 0x88, 0x02, 0x20, 0x08, 0x40, 0x00, 0x28
	.byte 0x2D, 0xD1, 0x28, 0x1C, 0x08, 0x21, 0x08, 0x22, 0xED, 0xF7, 0x2C, 0xFD, 0x00, 0x06, 0x00, 0x28
	.byte 0x25, 0xD0, 0x20, 0x1C, 0xC4, 0x30, 0x00, 0x88, 0x2D, 0xF0, 0xEC, 0xFA, 0x12, 0x48, 0x00, 0x68
	.byte 0x78, 0x30, 0x12, 0x49, 0x2A, 0x1C, 0x0E, 0xF7, 0xB7, 0xFA, 0x28, 0x1C, 0xF5, 0xF7, 0x18, 0xFE
	.byte 0x22, 0x68, 0x11, 0x88, 0x02, 0x20, 0x08, 0x43, 0x10, 0x80, 0x0D, 0x48, 0x02, 0x68, 0x10, 0x68
	.byte 0x80, 0x21, 0x08, 0x43, 0x10, 0x60, 0x30, 0x1C, 0x01, 0x21, 0x01, 0x22, 0x13, 0xF7, 0x6C, 0xF8
	.byte 0x21, 0x1C, 0xC6, 0x31, 0x14, 0x20, 0x08, 0x80, 0x02, 0x31, 0x06, 0x48, 0x08, 0x60, 0x01, 0x20
	.byte 0x70, 0xBC, 0x02, 0xBC, 0x08, 0x47, 0x00, 0x00, 0xA0, 0x9B, 0x03, 0x02, 0xC4, 0x6E, 0xEF, 0x09
	.byte 0xAC, 0xC7, 0x03, 0x02, 0xF5, 0x28, 0x0F, 0x08, 0x10, 0xB5, 0x04, 0x1C, 0xA0, 0x30, 0x13, 0xF7
	.byte 0xB3, 0xF8, 0x21, 0x1C, 0xC0, 0x31, 0x08, 0x60, 0x06, 0x31, 0x08, 0x88, 0x03, 0x1C, 0x00, 0x2B
	.byte 0x02, 0xD0, 0x01, 0x38, 0x08, 0x80, 0x09, 0xE0, 0x06, 0x48, 0x02, 0x68, 0x10, 0x68, 0x81, 0x21
	.byte 0x49, 0x42, 0x08, 0x40, 0x10, 0x60, 0x20, 0x1C, 0xC8, 0x30, 0x03, 0x60, 0x01, 0x20, 0x10, 0xBC
	.byte 0x02, 0xBC, 0x08, 0x47, 0xAC, 0xC7, 0x03, 0x02, 0xF0, 0xB5, 0x05, 0x1C, 0x2F, 0x1D, 0x4E, 0x69
	.byte 0x29, 0x60, 0x38, 0x1C, 0x04, 0x31, 0x1C, 0xC9, 0x1C, 0xC0, 0x09, 0x68, 0x01, 0x60, 0x16, 0x20
	.byte 0x31, 0x5E, 0x09, 0x02, 0x68, 0x68, 0x40, 0x18, 0x68, 0x60, 0x18, 0x22, 0xB1, 0x5E, 0x09, 0x02
	.byte 0x78, 0x68, 0x40, 0x18, 0x78, 0x60, 0x1A, 0x23, 0xF1, 0x5E, 0x09, 0x02, 0xB8, 0x68, 0x40, 0x18
	.byte 0xB8, 0x60, 0xF0, 0x8B, 0x78, 0x83, 0x30, 0x89, 0x71, 0x68, 0x0F, 0xF7, 0xBF, 0xFF, 0x29, 0x1C
	.byte 0xB8, 0x31, 0x08, 0x60, 0x30, 0x68, 0x20, 0x21, 0x10, 0xF7, 0x46, 0xF8, 0x29, 0x1C, 0xBC, 0x31
	.byte 0x08, 0x60, 0x2C, 0x1C, 0xA0, 0x34, 0x31, 0x69, 0xF2, 0x68, 0x20, 0x1C, 0x12, 0xF7, 0xE6, 0xFF
	.byte 0x28, 0x68, 0x01, 0x88, 0x02, 0x20, 0x08, 0x40, 0x00, 0x28, 0x05, 0xD0, 0x20, 0x1C, 0x01, 0x21
	.byte 0x01, 0x22, 0x12, 0xF7, 0xF9, 0xFF, 0x04, 0xE0, 0x20, 0x1C, 0x00, 0x21, 0x01, 0x22, 0x12, 0xF7
	.byte 0xF3, 0xFF, 0x28, 0x1C, 0xA0, 0x30, 0x13, 0xF7, 0x9B, 0xF8, 0x29, 0x1C, 0xC0, 0x31, 0x08, 0x60
	.byte 0x28, 0x1C, 0xB8, 0x30, 0x00, 0x68, 0x71, 0x68, 0x10, 0xF7, 0x1C, 0xF8, 0x2C, 0x1C, 0x44, 0x34
	.byte 0xB2, 0x8B, 0xF3, 0x8B, 0x20, 0x1C, 0x06, 0x21, 0x1F, 0xF7, 0x62, 0xFC, 0x39, 0x68, 0x7A, 0x68
	.byte 0xBB, 0x68, 0x20, 0x1C, 0x1F, 0xF7, 0x98, 0xFC, 0x31, 0x8C, 0x28, 0x1C, 0xC4, 0x30, 0x01, 0x80
	.byte 0x29, 0x1C, 0xC8, 0x31, 0x02, 0x48, 0x08, 0x60, 0xF0, 0xBC, 0x01, 0xBC, 0x00, 0x47, 0x00, 0x00
	.byte 0x5D, 0x28, 0x0F, 0x08, 0x10, 0xB5, 0x04, 0x1C, 0xED, 0xF7, 0xBC, 0xFC, 0x00, 0x06, 0x00, 0x28
	.byte 0x01, 0xD0, 0x00, 0x20, 0x1C, 0xE0, 0x20, 0x1D, 0xF5, 0xF7, 0xA6, 0xFC, 0x00, 0x06, 0x00, 0x28
	.byte 0x05, 0xD0, 0x20, 0x1C, 0x44, 0x30, 0x01, 0x21, 0x1F, 0xF7, 0xEE, 0xFD, 0x04, 0xE0, 0x20, 0x1C
	.byte 0x44, 0x30, 0x00, 0x21, 0x1F, 0xF7, 0xE8, 0xFD, 0x20, 0x1C, 0xC8, 0x30, 0x01, 0x68, 0x00, 0x29
	.byte 0x01, 0xD1, 0x01, 0x20, 0x04, 0xE0, 0x20, 0x1C, 0x2A, 0xF0, 0xAE, 0xFD, 0x00, 0x06, 0x00, 0x0E
	.byte 0x10, 0xBC, 0x02, 0xBC, 0x08, 0x47, 0x00, 0x00, 0x30, 0xB5, 0x84, 0xB0, 0x04, 0x1C, 0x60, 0x68
	.byte 0x00, 0x12, 0x16, 0x49, 0x0A, 0x68, 0x11, 0x68, 0x09, 0x12, 0x40, 0x1A, 0xA3, 0x68, 0x1B, 0x12
	.byte 0xE1, 0x68, 0x09, 0x12, 0x59, 0x18, 0x52, 0x68, 0x12, 0x12, 0x89, 0x1A, 0x9B, 0x00, 0x10, 0x4A
	.byte 0x15, 0x1C, 0xED, 0x1A, 0x2D, 0x04, 0x2D, 0x0C, 0x00, 0x04, 0x00, 0x14, 0x09, 0x04, 0x09, 0x14
	.byte 0x22, 0x1C, 0xC0, 0x32, 0x12, 0x68, 0x23, 0x1C, 0xB8, 0x33, 0x1B, 0x68, 0xBC, 0x34, 0x24, 0x68
	.byte 0x00, 0x94, 0x00, 0x24, 0x01, 0x94, 0x80, 0x24, 0x24, 0x01, 0x02, 0x94, 0x03, 0x95, 0x0F, 0xF7
	.byte 0x91, 0xFC, 0x04, 0xB0, 0x30, 0xBC, 0x01, 0xBC, 0x00, 0x47, 0x00, 0x00, 0xA0, 0x9B, 0x03, 0x02
	.byte 0xFC, 0xEF, 0xFF, 0xFF, 0x10, 0xB5, 0x04, 0x1C, 0xB8, 0x30, 0x00, 0x68, 0x0F, 0xF7, 0xF2, 0xFE
	.byte 0x20, 0x1C, 0xBC, 0x30, 0x00, 0x68, 0x10, 0xF7, 0x95, 0xF8, 0x20, 0x1C, 0x44, 0x30, 0x1F, 0xF7
	.byte 0x0B, 0xFC, 0x10, 0xBC, 0x01, 0xBC, 0x00, 0x47, 0x30, 0xB5, 0x04, 0x1C, 0x25, 0x1D, 0x20, 0x68
	.byte 0x01, 0x88, 0x02, 0x20, 0x08, 0x40, 0x00, 0x28, 0x2B, 0xD1, 0x28, 0x1C, 0x08, 0x21, 0x08, 0x22
	.byte 0xED, 0xF7, 0xE8, 0xFB, 0x00, 0x06, 0x00, 0x28, 0x23, 0xD0, 0x20, 0x1C, 0xC4, 0x30, 0x00, 0x88
	.byte 0x2D, 0xF0, 0xA8, 0xF9, 0x11, 0x48, 0x00, 0x68, 0x78, 0x30, 0x11, 0x49, 0x2A, 0x1C, 0x0E, 0xF7
	.byte 0x73, 0xF9, 0x28, 0x1C, 0xF5, 0xF7, 0xD4, 0xFC, 0x22, 0x68, 0x11, 0x88, 0x02, 0x20, 0x08, 0x43
	.byte 0x10, 0x80, 0x0C, 0x48, 0x02, 0x68, 0x10, 0x68, 0x80, 0x21, 0x08, 0x43, 0x10, 0x60, 0x20, 0x1C
	.byte 0xA0, 0x30, 0x01, 0x21, 0x00, 0x22, 0x12, 0xF7, 0x27, 0xFF, 0x21, 0x1C, 0xC8, 0x31, 0x06, 0x48
	.byte 0x08, 0x60, 0x01, 0x20, 0x30, 0xBC, 0x02, 0xBC, 0x08, 0x47, 0x00, 0x00, 0xA0, 0x9B, 0x03, 0x02
	.byte 0xC4, 0x6E, 0xEF, 0x09, 0xAC, 0xC7, 0x03, 0x02, 0x79, 0x2B, 0x0F, 0x08, 0x30, 0xB5, 0x05, 0x1C
	.byte 0x2C, 0x1C, 0xA0, 0x34, 0x20, 0x1C, 0x12, 0xF7, 0xCB, 0xFF, 0x00, 0x06, 0x00, 0x28, 0x05, 0xD1
	.byte 0x20, 0x1C, 0x12, 0xF7, 0x69, 0xFF, 0x29, 0x1C, 0xC0, 0x31, 0x13, 0xE0, 0x0C, 0x48, 0x02, 0x68
	.byte 0x10, 0x68, 0x81, 0x21, 0x49, 0x42, 0x08, 0x40, 0x10, 0x60, 0x20, 0x1C, 0x02, 0x21, 0x00, 0x22
	.byte 0x12, 0xF7, 0xFA, 0xFE, 0x20, 0x1C, 0x12, 0xF7, 0xA3, 0xFF, 0x29, 0x1C, 0xC0, 0x31, 0x08, 0x60
	.byte 0x08, 0x31, 0x00, 0x20, 0x08, 0x60, 0x01, 0x20, 0x30, 0xBC, 0x02, 0xBC, 0x08, 0x47, 0x00, 0x00
	.byte 0xAC, 0xC7, 0x03, 0x02, 0xF0, 0xB5, 0x05, 0x1C, 0x2F, 0x1D, 0x4E, 0x69, 0x29, 0x60, 0x38, 0x1C
	.byte 0x04, 0x31, 0x1C, 0xC9, 0x1C, 0xC0, 0x09, 0x68, 0x01, 0x60, 0x16, 0x20, 0x31, 0x5E, 0x09, 0x02
	.byte 0x68, 0x68, 0x40, 0x18, 0x68, 0x60, 0x18, 0x22, 0xB1, 0x5E, 0x09, 0x02, 0x78, 0x68, 0x40, 0x18
	.byte 0x78, 0x60, 0x1A, 0x23, 0xF1, 0x5E, 0x09, 0x02, 0xB8, 0x68, 0x40, 0x18, 0xB8, 0x60, 0xF0, 0x8B
	.byte 0x78, 0x83, 0x30, 0x89, 0x71, 0x68, 0x0F, 0xF7, 0x71, 0xFE, 0x29, 0x1C, 0xB8, 0x31, 0x08, 0x60
	.byte 0x30, 0x68, 0x20, 0x21, 0x0F, 0xF7, 0xF8, 0xFE, 0x29, 0x1C, 0xBC, 0x31, 0x08, 0x60, 0x2C, 0x1C
	.byte 0xA0, 0x34, 0x31, 0x69, 0xF2, 0x68, 0x20, 0x1C, 0x12, 0xF7, 0x98, 0xFE, 0x28, 0x68, 0x01, 0x88
	.byte 0x02, 0x20, 0x08, 0x40, 0x00, 0x28, 0x05, 0xD0, 0x20, 0x1C, 0x02, 0x21, 0x01, 0x22, 0x12, 0xF7
	.byte 0xAB, 0xFE, 0x04, 0xE0, 0x20, 0x1C, 0x00, 0x21, 0x01, 0x22, 0x12, 0xF7, 0xA5, 0xFE, 0x28, 0x1C
	.byte 0xA0, 0x30, 0x12, 0xF7, 0x4D, 0xFF, 0x29, 0x1C, 0xC0, 0x31, 0x08, 0x60, 0x28, 0x1C, 0xB8, 0x30
	.byte 0x00, 0x68, 0x71, 0x68, 0x0F, 0xF7, 0xCE, 0xFE, 0x2C, 0x1C, 0x44, 0x34, 0xB2, 0x8B, 0xF3, 0x8B
	.byte 0x20, 0x1C, 0x06, 0x21, 0x1F, 0xF7, 0x14, 0xFB, 0x39, 0x68, 0x7A, 0x68, 0xBB, 0x68, 0x20, 0x1C
	.byte 0x1F, 0xF7, 0x4A, 0xFB, 0x31, 0x8C, 0x28, 0x1C, 0xC4, 0x30, 0x01, 0x80, 0x29, 0x1C, 0xC8, 0x31
	.byte 0x02, 0x48, 0x08, 0x60, 0xF0, 0xBC, 0x01, 0xBC, 0x00, 0x47, 0x00, 0x00, 0xF5, 0x2A, 0x0F, 0x08
	.byte 0x10, 0xB5, 0x04, 0x1C, 0xED, 0xF7, 0x6E, 0xFB, 0x00, 0x06, 0x00, 0x28, 0x01, 0xD0, 0x00, 0x20
	.byte 0x1C, 0xE0, 0x20, 0x1D, 0xF5, 0xF7, 0x58, 0xFB, 0x00, 0x06, 0x00, 0x28, 0x05, 0xD0, 0x20, 0x1C
	.byte 0x44, 0x30, 0x01, 0x21, 0x1F, 0xF7, 0xA0, 0xFC, 0x04, 0xE0, 0x20, 0x1C, 0x44, 0x30, 0x00, 0x21
	.byte 0x1F, 0xF7, 0x9A, 0xFC, 0x20, 0x1C, 0xC8, 0x30, 0x01, 0x68, 0x00, 0x29, 0x01, 0xD1, 0x01, 0x20
	.byte 0x04, 0xE0, 0x20, 0x1C, 0x2A, 0xF0, 0x60, 0xFC, 0x00, 0x06, 0x00, 0x0E, 0x10, 0xBC, 0x02, 0xBC
	.byte 0x08, 0x47, 0x00, 0x00, 0x30, 0xB5, 0x84, 0xB0, 0x04, 0x1C, 0x60, 0x68, 0x00, 0x12, 0x16, 0x49
	.byte 0x0A, 0x68, 0x11, 0x68, 0x09, 0x12, 0x40, 0x1A, 0xA3, 0x68, 0x1B, 0x12, 0xE1, 0x68, 0x09, 0x12
	.byte 0x59, 0x18, 0x52, 0x68, 0x12, 0x12, 0x89, 0x1A, 0x9B, 0x00, 0x10, 0x4A, 0x15, 0x1C, 0xED, 0x1A
	.byte 0x2D, 0x04, 0x2D, 0x0C, 0x00, 0x04, 0x00, 0x14, 0x09, 0x04, 0x09, 0x14, 0x22, 0x1C, 0xC0, 0x32
	.byte 0x12, 0x68, 0x23, 0x1C, 0xB8, 0x33, 0x1B, 0x68, 0xBC, 0x34, 0x24, 0x68, 0x00, 0x94, 0x00, 0x24
	.byte 0x01, 0x94, 0x80, 0x24, 0x24, 0x01, 0x02, 0x94, 0x03, 0x95, 0x0F, 0xF7, 0x43, 0xFB, 0x04, 0xB0
	.byte 0x30, 0xBC, 0x01, 0xBC, 0x00, 0x47, 0x00, 0x00, 0xA0, 0x9B, 0x03, 0x02, 0xFC, 0xEF, 0xFF, 0xFF
	.byte 0x10, 0xB5, 0x04, 0x1C, 0xB8, 0x30, 0x00, 0x68, 0x0F, 0xF7, 0xA4, 0xFD, 0x20, 0x1C, 0xBC, 0x30
	.byte 0x00, 0x68, 0x0F, 0xF7, 0x47, 0xFF, 0x20, 0x1C, 0x44, 0x30, 0x1F, 0xF7, 0xBD, 0xFA, 0x10, 0xBC
	.byte 0x01, 0xBC, 0x00, 0x47, 0x70, 0xB5, 0x04, 0x1C, 0x25, 0x1D, 0x26, 0x1C, 0xA0, 0x36, 0x30, 0x1C
	.byte 0x12, 0xF7, 0x62, 0xFE, 0x21, 0x1C, 0xC0, 0x31, 0x08, 0x60, 0x28, 0x1C, 0x08, 0x21, 0x08, 0x22
	.byte 0xED, 0xF7, 0x98, 0xFA, 0x00, 0x06, 0x00, 0x28, 0x43, 0xD0, 0x20, 0x1C, 0xC4, 0x30, 0x00, 0x88
	.byte 0x2D, 0xF0, 0x58, 0xF8, 0x13, 0x48, 0x00, 0x68, 0x78, 0x30, 0x13, 0x49, 0x2A, 0x1C, 0x0E, 0xF7
	.byte 0x23, 0xF8, 0x22, 0x68, 0x11, 0x88, 0x02, 0x20, 0x08, 0x40, 0x00, 0x28, 0x05, 0xD1, 0x02, 0x20
	.byte 0x08, 0x43, 0x10, 0x80, 0x28, 0x1C, 0xF5, 0xF7, 0x7B, 0xFB, 0x0C, 0x48, 0x02, 0x68, 0x10, 0x68
	.byte 0x80, 0x21, 0x08, 0x43, 0x10, 0x60, 0x22, 0x68, 0x11, 0x88, 0x04, 0x20, 0x08, 0x40, 0x00, 0x28
	.byte 0x10, 0xD0, 0x07, 0x48, 0x08, 0x40, 0x10, 0x80, 0x30, 0x1C, 0x00, 0x21, 0x01, 0x22, 0x12, 0xF7
	.byte 0xCB, 0xFD, 0x0F, 0xE0, 0xA0, 0x9B, 0x03, 0x02, 0xC4, 0x6E, 0xEF, 0x09, 0xAC, 0xC7, 0x03, 0x02
	.byte 0xFB, 0xFF, 0x00, 0x00, 0x04, 0x20, 0x08, 0x43, 0x10, 0x80, 0x30, 0x1C, 0x01, 0x21, 0x01, 0x22
	.byte 0x12, 0xF7, 0xBA, 0xFD, 0x21, 0x1C, 0xC6, 0x31, 0x14, 0x20, 0x08, 0x80, 0x02, 0x31, 0x03, 0x48
	.byte 0x08, 0x60, 0x01, 0x20, 0x70, 0xBC, 0x02, 0xBC, 0x08, 0x47, 0x00, 0x00, 0x4D, 0x2E, 0x0F, 0x08
	.byte 0x10, 0xB5, 0x04, 0x1C, 0xA0, 0x30, 0x12, 0xF7, 0x07, 0xFE, 0x21, 0x1C, 0xC0, 0x31, 0x08, 0x60
	.byte 0x06, 0x31, 0x08, 0x88, 0x00, 0x28, 0x02, 0xD0, 0x01, 0x38, 0x08, 0x80, 0x0A, 0xE0, 0x07, 0x48
	.byte 0x02, 0x68, 0x10, 0x68, 0x81, 0x21, 0x49, 0x42, 0x08, 0x40, 0x10, 0x60, 0x21, 0x1C, 0xC8, 0x31
	.byte 0x03, 0x48, 0x08, 0x60, 0x01, 0x20, 0x10, 0xBC, 0x02, 0xBC, 0x08, 0x47, 0xAC, 0xC7, 0x03, 0x02
	.byte 0x91, 0x2D, 0x0F, 0x08, 0xF0, 0xB5, 0x05, 0x1C, 0x2F, 0x1D, 0x4E, 0x69, 0x29, 0x60, 0x38, 0x1C
	.byte 0x04, 0x31, 0x1C, 0xC9, 0x1C, 0xC0, 0x09, 0x68, 0x01, 0x60, 0x16, 0x20, 0x31, 0x5E, 0x09, 0x02
	.byte 0x68, 0x68, 0x40, 0x18, 0x68, 0x60, 0x18, 0x22, 0xB1, 0x5E, 0x09, 0x02, 0x78, 0x68, 0x40, 0x18
	.byte 0x78, 0x60, 0x1A, 0x23, 0xF1, 0x5E, 0x09, 0x02, 0xB8, 0x68, 0x40, 0x18, 0xB8, 0x60, 0xF0, 0x8B
	.byte 0x78, 0x83, 0x30, 0x89, 0x71, 0x68, 0x0F, 0xF7, 0x11, 0xFD, 0x29, 0x1C, 0xB8, 0x31, 0x08, 0x60
	.byte 0x30, 0x68, 0x20, 0x21, 0x0F, 0xF7, 0x98, 0xFD, 0x29, 0x1C, 0xBC, 0x31, 0x08, 0x60, 0x2C, 0x1C
	.byte 0xA0, 0x34, 0x31, 0x69, 0xF2, 0x68, 0x20, 0x1C, 0x12, 0xF7, 0x38, 0xFD, 0x28, 0x68, 0x01, 0x88
	.byte 0x04, 0x20, 0x08, 0x40, 0x00, 0x28, 0x05, 0xD0, 0x20, 0x1C, 0x01, 0x21, 0x01, 0x22, 0x12, 0xF7
	.byte 0x4B, 0xFD, 0x04, 0xE0, 0x20, 0x1C, 0x00, 0x21, 0x01, 0x22, 0x12, 0xF7, 0x45, 0xFD, 0x28, 0x1C
	.byte 0xA0, 0x30, 0x12, 0xF7, 0xED, 0xFD, 0x29, 0x1C, 0xC0, 0x31, 0x08, 0x60, 0x28, 0x1C, 0xB8, 0x30
	.byte 0x00, 0x68, 0x71, 0x68, 0x0F, 0xF7, 0x6E, 0xFD, 0x2C, 0x1C, 0x44, 0x34, 0xB2, 0x8B, 0xF3, 0x8B
	.byte 0x20, 0x1C, 0x06, 0x21, 0x1F, 0xF7, 0xB4, 0xF9, 0x39, 0x68, 0x7A, 0x68, 0xBB, 0x68, 0x20, 0x1C
	.byte 0x1F, 0xF7, 0xEA, 0xF9, 0x31, 0x8C, 0x28, 0x1C, 0xC4, 0x30, 0x01, 0x80, 0x29, 0x1C, 0xC8, 0x31
	.byte 0x02, 0x48, 0x08, 0x60, 0xF0, 0xBC, 0x01, 0xBC, 0x00, 0x47, 0x00, 0x00, 0x91, 0x2D, 0x0F, 0x08
	.byte 0x10, 0xB5, 0x04, 0x1C, 0xED, 0xF7, 0x0E, 0xFA, 0x00, 0x06, 0x00, 0x28, 0x01, 0xD0, 0x00, 0x20
	.byte 0x1C, 0xE0, 0x20, 0x1D, 0xF5, 0xF7, 0xF8, 0xF9, 0x00, 0x06, 0x00, 0x28, 0x05, 0xD0, 0x20, 0x1C
	.byte 0x44, 0x30, 0x01, 0x21, 0x1F, 0xF7, 0x40, 0xFB, 0x04, 0xE0, 0x20, 0x1C, 0x44, 0x30, 0x00, 0x21
	.byte 0x1F, 0xF7, 0x3A, 0xFB, 0x20, 0x1C, 0xC8, 0x30, 0x01, 0x68, 0x00, 0x29, 0x01, 0xD1, 0x01, 0x20
	.byte 0x04, 0xE0, 0x20, 0x1C, 0x2A, 0xF0, 0x00, 0xFB, 0x00, 0x06, 0x00, 0x0E, 0x10, 0xBC, 0x02, 0xBC
	.byte 0x08, 0x47, 0x00, 0x00, 0x30, 0xB5, 0x84, 0xB0, 0x04, 0x1C, 0x60, 0x68, 0x00, 0x12, 0x16, 0x49
	.byte 0x0A, 0x68, 0x11, 0x68, 0x09, 0x12, 0x40, 0x1A, 0xA3, 0x68, 0x1B, 0x12, 0xE1, 0x68, 0x09, 0x12
	.byte 0x59, 0x18, 0x52, 0x68, 0x12, 0x12, 0x89, 0x1A, 0x9B, 0x00, 0x10, 0x4A, 0x15, 0x1C, 0xED, 0x1A
	.byte 0x2D, 0x04, 0x2D, 0x0C, 0x00, 0x04, 0x00, 0x14, 0x09, 0x04, 0x09, 0x14, 0x22, 0x1C, 0xC0, 0x32
	.byte 0x12, 0x68, 0x23, 0x1C, 0xB8, 0x33, 0x1B, 0x68, 0xBC, 0x34, 0x24, 0x68, 0x00, 0x94, 0x00, 0x24
	.byte 0x01, 0x94, 0x80, 0x24, 0x24, 0x01, 0x02, 0x94, 0x03, 0x95, 0x0F, 0xF7, 0xE3, 0xF9, 0x04, 0xB0
	.byte 0x30, 0xBC, 0x01, 0xBC, 0x00, 0x47, 0x00, 0x00, 0xA0, 0x9B, 0x03, 0x02, 0xFC, 0xEF, 0xFF, 0xFF
	.byte 0x10, 0xB5, 0x04, 0x1C, 0xB8, 0x30, 0x00, 0x68, 0x0F, 0xF7, 0x44, 0xFC, 0x20, 0x1C, 0xBC, 0x30
	.byte 0x00, 0x68, 0x0F, 0xF7, 0xE7, 0xFD, 0x20, 0x1C, 0x44, 0x30, 0x1F, 0xF7, 0x5D, 0xF9, 0x10, 0xBC
	.byte 0x01, 0xBC, 0x00, 0x47, 0x70, 0xB5, 0x04, 0x1C, 0x25, 0x1C, 0xA0, 0x35, 0x28, 0x1C, 0x12, 0xF7
	.byte 0x03, 0xFD, 0x26, 0x1C, 0xC0, 0x36, 0x30, 0x60, 0x20, 0x1C, 0x44, 0x30, 0x01, 0x21, 0x1F, 0xF7
	.byte 0xF9, 0xFA, 0x00, 0x06, 0x00, 0x28, 0x20, 0xD0, 0x20, 0x1C, 0x72, 0x30, 0x01, 0x88, 0x02, 0x23
	.byte 0x18, 0x1C, 0x08, 0x40, 0x00, 0x28, 0x18, 0xD0, 0x22, 0x68, 0x11, 0x88, 0x18, 0x1C, 0x08, 0x40
	.byte 0x00, 0x28, 0x05, 0xD1, 0x02, 0x20, 0x08, 0x43, 0x10, 0x80, 0x20, 0x1D, 0xF5, 0xF7, 0x20, 0xFA
	.byte 0x28, 0x1C, 0x01, 0x21, 0x00, 0x22, 0x12, 0xF7, 0x7F, 0xFC, 0x28, 0x1C, 0x12, 0xF7, 0x28, 0xFD
	.byte 0x30, 0x60, 0x21, 0x1C, 0xC4, 0x31, 0x03, 0x48, 0x08, 0x60, 0x01, 0x20, 0x70, 0xBC, 0x02, 0xBC
	.byte 0x08, 0x47, 0x00, 0x00, 0xC5, 0x30, 0x0F, 0x08, 0x30, 0xB5, 0x04, 0x1C, 0x25, 0x1C, 0xA0, 0x35
	.byte 0x28, 0x1C, 0x12, 0xF7, 0xC9, 0xFC, 0x21, 0x1C, 0xC0, 0x31, 0x08, 0x60, 0x20, 0x1C, 0x44, 0x30
	.byte 0x01, 0x21, 0x1F, 0xF7, 0xBF, 0xFA, 0x00, 0x06, 0x00, 0x28, 0x08, 0xD1, 0x28, 0x1C, 0x02, 0x21
	.byte 0x00, 0x22, 0x12, 0xF7, 0x59, 0xFC, 0x21, 0x1C, 0xC4, 0x31, 0x03, 0x48, 0x08, 0x60, 0x01, 0x20
	.byte 0x30, 0xBC, 0x02, 0xBC, 0x08, 0x47, 0x00, 0x00, 0x09, 0x31, 0x0F, 0x08, 0x30, 0xB5, 0x05, 0x1C
	.byte 0x2C, 0x1C, 0xA0, 0x34, 0x20, 0x1C, 0x12, 0xF7, 0x03, 0xFD, 0x00, 0x06, 0x00, 0x28, 0x0F, 0xD0
	.byte 0x20, 0x1C, 0x00, 0x21, 0x01, 0x22, 0x12, 0xF7, 0x3F, 0xFC, 0x20, 0x1C, 0x12, 0xF7, 0xE8, 0xFC
	.byte 0x29, 0x1C, 0xC0, 0x31, 0x08, 0x60, 0x04, 0x31, 0x00, 0x48, 0x06, 0xE0, 0x51, 0x30, 0x0F, 0x08
	.byte 0x20, 0x1C, 0x12, 0xF7, 0x91, 0xFC, 0x29, 0x1C, 0xC0, 0x31, 0x08, 0x60, 0x01, 0x20, 0x30, 0xBC
	.byte 0x02, 0xBC, 0x08, 0x47, 0xF0, 0xB5, 0x47, 0x46, 0x80, 0xB4, 0x07, 0x1C, 0x3E, 0x1D, 0x4D, 0x69
	.byte 0x39, 0x60, 0x30, 0x1C, 0x04, 0x31, 0x1C, 0xC9, 0x1C, 0xC0, 0x09, 0x68, 0x01, 0x60, 0x16, 0x20
	.byte 0x29, 0x5E, 0x09, 0x02, 0x78, 0x68, 0x40, 0x18, 0x78, 0x60, 0x18, 0x22, 0xA9, 0x5E, 0x09, 0x02
	.byte 0x70, 0x68, 0x40, 0x18, 0x70, 0x60, 0x1A, 0x23, 0xE9, 0x5E, 0x09, 0x02, 0xB0, 0x68, 0x40, 0x18
	.byte 0xB0, 0x60, 0xE8, 0x8B, 0x70, 0x83, 0x28, 0x89, 0x69, 0x68, 0x0F, 0xF7, 0xAF, 0xFB, 0xB8, 0x24
	.byte 0xE4, 0x19, 0xA0, 0x46, 0x20, 0x60, 0x28, 0x68, 0x20, 0x21, 0x0F, 0xF7, 0x35, 0xFC, 0x39, 0x1C
	.byte 0xBC, 0x31, 0x08, 0x60, 0x3C, 0x1C, 0xA0, 0x34, 0x29, 0x69, 0xEA, 0x68, 0x20, 0x1C, 0x12, 0xF7
	.byte 0xD5, 0xFB, 0x20, 0x1C, 0x00, 0x21, 0x01, 0x22, 0x12, 0xF7, 0xEE, 0xFB, 0x20, 0x1C, 0x12, 0xF7
	.byte 0x97, 0xFC, 0x39, 0x1C, 0xC0, 0x31, 0x08, 0x60, 0x41, 0x46, 0x08, 0x68, 0x69, 0x68, 0x0F, 0xF7
	.byte 0x19, 0xFC, 0x5C, 0x3C, 0xAA, 0x8B, 0xEB, 0x8B, 0x20, 0x1C, 0x06, 0x21, 0x1F, 0xF7, 0x60, 0xF8
	.byte 0x79, 0x68, 0x72, 0x68, 0xB3, 0x68, 0x20, 0x1C, 0x1F, 0xF7, 0x96, 0xF8, 0x39, 0x1C, 0xC4, 0x31
	.byte 0x03, 0x48, 0x08, 0x60, 0x08, 0xBC, 0x98, 0x46, 0xF0, 0xBC, 0x01, 0xBC, 0x00, 0x47, 0x00, 0x00
	.byte 0x51, 0x30, 0x0F, 0x08, 0x10, 0xB5, 0x04, 0x1C, 0xED, 0xF7, 0xBC, 0xF8, 0x00, 0x06, 0x00, 0x28
	.byte 0x01, 0xD0, 0x00, 0x20, 0x1C, 0xE0, 0x20, 0x1D, 0xF5, 0xF7, 0xA6, 0xF8, 0x00, 0x06, 0x00, 0x28
	.byte 0x05, 0xD0, 0x20, 0x1C, 0x44, 0x30, 0x01, 0x21, 0x1F, 0xF7, 0xEE, 0xF9, 0x04, 0xE0, 0x20, 0x1C
	.byte 0x44, 0x30, 0x00, 0x21, 0x1F, 0xF7, 0xE8, 0xF9, 0x20, 0x1C, 0xC4, 0x30, 0x01, 0x68, 0x00, 0x29
	.byte 0x01, 0xD1, 0x01, 0x20, 0x04, 0xE0, 0x20, 0x1C, 0x2A, 0xF0, 0xAE, 0xF9, 0x00, 0x06, 0x00, 0x0E
	.byte 0x10, 0xBC, 0x02, 0xBC, 0x08, 0x47, 0x00, 0x00, 0x30, 0xB5, 0x84, 0xB0, 0x04, 0x1C, 0x60, 0x68
	.byte 0x00, 0x12, 0x16, 0x49, 0x0A, 0x68, 0x11, 0x68, 0x09, 0x12, 0x40, 0x1A, 0xA3, 0x68, 0x1B, 0x12
	.byte 0xE1, 0x68, 0x09, 0x12, 0x59, 0x18, 0x52, 0x68, 0x12, 0x12, 0x89, 0x1A, 0x9B, 0x00, 0x10, 0x4A
	.byte 0x15, 0x1C, 0xED, 0x1A, 0x2D, 0x04, 0x2D, 0x0C, 0x00, 0x04, 0x00, 0x14, 0x09, 0x04, 0x09, 0x14
	.byte 0x22, 0x1C, 0xC0, 0x32, 0x12, 0x68, 0x23, 0x1C, 0xB8, 0x33, 0x1B, 0x68, 0xBC, 0x34, 0x24, 0x68
	.byte 0x00, 0x94, 0x00, 0x24, 0x01, 0x94, 0x80, 0x24, 0x24, 0x01, 0x02, 0x94, 0x03, 0x95, 0x0F, 0xF7
	.byte 0x91, 0xF8, 0x04, 0xB0, 0x30, 0xBC, 0x01, 0xBC, 0x00, 0x47, 0x00, 0x00, 0xA0, 0x9B, 0x03, 0x02
	.byte 0xFC, 0xEF, 0xFF, 0xFF, 0x10, 0xB5, 0x04, 0x1C, 0xB8, 0x30, 0x00, 0x68, 0x0F, 0xF7, 0xF2, 0xFA
	.byte 0x20, 0x1C, 0xBC, 0x30, 0x00, 0x68, 0x0F, 0xF7, 0x95, 0xFC, 0x20, 0x1C, 0x44, 0x30, 0x1F, 0xF7
	.byte 0x0B, 0xF8, 0x10, 0xBC, 0x01, 0xBC, 0x00, 0x47, 0x30, 0xB5, 0x05, 0x1C, 0x2C, 0x1D, 0x20, 0x1C
	.byte 0x08, 0x21, 0x08, 0x22, 0xEC, 0xF7, 0xEE, 0xFF, 0x00, 0x06, 0x00, 0x28, 0x30, 0xD0, 0x28, 0x1C
	.byte 0xC8, 0x30, 0x00, 0x88, 0x2C, 0xF0, 0xAE, 0xFD, 0x17, 0x48, 0x00, 0x68, 0x78, 0x30, 0x17, 0x49
	.byte 0x22, 0x1C, 0x0D, 0xF7, 0x79, 0xFD, 0x2A, 0x68, 0x11, 0x88, 0x02, 0x20, 0x08, 0x40, 0x00, 0x28
	.byte 0x05, 0xD1, 0x02, 0x20, 0x08, 0x43, 0x10, 0x80, 0x20, 0x1C, 0xF5, 0xF7, 0xD1, 0xF8, 0x10, 0x48
	.byte 0x02, 0x68, 0x10, 0x68, 0x80, 0x21, 0x08, 0x43, 0x10, 0x60, 0x2C, 0x1C, 0xA0, 0x34, 0x20, 0x1C
	.byte 0x01, 0x21, 0x00, 0x22, 0x12, 0xF7, 0x28, 0xFB, 0x20, 0x1C, 0x12, 0xF7, 0xD1, 0xFB, 0x29, 0x1C
	.byte 0xC4, 0x31, 0x08, 0x60, 0x06, 0x31, 0x01, 0x20, 0x08, 0x70, 0x02, 0x31, 0x05, 0x48, 0x08, 0x60
	.byte 0x01, 0x20, 0x30, 0xBC, 0x02, 0xBC, 0x08, 0x47, 0xA0, 0x9B, 0x03, 0x02, 0xC4, 0x6E, 0xEF, 0x09
	.byte 0xAC, 0xC7, 0x03, 0x02, 0x85, 0x33, 0x0F, 0x08, 0x30, 0xB5, 0x04, 0x1C, 0x25, 0x1C, 0xA0, 0x35
	.byte 0x28, 0x1C, 0x12, 0xF7, 0xC5, 0xFB, 0x00, 0x06, 0x00, 0x28, 0x05, 0xD1, 0x28, 0x1C, 0x12, 0xF7
	.byte 0x63, 0xFB, 0x21, 0x1C, 0xC4, 0x31, 0x0C, 0xE0, 0x08, 0x48, 0x02, 0x68, 0x10, 0x68, 0x81, 0x21
	.byte 0x49, 0x42, 0x08, 0x40, 0x10, 0x60, 0x21, 0x1C, 0xCA, 0x31, 0x00, 0x20, 0x08, 0x70, 0x02, 0x31
	.byte 0x03, 0x48, 0x08, 0x60, 0x01, 0x20, 0x30, 0xBC, 0x02, 0xBC, 0x08, 0x47, 0xAC, 0xC7, 0x03, 0x02
	.byte 0xF5, 0x32, 0x0F, 0x08, 0xF0, 0xB5, 0x47, 0x46, 0x80, 0xB4, 0x07, 0x1C, 0x3E, 0x1D, 0x4D, 0x69
	.byte 0x39, 0x60, 0x30, 0x1C, 0x04, 0x31, 0x1C, 0xC9, 0x1C, 0xC0, 0x09, 0x68, 0x01, 0x60, 0x16, 0x20
	.byte 0x29, 0x5E, 0x09, 0x02, 0x78, 0x68, 0x40, 0x18, 0x78, 0x60, 0x18, 0x22, 0xA9, 0x5E, 0x09, 0x02
	.byte 0x70, 0x68, 0x40, 0x18, 0x70, 0x60, 0x1A, 0x23, 0xE9, 0x5E, 0x09, 0x02, 0xB0, 0x68, 0x40, 0x18
	.byte 0xB0, 0x60, 0xE8, 0x8B, 0x00, 0x24, 0xA0, 0x46, 0x70, 0x83, 0x68, 0x68, 0x29, 0x89, 0x0F, 0xF7
	.byte 0x43, 0xF9, 0x39, 0x1C, 0xB8, 0x31, 0x08, 0x60, 0x28, 0x68, 0x20, 0x21, 0x0F, 0xF7, 0xF4, 0xFA
	.byte 0x39, 0x1C, 0xBC, 0x31, 0x08, 0x60, 0x3C, 0x1C, 0xA0, 0x34, 0x29, 0x69, 0xEA, 0x68, 0x20, 0x1C
	.byte 0x12, 0xF7, 0x94, 0xFA, 0x20, 0x1C, 0x00, 0x21, 0x01, 0x22, 0x12, 0xF7, 0xAD, 0xFA, 0x20, 0x1C
	.byte 0x12, 0xF7, 0x56, 0xFB, 0x39, 0x1C, 0xC0, 0x31, 0x08, 0x60, 0x5C, 0x3C, 0xAA, 0x8B, 0xEB, 0x8B
	.byte 0x20, 0x1C, 0x06, 0x21, 0x1E, 0xF7, 0x24, 0xFF, 0x79, 0x68, 0x72, 0x68, 0xB3, 0x68, 0x20, 0x1C
	.byte 0x1E, 0xF7, 0x5A, 0xFF, 0x29, 0x8C, 0x38, 0x1C, 0xC8, 0x30, 0x01, 0x80, 0x02, 0x30, 0x41, 0x46
	.byte 0x01, 0x70, 0x39, 0x1C, 0xCC, 0x31, 0x03, 0x48, 0x08, 0x60, 0x08, 0xBC, 0x98, 0x46, 0xF0, 0xBC
	.byte 0x01, 0xBC, 0x00, 0x47, 0xF5, 0x32, 0x0F, 0x08, 0x10, 0xB5, 0x04, 0x1C, 0xEC, 0xF7, 0x7A, 0xFF
	.byte 0x00, 0x06, 0x00, 0x28, 0x01, 0xD0, 0x00, 0x20, 0x1C, 0xE0, 0x20, 0x1D, 0xF4, 0xF7, 0x64, 0xFF
	.byte 0x00, 0x06, 0x00, 0x28, 0x05, 0xD0, 0x20, 0x1C, 0x44, 0x30, 0x01, 0x21, 0x1F, 0xF7, 0xAC, 0xF8
	.byte 0x04, 0xE0, 0x20, 0x1C, 0x44, 0x30, 0x00, 0x21, 0x1F, 0xF7, 0xA6, 0xF8, 0x20, 0x1C, 0xCC, 0x30
	.byte 0x01, 0x68, 0x00, 0x29, 0x01, 0xD1, 0x01, 0x20, 0x04, 0xE0, 0x20, 0x1C, 0x2A, 0xF0, 0x6C, 0xF8
	.byte 0x00, 0x06, 0x00, 0x0E, 0x10, 0xBC, 0x02, 0xBC, 0x08, 0x47, 0x00, 0x00, 0xF0, 0xB5, 0x57, 0x46
	.byte 0x4E, 0x46, 0x45, 0x46, 0xE0, 0xB4, 0x84, 0xB0, 0x05, 0x1C, 0x6B, 0x68, 0x1B, 0x12, 0x26, 0x48
	.byte 0x04, 0x68, 0x20, 0x68, 0x00, 0x12, 0x1B, 0x1A, 0xAA, 0x68, 0x12, 0x12, 0xE9, 0x68, 0x09, 0x12
	.byte 0x51, 0x18, 0x60, 0x68, 0x00, 0x12, 0x09, 0x1A, 0x92, 0x00, 0x20, 0x4C, 0x20, 0x1C, 0x80, 0x1A
	.byte 0x00, 0x04, 0x07, 0x0C, 0x1B, 0x04, 0x1B, 0x14, 0x99, 0x46, 0x09, 0x04, 0x09, 0x14, 0x88, 0x46
	.byte 0x28, 0x1C, 0xC0, 0x30, 0x02, 0x68, 0x2E, 0x1C, 0xB8, 0x36, 0x33, 0x68, 0x2C, 0x1C, 0xBC, 0x34
	.byte 0x20, 0x68, 0x00, 0x90, 0x00, 0x20, 0x01, 0x90, 0x80, 0x20, 0x00, 0x01, 0x82, 0x46, 0x02, 0x90
	.byte 0x03, 0x97, 0x48, 0x46, 0x0E, 0xF7, 0x46, 0xFF, 0x28, 0x1C, 0xCA, 0x30, 0x00, 0x78, 0x00, 0x28
	.byte 0x11, 0xD0, 0x28, 0x1C, 0xC4, 0x30, 0x02, 0x68, 0x33, 0x68, 0x20, 0x68, 0x00, 0x90, 0x00, 0x24
	.byte 0x01, 0x94, 0x50, 0x46, 0x02, 0x90, 0x78, 0x1E, 0x00, 0x04, 0x00, 0x0C, 0x03, 0x90, 0x48, 0x46
	.byte 0x41, 0x46, 0x0E, 0xF7, 0x2F, 0xFF, 0x04, 0xB0, 0x38, 0xBC, 0x98, 0x46, 0xA1, 0x46, 0xAA, 0x46
	.byte 0xF0, 0xBC, 0x01, 0xBC, 0x00, 0x47, 0x00, 0x00, 0xA0, 0x9B, 0x03, 0x02, 0xFC, 0xEF, 0xFF, 0xFF
	.byte 0x10, 0xB5, 0x04, 0x1C, 0xB8, 0x30, 0x00, 0x68, 0x0F, 0xF7, 0x8C, 0xF9, 0x20, 0x1C, 0xBC, 0x30
	.byte 0x00, 0x68, 0x0F, 0xF7, 0x2F, 0xFB, 0x20, 0x1C, 0x44, 0x30, 0x1E, 0xF7, 0xA5, 0xFE, 0x10, 0xBC
	.byte 0x01, 0xBC, 0x00, 0x47, 0x70, 0xB5, 0x04, 0x1C, 0x25, 0x1C, 0xA0, 0x35, 0x28, 0x1C, 0x12, 0xF7
	.byte 0x4B, 0xFA, 0x26, 0x1C, 0xC4, 0x36, 0x30, 0x60, 0x20, 0x1C, 0x44, 0x30, 0x01, 0x21, 0x1F, 0xF7
	.byte 0x41, 0xF8, 0x00, 0x06, 0x00, 0x28, 0x23, 0xD0, 0x20, 0x1C, 0x72, 0x30, 0x01, 0x88, 0x02, 0x23
	.byte 0x18, 0x1C, 0x08, 0x40, 0x00, 0x28, 0x1B, 0xD0, 0x22, 0x68, 0x11, 0x88, 0x18, 0x1C, 0x08, 0x40
	.byte 0x00, 0x28, 0x05, 0xD1, 0x02, 0x20, 0x08, 0x43, 0x10, 0x80, 0x20, 0x1D, 0xF4, 0xF7, 0x68, 0xFF
	.byte 0x28, 0x1C, 0x01, 0x21, 0x00, 0x22, 0x12, 0xF7, 0xC7, 0xF9, 0x28, 0x1C, 0x12, 0xF7, 0x70, 0xFA
	.byte 0x30, 0x60, 0x21, 0x1C, 0xC8, 0x31, 0x01, 0x20, 0x08, 0x70, 0x04, 0x31, 0x02, 0x48, 0x08, 0x60
	.byte 0x01, 0x20, 0x70, 0xBC, 0x02, 0xBC, 0x08, 0x47, 0x39, 0x36, 0x0F, 0x08, 0x30, 0xB5, 0x04, 0x1C
	.byte 0x25, 0x1C, 0xA0, 0x35, 0x28, 0x1C, 0x12, 0xF7, 0x6B, 0xFA, 0x00, 0x06, 0x00, 0x28, 0x09, 0xD0
	.byte 0x21, 0x1C, 0xC8, 0x31, 0x00, 0x20, 0x08, 0x70, 0x04, 0x31, 0x01, 0x48, 0x07, 0xE0, 0x00, 0x00
	.byte 0x75, 0x36, 0x0F, 0x08, 0x28, 0x1C, 0x12, 0xF7, 0xFF, 0xF9, 0x21, 0x1C, 0xC4, 0x31, 0x08, 0x60
	.byte 0x01, 0x20, 0x30, 0xBC, 0x02, 0xBC, 0x08, 0x47, 0x10, 0xB5, 0x04, 0x1C, 0x44, 0x30, 0x01, 0x21
	.byte 0x1E, 0xF7, 0xF0, 0xFF, 0x00, 0x06, 0x00, 0x28, 0x03, 0xD1, 0x21, 0x1C, 0xCC, 0x31, 0x03, 0x48
	.byte 0x08, 0x60, 0x01, 0x20, 0x10, 0xBC, 0x02, 0xBC, 0x08, 0x47, 0x00, 0x00, 0xC1, 0x35, 0x0F, 0x08
	.byte 0xF0, 0xB5, 0x47, 0x46, 0x80, 0xB4, 0x07, 0x1C, 0x3E, 0x1D, 0x4D, 0x69, 0x39, 0x60, 0x30, 0x1C
	.byte 0x04, 0x31, 0x1C, 0xC9, 0x1C, 0xC0, 0x09, 0x68, 0x01, 0x60, 0x16, 0x20, 0x29, 0x5E, 0x09, 0x02
	.byte 0x78, 0x68, 0x40, 0x18, 0x78, 0x60, 0x18, 0x22, 0xA9, 0x5E, 0x09, 0x02, 0x70, 0x68, 0x40, 0x18
	.byte 0x70, 0x60, 0x1A, 0x23, 0xE9, 0x5E, 0x09, 0x02, 0xB0, 0x68, 0x40, 0x18, 0xB0, 0x60, 0xE8, 0x8B
	.byte 0x00, 0x24, 0xA0, 0x46, 0x70, 0x83, 0x68, 0x68, 0x29, 0x89, 0x0E, 0xF7, 0xDD, 0xFF, 0x39, 0x1C
	.byte 0xB8, 0x31, 0x08, 0x60, 0x28, 0x68, 0x20, 0x21, 0x0F, 0xF7, 0x8E, 0xF9, 0x39, 0x1C, 0xBC, 0x31
	.byte 0x08, 0x60, 0x3C, 0x1C, 0xA0, 0x34, 0x29, 0x69, 0xEA, 0x68, 0x20, 0x1C, 0x12, 0xF7, 0x2E, 0xF9
	.byte 0x20, 0x1C, 0x00, 0x21, 0x01, 0x22, 0x12, 0xF7, 0x47, 0xF9, 0x20, 0x1C, 0x12, 0xF7, 0xF0, 0xF9
	.byte 0x39, 0x1C, 0xC0, 0x31, 0x08, 0x60, 0x5C, 0x3C, 0xAA, 0x8B, 0xEB, 0x8B, 0x20, 0x1C, 0x06, 0x21
	.byte 0x1E, 0xF7, 0xBE, 0xFD, 0x79, 0x68, 0x72, 0x68, 0xB3, 0x68, 0x20, 0x1C, 0x1E, 0xF7, 0xF4, 0xFD
	.byte 0x38, 0x1C, 0xC8, 0x30, 0x41, 0x46, 0x01, 0x70, 0x39, 0x1C, 0xCC, 0x31, 0x03, 0x48, 0x08, 0x60
	.byte 0x08, 0xBC, 0x98, 0x46, 0xF0, 0xBC, 0x01, 0xBC, 0x00, 0x47, 0x00, 0x00, 0xC1, 0x35, 0x0F, 0x08
	.byte 0x10, 0xB5, 0x04, 0x1C, 0xEC, 0xF7, 0x16, 0xFE, 0x00, 0x06, 0x00, 0x28, 0x01, 0xD0, 0x00, 0x20
	.byte 0x1C, 0xE0, 0x20, 0x1D, 0xF4, 0xF7, 0x00, 0xFE, 0x00, 0x06, 0x00, 0x28, 0x05, 0xD0, 0x20, 0x1C
	.byte 0x44, 0x30, 0x01, 0x21, 0x1E, 0xF7, 0x48, 0xFF, 0x04, 0xE0, 0x20, 0x1C, 0x44, 0x30, 0x00, 0x21
	.byte 0x1E, 0xF7, 0x42, 0xFF, 0x20, 0x1C, 0xCC, 0x30, 0x01, 0x68, 0x00, 0x29, 0x01, 0xD1, 0x01, 0x20
	.byte 0x04, 0xE0, 0x20, 0x1C, 0x29, 0xF0, 0x08, 0xFF, 0x00, 0x06, 0x00, 0x0E, 0x10, 0xBC, 0x02, 0xBC
	.byte 0x08, 0x47, 0x00, 0x00, 0xF0, 0xB5, 0x57, 0x46, 0x4E, 0x46, 0x45, 0x46, 0xE0, 0xB4, 0x84, 0xB0
	.byte 0x05, 0x1C, 0x6B, 0x68, 0x1B, 0x12, 0x26, 0x48, 0x04, 0x68, 0x20, 0x68, 0x00, 0x12, 0x1B, 0x1A
	.byte 0xAA, 0x68, 0x12, 0x12, 0xE9, 0x68, 0x09, 0x12, 0x51, 0x18, 0x60, 0x68, 0x00, 0x12, 0x09, 0x1A
	.byte 0x92, 0x00, 0x20, 0x4C, 0x20, 0x1C, 0x80, 0x1A, 0x00, 0x04, 0x07, 0x0C, 0x1B, 0x04, 0x1B, 0x14
	.byte 0x99, 0x46, 0x09, 0x04, 0x09, 0x14, 0x88, 0x46, 0x28, 0x1C, 0xC0, 0x30, 0x02, 0x68, 0x2E, 0x1C
	.byte 0xB8, 0x36, 0x33, 0x68, 0x2C, 0x1C, 0xBC, 0x34, 0x20, 0x68, 0x00, 0x90, 0x00, 0x20, 0x01, 0x90
	.byte 0x80, 0x20, 0x00, 0x01, 0x82, 0x46, 0x02, 0x90, 0x03, 0x97, 0x48, 0x46, 0x0E, 0xF7, 0xE2, 0xFD
	.byte 0x28, 0x1C, 0xC8, 0x30, 0x00, 0x78, 0x00, 0x28, 0x11, 0xD0, 0x28, 0x1C, 0xC4, 0x30, 0x02, 0x68
	.byte 0x33, 0x68, 0x20, 0x68, 0x00, 0x90, 0x00, 0x24, 0x01, 0x94, 0x50, 0x46, 0x02, 0x90, 0x78, 0x1E
	.byte 0x00, 0x04, 0x00, 0x0C, 0x03, 0x90, 0x48, 0x46, 0x41, 0x46, 0x0E, 0xF7, 0xCB, 0xFD, 0x04, 0xB0
	.byte 0x38, 0xBC, 0x98, 0x46, 0xA1, 0x46, 0xAA, 0x46, 0xF0, 0xBC, 0x01, 0xBC, 0x00, 0x47, 0x00, 0x00
	.byte 0xA0, 0x9B, 0x03, 0x02, 0xFC, 0xEF, 0xFF, 0xFF, 0x10, 0xB5, 0x04, 0x1C, 0xB8, 0x30, 0x00, 0x68
	.byte 0x0F, 0xF7, 0x28, 0xF8, 0x20, 0x1C, 0xBC, 0x30, 0x00, 0x68, 0x0F, 0xF7, 0xCB, 0xF9, 0x20, 0x1C
	.byte 0x44, 0x30, 0x1E, 0xF7, 0x41, 0xFD, 0x10, 0xBC, 0x01, 0xBC, 0x00, 0x47, 0xF0, 0xB5, 0x06, 0x1C
	.byte 0x35, 0x1D, 0x4F, 0x69, 0x31, 0x60, 0x28, 0x1C, 0x04, 0x31, 0x1C, 0xC9, 0x1C, 0xC0, 0x09, 0x68
	.byte 0x01, 0x60, 0x16, 0x20, 0x39, 0x5E, 0x09, 0x02, 0x70, 0x68, 0x40, 0x18, 0x70, 0x60, 0x18, 0x22
	.byte 0xB9, 0x5E, 0x09, 0x02, 0x68, 0x68, 0x40, 0x18, 0x68, 0x60, 0x1A, 0x23, 0xF9, 0x5E, 0x09, 0x02
	.byte 0xA8, 0x68, 0x40, 0x18, 0xA8, 0x60, 0xF8, 0x8B, 0x68, 0x83, 0x78, 0x68, 0x39, 0x89, 0x0E, 0xF7
	.byte 0xEB, 0xFE, 0x31, 0x1C, 0xB8, 0x31, 0x08, 0x60, 0x38, 0x68, 0x20, 0x21, 0x0F, 0xF7, 0x9C, 0xF8
	.byte 0x31, 0x1C, 0xBC, 0x31, 0x08, 0x60, 0x34, 0x1C, 0xA0, 0x34, 0x39, 0x69, 0xFA, 0x68, 0x20, 0x1C
	.byte 0x12, 0xF7, 0x3C, 0xF8, 0x20, 0x1C, 0x00, 0x21, 0x01, 0x22, 0x12, 0xF7, 0x55, 0xF8, 0x20, 0x1C
	.byte 0x12, 0xF7, 0xFE, 0xF8, 0x31, 0x1C, 0xC0, 0x31, 0x08, 0x60, 0x5C, 0x3C, 0xBA, 0x8B, 0xFB, 0x8B
	.byte 0x20, 0x1C, 0x06, 0x21, 0x1E, 0xF7, 0xCC, 0xFC, 0x71, 0x68, 0x6A, 0x68, 0xAB, 0x68, 0x20, 0x1C
	.byte 0x1E, 0xF7, 0x02, 0xFD, 0x28, 0x1C, 0xF4, 0xF7, 0x27, 0xFD, 0x00, 0x06, 0x00, 0x28, 0x03, 0xD0
	.byte 0x20, 0x1C, 0x01, 0x21, 0x1E, 0xF7, 0x70, 0xFE, 0xB9, 0x8B, 0x30, 0x1C, 0xC4, 0x30, 0x01, 0x80
	.byte 0x31, 0x1C, 0xC9, 0x31, 0x00, 0x20, 0x08, 0x70, 0x01, 0x39, 0x01, 0x20, 0x08, 0x70, 0x02, 0x39
	.byte 0x00, 0x20, 0x08, 0x80, 0xF0, 0xBC, 0x01, 0xBC, 0x00, 0x47, 0x00, 0x00, 0x30, 0xB5, 0x04, 0x1C
	.byte 0x25, 0x1D, 0xEC, 0xF7, 0x17, 0xFD, 0x00, 0x06, 0x00, 0x28, 0x01, 0xD0, 0x00, 0x20, 0x34, 0xE0
	.byte 0x28, 0x1C, 0xF4, 0xF7, 0x01, 0xFD, 0x00, 0x06, 0x00, 0x28, 0x05, 0xD0, 0x20, 0x1C, 0x44, 0x30
	.byte 0x01, 0x21, 0x1E, 0xF7, 0x49, 0xFE, 0x04, 0xE0, 0x20, 0x1C, 0x44, 0x30, 0x00, 0x21, 0x1E, 0xF7
	.byte 0x43, 0xFE, 0x20, 0x68, 0x01, 0x88, 0x02, 0x22, 0x10, 0x1C, 0x08, 0x40, 0x00, 0x28, 0x1B, 0xD1
	.byte 0x20, 0x1C, 0x72, 0x30, 0x01, 0x88, 0x10, 0x1C, 0x08, 0x40, 0x00, 0x04, 0x01, 0x0C, 0x00, 0x29
	.byte 0x0F, 0xD0, 0x21, 0x1C, 0xC9, 0x31, 0x08, 0x78, 0x01, 0x28, 0x0D, 0xD0, 0x01, 0x20, 0x08, 0x70
	.byte 0x22, 0x68, 0x11, 0x88, 0x02, 0x20, 0x08, 0x43, 0x10, 0x80, 0x28, 0x1C, 0xF4, 0xF7, 0x88, 0xFD
	.byte 0x02, 0xE0, 0x20, 0x1C, 0xC9, 0x30, 0x01, 0x70, 0x01, 0x20, 0x30, 0xBC, 0x02, 0xBC, 0x08, 0x47
	.byte 0x30, 0xB5, 0x84, 0xB0, 0x04, 0x1C, 0xC8, 0x30, 0x00, 0x78, 0x00, 0x28, 0x29, 0xD0, 0x60, 0x68
	.byte 0x00, 0x12, 0x16, 0x49, 0x0A, 0x68, 0x11, 0x68, 0x09, 0x12, 0x40, 0x1A, 0xA3, 0x68, 0x1B, 0x12
	.byte 0xE1, 0x68, 0x09, 0x12, 0x59, 0x18, 0x52, 0x68, 0x12, 0x12, 0x89, 0x1A, 0x9B, 0x00, 0x10, 0x4A
	.byte 0x15, 0x1C, 0xED, 0x1A, 0x2D, 0x04, 0x2D, 0x0C, 0x00, 0x04, 0x00, 0x14, 0x09, 0x04, 0x09, 0x14
	.byte 0x22, 0x1C, 0xC0, 0x32, 0x12, 0x68, 0x23, 0x1C, 0xB8, 0x33, 0x1B, 0x68, 0xBC, 0x34, 0x24, 0x68
	.byte 0x00, 0x94, 0x00, 0x24, 0x01, 0x94, 0x80, 0x24, 0x24, 0x01, 0x02, 0x94, 0x03, 0x95, 0x0E, 0xF7
	.byte 0xD1, 0xFC, 0x04, 0xB0, 0x30, 0xBC, 0x01, 0xBC, 0x00, 0x47, 0x00, 0x00, 0xA0, 0x9B, 0x03, 0x02
	.byte 0xFC, 0xEF, 0xFF, 0xFF, 0x10, 0xB5, 0x04, 0x1C, 0xB8, 0x30, 0x00, 0x68, 0x0E, 0xF7, 0x32, 0xFF
	.byte 0x20, 0x1C, 0xBC, 0x30, 0x00, 0x68, 0x0F, 0xF7, 0xD5, 0xF8, 0x20, 0x1C, 0x44, 0x30, 0x1E, 0xF7
	.byte 0x4B, 0xFC, 0x10, 0xBC, 0x01, 0xBC, 0x00, 0x47, 0x30, 0xB5, 0x05, 0x1C, 0x28, 0x1D, 0x08, 0x21
	.byte 0x08, 0x22, 0xEC, 0xF7, 0x2F, 0xFC, 0x00, 0x06, 0x00, 0x28, 0x1F, 0xD0, 0x11, 0x48, 0x02, 0x68
	.byte 0x10, 0x68, 0x80, 0x21, 0x08, 0x43, 0x10, 0x60, 0xD0, 0x20, 0x2C, 0xF0, 0xEB, 0xF9, 0x2C, 0x1C
	.byte 0xA0, 0x34, 0x20, 0x1C, 0x01, 0x21, 0x01, 0x22, 0x11, 0xF7, 0x7E, 0xFF, 0x20, 0x1C, 0x12, 0xF7
	.byte 0x27, 0xF8, 0x29, 0x1C, 0xC0, 0x31, 0x08, 0x60, 0x28, 0x1C, 0xB8, 0x30, 0x00, 0x68, 0x06, 0x49
	.byte 0x0E, 0xF7, 0xA8, 0xFF, 0x29, 0x1C, 0xC8, 0x31, 0x04, 0x48, 0x08, 0x60, 0x01, 0x20, 0x30, 0xBC
	.byte 0x02, 0xBC, 0x08, 0x47, 0xAC, 0xC7, 0x03, 0x02, 0x20, 0x83, 0x85, 0x09, 0xDD, 0x3A, 0x0F, 0x08
	.byte 0x70, 0xB5, 0x05, 0x1C, 0x2E, 0x1D, 0x2B, 0x68, 0x19, 0x88, 0x08, 0x20, 0x08, 0x40, 0x00, 0x28
	.byte 0x1C, 0xD0, 0x0B, 0x48, 0x02, 0x68, 0x10, 0x68, 0x04, 0x21, 0x08, 0x43, 0x10, 0x60, 0x19, 0x88
	.byte 0x02, 0x20, 0x00, 0x24, 0x08, 0x43, 0x18, 0x80, 0x06, 0x48, 0x00, 0x68, 0x78, 0x30, 0x06, 0x49
	.byte 0x32, 0x1C, 0x0D, 0xF7, 0x81, 0xF9, 0x28, 0x1C, 0xC8, 0x30, 0x04, 0x60, 0x28, 0xE0, 0x00, 0x00
	.byte 0xAC, 0xC7, 0x03, 0x02, 0xA0, 0x9B, 0x03, 0x02, 0x6C, 0x6C, 0xEF, 0x09, 0x12, 0x48, 0x02, 0x68
	.byte 0x10, 0x68, 0x21, 0x21, 0x49, 0x42, 0x08, 0x40, 0x10, 0x60, 0x10, 0x48, 0x02, 0x68, 0x90, 0x69
	.byte 0xD1, 0x69, 0x12, 0x6A, 0xF5, 0xF7, 0x9A, 0xFA, 0x0D, 0x48, 0x80, 0x79, 0xEB, 0xF7, 0x66, 0xF9
	.byte 0x02, 0x88, 0x10, 0x21, 0x11, 0x43, 0x01, 0x80, 0x2A, 0x68, 0x11, 0x88, 0x02, 0x20, 0x08, 0x43
	.byte 0x10, 0x80, 0x29, 0x1C, 0xC4, 0x31, 0x14, 0x20, 0x08, 0x80, 0x04, 0x31, 0x05, 0x48, 0x08, 0x60
	.byte 0x01, 0x20, 0x70, 0xBC, 0x02, 0xBC, 0x08, 0x47, 0xAC, 0xC7, 0x03, 0x02, 0xA0, 0x9B, 0x03, 0x02
	.byte 0x90, 0xC5, 0x03, 0x02, 0x85, 0x3B, 0x0F, 0x08, 0x30, 0xB5, 0x05, 0x1C, 0x2C, 0x1C, 0xC4, 0x34
	.byte 0x23, 0x88, 0x00, 0x2B, 0x08, 0xD0, 0xB0, 0xF7, 0x99, 0xFB, 0x00, 0x06, 0x00, 0x28, 0x0D, 0xD1
	.byte 0x20, 0x88, 0x01, 0x38, 0x20, 0x80, 0x09, 0xE0, 0x06, 0x48, 0x02, 0x68, 0x10, 0x68, 0x81, 0x21
	.byte 0x49, 0x42, 0x08, 0x40, 0x10, 0x60, 0x28, 0x1C, 0xC8, 0x30, 0x03, 0x60, 0x01, 0x20, 0x30, 0xBC
	.byte 0x02, 0xBC, 0x08, 0x47, 0xAC, 0xC7, 0x03, 0x02, 0xF0, 0xB5, 0x04, 0x1C, 0x27, 0x1D, 0x4E, 0x69
	.byte 0x21, 0x60, 0x38, 0x1C, 0x04, 0x31, 0x2C, 0xC9, 0x2C, 0xC0, 0x09, 0x68, 0x01, 0x60, 0xF0, 0x8B
	.byte 0x78, 0x83, 0xC8, 0x20, 0x80, 0x00, 0x14, 0x49, 0x0E, 0xF7, 0x88, 0xFE, 0x21, 0x1C, 0xB8, 0x31
	.byte 0x08, 0x60, 0x30, 0x68, 0x20, 0x21, 0x0E, 0xF7, 0x0F, 0xFF, 0x21, 0x1C, 0xBC, 0x31, 0x08, 0x60
	.byte 0x25, 0x1C, 0xA0, 0x35, 0x31, 0x69, 0xF2, 0x68, 0x28, 0x1C, 0x11, 0xF7, 0xAF, 0xFE, 0x20, 0x68
	.byte 0x01, 0x88, 0x02, 0x20, 0x08, 0x40, 0x00, 0x28, 0x10, 0xD0, 0x28, 0x1C, 0x01, 0x21, 0x01, 0x22
	.byte 0x11, 0xF7, 0xC2, 0xFE, 0x28, 0x1C, 0x11, 0xF7, 0x6B, 0xFF, 0x21, 0x1C, 0xC0, 0x31, 0x08, 0x60
	.byte 0x08, 0x31, 0x00, 0x20, 0x15, 0xE0, 0x00, 0x00, 0x20, 0x83, 0x85, 0x09, 0x14, 0x48, 0x02, 0x68
	.byte 0x10, 0x68, 0x20, 0x21, 0x08, 0x43, 0x10, 0x60, 0x28, 0x1C, 0x00, 0x21, 0x01, 0x22, 0x11, 0xF7
	.byte 0xAB, 0xFE, 0x28, 0x1C, 0x11, 0xF7, 0x54, 0xFF, 0x21, 0x1C, 0xC0, 0x31, 0x08, 0x60, 0x08, 0x31
	.byte 0x0C, 0x48, 0x08, 0x60, 0x20, 0x1C, 0xB8, 0x30, 0x00, 0x68, 0x0B, 0x49, 0x0E, 0xF7, 0xD2, 0xFE
	.byte 0x44, 0x34, 0xB2, 0x8B, 0xF3, 0x8B, 0x20, 0x1C, 0x06, 0x21, 0x1E, 0xF7, 0x19, 0xFB, 0x39, 0x68
	.byte 0x7A, 0x68, 0xBB, 0x68, 0x20, 0x1C, 0x1E, 0xF7, 0x4F, 0xFB, 0xF0, 0xBC, 0x01, 0xBC, 0x00, 0x47
	.byte 0xAC, 0xC7, 0x03, 0x02, 0x75, 0x3A, 0x0F, 0x08, 0x20, 0x83, 0x85, 0x09, 0x10, 0xB5, 0x04, 0x1C
	.byte 0xEC, 0xF7, 0x78, 0xFB, 0x00, 0x06, 0x00, 0x28, 0x01, 0xD0, 0x00, 0x20, 0x0B, 0xE0, 0x20, 0x1C
	.byte 0xC8, 0x30, 0x01, 0x68, 0x00, 0x29, 0x01, 0xD1, 0x01, 0x20, 0x04, 0xE0, 0x20, 0x1C, 0x29, 0xF0
	.byte 0x7B, 0xFC, 0x00, 0x06, 0x00, 0x0E, 0x10, 0xBC, 0x02, 0xBC, 0x08, 0x47, 0x30, 0xB5, 0x84, 0xB0
	.byte 0x04, 0x1C, 0x60, 0x68, 0x00, 0x12, 0x16, 0x49, 0x0A, 0x68, 0x11, 0x68, 0x09, 0x12, 0x40, 0x1A
	.byte 0xA3, 0x68, 0x1B, 0x12, 0xE1, 0x68, 0x09, 0x12, 0x59, 0x18, 0x52, 0x68, 0x12, 0x12, 0x89, 0x1A
	.byte 0x9B, 0x00, 0x10, 0x4A, 0x15, 0x1C, 0xED, 0x1A, 0x2D, 0x04, 0x2D, 0x0C, 0x00, 0x04, 0x00, 0x14
	.byte 0x09, 0x04, 0x09, 0x14, 0x22, 0x1C, 0xC0, 0x32, 0x12, 0x68, 0x23, 0x1C, 0xB8, 0x33, 0x1B, 0x68
	.byte 0xBC, 0x34, 0x24, 0x68, 0x00, 0x94, 0x00, 0x24, 0x01, 0x94, 0x80, 0x24, 0x24, 0x01, 0x02, 0x94
	.byte 0x03, 0x95, 0x0E, 0xF7, 0x5F, 0xFB, 0x04, 0xB0, 0x30, 0xBC, 0x01, 0xBC, 0x00, 0x47, 0x00, 0x00
	.byte 0xA0, 0x9B, 0x03, 0x02, 0xFC, 0xEF, 0xFF, 0xFF, 0x10, 0xB5, 0x04, 0x1C, 0xB8, 0x30, 0x00, 0x68
	.byte 0x0E, 0xF7, 0xC0, 0xFD, 0x20, 0x1C, 0xBC, 0x30, 0x00, 0x68, 0x0E, 0xF7, 0x63, 0xFF, 0x20, 0x1C
	.byte 0x44, 0x30, 0x1E, 0xF7, 0xD9, 0xFA, 0x10, 0xBC, 0x01, 0xBC, 0x00, 0x47
	thumb_func_start func_080F3D58
func_080F3D58: @ 080F3D58
	push {r4, lr}
	add sp, #-0x004
	adds r4, r0, #0x0
	ldr r0, _080F3D90 @ =0x02039BB0
	ldr r0, [r0, #0x08]
	movs r1, #0x08
	ands r0, r1
	cmp r0, #0x00
	beq _080F3DA8
	bl func_080065A4
	lsls r0, r0, #0x10
	lsrs r0, r0, #0x10
	ldr r1, _080F3D94 @ =0x00002710
	bl func_0811D7CC
	lsls r0, r0, #0x10
	lsrs r1, r0, #0x10
	ldr r0, _080F3D98 @ =0x0000176F
	cmp r1, r0
	bhi _080F3D9C
	ldr r2, [r4, #0x00]
	ldr r3, [r4, #0x04]
	ldr r0, [r4, #0x08]
	str r0, [sp, #0x000]
	movs r0, #0x00
	b _080F3E00
	.byte 0x00, 0x00
_080F3D90: .4byte 0x02039BB0
_080F3D94: .4byte 0x00002710
_080F3D98: .4byte 0x0000176F
_080F3D9C:
	ldr r0, _080F3DA4 @ =0x0000270F
	cmp r1, r0
	bhi _080F3E1C
	b _080F3DDA
_080F3DA4: .4byte 0x0000270F
_080F3DA8:
	bl func_080065A4
	lsls r0, r0, #0x10
	lsrs r0, r0, #0x10
	ldr r1, _080F3DCC @ =0x00002710
	bl func_0811D7CC
	lsls r0, r0, #0x10
	lsrs r1, r0, #0x10
	ldr r0, _080F3DD0 @ =0x00000BB7
	cmp r1, r0
	bhi _080F3DD4
	ldr r2, [r4, #0x00]
	ldr r3, [r4, #0x04]
	ldr r0, [r4, #0x08]
	str r0, [sp, #0x000]
	movs r0, #0x00
	b _080F3E00
_080F3DCC: .4byte 0x00002710
_080F3DD0: .4byte 0x00000BB7
_080F3DD4:
	ldr r0, _080F3DEC @ =0x00001387
	cmp r1, r0
	bhi _080F3DF0
_080F3DDA:
	ldr r2, [r4, #0x00]
	ldr r3, [r4, #0x04]
	ldr r0, [r4, #0x08]
	str r0, [sp, #0x000]
	movs r0, #0x01
	movs r1, #0x03
	bl func_080E9034
	b _080F3E1C
_080F3DEC: .4byte 0x00001387
_080F3DF0:
	ldr r0, _080F3E08 @ =0x00001F3F
	cmp r1, r0
	bhi _080F3E0C
	ldr r2, [r4, #0x00]
	ldr r3, [r4, #0x04]
	ldr r0, [r4, #0x08]
	str r0, [sp, #0x000]
	movs r0, #0x02
_080F3E00:
	movs r1, #0x05
	bl func_080E9034
	b _080F3E1C
_080F3E08: .4byte 0x00001F3F
_080F3E0C:
	ldr r2, [r4, #0x00]
	ldr r3, [r4, #0x04]
	ldr r0, [r4, #0x08]
	str r0, [sp, #0x000]
	movs r0, #0x03
	movs r1, #0x05
	bl func_080E9034
_080F3E1C:
	add sp, #0x004
	pop {r4}
	pop {r0}
	bx r0
	.byte 0xF0, 0xB5, 0x06, 0x1C, 0x35, 0x1D, 0x28, 0x1C, 0x08, 0x21, 0x08, 0x22, 0xEC, 0xF7, 0x56, 0xFA
	.byte 0x00, 0x06, 0x00, 0x28, 0x00, 0xD1, 0x81, 0xE0, 0x12, 0xF7, 0xB2, 0xFB, 0x00, 0x04, 0x00, 0x0C
	.byte 0x13, 0x49, 0x29, 0xF0, 0xC1, 0xFC, 0x00, 0x04, 0x04, 0x0C, 0x27, 0x1C, 0x11, 0x48, 0x84, 0x42
	.byte 0x2A, 0xD8, 0x90, 0x20, 0x2C, 0xF0, 0x0A, 0xF8, 0x0F, 0x4C, 0x20, 0x68, 0x78, 0x30, 0x0F, 0x49
	.byte 0x2A, 0x1C, 0x0C, 0xF7, 0xD5, 0xFF, 0x0E, 0x48, 0x02, 0x68, 0x10, 0x68, 0x80, 0x21, 0x08, 0x43
	.byte 0x04, 0x21, 0x08, 0x43, 0x10, 0x60, 0x32, 0x68, 0x11, 0x88, 0x01, 0x20, 0x08, 0x43, 0x10, 0x80
	.byte 0x20, 0x68, 0x78, 0x30, 0x07, 0x49, 0x32, 0x68, 0x0C, 0xF7, 0xC2, 0xFF, 0x00, 0x20, 0x67, 0xE0
	.byte 0x10, 0x27, 0x00, 0x00, 0xDB, 0x05, 0x00, 0x00, 0xA0, 0x9B, 0x03, 0x02, 0xC4, 0x6E, 0xEF, 0x09
	.byte 0xAC, 0xC7, 0x03, 0x02, 0xB4, 0x6C, 0xEF, 0x09, 0x90, 0x20, 0x2B, 0xF0, 0xDF, 0xFF, 0x0C, 0x48
	.byte 0x00, 0x68, 0x78, 0x30, 0x0B, 0x49, 0x2A, 0x1C, 0x0C, 0xF7, 0xAA, 0xFF, 0x0A, 0x48, 0x84, 0x42
	.byte 0x14, 0xD8, 0x71, 0x68, 0x6A, 0x68, 0xAB, 0x68, 0x00, 0x20, 0xF5, 0xF7, 0x73, 0xF8, 0x00, 0x06
	.byte 0x00, 0x0E, 0x01, 0x28, 0x10, 0xD0, 0x28, 0x1C, 0xFF, 0xF7, 0x3C, 0xFF, 0x0C, 0xE0, 0x00, 0x00
	.byte 0xA0, 0x9B, 0x03, 0x02, 0xC4, 0x6E, 0xEF, 0x09, 0x6F, 0x17, 0x00, 0x00, 0x10, 0x48, 0x87, 0x42
	.byte 0x02, 0xD8, 0x28, 0x1C, 0xFF, 0xF7, 0x2E, 0xFF, 0x0E, 0x48, 0x02, 0x68, 0x10, 0x68, 0x80, 0x21
	.byte 0x08, 0x43, 0x10, 0x60, 0x32, 0x68, 0x11, 0x88, 0x01, 0x20, 0x08, 0x43, 0x10, 0x80, 0x30, 0x1C
	.byte 0x44, 0x30, 0x01, 0x21, 0x1E, 0xF7, 0x7C, 0xFB, 0x30, 0x1C, 0xA0, 0x30, 0x01, 0x21, 0x00, 0x22
	.byte 0x11, 0xF7, 0x3E, 0xFD, 0x31, 0x1C, 0xC8, 0x31, 0x03, 0x48, 0x08, 0x60, 0x17, 0xE0, 0x00, 0x00
	.byte 0x0F, 0x27, 0x00, 0x00, 0xAC, 0xC7, 0x03, 0x02, 0x6D, 0x3F, 0x0F, 0x08, 0x28, 0x1C, 0xF4, 0xF7
	.byte 0x17, 0xFA, 0x00, 0x06, 0x00, 0x28, 0x05, 0xD0, 0x30, 0x1C, 0x44, 0x30, 0x01, 0x21, 0x1E, 0xF7
	.byte 0x5F, 0xFB, 0x04, 0xE0, 0x30, 0x1C, 0x44, 0x30, 0x00, 0x21, 0x1E, 0xF7, 0x59, 0xFB, 0x01, 0x20
	.byte 0xF0, 0xBC, 0x02, 0xBC, 0x08, 0x47, 0x00, 0x00, 0x30, 0xB5, 0x04, 0x1C, 0x25, 0x1C, 0xA0, 0x35
	.byte 0x28, 0x1C, 0x11, 0xF7, 0xD1, 0xFD, 0x00, 0x06, 0x00, 0x28, 0x06, 0xD1, 0x28, 0x1C, 0x11, 0xF7
	.byte 0x6F, 0xFD, 0x21, 0x1C, 0xC0, 0x31, 0x08, 0x60, 0x0C, 0xE0, 0x08, 0x48, 0x02, 0x68, 0x10, 0x68
	.byte 0x81, 0x21, 0x49, 0x42, 0x08, 0x40, 0x10, 0x60, 0x20, 0x1C, 0xC4, 0x30, 0x00, 0x21, 0x01, 0x70
	.byte 0x04, 0x30, 0x01, 0x60, 0x01, 0x20, 0x30, 0xBC, 0x02, 0xBC, 0x08, 0x47, 0xAC, 0xC7, 0x03, 0x02
	.byte 0xF0, 0xB5, 0x47, 0x46, 0x80, 0xB4, 0x07, 0x1C, 0x3E, 0x1D, 0x4D, 0x69, 0x39, 0x60, 0x30, 0x1C
	.byte 0x04, 0x31, 0x1C, 0xC9, 0x1C, 0xC0, 0x09, 0x68, 0x01, 0x60, 0x16, 0x20, 0x29, 0x5E, 0x09, 0x02
	.byte 0x78, 0x68, 0x40, 0x18, 0x78, 0x60, 0x18, 0x22, 0xA9, 0x5E, 0x09, 0x02, 0x70, 0x68, 0x40, 0x18
	.byte 0x70, 0x60, 0x1A, 0x23, 0xE9, 0x5E, 0x09, 0x02, 0xB0, 0x68, 0x40, 0x18, 0xB0, 0x60, 0xE8, 0x8B
	.byte 0x70, 0x83, 0x28, 0x89, 0x69, 0x68, 0x0E, 0xF7, 0x7D, 0xFC, 0xB8, 0x24, 0xE4, 0x19, 0xA0, 0x46
	.byte 0x20, 0x60, 0x28, 0x68, 0x20, 0x21, 0x0E, 0xF7, 0x03, 0xFD, 0x39, 0x1C, 0xBC, 0x31, 0x08, 0x60
	.byte 0x3C, 0x1C, 0xA0, 0x34, 0x29, 0x69, 0xEA, 0x68, 0x20, 0x1C, 0x11, 0xF7, 0xA3, 0xFC, 0x20, 0x1C
	.byte 0x00, 0x21, 0x01, 0x22, 0x11, 0xF7, 0xBC, 0xFC, 0x20, 0x1C, 0x11, 0xF7, 0x65, 0xFD, 0x39, 0x1C
	.byte 0xC0, 0x31, 0x08, 0x60, 0x41, 0x46, 0x08, 0x68, 0x69, 0x68, 0x0E, 0xF7, 0xE7, 0xFC, 0x5C, 0x3C
	.byte 0xAA, 0x8B, 0xEB, 0x8B, 0x20, 0x1C, 0x06, 0x21, 0x1E, 0xF7, 0x2E, 0xF9, 0x79, 0x68, 0x72, 0x68
	.byte 0xB3, 0x68, 0x20, 0x1C, 0x1E, 0xF7, 0x64, 0xF9, 0x39, 0x1C, 0xC4, 0x31, 0x01, 0x20, 0x08, 0x70
	.byte 0x04, 0x31, 0x03, 0x48, 0x08, 0x60, 0x08, 0xBC, 0x98, 0x46, 0xF0, 0xBC, 0x01, 0xBC, 0x00, 0x47
	.byte 0x25, 0x3E, 0x0F, 0x08, 0x10, 0xB5, 0x04, 0x1C, 0xEC, 0xF7, 0x88, 0xF9, 0x00, 0x06, 0x00, 0x28
	.byte 0x01, 0xD0, 0x00, 0x20, 0x0B, 0xE0, 0x20, 0x1C, 0xC8, 0x30, 0x01, 0x68, 0x00, 0x29, 0x01, 0xD1
	.byte 0x01, 0x20, 0x04, 0xE0, 0x20, 0x1C, 0x29, 0xF0, 0x8B, 0xFA, 0x00, 0x06, 0x00, 0x0E, 0x10, 0xBC
	.byte 0x02, 0xBC, 0x08, 0x47, 0x30, 0xB5, 0x84, 0xB0, 0x04, 0x1C, 0xC4, 0x30, 0x00, 0x78, 0x00, 0x28
	.byte 0x29, 0xD0, 0x60, 0x68, 0x00, 0x12, 0x16, 0x49, 0x0A, 0x68, 0x11, 0x68, 0x09, 0x12, 0x40, 0x1A
	.byte 0xA3, 0x68, 0x1B, 0x12, 0xE1, 0x68, 0x09, 0x12, 0x59, 0x18, 0x52, 0x68, 0x12, 0x12, 0x89, 0x1A
	.byte 0x9B, 0x00, 0x10, 0x4A, 0x15, 0x1C, 0xED, 0x1A, 0x2D, 0x04, 0x2D, 0x0C, 0x00, 0x04, 0x00, 0x14
	.byte 0x09, 0x04, 0x09, 0x14, 0x22, 0x1C, 0xC0, 0x32, 0x12, 0x68, 0x23, 0x1C, 0xB8, 0x33, 0x1B, 0x68
	.byte 0xBC, 0x34, 0x24, 0x68, 0x00, 0x94, 0x00, 0x24, 0x01, 0x94, 0x80, 0x24, 0x24, 0x01, 0x02, 0x94
	.byte 0x03, 0x95, 0x0E, 0xF7, 0x6B, 0xF9, 0x04, 0xB0, 0x30, 0xBC, 0x01, 0xBC, 0x00, 0x47, 0x00, 0x00
	.byte 0xA0, 0x9B, 0x03, 0x02, 0xFC, 0xEF, 0xFF, 0xFF, 0x10, 0xB5, 0x04, 0x1C, 0xB8, 0x30, 0x00, 0x68
	.byte 0x0E, 0xF7, 0xCC, 0xFB, 0x20, 0x1C, 0xBC, 0x30, 0x00, 0x68, 0x0E, 0xF7, 0x6F, 0xFD, 0x20, 0x1C
	.byte 0x44, 0x30, 0x1E, 0xF7, 0xE5, 0xF8, 0x10, 0xBC, 0x01, 0xBC, 0x00, 0x47, 0x30, 0xB5, 0x05, 0x1C
	.byte 0x14, 0x48, 0x00, 0x68, 0x04, 0x68, 0x80, 0x20, 0xC0, 0x01, 0x04, 0x40, 0x00, 0x2C, 0x1D, 0xD1
	.byte 0x28, 0x1D, 0xEC, 0xF7, 0x33, 0xF9, 0x00, 0x06, 0x00, 0x28, 0x17, 0xD0, 0x0D, 0xF7, 0x16, 0xF9
	.byte 0x01, 0x21, 0x01, 0x40, 0x00, 0x29, 0x11, 0xD0, 0x66, 0x20, 0x2B, 0xF0, 0x7F, 0xFE, 0x0A, 0x48
	.byte 0x00, 0x68, 0x01, 0x6F, 0x80, 0x22, 0x52, 0x01, 0x11, 0x43, 0x01, 0x67, 0x78, 0x30, 0x07, 0x49
	.byte 0x00, 0x22, 0x0C, 0xF7, 0x45, 0xFE, 0x28, 0x1C, 0xC4, 0x30, 0x04, 0x60, 0x30, 0xBC, 0x01, 0xBC
	.byte 0x00, 0x47, 0x00, 0x00, 0xAC, 0xC7, 0x03, 0x02, 0xA0, 0x9B, 0x03, 0x02, 0x60, 0x6B, 0xEF, 0x09
	.byte 0x70, 0xB5, 0x04, 0x1C, 0x0C, 0x48, 0x05, 0x68, 0x2B, 0x68, 0x80, 0x26, 0xF6, 0x01, 0x18, 0x1C
	.byte 0x30, 0x40, 0x00, 0x28, 0x16, 0xD0, 0x09, 0x48, 0x02, 0x68, 0x10, 0x6F, 0x80, 0x21, 0x49, 0x01
	.byte 0x08, 0x43, 0x10, 0x67, 0x20, 0x1C, 0xC8, 0x30, 0x00, 0x21, 0x69, 0x22, 0xAF, 0xF7, 0xA4, 0xFF
	.byte 0x21, 0x1C, 0xC4, 0x31, 0x02, 0x48, 0x1B, 0xE0, 0xAC, 0xC7, 0x03, 0x02, 0xA0, 0x9B, 0x03, 0x02
	.byte 0x59, 0x42, 0x0F, 0x08, 0x0C, 0x48, 0x02, 0x68, 0x21, 0x1D, 0x90, 0x6E, 0x88, 0x42, 0x10, 0xD1
	.byte 0x10, 0x6F, 0x80, 0x21, 0x49, 0x01, 0x08, 0x43, 0x10, 0x67, 0x33, 0x43, 0x2B, 0x60, 0x20, 0x1C
	.byte 0xC8, 0x30, 0x00, 0x21, 0x67, 0x22, 0xAF, 0xF7, 0x87, 0xFF, 0x21, 0x1C, 0xC4, 0x31, 0x03, 0x48
	.byte 0x08, 0x60, 0x70, 0xBC, 0x01, 0xBC, 0x00, 0x47, 0xA0, 0x9B, 0x03, 0x02, 0x25, 0x42, 0x0F, 0x08
	.byte 0x30, 0xB5, 0x05, 0x1C, 0xB0, 0xF7, 0x4E, 0xF8, 0x00, 0x06, 0x04, 0x0E, 0x00, 0x2C, 0x09, 0xD1
	.byte 0x06, 0x48, 0x00, 0x68, 0x78, 0x30, 0x06, 0x49, 0x00, 0x22, 0x0C, 0xF7, 0xE9, 0xFD, 0x28, 0x1C
	.byte 0xC4, 0x30, 0x04, 0x60, 0x30, 0xBC, 0x01, 0xBC, 0x00, 0x47, 0x00, 0x00, 0xA0, 0x9B, 0x03, 0x02
	.byte 0x60, 0x6B, 0xEF, 0x09, 0x10, 0xB5, 0x04, 0x1C, 0xB0, 0xF7, 0x34, 0xF8, 0x00, 0x06, 0x00, 0x28
	.byte 0x17, 0xD1, 0x0D, 0x48, 0x02, 0x68, 0x10, 0x68, 0x0C, 0x49, 0x08, 0x40, 0x10, 0x60, 0x0C, 0x48
	.byte 0x02, 0x68, 0x10, 0x6F, 0x0B, 0x49, 0x08, 0x40, 0x10, 0x67, 0x0B, 0x48, 0xBD, 0x21, 0x49, 0x00
	.byte 0x42, 0x18, 0x11, 0x88, 0x10, 0x20, 0x08, 0x43, 0x10, 0x80, 0x21, 0x1C, 0xC4, 0x31, 0x07, 0x48
	.byte 0x08, 0x60, 0x10, 0xBC, 0x01, 0xBC, 0x00, 0x47, 0xAC, 0xC7, 0x03, 0x02, 0xFF, 0xBF, 0xFF, 0xFF
	.byte 0xA0, 0x9B, 0x03, 0x02, 0xFF, 0xEF, 0xFF, 0xFF, 0xB0, 0x9B, 0x03, 0x02, 0x41, 0x41, 0x0F, 0x08
	.byte 0xF0, 0xB5, 0x05, 0x1C, 0x2F, 0x1D, 0x4E, 0x69, 0x29, 0x60, 0x38, 0x1C, 0x04, 0x31, 0x1C, 0xC9
	.byte 0x1C, 0xC0, 0x09, 0x68, 0x01, 0x60, 0xF0, 0x8B, 0x78, 0x83, 0x03, 0x20, 0x38, 0x86, 0x06, 0x48
	.byte 0xBD, 0x21, 0x49, 0x00, 0x40, 0x18, 0x01, 0x88, 0x10, 0x20, 0x08, 0x40, 0x00, 0x28, 0x07, 0xD0
	.byte 0x29, 0x1C, 0xC4, 0x31, 0x01, 0x48, 0x06, 0xE0, 0xB0, 0x9B, 0x03, 0x02, 0x41, 0x41, 0x0F, 0x08
	.byte 0x29, 0x1C, 0xC4, 0x31, 0x1C, 0x48, 0x08, 0x60, 0x30, 0x68, 0x20, 0x21, 0x0E, 0xF7, 0x88, 0xFB
	.byte 0x29, 0x1C, 0xA0, 0x31, 0x08, 0x60, 0x30, 0x89, 0x71, 0x68, 0x0E, 0xF7, 0xF3, 0xFA, 0x29, 0x1C
	.byte 0xA4, 0x31, 0x08, 0x60, 0x2C, 0x1C, 0xA8, 0x34, 0x31, 0x69, 0xF2, 0x68, 0x20, 0x1C, 0x11, 0xF7
	.byte 0x21, 0xFB, 0x20, 0x1C, 0x00, 0x21, 0x01, 0x22, 0x11, 0xF7, 0x3A, 0xFB, 0x20, 0x1C, 0x11, 0xF7
	.byte 0xE3, 0xFB, 0x29, 0x1C, 0xC0, 0x31, 0x08, 0x60, 0x64, 0x3C, 0x20, 0x1C, 0x04, 0x21, 0x18, 0x22
	.byte 0x18, 0x23, 0x1D, 0xF7, 0xB1, 0xFF, 0x39, 0x68, 0x7A, 0x68, 0xBB, 0x68, 0x20, 0x1C, 0x1D, 0xF7
	.byte 0xE7, 0xFF, 0x28, 0x1C, 0xC8, 0x30, 0x01, 0x21, 0x0C, 0xF7, 0x82, 0xFD, 0x38, 0x1C, 0x1D, 0xF7
	.byte 0x37, 0xFF, 0xF0, 0xBC, 0x01, 0xBC, 0x00, 0x47, 0xA5, 0x41, 0x0F, 0x08, 0x30, 0xB5, 0x04, 0x1C
	.byte 0xC8, 0x30, 0x0C, 0xF7, 0x95, 0xFD, 0xEC, 0xF7, 0x09, 0xF8, 0x00, 0x06, 0x00, 0x28, 0x13, 0xD1
	.byte 0x20, 0x1C, 0xA8, 0x30, 0x11, 0xF7, 0x6C, 0xFB, 0x21, 0x1C, 0xC0, 0x31, 0x08, 0x60, 0x25, 0x1C
	.byte 0xC4, 0x35, 0x29, 0x68, 0x00, 0x29, 0x07, 0xD0, 0x20, 0x1C, 0x29, 0xF0, 0x09, 0xF9, 0x28, 0x68
	.byte 0x00, 0x28, 0x01, 0xD0, 0x01, 0x20, 0x00, 0xE0, 0x00, 0x20, 0x30, 0xBC, 0x02, 0xBC, 0x08, 0x47
	.byte 0x70, 0xB5, 0x84, 0xB0, 0x06, 0x1C, 0x34, 0x1D, 0xC8, 0x30, 0x0C, 0xF7, 0x8F, 0xFD, 0x70, 0x68
	.byte 0x00, 0x12, 0x16, 0x49, 0x0A, 0x68, 0x11, 0x68, 0x09, 0x12, 0x40, 0x1A, 0x63, 0x68, 0x1B, 0x12
	.byte 0xA1, 0x68, 0x09, 0x12, 0x59, 0x18, 0x52, 0x68, 0x12, 0x12, 0x89, 0x1A, 0x9B, 0x00, 0x10, 0x4A
	.byte 0x15, 0x1C, 0xED, 0x1A, 0x2D, 0x04, 0x2D, 0x0C, 0x00, 0x04, 0x00, 0x14, 0x09, 0x04, 0x09, 0x14
	.byte 0x32, 0x1C, 0xC0, 0x32, 0x12, 0x68, 0x33, 0x1C, 0xA4, 0x33, 0x1B, 0x68, 0x9C, 0x34, 0x24, 0x68
	.byte 0x00, 0x94, 0x00, 0x24, 0x01, 0x94, 0x80, 0x24, 0x24, 0x01, 0x02, 0x94, 0x03, 0x95, 0x0D, 0xF7
	.byte 0xE5, 0xFF, 0x04, 0xB0, 0x70, 0xBC, 0x01, 0xBC, 0x00, 0x47, 0x00, 0x00, 0xA0, 0x9B, 0x03, 0x02
	.byte 0xFC, 0xEF, 0xFF, 0xFF, 0x10, 0xB5, 0x04, 0x1C, 0xA4, 0x30, 0x00, 0x68, 0x0E, 0xF7, 0x46, 0xFA
	.byte 0x20, 0x1C, 0xA0, 0x30, 0x00, 0x68, 0x0E, 0xF7, 0xE9, 0xFB, 0x20, 0x1C, 0x44, 0x30, 0x1D, 0xF7
	.byte 0x5F, 0xFF, 0x20, 0x1C, 0xC8, 0x30, 0x0C, 0xF7, 0x5F, 0xFD, 0x20, 0x1D, 0x1D, 0xF7, 0xD4, 0xFE
	.byte 0x10, 0xBC, 0x01, 0xBC, 0x00, 0x47, 0x00, 0x00, 0x10, 0xB5, 0x04, 0x1C, 0xC8, 0x30, 0x00, 0x78
	.byte 0x00, 0x28, 0x19, 0xD0, 0x0C, 0xF7, 0x92, 0xFF, 0x01, 0x21, 0x01, 0x40, 0x00, 0x29, 0x13, 0xD0
	.byte 0x0B, 0x48, 0x02, 0x68, 0x10, 0x6F, 0x80, 0x21, 0x49, 0x01, 0x08, 0x43, 0x10, 0x67, 0x28, 0xF7
	.byte 0x43, 0xFB, 0x00, 0x20, 0x10, 0x21, 0x11, 0xF7, 0x7B, 0xFE, 0xCF, 0x20, 0x2B, 0xF0, 0xEE, 0xFC
	.byte 0x21, 0x1C, 0xC4, 0x31, 0x03, 0x48, 0x08, 0x60, 0x10, 0xBC, 0x01, 0xBC, 0x00, 0x47, 0x00, 0x00
	.byte 0xA0, 0x9B, 0x03, 0x02, 0xAD, 0x44, 0x0F, 0x08, 0x10, 0xB5, 0x04, 0x1C, 0x11, 0xF7, 0x30, 0xFF
	.byte 0x00, 0x06, 0x00, 0x28, 0x1D, 0xD1, 0x07, 0x48, 0x80, 0x79, 0xEA, 0xF7, 0xAB, 0xFC, 0x02, 0x1C
	.byte 0x11, 0x88, 0x20, 0x20, 0x08, 0x40, 0x00, 0x28, 0x08, 0xD0, 0x03, 0x48, 0x00, 0x21, 0x0C, 0xF7
	.byte 0xFB, 0xFD, 0x0A, 0xE0, 0x90, 0xC5, 0x03, 0x02, 0xE8, 0x95, 0xEF, 0x09, 0x20, 0x20, 0x08, 0x43
	.byte 0x10, 0x80, 0x05, 0x48, 0x01, 0x21, 0x0C, 0xF7, 0xEF, 0xFD, 0x21, 0x1C, 0xC4, 0x31, 0x00, 0x20
	.byte 0x08, 0x60, 0x10, 0xBC, 0x01, 0xBC, 0x00, 0x47, 0xE8, 0x95, 0xEF, 0x09, 0xF0, 0xB5, 0x47, 0x46
	.byte 0x80, 0xB4, 0x07, 0x1C, 0x3E, 0x1D, 0x4D, 0x69, 0x30, 0x1C, 0x04, 0x31, 0x1C, 0xC9, 0x1C, 0xC0
	.byte 0x09, 0x68, 0x01, 0x60, 0xE8, 0x8B, 0x00, 0x21, 0x88, 0x46, 0x70, 0x83, 0x02, 0x20, 0x30, 0x86
	.byte 0x39, 0x1C, 0xC4, 0x31, 0x27, 0x48, 0x08, 0x60, 0x28, 0x68, 0x20, 0x21, 0x0E, 0xF7, 0x70, 0xFA
	.byte 0x39, 0x1C, 0xA0, 0x31, 0x08, 0x60, 0x28, 0x89, 0x69, 0x68, 0x0E, 0xF7, 0xDB, 0xF9, 0x39, 0x1C
	.byte 0xA4, 0x31, 0x08, 0x60, 0x3C, 0x1C, 0xA8, 0x34, 0x29, 0x69, 0xEA, 0x68, 0x20, 0x1C, 0x11, 0xF7
	.byte 0x09, 0xFA, 0x20, 0x1C, 0x00, 0x21, 0x01, 0x22, 0x11, 0xF7, 0x22, 0xFA, 0x20, 0x1C, 0x11, 0xF7
	.byte 0xCB, 0xFA, 0x39, 0x1C, 0xC0, 0x31, 0x08, 0x60, 0x64, 0x3C, 0x20, 0x1C, 0x04, 0x21, 0x10, 0x22
	.byte 0x18, 0x23, 0x1D, 0xF7, 0x99, 0xFE, 0x79, 0x68, 0x72, 0x68, 0xB3, 0x68, 0x20, 0x1C, 0x1D, 0xF7
	.byte 0xCF, 0xFE, 0x30, 0x1C, 0x1D, 0xF7, 0x24, 0xFE, 0x88, 0x34, 0x20, 0x1C, 0x01, 0x21, 0x0C, 0xF7
	.byte 0x67, 0xFC, 0x0D, 0x49, 0x20, 0x1C, 0x32, 0x1C, 0x0C, 0xF7, 0x3A, 0xFC, 0x38, 0x1C, 0xC8, 0x30
	.byte 0x42, 0x46, 0x02, 0x70, 0x14, 0x34, 0x20, 0x1C, 0x01, 0x21, 0x0C, 0xF7, 0x59, 0xFC, 0x07, 0x49
	.byte 0x20, 0x1C, 0x32, 0x1C, 0x0C, 0xF7, 0x2C, 0xFC, 0x08, 0xBC, 0x98, 0x46, 0xF0, 0xBC, 0x01, 0xBC
	.byte 0x00, 0x47, 0x00, 0x00, 0x5D, 0x44, 0x0F, 0x08, 0x90, 0xAF, 0xED, 0x09, 0xDC, 0x6E, 0xEF, 0x09
	.byte 0x30, 0xB5, 0x04, 0x1C, 0xEB, 0xF7, 0xDA, 0xFE, 0x00, 0x06, 0x00, 0x28, 0x21, 0xD1, 0x20, 0x1C
	.byte 0xCC, 0x30, 0x0C, 0xF7, 0x5D, 0xFC, 0x20, 0x1C, 0xE0, 0x30, 0x0C, 0xF7, 0x59, 0xFC, 0x20, 0x1C
	.byte 0xA8, 0x30, 0x11, 0xF7, 0x35, 0xFA, 0x21, 0x1C, 0xC0, 0x31, 0x08, 0x60, 0x20, 0x1D, 0xEB, 0xF7
	.byte 0xDD, 0xFE, 0x21, 0x1C, 0xC8, 0x31, 0x08, 0x70, 0x25, 0x1C, 0xC4, 0x35, 0x29, 0x68, 0x00, 0x29
	.byte 0x07, 0xD0, 0x20, 0x1C, 0x28, 0xF0, 0xCC, 0xFF, 0x28, 0x68, 0x00, 0x28, 0x01, 0xD0, 0x01, 0x20
	.byte 0x00, 0xE0, 0x00, 0x20, 0x30, 0xBC, 0x02, 0xBC, 0x08, 0x47, 0x00, 0x00, 0xF0, 0xB5, 0x84, 0xB0
	.byte 0x07, 0x1C, 0x3E, 0x1D, 0x71, 0x68, 0x09, 0x12, 0x88, 0x00, 0x1E, 0x4A, 0x15, 0x1C, 0x2D, 0x1A
	.byte 0x2D, 0x04, 0x2D, 0x0C, 0x78, 0x68, 0x00, 0x12, 0x1B, 0x4A, 0x13, 0x68, 0x1A, 0x68, 0x12, 0x12
	.byte 0x80, 0x1A, 0xB2, 0x68, 0x12, 0x12, 0x89, 0x18, 0x5A, 0x68, 0x12, 0x12, 0x89, 0x1A, 0x00, 0x04
	.byte 0x00, 0x14, 0x09, 0x04, 0x09, 0x14, 0x3A, 0x1C, 0xC0, 0x32, 0x12, 0x68, 0x3B, 0x1C, 0xA4, 0x33
	.byte 0x1B, 0x68, 0x3C, 0x1C, 0xA0, 0x34, 0x24, 0x68, 0x00, 0x94, 0x00, 0x24, 0x01, 0x94, 0x80, 0x24
	.byte 0x24, 0x01, 0x02, 0x94, 0x03, 0x95, 0x0D, 0xF7, 0xA9, 0xFE, 0xF0, 0x68, 0xF0, 0x63, 0x01, 0x35
	.byte 0x75, 0x87, 0x38, 0x1C, 0xCC, 0x30, 0x0C, 0xF7, 0x21, 0xFC, 0x38, 0x1C, 0xC8, 0x30, 0x00, 0x78
	.byte 0x00, 0x28, 0x03, 0xD0, 0x38, 0x1C, 0xE0, 0x30, 0x0C, 0xF7, 0x18, 0xFC, 0x04, 0xB0, 0xF0, 0xBC
	.byte 0x01, 0xBC, 0x00, 0x47, 0xFC, 0xEF, 0xFF, 0xFF, 0xA0, 0x9B, 0x03, 0x02, 0x10, 0xB5, 0x04, 0x1C
	.byte 0xA4, 0x30, 0x00, 0x68, 0x0E, 0xF7, 0xFA, 0xF8, 0x20, 0x1C, 0xA0, 0x30, 0x00, 0x68, 0x0E, 0xF7
	.byte 0x9D, 0xFA, 0x20, 0x1C, 0x44, 0x30, 0x1D, 0xF7, 0x13, 0xFE, 0x20, 0x1D, 0x1D, 0xF7, 0x8C, 0xFD
	.byte 0x20, 0x1C, 0xCC, 0x30, 0x0C, 0xF7, 0x10, 0xFC, 0x20, 0x1C, 0xE0, 0x30, 0x0C, 0xF7, 0x0C, 0xFC
	.byte 0x10, 0xBC, 0x01, 0xBC, 0x00, 0x47, 0x00, 0x00, 0x30, 0xB5, 0x04, 0x1C, 0x14, 0x4D, 0x2A, 0x68
	.byte 0x21, 0x1D, 0x90, 0x6E, 0x88, 0x42, 0x2B, 0xD1, 0x12, 0x48, 0xBD, 0x21, 0x49, 0x00, 0x40, 0x18
	.byte 0x01, 0x88, 0x80, 0x20, 0x40, 0x00, 0x08, 0x40, 0x00, 0x28, 0x21, 0xD1, 0x10, 0x6F, 0x80, 0x21
	.byte 0x49, 0x01, 0x08, 0x43, 0x10, 0x67, 0x0C, 0x48, 0x02, 0x68, 0x10, 0x68, 0x80, 0x21, 0xC9, 0x01
	.byte 0x08, 0x43, 0x10, 0x60, 0x20, 0x1C, 0xC8, 0x30, 0x00, 0x21, 0x84, 0x22, 0xAF, 0xF7, 0xEC, 0xFC
	.byte 0x28, 0x68, 0x6C, 0x30, 0x1E, 0x21, 0x01, 0x80, 0x21, 0x1C, 0xC4, 0x31, 0x03, 0x48, 0x26, 0xE0
	.byte 0xA0, 0x9B, 0x03, 0x02, 0xB0, 0x9B, 0x03, 0x02, 0xAC, 0xC7, 0x03, 0x02, 0xDD, 0x47, 0x0F, 0x08
	.byte 0x20, 0x1D, 0xEB, 0xF7, 0x2B, 0xFE, 0x00, 0x06, 0x00, 0x28, 0x19, 0xD0, 0x0C, 0xF7, 0x0E, 0xFE
	.byte 0x01, 0x21, 0x01, 0x40, 0x00, 0x29, 0x13, 0xD0, 0x66, 0x20, 0x2B, 0xF0, 0x77, 0xFB, 0x0A, 0x48
	.byte 0x02, 0x68, 0x10, 0x6F, 0x80, 0x21, 0x49, 0x01, 0x08, 0x43, 0x10, 0x67, 0x28, 0xF7, 0xBC, 0xF9
	.byte 0x00, 0x20, 0x10, 0x21, 0x11, 0xF7, 0xF4, 0xFC, 0x21, 0x1C, 0xC4, 0x31, 0x03, 0x48, 0x08, 0x60
	.byte 0x30, 0xBC, 0x01, 0xBC, 0x00, 0x47, 0x00, 0x00, 0xA0, 0x9B, 0x03, 0x02, 0xB5, 0x47, 0x0F, 0x08
	.byte 0x30, 0xB5, 0x05, 0x1C, 0x11, 0xF7, 0xAC, 0xFD, 0x00, 0x06, 0x04, 0x0E, 0x00, 0x2C, 0x06, 0xD1
	.byte 0x04, 0x48, 0x00, 0x21, 0x0C, 0xF7, 0x80, 0xFC, 0x28, 0x1C, 0xC4, 0x30, 0x04, 0x60, 0x30, 0xBC
	.byte 0x01, 0xBC, 0x00, 0x47, 0xD8, 0x95, 0xEF, 0x09, 0x10, 0xB5, 0x04, 0x1C, 0xAF, 0xF7, 0x72, 0xFD
	.byte 0x00, 0x06, 0x00, 0x28, 0x26, 0xD1, 0x0D, 0x48, 0x02, 0x68, 0x10, 0x6F, 0x0C, 0x49, 0x08, 0x40
	.byte 0x10, 0x67, 0x0C, 0x48, 0x02, 0x68, 0x10, 0x68, 0x0B, 0x49, 0x08, 0x40, 0x10, 0x60, 0x0B, 0x48
	.byte 0xBD, 0x21, 0x49, 0x00, 0x42, 0x18, 0x11, 0x88, 0x80, 0x23, 0x5B, 0x00, 0x18, 0x1C, 0x08, 0x43
	.byte 0x10, 0x80, 0x21, 0x1C, 0xC4, 0x31, 0x06, 0x48, 0x08, 0x60, 0x10, 0xE0, 0xA0, 0x9B, 0x03, 0x02
	.byte 0xFF, 0xEF, 0xFF, 0xFF, 0xAC, 0xC7, 0x03, 0x02, 0xFF, 0xBF, 0xFF, 0xFF, 0xB0, 0x9B, 0x03, 0x02
	.byte 0xFD, 0x46, 0x0F, 0x08, 0x03, 0x48, 0x00, 0x68, 0x6C, 0x30, 0x1E, 0x21, 0x01, 0x80, 0x10, 0xBC
	.byte 0x01, 0xBC, 0x00, 0x47, 0xA0, 0x9B, 0x03, 0x02, 0xF0, 0xB5, 0x07, 0x1C, 0x3E, 0x1D, 0x4D, 0x69
	.byte 0x30, 0x1C, 0x04, 0x31, 0x1C, 0xC9, 0x1C, 0xC0, 0x09, 0x68, 0x01, 0x60, 0xE8, 0x8B, 0x70, 0x83
	.byte 0x03, 0x20, 0x30, 0x86, 0x39, 0x1C, 0xC4, 0x31, 0x1C, 0x48, 0x08, 0x60, 0x28, 0x68, 0x20, 0x21
	.byte 0x0E, 0xF7, 0xCE, 0xF8, 0x39, 0x1C, 0xB8, 0x31, 0x08, 0x60, 0x28, 0x89, 0x69, 0x68, 0x0E, 0xF7
	.byte 0x39, 0xF8, 0x39, 0x1C, 0xBC, 0x31, 0x08, 0x60, 0x3C, 0x1C, 0xA0, 0x34, 0x29, 0x69, 0xEA, 0x68
	.byte 0x20, 0x1C, 0x11, 0xF7, 0x67, 0xF8, 0x20, 0x1C, 0x00, 0x21, 0x01, 0x22, 0x11, 0xF7, 0x80, 0xF8
	.byte 0x20, 0x1C, 0x11, 0xF7, 0x29, 0xF9, 0x39, 0x1C, 0xC0, 0x31, 0x08, 0x60, 0x5C, 0x3C, 0x20, 0x1C
	.byte 0x04, 0x21, 0x18, 0x22, 0x18, 0x23, 0x1D, 0xF7, 0xF7, 0xFC, 0x79, 0x68, 0x72, 0x68, 0xB3, 0x68
	.byte 0x20, 0x1C, 0x1D, 0xF7, 0x2D, 0xFD, 0x38, 0x1C, 0xC8, 0x30, 0x01, 0x21, 0x0C, 0xF7, 0xC8, 0xFA
	.byte 0x30, 0x1C, 0x1D, 0xF7, 0x7D, 0xFC, 0xF0, 0xBC, 0x01, 0xBC, 0x00, 0x47, 0xFD, 0x46, 0x0F, 0x08
	.byte 0x30, 0xB5, 0x04, 0x1C, 0xC8, 0x30, 0x0C, 0xF7, 0xDB, 0xFA, 0xEB, 0xF7, 0x4F, 0xFD, 0x00, 0x06
	.byte 0x00, 0x28, 0x13, 0xD1, 0x20, 0x1C, 0xA0, 0x30, 0x11, 0xF7, 0xB2, 0xF8, 0x21, 0x1C, 0xC0, 0x31
	.byte 0x08, 0x60, 0x25, 0x1C, 0xC4, 0x35, 0x29, 0x68, 0x00, 0x29, 0x07, 0xD0, 0x20, 0x1C, 0x28, 0xF0
	.byte 0x4F, 0xFE, 0x28, 0x68, 0x00, 0x28, 0x01, 0xD0, 0x01, 0x20, 0x00, 0xE0, 0x00, 0x20, 0x30, 0xBC
	.byte 0x02, 0xBC, 0x08, 0x47, 0x70, 0xB5, 0x84, 0xB0, 0x06, 0x1C, 0x34, 0x1D, 0xC8, 0x30, 0x0C, 0xF7
	.byte 0xD5, 0xFA, 0x70, 0x68, 0x00, 0x12, 0x16, 0x49, 0x0A, 0x68, 0x11, 0x68, 0x09, 0x12, 0x40, 0x1A
	.byte 0x63, 0x68, 0x1B, 0x12, 0xA1, 0x68, 0x09, 0x12, 0x59, 0x18, 0x52, 0x68, 0x12, 0x12, 0x89, 0x1A
	.byte 0x9B, 0x00, 0x10, 0x4A, 0x15, 0x1C, 0xED, 0x1A, 0x2D, 0x04, 0x2D, 0x0C, 0x00, 0x04, 0x00, 0x14
	.byte 0x09, 0x04, 0x09, 0x14, 0x32, 0x1C, 0xC0, 0x32, 0x12, 0x68, 0x33, 0x1C, 0xBC, 0x33, 0x1B, 0x68
	.byte 0xB4, 0x34, 0x24, 0x68, 0x00, 0x94, 0x00, 0x24, 0x01, 0x94, 0x80, 0x24, 0x24, 0x01, 0x02, 0x94
	.byte 0x03, 0x95, 0x0D, 0xF7, 0x2B, 0xFD, 0x04, 0xB0, 0x70, 0xBC, 0x01, 0xBC, 0x00, 0x47, 0x00, 0x00
	.byte 0xA0, 0x9B, 0x03, 0x02, 0xFC, 0xEF, 0xFF, 0xFF, 0x10, 0xB5, 0x04, 0x1C, 0xBC, 0x30, 0x00, 0x68
	.byte 0x0D, 0xF7, 0x8C, 0xFF, 0x20, 0x1C, 0xB8, 0x30, 0x00, 0x68, 0x0E, 0xF7, 0x2F, 0xF9, 0x20, 0x1C
	.byte 0x44, 0x30, 0x1D, 0xF7, 0xA5, 0xFC, 0x20, 0x1C, 0xC8, 0x30, 0x0C, 0xF7, 0xA5, 0xFA, 0x20, 0x1D
	.byte 0x1D, 0xF7, 0x1A, 0xFC, 0x10, 0xBC, 0x01, 0xBC, 0x00, 0x47, 0x00, 0x00, 0x70, 0xB5, 0x05, 0x1C
	.byte 0x84, 0x30, 0x01, 0x68, 0x38, 0x31, 0x01, 0x60, 0xA8, 0x68, 0x40, 0x18, 0xA8, 0x60, 0x17, 0x4B
	.byte 0x2E, 0x1C, 0x8C, 0x36, 0x30, 0x78, 0x40, 0x00, 0xC0, 0x18, 0x00, 0x22, 0x81, 0x5E, 0x2A, 0x1C
	.byte 0x88, 0x32, 0x10, 0x68, 0x41, 0x43, 0x09, 0x12, 0x28, 0x68, 0x40, 0x18, 0x28, 0x60, 0x30, 0x78
	.byte 0x40, 0x30, 0x40, 0x00, 0xC0, 0x18, 0x00, 0x24, 0x00, 0x5F, 0x40, 0x42, 0x11, 0x68, 0x41, 0x43
	.byte 0x09, 0x12, 0x68, 0x68, 0x40, 0x18, 0x68, 0x60, 0x28, 0x1C, 0xEB, 0xF7, 0xDD, 0xF8, 0x00, 0x06
	.byte 0x00, 0x28, 0x0D, 0xD0, 0x11, 0xF7, 0xBC, 0xFD, 0x34, 0x78, 0x64, 0x34, 0x00, 0x04, 0x00, 0x0C
	.byte 0x39, 0x21, 0x28, 0xF0, 0xC9, 0xFE, 0x00, 0x19, 0x30, 0x70, 0x05, 0xE0, 0x00, 0x14, 0x12, 0x08
	.byte 0x28, 0x1C, 0xEB, 0xF7, 0x69, 0xFA, 0xE8, 0x60, 0xA8, 0x68, 0xE9, 0x68, 0x88, 0x42, 0x10, 0xDD
	.byte 0xA9, 0x60, 0x11, 0xF7, 0xA5, 0xFD, 0x2C, 0x1C, 0x84, 0x34, 0x00, 0x04, 0x00, 0x0C, 0x15, 0x49
	.byte 0x28, 0xF0, 0xB2, 0xFE, 0x00, 0x04, 0x00, 0x0C, 0xC0, 0x21, 0x49, 0x00, 0x40, 0x18, 0x40, 0x42
	.byte 0x20, 0x60, 0x28, 0x1C, 0x3C, 0x30, 0x00, 0x78, 0x00, 0x28, 0x63, 0xD0, 0x28, 0x1C, 0x80, 0x30
	.byte 0x00, 0x88, 0x00, 0x28, 0x1C, 0xDB, 0x01, 0x28, 0x1A, 0xDD, 0x03, 0x28, 0x18, 0xDC, 0x6B, 0x20
	.byte 0x2B, 0xF0, 0xEC, 0xF9, 0x08, 0x48, 0xBA, 0x24, 0x64, 0x00, 0x02, 0x19, 0x28, 0x1C, 0x94, 0x30
	.byte 0x01, 0x88, 0x10, 0x68, 0x40, 0x18, 0x10, 0x60, 0x04, 0x49, 0x88, 0x42, 0x1C, 0xD9, 0x11, 0x60
	.byte 0x1A, 0xE0, 0x00, 0x00, 0x81, 0x01, 0x00, 0x00, 0xB0, 0x9B, 0x03, 0x02, 0x9F, 0x86, 0x01, 0x00
	.byte 0x6B, 0x20, 0x2B, 0xF0, 0xD3, 0xF9, 0x1C, 0x4A, 0x28, 0x1C, 0x94, 0x30, 0x00, 0x88, 0x51, 0x8E
	.byte 0x40, 0x18, 0x50, 0x86, 0x11, 0x1C, 0xF8, 0x31, 0x00, 0x04, 0x00, 0x14, 0x0B, 0x88, 0x00, 0x24
	.byte 0x09, 0x5F, 0x88, 0x42, 0x00, 0xDD, 0x53, 0x86, 0x14, 0x48, 0xE8, 0x67, 0x29, 0x1C, 0x82, 0x31
	.byte 0x00, 0x20, 0x08, 0x80, 0x12, 0x48, 0x01, 0x68, 0x88, 0x69, 0xC9, 0x69, 0x2A, 0x68, 0x6B, 0x68
	.byte 0x28, 0xF7, 0x32, 0xF8, 0x29, 0x1C, 0x8C, 0x31, 0x08, 0x70, 0x0B, 0x31, 0x01, 0x20, 0x08, 0x70
	.byte 0x01, 0x39, 0x08, 0x70, 0x11, 0xF7, 0x44, 0xFD, 0x00, 0x04, 0x00, 0x0C, 0x06, 0x21, 0x28, 0xF0
	.byte 0x53, 0xFE, 0x05, 0x30, 0x29, 0x1C, 0x8D, 0x31, 0x08, 0x70, 0x28, 0x1C, 0x10, 0x30, 0x01, 0x21
	.byte 0x1D, 0xF7, 0x6E, 0xFD, 0x2F, 0xE0, 0x00, 0x00, 0xB0, 0x9B, 0x03, 0x02, 0xA1, 0x4B, 0x0F, 0x08
	.byte 0xA0, 0x9B, 0x03, 0x02, 0x2E, 0x1C, 0x10, 0x36, 0x29, 0x68, 0x6A, 0x68, 0xAB, 0x68, 0x30, 0x1C
	.byte 0x1D, 0xF7, 0xE6, 0xFB, 0x28, 0x1C, 0x82, 0x30, 0x01, 0x88, 0x04, 0x1C, 0x14, 0x29, 0x03, 0xD1
	.byte 0x30, 0x1C, 0x00, 0x21, 0x1D, 0xF7, 0x54, 0xFD, 0x21, 0x88, 0xD2, 0x20, 0x40, 0x00, 0x81, 0x42
	.byte 0x07, 0xD9, 0x00, 0x22, 0x29, 0x1C, 0x96, 0x31, 0x08, 0x78, 0x00, 0x28, 0x00, 0xD1, 0x01, 0x22
	.byte 0x0A, 0x70, 0x20, 0x88, 0x41, 0x1C, 0x21, 0x80, 0x00, 0x04, 0xF0, 0x21, 0x49, 0x04, 0x88, 0x42
	.byte 0x01, 0xD9, 0x00, 0x20, 0xE8, 0x67, 0x70, 0xBC, 0x01, 0xBC, 0x00, 0x47, 0xF0, 0xB5, 0x4F, 0x46
	.byte 0x46, 0x46, 0xC0, 0xB4, 0x07, 0x1C, 0x25, 0x48, 0x03, 0x68, 0x25, 0x49, 0x8C, 0x20, 0xC0, 0x19
	.byte 0x80, 0x46, 0x05, 0x78, 0x68, 0x00, 0x40, 0x18, 0x00, 0x22, 0x80, 0x5E, 0x40, 0x01, 0x3E, 0x1C
	.byte 0x90, 0x36, 0x32, 0x68, 0x50, 0x43, 0x00, 0x12, 0x9C, 0x69, 0x24, 0x18, 0x28, 0x1C, 0x40, 0x30
	.byte 0x40, 0x00, 0x40, 0x18, 0x00, 0x21, 0x40, 0x5E, 0x40, 0x42, 0x16, 0x21, 0x48, 0x43, 0x50, 0x43
	.byte 0x00, 0x12, 0xDA, 0x69, 0x12, 0x18, 0x82, 0x20, 0xC0, 0x19, 0x81, 0x46, 0x00, 0x88, 0x40, 0x08
	.byte 0x00, 0x02, 0x1B, 0x6A, 0x1B, 0x1A, 0x38, 0x1C, 0x8D, 0x30, 0x00, 0x78, 0x2D, 0x18, 0x41, 0x46
	.byte 0x0D, 0x70, 0x38, 0x68, 0x24, 0x1A, 0xA4, 0x10, 0x00, 0x19, 0x38, 0x60, 0x79, 0x68, 0x52, 0x1A
	.byte 0x92, 0x10, 0x89, 0x18, 0x79, 0x60, 0xBA, 0x68, 0x9B, 0x1A, 0x9B, 0x10, 0xD2, 0x18, 0xBA, 0x60
	.byte 0xEB, 0xF7, 0x2A, 0xF9, 0xF8, 0x60, 0x30, 0x68, 0x02, 0x38, 0x30, 0x60, 0x4A, 0x46, 0x10, 0x88
	.byte 0x3C, 0x28, 0x07, 0xD9, 0x00, 0x20, 0xF8, 0x67, 0x07, 0xE0, 0x00, 0x00, 0xA0, 0x9B, 0x03, 0x02
	.byte 0x00, 0x14, 0x12, 0x08, 0x01, 0x30, 0x49, 0x46, 0x08, 0x80, 0x18, 0xBC, 0x98, 0x46, 0xA1, 0x46
	.byte 0xF0, 0xBC, 0x01, 0xBC, 0x00, 0x47, 0x00, 0x00, 0x70, 0xB5, 0x06, 0x1C, 0x0D, 0x1C, 0x68, 0x68
	.byte 0x30, 0x60, 0xA8, 0x68, 0x70, 0x60, 0xE8, 0x68, 0xB0, 0x60, 0x00, 0x20, 0xF0, 0x60, 0x30, 0x1C
	.byte 0xEB, 0xF7, 0x6A, 0xF9, 0x11, 0xF7, 0x94, 0xFC, 0x34, 0x1C, 0x84, 0x34, 0x00, 0x04, 0x00, 0x0C
	.byte 0x1C, 0x49, 0x28, 0xF0, 0xA1, 0xFD, 0x00, 0x04, 0x00, 0x0C, 0x80, 0x21, 0x89, 0x00, 0x40, 0x18
	.byte 0x40, 0x42, 0x20, 0x60, 0x11, 0xF7, 0x84, 0xFC, 0x04, 0x34, 0x00, 0x04, 0x00, 0x0C, 0x9B, 0x21
	.byte 0x28, 0xF0, 0x92, 0xFD, 0x00, 0x04, 0x00, 0x0C, 0x99, 0x30, 0x20, 0x60, 0x11, 0xF7, 0x78, 0xFC
	.byte 0x31, 0x1C, 0x8C, 0x31, 0x08, 0x70, 0x10, 0x48, 0xB0, 0x21, 0x49, 0x00, 0x0D, 0xF7, 0xF0, 0xFC
	.byte 0xF0, 0x66, 0x0E, 0x48, 0x20, 0x21, 0x0D, 0xF7, 0xA3, 0xFE, 0x30, 0x67, 0xA9, 0x8A, 0x30, 0x1C
	.byte 0x80, 0x30, 0x01, 0x80, 0x00, 0x88, 0x01, 0x28, 0x1C, 0xD0, 0x01, 0x28, 0x26, 0xDD, 0x02, 0x28
	.byte 0x10, 0xD0, 0x03, 0x28, 0x22, 0xD1, 0x06, 0x48, 0x70, 0x67, 0x31, 0x1C, 0x94, 0x31, 0x0A, 0x20
	.byte 0x29, 0xE0, 0x00, 0x00, 0x01, 0x03, 0x00, 0x00, 0xF4, 0x5C, 0x8A, 0x09, 0xE4, 0x9B, 0xF6, 0x08
	.byte 0xAE, 0x5C, 0x8A, 0x09, 0x02, 0x48, 0x70, 0x67, 0x31, 0x1C, 0x94, 0x31, 0x04, 0x20, 0x1A, 0xE0
	.byte 0xA4, 0x5C, 0x8A, 0x09, 0x03, 0x48, 0x70, 0x67, 0x03, 0x48, 0xF8, 0x30, 0x00, 0x22, 0x80, 0x5E
	.byte 0x14, 0x21, 0x0C, 0xE0, 0x9A, 0x5C, 0x8A, 0x09, 0xB0, 0x9B, 0x03, 0x02, 0x1B, 0x48, 0x70, 0x67
	.byte 0x1B, 0x48, 0xF8, 0x30, 0x00, 0x22, 0x81, 0x5E, 0x48, 0x00, 0x40, 0x18, 0x64, 0x21, 0x28, 0xF0
	.byte 0x53, 0xFC, 0x31, 0x1C, 0x94, 0x31, 0x08, 0x80, 0x16, 0x48, 0xB0, 0x67, 0x30, 0x1C, 0x97, 0x30
	.byte 0x00, 0x21, 0x01, 0x70, 0x32, 0x1C, 0x96, 0x32, 0x01, 0x20, 0x10, 0x70, 0x30, 0x1C, 0x82, 0x30
	.byte 0x01, 0x80, 0x11, 0x48, 0xF0, 0x67, 0x31, 0x1C, 0x90, 0x31, 0x80, 0x20, 0x40, 0x00, 0x08, 0x60
	.byte 0x34, 0x1C, 0x10, 0x34, 0x20, 0x1C, 0x05, 0x21, 0x10, 0x22, 0x32, 0x23, 0x1D, 0xF7, 0x94, 0xFA
	.byte 0x31, 0x68, 0x72, 0x68, 0xB3, 0x68, 0x20, 0x1C, 0x1D, 0xF7, 0xCA, 0xFA, 0x20, 0x1C, 0x01, 0x21
	.byte 0x1D, 0xF7, 0x3E, 0xFC, 0x70, 0xBC, 0x01, 0xBC, 0x00, 0x47, 0x00, 0x00, 0x90, 0x5C, 0x8A, 0x09
	.byte 0xB0, 0x9B, 0x03, 0x02, 0xB8, 0x5C, 0x8A, 0x09, 0xD1, 0x49, 0x0F, 0x08, 0x10, 0xB5, 0x04, 0x1C
	.byte 0xEB, 0xF7, 0xEC, 0xFA, 0x00, 0x06, 0x00, 0x28, 0x0A, 0xD1, 0xE1, 0x6F, 0x00, 0x29, 0x07, 0xD0
	.byte 0x20, 0x1C, 0x28, 0xF0, 0xF5, 0xFB, 0xE0, 0x6F, 0x00, 0x28, 0x01, 0xD0, 0x01, 0x20, 0x00, 0xE0
	.byte 0x00, 0x20, 0x10, 0xBC, 0x02, 0xBC, 0x08, 0x47, 0xF0, 0xB5, 0x4F, 0x46, 0x46, 0x46, 0xC0, 0xB4
	.byte 0x84, 0xB0, 0x05, 0x1C, 0x96, 0x30, 0x00, 0x78, 0x00, 0x28, 0x5B, 0xD0, 0x29, 0x68, 0x09, 0x12
	.byte 0x0F, 0x48, 0x02, 0x68, 0x10, 0x68, 0x00, 0x12, 0x09, 0x1A, 0x09, 0x04, 0x0F, 0x0C, 0x69, 0x68
	.byte 0x09, 0x12, 0xA8, 0x68, 0x00, 0x12, 0x09, 0x18, 0x50, 0x68, 0x00, 0x12, 0x09, 0x1A, 0x09, 0x04
	.byte 0x0C, 0x0C, 0x28, 0x1C, 0x90, 0x30, 0x02, 0x68, 0x80, 0x20, 0x40, 0x00, 0x82, 0x42, 0x09, 0xD0
	.byte 0x00, 0x20, 0x11, 0x1C, 0x00, 0x23, 0x0D, 0xF7, 0x43, 0xFF, 0x06, 0x1C, 0x03, 0xE0, 0x00, 0x00
	.byte 0xA0, 0x9B, 0x03, 0x02, 0x00, 0x26, 0x38, 0x04, 0x00, 0x14, 0x81, 0x46, 0x21, 0x04, 0x09, 0x14
	.byte 0x6A, 0x6F, 0xEB, 0x6E, 0x28, 0x6F, 0x00, 0x90, 0x01, 0x96, 0x80, 0x20, 0x00, 0x01, 0x80, 0x46
	.byte 0x02, 0x90, 0x6C, 0x68, 0x24, 0x12, 0xA4, 0x00, 0x16, 0x4F, 0x38, 0x1C, 0x00, 0x1B, 0x00, 0x04
	.byte 0x00, 0x0C, 0x03, 0x90, 0x48, 0x46, 0x0D, 0xF7, 0xB9, 0xFA, 0x28, 0x1C, 0x97, 0x30, 0x00, 0x78
	.byte 0x00, 0x28, 0x17, 0xD1, 0x69, 0x68, 0x09, 0x12, 0xE8, 0x68, 0x00, 0x12, 0x09, 0x18, 0x0E, 0x48
	.byte 0x00, 0x68, 0x40, 0x68, 0x00, 0x12, 0x09, 0x1A, 0x09, 0x04, 0x09, 0x14, 0xAA, 0x6F, 0xEB, 0x6E
	.byte 0x28, 0x6F, 0x00, 0x90, 0x01, 0x96, 0x40, 0x46, 0x02, 0x90, 0x08, 0x48, 0x03, 0x90, 0x48, 0x46
	.byte 0x0D, 0xF7, 0x9C, 0xFA, 0x04, 0xB0, 0x18, 0xBC, 0x98, 0x46, 0xA1, 0x46, 0xF0, 0xBC, 0x01, 0xBC
	.byte 0x00, 0x47, 0x00, 0x00, 0xFC, 0xEF, 0xFF, 0xFF, 0xA0, 0x9B, 0x03, 0x02, 0xFF, 0xFF, 0x00, 0x00
	.byte 0x10, 0xB5, 0x04, 0x1C, 0xE0, 0x6E, 0x0D, 0xF7, 0xF9, 0xFC, 0x20, 0x6F, 0x0D, 0xF7, 0x9E, 0xFE
	.byte 0x10, 0x34, 0x20, 0x1C, 0x1D, 0xF7, 0x14, 0xFA, 0x10, 0xBC, 0x01, 0xBC, 0x00, 0x47, 0x00, 0x00
	thumb_func_start func_080F4EE4
func_080F4EE4: @ 080F4EE4
	push {r4, r5, lr}
	mov r12, r0
	ldr r4, _080F4F5C @ =0x08121400
	adds r0, #0xD0
	ldrb r0, [r0, #0x00]
	adds r0, #0x80
	movs r3, #0xFF
	ands r0, r3
	adds r0, #0x40
	lsls r0, r0, #0x01
	adds r0, r0, r4
	movs r1, #0x00
	ldsh r0, [r0, r1]
	negs r0, r0
	mov r2, r12
	adds r2, #0xCC
	movs r5, #0x00
	ldsh r1, [r2, r5]
	muls r0, r1
	asrs r0, r0, #0x08
	mov r5, r12
	adds r5, #0xB4
	strh r0, [r5, #0x00]
	mov r0, r12
	adds r0, #0xCF
	ldrb r0, [r0, #0x00]
	adds r0, #0x80
	ands r0, r3
	adds r0, #0x40
	lsls r0, r0, #0x01
	adds r0, r0, r4
	movs r1, #0x00
	ldsh r0, [r0, r1]
	negs r0, r0
	movs r3, #0x00
	ldsh r1, [r2, r3]
	muls r0, r1
	asrs r0, r0, #0x08
	subs r2, #0x16
	strh r0, [r2, #0x00]
	ldrh r0, [r5, #0x00]
	adds r0, #0x02
	lsls r0, r0, #0x10
	lsrs r0, r0, #0x10
	cmp r0, #0x04
	bhi _080F4F44
	movs r0, #0x02
	strh r0, [r5, #0x00]
_080F4F44:
	ldrh r0, [r2, #0x00]
	adds r0, #0x02
	lsls r0, r0, #0x10
	lsrs r0, r0, #0x10
	cmp r0, #0x04
	bhi _080F4F54
	movs r0, #0x02
	strh r0, [r2, #0x00]
_080F4F54:
	pop {r4, r5}
	pop {r0}
	bx r0
	.byte 0x00, 0x00
_080F4F5C: .4byte 0x08121400
	.byte 0x10, 0xB5, 0x82, 0xB0, 0x04, 0x1C, 0xF0, 0x20, 0xC0, 0x01, 0xA0, 0x22, 0xD2, 0x01, 0x21, 0x68
	.byte 0x40, 0x1A, 0x00, 0x90, 0x60, 0x68, 0x12, 0x1A, 0x01, 0x92, 0x01, 0xA9, 0x68, 0x46, 0x6A, 0xF7
	.byte 0x11, 0xFB, 0x21, 0x1C, 0xC8, 0x31, 0x08, 0x60, 0x08, 0x39, 0x00, 0x98, 0x40, 0x42, 0x08, 0x60
	.byte 0x04, 0x31, 0x01, 0x98, 0x40, 0x42, 0x08, 0x60, 0x14, 0x39, 0xC0, 0x20, 0x80, 0x00, 0x08, 0x60
	.byte 0x04, 0x39, 0x02, 0x20, 0x08, 0x60, 0x02, 0xB0, 0x10, 0xBC, 0x01, 0xBC, 0x00, 0x47, 0x00, 0x00
	.byte 0x70, 0xB5, 0x84, 0xB0, 0x05, 0x1C, 0x69, 0x46, 0x1C, 0xC8, 0x1C, 0xC1, 0x00, 0x68, 0x08, 0x60
	.byte 0x28, 0x1C, 0xAC, 0x30, 0x01, 0x68, 0x38, 0x31, 0x01, 0x60, 0xA8, 0x68, 0x40, 0x18, 0xA8, 0x60
	.byte 0x19, 0x4B, 0x2E, 0x1C, 0xB8, 0x36, 0x30, 0x78, 0x40, 0x00, 0xC0, 0x18, 0x00, 0x22, 0x81, 0x5E
	.byte 0x2A, 0x1C, 0xB0, 0x32, 0x10, 0x68, 0x41, 0x43, 0x09, 0x12, 0x28, 0x68, 0x40, 0x18, 0x28, 0x60
	.byte 0x30, 0x78, 0x40, 0x30, 0x40, 0x00, 0xC0, 0x18, 0x00, 0x23, 0xC0, 0x5E, 0x40, 0x42, 0x11, 0x68
	.byte 0x41, 0x43, 0x09, 0x12, 0x68, 0x68, 0x40, 0x18, 0x68, 0x60, 0x28, 0x1C, 0xEA, 0xF7, 0xE6, 0xFD
	.byte 0x00, 0x06, 0x00, 0x28, 0x12, 0xD0, 0x11, 0xF7, 0xC5, 0xFA, 0x34, 0x78, 0x70, 0x34, 0x00, 0x04
	.byte 0x00, 0x0C, 0x21, 0x21, 0x28, 0xF0, 0xD2, 0xFB, 0x00, 0x19, 0x30, 0x70, 0x00, 0x98, 0x28, 0x60
	.byte 0x01, 0x98, 0x68, 0x60, 0x06, 0xE0, 0x00, 0x00, 0x00, 0x14, 0x12, 0x08, 0x28, 0x1C, 0xEA, 0xF7
	.byte 0x6D, 0xFF, 0xE8, 0x60, 0xA8, 0x68, 0x2F, 0x4C, 0x00, 0x19, 0xE9, 0x68, 0x88, 0x42, 0x0F, 0xDD
	.byte 0x08, 0x19, 0xA8, 0x60, 0x2A, 0x1C, 0xAC, 0x32, 0x10, 0x68, 0xC1, 0x00, 0x09, 0x1A, 0x48, 0x01
	.byte 0x40, 0x1A, 0x00, 0x12, 0x40, 0x42, 0x10, 0x60, 0x27, 0x49, 0x88, 0x42, 0x00, 0xDD, 0x11, 0x60
	.byte 0x28, 0x1C, 0x3C, 0x30, 0x00, 0x78, 0x00, 0x28, 0x4E, 0xD0, 0x29, 0x1C, 0xD2, 0x31, 0x01, 0x20
	.byte 0x08, 0x70, 0x6A, 0x20, 0x2A, 0xF0, 0xF4, 0xFE, 0x28, 0x1C, 0xA8, 0x30, 0x00, 0x88, 0x8F, 0xF7
	.byte 0xE3, 0xF9, 0x28, 0x1C, 0xD1, 0x30, 0x00, 0x78, 0x00, 0x28, 0x09, 0xD1, 0x1B, 0x48, 0x80, 0x79
	.byte 0xE9, 0xF7, 0xBA, 0xFE, 0x01, 0x1C, 0x08, 0x7B, 0x00, 0x28, 0x01, 0xD0, 0x01, 0x38, 0x08, 0x73
	.byte 0x2A, 0x68, 0x12, 0x12, 0x16, 0x48, 0x03, 0x68, 0x18, 0x68, 0x00, 0x12, 0x12, 0x1A, 0x69, 0x68
	.byte 0x09, 0x12, 0xA8, 0x68, 0x00, 0x12, 0x09, 0x18, 0x58, 0x68, 0x00, 0x12, 0x09, 0x1A, 0x12, 0x04
	.byte 0x12, 0x12, 0x2A, 0x60, 0x09, 0x04, 0x09, 0x12, 0x69, 0x60, 0x28, 0x1C, 0x10, 0x30, 0x01, 0x21
	.byte 0x1D, 0xF7, 0x98, 0xFA, 0x29, 0x1C, 0xBE, 0x31, 0x00, 0x24, 0x32, 0x20, 0x08, 0x80, 0x28, 0x1C
	.byte 0xFF, 0xF7, 0x36, 0xFF, 0x28, 0x1C, 0x88, 0x30, 0x04, 0x80, 0x29, 0x1C, 0x8C, 0x31, 0x05, 0x48
	.byte 0x08, 0x60, 0x45, 0xE0, 0x00, 0xF8, 0xFF, 0xFF, 0x00, 0xFE, 0xFF, 0xFF, 0x90, 0xC5, 0x03, 0x02
	.byte 0xA0, 0x9B, 0x03, 0x02, 0xA1, 0x51, 0x0F, 0x08, 0x29, 0x68, 0x09, 0x12, 0x1E, 0x48, 0x02, 0x68
	.byte 0x10, 0x68, 0x00, 0x12, 0x09, 0x1A, 0x28, 0x1C, 0xBA, 0x30, 0x01, 0x80, 0x69, 0x68, 0x09, 0x12
	.byte 0xA8, 0x68, 0x00, 0x12, 0x09, 0x18, 0x50, 0x68, 0x00, 0x12, 0x09, 0x1A, 0x28, 0x1C, 0xBC, 0x30
	.byte 0x01, 0x80, 0x68, 0x68, 0x00, 0x12, 0x80, 0x00, 0x14, 0x4A, 0x11, 0x1C, 0x09, 0x1A, 0x28, 0x1C
	.byte 0xBE, 0x30, 0x01, 0x80, 0x28, 0x1C, 0xFF, 0xF7, 0xC5, 0xFE, 0x29, 0x1C, 0xD0, 0x31, 0x08, 0x78
	.byte 0x02, 0x30, 0x08, 0x70, 0x2E, 0x1C, 0x10, 0x36, 0x29, 0x68, 0x6A, 0x68, 0xAB, 0x68, 0x30, 0x1C
	.byte 0x1D, 0xF7, 0xD8, 0xF8, 0x2C, 0x1C, 0x8A, 0x34, 0x20, 0x88, 0x14, 0x28, 0x03, 0xD1, 0x30, 0x1C
	.byte 0x00, 0x21, 0x1D, 0xF7, 0x47, 0xFA, 0x20, 0x88, 0x3B, 0x28, 0x01, 0xD8, 0x01, 0x30, 0x20, 0x80
	.byte 0x04, 0xB0, 0x70, 0xBC, 0x01, 0xBC, 0x00, 0x47, 0xA0, 0x9B, 0x03, 0x02, 0xFC, 0xEF, 0xFF, 0xFF
	.byte 0x30, 0xB5, 0x82, 0xB0, 0x05, 0x1C, 0xB0, 0x30, 0x00, 0x68, 0x00, 0x28, 0x33, 0xDA, 0x29, 0x68
	.byte 0xF0, 0x20, 0xC0, 0x01, 0x40, 0x1A, 0x00, 0x90, 0x69, 0x68, 0xA0, 0x20, 0xC0, 0x01, 0x40, 0x1A
	.byte 0x01, 0x90, 0x01, 0xA9, 0x68, 0x46, 0x6A, 0xF7, 0xED, 0xF9, 0x29, 0x1C, 0xC0, 0x31, 0x00, 0x98
	.byte 0x40, 0x42, 0x08, 0x60, 0x04, 0x31, 0x01, 0x98, 0x40, 0x42, 0x08, 0x60, 0x28, 0x1C, 0xC8, 0x30
	.byte 0x01, 0x68, 0x38, 0x48, 0x81, 0x42, 0x16, 0xDC, 0x29, 0x1C, 0xCE, 0x31, 0x00, 0x20, 0x08, 0x70
	.byte 0x44, 0x39, 0x08, 0x80, 0x02, 0x31, 0x34, 0x48, 0x08, 0x60, 0x28, 0x1C, 0xD4, 0x30, 0x33, 0x49
	.byte 0x33, 0x4B, 0x2A, 0x1C, 0xA8, 0x32, 0x14, 0x88, 0x34, 0x22, 0x62, 0x43, 0x0C, 0x33, 0xD2, 0x18
	.byte 0x12, 0x68, 0x0B, 0xF7, 0xFF, 0xFD, 0x28, 0x1C, 0xC0, 0x30, 0x2C, 0x1C, 0xB0, 0x34, 0x01, 0x68
	.byte 0x20, 0x68, 0x41, 0x43, 0x09, 0x12, 0x28, 0x68, 0x40, 0x18, 0x28, 0x60, 0x28, 0x1C, 0xC4, 0x30
	.byte 0x01, 0x68, 0x20, 0x68, 0x41, 0x43, 0x09, 0x12, 0x68, 0x68, 0x40, 0x18, 0x68, 0x60, 0x29, 0x1C
	.byte 0xCE, 0x31, 0x08, 0x78, 0x20, 0x30, 0x00, 0x22, 0x08, 0x70, 0x2B, 0x1C, 0xCF, 0x33, 0x19, 0x78
	.byte 0x40, 0x20, 0x40, 0x1A, 0x00, 0x11, 0x09, 0x18, 0x19, 0x70, 0x28, 0x1C, 0xD0, 0x30, 0x02, 0x70
	.byte 0x29, 0x68, 0xF0, 0x20, 0xC0, 0x01, 0x40, 0x1A, 0x6A, 0x68, 0xA0, 0x21, 0xC9, 0x01, 0x89, 0x1A
	.byte 0x6A, 0xF7, 0x8A, 0xF9, 0x29, 0x1C, 0xC8, 0x31, 0x08, 0x60, 0x2A, 0x1C, 0xAC, 0x32, 0x20, 0x68
	.byte 0x11, 0x68, 0x40, 0x1A, 0x20, 0x60, 0x10, 0x68, 0x02, 0x30, 0x10, 0x60, 0x29, 0x1C, 0xCC, 0x31
	.byte 0x08, 0x88, 0x03, 0x30, 0x08, 0x80, 0x00, 0x04, 0x00, 0x14, 0x80, 0x22, 0x52, 0x00, 0x90, 0x42
	.byte 0x00, 0xDD, 0x0A, 0x80, 0x28, 0x68, 0x00, 0x12, 0x29, 0x1C, 0xBA, 0x31, 0x08, 0x80, 0x68, 0x68
	.byte 0x00, 0x12, 0x02, 0x31, 0x08, 0x80, 0x28, 0x1C, 0xFF, 0xF7, 0x14, 0xFE, 0x02, 0xB0, 0x30, 0xBC
	.byte 0x01, 0xBC, 0x00, 0x47, 0xFF, 0x07, 0x00, 0x00, 0xD5, 0x52, 0x0F, 0x08, 0x94, 0x6E, 0xEF, 0x09
	.byte 0xB0, 0x0A, 0xF7, 0x08, 0x30, 0xB5, 0x04, 0x1C, 0xF0, 0x20, 0xC0, 0x01, 0x20, 0x60, 0xB0, 0x20
	.byte 0xC0, 0x01, 0x60, 0x60, 0x20, 0x1C, 0xCE, 0x30, 0x00, 0x25, 0x05, 0x70, 0x01, 0x30, 0x05, 0x70
	.byte 0x21, 0x1C, 0xCC, 0x31, 0x08, 0x88, 0x02, 0x30, 0x08, 0x80, 0x00, 0x04, 0x00, 0x14, 0x80, 0x22
	.byte 0x52, 0x00, 0x90, 0x42, 0x00, 0xDD, 0x0A, 0x80, 0x20, 0x68, 0x00, 0x12, 0x21, 0x1C, 0xBA, 0x31
	.byte 0x08, 0x80, 0x60, 0x68, 0x00, 0x12, 0x02, 0x31, 0x08, 0x80, 0x20, 0x1C, 0xFF, 0xF7, 0xE2, 0xFD
	.byte 0x21, 0x1C, 0x8A, 0x31, 0x08, 0x88, 0x01, 0x30, 0x08, 0x80, 0x00, 0x04, 0x00, 0x0C, 0x1E, 0x28
	.byte 0x03, 0xD1, 0x0D, 0x80, 0x02, 0x31, 0x04, 0x48, 0x08, 0x60, 0x20, 0x1C, 0xD4, 0x30, 0x0B, 0xF7
	.byte 0xB1, 0xFD, 0x30, 0xBC, 0x01, 0xBC, 0x00, 0x47, 0x4D, 0x53, 0x0F, 0x08, 0x10, 0xB5, 0x84, 0x46
	.byte 0x61, 0x46, 0xCE, 0x31, 0x08, 0x78, 0x20, 0x30, 0x08, 0x70, 0x1C, 0x48, 0x03, 0x68, 0x99, 0x69
	.byte 0x09, 0x12, 0x18, 0x68, 0x00, 0x12, 0x09, 0x1A, 0xDA, 0x69, 0x12, 0x12, 0x18, 0x6A, 0x00, 0x12
	.byte 0x12, 0x18, 0x58, 0x68, 0x00, 0x12, 0x12, 0x1A, 0x63, 0x46, 0xBA, 0x33, 0x09, 0x04, 0x09, 0x14
	.byte 0x00, 0x24, 0x18, 0x5F, 0x09, 0x1A, 0xC9, 0x10, 0x18, 0x88, 0x09, 0x18, 0x19, 0x80, 0x61, 0x46
	.byte 0xBC, 0x31, 0x12, 0x04, 0x12, 0x14, 0x00, 0x23, 0xC8, 0x5E, 0x12, 0x1A, 0xD2, 0x10, 0x0C, 0x88
	.byte 0x12, 0x19, 0x0A, 0x80, 0x08, 0x39, 0x08, 0x88, 0x0A, 0x38, 0x08, 0x80, 0x62, 0x46, 0xB6, 0x32
	.byte 0x10, 0x88, 0x0A, 0x38, 0x10, 0x80, 0x00, 0x22, 0x88, 0x5E, 0x0A, 0x28, 0x02, 0xDC, 0x28, 0x39
	.byte 0x00, 0x20, 0x08, 0x60, 0x10, 0xBC, 0x01, 0xBC, 0x00, 0x47, 0x00, 0x00, 0xA0, 0x9B, 0x03, 0x02
	.byte 0xF0, 0xB5, 0x4F, 0x46, 0x46, 0x46, 0xC0, 0xB4, 0x07, 0x1C, 0x0D, 0x1C, 0x51, 0x48, 0x02, 0x68
	.byte 0x10, 0x68, 0x10, 0x21, 0x08, 0x43, 0x10, 0x60, 0xA9, 0x8A, 0x38, 0x1C, 0xA8, 0x30, 0x00, 0x22
	.byte 0x91, 0x46, 0x00, 0x23, 0x98, 0x46, 0x01, 0x80, 0x01, 0x88, 0x34, 0x20, 0x0C, 0x1C, 0x44, 0x43
	.byte 0x49, 0x48, 0x24, 0x18, 0x60, 0x68, 0xC0, 0x26, 0xB6, 0x00, 0x31, 0x1C, 0x0D, 0xF7, 0x4A, 0xF9
	.byte 0x38, 0x67, 0xA0, 0x68, 0x20, 0x21, 0x0D, 0xF7, 0xFD, 0xFA, 0xF8, 0x66, 0x38, 0x1C, 0x90, 0x30
	.byte 0x1C, 0x34, 0x0E, 0xCC, 0x0E, 0xC0, 0x0E, 0xCC, 0x0E, 0xC0, 0x38, 0x1C, 0x9E, 0x30, 0x00, 0x78
	.byte 0x44, 0x00, 0x24, 0x18, 0xE4, 0x00, 0x3D, 0x48, 0x24, 0x18, 0x3D, 0x48, 0x20, 0x21, 0x0D, 0xF7
	.byte 0xE9, 0xFA, 0x78, 0x67, 0xE0, 0x68, 0xA0, 0x21, 0x89, 0x00, 0x0D, 0xF7, 0x2B, 0xF9, 0xB8, 0x67
	.byte 0x38, 0x48, 0xF0, 0x21, 0x49, 0x00, 0x0D, 0xF7, 0x25, 0xF9, 0xF8, 0x67, 0x36, 0x48, 0x20, 0x21
	.byte 0x0D, 0xF7, 0xD8, 0xFA, 0x39, 0x1C, 0x84, 0x31, 0x08, 0x60, 0x34, 0x48, 0x80, 0x21, 0x49, 0x00
	.byte 0x0D, 0xF7, 0x18, 0xF9, 0x39, 0x1C, 0x80, 0x31, 0x08, 0x60, 0x68, 0x68, 0x38, 0x60, 0xA8, 0x68
	.byte 0x78, 0x60, 0xE8, 0x68, 0xB8, 0x60, 0x40, 0x46, 0xF8, 0x60, 0x38, 0x1C, 0xEA, 0xF7, 0x5E, 0xFD
	.byte 0x11, 0xF7, 0x88, 0xF8, 0x3C, 0x1C, 0xAC, 0x34, 0x00, 0x04, 0x00, 0x0C, 0x81, 0x21, 0x28, 0xF0
	.byte 0x95, 0xF9, 0x00, 0x04, 0x00, 0x0C, 0x80, 0x19, 0x40, 0x42, 0x20, 0x60, 0x11, 0xF7, 0x7A, 0xF8
	.byte 0x04, 0x34, 0x00, 0x04, 0x00, 0x0C, 0x81, 0x21, 0x28, 0xF0, 0x88, 0xF9, 0x00, 0x04, 0x00, 0x0C
	.byte 0x80, 0x30, 0x20, 0x60, 0x11, 0xF7, 0x6E, 0xF8, 0x39, 0x1C, 0xB8, 0x31, 0x08, 0x70, 0x38, 0x1C
	.byte 0xB4, 0x30, 0x80, 0x21, 0x01, 0x80, 0x02, 0x30, 0x01, 0x80, 0x16, 0x30, 0x01, 0x80, 0x39, 0x1C
	.byte 0xCE, 0x31, 0x18, 0x20, 0x08, 0x70, 0x38, 0x1C, 0xCF, 0x30, 0x49, 0x46, 0x01, 0x70, 0x01, 0x30
	.byte 0x01, 0x70, 0x28, 0x78, 0x3D, 0x1C, 0xD1, 0x35, 0x28, 0x70, 0xA0, 0x3C, 0x20, 0x1C, 0x05, 0x21
	.byte 0x1E, 0x22, 0x0A, 0x23, 0x1C, 0xF7, 0xD2, 0xFE, 0x39, 0x68, 0x7A, 0x68, 0xBB, 0x68, 0x20, 0x1C
	.byte 0x1C, 0xF7, 0x08, 0xFF, 0x28, 0x78, 0x00, 0x28, 0x12, 0xD0, 0x20, 0x1C, 0x00, 0x21, 0x1D, 0xF7
	.byte 0x79, 0xF8, 0x11, 0xE0, 0xAC, 0xC7, 0x03, 0x02, 0xB0, 0x0A, 0xF7, 0x08, 0xB0, 0x09, 0xF7, 0x08
	.byte 0xB8, 0x1A, 0x61, 0x09, 0xE8, 0xEA, 0x05, 0x09, 0xE4, 0x9B, 0xF6, 0x08, 0xBC, 0x2B, 0xB2, 0x08
	.byte 0x20, 0x1C, 0x01, 0x21, 0x1D, 0xF7, 0x66, 0xF8, 0x39, 0x1C, 0x88, 0x31, 0x00, 0x23, 0x00, 0x22
	.byte 0x80, 0x20, 0x00, 0x01, 0x08, 0x80, 0x38, 0x1C, 0x8A, 0x30, 0x02, 0x80, 0x04, 0x31, 0x07, 0x48
	.byte 0x08, 0x60, 0x38, 0x1C, 0xD2, 0x30, 0x03, 0x70, 0x02, 0x30, 0x01, 0x21, 0x0B, 0xF7, 0x7A, 0xFC
	.byte 0x18, 0xBC, 0x98, 0x46, 0xA1, 0x46, 0xF0, 0xBC, 0x01, 0xBC, 0x00, 0x47, 0xB1, 0x4F, 0x0F, 0x08
	.byte 0x30, 0xB5, 0x05, 0x1C, 0xEA, 0xF7, 0x04, 0xFF, 0x00, 0x06, 0x00, 0x28, 0x0C, 0xD1, 0x2C, 0x1C
	.byte 0x8C, 0x34, 0x21, 0x68, 0x00, 0x29, 0x07, 0xD0, 0x28, 0x1C, 0x28, 0xF0, 0x0B, 0xF8, 0x20, 0x68
	.byte 0x00, 0x28, 0x01, 0xD0, 0x01, 0x20, 0x00, 0xE0, 0x00, 0x20, 0x30, 0xBC, 0x02, 0xBC, 0x08, 0x47
	.byte 0xF0, 0xB5, 0x57, 0x46, 0x4E, 0x46, 0x45, 0x46, 0xE0, 0xB4, 0x85, 0xB0, 0x06, 0x1C, 0xB4, 0x30
	.byte 0x01, 0x68, 0x05, 0x48, 0x81, 0x42, 0x09, 0xD1, 0x30, 0x1C, 0xCE, 0x30, 0x00, 0x78, 0x00, 0x28
	.byte 0x04, 0xD1, 0x00, 0x20, 0x10, 0xE0, 0x00, 0x00, 0x00, 0x01, 0x00, 0x01, 0x30, 0x1C, 0xCE, 0x30
	.byte 0x00, 0x78, 0x31, 0x1C, 0xB4, 0x31, 0x00, 0x22, 0x89, 0x5E, 0x32, 0x1C, 0xB6, 0x32, 0x00, 0x23
	.byte 0xD2, 0x5E, 0x01, 0x23, 0x0D, 0xF7, 0x5E, 0xFB, 0x04, 0x90, 0x30, 0x1C, 0xA8, 0x30, 0x01, 0x88
	.byte 0x34, 0x20, 0x0A, 0x1C, 0x42, 0x43, 0x59, 0x48, 0x12, 0x18, 0xBA, 0x24, 0xA4, 0x19, 0xA0, 0x46
	.byte 0x00, 0x25, 0x60, 0x5F, 0x37, 0x1C, 0xBC, 0x37, 0x39, 0x88, 0x08, 0x39, 0x09, 0x04, 0x09, 0x14
	.byte 0x12, 0x68, 0x33, 0x6F, 0x9C, 0x46, 0xF4, 0x6E, 0x00, 0x94, 0x04, 0x9C, 0x01, 0x94, 0x35, 0x1C
	.byte 0x88, 0x35, 0x2C, 0x88, 0x02, 0x94, 0xBE, 0x23, 0x9B, 0x19, 0x9A, 0x46, 0x1C, 0x88, 0xA1, 0x46
	.byte 0x4C, 0x46, 0x01, 0x34, 0x24, 0x04, 0x24, 0x0C, 0x03, 0x94, 0x63, 0x46, 0x0C, 0xF7, 0xC8, 0xFE
	.byte 0x9E, 0x20, 0x80, 0x19, 0x81, 0x46, 0x00, 0x78, 0x42, 0x00, 0x12, 0x18, 0xD2, 0x00, 0x44, 0x48
	.byte 0x12, 0x18, 0x41, 0x46, 0x00, 0x23, 0xC8, 0x5E, 0x39, 0x88, 0x08, 0x39, 0x09, 0x04, 0x09, 0x14
	.byte 0x12, 0x68, 0xB3, 0x6F, 0x74, 0x6F, 0x00, 0x94, 0x04, 0x9C, 0x01, 0x94, 0x2C, 0x88, 0x02, 0x94
	.byte 0x54, 0x46, 0x24, 0x88, 0x03, 0x94, 0x0C, 0xF7, 0xAB, 0xFE, 0x49, 0x46, 0x08, 0x78, 0x03, 0x28
	.byte 0x1C, 0xD0, 0x38, 0x49, 0x30, 0x1C, 0x94, 0x30, 0x00, 0x78, 0x80, 0x00, 0x40, 0x18, 0x02, 0x68
	.byte 0x43, 0x46, 0x00, 0x24, 0x18, 0x5F, 0x39, 0x88, 0x08, 0x39, 0x09, 0x04, 0x09, 0x14, 0xF3, 0x6F
	.byte 0x74, 0x6F, 0x00, 0x94, 0x04, 0x9C, 0x01, 0x94, 0x2C, 0x88, 0x02, 0x94, 0x55, 0x46, 0x2C, 0x88
	.byte 0x01, 0x3C, 0x24, 0x04, 0x24, 0x0C, 0x03, 0x94, 0x0C, 0xF7, 0x8A, 0xFE, 0x30, 0x1C, 0xD2, 0x30
	.byte 0x00, 0x78, 0x00, 0x28, 0x3E, 0xD1, 0x31, 0x68, 0x09, 0x12, 0x27, 0x48, 0x03, 0x68, 0x18, 0x68
	.byte 0x00, 0x12, 0x09, 0x1A, 0x09, 0x04, 0x0F, 0x0C, 0x71, 0x68, 0x09, 0x12, 0xF2, 0x68, 0x10, 0x12
	.byte 0x09, 0x18, 0x58, 0x68, 0x00, 0x12, 0x09, 0x1A, 0x09, 0x04, 0x0C, 0x0C, 0xB0, 0x68, 0x12, 0x1A
	.byte 0xD2, 0x11, 0xCC, 0x20, 0x80, 0x1A, 0x00, 0x04, 0x02, 0x0C, 0x00, 0x14, 0x02, 0x28, 0x00, 0xDC
	.byte 0x02, 0x22, 0x12, 0x04, 0x12, 0x14, 0x00, 0x20, 0x11, 0x1C, 0x00, 0x23, 0x0D, 0xF7, 0xCA, 0xFA
	.byte 0x05, 0x1C, 0x38, 0x04, 0x00, 0x14, 0x21, 0x04, 0x09, 0x14, 0x14, 0x4A, 0x12, 0x68, 0x33, 0x1C
	.byte 0x80, 0x33, 0x1B, 0x68, 0x34, 0x1C, 0x84, 0x34, 0x24, 0x68, 0x00, 0x94, 0x01, 0x95, 0x80, 0x24
	.byte 0x24, 0x01, 0x02, 0x94, 0x55, 0x46, 0x2C, 0x88, 0x02, 0x34, 0x24, 0x04, 0x24, 0x0C, 0x03, 0x94
	.byte 0x0C, 0xF7, 0x46, 0xFE, 0x30, 0x1C, 0xD4, 0x30, 0x0B, 0xF7, 0xC2, 0xFB, 0x05, 0xB0, 0x38, 0xBC
	.byte 0x98, 0x46, 0xA1, 0x46, 0xAA, 0x46, 0xF0, 0xBC, 0x01, 0xBC, 0x00, 0x47, 0xB0, 0x0A, 0xF7, 0x08
	.byte 0xB0, 0x09, 0xF7, 0x08, 0x1C, 0x98, 0xEE, 0x09, 0xA0, 0x9B, 0x03, 0x02, 0x80, 0x13, 0xEE, 0x09
	.byte 0x10, 0xB5, 0x04, 0x1C, 0x60, 0x6F, 0xC0, 0x88, 0x10, 0x30, 0x00, 0x04, 0x00, 0x0C, 0x00, 0x21
	.byte 0x10, 0xF7, 0xB0, 0xFD, 0xE0, 0x6E, 0xC0, 0x88, 0x10, 0x30, 0x00, 0x04, 0x00, 0x0C, 0x00, 0x21
	.byte 0x10, 0xF7, 0xA8, 0xFD, 0x20, 0x1C, 0x10, 0x30, 0x1C, 0xF7, 0xAC, 0xFD, 0x20, 0x6F, 0x0D, 0xF7
	.byte 0x87, 0xF8, 0xA0, 0x6F, 0x0D, 0xF7, 0x84, 0xF8, 0xE0, 0x6F, 0x0D, 0xF7, 0x81, 0xF8, 0x20, 0x1C
	.byte 0x80, 0x30, 0x00, 0x68, 0x0D, 0xF7, 0x7C, 0xF8, 0xE0, 0x6E, 0x0D, 0xF7, 0x21, 0xFA, 0x60, 0x6F
	.byte 0x0D, 0xF7, 0x1E, 0xFA, 0x20, 0x1C, 0x84, 0x30, 0x00, 0x68, 0x0D, 0xF7, 0x19, 0xFA, 0x20, 0x1C
	.byte 0xD4, 0x30, 0x0B, 0xF7, 0x93, 0xFB, 0x05, 0x48, 0x02, 0x68, 0x10, 0x68, 0x11, 0x21, 0x49, 0x42
	.byte 0x08, 0x40, 0x10, 0x60, 0x10, 0xBC, 0x01, 0xBC, 0x00, 0x47, 0x00, 0x00, 0xAC, 0xC7, 0x03, 0x02
	.byte 0x10, 0xB5, 0x04, 0x1C, 0x08, 0x30, 0x21, 0x68, 0x4A, 0x88, 0x00, 0x21, 0xAE, 0xF7, 0x86, 0xFC
	.byte 0x02, 0x48, 0x60, 0x60, 0x10, 0xBC, 0x01, 0xBC, 0x00, 0x47, 0x00, 0x00, 0x21, 0x58, 0x0F, 0x08
	.byte 0x10, 0xB5, 0x04, 0x1C, 0xAE, 0xF7, 0x50, 0xFD, 0x00, 0x06, 0x00, 0x0E, 0x00, 0x28, 0x00, 0xD1
	.byte 0x60, 0x60, 0x10, 0xBC, 0x01, 0xBC, 0x00, 0x47, 0x00, 0xB5, 0x01, 0x60, 0x08, 0x49, 0x0B, 0x68
	.byte 0x19, 0x6F, 0x80, 0x22, 0x52, 0x01, 0x11, 0x43, 0x80, 0x22, 0x11, 0x43, 0x19, 0x67, 0x05, 0x49
	.byte 0x41, 0x60, 0x08, 0x30, 0x01, 0x21, 0x0B, 0xF7, 0x05, 0xFB, 0x01, 0xBC, 0x00, 0x47, 0x00, 0x00
	.byte 0xA0, 0x9B, 0x03, 0x02, 0x01, 0x58, 0x0F, 0x08, 0x10, 0xB5, 0x04, 0x1C, 0x08, 0x30, 0x0B, 0xF7
	.byte 0x19, 0xFB, 0x61, 0x68, 0x00, 0x29, 0x07, 0xD0, 0x20, 0x1C, 0x27, 0xF0, 0x9B, 0xFE, 0x60, 0x68
	.byte 0x00, 0x28, 0x01, 0xD0, 0x01, 0x20, 0x00, 0xE0, 0x00, 0x20, 0x10, 0xBC, 0x02, 0xBC, 0x08, 0x47
	.byte 0x00, 0xB5, 0x08, 0x30, 0x0B, 0xF7, 0x24, 0xFB, 0x01, 0xBC, 0x00, 0x47, 0x00, 0xB5, 0x08, 0x30
	.byte 0x0B, 0xF7, 0x34, 0xFB, 0x05, 0x48, 0x02, 0x68, 0x10, 0x6F, 0x05, 0x49, 0x08, 0x40, 0x81, 0x21
	.byte 0x49, 0x42, 0x08, 0x40, 0x10, 0x67, 0x01, 0xBC, 0x00, 0x47, 0x00, 0x00, 0xA0, 0x9B, 0x03, 0x02
	.byte 0xFF, 0xEF, 0xFF, 0xFF, 0xF0, 0xB5, 0x07, 0x1C, 0x0D, 0x1C, 0x22, 0x49, 0xA0, 0x22, 0x52, 0x00
	.byte 0x00, 0x20, 0x0F, 0xF7, 0xF1, 0xFB, 0x20, 0x49, 0x80, 0x22, 0x12, 0x01, 0x00, 0x20, 0x0F, 0xF7
	.byte 0x15, 0xFC, 0x1E, 0x4A, 0x00, 0x20, 0x00, 0x21, 0x0F, 0xF7, 0x00, 0xFE, 0x1C, 0x48, 0x1D, 0x49
	.byte 0x20, 0x22, 0x10, 0xF7, 0x79, 0xF9, 0x3C, 0x1D, 0x20, 0x1C, 0x30, 0x21, 0x70, 0xF7, 0xE6, 0xF8
	.byte 0x28, 0x1C, 0x21, 0x1C, 0x70, 0xF7, 0x32, 0xF9, 0xC2, 0x21, 0x49, 0x00, 0x7D, 0x18, 0x00, 0x26
	.byte 0x28, 0x70, 0x01, 0x20, 0x70, 0xF7, 0xA8, 0xFD, 0x38, 0x60, 0xC0, 0x88, 0x10, 0x30, 0x00, 0x04
	.byte 0x00, 0x0C, 0x01, 0x21, 0x10, 0xF7, 0xE6, 0xFC, 0x29, 0x78, 0x20, 0x1C, 0x70, 0xF7, 0xEC, 0xF8
	.byte 0x00, 0x04, 0x00, 0x14, 0xF0, 0x21, 0x09, 0x1A, 0xC8, 0x0F, 0x09, 0x18, 0x49, 0x10, 0xC3, 0x22
	.byte 0x52, 0x00, 0xB8, 0x18, 0x01, 0x80, 0xC4, 0x21, 0x49, 0x00, 0x78, 0x18, 0x06, 0x80, 0xF0, 0xBC
	.byte 0x01, 0xBC, 0x00, 0x47, 0x24, 0x99, 0x95, 0x09, 0x44, 0x67, 0x98, 0x09, 0xD2, 0xFF, 0x00, 0x00
	.byte 0xB8, 0x1A, 0x61, 0x09, 0xE0, 0x01, 0x00, 0x05, 0x01, 0x20, 0x70, 0x47, 0x00, 0xB5, 0x82, 0xB0
	.byte 0x84, 0x46, 0xC3, 0x20, 0x40, 0x00, 0x60, 0x44, 0x00, 0x21, 0x40, 0x5E, 0x62, 0x46, 0x04, 0x32
	.byte 0x61, 0x46, 0x0B, 0x68, 0x32, 0x21, 0x00, 0x91, 0xC2, 0x21, 0x49, 0x00, 0x61, 0x44, 0x09, 0x78
	.byte 0x01, 0x91, 0x78, 0x21, 0x70, 0xF7, 0xA0, 0xFD, 0x02, 0xB0, 0x01, 0xBC, 0x00, 0x47, 0x00, 0x00
	.byte 0x10, 0xB5, 0x04, 0x1C, 0x0E, 0x48, 0x00, 0x68, 0x00, 0x6F, 0x80, 0x21, 0xC9, 0x02, 0x08, 0x40
	.byte 0x00, 0x28, 0x02, 0xD1, 0x00, 0x20, 0x0F, 0xF7, 0x31, 0xFB, 0x20, 0x68, 0xC0, 0x88, 0x10, 0x30
	.byte 0x00, 0x04, 0x00, 0x0C, 0x00, 0x21, 0x10, 0xF7, 0x95, 0xFC, 0x01, 0xCC, 0x0D, 0xF7, 0x20, 0xF9
	.byte 0x20, 0x1C, 0x30, 0x21, 0x70, 0xF7, 0x84, 0xF8, 0x10, 0xBC, 0x01, 0xBC, 0x00, 0x47, 0x00, 0x00
	.byte 0xA0, 0x9B, 0x03, 0x02, 0xC4, 0x21, 0x49, 0x00, 0x40, 0x18, 0x01, 0x88, 0x01, 0x31, 0x01, 0x80
	.byte 0x09, 0x04, 0x09, 0x0C, 0x78, 0x29, 0x01, 0xD0, 0x01, 0x20, 0x00, 0xE0, 0x00, 0x20, 0x70, 0x47
	.byte 0x10, 0xB5, 0x04, 0x1C, 0x21, 0x60, 0x80, 0x20, 0x80, 0x00, 0x0D, 0x49, 0x0C, 0xF7, 0x74, 0xFF
	.byte 0xE0, 0x61, 0x0C, 0x48, 0x20, 0x21, 0x0C, 0xF7, 0xFD, 0xFF, 0x20, 0x62, 0x04, 0x34, 0x0A, 0x49
	.byte 0x0A, 0x4A, 0x20, 0x1C, 0x0F, 0xF7, 0xA0, 0xFF, 0x09, 0x48, 0x80, 0x68, 0x08, 0x21, 0x08, 0x40
	.byte 0x00, 0x28, 0x0F, 0xD0, 0x20, 0x1C, 0x01, 0x21, 0x01, 0x22, 0x0F, 0xF7, 0xB3, 0xFF, 0x0E, 0xE0
	.byte 0x68, 0x4B, 0x8A, 0x09, 0xE4, 0x9B, 0xF6, 0x08, 0xC0, 0x8C, 0xEF, 0x09, 0xA0, 0x8C, 0xEF, 0x09
	.byte 0xB0, 0x9B, 0x03, 0x02, 0x20, 0x1C, 0x00, 0x21, 0x01, 0x22, 0x0F, 0xF7, 0xA3, 0xFF, 0x10, 0xBC
	.byte 0x01, 0xBC, 0x00, 0x47, 0x10, 0xB5, 0x04, 0x1C, 0x04, 0x34, 0x20, 0x1C, 0x0F, 0xF7, 0xFA, 0xFF
	.byte 0x20, 0x1C, 0x10, 0xF7, 0x53, 0xF8, 0x00, 0x06, 0x00, 0x28, 0x01, 0xD1, 0x01, 0x20, 0x00, 0xE0
	.byte 0x00, 0x20, 0x10, 0xBC, 0x02, 0xBC, 0x08, 0x47, 0x70, 0xB5, 0x84, 0xB0, 0x06, 0x1C, 0x32, 0x68
	.byte 0x1A, 0x21, 0x50, 0x5E, 0x20, 0x28, 0x01, 0xDC, 0x03, 0x02, 0x01, 0xE0, 0x80, 0x23, 0x9B, 0x01
	.byte 0x15, 0x68, 0x2D, 0x12, 0x15, 0x48, 0x01, 0x68, 0x08, 0x68, 0x00, 0x12, 0x2D, 0x1A, 0x2D, 0x04
	.byte 0x2D, 0x0C, 0x54, 0x68, 0x24, 0x12, 0x90, 0x68, 0xC0, 0x1A, 0x00, 0x12, 0x24, 0x18, 0x48, 0x68
	.byte 0x00, 0x12, 0x24, 0x1A, 0x24, 0x04, 0x24, 0x0C, 0x30, 0x1D, 0x10, 0xF7, 0x17, 0xF8, 0x02, 0x1C
	.byte 0x2D, 0x04, 0x2D, 0x14, 0x24, 0x04, 0x24, 0x14, 0xF3, 0x69, 0x30, 0x6A, 0x00, 0x90, 0x00, 0x20
	.byte 0x01, 0x90, 0x80, 0x20, 0xC0, 0x00, 0x02, 0x90, 0x50, 0x20, 0x03, 0x90, 0x28, 0x1C, 0x21, 0x1C
	.byte 0x0C, 0xF7, 0x76, 0xFC, 0x04, 0xB0, 0x70, 0xBC, 0x01, 0xBC, 0x00, 0x47, 0xA0, 0x9B, 0x03, 0x02
	.byte 0x10, 0xB5, 0x04, 0x1C, 0xE0, 0x69, 0x0C, 0xF7, 0xDB, 0xFE, 0x20, 0x6A, 0x0D, 0xF7, 0x80, 0xF8
	.byte 0x10, 0xBC, 0x01, 0xBC, 0x00, 0x47, 0x00, 0x00, 0x30, 0xB5, 0x04, 0x1C, 0x21, 0x60, 0x80, 0x20
	.byte 0x80, 0x00, 0x0D, 0x49, 0x0C, 0xF7, 0xE8, 0xFE, 0xE0, 0x61, 0x0C, 0x48, 0x20, 0x21, 0x0C, 0xF7
	.byte 0x71, 0xFF, 0x20, 0x62, 0x25, 0x1D, 0x0A, 0x49, 0x0A, 0x4A, 0x28, 0x1C, 0x0F, 0xF7, 0x14, 0xFF
	.byte 0x28, 0x1C, 0x00, 0x21, 0x01, 0x22, 0x0F, 0xF7, 0x2D, 0xFF, 0x28, 0x34, 0x00, 0x20, 0x20, 0x70
	.byte 0x30, 0xBC, 0x01, 0xBC, 0x00, 0x47, 0x00, 0x00, 0x90, 0x5B, 0x8A, 0x09, 0xE4, 0x9B, 0xF6, 0x08
	.byte 0xD0, 0x8C, 0xEF, 0x09, 0xC8, 0x8C, 0xEF, 0x09, 0x70, 0xB5, 0x05, 0x1C, 0x2E, 0x1C, 0x10, 0xCE
	.byte 0x30, 0x1C, 0x0F, 0xF7, 0x77, 0xFF, 0x08, 0x48, 0x00, 0x68, 0x81, 0x69, 0x20, 0x68, 0x81, 0x42
	.byte 0x0C, 0xDA, 0x29, 0x1C, 0x28, 0x31, 0x00, 0x20, 0x08, 0x70, 0x30, 0x1C, 0x00, 0x21, 0x01, 0x22
	.byte 0x0F, 0xF7, 0x08, 0xFF, 0x0B, 0xE0, 0x00, 0x00, 0xA0, 0x9B, 0x03, 0x02, 0x29, 0x1C, 0x28, 0x31
	.byte 0x01, 0x20, 0x08, 0x70, 0x30, 0x1C, 0x01, 0x21, 0x01, 0x22, 0x0F, 0xF7, 0xFB, 0xFE, 0x01, 0x20
	.byte 0x70, 0xBC, 0x02, 0xBC, 0x08, 0x47, 0x00, 0x00, 0x70, 0xB5, 0x84, 0xB0, 0x05, 0x1C, 0x2B, 0x68
	.byte 0x28, 0x30, 0x00, 0x78, 0x00, 0x28, 0x0B, 0xD0, 0x19, 0x68, 0x09, 0x12, 0x03, 0x4A, 0x10, 0x68
	.byte 0x00, 0x68, 0x00, 0x12, 0x09, 0x1A, 0x10, 0x39, 0x0A, 0xE0, 0x00, 0x00, 0xA0, 0x9B, 0x03, 0x02
	.byte 0x19, 0x68, 0x09, 0x12, 0x17, 0x4A, 0x10, 0x68, 0x00, 0x68, 0x00, 0x12, 0x09, 0x1A, 0x10, 0x31
	.byte 0x09, 0x04, 0x0E, 0x0C, 0x5C, 0x68, 0x24, 0x12, 0x1A, 0x20, 0x19, 0x5E, 0x09, 0x02, 0x98, 0x68
	.byte 0x40, 0x1A, 0x00, 0x12, 0x24, 0x18, 0x10, 0x68, 0x40, 0x68, 0x00, 0x12, 0x24, 0x1A, 0x24, 0x04
	.byte 0x24, 0x0C, 0x28, 0x1D, 0x0F, 0xF7, 0x72, 0xFF, 0x02, 0x1C, 0x30, 0x04, 0x00, 0x14, 0x24, 0x04
	.byte 0x24, 0x14, 0xEB, 0x69, 0x29, 0x6A, 0x00, 0x91, 0x00, 0x21, 0x01, 0x91, 0x80, 0x21, 0xC9, 0x00
	.byte 0x02, 0x91, 0x50, 0x21, 0x03, 0x91, 0x21, 0x1C, 0x0C, 0xF7, 0xD2, 0xFB, 0x04, 0xB0, 0x70, 0xBC
	.byte 0x01, 0xBC, 0x00, 0x47, 0xA0, 0x9B, 0x03, 0x02, 0x10, 0xB5, 0x04, 0x1C, 0xE0, 0x69, 0x0C, 0xF7
	.byte 0x37, 0xFE, 0x20, 0x6A, 0x0C, 0xF7, 0xDC, 0xFF, 0x10, 0xBC, 0x01, 0xBC, 0x00, 0x47, 0x00, 0x00
	.byte 0x10, 0xB5, 0x04, 0x1C, 0xC0, 0x30, 0x00, 0x78, 0x00, 0x28, 0x30, 0xD0, 0x0B, 0xF7, 0x90, 0xFB
	.byte 0x01, 0x21, 0x01, 0x40, 0x00, 0x29, 0x2A, 0xD0, 0x0B, 0x48, 0x02, 0x68, 0x10, 0x6F, 0x80, 0x21
	.byte 0x49, 0x01, 0x08, 0x43, 0x10, 0x67, 0x09, 0x48, 0x80, 0x7B, 0x00, 0x06, 0x00, 0x16, 0x08, 0x49
	.byte 0x0C, 0x28, 0x0F, 0xD1, 0x88, 0x79, 0xFD, 0x28, 0x0C, 0xD1, 0x20, 0x1C, 0xC4, 0x30, 0x00, 0x21
	.byte 0x18, 0x22, 0xAE, 0xF7, 0x3B, 0xFA, 0x0E, 0xE0, 0xA0, 0x9B, 0x03, 0x02, 0xB0, 0x9B, 0x03, 0x02
	.byte 0x90, 0xC5, 0x03, 0x02, 0x20, 0x1C, 0xC4, 0x30, 0x06, 0x4A, 0x09, 0x78, 0x89, 0x18, 0x0A, 0x78
	.byte 0x00, 0x21, 0xAE, 0xF7, 0x2B, 0xFA, 0x21, 0x1C, 0xBC, 0x31, 0x03, 0x48, 0x08, 0x60, 0x10, 0xBC
	.byte 0x01, 0xBC, 0x00, 0x47, 0xE4, 0xC2, 0x84, 0x09, 0xDD, 0x5C, 0x0F, 0x08, 0x10, 0xB5, 0x04, 0x1C
	.byte 0xAE, 0xF7, 0xF2, 0xFA, 0x00, 0x06, 0x00, 0x28, 0x09, 0xD1, 0x06, 0x48, 0x02, 0x68, 0x10, 0x6F
	.byte 0x05, 0x49, 0x08, 0x40, 0x10, 0x67, 0x21, 0x1C, 0xBC, 0x31, 0x04, 0x48, 0x08, 0x60, 0x10, 0xBC
	.byte 0x01, 0xBC, 0x00, 0x47, 0xA0, 0x9B, 0x03, 0x02, 0xFF, 0xEF, 0xFF, 0xFF, 0x61, 0x5C, 0x0F, 0x08
	.byte 0xF0, 0xB5, 0x06, 0x1C, 0x37, 0x1C, 0x07, 0x48, 0x80, 0x79, 0xFE, 0x28, 0x16, 0xD0, 0x06, 0x48
	.byte 0x80, 0x7B, 0x00, 0x06, 0x00, 0x16, 0x0C, 0x28, 0x0A, 0xD1, 0x04, 0x48, 0x30, 0x60, 0xE6, 0x20
	.byte 0x00, 0x02, 0x1E, 0xE0, 0x90, 0xC5, 0x03, 0x02, 0xB0, 0x9B, 0x03, 0x02, 0x00, 0x23, 0x02, 0x00
	.byte 0xA2, 0x20, 0x80, 0x02, 0x30, 0x60, 0x80, 0x20, 0x40, 0x02, 0x12, 0xE0, 0x05, 0x48, 0x80, 0x7B
	.byte 0x00, 0x06, 0x00, 0x16, 0x00, 0x28, 0x07, 0xD0, 0x94, 0x20, 0x80, 0x02, 0x30, 0x60, 0x88, 0x20
	.byte 0x40, 0x02, 0x06, 0xE0, 0xB0, 0x9B, 0x03, 0x02, 0xD4, 0x20, 0x80, 0x02, 0x30, 0x60, 0x90, 0x20
	.byte 0x40, 0x02, 0x70, 0x60, 0x00, 0x20, 0xB8, 0x60, 0x38, 0x1C, 0xEA, 0xF7, 0xD9, 0xF8, 0xF8, 0x60
	.byte 0xB8, 0x60, 0x79, 0x68, 0x09, 0x1A, 0x79, 0x60, 0x80, 0x20, 0x38, 0x75, 0x00, 0x25, 0x20, 0x20
	.byte 0x78, 0x83, 0x02, 0x20, 0x38, 0x86, 0x31, 0x1C, 0xC1, 0x31, 0x01, 0x20, 0x08, 0x70, 0x05, 0x39
	.byte 0x23, 0x48, 0x08, 0x60, 0x80, 0x20, 0xC0, 0x00, 0x22, 0x49, 0x0C, 0xF7, 0xA5, 0xFD, 0x31, 0x1C
	.byte 0xB4, 0x31, 0x08, 0x60, 0x20, 0x48, 0x20, 0x21, 0x0C, 0xF7, 0x2C, 0xFE, 0x31, 0x1C, 0xB8, 0x31
	.byte 0x08, 0x60, 0x34, 0x1C, 0x9C, 0x34, 0x1D, 0x49, 0x1D, 0x4A, 0x20, 0x1C, 0x0F, 0xF7, 0xCC, 0xFD
	.byte 0x20, 0x1C, 0x00, 0x21, 0x01, 0x22, 0x0F, 0xF7, 0xE5, 0xFD, 0x5C, 0x3C, 0x20, 0x1C, 0x04, 0x21
	.byte 0x10, 0x22, 0x30, 0x23, 0x1C, 0xF7, 0x62, 0xFA, 0x39, 0x68, 0x7A, 0x68, 0xBB, 0x68, 0x20, 0x1C
	.byte 0x1C, 0xF7, 0x98, 0xFA, 0x38, 0x1C, 0x1C, 0xF7, 0xED, 0xF9, 0x84, 0x34, 0x20, 0x1C, 0x02, 0x21
	.byte 0x0B, 0xF7, 0x30, 0xF8, 0x0F, 0x49, 0x20, 0x1C, 0x32, 0x1C, 0x0B, 0xF7, 0x03, 0xF8, 0x30, 0x1C
	.byte 0xC0, 0x30, 0x05, 0x70, 0x14, 0x34, 0x20, 0x1C, 0x01, 0x21, 0x0B, 0xF7, 0x23, 0xF8, 0x0A, 0x49
	.byte 0x20, 0x1C, 0x32, 0x1C, 0x0A, 0xF7, 0xF6, 0xFF, 0xF0, 0xBC, 0x01, 0xBC, 0x00, 0x47, 0x00, 0x00
	.byte 0x61, 0x5C, 0x0F, 0x08, 0xF8, 0xFD, 0x19, 0x09, 0x58, 0x7C, 0x61, 0x09, 0xA8, 0xE0, 0xEE, 0x09
	.byte 0x3C, 0xE0, 0xEE, 0x09, 0x90, 0xAF, 0xED, 0x09, 0xDC, 0x6E, 0xEF, 0x09, 0x10, 0xB5, 0x04, 0x1C
	.byte 0xEA, 0xF7, 0x9E, 0xFA, 0x00, 0x06, 0x00, 0x28, 0x04, 0xD0, 0x21, 0x1C, 0xC1, 0x31, 0x00, 0x20
	.byte 0x08, 0x70, 0x1D, 0xE0, 0x21, 0x1C, 0xC1, 0x31, 0x01, 0x20, 0x08, 0x70, 0x20, 0x1C, 0xEA, 0xF7
	.byte 0xA7, 0xFA, 0x21, 0x1C, 0xC0, 0x31, 0x08, 0x70, 0x20, 0x1C, 0xC4, 0x30, 0x0B, 0xF7, 0x12, 0xF8
	.byte 0x20, 0x1C, 0xD8, 0x30, 0x0B, 0xF7, 0x0E, 0xF8, 0x20, 0x1C, 0x9C, 0x30, 0x0F, 0xF7, 0xEA, 0xFD
	.byte 0x20, 0x1C, 0xBC, 0x30, 0x01, 0x68, 0x00, 0x29, 0x02, 0xD0, 0x20, 0x1C, 0x27, 0xF0, 0x8A, 0xFB
	.byte 0x01, 0x20, 0x10, 0xBC, 0x02, 0xBC, 0x08, 0x47, 0xF0, 0xB5, 0x84, 0xB0, 0x07, 0x1C, 0xC1, 0x30
	.byte 0x00, 0x78, 0x00, 0x28, 0x42, 0xD0, 0x3E, 0x68, 0x36, 0x12, 0x22, 0x48, 0x02, 0x68, 0x10, 0x68
	.byte 0x00, 0x12, 0x36, 0x1A, 0x36, 0x04, 0x36, 0x0C, 0x79, 0x68, 0x09, 0x12, 0xBC, 0x68, 0x24, 0x12
	.byte 0x0C, 0x19, 0x50, 0x68, 0x00, 0x12, 0x24, 0x1A, 0x24, 0x04, 0x24, 0x0C, 0x89, 0x00, 0x1A, 0x48
	.byte 0x05, 0x1C, 0x6D, 0x1A, 0x2D, 0x04, 0x2D, 0x0C, 0x38, 0x1C, 0x9C, 0x30, 0x0F, 0xF7, 0x06, 0xFE
	.byte 0x02, 0x1C, 0x36, 0x04, 0x36, 0x14, 0x24, 0x04, 0x24, 0x14, 0x38, 0x1C, 0xB4, 0x30, 0x03, 0x68
	.byte 0x04, 0x30, 0x00, 0x68, 0x00, 0x90, 0x00, 0x20, 0x01, 0x90, 0x80, 0x20, 0x00, 0x01, 0x02, 0x90
	.byte 0x03, 0x95, 0x30, 0x1C, 0x21, 0x1C, 0x0C, 0xF7, 0x63, 0xFA, 0xF8, 0x68, 0xF8, 0x63, 0x01, 0x35
	.byte 0x7D, 0x87, 0x38, 0x1C, 0xC4, 0x30, 0x0A, 0xF7, 0xDB, 0xFF, 0x38, 0x1C, 0xC0, 0x30, 0x00, 0x78
	.byte 0x00, 0x28, 0x03, 0xD0, 0x38, 0x1C, 0xD8, 0x30, 0x0A, 0xF7, 0xD2, 0xFF, 0x04, 0xB0, 0xF0, 0xBC
	.byte 0x01, 0xBC, 0x00, 0x47, 0xA0, 0x9B, 0x03, 0x02, 0xFC, 0xEF, 0xFF, 0xFF, 0x10, 0xB5, 0x04, 0x1C
	.byte 0xB4, 0x30, 0x00, 0x68, 0x0C, 0xF7, 0xB4, 0xFC, 0x20, 0x1C, 0xB8, 0x30, 0x00, 0x68, 0x0C, 0xF7
	.byte 0x57, 0xFE, 0x20, 0x1C, 0x40, 0x30, 0x1C, 0xF7, 0xCD, 0xF9, 0x20, 0x1C, 0x1C, 0xF7, 0x46, 0xF9
	.byte 0x20, 0x1C, 0xC4, 0x30, 0x0A, 0xF7, 0xCA, 0xFF, 0x20, 0x1C, 0xD8, 0x30, 0x0A, 0xF7, 0xC6, 0xFF
	.byte 0x10, 0xBC, 0x01, 0xBC, 0x00, 0x47, 0x00, 0x00, 0x10, 0xB5, 0x04, 0x1C, 0xC0, 0x30, 0x00, 0x78
	.byte 0x00, 0x28, 0x30, 0xD0, 0x0B, 0xF7, 0xFC, 0xF9, 0x01, 0x21, 0x01, 0x40, 0x00, 0x29, 0x2A, 0xD0
	.byte 0x0B, 0x48, 0x02, 0x68, 0x10, 0x6F, 0x80, 0x21, 0x49, 0x01, 0x08, 0x43, 0x10, 0x67, 0x09, 0x48
	.byte 0x80, 0x7B, 0x00, 0x06, 0x00, 0x16, 0x08, 0x49, 0x0C, 0x28, 0x0F, 0xD1, 0x88, 0x79, 0xFD, 0x28
	.byte 0x0C, 0xD1, 0x20, 0x1C, 0xC4, 0x30, 0x00, 0x21, 0x31, 0x22, 0xAE, 0xF7, 0xA7, 0xF8, 0x0E, 0xE0
	.byte 0xA0, 0x9B, 0x03, 0x02, 0xB0, 0x9B, 0x03, 0x02, 0x90, 0xC5, 0x03, 0x02, 0x20, 0x1C, 0xC4, 0x30
	.byte 0x06, 0x4A, 0x09, 0x78, 0x89, 0x18, 0x0A, 0x78, 0x00, 0x21, 0xAE, 0xF7, 0x97, 0xF8, 0x21, 0x1C
	.byte 0xBC, 0x31, 0x03, 0x48, 0x08, 0x60, 0x10, 0xBC, 0x01, 0xBC, 0x00, 0x47, 0x10, 0xC3, 0x84, 0x09
	.byte 0x05, 0x60, 0x0F, 0x08, 0x10, 0xB5, 0x04, 0x1C, 0xAE, 0xF7, 0x5E, 0xF9, 0x00, 0x06, 0x00, 0x28
	.byte 0x09, 0xD1, 0x06, 0x48, 0x02, 0x68, 0x10, 0x6F, 0x05, 0x49, 0x08, 0x40, 0x10, 0x67, 0x21, 0x1C
	.byte 0xBC, 0x31, 0x04, 0x48, 0x08, 0x60, 0x10, 0xBC, 0x01, 0xBC, 0x00, 0x47, 0xA0, 0x9B, 0x03, 0x02
	.byte 0xFF, 0xEF, 0xFF, 0xFF, 0x89, 0x5F, 0x0F, 0x08, 0xF0, 0xB5, 0x06, 0x1C, 0x37, 0x1C, 0x08, 0x48
	.byte 0x80, 0x79, 0xFE, 0x28, 0x16, 0xD0, 0x07, 0x48, 0x80, 0x7B, 0x00, 0x06, 0x00, 0x16, 0x0C, 0x28
	.byte 0x0A, 0xD1, 0x94, 0x20, 0x80, 0x02, 0x30, 0x60, 0x85, 0x20, 0x40, 0x02, 0x1D, 0xE0, 0x00, 0x00
	.byte 0x90, 0xC5, 0x03, 0x02, 0xB0, 0x9B, 0x03, 0x02, 0x80, 0x20, 0x80, 0x02, 0x30, 0x60, 0xB0, 0x20
	.byte 0x00, 0x02, 0x12, 0xE0, 0x05, 0x48, 0x80, 0x7B, 0x00, 0x06, 0x00, 0x16, 0x00, 0x28, 0x07, 0xD0
	.byte 0xF4, 0x20, 0x40, 0x02, 0x30, 0x60, 0xD0, 0x20, 0x00, 0x02, 0x06, 0xE0, 0xB0, 0x9B, 0x03, 0x02
	.byte 0xB0, 0x20, 0x80, 0x02, 0x30, 0x60, 0xE0, 0x20, 0x00, 0x02, 0x70, 0x60, 0x00, 0x20, 0xB8, 0x60
	.byte 0x38, 0x1C, 0xE9, 0xF7, 0x45, 0xFF, 0xF8, 0x60, 0xB8, 0x60, 0x79, 0x68, 0x09, 0x1A, 0x79, 0x60
	.byte 0x80, 0x20, 0x38, 0x75, 0x00, 0x25, 0x30, 0x20, 0x78, 0x83, 0x02, 0x20, 0x38, 0x86, 0x31, 0x1C
	.byte 0xC1, 0x31, 0x01, 0x20, 0x08, 0x70, 0x05, 0x39, 0x23, 0x48, 0x08, 0x60, 0x80, 0x20, 0xC0, 0x00
	.byte 0x22, 0x49, 0x0C, 0xF7, 0x11, 0xFC, 0x31, 0x1C, 0xB4, 0x31, 0x08, 0x60, 0x20, 0x48, 0x20, 0x21
	.byte 0x0C, 0xF7, 0x98, 0xFC, 0x31, 0x1C, 0xB8, 0x31, 0x08, 0x60, 0x34, 0x1C, 0x9C, 0x34, 0x1D, 0x49
	.byte 0x1D, 0x4A, 0x20, 0x1C, 0x0F, 0xF7, 0x38, 0xFC, 0x20, 0x1C, 0x00, 0x21, 0x01, 0x22, 0x0F, 0xF7
	.byte 0x51, 0xFC, 0x5C, 0x3C, 0x20, 0x1C, 0x04, 0x21, 0x10, 0x22, 0x30, 0x23, 0x1C, 0xF7, 0xCE, 0xF8
	.byte 0x39, 0x68, 0x7A, 0x68, 0xBB, 0x68, 0x20, 0x1C, 0x1C, 0xF7, 0x04, 0xF9, 0x38, 0x1C, 0x1C, 0xF7
	.byte 0x59, 0xF8, 0x84, 0x34, 0x20, 0x1C, 0x02, 0x21, 0x0A, 0xF7, 0x9C, 0xFE, 0x0F, 0x49, 0x20, 0x1C
	.byte 0x32, 0x1C, 0x0A, 0xF7, 0x6F, 0xFE, 0x30, 0x1C, 0xC0, 0x30, 0x05, 0x70, 0x14, 0x34, 0x20, 0x1C
	.byte 0x01, 0x21, 0x0A, 0xF7, 0x8F, 0xFE, 0x0A, 0x49, 0x20, 0x1C, 0x32, 0x1C, 0x0A, 0xF7, 0x62, 0xFE
	.byte 0xF0, 0xBC, 0x01, 0xBC, 0x00, 0x47, 0x00, 0x00, 0x89, 0x5F, 0x0F, 0x08, 0xB8, 0xBD, 0x1A, 0x09
	.byte 0x84, 0x83, 0xF6, 0x08, 0xCC, 0xE1, 0xEE, 0x09, 0xC8, 0xE1, 0xEE, 0x09, 0x90, 0xAF, 0xED, 0x09
	.byte 0xDC, 0x6E, 0xEF, 0x09, 0x10, 0xB5, 0x04, 0x1C, 0xEA, 0xF7, 0x0A, 0xF9, 0x00, 0x06, 0x00, 0x28
	.byte 0x04, 0xD0, 0x21, 0x1C, 0xC1, 0x31, 0x00, 0x20, 0x08, 0x70, 0x1D, 0xE0, 0x21, 0x1C, 0xC1, 0x31
	.byte 0x01, 0x20, 0x08, 0x70, 0x20, 0x1C, 0xEA, 0xF7, 0x13, 0xF9, 0x21, 0x1C, 0xC0, 0x31, 0x08, 0x70
	.byte 0x20, 0x1C, 0xC4, 0x30, 0x0A, 0xF7, 0x7E, 0xFE, 0x20, 0x1C, 0xD8, 0x30, 0x0A, 0xF7, 0x7A, 0xFE
	.byte 0x20, 0x1C, 0x9C, 0x30, 0x0F, 0xF7, 0x56, 0xFC, 0x20, 0x1C, 0xBC, 0x30, 0x01, 0x68, 0x00, 0x29
	.byte 0x02, 0xD0, 0x20, 0x1C, 0x27, 0xF0, 0xF6, 0xF9, 0x01, 0x20, 0x10, 0xBC, 0x02, 0xBC, 0x08, 0x47
	.byte 0xF0, 0xB5, 0x84, 0xB0, 0x07, 0x1C, 0xC1, 0x30, 0x00, 0x78, 0x00, 0x28, 0x42, 0xD0, 0x3E, 0x68
	.byte 0x36, 0x12, 0x22, 0x48, 0x02, 0x68, 0x10, 0x68, 0x00, 0x12, 0x36, 0x1A, 0x36, 0x04, 0x36, 0x0C
	.byte 0x79, 0x68, 0x09, 0x12, 0xBC, 0x68, 0x24, 0x12, 0x0C, 0x19, 0x50, 0x68, 0x00, 0x12, 0x24, 0x1A
	.byte 0x24, 0x04, 0x24, 0x0C, 0x89, 0x00, 0x1A, 0x48, 0x05, 0x1C, 0x6D, 0x1A, 0x2D, 0x04, 0x2D, 0x0C
	.byte 0x38, 0x1C, 0x9C, 0x30, 0x0F, 0xF7, 0x72, 0xFC, 0x02, 0x1C, 0x36, 0x04, 0x36, 0x14, 0x24, 0x04
	.byte 0x24, 0x14, 0x38, 0x1C, 0xB4, 0x30, 0x03, 0x68, 0x04, 0x30, 0x00, 0x68, 0x00, 0x90, 0x00, 0x20
	.byte 0x01, 0x90, 0x80, 0x20, 0x00, 0x01, 0x02, 0x90, 0x03, 0x95, 0x30, 0x1C, 0x21, 0x1C, 0x0C, 0xF7
	.byte 0xCF, 0xF8, 0xF8, 0x68, 0xF8, 0x63, 0x01, 0x35, 0x7D, 0x87, 0x38, 0x1C, 0xC4, 0x30, 0x0A, 0xF7
	.byte 0x47, 0xFE, 0x38, 0x1C, 0xC0, 0x30, 0x00, 0x78, 0x00, 0x28, 0x03, 0xD0, 0x38, 0x1C, 0xD8, 0x30
	.byte 0x0A, 0xF7, 0x3E, 0xFE, 0x04, 0xB0, 0xF0, 0xBC, 0x01, 0xBC, 0x00, 0x47, 0xA0, 0x9B, 0x03, 0x02
	.byte 0xFC, 0xEF, 0xFF, 0xFF, 0x10, 0xB5, 0x04, 0x1C, 0xB4, 0x30, 0x00, 0x68, 0x0C, 0xF7, 0x20, 0xFB
	.byte 0x20, 0x1C, 0xB8, 0x30, 0x00, 0x68, 0x0C, 0xF7, 0xC3, 0xFC, 0x20, 0x1C, 0x40, 0x30, 0x1C, 0xF7
	.byte 0x39, 0xF8, 0x20, 0x1C, 0x1B, 0xF7, 0xB2, 0xFF, 0x20, 0x1C, 0xC4, 0x30, 0x0A, 0xF7, 0x36, 0xFE
	.byte 0x20, 0x1C, 0xD8, 0x30, 0x0A, 0xF7, 0x32, 0xFE, 0x10, 0xBC, 0x01, 0xBC, 0x00, 0x47, 0x00, 0x00
	.byte 0x10, 0xB5, 0x04, 0x1C, 0xC1, 0x30, 0x00, 0x78, 0x00, 0x28, 0x25, 0xD0, 0x0B, 0xF7, 0x68, 0xF8
	.byte 0x01, 0x21, 0x01, 0x40, 0x00, 0x29, 0x1F, 0xD0, 0x08, 0x48, 0x02, 0x68, 0x10, 0x6F, 0x80, 0x21
	.byte 0x49, 0x01, 0x08, 0x43, 0x10, 0x67, 0x06, 0x48, 0x00, 0x78, 0x1B, 0x28, 0x0A, 0xD1, 0x20, 0x1C
	.byte 0xC8, 0x30, 0x00, 0x21, 0x33, 0x22, 0xAD, 0xF7, 0x19, 0xFF, 0x09, 0xE0, 0xA0, 0x9B, 0x03, 0x02
	.byte 0x90, 0xC5, 0x03, 0x02, 0x20, 0x1C, 0xC8, 0x30, 0x00, 0x21, 0x32, 0x22, 0xAD, 0xF7, 0x0E, 0xFF
	.byte 0x21, 0x1C, 0xBC, 0x31, 0x02, 0x48, 0x08, 0x60, 0x10, 0xBC, 0x01, 0xBC, 0x00, 0x47, 0x00, 0x00
	.byte 0x15, 0x63, 0x0F, 0x08, 0x10, 0xB5, 0x04, 0x1C, 0xAD, 0xF7, 0xD6, 0xFF, 0x00, 0x06, 0x00, 0x28
	.byte 0x09, 0xD1, 0x06, 0x48, 0x02, 0x68, 0x10, 0x6F, 0x05, 0x49, 0x08, 0x40, 0x10, 0x67, 0x21, 0x1C
	.byte 0xBC, 0x31, 0x04, 0x48, 0x08, 0x60, 0x10, 0xBC, 0x01, 0xBC, 0x00, 0x47, 0xA0, 0x9B, 0x03, 0x02
	.byte 0xFF, 0xEF, 0xFF, 0xFF, 0xB1, 0x62, 0x0F, 0x08, 0xF0, 0xB5, 0x06, 0x1C, 0x37, 0x1C, 0x04, 0x48
	.byte 0x00, 0x78, 0x1A, 0x28, 0x06, 0xDC, 0x18, 0x28, 0x1D, 0xDA, 0x17, 0x28, 0x10, 0xD0, 0x1A, 0xE0
	.byte 0x90, 0xC5, 0x03, 0x02, 0x1B, 0x28, 0x16, 0xD1, 0x04, 0x48, 0x30, 0x60, 0xD5, 0x20, 0x00, 0x02
	.byte 0x70, 0x60, 0x31, 0x1C, 0xC4, 0x31, 0x80, 0x20, 0x00, 0x01, 0x15, 0xE0, 0x00, 0x0D, 0x02, 0x00
	.byte 0x9F, 0x20, 0x80, 0x02, 0x30, 0x60, 0xD4, 0x20, 0x00, 0x02, 0x70, 0x60, 0x31, 0x1C, 0xC4, 0x31
	.byte 0x80, 0x20, 0x00, 0x01, 0x08, 0xE0, 0xA9, 0x20, 0x40, 0x02, 0x38, 0x60, 0xF8, 0x20, 0x00, 0x02
	.byte 0x78, 0x60, 0x31, 0x1C, 0xC4, 0x31, 0x36, 0x48, 0x08, 0x80, 0x00, 0x20, 0xB8, 0x60, 0x38, 0x1C
	.byte 0xE9, 0xF7, 0xBE, 0xFD, 0xF8, 0x60, 0xB8, 0x60, 0x79, 0x68, 0x09, 0x1A, 0x79, 0x60, 0xAD, 0x20
	.byte 0x38, 0x75, 0x30, 0x20, 0x78, 0x83, 0x02, 0x20, 0x38, 0x86, 0x2E, 0x48, 0x00, 0x78, 0x17, 0x21
	.byte 0x48, 0x40, 0x40, 0x42, 0xC0, 0x0F, 0x35, 0x1C, 0xC0, 0x35, 0x28, 0x70, 0x31, 0x1C, 0xC2, 0x31
	.byte 0x01, 0x20, 0x08, 0x70, 0x06, 0x39, 0x28, 0x48, 0x08, 0x60, 0xC0, 0x20, 0x80, 0x00, 0x27, 0x49
	.byte 0x0C, 0xF7, 0x82, 0xFA, 0x31, 0x1C, 0xB4, 0x31, 0x08, 0x60, 0x25, 0x48, 0x20, 0x21, 0x0C, 0xF7
	.byte 0x09, 0xFB, 0x31, 0x1C, 0xB8, 0x31, 0x08, 0x60, 0x34, 0x1C, 0x9C, 0x34, 0x21, 0x49, 0x22, 0x4A
	.byte 0x20, 0x1C, 0x0F, 0xF7, 0xA9, 0xFA, 0x20, 0x1C, 0x00, 0x21, 0x01, 0x22, 0x0F, 0xF7, 0xC2, 0xFA
	.byte 0x5C, 0x3C, 0x20, 0x1C, 0x04, 0x21, 0x10, 0x22, 0x30, 0x23, 0x1B, 0xF7, 0x3F, 0xFF, 0x39, 0x68
	.byte 0x7A, 0x68, 0xBB, 0x68, 0x20, 0x1C, 0x1B, 0xF7, 0x75, 0xFF, 0x28, 0x78, 0x00, 0x28, 0x02, 0xD0
	.byte 0x38, 0x1C, 0x1B, 0xF7, 0xC7, 0xFE, 0x34, 0x1C, 0xC8, 0x34, 0x20, 0x1C, 0x02, 0x21, 0x0A, 0xF7
	.byte 0x09, 0xFD, 0x12, 0x49, 0x20, 0x1C, 0x32, 0x1C, 0x0A, 0xF7, 0xDC, 0xFC, 0x31, 0x1C, 0xC1, 0x31
	.byte 0x00, 0x20, 0x08, 0x70, 0x14, 0x34, 0x20, 0x1C, 0x01, 0x21, 0x0A, 0xF7, 0xFB, 0xFC, 0x0C, 0x49
	.byte 0x20, 0x1C, 0x32, 0x1C, 0x0A, 0xF7, 0xCE, 0xFC, 0xF0, 0xBC, 0x01, 0xBC, 0x00, 0x47, 0x00, 0x00
	.byte 0x01, 0x08, 0x00, 0x00, 0x90, 0xC5, 0x03, 0x02, 0xB1, 0x62, 0x0F, 0x08, 0xE0, 0x1E, 0x3E, 0x09
	.byte 0xD8, 0x84, 0x61, 0x09, 0x64, 0x0D, 0xEF, 0x09, 0x48, 0x0D, 0xEF, 0x09, 0x90, 0xAF, 0xED, 0x09
	.byte 0xDC, 0x6E, 0xEF, 0x09, 0x10, 0xB5, 0x04, 0x1C, 0xE9, 0xF7, 0x72, 0xFF, 0x00, 0x06, 0x00, 0x28
	.byte 0x04, 0xD0, 0x21, 0x1C, 0xC2, 0x31, 0x00, 0x20, 0x08, 0x70, 0x1D, 0xE0, 0x21, 0x1C, 0xC2, 0x31
	.byte 0x01, 0x20, 0x08, 0x70, 0x20, 0x1C, 0xE9, 0xF7, 0x7B, 0xFF, 0x21, 0x1C, 0xC1, 0x31, 0x08, 0x70
	.byte 0x20, 0x1C, 0xC8, 0x30, 0x0A, 0xF7, 0xE6, 0xFC, 0x20, 0x1C, 0xDC, 0x30, 0x0A, 0xF7, 0xE2, 0xFC
	.byte 0x20, 0x1C, 0x9C, 0x30, 0x0F, 0xF7, 0xBE, 0xFA, 0x20, 0x1C, 0xBC, 0x30, 0x01, 0x68, 0x00, 0x29
	.byte 0x02, 0xD0, 0x20, 0x1C, 0x27, 0xF0, 0x5E, 0xF8, 0x01, 0x20, 0x10, 0xBC, 0x02, 0xBC, 0x08, 0x47
	.byte 0xF0, 0xB5, 0x84, 0xB0, 0x07, 0x1C, 0xC2, 0x30, 0x00, 0x78, 0x00, 0x28, 0x43, 0xD0, 0x3E, 0x68
	.byte 0x36, 0x12, 0x23, 0x48, 0x02, 0x68, 0x10, 0x68, 0x00, 0x12, 0x36, 0x1A, 0x36, 0x04, 0x36, 0x0C
	.byte 0x79, 0x68, 0x09, 0x12, 0xBC, 0x68, 0x24, 0x12, 0x0C, 0x19, 0x50, 0x68, 0x00, 0x12, 0x24, 0x1A
	.byte 0x24, 0x04, 0x24, 0x0C, 0x89, 0x00, 0x1B, 0x48, 0x05, 0x1C, 0x6D, 0x1A, 0x2D, 0x04, 0x2D, 0x0C
	.byte 0x38, 0x1C, 0x9C, 0x30, 0x0F, 0xF7, 0xDA, 0xFA, 0x02, 0x1C, 0x36, 0x04, 0x36, 0x14, 0x24, 0x04
	.byte 0x24, 0x14, 0x38, 0x1C, 0xB4, 0x30, 0x03, 0x68, 0x04, 0x30, 0x00, 0x68, 0x00, 0x90, 0x00, 0x20
	.byte 0x01, 0x90, 0x38, 0x1C, 0xC4, 0x30, 0x00, 0x88, 0x02, 0x90, 0x03, 0x95, 0x30, 0x1C, 0x21, 0x1C
	.byte 0x0B, 0xF7, 0x36, 0xFF, 0xF8, 0x68, 0xF8, 0x63, 0x01, 0x35, 0x7D, 0x87, 0x38, 0x1C, 0xC8, 0x30
	.byte 0x0A, 0xF7, 0xAE, 0xFC, 0x38, 0x1C, 0xC1, 0x30, 0x00, 0x78, 0x00, 0x28, 0x03, 0xD0, 0x38, 0x1C
	.byte 0xDC, 0x30, 0x0A, 0xF7, 0xA5, 0xFC, 0x04, 0xB0, 0xF0, 0xBC, 0x01, 0xBC, 0x00, 0x47, 0x00, 0x00
	.byte 0xA0, 0x9B, 0x03, 0x02, 0xFC, 0xEF, 0xFF, 0xFF, 0x10, 0xB5, 0x04, 0x1C, 0xB4, 0x30, 0x00, 0x68
	.byte 0x0C, 0xF7, 0x86, 0xF9, 0x20, 0x1C, 0xB8, 0x30, 0x00, 0x68, 0x0C, 0xF7, 0x29, 0xFB, 0x20, 0x1C
	.byte 0x40, 0x30, 0x1B, 0xF7, 0x9F, 0xFE, 0x20, 0x1C, 0xC0, 0x30, 0x00, 0x78, 0x00, 0x28, 0x02, 0xD0
	.byte 0x20, 0x1C, 0x1B, 0xF7, 0x13, 0xFE, 0x20, 0x1C, 0xC8, 0x30, 0x0A, 0xF7, 0x97, 0xFC, 0x20, 0x1C
	.byte 0xDC, 0x30, 0x0A, 0xF7, 0x93, 0xFC, 0x10, 0xBC, 0x01, 0xBC, 0x00, 0x47, 0x10, 0xB5, 0x04, 0x1C
	.byte 0xC1, 0x30, 0x00, 0x78, 0x00, 0x28, 0x16, 0xD0, 0x0A, 0xF7, 0xCA, 0xFE, 0x01, 0x21, 0x01, 0x40
	.byte 0x00, 0x29, 0x10, 0xD0, 0x09, 0x48, 0x02, 0x68, 0x10, 0x6F, 0x80, 0x21, 0x49, 0x01, 0x08, 0x43
	.byte 0x10, 0x67, 0x20, 0x1C, 0xC4, 0x30, 0x00, 0x21, 0x34, 0x22, 0xAD, 0xF7, 0x7F, 0xFD, 0x21, 0x1C
	.byte 0xBC, 0x31, 0x03, 0x48, 0x08, 0x60, 0x10, 0xBC, 0x01, 0xBC, 0x00, 0x47, 0xA0, 0x9B, 0x03, 0x02
	.byte 0x35, 0x66, 0x0F, 0x08, 0x10, 0xB5, 0x04, 0x1C, 0xAD, 0xF7, 0x46, 0xFE, 0x00, 0x06, 0x00, 0x28
	.byte 0x09, 0xD1, 0x06, 0x48, 0x02, 0x68, 0x10, 0x6F, 0x05, 0x49, 0x08, 0x40, 0x10, 0x67, 0x21, 0x1C
	.byte 0xBC, 0x31, 0x04, 0x48, 0x08, 0x60, 0x10, 0xBC, 0x01, 0xBC, 0x00, 0x47, 0xA0, 0x9B, 0x03, 0x02
	.byte 0xFF, 0xEF, 0xFF, 0xFF, 0xED, 0x65, 0x0F, 0x08, 0x70, 0xB5, 0x05, 0x1C, 0x19, 0x4E, 0x34, 0x68
	.byte 0x2A, 0x68, 0xA1, 0x69, 0x50, 0x1A, 0x00, 0x28, 0x00, 0xDA, 0x88, 0x1A, 0x6B, 0x68, 0xE2, 0x69
	.byte 0x99, 0x1A, 0x00, 0x29, 0x00, 0xDA, 0xD1, 0x1A, 0x80, 0x22, 0x12, 0x02, 0x90, 0x42, 0x1D, 0xDC
	.byte 0x91, 0x42, 0x1B, 0xDC, 0x02, 0x1C, 0x42, 0x43, 0x10, 0x1C, 0x00, 0x12, 0x0A, 0x1C, 0x4A, 0x43
	.byte 0x11, 0x1C, 0x09, 0x12, 0x40, 0x18, 0x0D, 0xF7, 0xF9, 0xFA, 0x0B, 0x49, 0x88, 0x42, 0x0D, 0xDC
	.byte 0x00, 0x20, 0x10, 0x21, 0x0F, 0xF7, 0x66, 0xFD, 0x32, 0x68, 0x10, 0x6F, 0x80, 0x21, 0x49, 0x01
	.byte 0x08, 0x43, 0x10, 0x67, 0x29, 0x1C, 0xBC, 0x31, 0x04, 0x48, 0x08, 0x60, 0x70, 0xBC, 0x01, 0xBC
	.byte 0x00, 0x47, 0x00, 0x00, 0xA0, 0x9B, 0x03, 0x02, 0xFF, 0x2F, 0x00, 0x00, 0xE1, 0x66, 0x0F, 0x08
	.byte 0x30, 0xB5, 0x05, 0x1C, 0x0F, 0xF7, 0x16, 0xFE, 0x00, 0x06, 0x04, 0x0E, 0x00, 0x2C, 0x05, 0xD1
	.byte 0x3B, 0x20, 0x6B, 0xF7, 0x8B, 0xF8, 0x28, 0x1C, 0xBC, 0x30, 0x04, 0x60, 0x30, 0xBC, 0x01, 0xBC
	.byte 0x00, 0x47, 0x00, 0x00, 0xF0, 0xB5, 0x4F, 0x46, 0x46, 0x46, 0xC0, 0xB4, 0x06, 0x1C, 0x37, 0x1C
	.byte 0x04, 0x48, 0x00, 0x78, 0x1A, 0x28, 0x07, 0xDC, 0x18, 0x28, 0x17, 0xDA, 0x17, 0x28, 0x0D, 0xD0
	.byte 0x14, 0xE0, 0x00, 0x00, 0x90, 0xC5, 0x03, 0x02, 0x1B, 0x28, 0x0F, 0xD1, 0x9F, 0x20, 0x80, 0x02
	.byte 0x30, 0x60, 0x01, 0x48, 0x0F, 0xE0, 0x00, 0x00, 0x00, 0x07, 0x01, 0x00, 0x02, 0x48, 0x30, 0x60
	.byte 0xD5, 0x20, 0x00, 0x02, 0x07, 0xE0, 0x00, 0x00, 0x00, 0x49, 0x02, 0x00, 0xBD, 0x20, 0x40, 0x02
	.byte 0x30, 0x60, 0x88, 0x20, 0x40, 0x02, 0x70, 0x60, 0x00, 0x20, 0xB0, 0x60, 0x30, 0x1C, 0xE9, 0xF7
	.byte 0xE7, 0xFB, 0xF0, 0x60, 0xB0, 0x60, 0x71, 0x68, 0x09, 0x1A, 0x71, 0x60, 0xAD, 0x20, 0x30, 0x75
	.byte 0x30, 0x20, 0x70, 0x83, 0x02, 0x20, 0x30, 0x86, 0x00, 0x21, 0x15, 0x48, 0x81, 0x46, 0x00, 0x78
	.byte 0x1B, 0x28, 0x00, 0xD1, 0x01, 0x21, 0x3D, 0x1C, 0xC0, 0x35, 0x29, 0x70, 0x39, 0x1C, 0xC2, 0x31
	.byte 0x01, 0x20, 0x08, 0x70, 0x01, 0x39, 0x00, 0x20, 0x08, 0x70, 0x3C, 0x1C, 0xD8, 0x34, 0x20, 0x1C
	.byte 0x01, 0x21, 0x0A, 0xF7, 0x5F, 0xFB, 0x0B, 0x49, 0x20, 0x1C, 0x3A, 0x1C, 0x0A, 0xF7, 0x32, 0xFB
	.byte 0xC4, 0x21, 0xC9, 0x19, 0x88, 0x46, 0x40, 0x46, 0x02, 0x21, 0x0A, 0xF7, 0x53, 0xFB, 0x4A, 0x46
	.byte 0x10, 0x78, 0x1A, 0x28, 0x08, 0xDC, 0x18, 0x28, 0x68, 0xDA, 0x17, 0x28, 0x28, 0xD0, 0x65, 0xE0
	.byte 0x90, 0xC5, 0x03, 0x02, 0xDC, 0x6E, 0xEF, 0x09, 0x1B, 0x28, 0x5F, 0xD1, 0x39, 0x1C, 0xBC, 0x31
	.byte 0x0A, 0x48, 0x08, 0x60, 0xD0, 0x20, 0xC0, 0x00, 0x09, 0x49, 0x0C, 0xF7, 0x85, 0xF8, 0x39, 0x1C
	.byte 0xB4, 0x31, 0x08, 0x60, 0x07, 0x48, 0x20, 0x21, 0x0C, 0xF7, 0x0C, 0xF9, 0x39, 0x1C, 0xB8, 0x31
	.byte 0x08, 0x60, 0x3C, 0x1C, 0x9C, 0x34, 0x04, 0x49, 0x04, 0x4A, 0x20, 0xE0, 0xED, 0x65, 0x0F, 0x08
	.byte 0x0A, 0xE9, 0x37, 0x09, 0x38, 0x83, 0x61, 0x09, 0xD8, 0x04, 0xEF, 0x09, 0xD4, 0x04, 0xEF, 0x09
	.byte 0x39, 0x1C, 0xBC, 0x31, 0x17, 0x48, 0x08, 0x60, 0xC8, 0x20, 0x80, 0x00, 0x16, 0x49, 0x0C, 0xF7
	.byte 0x63, 0xF8, 0x39, 0x1C, 0xB4, 0x31, 0x08, 0x60, 0x14, 0x48, 0x20, 0x21, 0x0C, 0xF7, 0xEA, 0xF8
	.byte 0x39, 0x1C, 0xB8, 0x31, 0x08, 0x60, 0x3C, 0x1C, 0x9C, 0x34, 0x11, 0x49, 0x11, 0x4A, 0x20, 0x1C
	.byte 0x0F, 0xF7, 0x8A, 0xF8, 0x20, 0x1C, 0x00, 0x21, 0x01, 0x22, 0x0F, 0xF7, 0xA3, 0xF8, 0x5C, 0x3C
	.byte 0x20, 0x1C, 0x04, 0x21, 0x10, 0x22, 0x30, 0x23, 0x1B, 0xF7, 0x20, 0xFD, 0x31, 0x68, 0x72, 0x68
	.byte 0xB3, 0x68, 0x20, 0x1C, 0x1B, 0xF7, 0x56, 0xFD, 0x07, 0x49, 0x40, 0x46, 0x3A, 0x1C, 0x0A, 0xF7
	.byte 0xC9, 0xFA, 0x37, 0xE0, 0x69, 0x66, 0x0F, 0x08, 0x4A, 0x04, 0x38, 0x09, 0x38, 0x83, 0x61, 0x09
	.byte 0x10, 0x05, 0xEF, 0x09, 0xFC, 0x04, 0xEF, 0x09, 0x90, 0xAF, 0xED, 0x09, 0x39, 0x1C, 0xBC, 0x31
	.byte 0x00, 0x20, 0x08, 0x60, 0xC0, 0x20, 0x80, 0x00, 0x18, 0x49, 0x0C, 0xF7, 0x25, 0xF8, 0x39, 0x1C
	.byte 0xB4, 0x31, 0x08, 0x60, 0x16, 0x48, 0x20, 0x21, 0x0C, 0xF7, 0xAC, 0xF8, 0x39, 0x1C, 0xB8, 0x31
	.byte 0x08, 0x60, 0x3C, 0x1C, 0x9C, 0x34, 0x13, 0x49, 0x13, 0x4A, 0x20, 0x1C, 0x0F, 0xF7, 0x4C, 0xF8
	.byte 0x20, 0x1C, 0x01, 0x21, 0x01, 0x22, 0x0F, 0xF7, 0x65, 0xF8, 0x5C, 0x3C, 0x20, 0x1C, 0x04, 0x21
	.byte 0x24, 0x22, 0x30, 0x23, 0x1B, 0xF7, 0xE2, 0xFC, 0x31, 0x68, 0x72, 0x68, 0xB3, 0x68, 0x20, 0x1C
	.byte 0x1B, 0xF7, 0x18, 0xFD, 0x28, 0x78, 0x00, 0x28, 0x02, 0xD0, 0x30, 0x1C, 0x1B, 0xF7, 0x6A, 0xFC
	.byte 0x18, 0xBC, 0x98, 0x46, 0xA1, 0x46, 0xF0, 0xBC, 0x01, 0xBC, 0x00, 0x47, 0x82, 0xD2, 0x38, 0x09
	.byte 0x38, 0x83, 0x61, 0x09, 0x28, 0x06, 0xEF, 0x09, 0x0C, 0x06, 0xEF, 0x09, 0x10, 0xB5, 0x04, 0x1C
	.byte 0xE9, 0xF7, 0x36, 0xFD, 0x00, 0x06, 0x00, 0x28, 0x04, 0xD0, 0x21, 0x1C, 0xC2, 0x31, 0x00, 0x20
	.byte 0x08, 0x70, 0x1D, 0xE0, 0x21, 0x1C, 0xC2, 0x31, 0x01, 0x20, 0x08, 0x70, 0x20, 0x1C, 0xE9, 0xF7
	.byte 0x3F, 0xFD, 0x21, 0x1C, 0xC1, 0x31, 0x08, 0x70, 0x20, 0x1C, 0xC4, 0x30, 0x0A, 0xF7, 0xAA, 0xFA
	.byte 0x20, 0x1C, 0xD8, 0x30, 0x0A, 0xF7, 0xA6, 0xFA, 0x20, 0x1C, 0x9C, 0x30, 0x0F, 0xF7, 0x82, 0xF8
	.byte 0x20, 0x1C, 0xBC, 0x30, 0x01, 0x68, 0x00, 0x29, 0x02, 0xD0, 0x20, 0x1C, 0x26, 0xF0, 0x22, 0xFE
	.byte 0x01, 0x20, 0x10, 0xBC, 0x02, 0xBC, 0x08, 0x47, 0xF0, 0xB5, 0x84, 0xB0, 0x07, 0x1C, 0xC2, 0x30
	.byte 0x00, 0x78, 0x00, 0x28, 0x42, 0xD0, 0x3E, 0x68, 0x36, 0x12, 0x22, 0x48, 0x02, 0x68, 0x10, 0x68
	.byte 0x00, 0x12, 0x36, 0x1A, 0x36, 0x04, 0x36, 0x0C, 0x79, 0x68, 0x09, 0x12, 0xBC, 0x68, 0x24, 0x12
	.byte 0x0C, 0x19, 0x50, 0x68, 0x00, 0x12, 0x24, 0x1A, 0x24, 0x04, 0x24, 0x0C, 0x89, 0x00, 0x1A, 0x48
	.byte 0x05, 0x1C, 0x6D, 0x1A, 0x2D, 0x04, 0x2D, 0x0C, 0x38, 0x1C, 0x9C, 0x30, 0x0F, 0xF7, 0x9E, 0xF8
	.byte 0x02, 0x1C, 0x36, 0x04, 0x36, 0x14, 0x24, 0x04, 0x24, 0x14, 0x38, 0x1C, 0xB4, 0x30, 0x03, 0x68
	.byte 0x04, 0x30, 0x00, 0x68, 0x00, 0x90, 0x00, 0x20, 0x01, 0x90, 0x80, 0x20, 0x00, 0x01, 0x02, 0x90
	.byte 0x03, 0x95, 0x30, 0x1C, 0x21, 0x1C, 0x0B, 0xF7, 0xFB, 0xFC, 0xF8, 0x68, 0xF8, 0x63, 0x01, 0x35
	.byte 0x7D, 0x87, 0x38, 0x1C, 0xC4, 0x30, 0x0A, 0xF7, 0x73, 0xFA, 0x38, 0x1C, 0xC1, 0x30, 0x00, 0x78
	.byte 0x00, 0x28, 0x03, 0xD0, 0x38, 0x1C, 0xD8, 0x30, 0x0A, 0xF7, 0x6A, 0xFA, 0x04, 0xB0, 0xF0, 0xBC
	.byte 0x01, 0xBC, 0x00, 0x47, 0xA0, 0x9B, 0x03, 0x02, 0xFC, 0xEF, 0xFF, 0xFF, 0x10, 0xB5, 0x04, 0x1C
	.byte 0xB4, 0x30, 0x00, 0x68, 0x0B, 0xF7, 0x4C, 0xFF, 0x20, 0x1C, 0xB8, 0x30, 0x00, 0x68, 0x0C, 0xF7
	.byte 0xEF, 0xF8, 0x20, 0x1C, 0x40, 0x30, 0x1B, 0xF7, 0x65, 0xFC, 0x20, 0x1C, 0xC0, 0x30, 0x00, 0x78
	.byte 0x00, 0x28, 0x02, 0xD0, 0x20, 0x1C, 0x1B, 0xF7, 0xD9, 0xFB, 0x20, 0x1C, 0xC4, 0x30, 0x0A, 0xF7
	.byte 0x5D, 0xFA, 0x20, 0x1C, 0xD8, 0x30, 0x0A, 0xF7, 0x59, 0xFA, 0x10, 0xBC, 0x01, 0xBC, 0x00, 0x47
	.byte 0x10, 0xB5, 0x04, 0x1C, 0xC0, 0x30, 0x00, 0x78, 0x00, 0x28, 0x30, 0xD0, 0x0A, 0xF7, 0x90, 0xFC
	.byte 0x01, 0x21, 0x01, 0x40, 0x00, 0x29, 0x2A, 0xD0, 0x0A, 0x48, 0x02, 0x68, 0x10, 0x6F, 0x80, 0x21
	.byte 0x49, 0x01, 0x08, 0x43, 0x10, 0x67, 0x08, 0x48, 0x00, 0x78, 0x16, 0x28, 0x0E, 0xD0, 0x16, 0x28
	.byte 0x13, 0xDC, 0x14, 0x28, 0x11, 0xD1, 0x20, 0x1C, 0xC4, 0x30, 0x00, 0x21, 0x3F, 0x22, 0xAD, 0xF7
	.byte 0x3D, 0xFB, 0x10, 0xE0, 0xA0, 0x9B, 0x03, 0x02, 0x90, 0xC5, 0x03, 0x02, 0x20, 0x1C, 0xC4, 0x30
	.byte 0x00, 0x21, 0x3D, 0x22, 0xAD, 0xF7, 0x32, 0xFB, 0x05, 0xE0, 0x20, 0x1C, 0xC4, 0x30, 0x00, 0x21
	.byte 0x3E, 0x22, 0xAD, 0xF7, 0x2B, 0xFB, 0x21, 0x1C, 0xBC, 0x31, 0x02, 0x48, 0x08, 0x60, 0x10, 0xBC
	.byte 0x01, 0xBC, 0x00, 0x47, 0xD9, 0x6A, 0x0F, 0x08, 0x10, 0xB5, 0x04, 0x1C, 0xAD, 0xF7, 0xF4, 0xFB
	.byte 0x00, 0x06, 0x00, 0x28, 0x09, 0xD1, 0x06, 0x48, 0x02, 0x68, 0x10, 0x6F, 0x05, 0x49, 0x08, 0x40
	.byte 0x10, 0x67, 0x21, 0x1C, 0xBC, 0x31, 0x04, 0x48, 0x08, 0x60, 0x10, 0xBC, 0x01, 0xBC, 0x00, 0x47
	.byte 0xA0, 0x9B, 0x03, 0x02, 0xFF, 0xEF, 0xFF, 0xFF, 0x61, 0x6A, 0x0F, 0x08, 0x70, 0xB5, 0x06, 0x1C
	.byte 0xE4, 0x20, 0x40, 0x02, 0x30, 0x60, 0xE0, 0x20, 0x00, 0x02, 0x70, 0x60, 0x32, 0x1C, 0xC2, 0x32
	.byte 0x00, 0x25, 0x00, 0x21, 0x2E, 0x48, 0x10, 0x80, 0xB1, 0x60, 0x30, 0x1C, 0xE9, 0xF7, 0x00, 0xFA
	.byte 0xF0, 0x60, 0xB0, 0x60, 0x71, 0x68, 0x09, 0x1A, 0x71, 0x60, 0xAD, 0x20, 0x30, 0x75, 0x30, 0x20
	.byte 0x70, 0x83, 0x02, 0x20, 0x30, 0x86, 0x31, 0x1C, 0xC1, 0x31, 0x01, 0x20, 0x08, 0x70, 0x05, 0x39
	.byte 0x24, 0x48, 0x08, 0x60, 0xC0, 0x20, 0x80, 0x00, 0x23, 0x49, 0x0B, 0xF7, 0xCD, 0xFE, 0x31, 0x1C
	.byte 0xB4, 0x31, 0x08, 0x60, 0x21, 0x48, 0x20, 0x21, 0x0B, 0xF7, 0x54, 0xFF, 0x31, 0x1C, 0xB8, 0x31
	.byte 0x08, 0x60, 0x34, 0x1C, 0x9C, 0x34, 0x1E, 0x49, 0x1E, 0x4A, 0x20, 0x1C, 0x0E, 0xF7, 0xF4, 0xFE
	.byte 0x20, 0x1C, 0x00, 0x21, 0x01, 0x22, 0x0E, 0xF7, 0x0D, 0xFF, 0x5C, 0x3C, 0x20, 0x1C, 0x04, 0x21
	.byte 0x10, 0x22, 0x30, 0x23, 0x1B, 0xF7, 0x8A, 0xFB, 0x31, 0x68, 0x72, 0x68, 0xB3, 0x68, 0x20, 0x1C
	.byte 0x1B, 0xF7, 0xC0, 0xFB, 0x30, 0x1C, 0x1B, 0xF7, 0x15, 0xFB, 0x84, 0x34, 0x20, 0x1C, 0x02, 0x21
	.byte 0x0A, 0xF7, 0x58, 0xF9, 0x10, 0x49, 0x20, 0x1C, 0x32, 0x1C, 0x0A, 0xF7, 0x2B, 0xF9, 0x30, 0x1C
	.byte 0xC0, 0x30, 0x05, 0x70, 0x14, 0x34, 0x20, 0x1C, 0x01, 0x21, 0x0A, 0xF7, 0x4B, 0xF9, 0x0B, 0x49
	.byte 0x20, 0x1C, 0x32, 0x1C, 0x0A, 0xF7, 0x1E, 0xF9, 0x70, 0xBC, 0x01, 0xBC, 0x00, 0x47, 0x00, 0x00
	.byte 0x01, 0x08, 0x00, 0x00, 0x61, 0x6A, 0x0F, 0x08, 0x10, 0x5E, 0x3A, 0x09, 0xF8, 0x83, 0x61, 0x09
	.byte 0x24, 0x08, 0xEF, 0x09, 0x20, 0x08, 0xEF, 0x09, 0x90, 0xAF, 0xED, 0x09, 0xDC, 0x6E, 0xEF, 0x09
	.byte 0x10, 0xB5, 0x04, 0x1C, 0xE9, 0xF7, 0xC4, 0xFB, 0x00, 0x06, 0x00, 0x28, 0x04, 0xD0, 0x21, 0x1C
	.byte 0xC1, 0x31, 0x00, 0x20, 0x08, 0x70, 0x1D, 0xE0, 0x21, 0x1C, 0xC1, 0x31, 0x01, 0x20, 0x08, 0x70
	.byte 0x20, 0x1C, 0xE9, 0xF7, 0xCD, 0xFB, 0x21, 0x1C, 0xC0, 0x31, 0x08, 0x70, 0x20, 0x1C, 0xC4, 0x30
	.byte 0x0A, 0xF7, 0x38, 0xF9, 0x20, 0x1C, 0xD8, 0x30, 0x0A, 0xF7, 0x34, 0xF9, 0x20, 0x1C, 0x9C, 0x30
	.byte 0x0E, 0xF7, 0x10, 0xFF, 0x20, 0x1C, 0xBC, 0x30, 0x01, 0x68, 0x00, 0x29, 0x02, 0xD0, 0x20, 0x1C
	.byte 0x26, 0xF0, 0xB0, 0xFC, 0x01, 0x20, 0x10, 0xBC, 0x02, 0xBC, 0x08, 0x47, 0xF0, 0xB5, 0x84, 0xB0
	.byte 0x07, 0x1C, 0xC1, 0x30, 0x00, 0x78, 0x00, 0x28, 0x43, 0xD0, 0x3E, 0x68, 0x36, 0x12, 0x23, 0x48
	.byte 0x02, 0x68, 0x10, 0x68, 0x00, 0x12, 0x36, 0x1A, 0x36, 0x04, 0x36, 0x0C, 0x79, 0x68, 0x09, 0x12
	.byte 0xBC, 0x68, 0x24, 0x12, 0x0C, 0x19, 0x50, 0x68, 0x00, 0x12, 0x24, 0x1A, 0x24, 0x04, 0x24, 0x0C
	.byte 0x89, 0x00, 0x1B, 0x48, 0x05, 0x1C, 0x6D, 0x1A, 0x2D, 0x04, 0x2D, 0x0C, 0x38, 0x1C, 0x9C, 0x30
	.byte 0x0E, 0xF7, 0x2C, 0xFF, 0x02, 0x1C, 0x36, 0x04, 0x36, 0x14, 0x24, 0x04, 0x24, 0x14, 0x38, 0x1C
	.byte 0xB4, 0x30, 0x03, 0x68, 0x04, 0x30, 0x00, 0x68, 0x00, 0x90, 0x00, 0x20, 0x01, 0x90, 0x38, 0x1C
	.byte 0xC2, 0x30, 0x00, 0x88, 0x02, 0x90, 0x03, 0x95, 0x30, 0x1C, 0x21, 0x1C, 0x0B, 0xF7, 0x88, 0xFB
	.byte 0xF8, 0x68, 0xF8, 0x63, 0x01, 0x35, 0x7D, 0x87, 0x38, 0x1C, 0xC4, 0x30, 0x0A, 0xF7, 0x00, 0xF9
	.byte 0x38, 0x1C, 0xC0, 0x30, 0x00, 0x78, 0x00, 0x28, 0x03, 0xD0, 0x38, 0x1C, 0xD8, 0x30, 0x0A, 0xF7
	.byte 0xF7, 0xF8, 0x04, 0xB0, 0xF0, 0xBC, 0x01, 0xBC, 0x00, 0x47, 0x00, 0x00, 0xA0, 0x9B, 0x03, 0x02
	.byte 0xFC, 0xEF, 0xFF, 0xFF, 0x10, 0xB5, 0x04, 0x1C, 0xB4, 0x30, 0x00, 0x68, 0x0B, 0xF7, 0xD8, 0xFD
	.byte 0x20, 0x1C, 0xB8, 0x30, 0x00, 0x68, 0x0B, 0xF7, 0x7B, 0xFF, 0x20, 0x1C, 0x40, 0x30, 0x1B, 0xF7
	.byte 0xF1, 0xFA, 0x20, 0x1C, 0x1B, 0xF7, 0x6A, 0xFA, 0x20, 0x1C, 0xC4, 0x30, 0x0A, 0xF7, 0xEE, 0xF8
	.byte 0x20, 0x1C, 0xD8, 0x30, 0x0A, 0xF7, 0xEA, 0xF8, 0x10, 0xBC, 0x01, 0xBC, 0x00, 0x47, 0x00, 0x00
	.byte 0x08, 0x48, 0x02, 0x68, 0x10, 0x6F, 0x80, 0x21, 0x08, 0x43, 0x10, 0x67, 0x06, 0x4A, 0x11, 0x68
	.byte 0x0A, 0x20, 0x88, 0x73, 0x12, 0x68, 0x10, 0x68, 0x04, 0x49, 0x08, 0x40, 0x02, 0x21, 0x08, 0x43
	.byte 0x10, 0x60, 0x70, 0x47, 0xA0, 0x9B, 0x03, 0x02, 0xAC, 0xC7, 0x03, 0x02, 0xFF, 0xBF, 0xFF, 0xFF
	.byte 0x70, 0xB5, 0x06, 0x1C, 0x18, 0x48, 0x04, 0x68, 0xA0, 0x6E, 0x00, 0x28, 0x28, 0xD1, 0x23, 0x6F
	.byte 0x80, 0x21, 0x89, 0x01, 0x18, 0x1C, 0x08, 0x40, 0x00, 0x28, 0x21, 0xD1, 0x13, 0x48, 0x05, 0x68
	.byte 0x2A, 0x68, 0x10, 0x1C, 0x08, 0x40, 0x00, 0x28, 0x1A, 0xD1, 0x11, 0x48, 0xBD, 0x21, 0x49, 0x00
	.byte 0x40, 0x18, 0x01, 0x88, 0x10, 0x20, 0x08, 0x40, 0x00, 0x28, 0x11, 0xD0, 0x80, 0x20, 0xC0, 0x01
	.byte 0x02, 0x43, 0x2A, 0x60, 0x80, 0x20, 0x40, 0x01, 0x03, 0x43, 0x23, 0x67, 0x30, 0x1C, 0xC8, 0x30
	.byte 0x00, 0x21, 0x6A, 0x22, 0xAD, 0xF7, 0xAA, 0xF9, 0x31, 0x1C, 0xC4, 0x31, 0x05, 0x48, 0x08, 0x60
	.byte 0x70, 0xBC, 0x01, 0xBC, 0x00, 0x47, 0x00, 0x00, 0xA0, 0x9B, 0x03, 0x02, 0xAC, 0xC7, 0x03, 0x02
	.byte 0xB0, 0x9B, 0x03, 0x02, 0xE9, 0x6D, 0x0F, 0x08, 0x30, 0xB5, 0x05, 0x1C, 0xAD, 0xF7, 0x6C, 0xFA
	.byte 0x00, 0x06, 0x04, 0x0E, 0x00, 0x2C, 0x50, 0xD1, 0x29, 0x1D, 0x28, 0x1C, 0xEE, 0xF7, 0xAA, 0xFA
	.byte 0xAC, 0x60, 0x28, 0x1C, 0xE9, 0xF7, 0x94, 0xF8, 0xE8, 0x60, 0x69, 0x68, 0x09, 0x1A, 0x69, 0x60
	.byte 0x23, 0x49, 0x40, 0x18, 0xA8, 0x60, 0x18, 0x20, 0x68, 0x83, 0x02, 0x20, 0x28, 0x61, 0x80, 0x20
	.byte 0xC0, 0x00, 0x20, 0x49, 0x0B, 0xF7, 0x68, 0xFD, 0x29, 0x1C, 0xB4, 0x31, 0x08, 0x60, 0x1E, 0x48
	.byte 0x20, 0x21, 0x0B, 0xF7, 0xEF, 0xFD, 0x29, 0x1C, 0xB8, 0x31, 0x08, 0x60, 0x2C, 0x1C, 0x9C, 0x34
	.byte 0x1A, 0x49, 0x1B, 0x4A, 0x20, 0x1C, 0x0E, 0xF7, 0x8F, 0xFD, 0x20, 0x1C, 0x00, 0x21, 0x01, 0x22
	.byte 0x0E, 0xF7, 0xA8, 0xFD, 0x20, 0x1C, 0x0E, 0xF7, 0x51, 0xFE, 0x29, 0x1C, 0xBC, 0x31, 0x08, 0x60
	.byte 0x5C, 0x3C, 0x20, 0x1C, 0x06, 0x21, 0x0C, 0x22, 0x18, 0x23, 0x1B, 0xF7, 0x1F, 0xFA, 0x29, 0x68
	.byte 0x6A, 0x68, 0xAB, 0x68, 0x20, 0x1C, 0x1B, 0xF7, 0x55, 0xFA, 0x28, 0x1C, 0xC1, 0x30, 0x01, 0x24
	.byte 0x04, 0x70, 0x1B, 0x30, 0x0B, 0x49, 0x2A, 0x1C, 0x09, 0xF7, 0xC4, 0xFF, 0x28, 0x1C, 0xC0, 0x30
	.byte 0x04, 0x70, 0x29, 0x1C, 0xC4, 0x31, 0x08, 0x48, 0x08, 0x60, 0x30, 0xBC, 0x01, 0xBC, 0x00, 0x47
	.byte 0x00, 0x60, 0xFF, 0xFF, 0x3C, 0x8B, 0x85, 0x09, 0xE4, 0x12, 0x99, 0x09, 0x60, 0x84, 0xEF, 0x09
	.byte 0x24, 0x84, 0xEF, 0x09, 0x90, 0xAF, 0xED, 0x09, 0xBD, 0x6E, 0x0F, 0x08, 0x30, 0xB5, 0x04, 0x1C
	.byte 0x25, 0x1C, 0x20, 0x69, 0x38, 0x30, 0x20, 0x61, 0xA1, 0x68, 0x09, 0x18, 0xA1, 0x60, 0xE0, 0x68
	.byte 0x81, 0x42, 0x12, 0xDD, 0x0E, 0x48, 0x02, 0x68, 0x10, 0x6F, 0x0E, 0x49, 0x08, 0x40, 0x10, 0x67
	.byte 0xD7, 0x20, 0x28, 0xF0, 0xC5, 0xFF, 0xE0, 0x68, 0xA0, 0x60, 0x00, 0x20, 0x20, 0x61, 0x21, 0x1C
	.byte 0xC1, 0x31, 0x08, 0x70, 0x03, 0x31, 0x08, 0x48, 0x08, 0x60, 0x28, 0x1C, 0x40, 0x30, 0x29, 0x68
	.byte 0x6A, 0x68, 0xAB, 0x68, 0x1B, 0xF7, 0x0E, 0xFA, 0x30, 0xBC, 0x01, 0xBC, 0x00, 0x47, 0x00, 0x00
	.byte 0xA0, 0x9B, 0x03, 0x02, 0xFF, 0xEF, 0xFF, 0xFF, 0x1D, 0x6F, 0x0F, 0x08, 0x10, 0xB5, 0x04, 0x1C
	.byte 0x08, 0x21, 0x08, 0x22, 0xE9, 0xF7, 0xDC, 0xF9, 0x00, 0x06, 0x00, 0x28, 0x24, 0xD0, 0x90, 0x20
	.byte 0x28, 0xF0, 0x9E, 0xFF, 0x12, 0x48, 0x00, 0x68, 0x78, 0x30, 0x12, 0x49, 0x22, 0x1C, 0x09, 0xF7
	.byte 0x69, 0xFF, 0x11, 0x48, 0x02, 0x68, 0x10, 0x68, 0x21, 0x21, 0x49, 0x42, 0x08, 0x40, 0x10, 0x60
	.byte 0x21, 0x68, 0x62, 0x68, 0xA3, 0x68, 0x00, 0x20, 0xF2, 0xF7, 0x2E, 0xF8, 0x20, 0x1C, 0x9C, 0x30
	.byte 0x01, 0x21, 0x00, 0x22, 0x0E, 0xF7, 0x1E, 0xFD, 0x21, 0x1C, 0xC4, 0x31, 0x07, 0x48, 0x08, 0x60
	.byte 0x20, 0x1C, 0x40, 0x30, 0x1B, 0xF7, 0xC6, 0xF9, 0x10, 0xBC, 0x01, 0xBC, 0x00, 0x47, 0x00, 0x00
	.byte 0xA0, 0x9B, 0x03, 0x02, 0xC4, 0x6E, 0xEF, 0x09, 0xAC, 0xC7, 0x03, 0x02, 0x91, 0x6F, 0x0F, 0x08
	.byte 0x30, 0xB5, 0x04, 0x1C, 0x25, 0x1C, 0x9C, 0x35, 0x28, 0x1C, 0x0E, 0xF7, 0xBF, 0xFD, 0x00, 0x06
	.byte 0x00, 0x28, 0x05, 0xD0, 0x21, 0x1C, 0xC4, 0x31, 0x00, 0x48, 0x06, 0xE0, 0xC5, 0x6F, 0x0F, 0x08
	.byte 0x28, 0x1C, 0x0E, 0xF7, 0x57, 0xFD, 0x21, 0x1C, 0xBC, 0x31, 0x08, 0x60, 0x30, 0xBC, 0x01, 0xBC
	.byte 0x00, 0x47, 0x00, 0x00, 0x10, 0xB5, 0x04, 0x1C, 0x12, 0x48, 0x00, 0x68, 0x00, 0x68, 0x10, 0x21
	.byte 0x08, 0x40, 0x00, 0x28, 0x1A, 0xD1, 0x10, 0x48, 0xBD, 0x21, 0x49, 0x00, 0x42, 0x18, 0x11, 0x88
	.byte 0x80, 0x23, 0x9B, 0x01, 0x18, 0x1C, 0x08, 0x43, 0x10, 0x80, 0x0C, 0x48, 0x02, 0x68, 0x10, 0x6F
	.byte 0x80, 0x21, 0x49, 0x01, 0x08, 0x43, 0x10, 0x67, 0x20, 0x1C, 0xC8, 0x30, 0x00, 0x21, 0x6B, 0x22
	.byte 0xAD, 0xF7, 0x8C, 0xF8, 0x21, 0x1C, 0xC4, 0x31, 0x05, 0x48, 0x08, 0x60, 0x10, 0xBC, 0x01, 0xBC
	.byte 0x00, 0x47, 0x00, 0x00, 0xAC, 0xC7, 0x03, 0x02, 0xB0, 0x9B, 0x03, 0x02, 0xA0, 0x9B, 0x03, 0x02
	.byte 0x25, 0x70, 0x0F, 0x08, 0x30, 0xB5, 0x05, 0x1C, 0xAD, 0xF7, 0x4E, 0xF9, 0x00, 0x06, 0x04, 0x0E
	.byte 0x00, 0x2C, 0x4F, 0xD1, 0x29, 0x1D, 0x28, 0x1C, 0xEE, 0xF7, 0x8C, 0xF9, 0xAC, 0x60, 0x28, 0x1C
	.byte 0xE8, 0xF7, 0x76, 0xFF, 0xE8, 0x60, 0x69, 0x68, 0x09, 0x1A, 0x69, 0x60, 0xA8, 0x60, 0x10, 0x20
	.byte 0x68, 0x83, 0x00, 0x22, 0x21, 0x48, 0x00, 0x68, 0x81, 0x69, 0x28, 0x68, 0x81, 0x42, 0x00, 0xDD
	.byte 0x01, 0x22, 0x28, 0x1C, 0xC2, 0x30, 0x02, 0x70, 0x80, 0x20, 0xC0, 0x00, 0x1C, 0x49, 0x0B, 0xF7
	.byte 0x43, 0xFC, 0x29, 0x1C, 0xB4, 0x31, 0x08, 0x60, 0x1A, 0x48, 0x20, 0x21, 0x0B, 0xF7, 0xCA, 0xFC
	.byte 0x29, 0x1C, 0xB8, 0x31, 0x08, 0x60, 0x2C, 0x1C, 0x9C, 0x34, 0x17, 0x49, 0x17, 0x4A, 0x20, 0x1C
	.byte 0x0E, 0xF7, 0x6A, 0xFC, 0x20, 0x1C, 0x00, 0x21, 0x01, 0x22, 0x0E, 0xF7, 0x83, 0xFC, 0x20, 0x1C
	.byte 0x0E, 0xF7, 0x2C, 0xFD, 0x29, 0x1C, 0xBC, 0x31, 0x08, 0x60, 0x5C, 0x3C, 0x20, 0x1C, 0x03, 0x21
	.byte 0x08, 0x22, 0x10, 0x23, 0x1B, 0xF7, 0xFA, 0xF8, 0x29, 0x68, 0x6A, 0x68, 0xAB, 0x68, 0x20, 0x1C
	.byte 0x1B, 0xF7, 0x30, 0xF9, 0x20, 0x1C, 0x01, 0x21, 0x1B, 0xF7, 0xA4, 0xFA, 0x29, 0x1C, 0xC4, 0x31
	.byte 0x07, 0x48, 0x08, 0x60, 0x30, 0xBC, 0x01, 0xBC, 0x00, 0x47, 0x00, 0x00, 0xA0, 0x9B, 0x03, 0x02
	.byte 0xCC, 0xEE, 0x95, 0x08, 0xA4, 0x97, 0xF6, 0x08, 0x40, 0xF9, 0xED, 0x09, 0x14, 0xF9, 0xED, 0x09
	.byte 0xF5, 0x70, 0x0F, 0x08, 0x30, 0xB5, 0x81, 0xB0, 0x05, 0x1C, 0x2C, 0x1C, 0x9C, 0x34, 0x20, 0x1C
	.byte 0x0E, 0xF7, 0x0C, 0xFD, 0x00, 0x06, 0x00, 0x28, 0x20, 0xD0, 0x0C, 0x4B, 0x0C, 0x48, 0x00, 0x90
	.byte 0x20, 0x1C, 0x00, 0x21, 0x01, 0x22, 0x0E, 0xF7, 0x2D, 0xFC, 0x28, 0x1C, 0xB4, 0x30, 0x00, 0x68
	.byte 0x08, 0x49, 0x0B, 0xF7, 0x75, 0xFC, 0x28, 0x1C, 0xC8, 0x30, 0x00, 0x21, 0x6C, 0x22, 0xAC, 0xF7
	.byte 0xF5, 0xFF, 0x29, 0x1C, 0xC4, 0x31, 0x04, 0x48, 0x0D, 0xE0, 0x00, 0x00, 0x5C, 0xF8, 0xED, 0x09
	.byte 0x34, 0xF8, 0xED, 0x09, 0x90, 0x72, 0x95, 0x08, 0x61, 0x71, 0x0F, 0x08, 0x20, 0x1C, 0x0E, 0xF7
	.byte 0x89, 0xFC, 0x29, 0x1C, 0xBC, 0x31, 0x08, 0x60, 0x01, 0xB0, 0x30, 0xBC, 0x01, 0xBC, 0x00, 0x47
	.byte 0x10, 0xB5, 0x04, 0x1C, 0x9C, 0x30, 0x0E, 0xF7, 0x7D, 0xFC, 0x21, 0x1C, 0xBC, 0x31, 0x08, 0x60
	.byte 0xAD, 0xF7, 0xAA, 0xF8, 0x00, 0x06, 0x00, 0x28, 0x0E, 0xD1, 0x09, 0x48, 0x02, 0x68, 0x10, 0x6F
	.byte 0x08, 0x49, 0x08, 0x40, 0x10, 0x67, 0x20, 0x1C, 0x40, 0x30, 0x00, 0x21, 0x1B, 0xF7, 0x42, 0xFA
	.byte 0x21, 0x1C, 0xC4, 0x31, 0x04, 0x48, 0x08, 0x60, 0x10, 0xBC, 0x01, 0xBC, 0x00, 0x47, 0x00, 0x00
	.byte 0xA0, 0x9B, 0x03, 0x02, 0xFF, 0xEF, 0xFF, 0xFF, 0xAD, 0x71, 0x0F, 0x08, 0x30, 0xB5, 0x81, 0xB0
	.byte 0x04, 0x1C, 0x25, 0x1C, 0x9C, 0x35, 0x28, 0x1C, 0x0E, 0xF7, 0x54, 0xFC, 0x21, 0x1C, 0xBC, 0x31
	.byte 0x08, 0x60, 0x20, 0x1C, 0x08, 0x21, 0x10, 0x22, 0xE9, 0xF7, 0x8A, 0xF8, 0x00, 0x06, 0x00, 0x28
	.byte 0x32, 0xD0, 0x12, 0x48, 0x02, 0x68, 0x10, 0x68, 0x80, 0x21, 0x08, 0x43, 0x04, 0x21, 0x08, 0x43
	.byte 0x10, 0x60, 0x0F, 0x48, 0x00, 0x68, 0x78, 0x30, 0x0E, 0x49, 0x22, 0x1C, 0x09, 0xF7, 0x12, 0xFE
	.byte 0x75, 0x20, 0x28, 0xF0, 0x3D, 0xFE, 0x0C, 0x4B, 0x0C, 0x48, 0x00, 0x90, 0x28, 0x1C, 0x00, 0x21
	.byte 0x01, 0x22, 0x0E, 0xF7, 0xB7, 0xFB, 0x20, 0x1C, 0xB4, 0x30, 0x00, 0x68, 0x08, 0x49, 0x0B, 0xF7
	.byte 0xFF, 0xFB, 0x21, 0x1C, 0xC4, 0x31, 0x07, 0x48, 0x08, 0x60, 0x2F, 0xE0, 0xAC, 0xC7, 0x03, 0x02
	.byte 0xA0, 0x9B, 0x03, 0x02, 0xC4, 0x6E, 0xEF, 0x09, 0xBC, 0xF9, 0xED, 0x09, 0xA8, 0xF9, 0xED, 0x09
	.byte 0xAC, 0x3B, 0x96, 0x08, 0x85, 0x72, 0x0F, 0x08, 0x20, 0x1C, 0x6C, 0x30, 0x00, 0x78, 0x00, 0x28
	.byte 0x1C, 0xD0, 0x09, 0x48, 0x00, 0x68, 0x00, 0x68, 0x04, 0x21, 0x08, 0x40, 0x00, 0x28, 0x0D, 0xD1
	.byte 0x60, 0x6F, 0x01, 0x28, 0x0A, 0xD1, 0x20, 0x1C, 0x40, 0x30, 0x01, 0x21, 0x1B, 0xF7, 0xDA, 0xF9
	.byte 0xFF, 0xF7, 0x6E, 0xFD, 0x0A, 0xE0, 0x00, 0x00, 0xAC, 0xC7, 0x03, 0x02, 0x20, 0x68, 0xA1, 0x6F
	.byte 0x40, 0x18, 0x20, 0x60, 0x60, 0x68, 0xE1, 0x6F, 0x40, 0x18, 0x60, 0x60, 0x01, 0xB0, 0x30, 0xBC
	.byte 0x01, 0xBC, 0x00, 0x47, 0x30, 0xB5, 0x04, 0x1C, 0x25, 0x1C, 0x9C, 0x35, 0x28, 0x1C, 0x0E, 0xF7
	.byte 0x45, 0xFC, 0x00, 0x06, 0x00, 0x28, 0x0F, 0xD0, 0x20, 0x1C, 0x40, 0x30, 0x01, 0x21, 0x1B, 0xF7
	.byte 0xB9, 0xF9, 0x04, 0x4A, 0x90, 0x68, 0x04, 0x21, 0x08, 0x43, 0x90, 0x60, 0xFF, 0xF7, 0x48, 0xFD
	.byte 0x08, 0xE0, 0x00, 0x00, 0xB0, 0x9B, 0x03, 0x02, 0x28, 0x1C, 0x0E, 0xF7, 0xD3, 0xFB, 0x21, 0x1C
	.byte 0xBC, 0x31, 0x08, 0x60, 0x30, 0xBC, 0x01, 0xBC, 0x00, 0x47, 0x00, 0x00, 0x30, 0xB5, 0x04, 0x1C
	.byte 0xC8, 0x30, 0x01, 0x21, 0x09, 0xF7, 0xC6, 0xFD, 0x25, 0x1C, 0xDC, 0x35, 0x28, 0x1C, 0x01, 0x21
	.byte 0x09, 0xF7, 0xC0, 0xFD, 0x11, 0x48, 0x02, 0x68, 0x10, 0x68, 0x20, 0x21, 0x08, 0x43, 0x10, 0x60
	.byte 0x20, 0x1C, 0xB4, 0x30, 0x00, 0x21, 0x01, 0x60, 0x04, 0x30, 0x01, 0x60, 0x0A, 0x30, 0x01, 0x70
	.byte 0x0B, 0x48, 0xBD, 0x21, 0x49, 0x00, 0x40, 0x18, 0x01, 0x88, 0x80, 0x20, 0x80, 0x01, 0x08, 0x40
	.byte 0x00, 0x04, 0x01, 0x0C, 0x00, 0x29, 0x0F, 0xD1, 0x20, 0x1C, 0xC1, 0x30, 0x01, 0x70, 0x01, 0x38
	.byte 0x01, 0x70, 0x21, 0x1C, 0xC4, 0x31, 0x03, 0x48, 0x1B, 0xE0, 0x00, 0x00, 0xAC, 0xC7, 0x03, 0x02
	.byte 0xB0, 0x9B, 0x03, 0x02, 0x71, 0x6D, 0x0F, 0x08, 0x0C, 0x48, 0x02, 0x68, 0x10, 0x6F, 0x80, 0x21
	.byte 0x49, 0x01, 0x08, 0x43, 0x10, 0x67, 0x0A, 0x49, 0x28, 0x1C, 0x22, 0x1C, 0x09, 0xF7, 0x62, 0xFD
	.byte 0x20, 0x1C, 0xC0, 0x30, 0x01, 0x21, 0x01, 0x70, 0x01, 0x30, 0x01, 0x70, 0x21, 0x1C, 0xC4, 0x31
	.byte 0x04, 0x48, 0x08, 0x60, 0x30, 0xBC, 0x01, 0xBC, 0x00, 0x47, 0x00, 0x00, 0xA0, 0x9B, 0x03, 0x02
	.byte 0x90, 0xAF, 0xED, 0x09, 0x25, 0x70, 0x0F, 0x08, 0x30, 0xB5, 0x04, 0x1C, 0xC8, 0x30, 0x09, 0xF7
	.byte 0x91, 0xFD, 0x20, 0x1C, 0xDC, 0x30, 0x09, 0xF7, 0x8D, 0xFD, 0x25, 0x1C, 0xC4, 0x35, 0x29, 0x68
	.byte 0x00, 0x29, 0x07, 0xD0, 0x20, 0x1C, 0x26, 0xF0, 0x0D, 0xF9, 0x28, 0x68, 0x00, 0x28, 0x01, 0xD0
	.byte 0x01, 0x20, 0x00, 0xE0, 0x00, 0x20, 0x30, 0xBC, 0x02, 0xBC, 0x08, 0x47, 0xF0, 0xB5, 0x84, 0xB0
	.byte 0x05, 0x1C, 0xC8, 0x30, 0x09, 0xF7, 0x94, 0xFD, 0x28, 0x1C, 0xC0, 0x30, 0x00, 0x78, 0x00, 0x28
	.byte 0x41, 0xD0, 0x29, 0x68, 0x09, 0x12, 0x22, 0x48, 0x03, 0x68, 0x18, 0x68, 0x00, 0x12, 0x09, 0x1A
	.byte 0x09, 0x04, 0x0C, 0x0C, 0x6A, 0x68, 0x12, 0x12, 0xA8, 0x68, 0x00, 0x12, 0x10, 0x18, 0x59, 0x68
	.byte 0x09, 0x12, 0x40, 0x1A, 0x00, 0x04, 0x01, 0x0C, 0x92, 0x00, 0x1A, 0x4B, 0x18, 0x1C, 0x80, 0x1A
	.byte 0x00, 0x04, 0x07, 0x0C, 0x28, 0x1C, 0xC2, 0x30, 0x00, 0x78, 0x80, 0x26, 0x36, 0x01, 0x00, 0x28
	.byte 0x00, 0xD0, 0x01, 0x36, 0x20, 0x04, 0x00, 0x14, 0x09, 0x04, 0x09, 0x14, 0x2A, 0x1C, 0xBC, 0x32
	.byte 0x12, 0x68, 0x2B, 0x1C, 0xB4, 0x33, 0x1B, 0x68, 0x2C, 0x1C, 0xB8, 0x34, 0x24, 0x68, 0x00, 0x94
	.byte 0x00, 0x24, 0x01, 0x94, 0x02, 0x96, 0x03, 0x97, 0x0A, 0xF7, 0xDA, 0xFF, 0x28, 0x1C, 0xC1, 0x30
	.byte 0x00, 0x78, 0x00, 0x28, 0x07, 0xD0, 0xE8, 0x68, 0xE8, 0x63, 0x78, 0x1C, 0x68, 0x87, 0x28, 0x1C
	.byte 0xDC, 0x30, 0x09, 0xF7, 0x4D, 0xFD, 0x04, 0xB0, 0xF0, 0xBC, 0x01, 0xBC, 0x00, 0x47, 0x00, 0x00
	.byte 0xA0, 0x9B, 0x03, 0x02, 0xFC, 0xEF, 0xFF, 0xFF, 0x10, 0xB5, 0x04, 0x1C, 0xB4, 0x30, 0x00, 0x68
	.byte 0x00, 0x28, 0x06, 0xD0, 0x0B, 0xF7, 0x2C, 0xFA, 0x20, 0x1C, 0xB8, 0x30, 0x00, 0x68, 0x0B, 0xF7
	.byte 0xCF, 0xFB, 0x20, 0x1C, 0xC8, 0x30, 0x09, 0xF7, 0x49, 0xFD, 0x20, 0x1C, 0xDC, 0x30, 0x09, 0xF7
	.byte 0x45, 0xFD, 0x10, 0xBC, 0x01, 0xBC, 0x00, 0x47
	thumb_func_start func_080F7488
func_080F7488: @ 080F7488
	push {r4, r5, lr}
	adds r3, r0, #0x0
	adds r5, r1, #0x0
	ldr r0, _080F74BC @ =0x02039BA0
	ldr r4, [r0, #0x00]
	ldr r2, [r3, #0x00]
	ldr r1, [r4, #0x18]
	subs r0, r2, r1
	cmp r0, #0x00
	bge _080F749E
	subs r0, r1, r2
_080F749E:
	ldr r3, [r3, #0x04]
	ldr r2, [r4, #0x1C]
	subs r1, r3, r2
	cmp r1, #0x00
	bge _080F74AA
	subs r1, r2, r3
_080F74AA:
	movs r2, #0x80
	lsls r2, r2, #0x08
	cmp r0, r2
	bgt _080F74B6
	cmp r1, r2
	ble _080F74C0
_080F74B6:
	movs r0, #0x00
	b _080F74E0
	.byte 0x00, 0x00
_080F74BC: .4byte 0x02039BA0
_080F74C0:
	adds r2, r0, #0x0
	muls r2, r0
	adds r0, r2, #0x0
	asrs r0, r0, #0x08
	adds r2, r1, #0x0
	muls r2, r1
	adds r1, r2, #0x0
	asrs r1, r1, #0x08
	adds r0, r0, r1
	bl func_08003C9C
	movs r1, #0x00
	cmp r0, r5
	bge _080F74DE
	movs r1, #0x01
_080F74DE:
	adds r0, r1, #0x0
_080F74E0:
	pop {r4, r5}
	pop {r1}
	bx r1
	.byte 0x00, 0x00, 0x00, 0xB5, 0x80, 0x21, 0x09, 0x01, 0xFF, 0xF7, 0xCB, 0xFF, 0x00, 0x06, 0x00, 0x28
	.byte 0x1C, 0xD0, 0x07, 0x48, 0x00, 0x68, 0x01, 0x6A, 0x40, 0x6A, 0x81, 0x42, 0x16, 0xD1, 0x05, 0x48
	.byte 0x80, 0x79, 0xFE, 0x28, 0x0B, 0xD1, 0x04, 0x48, 0x02, 0x68, 0x10, 0x68, 0x80, 0x21, 0x49, 0x00
	.byte 0x0A, 0xE0, 0xA0, 0x9B, 0x03, 0x02, 0x90, 0xC5, 0x03, 0x02, 0xAC, 0xC7, 0x03, 0x02, 0x04, 0x48
	.byte 0x02, 0x68, 0x10, 0x68, 0x80, 0x21, 0xC9, 0x00, 0x08, 0x43, 0x10, 0x60, 0x01, 0xBC, 0x00, 0x47
	.byte 0x00, 0x00, 0xAC, 0xC7, 0x03, 0x02, 0x10, 0xB5, 0x80, 0x24, 0x24, 0x01, 0x21, 0x1C, 0xFF, 0xF7
	.byte 0xA0, 0xFF, 0x00, 0x06, 0x00, 0x28, 0x1D, 0xD0, 0x08, 0x48, 0x00, 0x68, 0x01, 0x6A, 0x40, 0x6A
	.byte 0x81, 0x42, 0x17, 0xD1, 0x06, 0x48, 0x80, 0x79, 0xFE, 0x28, 0x0C, 0xD1, 0x05, 0x48, 0x01, 0x68
	.byte 0x08, 0x68, 0x20, 0x43, 0x08, 0x60, 0x0D, 0xE0, 0x00, 0x00, 0xA0, 0x9B, 0x03, 0x02, 0x90, 0xC5
	.byte 0x03, 0x02, 0xAC, 0xC7, 0x03, 0x02, 0x04, 0x48, 0x02, 0x68, 0x10, 0x68, 0x80, 0x21, 0x89, 0x00
	.byte 0x08, 0x43, 0x10, 0x60, 0x10, 0xBC, 0x01, 0xBC, 0x00, 0x47, 0xAC, 0xC7, 0x03, 0x02, 0x10, 0xB5
	.byte 0x04, 0x1C, 0xC0, 0x21, 0x89, 0x01, 0xFF, 0xF7, 0x74, 0xFF, 0x00, 0x06, 0x00, 0x28, 0x15, 0xD0
	.byte 0x0C, 0x48, 0x02, 0x68, 0x10, 0x6F, 0x80, 0x21, 0x49, 0x01, 0x08, 0x43, 0x10, 0x67, 0x09, 0x48
	.byte 0x02, 0x68, 0x10, 0x68, 0x80, 0x21, 0xC9, 0x01, 0x08, 0x43, 0x10, 0x60, 0x20, 0x1C, 0x50, 0x30
	.byte 0x00, 0x21, 0xA7, 0x22, 0xAC, 0xF7, 0xA7, 0xFD, 0x04, 0x48, 0xE0, 0x64, 0x10, 0xBC, 0x01, 0xBC
	.byte 0x00, 0x47, 0xA0, 0x9B, 0x03, 0x02, 0xAC, 0xC7, 0x03, 0x02, 0xE5, 0x75, 0x0F, 0x08, 0x10, 0xB5
	.byte 0x04, 0x1C, 0xAC, 0xF7, 0x6E, 0xFE, 0x00, 0x06, 0x00, 0x28, 0x17, 0xD1, 0x0D, 0x48, 0x02, 0x68
	.byte 0x10, 0x6F, 0x0C, 0x49, 0x08, 0x40, 0x10, 0x67, 0x0C, 0x48, 0x02, 0x68, 0x10, 0x68, 0x0B, 0x49
	.byte 0x08, 0x40, 0x10, 0x60, 0x0B, 0x48, 0xBD, 0x21, 0x49, 0x00, 0x42, 0x18, 0x11, 0x88, 0x80, 0x23
	.byte 0xDB, 0x00, 0x18, 0x1C, 0x08, 0x43, 0x10, 0x80, 0x07, 0x48, 0xE0, 0x64, 0x10, 0xBC, 0x01, 0xBC
	.byte 0x00, 0x47, 0xA0, 0x9B, 0x03, 0x02, 0xFF, 0xEF, 0xFF, 0xFF, 0xAC, 0xC7, 0x03, 0x02, 0xFF, 0xBF
	.byte 0xFF, 0xFF, 0xB0, 0x9B, 0x03, 0x02, 0xE9, 0x74, 0x0F, 0x08, 0x30, 0xB5, 0x05, 0x1C, 0x08, 0x7D
	.byte 0x00, 0x24, 0x28, 0x75, 0x08, 0x68, 0x28, 0x60, 0x48, 0x68, 0xEC, 0x60, 0xAC, 0x60, 0x68, 0x60
	.byte 0x09, 0x48, 0x20, 0x21, 0x0B, 0xF7, 0xDB, 0xF9, 0x28, 0x64, 0x07, 0x48, 0xE0, 0x21, 0x0B, 0xF7
	.byte 0x1E, 0xF8, 0x68, 0x64, 0x28, 0x1C, 0x48, 0x30, 0x04, 0x70, 0x28, 0x7D, 0x2D, 0x28, 0x06, 0xD0
	.byte 0xAD, 0x28, 0x1E, 0xD0, 0x1F, 0xE0, 0xE4, 0x9B, 0xF6, 0x08, 0x00, 0xEA, 0xB1, 0x08, 0x07, 0x48
	.byte 0xBD, 0x21, 0x49, 0x00, 0x40, 0x18, 0x01, 0x88, 0x80, 0x20, 0xC0, 0x00, 0x08, 0x40, 0x00, 0x28
	.byte 0x0B, 0xD1, 0x03, 0x48, 0x80, 0x79, 0xFD, 0x28, 0x07, 0xD1, 0x02, 0x48, 0x0A, 0xE0, 0xB0, 0x9B
	.byte 0x03, 0x02, 0x90, 0xC5, 0x03, 0x02, 0x95, 0x75, 0x0F, 0x08, 0x00, 0x48, 0x02, 0xE0, 0xE9, 0x74
	.byte 0x0F, 0x08, 0x04, 0x48, 0xE8, 0x64, 0x28, 0x1C, 0x50, 0x30, 0x01, 0x21, 0x09, 0xF7, 0xCF, 0xFB
	.byte 0x30, 0xBC, 0x01, 0xBC, 0x00, 0x47, 0x3D, 0x75, 0x0F, 0x08, 0x10, 0xB5, 0x04, 0x1C, 0x50, 0x30
	.byte 0x09, 0xF7, 0xE5, 0xFB, 0xE1, 0x6C, 0x00, 0x29, 0x02, 0xD0, 0x20, 0x1C, 0x25, 0xF0, 0x67, 0xFF
	.byte 0x01, 0x20, 0x10, 0xBC, 0x02, 0xBC, 0x08, 0x47, 0x00, 0x00, 0x10, 0xB5, 0x84, 0xB0, 0x04, 0x1C
	.byte 0x50, 0x30, 0x09, 0xF7, 0xF2, 0xFB, 0x20, 0x1C, 0x48, 0x30, 0x00, 0x78, 0x01, 0x28, 0x1F, 0xD1
	.byte 0x20, 0x68, 0x00, 0x12, 0x11, 0x49, 0x0B, 0x68, 0x19, 0x68, 0x09, 0x12, 0x40, 0x1A, 0x61, 0x68
	.byte 0x09, 0x12, 0xA2, 0x68, 0x12, 0x12, 0x89, 0x18, 0x5A, 0x68, 0x12, 0x12, 0x89, 0x1A, 0x00, 0x04
	.byte 0x00, 0x14, 0x09, 0x04, 0x09, 0x14, 0x09, 0x4A, 0x63, 0x6C, 0x24, 0x6C, 0x00, 0x94, 0x00, 0x24
	.byte 0x01, 0x94, 0x80, 0x24, 0x24, 0x01, 0x02, 0x94, 0x06, 0x4C, 0x03, 0x94, 0x0A, 0xF7, 0x4D, 0xFE
	.byte 0x04, 0xB0, 0x10, 0xBC, 0x01, 0xBC, 0x00, 0x47, 0x00, 0x00, 0xA0, 0x9B, 0x03, 0x02, 0xA6, 0xE9
	.byte 0xB1, 0x08, 0x01, 0x01, 0x00, 0x00, 0x10, 0xB5, 0x04, 0x1C, 0x60, 0x6C, 0x0B, 0xF7, 0xAD, 0xF8
	.byte 0x20, 0x6C, 0x0B, 0xF7, 0x52, 0xFA, 0x50, 0x34, 0x20, 0x1C, 0x09, 0xF7, 0xCC, 0xFB, 0x10, 0xBC
	.byte 0x01, 0xBC, 0x00, 0x47, 0x00, 0x00, 0x10, 0xB5, 0x04, 0x1C, 0x21, 0x60, 0x0C, 0x49, 0x80, 0x20
	.byte 0x0B, 0xF7, 0xB7, 0xF8, 0xE0, 0x61, 0x0A, 0x48, 0x20, 0x21, 0x0B, 0xF7, 0x40, 0xF9, 0x20, 0x62
	.byte 0x04, 0x34, 0x08, 0x49, 0x09, 0x4A, 0x20, 0x1C, 0x0E, 0xF7, 0xE3, 0xF8, 0x20, 0x1C, 0x00, 0x21
	.byte 0x01, 0x22, 0x0E, 0xF7, 0xFC, 0xF8, 0x10, 0xBC, 0x01, 0xBC, 0x00, 0x47, 0x00, 0x00, 0xCE, 0x1A
	.byte 0xB2, 0x08, 0xE4, 0x9B, 0xF6, 0x08, 0xE4, 0x12, 0xEE, 0x09, 0xD4, 0x12, 0xEE, 0x09, 0x00, 0xB5
	.byte 0x04, 0x30, 0x0E, 0xF7, 0x4C, 0xF9, 0x01, 0x20, 0x02, 0xBC, 0x08, 0x47, 0x00, 0x00, 0x70, 0xB5
	.byte 0x46, 0x46, 0x40, 0xB4, 0x84, 0xB0, 0x80, 0x46, 0x40, 0xC8, 0x35, 0x68, 0x2D, 0x12, 0x1C, 0x49
	.byte 0x0B, 0x68, 0x19, 0x68, 0x09, 0x12, 0x6D, 0x1A, 0x2D, 0x04, 0x2D, 0x0C, 0x74, 0x68, 0x24, 0x12
	.byte 0x1A, 0x21, 0x72, 0x5E, 0x08, 0x32, 0x12, 0x02, 0xB1, 0x68, 0x89, 0x1A, 0x09, 0x12, 0x64, 0x18
	.byte 0x59, 0x68, 0x09, 0x12, 0x64, 0x1A, 0x24, 0x04, 0x24, 0x0C, 0x0E, 0xF7, 0x74, 0xF9, 0x02, 0x1C
	.byte 0x2D, 0x04, 0x2D, 0x14, 0x24, 0x04, 0x24, 0x14, 0x40, 0x46, 0xC3, 0x69, 0x00, 0x6A, 0x00, 0x90
	.byte 0x00, 0x20, 0x01, 0x90, 0x80, 0x20, 0x00, 0x01, 0x02, 0x90, 0x71, 0x68, 0x09, 0x12, 0x89, 0x00
	.byte 0x09, 0x4E, 0x30, 0x1C, 0x40, 0x1A, 0x00, 0x04, 0x00, 0x0C, 0x03, 0x90, 0x28, 0x1C, 0x21, 0x1C
	.byte 0x0A, 0xF7, 0xCB, 0xFD, 0x04, 0xB0, 0x08, 0xBC, 0x98, 0x46, 0x70, 0xBC, 0x01, 0xBC, 0x00, 0x47
	.byte 0x00, 0x00, 0xA0, 0x9B, 0x03, 0x02, 0xFB, 0xEF, 0xFF, 0xFF, 0x10, 0xB5, 0x04, 0x1C, 0xE0, 0x69
	.byte 0x0B, 0xF7, 0x2B, 0xF8, 0x20, 0x6A, 0x0B, 0xF7, 0xD0, 0xF9, 0x10, 0xBC, 0x01, 0xBC, 0x00, 0x47
	.byte 0x00, 0x00, 0x30, 0xB5, 0x04, 0x1C, 0x00, 0x25, 0x25, 0x72, 0x07, 0x48, 0x20, 0x21, 0x0B, 0xF7
	.byte 0xC6, 0xF8, 0x20, 0x60, 0x06, 0x48, 0xE0, 0x21, 0x0A, 0xF7, 0x09, 0xFF, 0x60, 0x60, 0x65, 0x81
	.byte 0x01, 0x20, 0x60, 0x72, 0x30, 0xBC, 0x01, 0xBC, 0x00, 0x47, 0xE4, 0x9B, 0xF6, 0x08, 0x00, 0xEA
	.byte 0xB1, 0x08, 0x02, 0x1C, 0x50, 0x7A, 0x00, 0x28, 0x01, 0xD1, 0x10, 0x72, 0x16, 0xE0, 0x0C, 0x48
	.byte 0x01, 0x68, 0x08, 0x1C, 0x20, 0x30, 0x00, 0x78, 0x00, 0x28, 0x04, 0xD1, 0x08, 0x68, 0x04, 0x21
	.byte 0x08, 0x40, 0x00, 0x28, 0x01, 0xD0, 0x14, 0x20, 0x50, 0x81, 0x53, 0x89, 0x19, 0x1C, 0x48, 0x42
	.byte 0xC0, 0x0F, 0x10, 0x72, 0x00, 0x29, 0x01, 0xD0, 0x58, 0x1E, 0x50, 0x81, 0x01, 0x20, 0x70, 0x47
	.byte 0x00, 0x00, 0xAC, 0xC7, 0x03, 0x02, 0xF0, 0xB5, 0x57, 0x46, 0x4E, 0x46, 0x45, 0x46, 0xE0, 0xB4
	.byte 0x84, 0xB0, 0x07, 0x1C, 0x38, 0x7A, 0x00, 0x28, 0x00, 0xD1, 0xB1, 0xE0, 0x5D, 0x48, 0x02, 0x68
	.byte 0x50, 0x6A, 0x5C, 0x4B, 0xC0, 0x18, 0x00, 0x12, 0x5C, 0x49, 0x8A, 0x46, 0x0C, 0x68, 0x21, 0x68
	.byte 0x09, 0x12, 0x40, 0x1A, 0x91, 0x6A, 0xC9, 0x18, 0x09, 0x12, 0xD2, 0x6A, 0x12, 0x12, 0x89, 0x18
	.byte 0x62, 0x68, 0x12, 0x12, 0x89, 0x1A, 0x00, 0x04, 0x00, 0x14, 0x09, 0x04, 0x09, 0x14, 0x53, 0x4A
	.byte 0x7B, 0x68, 0x3C, 0x68, 0x00, 0x94, 0x00, 0x24, 0xA1, 0x46, 0x01, 0x94, 0x80, 0x24, 0x24, 0x01
	.byte 0xA0, 0x46, 0x02, 0x94, 0x4F, 0x4E, 0x03, 0x96, 0x0A, 0xF7, 0x47, 0xFD, 0x49, 0x48, 0x02, 0x68
	.byte 0x50, 0x6A, 0xA0, 0x25, 0x6D, 0x01, 0x40, 0x19, 0x00, 0x12, 0x51, 0x46, 0x0B, 0x68, 0x19, 0x68
	.byte 0x09, 0x12, 0x40, 0x1A, 0x91, 0x6A, 0x43, 0x4C, 0x09, 0x19, 0x09, 0x12, 0xD2, 0x6A, 0x12, 0x12
	.byte 0x89, 0x18, 0x5A, 0x68, 0x12, 0x12, 0x89, 0x1A, 0x00, 0x04, 0x00, 0x14, 0x09, 0x04, 0x09, 0x14
	.byte 0x41, 0x4A, 0x7B, 0x68, 0x3C, 0x68, 0x00, 0x94, 0x4C, 0x46, 0x01, 0x94, 0x44, 0x46, 0x02, 0x94
	.byte 0x03, 0x96, 0x0A, 0xF7, 0x22, 0xFD, 0x36, 0x48, 0x02, 0x68, 0x50, 0x6A, 0x36, 0x49, 0x40, 0x18
	.byte 0x00, 0x12, 0x54, 0x46, 0x23, 0x68, 0x19, 0x68, 0x09, 0x12, 0x40, 0x1A, 0x91, 0x6A, 0x49, 0x19
	.byte 0x09, 0x12, 0xD2, 0x6A, 0x12, 0x12, 0x89, 0x18, 0x5A, 0x68, 0x12, 0x12, 0x89, 0x1A, 0x00, 0x04
	.byte 0x00, 0x14, 0x09, 0x04, 0x09, 0x14, 0x30, 0x4A, 0x7B, 0x68, 0x3C, 0x68, 0x00, 0x94, 0x4C, 0x46
	.byte 0x01, 0x94, 0x44, 0x46, 0x02, 0x94, 0x03, 0x96, 0x0A, 0xF7, 0xFF, 0xFC, 0x25, 0x48, 0x02, 0x68
	.byte 0x50, 0x6A, 0x40, 0x19, 0x00, 0x12, 0x51, 0x46, 0x0B, 0x68, 0x19, 0x68, 0x09, 0x12, 0x40, 0x1A
	.byte 0x91, 0x6A, 0x49, 0x19, 0x09, 0x12, 0xD2, 0x6A, 0x12, 0x12, 0x89, 0x18, 0x5A, 0x68, 0x12, 0x12
	.byte 0x89, 0x1A, 0x00, 0x04, 0x00, 0x14, 0x09, 0x04, 0x09, 0x14, 0x20, 0x4A, 0x7B, 0x68, 0x3C, 0x68
	.byte 0x00, 0x94, 0x4C, 0x46, 0x01, 0x94, 0x44, 0x46, 0x02, 0x94, 0x03, 0x96, 0x0A, 0xF7, 0xDD, 0xFC
	.byte 0x14, 0x48, 0x02, 0x68, 0x50, 0x6A, 0x00, 0x12, 0x51, 0x46, 0x0B, 0x68, 0x19, 0x68, 0x09, 0x12
	.byte 0x40, 0x1A, 0x91, 0x6A, 0x09, 0x12, 0xD2, 0x6A, 0x12, 0x12, 0x89, 0x18, 0x5A, 0x68, 0x12, 0x12
	.byte 0x89, 0x1A, 0x00, 0x04, 0x00, 0x14, 0x09, 0x04, 0x09, 0x14, 0x11, 0x4A, 0x7B, 0x68, 0x3C, 0x68
	.byte 0x00, 0x94, 0x4C, 0x46, 0x01, 0x94, 0x44, 0x46, 0x02, 0x94, 0x03, 0x96, 0x0A, 0xF7, 0xBD, 0xFC
	.byte 0x04, 0xB0, 0x38, 0xBC, 0x98, 0x46, 0xA1, 0x46, 0xAA, 0x46, 0xF0, 0xBC, 0x01, 0xBC, 0x00, 0x47
	.byte 0x00, 0x00, 0xAC, 0xC7, 0x03, 0x02, 0x00, 0xEC, 0xFF, 0xFF, 0xA0, 0x9B, 0x03, 0x02, 0x74, 0xE9
	.byte 0xB1, 0x08, 0x01, 0x01, 0x00, 0x00, 0x7E, 0xE9, 0xB1, 0x08, 0x92, 0xE9, 0xB1, 0x08, 0x88, 0xE9
	.byte 0xB1, 0x08, 0xA6, 0xE9, 0xB1, 0x08, 0x10, 0xB5, 0x04, 0x1C, 0x60, 0x68, 0x0A, 0xF7, 0x0D, 0xFF
	.byte 0x20, 0x68, 0x0B, 0xF7, 0xB2, 0xF8, 0x10, 0xBC, 0x01, 0xBC, 0x00, 0x47, 0x00, 0x00, 0x03, 0x4A
	.byte 0x90, 0x68, 0x08, 0x21, 0x08, 0x40, 0x00, 0x28, 0x05, 0xD1, 0x01, 0x48, 0x04, 0xE0, 0xB0, 0x9B
	.byte 0x03, 0x02, 0xCC, 0x6F, 0xEF, 0x09, 0x03, 0x48, 0x0E, 0x21, 0x51, 0x56, 0x89, 0x00, 0x09, 0x18
	.byte 0x08, 0x68, 0x70, 0x47, 0x00, 0x00, 0x00, 0x70, 0xEF, 0x09, 0x30, 0xB5, 0x04, 0x1C, 0x1B, 0x48
	.byte 0x02, 0x68, 0x10, 0x6F, 0x80, 0x21, 0x49, 0x01, 0x08, 0x43, 0x80, 0x21, 0x08, 0x43, 0x10, 0x67
	.byte 0x18, 0x48, 0x80, 0x21, 0x09, 0x01, 0x0A, 0xF7, 0xD2, 0xFD, 0x20, 0x60, 0x16, 0x48, 0x20, 0x21
	.byte 0x0A, 0xF7, 0x85, 0xFF, 0x60, 0x60, 0x14, 0x48, 0x00, 0x68, 0xA0, 0x60, 0x78, 0x20, 0xE0, 0x81
	.byte 0x25, 0x1C, 0x18, 0x35, 0x28, 0x1C, 0x28, 0x21, 0x6D, 0xF7, 0xD5, 0xFF, 0x01, 0x20, 0x6E, 0xF7
	.byte 0xA0, 0xFC, 0x60, 0x61, 0xFF, 0xF7, 0xC3, 0xFF, 0x29, 0x1C, 0x6E, 0xF7, 0x1C, 0xF8, 0x20, 0x74
	.byte 0x21, 0x7C, 0x28, 0x1C, 0x6D, 0xF7, 0xE5, 0xFF, 0x00, 0x04, 0x00, 0x14, 0xF0, 0x21, 0x09, 0x1A
	.byte 0xC8, 0x0F, 0x09, 0x18, 0x49, 0x10, 0xA1, 0x81, 0x30, 0xBC, 0x01, 0xBC, 0x00, 0x47, 0xA0, 0x9B
	.byte 0x03, 0x02, 0x64, 0xAF, 0x93, 0x09, 0xC4, 0x10, 0x99, 0x09, 0xA4, 0x8D, 0xEF, 0x09, 0x01, 0x1C
	.byte 0xC8, 0x89, 0x00, 0x28, 0x01, 0xD1, 0x00, 0x20, 0x02, 0xE0, 0x01, 0x38, 0xC8, 0x81, 0x01, 0x20
	.byte 0x70, 0x47, 0x10, 0xB5, 0x84, 0xB0, 0x04, 0x1C, 0xA2, 0x68, 0x23, 0x68, 0x60, 0x68, 0x00, 0x90
	.byte 0x00, 0x20, 0x01, 0x90, 0x02, 0x90, 0x3C, 0x20, 0x03, 0x90, 0x78, 0x20, 0x8A, 0x21, 0x0A, 0xF7
	.byte 0x24, 0xFC, 0x0C, 0x21, 0x60, 0x5E, 0x22, 0x1C, 0x18, 0x32, 0x63, 0x69, 0x32, 0x21, 0x00, 0x91
	.byte 0x21, 0x7C, 0x01, 0x91, 0x85, 0x21, 0x6E, 0xF7, 0x94, 0xFC, 0x04, 0xB0, 0x10, 0xBC, 0x01, 0xBC
	.byte 0x00, 0x47, 0x10, 0xB5, 0x04, 0x1C, 0x60, 0x68, 0x0B, 0xF7, 0x27, 0xF8, 0x20, 0x68, 0x0A, 0xF7
	.byte 0x7C, 0xFE, 0x60, 0x69, 0x0B, 0xF7, 0x21, 0xF8, 0x18, 0x34, 0x20, 0x1C, 0x28, 0x21, 0x6D, 0xF7
	.byte 0x84, 0xFF, 0x05, 0x48, 0x02, 0x68, 0x10, 0x6F, 0x81, 0x21, 0x49, 0x42, 0x08, 0x40, 0x03, 0x49
	.byte 0x08, 0x40, 0x10, 0x67, 0x10, 0xBC, 0x01, 0xBC, 0x00, 0x47, 0xA0, 0x9B, 0x03, 0x02, 0xFF, 0xEF
	.byte 0xFF, 0xFF
